"autor","autorId","autorUrl","comentario","likes","publicado_em","atualizado_em","canReply","isPublic","totalReplyCount","replyCount","replies","video_id","video_titulo","ordenacao_comentario","ordenacao_comentario_nome"
"@ellenlima3303","UC51Oe_C709iXXAbzspeouDA","http://www.youtube.com/@ellenlima3303","Eu estava no dia da tragédia tinha apenas 9 anos e estudava no 3º andar onde ele morreu na escada que dava acesso para minha sala. Esse dia me trás marcas até hoje mesmo depois de 11 anos, me lembro de todos os detalhes desde a minha chegada na escola até o momento que que cheguei em casa e recebi a notícia que tinha perdido uma amiga. As pessoas não sabem o quanto é doloroso relembrar todos os dias essa tragédia tive que fazer tratamento psicológico por anos para conseguir amenizar toda tortura psicológica que eu tinha.","266","2022-12-15T16:25:08Z","2022-12-15T16:25:08Z","True","True","9","5","[{'autor': '@tatianesena5831', 'comentario': 'Que Deus cure suas feridas', 'likes': 13, 'publicado_em': '2023-01-04T01:28:41Z'}, {'autor': '@romarioeinstein', 'comentario': '\u200b@LucasGomes-xo3td calma man', 'likes': 4, 'publicado_em': '2023-01-31T03:56:59Z'}, {'autor': '@Smzumm', 'comentario': '@LucasGomes-xo3td mano calma porra fds aqui não e lugar de criancinha não porra fds pra tu geração z desfodaci olha coisa triste da história dela aí vem um demete e fala fds vai pro inferno', 'likes': 0, 'publicado_em': '2023-02-08T17:04:21Z'}, {'autor': '@idiotteen3324', 'comentario': '\u200b@romarioeinsteinmeu pai foi decapitado hoje', 'likes': 2, 'publicado_em': '2023-10-01T00:01:39Z'}, {'autor': '@miriellev8457', 'comentario': 'Mimimi', 'likes': 0, 'publicado_em': '2023-11-13T21:30:34Z'}]","DnENpC6UBpw","CASO O MASSACRE DE REALENGO","1","Mais novos"
"@Betegms","UC65eBr_yN_ioakxpk8jLiKw","http://www.youtube.com/@Betegms","Sou mãe de um sobrevivente,um garotinho que na época tinha 10 anos e teve transtorno pós traumático,ele matou o psique de centenas de crianças.
Ele tirou vidas,ele tirou a paz de um bairro e prejudicar psicologicamente as crianças presentes.
Vivemos um filme de terror!
Nada justifica tamanha crueldade,seguimos tentando superar.","905","2021-06-06T16:03:15Z","2021-06-06T16:03:15Z","True","True","21","5","[{'autor': '@ZECAURUBULULA', 'comentario': '@Mateus  ainnn pai para estou impaquitada', 'likes': 5, 'publicado_em': '2021-09-03T22:33:54Z'}, {'autor': '@thaissouza5986', 'comentario': '@ZECAURUBULULA Para de ser sem noção! O cara era adulto, sofria bullying quando ele ainda estudava. Nada justifica ele ter feito isso com pessoas aleatórias, crianças que nao tiveram nada haver com o que ele passou e mesmo que fosse, nada justifica! Vidas importam!', 'likes': 127, 'publicado_em': '2021-09-12T03:15:25Z'}, {'autor': '@Nico-nf9lj', 'comentario': '@ZECAURUBULULA ele matou os que faziam bullying com ele?, os caras que fizeram bullying com ele estavam lá? Ent isso n justifica nada! Ele matou inocentes!', 'likes': 81, 'publicado_em': '2021-10-02T03:00:07Z'}, {'autor': '@amaterashe', 'comentario': '@ZECAURUBULULA só fala merda eim porra', 'likes': 2, 'publicado_em': '2021-11-03T15:37:34Z'}, {'autor': '@manuzinha1092', 'comentario': 'como ele tá agora?', 'likes': 5, 'publicado_em': '2021-12-01T09:10:17Z'}]","DnENpC6UBpw","CASO O MASSACRE DE REALENGO","1","Mais novos"
"@kaede_24","UCn7Up2UA4G5CAXDsUjATBXg","http://www.youtube.com/@kaede_24","*Aluno sofre Bullying*
Escola: Dboa.
*Aluno vai sem uniforme*
Escola: SUSPENSÃO, REPROVADO, EXPULSO!!!!!!","6256","2020-12-21T05:53:51Z","2020-12-21T05:55:14Z","True","True","45","5","[{'autor': '@tiagoantimaconaria2022', 'comentario': 'Kkkkk vdd', 'likes': 51, 'publicado_em': '2020-12-28T14:54:38Z'}, {'autor': '@tey3833', 'comentario': 'Mano, teve um dia que fui sem o tênis do colégio pq tinha quebrado o dedo mindinho. Os fi de rapariga mandou eu voltar e colocar os tênis. Mainha me tirou da escola no mesmo dia!', 'likes': 162, 'publicado_em': '2021-01-15T05:25:34Z'}, {'autor': '@um_qualquer-0V', 'comentario': 'Em fim a hipocrisia', 'likes': 60, 'publicado_em': '2021-01-17T23:21:09Z'}, {'autor': '@tiagoantimaconaria2022', 'comentario': '@dnakjsbdbdvbsjshsbevdv oq vc quer mano? Eu nem fico mais em coisa de tcc', 'likes': 3, 'publicado_em': '2021-02-22T20:34:42Z'}, {'autor': '@tatakae711', 'comentario': '@tiagoantimaconaria2022 🤥', 'likes': 0, 'publicado_em': '2021-02-26T17:47:43Z'}]","DnENpC6UBpw","CASO O MASSACRE DE REALENGO","1","Mais novos"
"@bysanlim","UCdNs6J2BF_FOcUz-mcX0gmw","http://www.youtube.com/@bysanlim","O mais triste é ver gente passando pano no assassino por ele ter sofrido bullying e feito oque fez, meu que isso? Ninguém merece a morte","827","2020-12-04T13:11:07Z","2020-12-04T13:11:07Z","True","True","40","5","[{'autor': '@camiz.z', 'comentario': 'E ele ainda matou inocentes!', 'likes': 82, 'publicado_em': '2021-01-09T16:54:07Z'}, {'autor': '@naosei6029', 'comentario': 'Merece sim e fuedase', 'likes': 20, 'publicado_em': '2021-01-20T23:53:30Z'}, {'autor': '@nanizita', 'comentario': '@joselucas221 ele matou inocentes', 'likes': 41, 'publicado_em': '2021-01-25T20:34:40Z'}, {'autor': '@Hope-uw1vj', 'comentario': '@joselucas221 Seu burro, ele matou pessoas que não tinham NADA haver, os que faziam bullying com ele já estavam fora da escola, porra.', 'likes': 46, 'publicado_em': '2021-01-28T15:14:29Z'}, {'autor': '@dieneanjos3269', 'comentario': 'Verdade', 'likes': 3, 'publicado_em': '2021-02-01T21:59:50Z'}]","DnENpC6UBpw","CASO O MASSACRE DE REALENGO","1","Mais novos"
"@giovannamunier755","UCJK6yX_Fn_4qw0A9ZSQFGvQ","http://www.youtube.com/@giovannamunier755","Ele só matou inocentes, pq as pessoas que faziam bullying com ele nem estudavam mais lá","973","2020-11-14T15:57:37Z","2020-11-14T15:57:37Z","True","True","46","5","[{'autor': '@sosossauro', 'comentario': 'Sim, ele só matou por vingança porque não sei explicar ele tinha tanto ódio e como não tinha como reunir todos eles em um mesmo lugar matou inocentes', 'likes': 45, 'publicado_em': '2021-01-09T21:50:49Z'}, {'autor': '@kr0k0d1l4', 'comentario': 'NÃO INTERRESSA ELE LUTOU POR NOIS QUE SOFREMOS BULLYNG', 'likes': 8, 'publicado_em': '2021-01-10T16:49:02Z'}, {'autor': '@kr0k0d1l4', 'comentario': '@julinha5263 🤫 cala a boquinha QM não sofre BULLYNG não sabe como é não sabe como nos sentimos', 'likes': 8, 'publicado_em': '2021-01-10T16:58:34Z'}, {'autor': '@sosossauro', 'comentario': '@kr0k0d1l4 eu já sofri bullying e não justifica :)\nVocê é só um bosta que acha que violência serve pra tudo\nCala a boca que você fica melhor calado', 'likes': 80, 'publicado_em': '2021-01-10T18:27:00Z'}, {'autor': '@sosossauro', 'comentario': 'SUICIDA eu já desisti do canal filho não posto vídeo', 'likes': 1, 'publicado_em': '2021-01-10T19:06:04Z'}]","DnENpC6UBpw","CASO O MASSACRE DE REALENGO","1","Mais novos"
"@lilamorbrumzachlindo1524","UCIiOnapt8NIIL3_lRNvzsPg","http://www.youtube.com/@lilamorbrumzachlindo1524","Tem uma mãe de uma das meninas,  morta por ele, que está louca, anda pelas ruas com a foto da filha, e conta que desapareceu,  muito triste.","5053","2020-10-31T12:36:44Z","2020-10-31T12:36:44Z","True","True","99","5","[{'autor': '@saracoutinho3398', 'comentario': 'Nossa sério? Que triste :(', 'likes': 347, 'publicado_em': '2020-11-09T21:09:39Z'}, {'autor': '@lilamorbrumzachlindo1524', 'comentario': '@saracoutinho3398 triste demais,  é até difícil falar.', 'likes': 258, 'publicado_em': '2020-11-15T15:13:37Z'}, {'autor': '@tatybrito9083', 'comentario': 'Que Deus leve acalento para o coração dessa mãe 🥺', 'likes': 221, 'publicado_em': '2020-12-04T00:08:06Z'}, {'autor': '@imallergictostupidpeople3044', 'comentario': 'Ai gente isso é muito triste 😢😿...', 'likes': 128, 'publicado_em': '2020-12-10T20:04:21Z'}, {'autor': '@sheilaleoni5907', 'comentario': 'Ai mano, me doeu o coração de ler isso. 😢😢😢', 'likes': 94, 'publicado_em': '2020-12-10T23:05:30Z'}]","DnENpC6UBpw","CASO O MASSACRE DE REALENGO","1","Mais novos"
"@giihchan4934","UC0Wda7EI3xcK-lw4goUe0Hg","http://www.youtube.com/@giihchan4934","Eu vi e convivi com um garoto na minha sala que tinha intenções de cometer um massacre, era uma pessoa que nn tinha uma família estruturada,  sofria mto abuso psicológico dentro de casa e bullyng. Eu acabei virando amiga dele e ajudando ele, defendendo e tentando fazer ele entender que nada daquilo é pra sempre é a vida dele pode mudar. Hj ele tá formado , trabalha e é uma pessoa feliz. 
As vezes paro pra pensar, e se eu tivesse ignorado? Se eu nn fosse até ele dizer Oi?  Hj poderia estar morta por um crime que ele tinha REAL intenção de cometer.","8915","2020-06-21T01:20:54Z","2020-06-21T01:20:54Z","True","True","128","5","[{'autor': '@kj-hs4oh', 'comentario': 'meu deus....', 'likes': 346, 'publicado_em': '2020-07-11T22:46:31Z'}, {'autor': '@vitoriagabriela2042', 'comentario': 'Meu Deus, parabéns pela sua atitude poderia ter mais pessoas assim!! 👏', 'likes': 577, 'publicado_em': '2020-07-27T16:02:50Z'}, {'autor': '@madhatter3293', 'comentario': 'Parabéns poucos fazem isso 👍✌️', 'likes': 245, 'publicado_em': '2020-07-29T17:13:42Z'}, {'autor': '@heyloser8352', 'comentario': 'Parabéns por ter feito isso✊🏻', 'likes': 169, 'publicado_em': '2020-07-29T23:34:43Z'}, {'autor': '@giihchan4934', 'comentario': '@rom-428 queria q tivesse sido, NN se brinca com esse tipo de coisa, nunca', 'likes': 142, 'publicado_em': '2020-08-01T01:06:03Z'}]","DnENpC6UBpw","CASO O MASSACRE DE REALENGO","1","Mais novos"
"@fsunega","UCQxSifUCqB0pEHQ_KjCrw2g","http://www.youtube.com/@fsunega","Faz um vídeo sobre o massacre da escola de Suzano. Seu canal é muito bom. Seu trabalho de pesquisa criminal e impressionante. Parabéns.","6956","2020-05-28T22:45:21Z","2020-05-28T22:45:21Z","True","True","231","5","[{'autor': '@carlosandrade7994', 'comentario': 'Up', 'likes': 4, 'publicado_em': '2020-07-31T01:43:51Z'}, {'autor': '@joanampcosta', 'comentario': 'Up', 'likes': 2, 'publicado_em': '2020-08-02T15:10:08Z'}, {'autor': '@marialeopoldinadeaustria4769', 'comentario': 'Up', 'likes': 4, 'publicado_em': '2020-08-03T14:52:20Z'}, {'autor': '@emillygabrielly2268', 'comentario': 'Up', 'likes': 3, 'publicado_em': '2020-08-04T03:43:48Z'}, {'autor': '@milla0744', 'comentario': 'Up', 'likes': 2, 'publicado_em': '2020-08-04T16:22:27Z'}]","DnENpC6UBpw","CASO O MASSACRE DE REALENGO","1","Mais novos"
"@anacarolinaoliveira6233","UCgeOS8fzcOcO0n-feJP8wpg","http://www.youtube.com/@anacarolinaoliveira6233","eu moro em realengo e toda vez que passo em frente a essa escola sinto uma sensação horrível,pra quem não sabe,fizeram estátuas dos estudantes que faleceram em frente à escola","3974","2020-02-18T19:30:50Z","2020-02-18T19:33:49Z","True","True","74","5","[{'autor': '@lolomochi8186', 'comentario': 'Eu estudei lá em 2018, mas sai em pouco tempo depois pq me mudei', 'likes': 137, 'publicado_em': '2020-08-01T13:23:19Z'}, {'autor': '@samuelruanq10', 'comentario': '@lolomochi8186 amem', 'likes': 38, 'publicado_em': '2020-08-24T04:15:45Z'}, {'autor': '@brourj527', 'comentario': 'Q merda deve ser super pesado', 'likes': 135, 'publicado_em': '2020-09-04T07:11:57Z'}, {'autor': '@mrinsmpio8300', 'comentario': 'Oie, eu comecei a estudar lá esse ano, não tenho medo pq aquelas crianças são inocentes e lá está uma delas a Larissa, a avó dela era uma conhecida. Faleceu esse\nAno infelizmente.', 'likes': 97, 'publicado_em': '2020-09-21T03:57:52Z'}, {'autor': '@lilamorbrumzachlindo1524', 'comentario': 'Aquela praça é horrível, evito passar por ali.', 'likes': 44, 'publicado_em': '2020-10-31T12:31:30Z'}]","DnENpC6UBpw","CASO O MASSACRE DE REALENGO","1","Mais novos"
"@icezinha4142","UCDAn95fyDo_47H8hi7Ae0iA","http://www.youtube.com/@icezinha4142","Na minha escola, tinha um menino (Não vou falar o nome dele) que era bem quieto, uma vez eu caí na sala dele e todos zoavam ele, Até que uma vez eu tomei coragem e comecei a falar com ele, viramos amigos, mas Eu saí da escola, fiz aniversário, e chamei ele para a festa mas depois de 5 semanas do meu aniversário, ele se suicidou.
Fiquei realmente muito triste com isso, Até hoje me sinto uma amiga horrível, sinto que se tivesse na escola, eu poderia ter ajudado ele de alguma forma, para que ele tivesse vivo...🥺","4445","2020-02-16T23:53:10Z","2020-11-25T13:39:51Z","True","True","53","5","[{'autor': '@lukaspgk', 'comentario': 'Mais a tentativa foi boa', 'likes': 214, 'publicado_em': '2020-03-12T17:48:13Z'}, {'autor': '@rutynhasilva6129', 'comentario': 'Não se sinta culpada, vc tentou ajuda-lo🙏🏼', 'likes': 383, 'publicado_em': '2020-03-22T14:44:58Z'}, {'autor': '@luysatome264', 'comentario': 'Você fez sua parte, não se culpe, não tinha como você adivinhar que isso iria acontecer.', 'likes': 236, 'publicado_em': '2020-04-29T08:19:16Z'}, {'autor': '@amigosunidos7054', 'comentario': 'Nossa,que louco,mano,parece um menino da minha escola', 'likes': 25, 'publicado_em': '2020-05-07T18:52:12Z'}, {'autor': '@camilaarcos1682', 'comentario': '@amigosunidos7054 louco? Como assim? Vc não pode chamar de louco uma pessoa que comete suicídio! Vc não sabe oq as pessoas passam! Então aqui quem é louco é vc!', 'likes': 106, 'publicado_em': '2020-05-30T01:52:55Z'}]","DnENpC6UBpw","CASO O MASSACRE DE REALENGO","1","Mais novos"
"@josicquerozserafim7432","UCojOQh590cgEqWsRdTr0esw","http://www.youtube.com/@josicquerozserafim7432","Tbm fui muito zuado na escola. E tenho ódio disso até hj. Os professores e diretores não tomam atitude alguma, nem os pais.","2942","2019-12-11T14:33:19Z","2019-12-11T14:33:19Z","True","True","62","5","[{'autor': '@vib0ra359', 'comentario': 'Né oq', 'likes': 6, 'publicado_em': '2020-02-16T03:15:14Z'}, {'autor': '@AlexandreSilva-eq4ks', 'comentario': 'Amigo,sei como é ,já passei por isso mas violência nunca é a solução.A vida não é sò isso,o colegial foi um momento ,você ainda vai encontrar pessoas maravilhosas na sua vida', 'likes': 122, 'publicado_em': '2020-02-16T23:02:31Z'}, {'autor': '@meirecosta1', 'comentario': 'Gente foi um desabafo bem mais fácil desejar que ele cure suas feridas e crie algo que endose que o bullying é ruim e mata. Que vc receba luz na sua jornada e sua história seja feliz!', 'likes': 53, 'publicado_em': '2020-02-20T16:26:15Z'}, {'autor': '@thamisesmartinss', 'comentario': 'Macho Men vai se tratar criatura!', 'likes': 22, 'publicado_em': '2020-02-28T00:47:52Z'}, {'autor': '@dayanesantos85', 'comentario': '@josicquerozserafim7432 aconselho uma terapia \n\nPs:não estou buscando treta, eu realmente acho que uma terapia ajuda muito, tirar um ódio das costas é a melhor coisa que existe', 'likes': 55, 'publicado_em': '2020-04-18T23:36:37Z'}]","DnENpC6UBpw","CASO O MASSACRE DE REALENGO","1","Mais novos"
"@taissasantos718","UC97ETfxzhgNVfRNjblKCHxQ","http://www.youtube.com/@taissasantos718","""Nos meninos ele atirava nos braços e nas meninas...
~suspiro~
...ele atirava na cabeça"".","6364","2019-12-05T16:26:40Z","2019-12-05T16:26:40Z","True","True","177","5","[{'autor': '@neilabeatriz5295', 'comentario': 'Pesadíssimo...', 'likes': 794, 'publicado_em': '2020-01-30T20:54:45Z'}, {'autor': '@fromthearth', 'comentario': 'Maria Júlia Dos Reis Noronha ninguém ta falando que levar um tiro no braço é bom ou que não se sente dor. Mas ninguém morre na hora depois de tomar um tiro no braço', 'likes': 809, 'publicado_em': '2020-02-05T14:42:59Z'}, {'autor': '@rejanealveslinsmoura1410', 'comentario': '@mariajuliadosreisnoronha8526 nossa deve doer mais...\nIMAGINA NA CABEÇA?', 'likes': 304, 'publicado_em': '2020-02-05T21:09:31Z'}, {'autor': '@kaylaneas2', 'comentario': 'Notei a mesma coisa :(', 'likes': 92, 'publicado_em': '2020-02-07T06:21:17Z'}, {'autor': '@lui2196', 'comentario': '@rejanealveslinsmoura1410 na cabeça morre na hora', 'likes': 342, 'publicado_em': '2020-02-08T12:49:35Z'}]","DnENpC6UBpw","CASO O MASSACRE DE REALENGO","1","Mais novos"
"@nathzln","UCevWY9lNQ1EzHMYEStMKRVw","http://www.youtube.com/@nathzln","E quem diria que hoje, 13 de março aconteceu a mesma coisa na escola de Suzano, SP. 😪😔","3675","2019-03-13T23:07:36Z","2019-03-13T23:07:36Z","True","True","49","5","[{'autor': '@nina-yb8hq', 'comentario': 'pois é,muito triste ):', 'likes': 24, 'publicado_em': '2019-03-14T17:37:22Z'}, {'autor': '@Laraast', 'comentario': 'Muito triste', 'likes': 10, 'publicado_em': '2019-03-15T01:36:05Z'}, {'autor': '@jenyffercaroline7482', 'comentario': 'Muito triste', 'likes': 5, 'publicado_em': '2019-03-15T17:07:53Z'}, {'autor': '@elly5700', 'comentario': '@Nath Jogos tá bom todo mundo sabe disso', 'likes': 4, 'publicado_em': '2019-03-15T17:26:32Z'}, {'autor': '@mdckp5120', 'comentario': 'Shorei 😭😭😭😔', 'likes': 2, 'publicado_em': '2019-03-16T15:49:45Z'}]","DnENpC6UBpw","CASO O MASSACRE DE REALENGO","1","Mais novos"
"@titiafadinha6132","UCZuOKIZQXc5qSRdP3qUgojQ","http://www.youtube.com/@titiafadinha6132","""Quem bate esquece, mas quem apanha não"", fiquem com essa reflexão!","3336","2019-01-30T15:28:35Z","2019-01-30T15:28:35Z","True","True","35","5","[{'autor': '@allangabriel4409', 'comentario': 'Vc é inocente até que se prove ao contrário.', 'likes': 12, 'publicado_em': '2019-02-17T00:15:50Z'}, {'autor': '@pauliinha161', 'comentario': 'O problema é que pessoas inocentes morrem! O BRASIL pode ter seus problemas mais eu nunca vi país mais carinhoso,mais preocupado com questões socias,enfim.. um país que entre erros e acertos sempre tenta respeitar a personalidade de cada um!então tem alguma coisa de errado sim,mais não é assim q se resolve em um país que abraça todas a pessoas.', 'likes': 38, 'publicado_em': '2019-03-13T19:49:30Z'}, {'autor': '@umajovemcrista5340', 'comentario': '@pauliinha161 Que mundo cê tá meu amigo?', 'likes': 67, 'publicado_em': '2019-03-14T20:31:59Z'}, {'autor': '@leandropaes4957', 'comentario': 'Uma lei de retardado.\nMais sempre vai funcionar.\nSe liga valentões.', 'likes': 9, 'publicado_em': '2019-03-14T22:43:55Z'}, {'autor': '@lucassouza8573', 'comentario': 'Eu mataria só qm me fez mal', 'likes': 29, 'publicado_em': '2019-03-15T07:28:49Z'}]","DnENpC6UBpw","CASO O MASSACRE DE REALENGO","1","Mais novos"
"@m.passos3400","UC3-D0vNQzL_jQLDVHINtf9Q","http://www.youtube.com/@m.passos3400","O bullying que vc pratica com o coleguinha hj pode tirar a vida do seu filho amanhã. Nunca trate o bullying cm algo normal, apague qualquer vestígio e corte o mal pela raiz. Isso pode salvar muitas vidas!","6439","2019-01-29T13:04:15Z","2019-02-23T10:21:44Z","True","True","150","5","[{'autor': '@anakawaii4256', 'comentario': '👍👍👌👌', 'likes': 22, 'publicado_em': '2019-02-06T13:35:04Z'}, {'autor': '@bluetm7424', 'comentario': 'bullying*', 'likes': 21, 'publicado_em': '2019-02-07T06:54:49Z'}, {'autor': '@Patricia26713', 'comentario': 'Verdade', 'likes': 11, 'publicado_em': '2019-02-12T23:02:28Z'}, {'autor': '@dougrafael1986', 'comentario': 'Boa, continue passando pano pra assassino colocando na conta das vítimas.', 'likes': 218, 'publicado_em': '2019-02-14T17:00:33Z'}, {'autor': '@jacksonwww5', 'comentario': 'A culpa é tanto do assassino como do pessoal que cometeu bullying.', 'likes': 250, 'publicado_em': '2019-02-15T00:19:53Z'}]","DnENpC6UBpw","CASO O MASSACRE DE REALENGO","1","Mais novos"
"@imblink6724","UC0c0BecKoKB5JNKlPf3r_fw","http://www.youtube.com/@imblink6724","Sobre esse canal: Foi amor ao primeiro vídeo ❤","852","2019-01-22T22:13:55Z","2019-01-22T22:13:55Z","True","True","12","5","[{'autor': '@sweetdispostion_1222', 'comentario': 'gostei do icon <3', 'likes': 5, 'publicado_em': '2019-01-22T22:22:43Z'}, {'autor': '@imblink6724', 'comentario': '@sweetdispostion_1222 tbm gostei do seu 💙', 'likes': 4, 'publicado_em': '2019-01-22T22:24:43Z'}, {'autor': '@mayrlasampaio1224', 'comentario': 'Também ❤👏', 'likes': 2, 'publicado_em': '2019-01-22T22:44:59Z'}, {'autor': '@sweetdispostion_1222', 'comentario': '@imblink6724 💙', 'likes': 3, 'publicado_em': '2019-01-22T22:48:20Z'}, {'autor': '@rafaellsaraujo', 'comentario': 'pode crê', 'likes': 1, 'publicado_em': '2019-01-22T23:38:20Z'}]","DnENpC6UBpw","CASO O MASSACRE DE REALENGO","1","Mais novos"
"@rafaelalima5713","UCw0Qyji3iOZoPkEFt76673Q","http://www.youtube.com/@rafaelalima5713","Só eu que amei esse cenário??","1011","2019-01-22T22:08:12Z","2019-01-22T22:08:12Z","True","True","9","5","[{'autor': '@irenesantos8706', 'comentario': 'Eu também!', 'likes': 3, 'publicado_em': '2019-01-22T22:31:53Z'}, {'autor': '@biancarodrigues5147', 'comentario': 'Amei tanto e fiquei logo no IT haja', 'likes': 1, 'publicado_em': '2019-01-22T22:35:02Z'}, {'autor': '@hellysilva466', 'comentario': 'Bem organizado.amei', 'likes': 3, 'publicado_em': '2019-01-22T22:51:33Z'}, {'autor': '@m.barbosa__', 'comentario': 'Só você\nRainha Elizabeth \nDiferentona \nÚnica', 'likes': 3, 'publicado_em': '2019-01-22T23:11:17Z'}, {'autor': '@kassiaannysilvaaraujo6294', 'comentario': 'Tbm❤️', 'likes': 0, 'publicado_em': '2019-01-22T23:16:20Z'}]","DnENpC6UBpw","CASO O MASSACRE DE REALENGO","1","Mais novos"
"@samiracalixto8032","UCQb6Q5kjxQFw_6wfLR1U4nA","http://www.youtube.com/@samiracalixto8032","Jaque rainha do jornalismo criminal","875","2019-01-22T22:06:43Z","2019-01-22T22:06:43Z","True","True","0","0","[]","DnENpC6UBpw","CASO O MASSACRE DE REALENGO","1","Mais novos"
"@jooe2534","UC39w9t_1Y-DkWIeUSMz4i0Q","http://www.youtube.com/@jooe2534","Sei lá, o jeito que ela me prende no vídeo inteiro é diferente","215","2019-01-22T21:46:49Z","2019-01-22T21:46:49Z","True","True","1","1","[{'autor': '@mariaeduardap6247', 'comentario': 'Lee JooWon acho q é o sotaque dela kkk pelo menos cmg é', 'likes': 2, 'publicado_em': '2019-01-23T03:47:11Z'}]","DnENpC6UBpw","CASO O MASSACRE DE REALENGO","1","Mais novos"
"@leticianovais4741","UC_GWeFOIn76GVwaH8fgCDTw","http://www.youtube.com/@leticianovais4741","Jaqueline: a.
eu: isso mesmo, concordo plenamente, lindíssima, resolveu tudo. ❤","2637","2019-01-22T21:05:05Z","2019-01-22T21:05:05Z","True","True","18","5","[{'autor': '@puff3rf1shie', 'comentario': 'Army :3', 'likes': 11, 'publicado_em': '2019-01-22T21:14:42Z'}, {'autor': '@carolinal.araujo8399', 'comentario': 'Kkkkkkkkkk bem assim', 'likes': 4, 'publicado_em': '2019-01-22T21:22:45Z'}, {'autor': '@beatrizsader3658', 'comentario': 'Hahahahaahaha Muito bom !', 'likes': 3, 'publicado_em': '2019-01-22T21:27:59Z'}, {'autor': '@mon1maria', 'comentario': 'Kkkkkkkkkkkkk simmmmm', 'likes': 3, 'publicado_em': '2019-01-22T21:50:07Z'}, {'autor': '@leticianovais4741', 'comentario': '@puff3rf1shie izii. <3', 'likes': 4, 'publicado_em': '2019-01-22T22:17:51Z'}]","DnENpC6UBpw","CASO O MASSACRE DE REALENGO","1","Mais novos"
"@leticianovais4741","UC_GWeFOIn76GVwaH8fgCDTw","http://www.youtube.com/@leticianovais4741","Jaqueline: a.
eu: isso mesmo, concordo plenamente, lindíssima, resolveu tudo. ❤","2637","2019-01-22T21:05:05Z","2019-01-22T21:05:05Z","True","True","18","5","[{'autor': '@puff3rf1shie', 'comentario': 'Army :3', 'likes': 11, 'publicado_em': '2019-01-22T21:14:42Z'}, {'autor': '@carolinal.araujo8399', 'comentario': 'Kkkkkkkkkk bem assim', 'likes': 4, 'publicado_em': '2019-01-22T21:22:45Z'}, {'autor': '@beatrizsader3658', 'comentario': 'Hahahahaahaha Muito bom !', 'likes': 3, 'publicado_em': '2019-01-22T21:27:59Z'}, {'autor': '@mon1maria', 'comentario': 'Kkkkkkkkkkkkk simmmmm', 'likes': 3, 'publicado_em': '2019-01-22T21:50:07Z'}, {'autor': '@leticianovais4741', 'comentario': '@puff3rf1shie izii. <3', 'likes': 4, 'publicado_em': '2019-01-22T22:17:51Z'}]","DnENpC6UBpw","CASO O MASSACRE DE REALENGO","2","Mais antigos"
"@jooe2534","UC39w9t_1Y-DkWIeUSMz4i0Q","http://www.youtube.com/@jooe2534","Sei lá, o jeito que ela me prende no vídeo inteiro é diferente","215","2019-01-22T21:46:49Z","2019-01-22T21:46:49Z","True","True","1","1","[{'autor': '@mariaeduardap6247', 'comentario': 'Lee JooWon acho q é o sotaque dela kkk pelo menos cmg é', 'likes': 2, 'publicado_em': '2019-01-23T03:47:11Z'}]","DnENpC6UBpw","CASO O MASSACRE DE REALENGO","2","Mais antigos"
"@samiracalixto8032","UCQb6Q5kjxQFw_6wfLR1U4nA","http://www.youtube.com/@samiracalixto8032","Jaque rainha do jornalismo criminal","875","2019-01-22T22:06:43Z","2019-01-22T22:06:43Z","True","True","0","0","[]","DnENpC6UBpw","CASO O MASSACRE DE REALENGO","2","Mais antigos"
"@rafaelalima5713","UCw0Qyji3iOZoPkEFt76673Q","http://www.youtube.com/@rafaelalima5713","Só eu que amei esse cenário??","1011","2019-01-22T22:08:12Z","2019-01-22T22:08:12Z","True","True","9","5","[{'autor': '@irenesantos8706', 'comentario': 'Eu também!', 'likes': 3, 'publicado_em': '2019-01-22T22:31:53Z'}, {'autor': '@biancarodrigues5147', 'comentario': 'Amei tanto e fiquei logo no IT haja', 'likes': 1, 'publicado_em': '2019-01-22T22:35:02Z'}, {'autor': '@hellysilva466', 'comentario': 'Bem organizado.amei', 'likes': 3, 'publicado_em': '2019-01-22T22:51:33Z'}, {'autor': '@m.barbosa__', 'comentario': 'Só você\nRainha Elizabeth \nDiferentona \nÚnica', 'likes': 3, 'publicado_em': '2019-01-22T23:11:17Z'}, {'autor': '@kassiaannysilvaaraujo6294', 'comentario': 'Tbm❤️', 'likes': 0, 'publicado_em': '2019-01-22T23:16:20Z'}]","DnENpC6UBpw","CASO O MASSACRE DE REALENGO","2","Mais antigos"
"@imblink6724","UC0c0BecKoKB5JNKlPf3r_fw","http://www.youtube.com/@imblink6724","Sobre esse canal: Foi amor ao primeiro vídeo ❤","852","2019-01-22T22:13:55Z","2019-01-22T22:13:55Z","True","True","12","5","[{'autor': '@sweetdispostion_1222', 'comentario': 'gostei do icon <3', 'likes': 5, 'publicado_em': '2019-01-22T22:22:43Z'}, {'autor': '@imblink6724', 'comentario': '@sweetdispostion_1222 tbm gostei do seu 💙', 'likes': 4, 'publicado_em': '2019-01-22T22:24:43Z'}, {'autor': '@mayrlasampaio1224', 'comentario': 'Também ❤👏', 'likes': 2, 'publicado_em': '2019-01-22T22:44:59Z'}, {'autor': '@sweetdispostion_1222', 'comentario': '@imblink6724 💙', 'likes': 3, 'publicado_em': '2019-01-22T22:48:20Z'}, {'autor': '@rafaellsaraujo', 'comentario': 'pode crê', 'likes': 1, 'publicado_em': '2019-01-22T23:38:20Z'}]","DnENpC6UBpw","CASO O MASSACRE DE REALENGO","2","Mais antigos"
"@m.passos3400","UC3-D0vNQzL_jQLDVHINtf9Q","http://www.youtube.com/@m.passos3400","O bullying que vc pratica com o coleguinha hj pode tirar a vida do seu filho amanhã. Nunca trate o bullying cm algo normal, apague qualquer vestígio e corte o mal pela raiz. Isso pode salvar muitas vidas!","6439","2019-01-29T13:04:15Z","2019-02-23T10:21:44Z","True","True","150","5","[{'autor': '@anakawaii4256', 'comentario': '👍👍👌👌', 'likes': 22, 'publicado_em': '2019-02-06T13:35:04Z'}, {'autor': '@bluetm7424', 'comentario': 'bullying*', 'likes': 21, 'publicado_em': '2019-02-07T06:54:49Z'}, {'autor': '@Patricia26713', 'comentario': 'Verdade', 'likes': 11, 'publicado_em': '2019-02-12T23:02:28Z'}, {'autor': '@dougrafael1986', 'comentario': 'Boa, continue passando pano pra assassino colocando na conta das vítimas.', 'likes': 218, 'publicado_em': '2019-02-14T17:00:33Z'}, {'autor': '@jacksonwww5', 'comentario': 'A culpa é tanto do assassino como do pessoal que cometeu bullying.', 'likes': 250, 'publicado_em': '2019-02-15T00:19:53Z'}]","DnENpC6UBpw","CASO O MASSACRE DE REALENGO","2","Mais antigos"
"@titiafadinha6132","UCZuOKIZQXc5qSRdP3qUgojQ","http://www.youtube.com/@titiafadinha6132","""Quem bate esquece, mas quem apanha não"", fiquem com essa reflexão!","3336","2019-01-30T15:28:35Z","2019-01-30T15:28:35Z","True","True","35","5","[{'autor': '@allangabriel4409', 'comentario': 'Vc é inocente até que se prove ao contrário.', 'likes': 12, 'publicado_em': '2019-02-17T00:15:50Z'}, {'autor': '@pauliinha161', 'comentario': 'O problema é que pessoas inocentes morrem! O BRASIL pode ter seus problemas mais eu nunca vi país mais carinhoso,mais preocupado com questões socias,enfim.. um país que entre erros e acertos sempre tenta respeitar a personalidade de cada um!então tem alguma coisa de errado sim,mais não é assim q se resolve em um país que abraça todas a pessoas.', 'likes': 38, 'publicado_em': '2019-03-13T19:49:30Z'}, {'autor': '@umajovemcrista5340', 'comentario': '@pauliinha161 Que mundo cê tá meu amigo?', 'likes': 67, 'publicado_em': '2019-03-14T20:31:59Z'}, {'autor': '@leandropaes4957', 'comentario': 'Uma lei de retardado.\nMais sempre vai funcionar.\nSe liga valentões.', 'likes': 9, 'publicado_em': '2019-03-14T22:43:55Z'}, {'autor': '@lucassouza8573', 'comentario': 'Eu mataria só qm me fez mal', 'likes': 29, 'publicado_em': '2019-03-15T07:28:49Z'}]","DnENpC6UBpw","CASO O MASSACRE DE REALENGO","2","Mais antigos"
"@nathzln","UCevWY9lNQ1EzHMYEStMKRVw","http://www.youtube.com/@nathzln","E quem diria que hoje, 13 de março aconteceu a mesma coisa na escola de Suzano, SP. 😪😔","3675","2019-03-13T23:07:36Z","2019-03-13T23:07:36Z","True","True","49","5","[{'autor': '@nina-yb8hq', 'comentario': 'pois é,muito triste ):', 'likes': 24, 'publicado_em': '2019-03-14T17:37:22Z'}, {'autor': '@Laraast', 'comentario': 'Muito triste', 'likes': 10, 'publicado_em': '2019-03-15T01:36:05Z'}, {'autor': '@jenyffercaroline7482', 'comentario': 'Muito triste', 'likes': 5, 'publicado_em': '2019-03-15T17:07:53Z'}, {'autor': '@elly5700', 'comentario': '@Nath Jogos tá bom todo mundo sabe disso', 'likes': 4, 'publicado_em': '2019-03-15T17:26:32Z'}, {'autor': '@mdckp5120', 'comentario': 'Shorei 😭😭😭😔', 'likes': 2, 'publicado_em': '2019-03-16T15:49:45Z'}]","DnENpC6UBpw","CASO O MASSACRE DE REALENGO","2","Mais antigos"
"@taissasantos718","UC97ETfxzhgNVfRNjblKCHxQ","http://www.youtube.com/@taissasantos718","""Nos meninos ele atirava nos braços e nas meninas...
~suspiro~
...ele atirava na cabeça"".","6364","2019-12-05T16:26:40Z","2019-12-05T16:26:40Z","True","True","177","5","[{'autor': '@neilabeatriz5295', 'comentario': 'Pesadíssimo...', 'likes': 794, 'publicado_em': '2020-01-30T20:54:45Z'}, {'autor': '@fromthearth', 'comentario': 'Maria Júlia Dos Reis Noronha ninguém ta falando que levar um tiro no braço é bom ou que não se sente dor. Mas ninguém morre na hora depois de tomar um tiro no braço', 'likes': 809, 'publicado_em': '2020-02-05T14:42:59Z'}, {'autor': '@rejanealveslinsmoura1410', 'comentario': '@mariajuliadosreisnoronha8526 nossa deve doer mais...\nIMAGINA NA CABEÇA?', 'likes': 304, 'publicado_em': '2020-02-05T21:09:31Z'}, {'autor': '@kaylaneas2', 'comentario': 'Notei a mesma coisa :(', 'likes': 92, 'publicado_em': '2020-02-07T06:21:17Z'}, {'autor': '@lui2196', 'comentario': '@rejanealveslinsmoura1410 na cabeça morre na hora', 'likes': 342, 'publicado_em': '2020-02-08T12:49:35Z'}]","DnENpC6UBpw","CASO O MASSACRE DE REALENGO","2","Mais antigos"
"@josicquerozserafim7432","UCojOQh590cgEqWsRdTr0esw","http://www.youtube.com/@josicquerozserafim7432","Tbm fui muito zuado na escola. E tenho ódio disso até hj. Os professores e diretores não tomam atitude alguma, nem os pais.","2942","2019-12-11T14:33:19Z","2019-12-11T14:33:19Z","True","True","62","5","[{'autor': '@vib0ra359', 'comentario': 'Né oq', 'likes': 6, 'publicado_em': '2020-02-16T03:15:14Z'}, {'autor': '@AlexandreSilva-eq4ks', 'comentario': 'Amigo,sei como é ,já passei por isso mas violência nunca é a solução.A vida não é sò isso,o colegial foi um momento ,você ainda vai encontrar pessoas maravilhosas na sua vida', 'likes': 122, 'publicado_em': '2020-02-16T23:02:31Z'}, {'autor': '@meirecosta1', 'comentario': 'Gente foi um desabafo bem mais fácil desejar que ele cure suas feridas e crie algo que endose que o bullying é ruim e mata. Que vc receba luz na sua jornada e sua história seja feliz!', 'likes': 53, 'publicado_em': '2020-02-20T16:26:15Z'}, {'autor': '@thamisesmartinss', 'comentario': 'Macho Men vai se tratar criatura!', 'likes': 22, 'publicado_em': '2020-02-28T00:47:52Z'}, {'autor': '@dayanesantos85', 'comentario': '@josicquerozserafim7432 aconselho uma terapia \n\nPs:não estou buscando treta, eu realmente acho que uma terapia ajuda muito, tirar um ódio das costas é a melhor coisa que existe', 'likes': 55, 'publicado_em': '2020-04-18T23:36:37Z'}]","DnENpC6UBpw","CASO O MASSACRE DE REALENGO","2","Mais antigos"
"@icezinha4142","UCDAn95fyDo_47H8hi7Ae0iA","http://www.youtube.com/@icezinha4142","Na minha escola, tinha um menino (Não vou falar o nome dele) que era bem quieto, uma vez eu caí na sala dele e todos zoavam ele, Até que uma vez eu tomei coragem e comecei a falar com ele, viramos amigos, mas Eu saí da escola, fiz aniversário, e chamei ele para a festa mas depois de 5 semanas do meu aniversário, ele se suicidou.
Fiquei realmente muito triste com isso, Até hoje me sinto uma amiga horrível, sinto que se tivesse na escola, eu poderia ter ajudado ele de alguma forma, para que ele tivesse vivo...🥺","4445","2020-02-16T23:53:10Z","2020-11-25T13:39:51Z","True","True","53","5","[{'autor': '@lukaspgk', 'comentario': 'Mais a tentativa foi boa', 'likes': 214, 'publicado_em': '2020-03-12T17:48:13Z'}, {'autor': '@rutynhasilva6129', 'comentario': 'Não se sinta culpada, vc tentou ajuda-lo🙏🏼', 'likes': 383, 'publicado_em': '2020-03-22T14:44:58Z'}, {'autor': '@luysatome264', 'comentario': 'Você fez sua parte, não se culpe, não tinha como você adivinhar que isso iria acontecer.', 'likes': 236, 'publicado_em': '2020-04-29T08:19:16Z'}, {'autor': '@amigosunidos7054', 'comentario': 'Nossa,que louco,mano,parece um menino da minha escola', 'likes': 25, 'publicado_em': '2020-05-07T18:52:12Z'}, {'autor': '@camilaarcos1682', 'comentario': '@amigosunidos7054 louco? Como assim? Vc não pode chamar de louco uma pessoa que comete suicídio! Vc não sabe oq as pessoas passam! Então aqui quem é louco é vc!', 'likes': 106, 'publicado_em': '2020-05-30T01:52:55Z'}]","DnENpC6UBpw","CASO O MASSACRE DE REALENGO","2","Mais antigos"
"@anacarolinaoliveira6233","UCgeOS8fzcOcO0n-feJP8wpg","http://www.youtube.com/@anacarolinaoliveira6233","eu moro em realengo e toda vez que passo em frente a essa escola sinto uma sensação horrível,pra quem não sabe,fizeram estátuas dos estudantes que faleceram em frente à escola","3974","2020-02-18T19:30:50Z","2020-02-18T19:33:49Z","True","True","74","5","[{'autor': '@lolomochi8186', 'comentario': 'Eu estudei lá em 2018, mas sai em pouco tempo depois pq me mudei', 'likes': 137, 'publicado_em': '2020-08-01T13:23:19Z'}, {'autor': '@samuelruanq10', 'comentario': '@lolomochi8186 amem', 'likes': 38, 'publicado_em': '2020-08-24T04:15:45Z'}, {'autor': '@brourj527', 'comentario': 'Q merda deve ser super pesado', 'likes': 135, 'publicado_em': '2020-09-04T07:11:57Z'}, {'autor': '@mrinsmpio8300', 'comentario': 'Oie, eu comecei a estudar lá esse ano, não tenho medo pq aquelas crianças são inocentes e lá está uma delas a Larissa, a avó dela era uma conhecida. Faleceu esse\nAno infelizmente.', 'likes': 97, 'publicado_em': '2020-09-21T03:57:52Z'}, {'autor': '@lilamorbrumzachlindo1524', 'comentario': 'Aquela praça é horrível, evito passar por ali.', 'likes': 44, 'publicado_em': '2020-10-31T12:31:30Z'}]","DnENpC6UBpw","CASO O MASSACRE DE REALENGO","2","Mais antigos"
"@fsunega","UCQxSifUCqB0pEHQ_KjCrw2g","http://www.youtube.com/@fsunega","Faz um vídeo sobre o massacre da escola de Suzano. Seu canal é muito bom. Seu trabalho de pesquisa criminal e impressionante. Parabéns.","6956","2020-05-28T22:45:21Z","2020-05-28T22:45:21Z","True","True","231","5","[{'autor': '@carlosandrade7994', 'comentario': 'Up', 'likes': 4, 'publicado_em': '2020-07-31T01:43:51Z'}, {'autor': '@joanampcosta', 'comentario': 'Up', 'likes': 2, 'publicado_em': '2020-08-02T15:10:08Z'}, {'autor': '@marialeopoldinadeaustria4769', 'comentario': 'Up', 'likes': 4, 'publicado_em': '2020-08-03T14:52:20Z'}, {'autor': '@emillygabrielly2268', 'comentario': 'Up', 'likes': 3, 'publicado_em': '2020-08-04T03:43:48Z'}, {'autor': '@milla0744', 'comentario': 'Up', 'likes': 2, 'publicado_em': '2020-08-04T16:22:27Z'}]","DnENpC6UBpw","CASO O MASSACRE DE REALENGO","2","Mais antigos"
"@giihchan4934","UC0Wda7EI3xcK-lw4goUe0Hg","http://www.youtube.com/@giihchan4934","Eu vi e convivi com um garoto na minha sala que tinha intenções de cometer um massacre, era uma pessoa que nn tinha uma família estruturada,  sofria mto abuso psicológico dentro de casa e bullyng. Eu acabei virando amiga dele e ajudando ele, defendendo e tentando fazer ele entender que nada daquilo é pra sempre é a vida dele pode mudar. Hj ele tá formado , trabalha e é uma pessoa feliz. 
As vezes paro pra pensar, e se eu tivesse ignorado? Se eu nn fosse até ele dizer Oi?  Hj poderia estar morta por um crime que ele tinha REAL intenção de cometer.","8915","2020-06-21T01:20:54Z","2020-06-21T01:20:54Z","True","True","128","5","[{'autor': '@kj-hs4oh', 'comentario': 'meu deus....', 'likes': 346, 'publicado_em': '2020-07-11T22:46:31Z'}, {'autor': '@vitoriagabriela2042', 'comentario': 'Meu Deus, parabéns pela sua atitude poderia ter mais pessoas assim!! 👏', 'likes': 577, 'publicado_em': '2020-07-27T16:02:50Z'}, {'autor': '@madhatter3293', 'comentario': 'Parabéns poucos fazem isso 👍✌️', 'likes': 245, 'publicado_em': '2020-07-29T17:13:42Z'}, {'autor': '@heyloser8352', 'comentario': 'Parabéns por ter feito isso✊🏻', 'likes': 169, 'publicado_em': '2020-07-29T23:34:43Z'}, {'autor': '@giihchan4934', 'comentario': '@rom-428 queria q tivesse sido, NN se brinca com esse tipo de coisa, nunca', 'likes': 142, 'publicado_em': '2020-08-01T01:06:03Z'}]","DnENpC6UBpw","CASO O MASSACRE DE REALENGO","2","Mais antigos"
"@lilamorbrumzachlindo1524","UCIiOnapt8NIIL3_lRNvzsPg","http://www.youtube.com/@lilamorbrumzachlindo1524","Tem uma mãe de uma das meninas,  morta por ele, que está louca, anda pelas ruas com a foto da filha, e conta que desapareceu,  muito triste.","5053","2020-10-31T12:36:44Z","2020-10-31T12:36:44Z","True","True","99","5","[{'autor': '@saracoutinho3398', 'comentario': 'Nossa sério? Que triste :(', 'likes': 347, 'publicado_em': '2020-11-09T21:09:39Z'}, {'autor': '@lilamorbrumzachlindo1524', 'comentario': '@saracoutinho3398 triste demais,  é até difícil falar.', 'likes': 258, 'publicado_em': '2020-11-15T15:13:37Z'}, {'autor': '@tatybrito9083', 'comentario': 'Que Deus leve acalento para o coração dessa mãe 🥺', 'likes': 221, 'publicado_em': '2020-12-04T00:08:06Z'}, {'autor': '@imallergictostupidpeople3044', 'comentario': 'Ai gente isso é muito triste 😢😿...', 'likes': 128, 'publicado_em': '2020-12-10T20:04:21Z'}, {'autor': '@sheilaleoni5907', 'comentario': 'Ai mano, me doeu o coração de ler isso. 😢😢😢', 'likes': 94, 'publicado_em': '2020-12-10T23:05:30Z'}]","DnENpC6UBpw","CASO O MASSACRE DE REALENGO","2","Mais antigos"
"@giovannamunier755","UCJK6yX_Fn_4qw0A9ZSQFGvQ","http://www.youtube.com/@giovannamunier755","Ele só matou inocentes, pq as pessoas que faziam bullying com ele nem estudavam mais lá","973","2020-11-14T15:57:37Z","2020-11-14T15:57:37Z","True","True","46","5","[{'autor': '@sosossauro', 'comentario': 'Sim, ele só matou por vingança porque não sei explicar ele tinha tanto ódio e como não tinha como reunir todos eles em um mesmo lugar matou inocentes', 'likes': 45, 'publicado_em': '2021-01-09T21:50:49Z'}, {'autor': '@kr0k0d1l4', 'comentario': 'NÃO INTERRESSA ELE LUTOU POR NOIS QUE SOFREMOS BULLYNG', 'likes': 8, 'publicado_em': '2021-01-10T16:49:02Z'}, {'autor': '@kr0k0d1l4', 'comentario': '@julinha5263 🤫 cala a boquinha QM não sofre BULLYNG não sabe como é não sabe como nos sentimos', 'likes': 8, 'publicado_em': '2021-01-10T16:58:34Z'}, {'autor': '@sosossauro', 'comentario': '@kr0k0d1l4 eu já sofri bullying e não justifica :)\nVocê é só um bosta que acha que violência serve pra tudo\nCala a boca que você fica melhor calado', 'likes': 80, 'publicado_em': '2021-01-10T18:27:00Z'}, {'autor': '@sosossauro', 'comentario': 'SUICIDA eu já desisti do canal filho não posto vídeo', 'likes': 1, 'publicado_em': '2021-01-10T19:06:04Z'}]","DnENpC6UBpw","CASO O MASSACRE DE REALENGO","2","Mais antigos"
"@bysanlim","UCdNs6J2BF_FOcUz-mcX0gmw","http://www.youtube.com/@bysanlim","O mais triste é ver gente passando pano no assassino por ele ter sofrido bullying e feito oque fez, meu que isso? Ninguém merece a morte","827","2020-12-04T13:11:07Z","2020-12-04T13:11:07Z","True","True","40","5","[{'autor': '@camiz.z', 'comentario': 'E ele ainda matou inocentes!', 'likes': 82, 'publicado_em': '2021-01-09T16:54:07Z'}, {'autor': '@naosei6029', 'comentario': 'Merece sim e fuedase', 'likes': 20, 'publicado_em': '2021-01-20T23:53:30Z'}, {'autor': '@nanizita', 'comentario': '@joselucas221 ele matou inocentes', 'likes': 41, 'publicado_em': '2021-01-25T20:34:40Z'}, {'autor': '@Hope-uw1vj', 'comentario': '@joselucas221 Seu burro, ele matou pessoas que não tinham NADA haver, os que faziam bullying com ele já estavam fora da escola, porra.', 'likes': 46, 'publicado_em': '2021-01-28T15:14:29Z'}, {'autor': '@dieneanjos3269', 'comentario': 'Verdade', 'likes': 3, 'publicado_em': '2021-02-01T21:59:50Z'}]","DnENpC6UBpw","CASO O MASSACRE DE REALENGO","2","Mais antigos"
"@kaede_24","UCn7Up2UA4G5CAXDsUjATBXg","http://www.youtube.com/@kaede_24","*Aluno sofre Bullying*
Escola: Dboa.
*Aluno vai sem uniforme*
Escola: SUSPENSÃO, REPROVADO, EXPULSO!!!!!!","6256","2020-12-21T05:53:51Z","2020-12-21T05:55:14Z","True","True","45","5","[{'autor': '@tiagoantimaconaria2022', 'comentario': 'Kkkkk vdd', 'likes': 51, 'publicado_em': '2020-12-28T14:54:38Z'}, {'autor': '@tey3833', 'comentario': 'Mano, teve um dia que fui sem o tênis do colégio pq tinha quebrado o dedo mindinho. Os fi de rapariga mandou eu voltar e colocar os tênis. Mainha me tirou da escola no mesmo dia!', 'likes': 162, 'publicado_em': '2021-01-15T05:25:34Z'}, {'autor': '@um_qualquer-0V', 'comentario': 'Em fim a hipocrisia', 'likes': 60, 'publicado_em': '2021-01-17T23:21:09Z'}, {'autor': '@tiagoantimaconaria2022', 'comentario': '@dnakjsbdbdvbsjshsbevdv oq vc quer mano? Eu nem fico mais em coisa de tcc', 'likes': 3, 'publicado_em': '2021-02-22T20:34:42Z'}, {'autor': '@tatakae711', 'comentario': '@tiagoantimaconaria2022 🤥', 'likes': 0, 'publicado_em': '2021-02-26T17:47:43Z'}]","DnENpC6UBpw","CASO O MASSACRE DE REALENGO","2","Mais antigos"
"@Betegms","UC65eBr_yN_ioakxpk8jLiKw","http://www.youtube.com/@Betegms","Sou mãe de um sobrevivente,um garotinho que na época tinha 10 anos e teve transtorno pós traumático,ele matou o psique de centenas de crianças.
Ele tirou vidas,ele tirou a paz de um bairro e prejudicar psicologicamente as crianças presentes.
Vivemos um filme de terror!
Nada justifica tamanha crueldade,seguimos tentando superar.","905","2021-06-06T16:03:15Z","2021-06-06T16:03:15Z","True","True","21","5","[{'autor': '@ZECAURUBULULA', 'comentario': '@Mateus  ainnn pai para estou impaquitada', 'likes': 5, 'publicado_em': '2021-09-03T22:33:54Z'}, {'autor': '@thaissouza5986', 'comentario': '@ZECAURUBULULA Para de ser sem noção! O cara era adulto, sofria bullying quando ele ainda estudava. Nada justifica ele ter feito isso com pessoas aleatórias, crianças que nao tiveram nada haver com o que ele passou e mesmo que fosse, nada justifica! Vidas importam!', 'likes': 127, 'publicado_em': '2021-09-12T03:15:25Z'}, {'autor': '@Nico-nf9lj', 'comentario': '@ZECAURUBULULA ele matou os que faziam bullying com ele?, os caras que fizeram bullying com ele estavam lá? Ent isso n justifica nada! Ele matou inocentes!', 'likes': 81, 'publicado_em': '2021-10-02T03:00:07Z'}, {'autor': '@amaterashe', 'comentario': '@ZECAURUBULULA só fala merda eim porra', 'likes': 2, 'publicado_em': '2021-11-03T15:37:34Z'}, {'autor': '@manuzinha1092', 'comentario': 'como ele tá agora?', 'likes': 5, 'publicado_em': '2021-12-01T09:10:17Z'}]","DnENpC6UBpw","CASO O MASSACRE DE REALENGO","2","Mais antigos"
"@ellenlima3303","UC51Oe_C709iXXAbzspeouDA","http://www.youtube.com/@ellenlima3303","Eu estava no dia da tragédia tinha apenas 9 anos e estudava no 3º andar onde ele morreu na escada que dava acesso para minha sala. Esse dia me trás marcas até hoje mesmo depois de 11 anos, me lembro de todos os detalhes desde a minha chegada na escola até o momento que que cheguei em casa e recebi a notícia que tinha perdido uma amiga. As pessoas não sabem o quanto é doloroso relembrar todos os dias essa tragédia tive que fazer tratamento psicológico por anos para conseguir amenizar toda tortura psicológica que eu tinha.","266","2022-12-15T16:25:08Z","2022-12-15T16:25:08Z","True","True","9","5","[{'autor': '@tatianesena5831', 'comentario': 'Que Deus cure suas feridas', 'likes': 13, 'publicado_em': '2023-01-04T01:28:41Z'}, {'autor': '@romarioeinstein', 'comentario': '\u200b@LucasGomes-xo3td calma man', 'likes': 4, 'publicado_em': '2023-01-31T03:56:59Z'}, {'autor': '@Smzumm', 'comentario': '@LucasGomes-xo3td mano calma porra fds aqui não e lugar de criancinha não porra fds pra tu geração z desfodaci olha coisa triste da história dela aí vem um demete e fala fds vai pro inferno', 'likes': 0, 'publicado_em': '2023-02-08T17:04:21Z'}, {'autor': '@idiotteen3324', 'comentario': '\u200b@romarioeinsteinmeu pai foi decapitado hoje', 'likes': 2, 'publicado_em': '2023-10-01T00:01:39Z'}, {'autor': '@miriellev8457', 'comentario': 'Mimimi', 'likes': 0, 'publicado_em': '2023-11-13T21:30:34Z'}]","DnENpC6UBpw","CASO O MASSACRE DE REALENGO","2","Mais antigos"
"@giihchan4934","UC0Wda7EI3xcK-lw4goUe0Hg","http://www.youtube.com/@giihchan4934","Eu vi e convivi com um garoto na minha sala que tinha intenções de cometer um massacre, era uma pessoa que nn tinha uma família estruturada,  sofria mto abuso psicológico dentro de casa e bullyng. Eu acabei virando amiga dele e ajudando ele, defendendo e tentando fazer ele entender que nada daquilo é pra sempre é a vida dele pode mudar. Hj ele tá formado , trabalha e é uma pessoa feliz. 
As vezes paro pra pensar, e se eu tivesse ignorado? Se eu nn fosse até ele dizer Oi?  Hj poderia estar morta por um crime que ele tinha REAL intenção de cometer.","8915","2020-06-21T01:20:54Z","2020-06-21T01:20:54Z","True","True","128","5","[{'autor': '@kj-hs4oh', 'comentario': 'meu deus....', 'likes': 346, 'publicado_em': '2020-07-11T22:46:31Z'}, {'autor': '@vitoriagabriela2042', 'comentario': 'Meu Deus, parabéns pela sua atitude poderia ter mais pessoas assim!! 👏', 'likes': 577, 'publicado_em': '2020-07-27T16:02:50Z'}, {'autor': '@madhatter3293', 'comentario': 'Parabéns poucos fazem isso 👍✌️', 'likes': 245, 'publicado_em': '2020-07-29T17:13:42Z'}, {'autor': '@heyloser8352', 'comentario': 'Parabéns por ter feito isso✊🏻', 'likes': 169, 'publicado_em': '2020-07-29T23:34:43Z'}, {'autor': '@giihchan4934', 'comentario': '@rom-428 queria q tivesse sido, NN se brinca com esse tipo de coisa, nunca', 'likes': 142, 'publicado_em': '2020-08-01T01:06:03Z'}]","DnENpC6UBpw","CASO O MASSACRE DE REALENGO","3","Mais curtidos"
"@fsunega","UCQxSifUCqB0pEHQ_KjCrw2g","http://www.youtube.com/@fsunega","Faz um vídeo sobre o massacre da escola de Suzano. Seu canal é muito bom. Seu trabalho de pesquisa criminal e impressionante. Parabéns.","6956","2020-05-28T22:45:21Z","2020-05-28T22:45:21Z","True","True","231","5","[{'autor': '@carlosandrade7994', 'comentario': 'Up', 'likes': 4, 'publicado_em': '2020-07-31T01:43:51Z'}, {'autor': '@joanampcosta', 'comentario': 'Up', 'likes': 2, 'publicado_em': '2020-08-02T15:10:08Z'}, {'autor': '@marialeopoldinadeaustria4769', 'comentario': 'Up', 'likes': 4, 'publicado_em': '2020-08-03T14:52:20Z'}, {'autor': '@emillygabrielly2268', 'comentario': 'Up', 'likes': 3, 'publicado_em': '2020-08-04T03:43:48Z'}, {'autor': '@milla0744', 'comentario': 'Up', 'likes': 2, 'publicado_em': '2020-08-04T16:22:27Z'}]","DnENpC6UBpw","CASO O MASSACRE DE REALENGO","3","Mais curtidos"
"@m.passos3400","UC3-D0vNQzL_jQLDVHINtf9Q","http://www.youtube.com/@m.passos3400","O bullying que vc pratica com o coleguinha hj pode tirar a vida do seu filho amanhã. Nunca trate o bullying cm algo normal, apague qualquer vestígio e corte o mal pela raiz. Isso pode salvar muitas vidas!","6439","2019-01-29T13:04:15Z","2019-02-23T10:21:44Z","True","True","150","5","[{'autor': '@anakawaii4256', 'comentario': '👍👍👌👌', 'likes': 22, 'publicado_em': '2019-02-06T13:35:04Z'}, {'autor': '@bluetm7424', 'comentario': 'bullying*', 'likes': 21, 'publicado_em': '2019-02-07T06:54:49Z'}, {'autor': '@Patricia26713', 'comentario': 'Verdade', 'likes': 11, 'publicado_em': '2019-02-12T23:02:28Z'}, {'autor': '@dougrafael1986', 'comentario': 'Boa, continue passando pano pra assassino colocando na conta das vítimas.', 'likes': 218, 'publicado_em': '2019-02-14T17:00:33Z'}, {'autor': '@jacksonwww5', 'comentario': 'A culpa é tanto do assassino como do pessoal que cometeu bullying.', 'likes': 250, 'publicado_em': '2019-02-15T00:19:53Z'}]","DnENpC6UBpw","CASO O MASSACRE DE REALENGO","3","Mais curtidos"
"@taissasantos718","UC97ETfxzhgNVfRNjblKCHxQ","http://www.youtube.com/@taissasantos718","""Nos meninos ele atirava nos braços e nas meninas...
~suspiro~
...ele atirava na cabeça"".","6364","2019-12-05T16:26:40Z","2019-12-05T16:26:40Z","True","True","177","5","[{'autor': '@neilabeatriz5295', 'comentario': 'Pesadíssimo...', 'likes': 794, 'publicado_em': '2020-01-30T20:54:45Z'}, {'autor': '@fromthearth', 'comentario': 'Maria Júlia Dos Reis Noronha ninguém ta falando que levar um tiro no braço é bom ou que não se sente dor. Mas ninguém morre na hora depois de tomar um tiro no braço', 'likes': 809, 'publicado_em': '2020-02-05T14:42:59Z'}, {'autor': '@rejanealveslinsmoura1410', 'comentario': '@mariajuliadosreisnoronha8526 nossa deve doer mais...\nIMAGINA NA CABEÇA?', 'likes': 304, 'publicado_em': '2020-02-05T21:09:31Z'}, {'autor': '@kaylaneas2', 'comentario': 'Notei a mesma coisa :(', 'likes': 92, 'publicado_em': '2020-02-07T06:21:17Z'}, {'autor': '@lui2196', 'comentario': '@rejanealveslinsmoura1410 na cabeça morre na hora', 'likes': 342, 'publicado_em': '2020-02-08T12:49:35Z'}]","DnENpC6UBpw","CASO O MASSACRE DE REALENGO","3","Mais curtidos"
"@kaede_24","UCn7Up2UA4G5CAXDsUjATBXg","http://www.youtube.com/@kaede_24","*Aluno sofre Bullying*
Escola: Dboa.
*Aluno vai sem uniforme*
Escola: SUSPENSÃO, REPROVADO, EXPULSO!!!!!!","6256","2020-12-21T05:53:51Z","2020-12-21T05:55:14Z","True","True","45","5","[{'autor': '@tiagoantimaconaria2022', 'comentario': 'Kkkkk vdd', 'likes': 51, 'publicado_em': '2020-12-28T14:54:38Z'}, {'autor': '@tey3833', 'comentario': 'Mano, teve um dia que fui sem o tênis do colégio pq tinha quebrado o dedo mindinho. Os fi de rapariga mandou eu voltar e colocar os tênis. Mainha me tirou da escola no mesmo dia!', 'likes': 162, 'publicado_em': '2021-01-15T05:25:34Z'}, {'autor': '@um_qualquer-0V', 'comentario': 'Em fim a hipocrisia', 'likes': 60, 'publicado_em': '2021-01-17T23:21:09Z'}, {'autor': '@tiagoantimaconaria2022', 'comentario': '@dnakjsbdbdvbsjshsbevdv oq vc quer mano? Eu nem fico mais em coisa de tcc', 'likes': 3, 'publicado_em': '2021-02-22T20:34:42Z'}, {'autor': '@tatakae711', 'comentario': '@tiagoantimaconaria2022 🤥', 'likes': 0, 'publicado_em': '2021-02-26T17:47:43Z'}]","DnENpC6UBpw","CASO O MASSACRE DE REALENGO","3","Mais curtidos"
"@lilamorbrumzachlindo1524","UCIiOnapt8NIIL3_lRNvzsPg","http://www.youtube.com/@lilamorbrumzachlindo1524","Tem uma mãe de uma das meninas,  morta por ele, que está louca, anda pelas ruas com a foto da filha, e conta que desapareceu,  muito triste.","5053","2020-10-31T12:36:44Z","2020-10-31T12:36:44Z","True","True","99","5","[{'autor': '@saracoutinho3398', 'comentario': 'Nossa sério? Que triste :(', 'likes': 347, 'publicado_em': '2020-11-09T21:09:39Z'}, {'autor': '@lilamorbrumzachlindo1524', 'comentario': '@saracoutinho3398 triste demais,  é até difícil falar.', 'likes': 258, 'publicado_em': '2020-11-15T15:13:37Z'}, {'autor': '@tatybrito9083', 'comentario': 'Que Deus leve acalento para o coração dessa mãe 🥺', 'likes': 221, 'publicado_em': '2020-12-04T00:08:06Z'}, {'autor': '@imallergictostupidpeople3044', 'comentario': 'Ai gente isso é muito triste 😢😿...', 'likes': 128, 'publicado_em': '2020-12-10T20:04:21Z'}, {'autor': '@sheilaleoni5907', 'comentario': 'Ai mano, me doeu o coração de ler isso. 😢😢😢', 'likes': 94, 'publicado_em': '2020-12-10T23:05:30Z'}]","DnENpC6UBpw","CASO O MASSACRE DE REALENGO","3","Mais curtidos"
"@icezinha4142","UCDAn95fyDo_47H8hi7Ae0iA","http://www.youtube.com/@icezinha4142","Na minha escola, tinha um menino (Não vou falar o nome dele) que era bem quieto, uma vez eu caí na sala dele e todos zoavam ele, Até que uma vez eu tomei coragem e comecei a falar com ele, viramos amigos, mas Eu saí da escola, fiz aniversário, e chamei ele para a festa mas depois de 5 semanas do meu aniversário, ele se suicidou.
Fiquei realmente muito triste com isso, Até hoje me sinto uma amiga horrível, sinto que se tivesse na escola, eu poderia ter ajudado ele de alguma forma, para que ele tivesse vivo...🥺","4445","2020-02-16T23:53:10Z","2020-11-25T13:39:51Z","True","True","53","5","[{'autor': '@lukaspgk', 'comentario': 'Mais a tentativa foi boa', 'likes': 214, 'publicado_em': '2020-03-12T17:48:13Z'}, {'autor': '@rutynhasilva6129', 'comentario': 'Não se sinta culpada, vc tentou ajuda-lo🙏🏼', 'likes': 383, 'publicado_em': '2020-03-22T14:44:58Z'}, {'autor': '@luysatome264', 'comentario': 'Você fez sua parte, não se culpe, não tinha como você adivinhar que isso iria acontecer.', 'likes': 236, 'publicado_em': '2020-04-29T08:19:16Z'}, {'autor': '@amigosunidos7054', 'comentario': 'Nossa,que louco,mano,parece um menino da minha escola', 'likes': 25, 'publicado_em': '2020-05-07T18:52:12Z'}, {'autor': '@camilaarcos1682', 'comentario': '@amigosunidos7054 louco? Como assim? Vc não pode chamar de louco uma pessoa que comete suicídio! Vc não sabe oq as pessoas passam! Então aqui quem é louco é vc!', 'likes': 106, 'publicado_em': '2020-05-30T01:52:55Z'}]","DnENpC6UBpw","CASO O MASSACRE DE REALENGO","3","Mais curtidos"
"@anacarolinaoliveira6233","UCgeOS8fzcOcO0n-feJP8wpg","http://www.youtube.com/@anacarolinaoliveira6233","eu moro em realengo e toda vez que passo em frente a essa escola sinto uma sensação horrível,pra quem não sabe,fizeram estátuas dos estudantes que faleceram em frente à escola","3974","2020-02-18T19:30:50Z","2020-02-18T19:33:49Z","True","True","74","5","[{'autor': '@lolomochi8186', 'comentario': 'Eu estudei lá em 2018, mas sai em pouco tempo depois pq me mudei', 'likes': 137, 'publicado_em': '2020-08-01T13:23:19Z'}, {'autor': '@samuelruanq10', 'comentario': '@lolomochi8186 amem', 'likes': 38, 'publicado_em': '2020-08-24T04:15:45Z'}, {'autor': '@brourj527', 'comentario': 'Q merda deve ser super pesado', 'likes': 135, 'publicado_em': '2020-09-04T07:11:57Z'}, {'autor': '@mrinsmpio8300', 'comentario': 'Oie, eu comecei a estudar lá esse ano, não tenho medo pq aquelas crianças são inocentes e lá está uma delas a Larissa, a avó dela era uma conhecida. Faleceu esse\nAno infelizmente.', 'likes': 97, 'publicado_em': '2020-09-21T03:57:52Z'}, {'autor': '@lilamorbrumzachlindo1524', 'comentario': 'Aquela praça é horrível, evito passar por ali.', 'likes': 44, 'publicado_em': '2020-10-31T12:31:30Z'}]","DnENpC6UBpw","CASO O MASSACRE DE REALENGO","3","Mais curtidos"
"@nathzln","UCevWY9lNQ1EzHMYEStMKRVw","http://www.youtube.com/@nathzln","E quem diria que hoje, 13 de março aconteceu a mesma coisa na escola de Suzano, SP. 😪😔","3675","2019-03-13T23:07:36Z","2019-03-13T23:07:36Z","True","True","49","5","[{'autor': '@nina-yb8hq', 'comentario': 'pois é,muito triste ):', 'likes': 24, 'publicado_em': '2019-03-14T17:37:22Z'}, {'autor': '@Laraast', 'comentario': 'Muito triste', 'likes': 10, 'publicado_em': '2019-03-15T01:36:05Z'}, {'autor': '@jenyffercaroline7482', 'comentario': 'Muito triste', 'likes': 5, 'publicado_em': '2019-03-15T17:07:53Z'}, {'autor': '@elly5700', 'comentario': '@Nath Jogos tá bom todo mundo sabe disso', 'likes': 4, 'publicado_em': '2019-03-15T17:26:32Z'}, {'autor': '@mdckp5120', 'comentario': 'Shorei 😭😭😭😔', 'likes': 2, 'publicado_em': '2019-03-16T15:49:45Z'}]","DnENpC6UBpw","CASO O MASSACRE DE REALENGO","3","Mais curtidos"
"@titiafadinha6132","UCZuOKIZQXc5qSRdP3qUgojQ","http://www.youtube.com/@titiafadinha6132","""Quem bate esquece, mas quem apanha não"", fiquem com essa reflexão!","3336","2019-01-30T15:28:35Z","2019-01-30T15:28:35Z","True","True","35","5","[{'autor': '@allangabriel4409', 'comentario': 'Vc é inocente até que se prove ao contrário.', 'likes': 12, 'publicado_em': '2019-02-17T00:15:50Z'}, {'autor': '@pauliinha161', 'comentario': 'O problema é que pessoas inocentes morrem! O BRASIL pode ter seus problemas mais eu nunca vi país mais carinhoso,mais preocupado com questões socias,enfim.. um país que entre erros e acertos sempre tenta respeitar a personalidade de cada um!então tem alguma coisa de errado sim,mais não é assim q se resolve em um país que abraça todas a pessoas.', 'likes': 38, 'publicado_em': '2019-03-13T19:49:30Z'}, {'autor': '@umajovemcrista5340', 'comentario': '@pauliinha161 Que mundo cê tá meu amigo?', 'likes': 67, 'publicado_em': '2019-03-14T20:31:59Z'}, {'autor': '@leandropaes4957', 'comentario': 'Uma lei de retardado.\nMais sempre vai funcionar.\nSe liga valentões.', 'likes': 9, 'publicado_em': '2019-03-14T22:43:55Z'}, {'autor': '@lucassouza8573', 'comentario': 'Eu mataria só qm me fez mal', 'likes': 29, 'publicado_em': '2019-03-15T07:28:49Z'}]","DnENpC6UBpw","CASO O MASSACRE DE REALENGO","3","Mais curtidos"
"@josicquerozserafim7432","UCojOQh590cgEqWsRdTr0esw","http://www.youtube.com/@josicquerozserafim7432","Tbm fui muito zuado na escola. E tenho ódio disso até hj. Os professores e diretores não tomam atitude alguma, nem os pais.","2942","2019-12-11T14:33:19Z","2019-12-11T14:33:19Z","True","True","62","5","[{'autor': '@vib0ra359', 'comentario': 'Né oq', 'likes': 6, 'publicado_em': '2020-02-16T03:15:14Z'}, {'autor': '@AlexandreSilva-eq4ks', 'comentario': 'Amigo,sei como é ,já passei por isso mas violência nunca é a solução.A vida não é sò isso,o colegial foi um momento ,você ainda vai encontrar pessoas maravilhosas na sua vida', 'likes': 122, 'publicado_em': '2020-02-16T23:02:31Z'}, {'autor': '@meirecosta1', 'comentario': 'Gente foi um desabafo bem mais fácil desejar que ele cure suas feridas e crie algo que endose que o bullying é ruim e mata. Que vc receba luz na sua jornada e sua história seja feliz!', 'likes': 53, 'publicado_em': '2020-02-20T16:26:15Z'}, {'autor': '@thamisesmartinss', 'comentario': 'Macho Men vai se tratar criatura!', 'likes': 22, 'publicado_em': '2020-02-28T00:47:52Z'}, {'autor': '@dayanesantos85', 'comentario': '@josicquerozserafim7432 aconselho uma terapia \n\nPs:não estou buscando treta, eu realmente acho que uma terapia ajuda muito, tirar um ódio das costas é a melhor coisa que existe', 'likes': 55, 'publicado_em': '2020-04-18T23:36:37Z'}]","DnENpC6UBpw","CASO O MASSACRE DE REALENGO","3","Mais curtidos"
"@leticianovais4741","UC_GWeFOIn76GVwaH8fgCDTw","http://www.youtube.com/@leticianovais4741","Jaqueline: a.
eu: isso mesmo, concordo plenamente, lindíssima, resolveu tudo. ❤","2637","2019-01-22T21:05:05Z","2019-01-22T21:05:05Z","True","True","18","5","[{'autor': '@puff3rf1shie', 'comentario': 'Army :3', 'likes': 11, 'publicado_em': '2019-01-22T21:14:42Z'}, {'autor': '@carolinal.araujo8399', 'comentario': 'Kkkkkkkkkk bem assim', 'likes': 4, 'publicado_em': '2019-01-22T21:22:45Z'}, {'autor': '@beatrizsader3658', 'comentario': 'Hahahahaahaha Muito bom !', 'likes': 3, 'publicado_em': '2019-01-22T21:27:59Z'}, {'autor': '@mon1maria', 'comentario': 'Kkkkkkkkkkkkk simmmmm', 'likes': 3, 'publicado_em': '2019-01-22T21:50:07Z'}, {'autor': '@leticianovais4741', 'comentario': '@puff3rf1shie izii. <3', 'likes': 4, 'publicado_em': '2019-01-22T22:17:51Z'}]","DnENpC6UBpw","CASO O MASSACRE DE REALENGO","3","Mais curtidos"
"@rafaelalima5713","UCw0Qyji3iOZoPkEFt76673Q","http://www.youtube.com/@rafaelalima5713","Só eu que amei esse cenário??","1011","2019-01-22T22:08:12Z","2019-01-22T22:08:12Z","True","True","9","5","[{'autor': '@irenesantos8706', 'comentario': 'Eu também!', 'likes': 3, 'publicado_em': '2019-01-22T22:31:53Z'}, {'autor': '@biancarodrigues5147', 'comentario': 'Amei tanto e fiquei logo no IT haja', 'likes': 1, 'publicado_em': '2019-01-22T22:35:02Z'}, {'autor': '@hellysilva466', 'comentario': 'Bem organizado.amei', 'likes': 3, 'publicado_em': '2019-01-22T22:51:33Z'}, {'autor': '@m.barbosa__', 'comentario': 'Só você\nRainha Elizabeth \nDiferentona \nÚnica', 'likes': 3, 'publicado_em': '2019-01-22T23:11:17Z'}, {'autor': '@kassiaannysilvaaraujo6294', 'comentario': 'Tbm❤️', 'likes': 0, 'publicado_em': '2019-01-22T23:16:20Z'}]","DnENpC6UBpw","CASO O MASSACRE DE REALENGO","3","Mais curtidos"
"@giovannamunier755","UCJK6yX_Fn_4qw0A9ZSQFGvQ","http://www.youtube.com/@giovannamunier755","Ele só matou inocentes, pq as pessoas que faziam bullying com ele nem estudavam mais lá","973","2020-11-14T15:57:37Z","2020-11-14T15:57:37Z","True","True","46","5","[{'autor': '@sosossauro', 'comentario': 'Sim, ele só matou por vingança porque não sei explicar ele tinha tanto ódio e como não tinha como reunir todos eles em um mesmo lugar matou inocentes', 'likes': 45, 'publicado_em': '2021-01-09T21:50:49Z'}, {'autor': '@kr0k0d1l4', 'comentario': 'NÃO INTERRESSA ELE LUTOU POR NOIS QUE SOFREMOS BULLYNG', 'likes': 8, 'publicado_em': '2021-01-10T16:49:02Z'}, {'autor': '@kr0k0d1l4', 'comentario': '@julinha5263 🤫 cala a boquinha QM não sofre BULLYNG não sabe como é não sabe como nos sentimos', 'likes': 8, 'publicado_em': '2021-01-10T16:58:34Z'}, {'autor': '@sosossauro', 'comentario': '@kr0k0d1l4 eu já sofri bullying e não justifica :)\nVocê é só um bosta que acha que violência serve pra tudo\nCala a boca que você fica melhor calado', 'likes': 80, 'publicado_em': '2021-01-10T18:27:00Z'}, {'autor': '@sosossauro', 'comentario': 'SUICIDA eu já desisti do canal filho não posto vídeo', 'likes': 1, 'publicado_em': '2021-01-10T19:06:04Z'}]","DnENpC6UBpw","CASO O MASSACRE DE REALENGO","3","Mais curtidos"
"@Betegms","UC65eBr_yN_ioakxpk8jLiKw","http://www.youtube.com/@Betegms","Sou mãe de um sobrevivente,um garotinho que na época tinha 10 anos e teve transtorno pós traumático,ele matou o psique de centenas de crianças.
Ele tirou vidas,ele tirou a paz de um bairro e prejudicar psicologicamente as crianças presentes.
Vivemos um filme de terror!
Nada justifica tamanha crueldade,seguimos tentando superar.","905","2021-06-06T16:03:15Z","2021-06-06T16:03:15Z","True","True","21","5","[{'autor': '@ZECAURUBULULA', 'comentario': '@Mateus  ainnn pai para estou impaquitada', 'likes': 5, 'publicado_em': '2021-09-03T22:33:54Z'}, {'autor': '@thaissouza5986', 'comentario': '@ZECAURUBULULA Para de ser sem noção! O cara era adulto, sofria bullying quando ele ainda estudava. Nada justifica ele ter feito isso com pessoas aleatórias, crianças que nao tiveram nada haver com o que ele passou e mesmo que fosse, nada justifica! Vidas importam!', 'likes': 127, 'publicado_em': '2021-09-12T03:15:25Z'}, {'autor': '@Nico-nf9lj', 'comentario': '@ZECAURUBULULA ele matou os que faziam bullying com ele?, os caras que fizeram bullying com ele estavam lá? Ent isso n justifica nada! Ele matou inocentes!', 'likes': 81, 'publicado_em': '2021-10-02T03:00:07Z'}, {'autor': '@amaterashe', 'comentario': '@ZECAURUBULULA só fala merda eim porra', 'likes': 2, 'publicado_em': '2021-11-03T15:37:34Z'}, {'autor': '@manuzinha1092', 'comentario': 'como ele tá agora?', 'likes': 5, 'publicado_em': '2021-12-01T09:10:17Z'}]","DnENpC6UBpw","CASO O MASSACRE DE REALENGO","3","Mais curtidos"
"@samiracalixto8032","UCQb6Q5kjxQFw_6wfLR1U4nA","http://www.youtube.com/@samiracalixto8032","Jaque rainha do jornalismo criminal","875","2019-01-22T22:06:43Z","2019-01-22T22:06:43Z","True","True","0","0","[]","DnENpC6UBpw","CASO O MASSACRE DE REALENGO","3","Mais curtidos"
"@imblink6724","UC0c0BecKoKB5JNKlPf3r_fw","http://www.youtube.com/@imblink6724","Sobre esse canal: Foi amor ao primeiro vídeo ❤","852","2019-01-22T22:13:55Z","2019-01-22T22:13:55Z","True","True","12","5","[{'autor': '@sweetdispostion_1222', 'comentario': 'gostei do icon <3', 'likes': 5, 'publicado_em': '2019-01-22T22:22:43Z'}, {'autor': '@imblink6724', 'comentario': '@sweetdispostion_1222 tbm gostei do seu 💙', 'likes': 4, 'publicado_em': '2019-01-22T22:24:43Z'}, {'autor': '@mayrlasampaio1224', 'comentario': 'Também ❤👏', 'likes': 2, 'publicado_em': '2019-01-22T22:44:59Z'}, {'autor': '@sweetdispostion_1222', 'comentario': '@imblink6724 💙', 'likes': 3, 'publicado_em': '2019-01-22T22:48:20Z'}, {'autor': '@rafaellsaraujo', 'comentario': 'pode crê', 'likes': 1, 'publicado_em': '2019-01-22T23:38:20Z'}]","DnENpC6UBpw","CASO O MASSACRE DE REALENGO","3","Mais curtidos"
"@bysanlim","UCdNs6J2BF_FOcUz-mcX0gmw","http://www.youtube.com/@bysanlim","O mais triste é ver gente passando pano no assassino por ele ter sofrido bullying e feito oque fez, meu que isso? Ninguém merece a morte","827","2020-12-04T13:11:07Z","2020-12-04T13:11:07Z","True","True","40","5","[{'autor': '@camiz.z', 'comentario': 'E ele ainda matou inocentes!', 'likes': 82, 'publicado_em': '2021-01-09T16:54:07Z'}, {'autor': '@naosei6029', 'comentario': 'Merece sim e fuedase', 'likes': 20, 'publicado_em': '2021-01-20T23:53:30Z'}, {'autor': '@nanizita', 'comentario': '@joselucas221 ele matou inocentes', 'likes': 41, 'publicado_em': '2021-01-25T20:34:40Z'}, {'autor': '@Hope-uw1vj', 'comentario': '@joselucas221 Seu burro, ele matou pessoas que não tinham NADA haver, os que faziam bullying com ele já estavam fora da escola, porra.', 'likes': 46, 'publicado_em': '2021-01-28T15:14:29Z'}, {'autor': '@dieneanjos3269', 'comentario': 'Verdade', 'likes': 3, 'publicado_em': '2021-02-01T21:59:50Z'}]","DnENpC6UBpw","CASO O MASSACRE DE REALENGO","3","Mais curtidos"
"@ellenlima3303","UC51Oe_C709iXXAbzspeouDA","http://www.youtube.com/@ellenlima3303","Eu estava no dia da tragédia tinha apenas 9 anos e estudava no 3º andar onde ele morreu na escada que dava acesso para minha sala. Esse dia me trás marcas até hoje mesmo depois de 11 anos, me lembro de todos os detalhes desde a minha chegada na escola até o momento que que cheguei em casa e recebi a notícia que tinha perdido uma amiga. As pessoas não sabem o quanto é doloroso relembrar todos os dias essa tragédia tive que fazer tratamento psicológico por anos para conseguir amenizar toda tortura psicológica que eu tinha.","266","2022-12-15T16:25:08Z","2022-12-15T16:25:08Z","True","True","9","5","[{'autor': '@tatianesena5831', 'comentario': 'Que Deus cure suas feridas', 'likes': 13, 'publicado_em': '2023-01-04T01:28:41Z'}, {'autor': '@romarioeinstein', 'comentario': '\u200b@LucasGomes-xo3td calma man', 'likes': 4, 'publicado_em': '2023-01-31T03:56:59Z'}, {'autor': '@Smzumm', 'comentario': '@LucasGomes-xo3td mano calma porra fds aqui não e lugar de criancinha não porra fds pra tu geração z desfodaci olha coisa triste da história dela aí vem um demete e fala fds vai pro inferno', 'likes': 0, 'publicado_em': '2023-02-08T17:04:21Z'}, {'autor': '@idiotteen3324', 'comentario': '\u200b@romarioeinsteinmeu pai foi decapitado hoje', 'likes': 2, 'publicado_em': '2023-10-01T00:01:39Z'}, {'autor': '@miriellev8457', 'comentario': 'Mimimi', 'likes': 0, 'publicado_em': '2023-11-13T21:30:34Z'}]","DnENpC6UBpw","CASO O MASSACRE DE REALENGO","3","Mais curtidos"
"@jooe2534","UC39w9t_1Y-DkWIeUSMz4i0Q","http://www.youtube.com/@jooe2534","Sei lá, o jeito que ela me prende no vídeo inteiro é diferente","215","2019-01-22T21:46:49Z","2019-01-22T21:46:49Z","True","True","1","1","[{'autor': '@mariaeduardap6247', 'comentario': 'Lee JooWon acho q é o sotaque dela kkk pelo menos cmg é', 'likes': 2, 'publicado_em': '2019-01-23T03:47:11Z'}]","DnENpC6UBpw","CASO O MASSACRE DE REALENGO","3","Mais curtidos"
"@giihchan4934","UC0Wda7EI3xcK-lw4goUe0Hg","http://www.youtube.com/@giihchan4934","Eu vi e convivi com um garoto na minha sala que tinha intenções de cometer um massacre, era uma pessoa que nn tinha uma família estruturada,  sofria mto abuso psicológico dentro de casa e bullyng. Eu acabei virando amiga dele e ajudando ele, defendendo e tentando fazer ele entender que nada daquilo é pra sempre é a vida dele pode mudar. Hj ele tá formado , trabalha e é uma pessoa feliz. 
As vezes paro pra pensar, e se eu tivesse ignorado? Se eu nn fosse até ele dizer Oi?  Hj poderia estar morta por um crime que ele tinha REAL intenção de cometer.","8915","2020-06-21T01:20:54Z","2020-06-21T01:20:54Z","True","True","128","5","[{'autor': '@kj-hs4oh', 'comentario': 'meu deus....', 'likes': 346, 'publicado_em': '2020-07-11T22:46:31Z'}, {'autor': '@vitoriagabriela2042', 'comentario': 'Meu Deus, parabéns pela sua atitude poderia ter mais pessoas assim!! 👏', 'likes': 577, 'publicado_em': '2020-07-27T16:02:50Z'}, {'autor': '@madhatter3293', 'comentario': 'Parabéns poucos fazem isso 👍✌️', 'likes': 245, 'publicado_em': '2020-07-29T17:13:42Z'}, {'autor': '@heyloser8352', 'comentario': 'Parabéns por ter feito isso✊🏻', 'likes': 169, 'publicado_em': '2020-07-29T23:34:43Z'}, {'autor': '@giihchan4934', 'comentario': '@rom-428 queria q tivesse sido, NN se brinca com esse tipo de coisa, nunca', 'likes': 142, 'publicado_em': '2020-08-01T01:06:03Z'}]","DnENpC6UBpw","CASO O MASSACRE DE REALENGO","4","Mais longos"
"@ellenlima3303","UC51Oe_C709iXXAbzspeouDA","http://www.youtube.com/@ellenlima3303","Eu estava no dia da tragédia tinha apenas 9 anos e estudava no 3º andar onde ele morreu na escada que dava acesso para minha sala. Esse dia me trás marcas até hoje mesmo depois de 11 anos, me lembro de todos os detalhes desde a minha chegada na escola até o momento que que cheguei em casa e recebi a notícia que tinha perdido uma amiga. As pessoas não sabem o quanto é doloroso relembrar todos os dias essa tragédia tive que fazer tratamento psicológico por anos para conseguir amenizar toda tortura psicológica que eu tinha.","266","2022-12-15T16:25:08Z","2022-12-15T16:25:08Z","True","True","9","5","[{'autor': '@tatianesena5831', 'comentario': 'Que Deus cure suas feridas', 'likes': 13, 'publicado_em': '2023-01-04T01:28:41Z'}, {'autor': '@romarioeinstein', 'comentario': '\u200b@LucasGomes-xo3td calma man', 'likes': 4, 'publicado_em': '2023-01-31T03:56:59Z'}, {'autor': '@Smzumm', 'comentario': '@LucasGomes-xo3td mano calma porra fds aqui não e lugar de criancinha não porra fds pra tu geração z desfodaci olha coisa triste da história dela aí vem um demete e fala fds vai pro inferno', 'likes': 0, 'publicado_em': '2023-02-08T17:04:21Z'}, {'autor': '@idiotteen3324', 'comentario': '\u200b@romarioeinsteinmeu pai foi decapitado hoje', 'likes': 2, 'publicado_em': '2023-10-01T00:01:39Z'}, {'autor': '@miriellev8457', 'comentario': 'Mimimi', 'likes': 0, 'publicado_em': '2023-11-13T21:30:34Z'}]","DnENpC6UBpw","CASO O MASSACRE DE REALENGO","4","Mais longos"
"@icezinha4142","UCDAn95fyDo_47H8hi7Ae0iA","http://www.youtube.com/@icezinha4142","Na minha escola, tinha um menino (Não vou falar o nome dele) que era bem quieto, uma vez eu caí na sala dele e todos zoavam ele, Até que uma vez eu tomei coragem e comecei a falar com ele, viramos amigos, mas Eu saí da escola, fiz aniversário, e chamei ele para a festa mas depois de 5 semanas do meu aniversário, ele se suicidou.
Fiquei realmente muito triste com isso, Até hoje me sinto uma amiga horrível, sinto que se tivesse na escola, eu poderia ter ajudado ele de alguma forma, para que ele tivesse vivo...🥺","4445","2020-02-16T23:53:10Z","2020-11-25T13:39:51Z","True","True","53","5","[{'autor': '@lukaspgk', 'comentario': 'Mais a tentativa foi boa', 'likes': 214, 'publicado_em': '2020-03-12T17:48:13Z'}, {'autor': '@rutynhasilva6129', 'comentario': 'Não se sinta culpada, vc tentou ajuda-lo🙏🏼', 'likes': 383, 'publicado_em': '2020-03-22T14:44:58Z'}, {'autor': '@luysatome264', 'comentario': 'Você fez sua parte, não se culpe, não tinha como você adivinhar que isso iria acontecer.', 'likes': 236, 'publicado_em': '2020-04-29T08:19:16Z'}, {'autor': '@amigosunidos7054', 'comentario': 'Nossa,que louco,mano,parece um menino da minha escola', 'likes': 25, 'publicado_em': '2020-05-07T18:52:12Z'}, {'autor': '@camilaarcos1682', 'comentario': '@amigosunidos7054 louco? Como assim? Vc não pode chamar de louco uma pessoa que comete suicídio! Vc não sabe oq as pessoas passam! Então aqui quem é louco é vc!', 'likes': 106, 'publicado_em': '2020-05-30T01:52:55Z'}]","DnENpC6UBpw","CASO O MASSACRE DE REALENGO","4","Mais longos"
"@Betegms","UC65eBr_yN_ioakxpk8jLiKw","http://www.youtube.com/@Betegms","Sou mãe de um sobrevivente,um garotinho que na época tinha 10 anos e teve transtorno pós traumático,ele matou o psique de centenas de crianças.
Ele tirou vidas,ele tirou a paz de um bairro e prejudicar psicologicamente as crianças presentes.
Vivemos um filme de terror!
Nada justifica tamanha crueldade,seguimos tentando superar.","905","2021-06-06T16:03:15Z","2021-06-06T16:03:15Z","True","True","21","5","[{'autor': '@ZECAURUBULULA', 'comentario': '@Mateus  ainnn pai para estou impaquitada', 'likes': 5, 'publicado_em': '2021-09-03T22:33:54Z'}, {'autor': '@thaissouza5986', 'comentario': '@ZECAURUBULULA Para de ser sem noção! O cara era adulto, sofria bullying quando ele ainda estudava. Nada justifica ele ter feito isso com pessoas aleatórias, crianças que nao tiveram nada haver com o que ele passou e mesmo que fosse, nada justifica! Vidas importam!', 'likes': 127, 'publicado_em': '2021-09-12T03:15:25Z'}, {'autor': '@Nico-nf9lj', 'comentario': '@ZECAURUBULULA ele matou os que faziam bullying com ele?, os caras que fizeram bullying com ele estavam lá? Ent isso n justifica nada! Ele matou inocentes!', 'likes': 81, 'publicado_em': '2021-10-02T03:00:07Z'}, {'autor': '@amaterashe', 'comentario': '@ZECAURUBULULA só fala merda eim porra', 'likes': 2, 'publicado_em': '2021-11-03T15:37:34Z'}, {'autor': '@manuzinha1092', 'comentario': 'como ele tá agora?', 'likes': 5, 'publicado_em': '2021-12-01T09:10:17Z'}]","DnENpC6UBpw","CASO O MASSACRE DE REALENGO","4","Mais longos"
"@m.passos3400","UC3-D0vNQzL_jQLDVHINtf9Q","http://www.youtube.com/@m.passos3400","O bullying que vc pratica com o coleguinha hj pode tirar a vida do seu filho amanhã. Nunca trate o bullying cm algo normal, apague qualquer vestígio e corte o mal pela raiz. Isso pode salvar muitas vidas!","6439","2019-01-29T13:04:15Z","2019-02-23T10:21:44Z","True","True","150","5","[{'autor': '@anakawaii4256', 'comentario': '👍👍👌👌', 'likes': 22, 'publicado_em': '2019-02-06T13:35:04Z'}, {'autor': '@bluetm7424', 'comentario': 'bullying*', 'likes': 21, 'publicado_em': '2019-02-07T06:54:49Z'}, {'autor': '@Patricia26713', 'comentario': 'Verdade', 'likes': 11, 'publicado_em': '2019-02-12T23:02:28Z'}, {'autor': '@dougrafael1986', 'comentario': 'Boa, continue passando pano pra assassino colocando na conta das vítimas.', 'likes': 218, 'publicado_em': '2019-02-14T17:00:33Z'}, {'autor': '@jacksonwww5', 'comentario': 'A culpa é tanto do assassino como do pessoal que cometeu bullying.', 'likes': 250, 'publicado_em': '2019-02-15T00:19:53Z'}]","DnENpC6UBpw","CASO O MASSACRE DE REALENGO","4","Mais longos"
"@anacarolinaoliveira6233","UCgeOS8fzcOcO0n-feJP8wpg","http://www.youtube.com/@anacarolinaoliveira6233","eu moro em realengo e toda vez que passo em frente a essa escola sinto uma sensação horrível,pra quem não sabe,fizeram estátuas dos estudantes que faleceram em frente à escola","3974","2020-02-18T19:30:50Z","2020-02-18T19:33:49Z","True","True","74","5","[{'autor': '@lolomochi8186', 'comentario': 'Eu estudei lá em 2018, mas sai em pouco tempo depois pq me mudei', 'likes': 137, 'publicado_em': '2020-08-01T13:23:19Z'}, {'autor': '@samuelruanq10', 'comentario': '@lolomochi8186 amem', 'likes': 38, 'publicado_em': '2020-08-24T04:15:45Z'}, {'autor': '@brourj527', 'comentario': 'Q merda deve ser super pesado', 'likes': 135, 'publicado_em': '2020-09-04T07:11:57Z'}, {'autor': '@mrinsmpio8300', 'comentario': 'Oie, eu comecei a estudar lá esse ano, não tenho medo pq aquelas crianças são inocentes e lá está uma delas a Larissa, a avó dela era uma conhecida. Faleceu esse\nAno infelizmente.', 'likes': 97, 'publicado_em': '2020-09-21T03:57:52Z'}, {'autor': '@lilamorbrumzachlindo1524', 'comentario': 'Aquela praça é horrível, evito passar por ali.', 'likes': 44, 'publicado_em': '2020-10-31T12:31:30Z'}]","DnENpC6UBpw","CASO O MASSACRE DE REALENGO","4","Mais longos"
"@lilamorbrumzachlindo1524","UCIiOnapt8NIIL3_lRNvzsPg","http://www.youtube.com/@lilamorbrumzachlindo1524","Tem uma mãe de uma das meninas,  morta por ele, que está louca, anda pelas ruas com a foto da filha, e conta que desapareceu,  muito triste.","5053","2020-10-31T12:36:44Z","2020-10-31T12:36:44Z","True","True","99","5","[{'autor': '@saracoutinho3398', 'comentario': 'Nossa sério? Que triste :(', 'likes': 347, 'publicado_em': '2020-11-09T21:09:39Z'}, {'autor': '@lilamorbrumzachlindo1524', 'comentario': '@saracoutinho3398 triste demais,  é até difícil falar.', 'likes': 258, 'publicado_em': '2020-11-15T15:13:37Z'}, {'autor': '@tatybrito9083', 'comentario': 'Que Deus leve acalento para o coração dessa mãe 🥺', 'likes': 221, 'publicado_em': '2020-12-04T00:08:06Z'}, {'autor': '@imallergictostupidpeople3044', 'comentario': 'Ai gente isso é muito triste 😢😿...', 'likes': 128, 'publicado_em': '2020-12-10T20:04:21Z'}, {'autor': '@sheilaleoni5907', 'comentario': 'Ai mano, me doeu o coração de ler isso. 😢😢😢', 'likes': 94, 'publicado_em': '2020-12-10T23:05:30Z'}]","DnENpC6UBpw","CASO O MASSACRE DE REALENGO","4","Mais longos"
"@bysanlim","UCdNs6J2BF_FOcUz-mcX0gmw","http://www.youtube.com/@bysanlim","O mais triste é ver gente passando pano no assassino por ele ter sofrido bullying e feito oque fez, meu que isso? Ninguém merece a morte","827","2020-12-04T13:11:07Z","2020-12-04T13:11:07Z","True","True","40","5","[{'autor': '@camiz.z', 'comentario': 'E ele ainda matou inocentes!', 'likes': 82, 'publicado_em': '2021-01-09T16:54:07Z'}, {'autor': '@naosei6029', 'comentario': 'Merece sim e fuedase', 'likes': 20, 'publicado_em': '2021-01-20T23:53:30Z'}, {'autor': '@nanizita', 'comentario': '@joselucas221 ele matou inocentes', 'likes': 41, 'publicado_em': '2021-01-25T20:34:40Z'}, {'autor': '@Hope-uw1vj', 'comentario': '@joselucas221 Seu burro, ele matou pessoas que não tinham NADA haver, os que faziam bullying com ele já estavam fora da escola, porra.', 'likes': 46, 'publicado_em': '2021-01-28T15:14:29Z'}, {'autor': '@dieneanjos3269', 'comentario': 'Verdade', 'likes': 3, 'publicado_em': '2021-02-01T21:59:50Z'}]","DnENpC6UBpw","CASO O MASSACRE DE REALENGO","4","Mais longos"
"@fsunega","UCQxSifUCqB0pEHQ_KjCrw2g","http://www.youtube.com/@fsunega","Faz um vídeo sobre o massacre da escola de Suzano. Seu canal é muito bom. Seu trabalho de pesquisa criminal e impressionante. Parabéns.","6956","2020-05-28T22:45:21Z","2020-05-28T22:45:21Z","True","True","231","5","[{'autor': '@carlosandrade7994', 'comentario': 'Up', 'likes': 4, 'publicado_em': '2020-07-31T01:43:51Z'}, {'autor': '@joanampcosta', 'comentario': 'Up', 'likes': 2, 'publicado_em': '2020-08-02T15:10:08Z'}, {'autor': '@marialeopoldinadeaustria4769', 'comentario': 'Up', 'likes': 4, 'publicado_em': '2020-08-03T14:52:20Z'}, {'autor': '@emillygabrielly2268', 'comentario': 'Up', 'likes': 3, 'publicado_em': '2020-08-04T03:43:48Z'}, {'autor': '@milla0744', 'comentario': 'Up', 'likes': 2, 'publicado_em': '2020-08-04T16:22:27Z'}]","DnENpC6UBpw","CASO O MASSACRE DE REALENGO","4","Mais longos"
"@josicquerozserafim7432","UCojOQh590cgEqWsRdTr0esw","http://www.youtube.com/@josicquerozserafim7432","Tbm fui muito zuado na escola. E tenho ódio disso até hj. Os professores e diretores não tomam atitude alguma, nem os pais.","2942","2019-12-11T14:33:19Z","2019-12-11T14:33:19Z","True","True","62","5","[{'autor': '@vib0ra359', 'comentario': 'Né oq', 'likes': 6, 'publicado_em': '2020-02-16T03:15:14Z'}, {'autor': '@AlexandreSilva-eq4ks', 'comentario': 'Amigo,sei como é ,já passei por isso mas violência nunca é a solução.A vida não é sò isso,o colegial foi um momento ,você ainda vai encontrar pessoas maravilhosas na sua vida', 'likes': 122, 'publicado_em': '2020-02-16T23:02:31Z'}, {'autor': '@meirecosta1', 'comentario': 'Gente foi um desabafo bem mais fácil desejar que ele cure suas feridas e crie algo que endose que o bullying é ruim e mata. Que vc receba luz na sua jornada e sua história seja feliz!', 'likes': 53, 'publicado_em': '2020-02-20T16:26:15Z'}, {'autor': '@thamisesmartinss', 'comentario': 'Macho Men vai se tratar criatura!', 'likes': 22, 'publicado_em': '2020-02-28T00:47:52Z'}, {'autor': '@dayanesantos85', 'comentario': '@josicquerozserafim7432 aconselho uma terapia \n\nPs:não estou buscando treta, eu realmente acho que uma terapia ajuda muito, tirar um ódio das costas é a melhor coisa que existe', 'likes': 55, 'publicado_em': '2020-04-18T23:36:37Z'}]","DnENpC6UBpw","CASO O MASSACRE DE REALENGO","4","Mais longos"
"@kaede_24","UCn7Up2UA4G5CAXDsUjATBXg","http://www.youtube.com/@kaede_24","*Aluno sofre Bullying*
Escola: Dboa.
*Aluno vai sem uniforme*
Escola: SUSPENSÃO, REPROVADO, EXPULSO!!!!!!","6256","2020-12-21T05:53:51Z","2020-12-21T05:55:14Z","True","True","45","5","[{'autor': '@tiagoantimaconaria2022', 'comentario': 'Kkkkk vdd', 'likes': 51, 'publicado_em': '2020-12-28T14:54:38Z'}, {'autor': '@tey3833', 'comentario': 'Mano, teve um dia que fui sem o tênis do colégio pq tinha quebrado o dedo mindinho. Os fi de rapariga mandou eu voltar e colocar os tênis. Mainha me tirou da escola no mesmo dia!', 'likes': 162, 'publicado_em': '2021-01-15T05:25:34Z'}, {'autor': '@um_qualquer-0V', 'comentario': 'Em fim a hipocrisia', 'likes': 60, 'publicado_em': '2021-01-17T23:21:09Z'}, {'autor': '@tiagoantimaconaria2022', 'comentario': '@dnakjsbdbdvbsjshsbevdv oq vc quer mano? Eu nem fico mais em coisa de tcc', 'likes': 3, 'publicado_em': '2021-02-22T20:34:42Z'}, {'autor': '@tatakae711', 'comentario': '@tiagoantimaconaria2022 🤥', 'likes': 0, 'publicado_em': '2021-02-26T17:47:43Z'}]","DnENpC6UBpw","CASO O MASSACRE DE REALENGO","4","Mais longos"
"@taissasantos718","UC97ETfxzhgNVfRNjblKCHxQ","http://www.youtube.com/@taissasantos718","""Nos meninos ele atirava nos braços e nas meninas...
~suspiro~
...ele atirava na cabeça"".","6364","2019-12-05T16:26:40Z","2019-12-05T16:26:40Z","True","True","177","5","[{'autor': '@neilabeatriz5295', 'comentario': 'Pesadíssimo...', 'likes': 794, 'publicado_em': '2020-01-30T20:54:45Z'}, {'autor': '@fromthearth', 'comentario': 'Maria Júlia Dos Reis Noronha ninguém ta falando que levar um tiro no braço é bom ou que não se sente dor. Mas ninguém morre na hora depois de tomar um tiro no braço', 'likes': 809, 'publicado_em': '2020-02-05T14:42:59Z'}, {'autor': '@rejanealveslinsmoura1410', 'comentario': '@mariajuliadosreisnoronha8526 nossa deve doer mais...\nIMAGINA NA CABEÇA?', 'likes': 304, 'publicado_em': '2020-02-05T21:09:31Z'}, {'autor': '@kaylaneas2', 'comentario': 'Notei a mesma coisa :(', 'likes': 92, 'publicado_em': '2020-02-07T06:21:17Z'}, {'autor': '@lui2196', 'comentario': '@rejanealveslinsmoura1410 na cabeça morre na hora', 'likes': 342, 'publicado_em': '2020-02-08T12:49:35Z'}]","DnENpC6UBpw","CASO O MASSACRE DE REALENGO","4","Mais longos"
"@giovannamunier755","UCJK6yX_Fn_4qw0A9ZSQFGvQ","http://www.youtube.com/@giovannamunier755","Ele só matou inocentes, pq as pessoas que faziam bullying com ele nem estudavam mais lá","973","2020-11-14T15:57:37Z","2020-11-14T15:57:37Z","True","True","46","5","[{'autor': '@sosossauro', 'comentario': 'Sim, ele só matou por vingança porque não sei explicar ele tinha tanto ódio e como não tinha como reunir todos eles em um mesmo lugar matou inocentes', 'likes': 45, 'publicado_em': '2021-01-09T21:50:49Z'}, {'autor': '@kr0k0d1l4', 'comentario': 'NÃO INTERRESSA ELE LUTOU POR NOIS QUE SOFREMOS BULLYNG', 'likes': 8, 'publicado_em': '2021-01-10T16:49:02Z'}, {'autor': '@kr0k0d1l4', 'comentario': '@julinha5263 🤫 cala a boquinha QM não sofre BULLYNG não sabe como é não sabe como nos sentimos', 'likes': 8, 'publicado_em': '2021-01-10T16:58:34Z'}, {'autor': '@sosossauro', 'comentario': '@kr0k0d1l4 eu já sofri bullying e não justifica :)\nVocê é só um bosta que acha que violência serve pra tudo\nCala a boca que você fica melhor calado', 'likes': 80, 'publicado_em': '2021-01-10T18:27:00Z'}, {'autor': '@sosossauro', 'comentario': 'SUICIDA eu já desisti do canal filho não posto vídeo', 'likes': 1, 'publicado_em': '2021-01-10T19:06:04Z'}]","DnENpC6UBpw","CASO O MASSACRE DE REALENGO","4","Mais longos"
"@nathzln","UCevWY9lNQ1EzHMYEStMKRVw","http://www.youtube.com/@nathzln","E quem diria que hoje, 13 de março aconteceu a mesma coisa na escola de Suzano, SP. 😪😔","3675","2019-03-13T23:07:36Z","2019-03-13T23:07:36Z","True","True","49","5","[{'autor': '@nina-yb8hq', 'comentario': 'pois é,muito triste ):', 'likes': 24, 'publicado_em': '2019-03-14T17:37:22Z'}, {'autor': '@Laraast', 'comentario': 'Muito triste', 'likes': 10, 'publicado_em': '2019-03-15T01:36:05Z'}, {'autor': '@jenyffercaroline7482', 'comentario': 'Muito triste', 'likes': 5, 'publicado_em': '2019-03-15T17:07:53Z'}, {'autor': '@elly5700', 'comentario': '@Nath Jogos tá bom todo mundo sabe disso', 'likes': 4, 'publicado_em': '2019-03-15T17:26:32Z'}, {'autor': '@mdckp5120', 'comentario': 'Shorei 😭😭😭😔', 'likes': 2, 'publicado_em': '2019-03-16T15:49:45Z'}]","DnENpC6UBpw","CASO O MASSACRE DE REALENGO","4","Mais longos"
"@leticianovais4741","UC_GWeFOIn76GVwaH8fgCDTw","http://www.youtube.com/@leticianovais4741","Jaqueline: a.
eu: isso mesmo, concordo plenamente, lindíssima, resolveu tudo. ❤","2637","2019-01-22T21:05:05Z","2019-01-22T21:05:05Z","True","True","18","5","[{'autor': '@puff3rf1shie', 'comentario': 'Army :3', 'likes': 11, 'publicado_em': '2019-01-22T21:14:42Z'}, {'autor': '@carolinal.araujo8399', 'comentario': 'Kkkkkkkkkk bem assim', 'likes': 4, 'publicado_em': '2019-01-22T21:22:45Z'}, {'autor': '@beatrizsader3658', 'comentario': 'Hahahahaahaha Muito bom !', 'likes': 3, 'publicado_em': '2019-01-22T21:27:59Z'}, {'autor': '@mon1maria', 'comentario': 'Kkkkkkkkkkkkk simmmmm', 'likes': 3, 'publicado_em': '2019-01-22T21:50:07Z'}, {'autor': '@leticianovais4741', 'comentario': '@puff3rf1shie izii. <3', 'likes': 4, 'publicado_em': '2019-01-22T22:17:51Z'}]","DnENpC6UBpw","CASO O MASSACRE DE REALENGO","4","Mais longos"
"@titiafadinha6132","UCZuOKIZQXc5qSRdP3qUgojQ","http://www.youtube.com/@titiafadinha6132","""Quem bate esquece, mas quem apanha não"", fiquem com essa reflexão!","3336","2019-01-30T15:28:35Z","2019-01-30T15:28:35Z","True","True","35","5","[{'autor': '@allangabriel4409', 'comentario': 'Vc é inocente até que se prove ao contrário.', 'likes': 12, 'publicado_em': '2019-02-17T00:15:50Z'}, {'autor': '@pauliinha161', 'comentario': 'O problema é que pessoas inocentes morrem! O BRASIL pode ter seus problemas mais eu nunca vi país mais carinhoso,mais preocupado com questões socias,enfim.. um país que entre erros e acertos sempre tenta respeitar a personalidade de cada um!então tem alguma coisa de errado sim,mais não é assim q se resolve em um país que abraça todas a pessoas.', 'likes': 38, 'publicado_em': '2019-03-13T19:49:30Z'}, {'autor': '@umajovemcrista5340', 'comentario': '@pauliinha161 Que mundo cê tá meu amigo?', 'likes': 67, 'publicado_em': '2019-03-14T20:31:59Z'}, {'autor': '@leandropaes4957', 'comentario': 'Uma lei de retardado.\nMais sempre vai funcionar.\nSe liga valentões.', 'likes': 9, 'publicado_em': '2019-03-14T22:43:55Z'}, {'autor': '@lucassouza8573', 'comentario': 'Eu mataria só qm me fez mal', 'likes': 29, 'publicado_em': '2019-03-15T07:28:49Z'}]","DnENpC6UBpw","CASO O MASSACRE DE REALENGO","4","Mais longos"
"@jooe2534","UC39w9t_1Y-DkWIeUSMz4i0Q","http://www.youtube.com/@jooe2534","Sei lá, o jeito que ela me prende no vídeo inteiro é diferente","215","2019-01-22T21:46:49Z","2019-01-22T21:46:49Z","True","True","1","1","[{'autor': '@mariaeduardap6247', 'comentario': 'Lee JooWon acho q é o sotaque dela kkk pelo menos cmg é', 'likes': 2, 'publicado_em': '2019-01-23T03:47:11Z'}]","DnENpC6UBpw","CASO O MASSACRE DE REALENGO","4","Mais longos"
"@imblink6724","UC0c0BecKoKB5JNKlPf3r_fw","http://www.youtube.com/@imblink6724","Sobre esse canal: Foi amor ao primeiro vídeo ❤","852","2019-01-22T22:13:55Z","2019-01-22T22:13:55Z","True","True","12","5","[{'autor': '@sweetdispostion_1222', 'comentario': 'gostei do icon <3', 'likes': 5, 'publicado_em': '2019-01-22T22:22:43Z'}, {'autor': '@imblink6724', 'comentario': '@sweetdispostion_1222 tbm gostei do seu 💙', 'likes': 4, 'publicado_em': '2019-01-22T22:24:43Z'}, {'autor': '@mayrlasampaio1224', 'comentario': 'Também ❤👏', 'likes': 2, 'publicado_em': '2019-01-22T22:44:59Z'}, {'autor': '@sweetdispostion_1222', 'comentario': '@imblink6724 💙', 'likes': 3, 'publicado_em': '2019-01-22T22:48:20Z'}, {'autor': '@rafaellsaraujo', 'comentario': 'pode crê', 'likes': 1, 'publicado_em': '2019-01-22T23:38:20Z'}]","DnENpC6UBpw","CASO O MASSACRE DE REALENGO","4","Mais longos"
"@samiracalixto8032","UCQb6Q5kjxQFw_6wfLR1U4nA","http://www.youtube.com/@samiracalixto8032","Jaque rainha do jornalismo criminal","875","2019-01-22T22:06:43Z","2019-01-22T22:06:43Z","True","True","0","0","[]","DnENpC6UBpw","CASO O MASSACRE DE REALENGO","4","Mais longos"
"@rafaelalima5713","UCw0Qyji3iOZoPkEFt76673Q","http://www.youtube.com/@rafaelalima5713","Só eu que amei esse cenário??","1011","2019-01-22T22:08:12Z","2019-01-22T22:08:12Z","True","True","9","5","[{'autor': '@irenesantos8706', 'comentario': 'Eu também!', 'likes': 3, 'publicado_em': '2019-01-22T22:31:53Z'}, {'autor': '@biancarodrigues5147', 'comentario': 'Amei tanto e fiquei logo no IT haja', 'likes': 1, 'publicado_em': '2019-01-22T22:35:02Z'}, {'autor': '@hellysilva466', 'comentario': 'Bem organizado.amei', 'likes': 3, 'publicado_em': '2019-01-22T22:51:33Z'}, {'autor': '@m.barbosa__', 'comentario': 'Só você\nRainha Elizabeth \nDiferentona \nÚnica', 'likes': 3, 'publicado_em': '2019-01-22T23:11:17Z'}, {'autor': '@kassiaannysilvaaraujo6294', 'comentario': 'Tbm❤️', 'likes': 0, 'publicado_em': '2019-01-22T23:16:20Z'}]","DnENpC6UBpw","CASO O MASSACRE DE REALENGO","4","Mais longos"
"@SolangeLins-h5x","UCUXY_L1K7CRt0ljXlOxfXpA","http://www.youtube.com/@SolangeLins-h5x","Cheguei em Realengo con 2 aninhos, em 1959, aos 5 anos comwcei a ser alfabetizada pir Dona Nizinha, na rua Imperatriz, aos 7 fuu para escola Gabriel Soares de Souza e a merenda era uma delicia!! E dona Loira( uma das cozinheiras) sempre me deixava repetir, peixe com arroz meu almoço preferido!!😋 o rio Piraguara era limpinho cruzando  o bairro e a praça piraquara, os carnavais no coreto da praça en frente a igreja Nossa Senhora, eram muito bons, e a adolecencia nos bailes do clube Realengo, que tambem tinha baile de carnaval, e o cinema de Realengo que maravilha!! Obrugada pelo video.❤","2","2025-06-26T12:51:09Z","2025-06-26T12:51:09Z","True","True","1","1","[{'autor': '@VoudeDrone', 'comentario': 'Valeu, Solange. Obrigado por assistir e deixar um comentário tão legal. Já que Gostou do vídeo, então, não deixe de se inscrever. Tem muito mais vídeos como esse no canal.\nhttps://www.youtube.com/voudedrone/?sub_confirmation=1\u200b@marinasabino9776', 'likes': 1, 'publicado_em': '2025-06-26T16:43:47Z'}]","oqWfaI5M268","Realengo e sua história - @VoudeDrone","1","Mais novos"
"@ThiagoDamiãoMoura","UCV7ZkYhuHSPQ7XwbQPmZtsg","http://www.youtube.com/@ThiagoDami%C3%A3oMoura","eu sou nascido e criado em Realengo, estudei na nicarágua, depois no colégio Realengo e faculdade São José saí tem uns 18 anos já, mas amo muito meu bairro!!!","7","2024-02-29T01:27:45Z","2024-02-29T01:27:45Z","True","True","1","1","[{'autor': '@VoudeDrone', 'comentario': 'Show, Thiago! Valeu pelo comentário. \nGostou do vídeo? Não deixe de se inscrever. Tem muito mais vídeos como esse no canal.\nhttps://www.youtube.com/voudedrone/?sub_confirmation=1', 'likes': 1, 'publicado_em': '2024-02-29T23:16:16Z'}]","oqWfaI5M268","Realengo e sua história - @VoudeDrone","1","Mais novos"
"@marialuciaazevedodealmeida9716","UC1QX6g_x8GmpddaGHPGP1Fw","http://www.youtube.com/@marialuciaazevedodealmeida9716","Fiz minha Primeira Comunhão nessa lgreja","3","2023-12-05T04:48:34Z","2023-12-05T04:48:34Z","True","True","1","1","[{'autor': '@VoudeDrone', 'comentario': 'Que legal, Maria Lucia. Obrigado por compartilhar um pouco da sua história com o lugar.\nSe  gostou, não deixe de se inscrever. Tem muito mais vídeos como esse no canal.\nhttps://www.youtube.com/voudedrone/?sub_confirmation=1', 'likes': 1, 'publicado_em': '2023-12-05T08:34:24Z'}]","oqWfaI5M268","Realengo e sua história - @VoudeDrone","1","Mais novos"
"@kharllossilva","UC6zWhArWylTgGQ51w0EgWfQ","http://www.youtube.com/@kharllossilva","Nasci [1946] e me criei na Rua Goulart de Andrade, bem pertinho da Escola Nicarágua. Infelizmente não estudei nela. Toda minha lembrança é de um Realengo pacato, bucólico, praticamente uma ""cidade do interior"", onde todos se conheciam e tinham amizade. Saí de Realengo em 1975, indo morar em Brasília. Só voltei ao bairro esporadicamente, durante as férias. As lembranças são muitas, às vezes bem nostalgicas.","5","2023-12-01T22:38:21Z","2023-12-01T22:38:21Z","True","True","2","2","[{'autor': '@VoudeDrone', 'comentario': 'Obrigado pelo seu comentário, Carlos. Já que gostou, não deixe de se inscrever. Tem muito mais vídeos como esse no canal.\nhttps://www.youtube.com/voudedrone/?sub_confirmation=1', 'likes': 1, 'publicado_em': '2023-12-02T00:06:58Z'}, {'autor': '@novastudioweb', 'comentario': 'Meu avo  tinha um açougue em Realengo nos anos 60, gostaria de saber se alguem o conheceu.. Era um portugues chamado João Fernandes de Sousa Junior,  antes de Realengo, tinha um sítio na serra de Bangu e um tio ou  primo que morava na Rua da Prata, 63', 'likes': 0, 'publicado_em': '2024-12-26T23:40:45Z'}]","oqWfaI5M268","Realengo e sua história - @VoudeDrone","1","Mais novos"
"@WilsonSilva-e3q","UCPWR-3VyeR6uuWlxLntSQYA","http://www.youtube.com/@WilsonSilva-e3q","Muito bonito Realengo","4","2023-11-28T14:21:26Z","2023-11-28T14:21:26Z","True","True","1","1","[{'autor': '@VoudeDrone', 'comentario': 'Obrigado, Wilson. \nJá que gostou, não deixe de se inscrever. Tem muito mais vídeos como esse no canal.\nhttps://www.youtube.com/voudedrone/?sub_confirmation=1', 'likes': 1, 'publicado_em': '2023-11-28T20:19:26Z'}]","oqWfaI5M268","Realengo e sua história - @VoudeDrone","1","Mais novos"
"@antoniocgomes4353","UCzzJr6PlMTgwMS5FSm0kvrg","http://www.youtube.com/@antoniocgomes4353","Faltou falar do trágico incêndio da Fábrica da Cartuchos de Realengo. Cresci ouvindo as histórias dos meus avós e vizinhos a respeito desta catástrofe. Se não me engano, foi em 1935 e durante décadas, só se via as estruturas danificadas com sua paredes queimadas. Eu mesmo na minha adolescência(década de 1970) percorri a pé pela Av Santa Cruz constatando a história a mim passada por meus antepassados nas ruínas desta extinta fábrica.","4","2023-10-19T09:31:30Z","2023-10-19T09:31:30Z","True","True","1","1","[{'autor': '@VoudeDrone', 'comentario': 'Excelente dica, Antônio. \nJá coloquei na lista de assuntos.\nNão deixe de se inscrever para não perder quando eu postar esse assunto:\nhttps://www.youtube.com/voudedrone/?sub_confirmation=1\nObrigado por assistir e comentar', 'likes': 1, 'publicado_em': '2023-10-19T16:22:04Z'}]","oqWfaI5M268","Realengo e sua história - @VoudeDrone","1","Mais novos"
"@suelystoll785","UCfwH6ebtfQkIjir_B8owQmg","http://www.youtube.com/@suelystoll785","Moro em Realengo desde 1967, e vi o desenvolvimento acontecendo.","3","2023-09-29T12:41:27Z","2023-09-29T12:41:27Z","True","True","2","2","[{'autor': '@VoudeDrone', 'comentario': 'Interessante 🙂👍', 'likes': 1, 'publicado_em': '2023-09-29T22:35:57Z'}, {'autor': '@novastudioweb', 'comentario': 'Meu avo  tinha um açougue em Realengo nos anos 60, gostaria de saber se alguem o conheceu.. Era um portugues chamado João Fernandes de Sousa Junior,  antes de Realengo, tinha um sítio na serra de Bangu e um tio ou  primo que morava na Rua da Prata, 63', 'likes': 0, 'publicado_em': '2024-12-26T23:41:08Z'}]","oqWfaI5M268","Realengo e sua história - @VoudeDrone","1","Mais novos"
"@severinorodrigues3651","UCjccUeQLTIqPZ7GxnoghiDQ","http://www.youtube.com/@severinorodrigues3651","Gostaria de assistir um vídeo contando a história de Santa Margarida em Campo e mostrando as três escolas Lucio, Rômulo Galego e Barão eu morei aí é estudei na Rômulo  estou com saudades faz 43 anos que deixei o Rio de Janeiro vindo mora em  Tangara no Rio Grande do Norte","3","2023-09-21T11:45:27Z","2023-09-21T11:45:27Z","True","True","1","1","[{'autor': '@VoudeDrone', 'comentario': 'Excelente dica. \nJá coloquei na lista de assuntos.\nNão deixe de se inscrever para não perder quando eu postar esse assunto:\nhttps://www.youtube.com/voudedrone/?sub_confirmation=1\nObrigado por assistir e comentar', 'likes': 1, 'publicado_em': '2023-09-21T15:25:26Z'}]","oqWfaI5M268","Realengo e sua história - @VoudeDrone","1","Mais novos"
"@pauloafonso5836","UCzC55hnjvEEu-CZ9iFeOT1Q","http://www.youtube.com/@pauloafonso5836","A minha maravilhosa sinto saudades daquele tempo muito bom !!!!","3","2023-06-16T10:52:19Z","2023-06-16T10:52:19Z","True","True","1","1","[{'autor': '@VoudeDrone', 'comentario': 'Tempo bom', 'likes': 1, 'publicado_em': '2023-06-18T20:49:42Z'}]","oqWfaI5M268","Realengo e sua história - @VoudeDrone","1","Mais novos"
"@elizabethmello2045","UCjuCIFZxhT0-hjWuRZ8R6KQ","http://www.youtube.com/@elizabethmello2045","Muito legal, morei em Realengo e estudei na Nicarágua!Gostei muito do vídeo!!!!😅","3","2023-05-20T18:39:38Z","2023-05-20T18:39:38Z","True","True","1","1","[{'autor': '@VoudeDrone', 'comentario': 'Muito obrigado', 'likes': 1, 'publicado_em': '2023-05-21T03:37:25Z'}]","oqWfaI5M268","Realengo e sua história - @VoudeDrone","1","Mais novos"
"@MariaJose-nd5sv","UCeml5Al0TJfLcrIaU3W7PyA","http://www.youtube.com/@MariaJose-nd5sv","Morei alguns anos no Rio de janeiro aí em Realengo na rua Claudino Barata .tenho ótimas  lembranças  desse lugar.hj moro na minha terra Natal Maranhão. Mais valeu, parabéns  por esse conteúdo  riquíssimo.","5","2023-04-08T19:50:00Z","2023-04-08T19:50:00Z","True","True","1","1","[{'autor': '@VoudeDrone', 'comentario': 'Eu que agradeço por assistir e comentar', 'likes': 3, 'publicado_em': '2023-04-08T21:07:16Z'}]","oqWfaI5M268","Realengo e sua história - @VoudeDrone","1","Mais novos"
"@jovinopereiradasilva186","UCy2_CZ6LPJeIwzoIKoXLF6w","http://www.youtube.com/@jovinopereiradasilva186","Meu amigo sou do sul ,mas tive o prazer de morar em realengo","4","2023-04-05T23:06:07Z","2023-04-05T23:06:07Z","True","True","1","1","[{'autor': '@VoudeDrone', 'comentario': 'Mora onde no Sul?', 'likes': 2, 'publicado_em': '2023-04-06T01:41:34Z'}]","oqWfaI5M268","Realengo e sua história - @VoudeDrone","1","Mais novos"
"@ligialira2574","UC6-X2g6RHVp-pQ9mxxjvGgQ","http://www.youtube.com/@ligialira2574","Nasci em Realengo. Morei na Marechal Soares Andrea, ao lado do colégio Realengo. Depois fui pra rua Paranaguá ao lado do antigo supermercado Rio.  E na adolescência fui morar na Canrrobert da Costa em frente as Sendas. Hoje moro em Brasília. Mas ainda tenho parentes em Padre Miguel. Saudades da minha infância! Fiz primeira comunhão na Nossa senhora da Conceição!","7","2023-03-21T01:47:55Z","2023-03-21T01:47:55Z","True","True","1","1","[{'autor': '@VoudeDrone', 'comentario': 'Muito obrigado por assistir e comentar', 'likes': 2, 'publicado_em': '2023-03-21T02:37:38Z'}]","oqWfaI5M268","Realengo e sua história - @VoudeDrone","1","Mais novos"
"@sandraxavier7350","UCpB0LPmZh8LULAmXlTQ3Xrw","http://www.youtube.com/@sandraxavier7350","Olá a todos sou de São  Paulo amei o vídeo","7","2022-11-25T19:25:15Z","2022-11-25T19:25:15Z","True","True","3","3","[{'autor': '@VoudeDrone', 'comentario': 'Muito obrigado, Sandra 🙂👍', 'likes': 1, 'publicado_em': '2022-11-25T19:49:46Z'}, {'autor': '@antoniocesarcerqueira3544', 'comentario': 'Alô, alô Realengo.... Àquele abraço!!!', 'likes': 1, 'publicado_em': '2024-01-24T12:44:39Z'}, {'autor': '@VoudeDrone', 'comentario': 'Obrigado, Antônio. \nJá que gostou, não deixe de se inscrever. Tem muito mais vídeos como esse no canal.\nhttps://www.youtube.com/voudedrone/?sub_confirmation=1', 'likes': 1, 'publicado_em': '2024-01-24T16:48:43Z'}]","oqWfaI5M268","Realengo e sua história - @VoudeDrone","1","Mais novos"
"@kharllossilva","UC6zWhArWylTgGQ51w0EgWfQ","http://www.youtube.com/@kharllossilva","Bem, posso falar de cadeira da ""Praça do Canhão"". Nasci e me criei na Rua Goulart de Andrade, bem junto da praça. Ficou popularmente conhecida como ""Praça do Canhão"" porque na praça, bem em frente ao portão principal da atual 9ª Brigada de Infantaria Motorizada, que antes tinha sediado a Escola Militar do Realengo, transformada em Academia Militar das Agulhas Negras, transferida para Rezende-RJ, havia um canhão de Artilharia de 152,4 mm, da marca Vickers Armstrong. Brinquei muito nesse canhão e na praça em frente a ele, inclusive assisti retretas de bandas no seu coreto.","7","2022-10-21T09:56:00Z","2022-10-21T09:56:00Z","True","True","7","5","[{'autor': '@VoudeDrone', 'comentario': 'Valeu pelo rico comentário. Aprendi uma palavra nova, além de conhecer mais sobre o meu bairro. Obrigado', 'likes': 2, 'publicado_em': '2022-10-21T15:46:23Z'}, {'autor': '@elfribeiro', 'comentario': 'Muito elucidativo e enriquecedor. Obrigado pelo comentário.', 'likes': 2, 'publicado_em': '2023-03-05T12:27:13Z'}, {'autor': '@VoudeDrone', 'comentario': '👏👏👏', 'likes': 1, 'publicado_em': '2023-03-05T12:48:05Z'}, {'autor': '@ligialira2574', 'comentario': 'Esse é profundo conhecedor?', 'likes': 2, 'publicado_em': '2023-03-21T01:57:35Z'}, {'autor': '@VoudeDrone', 'comentario': '🙂', 'likes': 1, 'publicado_em': '2023-03-21T02:39:08Z'}]","oqWfaI5M268","Realengo e sua história - @VoudeDrone","1","Mais novos"
"@marvianarantes9696","UCNgAodJecbzzSSVAdQ9ngZA","http://www.youtube.com/@marvianarantes9696","Excelente","2","2022-06-04T20:27:44Z","2022-06-04T20:27:44Z","True","True","1","1","[{'autor': '@VoudeDrone', 'comentario': 'Muito obrigado 🙂👍', 'likes': 1, 'publicado_em': '2022-06-04T21:07:28Z'}]","oqWfaI5M268","Realengo e sua história - @VoudeDrone","1","Mais novos"
"@cbmiguelito","UCqVB7nOovH4Qi8leof8OyJg","http://www.youtube.com/@cbmiguelito","Nasci em Realengo, estudei na Tasso da Silveira até 88. Também estudei no Colégio Realengo e fiz minha faculdade na Castelo Branco nos anos 90. Bons tempos aqueles. Morei na Piraquara e na rua dos Bombeiros. Saí do bairro em 2008. Hoje, moro em Dourados em Mato Grosso do Sul.","18","2022-03-05T05:22:50Z","2022-03-05T05:22:50Z","True","True","3","3","[{'autor': '@VoudeDrone', 'comentario': 'Valeu, Eduardo. Obrigado por participar com o seu comentário 🤓', 'likes': 3, 'publicado_em': '2022-03-05T09:21:34Z'}, {'autor': '@MaurilioRodrigues-m9o', 'comentario': 'Qual parte da rua do bombeiro Sr morou, é rua general Sezefredo, é deve conhecer o antigo salão do falecido Sr Jorge, esposa dona iara e filhas, por essa época de 90 a 2000 tinha o pagode nesse salão festa do batata , bom morei ali em frente ao salão, hoje só tá abandonado 😢', 'likes': 1, 'publicado_em': '2025-08-19T08:12:10Z'}, {'autor': '@VoudeDrone', 'comentario': 'Olá, Maurilio. Obrigado por assistir e comentar. Gostou do vídeo? Então, não deixe de se inscrever. Tem muito mais vídeos como esse no canal.\nhttps://www.youtube.com/voudedrone/?sub_confirmation=1', 'likes': 1, 'publicado_em': '2025-08-19T09:07:52Z'}]","oqWfaI5M268","Realengo e sua história - @VoudeDrone","1","Mais novos"
"@FranciscaMaria-hp5yv","UC6tBypMzeUwYsf-OuoR8Qfw","http://www.youtube.com/@FranciscaMaria-hp5yv","Gostei","2","2021-11-01T23:03:27Z","2021-11-01T23:03:27Z","True","True","1","1","[{'autor': '@VoudeDrone', 'comentario': 'Obrigado', 'likes': 1, 'publicado_em': '2021-11-01T23:05:58Z'}]","oqWfaI5M268","Realengo e sua história - @VoudeDrone","1","Mais novos"
"@VoudeDrone","UC_Hg4hk-BRfeSF7n_s1KKew","http://www.youtube.com/@VoudeDrone","Obrigado 🙂👍 para mais conteúdos como esse 👉 https://bit.ly/3ykzBBv","7","2021-07-28T05:26:07Z","2021-07-28T05:26:07Z","True","True","6","5","[{'autor': '@MariaJose-nd5sv', 'comentario': 'Morei em Realengo por alguns anos morava  na rua Claudino  Barata.hj moro no Maranhão  minha terra Natal.tenho muitas lembranças  boas desse lugar.obrigada amado por nós mostrar esse vídeo  maravilhoso  parabéns.', 'likes': 1, 'publicado_em': '2023-04-08T19:44:18Z'}, {'autor': '@VoudeDrone', 'comentario': 'Eu que agradeço por assistir, comentar e compartilhar sua história com o lugar. Deus te abençoe', 'likes': 1, 'publicado_em': '2023-04-08T19:48:11Z'}, {'autor': '@osmariobrito7776', 'comentario': 'Hora, hora, hora. Que história! Tome um like!', 'likes': 1, 'publicado_em': '2023-05-02T22:59:48Z'}, {'autor': '@VoudeDrone', 'comentario': '@osmariobrito7776 TMJ', 'likes': 1, 'publicado_em': '2023-05-03T11:55:58Z'}, {'autor': '@patriciamarculino9022', 'comentario': 'Nasci e ainda moro em Realengo. Também estudei na Escola Nicarágua e foi uma época inesquecível pra mim. Amo o meu bairro!', 'likes': 1, 'publicado_em': '2025-05-28T21:17:50Z'}]","oqWfaI5M268","Realengo e sua história - @VoudeDrone","1","Mais novos"
"@edesaugusto3736","UCC4vJwMXxmg2UBZ4Y2rgE9Q","http://www.youtube.com/@edesaugusto3736","Muito bom","2","2021-06-23T00:43:56Z","2021-06-23T00:43:56Z","True","True","1","1","[{'autor': '@VoudeDrone', 'comentario': 'Valeu, Augusto', 'likes': 1, 'publicado_em': '2021-06-23T00:48:09Z'}]","oqWfaI5M268","Realengo e sua história - @VoudeDrone","1","Mais novos"
"@edesaugusto3736","UCC4vJwMXxmg2UBZ4Y2rgE9Q","http://www.youtube.com/@edesaugusto3736","Muito bom","2","2021-06-23T00:43:56Z","2021-06-23T00:43:56Z","True","True","1","1","[{'autor': '@VoudeDrone', 'comentario': 'Valeu, Augusto', 'likes': 1, 'publicado_em': '2021-06-23T00:48:09Z'}]","oqWfaI5M268","Realengo e sua história - @VoudeDrone","2","Mais antigos"
"@VoudeDrone","UC_Hg4hk-BRfeSF7n_s1KKew","http://www.youtube.com/@VoudeDrone","Obrigado 🙂👍 para mais conteúdos como esse 👉 https://bit.ly/3ykzBBv","7","2021-07-28T05:26:07Z","2021-07-28T05:26:07Z","True","True","6","5","[{'autor': '@MariaJose-nd5sv', 'comentario': 'Morei em Realengo por alguns anos morava  na rua Claudino  Barata.hj moro no Maranhão  minha terra Natal.tenho muitas lembranças  boas desse lugar.obrigada amado por nós mostrar esse vídeo  maravilhoso  parabéns.', 'likes': 1, 'publicado_em': '2023-04-08T19:44:18Z'}, {'autor': '@VoudeDrone', 'comentario': 'Eu que agradeço por assistir, comentar e compartilhar sua história com o lugar. Deus te abençoe', 'likes': 1, 'publicado_em': '2023-04-08T19:48:11Z'}, {'autor': '@osmariobrito7776', 'comentario': 'Hora, hora, hora. Que história! Tome um like!', 'likes': 1, 'publicado_em': '2023-05-02T22:59:48Z'}, {'autor': '@VoudeDrone', 'comentario': '@osmariobrito7776 TMJ', 'likes': 1, 'publicado_em': '2023-05-03T11:55:58Z'}, {'autor': '@patriciamarculino9022', 'comentario': 'Nasci e ainda moro em Realengo. Também estudei na Escola Nicarágua e foi uma época inesquecível pra mim. Amo o meu bairro!', 'likes': 1, 'publicado_em': '2025-05-28T21:17:50Z'}]","oqWfaI5M268","Realengo e sua história - @VoudeDrone","2","Mais antigos"
"@FranciscaMaria-hp5yv","UC6tBypMzeUwYsf-OuoR8Qfw","http://www.youtube.com/@FranciscaMaria-hp5yv","Gostei","2","2021-11-01T23:03:27Z","2021-11-01T23:03:27Z","True","True","1","1","[{'autor': '@VoudeDrone', 'comentario': 'Obrigado', 'likes': 1, 'publicado_em': '2021-11-01T23:05:58Z'}]","oqWfaI5M268","Realengo e sua história - @VoudeDrone","2","Mais antigos"
"@cbmiguelito","UCqVB7nOovH4Qi8leof8OyJg","http://www.youtube.com/@cbmiguelito","Nasci em Realengo, estudei na Tasso da Silveira até 88. Também estudei no Colégio Realengo e fiz minha faculdade na Castelo Branco nos anos 90. Bons tempos aqueles. Morei na Piraquara e na rua dos Bombeiros. Saí do bairro em 2008. Hoje, moro em Dourados em Mato Grosso do Sul.","18","2022-03-05T05:22:50Z","2022-03-05T05:22:50Z","True","True","3","3","[{'autor': '@VoudeDrone', 'comentario': 'Valeu, Eduardo. Obrigado por participar com o seu comentário 🤓', 'likes': 3, 'publicado_em': '2022-03-05T09:21:34Z'}, {'autor': '@MaurilioRodrigues-m9o', 'comentario': 'Qual parte da rua do bombeiro Sr morou, é rua general Sezefredo, é deve conhecer o antigo salão do falecido Sr Jorge, esposa dona iara e filhas, por essa época de 90 a 2000 tinha o pagode nesse salão festa do batata , bom morei ali em frente ao salão, hoje só tá abandonado 😢', 'likes': 1, 'publicado_em': '2025-08-19T08:12:10Z'}, {'autor': '@VoudeDrone', 'comentario': 'Olá, Maurilio. Obrigado por assistir e comentar. Gostou do vídeo? Então, não deixe de se inscrever. Tem muito mais vídeos como esse no canal.\nhttps://www.youtube.com/voudedrone/?sub_confirmation=1', 'likes': 1, 'publicado_em': '2025-08-19T09:07:52Z'}]","oqWfaI5M268","Realengo e sua história - @VoudeDrone","2","Mais antigos"
"@marvianarantes9696","UCNgAodJecbzzSSVAdQ9ngZA","http://www.youtube.com/@marvianarantes9696","Excelente","2","2022-06-04T20:27:44Z","2022-06-04T20:27:44Z","True","True","1","1","[{'autor': '@VoudeDrone', 'comentario': 'Muito obrigado 🙂👍', 'likes': 1, 'publicado_em': '2022-06-04T21:07:28Z'}]","oqWfaI5M268","Realengo e sua história - @VoudeDrone","2","Mais antigos"
"@kharllossilva","UC6zWhArWylTgGQ51w0EgWfQ","http://www.youtube.com/@kharllossilva","Bem, posso falar de cadeira da ""Praça do Canhão"". Nasci e me criei na Rua Goulart de Andrade, bem junto da praça. Ficou popularmente conhecida como ""Praça do Canhão"" porque na praça, bem em frente ao portão principal da atual 9ª Brigada de Infantaria Motorizada, que antes tinha sediado a Escola Militar do Realengo, transformada em Academia Militar das Agulhas Negras, transferida para Rezende-RJ, havia um canhão de Artilharia de 152,4 mm, da marca Vickers Armstrong. Brinquei muito nesse canhão e na praça em frente a ele, inclusive assisti retretas de bandas no seu coreto.","7","2022-10-21T09:56:00Z","2022-10-21T09:56:00Z","True","True","7","5","[{'autor': '@VoudeDrone', 'comentario': 'Valeu pelo rico comentário. Aprendi uma palavra nova, além de conhecer mais sobre o meu bairro. Obrigado', 'likes': 2, 'publicado_em': '2022-10-21T15:46:23Z'}, {'autor': '@elfribeiro', 'comentario': 'Muito elucidativo e enriquecedor. Obrigado pelo comentário.', 'likes': 2, 'publicado_em': '2023-03-05T12:27:13Z'}, {'autor': '@VoudeDrone', 'comentario': '👏👏👏', 'likes': 1, 'publicado_em': '2023-03-05T12:48:05Z'}, {'autor': '@ligialira2574', 'comentario': 'Esse é profundo conhecedor?', 'likes': 2, 'publicado_em': '2023-03-21T01:57:35Z'}, {'autor': '@VoudeDrone', 'comentario': '🙂', 'likes': 1, 'publicado_em': '2023-03-21T02:39:08Z'}]","oqWfaI5M268","Realengo e sua história - @VoudeDrone","2","Mais antigos"
"@sandraxavier7350","UCpB0LPmZh8LULAmXlTQ3Xrw","http://www.youtube.com/@sandraxavier7350","Olá a todos sou de São  Paulo amei o vídeo","7","2022-11-25T19:25:15Z","2022-11-25T19:25:15Z","True","True","3","3","[{'autor': '@VoudeDrone', 'comentario': 'Muito obrigado, Sandra 🙂👍', 'likes': 1, 'publicado_em': '2022-11-25T19:49:46Z'}, {'autor': '@antoniocesarcerqueira3544', 'comentario': 'Alô, alô Realengo.... Àquele abraço!!!', 'likes': 1, 'publicado_em': '2024-01-24T12:44:39Z'}, {'autor': '@VoudeDrone', 'comentario': 'Obrigado, Antônio. \nJá que gostou, não deixe de se inscrever. Tem muito mais vídeos como esse no canal.\nhttps://www.youtube.com/voudedrone/?sub_confirmation=1', 'likes': 1, 'publicado_em': '2024-01-24T16:48:43Z'}]","oqWfaI5M268","Realengo e sua história - @VoudeDrone","2","Mais antigos"
"@ligialira2574","UC6-X2g6RHVp-pQ9mxxjvGgQ","http://www.youtube.com/@ligialira2574","Nasci em Realengo. Morei na Marechal Soares Andrea, ao lado do colégio Realengo. Depois fui pra rua Paranaguá ao lado do antigo supermercado Rio.  E na adolescência fui morar na Canrrobert da Costa em frente as Sendas. Hoje moro em Brasília. Mas ainda tenho parentes em Padre Miguel. Saudades da minha infância! Fiz primeira comunhão na Nossa senhora da Conceição!","7","2023-03-21T01:47:55Z","2023-03-21T01:47:55Z","True","True","1","1","[{'autor': '@VoudeDrone', 'comentario': 'Muito obrigado por assistir e comentar', 'likes': 2, 'publicado_em': '2023-03-21T02:37:38Z'}]","oqWfaI5M268","Realengo e sua história - @VoudeDrone","2","Mais antigos"
"@jovinopereiradasilva186","UCy2_CZ6LPJeIwzoIKoXLF6w","http://www.youtube.com/@jovinopereiradasilva186","Meu amigo sou do sul ,mas tive o prazer de morar em realengo","4","2023-04-05T23:06:07Z","2023-04-05T23:06:07Z","True","True","1","1","[{'autor': '@VoudeDrone', 'comentario': 'Mora onde no Sul?', 'likes': 2, 'publicado_em': '2023-04-06T01:41:34Z'}]","oqWfaI5M268","Realengo e sua história - @VoudeDrone","2","Mais antigos"
"@MariaJose-nd5sv","UCeml5Al0TJfLcrIaU3W7PyA","http://www.youtube.com/@MariaJose-nd5sv","Morei alguns anos no Rio de janeiro aí em Realengo na rua Claudino Barata .tenho ótimas  lembranças  desse lugar.hj moro na minha terra Natal Maranhão. Mais valeu, parabéns  por esse conteúdo  riquíssimo.","5","2023-04-08T19:50:00Z","2023-04-08T19:50:00Z","True","True","1","1","[{'autor': '@VoudeDrone', 'comentario': 'Eu que agradeço por assistir e comentar', 'likes': 3, 'publicado_em': '2023-04-08T21:07:16Z'}]","oqWfaI5M268","Realengo e sua história - @VoudeDrone","2","Mais antigos"
"@elizabethmello2045","UCjuCIFZxhT0-hjWuRZ8R6KQ","http://www.youtube.com/@elizabethmello2045","Muito legal, morei em Realengo e estudei na Nicarágua!Gostei muito do vídeo!!!!😅","3","2023-05-20T18:39:38Z","2023-05-20T18:39:38Z","True","True","1","1","[{'autor': '@VoudeDrone', 'comentario': 'Muito obrigado', 'likes': 1, 'publicado_em': '2023-05-21T03:37:25Z'}]","oqWfaI5M268","Realengo e sua história - @VoudeDrone","2","Mais antigos"
"@pauloafonso5836","UCzC55hnjvEEu-CZ9iFeOT1Q","http://www.youtube.com/@pauloafonso5836","A minha maravilhosa sinto saudades daquele tempo muito bom !!!!","3","2023-06-16T10:52:19Z","2023-06-16T10:52:19Z","True","True","1","1","[{'autor': '@VoudeDrone', 'comentario': 'Tempo bom', 'likes': 1, 'publicado_em': '2023-06-18T20:49:42Z'}]","oqWfaI5M268","Realengo e sua história - @VoudeDrone","2","Mais antigos"
"@severinorodrigues3651","UCjccUeQLTIqPZ7GxnoghiDQ","http://www.youtube.com/@severinorodrigues3651","Gostaria de assistir um vídeo contando a história de Santa Margarida em Campo e mostrando as três escolas Lucio, Rômulo Galego e Barão eu morei aí é estudei na Rômulo  estou com saudades faz 43 anos que deixei o Rio de Janeiro vindo mora em  Tangara no Rio Grande do Norte","3","2023-09-21T11:45:27Z","2023-09-21T11:45:27Z","True","True","1","1","[{'autor': '@VoudeDrone', 'comentario': 'Excelente dica. \nJá coloquei na lista de assuntos.\nNão deixe de se inscrever para não perder quando eu postar esse assunto:\nhttps://www.youtube.com/voudedrone/?sub_confirmation=1\nObrigado por assistir e comentar', 'likes': 1, 'publicado_em': '2023-09-21T15:25:26Z'}]","oqWfaI5M268","Realengo e sua história - @VoudeDrone","2","Mais antigos"
"@suelystoll785","UCfwH6ebtfQkIjir_B8owQmg","http://www.youtube.com/@suelystoll785","Moro em Realengo desde 1967, e vi o desenvolvimento acontecendo.","3","2023-09-29T12:41:27Z","2023-09-29T12:41:27Z","True","True","2","2","[{'autor': '@VoudeDrone', 'comentario': 'Interessante 🙂👍', 'likes': 1, 'publicado_em': '2023-09-29T22:35:57Z'}, {'autor': '@novastudioweb', 'comentario': 'Meu avo  tinha um açougue em Realengo nos anos 60, gostaria de saber se alguem o conheceu.. Era um portugues chamado João Fernandes de Sousa Junior,  antes de Realengo, tinha um sítio na serra de Bangu e um tio ou  primo que morava na Rua da Prata, 63', 'likes': 0, 'publicado_em': '2024-12-26T23:41:08Z'}]","oqWfaI5M268","Realengo e sua história - @VoudeDrone","2","Mais antigos"
"@antoniocgomes4353","UCzzJr6PlMTgwMS5FSm0kvrg","http://www.youtube.com/@antoniocgomes4353","Faltou falar do trágico incêndio da Fábrica da Cartuchos de Realengo. Cresci ouvindo as histórias dos meus avós e vizinhos a respeito desta catástrofe. Se não me engano, foi em 1935 e durante décadas, só se via as estruturas danificadas com sua paredes queimadas. Eu mesmo na minha adolescência(década de 1970) percorri a pé pela Av Santa Cruz constatando a história a mim passada por meus antepassados nas ruínas desta extinta fábrica.","4","2023-10-19T09:31:30Z","2023-10-19T09:31:30Z","True","True","1","1","[{'autor': '@VoudeDrone', 'comentario': 'Excelente dica, Antônio. \nJá coloquei na lista de assuntos.\nNão deixe de se inscrever para não perder quando eu postar esse assunto:\nhttps://www.youtube.com/voudedrone/?sub_confirmation=1\nObrigado por assistir e comentar', 'likes': 1, 'publicado_em': '2023-10-19T16:22:04Z'}]","oqWfaI5M268","Realengo e sua história - @VoudeDrone","2","Mais antigos"
"@WilsonSilva-e3q","UCPWR-3VyeR6uuWlxLntSQYA","http://www.youtube.com/@WilsonSilva-e3q","Muito bonito Realengo","4","2023-11-28T14:21:26Z","2023-11-28T14:21:26Z","True","True","1","1","[{'autor': '@VoudeDrone', 'comentario': 'Obrigado, Wilson. \nJá que gostou, não deixe de se inscrever. Tem muito mais vídeos como esse no canal.\nhttps://www.youtube.com/voudedrone/?sub_confirmation=1', 'likes': 1, 'publicado_em': '2023-11-28T20:19:26Z'}]","oqWfaI5M268","Realengo e sua história - @VoudeDrone","2","Mais antigos"
"@kharllossilva","UC6zWhArWylTgGQ51w0EgWfQ","http://www.youtube.com/@kharllossilva","Nasci [1946] e me criei na Rua Goulart de Andrade, bem pertinho da Escola Nicarágua. Infelizmente não estudei nela. Toda minha lembrança é de um Realengo pacato, bucólico, praticamente uma ""cidade do interior"", onde todos se conheciam e tinham amizade. Saí de Realengo em 1975, indo morar em Brasília. Só voltei ao bairro esporadicamente, durante as férias. As lembranças são muitas, às vezes bem nostalgicas.","5","2023-12-01T22:38:21Z","2023-12-01T22:38:21Z","True","True","2","2","[{'autor': '@VoudeDrone', 'comentario': 'Obrigado pelo seu comentário, Carlos. Já que gostou, não deixe de se inscrever. Tem muito mais vídeos como esse no canal.\nhttps://www.youtube.com/voudedrone/?sub_confirmation=1', 'likes': 1, 'publicado_em': '2023-12-02T00:06:58Z'}, {'autor': '@novastudioweb', 'comentario': 'Meu avo  tinha um açougue em Realengo nos anos 60, gostaria de saber se alguem o conheceu.. Era um portugues chamado João Fernandes de Sousa Junior,  antes de Realengo, tinha um sítio na serra de Bangu e um tio ou  primo que morava na Rua da Prata, 63', 'likes': 0, 'publicado_em': '2024-12-26T23:40:45Z'}]","oqWfaI5M268","Realengo e sua história - @VoudeDrone","2","Mais antigos"
"@marialuciaazevedodealmeida9716","UC1QX6g_x8GmpddaGHPGP1Fw","http://www.youtube.com/@marialuciaazevedodealmeida9716","Fiz minha Primeira Comunhão nessa lgreja","3","2023-12-05T04:48:34Z","2023-12-05T04:48:34Z","True","True","1","1","[{'autor': '@VoudeDrone', 'comentario': 'Que legal, Maria Lucia. Obrigado por compartilhar um pouco da sua história com o lugar.\nSe  gostou, não deixe de se inscrever. Tem muito mais vídeos como esse no canal.\nhttps://www.youtube.com/voudedrone/?sub_confirmation=1', 'likes': 1, 'publicado_em': '2023-12-05T08:34:24Z'}]","oqWfaI5M268","Realengo e sua história - @VoudeDrone","2","Mais antigos"
"@ThiagoDamiãoMoura","UCV7ZkYhuHSPQ7XwbQPmZtsg","http://www.youtube.com/@ThiagoDami%C3%A3oMoura","eu sou nascido e criado em Realengo, estudei na nicarágua, depois no colégio Realengo e faculdade São José saí tem uns 18 anos já, mas amo muito meu bairro!!!","7","2024-02-29T01:27:45Z","2024-02-29T01:27:45Z","True","True","1","1","[{'autor': '@VoudeDrone', 'comentario': 'Show, Thiago! Valeu pelo comentário. \nGostou do vídeo? Não deixe de se inscrever. Tem muito mais vídeos como esse no canal.\nhttps://www.youtube.com/voudedrone/?sub_confirmation=1', 'likes': 1, 'publicado_em': '2024-02-29T23:16:16Z'}]","oqWfaI5M268","Realengo e sua história - @VoudeDrone","2","Mais antigos"
"@SolangeLins-h5x","UCUXY_L1K7CRt0ljXlOxfXpA","http://www.youtube.com/@SolangeLins-h5x","Cheguei em Realengo con 2 aninhos, em 1959, aos 5 anos comwcei a ser alfabetizada pir Dona Nizinha, na rua Imperatriz, aos 7 fuu para escola Gabriel Soares de Souza e a merenda era uma delicia!! E dona Loira( uma das cozinheiras) sempre me deixava repetir, peixe com arroz meu almoço preferido!!😋 o rio Piraguara era limpinho cruzando  o bairro e a praça piraquara, os carnavais no coreto da praça en frente a igreja Nossa Senhora, eram muito bons, e a adolecencia nos bailes do clube Realengo, que tambem tinha baile de carnaval, e o cinema de Realengo que maravilha!! Obrugada pelo video.❤","2","2025-06-26T12:51:09Z","2025-06-26T12:51:09Z","True","True","1","1","[{'autor': '@VoudeDrone', 'comentario': 'Valeu, Solange. Obrigado por assistir e deixar um comentário tão legal. Já que Gostou do vídeo, então, não deixe de se inscrever. Tem muito mais vídeos como esse no canal.\nhttps://www.youtube.com/voudedrone/?sub_confirmation=1\u200b@marinasabino9776', 'likes': 1, 'publicado_em': '2025-06-26T16:43:47Z'}]","oqWfaI5M268","Realengo e sua história - @VoudeDrone","2","Mais antigos"
"@cbmiguelito","UCqVB7nOovH4Qi8leof8OyJg","http://www.youtube.com/@cbmiguelito","Nasci em Realengo, estudei na Tasso da Silveira até 88. Também estudei no Colégio Realengo e fiz minha faculdade na Castelo Branco nos anos 90. Bons tempos aqueles. Morei na Piraquara e na rua dos Bombeiros. Saí do bairro em 2008. Hoje, moro em Dourados em Mato Grosso do Sul.","18","2022-03-05T05:22:50Z","2022-03-05T05:22:50Z","True","True","3","3","[{'autor': '@VoudeDrone', 'comentario': 'Valeu, Eduardo. Obrigado por participar com o seu comentário 🤓', 'likes': 3, 'publicado_em': '2022-03-05T09:21:34Z'}, {'autor': '@MaurilioRodrigues-m9o', 'comentario': 'Qual parte da rua do bombeiro Sr morou, é rua general Sezefredo, é deve conhecer o antigo salão do falecido Sr Jorge, esposa dona iara e filhas, por essa época de 90 a 2000 tinha o pagode nesse salão festa do batata , bom morei ali em frente ao salão, hoje só tá abandonado 😢', 'likes': 1, 'publicado_em': '2025-08-19T08:12:10Z'}, {'autor': '@VoudeDrone', 'comentario': 'Olá, Maurilio. Obrigado por assistir e comentar. Gostou do vídeo? Então, não deixe de se inscrever. Tem muito mais vídeos como esse no canal.\nhttps://www.youtube.com/voudedrone/?sub_confirmation=1', 'likes': 1, 'publicado_em': '2025-08-19T09:07:52Z'}]","oqWfaI5M268","Realengo e sua história - @VoudeDrone","3","Mais curtidos"
"@VoudeDrone","UC_Hg4hk-BRfeSF7n_s1KKew","http://www.youtube.com/@VoudeDrone","Obrigado 🙂👍 para mais conteúdos como esse 👉 https://bit.ly/3ykzBBv","7","2021-07-28T05:26:07Z","2021-07-28T05:26:07Z","True","True","6","5","[{'autor': '@MariaJose-nd5sv', 'comentario': 'Morei em Realengo por alguns anos morava  na rua Claudino  Barata.hj moro no Maranhão  minha terra Natal.tenho muitas lembranças  boas desse lugar.obrigada amado por nós mostrar esse vídeo  maravilhoso  parabéns.', 'likes': 1, 'publicado_em': '2023-04-08T19:44:18Z'}, {'autor': '@VoudeDrone', 'comentario': 'Eu que agradeço por assistir, comentar e compartilhar sua história com o lugar. Deus te abençoe', 'likes': 1, 'publicado_em': '2023-04-08T19:48:11Z'}, {'autor': '@osmariobrito7776', 'comentario': 'Hora, hora, hora. Que história! Tome um like!', 'likes': 1, 'publicado_em': '2023-05-02T22:59:48Z'}, {'autor': '@VoudeDrone', 'comentario': '@osmariobrito7776 TMJ', 'likes': 1, 'publicado_em': '2023-05-03T11:55:58Z'}, {'autor': '@patriciamarculino9022', 'comentario': 'Nasci e ainda moro em Realengo. Também estudei na Escola Nicarágua e foi uma época inesquecível pra mim. Amo o meu bairro!', 'likes': 1, 'publicado_em': '2025-05-28T21:17:50Z'}]","oqWfaI5M268","Realengo e sua história - @VoudeDrone","3","Mais curtidos"
"@ThiagoDamiãoMoura","UCV7ZkYhuHSPQ7XwbQPmZtsg","http://www.youtube.com/@ThiagoDami%C3%A3oMoura","eu sou nascido e criado em Realengo, estudei na nicarágua, depois no colégio Realengo e faculdade São José saí tem uns 18 anos já, mas amo muito meu bairro!!!","7","2024-02-29T01:27:45Z","2024-02-29T01:27:45Z","True","True","1","1","[{'autor': '@VoudeDrone', 'comentario': 'Show, Thiago! Valeu pelo comentário. \nGostou do vídeo? Não deixe de se inscrever. Tem muito mais vídeos como esse no canal.\nhttps://www.youtube.com/voudedrone/?sub_confirmation=1', 'likes': 1, 'publicado_em': '2024-02-29T23:16:16Z'}]","oqWfaI5M268","Realengo e sua história - @VoudeDrone","3","Mais curtidos"
"@sandraxavier7350","UCpB0LPmZh8LULAmXlTQ3Xrw","http://www.youtube.com/@sandraxavier7350","Olá a todos sou de São  Paulo amei o vídeo","7","2022-11-25T19:25:15Z","2022-11-25T19:25:15Z","True","True","3","3","[{'autor': '@VoudeDrone', 'comentario': 'Muito obrigado, Sandra 🙂👍', 'likes': 1, 'publicado_em': '2022-11-25T19:49:46Z'}, {'autor': '@antoniocesarcerqueira3544', 'comentario': 'Alô, alô Realengo.... Àquele abraço!!!', 'likes': 1, 'publicado_em': '2024-01-24T12:44:39Z'}, {'autor': '@VoudeDrone', 'comentario': 'Obrigado, Antônio. \nJá que gostou, não deixe de se inscrever. Tem muito mais vídeos como esse no canal.\nhttps://www.youtube.com/voudedrone/?sub_confirmation=1', 'likes': 1, 'publicado_em': '2024-01-24T16:48:43Z'}]","oqWfaI5M268","Realengo e sua história - @VoudeDrone","3","Mais curtidos"
"@ligialira2574","UC6-X2g6RHVp-pQ9mxxjvGgQ","http://www.youtube.com/@ligialira2574","Nasci em Realengo. Morei na Marechal Soares Andrea, ao lado do colégio Realengo. Depois fui pra rua Paranaguá ao lado do antigo supermercado Rio.  E na adolescência fui morar na Canrrobert da Costa em frente as Sendas. Hoje moro em Brasília. Mas ainda tenho parentes em Padre Miguel. Saudades da minha infância! Fiz primeira comunhão na Nossa senhora da Conceição!","7","2023-03-21T01:47:55Z","2023-03-21T01:47:55Z","True","True","1","1","[{'autor': '@VoudeDrone', 'comentario': 'Muito obrigado por assistir e comentar', 'likes': 2, 'publicado_em': '2023-03-21T02:37:38Z'}]","oqWfaI5M268","Realengo e sua história - @VoudeDrone","3","Mais curtidos"
"@kharllossilva","UC6zWhArWylTgGQ51w0EgWfQ","http://www.youtube.com/@kharllossilva","Bem, posso falar de cadeira da ""Praça do Canhão"". Nasci e me criei na Rua Goulart de Andrade, bem junto da praça. Ficou popularmente conhecida como ""Praça do Canhão"" porque na praça, bem em frente ao portão principal da atual 9ª Brigada de Infantaria Motorizada, que antes tinha sediado a Escola Militar do Realengo, transformada em Academia Militar das Agulhas Negras, transferida para Rezende-RJ, havia um canhão de Artilharia de 152,4 mm, da marca Vickers Armstrong. Brinquei muito nesse canhão e na praça em frente a ele, inclusive assisti retretas de bandas no seu coreto.","7","2022-10-21T09:56:00Z","2022-10-21T09:56:00Z","True","True","7","5","[{'autor': '@VoudeDrone', 'comentario': 'Valeu pelo rico comentário. Aprendi uma palavra nova, além de conhecer mais sobre o meu bairro. Obrigado', 'likes': 2, 'publicado_em': '2022-10-21T15:46:23Z'}, {'autor': '@elfribeiro', 'comentario': 'Muito elucidativo e enriquecedor. Obrigado pelo comentário.', 'likes': 2, 'publicado_em': '2023-03-05T12:27:13Z'}, {'autor': '@VoudeDrone', 'comentario': '👏👏👏', 'likes': 1, 'publicado_em': '2023-03-05T12:48:05Z'}, {'autor': '@ligialira2574', 'comentario': 'Esse é profundo conhecedor?', 'likes': 2, 'publicado_em': '2023-03-21T01:57:35Z'}, {'autor': '@VoudeDrone', 'comentario': '🙂', 'likes': 1, 'publicado_em': '2023-03-21T02:39:08Z'}]","oqWfaI5M268","Realengo e sua história - @VoudeDrone","3","Mais curtidos"
"@kharllossilva","UC6zWhArWylTgGQ51w0EgWfQ","http://www.youtube.com/@kharllossilva","Nasci [1946] e me criei na Rua Goulart de Andrade, bem pertinho da Escola Nicarágua. Infelizmente não estudei nela. Toda minha lembrança é de um Realengo pacato, bucólico, praticamente uma ""cidade do interior"", onde todos se conheciam e tinham amizade. Saí de Realengo em 1975, indo morar em Brasília. Só voltei ao bairro esporadicamente, durante as férias. As lembranças são muitas, às vezes bem nostalgicas.","5","2023-12-01T22:38:21Z","2023-12-01T22:38:21Z","True","True","2","2","[{'autor': '@VoudeDrone', 'comentario': 'Obrigado pelo seu comentário, Carlos. Já que gostou, não deixe de se inscrever. Tem muito mais vídeos como esse no canal.\nhttps://www.youtube.com/voudedrone/?sub_confirmation=1', 'likes': 1, 'publicado_em': '2023-12-02T00:06:58Z'}, {'autor': '@novastudioweb', 'comentario': 'Meu avo  tinha um açougue em Realengo nos anos 60, gostaria de saber se alguem o conheceu.. Era um portugues chamado João Fernandes de Sousa Junior,  antes de Realengo, tinha um sítio na serra de Bangu e um tio ou  primo que morava na Rua da Prata, 63', 'likes': 0, 'publicado_em': '2024-12-26T23:40:45Z'}]","oqWfaI5M268","Realengo e sua história - @VoudeDrone","3","Mais curtidos"
"@MariaJose-nd5sv","UCeml5Al0TJfLcrIaU3W7PyA","http://www.youtube.com/@MariaJose-nd5sv","Morei alguns anos no Rio de janeiro aí em Realengo na rua Claudino Barata .tenho ótimas  lembranças  desse lugar.hj moro na minha terra Natal Maranhão. Mais valeu, parabéns  por esse conteúdo  riquíssimo.","5","2023-04-08T19:50:00Z","2023-04-08T19:50:00Z","True","True","1","1","[{'autor': '@VoudeDrone', 'comentario': 'Eu que agradeço por assistir e comentar', 'likes': 3, 'publicado_em': '2023-04-08T21:07:16Z'}]","oqWfaI5M268","Realengo e sua história - @VoudeDrone","3","Mais curtidos"
"@WilsonSilva-e3q","UCPWR-3VyeR6uuWlxLntSQYA","http://www.youtube.com/@WilsonSilva-e3q","Muito bonito Realengo","4","2023-11-28T14:21:26Z","2023-11-28T14:21:26Z","True","True","1","1","[{'autor': '@VoudeDrone', 'comentario': 'Obrigado, Wilson. \nJá que gostou, não deixe de se inscrever. Tem muito mais vídeos como esse no canal.\nhttps://www.youtube.com/voudedrone/?sub_confirmation=1', 'likes': 1, 'publicado_em': '2023-11-28T20:19:26Z'}]","oqWfaI5M268","Realengo e sua história - @VoudeDrone","3","Mais curtidos"
"@antoniocgomes4353","UCzzJr6PlMTgwMS5FSm0kvrg","http://www.youtube.com/@antoniocgomes4353","Faltou falar do trágico incêndio da Fábrica da Cartuchos de Realengo. Cresci ouvindo as histórias dos meus avós e vizinhos a respeito desta catástrofe. Se não me engano, foi em 1935 e durante décadas, só se via as estruturas danificadas com sua paredes queimadas. Eu mesmo na minha adolescência(década de 1970) percorri a pé pela Av Santa Cruz constatando a história a mim passada por meus antepassados nas ruínas desta extinta fábrica.","4","2023-10-19T09:31:30Z","2023-10-19T09:31:30Z","True","True","1","1","[{'autor': '@VoudeDrone', 'comentario': 'Excelente dica, Antônio. \nJá coloquei na lista de assuntos.\nNão deixe de se inscrever para não perder quando eu postar esse assunto:\nhttps://www.youtube.com/voudedrone/?sub_confirmation=1\nObrigado por assistir e comentar', 'likes': 1, 'publicado_em': '2023-10-19T16:22:04Z'}]","oqWfaI5M268","Realengo e sua história - @VoudeDrone","3","Mais curtidos"
"@jovinopereiradasilva186","UCy2_CZ6LPJeIwzoIKoXLF6w","http://www.youtube.com/@jovinopereiradasilva186","Meu amigo sou do sul ,mas tive o prazer de morar em realengo","4","2023-04-05T23:06:07Z","2023-04-05T23:06:07Z","True","True","1","1","[{'autor': '@VoudeDrone', 'comentario': 'Mora onde no Sul?', 'likes': 2, 'publicado_em': '2023-04-06T01:41:34Z'}]","oqWfaI5M268","Realengo e sua história - @VoudeDrone","3","Mais curtidos"
"@marialuciaazevedodealmeida9716","UC1QX6g_x8GmpddaGHPGP1Fw","http://www.youtube.com/@marialuciaazevedodealmeida9716","Fiz minha Primeira Comunhão nessa lgreja","3","2023-12-05T04:48:34Z","2023-12-05T04:48:34Z","True","True","1","1","[{'autor': '@VoudeDrone', 'comentario': 'Que legal, Maria Lucia. Obrigado por compartilhar um pouco da sua história com o lugar.\nSe  gostou, não deixe de se inscrever. Tem muito mais vídeos como esse no canal.\nhttps://www.youtube.com/voudedrone/?sub_confirmation=1', 'likes': 1, 'publicado_em': '2023-12-05T08:34:24Z'}]","oqWfaI5M268","Realengo e sua história - @VoudeDrone","3","Mais curtidos"
"@elizabethmello2045","UCjuCIFZxhT0-hjWuRZ8R6KQ","http://www.youtube.com/@elizabethmello2045","Muito legal, morei em Realengo e estudei na Nicarágua!Gostei muito do vídeo!!!!😅","3","2023-05-20T18:39:38Z","2023-05-20T18:39:38Z","True","True","1","1","[{'autor': '@VoudeDrone', 'comentario': 'Muito obrigado', 'likes': 1, 'publicado_em': '2023-05-21T03:37:25Z'}]","oqWfaI5M268","Realengo e sua história - @VoudeDrone","3","Mais curtidos"
"@suelystoll785","UCfwH6ebtfQkIjir_B8owQmg","http://www.youtube.com/@suelystoll785","Moro em Realengo desde 1967, e vi o desenvolvimento acontecendo.","3","2023-09-29T12:41:27Z","2023-09-29T12:41:27Z","True","True","2","2","[{'autor': '@VoudeDrone', 'comentario': 'Interessante 🙂👍', 'likes': 1, 'publicado_em': '2023-09-29T22:35:57Z'}, {'autor': '@novastudioweb', 'comentario': 'Meu avo  tinha um açougue em Realengo nos anos 60, gostaria de saber se alguem o conheceu.. Era um portugues chamado João Fernandes de Sousa Junior,  antes de Realengo, tinha um sítio na serra de Bangu e um tio ou  primo que morava na Rua da Prata, 63', 'likes': 0, 'publicado_em': '2024-12-26T23:41:08Z'}]","oqWfaI5M268","Realengo e sua história - @VoudeDrone","3","Mais curtidos"
"@severinorodrigues3651","UCjccUeQLTIqPZ7GxnoghiDQ","http://www.youtube.com/@severinorodrigues3651","Gostaria de assistir um vídeo contando a história de Santa Margarida em Campo e mostrando as três escolas Lucio, Rômulo Galego e Barão eu morei aí é estudei na Rômulo  estou com saudades faz 43 anos que deixei o Rio de Janeiro vindo mora em  Tangara no Rio Grande do Norte","3","2023-09-21T11:45:27Z","2023-09-21T11:45:27Z","True","True","1","1","[{'autor': '@VoudeDrone', 'comentario': 'Excelente dica. \nJá coloquei na lista de assuntos.\nNão deixe de se inscrever para não perder quando eu postar esse assunto:\nhttps://www.youtube.com/voudedrone/?sub_confirmation=1\nObrigado por assistir e comentar', 'likes': 1, 'publicado_em': '2023-09-21T15:25:26Z'}]","oqWfaI5M268","Realengo e sua história - @VoudeDrone","3","Mais curtidos"
"@pauloafonso5836","UCzC55hnjvEEu-CZ9iFeOT1Q","http://www.youtube.com/@pauloafonso5836","A minha maravilhosa sinto saudades daquele tempo muito bom !!!!","3","2023-06-16T10:52:19Z","2023-06-16T10:52:19Z","True","True","1","1","[{'autor': '@VoudeDrone', 'comentario': 'Tempo bom', 'likes': 1, 'publicado_em': '2023-06-18T20:49:42Z'}]","oqWfaI5M268","Realengo e sua história - @VoudeDrone","3","Mais curtidos"
"@SolangeLins-h5x","UCUXY_L1K7CRt0ljXlOxfXpA","http://www.youtube.com/@SolangeLins-h5x","Cheguei em Realengo con 2 aninhos, em 1959, aos 5 anos comwcei a ser alfabetizada pir Dona Nizinha, na rua Imperatriz, aos 7 fuu para escola Gabriel Soares de Souza e a merenda era uma delicia!! E dona Loira( uma das cozinheiras) sempre me deixava repetir, peixe com arroz meu almoço preferido!!😋 o rio Piraguara era limpinho cruzando  o bairro e a praça piraquara, os carnavais no coreto da praça en frente a igreja Nossa Senhora, eram muito bons, e a adolecencia nos bailes do clube Realengo, que tambem tinha baile de carnaval, e o cinema de Realengo que maravilha!! Obrugada pelo video.❤","2","2025-06-26T12:51:09Z","2025-06-26T12:51:09Z","True","True","1","1","[{'autor': '@VoudeDrone', 'comentario': 'Valeu, Solange. Obrigado por assistir e deixar um comentário tão legal. Já que Gostou do vídeo, então, não deixe de se inscrever. Tem muito mais vídeos como esse no canal.\nhttps://www.youtube.com/voudedrone/?sub_confirmation=1\u200b@marinasabino9776', 'likes': 1, 'publicado_em': '2025-06-26T16:43:47Z'}]","oqWfaI5M268","Realengo e sua história - @VoudeDrone","3","Mais curtidos"
"@marvianarantes9696","UCNgAodJecbzzSSVAdQ9ngZA","http://www.youtube.com/@marvianarantes9696","Excelente","2","2022-06-04T20:27:44Z","2022-06-04T20:27:44Z","True","True","1","1","[{'autor': '@VoudeDrone', 'comentario': 'Muito obrigado 🙂👍', 'likes': 1, 'publicado_em': '2022-06-04T21:07:28Z'}]","oqWfaI5M268","Realengo e sua história - @VoudeDrone","3","Mais curtidos"
"@edesaugusto3736","UCC4vJwMXxmg2UBZ4Y2rgE9Q","http://www.youtube.com/@edesaugusto3736","Muito bom","2","2021-06-23T00:43:56Z","2021-06-23T00:43:56Z","True","True","1","1","[{'autor': '@VoudeDrone', 'comentario': 'Valeu, Augusto', 'likes': 1, 'publicado_em': '2021-06-23T00:48:09Z'}]","oqWfaI5M268","Realengo e sua história - @VoudeDrone","3","Mais curtidos"
"@FranciscaMaria-hp5yv","UC6tBypMzeUwYsf-OuoR8Qfw","http://www.youtube.com/@FranciscaMaria-hp5yv","Gostei","2","2021-11-01T23:03:27Z","2021-11-01T23:03:27Z","True","True","1","1","[{'autor': '@VoudeDrone', 'comentario': 'Obrigado', 'likes': 1, 'publicado_em': '2021-11-01T23:05:58Z'}]","oqWfaI5M268","Realengo e sua história - @VoudeDrone","3","Mais curtidos"
"@SolangeLins-h5x","UCUXY_L1K7CRt0ljXlOxfXpA","http://www.youtube.com/@SolangeLins-h5x","Cheguei em Realengo con 2 aninhos, em 1959, aos 5 anos comwcei a ser alfabetizada pir Dona Nizinha, na rua Imperatriz, aos 7 fuu para escola Gabriel Soares de Souza e a merenda era uma delicia!! E dona Loira( uma das cozinheiras) sempre me deixava repetir, peixe com arroz meu almoço preferido!!😋 o rio Piraguara era limpinho cruzando  o bairro e a praça piraquara, os carnavais no coreto da praça en frente a igreja Nossa Senhora, eram muito bons, e a adolecencia nos bailes do clube Realengo, que tambem tinha baile de carnaval, e o cinema de Realengo que maravilha!! Obrugada pelo video.❤","2","2025-06-26T12:51:09Z","2025-06-26T12:51:09Z","True","True","1","1","[{'autor': '@VoudeDrone', 'comentario': 'Valeu, Solange. Obrigado por assistir e deixar um comentário tão legal. Já que Gostou do vídeo, então, não deixe de se inscrever. Tem muito mais vídeos como esse no canal.\nhttps://www.youtube.com/voudedrone/?sub_confirmation=1\u200b@marinasabino9776', 'likes': 1, 'publicado_em': '2025-06-26T16:43:47Z'}]","oqWfaI5M268","Realengo e sua história - @VoudeDrone","4","Mais longos"
"@kharllossilva","UC6zWhArWylTgGQ51w0EgWfQ","http://www.youtube.com/@kharllossilva","Bem, posso falar de cadeira da ""Praça do Canhão"". Nasci e me criei na Rua Goulart de Andrade, bem junto da praça. Ficou popularmente conhecida como ""Praça do Canhão"" porque na praça, bem em frente ao portão principal da atual 9ª Brigada de Infantaria Motorizada, que antes tinha sediado a Escola Militar do Realengo, transformada em Academia Militar das Agulhas Negras, transferida para Rezende-RJ, havia um canhão de Artilharia de 152,4 mm, da marca Vickers Armstrong. Brinquei muito nesse canhão e na praça em frente a ele, inclusive assisti retretas de bandas no seu coreto.","7","2022-10-21T09:56:00Z","2022-10-21T09:56:00Z","True","True","7","5","[{'autor': '@VoudeDrone', 'comentario': 'Valeu pelo rico comentário. Aprendi uma palavra nova, além de conhecer mais sobre o meu bairro. Obrigado', 'likes': 2, 'publicado_em': '2022-10-21T15:46:23Z'}, {'autor': '@elfribeiro', 'comentario': 'Muito elucidativo e enriquecedor. Obrigado pelo comentário.', 'likes': 2, 'publicado_em': '2023-03-05T12:27:13Z'}, {'autor': '@VoudeDrone', 'comentario': '👏👏👏', 'likes': 1, 'publicado_em': '2023-03-05T12:48:05Z'}, {'autor': '@ligialira2574', 'comentario': 'Esse é profundo conhecedor?', 'likes': 2, 'publicado_em': '2023-03-21T01:57:35Z'}, {'autor': '@VoudeDrone', 'comentario': '🙂', 'likes': 1, 'publicado_em': '2023-03-21T02:39:08Z'}]","oqWfaI5M268","Realengo e sua história - @VoudeDrone","4","Mais longos"
"@antoniocgomes4353","UCzzJr6PlMTgwMS5FSm0kvrg","http://www.youtube.com/@antoniocgomes4353","Faltou falar do trágico incêndio da Fábrica da Cartuchos de Realengo. Cresci ouvindo as histórias dos meus avós e vizinhos a respeito desta catástrofe. Se não me engano, foi em 1935 e durante décadas, só se via as estruturas danificadas com sua paredes queimadas. Eu mesmo na minha adolescência(década de 1970) percorri a pé pela Av Santa Cruz constatando a história a mim passada por meus antepassados nas ruínas desta extinta fábrica.","4","2023-10-19T09:31:30Z","2023-10-19T09:31:30Z","True","True","1","1","[{'autor': '@VoudeDrone', 'comentario': 'Excelente dica, Antônio. \nJá coloquei na lista de assuntos.\nNão deixe de se inscrever para não perder quando eu postar esse assunto:\nhttps://www.youtube.com/voudedrone/?sub_confirmation=1\nObrigado por assistir e comentar', 'likes': 1, 'publicado_em': '2023-10-19T16:22:04Z'}]","oqWfaI5M268","Realengo e sua história - @VoudeDrone","4","Mais longos"
"@kharllossilva","UC6zWhArWylTgGQ51w0EgWfQ","http://www.youtube.com/@kharllossilva","Nasci [1946] e me criei na Rua Goulart de Andrade, bem pertinho da Escola Nicarágua. Infelizmente não estudei nela. Toda minha lembrança é de um Realengo pacato, bucólico, praticamente uma ""cidade do interior"", onde todos se conheciam e tinham amizade. Saí de Realengo em 1975, indo morar em Brasília. Só voltei ao bairro esporadicamente, durante as férias. As lembranças são muitas, às vezes bem nostalgicas.","5","2023-12-01T22:38:21Z","2023-12-01T22:38:21Z","True","True","2","2","[{'autor': '@VoudeDrone', 'comentario': 'Obrigado pelo seu comentário, Carlos. Já que gostou, não deixe de se inscrever. Tem muito mais vídeos como esse no canal.\nhttps://www.youtube.com/voudedrone/?sub_confirmation=1', 'likes': 1, 'publicado_em': '2023-12-02T00:06:58Z'}, {'autor': '@novastudioweb', 'comentario': 'Meu avo  tinha um açougue em Realengo nos anos 60, gostaria de saber se alguem o conheceu.. Era um portugues chamado João Fernandes de Sousa Junior,  antes de Realengo, tinha um sítio na serra de Bangu e um tio ou  primo que morava na Rua da Prata, 63', 'likes': 0, 'publicado_em': '2024-12-26T23:40:45Z'}]","oqWfaI5M268","Realengo e sua história - @VoudeDrone","4","Mais longos"
"@ligialira2574","UC6-X2g6RHVp-pQ9mxxjvGgQ","http://www.youtube.com/@ligialira2574","Nasci em Realengo. Morei na Marechal Soares Andrea, ao lado do colégio Realengo. Depois fui pra rua Paranaguá ao lado do antigo supermercado Rio.  E na adolescência fui morar na Canrrobert da Costa em frente as Sendas. Hoje moro em Brasília. Mas ainda tenho parentes em Padre Miguel. Saudades da minha infância! Fiz primeira comunhão na Nossa senhora da Conceição!","7","2023-03-21T01:47:55Z","2023-03-21T01:47:55Z","True","True","1","1","[{'autor': '@VoudeDrone', 'comentario': 'Muito obrigado por assistir e comentar', 'likes': 2, 'publicado_em': '2023-03-21T02:37:38Z'}]","oqWfaI5M268","Realengo e sua história - @VoudeDrone","4","Mais longos"
"@cbmiguelito","UCqVB7nOovH4Qi8leof8OyJg","http://www.youtube.com/@cbmiguelito","Nasci em Realengo, estudei na Tasso da Silveira até 88. Também estudei no Colégio Realengo e fiz minha faculdade na Castelo Branco nos anos 90. Bons tempos aqueles. Morei na Piraquara e na rua dos Bombeiros. Saí do bairro em 2008. Hoje, moro em Dourados em Mato Grosso do Sul.","18","2022-03-05T05:22:50Z","2022-03-05T05:22:50Z","True","True","3","3","[{'autor': '@VoudeDrone', 'comentario': 'Valeu, Eduardo. Obrigado por participar com o seu comentário 🤓', 'likes': 3, 'publicado_em': '2022-03-05T09:21:34Z'}, {'autor': '@MaurilioRodrigues-m9o', 'comentario': 'Qual parte da rua do bombeiro Sr morou, é rua general Sezefredo, é deve conhecer o antigo salão do falecido Sr Jorge, esposa dona iara e filhas, por essa época de 90 a 2000 tinha o pagode nesse salão festa do batata , bom morei ali em frente ao salão, hoje só tá abandonado 😢', 'likes': 1, 'publicado_em': '2025-08-19T08:12:10Z'}, {'autor': '@VoudeDrone', 'comentario': 'Olá, Maurilio. Obrigado por assistir e comentar. Gostou do vídeo? Então, não deixe de se inscrever. Tem muito mais vídeos como esse no canal.\nhttps://www.youtube.com/voudedrone/?sub_confirmation=1', 'likes': 1, 'publicado_em': '2025-08-19T09:07:52Z'}]","oqWfaI5M268","Realengo e sua história - @VoudeDrone","4","Mais longos"
"@severinorodrigues3651","UCjccUeQLTIqPZ7GxnoghiDQ","http://www.youtube.com/@severinorodrigues3651","Gostaria de assistir um vídeo contando a história de Santa Margarida em Campo e mostrando as três escolas Lucio, Rômulo Galego e Barão eu morei aí é estudei na Rômulo  estou com saudades faz 43 anos que deixei o Rio de Janeiro vindo mora em  Tangara no Rio Grande do Norte","3","2023-09-21T11:45:27Z","2023-09-21T11:45:27Z","True","True","1","1","[{'autor': '@VoudeDrone', 'comentario': 'Excelente dica. \nJá coloquei na lista de assuntos.\nNão deixe de se inscrever para não perder quando eu postar esse assunto:\nhttps://www.youtube.com/voudedrone/?sub_confirmation=1\nObrigado por assistir e comentar', 'likes': 1, 'publicado_em': '2023-09-21T15:25:26Z'}]","oqWfaI5M268","Realengo e sua história - @VoudeDrone","4","Mais longos"
"@MariaJose-nd5sv","UCeml5Al0TJfLcrIaU3W7PyA","http://www.youtube.com/@MariaJose-nd5sv","Morei alguns anos no Rio de janeiro aí em Realengo na rua Claudino Barata .tenho ótimas  lembranças  desse lugar.hj moro na minha terra Natal Maranhão. Mais valeu, parabéns  por esse conteúdo  riquíssimo.","5","2023-04-08T19:50:00Z","2023-04-08T19:50:00Z","True","True","1","1","[{'autor': '@VoudeDrone', 'comentario': 'Eu que agradeço por assistir e comentar', 'likes': 3, 'publicado_em': '2023-04-08T21:07:16Z'}]","oqWfaI5M268","Realengo e sua história - @VoudeDrone","4","Mais longos"
"@ThiagoDamiãoMoura","UCV7ZkYhuHSPQ7XwbQPmZtsg","http://www.youtube.com/@ThiagoDami%C3%A3oMoura","eu sou nascido e criado em Realengo, estudei na nicarágua, depois no colégio Realengo e faculdade São José saí tem uns 18 anos já, mas amo muito meu bairro!!!","7","2024-02-29T01:27:45Z","2024-02-29T01:27:45Z","True","True","1","1","[{'autor': '@VoudeDrone', 'comentario': 'Show, Thiago! Valeu pelo comentário. \nGostou do vídeo? Não deixe de se inscrever. Tem muito mais vídeos como esse no canal.\nhttps://www.youtube.com/voudedrone/?sub_confirmation=1', 'likes': 1, 'publicado_em': '2024-02-29T23:16:16Z'}]","oqWfaI5M268","Realengo e sua história - @VoudeDrone","4","Mais longos"
"@elizabethmello2045","UCjuCIFZxhT0-hjWuRZ8R6KQ","http://www.youtube.com/@elizabethmello2045","Muito legal, morei em Realengo e estudei na Nicarágua!Gostei muito do vídeo!!!!😅","3","2023-05-20T18:39:38Z","2023-05-20T18:39:38Z","True","True","1","1","[{'autor': '@VoudeDrone', 'comentario': 'Muito obrigado', 'likes': 1, 'publicado_em': '2023-05-21T03:37:25Z'}]","oqWfaI5M268","Realengo e sua história - @VoudeDrone","4","Mais longos"
"@VoudeDrone","UC_Hg4hk-BRfeSF7n_s1KKew","http://www.youtube.com/@VoudeDrone","Obrigado 🙂👍 para mais conteúdos como esse 👉 https://bit.ly/3ykzBBv","7","2021-07-28T05:26:07Z","2021-07-28T05:26:07Z","True","True","6","5","[{'autor': '@MariaJose-nd5sv', 'comentario': 'Morei em Realengo por alguns anos morava  na rua Claudino  Barata.hj moro no Maranhão  minha terra Natal.tenho muitas lembranças  boas desse lugar.obrigada amado por nós mostrar esse vídeo  maravilhoso  parabéns.', 'likes': 1, 'publicado_em': '2023-04-08T19:44:18Z'}, {'autor': '@VoudeDrone', 'comentario': 'Eu que agradeço por assistir, comentar e compartilhar sua história com o lugar. Deus te abençoe', 'likes': 1, 'publicado_em': '2023-04-08T19:48:11Z'}, {'autor': '@osmariobrito7776', 'comentario': 'Hora, hora, hora. Que história! Tome um like!', 'likes': 1, 'publicado_em': '2023-05-02T22:59:48Z'}, {'autor': '@VoudeDrone', 'comentario': '@osmariobrito7776 TMJ', 'likes': 1, 'publicado_em': '2023-05-03T11:55:58Z'}, {'autor': '@patriciamarculino9022', 'comentario': 'Nasci e ainda moro em Realengo. Também estudei na Escola Nicarágua e foi uma época inesquecível pra mim. Amo o meu bairro!', 'likes': 1, 'publicado_em': '2025-05-28T21:17:50Z'}]","oqWfaI5M268","Realengo e sua história - @VoudeDrone","4","Mais longos"
"@suelystoll785","UCfwH6ebtfQkIjir_B8owQmg","http://www.youtube.com/@suelystoll785","Moro em Realengo desde 1967, e vi o desenvolvimento acontecendo.","3","2023-09-29T12:41:27Z","2023-09-29T12:41:27Z","True","True","2","2","[{'autor': '@VoudeDrone', 'comentario': 'Interessante 🙂👍', 'likes': 1, 'publicado_em': '2023-09-29T22:35:57Z'}, {'autor': '@novastudioweb', 'comentario': 'Meu avo  tinha um açougue em Realengo nos anos 60, gostaria de saber se alguem o conheceu.. Era um portugues chamado João Fernandes de Sousa Junior,  antes de Realengo, tinha um sítio na serra de Bangu e um tio ou  primo que morava na Rua da Prata, 63', 'likes': 0, 'publicado_em': '2024-12-26T23:41:08Z'}]","oqWfaI5M268","Realengo e sua história - @VoudeDrone","4","Mais longos"
"@pauloafonso5836","UCzC55hnjvEEu-CZ9iFeOT1Q","http://www.youtube.com/@pauloafonso5836","A minha maravilhosa sinto saudades daquele tempo muito bom !!!!","3","2023-06-16T10:52:19Z","2023-06-16T10:52:19Z","True","True","1","1","[{'autor': '@VoudeDrone', 'comentario': 'Tempo bom', 'likes': 1, 'publicado_em': '2023-06-18T20:49:42Z'}]","oqWfaI5M268","Realengo e sua história - @VoudeDrone","4","Mais longos"
"@jovinopereiradasilva186","UCy2_CZ6LPJeIwzoIKoXLF6w","http://www.youtube.com/@jovinopereiradasilva186","Meu amigo sou do sul ,mas tive o prazer de morar em realengo","4","2023-04-05T23:06:07Z","2023-04-05T23:06:07Z","True","True","1","1","[{'autor': '@VoudeDrone', 'comentario': 'Mora onde no Sul?', 'likes': 2, 'publicado_em': '2023-04-06T01:41:34Z'}]","oqWfaI5M268","Realengo e sua história - @VoudeDrone","4","Mais longos"
"@sandraxavier7350","UCpB0LPmZh8LULAmXlTQ3Xrw","http://www.youtube.com/@sandraxavier7350","Olá a todos sou de São  Paulo amei o vídeo","7","2022-11-25T19:25:15Z","2022-11-25T19:25:15Z","True","True","3","3","[{'autor': '@VoudeDrone', 'comentario': 'Muito obrigado, Sandra 🙂👍', 'likes': 1, 'publicado_em': '2022-11-25T19:49:46Z'}, {'autor': '@antoniocesarcerqueira3544', 'comentario': 'Alô, alô Realengo.... Àquele abraço!!!', 'likes': 1, 'publicado_em': '2024-01-24T12:44:39Z'}, {'autor': '@VoudeDrone', 'comentario': 'Obrigado, Antônio. \nJá que gostou, não deixe de se inscrever. Tem muito mais vídeos como esse no canal.\nhttps://www.youtube.com/voudedrone/?sub_confirmation=1', 'likes': 1, 'publicado_em': '2024-01-24T16:48:43Z'}]","oqWfaI5M268","Realengo e sua história - @VoudeDrone","4","Mais longos"
"@marialuciaazevedodealmeida9716","UC1QX6g_x8GmpddaGHPGP1Fw","http://www.youtube.com/@marialuciaazevedodealmeida9716","Fiz minha Primeira Comunhão nessa lgreja","3","2023-12-05T04:48:34Z","2023-12-05T04:48:34Z","True","True","1","1","[{'autor': '@VoudeDrone', 'comentario': 'Que legal, Maria Lucia. Obrigado por compartilhar um pouco da sua história com o lugar.\nSe  gostou, não deixe de se inscrever. Tem muito mais vídeos como esse no canal.\nhttps://www.youtube.com/voudedrone/?sub_confirmation=1', 'likes': 1, 'publicado_em': '2023-12-05T08:34:24Z'}]","oqWfaI5M268","Realengo e sua história - @VoudeDrone","4","Mais longos"
"@WilsonSilva-e3q","UCPWR-3VyeR6uuWlxLntSQYA","http://www.youtube.com/@WilsonSilva-e3q","Muito bonito Realengo","4","2023-11-28T14:21:26Z","2023-11-28T14:21:26Z","True","True","1","1","[{'autor': '@VoudeDrone', 'comentario': 'Obrigado, Wilson. \nJá que gostou, não deixe de se inscrever. Tem muito mais vídeos como esse no canal.\nhttps://www.youtube.com/voudedrone/?sub_confirmation=1', 'likes': 1, 'publicado_em': '2023-11-28T20:19:26Z'}]","oqWfaI5M268","Realengo e sua história - @VoudeDrone","4","Mais longos"
"@marvianarantes9696","UCNgAodJecbzzSSVAdQ9ngZA","http://www.youtube.com/@marvianarantes9696","Excelente","2","2022-06-04T20:27:44Z","2022-06-04T20:27:44Z","True","True","1","1","[{'autor': '@VoudeDrone', 'comentario': 'Muito obrigado 🙂👍', 'likes': 1, 'publicado_em': '2022-06-04T21:07:28Z'}]","oqWfaI5M268","Realengo e sua história - @VoudeDrone","4","Mais longos"
"@edesaugusto3736","UCC4vJwMXxmg2UBZ4Y2rgE9Q","http://www.youtube.com/@edesaugusto3736","Muito bom","2","2021-06-23T00:43:56Z","2021-06-23T00:43:56Z","True","True","1","1","[{'autor': '@VoudeDrone', 'comentario': 'Valeu, Augusto', 'likes': 1, 'publicado_em': '2021-06-23T00:48:09Z'}]","oqWfaI5M268","Realengo e sua história - @VoudeDrone","4","Mais longos"
"@FranciscaMaria-hp5yv","UC6tBypMzeUwYsf-OuoR8Qfw","http://www.youtube.com/@FranciscaMaria-hp5yv","Gostei","2","2021-11-01T23:03:27Z","2021-11-01T23:03:27Z","True","True","1","1","[{'autor': '@VoudeDrone', 'comentario': 'Obrigado', 'likes': 1, 'publicado_em': '2021-11-01T23:05:58Z'}]","oqWfaI5M268","Realengo e sua história - @VoudeDrone","4","Mais longos"
"@Hvozcanto","UCoayVeEjqsftFAVxF39gjFA","http://www.youtube.com/@Hvozcanto","Mudou nada, só piora cada vez mais, as estatísticas são absurdas mas eles escondem né","3","2025-09-05T16:49:05Z","2025-09-05T16:49:05Z","True","True","0","0","[]","gPPFlftTFfw","Massacre de Realengo: A Tragédia que o Brasil Esqueceu?","1","Mais novos"
"@FabiolaGesteira","UCHVTYOiYAL1A1GaZnclmimw","http://www.youtube.com/@FabiolaGesteira","Sonhei hj com massacre 😢😢😢😢 acordei desesperada e nesse dia aí que aconteceu também sonhei. Eu não irei mandar meu filho pra creche hj 😢. Foi muitoo real.","3","2025-08-28T10:06:42Z","2025-08-28T10:06:42Z","True","True","2","2","[{'autor': '@Fatos-Criminais', 'comentario': 'Escuta seu 6° sentido 😢', 'likes': 1, 'publicado_em': '2025-08-28T11:27:21Z'}, {'autor': '@FabiolaGesteira', 'comentario': '\u200b@Fatos-Criminaisentão eu moro aqui em Brasília, estavam realmente planejando o massacre no DF. Dois adolescentes de 17 anos, planejava o maior massacre na história. Eles eram fanáticos por nazismo, e se inspiravam no massacre de 1991. Graças a Deus eles foram interceptados, hoje estão em uma clínica, descobriram a trama deles. Já tinha data seria dia 20 de setembro o grande massacre.', 'likes': 0, 'publicado_em': '2025-09-05T12:25:13Z'}]","gPPFlftTFfw","Massacre de Realengo: A Tragédia que o Brasil Esqueceu?","1","Mais novos"
"@RitadeCassiaSilva-x4l","UCpLQdOpDwAxfltjmX1SvoZw","http://www.youtube.com/@RitadeCassiaSilva-x4l","Não mudou nada, pelo contrário, a violência e o bullying são cada vez maiores.","3","2025-07-18T09:56:21Z","2025-07-18T09:56:21Z","True","True","1","1","[{'autor': '@rynppst', 'comentario': 'Uma realidade muito triste 😢... e nada mudou com tal tragédia!', 'likes': 1, 'publicado_em': '2025-07-19T17:40:59Z'}]","gPPFlftTFfw","Massacre de Realengo: A Tragédia que o Brasil Esqueceu?","1","Mais novos"
"@RitadeCassiaSilva-x4l","UCpLQdOpDwAxfltjmX1SvoZw","http://www.youtube.com/@RitadeCassiaSilva-x4l","Não mudou nada, pelo contrário, a violência e o bullying são cada vez maiores.","3","2025-07-18T09:56:21Z","2025-07-18T09:56:21Z","True","True","1","1","[{'autor': '@rynppst', 'comentario': 'Uma realidade muito triste 😢... e nada mudou com tal tragédia!', 'likes': 1, 'publicado_em': '2025-07-19T17:40:59Z'}]","gPPFlftTFfw","Massacre de Realengo: A Tragédia que o Brasil Esqueceu?","2","Mais antigos"
"@FabiolaGesteira","UCHVTYOiYAL1A1GaZnclmimw","http://www.youtube.com/@FabiolaGesteira","Sonhei hj com massacre 😢😢😢😢 acordei desesperada e nesse dia aí que aconteceu também sonhei. Eu não irei mandar meu filho pra creche hj 😢. Foi muitoo real.","3","2025-08-28T10:06:42Z","2025-08-28T10:06:42Z","True","True","2","2","[{'autor': '@Fatos-Criminais', 'comentario': 'Escuta seu 6° sentido 😢', 'likes': 1, 'publicado_em': '2025-08-28T11:27:21Z'}, {'autor': '@FabiolaGesteira', 'comentario': '\u200b@Fatos-Criminaisentão eu moro aqui em Brasília, estavam realmente planejando o massacre no DF. Dois adolescentes de 17 anos, planejava o maior massacre na história. Eles eram fanáticos por nazismo, e se inspiravam no massacre de 1991. Graças a Deus eles foram interceptados, hoje estão em uma clínica, descobriram a trama deles. Já tinha data seria dia 20 de setembro o grande massacre.', 'likes': 0, 'publicado_em': '2025-09-05T12:25:13Z'}]","gPPFlftTFfw","Massacre de Realengo: A Tragédia que o Brasil Esqueceu?","2","Mais antigos"
"@Hvozcanto","UCoayVeEjqsftFAVxF39gjFA","http://www.youtube.com/@Hvozcanto","Mudou nada, só piora cada vez mais, as estatísticas são absurdas mas eles escondem né","3","2025-09-05T16:49:05Z","2025-09-05T16:49:05Z","True","True","0","0","[]","gPPFlftTFfw","Massacre de Realengo: A Tragédia que o Brasil Esqueceu?","2","Mais antigos"
"@FabiolaGesteira","UCHVTYOiYAL1A1GaZnclmimw","http://www.youtube.com/@FabiolaGesteira","Sonhei hj com massacre 😢😢😢😢 acordei desesperada e nesse dia aí que aconteceu também sonhei. Eu não irei mandar meu filho pra creche hj 😢. Foi muitoo real.","3","2025-08-28T10:06:42Z","2025-08-28T10:06:42Z","True","True","2","2","[{'autor': '@Fatos-Criminais', 'comentario': 'Escuta seu 6° sentido 😢', 'likes': 1, 'publicado_em': '2025-08-28T11:27:21Z'}, {'autor': '@FabiolaGesteira', 'comentario': '\u200b@Fatos-Criminaisentão eu moro aqui em Brasília, estavam realmente planejando o massacre no DF. Dois adolescentes de 17 anos, planejava o maior massacre na história. Eles eram fanáticos por nazismo, e se inspiravam no massacre de 1991. Graças a Deus eles foram interceptados, hoje estão em uma clínica, descobriram a trama deles. Já tinha data seria dia 20 de setembro o grande massacre.', 'likes': 0, 'publicado_em': '2025-09-05T12:25:13Z'}]","gPPFlftTFfw","Massacre de Realengo: A Tragédia que o Brasil Esqueceu?","3","Mais curtidos"
"@Hvozcanto","UCoayVeEjqsftFAVxF39gjFA","http://www.youtube.com/@Hvozcanto","Mudou nada, só piora cada vez mais, as estatísticas são absurdas mas eles escondem né","3","2025-09-05T16:49:05Z","2025-09-05T16:49:05Z","True","True","0","0","[]","gPPFlftTFfw","Massacre de Realengo: A Tragédia que o Brasil Esqueceu?","3","Mais curtidos"
"@RitadeCassiaSilva-x4l","UCpLQdOpDwAxfltjmX1SvoZw","http://www.youtube.com/@RitadeCassiaSilva-x4l","Não mudou nada, pelo contrário, a violência e o bullying são cada vez maiores.","3","2025-07-18T09:56:21Z","2025-07-18T09:56:21Z","True","True","1","1","[{'autor': '@rynppst', 'comentario': 'Uma realidade muito triste 😢... e nada mudou com tal tragédia!', 'likes': 1, 'publicado_em': '2025-07-19T17:40:59Z'}]","gPPFlftTFfw","Massacre de Realengo: A Tragédia que o Brasil Esqueceu?","3","Mais curtidos"
"@FabiolaGesteira","UCHVTYOiYAL1A1GaZnclmimw","http://www.youtube.com/@FabiolaGesteira","Sonhei hj com massacre 😢😢😢😢 acordei desesperada e nesse dia aí que aconteceu também sonhei. Eu não irei mandar meu filho pra creche hj 😢. Foi muitoo real.","3","2025-08-28T10:06:42Z","2025-08-28T10:06:42Z","True","True","2","2","[{'autor': '@Fatos-Criminais', 'comentario': 'Escuta seu 6° sentido 😢', 'likes': 1, 'publicado_em': '2025-08-28T11:27:21Z'}, {'autor': '@FabiolaGesteira', 'comentario': '\u200b@Fatos-Criminaisentão eu moro aqui em Brasília, estavam realmente planejando o massacre no DF. Dois adolescentes de 17 anos, planejava o maior massacre na história. Eles eram fanáticos por nazismo, e se inspiravam no massacre de 1991. Graças a Deus eles foram interceptados, hoje estão em uma clínica, descobriram a trama deles. Já tinha data seria dia 20 de setembro o grande massacre.', 'likes': 0, 'publicado_em': '2025-09-05T12:25:13Z'}]","gPPFlftTFfw","Massacre de Realengo: A Tragédia que o Brasil Esqueceu?","4","Mais longos"
"@Hvozcanto","UCoayVeEjqsftFAVxF39gjFA","http://www.youtube.com/@Hvozcanto","Mudou nada, só piora cada vez mais, as estatísticas são absurdas mas eles escondem né","3","2025-09-05T16:49:05Z","2025-09-05T16:49:05Z","True","True","0","0","[]","gPPFlftTFfw","Massacre de Realengo: A Tragédia que o Brasil Esqueceu?","4","Mais longos"
"@RitadeCassiaSilva-x4l","UCpLQdOpDwAxfltjmX1SvoZw","http://www.youtube.com/@RitadeCassiaSilva-x4l","Não mudou nada, pelo contrário, a violência e o bullying são cada vez maiores.","3","2025-07-18T09:56:21Z","2025-07-18T09:56:21Z","True","True","1","1","[{'autor': '@rynppst', 'comentario': 'Uma realidade muito triste 😢... e nada mudou com tal tragédia!', 'likes': 1, 'publicado_em': '2025-07-19T17:40:59Z'}]","gPPFlftTFfw","Massacre de Realengo: A Tragédia que o Brasil Esqueceu?","4","Mais longos"
"@clauserpacheco","UCpmSLJRhAhFw2qaMoAvpwMw","http://www.youtube.com/@clauserpacheco","Buuuuuuuuuuuuuiaaaaaaaaaaaaaaa","0","2025-03-23T05:10:07Z","2025-03-23T05:10:07Z","True","True","0","0","[]","mvQmfmuTirc","Caju Pra Baixo - Cantinho em Realengo | Feijoada do Caju, Vol. 2 (Ao Vivo)","1","Mais novos"
"@Manu_e_Mari","UCeNX82raiaqESzknLbCckMw","http://www.youtube.com/@Manu_e_Mari","Eu já tô vendo um cantinho em realengo ❤","0","2025-03-21T14:27:17Z","2025-03-21T14:27:17Z","True","True","0","0","[]","mvQmfmuTirc","Caju Pra Baixo - Cantinho em Realengo | Feijoada do Caju, Vol. 2 (Ao Vivo)","1","Mais novos"
"@CoeDNOficial","UCIc1izmBu6tz9j7pnxwbrtw","http://www.youtube.com/@CoeDNOficial","Pagode Bom É o do Caju Pooo 👏🏾👏🏾👏🏾🚀🚀","1","2025-03-16T14:26:06Z","2025-03-16T14:26:06Z","True","True","0","0","[]","mvQmfmuTirc","Caju Pra Baixo - Cantinho em Realengo | Feijoada do Caju, Vol. 2 (Ao Vivo)","1","Mais novos"
"@nicksanttos997","UCCeeWmAw_MLsfSASNVNHySA","http://www.youtube.com/@nicksanttos997","Top demais, São Paulo SP","0","2025-03-15T16:58:17Z","2025-03-15T16:58:17Z","True","True","0","0","[]","mvQmfmuTirc","Caju Pra Baixo - Cantinho em Realengo | Feijoada do Caju, Vol. 2 (Ao Vivo)","1","Mais novos"
"@dedeluizandrecarvalho9821","UCOo58zsY3TbLWNWL9chHEjg","http://www.youtube.com/@dedeluizandrecarvalho9821","Realengo City ❤exxxqueceee","2","2025-02-25T18:50:43Z","2025-02-25T18:50:43Z","True","True","0","0","[]","mvQmfmuTirc","Caju Pra Baixo - Cantinho em Realengo | Feijoada do Caju, Vol. 2 (Ao Vivo)","1","Mais novos"
"@marceladsena","UCxDnwM15FtfWOTX_vOVU2Dg","http://www.youtube.com/@marceladsena","viciada nessa","0","2025-02-24T18:15:34Z","2025-02-24T18:15:34Z","True","True","0","0","[]","mvQmfmuTirc","Caju Pra Baixo - Cantinho em Realengo | Feijoada do Caju, Vol. 2 (Ao Vivo)","1","Mais novos"
"@julianasoares4695","UCds2rbNEWKZPVZkI2IpttPg","http://www.youtube.com/@julianasoares4695","Muito bom 🔥","0","2025-02-23T19:51:24Z","2025-02-23T19:51:24Z","True","True","0","0","[]","mvQmfmuTirc","Caju Pra Baixo - Cantinho em Realengo | Feijoada do Caju, Vol. 2 (Ao Vivo)","1","Mais novos"
"@alinemenezes4723","UClTivTNihY8AiaeTWt7yHOg","http://www.youtube.com/@alinemenezes4723","Vcs são os melhores...
Amo vcs
❤ ❤","2","2025-02-22T00:04:24Z","2025-02-22T00:04:24Z","True","True","0","0","[]","mvQmfmuTirc","Caju Pra Baixo - Cantinho em Realengo | Feijoada do Caju, Vol. 2 (Ao Vivo)","1","Mais novos"
"@helenareginaalmeidarocha5848","UCIrtth1Htz_zyy3G0ryWsuw","http://www.youtube.com/@helenareginaalmeidarocha5848","💯❤","0","2025-02-20T21:23:02Z","2025-02-20T21:23:02Z","True","True","0","0","[]","mvQmfmuTirc","Caju Pra Baixo - Cantinho em Realengo | Feijoada do Caju, Vol. 2 (Ao Vivo)","1","Mais novos"
"@joaopedrocajuprabaixo","UCho2EsJgM5JFd7fk6O3H1GA","http://www.youtube.com/@joaopedrocajuprabaixo","Cajupromundo 🌍","4","2025-02-20T21:14:34Z","2025-02-20T21:14:34Z","True","True","0","0","[]","mvQmfmuTirc","Caju Pra Baixo - Cantinho em Realengo | Feijoada do Caju, Vol. 2 (Ao Vivo)","1","Mais novos"
"@joaopedrocajuprabaixo","UCho2EsJgM5JFd7fk6O3H1GA","http://www.youtube.com/@joaopedrocajuprabaixo","Cajupromundo 🌍","4","2025-02-20T21:14:34Z","2025-02-20T21:14:34Z","True","True","0","0","[]","mvQmfmuTirc","Caju Pra Baixo - Cantinho em Realengo | Feijoada do Caju, Vol. 2 (Ao Vivo)","2","Mais antigos"
"@helenareginaalmeidarocha5848","UCIrtth1Htz_zyy3G0ryWsuw","http://www.youtube.com/@helenareginaalmeidarocha5848","💯❤","0","2025-02-20T21:23:02Z","2025-02-20T21:23:02Z","True","True","0","0","[]","mvQmfmuTirc","Caju Pra Baixo - Cantinho em Realengo | Feijoada do Caju, Vol. 2 (Ao Vivo)","2","Mais antigos"
"@alinemenezes4723","UClTivTNihY8AiaeTWt7yHOg","http://www.youtube.com/@alinemenezes4723","Vcs são os melhores...
Amo vcs
❤ ❤","2","2025-02-22T00:04:24Z","2025-02-22T00:04:24Z","True","True","0","0","[]","mvQmfmuTirc","Caju Pra Baixo - Cantinho em Realengo | Feijoada do Caju, Vol. 2 (Ao Vivo)","2","Mais antigos"
"@julianasoares4695","UCds2rbNEWKZPVZkI2IpttPg","http://www.youtube.com/@julianasoares4695","Muito bom 🔥","0","2025-02-23T19:51:24Z","2025-02-23T19:51:24Z","True","True","0","0","[]","mvQmfmuTirc","Caju Pra Baixo - Cantinho em Realengo | Feijoada do Caju, Vol. 2 (Ao Vivo)","2","Mais antigos"
"@marceladsena","UCxDnwM15FtfWOTX_vOVU2Dg","http://www.youtube.com/@marceladsena","viciada nessa","0","2025-02-24T18:15:34Z","2025-02-24T18:15:34Z","True","True","0","0","[]","mvQmfmuTirc","Caju Pra Baixo - Cantinho em Realengo | Feijoada do Caju, Vol. 2 (Ao Vivo)","2","Mais antigos"
"@dedeluizandrecarvalho9821","UCOo58zsY3TbLWNWL9chHEjg","http://www.youtube.com/@dedeluizandrecarvalho9821","Realengo City ❤exxxqueceee","2","2025-02-25T18:50:43Z","2025-02-25T18:50:43Z","True","True","0","0","[]","mvQmfmuTirc","Caju Pra Baixo - Cantinho em Realengo | Feijoada do Caju, Vol. 2 (Ao Vivo)","2","Mais antigos"
"@nicksanttos997","UCCeeWmAw_MLsfSASNVNHySA","http://www.youtube.com/@nicksanttos997","Top demais, São Paulo SP","0","2025-03-15T16:58:17Z","2025-03-15T16:58:17Z","True","True","0","0","[]","mvQmfmuTirc","Caju Pra Baixo - Cantinho em Realengo | Feijoada do Caju, Vol. 2 (Ao Vivo)","2","Mais antigos"
"@CoeDNOficial","UCIc1izmBu6tz9j7pnxwbrtw","http://www.youtube.com/@CoeDNOficial","Pagode Bom É o do Caju Pooo 👏🏾👏🏾👏🏾🚀🚀","1","2025-03-16T14:26:06Z","2025-03-16T14:26:06Z","True","True","0","0","[]","mvQmfmuTirc","Caju Pra Baixo - Cantinho em Realengo | Feijoada do Caju, Vol. 2 (Ao Vivo)","2","Mais antigos"
"@Manu_e_Mari","UCeNX82raiaqESzknLbCckMw","http://www.youtube.com/@Manu_e_Mari","Eu já tô vendo um cantinho em realengo ❤","0","2025-03-21T14:27:17Z","2025-03-21T14:27:17Z","True","True","0","0","[]","mvQmfmuTirc","Caju Pra Baixo - Cantinho em Realengo | Feijoada do Caju, Vol. 2 (Ao Vivo)","2","Mais antigos"
"@clauserpacheco","UCpmSLJRhAhFw2qaMoAvpwMw","http://www.youtube.com/@clauserpacheco","Buuuuuuuuuuuuuiaaaaaaaaaaaaaaa","0","2025-03-23T05:10:07Z","2025-03-23T05:10:07Z","True","True","0","0","[]","mvQmfmuTirc","Caju Pra Baixo - Cantinho em Realengo | Feijoada do Caju, Vol. 2 (Ao Vivo)","2","Mais antigos"
"@joaopedrocajuprabaixo","UCho2EsJgM5JFd7fk6O3H1GA","http://www.youtube.com/@joaopedrocajuprabaixo","Cajupromundo 🌍","4","2025-02-20T21:14:34Z","2025-02-20T21:14:34Z","True","True","0","0","[]","mvQmfmuTirc","Caju Pra Baixo - Cantinho em Realengo | Feijoada do Caju, Vol. 2 (Ao Vivo)","3","Mais curtidos"
"@dedeluizandrecarvalho9821","UCOo58zsY3TbLWNWL9chHEjg","http://www.youtube.com/@dedeluizandrecarvalho9821","Realengo City ❤exxxqueceee","2","2025-02-25T18:50:43Z","2025-02-25T18:50:43Z","True","True","0","0","[]","mvQmfmuTirc","Caju Pra Baixo - Cantinho em Realengo | Feijoada do Caju, Vol. 2 (Ao Vivo)","3","Mais curtidos"
"@alinemenezes4723","UClTivTNihY8AiaeTWt7yHOg","http://www.youtube.com/@alinemenezes4723","Vcs são os melhores...
Amo vcs
❤ ❤","2","2025-02-22T00:04:24Z","2025-02-22T00:04:24Z","True","True","0","0","[]","mvQmfmuTirc","Caju Pra Baixo - Cantinho em Realengo | Feijoada do Caju, Vol. 2 (Ao Vivo)","3","Mais curtidos"
"@CoeDNOficial","UCIc1izmBu6tz9j7pnxwbrtw","http://www.youtube.com/@CoeDNOficial","Pagode Bom É o do Caju Pooo 👏🏾👏🏾👏🏾🚀🚀","1","2025-03-16T14:26:06Z","2025-03-16T14:26:06Z","True","True","0","0","[]","mvQmfmuTirc","Caju Pra Baixo - Cantinho em Realengo | Feijoada do Caju, Vol. 2 (Ao Vivo)","3","Mais curtidos"
"@Manu_e_Mari","UCeNX82raiaqESzknLbCckMw","http://www.youtube.com/@Manu_e_Mari","Eu já tô vendo um cantinho em realengo ❤","0","2025-03-21T14:27:17Z","2025-03-21T14:27:17Z","True","True","0","0","[]","mvQmfmuTirc","Caju Pra Baixo - Cantinho em Realengo | Feijoada do Caju, Vol. 2 (Ao Vivo)","3","Mais curtidos"
"@nicksanttos997","UCCeeWmAw_MLsfSASNVNHySA","http://www.youtube.com/@nicksanttos997","Top demais, São Paulo SP","0","2025-03-15T16:58:17Z","2025-03-15T16:58:17Z","True","True","0","0","[]","mvQmfmuTirc","Caju Pra Baixo - Cantinho em Realengo | Feijoada do Caju, Vol. 2 (Ao Vivo)","3","Mais curtidos"
"@marceladsena","UCxDnwM15FtfWOTX_vOVU2Dg","http://www.youtube.com/@marceladsena","viciada nessa","0","2025-02-24T18:15:34Z","2025-02-24T18:15:34Z","True","True","0","0","[]","mvQmfmuTirc","Caju Pra Baixo - Cantinho em Realengo | Feijoada do Caju, Vol. 2 (Ao Vivo)","3","Mais curtidos"
"@julianasoares4695","UCds2rbNEWKZPVZkI2IpttPg","http://www.youtube.com/@julianasoares4695","Muito bom 🔥","0","2025-02-23T19:51:24Z","2025-02-23T19:51:24Z","True","True","0","0","[]","mvQmfmuTirc","Caju Pra Baixo - Cantinho em Realengo | Feijoada do Caju, Vol. 2 (Ao Vivo)","3","Mais curtidos"
"@helenareginaalmeidarocha5848","UCIrtth1Htz_zyy3G0ryWsuw","http://www.youtube.com/@helenareginaalmeidarocha5848","💯❤","0","2025-02-20T21:23:02Z","2025-02-20T21:23:02Z","True","True","0","0","[]","mvQmfmuTirc","Caju Pra Baixo - Cantinho em Realengo | Feijoada do Caju, Vol. 2 (Ao Vivo)","3","Mais curtidos"
"@clauserpacheco","UCpmSLJRhAhFw2qaMoAvpwMw","http://www.youtube.com/@clauserpacheco","Buuuuuuuuuuuuuiaaaaaaaaaaaaaaa","0","2025-03-23T05:10:07Z","2025-03-23T05:10:07Z","True","True","0","0","[]","mvQmfmuTirc","Caju Pra Baixo - Cantinho em Realengo | Feijoada do Caju, Vol. 2 (Ao Vivo)","3","Mais curtidos"
"@Manu_e_Mari","UCeNX82raiaqESzknLbCckMw","http://www.youtube.com/@Manu_e_Mari","Eu já tô vendo um cantinho em realengo ❤","0","2025-03-21T14:27:17Z","2025-03-21T14:27:17Z","True","True","0","0","[]","mvQmfmuTirc","Caju Pra Baixo - Cantinho em Realengo | Feijoada do Caju, Vol. 2 (Ao Vivo)","4","Mais longos"
"@CoeDNOficial","UCIc1izmBu6tz9j7pnxwbrtw","http://www.youtube.com/@CoeDNOficial","Pagode Bom É o do Caju Pooo 👏🏾👏🏾👏🏾🚀🚀","1","2025-03-16T14:26:06Z","2025-03-16T14:26:06Z","True","True","0","0","[]","mvQmfmuTirc","Caju Pra Baixo - Cantinho em Realengo | Feijoada do Caju, Vol. 2 (Ao Vivo)","4","Mais longos"
"@alinemenezes4723","UClTivTNihY8AiaeTWt7yHOg","http://www.youtube.com/@alinemenezes4723","Vcs são os melhores...
Amo vcs
❤ ❤","2","2025-02-22T00:04:24Z","2025-02-22T00:04:24Z","True","True","0","0","[]","mvQmfmuTirc","Caju Pra Baixo - Cantinho em Realengo | Feijoada do Caju, Vol. 2 (Ao Vivo)","4","Mais longos"
"@clauserpacheco","UCpmSLJRhAhFw2qaMoAvpwMw","http://www.youtube.com/@clauserpacheco","Buuuuuuuuuuuuuiaaaaaaaaaaaaaaa","0","2025-03-23T05:10:07Z","2025-03-23T05:10:07Z","True","True","0","0","[]","mvQmfmuTirc","Caju Pra Baixo - Cantinho em Realengo | Feijoada do Caju, Vol. 2 (Ao Vivo)","4","Mais longos"
"@dedeluizandrecarvalho9821","UCOo58zsY3TbLWNWL9chHEjg","http://www.youtube.com/@dedeluizandrecarvalho9821","Realengo City ❤exxxqueceee","2","2025-02-25T18:50:43Z","2025-02-25T18:50:43Z","True","True","0","0","[]","mvQmfmuTirc","Caju Pra Baixo - Cantinho em Realengo | Feijoada do Caju, Vol. 2 (Ao Vivo)","4","Mais longos"
"@nicksanttos997","UCCeeWmAw_MLsfSASNVNHySA","http://www.youtube.com/@nicksanttos997","Top demais, São Paulo SP","0","2025-03-15T16:58:17Z","2025-03-15T16:58:17Z","True","True","0","0","[]","mvQmfmuTirc","Caju Pra Baixo - Cantinho em Realengo | Feijoada do Caju, Vol. 2 (Ao Vivo)","4","Mais longos"
"@joaopedrocajuprabaixo","UCho2EsJgM5JFd7fk6O3H1GA","http://www.youtube.com/@joaopedrocajuprabaixo","Cajupromundo 🌍","4","2025-02-20T21:14:34Z","2025-02-20T21:14:34Z","True","True","0","0","[]","mvQmfmuTirc","Caju Pra Baixo - Cantinho em Realengo | Feijoada do Caju, Vol. 2 (Ao Vivo)","4","Mais longos"
"@marceladsena","UCxDnwM15FtfWOTX_vOVU2Dg","http://www.youtube.com/@marceladsena","viciada nessa","0","2025-02-24T18:15:34Z","2025-02-24T18:15:34Z","True","True","0","0","[]","mvQmfmuTirc","Caju Pra Baixo - Cantinho em Realengo | Feijoada do Caju, Vol. 2 (Ao Vivo)","4","Mais longos"
"@julianasoares4695","UCds2rbNEWKZPVZkI2IpttPg","http://www.youtube.com/@julianasoares4695","Muito bom 🔥","0","2025-02-23T19:51:24Z","2025-02-23T19:51:24Z","True","True","0","0","[]","mvQmfmuTirc","Caju Pra Baixo - Cantinho em Realengo | Feijoada do Caju, Vol. 2 (Ao Vivo)","4","Mais longos"
"@helenareginaalmeidarocha5848","UCIrtth1Htz_zyy3G0ryWsuw","http://www.youtube.com/@helenareginaalmeidarocha5848","💯❤","0","2025-02-20T21:23:02Z","2025-02-20T21:23:02Z","True","True","0","0","[]","mvQmfmuTirc","Caju Pra Baixo - Cantinho em Realengo | Feijoada do Caju, Vol. 2 (Ao Vivo)","4","Mais longos"
"@rafaelfernandes1890","UCpOagvxulWkj66YxO7Mp5JA","http://www.youtube.com/@rafaelfernandes1890","As conseqüências do bullying é muito pesada.","0","2024-08-01T00:54:17Z","2024-08-01T00:54:17Z","True","True","0","0","[]","QZl1N6229aU","SBT Rio 20 Anos: O Massacre de Realengo","1","Mais novos"
"@mirlalima8773","UCqwwLhnTRX74sm_1TaFYWWA","http://www.youtube.com/@mirlalima8773","Tudo se repete ninguém toma providências #lutoBlumenau2023","8","2023-04-06T12:36:42Z","2023-04-06T12:36:42Z","True","True","0","0","[]","QZl1N6229aU","SBT Rio 20 Anos: O Massacre de Realengo","1","Mais novos"
"@huggx","UCxESDl-5bqMlcJ0GQmpRUNA","http://www.youtube.com/@huggx","E o bullying ainda é comum em várias escolas brasileiras e em outros países","6","2023-03-30T11:55:42Z","2023-03-30T11:55:42Z","True","True","0","0","[]","QZl1N6229aU","SBT Rio 20 Anos: O Massacre de Realengo","1","Mais novos"
"@jeanchastell227","UCGPxphuBDgP2jHXtVSCAXFw","http://www.youtube.com/@jeanchastell227","Quem conseguiu escapar nasceu denovo.","3","2022-10-05T11:31:28Z","2022-10-05T11:31:28Z","True","True","0","0","[]","QZl1N6229aU","SBT Rio 20 Anos: O Massacre de Realengo","1","Mais novos"
"@SuperSergio-jv6qm","UCTSqRnNvpwIxdyBcuj6NcMQ","http://www.youtube.com/@SuperSergio-jv6qm","Frequentava a região, pois trabalhei a 10 metros da escola.
Lugar tranquilo a qual tentei matricular os meus filhos mas não tinha vaga no mesmo horário então os matriculei em Sulacap, bairro próximo. 
Naquela manhã, os meu filhos estavam na outra escola e eu subi para varrer o terraço e quando vi alguns helicópteros sobrevoando o local, pensei que fosse engarrafamento. 
Só 3 horas depois eu liguei a TV e vi o noticiário, corri para a Tasso e vi muita gente em meio as carros de mídia , polícia e bombeiros","3","2022-05-31T19:03:07Z","2022-05-31T19:03:07Z","True","True","0","0","[]","QZl1N6229aU","SBT Rio 20 Anos: O Massacre de Realengo","1","Mais novos"
"@julianacaixeta5313","UCGqGDU8WV1-J7Kv0SFpwONg","http://www.youtube.com/@julianacaixeta5313","Só de assistir ao vídeo eu choro 💔 Que Deus possa trazer conforto aos corações dos familiares 🙏","14","2022-02-02T14:49:45Z","2022-02-02T14:49:45Z","True","True","0","0","[]","QZl1N6229aU","SBT Rio 20 Anos: O Massacre de Realengo","1","Mais novos"
"@luciahelenaportestavares1128","UC99E0ak2TJw_CSglUTTmkQA","http://www.youtube.com/@luciahelenaportestavares1128","Gênesis 6,5
5 O SENHOR viu como os humanos se tornaram maus na terra. Durante todo o dia, seus pensamentos mais profundos não passavam de maldade. 

Gênesis 6,5
5 E Deus, vendo que a maldade dos homens era grande na terra, e que todos os pensamentos de seus corações estavam voltados para o mal em todos os tempos,","12","2022-01-07T13:23:35Z","2022-01-07T13:23:35Z","True","True","0","0","[]","QZl1N6229aU","SBT Rio 20 Anos: O Massacre de Realengo","1","Mais novos"
"@eloa5365","UCJIOtmmcBbZ__dWgBncyyAQ","http://www.youtube.com/@eloa5365","Quando a menina falou aquilo me enchi de lágrimas","31","2021-02-14T00:20:22Z","2021-02-14T00:20:22Z","True","True","0","0","[]","QZl1N6229aU","SBT Rio 20 Anos: O Massacre de Realengo","1","Mais novos"
"@ifsjulia5187","UCE1vB1wxXAnn8MlZzm9Cmqw","http://www.youtube.com/@ifsjulia5187","""não me mata moço, não me mata"" 💔","93","2021-02-13T00:55:42Z","2021-02-13T00:55:42Z","True","True","0","0","[]","QZl1N6229aU","SBT Rio 20 Anos: O Massacre de Realengo","1","Mais novos"
"@e._.squshy890","UC9pGFr57oW-qFnxR4GJR9eA","http://www.youtube.com/@e._.squshy890","""nao me mata nao me mata moço""
cara...","82","2021-02-04T17:27:35Z","2021-02-04T17:27:35Z","True","True","1","1","[{'autor': '@rk1wanted', 'comentario': 'Made poops deve ter matado meu mano kksk', 'likes': 0, 'publicado_em': '2023-03-15T00:58:28Z'}]","QZl1N6229aU","SBT Rio 20 Anos: O Massacre de Realengo","1","Mais novos"
"@Martrj8","UCy43BCOTrJm6YR_QTQbG51w","http://www.youtube.com/@Martrj8","Eu perdi minha prima nesse massacre 😢 sinto MT falta dela","81","2021-01-23T16:42:53Z","2021-01-23T16:42:53Z","True","True","13","5","[{'autor': '@user-in7sz1ko6m', 'comentario': 'kkk', 'likes': 1, 'publicado_em': '2021-01-29T15:11:18Z'}, {'autor': '@sorinotsori', 'comentario': 'sinto muito...😔', 'likes': 5, 'publicado_em': '2021-02-10T23:15:51Z'}, {'autor': '@user-in7sz1ko6m', 'comentario': '@nada o', 'likes': 0, 'publicado_em': '2021-02-15T22:43:38Z'}, {'autor': '@paodebatatabr', 'comentario': '@user-in7sz1ko6m qual seu problema muleque?', 'likes': 6, 'publicado_em': '2022-06-01T19:15:41Z'}, {'autor': '@carolinimuniz7955', 'comentario': '@user-in7sz1ko6m Sim né muito engraçado né seu otário, deve ser legal fica pensando se vai dessa ou não.  Se fosse com você hein o babaca, dps não vem falar que é bricadeira não.', 'likes': 1, 'publicado_em': '2022-09-01T04:01:16Z'}]","QZl1N6229aU","SBT Rio 20 Anos: O Massacre de Realengo","1","Mais novos"
"@sheylanascimentog","UCHZSa4DueBCncOJ1dYXzzyw","http://www.youtube.com/@sheylanascimentog","Esse negócio de jogar tudo em cima da prática do Bullying, tem que ser repensado. Eu sofri Bullying da infância até a adolescência. Lembro que vivia triste e isolada, quase sempre chorando, mas nunca pensei em vingança, em matar alguém ou cometer essa monstruosidade. A prática é extremamente errada, e tem que ser sim debatida e combatida nas escolas, mas a monstruosidade que esse cara cometeu, como os de Columbine e os outros no ano de 2019, tem muito a ver é com a falta de caráter mesmo.","77","2020-09-10T07:02:21Z","2020-09-10T07:02:21Z","True","True","15","5","[{'autor': '@nickollkk', 'comentario': 'Pessoas normais sabem lidar com o bullyng, é chato demais, mas tem como aguentar, mas o problema desses caras é que eles eram completamente psicopatas e frágeis psicologicamente , e um gatilho pra eles tacarem o fodase, eram influencias por fóruns de ódio, jogos, etc', 'likes': 10, 'publicado_em': '2020-09-12T03:01:21Z'}, {'autor': '@Princess-uj3tw', 'comentario': 'É mais ngm é igual vc', 'likes': 6, 'publicado_em': '2020-11-06T17:26:05Z'}, {'autor': '@sophiaoliveira4610', 'comentario': '@Princess-uj3tw  por acaso bullying justifica matar gente inocente?', 'likes': 2, 'publicado_em': '2020-11-25T18:14:31Z'}, {'autor': '@Princess-uj3tw', 'comentario': '@sophiaoliveira4610 matar os q faziam bullying sim gente ""inocente"" não', 'likes': 4, 'publicado_em': '2020-11-25T18:28:47Z'}, {'autor': '@sophiaoliveira4610', 'comentario': '@Princess-uj3tw  no caso foi gente inocente, as crianças de lá não tinham nem estudado com eles.', 'likes': 1, 'publicado_em': '2020-11-25T18:33:01Z'}]","QZl1N6229aU","SBT Rio 20 Anos: O Massacre de Realengo","1","Mais novos"
"@tantofaz5348","UCVlcK6G29TucohNsffPZyOQ","http://www.youtube.com/@tantofaz5348","Pó Man matar crianças é o maior pecado que a pessoa pode fazer","180","2020-06-26T03:20:12Z","2020-06-26T03:20:12Z","True","True","18","5","[{'autor': '@sonit9918', 'comentario': 'Matar qualquer pessoa', 'likes': 5, 'publicado_em': '2020-08-29T05:30:52Z'}, {'autor': '@pludon5994', 'comentario': 'Qualquer pessoa', 'likes': 1, 'publicado_em': '2020-09-23T02:48:43Z'}, {'autor': '@pludon5994', 'comentario': 'Ta mas sem motivo', 'likes': 0, 'publicado_em': '2020-09-23T02:48:56Z'}, {'autor': '@ouser54467', 'comentario': 'Q criança rapaz e animal', 'likes': 1, 'publicado_em': '2020-11-19T15:53:08Z'}, {'autor': '@tatianemagalhaes5822', 'comentario': 'S', 'likes': 0, 'publicado_em': '2020-11-25T06:46:27Z'}]","QZl1N6229aU","SBT Rio 20 Anos: O Massacre de Realengo","1","Mais novos"
"@musicacomslowed3032","UCLSDIP2003nOv49w8tSA2-w","http://www.youtube.com/@musicacomslowed3032","Ele matou mais garotas por causa do trauma que teve de ser iludido por elas na adolescência","87","2020-06-13T15:23:59Z","2020-06-13T15:23:59Z","True","True","24","5","[{'autor': '@shawty7229', 'comentario': 'Ou por conta de que elas não corriam tão rápido,ou em grupinhos', 'likes': 16, 'publicado_em': '2020-07-16T08:12:19Z'}, {'autor': '@musicacomslowed3032', 'comentario': 'lolixinha :3 nada av', 'likes': 0, 'publicado_em': '2020-07-16T12:19:21Z'}, {'autor': '@caio3460', 'comentario': '@musicacomslowed3032 iludido não. Há relatos de que ele era humilhados por elas, provocavam e tiravam sarro dele.', 'likes': 14, 'publicado_em': '2020-08-01T12:57:34Z'}, {'autor': '@shawty7229', 'comentario': '@caio3460 uai mas a maioria dali eram crianças nunca estudaram com ele neah?', 'likes': 13, 'publicado_em': '2020-08-08T15:53:42Z'}, {'autor': '@caio3460', 'comentario': '@shawty7229 sim.', 'likes': 1, 'publicado_em': '2020-08-08T15:56:13Z'}]","QZl1N6229aU","SBT Rio 20 Anos: O Massacre de Realengo","1","Mais novos"
"@tonyclass27","UCxiTSjfEi_oe553ycLPVltQ","http://www.youtube.com/@tonyclass27","9 anos 😓","16","2020-04-08T01:08:29Z","2020-04-08T01:08:29Z","True","True","0","0","[]","QZl1N6229aU","SBT Rio 20 Anos: O Massacre de Realengo","1","Mais novos"
"@LeonardoSilva-dt4vf","UCKW6Qyn7bd-SxuLIAWacQgQ","http://www.youtube.com/@LeonardoSilva-dt4vf","Minha iormã foi uma das vitimas Ana Carolina Pacheco da Silva , foi muito dificil lhe dar com tudo oque aconteceu ,mas sei que minha irmã está em paz com Jesus . Complicado sim . A vida perdeu sentido sem ela , mas eu tenho que continuar","380","2020-01-26T04:05:03Z","2020-01-26T04:05:03Z","True","True","24","5","[{'autor': '@lucianavicentin5533', 'comentario': 'Que Deus abençoe vc e toda sua família, muita força p todos', 'likes': 24, 'publicado_em': '2020-03-16T17:37:30Z'}, {'autor': '@lucaslanda4526', 'comentario': 'Nossa impressionante o nome da sua irmã..', 'likes': 10, 'publicado_em': '2020-06-13T03:27:07Z'}, {'autor': '@lucassep1360', 'comentario': 'Sinto muito pela morte da sua irmã, com certeza ele está em um lugre próspero e encantador.', 'likes': 12, 'publicado_em': '2020-07-02T08:58:30Z'}, {'autor': '@stefanny6570', 'comentario': 'Leonardo Silva, sempre vejo vc comentando nessas postagens, tinha oito anos quando isso aconteceu, mas sinto uma tristeza, q Deus conforte seu coraçao, achei lindo a homenagem q vc fez pra ela em outro video,  abraços..', 'likes': 8, 'publicado_em': '2020-08-05T14:42:51Z'}, {'autor': '@perolavitoria4841', 'comentario': 'Meus pêsames fique bem, tudo vai ficar bem, sua irmã está em um lugar incrivel sem crueldade, dor ou sofrimento e pode ter certeza que ela não quer te ver sofrendo então te desejo toda felicidade do mundo e a todos q perderam seus familiares para esse massacre... Q deus abençoe e te proteja...', 'likes': 6, 'publicado_em': '2020-09-09T11:38:37Z'}]","QZl1N6229aU","SBT Rio 20 Anos: O Massacre de Realengo","1","Mais novos"
"@wellingtonlandim5984","UC7GSRi3lXnZAddKR3qEY7oA","http://www.youtube.com/@wellingtonlandim5984","Alô SBT cria um ZAP para que os telespectadores possam interagir.","30","2019-11-27T15:12:57Z","2019-11-27T15:12:57Z","True","True","2","2","[{'autor': '@skinska9934', 'comentario': 'Seu bosta', 'likes': 2, 'publicado_em': '2020-01-06T01:42:41Z'}, {'autor': '@matheusRFC207', 'comentario': '@skinska9934 você', 'likes': 0, 'publicado_em': '2020-07-09T05:12:23Z'}]","QZl1N6229aU","SBT Rio 20 Anos: O Massacre de Realengo","1","Mais novos"
"@wilzasantos7095","UCgqaNU4wPinWsniYuPFCatw","http://www.youtube.com/@wilzasantos7095","Pior dia da minha vida,vendo aquilo tudo😭","46","2019-11-27T14:30:36Z","2019-11-27T14:30:36Z","True","True","1","1","[{'autor': '@tonyclass27', 'comentario': 'Vc estudava lá?', 'likes': 3, 'publicado_em': '2020-04-08T01:08:50Z'}]","QZl1N6229aU","SBT Rio 20 Anos: O Massacre de Realengo","1","Mais novos"
"@jorgee2178","UCaBOM-oJEJdb0hWMXgRGAdQ","http://www.youtube.com/@jorgee2178","Deus misericordioso","7","2019-11-27T14:26:38Z","2019-11-27T14:26:38Z","True","True","0","0","[]","QZl1N6229aU","SBT Rio 20 Anos: O Massacre de Realengo","1","Mais novos"
"@celsogouveajunior6754","UCKD1oN_J9zEdb8YwDxV8Gww","http://www.youtube.com/@celsogouveajunior6754","Até hoje ninguém entende a causa de tanta crueldade.","164","2019-11-27T14:18:19Z","2019-11-27T14:18:19Z","True","True","35","5","[{'autor': '@theusm4rt1nzz', 'comentario': 'https://youtu.be/ekNgYWlsy7E\n Toda ação tem uma reação, não basta julgar,e sim entender para evitar...', 'likes': 21, 'publicado_em': '2019-11-30T03:09:21Z'}, {'autor': '@cauaoliveira2496', 'comentario': 'Bullying', 'likes': 24, 'publicado_em': '2019-12-04T15:35:40Z'}, {'autor': '@anjosderealengo8389', 'comentario': 'Ele foi cruel pq ele matou pessoas que não tinha nada Haver com a vida dele...por isso foi cruel...', 'likes': 18, 'publicado_em': '2020-04-16T02:39:30Z'}, {'autor': '@contradicoesdaesquerda8062', 'comentario': 'A crueldade é de origem humana.', 'likes': 13, 'publicado_em': '2020-04-20T21:25:28Z'}, {'autor': '@mikhaely9206', 'comentario': '@cauaoliveira2496 As pessoas que fizeram com ele nem estudavam mais lá, ele matou inocentes', 'likes': 16, 'publicado_em': '2020-05-06T02:34:20Z'}]","QZl1N6229aU","SBT Rio 20 Anos: O Massacre de Realengo","1","Mais novos"
"@celsogouveajunior6754","UCKD1oN_J9zEdb8YwDxV8Gww","http://www.youtube.com/@celsogouveajunior6754","Até hoje ninguém entende a causa de tanta crueldade.","164","2019-11-27T14:18:19Z","2019-11-27T14:18:19Z","True","True","35","5","[{'autor': '@theusm4rt1nzz', 'comentario': 'https://youtu.be/ekNgYWlsy7E\n Toda ação tem uma reação, não basta julgar,e sim entender para evitar...', 'likes': 21, 'publicado_em': '2019-11-30T03:09:21Z'}, {'autor': '@cauaoliveira2496', 'comentario': 'Bullying', 'likes': 24, 'publicado_em': '2019-12-04T15:35:40Z'}, {'autor': '@anjosderealengo8389', 'comentario': 'Ele foi cruel pq ele matou pessoas que não tinha nada Haver com a vida dele...por isso foi cruel...', 'likes': 18, 'publicado_em': '2020-04-16T02:39:30Z'}, {'autor': '@contradicoesdaesquerda8062', 'comentario': 'A crueldade é de origem humana.', 'likes': 13, 'publicado_em': '2020-04-20T21:25:28Z'}, {'autor': '@mikhaely9206', 'comentario': '@cauaoliveira2496 As pessoas que fizeram com ele nem estudavam mais lá, ele matou inocentes', 'likes': 16, 'publicado_em': '2020-05-06T02:34:20Z'}]","QZl1N6229aU","SBT Rio 20 Anos: O Massacre de Realengo","2","Mais antigos"
"@jorgee2178","UCaBOM-oJEJdb0hWMXgRGAdQ","http://www.youtube.com/@jorgee2178","Deus misericordioso","7","2019-11-27T14:26:38Z","2019-11-27T14:26:38Z","True","True","0","0","[]","QZl1N6229aU","SBT Rio 20 Anos: O Massacre de Realengo","2","Mais antigos"
"@wilzasantos7095","UCgqaNU4wPinWsniYuPFCatw","http://www.youtube.com/@wilzasantos7095","Pior dia da minha vida,vendo aquilo tudo😭","46","2019-11-27T14:30:36Z","2019-11-27T14:30:36Z","True","True","1","1","[{'autor': '@tonyclass27', 'comentario': 'Vc estudava lá?', 'likes': 3, 'publicado_em': '2020-04-08T01:08:50Z'}]","QZl1N6229aU","SBT Rio 20 Anos: O Massacre de Realengo","2","Mais antigos"
"@wellingtonlandim5984","UC7GSRi3lXnZAddKR3qEY7oA","http://www.youtube.com/@wellingtonlandim5984","Alô SBT cria um ZAP para que os telespectadores possam interagir.","30","2019-11-27T15:12:57Z","2019-11-27T15:12:57Z","True","True","2","2","[{'autor': '@skinska9934', 'comentario': 'Seu bosta', 'likes': 2, 'publicado_em': '2020-01-06T01:42:41Z'}, {'autor': '@matheusRFC207', 'comentario': '@skinska9934 você', 'likes': 0, 'publicado_em': '2020-07-09T05:12:23Z'}]","QZl1N6229aU","SBT Rio 20 Anos: O Massacre de Realengo","2","Mais antigos"
"@LeonardoSilva-dt4vf","UCKW6Qyn7bd-SxuLIAWacQgQ","http://www.youtube.com/@LeonardoSilva-dt4vf","Minha iormã foi uma das vitimas Ana Carolina Pacheco da Silva , foi muito dificil lhe dar com tudo oque aconteceu ,mas sei que minha irmã está em paz com Jesus . Complicado sim . A vida perdeu sentido sem ela , mas eu tenho que continuar","380","2020-01-26T04:05:03Z","2020-01-26T04:05:03Z","True","True","24","5","[{'autor': '@lucianavicentin5533', 'comentario': 'Que Deus abençoe vc e toda sua família, muita força p todos', 'likes': 24, 'publicado_em': '2020-03-16T17:37:30Z'}, {'autor': '@lucaslanda4526', 'comentario': 'Nossa impressionante o nome da sua irmã..', 'likes': 10, 'publicado_em': '2020-06-13T03:27:07Z'}, {'autor': '@lucassep1360', 'comentario': 'Sinto muito pela morte da sua irmã, com certeza ele está em um lugre próspero e encantador.', 'likes': 12, 'publicado_em': '2020-07-02T08:58:30Z'}, {'autor': '@stefanny6570', 'comentario': 'Leonardo Silva, sempre vejo vc comentando nessas postagens, tinha oito anos quando isso aconteceu, mas sinto uma tristeza, q Deus conforte seu coraçao, achei lindo a homenagem q vc fez pra ela em outro video,  abraços..', 'likes': 8, 'publicado_em': '2020-08-05T14:42:51Z'}, {'autor': '@perolavitoria4841', 'comentario': 'Meus pêsames fique bem, tudo vai ficar bem, sua irmã está em um lugar incrivel sem crueldade, dor ou sofrimento e pode ter certeza que ela não quer te ver sofrendo então te desejo toda felicidade do mundo e a todos q perderam seus familiares para esse massacre... Q deus abençoe e te proteja...', 'likes': 6, 'publicado_em': '2020-09-09T11:38:37Z'}]","QZl1N6229aU","SBT Rio 20 Anos: O Massacre de Realengo","2","Mais antigos"
"@tonyclass27","UCxiTSjfEi_oe553ycLPVltQ","http://www.youtube.com/@tonyclass27","9 anos 😓","16","2020-04-08T01:08:29Z","2020-04-08T01:08:29Z","True","True","0","0","[]","QZl1N6229aU","SBT Rio 20 Anos: O Massacre de Realengo","2","Mais antigos"
"@musicacomslowed3032","UCLSDIP2003nOv49w8tSA2-w","http://www.youtube.com/@musicacomslowed3032","Ele matou mais garotas por causa do trauma que teve de ser iludido por elas na adolescência","87","2020-06-13T15:23:59Z","2020-06-13T15:23:59Z","True","True","24","5","[{'autor': '@shawty7229', 'comentario': 'Ou por conta de que elas não corriam tão rápido,ou em grupinhos', 'likes': 16, 'publicado_em': '2020-07-16T08:12:19Z'}, {'autor': '@musicacomslowed3032', 'comentario': 'lolixinha :3 nada av', 'likes': 0, 'publicado_em': '2020-07-16T12:19:21Z'}, {'autor': '@caio3460', 'comentario': '@musicacomslowed3032 iludido não. Há relatos de que ele era humilhados por elas, provocavam e tiravam sarro dele.', 'likes': 14, 'publicado_em': '2020-08-01T12:57:34Z'}, {'autor': '@shawty7229', 'comentario': '@caio3460 uai mas a maioria dali eram crianças nunca estudaram com ele neah?', 'likes': 13, 'publicado_em': '2020-08-08T15:53:42Z'}, {'autor': '@caio3460', 'comentario': '@shawty7229 sim.', 'likes': 1, 'publicado_em': '2020-08-08T15:56:13Z'}]","QZl1N6229aU","SBT Rio 20 Anos: O Massacre de Realengo","2","Mais antigos"
"@tantofaz5348","UCVlcK6G29TucohNsffPZyOQ","http://www.youtube.com/@tantofaz5348","Pó Man matar crianças é o maior pecado que a pessoa pode fazer","180","2020-06-26T03:20:12Z","2020-06-26T03:20:12Z","True","True","18","5","[{'autor': '@sonit9918', 'comentario': 'Matar qualquer pessoa', 'likes': 5, 'publicado_em': '2020-08-29T05:30:52Z'}, {'autor': '@pludon5994', 'comentario': 'Qualquer pessoa', 'likes': 1, 'publicado_em': '2020-09-23T02:48:43Z'}, {'autor': '@pludon5994', 'comentario': 'Ta mas sem motivo', 'likes': 0, 'publicado_em': '2020-09-23T02:48:56Z'}, {'autor': '@ouser54467', 'comentario': 'Q criança rapaz e animal', 'likes': 1, 'publicado_em': '2020-11-19T15:53:08Z'}, {'autor': '@tatianemagalhaes5822', 'comentario': 'S', 'likes': 0, 'publicado_em': '2020-11-25T06:46:27Z'}]","QZl1N6229aU","SBT Rio 20 Anos: O Massacre de Realengo","2","Mais antigos"
"@sheylanascimentog","UCHZSa4DueBCncOJ1dYXzzyw","http://www.youtube.com/@sheylanascimentog","Esse negócio de jogar tudo em cima da prática do Bullying, tem que ser repensado. Eu sofri Bullying da infância até a adolescência. Lembro que vivia triste e isolada, quase sempre chorando, mas nunca pensei em vingança, em matar alguém ou cometer essa monstruosidade. A prática é extremamente errada, e tem que ser sim debatida e combatida nas escolas, mas a monstruosidade que esse cara cometeu, como os de Columbine e os outros no ano de 2019, tem muito a ver é com a falta de caráter mesmo.","77","2020-09-10T07:02:21Z","2020-09-10T07:02:21Z","True","True","15","5","[{'autor': '@nickollkk', 'comentario': 'Pessoas normais sabem lidar com o bullyng, é chato demais, mas tem como aguentar, mas o problema desses caras é que eles eram completamente psicopatas e frágeis psicologicamente , e um gatilho pra eles tacarem o fodase, eram influencias por fóruns de ódio, jogos, etc', 'likes': 10, 'publicado_em': '2020-09-12T03:01:21Z'}, {'autor': '@Princess-uj3tw', 'comentario': 'É mais ngm é igual vc', 'likes': 6, 'publicado_em': '2020-11-06T17:26:05Z'}, {'autor': '@sophiaoliveira4610', 'comentario': '@Princess-uj3tw  por acaso bullying justifica matar gente inocente?', 'likes': 2, 'publicado_em': '2020-11-25T18:14:31Z'}, {'autor': '@Princess-uj3tw', 'comentario': '@sophiaoliveira4610 matar os q faziam bullying sim gente ""inocente"" não', 'likes': 4, 'publicado_em': '2020-11-25T18:28:47Z'}, {'autor': '@sophiaoliveira4610', 'comentario': '@Princess-uj3tw  no caso foi gente inocente, as crianças de lá não tinham nem estudado com eles.', 'likes': 1, 'publicado_em': '2020-11-25T18:33:01Z'}]","QZl1N6229aU","SBT Rio 20 Anos: O Massacre de Realengo","2","Mais antigos"
"@Martrj8","UCy43BCOTrJm6YR_QTQbG51w","http://www.youtube.com/@Martrj8","Eu perdi minha prima nesse massacre 😢 sinto MT falta dela","81","2021-01-23T16:42:53Z","2021-01-23T16:42:53Z","True","True","13","5","[{'autor': '@user-in7sz1ko6m', 'comentario': 'kkk', 'likes': 1, 'publicado_em': '2021-01-29T15:11:18Z'}, {'autor': '@sorinotsori', 'comentario': 'sinto muito...😔', 'likes': 5, 'publicado_em': '2021-02-10T23:15:51Z'}, {'autor': '@user-in7sz1ko6m', 'comentario': '@nada o', 'likes': 0, 'publicado_em': '2021-02-15T22:43:38Z'}, {'autor': '@paodebatatabr', 'comentario': '@user-in7sz1ko6m qual seu problema muleque?', 'likes': 6, 'publicado_em': '2022-06-01T19:15:41Z'}, {'autor': '@carolinimuniz7955', 'comentario': '@user-in7sz1ko6m Sim né muito engraçado né seu otário, deve ser legal fica pensando se vai dessa ou não.  Se fosse com você hein o babaca, dps não vem falar que é bricadeira não.', 'likes': 1, 'publicado_em': '2022-09-01T04:01:16Z'}]","QZl1N6229aU","SBT Rio 20 Anos: O Massacre de Realengo","2","Mais antigos"
"@e._.squshy890","UC9pGFr57oW-qFnxR4GJR9eA","http://www.youtube.com/@e._.squshy890","""nao me mata nao me mata moço""
cara...","82","2021-02-04T17:27:35Z","2021-02-04T17:27:35Z","True","True","1","1","[{'autor': '@rk1wanted', 'comentario': 'Made poops deve ter matado meu mano kksk', 'likes': 0, 'publicado_em': '2023-03-15T00:58:28Z'}]","QZl1N6229aU","SBT Rio 20 Anos: O Massacre de Realengo","2","Mais antigos"
"@ifsjulia5187","UCE1vB1wxXAnn8MlZzm9Cmqw","http://www.youtube.com/@ifsjulia5187","""não me mata moço, não me mata"" 💔","93","2021-02-13T00:55:42Z","2021-02-13T00:55:42Z","True","True","0","0","[]","QZl1N6229aU","SBT Rio 20 Anos: O Massacre de Realengo","2","Mais antigos"
"@eloa5365","UCJIOtmmcBbZ__dWgBncyyAQ","http://www.youtube.com/@eloa5365","Quando a menina falou aquilo me enchi de lágrimas","31","2021-02-14T00:20:22Z","2021-02-14T00:20:22Z","True","True","0","0","[]","QZl1N6229aU","SBT Rio 20 Anos: O Massacre de Realengo","2","Mais antigos"
"@luciahelenaportestavares1128","UC99E0ak2TJw_CSglUTTmkQA","http://www.youtube.com/@luciahelenaportestavares1128","Gênesis 6,5
5 O SENHOR viu como os humanos se tornaram maus na terra. Durante todo o dia, seus pensamentos mais profundos não passavam de maldade. 

Gênesis 6,5
5 E Deus, vendo que a maldade dos homens era grande na terra, e que todos os pensamentos de seus corações estavam voltados para o mal em todos os tempos,","12","2022-01-07T13:23:35Z","2022-01-07T13:23:35Z","True","True","0","0","[]","QZl1N6229aU","SBT Rio 20 Anos: O Massacre de Realengo","2","Mais antigos"
"@julianacaixeta5313","UCGqGDU8WV1-J7Kv0SFpwONg","http://www.youtube.com/@julianacaixeta5313","Só de assistir ao vídeo eu choro 💔 Que Deus possa trazer conforto aos corações dos familiares 🙏","14","2022-02-02T14:49:45Z","2022-02-02T14:49:45Z","True","True","0","0","[]","QZl1N6229aU","SBT Rio 20 Anos: O Massacre de Realengo","2","Mais antigos"
"@SuperSergio-jv6qm","UCTSqRnNvpwIxdyBcuj6NcMQ","http://www.youtube.com/@SuperSergio-jv6qm","Frequentava a região, pois trabalhei a 10 metros da escola.
Lugar tranquilo a qual tentei matricular os meus filhos mas não tinha vaga no mesmo horário então os matriculei em Sulacap, bairro próximo. 
Naquela manhã, os meu filhos estavam na outra escola e eu subi para varrer o terraço e quando vi alguns helicópteros sobrevoando o local, pensei que fosse engarrafamento. 
Só 3 horas depois eu liguei a TV e vi o noticiário, corri para a Tasso e vi muita gente em meio as carros de mídia , polícia e bombeiros","3","2022-05-31T19:03:07Z","2022-05-31T19:03:07Z","True","True","0","0","[]","QZl1N6229aU","SBT Rio 20 Anos: O Massacre de Realengo","2","Mais antigos"
"@jeanchastell227","UCGPxphuBDgP2jHXtVSCAXFw","http://www.youtube.com/@jeanchastell227","Quem conseguiu escapar nasceu denovo.","3","2022-10-05T11:31:28Z","2022-10-05T11:31:28Z","True","True","0","0","[]","QZl1N6229aU","SBT Rio 20 Anos: O Massacre de Realengo","2","Mais antigos"
"@huggx","UCxESDl-5bqMlcJ0GQmpRUNA","http://www.youtube.com/@huggx","E o bullying ainda é comum em várias escolas brasileiras e em outros países","6","2023-03-30T11:55:42Z","2023-03-30T11:55:42Z","True","True","0","0","[]","QZl1N6229aU","SBT Rio 20 Anos: O Massacre de Realengo","2","Mais antigos"
"@mirlalima8773","UCqwwLhnTRX74sm_1TaFYWWA","http://www.youtube.com/@mirlalima8773","Tudo se repete ninguém toma providências #lutoBlumenau2023","8","2023-04-06T12:36:42Z","2023-04-06T12:36:42Z","True","True","0","0","[]","QZl1N6229aU","SBT Rio 20 Anos: O Massacre de Realengo","2","Mais antigos"
"@rafaelfernandes1890","UCpOagvxulWkj66YxO7Mp5JA","http://www.youtube.com/@rafaelfernandes1890","As conseqüências do bullying é muito pesada.","0","2024-08-01T00:54:17Z","2024-08-01T00:54:17Z","True","True","0","0","[]","QZl1N6229aU","SBT Rio 20 Anos: O Massacre de Realengo","2","Mais antigos"
"@LeonardoSilva-dt4vf","UCKW6Qyn7bd-SxuLIAWacQgQ","http://www.youtube.com/@LeonardoSilva-dt4vf","Minha iormã foi uma das vitimas Ana Carolina Pacheco da Silva , foi muito dificil lhe dar com tudo oque aconteceu ,mas sei que minha irmã está em paz com Jesus . Complicado sim . A vida perdeu sentido sem ela , mas eu tenho que continuar","380","2020-01-26T04:05:03Z","2020-01-26T04:05:03Z","True","True","24","5","[{'autor': '@lucianavicentin5533', 'comentario': 'Que Deus abençoe vc e toda sua família, muita força p todos', 'likes': 24, 'publicado_em': '2020-03-16T17:37:30Z'}, {'autor': '@lucaslanda4526', 'comentario': 'Nossa impressionante o nome da sua irmã..', 'likes': 10, 'publicado_em': '2020-06-13T03:27:07Z'}, {'autor': '@lucassep1360', 'comentario': 'Sinto muito pela morte da sua irmã, com certeza ele está em um lugre próspero e encantador.', 'likes': 12, 'publicado_em': '2020-07-02T08:58:30Z'}, {'autor': '@stefanny6570', 'comentario': 'Leonardo Silva, sempre vejo vc comentando nessas postagens, tinha oito anos quando isso aconteceu, mas sinto uma tristeza, q Deus conforte seu coraçao, achei lindo a homenagem q vc fez pra ela em outro video,  abraços..', 'likes': 8, 'publicado_em': '2020-08-05T14:42:51Z'}, {'autor': '@perolavitoria4841', 'comentario': 'Meus pêsames fique bem, tudo vai ficar bem, sua irmã está em um lugar incrivel sem crueldade, dor ou sofrimento e pode ter certeza que ela não quer te ver sofrendo então te desejo toda felicidade do mundo e a todos q perderam seus familiares para esse massacre... Q deus abençoe e te proteja...', 'likes': 6, 'publicado_em': '2020-09-09T11:38:37Z'}]","QZl1N6229aU","SBT Rio 20 Anos: O Massacre de Realengo","3","Mais curtidos"
"@tantofaz5348","UCVlcK6G29TucohNsffPZyOQ","http://www.youtube.com/@tantofaz5348","Pó Man matar crianças é o maior pecado que a pessoa pode fazer","180","2020-06-26T03:20:12Z","2020-06-26T03:20:12Z","True","True","18","5","[{'autor': '@sonit9918', 'comentario': 'Matar qualquer pessoa', 'likes': 5, 'publicado_em': '2020-08-29T05:30:52Z'}, {'autor': '@pludon5994', 'comentario': 'Qualquer pessoa', 'likes': 1, 'publicado_em': '2020-09-23T02:48:43Z'}, {'autor': '@pludon5994', 'comentario': 'Ta mas sem motivo', 'likes': 0, 'publicado_em': '2020-09-23T02:48:56Z'}, {'autor': '@ouser54467', 'comentario': 'Q criança rapaz e animal', 'likes': 1, 'publicado_em': '2020-11-19T15:53:08Z'}, {'autor': '@tatianemagalhaes5822', 'comentario': 'S', 'likes': 0, 'publicado_em': '2020-11-25T06:46:27Z'}]","QZl1N6229aU","SBT Rio 20 Anos: O Massacre de Realengo","3","Mais curtidos"
"@celsogouveajunior6754","UCKD1oN_J9zEdb8YwDxV8Gww","http://www.youtube.com/@celsogouveajunior6754","Até hoje ninguém entende a causa de tanta crueldade.","164","2019-11-27T14:18:19Z","2019-11-27T14:18:19Z","True","True","35","5","[{'autor': '@theusm4rt1nzz', 'comentario': 'https://youtu.be/ekNgYWlsy7E\n Toda ação tem uma reação, não basta julgar,e sim entender para evitar...', 'likes': 21, 'publicado_em': '2019-11-30T03:09:21Z'}, {'autor': '@cauaoliveira2496', 'comentario': 'Bullying', 'likes': 24, 'publicado_em': '2019-12-04T15:35:40Z'}, {'autor': '@anjosderealengo8389', 'comentario': 'Ele foi cruel pq ele matou pessoas que não tinha nada Haver com a vida dele...por isso foi cruel...', 'likes': 18, 'publicado_em': '2020-04-16T02:39:30Z'}, {'autor': '@contradicoesdaesquerda8062', 'comentario': 'A crueldade é de origem humana.', 'likes': 13, 'publicado_em': '2020-04-20T21:25:28Z'}, {'autor': '@mikhaely9206', 'comentario': '@cauaoliveira2496 As pessoas que fizeram com ele nem estudavam mais lá, ele matou inocentes', 'likes': 16, 'publicado_em': '2020-05-06T02:34:20Z'}]","QZl1N6229aU","SBT Rio 20 Anos: O Massacre de Realengo","3","Mais curtidos"
"@ifsjulia5187","UCE1vB1wxXAnn8MlZzm9Cmqw","http://www.youtube.com/@ifsjulia5187","""não me mata moço, não me mata"" 💔","93","2021-02-13T00:55:42Z","2021-02-13T00:55:42Z","True","True","0","0","[]","QZl1N6229aU","SBT Rio 20 Anos: O Massacre de Realengo","3","Mais curtidos"
"@musicacomslowed3032","UCLSDIP2003nOv49w8tSA2-w","http://www.youtube.com/@musicacomslowed3032","Ele matou mais garotas por causa do trauma que teve de ser iludido por elas na adolescência","87","2020-06-13T15:23:59Z","2020-06-13T15:23:59Z","True","True","24","5","[{'autor': '@shawty7229', 'comentario': 'Ou por conta de que elas não corriam tão rápido,ou em grupinhos', 'likes': 16, 'publicado_em': '2020-07-16T08:12:19Z'}, {'autor': '@musicacomslowed3032', 'comentario': 'lolixinha :3 nada av', 'likes': 0, 'publicado_em': '2020-07-16T12:19:21Z'}, {'autor': '@caio3460', 'comentario': '@musicacomslowed3032 iludido não. Há relatos de que ele era humilhados por elas, provocavam e tiravam sarro dele.', 'likes': 14, 'publicado_em': '2020-08-01T12:57:34Z'}, {'autor': '@shawty7229', 'comentario': '@caio3460 uai mas a maioria dali eram crianças nunca estudaram com ele neah?', 'likes': 13, 'publicado_em': '2020-08-08T15:53:42Z'}, {'autor': '@caio3460', 'comentario': '@shawty7229 sim.', 'likes': 1, 'publicado_em': '2020-08-08T15:56:13Z'}]","QZl1N6229aU","SBT Rio 20 Anos: O Massacre de Realengo","3","Mais curtidos"
"@e._.squshy890","UC9pGFr57oW-qFnxR4GJR9eA","http://www.youtube.com/@e._.squshy890","""nao me mata nao me mata moço""
cara...","82","2021-02-04T17:27:35Z","2021-02-04T17:27:35Z","True","True","1","1","[{'autor': '@rk1wanted', 'comentario': 'Made poops deve ter matado meu mano kksk', 'likes': 0, 'publicado_em': '2023-03-15T00:58:28Z'}]","QZl1N6229aU","SBT Rio 20 Anos: O Massacre de Realengo","3","Mais curtidos"
"@Martrj8","UCy43BCOTrJm6YR_QTQbG51w","http://www.youtube.com/@Martrj8","Eu perdi minha prima nesse massacre 😢 sinto MT falta dela","81","2021-01-23T16:42:53Z","2021-01-23T16:42:53Z","True","True","13","5","[{'autor': '@user-in7sz1ko6m', 'comentario': 'kkk', 'likes': 1, 'publicado_em': '2021-01-29T15:11:18Z'}, {'autor': '@sorinotsori', 'comentario': 'sinto muito...😔', 'likes': 5, 'publicado_em': '2021-02-10T23:15:51Z'}, {'autor': '@user-in7sz1ko6m', 'comentario': '@nada o', 'likes': 0, 'publicado_em': '2021-02-15T22:43:38Z'}, {'autor': '@paodebatatabr', 'comentario': '@user-in7sz1ko6m qual seu problema muleque?', 'likes': 6, 'publicado_em': '2022-06-01T19:15:41Z'}, {'autor': '@carolinimuniz7955', 'comentario': '@user-in7sz1ko6m Sim né muito engraçado né seu otário, deve ser legal fica pensando se vai dessa ou não.  Se fosse com você hein o babaca, dps não vem falar que é bricadeira não.', 'likes': 1, 'publicado_em': '2022-09-01T04:01:16Z'}]","QZl1N6229aU","SBT Rio 20 Anos: O Massacre de Realengo","3","Mais curtidos"
"@sheylanascimentog","UCHZSa4DueBCncOJ1dYXzzyw","http://www.youtube.com/@sheylanascimentog","Esse negócio de jogar tudo em cima da prática do Bullying, tem que ser repensado. Eu sofri Bullying da infância até a adolescência. Lembro que vivia triste e isolada, quase sempre chorando, mas nunca pensei em vingança, em matar alguém ou cometer essa monstruosidade. A prática é extremamente errada, e tem que ser sim debatida e combatida nas escolas, mas a monstruosidade que esse cara cometeu, como os de Columbine e os outros no ano de 2019, tem muito a ver é com a falta de caráter mesmo.","77","2020-09-10T07:02:21Z","2020-09-10T07:02:21Z","True","True","15","5","[{'autor': '@nickollkk', 'comentario': 'Pessoas normais sabem lidar com o bullyng, é chato demais, mas tem como aguentar, mas o problema desses caras é que eles eram completamente psicopatas e frágeis psicologicamente , e um gatilho pra eles tacarem o fodase, eram influencias por fóruns de ódio, jogos, etc', 'likes': 10, 'publicado_em': '2020-09-12T03:01:21Z'}, {'autor': '@Princess-uj3tw', 'comentario': 'É mais ngm é igual vc', 'likes': 6, 'publicado_em': '2020-11-06T17:26:05Z'}, {'autor': '@sophiaoliveira4610', 'comentario': '@Princess-uj3tw  por acaso bullying justifica matar gente inocente?', 'likes': 2, 'publicado_em': '2020-11-25T18:14:31Z'}, {'autor': '@Princess-uj3tw', 'comentario': '@sophiaoliveira4610 matar os q faziam bullying sim gente ""inocente"" não', 'likes': 4, 'publicado_em': '2020-11-25T18:28:47Z'}, {'autor': '@sophiaoliveira4610', 'comentario': '@Princess-uj3tw  no caso foi gente inocente, as crianças de lá não tinham nem estudado com eles.', 'likes': 1, 'publicado_em': '2020-11-25T18:33:01Z'}]","QZl1N6229aU","SBT Rio 20 Anos: O Massacre de Realengo","3","Mais curtidos"
"@wilzasantos7095","UCgqaNU4wPinWsniYuPFCatw","http://www.youtube.com/@wilzasantos7095","Pior dia da minha vida,vendo aquilo tudo😭","46","2019-11-27T14:30:36Z","2019-11-27T14:30:36Z","True","True","1","1","[{'autor': '@tonyclass27', 'comentario': 'Vc estudava lá?', 'likes': 3, 'publicado_em': '2020-04-08T01:08:50Z'}]","QZl1N6229aU","SBT Rio 20 Anos: O Massacre de Realengo","3","Mais curtidos"
"@eloa5365","UCJIOtmmcBbZ__dWgBncyyAQ","http://www.youtube.com/@eloa5365","Quando a menina falou aquilo me enchi de lágrimas","31","2021-02-14T00:20:22Z","2021-02-14T00:20:22Z","True","True","0","0","[]","QZl1N6229aU","SBT Rio 20 Anos: O Massacre de Realengo","3","Mais curtidos"
"@wellingtonlandim5984","UC7GSRi3lXnZAddKR3qEY7oA","http://www.youtube.com/@wellingtonlandim5984","Alô SBT cria um ZAP para que os telespectadores possam interagir.","30","2019-11-27T15:12:57Z","2019-11-27T15:12:57Z","True","True","2","2","[{'autor': '@skinska9934', 'comentario': 'Seu bosta', 'likes': 2, 'publicado_em': '2020-01-06T01:42:41Z'}, {'autor': '@matheusRFC207', 'comentario': '@skinska9934 você', 'likes': 0, 'publicado_em': '2020-07-09T05:12:23Z'}]","QZl1N6229aU","SBT Rio 20 Anos: O Massacre de Realengo","3","Mais curtidos"
"@tonyclass27","UCxiTSjfEi_oe553ycLPVltQ","http://www.youtube.com/@tonyclass27","9 anos 😓","16","2020-04-08T01:08:29Z","2020-04-08T01:08:29Z","True","True","0","0","[]","QZl1N6229aU","SBT Rio 20 Anos: O Massacre de Realengo","3","Mais curtidos"
"@julianacaixeta5313","UCGqGDU8WV1-J7Kv0SFpwONg","http://www.youtube.com/@julianacaixeta5313","Só de assistir ao vídeo eu choro 💔 Que Deus possa trazer conforto aos corações dos familiares 🙏","14","2022-02-02T14:49:45Z","2022-02-02T14:49:45Z","True","True","0","0","[]","QZl1N6229aU","SBT Rio 20 Anos: O Massacre de Realengo","3","Mais curtidos"
"@luciahelenaportestavares1128","UC99E0ak2TJw_CSglUTTmkQA","http://www.youtube.com/@luciahelenaportestavares1128","Gênesis 6,5
5 O SENHOR viu como os humanos se tornaram maus na terra. Durante todo o dia, seus pensamentos mais profundos não passavam de maldade. 

Gênesis 6,5
5 E Deus, vendo que a maldade dos homens era grande na terra, e que todos os pensamentos de seus corações estavam voltados para o mal em todos os tempos,","12","2022-01-07T13:23:35Z","2022-01-07T13:23:35Z","True","True","0","0","[]","QZl1N6229aU","SBT Rio 20 Anos: O Massacre de Realengo","3","Mais curtidos"
"@mirlalima8773","UCqwwLhnTRX74sm_1TaFYWWA","http://www.youtube.com/@mirlalima8773","Tudo se repete ninguém toma providências #lutoBlumenau2023","8","2023-04-06T12:36:42Z","2023-04-06T12:36:42Z","True","True","0","0","[]","QZl1N6229aU","SBT Rio 20 Anos: O Massacre de Realengo","3","Mais curtidos"
"@jorgee2178","UCaBOM-oJEJdb0hWMXgRGAdQ","http://www.youtube.com/@jorgee2178","Deus misericordioso","7","2019-11-27T14:26:38Z","2019-11-27T14:26:38Z","True","True","0","0","[]","QZl1N6229aU","SBT Rio 20 Anos: O Massacre de Realengo","3","Mais curtidos"
"@huggx","UCxESDl-5bqMlcJ0GQmpRUNA","http://www.youtube.com/@huggx","E o bullying ainda é comum em várias escolas brasileiras e em outros países","6","2023-03-30T11:55:42Z","2023-03-30T11:55:42Z","True","True","0","0","[]","QZl1N6229aU","SBT Rio 20 Anos: O Massacre de Realengo","3","Mais curtidos"
"@jeanchastell227","UCGPxphuBDgP2jHXtVSCAXFw","http://www.youtube.com/@jeanchastell227","Quem conseguiu escapar nasceu denovo.","3","2022-10-05T11:31:28Z","2022-10-05T11:31:28Z","True","True","0","0","[]","QZl1N6229aU","SBT Rio 20 Anos: O Massacre de Realengo","3","Mais curtidos"
"@SuperSergio-jv6qm","UCTSqRnNvpwIxdyBcuj6NcMQ","http://www.youtube.com/@SuperSergio-jv6qm","Frequentava a região, pois trabalhei a 10 metros da escola.
Lugar tranquilo a qual tentei matricular os meus filhos mas não tinha vaga no mesmo horário então os matriculei em Sulacap, bairro próximo. 
Naquela manhã, os meu filhos estavam na outra escola e eu subi para varrer o terraço e quando vi alguns helicópteros sobrevoando o local, pensei que fosse engarrafamento. 
Só 3 horas depois eu liguei a TV e vi o noticiário, corri para a Tasso e vi muita gente em meio as carros de mídia , polícia e bombeiros","3","2022-05-31T19:03:07Z","2022-05-31T19:03:07Z","True","True","0","0","[]","QZl1N6229aU","SBT Rio 20 Anos: O Massacre de Realengo","3","Mais curtidos"
"@rafaelfernandes1890","UCpOagvxulWkj66YxO7Mp5JA","http://www.youtube.com/@rafaelfernandes1890","As conseqüências do bullying é muito pesada.","0","2024-08-01T00:54:17Z","2024-08-01T00:54:17Z","True","True","0","0","[]","QZl1N6229aU","SBT Rio 20 Anos: O Massacre de Realengo","3","Mais curtidos"
"@SuperSergio-jv6qm","UCTSqRnNvpwIxdyBcuj6NcMQ","http://www.youtube.com/@SuperSergio-jv6qm","Frequentava a região, pois trabalhei a 10 metros da escola.
Lugar tranquilo a qual tentei matricular os meus filhos mas não tinha vaga no mesmo horário então os matriculei em Sulacap, bairro próximo. 
Naquela manhã, os meu filhos estavam na outra escola e eu subi para varrer o terraço e quando vi alguns helicópteros sobrevoando o local, pensei que fosse engarrafamento. 
Só 3 horas depois eu liguei a TV e vi o noticiário, corri para a Tasso e vi muita gente em meio as carros de mídia , polícia e bombeiros","3","2022-05-31T19:03:07Z","2022-05-31T19:03:07Z","True","True","0","0","[]","QZl1N6229aU","SBT Rio 20 Anos: O Massacre de Realengo","4","Mais longos"
"@sheylanascimentog","UCHZSa4DueBCncOJ1dYXzzyw","http://www.youtube.com/@sheylanascimentog","Esse negócio de jogar tudo em cima da prática do Bullying, tem que ser repensado. Eu sofri Bullying da infância até a adolescência. Lembro que vivia triste e isolada, quase sempre chorando, mas nunca pensei em vingança, em matar alguém ou cometer essa monstruosidade. A prática é extremamente errada, e tem que ser sim debatida e combatida nas escolas, mas a monstruosidade que esse cara cometeu, como os de Columbine e os outros no ano de 2019, tem muito a ver é com a falta de caráter mesmo.","77","2020-09-10T07:02:21Z","2020-09-10T07:02:21Z","True","True","15","5","[{'autor': '@nickollkk', 'comentario': 'Pessoas normais sabem lidar com o bullyng, é chato demais, mas tem como aguentar, mas o problema desses caras é que eles eram completamente psicopatas e frágeis psicologicamente , e um gatilho pra eles tacarem o fodase, eram influencias por fóruns de ódio, jogos, etc', 'likes': 10, 'publicado_em': '2020-09-12T03:01:21Z'}, {'autor': '@Princess-uj3tw', 'comentario': 'É mais ngm é igual vc', 'likes': 6, 'publicado_em': '2020-11-06T17:26:05Z'}, {'autor': '@sophiaoliveira4610', 'comentario': '@Princess-uj3tw  por acaso bullying justifica matar gente inocente?', 'likes': 2, 'publicado_em': '2020-11-25T18:14:31Z'}, {'autor': '@Princess-uj3tw', 'comentario': '@sophiaoliveira4610 matar os q faziam bullying sim gente ""inocente"" não', 'likes': 4, 'publicado_em': '2020-11-25T18:28:47Z'}, {'autor': '@sophiaoliveira4610', 'comentario': '@Princess-uj3tw  no caso foi gente inocente, as crianças de lá não tinham nem estudado com eles.', 'likes': 1, 'publicado_em': '2020-11-25T18:33:01Z'}]","QZl1N6229aU","SBT Rio 20 Anos: O Massacre de Realengo","4","Mais longos"
"@luciahelenaportestavares1128","UC99E0ak2TJw_CSglUTTmkQA","http://www.youtube.com/@luciahelenaportestavares1128","Gênesis 6,5
5 O SENHOR viu como os humanos se tornaram maus na terra. Durante todo o dia, seus pensamentos mais profundos não passavam de maldade. 

Gênesis 6,5
5 E Deus, vendo que a maldade dos homens era grande na terra, e que todos os pensamentos de seus corações estavam voltados para o mal em todos os tempos,","12","2022-01-07T13:23:35Z","2022-01-07T13:23:35Z","True","True","0","0","[]","QZl1N6229aU","SBT Rio 20 Anos: O Massacre de Realengo","4","Mais longos"
"@LeonardoSilva-dt4vf","UCKW6Qyn7bd-SxuLIAWacQgQ","http://www.youtube.com/@LeonardoSilva-dt4vf","Minha iormã foi uma das vitimas Ana Carolina Pacheco da Silva , foi muito dificil lhe dar com tudo oque aconteceu ,mas sei que minha irmã está em paz com Jesus . Complicado sim . A vida perdeu sentido sem ela , mas eu tenho que continuar","380","2020-01-26T04:05:03Z","2020-01-26T04:05:03Z","True","True","24","5","[{'autor': '@lucianavicentin5533', 'comentario': 'Que Deus abençoe vc e toda sua família, muita força p todos', 'likes': 24, 'publicado_em': '2020-03-16T17:37:30Z'}, {'autor': '@lucaslanda4526', 'comentario': 'Nossa impressionante o nome da sua irmã..', 'likes': 10, 'publicado_em': '2020-06-13T03:27:07Z'}, {'autor': '@lucassep1360', 'comentario': 'Sinto muito pela morte da sua irmã, com certeza ele está em um lugre próspero e encantador.', 'likes': 12, 'publicado_em': '2020-07-02T08:58:30Z'}, {'autor': '@stefanny6570', 'comentario': 'Leonardo Silva, sempre vejo vc comentando nessas postagens, tinha oito anos quando isso aconteceu, mas sinto uma tristeza, q Deus conforte seu coraçao, achei lindo a homenagem q vc fez pra ela em outro video,  abraços..', 'likes': 8, 'publicado_em': '2020-08-05T14:42:51Z'}, {'autor': '@perolavitoria4841', 'comentario': 'Meus pêsames fique bem, tudo vai ficar bem, sua irmã está em um lugar incrivel sem crueldade, dor ou sofrimento e pode ter certeza que ela não quer te ver sofrendo então te desejo toda felicidade do mundo e a todos q perderam seus familiares para esse massacre... Q deus abençoe e te proteja...', 'likes': 6, 'publicado_em': '2020-09-09T11:38:37Z'}]","QZl1N6229aU","SBT Rio 20 Anos: O Massacre de Realengo","4","Mais longos"
"@julianacaixeta5313","UCGqGDU8WV1-J7Kv0SFpwONg","http://www.youtube.com/@julianacaixeta5313","Só de assistir ao vídeo eu choro 💔 Que Deus possa trazer conforto aos corações dos familiares 🙏","14","2022-02-02T14:49:45Z","2022-02-02T14:49:45Z","True","True","0","0","[]","QZl1N6229aU","SBT Rio 20 Anos: O Massacre de Realengo","4","Mais longos"
"@musicacomslowed3032","UCLSDIP2003nOv49w8tSA2-w","http://www.youtube.com/@musicacomslowed3032","Ele matou mais garotas por causa do trauma que teve de ser iludido por elas na adolescência","87","2020-06-13T15:23:59Z","2020-06-13T15:23:59Z","True","True","24","5","[{'autor': '@shawty7229', 'comentario': 'Ou por conta de que elas não corriam tão rápido,ou em grupinhos', 'likes': 16, 'publicado_em': '2020-07-16T08:12:19Z'}, {'autor': '@musicacomslowed3032', 'comentario': 'lolixinha :3 nada av', 'likes': 0, 'publicado_em': '2020-07-16T12:19:21Z'}, {'autor': '@caio3460', 'comentario': '@musicacomslowed3032 iludido não. Há relatos de que ele era humilhados por elas, provocavam e tiravam sarro dele.', 'likes': 14, 'publicado_em': '2020-08-01T12:57:34Z'}, {'autor': '@shawty7229', 'comentario': '@caio3460 uai mas a maioria dali eram crianças nunca estudaram com ele neah?', 'likes': 13, 'publicado_em': '2020-08-08T15:53:42Z'}, {'autor': '@caio3460', 'comentario': '@shawty7229 sim.', 'likes': 1, 'publicado_em': '2020-08-08T15:56:13Z'}]","QZl1N6229aU","SBT Rio 20 Anos: O Massacre de Realengo","4","Mais longos"
"@huggx","UCxESDl-5bqMlcJ0GQmpRUNA","http://www.youtube.com/@huggx","E o bullying ainda é comum em várias escolas brasileiras e em outros países","6","2023-03-30T11:55:42Z","2023-03-30T11:55:42Z","True","True","0","0","[]","QZl1N6229aU","SBT Rio 20 Anos: O Massacre de Realengo","4","Mais longos"
"@wellingtonlandim5984","UC7GSRi3lXnZAddKR3qEY7oA","http://www.youtube.com/@wellingtonlandim5984","Alô SBT cria um ZAP para que os telespectadores possam interagir.","30","2019-11-27T15:12:57Z","2019-11-27T15:12:57Z","True","True","2","2","[{'autor': '@skinska9934', 'comentario': 'Seu bosta', 'likes': 2, 'publicado_em': '2020-01-06T01:42:41Z'}, {'autor': '@matheusRFC207', 'comentario': '@skinska9934 você', 'likes': 0, 'publicado_em': '2020-07-09T05:12:23Z'}]","QZl1N6229aU","SBT Rio 20 Anos: O Massacre de Realengo","4","Mais longos"
"@tantofaz5348","UCVlcK6G29TucohNsffPZyOQ","http://www.youtube.com/@tantofaz5348","Pó Man matar crianças é o maior pecado que a pessoa pode fazer","180","2020-06-26T03:20:12Z","2020-06-26T03:20:12Z","True","True","18","5","[{'autor': '@sonit9918', 'comentario': 'Matar qualquer pessoa', 'likes': 5, 'publicado_em': '2020-08-29T05:30:52Z'}, {'autor': '@pludon5994', 'comentario': 'Qualquer pessoa', 'likes': 1, 'publicado_em': '2020-09-23T02:48:43Z'}, {'autor': '@pludon5994', 'comentario': 'Ta mas sem motivo', 'likes': 0, 'publicado_em': '2020-09-23T02:48:56Z'}, {'autor': '@ouser54467', 'comentario': 'Q criança rapaz e animal', 'likes': 1, 'publicado_em': '2020-11-19T15:53:08Z'}, {'autor': '@tatianemagalhaes5822', 'comentario': 'S', 'likes': 0, 'publicado_em': '2020-11-25T06:46:27Z'}]","QZl1N6229aU","SBT Rio 20 Anos: O Massacre de Realengo","4","Mais longos"
"@mirlalima8773","UCqwwLhnTRX74sm_1TaFYWWA","http://www.youtube.com/@mirlalima8773","Tudo se repete ninguém toma providências #lutoBlumenau2023","8","2023-04-06T12:36:42Z","2023-04-06T12:36:42Z","True","True","0","0","[]","QZl1N6229aU","SBT Rio 20 Anos: O Massacre de Realengo","4","Mais longos"
"@Martrj8","UCy43BCOTrJm6YR_QTQbG51w","http://www.youtube.com/@Martrj8","Eu perdi minha prima nesse massacre 😢 sinto MT falta dela","81","2021-01-23T16:42:53Z","2021-01-23T16:42:53Z","True","True","13","5","[{'autor': '@user-in7sz1ko6m', 'comentario': 'kkk', 'likes': 1, 'publicado_em': '2021-01-29T15:11:18Z'}, {'autor': '@sorinotsori', 'comentario': 'sinto muito...😔', 'likes': 5, 'publicado_em': '2021-02-10T23:15:51Z'}, {'autor': '@user-in7sz1ko6m', 'comentario': '@nada o', 'likes': 0, 'publicado_em': '2021-02-15T22:43:38Z'}, {'autor': '@paodebatatabr', 'comentario': '@user-in7sz1ko6m qual seu problema muleque?', 'likes': 6, 'publicado_em': '2022-06-01T19:15:41Z'}, {'autor': '@carolinimuniz7955', 'comentario': '@user-in7sz1ko6m Sim né muito engraçado né seu otário, deve ser legal fica pensando se vai dessa ou não.  Se fosse com você hein o babaca, dps não vem falar que é bricadeira não.', 'likes': 1, 'publicado_em': '2022-09-01T04:01:16Z'}]","QZl1N6229aU","SBT Rio 20 Anos: O Massacre de Realengo","4","Mais longos"
"@celsogouveajunior6754","UCKD1oN_J9zEdb8YwDxV8Gww","http://www.youtube.com/@celsogouveajunior6754","Até hoje ninguém entende a causa de tanta crueldade.","164","2019-11-27T14:18:19Z","2019-11-27T14:18:19Z","True","True","35","5","[{'autor': '@theusm4rt1nzz', 'comentario': 'https://youtu.be/ekNgYWlsy7E\n Toda ação tem uma reação, não basta julgar,e sim entender para evitar...', 'likes': 21, 'publicado_em': '2019-11-30T03:09:21Z'}, {'autor': '@cauaoliveira2496', 'comentario': 'Bullying', 'likes': 24, 'publicado_em': '2019-12-04T15:35:40Z'}, {'autor': '@anjosderealengo8389', 'comentario': 'Ele foi cruel pq ele matou pessoas que não tinha nada Haver com a vida dele...por isso foi cruel...', 'likes': 18, 'publicado_em': '2020-04-16T02:39:30Z'}, {'autor': '@contradicoesdaesquerda8062', 'comentario': 'A crueldade é de origem humana.', 'likes': 13, 'publicado_em': '2020-04-20T21:25:28Z'}, {'autor': '@mikhaely9206', 'comentario': '@cauaoliveira2496 As pessoas que fizeram com ele nem estudavam mais lá, ele matou inocentes', 'likes': 16, 'publicado_em': '2020-05-06T02:34:20Z'}]","QZl1N6229aU","SBT Rio 20 Anos: O Massacre de Realengo","4","Mais longos"
"@eloa5365","UCJIOtmmcBbZ__dWgBncyyAQ","http://www.youtube.com/@eloa5365","Quando a menina falou aquilo me enchi de lágrimas","31","2021-02-14T00:20:22Z","2021-02-14T00:20:22Z","True","True","0","0","[]","QZl1N6229aU","SBT Rio 20 Anos: O Massacre de Realengo","4","Mais longos"
"@rafaelfernandes1890","UCpOagvxulWkj66YxO7Mp5JA","http://www.youtube.com/@rafaelfernandes1890","As conseqüências do bullying é muito pesada.","0","2024-08-01T00:54:17Z","2024-08-01T00:54:17Z","True","True","0","0","[]","QZl1N6229aU","SBT Rio 20 Anos: O Massacre de Realengo","4","Mais longos"
"@wilzasantos7095","UCgqaNU4wPinWsniYuPFCatw","http://www.youtube.com/@wilzasantos7095","Pior dia da minha vida,vendo aquilo tudo😭","46","2019-11-27T14:30:36Z","2019-11-27T14:30:36Z","True","True","1","1","[{'autor': '@tonyclass27', 'comentario': 'Vc estudava lá?', 'likes': 3, 'publicado_em': '2020-04-08T01:08:50Z'}]","QZl1N6229aU","SBT Rio 20 Anos: O Massacre de Realengo","4","Mais longos"
"@e._.squshy890","UC9pGFr57oW-qFnxR4GJR9eA","http://www.youtube.com/@e._.squshy890","""nao me mata nao me mata moço""
cara...","82","2021-02-04T17:27:35Z","2021-02-04T17:27:35Z","True","True","1","1","[{'autor': '@rk1wanted', 'comentario': 'Made poops deve ter matado meu mano kksk', 'likes': 0, 'publicado_em': '2023-03-15T00:58:28Z'}]","QZl1N6229aU","SBT Rio 20 Anos: O Massacre de Realengo","4","Mais longos"
"@jeanchastell227","UCGPxphuBDgP2jHXtVSCAXFw","http://www.youtube.com/@jeanchastell227","Quem conseguiu escapar nasceu denovo.","3","2022-10-05T11:31:28Z","2022-10-05T11:31:28Z","True","True","0","0","[]","QZl1N6229aU","SBT Rio 20 Anos: O Massacre de Realengo","4","Mais longos"
"@ifsjulia5187","UCE1vB1wxXAnn8MlZzm9Cmqw","http://www.youtube.com/@ifsjulia5187","""não me mata moço, não me mata"" 💔","93","2021-02-13T00:55:42Z","2021-02-13T00:55:42Z","True","True","0","0","[]","QZl1N6229aU","SBT Rio 20 Anos: O Massacre de Realengo","4","Mais longos"
"@jorgee2178","UCaBOM-oJEJdb0hWMXgRGAdQ","http://www.youtube.com/@jorgee2178","Deus misericordioso","7","2019-11-27T14:26:38Z","2019-11-27T14:26:38Z","True","True","0","0","[]","QZl1N6229aU","SBT Rio 20 Anos: O Massacre de Realengo","4","Mais longos"
"@tonyclass27","UCxiTSjfEi_oe553ycLPVltQ","http://www.youtube.com/@tonyclass27","9 anos 😓","16","2020-04-08T01:08:29Z","2020-04-08T01:08:29Z","True","True","0","0","[]","QZl1N6229aU","SBT Rio 20 Anos: O Massacre de Realengo","4","Mais longos"
"@buckxxz","UCdS9AzGACGdoWWasmgATwVQ","http://www.youtube.com/@buckxxz","meu herói","3","2025-04-30T17:05:35Z","2025-04-30T17:05:35Z","True","True","0","0","[]","_vvehsgeAXI","REALENGO: O ATAQUE À ESCOLA TASSO DA SILVEIRA (DOCUMENTÁRIO CRIMINAL)","1","Mais novos"
"@allanmendes6333","UCTkVoX9ubZR_WTjH8WW6rTQ","http://www.youtube.com/@allanmendes6333","Eu sou o Allan Mendes o menino da época que conseguiu chamar a policia.  PARABÉNS pelo video vejo que voce estudou bem antes de fazer e te digo esta tudo certo","282","2023-07-10T19:45:48Z","2023-07-10T19:45:48Z","True","True","14","5","[{'autor': '@GuiSau', 'comentario': 'Coml fui a sua reação quando ele entrou na sala?', 'likes': 5, 'publicado_em': '2023-07-22T10:16:58Z'}, {'autor': '@AstaIns33nity', 'comentario': 'Mds vey, vc levou um tiro mesmo?', 'likes': 5, 'publicado_em': '2023-09-23T20:06:50Z'}, {'autor': '@Mayara-w5c', 'comentario': 'Graças a Deus vc chamou se não ele teria feito mais vítimas', 'likes': 12, 'publicado_em': '2024-01-29T15:24:54Z'}, {'autor': '@jeffersonmoraes2613', 'comentario': 'Vc é um Heroi. Parabens', 'likes': 13, 'publicado_em': '2024-06-04T13:34:41Z'}, {'autor': '@EdineteAlmeida-g7s', 'comentario': '❤', 'likes': 0, 'publicado_em': '2024-12-25T21:39:25Z'}]","_vvehsgeAXI","REALENGO: O ATAQUE À ESCOLA TASSO DA SILVEIRA (DOCUMENTÁRIO CRIMINAL)","1","Mais novos"
"@marinathebestt","UCtaf_mJ7l5DKDLVUQGPFciA","http://www.youtube.com/@marinathebestt","Ainda queria dar ordens depois de ser morto KKKKKKK chega a ser engraçado","12","2023-06-29T11:36:09Z","2023-06-29T11:39:50Z","True","True","0","0","[]","_vvehsgeAXI","REALENGO: O ATAQUE À ESCOLA TASSO DA SILVEIRA (DOCUMENTÁRIO CRIMINAL)","1","Mais novos"
"@lov3lyv","UCUIapui3YVCEpFVWSQwpyHw","http://www.youtube.com/@lov3lyv","Lembro que no dia que ocorreu o massacre, minha professora de educação física estava bem triste com tudo... Ela pediu para que nós fizessemos uma roda, e oramos por todas as vitimas antes de começar nosso dia. Na época eu tinha 9 anos, e isso me marcou muito.","22","2023-06-17T17:00:54Z","2023-06-17T17:00:54Z","True","True","0","0","[]","_vvehsgeAXI","REALENGO: O ATAQUE À ESCOLA TASSO DA SILVEIRA (DOCUMENTÁRIO CRIMINAL)","1","Mais novos"
"@T1AG0_EDITS","UCdaALSW83NLCYbA_JSMzO3g","http://www.youtube.com/@T1AG0_EDITS","Eu já pratiquei bullying, já sofri bullying e já salvei pessoas do bullying.","9","2023-06-16T09:48:54Z","2023-06-16T09:48:54Z","True","True","0","0","[]","_vvehsgeAXI","REALENGO: O ATAQUE À ESCOLA TASSO DA SILVEIRA (DOCUMENTÁRIO CRIMINAL)","1","Mais novos"
"@edivalandrade","UCn_cy1HBXdt1hynF1_XEbtw","http://www.youtube.com/@edivalandrade","Já vi professor rir com piadas de bulling, já vi pais dizerem que ""as crianças são assim mesmo não medem as brincadeiras"",  já vi pais dizerem "" se você não aceita brincadeira sai de perto"" , mas quem sofreu com essa aberração sabe que a morte para quem o pratica  ou não dá a devida importância quando deveria interromper as investidas dos que sendo maioria torturam alguém é o resultado da soma dos atos de todos os envolvidos, quem mata ou se mata nesses casos quer eliminar os causadores de seu sofrimento, esses são os que puseram a arma nas mãos do Wellighton. Tenho 56 anos parte dos que me atormentavam já faleceram  por causas naturais, fiz questão de ir no velório de  cada um dos que tive a chance de ir, e que DEUS me perdoe por assumir isso, mas é uma sensação libertadora.","58","2023-02-13T20:59:59Z","2023-02-13T21:09:22Z","True","True","7","5","[{'autor': '@bone3865', 'comentario': 'Vdd,só quem passou por isso sabe a sensação horrível, não são todos que sofrem bullyng que vão cometer crimes,mas perdoar ou esquecer e complicado,o que vc disse e a mais pura vdd', 'likes': 3, 'publicado_em': '2023-04-17T21:34:29Z'}, {'autor': '@leandrolamim', 'comentario': 'No ano de 2003 sofri bullying do professor. A turma toda caiu na gargalhada.', 'likes': 1, 'publicado_em': '2023-05-16T08:58:15Z'}, {'autor': '@kevenfernandes6095', 'comentario': '\u200b@leandrolamim eu tbm já sofri bullyng de um professor e a turma toda caia na gargalhada, e ainda por cima esse professor hj em dia é o diretor da escola. Esse ano tenho um outro professor que vive fazendo piadinhas e comentários desnecessários, não suporto as aulas dele por causa disso, o pior é q ninguém liga, a maioria só da risada...', 'likes': 1, 'publicado_em': '2023-05-31T21:14:52Z'}, {'autor': '@leandrolamim', 'comentario': '@kevenfernandes6095 muita forçaz irmão. Passei por essa fase na minha adolescência. As pessoas realmente não ligam. Ela só querem alguém para encarnar e dar risada.', 'likes': 1, 'publicado_em': '2023-06-01T05:12:41Z'}, {'autor': '@aveiadusgato', 'comentario': 'Eu tenho profundo desprezo por todos que me assediaram. Vivi episódios de bullying do jardim de infância (creia!) até à universidade. E após, no setor público onde trabalhei.', 'likes': 0, 'publicado_em': '2024-11-30T15:39:50Z'}]","_vvehsgeAXI","REALENGO: O ATAQUE À ESCOLA TASSO DA SILVEIRA (DOCUMENTÁRIO CRIMINAL)","1","Mais novos"
"@Gabriel-zt7pk","UC9N4KDREEptpHS2HN6hgt2g","http://www.youtube.com/@Gabriel-zt7pk","O bullyng marca como uma cicatriz q nao sai nunca... wellington é o fruto da maldade humana na sua mais pura magnificência... humilhando pisando e destruindo os mais fracos...","8","2023-02-12T17:47:30Z","2023-02-12T17:47:30Z","True","True","0","0","[]","_vvehsgeAXI","REALENGO: O ATAQUE À ESCOLA TASSO DA SILVEIRA (DOCUMENTÁRIO CRIMINAL)","1","Mais novos"
"@brunalima1524","UCgoD8tZ3vejttVDCcanMsUg","http://www.youtube.com/@brunalima1524","Bullying traz sim traumas, mas creio que não seja somente essa a causa... A carta dele chega até ser irônica, querendo ""defender"" os de coração bom, não teve piedade de crianças que nada tinham a ver com o seu passado. Muito triste","35","2023-01-16T03:00:23Z","2023-01-16T03:00:23Z","True","True","0","0","[]","_vvehsgeAXI","REALENGO: O ATAQUE À ESCOLA TASSO DA SILVEIRA (DOCUMENTÁRIO CRIMINAL)","1","Mais novos"
"@user-fb8ht3gj4o","UCB1Zm0BtNLx1XJ2kxM4mPeA","http://www.youtube.com/@user-fb8ht3gj4o","Aqui na Bahia, na cidade de Barreiras, aconteceu algo ""parecido"". Um menino de 14 anos invadiu uma Escola Cívico Militar com um calibre 38, duas aramas brancas, um facão e uma bomba caseira. Ele chegou atirando na direção de outros alunos, ferindo alguns deles. Infelizmente uma cadeirante que estudava na escola foi baleada e morreu na hora. O atirador foi baleado e encaminhado para o centro cirúrgico, ninguém sabe o estado de saúde dele.","30","2023-01-13T21:41:20Z","2023-01-13T21:41:20Z","True","True","2","2","[{'autor': '@AbuAbdullah_1515', 'comentario': 'Que fracasso kkkkkkk ouvi falar que tá paraplégico mas ngm confirmou isso', 'likes': 2, 'publicado_em': '2023-01-14T23:17:00Z'}, {'autor': '@dn_river', 'comentario': 'Deu em q??', 'likes': 1, 'publicado_em': '2025-03-15T23:45:02Z'}]","_vvehsgeAXI","REALENGO: O ATAQUE À ESCOLA TASSO DA SILVEIRA (DOCUMENTÁRIO CRIMINAL)","1","Mais novos"
"@cyberpunk9515","UCa8pQfO9MO9BM6nUCCRevHw","http://www.youtube.com/@cyberpunk9515","Eu já vi até grupos privados de fãs dele.","6","2023-01-07T17:50:41Z","2023-01-07T17:50:41Z","True","True","0","0","[]","_vvehsgeAXI","REALENGO: O ATAQUE À ESCOLA TASSO DA SILVEIRA (DOCUMENTÁRIO CRIMINAL)","1","Mais novos"
"@viniciuslobato2793","UCc7YUot4Z-LU5ejSbAtII9g","http://www.youtube.com/@viniciuslobato2793","A negligência dos diretores em relação ao bullying leva a sentimentos que podem marcar uma pessoa para o resto da vida. Muito triste a cascata de eventos que desencadeou essa tragédia.","385","2023-01-07T07:27:42Z","2023-01-07T07:27:42Z","True","True","9","5","[{'autor': '@Clarah_8', 'comentario': 'A maioria dos professores quando ver alguma situação relacionada com bullying eles normalmente ignoram.', 'likes': 44, 'publicado_em': '2023-01-10T18:47:28Z'}, {'autor': '@luisclaudiofontenelle5513', 'comentario': '> > > > concordo com você , e com a pessoa que te respondeu. Mas não são só os professores e diretores que fazem vista grossa ao bullying;;  *é a sociedade neoliberal* que domina há séculos. A sociedade ANCAP considera discretamente os autores de bullying como uma espécie de ""empreendedores"" ;;  e que este pode ""fortalecer o caráter fraco"" das vítimas, consideradas por baixo do pano como ""perdedores ( _""loosers""_ )""\n       Lembrando que não sou absolutamente a favor de qualquer vingança violenta das vítimas de bullying, *muito menos contra inocentes* . Mas as autoridades deviam tomar vergonha na cara e acabar com essa infâmia.', 'likes': 5, 'publicado_em': '2023-02-05T22:48:12Z'}, {'autor': '@Nathan-sk4vy', 'comentario': 'H A O N Y E 🌱 Cara e o que acontece quando as pessoas passam por um doente mental e ignoram ele maltratam ele tratam como lixo e não ha um alma viva para ajudar ou se importar com o ser ele literalmente foi cagado e destruido pelo mundo e pela humanidade e ninguem literalmente se importou com ele ja sendo problematico e com acesso a internet ele simplesmente explodiu de tanta depressão e rejeição e percebeu que ja não havia mais nada oq se fazer na vida mas a verdade e que nunca entenderemos o que de fato passa na cabeça e na vida dessas pessoas que são simplesmente ignoradas pelas pessoas q convivem com elas todo santo dia..', 'likes': 0, 'publicado_em': '2023-02-12T06:13:09Z'}, {'autor': '@lor-zemici7671', 'comentario': 'H A O N Y E 🌱 cara mas o Wellington não Foi o primeiro, quando tem muitos casos parecidos deixa de ser coincidência, não é defender os cara que comete esses atos, mas impedido o bullying e qualquer tipo de exploração, podemos evitar estes tipos de tragédias, incluindo essas ondas aleatórias de assassinos em série!', 'likes': 9, 'publicado_em': '2023-02-13T06:08:08Z'}, {'autor': '@AngelaSilva-rt7kl', 'comentario': 'H A O N Y E 🌱 ata as humilhações que ele sofria na escola era tudo frescura entao kkkk vc viaja demais', 'likes': 3, 'publicado_em': '2023-02-17T10:43:55Z'}]","_vvehsgeAXI","REALENGO: O ATAQUE À ESCOLA TASSO DA SILVEIRA (DOCUMENTÁRIO CRIMINAL)","1","Mais novos"
"@marcoscamargo7763","UCYs3F3tQE4EYmG-jnG8vdZQ","http://www.youtube.com/@marcoscamargo7763","Uma coisa que percebo, no perfil desses criminosos, é que eles possuem um alto grau de inteligência e, ao mesmo tempo, uma enorme carga de ódio reprimido, gerado pelas antigas brincadeiras de mal gosto, dos antigos colegas de classe. Isso comprova que quando jovem, uma pessoa jamais se esquecerá da pressão gerada na Escola, e em como foi tratado, no dia a dia, tanto para o bem, quanto para o mal. Uma tragédia, sem sobra dúvidas. 🙏🏻✨","122","2023-01-06T22:54:08Z","2023-01-06T22:54:08Z","True","True","5","5","[{'autor': '@wowamber5107', 'comentario': 'Concordo, mas ainda acrescento que: a inteligência parece ser apenas acadêmica, eles sao completamente lesados socialmente e acham que a sociedade deve algo a eles.', 'likes': 0, 'publicado_em': '2024-03-20T17:25:25Z'}, {'autor': '@yanfrois6081', 'comentario': 'eu sofri com algumas coisas o meu fundamental inteiro, bullying, vindo de meninos e até mesmo de algumas meninas, realmente isso que você falou é verdade, tive alguns impactos negativos na minha vida que eu provavelmente não teria se não tivesse passado por essas situações, tento melhorar a cada dia, porém hj sou um jovem adulto com diversos problemas e inseguranças por conta desses anos no fundamental, bullying é algo sério e que afeta totalmente a vida de quem sofre.', 'likes': 7, 'publicado_em': '2024-05-23T13:34:40Z'}, {'autor': '@aveiadusgato', 'comentario': 'Inteligência???\nEle só conseguiu fazer esse estrago porque perambulava pela escola sem resistência da administração da escola. As pessoas estavam acostumadas a vê-lo se esgueirando pelos corredores.\nO estrago se deve mais à permissividade e ao mau hábito, não à inteligência do rapaz.', 'likes': 0, 'publicado_em': '2024-11-30T14:56:09Z'}, {'autor': '@Dudafavali', 'comentario': 'Nível de inteligência? Não enxergo dessa maneira. São psicopatas megalomaníacos, acreditam que são gigantes, coisas que não são. O Wellington mesmo era um Esquizofrênico, não há nível de inteligência nessa loucura. Sinto um ódio profundo deles, pois bullying muitos sofreram, eu mesma sofri muito! Mas nunca pensei em matar ninguém, lixos humanos.', 'likes': 0, 'publicado_em': '2025-01-02T05:44:52Z'}, {'autor': '@Roma-lc9tl', 'comentario': '\u200b@aveiadusgatoele fala da inteligência de manipulação mano. Ele vestia de social era para as pessoas nao suspeitar facil dele... Ele falava bem.. parecia ser inofensivo', 'likes': 4, 'publicado_em': '2025-01-07T02:27:41Z'}]","_vvehsgeAXI","REALENGO: O ATAQUE À ESCOLA TASSO DA SILVEIRA (DOCUMENTÁRIO CRIMINAL)","1","Mais novos"
"@ozeiascarvalho6228","UC91hFwoHxx9sIF5UaiIPd8Q","http://www.youtube.com/@ozeiascarvalho6228","Quando eu estudava, via com meus próprios olhos o quanto garotos e garotas conseguiam ser maldosos com os mais tímidos, a verdade é que muito desses casos tem haver com a culpa e a maldade de alunos que são ruins e ponto. Eu era da galera mais extrovertida e não sofria bullying, mas conseguia enxergar o que faziam com os demais. Várias vezes me envolvi em brigas pra defender esses alunos que eu tinha dó por ver o quanto eram humilhados.  A verdade que não sse fala é que adolescentes conseguem acabar com a vida de muitos colegas por se acharem bonitos, inteligentes, populares e superiores aos demais.","241","2023-01-06T22:50:22Z","2023-01-06T22:50:22Z","True","True","13","5","[{'autor': '@elianedesouza9372', 'comentario': 'concordo com você na minha escola , ja vi varios meninos e meninas fazendo Bullying com alunos ao olhos deles eram inferiores , também já sofre bastante com eles tiver uma doença pequena e acabei perdendo o cabelo e eles viviam fazendo piadas de mal gosto , com isso passei a me fechar e não me importar em fazer amizade com nenhum deles', 'likes': 20, 'publicado_em': '2023-01-17T17:22:30Z'}, {'autor': '@Amassuvets', 'comentario': 'Verdade mano, eu tbm era mais extrovertido então nao sofria tanto, acabei fazendo amizade com um aluno que era introvertido ai descobri q ele ficava desenhando armas no caderno durante a aula, era de familia religiosa e etc, perdemos contato na formatura mas nao ouvi mais falar dele', 'likes': 7, 'publicado_em': '2023-02-16T00:55:51Z'}, {'autor': '@AngelaSilva-rt7kl', 'comentario': 'O lado bom que a vítimas nao voltam kkkkkk pagaram com a vida, gente morta nao defende bullying :)', 'likes': 3, 'publicado_em': '2023-02-17T10:52:09Z'}, {'autor': '@mari-anni', 'comentario': '@AngelaSilva-rt7kl. As pessoas que ele matou eram inocentes, sua sem noção. Não há nada de bom nisso! Você, pelos comentários, anda defendendo o criminoso, até parece que não seria uma vítima em potencial dele também.', 'likes': 21, 'publicado_em': '2023-03-28T05:18:54Z'}, {'autor': '@jessicaduarte6284', 'comentario': 'Gente sabe sei que passar por bullying não e fácil mas isso gente não nos dar o direito de tiramos a vida de alguém não é aliás ele estudou lá quando pequeno ele tirou a vida de pessoas inocentes e mesmo que fosse as pessoas que tanto brincaram com ele ele não tinha direito nenhum de tirar a vida dessas pessoas ele não é Deus', 'likes': 3, 'publicado_em': '2023-04-12T03:33:34Z'}]","_vvehsgeAXI","REALENGO: O ATAQUE À ESCOLA TASSO DA SILVEIRA (DOCUMENTÁRIO CRIMINAL)","1","Mais novos"
"@marciahelenamayrinksampaio3230","UCnhWQD4w-EzmGr7k9FB-XbA","http://www.youtube.com/@marciahelenamayrinksampaio3230","Foi uma pessoa digna de pena. Herdou da mãe biológica o desequilíbrio mental e na escola encontrou colegas mesquinhos.","56","2023-01-06T20:36:14Z","2023-01-06T20:36:14Z","True","True","4","4","[{'autor': '@elizetegomes1828', 'comentario': 'Então foi o encontro de  merda com  caca 🤑👎👎', 'likes': 0, 'publicado_em': '2023-01-06T20:45:55Z'}, {'autor': '@naocurteessecanalinternet87475', 'comentario': '😢😢😢😢😢😢😢😢😢😢', 'likes': 2, 'publicado_em': '2023-06-24T20:32:51Z'}, {'autor': '@Dudafavali', 'comentario': 'Exatamente.', 'likes': 3, 'publicado_em': '2025-01-02T05:45:41Z'}, {'autor': '@PedroLinhares-1605', 'comentario': '😥😥😥', 'likes': 0, 'publicado_em': '2025-06-16T14:24:24Z'}]","_vvehsgeAXI","REALENGO: O ATAQUE À ESCOLA TASSO DA SILVEIRA (DOCUMENTÁRIO CRIMINAL)","1","Mais novos"
"@andersonfilho3344","UC9UCt6CNjZUWQkpfyZFrBOw","http://www.youtube.com/@andersonfilho3344","Esse com certeza foi um dos casos que mais abalou o Brasil. Bom trabalho Bryan é bom ver que os casos Brasileiros estão vindo com mais frequência agora parabéns pelo seu trabalho 😁😁","51","2023-01-06T18:03:16Z","2023-01-06T18:03:16Z","True","True","0","0","[]","_vvehsgeAXI","REALENGO: O ATAQUE À ESCOLA TASSO DA SILVEIRA (DOCUMENTÁRIO CRIMINAL)","1","Mais novos"
"@silmendydesign","UCFFvZ1MxgSVWKZ5NQ2N0yeg","http://www.youtube.com/@silmendydesign","Morava em Realengo nesta época, e meu amigo Luciano professor de geografia, foi um dos professores que fizeram barricadas e salvou sua vida e de seus alunos.","371","2023-01-06T17:45:39Z","2023-01-06T17:45:39Z","True","True","14","5","[{'autor': '@elizetegomes1828', 'comentario': 'Que ☝️ bom 👍', 'likes': 5, 'publicado_em': '2023-01-06T20:42:21Z'}, {'autor': '@melenne000', 'comentario': 'e ele tá bem hoje em dia, moça??', 'likes': 12, 'publicado_em': '2023-01-07T02:49:32Z'}, {'autor': '@silmendydesign', 'comentario': '@melenne000 sim, graças a Deus! ele chegou até receber medalha do governador na epoca, deu entrevistas e tudo. Hoje continua lecionando pois ama ser professor.', 'likes': 39, 'publicado_em': '2023-01-11T00:08:59Z'}, {'autor': '@melenne000', 'comentario': '@silmendydesign oh que maravilha e fico feliz por ele ter recebido a medalha de honra do governo, mais que merecido- ele foi um anjo 💕 muita saúde e paz para o seu amigo Luciano e pra você também ☺️', 'likes': 5, 'publicado_em': '2023-01-11T01:35:55Z'}, {'autor': '@AngelaSilva-rt7kl', 'comentario': 'O lado bom que a vítimas nao voltam kkkkkk pagaram com a vida, gente morta nao defende bullying :)', 'likes': 0, 'publicado_em': '2023-02-17T10:50:01Z'}]","_vvehsgeAXI","REALENGO: O ATAQUE À ESCOLA TASSO DA SILVEIRA (DOCUMENTÁRIO CRIMINAL)","1","Mais novos"
"@carolinamelo9194","UCHmZMiD-X0BDa4ISfQKidZw","http://www.youtube.com/@carolinamelo9194","É assustador como o que faz uma pessoa chegar a um determinado ponto ou ação não é necessariamente o que ela passou na vida, mas sim o que está dentro dela. Enquanto uns sofrem bullying e concluem que jamais tratarão outra pessoa da forma como foram tratados, outros decidem se vingar, mesmo que machuquem pessoas que não tem nada a ver com isso.","253","2023-01-06T17:31:04Z","2023-01-06T17:31:04Z","True","True","21","5","[{'autor': '@pietraoliveira410', 'comentario': 'Não baseia todo mundo com a sua personalidade(ou a personalidade que vc diz ter)cada um tem um jeito de reagir às situações eu não julgo apenas oriento meu filho a nunca em hipótese alguma fazer bullying ou sorrir de algum ato ,eu sofri bullying na infância não me vinguei,não me matei mas até hoje carrego traumas de situações vividas que travaram a minha vida', 'likes': 14, 'publicado_em': '2023-01-06T23:34:14Z'}, {'autor': '@daredrow', 'comentario': 'Esse comentário foi muito pika, tá', 'likes': 5, 'publicado_em': '2023-01-07T05:44:23Z'}, {'autor': '@c0depy163', 'comentario': '@pietraoliveira410 infelizmente e assim nosso mundo, a culpa e totalmente dele sobre os ataques, mas nenhum ser humano chega a esse ponto sem motivo, (na vdd chega sim) mas socialmente quando uma pessoa e excluída socialmente tanto por ser tímido ou extrovertido principalmente da fase criança/adolescente eles sempre irão atrás de métodos alternativos de socialização, aí acaba encontrando esses grupos extremistas, por isso o mesmo disse que os animais merecem mais respeito que os seres humanos, e nesse quesito eu concordo.', 'likes': 20, 'publicado_em': '2023-01-07T15:32:44Z'}, {'autor': '@SenhoritaOliveiraa', 'comentario': 'Falou tudo. Eu sofri bullying no ensino médio porque era muito magra e nem por isso matei ninguém. Eu sempre fui tímida e antisocial na escola, só no ensino médio que eu comecei a fazer amizades, as marcas do bullying ficam mas nem por isso eu me vinguei', 'likes': 2, 'publicado_em': '2023-01-14T13:21:56Z'}, {'autor': '@AngelaSilva-rt7kl', 'comentario': '@SenhoritaOliveiraa isso que vc sofreu chega nem perto do ele sofreu', 'likes': 3, 'publicado_em': '2023-02-17T10:47:25Z'}]","_vvehsgeAXI","REALENGO: O ATAQUE À ESCOLA TASSO DA SILVEIRA (DOCUMENTÁRIO CRIMINAL)","1","Mais novos"
"@MaressaDivaOficial","UC9SP5Kn32yNOFWTL_1yFfYA","http://www.youtube.com/@MaressaDivaOficial","Se puder, faça um sobre o de Suzano ocorrido em 2019.","314","2023-01-06T17:22:21Z","2023-01-06T17:22:21Z","True","True","11","5","[{'autor': '@samuelsilva8129', 'comentario': 'Espero que sim, maressa', 'likes': 14, 'publicado_em': '2023-01-08T03:24:02Z'}, {'autor': '@doogin8807', 'comentario': 'Maressa gosto muito dos seus vídeos do caso de Suzano', 'likes': 5, 'publicado_em': '2023-01-10T19:44:44Z'}, {'autor': '@vidadojohnny', 'comentario': 'Up', 'likes': 0, 'publicado_em': '2023-01-11T01:28:18Z'}, {'autor': '@Hey.EloSartori', 'comentario': 'Siiiiiiim, eu ia falar isso agoraaaa', 'likes': 3, 'publicado_em': '2023-01-11T21:02:12Z'}, {'autor': '@Nohji-uk', 'comentario': 'Eu acho que já tem', 'likes': 0, 'publicado_em': '2023-01-13T18:22:51Z'}]","_vvehsgeAXI","REALENGO: O ATAQUE À ESCOLA TASSO DA SILVEIRA (DOCUMENTÁRIO CRIMINAL)","1","Mais novos"
"@LaneGizzy","UCuNe9dmXCFluOAWX39CuomA","http://www.youtube.com/@LaneGizzy","Os funcionários não desconfiaram de nada porque o Wellighton era um cara que virava e mexia ia lá. Ele era bem esquisito, um calor imenso e ele de roupa de couro. Eu saí da escola um ano antes, mas me lembro dele lá. A escola tinha uma recepção, com grade. O Seu Joaquim o porteiro, deixou ele entrar justamente por ele sempre ir lá. Meu primo que estudou com ele mesma escola disse que praticavam muito bullying com ele, e a direção não fazia nadinha. Ele era zoado pelos meninos e rejeitado pelas meninas.","1154","2023-01-06T17:07:06Z","2023-01-06T17:07:06Z","True","True","66","5","[{'autor': '@Nekokarin5', 'comentario': 'É verdade eu era a arma', 'likes': 48, 'publicado_em': '2023-01-06T20:51:35Z'}, {'autor': '@mafilzikaplay7615', 'comentario': 'Até hoje tu pode entra e sair de uma escola publica sem nada de segurança averiguada', 'likes': 84, 'publicado_em': '2023-01-06T22:31:35Z'}, {'autor': '@cafe.7253', 'comentario': 'Bullying é coisa de inapto social, mas seria o mesmo a causa ou foi só a consequencia da personalidade perturbada e desagradavel dele?', 'likes': 47, 'publicado_em': '2023-01-06T23:49:54Z'}, {'autor': '@AbuAbdullah_1515', 'comentario': 'Verdade eu era o porteiro', 'likes': 16, 'publicado_em': '2023-01-07T01:29:06Z'}, {'autor': '@FatParrot', 'comentario': 'Verdade eu era a recepção', 'likes': 11, 'publicado_em': '2023-01-07T05:57:47Z'}]","_vvehsgeAXI","REALENGO: O ATAQUE À ESCOLA TASSO DA SILVEIRA (DOCUMENTÁRIO CRIMINAL)","1","Mais novos"
"@Santiago-qm6di","UCK3B2wfCSOA-CcLVEovWKMw","http://www.youtube.com/@Santiago-qm6di","Me lembro perfeitamente deste,dia triste 😢","11","2023-01-06T17:06:45Z","2023-01-06T17:06:45Z","True","True","0","0","[]","_vvehsgeAXI","REALENGO: O ATAQUE À ESCOLA TASSO DA SILVEIRA (DOCUMENTÁRIO CRIMINAL)","1","Mais novos"
"@Santiago-qm6di","UCK3B2wfCSOA-CcLVEovWKMw","http://www.youtube.com/@Santiago-qm6di","Me lembro perfeitamente deste,dia triste 😢","11","2023-01-06T17:06:45Z","2023-01-06T17:06:45Z","True","True","0","0","[]","_vvehsgeAXI","REALENGO: O ATAQUE À ESCOLA TASSO DA SILVEIRA (DOCUMENTÁRIO CRIMINAL)","2","Mais antigos"
"@LaneGizzy","UCuNe9dmXCFluOAWX39CuomA","http://www.youtube.com/@LaneGizzy","Os funcionários não desconfiaram de nada porque o Wellighton era um cara que virava e mexia ia lá. Ele era bem esquisito, um calor imenso e ele de roupa de couro. Eu saí da escola um ano antes, mas me lembro dele lá. A escola tinha uma recepção, com grade. O Seu Joaquim o porteiro, deixou ele entrar justamente por ele sempre ir lá. Meu primo que estudou com ele mesma escola disse que praticavam muito bullying com ele, e a direção não fazia nadinha. Ele era zoado pelos meninos e rejeitado pelas meninas.","1154","2023-01-06T17:07:06Z","2023-01-06T17:07:06Z","True","True","66","5","[{'autor': '@Nekokarin5', 'comentario': 'É verdade eu era a arma', 'likes': 48, 'publicado_em': '2023-01-06T20:51:35Z'}, {'autor': '@mafilzikaplay7615', 'comentario': 'Até hoje tu pode entra e sair de uma escola publica sem nada de segurança averiguada', 'likes': 84, 'publicado_em': '2023-01-06T22:31:35Z'}, {'autor': '@cafe.7253', 'comentario': 'Bullying é coisa de inapto social, mas seria o mesmo a causa ou foi só a consequencia da personalidade perturbada e desagradavel dele?', 'likes': 47, 'publicado_em': '2023-01-06T23:49:54Z'}, {'autor': '@AbuAbdullah_1515', 'comentario': 'Verdade eu era o porteiro', 'likes': 16, 'publicado_em': '2023-01-07T01:29:06Z'}, {'autor': '@FatParrot', 'comentario': 'Verdade eu era a recepção', 'likes': 11, 'publicado_em': '2023-01-07T05:57:47Z'}]","_vvehsgeAXI","REALENGO: O ATAQUE À ESCOLA TASSO DA SILVEIRA (DOCUMENTÁRIO CRIMINAL)","2","Mais antigos"
"@MaressaDivaOficial","UC9SP5Kn32yNOFWTL_1yFfYA","http://www.youtube.com/@MaressaDivaOficial","Se puder, faça um sobre o de Suzano ocorrido em 2019.","314","2023-01-06T17:22:21Z","2023-01-06T17:22:21Z","True","True","11","5","[{'autor': '@samuelsilva8129', 'comentario': 'Espero que sim, maressa', 'likes': 14, 'publicado_em': '2023-01-08T03:24:02Z'}, {'autor': '@doogin8807', 'comentario': 'Maressa gosto muito dos seus vídeos do caso de Suzano', 'likes': 5, 'publicado_em': '2023-01-10T19:44:44Z'}, {'autor': '@vidadojohnny', 'comentario': 'Up', 'likes': 0, 'publicado_em': '2023-01-11T01:28:18Z'}, {'autor': '@Hey.EloSartori', 'comentario': 'Siiiiiiim, eu ia falar isso agoraaaa', 'likes': 3, 'publicado_em': '2023-01-11T21:02:12Z'}, {'autor': '@Nohji-uk', 'comentario': 'Eu acho que já tem', 'likes': 0, 'publicado_em': '2023-01-13T18:22:51Z'}]","_vvehsgeAXI","REALENGO: O ATAQUE À ESCOLA TASSO DA SILVEIRA (DOCUMENTÁRIO CRIMINAL)","2","Mais antigos"
"@carolinamelo9194","UCHmZMiD-X0BDa4ISfQKidZw","http://www.youtube.com/@carolinamelo9194","É assustador como o que faz uma pessoa chegar a um determinado ponto ou ação não é necessariamente o que ela passou na vida, mas sim o que está dentro dela. Enquanto uns sofrem bullying e concluem que jamais tratarão outra pessoa da forma como foram tratados, outros decidem se vingar, mesmo que machuquem pessoas que não tem nada a ver com isso.","253","2023-01-06T17:31:04Z","2023-01-06T17:31:04Z","True","True","21","5","[{'autor': '@pietraoliveira410', 'comentario': 'Não baseia todo mundo com a sua personalidade(ou a personalidade que vc diz ter)cada um tem um jeito de reagir às situações eu não julgo apenas oriento meu filho a nunca em hipótese alguma fazer bullying ou sorrir de algum ato ,eu sofri bullying na infância não me vinguei,não me matei mas até hoje carrego traumas de situações vividas que travaram a minha vida', 'likes': 14, 'publicado_em': '2023-01-06T23:34:14Z'}, {'autor': '@daredrow', 'comentario': 'Esse comentário foi muito pika, tá', 'likes': 5, 'publicado_em': '2023-01-07T05:44:23Z'}, {'autor': '@c0depy163', 'comentario': '@pietraoliveira410 infelizmente e assim nosso mundo, a culpa e totalmente dele sobre os ataques, mas nenhum ser humano chega a esse ponto sem motivo, (na vdd chega sim) mas socialmente quando uma pessoa e excluída socialmente tanto por ser tímido ou extrovertido principalmente da fase criança/adolescente eles sempre irão atrás de métodos alternativos de socialização, aí acaba encontrando esses grupos extremistas, por isso o mesmo disse que os animais merecem mais respeito que os seres humanos, e nesse quesito eu concordo.', 'likes': 20, 'publicado_em': '2023-01-07T15:32:44Z'}, {'autor': '@SenhoritaOliveiraa', 'comentario': 'Falou tudo. Eu sofri bullying no ensino médio porque era muito magra e nem por isso matei ninguém. Eu sempre fui tímida e antisocial na escola, só no ensino médio que eu comecei a fazer amizades, as marcas do bullying ficam mas nem por isso eu me vinguei', 'likes': 2, 'publicado_em': '2023-01-14T13:21:56Z'}, {'autor': '@AngelaSilva-rt7kl', 'comentario': '@SenhoritaOliveiraa isso que vc sofreu chega nem perto do ele sofreu', 'likes': 3, 'publicado_em': '2023-02-17T10:47:25Z'}]","_vvehsgeAXI","REALENGO: O ATAQUE À ESCOLA TASSO DA SILVEIRA (DOCUMENTÁRIO CRIMINAL)","2","Mais antigos"
"@silmendydesign","UCFFvZ1MxgSVWKZ5NQ2N0yeg","http://www.youtube.com/@silmendydesign","Morava em Realengo nesta época, e meu amigo Luciano professor de geografia, foi um dos professores que fizeram barricadas e salvou sua vida e de seus alunos.","371","2023-01-06T17:45:39Z","2023-01-06T17:45:39Z","True","True","14","5","[{'autor': '@elizetegomes1828', 'comentario': 'Que ☝️ bom 👍', 'likes': 5, 'publicado_em': '2023-01-06T20:42:21Z'}, {'autor': '@melenne000', 'comentario': 'e ele tá bem hoje em dia, moça??', 'likes': 12, 'publicado_em': '2023-01-07T02:49:32Z'}, {'autor': '@silmendydesign', 'comentario': '@melenne000 sim, graças a Deus! ele chegou até receber medalha do governador na epoca, deu entrevistas e tudo. Hoje continua lecionando pois ama ser professor.', 'likes': 39, 'publicado_em': '2023-01-11T00:08:59Z'}, {'autor': '@melenne000', 'comentario': '@silmendydesign oh que maravilha e fico feliz por ele ter recebido a medalha de honra do governo, mais que merecido- ele foi um anjo 💕 muita saúde e paz para o seu amigo Luciano e pra você também ☺️', 'likes': 5, 'publicado_em': '2023-01-11T01:35:55Z'}, {'autor': '@AngelaSilva-rt7kl', 'comentario': 'O lado bom que a vítimas nao voltam kkkkkk pagaram com a vida, gente morta nao defende bullying :)', 'likes': 0, 'publicado_em': '2023-02-17T10:50:01Z'}]","_vvehsgeAXI","REALENGO: O ATAQUE À ESCOLA TASSO DA SILVEIRA (DOCUMENTÁRIO CRIMINAL)","2","Mais antigos"
"@andersonfilho3344","UC9UCt6CNjZUWQkpfyZFrBOw","http://www.youtube.com/@andersonfilho3344","Esse com certeza foi um dos casos que mais abalou o Brasil. Bom trabalho Bryan é bom ver que os casos Brasileiros estão vindo com mais frequência agora parabéns pelo seu trabalho 😁😁","51","2023-01-06T18:03:16Z","2023-01-06T18:03:16Z","True","True","0","0","[]","_vvehsgeAXI","REALENGO: O ATAQUE À ESCOLA TASSO DA SILVEIRA (DOCUMENTÁRIO CRIMINAL)","2","Mais antigos"
"@marciahelenamayrinksampaio3230","UCnhWQD4w-EzmGr7k9FB-XbA","http://www.youtube.com/@marciahelenamayrinksampaio3230","Foi uma pessoa digna de pena. Herdou da mãe biológica o desequilíbrio mental e na escola encontrou colegas mesquinhos.","56","2023-01-06T20:36:14Z","2023-01-06T20:36:14Z","True","True","4","4","[{'autor': '@elizetegomes1828', 'comentario': 'Então foi o encontro de  merda com  caca 🤑👎👎', 'likes': 0, 'publicado_em': '2023-01-06T20:45:55Z'}, {'autor': '@naocurteessecanalinternet87475', 'comentario': '😢😢😢😢😢😢😢😢😢😢', 'likes': 2, 'publicado_em': '2023-06-24T20:32:51Z'}, {'autor': '@Dudafavali', 'comentario': 'Exatamente.', 'likes': 3, 'publicado_em': '2025-01-02T05:45:41Z'}, {'autor': '@PedroLinhares-1605', 'comentario': '😥😥😥', 'likes': 0, 'publicado_em': '2025-06-16T14:24:24Z'}]","_vvehsgeAXI","REALENGO: O ATAQUE À ESCOLA TASSO DA SILVEIRA (DOCUMENTÁRIO CRIMINAL)","2","Mais antigos"
"@ozeiascarvalho6228","UC91hFwoHxx9sIF5UaiIPd8Q","http://www.youtube.com/@ozeiascarvalho6228","Quando eu estudava, via com meus próprios olhos o quanto garotos e garotas conseguiam ser maldosos com os mais tímidos, a verdade é que muito desses casos tem haver com a culpa e a maldade de alunos que são ruins e ponto. Eu era da galera mais extrovertida e não sofria bullying, mas conseguia enxergar o que faziam com os demais. Várias vezes me envolvi em brigas pra defender esses alunos que eu tinha dó por ver o quanto eram humilhados.  A verdade que não sse fala é que adolescentes conseguem acabar com a vida de muitos colegas por se acharem bonitos, inteligentes, populares e superiores aos demais.","241","2023-01-06T22:50:22Z","2023-01-06T22:50:22Z","True","True","13","5","[{'autor': '@elianedesouza9372', 'comentario': 'concordo com você na minha escola , ja vi varios meninos e meninas fazendo Bullying com alunos ao olhos deles eram inferiores , também já sofre bastante com eles tiver uma doença pequena e acabei perdendo o cabelo e eles viviam fazendo piadas de mal gosto , com isso passei a me fechar e não me importar em fazer amizade com nenhum deles', 'likes': 20, 'publicado_em': '2023-01-17T17:22:30Z'}, {'autor': '@Amassuvets', 'comentario': 'Verdade mano, eu tbm era mais extrovertido então nao sofria tanto, acabei fazendo amizade com um aluno que era introvertido ai descobri q ele ficava desenhando armas no caderno durante a aula, era de familia religiosa e etc, perdemos contato na formatura mas nao ouvi mais falar dele', 'likes': 7, 'publicado_em': '2023-02-16T00:55:51Z'}, {'autor': '@AngelaSilva-rt7kl', 'comentario': 'O lado bom que a vítimas nao voltam kkkkkk pagaram com a vida, gente morta nao defende bullying :)', 'likes': 3, 'publicado_em': '2023-02-17T10:52:09Z'}, {'autor': '@mari-anni', 'comentario': '@AngelaSilva-rt7kl. As pessoas que ele matou eram inocentes, sua sem noção. Não há nada de bom nisso! Você, pelos comentários, anda defendendo o criminoso, até parece que não seria uma vítima em potencial dele também.', 'likes': 21, 'publicado_em': '2023-03-28T05:18:54Z'}, {'autor': '@jessicaduarte6284', 'comentario': 'Gente sabe sei que passar por bullying não e fácil mas isso gente não nos dar o direito de tiramos a vida de alguém não é aliás ele estudou lá quando pequeno ele tirou a vida de pessoas inocentes e mesmo que fosse as pessoas que tanto brincaram com ele ele não tinha direito nenhum de tirar a vida dessas pessoas ele não é Deus', 'likes': 3, 'publicado_em': '2023-04-12T03:33:34Z'}]","_vvehsgeAXI","REALENGO: O ATAQUE À ESCOLA TASSO DA SILVEIRA (DOCUMENTÁRIO CRIMINAL)","2","Mais antigos"
"@marcoscamargo7763","UCYs3F3tQE4EYmG-jnG8vdZQ","http://www.youtube.com/@marcoscamargo7763","Uma coisa que percebo, no perfil desses criminosos, é que eles possuem um alto grau de inteligência e, ao mesmo tempo, uma enorme carga de ódio reprimido, gerado pelas antigas brincadeiras de mal gosto, dos antigos colegas de classe. Isso comprova que quando jovem, uma pessoa jamais se esquecerá da pressão gerada na Escola, e em como foi tratado, no dia a dia, tanto para o bem, quanto para o mal. Uma tragédia, sem sobra dúvidas. 🙏🏻✨","122","2023-01-06T22:54:08Z","2023-01-06T22:54:08Z","True","True","5","5","[{'autor': '@wowamber5107', 'comentario': 'Concordo, mas ainda acrescento que: a inteligência parece ser apenas acadêmica, eles sao completamente lesados socialmente e acham que a sociedade deve algo a eles.', 'likes': 0, 'publicado_em': '2024-03-20T17:25:25Z'}, {'autor': '@yanfrois6081', 'comentario': 'eu sofri com algumas coisas o meu fundamental inteiro, bullying, vindo de meninos e até mesmo de algumas meninas, realmente isso que você falou é verdade, tive alguns impactos negativos na minha vida que eu provavelmente não teria se não tivesse passado por essas situações, tento melhorar a cada dia, porém hj sou um jovem adulto com diversos problemas e inseguranças por conta desses anos no fundamental, bullying é algo sério e que afeta totalmente a vida de quem sofre.', 'likes': 7, 'publicado_em': '2024-05-23T13:34:40Z'}, {'autor': '@aveiadusgato', 'comentario': 'Inteligência???\nEle só conseguiu fazer esse estrago porque perambulava pela escola sem resistência da administração da escola. As pessoas estavam acostumadas a vê-lo se esgueirando pelos corredores.\nO estrago se deve mais à permissividade e ao mau hábito, não à inteligência do rapaz.', 'likes': 0, 'publicado_em': '2024-11-30T14:56:09Z'}, {'autor': '@Dudafavali', 'comentario': 'Nível de inteligência? Não enxergo dessa maneira. São psicopatas megalomaníacos, acreditam que são gigantes, coisas que não são. O Wellington mesmo era um Esquizofrênico, não há nível de inteligência nessa loucura. Sinto um ódio profundo deles, pois bullying muitos sofreram, eu mesma sofri muito! Mas nunca pensei em matar ninguém, lixos humanos.', 'likes': 0, 'publicado_em': '2025-01-02T05:44:52Z'}, {'autor': '@Roma-lc9tl', 'comentario': '\u200b@aveiadusgatoele fala da inteligência de manipulação mano. Ele vestia de social era para as pessoas nao suspeitar facil dele... Ele falava bem.. parecia ser inofensivo', 'likes': 4, 'publicado_em': '2025-01-07T02:27:41Z'}]","_vvehsgeAXI","REALENGO: O ATAQUE À ESCOLA TASSO DA SILVEIRA (DOCUMENTÁRIO CRIMINAL)","2","Mais antigos"
"@viniciuslobato2793","UCc7YUot4Z-LU5ejSbAtII9g","http://www.youtube.com/@viniciuslobato2793","A negligência dos diretores em relação ao bullying leva a sentimentos que podem marcar uma pessoa para o resto da vida. Muito triste a cascata de eventos que desencadeou essa tragédia.","385","2023-01-07T07:27:42Z","2023-01-07T07:27:42Z","True","True","9","5","[{'autor': '@Clarah_8', 'comentario': 'A maioria dos professores quando ver alguma situação relacionada com bullying eles normalmente ignoram.', 'likes': 44, 'publicado_em': '2023-01-10T18:47:28Z'}, {'autor': '@luisclaudiofontenelle5513', 'comentario': '> > > > concordo com você , e com a pessoa que te respondeu. Mas não são só os professores e diretores que fazem vista grossa ao bullying;;  *é a sociedade neoliberal* que domina há séculos. A sociedade ANCAP considera discretamente os autores de bullying como uma espécie de ""empreendedores"" ;;  e que este pode ""fortalecer o caráter fraco"" das vítimas, consideradas por baixo do pano como ""perdedores ( _""loosers""_ )""\n       Lembrando que não sou absolutamente a favor de qualquer vingança violenta das vítimas de bullying, *muito menos contra inocentes* . Mas as autoridades deviam tomar vergonha na cara e acabar com essa infâmia.', 'likes': 5, 'publicado_em': '2023-02-05T22:48:12Z'}, {'autor': '@Nathan-sk4vy', 'comentario': 'H A O N Y E 🌱 Cara e o que acontece quando as pessoas passam por um doente mental e ignoram ele maltratam ele tratam como lixo e não ha um alma viva para ajudar ou se importar com o ser ele literalmente foi cagado e destruido pelo mundo e pela humanidade e ninguem literalmente se importou com ele ja sendo problematico e com acesso a internet ele simplesmente explodiu de tanta depressão e rejeição e percebeu que ja não havia mais nada oq se fazer na vida mas a verdade e que nunca entenderemos o que de fato passa na cabeça e na vida dessas pessoas que são simplesmente ignoradas pelas pessoas q convivem com elas todo santo dia..', 'likes': 0, 'publicado_em': '2023-02-12T06:13:09Z'}, {'autor': '@lor-zemici7671', 'comentario': 'H A O N Y E 🌱 cara mas o Wellington não Foi o primeiro, quando tem muitos casos parecidos deixa de ser coincidência, não é defender os cara que comete esses atos, mas impedido o bullying e qualquer tipo de exploração, podemos evitar estes tipos de tragédias, incluindo essas ondas aleatórias de assassinos em série!', 'likes': 9, 'publicado_em': '2023-02-13T06:08:08Z'}, {'autor': '@AngelaSilva-rt7kl', 'comentario': 'H A O N Y E 🌱 ata as humilhações que ele sofria na escola era tudo frescura entao kkkk vc viaja demais', 'likes': 3, 'publicado_em': '2023-02-17T10:43:55Z'}]","_vvehsgeAXI","REALENGO: O ATAQUE À ESCOLA TASSO DA SILVEIRA (DOCUMENTÁRIO CRIMINAL)","2","Mais antigos"
"@cyberpunk9515","UCa8pQfO9MO9BM6nUCCRevHw","http://www.youtube.com/@cyberpunk9515","Eu já vi até grupos privados de fãs dele.","6","2023-01-07T17:50:41Z","2023-01-07T17:50:41Z","True","True","0","0","[]","_vvehsgeAXI","REALENGO: O ATAQUE À ESCOLA TASSO DA SILVEIRA (DOCUMENTÁRIO CRIMINAL)","2","Mais antigos"
"@user-fb8ht3gj4o","UCB1Zm0BtNLx1XJ2kxM4mPeA","http://www.youtube.com/@user-fb8ht3gj4o","Aqui na Bahia, na cidade de Barreiras, aconteceu algo ""parecido"". Um menino de 14 anos invadiu uma Escola Cívico Militar com um calibre 38, duas aramas brancas, um facão e uma bomba caseira. Ele chegou atirando na direção de outros alunos, ferindo alguns deles. Infelizmente uma cadeirante que estudava na escola foi baleada e morreu na hora. O atirador foi baleado e encaminhado para o centro cirúrgico, ninguém sabe o estado de saúde dele.","30","2023-01-13T21:41:20Z","2023-01-13T21:41:20Z","True","True","2","2","[{'autor': '@AbuAbdullah_1515', 'comentario': 'Que fracasso kkkkkkk ouvi falar que tá paraplégico mas ngm confirmou isso', 'likes': 2, 'publicado_em': '2023-01-14T23:17:00Z'}, {'autor': '@dn_river', 'comentario': 'Deu em q??', 'likes': 1, 'publicado_em': '2025-03-15T23:45:02Z'}]","_vvehsgeAXI","REALENGO: O ATAQUE À ESCOLA TASSO DA SILVEIRA (DOCUMENTÁRIO CRIMINAL)","2","Mais antigos"
"@brunalima1524","UCgoD8tZ3vejttVDCcanMsUg","http://www.youtube.com/@brunalima1524","Bullying traz sim traumas, mas creio que não seja somente essa a causa... A carta dele chega até ser irônica, querendo ""defender"" os de coração bom, não teve piedade de crianças que nada tinham a ver com o seu passado. Muito triste","35","2023-01-16T03:00:23Z","2023-01-16T03:00:23Z","True","True","0","0","[]","_vvehsgeAXI","REALENGO: O ATAQUE À ESCOLA TASSO DA SILVEIRA (DOCUMENTÁRIO CRIMINAL)","2","Mais antigos"
"@Gabriel-zt7pk","UC9N4KDREEptpHS2HN6hgt2g","http://www.youtube.com/@Gabriel-zt7pk","O bullyng marca como uma cicatriz q nao sai nunca... wellington é o fruto da maldade humana na sua mais pura magnificência... humilhando pisando e destruindo os mais fracos...","8","2023-02-12T17:47:30Z","2023-02-12T17:47:30Z","True","True","0","0","[]","_vvehsgeAXI","REALENGO: O ATAQUE À ESCOLA TASSO DA SILVEIRA (DOCUMENTÁRIO CRIMINAL)","2","Mais antigos"
"@edivalandrade","UCn_cy1HBXdt1hynF1_XEbtw","http://www.youtube.com/@edivalandrade","Já vi professor rir com piadas de bulling, já vi pais dizerem que ""as crianças são assim mesmo não medem as brincadeiras"",  já vi pais dizerem "" se você não aceita brincadeira sai de perto"" , mas quem sofreu com essa aberração sabe que a morte para quem o pratica  ou não dá a devida importância quando deveria interromper as investidas dos que sendo maioria torturam alguém é o resultado da soma dos atos de todos os envolvidos, quem mata ou se mata nesses casos quer eliminar os causadores de seu sofrimento, esses são os que puseram a arma nas mãos do Wellighton. Tenho 56 anos parte dos que me atormentavam já faleceram  por causas naturais, fiz questão de ir no velório de  cada um dos que tive a chance de ir, e que DEUS me perdoe por assumir isso, mas é uma sensação libertadora.","58","2023-02-13T20:59:59Z","2023-02-13T21:09:22Z","True","True","7","5","[{'autor': '@bone3865', 'comentario': 'Vdd,só quem passou por isso sabe a sensação horrível, não são todos que sofrem bullyng que vão cometer crimes,mas perdoar ou esquecer e complicado,o que vc disse e a mais pura vdd', 'likes': 3, 'publicado_em': '2023-04-17T21:34:29Z'}, {'autor': '@leandrolamim', 'comentario': 'No ano de 2003 sofri bullying do professor. A turma toda caiu na gargalhada.', 'likes': 1, 'publicado_em': '2023-05-16T08:58:15Z'}, {'autor': '@kevenfernandes6095', 'comentario': '\u200b@leandrolamim eu tbm já sofri bullyng de um professor e a turma toda caia na gargalhada, e ainda por cima esse professor hj em dia é o diretor da escola. Esse ano tenho um outro professor que vive fazendo piadinhas e comentários desnecessários, não suporto as aulas dele por causa disso, o pior é q ninguém liga, a maioria só da risada...', 'likes': 1, 'publicado_em': '2023-05-31T21:14:52Z'}, {'autor': '@leandrolamim', 'comentario': '@kevenfernandes6095 muita forçaz irmão. Passei por essa fase na minha adolescência. As pessoas realmente não ligam. Ela só querem alguém para encarnar e dar risada.', 'likes': 1, 'publicado_em': '2023-06-01T05:12:41Z'}, {'autor': '@aveiadusgato', 'comentario': 'Eu tenho profundo desprezo por todos que me assediaram. Vivi episódios de bullying do jardim de infância (creia!) até à universidade. E após, no setor público onde trabalhei.', 'likes': 0, 'publicado_em': '2024-11-30T15:39:50Z'}]","_vvehsgeAXI","REALENGO: O ATAQUE À ESCOLA TASSO DA SILVEIRA (DOCUMENTÁRIO CRIMINAL)","2","Mais antigos"
"@T1AG0_EDITS","UCdaALSW83NLCYbA_JSMzO3g","http://www.youtube.com/@T1AG0_EDITS","Eu já pratiquei bullying, já sofri bullying e já salvei pessoas do bullying.","9","2023-06-16T09:48:54Z","2023-06-16T09:48:54Z","True","True","0","0","[]","_vvehsgeAXI","REALENGO: O ATAQUE À ESCOLA TASSO DA SILVEIRA (DOCUMENTÁRIO CRIMINAL)","2","Mais antigos"
"@lov3lyv","UCUIapui3YVCEpFVWSQwpyHw","http://www.youtube.com/@lov3lyv","Lembro que no dia que ocorreu o massacre, minha professora de educação física estava bem triste com tudo... Ela pediu para que nós fizessemos uma roda, e oramos por todas as vitimas antes de começar nosso dia. Na época eu tinha 9 anos, e isso me marcou muito.","22","2023-06-17T17:00:54Z","2023-06-17T17:00:54Z","True","True","0","0","[]","_vvehsgeAXI","REALENGO: O ATAQUE À ESCOLA TASSO DA SILVEIRA (DOCUMENTÁRIO CRIMINAL)","2","Mais antigos"
"@marinathebestt","UCtaf_mJ7l5DKDLVUQGPFciA","http://www.youtube.com/@marinathebestt","Ainda queria dar ordens depois de ser morto KKKKKKK chega a ser engraçado","12","2023-06-29T11:36:09Z","2023-06-29T11:39:50Z","True","True","0","0","[]","_vvehsgeAXI","REALENGO: O ATAQUE À ESCOLA TASSO DA SILVEIRA (DOCUMENTÁRIO CRIMINAL)","2","Mais antigos"
"@allanmendes6333","UCTkVoX9ubZR_WTjH8WW6rTQ","http://www.youtube.com/@allanmendes6333","Eu sou o Allan Mendes o menino da época que conseguiu chamar a policia.  PARABÉNS pelo video vejo que voce estudou bem antes de fazer e te digo esta tudo certo","282","2023-07-10T19:45:48Z","2023-07-10T19:45:48Z","True","True","14","5","[{'autor': '@GuiSau', 'comentario': 'Coml fui a sua reação quando ele entrou na sala?', 'likes': 5, 'publicado_em': '2023-07-22T10:16:58Z'}, {'autor': '@AstaIns33nity', 'comentario': 'Mds vey, vc levou um tiro mesmo?', 'likes': 5, 'publicado_em': '2023-09-23T20:06:50Z'}, {'autor': '@Mayara-w5c', 'comentario': 'Graças a Deus vc chamou se não ele teria feito mais vítimas', 'likes': 12, 'publicado_em': '2024-01-29T15:24:54Z'}, {'autor': '@jeffersonmoraes2613', 'comentario': 'Vc é um Heroi. Parabens', 'likes': 13, 'publicado_em': '2024-06-04T13:34:41Z'}, {'autor': '@EdineteAlmeida-g7s', 'comentario': '❤', 'likes': 0, 'publicado_em': '2024-12-25T21:39:25Z'}]","_vvehsgeAXI","REALENGO: O ATAQUE À ESCOLA TASSO DA SILVEIRA (DOCUMENTÁRIO CRIMINAL)","2","Mais antigos"
"@buckxxz","UCdS9AzGACGdoWWasmgATwVQ","http://www.youtube.com/@buckxxz","meu herói","3","2025-04-30T17:05:35Z","2025-04-30T17:05:35Z","True","True","0","0","[]","_vvehsgeAXI","REALENGO: O ATAQUE À ESCOLA TASSO DA SILVEIRA (DOCUMENTÁRIO CRIMINAL)","2","Mais antigos"
"@LaneGizzy","UCuNe9dmXCFluOAWX39CuomA","http://www.youtube.com/@LaneGizzy","Os funcionários não desconfiaram de nada porque o Wellighton era um cara que virava e mexia ia lá. Ele era bem esquisito, um calor imenso e ele de roupa de couro. Eu saí da escola um ano antes, mas me lembro dele lá. A escola tinha uma recepção, com grade. O Seu Joaquim o porteiro, deixou ele entrar justamente por ele sempre ir lá. Meu primo que estudou com ele mesma escola disse que praticavam muito bullying com ele, e a direção não fazia nadinha. Ele era zoado pelos meninos e rejeitado pelas meninas.","1154","2023-01-06T17:07:06Z","2023-01-06T17:07:06Z","True","True","66","5","[{'autor': '@Nekokarin5', 'comentario': 'É verdade eu era a arma', 'likes': 48, 'publicado_em': '2023-01-06T20:51:35Z'}, {'autor': '@mafilzikaplay7615', 'comentario': 'Até hoje tu pode entra e sair de uma escola publica sem nada de segurança averiguada', 'likes': 84, 'publicado_em': '2023-01-06T22:31:35Z'}, {'autor': '@cafe.7253', 'comentario': 'Bullying é coisa de inapto social, mas seria o mesmo a causa ou foi só a consequencia da personalidade perturbada e desagradavel dele?', 'likes': 47, 'publicado_em': '2023-01-06T23:49:54Z'}, {'autor': '@AbuAbdullah_1515', 'comentario': 'Verdade eu era o porteiro', 'likes': 16, 'publicado_em': '2023-01-07T01:29:06Z'}, {'autor': '@FatParrot', 'comentario': 'Verdade eu era a recepção', 'likes': 11, 'publicado_em': '2023-01-07T05:57:47Z'}]","_vvehsgeAXI","REALENGO: O ATAQUE À ESCOLA TASSO DA SILVEIRA (DOCUMENTÁRIO CRIMINAL)","3","Mais curtidos"
"@viniciuslobato2793","UCc7YUot4Z-LU5ejSbAtII9g","http://www.youtube.com/@viniciuslobato2793","A negligência dos diretores em relação ao bullying leva a sentimentos que podem marcar uma pessoa para o resto da vida. Muito triste a cascata de eventos que desencadeou essa tragédia.","385","2023-01-07T07:27:42Z","2023-01-07T07:27:42Z","True","True","9","5","[{'autor': '@Clarah_8', 'comentario': 'A maioria dos professores quando ver alguma situação relacionada com bullying eles normalmente ignoram.', 'likes': 44, 'publicado_em': '2023-01-10T18:47:28Z'}, {'autor': '@luisclaudiofontenelle5513', 'comentario': '> > > > concordo com você , e com a pessoa que te respondeu. Mas não são só os professores e diretores que fazem vista grossa ao bullying;;  *é a sociedade neoliberal* que domina há séculos. A sociedade ANCAP considera discretamente os autores de bullying como uma espécie de ""empreendedores"" ;;  e que este pode ""fortalecer o caráter fraco"" das vítimas, consideradas por baixo do pano como ""perdedores ( _""loosers""_ )""\n       Lembrando que não sou absolutamente a favor de qualquer vingança violenta das vítimas de bullying, *muito menos contra inocentes* . Mas as autoridades deviam tomar vergonha na cara e acabar com essa infâmia.', 'likes': 5, 'publicado_em': '2023-02-05T22:48:12Z'}, {'autor': '@Nathan-sk4vy', 'comentario': 'H A O N Y E 🌱 Cara e o que acontece quando as pessoas passam por um doente mental e ignoram ele maltratam ele tratam como lixo e não ha um alma viva para ajudar ou se importar com o ser ele literalmente foi cagado e destruido pelo mundo e pela humanidade e ninguem literalmente se importou com ele ja sendo problematico e com acesso a internet ele simplesmente explodiu de tanta depressão e rejeição e percebeu que ja não havia mais nada oq se fazer na vida mas a verdade e que nunca entenderemos o que de fato passa na cabeça e na vida dessas pessoas que são simplesmente ignoradas pelas pessoas q convivem com elas todo santo dia..', 'likes': 0, 'publicado_em': '2023-02-12T06:13:09Z'}, {'autor': '@lor-zemici7671', 'comentario': 'H A O N Y E 🌱 cara mas o Wellington não Foi o primeiro, quando tem muitos casos parecidos deixa de ser coincidência, não é defender os cara que comete esses atos, mas impedido o bullying e qualquer tipo de exploração, podemos evitar estes tipos de tragédias, incluindo essas ondas aleatórias de assassinos em série!', 'likes': 9, 'publicado_em': '2023-02-13T06:08:08Z'}, {'autor': '@AngelaSilva-rt7kl', 'comentario': 'H A O N Y E 🌱 ata as humilhações que ele sofria na escola era tudo frescura entao kkkk vc viaja demais', 'likes': 3, 'publicado_em': '2023-02-17T10:43:55Z'}]","_vvehsgeAXI","REALENGO: O ATAQUE À ESCOLA TASSO DA SILVEIRA (DOCUMENTÁRIO CRIMINAL)","3","Mais curtidos"
"@silmendydesign","UCFFvZ1MxgSVWKZ5NQ2N0yeg","http://www.youtube.com/@silmendydesign","Morava em Realengo nesta época, e meu amigo Luciano professor de geografia, foi um dos professores que fizeram barricadas e salvou sua vida e de seus alunos.","371","2023-01-06T17:45:39Z","2023-01-06T17:45:39Z","True","True","14","5","[{'autor': '@elizetegomes1828', 'comentario': 'Que ☝️ bom 👍', 'likes': 5, 'publicado_em': '2023-01-06T20:42:21Z'}, {'autor': '@melenne000', 'comentario': 'e ele tá bem hoje em dia, moça??', 'likes': 12, 'publicado_em': '2023-01-07T02:49:32Z'}, {'autor': '@silmendydesign', 'comentario': '@melenne000 sim, graças a Deus! ele chegou até receber medalha do governador na epoca, deu entrevistas e tudo. Hoje continua lecionando pois ama ser professor.', 'likes': 39, 'publicado_em': '2023-01-11T00:08:59Z'}, {'autor': '@melenne000', 'comentario': '@silmendydesign oh que maravilha e fico feliz por ele ter recebido a medalha de honra do governo, mais que merecido- ele foi um anjo 💕 muita saúde e paz para o seu amigo Luciano e pra você também ☺️', 'likes': 5, 'publicado_em': '2023-01-11T01:35:55Z'}, {'autor': '@AngelaSilva-rt7kl', 'comentario': 'O lado bom que a vítimas nao voltam kkkkkk pagaram com a vida, gente morta nao defende bullying :)', 'likes': 0, 'publicado_em': '2023-02-17T10:50:01Z'}]","_vvehsgeAXI","REALENGO: O ATAQUE À ESCOLA TASSO DA SILVEIRA (DOCUMENTÁRIO CRIMINAL)","3","Mais curtidos"
"@MaressaDivaOficial","UC9SP5Kn32yNOFWTL_1yFfYA","http://www.youtube.com/@MaressaDivaOficial","Se puder, faça um sobre o de Suzano ocorrido em 2019.","314","2023-01-06T17:22:21Z","2023-01-06T17:22:21Z","True","True","11","5","[{'autor': '@samuelsilva8129', 'comentario': 'Espero que sim, maressa', 'likes': 14, 'publicado_em': '2023-01-08T03:24:02Z'}, {'autor': '@doogin8807', 'comentario': 'Maressa gosto muito dos seus vídeos do caso de Suzano', 'likes': 5, 'publicado_em': '2023-01-10T19:44:44Z'}, {'autor': '@vidadojohnny', 'comentario': 'Up', 'likes': 0, 'publicado_em': '2023-01-11T01:28:18Z'}, {'autor': '@Hey.EloSartori', 'comentario': 'Siiiiiiim, eu ia falar isso agoraaaa', 'likes': 3, 'publicado_em': '2023-01-11T21:02:12Z'}, {'autor': '@Nohji-uk', 'comentario': 'Eu acho que já tem', 'likes': 0, 'publicado_em': '2023-01-13T18:22:51Z'}]","_vvehsgeAXI","REALENGO: O ATAQUE À ESCOLA TASSO DA SILVEIRA (DOCUMENTÁRIO CRIMINAL)","3","Mais curtidos"
"@allanmendes6333","UCTkVoX9ubZR_WTjH8WW6rTQ","http://www.youtube.com/@allanmendes6333","Eu sou o Allan Mendes o menino da época que conseguiu chamar a policia.  PARABÉNS pelo video vejo que voce estudou bem antes de fazer e te digo esta tudo certo","282","2023-07-10T19:45:48Z","2023-07-10T19:45:48Z","True","True","14","5","[{'autor': '@GuiSau', 'comentario': 'Coml fui a sua reação quando ele entrou na sala?', 'likes': 5, 'publicado_em': '2023-07-22T10:16:58Z'}, {'autor': '@AstaIns33nity', 'comentario': 'Mds vey, vc levou um tiro mesmo?', 'likes': 5, 'publicado_em': '2023-09-23T20:06:50Z'}, {'autor': '@Mayara-w5c', 'comentario': 'Graças a Deus vc chamou se não ele teria feito mais vítimas', 'likes': 12, 'publicado_em': '2024-01-29T15:24:54Z'}, {'autor': '@jeffersonmoraes2613', 'comentario': 'Vc é um Heroi. Parabens', 'likes': 13, 'publicado_em': '2024-06-04T13:34:41Z'}, {'autor': '@EdineteAlmeida-g7s', 'comentario': '❤', 'likes': 0, 'publicado_em': '2024-12-25T21:39:25Z'}]","_vvehsgeAXI","REALENGO: O ATAQUE À ESCOLA TASSO DA SILVEIRA (DOCUMENTÁRIO CRIMINAL)","3","Mais curtidos"
"@carolinamelo9194","UCHmZMiD-X0BDa4ISfQKidZw","http://www.youtube.com/@carolinamelo9194","É assustador como o que faz uma pessoa chegar a um determinado ponto ou ação não é necessariamente o que ela passou na vida, mas sim o que está dentro dela. Enquanto uns sofrem bullying e concluem que jamais tratarão outra pessoa da forma como foram tratados, outros decidem se vingar, mesmo que machuquem pessoas que não tem nada a ver com isso.","253","2023-01-06T17:31:04Z","2023-01-06T17:31:04Z","True","True","21","5","[{'autor': '@pietraoliveira410', 'comentario': 'Não baseia todo mundo com a sua personalidade(ou a personalidade que vc diz ter)cada um tem um jeito de reagir às situações eu não julgo apenas oriento meu filho a nunca em hipótese alguma fazer bullying ou sorrir de algum ato ,eu sofri bullying na infância não me vinguei,não me matei mas até hoje carrego traumas de situações vividas que travaram a minha vida', 'likes': 14, 'publicado_em': '2023-01-06T23:34:14Z'}, {'autor': '@daredrow', 'comentario': 'Esse comentário foi muito pika, tá', 'likes': 5, 'publicado_em': '2023-01-07T05:44:23Z'}, {'autor': '@c0depy163', 'comentario': '@pietraoliveira410 infelizmente e assim nosso mundo, a culpa e totalmente dele sobre os ataques, mas nenhum ser humano chega a esse ponto sem motivo, (na vdd chega sim) mas socialmente quando uma pessoa e excluída socialmente tanto por ser tímido ou extrovertido principalmente da fase criança/adolescente eles sempre irão atrás de métodos alternativos de socialização, aí acaba encontrando esses grupos extremistas, por isso o mesmo disse que os animais merecem mais respeito que os seres humanos, e nesse quesito eu concordo.', 'likes': 20, 'publicado_em': '2023-01-07T15:32:44Z'}, {'autor': '@SenhoritaOliveiraa', 'comentario': 'Falou tudo. Eu sofri bullying no ensino médio porque era muito magra e nem por isso matei ninguém. Eu sempre fui tímida e antisocial na escola, só no ensino médio que eu comecei a fazer amizades, as marcas do bullying ficam mas nem por isso eu me vinguei', 'likes': 2, 'publicado_em': '2023-01-14T13:21:56Z'}, {'autor': '@AngelaSilva-rt7kl', 'comentario': '@SenhoritaOliveiraa isso que vc sofreu chega nem perto do ele sofreu', 'likes': 3, 'publicado_em': '2023-02-17T10:47:25Z'}]","_vvehsgeAXI","REALENGO: O ATAQUE À ESCOLA TASSO DA SILVEIRA (DOCUMENTÁRIO CRIMINAL)","3","Mais curtidos"
"@ozeiascarvalho6228","UC91hFwoHxx9sIF5UaiIPd8Q","http://www.youtube.com/@ozeiascarvalho6228","Quando eu estudava, via com meus próprios olhos o quanto garotos e garotas conseguiam ser maldosos com os mais tímidos, a verdade é que muito desses casos tem haver com a culpa e a maldade de alunos que são ruins e ponto. Eu era da galera mais extrovertida e não sofria bullying, mas conseguia enxergar o que faziam com os demais. Várias vezes me envolvi em brigas pra defender esses alunos que eu tinha dó por ver o quanto eram humilhados.  A verdade que não sse fala é que adolescentes conseguem acabar com a vida de muitos colegas por se acharem bonitos, inteligentes, populares e superiores aos demais.","241","2023-01-06T22:50:22Z","2023-01-06T22:50:22Z","True","True","13","5","[{'autor': '@elianedesouza9372', 'comentario': 'concordo com você na minha escola , ja vi varios meninos e meninas fazendo Bullying com alunos ao olhos deles eram inferiores , também já sofre bastante com eles tiver uma doença pequena e acabei perdendo o cabelo e eles viviam fazendo piadas de mal gosto , com isso passei a me fechar e não me importar em fazer amizade com nenhum deles', 'likes': 20, 'publicado_em': '2023-01-17T17:22:30Z'}, {'autor': '@Amassuvets', 'comentario': 'Verdade mano, eu tbm era mais extrovertido então nao sofria tanto, acabei fazendo amizade com um aluno que era introvertido ai descobri q ele ficava desenhando armas no caderno durante a aula, era de familia religiosa e etc, perdemos contato na formatura mas nao ouvi mais falar dele', 'likes': 7, 'publicado_em': '2023-02-16T00:55:51Z'}, {'autor': '@AngelaSilva-rt7kl', 'comentario': 'O lado bom que a vítimas nao voltam kkkkkk pagaram com a vida, gente morta nao defende bullying :)', 'likes': 3, 'publicado_em': '2023-02-17T10:52:09Z'}, {'autor': '@mari-anni', 'comentario': '@AngelaSilva-rt7kl. As pessoas que ele matou eram inocentes, sua sem noção. Não há nada de bom nisso! Você, pelos comentários, anda defendendo o criminoso, até parece que não seria uma vítima em potencial dele também.', 'likes': 21, 'publicado_em': '2023-03-28T05:18:54Z'}, {'autor': '@jessicaduarte6284', 'comentario': 'Gente sabe sei que passar por bullying não e fácil mas isso gente não nos dar o direito de tiramos a vida de alguém não é aliás ele estudou lá quando pequeno ele tirou a vida de pessoas inocentes e mesmo que fosse as pessoas que tanto brincaram com ele ele não tinha direito nenhum de tirar a vida dessas pessoas ele não é Deus', 'likes': 3, 'publicado_em': '2023-04-12T03:33:34Z'}]","_vvehsgeAXI","REALENGO: O ATAQUE À ESCOLA TASSO DA SILVEIRA (DOCUMENTÁRIO CRIMINAL)","3","Mais curtidos"
"@marcoscamargo7763","UCYs3F3tQE4EYmG-jnG8vdZQ","http://www.youtube.com/@marcoscamargo7763","Uma coisa que percebo, no perfil desses criminosos, é que eles possuem um alto grau de inteligência e, ao mesmo tempo, uma enorme carga de ódio reprimido, gerado pelas antigas brincadeiras de mal gosto, dos antigos colegas de classe. Isso comprova que quando jovem, uma pessoa jamais se esquecerá da pressão gerada na Escola, e em como foi tratado, no dia a dia, tanto para o bem, quanto para o mal. Uma tragédia, sem sobra dúvidas. 🙏🏻✨","122","2023-01-06T22:54:08Z","2023-01-06T22:54:08Z","True","True","5","5","[{'autor': '@wowamber5107', 'comentario': 'Concordo, mas ainda acrescento que: a inteligência parece ser apenas acadêmica, eles sao completamente lesados socialmente e acham que a sociedade deve algo a eles.', 'likes': 0, 'publicado_em': '2024-03-20T17:25:25Z'}, {'autor': '@yanfrois6081', 'comentario': 'eu sofri com algumas coisas o meu fundamental inteiro, bullying, vindo de meninos e até mesmo de algumas meninas, realmente isso que você falou é verdade, tive alguns impactos negativos na minha vida que eu provavelmente não teria se não tivesse passado por essas situações, tento melhorar a cada dia, porém hj sou um jovem adulto com diversos problemas e inseguranças por conta desses anos no fundamental, bullying é algo sério e que afeta totalmente a vida de quem sofre.', 'likes': 7, 'publicado_em': '2024-05-23T13:34:40Z'}, {'autor': '@aveiadusgato', 'comentario': 'Inteligência???\nEle só conseguiu fazer esse estrago porque perambulava pela escola sem resistência da administração da escola. As pessoas estavam acostumadas a vê-lo se esgueirando pelos corredores.\nO estrago se deve mais à permissividade e ao mau hábito, não à inteligência do rapaz.', 'likes': 0, 'publicado_em': '2024-11-30T14:56:09Z'}, {'autor': '@Dudafavali', 'comentario': 'Nível de inteligência? Não enxergo dessa maneira. São psicopatas megalomaníacos, acreditam que são gigantes, coisas que não são. O Wellington mesmo era um Esquizofrênico, não há nível de inteligência nessa loucura. Sinto um ódio profundo deles, pois bullying muitos sofreram, eu mesma sofri muito! Mas nunca pensei em matar ninguém, lixos humanos.', 'likes': 0, 'publicado_em': '2025-01-02T05:44:52Z'}, {'autor': '@Roma-lc9tl', 'comentario': '\u200b@aveiadusgatoele fala da inteligência de manipulação mano. Ele vestia de social era para as pessoas nao suspeitar facil dele... Ele falava bem.. parecia ser inofensivo', 'likes': 4, 'publicado_em': '2025-01-07T02:27:41Z'}]","_vvehsgeAXI","REALENGO: O ATAQUE À ESCOLA TASSO DA SILVEIRA (DOCUMENTÁRIO CRIMINAL)","3","Mais curtidos"
"@edivalandrade","UCn_cy1HBXdt1hynF1_XEbtw","http://www.youtube.com/@edivalandrade","Já vi professor rir com piadas de bulling, já vi pais dizerem que ""as crianças são assim mesmo não medem as brincadeiras"",  já vi pais dizerem "" se você não aceita brincadeira sai de perto"" , mas quem sofreu com essa aberração sabe que a morte para quem o pratica  ou não dá a devida importância quando deveria interromper as investidas dos que sendo maioria torturam alguém é o resultado da soma dos atos de todos os envolvidos, quem mata ou se mata nesses casos quer eliminar os causadores de seu sofrimento, esses são os que puseram a arma nas mãos do Wellighton. Tenho 56 anos parte dos que me atormentavam já faleceram  por causas naturais, fiz questão de ir no velório de  cada um dos que tive a chance de ir, e que DEUS me perdoe por assumir isso, mas é uma sensação libertadora.","58","2023-02-13T20:59:59Z","2023-02-13T21:09:22Z","True","True","7","5","[{'autor': '@bone3865', 'comentario': 'Vdd,só quem passou por isso sabe a sensação horrível, não são todos que sofrem bullyng que vão cometer crimes,mas perdoar ou esquecer e complicado,o que vc disse e a mais pura vdd', 'likes': 3, 'publicado_em': '2023-04-17T21:34:29Z'}, {'autor': '@leandrolamim', 'comentario': 'No ano de 2003 sofri bullying do professor. A turma toda caiu na gargalhada.', 'likes': 1, 'publicado_em': '2023-05-16T08:58:15Z'}, {'autor': '@kevenfernandes6095', 'comentario': '\u200b@leandrolamim eu tbm já sofri bullyng de um professor e a turma toda caia na gargalhada, e ainda por cima esse professor hj em dia é o diretor da escola. Esse ano tenho um outro professor que vive fazendo piadinhas e comentários desnecessários, não suporto as aulas dele por causa disso, o pior é q ninguém liga, a maioria só da risada...', 'likes': 1, 'publicado_em': '2023-05-31T21:14:52Z'}, {'autor': '@leandrolamim', 'comentario': '@kevenfernandes6095 muita forçaz irmão. Passei por essa fase na minha adolescência. As pessoas realmente não ligam. Ela só querem alguém para encarnar e dar risada.', 'likes': 1, 'publicado_em': '2023-06-01T05:12:41Z'}, {'autor': '@aveiadusgato', 'comentario': 'Eu tenho profundo desprezo por todos que me assediaram. Vivi episódios de bullying do jardim de infância (creia!) até à universidade. E após, no setor público onde trabalhei.', 'likes': 0, 'publicado_em': '2024-11-30T15:39:50Z'}]","_vvehsgeAXI","REALENGO: O ATAQUE À ESCOLA TASSO DA SILVEIRA (DOCUMENTÁRIO CRIMINAL)","3","Mais curtidos"
"@marciahelenamayrinksampaio3230","UCnhWQD4w-EzmGr7k9FB-XbA","http://www.youtube.com/@marciahelenamayrinksampaio3230","Foi uma pessoa digna de pena. Herdou da mãe biológica o desequilíbrio mental e na escola encontrou colegas mesquinhos.","56","2023-01-06T20:36:14Z","2023-01-06T20:36:14Z","True","True","4","4","[{'autor': '@elizetegomes1828', 'comentario': 'Então foi o encontro de  merda com  caca 🤑👎👎', 'likes': 0, 'publicado_em': '2023-01-06T20:45:55Z'}, {'autor': '@naocurteessecanalinternet87475', 'comentario': '😢😢😢😢😢😢😢😢😢😢', 'likes': 2, 'publicado_em': '2023-06-24T20:32:51Z'}, {'autor': '@Dudafavali', 'comentario': 'Exatamente.', 'likes': 3, 'publicado_em': '2025-01-02T05:45:41Z'}, {'autor': '@PedroLinhares-1605', 'comentario': '😥😥😥', 'likes': 0, 'publicado_em': '2025-06-16T14:24:24Z'}]","_vvehsgeAXI","REALENGO: O ATAQUE À ESCOLA TASSO DA SILVEIRA (DOCUMENTÁRIO CRIMINAL)","3","Mais curtidos"
"@andersonfilho3344","UC9UCt6CNjZUWQkpfyZFrBOw","http://www.youtube.com/@andersonfilho3344","Esse com certeza foi um dos casos que mais abalou o Brasil. Bom trabalho Bryan é bom ver que os casos Brasileiros estão vindo com mais frequência agora parabéns pelo seu trabalho 😁😁","51","2023-01-06T18:03:16Z","2023-01-06T18:03:16Z","True","True","0","0","[]","_vvehsgeAXI","REALENGO: O ATAQUE À ESCOLA TASSO DA SILVEIRA (DOCUMENTÁRIO CRIMINAL)","3","Mais curtidos"
"@brunalima1524","UCgoD8tZ3vejttVDCcanMsUg","http://www.youtube.com/@brunalima1524","Bullying traz sim traumas, mas creio que não seja somente essa a causa... A carta dele chega até ser irônica, querendo ""defender"" os de coração bom, não teve piedade de crianças que nada tinham a ver com o seu passado. Muito triste","35","2023-01-16T03:00:23Z","2023-01-16T03:00:23Z","True","True","0","0","[]","_vvehsgeAXI","REALENGO: O ATAQUE À ESCOLA TASSO DA SILVEIRA (DOCUMENTÁRIO CRIMINAL)","3","Mais curtidos"
"@user-fb8ht3gj4o","UCB1Zm0BtNLx1XJ2kxM4mPeA","http://www.youtube.com/@user-fb8ht3gj4o","Aqui na Bahia, na cidade de Barreiras, aconteceu algo ""parecido"". Um menino de 14 anos invadiu uma Escola Cívico Militar com um calibre 38, duas aramas brancas, um facão e uma bomba caseira. Ele chegou atirando na direção de outros alunos, ferindo alguns deles. Infelizmente uma cadeirante que estudava na escola foi baleada e morreu na hora. O atirador foi baleado e encaminhado para o centro cirúrgico, ninguém sabe o estado de saúde dele.","30","2023-01-13T21:41:20Z","2023-01-13T21:41:20Z","True","True","2","2","[{'autor': '@AbuAbdullah_1515', 'comentario': 'Que fracasso kkkkkkk ouvi falar que tá paraplégico mas ngm confirmou isso', 'likes': 2, 'publicado_em': '2023-01-14T23:17:00Z'}, {'autor': '@dn_river', 'comentario': 'Deu em q??', 'likes': 1, 'publicado_em': '2025-03-15T23:45:02Z'}]","_vvehsgeAXI","REALENGO: O ATAQUE À ESCOLA TASSO DA SILVEIRA (DOCUMENTÁRIO CRIMINAL)","3","Mais curtidos"
"@lov3lyv","UCUIapui3YVCEpFVWSQwpyHw","http://www.youtube.com/@lov3lyv","Lembro que no dia que ocorreu o massacre, minha professora de educação física estava bem triste com tudo... Ela pediu para que nós fizessemos uma roda, e oramos por todas as vitimas antes de começar nosso dia. Na época eu tinha 9 anos, e isso me marcou muito.","22","2023-06-17T17:00:54Z","2023-06-17T17:00:54Z","True","True","0","0","[]","_vvehsgeAXI","REALENGO: O ATAQUE À ESCOLA TASSO DA SILVEIRA (DOCUMENTÁRIO CRIMINAL)","3","Mais curtidos"
"@marinathebestt","UCtaf_mJ7l5DKDLVUQGPFciA","http://www.youtube.com/@marinathebestt","Ainda queria dar ordens depois de ser morto KKKKKKK chega a ser engraçado","12","2023-06-29T11:36:09Z","2023-06-29T11:39:50Z","True","True","0","0","[]","_vvehsgeAXI","REALENGO: O ATAQUE À ESCOLA TASSO DA SILVEIRA (DOCUMENTÁRIO CRIMINAL)","3","Mais curtidos"
"@Santiago-qm6di","UCK3B2wfCSOA-CcLVEovWKMw","http://www.youtube.com/@Santiago-qm6di","Me lembro perfeitamente deste,dia triste 😢","11","2023-01-06T17:06:45Z","2023-01-06T17:06:45Z","True","True","0","0","[]","_vvehsgeAXI","REALENGO: O ATAQUE À ESCOLA TASSO DA SILVEIRA (DOCUMENTÁRIO CRIMINAL)","3","Mais curtidos"
"@T1AG0_EDITS","UCdaALSW83NLCYbA_JSMzO3g","http://www.youtube.com/@T1AG0_EDITS","Eu já pratiquei bullying, já sofri bullying e já salvei pessoas do bullying.","9","2023-06-16T09:48:54Z","2023-06-16T09:48:54Z","True","True","0","0","[]","_vvehsgeAXI","REALENGO: O ATAQUE À ESCOLA TASSO DA SILVEIRA (DOCUMENTÁRIO CRIMINAL)","3","Mais curtidos"
"@Gabriel-zt7pk","UC9N4KDREEptpHS2HN6hgt2g","http://www.youtube.com/@Gabriel-zt7pk","O bullyng marca como uma cicatriz q nao sai nunca... wellington é o fruto da maldade humana na sua mais pura magnificência... humilhando pisando e destruindo os mais fracos...","8","2023-02-12T17:47:30Z","2023-02-12T17:47:30Z","True","True","0","0","[]","_vvehsgeAXI","REALENGO: O ATAQUE À ESCOLA TASSO DA SILVEIRA (DOCUMENTÁRIO CRIMINAL)","3","Mais curtidos"
"@cyberpunk9515","UCa8pQfO9MO9BM6nUCCRevHw","http://www.youtube.com/@cyberpunk9515","Eu já vi até grupos privados de fãs dele.","6","2023-01-07T17:50:41Z","2023-01-07T17:50:41Z","True","True","0","0","[]","_vvehsgeAXI","REALENGO: O ATAQUE À ESCOLA TASSO DA SILVEIRA (DOCUMENTÁRIO CRIMINAL)","3","Mais curtidos"
"@buckxxz","UCdS9AzGACGdoWWasmgATwVQ","http://www.youtube.com/@buckxxz","meu herói","3","2025-04-30T17:05:35Z","2025-04-30T17:05:35Z","True","True","0","0","[]","_vvehsgeAXI","REALENGO: O ATAQUE À ESCOLA TASSO DA SILVEIRA (DOCUMENTÁRIO CRIMINAL)","3","Mais curtidos"
"@edivalandrade","UCn_cy1HBXdt1hynF1_XEbtw","http://www.youtube.com/@edivalandrade","Já vi professor rir com piadas de bulling, já vi pais dizerem que ""as crianças são assim mesmo não medem as brincadeiras"",  já vi pais dizerem "" se você não aceita brincadeira sai de perto"" , mas quem sofreu com essa aberração sabe que a morte para quem o pratica  ou não dá a devida importância quando deveria interromper as investidas dos que sendo maioria torturam alguém é o resultado da soma dos atos de todos os envolvidos, quem mata ou se mata nesses casos quer eliminar os causadores de seu sofrimento, esses são os que puseram a arma nas mãos do Wellighton. Tenho 56 anos parte dos que me atormentavam já faleceram  por causas naturais, fiz questão de ir no velório de  cada um dos que tive a chance de ir, e que DEUS me perdoe por assumir isso, mas é uma sensação libertadora.","58","2023-02-13T20:59:59Z","2023-02-13T21:09:22Z","True","True","7","5","[{'autor': '@bone3865', 'comentario': 'Vdd,só quem passou por isso sabe a sensação horrível, não são todos que sofrem bullyng que vão cometer crimes,mas perdoar ou esquecer e complicado,o que vc disse e a mais pura vdd', 'likes': 3, 'publicado_em': '2023-04-17T21:34:29Z'}, {'autor': '@leandrolamim', 'comentario': 'No ano de 2003 sofri bullying do professor. A turma toda caiu na gargalhada.', 'likes': 1, 'publicado_em': '2023-05-16T08:58:15Z'}, {'autor': '@kevenfernandes6095', 'comentario': '\u200b@leandrolamim eu tbm já sofri bullyng de um professor e a turma toda caia na gargalhada, e ainda por cima esse professor hj em dia é o diretor da escola. Esse ano tenho um outro professor que vive fazendo piadinhas e comentários desnecessários, não suporto as aulas dele por causa disso, o pior é q ninguém liga, a maioria só da risada...', 'likes': 1, 'publicado_em': '2023-05-31T21:14:52Z'}, {'autor': '@leandrolamim', 'comentario': '@kevenfernandes6095 muita forçaz irmão. Passei por essa fase na minha adolescência. As pessoas realmente não ligam. Ela só querem alguém para encarnar e dar risada.', 'likes': 1, 'publicado_em': '2023-06-01T05:12:41Z'}, {'autor': '@aveiadusgato', 'comentario': 'Eu tenho profundo desprezo por todos que me assediaram. Vivi episódios de bullying do jardim de infância (creia!) até à universidade. E após, no setor público onde trabalhei.', 'likes': 0, 'publicado_em': '2024-11-30T15:39:50Z'}]","_vvehsgeAXI","REALENGO: O ATAQUE À ESCOLA TASSO DA SILVEIRA (DOCUMENTÁRIO CRIMINAL)","4","Mais longos"
"@ozeiascarvalho6228","UC91hFwoHxx9sIF5UaiIPd8Q","http://www.youtube.com/@ozeiascarvalho6228","Quando eu estudava, via com meus próprios olhos o quanto garotos e garotas conseguiam ser maldosos com os mais tímidos, a verdade é que muito desses casos tem haver com a culpa e a maldade de alunos que são ruins e ponto. Eu era da galera mais extrovertida e não sofria bullying, mas conseguia enxergar o que faziam com os demais. Várias vezes me envolvi em brigas pra defender esses alunos que eu tinha dó por ver o quanto eram humilhados.  A verdade que não sse fala é que adolescentes conseguem acabar com a vida de muitos colegas por se acharem bonitos, inteligentes, populares e superiores aos demais.","241","2023-01-06T22:50:22Z","2023-01-06T22:50:22Z","True","True","13","5","[{'autor': '@elianedesouza9372', 'comentario': 'concordo com você na minha escola , ja vi varios meninos e meninas fazendo Bullying com alunos ao olhos deles eram inferiores , também já sofre bastante com eles tiver uma doença pequena e acabei perdendo o cabelo e eles viviam fazendo piadas de mal gosto , com isso passei a me fechar e não me importar em fazer amizade com nenhum deles', 'likes': 20, 'publicado_em': '2023-01-17T17:22:30Z'}, {'autor': '@Amassuvets', 'comentario': 'Verdade mano, eu tbm era mais extrovertido então nao sofria tanto, acabei fazendo amizade com um aluno que era introvertido ai descobri q ele ficava desenhando armas no caderno durante a aula, era de familia religiosa e etc, perdemos contato na formatura mas nao ouvi mais falar dele', 'likes': 7, 'publicado_em': '2023-02-16T00:55:51Z'}, {'autor': '@AngelaSilva-rt7kl', 'comentario': 'O lado bom que a vítimas nao voltam kkkkkk pagaram com a vida, gente morta nao defende bullying :)', 'likes': 3, 'publicado_em': '2023-02-17T10:52:09Z'}, {'autor': '@mari-anni', 'comentario': '@AngelaSilva-rt7kl. As pessoas que ele matou eram inocentes, sua sem noção. Não há nada de bom nisso! Você, pelos comentários, anda defendendo o criminoso, até parece que não seria uma vítima em potencial dele também.', 'likes': 21, 'publicado_em': '2023-03-28T05:18:54Z'}, {'autor': '@jessicaduarte6284', 'comentario': 'Gente sabe sei que passar por bullying não e fácil mas isso gente não nos dar o direito de tiramos a vida de alguém não é aliás ele estudou lá quando pequeno ele tirou a vida de pessoas inocentes e mesmo que fosse as pessoas que tanto brincaram com ele ele não tinha direito nenhum de tirar a vida dessas pessoas ele não é Deus', 'likes': 3, 'publicado_em': '2023-04-12T03:33:34Z'}]","_vvehsgeAXI","REALENGO: O ATAQUE À ESCOLA TASSO DA SILVEIRA (DOCUMENTÁRIO CRIMINAL)","4","Mais longos"
"@LaneGizzy","UCuNe9dmXCFluOAWX39CuomA","http://www.youtube.com/@LaneGizzy","Os funcionários não desconfiaram de nada porque o Wellighton era um cara que virava e mexia ia lá. Ele era bem esquisito, um calor imenso e ele de roupa de couro. Eu saí da escola um ano antes, mas me lembro dele lá. A escola tinha uma recepção, com grade. O Seu Joaquim o porteiro, deixou ele entrar justamente por ele sempre ir lá. Meu primo que estudou com ele mesma escola disse que praticavam muito bullying com ele, e a direção não fazia nadinha. Ele era zoado pelos meninos e rejeitado pelas meninas.","1154","2023-01-06T17:07:06Z","2023-01-06T17:07:06Z","True","True","66","5","[{'autor': '@Nekokarin5', 'comentario': 'É verdade eu era a arma', 'likes': 48, 'publicado_em': '2023-01-06T20:51:35Z'}, {'autor': '@mafilzikaplay7615', 'comentario': 'Até hoje tu pode entra e sair de uma escola publica sem nada de segurança averiguada', 'likes': 84, 'publicado_em': '2023-01-06T22:31:35Z'}, {'autor': '@cafe.7253', 'comentario': 'Bullying é coisa de inapto social, mas seria o mesmo a causa ou foi só a consequencia da personalidade perturbada e desagradavel dele?', 'likes': 47, 'publicado_em': '2023-01-06T23:49:54Z'}, {'autor': '@AbuAbdullah_1515', 'comentario': 'Verdade eu era o porteiro', 'likes': 16, 'publicado_em': '2023-01-07T01:29:06Z'}, {'autor': '@FatParrot', 'comentario': 'Verdade eu era a recepção', 'likes': 11, 'publicado_em': '2023-01-07T05:57:47Z'}]","_vvehsgeAXI","REALENGO: O ATAQUE À ESCOLA TASSO DA SILVEIRA (DOCUMENTÁRIO CRIMINAL)","4","Mais longos"
"@user-fb8ht3gj4o","UCB1Zm0BtNLx1XJ2kxM4mPeA","http://www.youtube.com/@user-fb8ht3gj4o","Aqui na Bahia, na cidade de Barreiras, aconteceu algo ""parecido"". Um menino de 14 anos invadiu uma Escola Cívico Militar com um calibre 38, duas aramas brancas, um facão e uma bomba caseira. Ele chegou atirando na direção de outros alunos, ferindo alguns deles. Infelizmente uma cadeirante que estudava na escola foi baleada e morreu na hora. O atirador foi baleado e encaminhado para o centro cirúrgico, ninguém sabe o estado de saúde dele.","30","2023-01-13T21:41:20Z","2023-01-13T21:41:20Z","True","True","2","2","[{'autor': '@AbuAbdullah_1515', 'comentario': 'Que fracasso kkkkkkk ouvi falar que tá paraplégico mas ngm confirmou isso', 'likes': 2, 'publicado_em': '2023-01-14T23:17:00Z'}, {'autor': '@dn_river', 'comentario': 'Deu em q??', 'likes': 1, 'publicado_em': '2025-03-15T23:45:02Z'}]","_vvehsgeAXI","REALENGO: O ATAQUE À ESCOLA TASSO DA SILVEIRA (DOCUMENTÁRIO CRIMINAL)","4","Mais longos"
"@marcoscamargo7763","UCYs3F3tQE4EYmG-jnG8vdZQ","http://www.youtube.com/@marcoscamargo7763","Uma coisa que percebo, no perfil desses criminosos, é que eles possuem um alto grau de inteligência e, ao mesmo tempo, uma enorme carga de ódio reprimido, gerado pelas antigas brincadeiras de mal gosto, dos antigos colegas de classe. Isso comprova que quando jovem, uma pessoa jamais se esquecerá da pressão gerada na Escola, e em como foi tratado, no dia a dia, tanto para o bem, quanto para o mal. Uma tragédia, sem sobra dúvidas. 🙏🏻✨","122","2023-01-06T22:54:08Z","2023-01-06T22:54:08Z","True","True","5","5","[{'autor': '@wowamber5107', 'comentario': 'Concordo, mas ainda acrescento que: a inteligência parece ser apenas acadêmica, eles sao completamente lesados socialmente e acham que a sociedade deve algo a eles.', 'likes': 0, 'publicado_em': '2024-03-20T17:25:25Z'}, {'autor': '@yanfrois6081', 'comentario': 'eu sofri com algumas coisas o meu fundamental inteiro, bullying, vindo de meninos e até mesmo de algumas meninas, realmente isso que você falou é verdade, tive alguns impactos negativos na minha vida que eu provavelmente não teria se não tivesse passado por essas situações, tento melhorar a cada dia, porém hj sou um jovem adulto com diversos problemas e inseguranças por conta desses anos no fundamental, bullying é algo sério e que afeta totalmente a vida de quem sofre.', 'likes': 7, 'publicado_em': '2024-05-23T13:34:40Z'}, {'autor': '@aveiadusgato', 'comentario': 'Inteligência???\nEle só conseguiu fazer esse estrago porque perambulava pela escola sem resistência da administração da escola. As pessoas estavam acostumadas a vê-lo se esgueirando pelos corredores.\nO estrago se deve mais à permissividade e ao mau hábito, não à inteligência do rapaz.', 'likes': 0, 'publicado_em': '2024-11-30T14:56:09Z'}, {'autor': '@Dudafavali', 'comentario': 'Nível de inteligência? Não enxergo dessa maneira. São psicopatas megalomaníacos, acreditam que são gigantes, coisas que não são. O Wellington mesmo era um Esquizofrênico, não há nível de inteligência nessa loucura. Sinto um ódio profundo deles, pois bullying muitos sofreram, eu mesma sofri muito! Mas nunca pensei em matar ninguém, lixos humanos.', 'likes': 0, 'publicado_em': '2025-01-02T05:44:52Z'}, {'autor': '@Roma-lc9tl', 'comentario': '\u200b@aveiadusgatoele fala da inteligência de manipulação mano. Ele vestia de social era para as pessoas nao suspeitar facil dele... Ele falava bem.. parecia ser inofensivo', 'likes': 4, 'publicado_em': '2025-01-07T02:27:41Z'}]","_vvehsgeAXI","REALENGO: O ATAQUE À ESCOLA TASSO DA SILVEIRA (DOCUMENTÁRIO CRIMINAL)","4","Mais longos"
"@carolinamelo9194","UCHmZMiD-X0BDa4ISfQKidZw","http://www.youtube.com/@carolinamelo9194","É assustador como o que faz uma pessoa chegar a um determinado ponto ou ação não é necessariamente o que ela passou na vida, mas sim o que está dentro dela. Enquanto uns sofrem bullying e concluem que jamais tratarão outra pessoa da forma como foram tratados, outros decidem se vingar, mesmo que machuquem pessoas que não tem nada a ver com isso.","253","2023-01-06T17:31:04Z","2023-01-06T17:31:04Z","True","True","21","5","[{'autor': '@pietraoliveira410', 'comentario': 'Não baseia todo mundo com a sua personalidade(ou a personalidade que vc diz ter)cada um tem um jeito de reagir às situações eu não julgo apenas oriento meu filho a nunca em hipótese alguma fazer bullying ou sorrir de algum ato ,eu sofri bullying na infância não me vinguei,não me matei mas até hoje carrego traumas de situações vividas que travaram a minha vida', 'likes': 14, 'publicado_em': '2023-01-06T23:34:14Z'}, {'autor': '@daredrow', 'comentario': 'Esse comentário foi muito pika, tá', 'likes': 5, 'publicado_em': '2023-01-07T05:44:23Z'}, {'autor': '@c0depy163', 'comentario': '@pietraoliveira410 infelizmente e assim nosso mundo, a culpa e totalmente dele sobre os ataques, mas nenhum ser humano chega a esse ponto sem motivo, (na vdd chega sim) mas socialmente quando uma pessoa e excluída socialmente tanto por ser tímido ou extrovertido principalmente da fase criança/adolescente eles sempre irão atrás de métodos alternativos de socialização, aí acaba encontrando esses grupos extremistas, por isso o mesmo disse que os animais merecem mais respeito que os seres humanos, e nesse quesito eu concordo.', 'likes': 20, 'publicado_em': '2023-01-07T15:32:44Z'}, {'autor': '@SenhoritaOliveiraa', 'comentario': 'Falou tudo. Eu sofri bullying no ensino médio porque era muito magra e nem por isso matei ninguém. Eu sempre fui tímida e antisocial na escola, só no ensino médio que eu comecei a fazer amizades, as marcas do bullying ficam mas nem por isso eu me vinguei', 'likes': 2, 'publicado_em': '2023-01-14T13:21:56Z'}, {'autor': '@AngelaSilva-rt7kl', 'comentario': '@SenhoritaOliveiraa isso que vc sofreu chega nem perto do ele sofreu', 'likes': 3, 'publicado_em': '2023-02-17T10:47:25Z'}]","_vvehsgeAXI","REALENGO: O ATAQUE À ESCOLA TASSO DA SILVEIRA (DOCUMENTÁRIO CRIMINAL)","4","Mais longos"
"@lov3lyv","UCUIapui3YVCEpFVWSQwpyHw","http://www.youtube.com/@lov3lyv","Lembro que no dia que ocorreu o massacre, minha professora de educação física estava bem triste com tudo... Ela pediu para que nós fizessemos uma roda, e oramos por todas as vitimas antes de começar nosso dia. Na época eu tinha 9 anos, e isso me marcou muito.","22","2023-06-17T17:00:54Z","2023-06-17T17:00:54Z","True","True","0","0","[]","_vvehsgeAXI","REALENGO: O ATAQUE À ESCOLA TASSO DA SILVEIRA (DOCUMENTÁRIO CRIMINAL)","4","Mais longos"
"@brunalima1524","UCgoD8tZ3vejttVDCcanMsUg","http://www.youtube.com/@brunalima1524","Bullying traz sim traumas, mas creio que não seja somente essa a causa... A carta dele chega até ser irônica, querendo ""defender"" os de coração bom, não teve piedade de crianças que nada tinham a ver com o seu passado. Muito triste","35","2023-01-16T03:00:23Z","2023-01-16T03:00:23Z","True","True","0","0","[]","_vvehsgeAXI","REALENGO: O ATAQUE À ESCOLA TASSO DA SILVEIRA (DOCUMENTÁRIO CRIMINAL)","4","Mais longos"
"@viniciuslobato2793","UCc7YUot4Z-LU5ejSbAtII9g","http://www.youtube.com/@viniciuslobato2793","A negligência dos diretores em relação ao bullying leva a sentimentos que podem marcar uma pessoa para o resto da vida. Muito triste a cascata de eventos que desencadeou essa tragédia.","385","2023-01-07T07:27:42Z","2023-01-07T07:27:42Z","True","True","9","5","[{'autor': '@Clarah_8', 'comentario': 'A maioria dos professores quando ver alguma situação relacionada com bullying eles normalmente ignoram.', 'likes': 44, 'publicado_em': '2023-01-10T18:47:28Z'}, {'autor': '@luisclaudiofontenelle5513', 'comentario': '> > > > concordo com você , e com a pessoa que te respondeu. Mas não são só os professores e diretores que fazem vista grossa ao bullying;;  *é a sociedade neoliberal* que domina há séculos. A sociedade ANCAP considera discretamente os autores de bullying como uma espécie de ""empreendedores"" ;;  e que este pode ""fortalecer o caráter fraco"" das vítimas, consideradas por baixo do pano como ""perdedores ( _""loosers""_ )""\n       Lembrando que não sou absolutamente a favor de qualquer vingança violenta das vítimas de bullying, *muito menos contra inocentes* . Mas as autoridades deviam tomar vergonha na cara e acabar com essa infâmia.', 'likes': 5, 'publicado_em': '2023-02-05T22:48:12Z'}, {'autor': '@Nathan-sk4vy', 'comentario': 'H A O N Y E 🌱 Cara e o que acontece quando as pessoas passam por um doente mental e ignoram ele maltratam ele tratam como lixo e não ha um alma viva para ajudar ou se importar com o ser ele literalmente foi cagado e destruido pelo mundo e pela humanidade e ninguem literalmente se importou com ele ja sendo problematico e com acesso a internet ele simplesmente explodiu de tanta depressão e rejeição e percebeu que ja não havia mais nada oq se fazer na vida mas a verdade e que nunca entenderemos o que de fato passa na cabeça e na vida dessas pessoas que são simplesmente ignoradas pelas pessoas q convivem com elas todo santo dia..', 'likes': 0, 'publicado_em': '2023-02-12T06:13:09Z'}, {'autor': '@lor-zemici7671', 'comentario': 'H A O N Y E 🌱 cara mas o Wellington não Foi o primeiro, quando tem muitos casos parecidos deixa de ser coincidência, não é defender os cara que comete esses atos, mas impedido o bullying e qualquer tipo de exploração, podemos evitar estes tipos de tragédias, incluindo essas ondas aleatórias de assassinos em série!', 'likes': 9, 'publicado_em': '2023-02-13T06:08:08Z'}, {'autor': '@AngelaSilva-rt7kl', 'comentario': 'H A O N Y E 🌱 ata as humilhações que ele sofria na escola era tudo frescura entao kkkk vc viaja demais', 'likes': 3, 'publicado_em': '2023-02-17T10:43:55Z'}]","_vvehsgeAXI","REALENGO: O ATAQUE À ESCOLA TASSO DA SILVEIRA (DOCUMENTÁRIO CRIMINAL)","4","Mais longos"
"@andersonfilho3344","UC9UCt6CNjZUWQkpfyZFrBOw","http://www.youtube.com/@andersonfilho3344","Esse com certeza foi um dos casos que mais abalou o Brasil. Bom trabalho Bryan é bom ver que os casos Brasileiros estão vindo com mais frequência agora parabéns pelo seu trabalho 😁😁","51","2023-01-06T18:03:16Z","2023-01-06T18:03:16Z","True","True","0","0","[]","_vvehsgeAXI","REALENGO: O ATAQUE À ESCOLA TASSO DA SILVEIRA (DOCUMENTÁRIO CRIMINAL)","4","Mais longos"
"@Gabriel-zt7pk","UC9N4KDREEptpHS2HN6hgt2g","http://www.youtube.com/@Gabriel-zt7pk","O bullyng marca como uma cicatriz q nao sai nunca... wellington é o fruto da maldade humana na sua mais pura magnificência... humilhando pisando e destruindo os mais fracos...","8","2023-02-12T17:47:30Z","2023-02-12T17:47:30Z","True","True","0","0","[]","_vvehsgeAXI","REALENGO: O ATAQUE À ESCOLA TASSO DA SILVEIRA (DOCUMENTÁRIO CRIMINAL)","4","Mais longos"
"@allanmendes6333","UCTkVoX9ubZR_WTjH8WW6rTQ","http://www.youtube.com/@allanmendes6333","Eu sou o Allan Mendes o menino da época que conseguiu chamar a policia.  PARABÉNS pelo video vejo que voce estudou bem antes de fazer e te digo esta tudo certo","282","2023-07-10T19:45:48Z","2023-07-10T19:45:48Z","True","True","14","5","[{'autor': '@GuiSau', 'comentario': 'Coml fui a sua reação quando ele entrou na sala?', 'likes': 5, 'publicado_em': '2023-07-22T10:16:58Z'}, {'autor': '@AstaIns33nity', 'comentario': 'Mds vey, vc levou um tiro mesmo?', 'likes': 5, 'publicado_em': '2023-09-23T20:06:50Z'}, {'autor': '@Mayara-w5c', 'comentario': 'Graças a Deus vc chamou se não ele teria feito mais vítimas', 'likes': 12, 'publicado_em': '2024-01-29T15:24:54Z'}, {'autor': '@jeffersonmoraes2613', 'comentario': 'Vc é um Heroi. Parabens', 'likes': 13, 'publicado_em': '2024-06-04T13:34:41Z'}, {'autor': '@EdineteAlmeida-g7s', 'comentario': '❤', 'likes': 0, 'publicado_em': '2024-12-25T21:39:25Z'}]","_vvehsgeAXI","REALENGO: O ATAQUE À ESCOLA TASSO DA SILVEIRA (DOCUMENTÁRIO CRIMINAL)","4","Mais longos"
"@silmendydesign","UCFFvZ1MxgSVWKZ5NQ2N0yeg","http://www.youtube.com/@silmendydesign","Morava em Realengo nesta época, e meu amigo Luciano professor de geografia, foi um dos professores que fizeram barricadas e salvou sua vida e de seus alunos.","371","2023-01-06T17:45:39Z","2023-01-06T17:45:39Z","True","True","14","5","[{'autor': '@elizetegomes1828', 'comentario': 'Que ☝️ bom 👍', 'likes': 5, 'publicado_em': '2023-01-06T20:42:21Z'}, {'autor': '@melenne000', 'comentario': 'e ele tá bem hoje em dia, moça??', 'likes': 12, 'publicado_em': '2023-01-07T02:49:32Z'}, {'autor': '@silmendydesign', 'comentario': '@melenne000 sim, graças a Deus! ele chegou até receber medalha do governador na epoca, deu entrevistas e tudo. Hoje continua lecionando pois ama ser professor.', 'likes': 39, 'publicado_em': '2023-01-11T00:08:59Z'}, {'autor': '@melenne000', 'comentario': '@silmendydesign oh que maravilha e fico feliz por ele ter recebido a medalha de honra do governo, mais que merecido- ele foi um anjo 💕 muita saúde e paz para o seu amigo Luciano e pra você também ☺️', 'likes': 5, 'publicado_em': '2023-01-11T01:35:55Z'}, {'autor': '@AngelaSilva-rt7kl', 'comentario': 'O lado bom que a vítimas nao voltam kkkkkk pagaram com a vida, gente morta nao defende bullying :)', 'likes': 0, 'publicado_em': '2023-02-17T10:50:01Z'}]","_vvehsgeAXI","REALENGO: O ATAQUE À ESCOLA TASSO DA SILVEIRA (DOCUMENTÁRIO CRIMINAL)","4","Mais longos"
"@marciahelenamayrinksampaio3230","UCnhWQD4w-EzmGr7k9FB-XbA","http://www.youtube.com/@marciahelenamayrinksampaio3230","Foi uma pessoa digna de pena. Herdou da mãe biológica o desequilíbrio mental e na escola encontrou colegas mesquinhos.","56","2023-01-06T20:36:14Z","2023-01-06T20:36:14Z","True","True","4","4","[{'autor': '@elizetegomes1828', 'comentario': 'Então foi o encontro de  merda com  caca 🤑👎👎', 'likes': 0, 'publicado_em': '2023-01-06T20:45:55Z'}, {'autor': '@naocurteessecanalinternet87475', 'comentario': '😢😢😢😢😢😢😢😢😢😢', 'likes': 2, 'publicado_em': '2023-06-24T20:32:51Z'}, {'autor': '@Dudafavali', 'comentario': 'Exatamente.', 'likes': 3, 'publicado_em': '2025-01-02T05:45:41Z'}, {'autor': '@PedroLinhares-1605', 'comentario': '😥😥😥', 'likes': 0, 'publicado_em': '2025-06-16T14:24:24Z'}]","_vvehsgeAXI","REALENGO: O ATAQUE À ESCOLA TASSO DA SILVEIRA (DOCUMENTÁRIO CRIMINAL)","4","Mais longos"
"@T1AG0_EDITS","UCdaALSW83NLCYbA_JSMzO3g","http://www.youtube.com/@T1AG0_EDITS","Eu já pratiquei bullying, já sofri bullying e já salvei pessoas do bullying.","9","2023-06-16T09:48:54Z","2023-06-16T09:48:54Z","True","True","0","0","[]","_vvehsgeAXI","REALENGO: O ATAQUE À ESCOLA TASSO DA SILVEIRA (DOCUMENTÁRIO CRIMINAL)","4","Mais longos"
"@marinathebestt","UCtaf_mJ7l5DKDLVUQGPFciA","http://www.youtube.com/@marinathebestt","Ainda queria dar ordens depois de ser morto KKKKKKK chega a ser engraçado","12","2023-06-29T11:36:09Z","2023-06-29T11:39:50Z","True","True","0","0","[]","_vvehsgeAXI","REALENGO: O ATAQUE À ESCOLA TASSO DA SILVEIRA (DOCUMENTÁRIO CRIMINAL)","4","Mais longos"
"@MaressaDivaOficial","UC9SP5Kn32yNOFWTL_1yFfYA","http://www.youtube.com/@MaressaDivaOficial","Se puder, faça um sobre o de Suzano ocorrido em 2019.","314","2023-01-06T17:22:21Z","2023-01-06T17:22:21Z","True","True","11","5","[{'autor': '@samuelsilva8129', 'comentario': 'Espero que sim, maressa', 'likes': 14, 'publicado_em': '2023-01-08T03:24:02Z'}, {'autor': '@doogin8807', 'comentario': 'Maressa gosto muito dos seus vídeos do caso de Suzano', 'likes': 5, 'publicado_em': '2023-01-10T19:44:44Z'}, {'autor': '@vidadojohnny', 'comentario': 'Up', 'likes': 0, 'publicado_em': '2023-01-11T01:28:18Z'}, {'autor': '@Hey.EloSartori', 'comentario': 'Siiiiiiim, eu ia falar isso agoraaaa', 'likes': 3, 'publicado_em': '2023-01-11T21:02:12Z'}, {'autor': '@Nohji-uk', 'comentario': 'Eu acho que já tem', 'likes': 0, 'publicado_em': '2023-01-13T18:22:51Z'}]","_vvehsgeAXI","REALENGO: O ATAQUE À ESCOLA TASSO DA SILVEIRA (DOCUMENTÁRIO CRIMINAL)","4","Mais longos"
"@Santiago-qm6di","UCK3B2wfCSOA-CcLVEovWKMw","http://www.youtube.com/@Santiago-qm6di","Me lembro perfeitamente deste,dia triste 😢","11","2023-01-06T17:06:45Z","2023-01-06T17:06:45Z","True","True","0","0","[]","_vvehsgeAXI","REALENGO: O ATAQUE À ESCOLA TASSO DA SILVEIRA (DOCUMENTÁRIO CRIMINAL)","4","Mais longos"
"@cyberpunk9515","UCa8pQfO9MO9BM6nUCCRevHw","http://www.youtube.com/@cyberpunk9515","Eu já vi até grupos privados de fãs dele.","6","2023-01-07T17:50:41Z","2023-01-07T17:50:41Z","True","True","0","0","[]","_vvehsgeAXI","REALENGO: O ATAQUE À ESCOLA TASSO DA SILVEIRA (DOCUMENTÁRIO CRIMINAL)","4","Mais longos"
"@buckxxz","UCdS9AzGACGdoWWasmgATwVQ","http://www.youtube.com/@buckxxz","meu herói","3","2025-04-30T17:05:35Z","2025-04-30T17:05:35Z","True","True","0","0","[]","_vvehsgeAXI","REALENGO: O ATAQUE À ESCOLA TASSO DA SILVEIRA (DOCUMENTÁRIO CRIMINAL)","4","Mais longos"
"@AntonioRaymundo-od7nv","UCIZyfPwbz32mk-4PrJ_xWxA","http://www.youtube.com/@AntonioRaymundo-od7nv","Uma área chamada de coletivo, existe em realengo?","0","2025-11-10T11:47:59Z","2025-11-10T11:47:59Z","True","True","2","2","[{'autor': '@AsAventuraDeAdrianoRJ', 'comentario': 'Olá! Agradeço a pergunta. Realengo é um bairro bem grande e diversificado, mas não tenho informação sobre uma área específica chamada ""coletivo"" lá.', 'likes': 0, 'publicado_em': '2025-11-10T21:19:35Z'}, {'autor': '@AsAventuraDeAdrianoRJ', 'comentario': 'SEU ANTÔNIO. TEM  COMO  ME EXPLICAR. SOBRE ÁREA COLETIVA.?', 'likes': 0, 'publicado_em': '2025-11-11T02:45:15Z'}]","3RttZ5ydhX8","BAIRRO DE REALENGO  FIZ UMA CAMINHADA. PARA CONHECER","1","Mais novos"
"@chocolateroxy1","UC0a2YSpMOLF6SIGxVbjnr2Q","http://www.youtube.com/@chocolateroxy1","Alguem me da um help? To vendo apartamento, e o lado de realengo ao contrario do bangu shopping é bom? Rua Helio do Amaral???","1","2025-10-31T21:55:18Z","2025-10-31T21:55:18Z","True","True","1","1","[{'autor': '@AsAventuraDeAdrianoRJ', 'comentario': '\u200b""Oi, @chocolateroxy1! Muito obrigado por interagir e deixar seu comentário aqui no canal! Espero que você consiga as informações que precisa sobre a Rua Hélio do Amaral e Realengo. Volte sempre!. Um forte abraço.', 'likes': 0, 'publicado_em': '2025-11-02T20:14:19Z'}]","3RttZ5ydhX8","BAIRRO DE REALENGO  FIZ UMA CAMINHADA. PARA CONHECER","1","Mais novos"
"@marciojosemarquesnoronha3379","UCNJG-_bbctjstPmzCiwqsNQ","http://www.youtube.com/@marciojosemarquesnoronha3379","Frequentei muito a Lachonete FRANGO ASSADO DE REALENGO  que fica em frente  a Praça de Realengo  ( Igreja de Realengo ) ....Hoje é Drogaria Mundial no Lugar da Lanchonete .....A Lanchonete fechou por causa causa da Maldita  Pandemia  da Covid  !","1","2025-10-11T19:30:10Z","2025-10-11T19:30:10Z","True","True","1","1","[{'autor': '@AsAventuraDeAdrianoRJ', 'comentario': '\u200b""Que lindo seu comentário, Marcio! Muita gratidão por ter frequentado a Lanchonete e ter guardado essa lembrança. O Frango Assado era realmente especial. A pandemia nos tirou de lá, mas as memórias de clientes como você ficam para sempre! Um grande abraço!""\n\u200b', 'likes': 0, 'publicado_em': '2025-10-12T21:45:52Z'}]","3RttZ5ydhX8","BAIRRO DE REALENGO  FIZ UMA CAMINHADA. PARA CONHECER","1","Mais novos"
"@marciojosemarquesnoronha3379","UCNJG-_bbctjstPmzCiwqsNQ","http://www.youtube.com/@marciojosemarquesnoronha3379","Sou Cria de Realengo....morei muito anos em Realengo na Av. Santa Cruz  ( Entre Rua Dr Lessa  e  Av. Marechal Soares de Andréa  próximo Supermercado Guanabara  e Drogaria Pacheco  ) Estudei no Colégio Realengo  ....e hoje moro em São Paulo ( Bairro Perdizes  há  8 anos  !!!   Like like like like like like like like like like like like like like like like like like like like like like like like like like like like like like like like like like like like like like like like like like like like like like like like like like like like like like like like like like like like like like like like like like like like like like like like like like like like like like like like like like like like like like like like like like like like like like like like like like like like like like like like like like like like like like like like like like like like like like like like like like like like","1","2025-10-11T19:23:04Z","2025-10-11T19:23:04Z","True","True","1","1","[{'autor': '@AsAventuraDeAdrianoRJ', 'comentario': 'Nossa, que honra e que prazer ler essa sua mensagem! Fico muito feliz que você tenha compartilhado essa sua história de Realengo — desde o Colégio Realengo e a Av. Santa Cruz, até sua vida em Perdizes/SP. É muito especial saber que a gente consegue conectar pessoas que têm essa mesma origem. Um grande abraço e sucesso em São Paulo!', 'likes': 0, 'publicado_em': '2025-10-12T21:44:18Z'}]","3RttZ5ydhX8","BAIRRO DE REALENGO  FIZ UMA CAMINHADA. PARA CONHECER","1","Mais novos"
"@MdiasEstacionamento-ly2eu","UC4rAxNmv4Y1K-p_CMyfGDHw","http://www.youtube.com/@MdiasEstacionamento-ly2eu","Realengo é melhor que Pavuna.","1","2025-08-03T01:50:15Z","2025-08-03T01:50:15Z","True","True","1","1","[{'autor': '@AsAventuraDeAdrianoRJ', 'comentario': 'E concordo. Abraços a', 'likes': 0, 'publicado_em': '2025-08-04T03:31:23Z'}]","3RttZ5ydhX8","BAIRRO DE REALENGO  FIZ UMA CAMINHADA. PARA CONHECER","1","Mais novos"
"@MdiasEstacionamento-ly2eu","UC4rAxNmv4Y1K-p_CMyfGDHw","http://www.youtube.com/@MdiasEstacionamento-ly2eu","Moro aqui, gosto do bairro.","1","2025-08-03T01:49:40Z","2025-08-03T01:49:40Z","True","True","1","1","[{'autor': '@AsAventuraDeAdrianoRJ', 'comentario': 'Olá que legal. O bairro de Realengo  é bom', 'likes': 0, 'publicado_em': '2025-08-04T03:30:55Z'}]","3RttZ5ydhX8","BAIRRO DE REALENGO  FIZ UMA CAMINHADA. PARA CONHECER","1","Mais novos"
"@elizabethmagalhaes6628","UCwj_xpWAVfK700I2v9QxSPg","http://www.youtube.com/@elizabethmagalhaes6628","Aí faz muito calor,  igual Bangu ??","2","2025-04-09T22:13:02Z","2025-04-09T22:13:02Z","True","True","2","2","[{'autor': '@AsAventuraDeAdrianoRJ', 'comentario': 'Olá tudo bem. Sim é muito. Calor tem dias .que eu não aguento de tanto calor', 'likes': 0, 'publicado_em': '2025-04-10T23:27:32Z'}, {'autor': '@AsAventuraDeAdrianoRJ', 'comentario': 'Olá Elizabeth .fico muito feliz por ter gostado. 🙋\u200d♂️ um abraço', 'likes': 1, 'publicado_em': '2025-04-10T23:30:27Z'}]","3RttZ5ydhX8","BAIRRO DE REALENGO  FIZ UMA CAMINHADA. PARA CONHECER","1","Mais novos"
"@MariaAparecida-j8n5p","UCrvc2sqNfnJYN_2OSJuSvxg","http://www.youtube.com/@MariaAparecida-j8n5p","Muito bom Realengo❤","2","2025-04-02T19:13:58Z","2025-04-02T19:13:58Z","True","True","0","0","[]","3RttZ5ydhX8","BAIRRO DE REALENGO  FIZ UMA CAMINHADA. PARA CONHECER","1","Mais novos"
"@MariaAparecida-j8n5p","UCrvc2sqNfnJYN_2OSJuSvxg","http://www.youtube.com/@MariaAparecida-j8n5p","Muito bom Realengo❤","2","2025-04-02T19:13:58Z","2025-04-02T19:13:58Z","True","True","0","0","[]","3RttZ5ydhX8","BAIRRO DE REALENGO  FIZ UMA CAMINHADA. PARA CONHECER","2","Mais antigos"
"@elizabethmagalhaes6628","UCwj_xpWAVfK700I2v9QxSPg","http://www.youtube.com/@elizabethmagalhaes6628","Aí faz muito calor,  igual Bangu ??","2","2025-04-09T22:13:02Z","2025-04-09T22:13:02Z","True","True","2","2","[{'autor': '@AsAventuraDeAdrianoRJ', 'comentario': 'Olá tudo bem. Sim é muito. Calor tem dias .que eu não aguento de tanto calor', 'likes': 0, 'publicado_em': '2025-04-10T23:27:32Z'}, {'autor': '@AsAventuraDeAdrianoRJ', 'comentario': 'Olá Elizabeth .fico muito feliz por ter gostado. 🙋\u200d♂️ um abraço', 'likes': 1, 'publicado_em': '2025-04-10T23:30:27Z'}]","3RttZ5ydhX8","BAIRRO DE REALENGO  FIZ UMA CAMINHADA. PARA CONHECER","2","Mais antigos"
"@MdiasEstacionamento-ly2eu","UC4rAxNmv4Y1K-p_CMyfGDHw","http://www.youtube.com/@MdiasEstacionamento-ly2eu","Moro aqui, gosto do bairro.","1","2025-08-03T01:49:40Z","2025-08-03T01:49:40Z","True","True","1","1","[{'autor': '@AsAventuraDeAdrianoRJ', 'comentario': 'Olá que legal. O bairro de Realengo  é bom', 'likes': 0, 'publicado_em': '2025-08-04T03:30:55Z'}]","3RttZ5ydhX8","BAIRRO DE REALENGO  FIZ UMA CAMINHADA. PARA CONHECER","2","Mais antigos"
"@MdiasEstacionamento-ly2eu","UC4rAxNmv4Y1K-p_CMyfGDHw","http://www.youtube.com/@MdiasEstacionamento-ly2eu","Realengo é melhor que Pavuna.","1","2025-08-03T01:50:15Z","2025-08-03T01:50:15Z","True","True","1","1","[{'autor': '@AsAventuraDeAdrianoRJ', 'comentario': 'E concordo. Abraços a', 'likes': 0, 'publicado_em': '2025-08-04T03:31:23Z'}]","3RttZ5ydhX8","BAIRRO DE REALENGO  FIZ UMA CAMINHADA. PARA CONHECER","2","Mais antigos"
"@marciojosemarquesnoronha3379","UCNJG-_bbctjstPmzCiwqsNQ","http://www.youtube.com/@marciojosemarquesnoronha3379","Sou Cria de Realengo....morei muito anos em Realengo na Av. Santa Cruz  ( Entre Rua Dr Lessa  e  Av. Marechal Soares de Andréa  próximo Supermercado Guanabara  e Drogaria Pacheco  ) Estudei no Colégio Realengo  ....e hoje moro em São Paulo ( Bairro Perdizes  há  8 anos  !!!   Like like like like like like like like like like like like like like like like like like like like like like like like like like like like like like like like like like like like like like like like like like like like like like like like like like like like like like like like like like like like like like like like like like like like like like like like like like like like like like like like like like like like like like like like like like like like like like like like like like like like like like like like like like like like like like like like like like like like like like like like like like like like","1","2025-10-11T19:23:04Z","2025-10-11T19:23:04Z","True","True","1","1","[{'autor': '@AsAventuraDeAdrianoRJ', 'comentario': 'Nossa, que honra e que prazer ler essa sua mensagem! Fico muito feliz que você tenha compartilhado essa sua história de Realengo — desde o Colégio Realengo e a Av. Santa Cruz, até sua vida em Perdizes/SP. É muito especial saber que a gente consegue conectar pessoas que têm essa mesma origem. Um grande abraço e sucesso em São Paulo!', 'likes': 0, 'publicado_em': '2025-10-12T21:44:18Z'}]","3RttZ5ydhX8","BAIRRO DE REALENGO  FIZ UMA CAMINHADA. PARA CONHECER","2","Mais antigos"
"@marciojosemarquesnoronha3379","UCNJG-_bbctjstPmzCiwqsNQ","http://www.youtube.com/@marciojosemarquesnoronha3379","Frequentei muito a Lachonete FRANGO ASSADO DE REALENGO  que fica em frente  a Praça de Realengo  ( Igreja de Realengo ) ....Hoje é Drogaria Mundial no Lugar da Lanchonete .....A Lanchonete fechou por causa causa da Maldita  Pandemia  da Covid  !","1","2025-10-11T19:30:10Z","2025-10-11T19:30:10Z","True","True","1","1","[{'autor': '@AsAventuraDeAdrianoRJ', 'comentario': '\u200b""Que lindo seu comentário, Marcio! Muita gratidão por ter frequentado a Lanchonete e ter guardado essa lembrança. O Frango Assado era realmente especial. A pandemia nos tirou de lá, mas as memórias de clientes como você ficam para sempre! Um grande abraço!""\n\u200b', 'likes': 0, 'publicado_em': '2025-10-12T21:45:52Z'}]","3RttZ5ydhX8","BAIRRO DE REALENGO  FIZ UMA CAMINHADA. PARA CONHECER","2","Mais antigos"
"@chocolateroxy1","UC0a2YSpMOLF6SIGxVbjnr2Q","http://www.youtube.com/@chocolateroxy1","Alguem me da um help? To vendo apartamento, e o lado de realengo ao contrario do bangu shopping é bom? Rua Helio do Amaral???","1","2025-10-31T21:55:18Z","2025-10-31T21:55:18Z","True","True","1","1","[{'autor': '@AsAventuraDeAdrianoRJ', 'comentario': '\u200b""Oi, @chocolateroxy1! Muito obrigado por interagir e deixar seu comentário aqui no canal! Espero que você consiga as informações que precisa sobre a Rua Hélio do Amaral e Realengo. Volte sempre!. Um forte abraço.', 'likes': 0, 'publicado_em': '2025-11-02T20:14:19Z'}]","3RttZ5ydhX8","BAIRRO DE REALENGO  FIZ UMA CAMINHADA. PARA CONHECER","2","Mais antigos"
"@AntonioRaymundo-od7nv","UCIZyfPwbz32mk-4PrJ_xWxA","http://www.youtube.com/@AntonioRaymundo-od7nv","Uma área chamada de coletivo, existe em realengo?","0","2025-11-10T11:47:59Z","2025-11-10T11:47:59Z","True","True","2","2","[{'autor': '@AsAventuraDeAdrianoRJ', 'comentario': 'Olá! Agradeço a pergunta. Realengo é um bairro bem grande e diversificado, mas não tenho informação sobre uma área específica chamada ""coletivo"" lá.', 'likes': 0, 'publicado_em': '2025-11-10T21:19:35Z'}, {'autor': '@AsAventuraDeAdrianoRJ', 'comentario': 'SEU ANTÔNIO. TEM  COMO  ME EXPLICAR. SOBRE ÁREA COLETIVA.?', 'likes': 0, 'publicado_em': '2025-11-11T02:45:15Z'}]","3RttZ5ydhX8","BAIRRO DE REALENGO  FIZ UMA CAMINHADA. PARA CONHECER","2","Mais antigos"
"@MariaAparecida-j8n5p","UCrvc2sqNfnJYN_2OSJuSvxg","http://www.youtube.com/@MariaAparecida-j8n5p","Muito bom Realengo❤","2","2025-04-02T19:13:58Z","2025-04-02T19:13:58Z","True","True","0","0","[]","3RttZ5ydhX8","BAIRRO DE REALENGO  FIZ UMA CAMINHADA. PARA CONHECER","3","Mais curtidos"
"@elizabethmagalhaes6628","UCwj_xpWAVfK700I2v9QxSPg","http://www.youtube.com/@elizabethmagalhaes6628","Aí faz muito calor,  igual Bangu ??","2","2025-04-09T22:13:02Z","2025-04-09T22:13:02Z","True","True","2","2","[{'autor': '@AsAventuraDeAdrianoRJ', 'comentario': 'Olá tudo bem. Sim é muito. Calor tem dias .que eu não aguento de tanto calor', 'likes': 0, 'publicado_em': '2025-04-10T23:27:32Z'}, {'autor': '@AsAventuraDeAdrianoRJ', 'comentario': 'Olá Elizabeth .fico muito feliz por ter gostado. 🙋\u200d♂️ um abraço', 'likes': 1, 'publicado_em': '2025-04-10T23:30:27Z'}]","3RttZ5ydhX8","BAIRRO DE REALENGO  FIZ UMA CAMINHADA. PARA CONHECER","3","Mais curtidos"
"@MdiasEstacionamento-ly2eu","UC4rAxNmv4Y1K-p_CMyfGDHw","http://www.youtube.com/@MdiasEstacionamento-ly2eu","Moro aqui, gosto do bairro.","1","2025-08-03T01:49:40Z","2025-08-03T01:49:40Z","True","True","1","1","[{'autor': '@AsAventuraDeAdrianoRJ', 'comentario': 'Olá que legal. O bairro de Realengo  é bom', 'likes': 0, 'publicado_em': '2025-08-04T03:30:55Z'}]","3RttZ5ydhX8","BAIRRO DE REALENGO  FIZ UMA CAMINHADA. PARA CONHECER","3","Mais curtidos"
"@marciojosemarquesnoronha3379","UCNJG-_bbctjstPmzCiwqsNQ","http://www.youtube.com/@marciojosemarquesnoronha3379","Sou Cria de Realengo....morei muito anos em Realengo na Av. Santa Cruz  ( Entre Rua Dr Lessa  e  Av. Marechal Soares de Andréa  próximo Supermercado Guanabara  e Drogaria Pacheco  ) Estudei no Colégio Realengo  ....e hoje moro em São Paulo ( Bairro Perdizes  há  8 anos  !!!   Like like like like like like like like like like like like like like like like like like like like like like like like like like like like like like like like like like like like like like like like like like like like like like like like like like like like like like like like like like like like like like like like like like like like like like like like like like like like like like like like like like like like like like like like like like like like like like like like like like like like like like like like like like like like like like like like like like like like like like like like like like like like","1","2025-10-11T19:23:04Z","2025-10-11T19:23:04Z","True","True","1","1","[{'autor': '@AsAventuraDeAdrianoRJ', 'comentario': 'Nossa, que honra e que prazer ler essa sua mensagem! Fico muito feliz que você tenha compartilhado essa sua história de Realengo — desde o Colégio Realengo e a Av. Santa Cruz, até sua vida em Perdizes/SP. É muito especial saber que a gente consegue conectar pessoas que têm essa mesma origem. Um grande abraço e sucesso em São Paulo!', 'likes': 0, 'publicado_em': '2025-10-12T21:44:18Z'}]","3RttZ5ydhX8","BAIRRO DE REALENGO  FIZ UMA CAMINHADA. PARA CONHECER","3","Mais curtidos"
"@marciojosemarquesnoronha3379","UCNJG-_bbctjstPmzCiwqsNQ","http://www.youtube.com/@marciojosemarquesnoronha3379","Frequentei muito a Lachonete FRANGO ASSADO DE REALENGO  que fica em frente  a Praça de Realengo  ( Igreja de Realengo ) ....Hoje é Drogaria Mundial no Lugar da Lanchonete .....A Lanchonete fechou por causa causa da Maldita  Pandemia  da Covid  !","1","2025-10-11T19:30:10Z","2025-10-11T19:30:10Z","True","True","1","1","[{'autor': '@AsAventuraDeAdrianoRJ', 'comentario': '\u200b""Que lindo seu comentário, Marcio! Muita gratidão por ter frequentado a Lanchonete e ter guardado essa lembrança. O Frango Assado era realmente especial. A pandemia nos tirou de lá, mas as memórias de clientes como você ficam para sempre! Um grande abraço!""\n\u200b', 'likes': 0, 'publicado_em': '2025-10-12T21:45:52Z'}]","3RttZ5ydhX8","BAIRRO DE REALENGO  FIZ UMA CAMINHADA. PARA CONHECER","3","Mais curtidos"
"@chocolateroxy1","UC0a2YSpMOLF6SIGxVbjnr2Q","http://www.youtube.com/@chocolateroxy1","Alguem me da um help? To vendo apartamento, e o lado de realengo ao contrario do bangu shopping é bom? Rua Helio do Amaral???","1","2025-10-31T21:55:18Z","2025-10-31T21:55:18Z","True","True","1","1","[{'autor': '@AsAventuraDeAdrianoRJ', 'comentario': '\u200b""Oi, @chocolateroxy1! Muito obrigado por interagir e deixar seu comentário aqui no canal! Espero que você consiga as informações que precisa sobre a Rua Hélio do Amaral e Realengo. Volte sempre!. Um forte abraço.', 'likes': 0, 'publicado_em': '2025-11-02T20:14:19Z'}]","3RttZ5ydhX8","BAIRRO DE REALENGO  FIZ UMA CAMINHADA. PARA CONHECER","3","Mais curtidos"
"@MdiasEstacionamento-ly2eu","UC4rAxNmv4Y1K-p_CMyfGDHw","http://www.youtube.com/@MdiasEstacionamento-ly2eu","Realengo é melhor que Pavuna.","1","2025-08-03T01:50:15Z","2025-08-03T01:50:15Z","True","True","1","1","[{'autor': '@AsAventuraDeAdrianoRJ', 'comentario': 'E concordo. Abraços a', 'likes': 0, 'publicado_em': '2025-08-04T03:31:23Z'}]","3RttZ5ydhX8","BAIRRO DE REALENGO  FIZ UMA CAMINHADA. PARA CONHECER","3","Mais curtidos"
"@AntonioRaymundo-od7nv","UCIZyfPwbz32mk-4PrJ_xWxA","http://www.youtube.com/@AntonioRaymundo-od7nv","Uma área chamada de coletivo, existe em realengo?","0","2025-11-10T11:47:59Z","2025-11-10T11:47:59Z","True","True","2","2","[{'autor': '@AsAventuraDeAdrianoRJ', 'comentario': 'Olá! Agradeço a pergunta. Realengo é um bairro bem grande e diversificado, mas não tenho informação sobre uma área específica chamada ""coletivo"" lá.', 'likes': 0, 'publicado_em': '2025-11-10T21:19:35Z'}, {'autor': '@AsAventuraDeAdrianoRJ', 'comentario': 'SEU ANTÔNIO. TEM  COMO  ME EXPLICAR. SOBRE ÁREA COLETIVA.?', 'likes': 0, 'publicado_em': '2025-11-11T02:45:15Z'}]","3RttZ5ydhX8","BAIRRO DE REALENGO  FIZ UMA CAMINHADA. PARA CONHECER","3","Mais curtidos"
"@marciojosemarquesnoronha3379","UCNJG-_bbctjstPmzCiwqsNQ","http://www.youtube.com/@marciojosemarquesnoronha3379","Sou Cria de Realengo....morei muito anos em Realengo na Av. Santa Cruz  ( Entre Rua Dr Lessa  e  Av. Marechal Soares de Andréa  próximo Supermercado Guanabara  e Drogaria Pacheco  ) Estudei no Colégio Realengo  ....e hoje moro em São Paulo ( Bairro Perdizes  há  8 anos  !!!   Like like like like like like like like like like like like like like like like like like like like like like like like like like like like like like like like like like like like like like like like like like like like like like like like like like like like like like like like like like like like like like like like like like like like like like like like like like like like like like like like like like like like like like like like like like like like like like like like like like like like like like like like like like like like like like like like like like like like like like like like like like like like","1","2025-10-11T19:23:04Z","2025-10-11T19:23:04Z","True","True","1","1","[{'autor': '@AsAventuraDeAdrianoRJ', 'comentario': 'Nossa, que honra e que prazer ler essa sua mensagem! Fico muito feliz que você tenha compartilhado essa sua história de Realengo — desde o Colégio Realengo e a Av. Santa Cruz, até sua vida em Perdizes/SP. É muito especial saber que a gente consegue conectar pessoas que têm essa mesma origem. Um grande abraço e sucesso em São Paulo!', 'likes': 0, 'publicado_em': '2025-10-12T21:44:18Z'}]","3RttZ5ydhX8","BAIRRO DE REALENGO  FIZ UMA CAMINHADA. PARA CONHECER","4","Mais longos"
"@marciojosemarquesnoronha3379","UCNJG-_bbctjstPmzCiwqsNQ","http://www.youtube.com/@marciojosemarquesnoronha3379","Frequentei muito a Lachonete FRANGO ASSADO DE REALENGO  que fica em frente  a Praça de Realengo  ( Igreja de Realengo ) ....Hoje é Drogaria Mundial no Lugar da Lanchonete .....A Lanchonete fechou por causa causa da Maldita  Pandemia  da Covid  !","1","2025-10-11T19:30:10Z","2025-10-11T19:30:10Z","True","True","1","1","[{'autor': '@AsAventuraDeAdrianoRJ', 'comentario': '\u200b""Que lindo seu comentário, Marcio! Muita gratidão por ter frequentado a Lanchonete e ter guardado essa lembrança. O Frango Assado era realmente especial. A pandemia nos tirou de lá, mas as memórias de clientes como você ficam para sempre! Um grande abraço!""\n\u200b', 'likes': 0, 'publicado_em': '2025-10-12T21:45:52Z'}]","3RttZ5ydhX8","BAIRRO DE REALENGO  FIZ UMA CAMINHADA. PARA CONHECER","4","Mais longos"
"@chocolateroxy1","UC0a2YSpMOLF6SIGxVbjnr2Q","http://www.youtube.com/@chocolateroxy1","Alguem me da um help? To vendo apartamento, e o lado de realengo ao contrario do bangu shopping é bom? Rua Helio do Amaral???","1","2025-10-31T21:55:18Z","2025-10-31T21:55:18Z","True","True","1","1","[{'autor': '@AsAventuraDeAdrianoRJ', 'comentario': '\u200b""Oi, @chocolateroxy1! Muito obrigado por interagir e deixar seu comentário aqui no canal! Espero que você consiga as informações que precisa sobre a Rua Hélio do Amaral e Realengo. Volte sempre!. Um forte abraço.', 'likes': 0, 'publicado_em': '2025-11-02T20:14:19Z'}]","3RttZ5ydhX8","BAIRRO DE REALENGO  FIZ UMA CAMINHADA. PARA CONHECER","4","Mais longos"
"@AntonioRaymundo-od7nv","UCIZyfPwbz32mk-4PrJ_xWxA","http://www.youtube.com/@AntonioRaymundo-od7nv","Uma área chamada de coletivo, existe em realengo?","0","2025-11-10T11:47:59Z","2025-11-10T11:47:59Z","True","True","2","2","[{'autor': '@AsAventuraDeAdrianoRJ', 'comentario': 'Olá! Agradeço a pergunta. Realengo é um bairro bem grande e diversificado, mas não tenho informação sobre uma área específica chamada ""coletivo"" lá.', 'likes': 0, 'publicado_em': '2025-11-10T21:19:35Z'}, {'autor': '@AsAventuraDeAdrianoRJ', 'comentario': 'SEU ANTÔNIO. TEM  COMO  ME EXPLICAR. SOBRE ÁREA COLETIVA.?', 'likes': 0, 'publicado_em': '2025-11-11T02:45:15Z'}]","3RttZ5ydhX8","BAIRRO DE REALENGO  FIZ UMA CAMINHADA. PARA CONHECER","4","Mais longos"
"@elizabethmagalhaes6628","UCwj_xpWAVfK700I2v9QxSPg","http://www.youtube.com/@elizabethmagalhaes6628","Aí faz muito calor,  igual Bangu ??","2","2025-04-09T22:13:02Z","2025-04-09T22:13:02Z","True","True","2","2","[{'autor': '@AsAventuraDeAdrianoRJ', 'comentario': 'Olá tudo bem. Sim é muito. Calor tem dias .que eu não aguento de tanto calor', 'likes': 0, 'publicado_em': '2025-04-10T23:27:32Z'}, {'autor': '@AsAventuraDeAdrianoRJ', 'comentario': 'Olá Elizabeth .fico muito feliz por ter gostado. 🙋\u200d♂️ um abraço', 'likes': 1, 'publicado_em': '2025-04-10T23:30:27Z'}]","3RttZ5ydhX8","BAIRRO DE REALENGO  FIZ UMA CAMINHADA. PARA CONHECER","4","Mais longos"
"@MdiasEstacionamento-ly2eu","UC4rAxNmv4Y1K-p_CMyfGDHw","http://www.youtube.com/@MdiasEstacionamento-ly2eu","Realengo é melhor que Pavuna.","1","2025-08-03T01:50:15Z","2025-08-03T01:50:15Z","True","True","1","1","[{'autor': '@AsAventuraDeAdrianoRJ', 'comentario': 'E concordo. Abraços a', 'likes': 0, 'publicado_em': '2025-08-04T03:31:23Z'}]","3RttZ5ydhX8","BAIRRO DE REALENGO  FIZ UMA CAMINHADA. PARA CONHECER","4","Mais longos"
"@MdiasEstacionamento-ly2eu","UC4rAxNmv4Y1K-p_CMyfGDHw","http://www.youtube.com/@MdiasEstacionamento-ly2eu","Moro aqui, gosto do bairro.","1","2025-08-03T01:49:40Z","2025-08-03T01:49:40Z","True","True","1","1","[{'autor': '@AsAventuraDeAdrianoRJ', 'comentario': 'Olá que legal. O bairro de Realengo  é bom', 'likes': 0, 'publicado_em': '2025-08-04T03:30:55Z'}]","3RttZ5ydhX8","BAIRRO DE REALENGO  FIZ UMA CAMINHADA. PARA CONHECER","4","Mais longos"
"@MariaAparecida-j8n5p","UCrvc2sqNfnJYN_2OSJuSvxg","http://www.youtube.com/@MariaAparecida-j8n5p","Muito bom Realengo❤","2","2025-04-02T19:13:58Z","2025-04-02T19:13:58Z","True","True","0","0","[]","3RttZ5ydhX8","BAIRRO DE REALENGO  FIZ UMA CAMINHADA. PARA CONHECER","4","Mais longos"
"@individual178","UCCrk5SO-xDm73v0P5CRdCsg","http://www.youtube.com/@individual178","🗣 ""Primeiramente deverão saber que os impuros não poderão me tocar sem usar luvas. Somente os castos ou os que perderam suas castidades após o casamento e não se envolveram em adultério poderão me tocar sem usar luvas. Ou seja, nenhum fornicador ou adultero poderá ter contato direto comigo."" 

Belas palavras Wellington. 👏🏽","4","2025-10-20T00:10:30Z","2025-10-20T00:14:09Z","True","True","1","1","[{'autor': '@NaCenaDoCrime_', 'comentario': 'Obrigado por assistir!', 'likes': 1, 'publicado_em': '2025-10-20T17:10:39Z'}]","2ratPeu4BZc","Massacre do Realengo : A Motivação Inesperada por Trás da Tragédia!","1","Mais novos"
"@RickySatan","UCmx6Lx6lD6n2Yfwyvad_5jg","http://www.youtube.com/@RickySatan","Grande mestre nunca vai ser esquecido","1","2025-09-21T03:50:59Z","2025-09-21T03:50:59Z","True","True","1","1","[{'autor': '@NaCenaDoCrime_', 'comentario': 'Ricky, obrigado por assistir e deixar seu comentário!', 'likes': 0, 'publicado_em': '2025-09-22T16:32:18Z'}]","2ratPeu4BZc","Massacre do Realengo : A Motivação Inesperada por Trás da Tragédia!","1","Mais novos"
"@RickySatan","UCmx6Lx6lD6n2Yfwyvad_5jg","http://www.youtube.com/@RickySatan","Meu mestre nunca vai ser esquecido","1","2025-09-21T03:42:11Z","2025-09-21T03:42:11Z","True","True","0","0","[]","2ratPeu4BZc","Massacre do Realengo : A Motivação Inesperada por Trás da Tragédia!","1","Mais novos"
"@ResenhaTopcine","UCwSzasi_YfSNnKCrVBEqTIA","http://www.youtube.com/@ResenhaTopcine","A verdade que o brasileiro ignora se tivesse segurança armada casos como esse não ocorreriam","4","2025-09-07T17:26:10Z","2025-09-07T17:26:10Z","True","True","1","1","[{'autor': '@NaCenaDoCrime_', 'comentario': 'Obrigado pelo comentário!', 'likes': 0, 'publicado_em': '2025-09-08T20:40:38Z'}]","2ratPeu4BZc","Massacre do Realengo : A Motivação Inesperada por Trás da Tragédia!","1","Mais novos"
"@lilianreis556","UCfCEK-p2_DeSsvHBMcKwklQ","http://www.youtube.com/@lilianreis556","Isso mostra também o quanto negligenciamos a questão da saúde mental...","14","2025-05-19T15:27:54Z","2025-05-19T15:27:54Z","True","True","2","2","[{'autor': '@NaCenaDoCrime_', 'comentario': 'Lilian, obrigado por assistir!', 'likes': 2, 'publicado_em': '2025-05-19T15:52:35Z'}, {'autor': '@Kaylane928', 'comentario': 'Realmente', 'likes': 0, 'publicado_em': '2025-07-06T23:44:26Z'}]","2ratPeu4BZc","Massacre do Realengo : A Motivação Inesperada por Trás da Tragédia!","1","Mais novos"
"@Chris-p4f5v","UCwFZgjSjP0EXL-Gh6wlZUTg","http://www.youtube.com/@Chris-p4f5v","Eu moro em Realengo, e voto neste colégio.
É triste em todas as eleições, quando entro no colégio, me vem este episódio na mente. 😢","9","2025-05-10T02:02:41Z","2025-05-10T02:05:32Z","True","True","3","3","[{'autor': '@NaCenaDoCrime_', 'comentario': 'Chris, triste acontecimento mesmo.', 'likes': 1, 'publicado_em': '2025-05-12T11:41:30Z'}, {'autor': '@MorenaJambo30', 'comentario': 'Misericórdia', 'likes': 1, 'publicado_em': '2025-09-02T18:50:28Z'}, {'autor': '@genischena7385', 'comentario': 'Nossa Cris q lembrança triste', 'likes': 0, 'publicado_em': '2025-11-07T20:49:57Z'}]","2ratPeu4BZc","Massacre do Realengo : A Motivação Inesperada por Trás da Tragédia!","1","Mais novos"
"@vadenbergsantos1339","UCLZUX0BoelPB7oYNX5c1dkw","http://www.youtube.com/@vadenbergsantos1339","Resumindo, independente se o seu filho tem algum problema ou não, cuide dele (dê educação) para que ele não faça mal ao colega próximo, e ficará tudo bem.","40","2025-04-13T23:14:26Z","2025-04-13T23:14:26Z","True","True","2","2","[{'autor': '@NaCenaDoCrime_', 'comentario': 'Vanderbeg, obrigado pelo seu comentário!', 'likes': 2, 'publicado_em': '2025-04-14T13:53:23Z'}, {'autor': '@WilliamGomesdeoliveira-rp5kf', 'comentario': 'Verdade mano na escola ta  apenas para  aprende   mais  educação vem de casa', 'likes': 1, 'publicado_em': '2025-06-20T04:06:11Z'}]","2ratPeu4BZc","Massacre do Realengo : A Motivação Inesperada por Trás da Tragédia!","1","Mais novos"
"@tanianeves5523","UCSqkYArf2G5IrjbbFO74NiQ","http://www.youtube.com/@tanianeves5523","Oos pais ensinarem os filhos a respeitar o proximo, tambem e fundamental","11","2025-04-11T23:03:17Z","2025-04-11T23:03:17Z","True","True","1","1","[{'autor': '@NaCenaDoCrime_', 'comentario': 'Tânia, obrigado por assistir e deixar seu comentário!', 'likes': 0, 'publicado_em': '2025-04-14T12:05:53Z'}]","2ratPeu4BZc","Massacre do Realengo : A Motivação Inesperada por Trás da Tragédia!","1","Mais novos"
"@vanderlucio.14","UC8GSyFxGCnDG8YJbLGY5C_g","http://www.youtube.com/@vanderlucio.14","Se todas as pessoas que foram ofendidas, humilhadas, que sofrem bullying for fazer vinganças com as próprias mãos não vai sobrar ninguém na terra.","117","2025-04-11T19:36:15Z","2025-04-11T19:36:15Z","True","True","13","5","[{'autor': '@NaCenaDoCrime_', 'comentario': 'Vanderlucio, obrigado por assistir e deixar seu comentário!', 'likes': 5, 'publicado_em': '2025-04-11T20:06:19Z'}, {'autor': '@kbludohendrix', 'comentario': 'O pior é que isso não foi vingança. Ele só descontou em gente mais fraca que ele. Vingança seria ele ir atrás de quem mexeu com ele.', 'likes': 35, 'publicado_em': '2025-04-16T10:32:52Z'}, {'autor': '@vanderlucio.14', 'comentario': '@kbludohendrix e exatamente, talvez quem fez ele ficar a sim desanimado da vida não sentiu nada, ele fez crueldade com pessoas que não fez nada para ele, talvez pensando que fazer isso iria atingir a sociedade.', 'likes': 10, 'publicado_em': '2025-04-16T11:14:31Z'}, {'autor': '@stevemarllon1546', 'comentario': 'E o mais bizarro desse caso é  que as crianças  que foram mortas por ele, nem o conheciam de verdade,  quem o humilhou e praticou bulling com ele foram outras pessoas (que já eram no caso adultos como ele) simplesmente ele descontou a raiva em quem não tinha nada a ver.', 'likes': 11, 'publicado_em': '2025-04-16T19:49:16Z'}, {'autor': '@Vgyw-k8n', 'comentario': 'É terrível o Ilanismo São suicida e Covardes . Fujam desta Falsa Religião.  E Si Entregue au Deus Que Vive é Reina Para Sempe E Seu Filho Jesus Que É a Palavra A Verdade é a Vida Eterna', 'likes': 1, 'publicado_em': '2025-05-11T03:21:38Z'}]","2ratPeu4BZc","Massacre do Realengo : A Motivação Inesperada por Trás da Tragédia!","1","Mais novos"
"@adrianabarrosoferreira707","UCviBZgDinZpDJ2ZtJlBJxYw","http://www.youtube.com/@adrianabarrosoferreira707","""falsas e desleais""descreveu exatamente o tipo de pessoas! que estão habilitando no mundo hoje.","6","2025-04-11T10:08:29Z","2025-04-11T10:08:29Z","True","True","1","1","[{'autor': '@NaCenaDoCrime_', 'comentario': 'Adriana, obrigado pelo seu comentário!', 'likes': 0, 'publicado_em': '2025-04-11T12:14:11Z'}]","2ratPeu4BZc","Massacre do Realengo : A Motivação Inesperada por Trás da Tragédia!","1","Mais novos"
"@yuribento6532","UCOM7aOPHwM2lgL3-5vcfZIw","http://www.youtube.com/@yuribento6532","Eu conhecia o ygor o menino que morreu jogava bola cmg isso foi uma comoção até hj moro perto do colégio","44","2025-04-10T14:44:00Z","2025-04-10T14:44:00Z","True","True","4","4","[{'autor': '@NaCenaDoCrime_', 'comentario': 'Yuri, posso imaginar a tristeza! 😢', 'likes': 6, 'publicado_em': '2025-04-10T14:48:50Z'}, {'autor': '@EliezerBastosSantana', 'comentario': 'Já foi tarde !!', 'likes': 0, 'publicado_em': '2025-09-08T15:58:49Z'}, {'autor': '@yuribento6532', 'comentario': '\u200b@EliezerBastosSantana creio que vc está falando do assassino né??', 'likes': 0, 'publicado_em': '2025-09-08T16:42:12Z'}, {'autor': '@ZanellaCriaNaVoz', 'comentario': '\u200b@yuribento6532Das Crianças', 'likes': 0, 'publicado_em': '2025-10-11T06:47:15Z'}]","2ratPeu4BZc","Massacre do Realengo : A Motivação Inesperada por Trás da Tragédia!","1","Mais novos"
"@Emerson.carreiro07","UCMBxnaEjF1u-dSepeFhMzAA","http://www.youtube.com/@Emerson.carreiro07","Falava tanto de covardia , q foi um grande covarde , indo em escola atacando crianças .","28","2025-04-10T14:04:38Z","2025-04-10T14:04:38Z","True","True","3","3","[{'autor': '@NaCenaDoCrime_', 'comentario': 'Bernardo, obrigado por assistir!', 'likes': 3, 'publicado_em': '2025-04-10T14:08:00Z'}, {'autor': '@SamSilva-x2b', 'comentario': 'E ele se vingou de quem não fez bullying com ele , fez com quem não tinha nada haver, a', 'likes': 2, 'publicado_em': '2025-10-02T23:27:18Z'}, {'autor': '@ZanellaCriaNaVoz', 'comentario': '\u200b@SamSilva-x2bFez Oque Fizeram Bullying Com Ele Covardia', 'likes': 0, 'publicado_em': '2025-10-11T06:47:36Z'}]","2ratPeu4BZc","Massacre do Realengo : A Motivação Inesperada por Trás da Tragédia!","1","Mais novos"
"@stelladelucca6712","UCIpDX5L598k_yucFyGDa_zA","http://www.youtube.com/@stelladelucca6712","Infelizmente a grande maioria das escolas são vulneráveis a esse tipo de entrada. Principalmente as públicas","45","2025-04-10T12:45:08Z","2025-04-10T12:45:08Z","True","True","3","3","[{'autor': '@NaCenaDoCrime_', 'comentario': 'Stella, obrigado por assistir e deixar seu comentário!', 'likes': 4, 'publicado_em': '2025-04-10T12:47:27Z'}, {'autor': '@WilliamGomesdeoliveira-rp5kf', 'comentario': 'Se fosse um  país   sério     teria uma lei  pra escolas do país inteiro  tanto buplica ou particulares do país inteiro a ter  detectores de metal na entrada ..a coteceu mas  de la pra ca nada mudou', 'likes': 1, 'publicado_em': '2025-06-20T04:13:28Z'}, {'autor': '@EliezerBastosSantana', 'comentario': 'Tu gosta de criminoso', 'likes': 0, 'publicado_em': '2025-09-08T15:59:48Z'}]","2ratPeu4BZc","Massacre do Realengo : A Motivação Inesperada por Trás da Tragédia!","1","Mais novos"
"@João_Mello1997","UCNpKg_f5ANZTyMXUBPnTiHg","http://www.youtube.com/@Jo%C3%A3o_Mello1997","Foi marcante , um dos maiores atentados do país, impactou demais o país , e um caso muito triste pelas vidas perdidas.","10","2025-04-10T05:01:43Z","2025-04-10T05:01:43Z","True","True","1","1","[{'autor': '@NaCenaDoCrime_', 'comentario': 'Mello, triste demais 😢', 'likes': 0, 'publicado_em': '2025-04-10T12:17:09Z'}]","2ratPeu4BZc","Massacre do Realengo : A Motivação Inesperada por Trás da Tragédia!","1","Mais novos"
"@VanessaRafaelaMata","UCZOaBRKfVGs-pCGL9v0r3pg","http://www.youtube.com/@VanessaRafaelaMata","Nunca esqueci dessa tragédia, foi muito triste tudo que aconteceu misericórdia 😢😢😢😢😢😢😢😢😢","14","2025-04-08T17:13:29Z","2025-04-08T17:13:29Z","True","True","1","1","[{'autor': '@NaCenaDoCrime_', 'comentario': 'Vanessa, obrigado pelo seu comentário!', 'likes': 1, 'publicado_em': '2025-04-08T17:20:16Z'}]","2ratPeu4BZc","Massacre do Realengo : A Motivação Inesperada por Trás da Tragédia!","1","Mais novos"
"@joalmeida750","UC7d7i26iwrkMM0qgm3nQg8Q","http://www.youtube.com/@joalmeida750","esse caso mexe mto comigo, sobretudo hj q tenho um filho.. peço a Deus todos os dias q proteja ele e seus colegas de tamanha crueldade...eu não tenho pena desse cara pq não foi homem nem na hora de assumir pq tirou a própria vida não há maior covardia q essa.. Lordelo vc é ótimo aprendemos mto c vc ❤","25","2025-04-08T12:56:50Z","2025-04-08T12:56:50Z","True","True","3","3","[{'autor': '@NaCenaDoCrime_', 'comentario': 'Jo é um caso muito chocante. Obrigado por assistir e pelo carinho ❤️', 'likes': 4, 'publicado_em': '2025-04-08T13:11:51Z'}, {'autor': '@dianavieiradiana5490', 'comentario': 'Era um corvarde!!! Oras se fosse regra, todo humilhado seria um bandido assasssino!!! Nada justifica a maldade desse sujeito!!!', 'likes': 3, 'publicado_em': '2025-04-18T16:25:16Z'}, {'autor': '@rafaelcorreia6292', 'comentario': 'Que covarde criatura \u200b@dianavieiradiana5490', 'likes': 1, 'publicado_em': '2025-04-20T23:13:25Z'}]","2ratPeu4BZc","Massacre do Realengo : A Motivação Inesperada por Trás da Tragédia!","1","Mais novos"
"@geovanecosta8595","UClFRQQCN559HcuMM0DYMPlw","http://www.youtube.com/@geovanecosta8595","Fui vizinho dele. Ele era calmo adorava gatos e cachorros só dava bom dia e boa noite. Não dá pra entender a mente humana","70","2025-04-08T11:12:37Z","2025-04-08T11:12:37Z","True","True","12","5","[{'autor': '@NaCenaDoCrime_', 'comentario': 'Geovane, temos que desconfiar de todos  e viver em sinal de alerta!', 'likes': 21, 'publicado_em': '2025-04-08T12:32:30Z'}, {'autor': '@geovanecosta8595', 'comentario': 'Verdade \u200b@NaCenaDoCrime_', 'likes': 6, 'publicado_em': '2025-04-08T12:38:32Z'}, {'autor': '@rafaelcorreia6292', 'comentario': 'Conta outra seu ser insignificante e muito fácil conta uma narrativa e todos acreditarem se orienta mane\u200b@anonimo_production', 'likes': 1, 'publicado_em': '2025-04-21T00:02:10Z'}, {'autor': '@Lanpenn', 'comentario': '😨', 'likes': 2, 'publicado_em': '2025-05-03T23:09:04Z'}, {'autor': '@tonyclass27', 'comentario': 'Tu morava em qual bairro', 'likes': 1, 'publicado_em': '2025-06-09T07:08:52Z'}]","2ratPeu4BZc","Massacre do Realengo : A Motivação Inesperada por Trás da Tragédia!","1","Mais novos"
"@mcpagano1963","UCy2mjKxr8NBl7rE6P1svauA","http://www.youtube.com/@mcpagano1963","Exatamente hoje, 7 de Abril de 2025, está fazendo 14anos dessa triste tragédia!!!!😢","58","2025-04-08T01:20:00Z","2025-04-08T01:20:00Z","True","True","6","5","[{'autor': '@NaCenaDoCrime_', 'comentario': '😞', 'likes': 4, 'publicado_em': '2025-04-08T01:32:41Z'}, {'autor': '@carolstephanny80', 'comentario': 'No dia do meu aniversário 😢', 'likes': 5, 'publicado_em': '2025-04-08T06:23:06Z'}, {'autor': '@MarileneSantosCruz-j7g', 'comentario': 'Feliz aniversário,\u200b@carolstephanny80', 'likes': 1, 'publicado_em': '2025-04-09T11:58:46Z'}, {'autor': '@luanastefanie3317', 'comentario': 'É aqui na rua a Tasso da Silveira escola', 'likes': 4, 'publicado_em': '2025-04-10T11:24:20Z'}, {'autor': '@beatricepenido7899', 'comentario': 'Já sabemos \u200b@luanastefanie3317', 'likes': 0, 'publicado_em': '2025-07-04T05:46:21Z'}]","2ratPeu4BZc","Massacre do Realengo : A Motivação Inesperada por Trás da Tragédia!","1","Mais novos"
"@leticiadesousap","UC5gPO88diaLoFn9f0xDQM_g","http://www.youtube.com/@leticiadesousap","Esse caso só nos mostra o quanto é vulnerável a segurança nas escolas, com a morte do autor impossibilitou a responsabilização do mesmo. 
Esse massacre serviu como alerta para diversas questões na qual o Estado deve tomar medidas de prevenções de segurança em escolas, e medidas de prevenções ao bullying.

Ótimo vídeo, parabéns ao canal!","35","2025-04-08T00:30:25Z","2025-04-08T00:32:14Z","True","True","3","3","[{'autor': '@NaCenaDoCrime_', 'comentario': 'Realmente Letícia! Obrigado pelo comentário cirúrgico e pelo elogio 😊', 'likes': 3, 'publicado_em': '2025-04-08T01:12:47Z'}, {'autor': '@eusoubrilhante', 'comentario': 'Ms ñ de preocupe, que no quinto dos infernos ele já está pagando tudo à vista com altíssimos juros!!!', 'likes': 1, 'publicado_em': '2025-04-08T01:43:43Z'}, {'autor': '@dianavieiradiana5490', 'comentario': 'Cara Letícia, a segurança nas escolas nunca passou de uma ilusão!!!', 'likes': 1, 'publicado_em': '2025-04-18T16:18:44Z'}]","2ratPeu4BZc","Massacre do Realengo : A Motivação Inesperada por Trás da Tragédia!","1","Mais novos"
"@rrobamatt","UCPeBr07737yZBpcjY7TmRCA","http://www.youtube.com/@rrobamatt","Esse caso foi terrível. 

Ótimo vídeo, Lordello!","18","2025-04-07T22:21:03Z","2025-04-07T22:21:03Z","True","True","1","1","[{'autor': '@NaCenaDoCrime_', 'comentario': 'Obrigado amigo 😊', 'likes': 2, 'publicado_em': '2025-04-07T23:24:21Z'}]","2ratPeu4BZc","Massacre do Realengo : A Motivação Inesperada por Trás da Tragédia!","1","Mais novos"
"@rrobamatt","UCPeBr07737yZBpcjY7TmRCA","http://www.youtube.com/@rrobamatt","Esse caso foi terrível. 

Ótimo vídeo, Lordello!","18","2025-04-07T22:21:03Z","2025-04-07T22:21:03Z","True","True","1","1","[{'autor': '@NaCenaDoCrime_', 'comentario': 'Obrigado amigo 😊', 'likes': 2, 'publicado_em': '2025-04-07T23:24:21Z'}]","2ratPeu4BZc","Massacre do Realengo : A Motivação Inesperada por Trás da Tragédia!","2","Mais antigos"
"@leticiadesousap","UC5gPO88diaLoFn9f0xDQM_g","http://www.youtube.com/@leticiadesousap","Esse caso só nos mostra o quanto é vulnerável a segurança nas escolas, com a morte do autor impossibilitou a responsabilização do mesmo. 
Esse massacre serviu como alerta para diversas questões na qual o Estado deve tomar medidas de prevenções de segurança em escolas, e medidas de prevenções ao bullying.

Ótimo vídeo, parabéns ao canal!","35","2025-04-08T00:30:25Z","2025-04-08T00:32:14Z","True","True","3","3","[{'autor': '@NaCenaDoCrime_', 'comentario': 'Realmente Letícia! Obrigado pelo comentário cirúrgico e pelo elogio 😊', 'likes': 3, 'publicado_em': '2025-04-08T01:12:47Z'}, {'autor': '@eusoubrilhante', 'comentario': 'Ms ñ de preocupe, que no quinto dos infernos ele já está pagando tudo à vista com altíssimos juros!!!', 'likes': 1, 'publicado_em': '2025-04-08T01:43:43Z'}, {'autor': '@dianavieiradiana5490', 'comentario': 'Cara Letícia, a segurança nas escolas nunca passou de uma ilusão!!!', 'likes': 1, 'publicado_em': '2025-04-18T16:18:44Z'}]","2ratPeu4BZc","Massacre do Realengo : A Motivação Inesperada por Trás da Tragédia!","2","Mais antigos"
"@mcpagano1963","UCy2mjKxr8NBl7rE6P1svauA","http://www.youtube.com/@mcpagano1963","Exatamente hoje, 7 de Abril de 2025, está fazendo 14anos dessa triste tragédia!!!!😢","58","2025-04-08T01:20:00Z","2025-04-08T01:20:00Z","True","True","6","5","[{'autor': '@NaCenaDoCrime_', 'comentario': '😞', 'likes': 4, 'publicado_em': '2025-04-08T01:32:41Z'}, {'autor': '@carolstephanny80', 'comentario': 'No dia do meu aniversário 😢', 'likes': 5, 'publicado_em': '2025-04-08T06:23:06Z'}, {'autor': '@MarileneSantosCruz-j7g', 'comentario': 'Feliz aniversário,\u200b@carolstephanny80', 'likes': 1, 'publicado_em': '2025-04-09T11:58:46Z'}, {'autor': '@luanastefanie3317', 'comentario': 'É aqui na rua a Tasso da Silveira escola', 'likes': 4, 'publicado_em': '2025-04-10T11:24:20Z'}, {'autor': '@beatricepenido7899', 'comentario': 'Já sabemos \u200b@luanastefanie3317', 'likes': 0, 'publicado_em': '2025-07-04T05:46:21Z'}]","2ratPeu4BZc","Massacre do Realengo : A Motivação Inesperada por Trás da Tragédia!","2","Mais antigos"
"@geovanecosta8595","UClFRQQCN559HcuMM0DYMPlw","http://www.youtube.com/@geovanecosta8595","Fui vizinho dele. Ele era calmo adorava gatos e cachorros só dava bom dia e boa noite. Não dá pra entender a mente humana","70","2025-04-08T11:12:37Z","2025-04-08T11:12:37Z","True","True","12","5","[{'autor': '@NaCenaDoCrime_', 'comentario': 'Geovane, temos que desconfiar de todos  e viver em sinal de alerta!', 'likes': 21, 'publicado_em': '2025-04-08T12:32:30Z'}, {'autor': '@geovanecosta8595', 'comentario': 'Verdade \u200b@NaCenaDoCrime_', 'likes': 6, 'publicado_em': '2025-04-08T12:38:32Z'}, {'autor': '@rafaelcorreia6292', 'comentario': 'Conta outra seu ser insignificante e muito fácil conta uma narrativa e todos acreditarem se orienta mane\u200b@anonimo_production', 'likes': 1, 'publicado_em': '2025-04-21T00:02:10Z'}, {'autor': '@Lanpenn', 'comentario': '😨', 'likes': 2, 'publicado_em': '2025-05-03T23:09:04Z'}, {'autor': '@tonyclass27', 'comentario': 'Tu morava em qual bairro', 'likes': 1, 'publicado_em': '2025-06-09T07:08:52Z'}]","2ratPeu4BZc","Massacre do Realengo : A Motivação Inesperada por Trás da Tragédia!","2","Mais antigos"
"@joalmeida750","UC7d7i26iwrkMM0qgm3nQg8Q","http://www.youtube.com/@joalmeida750","esse caso mexe mto comigo, sobretudo hj q tenho um filho.. peço a Deus todos os dias q proteja ele e seus colegas de tamanha crueldade...eu não tenho pena desse cara pq não foi homem nem na hora de assumir pq tirou a própria vida não há maior covardia q essa.. Lordelo vc é ótimo aprendemos mto c vc ❤","25","2025-04-08T12:56:50Z","2025-04-08T12:56:50Z","True","True","3","3","[{'autor': '@NaCenaDoCrime_', 'comentario': 'Jo é um caso muito chocante. Obrigado por assistir e pelo carinho ❤️', 'likes': 4, 'publicado_em': '2025-04-08T13:11:51Z'}, {'autor': '@dianavieiradiana5490', 'comentario': 'Era um corvarde!!! Oras se fosse regra, todo humilhado seria um bandido assasssino!!! Nada justifica a maldade desse sujeito!!!', 'likes': 3, 'publicado_em': '2025-04-18T16:25:16Z'}, {'autor': '@rafaelcorreia6292', 'comentario': 'Que covarde criatura \u200b@dianavieiradiana5490', 'likes': 1, 'publicado_em': '2025-04-20T23:13:25Z'}]","2ratPeu4BZc","Massacre do Realengo : A Motivação Inesperada por Trás da Tragédia!","2","Mais antigos"
"@VanessaRafaelaMata","UCZOaBRKfVGs-pCGL9v0r3pg","http://www.youtube.com/@VanessaRafaelaMata","Nunca esqueci dessa tragédia, foi muito triste tudo que aconteceu misericórdia 😢😢😢😢😢😢😢😢😢","14","2025-04-08T17:13:29Z","2025-04-08T17:13:29Z","True","True","1","1","[{'autor': '@NaCenaDoCrime_', 'comentario': 'Vanessa, obrigado pelo seu comentário!', 'likes': 1, 'publicado_em': '2025-04-08T17:20:16Z'}]","2ratPeu4BZc","Massacre do Realengo : A Motivação Inesperada por Trás da Tragédia!","2","Mais antigos"
"@João_Mello1997","UCNpKg_f5ANZTyMXUBPnTiHg","http://www.youtube.com/@Jo%C3%A3o_Mello1997","Foi marcante , um dos maiores atentados do país, impactou demais o país , e um caso muito triste pelas vidas perdidas.","10","2025-04-10T05:01:43Z","2025-04-10T05:01:43Z","True","True","1","1","[{'autor': '@NaCenaDoCrime_', 'comentario': 'Mello, triste demais 😢', 'likes': 0, 'publicado_em': '2025-04-10T12:17:09Z'}]","2ratPeu4BZc","Massacre do Realengo : A Motivação Inesperada por Trás da Tragédia!","2","Mais antigos"
"@stelladelucca6712","UCIpDX5L598k_yucFyGDa_zA","http://www.youtube.com/@stelladelucca6712","Infelizmente a grande maioria das escolas são vulneráveis a esse tipo de entrada. Principalmente as públicas","45","2025-04-10T12:45:08Z","2025-04-10T12:45:08Z","True","True","3","3","[{'autor': '@NaCenaDoCrime_', 'comentario': 'Stella, obrigado por assistir e deixar seu comentário!', 'likes': 4, 'publicado_em': '2025-04-10T12:47:27Z'}, {'autor': '@WilliamGomesdeoliveira-rp5kf', 'comentario': 'Se fosse um  país   sério     teria uma lei  pra escolas do país inteiro  tanto buplica ou particulares do país inteiro a ter  detectores de metal na entrada ..a coteceu mas  de la pra ca nada mudou', 'likes': 1, 'publicado_em': '2025-06-20T04:13:28Z'}, {'autor': '@EliezerBastosSantana', 'comentario': 'Tu gosta de criminoso', 'likes': 0, 'publicado_em': '2025-09-08T15:59:48Z'}]","2ratPeu4BZc","Massacre do Realengo : A Motivação Inesperada por Trás da Tragédia!","2","Mais antigos"
"@Emerson.carreiro07","UCMBxnaEjF1u-dSepeFhMzAA","http://www.youtube.com/@Emerson.carreiro07","Falava tanto de covardia , q foi um grande covarde , indo em escola atacando crianças .","28","2025-04-10T14:04:38Z","2025-04-10T14:04:38Z","True","True","3","3","[{'autor': '@NaCenaDoCrime_', 'comentario': 'Bernardo, obrigado por assistir!', 'likes': 3, 'publicado_em': '2025-04-10T14:08:00Z'}, {'autor': '@SamSilva-x2b', 'comentario': 'E ele se vingou de quem não fez bullying com ele , fez com quem não tinha nada haver, a', 'likes': 2, 'publicado_em': '2025-10-02T23:27:18Z'}, {'autor': '@ZanellaCriaNaVoz', 'comentario': '\u200b@SamSilva-x2bFez Oque Fizeram Bullying Com Ele Covardia', 'likes': 0, 'publicado_em': '2025-10-11T06:47:36Z'}]","2ratPeu4BZc","Massacre do Realengo : A Motivação Inesperada por Trás da Tragédia!","2","Mais antigos"
"@yuribento6532","UCOM7aOPHwM2lgL3-5vcfZIw","http://www.youtube.com/@yuribento6532","Eu conhecia o ygor o menino que morreu jogava bola cmg isso foi uma comoção até hj moro perto do colégio","44","2025-04-10T14:44:00Z","2025-04-10T14:44:00Z","True","True","4","4","[{'autor': '@NaCenaDoCrime_', 'comentario': 'Yuri, posso imaginar a tristeza! 😢', 'likes': 6, 'publicado_em': '2025-04-10T14:48:50Z'}, {'autor': '@EliezerBastosSantana', 'comentario': 'Já foi tarde !!', 'likes': 0, 'publicado_em': '2025-09-08T15:58:49Z'}, {'autor': '@yuribento6532', 'comentario': '\u200b@EliezerBastosSantana creio que vc está falando do assassino né??', 'likes': 0, 'publicado_em': '2025-09-08T16:42:12Z'}, {'autor': '@ZanellaCriaNaVoz', 'comentario': '\u200b@yuribento6532Das Crianças', 'likes': 0, 'publicado_em': '2025-10-11T06:47:15Z'}]","2ratPeu4BZc","Massacre do Realengo : A Motivação Inesperada por Trás da Tragédia!","2","Mais antigos"
"@adrianabarrosoferreira707","UCviBZgDinZpDJ2ZtJlBJxYw","http://www.youtube.com/@adrianabarrosoferreira707","""falsas e desleais""descreveu exatamente o tipo de pessoas! que estão habilitando no mundo hoje.","6","2025-04-11T10:08:29Z","2025-04-11T10:08:29Z","True","True","1","1","[{'autor': '@NaCenaDoCrime_', 'comentario': 'Adriana, obrigado pelo seu comentário!', 'likes': 0, 'publicado_em': '2025-04-11T12:14:11Z'}]","2ratPeu4BZc","Massacre do Realengo : A Motivação Inesperada por Trás da Tragédia!","2","Mais antigos"
"@vanderlucio.14","UC8GSyFxGCnDG8YJbLGY5C_g","http://www.youtube.com/@vanderlucio.14","Se todas as pessoas que foram ofendidas, humilhadas, que sofrem bullying for fazer vinganças com as próprias mãos não vai sobrar ninguém na terra.","117","2025-04-11T19:36:15Z","2025-04-11T19:36:15Z","True","True","13","5","[{'autor': '@NaCenaDoCrime_', 'comentario': 'Vanderlucio, obrigado por assistir e deixar seu comentário!', 'likes': 5, 'publicado_em': '2025-04-11T20:06:19Z'}, {'autor': '@kbludohendrix', 'comentario': 'O pior é que isso não foi vingança. Ele só descontou em gente mais fraca que ele. Vingança seria ele ir atrás de quem mexeu com ele.', 'likes': 35, 'publicado_em': '2025-04-16T10:32:52Z'}, {'autor': '@vanderlucio.14', 'comentario': '@kbludohendrix e exatamente, talvez quem fez ele ficar a sim desanimado da vida não sentiu nada, ele fez crueldade com pessoas que não fez nada para ele, talvez pensando que fazer isso iria atingir a sociedade.', 'likes': 10, 'publicado_em': '2025-04-16T11:14:31Z'}, {'autor': '@stevemarllon1546', 'comentario': 'E o mais bizarro desse caso é  que as crianças  que foram mortas por ele, nem o conheciam de verdade,  quem o humilhou e praticou bulling com ele foram outras pessoas (que já eram no caso adultos como ele) simplesmente ele descontou a raiva em quem não tinha nada a ver.', 'likes': 11, 'publicado_em': '2025-04-16T19:49:16Z'}, {'autor': '@Vgyw-k8n', 'comentario': 'É terrível o Ilanismo São suicida e Covardes . Fujam desta Falsa Religião.  E Si Entregue au Deus Que Vive é Reina Para Sempe E Seu Filho Jesus Que É a Palavra A Verdade é a Vida Eterna', 'likes': 1, 'publicado_em': '2025-05-11T03:21:38Z'}]","2ratPeu4BZc","Massacre do Realengo : A Motivação Inesperada por Trás da Tragédia!","2","Mais antigos"
"@tanianeves5523","UCSqkYArf2G5IrjbbFO74NiQ","http://www.youtube.com/@tanianeves5523","Oos pais ensinarem os filhos a respeitar o proximo, tambem e fundamental","11","2025-04-11T23:03:17Z","2025-04-11T23:03:17Z","True","True","1","1","[{'autor': '@NaCenaDoCrime_', 'comentario': 'Tânia, obrigado por assistir e deixar seu comentário!', 'likes': 0, 'publicado_em': '2025-04-14T12:05:53Z'}]","2ratPeu4BZc","Massacre do Realengo : A Motivação Inesperada por Trás da Tragédia!","2","Mais antigos"
"@vadenbergsantos1339","UCLZUX0BoelPB7oYNX5c1dkw","http://www.youtube.com/@vadenbergsantos1339","Resumindo, independente se o seu filho tem algum problema ou não, cuide dele (dê educação) para que ele não faça mal ao colega próximo, e ficará tudo bem.","40","2025-04-13T23:14:26Z","2025-04-13T23:14:26Z","True","True","2","2","[{'autor': '@NaCenaDoCrime_', 'comentario': 'Vanderbeg, obrigado pelo seu comentário!', 'likes': 2, 'publicado_em': '2025-04-14T13:53:23Z'}, {'autor': '@WilliamGomesdeoliveira-rp5kf', 'comentario': 'Verdade mano na escola ta  apenas para  aprende   mais  educação vem de casa', 'likes': 1, 'publicado_em': '2025-06-20T04:06:11Z'}]","2ratPeu4BZc","Massacre do Realengo : A Motivação Inesperada por Trás da Tragédia!","2","Mais antigos"
"@Chris-p4f5v","UCwFZgjSjP0EXL-Gh6wlZUTg","http://www.youtube.com/@Chris-p4f5v","Eu moro em Realengo, e voto neste colégio.
É triste em todas as eleições, quando entro no colégio, me vem este episódio na mente. 😢","9","2025-05-10T02:02:41Z","2025-05-10T02:05:32Z","True","True","3","3","[{'autor': '@NaCenaDoCrime_', 'comentario': 'Chris, triste acontecimento mesmo.', 'likes': 1, 'publicado_em': '2025-05-12T11:41:30Z'}, {'autor': '@MorenaJambo30', 'comentario': 'Misericórdia', 'likes': 1, 'publicado_em': '2025-09-02T18:50:28Z'}, {'autor': '@genischena7385', 'comentario': 'Nossa Cris q lembrança triste', 'likes': 0, 'publicado_em': '2025-11-07T20:49:57Z'}]","2ratPeu4BZc","Massacre do Realengo : A Motivação Inesperada por Trás da Tragédia!","2","Mais antigos"
"@lilianreis556","UCfCEK-p2_DeSsvHBMcKwklQ","http://www.youtube.com/@lilianreis556","Isso mostra também o quanto negligenciamos a questão da saúde mental...","14","2025-05-19T15:27:54Z","2025-05-19T15:27:54Z","True","True","2","2","[{'autor': '@NaCenaDoCrime_', 'comentario': 'Lilian, obrigado por assistir!', 'likes': 2, 'publicado_em': '2025-05-19T15:52:35Z'}, {'autor': '@Kaylane928', 'comentario': 'Realmente', 'likes': 0, 'publicado_em': '2025-07-06T23:44:26Z'}]","2ratPeu4BZc","Massacre do Realengo : A Motivação Inesperada por Trás da Tragédia!","2","Mais antigos"
"@ResenhaTopcine","UCwSzasi_YfSNnKCrVBEqTIA","http://www.youtube.com/@ResenhaTopcine","A verdade que o brasileiro ignora se tivesse segurança armada casos como esse não ocorreriam","4","2025-09-07T17:26:10Z","2025-09-07T17:26:10Z","True","True","1","1","[{'autor': '@NaCenaDoCrime_', 'comentario': 'Obrigado pelo comentário!', 'likes': 0, 'publicado_em': '2025-09-08T20:40:38Z'}]","2ratPeu4BZc","Massacre do Realengo : A Motivação Inesperada por Trás da Tragédia!","2","Mais antigos"
"@RickySatan","UCmx6Lx6lD6n2Yfwyvad_5jg","http://www.youtube.com/@RickySatan","Meu mestre nunca vai ser esquecido","1","2025-09-21T03:42:11Z","2025-09-21T03:42:11Z","True","True","0","0","[]","2ratPeu4BZc","Massacre do Realengo : A Motivação Inesperada por Trás da Tragédia!","2","Mais antigos"
"@RickySatan","UCmx6Lx6lD6n2Yfwyvad_5jg","http://www.youtube.com/@RickySatan","Grande mestre nunca vai ser esquecido","1","2025-09-21T03:50:59Z","2025-09-21T03:50:59Z","True","True","1","1","[{'autor': '@NaCenaDoCrime_', 'comentario': 'Ricky, obrigado por assistir e deixar seu comentário!', 'likes': 0, 'publicado_em': '2025-09-22T16:32:18Z'}]","2ratPeu4BZc","Massacre do Realengo : A Motivação Inesperada por Trás da Tragédia!","2","Mais antigos"
"@individual178","UCCrk5SO-xDm73v0P5CRdCsg","http://www.youtube.com/@individual178","🗣 ""Primeiramente deverão saber que os impuros não poderão me tocar sem usar luvas. Somente os castos ou os que perderam suas castidades após o casamento e não se envolveram em adultério poderão me tocar sem usar luvas. Ou seja, nenhum fornicador ou adultero poderá ter contato direto comigo."" 

Belas palavras Wellington. 👏🏽","4","2025-10-20T00:10:30Z","2025-10-20T00:14:09Z","True","True","1","1","[{'autor': '@NaCenaDoCrime_', 'comentario': 'Obrigado por assistir!', 'likes': 1, 'publicado_em': '2025-10-20T17:10:39Z'}]","2ratPeu4BZc","Massacre do Realengo : A Motivação Inesperada por Trás da Tragédia!","2","Mais antigos"
"@vanderlucio.14","UC8GSyFxGCnDG8YJbLGY5C_g","http://www.youtube.com/@vanderlucio.14","Se todas as pessoas que foram ofendidas, humilhadas, que sofrem bullying for fazer vinganças com as próprias mãos não vai sobrar ninguém na terra.","117","2025-04-11T19:36:15Z","2025-04-11T19:36:15Z","True","True","13","5","[{'autor': '@NaCenaDoCrime_', 'comentario': 'Vanderlucio, obrigado por assistir e deixar seu comentário!', 'likes': 5, 'publicado_em': '2025-04-11T20:06:19Z'}, {'autor': '@kbludohendrix', 'comentario': 'O pior é que isso não foi vingança. Ele só descontou em gente mais fraca que ele. Vingança seria ele ir atrás de quem mexeu com ele.', 'likes': 35, 'publicado_em': '2025-04-16T10:32:52Z'}, {'autor': '@vanderlucio.14', 'comentario': '@kbludohendrix e exatamente, talvez quem fez ele ficar a sim desanimado da vida não sentiu nada, ele fez crueldade com pessoas que não fez nada para ele, talvez pensando que fazer isso iria atingir a sociedade.', 'likes': 10, 'publicado_em': '2025-04-16T11:14:31Z'}, {'autor': '@stevemarllon1546', 'comentario': 'E o mais bizarro desse caso é  que as crianças  que foram mortas por ele, nem o conheciam de verdade,  quem o humilhou e praticou bulling com ele foram outras pessoas (que já eram no caso adultos como ele) simplesmente ele descontou a raiva em quem não tinha nada a ver.', 'likes': 11, 'publicado_em': '2025-04-16T19:49:16Z'}, {'autor': '@Vgyw-k8n', 'comentario': 'É terrível o Ilanismo São suicida e Covardes . Fujam desta Falsa Religião.  E Si Entregue au Deus Que Vive é Reina Para Sempe E Seu Filho Jesus Que É a Palavra A Verdade é a Vida Eterna', 'likes': 1, 'publicado_em': '2025-05-11T03:21:38Z'}]","2ratPeu4BZc","Massacre do Realengo : A Motivação Inesperada por Trás da Tragédia!","3","Mais curtidos"
"@geovanecosta8595","UClFRQQCN559HcuMM0DYMPlw","http://www.youtube.com/@geovanecosta8595","Fui vizinho dele. Ele era calmo adorava gatos e cachorros só dava bom dia e boa noite. Não dá pra entender a mente humana","70","2025-04-08T11:12:37Z","2025-04-08T11:12:37Z","True","True","12","5","[{'autor': '@NaCenaDoCrime_', 'comentario': 'Geovane, temos que desconfiar de todos  e viver em sinal de alerta!', 'likes': 21, 'publicado_em': '2025-04-08T12:32:30Z'}, {'autor': '@geovanecosta8595', 'comentario': 'Verdade \u200b@NaCenaDoCrime_', 'likes': 6, 'publicado_em': '2025-04-08T12:38:32Z'}, {'autor': '@rafaelcorreia6292', 'comentario': 'Conta outra seu ser insignificante e muito fácil conta uma narrativa e todos acreditarem se orienta mane\u200b@anonimo_production', 'likes': 1, 'publicado_em': '2025-04-21T00:02:10Z'}, {'autor': '@Lanpenn', 'comentario': '😨', 'likes': 2, 'publicado_em': '2025-05-03T23:09:04Z'}, {'autor': '@tonyclass27', 'comentario': 'Tu morava em qual bairro', 'likes': 1, 'publicado_em': '2025-06-09T07:08:52Z'}]","2ratPeu4BZc","Massacre do Realengo : A Motivação Inesperada por Trás da Tragédia!","3","Mais curtidos"
"@mcpagano1963","UCy2mjKxr8NBl7rE6P1svauA","http://www.youtube.com/@mcpagano1963","Exatamente hoje, 7 de Abril de 2025, está fazendo 14anos dessa triste tragédia!!!!😢","58","2025-04-08T01:20:00Z","2025-04-08T01:20:00Z","True","True","6","5","[{'autor': '@NaCenaDoCrime_', 'comentario': '😞', 'likes': 4, 'publicado_em': '2025-04-08T01:32:41Z'}, {'autor': '@carolstephanny80', 'comentario': 'No dia do meu aniversário 😢', 'likes': 5, 'publicado_em': '2025-04-08T06:23:06Z'}, {'autor': '@MarileneSantosCruz-j7g', 'comentario': 'Feliz aniversário,\u200b@carolstephanny80', 'likes': 1, 'publicado_em': '2025-04-09T11:58:46Z'}, {'autor': '@luanastefanie3317', 'comentario': 'É aqui na rua a Tasso da Silveira escola', 'likes': 4, 'publicado_em': '2025-04-10T11:24:20Z'}, {'autor': '@beatricepenido7899', 'comentario': 'Já sabemos \u200b@luanastefanie3317', 'likes': 0, 'publicado_em': '2025-07-04T05:46:21Z'}]","2ratPeu4BZc","Massacre do Realengo : A Motivação Inesperada por Trás da Tragédia!","3","Mais curtidos"
"@stelladelucca6712","UCIpDX5L598k_yucFyGDa_zA","http://www.youtube.com/@stelladelucca6712","Infelizmente a grande maioria das escolas são vulneráveis a esse tipo de entrada. Principalmente as públicas","45","2025-04-10T12:45:08Z","2025-04-10T12:45:08Z","True","True","3","3","[{'autor': '@NaCenaDoCrime_', 'comentario': 'Stella, obrigado por assistir e deixar seu comentário!', 'likes': 4, 'publicado_em': '2025-04-10T12:47:27Z'}, {'autor': '@WilliamGomesdeoliveira-rp5kf', 'comentario': 'Se fosse um  país   sério     teria uma lei  pra escolas do país inteiro  tanto buplica ou particulares do país inteiro a ter  detectores de metal na entrada ..a coteceu mas  de la pra ca nada mudou', 'likes': 1, 'publicado_em': '2025-06-20T04:13:28Z'}, {'autor': '@EliezerBastosSantana', 'comentario': 'Tu gosta de criminoso', 'likes': 0, 'publicado_em': '2025-09-08T15:59:48Z'}]","2ratPeu4BZc","Massacre do Realengo : A Motivação Inesperada por Trás da Tragédia!","3","Mais curtidos"
"@yuribento6532","UCOM7aOPHwM2lgL3-5vcfZIw","http://www.youtube.com/@yuribento6532","Eu conhecia o ygor o menino que morreu jogava bola cmg isso foi uma comoção até hj moro perto do colégio","44","2025-04-10T14:44:00Z","2025-04-10T14:44:00Z","True","True","4","4","[{'autor': '@NaCenaDoCrime_', 'comentario': 'Yuri, posso imaginar a tristeza! 😢', 'likes': 6, 'publicado_em': '2025-04-10T14:48:50Z'}, {'autor': '@EliezerBastosSantana', 'comentario': 'Já foi tarde !!', 'likes': 0, 'publicado_em': '2025-09-08T15:58:49Z'}, {'autor': '@yuribento6532', 'comentario': '\u200b@EliezerBastosSantana creio que vc está falando do assassino né??', 'likes': 0, 'publicado_em': '2025-09-08T16:42:12Z'}, {'autor': '@ZanellaCriaNaVoz', 'comentario': '\u200b@yuribento6532Das Crianças', 'likes': 0, 'publicado_em': '2025-10-11T06:47:15Z'}]","2ratPeu4BZc","Massacre do Realengo : A Motivação Inesperada por Trás da Tragédia!","3","Mais curtidos"
"@vadenbergsantos1339","UCLZUX0BoelPB7oYNX5c1dkw","http://www.youtube.com/@vadenbergsantos1339","Resumindo, independente se o seu filho tem algum problema ou não, cuide dele (dê educação) para que ele não faça mal ao colega próximo, e ficará tudo bem.","40","2025-04-13T23:14:26Z","2025-04-13T23:14:26Z","True","True","2","2","[{'autor': '@NaCenaDoCrime_', 'comentario': 'Vanderbeg, obrigado pelo seu comentário!', 'likes': 2, 'publicado_em': '2025-04-14T13:53:23Z'}, {'autor': '@WilliamGomesdeoliveira-rp5kf', 'comentario': 'Verdade mano na escola ta  apenas para  aprende   mais  educação vem de casa', 'likes': 1, 'publicado_em': '2025-06-20T04:06:11Z'}]","2ratPeu4BZc","Massacre do Realengo : A Motivação Inesperada por Trás da Tragédia!","3","Mais curtidos"
"@leticiadesousap","UC5gPO88diaLoFn9f0xDQM_g","http://www.youtube.com/@leticiadesousap","Esse caso só nos mostra o quanto é vulnerável a segurança nas escolas, com a morte do autor impossibilitou a responsabilização do mesmo. 
Esse massacre serviu como alerta para diversas questões na qual o Estado deve tomar medidas de prevenções de segurança em escolas, e medidas de prevenções ao bullying.

Ótimo vídeo, parabéns ao canal!","35","2025-04-08T00:30:25Z","2025-04-08T00:32:14Z","True","True","3","3","[{'autor': '@NaCenaDoCrime_', 'comentario': 'Realmente Letícia! Obrigado pelo comentário cirúrgico e pelo elogio 😊', 'likes': 3, 'publicado_em': '2025-04-08T01:12:47Z'}, {'autor': '@eusoubrilhante', 'comentario': 'Ms ñ de preocupe, que no quinto dos infernos ele já está pagando tudo à vista com altíssimos juros!!!', 'likes': 1, 'publicado_em': '2025-04-08T01:43:43Z'}, {'autor': '@dianavieiradiana5490', 'comentario': 'Cara Letícia, a segurança nas escolas nunca passou de uma ilusão!!!', 'likes': 1, 'publicado_em': '2025-04-18T16:18:44Z'}]","2ratPeu4BZc","Massacre do Realengo : A Motivação Inesperada por Trás da Tragédia!","3","Mais curtidos"
"@Emerson.carreiro07","UCMBxnaEjF1u-dSepeFhMzAA","http://www.youtube.com/@Emerson.carreiro07","Falava tanto de covardia , q foi um grande covarde , indo em escola atacando crianças .","28","2025-04-10T14:04:38Z","2025-04-10T14:04:38Z","True","True","3","3","[{'autor': '@NaCenaDoCrime_', 'comentario': 'Bernardo, obrigado por assistir!', 'likes': 3, 'publicado_em': '2025-04-10T14:08:00Z'}, {'autor': '@SamSilva-x2b', 'comentario': 'E ele se vingou de quem não fez bullying com ele , fez com quem não tinha nada haver, a', 'likes': 2, 'publicado_em': '2025-10-02T23:27:18Z'}, {'autor': '@ZanellaCriaNaVoz', 'comentario': '\u200b@SamSilva-x2bFez Oque Fizeram Bullying Com Ele Covardia', 'likes': 0, 'publicado_em': '2025-10-11T06:47:36Z'}]","2ratPeu4BZc","Massacre do Realengo : A Motivação Inesperada por Trás da Tragédia!","3","Mais curtidos"
"@joalmeida750","UC7d7i26iwrkMM0qgm3nQg8Q","http://www.youtube.com/@joalmeida750","esse caso mexe mto comigo, sobretudo hj q tenho um filho.. peço a Deus todos os dias q proteja ele e seus colegas de tamanha crueldade...eu não tenho pena desse cara pq não foi homem nem na hora de assumir pq tirou a própria vida não há maior covardia q essa.. Lordelo vc é ótimo aprendemos mto c vc ❤","25","2025-04-08T12:56:50Z","2025-04-08T12:56:50Z","True","True","3","3","[{'autor': '@NaCenaDoCrime_', 'comentario': 'Jo é um caso muito chocante. Obrigado por assistir e pelo carinho ❤️', 'likes': 4, 'publicado_em': '2025-04-08T13:11:51Z'}, {'autor': '@dianavieiradiana5490', 'comentario': 'Era um corvarde!!! Oras se fosse regra, todo humilhado seria um bandido assasssino!!! Nada justifica a maldade desse sujeito!!!', 'likes': 3, 'publicado_em': '2025-04-18T16:25:16Z'}, {'autor': '@rafaelcorreia6292', 'comentario': 'Que covarde criatura \u200b@dianavieiradiana5490', 'likes': 1, 'publicado_em': '2025-04-20T23:13:25Z'}]","2ratPeu4BZc","Massacre do Realengo : A Motivação Inesperada por Trás da Tragédia!","3","Mais curtidos"
"@rrobamatt","UCPeBr07737yZBpcjY7TmRCA","http://www.youtube.com/@rrobamatt","Esse caso foi terrível. 

Ótimo vídeo, Lordello!","18","2025-04-07T22:21:03Z","2025-04-07T22:21:03Z","True","True","1","1","[{'autor': '@NaCenaDoCrime_', 'comentario': 'Obrigado amigo 😊', 'likes': 2, 'publicado_em': '2025-04-07T23:24:21Z'}]","2ratPeu4BZc","Massacre do Realengo : A Motivação Inesperada por Trás da Tragédia!","3","Mais curtidos"
"@lilianreis556","UCfCEK-p2_DeSsvHBMcKwklQ","http://www.youtube.com/@lilianreis556","Isso mostra também o quanto negligenciamos a questão da saúde mental...","14","2025-05-19T15:27:54Z","2025-05-19T15:27:54Z","True","True","2","2","[{'autor': '@NaCenaDoCrime_', 'comentario': 'Lilian, obrigado por assistir!', 'likes': 2, 'publicado_em': '2025-05-19T15:52:35Z'}, {'autor': '@Kaylane928', 'comentario': 'Realmente', 'likes': 0, 'publicado_em': '2025-07-06T23:44:26Z'}]","2ratPeu4BZc","Massacre do Realengo : A Motivação Inesperada por Trás da Tragédia!","3","Mais curtidos"
"@VanessaRafaelaMata","UCZOaBRKfVGs-pCGL9v0r3pg","http://www.youtube.com/@VanessaRafaelaMata","Nunca esqueci dessa tragédia, foi muito triste tudo que aconteceu misericórdia 😢😢😢😢😢😢😢😢😢","14","2025-04-08T17:13:29Z","2025-04-08T17:13:29Z","True","True","1","1","[{'autor': '@NaCenaDoCrime_', 'comentario': 'Vanessa, obrigado pelo seu comentário!', 'likes': 1, 'publicado_em': '2025-04-08T17:20:16Z'}]","2ratPeu4BZc","Massacre do Realengo : A Motivação Inesperada por Trás da Tragédia!","3","Mais curtidos"
"@tanianeves5523","UCSqkYArf2G5IrjbbFO74NiQ","http://www.youtube.com/@tanianeves5523","Oos pais ensinarem os filhos a respeitar o proximo, tambem e fundamental","11","2025-04-11T23:03:17Z","2025-04-11T23:03:17Z","True","True","1","1","[{'autor': '@NaCenaDoCrime_', 'comentario': 'Tânia, obrigado por assistir e deixar seu comentário!', 'likes': 0, 'publicado_em': '2025-04-14T12:05:53Z'}]","2ratPeu4BZc","Massacre do Realengo : A Motivação Inesperada por Trás da Tragédia!","3","Mais curtidos"
"@João_Mello1997","UCNpKg_f5ANZTyMXUBPnTiHg","http://www.youtube.com/@Jo%C3%A3o_Mello1997","Foi marcante , um dos maiores atentados do país, impactou demais o país , e um caso muito triste pelas vidas perdidas.","10","2025-04-10T05:01:43Z","2025-04-10T05:01:43Z","True","True","1","1","[{'autor': '@NaCenaDoCrime_', 'comentario': 'Mello, triste demais 😢', 'likes': 0, 'publicado_em': '2025-04-10T12:17:09Z'}]","2ratPeu4BZc","Massacre do Realengo : A Motivação Inesperada por Trás da Tragédia!","3","Mais curtidos"
"@Chris-p4f5v","UCwFZgjSjP0EXL-Gh6wlZUTg","http://www.youtube.com/@Chris-p4f5v","Eu moro em Realengo, e voto neste colégio.
É triste em todas as eleições, quando entro no colégio, me vem este episódio na mente. 😢","9","2025-05-10T02:02:41Z","2025-05-10T02:05:32Z","True","True","3","3","[{'autor': '@NaCenaDoCrime_', 'comentario': 'Chris, triste acontecimento mesmo.', 'likes': 1, 'publicado_em': '2025-05-12T11:41:30Z'}, {'autor': '@MorenaJambo30', 'comentario': 'Misericórdia', 'likes': 1, 'publicado_em': '2025-09-02T18:50:28Z'}, {'autor': '@genischena7385', 'comentario': 'Nossa Cris q lembrança triste', 'likes': 0, 'publicado_em': '2025-11-07T20:49:57Z'}]","2ratPeu4BZc","Massacre do Realengo : A Motivação Inesperada por Trás da Tragédia!","3","Mais curtidos"
"@adrianabarrosoferreira707","UCviBZgDinZpDJ2ZtJlBJxYw","http://www.youtube.com/@adrianabarrosoferreira707","""falsas e desleais""descreveu exatamente o tipo de pessoas! que estão habilitando no mundo hoje.","6","2025-04-11T10:08:29Z","2025-04-11T10:08:29Z","True","True","1","1","[{'autor': '@NaCenaDoCrime_', 'comentario': 'Adriana, obrigado pelo seu comentário!', 'likes': 0, 'publicado_em': '2025-04-11T12:14:11Z'}]","2ratPeu4BZc","Massacre do Realengo : A Motivação Inesperada por Trás da Tragédia!","3","Mais curtidos"
"@ResenhaTopcine","UCwSzasi_YfSNnKCrVBEqTIA","http://www.youtube.com/@ResenhaTopcine","A verdade que o brasileiro ignora se tivesse segurança armada casos como esse não ocorreriam","4","2025-09-07T17:26:10Z","2025-09-07T17:26:10Z","True","True","1","1","[{'autor': '@NaCenaDoCrime_', 'comentario': 'Obrigado pelo comentário!', 'likes': 0, 'publicado_em': '2025-09-08T20:40:38Z'}]","2ratPeu4BZc","Massacre do Realengo : A Motivação Inesperada por Trás da Tragédia!","3","Mais curtidos"
"@individual178","UCCrk5SO-xDm73v0P5CRdCsg","http://www.youtube.com/@individual178","🗣 ""Primeiramente deverão saber que os impuros não poderão me tocar sem usar luvas. Somente os castos ou os que perderam suas castidades após o casamento e não se envolveram em adultério poderão me tocar sem usar luvas. Ou seja, nenhum fornicador ou adultero poderá ter contato direto comigo."" 

Belas palavras Wellington. 👏🏽","4","2025-10-20T00:10:30Z","2025-10-20T00:14:09Z","True","True","1","1","[{'autor': '@NaCenaDoCrime_', 'comentario': 'Obrigado por assistir!', 'likes': 1, 'publicado_em': '2025-10-20T17:10:39Z'}]","2ratPeu4BZc","Massacre do Realengo : A Motivação Inesperada por Trás da Tragédia!","3","Mais curtidos"
"@RickySatan","UCmx6Lx6lD6n2Yfwyvad_5jg","http://www.youtube.com/@RickySatan","Meu mestre nunca vai ser esquecido","1","2025-09-21T03:42:11Z","2025-09-21T03:42:11Z","True","True","0","0","[]","2ratPeu4BZc","Massacre do Realengo : A Motivação Inesperada por Trás da Tragédia!","3","Mais curtidos"
"@RickySatan","UCmx6Lx6lD6n2Yfwyvad_5jg","http://www.youtube.com/@RickySatan","Grande mestre nunca vai ser esquecido","1","2025-09-21T03:50:59Z","2025-09-21T03:50:59Z","True","True","1","1","[{'autor': '@NaCenaDoCrime_', 'comentario': 'Ricky, obrigado por assistir e deixar seu comentário!', 'likes': 0, 'publicado_em': '2025-09-22T16:32:18Z'}]","2ratPeu4BZc","Massacre do Realengo : A Motivação Inesperada por Trás da Tragédia!","3","Mais curtidos"
"@leticiadesousap","UC5gPO88diaLoFn9f0xDQM_g","http://www.youtube.com/@leticiadesousap","Esse caso só nos mostra o quanto é vulnerável a segurança nas escolas, com a morte do autor impossibilitou a responsabilização do mesmo. 
Esse massacre serviu como alerta para diversas questões na qual o Estado deve tomar medidas de prevenções de segurança em escolas, e medidas de prevenções ao bullying.

Ótimo vídeo, parabéns ao canal!","35","2025-04-08T00:30:25Z","2025-04-08T00:32:14Z","True","True","3","3","[{'autor': '@NaCenaDoCrime_', 'comentario': 'Realmente Letícia! Obrigado pelo comentário cirúrgico e pelo elogio 😊', 'likes': 3, 'publicado_em': '2025-04-08T01:12:47Z'}, {'autor': '@eusoubrilhante', 'comentario': 'Ms ñ de preocupe, que no quinto dos infernos ele já está pagando tudo à vista com altíssimos juros!!!', 'likes': 1, 'publicado_em': '2025-04-08T01:43:43Z'}, {'autor': '@dianavieiradiana5490', 'comentario': 'Cara Letícia, a segurança nas escolas nunca passou de uma ilusão!!!', 'likes': 1, 'publicado_em': '2025-04-18T16:18:44Z'}]","2ratPeu4BZc","Massacre do Realengo : A Motivação Inesperada por Trás da Tragédia!","4","Mais longos"
"@individual178","UCCrk5SO-xDm73v0P5CRdCsg","http://www.youtube.com/@individual178","🗣 ""Primeiramente deverão saber que os impuros não poderão me tocar sem usar luvas. Somente os castos ou os que perderam suas castidades após o casamento e não se envolveram em adultério poderão me tocar sem usar luvas. Ou seja, nenhum fornicador ou adultero poderá ter contato direto comigo."" 

Belas palavras Wellington. 👏🏽","4","2025-10-20T00:10:30Z","2025-10-20T00:14:09Z","True","True","1","1","[{'autor': '@NaCenaDoCrime_', 'comentario': 'Obrigado por assistir!', 'likes': 1, 'publicado_em': '2025-10-20T17:10:39Z'}]","2ratPeu4BZc","Massacre do Realengo : A Motivação Inesperada por Trás da Tragédia!","4","Mais longos"
"@joalmeida750","UC7d7i26iwrkMM0qgm3nQg8Q","http://www.youtube.com/@joalmeida750","esse caso mexe mto comigo, sobretudo hj q tenho um filho.. peço a Deus todos os dias q proteja ele e seus colegas de tamanha crueldade...eu não tenho pena desse cara pq não foi homem nem na hora de assumir pq tirou a própria vida não há maior covardia q essa.. Lordelo vc é ótimo aprendemos mto c vc ❤","25","2025-04-08T12:56:50Z","2025-04-08T12:56:50Z","True","True","3","3","[{'autor': '@NaCenaDoCrime_', 'comentario': 'Jo é um caso muito chocante. Obrigado por assistir e pelo carinho ❤️', 'likes': 4, 'publicado_em': '2025-04-08T13:11:51Z'}, {'autor': '@dianavieiradiana5490', 'comentario': 'Era um corvarde!!! Oras se fosse regra, todo humilhado seria um bandido assasssino!!! Nada justifica a maldade desse sujeito!!!', 'likes': 3, 'publicado_em': '2025-04-18T16:25:16Z'}, {'autor': '@rafaelcorreia6292', 'comentario': 'Que covarde criatura \u200b@dianavieiradiana5490', 'likes': 1, 'publicado_em': '2025-04-20T23:13:25Z'}]","2ratPeu4BZc","Massacre do Realengo : A Motivação Inesperada por Trás da Tragédia!","4","Mais longos"
"@vadenbergsantos1339","UCLZUX0BoelPB7oYNX5c1dkw","http://www.youtube.com/@vadenbergsantos1339","Resumindo, independente se o seu filho tem algum problema ou não, cuide dele (dê educação) para que ele não faça mal ao colega próximo, e ficará tudo bem.","40","2025-04-13T23:14:26Z","2025-04-13T23:14:26Z","True","True","2","2","[{'autor': '@NaCenaDoCrime_', 'comentario': 'Vanderbeg, obrigado pelo seu comentário!', 'likes': 2, 'publicado_em': '2025-04-14T13:53:23Z'}, {'autor': '@WilliamGomesdeoliveira-rp5kf', 'comentario': 'Verdade mano na escola ta  apenas para  aprende   mais  educação vem de casa', 'likes': 1, 'publicado_em': '2025-06-20T04:06:11Z'}]","2ratPeu4BZc","Massacre do Realengo : A Motivação Inesperada por Trás da Tragédia!","4","Mais longos"
"@vanderlucio.14","UC8GSyFxGCnDG8YJbLGY5C_g","http://www.youtube.com/@vanderlucio.14","Se todas as pessoas que foram ofendidas, humilhadas, que sofrem bullying for fazer vinganças com as próprias mãos não vai sobrar ninguém na terra.","117","2025-04-11T19:36:15Z","2025-04-11T19:36:15Z","True","True","13","5","[{'autor': '@NaCenaDoCrime_', 'comentario': 'Vanderlucio, obrigado por assistir e deixar seu comentário!', 'likes': 5, 'publicado_em': '2025-04-11T20:06:19Z'}, {'autor': '@kbludohendrix', 'comentario': 'O pior é que isso não foi vingança. Ele só descontou em gente mais fraca que ele. Vingança seria ele ir atrás de quem mexeu com ele.', 'likes': 35, 'publicado_em': '2025-04-16T10:32:52Z'}, {'autor': '@vanderlucio.14', 'comentario': '@kbludohendrix e exatamente, talvez quem fez ele ficar a sim desanimado da vida não sentiu nada, ele fez crueldade com pessoas que não fez nada para ele, talvez pensando que fazer isso iria atingir a sociedade.', 'likes': 10, 'publicado_em': '2025-04-16T11:14:31Z'}, {'autor': '@stevemarllon1546', 'comentario': 'E o mais bizarro desse caso é  que as crianças  que foram mortas por ele, nem o conheciam de verdade,  quem o humilhou e praticou bulling com ele foram outras pessoas (que já eram no caso adultos como ele) simplesmente ele descontou a raiva em quem não tinha nada a ver.', 'likes': 11, 'publicado_em': '2025-04-16T19:49:16Z'}, {'autor': '@Vgyw-k8n', 'comentario': 'É terrível o Ilanismo São suicida e Covardes . Fujam desta Falsa Religião.  E Si Entregue au Deus Que Vive é Reina Para Sempe E Seu Filho Jesus Que É a Palavra A Verdade é a Vida Eterna', 'likes': 1, 'publicado_em': '2025-05-11T03:21:38Z'}]","2ratPeu4BZc","Massacre do Realengo : A Motivação Inesperada por Trás da Tragédia!","4","Mais longos"
"@Chris-p4f5v","UCwFZgjSjP0EXL-Gh6wlZUTg","http://www.youtube.com/@Chris-p4f5v","Eu moro em Realengo, e voto neste colégio.
É triste em todas as eleições, quando entro no colégio, me vem este episódio na mente. 😢","9","2025-05-10T02:02:41Z","2025-05-10T02:05:32Z","True","True","3","3","[{'autor': '@NaCenaDoCrime_', 'comentario': 'Chris, triste acontecimento mesmo.', 'likes': 1, 'publicado_em': '2025-05-12T11:41:30Z'}, {'autor': '@MorenaJambo30', 'comentario': 'Misericórdia', 'likes': 1, 'publicado_em': '2025-09-02T18:50:28Z'}, {'autor': '@genischena7385', 'comentario': 'Nossa Cris q lembrança triste', 'likes': 0, 'publicado_em': '2025-11-07T20:49:57Z'}]","2ratPeu4BZc","Massacre do Realengo : A Motivação Inesperada por Trás da Tragédia!","4","Mais longos"
"@geovanecosta8595","UClFRQQCN559HcuMM0DYMPlw","http://www.youtube.com/@geovanecosta8595","Fui vizinho dele. Ele era calmo adorava gatos e cachorros só dava bom dia e boa noite. Não dá pra entender a mente humana","70","2025-04-08T11:12:37Z","2025-04-08T11:12:37Z","True","True","12","5","[{'autor': '@NaCenaDoCrime_', 'comentario': 'Geovane, temos que desconfiar de todos  e viver em sinal de alerta!', 'likes': 21, 'publicado_em': '2025-04-08T12:32:30Z'}, {'autor': '@geovanecosta8595', 'comentario': 'Verdade \u200b@NaCenaDoCrime_', 'likes': 6, 'publicado_em': '2025-04-08T12:38:32Z'}, {'autor': '@rafaelcorreia6292', 'comentario': 'Conta outra seu ser insignificante e muito fácil conta uma narrativa e todos acreditarem se orienta mane\u200b@anonimo_production', 'likes': 1, 'publicado_em': '2025-04-21T00:02:10Z'}, {'autor': '@Lanpenn', 'comentario': '😨', 'likes': 2, 'publicado_em': '2025-05-03T23:09:04Z'}, {'autor': '@tonyclass27', 'comentario': 'Tu morava em qual bairro', 'likes': 1, 'publicado_em': '2025-06-09T07:08:52Z'}]","2ratPeu4BZc","Massacre do Realengo : A Motivação Inesperada por Trás da Tragédia!","4","Mais longos"
"@João_Mello1997","UCNpKg_f5ANZTyMXUBPnTiHg","http://www.youtube.com/@Jo%C3%A3o_Mello1997","Foi marcante , um dos maiores atentados do país, impactou demais o país , e um caso muito triste pelas vidas perdidas.","10","2025-04-10T05:01:43Z","2025-04-10T05:01:43Z","True","True","1","1","[{'autor': '@NaCenaDoCrime_', 'comentario': 'Mello, triste demais 😢', 'likes': 0, 'publicado_em': '2025-04-10T12:17:09Z'}]","2ratPeu4BZc","Massacre do Realengo : A Motivação Inesperada por Trás da Tragédia!","4","Mais longos"
"@stelladelucca6712","UCIpDX5L598k_yucFyGDa_zA","http://www.youtube.com/@stelladelucca6712","Infelizmente a grande maioria das escolas são vulneráveis a esse tipo de entrada. Principalmente as públicas","45","2025-04-10T12:45:08Z","2025-04-10T12:45:08Z","True","True","3","3","[{'autor': '@NaCenaDoCrime_', 'comentario': 'Stella, obrigado por assistir e deixar seu comentário!', 'likes': 4, 'publicado_em': '2025-04-10T12:47:27Z'}, {'autor': '@WilliamGomesdeoliveira-rp5kf', 'comentario': 'Se fosse um  país   sério     teria uma lei  pra escolas do país inteiro  tanto buplica ou particulares do país inteiro a ter  detectores de metal na entrada ..a coteceu mas  de la pra ca nada mudou', 'likes': 1, 'publicado_em': '2025-06-20T04:13:28Z'}, {'autor': '@EliezerBastosSantana', 'comentario': 'Tu gosta de criminoso', 'likes': 0, 'publicado_em': '2025-09-08T15:59:48Z'}]","2ratPeu4BZc","Massacre do Realengo : A Motivação Inesperada por Trás da Tragédia!","4","Mais longos"
"@yuribento6532","UCOM7aOPHwM2lgL3-5vcfZIw","http://www.youtube.com/@yuribento6532","Eu conhecia o ygor o menino que morreu jogava bola cmg isso foi uma comoção até hj moro perto do colégio","44","2025-04-10T14:44:00Z","2025-04-10T14:44:00Z","True","True","4","4","[{'autor': '@NaCenaDoCrime_', 'comentario': 'Yuri, posso imaginar a tristeza! 😢', 'likes': 6, 'publicado_em': '2025-04-10T14:48:50Z'}, {'autor': '@EliezerBastosSantana', 'comentario': 'Já foi tarde !!', 'likes': 0, 'publicado_em': '2025-09-08T15:58:49Z'}, {'autor': '@yuribento6532', 'comentario': '\u200b@EliezerBastosSantana creio que vc está falando do assassino né??', 'likes': 0, 'publicado_em': '2025-09-08T16:42:12Z'}, {'autor': '@ZanellaCriaNaVoz', 'comentario': '\u200b@yuribento6532Das Crianças', 'likes': 0, 'publicado_em': '2025-10-11T06:47:15Z'}]","2ratPeu4BZc","Massacre do Realengo : A Motivação Inesperada por Trás da Tragédia!","4","Mais longos"
"@adrianabarrosoferreira707","UCviBZgDinZpDJ2ZtJlBJxYw","http://www.youtube.com/@adrianabarrosoferreira707","""falsas e desleais""descreveu exatamente o tipo de pessoas! que estão habilitando no mundo hoje.","6","2025-04-11T10:08:29Z","2025-04-11T10:08:29Z","True","True","1","1","[{'autor': '@NaCenaDoCrime_', 'comentario': 'Adriana, obrigado pelo seu comentário!', 'likes': 0, 'publicado_em': '2025-04-11T12:14:11Z'}]","2ratPeu4BZc","Massacre do Realengo : A Motivação Inesperada por Trás da Tragédia!","4","Mais longos"
"@ResenhaTopcine","UCwSzasi_YfSNnKCrVBEqTIA","http://www.youtube.com/@ResenhaTopcine","A verdade que o brasileiro ignora se tivesse segurança armada casos como esse não ocorreriam","4","2025-09-07T17:26:10Z","2025-09-07T17:26:10Z","True","True","1","1","[{'autor': '@NaCenaDoCrime_', 'comentario': 'Obrigado pelo comentário!', 'likes': 0, 'publicado_em': '2025-09-08T20:40:38Z'}]","2ratPeu4BZc","Massacre do Realengo : A Motivação Inesperada por Trás da Tragédia!","4","Mais longos"
"@VanessaRafaelaMata","UCZOaBRKfVGs-pCGL9v0r3pg","http://www.youtube.com/@VanessaRafaelaMata","Nunca esqueci dessa tragédia, foi muito triste tudo que aconteceu misericórdia 😢😢😢😢😢😢😢😢😢","14","2025-04-08T17:13:29Z","2025-04-08T17:13:29Z","True","True","1","1","[{'autor': '@NaCenaDoCrime_', 'comentario': 'Vanessa, obrigado pelo seu comentário!', 'likes': 1, 'publicado_em': '2025-04-08T17:20:16Z'}]","2ratPeu4BZc","Massacre do Realengo : A Motivação Inesperada por Trás da Tragédia!","4","Mais longos"
"@Emerson.carreiro07","UCMBxnaEjF1u-dSepeFhMzAA","http://www.youtube.com/@Emerson.carreiro07","Falava tanto de covardia , q foi um grande covarde , indo em escola atacando crianças .","28","2025-04-10T14:04:38Z","2025-04-10T14:04:38Z","True","True","3","3","[{'autor': '@NaCenaDoCrime_', 'comentario': 'Bernardo, obrigado por assistir!', 'likes': 3, 'publicado_em': '2025-04-10T14:08:00Z'}, {'autor': '@SamSilva-x2b', 'comentario': 'E ele se vingou de quem não fez bullying com ele , fez com quem não tinha nada haver, a', 'likes': 2, 'publicado_em': '2025-10-02T23:27:18Z'}, {'autor': '@ZanellaCriaNaVoz', 'comentario': '\u200b@SamSilva-x2bFez Oque Fizeram Bullying Com Ele Covardia', 'likes': 0, 'publicado_em': '2025-10-11T06:47:36Z'}]","2ratPeu4BZc","Massacre do Realengo : A Motivação Inesperada por Trás da Tragédia!","4","Mais longos"
"@mcpagano1963","UCy2mjKxr8NBl7rE6P1svauA","http://www.youtube.com/@mcpagano1963","Exatamente hoje, 7 de Abril de 2025, está fazendo 14anos dessa triste tragédia!!!!😢","58","2025-04-08T01:20:00Z","2025-04-08T01:20:00Z","True","True","6","5","[{'autor': '@NaCenaDoCrime_', 'comentario': '😞', 'likes': 4, 'publicado_em': '2025-04-08T01:32:41Z'}, {'autor': '@carolstephanny80', 'comentario': 'No dia do meu aniversário 😢', 'likes': 5, 'publicado_em': '2025-04-08T06:23:06Z'}, {'autor': '@MarileneSantosCruz-j7g', 'comentario': 'Feliz aniversário,\u200b@carolstephanny80', 'likes': 1, 'publicado_em': '2025-04-09T11:58:46Z'}, {'autor': '@luanastefanie3317', 'comentario': 'É aqui na rua a Tasso da Silveira escola', 'likes': 4, 'publicado_em': '2025-04-10T11:24:20Z'}, {'autor': '@beatricepenido7899', 'comentario': 'Já sabemos \u200b@luanastefanie3317', 'likes': 0, 'publicado_em': '2025-07-04T05:46:21Z'}]","2ratPeu4BZc","Massacre do Realengo : A Motivação Inesperada por Trás da Tragédia!","4","Mais longos"
"@tanianeves5523","UCSqkYArf2G5IrjbbFO74NiQ","http://www.youtube.com/@tanianeves5523","Oos pais ensinarem os filhos a respeitar o proximo, tambem e fundamental","11","2025-04-11T23:03:17Z","2025-04-11T23:03:17Z","True","True","1","1","[{'autor': '@NaCenaDoCrime_', 'comentario': 'Tânia, obrigado por assistir e deixar seu comentário!', 'likes': 0, 'publicado_em': '2025-04-14T12:05:53Z'}]","2ratPeu4BZc","Massacre do Realengo : A Motivação Inesperada por Trás da Tragédia!","4","Mais longos"
"@lilianreis556","UCfCEK-p2_DeSsvHBMcKwklQ","http://www.youtube.com/@lilianreis556","Isso mostra também o quanto negligenciamos a questão da saúde mental...","14","2025-05-19T15:27:54Z","2025-05-19T15:27:54Z","True","True","2","2","[{'autor': '@NaCenaDoCrime_', 'comentario': 'Lilian, obrigado por assistir!', 'likes': 2, 'publicado_em': '2025-05-19T15:52:35Z'}, {'autor': '@Kaylane928', 'comentario': 'Realmente', 'likes': 0, 'publicado_em': '2025-07-06T23:44:26Z'}]","2ratPeu4BZc","Massacre do Realengo : A Motivação Inesperada por Trás da Tragédia!","4","Mais longos"
"@rrobamatt","UCPeBr07737yZBpcjY7TmRCA","http://www.youtube.com/@rrobamatt","Esse caso foi terrível. 

Ótimo vídeo, Lordello!","18","2025-04-07T22:21:03Z","2025-04-07T22:21:03Z","True","True","1","1","[{'autor': '@NaCenaDoCrime_', 'comentario': 'Obrigado amigo 😊', 'likes': 2, 'publicado_em': '2025-04-07T23:24:21Z'}]","2ratPeu4BZc","Massacre do Realengo : A Motivação Inesperada por Trás da Tragédia!","4","Mais longos"
"@RickySatan","UCmx6Lx6lD6n2Yfwyvad_5jg","http://www.youtube.com/@RickySatan","Grande mestre nunca vai ser esquecido","1","2025-09-21T03:50:59Z","2025-09-21T03:50:59Z","True","True","1","1","[{'autor': '@NaCenaDoCrime_', 'comentario': 'Ricky, obrigado por assistir e deixar seu comentário!', 'likes': 0, 'publicado_em': '2025-09-22T16:32:18Z'}]","2ratPeu4BZc","Massacre do Realengo : A Motivação Inesperada por Trás da Tragédia!","4","Mais longos"
"@RickySatan","UCmx6Lx6lD6n2Yfwyvad_5jg","http://www.youtube.com/@RickySatan","Meu mestre nunca vai ser esquecido","1","2025-09-21T03:42:11Z","2025-09-21T03:42:11Z","True","True","0","0","[]","2ratPeu4BZc","Massacre do Realengo : A Motivação Inesperada por Trás da Tragédia!","4","Mais longos"
"@TOKiOGBr","UC0UW0NXBc8_jhZPgUY_ja-g","http://www.youtube.com/@TOKiOGBr","a muitos anos atrás na minha cidade eu tinha um amigo muito quieto,eu era a única amiga dele e via ele chorar direto pelo que fazia com ele,e eu tbm sofri bullying (hj é esse nome)
e ele falou pra mim ""eu vou matar todos não vai pra escola,vc é minha amiga e uma boa pessoa.
eu fui,barrei ele na esquina abracei e disse que não valia a pena pq era o último dia de aula e ele era um ótimo desenhista.
hj ele é arquiteto formado e muito bem de vida,tem filhos lindos e ensina que todos são lindos pra alguém e que nada é padrão","79","2022-10-09T13:05:44Z","2022-10-09T13:05:44Z","True","True","5","5","[{'autor': '@LuquinhasNascimento25', 'comentario': 'Que lindo cara😢❤❤\nEle se lembra disso hj em dia? Vcs já conversaram sobre depois q ele amadureceu?', 'likes': 6, 'publicado_em': '2023-04-02T17:08:31Z'}, {'autor': '@zenuis5205', 'comentario': 'Relatos para um livro . Um abraço me salvou .', 'likes': 6, 'publicado_em': '2023-04-09T19:26:31Z'}, {'autor': '@doncomuna378', 'comentario': 'Parabéns por seu ato de compaixão.\nO que você fez não tem preço !', 'likes': 3, 'publicado_em': '2024-06-03T04:36:01Z'}, {'autor': '@anatarssa.art1', 'comentario': 'Você precisa escrever um livro junto com seu amigo para virar best-seller. Até eu compraria!', 'likes': 1, 'publicado_em': '2024-08-08T18:29:58Z'}, {'autor': '@TOKiOGBr', 'comentario': '@LuquinhasNascimento25 sim, passei dez meses em Salvador e a gente se encontrou e dessa vez foi pra fazer as mesmas palhaçadas de antes e sem stress,', 'likes': 0, 'publicado_em': '2024-08-26T16:51:54Z'}]","1z0E6MzLdrA","Massacre do Realengo: marcas deixadas para sempre | Identidade Geral","1","Mais novos"
"@alessandranogueira2268","UCQyAslK-NLg-OiYWc37drvQ","http://www.youtube.com/@alessandranogueira2268","Quem veio aqui pelo o massacre de Suzano S/P dia 13/03/2019 😞😢","763","2019-03-14T02:04:15Z","2019-03-14T02:04:15Z","True","True","39","5","[{'autor': '@foxpaiva4540', 'comentario': 'Eu', 'likes': 0, 'publicado_em': '2019-03-15T19:31:07Z'}, {'autor': '@tia6631', 'comentario': 'Eu', 'likes': 1, 'publicado_em': '2019-03-15T22:08:45Z'}, {'autor': '@yurilima6205', 'comentario': 'Eu', 'likes': 0, 'publicado_em': '2019-03-15T22:47:36Z'}, {'autor': '@vinishow6806', 'comentario': 'Eu', 'likes': 0, 'publicado_em': '2019-03-16T00:42:24Z'}, {'autor': '@fabianaamaral9887', 'comentario': 'Eu vim!!', 'likes': 0, 'publicado_em': '2019-03-16T11:17:02Z'}]","1z0E6MzLdrA","Massacre do Realengo: marcas deixadas para sempre | Identidade Geral","1","Mais novos"
"@clintonnascimento","UC6mYFUmhmBEOqpdhmH0WZDw","http://www.youtube.com/@clintonnascimento","Depois de tanto tempo, o pânico volta a tomar conta das escolas. #ForçaSuzano","275","2019-03-13T15:37:52Z","2019-03-13T15:37:52Z","True","True","5","5","[{'autor': '@tonyclass27', 'comentario': 'vc aqui mano de nv', 'likes': 1, 'publicado_em': '2019-03-13T19:34:49Z'}, {'autor': '@marianeaparecidabeneditoga8799', 'comentario': 'Triste', 'likes': 0, 'publicado_em': '2019-03-13T22:48:39Z'}, {'autor': '@katlenamorin3021', 'comentario': 'Muito triste isso💔', 'likes': 0, 'publicado_em': '2019-03-14T02:13:39Z'}, {'autor': '@Bershmeo', 'comentario': 'Realengo*', 'likes': 0, 'publicado_em': '2022-11-23T04:36:47Z'}, {'autor': '@davidwilker1177', 'comentario': 'Esse ano aconteceu 2 já 😢', 'likes': 2, 'publicado_em': '2023-04-07T21:17:50Z'}]","1z0E6MzLdrA","Massacre do Realengo: marcas deixadas para sempre | Identidade Geral","1","Mais novos"
"@rodrigocolucci7884","UC59o9-ss6UfKEJYSuc9m4qw","http://www.youtube.com/@rodrigocolucci7884","Essa tragédia marcou a minha infância, me lembro como se fosse ontem, 2019 alguém ?","176","2019-01-23T04:58:38Z","2019-01-23T04:58:38Z","True","True","9","5","[{'autor': '@emillylorena5058', 'comentario': 'rodrigo colucci né cara...', 'likes': 0, 'publicado_em': '2019-01-29T04:28:11Z'}, {'autor': '@paolaferreira3715', 'comentario': 'Eu', 'likes': 0, 'publicado_em': '2019-02-01T01:37:40Z'}, {'autor': '@tonyclass27', 'comentario': 'agora em suzano', 'likes': 3, 'publicado_em': '2019-03-13T19:33:36Z'}, {'autor': '@twkfadasensata1993', 'comentario': 'Eu também, o pior é que foi no dia do meu aniversário de 7 anos, me lembro como se fosse ontem..', 'likes': 1, 'publicado_em': '2019-12-03T13:53:29Z'}, {'autor': '@sarahastenreiter931', 'comentario': '2020', 'likes': 0, 'publicado_em': '2020-10-25T16:33:54Z'}]","1z0E6MzLdrA","Massacre do Realengo: marcas deixadas para sempre | Identidade Geral","1","Mais novos"
"@eriamarina4145","UCZ7F6uJ-NompS5Q-_1vV3dQ","http://www.youtube.com/@eriamarina4145","Vim por causa da quinta misteriosa hehe","880","2019-01-23T01:53:43Z","2019-01-23T01:53:43Z","True","True","13","5","[{'autor': '@isabellaalves9642', 'comentario': 'Eu tbm rsrs', 'likes': 1, 'publicado_em': '2019-01-28T02:49:05Z'}, {'autor': '@kellymaria17', 'comentario': 'Eu tbmmm', 'likes': 1, 'publicado_em': '2019-01-28T12:32:54Z'}, {'autor': '@cheleduda', 'comentario': 'Eu tmb kkkk', 'likes': 1, 'publicado_em': '2019-01-28T15:23:28Z'}, {'autor': '@nicolecordeiro6353', 'comentario': 'Kkk eu tambem', 'likes': 1, 'publicado_em': '2019-01-29T15:10:07Z'}, {'autor': '@anavitoriacarvalho1003', 'comentario': 'Eu também kkk', 'likes': 1, 'publicado_em': '2019-01-29T16:31:04Z'}]","1z0E6MzLdrA","Massacre do Realengo: marcas deixadas para sempre | Identidade Geral","1","Mais novos"
"@evellynanzoategui5139","UCa6SjW2OJ3fELeMmOws-DoQ","http://www.youtube.com/@evellynanzoategui5139","Vim por causa do video da jaqueline guerreiro mais alguem veio por ela  ?","2930","2019-01-22T21:31:39Z","2019-01-22T21:31:39Z","True","True","137","5","[{'autor': '@evellynanzoategui5139', 'comentario': 'Tbm amo muitoo ela ❤', 'likes': 7, 'publicado_em': '2019-01-22T22:54:03Z'}, {'autor': '@evellynanzoategui5139', 'comentario': 'Ja vi todos os videos dela do quinta e de maquiagem e entre outros amo de maiss', 'likes': 12, 'publicado_em': '2019-01-22T22:55:01Z'}, {'autor': '@joyceisidorio4983', 'comentario': 'Euu', 'likes': 4, 'publicado_em': '2019-01-22T23:54:32Z'}, {'autor': '@silvanaamorim8994', 'comentario': 'Euzinha. Rsrsrs.😆', 'likes': 3, 'publicado_em': '2019-01-23T01:51:05Z'}, {'autor': '@elizianeborges6719', 'comentario': 'Nóssssssss', 'likes': 2, 'publicado_em': '2019-01-23T02:07:36Z'}]","1z0E6MzLdrA","Massacre do Realengo: marcas deixadas para sempre | Identidade Geral","1","Mais novos"
"@MariaLuisa838","UChGpRO4ixofQi2f5QaHfypw","http://www.youtube.com/@MariaLuisa838","“Com ela eu morri, e por ele eu tinha que ressuscitar.” 💔 17:23","491","2019-01-21T06:59:34Z","2019-01-21T06:59:34Z","True","True","8","5","[{'autor': '@dayannesouto1606', 'comentario': 'Por ele quem ? Eu não entendi essa parte .', 'likes': 4, 'publicado_em': '2019-03-09T23:28:56Z'}, {'autor': '@mariaeduardaazevedo4887', 'comentario': '@dayannesouto1606 o outro filho dela !!', 'likes': 7, 'publicado_em': '2019-03-13T18:35:41Z'}, {'autor': '@mariaeduardaazevedo4887', 'comentario': '@laissouza5526 o outro filho dela', 'likes': 4, 'publicado_em': '2019-03-13T18:35:55Z'}, {'autor': '@gabrielamartins9609', 'comentario': 'Essa é a força de uma mãe. Amor que não se mede.', 'likes': 16, 'publicado_em': '2019-03-16T19:28:38Z'}, {'autor': '@luisascher-cat2188', 'comentario': 'Tipo assim como ela \nEla morreu de dor tristeza \nMas ela tinha outro filho então ela teve que ""ressuscitar"" encontrar forças para cuidar dele', 'likes': 22, 'publicado_em': '2019-03-27T17:19:53Z'}]","1z0E6MzLdrA","Massacre do Realengo: marcas deixadas para sempre | Identidade Geral","1","Mais novos"
"@jcruzcruz538","UC1uVXnnlE7Pn8n8_WvegjEg","http://www.youtube.com/@jcruzcruz538","Quando vc percebe que o caso vai fazer 8 anos","478","2019-01-15T18:25:04Z","2019-01-15T18:25:04Z","True","True","12","5","[{'autor': '@tonyclass27', 'comentario': 'agr no colegio em Suzano', 'likes': 10, 'publicado_em': '2019-03-13T19:31:21Z'}, {'autor': '@felipeferreira2488', 'comentario': 'Será que valeu a pena?)', 'likes': 1, 'publicado_em': '2019-05-01T09:25:01Z'}, {'autor': '@saniyakarishma1058', 'comentario': 'Quase 10 anos', 'likes': 2, 'publicado_em': '2020-10-15T20:32:51Z'}, {'autor': '@mariaclara-ve7xr', 'comentario': 'Agr 10', 'likes': 1, 'publicado_em': '2021-02-19T15:21:03Z'}, {'autor': '@nadaaqui9303', 'comentario': 'Pior é quando vc percebe que falta menos de 1 mês pra completar 10 anos, vcs tem noção, DEZ ANOS', 'likes': 3, 'publicado_em': '2021-03-20T10:27:50Z'}]","1z0E6MzLdrA","Massacre do Realengo: marcas deixadas para sempre | Identidade Geral","1","Mais novos"
"@carlafernanda7132","UCmuZpFs8S94F6YEILcsHk3Q","http://www.youtube.com/@carlafernanda7132","Quase oito anos e eu não consigo esquecer esse dia tão triste e tão terrível mais agradeço a Deus por minha filha ter saido com vida e agradeço tbm pela vida das outras crianças e o sentimento de tristeza pelas crianças que foram morta peço que Deus conforte as famílias que perderam seus filhos porque eu sei que a dor nunca vai passar😢😢","1302","2019-01-12T18:17:53Z","2019-01-12T18:17:53Z","True","True","24","5","[{'autor': '@paasilveira6838', 'comentario': 'Esse rapaz de barba que tem video dele gravado... é  o que matou ?', 'likes': 22, 'publicado_em': '2019-01-18T14:18:14Z'}, {'autor': '@miguelgamer3762', 'comentario': '@paasilveira6838 É sim', 'likes': 8, 'publicado_em': '2019-01-19T06:41:47Z'}, {'autor': '@isaaraujo8622', 'comentario': 'Eu tinha 12 anos na época e me lembro como se fosse hoje!  😪', 'likes': 15, 'publicado_em': '2019-01-21T16:57:42Z'}, {'autor': '@mariaeduardaduarte7835', 'comentario': '@Iluminus MGTOW ME DIZ PRA QUE PRA QUE QUE TU ME DIZ UMA COISA DESSA NESSA AGRESSIVIDADE MANO', 'likes': 15, 'publicado_em': '2019-01-22T23:05:08Z'}, {'autor': '@miguelgamer3762', 'comentario': '@Iluminus MGTOW Tá bom fodão, tenho é dom da tua vida espiritual.', 'likes': 8, 'publicado_em': '2019-01-23T03:21:17Z'}]","1z0E6MzLdrA","Massacre do Realengo: marcas deixadas para sempre | Identidade Geral","1","Mais novos"
"@tainaracandido7436","UCZtcKWBZNox1VcxHC2umKPw","http://www.youtube.com/@tainaracandido7436","E aconteceu dinovo, em 2017 o homem colocou fogo em uma creche e matou varias crianças inocentes e uma professora .. realmente as escolas não tem segurança..😭😢","695","2019-01-12T05:43:09Z","2019-01-21T17:54:19Z","True","True","19","5","[{'autor': '@Joao-tj6rt', 'comentario': '@Um Canal Sobre Tudo ox kkkkkkk', 'likes': 2, 'publicado_em': '2019-01-16T18:09:17Z'}, {'autor': '@deividsouza9078', 'comentario': '@Um Canal Sobre Tudo Que horror chamar as pessoas de vagabunda sem conhecer, tenha respeito. Ridículo!', 'likes': 30, 'publicado_em': '2019-01-17T13:37:38Z'}, {'autor': '@marciaoliveira3560', 'comentario': 'Verdade  foi muito triste.. todos nós aqui da cidade não conseguimos esquecer msm', 'likes': 9, 'publicado_em': '2019-01-21T17:38:30Z'}, {'autor': '@tainaracandido7436', 'comentario': '@Um Canal Sobre Tudo Obrigada por me corrigir, mas prefiro errar na escrita do que ser um sem educação igual vc amargurado!', 'likes': 20, 'publicado_em': '2019-01-21T18:19:35Z'}, {'autor': '@Gabryyella1', 'comentario': '@Um Canal Sobre Tudo vc é cego, ela escreveu 2017.', 'likes': 5, 'publicado_em': '2019-01-25T13:07:28Z'}]","1z0E6MzLdrA","Massacre do Realengo: marcas deixadas para sempre | Identidade Geral","1","Mais novos"
"@stephanieesteves2179","UCGVZ9A3tLOuIFcUaFLol8yw","http://www.youtube.com/@stephanieesteves2179","Mtttttt triste 😥 janeiro de 2019 , alguém aí?","1847","2019-01-12T01:52:55Z","2019-01-12T01:52:55Z","True","True","35","5","[{'autor': '@angelicaminhacasanaroca3921', 'comentario': '😭😭😭', 'likes': 1, 'publicado_em': '2019-01-14T00:29:30Z'}, {'autor': '@karlacarvalho9187', 'comentario': '🤙🏻', 'likes': 0, 'publicado_em': '2019-01-14T05:17:07Z'}, {'autor': '@SandraSantos-sd1zq', 'comentario': 'Chorando aki  ouvindo o grito das mães  desesperadas...meu Deus  do céu 😭😭😭😭😭😭', 'likes': 0, 'publicado_em': '2019-01-14T21:25:16Z'}, {'autor': '@laised2776', 'comentario': 'Euu', 'likes': 0, 'publicado_em': '2019-01-15T00:00:37Z'}, {'autor': '@laised2776', 'comentario': 'Aq no rj naquela época foi muito triste', 'likes': 1, 'publicado_em': '2019-01-15T00:00:57Z'}]","1z0E6MzLdrA","Massacre do Realengo: marcas deixadas para sempre | Identidade Geral","1","Mais novos"
"@anielegomes6498","UCJwEVNavcF9QbiXGri5HYuQ","http://www.youtube.com/@anielegomes6498","Alguém em 2019","2690","2019-01-09T06:56:45Z","2019-01-09T06:56:45Z","True","True","60","5","[{'autor': '@romanoficial6740', 'comentario': 'Me chama no zap ❤', 'likes': 2, 'publicado_em': '2019-01-10T09:47:05Z'}, {'autor': '@sabrinasilva5550', 'comentario': 'Eu 😔😪', 'likes': 1, 'publicado_em': '2019-01-11T03:57:55Z'}, {'autor': '@novelasecia9044', 'comentario': 'Euj', 'likes': 1, 'publicado_em': '2019-01-11T07:04:43Z'}, {'autor': '@karolinasommer2010', 'comentario': 'aniele fernandes EU', 'likes': 1, 'publicado_em': '2019-01-12T15:19:02Z'}, {'autor': '@leticia667', 'comentario': '@em86rs ericaermirella exatamente', 'likes': 0, 'publicado_em': '2019-01-12T17:54:21Z'}]","1z0E6MzLdrA","Massacre do Realengo: marcas deixadas para sempre | Identidade Geral","1","Mais novos"
"@umnomeai5626","UCaElyr1vQ6JAha3OKEiM0ZA","http://www.youtube.com/@umnomeai5626","Só De Lembrar Da Vontade De Chorar Agr Em 2019 Completa 8 Anos Já...💔","582","2019-01-08T17:21:06Z","2019-01-08T17:21:06Z","True","True","9","5","[{'autor': '@anielegomes6498', 'comentario': 'Verdade 😥', 'likes': 3, 'publicado_em': '2019-01-09T06:54:59Z'}, {'autor': '@talinetali1827', 'comentario': 'muito triste 😥😥', 'likes': 4, 'publicado_em': '2019-01-09T18:31:07Z'}, {'autor': '@laised2776', 'comentario': '😫😭😭', 'likes': 1, 'publicado_em': '2019-01-14T00:42:06Z'}, {'autor': '@luciaeva4607', 'comentario': '😥', 'likes': 0, 'publicado_em': '2019-01-14T22:57:42Z'}, {'autor': '@karinagoncalves3273', 'comentario': 'TRISTE', 'likes': 1, 'publicado_em': '2019-01-17T00:37:47Z'}]","1z0E6MzLdrA","Massacre do Realengo: marcas deixadas para sempre | Identidade Geral","1","Mais novos"
"@sidneyjr5314","UChUlkmpro386-FjsgOjAsTQ","http://www.youtube.com/@sidneyjr5314","A menina que é  entrevistada é  tão linda...carismática...que de tudo certo pra ela...","2482","2019-01-07T05:44:28Z","2019-01-07T05:44:28Z","True","True","38","5","[{'autor': '@violetlunna', 'comentario': 'Simm! Muito educada e se expressa bem', 'likes': 95, 'publicado_em': '2019-01-09T03:05:18Z'}, {'autor': '@dekadias8979', 'comentario': 'Ela é sobrinha da minha amiga.', 'likes': 42, 'publicado_em': '2019-01-12T20:08:58Z'}, {'autor': '@vitoriacamilla7385', 'comentario': '@dekadias8979 como ela tá hoje em dia?', 'likes': 11, 'publicado_em': '2019-01-14T16:46:45Z'}, {'autor': '@girassol244', 'comentario': '@dekadias8979 como está ?', 'likes': 6, 'publicado_em': '2019-01-14T22:28:00Z'}, {'autor': '@beatrizmaria6597', 'comentario': 'Gente ela ta linda ainda, super carismática... Falei com ela e ela falou que logo vai começar a gravar videos pro YT', 'likes': 27, 'publicado_em': '2019-01-24T05:24:15Z'}]","1z0E6MzLdrA","Massacre do Realengo: marcas deixadas para sempre | Identidade Geral","1","Mais novos"
"@HSG-bf8ey","UCQuToasB2Yx566-rdvKc03A","http://www.youtube.com/@HSG-bf8ey","E o pior é que as pessoas n fazem nada pra mudar isso, muito menos as escolas. Eu sofri muito bulling na 4 série até o 9 ano por ser acima do peso, e sabe oq as pessoa falavam pra mim? ""Pq vc n fecha a boca"" ""vai pra academia"". Por muito tempo pensei em me vingar de cada pessoa que tirou sarro de mim e a diretoria por n ter feito nada com esses alunos, mas a solução n é a vingança e sim o perdão. Perdoe todos aqueles que tiraram sarro de vc e peça para Deus levar eles ao caminho do bem, vc vai ver como melhora seu dia","440","2019-01-04T12:16:56Z","2019-01-04T12:16:56Z","True","True","18","5","[{'autor': '@lisioliveira4144', 'comentario': 'Também passei por isso, por causa do meu peso e cabelo. Os próprios professores  faziam isso, mas a culpa não é deles e da gente por que era gordo. 😑', 'likes': 13, 'publicado_em': '2019-01-11T18:25:46Z'}, {'autor': '@biancaelcarvalhobc8112', 'comentario': 'Vc seria uma sobrevivente', 'likes': 1, 'publicado_em': '2019-01-12T15:14:42Z'}, {'autor': '@lisioliveira4144', 'comentario': '@biancaelcarvalhobc8112 Não tenho tanta certeza, essa garota do vídeo não é nenhuma miss e quase morreu.', 'likes': 6, 'publicado_em': '2019-01-12T15:20:38Z'}, {'autor': '@Keith_sfc', 'comentario': '@lisioliveira4144  Pior que o cara disse que ela iria morrer pq era muito bonitinha. O que se passava na cabeça do cara ?', 'likes': 6, 'publicado_em': '2019-01-15T03:29:49Z'}, {'autor': '@laurasantos1417', 'comentario': '@Keith_sfc esse cara tava louco em fazer uma justificativa  tão imbecil.', 'likes': 3, 'publicado_em': '2019-01-20T02:34:01Z'}]","1z0E6MzLdrA","Massacre do Realengo: marcas deixadas para sempre | Identidade Geral","1","Mais novos"
"@brunonunes5564","UCSsm1NxlNPl_LkGn7AHj1cQ","http://www.youtube.com/@brunonunes5564","Queria saber como devem ter ficado com a consciência pesada os que cometeram Bullying com ele no passado sabendo o que ele fez !","780","2018-09-17T08:09:27Z","2018-09-17T08:09:27Z","True","True","78","5","[{'autor': '@ittybittypiggy5793', 'comentario': 'Vdd mais os 12 anjinhos estao no ceu....', 'likes': 48, 'publicado_em': '2018-12-20T03:58:08Z'}, {'autor': '@josilenerosa2260', 'comentario': 'Quem fez bullim com ele nao tem nada a ver com isso. So piscopatas fazem isso. A maldade ja morava dentro dele.   E so os idiotas. Acreditam k bullim justifica uma atrocidade', 'likes': 105, 'publicado_em': '2019-01-07T17:54:46Z'}, {'autor': '@mariaaraujo3967', 'comentario': 'Eles devem ta com a conciencia pesada se não foce bullying talvez isso nunca aconteceria \nNinguém sabe oque o bullying pode fazer com a cabeça de uma pessoa tem gente que supera outras não', 'likes': 139, 'publicado_em': '2019-01-08T01:15:55Z'}, {'autor': '@yeniferbarbosa8192', 'comentario': 'Consciencia nada. Quem sente prazer em humilhar os outros nao tem consciencia.', 'likes': 160, 'publicado_em': '2019-01-08T04:29:48Z'}, {'autor': '@GustavoHenrique-id9qm', 'comentario': '@ittybittypiggy5793 se não sabe, as 12 vítimas não tinham nada a ver com o Bullying que esse animal sofreu', 'likes': 38, 'publicado_em': '2019-01-09T00:17:56Z'}]","1z0E6MzLdrA","Massacre do Realengo: marcas deixadas para sempre | Identidade Geral","1","Mais novos"
"@Alinci","UCMod5a2gjh53dststed7KyA","http://www.youtube.com/@Alinci","Gente isso foi muito triste. Na época eu tinha medo de ir pra escola achando que ia entrar alguem lá dentro e fazer o mesmo","630","2018-01-11T01:50:43Z","2018-01-11T01:50:43Z","True","True","18","5","[{'autor': '@marcellanayka9040', 'comentario': 'Aline Cristina eu  tanbem fiquei três dias  sem ir para escola', 'likes': 2, 'publicado_em': '2018-02-16T07:24:08Z'}, {'autor': '@Cortesecco', 'comentario': 'Aline Cristina eu também fiquei com medo tanto que no dia após este fato eu não fui a escola pq eu fiquei a noite toda acordado.', 'likes': 5, 'publicado_em': '2018-12-10T22:53:37Z'}, {'autor': '@fernandabaroni868', 'comentario': 'Eu tbm, na época eu estudava em escola pública fiquei com trauma de ir para a mesma e tive que me transferir para outra escola sendo ela particular onde me senti mais ""segura""', 'likes': 1, 'publicado_em': '2019-01-14T22:36:32Z'}, {'autor': '@pamel_rosa', 'comentario': 'Eu também fiquei com medo, estava no 7° ano, isso porquê sou de Brasília e sempre estudei em colégio particular com uma segurança boa, imagina quem estudava no RJ, em colégios públicos que quase não tem segurança?', 'likes': 2, 'publicado_em': '2019-01-21T15:38:53Z'}, {'autor': '@isabellourenco282', 'comentario': 'eu fiquei com medo tbm....e olha q a minha escola e em uma cidade onde gracas a Deus não tem essa violencia toda🙏', 'likes': 0, 'publicado_em': '2019-01-24T00:03:37Z'}]","1z0E6MzLdrA","Massacre do Realengo: marcas deixadas para sempre | Identidade Geral","1","Mais novos"
"@ImagineumNomelegal01","UCibaGdapqaVqN8cOWb8ixBA","http://www.youtube.com/@ImagineumNomelegal01","""monstros não nascem, não criados""","669","2016-08-03T15:25:03Z","2016-08-03T15:25:03Z","True","True","15","5","[{'autor': '@videosqualquer7944', 'comentario': 'nao,alguns nascem mas a maioria são criados', 'likes': 59, 'publicado_em': '2016-09-11T16:05:10Z'}, {'autor': '@kellymoraes2787', 'comentario': 'Verdade,criança que tem o carinho e apoio dos pais não fazem isso!', 'likes': 16, 'publicado_em': '2019-01-08T13:43:24Z'}, {'autor': '@vestahelios3181', 'comentario': '@kellymoraes2787 não  podemos deixar o deboche o bullyng a gozação tem que ser banido do vamos criar um mundo melhor no futuro.', 'likes': 19, 'publicado_em': '2019-01-09T02:00:01Z'}, {'autor': '@vestahelios3181', 'comentario': 'Lenita Alves  cm prazer qual é o seu canal? Bjs', 'likes': 1, 'publicado_em': '2019-01-09T02:26:17Z'}, {'autor': '@violetlunna', 'comentario': 'Nascem sim', 'likes': 1, 'publicado_em': '2019-01-09T03:04:46Z'}]","1z0E6MzLdrA","Massacre do Realengo: marcas deixadas para sempre | Identidade Geral","1","Mais novos"
"@rafaelnery8388","UCMNwZssKkMJlVi00Un5lQkQ","http://www.youtube.com/@rafaelnery8388","Deu um medo quando ela.disse que olhou para ele e viu fogo e derretepente ele aparece no vídeo","555","2016-07-08T11:13:10Z","2016-07-08T11:13:10Z","True","True","23","5","[{'autor': '@elorochimaro2264', 'comentario': 'Pura deu maior susto vey', 'likes': 36, 'publicado_em': '2016-07-16T19:59:46Z'}, {'autor': '@rafaelnery8388', 'comentario': '+Dygo gamer mesmo', 'likes': 5, 'publicado_em': '2016-07-16T20:00:26Z'}, {'autor': '@eu-ff2pe', 'comentario': 'Tomei um susto 🌝', 'likes': 12, 'publicado_em': '2016-08-04T22:22:33Z'}, {'autor': '@raypl5740', 'comentario': '+Pru Pru Eu tbm kkk', 'likes': 3, 'publicado_em': '2016-08-12T14:49:52Z'}, {'autor': '@yiiymoba362', 'comentario': 'Rafael Nery Assusto Kkk', 'likes': 2, 'publicado_em': '2017-10-11T13:08:46Z'}]","1z0E6MzLdrA","Massacre do Realengo: marcas deixadas para sempre | Identidade Geral","1","Mais novos"
"@fabethmorrissey5989","UCGQsDCnYhXS1qlZkkRPffyw","http://www.youtube.com/@fabethmorrissey5989","08:42 ''...Ele olhava e eu via fogo nos olhos dele...'' Curioso esse relato da moça.
Outros sobreviventes dizem ter visto a mesma coisa nos olhos do assassino.
Fogo nos olhos.

Como foi triste esse episódio, a morte de tantos inocentes.
Que a grande luz guarde todos eles e ampare a familia.","1385","2015-07-24T01:01:16Z","2015-07-24T01:01:16Z","True","True","30","5","[{'autor': '@thaynaramariano7763', 'comentario': 'mas quando VC olha a foto VC vê a mesma coisa', 'likes': 49, 'publicado_em': '2015-10-19T22:46:28Z'}, {'autor': '@raypl5740', 'comentario': '+Thaynara Mariano sua farda é igual das mina credo', 'likes': 9, 'publicado_em': '2016-08-12T14:59:56Z'}, {'autor': '@pablov1tar195', 'comentario': 'Fabeth Morrissey grande luz???\nEstranho.', 'likes': 5, 'publicado_em': '2017-10-29T21:37:56Z'}, {'autor': '@FelipeSouza-qi5ql', 'comentario': '+UmaAutêntica Do Mc Daleste uniforme do rio', 'likes': 5, 'publicado_em': '2018-12-30T21:32:10Z'}, {'autor': '@Sarinhavlog17', 'comentario': 'Eu já vi isso realmente são pessoas tomadas pelo inimigo sei que tem pessoas que não acreditam mais existe', 'likes': 82, 'publicado_em': '2019-01-07T19:07:44Z'}]","1z0E6MzLdrA","Massacre do Realengo: marcas deixadas para sempre | Identidade Geral","1","Mais novos"
"@fabethmorrissey5989","UCGQsDCnYhXS1qlZkkRPffyw","http://www.youtube.com/@fabethmorrissey5989","08:42 ''...Ele olhava e eu via fogo nos olhos dele...'' Curioso esse relato da moça.
Outros sobreviventes dizem ter visto a mesma coisa nos olhos do assassino.
Fogo nos olhos.

Como foi triste esse episódio, a morte de tantos inocentes.
Que a grande luz guarde todos eles e ampare a familia.","1385","2015-07-24T01:01:16Z","2015-07-24T01:01:16Z","True","True","30","5","[{'autor': '@thaynaramariano7763', 'comentario': 'mas quando VC olha a foto VC vê a mesma coisa', 'likes': 49, 'publicado_em': '2015-10-19T22:46:28Z'}, {'autor': '@raypl5740', 'comentario': '+Thaynara Mariano sua farda é igual das mina credo', 'likes': 9, 'publicado_em': '2016-08-12T14:59:56Z'}, {'autor': '@pablov1tar195', 'comentario': 'Fabeth Morrissey grande luz???\nEstranho.', 'likes': 5, 'publicado_em': '2017-10-29T21:37:56Z'}, {'autor': '@FelipeSouza-qi5ql', 'comentario': '+UmaAutêntica Do Mc Daleste uniforme do rio', 'likes': 5, 'publicado_em': '2018-12-30T21:32:10Z'}, {'autor': '@Sarinhavlog17', 'comentario': 'Eu já vi isso realmente são pessoas tomadas pelo inimigo sei que tem pessoas que não acreditam mais existe', 'likes': 82, 'publicado_em': '2019-01-07T19:07:44Z'}]","1z0E6MzLdrA","Massacre do Realengo: marcas deixadas para sempre | Identidade Geral","2","Mais antigos"
"@rafaelnery8388","UCMNwZssKkMJlVi00Un5lQkQ","http://www.youtube.com/@rafaelnery8388","Deu um medo quando ela.disse que olhou para ele e viu fogo e derretepente ele aparece no vídeo","555","2016-07-08T11:13:10Z","2016-07-08T11:13:10Z","True","True","23","5","[{'autor': '@elorochimaro2264', 'comentario': 'Pura deu maior susto vey', 'likes': 36, 'publicado_em': '2016-07-16T19:59:46Z'}, {'autor': '@rafaelnery8388', 'comentario': '+Dygo gamer mesmo', 'likes': 5, 'publicado_em': '2016-07-16T20:00:26Z'}, {'autor': '@eu-ff2pe', 'comentario': 'Tomei um susto 🌝', 'likes': 12, 'publicado_em': '2016-08-04T22:22:33Z'}, {'autor': '@raypl5740', 'comentario': '+Pru Pru Eu tbm kkk', 'likes': 3, 'publicado_em': '2016-08-12T14:49:52Z'}, {'autor': '@yiiymoba362', 'comentario': 'Rafael Nery Assusto Kkk', 'likes': 2, 'publicado_em': '2017-10-11T13:08:46Z'}]","1z0E6MzLdrA","Massacre do Realengo: marcas deixadas para sempre | Identidade Geral","2","Mais antigos"
"@ImagineumNomelegal01","UCibaGdapqaVqN8cOWb8ixBA","http://www.youtube.com/@ImagineumNomelegal01","""monstros não nascem, não criados""","669","2016-08-03T15:25:03Z","2016-08-03T15:25:03Z","True","True","15","5","[{'autor': '@videosqualquer7944', 'comentario': 'nao,alguns nascem mas a maioria são criados', 'likes': 59, 'publicado_em': '2016-09-11T16:05:10Z'}, {'autor': '@kellymoraes2787', 'comentario': 'Verdade,criança que tem o carinho e apoio dos pais não fazem isso!', 'likes': 16, 'publicado_em': '2019-01-08T13:43:24Z'}, {'autor': '@vestahelios3181', 'comentario': '@kellymoraes2787 não  podemos deixar o deboche o bullyng a gozação tem que ser banido do vamos criar um mundo melhor no futuro.', 'likes': 19, 'publicado_em': '2019-01-09T02:00:01Z'}, {'autor': '@vestahelios3181', 'comentario': 'Lenita Alves  cm prazer qual é o seu canal? Bjs', 'likes': 1, 'publicado_em': '2019-01-09T02:26:17Z'}, {'autor': '@violetlunna', 'comentario': 'Nascem sim', 'likes': 1, 'publicado_em': '2019-01-09T03:04:46Z'}]","1z0E6MzLdrA","Massacre do Realengo: marcas deixadas para sempre | Identidade Geral","2","Mais antigos"
"@Alinci","UCMod5a2gjh53dststed7KyA","http://www.youtube.com/@Alinci","Gente isso foi muito triste. Na época eu tinha medo de ir pra escola achando que ia entrar alguem lá dentro e fazer o mesmo","630","2018-01-11T01:50:43Z","2018-01-11T01:50:43Z","True","True","18","5","[{'autor': '@marcellanayka9040', 'comentario': 'Aline Cristina eu  tanbem fiquei três dias  sem ir para escola', 'likes': 2, 'publicado_em': '2018-02-16T07:24:08Z'}, {'autor': '@Cortesecco', 'comentario': 'Aline Cristina eu também fiquei com medo tanto que no dia após este fato eu não fui a escola pq eu fiquei a noite toda acordado.', 'likes': 5, 'publicado_em': '2018-12-10T22:53:37Z'}, {'autor': '@fernandabaroni868', 'comentario': 'Eu tbm, na época eu estudava em escola pública fiquei com trauma de ir para a mesma e tive que me transferir para outra escola sendo ela particular onde me senti mais ""segura""', 'likes': 1, 'publicado_em': '2019-01-14T22:36:32Z'}, {'autor': '@pamel_rosa', 'comentario': 'Eu também fiquei com medo, estava no 7° ano, isso porquê sou de Brasília e sempre estudei em colégio particular com uma segurança boa, imagina quem estudava no RJ, em colégios públicos que quase não tem segurança?', 'likes': 2, 'publicado_em': '2019-01-21T15:38:53Z'}, {'autor': '@isabellourenco282', 'comentario': 'eu fiquei com medo tbm....e olha q a minha escola e em uma cidade onde gracas a Deus não tem essa violencia toda🙏', 'likes': 0, 'publicado_em': '2019-01-24T00:03:37Z'}]","1z0E6MzLdrA","Massacre do Realengo: marcas deixadas para sempre | Identidade Geral","2","Mais antigos"
"@brunonunes5564","UCSsm1NxlNPl_LkGn7AHj1cQ","http://www.youtube.com/@brunonunes5564","Queria saber como devem ter ficado com a consciência pesada os que cometeram Bullying com ele no passado sabendo o que ele fez !","780","2018-09-17T08:09:27Z","2018-09-17T08:09:27Z","True","True","78","5","[{'autor': '@ittybittypiggy5793', 'comentario': 'Vdd mais os 12 anjinhos estao no ceu....', 'likes': 48, 'publicado_em': '2018-12-20T03:58:08Z'}, {'autor': '@josilenerosa2260', 'comentario': 'Quem fez bullim com ele nao tem nada a ver com isso. So piscopatas fazem isso. A maldade ja morava dentro dele.   E so os idiotas. Acreditam k bullim justifica uma atrocidade', 'likes': 105, 'publicado_em': '2019-01-07T17:54:46Z'}, {'autor': '@mariaaraujo3967', 'comentario': 'Eles devem ta com a conciencia pesada se não foce bullying talvez isso nunca aconteceria \nNinguém sabe oque o bullying pode fazer com a cabeça de uma pessoa tem gente que supera outras não', 'likes': 139, 'publicado_em': '2019-01-08T01:15:55Z'}, {'autor': '@yeniferbarbosa8192', 'comentario': 'Consciencia nada. Quem sente prazer em humilhar os outros nao tem consciencia.', 'likes': 160, 'publicado_em': '2019-01-08T04:29:48Z'}, {'autor': '@GustavoHenrique-id9qm', 'comentario': '@ittybittypiggy5793 se não sabe, as 12 vítimas não tinham nada a ver com o Bullying que esse animal sofreu', 'likes': 38, 'publicado_em': '2019-01-09T00:17:56Z'}]","1z0E6MzLdrA","Massacre do Realengo: marcas deixadas para sempre | Identidade Geral","2","Mais antigos"
"@HSG-bf8ey","UCQuToasB2Yx566-rdvKc03A","http://www.youtube.com/@HSG-bf8ey","E o pior é que as pessoas n fazem nada pra mudar isso, muito menos as escolas. Eu sofri muito bulling na 4 série até o 9 ano por ser acima do peso, e sabe oq as pessoa falavam pra mim? ""Pq vc n fecha a boca"" ""vai pra academia"". Por muito tempo pensei em me vingar de cada pessoa que tirou sarro de mim e a diretoria por n ter feito nada com esses alunos, mas a solução n é a vingança e sim o perdão. Perdoe todos aqueles que tiraram sarro de vc e peça para Deus levar eles ao caminho do bem, vc vai ver como melhora seu dia","440","2019-01-04T12:16:56Z","2019-01-04T12:16:56Z","True","True","18","5","[{'autor': '@lisioliveira4144', 'comentario': 'Também passei por isso, por causa do meu peso e cabelo. Os próprios professores  faziam isso, mas a culpa não é deles e da gente por que era gordo. 😑', 'likes': 13, 'publicado_em': '2019-01-11T18:25:46Z'}, {'autor': '@biancaelcarvalhobc8112', 'comentario': 'Vc seria uma sobrevivente', 'likes': 1, 'publicado_em': '2019-01-12T15:14:42Z'}, {'autor': '@lisioliveira4144', 'comentario': '@biancaelcarvalhobc8112 Não tenho tanta certeza, essa garota do vídeo não é nenhuma miss e quase morreu.', 'likes': 6, 'publicado_em': '2019-01-12T15:20:38Z'}, {'autor': '@Keith_sfc', 'comentario': '@lisioliveira4144  Pior que o cara disse que ela iria morrer pq era muito bonitinha. O que se passava na cabeça do cara ?', 'likes': 6, 'publicado_em': '2019-01-15T03:29:49Z'}, {'autor': '@laurasantos1417', 'comentario': '@Keith_sfc esse cara tava louco em fazer uma justificativa  tão imbecil.', 'likes': 3, 'publicado_em': '2019-01-20T02:34:01Z'}]","1z0E6MzLdrA","Massacre do Realengo: marcas deixadas para sempre | Identidade Geral","2","Mais antigos"
"@sidneyjr5314","UChUlkmpro386-FjsgOjAsTQ","http://www.youtube.com/@sidneyjr5314","A menina que é  entrevistada é  tão linda...carismática...que de tudo certo pra ela...","2482","2019-01-07T05:44:28Z","2019-01-07T05:44:28Z","True","True","38","5","[{'autor': '@violetlunna', 'comentario': 'Simm! Muito educada e se expressa bem', 'likes': 95, 'publicado_em': '2019-01-09T03:05:18Z'}, {'autor': '@dekadias8979', 'comentario': 'Ela é sobrinha da minha amiga.', 'likes': 42, 'publicado_em': '2019-01-12T20:08:58Z'}, {'autor': '@vitoriacamilla7385', 'comentario': '@dekadias8979 como ela tá hoje em dia?', 'likes': 11, 'publicado_em': '2019-01-14T16:46:45Z'}, {'autor': '@girassol244', 'comentario': '@dekadias8979 como está ?', 'likes': 6, 'publicado_em': '2019-01-14T22:28:00Z'}, {'autor': '@beatrizmaria6597', 'comentario': 'Gente ela ta linda ainda, super carismática... Falei com ela e ela falou que logo vai começar a gravar videos pro YT', 'likes': 27, 'publicado_em': '2019-01-24T05:24:15Z'}]","1z0E6MzLdrA","Massacre do Realengo: marcas deixadas para sempre | Identidade Geral","2","Mais antigos"
"@umnomeai5626","UCaElyr1vQ6JAha3OKEiM0ZA","http://www.youtube.com/@umnomeai5626","Só De Lembrar Da Vontade De Chorar Agr Em 2019 Completa 8 Anos Já...💔","582","2019-01-08T17:21:06Z","2019-01-08T17:21:06Z","True","True","9","5","[{'autor': '@anielegomes6498', 'comentario': 'Verdade 😥', 'likes': 3, 'publicado_em': '2019-01-09T06:54:59Z'}, {'autor': '@talinetali1827', 'comentario': 'muito triste 😥😥', 'likes': 4, 'publicado_em': '2019-01-09T18:31:07Z'}, {'autor': '@laised2776', 'comentario': '😫😭😭', 'likes': 1, 'publicado_em': '2019-01-14T00:42:06Z'}, {'autor': '@luciaeva4607', 'comentario': '😥', 'likes': 0, 'publicado_em': '2019-01-14T22:57:42Z'}, {'autor': '@karinagoncalves3273', 'comentario': 'TRISTE', 'likes': 1, 'publicado_em': '2019-01-17T00:37:47Z'}]","1z0E6MzLdrA","Massacre do Realengo: marcas deixadas para sempre | Identidade Geral","2","Mais antigos"
"@anielegomes6498","UCJwEVNavcF9QbiXGri5HYuQ","http://www.youtube.com/@anielegomes6498","Alguém em 2019","2690","2019-01-09T06:56:45Z","2019-01-09T06:56:45Z","True","True","60","5","[{'autor': '@romanoficial6740', 'comentario': 'Me chama no zap ❤', 'likes': 2, 'publicado_em': '2019-01-10T09:47:05Z'}, {'autor': '@sabrinasilva5550', 'comentario': 'Eu 😔😪', 'likes': 1, 'publicado_em': '2019-01-11T03:57:55Z'}, {'autor': '@novelasecia9044', 'comentario': 'Euj', 'likes': 1, 'publicado_em': '2019-01-11T07:04:43Z'}, {'autor': '@karolinasommer2010', 'comentario': 'aniele fernandes EU', 'likes': 1, 'publicado_em': '2019-01-12T15:19:02Z'}, {'autor': '@leticia667', 'comentario': '@em86rs ericaermirella exatamente', 'likes': 0, 'publicado_em': '2019-01-12T17:54:21Z'}]","1z0E6MzLdrA","Massacre do Realengo: marcas deixadas para sempre | Identidade Geral","2","Mais antigos"
"@stephanieesteves2179","UCGVZ9A3tLOuIFcUaFLol8yw","http://www.youtube.com/@stephanieesteves2179","Mtttttt triste 😥 janeiro de 2019 , alguém aí?","1847","2019-01-12T01:52:55Z","2019-01-12T01:52:55Z","True","True","35","5","[{'autor': '@angelicaminhacasanaroca3921', 'comentario': '😭😭😭', 'likes': 1, 'publicado_em': '2019-01-14T00:29:30Z'}, {'autor': '@karlacarvalho9187', 'comentario': '🤙🏻', 'likes': 0, 'publicado_em': '2019-01-14T05:17:07Z'}, {'autor': '@SandraSantos-sd1zq', 'comentario': 'Chorando aki  ouvindo o grito das mães  desesperadas...meu Deus  do céu 😭😭😭😭😭😭', 'likes': 0, 'publicado_em': '2019-01-14T21:25:16Z'}, {'autor': '@laised2776', 'comentario': 'Euu', 'likes': 0, 'publicado_em': '2019-01-15T00:00:37Z'}, {'autor': '@laised2776', 'comentario': 'Aq no rj naquela época foi muito triste', 'likes': 1, 'publicado_em': '2019-01-15T00:00:57Z'}]","1z0E6MzLdrA","Massacre do Realengo: marcas deixadas para sempre | Identidade Geral","2","Mais antigos"
"@tainaracandido7436","UCZtcKWBZNox1VcxHC2umKPw","http://www.youtube.com/@tainaracandido7436","E aconteceu dinovo, em 2017 o homem colocou fogo em uma creche e matou varias crianças inocentes e uma professora .. realmente as escolas não tem segurança..😭😢","695","2019-01-12T05:43:09Z","2019-01-21T17:54:19Z","True","True","19","5","[{'autor': '@Joao-tj6rt', 'comentario': '@Um Canal Sobre Tudo ox kkkkkkk', 'likes': 2, 'publicado_em': '2019-01-16T18:09:17Z'}, {'autor': '@deividsouza9078', 'comentario': '@Um Canal Sobre Tudo Que horror chamar as pessoas de vagabunda sem conhecer, tenha respeito. Ridículo!', 'likes': 30, 'publicado_em': '2019-01-17T13:37:38Z'}, {'autor': '@marciaoliveira3560', 'comentario': 'Verdade  foi muito triste.. todos nós aqui da cidade não conseguimos esquecer msm', 'likes': 9, 'publicado_em': '2019-01-21T17:38:30Z'}, {'autor': '@tainaracandido7436', 'comentario': '@Um Canal Sobre Tudo Obrigada por me corrigir, mas prefiro errar na escrita do que ser um sem educação igual vc amargurado!', 'likes': 20, 'publicado_em': '2019-01-21T18:19:35Z'}, {'autor': '@Gabryyella1', 'comentario': '@Um Canal Sobre Tudo vc é cego, ela escreveu 2017.', 'likes': 5, 'publicado_em': '2019-01-25T13:07:28Z'}]","1z0E6MzLdrA","Massacre do Realengo: marcas deixadas para sempre | Identidade Geral","2","Mais antigos"
"@carlafernanda7132","UCmuZpFs8S94F6YEILcsHk3Q","http://www.youtube.com/@carlafernanda7132","Quase oito anos e eu não consigo esquecer esse dia tão triste e tão terrível mais agradeço a Deus por minha filha ter saido com vida e agradeço tbm pela vida das outras crianças e o sentimento de tristeza pelas crianças que foram morta peço que Deus conforte as famílias que perderam seus filhos porque eu sei que a dor nunca vai passar😢😢","1302","2019-01-12T18:17:53Z","2019-01-12T18:17:53Z","True","True","24","5","[{'autor': '@paasilveira6838', 'comentario': 'Esse rapaz de barba que tem video dele gravado... é  o que matou ?', 'likes': 22, 'publicado_em': '2019-01-18T14:18:14Z'}, {'autor': '@miguelgamer3762', 'comentario': '@paasilveira6838 É sim', 'likes': 8, 'publicado_em': '2019-01-19T06:41:47Z'}, {'autor': '@isaaraujo8622', 'comentario': 'Eu tinha 12 anos na época e me lembro como se fosse hoje!  😪', 'likes': 15, 'publicado_em': '2019-01-21T16:57:42Z'}, {'autor': '@mariaeduardaduarte7835', 'comentario': '@Iluminus MGTOW ME DIZ PRA QUE PRA QUE QUE TU ME DIZ UMA COISA DESSA NESSA AGRESSIVIDADE MANO', 'likes': 15, 'publicado_em': '2019-01-22T23:05:08Z'}, {'autor': '@miguelgamer3762', 'comentario': '@Iluminus MGTOW Tá bom fodão, tenho é dom da tua vida espiritual.', 'likes': 8, 'publicado_em': '2019-01-23T03:21:17Z'}]","1z0E6MzLdrA","Massacre do Realengo: marcas deixadas para sempre | Identidade Geral","2","Mais antigos"
"@jcruzcruz538","UC1uVXnnlE7Pn8n8_WvegjEg","http://www.youtube.com/@jcruzcruz538","Quando vc percebe que o caso vai fazer 8 anos","478","2019-01-15T18:25:04Z","2019-01-15T18:25:04Z","True","True","12","5","[{'autor': '@tonyclass27', 'comentario': 'agr no colegio em Suzano', 'likes': 10, 'publicado_em': '2019-03-13T19:31:21Z'}, {'autor': '@felipeferreira2488', 'comentario': 'Será que valeu a pena?)', 'likes': 1, 'publicado_em': '2019-05-01T09:25:01Z'}, {'autor': '@saniyakarishma1058', 'comentario': 'Quase 10 anos', 'likes': 2, 'publicado_em': '2020-10-15T20:32:51Z'}, {'autor': '@mariaclara-ve7xr', 'comentario': 'Agr 10', 'likes': 1, 'publicado_em': '2021-02-19T15:21:03Z'}, {'autor': '@nadaaqui9303', 'comentario': 'Pior é quando vc percebe que falta menos de 1 mês pra completar 10 anos, vcs tem noção, DEZ ANOS', 'likes': 3, 'publicado_em': '2021-03-20T10:27:50Z'}]","1z0E6MzLdrA","Massacre do Realengo: marcas deixadas para sempre | Identidade Geral","2","Mais antigos"
"@MariaLuisa838","UChGpRO4ixofQi2f5QaHfypw","http://www.youtube.com/@MariaLuisa838","“Com ela eu morri, e por ele eu tinha que ressuscitar.” 💔 17:23","491","2019-01-21T06:59:34Z","2019-01-21T06:59:34Z","True","True","8","5","[{'autor': '@dayannesouto1606', 'comentario': 'Por ele quem ? Eu não entendi essa parte .', 'likes': 4, 'publicado_em': '2019-03-09T23:28:56Z'}, {'autor': '@mariaeduardaazevedo4887', 'comentario': '@dayannesouto1606 o outro filho dela !!', 'likes': 7, 'publicado_em': '2019-03-13T18:35:41Z'}, {'autor': '@mariaeduardaazevedo4887', 'comentario': '@laissouza5526 o outro filho dela', 'likes': 4, 'publicado_em': '2019-03-13T18:35:55Z'}, {'autor': '@gabrielamartins9609', 'comentario': 'Essa é a força de uma mãe. Amor que não se mede.', 'likes': 16, 'publicado_em': '2019-03-16T19:28:38Z'}, {'autor': '@luisascher-cat2188', 'comentario': 'Tipo assim como ela \nEla morreu de dor tristeza \nMas ela tinha outro filho então ela teve que ""ressuscitar"" encontrar forças para cuidar dele', 'likes': 22, 'publicado_em': '2019-03-27T17:19:53Z'}]","1z0E6MzLdrA","Massacre do Realengo: marcas deixadas para sempre | Identidade Geral","2","Mais antigos"
"@evellynanzoategui5139","UCa6SjW2OJ3fELeMmOws-DoQ","http://www.youtube.com/@evellynanzoategui5139","Vim por causa do video da jaqueline guerreiro mais alguem veio por ela  ?","2930","2019-01-22T21:31:39Z","2019-01-22T21:31:39Z","True","True","137","5","[{'autor': '@evellynanzoategui5139', 'comentario': 'Tbm amo muitoo ela ❤', 'likes': 7, 'publicado_em': '2019-01-22T22:54:03Z'}, {'autor': '@evellynanzoategui5139', 'comentario': 'Ja vi todos os videos dela do quinta e de maquiagem e entre outros amo de maiss', 'likes': 12, 'publicado_em': '2019-01-22T22:55:01Z'}, {'autor': '@joyceisidorio4983', 'comentario': 'Euu', 'likes': 4, 'publicado_em': '2019-01-22T23:54:32Z'}, {'autor': '@silvanaamorim8994', 'comentario': 'Euzinha. Rsrsrs.😆', 'likes': 3, 'publicado_em': '2019-01-23T01:51:05Z'}, {'autor': '@elizianeborges6719', 'comentario': 'Nóssssssss', 'likes': 2, 'publicado_em': '2019-01-23T02:07:36Z'}]","1z0E6MzLdrA","Massacre do Realengo: marcas deixadas para sempre | Identidade Geral","2","Mais antigos"
"@eriamarina4145","UCZ7F6uJ-NompS5Q-_1vV3dQ","http://www.youtube.com/@eriamarina4145","Vim por causa da quinta misteriosa hehe","880","2019-01-23T01:53:43Z","2019-01-23T01:53:43Z","True","True","13","5","[{'autor': '@isabellaalves9642', 'comentario': 'Eu tbm rsrs', 'likes': 1, 'publicado_em': '2019-01-28T02:49:05Z'}, {'autor': '@kellymaria17', 'comentario': 'Eu tbmmm', 'likes': 1, 'publicado_em': '2019-01-28T12:32:54Z'}, {'autor': '@cheleduda', 'comentario': 'Eu tmb kkkk', 'likes': 1, 'publicado_em': '2019-01-28T15:23:28Z'}, {'autor': '@nicolecordeiro6353', 'comentario': 'Kkk eu tambem', 'likes': 1, 'publicado_em': '2019-01-29T15:10:07Z'}, {'autor': '@anavitoriacarvalho1003', 'comentario': 'Eu também kkk', 'likes': 1, 'publicado_em': '2019-01-29T16:31:04Z'}]","1z0E6MzLdrA","Massacre do Realengo: marcas deixadas para sempre | Identidade Geral","2","Mais antigos"
"@rodrigocolucci7884","UC59o9-ss6UfKEJYSuc9m4qw","http://www.youtube.com/@rodrigocolucci7884","Essa tragédia marcou a minha infância, me lembro como se fosse ontem, 2019 alguém ?","176","2019-01-23T04:58:38Z","2019-01-23T04:58:38Z","True","True","9","5","[{'autor': '@emillylorena5058', 'comentario': 'rodrigo colucci né cara...', 'likes': 0, 'publicado_em': '2019-01-29T04:28:11Z'}, {'autor': '@paolaferreira3715', 'comentario': 'Eu', 'likes': 0, 'publicado_em': '2019-02-01T01:37:40Z'}, {'autor': '@tonyclass27', 'comentario': 'agora em suzano', 'likes': 3, 'publicado_em': '2019-03-13T19:33:36Z'}, {'autor': '@twkfadasensata1993', 'comentario': 'Eu também, o pior é que foi no dia do meu aniversário de 7 anos, me lembro como se fosse ontem..', 'likes': 1, 'publicado_em': '2019-12-03T13:53:29Z'}, {'autor': '@sarahastenreiter931', 'comentario': '2020', 'likes': 0, 'publicado_em': '2020-10-25T16:33:54Z'}]","1z0E6MzLdrA","Massacre do Realengo: marcas deixadas para sempre | Identidade Geral","2","Mais antigos"
"@clintonnascimento","UC6mYFUmhmBEOqpdhmH0WZDw","http://www.youtube.com/@clintonnascimento","Depois de tanto tempo, o pânico volta a tomar conta das escolas. #ForçaSuzano","275","2019-03-13T15:37:52Z","2019-03-13T15:37:52Z","True","True","5","5","[{'autor': '@tonyclass27', 'comentario': 'vc aqui mano de nv', 'likes': 1, 'publicado_em': '2019-03-13T19:34:49Z'}, {'autor': '@marianeaparecidabeneditoga8799', 'comentario': 'Triste', 'likes': 0, 'publicado_em': '2019-03-13T22:48:39Z'}, {'autor': '@katlenamorin3021', 'comentario': 'Muito triste isso💔', 'likes': 0, 'publicado_em': '2019-03-14T02:13:39Z'}, {'autor': '@Bershmeo', 'comentario': 'Realengo*', 'likes': 0, 'publicado_em': '2022-11-23T04:36:47Z'}, {'autor': '@davidwilker1177', 'comentario': 'Esse ano aconteceu 2 já 😢', 'likes': 2, 'publicado_em': '2023-04-07T21:17:50Z'}]","1z0E6MzLdrA","Massacre do Realengo: marcas deixadas para sempre | Identidade Geral","2","Mais antigos"
"@alessandranogueira2268","UCQyAslK-NLg-OiYWc37drvQ","http://www.youtube.com/@alessandranogueira2268","Quem veio aqui pelo o massacre de Suzano S/P dia 13/03/2019 😞😢","763","2019-03-14T02:04:15Z","2019-03-14T02:04:15Z","True","True","39","5","[{'autor': '@foxpaiva4540', 'comentario': 'Eu', 'likes': 0, 'publicado_em': '2019-03-15T19:31:07Z'}, {'autor': '@tia6631', 'comentario': 'Eu', 'likes': 1, 'publicado_em': '2019-03-15T22:08:45Z'}, {'autor': '@yurilima6205', 'comentario': 'Eu', 'likes': 0, 'publicado_em': '2019-03-15T22:47:36Z'}, {'autor': '@vinishow6806', 'comentario': 'Eu', 'likes': 0, 'publicado_em': '2019-03-16T00:42:24Z'}, {'autor': '@fabianaamaral9887', 'comentario': 'Eu vim!!', 'likes': 0, 'publicado_em': '2019-03-16T11:17:02Z'}]","1z0E6MzLdrA","Massacre do Realengo: marcas deixadas para sempre | Identidade Geral","2","Mais antigos"
"@TOKiOGBr","UC0UW0NXBc8_jhZPgUY_ja-g","http://www.youtube.com/@TOKiOGBr","a muitos anos atrás na minha cidade eu tinha um amigo muito quieto,eu era a única amiga dele e via ele chorar direto pelo que fazia com ele,e eu tbm sofri bullying (hj é esse nome)
e ele falou pra mim ""eu vou matar todos não vai pra escola,vc é minha amiga e uma boa pessoa.
eu fui,barrei ele na esquina abracei e disse que não valia a pena pq era o último dia de aula e ele era um ótimo desenhista.
hj ele é arquiteto formado e muito bem de vida,tem filhos lindos e ensina que todos são lindos pra alguém e que nada é padrão","79","2022-10-09T13:05:44Z","2022-10-09T13:05:44Z","True","True","5","5","[{'autor': '@LuquinhasNascimento25', 'comentario': 'Que lindo cara😢❤❤\nEle se lembra disso hj em dia? Vcs já conversaram sobre depois q ele amadureceu?', 'likes': 6, 'publicado_em': '2023-04-02T17:08:31Z'}, {'autor': '@zenuis5205', 'comentario': 'Relatos para um livro . Um abraço me salvou .', 'likes': 6, 'publicado_em': '2023-04-09T19:26:31Z'}, {'autor': '@doncomuna378', 'comentario': 'Parabéns por seu ato de compaixão.\nO que você fez não tem preço !', 'likes': 3, 'publicado_em': '2024-06-03T04:36:01Z'}, {'autor': '@anatarssa.art1', 'comentario': 'Você precisa escrever um livro junto com seu amigo para virar best-seller. Até eu compraria!', 'likes': 1, 'publicado_em': '2024-08-08T18:29:58Z'}, {'autor': '@TOKiOGBr', 'comentario': '@LuquinhasNascimento25 sim, passei dez meses em Salvador e a gente se encontrou e dessa vez foi pra fazer as mesmas palhaçadas de antes e sem stress,', 'likes': 0, 'publicado_em': '2024-08-26T16:51:54Z'}]","1z0E6MzLdrA","Massacre do Realengo: marcas deixadas para sempre | Identidade Geral","2","Mais antigos"
"@evellynanzoategui5139","UCa6SjW2OJ3fELeMmOws-DoQ","http://www.youtube.com/@evellynanzoategui5139","Vim por causa do video da jaqueline guerreiro mais alguem veio por ela  ?","2930","2019-01-22T21:31:39Z","2019-01-22T21:31:39Z","True","True","137","5","[{'autor': '@evellynanzoategui5139', 'comentario': 'Tbm amo muitoo ela ❤', 'likes': 7, 'publicado_em': '2019-01-22T22:54:03Z'}, {'autor': '@evellynanzoategui5139', 'comentario': 'Ja vi todos os videos dela do quinta e de maquiagem e entre outros amo de maiss', 'likes': 12, 'publicado_em': '2019-01-22T22:55:01Z'}, {'autor': '@joyceisidorio4983', 'comentario': 'Euu', 'likes': 4, 'publicado_em': '2019-01-22T23:54:32Z'}, {'autor': '@silvanaamorim8994', 'comentario': 'Euzinha. Rsrsrs.😆', 'likes': 3, 'publicado_em': '2019-01-23T01:51:05Z'}, {'autor': '@elizianeborges6719', 'comentario': 'Nóssssssss', 'likes': 2, 'publicado_em': '2019-01-23T02:07:36Z'}]","1z0E6MzLdrA","Massacre do Realengo: marcas deixadas para sempre | Identidade Geral","3","Mais curtidos"
"@anielegomes6498","UCJwEVNavcF9QbiXGri5HYuQ","http://www.youtube.com/@anielegomes6498","Alguém em 2019","2690","2019-01-09T06:56:45Z","2019-01-09T06:56:45Z","True","True","60","5","[{'autor': '@romanoficial6740', 'comentario': 'Me chama no zap ❤', 'likes': 2, 'publicado_em': '2019-01-10T09:47:05Z'}, {'autor': '@sabrinasilva5550', 'comentario': 'Eu 😔😪', 'likes': 1, 'publicado_em': '2019-01-11T03:57:55Z'}, {'autor': '@novelasecia9044', 'comentario': 'Euj', 'likes': 1, 'publicado_em': '2019-01-11T07:04:43Z'}, {'autor': '@karolinasommer2010', 'comentario': 'aniele fernandes EU', 'likes': 1, 'publicado_em': '2019-01-12T15:19:02Z'}, {'autor': '@leticia667', 'comentario': '@em86rs ericaermirella exatamente', 'likes': 0, 'publicado_em': '2019-01-12T17:54:21Z'}]","1z0E6MzLdrA","Massacre do Realengo: marcas deixadas para sempre | Identidade Geral","3","Mais curtidos"
"@sidneyjr5314","UChUlkmpro386-FjsgOjAsTQ","http://www.youtube.com/@sidneyjr5314","A menina que é  entrevistada é  tão linda...carismática...que de tudo certo pra ela...","2482","2019-01-07T05:44:28Z","2019-01-07T05:44:28Z","True","True","38","5","[{'autor': '@violetlunna', 'comentario': 'Simm! Muito educada e se expressa bem', 'likes': 95, 'publicado_em': '2019-01-09T03:05:18Z'}, {'autor': '@dekadias8979', 'comentario': 'Ela é sobrinha da minha amiga.', 'likes': 42, 'publicado_em': '2019-01-12T20:08:58Z'}, {'autor': '@vitoriacamilla7385', 'comentario': '@dekadias8979 como ela tá hoje em dia?', 'likes': 11, 'publicado_em': '2019-01-14T16:46:45Z'}, {'autor': '@girassol244', 'comentario': '@dekadias8979 como está ?', 'likes': 6, 'publicado_em': '2019-01-14T22:28:00Z'}, {'autor': '@beatrizmaria6597', 'comentario': 'Gente ela ta linda ainda, super carismática... Falei com ela e ela falou que logo vai começar a gravar videos pro YT', 'likes': 27, 'publicado_em': '2019-01-24T05:24:15Z'}]","1z0E6MzLdrA","Massacre do Realengo: marcas deixadas para sempre | Identidade Geral","3","Mais curtidos"
"@stephanieesteves2179","UCGVZ9A3tLOuIFcUaFLol8yw","http://www.youtube.com/@stephanieesteves2179","Mtttttt triste 😥 janeiro de 2019 , alguém aí?","1847","2019-01-12T01:52:55Z","2019-01-12T01:52:55Z","True","True","35","5","[{'autor': '@angelicaminhacasanaroca3921', 'comentario': '😭😭😭', 'likes': 1, 'publicado_em': '2019-01-14T00:29:30Z'}, {'autor': '@karlacarvalho9187', 'comentario': '🤙🏻', 'likes': 0, 'publicado_em': '2019-01-14T05:17:07Z'}, {'autor': '@SandraSantos-sd1zq', 'comentario': 'Chorando aki  ouvindo o grito das mães  desesperadas...meu Deus  do céu 😭😭😭😭😭😭', 'likes': 0, 'publicado_em': '2019-01-14T21:25:16Z'}, {'autor': '@laised2776', 'comentario': 'Euu', 'likes': 0, 'publicado_em': '2019-01-15T00:00:37Z'}, {'autor': '@laised2776', 'comentario': 'Aq no rj naquela época foi muito triste', 'likes': 1, 'publicado_em': '2019-01-15T00:00:57Z'}]","1z0E6MzLdrA","Massacre do Realengo: marcas deixadas para sempre | Identidade Geral","3","Mais curtidos"
"@fabethmorrissey5989","UCGQsDCnYhXS1qlZkkRPffyw","http://www.youtube.com/@fabethmorrissey5989","08:42 ''...Ele olhava e eu via fogo nos olhos dele...'' Curioso esse relato da moça.
Outros sobreviventes dizem ter visto a mesma coisa nos olhos do assassino.
Fogo nos olhos.

Como foi triste esse episódio, a morte de tantos inocentes.
Que a grande luz guarde todos eles e ampare a familia.","1385","2015-07-24T01:01:16Z","2015-07-24T01:01:16Z","True","True","30","5","[{'autor': '@thaynaramariano7763', 'comentario': 'mas quando VC olha a foto VC vê a mesma coisa', 'likes': 49, 'publicado_em': '2015-10-19T22:46:28Z'}, {'autor': '@raypl5740', 'comentario': '+Thaynara Mariano sua farda é igual das mina credo', 'likes': 9, 'publicado_em': '2016-08-12T14:59:56Z'}, {'autor': '@pablov1tar195', 'comentario': 'Fabeth Morrissey grande luz???\nEstranho.', 'likes': 5, 'publicado_em': '2017-10-29T21:37:56Z'}, {'autor': '@FelipeSouza-qi5ql', 'comentario': '+UmaAutêntica Do Mc Daleste uniforme do rio', 'likes': 5, 'publicado_em': '2018-12-30T21:32:10Z'}, {'autor': '@Sarinhavlog17', 'comentario': 'Eu já vi isso realmente são pessoas tomadas pelo inimigo sei que tem pessoas que não acreditam mais existe', 'likes': 82, 'publicado_em': '2019-01-07T19:07:44Z'}]","1z0E6MzLdrA","Massacre do Realengo: marcas deixadas para sempre | Identidade Geral","3","Mais curtidos"
"@carlafernanda7132","UCmuZpFs8S94F6YEILcsHk3Q","http://www.youtube.com/@carlafernanda7132","Quase oito anos e eu não consigo esquecer esse dia tão triste e tão terrível mais agradeço a Deus por minha filha ter saido com vida e agradeço tbm pela vida das outras crianças e o sentimento de tristeza pelas crianças que foram morta peço que Deus conforte as famílias que perderam seus filhos porque eu sei que a dor nunca vai passar😢😢","1302","2019-01-12T18:17:53Z","2019-01-12T18:17:53Z","True","True","24","5","[{'autor': '@paasilveira6838', 'comentario': 'Esse rapaz de barba que tem video dele gravado... é  o que matou ?', 'likes': 22, 'publicado_em': '2019-01-18T14:18:14Z'}, {'autor': '@miguelgamer3762', 'comentario': '@paasilveira6838 É sim', 'likes': 8, 'publicado_em': '2019-01-19T06:41:47Z'}, {'autor': '@isaaraujo8622', 'comentario': 'Eu tinha 12 anos na época e me lembro como se fosse hoje!  😪', 'likes': 15, 'publicado_em': '2019-01-21T16:57:42Z'}, {'autor': '@mariaeduardaduarte7835', 'comentario': '@Iluminus MGTOW ME DIZ PRA QUE PRA QUE QUE TU ME DIZ UMA COISA DESSA NESSA AGRESSIVIDADE MANO', 'likes': 15, 'publicado_em': '2019-01-22T23:05:08Z'}, {'autor': '@miguelgamer3762', 'comentario': '@Iluminus MGTOW Tá bom fodão, tenho é dom da tua vida espiritual.', 'likes': 8, 'publicado_em': '2019-01-23T03:21:17Z'}]","1z0E6MzLdrA","Massacre do Realengo: marcas deixadas para sempre | Identidade Geral","3","Mais curtidos"
"@eriamarina4145","UCZ7F6uJ-NompS5Q-_1vV3dQ","http://www.youtube.com/@eriamarina4145","Vim por causa da quinta misteriosa hehe","880","2019-01-23T01:53:43Z","2019-01-23T01:53:43Z","True","True","13","5","[{'autor': '@isabellaalves9642', 'comentario': 'Eu tbm rsrs', 'likes': 1, 'publicado_em': '2019-01-28T02:49:05Z'}, {'autor': '@kellymaria17', 'comentario': 'Eu tbmmm', 'likes': 1, 'publicado_em': '2019-01-28T12:32:54Z'}, {'autor': '@cheleduda', 'comentario': 'Eu tmb kkkk', 'likes': 1, 'publicado_em': '2019-01-28T15:23:28Z'}, {'autor': '@nicolecordeiro6353', 'comentario': 'Kkk eu tambem', 'likes': 1, 'publicado_em': '2019-01-29T15:10:07Z'}, {'autor': '@anavitoriacarvalho1003', 'comentario': 'Eu também kkk', 'likes': 1, 'publicado_em': '2019-01-29T16:31:04Z'}]","1z0E6MzLdrA","Massacre do Realengo: marcas deixadas para sempre | Identidade Geral","3","Mais curtidos"
"@brunonunes5564","UCSsm1NxlNPl_LkGn7AHj1cQ","http://www.youtube.com/@brunonunes5564","Queria saber como devem ter ficado com a consciência pesada os que cometeram Bullying com ele no passado sabendo o que ele fez !","780","2018-09-17T08:09:27Z","2018-09-17T08:09:27Z","True","True","78","5","[{'autor': '@ittybittypiggy5793', 'comentario': 'Vdd mais os 12 anjinhos estao no ceu....', 'likes': 48, 'publicado_em': '2018-12-20T03:58:08Z'}, {'autor': '@josilenerosa2260', 'comentario': 'Quem fez bullim com ele nao tem nada a ver com isso. So piscopatas fazem isso. A maldade ja morava dentro dele.   E so os idiotas. Acreditam k bullim justifica uma atrocidade', 'likes': 105, 'publicado_em': '2019-01-07T17:54:46Z'}, {'autor': '@mariaaraujo3967', 'comentario': 'Eles devem ta com a conciencia pesada se não foce bullying talvez isso nunca aconteceria \nNinguém sabe oque o bullying pode fazer com a cabeça de uma pessoa tem gente que supera outras não', 'likes': 139, 'publicado_em': '2019-01-08T01:15:55Z'}, {'autor': '@yeniferbarbosa8192', 'comentario': 'Consciencia nada. Quem sente prazer em humilhar os outros nao tem consciencia.', 'likes': 160, 'publicado_em': '2019-01-08T04:29:48Z'}, {'autor': '@GustavoHenrique-id9qm', 'comentario': '@ittybittypiggy5793 se não sabe, as 12 vítimas não tinham nada a ver com o Bullying que esse animal sofreu', 'likes': 38, 'publicado_em': '2019-01-09T00:17:56Z'}]","1z0E6MzLdrA","Massacre do Realengo: marcas deixadas para sempre | Identidade Geral","3","Mais curtidos"
"@alessandranogueira2268","UCQyAslK-NLg-OiYWc37drvQ","http://www.youtube.com/@alessandranogueira2268","Quem veio aqui pelo o massacre de Suzano S/P dia 13/03/2019 😞😢","763","2019-03-14T02:04:15Z","2019-03-14T02:04:15Z","True","True","39","5","[{'autor': '@foxpaiva4540', 'comentario': 'Eu', 'likes': 0, 'publicado_em': '2019-03-15T19:31:07Z'}, {'autor': '@tia6631', 'comentario': 'Eu', 'likes': 1, 'publicado_em': '2019-03-15T22:08:45Z'}, {'autor': '@yurilima6205', 'comentario': 'Eu', 'likes': 0, 'publicado_em': '2019-03-15T22:47:36Z'}, {'autor': '@vinishow6806', 'comentario': 'Eu', 'likes': 0, 'publicado_em': '2019-03-16T00:42:24Z'}, {'autor': '@fabianaamaral9887', 'comentario': 'Eu vim!!', 'likes': 0, 'publicado_em': '2019-03-16T11:17:02Z'}]","1z0E6MzLdrA","Massacre do Realengo: marcas deixadas para sempre | Identidade Geral","3","Mais curtidos"
"@tainaracandido7436","UCZtcKWBZNox1VcxHC2umKPw","http://www.youtube.com/@tainaracandido7436","E aconteceu dinovo, em 2017 o homem colocou fogo em uma creche e matou varias crianças inocentes e uma professora .. realmente as escolas não tem segurança..😭😢","695","2019-01-12T05:43:09Z","2019-01-21T17:54:19Z","True","True","19","5","[{'autor': '@Joao-tj6rt', 'comentario': '@Um Canal Sobre Tudo ox kkkkkkk', 'likes': 2, 'publicado_em': '2019-01-16T18:09:17Z'}, {'autor': '@deividsouza9078', 'comentario': '@Um Canal Sobre Tudo Que horror chamar as pessoas de vagabunda sem conhecer, tenha respeito. Ridículo!', 'likes': 30, 'publicado_em': '2019-01-17T13:37:38Z'}, {'autor': '@marciaoliveira3560', 'comentario': 'Verdade  foi muito triste.. todos nós aqui da cidade não conseguimos esquecer msm', 'likes': 9, 'publicado_em': '2019-01-21T17:38:30Z'}, {'autor': '@tainaracandido7436', 'comentario': '@Um Canal Sobre Tudo Obrigada por me corrigir, mas prefiro errar na escrita do que ser um sem educação igual vc amargurado!', 'likes': 20, 'publicado_em': '2019-01-21T18:19:35Z'}, {'autor': '@Gabryyella1', 'comentario': '@Um Canal Sobre Tudo vc é cego, ela escreveu 2017.', 'likes': 5, 'publicado_em': '2019-01-25T13:07:28Z'}]","1z0E6MzLdrA","Massacre do Realengo: marcas deixadas para sempre | Identidade Geral","3","Mais curtidos"
"@ImagineumNomelegal01","UCibaGdapqaVqN8cOWb8ixBA","http://www.youtube.com/@ImagineumNomelegal01","""monstros não nascem, não criados""","669","2016-08-03T15:25:03Z","2016-08-03T15:25:03Z","True","True","15","5","[{'autor': '@videosqualquer7944', 'comentario': 'nao,alguns nascem mas a maioria são criados', 'likes': 59, 'publicado_em': '2016-09-11T16:05:10Z'}, {'autor': '@kellymoraes2787', 'comentario': 'Verdade,criança que tem o carinho e apoio dos pais não fazem isso!', 'likes': 16, 'publicado_em': '2019-01-08T13:43:24Z'}, {'autor': '@vestahelios3181', 'comentario': '@kellymoraes2787 não  podemos deixar o deboche o bullyng a gozação tem que ser banido do vamos criar um mundo melhor no futuro.', 'likes': 19, 'publicado_em': '2019-01-09T02:00:01Z'}, {'autor': '@vestahelios3181', 'comentario': 'Lenita Alves  cm prazer qual é o seu canal? Bjs', 'likes': 1, 'publicado_em': '2019-01-09T02:26:17Z'}, {'autor': '@violetlunna', 'comentario': 'Nascem sim', 'likes': 1, 'publicado_em': '2019-01-09T03:04:46Z'}]","1z0E6MzLdrA","Massacre do Realengo: marcas deixadas para sempre | Identidade Geral","3","Mais curtidos"
"@Alinci","UCMod5a2gjh53dststed7KyA","http://www.youtube.com/@Alinci","Gente isso foi muito triste. Na época eu tinha medo de ir pra escola achando que ia entrar alguem lá dentro e fazer o mesmo","630","2018-01-11T01:50:43Z","2018-01-11T01:50:43Z","True","True","18","5","[{'autor': '@marcellanayka9040', 'comentario': 'Aline Cristina eu  tanbem fiquei três dias  sem ir para escola', 'likes': 2, 'publicado_em': '2018-02-16T07:24:08Z'}, {'autor': '@Cortesecco', 'comentario': 'Aline Cristina eu também fiquei com medo tanto que no dia após este fato eu não fui a escola pq eu fiquei a noite toda acordado.', 'likes': 5, 'publicado_em': '2018-12-10T22:53:37Z'}, {'autor': '@fernandabaroni868', 'comentario': 'Eu tbm, na época eu estudava em escola pública fiquei com trauma de ir para a mesma e tive que me transferir para outra escola sendo ela particular onde me senti mais ""segura""', 'likes': 1, 'publicado_em': '2019-01-14T22:36:32Z'}, {'autor': '@pamel_rosa', 'comentario': 'Eu também fiquei com medo, estava no 7° ano, isso porquê sou de Brasília e sempre estudei em colégio particular com uma segurança boa, imagina quem estudava no RJ, em colégios públicos que quase não tem segurança?', 'likes': 2, 'publicado_em': '2019-01-21T15:38:53Z'}, {'autor': '@isabellourenco282', 'comentario': 'eu fiquei com medo tbm....e olha q a minha escola e em uma cidade onde gracas a Deus não tem essa violencia toda🙏', 'likes': 0, 'publicado_em': '2019-01-24T00:03:37Z'}]","1z0E6MzLdrA","Massacre do Realengo: marcas deixadas para sempre | Identidade Geral","3","Mais curtidos"
"@umnomeai5626","UCaElyr1vQ6JAha3OKEiM0ZA","http://www.youtube.com/@umnomeai5626","Só De Lembrar Da Vontade De Chorar Agr Em 2019 Completa 8 Anos Já...💔","582","2019-01-08T17:21:06Z","2019-01-08T17:21:06Z","True","True","9","5","[{'autor': '@anielegomes6498', 'comentario': 'Verdade 😥', 'likes': 3, 'publicado_em': '2019-01-09T06:54:59Z'}, {'autor': '@talinetali1827', 'comentario': 'muito triste 😥😥', 'likes': 4, 'publicado_em': '2019-01-09T18:31:07Z'}, {'autor': '@laised2776', 'comentario': '😫😭😭', 'likes': 1, 'publicado_em': '2019-01-14T00:42:06Z'}, {'autor': '@luciaeva4607', 'comentario': '😥', 'likes': 0, 'publicado_em': '2019-01-14T22:57:42Z'}, {'autor': '@karinagoncalves3273', 'comentario': 'TRISTE', 'likes': 1, 'publicado_em': '2019-01-17T00:37:47Z'}]","1z0E6MzLdrA","Massacre do Realengo: marcas deixadas para sempre | Identidade Geral","3","Mais curtidos"
"@rafaelnery8388","UCMNwZssKkMJlVi00Un5lQkQ","http://www.youtube.com/@rafaelnery8388","Deu um medo quando ela.disse que olhou para ele e viu fogo e derretepente ele aparece no vídeo","555","2016-07-08T11:13:10Z","2016-07-08T11:13:10Z","True","True","23","5","[{'autor': '@elorochimaro2264', 'comentario': 'Pura deu maior susto vey', 'likes': 36, 'publicado_em': '2016-07-16T19:59:46Z'}, {'autor': '@rafaelnery8388', 'comentario': '+Dygo gamer mesmo', 'likes': 5, 'publicado_em': '2016-07-16T20:00:26Z'}, {'autor': '@eu-ff2pe', 'comentario': 'Tomei um susto 🌝', 'likes': 12, 'publicado_em': '2016-08-04T22:22:33Z'}, {'autor': '@raypl5740', 'comentario': '+Pru Pru Eu tbm kkk', 'likes': 3, 'publicado_em': '2016-08-12T14:49:52Z'}, {'autor': '@yiiymoba362', 'comentario': 'Rafael Nery Assusto Kkk', 'likes': 2, 'publicado_em': '2017-10-11T13:08:46Z'}]","1z0E6MzLdrA","Massacre do Realengo: marcas deixadas para sempre | Identidade Geral","3","Mais curtidos"
"@MariaLuisa838","UChGpRO4ixofQi2f5QaHfypw","http://www.youtube.com/@MariaLuisa838","“Com ela eu morri, e por ele eu tinha que ressuscitar.” 💔 17:23","491","2019-01-21T06:59:34Z","2019-01-21T06:59:34Z","True","True","8","5","[{'autor': '@dayannesouto1606', 'comentario': 'Por ele quem ? Eu não entendi essa parte .', 'likes': 4, 'publicado_em': '2019-03-09T23:28:56Z'}, {'autor': '@mariaeduardaazevedo4887', 'comentario': '@dayannesouto1606 o outro filho dela !!', 'likes': 7, 'publicado_em': '2019-03-13T18:35:41Z'}, {'autor': '@mariaeduardaazevedo4887', 'comentario': '@laissouza5526 o outro filho dela', 'likes': 4, 'publicado_em': '2019-03-13T18:35:55Z'}, {'autor': '@gabrielamartins9609', 'comentario': 'Essa é a força de uma mãe. Amor que não se mede.', 'likes': 16, 'publicado_em': '2019-03-16T19:28:38Z'}, {'autor': '@luisascher-cat2188', 'comentario': 'Tipo assim como ela \nEla morreu de dor tristeza \nMas ela tinha outro filho então ela teve que ""ressuscitar"" encontrar forças para cuidar dele', 'likes': 22, 'publicado_em': '2019-03-27T17:19:53Z'}]","1z0E6MzLdrA","Massacre do Realengo: marcas deixadas para sempre | Identidade Geral","3","Mais curtidos"
"@jcruzcruz538","UC1uVXnnlE7Pn8n8_WvegjEg","http://www.youtube.com/@jcruzcruz538","Quando vc percebe que o caso vai fazer 8 anos","478","2019-01-15T18:25:04Z","2019-01-15T18:25:04Z","True","True","12","5","[{'autor': '@tonyclass27', 'comentario': 'agr no colegio em Suzano', 'likes': 10, 'publicado_em': '2019-03-13T19:31:21Z'}, {'autor': '@felipeferreira2488', 'comentario': 'Será que valeu a pena?)', 'likes': 1, 'publicado_em': '2019-05-01T09:25:01Z'}, {'autor': '@saniyakarishma1058', 'comentario': 'Quase 10 anos', 'likes': 2, 'publicado_em': '2020-10-15T20:32:51Z'}, {'autor': '@mariaclara-ve7xr', 'comentario': 'Agr 10', 'likes': 1, 'publicado_em': '2021-02-19T15:21:03Z'}, {'autor': '@nadaaqui9303', 'comentario': 'Pior é quando vc percebe que falta menos de 1 mês pra completar 10 anos, vcs tem noção, DEZ ANOS', 'likes': 3, 'publicado_em': '2021-03-20T10:27:50Z'}]","1z0E6MzLdrA","Massacre do Realengo: marcas deixadas para sempre | Identidade Geral","3","Mais curtidos"
"@HSG-bf8ey","UCQuToasB2Yx566-rdvKc03A","http://www.youtube.com/@HSG-bf8ey","E o pior é que as pessoas n fazem nada pra mudar isso, muito menos as escolas. Eu sofri muito bulling na 4 série até o 9 ano por ser acima do peso, e sabe oq as pessoa falavam pra mim? ""Pq vc n fecha a boca"" ""vai pra academia"". Por muito tempo pensei em me vingar de cada pessoa que tirou sarro de mim e a diretoria por n ter feito nada com esses alunos, mas a solução n é a vingança e sim o perdão. Perdoe todos aqueles que tiraram sarro de vc e peça para Deus levar eles ao caminho do bem, vc vai ver como melhora seu dia","440","2019-01-04T12:16:56Z","2019-01-04T12:16:56Z","True","True","18","5","[{'autor': '@lisioliveira4144', 'comentario': 'Também passei por isso, por causa do meu peso e cabelo. Os próprios professores  faziam isso, mas a culpa não é deles e da gente por que era gordo. 😑', 'likes': 13, 'publicado_em': '2019-01-11T18:25:46Z'}, {'autor': '@biancaelcarvalhobc8112', 'comentario': 'Vc seria uma sobrevivente', 'likes': 1, 'publicado_em': '2019-01-12T15:14:42Z'}, {'autor': '@lisioliveira4144', 'comentario': '@biancaelcarvalhobc8112 Não tenho tanta certeza, essa garota do vídeo não é nenhuma miss e quase morreu.', 'likes': 6, 'publicado_em': '2019-01-12T15:20:38Z'}, {'autor': '@Keith_sfc', 'comentario': '@lisioliveira4144  Pior que o cara disse que ela iria morrer pq era muito bonitinha. O que se passava na cabeça do cara ?', 'likes': 6, 'publicado_em': '2019-01-15T03:29:49Z'}, {'autor': '@laurasantos1417', 'comentario': '@Keith_sfc esse cara tava louco em fazer uma justificativa  tão imbecil.', 'likes': 3, 'publicado_em': '2019-01-20T02:34:01Z'}]","1z0E6MzLdrA","Massacre do Realengo: marcas deixadas para sempre | Identidade Geral","3","Mais curtidos"
"@clintonnascimento","UC6mYFUmhmBEOqpdhmH0WZDw","http://www.youtube.com/@clintonnascimento","Depois de tanto tempo, o pânico volta a tomar conta das escolas. #ForçaSuzano","275","2019-03-13T15:37:52Z","2019-03-13T15:37:52Z","True","True","5","5","[{'autor': '@tonyclass27', 'comentario': 'vc aqui mano de nv', 'likes': 1, 'publicado_em': '2019-03-13T19:34:49Z'}, {'autor': '@marianeaparecidabeneditoga8799', 'comentario': 'Triste', 'likes': 0, 'publicado_em': '2019-03-13T22:48:39Z'}, {'autor': '@katlenamorin3021', 'comentario': 'Muito triste isso💔', 'likes': 0, 'publicado_em': '2019-03-14T02:13:39Z'}, {'autor': '@Bershmeo', 'comentario': 'Realengo*', 'likes': 0, 'publicado_em': '2022-11-23T04:36:47Z'}, {'autor': '@davidwilker1177', 'comentario': 'Esse ano aconteceu 2 já 😢', 'likes': 2, 'publicado_em': '2023-04-07T21:17:50Z'}]","1z0E6MzLdrA","Massacre do Realengo: marcas deixadas para sempre | Identidade Geral","3","Mais curtidos"
"@rodrigocolucci7884","UC59o9-ss6UfKEJYSuc9m4qw","http://www.youtube.com/@rodrigocolucci7884","Essa tragédia marcou a minha infância, me lembro como se fosse ontem, 2019 alguém ?","176","2019-01-23T04:58:38Z","2019-01-23T04:58:38Z","True","True","9","5","[{'autor': '@emillylorena5058', 'comentario': 'rodrigo colucci né cara...', 'likes': 0, 'publicado_em': '2019-01-29T04:28:11Z'}, {'autor': '@paolaferreira3715', 'comentario': 'Eu', 'likes': 0, 'publicado_em': '2019-02-01T01:37:40Z'}, {'autor': '@tonyclass27', 'comentario': 'agora em suzano', 'likes': 3, 'publicado_em': '2019-03-13T19:33:36Z'}, {'autor': '@twkfadasensata1993', 'comentario': 'Eu também, o pior é que foi no dia do meu aniversário de 7 anos, me lembro como se fosse ontem..', 'likes': 1, 'publicado_em': '2019-12-03T13:53:29Z'}, {'autor': '@sarahastenreiter931', 'comentario': '2020', 'likes': 0, 'publicado_em': '2020-10-25T16:33:54Z'}]","1z0E6MzLdrA","Massacre do Realengo: marcas deixadas para sempre | Identidade Geral","3","Mais curtidos"
"@TOKiOGBr","UC0UW0NXBc8_jhZPgUY_ja-g","http://www.youtube.com/@TOKiOGBr","a muitos anos atrás na minha cidade eu tinha um amigo muito quieto,eu era a única amiga dele e via ele chorar direto pelo que fazia com ele,e eu tbm sofri bullying (hj é esse nome)
e ele falou pra mim ""eu vou matar todos não vai pra escola,vc é minha amiga e uma boa pessoa.
eu fui,barrei ele na esquina abracei e disse que não valia a pena pq era o último dia de aula e ele era um ótimo desenhista.
hj ele é arquiteto formado e muito bem de vida,tem filhos lindos e ensina que todos são lindos pra alguém e que nada é padrão","79","2022-10-09T13:05:44Z","2022-10-09T13:05:44Z","True","True","5","5","[{'autor': '@LuquinhasNascimento25', 'comentario': 'Que lindo cara😢❤❤\nEle se lembra disso hj em dia? Vcs já conversaram sobre depois q ele amadureceu?', 'likes': 6, 'publicado_em': '2023-04-02T17:08:31Z'}, {'autor': '@zenuis5205', 'comentario': 'Relatos para um livro . Um abraço me salvou .', 'likes': 6, 'publicado_em': '2023-04-09T19:26:31Z'}, {'autor': '@doncomuna378', 'comentario': 'Parabéns por seu ato de compaixão.\nO que você fez não tem preço !', 'likes': 3, 'publicado_em': '2024-06-03T04:36:01Z'}, {'autor': '@anatarssa.art1', 'comentario': 'Você precisa escrever um livro junto com seu amigo para virar best-seller. Até eu compraria!', 'likes': 1, 'publicado_em': '2024-08-08T18:29:58Z'}, {'autor': '@TOKiOGBr', 'comentario': '@LuquinhasNascimento25 sim, passei dez meses em Salvador e a gente se encontrou e dessa vez foi pra fazer as mesmas palhaçadas de antes e sem stress,', 'likes': 0, 'publicado_em': '2024-08-26T16:51:54Z'}]","1z0E6MzLdrA","Massacre do Realengo: marcas deixadas para sempre | Identidade Geral","3","Mais curtidos"
"@TOKiOGBr","UC0UW0NXBc8_jhZPgUY_ja-g","http://www.youtube.com/@TOKiOGBr","a muitos anos atrás na minha cidade eu tinha um amigo muito quieto,eu era a única amiga dele e via ele chorar direto pelo que fazia com ele,e eu tbm sofri bullying (hj é esse nome)
e ele falou pra mim ""eu vou matar todos não vai pra escola,vc é minha amiga e uma boa pessoa.
eu fui,barrei ele na esquina abracei e disse que não valia a pena pq era o último dia de aula e ele era um ótimo desenhista.
hj ele é arquiteto formado e muito bem de vida,tem filhos lindos e ensina que todos são lindos pra alguém e que nada é padrão","79","2022-10-09T13:05:44Z","2022-10-09T13:05:44Z","True","True","5","5","[{'autor': '@LuquinhasNascimento25', 'comentario': 'Que lindo cara😢❤❤\nEle se lembra disso hj em dia? Vcs já conversaram sobre depois q ele amadureceu?', 'likes': 6, 'publicado_em': '2023-04-02T17:08:31Z'}, {'autor': '@zenuis5205', 'comentario': 'Relatos para um livro . Um abraço me salvou .', 'likes': 6, 'publicado_em': '2023-04-09T19:26:31Z'}, {'autor': '@doncomuna378', 'comentario': 'Parabéns por seu ato de compaixão.\nO que você fez não tem preço !', 'likes': 3, 'publicado_em': '2024-06-03T04:36:01Z'}, {'autor': '@anatarssa.art1', 'comentario': 'Você precisa escrever um livro junto com seu amigo para virar best-seller. Até eu compraria!', 'likes': 1, 'publicado_em': '2024-08-08T18:29:58Z'}, {'autor': '@TOKiOGBr', 'comentario': '@LuquinhasNascimento25 sim, passei dez meses em Salvador e a gente se encontrou e dessa vez foi pra fazer as mesmas palhaçadas de antes e sem stress,', 'likes': 0, 'publicado_em': '2024-08-26T16:51:54Z'}]","1z0E6MzLdrA","Massacre do Realengo: marcas deixadas para sempre | Identidade Geral","4","Mais longos"
"@HSG-bf8ey","UCQuToasB2Yx566-rdvKc03A","http://www.youtube.com/@HSG-bf8ey","E o pior é que as pessoas n fazem nada pra mudar isso, muito menos as escolas. Eu sofri muito bulling na 4 série até o 9 ano por ser acima do peso, e sabe oq as pessoa falavam pra mim? ""Pq vc n fecha a boca"" ""vai pra academia"". Por muito tempo pensei em me vingar de cada pessoa que tirou sarro de mim e a diretoria por n ter feito nada com esses alunos, mas a solução n é a vingança e sim o perdão. Perdoe todos aqueles que tiraram sarro de vc e peça para Deus levar eles ao caminho do bem, vc vai ver como melhora seu dia","440","2019-01-04T12:16:56Z","2019-01-04T12:16:56Z","True","True","18","5","[{'autor': '@lisioliveira4144', 'comentario': 'Também passei por isso, por causa do meu peso e cabelo. Os próprios professores  faziam isso, mas a culpa não é deles e da gente por que era gordo. 😑', 'likes': 13, 'publicado_em': '2019-01-11T18:25:46Z'}, {'autor': '@biancaelcarvalhobc8112', 'comentario': 'Vc seria uma sobrevivente', 'likes': 1, 'publicado_em': '2019-01-12T15:14:42Z'}, {'autor': '@lisioliveira4144', 'comentario': '@biancaelcarvalhobc8112 Não tenho tanta certeza, essa garota do vídeo não é nenhuma miss e quase morreu.', 'likes': 6, 'publicado_em': '2019-01-12T15:20:38Z'}, {'autor': '@Keith_sfc', 'comentario': '@lisioliveira4144  Pior que o cara disse que ela iria morrer pq era muito bonitinha. O que se passava na cabeça do cara ?', 'likes': 6, 'publicado_em': '2019-01-15T03:29:49Z'}, {'autor': '@laurasantos1417', 'comentario': '@Keith_sfc esse cara tava louco em fazer uma justificativa  tão imbecil.', 'likes': 3, 'publicado_em': '2019-01-20T02:34:01Z'}]","1z0E6MzLdrA","Massacre do Realengo: marcas deixadas para sempre | Identidade Geral","4","Mais longos"
"@carlafernanda7132","UCmuZpFs8S94F6YEILcsHk3Q","http://www.youtube.com/@carlafernanda7132","Quase oito anos e eu não consigo esquecer esse dia tão triste e tão terrível mais agradeço a Deus por minha filha ter saido com vida e agradeço tbm pela vida das outras crianças e o sentimento de tristeza pelas crianças que foram morta peço que Deus conforte as famílias que perderam seus filhos porque eu sei que a dor nunca vai passar😢😢","1302","2019-01-12T18:17:53Z","2019-01-12T18:17:53Z","True","True","24","5","[{'autor': '@paasilveira6838', 'comentario': 'Esse rapaz de barba que tem video dele gravado... é  o que matou ?', 'likes': 22, 'publicado_em': '2019-01-18T14:18:14Z'}, {'autor': '@miguelgamer3762', 'comentario': '@paasilveira6838 É sim', 'likes': 8, 'publicado_em': '2019-01-19T06:41:47Z'}, {'autor': '@isaaraujo8622', 'comentario': 'Eu tinha 12 anos na época e me lembro como se fosse hoje!  😪', 'likes': 15, 'publicado_em': '2019-01-21T16:57:42Z'}, {'autor': '@mariaeduardaduarte7835', 'comentario': '@Iluminus MGTOW ME DIZ PRA QUE PRA QUE QUE TU ME DIZ UMA COISA DESSA NESSA AGRESSIVIDADE MANO', 'likes': 15, 'publicado_em': '2019-01-22T23:05:08Z'}, {'autor': '@miguelgamer3762', 'comentario': '@Iluminus MGTOW Tá bom fodão, tenho é dom da tua vida espiritual.', 'likes': 8, 'publicado_em': '2019-01-23T03:21:17Z'}]","1z0E6MzLdrA","Massacre do Realengo: marcas deixadas para sempre | Identidade Geral","4","Mais longos"
"@fabethmorrissey5989","UCGQsDCnYhXS1qlZkkRPffyw","http://www.youtube.com/@fabethmorrissey5989","08:42 ''...Ele olhava e eu via fogo nos olhos dele...'' Curioso esse relato da moça.
Outros sobreviventes dizem ter visto a mesma coisa nos olhos do assassino.
Fogo nos olhos.

Como foi triste esse episódio, a morte de tantos inocentes.
Que a grande luz guarde todos eles e ampare a familia.","1385","2015-07-24T01:01:16Z","2015-07-24T01:01:16Z","True","True","30","5","[{'autor': '@thaynaramariano7763', 'comentario': 'mas quando VC olha a foto VC vê a mesma coisa', 'likes': 49, 'publicado_em': '2015-10-19T22:46:28Z'}, {'autor': '@raypl5740', 'comentario': '+Thaynara Mariano sua farda é igual das mina credo', 'likes': 9, 'publicado_em': '2016-08-12T14:59:56Z'}, {'autor': '@pablov1tar195', 'comentario': 'Fabeth Morrissey grande luz???\nEstranho.', 'likes': 5, 'publicado_em': '2017-10-29T21:37:56Z'}, {'autor': '@FelipeSouza-qi5ql', 'comentario': '+UmaAutêntica Do Mc Daleste uniforme do rio', 'likes': 5, 'publicado_em': '2018-12-30T21:32:10Z'}, {'autor': '@Sarinhavlog17', 'comentario': 'Eu já vi isso realmente são pessoas tomadas pelo inimigo sei que tem pessoas que não acreditam mais existe', 'likes': 82, 'publicado_em': '2019-01-07T19:07:44Z'}]","1z0E6MzLdrA","Massacre do Realengo: marcas deixadas para sempre | Identidade Geral","4","Mais longos"
"@tainaracandido7436","UCZtcKWBZNox1VcxHC2umKPw","http://www.youtube.com/@tainaracandido7436","E aconteceu dinovo, em 2017 o homem colocou fogo em uma creche e matou varias crianças inocentes e uma professora .. realmente as escolas não tem segurança..😭😢","695","2019-01-12T05:43:09Z","2019-01-21T17:54:19Z","True","True","19","5","[{'autor': '@Joao-tj6rt', 'comentario': '@Um Canal Sobre Tudo ox kkkkkkk', 'likes': 2, 'publicado_em': '2019-01-16T18:09:17Z'}, {'autor': '@deividsouza9078', 'comentario': '@Um Canal Sobre Tudo Que horror chamar as pessoas de vagabunda sem conhecer, tenha respeito. Ridículo!', 'likes': 30, 'publicado_em': '2019-01-17T13:37:38Z'}, {'autor': '@marciaoliveira3560', 'comentario': 'Verdade  foi muito triste.. todos nós aqui da cidade não conseguimos esquecer msm', 'likes': 9, 'publicado_em': '2019-01-21T17:38:30Z'}, {'autor': '@tainaracandido7436', 'comentario': '@Um Canal Sobre Tudo Obrigada por me corrigir, mas prefiro errar na escrita do que ser um sem educação igual vc amargurado!', 'likes': 20, 'publicado_em': '2019-01-21T18:19:35Z'}, {'autor': '@Gabryyella1', 'comentario': '@Um Canal Sobre Tudo vc é cego, ela escreveu 2017.', 'likes': 5, 'publicado_em': '2019-01-25T13:07:28Z'}]","1z0E6MzLdrA","Massacre do Realengo: marcas deixadas para sempre | Identidade Geral","4","Mais longos"
"@brunonunes5564","UCSsm1NxlNPl_LkGn7AHj1cQ","http://www.youtube.com/@brunonunes5564","Queria saber como devem ter ficado com a consciência pesada os que cometeram Bullying com ele no passado sabendo o que ele fez !","780","2018-09-17T08:09:27Z","2018-09-17T08:09:27Z","True","True","78","5","[{'autor': '@ittybittypiggy5793', 'comentario': 'Vdd mais os 12 anjinhos estao no ceu....', 'likes': 48, 'publicado_em': '2018-12-20T03:58:08Z'}, {'autor': '@josilenerosa2260', 'comentario': 'Quem fez bullim com ele nao tem nada a ver com isso. So piscopatas fazem isso. A maldade ja morava dentro dele.   E so os idiotas. Acreditam k bullim justifica uma atrocidade', 'likes': 105, 'publicado_em': '2019-01-07T17:54:46Z'}, {'autor': '@mariaaraujo3967', 'comentario': 'Eles devem ta com a conciencia pesada se não foce bullying talvez isso nunca aconteceria \nNinguém sabe oque o bullying pode fazer com a cabeça de uma pessoa tem gente que supera outras não', 'likes': 139, 'publicado_em': '2019-01-08T01:15:55Z'}, {'autor': '@yeniferbarbosa8192', 'comentario': 'Consciencia nada. Quem sente prazer em humilhar os outros nao tem consciencia.', 'likes': 160, 'publicado_em': '2019-01-08T04:29:48Z'}, {'autor': '@GustavoHenrique-id9qm', 'comentario': '@ittybittypiggy5793 se não sabe, as 12 vítimas não tinham nada a ver com o Bullying que esse animal sofreu', 'likes': 38, 'publicado_em': '2019-01-09T00:17:56Z'}]","1z0E6MzLdrA","Massacre do Realengo: marcas deixadas para sempre | Identidade Geral","4","Mais longos"
"@Alinci","UCMod5a2gjh53dststed7KyA","http://www.youtube.com/@Alinci","Gente isso foi muito triste. Na época eu tinha medo de ir pra escola achando que ia entrar alguem lá dentro e fazer o mesmo","630","2018-01-11T01:50:43Z","2018-01-11T01:50:43Z","True","True","18","5","[{'autor': '@marcellanayka9040', 'comentario': 'Aline Cristina eu  tanbem fiquei três dias  sem ir para escola', 'likes': 2, 'publicado_em': '2018-02-16T07:24:08Z'}, {'autor': '@Cortesecco', 'comentario': 'Aline Cristina eu também fiquei com medo tanto que no dia após este fato eu não fui a escola pq eu fiquei a noite toda acordado.', 'likes': 5, 'publicado_em': '2018-12-10T22:53:37Z'}, {'autor': '@fernandabaroni868', 'comentario': 'Eu tbm, na época eu estudava em escola pública fiquei com trauma de ir para a mesma e tive que me transferir para outra escola sendo ela particular onde me senti mais ""segura""', 'likes': 1, 'publicado_em': '2019-01-14T22:36:32Z'}, {'autor': '@pamel_rosa', 'comentario': 'Eu também fiquei com medo, estava no 7° ano, isso porquê sou de Brasília e sempre estudei em colégio particular com uma segurança boa, imagina quem estudava no RJ, em colégios públicos que quase não tem segurança?', 'likes': 2, 'publicado_em': '2019-01-21T15:38:53Z'}, {'autor': '@isabellourenco282', 'comentario': 'eu fiquei com medo tbm....e olha q a minha escola e em uma cidade onde gracas a Deus não tem essa violencia toda🙏', 'likes': 0, 'publicado_em': '2019-01-24T00:03:37Z'}]","1z0E6MzLdrA","Massacre do Realengo: marcas deixadas para sempre | Identidade Geral","4","Mais longos"
"@rafaelnery8388","UCMNwZssKkMJlVi00Un5lQkQ","http://www.youtube.com/@rafaelnery8388","Deu um medo quando ela.disse que olhou para ele e viu fogo e derretepente ele aparece no vídeo","555","2016-07-08T11:13:10Z","2016-07-08T11:13:10Z","True","True","23","5","[{'autor': '@elorochimaro2264', 'comentario': 'Pura deu maior susto vey', 'likes': 36, 'publicado_em': '2016-07-16T19:59:46Z'}, {'autor': '@rafaelnery8388', 'comentario': '+Dygo gamer mesmo', 'likes': 5, 'publicado_em': '2016-07-16T20:00:26Z'}, {'autor': '@eu-ff2pe', 'comentario': 'Tomei um susto 🌝', 'likes': 12, 'publicado_em': '2016-08-04T22:22:33Z'}, {'autor': '@raypl5740', 'comentario': '+Pru Pru Eu tbm kkk', 'likes': 3, 'publicado_em': '2016-08-12T14:49:52Z'}, {'autor': '@yiiymoba362', 'comentario': 'Rafael Nery Assusto Kkk', 'likes': 2, 'publicado_em': '2017-10-11T13:08:46Z'}]","1z0E6MzLdrA","Massacre do Realengo: marcas deixadas para sempre | Identidade Geral","4","Mais longos"
"@sidneyjr5314","UChUlkmpro386-FjsgOjAsTQ","http://www.youtube.com/@sidneyjr5314","A menina que é  entrevistada é  tão linda...carismática...que de tudo certo pra ela...","2482","2019-01-07T05:44:28Z","2019-01-07T05:44:28Z","True","True","38","5","[{'autor': '@violetlunna', 'comentario': 'Simm! Muito educada e se expressa bem', 'likes': 95, 'publicado_em': '2019-01-09T03:05:18Z'}, {'autor': '@dekadias8979', 'comentario': 'Ela é sobrinha da minha amiga.', 'likes': 42, 'publicado_em': '2019-01-12T20:08:58Z'}, {'autor': '@vitoriacamilla7385', 'comentario': '@dekadias8979 como ela tá hoje em dia?', 'likes': 11, 'publicado_em': '2019-01-14T16:46:45Z'}, {'autor': '@girassol244', 'comentario': '@dekadias8979 como está ?', 'likes': 6, 'publicado_em': '2019-01-14T22:28:00Z'}, {'autor': '@beatrizmaria6597', 'comentario': 'Gente ela ta linda ainda, super carismática... Falei com ela e ela falou que logo vai começar a gravar videos pro YT', 'likes': 27, 'publicado_em': '2019-01-24T05:24:15Z'}]","1z0E6MzLdrA","Massacre do Realengo: marcas deixadas para sempre | Identidade Geral","4","Mais longos"
"@rodrigocolucci7884","UC59o9-ss6UfKEJYSuc9m4qw","http://www.youtube.com/@rodrigocolucci7884","Essa tragédia marcou a minha infância, me lembro como se fosse ontem, 2019 alguém ?","176","2019-01-23T04:58:38Z","2019-01-23T04:58:38Z","True","True","9","5","[{'autor': '@emillylorena5058', 'comentario': 'rodrigo colucci né cara...', 'likes': 0, 'publicado_em': '2019-01-29T04:28:11Z'}, {'autor': '@paolaferreira3715', 'comentario': 'Eu', 'likes': 0, 'publicado_em': '2019-02-01T01:37:40Z'}, {'autor': '@tonyclass27', 'comentario': 'agora em suzano', 'likes': 3, 'publicado_em': '2019-03-13T19:33:36Z'}, {'autor': '@twkfadasensata1993', 'comentario': 'Eu também, o pior é que foi no dia do meu aniversário de 7 anos, me lembro como se fosse ontem..', 'likes': 1, 'publicado_em': '2019-12-03T13:53:29Z'}, {'autor': '@sarahastenreiter931', 'comentario': '2020', 'likes': 0, 'publicado_em': '2020-10-25T16:33:54Z'}]","1z0E6MzLdrA","Massacre do Realengo: marcas deixadas para sempre | Identidade Geral","4","Mais longos"
"@clintonnascimento","UC6mYFUmhmBEOqpdhmH0WZDw","http://www.youtube.com/@clintonnascimento","Depois de tanto tempo, o pânico volta a tomar conta das escolas. #ForçaSuzano","275","2019-03-13T15:37:52Z","2019-03-13T15:37:52Z","True","True","5","5","[{'autor': '@tonyclass27', 'comentario': 'vc aqui mano de nv', 'likes': 1, 'publicado_em': '2019-03-13T19:34:49Z'}, {'autor': '@marianeaparecidabeneditoga8799', 'comentario': 'Triste', 'likes': 0, 'publicado_em': '2019-03-13T22:48:39Z'}, {'autor': '@katlenamorin3021', 'comentario': 'Muito triste isso💔', 'likes': 0, 'publicado_em': '2019-03-14T02:13:39Z'}, {'autor': '@Bershmeo', 'comentario': 'Realengo*', 'likes': 0, 'publicado_em': '2022-11-23T04:36:47Z'}, {'autor': '@davidwilker1177', 'comentario': 'Esse ano aconteceu 2 já 😢', 'likes': 2, 'publicado_em': '2023-04-07T21:17:50Z'}]","1z0E6MzLdrA","Massacre do Realengo: marcas deixadas para sempre | Identidade Geral","4","Mais longos"
"@evellynanzoategui5139","UCa6SjW2OJ3fELeMmOws-DoQ","http://www.youtube.com/@evellynanzoategui5139","Vim por causa do video da jaqueline guerreiro mais alguem veio por ela  ?","2930","2019-01-22T21:31:39Z","2019-01-22T21:31:39Z","True","True","137","5","[{'autor': '@evellynanzoategui5139', 'comentario': 'Tbm amo muitoo ela ❤', 'likes': 7, 'publicado_em': '2019-01-22T22:54:03Z'}, {'autor': '@evellynanzoategui5139', 'comentario': 'Ja vi todos os videos dela do quinta e de maquiagem e entre outros amo de maiss', 'likes': 12, 'publicado_em': '2019-01-22T22:55:01Z'}, {'autor': '@joyceisidorio4983', 'comentario': 'Euu', 'likes': 4, 'publicado_em': '2019-01-22T23:54:32Z'}, {'autor': '@silvanaamorim8994', 'comentario': 'Euzinha. Rsrsrs.😆', 'likes': 3, 'publicado_em': '2019-01-23T01:51:05Z'}, {'autor': '@elizianeborges6719', 'comentario': 'Nóssssssss', 'likes': 2, 'publicado_em': '2019-01-23T02:07:36Z'}]","1z0E6MzLdrA","Massacre do Realengo: marcas deixadas para sempre | Identidade Geral","4","Mais longos"
"@umnomeai5626","UCaElyr1vQ6JAha3OKEiM0ZA","http://www.youtube.com/@umnomeai5626","Só De Lembrar Da Vontade De Chorar Agr Em 2019 Completa 8 Anos Já...💔","582","2019-01-08T17:21:06Z","2019-01-08T17:21:06Z","True","True","9","5","[{'autor': '@anielegomes6498', 'comentario': 'Verdade 😥', 'likes': 3, 'publicado_em': '2019-01-09T06:54:59Z'}, {'autor': '@talinetali1827', 'comentario': 'muito triste 😥😥', 'likes': 4, 'publicado_em': '2019-01-09T18:31:07Z'}, {'autor': '@laised2776', 'comentario': '😫😭😭', 'likes': 1, 'publicado_em': '2019-01-14T00:42:06Z'}, {'autor': '@luciaeva4607', 'comentario': '😥', 'likes': 0, 'publicado_em': '2019-01-14T22:57:42Z'}, {'autor': '@karinagoncalves3273', 'comentario': 'TRISTE', 'likes': 1, 'publicado_em': '2019-01-17T00:37:47Z'}]","1z0E6MzLdrA","Massacre do Realengo: marcas deixadas para sempre | Identidade Geral","4","Mais longos"
"@MariaLuisa838","UChGpRO4ixofQi2f5QaHfypw","http://www.youtube.com/@MariaLuisa838","“Com ela eu morri, e por ele eu tinha que ressuscitar.” 💔 17:23","491","2019-01-21T06:59:34Z","2019-01-21T06:59:34Z","True","True","8","5","[{'autor': '@dayannesouto1606', 'comentario': 'Por ele quem ? Eu não entendi essa parte .', 'likes': 4, 'publicado_em': '2019-03-09T23:28:56Z'}, {'autor': '@mariaeduardaazevedo4887', 'comentario': '@dayannesouto1606 o outro filho dela !!', 'likes': 7, 'publicado_em': '2019-03-13T18:35:41Z'}, {'autor': '@mariaeduardaazevedo4887', 'comentario': '@laissouza5526 o outro filho dela', 'likes': 4, 'publicado_em': '2019-03-13T18:35:55Z'}, {'autor': '@gabrielamartins9609', 'comentario': 'Essa é a força de uma mãe. Amor que não se mede.', 'likes': 16, 'publicado_em': '2019-03-16T19:28:38Z'}, {'autor': '@luisascher-cat2188', 'comentario': 'Tipo assim como ela \nEla morreu de dor tristeza \nMas ela tinha outro filho então ela teve que ""ressuscitar"" encontrar forças para cuidar dele', 'likes': 22, 'publicado_em': '2019-03-27T17:19:53Z'}]","1z0E6MzLdrA","Massacre do Realengo: marcas deixadas para sempre | Identidade Geral","4","Mais longos"
"@alessandranogueira2268","UCQyAslK-NLg-OiYWc37drvQ","http://www.youtube.com/@alessandranogueira2268","Quem veio aqui pelo o massacre de Suzano S/P dia 13/03/2019 😞😢","763","2019-03-14T02:04:15Z","2019-03-14T02:04:15Z","True","True","39","5","[{'autor': '@foxpaiva4540', 'comentario': 'Eu', 'likes': 0, 'publicado_em': '2019-03-15T19:31:07Z'}, {'autor': '@tia6631', 'comentario': 'Eu', 'likes': 1, 'publicado_em': '2019-03-15T22:08:45Z'}, {'autor': '@yurilima6205', 'comentario': 'Eu', 'likes': 0, 'publicado_em': '2019-03-15T22:47:36Z'}, {'autor': '@vinishow6806', 'comentario': 'Eu', 'likes': 0, 'publicado_em': '2019-03-16T00:42:24Z'}, {'autor': '@fabianaamaral9887', 'comentario': 'Eu vim!!', 'likes': 0, 'publicado_em': '2019-03-16T11:17:02Z'}]","1z0E6MzLdrA","Massacre do Realengo: marcas deixadas para sempre | Identidade Geral","4","Mais longos"
"@stephanieesteves2179","UCGVZ9A3tLOuIFcUaFLol8yw","http://www.youtube.com/@stephanieesteves2179","Mtttttt triste 😥 janeiro de 2019 , alguém aí?","1847","2019-01-12T01:52:55Z","2019-01-12T01:52:55Z","True","True","35","5","[{'autor': '@angelicaminhacasanaroca3921', 'comentario': '😭😭😭', 'likes': 1, 'publicado_em': '2019-01-14T00:29:30Z'}, {'autor': '@karlacarvalho9187', 'comentario': '🤙🏻', 'likes': 0, 'publicado_em': '2019-01-14T05:17:07Z'}, {'autor': '@SandraSantos-sd1zq', 'comentario': 'Chorando aki  ouvindo o grito das mães  desesperadas...meu Deus  do céu 😭😭😭😭😭😭', 'likes': 0, 'publicado_em': '2019-01-14T21:25:16Z'}, {'autor': '@laised2776', 'comentario': 'Euu', 'likes': 0, 'publicado_em': '2019-01-15T00:00:37Z'}, {'autor': '@laised2776', 'comentario': 'Aq no rj naquela época foi muito triste', 'likes': 1, 'publicado_em': '2019-01-15T00:00:57Z'}]","1z0E6MzLdrA","Massacre do Realengo: marcas deixadas para sempre | Identidade Geral","4","Mais longos"
"@jcruzcruz538","UC1uVXnnlE7Pn8n8_WvegjEg","http://www.youtube.com/@jcruzcruz538","Quando vc percebe que o caso vai fazer 8 anos","478","2019-01-15T18:25:04Z","2019-01-15T18:25:04Z","True","True","12","5","[{'autor': '@tonyclass27', 'comentario': 'agr no colegio em Suzano', 'likes': 10, 'publicado_em': '2019-03-13T19:31:21Z'}, {'autor': '@felipeferreira2488', 'comentario': 'Será que valeu a pena?)', 'likes': 1, 'publicado_em': '2019-05-01T09:25:01Z'}, {'autor': '@saniyakarishma1058', 'comentario': 'Quase 10 anos', 'likes': 2, 'publicado_em': '2020-10-15T20:32:51Z'}, {'autor': '@mariaclara-ve7xr', 'comentario': 'Agr 10', 'likes': 1, 'publicado_em': '2021-02-19T15:21:03Z'}, {'autor': '@nadaaqui9303', 'comentario': 'Pior é quando vc percebe que falta menos de 1 mês pra completar 10 anos, vcs tem noção, DEZ ANOS', 'likes': 3, 'publicado_em': '2021-03-20T10:27:50Z'}]","1z0E6MzLdrA","Massacre do Realengo: marcas deixadas para sempre | Identidade Geral","4","Mais longos"
"@eriamarina4145","UCZ7F6uJ-NompS5Q-_1vV3dQ","http://www.youtube.com/@eriamarina4145","Vim por causa da quinta misteriosa hehe","880","2019-01-23T01:53:43Z","2019-01-23T01:53:43Z","True","True","13","5","[{'autor': '@isabellaalves9642', 'comentario': 'Eu tbm rsrs', 'likes': 1, 'publicado_em': '2019-01-28T02:49:05Z'}, {'autor': '@kellymaria17', 'comentario': 'Eu tbmmm', 'likes': 1, 'publicado_em': '2019-01-28T12:32:54Z'}, {'autor': '@cheleduda', 'comentario': 'Eu tmb kkkk', 'likes': 1, 'publicado_em': '2019-01-28T15:23:28Z'}, {'autor': '@nicolecordeiro6353', 'comentario': 'Kkk eu tambem', 'likes': 1, 'publicado_em': '2019-01-29T15:10:07Z'}, {'autor': '@anavitoriacarvalho1003', 'comentario': 'Eu também kkk', 'likes': 1, 'publicado_em': '2019-01-29T16:31:04Z'}]","1z0E6MzLdrA","Massacre do Realengo: marcas deixadas para sempre | Identidade Geral","4","Mais longos"
"@ImagineumNomelegal01","UCibaGdapqaVqN8cOWb8ixBA","http://www.youtube.com/@ImagineumNomelegal01","""monstros não nascem, não criados""","669","2016-08-03T15:25:03Z","2016-08-03T15:25:03Z","True","True","15","5","[{'autor': '@videosqualquer7944', 'comentario': 'nao,alguns nascem mas a maioria são criados', 'likes': 59, 'publicado_em': '2016-09-11T16:05:10Z'}, {'autor': '@kellymoraes2787', 'comentario': 'Verdade,criança que tem o carinho e apoio dos pais não fazem isso!', 'likes': 16, 'publicado_em': '2019-01-08T13:43:24Z'}, {'autor': '@vestahelios3181', 'comentario': '@kellymoraes2787 não  podemos deixar o deboche o bullyng a gozação tem que ser banido do vamos criar um mundo melhor no futuro.', 'likes': 19, 'publicado_em': '2019-01-09T02:00:01Z'}, {'autor': '@vestahelios3181', 'comentario': 'Lenita Alves  cm prazer qual é o seu canal? Bjs', 'likes': 1, 'publicado_em': '2019-01-09T02:26:17Z'}, {'autor': '@violetlunna', 'comentario': 'Nascem sim', 'likes': 1, 'publicado_em': '2019-01-09T03:04:46Z'}]","1z0E6MzLdrA","Massacre do Realengo: marcas deixadas para sempre | Identidade Geral","4","Mais longos"
"@anielegomes6498","UCJwEVNavcF9QbiXGri5HYuQ","http://www.youtube.com/@anielegomes6498","Alguém em 2019","2690","2019-01-09T06:56:45Z","2019-01-09T06:56:45Z","True","True","60","5","[{'autor': '@romanoficial6740', 'comentario': 'Me chama no zap ❤', 'likes': 2, 'publicado_em': '2019-01-10T09:47:05Z'}, {'autor': '@sabrinasilva5550', 'comentario': 'Eu 😔😪', 'likes': 1, 'publicado_em': '2019-01-11T03:57:55Z'}, {'autor': '@novelasecia9044', 'comentario': 'Euj', 'likes': 1, 'publicado_em': '2019-01-11T07:04:43Z'}, {'autor': '@karolinasommer2010', 'comentario': 'aniele fernandes EU', 'likes': 1, 'publicado_em': '2019-01-12T15:19:02Z'}, {'autor': '@leticia667', 'comentario': '@em86rs ericaermirella exatamente', 'likes': 0, 'publicado_em': '2019-01-12T17:54:21Z'}]","1z0E6MzLdrA","Massacre do Realengo: marcas deixadas para sempre | Identidade Geral","4","Mais longos"
"@claudiocosta5083","UCOFCT0dTqteg0S4ALZ4OaBw","http://www.youtube.com/@claudiocosta5083","Boa guerreiro 😂😂😂","1","2025-12-11T19:24:33Z","2025-12-11T19:24:33Z","True","True","1","1","[{'autor': '@JabadoMar', 'comentario': 'Boa noite abraço tudo de bom✌️❤️🎶', 'likes': 1, 'publicado_em': '2025-12-11T22:57:10Z'}]","X4HdDpooYBk","Cavalo marinho de minha autoria. Realengo minha zona oeste. RJ #Brasil✌️❤️🎶","1","Mais novos"
"@JabadoMar","UCjZlwOqbc_EOq6_KTtGY5DQ","http://www.youtube.com/@JabadoMar","✌️❤️🎶","1","2025-12-11T13:20:10Z","2025-12-11T13:20:10Z","True","True","0","0","[]","X4HdDpooYBk","Cavalo marinho de minha autoria. Realengo minha zona oeste. RJ #Brasil✌️❤️🎶","1","Mais novos"
"@JabadoMar","UCjZlwOqbc_EOq6_KTtGY5DQ","http://www.youtube.com/@JabadoMar","✌️❤️🎶","1","2025-12-11T13:20:10Z","2025-12-11T13:20:10Z","True","True","0","0","[]","X4HdDpooYBk","Cavalo marinho de minha autoria. Realengo minha zona oeste. RJ #Brasil✌️❤️🎶","2","Mais antigos"
"@claudiocosta5083","UCOFCT0dTqteg0S4ALZ4OaBw","http://www.youtube.com/@claudiocosta5083","Boa guerreiro 😂😂😂","1","2025-12-11T19:24:33Z","2025-12-11T19:24:33Z","True","True","1","1","[{'autor': '@JabadoMar', 'comentario': 'Boa noite abraço tudo de bom✌️❤️🎶', 'likes': 1, 'publicado_em': '2025-12-11T22:57:10Z'}]","X4HdDpooYBk","Cavalo marinho de minha autoria. Realengo minha zona oeste. RJ #Brasil✌️❤️🎶","2","Mais antigos"
"@JabadoMar","UCjZlwOqbc_EOq6_KTtGY5DQ","http://www.youtube.com/@JabadoMar","✌️❤️🎶","1","2025-12-11T13:20:10Z","2025-12-11T13:20:10Z","True","True","0","0","[]","X4HdDpooYBk","Cavalo marinho de minha autoria. Realengo minha zona oeste. RJ #Brasil✌️❤️🎶","3","Mais curtidos"
"@claudiocosta5083","UCOFCT0dTqteg0S4ALZ4OaBw","http://www.youtube.com/@claudiocosta5083","Boa guerreiro 😂😂😂","1","2025-12-11T19:24:33Z","2025-12-11T19:24:33Z","True","True","1","1","[{'autor': '@JabadoMar', 'comentario': 'Boa noite abraço tudo de bom✌️❤️🎶', 'likes': 1, 'publicado_em': '2025-12-11T22:57:10Z'}]","X4HdDpooYBk","Cavalo marinho de minha autoria. Realengo minha zona oeste. RJ #Brasil✌️❤️🎶","3","Mais curtidos"
"@claudiocosta5083","UCOFCT0dTqteg0S4ALZ4OaBw","http://www.youtube.com/@claudiocosta5083","Boa guerreiro 😂😂😂","1","2025-12-11T19:24:33Z","2025-12-11T19:24:33Z","True","True","1","1","[{'autor': '@JabadoMar', 'comentario': 'Boa noite abraço tudo de bom✌️❤️🎶', 'likes': 1, 'publicado_em': '2025-12-11T22:57:10Z'}]","X4HdDpooYBk","Cavalo marinho de minha autoria. Realengo minha zona oeste. RJ #Brasil✌️❤️🎶","4","Mais longos"
"@JabadoMar","UCjZlwOqbc_EOq6_KTtGY5DQ","http://www.youtube.com/@JabadoMar","✌️❤️🎶","1","2025-12-11T13:20:10Z","2025-12-11T13:20:10Z","True","True","0","0","[]","X4HdDpooYBk","Cavalo marinho de minha autoria. Realengo minha zona oeste. RJ #Brasil✌️❤️🎶","4","Mais longos"
"@JabadoMar","UCjZlwOqbc_EOq6_KTtGY5DQ","http://www.youtube.com/@JabadoMar","✌️❤️🎶","1","2025-12-11T13:16:23Z","2025-12-11T13:16:23Z","True","True","0","0","[]","oBqTHimtmrA","Mulher pavê de minha autoria. Realengo minha zona Oeste. RJ #Brasil✌️❤️🎶","1","Mais novos"
"@JabadoMar","UCjZlwOqbc_EOq6_KTtGY5DQ","http://www.youtube.com/@JabadoMar","✌️❤️🎶","1","2025-12-11T13:16:23Z","2025-12-11T13:16:23Z","True","True","0","0","[]","oBqTHimtmrA","Mulher pavê de minha autoria. Realengo minha zona Oeste. RJ #Brasil✌️❤️🎶","2","Mais antigos"
"@JabadoMar","UCjZlwOqbc_EOq6_KTtGY5DQ","http://www.youtube.com/@JabadoMar","✌️❤️🎶","1","2025-12-11T13:16:23Z","2025-12-11T13:16:23Z","True","True","0","0","[]","oBqTHimtmrA","Mulher pavê de minha autoria. Realengo minha zona Oeste. RJ #Brasil✌️❤️🎶","3","Mais curtidos"
"@JabadoMar","UCjZlwOqbc_EOq6_KTtGY5DQ","http://www.youtube.com/@JabadoMar","✌️❤️🎶","1","2025-12-11T13:16:23Z","2025-12-11T13:16:23Z","True","True","0","0","[]","oBqTHimtmrA","Mulher pavê de minha autoria. Realengo minha zona Oeste. RJ #Brasil✌️❤️🎶","4","Mais longos"
"@JabadoMar","UCjZlwOqbc_EOq6_KTtGY5DQ","http://www.youtube.com/@JabadoMar","✌️❤️🎶","1","2025-12-11T13:13:44Z","2025-12-11T13:13:44Z","True","True","0","0","[]","rcqocKWt4s0","Vai quebrar a cara de minha autoria. Realengo minha zona Oeste. RJ #Brasil✌️❤️🎶","1","Mais novos"
"@JabadoMar","UCjZlwOqbc_EOq6_KTtGY5DQ","http://www.youtube.com/@JabadoMar","✌️❤️🎶","1","2025-12-11T13:13:44Z","2025-12-11T13:13:44Z","True","True","0","0","[]","rcqocKWt4s0","Vai quebrar a cara de minha autoria. Realengo minha zona Oeste. RJ #Brasil✌️❤️🎶","2","Mais antigos"
"@JabadoMar","UCjZlwOqbc_EOq6_KTtGY5DQ","http://www.youtube.com/@JabadoMar","✌️❤️🎶","1","2025-12-11T13:13:44Z","2025-12-11T13:13:44Z","True","True","0","0","[]","rcqocKWt4s0","Vai quebrar a cara de minha autoria. Realengo minha zona Oeste. RJ #Brasil✌️❤️🎶","3","Mais curtidos"
"@JabadoMar","UCjZlwOqbc_EOq6_KTtGY5DQ","http://www.youtube.com/@JabadoMar","✌️❤️🎶","1","2025-12-11T13:13:44Z","2025-12-11T13:13:44Z","True","True","0","0","[]","rcqocKWt4s0","Vai quebrar a cara de minha autoria. Realengo minha zona Oeste. RJ #Brasil✌️❤️🎶","4","Mais longos"
"@GalizaTV","UCL8b1uM66nqBoEv8Ya9xcYQ","http://www.youtube.com/@GalizaTV","O projeto terceira idade so @arnodaacademia traz saúde e longevidade para a população de Realengo.","1","2025-12-11T12:58:11Z","2025-12-11T12:58:11Z","True","True","0","0","[]","UUTEdQzwkI0","Arnô da academia sempre promovendo educação, esporte e lazer para Realengo.. ","1","Mais novos"
"@GalizaTV","UCL8b1uM66nqBoEv8Ya9xcYQ","http://www.youtube.com/@GalizaTV","O projeto terceira idade so @arnodaacademia traz saúde e longevidade para a população de Realengo.","1","2025-12-11T12:58:11Z","2025-12-11T12:58:11Z","True","True","0","0","[]","UUTEdQzwkI0","Arnô da academia sempre promovendo educação, esporte e lazer para Realengo.. ","2","Mais antigos"
"@GalizaTV","UCL8b1uM66nqBoEv8Ya9xcYQ","http://www.youtube.com/@GalizaTV","O projeto terceira idade so @arnodaacademia traz saúde e longevidade para a população de Realengo.","1","2025-12-11T12:58:11Z","2025-12-11T12:58:11Z","True","True","0","0","[]","UUTEdQzwkI0","Arnô da academia sempre promovendo educação, esporte e lazer para Realengo.. ","3","Mais curtidos"
"@GalizaTV","UCL8b1uM66nqBoEv8Ya9xcYQ","http://www.youtube.com/@GalizaTV","O projeto terceira idade so @arnodaacademia traz saúde e longevidade para a população de Realengo.","1","2025-12-11T12:58:11Z","2025-12-11T12:58:11Z","True","True","0","0","[]","UUTEdQzwkI0","Arnô da academia sempre promovendo educação, esporte e lazer para Realengo.. ","4","Mais longos"
"@vivianalantigua2987","UCykCKOIdIQFy05fXPs8IgFA","http://www.youtube.com/@vivianalantigua2987","Perver 💜💜💜💜💜💜💜💜💜💜💜💜💜💜💜💜","1","2025-12-05T19:23:46Z","2025-12-05T19:23:46Z","True","True","0","0","[]","jikhvNChDbM","La Perversa ❌ Yomel El Meloso - Amor Realengo (Video Oficial)","1","Mais novos"
"@CarmenPerez-ng6ou","UClhulZT6in08NmXsmEhAR6A","http://www.youtube.com/@CarmenPerez-ng6ou","Primera vez la escucho está canción","0","2025-12-05T11:48:06Z","2025-12-05T11:48:06Z","True","True","0","0","[]","jikhvNChDbM","La Perversa ❌ Yomel El Meloso - Amor Realengo (Video Oficial)","1","Mais novos"
"@glenysramirez6082","UCnjNZoB0PtiWS4gfhAk1YIg","http://www.youtube.com/@glenysramirez6082","💜💜💜💜💜Team perve","0","2025-12-05T01:05:56Z","2025-12-05T01:05:56Z","True","True","0","0","[]","jikhvNChDbM","La Perversa ❌ Yomel El Meloso - Amor Realengo (Video Oficial)","1","Mais novos"
"@rosahernandez9508","UCGYUlIogN6_IQMq-mimXQUQ","http://www.youtube.com/@rosahernandez9508","Team perver 💜💜💜","2","2025-11-24T19:42:40Z","2025-11-24T19:42:40Z","True","True","0","0","[]","jikhvNChDbM","La Perversa ❌ Yomel El Meloso - Amor Realengo (Video Oficial)","1","Mais novos"
"@mrpabloescobartsimpson","UCfLSIiLnyvOWpC0bJ7OsU2Q","http://www.youtube.com/@mrpabloescobartsimpson","QUIEN VIENE POR LA CASA DE ALOFOKE 2? 😂😂😂","78","2025-11-03T05:29:09Z","2025-11-03T05:29:09Z","True","True","1","1","[{'autor': '@HaroldTaverasHaroldTaveras', 'comentario': 'Yo😂', 'likes': 1, 'publicado_em': '2025-12-06T17:48:39Z'}]","jikhvNChDbM","La Perversa ❌ Yomel El Meloso - Amor Realengo (Video Oficial)","1","Mais novos"
"@ValerySalomón-g4r","UCCjPPN-2jw5k8WJVnukbQAw","http://www.youtube.com/@ValerySalom%C3%B3n-g4r","Quién por la casa de Alofoque?","149","2025-11-02T15:35:45Z","2025-11-02T15:35:45Z","True","True","1","1","[{'autor': '@StephanieMoscoso-y1b', 'comentario': 'Alofoke', 'likes': 0, 'publicado_em': '2025-11-29T06:13:28Z'}]","jikhvNChDbM","La Perversa ❌ Yomel El Meloso - Amor Realengo (Video Oficial)","1","Mais novos"
"@Lahiaguzman","UCeZ_qn91r_GRSdnDgRLKG7Q","http://www.youtube.com/@Lahiaguzman","Se terminó el amor realengo y el de anuel y karol g también quien en el 2024😭😂","121","2024-08-22T16:54:28Z","2024-08-22T16:55:37Z","True","True","4","4","[{'autor': '@yisselgarcia2496', 'comentario': 'Ay JAJJAJAJAJJAJAJAJJAJ coño', 'likes': 2, 'publicado_em': '2024-09-01T18:40:21Z'}, {'autor': '@angealicia2003', 'comentario': '😂😂😂', 'likes': 1, 'publicado_em': '2024-10-06T23:59:23Z'}, {'autor': '@TatyCevallos-y5c', 'comentario': 'Jajajaj😂', 'likes': 0, 'publicado_em': '2024-11-09T18:11:31Z'}, {'autor': '@vivianalantigua2987', 'comentario': '2025 dic 🎉', 'likes': 0, 'publicado_em': '2025-12-05T19:22:30Z'}]","jikhvNChDbM","La Perversa ❌ Yomel El Meloso - Amor Realengo (Video Oficial)","1","Mais novos"
"@yandryreyes3730","UCAXJf_bd2J8vO0wXdJTdQdw","http://www.youtube.com/@yandryreyes3730","Ese tema sonaba pila en la pandemia, quien en 2024?","146","2024-05-25T03:32:33Z","2024-05-25T03:32:33Z","True","True","1","1","[{'autor': '@LaReina4444', 'comentario': 'Ta duro , que hagan un remix❤❤', 'likes': 1, 'publicado_em': '2025-11-21T22:28:49Z'}]","jikhvNChDbM","La Perversa ❌ Yomel El Meloso - Amor Realengo (Video Oficial)","1","Mais novos"
"@BriannyLopez-zh3sm","UC505ElMYlfULY5q7pPgKL7Q","http://www.youtube.com/@BriannyLopez-zh3sm","Alguien del 2024😂❤","153","2024-03-02T01:35:37Z","2024-03-02T01:35:37Z","True","True","4","4","[{'autor': '@KilsyRosario', 'comentario': 'Yo ❤', 'likes': 2, 'publicado_em': '2024-04-12T01:52:46Z'}, {'autor': '@PerlaMassielPeraltaMolina', 'comentario': 'Yo😘', 'likes': 1, 'publicado_em': '2024-05-10T03:12:20Z'}, {'autor': '@Stchsblacky', 'comentario': 'Yo', 'likes': 0, 'publicado_em': '2024-08-24T01:40:13Z'}, {'autor': '@yulissaramosr4668', 'comentario': 'Si', 'likes': 0, 'publicado_em': '2024-11-11T00:56:40Z'}]","jikhvNChDbM","La Perversa ❌ Yomel El Meloso - Amor Realengo (Video Oficial)","1","Mais novos"
"@yeralcarmona6613","UCAhbEdfq2FzcYFUbC3ZsW6w","http://www.youtube.com/@yeralcarmona6613","Murió este amor ya es de residencial😪💔","109","2021-04-25T23:24:43Z","2021-04-25T23:24:43Z","True","True","2","2","[{'autor': '@franciscojimenez1728', 'comentario': '🤣', 'likes': 1, 'publicado_em': '2022-08-03T16:44:24Z'}, {'autor': '@RoxanaReyes-ml1oq', 'comentario': '🤣🤣🤣🤣🤣🤣🤣🤣🤣🤣', 'likes': 0, 'publicado_em': '2025-12-10T11:02:05Z'}]","jikhvNChDbM","La Perversa ❌ Yomel El Meloso - Amor Realengo (Video Oficial)","1","Mais novos"
"@mairaruizsena8766","UCQjW2J0q6_erfQA81ud6XmQ","http://www.youtube.com/@mairaruizsena8766","Se término él amor realengo😪😂","95","2021-04-24T14:28:22Z","2021-04-24T14:28:22Z","True","True","0","0","[]","jikhvNChDbM","La Perversa ❌ Yomel El Meloso - Amor Realengo (Video Oficial)","1","Mais novos"
"@grey__drum578","UCjVhXRBt_7oTaSQ1p4TmLkw","http://www.youtube.com/@grey__drum578","Quién sigue escuchando este temasoo 2021🥺😍😍🔥","74","2021-01-12T21:26:03Z","2021-01-12T21:26:03Z","True","True","0","0","[]","jikhvNChDbM","La Perversa ❌ Yomel El Meloso - Amor Realengo (Video Oficial)","1","Mais novos"
"@nicolyerlisatrinidadaybar4664","UCe6-2GYU9smkmrQfw-vLOQg","http://www.youtube.com/@nicolyerlisatrinidadaybar4664","No me cansó de escucharla, desde qué la hicieron, hasta ahora, la sigo escuchando, me encanta está canción. ✌","487","2020-10-18T22:08:20Z","2020-10-18T22:08:20Z","True","True","16","5","[{'autor': '@yomiluna5427', 'comentario': '@Madelin Santos Hidalgo muy cierto', 'likes': 2, 'publicado_em': '2020-10-23T16:15:07Z'}, {'autor': '@nicolyerlisatrinidadaybar4664', 'comentario': 'Claro es verdad', 'likes': 1, 'publicado_em': '2020-10-25T16:19:43Z'}, {'autor': '@laura7u7lara62', 'comentario': '=jl', 'likes': 0, 'publicado_em': '2020-11-06T14:03:01Z'}, {'autor': '@estivenlorenzo1168', 'comentario': '@Madelin Santos Hidalgo 👨\u200d👦😏🥰😍😍😘😘😘😊', 'likes': 0, 'publicado_em': '2020-11-07T02:17:15Z'}, {'autor': '@estivenlorenzo1168', 'comentario': '@Madelin Santos Hidalgo ok', 'likes': 1, 'publicado_em': '2020-11-07T02:17:20Z'}]","jikhvNChDbM","La Perversa ❌ Yomel El Meloso - Amor Realengo (Video Oficial)","1","Mais novos"
"@elisandranunez4934","UC9YexoJpEkc-xr5hPg-tQAw","http://www.youtube.com/@elisandranunez4934","Sigue así llegarás lejos, muy bueno el tema amor realengo,.","223","2020-06-30T18:30:58Z","2020-06-30T18:30:58Z","True","True","0","0","[]","jikhvNChDbM","La Perversa ❌ Yomel El Meloso - Amor Realengo (Video Oficial)","1","Mais novos"
"@harryfrancisco5063","UCrN6AJCoGnk_dnHtrZZQCLw","http://www.youtube.com/@harryfrancisco5063","Dale like si no paras de escucharla, 🙌🏻🔥🔥🔥 se volvió mi canción favorita 👌🏻👌🏻👌🏻","97","2020-06-29T00:48:17Z","2020-06-29T00:48:17Z","True","True","0","0","[]","jikhvNChDbM","La Perversa ❌ Yomel El Meloso - Amor Realengo (Video Oficial)","1","Mais novos"
"@oneisygomez4465","UCpo_TZfVEeHoh3CqhI6vgLg","http://www.youtube.com/@oneisygomez4465","La perversa va a llegar bien lejos por su humildad y lindo corazón 💖 💕","92","2020-06-26T04:43:20Z","2020-06-26T04:43:20Z","True","True","1","1","[{'autor': '@jessymoreno8530', 'comentario': 'Mírala dónde a llegado ❤❤❤', 'likes': 1, 'publicado_em': '2024-11-05T02:36:24Z'}]","jikhvNChDbM","La Perversa ❌ Yomel El Meloso - Amor Realengo (Video Oficial)","1","Mais novos"
"@WandairisRivas","UC2cY2bQK25dk_0PEuZTSvHQ","http://www.youtube.com/@WandairisRivas","Wao la humildad me robó el corazón 💖 me encanta 😍","398","2020-06-25T11:43:51Z","2020-06-25T11:43:51Z","True","True","12","5","[{'autor': '@SuperHenrygonzalez', 'comentario': 'Pa Cuando en Apple Music 🎶', 'likes': 3, 'publicado_em': '2020-06-26T03:56:11Z'}, {'autor': '@juanamaawendy7805', 'comentario': 'Dios mio pero y por que en este país a todo le llaman humildad 🤷🏻 Qué se supone que usted esperen que ellos hagan que empiecen a ofender al público y hablarle mal a los seguidores obvio que no', 'likes': 5, 'publicado_em': '2020-06-26T12:17:28Z'}, {'autor': '@juanamaawendy7805', 'comentario': 'si tú quieres ver humildad de verdad entrate A dónde la verdolaga en el video que él se está comiendo los pica pollo y mira cómo él le regala $1000 a su contrincante después que él ganó. Eso verdaderamente ser humilde porque él no tiene ida de lo poco que consigue', 'likes': 6, 'publicado_em': '2020-06-26T12:35:48Z'}, {'autor': '@yonybello4691', 'comentario': 'V8 f.  D', 'likes': 1, 'publicado_em': '2020-06-26T12:47:50Z'}, {'autor': '@esenciaff2470', 'comentario': 'Wandairis Rivas, tú me gusta mucho', 'likes': 1, 'publicado_em': '2020-06-26T13:30:07Z'}]","jikhvNChDbM","La Perversa ❌ Yomel El Meloso - Amor Realengo (Video Oficial)","1","Mais novos"
"@Zanganovideos","UC0e1nUQT7o9lIkiTOWqTW_g","http://www.youtube.com/@Zanganovideos","Le quitó el Suzuki a nino se llevo a la Perversa y se convirtió en un amor realengo😂😂","86","2020-06-25T02:57:16Z","2020-06-25T02:57:16Z","True","True","0","0","[]","jikhvNChDbM","La Perversa ❌ Yomel El Meloso - Amor Realengo (Video Oficial)","1","Mais novos"
"@carlosdejesus6264","UCUm7KOlDgALEcwheAdNRERA","http://www.youtube.com/@carlosdejesus6264","El que lea este comentario que Dios le bendiga💕","1396","2020-06-24T16:00:46Z","2020-06-24T16:00:46Z","True","True","51","5","[{'autor': '@familiacampopuello4227', 'comentario': 'amén', 'likes': 8, 'publicado_em': '2020-06-24T16:06:31Z'}, {'autor': '@arlenyslorenzo6070', 'comentario': 'Amen😍😍', 'likes': 4, 'publicado_em': '2020-06-24T16:18:00Z'}, {'autor': '@avelenyurena6743', 'comentario': 'Amén e igual para ti', 'likes': 6, 'publicado_em': '2020-06-24T17:41:39Z'}, {'autor': '@emmanuelmauriciotolentino3334', 'comentario': 'Lo Iluminatis', 'likes': 3, 'publicado_em': '2020-06-24T17:56:03Z'}, {'autor': '@lafamiliarecord1947', 'comentario': 'Amen😍😍 moyacrasia', 'likes': 2, 'publicado_em': '2020-06-24T17:57:33Z'}]","jikhvNChDbM","La Perversa ❌ Yomel El Meloso - Amor Realengo (Video Oficial)","1","Mais novos"
"@LaPerversa","UCjg8vMcrT6QzC2RVRJRNo7A","http://www.youtube.com/@LaPerversa","Que Opinas de este tema  y video?","9748","2020-06-24T03:59:14Z","2020-06-24T03:59:14Z","True","True","540","5","[{'autor': '@derekbatista1600', 'comentario': 'SETA muy Duro', 'likes': 215, 'publicado_em': '2020-06-24T16:00:25Z'}, {'autor': '@eviannyjimenez2712', 'comentario': 'Esta bien me gusta ❤❤❤❤❤🥵', 'likes': 181, 'publicado_em': '2020-06-24T16:00:35Z'}, {'autor': '@videochistetv347', 'comentario': 'Bien❤❤', 'likes': 97, 'publicado_em': '2020-06-24T16:00:35Z'}, {'autor': '@Doriancr35', 'comentario': 'Dale', 'likes': 62, 'publicado_em': '2020-06-24T16:00:47Z'}, {'autor': '@yairoplay7635', 'comentario': 'Perversa saludame en imstagram', 'likes': 57, 'publicado_em': '2020-06-24T16:00:49Z'}]","jikhvNChDbM","La Perversa ❌ Yomel El Meloso - Amor Realengo (Video Oficial)","1","Mais novos"
"@LaPerversa","UCjg8vMcrT6QzC2RVRJRNo7A","http://www.youtube.com/@LaPerversa","Que Opinas de este tema  y video?","9748","2020-06-24T03:59:14Z","2020-06-24T03:59:14Z","True","True","540","5","[{'autor': '@derekbatista1600', 'comentario': 'SETA muy Duro', 'likes': 215, 'publicado_em': '2020-06-24T16:00:25Z'}, {'autor': '@eviannyjimenez2712', 'comentario': 'Esta bien me gusta ❤❤❤❤❤🥵', 'likes': 181, 'publicado_em': '2020-06-24T16:00:35Z'}, {'autor': '@videochistetv347', 'comentario': 'Bien❤❤', 'likes': 97, 'publicado_em': '2020-06-24T16:00:35Z'}, {'autor': '@Doriancr35', 'comentario': 'Dale', 'likes': 62, 'publicado_em': '2020-06-24T16:00:47Z'}, {'autor': '@yairoplay7635', 'comentario': 'Perversa saludame en imstagram', 'likes': 57, 'publicado_em': '2020-06-24T16:00:49Z'}]","jikhvNChDbM","La Perversa ❌ Yomel El Meloso - Amor Realengo (Video Oficial)","2","Mais antigos"
"@carlosdejesus6264","UCUm7KOlDgALEcwheAdNRERA","http://www.youtube.com/@carlosdejesus6264","El que lea este comentario que Dios le bendiga💕","1396","2020-06-24T16:00:46Z","2020-06-24T16:00:46Z","True","True","51","5","[{'autor': '@familiacampopuello4227', 'comentario': 'amén', 'likes': 8, 'publicado_em': '2020-06-24T16:06:31Z'}, {'autor': '@arlenyslorenzo6070', 'comentario': 'Amen😍😍', 'likes': 4, 'publicado_em': '2020-06-24T16:18:00Z'}, {'autor': '@avelenyurena6743', 'comentario': 'Amén e igual para ti', 'likes': 6, 'publicado_em': '2020-06-24T17:41:39Z'}, {'autor': '@emmanuelmauriciotolentino3334', 'comentario': 'Lo Iluminatis', 'likes': 3, 'publicado_em': '2020-06-24T17:56:03Z'}, {'autor': '@lafamiliarecord1947', 'comentario': 'Amen😍😍 moyacrasia', 'likes': 2, 'publicado_em': '2020-06-24T17:57:33Z'}]","jikhvNChDbM","La Perversa ❌ Yomel El Meloso - Amor Realengo (Video Oficial)","2","Mais antigos"
"@Zanganovideos","UC0e1nUQT7o9lIkiTOWqTW_g","http://www.youtube.com/@Zanganovideos","Le quitó el Suzuki a nino se llevo a la Perversa y se convirtió en un amor realengo😂😂","86","2020-06-25T02:57:16Z","2020-06-25T02:57:16Z","True","True","0","0","[]","jikhvNChDbM","La Perversa ❌ Yomel El Meloso - Amor Realengo (Video Oficial)","2","Mais antigos"
"@WandairisRivas","UC2cY2bQK25dk_0PEuZTSvHQ","http://www.youtube.com/@WandairisRivas","Wao la humildad me robó el corazón 💖 me encanta 😍","398","2020-06-25T11:43:51Z","2020-06-25T11:43:51Z","True","True","12","5","[{'autor': '@SuperHenrygonzalez', 'comentario': 'Pa Cuando en Apple Music 🎶', 'likes': 3, 'publicado_em': '2020-06-26T03:56:11Z'}, {'autor': '@juanamaawendy7805', 'comentario': 'Dios mio pero y por que en este país a todo le llaman humildad 🤷🏻 Qué se supone que usted esperen que ellos hagan que empiecen a ofender al público y hablarle mal a los seguidores obvio que no', 'likes': 5, 'publicado_em': '2020-06-26T12:17:28Z'}, {'autor': '@juanamaawendy7805', 'comentario': 'si tú quieres ver humildad de verdad entrate A dónde la verdolaga en el video que él se está comiendo los pica pollo y mira cómo él le regala $1000 a su contrincante después que él ganó. Eso verdaderamente ser humilde porque él no tiene ida de lo poco que consigue', 'likes': 6, 'publicado_em': '2020-06-26T12:35:48Z'}, {'autor': '@yonybello4691', 'comentario': 'V8 f.  D', 'likes': 1, 'publicado_em': '2020-06-26T12:47:50Z'}, {'autor': '@esenciaff2470', 'comentario': 'Wandairis Rivas, tú me gusta mucho', 'likes': 1, 'publicado_em': '2020-06-26T13:30:07Z'}]","jikhvNChDbM","La Perversa ❌ Yomel El Meloso - Amor Realengo (Video Oficial)","2","Mais antigos"
"@oneisygomez4465","UCpo_TZfVEeHoh3CqhI6vgLg","http://www.youtube.com/@oneisygomez4465","La perversa va a llegar bien lejos por su humildad y lindo corazón 💖 💕","92","2020-06-26T04:43:20Z","2020-06-26T04:43:20Z","True","True","1","1","[{'autor': '@jessymoreno8530', 'comentario': 'Mírala dónde a llegado ❤❤❤', 'likes': 1, 'publicado_em': '2024-11-05T02:36:24Z'}]","jikhvNChDbM","La Perversa ❌ Yomel El Meloso - Amor Realengo (Video Oficial)","2","Mais antigos"
"@harryfrancisco5063","UCrN6AJCoGnk_dnHtrZZQCLw","http://www.youtube.com/@harryfrancisco5063","Dale like si no paras de escucharla, 🙌🏻🔥🔥🔥 se volvió mi canción favorita 👌🏻👌🏻👌🏻","97","2020-06-29T00:48:17Z","2020-06-29T00:48:17Z","True","True","0","0","[]","jikhvNChDbM","La Perversa ❌ Yomel El Meloso - Amor Realengo (Video Oficial)","2","Mais antigos"
"@elisandranunez4934","UC9YexoJpEkc-xr5hPg-tQAw","http://www.youtube.com/@elisandranunez4934","Sigue así llegarás lejos, muy bueno el tema amor realengo,.","223","2020-06-30T18:30:58Z","2020-06-30T18:30:58Z","True","True","0","0","[]","jikhvNChDbM","La Perversa ❌ Yomel El Meloso - Amor Realengo (Video Oficial)","2","Mais antigos"
"@nicolyerlisatrinidadaybar4664","UCe6-2GYU9smkmrQfw-vLOQg","http://www.youtube.com/@nicolyerlisatrinidadaybar4664","No me cansó de escucharla, desde qué la hicieron, hasta ahora, la sigo escuchando, me encanta está canción. ✌","487","2020-10-18T22:08:20Z","2020-10-18T22:08:20Z","True","True","16","5","[{'autor': '@yomiluna5427', 'comentario': '@Madelin Santos Hidalgo muy cierto', 'likes': 2, 'publicado_em': '2020-10-23T16:15:07Z'}, {'autor': '@nicolyerlisatrinidadaybar4664', 'comentario': 'Claro es verdad', 'likes': 1, 'publicado_em': '2020-10-25T16:19:43Z'}, {'autor': '@laura7u7lara62', 'comentario': '=jl', 'likes': 0, 'publicado_em': '2020-11-06T14:03:01Z'}, {'autor': '@estivenlorenzo1168', 'comentario': '@Madelin Santos Hidalgo 👨\u200d👦😏🥰😍😍😘😘😘😊', 'likes': 0, 'publicado_em': '2020-11-07T02:17:15Z'}, {'autor': '@estivenlorenzo1168', 'comentario': '@Madelin Santos Hidalgo ok', 'likes': 1, 'publicado_em': '2020-11-07T02:17:20Z'}]","jikhvNChDbM","La Perversa ❌ Yomel El Meloso - Amor Realengo (Video Oficial)","2","Mais antigos"
"@grey__drum578","UCjVhXRBt_7oTaSQ1p4TmLkw","http://www.youtube.com/@grey__drum578","Quién sigue escuchando este temasoo 2021🥺😍😍🔥","74","2021-01-12T21:26:03Z","2021-01-12T21:26:03Z","True","True","0","0","[]","jikhvNChDbM","La Perversa ❌ Yomel El Meloso - Amor Realengo (Video Oficial)","2","Mais antigos"
"@mairaruizsena8766","UCQjW2J0q6_erfQA81ud6XmQ","http://www.youtube.com/@mairaruizsena8766","Se término él amor realengo😪😂","95","2021-04-24T14:28:22Z","2021-04-24T14:28:22Z","True","True","0","0","[]","jikhvNChDbM","La Perversa ❌ Yomel El Meloso - Amor Realengo (Video Oficial)","2","Mais antigos"
"@yeralcarmona6613","UCAhbEdfq2FzcYFUbC3ZsW6w","http://www.youtube.com/@yeralcarmona6613","Murió este amor ya es de residencial😪💔","109","2021-04-25T23:24:43Z","2021-04-25T23:24:43Z","True","True","2","2","[{'autor': '@franciscojimenez1728', 'comentario': '🤣', 'likes': 1, 'publicado_em': '2022-08-03T16:44:24Z'}, {'autor': '@RoxanaReyes-ml1oq', 'comentario': '🤣🤣🤣🤣🤣🤣🤣🤣🤣🤣', 'likes': 0, 'publicado_em': '2025-12-10T11:02:05Z'}]","jikhvNChDbM","La Perversa ❌ Yomel El Meloso - Amor Realengo (Video Oficial)","2","Mais antigos"
"@BriannyLopez-zh3sm","UC505ElMYlfULY5q7pPgKL7Q","http://www.youtube.com/@BriannyLopez-zh3sm","Alguien del 2024😂❤","153","2024-03-02T01:35:37Z","2024-03-02T01:35:37Z","True","True","4","4","[{'autor': '@KilsyRosario', 'comentario': 'Yo ❤', 'likes': 2, 'publicado_em': '2024-04-12T01:52:46Z'}, {'autor': '@PerlaMassielPeraltaMolina', 'comentario': 'Yo😘', 'likes': 1, 'publicado_em': '2024-05-10T03:12:20Z'}, {'autor': '@Stchsblacky', 'comentario': 'Yo', 'likes': 0, 'publicado_em': '2024-08-24T01:40:13Z'}, {'autor': '@yulissaramosr4668', 'comentario': 'Si', 'likes': 0, 'publicado_em': '2024-11-11T00:56:40Z'}]","jikhvNChDbM","La Perversa ❌ Yomel El Meloso - Amor Realengo (Video Oficial)","2","Mais antigos"
"@yandryreyes3730","UCAXJf_bd2J8vO0wXdJTdQdw","http://www.youtube.com/@yandryreyes3730","Ese tema sonaba pila en la pandemia, quien en 2024?","146","2024-05-25T03:32:33Z","2024-05-25T03:32:33Z","True","True","1","1","[{'autor': '@LaReina4444', 'comentario': 'Ta duro , que hagan un remix❤❤', 'likes': 1, 'publicado_em': '2025-11-21T22:28:49Z'}]","jikhvNChDbM","La Perversa ❌ Yomel El Meloso - Amor Realengo (Video Oficial)","2","Mais antigos"
"@Lahiaguzman","UCeZ_qn91r_GRSdnDgRLKG7Q","http://www.youtube.com/@Lahiaguzman","Se terminó el amor realengo y el de anuel y karol g también quien en el 2024😭😂","121","2024-08-22T16:54:28Z","2024-08-22T16:55:37Z","True","True","4","4","[{'autor': '@yisselgarcia2496', 'comentario': 'Ay JAJJAJAJAJJAJAJAJJAJ coño', 'likes': 2, 'publicado_em': '2024-09-01T18:40:21Z'}, {'autor': '@angealicia2003', 'comentario': '😂😂😂', 'likes': 1, 'publicado_em': '2024-10-06T23:59:23Z'}, {'autor': '@TatyCevallos-y5c', 'comentario': 'Jajajaj😂', 'likes': 0, 'publicado_em': '2024-11-09T18:11:31Z'}, {'autor': '@vivianalantigua2987', 'comentario': '2025 dic 🎉', 'likes': 0, 'publicado_em': '2025-12-05T19:22:30Z'}]","jikhvNChDbM","La Perversa ❌ Yomel El Meloso - Amor Realengo (Video Oficial)","2","Mais antigos"
"@ValerySalomón-g4r","UCCjPPN-2jw5k8WJVnukbQAw","http://www.youtube.com/@ValerySalom%C3%B3n-g4r","Quién por la casa de Alofoque?","149","2025-11-02T15:35:45Z","2025-11-02T15:35:45Z","True","True","1","1","[{'autor': '@StephanieMoscoso-y1b', 'comentario': 'Alofoke', 'likes': 0, 'publicado_em': '2025-11-29T06:13:28Z'}]","jikhvNChDbM","La Perversa ❌ Yomel El Meloso - Amor Realengo (Video Oficial)","2","Mais antigos"
"@mrpabloescobartsimpson","UCfLSIiLnyvOWpC0bJ7OsU2Q","http://www.youtube.com/@mrpabloescobartsimpson","QUIEN VIENE POR LA CASA DE ALOFOKE 2? 😂😂😂","78","2025-11-03T05:29:09Z","2025-11-03T05:29:09Z","True","True","1","1","[{'autor': '@HaroldTaverasHaroldTaveras', 'comentario': 'Yo😂', 'likes': 1, 'publicado_em': '2025-12-06T17:48:39Z'}]","jikhvNChDbM","La Perversa ❌ Yomel El Meloso - Amor Realengo (Video Oficial)","2","Mais antigos"
"@rosahernandez9508","UCGYUlIogN6_IQMq-mimXQUQ","http://www.youtube.com/@rosahernandez9508","Team perver 💜💜💜","2","2025-11-24T19:42:40Z","2025-11-24T19:42:40Z","True","True","0","0","[]","jikhvNChDbM","La Perversa ❌ Yomel El Meloso - Amor Realengo (Video Oficial)","2","Mais antigos"
"@glenysramirez6082","UCnjNZoB0PtiWS4gfhAk1YIg","http://www.youtube.com/@glenysramirez6082","💜💜💜💜💜Team perve","0","2025-12-05T01:05:56Z","2025-12-05T01:05:56Z","True","True","0","0","[]","jikhvNChDbM","La Perversa ❌ Yomel El Meloso - Amor Realengo (Video Oficial)","2","Mais antigos"
"@CarmenPerez-ng6ou","UClhulZT6in08NmXsmEhAR6A","http://www.youtube.com/@CarmenPerez-ng6ou","Primera vez la escucho está canción","0","2025-12-05T11:48:06Z","2025-12-05T11:48:06Z","True","True","0","0","[]","jikhvNChDbM","La Perversa ❌ Yomel El Meloso - Amor Realengo (Video Oficial)","2","Mais antigos"
"@vivianalantigua2987","UCykCKOIdIQFy05fXPs8IgFA","http://www.youtube.com/@vivianalantigua2987","Perver 💜💜💜💜💜💜💜💜💜💜💜💜💜💜💜💜","1","2025-12-05T19:23:46Z","2025-12-05T19:23:46Z","True","True","0","0","[]","jikhvNChDbM","La Perversa ❌ Yomel El Meloso - Amor Realengo (Video Oficial)","2","Mais antigos"
"@LaPerversa","UCjg8vMcrT6QzC2RVRJRNo7A","http://www.youtube.com/@LaPerversa","Que Opinas de este tema  y video?","9748","2020-06-24T03:59:14Z","2020-06-24T03:59:14Z","True","True","540","5","[{'autor': '@derekbatista1600', 'comentario': 'SETA muy Duro', 'likes': 215, 'publicado_em': '2020-06-24T16:00:25Z'}, {'autor': '@eviannyjimenez2712', 'comentario': 'Esta bien me gusta ❤❤❤❤❤🥵', 'likes': 181, 'publicado_em': '2020-06-24T16:00:35Z'}, {'autor': '@videochistetv347', 'comentario': 'Bien❤❤', 'likes': 97, 'publicado_em': '2020-06-24T16:00:35Z'}, {'autor': '@Doriancr35', 'comentario': 'Dale', 'likes': 62, 'publicado_em': '2020-06-24T16:00:47Z'}, {'autor': '@yairoplay7635', 'comentario': 'Perversa saludame en imstagram', 'likes': 57, 'publicado_em': '2020-06-24T16:00:49Z'}]","jikhvNChDbM","La Perversa ❌ Yomel El Meloso - Amor Realengo (Video Oficial)","3","Mais curtidos"
"@carlosdejesus6264","UCUm7KOlDgALEcwheAdNRERA","http://www.youtube.com/@carlosdejesus6264","El que lea este comentario que Dios le bendiga💕","1396","2020-06-24T16:00:46Z","2020-06-24T16:00:46Z","True","True","51","5","[{'autor': '@familiacampopuello4227', 'comentario': 'amén', 'likes': 8, 'publicado_em': '2020-06-24T16:06:31Z'}, {'autor': '@arlenyslorenzo6070', 'comentario': 'Amen😍😍', 'likes': 4, 'publicado_em': '2020-06-24T16:18:00Z'}, {'autor': '@avelenyurena6743', 'comentario': 'Amén e igual para ti', 'likes': 6, 'publicado_em': '2020-06-24T17:41:39Z'}, {'autor': '@emmanuelmauriciotolentino3334', 'comentario': 'Lo Iluminatis', 'likes': 3, 'publicado_em': '2020-06-24T17:56:03Z'}, {'autor': '@lafamiliarecord1947', 'comentario': 'Amen😍😍 moyacrasia', 'likes': 2, 'publicado_em': '2020-06-24T17:57:33Z'}]","jikhvNChDbM","La Perversa ❌ Yomel El Meloso - Amor Realengo (Video Oficial)","3","Mais curtidos"
"@nicolyerlisatrinidadaybar4664","UCe6-2GYU9smkmrQfw-vLOQg","http://www.youtube.com/@nicolyerlisatrinidadaybar4664","No me cansó de escucharla, desde qué la hicieron, hasta ahora, la sigo escuchando, me encanta está canción. ✌","487","2020-10-18T22:08:20Z","2020-10-18T22:08:20Z","True","True","16","5","[{'autor': '@yomiluna5427', 'comentario': '@Madelin Santos Hidalgo muy cierto', 'likes': 2, 'publicado_em': '2020-10-23T16:15:07Z'}, {'autor': '@nicolyerlisatrinidadaybar4664', 'comentario': 'Claro es verdad', 'likes': 1, 'publicado_em': '2020-10-25T16:19:43Z'}, {'autor': '@laura7u7lara62', 'comentario': '=jl', 'likes': 0, 'publicado_em': '2020-11-06T14:03:01Z'}, {'autor': '@estivenlorenzo1168', 'comentario': '@Madelin Santos Hidalgo 👨\u200d👦😏🥰😍😍😘😘😘😊', 'likes': 0, 'publicado_em': '2020-11-07T02:17:15Z'}, {'autor': '@estivenlorenzo1168', 'comentario': '@Madelin Santos Hidalgo ok', 'likes': 1, 'publicado_em': '2020-11-07T02:17:20Z'}]","jikhvNChDbM","La Perversa ❌ Yomel El Meloso - Amor Realengo (Video Oficial)","3","Mais curtidos"
"@WandairisRivas","UC2cY2bQK25dk_0PEuZTSvHQ","http://www.youtube.com/@WandairisRivas","Wao la humildad me robó el corazón 💖 me encanta 😍","398","2020-06-25T11:43:51Z","2020-06-25T11:43:51Z","True","True","12","5","[{'autor': '@SuperHenrygonzalez', 'comentario': 'Pa Cuando en Apple Music 🎶', 'likes': 3, 'publicado_em': '2020-06-26T03:56:11Z'}, {'autor': '@juanamaawendy7805', 'comentario': 'Dios mio pero y por que en este país a todo le llaman humildad 🤷🏻 Qué se supone que usted esperen que ellos hagan que empiecen a ofender al público y hablarle mal a los seguidores obvio que no', 'likes': 5, 'publicado_em': '2020-06-26T12:17:28Z'}, {'autor': '@juanamaawendy7805', 'comentario': 'si tú quieres ver humildad de verdad entrate A dónde la verdolaga en el video que él se está comiendo los pica pollo y mira cómo él le regala $1000 a su contrincante después que él ganó. Eso verdaderamente ser humilde porque él no tiene ida de lo poco que consigue', 'likes': 6, 'publicado_em': '2020-06-26T12:35:48Z'}, {'autor': '@yonybello4691', 'comentario': 'V8 f.  D', 'likes': 1, 'publicado_em': '2020-06-26T12:47:50Z'}, {'autor': '@esenciaff2470', 'comentario': 'Wandairis Rivas, tú me gusta mucho', 'likes': 1, 'publicado_em': '2020-06-26T13:30:07Z'}]","jikhvNChDbM","La Perversa ❌ Yomel El Meloso - Amor Realengo (Video Oficial)","3","Mais curtidos"
"@elisandranunez4934","UC9YexoJpEkc-xr5hPg-tQAw","http://www.youtube.com/@elisandranunez4934","Sigue así llegarás lejos, muy bueno el tema amor realengo,.","223","2020-06-30T18:30:58Z","2020-06-30T18:30:58Z","True","True","0","0","[]","jikhvNChDbM","La Perversa ❌ Yomel El Meloso - Amor Realengo (Video Oficial)","3","Mais curtidos"
"@BriannyLopez-zh3sm","UC505ElMYlfULY5q7pPgKL7Q","http://www.youtube.com/@BriannyLopez-zh3sm","Alguien del 2024😂❤","153","2024-03-02T01:35:37Z","2024-03-02T01:35:37Z","True","True","4","4","[{'autor': '@KilsyRosario', 'comentario': 'Yo ❤', 'likes': 2, 'publicado_em': '2024-04-12T01:52:46Z'}, {'autor': '@PerlaMassielPeraltaMolina', 'comentario': 'Yo😘', 'likes': 1, 'publicado_em': '2024-05-10T03:12:20Z'}, {'autor': '@Stchsblacky', 'comentario': 'Yo', 'likes': 0, 'publicado_em': '2024-08-24T01:40:13Z'}, {'autor': '@yulissaramosr4668', 'comentario': 'Si', 'likes': 0, 'publicado_em': '2024-11-11T00:56:40Z'}]","jikhvNChDbM","La Perversa ❌ Yomel El Meloso - Amor Realengo (Video Oficial)","3","Mais curtidos"
"@ValerySalomón-g4r","UCCjPPN-2jw5k8WJVnukbQAw","http://www.youtube.com/@ValerySalom%C3%B3n-g4r","Quién por la casa de Alofoque?","149","2025-11-02T15:35:45Z","2025-11-02T15:35:45Z","True","True","1","1","[{'autor': '@StephanieMoscoso-y1b', 'comentario': 'Alofoke', 'likes': 0, 'publicado_em': '2025-11-29T06:13:28Z'}]","jikhvNChDbM","La Perversa ❌ Yomel El Meloso - Amor Realengo (Video Oficial)","3","Mais curtidos"
"@yandryreyes3730","UCAXJf_bd2J8vO0wXdJTdQdw","http://www.youtube.com/@yandryreyes3730","Ese tema sonaba pila en la pandemia, quien en 2024?","146","2024-05-25T03:32:33Z","2024-05-25T03:32:33Z","True","True","1","1","[{'autor': '@LaReina4444', 'comentario': 'Ta duro , que hagan un remix❤❤', 'likes': 1, 'publicado_em': '2025-11-21T22:28:49Z'}]","jikhvNChDbM","La Perversa ❌ Yomel El Meloso - Amor Realengo (Video Oficial)","3","Mais curtidos"
"@Lahiaguzman","UCeZ_qn91r_GRSdnDgRLKG7Q","http://www.youtube.com/@Lahiaguzman","Se terminó el amor realengo y el de anuel y karol g también quien en el 2024😭😂","121","2024-08-22T16:54:28Z","2024-08-22T16:55:37Z","True","True","4","4","[{'autor': '@yisselgarcia2496', 'comentario': 'Ay JAJJAJAJAJJAJAJAJJAJ coño', 'likes': 2, 'publicado_em': '2024-09-01T18:40:21Z'}, {'autor': '@angealicia2003', 'comentario': '😂😂😂', 'likes': 1, 'publicado_em': '2024-10-06T23:59:23Z'}, {'autor': '@TatyCevallos-y5c', 'comentario': 'Jajajaj😂', 'likes': 0, 'publicado_em': '2024-11-09T18:11:31Z'}, {'autor': '@vivianalantigua2987', 'comentario': '2025 dic 🎉', 'likes': 0, 'publicado_em': '2025-12-05T19:22:30Z'}]","jikhvNChDbM","La Perversa ❌ Yomel El Meloso - Amor Realengo (Video Oficial)","3","Mais curtidos"
"@yeralcarmona6613","UCAhbEdfq2FzcYFUbC3ZsW6w","http://www.youtube.com/@yeralcarmona6613","Murió este amor ya es de residencial😪💔","109","2021-04-25T23:24:43Z","2021-04-25T23:24:43Z","True","True","2","2","[{'autor': '@franciscojimenez1728', 'comentario': '🤣', 'likes': 1, 'publicado_em': '2022-08-03T16:44:24Z'}, {'autor': '@RoxanaReyes-ml1oq', 'comentario': '🤣🤣🤣🤣🤣🤣🤣🤣🤣🤣', 'likes': 0, 'publicado_em': '2025-12-10T11:02:05Z'}]","jikhvNChDbM","La Perversa ❌ Yomel El Meloso - Amor Realengo (Video Oficial)","3","Mais curtidos"
"@harryfrancisco5063","UCrN6AJCoGnk_dnHtrZZQCLw","http://www.youtube.com/@harryfrancisco5063","Dale like si no paras de escucharla, 🙌🏻🔥🔥🔥 se volvió mi canción favorita 👌🏻👌🏻👌🏻","97","2020-06-29T00:48:17Z","2020-06-29T00:48:17Z","True","True","0","0","[]","jikhvNChDbM","La Perversa ❌ Yomel El Meloso - Amor Realengo (Video Oficial)","3","Mais curtidos"
"@mairaruizsena8766","UCQjW2J0q6_erfQA81ud6XmQ","http://www.youtube.com/@mairaruizsena8766","Se término él amor realengo😪😂","95","2021-04-24T14:28:22Z","2021-04-24T14:28:22Z","True","True","0","0","[]","jikhvNChDbM","La Perversa ❌ Yomel El Meloso - Amor Realengo (Video Oficial)","3","Mais curtidos"
"@oneisygomez4465","UCpo_TZfVEeHoh3CqhI6vgLg","http://www.youtube.com/@oneisygomez4465","La perversa va a llegar bien lejos por su humildad y lindo corazón 💖 💕","92","2020-06-26T04:43:20Z","2020-06-26T04:43:20Z","True","True","1","1","[{'autor': '@jessymoreno8530', 'comentario': 'Mírala dónde a llegado ❤❤❤', 'likes': 1, 'publicado_em': '2024-11-05T02:36:24Z'}]","jikhvNChDbM","La Perversa ❌ Yomel El Meloso - Amor Realengo (Video Oficial)","3","Mais curtidos"
"@Zanganovideos","UC0e1nUQT7o9lIkiTOWqTW_g","http://www.youtube.com/@Zanganovideos","Le quitó el Suzuki a nino se llevo a la Perversa y se convirtió en un amor realengo😂😂","86","2020-06-25T02:57:16Z","2020-06-25T02:57:16Z","True","True","0","0","[]","jikhvNChDbM","La Perversa ❌ Yomel El Meloso - Amor Realengo (Video Oficial)","3","Mais curtidos"
"@mrpabloescobartsimpson","UCfLSIiLnyvOWpC0bJ7OsU2Q","http://www.youtube.com/@mrpabloescobartsimpson","QUIEN VIENE POR LA CASA DE ALOFOKE 2? 😂😂😂","78","2025-11-03T05:29:09Z","2025-11-03T05:29:09Z","True","True","1","1","[{'autor': '@HaroldTaverasHaroldTaveras', 'comentario': 'Yo😂', 'likes': 1, 'publicado_em': '2025-12-06T17:48:39Z'}]","jikhvNChDbM","La Perversa ❌ Yomel El Meloso - Amor Realengo (Video Oficial)","3","Mais curtidos"
"@grey__drum578","UCjVhXRBt_7oTaSQ1p4TmLkw","http://www.youtube.com/@grey__drum578","Quién sigue escuchando este temasoo 2021🥺😍😍🔥","74","2021-01-12T21:26:03Z","2021-01-12T21:26:03Z","True","True","0","0","[]","jikhvNChDbM","La Perversa ❌ Yomel El Meloso - Amor Realengo (Video Oficial)","3","Mais curtidos"
"@rosahernandez9508","UCGYUlIogN6_IQMq-mimXQUQ","http://www.youtube.com/@rosahernandez9508","Team perver 💜💜💜","2","2025-11-24T19:42:40Z","2025-11-24T19:42:40Z","True","True","0","0","[]","jikhvNChDbM","La Perversa ❌ Yomel El Meloso - Amor Realengo (Video Oficial)","3","Mais curtidos"
"@vivianalantigua2987","UCykCKOIdIQFy05fXPs8IgFA","http://www.youtube.com/@vivianalantigua2987","Perver 💜💜💜💜💜💜💜💜💜💜💜💜💜💜💜💜","1","2025-12-05T19:23:46Z","2025-12-05T19:23:46Z","True","True","0","0","[]","jikhvNChDbM","La Perversa ❌ Yomel El Meloso - Amor Realengo (Video Oficial)","3","Mais curtidos"
"@glenysramirez6082","UCnjNZoB0PtiWS4gfhAk1YIg","http://www.youtube.com/@glenysramirez6082","💜💜💜💜💜Team perve","0","2025-12-05T01:05:56Z","2025-12-05T01:05:56Z","True","True","0","0","[]","jikhvNChDbM","La Perversa ❌ Yomel El Meloso - Amor Realengo (Video Oficial)","3","Mais curtidos"
"@CarmenPerez-ng6ou","UClhulZT6in08NmXsmEhAR6A","http://www.youtube.com/@CarmenPerez-ng6ou","Primera vez la escucho está canción","0","2025-12-05T11:48:06Z","2025-12-05T11:48:06Z","True","True","0","0","[]","jikhvNChDbM","La Perversa ❌ Yomel El Meloso - Amor Realengo (Video Oficial)","3","Mais curtidos"
"@nicolyerlisatrinidadaybar4664","UCe6-2GYU9smkmrQfw-vLOQg","http://www.youtube.com/@nicolyerlisatrinidadaybar4664","No me cansó de escucharla, desde qué la hicieron, hasta ahora, la sigo escuchando, me encanta está canción. ✌","487","2020-10-18T22:08:20Z","2020-10-18T22:08:20Z","True","True","16","5","[{'autor': '@yomiluna5427', 'comentario': '@Madelin Santos Hidalgo muy cierto', 'likes': 2, 'publicado_em': '2020-10-23T16:15:07Z'}, {'autor': '@nicolyerlisatrinidadaybar4664', 'comentario': 'Claro es verdad', 'likes': 1, 'publicado_em': '2020-10-25T16:19:43Z'}, {'autor': '@laura7u7lara62', 'comentario': '=jl', 'likes': 0, 'publicado_em': '2020-11-06T14:03:01Z'}, {'autor': '@estivenlorenzo1168', 'comentario': '@Madelin Santos Hidalgo 👨\u200d👦😏🥰😍😍😘😘😘😊', 'likes': 0, 'publicado_em': '2020-11-07T02:17:15Z'}, {'autor': '@estivenlorenzo1168', 'comentario': '@Madelin Santos Hidalgo ok', 'likes': 1, 'publicado_em': '2020-11-07T02:17:20Z'}]","jikhvNChDbM","La Perversa ❌ Yomel El Meloso - Amor Realengo (Video Oficial)","4","Mais longos"
"@Zanganovideos","UC0e1nUQT7o9lIkiTOWqTW_g","http://www.youtube.com/@Zanganovideos","Le quitó el Suzuki a nino se llevo a la Perversa y se convirtió en un amor realengo😂😂","86","2020-06-25T02:57:16Z","2020-06-25T02:57:16Z","True","True","0","0","[]","jikhvNChDbM","La Perversa ❌ Yomel El Meloso - Amor Realengo (Video Oficial)","4","Mais longos"
"@harryfrancisco5063","UCrN6AJCoGnk_dnHtrZZQCLw","http://www.youtube.com/@harryfrancisco5063","Dale like si no paras de escucharla, 🙌🏻🔥🔥🔥 se volvió mi canción favorita 👌🏻👌🏻👌🏻","97","2020-06-29T00:48:17Z","2020-06-29T00:48:17Z","True","True","0","0","[]","jikhvNChDbM","La Perversa ❌ Yomel El Meloso - Amor Realengo (Video Oficial)","4","Mais longos"
"@Lahiaguzman","UCeZ_qn91r_GRSdnDgRLKG7Q","http://www.youtube.com/@Lahiaguzman","Se terminó el amor realengo y el de anuel y karol g también quien en el 2024😭😂","121","2024-08-22T16:54:28Z","2024-08-22T16:55:37Z","True","True","4","4","[{'autor': '@yisselgarcia2496', 'comentario': 'Ay JAJJAJAJAJJAJAJAJJAJ coño', 'likes': 2, 'publicado_em': '2024-09-01T18:40:21Z'}, {'autor': '@angealicia2003', 'comentario': '😂😂😂', 'likes': 1, 'publicado_em': '2024-10-06T23:59:23Z'}, {'autor': '@TatyCevallos-y5c', 'comentario': 'Jajajaj😂', 'likes': 0, 'publicado_em': '2024-11-09T18:11:31Z'}, {'autor': '@vivianalantigua2987', 'comentario': '2025 dic 🎉', 'likes': 0, 'publicado_em': '2025-12-05T19:22:30Z'}]","jikhvNChDbM","La Perversa ❌ Yomel El Meloso - Amor Realengo (Video Oficial)","4","Mais longos"
"@oneisygomez4465","UCpo_TZfVEeHoh3CqhI6vgLg","http://www.youtube.com/@oneisygomez4465","La perversa va a llegar bien lejos por su humildad y lindo corazón 💖 💕","92","2020-06-26T04:43:20Z","2020-06-26T04:43:20Z","True","True","1","1","[{'autor': '@jessymoreno8530', 'comentario': 'Mírala dónde a llegado ❤❤❤', 'likes': 1, 'publicado_em': '2024-11-05T02:36:24Z'}]","jikhvNChDbM","La Perversa ❌ Yomel El Meloso - Amor Realengo (Video Oficial)","4","Mais longos"
"@elisandranunez4934","UC9YexoJpEkc-xr5hPg-tQAw","http://www.youtube.com/@elisandranunez4934","Sigue así llegarás lejos, muy bueno el tema amor realengo,.","223","2020-06-30T18:30:58Z","2020-06-30T18:30:58Z","True","True","0","0","[]","jikhvNChDbM","La Perversa ❌ Yomel El Meloso - Amor Realengo (Video Oficial)","4","Mais longos"
"@yandryreyes3730","UCAXJf_bd2J8vO0wXdJTdQdw","http://www.youtube.com/@yandryreyes3730","Ese tema sonaba pila en la pandemia, quien en 2024?","146","2024-05-25T03:32:33Z","2024-05-25T03:32:33Z","True","True","1","1","[{'autor': '@LaReina4444', 'comentario': 'Ta duro , que hagan un remix❤❤', 'likes': 1, 'publicado_em': '2025-11-21T22:28:49Z'}]","jikhvNChDbM","La Perversa ❌ Yomel El Meloso - Amor Realengo (Video Oficial)","4","Mais longos"
"@WandairisRivas","UC2cY2bQK25dk_0PEuZTSvHQ","http://www.youtube.com/@WandairisRivas","Wao la humildad me robó el corazón 💖 me encanta 😍","398","2020-06-25T11:43:51Z","2020-06-25T11:43:51Z","True","True","12","5","[{'autor': '@SuperHenrygonzalez', 'comentario': 'Pa Cuando en Apple Music 🎶', 'likes': 3, 'publicado_em': '2020-06-26T03:56:11Z'}, {'autor': '@juanamaawendy7805', 'comentario': 'Dios mio pero y por que en este país a todo le llaman humildad 🤷🏻 Qué se supone que usted esperen que ellos hagan que empiecen a ofender al público y hablarle mal a los seguidores obvio que no', 'likes': 5, 'publicado_em': '2020-06-26T12:17:28Z'}, {'autor': '@juanamaawendy7805', 'comentario': 'si tú quieres ver humildad de verdad entrate A dónde la verdolaga en el video que él se está comiendo los pica pollo y mira cómo él le regala $1000 a su contrincante después que él ganó. Eso verdaderamente ser humilde porque él no tiene ida de lo poco que consigue', 'likes': 6, 'publicado_em': '2020-06-26T12:35:48Z'}, {'autor': '@yonybello4691', 'comentario': 'V8 f.  D', 'likes': 1, 'publicado_em': '2020-06-26T12:47:50Z'}, {'autor': '@esenciaff2470', 'comentario': 'Wandairis Rivas, tú me gusta mucho', 'likes': 1, 'publicado_em': '2020-06-26T13:30:07Z'}]","jikhvNChDbM","La Perversa ❌ Yomel El Meloso - Amor Realengo (Video Oficial)","4","Mais longos"
"@carlosdejesus6264","UCUm7KOlDgALEcwheAdNRERA","http://www.youtube.com/@carlosdejesus6264","El que lea este comentario que Dios le bendiga💕","1396","2020-06-24T16:00:46Z","2020-06-24T16:00:46Z","True","True","51","5","[{'autor': '@familiacampopuello4227', 'comentario': 'amén', 'likes': 8, 'publicado_em': '2020-06-24T16:06:31Z'}, {'autor': '@arlenyslorenzo6070', 'comentario': 'Amen😍😍', 'likes': 4, 'publicado_em': '2020-06-24T16:18:00Z'}, {'autor': '@avelenyurena6743', 'comentario': 'Amén e igual para ti', 'likes': 6, 'publicado_em': '2020-06-24T17:41:39Z'}, {'autor': '@emmanuelmauriciotolentino3334', 'comentario': 'Lo Iluminatis', 'likes': 3, 'publicado_em': '2020-06-24T17:56:03Z'}, {'autor': '@lafamiliarecord1947', 'comentario': 'Amen😍😍 moyacrasia', 'likes': 2, 'publicado_em': '2020-06-24T17:57:33Z'}]","jikhvNChDbM","La Perversa ❌ Yomel El Meloso - Amor Realengo (Video Oficial)","4","Mais longos"
"@grey__drum578","UCjVhXRBt_7oTaSQ1p4TmLkw","http://www.youtube.com/@grey__drum578","Quién sigue escuchando este temasoo 2021🥺😍😍🔥","74","2021-01-12T21:26:03Z","2021-01-12T21:26:03Z","True","True","0","0","[]","jikhvNChDbM","La Perversa ❌ Yomel El Meloso - Amor Realengo (Video Oficial)","4","Mais longos"
"@mrpabloescobartsimpson","UCfLSIiLnyvOWpC0bJ7OsU2Q","http://www.youtube.com/@mrpabloescobartsimpson","QUIEN VIENE POR LA CASA DE ALOFOKE 2? 😂😂😂","78","2025-11-03T05:29:09Z","2025-11-03T05:29:09Z","True","True","1","1","[{'autor': '@HaroldTaverasHaroldTaveras', 'comentario': 'Yo😂', 'likes': 1, 'publicado_em': '2025-12-06T17:48:39Z'}]","jikhvNChDbM","La Perversa ❌ Yomel El Meloso - Amor Realengo (Video Oficial)","4","Mais longos"
"@yeralcarmona6613","UCAhbEdfq2FzcYFUbC3ZsW6w","http://www.youtube.com/@yeralcarmona6613","Murió este amor ya es de residencial😪💔","109","2021-04-25T23:24:43Z","2021-04-25T23:24:43Z","True","True","2","2","[{'autor': '@franciscojimenez1728', 'comentario': '🤣', 'likes': 1, 'publicado_em': '2022-08-03T16:44:24Z'}, {'autor': '@RoxanaReyes-ml1oq', 'comentario': '🤣🤣🤣🤣🤣🤣🤣🤣🤣🤣', 'likes': 0, 'publicado_em': '2025-12-10T11:02:05Z'}]","jikhvNChDbM","La Perversa ❌ Yomel El Meloso - Amor Realengo (Video Oficial)","4","Mais longos"
"@CarmenPerez-ng6ou","UClhulZT6in08NmXsmEhAR6A","http://www.youtube.com/@CarmenPerez-ng6ou","Primera vez la escucho está canción","0","2025-12-05T11:48:06Z","2025-12-05T11:48:06Z","True","True","0","0","[]","jikhvNChDbM","La Perversa ❌ Yomel El Meloso - Amor Realengo (Video Oficial)","4","Mais longos"
"@LaPerversa","UCjg8vMcrT6QzC2RVRJRNo7A","http://www.youtube.com/@LaPerversa","Que Opinas de este tema  y video?","9748","2020-06-24T03:59:14Z","2020-06-24T03:59:14Z","True","True","540","5","[{'autor': '@derekbatista1600', 'comentario': 'SETA muy Duro', 'likes': 215, 'publicado_em': '2020-06-24T16:00:25Z'}, {'autor': '@eviannyjimenez2712', 'comentario': 'Esta bien me gusta ❤❤❤❤❤🥵', 'likes': 181, 'publicado_em': '2020-06-24T16:00:35Z'}, {'autor': '@videochistetv347', 'comentario': 'Bien❤❤', 'likes': 97, 'publicado_em': '2020-06-24T16:00:35Z'}, {'autor': '@Doriancr35', 'comentario': 'Dale', 'likes': 62, 'publicado_em': '2020-06-24T16:00:47Z'}, {'autor': '@yairoplay7635', 'comentario': 'Perversa saludame en imstagram', 'likes': 57, 'publicado_em': '2020-06-24T16:00:49Z'}]","jikhvNChDbM","La Perversa ❌ Yomel El Meloso - Amor Realengo (Video Oficial)","4","Mais longos"
"@ValerySalomón-g4r","UCCjPPN-2jw5k8WJVnukbQAw","http://www.youtube.com/@ValerySalom%C3%B3n-g4r","Quién por la casa de Alofoque?","149","2025-11-02T15:35:45Z","2025-11-02T15:35:45Z","True","True","1","1","[{'autor': '@StephanieMoscoso-y1b', 'comentario': 'Alofoke', 'likes': 0, 'publicado_em': '2025-11-29T06:13:28Z'}]","jikhvNChDbM","La Perversa ❌ Yomel El Meloso - Amor Realengo (Video Oficial)","4","Mais longos"
"@mairaruizsena8766","UCQjW2J0q6_erfQA81ud6XmQ","http://www.youtube.com/@mairaruizsena8766","Se término él amor realengo😪😂","95","2021-04-24T14:28:22Z","2021-04-24T14:28:22Z","True","True","0","0","[]","jikhvNChDbM","La Perversa ❌ Yomel El Meloso - Amor Realengo (Video Oficial)","4","Mais longos"
"@vivianalantigua2987","UCykCKOIdIQFy05fXPs8IgFA","http://www.youtube.com/@vivianalantigua2987","Perver 💜💜💜💜💜💜💜💜💜💜💜💜💜💜💜💜","1","2025-12-05T19:23:46Z","2025-12-05T19:23:46Z","True","True","0","0","[]","jikhvNChDbM","La Perversa ❌ Yomel El Meloso - Amor Realengo (Video Oficial)","4","Mais longos"
"@BriannyLopez-zh3sm","UC505ElMYlfULY5q7pPgKL7Q","http://www.youtube.com/@BriannyLopez-zh3sm","Alguien del 2024😂❤","153","2024-03-02T01:35:37Z","2024-03-02T01:35:37Z","True","True","4","4","[{'autor': '@KilsyRosario', 'comentario': 'Yo ❤', 'likes': 2, 'publicado_em': '2024-04-12T01:52:46Z'}, {'autor': '@PerlaMassielPeraltaMolina', 'comentario': 'Yo😘', 'likes': 1, 'publicado_em': '2024-05-10T03:12:20Z'}, {'autor': '@Stchsblacky', 'comentario': 'Yo', 'likes': 0, 'publicado_em': '2024-08-24T01:40:13Z'}, {'autor': '@yulissaramosr4668', 'comentario': 'Si', 'likes': 0, 'publicado_em': '2024-11-11T00:56:40Z'}]","jikhvNChDbM","La Perversa ❌ Yomel El Meloso - Amor Realengo (Video Oficial)","4","Mais longos"
"@rosahernandez9508","UCGYUlIogN6_IQMq-mimXQUQ","http://www.youtube.com/@rosahernandez9508","Team perver 💜💜💜","2","2025-11-24T19:42:40Z","2025-11-24T19:42:40Z","True","True","0","0","[]","jikhvNChDbM","La Perversa ❌ Yomel El Meloso - Amor Realengo (Video Oficial)","4","Mais longos"
"@glenysramirez6082","UCnjNZoB0PtiWS4gfhAk1YIg","http://www.youtube.com/@glenysramirez6082","💜💜💜💜💜Team perve","0","2025-12-05T01:05:56Z","2025-12-05T01:05:56Z","True","True","0","0","[]","jikhvNChDbM","La Perversa ❌ Yomel El Meloso - Amor Realengo (Video Oficial)","4","Mais longos"
"@pedrosacerdote.885","UCALkLZ3-QgT9wIjBtQYMQ5g","http://www.youtube.com/@pedrosacerdote.885","Bom dia","0","2025-10-19T13:03:17Z","2025-10-19T13:03:17Z","True","True","0","0","[]","Vi3TL2K9bzo","Vou Pro Sereno - &#39;Bororó&#39;&#39; - Nada Pra Fazer - Avenida Santa Cruz, 1501 - Realengo/RJ BSP","1","Mais novos"
"@JulioCesar-ny7yc","UCntOzyHD9oTfIZcVkikfmbg","http://www.youtube.com/@JulioCesar-ny7yc","Bororoooo bororooooo cantaasa zona sul sampa","0","2025-04-02T00:19:16Z","2025-04-02T00:19:16Z","True","True","0","0","[]","Vi3TL2K9bzo","Vou Pro Sereno - &#39;Bororó&#39;&#39; - Nada Pra Fazer - Avenida Santa Cruz, 1501 - Realengo/RJ BSP","1","Mais novos"
"@dyemiranan654","UCZ4HOJkklK3pCyJYV-h1HYw","http://www.youtube.com/@dyemiranan654","A primeira de 2025","2","2025-01-01T03:37:41Z","2025-01-01T03:37:41Z","True","True","0","0","[]","Vi3TL2K9bzo","Vou Pro Sereno - &#39;Bororó&#39;&#39; - Nada Pra Fazer - Avenida Santa Cruz, 1501 - Realengo/RJ BSP","1","Mais novos"
"@TheysomHenriqueOliveirafreitas","UCg-fGwsjGGk2O5pZWX4MhDw","http://www.youtube.com/@TheysomHenriqueOliveirafreitas","Salve realengo ❤terra boa","0","2024-10-11T03:52:39Z","2024-10-11T03:52:39Z","True","True","0","0","[]","Vi3TL2K9bzo","Vou Pro Sereno - &#39;Bororó&#39;&#39; - Nada Pra Fazer - Avenida Santa Cruz, 1501 - Realengo/RJ BSP","1","Mais novos"
"@ElianeSantanaFerreira","UCFyTNffd9k5b_ez1zBOa6lQ","http://www.youtube.com/@ElianeSantanaFerreira","Apaixonada ❤.","0","2024-04-28T00:23:30Z","2024-04-28T00:23:30Z","True","True","0","0","[]","Vi3TL2K9bzo","Vou Pro Sereno - &#39;Bororó&#39;&#39; - Nada Pra Fazer - Avenida Santa Cruz, 1501 - Realengo/RJ BSP","1","Mais novos"
"@jeanribeiro8863","UCt3KPKG2VzoRSF7nb1MdBLw","http://www.youtube.com/@jeanribeiro8863","Amoooo","0","2023-09-02T05:14:44Z","2023-09-02T05:14:44Z","True","True","0","0","[]","Vi3TL2K9bzo","Vou Pro Sereno - &#39;Bororó&#39;&#39; - Nada Pra Fazer - Avenida Santa Cruz, 1501 - Realengo/RJ BSP","1","Mais novos"
"@keciateodoro8977","UCzsxbyG2EKJ-IoPWi3G8fpw","http://www.youtube.com/@keciateodoro8977","Bororó, apelido do meu filho Jean","3","2022-12-26T17:20:51Z","2022-12-26T17:20:51Z","True","True","0","0","[]","Vi3TL2K9bzo","Vou Pro Sereno - &#39;Bororó&#39;&#39; - Nada Pra Fazer - Avenida Santa Cruz, 1501 - Realengo/RJ BSP","1","Mais novos"
"@nadirgomesnascimento5265","UCwCOFeikadYwZ_V9N19TB0g","http://www.youtube.com/@nadirgomesnascimento5265","Top","0","2022-11-15T20:11:29Z","2022-11-15T20:11:29Z","True","True","0","0","[]","Vi3TL2K9bzo","Vou Pro Sereno - &#39;Bororó&#39;&#39; - Nada Pra Fazer - Avenida Santa Cruz, 1501 - Realengo/RJ BSP","1","Mais novos"
"@laurentinarosadeoliveiraco4247","UCAUytt3SvdASDFV0kVK7v4A","http://www.youtube.com/@laurentinarosadeoliveiraco4247","Amooooo","0","2021-10-21T21:19:11Z","2021-10-21T21:19:11Z","True","True","0","0","[]","Vi3TL2K9bzo","Vou Pro Sereno - &#39;Bororó&#39;&#39; - Nada Pra Fazer - Avenida Santa Cruz, 1501 - Realengo/RJ BSP","1","Mais novos"
"@MarcosPaulo-ff3pw","UCXFq0B99coxzFtnY-UcwJow","http://www.youtube.com/@MarcosPaulo-ff3pw","Este samba e o melhor","1","2020-08-03T14:38:09Z","2020-08-03T14:38:09Z","True","True","0","0","[]","Vi3TL2K9bzo","Vou Pro Sereno - &#39;Bororó&#39;&#39; - Nada Pra Fazer - Avenida Santa Cruz, 1501 - Realengo/RJ BSP","1","Mais novos"
"@helenachocolate2371","UCNd74wltppE9Z1uorM_HCUQ","http://www.youtube.com/@helenachocolate2371","Adorooooo","0","2020-06-03T20:04:22Z","2020-06-03T20:04:22Z","True","True","0","0","[]","Vi3TL2K9bzo","Vou Pro Sereno - &#39;Bororó&#39;&#39; - Nada Pra Fazer - Avenida Santa Cruz, 1501 - Realengo/RJ BSP","1","Mais novos"
"@rodrigocavalcante884","UCLruQNEZ0NESAUQAUBilfbw","http://www.youtube.com/@rodrigocavalcante884","ACABA QUARENTENA!!   hahahahahahaha","0","2020-05-27T23:13:02Z","2020-05-27T23:13:02Z","True","True","0","0","[]","Vi3TL2K9bzo","Vou Pro Sereno - &#39;Bororó&#39;&#39; - Nada Pra Fazer - Avenida Santa Cruz, 1501 - Realengo/RJ BSP","1","Mais novos"
"@christianoliveira4947","UCG2sToxugqzB4B1Xy4_a1rA","http://www.youtube.com/@christianoliveira4947","E ao som dos tantãs , e dos barangandã, eu não quero parar.","0","2020-05-14T03:46:28Z","2020-05-14T03:46:28Z","True","True","0","0","[]","Vi3TL2K9bzo","Vou Pro Sereno - &#39;Bororó&#39;&#39; - Nada Pra Fazer - Avenida Santa Cruz, 1501 - Realengo/RJ BSP","1","Mais novos"
"@Marcospauloooooooooooooo","UCwJVoX6u7WE5Da0bw0mOqdg","http://www.youtube.com/@Marcospauloooooooooooooo","Bororo haha
2019 alguém ?","49","2019-01-22T19:25:10Z","2019-01-22T19:25:10Z","True","True","0","0","[]","Vi3TL2K9bzo","Vou Pro Sereno - &#39;Bororó&#39;&#39; - Nada Pra Fazer - Avenida Santa Cruz, 1501 - Realengo/RJ BSP","1","Mais novos"
"@thawanneamorim298","UCUmDGosNrJy8cHIMFljzurA","http://www.youtube.com/@thawanneamorim298","AMO ESSA MUSICA MEU DEUS 
QUEM GOSTA DESSA MUSICA CURTI COMENTE COMPATTILHA","29","2018-12-22T16:48:34Z","2018-12-22T16:49:08Z","True","True","7","5","[{'autor': '@CANALBSP', 'comentario': '.\nMuito obg por fazer parte do canal #BSP. #Inscreva-se Divulguem! Tmj! Abxs!\n.\nSE INSCREVA E ATIVE O SININHO PARA RECEBER OS VIDEOS.\nAO SE INSCREVER, JÁ ATIVE O SININHO QUE FICA AO LADO DE INSCRITOS.', 'likes': 0, 'publicado_em': '2018-12-22T18:24:53Z'}, {'autor': '@lucianamachado5729', 'comentario': 'Hehe eu não quer 2', 'likes': 0, 'publicado_em': '2019-10-06T00:22:46Z'}, {'autor': '@vitorhugodelima2599', 'comentario': 'Esse é o mais esperado na roda de samba, quando toca ninguém fica parado !', 'likes': 0, 'publicado_em': '2020-01-10T19:48:46Z'}, {'autor': '@MariaAparecida-xu5dl', 'comentario': 'Adoro, todas, e todos', 'likes': 0, 'publicado_em': '2020-06-18T17:47:29Z'}, {'autor': '@MariaAparecida-xu5dl', 'comentario': 'Bom', 'likes': 0, 'publicado_em': '2020-06-18T17:47:47Z'}]","Vi3TL2K9bzo","Vou Pro Sereno - &#39;Bororó&#39;&#39; - Nada Pra Fazer - Avenida Santa Cruz, 1501 - Realengo/RJ BSP","1","Mais novos"
"@CANALBSP","UCIMjLtkDl4JAPaLGzsrkkdA","http://www.youtube.com/@CANALBSP",".
SE INSCREVA E ATIVE O SININHO PARA RECEBER OS VIDEOS.
AO SE INSCREVER, JÁ ATIVE O SININHO QUE FICA AO LADO DE INSCRITOS.
.","59","2017-08-10T18:06:49Z","2017-08-10T18:06:49Z","True","True","9","5","[{'autor': '@robsonsiqueira3258', 'comentario': 'CANAL BSP manda tudo samba de malandro', 'likes': 0, 'publicado_em': '2017-08-22T15:40:10Z'}, {'autor': '@lucineiadonascimentosevero4056', 'comentario': 'CANAL BSP Wesley Safadão', 'likes': 0, 'publicado_em': '2017-12-16T05:04:38Z'}, {'autor': '@ritacassia9649', 'comentario': 'Capital  inicial', 'likes': 1, 'publicado_em': '2018-04-05T23:23:30Z'}, {'autor': '@jucielima5866', 'comentario': 'Vou pro sereno eu te amo', 'likes': 0, 'publicado_em': '2020-11-21T21:09:43Z'}, {'autor': '@bielgames9341', 'comentario': 'Legal', 'likes': 1, 'publicado_em': '2020-12-04T17:45:40Z'}]","Vi3TL2K9bzo","Vou Pro Sereno - &#39;Bororó&#39;&#39; - Nada Pra Fazer - Avenida Santa Cruz, 1501 - Realengo/RJ BSP","1","Mais novos"
"@bbeatrizmoreira","UCGrOF6EvQZpgTUu4iiGxmYQ","http://www.youtube.com/@bbeatrizmoreira","Bororó bororó bororó
Bororó bororó bororó

O meu sonho verdadeiro é gostoso de sonhar
Todo mundo no terreiro indo até o sol raiar
Sob a luz da poesia é tão doce de sambar e cantar
E ao som dos tantãs e dos balagandãs eu não quero parar
Vou  sorrindo  cantando sambando ao sabor do luar
É um samba envolente ou até de repente pra gente versar
Me encanta e canta encanta a raiz popular
Samba é filosofia fidalguia do salão
Tem a força e a magia que acende o coração
E pra minha alegria o meu samba vai além
É a minha bandeira paixão verdadeira que me satisfaz
Essa luz tão divina ilumina os nossos quintais
É um som envolvente presente da gente nascente da paz
Essa luz tão divina ilumina os nossos quintais.

Bororó bororó bororó
Bororó bororó bororó.","212","2017-07-27T19:08:56Z","2017-07-27T19:08:56Z","True","True","12","5","[{'autor': '@CANALBSP', 'comentario': 'Muito obg por fazer parte do canal #BSP. #Inscreva-se Divulguem! Tmj! Abx', 'likes': 0, 'publicado_em': '2017-07-28T01:59:19Z'}, {'autor': '@josemartinsdasilva1661', 'comentario': 'E no clarear da manhã ..', 'likes': 0, 'publicado_em': '2018-09-07T21:45:41Z'}, {'autor': '@marcusvicente7393', 'comentario': 'Beatriz Moreira \nshow de bola', 'likes': 1, 'publicado_em': '2018-09-21T14:58:35Z'}, {'autor': '@dudarsj223', 'comentario': 'Esse samba não pode faltar num samba de roda 👏👏👏', 'likes': 0, 'publicado_em': '2018-10-06T17:07:38Z'}, {'autor': '@marinalvalemos1332', 'comentario': 'Linda linda bororo', 'likes': 0, 'publicado_em': '2018-12-23T03:51:58Z'}]","Vi3TL2K9bzo","Vou Pro Sereno - &#39;Bororó&#39;&#39; - Nada Pra Fazer - Avenida Santa Cruz, 1501 - Realengo/RJ BSP","1","Mais novos"
"@raquelneves2119","UC4U167vVCpD4rhYYyxUOQaA","http://www.youtube.com/@raquelneves2119","borooroó .....samba é  filosofiaaaa 👏👏👏🎵🎵","70","2017-06-24T15:33:54Z","2017-06-24T15:33:54Z","True","True","7","5","[{'autor': '@rafaeltemoteosantiago445', 'comentario': 'preta linda', 'likes': 4, 'publicado_em': '2017-06-27T22:00:27Z'}, {'autor': '@familiaqdm1637', 'comentario': 'E verdade...samba de rais...na.palma da mão', 'likes': 1, 'publicado_em': '2017-11-14T21:42:24Z'}, {'autor': '@mogbasangosambadecaboclo.9988', 'comentario': 'Linda', 'likes': 0, 'publicado_em': '2018-09-09T04:46:53Z'}, {'autor': '@cassianoferreira7938', 'comentario': 'Raquel Neves 😍', 'likes': 0, 'publicado_em': '2018-12-17T00:16:14Z'}, {'autor': '@cassianoferreira7938', 'comentario': '😎', 'likes': 0, 'publicado_em': '2018-12-17T00:16:34Z'}]","Vi3TL2K9bzo","Vou Pro Sereno - &#39;Bororó&#39;&#39; - Nada Pra Fazer - Avenida Santa Cruz, 1501 - Realengo/RJ BSP","1","Mais novos"
"@alicequeiroz5813","UCDbzeBme8ff-d06TtKhcurw","http://www.youtube.com/@alicequeiroz5813","Pára tudooooo!!! kkkkk ""Bororó é o Mundo!!!! Gente eu tenho que ir nessa roda mais que depressa!!! 👏👏👏 explodiu!!! kkkkkk🎉🎆","170","2016-09-23T19:37:42Z","2016-09-23T19:37:42Z","True","True","26","5","[{'autor': '@CANALBSP', 'comentario': 'Eu sempre te falo, das frases. Esse lugar é mágico! Muito obg pela força! #BSP Tmj! Abxs!', 'likes': 5, 'publicado_em': '2016-09-24T07:49:16Z'}, {'autor': '@wallacedouglas95', 'comentario': 'Alice Queiroz  só falto o video no dvd da roda de samba "" nada pra fazer "" \nai ia ser luxo o vídeo completo que a música e top com eles 👏👏👏😍🎵', 'likes': 1, 'publicado_em': '2017-05-23T03:04:40Z'}, {'autor': '@alicequeiroz5813', 'comentario': 'Wallace Douglas verdade', 'likes': 1, 'publicado_em': '2017-05-27T20:49:42Z'}, {'autor': '@fabiobruno6069', 'comentario': 'Alice Queiroz linda', 'likes': 1, 'publicado_em': '2017-06-21T13:06:57Z'}, {'autor': '@alicequeiroz5813', 'comentario': 'Fabio Bruno obrigada! 😄', 'likes': 1, 'publicado_em': '2017-06-21T14:03:14Z'}]","Vi3TL2K9bzo","Vou Pro Sereno - &#39;Bororó&#39;&#39; - Nada Pra Fazer - Avenida Santa Cruz, 1501 - Realengo/RJ BSP","1","Mais novos"
"@evertonmartinscrispim977","UCj2KdPdgatpLm3R-Zcna0YQ","http://www.youtube.com/@evertonmartinscrispim977","É pagode cerveja gelada e carne assada bom d+","82","2016-09-22T21:29:58Z","2016-09-22T21:29:58Z","True","True","4","4","[{'autor': '@CANALBSP', 'comentario': 'Vdd! Muito obg pela força! #BSP Tmj! Abxs!', 'likes': 4, 'publicado_em': '2016-09-24T07:56:52Z'}, {'autor': '@lucreciaemilia6530', 'comentario': 'Everton Martins Crispim  cerveja pagode e muita carne é show de pai e pra fechar com chave de ouro vou pro sereno e cia', 'likes': 3, 'publicado_em': '2017-03-25T21:19:19Z'}, {'autor': '@rodolfofirmino2606', 'comentario': 'Everton Martins Crispim \n willian pastot', 'likes': 0, 'publicado_em': '2018-02-03T04:47:40Z'}, {'autor': '@claudioroberto4155', 'comentario': 'Com certeza', 'likes': 0, 'publicado_em': '2018-03-18T16:35:03Z'}]","Vi3TL2K9bzo","Vou Pro Sereno - &#39;Bororó&#39;&#39; - Nada Pra Fazer - Avenida Santa Cruz, 1501 - Realengo/RJ BSP","1","Mais novos"
"@evertonmartinscrispim977","UCj2KdPdgatpLm3R-Zcna0YQ","http://www.youtube.com/@evertonmartinscrispim977","É pagode cerveja gelada e carne assada bom d+","82","2016-09-22T21:29:58Z","2016-09-22T21:29:58Z","True","True","4","4","[{'autor': '@CANALBSP', 'comentario': 'Vdd! Muito obg pela força! #BSP Tmj! Abxs!', 'likes': 4, 'publicado_em': '2016-09-24T07:56:52Z'}, {'autor': '@lucreciaemilia6530', 'comentario': 'Everton Martins Crispim  cerveja pagode e muita carne é show de pai e pra fechar com chave de ouro vou pro sereno e cia', 'likes': 3, 'publicado_em': '2017-03-25T21:19:19Z'}, {'autor': '@rodolfofirmino2606', 'comentario': 'Everton Martins Crispim \n willian pastot', 'likes': 0, 'publicado_em': '2018-02-03T04:47:40Z'}, {'autor': '@claudioroberto4155', 'comentario': 'Com certeza', 'likes': 0, 'publicado_em': '2018-03-18T16:35:03Z'}]","Vi3TL2K9bzo","Vou Pro Sereno - &#39;Bororó&#39;&#39; - Nada Pra Fazer - Avenida Santa Cruz, 1501 - Realengo/RJ BSP","2","Mais antigos"
"@alicequeiroz5813","UCDbzeBme8ff-d06TtKhcurw","http://www.youtube.com/@alicequeiroz5813","Pára tudooooo!!! kkkkk ""Bororó é o Mundo!!!! Gente eu tenho que ir nessa roda mais que depressa!!! 👏👏👏 explodiu!!! kkkkkk🎉🎆","170","2016-09-23T19:37:42Z","2016-09-23T19:37:42Z","True","True","26","5","[{'autor': '@CANALBSP', 'comentario': 'Eu sempre te falo, das frases. Esse lugar é mágico! Muito obg pela força! #BSP Tmj! Abxs!', 'likes': 5, 'publicado_em': '2016-09-24T07:49:16Z'}, {'autor': '@wallacedouglas95', 'comentario': 'Alice Queiroz  só falto o video no dvd da roda de samba "" nada pra fazer "" \nai ia ser luxo o vídeo completo que a música e top com eles 👏👏👏😍🎵', 'likes': 1, 'publicado_em': '2017-05-23T03:04:40Z'}, {'autor': '@alicequeiroz5813', 'comentario': 'Wallace Douglas verdade', 'likes': 1, 'publicado_em': '2017-05-27T20:49:42Z'}, {'autor': '@fabiobruno6069', 'comentario': 'Alice Queiroz linda', 'likes': 1, 'publicado_em': '2017-06-21T13:06:57Z'}, {'autor': '@alicequeiroz5813', 'comentario': 'Fabio Bruno obrigada! 😄', 'likes': 1, 'publicado_em': '2017-06-21T14:03:14Z'}]","Vi3TL2K9bzo","Vou Pro Sereno - &#39;Bororó&#39;&#39; - Nada Pra Fazer - Avenida Santa Cruz, 1501 - Realengo/RJ BSP","2","Mais antigos"
"@raquelneves2119","UC4U167vVCpD4rhYYyxUOQaA","http://www.youtube.com/@raquelneves2119","borooroó .....samba é  filosofiaaaa 👏👏👏🎵🎵","70","2017-06-24T15:33:54Z","2017-06-24T15:33:54Z","True","True","7","5","[{'autor': '@rafaeltemoteosantiago445', 'comentario': 'preta linda', 'likes': 4, 'publicado_em': '2017-06-27T22:00:27Z'}, {'autor': '@familiaqdm1637', 'comentario': 'E verdade...samba de rais...na.palma da mão', 'likes': 1, 'publicado_em': '2017-11-14T21:42:24Z'}, {'autor': '@mogbasangosambadecaboclo.9988', 'comentario': 'Linda', 'likes': 0, 'publicado_em': '2018-09-09T04:46:53Z'}, {'autor': '@cassianoferreira7938', 'comentario': 'Raquel Neves 😍', 'likes': 0, 'publicado_em': '2018-12-17T00:16:14Z'}, {'autor': '@cassianoferreira7938', 'comentario': '😎', 'likes': 0, 'publicado_em': '2018-12-17T00:16:34Z'}]","Vi3TL2K9bzo","Vou Pro Sereno - &#39;Bororó&#39;&#39; - Nada Pra Fazer - Avenida Santa Cruz, 1501 - Realengo/RJ BSP","2","Mais antigos"
"@bbeatrizmoreira","UCGrOF6EvQZpgTUu4iiGxmYQ","http://www.youtube.com/@bbeatrizmoreira","Bororó bororó bororó
Bororó bororó bororó

O meu sonho verdadeiro é gostoso de sonhar
Todo mundo no terreiro indo até o sol raiar
Sob a luz da poesia é tão doce de sambar e cantar
E ao som dos tantãs e dos balagandãs eu não quero parar
Vou  sorrindo  cantando sambando ao sabor do luar
É um samba envolente ou até de repente pra gente versar
Me encanta e canta encanta a raiz popular
Samba é filosofia fidalguia do salão
Tem a força e a magia que acende o coração
E pra minha alegria o meu samba vai além
É a minha bandeira paixão verdadeira que me satisfaz
Essa luz tão divina ilumina os nossos quintais
É um som envolvente presente da gente nascente da paz
Essa luz tão divina ilumina os nossos quintais.

Bororó bororó bororó
Bororó bororó bororó.","212","2017-07-27T19:08:56Z","2017-07-27T19:08:56Z","True","True","12","5","[{'autor': '@CANALBSP', 'comentario': 'Muito obg por fazer parte do canal #BSP. #Inscreva-se Divulguem! Tmj! Abx', 'likes': 0, 'publicado_em': '2017-07-28T01:59:19Z'}, {'autor': '@josemartinsdasilva1661', 'comentario': 'E no clarear da manhã ..', 'likes': 0, 'publicado_em': '2018-09-07T21:45:41Z'}, {'autor': '@marcusvicente7393', 'comentario': 'Beatriz Moreira \nshow de bola', 'likes': 1, 'publicado_em': '2018-09-21T14:58:35Z'}, {'autor': '@dudarsj223', 'comentario': 'Esse samba não pode faltar num samba de roda 👏👏👏', 'likes': 0, 'publicado_em': '2018-10-06T17:07:38Z'}, {'autor': '@marinalvalemos1332', 'comentario': 'Linda linda bororo', 'likes': 0, 'publicado_em': '2018-12-23T03:51:58Z'}]","Vi3TL2K9bzo","Vou Pro Sereno - &#39;Bororó&#39;&#39; - Nada Pra Fazer - Avenida Santa Cruz, 1501 - Realengo/RJ BSP","2","Mais antigos"
"@CANALBSP","UCIMjLtkDl4JAPaLGzsrkkdA","http://www.youtube.com/@CANALBSP",".
SE INSCREVA E ATIVE O SININHO PARA RECEBER OS VIDEOS.
AO SE INSCREVER, JÁ ATIVE O SININHO QUE FICA AO LADO DE INSCRITOS.
.","59","2017-08-10T18:06:49Z","2017-08-10T18:06:49Z","True","True","9","5","[{'autor': '@robsonsiqueira3258', 'comentario': 'CANAL BSP manda tudo samba de malandro', 'likes': 0, 'publicado_em': '2017-08-22T15:40:10Z'}, {'autor': '@lucineiadonascimentosevero4056', 'comentario': 'CANAL BSP Wesley Safadão', 'likes': 0, 'publicado_em': '2017-12-16T05:04:38Z'}, {'autor': '@ritacassia9649', 'comentario': 'Capital  inicial', 'likes': 1, 'publicado_em': '2018-04-05T23:23:30Z'}, {'autor': '@jucielima5866', 'comentario': 'Vou pro sereno eu te amo', 'likes': 0, 'publicado_em': '2020-11-21T21:09:43Z'}, {'autor': '@bielgames9341', 'comentario': 'Legal', 'likes': 1, 'publicado_em': '2020-12-04T17:45:40Z'}]","Vi3TL2K9bzo","Vou Pro Sereno - &#39;Bororó&#39;&#39; - Nada Pra Fazer - Avenida Santa Cruz, 1501 - Realengo/RJ BSP","2","Mais antigos"
"@thawanneamorim298","UCUmDGosNrJy8cHIMFljzurA","http://www.youtube.com/@thawanneamorim298","AMO ESSA MUSICA MEU DEUS 
QUEM GOSTA DESSA MUSICA CURTI COMENTE COMPATTILHA","29","2018-12-22T16:48:34Z","2018-12-22T16:49:08Z","True","True","7","5","[{'autor': '@CANALBSP', 'comentario': '.\nMuito obg por fazer parte do canal #BSP. #Inscreva-se Divulguem! Tmj! Abxs!\n.\nSE INSCREVA E ATIVE O SININHO PARA RECEBER OS VIDEOS.\nAO SE INSCREVER, JÁ ATIVE O SININHO QUE FICA AO LADO DE INSCRITOS.', 'likes': 0, 'publicado_em': '2018-12-22T18:24:53Z'}, {'autor': '@lucianamachado5729', 'comentario': 'Hehe eu não quer 2', 'likes': 0, 'publicado_em': '2019-10-06T00:22:46Z'}, {'autor': '@vitorhugodelima2599', 'comentario': 'Esse é o mais esperado na roda de samba, quando toca ninguém fica parado !', 'likes': 0, 'publicado_em': '2020-01-10T19:48:46Z'}, {'autor': '@MariaAparecida-xu5dl', 'comentario': 'Adoro, todas, e todos', 'likes': 0, 'publicado_em': '2020-06-18T17:47:29Z'}, {'autor': '@MariaAparecida-xu5dl', 'comentario': 'Bom', 'likes': 0, 'publicado_em': '2020-06-18T17:47:47Z'}]","Vi3TL2K9bzo","Vou Pro Sereno - &#39;Bororó&#39;&#39; - Nada Pra Fazer - Avenida Santa Cruz, 1501 - Realengo/RJ BSP","2","Mais antigos"
"@Marcospauloooooooooooooo","UCwJVoX6u7WE5Da0bw0mOqdg","http://www.youtube.com/@Marcospauloooooooooooooo","Bororo haha
2019 alguém ?","49","2019-01-22T19:25:10Z","2019-01-22T19:25:10Z","True","True","0","0","[]","Vi3TL2K9bzo","Vou Pro Sereno - &#39;Bororó&#39;&#39; - Nada Pra Fazer - Avenida Santa Cruz, 1501 - Realengo/RJ BSP","2","Mais antigos"
"@christianoliveira4947","UCG2sToxugqzB4B1Xy4_a1rA","http://www.youtube.com/@christianoliveira4947","E ao som dos tantãs , e dos barangandã, eu não quero parar.","0","2020-05-14T03:46:28Z","2020-05-14T03:46:28Z","True","True","0","0","[]","Vi3TL2K9bzo","Vou Pro Sereno - &#39;Bororó&#39;&#39; - Nada Pra Fazer - Avenida Santa Cruz, 1501 - Realengo/RJ BSP","2","Mais antigos"
"@rodrigocavalcante884","UCLruQNEZ0NESAUQAUBilfbw","http://www.youtube.com/@rodrigocavalcante884","ACABA QUARENTENA!!   hahahahahahaha","0","2020-05-27T23:13:02Z","2020-05-27T23:13:02Z","True","True","0","0","[]","Vi3TL2K9bzo","Vou Pro Sereno - &#39;Bororó&#39;&#39; - Nada Pra Fazer - Avenida Santa Cruz, 1501 - Realengo/RJ BSP","2","Mais antigos"
"@helenachocolate2371","UCNd74wltppE9Z1uorM_HCUQ","http://www.youtube.com/@helenachocolate2371","Adorooooo","0","2020-06-03T20:04:22Z","2020-06-03T20:04:22Z","True","True","0","0","[]","Vi3TL2K9bzo","Vou Pro Sereno - &#39;Bororó&#39;&#39; - Nada Pra Fazer - Avenida Santa Cruz, 1501 - Realengo/RJ BSP","2","Mais antigos"
"@MarcosPaulo-ff3pw","UCXFq0B99coxzFtnY-UcwJow","http://www.youtube.com/@MarcosPaulo-ff3pw","Este samba e o melhor","1","2020-08-03T14:38:09Z","2020-08-03T14:38:09Z","True","True","0","0","[]","Vi3TL2K9bzo","Vou Pro Sereno - &#39;Bororó&#39;&#39; - Nada Pra Fazer - Avenida Santa Cruz, 1501 - Realengo/RJ BSP","2","Mais antigos"
"@laurentinarosadeoliveiraco4247","UCAUytt3SvdASDFV0kVK7v4A","http://www.youtube.com/@laurentinarosadeoliveiraco4247","Amooooo","0","2021-10-21T21:19:11Z","2021-10-21T21:19:11Z","True","True","0","0","[]","Vi3TL2K9bzo","Vou Pro Sereno - &#39;Bororó&#39;&#39; - Nada Pra Fazer - Avenida Santa Cruz, 1501 - Realengo/RJ BSP","2","Mais antigos"
"@nadirgomesnascimento5265","UCwCOFeikadYwZ_V9N19TB0g","http://www.youtube.com/@nadirgomesnascimento5265","Top","0","2022-11-15T20:11:29Z","2022-11-15T20:11:29Z","True","True","0","0","[]","Vi3TL2K9bzo","Vou Pro Sereno - &#39;Bororó&#39;&#39; - Nada Pra Fazer - Avenida Santa Cruz, 1501 - Realengo/RJ BSP","2","Mais antigos"
"@keciateodoro8977","UCzsxbyG2EKJ-IoPWi3G8fpw","http://www.youtube.com/@keciateodoro8977","Bororó, apelido do meu filho Jean","3","2022-12-26T17:20:51Z","2022-12-26T17:20:51Z","True","True","0","0","[]","Vi3TL2K9bzo","Vou Pro Sereno - &#39;Bororó&#39;&#39; - Nada Pra Fazer - Avenida Santa Cruz, 1501 - Realengo/RJ BSP","2","Mais antigos"
"@jeanribeiro8863","UCt3KPKG2VzoRSF7nb1MdBLw","http://www.youtube.com/@jeanribeiro8863","Amoooo","0","2023-09-02T05:14:44Z","2023-09-02T05:14:44Z","True","True","0","0","[]","Vi3TL2K9bzo","Vou Pro Sereno - &#39;Bororó&#39;&#39; - Nada Pra Fazer - Avenida Santa Cruz, 1501 - Realengo/RJ BSP","2","Mais antigos"
"@ElianeSantanaFerreira","UCFyTNffd9k5b_ez1zBOa6lQ","http://www.youtube.com/@ElianeSantanaFerreira","Apaixonada ❤.","0","2024-04-28T00:23:30Z","2024-04-28T00:23:30Z","True","True","0","0","[]","Vi3TL2K9bzo","Vou Pro Sereno - &#39;Bororó&#39;&#39; - Nada Pra Fazer - Avenida Santa Cruz, 1501 - Realengo/RJ BSP","2","Mais antigos"
"@TheysomHenriqueOliveirafreitas","UCg-fGwsjGGk2O5pZWX4MhDw","http://www.youtube.com/@TheysomHenriqueOliveirafreitas","Salve realengo ❤terra boa","0","2024-10-11T03:52:39Z","2024-10-11T03:52:39Z","True","True","0","0","[]","Vi3TL2K9bzo","Vou Pro Sereno - &#39;Bororó&#39;&#39; - Nada Pra Fazer - Avenida Santa Cruz, 1501 - Realengo/RJ BSP","2","Mais antigos"
"@dyemiranan654","UCZ4HOJkklK3pCyJYV-h1HYw","http://www.youtube.com/@dyemiranan654","A primeira de 2025","2","2025-01-01T03:37:41Z","2025-01-01T03:37:41Z","True","True","0","0","[]","Vi3TL2K9bzo","Vou Pro Sereno - &#39;Bororó&#39;&#39; - Nada Pra Fazer - Avenida Santa Cruz, 1501 - Realengo/RJ BSP","2","Mais antigos"
"@JulioCesar-ny7yc","UCntOzyHD9oTfIZcVkikfmbg","http://www.youtube.com/@JulioCesar-ny7yc","Bororoooo bororooooo cantaasa zona sul sampa","0","2025-04-02T00:19:16Z","2025-04-02T00:19:16Z","True","True","0","0","[]","Vi3TL2K9bzo","Vou Pro Sereno - &#39;Bororó&#39;&#39; - Nada Pra Fazer - Avenida Santa Cruz, 1501 - Realengo/RJ BSP","2","Mais antigos"
"@pedrosacerdote.885","UCALkLZ3-QgT9wIjBtQYMQ5g","http://www.youtube.com/@pedrosacerdote.885","Bom dia","0","2025-10-19T13:03:17Z","2025-10-19T13:03:17Z","True","True","0","0","[]","Vi3TL2K9bzo","Vou Pro Sereno - &#39;Bororó&#39;&#39; - Nada Pra Fazer - Avenida Santa Cruz, 1501 - Realengo/RJ BSP","2","Mais antigos"
"@bbeatrizmoreira","UCGrOF6EvQZpgTUu4iiGxmYQ","http://www.youtube.com/@bbeatrizmoreira","Bororó bororó bororó
Bororó bororó bororó

O meu sonho verdadeiro é gostoso de sonhar
Todo mundo no terreiro indo até o sol raiar
Sob a luz da poesia é tão doce de sambar e cantar
E ao som dos tantãs e dos balagandãs eu não quero parar
Vou  sorrindo  cantando sambando ao sabor do luar
É um samba envolente ou até de repente pra gente versar
Me encanta e canta encanta a raiz popular
Samba é filosofia fidalguia do salão
Tem a força e a magia que acende o coração
E pra minha alegria o meu samba vai além
É a minha bandeira paixão verdadeira que me satisfaz
Essa luz tão divina ilumina os nossos quintais
É um som envolvente presente da gente nascente da paz
Essa luz tão divina ilumina os nossos quintais.

Bororó bororó bororó
Bororó bororó bororó.","212","2017-07-27T19:08:56Z","2017-07-27T19:08:56Z","True","True","12","5","[{'autor': '@CANALBSP', 'comentario': 'Muito obg por fazer parte do canal #BSP. #Inscreva-se Divulguem! Tmj! Abx', 'likes': 0, 'publicado_em': '2017-07-28T01:59:19Z'}, {'autor': '@josemartinsdasilva1661', 'comentario': 'E no clarear da manhã ..', 'likes': 0, 'publicado_em': '2018-09-07T21:45:41Z'}, {'autor': '@marcusvicente7393', 'comentario': 'Beatriz Moreira \nshow de bola', 'likes': 1, 'publicado_em': '2018-09-21T14:58:35Z'}, {'autor': '@dudarsj223', 'comentario': 'Esse samba não pode faltar num samba de roda 👏👏👏', 'likes': 0, 'publicado_em': '2018-10-06T17:07:38Z'}, {'autor': '@marinalvalemos1332', 'comentario': 'Linda linda bororo', 'likes': 0, 'publicado_em': '2018-12-23T03:51:58Z'}]","Vi3TL2K9bzo","Vou Pro Sereno - &#39;Bororó&#39;&#39; - Nada Pra Fazer - Avenida Santa Cruz, 1501 - Realengo/RJ BSP","3","Mais curtidos"
"@alicequeiroz5813","UCDbzeBme8ff-d06TtKhcurw","http://www.youtube.com/@alicequeiroz5813","Pára tudooooo!!! kkkkk ""Bororó é o Mundo!!!! Gente eu tenho que ir nessa roda mais que depressa!!! 👏👏👏 explodiu!!! kkkkkk🎉🎆","170","2016-09-23T19:37:42Z","2016-09-23T19:37:42Z","True","True","26","5","[{'autor': '@CANALBSP', 'comentario': 'Eu sempre te falo, das frases. Esse lugar é mágico! Muito obg pela força! #BSP Tmj! Abxs!', 'likes': 5, 'publicado_em': '2016-09-24T07:49:16Z'}, {'autor': '@wallacedouglas95', 'comentario': 'Alice Queiroz  só falto o video no dvd da roda de samba "" nada pra fazer "" \nai ia ser luxo o vídeo completo que a música e top com eles 👏👏👏😍🎵', 'likes': 1, 'publicado_em': '2017-05-23T03:04:40Z'}, {'autor': '@alicequeiroz5813', 'comentario': 'Wallace Douglas verdade', 'likes': 1, 'publicado_em': '2017-05-27T20:49:42Z'}, {'autor': '@fabiobruno6069', 'comentario': 'Alice Queiroz linda', 'likes': 1, 'publicado_em': '2017-06-21T13:06:57Z'}, {'autor': '@alicequeiroz5813', 'comentario': 'Fabio Bruno obrigada! 😄', 'likes': 1, 'publicado_em': '2017-06-21T14:03:14Z'}]","Vi3TL2K9bzo","Vou Pro Sereno - &#39;Bororó&#39;&#39; - Nada Pra Fazer - Avenida Santa Cruz, 1501 - Realengo/RJ BSP","3","Mais curtidos"
"@evertonmartinscrispim977","UCj2KdPdgatpLm3R-Zcna0YQ","http://www.youtube.com/@evertonmartinscrispim977","É pagode cerveja gelada e carne assada bom d+","82","2016-09-22T21:29:58Z","2016-09-22T21:29:58Z","True","True","4","4","[{'autor': '@CANALBSP', 'comentario': 'Vdd! Muito obg pela força! #BSP Tmj! Abxs!', 'likes': 4, 'publicado_em': '2016-09-24T07:56:52Z'}, {'autor': '@lucreciaemilia6530', 'comentario': 'Everton Martins Crispim  cerveja pagode e muita carne é show de pai e pra fechar com chave de ouro vou pro sereno e cia', 'likes': 3, 'publicado_em': '2017-03-25T21:19:19Z'}, {'autor': '@rodolfofirmino2606', 'comentario': 'Everton Martins Crispim \n willian pastot', 'likes': 0, 'publicado_em': '2018-02-03T04:47:40Z'}, {'autor': '@claudioroberto4155', 'comentario': 'Com certeza', 'likes': 0, 'publicado_em': '2018-03-18T16:35:03Z'}]","Vi3TL2K9bzo","Vou Pro Sereno - &#39;Bororó&#39;&#39; - Nada Pra Fazer - Avenida Santa Cruz, 1501 - Realengo/RJ BSP","3","Mais curtidos"
"@raquelneves2119","UC4U167vVCpD4rhYYyxUOQaA","http://www.youtube.com/@raquelneves2119","borooroó .....samba é  filosofiaaaa 👏👏👏🎵🎵","70","2017-06-24T15:33:54Z","2017-06-24T15:33:54Z","True","True","7","5","[{'autor': '@rafaeltemoteosantiago445', 'comentario': 'preta linda', 'likes': 4, 'publicado_em': '2017-06-27T22:00:27Z'}, {'autor': '@familiaqdm1637', 'comentario': 'E verdade...samba de rais...na.palma da mão', 'likes': 1, 'publicado_em': '2017-11-14T21:42:24Z'}, {'autor': '@mogbasangosambadecaboclo.9988', 'comentario': 'Linda', 'likes': 0, 'publicado_em': '2018-09-09T04:46:53Z'}, {'autor': '@cassianoferreira7938', 'comentario': 'Raquel Neves 😍', 'likes': 0, 'publicado_em': '2018-12-17T00:16:14Z'}, {'autor': '@cassianoferreira7938', 'comentario': '😎', 'likes': 0, 'publicado_em': '2018-12-17T00:16:34Z'}]","Vi3TL2K9bzo","Vou Pro Sereno - &#39;Bororó&#39;&#39; - Nada Pra Fazer - Avenida Santa Cruz, 1501 - Realengo/RJ BSP","3","Mais curtidos"
"@CANALBSP","UCIMjLtkDl4JAPaLGzsrkkdA","http://www.youtube.com/@CANALBSP",".
SE INSCREVA E ATIVE O SININHO PARA RECEBER OS VIDEOS.
AO SE INSCREVER, JÁ ATIVE O SININHO QUE FICA AO LADO DE INSCRITOS.
.","59","2017-08-10T18:06:49Z","2017-08-10T18:06:49Z","True","True","9","5","[{'autor': '@robsonsiqueira3258', 'comentario': 'CANAL BSP manda tudo samba de malandro', 'likes': 0, 'publicado_em': '2017-08-22T15:40:10Z'}, {'autor': '@lucineiadonascimentosevero4056', 'comentario': 'CANAL BSP Wesley Safadão', 'likes': 0, 'publicado_em': '2017-12-16T05:04:38Z'}, {'autor': '@ritacassia9649', 'comentario': 'Capital  inicial', 'likes': 1, 'publicado_em': '2018-04-05T23:23:30Z'}, {'autor': '@jucielima5866', 'comentario': 'Vou pro sereno eu te amo', 'likes': 0, 'publicado_em': '2020-11-21T21:09:43Z'}, {'autor': '@bielgames9341', 'comentario': 'Legal', 'likes': 1, 'publicado_em': '2020-12-04T17:45:40Z'}]","Vi3TL2K9bzo","Vou Pro Sereno - &#39;Bororó&#39;&#39; - Nada Pra Fazer - Avenida Santa Cruz, 1501 - Realengo/RJ BSP","3","Mais curtidos"
"@Marcospauloooooooooooooo","UCwJVoX6u7WE5Da0bw0mOqdg","http://www.youtube.com/@Marcospauloooooooooooooo","Bororo haha
2019 alguém ?","49","2019-01-22T19:25:10Z","2019-01-22T19:25:10Z","True","True","0","0","[]","Vi3TL2K9bzo","Vou Pro Sereno - &#39;Bororó&#39;&#39; - Nada Pra Fazer - Avenida Santa Cruz, 1501 - Realengo/RJ BSP","3","Mais curtidos"
"@thawanneamorim298","UCUmDGosNrJy8cHIMFljzurA","http://www.youtube.com/@thawanneamorim298","AMO ESSA MUSICA MEU DEUS 
QUEM GOSTA DESSA MUSICA CURTI COMENTE COMPATTILHA","29","2018-12-22T16:48:34Z","2018-12-22T16:49:08Z","True","True","7","5","[{'autor': '@CANALBSP', 'comentario': '.\nMuito obg por fazer parte do canal #BSP. #Inscreva-se Divulguem! Tmj! Abxs!\n.\nSE INSCREVA E ATIVE O SININHO PARA RECEBER OS VIDEOS.\nAO SE INSCREVER, JÁ ATIVE O SININHO QUE FICA AO LADO DE INSCRITOS.', 'likes': 0, 'publicado_em': '2018-12-22T18:24:53Z'}, {'autor': '@lucianamachado5729', 'comentario': 'Hehe eu não quer 2', 'likes': 0, 'publicado_em': '2019-10-06T00:22:46Z'}, {'autor': '@vitorhugodelima2599', 'comentario': 'Esse é o mais esperado na roda de samba, quando toca ninguém fica parado !', 'likes': 0, 'publicado_em': '2020-01-10T19:48:46Z'}, {'autor': '@MariaAparecida-xu5dl', 'comentario': 'Adoro, todas, e todos', 'likes': 0, 'publicado_em': '2020-06-18T17:47:29Z'}, {'autor': '@MariaAparecida-xu5dl', 'comentario': 'Bom', 'likes': 0, 'publicado_em': '2020-06-18T17:47:47Z'}]","Vi3TL2K9bzo","Vou Pro Sereno - &#39;Bororó&#39;&#39; - Nada Pra Fazer - Avenida Santa Cruz, 1501 - Realengo/RJ BSP","3","Mais curtidos"
"@keciateodoro8977","UCzsxbyG2EKJ-IoPWi3G8fpw","http://www.youtube.com/@keciateodoro8977","Bororó, apelido do meu filho Jean","3","2022-12-26T17:20:51Z","2022-12-26T17:20:51Z","True","True","0","0","[]","Vi3TL2K9bzo","Vou Pro Sereno - &#39;Bororó&#39;&#39; - Nada Pra Fazer - Avenida Santa Cruz, 1501 - Realengo/RJ BSP","3","Mais curtidos"
"@dyemiranan654","UCZ4HOJkklK3pCyJYV-h1HYw","http://www.youtube.com/@dyemiranan654","A primeira de 2025","2","2025-01-01T03:37:41Z","2025-01-01T03:37:41Z","True","True","0","0","[]","Vi3TL2K9bzo","Vou Pro Sereno - &#39;Bororó&#39;&#39; - Nada Pra Fazer - Avenida Santa Cruz, 1501 - Realengo/RJ BSP","3","Mais curtidos"
"@MarcosPaulo-ff3pw","UCXFq0B99coxzFtnY-UcwJow","http://www.youtube.com/@MarcosPaulo-ff3pw","Este samba e o melhor","1","2020-08-03T14:38:09Z","2020-08-03T14:38:09Z","True","True","0","0","[]","Vi3TL2K9bzo","Vou Pro Sereno - &#39;Bororó&#39;&#39; - Nada Pra Fazer - Avenida Santa Cruz, 1501 - Realengo/RJ BSP","3","Mais curtidos"
"@JulioCesar-ny7yc","UCntOzyHD9oTfIZcVkikfmbg","http://www.youtube.com/@JulioCesar-ny7yc","Bororoooo bororooooo cantaasa zona sul sampa","0","2025-04-02T00:19:16Z","2025-04-02T00:19:16Z","True","True","0","0","[]","Vi3TL2K9bzo","Vou Pro Sereno - &#39;Bororó&#39;&#39; - Nada Pra Fazer - Avenida Santa Cruz, 1501 - Realengo/RJ BSP","3","Mais curtidos"
"@jeanribeiro8863","UCt3KPKG2VzoRSF7nb1MdBLw","http://www.youtube.com/@jeanribeiro8863","Amoooo","0","2023-09-02T05:14:44Z","2023-09-02T05:14:44Z","True","True","0","0","[]","Vi3TL2K9bzo","Vou Pro Sereno - &#39;Bororó&#39;&#39; - Nada Pra Fazer - Avenida Santa Cruz, 1501 - Realengo/RJ BSP","3","Mais curtidos"
"@nadirgomesnascimento5265","UCwCOFeikadYwZ_V9N19TB0g","http://www.youtube.com/@nadirgomesnascimento5265","Top","0","2022-11-15T20:11:29Z","2022-11-15T20:11:29Z","True","True","0","0","[]","Vi3TL2K9bzo","Vou Pro Sereno - &#39;Bororó&#39;&#39; - Nada Pra Fazer - Avenida Santa Cruz, 1501 - Realengo/RJ BSP","3","Mais curtidos"
"@TheysomHenriqueOliveirafreitas","UCg-fGwsjGGk2O5pZWX4MhDw","http://www.youtube.com/@TheysomHenriqueOliveirafreitas","Salve realengo ❤terra boa","0","2024-10-11T03:52:39Z","2024-10-11T03:52:39Z","True","True","0","0","[]","Vi3TL2K9bzo","Vou Pro Sereno - &#39;Bororó&#39;&#39; - Nada Pra Fazer - Avenida Santa Cruz, 1501 - Realengo/RJ BSP","3","Mais curtidos"
"@laurentinarosadeoliveiraco4247","UCAUytt3SvdASDFV0kVK7v4A","http://www.youtube.com/@laurentinarosadeoliveiraco4247","Amooooo","0","2021-10-21T21:19:11Z","2021-10-21T21:19:11Z","True","True","0","0","[]","Vi3TL2K9bzo","Vou Pro Sereno - &#39;Bororó&#39;&#39; - Nada Pra Fazer - Avenida Santa Cruz, 1501 - Realengo/RJ BSP","3","Mais curtidos"
"@rodrigocavalcante884","UCLruQNEZ0NESAUQAUBilfbw","http://www.youtube.com/@rodrigocavalcante884","ACABA QUARENTENA!!   hahahahahahaha","0","2020-05-27T23:13:02Z","2020-05-27T23:13:02Z","True","True","0","0","[]","Vi3TL2K9bzo","Vou Pro Sereno - &#39;Bororó&#39;&#39; - Nada Pra Fazer - Avenida Santa Cruz, 1501 - Realengo/RJ BSP","3","Mais curtidos"
"@christianoliveira4947","UCG2sToxugqzB4B1Xy4_a1rA","http://www.youtube.com/@christianoliveira4947","E ao som dos tantãs , e dos barangandã, eu não quero parar.","0","2020-05-14T03:46:28Z","2020-05-14T03:46:28Z","True","True","0","0","[]","Vi3TL2K9bzo","Vou Pro Sereno - &#39;Bororó&#39;&#39; - Nada Pra Fazer - Avenida Santa Cruz, 1501 - Realengo/RJ BSP","3","Mais curtidos"
"@pedrosacerdote.885","UCALkLZ3-QgT9wIjBtQYMQ5g","http://www.youtube.com/@pedrosacerdote.885","Bom dia","0","2025-10-19T13:03:17Z","2025-10-19T13:03:17Z","True","True","0","0","[]","Vi3TL2K9bzo","Vou Pro Sereno - &#39;Bororó&#39;&#39; - Nada Pra Fazer - Avenida Santa Cruz, 1501 - Realengo/RJ BSP","3","Mais curtidos"
"@ElianeSantanaFerreira","UCFyTNffd9k5b_ez1zBOa6lQ","http://www.youtube.com/@ElianeSantanaFerreira","Apaixonada ❤.","0","2024-04-28T00:23:30Z","2024-04-28T00:23:30Z","True","True","0","0","[]","Vi3TL2K9bzo","Vou Pro Sereno - &#39;Bororó&#39;&#39; - Nada Pra Fazer - Avenida Santa Cruz, 1501 - Realengo/RJ BSP","3","Mais curtidos"
"@helenachocolate2371","UCNd74wltppE9Z1uorM_HCUQ","http://www.youtube.com/@helenachocolate2371","Adorooooo","0","2020-06-03T20:04:22Z","2020-06-03T20:04:22Z","True","True","0","0","[]","Vi3TL2K9bzo","Vou Pro Sereno - &#39;Bororó&#39;&#39; - Nada Pra Fazer - Avenida Santa Cruz, 1501 - Realengo/RJ BSP","3","Mais curtidos"
"@bbeatrizmoreira","UCGrOF6EvQZpgTUu4iiGxmYQ","http://www.youtube.com/@bbeatrizmoreira","Bororó bororó bororó
Bororó bororó bororó

O meu sonho verdadeiro é gostoso de sonhar
Todo mundo no terreiro indo até o sol raiar
Sob a luz da poesia é tão doce de sambar e cantar
E ao som dos tantãs e dos balagandãs eu não quero parar
Vou  sorrindo  cantando sambando ao sabor do luar
É um samba envolente ou até de repente pra gente versar
Me encanta e canta encanta a raiz popular
Samba é filosofia fidalguia do salão
Tem a força e a magia que acende o coração
E pra minha alegria o meu samba vai além
É a minha bandeira paixão verdadeira que me satisfaz
Essa luz tão divina ilumina os nossos quintais
É um som envolvente presente da gente nascente da paz
Essa luz tão divina ilumina os nossos quintais.

Bororó bororó bororó
Bororó bororó bororó.","212","2017-07-27T19:08:56Z","2017-07-27T19:08:56Z","True","True","12","5","[{'autor': '@CANALBSP', 'comentario': 'Muito obg por fazer parte do canal #BSP. #Inscreva-se Divulguem! Tmj! Abx', 'likes': 0, 'publicado_em': '2017-07-28T01:59:19Z'}, {'autor': '@josemartinsdasilva1661', 'comentario': 'E no clarear da manhã ..', 'likes': 0, 'publicado_em': '2018-09-07T21:45:41Z'}, {'autor': '@marcusvicente7393', 'comentario': 'Beatriz Moreira \nshow de bola', 'likes': 1, 'publicado_em': '2018-09-21T14:58:35Z'}, {'autor': '@dudarsj223', 'comentario': 'Esse samba não pode faltar num samba de roda 👏👏👏', 'likes': 0, 'publicado_em': '2018-10-06T17:07:38Z'}, {'autor': '@marinalvalemos1332', 'comentario': 'Linda linda bororo', 'likes': 0, 'publicado_em': '2018-12-23T03:51:58Z'}]","Vi3TL2K9bzo","Vou Pro Sereno - &#39;Bororó&#39;&#39; - Nada Pra Fazer - Avenida Santa Cruz, 1501 - Realengo/RJ BSP","4","Mais longos"
"@CANALBSP","UCIMjLtkDl4JAPaLGzsrkkdA","http://www.youtube.com/@CANALBSP",".
SE INSCREVA E ATIVE O SININHO PARA RECEBER OS VIDEOS.
AO SE INSCREVER, JÁ ATIVE O SININHO QUE FICA AO LADO DE INSCRITOS.
.","59","2017-08-10T18:06:49Z","2017-08-10T18:06:49Z","True","True","9","5","[{'autor': '@robsonsiqueira3258', 'comentario': 'CANAL BSP manda tudo samba de malandro', 'likes': 0, 'publicado_em': '2017-08-22T15:40:10Z'}, {'autor': '@lucineiadonascimentosevero4056', 'comentario': 'CANAL BSP Wesley Safadão', 'likes': 0, 'publicado_em': '2017-12-16T05:04:38Z'}, {'autor': '@ritacassia9649', 'comentario': 'Capital  inicial', 'likes': 1, 'publicado_em': '2018-04-05T23:23:30Z'}, {'autor': '@jucielima5866', 'comentario': 'Vou pro sereno eu te amo', 'likes': 0, 'publicado_em': '2020-11-21T21:09:43Z'}, {'autor': '@bielgames9341', 'comentario': 'Legal', 'likes': 1, 'publicado_em': '2020-12-04T17:45:40Z'}]","Vi3TL2K9bzo","Vou Pro Sereno - &#39;Bororó&#39;&#39; - Nada Pra Fazer - Avenida Santa Cruz, 1501 - Realengo/RJ BSP","4","Mais longos"
"@alicequeiroz5813","UCDbzeBme8ff-d06TtKhcurw","http://www.youtube.com/@alicequeiroz5813","Pára tudooooo!!! kkkkk ""Bororó é o Mundo!!!! Gente eu tenho que ir nessa roda mais que depressa!!! 👏👏👏 explodiu!!! kkkkkk🎉🎆","170","2016-09-23T19:37:42Z","2016-09-23T19:37:42Z","True","True","26","5","[{'autor': '@CANALBSP', 'comentario': 'Eu sempre te falo, das frases. Esse lugar é mágico! Muito obg pela força! #BSP Tmj! Abxs!', 'likes': 5, 'publicado_em': '2016-09-24T07:49:16Z'}, {'autor': '@wallacedouglas95', 'comentario': 'Alice Queiroz  só falto o video no dvd da roda de samba "" nada pra fazer "" \nai ia ser luxo o vídeo completo que a música e top com eles 👏👏👏😍🎵', 'likes': 1, 'publicado_em': '2017-05-23T03:04:40Z'}, {'autor': '@alicequeiroz5813', 'comentario': 'Wallace Douglas verdade', 'likes': 1, 'publicado_em': '2017-05-27T20:49:42Z'}, {'autor': '@fabiobruno6069', 'comentario': 'Alice Queiroz linda', 'likes': 1, 'publicado_em': '2017-06-21T13:06:57Z'}, {'autor': '@alicequeiroz5813', 'comentario': 'Fabio Bruno obrigada! 😄', 'likes': 1, 'publicado_em': '2017-06-21T14:03:14Z'}]","Vi3TL2K9bzo","Vou Pro Sereno - &#39;Bororó&#39;&#39; - Nada Pra Fazer - Avenida Santa Cruz, 1501 - Realengo/RJ BSP","4","Mais longos"
"@thawanneamorim298","UCUmDGosNrJy8cHIMFljzurA","http://www.youtube.com/@thawanneamorim298","AMO ESSA MUSICA MEU DEUS 
QUEM GOSTA DESSA MUSICA CURTI COMENTE COMPATTILHA","29","2018-12-22T16:48:34Z","2018-12-22T16:49:08Z","True","True","7","5","[{'autor': '@CANALBSP', 'comentario': '.\nMuito obg por fazer parte do canal #BSP. #Inscreva-se Divulguem! Tmj! Abxs!\n.\nSE INSCREVA E ATIVE O SININHO PARA RECEBER OS VIDEOS.\nAO SE INSCREVER, JÁ ATIVE O SININHO QUE FICA AO LADO DE INSCRITOS.', 'likes': 0, 'publicado_em': '2018-12-22T18:24:53Z'}, {'autor': '@lucianamachado5729', 'comentario': 'Hehe eu não quer 2', 'likes': 0, 'publicado_em': '2019-10-06T00:22:46Z'}, {'autor': '@vitorhugodelima2599', 'comentario': 'Esse é o mais esperado na roda de samba, quando toca ninguém fica parado !', 'likes': 0, 'publicado_em': '2020-01-10T19:48:46Z'}, {'autor': '@MariaAparecida-xu5dl', 'comentario': 'Adoro, todas, e todos', 'likes': 0, 'publicado_em': '2020-06-18T17:47:29Z'}, {'autor': '@MariaAparecida-xu5dl', 'comentario': 'Bom', 'likes': 0, 'publicado_em': '2020-06-18T17:47:47Z'}]","Vi3TL2K9bzo","Vou Pro Sereno - &#39;Bororó&#39;&#39; - Nada Pra Fazer - Avenida Santa Cruz, 1501 - Realengo/RJ BSP","4","Mais longos"
"@christianoliveira4947","UCG2sToxugqzB4B1Xy4_a1rA","http://www.youtube.com/@christianoliveira4947","E ao som dos tantãs , e dos barangandã, eu não quero parar.","0","2020-05-14T03:46:28Z","2020-05-14T03:46:28Z","True","True","0","0","[]","Vi3TL2K9bzo","Vou Pro Sereno - &#39;Bororó&#39;&#39; - Nada Pra Fazer - Avenida Santa Cruz, 1501 - Realengo/RJ BSP","4","Mais longos"
"@evertonmartinscrispim977","UCj2KdPdgatpLm3R-Zcna0YQ","http://www.youtube.com/@evertonmartinscrispim977","É pagode cerveja gelada e carne assada bom d+","82","2016-09-22T21:29:58Z","2016-09-22T21:29:58Z","True","True","4","4","[{'autor': '@CANALBSP', 'comentario': 'Vdd! Muito obg pela força! #BSP Tmj! Abxs!', 'likes': 4, 'publicado_em': '2016-09-24T07:56:52Z'}, {'autor': '@lucreciaemilia6530', 'comentario': 'Everton Martins Crispim  cerveja pagode e muita carne é show de pai e pra fechar com chave de ouro vou pro sereno e cia', 'likes': 3, 'publicado_em': '2017-03-25T21:19:19Z'}, {'autor': '@rodolfofirmino2606', 'comentario': 'Everton Martins Crispim \n willian pastot', 'likes': 0, 'publicado_em': '2018-02-03T04:47:40Z'}, {'autor': '@claudioroberto4155', 'comentario': 'Com certeza', 'likes': 0, 'publicado_em': '2018-03-18T16:35:03Z'}]","Vi3TL2K9bzo","Vou Pro Sereno - &#39;Bororó&#39;&#39; - Nada Pra Fazer - Avenida Santa Cruz, 1501 - Realengo/RJ BSP","4","Mais longos"
"@JulioCesar-ny7yc","UCntOzyHD9oTfIZcVkikfmbg","http://www.youtube.com/@JulioCesar-ny7yc","Bororoooo bororooooo cantaasa zona sul sampa","0","2025-04-02T00:19:16Z","2025-04-02T00:19:16Z","True","True","0","0","[]","Vi3TL2K9bzo","Vou Pro Sereno - &#39;Bororó&#39;&#39; - Nada Pra Fazer - Avenida Santa Cruz, 1501 - Realengo/RJ BSP","4","Mais longos"
"@raquelneves2119","UC4U167vVCpD4rhYYyxUOQaA","http://www.youtube.com/@raquelneves2119","borooroó .....samba é  filosofiaaaa 👏👏👏🎵🎵","70","2017-06-24T15:33:54Z","2017-06-24T15:33:54Z","True","True","7","5","[{'autor': '@rafaeltemoteosantiago445', 'comentario': 'preta linda', 'likes': 4, 'publicado_em': '2017-06-27T22:00:27Z'}, {'autor': '@familiaqdm1637', 'comentario': 'E verdade...samba de rais...na.palma da mão', 'likes': 1, 'publicado_em': '2017-11-14T21:42:24Z'}, {'autor': '@mogbasangosambadecaboclo.9988', 'comentario': 'Linda', 'likes': 0, 'publicado_em': '2018-09-09T04:46:53Z'}, {'autor': '@cassianoferreira7938', 'comentario': 'Raquel Neves 😍', 'likes': 0, 'publicado_em': '2018-12-17T00:16:14Z'}, {'autor': '@cassianoferreira7938', 'comentario': '😎', 'likes': 0, 'publicado_em': '2018-12-17T00:16:34Z'}]","Vi3TL2K9bzo","Vou Pro Sereno - &#39;Bororó&#39;&#39; - Nada Pra Fazer - Avenida Santa Cruz, 1501 - Realengo/RJ BSP","4","Mais longos"
"@rodrigocavalcante884","UCLruQNEZ0NESAUQAUBilfbw","http://www.youtube.com/@rodrigocavalcante884","ACABA QUARENTENA!!   hahahahahahaha","0","2020-05-27T23:13:02Z","2020-05-27T23:13:02Z","True","True","0","0","[]","Vi3TL2K9bzo","Vou Pro Sereno - &#39;Bororó&#39;&#39; - Nada Pra Fazer - Avenida Santa Cruz, 1501 - Realengo/RJ BSP","4","Mais longos"
"@keciateodoro8977","UCzsxbyG2EKJ-IoPWi3G8fpw","http://www.youtube.com/@keciateodoro8977","Bororó, apelido do meu filho Jean","3","2022-12-26T17:20:51Z","2022-12-26T17:20:51Z","True","True","0","0","[]","Vi3TL2K9bzo","Vou Pro Sereno - &#39;Bororó&#39;&#39; - Nada Pra Fazer - Avenida Santa Cruz, 1501 - Realengo/RJ BSP","4","Mais longos"
"@Marcospauloooooooooooooo","UCwJVoX6u7WE5Da0bw0mOqdg","http://www.youtube.com/@Marcospauloooooooooooooo","Bororo haha
2019 alguém ?","49","2019-01-22T19:25:10Z","2019-01-22T19:25:10Z","True","True","0","0","[]","Vi3TL2K9bzo","Vou Pro Sereno - &#39;Bororó&#39;&#39; - Nada Pra Fazer - Avenida Santa Cruz, 1501 - Realengo/RJ BSP","4","Mais longos"
"@TheysomHenriqueOliveirafreitas","UCg-fGwsjGGk2O5pZWX4MhDw","http://www.youtube.com/@TheysomHenriqueOliveirafreitas","Salve realengo ❤terra boa","0","2024-10-11T03:52:39Z","2024-10-11T03:52:39Z","True","True","0","0","[]","Vi3TL2K9bzo","Vou Pro Sereno - &#39;Bororó&#39;&#39; - Nada Pra Fazer - Avenida Santa Cruz, 1501 - Realengo/RJ BSP","4","Mais longos"
"@MarcosPaulo-ff3pw","UCXFq0B99coxzFtnY-UcwJow","http://www.youtube.com/@MarcosPaulo-ff3pw","Este samba e o melhor","1","2020-08-03T14:38:09Z","2020-08-03T14:38:09Z","True","True","0","0","[]","Vi3TL2K9bzo","Vou Pro Sereno - &#39;Bororó&#39;&#39; - Nada Pra Fazer - Avenida Santa Cruz, 1501 - Realengo/RJ BSP","4","Mais longos"
"@dyemiranan654","UCZ4HOJkklK3pCyJYV-h1HYw","http://www.youtube.com/@dyemiranan654","A primeira de 2025","2","2025-01-01T03:37:41Z","2025-01-01T03:37:41Z","True","True","0","0","[]","Vi3TL2K9bzo","Vou Pro Sereno - &#39;Bororó&#39;&#39; - Nada Pra Fazer - Avenida Santa Cruz, 1501 - Realengo/RJ BSP","4","Mais longos"
"@ElianeSantanaFerreira","UCFyTNffd9k5b_ez1zBOa6lQ","http://www.youtube.com/@ElianeSantanaFerreira","Apaixonada ❤.","0","2024-04-28T00:23:30Z","2024-04-28T00:23:30Z","True","True","0","0","[]","Vi3TL2K9bzo","Vou Pro Sereno - &#39;Bororó&#39;&#39; - Nada Pra Fazer - Avenida Santa Cruz, 1501 - Realengo/RJ BSP","4","Mais longos"
"@helenachocolate2371","UCNd74wltppE9Z1uorM_HCUQ","http://www.youtube.com/@helenachocolate2371","Adorooooo","0","2020-06-03T20:04:22Z","2020-06-03T20:04:22Z","True","True","0","0","[]","Vi3TL2K9bzo","Vou Pro Sereno - &#39;Bororó&#39;&#39; - Nada Pra Fazer - Avenida Santa Cruz, 1501 - Realengo/RJ BSP","4","Mais longos"
"@laurentinarosadeoliveiraco4247","UCAUytt3SvdASDFV0kVK7v4A","http://www.youtube.com/@laurentinarosadeoliveiraco4247","Amooooo","0","2021-10-21T21:19:11Z","2021-10-21T21:19:11Z","True","True","0","0","[]","Vi3TL2K9bzo","Vou Pro Sereno - &#39;Bororó&#39;&#39; - Nada Pra Fazer - Avenida Santa Cruz, 1501 - Realengo/RJ BSP","4","Mais longos"
"@pedrosacerdote.885","UCALkLZ3-QgT9wIjBtQYMQ5g","http://www.youtube.com/@pedrosacerdote.885","Bom dia","0","2025-10-19T13:03:17Z","2025-10-19T13:03:17Z","True","True","0","0","[]","Vi3TL2K9bzo","Vou Pro Sereno - &#39;Bororó&#39;&#39; - Nada Pra Fazer - Avenida Santa Cruz, 1501 - Realengo/RJ BSP","4","Mais longos"
"@jeanribeiro8863","UCt3KPKG2VzoRSF7nb1MdBLw","http://www.youtube.com/@jeanribeiro8863","Amoooo","0","2023-09-02T05:14:44Z","2023-09-02T05:14:44Z","True","True","0","0","[]","Vi3TL2K9bzo","Vou Pro Sereno - &#39;Bororó&#39;&#39; - Nada Pra Fazer - Avenida Santa Cruz, 1501 - Realengo/RJ BSP","4","Mais longos"
"@nadirgomesnascimento5265","UCwCOFeikadYwZ_V9N19TB0g","http://www.youtube.com/@nadirgomesnascimento5265","Top","0","2022-11-15T20:11:29Z","2022-11-15T20:11:29Z","True","True","0","0","[]","Vi3TL2K9bzo","Vou Pro Sereno - &#39;Bororó&#39;&#39; - Nada Pra Fazer - Avenida Santa Cruz, 1501 - Realengo/RJ BSP","4","Mais longos"
"@AngelHilarioBeltran","UCRVgNgOVScxs3UQffmYH5-g","http://www.youtube.com/@AngelHilarioBeltran","José Antonio actúa naquicimo jajajaja 😅","1","2025-08-31T11:27:49Z","2025-08-31T11:27:49Z","True","True","0","0","[]","d_IQDv1S5EI","Marciruz y Octavio se encuentran en el Realengo | Corazón indomable 1/2 | Capítulo 97 | tlnovelas","1","Mais novos"
"@FrancheskaOliva-p4e","UCmV3X3C7QCu47ios8C_DmrA","http://www.youtube.com/@FrancheskaOliva-p4e","Me encantó es mi favorita ❤","2","2025-07-07T00:00:50Z","2025-07-07T00:00:50Z","True","True","0","0","[]","d_IQDv1S5EI","Marciruz y Octavio se encuentran en el Realengo | Corazón indomable 1/2 | Capítulo 97 | tlnovelas","1","Mais novos"
"@AdrieleVitória-f7g","UCMl07y90AAVuVZFYhabpvbQ","http://www.youtube.com/@AdrieleVit%C3%B3ria-f7g","Eso si. es sierto❤❤❤","1","2025-07-03T01:41:14Z","2025-07-03T01:41:14Z","True","True","0","0","[]","d_IQDv1S5EI","Marciruz y Octavio se encuentran en el Realengo | Corazón indomable 1/2 | Capítulo 97 | tlnovelas","1","Mais novos"
"@josealejandropoolgarcia3047","UCn7F-j0DDPEUmb_iAXHcVYw","http://www.youtube.com/@josealejandropoolgarcia3047","😂😂😂 Maricruz se ganas a todos con astucia","3","2025-06-13T13:18:40Z","2025-06-13T13:18:40Z","True","True","0","0","[]","d_IQDv1S5EI","Marciruz y Octavio se encuentran en el Realengo | Corazón indomable 1/2 | Capítulo 97 | tlnovelas","1","Mais novos"
"@JuanDiaz-g6m3k","UC01sHT3QQmHH5BWCkGajt4Q","http://www.youtube.com/@JuanDiaz-g6m3k","mi favorita novela laquiero","2","2025-06-08T17:28:56Z","2025-06-08T17:28:56Z","True","True","0","0","[]","d_IQDv1S5EI","Marciruz y Octavio se encuentran en el Realengo | Corazón indomable 1/2 | Capítulo 97 | tlnovelas","1","Mais novos"
"@DarvinAyala-u3e","UCCf-9IAksFk2QvcVK1j6Pow","http://www.youtube.com/@DarvinAyala-u3e","Favorita esta novela😊 laquiero❤❤❤❤❤❤","4","2025-06-01T17:30:26Z","2025-06-01T17:30:26Z","True","True","0","0","[]","d_IQDv1S5EI","Marciruz y Octavio se encuentran en el Realengo | Corazón indomable 1/2 | Capítulo 97 | tlnovelas","1","Mais novos"
"@mariaauxiliadoraDuarte-b9h","UCQOhXjIbpxVQ8_m7HxOsVBw","http://www.youtube.com/@mariaauxiliadoraDuarte-b9h","Mencanca es mi favorita ❤","4","2025-03-18T14:53:20Z","2025-03-18T14:53:20Z","True","True","0","0","[]","d_IQDv1S5EI","Marciruz y Octavio se encuentran en el Realengo | Corazón indomable 1/2 | Capítulo 97 | tlnovelas","1","Mais novos"
"@AnaXiomaraRodríguez","UCP24czpwtb2Z5s2cnLM65Fw","http://www.youtube.com/@AnaXiomaraRodr%C3%ADguez","Está muy buena la novela🎉❤❤❤ yo amo esa novela❤❤","1","2025-02-17T13:18:08Z","2025-02-17T13:18:08Z","True","True","0","0","[]","d_IQDv1S5EI","Marciruz y Octavio se encuentran en el Realengo | Corazón indomable 1/2 | Capítulo 97 | tlnovelas","1","Mais novos"
"@CristinaVegaCristina","UCixb0C3hz04ib2zQJfrWJaw","http://www.youtube.com/@CristinaVegaCristina","🎉❤ la adoro mucho 😅😍","2","2025-02-10T03:26:51Z","2025-02-10T03:26:51Z","True","True","0","0","[]","d_IQDv1S5EI","Marciruz y Octavio se encuentran en el Realengo | Corazón indomable 1/2 | Capítulo 97 | tlnovelas","1","Mais novos"
"@MaritzaguadalupeBautistaro-l3x","UCep3PpaHJGdKIMJd0Oz1KIg","http://www.youtube.com/@MaritzaguadalupeBautistaro-l3x","Ermosa❤ maricrus❤❤❤ adoro esta novela❤","1","2025-01-25T02:26:29Z","2025-01-25T02:26:29Z","True","True","0","0","[]","d_IQDv1S5EI","Marciruz y Octavio se encuentran en el Realengo | Corazón indomable 1/2 | Capítulo 97 | tlnovelas","1","Mais novos"
"@Juana-c1t","UCg7GymDh8_HA7juAuJWLJRg","http://www.youtube.com/@Juana-c1t","❤que bonita la novela","2","2024-12-15T21:30:49Z","2024-12-15T21:30:49Z","True","True","0","0","[]","d_IQDv1S5EI","Marciruz y Octavio se encuentran en el Realengo | Corazón indomable 1/2 | Capítulo 97 | tlnovelas","1","Mais novos"
"@LuisPeraza-r2w","UCalPfRQXiEM9r7E2bFToq8g","http://www.youtube.com/@LuisPeraza-r2w","La novela es mi favorita ❤","9","2024-10-31T18:27:43Z","2024-10-31T18:27:43Z","True","True","1","1","[{'autor': '@luzelenalopez8144', 'comentario': 'Como se llama la novela?', 'likes': 1, 'publicado_em': '2024-11-03T09:20:04Z'}]","d_IQDv1S5EI","Marciruz y Octavio se encuentran en el Realengo | Corazón indomable 1/2 | Capítulo 97 | tlnovelas","1","Mais novos"
"@rosarionan5804","UCXhYg5w0bymcV3rpE8DrM9g","http://www.youtube.com/@rosarionan5804","Quien lo ve y lo escucha a Miguel hablando de los demàs siendo q està de arrimado en lo de Simona","20","2024-10-07T16:37:36Z","2024-10-07T16:37:36Z","True","True","0","0","[]","d_IQDv1S5EI","Marciruz y Octavio se encuentran en el Realengo | Corazón indomable 1/2 | Capítulo 97 | tlnovelas","1","Mais novos"
"@CatyGallego-s3f","UCKYRWgRBocH101tZUhIdJFA","http://www.youtube.com/@CatyGallego-s3f","Es mi favorita 😊😊😊😢😮😮❤❤❤","8","2024-10-02T22:41:22Z","2024-10-02T22:41:22Z","True","True","0","0","[]","d_IQDv1S5EI","Marciruz y Octavio se encuentran en el Realengo | Corazón indomable 1/2 | Capítulo 97 | tlnovelas","1","Mais novos"
"@MARIANATechera-oy1zc","UCjgBMIGhA1xrzWDVXApo-eA","http://www.youtube.com/@MARIANATechera-oy1zc","Para amigos como jose  Antonio mas vale no tener","10","2024-09-28T18:33:16Z","2024-09-28T18:33:16Z","True","True","0","0","[]","d_IQDv1S5EI","Marciruz y Octavio se encuentran en el Realengo | Corazón indomable 1/2 | Capítulo 97 | tlnovelas","1","Mais novos"
"@IngridyanetFloresmurillo","UCyX9-UkMDDWBaruIAT6_IXQ","http://www.youtube.com/@IngridyanetFloresmurillo","Que bella muy linda la novela 😂❤❤","9","2024-09-27T19:18:34Z","2024-09-27T19:18:34Z","True","True","0","0","[]","d_IQDv1S5EI","Marciruz y Octavio se encuentran en el Realengo | Corazón indomable 1/2 | Capítulo 97 | tlnovelas","1","Mais novos"
"@brianda-r9n","UCYBuKbnxSvTlqbROrf9YYAQ","http://www.youtube.com/@brianda-r9n","Esta bien bonita la nobela","15","2024-08-14T02:56:15Z","2024-08-14T02:56:15Z","True","True","0","0","[]","d_IQDv1S5EI","Marciruz y Octavio se encuentran en el Realengo | Corazón indomable 1/2 | Capítulo 97 | tlnovelas","1","Mais novos"
"@YoselinVasque-l7c","UCAIlp3ccrJQ7JSjENFGuFRQ","http://www.youtube.com/@YoselinVasque-l7c","Pero es muy buena novela","10","2024-08-09T03:11:46Z","2024-08-09T03:11:46Z","True","True","0","0","[]","d_IQDv1S5EI","Marciruz y Octavio se encuentran en el Realengo | Corazón indomable 1/2 | Capítulo 97 | tlnovelas","1","Mais novos"
"@ElsaMarina-h1s","UCepOEyTViRvN3R_2C_wUMrw","http://www.youtube.com/@ElsaMarina-h1s","Me encanta la novela la amo mucho","14","2024-07-21T04:32:16Z","2024-07-21T04:32:16Z","True","True","2","2","[{'autor': '@AnahiRamírez-x7f', 'comentario': ""L ',pg p,"", 'likes': 0, 'publicado_em': '2025-04-18T00:45:42Z'}, {'autor': '@MilandeIdeyis-i7l', 'comentario': 'Roko', 'likes': 0, 'publicado_em': '2025-08-16T02:04:37Z'}]","d_IQDv1S5EI","Marciruz y Octavio se encuentran en el Realengo | Corazón indomable 1/2 | Capítulo 97 | tlnovelas","1","Mais novos"
"@lilianahaddad7321","UCq4J0sdq-NvDJ4FlwN9Vc_w","http://www.youtube.com/@lilianahaddad7321","La mona nada más se trasquilo el cabello y agarró hombre y se volvió bien m4mona.","36","2023-12-01T03:14:06Z","2023-12-01T03:14:06Z","True","True","0","0","[]","d_IQDv1S5EI","Marciruz y Octavio se encuentran en el Realengo | Corazón indomable 1/2 | Capítulo 97 | tlnovelas","1","Mais novos"
"@lilianahaddad7321","UCq4J0sdq-NvDJ4FlwN9Vc_w","http://www.youtube.com/@lilianahaddad7321","La mona nada más se trasquilo el cabello y agarró hombre y se volvió bien m4mona.","36","2023-12-01T03:14:06Z","2023-12-01T03:14:06Z","True","True","0","0","[]","d_IQDv1S5EI","Marciruz y Octavio se encuentran en el Realengo | Corazón indomable 1/2 | Capítulo 97 | tlnovelas","2","Mais antigos"
"@ElsaMarina-h1s","UCepOEyTViRvN3R_2C_wUMrw","http://www.youtube.com/@ElsaMarina-h1s","Me encanta la novela la amo mucho","14","2024-07-21T04:32:16Z","2024-07-21T04:32:16Z","True","True","2","2","[{'autor': '@AnahiRamírez-x7f', 'comentario': ""L ',pg p,"", 'likes': 0, 'publicado_em': '2025-04-18T00:45:42Z'}, {'autor': '@MilandeIdeyis-i7l', 'comentario': 'Roko', 'likes': 0, 'publicado_em': '2025-08-16T02:04:37Z'}]","d_IQDv1S5EI","Marciruz y Octavio se encuentran en el Realengo | Corazón indomable 1/2 | Capítulo 97 | tlnovelas","2","Mais antigos"
"@YoselinVasque-l7c","UCAIlp3ccrJQ7JSjENFGuFRQ","http://www.youtube.com/@YoselinVasque-l7c","Pero es muy buena novela","10","2024-08-09T03:11:46Z","2024-08-09T03:11:46Z","True","True","0","0","[]","d_IQDv1S5EI","Marciruz y Octavio se encuentran en el Realengo | Corazón indomable 1/2 | Capítulo 97 | tlnovelas","2","Mais antigos"
"@brianda-r9n","UCYBuKbnxSvTlqbROrf9YYAQ","http://www.youtube.com/@brianda-r9n","Esta bien bonita la nobela","15","2024-08-14T02:56:15Z","2024-08-14T02:56:15Z","True","True","0","0","[]","d_IQDv1S5EI","Marciruz y Octavio se encuentran en el Realengo | Corazón indomable 1/2 | Capítulo 97 | tlnovelas","2","Mais antigos"
"@IngridyanetFloresmurillo","UCyX9-UkMDDWBaruIAT6_IXQ","http://www.youtube.com/@IngridyanetFloresmurillo","Que bella muy linda la novela 😂❤❤","9","2024-09-27T19:18:34Z","2024-09-27T19:18:34Z","True","True","0","0","[]","d_IQDv1S5EI","Marciruz y Octavio se encuentran en el Realengo | Corazón indomable 1/2 | Capítulo 97 | tlnovelas","2","Mais antigos"
"@MARIANATechera-oy1zc","UCjgBMIGhA1xrzWDVXApo-eA","http://www.youtube.com/@MARIANATechera-oy1zc","Para amigos como jose  Antonio mas vale no tener","10","2024-09-28T18:33:16Z","2024-09-28T18:33:16Z","True","True","0","0","[]","d_IQDv1S5EI","Marciruz y Octavio se encuentran en el Realengo | Corazón indomable 1/2 | Capítulo 97 | tlnovelas","2","Mais antigos"
"@CatyGallego-s3f","UCKYRWgRBocH101tZUhIdJFA","http://www.youtube.com/@CatyGallego-s3f","Es mi favorita 😊😊😊😢😮😮❤❤❤","8","2024-10-02T22:41:22Z","2024-10-02T22:41:22Z","True","True","0","0","[]","d_IQDv1S5EI","Marciruz y Octavio se encuentran en el Realengo | Corazón indomable 1/2 | Capítulo 97 | tlnovelas","2","Mais antigos"
"@rosarionan5804","UCXhYg5w0bymcV3rpE8DrM9g","http://www.youtube.com/@rosarionan5804","Quien lo ve y lo escucha a Miguel hablando de los demàs siendo q està de arrimado en lo de Simona","20","2024-10-07T16:37:36Z","2024-10-07T16:37:36Z","True","True","0","0","[]","d_IQDv1S5EI","Marciruz y Octavio se encuentran en el Realengo | Corazón indomable 1/2 | Capítulo 97 | tlnovelas","2","Mais antigos"
"@LuisPeraza-r2w","UCalPfRQXiEM9r7E2bFToq8g","http://www.youtube.com/@LuisPeraza-r2w","La novela es mi favorita ❤","9","2024-10-31T18:27:43Z","2024-10-31T18:27:43Z","True","True","1","1","[{'autor': '@luzelenalopez8144', 'comentario': 'Como se llama la novela?', 'likes': 1, 'publicado_em': '2024-11-03T09:20:04Z'}]","d_IQDv1S5EI","Marciruz y Octavio se encuentran en el Realengo | Corazón indomable 1/2 | Capítulo 97 | tlnovelas","2","Mais antigos"
"@Juana-c1t","UCg7GymDh8_HA7juAuJWLJRg","http://www.youtube.com/@Juana-c1t","❤que bonita la novela","2","2024-12-15T21:30:49Z","2024-12-15T21:30:49Z","True","True","0","0","[]","d_IQDv1S5EI","Marciruz y Octavio se encuentran en el Realengo | Corazón indomable 1/2 | Capítulo 97 | tlnovelas","2","Mais antigos"
"@MaritzaguadalupeBautistaro-l3x","UCep3PpaHJGdKIMJd0Oz1KIg","http://www.youtube.com/@MaritzaguadalupeBautistaro-l3x","Ermosa❤ maricrus❤❤❤ adoro esta novela❤","1","2025-01-25T02:26:29Z","2025-01-25T02:26:29Z","True","True","0","0","[]","d_IQDv1S5EI","Marciruz y Octavio se encuentran en el Realengo | Corazón indomable 1/2 | Capítulo 97 | tlnovelas","2","Mais antigos"
"@CristinaVegaCristina","UCixb0C3hz04ib2zQJfrWJaw","http://www.youtube.com/@CristinaVegaCristina","🎉❤ la adoro mucho 😅😍","2","2025-02-10T03:26:51Z","2025-02-10T03:26:51Z","True","True","0","0","[]","d_IQDv1S5EI","Marciruz y Octavio se encuentran en el Realengo | Corazón indomable 1/2 | Capítulo 97 | tlnovelas","2","Mais antigos"
"@AnaXiomaraRodríguez","UCP24czpwtb2Z5s2cnLM65Fw","http://www.youtube.com/@AnaXiomaraRodr%C3%ADguez","Está muy buena la novela🎉❤❤❤ yo amo esa novela❤❤","1","2025-02-17T13:18:08Z","2025-02-17T13:18:08Z","True","True","0","0","[]","d_IQDv1S5EI","Marciruz y Octavio se encuentran en el Realengo | Corazón indomable 1/2 | Capítulo 97 | tlnovelas","2","Mais antigos"
"@mariaauxiliadoraDuarte-b9h","UCQOhXjIbpxVQ8_m7HxOsVBw","http://www.youtube.com/@mariaauxiliadoraDuarte-b9h","Mencanca es mi favorita ❤","4","2025-03-18T14:53:20Z","2025-03-18T14:53:20Z","True","True","0","0","[]","d_IQDv1S5EI","Marciruz y Octavio se encuentran en el Realengo | Corazón indomable 1/2 | Capítulo 97 | tlnovelas","2","Mais antigos"
"@DarvinAyala-u3e","UCCf-9IAksFk2QvcVK1j6Pow","http://www.youtube.com/@DarvinAyala-u3e","Favorita esta novela😊 laquiero❤❤❤❤❤❤","4","2025-06-01T17:30:26Z","2025-06-01T17:30:26Z","True","True","0","0","[]","d_IQDv1S5EI","Marciruz y Octavio se encuentran en el Realengo | Corazón indomable 1/2 | Capítulo 97 | tlnovelas","2","Mais antigos"
"@JuanDiaz-g6m3k","UC01sHT3QQmHH5BWCkGajt4Q","http://www.youtube.com/@JuanDiaz-g6m3k","mi favorita novela laquiero","2","2025-06-08T17:28:56Z","2025-06-08T17:28:56Z","True","True","0","0","[]","d_IQDv1S5EI","Marciruz y Octavio se encuentran en el Realengo | Corazón indomable 1/2 | Capítulo 97 | tlnovelas","2","Mais antigos"
"@josealejandropoolgarcia3047","UCn7F-j0DDPEUmb_iAXHcVYw","http://www.youtube.com/@josealejandropoolgarcia3047","😂😂😂 Maricruz se ganas a todos con astucia","3","2025-06-13T13:18:40Z","2025-06-13T13:18:40Z","True","True","0","0","[]","d_IQDv1S5EI","Marciruz y Octavio se encuentran en el Realengo | Corazón indomable 1/2 | Capítulo 97 | tlnovelas","2","Mais antigos"
"@AdrieleVitória-f7g","UCMl07y90AAVuVZFYhabpvbQ","http://www.youtube.com/@AdrieleVit%C3%B3ria-f7g","Eso si. es sierto❤❤❤","1","2025-07-03T01:41:14Z","2025-07-03T01:41:14Z","True","True","0","0","[]","d_IQDv1S5EI","Marciruz y Octavio se encuentran en el Realengo | Corazón indomable 1/2 | Capítulo 97 | tlnovelas","2","Mais antigos"
"@FrancheskaOliva-p4e","UCmV3X3C7QCu47ios8C_DmrA","http://www.youtube.com/@FrancheskaOliva-p4e","Me encantó es mi favorita ❤","2","2025-07-07T00:00:50Z","2025-07-07T00:00:50Z","True","True","0","0","[]","d_IQDv1S5EI","Marciruz y Octavio se encuentran en el Realengo | Corazón indomable 1/2 | Capítulo 97 | tlnovelas","2","Mais antigos"
"@AngelHilarioBeltran","UCRVgNgOVScxs3UQffmYH5-g","http://www.youtube.com/@AngelHilarioBeltran","José Antonio actúa naquicimo jajajaja 😅","1","2025-08-31T11:27:49Z","2025-08-31T11:27:49Z","True","True","0","0","[]","d_IQDv1S5EI","Marciruz y Octavio se encuentran en el Realengo | Corazón indomable 1/2 | Capítulo 97 | tlnovelas","2","Mais antigos"
"@lilianahaddad7321","UCq4J0sdq-NvDJ4FlwN9Vc_w","http://www.youtube.com/@lilianahaddad7321","La mona nada más se trasquilo el cabello y agarró hombre y se volvió bien m4mona.","36","2023-12-01T03:14:06Z","2023-12-01T03:14:06Z","True","True","0","0","[]","d_IQDv1S5EI","Marciruz y Octavio se encuentran en el Realengo | Corazón indomable 1/2 | Capítulo 97 | tlnovelas","3","Mais curtidos"
"@rosarionan5804","UCXhYg5w0bymcV3rpE8DrM9g","http://www.youtube.com/@rosarionan5804","Quien lo ve y lo escucha a Miguel hablando de los demàs siendo q està de arrimado en lo de Simona","20","2024-10-07T16:37:36Z","2024-10-07T16:37:36Z","True","True","0","0","[]","d_IQDv1S5EI","Marciruz y Octavio se encuentran en el Realengo | Corazón indomable 1/2 | Capítulo 97 | tlnovelas","3","Mais curtidos"
"@brianda-r9n","UCYBuKbnxSvTlqbROrf9YYAQ","http://www.youtube.com/@brianda-r9n","Esta bien bonita la nobela","15","2024-08-14T02:56:15Z","2024-08-14T02:56:15Z","True","True","0","0","[]","d_IQDv1S5EI","Marciruz y Octavio se encuentran en el Realengo | Corazón indomable 1/2 | Capítulo 97 | tlnovelas","3","Mais curtidos"
"@ElsaMarina-h1s","UCepOEyTViRvN3R_2C_wUMrw","http://www.youtube.com/@ElsaMarina-h1s","Me encanta la novela la amo mucho","14","2024-07-21T04:32:16Z","2024-07-21T04:32:16Z","True","True","2","2","[{'autor': '@AnahiRamírez-x7f', 'comentario': ""L ',pg p,"", 'likes': 0, 'publicado_em': '2025-04-18T00:45:42Z'}, {'autor': '@MilandeIdeyis-i7l', 'comentario': 'Roko', 'likes': 0, 'publicado_em': '2025-08-16T02:04:37Z'}]","d_IQDv1S5EI","Marciruz y Octavio se encuentran en el Realengo | Corazón indomable 1/2 | Capítulo 97 | tlnovelas","3","Mais curtidos"
"@MARIANATechera-oy1zc","UCjgBMIGhA1xrzWDVXApo-eA","http://www.youtube.com/@MARIANATechera-oy1zc","Para amigos como jose  Antonio mas vale no tener","10","2024-09-28T18:33:16Z","2024-09-28T18:33:16Z","True","True","0","0","[]","d_IQDv1S5EI","Marciruz y Octavio se encuentran en el Realengo | Corazón indomable 1/2 | Capítulo 97 | tlnovelas","3","Mais curtidos"
"@YoselinVasque-l7c","UCAIlp3ccrJQ7JSjENFGuFRQ","http://www.youtube.com/@YoselinVasque-l7c","Pero es muy buena novela","10","2024-08-09T03:11:46Z","2024-08-09T03:11:46Z","True","True","0","0","[]","d_IQDv1S5EI","Marciruz y Octavio se encuentran en el Realengo | Corazón indomable 1/2 | Capítulo 97 | tlnovelas","3","Mais curtidos"
"@LuisPeraza-r2w","UCalPfRQXiEM9r7E2bFToq8g","http://www.youtube.com/@LuisPeraza-r2w","La novela es mi favorita ❤","9","2024-10-31T18:27:43Z","2024-10-31T18:27:43Z","True","True","1","1","[{'autor': '@luzelenalopez8144', 'comentario': 'Como se llama la novela?', 'likes': 1, 'publicado_em': '2024-11-03T09:20:04Z'}]","d_IQDv1S5EI","Marciruz y Octavio se encuentran en el Realengo | Corazón indomable 1/2 | Capítulo 97 | tlnovelas","3","Mais curtidos"
"@IngridyanetFloresmurillo","UCyX9-UkMDDWBaruIAT6_IXQ","http://www.youtube.com/@IngridyanetFloresmurillo","Que bella muy linda la novela 😂❤❤","9","2024-09-27T19:18:34Z","2024-09-27T19:18:34Z","True","True","0","0","[]","d_IQDv1S5EI","Marciruz y Octavio se encuentran en el Realengo | Corazón indomable 1/2 | Capítulo 97 | tlnovelas","3","Mais curtidos"
"@CatyGallego-s3f","UCKYRWgRBocH101tZUhIdJFA","http://www.youtube.com/@CatyGallego-s3f","Es mi favorita 😊😊😊😢😮😮❤❤❤","8","2024-10-02T22:41:22Z","2024-10-02T22:41:22Z","True","True","0","0","[]","d_IQDv1S5EI","Marciruz y Octavio se encuentran en el Realengo | Corazón indomable 1/2 | Capítulo 97 | tlnovelas","3","Mais curtidos"
"@DarvinAyala-u3e","UCCf-9IAksFk2QvcVK1j6Pow","http://www.youtube.com/@DarvinAyala-u3e","Favorita esta novela😊 laquiero❤❤❤❤❤❤","4","2025-06-01T17:30:26Z","2025-06-01T17:30:26Z","True","True","0","0","[]","d_IQDv1S5EI","Marciruz y Octavio se encuentran en el Realengo | Corazón indomable 1/2 | Capítulo 97 | tlnovelas","3","Mais curtidos"
"@mariaauxiliadoraDuarte-b9h","UCQOhXjIbpxVQ8_m7HxOsVBw","http://www.youtube.com/@mariaauxiliadoraDuarte-b9h","Mencanca es mi favorita ❤","4","2025-03-18T14:53:20Z","2025-03-18T14:53:20Z","True","True","0","0","[]","d_IQDv1S5EI","Marciruz y Octavio se encuentran en el Realengo | Corazón indomable 1/2 | Capítulo 97 | tlnovelas","3","Mais curtidos"
"@josealejandropoolgarcia3047","UCn7F-j0DDPEUmb_iAXHcVYw","http://www.youtube.com/@josealejandropoolgarcia3047","😂😂😂 Maricruz se ganas a todos con astucia","3","2025-06-13T13:18:40Z","2025-06-13T13:18:40Z","True","True","0","0","[]","d_IQDv1S5EI","Marciruz y Octavio se encuentran en el Realengo | Corazón indomable 1/2 | Capítulo 97 | tlnovelas","3","Mais curtidos"
"@FrancheskaOliva-p4e","UCmV3X3C7QCu47ios8C_DmrA","http://www.youtube.com/@FrancheskaOliva-p4e","Me encantó es mi favorita ❤","2","2025-07-07T00:00:50Z","2025-07-07T00:00:50Z","True","True","0","0","[]","d_IQDv1S5EI","Marciruz y Octavio se encuentran en el Realengo | Corazón indomable 1/2 | Capítulo 97 | tlnovelas","3","Mais curtidos"
"@CristinaVegaCristina","UCixb0C3hz04ib2zQJfrWJaw","http://www.youtube.com/@CristinaVegaCristina","🎉❤ la adoro mucho 😅😍","2","2025-02-10T03:26:51Z","2025-02-10T03:26:51Z","True","True","0","0","[]","d_IQDv1S5EI","Marciruz y Octavio se encuentran en el Realengo | Corazón indomable 1/2 | Capítulo 97 | tlnovelas","3","Mais curtidos"
"@Juana-c1t","UCg7GymDh8_HA7juAuJWLJRg","http://www.youtube.com/@Juana-c1t","❤que bonita la novela","2","2024-12-15T21:30:49Z","2024-12-15T21:30:49Z","True","True","0","0","[]","d_IQDv1S5EI","Marciruz y Octavio se encuentran en el Realengo | Corazón indomable 1/2 | Capítulo 97 | tlnovelas","3","Mais curtidos"
"@JuanDiaz-g6m3k","UC01sHT3QQmHH5BWCkGajt4Q","http://www.youtube.com/@JuanDiaz-g6m3k","mi favorita novela laquiero","2","2025-06-08T17:28:56Z","2025-06-08T17:28:56Z","True","True","0","0","[]","d_IQDv1S5EI","Marciruz y Octavio se encuentran en el Realengo | Corazón indomable 1/2 | Capítulo 97 | tlnovelas","3","Mais curtidos"
"@AnaXiomaraRodríguez","UCP24czpwtb2Z5s2cnLM65Fw","http://www.youtube.com/@AnaXiomaraRodr%C3%ADguez","Está muy buena la novela🎉❤❤❤ yo amo esa novela❤❤","1","2025-02-17T13:18:08Z","2025-02-17T13:18:08Z","True","True","0","0","[]","d_IQDv1S5EI","Marciruz y Octavio se encuentran en el Realengo | Corazón indomable 1/2 | Capítulo 97 | tlnovelas","3","Mais curtidos"
"@MaritzaguadalupeBautistaro-l3x","UCep3PpaHJGdKIMJd0Oz1KIg","http://www.youtube.com/@MaritzaguadalupeBautistaro-l3x","Ermosa❤ maricrus❤❤❤ adoro esta novela❤","1","2025-01-25T02:26:29Z","2025-01-25T02:26:29Z","True","True","0","0","[]","d_IQDv1S5EI","Marciruz y Octavio se encuentran en el Realengo | Corazón indomable 1/2 | Capítulo 97 | tlnovelas","3","Mais curtidos"
"@AdrieleVitória-f7g","UCMl07y90AAVuVZFYhabpvbQ","http://www.youtube.com/@AdrieleVit%C3%B3ria-f7g","Eso si. es sierto❤❤❤","1","2025-07-03T01:41:14Z","2025-07-03T01:41:14Z","True","True","0","0","[]","d_IQDv1S5EI","Marciruz y Octavio se encuentran en el Realengo | Corazón indomable 1/2 | Capítulo 97 | tlnovelas","3","Mais curtidos"
"@AngelHilarioBeltran","UCRVgNgOVScxs3UQffmYH5-g","http://www.youtube.com/@AngelHilarioBeltran","José Antonio actúa naquicimo jajajaja 😅","1","2025-08-31T11:27:49Z","2025-08-31T11:27:49Z","True","True","0","0","[]","d_IQDv1S5EI","Marciruz y Octavio se encuentran en el Realengo | Corazón indomable 1/2 | Capítulo 97 | tlnovelas","3","Mais curtidos"
"@rosarionan5804","UCXhYg5w0bymcV3rpE8DrM9g","http://www.youtube.com/@rosarionan5804","Quien lo ve y lo escucha a Miguel hablando de los demàs siendo q està de arrimado en lo de Simona","20","2024-10-07T16:37:36Z","2024-10-07T16:37:36Z","True","True","0","0","[]","d_IQDv1S5EI","Marciruz y Octavio se encuentran en el Realengo | Corazón indomable 1/2 | Capítulo 97 | tlnovelas","4","Mais longos"
"@lilianahaddad7321","UCq4J0sdq-NvDJ4FlwN9Vc_w","http://www.youtube.com/@lilianahaddad7321","La mona nada más se trasquilo el cabello y agarró hombre y se volvió bien m4mona.","36","2023-12-01T03:14:06Z","2023-12-01T03:14:06Z","True","True","0","0","[]","d_IQDv1S5EI","Marciruz y Octavio se encuentran en el Realengo | Corazón indomable 1/2 | Capítulo 97 | tlnovelas","4","Mais longos"
"@MARIANATechera-oy1zc","UCjgBMIGhA1xrzWDVXApo-eA","http://www.youtube.com/@MARIANATechera-oy1zc","Para amigos como jose  Antonio mas vale no tener","10","2024-09-28T18:33:16Z","2024-09-28T18:33:16Z","True","True","0","0","[]","d_IQDv1S5EI","Marciruz y Octavio se encuentran en el Realengo | Corazón indomable 1/2 | Capítulo 97 | tlnovelas","4","Mais longos"
"@AnaXiomaraRodríguez","UCP24czpwtb2Z5s2cnLM65Fw","http://www.youtube.com/@AnaXiomaraRodr%C3%ADguez","Está muy buena la novela🎉❤❤❤ yo amo esa novela❤❤","1","2025-02-17T13:18:08Z","2025-02-17T13:18:08Z","True","True","0","0","[]","d_IQDv1S5EI","Marciruz y Octavio se encuentran en el Realengo | Corazón indomable 1/2 | Capítulo 97 | tlnovelas","4","Mais longos"
"@josealejandropoolgarcia3047","UCn7F-j0DDPEUmb_iAXHcVYw","http://www.youtube.com/@josealejandropoolgarcia3047","😂😂😂 Maricruz se ganas a todos con astucia","3","2025-06-13T13:18:40Z","2025-06-13T13:18:40Z","True","True","0","0","[]","d_IQDv1S5EI","Marciruz y Octavio se encuentran en el Realengo | Corazón indomable 1/2 | Capítulo 97 | tlnovelas","4","Mais longos"
"@AngelHilarioBeltran","UCRVgNgOVScxs3UQffmYH5-g","http://www.youtube.com/@AngelHilarioBeltran","José Antonio actúa naquicimo jajajaja 😅","1","2025-08-31T11:27:49Z","2025-08-31T11:27:49Z","True","True","0","0","[]","d_IQDv1S5EI","Marciruz y Octavio se encuentran en el Realengo | Corazón indomable 1/2 | Capítulo 97 | tlnovelas","4","Mais longos"
"@MaritzaguadalupeBautistaro-l3x","UCep3PpaHJGdKIMJd0Oz1KIg","http://www.youtube.com/@MaritzaguadalupeBautistaro-l3x","Ermosa❤ maricrus❤❤❤ adoro esta novela❤","1","2025-01-25T02:26:29Z","2025-01-25T02:26:29Z","True","True","0","0","[]","d_IQDv1S5EI","Marciruz y Octavio se encuentran en el Realengo | Corazón indomable 1/2 | Capítulo 97 | tlnovelas","4","Mais longos"
"@DarvinAyala-u3e","UCCf-9IAksFk2QvcVK1j6Pow","http://www.youtube.com/@DarvinAyala-u3e","Favorita esta novela😊 laquiero❤❤❤❤❤❤","4","2025-06-01T17:30:26Z","2025-06-01T17:30:26Z","True","True","0","0","[]","d_IQDv1S5EI","Marciruz y Octavio se encuentran en el Realengo | Corazón indomable 1/2 | Capítulo 97 | tlnovelas","4","Mais longos"
"@ElsaMarina-h1s","UCepOEyTViRvN3R_2C_wUMrw","http://www.youtube.com/@ElsaMarina-h1s","Me encanta la novela la amo mucho","14","2024-07-21T04:32:16Z","2024-07-21T04:32:16Z","True","True","2","2","[{'autor': '@AnahiRamírez-x7f', 'comentario': ""L ',pg p,"", 'likes': 0, 'publicado_em': '2025-04-18T00:45:42Z'}, {'autor': '@MilandeIdeyis-i7l', 'comentario': 'Roko', 'likes': 0, 'publicado_em': '2025-08-16T02:04:37Z'}]","d_IQDv1S5EI","Marciruz y Octavio se encuentran en el Realengo | Corazón indomable 1/2 | Capítulo 97 | tlnovelas","4","Mais longos"
"@IngridyanetFloresmurillo","UCyX9-UkMDDWBaruIAT6_IXQ","http://www.youtube.com/@IngridyanetFloresmurillo","Que bella muy linda la novela 😂❤❤","9","2024-09-27T19:18:34Z","2024-09-27T19:18:34Z","True","True","0","0","[]","d_IQDv1S5EI","Marciruz y Octavio se encuentran en el Realengo | Corazón indomable 1/2 | Capítulo 97 | tlnovelas","4","Mais longos"
"@FrancheskaOliva-p4e","UCmV3X3C7QCu47ios8C_DmrA","http://www.youtube.com/@FrancheskaOliva-p4e","Me encantó es mi favorita ❤","2","2025-07-07T00:00:50Z","2025-07-07T00:00:50Z","True","True","0","0","[]","d_IQDv1S5EI","Marciruz y Octavio se encuentran en el Realengo | Corazón indomable 1/2 | Capítulo 97 | tlnovelas","4","Mais longos"
"@JuanDiaz-g6m3k","UC01sHT3QQmHH5BWCkGajt4Q","http://www.youtube.com/@JuanDiaz-g6m3k","mi favorita novela laquiero","2","2025-06-08T17:28:56Z","2025-06-08T17:28:56Z","True","True","0","0","[]","d_IQDv1S5EI","Marciruz y Octavio se encuentran en el Realengo | Corazón indomable 1/2 | Capítulo 97 | tlnovelas","4","Mais longos"
"@brianda-r9n","UCYBuKbnxSvTlqbROrf9YYAQ","http://www.youtube.com/@brianda-r9n","Esta bien bonita la nobela","15","2024-08-14T02:56:15Z","2024-08-14T02:56:15Z","True","True","0","0","[]","d_IQDv1S5EI","Marciruz y Octavio se encuentran en el Realengo | Corazón indomable 1/2 | Capítulo 97 | tlnovelas","4","Mais longos"
"@LuisPeraza-r2w","UCalPfRQXiEM9r7E2bFToq8g","http://www.youtube.com/@LuisPeraza-r2w","La novela es mi favorita ❤","9","2024-10-31T18:27:43Z","2024-10-31T18:27:43Z","True","True","1","1","[{'autor': '@luzelenalopez8144', 'comentario': 'Como se llama la novela?', 'likes': 1, 'publicado_em': '2024-11-03T09:20:04Z'}]","d_IQDv1S5EI","Marciruz y Octavio se encuentran en el Realengo | Corazón indomable 1/2 | Capítulo 97 | tlnovelas","4","Mais longos"
"@mariaauxiliadoraDuarte-b9h","UCQOhXjIbpxVQ8_m7HxOsVBw","http://www.youtube.com/@mariaauxiliadoraDuarte-b9h","Mencanca es mi favorita ❤","4","2025-03-18T14:53:20Z","2025-03-18T14:53:20Z","True","True","0","0","[]","d_IQDv1S5EI","Marciruz y Octavio se encuentran en el Realengo | Corazón indomable 1/2 | Capítulo 97 | tlnovelas","4","Mais longos"
"@YoselinVasque-l7c","UCAIlp3ccrJQ7JSjENFGuFRQ","http://www.youtube.com/@YoselinVasque-l7c","Pero es muy buena novela","10","2024-08-09T03:11:46Z","2024-08-09T03:11:46Z","True","True","0","0","[]","d_IQDv1S5EI","Marciruz y Octavio se encuentran en el Realengo | Corazón indomable 1/2 | Capítulo 97 | tlnovelas","4","Mais longos"
"@CatyGallego-s3f","UCKYRWgRBocH101tZUhIdJFA","http://www.youtube.com/@CatyGallego-s3f","Es mi favorita 😊😊😊😢😮😮❤❤❤","8","2024-10-02T22:41:22Z","2024-10-02T22:41:22Z","True","True","0","0","[]","d_IQDv1S5EI","Marciruz y Octavio se encuentran en el Realengo | Corazón indomable 1/2 | Capítulo 97 | tlnovelas","4","Mais longos"
"@Juana-c1t","UCg7GymDh8_HA7juAuJWLJRg","http://www.youtube.com/@Juana-c1t","❤que bonita la novela","2","2024-12-15T21:30:49Z","2024-12-15T21:30:49Z","True","True","0","0","[]","d_IQDv1S5EI","Marciruz y Octavio se encuentran en el Realengo | Corazón indomable 1/2 | Capítulo 97 | tlnovelas","4","Mais longos"
"@CristinaVegaCristina","UCixb0C3hz04ib2zQJfrWJaw","http://www.youtube.com/@CristinaVegaCristina","🎉❤ la adoro mucho 😅😍","2","2025-02-10T03:26:51Z","2025-02-10T03:26:51Z","True","True","0","0","[]","d_IQDv1S5EI","Marciruz y Octavio se encuentran en el Realengo | Corazón indomable 1/2 | Capítulo 97 | tlnovelas","4","Mais longos"
"@AdrieleVitória-f7g","UCMl07y90AAVuVZFYhabpvbQ","http://www.youtube.com/@AdrieleVit%C3%B3ria-f7g","Eso si. es sierto❤❤❤","1","2025-07-03T01:41:14Z","2025-07-03T01:41:14Z","True","True","0","0","[]","d_IQDv1S5EI","Marciruz y Octavio se encuentran en el Realengo | Corazón indomable 1/2 | Capítulo 97 | tlnovelas","4","Mais longos"
"@AmoOkleber152","UC4EdxQpBuujOkFik6NSBVuw","http://www.youtube.com/@AmoOkleber152","No 2x vira um shit post","1","2025-09-29T15:51:17Z","2025-09-29T15:51:17Z","True","True","0","0","[]","pkmcHlSiL3o","L7NNON x RARE G - REALENGO FREESTYLE 🦍 (Official Video)","1","Mais novos"
"@aladold9984","UC6l_4fDrNIly4XlZXPwWylw","http://www.youtube.com/@aladold9984","Rare G deveria ter tido mais ""tempo de jogo"" nesse beat","0","2025-03-27T22:15:18Z","2025-03-27T22:15:18Z","True","True","0","0","[]","pkmcHlSiL3o","L7NNON x RARE G - REALENGO FREESTYLE 🦍 (Official Video)","1","Mais novos"
"@Demon1800e","UC5m2-UntfCnGuTVyUVAASjw","http://www.youtube.com/@Demon1800e","Poor feeds the poor❤","1","2025-01-13T20:37:42Z","2025-01-13T20:37:42Z","True","True","0","0","[]","pkmcHlSiL3o","L7NNON x RARE G - REALENGO FREESTYLE 🦍 (Official Video)","1","Mais novos"
"@TheDarryl265","UC9zzn3MgdtpOX-7oCeDvOYQ","http://www.youtube.com/@TheDarryl265","👰🏽‍♀️👊🏻👊🏻👰🏽‍♀️👊🏻👊🏻","0","2024-09-01T08:37:25Z","2024-09-01T08:37:25Z","True","True","0","0","[]","pkmcHlSiL3o","L7NNON x RARE G - REALENGO FREESTYLE 🦍 (Official Video)","1","Mais novos"
"@use-p.m.12","UCj5WUTc93htDujMq_XVT9zw","http://www.youtube.com/@use-p.m.12","A voz é maravilhosa de ouvir 
O som da guitarra arrepia 
O toque final do violão com 
A guitarra nossa! Muito  bom. 
Sucesso L7nnon ❤🙌🏻🔥💯","18","2023-04-18T04:52:54Z","2023-04-18T04:52:54Z","True","True","0","0","[]","pkmcHlSiL3o","L7NNON x RARE G - REALENGO FREESTYLE 🦍 (Official Video)","1","Mais novos"
"@ayrespro","UCw5UV9EISbAHZEX5ESk_k5g","http://www.youtube.com/@ayrespro","“Nunca se conforme com a sua atual realidade”","5","2023-02-09T22:27:34Z","2023-02-09T22:27:34Z","True","True","0","0","[]","pkmcHlSiL3o","L7NNON x RARE G - REALENGO FREESTYLE 🦍 (Official Video)","1","Mais novos"
"@m4rvin.dos3","UCIv4e2QZgr9tFTpLUi5clKw","http://www.youtube.com/@m4rvin.dos3","Sair de uma região sem oportunidade como essa e chegar onde o L7 chegou serve de inspiração pra muita gente, voa mlq 🔥","6","2023-02-08T04:01:06Z","2023-02-08T04:01:40Z","True","True","0","0","[]","pkmcHlSiL3o","L7NNON x RARE G - REALENGO FREESTYLE 🦍 (Official Video)","1","Mais novos"
"@byadrianopereira","UCiAETKXlmqEkVyoA7n_-Dyg","http://www.youtube.com/@byadrianopereira","""Nós não vem de berço de ouro, mas nasceu sem medo!"" 🚀🚀","10","2022-12-12T01:31:00Z","2022-12-12T01:31:00Z","True","True","0","0","[]","pkmcHlSiL3o","L7NNON x RARE G - REALENGO FREESTYLE 🦍 (Official Video)","1","Mais novos"
"@diegoleal5311","UC3lx8l-4iiMvkEGaihfH31w","http://www.youtube.com/@diegoleal5311","L7, Rafael Portugal, Diogo Defante, Mumuzinho e outros! Orgulho do meu Bairro REALENGO!","47","2022-12-07T15:42:22Z","2022-12-07T15:42:22Z","True","True","0","0","[]","pkmcHlSiL3o","L7NNON x RARE G - REALENGO FREESTYLE 🦍 (Official Video)","1","Mais novos"
"@Lpsabedoria","UCiuRiSPH-ECSpSlSJ885yKw","http://www.youtube.com/@Lpsabedoria","Para mim l7nnon é o o mais brabo da cena atual.","68","2022-11-13T13:53:44Z","2022-11-13T13:53:44Z","True","True","3","3","[{'autor': '@guilhermefalcao9479', 'comentario': 'Pra min tbm', 'likes': 0, 'publicado_em': '2022-11-20T12:39:38Z'}, {'autor': '@JPGOMES18', 'comentario': 'Não conhece o tchelo ainda ?', 'likes': 0, 'publicado_em': '2022-11-29T14:21:33Z'}, {'autor': '@jocastavitoria6273', 'comentario': 'Desde sempre', 'likes': 0, 'publicado_em': '2022-12-02T13:39:27Z'}]","pkmcHlSiL3o","L7NNON x RARE G - REALENGO FREESTYLE 🦍 (Official Video)","1","Mais novos"
"@danielsilvaferreira4011","UCTVdaUEfa01FGpEKNiXdGFQ","http://www.youtube.com/@danielsilvaferreira4011","Esse beat é foda demais","53","2022-11-05T22:35:07Z","2022-11-05T22:35:07Z","True","True","2","2","[{'autor': '@hiank', 'comentario': 'Clika escuta OBSTINADO', 'likes': 2, 'publicado_em': '2022-11-06T14:33:06Z'}, {'autor': '@francielegalvaolemes3617', 'comentario': '@hiank verdade me responde quando poder gostoso', 'likes': 0, 'publicado_em': '2022-11-22T12:26:16Z'}]","pkmcHlSiL3o","L7NNON x RARE G - REALENGO FREESTYLE 🦍 (Official Video)","1","Mais novos"
"@Elizabeth-nb7mn","UCxP6FVunoUSI_XSFye0Ou9g","http://www.youtube.com/@Elizabeth-nb7mn","Essa tá foda demais❤","10","2022-11-03T19:33:00Z","2022-11-03T19:33:00Z","True","True","0","0","[]","pkmcHlSiL3o","L7NNON x RARE G - REALENGO FREESTYLE 🦍 (Official Video)","1","Mais novos"
"@vnsrocha","UCjiqarlkyQIcLlErDv_VlXQ","http://www.youtube.com/@vnsrocha","Música foda demais, bora compartilhar e curtir para o Youtube parar de cortar o alcance da música ! Curte esse comentário aqui se você já fez sua parte.","46","2022-11-03T17:05:27Z","2022-11-03T17:05:27Z","True","True","0","0","[]","pkmcHlSiL3o","L7NNON x RARE G - REALENGO FREESTYLE 🦍 (Official Video)","1","Mais novos"
"@damata42","UCZvPSZ0r-mhnCgcdMBBAbTA","http://www.youtube.com/@damata42","Deixa o like pra ajudar o L7 ❤️🚀","6","2022-11-02T23:37:14Z","2022-11-02T23:37:14Z","True","True","0","0","[]","pkmcHlSiL3o","L7NNON x RARE G - REALENGO FREESTYLE 🦍 (Official Video)","1","Mais novos"
"@kittrap7795","UCHUmv1YAqZr9yH8UpO1emqA","http://www.youtube.com/@kittrap7795","Ai aiii nos fez de freeee

*ouve MaFavorite*","18","2022-10-30T14:32:58Z","2022-10-30T14:32:58Z","True","True","0","0","[]","pkmcHlSiL3o","L7NNON x RARE G - REALENGO FREESTYLE 🦍 (Official Video)","1","Mais novos"
"@alquimiareal8039","UCPvX4YbDCR_CPXVeNKQh88A","http://www.youtube.com/@alquimiareal8039","Escute ja a musica *MaFavorite*","28","2022-10-30T13:45:03Z","2022-10-30T13:45:03Z","True","True","0","0","[]","pkmcHlSiL3o","L7NNON x RARE G - REALENGO FREESTYLE 🦍 (Official Video)","1","Mais novos"
"@Tr3ndvk","UCrUQA2JxI_qt3-P2yOuVpgg","http://www.youtube.com/@Tr3ndvk","Ouve o som *MaFavorite*","27","2022-10-30T13:22:15Z","2022-10-30T13:22:15Z","True","True","2","2","[{'autor': '@hiank', 'comentario': 'Clika escuta OBSTINADO', 'likes': 0, 'publicado_em': '2022-11-06T14:30:30Z'}, {'autor': '@hiuzymc', 'comentario': 'ô rapaziada, fiz uma música pelo celular q ficou mtt foda pprt, se ceis puderem ir lá dá uma moral, agradeço!\ntó o link:https://youtu.be/A1gGpAEIgn0', 'likes': 0, 'publicado_em': '2022-11-06T23:30:52Z'}]","pkmcHlSiL3o","L7NNON x RARE G - REALENGO FREESTYLE 🦍 (Official Video)","1","Mais novos"
"@1ms_matheus","UCvC9D2QJpXTzHIv1nkwBz1w","http://www.youtube.com/@1ms_matheus","🍷🗿","1","2022-10-25T20:06:58Z","2022-10-25T20:06:58Z","True","True","0","0","[]","pkmcHlSiL3o","L7NNON x RARE G - REALENGO FREESTYLE 🦍 (Official Video)","1","Mais novos"
"@Caioggz","UCVldogn4P28741JJqB6Z33g","http://www.youtube.com/@Caioggz","Zona oeste city !","1","2022-10-25T19:15:21Z","2022-10-25T19:15:21Z","True","True","0","0","[]","pkmcHlSiL3o","L7NNON x RARE G - REALENGO FREESTYLE 🦍 (Official Video)","1","Mais novos"
"@ViniJr-kh4ry","UCSXJzO0F6t6xeD3Jqw2ye9w","http://www.youtube.com/@ViniJr-kh4ry","Erra nunca papai??","1","2022-10-25T19:06:45Z","2022-10-25T19:06:45Z","True","True","0","0","[]","pkmcHlSiL3o","L7NNON x RARE G - REALENGO FREESTYLE 🦍 (Official Video)","1","Mais novos"
"@ViniJr-kh4ry","UCSXJzO0F6t6xeD3Jqw2ye9w","http://www.youtube.com/@ViniJr-kh4ry","Erra nunca papai??","1","2022-10-25T19:06:45Z","2022-10-25T19:06:45Z","True","True","0","0","[]","pkmcHlSiL3o","L7NNON x RARE G - REALENGO FREESTYLE 🦍 (Official Video)","2","Mais antigos"
"@Caioggz","UCVldogn4P28741JJqB6Z33g","http://www.youtube.com/@Caioggz","Zona oeste city !","1","2022-10-25T19:15:21Z","2022-10-25T19:15:21Z","True","True","0","0","[]","pkmcHlSiL3o","L7NNON x RARE G - REALENGO FREESTYLE 🦍 (Official Video)","2","Mais antigos"
"@1ms_matheus","UCvC9D2QJpXTzHIv1nkwBz1w","http://www.youtube.com/@1ms_matheus","🍷🗿","1","2022-10-25T20:06:58Z","2022-10-25T20:06:58Z","True","True","0","0","[]","pkmcHlSiL3o","L7NNON x RARE G - REALENGO FREESTYLE 🦍 (Official Video)","2","Mais antigos"
"@Tr3ndvk","UCrUQA2JxI_qt3-P2yOuVpgg","http://www.youtube.com/@Tr3ndvk","Ouve o som *MaFavorite*","27","2022-10-30T13:22:15Z","2022-10-30T13:22:15Z","True","True","2","2","[{'autor': '@hiank', 'comentario': 'Clika escuta OBSTINADO', 'likes': 0, 'publicado_em': '2022-11-06T14:30:30Z'}, {'autor': '@hiuzymc', 'comentario': 'ô rapaziada, fiz uma música pelo celular q ficou mtt foda pprt, se ceis puderem ir lá dá uma moral, agradeço!\ntó o link:https://youtu.be/A1gGpAEIgn0', 'likes': 0, 'publicado_em': '2022-11-06T23:30:52Z'}]","pkmcHlSiL3o","L7NNON x RARE G - REALENGO FREESTYLE 🦍 (Official Video)","2","Mais antigos"
"@alquimiareal8039","UCPvX4YbDCR_CPXVeNKQh88A","http://www.youtube.com/@alquimiareal8039","Escute ja a musica *MaFavorite*","28","2022-10-30T13:45:03Z","2022-10-30T13:45:03Z","True","True","0","0","[]","pkmcHlSiL3o","L7NNON x RARE G - REALENGO FREESTYLE 🦍 (Official Video)","2","Mais antigos"
"@kittrap7795","UCHUmv1YAqZr9yH8UpO1emqA","http://www.youtube.com/@kittrap7795","Ai aiii nos fez de freeee

*ouve MaFavorite*","18","2022-10-30T14:32:58Z","2022-10-30T14:32:58Z","True","True","0","0","[]","pkmcHlSiL3o","L7NNON x RARE G - REALENGO FREESTYLE 🦍 (Official Video)","2","Mais antigos"
"@damata42","UCZvPSZ0r-mhnCgcdMBBAbTA","http://www.youtube.com/@damata42","Deixa o like pra ajudar o L7 ❤️🚀","6","2022-11-02T23:37:14Z","2022-11-02T23:37:14Z","True","True","0","0","[]","pkmcHlSiL3o","L7NNON x RARE G - REALENGO FREESTYLE 🦍 (Official Video)","2","Mais antigos"
"@vnsrocha","UCjiqarlkyQIcLlErDv_VlXQ","http://www.youtube.com/@vnsrocha","Música foda demais, bora compartilhar e curtir para o Youtube parar de cortar o alcance da música ! Curte esse comentário aqui se você já fez sua parte.","46","2022-11-03T17:05:27Z","2022-11-03T17:05:27Z","True","True","0","0","[]","pkmcHlSiL3o","L7NNON x RARE G - REALENGO FREESTYLE 🦍 (Official Video)","2","Mais antigos"
"@Elizabeth-nb7mn","UCxP6FVunoUSI_XSFye0Ou9g","http://www.youtube.com/@Elizabeth-nb7mn","Essa tá foda demais❤","10","2022-11-03T19:33:00Z","2022-11-03T19:33:00Z","True","True","0","0","[]","pkmcHlSiL3o","L7NNON x RARE G - REALENGO FREESTYLE 🦍 (Official Video)","2","Mais antigos"
"@danielsilvaferreira4011","UCTVdaUEfa01FGpEKNiXdGFQ","http://www.youtube.com/@danielsilvaferreira4011","Esse beat é foda demais","53","2022-11-05T22:35:07Z","2022-11-05T22:35:07Z","True","True","2","2","[{'autor': '@hiank', 'comentario': 'Clika escuta OBSTINADO', 'likes': 2, 'publicado_em': '2022-11-06T14:33:06Z'}, {'autor': '@francielegalvaolemes3617', 'comentario': '@hiank verdade me responde quando poder gostoso', 'likes': 0, 'publicado_em': '2022-11-22T12:26:16Z'}]","pkmcHlSiL3o","L7NNON x RARE G - REALENGO FREESTYLE 🦍 (Official Video)","2","Mais antigos"
"@Lpsabedoria","UCiuRiSPH-ECSpSlSJ885yKw","http://www.youtube.com/@Lpsabedoria","Para mim l7nnon é o o mais brabo da cena atual.","68","2022-11-13T13:53:44Z","2022-11-13T13:53:44Z","True","True","3","3","[{'autor': '@guilhermefalcao9479', 'comentario': 'Pra min tbm', 'likes': 0, 'publicado_em': '2022-11-20T12:39:38Z'}, {'autor': '@JPGOMES18', 'comentario': 'Não conhece o tchelo ainda ?', 'likes': 0, 'publicado_em': '2022-11-29T14:21:33Z'}, {'autor': '@jocastavitoria6273', 'comentario': 'Desde sempre', 'likes': 0, 'publicado_em': '2022-12-02T13:39:27Z'}]","pkmcHlSiL3o","L7NNON x RARE G - REALENGO FREESTYLE 🦍 (Official Video)","2","Mais antigos"
"@diegoleal5311","UC3lx8l-4iiMvkEGaihfH31w","http://www.youtube.com/@diegoleal5311","L7, Rafael Portugal, Diogo Defante, Mumuzinho e outros! Orgulho do meu Bairro REALENGO!","47","2022-12-07T15:42:22Z","2022-12-07T15:42:22Z","True","True","0","0","[]","pkmcHlSiL3o","L7NNON x RARE G - REALENGO FREESTYLE 🦍 (Official Video)","2","Mais antigos"
"@byadrianopereira","UCiAETKXlmqEkVyoA7n_-Dyg","http://www.youtube.com/@byadrianopereira","""Nós não vem de berço de ouro, mas nasceu sem medo!"" 🚀🚀","10","2022-12-12T01:31:00Z","2022-12-12T01:31:00Z","True","True","0","0","[]","pkmcHlSiL3o","L7NNON x RARE G - REALENGO FREESTYLE 🦍 (Official Video)","2","Mais antigos"
"@m4rvin.dos3","UCIv4e2QZgr9tFTpLUi5clKw","http://www.youtube.com/@m4rvin.dos3","Sair de uma região sem oportunidade como essa e chegar onde o L7 chegou serve de inspiração pra muita gente, voa mlq 🔥","6","2023-02-08T04:01:06Z","2023-02-08T04:01:40Z","True","True","0","0","[]","pkmcHlSiL3o","L7NNON x RARE G - REALENGO FREESTYLE 🦍 (Official Video)","2","Mais antigos"
"@ayrespro","UCw5UV9EISbAHZEX5ESk_k5g","http://www.youtube.com/@ayrespro","“Nunca se conforme com a sua atual realidade”","5","2023-02-09T22:27:34Z","2023-02-09T22:27:34Z","True","True","0","0","[]","pkmcHlSiL3o","L7NNON x RARE G - REALENGO FREESTYLE 🦍 (Official Video)","2","Mais antigos"
"@use-p.m.12","UCj5WUTc93htDujMq_XVT9zw","http://www.youtube.com/@use-p.m.12","A voz é maravilhosa de ouvir 
O som da guitarra arrepia 
O toque final do violão com 
A guitarra nossa! Muito  bom. 
Sucesso L7nnon ❤🙌🏻🔥💯","18","2023-04-18T04:52:54Z","2023-04-18T04:52:54Z","True","True","0","0","[]","pkmcHlSiL3o","L7NNON x RARE G - REALENGO FREESTYLE 🦍 (Official Video)","2","Mais antigos"
"@TheDarryl265","UC9zzn3MgdtpOX-7oCeDvOYQ","http://www.youtube.com/@TheDarryl265","👰🏽‍♀️👊🏻👊🏻👰🏽‍♀️👊🏻👊🏻","0","2024-09-01T08:37:25Z","2024-09-01T08:37:25Z","True","True","0","0","[]","pkmcHlSiL3o","L7NNON x RARE G - REALENGO FREESTYLE 🦍 (Official Video)","2","Mais antigos"
"@Demon1800e","UC5m2-UntfCnGuTVyUVAASjw","http://www.youtube.com/@Demon1800e","Poor feeds the poor❤","1","2025-01-13T20:37:42Z","2025-01-13T20:37:42Z","True","True","0","0","[]","pkmcHlSiL3o","L7NNON x RARE G - REALENGO FREESTYLE 🦍 (Official Video)","2","Mais antigos"
"@aladold9984","UC6l_4fDrNIly4XlZXPwWylw","http://www.youtube.com/@aladold9984","Rare G deveria ter tido mais ""tempo de jogo"" nesse beat","0","2025-03-27T22:15:18Z","2025-03-27T22:15:18Z","True","True","0","0","[]","pkmcHlSiL3o","L7NNON x RARE G - REALENGO FREESTYLE 🦍 (Official Video)","2","Mais antigos"
"@AmoOkleber152","UC4EdxQpBuujOkFik6NSBVuw","http://www.youtube.com/@AmoOkleber152","No 2x vira um shit post","1","2025-09-29T15:51:17Z","2025-09-29T15:51:17Z","True","True","0","0","[]","pkmcHlSiL3o","L7NNON x RARE G - REALENGO FREESTYLE 🦍 (Official Video)","2","Mais antigos"
"@Lpsabedoria","UCiuRiSPH-ECSpSlSJ885yKw","http://www.youtube.com/@Lpsabedoria","Para mim l7nnon é o o mais brabo da cena atual.","68","2022-11-13T13:53:44Z","2022-11-13T13:53:44Z","True","True","3","3","[{'autor': '@guilhermefalcao9479', 'comentario': 'Pra min tbm', 'likes': 0, 'publicado_em': '2022-11-20T12:39:38Z'}, {'autor': '@JPGOMES18', 'comentario': 'Não conhece o tchelo ainda ?', 'likes': 0, 'publicado_em': '2022-11-29T14:21:33Z'}, {'autor': '@jocastavitoria6273', 'comentario': 'Desde sempre', 'likes': 0, 'publicado_em': '2022-12-02T13:39:27Z'}]","pkmcHlSiL3o","L7NNON x RARE G - REALENGO FREESTYLE 🦍 (Official Video)","3","Mais curtidos"
"@danielsilvaferreira4011","UCTVdaUEfa01FGpEKNiXdGFQ","http://www.youtube.com/@danielsilvaferreira4011","Esse beat é foda demais","53","2022-11-05T22:35:07Z","2022-11-05T22:35:07Z","True","True","2","2","[{'autor': '@hiank', 'comentario': 'Clika escuta OBSTINADO', 'likes': 2, 'publicado_em': '2022-11-06T14:33:06Z'}, {'autor': '@francielegalvaolemes3617', 'comentario': '@hiank verdade me responde quando poder gostoso', 'likes': 0, 'publicado_em': '2022-11-22T12:26:16Z'}]","pkmcHlSiL3o","L7NNON x RARE G - REALENGO FREESTYLE 🦍 (Official Video)","3","Mais curtidos"
"@diegoleal5311","UC3lx8l-4iiMvkEGaihfH31w","http://www.youtube.com/@diegoleal5311","L7, Rafael Portugal, Diogo Defante, Mumuzinho e outros! Orgulho do meu Bairro REALENGO!","47","2022-12-07T15:42:22Z","2022-12-07T15:42:22Z","True","True","0","0","[]","pkmcHlSiL3o","L7NNON x RARE G - REALENGO FREESTYLE 🦍 (Official Video)","3","Mais curtidos"
"@vnsrocha","UCjiqarlkyQIcLlErDv_VlXQ","http://www.youtube.com/@vnsrocha","Música foda demais, bora compartilhar e curtir para o Youtube parar de cortar o alcance da música ! Curte esse comentário aqui se você já fez sua parte.","46","2022-11-03T17:05:27Z","2022-11-03T17:05:27Z","True","True","0","0","[]","pkmcHlSiL3o","L7NNON x RARE G - REALENGO FREESTYLE 🦍 (Official Video)","3","Mais curtidos"
"@alquimiareal8039","UCPvX4YbDCR_CPXVeNKQh88A","http://www.youtube.com/@alquimiareal8039","Escute ja a musica *MaFavorite*","28","2022-10-30T13:45:03Z","2022-10-30T13:45:03Z","True","True","0","0","[]","pkmcHlSiL3o","L7NNON x RARE G - REALENGO FREESTYLE 🦍 (Official Video)","3","Mais curtidos"
"@Tr3ndvk","UCrUQA2JxI_qt3-P2yOuVpgg","http://www.youtube.com/@Tr3ndvk","Ouve o som *MaFavorite*","27","2022-10-30T13:22:15Z","2022-10-30T13:22:15Z","True","True","2","2","[{'autor': '@hiank', 'comentario': 'Clika escuta OBSTINADO', 'likes': 0, 'publicado_em': '2022-11-06T14:30:30Z'}, {'autor': '@hiuzymc', 'comentario': 'ô rapaziada, fiz uma música pelo celular q ficou mtt foda pprt, se ceis puderem ir lá dá uma moral, agradeço!\ntó o link:https://youtu.be/A1gGpAEIgn0', 'likes': 0, 'publicado_em': '2022-11-06T23:30:52Z'}]","pkmcHlSiL3o","L7NNON x RARE G - REALENGO FREESTYLE 🦍 (Official Video)","3","Mais curtidos"
"@kittrap7795","UCHUmv1YAqZr9yH8UpO1emqA","http://www.youtube.com/@kittrap7795","Ai aiii nos fez de freeee

*ouve MaFavorite*","18","2022-10-30T14:32:58Z","2022-10-30T14:32:58Z","True","True","0","0","[]","pkmcHlSiL3o","L7NNON x RARE G - REALENGO FREESTYLE 🦍 (Official Video)","3","Mais curtidos"
"@use-p.m.12","UCj5WUTc93htDujMq_XVT9zw","http://www.youtube.com/@use-p.m.12","A voz é maravilhosa de ouvir 
O som da guitarra arrepia 
O toque final do violão com 
A guitarra nossa! Muito  bom. 
Sucesso L7nnon ❤🙌🏻🔥💯","18","2023-04-18T04:52:54Z","2023-04-18T04:52:54Z","True","True","0","0","[]","pkmcHlSiL3o","L7NNON x RARE G - REALENGO FREESTYLE 🦍 (Official Video)","3","Mais curtidos"
"@byadrianopereira","UCiAETKXlmqEkVyoA7n_-Dyg","http://www.youtube.com/@byadrianopereira","""Nós não vem de berço de ouro, mas nasceu sem medo!"" 🚀🚀","10","2022-12-12T01:31:00Z","2022-12-12T01:31:00Z","True","True","0","0","[]","pkmcHlSiL3o","L7NNON x RARE G - REALENGO FREESTYLE 🦍 (Official Video)","3","Mais curtidos"
"@Elizabeth-nb7mn","UCxP6FVunoUSI_XSFye0Ou9g","http://www.youtube.com/@Elizabeth-nb7mn","Essa tá foda demais❤","10","2022-11-03T19:33:00Z","2022-11-03T19:33:00Z","True","True","0","0","[]","pkmcHlSiL3o","L7NNON x RARE G - REALENGO FREESTYLE 🦍 (Official Video)","3","Mais curtidos"
"@damata42","UCZvPSZ0r-mhnCgcdMBBAbTA","http://www.youtube.com/@damata42","Deixa o like pra ajudar o L7 ❤️🚀","6","2022-11-02T23:37:14Z","2022-11-02T23:37:14Z","True","True","0","0","[]","pkmcHlSiL3o","L7NNON x RARE G - REALENGO FREESTYLE 🦍 (Official Video)","3","Mais curtidos"
"@m4rvin.dos3","UCIv4e2QZgr9tFTpLUi5clKw","http://www.youtube.com/@m4rvin.dos3","Sair de uma região sem oportunidade como essa e chegar onde o L7 chegou serve de inspiração pra muita gente, voa mlq 🔥","6","2023-02-08T04:01:06Z","2023-02-08T04:01:40Z","True","True","0","0","[]","pkmcHlSiL3o","L7NNON x RARE G - REALENGO FREESTYLE 🦍 (Official Video)","3","Mais curtidos"
"@ayrespro","UCw5UV9EISbAHZEX5ESk_k5g","http://www.youtube.com/@ayrespro","“Nunca se conforme com a sua atual realidade”","5","2023-02-09T22:27:34Z","2023-02-09T22:27:34Z","True","True","0","0","[]","pkmcHlSiL3o","L7NNON x RARE G - REALENGO FREESTYLE 🦍 (Official Video)","3","Mais curtidos"
"@Demon1800e","UC5m2-UntfCnGuTVyUVAASjw","http://www.youtube.com/@Demon1800e","Poor feeds the poor❤","1","2025-01-13T20:37:42Z","2025-01-13T20:37:42Z","True","True","0","0","[]","pkmcHlSiL3o","L7NNON x RARE G - REALENGO FREESTYLE 🦍 (Official Video)","3","Mais curtidos"
"@AmoOkleber152","UC4EdxQpBuujOkFik6NSBVuw","http://www.youtube.com/@AmoOkleber152","No 2x vira um shit post","1","2025-09-29T15:51:17Z","2025-09-29T15:51:17Z","True","True","0","0","[]","pkmcHlSiL3o","L7NNON x RARE G - REALENGO FREESTYLE 🦍 (Official Video)","3","Mais curtidos"
"@1ms_matheus","UCvC9D2QJpXTzHIv1nkwBz1w","http://www.youtube.com/@1ms_matheus","🍷🗿","1","2022-10-25T20:06:58Z","2022-10-25T20:06:58Z","True","True","0","0","[]","pkmcHlSiL3o","L7NNON x RARE G - REALENGO FREESTYLE 🦍 (Official Video)","3","Mais curtidos"
"@Caioggz","UCVldogn4P28741JJqB6Z33g","http://www.youtube.com/@Caioggz","Zona oeste city !","1","2022-10-25T19:15:21Z","2022-10-25T19:15:21Z","True","True","0","0","[]","pkmcHlSiL3o","L7NNON x RARE G - REALENGO FREESTYLE 🦍 (Official Video)","3","Mais curtidos"
"@ViniJr-kh4ry","UCSXJzO0F6t6xeD3Jqw2ye9w","http://www.youtube.com/@ViniJr-kh4ry","Erra nunca papai??","1","2022-10-25T19:06:45Z","2022-10-25T19:06:45Z","True","True","0","0","[]","pkmcHlSiL3o","L7NNON x RARE G - REALENGO FREESTYLE 🦍 (Official Video)","3","Mais curtidos"
"@aladold9984","UC6l_4fDrNIly4XlZXPwWylw","http://www.youtube.com/@aladold9984","Rare G deveria ter tido mais ""tempo de jogo"" nesse beat","0","2025-03-27T22:15:18Z","2025-03-27T22:15:18Z","True","True","0","0","[]","pkmcHlSiL3o","L7NNON x RARE G - REALENGO FREESTYLE 🦍 (Official Video)","3","Mais curtidos"
"@TheDarryl265","UC9zzn3MgdtpOX-7oCeDvOYQ","http://www.youtube.com/@TheDarryl265","👰🏽‍♀️👊🏻👊🏻👰🏽‍♀️👊🏻👊🏻","0","2024-09-01T08:37:25Z","2024-09-01T08:37:25Z","True","True","0","0","[]","pkmcHlSiL3o","L7NNON x RARE G - REALENGO FREESTYLE 🦍 (Official Video)","3","Mais curtidos"
"@vnsrocha","UCjiqarlkyQIcLlErDv_VlXQ","http://www.youtube.com/@vnsrocha","Música foda demais, bora compartilhar e curtir para o Youtube parar de cortar o alcance da música ! Curte esse comentário aqui se você já fez sua parte.","46","2022-11-03T17:05:27Z","2022-11-03T17:05:27Z","True","True","0","0","[]","pkmcHlSiL3o","L7NNON x RARE G - REALENGO FREESTYLE 🦍 (Official Video)","4","Mais longos"
"@use-p.m.12","UCj5WUTc93htDujMq_XVT9zw","http://www.youtube.com/@use-p.m.12","A voz é maravilhosa de ouvir 
O som da guitarra arrepia 
O toque final do violão com 
A guitarra nossa! Muito  bom. 
Sucesso L7nnon ❤🙌🏻🔥💯","18","2023-04-18T04:52:54Z","2023-04-18T04:52:54Z","True","True","0","0","[]","pkmcHlSiL3o","L7NNON x RARE G - REALENGO FREESTYLE 🦍 (Official Video)","4","Mais longos"
"@m4rvin.dos3","UCIv4e2QZgr9tFTpLUi5clKw","http://www.youtube.com/@m4rvin.dos3","Sair de uma região sem oportunidade como essa e chegar onde o L7 chegou serve de inspiração pra muita gente, voa mlq 🔥","6","2023-02-08T04:01:06Z","2023-02-08T04:01:40Z","True","True","0","0","[]","pkmcHlSiL3o","L7NNON x RARE G - REALENGO FREESTYLE 🦍 (Official Video)","4","Mais longos"
"@diegoleal5311","UC3lx8l-4iiMvkEGaihfH31w","http://www.youtube.com/@diegoleal5311","L7, Rafael Portugal, Diogo Defante, Mumuzinho e outros! Orgulho do meu Bairro REALENGO!","47","2022-12-07T15:42:22Z","2022-12-07T15:42:22Z","True","True","0","0","[]","pkmcHlSiL3o","L7NNON x RARE G - REALENGO FREESTYLE 🦍 (Official Video)","4","Mais longos"
"@byadrianopereira","UCiAETKXlmqEkVyoA7n_-Dyg","http://www.youtube.com/@byadrianopereira","""Nós não vem de berço de ouro, mas nasceu sem medo!"" 🚀🚀","10","2022-12-12T01:31:00Z","2022-12-12T01:31:00Z","True","True","0","0","[]","pkmcHlSiL3o","L7NNON x RARE G - REALENGO FREESTYLE 🦍 (Official Video)","4","Mais longos"
"@aladold9984","UC6l_4fDrNIly4XlZXPwWylw","http://www.youtube.com/@aladold9984","Rare G deveria ter tido mais ""tempo de jogo"" nesse beat","0","2025-03-27T22:15:18Z","2025-03-27T22:15:18Z","True","True","0","0","[]","pkmcHlSiL3o","L7NNON x RARE G - REALENGO FREESTYLE 🦍 (Official Video)","4","Mais longos"
"@Lpsabedoria","UCiuRiSPH-ECSpSlSJ885yKw","http://www.youtube.com/@Lpsabedoria","Para mim l7nnon é o o mais brabo da cena atual.","68","2022-11-13T13:53:44Z","2022-11-13T13:53:44Z","True","True","3","3","[{'autor': '@guilhermefalcao9479', 'comentario': 'Pra min tbm', 'likes': 0, 'publicado_em': '2022-11-20T12:39:38Z'}, {'autor': '@JPGOMES18', 'comentario': 'Não conhece o tchelo ainda ?', 'likes': 0, 'publicado_em': '2022-11-29T14:21:33Z'}, {'autor': '@jocastavitoria6273', 'comentario': 'Desde sempre', 'likes': 0, 'publicado_em': '2022-12-02T13:39:27Z'}]","pkmcHlSiL3o","L7NNON x RARE G - REALENGO FREESTYLE 🦍 (Official Video)","4","Mais longos"
"@ayrespro","UCw5UV9EISbAHZEX5ESk_k5g","http://www.youtube.com/@ayrespro","“Nunca se conforme com a sua atual realidade”","5","2023-02-09T22:27:34Z","2023-02-09T22:27:34Z","True","True","0","0","[]","pkmcHlSiL3o","L7NNON x RARE G - REALENGO FREESTYLE 🦍 (Official Video)","4","Mais longos"
"@kittrap7795","UCHUmv1YAqZr9yH8UpO1emqA","http://www.youtube.com/@kittrap7795","Ai aiii nos fez de freeee

*ouve MaFavorite*","18","2022-10-30T14:32:58Z","2022-10-30T14:32:58Z","True","True","0","0","[]","pkmcHlSiL3o","L7NNON x RARE G - REALENGO FREESTYLE 🦍 (Official Video)","4","Mais longos"
"@damata42","UCZvPSZ0r-mhnCgcdMBBAbTA","http://www.youtube.com/@damata42","Deixa o like pra ajudar o L7 ❤️🚀","6","2022-11-02T23:37:14Z","2022-11-02T23:37:14Z","True","True","0","0","[]","pkmcHlSiL3o","L7NNON x RARE G - REALENGO FREESTYLE 🦍 (Official Video)","4","Mais longos"
"@alquimiareal8039","UCPvX4YbDCR_CPXVeNKQh88A","http://www.youtube.com/@alquimiareal8039","Escute ja a musica *MaFavorite*","28","2022-10-30T13:45:03Z","2022-10-30T13:45:03Z","True","True","0","0","[]","pkmcHlSiL3o","L7NNON x RARE G - REALENGO FREESTYLE 🦍 (Official Video)","4","Mais longos"
"@danielsilvaferreira4011","UCTVdaUEfa01FGpEKNiXdGFQ","http://www.youtube.com/@danielsilvaferreira4011","Esse beat é foda demais","53","2022-11-05T22:35:07Z","2022-11-05T22:35:07Z","True","True","2","2","[{'autor': '@hiank', 'comentario': 'Clika escuta OBSTINADO', 'likes': 2, 'publicado_em': '2022-11-06T14:33:06Z'}, {'autor': '@francielegalvaolemes3617', 'comentario': '@hiank verdade me responde quando poder gostoso', 'likes': 0, 'publicado_em': '2022-11-22T12:26:16Z'}]","pkmcHlSiL3o","L7NNON x RARE G - REALENGO FREESTYLE 🦍 (Official Video)","4","Mais longos"
"@Tr3ndvk","UCrUQA2JxI_qt3-P2yOuVpgg","http://www.youtube.com/@Tr3ndvk","Ouve o som *MaFavorite*","27","2022-10-30T13:22:15Z","2022-10-30T13:22:15Z","True","True","2","2","[{'autor': '@hiank', 'comentario': 'Clika escuta OBSTINADO', 'likes': 0, 'publicado_em': '2022-11-06T14:30:30Z'}, {'autor': '@hiuzymc', 'comentario': 'ô rapaziada, fiz uma música pelo celular q ficou mtt foda pprt, se ceis puderem ir lá dá uma moral, agradeço!\ntó o link:https://youtu.be/A1gGpAEIgn0', 'likes': 0, 'publicado_em': '2022-11-06T23:30:52Z'}]","pkmcHlSiL3o","L7NNON x RARE G - REALENGO FREESTYLE 🦍 (Official Video)","4","Mais longos"
"@AmoOkleber152","UC4EdxQpBuujOkFik6NSBVuw","http://www.youtube.com/@AmoOkleber152","No 2x vira um shit post","1","2025-09-29T15:51:17Z","2025-09-29T15:51:17Z","True","True","0","0","[]","pkmcHlSiL3o","L7NNON x RARE G - REALENGO FREESTYLE 🦍 (Official Video)","4","Mais longos"
"@Elizabeth-nb7mn","UCxP6FVunoUSI_XSFye0Ou9g","http://www.youtube.com/@Elizabeth-nb7mn","Essa tá foda demais❤","10","2022-11-03T19:33:00Z","2022-11-03T19:33:00Z","True","True","0","0","[]","pkmcHlSiL3o","L7NNON x RARE G - REALENGO FREESTYLE 🦍 (Official Video)","4","Mais longos"
"@Demon1800e","UC5m2-UntfCnGuTVyUVAASjw","http://www.youtube.com/@Demon1800e","Poor feeds the poor❤","1","2025-01-13T20:37:42Z","2025-01-13T20:37:42Z","True","True","0","0","[]","pkmcHlSiL3o","L7NNON x RARE G - REALENGO FREESTYLE 🦍 (Official Video)","4","Mais longos"
"@ViniJr-kh4ry","UCSXJzO0F6t6xeD3Jqw2ye9w","http://www.youtube.com/@ViniJr-kh4ry","Erra nunca papai??","1","2022-10-25T19:06:45Z","2022-10-25T19:06:45Z","True","True","0","0","[]","pkmcHlSiL3o","L7NNON x RARE G - REALENGO FREESTYLE 🦍 (Official Video)","4","Mais longos"
"@TheDarryl265","UC9zzn3MgdtpOX-7oCeDvOYQ","http://www.youtube.com/@TheDarryl265","👰🏽‍♀️👊🏻👊🏻👰🏽‍♀️👊🏻👊🏻","0","2024-09-01T08:37:25Z","2024-09-01T08:37:25Z","True","True","0","0","[]","pkmcHlSiL3o","L7NNON x RARE G - REALENGO FREESTYLE 🦍 (Official Video)","4","Mais longos"
"@Caioggz","UCVldogn4P28741JJqB6Z33g","http://www.youtube.com/@Caioggz","Zona oeste city !","1","2022-10-25T19:15:21Z","2022-10-25T19:15:21Z","True","True","0","0","[]","pkmcHlSiL3o","L7NNON x RARE G - REALENGO FREESTYLE 🦍 (Official Video)","4","Mais longos"
"@1ms_matheus","UCvC9D2QJpXTzHIv1nkwBz1w","http://www.youtube.com/@1ms_matheus","🍷🗿","1","2022-10-25T20:06:58Z","2022-10-25T20:06:58Z","True","True","0","0","[]","pkmcHlSiL3o","L7NNON x RARE G - REALENGO FREESTYLE 🦍 (Official Video)","4","Mais longos"
"@Pontogeno","UCm-e1NbDu9c2ZrJDF3CYmig","http://www.youtube.com/@Pontogeno","22:09 ""Wellington foi sepultado sozinho em uma cova sem lapide ou identificação. Nenhuma de suas solicitações em sua carta final foram atendidas."" Oloco.","79","2025-09-22T22:18:02Z","2025-09-22T22:18:02Z","True","True","5","5","[{'autor': '@gfxgfsgfg', 'comentario': 'Quer ir la levar flores pro santinho?', 'likes': 0, 'publicado_em': '2025-10-08T13:45:09Z'}, {'autor': '@Pontogeno', 'comentario': '@gfxgfsgfg Não é isso, man. Tu não entendeu o que eu quis dizer. É tipo que é brutal. Me imaginei em algo assim semelhante e senti um peso do krl.', 'likes': 12, 'publicado_em': '2025-10-08T16:09:51Z'}, {'autor': '@Jovem_Visionario2025', 'comentario': '\u200b@Pontogenonao precisa se justificar amigo, nem sempre que mao te entende precisa de entender', 'likes': 14, 'publicado_em': '2025-10-09T02:44:54Z'}, {'autor': '@AlessonSantos-m5k', 'comentario': 'O cara só fez um comentário seu idiota', 'likes': 0, 'publicado_em': '2025-10-23T12:34:35Z'}, {'autor': '@ZanellaCriaNaVoz', 'comentario': '\u200b@gfxgfsgfgÉ Você Pra Crianças Que Morreu Mlk', 'likes': 0, 'publicado_em': '2025-11-15T06:01:59Z'}]","oswjwK2OAu4","O MASSACRE DE REALENGO - WELLINGTON MENEZES DE OLIVEIRA","1","Mais novos"
"@Ghostcat69w","UCV45chrDZzoGzfnuznbM1Ww","http://www.youtube.com/@Ghostcat69w","Julho de 2025, um adolescente que foi morto por vários alunos após reagir ao bullying. Cadê o pessoal falando dos assassinos? Engraçado que só vira notícia na mídia quando a arma dispara no colégio...","70","2025-07-31T17:38:48Z","2025-07-31T17:38:48Z","True","True","2","2","[{'autor': '@Samuelovelhas', 'comentario': 'Julho?', 'likes': 2, 'publicado_em': '2025-08-02T11:52:42Z'}, {'autor': '@pedrogabrielduarte4544', 'comentario': '\u200b@Samuelovelhasisso foi a pouco tempo', 'likes': 4, 'publicado_em': '2025-09-12T17:22:52Z'}]","oswjwK2OAu4","O MASSACRE DE REALENGO - WELLINGTON MENEZES DE OLIVEIRA","1","Mais novos"
"@joycettm","UCqqUZhCEf06tzWIcNF4CA0Q","http://www.youtube.com/@joycettm","Sofrer bullyng é horrível, humilhante, só quem já sofreu sabe. Tenho traumas até hj.","197","2024-08-10T15:10:30Z","2024-08-10T15:10:30Z","True","True","16","5","[{'autor': '@nettovieira547', 'comentario': 'eu entendo vc perfeitamente amiga , sofri muito porque na época eu era muito magro e não sinto piedade de quem pratica bullyng, foi pouco pra eles , pais e professores também são culpados por serem omissos', 'likes': 9, 'publicado_em': '2025-01-07T17:19:07Z'}, {'autor': '@joycettm', 'comentario': '@nettovieira547\xa0 no meu caso era pq eu era muito quieta, na minha sabe? Me chamavam das piores coisas possíveis e me excluiam de TUDO. Eu me sentia um lixo.\nEspero que você esteja melhor dos traumas do passado. E você tem razão, os pais e professores muitas vezes não tão nem aí.', 'likes': 5, 'publicado_em': '2025-01-08T16:24:08Z'}, {'autor': '@ESSEÉMEUARROBA', 'comentario': '@nettovieira547 eai palito de picole', 'likes': 3, 'publicado_em': '2025-02-24T20:27:01Z'}, {'autor': '@ESSEÉMEUARROBA', 'comentario': '@joycettm eai voz do silencio, modo avião, carro eletrico, espuma acústica, equalizadora, inimiga do telemarketing', 'likes': 5, 'publicado_em': '2025-02-24T20:29:57Z'}, {'autor': '@BACACBF', 'comentario': 'Verdade.......é muito marcante', 'likes': 1, 'publicado_em': '2025-04-02T15:17:16Z'}]","oswjwK2OAu4","O MASSACRE DE REALENGO - WELLINGTON MENEZES DE OLIVEIRA","1","Mais novos"
"@Estreladecuratarot","UCui8y3XaiHgtrenCSld-7_A","http://www.youtube.com/@Estreladecuratarot","Só vi dor no olhar desse jovem , adolescentes são cruéis, mais ele escolheu o caminho de ainda mais dor .","80","2024-07-19T21:38:34Z","2024-07-19T21:38:34Z","True","True","1","1","[{'autor': '@Débora_Onep', 'comentario': 'dor porra nenhuma, se matasse já que estava cheio de dor, matar crianças inocentes é covardia, ridículo defender um bosta desse 😡', 'likes': 0, 'publicado_em': '2025-04-11T12:30:56Z'}]","oswjwK2OAu4","O MASSACRE DE REALENGO - WELLINGTON MENEZES DE OLIVEIRA","1","Mais novos"
"@b4brnnrnrnzeu329","UC3bnFCnnEy5ef1XwnvCIBOg","http://www.youtube.com/@b4brnnrnrnzeu329","Os vermes que fizeram bullyng com o Wellington, também tem o sangue dessas crianças em suas mãos.","200","2024-07-14T00:41:54Z","2024-07-14T00:41:54Z","True","True","22","5","[{'autor': '@felipegatti773', 'comentario': 'A responsabilidade é toda do Wellington seu merda. Conheço gente que sofreu muito mais que esse lixo e nem por isso fez o que ele fez. Se ele fosse homem ele teria ido atrás de quem fez bullying com ele, não ter ido atrás de crianças, não tente tirar a responsabilidade de um covarde de merda desses.', 'likes': 1, 'publicado_em': '2024-08-12T17:53:52Z'}, {'autor': '@felipeccardoso31', 'comentario': 'Papo furado quantos no mundo já sofreram bullying pior que ele??.. , mesmo assim  se tornaram grandes e boas pessoas no futuro.. nada justifica a morte de quem fez Bullying com ele , tão igualmente que não fez nada a ""Ele""', 'likes': 11, 'publicado_em': '2024-08-31T00:49:17Z'}, {'autor': '@RafaelAdson-nl6se', 'comentario': '@felipeccardoso31 Cada um reage de um jeito, mas nao significa que o não bullying influenciou ele.', 'likes': 28, 'publicado_em': '2024-09-02T16:45:50Z'}, {'autor': '@felipeccardoso31', 'comentario': '@RafaelAdson-nl6se  tirar vidas de pessoas que não fez nada a ele é a reação certa ???  Me poupe cara com esse papo burguês..', 'likes': 4, 'publicado_em': '2024-09-02T21:22:16Z'}, {'autor': '@RafaelAdson-nl6se', 'comentario': '@felipeccardoso31 Amigo, mostre aí onde eu falo que matar é a reação certa, falei que o bullying influenciou, mesmo assim não justifica, mas influenciou. Bora melhorar essa interpretação...', 'likes': 24, 'publicado_em': '2024-09-02T21:29:18Z'}]","oswjwK2OAu4","O MASSACRE DE REALENGO - WELLINGTON MENEZES DE OLIVEIRA","1","Mais novos"
"@luizmauro2613","UC-yIIQX1zNmLujqGF1Xxcag","http://www.youtube.com/@luizmauro2613","Muitos falam que ele precisava de tratamento quando na verdade os que fazem bullying que precisam, ou precisam passar por algo parecido para sentir na pele e abandonarem esse comportamento destrutivo","96","2024-03-07T15:14:19Z","2024-03-07T15:14:19Z","True","True","3","3","[{'autor': '@cybeleoliveira8620', 'comentario': 'Ele tinha q matar quem fez o buling e não as crianças inocentes isso ai foi covardia', 'likes': 7, 'publicado_em': '2025-03-30T21:11:25Z'}, {'autor': '@JohnnyPoopsXXX', 'comentario': '\u200b@cybeleoliveira8620Isso foi porque o odio deixa a pessoas cega', 'likes': 0, 'publicado_em': '2025-05-30T16:55:02Z'}, {'autor': '@ZanellaCriaNaVoz', 'comentario': '\u200b@cybeleoliveira8620Não Achou Eles Muito Menos A Casa Deles Se Não Ele Teria Matado Descansa Feminista', 'likes': 0, 'publicado_em': '2025-10-31T19:29:56Z'}]","oswjwK2OAu4","O MASSACRE DE REALENGO - WELLINGTON MENEZES DE OLIVEIRA","1","Mais novos"
"@francielsouza-fr1cb","UCRHC4v32rcI6crBv3gB8ZTw","http://www.youtube.com/@francielsouza-fr1cb","Humilham em grupo fazem a  pessoa se sentir um lixo ate que isso acontece.","65","2023-11-23T03:34:55Z","2023-11-23T03:34:55Z","True","True","0","0","[]","oswjwK2OAu4","O MASSACRE DE REALENGO - WELLINGTON MENEZES DE OLIVEIRA","1","Mais novos"
"@dani2004-","UCxqnBMSH9Yr2JWIdN4kFsgQ","http://www.youtube.com/@dani2004-","Eu sei muito bem o que esse cara passou... o Bullying te causa revolta, desejo de suicidio e tristeza profunda. Carrego traumas até hj, é muito triste que isso tudo tenha terminado dessa maneira.","243","2023-10-08T04:22:05Z","2023-10-08T04:22:05Z","True","True","6","5","[{'autor': '@batatinhafrita123filmes5', 'comentario': 'Más hoje você está bem né?', 'likes': 1, 'publicado_em': '2024-01-29T18:11:16Z'}, {'autor': '@pedradatec', 'comentario': '😅😅😅😅😅😅😅😅', 'likes': 0, 'publicado_em': '2024-03-09T09:40:48Z'}, {'autor': '@moon21328', 'comentario': 'Sinto muito pelo que vc passou, crianças, adolescentes podem ser uns monstros, espero que vc esteja bem hj, que Deus te abençoe muito ❤', 'likes': 3, 'publicado_em': '2024-04-10T00:14:35Z'}, {'autor': '@EvertonCorrêa-j5y', 'comentario': 'O Welliton apanhava em casa e na escola..Esse menino sofria bullying e violência', 'likes': 8, 'publicado_em': '2024-05-11T03:08:30Z'}, {'autor': '@marquesthays', 'comentario': 'Eu também tenho depressão e baixa autoestima por causa de bullying', 'likes': 1, 'publicado_em': '2025-03-06T01:57:53Z'}]","oswjwK2OAu4","O MASSACRE DE REALENGO - WELLINGTON MENEZES DE OLIVEIRA","1","Mais novos"
"@eduardomatosdanesemunhoz3034","UCal5woVDm-pmSUAP4QsVSvA","http://www.youtube.com/@eduardomatosdanesemunhoz3034","Rapaz você conseguiu fazer um documentário melhor do que a da HBO.","1251","2023-10-04T00:10:10Z","2023-10-04T00:10:10Z","True","True","3","3","[{'autor': '@gabrielnunes4291', 'comentario': 'Assino em baixo', 'likes': 31, 'publicado_em': '2023-11-23T02:15:59Z'}, {'autor': '@Leaodailha00', 'comentario': 'Mn o da HBO Foi horrível, du nada o core kkkk', 'likes': 51, 'publicado_em': '2023-12-21T17:51:09Z'}, {'autor': '@thiagohenrick6772', 'comentario': 'Todos os vídeos aqui são nesse padrão, mano.', 'likes': 29, 'publicado_em': '2024-01-13T20:09:40Z'}]","oswjwK2OAu4","O MASSACRE DE REALENGO - WELLINGTON MENEZES DE OLIVEIRA","1","Mais novos"
"@alissonmateus6289","UC1QwBt4D5E832RBf00nguWA","http://www.youtube.com/@alissonmateus6289","O que esse cara fez é imperdoável, mas todos esses que fizeram bulling com ele, saibam que são culpados por esse crime também.","2458","2023-09-05T07:15:15Z","2023-09-05T07:15:15Z","True","True","78","5","[{'autor': '@ariellekeller1315', 'comentario': 'Exato, acho ainda q o único crime foi ter ido na geração errada😊', 'likes': 115, 'publicado_em': '2023-09-10T22:46:29Z'}, {'autor': '@titãorion', 'comentario': '\u200b@ariellekeller1315e aí gata', 'likes': 0, 'publicado_em': '2023-12-13T17:14:29Z'}, {'autor': '@claudineisantos4515', 'comentario': 'Eu so queria saber como as pessoas que maltrataram ele se sente depois que ele cometeu essa barbaridade.', 'likes': 122, 'publicado_em': '2023-12-25T15:53:50Z'}, {'autor': '@camerini23', 'comentario': '\u200b@ariellekeller1315 na geração anterior teve a mais famosa (Columbine)', 'likes': 39, 'publicado_em': '2023-12-26T07:04:37Z'}, {'autor': '@Nl-vb8vw', 'comentario': 'Um desses rat0s deu entrevista na Veja após essa tragédia, era frentista num posto de gasolina perto da escola e, covarde, não quis dar o nome.', 'likes': 0, 'publicado_em': '2023-12-28T05:14:44Z'}]","oswjwK2OAu4","O MASSACRE DE REALENGO - WELLINGTON MENEZES DE OLIVEIRA","1","Mais novos"
"@bettonera","UC3-hkkCS8osKbUV3casW_0w","http://www.youtube.com/@bettonera","Que história triste desse menino, o que ele fez não tem justificativa, foi monstruoso, mas imagino o amargor que ele carregava consigo.😢","227","2023-08-02T17:48:49Z","2023-08-02T17:48:49Z","True","True","0","0","[]","oswjwK2OAu4","O MASSACRE DE REALENGO - WELLINGTON MENEZES DE OLIVEIRA","1","Mais novos"
"@LucasGomes-cq9gj","UCQxlAlgBMemN0f5IQo8mjSQ","http://www.youtube.com/@LucasGomes-cq9gj","Escola na fase da adolescência é um INFERNO","806","2023-04-26T12:57:18Z","2023-04-26T12:57:18Z","True","True","36","5","[{'autor': '@honeyx_pie9950', 'comentario': 'A vida em si é um INFERNO', 'likes': 76, 'publicado_em': '2023-07-17T21:29:35Z'}, {'autor': '@THACYANA.CERQUEIRA', 'comentario': 'Eu também odiava a escola, estamos juntos.', 'likes': 27, 'publicado_em': '2023-07-30T02:22:16Z'}, {'autor': '@rebecabarros7572', 'comentario': 'Eu sofri bullying na escola e mesmo assim eu dei um jeito de ser feliz era muito bom ir pra escola estudar fazer amigos a vida a gente tem q dar um jeito de ser feliz de ver o lado bom das coisas', 'likes': 16, 'publicado_em': '2023-07-31T16:07:14Z'}, {'autor': '@rebecabarros7572', 'comentario': '@MarcelokdsPoise eu também kkkk escola e muito bom não paga contas não tem q arrumar emprego', 'likes': 3, 'publicado_em': '2023-07-31T16:08:06Z'}, {'autor': '@manfredo9138', 'comentario': '@honeyx_pie9950 não. A vida pode ser boa com Jesus Cristo. Recomendo procurar ajuda psicológica e Jesus.', 'likes': 0, 'publicado_em': '2023-08-19T19:58:52Z'}]","oswjwK2OAu4","O MASSACRE DE REALENGO - WELLINGTON MENEZES DE OLIVEIRA","1","Mais novos"
"@ferreirarsfp","UCLpTI1kmsccF-9KlO84jeDA","http://www.youtube.com/@ferreirarsfp","Nunca sofri bullying, mas não serei egocêntrico e muito menos desonesto ao fechar os olhos e querer enxergar só a minha realidade. Pare e pense! Não mexa com quem está quieto. Infelizmente, inocentes tiveram que pagar porque os verdadeiros culpados saíram ilesos.","571","2023-04-25T06:07:54Z","2023-04-25T06:07:54Z","True","True","8","5","[{'autor': '@Mordecaiserr', 'comentario': 'perfeito!', 'likes': 18, 'publicado_em': '2023-04-29T20:48:04Z'}, {'autor': '@cortesltdah3677', 'comentario': 'Exatamente meu brother', 'likes': 7, 'publicado_em': '2023-05-17T03:53:15Z'}, {'autor': '@JulioMam', 'comentario': 'Exatamente, os que fizeram bullying com ele provavelmente tá linda essa hora', 'likes': 16, 'publicado_em': '2023-08-10T11:18:10Z'}, {'autor': '@edsonkings', 'comentario': 'Eu já sofri muito bullying, coisas sem sentindo, só que só depois de adulto passei a refleti sobre o quanto que não faz sentido algum humilhar alguém, e o mais absurdo era a naturalização disso. A diretoria, os coordenadores e até os professores não faziam nada além de dizer pra fulanos não fazerem aquilo, mas nunca chamaram os pais ou expulsaram os agressores. Me revoltava muito tudo aquilo. Eu era tímido, evitava ao máximo apresentações em público, tinha muitas inseguranças. O que mais me marcou naquela época foi um dicionário que fizeram para mim, por eu falar pouco e ter dificuldade de falar em público, eu enrolava muitas palavras e acabava errando a pronúncia delas. Foi horrível ver quase todos da sala rindo daquilo. A minha sorte era minha mãe ser muito forte, eu tinha uma mente também muito bem estruturada pq apesar de tudo eu sabia que aquilo não deveria me impedir de crescer e ser alguém na vida, ela me deu uma educação muito exemplar mesmo sem dinheiro pra quase nada além da alimentação, mas que bateu o pé e nunca faltava numa reunião escolar. Tendo em vista que todos viam aquilo e a maioria achava graça a culpa não é só de quem pratica mas também quem apoia esse tipo de atitude, por isso esses adolescentes crescem sem sentido na vida, se perdem em sua revoltas e raivas acumuladas, e acabam punindo quem estiver na frente.', 'likes': 14, 'publicado_em': '2023-12-23T15:03:49Z'}, {'autor': '@ulissesmaia1957', 'comentario': 'Eu sofri bullying em toda a vida escolar. O dia mais feliz da minha vida foi o último dia de aula.\nHoje sou um adulto livre e feliz. \nFica a dica adolescentes e crianças. Tudo melhora depois de adulto. \nAbraço.', 'likes': 6, 'publicado_em': '2024-04-06T10:18:48Z'}]","oswjwK2OAu4","O MASSACRE DE REALENGO - WELLINGTON MENEZES DE OLIVEIRA","1","Mais novos"
"@DanielOliveira-sg1me","UCe6Cc3iavbnNV-IUwpF880w","http://www.youtube.com/@DanielOliveira-sg1me","Eu sempre faço amizade com pessoas antissociais e tímidas, me identifico muito e procuro ajudar","1268","2023-03-22T05:45:12Z","2023-03-22T05:45:12Z","True","True","43","5","[{'autor': '@Geeeeeeeeeeeeeeeeeeee', 'comentario': 'Você é um bom homem.', 'likes': 45, 'publicado_em': '2023-03-22T07:14:25Z'}, {'autor': '@BrunoSantana112', 'comentario': 'Vc está fazendo o que muitos não fizeram. Parabéns.', 'likes': 90, 'publicado_em': '2023-04-06T04:55:21Z'}, {'autor': '@TravosoBR', 'comentario': 'Eu também era assim no colegial. inclusive um dos amigos que fiz nessa jornada pensava em massacre. com um tempo mostrei pra ele o quão fútil e covarde seria esse ato e ele mudou a mentalidade.', 'likes': 53, 'publicado_em': '2023-04-13T12:47:08Z'}, {'autor': '@drejose1777', 'comentario': '\u200bDani eu tbm, aprendi a me comunicar, a empresa me ajudou muito nesses aspecto, todo dia a gente conversava, todos se conhecia por la..fiquei la por 6 anos..', 'likes': 14, 'publicado_em': '2023-04-17T03:18:03Z'}, {'autor': '@maktubecarpediem9942', 'comentario': '\u200bDani é dois detalhe perdi minha vida tentando entrar no mundo dos outros e tentar agradar a todos.. solitude é vida', 'likes': 9, 'publicado_em': '2023-04-18T00:52:06Z'}]","oswjwK2OAu4","O MASSACRE DE REALENGO - WELLINGTON MENEZES DE OLIVEIRA","1","Mais novos"
"@lucasazevedo4388","UCMfQkos0JatL-yWPIWaq00Q","http://www.youtube.com/@lucasazevedo4388","Eu sofri bullying pra caralho, nunca consegui me inserir nos grupinhos da escola, mas sempre tinha 1 amigo que  se identificava comigo; e a pesar de tudo, eu tenho um pai muito foda, que me criou muito bem. Agradeço ao meu pai por tudo.","244","2023-03-14T21:49:05Z","2023-03-14T21:49:05Z","True","True","3","3","[{'autor': '@oliveirasurf', 'comentario': 'Legal teu depoimento, nunca sofri bullying mas sempre me afastei de pessoas com essas atitudes. Feliz pela sua superação.', 'likes': 8, 'publicado_em': '2023-04-22T14:10:57Z'}, {'autor': '@ferreirarsfp', 'comentario': 'Aulas mano', 'likes': 2, 'publicado_em': '2023-04-25T05:52:03Z'}, {'autor': '@projetodefibrasil', 'comentario': 'É isso ai, eu tbm sofri bullying, mas chegava em casa e era tratado como um rei, tudo isso faz a diferença.', 'likes': 6, 'publicado_em': '2023-12-18T06:57:04Z'}]","oswjwK2OAu4","O MASSACRE DE REALENGO - WELLINGTON MENEZES DE OLIVEIRA","1","Mais novos"
"@GabrielOliveira-jl4nm","UCYB17Ai26KEazwXpNqAGv2Q","http://www.youtube.com/@GabrielOliveira-jl4nm","Sofri mt bullying e sei como esse cara se sentiu.. tive sorte em encontrar pessoas boas que me ajudaram mt. Acho bizarro como as pessoas acham bullying normal e ainda vendo uns comentários aqui dizem que é ""mimimi"". Cuidado galera, o ódio que vcs jogam nos outros, volta pra vcs!","3794","2023-03-10T13:36:43Z","2023-03-10T13:36:43Z","True","True","381","5","[{'autor': '@giovannijanoni662', 'comentario': 'Mas é mimimi mesmo...frescura do cacete. Quem nunca sofreu isso quando criança?\nIsso pra mim é falta de equilíbrio mental, falya de controle emocional ... Eu sofri todo tipo de zueira quando criança ...e aí ? Eu zuava tb....não é ódio...faz parte da vida, até mesmo como preparação para enfrentar a vida, e se quem sofre bullying se acha o coitadinho injustiçado e fica mau e doente por isso, nem precisa continuar sua caminhada, pois o mundo não estenderá um tapete vermelho rodeado de flores num futuro tranquilo, lindo e calmo onde tudo dá certo e todos se amam...o.mundo não foi feito para pessoas sem controle e fracas..sinto muito descordar de você.', 'likes': 191, 'publicado_em': '2023-03-11T05:54:02Z'}, {'autor': '@tecnoloart', 'comentario': '\u200b\u200b@giovannijanoni662 Esse é o problema... De repente você vai fazer bullying com quem é desequilibrado, tem tendências psicopatas ou psicóticas aí, o resultado é o que você viu. Por isso que temos que ter muito cuidado com quem ""zuamos"". Não está escrito na testa de ninguém se é psicopata. Depois o cara vem cobrar e a conta é bem alta...', 'likes': 555, 'publicado_em': '2023-03-11T14:10:41Z'}, {'autor': '@toryuzz', 'comentario': 'Sim, bullying é um problema sério, como racismo, preconceito, abuso, ele restringe a vida social de uma pessoa de maneira doentia, coisas que acontecem na infância marcam a vida para sempre, o bullying pode simplesmente mudar totalmente a vida de uma pessoa. Eu acho que quem diz que é Mimimi, nunca sofreu bullying, por que francamente. Eu sofrir por bastante tempo e tive consequências graves, de fobia social entre outros, mas consegui me recuperar depois de entrar na academia e no boxe.', 'likes': 232, 'publicado_em': '2023-03-11T15:10:29Z'}, {'autor': '@jonathinter', 'comentario': '\u200b@giovannijanoni662 se tu disse q zoava também então tu tinha amigos pra conversar né. Significa q n era tímido, pois a pessoa tímida n consegue zoar os outros. Se vc n se sentia mal então nunca sofreu bullying. N confunda bullying com brincadeiras entre amigos.', 'likes': 305, 'publicado_em': '2023-03-11T17:54:07Z'}, {'autor': '@GunPark1Lookism', 'comentario': '@giovannijanoni662 Enfiaram sua cabeça em um vaso e deram descarga com você de ponta cabeça também ?? acha isso normal ?', 'likes': 0, 'publicado_em': '2023-03-11T18:03:31Z'}]","oswjwK2OAu4","O MASSACRE DE REALENGO - WELLINGTON MENEZES DE OLIVEIRA","1","Mais novos"
"@katialazzarin3395","UCNHhV7aJDJ84rbkneSxyHgA","http://www.youtube.com/@katialazzarin3395","Adolescentes são maldoso, horríveis, perseguem, ofendem, batem, chutam, dão apelidos, um dia acham algum louco que revidará da pior maneira.","4192","2023-03-09T17:19:13Z","2023-03-09T17:19:13Z","True","True","367","5","[{'autor': '@cintiamarcello3152', 'comentario': 'Até às crianças são assim ,desde criança aprendem a excluir e desprezar o coleguinha ,os próprios pais que ensinam .', 'likes': 709, 'publicado_em': '2023-03-13T08:47:42Z'}, {'autor': '@joapa6588', 'comentario': 'E os pais que faziam bullying passam o pano para os filhos ...', 'likes': 455, 'publicado_em': '2023-03-17T15:48:51Z'}, {'autor': '@diegoleitao4053', 'comentario': 'CHATAAAAAA', 'likes': 0, 'publicado_em': '2023-03-19T11:26:14Z'}, {'autor': '@fabianocf7390', 'comentario': 'São só o reflexo da sociedade onde vivem', 'likes': 209, 'publicado_em': '2023-03-22T02:26:52Z'}, {'autor': '@apexgamer1645', 'comentario': 'Acho que se vc sofresse bullying ou algo do tipo faria o msm que ele não??', 'likes': 66, 'publicado_em': '2023-03-22T15:23:36Z'}]","oswjwK2OAu4","O MASSACRE DE REALENGO - WELLINGTON MENEZES DE OLIVEIRA","1","Mais novos"
"@Coragem_Brzin","UCs31spCARpfeD564x-vBmdg","http://www.youtube.com/@Coragem_Brzin","o que mais pega nesses casos é que muitas vezes a vingança é feita em cima de pessoas que nao tem nada haver com o sofrimento dos assassinos .","4505","2023-03-03T14:41:45Z","2023-03-03T14:41:45Z","True","True","130","5","[{'autor': '@Ryan.jorgeBR', 'comentario': 'Poisé, eles simplesmente devolveram ao mundo o que receberam na mesma moeda', 'likes': 303, 'publicado_em': '2023-03-06T02:11:22Z'}, {'autor': '@doom_556', 'comentario': 'Oi linda', 'likes': 29, 'publicado_em': '2023-03-06T02:59:04Z'}, {'autor': '@Coragem_Brzin', 'comentario': '@Ryan.jorgeBR bom , nao acho cara, primeira que nao foi o mundo que ""deu"" isso a eles , existem sim pessoas más e tudo mais , então foram determinadas pessoas, na mesma moeda , na minha opinião, seria uma vingança seletiva em quem realmente de fato atingiu ele ou eles , os que cometem os massacres', 'likes': 121, 'publicado_em': '2023-03-06T10:50:06Z'}, {'autor': '@Ryan.jorgeBR', 'comentario': '@Coragem_Brzin nesse mundo existe injustiça, na mesma moeda eu quis dizer moeda injusa', 'likes': 40, 'publicado_em': '2023-03-07T21:52:40Z'}, {'autor': '@Isabelagl94', 'comentario': '\u200b@Ryan.jorgeBRatitude irracional! Ele só cedeu aos sentimentos irracionais  e sua raiva, o que é o mais fácil. Isso tirando a doença mental. Cuidado com o que escreve na internet,suas ideias pela metade.. você não sabe o que passa na cabeça desses dois likes a mais que recebeu. O ser humano é influenciável como esse rapaz do vídeo foi no grupo que participava.', 'likes': 38, 'publicado_em': '2023-03-08T05:45:25Z'}]","oswjwK2OAu4","O MASSACRE DE REALENGO - WELLINGTON MENEZES DE OLIVEIRA","1","Mais novos"
"@David-Smith-X7","UCp8hymmQCiS-mte-Dup8NBw","http://www.youtube.com/@David-Smith-X7","""Quando cercar o inimigo, deixe uma saída para ele, caso contrário, ele lutará até a morte.""","66","2023-03-01T22:48:19Z","2023-03-01T22:48:19Z","True","True","0","0","[]","oswjwK2OAu4","O MASSACRE DE REALENGO - WELLINGTON MENEZES DE OLIVEIRA","1","Mais novos"
"@Ymaica","UC1GiA4KBMRI2hU9_dAAEGeg","http://www.youtube.com/@Ymaica","O maior pesadelo pra um ser humano hj em dia é a adolescência em época de escola aonde a prática de bullying é muito comum maior causador de depressão","446","2023-03-01T09:31:08Z","2023-03-01T09:31:31Z","True","True","13","5","[{'autor': '@extincaosocialistalixo6861', 'comentario': 'E HÁ QUEM DEFENDA O PRATICANTE DISSO, EU ACHO QUE QUEM HUMILHA, MACHUCA, E SE DIVERTE COM ISSO TEM QUE SE FU...A JUSTIÇA NÃO PUNE, E CADA PLANTIU TEM UMA COLHEITA.', 'likes': 0, 'publicado_em': '2023-03-08T21:18:11Z'}, {'autor': '@Zayerah-gh1uz', 'comentario': '\u200b@Guto Costa Fazer artes marciais apenas não adianta, pois os praticantes de bullying são muitos, também são ""jiujiteros"" e frequentam academia. O que resolve de verdade é ter amigos que te ajudem nas horas difíceis e entrem nas brigas. Ficar sozinho no intervalo é fatal, principalmente em escolas públicas.', 'likes': 16, 'publicado_em': '2023-03-09T22:22:45Z'}, {'autor': '@TrixieUtsuro', 'comentario': '@Guto Costa, 2010 já tinha esse bglh.', 'likes': 1, 'publicado_em': '2023-03-10T15:46:33Z'}, {'autor': '@TrixieUtsuro', 'comentario': '@Guto Costa, esse não é o contrário, não digo disso, comigo também, quem não aguentava, era mais sarneado, mas eu tô falando do termo, foi o que eu disse, esse termo, geral já mandava.', 'likes': 0, 'publicado_em': '2023-03-10T17:14:10Z'}, {'autor': '@niko89891', 'comentario': '\u200bdudpowerpackeu sofro até hoje com tudo o que vivi na escola, sempre tive o pensamento de levar uma faca pra escola, mas nunca consegui por medo de matarem minha família, pois os que faziam bullying comigo eram filhos de traficantes...\nHoje espero que tenham encontrado o seu devido lugar, que é o cemitério.', 'likes': 5, 'publicado_em': '2023-05-02T02:10:19Z'}]","oswjwK2OAu4","O MASSACRE DE REALENGO - WELLINGTON MENEZES DE OLIVEIRA","1","Mais novos"
"@Ymaica","UC1GiA4KBMRI2hU9_dAAEGeg","http://www.youtube.com/@Ymaica","O maior pesadelo pra um ser humano hj em dia é a adolescência em época de escola aonde a prática de bullying é muito comum maior causador de depressão","446","2023-03-01T09:31:08Z","2023-03-01T09:31:31Z","True","True","13","5","[{'autor': '@extincaosocialistalixo6861', 'comentario': 'E HÁ QUEM DEFENDA O PRATICANTE DISSO, EU ACHO QUE QUEM HUMILHA, MACHUCA, E SE DIVERTE COM ISSO TEM QUE SE FU...A JUSTIÇA NÃO PUNE, E CADA PLANTIU TEM UMA COLHEITA.', 'likes': 0, 'publicado_em': '2023-03-08T21:18:11Z'}, {'autor': '@Zayerah-gh1uz', 'comentario': '\u200b@Guto Costa Fazer artes marciais apenas não adianta, pois os praticantes de bullying são muitos, também são ""jiujiteros"" e frequentam academia. O que resolve de verdade é ter amigos que te ajudem nas horas difíceis e entrem nas brigas. Ficar sozinho no intervalo é fatal, principalmente em escolas públicas.', 'likes': 16, 'publicado_em': '2023-03-09T22:22:45Z'}, {'autor': '@TrixieUtsuro', 'comentario': '@Guto Costa, 2010 já tinha esse bglh.', 'likes': 1, 'publicado_em': '2023-03-10T15:46:33Z'}, {'autor': '@TrixieUtsuro', 'comentario': '@Guto Costa, esse não é o contrário, não digo disso, comigo também, quem não aguentava, era mais sarneado, mas eu tô falando do termo, foi o que eu disse, esse termo, geral já mandava.', 'likes': 0, 'publicado_em': '2023-03-10T17:14:10Z'}, {'autor': '@niko89891', 'comentario': '\u200bdudpowerpackeu sofro até hoje com tudo o que vivi na escola, sempre tive o pensamento de levar uma faca pra escola, mas nunca consegui por medo de matarem minha família, pois os que faziam bullying comigo eram filhos de traficantes...\nHoje espero que tenham encontrado o seu devido lugar, que é o cemitério.', 'likes': 5, 'publicado_em': '2023-05-02T02:10:19Z'}]","oswjwK2OAu4","O MASSACRE DE REALENGO - WELLINGTON MENEZES DE OLIVEIRA","2","Mais antigos"
"@David-Smith-X7","UCp8hymmQCiS-mte-Dup8NBw","http://www.youtube.com/@David-Smith-X7","""Quando cercar o inimigo, deixe uma saída para ele, caso contrário, ele lutará até a morte.""","66","2023-03-01T22:48:19Z","2023-03-01T22:48:19Z","True","True","0","0","[]","oswjwK2OAu4","O MASSACRE DE REALENGO - WELLINGTON MENEZES DE OLIVEIRA","2","Mais antigos"
"@Coragem_Brzin","UCs31spCARpfeD564x-vBmdg","http://www.youtube.com/@Coragem_Brzin","o que mais pega nesses casos é que muitas vezes a vingança é feita em cima de pessoas que nao tem nada haver com o sofrimento dos assassinos .","4505","2023-03-03T14:41:45Z","2023-03-03T14:41:45Z","True","True","130","5","[{'autor': '@Ryan.jorgeBR', 'comentario': 'Poisé, eles simplesmente devolveram ao mundo o que receberam na mesma moeda', 'likes': 303, 'publicado_em': '2023-03-06T02:11:22Z'}, {'autor': '@doom_556', 'comentario': 'Oi linda', 'likes': 29, 'publicado_em': '2023-03-06T02:59:04Z'}, {'autor': '@Coragem_Brzin', 'comentario': '@Ryan.jorgeBR bom , nao acho cara, primeira que nao foi o mundo que ""deu"" isso a eles , existem sim pessoas más e tudo mais , então foram determinadas pessoas, na mesma moeda , na minha opinião, seria uma vingança seletiva em quem realmente de fato atingiu ele ou eles , os que cometem os massacres', 'likes': 121, 'publicado_em': '2023-03-06T10:50:06Z'}, {'autor': '@Ryan.jorgeBR', 'comentario': '@Coragem_Brzin nesse mundo existe injustiça, na mesma moeda eu quis dizer moeda injusa', 'likes': 40, 'publicado_em': '2023-03-07T21:52:40Z'}, {'autor': '@Isabelagl94', 'comentario': '\u200b@Ryan.jorgeBRatitude irracional! Ele só cedeu aos sentimentos irracionais  e sua raiva, o que é o mais fácil. Isso tirando a doença mental. Cuidado com o que escreve na internet,suas ideias pela metade.. você não sabe o que passa na cabeça desses dois likes a mais que recebeu. O ser humano é influenciável como esse rapaz do vídeo foi no grupo que participava.', 'likes': 38, 'publicado_em': '2023-03-08T05:45:25Z'}]","oswjwK2OAu4","O MASSACRE DE REALENGO - WELLINGTON MENEZES DE OLIVEIRA","2","Mais antigos"
"@katialazzarin3395","UCNHhV7aJDJ84rbkneSxyHgA","http://www.youtube.com/@katialazzarin3395","Adolescentes são maldoso, horríveis, perseguem, ofendem, batem, chutam, dão apelidos, um dia acham algum louco que revidará da pior maneira.","4192","2023-03-09T17:19:13Z","2023-03-09T17:19:13Z","True","True","367","5","[{'autor': '@cintiamarcello3152', 'comentario': 'Até às crianças são assim ,desde criança aprendem a excluir e desprezar o coleguinha ,os próprios pais que ensinam .', 'likes': 709, 'publicado_em': '2023-03-13T08:47:42Z'}, {'autor': '@joapa6588', 'comentario': 'E os pais que faziam bullying passam o pano para os filhos ...', 'likes': 455, 'publicado_em': '2023-03-17T15:48:51Z'}, {'autor': '@diegoleitao4053', 'comentario': 'CHATAAAAAA', 'likes': 0, 'publicado_em': '2023-03-19T11:26:14Z'}, {'autor': '@fabianocf7390', 'comentario': 'São só o reflexo da sociedade onde vivem', 'likes': 209, 'publicado_em': '2023-03-22T02:26:52Z'}, {'autor': '@apexgamer1645', 'comentario': 'Acho que se vc sofresse bullying ou algo do tipo faria o msm que ele não??', 'likes': 66, 'publicado_em': '2023-03-22T15:23:36Z'}]","oswjwK2OAu4","O MASSACRE DE REALENGO - WELLINGTON MENEZES DE OLIVEIRA","2","Mais antigos"
"@GabrielOliveira-jl4nm","UCYB17Ai26KEazwXpNqAGv2Q","http://www.youtube.com/@GabrielOliveira-jl4nm","Sofri mt bullying e sei como esse cara se sentiu.. tive sorte em encontrar pessoas boas que me ajudaram mt. Acho bizarro como as pessoas acham bullying normal e ainda vendo uns comentários aqui dizem que é ""mimimi"". Cuidado galera, o ódio que vcs jogam nos outros, volta pra vcs!","3794","2023-03-10T13:36:43Z","2023-03-10T13:36:43Z","True","True","381","5","[{'autor': '@giovannijanoni662', 'comentario': 'Mas é mimimi mesmo...frescura do cacete. Quem nunca sofreu isso quando criança?\nIsso pra mim é falta de equilíbrio mental, falya de controle emocional ... Eu sofri todo tipo de zueira quando criança ...e aí ? Eu zuava tb....não é ódio...faz parte da vida, até mesmo como preparação para enfrentar a vida, e se quem sofre bullying se acha o coitadinho injustiçado e fica mau e doente por isso, nem precisa continuar sua caminhada, pois o mundo não estenderá um tapete vermelho rodeado de flores num futuro tranquilo, lindo e calmo onde tudo dá certo e todos se amam...o.mundo não foi feito para pessoas sem controle e fracas..sinto muito descordar de você.', 'likes': 191, 'publicado_em': '2023-03-11T05:54:02Z'}, {'autor': '@tecnoloart', 'comentario': '\u200b\u200b@giovannijanoni662 Esse é o problema... De repente você vai fazer bullying com quem é desequilibrado, tem tendências psicopatas ou psicóticas aí, o resultado é o que você viu. Por isso que temos que ter muito cuidado com quem ""zuamos"". Não está escrito na testa de ninguém se é psicopata. Depois o cara vem cobrar e a conta é bem alta...', 'likes': 555, 'publicado_em': '2023-03-11T14:10:41Z'}, {'autor': '@toryuzz', 'comentario': 'Sim, bullying é um problema sério, como racismo, preconceito, abuso, ele restringe a vida social de uma pessoa de maneira doentia, coisas que acontecem na infância marcam a vida para sempre, o bullying pode simplesmente mudar totalmente a vida de uma pessoa. Eu acho que quem diz que é Mimimi, nunca sofreu bullying, por que francamente. Eu sofrir por bastante tempo e tive consequências graves, de fobia social entre outros, mas consegui me recuperar depois de entrar na academia e no boxe.', 'likes': 232, 'publicado_em': '2023-03-11T15:10:29Z'}, {'autor': '@jonathinter', 'comentario': '\u200b@giovannijanoni662 se tu disse q zoava também então tu tinha amigos pra conversar né. Significa q n era tímido, pois a pessoa tímida n consegue zoar os outros. Se vc n se sentia mal então nunca sofreu bullying. N confunda bullying com brincadeiras entre amigos.', 'likes': 305, 'publicado_em': '2023-03-11T17:54:07Z'}, {'autor': '@GunPark1Lookism', 'comentario': '@giovannijanoni662 Enfiaram sua cabeça em um vaso e deram descarga com você de ponta cabeça também ?? acha isso normal ?', 'likes': 0, 'publicado_em': '2023-03-11T18:03:31Z'}]","oswjwK2OAu4","O MASSACRE DE REALENGO - WELLINGTON MENEZES DE OLIVEIRA","2","Mais antigos"
"@lucasazevedo4388","UCMfQkos0JatL-yWPIWaq00Q","http://www.youtube.com/@lucasazevedo4388","Eu sofri bullying pra caralho, nunca consegui me inserir nos grupinhos da escola, mas sempre tinha 1 amigo que  se identificava comigo; e a pesar de tudo, eu tenho um pai muito foda, que me criou muito bem. Agradeço ao meu pai por tudo.","244","2023-03-14T21:49:05Z","2023-03-14T21:49:05Z","True","True","3","3","[{'autor': '@oliveirasurf', 'comentario': 'Legal teu depoimento, nunca sofri bullying mas sempre me afastei de pessoas com essas atitudes. Feliz pela sua superação.', 'likes': 8, 'publicado_em': '2023-04-22T14:10:57Z'}, {'autor': '@ferreirarsfp', 'comentario': 'Aulas mano', 'likes': 2, 'publicado_em': '2023-04-25T05:52:03Z'}, {'autor': '@projetodefibrasil', 'comentario': 'É isso ai, eu tbm sofri bullying, mas chegava em casa e era tratado como um rei, tudo isso faz a diferença.', 'likes': 6, 'publicado_em': '2023-12-18T06:57:04Z'}]","oswjwK2OAu4","O MASSACRE DE REALENGO - WELLINGTON MENEZES DE OLIVEIRA","2","Mais antigos"
"@DanielOliveira-sg1me","UCe6Cc3iavbnNV-IUwpF880w","http://www.youtube.com/@DanielOliveira-sg1me","Eu sempre faço amizade com pessoas antissociais e tímidas, me identifico muito e procuro ajudar","1268","2023-03-22T05:45:12Z","2023-03-22T05:45:12Z","True","True","43","5","[{'autor': '@Geeeeeeeeeeeeeeeeeeee', 'comentario': 'Você é um bom homem.', 'likes': 45, 'publicado_em': '2023-03-22T07:14:25Z'}, {'autor': '@BrunoSantana112', 'comentario': 'Vc está fazendo o que muitos não fizeram. Parabéns.', 'likes': 90, 'publicado_em': '2023-04-06T04:55:21Z'}, {'autor': '@TravosoBR', 'comentario': 'Eu também era assim no colegial. inclusive um dos amigos que fiz nessa jornada pensava em massacre. com um tempo mostrei pra ele o quão fútil e covarde seria esse ato e ele mudou a mentalidade.', 'likes': 53, 'publicado_em': '2023-04-13T12:47:08Z'}, {'autor': '@drejose1777', 'comentario': '\u200bDani eu tbm, aprendi a me comunicar, a empresa me ajudou muito nesses aspecto, todo dia a gente conversava, todos se conhecia por la..fiquei la por 6 anos..', 'likes': 14, 'publicado_em': '2023-04-17T03:18:03Z'}, {'autor': '@maktubecarpediem9942', 'comentario': '\u200bDani é dois detalhe perdi minha vida tentando entrar no mundo dos outros e tentar agradar a todos.. solitude é vida', 'likes': 9, 'publicado_em': '2023-04-18T00:52:06Z'}]","oswjwK2OAu4","O MASSACRE DE REALENGO - WELLINGTON MENEZES DE OLIVEIRA","2","Mais antigos"
"@ferreirarsfp","UCLpTI1kmsccF-9KlO84jeDA","http://www.youtube.com/@ferreirarsfp","Nunca sofri bullying, mas não serei egocêntrico e muito menos desonesto ao fechar os olhos e querer enxergar só a minha realidade. Pare e pense! Não mexa com quem está quieto. Infelizmente, inocentes tiveram que pagar porque os verdadeiros culpados saíram ilesos.","571","2023-04-25T06:07:54Z","2023-04-25T06:07:54Z","True","True","8","5","[{'autor': '@Mordecaiserr', 'comentario': 'perfeito!', 'likes': 18, 'publicado_em': '2023-04-29T20:48:04Z'}, {'autor': '@cortesltdah3677', 'comentario': 'Exatamente meu brother', 'likes': 7, 'publicado_em': '2023-05-17T03:53:15Z'}, {'autor': '@JulioMam', 'comentario': 'Exatamente, os que fizeram bullying com ele provavelmente tá linda essa hora', 'likes': 16, 'publicado_em': '2023-08-10T11:18:10Z'}, {'autor': '@edsonkings', 'comentario': 'Eu já sofri muito bullying, coisas sem sentindo, só que só depois de adulto passei a refleti sobre o quanto que não faz sentido algum humilhar alguém, e o mais absurdo era a naturalização disso. A diretoria, os coordenadores e até os professores não faziam nada além de dizer pra fulanos não fazerem aquilo, mas nunca chamaram os pais ou expulsaram os agressores. Me revoltava muito tudo aquilo. Eu era tímido, evitava ao máximo apresentações em público, tinha muitas inseguranças. O que mais me marcou naquela época foi um dicionário que fizeram para mim, por eu falar pouco e ter dificuldade de falar em público, eu enrolava muitas palavras e acabava errando a pronúncia delas. Foi horrível ver quase todos da sala rindo daquilo. A minha sorte era minha mãe ser muito forte, eu tinha uma mente também muito bem estruturada pq apesar de tudo eu sabia que aquilo não deveria me impedir de crescer e ser alguém na vida, ela me deu uma educação muito exemplar mesmo sem dinheiro pra quase nada além da alimentação, mas que bateu o pé e nunca faltava numa reunião escolar. Tendo em vista que todos viam aquilo e a maioria achava graça a culpa não é só de quem pratica mas também quem apoia esse tipo de atitude, por isso esses adolescentes crescem sem sentido na vida, se perdem em sua revoltas e raivas acumuladas, e acabam punindo quem estiver na frente.', 'likes': 14, 'publicado_em': '2023-12-23T15:03:49Z'}, {'autor': '@ulissesmaia1957', 'comentario': 'Eu sofri bullying em toda a vida escolar. O dia mais feliz da minha vida foi o último dia de aula.\nHoje sou um adulto livre e feliz. \nFica a dica adolescentes e crianças. Tudo melhora depois de adulto. \nAbraço.', 'likes': 6, 'publicado_em': '2024-04-06T10:18:48Z'}]","oswjwK2OAu4","O MASSACRE DE REALENGO - WELLINGTON MENEZES DE OLIVEIRA","2","Mais antigos"
"@LucasGomes-cq9gj","UCQxlAlgBMemN0f5IQo8mjSQ","http://www.youtube.com/@LucasGomes-cq9gj","Escola na fase da adolescência é um INFERNO","806","2023-04-26T12:57:18Z","2023-04-26T12:57:18Z","True","True","36","5","[{'autor': '@honeyx_pie9950', 'comentario': 'A vida em si é um INFERNO', 'likes': 76, 'publicado_em': '2023-07-17T21:29:35Z'}, {'autor': '@THACYANA.CERQUEIRA', 'comentario': 'Eu também odiava a escola, estamos juntos.', 'likes': 27, 'publicado_em': '2023-07-30T02:22:16Z'}, {'autor': '@rebecabarros7572', 'comentario': 'Eu sofri bullying na escola e mesmo assim eu dei um jeito de ser feliz era muito bom ir pra escola estudar fazer amigos a vida a gente tem q dar um jeito de ser feliz de ver o lado bom das coisas', 'likes': 16, 'publicado_em': '2023-07-31T16:07:14Z'}, {'autor': '@rebecabarros7572', 'comentario': '@MarcelokdsPoise eu também kkkk escola e muito bom não paga contas não tem q arrumar emprego', 'likes': 3, 'publicado_em': '2023-07-31T16:08:06Z'}, {'autor': '@manfredo9138', 'comentario': '@honeyx_pie9950 não. A vida pode ser boa com Jesus Cristo. Recomendo procurar ajuda psicológica e Jesus.', 'likes': 0, 'publicado_em': '2023-08-19T19:58:52Z'}]","oswjwK2OAu4","O MASSACRE DE REALENGO - WELLINGTON MENEZES DE OLIVEIRA","2","Mais antigos"
"@bettonera","UC3-hkkCS8osKbUV3casW_0w","http://www.youtube.com/@bettonera","Que história triste desse menino, o que ele fez não tem justificativa, foi monstruoso, mas imagino o amargor que ele carregava consigo.😢","227","2023-08-02T17:48:49Z","2023-08-02T17:48:49Z","True","True","0","0","[]","oswjwK2OAu4","O MASSACRE DE REALENGO - WELLINGTON MENEZES DE OLIVEIRA","2","Mais antigos"
"@alissonmateus6289","UC1QwBt4D5E832RBf00nguWA","http://www.youtube.com/@alissonmateus6289","O que esse cara fez é imperdoável, mas todos esses que fizeram bulling com ele, saibam que são culpados por esse crime também.","2458","2023-09-05T07:15:15Z","2023-09-05T07:15:15Z","True","True","78","5","[{'autor': '@ariellekeller1315', 'comentario': 'Exato, acho ainda q o único crime foi ter ido na geração errada😊', 'likes': 115, 'publicado_em': '2023-09-10T22:46:29Z'}, {'autor': '@titãorion', 'comentario': '\u200b@ariellekeller1315e aí gata', 'likes': 0, 'publicado_em': '2023-12-13T17:14:29Z'}, {'autor': '@claudineisantos4515', 'comentario': 'Eu so queria saber como as pessoas que maltrataram ele se sente depois que ele cometeu essa barbaridade.', 'likes': 122, 'publicado_em': '2023-12-25T15:53:50Z'}, {'autor': '@camerini23', 'comentario': '\u200b@ariellekeller1315 na geração anterior teve a mais famosa (Columbine)', 'likes': 39, 'publicado_em': '2023-12-26T07:04:37Z'}, {'autor': '@Nl-vb8vw', 'comentario': 'Um desses rat0s deu entrevista na Veja após essa tragédia, era frentista num posto de gasolina perto da escola e, covarde, não quis dar o nome.', 'likes': 0, 'publicado_em': '2023-12-28T05:14:44Z'}]","oswjwK2OAu4","O MASSACRE DE REALENGO - WELLINGTON MENEZES DE OLIVEIRA","2","Mais antigos"
"@eduardomatosdanesemunhoz3034","UCal5woVDm-pmSUAP4QsVSvA","http://www.youtube.com/@eduardomatosdanesemunhoz3034","Rapaz você conseguiu fazer um documentário melhor do que a da HBO.","1251","2023-10-04T00:10:10Z","2023-10-04T00:10:10Z","True","True","3","3","[{'autor': '@gabrielnunes4291', 'comentario': 'Assino em baixo', 'likes': 31, 'publicado_em': '2023-11-23T02:15:59Z'}, {'autor': '@Leaodailha00', 'comentario': 'Mn o da HBO Foi horrível, du nada o core kkkk', 'likes': 51, 'publicado_em': '2023-12-21T17:51:09Z'}, {'autor': '@thiagohenrick6772', 'comentario': 'Todos os vídeos aqui são nesse padrão, mano.', 'likes': 29, 'publicado_em': '2024-01-13T20:09:40Z'}]","oswjwK2OAu4","O MASSACRE DE REALENGO - WELLINGTON MENEZES DE OLIVEIRA","2","Mais antigos"
"@dani2004-","UCxqnBMSH9Yr2JWIdN4kFsgQ","http://www.youtube.com/@dani2004-","Eu sei muito bem o que esse cara passou... o Bullying te causa revolta, desejo de suicidio e tristeza profunda. Carrego traumas até hj, é muito triste que isso tudo tenha terminado dessa maneira.","243","2023-10-08T04:22:05Z","2023-10-08T04:22:05Z","True","True","6","5","[{'autor': '@batatinhafrita123filmes5', 'comentario': 'Más hoje você está bem né?', 'likes': 1, 'publicado_em': '2024-01-29T18:11:16Z'}, {'autor': '@pedradatec', 'comentario': '😅😅😅😅😅😅😅😅', 'likes': 0, 'publicado_em': '2024-03-09T09:40:48Z'}, {'autor': '@moon21328', 'comentario': 'Sinto muito pelo que vc passou, crianças, adolescentes podem ser uns monstros, espero que vc esteja bem hj, que Deus te abençoe muito ❤', 'likes': 3, 'publicado_em': '2024-04-10T00:14:35Z'}, {'autor': '@EvertonCorrêa-j5y', 'comentario': 'O Welliton apanhava em casa e na escola..Esse menino sofria bullying e violência', 'likes': 8, 'publicado_em': '2024-05-11T03:08:30Z'}, {'autor': '@marquesthays', 'comentario': 'Eu também tenho depressão e baixa autoestima por causa de bullying', 'likes': 1, 'publicado_em': '2025-03-06T01:57:53Z'}]","oswjwK2OAu4","O MASSACRE DE REALENGO - WELLINGTON MENEZES DE OLIVEIRA","2","Mais antigos"
"@francielsouza-fr1cb","UCRHC4v32rcI6crBv3gB8ZTw","http://www.youtube.com/@francielsouza-fr1cb","Humilham em grupo fazem a  pessoa se sentir um lixo ate que isso acontece.","65","2023-11-23T03:34:55Z","2023-11-23T03:34:55Z","True","True","0","0","[]","oswjwK2OAu4","O MASSACRE DE REALENGO - WELLINGTON MENEZES DE OLIVEIRA","2","Mais antigos"
"@luizmauro2613","UC-yIIQX1zNmLujqGF1Xxcag","http://www.youtube.com/@luizmauro2613","Muitos falam que ele precisava de tratamento quando na verdade os que fazem bullying que precisam, ou precisam passar por algo parecido para sentir na pele e abandonarem esse comportamento destrutivo","96","2024-03-07T15:14:19Z","2024-03-07T15:14:19Z","True","True","3","3","[{'autor': '@cybeleoliveira8620', 'comentario': 'Ele tinha q matar quem fez o buling e não as crianças inocentes isso ai foi covardia', 'likes': 7, 'publicado_em': '2025-03-30T21:11:25Z'}, {'autor': '@JohnnyPoopsXXX', 'comentario': '\u200b@cybeleoliveira8620Isso foi porque o odio deixa a pessoas cega', 'likes': 0, 'publicado_em': '2025-05-30T16:55:02Z'}, {'autor': '@ZanellaCriaNaVoz', 'comentario': '\u200b@cybeleoliveira8620Não Achou Eles Muito Menos A Casa Deles Se Não Ele Teria Matado Descansa Feminista', 'likes': 0, 'publicado_em': '2025-10-31T19:29:56Z'}]","oswjwK2OAu4","O MASSACRE DE REALENGO - WELLINGTON MENEZES DE OLIVEIRA","2","Mais antigos"
"@b4brnnrnrnzeu329","UC3bnFCnnEy5ef1XwnvCIBOg","http://www.youtube.com/@b4brnnrnrnzeu329","Os vermes que fizeram bullyng com o Wellington, também tem o sangue dessas crianças em suas mãos.","200","2024-07-14T00:41:54Z","2024-07-14T00:41:54Z","True","True","22","5","[{'autor': '@felipegatti773', 'comentario': 'A responsabilidade é toda do Wellington seu merda. Conheço gente que sofreu muito mais que esse lixo e nem por isso fez o que ele fez. Se ele fosse homem ele teria ido atrás de quem fez bullying com ele, não ter ido atrás de crianças, não tente tirar a responsabilidade de um covarde de merda desses.', 'likes': 1, 'publicado_em': '2024-08-12T17:53:52Z'}, {'autor': '@felipeccardoso31', 'comentario': 'Papo furado quantos no mundo já sofreram bullying pior que ele??.. , mesmo assim  se tornaram grandes e boas pessoas no futuro.. nada justifica a morte de quem fez Bullying com ele , tão igualmente que não fez nada a ""Ele""', 'likes': 11, 'publicado_em': '2024-08-31T00:49:17Z'}, {'autor': '@RafaelAdson-nl6se', 'comentario': '@felipeccardoso31 Cada um reage de um jeito, mas nao significa que o não bullying influenciou ele.', 'likes': 28, 'publicado_em': '2024-09-02T16:45:50Z'}, {'autor': '@felipeccardoso31', 'comentario': '@RafaelAdson-nl6se  tirar vidas de pessoas que não fez nada a ele é a reação certa ???  Me poupe cara com esse papo burguês..', 'likes': 4, 'publicado_em': '2024-09-02T21:22:16Z'}, {'autor': '@RafaelAdson-nl6se', 'comentario': '@felipeccardoso31 Amigo, mostre aí onde eu falo que matar é a reação certa, falei que o bullying influenciou, mesmo assim não justifica, mas influenciou. Bora melhorar essa interpretação...', 'likes': 24, 'publicado_em': '2024-09-02T21:29:18Z'}]","oswjwK2OAu4","O MASSACRE DE REALENGO - WELLINGTON MENEZES DE OLIVEIRA","2","Mais antigos"
"@Estreladecuratarot","UCui8y3XaiHgtrenCSld-7_A","http://www.youtube.com/@Estreladecuratarot","Só vi dor no olhar desse jovem , adolescentes são cruéis, mais ele escolheu o caminho de ainda mais dor .","80","2024-07-19T21:38:34Z","2024-07-19T21:38:34Z","True","True","1","1","[{'autor': '@Débora_Onep', 'comentario': 'dor porra nenhuma, se matasse já que estava cheio de dor, matar crianças inocentes é covardia, ridículo defender um bosta desse 😡', 'likes': 0, 'publicado_em': '2025-04-11T12:30:56Z'}]","oswjwK2OAu4","O MASSACRE DE REALENGO - WELLINGTON MENEZES DE OLIVEIRA","2","Mais antigos"
"@joycettm","UCqqUZhCEf06tzWIcNF4CA0Q","http://www.youtube.com/@joycettm","Sofrer bullyng é horrível, humilhante, só quem já sofreu sabe. Tenho traumas até hj.","197","2024-08-10T15:10:30Z","2024-08-10T15:10:30Z","True","True","16","5","[{'autor': '@nettovieira547', 'comentario': 'eu entendo vc perfeitamente amiga , sofri muito porque na época eu era muito magro e não sinto piedade de quem pratica bullyng, foi pouco pra eles , pais e professores também são culpados por serem omissos', 'likes': 9, 'publicado_em': '2025-01-07T17:19:07Z'}, {'autor': '@joycettm', 'comentario': '@nettovieira547\xa0 no meu caso era pq eu era muito quieta, na minha sabe? Me chamavam das piores coisas possíveis e me excluiam de TUDO. Eu me sentia um lixo.\nEspero que você esteja melhor dos traumas do passado. E você tem razão, os pais e professores muitas vezes não tão nem aí.', 'likes': 5, 'publicado_em': '2025-01-08T16:24:08Z'}, {'autor': '@ESSEÉMEUARROBA', 'comentario': '@nettovieira547 eai palito de picole', 'likes': 3, 'publicado_em': '2025-02-24T20:27:01Z'}, {'autor': '@ESSEÉMEUARROBA', 'comentario': '@joycettm eai voz do silencio, modo avião, carro eletrico, espuma acústica, equalizadora, inimiga do telemarketing', 'likes': 5, 'publicado_em': '2025-02-24T20:29:57Z'}, {'autor': '@BACACBF', 'comentario': 'Verdade.......é muito marcante', 'likes': 1, 'publicado_em': '2025-04-02T15:17:16Z'}]","oswjwK2OAu4","O MASSACRE DE REALENGO - WELLINGTON MENEZES DE OLIVEIRA","2","Mais antigos"
"@Ghostcat69w","UCV45chrDZzoGzfnuznbM1Ww","http://www.youtube.com/@Ghostcat69w","Julho de 2025, um adolescente que foi morto por vários alunos após reagir ao bullying. Cadê o pessoal falando dos assassinos? Engraçado que só vira notícia na mídia quando a arma dispara no colégio...","70","2025-07-31T17:38:48Z","2025-07-31T17:38:48Z","True","True","2","2","[{'autor': '@Samuelovelhas', 'comentario': 'Julho?', 'likes': 2, 'publicado_em': '2025-08-02T11:52:42Z'}, {'autor': '@pedrogabrielduarte4544', 'comentario': '\u200b@Samuelovelhasisso foi a pouco tempo', 'likes': 4, 'publicado_em': '2025-09-12T17:22:52Z'}]","oswjwK2OAu4","O MASSACRE DE REALENGO - WELLINGTON MENEZES DE OLIVEIRA","2","Mais antigos"
"@Pontogeno","UCm-e1NbDu9c2ZrJDF3CYmig","http://www.youtube.com/@Pontogeno","22:09 ""Wellington foi sepultado sozinho em uma cova sem lapide ou identificação. Nenhuma de suas solicitações em sua carta final foram atendidas."" Oloco.","79","2025-09-22T22:18:02Z","2025-09-22T22:18:02Z","True","True","5","5","[{'autor': '@gfxgfsgfg', 'comentario': 'Quer ir la levar flores pro santinho?', 'likes': 0, 'publicado_em': '2025-10-08T13:45:09Z'}, {'autor': '@Pontogeno', 'comentario': '@gfxgfsgfg Não é isso, man. Tu não entendeu o que eu quis dizer. É tipo que é brutal. Me imaginei em algo assim semelhante e senti um peso do krl.', 'likes': 12, 'publicado_em': '2025-10-08T16:09:51Z'}, {'autor': '@Jovem_Visionario2025', 'comentario': '\u200b@Pontogenonao precisa se justificar amigo, nem sempre que mao te entende precisa de entender', 'likes': 14, 'publicado_em': '2025-10-09T02:44:54Z'}, {'autor': '@AlessonSantos-m5k', 'comentario': 'O cara só fez um comentário seu idiota', 'likes': 0, 'publicado_em': '2025-10-23T12:34:35Z'}, {'autor': '@ZanellaCriaNaVoz', 'comentario': '\u200b@gfxgfsgfgÉ Você Pra Crianças Que Morreu Mlk', 'likes': 0, 'publicado_em': '2025-11-15T06:01:59Z'}]","oswjwK2OAu4","O MASSACRE DE REALENGO - WELLINGTON MENEZES DE OLIVEIRA","2","Mais antigos"
"@Coragem_Brzin","UCs31spCARpfeD564x-vBmdg","http://www.youtube.com/@Coragem_Brzin","o que mais pega nesses casos é que muitas vezes a vingança é feita em cima de pessoas que nao tem nada haver com o sofrimento dos assassinos .","4505","2023-03-03T14:41:45Z","2023-03-03T14:41:45Z","True","True","130","5","[{'autor': '@Ryan.jorgeBR', 'comentario': 'Poisé, eles simplesmente devolveram ao mundo o que receberam na mesma moeda', 'likes': 303, 'publicado_em': '2023-03-06T02:11:22Z'}, {'autor': '@doom_556', 'comentario': 'Oi linda', 'likes': 29, 'publicado_em': '2023-03-06T02:59:04Z'}, {'autor': '@Coragem_Brzin', 'comentario': '@Ryan.jorgeBR bom , nao acho cara, primeira que nao foi o mundo que ""deu"" isso a eles , existem sim pessoas más e tudo mais , então foram determinadas pessoas, na mesma moeda , na minha opinião, seria uma vingança seletiva em quem realmente de fato atingiu ele ou eles , os que cometem os massacres', 'likes': 121, 'publicado_em': '2023-03-06T10:50:06Z'}, {'autor': '@Ryan.jorgeBR', 'comentario': '@Coragem_Brzin nesse mundo existe injustiça, na mesma moeda eu quis dizer moeda injusa', 'likes': 40, 'publicado_em': '2023-03-07T21:52:40Z'}, {'autor': '@Isabelagl94', 'comentario': '\u200b@Ryan.jorgeBRatitude irracional! Ele só cedeu aos sentimentos irracionais  e sua raiva, o que é o mais fácil. Isso tirando a doença mental. Cuidado com o que escreve na internet,suas ideias pela metade.. você não sabe o que passa na cabeça desses dois likes a mais que recebeu. O ser humano é influenciável como esse rapaz do vídeo foi no grupo que participava.', 'likes': 38, 'publicado_em': '2023-03-08T05:45:25Z'}]","oswjwK2OAu4","O MASSACRE DE REALENGO - WELLINGTON MENEZES DE OLIVEIRA","3","Mais curtidos"
"@katialazzarin3395","UCNHhV7aJDJ84rbkneSxyHgA","http://www.youtube.com/@katialazzarin3395","Adolescentes são maldoso, horríveis, perseguem, ofendem, batem, chutam, dão apelidos, um dia acham algum louco que revidará da pior maneira.","4192","2023-03-09T17:19:13Z","2023-03-09T17:19:13Z","True","True","367","5","[{'autor': '@cintiamarcello3152', 'comentario': 'Até às crianças são assim ,desde criança aprendem a excluir e desprezar o coleguinha ,os próprios pais que ensinam .', 'likes': 709, 'publicado_em': '2023-03-13T08:47:42Z'}, {'autor': '@joapa6588', 'comentario': 'E os pais que faziam bullying passam o pano para os filhos ...', 'likes': 455, 'publicado_em': '2023-03-17T15:48:51Z'}, {'autor': '@diegoleitao4053', 'comentario': 'CHATAAAAAA', 'likes': 0, 'publicado_em': '2023-03-19T11:26:14Z'}, {'autor': '@fabianocf7390', 'comentario': 'São só o reflexo da sociedade onde vivem', 'likes': 209, 'publicado_em': '2023-03-22T02:26:52Z'}, {'autor': '@apexgamer1645', 'comentario': 'Acho que se vc sofresse bullying ou algo do tipo faria o msm que ele não??', 'likes': 66, 'publicado_em': '2023-03-22T15:23:36Z'}]","oswjwK2OAu4","O MASSACRE DE REALENGO - WELLINGTON MENEZES DE OLIVEIRA","3","Mais curtidos"
"@GabrielOliveira-jl4nm","UCYB17Ai26KEazwXpNqAGv2Q","http://www.youtube.com/@GabrielOliveira-jl4nm","Sofri mt bullying e sei como esse cara se sentiu.. tive sorte em encontrar pessoas boas que me ajudaram mt. Acho bizarro como as pessoas acham bullying normal e ainda vendo uns comentários aqui dizem que é ""mimimi"". Cuidado galera, o ódio que vcs jogam nos outros, volta pra vcs!","3794","2023-03-10T13:36:43Z","2023-03-10T13:36:43Z","True","True","381","5","[{'autor': '@giovannijanoni662', 'comentario': 'Mas é mimimi mesmo...frescura do cacete. Quem nunca sofreu isso quando criança?\nIsso pra mim é falta de equilíbrio mental, falya de controle emocional ... Eu sofri todo tipo de zueira quando criança ...e aí ? Eu zuava tb....não é ódio...faz parte da vida, até mesmo como preparação para enfrentar a vida, e se quem sofre bullying se acha o coitadinho injustiçado e fica mau e doente por isso, nem precisa continuar sua caminhada, pois o mundo não estenderá um tapete vermelho rodeado de flores num futuro tranquilo, lindo e calmo onde tudo dá certo e todos se amam...o.mundo não foi feito para pessoas sem controle e fracas..sinto muito descordar de você.', 'likes': 191, 'publicado_em': '2023-03-11T05:54:02Z'}, {'autor': '@tecnoloart', 'comentario': '\u200b\u200b@giovannijanoni662 Esse é o problema... De repente você vai fazer bullying com quem é desequilibrado, tem tendências psicopatas ou psicóticas aí, o resultado é o que você viu. Por isso que temos que ter muito cuidado com quem ""zuamos"". Não está escrito na testa de ninguém se é psicopata. Depois o cara vem cobrar e a conta é bem alta...', 'likes': 555, 'publicado_em': '2023-03-11T14:10:41Z'}, {'autor': '@toryuzz', 'comentario': 'Sim, bullying é um problema sério, como racismo, preconceito, abuso, ele restringe a vida social de uma pessoa de maneira doentia, coisas que acontecem na infância marcam a vida para sempre, o bullying pode simplesmente mudar totalmente a vida de uma pessoa. Eu acho que quem diz que é Mimimi, nunca sofreu bullying, por que francamente. Eu sofrir por bastante tempo e tive consequências graves, de fobia social entre outros, mas consegui me recuperar depois de entrar na academia e no boxe.', 'likes': 232, 'publicado_em': '2023-03-11T15:10:29Z'}, {'autor': '@jonathinter', 'comentario': '\u200b@giovannijanoni662 se tu disse q zoava também então tu tinha amigos pra conversar né. Significa q n era tímido, pois a pessoa tímida n consegue zoar os outros. Se vc n se sentia mal então nunca sofreu bullying. N confunda bullying com brincadeiras entre amigos.', 'likes': 305, 'publicado_em': '2023-03-11T17:54:07Z'}, {'autor': '@GunPark1Lookism', 'comentario': '@giovannijanoni662 Enfiaram sua cabeça em um vaso e deram descarga com você de ponta cabeça também ?? acha isso normal ?', 'likes': 0, 'publicado_em': '2023-03-11T18:03:31Z'}]","oswjwK2OAu4","O MASSACRE DE REALENGO - WELLINGTON MENEZES DE OLIVEIRA","3","Mais curtidos"
"@alissonmateus6289","UC1QwBt4D5E832RBf00nguWA","http://www.youtube.com/@alissonmateus6289","O que esse cara fez é imperdoável, mas todos esses que fizeram bulling com ele, saibam que são culpados por esse crime também.","2458","2023-09-05T07:15:15Z","2023-09-05T07:15:15Z","True","True","78","5","[{'autor': '@ariellekeller1315', 'comentario': 'Exato, acho ainda q o único crime foi ter ido na geração errada😊', 'likes': 115, 'publicado_em': '2023-09-10T22:46:29Z'}, {'autor': '@titãorion', 'comentario': '\u200b@ariellekeller1315e aí gata', 'likes': 0, 'publicado_em': '2023-12-13T17:14:29Z'}, {'autor': '@claudineisantos4515', 'comentario': 'Eu so queria saber como as pessoas que maltrataram ele se sente depois que ele cometeu essa barbaridade.', 'likes': 122, 'publicado_em': '2023-12-25T15:53:50Z'}, {'autor': '@camerini23', 'comentario': '\u200b@ariellekeller1315 na geração anterior teve a mais famosa (Columbine)', 'likes': 39, 'publicado_em': '2023-12-26T07:04:37Z'}, {'autor': '@Nl-vb8vw', 'comentario': 'Um desses rat0s deu entrevista na Veja após essa tragédia, era frentista num posto de gasolina perto da escola e, covarde, não quis dar o nome.', 'likes': 0, 'publicado_em': '2023-12-28T05:14:44Z'}]","oswjwK2OAu4","O MASSACRE DE REALENGO - WELLINGTON MENEZES DE OLIVEIRA","3","Mais curtidos"
"@DanielOliveira-sg1me","UCe6Cc3iavbnNV-IUwpF880w","http://www.youtube.com/@DanielOliveira-sg1me","Eu sempre faço amizade com pessoas antissociais e tímidas, me identifico muito e procuro ajudar","1268","2023-03-22T05:45:12Z","2023-03-22T05:45:12Z","True","True","43","5","[{'autor': '@Geeeeeeeeeeeeeeeeeeee', 'comentario': 'Você é um bom homem.', 'likes': 45, 'publicado_em': '2023-03-22T07:14:25Z'}, {'autor': '@BrunoSantana112', 'comentario': 'Vc está fazendo o que muitos não fizeram. Parabéns.', 'likes': 90, 'publicado_em': '2023-04-06T04:55:21Z'}, {'autor': '@TravosoBR', 'comentario': 'Eu também era assim no colegial. inclusive um dos amigos que fiz nessa jornada pensava em massacre. com um tempo mostrei pra ele o quão fútil e covarde seria esse ato e ele mudou a mentalidade.', 'likes': 53, 'publicado_em': '2023-04-13T12:47:08Z'}, {'autor': '@drejose1777', 'comentario': '\u200bDani eu tbm, aprendi a me comunicar, a empresa me ajudou muito nesses aspecto, todo dia a gente conversava, todos se conhecia por la..fiquei la por 6 anos..', 'likes': 14, 'publicado_em': '2023-04-17T03:18:03Z'}, {'autor': '@maktubecarpediem9942', 'comentario': '\u200bDani é dois detalhe perdi minha vida tentando entrar no mundo dos outros e tentar agradar a todos.. solitude é vida', 'likes': 9, 'publicado_em': '2023-04-18T00:52:06Z'}]","oswjwK2OAu4","O MASSACRE DE REALENGO - WELLINGTON MENEZES DE OLIVEIRA","3","Mais curtidos"
"@eduardomatosdanesemunhoz3034","UCal5woVDm-pmSUAP4QsVSvA","http://www.youtube.com/@eduardomatosdanesemunhoz3034","Rapaz você conseguiu fazer um documentário melhor do que a da HBO.","1251","2023-10-04T00:10:10Z","2023-10-04T00:10:10Z","True","True","3","3","[{'autor': '@gabrielnunes4291', 'comentario': 'Assino em baixo', 'likes': 31, 'publicado_em': '2023-11-23T02:15:59Z'}, {'autor': '@Leaodailha00', 'comentario': 'Mn o da HBO Foi horrível, du nada o core kkkk', 'likes': 51, 'publicado_em': '2023-12-21T17:51:09Z'}, {'autor': '@thiagohenrick6772', 'comentario': 'Todos os vídeos aqui são nesse padrão, mano.', 'likes': 29, 'publicado_em': '2024-01-13T20:09:40Z'}]","oswjwK2OAu4","O MASSACRE DE REALENGO - WELLINGTON MENEZES DE OLIVEIRA","3","Mais curtidos"
"@LucasGomes-cq9gj","UCQxlAlgBMemN0f5IQo8mjSQ","http://www.youtube.com/@LucasGomes-cq9gj","Escola na fase da adolescência é um INFERNO","806","2023-04-26T12:57:18Z","2023-04-26T12:57:18Z","True","True","36","5","[{'autor': '@honeyx_pie9950', 'comentario': 'A vida em si é um INFERNO', 'likes': 76, 'publicado_em': '2023-07-17T21:29:35Z'}, {'autor': '@THACYANA.CERQUEIRA', 'comentario': 'Eu também odiava a escola, estamos juntos.', 'likes': 27, 'publicado_em': '2023-07-30T02:22:16Z'}, {'autor': '@rebecabarros7572', 'comentario': 'Eu sofri bullying na escola e mesmo assim eu dei um jeito de ser feliz era muito bom ir pra escola estudar fazer amigos a vida a gente tem q dar um jeito de ser feliz de ver o lado bom das coisas', 'likes': 16, 'publicado_em': '2023-07-31T16:07:14Z'}, {'autor': '@rebecabarros7572', 'comentario': '@MarcelokdsPoise eu também kkkk escola e muito bom não paga contas não tem q arrumar emprego', 'likes': 3, 'publicado_em': '2023-07-31T16:08:06Z'}, {'autor': '@manfredo9138', 'comentario': '@honeyx_pie9950 não. A vida pode ser boa com Jesus Cristo. Recomendo procurar ajuda psicológica e Jesus.', 'likes': 0, 'publicado_em': '2023-08-19T19:58:52Z'}]","oswjwK2OAu4","O MASSACRE DE REALENGO - WELLINGTON MENEZES DE OLIVEIRA","3","Mais curtidos"
"@ferreirarsfp","UCLpTI1kmsccF-9KlO84jeDA","http://www.youtube.com/@ferreirarsfp","Nunca sofri bullying, mas não serei egocêntrico e muito menos desonesto ao fechar os olhos e querer enxergar só a minha realidade. Pare e pense! Não mexa com quem está quieto. Infelizmente, inocentes tiveram que pagar porque os verdadeiros culpados saíram ilesos.","571","2023-04-25T06:07:54Z","2023-04-25T06:07:54Z","True","True","8","5","[{'autor': '@Mordecaiserr', 'comentario': 'perfeito!', 'likes': 18, 'publicado_em': '2023-04-29T20:48:04Z'}, {'autor': '@cortesltdah3677', 'comentario': 'Exatamente meu brother', 'likes': 7, 'publicado_em': '2023-05-17T03:53:15Z'}, {'autor': '@JulioMam', 'comentario': 'Exatamente, os que fizeram bullying com ele provavelmente tá linda essa hora', 'likes': 16, 'publicado_em': '2023-08-10T11:18:10Z'}, {'autor': '@edsonkings', 'comentario': 'Eu já sofri muito bullying, coisas sem sentindo, só que só depois de adulto passei a refleti sobre o quanto que não faz sentido algum humilhar alguém, e o mais absurdo era a naturalização disso. A diretoria, os coordenadores e até os professores não faziam nada além de dizer pra fulanos não fazerem aquilo, mas nunca chamaram os pais ou expulsaram os agressores. Me revoltava muito tudo aquilo. Eu era tímido, evitava ao máximo apresentações em público, tinha muitas inseguranças. O que mais me marcou naquela época foi um dicionário que fizeram para mim, por eu falar pouco e ter dificuldade de falar em público, eu enrolava muitas palavras e acabava errando a pronúncia delas. Foi horrível ver quase todos da sala rindo daquilo. A minha sorte era minha mãe ser muito forte, eu tinha uma mente também muito bem estruturada pq apesar de tudo eu sabia que aquilo não deveria me impedir de crescer e ser alguém na vida, ela me deu uma educação muito exemplar mesmo sem dinheiro pra quase nada além da alimentação, mas que bateu o pé e nunca faltava numa reunião escolar. Tendo em vista que todos viam aquilo e a maioria achava graça a culpa não é só de quem pratica mas também quem apoia esse tipo de atitude, por isso esses adolescentes crescem sem sentido na vida, se perdem em sua revoltas e raivas acumuladas, e acabam punindo quem estiver na frente.', 'likes': 14, 'publicado_em': '2023-12-23T15:03:49Z'}, {'autor': '@ulissesmaia1957', 'comentario': 'Eu sofri bullying em toda a vida escolar. O dia mais feliz da minha vida foi o último dia de aula.\nHoje sou um adulto livre e feliz. \nFica a dica adolescentes e crianças. Tudo melhora depois de adulto. \nAbraço.', 'likes': 6, 'publicado_em': '2024-04-06T10:18:48Z'}]","oswjwK2OAu4","O MASSACRE DE REALENGO - WELLINGTON MENEZES DE OLIVEIRA","3","Mais curtidos"
"@Ymaica","UC1GiA4KBMRI2hU9_dAAEGeg","http://www.youtube.com/@Ymaica","O maior pesadelo pra um ser humano hj em dia é a adolescência em época de escola aonde a prática de bullying é muito comum maior causador de depressão","446","2023-03-01T09:31:08Z","2023-03-01T09:31:31Z","True","True","13","5","[{'autor': '@extincaosocialistalixo6861', 'comentario': 'E HÁ QUEM DEFENDA O PRATICANTE DISSO, EU ACHO QUE QUEM HUMILHA, MACHUCA, E SE DIVERTE COM ISSO TEM QUE SE FU...A JUSTIÇA NÃO PUNE, E CADA PLANTIU TEM UMA COLHEITA.', 'likes': 0, 'publicado_em': '2023-03-08T21:18:11Z'}, {'autor': '@Zayerah-gh1uz', 'comentario': '\u200b@Guto Costa Fazer artes marciais apenas não adianta, pois os praticantes de bullying são muitos, também são ""jiujiteros"" e frequentam academia. O que resolve de verdade é ter amigos que te ajudem nas horas difíceis e entrem nas brigas. Ficar sozinho no intervalo é fatal, principalmente em escolas públicas.', 'likes': 16, 'publicado_em': '2023-03-09T22:22:45Z'}, {'autor': '@TrixieUtsuro', 'comentario': '@Guto Costa, 2010 já tinha esse bglh.', 'likes': 1, 'publicado_em': '2023-03-10T15:46:33Z'}, {'autor': '@TrixieUtsuro', 'comentario': '@Guto Costa, esse não é o contrário, não digo disso, comigo também, quem não aguentava, era mais sarneado, mas eu tô falando do termo, foi o que eu disse, esse termo, geral já mandava.', 'likes': 0, 'publicado_em': '2023-03-10T17:14:10Z'}, {'autor': '@niko89891', 'comentario': '\u200bdudpowerpackeu sofro até hoje com tudo o que vivi na escola, sempre tive o pensamento de levar uma faca pra escola, mas nunca consegui por medo de matarem minha família, pois os que faziam bullying comigo eram filhos de traficantes...\nHoje espero que tenham encontrado o seu devido lugar, que é o cemitério.', 'likes': 5, 'publicado_em': '2023-05-02T02:10:19Z'}]","oswjwK2OAu4","O MASSACRE DE REALENGO - WELLINGTON MENEZES DE OLIVEIRA","3","Mais curtidos"
"@lucasazevedo4388","UCMfQkos0JatL-yWPIWaq00Q","http://www.youtube.com/@lucasazevedo4388","Eu sofri bullying pra caralho, nunca consegui me inserir nos grupinhos da escola, mas sempre tinha 1 amigo que  se identificava comigo; e a pesar de tudo, eu tenho um pai muito foda, que me criou muito bem. Agradeço ao meu pai por tudo.","244","2023-03-14T21:49:05Z","2023-03-14T21:49:05Z","True","True","3","3","[{'autor': '@oliveirasurf', 'comentario': 'Legal teu depoimento, nunca sofri bullying mas sempre me afastei de pessoas com essas atitudes. Feliz pela sua superação.', 'likes': 8, 'publicado_em': '2023-04-22T14:10:57Z'}, {'autor': '@ferreirarsfp', 'comentario': 'Aulas mano', 'likes': 2, 'publicado_em': '2023-04-25T05:52:03Z'}, {'autor': '@projetodefibrasil', 'comentario': 'É isso ai, eu tbm sofri bullying, mas chegava em casa e era tratado como um rei, tudo isso faz a diferença.', 'likes': 6, 'publicado_em': '2023-12-18T06:57:04Z'}]","oswjwK2OAu4","O MASSACRE DE REALENGO - WELLINGTON MENEZES DE OLIVEIRA","3","Mais curtidos"
"@dani2004-","UCxqnBMSH9Yr2JWIdN4kFsgQ","http://www.youtube.com/@dani2004-","Eu sei muito bem o que esse cara passou... o Bullying te causa revolta, desejo de suicidio e tristeza profunda. Carrego traumas até hj, é muito triste que isso tudo tenha terminado dessa maneira.","243","2023-10-08T04:22:05Z","2023-10-08T04:22:05Z","True","True","6","5","[{'autor': '@batatinhafrita123filmes5', 'comentario': 'Más hoje você está bem né?', 'likes': 1, 'publicado_em': '2024-01-29T18:11:16Z'}, {'autor': '@pedradatec', 'comentario': '😅😅😅😅😅😅😅😅', 'likes': 0, 'publicado_em': '2024-03-09T09:40:48Z'}, {'autor': '@moon21328', 'comentario': 'Sinto muito pelo que vc passou, crianças, adolescentes podem ser uns monstros, espero que vc esteja bem hj, que Deus te abençoe muito ❤', 'likes': 3, 'publicado_em': '2024-04-10T00:14:35Z'}, {'autor': '@EvertonCorrêa-j5y', 'comentario': 'O Welliton apanhava em casa e na escola..Esse menino sofria bullying e violência', 'likes': 8, 'publicado_em': '2024-05-11T03:08:30Z'}, {'autor': '@marquesthays', 'comentario': 'Eu também tenho depressão e baixa autoestima por causa de bullying', 'likes': 1, 'publicado_em': '2025-03-06T01:57:53Z'}]","oswjwK2OAu4","O MASSACRE DE REALENGO - WELLINGTON MENEZES DE OLIVEIRA","3","Mais curtidos"
"@bettonera","UC3-hkkCS8osKbUV3casW_0w","http://www.youtube.com/@bettonera","Que história triste desse menino, o que ele fez não tem justificativa, foi monstruoso, mas imagino o amargor que ele carregava consigo.😢","227","2023-08-02T17:48:49Z","2023-08-02T17:48:49Z","True","True","0","0","[]","oswjwK2OAu4","O MASSACRE DE REALENGO - WELLINGTON MENEZES DE OLIVEIRA","3","Mais curtidos"
"@b4brnnrnrnzeu329","UC3bnFCnnEy5ef1XwnvCIBOg","http://www.youtube.com/@b4brnnrnrnzeu329","Os vermes que fizeram bullyng com o Wellington, também tem o sangue dessas crianças em suas mãos.","200","2024-07-14T00:41:54Z","2024-07-14T00:41:54Z","True","True","22","5","[{'autor': '@felipegatti773', 'comentario': 'A responsabilidade é toda do Wellington seu merda. Conheço gente que sofreu muito mais que esse lixo e nem por isso fez o que ele fez. Se ele fosse homem ele teria ido atrás de quem fez bullying com ele, não ter ido atrás de crianças, não tente tirar a responsabilidade de um covarde de merda desses.', 'likes': 1, 'publicado_em': '2024-08-12T17:53:52Z'}, {'autor': '@felipeccardoso31', 'comentario': 'Papo furado quantos no mundo já sofreram bullying pior que ele??.. , mesmo assim  se tornaram grandes e boas pessoas no futuro.. nada justifica a morte de quem fez Bullying com ele , tão igualmente que não fez nada a ""Ele""', 'likes': 11, 'publicado_em': '2024-08-31T00:49:17Z'}, {'autor': '@RafaelAdson-nl6se', 'comentario': '@felipeccardoso31 Cada um reage de um jeito, mas nao significa que o não bullying influenciou ele.', 'likes': 28, 'publicado_em': '2024-09-02T16:45:50Z'}, {'autor': '@felipeccardoso31', 'comentario': '@RafaelAdson-nl6se  tirar vidas de pessoas que não fez nada a ele é a reação certa ???  Me poupe cara com esse papo burguês..', 'likes': 4, 'publicado_em': '2024-09-02T21:22:16Z'}, {'autor': '@RafaelAdson-nl6se', 'comentario': '@felipeccardoso31 Amigo, mostre aí onde eu falo que matar é a reação certa, falei que o bullying influenciou, mesmo assim não justifica, mas influenciou. Bora melhorar essa interpretação...', 'likes': 24, 'publicado_em': '2024-09-02T21:29:18Z'}]","oswjwK2OAu4","O MASSACRE DE REALENGO - WELLINGTON MENEZES DE OLIVEIRA","3","Mais curtidos"
"@joycettm","UCqqUZhCEf06tzWIcNF4CA0Q","http://www.youtube.com/@joycettm","Sofrer bullyng é horrível, humilhante, só quem já sofreu sabe. Tenho traumas até hj.","197","2024-08-10T15:10:30Z","2024-08-10T15:10:30Z","True","True","16","5","[{'autor': '@nettovieira547', 'comentario': 'eu entendo vc perfeitamente amiga , sofri muito porque na época eu era muito magro e não sinto piedade de quem pratica bullyng, foi pouco pra eles , pais e professores também são culpados por serem omissos', 'likes': 9, 'publicado_em': '2025-01-07T17:19:07Z'}, {'autor': '@joycettm', 'comentario': '@nettovieira547\xa0 no meu caso era pq eu era muito quieta, na minha sabe? Me chamavam das piores coisas possíveis e me excluiam de TUDO. Eu me sentia um lixo.\nEspero que você esteja melhor dos traumas do passado. E você tem razão, os pais e professores muitas vezes não tão nem aí.', 'likes': 5, 'publicado_em': '2025-01-08T16:24:08Z'}, {'autor': '@ESSEÉMEUARROBA', 'comentario': '@nettovieira547 eai palito de picole', 'likes': 3, 'publicado_em': '2025-02-24T20:27:01Z'}, {'autor': '@ESSEÉMEUARROBA', 'comentario': '@joycettm eai voz do silencio, modo avião, carro eletrico, espuma acústica, equalizadora, inimiga do telemarketing', 'likes': 5, 'publicado_em': '2025-02-24T20:29:57Z'}, {'autor': '@BACACBF', 'comentario': 'Verdade.......é muito marcante', 'likes': 1, 'publicado_em': '2025-04-02T15:17:16Z'}]","oswjwK2OAu4","O MASSACRE DE REALENGO - WELLINGTON MENEZES DE OLIVEIRA","3","Mais curtidos"
"@luizmauro2613","UC-yIIQX1zNmLujqGF1Xxcag","http://www.youtube.com/@luizmauro2613","Muitos falam que ele precisava de tratamento quando na verdade os que fazem bullying que precisam, ou precisam passar por algo parecido para sentir na pele e abandonarem esse comportamento destrutivo","96","2024-03-07T15:14:19Z","2024-03-07T15:14:19Z","True","True","3","3","[{'autor': '@cybeleoliveira8620', 'comentario': 'Ele tinha q matar quem fez o buling e não as crianças inocentes isso ai foi covardia', 'likes': 7, 'publicado_em': '2025-03-30T21:11:25Z'}, {'autor': '@JohnnyPoopsXXX', 'comentario': '\u200b@cybeleoliveira8620Isso foi porque o odio deixa a pessoas cega', 'likes': 0, 'publicado_em': '2025-05-30T16:55:02Z'}, {'autor': '@ZanellaCriaNaVoz', 'comentario': '\u200b@cybeleoliveira8620Não Achou Eles Muito Menos A Casa Deles Se Não Ele Teria Matado Descansa Feminista', 'likes': 0, 'publicado_em': '2025-10-31T19:29:56Z'}]","oswjwK2OAu4","O MASSACRE DE REALENGO - WELLINGTON MENEZES DE OLIVEIRA","3","Mais curtidos"
"@Estreladecuratarot","UCui8y3XaiHgtrenCSld-7_A","http://www.youtube.com/@Estreladecuratarot","Só vi dor no olhar desse jovem , adolescentes são cruéis, mais ele escolheu o caminho de ainda mais dor .","80","2024-07-19T21:38:34Z","2024-07-19T21:38:34Z","True","True","1","1","[{'autor': '@Débora_Onep', 'comentario': 'dor porra nenhuma, se matasse já que estava cheio de dor, matar crianças inocentes é covardia, ridículo defender um bosta desse 😡', 'likes': 0, 'publicado_em': '2025-04-11T12:30:56Z'}]","oswjwK2OAu4","O MASSACRE DE REALENGO - WELLINGTON MENEZES DE OLIVEIRA","3","Mais curtidos"
"@Pontogeno","UCm-e1NbDu9c2ZrJDF3CYmig","http://www.youtube.com/@Pontogeno","22:09 ""Wellington foi sepultado sozinho em uma cova sem lapide ou identificação. Nenhuma de suas solicitações em sua carta final foram atendidas."" Oloco.","79","2025-09-22T22:18:02Z","2025-09-22T22:18:02Z","True","True","5","5","[{'autor': '@gfxgfsgfg', 'comentario': 'Quer ir la levar flores pro santinho?', 'likes': 0, 'publicado_em': '2025-10-08T13:45:09Z'}, {'autor': '@Pontogeno', 'comentario': '@gfxgfsgfg Não é isso, man. Tu não entendeu o que eu quis dizer. É tipo que é brutal. Me imaginei em algo assim semelhante e senti um peso do krl.', 'likes': 12, 'publicado_em': '2025-10-08T16:09:51Z'}, {'autor': '@Jovem_Visionario2025', 'comentario': '\u200b@Pontogenonao precisa se justificar amigo, nem sempre que mao te entende precisa de entender', 'likes': 14, 'publicado_em': '2025-10-09T02:44:54Z'}, {'autor': '@AlessonSantos-m5k', 'comentario': 'O cara só fez um comentário seu idiota', 'likes': 0, 'publicado_em': '2025-10-23T12:34:35Z'}, {'autor': '@ZanellaCriaNaVoz', 'comentario': '\u200b@gfxgfsgfgÉ Você Pra Crianças Que Morreu Mlk', 'likes': 0, 'publicado_em': '2025-11-15T06:01:59Z'}]","oswjwK2OAu4","O MASSACRE DE REALENGO - WELLINGTON MENEZES DE OLIVEIRA","3","Mais curtidos"
"@Ghostcat69w","UCV45chrDZzoGzfnuznbM1Ww","http://www.youtube.com/@Ghostcat69w","Julho de 2025, um adolescente que foi morto por vários alunos após reagir ao bullying. Cadê o pessoal falando dos assassinos? Engraçado que só vira notícia na mídia quando a arma dispara no colégio...","70","2025-07-31T17:38:48Z","2025-07-31T17:38:48Z","True","True","2","2","[{'autor': '@Samuelovelhas', 'comentario': 'Julho?', 'likes': 2, 'publicado_em': '2025-08-02T11:52:42Z'}, {'autor': '@pedrogabrielduarte4544', 'comentario': '\u200b@Samuelovelhasisso foi a pouco tempo', 'likes': 4, 'publicado_em': '2025-09-12T17:22:52Z'}]","oswjwK2OAu4","O MASSACRE DE REALENGO - WELLINGTON MENEZES DE OLIVEIRA","3","Mais curtidos"
"@David-Smith-X7","UCp8hymmQCiS-mte-Dup8NBw","http://www.youtube.com/@David-Smith-X7","""Quando cercar o inimigo, deixe uma saída para ele, caso contrário, ele lutará até a morte.""","66","2023-03-01T22:48:19Z","2023-03-01T22:48:19Z","True","True","0","0","[]","oswjwK2OAu4","O MASSACRE DE REALENGO - WELLINGTON MENEZES DE OLIVEIRA","3","Mais curtidos"
"@francielsouza-fr1cb","UCRHC4v32rcI6crBv3gB8ZTw","http://www.youtube.com/@francielsouza-fr1cb","Humilham em grupo fazem a  pessoa se sentir um lixo ate que isso acontece.","65","2023-11-23T03:34:55Z","2023-11-23T03:34:55Z","True","True","0","0","[]","oswjwK2OAu4","O MASSACRE DE REALENGO - WELLINGTON MENEZES DE OLIVEIRA","3","Mais curtidos"
"@GabrielOliveira-jl4nm","UCYB17Ai26KEazwXpNqAGv2Q","http://www.youtube.com/@GabrielOliveira-jl4nm","Sofri mt bullying e sei como esse cara se sentiu.. tive sorte em encontrar pessoas boas que me ajudaram mt. Acho bizarro como as pessoas acham bullying normal e ainda vendo uns comentários aqui dizem que é ""mimimi"". Cuidado galera, o ódio que vcs jogam nos outros, volta pra vcs!","3794","2023-03-10T13:36:43Z","2023-03-10T13:36:43Z","True","True","381","5","[{'autor': '@giovannijanoni662', 'comentario': 'Mas é mimimi mesmo...frescura do cacete. Quem nunca sofreu isso quando criança?\nIsso pra mim é falta de equilíbrio mental, falya de controle emocional ... Eu sofri todo tipo de zueira quando criança ...e aí ? Eu zuava tb....não é ódio...faz parte da vida, até mesmo como preparação para enfrentar a vida, e se quem sofre bullying se acha o coitadinho injustiçado e fica mau e doente por isso, nem precisa continuar sua caminhada, pois o mundo não estenderá um tapete vermelho rodeado de flores num futuro tranquilo, lindo e calmo onde tudo dá certo e todos se amam...o.mundo não foi feito para pessoas sem controle e fracas..sinto muito descordar de você.', 'likes': 191, 'publicado_em': '2023-03-11T05:54:02Z'}, {'autor': '@tecnoloart', 'comentario': '\u200b\u200b@giovannijanoni662 Esse é o problema... De repente você vai fazer bullying com quem é desequilibrado, tem tendências psicopatas ou psicóticas aí, o resultado é o que você viu. Por isso que temos que ter muito cuidado com quem ""zuamos"". Não está escrito na testa de ninguém se é psicopata. Depois o cara vem cobrar e a conta é bem alta...', 'likes': 555, 'publicado_em': '2023-03-11T14:10:41Z'}, {'autor': '@toryuzz', 'comentario': 'Sim, bullying é um problema sério, como racismo, preconceito, abuso, ele restringe a vida social de uma pessoa de maneira doentia, coisas que acontecem na infância marcam a vida para sempre, o bullying pode simplesmente mudar totalmente a vida de uma pessoa. Eu acho que quem diz que é Mimimi, nunca sofreu bullying, por que francamente. Eu sofrir por bastante tempo e tive consequências graves, de fobia social entre outros, mas consegui me recuperar depois de entrar na academia e no boxe.', 'likes': 232, 'publicado_em': '2023-03-11T15:10:29Z'}, {'autor': '@jonathinter', 'comentario': '\u200b@giovannijanoni662 se tu disse q zoava também então tu tinha amigos pra conversar né. Significa q n era tímido, pois a pessoa tímida n consegue zoar os outros. Se vc n se sentia mal então nunca sofreu bullying. N confunda bullying com brincadeiras entre amigos.', 'likes': 305, 'publicado_em': '2023-03-11T17:54:07Z'}, {'autor': '@GunPark1Lookism', 'comentario': '@giovannijanoni662 Enfiaram sua cabeça em um vaso e deram descarga com você de ponta cabeça também ?? acha isso normal ?', 'likes': 0, 'publicado_em': '2023-03-11T18:03:31Z'}]","oswjwK2OAu4","O MASSACRE DE REALENGO - WELLINGTON MENEZES DE OLIVEIRA","4","Mais longos"
"@ferreirarsfp","UCLpTI1kmsccF-9KlO84jeDA","http://www.youtube.com/@ferreirarsfp","Nunca sofri bullying, mas não serei egocêntrico e muito menos desonesto ao fechar os olhos e querer enxergar só a minha realidade. Pare e pense! Não mexa com quem está quieto. Infelizmente, inocentes tiveram que pagar porque os verdadeiros culpados saíram ilesos.","571","2023-04-25T06:07:54Z","2023-04-25T06:07:54Z","True","True","8","5","[{'autor': '@Mordecaiserr', 'comentario': 'perfeito!', 'likes': 18, 'publicado_em': '2023-04-29T20:48:04Z'}, {'autor': '@cortesltdah3677', 'comentario': 'Exatamente meu brother', 'likes': 7, 'publicado_em': '2023-05-17T03:53:15Z'}, {'autor': '@JulioMam', 'comentario': 'Exatamente, os que fizeram bullying com ele provavelmente tá linda essa hora', 'likes': 16, 'publicado_em': '2023-08-10T11:18:10Z'}, {'autor': '@edsonkings', 'comentario': 'Eu já sofri muito bullying, coisas sem sentindo, só que só depois de adulto passei a refleti sobre o quanto que não faz sentido algum humilhar alguém, e o mais absurdo era a naturalização disso. A diretoria, os coordenadores e até os professores não faziam nada além de dizer pra fulanos não fazerem aquilo, mas nunca chamaram os pais ou expulsaram os agressores. Me revoltava muito tudo aquilo. Eu era tímido, evitava ao máximo apresentações em público, tinha muitas inseguranças. O que mais me marcou naquela época foi um dicionário que fizeram para mim, por eu falar pouco e ter dificuldade de falar em público, eu enrolava muitas palavras e acabava errando a pronúncia delas. Foi horrível ver quase todos da sala rindo daquilo. A minha sorte era minha mãe ser muito forte, eu tinha uma mente também muito bem estruturada pq apesar de tudo eu sabia que aquilo não deveria me impedir de crescer e ser alguém na vida, ela me deu uma educação muito exemplar mesmo sem dinheiro pra quase nada além da alimentação, mas que bateu o pé e nunca faltava numa reunião escolar. Tendo em vista que todos viam aquilo e a maioria achava graça a culpa não é só de quem pratica mas também quem apoia esse tipo de atitude, por isso esses adolescentes crescem sem sentido na vida, se perdem em sua revoltas e raivas acumuladas, e acabam punindo quem estiver na frente.', 'likes': 14, 'publicado_em': '2023-12-23T15:03:49Z'}, {'autor': '@ulissesmaia1957', 'comentario': 'Eu sofri bullying em toda a vida escolar. O dia mais feliz da minha vida foi o último dia de aula.\nHoje sou um adulto livre e feliz. \nFica a dica adolescentes e crianças. Tudo melhora depois de adulto. \nAbraço.', 'likes': 6, 'publicado_em': '2024-04-06T10:18:48Z'}]","oswjwK2OAu4","O MASSACRE DE REALENGO - WELLINGTON MENEZES DE OLIVEIRA","4","Mais longos"
"@lucasazevedo4388","UCMfQkos0JatL-yWPIWaq00Q","http://www.youtube.com/@lucasazevedo4388","Eu sofri bullying pra caralho, nunca consegui me inserir nos grupinhos da escola, mas sempre tinha 1 amigo que  se identificava comigo; e a pesar de tudo, eu tenho um pai muito foda, que me criou muito bem. Agradeço ao meu pai por tudo.","244","2023-03-14T21:49:05Z","2023-03-14T21:49:05Z","True","True","3","3","[{'autor': '@oliveirasurf', 'comentario': 'Legal teu depoimento, nunca sofri bullying mas sempre me afastei de pessoas com essas atitudes. Feliz pela sua superação.', 'likes': 8, 'publicado_em': '2023-04-22T14:10:57Z'}, {'autor': '@ferreirarsfp', 'comentario': 'Aulas mano', 'likes': 2, 'publicado_em': '2023-04-25T05:52:03Z'}, {'autor': '@projetodefibrasil', 'comentario': 'É isso ai, eu tbm sofri bullying, mas chegava em casa e era tratado como um rei, tudo isso faz a diferença.', 'likes': 6, 'publicado_em': '2023-12-18T06:57:04Z'}]","oswjwK2OAu4","O MASSACRE DE REALENGO - WELLINGTON MENEZES DE OLIVEIRA","4","Mais longos"
"@Ghostcat69w","UCV45chrDZzoGzfnuznbM1Ww","http://www.youtube.com/@Ghostcat69w","Julho de 2025, um adolescente que foi morto por vários alunos após reagir ao bullying. Cadê o pessoal falando dos assassinos? Engraçado que só vira notícia na mídia quando a arma dispara no colégio...","70","2025-07-31T17:38:48Z","2025-07-31T17:38:48Z","True","True","2","2","[{'autor': '@Samuelovelhas', 'comentario': 'Julho?', 'likes': 2, 'publicado_em': '2025-08-02T11:52:42Z'}, {'autor': '@pedrogabrielduarte4544', 'comentario': '\u200b@Samuelovelhasisso foi a pouco tempo', 'likes': 4, 'publicado_em': '2025-09-12T17:22:52Z'}]","oswjwK2OAu4","O MASSACRE DE REALENGO - WELLINGTON MENEZES DE OLIVEIRA","4","Mais longos"
"@luizmauro2613","UC-yIIQX1zNmLujqGF1Xxcag","http://www.youtube.com/@luizmauro2613","Muitos falam que ele precisava de tratamento quando na verdade os que fazem bullying que precisam, ou precisam passar por algo parecido para sentir na pele e abandonarem esse comportamento destrutivo","96","2024-03-07T15:14:19Z","2024-03-07T15:14:19Z","True","True","3","3","[{'autor': '@cybeleoliveira8620', 'comentario': 'Ele tinha q matar quem fez o buling e não as crianças inocentes isso ai foi covardia', 'likes': 7, 'publicado_em': '2025-03-30T21:11:25Z'}, {'autor': '@JohnnyPoopsXXX', 'comentario': '\u200b@cybeleoliveira8620Isso foi porque o odio deixa a pessoas cega', 'likes': 0, 'publicado_em': '2025-05-30T16:55:02Z'}, {'autor': '@ZanellaCriaNaVoz', 'comentario': '\u200b@cybeleoliveira8620Não Achou Eles Muito Menos A Casa Deles Se Não Ele Teria Matado Descansa Feminista', 'likes': 0, 'publicado_em': '2025-10-31T19:29:56Z'}]","oswjwK2OAu4","O MASSACRE DE REALENGO - WELLINGTON MENEZES DE OLIVEIRA","4","Mais longos"
"@dani2004-","UCxqnBMSH9Yr2JWIdN4kFsgQ","http://www.youtube.com/@dani2004-","Eu sei muito bem o que esse cara passou... o Bullying te causa revolta, desejo de suicidio e tristeza profunda. Carrego traumas até hj, é muito triste que isso tudo tenha terminado dessa maneira.","243","2023-10-08T04:22:05Z","2023-10-08T04:22:05Z","True","True","6","5","[{'autor': '@batatinhafrita123filmes5', 'comentario': 'Más hoje você está bem né?', 'likes': 1, 'publicado_em': '2024-01-29T18:11:16Z'}, {'autor': '@pedradatec', 'comentario': '😅😅😅😅😅😅😅😅', 'likes': 0, 'publicado_em': '2024-03-09T09:40:48Z'}, {'autor': '@moon21328', 'comentario': 'Sinto muito pelo que vc passou, crianças, adolescentes podem ser uns monstros, espero que vc esteja bem hj, que Deus te abençoe muito ❤', 'likes': 3, 'publicado_em': '2024-04-10T00:14:35Z'}, {'autor': '@EvertonCorrêa-j5y', 'comentario': 'O Welliton apanhava em casa e na escola..Esse menino sofria bullying e violência', 'likes': 8, 'publicado_em': '2024-05-11T03:08:30Z'}, {'autor': '@marquesthays', 'comentario': 'Eu também tenho depressão e baixa autoestima por causa de bullying', 'likes': 1, 'publicado_em': '2025-03-06T01:57:53Z'}]","oswjwK2OAu4","O MASSACRE DE REALENGO - WELLINGTON MENEZES DE OLIVEIRA","4","Mais longos"
"@Pontogeno","UCm-e1NbDu9c2ZrJDF3CYmig","http://www.youtube.com/@Pontogeno","22:09 ""Wellington foi sepultado sozinho em uma cova sem lapide ou identificação. Nenhuma de suas solicitações em sua carta final foram atendidas."" Oloco.","79","2025-09-22T22:18:02Z","2025-09-22T22:18:02Z","True","True","5","5","[{'autor': '@gfxgfsgfg', 'comentario': 'Quer ir la levar flores pro santinho?', 'likes': 0, 'publicado_em': '2025-10-08T13:45:09Z'}, {'autor': '@Pontogeno', 'comentario': '@gfxgfsgfg Não é isso, man. Tu não entendeu o que eu quis dizer. É tipo que é brutal. Me imaginei em algo assim semelhante e senti um peso do krl.', 'likes': 12, 'publicado_em': '2025-10-08T16:09:51Z'}, {'autor': '@Jovem_Visionario2025', 'comentario': '\u200b@Pontogenonao precisa se justificar amigo, nem sempre que mao te entende precisa de entender', 'likes': 14, 'publicado_em': '2025-10-09T02:44:54Z'}, {'autor': '@AlessonSantos-m5k', 'comentario': 'O cara só fez um comentário seu idiota', 'likes': 0, 'publicado_em': '2025-10-23T12:34:35Z'}, {'autor': '@ZanellaCriaNaVoz', 'comentario': '\u200b@gfxgfsgfgÉ Você Pra Crianças Que Morreu Mlk', 'likes': 0, 'publicado_em': '2025-11-15T06:01:59Z'}]","oswjwK2OAu4","O MASSACRE DE REALENGO - WELLINGTON MENEZES DE OLIVEIRA","4","Mais longos"
"@Ymaica","UC1GiA4KBMRI2hU9_dAAEGeg","http://www.youtube.com/@Ymaica","O maior pesadelo pra um ser humano hj em dia é a adolescência em época de escola aonde a prática de bullying é muito comum maior causador de depressão","446","2023-03-01T09:31:08Z","2023-03-01T09:31:31Z","True","True","13","5","[{'autor': '@extincaosocialistalixo6861', 'comentario': 'E HÁ QUEM DEFENDA O PRATICANTE DISSO, EU ACHO QUE QUEM HUMILHA, MACHUCA, E SE DIVERTE COM ISSO TEM QUE SE FU...A JUSTIÇA NÃO PUNE, E CADA PLANTIU TEM UMA COLHEITA.', 'likes': 0, 'publicado_em': '2023-03-08T21:18:11Z'}, {'autor': '@Zayerah-gh1uz', 'comentario': '\u200b@Guto Costa Fazer artes marciais apenas não adianta, pois os praticantes de bullying são muitos, também são ""jiujiteros"" e frequentam academia. O que resolve de verdade é ter amigos que te ajudem nas horas difíceis e entrem nas brigas. Ficar sozinho no intervalo é fatal, principalmente em escolas públicas.', 'likes': 16, 'publicado_em': '2023-03-09T22:22:45Z'}, {'autor': '@TrixieUtsuro', 'comentario': '@Guto Costa, 2010 já tinha esse bglh.', 'likes': 1, 'publicado_em': '2023-03-10T15:46:33Z'}, {'autor': '@TrixieUtsuro', 'comentario': '@Guto Costa, esse não é o contrário, não digo disso, comigo também, quem não aguentava, era mais sarneado, mas eu tô falando do termo, foi o que eu disse, esse termo, geral já mandava.', 'likes': 0, 'publicado_em': '2023-03-10T17:14:10Z'}, {'autor': '@niko89891', 'comentario': '\u200bdudpowerpackeu sofro até hoje com tudo o que vivi na escola, sempre tive o pensamento de levar uma faca pra escola, mas nunca consegui por medo de matarem minha família, pois os que faziam bullying comigo eram filhos de traficantes...\nHoje espero que tenham encontrado o seu devido lugar, que é o cemitério.', 'likes': 5, 'publicado_em': '2023-05-02T02:10:19Z'}]","oswjwK2OAu4","O MASSACRE DE REALENGO - WELLINGTON MENEZES DE OLIVEIRA","4","Mais longos"
"@Coragem_Brzin","UCs31spCARpfeD564x-vBmdg","http://www.youtube.com/@Coragem_Brzin","o que mais pega nesses casos é que muitas vezes a vingança é feita em cima de pessoas que nao tem nada haver com o sofrimento dos assassinos .","4505","2023-03-03T14:41:45Z","2023-03-03T14:41:45Z","True","True","130","5","[{'autor': '@Ryan.jorgeBR', 'comentario': 'Poisé, eles simplesmente devolveram ao mundo o que receberam na mesma moeda', 'likes': 303, 'publicado_em': '2023-03-06T02:11:22Z'}, {'autor': '@doom_556', 'comentario': 'Oi linda', 'likes': 29, 'publicado_em': '2023-03-06T02:59:04Z'}, {'autor': '@Coragem_Brzin', 'comentario': '@Ryan.jorgeBR bom , nao acho cara, primeira que nao foi o mundo que ""deu"" isso a eles , existem sim pessoas más e tudo mais , então foram determinadas pessoas, na mesma moeda , na minha opinião, seria uma vingança seletiva em quem realmente de fato atingiu ele ou eles , os que cometem os massacres', 'likes': 121, 'publicado_em': '2023-03-06T10:50:06Z'}, {'autor': '@Ryan.jorgeBR', 'comentario': '@Coragem_Brzin nesse mundo existe injustiça, na mesma moeda eu quis dizer moeda injusa', 'likes': 40, 'publicado_em': '2023-03-07T21:52:40Z'}, {'autor': '@Isabelagl94', 'comentario': '\u200b@Ryan.jorgeBRatitude irracional! Ele só cedeu aos sentimentos irracionais  e sua raiva, o que é o mais fácil. Isso tirando a doença mental. Cuidado com o que escreve na internet,suas ideias pela metade.. você não sabe o que passa na cabeça desses dois likes a mais que recebeu. O ser humano é influenciável como esse rapaz do vídeo foi no grupo que participava.', 'likes': 38, 'publicado_em': '2023-03-08T05:45:25Z'}]","oswjwK2OAu4","O MASSACRE DE REALENGO - WELLINGTON MENEZES DE OLIVEIRA","4","Mais longos"
"@katialazzarin3395","UCNHhV7aJDJ84rbkneSxyHgA","http://www.youtube.com/@katialazzarin3395","Adolescentes são maldoso, horríveis, perseguem, ofendem, batem, chutam, dão apelidos, um dia acham algum louco que revidará da pior maneira.","4192","2023-03-09T17:19:13Z","2023-03-09T17:19:13Z","True","True","367","5","[{'autor': '@cintiamarcello3152', 'comentario': 'Até às crianças são assim ,desde criança aprendem a excluir e desprezar o coleguinha ,os próprios pais que ensinam .', 'likes': 709, 'publicado_em': '2023-03-13T08:47:42Z'}, {'autor': '@joapa6588', 'comentario': 'E os pais que faziam bullying passam o pano para os filhos ...', 'likes': 455, 'publicado_em': '2023-03-17T15:48:51Z'}, {'autor': '@diegoleitao4053', 'comentario': 'CHATAAAAAA', 'likes': 0, 'publicado_em': '2023-03-19T11:26:14Z'}, {'autor': '@fabianocf7390', 'comentario': 'São só o reflexo da sociedade onde vivem', 'likes': 209, 'publicado_em': '2023-03-22T02:26:52Z'}, {'autor': '@apexgamer1645', 'comentario': 'Acho que se vc sofresse bullying ou algo do tipo faria o msm que ele não??', 'likes': 66, 'publicado_em': '2023-03-22T15:23:36Z'}]","oswjwK2OAu4","O MASSACRE DE REALENGO - WELLINGTON MENEZES DE OLIVEIRA","4","Mais longos"
"@bettonera","UC3-hkkCS8osKbUV3casW_0w","http://www.youtube.com/@bettonera","Que história triste desse menino, o que ele fez não tem justificativa, foi monstruoso, mas imagino o amargor que ele carregava consigo.😢","227","2023-08-02T17:48:49Z","2023-08-02T17:48:49Z","True","True","0","0","[]","oswjwK2OAu4","O MASSACRE DE REALENGO - WELLINGTON MENEZES DE OLIVEIRA","4","Mais longos"
"@alissonmateus6289","UC1QwBt4D5E832RBf00nguWA","http://www.youtube.com/@alissonmateus6289","O que esse cara fez é imperdoável, mas todos esses que fizeram bulling com ele, saibam que são culpados por esse crime também.","2458","2023-09-05T07:15:15Z","2023-09-05T07:15:15Z","True","True","78","5","[{'autor': '@ariellekeller1315', 'comentario': 'Exato, acho ainda q o único crime foi ter ido na geração errada😊', 'likes': 115, 'publicado_em': '2023-09-10T22:46:29Z'}, {'autor': '@titãorion', 'comentario': '\u200b@ariellekeller1315e aí gata', 'likes': 0, 'publicado_em': '2023-12-13T17:14:29Z'}, {'autor': '@claudineisantos4515', 'comentario': 'Eu so queria saber como as pessoas que maltrataram ele se sente depois que ele cometeu essa barbaridade.', 'likes': 122, 'publicado_em': '2023-12-25T15:53:50Z'}, {'autor': '@camerini23', 'comentario': '\u200b@ariellekeller1315 na geração anterior teve a mais famosa (Columbine)', 'likes': 39, 'publicado_em': '2023-12-26T07:04:37Z'}, {'autor': '@Nl-vb8vw', 'comentario': 'Um desses rat0s deu entrevista na Veja após essa tragédia, era frentista num posto de gasolina perto da escola e, covarde, não quis dar o nome.', 'likes': 0, 'publicado_em': '2023-12-28T05:14:44Z'}]","oswjwK2OAu4","O MASSACRE DE REALENGO - WELLINGTON MENEZES DE OLIVEIRA","4","Mais longos"
"@Estreladecuratarot","UCui8y3XaiHgtrenCSld-7_A","http://www.youtube.com/@Estreladecuratarot","Só vi dor no olhar desse jovem , adolescentes são cruéis, mais ele escolheu o caminho de ainda mais dor .","80","2024-07-19T21:38:34Z","2024-07-19T21:38:34Z","True","True","1","1","[{'autor': '@Débora_Onep', 'comentario': 'dor porra nenhuma, se matasse já que estava cheio de dor, matar crianças inocentes é covardia, ridículo defender um bosta desse 😡', 'likes': 0, 'publicado_em': '2025-04-11T12:30:56Z'}]","oswjwK2OAu4","O MASSACRE DE REALENGO - WELLINGTON MENEZES DE OLIVEIRA","4","Mais longos"
"@b4brnnrnrnzeu329","UC3bnFCnnEy5ef1XwnvCIBOg","http://www.youtube.com/@b4brnnrnrnzeu329","Os vermes que fizeram bullyng com o Wellington, também tem o sangue dessas crianças em suas mãos.","200","2024-07-14T00:41:54Z","2024-07-14T00:41:54Z","True","True","22","5","[{'autor': '@felipegatti773', 'comentario': 'A responsabilidade é toda do Wellington seu merda. Conheço gente que sofreu muito mais que esse lixo e nem por isso fez o que ele fez. Se ele fosse homem ele teria ido atrás de quem fez bullying com ele, não ter ido atrás de crianças, não tente tirar a responsabilidade de um covarde de merda desses.', 'likes': 1, 'publicado_em': '2024-08-12T17:53:52Z'}, {'autor': '@felipeccardoso31', 'comentario': 'Papo furado quantos no mundo já sofreram bullying pior que ele??.. , mesmo assim  se tornaram grandes e boas pessoas no futuro.. nada justifica a morte de quem fez Bullying com ele , tão igualmente que não fez nada a ""Ele""', 'likes': 11, 'publicado_em': '2024-08-31T00:49:17Z'}, {'autor': '@RafaelAdson-nl6se', 'comentario': '@felipeccardoso31 Cada um reage de um jeito, mas nao significa que o não bullying influenciou ele.', 'likes': 28, 'publicado_em': '2024-09-02T16:45:50Z'}, {'autor': '@felipeccardoso31', 'comentario': '@RafaelAdson-nl6se  tirar vidas de pessoas que não fez nada a ele é a reação certa ???  Me poupe cara com esse papo burguês..', 'likes': 4, 'publicado_em': '2024-09-02T21:22:16Z'}, {'autor': '@RafaelAdson-nl6se', 'comentario': '@felipeccardoso31 Amigo, mostre aí onde eu falo que matar é a reação certa, falei que o bullying influenciou, mesmo assim não justifica, mas influenciou. Bora melhorar essa interpretação...', 'likes': 24, 'publicado_em': '2024-09-02T21:29:18Z'}]","oswjwK2OAu4","O MASSACRE DE REALENGO - WELLINGTON MENEZES DE OLIVEIRA","4","Mais longos"
"@DanielOliveira-sg1me","UCe6Cc3iavbnNV-IUwpF880w","http://www.youtube.com/@DanielOliveira-sg1me","Eu sempre faço amizade com pessoas antissociais e tímidas, me identifico muito e procuro ajudar","1268","2023-03-22T05:45:12Z","2023-03-22T05:45:12Z","True","True","43","5","[{'autor': '@Geeeeeeeeeeeeeeeeeeee', 'comentario': 'Você é um bom homem.', 'likes': 45, 'publicado_em': '2023-03-22T07:14:25Z'}, {'autor': '@BrunoSantana112', 'comentario': 'Vc está fazendo o que muitos não fizeram. Parabéns.', 'likes': 90, 'publicado_em': '2023-04-06T04:55:21Z'}, {'autor': '@TravosoBR', 'comentario': 'Eu também era assim no colegial. inclusive um dos amigos que fiz nessa jornada pensava em massacre. com um tempo mostrei pra ele o quão fútil e covarde seria esse ato e ele mudou a mentalidade.', 'likes': 53, 'publicado_em': '2023-04-13T12:47:08Z'}, {'autor': '@drejose1777', 'comentario': '\u200bDani eu tbm, aprendi a me comunicar, a empresa me ajudou muito nesses aspecto, todo dia a gente conversava, todos se conhecia por la..fiquei la por 6 anos..', 'likes': 14, 'publicado_em': '2023-04-17T03:18:03Z'}, {'autor': '@maktubecarpediem9942', 'comentario': '\u200bDani é dois detalhe perdi minha vida tentando entrar no mundo dos outros e tentar agradar a todos.. solitude é vida', 'likes': 9, 'publicado_em': '2023-04-18T00:52:06Z'}]","oswjwK2OAu4","O MASSACRE DE REALENGO - WELLINGTON MENEZES DE OLIVEIRA","4","Mais longos"
"@David-Smith-X7","UCp8hymmQCiS-mte-Dup8NBw","http://www.youtube.com/@David-Smith-X7","""Quando cercar o inimigo, deixe uma saída para ele, caso contrário, ele lutará até a morte.""","66","2023-03-01T22:48:19Z","2023-03-01T22:48:19Z","True","True","0","0","[]","oswjwK2OAu4","O MASSACRE DE REALENGO - WELLINGTON MENEZES DE OLIVEIRA","4","Mais longos"
"@joycettm","UCqqUZhCEf06tzWIcNF4CA0Q","http://www.youtube.com/@joycettm","Sofrer bullyng é horrível, humilhante, só quem já sofreu sabe. Tenho traumas até hj.","197","2024-08-10T15:10:30Z","2024-08-10T15:10:30Z","True","True","16","5","[{'autor': '@nettovieira547', 'comentario': 'eu entendo vc perfeitamente amiga , sofri muito porque na época eu era muito magro e não sinto piedade de quem pratica bullyng, foi pouco pra eles , pais e professores também são culpados por serem omissos', 'likes': 9, 'publicado_em': '2025-01-07T17:19:07Z'}, {'autor': '@joycettm', 'comentario': '@nettovieira547\xa0 no meu caso era pq eu era muito quieta, na minha sabe? Me chamavam das piores coisas possíveis e me excluiam de TUDO. Eu me sentia um lixo.\nEspero que você esteja melhor dos traumas do passado. E você tem razão, os pais e professores muitas vezes não tão nem aí.', 'likes': 5, 'publicado_em': '2025-01-08T16:24:08Z'}, {'autor': '@ESSEÉMEUARROBA', 'comentario': '@nettovieira547 eai palito de picole', 'likes': 3, 'publicado_em': '2025-02-24T20:27:01Z'}, {'autor': '@ESSEÉMEUARROBA', 'comentario': '@joycettm eai voz do silencio, modo avião, carro eletrico, espuma acústica, equalizadora, inimiga do telemarketing', 'likes': 5, 'publicado_em': '2025-02-24T20:29:57Z'}, {'autor': '@BACACBF', 'comentario': 'Verdade.......é muito marcante', 'likes': 1, 'publicado_em': '2025-04-02T15:17:16Z'}]","oswjwK2OAu4","O MASSACRE DE REALENGO - WELLINGTON MENEZES DE OLIVEIRA","4","Mais longos"
"@francielsouza-fr1cb","UCRHC4v32rcI6crBv3gB8ZTw","http://www.youtube.com/@francielsouza-fr1cb","Humilham em grupo fazem a  pessoa se sentir um lixo ate que isso acontece.","65","2023-11-23T03:34:55Z","2023-11-23T03:34:55Z","True","True","0","0","[]","oswjwK2OAu4","O MASSACRE DE REALENGO - WELLINGTON MENEZES DE OLIVEIRA","4","Mais longos"
"@eduardomatosdanesemunhoz3034","UCal5woVDm-pmSUAP4QsVSvA","http://www.youtube.com/@eduardomatosdanesemunhoz3034","Rapaz você conseguiu fazer um documentário melhor do que a da HBO.","1251","2023-10-04T00:10:10Z","2023-10-04T00:10:10Z","True","True","3","3","[{'autor': '@gabrielnunes4291', 'comentario': 'Assino em baixo', 'likes': 31, 'publicado_em': '2023-11-23T02:15:59Z'}, {'autor': '@Leaodailha00', 'comentario': 'Mn o da HBO Foi horrível, du nada o core kkkk', 'likes': 51, 'publicado_em': '2023-12-21T17:51:09Z'}, {'autor': '@thiagohenrick6772', 'comentario': 'Todos os vídeos aqui são nesse padrão, mano.', 'likes': 29, 'publicado_em': '2024-01-13T20:09:40Z'}]","oswjwK2OAu4","O MASSACRE DE REALENGO - WELLINGTON MENEZES DE OLIVEIRA","4","Mais longos"
"@LucasGomes-cq9gj","UCQxlAlgBMemN0f5IQo8mjSQ","http://www.youtube.com/@LucasGomes-cq9gj","Escola na fase da adolescência é um INFERNO","806","2023-04-26T12:57:18Z","2023-04-26T12:57:18Z","True","True","36","5","[{'autor': '@honeyx_pie9950', 'comentario': 'A vida em si é um INFERNO', 'likes': 76, 'publicado_em': '2023-07-17T21:29:35Z'}, {'autor': '@THACYANA.CERQUEIRA', 'comentario': 'Eu também odiava a escola, estamos juntos.', 'likes': 27, 'publicado_em': '2023-07-30T02:22:16Z'}, {'autor': '@rebecabarros7572', 'comentario': 'Eu sofri bullying na escola e mesmo assim eu dei um jeito de ser feliz era muito bom ir pra escola estudar fazer amigos a vida a gente tem q dar um jeito de ser feliz de ver o lado bom das coisas', 'likes': 16, 'publicado_em': '2023-07-31T16:07:14Z'}, {'autor': '@rebecabarros7572', 'comentario': '@MarcelokdsPoise eu também kkkk escola e muito bom não paga contas não tem q arrumar emprego', 'likes': 3, 'publicado_em': '2023-07-31T16:08:06Z'}, {'autor': '@manfredo9138', 'comentario': '@honeyx_pie9950 não. A vida pode ser boa com Jesus Cristo. Recomendo procurar ajuda psicológica e Jesus.', 'likes': 0, 'publicado_em': '2023-08-19T19:58:52Z'}]","oswjwK2OAu4","O MASSACRE DE REALENGO - WELLINGTON MENEZES DE OLIVEIRA","4","Mais longos"
"@Aliceb1239","UCDITlzB_1SHBNSEcy0FO0WA","http://www.youtube.com/@Aliceb1239","Eu tinha 8 anos e me lembro da minha mãe vendo o jornal, dessa triste e terrível notícia fico com o coração apertado quando lembro descansem em paz....🤲🏿💔","2","2023-12-05T23:07:43Z","2023-12-05T23:07:43Z","True","True","0","0","[]","pIaxOBf2cw8","Massacre em Realengo: imagens do circuito interno da Escola Municipal Tasso da Silveira","1","Mais novos"
"@Juan.Greg.","UCexEKdDL2f0PxdcFHmnEoKQ","http://www.youtube.com/@Juan.Greg.","Nss, o desespero q essas pessoas deveriam estar passando...
Chorei, chorei de vdd msm. Isso é extremamente desesperador.","16","2021-10-14T01:47:16Z","2021-10-14T01:47:16Z","True","True","0","0","[]","pIaxOBf2cw8","Massacre em Realengo: imagens do circuito interno da Escola Municipal Tasso da Silveira","1","Mais novos"
"@p0lyb1u5","UCUAK8sgRLvnZUK_L2vMaBWw","http://www.youtube.com/@p0lyb1u5","Desesperador. Eu sofri bullying por 3 anos na minha cidade antiga, e ninguém fazia nada sobre isso na escola. Eu planejava coisas assim. Agora, no alto do meu ensino médio, sou uma pessoa que defende qualquer um de bullying, pois sei que a atitude das pessoas pode desencadear num pensamento desses, e *ser* realizado e matar muitas pessoas. Realmente triste.","137","2021-03-24T17:26:20Z","2021-03-24T17:26:20Z","True","True","8","5","[{'autor': '@user-lc2lv1uf7l', 'comentario': 'É só você espancar o cara que faz bullying com vc', 'likes': 8, 'publicado_em': '2021-03-31T16:25:08Z'}, {'autor': '@p0lyb1u5', 'comentario': '@user-lc2lv1uf7l Eu já mudei de escola faz 2 anos.', 'likes': 2, 'publicado_em': '2021-03-31T18:49:56Z'}, {'autor': '@user-lc2lv1uf7l', 'comentario': '@p0lyb1u5 Sim Mas Provavelmente Esse Cara Entrou Pro Mundo Do Crime', 'likes': 3, 'publicado_em': '2021-03-31T19:40:19Z'}, {'autor': '@Sugilite000', 'comentario': 'nana Você ja falou tipo, com seus pais ou com algum responsavél? Talvez eles possam fazer algo, nem que seja te transferir de escola.', 'likes': 2, 'publicado_em': '2021-10-15T15:10:41Z'}, {'autor': '@migatino-1679', 'comentario': 'Meu pensamento em fazer isso era constante', 'likes': 2, 'publicado_em': '2022-02-19T15:27:06Z'}]","pIaxOBf2cw8","Massacre em Realengo: imagens do circuito interno da Escola Municipal Tasso da Silveira","1","Mais novos"
"@tin1i","UCbARrv4uZsk1JZff1ySwc_g","http://www.youtube.com/@tin1i","Ainda tem gente que romantiza isso, imagina o desespero desses adolecentes.","67","2021-02-27T02:16:32Z","2021-02-27T02:16:32Z","True","True","0","0","[]","pIaxOBf2cw8","Massacre em Realengo: imagens do circuito interno da Escola Municipal Tasso da Silveira","1","Mais novos"
"@faturando.br1","UCIN2WyOA8Fut3Sh478sq3nw","http://www.youtube.com/@faturando.br1","Olhando os comentários só vejo pessoas querendo atenção de um jeito ridículo se achando o psicopata isso é foda na moral, entendam uma coisa QM realmente faz é os que não falam que vão fazer, agora vim comentar q é assassino aq já deu né","30","2021-02-11T10:01:32Z","2021-02-11T10:01:32Z","True","True","0","0","[]","pIaxOBf2cw8","Massacre em Realengo: imagens do circuito interno da Escola Municipal Tasso da Silveira","1","Mais novos"
"@kaikymsm","UCqTqGW8elSHF6EP1hvNurVA","http://www.youtube.com/@kaikymsm","Não sei porque ele demorou tanto naquela sala, mas foi bom. Porque ao menos, as outras salas conseguiram escapar. Meus pêsames aos familiares e amigos dos que faleceram naquela sala 😞","36","2020-12-11T00:38:53Z","2020-12-11T00:39:08Z","True","True","0","0","[]","pIaxOBf2cw8","Massacre em Realengo: imagens do circuito interno da Escola Municipal Tasso da Silveira","1","Mais novos"
"@caioalves3513","UCa7FeNvaTY6r-jjyJzySb9A","http://www.youtube.com/@caioalves3513","Isso é MUITO triste. Imagina o desespero das crianças na época? Da vontade de chorar pprt","959","2020-12-08T18:50:37Z","2020-12-08T18:50:37Z","True","True","4","4","[{'autor': '@Daniel-hp1qt', 'comentario': 'Eu chorei', 'likes': 12, 'publicado_em': '2021-03-20T03:34:25Z'}, {'autor': '@nathancardoso2095', 'comentario': 'Eu também tive a mesma vontade, muito triste!', 'likes': 12, 'publicado_em': '2021-08-29T22:34:30Z'}, {'autor': '@lucasreislander275', 'comentario': 'Verdade', 'likes': 1, 'publicado_em': '2022-02-04T23:01:20Z'}, {'autor': '@Godenlightens77', 'comentario': 'Como diria o próprio autor do massacre . Alunos que são , humilhados, agredidos, ridicularizado , só forçaram a ter irmãos para matar e morrer', 'likes': 7, 'publicado_em': '2022-07-22T01:45:01Z'}]","pIaxOBf2cw8","Massacre em Realengo: imagens do circuito interno da Escola Municipal Tasso da Silveira","1","Mais novos"
"@digonomundo","UCyM4g_I5GHhpprPx-C4cDWQ","http://www.youtube.com/@digonomundo","YouTube ta me trazendo a lugares estranhos ultimamente","373","2020-10-02T14:26:59Z","2020-10-02T14:26:59Z","True","True","19","5","[{'autor': '@dimensiongamer2781', 'comentario': 'kk n é  o único \nmais vale apean kkk', 'likes': 3, 'publicado_em': '2020-10-22T21:54:50Z'}, {'autor': '@zueirafc8874', 'comentario': '🙄', 'likes': 3, 'publicado_em': '2020-11-10T00:30:11Z'}, {'autor': '@shyrlenneferreira1645', 'comentario': '@Trinity.2002 kskssk na real eu sinto umas brisa quando vejo esses tipos de coisa', 'likes': 1, 'publicado_em': '2020-12-15T13:30:21Z'}, {'autor': '@lucas-cw4py', 'comentario': 'Poisé né!', 'likes': 0, 'publicado_em': '2020-12-20T16:31:47Z'}, {'autor': '@heylarihh4052', 'comentario': '@shyrlenneferreira1645 famílias chorando pois perdeu suas filhas ou filhos que  você queme no inferno', 'likes': 1, 'publicado_em': '2021-02-03T15:30:42Z'}]","pIaxOBf2cw8","Massacre em Realengo: imagens do circuito interno da Escola Municipal Tasso da Silveira","1","Mais novos"
"@BrunaAbbondanza","UC0OhJV42qVFAkrsNxyRSkWQ","http://www.youtube.com/@BrunaAbbondanza","Imagina quantas crianças ficaram com síndrome do pânico por causa disso :/","553","2020-09-27T09:49:37Z","2020-09-27T09:49:37Z","True","True","19","5","[{'autor': '@sdasfdcq5r4wrtf91', 'comentario': 'Teu rabo', 'likes': 3, 'publicado_em': '2020-09-28T05:20:25Z'}, {'autor': '@greggreg126', 'comentario': '@sdasfdcq5r4wrtf91 Se você estivesse lá no massacre você diria isso huh?', 'likes': 39, 'publicado_em': '2021-02-05T14:43:04Z'}, {'autor': '@eri6517', 'comentario': 'Sim velho coitadas :(', 'likes': 5, 'publicado_em': '2021-03-09T19:22:44Z'}, {'autor': '@GigaxOficial', 'comentario': 'Era um colegio nao uma escola nao tinha crianca', 'likes': 1, 'publicado_em': '2021-03-18T18:22:33Z'}, {'autor': '@joaolucasdecarvalhopinto5077', 'comentario': 'Imagina como o cara q matou ñ sofria na escola né', 'likes': 2, 'publicado_em': '2021-03-28T00:03:21Z'}]","pIaxOBf2cw8","Massacre em Realengo: imagens do circuito interno da Escola Municipal Tasso da Silveira","1","Mais novos"
"@umasimplespessoa7294","UC6dE9oTH_xVUUNeeJgTOFyw","http://www.youtube.com/@umasimplespessoa7294","Vendo esses videos eu só penso em uma coisa, será que eu sobreviveria a um massacre?","2483","2020-09-11T23:15:48Z","2020-09-11T23:15:48Z","True","True","172","5","[{'autor': '@nickollkk', 'comentario': 'Vdd mano, tô até com medo de voltar a estudar vei, cheio de moleque doente', 'likes': 506, 'publicado_em': '2020-09-12T02:51:27Z'}, {'autor': '@sammucavandame8585', 'comentario': 'Não sei se vcs viram, mas um cara acima em algum comentário falou que tá planejando um massacre pra 2024', 'likes': 92, 'publicado_em': '2020-10-05T23:08:11Z'}, {'autor': '@Alpharoxo', 'comentario': '@nickollkk kkkkk eu também mano', 'likes': 2, 'publicado_em': '2020-10-18T15:02:50Z'}, {'autor': '@inde.', 'comentario': '@nickollkk Siim,e a grande maioria da minha sala gostam de joga violentos e ficam conversando sobre coisas violentas mano-', 'likes': 11, 'publicado_em': '2020-10-24T04:09:16Z'}, {'autor': '@kayuri8967', 'comentario': 'Uma tática boa de sobrevivência é, faça amizade com o aluno quieto e use chinelo', 'likes': 36, 'publicado_em': '2020-11-10T22:30:16Z'}]","pIaxOBf2cw8","Massacre em Realengo: imagens do circuito interno da Escola Municipal Tasso da Silveira","1","Mais novos"
"@luisinistro","UCtPP0tyPfite-0cskMHApCw","http://www.youtube.com/@luisinistro","Mano me traz uma sensação mttt ruim ver isso novamente não sei parece que me dá um aperto aí MDS vó chora véi sério que triste","133","2020-08-30T03:31:11Z","2020-08-30T03:31:11Z","True","True","4","4","[{'autor': '@mandysm5033', 'comentario': 'Cara, é muito triste ver essas imagens e ainda tem gente que tem coragem de chamar o assasino de heroi..', 'likes': 8, 'publicado_em': '2020-11-03T18:04:57Z'}, {'autor': '@jerlanreis4327', 'comentario': '@mandysm5033 somos sim ao ponto de tirar a pequena dor delles', 'likes': 0, 'publicado_em': '2021-03-18T11:20:31Z'}, {'autor': '@tailadeoliveirazatelli7092', 'comentario': 'Jesus ama muito todos vocês e Ele quer salvar vocês e suas famílias', 'likes': 0, 'publicado_em': '2022-05-02T20:19:43Z'}, {'autor': '@JhonathanCollier', 'comentario': '@jerlanreis4327 parabéns mano vc é muito foda quando diz “ a pequena dor deles “ 👏🏼👏🏼👏🏼😜😜😜😉😉😉😉🙃🙃🙂🙂🙂. QI INFINITO', 'likes': 0, 'publicado_em': '2022-05-08T04:07:59Z'}]","pIaxOBf2cw8","Massacre em Realengo: imagens do circuito interno da Escola Municipal Tasso da Silveira","1","Mais novos"
"@enriquepontes","UCqJ03fbjT4ny0Rn4PtfYI_Q","http://www.youtube.com/@enriquepontes","Nossa, lembro-me que eu era uma criança quando vi as imagens deste caso.","441","2020-08-22T05:49:21Z","2020-08-22T05:49:21Z","True","True","17","5","[{'autor': '@candylpsbrasil3602', 'comentario': 'que horror 😢', 'likes': 12, 'publicado_em': '2020-09-12T15:50:38Z'}, {'autor': '@mariahelena-sc3nv', 'comentario': 'Vai mentir pra outro vc nem tava la', 'likes': 7, 'publicado_em': '2020-09-19T04:34:23Z'}, {'autor': '@candylpsbrasil3602', 'comentario': 'maria helena ele não falou eu estava lá falou que viu as imagens interpretação boa em', 'likes': 29, 'publicado_em': '2020-09-19T04:48:44Z'}, {'autor': '@enriquepontes', 'comentario': '@mariahelena-sc3nv \xa0@maria helena\xa0 Nossa... mas não foi a minha intenção dizer que eu estava presente no local da tragédia. Eu estava a dizer que eu era uma criança quando vi as imagens deste caso pela minha televisão...', 'likes': 17, 'publicado_em': '2020-09-19T05:09:38Z'}, {'autor': '@enriquepontes', 'comentario': '@candylpsbrasil3602 Obrigado pelas palavras, Candy!', 'likes': 7, 'publicado_em': '2020-09-19T05:10:00Z'}]","pIaxOBf2cw8","Massacre em Realengo: imagens do circuito interno da Escola Municipal Tasso da Silveira","1","Mais novos"
"@thamiressousa8264","UCJDMESMdKzj-lo8BFvus9WQ","http://www.youtube.com/@thamiressousa8264","O desespero meu Deus💔","25","2020-08-21T17:29:20Z","2020-08-21T17:29:20Z","True","True","0","0","[]","pIaxOBf2cw8","Massacre em Realengo: imagens do circuito interno da Escola Municipal Tasso da Silveira","1","Mais novos"
"@ssszsszsz","UCeZRjbWryB7AUgjXSuxSpNA","http://www.youtube.com/@ssszsszsz","Prr esses comentários me surpreendem cada vez mais,as pessoas se achando psicopatas,mais tem medo da própria sombra","621","2020-06-17T00:20:06Z","2020-07-22T16:21:07Z","True","True","39","5","[{'autor': '@fogo.6419', 'comentario': 'Estamos rindo, \n  a morte é uma coisa que chegará para todos não à por quê não fazer uma sátira ou ""brincadeira"" com isso!\n\n É so mais uma forma de se divertir e aproveitar a bela vida que acabará em breve.\n\no bom disso tudo foi que.. morreram cedo de mais pra não se decepcionarem no futuro.\n\n\n\n               com amor\n                                         cz. . .. . .', 'likes': 14, 'publicado_em': '2020-08-12T11:51:20Z'}, {'autor': '@lyamont5876', 'comentario': '@fogo.6419 Tá, todos sabemos q vamos morrer, mas isso não justifica fazer piadinhas com as vítimas dessa tragédia, onde ta o respeito meu fi?', 'likes': 52, 'publicado_em': '2020-08-13T14:40:42Z'}, {'autor': '@primula5010', 'comentario': '@ssszsszsz ""ai olha pra mim eu sou psicopata aiiin"" vão lavar uma louça seus bonequinhos de satanás kkkkkkk', 'likes': 32, 'publicado_em': '2020-08-18T21:58:07Z'}, {'autor': '@fogo.6419', 'comentario': '@lyamont5876 você não vai me censurar.', 'likes': 0, 'publicado_em': '2020-08-19T18:56:36Z'}, {'autor': '@cauedoria7028', 'comentario': '@fogo.6419 \xa0@dope \'s\xa0 Alá KKKKKKKKK o cara que se acha revoltado e diferente KKKKKKKKK o cara que muito provavelmente tem entre 13 e 17 anos, vive uma vida que não quer viver, é frustrado de mais com suas decepções e se nega a enfrentá-las como alguém de verdade. Ao invés disso, prefere passar mais da metade do dia num quarto, se isolando do mundo que você julga ser ""breve"", fazendo piadinhas na internet, já que é sua única forma de descontrair, devido o fato de ter poucos, ou não ter nenhum amigo, e ao invés de tentar socializar, prefere continuar como o merda que é por puro comodismo. Típico adolescente (me refiro a você como adolescente porque acho pouco provável ter mais de 20 anos, e se tiver, já é hora de procurar algum tipo de tratamento) que tem complexo misantrópico e acha que o mundo e todas as pessoas que fazem parte dele são ruins só porque você se exclui, se auto-sabota e não faz parte dele. Espero que responda meu comentário com uma resposta à altura e não apenas um ""fodase kkkk"" ou um ""não ligo"", porque aí eu vou ter 10000% de certeza que é apenas uma criança mimada e que clama por atenção. Independente disso, desejo sorte e que você consiga superar seus problemas e que, finalmente acorde e veja que o mundo não é de todo ruim. \n\nObs: Também sou adolescente, caso pense em usar isso como argumento.', 'likes': 35, 'publicado_em': '2020-09-28T18:57:01Z'}]","pIaxOBf2cw8","Massacre em Realengo: imagens do circuito interno da Escola Municipal Tasso da Silveira","1","Mais novos"
"@robertodealmeida4271","UC70tqlYIT8__HOxpuwBPLDg","http://www.youtube.com/@robertodealmeida4271","Se passaram anos, eu estudava nessa escola, dia triste, hj em dia tem as estátuas lá como homemagem as vítimas.","890","2020-06-12T21:22:52Z","2020-06-12T21:23:04Z","True","True","52","5","[{'autor': '@blade6143', 'comentario': 'Triste..', 'likes': 9, 'publicado_em': '2020-06-12T21:31:13Z'}, {'autor': '@heartz1828', 'comentario': 'Alguém morreu?', 'likes': 9, 'publicado_em': '2020-08-03T03:05:25Z'}, {'autor': '@robertodealmeida4271', 'comentario': '@heartz1828 morreu sim, a grande maioria foram garotas, o cara tava focando em matar apenas garotas', 'likes': 103, 'publicado_em': '2020-08-03T04:41:17Z'}, {'autor': '@heartz1828', 'comentario': '@robertodealmeida4271 quantas maisomenos?', 'likes': 12, 'publicado_em': '2020-08-03T05:00:40Z'}, {'autor': '@vioIetm', 'comentario': 'Heart umas 15', 'likes': 13, 'publicado_em': '2020-08-04T23:23:32Z'}]","pIaxOBf2cw8","Massacre em Realengo: imagens do circuito interno da Escola Municipal Tasso da Silveira","1","Mais novos"
"@lucasmaia2949","UCY5mQQWC5x-2XTdeZXEDAKA","http://www.youtube.com/@lucasmaia2949","Brasil. Onde acontece essa chacina e o povo faz piada","403","2020-06-12T16:09:25Z","2020-06-12T16:09:25Z","True","True","32","5","[{'autor': '@lucasmaia2949', 'comentario': 'SpøøNzC00L nao tem nada de engraçado nele! Acho triste.', 'likes': 12, 'publicado_em': '2020-08-02T19:25:06Z'}, {'autor': '@lucasmaia2949', 'comentario': 'SpøøNzC00L cheio de ironia nhe? Deve ser um dos mts aí qe fizeram comentários debochado.', 'likes': 7, 'publicado_em': '2020-08-02T19:36:28Z'}, {'autor': '@lucasmaia2949', 'comentario': 'SpøøNzC00L parabéns kid, lembra disso se acontecer com vc ou familiares.', 'likes': 11, 'publicado_em': '2020-08-02T20:02:12Z'}, {'autor': '@thebabyismine', 'comentario': '@lucasmaia2949 Nem adianta gastar argumento com esse tipo de pessoa k', 'likes': 19, 'publicado_em': '2020-08-06T18:15:07Z'}, {'autor': '@lucasmaia2949', 'comentario': '@thebabyismine kk isso é só mais um otário de internet', 'likes': 8, 'publicado_em': '2020-08-06T19:46:48Z'}]","pIaxOBf2cw8","Massacre em Realengo: imagens do circuito interno da Escola Municipal Tasso da Silveira","1","Mais novos"
"@panicgameplays4603","UCPn5FRznhx4U1aieAnqBRaQ","http://www.youtube.com/@panicgameplays4603","Mds que poha é essa vocês estao romantizando um massacre wtf","373","2020-03-21T01:24:51Z","2020-03-21T01:24:51Z","True","True","12","5","[{'autor': '@luizMiguel-gy7es', 'comentario': 'ydαrкxz pxxv só por um tempo dps esquecem', 'likes': 3, 'publicado_em': '2020-07-14T06:22:46Z'}, {'autor': '@fogo.6419', 'comentario': '@João Pedro eu tô brincando amigão. internet é pra isso!', 'likes': 1, 'publicado_em': '2020-08-19T18:57:08Z'}, {'autor': '@yllecram', 'comentario': '@fogo.6419 denunciando por spam', 'likes': 6, 'publicado_em': '2020-09-16T16:11:52Z'}, {'autor': '@cauedoria7028', 'comentario': 'https://youtu.be/WuBXXinfcoE', 'likes': 1, 'publicado_em': '2020-10-01T12:30:52Z'}, {'autor': '@MaryMary-dz7qh', 'comentario': 'Wtf', 'likes': 1, 'publicado_em': '2020-10-04T00:52:28Z'}]","pIaxOBf2cw8","Massacre em Realengo: imagens do circuito interno da Escola Municipal Tasso da Silveira","1","Mais novos"
"@yansilva486","UC-8uNuYSfHp7Pq6nHQJxlmQ","http://www.youtube.com/@yansilva486","Só eu acho que divia ter uns segurança bem armado nas frente da escola pra lidar com um problema desses?","196","2020-01-16T20:53:03Z","2020-01-16T20:53:03Z","True","True","19","5","[{'autor': '@lordoxff7501', 'comentario': 'Tbm acho', 'likes': 2, 'publicado_em': '2020-01-22T02:23:36Z'}, {'autor': '@diogenescinico', 'comentario': 'Xerife SemLei Primeiro que civil no Brasil não pode portar armas, segundo que segurança altamente treinado e ainda ARMADO pela própria ESCOLA iria ser caro pra caralho. Agora tu imagina, uma escola pública não consegue nem pagar os professores direito, imagina um segurança 5 estrelas + armas e munições? É um sonho americano.', 'likes': 10, 'publicado_em': '2020-04-11T11:50:07Z'}, {'autor': '@diogenescinico', 'comentario': 'Xerife SemLei Penso que uma revista já seria suficiente, se executada por duas pessoas (uma para revistar e desarmar, a outra para imobilizar)', 'likes': 0, 'publicado_em': '2020-04-11T22:19:27Z'}, {'autor': '@diogenescinico', 'comentario': 'Xerife SemLei Então ele é idiota, porque em minutos a escola já iria ter evacuado.', 'likes': 0, 'publicado_em': '2020-04-11T22:43:02Z'}, {'autor': '@diogenescinico', 'comentario': 'Xerife SemLei Só o último detalhe para eles: não usem armas num massacre, é caro e ineficaz. Produza seu próprio gás sarin e envenene toda a escola :)', 'likes': 0, 'publicado_em': '2020-04-11T23:08:26Z'}]","pIaxOBf2cw8","Massacre em Realengo: imagens do circuito interno da Escola Municipal Tasso da Silveira","1","Mais novos"
"@EDSi-dp5ee","UC5YqjwM8pQ5GoIWS6obGxSw","http://www.youtube.com/@EDSi-dp5ee","Meu coração fica apertado até hoje com esse episódio!Que coisa mais horrenda!","288","2019-12-07T14:30:34Z","2019-12-26T04:00:57Z","True","True","1","1","[{'autor': '@sunday7323', 'comentario': 'Vdd', 'likes': 1, 'publicado_em': '2022-05-04T18:56:29Z'}]","pIaxOBf2cw8","Massacre em Realengo: imagens do circuito interno da Escola Municipal Tasso da Silveira","1","Mais novos"
"@jeanfelipe1505","UCwT7M1LUDwwQSkMTP9RXdFg","http://www.youtube.com/@jeanfelipe1505","Triste ver o nível dos comentários. Vergonhoso... As pessoas acham que debochar de um absurdo desses é mostrar superioridade.... Não percebem que a mesma sociedade doente que criou essa situação absurda pode acometer a eles.","1781","2019-11-05T01:34:11Z","2019-11-05T01:34:11Z","True","True","65","5","[{'autor': '@SilvioMeAjude', 'comentario': 'É pq os retardados q comentam faria o msm após anos sofrendo bullying', 'likes': 54, 'publicado_em': '2019-11-10T16:20:09Z'}, {'autor': '@raellenmendes8811', 'comentario': 'Verdade', 'likes': 8, 'publicado_em': '2019-11-11T16:10:15Z'}, {'autor': '@bcario5712', 'comentario': 'Ai ai desculpa aí filósofo esse teu jeito de pensar e que da pena', 'likes': 9, 'publicado_em': '2019-11-20T03:52:55Z'}, {'autor': '@anyaya2310', 'comentario': 'criança', 'likes': 1, 'publicado_em': '2020-01-25T05:30:04Z'}, {'autor': '@Lowzerix', 'comentario': 'Falo professor kkkkkk, mn agente ta cagando pra isso do msm jeito q cagamos pra nossa vida', 'likes': 4, 'publicado_em': '2020-01-30T06:35:40Z'}]","pIaxOBf2cw8","Massacre em Realengo: imagens do circuito interno da Escola Municipal Tasso da Silveira","1","Mais novos"
"@jeanfelipe1505","UCwT7M1LUDwwQSkMTP9RXdFg","http://www.youtube.com/@jeanfelipe1505","Triste ver o nível dos comentários. Vergonhoso... As pessoas acham que debochar de um absurdo desses é mostrar superioridade.... Não percebem que a mesma sociedade doente que criou essa situação absurda pode acometer a eles.","1781","2019-11-05T01:34:11Z","2019-11-05T01:34:11Z","True","True","65","5","[{'autor': '@SilvioMeAjude', 'comentario': 'É pq os retardados q comentam faria o msm após anos sofrendo bullying', 'likes': 54, 'publicado_em': '2019-11-10T16:20:09Z'}, {'autor': '@raellenmendes8811', 'comentario': 'Verdade', 'likes': 8, 'publicado_em': '2019-11-11T16:10:15Z'}, {'autor': '@bcario5712', 'comentario': 'Ai ai desculpa aí filósofo esse teu jeito de pensar e que da pena', 'likes': 9, 'publicado_em': '2019-11-20T03:52:55Z'}, {'autor': '@anyaya2310', 'comentario': 'criança', 'likes': 1, 'publicado_em': '2020-01-25T05:30:04Z'}, {'autor': '@Lowzerix', 'comentario': 'Falo professor kkkkkk, mn agente ta cagando pra isso do msm jeito q cagamos pra nossa vida', 'likes': 4, 'publicado_em': '2020-01-30T06:35:40Z'}]","pIaxOBf2cw8","Massacre em Realengo: imagens do circuito interno da Escola Municipal Tasso da Silveira","2","Mais antigos"
"@EDSi-dp5ee","UC5YqjwM8pQ5GoIWS6obGxSw","http://www.youtube.com/@EDSi-dp5ee","Meu coração fica apertado até hoje com esse episódio!Que coisa mais horrenda!","288","2019-12-07T14:30:34Z","2019-12-26T04:00:57Z","True","True","1","1","[{'autor': '@sunday7323', 'comentario': 'Vdd', 'likes': 1, 'publicado_em': '2022-05-04T18:56:29Z'}]","pIaxOBf2cw8","Massacre em Realengo: imagens do circuito interno da Escola Municipal Tasso da Silveira","2","Mais antigos"
"@yansilva486","UC-8uNuYSfHp7Pq6nHQJxlmQ","http://www.youtube.com/@yansilva486","Só eu acho que divia ter uns segurança bem armado nas frente da escola pra lidar com um problema desses?","196","2020-01-16T20:53:03Z","2020-01-16T20:53:03Z","True","True","19","5","[{'autor': '@lordoxff7501', 'comentario': 'Tbm acho', 'likes': 2, 'publicado_em': '2020-01-22T02:23:36Z'}, {'autor': '@diogenescinico', 'comentario': 'Xerife SemLei Primeiro que civil no Brasil não pode portar armas, segundo que segurança altamente treinado e ainda ARMADO pela própria ESCOLA iria ser caro pra caralho. Agora tu imagina, uma escola pública não consegue nem pagar os professores direito, imagina um segurança 5 estrelas + armas e munições? É um sonho americano.', 'likes': 10, 'publicado_em': '2020-04-11T11:50:07Z'}, {'autor': '@diogenescinico', 'comentario': 'Xerife SemLei Penso que uma revista já seria suficiente, se executada por duas pessoas (uma para revistar e desarmar, a outra para imobilizar)', 'likes': 0, 'publicado_em': '2020-04-11T22:19:27Z'}, {'autor': '@diogenescinico', 'comentario': 'Xerife SemLei Então ele é idiota, porque em minutos a escola já iria ter evacuado.', 'likes': 0, 'publicado_em': '2020-04-11T22:43:02Z'}, {'autor': '@diogenescinico', 'comentario': 'Xerife SemLei Só o último detalhe para eles: não usem armas num massacre, é caro e ineficaz. Produza seu próprio gás sarin e envenene toda a escola :)', 'likes': 0, 'publicado_em': '2020-04-11T23:08:26Z'}]","pIaxOBf2cw8","Massacre em Realengo: imagens do circuito interno da Escola Municipal Tasso da Silveira","2","Mais antigos"
"@panicgameplays4603","UCPn5FRznhx4U1aieAnqBRaQ","http://www.youtube.com/@panicgameplays4603","Mds que poha é essa vocês estao romantizando um massacre wtf","373","2020-03-21T01:24:51Z","2020-03-21T01:24:51Z","True","True","12","5","[{'autor': '@luizMiguel-gy7es', 'comentario': 'ydαrкxz pxxv só por um tempo dps esquecem', 'likes': 3, 'publicado_em': '2020-07-14T06:22:46Z'}, {'autor': '@fogo.6419', 'comentario': '@João Pedro eu tô brincando amigão. internet é pra isso!', 'likes': 1, 'publicado_em': '2020-08-19T18:57:08Z'}, {'autor': '@yllecram', 'comentario': '@fogo.6419 denunciando por spam', 'likes': 6, 'publicado_em': '2020-09-16T16:11:52Z'}, {'autor': '@cauedoria7028', 'comentario': 'https://youtu.be/WuBXXinfcoE', 'likes': 1, 'publicado_em': '2020-10-01T12:30:52Z'}, {'autor': '@MaryMary-dz7qh', 'comentario': 'Wtf', 'likes': 1, 'publicado_em': '2020-10-04T00:52:28Z'}]","pIaxOBf2cw8","Massacre em Realengo: imagens do circuito interno da Escola Municipal Tasso da Silveira","2","Mais antigos"
"@lucasmaia2949","UCY5mQQWC5x-2XTdeZXEDAKA","http://www.youtube.com/@lucasmaia2949","Brasil. Onde acontece essa chacina e o povo faz piada","403","2020-06-12T16:09:25Z","2020-06-12T16:09:25Z","True","True","32","5","[{'autor': '@lucasmaia2949', 'comentario': 'SpøøNzC00L nao tem nada de engraçado nele! Acho triste.', 'likes': 12, 'publicado_em': '2020-08-02T19:25:06Z'}, {'autor': '@lucasmaia2949', 'comentario': 'SpøøNzC00L cheio de ironia nhe? Deve ser um dos mts aí qe fizeram comentários debochado.', 'likes': 7, 'publicado_em': '2020-08-02T19:36:28Z'}, {'autor': '@lucasmaia2949', 'comentario': 'SpøøNzC00L parabéns kid, lembra disso se acontecer com vc ou familiares.', 'likes': 11, 'publicado_em': '2020-08-02T20:02:12Z'}, {'autor': '@thebabyismine', 'comentario': '@lucasmaia2949 Nem adianta gastar argumento com esse tipo de pessoa k', 'likes': 19, 'publicado_em': '2020-08-06T18:15:07Z'}, {'autor': '@lucasmaia2949', 'comentario': '@thebabyismine kk isso é só mais um otário de internet', 'likes': 8, 'publicado_em': '2020-08-06T19:46:48Z'}]","pIaxOBf2cw8","Massacre em Realengo: imagens do circuito interno da Escola Municipal Tasso da Silveira","2","Mais antigos"
"@robertodealmeida4271","UC70tqlYIT8__HOxpuwBPLDg","http://www.youtube.com/@robertodealmeida4271","Se passaram anos, eu estudava nessa escola, dia triste, hj em dia tem as estátuas lá como homemagem as vítimas.","890","2020-06-12T21:22:52Z","2020-06-12T21:23:04Z","True","True","52","5","[{'autor': '@blade6143', 'comentario': 'Triste..', 'likes': 9, 'publicado_em': '2020-06-12T21:31:13Z'}, {'autor': '@heartz1828', 'comentario': 'Alguém morreu?', 'likes': 9, 'publicado_em': '2020-08-03T03:05:25Z'}, {'autor': '@robertodealmeida4271', 'comentario': '@heartz1828 morreu sim, a grande maioria foram garotas, o cara tava focando em matar apenas garotas', 'likes': 103, 'publicado_em': '2020-08-03T04:41:17Z'}, {'autor': '@heartz1828', 'comentario': '@robertodealmeida4271 quantas maisomenos?', 'likes': 12, 'publicado_em': '2020-08-03T05:00:40Z'}, {'autor': '@vioIetm', 'comentario': 'Heart umas 15', 'likes': 13, 'publicado_em': '2020-08-04T23:23:32Z'}]","pIaxOBf2cw8","Massacre em Realengo: imagens do circuito interno da Escola Municipal Tasso da Silveira","2","Mais antigos"
"@ssszsszsz","UCeZRjbWryB7AUgjXSuxSpNA","http://www.youtube.com/@ssszsszsz","Prr esses comentários me surpreendem cada vez mais,as pessoas se achando psicopatas,mais tem medo da própria sombra","621","2020-06-17T00:20:06Z","2020-07-22T16:21:07Z","True","True","39","5","[{'autor': '@fogo.6419', 'comentario': 'Estamos rindo, \n  a morte é uma coisa que chegará para todos não à por quê não fazer uma sátira ou ""brincadeira"" com isso!\n\n É so mais uma forma de se divertir e aproveitar a bela vida que acabará em breve.\n\no bom disso tudo foi que.. morreram cedo de mais pra não se decepcionarem no futuro.\n\n\n\n               com amor\n                                         cz. . .. . .', 'likes': 14, 'publicado_em': '2020-08-12T11:51:20Z'}, {'autor': '@lyamont5876', 'comentario': '@fogo.6419 Tá, todos sabemos q vamos morrer, mas isso não justifica fazer piadinhas com as vítimas dessa tragédia, onde ta o respeito meu fi?', 'likes': 52, 'publicado_em': '2020-08-13T14:40:42Z'}, {'autor': '@primula5010', 'comentario': '@ssszsszsz ""ai olha pra mim eu sou psicopata aiiin"" vão lavar uma louça seus bonequinhos de satanás kkkkkkk', 'likes': 32, 'publicado_em': '2020-08-18T21:58:07Z'}, {'autor': '@fogo.6419', 'comentario': '@lyamont5876 você não vai me censurar.', 'likes': 0, 'publicado_em': '2020-08-19T18:56:36Z'}, {'autor': '@cauedoria7028', 'comentario': '@fogo.6419 \xa0@dope \'s\xa0 Alá KKKKKKKKK o cara que se acha revoltado e diferente KKKKKKKKK o cara que muito provavelmente tem entre 13 e 17 anos, vive uma vida que não quer viver, é frustrado de mais com suas decepções e se nega a enfrentá-las como alguém de verdade. Ao invés disso, prefere passar mais da metade do dia num quarto, se isolando do mundo que você julga ser ""breve"", fazendo piadinhas na internet, já que é sua única forma de descontrair, devido o fato de ter poucos, ou não ter nenhum amigo, e ao invés de tentar socializar, prefere continuar como o merda que é por puro comodismo. Típico adolescente (me refiro a você como adolescente porque acho pouco provável ter mais de 20 anos, e se tiver, já é hora de procurar algum tipo de tratamento) que tem complexo misantrópico e acha que o mundo e todas as pessoas que fazem parte dele são ruins só porque você se exclui, se auto-sabota e não faz parte dele. Espero que responda meu comentário com uma resposta à altura e não apenas um ""fodase kkkk"" ou um ""não ligo"", porque aí eu vou ter 10000% de certeza que é apenas uma criança mimada e que clama por atenção. Independente disso, desejo sorte e que você consiga superar seus problemas e que, finalmente acorde e veja que o mundo não é de todo ruim. \n\nObs: Também sou adolescente, caso pense em usar isso como argumento.', 'likes': 35, 'publicado_em': '2020-09-28T18:57:01Z'}]","pIaxOBf2cw8","Massacre em Realengo: imagens do circuito interno da Escola Municipal Tasso da Silveira","2","Mais antigos"
"@thamiressousa8264","UCJDMESMdKzj-lo8BFvus9WQ","http://www.youtube.com/@thamiressousa8264","O desespero meu Deus💔","25","2020-08-21T17:29:20Z","2020-08-21T17:29:20Z","True","True","0","0","[]","pIaxOBf2cw8","Massacre em Realengo: imagens do circuito interno da Escola Municipal Tasso da Silveira","2","Mais antigos"
"@enriquepontes","UCqJ03fbjT4ny0Rn4PtfYI_Q","http://www.youtube.com/@enriquepontes","Nossa, lembro-me que eu era uma criança quando vi as imagens deste caso.","441","2020-08-22T05:49:21Z","2020-08-22T05:49:21Z","True","True","17","5","[{'autor': '@candylpsbrasil3602', 'comentario': 'que horror 😢', 'likes': 12, 'publicado_em': '2020-09-12T15:50:38Z'}, {'autor': '@mariahelena-sc3nv', 'comentario': 'Vai mentir pra outro vc nem tava la', 'likes': 7, 'publicado_em': '2020-09-19T04:34:23Z'}, {'autor': '@candylpsbrasil3602', 'comentario': 'maria helena ele não falou eu estava lá falou que viu as imagens interpretação boa em', 'likes': 29, 'publicado_em': '2020-09-19T04:48:44Z'}, {'autor': '@enriquepontes', 'comentario': '@mariahelena-sc3nv \xa0@maria helena\xa0 Nossa... mas não foi a minha intenção dizer que eu estava presente no local da tragédia. Eu estava a dizer que eu era uma criança quando vi as imagens deste caso pela minha televisão...', 'likes': 17, 'publicado_em': '2020-09-19T05:09:38Z'}, {'autor': '@enriquepontes', 'comentario': '@candylpsbrasil3602 Obrigado pelas palavras, Candy!', 'likes': 7, 'publicado_em': '2020-09-19T05:10:00Z'}]","pIaxOBf2cw8","Massacre em Realengo: imagens do circuito interno da Escola Municipal Tasso da Silveira","2","Mais antigos"
"@luisinistro","UCtPP0tyPfite-0cskMHApCw","http://www.youtube.com/@luisinistro","Mano me traz uma sensação mttt ruim ver isso novamente não sei parece que me dá um aperto aí MDS vó chora véi sério que triste","133","2020-08-30T03:31:11Z","2020-08-30T03:31:11Z","True","True","4","4","[{'autor': '@mandysm5033', 'comentario': 'Cara, é muito triste ver essas imagens e ainda tem gente que tem coragem de chamar o assasino de heroi..', 'likes': 8, 'publicado_em': '2020-11-03T18:04:57Z'}, {'autor': '@jerlanreis4327', 'comentario': '@mandysm5033 somos sim ao ponto de tirar a pequena dor delles', 'likes': 0, 'publicado_em': '2021-03-18T11:20:31Z'}, {'autor': '@tailadeoliveirazatelli7092', 'comentario': 'Jesus ama muito todos vocês e Ele quer salvar vocês e suas famílias', 'likes': 0, 'publicado_em': '2022-05-02T20:19:43Z'}, {'autor': '@JhonathanCollier', 'comentario': '@jerlanreis4327 parabéns mano vc é muito foda quando diz “ a pequena dor deles “ 👏🏼👏🏼👏🏼😜😜😜😉😉😉😉🙃🙃🙂🙂🙂. QI INFINITO', 'likes': 0, 'publicado_em': '2022-05-08T04:07:59Z'}]","pIaxOBf2cw8","Massacre em Realengo: imagens do circuito interno da Escola Municipal Tasso da Silveira","2","Mais antigos"
"@umasimplespessoa7294","UC6dE9oTH_xVUUNeeJgTOFyw","http://www.youtube.com/@umasimplespessoa7294","Vendo esses videos eu só penso em uma coisa, será que eu sobreviveria a um massacre?","2483","2020-09-11T23:15:48Z","2020-09-11T23:15:48Z","True","True","172","5","[{'autor': '@nickollkk', 'comentario': 'Vdd mano, tô até com medo de voltar a estudar vei, cheio de moleque doente', 'likes': 506, 'publicado_em': '2020-09-12T02:51:27Z'}, {'autor': '@sammucavandame8585', 'comentario': 'Não sei se vcs viram, mas um cara acima em algum comentário falou que tá planejando um massacre pra 2024', 'likes': 92, 'publicado_em': '2020-10-05T23:08:11Z'}, {'autor': '@Alpharoxo', 'comentario': '@nickollkk kkkkk eu também mano', 'likes': 2, 'publicado_em': '2020-10-18T15:02:50Z'}, {'autor': '@inde.', 'comentario': '@nickollkk Siim,e a grande maioria da minha sala gostam de joga violentos e ficam conversando sobre coisas violentas mano-', 'likes': 11, 'publicado_em': '2020-10-24T04:09:16Z'}, {'autor': '@kayuri8967', 'comentario': 'Uma tática boa de sobrevivência é, faça amizade com o aluno quieto e use chinelo', 'likes': 36, 'publicado_em': '2020-11-10T22:30:16Z'}]","pIaxOBf2cw8","Massacre em Realengo: imagens do circuito interno da Escola Municipal Tasso da Silveira","2","Mais antigos"
"@BrunaAbbondanza","UC0OhJV42qVFAkrsNxyRSkWQ","http://www.youtube.com/@BrunaAbbondanza","Imagina quantas crianças ficaram com síndrome do pânico por causa disso :/","553","2020-09-27T09:49:37Z","2020-09-27T09:49:37Z","True","True","19","5","[{'autor': '@sdasfdcq5r4wrtf91', 'comentario': 'Teu rabo', 'likes': 3, 'publicado_em': '2020-09-28T05:20:25Z'}, {'autor': '@greggreg126', 'comentario': '@sdasfdcq5r4wrtf91 Se você estivesse lá no massacre você diria isso huh?', 'likes': 39, 'publicado_em': '2021-02-05T14:43:04Z'}, {'autor': '@eri6517', 'comentario': 'Sim velho coitadas :(', 'likes': 5, 'publicado_em': '2021-03-09T19:22:44Z'}, {'autor': '@GigaxOficial', 'comentario': 'Era um colegio nao uma escola nao tinha crianca', 'likes': 1, 'publicado_em': '2021-03-18T18:22:33Z'}, {'autor': '@joaolucasdecarvalhopinto5077', 'comentario': 'Imagina como o cara q matou ñ sofria na escola né', 'likes': 2, 'publicado_em': '2021-03-28T00:03:21Z'}]","pIaxOBf2cw8","Massacre em Realengo: imagens do circuito interno da Escola Municipal Tasso da Silveira","2","Mais antigos"
"@digonomundo","UCyM4g_I5GHhpprPx-C4cDWQ","http://www.youtube.com/@digonomundo","YouTube ta me trazendo a lugares estranhos ultimamente","373","2020-10-02T14:26:59Z","2020-10-02T14:26:59Z","True","True","19","5","[{'autor': '@dimensiongamer2781', 'comentario': 'kk n é  o único \nmais vale apean kkk', 'likes': 3, 'publicado_em': '2020-10-22T21:54:50Z'}, {'autor': '@zueirafc8874', 'comentario': '🙄', 'likes': 3, 'publicado_em': '2020-11-10T00:30:11Z'}, {'autor': '@shyrlenneferreira1645', 'comentario': '@Trinity.2002 kskssk na real eu sinto umas brisa quando vejo esses tipos de coisa', 'likes': 1, 'publicado_em': '2020-12-15T13:30:21Z'}, {'autor': '@lucas-cw4py', 'comentario': 'Poisé né!', 'likes': 0, 'publicado_em': '2020-12-20T16:31:47Z'}, {'autor': '@heylarihh4052', 'comentario': '@shyrlenneferreira1645 famílias chorando pois perdeu suas filhas ou filhos que  você queme no inferno', 'likes': 1, 'publicado_em': '2021-02-03T15:30:42Z'}]","pIaxOBf2cw8","Massacre em Realengo: imagens do circuito interno da Escola Municipal Tasso da Silveira","2","Mais antigos"
"@caioalves3513","UCa7FeNvaTY6r-jjyJzySb9A","http://www.youtube.com/@caioalves3513","Isso é MUITO triste. Imagina o desespero das crianças na época? Da vontade de chorar pprt","959","2020-12-08T18:50:37Z","2020-12-08T18:50:37Z","True","True","4","4","[{'autor': '@Daniel-hp1qt', 'comentario': 'Eu chorei', 'likes': 12, 'publicado_em': '2021-03-20T03:34:25Z'}, {'autor': '@nathancardoso2095', 'comentario': 'Eu também tive a mesma vontade, muito triste!', 'likes': 12, 'publicado_em': '2021-08-29T22:34:30Z'}, {'autor': '@lucasreislander275', 'comentario': 'Verdade', 'likes': 1, 'publicado_em': '2022-02-04T23:01:20Z'}, {'autor': '@Godenlightens77', 'comentario': 'Como diria o próprio autor do massacre . Alunos que são , humilhados, agredidos, ridicularizado , só forçaram a ter irmãos para matar e morrer', 'likes': 7, 'publicado_em': '2022-07-22T01:45:01Z'}]","pIaxOBf2cw8","Massacre em Realengo: imagens do circuito interno da Escola Municipal Tasso da Silveira","2","Mais antigos"
"@kaikymsm","UCqTqGW8elSHF6EP1hvNurVA","http://www.youtube.com/@kaikymsm","Não sei porque ele demorou tanto naquela sala, mas foi bom. Porque ao menos, as outras salas conseguiram escapar. Meus pêsames aos familiares e amigos dos que faleceram naquela sala 😞","36","2020-12-11T00:38:53Z","2020-12-11T00:39:08Z","True","True","0","0","[]","pIaxOBf2cw8","Massacre em Realengo: imagens do circuito interno da Escola Municipal Tasso da Silveira","2","Mais antigos"
"@faturando.br1","UCIN2WyOA8Fut3Sh478sq3nw","http://www.youtube.com/@faturando.br1","Olhando os comentários só vejo pessoas querendo atenção de um jeito ridículo se achando o psicopata isso é foda na moral, entendam uma coisa QM realmente faz é os que não falam que vão fazer, agora vim comentar q é assassino aq já deu né","30","2021-02-11T10:01:32Z","2021-02-11T10:01:32Z","True","True","0","0","[]","pIaxOBf2cw8","Massacre em Realengo: imagens do circuito interno da Escola Municipal Tasso da Silveira","2","Mais antigos"
"@tin1i","UCbARrv4uZsk1JZff1ySwc_g","http://www.youtube.com/@tin1i","Ainda tem gente que romantiza isso, imagina o desespero desses adolecentes.","67","2021-02-27T02:16:32Z","2021-02-27T02:16:32Z","True","True","0","0","[]","pIaxOBf2cw8","Massacre em Realengo: imagens do circuito interno da Escola Municipal Tasso da Silveira","2","Mais antigos"
"@p0lyb1u5","UCUAK8sgRLvnZUK_L2vMaBWw","http://www.youtube.com/@p0lyb1u5","Desesperador. Eu sofri bullying por 3 anos na minha cidade antiga, e ninguém fazia nada sobre isso na escola. Eu planejava coisas assim. Agora, no alto do meu ensino médio, sou uma pessoa que defende qualquer um de bullying, pois sei que a atitude das pessoas pode desencadear num pensamento desses, e *ser* realizado e matar muitas pessoas. Realmente triste.","137","2021-03-24T17:26:20Z","2021-03-24T17:26:20Z","True","True","8","5","[{'autor': '@user-lc2lv1uf7l', 'comentario': 'É só você espancar o cara que faz bullying com vc', 'likes': 8, 'publicado_em': '2021-03-31T16:25:08Z'}, {'autor': '@p0lyb1u5', 'comentario': '@user-lc2lv1uf7l Eu já mudei de escola faz 2 anos.', 'likes': 2, 'publicado_em': '2021-03-31T18:49:56Z'}, {'autor': '@user-lc2lv1uf7l', 'comentario': '@p0lyb1u5 Sim Mas Provavelmente Esse Cara Entrou Pro Mundo Do Crime', 'likes': 3, 'publicado_em': '2021-03-31T19:40:19Z'}, {'autor': '@Sugilite000', 'comentario': 'nana Você ja falou tipo, com seus pais ou com algum responsavél? Talvez eles possam fazer algo, nem que seja te transferir de escola.', 'likes': 2, 'publicado_em': '2021-10-15T15:10:41Z'}, {'autor': '@migatino-1679', 'comentario': 'Meu pensamento em fazer isso era constante', 'likes': 2, 'publicado_em': '2022-02-19T15:27:06Z'}]","pIaxOBf2cw8","Massacre em Realengo: imagens do circuito interno da Escola Municipal Tasso da Silveira","2","Mais antigos"
"@Juan.Greg.","UCexEKdDL2f0PxdcFHmnEoKQ","http://www.youtube.com/@Juan.Greg.","Nss, o desespero q essas pessoas deveriam estar passando...
Chorei, chorei de vdd msm. Isso é extremamente desesperador.","16","2021-10-14T01:47:16Z","2021-10-14T01:47:16Z","True","True","0","0","[]","pIaxOBf2cw8","Massacre em Realengo: imagens do circuito interno da Escola Municipal Tasso da Silveira","2","Mais antigos"
"@Aliceb1239","UCDITlzB_1SHBNSEcy0FO0WA","http://www.youtube.com/@Aliceb1239","Eu tinha 8 anos e me lembro da minha mãe vendo o jornal, dessa triste e terrível notícia fico com o coração apertado quando lembro descansem em paz....🤲🏿💔","2","2023-12-05T23:07:43Z","2023-12-05T23:07:43Z","True","True","0","0","[]","pIaxOBf2cw8","Massacre em Realengo: imagens do circuito interno da Escola Municipal Tasso da Silveira","2","Mais antigos"
"@umasimplespessoa7294","UC6dE9oTH_xVUUNeeJgTOFyw","http://www.youtube.com/@umasimplespessoa7294","Vendo esses videos eu só penso em uma coisa, será que eu sobreviveria a um massacre?","2483","2020-09-11T23:15:48Z","2020-09-11T23:15:48Z","True","True","172","5","[{'autor': '@nickollkk', 'comentario': 'Vdd mano, tô até com medo de voltar a estudar vei, cheio de moleque doente', 'likes': 506, 'publicado_em': '2020-09-12T02:51:27Z'}, {'autor': '@sammucavandame8585', 'comentario': 'Não sei se vcs viram, mas um cara acima em algum comentário falou que tá planejando um massacre pra 2024', 'likes': 92, 'publicado_em': '2020-10-05T23:08:11Z'}, {'autor': '@Alpharoxo', 'comentario': '@nickollkk kkkkk eu também mano', 'likes': 2, 'publicado_em': '2020-10-18T15:02:50Z'}, {'autor': '@inde.', 'comentario': '@nickollkk Siim,e a grande maioria da minha sala gostam de joga violentos e ficam conversando sobre coisas violentas mano-', 'likes': 11, 'publicado_em': '2020-10-24T04:09:16Z'}, {'autor': '@kayuri8967', 'comentario': 'Uma tática boa de sobrevivência é, faça amizade com o aluno quieto e use chinelo', 'likes': 36, 'publicado_em': '2020-11-10T22:30:16Z'}]","pIaxOBf2cw8","Massacre em Realengo: imagens do circuito interno da Escola Municipal Tasso da Silveira","3","Mais curtidos"
"@jeanfelipe1505","UCwT7M1LUDwwQSkMTP9RXdFg","http://www.youtube.com/@jeanfelipe1505","Triste ver o nível dos comentários. Vergonhoso... As pessoas acham que debochar de um absurdo desses é mostrar superioridade.... Não percebem que a mesma sociedade doente que criou essa situação absurda pode acometer a eles.","1781","2019-11-05T01:34:11Z","2019-11-05T01:34:11Z","True","True","65","5","[{'autor': '@SilvioMeAjude', 'comentario': 'É pq os retardados q comentam faria o msm após anos sofrendo bullying', 'likes': 54, 'publicado_em': '2019-11-10T16:20:09Z'}, {'autor': '@raellenmendes8811', 'comentario': 'Verdade', 'likes': 8, 'publicado_em': '2019-11-11T16:10:15Z'}, {'autor': '@bcario5712', 'comentario': 'Ai ai desculpa aí filósofo esse teu jeito de pensar e que da pena', 'likes': 9, 'publicado_em': '2019-11-20T03:52:55Z'}, {'autor': '@anyaya2310', 'comentario': 'criança', 'likes': 1, 'publicado_em': '2020-01-25T05:30:04Z'}, {'autor': '@Lowzerix', 'comentario': 'Falo professor kkkkkk, mn agente ta cagando pra isso do msm jeito q cagamos pra nossa vida', 'likes': 4, 'publicado_em': '2020-01-30T06:35:40Z'}]","pIaxOBf2cw8","Massacre em Realengo: imagens do circuito interno da Escola Municipal Tasso da Silveira","3","Mais curtidos"
"@caioalves3513","UCa7FeNvaTY6r-jjyJzySb9A","http://www.youtube.com/@caioalves3513","Isso é MUITO triste. Imagina o desespero das crianças na época? Da vontade de chorar pprt","959","2020-12-08T18:50:37Z","2020-12-08T18:50:37Z","True","True","4","4","[{'autor': '@Daniel-hp1qt', 'comentario': 'Eu chorei', 'likes': 12, 'publicado_em': '2021-03-20T03:34:25Z'}, {'autor': '@nathancardoso2095', 'comentario': 'Eu também tive a mesma vontade, muito triste!', 'likes': 12, 'publicado_em': '2021-08-29T22:34:30Z'}, {'autor': '@lucasreislander275', 'comentario': 'Verdade', 'likes': 1, 'publicado_em': '2022-02-04T23:01:20Z'}, {'autor': '@Godenlightens77', 'comentario': 'Como diria o próprio autor do massacre . Alunos que são , humilhados, agredidos, ridicularizado , só forçaram a ter irmãos para matar e morrer', 'likes': 7, 'publicado_em': '2022-07-22T01:45:01Z'}]","pIaxOBf2cw8","Massacre em Realengo: imagens do circuito interno da Escola Municipal Tasso da Silveira","3","Mais curtidos"
"@robertodealmeida4271","UC70tqlYIT8__HOxpuwBPLDg","http://www.youtube.com/@robertodealmeida4271","Se passaram anos, eu estudava nessa escola, dia triste, hj em dia tem as estátuas lá como homemagem as vítimas.","890","2020-06-12T21:22:52Z","2020-06-12T21:23:04Z","True","True","52","5","[{'autor': '@blade6143', 'comentario': 'Triste..', 'likes': 9, 'publicado_em': '2020-06-12T21:31:13Z'}, {'autor': '@heartz1828', 'comentario': 'Alguém morreu?', 'likes': 9, 'publicado_em': '2020-08-03T03:05:25Z'}, {'autor': '@robertodealmeida4271', 'comentario': '@heartz1828 morreu sim, a grande maioria foram garotas, o cara tava focando em matar apenas garotas', 'likes': 103, 'publicado_em': '2020-08-03T04:41:17Z'}, {'autor': '@heartz1828', 'comentario': '@robertodealmeida4271 quantas maisomenos?', 'likes': 12, 'publicado_em': '2020-08-03T05:00:40Z'}, {'autor': '@vioIetm', 'comentario': 'Heart umas 15', 'likes': 13, 'publicado_em': '2020-08-04T23:23:32Z'}]","pIaxOBf2cw8","Massacre em Realengo: imagens do circuito interno da Escola Municipal Tasso da Silveira","3","Mais curtidos"
"@ssszsszsz","UCeZRjbWryB7AUgjXSuxSpNA","http://www.youtube.com/@ssszsszsz","Prr esses comentários me surpreendem cada vez mais,as pessoas se achando psicopatas,mais tem medo da própria sombra","621","2020-06-17T00:20:06Z","2020-07-22T16:21:07Z","True","True","39","5","[{'autor': '@fogo.6419', 'comentario': 'Estamos rindo, \n  a morte é uma coisa que chegará para todos não à por quê não fazer uma sátira ou ""brincadeira"" com isso!\n\n É so mais uma forma de se divertir e aproveitar a bela vida que acabará em breve.\n\no bom disso tudo foi que.. morreram cedo de mais pra não se decepcionarem no futuro.\n\n\n\n               com amor\n                                         cz. . .. . .', 'likes': 14, 'publicado_em': '2020-08-12T11:51:20Z'}, {'autor': '@lyamont5876', 'comentario': '@fogo.6419 Tá, todos sabemos q vamos morrer, mas isso não justifica fazer piadinhas com as vítimas dessa tragédia, onde ta o respeito meu fi?', 'likes': 52, 'publicado_em': '2020-08-13T14:40:42Z'}, {'autor': '@primula5010', 'comentario': '@ssszsszsz ""ai olha pra mim eu sou psicopata aiiin"" vão lavar uma louça seus bonequinhos de satanás kkkkkkk', 'likes': 32, 'publicado_em': '2020-08-18T21:58:07Z'}, {'autor': '@fogo.6419', 'comentario': '@lyamont5876 você não vai me censurar.', 'likes': 0, 'publicado_em': '2020-08-19T18:56:36Z'}, {'autor': '@cauedoria7028', 'comentario': '@fogo.6419 \xa0@dope \'s\xa0 Alá KKKKKKKKK o cara que se acha revoltado e diferente KKKKKKKKK o cara que muito provavelmente tem entre 13 e 17 anos, vive uma vida que não quer viver, é frustrado de mais com suas decepções e se nega a enfrentá-las como alguém de verdade. Ao invés disso, prefere passar mais da metade do dia num quarto, se isolando do mundo que você julga ser ""breve"", fazendo piadinhas na internet, já que é sua única forma de descontrair, devido o fato de ter poucos, ou não ter nenhum amigo, e ao invés de tentar socializar, prefere continuar como o merda que é por puro comodismo. Típico adolescente (me refiro a você como adolescente porque acho pouco provável ter mais de 20 anos, e se tiver, já é hora de procurar algum tipo de tratamento) que tem complexo misantrópico e acha que o mundo e todas as pessoas que fazem parte dele são ruins só porque você se exclui, se auto-sabota e não faz parte dele. Espero que responda meu comentário com uma resposta à altura e não apenas um ""fodase kkkk"" ou um ""não ligo"", porque aí eu vou ter 10000% de certeza que é apenas uma criança mimada e que clama por atenção. Independente disso, desejo sorte e que você consiga superar seus problemas e que, finalmente acorde e veja que o mundo não é de todo ruim. \n\nObs: Também sou adolescente, caso pense em usar isso como argumento.', 'likes': 35, 'publicado_em': '2020-09-28T18:57:01Z'}]","pIaxOBf2cw8","Massacre em Realengo: imagens do circuito interno da Escola Municipal Tasso da Silveira","3","Mais curtidos"
"@BrunaAbbondanza","UC0OhJV42qVFAkrsNxyRSkWQ","http://www.youtube.com/@BrunaAbbondanza","Imagina quantas crianças ficaram com síndrome do pânico por causa disso :/","553","2020-09-27T09:49:37Z","2020-09-27T09:49:37Z","True","True","19","5","[{'autor': '@sdasfdcq5r4wrtf91', 'comentario': 'Teu rabo', 'likes': 3, 'publicado_em': '2020-09-28T05:20:25Z'}, {'autor': '@greggreg126', 'comentario': '@sdasfdcq5r4wrtf91 Se você estivesse lá no massacre você diria isso huh?', 'likes': 39, 'publicado_em': '2021-02-05T14:43:04Z'}, {'autor': '@eri6517', 'comentario': 'Sim velho coitadas :(', 'likes': 5, 'publicado_em': '2021-03-09T19:22:44Z'}, {'autor': '@GigaxOficial', 'comentario': 'Era um colegio nao uma escola nao tinha crianca', 'likes': 1, 'publicado_em': '2021-03-18T18:22:33Z'}, {'autor': '@joaolucasdecarvalhopinto5077', 'comentario': 'Imagina como o cara q matou ñ sofria na escola né', 'likes': 2, 'publicado_em': '2021-03-28T00:03:21Z'}]","pIaxOBf2cw8","Massacre em Realengo: imagens do circuito interno da Escola Municipal Tasso da Silveira","3","Mais curtidos"
"@enriquepontes","UCqJ03fbjT4ny0Rn4PtfYI_Q","http://www.youtube.com/@enriquepontes","Nossa, lembro-me que eu era uma criança quando vi as imagens deste caso.","441","2020-08-22T05:49:21Z","2020-08-22T05:49:21Z","True","True","17","5","[{'autor': '@candylpsbrasil3602', 'comentario': 'que horror 😢', 'likes': 12, 'publicado_em': '2020-09-12T15:50:38Z'}, {'autor': '@mariahelena-sc3nv', 'comentario': 'Vai mentir pra outro vc nem tava la', 'likes': 7, 'publicado_em': '2020-09-19T04:34:23Z'}, {'autor': '@candylpsbrasil3602', 'comentario': 'maria helena ele não falou eu estava lá falou que viu as imagens interpretação boa em', 'likes': 29, 'publicado_em': '2020-09-19T04:48:44Z'}, {'autor': '@enriquepontes', 'comentario': '@mariahelena-sc3nv \xa0@maria helena\xa0 Nossa... mas não foi a minha intenção dizer que eu estava presente no local da tragédia. Eu estava a dizer que eu era uma criança quando vi as imagens deste caso pela minha televisão...', 'likes': 17, 'publicado_em': '2020-09-19T05:09:38Z'}, {'autor': '@enriquepontes', 'comentario': '@candylpsbrasil3602 Obrigado pelas palavras, Candy!', 'likes': 7, 'publicado_em': '2020-09-19T05:10:00Z'}]","pIaxOBf2cw8","Massacre em Realengo: imagens do circuito interno da Escola Municipal Tasso da Silveira","3","Mais curtidos"
"@lucasmaia2949","UCY5mQQWC5x-2XTdeZXEDAKA","http://www.youtube.com/@lucasmaia2949","Brasil. Onde acontece essa chacina e o povo faz piada","403","2020-06-12T16:09:25Z","2020-06-12T16:09:25Z","True","True","32","5","[{'autor': '@lucasmaia2949', 'comentario': 'SpøøNzC00L nao tem nada de engraçado nele! Acho triste.', 'likes': 12, 'publicado_em': '2020-08-02T19:25:06Z'}, {'autor': '@lucasmaia2949', 'comentario': 'SpøøNzC00L cheio de ironia nhe? Deve ser um dos mts aí qe fizeram comentários debochado.', 'likes': 7, 'publicado_em': '2020-08-02T19:36:28Z'}, {'autor': '@lucasmaia2949', 'comentario': 'SpøøNzC00L parabéns kid, lembra disso se acontecer com vc ou familiares.', 'likes': 11, 'publicado_em': '2020-08-02T20:02:12Z'}, {'autor': '@thebabyismine', 'comentario': '@lucasmaia2949 Nem adianta gastar argumento com esse tipo de pessoa k', 'likes': 19, 'publicado_em': '2020-08-06T18:15:07Z'}, {'autor': '@lucasmaia2949', 'comentario': '@thebabyismine kk isso é só mais um otário de internet', 'likes': 8, 'publicado_em': '2020-08-06T19:46:48Z'}]","pIaxOBf2cw8","Massacre em Realengo: imagens do circuito interno da Escola Municipal Tasso da Silveira","3","Mais curtidos"
"@digonomundo","UCyM4g_I5GHhpprPx-C4cDWQ","http://www.youtube.com/@digonomundo","YouTube ta me trazendo a lugares estranhos ultimamente","373","2020-10-02T14:26:59Z","2020-10-02T14:26:59Z","True","True","19","5","[{'autor': '@dimensiongamer2781', 'comentario': 'kk n é  o único \nmais vale apean kkk', 'likes': 3, 'publicado_em': '2020-10-22T21:54:50Z'}, {'autor': '@zueirafc8874', 'comentario': '🙄', 'likes': 3, 'publicado_em': '2020-11-10T00:30:11Z'}, {'autor': '@shyrlenneferreira1645', 'comentario': '@Trinity.2002 kskssk na real eu sinto umas brisa quando vejo esses tipos de coisa', 'likes': 1, 'publicado_em': '2020-12-15T13:30:21Z'}, {'autor': '@lucas-cw4py', 'comentario': 'Poisé né!', 'likes': 0, 'publicado_em': '2020-12-20T16:31:47Z'}, {'autor': '@heylarihh4052', 'comentario': '@shyrlenneferreira1645 famílias chorando pois perdeu suas filhas ou filhos que  você queme no inferno', 'likes': 1, 'publicado_em': '2021-02-03T15:30:42Z'}]","pIaxOBf2cw8","Massacre em Realengo: imagens do circuito interno da Escola Municipal Tasso da Silveira","3","Mais curtidos"
"@panicgameplays4603","UCPn5FRznhx4U1aieAnqBRaQ","http://www.youtube.com/@panicgameplays4603","Mds que poha é essa vocês estao romantizando um massacre wtf","373","2020-03-21T01:24:51Z","2020-03-21T01:24:51Z","True","True","12","5","[{'autor': '@luizMiguel-gy7es', 'comentario': 'ydαrкxz pxxv só por um tempo dps esquecem', 'likes': 3, 'publicado_em': '2020-07-14T06:22:46Z'}, {'autor': '@fogo.6419', 'comentario': '@João Pedro eu tô brincando amigão. internet é pra isso!', 'likes': 1, 'publicado_em': '2020-08-19T18:57:08Z'}, {'autor': '@yllecram', 'comentario': '@fogo.6419 denunciando por spam', 'likes': 6, 'publicado_em': '2020-09-16T16:11:52Z'}, {'autor': '@cauedoria7028', 'comentario': 'https://youtu.be/WuBXXinfcoE', 'likes': 1, 'publicado_em': '2020-10-01T12:30:52Z'}, {'autor': '@MaryMary-dz7qh', 'comentario': 'Wtf', 'likes': 1, 'publicado_em': '2020-10-04T00:52:28Z'}]","pIaxOBf2cw8","Massacre em Realengo: imagens do circuito interno da Escola Municipal Tasso da Silveira","3","Mais curtidos"
"@EDSi-dp5ee","UC5YqjwM8pQ5GoIWS6obGxSw","http://www.youtube.com/@EDSi-dp5ee","Meu coração fica apertado até hoje com esse episódio!Que coisa mais horrenda!","288","2019-12-07T14:30:34Z","2019-12-26T04:00:57Z","True","True","1","1","[{'autor': '@sunday7323', 'comentario': 'Vdd', 'likes': 1, 'publicado_em': '2022-05-04T18:56:29Z'}]","pIaxOBf2cw8","Massacre em Realengo: imagens do circuito interno da Escola Municipal Tasso da Silveira","3","Mais curtidos"
"@yansilva486","UC-8uNuYSfHp7Pq6nHQJxlmQ","http://www.youtube.com/@yansilva486","Só eu acho que divia ter uns segurança bem armado nas frente da escola pra lidar com um problema desses?","196","2020-01-16T20:53:03Z","2020-01-16T20:53:03Z","True","True","19","5","[{'autor': '@lordoxff7501', 'comentario': 'Tbm acho', 'likes': 2, 'publicado_em': '2020-01-22T02:23:36Z'}, {'autor': '@diogenescinico', 'comentario': 'Xerife SemLei Primeiro que civil no Brasil não pode portar armas, segundo que segurança altamente treinado e ainda ARMADO pela própria ESCOLA iria ser caro pra caralho. Agora tu imagina, uma escola pública não consegue nem pagar os professores direito, imagina um segurança 5 estrelas + armas e munições? É um sonho americano.', 'likes': 10, 'publicado_em': '2020-04-11T11:50:07Z'}, {'autor': '@diogenescinico', 'comentario': 'Xerife SemLei Penso que uma revista já seria suficiente, se executada por duas pessoas (uma para revistar e desarmar, a outra para imobilizar)', 'likes': 0, 'publicado_em': '2020-04-11T22:19:27Z'}, {'autor': '@diogenescinico', 'comentario': 'Xerife SemLei Então ele é idiota, porque em minutos a escola já iria ter evacuado.', 'likes': 0, 'publicado_em': '2020-04-11T22:43:02Z'}, {'autor': '@diogenescinico', 'comentario': 'Xerife SemLei Só o último detalhe para eles: não usem armas num massacre, é caro e ineficaz. Produza seu próprio gás sarin e envenene toda a escola :)', 'likes': 0, 'publicado_em': '2020-04-11T23:08:26Z'}]","pIaxOBf2cw8","Massacre em Realengo: imagens do circuito interno da Escola Municipal Tasso da Silveira","3","Mais curtidos"
"@p0lyb1u5","UCUAK8sgRLvnZUK_L2vMaBWw","http://www.youtube.com/@p0lyb1u5","Desesperador. Eu sofri bullying por 3 anos na minha cidade antiga, e ninguém fazia nada sobre isso na escola. Eu planejava coisas assim. Agora, no alto do meu ensino médio, sou uma pessoa que defende qualquer um de bullying, pois sei que a atitude das pessoas pode desencadear num pensamento desses, e *ser* realizado e matar muitas pessoas. Realmente triste.","137","2021-03-24T17:26:20Z","2021-03-24T17:26:20Z","True","True","8","5","[{'autor': '@user-lc2lv1uf7l', 'comentario': 'É só você espancar o cara que faz bullying com vc', 'likes': 8, 'publicado_em': '2021-03-31T16:25:08Z'}, {'autor': '@p0lyb1u5', 'comentario': '@user-lc2lv1uf7l Eu já mudei de escola faz 2 anos.', 'likes': 2, 'publicado_em': '2021-03-31T18:49:56Z'}, {'autor': '@user-lc2lv1uf7l', 'comentario': '@p0lyb1u5 Sim Mas Provavelmente Esse Cara Entrou Pro Mundo Do Crime', 'likes': 3, 'publicado_em': '2021-03-31T19:40:19Z'}, {'autor': '@Sugilite000', 'comentario': 'nana Você ja falou tipo, com seus pais ou com algum responsavél? Talvez eles possam fazer algo, nem que seja te transferir de escola.', 'likes': 2, 'publicado_em': '2021-10-15T15:10:41Z'}, {'autor': '@migatino-1679', 'comentario': 'Meu pensamento em fazer isso era constante', 'likes': 2, 'publicado_em': '2022-02-19T15:27:06Z'}]","pIaxOBf2cw8","Massacre em Realengo: imagens do circuito interno da Escola Municipal Tasso da Silveira","3","Mais curtidos"
"@luisinistro","UCtPP0tyPfite-0cskMHApCw","http://www.youtube.com/@luisinistro","Mano me traz uma sensação mttt ruim ver isso novamente não sei parece que me dá um aperto aí MDS vó chora véi sério que triste","133","2020-08-30T03:31:11Z","2020-08-30T03:31:11Z","True","True","4","4","[{'autor': '@mandysm5033', 'comentario': 'Cara, é muito triste ver essas imagens e ainda tem gente que tem coragem de chamar o assasino de heroi..', 'likes': 8, 'publicado_em': '2020-11-03T18:04:57Z'}, {'autor': '@jerlanreis4327', 'comentario': '@mandysm5033 somos sim ao ponto de tirar a pequena dor delles', 'likes': 0, 'publicado_em': '2021-03-18T11:20:31Z'}, {'autor': '@tailadeoliveirazatelli7092', 'comentario': 'Jesus ama muito todos vocês e Ele quer salvar vocês e suas famílias', 'likes': 0, 'publicado_em': '2022-05-02T20:19:43Z'}, {'autor': '@JhonathanCollier', 'comentario': '@jerlanreis4327 parabéns mano vc é muito foda quando diz “ a pequena dor deles “ 👏🏼👏🏼👏🏼😜😜😜😉😉😉😉🙃🙃🙂🙂🙂. QI INFINITO', 'likes': 0, 'publicado_em': '2022-05-08T04:07:59Z'}]","pIaxOBf2cw8","Massacre em Realengo: imagens do circuito interno da Escola Municipal Tasso da Silveira","3","Mais curtidos"
"@tin1i","UCbARrv4uZsk1JZff1ySwc_g","http://www.youtube.com/@tin1i","Ainda tem gente que romantiza isso, imagina o desespero desses adolecentes.","67","2021-02-27T02:16:32Z","2021-02-27T02:16:32Z","True","True","0","0","[]","pIaxOBf2cw8","Massacre em Realengo: imagens do circuito interno da Escola Municipal Tasso da Silveira","3","Mais curtidos"
"@kaikymsm","UCqTqGW8elSHF6EP1hvNurVA","http://www.youtube.com/@kaikymsm","Não sei porque ele demorou tanto naquela sala, mas foi bom. Porque ao menos, as outras salas conseguiram escapar. Meus pêsames aos familiares e amigos dos que faleceram naquela sala 😞","36","2020-12-11T00:38:53Z","2020-12-11T00:39:08Z","True","True","0","0","[]","pIaxOBf2cw8","Massacre em Realengo: imagens do circuito interno da Escola Municipal Tasso da Silveira","3","Mais curtidos"
"@faturando.br1","UCIN2WyOA8Fut3Sh478sq3nw","http://www.youtube.com/@faturando.br1","Olhando os comentários só vejo pessoas querendo atenção de um jeito ridículo se achando o psicopata isso é foda na moral, entendam uma coisa QM realmente faz é os que não falam que vão fazer, agora vim comentar q é assassino aq já deu né","30","2021-02-11T10:01:32Z","2021-02-11T10:01:32Z","True","True","0","0","[]","pIaxOBf2cw8","Massacre em Realengo: imagens do circuito interno da Escola Municipal Tasso da Silveira","3","Mais curtidos"
"@thamiressousa8264","UCJDMESMdKzj-lo8BFvus9WQ","http://www.youtube.com/@thamiressousa8264","O desespero meu Deus💔","25","2020-08-21T17:29:20Z","2020-08-21T17:29:20Z","True","True","0","0","[]","pIaxOBf2cw8","Massacre em Realengo: imagens do circuito interno da Escola Municipal Tasso da Silveira","3","Mais curtidos"
"@Juan.Greg.","UCexEKdDL2f0PxdcFHmnEoKQ","http://www.youtube.com/@Juan.Greg.","Nss, o desespero q essas pessoas deveriam estar passando...
Chorei, chorei de vdd msm. Isso é extremamente desesperador.","16","2021-10-14T01:47:16Z","2021-10-14T01:47:16Z","True","True","0","0","[]","pIaxOBf2cw8","Massacre em Realengo: imagens do circuito interno da Escola Municipal Tasso da Silveira","3","Mais curtidos"
"@Aliceb1239","UCDITlzB_1SHBNSEcy0FO0WA","http://www.youtube.com/@Aliceb1239","Eu tinha 8 anos e me lembro da minha mãe vendo o jornal, dessa triste e terrível notícia fico com o coração apertado quando lembro descansem em paz....🤲🏿💔","2","2023-12-05T23:07:43Z","2023-12-05T23:07:43Z","True","True","0","0","[]","pIaxOBf2cw8","Massacre em Realengo: imagens do circuito interno da Escola Municipal Tasso da Silveira","3","Mais curtidos"
"@p0lyb1u5","UCUAK8sgRLvnZUK_L2vMaBWw","http://www.youtube.com/@p0lyb1u5","Desesperador. Eu sofri bullying por 3 anos na minha cidade antiga, e ninguém fazia nada sobre isso na escola. Eu planejava coisas assim. Agora, no alto do meu ensino médio, sou uma pessoa que defende qualquer um de bullying, pois sei que a atitude das pessoas pode desencadear num pensamento desses, e *ser* realizado e matar muitas pessoas. Realmente triste.","137","2021-03-24T17:26:20Z","2021-03-24T17:26:20Z","True","True","8","5","[{'autor': '@user-lc2lv1uf7l', 'comentario': 'É só você espancar o cara que faz bullying com vc', 'likes': 8, 'publicado_em': '2021-03-31T16:25:08Z'}, {'autor': '@p0lyb1u5', 'comentario': '@user-lc2lv1uf7l Eu já mudei de escola faz 2 anos.', 'likes': 2, 'publicado_em': '2021-03-31T18:49:56Z'}, {'autor': '@user-lc2lv1uf7l', 'comentario': '@p0lyb1u5 Sim Mas Provavelmente Esse Cara Entrou Pro Mundo Do Crime', 'likes': 3, 'publicado_em': '2021-03-31T19:40:19Z'}, {'autor': '@Sugilite000', 'comentario': 'nana Você ja falou tipo, com seus pais ou com algum responsavél? Talvez eles possam fazer algo, nem que seja te transferir de escola.', 'likes': 2, 'publicado_em': '2021-10-15T15:10:41Z'}, {'autor': '@migatino-1679', 'comentario': 'Meu pensamento em fazer isso era constante', 'likes': 2, 'publicado_em': '2022-02-19T15:27:06Z'}]","pIaxOBf2cw8","Massacre em Realengo: imagens do circuito interno da Escola Municipal Tasso da Silveira","4","Mais longos"
"@faturando.br1","UCIN2WyOA8Fut3Sh478sq3nw","http://www.youtube.com/@faturando.br1","Olhando os comentários só vejo pessoas querendo atenção de um jeito ridículo se achando o psicopata isso é foda na moral, entendam uma coisa QM realmente faz é os que não falam que vão fazer, agora vim comentar q é assassino aq já deu né","30","2021-02-11T10:01:32Z","2021-02-11T10:01:32Z","True","True","0","0","[]","pIaxOBf2cw8","Massacre em Realengo: imagens do circuito interno da Escola Municipal Tasso da Silveira","4","Mais longos"
"@jeanfelipe1505","UCwT7M1LUDwwQSkMTP9RXdFg","http://www.youtube.com/@jeanfelipe1505","Triste ver o nível dos comentários. Vergonhoso... As pessoas acham que debochar de um absurdo desses é mostrar superioridade.... Não percebem que a mesma sociedade doente que criou essa situação absurda pode acometer a eles.","1781","2019-11-05T01:34:11Z","2019-11-05T01:34:11Z","True","True","65","5","[{'autor': '@SilvioMeAjude', 'comentario': 'É pq os retardados q comentam faria o msm após anos sofrendo bullying', 'likes': 54, 'publicado_em': '2019-11-10T16:20:09Z'}, {'autor': '@raellenmendes8811', 'comentario': 'Verdade', 'likes': 8, 'publicado_em': '2019-11-11T16:10:15Z'}, {'autor': '@bcario5712', 'comentario': 'Ai ai desculpa aí filósofo esse teu jeito de pensar e que da pena', 'likes': 9, 'publicado_em': '2019-11-20T03:52:55Z'}, {'autor': '@anyaya2310', 'comentario': 'criança', 'likes': 1, 'publicado_em': '2020-01-25T05:30:04Z'}, {'autor': '@Lowzerix', 'comentario': 'Falo professor kkkkkk, mn agente ta cagando pra isso do msm jeito q cagamos pra nossa vida', 'likes': 4, 'publicado_em': '2020-01-30T06:35:40Z'}]","pIaxOBf2cw8","Massacre em Realengo: imagens do circuito interno da Escola Municipal Tasso da Silveira","4","Mais longos"
"@kaikymsm","UCqTqGW8elSHF6EP1hvNurVA","http://www.youtube.com/@kaikymsm","Não sei porque ele demorou tanto naquela sala, mas foi bom. Porque ao menos, as outras salas conseguiram escapar. Meus pêsames aos familiares e amigos dos que faleceram naquela sala 😞","36","2020-12-11T00:38:53Z","2020-12-11T00:39:08Z","True","True","0","0","[]","pIaxOBf2cw8","Massacre em Realengo: imagens do circuito interno da Escola Municipal Tasso da Silveira","4","Mais longos"
"@Aliceb1239","UCDITlzB_1SHBNSEcy0FO0WA","http://www.youtube.com/@Aliceb1239","Eu tinha 8 anos e me lembro da minha mãe vendo o jornal, dessa triste e terrível notícia fico com o coração apertado quando lembro descansem em paz....🤲🏿💔","2","2023-12-05T23:07:43Z","2023-12-05T23:07:43Z","True","True","0","0","[]","pIaxOBf2cw8","Massacre em Realengo: imagens do circuito interno da Escola Municipal Tasso da Silveira","4","Mais longos"
"@luisinistro","UCtPP0tyPfite-0cskMHApCw","http://www.youtube.com/@luisinistro","Mano me traz uma sensação mttt ruim ver isso novamente não sei parece que me dá um aperto aí MDS vó chora véi sério que triste","133","2020-08-30T03:31:11Z","2020-08-30T03:31:11Z","True","True","4","4","[{'autor': '@mandysm5033', 'comentario': 'Cara, é muito triste ver essas imagens e ainda tem gente que tem coragem de chamar o assasino de heroi..', 'likes': 8, 'publicado_em': '2020-11-03T18:04:57Z'}, {'autor': '@jerlanreis4327', 'comentario': '@mandysm5033 somos sim ao ponto de tirar a pequena dor delles', 'likes': 0, 'publicado_em': '2021-03-18T11:20:31Z'}, {'autor': '@tailadeoliveirazatelli7092', 'comentario': 'Jesus ama muito todos vocês e Ele quer salvar vocês e suas famílias', 'likes': 0, 'publicado_em': '2022-05-02T20:19:43Z'}, {'autor': '@JhonathanCollier', 'comentario': '@jerlanreis4327 parabéns mano vc é muito foda quando diz “ a pequena dor deles “ 👏🏼👏🏼👏🏼😜😜😜😉😉😉😉🙃🙃🙂🙂🙂. QI INFINITO', 'likes': 0, 'publicado_em': '2022-05-08T04:07:59Z'}]","pIaxOBf2cw8","Massacre em Realengo: imagens do circuito interno da Escola Municipal Tasso da Silveira","4","Mais longos"
"@Juan.Greg.","UCexEKdDL2f0PxdcFHmnEoKQ","http://www.youtube.com/@Juan.Greg.","Nss, o desespero q essas pessoas deveriam estar passando...
Chorei, chorei de vdd msm. Isso é extremamente desesperador.","16","2021-10-14T01:47:16Z","2021-10-14T01:47:16Z","True","True","0","0","[]","pIaxOBf2cw8","Massacre em Realengo: imagens do circuito interno da Escola Municipal Tasso da Silveira","4","Mais longos"
"@ssszsszsz","UCeZRjbWryB7AUgjXSuxSpNA","http://www.youtube.com/@ssszsszsz","Prr esses comentários me surpreendem cada vez mais,as pessoas se achando psicopatas,mais tem medo da própria sombra","621","2020-06-17T00:20:06Z","2020-07-22T16:21:07Z","True","True","39","5","[{'autor': '@fogo.6419', 'comentario': 'Estamos rindo, \n  a morte é uma coisa que chegará para todos não à por quê não fazer uma sátira ou ""brincadeira"" com isso!\n\n É so mais uma forma de se divertir e aproveitar a bela vida que acabará em breve.\n\no bom disso tudo foi que.. morreram cedo de mais pra não se decepcionarem no futuro.\n\n\n\n               com amor\n                                         cz. . .. . .', 'likes': 14, 'publicado_em': '2020-08-12T11:51:20Z'}, {'autor': '@lyamont5876', 'comentario': '@fogo.6419 Tá, todos sabemos q vamos morrer, mas isso não justifica fazer piadinhas com as vítimas dessa tragédia, onde ta o respeito meu fi?', 'likes': 52, 'publicado_em': '2020-08-13T14:40:42Z'}, {'autor': '@primula5010', 'comentario': '@ssszsszsz ""ai olha pra mim eu sou psicopata aiiin"" vão lavar uma louça seus bonequinhos de satanás kkkkkkk', 'likes': 32, 'publicado_em': '2020-08-18T21:58:07Z'}, {'autor': '@fogo.6419', 'comentario': '@lyamont5876 você não vai me censurar.', 'likes': 0, 'publicado_em': '2020-08-19T18:56:36Z'}, {'autor': '@cauedoria7028', 'comentario': '@fogo.6419 \xa0@dope \'s\xa0 Alá KKKKKKKKK o cara que se acha revoltado e diferente KKKKKKKKK o cara que muito provavelmente tem entre 13 e 17 anos, vive uma vida que não quer viver, é frustrado de mais com suas decepções e se nega a enfrentá-las como alguém de verdade. Ao invés disso, prefere passar mais da metade do dia num quarto, se isolando do mundo que você julga ser ""breve"", fazendo piadinhas na internet, já que é sua única forma de descontrair, devido o fato de ter poucos, ou não ter nenhum amigo, e ao invés de tentar socializar, prefere continuar como o merda que é por puro comodismo. Típico adolescente (me refiro a você como adolescente porque acho pouco provável ter mais de 20 anos, e se tiver, já é hora de procurar algum tipo de tratamento) que tem complexo misantrópico e acha que o mundo e todas as pessoas que fazem parte dele são ruins só porque você se exclui, se auto-sabota e não faz parte dele. Espero que responda meu comentário com uma resposta à altura e não apenas um ""fodase kkkk"" ou um ""não ligo"", porque aí eu vou ter 10000% de certeza que é apenas uma criança mimada e que clama por atenção. Independente disso, desejo sorte e que você consiga superar seus problemas e que, finalmente acorde e veja que o mundo não é de todo ruim. \n\nObs: Também sou adolescente, caso pense em usar isso como argumento.', 'likes': 35, 'publicado_em': '2020-09-28T18:57:01Z'}]","pIaxOBf2cw8","Massacre em Realengo: imagens do circuito interno da Escola Municipal Tasso da Silveira","4","Mais longos"
"@robertodealmeida4271","UC70tqlYIT8__HOxpuwBPLDg","http://www.youtube.com/@robertodealmeida4271","Se passaram anos, eu estudava nessa escola, dia triste, hj em dia tem as estátuas lá como homemagem as vítimas.","890","2020-06-12T21:22:52Z","2020-06-12T21:23:04Z","True","True","52","5","[{'autor': '@blade6143', 'comentario': 'Triste..', 'likes': 9, 'publicado_em': '2020-06-12T21:31:13Z'}, {'autor': '@heartz1828', 'comentario': 'Alguém morreu?', 'likes': 9, 'publicado_em': '2020-08-03T03:05:25Z'}, {'autor': '@robertodealmeida4271', 'comentario': '@heartz1828 morreu sim, a grande maioria foram garotas, o cara tava focando em matar apenas garotas', 'likes': 103, 'publicado_em': '2020-08-03T04:41:17Z'}, {'autor': '@heartz1828', 'comentario': '@robertodealmeida4271 quantas maisomenos?', 'likes': 12, 'publicado_em': '2020-08-03T05:00:40Z'}, {'autor': '@vioIetm', 'comentario': 'Heart umas 15', 'likes': 13, 'publicado_em': '2020-08-04T23:23:32Z'}]","pIaxOBf2cw8","Massacre em Realengo: imagens do circuito interno da Escola Municipal Tasso da Silveira","4","Mais longos"
"@yansilva486","UC-8uNuYSfHp7Pq6nHQJxlmQ","http://www.youtube.com/@yansilva486","Só eu acho que divia ter uns segurança bem armado nas frente da escola pra lidar com um problema desses?","196","2020-01-16T20:53:03Z","2020-01-16T20:53:03Z","True","True","19","5","[{'autor': '@lordoxff7501', 'comentario': 'Tbm acho', 'likes': 2, 'publicado_em': '2020-01-22T02:23:36Z'}, {'autor': '@diogenescinico', 'comentario': 'Xerife SemLei Primeiro que civil no Brasil não pode portar armas, segundo que segurança altamente treinado e ainda ARMADO pela própria ESCOLA iria ser caro pra caralho. Agora tu imagina, uma escola pública não consegue nem pagar os professores direito, imagina um segurança 5 estrelas + armas e munições? É um sonho americano.', 'likes': 10, 'publicado_em': '2020-04-11T11:50:07Z'}, {'autor': '@diogenescinico', 'comentario': 'Xerife SemLei Penso que uma revista já seria suficiente, se executada por duas pessoas (uma para revistar e desarmar, a outra para imobilizar)', 'likes': 0, 'publicado_em': '2020-04-11T22:19:27Z'}, {'autor': '@diogenescinico', 'comentario': 'Xerife SemLei Então ele é idiota, porque em minutos a escola já iria ter evacuado.', 'likes': 0, 'publicado_em': '2020-04-11T22:43:02Z'}, {'autor': '@diogenescinico', 'comentario': 'Xerife SemLei Só o último detalhe para eles: não usem armas num massacre, é caro e ineficaz. Produza seu próprio gás sarin e envenene toda a escola :)', 'likes': 0, 'publicado_em': '2020-04-11T23:08:26Z'}]","pIaxOBf2cw8","Massacre em Realengo: imagens do circuito interno da Escola Municipal Tasso da Silveira","4","Mais longos"
"@caioalves3513","UCa7FeNvaTY6r-jjyJzySb9A","http://www.youtube.com/@caioalves3513","Isso é MUITO triste. Imagina o desespero das crianças na época? Da vontade de chorar pprt","959","2020-12-08T18:50:37Z","2020-12-08T18:50:37Z","True","True","4","4","[{'autor': '@Daniel-hp1qt', 'comentario': 'Eu chorei', 'likes': 12, 'publicado_em': '2021-03-20T03:34:25Z'}, {'autor': '@nathancardoso2095', 'comentario': 'Eu também tive a mesma vontade, muito triste!', 'likes': 12, 'publicado_em': '2021-08-29T22:34:30Z'}, {'autor': '@lucasreislander275', 'comentario': 'Verdade', 'likes': 1, 'publicado_em': '2022-02-04T23:01:20Z'}, {'autor': '@Godenlightens77', 'comentario': 'Como diria o próprio autor do massacre . Alunos que são , humilhados, agredidos, ridicularizado , só forçaram a ter irmãos para matar e morrer', 'likes': 7, 'publicado_em': '2022-07-22T01:45:01Z'}]","pIaxOBf2cw8","Massacre em Realengo: imagens do circuito interno da Escola Municipal Tasso da Silveira","4","Mais longos"
"@umasimplespessoa7294","UC6dE9oTH_xVUUNeeJgTOFyw","http://www.youtube.com/@umasimplespessoa7294","Vendo esses videos eu só penso em uma coisa, será que eu sobreviveria a um massacre?","2483","2020-09-11T23:15:48Z","2020-09-11T23:15:48Z","True","True","172","5","[{'autor': '@nickollkk', 'comentario': 'Vdd mano, tô até com medo de voltar a estudar vei, cheio de moleque doente', 'likes': 506, 'publicado_em': '2020-09-12T02:51:27Z'}, {'autor': '@sammucavandame8585', 'comentario': 'Não sei se vcs viram, mas um cara acima em algum comentário falou que tá planejando um massacre pra 2024', 'likes': 92, 'publicado_em': '2020-10-05T23:08:11Z'}, {'autor': '@Alpharoxo', 'comentario': '@nickollkk kkkkk eu também mano', 'likes': 2, 'publicado_em': '2020-10-18T15:02:50Z'}, {'autor': '@inde.', 'comentario': '@nickollkk Siim,e a grande maioria da minha sala gostam de joga violentos e ficam conversando sobre coisas violentas mano-', 'likes': 11, 'publicado_em': '2020-10-24T04:09:16Z'}, {'autor': '@kayuri8967', 'comentario': 'Uma tática boa de sobrevivência é, faça amizade com o aluno quieto e use chinelo', 'likes': 36, 'publicado_em': '2020-11-10T22:30:16Z'}]","pIaxOBf2cw8","Massacre em Realengo: imagens do circuito interno da Escola Municipal Tasso da Silveira","4","Mais longos"
"@EDSi-dp5ee","UC5YqjwM8pQ5GoIWS6obGxSw","http://www.youtube.com/@EDSi-dp5ee","Meu coração fica apertado até hoje com esse episódio!Que coisa mais horrenda!","288","2019-12-07T14:30:34Z","2019-12-26T04:00:57Z","True","True","1","1","[{'autor': '@sunday7323', 'comentario': 'Vdd', 'likes': 1, 'publicado_em': '2022-05-04T18:56:29Z'}]","pIaxOBf2cw8","Massacre em Realengo: imagens do circuito interno da Escola Municipal Tasso da Silveira","4","Mais longos"
"@tin1i","UCbARrv4uZsk1JZff1ySwc_g","http://www.youtube.com/@tin1i","Ainda tem gente que romantiza isso, imagina o desespero desses adolecentes.","67","2021-02-27T02:16:32Z","2021-02-27T02:16:32Z","True","True","0","0","[]","pIaxOBf2cw8","Massacre em Realengo: imagens do circuito interno da Escola Municipal Tasso da Silveira","4","Mais longos"
"@BrunaAbbondanza","UC0OhJV42qVFAkrsNxyRSkWQ","http://www.youtube.com/@BrunaAbbondanza","Imagina quantas crianças ficaram com síndrome do pânico por causa disso :/","553","2020-09-27T09:49:37Z","2020-09-27T09:49:37Z","True","True","19","5","[{'autor': '@sdasfdcq5r4wrtf91', 'comentario': 'Teu rabo', 'likes': 3, 'publicado_em': '2020-09-28T05:20:25Z'}, {'autor': '@greggreg126', 'comentario': '@sdasfdcq5r4wrtf91 Se você estivesse lá no massacre você diria isso huh?', 'likes': 39, 'publicado_em': '2021-02-05T14:43:04Z'}, {'autor': '@eri6517', 'comentario': 'Sim velho coitadas :(', 'likes': 5, 'publicado_em': '2021-03-09T19:22:44Z'}, {'autor': '@GigaxOficial', 'comentario': 'Era um colegio nao uma escola nao tinha crianca', 'likes': 1, 'publicado_em': '2021-03-18T18:22:33Z'}, {'autor': '@joaolucasdecarvalhopinto5077', 'comentario': 'Imagina como o cara q matou ñ sofria na escola né', 'likes': 2, 'publicado_em': '2021-03-28T00:03:21Z'}]","pIaxOBf2cw8","Massacre em Realengo: imagens do circuito interno da Escola Municipal Tasso da Silveira","4","Mais longos"
"@enriquepontes","UCqJ03fbjT4ny0Rn4PtfYI_Q","http://www.youtube.com/@enriquepontes","Nossa, lembro-me que eu era uma criança quando vi as imagens deste caso.","441","2020-08-22T05:49:21Z","2020-08-22T05:49:21Z","True","True","17","5","[{'autor': '@candylpsbrasil3602', 'comentario': 'que horror 😢', 'likes': 12, 'publicado_em': '2020-09-12T15:50:38Z'}, {'autor': '@mariahelena-sc3nv', 'comentario': 'Vai mentir pra outro vc nem tava la', 'likes': 7, 'publicado_em': '2020-09-19T04:34:23Z'}, {'autor': '@candylpsbrasil3602', 'comentario': 'maria helena ele não falou eu estava lá falou que viu as imagens interpretação boa em', 'likes': 29, 'publicado_em': '2020-09-19T04:48:44Z'}, {'autor': '@enriquepontes', 'comentario': '@mariahelena-sc3nv \xa0@maria helena\xa0 Nossa... mas não foi a minha intenção dizer que eu estava presente no local da tragédia. Eu estava a dizer que eu era uma criança quando vi as imagens deste caso pela minha televisão...', 'likes': 17, 'publicado_em': '2020-09-19T05:09:38Z'}, {'autor': '@enriquepontes', 'comentario': '@candylpsbrasil3602 Obrigado pelas palavras, Candy!', 'likes': 7, 'publicado_em': '2020-09-19T05:10:00Z'}]","pIaxOBf2cw8","Massacre em Realengo: imagens do circuito interno da Escola Municipal Tasso da Silveira","4","Mais longos"
"@panicgameplays4603","UCPn5FRznhx4U1aieAnqBRaQ","http://www.youtube.com/@panicgameplays4603","Mds que poha é essa vocês estao romantizando um massacre wtf","373","2020-03-21T01:24:51Z","2020-03-21T01:24:51Z","True","True","12","5","[{'autor': '@luizMiguel-gy7es', 'comentario': 'ydαrкxz pxxv só por um tempo dps esquecem', 'likes': 3, 'publicado_em': '2020-07-14T06:22:46Z'}, {'autor': '@fogo.6419', 'comentario': '@João Pedro eu tô brincando amigão. internet é pra isso!', 'likes': 1, 'publicado_em': '2020-08-19T18:57:08Z'}, {'autor': '@yllecram', 'comentario': '@fogo.6419 denunciando por spam', 'likes': 6, 'publicado_em': '2020-09-16T16:11:52Z'}, {'autor': '@cauedoria7028', 'comentario': 'https://youtu.be/WuBXXinfcoE', 'likes': 1, 'publicado_em': '2020-10-01T12:30:52Z'}, {'autor': '@MaryMary-dz7qh', 'comentario': 'Wtf', 'likes': 1, 'publicado_em': '2020-10-04T00:52:28Z'}]","pIaxOBf2cw8","Massacre em Realengo: imagens do circuito interno da Escola Municipal Tasso da Silveira","4","Mais longos"
"@digonomundo","UCyM4g_I5GHhpprPx-C4cDWQ","http://www.youtube.com/@digonomundo","YouTube ta me trazendo a lugares estranhos ultimamente","373","2020-10-02T14:26:59Z","2020-10-02T14:26:59Z","True","True","19","5","[{'autor': '@dimensiongamer2781', 'comentario': 'kk n é  o único \nmais vale apean kkk', 'likes': 3, 'publicado_em': '2020-10-22T21:54:50Z'}, {'autor': '@zueirafc8874', 'comentario': '🙄', 'likes': 3, 'publicado_em': '2020-11-10T00:30:11Z'}, {'autor': '@shyrlenneferreira1645', 'comentario': '@Trinity.2002 kskssk na real eu sinto umas brisa quando vejo esses tipos de coisa', 'likes': 1, 'publicado_em': '2020-12-15T13:30:21Z'}, {'autor': '@lucas-cw4py', 'comentario': 'Poisé né!', 'likes': 0, 'publicado_em': '2020-12-20T16:31:47Z'}, {'autor': '@heylarihh4052', 'comentario': '@shyrlenneferreira1645 famílias chorando pois perdeu suas filhas ou filhos que  você queme no inferno', 'likes': 1, 'publicado_em': '2021-02-03T15:30:42Z'}]","pIaxOBf2cw8","Massacre em Realengo: imagens do circuito interno da Escola Municipal Tasso da Silveira","4","Mais longos"
"@lucasmaia2949","UCY5mQQWC5x-2XTdeZXEDAKA","http://www.youtube.com/@lucasmaia2949","Brasil. Onde acontece essa chacina e o povo faz piada","403","2020-06-12T16:09:25Z","2020-06-12T16:09:25Z","True","True","32","5","[{'autor': '@lucasmaia2949', 'comentario': 'SpøøNzC00L nao tem nada de engraçado nele! Acho triste.', 'likes': 12, 'publicado_em': '2020-08-02T19:25:06Z'}, {'autor': '@lucasmaia2949', 'comentario': 'SpøøNzC00L cheio de ironia nhe? Deve ser um dos mts aí qe fizeram comentários debochado.', 'likes': 7, 'publicado_em': '2020-08-02T19:36:28Z'}, {'autor': '@lucasmaia2949', 'comentario': 'SpøøNzC00L parabéns kid, lembra disso se acontecer com vc ou familiares.', 'likes': 11, 'publicado_em': '2020-08-02T20:02:12Z'}, {'autor': '@thebabyismine', 'comentario': '@lucasmaia2949 Nem adianta gastar argumento com esse tipo de pessoa k', 'likes': 19, 'publicado_em': '2020-08-06T18:15:07Z'}, {'autor': '@lucasmaia2949', 'comentario': '@thebabyismine kk isso é só mais um otário de internet', 'likes': 8, 'publicado_em': '2020-08-06T19:46:48Z'}]","pIaxOBf2cw8","Massacre em Realengo: imagens do circuito interno da Escola Municipal Tasso da Silveira","4","Mais longos"
"@thamiressousa8264","UCJDMESMdKzj-lo8BFvus9WQ","http://www.youtube.com/@thamiressousa8264","O desespero meu Deus💔","25","2020-08-21T17:29:20Z","2020-08-21T17:29:20Z","True","True","0","0","[]","pIaxOBf2cw8","Massacre em Realengo: imagens do circuito interno da Escola Municipal Tasso da Silveira","4","Mais longos"
