"autor","autorId","autorUrl","comentario","likes","publicado_em","atualizado_em","canReply","isPublic","totalReplyCount","replyCount","replies","video_id","video_titulo","ordenacao_comentario","ordenacao_comentario_nome"
"@MemeMachineBrawl","UC0NR50VbOFhx0gJro8BJkaw","http://www.youtube.com/@MemeMachineBrawl","😢😢","1","2025-12-12T13:28:13Z","2025-12-12T13:28:13Z","True","True","1","1","[{'autor': '@dm_originative', 'comentario': '❤', 'likes': 0, 'publicado_em': '2025-12-12T13:40:49Z'}]","y8cwF_MaVGY","Goku Fighting for Money?! 💰😱 Emotional Heartbreaking Story #shorts #short","1","Mais novos"
"@AshaDevi-c1c3s","UCPEi96rdUY7q2Ut2-XLV2Ww","http://www.youtube.com/@AshaDevi-c1c3s","❤❤❤❤❤😂😂❤😂😂😂😂😂😂😂😂😂","1","2025-12-12T13:10:38Z","2025-12-12T13:10:38Z","True","True","1","1","[{'autor': '@dm_originative', 'comentario': '❤', 'likes': 0, 'publicado_em': '2025-12-12T14:11:45Z'}]","y8cwF_MaVGY","Goku Fighting for Money?! 💰😱 Emotional Heartbreaking Story #shorts #short","1","Mais novos"
"@FzsGigjuIfCjjjz-c9m","UCpE4vGt-Kfsby3o2KwxYbww","http://www.youtube.com/@FzsGigjuIfCjjjz-c9m","خلببزو😂😂😂😂😂😂😂😂😂😂😂😂","2","2025-12-12T12:40:10Z","2025-12-12T12:40:10Z","True","True","1","1","[{'autor': '@dm_originative', 'comentario': '❤', 'likes': 0, 'publicado_em': '2025-12-12T12:42:57Z'}]","y8cwF_MaVGY","Goku Fighting for Money?! 💰😱 Emotional Heartbreaking Story #shorts #short","1","Mais novos"
"@DarshanaDhamgaye-c4m","UCjtUK_ucAIV-naezUqjvSUw","http://www.youtube.com/@DarshanaDhamgaye-c4m","😢😢❤❤❤❤❤","2","2025-12-12T12:26:42Z","2025-12-12T12:26:42Z","True","True","3","3","[{'autor': '@dm_originative', 'comentario': '❤', 'likes': 0, 'publicado_em': '2025-12-12T12:33:45Z'}, {'autor': '@BlancaflorCoreasAmaya', 'comentario': '❤❤❤❤❤❤❤❤❤❤❤❤❤❤❤❤❤❤❤❤❤❤❤❤❤❤❤', 'likes': 1, 'publicado_em': '2025-12-12T14:08:01Z'}, {'autor': '@dm_originative', 'comentario': '\u200b@BlancaflorCoreasAmaya❤', 'likes': 0, 'publicado_em': '2025-12-12T14:11:09Z'}]","y8cwF_MaVGY","Goku Fighting for Money?! 💰😱 Emotional Heartbreaking Story #shorts #short","1","Mais novos"
"@fsanfordgamingf7718","UCNmMYNyP-r3K6bOkE-J8eHg","http://www.youtube.com/@fsanfordgamingf7718","Can you tell me sir? which ai tools are you use? 
Please😊❤","2","2025-12-12T12:07:09Z","2025-12-12T12:07:09Z","True","True","0","0","[]","y8cwF_MaVGY","Goku Fighting for Money?! 💰😱 Emotional Heartbreaking Story #shorts #short","1","Mais novos"
"@SumitraRai-z7d","UC9-6P8eIdZiE52xihGM1Afw","http://www.youtube.com/@SumitraRai-z7d","❤❤😢,,","4","2025-12-12T11:54:42Z","2025-12-12T11:54:42Z","True","True","1","1","[{'autor': '@dm_originative', 'comentario': '❤', 'likes': 0, 'publicado_em': '2025-12-12T11:57:11Z'}]","y8cwF_MaVGY","Goku Fighting for Money?! 💰😱 Emotional Heartbreaking Story #shorts #short","1","Mais novos"
"@Anshuyadav-n2w8v","UCMW_WhAkHgqxgPAPF5L6eOA","http://www.youtube.com/@Anshuyadav-n2w8v","Goku mehnat Kare wala kahani","2","2025-12-12T11:17:30Z","2025-12-12T11:17:30Z","True","True","1","1","[{'autor': '@dm_originative', 'comentario': '❤', 'likes': 1, 'publicado_em': '2025-12-12T11:42:58Z'}]","y8cwF_MaVGY","Goku Fighting for Money?! 💰😱 Emotional Heartbreaking Story #shorts #short","1","Mais novos"
"@Anshuyadav-n2w8v","UCMW_WhAkHgqxgPAPF5L6eOA","http://www.youtube.com/@Anshuyadav-n2w8v","Goku mehnat Kare wala kahani","2","2025-12-12T11:17:30Z","2025-12-12T11:17:30Z","True","True","1","1","[{'autor': '@dm_originative', 'comentario': '❤', 'likes': 1, 'publicado_em': '2025-12-12T11:42:58Z'}]","y8cwF_MaVGY","Goku Fighting for Money?! 💰😱 Emotional Heartbreaking Story #shorts #short","2","Mais antigos"
"@SumitraRai-z7d","UC9-6P8eIdZiE52xihGM1Afw","http://www.youtube.com/@SumitraRai-z7d","❤❤😢,,","4","2025-12-12T11:54:42Z","2025-12-12T11:54:42Z","True","True","1","1","[{'autor': '@dm_originative', 'comentario': '❤', 'likes': 0, 'publicado_em': '2025-12-12T11:57:11Z'}]","y8cwF_MaVGY","Goku Fighting for Money?! 💰😱 Emotional Heartbreaking Story #shorts #short","2","Mais antigos"
"@fsanfordgamingf7718","UCNmMYNyP-r3K6bOkE-J8eHg","http://www.youtube.com/@fsanfordgamingf7718","Can you tell me sir? which ai tools are you use? 
Please😊❤","2","2025-12-12T12:07:09Z","2025-12-12T12:07:09Z","True","True","0","0","[]","y8cwF_MaVGY","Goku Fighting for Money?! 💰😱 Emotional Heartbreaking Story #shorts #short","2","Mais antigos"
"@DarshanaDhamgaye-c4m","UCjtUK_ucAIV-naezUqjvSUw","http://www.youtube.com/@DarshanaDhamgaye-c4m","😢😢❤❤❤❤❤","2","2025-12-12T12:26:42Z","2025-12-12T12:26:42Z","True","True","3","3","[{'autor': '@dm_originative', 'comentario': '❤', 'likes': 0, 'publicado_em': '2025-12-12T12:33:45Z'}, {'autor': '@BlancaflorCoreasAmaya', 'comentario': '❤❤❤❤❤❤❤❤❤❤❤❤❤❤❤❤❤❤❤❤❤❤❤❤❤❤❤', 'likes': 1, 'publicado_em': '2025-12-12T14:08:01Z'}, {'autor': '@dm_originative', 'comentario': '\u200b@BlancaflorCoreasAmaya❤', 'likes': 0, 'publicado_em': '2025-12-12T14:11:09Z'}]","y8cwF_MaVGY","Goku Fighting for Money?! 💰😱 Emotional Heartbreaking Story #shorts #short","2","Mais antigos"
"@FzsGigjuIfCjjjz-c9m","UCpE4vGt-Kfsby3o2KwxYbww","http://www.youtube.com/@FzsGigjuIfCjjjz-c9m","خلببزو😂😂😂😂😂😂😂😂😂😂😂😂","2","2025-12-12T12:40:10Z","2025-12-12T12:40:10Z","True","True","1","1","[{'autor': '@dm_originative', 'comentario': '❤', 'likes': 0, 'publicado_em': '2025-12-12T12:42:57Z'}]","y8cwF_MaVGY","Goku Fighting for Money?! 💰😱 Emotional Heartbreaking Story #shorts #short","2","Mais antigos"
"@AshaDevi-c1c3s","UCPEi96rdUY7q2Ut2-XLV2Ww","http://www.youtube.com/@AshaDevi-c1c3s","❤❤❤❤❤😂😂❤😂😂😂😂😂😂😂😂😂","1","2025-12-12T13:10:38Z","2025-12-12T13:10:38Z","True","True","1","1","[{'autor': '@dm_originative', 'comentario': '❤', 'likes': 0, 'publicado_em': '2025-12-12T14:11:45Z'}]","y8cwF_MaVGY","Goku Fighting for Money?! 💰😱 Emotional Heartbreaking Story #shorts #short","2","Mais antigos"
"@MemeMachineBrawl","UC0NR50VbOFhx0gJro8BJkaw","http://www.youtube.com/@MemeMachineBrawl","😢😢","1","2025-12-12T13:28:13Z","2025-12-12T13:28:13Z","True","True","1","1","[{'autor': '@dm_originative', 'comentario': '❤', 'likes': 0, 'publicado_em': '2025-12-12T13:40:49Z'}]","y8cwF_MaVGY","Goku Fighting for Money?! 💰😱 Emotional Heartbreaking Story #shorts #short","2","Mais antigos"
"@SumitraRai-z7d","UC9-6P8eIdZiE52xihGM1Afw","http://www.youtube.com/@SumitraRai-z7d","❤❤😢,,","4","2025-12-12T11:54:42Z","2025-12-12T11:54:42Z","True","True","1","1","[{'autor': '@dm_originative', 'comentario': '❤', 'likes': 0, 'publicado_em': '2025-12-12T11:57:11Z'}]","y8cwF_MaVGY","Goku Fighting for Money?! 💰😱 Emotional Heartbreaking Story #shorts #short","3","Mais curtidos"
"@fsanfordgamingf7718","UCNmMYNyP-r3K6bOkE-J8eHg","http://www.youtube.com/@fsanfordgamingf7718","Can you tell me sir? which ai tools are you use? 
Please😊❤","2","2025-12-12T12:07:09Z","2025-12-12T12:07:09Z","True","True","0","0","[]","y8cwF_MaVGY","Goku Fighting for Money?! 💰😱 Emotional Heartbreaking Story #shorts #short","3","Mais curtidos"
"@Anshuyadav-n2w8v","UCMW_WhAkHgqxgPAPF5L6eOA","http://www.youtube.com/@Anshuyadav-n2w8v","Goku mehnat Kare wala kahani","2","2025-12-12T11:17:30Z","2025-12-12T11:17:30Z","True","True","1","1","[{'autor': '@dm_originative', 'comentario': '❤', 'likes': 1, 'publicado_em': '2025-12-12T11:42:58Z'}]","y8cwF_MaVGY","Goku Fighting for Money?! 💰😱 Emotional Heartbreaking Story #shorts #short","3","Mais curtidos"
"@DarshanaDhamgaye-c4m","UCjtUK_ucAIV-naezUqjvSUw","http://www.youtube.com/@DarshanaDhamgaye-c4m","😢😢❤❤❤❤❤","2","2025-12-12T12:26:42Z","2025-12-12T12:26:42Z","True","True","3","3","[{'autor': '@dm_originative', 'comentario': '❤', 'likes': 0, 'publicado_em': '2025-12-12T12:33:45Z'}, {'autor': '@BlancaflorCoreasAmaya', 'comentario': '❤❤❤❤❤❤❤❤❤❤❤❤❤❤❤❤❤❤❤❤❤❤❤❤❤❤❤', 'likes': 1, 'publicado_em': '2025-12-12T14:08:01Z'}, {'autor': '@dm_originative', 'comentario': '\u200b@BlancaflorCoreasAmaya❤', 'likes': 0, 'publicado_em': '2025-12-12T14:11:09Z'}]","y8cwF_MaVGY","Goku Fighting for Money?! 💰😱 Emotional Heartbreaking Story #shorts #short","3","Mais curtidos"
"@FzsGigjuIfCjjjz-c9m","UCpE4vGt-Kfsby3o2KwxYbww","http://www.youtube.com/@FzsGigjuIfCjjjz-c9m","خلببزو😂😂😂😂😂😂😂😂😂😂😂😂","2","2025-12-12T12:40:10Z","2025-12-12T12:40:10Z","True","True","1","1","[{'autor': '@dm_originative', 'comentario': '❤', 'likes': 0, 'publicado_em': '2025-12-12T12:42:57Z'}]","y8cwF_MaVGY","Goku Fighting for Money?! 💰😱 Emotional Heartbreaking Story #shorts #short","3","Mais curtidos"
"@MemeMachineBrawl","UC0NR50VbOFhx0gJro8BJkaw","http://www.youtube.com/@MemeMachineBrawl","😢😢","1","2025-12-12T13:28:13Z","2025-12-12T13:28:13Z","True","True","1","1","[{'autor': '@dm_originative', 'comentario': '❤', 'likes': 0, 'publicado_em': '2025-12-12T13:40:49Z'}]","y8cwF_MaVGY","Goku Fighting for Money?! 💰😱 Emotional Heartbreaking Story #shorts #short","3","Mais curtidos"
"@AshaDevi-c1c3s","UCPEi96rdUY7q2Ut2-XLV2Ww","http://www.youtube.com/@AshaDevi-c1c3s","❤❤❤❤❤😂😂❤😂😂😂😂😂😂😂😂😂","1","2025-12-12T13:10:38Z","2025-12-12T13:10:38Z","True","True","1","1","[{'autor': '@dm_originative', 'comentario': '❤', 'likes': 0, 'publicado_em': '2025-12-12T14:11:45Z'}]","y8cwF_MaVGY","Goku Fighting for Money?! 💰😱 Emotional Heartbreaking Story #shorts #short","3","Mais curtidos"
"@fsanfordgamingf7718","UCNmMYNyP-r3K6bOkE-J8eHg","http://www.youtube.com/@fsanfordgamingf7718","Can you tell me sir? which ai tools are you use? 
Please😊❤","2","2025-12-12T12:07:09Z","2025-12-12T12:07:09Z","True","True","0","0","[]","y8cwF_MaVGY","Goku Fighting for Money?! 💰😱 Emotional Heartbreaking Story #shorts #short","4","Mais longos"
"@Anshuyadav-n2w8v","UCMW_WhAkHgqxgPAPF5L6eOA","http://www.youtube.com/@Anshuyadav-n2w8v","Goku mehnat Kare wala kahani","2","2025-12-12T11:17:30Z","2025-12-12T11:17:30Z","True","True","1","1","[{'autor': '@dm_originative', 'comentario': '❤', 'likes': 1, 'publicado_em': '2025-12-12T11:42:58Z'}]","y8cwF_MaVGY","Goku Fighting for Money?! 💰😱 Emotional Heartbreaking Story #shorts #short","4","Mais longos"
"@FzsGigjuIfCjjjz-c9m","UCpE4vGt-Kfsby3o2KwxYbww","http://www.youtube.com/@FzsGigjuIfCjjjz-c9m","خلببزو😂😂😂😂😂😂😂😂😂😂😂😂","2","2025-12-12T12:40:10Z","2025-12-12T12:40:10Z","True","True","1","1","[{'autor': '@dm_originative', 'comentario': '❤', 'likes': 0, 'publicado_em': '2025-12-12T12:42:57Z'}]","y8cwF_MaVGY","Goku Fighting for Money?! 💰😱 Emotional Heartbreaking Story #shorts #short","4","Mais longos"
"@AshaDevi-c1c3s","UCPEi96rdUY7q2Ut2-XLV2Ww","http://www.youtube.com/@AshaDevi-c1c3s","❤❤❤❤❤😂😂❤😂😂😂😂😂😂😂😂😂","1","2025-12-12T13:10:38Z","2025-12-12T13:10:38Z","True","True","1","1","[{'autor': '@dm_originative', 'comentario': '❤', 'likes': 0, 'publicado_em': '2025-12-12T14:11:45Z'}]","y8cwF_MaVGY","Goku Fighting for Money?! 💰😱 Emotional Heartbreaking Story #shorts #short","4","Mais longos"
"@DarshanaDhamgaye-c4m","UCjtUK_ucAIV-naezUqjvSUw","http://www.youtube.com/@DarshanaDhamgaye-c4m","😢😢❤❤❤❤❤","2","2025-12-12T12:26:42Z","2025-12-12T12:26:42Z","True","True","3","3","[{'autor': '@dm_originative', 'comentario': '❤', 'likes': 0, 'publicado_em': '2025-12-12T12:33:45Z'}, {'autor': '@BlancaflorCoreasAmaya', 'comentario': '❤❤❤❤❤❤❤❤❤❤❤❤❤❤❤❤❤❤❤❤❤❤❤❤❤❤❤', 'likes': 1, 'publicado_em': '2025-12-12T14:08:01Z'}, {'autor': '@dm_originative', 'comentario': '\u200b@BlancaflorCoreasAmaya❤', 'likes': 0, 'publicado_em': '2025-12-12T14:11:09Z'}]","y8cwF_MaVGY","Goku Fighting for Money?! 💰😱 Emotional Heartbreaking Story #shorts #short","4","Mais longos"
"@SumitraRai-z7d","UC9-6P8eIdZiE52xihGM1Afw","http://www.youtube.com/@SumitraRai-z7d","❤❤😢,,","4","2025-12-12T11:54:42Z","2025-12-12T11:54:42Z","True","True","1","1","[{'autor': '@dm_originative', 'comentario': '❤', 'likes': 0, 'publicado_em': '2025-12-12T11:57:11Z'}]","y8cwF_MaVGY","Goku Fighting for Money?! 💰😱 Emotional Heartbreaking Story #shorts #short","4","Mais longos"
"@MemeMachineBrawl","UC0NR50VbOFhx0gJro8BJkaw","http://www.youtube.com/@MemeMachineBrawl","😢😢","1","2025-12-12T13:28:13Z","2025-12-12T13:28:13Z","True","True","1","1","[{'autor': '@dm_originative', 'comentario': '❤', 'likes': 0, 'publicado_em': '2025-12-12T13:40:49Z'}]","y8cwF_MaVGY","Goku Fighting for Money?! 💰😱 Emotional Heartbreaking Story #shorts #short","4","Mais longos"
"@PatniGanesh-i7d","UCdLpsD2EzKKO-ZJS4czgu1Q","http://www.youtube.com/@PatniGanesh-i7d","Veri good 👍👍","0","2025-11-25T12:39:05Z","2025-11-25T12:39:05Z","True","True","0","0","[]","3tPjxYkNOp8","Goku all Infenity Form#fashion#goku #dragoball #anime #shorts","1","Mais novos"
"@EdwinDimasupil","UCfcsUKr8-WqX_nB2dQMPLOQ","http://www.youtube.com/@EdwinDimasupil","Goku's Aura 😵🤯","0","2025-11-24T12:53:06Z","2025-11-24T12:53:06Z","True","True","0","0","[]","3tPjxYkNOp8","Goku all Infenity Form#fashion#goku #dragoball #anime #shorts","1","Mais novos"
"@Japardp12Euro04","UCbcTI2jC3MubyoCU0tFn0Ow","http://www.youtube.com/@Japardp12Euro04","😮😮😮 kul","2","2025-11-21T12:59:19Z","2025-11-21T12:59:19Z","True","True","0","0","[]","3tPjxYkNOp8","Goku all Infenity Form#fashion#goku #dragoball #anime #shorts","1","Mais novos"
"@SulavChaudhary-g3f","UCQYc1bzZIW9Exbwl2DkUvSQ","http://www.youtube.com/@SulavChaudhary-g3f","What is name of this song","2","2025-11-16T17:35:41Z","2025-11-16T17:35:41Z","True","True","0","0","[]","3tPjxYkNOp8","Goku all Infenity Form#fashion#goku #dragoball #anime #shorts","1","Mais novos"
"@YaokaLopez","UCeGNuam0jnJAL4ASsfBd_lQ","http://www.youtube.com/@YaokaLopez","Wow 😮😮😮😮","3","2025-11-11T23:44:33Z","2025-11-11T23:44:33Z","True","True","0","0","[]","3tPjxYkNOp8","Goku all Infenity Form#fashion#goku #dragoball #anime #shorts","1","Mais novos"
"@AshishKumar-h2v1o","UCuSIVk0JCeqOoGEczgxlZiw","http://www.youtube.com/@AshishKumar-h2v1o","Song name","2","2025-11-11T16:38:42Z","2025-11-11T16:38:42Z","True","True","0","0","[]","3tPjxYkNOp8","Goku all Infenity Form#fashion#goku #dragoball #anime #shorts","1","Mais novos"
"@MelanieNeumeier","UCHsEKe7DUacLZiXpjUvNSUA","http://www.youtube.com/@MelanieNeumeier","😮😮","1","2025-11-08T08:53:21Z","2025-11-08T08:53:21Z","True","True","0","0","[]","3tPjxYkNOp8","Goku all Infenity Form#fashion#goku #dragoball #anime #shorts","1","Mais novos"
"@AbimbolaAyeni-e4w","UClk6I4_X3z-E4phfgEXFuFw","http://www.youtube.com/@AbimbolaAyeni-e4w","❤❤❤❤","1","2025-11-02T21:24:07Z","2025-11-02T21:24:07Z","True","True","0","0","[]","3tPjxYkNOp8","Goku all Infenity Form#fashion#goku #dragoball #anime #shorts","1","Mais novos"
"@kinsyhecale2125","UChJTCZUuaWD9QqeLpCFKeUg","http://www.youtube.com/@kinsyhecale2125","Le 3 est le meilleur","5","2025-11-01T15:29:37Z","2025-11-01T15:29:37Z","True","True","0","0","[]","3tPjxYkNOp8","Goku all Infenity Form#fashion#goku #dragoball #anime #shorts","1","Mais novos"
"@roberthall8257","UCyz5XOibjD2-ylGWI0qhiag","http://www.youtube.com/@roberthall8257","😇😇💪😎","0","2025-10-31T16:33:32Z","2025-10-31T16:33:32Z","True","True","0","0","[]","3tPjxYkNOp8","Goku all Infenity Form#fashion#goku #dragoball #anime #shorts","1","Mais novos"
"@oHenrriquez-s2d","UCsbJv-vYIdShqncAJT8ESsg","http://www.youtube.com/@oHenrriquez-s2d","😮😮😮😮","0","2025-10-30T18:21:52Z","2025-10-30T18:21:52Z","True","True","0","0","[]","3tPjxYkNOp8","Goku all Infenity Form#fashion#goku #dragoball #anime #shorts","1","Mais novos"
"@KonkhumangHaokip","UCXzrGvnp4prpK5-2uSDjJYA","http://www.youtube.com/@KonkhumangHaokip","🎉🎉🎉🎉","1","2025-10-29T01:56:58Z","2025-10-29T01:56:58Z","True","True","0","0","[]","3tPjxYkNOp8","Goku all Infenity Form#fashion#goku #dragoball #anime #shorts","1","Mais novos"
"@Roberto-w5e4u","UCjQDm0fisiSgvdlmllpJlWw","http://www.youtube.com/@Roberto-w5e4u","😊😮","1","2025-10-27T05:47:13Z","2025-10-27T05:47:13Z","True","True","0","0","[]","3tPjxYkNOp8","Goku all Infenity Form#fashion#goku #dragoball #anime #shorts","1","Mais novos"
"@richiedebrum64","UCtwLdrZfy2zvTLfD0WYMj5Q","http://www.youtube.com/@richiedebrum64","❤you","5","2025-10-26T01:34:31Z","2025-10-26T01:34:31Z","True","True","0","0","[]","3tPjxYkNOp8","Goku all Infenity Form#fashion#goku #dragoball #anime #shorts","1","Mais novos"
"@jamuniyaramkc1559","UCBe0KqOI7_mSquD3tG6Jr5g","http://www.youtube.com/@jamuniyaramkc1559","😅😮","1","2025-10-25T11:59:08Z","2025-10-25T11:59:08Z","True","True","0","0","[]","3tPjxYkNOp8","Goku all Infenity Form#fashion#goku #dragoball #anime #shorts","1","Mais novos"
"@shujaatalisyed5094","UC7QGJJGVaXEBNNwfrX7wH-Q","http://www.youtube.com/@shujaatalisyed5094","😊🎉","1","2025-10-25T11:21:21Z","2025-10-25T11:21:21Z","True","True","0","0","[]","3tPjxYkNOp8","Goku all Infenity Form#fashion#goku #dragoball #anime #shorts","1","Mais novos"
"@MaggyMoraba","UCOpjH72aZ_FwpMlPkHs-L4w","http://www.youtube.com/@MaggyMoraba","❤❤😮💀","5","2025-10-24T08:03:54Z","2025-10-24T08:03:54Z","True","True","0","0","[]","3tPjxYkNOp8","Goku all Infenity Form#fashion#goku #dragoball #anime #shorts","1","Mais novos"
"@BridgetBridget-k2i","UCz06JMhCRKpAPQcNEwSAU_Q","http://www.youtube.com/@BridgetBridget-k2i","❤❤❤😊","4","2025-10-24T02:19:56Z","2025-10-24T02:19:56Z","True","True","0","0","[]","3tPjxYkNOp8","Goku all Infenity Form#fashion#goku #dragoball #anime #shorts","1","Mais novos"
"@SanjitaTamang-g7q","UChg_KCW5DdxMB5CUKNRTszg","http://www.youtube.com/@SanjitaTamang-g7q","🔥🤫❤️‍🔥💀☠️💯","11","2025-10-24T02:13:33Z","2025-10-24T02:13:33Z","True","True","0","0","[]","3tPjxYkNOp8","Goku all Infenity Form#fashion#goku #dragoball #anime #shorts","1","Mais novos"
"@DyjgkdtdkgdkTjebbdyadby","UC2jDweNJHw4z0c8fpKnenzw","http://www.youtube.com/@DyjgkdtdkgdkTjebbdyadby","😊😊😊😊😊😊😊","27","2025-10-10T15:19:40Z","2025-10-10T15:19:40Z","True","True","1","1","[{'autor': '@OrlandoIbaceta-j7f', 'comentario': '❤', 'likes': 0, 'publicado_em': '2025-12-07T01:02:04Z'}]","3tPjxYkNOp8","Goku all Infenity Form#fashion#goku #dragoball #anime #shorts","1","Mais novos"
"@DyjgkdtdkgdkTjebbdyadby","UC2jDweNJHw4z0c8fpKnenzw","http://www.youtube.com/@DyjgkdtdkgdkTjebbdyadby","😊😊😊😊😊😊😊","27","2025-10-10T15:19:40Z","2025-10-10T15:19:40Z","True","True","1","1","[{'autor': '@OrlandoIbaceta-j7f', 'comentario': '❤', 'likes': 0, 'publicado_em': '2025-12-07T01:02:04Z'}]","3tPjxYkNOp8","Goku all Infenity Form#fashion#goku #dragoball #anime #shorts","2","Mais antigos"
"@SanjitaTamang-g7q","UChg_KCW5DdxMB5CUKNRTszg","http://www.youtube.com/@SanjitaTamang-g7q","🔥🤫❤️‍🔥💀☠️💯","11","2025-10-24T02:13:33Z","2025-10-24T02:13:33Z","True","True","0","0","[]","3tPjxYkNOp8","Goku all Infenity Form#fashion#goku #dragoball #anime #shorts","2","Mais antigos"
"@BridgetBridget-k2i","UCz06JMhCRKpAPQcNEwSAU_Q","http://www.youtube.com/@BridgetBridget-k2i","❤❤❤😊","4","2025-10-24T02:19:56Z","2025-10-24T02:19:56Z","True","True","0","0","[]","3tPjxYkNOp8","Goku all Infenity Form#fashion#goku #dragoball #anime #shorts","2","Mais antigos"
"@MaggyMoraba","UCOpjH72aZ_FwpMlPkHs-L4w","http://www.youtube.com/@MaggyMoraba","❤❤😮💀","5","2025-10-24T08:03:54Z","2025-10-24T08:03:54Z","True","True","0","0","[]","3tPjxYkNOp8","Goku all Infenity Form#fashion#goku #dragoball #anime #shorts","2","Mais antigos"
"@shujaatalisyed5094","UC7QGJJGVaXEBNNwfrX7wH-Q","http://www.youtube.com/@shujaatalisyed5094","😊🎉","1","2025-10-25T11:21:21Z","2025-10-25T11:21:21Z","True","True","0","0","[]","3tPjxYkNOp8","Goku all Infenity Form#fashion#goku #dragoball #anime #shorts","2","Mais antigos"
"@jamuniyaramkc1559","UCBe0KqOI7_mSquD3tG6Jr5g","http://www.youtube.com/@jamuniyaramkc1559","😅😮","1","2025-10-25T11:59:08Z","2025-10-25T11:59:08Z","True","True","0","0","[]","3tPjxYkNOp8","Goku all Infenity Form#fashion#goku #dragoball #anime #shorts","2","Mais antigos"
"@richiedebrum64","UCtwLdrZfy2zvTLfD0WYMj5Q","http://www.youtube.com/@richiedebrum64","❤you","5","2025-10-26T01:34:31Z","2025-10-26T01:34:31Z","True","True","0","0","[]","3tPjxYkNOp8","Goku all Infenity Form#fashion#goku #dragoball #anime #shorts","2","Mais antigos"
"@Roberto-w5e4u","UCjQDm0fisiSgvdlmllpJlWw","http://www.youtube.com/@Roberto-w5e4u","😊😮","1","2025-10-27T05:47:13Z","2025-10-27T05:47:13Z","True","True","0","0","[]","3tPjxYkNOp8","Goku all Infenity Form#fashion#goku #dragoball #anime #shorts","2","Mais antigos"
"@KonkhumangHaokip","UCXzrGvnp4prpK5-2uSDjJYA","http://www.youtube.com/@KonkhumangHaokip","🎉🎉🎉🎉","1","2025-10-29T01:56:58Z","2025-10-29T01:56:58Z","True","True","0","0","[]","3tPjxYkNOp8","Goku all Infenity Form#fashion#goku #dragoball #anime #shorts","2","Mais antigos"
"@oHenrriquez-s2d","UCsbJv-vYIdShqncAJT8ESsg","http://www.youtube.com/@oHenrriquez-s2d","😮😮😮😮","0","2025-10-30T18:21:52Z","2025-10-30T18:21:52Z","True","True","0","0","[]","3tPjxYkNOp8","Goku all Infenity Form#fashion#goku #dragoball #anime #shorts","2","Mais antigos"
"@roberthall8257","UCyz5XOibjD2-ylGWI0qhiag","http://www.youtube.com/@roberthall8257","😇😇💪😎","0","2025-10-31T16:33:32Z","2025-10-31T16:33:32Z","True","True","0","0","[]","3tPjxYkNOp8","Goku all Infenity Form#fashion#goku #dragoball #anime #shorts","2","Mais antigos"
"@kinsyhecale2125","UChJTCZUuaWD9QqeLpCFKeUg","http://www.youtube.com/@kinsyhecale2125","Le 3 est le meilleur","5","2025-11-01T15:29:37Z","2025-11-01T15:29:37Z","True","True","0","0","[]","3tPjxYkNOp8","Goku all Infenity Form#fashion#goku #dragoball #anime #shorts","2","Mais antigos"
"@AbimbolaAyeni-e4w","UClk6I4_X3z-E4phfgEXFuFw","http://www.youtube.com/@AbimbolaAyeni-e4w","❤❤❤❤","1","2025-11-02T21:24:07Z","2025-11-02T21:24:07Z","True","True","0","0","[]","3tPjxYkNOp8","Goku all Infenity Form#fashion#goku #dragoball #anime #shorts","2","Mais antigos"
"@MelanieNeumeier","UCHsEKe7DUacLZiXpjUvNSUA","http://www.youtube.com/@MelanieNeumeier","😮😮","1","2025-11-08T08:53:21Z","2025-11-08T08:53:21Z","True","True","0","0","[]","3tPjxYkNOp8","Goku all Infenity Form#fashion#goku #dragoball #anime #shorts","2","Mais antigos"
"@AshishKumar-h2v1o","UCuSIVk0JCeqOoGEczgxlZiw","http://www.youtube.com/@AshishKumar-h2v1o","Song name","2","2025-11-11T16:38:42Z","2025-11-11T16:38:42Z","True","True","0","0","[]","3tPjxYkNOp8","Goku all Infenity Form#fashion#goku #dragoball #anime #shorts","2","Mais antigos"
"@YaokaLopez","UCeGNuam0jnJAL4ASsfBd_lQ","http://www.youtube.com/@YaokaLopez","Wow 😮😮😮😮","3","2025-11-11T23:44:33Z","2025-11-11T23:44:33Z","True","True","0","0","[]","3tPjxYkNOp8","Goku all Infenity Form#fashion#goku #dragoball #anime #shorts","2","Mais antigos"
"@SulavChaudhary-g3f","UCQYc1bzZIW9Exbwl2DkUvSQ","http://www.youtube.com/@SulavChaudhary-g3f","What is name of this song","2","2025-11-16T17:35:41Z","2025-11-16T17:35:41Z","True","True","0","0","[]","3tPjxYkNOp8","Goku all Infenity Form#fashion#goku #dragoball #anime #shorts","2","Mais antigos"
"@Japardp12Euro04","UCbcTI2jC3MubyoCU0tFn0Ow","http://www.youtube.com/@Japardp12Euro04","😮😮😮 kul","2","2025-11-21T12:59:19Z","2025-11-21T12:59:19Z","True","True","0","0","[]","3tPjxYkNOp8","Goku all Infenity Form#fashion#goku #dragoball #anime #shorts","2","Mais antigos"
"@EdwinDimasupil","UCfcsUKr8-WqX_nB2dQMPLOQ","http://www.youtube.com/@EdwinDimasupil","Goku's Aura 😵🤯","0","2025-11-24T12:53:06Z","2025-11-24T12:53:06Z","True","True","0","0","[]","3tPjxYkNOp8","Goku all Infenity Form#fashion#goku #dragoball #anime #shorts","2","Mais antigos"
"@PatniGanesh-i7d","UCdLpsD2EzKKO-ZJS4czgu1Q","http://www.youtube.com/@PatniGanesh-i7d","Veri good 👍👍","0","2025-11-25T12:39:05Z","2025-11-25T12:39:05Z","True","True","0","0","[]","3tPjxYkNOp8","Goku all Infenity Form#fashion#goku #dragoball #anime #shorts","2","Mais antigos"
"@DyjgkdtdkgdkTjebbdyadby","UC2jDweNJHw4z0c8fpKnenzw","http://www.youtube.com/@DyjgkdtdkgdkTjebbdyadby","😊😊😊😊😊😊😊","27","2025-10-10T15:19:40Z","2025-10-10T15:19:40Z","True","True","1","1","[{'autor': '@OrlandoIbaceta-j7f', 'comentario': '❤', 'likes': 0, 'publicado_em': '2025-12-07T01:02:04Z'}]","3tPjxYkNOp8","Goku all Infenity Form#fashion#goku #dragoball #anime #shorts","3","Mais curtidos"
"@SanjitaTamang-g7q","UChg_KCW5DdxMB5CUKNRTszg","http://www.youtube.com/@SanjitaTamang-g7q","🔥🤫❤️‍🔥💀☠️💯","11","2025-10-24T02:13:33Z","2025-10-24T02:13:33Z","True","True","0","0","[]","3tPjxYkNOp8","Goku all Infenity Form#fashion#goku #dragoball #anime #shorts","3","Mais curtidos"
"@richiedebrum64","UCtwLdrZfy2zvTLfD0WYMj5Q","http://www.youtube.com/@richiedebrum64","❤you","5","2025-10-26T01:34:31Z","2025-10-26T01:34:31Z","True","True","0","0","[]","3tPjxYkNOp8","Goku all Infenity Form#fashion#goku #dragoball #anime #shorts","3","Mais curtidos"
"@MaggyMoraba","UCOpjH72aZ_FwpMlPkHs-L4w","http://www.youtube.com/@MaggyMoraba","❤❤😮💀","5","2025-10-24T08:03:54Z","2025-10-24T08:03:54Z","True","True","0","0","[]","3tPjxYkNOp8","Goku all Infenity Form#fashion#goku #dragoball #anime #shorts","3","Mais curtidos"
"@kinsyhecale2125","UChJTCZUuaWD9QqeLpCFKeUg","http://www.youtube.com/@kinsyhecale2125","Le 3 est le meilleur","5","2025-11-01T15:29:37Z","2025-11-01T15:29:37Z","True","True","0","0","[]","3tPjxYkNOp8","Goku all Infenity Form#fashion#goku #dragoball #anime #shorts","3","Mais curtidos"
"@BridgetBridget-k2i","UCz06JMhCRKpAPQcNEwSAU_Q","http://www.youtube.com/@BridgetBridget-k2i","❤❤❤😊","4","2025-10-24T02:19:56Z","2025-10-24T02:19:56Z","True","True","0","0","[]","3tPjxYkNOp8","Goku all Infenity Form#fashion#goku #dragoball #anime #shorts","3","Mais curtidos"
"@YaokaLopez","UCeGNuam0jnJAL4ASsfBd_lQ","http://www.youtube.com/@YaokaLopez","Wow 😮😮😮😮","3","2025-11-11T23:44:33Z","2025-11-11T23:44:33Z","True","True","0","0","[]","3tPjxYkNOp8","Goku all Infenity Form#fashion#goku #dragoball #anime #shorts","3","Mais curtidos"
"@Japardp12Euro04","UCbcTI2jC3MubyoCU0tFn0Ow","http://www.youtube.com/@Japardp12Euro04","😮😮😮 kul","2","2025-11-21T12:59:19Z","2025-11-21T12:59:19Z","True","True","0","0","[]","3tPjxYkNOp8","Goku all Infenity Form#fashion#goku #dragoball #anime #shorts","3","Mais curtidos"
"@SulavChaudhary-g3f","UCQYc1bzZIW9Exbwl2DkUvSQ","http://www.youtube.com/@SulavChaudhary-g3f","What is name of this song","2","2025-11-16T17:35:41Z","2025-11-16T17:35:41Z","True","True","0","0","[]","3tPjxYkNOp8","Goku all Infenity Form#fashion#goku #dragoball #anime #shorts","3","Mais curtidos"
"@AshishKumar-h2v1o","UCuSIVk0JCeqOoGEczgxlZiw","http://www.youtube.com/@AshishKumar-h2v1o","Song name","2","2025-11-11T16:38:42Z","2025-11-11T16:38:42Z","True","True","0","0","[]","3tPjxYkNOp8","Goku all Infenity Form#fashion#goku #dragoball #anime #shorts","3","Mais curtidos"
"@KonkhumangHaokip","UCXzrGvnp4prpK5-2uSDjJYA","http://www.youtube.com/@KonkhumangHaokip","🎉🎉🎉🎉","1","2025-10-29T01:56:58Z","2025-10-29T01:56:58Z","True","True","0","0","[]","3tPjxYkNOp8","Goku all Infenity Form#fashion#goku #dragoball #anime #shorts","3","Mais curtidos"
"@Roberto-w5e4u","UCjQDm0fisiSgvdlmllpJlWw","http://www.youtube.com/@Roberto-w5e4u","😊😮","1","2025-10-27T05:47:13Z","2025-10-27T05:47:13Z","True","True","0","0","[]","3tPjxYkNOp8","Goku all Infenity Form#fashion#goku #dragoball #anime #shorts","3","Mais curtidos"
"@shujaatalisyed5094","UC7QGJJGVaXEBNNwfrX7wH-Q","http://www.youtube.com/@shujaatalisyed5094","😊🎉","1","2025-10-25T11:21:21Z","2025-10-25T11:21:21Z","True","True","0","0","[]","3tPjxYkNOp8","Goku all Infenity Form#fashion#goku #dragoball #anime #shorts","3","Mais curtidos"
"@AbimbolaAyeni-e4w","UClk6I4_X3z-E4phfgEXFuFw","http://www.youtube.com/@AbimbolaAyeni-e4w","❤❤❤❤","1","2025-11-02T21:24:07Z","2025-11-02T21:24:07Z","True","True","0","0","[]","3tPjxYkNOp8","Goku all Infenity Form#fashion#goku #dragoball #anime #shorts","3","Mais curtidos"
"@MelanieNeumeier","UCHsEKe7DUacLZiXpjUvNSUA","http://www.youtube.com/@MelanieNeumeier","😮😮","1","2025-11-08T08:53:21Z","2025-11-08T08:53:21Z","True","True","0","0","[]","3tPjxYkNOp8","Goku all Infenity Form#fashion#goku #dragoball #anime #shorts","3","Mais curtidos"
"@jamuniyaramkc1559","UCBe0KqOI7_mSquD3tG6Jr5g","http://www.youtube.com/@jamuniyaramkc1559","😅😮","1","2025-10-25T11:59:08Z","2025-10-25T11:59:08Z","True","True","0","0","[]","3tPjxYkNOp8","Goku all Infenity Form#fashion#goku #dragoball #anime #shorts","3","Mais curtidos"
"@EdwinDimasupil","UCfcsUKr8-WqX_nB2dQMPLOQ","http://www.youtube.com/@EdwinDimasupil","Goku's Aura 😵🤯","0","2025-11-24T12:53:06Z","2025-11-24T12:53:06Z","True","True","0","0","[]","3tPjxYkNOp8","Goku all Infenity Form#fashion#goku #dragoball #anime #shorts","3","Mais curtidos"
"@oHenrriquez-s2d","UCsbJv-vYIdShqncAJT8ESsg","http://www.youtube.com/@oHenrriquez-s2d","😮😮😮😮","0","2025-10-30T18:21:52Z","2025-10-30T18:21:52Z","True","True","0","0","[]","3tPjxYkNOp8","Goku all Infenity Form#fashion#goku #dragoball #anime #shorts","3","Mais curtidos"
"@PatniGanesh-i7d","UCdLpsD2EzKKO-ZJS4czgu1Q","http://www.youtube.com/@PatniGanesh-i7d","Veri good 👍👍","0","2025-11-25T12:39:05Z","2025-11-25T12:39:05Z","True","True","0","0","[]","3tPjxYkNOp8","Goku all Infenity Form#fashion#goku #dragoball #anime #shorts","3","Mais curtidos"
"@roberthall8257","UCyz5XOibjD2-ylGWI0qhiag","http://www.youtube.com/@roberthall8257","😇😇💪😎","0","2025-10-31T16:33:32Z","2025-10-31T16:33:32Z","True","True","0","0","[]","3tPjxYkNOp8","Goku all Infenity Form#fashion#goku #dragoball #anime #shorts","3","Mais curtidos"
"@SulavChaudhary-g3f","UCQYc1bzZIW9Exbwl2DkUvSQ","http://www.youtube.com/@SulavChaudhary-g3f","What is name of this song","2","2025-11-16T17:35:41Z","2025-11-16T17:35:41Z","True","True","0","0","[]","3tPjxYkNOp8","Goku all Infenity Form#fashion#goku #dragoball #anime #shorts","4","Mais longos"
"@kinsyhecale2125","UChJTCZUuaWD9QqeLpCFKeUg","http://www.youtube.com/@kinsyhecale2125","Le 3 est le meilleur","5","2025-11-01T15:29:37Z","2025-11-01T15:29:37Z","True","True","0","0","[]","3tPjxYkNOp8","Goku all Infenity Form#fashion#goku #dragoball #anime #shorts","4","Mais longos"
"@EdwinDimasupil","UCfcsUKr8-WqX_nB2dQMPLOQ","http://www.youtube.com/@EdwinDimasupil","Goku's Aura 😵🤯","0","2025-11-24T12:53:06Z","2025-11-24T12:53:06Z","True","True","0","0","[]","3tPjxYkNOp8","Goku all Infenity Form#fashion#goku #dragoball #anime #shorts","4","Mais longos"
"@PatniGanesh-i7d","UCdLpsD2EzKKO-ZJS4czgu1Q","http://www.youtube.com/@PatniGanesh-i7d","Veri good 👍👍","0","2025-11-25T12:39:05Z","2025-11-25T12:39:05Z","True","True","0","0","[]","3tPjxYkNOp8","Goku all Infenity Form#fashion#goku #dragoball #anime #shorts","4","Mais longos"
"@SanjitaTamang-g7q","UChg_KCW5DdxMB5CUKNRTszg","http://www.youtube.com/@SanjitaTamang-g7q","🔥🤫❤️‍🔥💀☠️💯","11","2025-10-24T02:13:33Z","2025-10-24T02:13:33Z","True","True","0","0","[]","3tPjxYkNOp8","Goku all Infenity Form#fashion#goku #dragoball #anime #shorts","4","Mais longos"
"@AshishKumar-h2v1o","UCuSIVk0JCeqOoGEczgxlZiw","http://www.youtube.com/@AshishKumar-h2v1o","Song name","2","2025-11-11T16:38:42Z","2025-11-11T16:38:42Z","True","True","0","0","[]","3tPjxYkNOp8","Goku all Infenity Form#fashion#goku #dragoball #anime #shorts","4","Mais longos"
"@YaokaLopez","UCeGNuam0jnJAL4ASsfBd_lQ","http://www.youtube.com/@YaokaLopez","Wow 😮😮😮😮","3","2025-11-11T23:44:33Z","2025-11-11T23:44:33Z","True","True","0","0","[]","3tPjxYkNOp8","Goku all Infenity Form#fashion#goku #dragoball #anime #shorts","4","Mais longos"
"@DyjgkdtdkgdkTjebbdyadby","UC2jDweNJHw4z0c8fpKnenzw","http://www.youtube.com/@DyjgkdtdkgdkTjebbdyadby","😊😊😊😊😊😊😊","27","2025-10-10T15:19:40Z","2025-10-10T15:19:40Z","True","True","1","1","[{'autor': '@OrlandoIbaceta-j7f', 'comentario': '❤', 'likes': 0, 'publicado_em': '2025-12-07T01:02:04Z'}]","3tPjxYkNOp8","Goku all Infenity Form#fashion#goku #dragoball #anime #shorts","4","Mais longos"
"@Japardp12Euro04","UCbcTI2jC3MubyoCU0tFn0Ow","http://www.youtube.com/@Japardp12Euro04","😮😮😮 kul","2","2025-11-21T12:59:19Z","2025-11-21T12:59:19Z","True","True","0","0","[]","3tPjxYkNOp8","Goku all Infenity Form#fashion#goku #dragoball #anime #shorts","4","Mais longos"
"@richiedebrum64","UCtwLdrZfy2zvTLfD0WYMj5Q","http://www.youtube.com/@richiedebrum64","❤you","5","2025-10-26T01:34:31Z","2025-10-26T01:34:31Z","True","True","0","0","[]","3tPjxYkNOp8","Goku all Infenity Form#fashion#goku #dragoball #anime #shorts","4","Mais longos"
"@MaggyMoraba","UCOpjH72aZ_FwpMlPkHs-L4w","http://www.youtube.com/@MaggyMoraba","❤❤😮💀","5","2025-10-24T08:03:54Z","2025-10-24T08:03:54Z","True","True","0","0","[]","3tPjxYkNOp8","Goku all Infenity Form#fashion#goku #dragoball #anime #shorts","4","Mais longos"
"@BridgetBridget-k2i","UCz06JMhCRKpAPQcNEwSAU_Q","http://www.youtube.com/@BridgetBridget-k2i","❤❤❤😊","4","2025-10-24T02:19:56Z","2025-10-24T02:19:56Z","True","True","0","0","[]","3tPjxYkNOp8","Goku all Infenity Form#fashion#goku #dragoball #anime #shorts","4","Mais longos"
"@KonkhumangHaokip","UCXzrGvnp4prpK5-2uSDjJYA","http://www.youtube.com/@KonkhumangHaokip","🎉🎉🎉🎉","1","2025-10-29T01:56:58Z","2025-10-29T01:56:58Z","True","True","0","0","[]","3tPjxYkNOp8","Goku all Infenity Form#fashion#goku #dragoball #anime #shorts","4","Mais longos"
"@AbimbolaAyeni-e4w","UClk6I4_X3z-E4phfgEXFuFw","http://www.youtube.com/@AbimbolaAyeni-e4w","❤❤❤❤","1","2025-11-02T21:24:07Z","2025-11-02T21:24:07Z","True","True","0","0","[]","3tPjxYkNOp8","Goku all Infenity Form#fashion#goku #dragoball #anime #shorts","4","Mais longos"
"@oHenrriquez-s2d","UCsbJv-vYIdShqncAJT8ESsg","http://www.youtube.com/@oHenrriquez-s2d","😮😮😮😮","0","2025-10-30T18:21:52Z","2025-10-30T18:21:52Z","True","True","0","0","[]","3tPjxYkNOp8","Goku all Infenity Form#fashion#goku #dragoball #anime #shorts","4","Mais longos"
"@roberthall8257","UCyz5XOibjD2-ylGWI0qhiag","http://www.youtube.com/@roberthall8257","😇😇💪😎","0","2025-10-31T16:33:32Z","2025-10-31T16:33:32Z","True","True","0","0","[]","3tPjxYkNOp8","Goku all Infenity Form#fashion#goku #dragoball #anime #shorts","4","Mais longos"
"@Roberto-w5e4u","UCjQDm0fisiSgvdlmllpJlWw","http://www.youtube.com/@Roberto-w5e4u","😊😮","1","2025-10-27T05:47:13Z","2025-10-27T05:47:13Z","True","True","0","0","[]","3tPjxYkNOp8","Goku all Infenity Form#fashion#goku #dragoball #anime #shorts","4","Mais longos"
"@shujaatalisyed5094","UC7QGJJGVaXEBNNwfrX7wH-Q","http://www.youtube.com/@shujaatalisyed5094","😊🎉","1","2025-10-25T11:21:21Z","2025-10-25T11:21:21Z","True","True","0","0","[]","3tPjxYkNOp8","Goku all Infenity Form#fashion#goku #dragoball #anime #shorts","4","Mais longos"
"@MelanieNeumeier","UCHsEKe7DUacLZiXpjUvNSUA","http://www.youtube.com/@MelanieNeumeier","😮😮","1","2025-11-08T08:53:21Z","2025-11-08T08:53:21Z","True","True","0","0","[]","3tPjxYkNOp8","Goku all Infenity Form#fashion#goku #dragoball #anime #shorts","4","Mais longos"
"@jamuniyaramkc1559","UCBe0KqOI7_mSquD3tG6Jr5g","http://www.youtube.com/@jamuniyaramkc1559","😅😮","1","2025-10-25T11:59:08Z","2025-10-25T11:59:08Z","True","True","0","0","[]","3tPjxYkNOp8","Goku all Infenity Form#fashion#goku #dragoball #anime #shorts","4","Mais longos"
"@ArthurGuilherme-h1y","UCAHg-PkM1R4iDldYdl67gCQ","http://www.youtube.com/@ArthurGuilherme-h1y","Aci Goku você merece 💪🏻💪🏻💪🏻💪🏻💪🏻💪🏻💪🏻💪🏻💪🏻","3","2025-11-22T18:36:12Z","2025-11-22T18:36:12Z","True","True","1","1","[{'autor': '@MoisésRodrigues-e8m', 'comentario': '😎😎😎😎😎😎😎😎😎😎😎😎😎😎😎😎😎😎😎😎😎😎😎😎😎😎😎🙂🙂😎🙂😘😘😘😘', 'likes': 0, 'publicado_em': '2025-11-30T18:38:08Z'}]","SP1H1K1abqc","Goku vs. Vegeta e Freeza: O Desafio do Mais Musculoso 💪🔥  #ia #dragoball #goku","1","Mais novos"
"@juliaramos9026","UCukiNIGe_-qiSFLpZZEr72g","http://www.youtube.com/@juliaramos9026","😂😂😂😂kkkk","3","2025-10-16T16:15:00Z","2025-10-16T16:15:00Z","True","True","0","0","[]","SP1H1K1abqc","Goku vs. Vegeta e Freeza: O Desafio do Mais Musculoso 💪🔥  #ia #dragoball #goku","1","Mais novos"
"@EloideLimaRodrigues","UCZoQXm8UmF9EkmXgeDtNFog","http://www.youtube.com/@EloideLimaRodrigues","💪💪💪💪💪💪💪💪 foçaaaaa","1","2025-10-05T17:48:12Z","2025-10-05T17:48:12Z","True","True","0","0","[]","SP1H1K1abqc","Goku vs. Vegeta e Freeza: O Desafio do Mais Musculoso 💪🔥  #ia #dragoball #goku","1","Mais novos"
"@NicoGames-j3s","UCE3FI2GMSURYahwfxi5kh9g","http://www.youtube.com/@NicoGames-j3s","💪💪💪💪💪💪💪💪💪💪💪💪💪💪💪💪💪💪💪","2","2025-07-26T13:53:03Z","2025-07-26T13:53:03Z","True","True","0","0","[]","SP1H1K1abqc","Goku vs. Vegeta e Freeza: O Desafio do Mais Musculoso 💪🔥  #ia #dragoball #goku","1","Mais novos"
"@AndréRodrigo-h2h","UCiMfYz1Qn33Ocqqpn2D9adA","http://www.youtube.com/@Andr%C3%A9Rodrigo-h2h","🤝💪💪💪💪💪💪💪💪💪💪💪💪💪💪💪💪💪","2","2025-07-08T00:53:39Z","2025-07-08T00:53:39Z","True","True","0","0","[]","SP1H1K1abqc","Goku vs. Vegeta e Freeza: O Desafio do Mais Musculoso 💪🔥  #ia #dragoball #goku","1","Mais novos"
"@jonaslourenco4603","UCNEHYYbBioLxMr6PQDlAbhQ","http://www.youtube.com/@jonaslourenco4603","💪🏽💪🏽💪🏽💪🏽💪🏽💪🏽💪🏽💪🏽💪🏽💪🏽💪🏽","1","2025-06-29T17:46:22Z","2025-06-29T17:46:22Z","True","True","0","0","[]","SP1H1K1abqc","Goku vs. Vegeta e Freeza: O Desafio do Mais Musculoso 💪🔥  #ia #dragoball #goku","1","Mais novos"
"@fraisesantos4011","UC6LhtXytjNmrONbK8vdLt-g","http://www.youtube.com/@fraisesantos4011","💪💪💪💪💪💪💪💪😊🌋","1","2025-06-22T18:37:25Z","2025-06-22T18:37:25Z","True","True","0","0","[]","SP1H1K1abqc","Goku vs. Vegeta e Freeza: O Desafio do Mais Musculoso 💪🔥  #ia #dragoball #goku","1","Mais novos"
"@nildenascimento4080","UCUOSOc0k3Uh76V8FQZvvdLg","http://www.youtube.com/@nildenascimento4080","Eu quero a parte 2 💪🏻💪🏻💪🏻💪🏻💪🏻💪🏻","5","2025-06-16T05:30:45Z","2025-06-16T05:30:45Z","True","True","2","2","[{'autor': '@jhussarasilva4313', 'comentario': '💪💪🏻💪🏻💪🏻💪🏻💪🏻💪🏻💪🏻💪🏻💪🏻💪🏻💪🏻💪🏻💪🏻', 'likes': 0, 'publicado_em': '2025-11-25T02:41:45Z'}, {'autor': '@MariaLúciaDosSantosBorges-t2s', 'comentario': '💪💪💪💪💪💪💪💪💪💪💪💪💪💪💪💪💪💪💪💪💪💪💪💪💪💪', 'likes': 0, 'publicado_em': '2025-11-26T02:33:26Z'}]","SP1H1K1abqc","Goku vs. Vegeta e Freeza: O Desafio do Mais Musculoso 💪🔥  #ia #dragoball #goku","1","Mais novos"
"@MariaSilva-fg9ku","UCueDF30YLfa3xDJv-oW09Nw","http://www.youtube.com/@MariaSilva-fg9ku","Eu quero parte 2","15","2025-05-18T17:21:49Z","2025-05-18T17:21:49Z","True","True","4","4","[{'autor': '@marcosadriano8469', 'comentario': '🙉💪💪', 'likes': 0, 'publicado_em': '2025-05-28T13:04:21Z'}, {'autor': '@fernandadacruzbatista7208', 'comentario': '💪💪', 'likes': 1, 'publicado_em': '2025-06-08T21:47:56Z'}, {'autor': '@AnastaciaMachado-d8u', 'comentario': '💪💪💪💪💪💪💪🏿💪💪🏿 kz uma', 'likes': 1, 'publicado_em': '2025-10-14T13:06:24Z'}, {'autor': '@Jasielmaguedesmoreira', 'comentario': '\u200b@fernandadacruzbatista7208😢', 'likes': 0, 'publicado_em': '2025-10-31T19:31:06Z'}]","SP1H1K1abqc","Goku vs. Vegeta e Freeza: O Desafio do Mais Musculoso 💪🔥  #ia #dragoball #goku","1","Mais novos"
"@mariamerciabatista4394","UC_Hkw96fAcjFzFOOXNxQa7g","http://www.youtube.com/@mariamerciabatista4394","👏💪💪👏👏👊💪💪💪💪💪💪💪💪💪","1","2025-05-18T00:16:11Z","2025-05-18T00:16:11Z","True","True","0","0","[]","SP1H1K1abqc","Goku vs. Vegeta e Freeza: O Desafio do Mais Musculoso 💪🔥  #ia #dragoball #goku","1","Mais novos"
"@moniquellyalmeidaMeirelis","UCRXF1VMCtQLHfjK-sPvGu3Q","http://www.youtube.com/@moniquellyalmeidaMeirelis","💪💪💪💪💪💪💪👏👏👏👏👏","5","2025-05-13T01:56:21Z","2025-05-13T01:56:21Z","True","True","5","5","[{'autor': '@JhuanRodrigues-p5p4w', 'comentario': '💪🏻💪🏻💪🏻💪🏻💪🏻💪🏻💪🏻💪🏻💪🏻💪🏻💪🏻🦾🦾🦾🦾🦾🦾💪🏻🦾🦾🦾💪🏻🦾🦾🦾🦾🦾🦾🦾🦾💪🏻💪🏻💪🏻💪🏻💪🏻💪🏻💪🏻💪🏻💪🏻', 'likes': 1, 'publicado_em': '2025-05-14T23:14:43Z'}, {'autor': '@AnthonyNogueira-k1q', 'comentario': '💪💪💪💪💪💪💪🖕🏼💪💪💪💪♾♾♾♾♾♾♾♾♾💪💪', 'likes': 0, 'publicado_em': '2025-05-15T01:48:58Z'}, {'autor': '@KarinaCruz-c3z', 'comentario': '💪💪💪💪💪💪🏿💪🏿💪🏿💪🏿💪🏿💪🏿💪🏿💪🏿💪🏿💪🏿💪🏿💪🏿😻😻😻', 'likes': 0, 'publicado_em': '2025-05-15T20:06:32Z'}, {'autor': '@CecíliaSantos-n3o', 'comentario': '😮💪', 'likes': 0, 'publicado_em': '2025-05-16T00:18:56Z'}, {'autor': '@FernandoNeles', 'comentario': '💪', 'likes': 0, 'publicado_em': '2025-05-17T20:21:20Z'}]","SP1H1K1abqc","Goku vs. Vegeta e Freeza: O Desafio do Mais Musculoso 💪🔥  #ia #dragoball #goku","1","Mais novos"
"@juninhoprudencio4931","UCCTJ09mw4JRhnjNCnv7DMPg","http://www.youtube.com/@juninhoprudencio4931","Oh  que. Forte","3","2025-05-12T15:19:21Z","2025-05-12T15:19:21Z","True","True","1","1","[{'autor': '@PietroNascimentoMiranda', 'comentario': 'Ele ficou de tanginha😂😂😂😂😂😂', 'likes': 0, 'publicado_em': '2025-10-13T19:50:14Z'}]","SP1H1K1abqc","Goku vs. Vegeta e Freeza: O Desafio do Mais Musculoso 💪🔥  #ia #dragoball #goku","1","Mais novos"
"@LUCASNEVES-w7f","UCr98nvU2zh0CZ9LMPOrwEZQ","http://www.youtube.com/@LUCASNEVES-w7f","💪💪💪💪💪💪💪💪❤","4","2025-05-11T09:37:58Z","2025-05-11T09:37:58Z","True","True","1","1","[{'autor': '@BRAYANMorais-m4j', 'comentario': '\U0001faf5💘🤛🤛🤜🤜💪💪💪💪💪🦾💪🦾🦾🦾🦾🦾🦾🦾🦾🦾🦾🦾🦾🦾🦾👄🦾', 'likes': 0, 'publicado_em': '2025-05-18T19:05:45Z'}]","SP1H1K1abqc","Goku vs. Vegeta e Freeza: O Desafio do Mais Musculoso 💪🔥  #ia #dragoball #goku","1","Mais novos"
"@TERESACAMOSSO","UCJC9pew3vezGvYkvbfRidCA","http://www.youtube.com/@TERESACAMOSSO","💪💪💪💪💪👊","1","2025-04-19T15:39:58Z","2025-04-19T15:39:58Z","True","True","0","0","[]","SP1H1K1abqc","Goku vs. Vegeta e Freeza: O Desafio do Mais Musculoso 💪🔥  #ia #dragoball #goku","1","Mais novos"
"@patriciamunizmachado4609","UCCZMDJrzGx1t7dufQPGqoBA","http://www.youtube.com/@patriciamunizmachado4609","💪💪💪💪💪💪💪💪💪💪💪💪💪💪💪💪💪💪💪💪💪💪💪💪💪💪💪💪💪💪💪💪💪💪💪💪💪💪💪💪💪💪💪💪💪💪💪💪💪💪💪👏💪💪💪💪💪💪💪💪💪💪💪💪💪💪💪💪💪💪💪💪💪💪💪💪💪💪💪💪💪👏💪💪💪💪💪💪💪💪💪💪💪💪💪💪💪💪💪💪💪💪💪💪💪💪💪💪💪💪. Eu quero ver. patê.  2","4","2025-04-15T14:51:22Z","2025-04-15T14:51:22Z","True","True","2","2","[{'autor': '@MultiversoDBZ', 'comentario': '💪💪💪😱 então vamos lá ...', 'likes': 0, 'publicado_em': '2025-04-15T15:32:39Z'}, {'autor': '@MrCristovao2012', 'comentario': '\u200b@MultiversoDBZoiiiiii', 'likes': 0, 'publicado_em': '2025-12-05T10:45:52Z'}]","SP1H1K1abqc","Goku vs. Vegeta e Freeza: O Desafio do Mais Musculoso 💪🔥  #ia #dragoball #goku","1","Mais novos"
"@KairoSilva-t7o","UC2l-zjCYbWyJ_N0xb-0COLA","http://www.youtube.com/@KairoSilva-t7o","💪🏻💪🏻💪🏻💪🏻💪🏻💪🏻💪🏻💪🏻💪🏻💪🏻","7","2025-03-26T15:24:27Z","2025-03-26T15:24:27Z","True","True","1","1","[{'autor': '@MultiversoDBZ', 'comentario': '💪💪💪💪', 'likes': 0, 'publicado_em': '2025-03-26T17:38:49Z'}]","SP1H1K1abqc","Goku vs. Vegeta e Freeza: O Desafio do Mais Musculoso 💪🔥  #ia #dragoball #goku","1","Mais novos"
"@AllanMax-x9f","UCsiaD6mx7NGElpiGphiTmHg","http://www.youtube.com/@AllanMax-x9f","💪🏿💪🏿💪🏿💪🏿💪🏿💪🏿💪🏿💪🏿","6","2025-03-25T22:12:19Z","2025-03-25T22:12:19Z","True","True","2","2","[{'autor': '@MultiversoDBZ', 'comentario': '💪💪💪💪', 'likes': 0, 'publicado_em': '2025-03-26T00:33:07Z'}, {'autor': '@LiuLuidy', 'comentario': '😊😅😅😅😅😅😂😂😂😂😂😂😂🎉', 'likes': 0, 'publicado_em': '2025-10-20T01:31:49Z'}]","SP1H1K1abqc","Goku vs. Vegeta e Freeza: O Desafio do Mais Musculoso 💪🔥  #ia #dragoball #goku","1","Mais novos"
"@Sun_BearStrongest","UCJTLJ4YPGb49nMfKlJZy3-w","http://www.youtube.com/@Sun_BearStrongest","Esse é o tipo dr coisa que passa na minha cabeça durante a prova de matemática no maior silêncio:","29","2025-03-25T21:55:20Z","2025-03-25T21:55:20Z","True","True","18","5","[{'autor': '@MultiversoDBZ', 'comentario': 'Kkkk 😵', 'likes': 11, 'publicado_em': '2025-03-26T00:33:20Z'}, {'autor': '@WillianMarcelino-i9c', 'comentario': '💪💪💪💪💪💪💪💪💪💪💪', 'likes': 5, 'publicado_em': '2025-05-20T23:00:02Z'}, {'autor': '@Rosangelamiranda-h4d', 'comentario': '❤❤❤❤❤❤❤', 'likes': 5, 'publicado_em': '2025-08-30T03:18:19Z'}, {'autor': '@ricardogomes-fx6vt', 'comentario': 'Eu amo o seu vídeo que você faz 🤩🤩😍 💗😍🥳🥳💗😍', 'likes': 2, 'publicado_em': '2025-10-17T20:51:44Z'}, {'autor': '@Deisyanne-uy1ih', 'comentario': '💪🏻', 'likes': 2, 'publicado_em': '2025-10-22T13:57:32Z'}]","SP1H1K1abqc","Goku vs. Vegeta e Freeza: O Desafio do Mais Musculoso 💪🔥  #ia #dragoball #goku","1","Mais novos"
"@solangemartinho","UCmswxfGNvwdY9C1K_guf0Hw","http://www.youtube.com/@solangemartinho","💪🏿💪🏿💪🏿💪🏿💪🏿💪🏿💪🏿💪🏿💪🏿","12","2025-03-24T20:32:45Z","2025-03-24T20:32:45Z","True","True","5","5","[{'autor': '@MultiversoDBZ', 'comentario': '💪💪💪💪', 'likes': 1, 'publicado_em': '2025-03-24T22:47:34Z'}, {'autor': '@alessandroalves3315', 'comentario': ',💪💪💪💪💪💪💪', 'likes': 0, 'publicado_em': '2025-10-25T18:25:48Z'}, {'autor': '@cocado013', 'comentario': 'Caraca 💪💪', 'likes': 0, 'publicado_em': '2025-10-30T03:12:57Z'}, {'autor': '@ElisaMurinda', 'comentario': '💪💪', 'likes': 0, 'publicado_em': '2025-11-10T07:26:19Z'}, {'autor': '@RozileneSilva-v2w', 'comentario': '\u200b@alessandroalves3315💪🏼💪🏼💪🏼💪🏼💪🏼💪🏼💪🏼💪🏼💪🏼💪🏼💪🏼💪🏼💪🏼💪🏼💪🏼💪🏼💪🏼💪🏼💪🏼💪🏼💪🏼💪🏼💪🏼💪🏼💪🏼💪🏼💪🏼💪🏼💪💪🏻', 'likes': 0, 'publicado_em': '2025-11-13T22:20:52Z'}]","SP1H1K1abqc","Goku vs. Vegeta e Freeza: O Desafio do Mais Musculoso 💪🔥  #ia #dragoball #goku","1","Mais novos"
"@KauanOliveira-b5v","UCq0UhEWGStj342Tf830Xiqw","http://www.youtube.com/@KauanOliveira-b5v","💪💪💪💪💪💪💪💪💪💪","5","2025-03-20T13:08:46Z","2025-03-20T13:08:46Z","True","True","4","4","[{'autor': '@MultiversoDBZ', 'comentario': '💪💪💪💪💪💪💪', 'likes': 0, 'publicado_em': '2025-03-20T14:05:46Z'}, {'autor': '@cleunice1977', 'comentario': '💪💪💪💪💪💪💪💪💪💪💪💪💪💪💪💪💪💪💪\u200b@MultiversoDBZ', 'likes': 1, 'publicado_em': '2025-03-21T16:22:07Z'}, {'autor': '@JuditeRibeirodosSantos', 'comentario': 'Aeroporto TIM 2 💪🦾💪💪💪🦾💪💪💪🦾🦾🦾🦾🦾🦾🦾🦾🦾🦾🦾🦾🦾🦾🦿🦾', 'likes': 1, 'publicado_em': '2025-03-21T17:10:54Z'}, {'autor': '@mariadelourdesgomes3649', 'comentario': '💪🦵', 'likes': 0, 'publicado_em': '2025-03-22T18:49:46Z'}]","SP1H1K1abqc","Goku vs. Vegeta e Freeza: O Desafio do Mais Musculoso 💪🔥  #ia #dragoball #goku","1","Mais novos"
"@KauanOliveira-b5v","UCq0UhEWGStj342Tf830Xiqw","http://www.youtube.com/@KauanOliveira-b5v","💪💪💪💪💪💪💪💪💪💪","5","2025-03-20T13:08:46Z","2025-03-20T13:08:46Z","True","True","4","4","[{'autor': '@MultiversoDBZ', 'comentario': '💪💪💪💪💪💪💪', 'likes': 0, 'publicado_em': '2025-03-20T14:05:46Z'}, {'autor': '@cleunice1977', 'comentario': '💪💪💪💪💪💪💪💪💪💪💪💪💪💪💪💪💪💪💪\u200b@MultiversoDBZ', 'likes': 1, 'publicado_em': '2025-03-21T16:22:07Z'}, {'autor': '@JuditeRibeirodosSantos', 'comentario': 'Aeroporto TIM 2 💪🦾💪💪💪🦾💪💪💪🦾🦾🦾🦾🦾🦾🦾🦾🦾🦾🦾🦾🦾🦾🦿🦾', 'likes': 1, 'publicado_em': '2025-03-21T17:10:54Z'}, {'autor': '@mariadelourdesgomes3649', 'comentario': '💪🦵', 'likes': 0, 'publicado_em': '2025-03-22T18:49:46Z'}]","SP1H1K1abqc","Goku vs. Vegeta e Freeza: O Desafio do Mais Musculoso 💪🔥  #ia #dragoball #goku","2","Mais antigos"
"@solangemartinho","UCmswxfGNvwdY9C1K_guf0Hw","http://www.youtube.com/@solangemartinho","💪🏿💪🏿💪🏿💪🏿💪🏿💪🏿💪🏿💪🏿💪🏿","12","2025-03-24T20:32:45Z","2025-03-24T20:32:45Z","True","True","5","5","[{'autor': '@MultiversoDBZ', 'comentario': '💪💪💪💪', 'likes': 1, 'publicado_em': '2025-03-24T22:47:34Z'}, {'autor': '@alessandroalves3315', 'comentario': ',💪💪💪💪💪💪💪', 'likes': 0, 'publicado_em': '2025-10-25T18:25:48Z'}, {'autor': '@cocado013', 'comentario': 'Caraca 💪💪', 'likes': 0, 'publicado_em': '2025-10-30T03:12:57Z'}, {'autor': '@ElisaMurinda', 'comentario': '💪💪', 'likes': 0, 'publicado_em': '2025-11-10T07:26:19Z'}, {'autor': '@RozileneSilva-v2w', 'comentario': '\u200b@alessandroalves3315💪🏼💪🏼💪🏼💪🏼💪🏼💪🏼💪🏼💪🏼💪🏼💪🏼💪🏼💪🏼💪🏼💪🏼💪🏼💪🏼💪🏼💪🏼💪🏼💪🏼💪🏼💪🏼💪🏼💪🏼💪🏼💪🏼💪🏼💪🏼💪💪🏻', 'likes': 0, 'publicado_em': '2025-11-13T22:20:52Z'}]","SP1H1K1abqc","Goku vs. Vegeta e Freeza: O Desafio do Mais Musculoso 💪🔥  #ia #dragoball #goku","2","Mais antigos"
"@Sun_BearStrongest","UCJTLJ4YPGb49nMfKlJZy3-w","http://www.youtube.com/@Sun_BearStrongest","Esse é o tipo dr coisa que passa na minha cabeça durante a prova de matemática no maior silêncio:","29","2025-03-25T21:55:20Z","2025-03-25T21:55:20Z","True","True","18","5","[{'autor': '@MultiversoDBZ', 'comentario': 'Kkkk 😵', 'likes': 11, 'publicado_em': '2025-03-26T00:33:20Z'}, {'autor': '@WillianMarcelino-i9c', 'comentario': '💪💪💪💪💪💪💪💪💪💪💪', 'likes': 5, 'publicado_em': '2025-05-20T23:00:02Z'}, {'autor': '@Rosangelamiranda-h4d', 'comentario': '❤❤❤❤❤❤❤', 'likes': 5, 'publicado_em': '2025-08-30T03:18:19Z'}, {'autor': '@ricardogomes-fx6vt', 'comentario': 'Eu amo o seu vídeo que você faz 🤩🤩😍 💗😍🥳🥳💗😍', 'likes': 2, 'publicado_em': '2025-10-17T20:51:44Z'}, {'autor': '@Deisyanne-uy1ih', 'comentario': '💪🏻', 'likes': 2, 'publicado_em': '2025-10-22T13:57:32Z'}]","SP1H1K1abqc","Goku vs. Vegeta e Freeza: O Desafio do Mais Musculoso 💪🔥  #ia #dragoball #goku","2","Mais antigos"
"@AllanMax-x9f","UCsiaD6mx7NGElpiGphiTmHg","http://www.youtube.com/@AllanMax-x9f","💪🏿💪🏿💪🏿💪🏿💪🏿💪🏿💪🏿💪🏿","6","2025-03-25T22:12:19Z","2025-03-25T22:12:19Z","True","True","2","2","[{'autor': '@MultiversoDBZ', 'comentario': '💪💪💪💪', 'likes': 0, 'publicado_em': '2025-03-26T00:33:07Z'}, {'autor': '@LiuLuidy', 'comentario': '😊😅😅😅😅😅😂😂😂😂😂😂😂🎉', 'likes': 0, 'publicado_em': '2025-10-20T01:31:49Z'}]","SP1H1K1abqc","Goku vs. Vegeta e Freeza: O Desafio do Mais Musculoso 💪🔥  #ia #dragoball #goku","2","Mais antigos"
"@KairoSilva-t7o","UC2l-zjCYbWyJ_N0xb-0COLA","http://www.youtube.com/@KairoSilva-t7o","💪🏻💪🏻💪🏻💪🏻💪🏻💪🏻💪🏻💪🏻💪🏻💪🏻","7","2025-03-26T15:24:27Z","2025-03-26T15:24:27Z","True","True","1","1","[{'autor': '@MultiversoDBZ', 'comentario': '💪💪💪💪', 'likes': 0, 'publicado_em': '2025-03-26T17:38:49Z'}]","SP1H1K1abqc","Goku vs. Vegeta e Freeza: O Desafio do Mais Musculoso 💪🔥  #ia #dragoball #goku","2","Mais antigos"
"@patriciamunizmachado4609","UCCZMDJrzGx1t7dufQPGqoBA","http://www.youtube.com/@patriciamunizmachado4609","💪💪💪💪💪💪💪💪💪💪💪💪💪💪💪💪💪💪💪💪💪💪💪💪💪💪💪💪💪💪💪💪💪💪💪💪💪💪💪💪💪💪💪💪💪💪💪💪💪💪💪👏💪💪💪💪💪💪💪💪💪💪💪💪💪💪💪💪💪💪💪💪💪💪💪💪💪💪💪💪💪👏💪💪💪💪💪💪💪💪💪💪💪💪💪💪💪💪💪💪💪💪💪💪💪💪💪💪💪💪. Eu quero ver. patê.  2","4","2025-04-15T14:51:22Z","2025-04-15T14:51:22Z","True","True","2","2","[{'autor': '@MultiversoDBZ', 'comentario': '💪💪💪😱 então vamos lá ...', 'likes': 0, 'publicado_em': '2025-04-15T15:32:39Z'}, {'autor': '@MrCristovao2012', 'comentario': '\u200b@MultiversoDBZoiiiiii', 'likes': 0, 'publicado_em': '2025-12-05T10:45:52Z'}]","SP1H1K1abqc","Goku vs. Vegeta e Freeza: O Desafio do Mais Musculoso 💪🔥  #ia #dragoball #goku","2","Mais antigos"
"@TERESACAMOSSO","UCJC9pew3vezGvYkvbfRidCA","http://www.youtube.com/@TERESACAMOSSO","💪💪💪💪💪👊","1","2025-04-19T15:39:58Z","2025-04-19T15:39:58Z","True","True","0","0","[]","SP1H1K1abqc","Goku vs. Vegeta e Freeza: O Desafio do Mais Musculoso 💪🔥  #ia #dragoball #goku","2","Mais antigos"
"@LUCASNEVES-w7f","UCr98nvU2zh0CZ9LMPOrwEZQ","http://www.youtube.com/@LUCASNEVES-w7f","💪💪💪💪💪💪💪💪❤","4","2025-05-11T09:37:58Z","2025-05-11T09:37:58Z","True","True","1","1","[{'autor': '@BRAYANMorais-m4j', 'comentario': '\U0001faf5💘🤛🤛🤜🤜💪💪💪💪💪🦾💪🦾🦾🦾🦾🦾🦾🦾🦾🦾🦾🦾🦾🦾🦾👄🦾', 'likes': 0, 'publicado_em': '2025-05-18T19:05:45Z'}]","SP1H1K1abqc","Goku vs. Vegeta e Freeza: O Desafio do Mais Musculoso 💪🔥  #ia #dragoball #goku","2","Mais antigos"
"@juninhoprudencio4931","UCCTJ09mw4JRhnjNCnv7DMPg","http://www.youtube.com/@juninhoprudencio4931","Oh  que. Forte","3","2025-05-12T15:19:21Z","2025-05-12T15:19:21Z","True","True","1","1","[{'autor': '@PietroNascimentoMiranda', 'comentario': 'Ele ficou de tanginha😂😂😂😂😂😂', 'likes': 0, 'publicado_em': '2025-10-13T19:50:14Z'}]","SP1H1K1abqc","Goku vs. Vegeta e Freeza: O Desafio do Mais Musculoso 💪🔥  #ia #dragoball #goku","2","Mais antigos"
"@moniquellyalmeidaMeirelis","UCRXF1VMCtQLHfjK-sPvGu3Q","http://www.youtube.com/@moniquellyalmeidaMeirelis","💪💪💪💪💪💪💪👏👏👏👏👏","5","2025-05-13T01:56:21Z","2025-05-13T01:56:21Z","True","True","5","5","[{'autor': '@JhuanRodrigues-p5p4w', 'comentario': '💪🏻💪🏻💪🏻💪🏻💪🏻💪🏻💪🏻💪🏻💪🏻💪🏻💪🏻🦾🦾🦾🦾🦾🦾💪🏻🦾🦾🦾💪🏻🦾🦾🦾🦾🦾🦾🦾🦾💪🏻💪🏻💪🏻💪🏻💪🏻💪🏻💪🏻💪🏻💪🏻', 'likes': 1, 'publicado_em': '2025-05-14T23:14:43Z'}, {'autor': '@AnthonyNogueira-k1q', 'comentario': '💪💪💪💪💪💪💪🖕🏼💪💪💪💪♾♾♾♾♾♾♾♾♾💪💪', 'likes': 0, 'publicado_em': '2025-05-15T01:48:58Z'}, {'autor': '@KarinaCruz-c3z', 'comentario': '💪💪💪💪💪💪🏿💪🏿💪🏿💪🏿💪🏿💪🏿💪🏿💪🏿💪🏿💪🏿💪🏿💪🏿😻😻😻', 'likes': 0, 'publicado_em': '2025-05-15T20:06:32Z'}, {'autor': '@CecíliaSantos-n3o', 'comentario': '😮💪', 'likes': 0, 'publicado_em': '2025-05-16T00:18:56Z'}, {'autor': '@FernandoNeles', 'comentario': '💪', 'likes': 0, 'publicado_em': '2025-05-17T20:21:20Z'}]","SP1H1K1abqc","Goku vs. Vegeta e Freeza: O Desafio do Mais Musculoso 💪🔥  #ia #dragoball #goku","2","Mais antigos"
"@mariamerciabatista4394","UC_Hkw96fAcjFzFOOXNxQa7g","http://www.youtube.com/@mariamerciabatista4394","👏💪💪👏👏👊💪💪💪💪💪💪💪💪💪","1","2025-05-18T00:16:11Z","2025-05-18T00:16:11Z","True","True","0","0","[]","SP1H1K1abqc","Goku vs. Vegeta e Freeza: O Desafio do Mais Musculoso 💪🔥  #ia #dragoball #goku","2","Mais antigos"
"@MariaSilva-fg9ku","UCueDF30YLfa3xDJv-oW09Nw","http://www.youtube.com/@MariaSilva-fg9ku","Eu quero parte 2","15","2025-05-18T17:21:49Z","2025-05-18T17:21:49Z","True","True","4","4","[{'autor': '@marcosadriano8469', 'comentario': '🙉💪💪', 'likes': 0, 'publicado_em': '2025-05-28T13:04:21Z'}, {'autor': '@fernandadacruzbatista7208', 'comentario': '💪💪', 'likes': 1, 'publicado_em': '2025-06-08T21:47:56Z'}, {'autor': '@AnastaciaMachado-d8u', 'comentario': '💪💪💪💪💪💪💪🏿💪💪🏿 kz uma', 'likes': 1, 'publicado_em': '2025-10-14T13:06:24Z'}, {'autor': '@Jasielmaguedesmoreira', 'comentario': '\u200b@fernandadacruzbatista7208😢', 'likes': 0, 'publicado_em': '2025-10-31T19:31:06Z'}]","SP1H1K1abqc","Goku vs. Vegeta e Freeza: O Desafio do Mais Musculoso 💪🔥  #ia #dragoball #goku","2","Mais antigos"
"@nildenascimento4080","UCUOSOc0k3Uh76V8FQZvvdLg","http://www.youtube.com/@nildenascimento4080","Eu quero a parte 2 💪🏻💪🏻💪🏻💪🏻💪🏻💪🏻","5","2025-06-16T05:30:45Z","2025-06-16T05:30:45Z","True","True","2","2","[{'autor': '@jhussarasilva4313', 'comentario': '💪💪🏻💪🏻💪🏻💪🏻💪🏻💪🏻💪🏻💪🏻💪🏻💪🏻💪🏻💪🏻💪🏻', 'likes': 0, 'publicado_em': '2025-11-25T02:41:45Z'}, {'autor': '@MariaLúciaDosSantosBorges-t2s', 'comentario': '💪💪💪💪💪💪💪💪💪💪💪💪💪💪💪💪💪💪💪💪💪💪💪💪💪💪', 'likes': 0, 'publicado_em': '2025-11-26T02:33:26Z'}]","SP1H1K1abqc","Goku vs. Vegeta e Freeza: O Desafio do Mais Musculoso 💪🔥  #ia #dragoball #goku","2","Mais antigos"
"@fraisesantos4011","UC6LhtXytjNmrONbK8vdLt-g","http://www.youtube.com/@fraisesantos4011","💪💪💪💪💪💪💪💪😊🌋","1","2025-06-22T18:37:25Z","2025-06-22T18:37:25Z","True","True","0","0","[]","SP1H1K1abqc","Goku vs. Vegeta e Freeza: O Desafio do Mais Musculoso 💪🔥  #ia #dragoball #goku","2","Mais antigos"
"@jonaslourenco4603","UCNEHYYbBioLxMr6PQDlAbhQ","http://www.youtube.com/@jonaslourenco4603","💪🏽💪🏽💪🏽💪🏽💪🏽💪🏽💪🏽💪🏽💪🏽💪🏽💪🏽","1","2025-06-29T17:46:22Z","2025-06-29T17:46:22Z","True","True","0","0","[]","SP1H1K1abqc","Goku vs. Vegeta e Freeza: O Desafio do Mais Musculoso 💪🔥  #ia #dragoball #goku","2","Mais antigos"
"@AndréRodrigo-h2h","UCiMfYz1Qn33Ocqqpn2D9adA","http://www.youtube.com/@Andr%C3%A9Rodrigo-h2h","🤝💪💪💪💪💪💪💪💪💪💪💪💪💪💪💪💪💪","2","2025-07-08T00:53:39Z","2025-07-08T00:53:39Z","True","True","0","0","[]","SP1H1K1abqc","Goku vs. Vegeta e Freeza: O Desafio do Mais Musculoso 💪🔥  #ia #dragoball #goku","2","Mais antigos"
"@NicoGames-j3s","UCE3FI2GMSURYahwfxi5kh9g","http://www.youtube.com/@NicoGames-j3s","💪💪💪💪💪💪💪💪💪💪💪💪💪💪💪💪💪💪💪","2","2025-07-26T13:53:03Z","2025-07-26T13:53:03Z","True","True","0","0","[]","SP1H1K1abqc","Goku vs. Vegeta e Freeza: O Desafio do Mais Musculoso 💪🔥  #ia #dragoball #goku","2","Mais antigos"
"@EloideLimaRodrigues","UCZoQXm8UmF9EkmXgeDtNFog","http://www.youtube.com/@EloideLimaRodrigues","💪💪💪💪💪💪💪💪 foçaaaaa","1","2025-10-05T17:48:12Z","2025-10-05T17:48:12Z","True","True","0","0","[]","SP1H1K1abqc","Goku vs. Vegeta e Freeza: O Desafio do Mais Musculoso 💪🔥  #ia #dragoball #goku","2","Mais antigos"
"@juliaramos9026","UCukiNIGe_-qiSFLpZZEr72g","http://www.youtube.com/@juliaramos9026","😂😂😂😂kkkk","3","2025-10-16T16:15:00Z","2025-10-16T16:15:00Z","True","True","0","0","[]","SP1H1K1abqc","Goku vs. Vegeta e Freeza: O Desafio do Mais Musculoso 💪🔥  #ia #dragoball #goku","2","Mais antigos"
"@ArthurGuilherme-h1y","UCAHg-PkM1R4iDldYdl67gCQ","http://www.youtube.com/@ArthurGuilherme-h1y","Aci Goku você merece 💪🏻💪🏻💪🏻💪🏻💪🏻💪🏻💪🏻💪🏻💪🏻","3","2025-11-22T18:36:12Z","2025-11-22T18:36:12Z","True","True","1","1","[{'autor': '@MoisésRodrigues-e8m', 'comentario': '😎😎😎😎😎😎😎😎😎😎😎😎😎😎😎😎😎😎😎😎😎😎😎😎😎😎😎🙂🙂😎🙂😘😘😘😘', 'likes': 0, 'publicado_em': '2025-11-30T18:38:08Z'}]","SP1H1K1abqc","Goku vs. Vegeta e Freeza: O Desafio do Mais Musculoso 💪🔥  #ia #dragoball #goku","2","Mais antigos"
"@Sun_BearStrongest","UCJTLJ4YPGb49nMfKlJZy3-w","http://www.youtube.com/@Sun_BearStrongest","Esse é o tipo dr coisa que passa na minha cabeça durante a prova de matemática no maior silêncio:","29","2025-03-25T21:55:20Z","2025-03-25T21:55:20Z","True","True","18","5","[{'autor': '@MultiversoDBZ', 'comentario': 'Kkkk 😵', 'likes': 11, 'publicado_em': '2025-03-26T00:33:20Z'}, {'autor': '@WillianMarcelino-i9c', 'comentario': '💪💪💪💪💪💪💪💪💪💪💪', 'likes': 5, 'publicado_em': '2025-05-20T23:00:02Z'}, {'autor': '@Rosangelamiranda-h4d', 'comentario': '❤❤❤❤❤❤❤', 'likes': 5, 'publicado_em': '2025-08-30T03:18:19Z'}, {'autor': '@ricardogomes-fx6vt', 'comentario': 'Eu amo o seu vídeo que você faz 🤩🤩😍 💗😍🥳🥳💗😍', 'likes': 2, 'publicado_em': '2025-10-17T20:51:44Z'}, {'autor': '@Deisyanne-uy1ih', 'comentario': '💪🏻', 'likes': 2, 'publicado_em': '2025-10-22T13:57:32Z'}]","SP1H1K1abqc","Goku vs. Vegeta e Freeza: O Desafio do Mais Musculoso 💪🔥  #ia #dragoball #goku","3","Mais curtidos"
"@MariaSilva-fg9ku","UCueDF30YLfa3xDJv-oW09Nw","http://www.youtube.com/@MariaSilva-fg9ku","Eu quero parte 2","15","2025-05-18T17:21:49Z","2025-05-18T17:21:49Z","True","True","4","4","[{'autor': '@marcosadriano8469', 'comentario': '🙉💪💪', 'likes': 0, 'publicado_em': '2025-05-28T13:04:21Z'}, {'autor': '@fernandadacruzbatista7208', 'comentario': '💪💪', 'likes': 1, 'publicado_em': '2025-06-08T21:47:56Z'}, {'autor': '@AnastaciaMachado-d8u', 'comentario': '💪💪💪💪💪💪💪🏿💪💪🏿 kz uma', 'likes': 1, 'publicado_em': '2025-10-14T13:06:24Z'}, {'autor': '@Jasielmaguedesmoreira', 'comentario': '\u200b@fernandadacruzbatista7208😢', 'likes': 0, 'publicado_em': '2025-10-31T19:31:06Z'}]","SP1H1K1abqc","Goku vs. Vegeta e Freeza: O Desafio do Mais Musculoso 💪🔥  #ia #dragoball #goku","3","Mais curtidos"
"@solangemartinho","UCmswxfGNvwdY9C1K_guf0Hw","http://www.youtube.com/@solangemartinho","💪🏿💪🏿💪🏿💪🏿💪🏿💪🏿💪🏿💪🏿💪🏿","12","2025-03-24T20:32:45Z","2025-03-24T20:32:45Z","True","True","5","5","[{'autor': '@MultiversoDBZ', 'comentario': '💪💪💪💪', 'likes': 1, 'publicado_em': '2025-03-24T22:47:34Z'}, {'autor': '@alessandroalves3315', 'comentario': ',💪💪💪💪💪💪💪', 'likes': 0, 'publicado_em': '2025-10-25T18:25:48Z'}, {'autor': '@cocado013', 'comentario': 'Caraca 💪💪', 'likes': 0, 'publicado_em': '2025-10-30T03:12:57Z'}, {'autor': '@ElisaMurinda', 'comentario': '💪💪', 'likes': 0, 'publicado_em': '2025-11-10T07:26:19Z'}, {'autor': '@RozileneSilva-v2w', 'comentario': '\u200b@alessandroalves3315💪🏼💪🏼💪🏼💪🏼💪🏼💪🏼💪🏼💪🏼💪🏼💪🏼💪🏼💪🏼💪🏼💪🏼💪🏼💪🏼💪🏼💪🏼💪🏼💪🏼💪🏼💪🏼💪🏼💪🏼💪🏼💪🏼💪🏼💪🏼💪💪🏻', 'likes': 0, 'publicado_em': '2025-11-13T22:20:52Z'}]","SP1H1K1abqc","Goku vs. Vegeta e Freeza: O Desafio do Mais Musculoso 💪🔥  #ia #dragoball #goku","3","Mais curtidos"
"@KairoSilva-t7o","UC2l-zjCYbWyJ_N0xb-0COLA","http://www.youtube.com/@KairoSilva-t7o","💪🏻💪🏻💪🏻💪🏻💪🏻💪🏻💪🏻💪🏻💪🏻💪🏻","7","2025-03-26T15:24:27Z","2025-03-26T15:24:27Z","True","True","1","1","[{'autor': '@MultiversoDBZ', 'comentario': '💪💪💪💪', 'likes': 0, 'publicado_em': '2025-03-26T17:38:49Z'}]","SP1H1K1abqc","Goku vs. Vegeta e Freeza: O Desafio do Mais Musculoso 💪🔥  #ia #dragoball #goku","3","Mais curtidos"
"@AllanMax-x9f","UCsiaD6mx7NGElpiGphiTmHg","http://www.youtube.com/@AllanMax-x9f","💪🏿💪🏿💪🏿💪🏿💪🏿💪🏿💪🏿💪🏿","6","2025-03-25T22:12:19Z","2025-03-25T22:12:19Z","True","True","2","2","[{'autor': '@MultiversoDBZ', 'comentario': '💪💪💪💪', 'likes': 0, 'publicado_em': '2025-03-26T00:33:07Z'}, {'autor': '@LiuLuidy', 'comentario': '😊😅😅😅😅😅😂😂😂😂😂😂😂🎉', 'likes': 0, 'publicado_em': '2025-10-20T01:31:49Z'}]","SP1H1K1abqc","Goku vs. Vegeta e Freeza: O Desafio do Mais Musculoso 💪🔥  #ia #dragoball #goku","3","Mais curtidos"
"@nildenascimento4080","UCUOSOc0k3Uh76V8FQZvvdLg","http://www.youtube.com/@nildenascimento4080","Eu quero a parte 2 💪🏻💪🏻💪🏻💪🏻💪🏻💪🏻","5","2025-06-16T05:30:45Z","2025-06-16T05:30:45Z","True","True","2","2","[{'autor': '@jhussarasilva4313', 'comentario': '💪💪🏻💪🏻💪🏻💪🏻💪🏻💪🏻💪🏻💪🏻💪🏻💪🏻💪🏻💪🏻💪🏻', 'likes': 0, 'publicado_em': '2025-11-25T02:41:45Z'}, {'autor': '@MariaLúciaDosSantosBorges-t2s', 'comentario': '💪💪💪💪💪💪💪💪💪💪💪💪💪💪💪💪💪💪💪💪💪💪💪💪💪💪', 'likes': 0, 'publicado_em': '2025-11-26T02:33:26Z'}]","SP1H1K1abqc","Goku vs. Vegeta e Freeza: O Desafio do Mais Musculoso 💪🔥  #ia #dragoball #goku","3","Mais curtidos"
"@moniquellyalmeidaMeirelis","UCRXF1VMCtQLHfjK-sPvGu3Q","http://www.youtube.com/@moniquellyalmeidaMeirelis","💪💪💪💪💪💪💪👏👏👏👏👏","5","2025-05-13T01:56:21Z","2025-05-13T01:56:21Z","True","True","5","5","[{'autor': '@JhuanRodrigues-p5p4w', 'comentario': '💪🏻💪🏻💪🏻💪🏻💪🏻💪🏻💪🏻💪🏻💪🏻💪🏻💪🏻🦾🦾🦾🦾🦾🦾💪🏻🦾🦾🦾💪🏻🦾🦾🦾🦾🦾🦾🦾🦾💪🏻💪🏻💪🏻💪🏻💪🏻💪🏻💪🏻💪🏻💪🏻', 'likes': 1, 'publicado_em': '2025-05-14T23:14:43Z'}, {'autor': '@AnthonyNogueira-k1q', 'comentario': '💪💪💪💪💪💪💪🖕🏼💪💪💪💪♾♾♾♾♾♾♾♾♾💪💪', 'likes': 0, 'publicado_em': '2025-05-15T01:48:58Z'}, {'autor': '@KarinaCruz-c3z', 'comentario': '💪💪💪💪💪💪🏿💪🏿💪🏿💪🏿💪🏿💪🏿💪🏿💪🏿💪🏿💪🏿💪🏿💪🏿😻😻😻', 'likes': 0, 'publicado_em': '2025-05-15T20:06:32Z'}, {'autor': '@CecíliaSantos-n3o', 'comentario': '😮💪', 'likes': 0, 'publicado_em': '2025-05-16T00:18:56Z'}, {'autor': '@FernandoNeles', 'comentario': '💪', 'likes': 0, 'publicado_em': '2025-05-17T20:21:20Z'}]","SP1H1K1abqc","Goku vs. Vegeta e Freeza: O Desafio do Mais Musculoso 💪🔥  #ia #dragoball #goku","3","Mais curtidos"
"@KauanOliveira-b5v","UCq0UhEWGStj342Tf830Xiqw","http://www.youtube.com/@KauanOliveira-b5v","💪💪💪💪💪💪💪💪💪💪","5","2025-03-20T13:08:46Z","2025-03-20T13:08:46Z","True","True","4","4","[{'autor': '@MultiversoDBZ', 'comentario': '💪💪💪💪💪💪💪', 'likes': 0, 'publicado_em': '2025-03-20T14:05:46Z'}, {'autor': '@cleunice1977', 'comentario': '💪💪💪💪💪💪💪💪💪💪💪💪💪💪💪💪💪💪💪\u200b@MultiversoDBZ', 'likes': 1, 'publicado_em': '2025-03-21T16:22:07Z'}, {'autor': '@JuditeRibeirodosSantos', 'comentario': 'Aeroporto TIM 2 💪🦾💪💪💪🦾💪💪💪🦾🦾🦾🦾🦾🦾🦾🦾🦾🦾🦾🦾🦾🦾🦿🦾', 'likes': 1, 'publicado_em': '2025-03-21T17:10:54Z'}, {'autor': '@mariadelourdesgomes3649', 'comentario': '💪🦵', 'likes': 0, 'publicado_em': '2025-03-22T18:49:46Z'}]","SP1H1K1abqc","Goku vs. Vegeta e Freeza: O Desafio do Mais Musculoso 💪🔥  #ia #dragoball #goku","3","Mais curtidos"
"@LUCASNEVES-w7f","UCr98nvU2zh0CZ9LMPOrwEZQ","http://www.youtube.com/@LUCASNEVES-w7f","💪💪💪💪💪💪💪💪❤","4","2025-05-11T09:37:58Z","2025-05-11T09:37:58Z","True","True","1","1","[{'autor': '@BRAYANMorais-m4j', 'comentario': '\U0001faf5💘🤛🤛🤜🤜💪💪💪💪💪🦾💪🦾🦾🦾🦾🦾🦾🦾🦾🦾🦾🦾🦾🦾🦾👄🦾', 'likes': 0, 'publicado_em': '2025-05-18T19:05:45Z'}]","SP1H1K1abqc","Goku vs. Vegeta e Freeza: O Desafio do Mais Musculoso 💪🔥  #ia #dragoball #goku","3","Mais curtidos"
"@patriciamunizmachado4609","UCCZMDJrzGx1t7dufQPGqoBA","http://www.youtube.com/@patriciamunizmachado4609","💪💪💪💪💪💪💪💪💪💪💪💪💪💪💪💪💪💪💪💪💪💪💪💪💪💪💪💪💪💪💪💪💪💪💪💪💪💪💪💪💪💪💪💪💪💪💪💪💪💪💪👏💪💪💪💪💪💪💪💪💪💪💪💪💪💪💪💪💪💪💪💪💪💪💪💪💪💪💪💪💪👏💪💪💪💪💪💪💪💪💪💪💪💪💪💪💪💪💪💪💪💪💪💪💪💪💪💪💪💪. Eu quero ver. patê.  2","4","2025-04-15T14:51:22Z","2025-04-15T14:51:22Z","True","True","2","2","[{'autor': '@MultiversoDBZ', 'comentario': '💪💪💪😱 então vamos lá ...', 'likes': 0, 'publicado_em': '2025-04-15T15:32:39Z'}, {'autor': '@MrCristovao2012', 'comentario': '\u200b@MultiversoDBZoiiiiii', 'likes': 0, 'publicado_em': '2025-12-05T10:45:52Z'}]","SP1H1K1abqc","Goku vs. Vegeta e Freeza: O Desafio do Mais Musculoso 💪🔥  #ia #dragoball #goku","3","Mais curtidos"
"@ArthurGuilherme-h1y","UCAHg-PkM1R4iDldYdl67gCQ","http://www.youtube.com/@ArthurGuilherme-h1y","Aci Goku você merece 💪🏻💪🏻💪🏻💪🏻💪🏻💪🏻💪🏻💪🏻💪🏻","3","2025-11-22T18:36:12Z","2025-11-22T18:36:12Z","True","True","1","1","[{'autor': '@MoisésRodrigues-e8m', 'comentario': '😎😎😎😎😎😎😎😎😎😎😎😎😎😎😎😎😎😎😎😎😎😎😎😎😎😎😎🙂🙂😎🙂😘😘😘😘', 'likes': 0, 'publicado_em': '2025-11-30T18:38:08Z'}]","SP1H1K1abqc","Goku vs. Vegeta e Freeza: O Desafio do Mais Musculoso 💪🔥  #ia #dragoball #goku","3","Mais curtidos"
"@juliaramos9026","UCukiNIGe_-qiSFLpZZEr72g","http://www.youtube.com/@juliaramos9026","😂😂😂😂kkkk","3","2025-10-16T16:15:00Z","2025-10-16T16:15:00Z","True","True","0","0","[]","SP1H1K1abqc","Goku vs. Vegeta e Freeza: O Desafio do Mais Musculoso 💪🔥  #ia #dragoball #goku","3","Mais curtidos"
"@juninhoprudencio4931","UCCTJ09mw4JRhnjNCnv7DMPg","http://www.youtube.com/@juninhoprudencio4931","Oh  que. Forte","3","2025-05-12T15:19:21Z","2025-05-12T15:19:21Z","True","True","1","1","[{'autor': '@PietroNascimentoMiranda', 'comentario': 'Ele ficou de tanginha😂😂😂😂😂😂', 'likes': 0, 'publicado_em': '2025-10-13T19:50:14Z'}]","SP1H1K1abqc","Goku vs. Vegeta e Freeza: O Desafio do Mais Musculoso 💪🔥  #ia #dragoball #goku","3","Mais curtidos"
"@AndréRodrigo-h2h","UCiMfYz1Qn33Ocqqpn2D9adA","http://www.youtube.com/@Andr%C3%A9Rodrigo-h2h","🤝💪💪💪💪💪💪💪💪💪💪💪💪💪💪💪💪💪","2","2025-07-08T00:53:39Z","2025-07-08T00:53:39Z","True","True","0","0","[]","SP1H1K1abqc","Goku vs. Vegeta e Freeza: O Desafio do Mais Musculoso 💪🔥  #ia #dragoball #goku","3","Mais curtidos"
"@NicoGames-j3s","UCE3FI2GMSURYahwfxi5kh9g","http://www.youtube.com/@NicoGames-j3s","💪💪💪💪💪💪💪💪💪💪💪💪💪💪💪💪💪💪💪","2","2025-07-26T13:53:03Z","2025-07-26T13:53:03Z","True","True","0","0","[]","SP1H1K1abqc","Goku vs. Vegeta e Freeza: O Desafio do Mais Musculoso 💪🔥  #ia #dragoball #goku","3","Mais curtidos"
"@jonaslourenco4603","UCNEHYYbBioLxMr6PQDlAbhQ","http://www.youtube.com/@jonaslourenco4603","💪🏽💪🏽💪🏽💪🏽💪🏽💪🏽💪🏽💪🏽💪🏽💪🏽💪🏽","1","2025-06-29T17:46:22Z","2025-06-29T17:46:22Z","True","True","0","0","[]","SP1H1K1abqc","Goku vs. Vegeta e Freeza: O Desafio do Mais Musculoso 💪🔥  #ia #dragoball #goku","3","Mais curtidos"
"@mariamerciabatista4394","UC_Hkw96fAcjFzFOOXNxQa7g","http://www.youtube.com/@mariamerciabatista4394","👏💪💪👏👏👊💪💪💪💪💪💪💪💪💪","1","2025-05-18T00:16:11Z","2025-05-18T00:16:11Z","True","True","0","0","[]","SP1H1K1abqc","Goku vs. Vegeta e Freeza: O Desafio do Mais Musculoso 💪🔥  #ia #dragoball #goku","3","Mais curtidos"
"@EloideLimaRodrigues","UCZoQXm8UmF9EkmXgeDtNFog","http://www.youtube.com/@EloideLimaRodrigues","💪💪💪💪💪💪💪💪 foçaaaaa","1","2025-10-05T17:48:12Z","2025-10-05T17:48:12Z","True","True","0","0","[]","SP1H1K1abqc","Goku vs. Vegeta e Freeza: O Desafio do Mais Musculoso 💪🔥  #ia #dragoball #goku","3","Mais curtidos"
"@fraisesantos4011","UC6LhtXytjNmrONbK8vdLt-g","http://www.youtube.com/@fraisesantos4011","💪💪💪💪💪💪💪💪😊🌋","1","2025-06-22T18:37:25Z","2025-06-22T18:37:25Z","True","True","0","0","[]","SP1H1K1abqc","Goku vs. Vegeta e Freeza: O Desafio do Mais Musculoso 💪🔥  #ia #dragoball #goku","3","Mais curtidos"
"@TERESACAMOSSO","UCJC9pew3vezGvYkvbfRidCA","http://www.youtube.com/@TERESACAMOSSO","💪💪💪💪💪👊","1","2025-04-19T15:39:58Z","2025-04-19T15:39:58Z","True","True","0","0","[]","SP1H1K1abqc","Goku vs. Vegeta e Freeza: O Desafio do Mais Musculoso 💪🔥  #ia #dragoball #goku","3","Mais curtidos"
"@patriciamunizmachado4609","UCCZMDJrzGx1t7dufQPGqoBA","http://www.youtube.com/@patriciamunizmachado4609","💪💪💪💪💪💪💪💪💪💪💪💪💪💪💪💪💪💪💪💪💪💪💪💪💪💪💪💪💪💪💪💪💪💪💪💪💪💪💪💪💪💪💪💪💪💪💪💪💪💪💪👏💪💪💪💪💪💪💪💪💪💪💪💪💪💪💪💪💪💪💪💪💪💪💪💪💪💪💪💪💪👏💪💪💪💪💪💪💪💪💪💪💪💪💪💪💪💪💪💪💪💪💪💪💪💪💪💪💪💪. Eu quero ver. patê.  2","4","2025-04-15T14:51:22Z","2025-04-15T14:51:22Z","True","True","2","2","[{'autor': '@MultiversoDBZ', 'comentario': '💪💪💪😱 então vamos lá ...', 'likes': 0, 'publicado_em': '2025-04-15T15:32:39Z'}, {'autor': '@MrCristovao2012', 'comentario': '\u200b@MultiversoDBZoiiiiii', 'likes': 0, 'publicado_em': '2025-12-05T10:45:52Z'}]","SP1H1K1abqc","Goku vs. Vegeta e Freeza: O Desafio do Mais Musculoso 💪🔥  #ia #dragoball #goku","4","Mais longos"
"@Sun_BearStrongest","UCJTLJ4YPGb49nMfKlJZy3-w","http://www.youtube.com/@Sun_BearStrongest","Esse é o tipo dr coisa que passa na minha cabeça durante a prova de matemática no maior silêncio:","29","2025-03-25T21:55:20Z","2025-03-25T21:55:20Z","True","True","18","5","[{'autor': '@MultiversoDBZ', 'comentario': 'Kkkk 😵', 'likes': 11, 'publicado_em': '2025-03-26T00:33:20Z'}, {'autor': '@WillianMarcelino-i9c', 'comentario': '💪💪💪💪💪💪💪💪💪💪💪', 'likes': 5, 'publicado_em': '2025-05-20T23:00:02Z'}, {'autor': '@Rosangelamiranda-h4d', 'comentario': '❤❤❤❤❤❤❤', 'likes': 5, 'publicado_em': '2025-08-30T03:18:19Z'}, {'autor': '@ricardogomes-fx6vt', 'comentario': 'Eu amo o seu vídeo que você faz 🤩🤩😍 💗😍🥳🥳💗😍', 'likes': 2, 'publicado_em': '2025-10-17T20:51:44Z'}, {'autor': '@Deisyanne-uy1ih', 'comentario': '💪🏻', 'likes': 2, 'publicado_em': '2025-10-22T13:57:32Z'}]","SP1H1K1abqc","Goku vs. Vegeta e Freeza: O Desafio do Mais Musculoso 💪🔥  #ia #dragoball #goku","4","Mais longos"
"@ArthurGuilherme-h1y","UCAHg-PkM1R4iDldYdl67gCQ","http://www.youtube.com/@ArthurGuilherme-h1y","Aci Goku você merece 💪🏻💪🏻💪🏻💪🏻💪🏻💪🏻💪🏻💪🏻💪🏻","3","2025-11-22T18:36:12Z","2025-11-22T18:36:12Z","True","True","1","1","[{'autor': '@MoisésRodrigues-e8m', 'comentario': '😎😎😎😎😎😎😎😎😎😎😎😎😎😎😎😎😎😎😎😎😎😎😎😎😎😎😎🙂🙂😎🙂😘😘😘😘', 'likes': 0, 'publicado_em': '2025-11-30T18:38:08Z'}]","SP1H1K1abqc","Goku vs. Vegeta e Freeza: O Desafio do Mais Musculoso 💪🔥  #ia #dragoball #goku","4","Mais longos"
"@nildenascimento4080","UCUOSOc0k3Uh76V8FQZvvdLg","http://www.youtube.com/@nildenascimento4080","Eu quero a parte 2 💪🏻💪🏻💪🏻💪🏻💪🏻💪🏻","5","2025-06-16T05:30:45Z","2025-06-16T05:30:45Z","True","True","2","2","[{'autor': '@jhussarasilva4313', 'comentario': '💪💪🏻💪🏻💪🏻💪🏻💪🏻💪🏻💪🏻💪🏻💪🏻💪🏻💪🏻💪🏻💪🏻', 'likes': 0, 'publicado_em': '2025-11-25T02:41:45Z'}, {'autor': '@MariaLúciaDosSantosBorges-t2s', 'comentario': '💪💪💪💪💪💪💪💪💪💪💪💪💪💪💪💪💪💪💪💪💪💪💪💪💪💪', 'likes': 0, 'publicado_em': '2025-11-26T02:33:26Z'}]","SP1H1K1abqc","Goku vs. Vegeta e Freeza: O Desafio do Mais Musculoso 💪🔥  #ia #dragoball #goku","4","Mais longos"
"@jonaslourenco4603","UCNEHYYbBioLxMr6PQDlAbhQ","http://www.youtube.com/@jonaslourenco4603","💪🏽💪🏽💪🏽💪🏽💪🏽💪🏽💪🏽💪🏽💪🏽💪🏽💪🏽","1","2025-06-29T17:46:22Z","2025-06-29T17:46:22Z","True","True","0","0","[]","SP1H1K1abqc","Goku vs. Vegeta e Freeza: O Desafio do Mais Musculoso 💪🔥  #ia #dragoball #goku","4","Mais longos"
"@KairoSilva-t7o","UC2l-zjCYbWyJ_N0xb-0COLA","http://www.youtube.com/@KairoSilva-t7o","💪🏻💪🏻💪🏻💪🏻💪🏻💪🏻💪🏻💪🏻💪🏻💪🏻","7","2025-03-26T15:24:27Z","2025-03-26T15:24:27Z","True","True","1","1","[{'autor': '@MultiversoDBZ', 'comentario': '💪💪💪💪', 'likes': 0, 'publicado_em': '2025-03-26T17:38:49Z'}]","SP1H1K1abqc","Goku vs. Vegeta e Freeza: O Desafio do Mais Musculoso 💪🔥  #ia #dragoball #goku","4","Mais longos"
"@NicoGames-j3s","UCE3FI2GMSURYahwfxi5kh9g","http://www.youtube.com/@NicoGames-j3s","💪💪💪💪💪💪💪💪💪💪💪💪💪💪💪💪💪💪💪","2","2025-07-26T13:53:03Z","2025-07-26T13:53:03Z","True","True","0","0","[]","SP1H1K1abqc","Goku vs. Vegeta e Freeza: O Desafio do Mais Musculoso 💪🔥  #ia #dragoball #goku","4","Mais longos"
"@solangemartinho","UCmswxfGNvwdY9C1K_guf0Hw","http://www.youtube.com/@solangemartinho","💪🏿💪🏿💪🏿💪🏿💪🏿💪🏿💪🏿💪🏿💪🏿","12","2025-03-24T20:32:45Z","2025-03-24T20:32:45Z","True","True","5","5","[{'autor': '@MultiversoDBZ', 'comentario': '💪💪💪💪', 'likes': 1, 'publicado_em': '2025-03-24T22:47:34Z'}, {'autor': '@alessandroalves3315', 'comentario': ',💪💪💪💪💪💪💪', 'likes': 0, 'publicado_em': '2025-10-25T18:25:48Z'}, {'autor': '@cocado013', 'comentario': 'Caraca 💪💪', 'likes': 0, 'publicado_em': '2025-10-30T03:12:57Z'}, {'autor': '@ElisaMurinda', 'comentario': '💪💪', 'likes': 0, 'publicado_em': '2025-11-10T07:26:19Z'}, {'autor': '@RozileneSilva-v2w', 'comentario': '\u200b@alessandroalves3315💪🏼💪🏼💪🏼💪🏼💪🏼💪🏼💪🏼💪🏼💪🏼💪🏼💪🏼💪🏼💪🏼💪🏼💪🏼💪🏼💪🏼💪🏼💪🏼💪🏼💪🏼💪🏼💪🏼💪🏼💪🏼💪🏼💪🏼💪🏼💪💪🏻', 'likes': 0, 'publicado_em': '2025-11-13T22:20:52Z'}]","SP1H1K1abqc","Goku vs. Vegeta e Freeza: O Desafio do Mais Musculoso 💪🔥  #ia #dragoball #goku","4","Mais longos"
"@AndréRodrigo-h2h","UCiMfYz1Qn33Ocqqpn2D9adA","http://www.youtube.com/@Andr%C3%A9Rodrigo-h2h","🤝💪💪💪💪💪💪💪💪💪💪💪💪💪💪💪💪💪","2","2025-07-08T00:53:39Z","2025-07-08T00:53:39Z","True","True","0","0","[]","SP1H1K1abqc","Goku vs. Vegeta e Freeza: O Desafio do Mais Musculoso 💪🔥  #ia #dragoball #goku","4","Mais longos"
"@EloideLimaRodrigues","UCZoQXm8UmF9EkmXgeDtNFog","http://www.youtube.com/@EloideLimaRodrigues","💪💪💪💪💪💪💪💪 foçaaaaa","1","2025-10-05T17:48:12Z","2025-10-05T17:48:12Z","True","True","0","0","[]","SP1H1K1abqc","Goku vs. Vegeta e Freeza: O Desafio do Mais Musculoso 💪🔥  #ia #dragoball #goku","4","Mais longos"
"@MariaSilva-fg9ku","UCueDF30YLfa3xDJv-oW09Nw","http://www.youtube.com/@MariaSilva-fg9ku","Eu quero parte 2","15","2025-05-18T17:21:49Z","2025-05-18T17:21:49Z","True","True","4","4","[{'autor': '@marcosadriano8469', 'comentario': '🙉💪💪', 'likes': 0, 'publicado_em': '2025-05-28T13:04:21Z'}, {'autor': '@fernandadacruzbatista7208', 'comentario': '💪💪', 'likes': 1, 'publicado_em': '2025-06-08T21:47:56Z'}, {'autor': '@AnastaciaMachado-d8u', 'comentario': '💪💪💪💪💪💪💪🏿💪💪🏿 kz uma', 'likes': 1, 'publicado_em': '2025-10-14T13:06:24Z'}, {'autor': '@Jasielmaguedesmoreira', 'comentario': '\u200b@fernandadacruzbatista7208😢', 'likes': 0, 'publicado_em': '2025-10-31T19:31:06Z'}]","SP1H1K1abqc","Goku vs. Vegeta e Freeza: O Desafio do Mais Musculoso 💪🔥  #ia #dragoball #goku","4","Mais longos"
"@AllanMax-x9f","UCsiaD6mx7NGElpiGphiTmHg","http://www.youtube.com/@AllanMax-x9f","💪🏿💪🏿💪🏿💪🏿💪🏿💪🏿💪🏿💪🏿","6","2025-03-25T22:12:19Z","2025-03-25T22:12:19Z","True","True","2","2","[{'autor': '@MultiversoDBZ', 'comentario': '💪💪💪💪', 'likes': 0, 'publicado_em': '2025-03-26T00:33:07Z'}, {'autor': '@LiuLuidy', 'comentario': '😊😅😅😅😅😅😂😂😂😂😂😂😂🎉', 'likes': 0, 'publicado_em': '2025-10-20T01:31:49Z'}]","SP1H1K1abqc","Goku vs. Vegeta e Freeza: O Desafio do Mais Musculoso 💪🔥  #ia #dragoball #goku","4","Mais longos"
"@mariamerciabatista4394","UC_Hkw96fAcjFzFOOXNxQa7g","http://www.youtube.com/@mariamerciabatista4394","👏💪💪👏👏👊💪💪💪💪💪💪💪💪💪","1","2025-05-18T00:16:11Z","2025-05-18T00:16:11Z","True","True","0","0","[]","SP1H1K1abqc","Goku vs. Vegeta e Freeza: O Desafio do Mais Musculoso 💪🔥  #ia #dragoball #goku","4","Mais longos"
"@juninhoprudencio4931","UCCTJ09mw4JRhnjNCnv7DMPg","http://www.youtube.com/@juninhoprudencio4931","Oh  que. Forte","3","2025-05-12T15:19:21Z","2025-05-12T15:19:21Z","True","True","1","1","[{'autor': '@PietroNascimentoMiranda', 'comentario': 'Ele ficou de tanginha😂😂😂😂😂😂', 'likes': 0, 'publicado_em': '2025-10-13T19:50:14Z'}]","SP1H1K1abqc","Goku vs. Vegeta e Freeza: O Desafio do Mais Musculoso 💪🔥  #ia #dragoball #goku","4","Mais longos"
"@moniquellyalmeidaMeirelis","UCRXF1VMCtQLHfjK-sPvGu3Q","http://www.youtube.com/@moniquellyalmeidaMeirelis","💪💪💪💪💪💪💪👏👏👏👏👏","5","2025-05-13T01:56:21Z","2025-05-13T01:56:21Z","True","True","5","5","[{'autor': '@JhuanRodrigues-p5p4w', 'comentario': '💪🏻💪🏻💪🏻💪🏻💪🏻💪🏻💪🏻💪🏻💪🏻💪🏻💪🏻🦾🦾🦾🦾🦾🦾💪🏻🦾🦾🦾💪🏻🦾🦾🦾🦾🦾🦾🦾🦾💪🏻💪🏻💪🏻💪🏻💪🏻💪🏻💪🏻💪🏻💪🏻', 'likes': 1, 'publicado_em': '2025-05-14T23:14:43Z'}, {'autor': '@AnthonyNogueira-k1q', 'comentario': '💪💪💪💪💪💪💪🖕🏼💪💪💪💪♾♾♾♾♾♾♾♾♾💪💪', 'likes': 0, 'publicado_em': '2025-05-15T01:48:58Z'}, {'autor': '@KarinaCruz-c3z', 'comentario': '💪💪💪💪💪💪🏿💪🏿💪🏿💪🏿💪🏿💪🏿💪🏿💪🏿💪🏿💪🏿💪🏿💪🏿😻😻😻', 'likes': 0, 'publicado_em': '2025-05-15T20:06:32Z'}, {'autor': '@CecíliaSantos-n3o', 'comentario': '😮💪', 'likes': 0, 'publicado_em': '2025-05-16T00:18:56Z'}, {'autor': '@FernandoNeles', 'comentario': '💪', 'likes': 0, 'publicado_em': '2025-05-17T20:21:20Z'}]","SP1H1K1abqc","Goku vs. Vegeta e Freeza: O Desafio do Mais Musculoso 💪🔥  #ia #dragoball #goku","4","Mais longos"
"@KauanOliveira-b5v","UCq0UhEWGStj342Tf830Xiqw","http://www.youtube.com/@KauanOliveira-b5v","💪💪💪💪💪💪💪💪💪💪","5","2025-03-20T13:08:46Z","2025-03-20T13:08:46Z","True","True","4","4","[{'autor': '@MultiversoDBZ', 'comentario': '💪💪💪💪💪💪💪', 'likes': 0, 'publicado_em': '2025-03-20T14:05:46Z'}, {'autor': '@cleunice1977', 'comentario': '💪💪💪💪💪💪💪💪💪💪💪💪💪💪💪💪💪💪💪\u200b@MultiversoDBZ', 'likes': 1, 'publicado_em': '2025-03-21T16:22:07Z'}, {'autor': '@JuditeRibeirodosSantos', 'comentario': 'Aeroporto TIM 2 💪🦾💪💪💪🦾💪💪💪🦾🦾🦾🦾🦾🦾🦾🦾🦾🦾🦾🦾🦾🦾🦿🦾', 'likes': 1, 'publicado_em': '2025-03-21T17:10:54Z'}, {'autor': '@mariadelourdesgomes3649', 'comentario': '💪🦵', 'likes': 0, 'publicado_em': '2025-03-22T18:49:46Z'}]","SP1H1K1abqc","Goku vs. Vegeta e Freeza: O Desafio do Mais Musculoso 💪🔥  #ia #dragoball #goku","4","Mais longos"
"@fraisesantos4011","UC6LhtXytjNmrONbK8vdLt-g","http://www.youtube.com/@fraisesantos4011","💪💪💪💪💪💪💪💪😊🌋","1","2025-06-22T18:37:25Z","2025-06-22T18:37:25Z","True","True","0","0","[]","SP1H1K1abqc","Goku vs. Vegeta e Freeza: O Desafio do Mais Musculoso 💪🔥  #ia #dragoball #goku","4","Mais longos"
"@LUCASNEVES-w7f","UCr98nvU2zh0CZ9LMPOrwEZQ","http://www.youtube.com/@LUCASNEVES-w7f","💪💪💪💪💪💪💪💪❤","4","2025-05-11T09:37:58Z","2025-05-11T09:37:58Z","True","True","1","1","[{'autor': '@BRAYANMorais-m4j', 'comentario': '\U0001faf5💘🤛🤛🤜🤜💪💪💪💪💪🦾💪🦾🦾🦾🦾🦾🦾🦾🦾🦾🦾🦾🦾🦾🦾👄🦾', 'likes': 0, 'publicado_em': '2025-05-18T19:05:45Z'}]","SP1H1K1abqc","Goku vs. Vegeta e Freeza: O Desafio do Mais Musculoso 💪🔥  #ia #dragoball #goku","4","Mais longos"
"@juliaramos9026","UCukiNIGe_-qiSFLpZZEr72g","http://www.youtube.com/@juliaramos9026","😂😂😂😂kkkk","3","2025-10-16T16:15:00Z","2025-10-16T16:15:00Z","True","True","0","0","[]","SP1H1K1abqc","Goku vs. Vegeta e Freeza: O Desafio do Mais Musculoso 💪🔥  #ia #dragoball #goku","4","Mais longos"
"@TERESACAMOSSO","UCJC9pew3vezGvYkvbfRidCA","http://www.youtube.com/@TERESACAMOSSO","💪💪💪💪💪👊","1","2025-04-19T15:39:58Z","2025-04-19T15:39:58Z","True","True","0","0","[]","SP1H1K1abqc","Goku vs. Vegeta e Freeza: O Desafio do Mais Musculoso 💪🔥  #ia #dragoball #goku","4","Mais longos"
"@NearSama","UCe5WflZJH3yLSzotiwHHpDg","http://www.youtube.com/@NearSama","Goku dando aula no meio da lutar ksksksk","1","2025-12-07T12:38:39Z","2025-12-07T12:38:39Z","True","True","0","0","[]","n8SSO0LV0rw","OS ENSINAMENTOS DE GOKU A CAULIFLA #dragonball #dragonballsuper","1","Mais novos"
"@noobzinhobr2880","UC2Jwx88mR1Umqvy9zGfxe8Q","http://www.youtube.com/@noobzinhobr2880","Começou a ficar interessante como diria o Seiya 😂😂","1","2025-12-06T18:26:32Z","2025-12-06T18:26:32Z","True","True","0","0","[]","n8SSO0LV0rw","OS ENSINAMENTOS DE GOKU A CAULIFLA #dragonball #dragonballsuper","1","Mais novos"
"@Readgis","UCCDsaZqw_CnUUw0EsGgensA","http://www.youtube.com/@Readgis","De vez em quando o autor lembrava que o Goku já havia atingido o nívrl mestre há décadas.","3","2025-12-05T10:20:28Z","2025-12-05T10:20:28Z","True","True","0","0","[]","n8SSO0LV0rw","OS ENSINAMENTOS DE GOKU A CAULIFLA #dragonball #dragonballsuper","1","Mais novos"
"@guilermeMT","UCJRVFCx_H_nzoDyHwDJe_1A","http://www.youtube.com/@guilermeMT","O cara é simplesmente um gênio","5","2025-11-12T01:50:03Z","2025-11-12T01:50:03Z","True","True","0","0","[]","n8SSO0LV0rw","OS ENSINAMENTOS DE GOKU A CAULIFLA #dragonball #dragonballsuper","1","Mais novos"
"@SOU-DAVIi-gamer","UCJHRWamVV0A4xEqN6LNjSXw","http://www.youtube.com/@SOU-DAVIi-gamer","calma goku entendi porquê ficou interessante...🤨","7","2025-10-17T15:44:13Z","2025-10-17T15:44:13Z","True","True","0","0","[]","n8SSO0LV0rw","OS ENSINAMENTOS DE GOKU A CAULIFLA #dragonball #dragonballsuper","1","Mais novos"
"@CileneAndrade-t5s","UC0aLvmyrmxcttOpjn7zBqTw","http://www.youtube.com/@CileneAndrade-t5s","Ele disse que ela trocou agilidade pela força 😂😮","3","2025-09-23T22:54:15Z","2025-09-23T22:54:15Z","True","True","0","0","[]","n8SSO0LV0rw","OS ENSINAMENTOS DE GOKU A CAULIFLA #dragonball #dragonballsuper","1","Mais novos"
"@danilosalomao5036","UCcr4H-_fGIgXpdumrrHTolQ","http://www.youtube.com/@danilosalomao5036","A mesma coisa da tatsumaki falando com o saitama kkk","4","2025-08-12T23:13:17Z","2025-08-12T23:13:17Z","True","True","0","0","[]","n8SSO0LV0rw","OS ENSINAMENTOS DE GOKU A CAULIFLA #dragonball #dragonballsuper","1","Mais novos"
"@WESLEYGELAIOFC","UCw8j2P2xhEIykxo-fWSGAKA","http://www.youtube.com/@WESLEYGELAIOFC","A Mia ""Kaulifa"" tremeu na base do Goku AKKAKAKAKAKAK 🥶🤣","57","2025-06-29T17:37:49Z","2025-06-29T17:37:55Z","True","True","0","0","[]","n8SSO0LV0rw","OS ENSINAMENTOS DE GOKU A CAULIFLA #dragonball #dragonballsuper","1","Mais novos"
"@NicolasAlexander-b8b","UCtej3XTR3d51bUd2VH6tFPA","http://www.youtube.com/@NicolasAlexander-b8b","A audácia da Caulifia de chamar o Goku de velhote","5","2025-06-27T20:03:22Z","2025-06-27T20:03:22Z","True","True","0","0","[]","n8SSO0LV0rw","OS ENSINAMENTOS DE GOKU A CAULIFLA #dragonball #dragonballsuper","1","Mais novos"
"@Mozyinho","UCayCqwuUIhWrwF-DItgLyuA","http://www.youtube.com/@Mozyinho","Caulifla ficou com bastante resPEITO nessa transformação...","46","2025-06-27T14:58:52Z","2025-06-27T14:58:52Z","True","True","0","0","[]","n8SSO0LV0rw","OS ENSINAMENTOS DE GOKU A CAULIFLA #dragonball #dragonballsuper","1","Mais novos"
"@ryanfelipe5856","UCYZ2SttcyzDkmwGBFoKWRNA","http://www.youtube.com/@ryanfelipe5856","na moral, ela falando ""tá tremendo na base"" o Goku ""eu já tenho transformações divinas"" kkkkkkkk","123","2025-06-27T14:42:22Z","2025-06-27T14:42:22Z","True","True","2","2","[{'autor': '@RafaelFelipeBAndrade', 'comentario': 'Não precisa nem apelar mostrar-se só o ssj3😂😂', 'likes': 4, 'publicado_em': '2025-08-16T11:27:08Z'}, {'autor': '@leaodourado666', 'comentario': '@ryanfelipe5856 aí ela fala \nFODA-SE as minhas normais batem de frente com as suas divinas\nAí o Goku só perde no argumento pq foi esse lixo que fizeram no anime', 'likes': 0, 'publicado_em': '2025-11-29T02:22:49Z'}]","n8SSO0LV0rw","OS ENSINAMENTOS DE GOKU A CAULIFLA #dragonball #dragonballsuper","1","Mais novos"
"@BrunoSilva-yp3hj","UCtbZAzeN-Vkr0h3J2i8W_4A","http://www.youtube.com/@BrunoSilva-yp3hj","Caulifla aumenta os peitos 
Goku : ae agora sim ficou mais interessante 😂","1639","2025-06-27T06:36:31Z","2025-06-27T06:36:31Z","True","True","43","5","[{'autor': '@leonmemes4425', 'comentario': 'Gohan de óculos vendo isso 😎', 'likes': 202, 'publicado_em': '2025-06-28T06:17:11Z'}, {'autor': '@Defensor_da_SEGA', 'comentario': 'Engraçado que na vida real o efeito é o oposto, eles diminuem 😂', 'likes': 90, 'publicado_em': '2025-06-29T22:35:42Z'}, {'autor': '@DanielPinheiro-f4e', 'comentario': '@BrunoSilva-yp3hj eu faria esse acordo você faria esse acordo 🗿', 'likes': 42, 'publicado_em': '2025-06-30T12:50:49Z'}, {'autor': '@LeonardoCatto-y9t', 'comentario': 'É porque eu acho que essa transformação aí gasta muita energia por isso mesmo Goku falou para ela não usar', 'likes': 9, 'publicado_em': '2025-07-06T13:53:35Z'}, {'autor': '@gohandeoculos5146', 'comentario': 'Realmente... Fica muito bom a transformação', 'likes': 29, 'publicado_em': '2025-07-07T15:53:20Z'}]","n8SSO0LV0rw","OS ENSINAMENTOS DE GOKU A CAULIFLA #dragonball #dragonballsuper","1","Mais novos"
"@arthurefelipeneryplay3648","UCUN-_fZLYsrwRxF0BpWJKsw","http://www.youtube.com/@arthurefelipeneryplay3648","Caulifla:""Vai ficar com medo da minha transformação""
Goku:""Menina eu já tenho transformações divinas."" Kkkkkk😂😂😂","829","2025-06-26T04:09:02Z","2025-06-26T04:09:02Z","True","True","11","5","[{'autor': '@vanderleijogos7664', 'comentario': 'Transformações Divina que infelizmente foi tirada para merda em quaze  todas as batalhas que lutou um monte de gente conseguiu superar o Goku e o Vegeta nessa transformação simplesmente desvalorizada', 'likes': 47, 'publicado_em': '2025-06-27T19:17:42Z'}, {'autor': '@arthurefelipeneryplay3648', 'comentario': '\u200b@vanderleijogos7664Pior que é vdd o Trunks do Futuro, Frezza no Golden e Android 17 tem o nível do super sayajin blue.', 'likes': 24, 'publicado_em': '2025-06-27T19:22:34Z'}, {'autor': '@Aeronave_D-combate', 'comentario': 'Ain menina aaaaaannn', 'likes': 11, 'publicado_em': '2025-06-27T21:07:44Z'}, {'autor': '@Arthur_Txtz', 'comentario': '\u200b@arthurefelipeneryplay3648 na verdade, não', 'likes': 3, 'publicado_em': '2025-07-01T16:22:06Z'}, {'autor': '@fabiozak23', 'comentario': '😂😂😂😂😂😂', 'likes': 1, 'publicado_em': '2025-07-01T22:30:39Z'}]","n8SSO0LV0rw","OS ENSINAMENTOS DE GOKU A CAULIFLA #dragonball #dragonballsuper","1","Mais novos"
"@Samuel-bz8gk","UCcQM3_-O9C3UnbqxaX7lyQw","http://www.youtube.com/@Samuel-bz8gk","""ai espera vou te mostrar uma transformação muito legal"" slk como se ele nunca tivesse visto isso antes","216","2025-06-25T20:53:26Z","2025-06-25T20:53:26Z","True","True","5","5","[{'autor': '@CanalDoGabu', 'comentario': 'N pior é a animação tosca dela 😂😂😂😂😂', 'likes': 19, 'publicado_em': '2025-06-25T21:07:42Z'}, {'autor': '@Samuel-bz8gk', 'comentario': '\u200b@CanalDoGabu vdd kkkkk', 'likes': 12, 'publicado_em': '2025-06-25T21:11:18Z'}, {'autor': '@henrycr777', 'comentario': 'Ué mas ela não sabia kkkkk', 'likes': 9, 'publicado_em': '2025-06-27T12:23:23Z'}, {'autor': '@humbertosoares8787', 'comentario': 'Melhor é quando ele ve o vegeta e zoa ele e o Trunks nessa forma. Hahaha \nVegeta eu nao acredito que vc parou nisso seu burro hahahaha', 'likes': 0, 'publicado_em': '2025-07-09T03:23:46Z'}, {'autor': '@eu_falo_mesmo', 'comentario': '*Só faltava ela falar que consegue virar macaco também (novidade)*', 'likes': 6, 'publicado_em': '2025-07-24T10:37:35Z'}]","n8SSO0LV0rw","OS ENSINAMENTOS DE GOKU A CAULIFLA #dragonball #dragonballsuper","1","Mais novos"
"@arletesilva-k9x","UCMfLzWJFDGAQY4x2lfppBHw","http://www.youtube.com/@arletesilva-k9x","eu fiquei meio ""meme"" quando ela ficou com o peitão😂😂😂😂😂","239","2025-06-25T19:58:48Z","2025-06-25T19:58:48Z","True","True","14","5","[{'autor': '@Novato_004', 'comentario': 'Safadinho', 'likes': 30, 'publicado_em': '2025-06-25T21:31:36Z'}, {'autor': '@CHINAIBAGAMERCHETS930', 'comentario': 'Ummmmm safadinho!😂', 'likes': 21, 'publicado_em': '2025-06-26T01:14:21Z'}, {'autor': '@UmSayadin', 'comentario': '😏😏 safadinho ein', 'likes': 0, 'publicado_em': '2025-06-26T01:30:06Z'}, {'autor': '@HeutorYT', 'comentario': 'Safadinho', 'likes': 15, 'publicado_em': '2025-06-26T10:16:39Z'}, {'autor': '@CauaGuilherme-p8y', 'comentario': 'Kkkkkkk,n vou mentir eu tb', 'likes': 14, 'publicado_em': '2025-06-26T18:52:33Z'}]","n8SSO0LV0rw","OS ENSINAMENTOS DE GOKU A CAULIFLA #dragonball #dragonballsuper","1","Mais novos"
"@Joãomarcos-p7x6u","UCTJ336aBqhVHEPFGxsdkSng","http://www.youtube.com/@Jo%C3%A3omarcos-p7x6u","Agora ficou mais interessante 😏","25","2025-06-25T19:53:54Z","2025-06-25T19:53:54Z","True","True","0","0","[]","n8SSO0LV0rw","OS ENSINAMENTOS DE GOKU A CAULIFLA #dragonball #dragonballsuper","1","Mais novos"
"@samboca3892","UCZd6DxzhqwqApMJPi-RzqlQ","http://www.youtube.com/@samboca3892","Aumenta o tamanho dos cortes ,por favor kkk","12","2025-06-25T18:50:11Z","2025-06-25T18:50:11Z","True","True","0","0","[]","n8SSO0LV0rw","OS ENSINAMENTOS DE GOKU A CAULIFLA #dragonball #dragonballsuper","1","Mais novos"
"@davidjonathan8618","UC58HQmXilu32Ngyg7cnyWLg","http://www.youtube.com/@davidjonathan8618","Quando o mangá de 'Dragon Ball Super' voltar e o Goku pegar o Uub pra treinar, eu torço para que as cenas de treinamento sejam nesse pique, com o Goku mostrando toda a experiência que ele adquiriu ao longo dos anos, afinal, o Goku pode ter escolaridade baixa e é um caipira em sua mais pura forma, mas é um gênio no combate.","887","2025-06-25T15:44:34Z","2025-06-25T18:59:10Z","True","True","16","5","[{'autor': '@TioKanon', 'comentario': 'Ainda mais se mostrar o time skip do End of Z, onde Goku pega o Uub e vai treinar na aldeia dele', 'likes': 32, 'publicado_em': '2025-06-25T18:54:02Z'}, {'autor': '@JonatanGauna1991', 'comentario': 'O gênio da luta', 'likes': 15, 'publicado_em': '2025-06-26T00:17:57Z'}, {'autor': '@GabrielFrancisco-ue5jt', 'comentario': 'Quero MT ver o uub de volta 😢.', 'likes': 5, 'publicado_em': '2025-06-27T00:01:27Z'}, {'autor': '@allanoliveirasantos', 'comentario': '@GabrielFrancisco-ue5jt mas ele está de volta. Tanto no anime foi mencionado por Goku e Dendê e não quero dar spoiler do mangá', 'likes': 7, 'publicado_em': '2025-06-27T13:24:42Z'}, {'autor': '@GabrielFrancisco-ue5jt', 'comentario': '\u200b@allanoliveirasantos sério 🥺? , ele voltou msm? , eu esperava a volta dele a mt tempo. Gosto mt do personagem , tomara q ele e goku estejam treinando ou algo do tipo. Assim como o final do z quando goku leva o  uub com ele.😢😢😢😢😢', 'likes': 1, 'publicado_em': '2025-06-28T09:17:42Z'}]","n8SSO0LV0rw","OS ENSINAMENTOS DE GOKU A CAULIFLA #dragonball #dragonballsuper","1","Mais novos"
"@michele3845","UC7CTHrvUAMimjFtIYUT8J5w","http://www.youtube.com/@michele3845",""" Ae agora ficou mais interesante...""","121","2025-06-25T15:10:46Z","2025-06-25T15:10:46Z","True","True","6","5","[{'autor': '@Drew-g4o', 'comentario': 'Kskskskskskskksldkskskskskskdkdksksk', 'likes': 0, 'publicado_em': '2025-06-25T15:29:48Z'}, {'autor': '@JobCreeper', 'comentario': '🤨', 'likes': 15, 'publicado_em': '2025-06-25T17:29:01Z'}, {'autor': '@JohnnyPeter24', 'comentario': 'Eita....', 'likes': 11, 'publicado_em': '2025-06-25T18:25:18Z'}, {'autor': '@Joãomarcos-p7x6u', 'comentario': '😂😂 ummmm', 'likes': 11, 'publicado_em': '2025-06-25T19:51:29Z'}, {'autor': '@animaruim496', 'comentario': '🌚💀....', 'likes': 9, 'publicado_em': '2025-06-25T21:46:30Z'}]","n8SSO0LV0rw","OS ENSINAMENTOS DE GOKU A CAULIFLA #dragonball #dragonballsuper","1","Mais novos"
"@KauãSilva-g5m","UCl6n_7T2yiaO5MDdtuHio5w","http://www.youtube.com/@Kau%C3%A3Silva-g5m","Goku pode não merecer uma caneca de melhor pai e melhor marido, mais compeensa como ótimo lutador e sensei","3264","2025-06-25T15:03:32Z","2025-06-25T15:03:32Z","True","True","94","5","[{'autor': '@rezeroeditdub5211', 'comentario': 'Eu queria ter um pai como goku', 'likes': 88, 'publicado_em': '2025-06-25T16:25:54Z'}, {'autor': '@GokuEstiloso3930', 'comentario': '\u200b@rezeroeditdub5211Eu também', 'likes': 0, 'publicado_em': '2025-06-25T17:11:55Z'}, {'autor': '@anonimosbr13', 'comentario': '@KauãSilva-g5m pra uma raça alienígena guerreira que abandona os próprios filhos pequenos em planetas desconhecidos para tomar e destruir as civilizações, sim... O Goku é um excelente pai.', 'likes': 139, 'publicado_em': '2025-06-25T18:02:53Z'}, {'autor': '@TioKanon', 'comentario': 'Goku é um pai bem melhor do que John Winchester kkkk', 'likes': 112, 'publicado_em': '2025-06-25T18:52:50Z'}, {'autor': '@EllieTrindade', 'comentario': 'Ele é o melhor pai e melhor marido \n\nO cara só treina pra ficar forte e salva a terra e ainda trampa e é presente na vd dos filhos onde ele n é o melhor pai do mundo só falam merda mn', 'likes': 55, 'publicado_em': '2025-06-25T20:11:03Z'}]","n8SSO0LV0rw","OS ENSINAMENTOS DE GOKU A CAULIFLA #dragonball #dragonballsuper","1","Mais novos"
"@KauãSilva-g5m","UCl6n_7T2yiaO5MDdtuHio5w","http://www.youtube.com/@Kau%C3%A3Silva-g5m","Goku pode não merecer uma caneca de melhor pai e melhor marido, mais compeensa como ótimo lutador e sensei","3264","2025-06-25T15:03:32Z","2025-06-25T15:03:32Z","True","True","94","5","[{'autor': '@rezeroeditdub5211', 'comentario': 'Eu queria ter um pai como goku', 'likes': 88, 'publicado_em': '2025-06-25T16:25:54Z'}, {'autor': '@GokuEstiloso3930', 'comentario': '\u200b@rezeroeditdub5211Eu também', 'likes': 0, 'publicado_em': '2025-06-25T17:11:55Z'}, {'autor': '@anonimosbr13', 'comentario': '@KauãSilva-g5m pra uma raça alienígena guerreira que abandona os próprios filhos pequenos em planetas desconhecidos para tomar e destruir as civilizações, sim... O Goku é um excelente pai.', 'likes': 139, 'publicado_em': '2025-06-25T18:02:53Z'}, {'autor': '@TioKanon', 'comentario': 'Goku é um pai bem melhor do que John Winchester kkkk', 'likes': 112, 'publicado_em': '2025-06-25T18:52:50Z'}, {'autor': '@EllieTrindade', 'comentario': 'Ele é o melhor pai e melhor marido \n\nO cara só treina pra ficar forte e salva a terra e ainda trampa e é presente na vd dos filhos onde ele n é o melhor pai do mundo só falam merda mn', 'likes': 55, 'publicado_em': '2025-06-25T20:11:03Z'}]","n8SSO0LV0rw","OS ENSINAMENTOS DE GOKU A CAULIFLA #dragonball #dragonballsuper","2","Mais antigos"
"@michele3845","UC7CTHrvUAMimjFtIYUT8J5w","http://www.youtube.com/@michele3845",""" Ae agora ficou mais interesante...""","121","2025-06-25T15:10:46Z","2025-06-25T15:10:46Z","True","True","6","5","[{'autor': '@Drew-g4o', 'comentario': 'Kskskskskskskksldkskskskskskdkdksksk', 'likes': 0, 'publicado_em': '2025-06-25T15:29:48Z'}, {'autor': '@JobCreeper', 'comentario': '🤨', 'likes': 15, 'publicado_em': '2025-06-25T17:29:01Z'}, {'autor': '@JohnnyPeter24', 'comentario': 'Eita....', 'likes': 11, 'publicado_em': '2025-06-25T18:25:18Z'}, {'autor': '@Joãomarcos-p7x6u', 'comentario': '😂😂 ummmm', 'likes': 11, 'publicado_em': '2025-06-25T19:51:29Z'}, {'autor': '@animaruim496', 'comentario': '🌚💀....', 'likes': 9, 'publicado_em': '2025-06-25T21:46:30Z'}]","n8SSO0LV0rw","OS ENSINAMENTOS DE GOKU A CAULIFLA #dragonball #dragonballsuper","2","Mais antigos"
"@davidjonathan8618","UC58HQmXilu32Ngyg7cnyWLg","http://www.youtube.com/@davidjonathan8618","Quando o mangá de 'Dragon Ball Super' voltar e o Goku pegar o Uub pra treinar, eu torço para que as cenas de treinamento sejam nesse pique, com o Goku mostrando toda a experiência que ele adquiriu ao longo dos anos, afinal, o Goku pode ter escolaridade baixa e é um caipira em sua mais pura forma, mas é um gênio no combate.","887","2025-06-25T15:44:34Z","2025-06-25T18:59:10Z","True","True","16","5","[{'autor': '@TioKanon', 'comentario': 'Ainda mais se mostrar o time skip do End of Z, onde Goku pega o Uub e vai treinar na aldeia dele', 'likes': 32, 'publicado_em': '2025-06-25T18:54:02Z'}, {'autor': '@JonatanGauna1991', 'comentario': 'O gênio da luta', 'likes': 15, 'publicado_em': '2025-06-26T00:17:57Z'}, {'autor': '@GabrielFrancisco-ue5jt', 'comentario': 'Quero MT ver o uub de volta 😢.', 'likes': 5, 'publicado_em': '2025-06-27T00:01:27Z'}, {'autor': '@allanoliveirasantos', 'comentario': '@GabrielFrancisco-ue5jt mas ele está de volta. Tanto no anime foi mencionado por Goku e Dendê e não quero dar spoiler do mangá', 'likes': 7, 'publicado_em': '2025-06-27T13:24:42Z'}, {'autor': '@GabrielFrancisco-ue5jt', 'comentario': '\u200b@allanoliveirasantos sério 🥺? , ele voltou msm? , eu esperava a volta dele a mt tempo. Gosto mt do personagem , tomara q ele e goku estejam treinando ou algo do tipo. Assim como o final do z quando goku leva o  uub com ele.😢😢😢😢😢', 'likes': 1, 'publicado_em': '2025-06-28T09:17:42Z'}]","n8SSO0LV0rw","OS ENSINAMENTOS DE GOKU A CAULIFLA #dragonball #dragonballsuper","2","Mais antigos"
"@samboca3892","UCZd6DxzhqwqApMJPi-RzqlQ","http://www.youtube.com/@samboca3892","Aumenta o tamanho dos cortes ,por favor kkk","12","2025-06-25T18:50:11Z","2025-06-25T18:50:11Z","True","True","0","0","[]","n8SSO0LV0rw","OS ENSINAMENTOS DE GOKU A CAULIFLA #dragonball #dragonballsuper","2","Mais antigos"
"@Joãomarcos-p7x6u","UCTJ336aBqhVHEPFGxsdkSng","http://www.youtube.com/@Jo%C3%A3omarcos-p7x6u","Agora ficou mais interessante 😏","25","2025-06-25T19:53:54Z","2025-06-25T19:53:54Z","True","True","0","0","[]","n8SSO0LV0rw","OS ENSINAMENTOS DE GOKU A CAULIFLA #dragonball #dragonballsuper","2","Mais antigos"
"@arletesilva-k9x","UCMfLzWJFDGAQY4x2lfppBHw","http://www.youtube.com/@arletesilva-k9x","eu fiquei meio ""meme"" quando ela ficou com o peitão😂😂😂😂😂","239","2025-06-25T19:58:48Z","2025-06-25T19:58:48Z","True","True","14","5","[{'autor': '@Novato_004', 'comentario': 'Safadinho', 'likes': 30, 'publicado_em': '2025-06-25T21:31:36Z'}, {'autor': '@CHINAIBAGAMERCHETS930', 'comentario': 'Ummmmm safadinho!😂', 'likes': 21, 'publicado_em': '2025-06-26T01:14:21Z'}, {'autor': '@UmSayadin', 'comentario': '😏😏 safadinho ein', 'likes': 0, 'publicado_em': '2025-06-26T01:30:06Z'}, {'autor': '@HeutorYT', 'comentario': 'Safadinho', 'likes': 15, 'publicado_em': '2025-06-26T10:16:39Z'}, {'autor': '@CauaGuilherme-p8y', 'comentario': 'Kkkkkkk,n vou mentir eu tb', 'likes': 14, 'publicado_em': '2025-06-26T18:52:33Z'}]","n8SSO0LV0rw","OS ENSINAMENTOS DE GOKU A CAULIFLA #dragonball #dragonballsuper","2","Mais antigos"
"@Samuel-bz8gk","UCcQM3_-O9C3UnbqxaX7lyQw","http://www.youtube.com/@Samuel-bz8gk","""ai espera vou te mostrar uma transformação muito legal"" slk como se ele nunca tivesse visto isso antes","216","2025-06-25T20:53:26Z","2025-06-25T20:53:26Z","True","True","5","5","[{'autor': '@CanalDoGabu', 'comentario': 'N pior é a animação tosca dela 😂😂😂😂😂', 'likes': 19, 'publicado_em': '2025-06-25T21:07:42Z'}, {'autor': '@Samuel-bz8gk', 'comentario': '\u200b@CanalDoGabu vdd kkkkk', 'likes': 12, 'publicado_em': '2025-06-25T21:11:18Z'}, {'autor': '@henrycr777', 'comentario': 'Ué mas ela não sabia kkkkk', 'likes': 9, 'publicado_em': '2025-06-27T12:23:23Z'}, {'autor': '@humbertosoares8787', 'comentario': 'Melhor é quando ele ve o vegeta e zoa ele e o Trunks nessa forma. Hahaha \nVegeta eu nao acredito que vc parou nisso seu burro hahahaha', 'likes': 0, 'publicado_em': '2025-07-09T03:23:46Z'}, {'autor': '@eu_falo_mesmo', 'comentario': '*Só faltava ela falar que consegue virar macaco também (novidade)*', 'likes': 6, 'publicado_em': '2025-07-24T10:37:35Z'}]","n8SSO0LV0rw","OS ENSINAMENTOS DE GOKU A CAULIFLA #dragonball #dragonballsuper","2","Mais antigos"
"@arthurefelipeneryplay3648","UCUN-_fZLYsrwRxF0BpWJKsw","http://www.youtube.com/@arthurefelipeneryplay3648","Caulifla:""Vai ficar com medo da minha transformação""
Goku:""Menina eu já tenho transformações divinas."" Kkkkkk😂😂😂","829","2025-06-26T04:09:02Z","2025-06-26T04:09:02Z","True","True","11","5","[{'autor': '@vanderleijogos7664', 'comentario': 'Transformações Divina que infelizmente foi tirada para merda em quaze  todas as batalhas que lutou um monte de gente conseguiu superar o Goku e o Vegeta nessa transformação simplesmente desvalorizada', 'likes': 47, 'publicado_em': '2025-06-27T19:17:42Z'}, {'autor': '@arthurefelipeneryplay3648', 'comentario': '\u200b@vanderleijogos7664Pior que é vdd o Trunks do Futuro, Frezza no Golden e Android 17 tem o nível do super sayajin blue.', 'likes': 24, 'publicado_em': '2025-06-27T19:22:34Z'}, {'autor': '@Aeronave_D-combate', 'comentario': 'Ain menina aaaaaannn', 'likes': 11, 'publicado_em': '2025-06-27T21:07:44Z'}, {'autor': '@Arthur_Txtz', 'comentario': '\u200b@arthurefelipeneryplay3648 na verdade, não', 'likes': 3, 'publicado_em': '2025-07-01T16:22:06Z'}, {'autor': '@fabiozak23', 'comentario': '😂😂😂😂😂😂', 'likes': 1, 'publicado_em': '2025-07-01T22:30:39Z'}]","n8SSO0LV0rw","OS ENSINAMENTOS DE GOKU A CAULIFLA #dragonball #dragonballsuper","2","Mais antigos"
"@BrunoSilva-yp3hj","UCtbZAzeN-Vkr0h3J2i8W_4A","http://www.youtube.com/@BrunoSilva-yp3hj","Caulifla aumenta os peitos 
Goku : ae agora sim ficou mais interessante 😂","1639","2025-06-27T06:36:31Z","2025-06-27T06:36:31Z","True","True","43","5","[{'autor': '@leonmemes4425', 'comentario': 'Gohan de óculos vendo isso 😎', 'likes': 202, 'publicado_em': '2025-06-28T06:17:11Z'}, {'autor': '@Defensor_da_SEGA', 'comentario': 'Engraçado que na vida real o efeito é o oposto, eles diminuem 😂', 'likes': 90, 'publicado_em': '2025-06-29T22:35:42Z'}, {'autor': '@DanielPinheiro-f4e', 'comentario': '@BrunoSilva-yp3hj eu faria esse acordo você faria esse acordo 🗿', 'likes': 42, 'publicado_em': '2025-06-30T12:50:49Z'}, {'autor': '@LeonardoCatto-y9t', 'comentario': 'É porque eu acho que essa transformação aí gasta muita energia por isso mesmo Goku falou para ela não usar', 'likes': 9, 'publicado_em': '2025-07-06T13:53:35Z'}, {'autor': '@gohandeoculos5146', 'comentario': 'Realmente... Fica muito bom a transformação', 'likes': 29, 'publicado_em': '2025-07-07T15:53:20Z'}]","n8SSO0LV0rw","OS ENSINAMENTOS DE GOKU A CAULIFLA #dragonball #dragonballsuper","2","Mais antigos"
"@ryanfelipe5856","UCYZ2SttcyzDkmwGBFoKWRNA","http://www.youtube.com/@ryanfelipe5856","na moral, ela falando ""tá tremendo na base"" o Goku ""eu já tenho transformações divinas"" kkkkkkkk","123","2025-06-27T14:42:22Z","2025-06-27T14:42:22Z","True","True","2","2","[{'autor': '@RafaelFelipeBAndrade', 'comentario': 'Não precisa nem apelar mostrar-se só o ssj3😂😂', 'likes': 4, 'publicado_em': '2025-08-16T11:27:08Z'}, {'autor': '@leaodourado666', 'comentario': '@ryanfelipe5856 aí ela fala \nFODA-SE as minhas normais batem de frente com as suas divinas\nAí o Goku só perde no argumento pq foi esse lixo que fizeram no anime', 'likes': 0, 'publicado_em': '2025-11-29T02:22:49Z'}]","n8SSO0LV0rw","OS ENSINAMENTOS DE GOKU A CAULIFLA #dragonball #dragonballsuper","2","Mais antigos"
"@Mozyinho","UCayCqwuUIhWrwF-DItgLyuA","http://www.youtube.com/@Mozyinho","Caulifla ficou com bastante resPEITO nessa transformação...","46","2025-06-27T14:58:52Z","2025-06-27T14:58:52Z","True","True","0","0","[]","n8SSO0LV0rw","OS ENSINAMENTOS DE GOKU A CAULIFLA #dragonball #dragonballsuper","2","Mais antigos"
"@NicolasAlexander-b8b","UCtej3XTR3d51bUd2VH6tFPA","http://www.youtube.com/@NicolasAlexander-b8b","A audácia da Caulifia de chamar o Goku de velhote","5","2025-06-27T20:03:22Z","2025-06-27T20:03:22Z","True","True","0","0","[]","n8SSO0LV0rw","OS ENSINAMENTOS DE GOKU A CAULIFLA #dragonball #dragonballsuper","2","Mais antigos"
"@WESLEYGELAIOFC","UCw8j2P2xhEIykxo-fWSGAKA","http://www.youtube.com/@WESLEYGELAIOFC","A Mia ""Kaulifa"" tremeu na base do Goku AKKAKAKAKAKAK 🥶🤣","57","2025-06-29T17:37:49Z","2025-06-29T17:37:55Z","True","True","0","0","[]","n8SSO0LV0rw","OS ENSINAMENTOS DE GOKU A CAULIFLA #dragonball #dragonballsuper","2","Mais antigos"
"@danilosalomao5036","UCcr4H-_fGIgXpdumrrHTolQ","http://www.youtube.com/@danilosalomao5036","A mesma coisa da tatsumaki falando com o saitama kkk","4","2025-08-12T23:13:17Z","2025-08-12T23:13:17Z","True","True","0","0","[]","n8SSO0LV0rw","OS ENSINAMENTOS DE GOKU A CAULIFLA #dragonball #dragonballsuper","2","Mais antigos"
"@CileneAndrade-t5s","UC0aLvmyrmxcttOpjn7zBqTw","http://www.youtube.com/@CileneAndrade-t5s","Ele disse que ela trocou agilidade pela força 😂😮","3","2025-09-23T22:54:15Z","2025-09-23T22:54:15Z","True","True","0","0","[]","n8SSO0LV0rw","OS ENSINAMENTOS DE GOKU A CAULIFLA #dragonball #dragonballsuper","2","Mais antigos"
"@SOU-DAVIi-gamer","UCJHRWamVV0A4xEqN6LNjSXw","http://www.youtube.com/@SOU-DAVIi-gamer","calma goku entendi porquê ficou interessante...🤨","7","2025-10-17T15:44:13Z","2025-10-17T15:44:13Z","True","True","0","0","[]","n8SSO0LV0rw","OS ENSINAMENTOS DE GOKU A CAULIFLA #dragonball #dragonballsuper","2","Mais antigos"
"@guilermeMT","UCJRVFCx_H_nzoDyHwDJe_1A","http://www.youtube.com/@guilermeMT","O cara é simplesmente um gênio","5","2025-11-12T01:50:03Z","2025-11-12T01:50:03Z","True","True","0","0","[]","n8SSO0LV0rw","OS ENSINAMENTOS DE GOKU A CAULIFLA #dragonball #dragonballsuper","2","Mais antigos"
"@Readgis","UCCDsaZqw_CnUUw0EsGgensA","http://www.youtube.com/@Readgis","De vez em quando o autor lembrava que o Goku já havia atingido o nívrl mestre há décadas.","3","2025-12-05T10:20:28Z","2025-12-05T10:20:28Z","True","True","0","0","[]","n8SSO0LV0rw","OS ENSINAMENTOS DE GOKU A CAULIFLA #dragonball #dragonballsuper","2","Mais antigos"
"@noobzinhobr2880","UC2Jwx88mR1Umqvy9zGfxe8Q","http://www.youtube.com/@noobzinhobr2880","Começou a ficar interessante como diria o Seiya 😂😂","1","2025-12-06T18:26:32Z","2025-12-06T18:26:32Z","True","True","0","0","[]","n8SSO0LV0rw","OS ENSINAMENTOS DE GOKU A CAULIFLA #dragonball #dragonballsuper","2","Mais antigos"
"@NearSama","UCe5WflZJH3yLSzotiwHHpDg","http://www.youtube.com/@NearSama","Goku dando aula no meio da lutar ksksksk","1","2025-12-07T12:38:39Z","2025-12-07T12:38:39Z","True","True","0","0","[]","n8SSO0LV0rw","OS ENSINAMENTOS DE GOKU A CAULIFLA #dragonball #dragonballsuper","2","Mais antigos"
"@KauãSilva-g5m","UCl6n_7T2yiaO5MDdtuHio5w","http://www.youtube.com/@Kau%C3%A3Silva-g5m","Goku pode não merecer uma caneca de melhor pai e melhor marido, mais compeensa como ótimo lutador e sensei","3264","2025-06-25T15:03:32Z","2025-06-25T15:03:32Z","True","True","94","5","[{'autor': '@rezeroeditdub5211', 'comentario': 'Eu queria ter um pai como goku', 'likes': 88, 'publicado_em': '2025-06-25T16:25:54Z'}, {'autor': '@GokuEstiloso3930', 'comentario': '\u200b@rezeroeditdub5211Eu também', 'likes': 0, 'publicado_em': '2025-06-25T17:11:55Z'}, {'autor': '@anonimosbr13', 'comentario': '@KauãSilva-g5m pra uma raça alienígena guerreira que abandona os próprios filhos pequenos em planetas desconhecidos para tomar e destruir as civilizações, sim... O Goku é um excelente pai.', 'likes': 139, 'publicado_em': '2025-06-25T18:02:53Z'}, {'autor': '@TioKanon', 'comentario': 'Goku é um pai bem melhor do que John Winchester kkkk', 'likes': 112, 'publicado_em': '2025-06-25T18:52:50Z'}, {'autor': '@EllieTrindade', 'comentario': 'Ele é o melhor pai e melhor marido \n\nO cara só treina pra ficar forte e salva a terra e ainda trampa e é presente na vd dos filhos onde ele n é o melhor pai do mundo só falam merda mn', 'likes': 55, 'publicado_em': '2025-06-25T20:11:03Z'}]","n8SSO0LV0rw","OS ENSINAMENTOS DE GOKU A CAULIFLA #dragonball #dragonballsuper","3","Mais curtidos"
"@BrunoSilva-yp3hj","UCtbZAzeN-Vkr0h3J2i8W_4A","http://www.youtube.com/@BrunoSilva-yp3hj","Caulifla aumenta os peitos 
Goku : ae agora sim ficou mais interessante 😂","1639","2025-06-27T06:36:31Z","2025-06-27T06:36:31Z","True","True","43","5","[{'autor': '@leonmemes4425', 'comentario': 'Gohan de óculos vendo isso 😎', 'likes': 202, 'publicado_em': '2025-06-28T06:17:11Z'}, {'autor': '@Defensor_da_SEGA', 'comentario': 'Engraçado que na vida real o efeito é o oposto, eles diminuem 😂', 'likes': 90, 'publicado_em': '2025-06-29T22:35:42Z'}, {'autor': '@DanielPinheiro-f4e', 'comentario': '@BrunoSilva-yp3hj eu faria esse acordo você faria esse acordo 🗿', 'likes': 42, 'publicado_em': '2025-06-30T12:50:49Z'}, {'autor': '@LeonardoCatto-y9t', 'comentario': 'É porque eu acho que essa transformação aí gasta muita energia por isso mesmo Goku falou para ela não usar', 'likes': 9, 'publicado_em': '2025-07-06T13:53:35Z'}, {'autor': '@gohandeoculos5146', 'comentario': 'Realmente... Fica muito bom a transformação', 'likes': 29, 'publicado_em': '2025-07-07T15:53:20Z'}]","n8SSO0LV0rw","OS ENSINAMENTOS DE GOKU A CAULIFLA #dragonball #dragonballsuper","3","Mais curtidos"
"@davidjonathan8618","UC58HQmXilu32Ngyg7cnyWLg","http://www.youtube.com/@davidjonathan8618","Quando o mangá de 'Dragon Ball Super' voltar e o Goku pegar o Uub pra treinar, eu torço para que as cenas de treinamento sejam nesse pique, com o Goku mostrando toda a experiência que ele adquiriu ao longo dos anos, afinal, o Goku pode ter escolaridade baixa e é um caipira em sua mais pura forma, mas é um gênio no combate.","887","2025-06-25T15:44:34Z","2025-06-25T18:59:10Z","True","True","16","5","[{'autor': '@TioKanon', 'comentario': 'Ainda mais se mostrar o time skip do End of Z, onde Goku pega o Uub e vai treinar na aldeia dele', 'likes': 32, 'publicado_em': '2025-06-25T18:54:02Z'}, {'autor': '@JonatanGauna1991', 'comentario': 'O gênio da luta', 'likes': 15, 'publicado_em': '2025-06-26T00:17:57Z'}, {'autor': '@GabrielFrancisco-ue5jt', 'comentario': 'Quero MT ver o uub de volta 😢.', 'likes': 5, 'publicado_em': '2025-06-27T00:01:27Z'}, {'autor': '@allanoliveirasantos', 'comentario': '@GabrielFrancisco-ue5jt mas ele está de volta. Tanto no anime foi mencionado por Goku e Dendê e não quero dar spoiler do mangá', 'likes': 7, 'publicado_em': '2025-06-27T13:24:42Z'}, {'autor': '@GabrielFrancisco-ue5jt', 'comentario': '\u200b@allanoliveirasantos sério 🥺? , ele voltou msm? , eu esperava a volta dele a mt tempo. Gosto mt do personagem , tomara q ele e goku estejam treinando ou algo do tipo. Assim como o final do z quando goku leva o  uub com ele.😢😢😢😢😢', 'likes': 1, 'publicado_em': '2025-06-28T09:17:42Z'}]","n8SSO0LV0rw","OS ENSINAMENTOS DE GOKU A CAULIFLA #dragonball #dragonballsuper","3","Mais curtidos"
"@arthurefelipeneryplay3648","UCUN-_fZLYsrwRxF0BpWJKsw","http://www.youtube.com/@arthurefelipeneryplay3648","Caulifla:""Vai ficar com medo da minha transformação""
Goku:""Menina eu já tenho transformações divinas."" Kkkkkk😂😂😂","829","2025-06-26T04:09:02Z","2025-06-26T04:09:02Z","True","True","11","5","[{'autor': '@vanderleijogos7664', 'comentario': 'Transformações Divina que infelizmente foi tirada para merda em quaze  todas as batalhas que lutou um monte de gente conseguiu superar o Goku e o Vegeta nessa transformação simplesmente desvalorizada', 'likes': 47, 'publicado_em': '2025-06-27T19:17:42Z'}, {'autor': '@arthurefelipeneryplay3648', 'comentario': '\u200b@vanderleijogos7664Pior que é vdd o Trunks do Futuro, Frezza no Golden e Android 17 tem o nível do super sayajin blue.', 'likes': 24, 'publicado_em': '2025-06-27T19:22:34Z'}, {'autor': '@Aeronave_D-combate', 'comentario': 'Ain menina aaaaaannn', 'likes': 11, 'publicado_em': '2025-06-27T21:07:44Z'}, {'autor': '@Arthur_Txtz', 'comentario': '\u200b@arthurefelipeneryplay3648 na verdade, não', 'likes': 3, 'publicado_em': '2025-07-01T16:22:06Z'}, {'autor': '@fabiozak23', 'comentario': '😂😂😂😂😂😂', 'likes': 1, 'publicado_em': '2025-07-01T22:30:39Z'}]","n8SSO0LV0rw","OS ENSINAMENTOS DE GOKU A CAULIFLA #dragonball #dragonballsuper","3","Mais curtidos"
"@arletesilva-k9x","UCMfLzWJFDGAQY4x2lfppBHw","http://www.youtube.com/@arletesilva-k9x","eu fiquei meio ""meme"" quando ela ficou com o peitão😂😂😂😂😂","239","2025-06-25T19:58:48Z","2025-06-25T19:58:48Z","True","True","14","5","[{'autor': '@Novato_004', 'comentario': 'Safadinho', 'likes': 30, 'publicado_em': '2025-06-25T21:31:36Z'}, {'autor': '@CHINAIBAGAMERCHETS930', 'comentario': 'Ummmmm safadinho!😂', 'likes': 21, 'publicado_em': '2025-06-26T01:14:21Z'}, {'autor': '@UmSayadin', 'comentario': '😏😏 safadinho ein', 'likes': 0, 'publicado_em': '2025-06-26T01:30:06Z'}, {'autor': '@HeutorYT', 'comentario': 'Safadinho', 'likes': 15, 'publicado_em': '2025-06-26T10:16:39Z'}, {'autor': '@CauaGuilherme-p8y', 'comentario': 'Kkkkkkk,n vou mentir eu tb', 'likes': 14, 'publicado_em': '2025-06-26T18:52:33Z'}]","n8SSO0LV0rw","OS ENSINAMENTOS DE GOKU A CAULIFLA #dragonball #dragonballsuper","3","Mais curtidos"
"@Samuel-bz8gk","UCcQM3_-O9C3UnbqxaX7lyQw","http://www.youtube.com/@Samuel-bz8gk","""ai espera vou te mostrar uma transformação muito legal"" slk como se ele nunca tivesse visto isso antes","216","2025-06-25T20:53:26Z","2025-06-25T20:53:26Z","True","True","5","5","[{'autor': '@CanalDoGabu', 'comentario': 'N pior é a animação tosca dela 😂😂😂😂😂', 'likes': 19, 'publicado_em': '2025-06-25T21:07:42Z'}, {'autor': '@Samuel-bz8gk', 'comentario': '\u200b@CanalDoGabu vdd kkkkk', 'likes': 12, 'publicado_em': '2025-06-25T21:11:18Z'}, {'autor': '@henrycr777', 'comentario': 'Ué mas ela não sabia kkkkk', 'likes': 9, 'publicado_em': '2025-06-27T12:23:23Z'}, {'autor': '@humbertosoares8787', 'comentario': 'Melhor é quando ele ve o vegeta e zoa ele e o Trunks nessa forma. Hahaha \nVegeta eu nao acredito que vc parou nisso seu burro hahahaha', 'likes': 0, 'publicado_em': '2025-07-09T03:23:46Z'}, {'autor': '@eu_falo_mesmo', 'comentario': '*Só faltava ela falar que consegue virar macaco também (novidade)*', 'likes': 6, 'publicado_em': '2025-07-24T10:37:35Z'}]","n8SSO0LV0rw","OS ENSINAMENTOS DE GOKU A CAULIFLA #dragonball #dragonballsuper","3","Mais curtidos"
"@ryanfelipe5856","UCYZ2SttcyzDkmwGBFoKWRNA","http://www.youtube.com/@ryanfelipe5856","na moral, ela falando ""tá tremendo na base"" o Goku ""eu já tenho transformações divinas"" kkkkkkkk","123","2025-06-27T14:42:22Z","2025-06-27T14:42:22Z","True","True","2","2","[{'autor': '@RafaelFelipeBAndrade', 'comentario': 'Não precisa nem apelar mostrar-se só o ssj3😂😂', 'likes': 4, 'publicado_em': '2025-08-16T11:27:08Z'}, {'autor': '@leaodourado666', 'comentario': '@ryanfelipe5856 aí ela fala \nFODA-SE as minhas normais batem de frente com as suas divinas\nAí o Goku só perde no argumento pq foi esse lixo que fizeram no anime', 'likes': 0, 'publicado_em': '2025-11-29T02:22:49Z'}]","n8SSO0LV0rw","OS ENSINAMENTOS DE GOKU A CAULIFLA #dragonball #dragonballsuper","3","Mais curtidos"
"@michele3845","UC7CTHrvUAMimjFtIYUT8J5w","http://www.youtube.com/@michele3845",""" Ae agora ficou mais interesante...""","121","2025-06-25T15:10:46Z","2025-06-25T15:10:46Z","True","True","6","5","[{'autor': '@Drew-g4o', 'comentario': 'Kskskskskskskksldkskskskskskdkdksksk', 'likes': 0, 'publicado_em': '2025-06-25T15:29:48Z'}, {'autor': '@JobCreeper', 'comentario': '🤨', 'likes': 15, 'publicado_em': '2025-06-25T17:29:01Z'}, {'autor': '@JohnnyPeter24', 'comentario': 'Eita....', 'likes': 11, 'publicado_em': '2025-06-25T18:25:18Z'}, {'autor': '@Joãomarcos-p7x6u', 'comentario': '😂😂 ummmm', 'likes': 11, 'publicado_em': '2025-06-25T19:51:29Z'}, {'autor': '@animaruim496', 'comentario': '🌚💀....', 'likes': 9, 'publicado_em': '2025-06-25T21:46:30Z'}]","n8SSO0LV0rw","OS ENSINAMENTOS DE GOKU A CAULIFLA #dragonball #dragonballsuper","3","Mais curtidos"
"@WESLEYGELAIOFC","UCw8j2P2xhEIykxo-fWSGAKA","http://www.youtube.com/@WESLEYGELAIOFC","A Mia ""Kaulifa"" tremeu na base do Goku AKKAKAKAKAKAK 🥶🤣","57","2025-06-29T17:37:49Z","2025-06-29T17:37:55Z","True","True","0","0","[]","n8SSO0LV0rw","OS ENSINAMENTOS DE GOKU A CAULIFLA #dragonball #dragonballsuper","3","Mais curtidos"
"@Mozyinho","UCayCqwuUIhWrwF-DItgLyuA","http://www.youtube.com/@Mozyinho","Caulifla ficou com bastante resPEITO nessa transformação...","46","2025-06-27T14:58:52Z","2025-06-27T14:58:52Z","True","True","0","0","[]","n8SSO0LV0rw","OS ENSINAMENTOS DE GOKU A CAULIFLA #dragonball #dragonballsuper","3","Mais curtidos"
"@Joãomarcos-p7x6u","UCTJ336aBqhVHEPFGxsdkSng","http://www.youtube.com/@Jo%C3%A3omarcos-p7x6u","Agora ficou mais interessante 😏","25","2025-06-25T19:53:54Z","2025-06-25T19:53:54Z","True","True","0","0","[]","n8SSO0LV0rw","OS ENSINAMENTOS DE GOKU A CAULIFLA #dragonball #dragonballsuper","3","Mais curtidos"
"@samboca3892","UCZd6DxzhqwqApMJPi-RzqlQ","http://www.youtube.com/@samboca3892","Aumenta o tamanho dos cortes ,por favor kkk","12","2025-06-25T18:50:11Z","2025-06-25T18:50:11Z","True","True","0","0","[]","n8SSO0LV0rw","OS ENSINAMENTOS DE GOKU A CAULIFLA #dragonball #dragonballsuper","3","Mais curtidos"
"@SOU-DAVIi-gamer","UCJHRWamVV0A4xEqN6LNjSXw","http://www.youtube.com/@SOU-DAVIi-gamer","calma goku entendi porquê ficou interessante...🤨","7","2025-10-17T15:44:13Z","2025-10-17T15:44:13Z","True","True","0","0","[]","n8SSO0LV0rw","OS ENSINAMENTOS DE GOKU A CAULIFLA #dragonball #dragonballsuper","3","Mais curtidos"
"@guilermeMT","UCJRVFCx_H_nzoDyHwDJe_1A","http://www.youtube.com/@guilermeMT","O cara é simplesmente um gênio","5","2025-11-12T01:50:03Z","2025-11-12T01:50:03Z","True","True","0","0","[]","n8SSO0LV0rw","OS ENSINAMENTOS DE GOKU A CAULIFLA #dragonball #dragonballsuper","3","Mais curtidos"
"@NicolasAlexander-b8b","UCtej3XTR3d51bUd2VH6tFPA","http://www.youtube.com/@NicolasAlexander-b8b","A audácia da Caulifia de chamar o Goku de velhote","5","2025-06-27T20:03:22Z","2025-06-27T20:03:22Z","True","True","0","0","[]","n8SSO0LV0rw","OS ENSINAMENTOS DE GOKU A CAULIFLA #dragonball #dragonballsuper","3","Mais curtidos"
"@danilosalomao5036","UCcr4H-_fGIgXpdumrrHTolQ","http://www.youtube.com/@danilosalomao5036","A mesma coisa da tatsumaki falando com o saitama kkk","4","2025-08-12T23:13:17Z","2025-08-12T23:13:17Z","True","True","0","0","[]","n8SSO0LV0rw","OS ENSINAMENTOS DE GOKU A CAULIFLA #dragonball #dragonballsuper","3","Mais curtidos"
"@Readgis","UCCDsaZqw_CnUUw0EsGgensA","http://www.youtube.com/@Readgis","De vez em quando o autor lembrava que o Goku já havia atingido o nívrl mestre há décadas.","3","2025-12-05T10:20:28Z","2025-12-05T10:20:28Z","True","True","0","0","[]","n8SSO0LV0rw","OS ENSINAMENTOS DE GOKU A CAULIFLA #dragonball #dragonballsuper","3","Mais curtidos"
"@CileneAndrade-t5s","UC0aLvmyrmxcttOpjn7zBqTw","http://www.youtube.com/@CileneAndrade-t5s","Ele disse que ela trocou agilidade pela força 😂😮","3","2025-09-23T22:54:15Z","2025-09-23T22:54:15Z","True","True","0","0","[]","n8SSO0LV0rw","OS ENSINAMENTOS DE GOKU A CAULIFLA #dragonball #dragonballsuper","3","Mais curtidos"
"@noobzinhobr2880","UC2Jwx88mR1Umqvy9zGfxe8Q","http://www.youtube.com/@noobzinhobr2880","Começou a ficar interessante como diria o Seiya 😂😂","1","2025-12-06T18:26:32Z","2025-12-06T18:26:32Z","True","True","0","0","[]","n8SSO0LV0rw","OS ENSINAMENTOS DE GOKU A CAULIFLA #dragonball #dragonballsuper","3","Mais curtidos"
"@NearSama","UCe5WflZJH3yLSzotiwHHpDg","http://www.youtube.com/@NearSama","Goku dando aula no meio da lutar ksksksk","1","2025-12-07T12:38:39Z","2025-12-07T12:38:39Z","True","True","0","0","[]","n8SSO0LV0rw","OS ENSINAMENTOS DE GOKU A CAULIFLA #dragonball #dragonballsuper","3","Mais curtidos"
"@davidjonathan8618","UC58HQmXilu32Ngyg7cnyWLg","http://www.youtube.com/@davidjonathan8618","Quando o mangá de 'Dragon Ball Super' voltar e o Goku pegar o Uub pra treinar, eu torço para que as cenas de treinamento sejam nesse pique, com o Goku mostrando toda a experiência que ele adquiriu ao longo dos anos, afinal, o Goku pode ter escolaridade baixa e é um caipira em sua mais pura forma, mas é um gênio no combate.","887","2025-06-25T15:44:34Z","2025-06-25T18:59:10Z","True","True","16","5","[{'autor': '@TioKanon', 'comentario': 'Ainda mais se mostrar o time skip do End of Z, onde Goku pega o Uub e vai treinar na aldeia dele', 'likes': 32, 'publicado_em': '2025-06-25T18:54:02Z'}, {'autor': '@JonatanGauna1991', 'comentario': 'O gênio da luta', 'likes': 15, 'publicado_em': '2025-06-26T00:17:57Z'}, {'autor': '@GabrielFrancisco-ue5jt', 'comentario': 'Quero MT ver o uub de volta 😢.', 'likes': 5, 'publicado_em': '2025-06-27T00:01:27Z'}, {'autor': '@allanoliveirasantos', 'comentario': '@GabrielFrancisco-ue5jt mas ele está de volta. Tanto no anime foi mencionado por Goku e Dendê e não quero dar spoiler do mangá', 'likes': 7, 'publicado_em': '2025-06-27T13:24:42Z'}, {'autor': '@GabrielFrancisco-ue5jt', 'comentario': '\u200b@allanoliveirasantos sério 🥺? , ele voltou msm? , eu esperava a volta dele a mt tempo. Gosto mt do personagem , tomara q ele e goku estejam treinando ou algo do tipo. Assim como o final do z quando goku leva o  uub com ele.😢😢😢😢😢', 'likes': 1, 'publicado_em': '2025-06-28T09:17:42Z'}]","n8SSO0LV0rw","OS ENSINAMENTOS DE GOKU A CAULIFLA #dragonball #dragonballsuper","4","Mais longos"
"@arthurefelipeneryplay3648","UCUN-_fZLYsrwRxF0BpWJKsw","http://www.youtube.com/@arthurefelipeneryplay3648","Caulifla:""Vai ficar com medo da minha transformação""
Goku:""Menina eu já tenho transformações divinas."" Kkkkkk😂😂😂","829","2025-06-26T04:09:02Z","2025-06-26T04:09:02Z","True","True","11","5","[{'autor': '@vanderleijogos7664', 'comentario': 'Transformações Divina que infelizmente foi tirada para merda em quaze  todas as batalhas que lutou um monte de gente conseguiu superar o Goku e o Vegeta nessa transformação simplesmente desvalorizada', 'likes': 47, 'publicado_em': '2025-06-27T19:17:42Z'}, {'autor': '@arthurefelipeneryplay3648', 'comentario': '\u200b@vanderleijogos7664Pior que é vdd o Trunks do Futuro, Frezza no Golden e Android 17 tem o nível do super sayajin blue.', 'likes': 24, 'publicado_em': '2025-06-27T19:22:34Z'}, {'autor': '@Aeronave_D-combate', 'comentario': 'Ain menina aaaaaannn', 'likes': 11, 'publicado_em': '2025-06-27T21:07:44Z'}, {'autor': '@Arthur_Txtz', 'comentario': '\u200b@arthurefelipeneryplay3648 na verdade, não', 'likes': 3, 'publicado_em': '2025-07-01T16:22:06Z'}, {'autor': '@fabiozak23', 'comentario': '😂😂😂😂😂😂', 'likes': 1, 'publicado_em': '2025-07-01T22:30:39Z'}]","n8SSO0LV0rw","OS ENSINAMENTOS DE GOKU A CAULIFLA #dragonball #dragonballsuper","4","Mais longos"
"@KauãSilva-g5m","UCl6n_7T2yiaO5MDdtuHio5w","http://www.youtube.com/@Kau%C3%A3Silva-g5m","Goku pode não merecer uma caneca de melhor pai e melhor marido, mais compeensa como ótimo lutador e sensei","3264","2025-06-25T15:03:32Z","2025-06-25T15:03:32Z","True","True","94","5","[{'autor': '@rezeroeditdub5211', 'comentario': 'Eu queria ter um pai como goku', 'likes': 88, 'publicado_em': '2025-06-25T16:25:54Z'}, {'autor': '@GokuEstiloso3930', 'comentario': '\u200b@rezeroeditdub5211Eu também', 'likes': 0, 'publicado_em': '2025-06-25T17:11:55Z'}, {'autor': '@anonimosbr13', 'comentario': '@KauãSilva-g5m pra uma raça alienígena guerreira que abandona os próprios filhos pequenos em planetas desconhecidos para tomar e destruir as civilizações, sim... O Goku é um excelente pai.', 'likes': 139, 'publicado_em': '2025-06-25T18:02:53Z'}, {'autor': '@TioKanon', 'comentario': 'Goku é um pai bem melhor do que John Winchester kkkk', 'likes': 112, 'publicado_em': '2025-06-25T18:52:50Z'}, {'autor': '@EllieTrindade', 'comentario': 'Ele é o melhor pai e melhor marido \n\nO cara só treina pra ficar forte e salva a terra e ainda trampa e é presente na vd dos filhos onde ele n é o melhor pai do mundo só falam merda mn', 'likes': 55, 'publicado_em': '2025-06-25T20:11:03Z'}]","n8SSO0LV0rw","OS ENSINAMENTOS DE GOKU A CAULIFLA #dragonball #dragonballsuper","4","Mais longos"
"@Samuel-bz8gk","UCcQM3_-O9C3UnbqxaX7lyQw","http://www.youtube.com/@Samuel-bz8gk","""ai espera vou te mostrar uma transformação muito legal"" slk como se ele nunca tivesse visto isso antes","216","2025-06-25T20:53:26Z","2025-06-25T20:53:26Z","True","True","5","5","[{'autor': '@CanalDoGabu', 'comentario': 'N pior é a animação tosca dela 😂😂😂😂😂', 'likes': 19, 'publicado_em': '2025-06-25T21:07:42Z'}, {'autor': '@Samuel-bz8gk', 'comentario': '\u200b@CanalDoGabu vdd kkkkk', 'likes': 12, 'publicado_em': '2025-06-25T21:11:18Z'}, {'autor': '@henrycr777', 'comentario': 'Ué mas ela não sabia kkkkk', 'likes': 9, 'publicado_em': '2025-06-27T12:23:23Z'}, {'autor': '@humbertosoares8787', 'comentario': 'Melhor é quando ele ve o vegeta e zoa ele e o Trunks nessa forma. Hahaha \nVegeta eu nao acredito que vc parou nisso seu burro hahahaha', 'likes': 0, 'publicado_em': '2025-07-09T03:23:46Z'}, {'autor': '@eu_falo_mesmo', 'comentario': '*Só faltava ela falar que consegue virar macaco também (novidade)*', 'likes': 6, 'publicado_em': '2025-07-24T10:37:35Z'}]","n8SSO0LV0rw","OS ENSINAMENTOS DE GOKU A CAULIFLA #dragonball #dragonballsuper","4","Mais longos"
"@ryanfelipe5856","UCYZ2SttcyzDkmwGBFoKWRNA","http://www.youtube.com/@ryanfelipe5856","na moral, ela falando ""tá tremendo na base"" o Goku ""eu já tenho transformações divinas"" kkkkkkkk","123","2025-06-27T14:42:22Z","2025-06-27T14:42:22Z","True","True","2","2","[{'autor': '@RafaelFelipeBAndrade', 'comentario': 'Não precisa nem apelar mostrar-se só o ssj3😂😂', 'likes': 4, 'publicado_em': '2025-08-16T11:27:08Z'}, {'autor': '@leaodourado666', 'comentario': '@ryanfelipe5856 aí ela fala \nFODA-SE as minhas normais batem de frente com as suas divinas\nAí o Goku só perde no argumento pq foi esse lixo que fizeram no anime', 'likes': 0, 'publicado_em': '2025-11-29T02:22:49Z'}]","n8SSO0LV0rw","OS ENSINAMENTOS DE GOKU A CAULIFLA #dragonball #dragonballsuper","4","Mais longos"
"@Readgis","UCCDsaZqw_CnUUw0EsGgensA","http://www.youtube.com/@Readgis","De vez em quando o autor lembrava que o Goku já havia atingido o nívrl mestre há décadas.","3","2025-12-05T10:20:28Z","2025-12-05T10:20:28Z","True","True","0","0","[]","n8SSO0LV0rw","OS ENSINAMENTOS DE GOKU A CAULIFLA #dragonball #dragonballsuper","4","Mais longos"
"@BrunoSilva-yp3hj","UCtbZAzeN-Vkr0h3J2i8W_4A","http://www.youtube.com/@BrunoSilva-yp3hj","Caulifla aumenta os peitos 
Goku : ae agora sim ficou mais interessante 😂","1639","2025-06-27T06:36:31Z","2025-06-27T06:36:31Z","True","True","43","5","[{'autor': '@leonmemes4425', 'comentario': 'Gohan de óculos vendo isso 😎', 'likes': 202, 'publicado_em': '2025-06-28T06:17:11Z'}, {'autor': '@Defensor_da_SEGA', 'comentario': 'Engraçado que na vida real o efeito é o oposto, eles diminuem 😂', 'likes': 90, 'publicado_em': '2025-06-29T22:35:42Z'}, {'autor': '@DanielPinheiro-f4e', 'comentario': '@BrunoSilva-yp3hj eu faria esse acordo você faria esse acordo 🗿', 'likes': 42, 'publicado_em': '2025-06-30T12:50:49Z'}, {'autor': '@LeonardoCatto-y9t', 'comentario': 'É porque eu acho que essa transformação aí gasta muita energia por isso mesmo Goku falou para ela não usar', 'likes': 9, 'publicado_em': '2025-07-06T13:53:35Z'}, {'autor': '@gohandeoculos5146', 'comentario': 'Realmente... Fica muito bom a transformação', 'likes': 29, 'publicado_em': '2025-07-07T15:53:20Z'}]","n8SSO0LV0rw","OS ENSINAMENTOS DE GOKU A CAULIFLA #dragonball #dragonballsuper","4","Mais longos"
"@Mozyinho","UCayCqwuUIhWrwF-DItgLyuA","http://www.youtube.com/@Mozyinho","Caulifla ficou com bastante resPEITO nessa transformação...","46","2025-06-27T14:58:52Z","2025-06-27T14:58:52Z","True","True","0","0","[]","n8SSO0LV0rw","OS ENSINAMENTOS DE GOKU A CAULIFLA #dragonball #dragonballsuper","4","Mais longos"
"@arletesilva-k9x","UCMfLzWJFDGAQY4x2lfppBHw","http://www.youtube.com/@arletesilva-k9x","eu fiquei meio ""meme"" quando ela ficou com o peitão😂😂😂😂😂","239","2025-06-25T19:58:48Z","2025-06-25T19:58:48Z","True","True","14","5","[{'autor': '@Novato_004', 'comentario': 'Safadinho', 'likes': 30, 'publicado_em': '2025-06-25T21:31:36Z'}, {'autor': '@CHINAIBAGAMERCHETS930', 'comentario': 'Ummmmm safadinho!😂', 'likes': 21, 'publicado_em': '2025-06-26T01:14:21Z'}, {'autor': '@UmSayadin', 'comentario': '😏😏 safadinho ein', 'likes': 0, 'publicado_em': '2025-06-26T01:30:06Z'}, {'autor': '@HeutorYT', 'comentario': 'Safadinho', 'likes': 15, 'publicado_em': '2025-06-26T10:16:39Z'}, {'autor': '@CauaGuilherme-p8y', 'comentario': 'Kkkkkkk,n vou mentir eu tb', 'likes': 14, 'publicado_em': '2025-06-26T18:52:33Z'}]","n8SSO0LV0rw","OS ENSINAMENTOS DE GOKU A CAULIFLA #dragonball #dragonballsuper","4","Mais longos"
"@WESLEYGELAIOFC","UCw8j2P2xhEIykxo-fWSGAKA","http://www.youtube.com/@WESLEYGELAIOFC","A Mia ""Kaulifa"" tremeu na base do Goku AKKAKAKAKAKAK 🥶🤣","57","2025-06-29T17:37:49Z","2025-06-29T17:37:55Z","True","True","0","0","[]","n8SSO0LV0rw","OS ENSINAMENTOS DE GOKU A CAULIFLA #dragonball #dragonballsuper","4","Mais longos"
"@danilosalomao5036","UCcr4H-_fGIgXpdumrrHTolQ","http://www.youtube.com/@danilosalomao5036","A mesma coisa da tatsumaki falando com o saitama kkk","4","2025-08-12T23:13:17Z","2025-08-12T23:13:17Z","True","True","0","0","[]","n8SSO0LV0rw","OS ENSINAMENTOS DE GOKU A CAULIFLA #dragonball #dragonballsuper","4","Mais longos"
"@noobzinhobr2880","UC2Jwx88mR1Umqvy9zGfxe8Q","http://www.youtube.com/@noobzinhobr2880","Começou a ficar interessante como diria o Seiya 😂😂","1","2025-12-06T18:26:32Z","2025-12-06T18:26:32Z","True","True","0","0","[]","n8SSO0LV0rw","OS ENSINAMENTOS DE GOKU A CAULIFLA #dragonball #dragonballsuper","4","Mais longos"
"@NicolasAlexander-b8b","UCtej3XTR3d51bUd2VH6tFPA","http://www.youtube.com/@NicolasAlexander-b8b","A audácia da Caulifia de chamar o Goku de velhote","5","2025-06-27T20:03:22Z","2025-06-27T20:03:22Z","True","True","0","0","[]","n8SSO0LV0rw","OS ENSINAMENTOS DE GOKU A CAULIFLA #dragonball #dragonballsuper","4","Mais longos"
"@SOU-DAVIi-gamer","UCJHRWamVV0A4xEqN6LNjSXw","http://www.youtube.com/@SOU-DAVIi-gamer","calma goku entendi porquê ficou interessante...🤨","7","2025-10-17T15:44:13Z","2025-10-17T15:44:13Z","True","True","0","0","[]","n8SSO0LV0rw","OS ENSINAMENTOS DE GOKU A CAULIFLA #dragonball #dragonballsuper","4","Mais longos"
"@CileneAndrade-t5s","UC0aLvmyrmxcttOpjn7zBqTw","http://www.youtube.com/@CileneAndrade-t5s","Ele disse que ela trocou agilidade pela força 😂😮","3","2025-09-23T22:54:15Z","2025-09-23T22:54:15Z","True","True","0","0","[]","n8SSO0LV0rw","OS ENSINAMENTOS DE GOKU A CAULIFLA #dragonball #dragonballsuper","4","Mais longos"
"@samboca3892","UCZd6DxzhqwqApMJPi-RzqlQ","http://www.youtube.com/@samboca3892","Aumenta o tamanho dos cortes ,por favor kkk","12","2025-06-25T18:50:11Z","2025-06-25T18:50:11Z","True","True","0","0","[]","n8SSO0LV0rw","OS ENSINAMENTOS DE GOKU A CAULIFLA #dragonball #dragonballsuper","4","Mais longos"
"@NearSama","UCe5WflZJH3yLSzotiwHHpDg","http://www.youtube.com/@NearSama","Goku dando aula no meio da lutar ksksksk","1","2025-12-07T12:38:39Z","2025-12-07T12:38:39Z","True","True","0","0","[]","n8SSO0LV0rw","OS ENSINAMENTOS DE GOKU A CAULIFLA #dragonball #dragonballsuper","4","Mais longos"
"@michele3845","UC7CTHrvUAMimjFtIYUT8J5w","http://www.youtube.com/@michele3845",""" Ae agora ficou mais interesante...""","121","2025-06-25T15:10:46Z","2025-06-25T15:10:46Z","True","True","6","5","[{'autor': '@Drew-g4o', 'comentario': 'Kskskskskskskksldkskskskskskdkdksksk', 'likes': 0, 'publicado_em': '2025-06-25T15:29:48Z'}, {'autor': '@JobCreeper', 'comentario': '🤨', 'likes': 15, 'publicado_em': '2025-06-25T17:29:01Z'}, {'autor': '@JohnnyPeter24', 'comentario': 'Eita....', 'likes': 11, 'publicado_em': '2025-06-25T18:25:18Z'}, {'autor': '@Joãomarcos-p7x6u', 'comentario': '😂😂 ummmm', 'likes': 11, 'publicado_em': '2025-06-25T19:51:29Z'}, {'autor': '@animaruim496', 'comentario': '🌚💀....', 'likes': 9, 'publicado_em': '2025-06-25T21:46:30Z'}]","n8SSO0LV0rw","OS ENSINAMENTOS DE GOKU A CAULIFLA #dragonball #dragonballsuper","4","Mais longos"
"@Joãomarcos-p7x6u","UCTJ336aBqhVHEPFGxsdkSng","http://www.youtube.com/@Jo%C3%A3omarcos-p7x6u","Agora ficou mais interessante 😏","25","2025-06-25T19:53:54Z","2025-06-25T19:53:54Z","True","True","0","0","[]","n8SSO0LV0rw","OS ENSINAMENTOS DE GOKU A CAULIFLA #dragonball #dragonballsuper","4","Mais longos"
"@guilermeMT","UCJRVFCx_H_nzoDyHwDJe_1A","http://www.youtube.com/@guilermeMT","O cara é simplesmente um gênio","5","2025-11-12T01:50:03Z","2025-11-12T01:50:03Z","True","True","0","0","[]","n8SSO0LV0rw","OS ENSINAMENTOS DE GOKU A CAULIFLA #dragonball #dragonballsuper","4","Mais longos"
"@Boeing74700","UC5DQ4Qu8fmp9iJyKo2Fv7xg","http://www.youtube.com/@Boeing74700","Bro said ultra instinct pass
Super saiyan god smash😂","3","2025-12-02T20:55:37Z","2025-12-02T20:55:37Z","True","True","0","0","[]","AehmVkQemVU","The Moment BeforeDisaster 🥶💀 || Dragon Ball Super || Goku Edit🗿|| #goku#edit#anime#dragonballsuper","1","Mais novos"
"@johnnwaodu4383","UCJNJooScDsnk7vONft08asw","http://www.youtube.com/@johnnwaodu4383","This edit was so cold he didn’t give us a blanket 🥶🥶🥶🥶","10","2025-11-18T09:55:54Z","2025-11-18T09:55:54Z","True","True","1","1","[{'autor': '@mrehman3555', 'comentario': 'Goku ❤❤❤❤❤', 'likes': 2, 'publicado_em': '2025-11-18T14:04:11Z'}]","AehmVkQemVU","The Moment BeforeDisaster 🥶💀 || Dragon Ball Super || Goku Edit🗿|| #goku#edit#anime#dragonballsuper","1","Mais novos"
"@literaly-no-one38737","UCFxayGCD9fgAP2AtUsW-I3Q","http://www.youtube.com/@literaly-no-one38737","Bro remembers there’s 45mins left in the movie","5","2025-11-17T20:33:36Z","2025-11-17T20:33:36Z","True","True","0","0","[]","AehmVkQemVU","The Moment BeforeDisaster 🥶💀 || Dragon Ball Super || Goku Edit🗿|| #goku#edit#anime#dragonballsuper","1","Mais novos"
"@Userjh672","UCi61PI5kLbSWKnnCG5i_PtA","http://www.youtube.com/@Userjh672","2 seconds of Ultra Instinct was enough to hype the movie😅","16","2025-11-17T17:17:10Z","2025-11-17T17:17:10Z","True","True","0","0","[]","AehmVkQemVU","The Moment BeforeDisaster 🥶💀 || Dragon Ball Super || Goku Edit🗿|| #goku#edit#anime#dragonballsuper","1","Mais novos"
"@BiscuitBuns-dj1sn","UCMzXWeczSWT71MvLeOk_Gkw","http://www.youtube.com/@BiscuitBuns-dj1sn","Imagine Goku if he wasn't wearing weighted clothes all the time","4","2025-11-16T22:25:00Z","2025-11-16T22:25:00Z","True","True","0","0","[]","AehmVkQemVU","The Moment BeforeDisaster 🥶💀 || Dragon Ball Super || Goku Edit🗿|| #goku#edit#anime#dragonballsuper","1","Mais novos"
"@El_potaxio","UCbncIdHfQbCDVgfHTRFRLdw","http://www.youtube.com/@El_potaxio","Bro got MUI for a second 💀💀","4","2025-11-15T17:17:52Z","2025-11-15T17:17:52Z","True","True","0","0","[]","AehmVkQemVU","The Moment BeforeDisaster 🥶💀 || Dragon Ball Super || Goku Edit🗿|| #goku#edit#anime#dragonballsuper","1","Mais novos"
"@Raphaelpablo-f3d","UCTjTvNoSLp7RRz1MglmI39Q","http://www.youtube.com/@Raphaelpablo-f3d","Bro was so mad he skipped Blue","9","2025-11-15T14:40:48Z","2025-11-15T14:40:48Z","True","True","0","0","[]","AehmVkQemVU","The Moment BeforeDisaster 🥶💀 || Dragon Ball Super || Goku Edit🗿|| #goku#edit#anime#dragonballsuper","1","Mais novos"
"@KashannaEdwards","UCYkaj8W_AJrdqu55Z0Njuag","http://www.youtube.com/@KashannaEdwards","He passed ultra instinct and went super blue😂","7","2025-11-15T01:12:31Z","2025-11-15T01:12:31Z","True","True","0","0","[]","AehmVkQemVU","The Moment BeforeDisaster 🥶💀 || Dragon Ball Super || Goku Edit🗿|| #goku#edit#anime#dragonballsuper","1","Mais novos"
"@Uhgreen4557-1","UCs8utWb-PHf7Q9XfLnmVWsA","http://www.youtube.com/@Uhgreen4557-1","Bro Was Looking through his forms And accidentally Clicked Mui😭","5","2025-11-09T19:46:39Z","2025-11-09T19:46:39Z","True","True","0","0","[]","AehmVkQemVU","The Moment BeforeDisaster 🥶💀 || Dragon Ball Super || Goku Edit🗿|| #goku#edit#anime#dragonballsuper","1","Mais novos"
"@Rocking_gamer_9318","UCl9fkJpkIFUHmC3naYeMskg","http://www.youtube.com/@Rocking_gamer_9318","Bro unlocked ultra instinct without noticing","14","2025-11-08T13:28:32Z","2025-11-08T13:28:32Z","True","True","0","0","[]","AehmVkQemVU","The Moment BeforeDisaster 🥶💀 || Dragon Ball Super || Goku Edit🗿|| #goku#edit#anime#dragonballsuper","1","Mais novos"
"@Jayplayz457","UCfpxDxZz4F6Vj5pVJBZK3fA","http://www.youtube.com/@Jayplayz457","Bro was scrolling transformations 😭💀","93","2025-11-08T00:26:15Z","2025-11-08T00:26:15Z","True","True","7","5","[{'autor': '@ChichiKaula-h4n', 'comentario': 'Yeah😂😂😂😂', 'likes': 5, 'publicado_em': '2025-11-22T05:29:41Z'}, {'autor': '@sarahblagbrough8785', 'comentario': '\u200b sxdtgn77', 'likes': 0, 'publicado_em': '2025-11-27T17:26:02Z'}, {'autor': '@Thehealthmaniacs', 'comentario': 'True 😂', 'likes': 2, 'publicado_em': '2025-12-03T12:26:33Z'}, {'autor': '@Basitabdul07', 'comentario': 'That’s true 😂😂😂😂😂😂', 'likes': 0, 'publicado_em': '2025-12-06T19:21:01Z'}, {'autor': '@murthy-qj8zq', 'comentario': '😢😢😢😢😢😢', 'likes': 0, 'publicado_em': '2025-12-07T12:52:14Z'}]","AehmVkQemVU","The Moment BeforeDisaster 🥶💀 || Dragon Ball Super || Goku Edit🗿|| #goku#edit#anime#dragonballsuper","1","Mais novos"
"@Jrsdsc","UCEwNQcMx09RcK9UbW0n6N4A","http://www.youtube.com/@Jrsdsc","Bro forgot he wasnt the main character for the movie","11","2025-11-06T21:13:06Z","2025-11-06T21:13:06Z","True","True","0","0","[]","AehmVkQemVU","The Moment BeforeDisaster 🥶💀 || Dragon Ball Super || Goku Edit🗿|| #goku#edit#anime#dragonballsuper","1","Mais novos"
"@DonReaccion-09","UCNNLM0ruMsTlazb6N_MtmVQ","http://www.youtube.com/@DonReaccion-09","Estaba revisando el historial bro","7","2025-10-28T20:41:55Z","2025-10-28T20:41:55Z","True","True","0","0","[]","AehmVkQemVU","The Moment BeforeDisaster 🥶💀 || Dragon Ball Super || Goku Edit🗿|| #goku#edit#anime#dragonballsuper","1","Mais novos"
"@Omarx3gaming_1","UCmcki4MGFXRThWu2-U5OS7w","http://www.youtube.com/@Omarx3gaming_1","Imagine goku succeeded in turning ultra instinct 
Broly would be in a grave","6","2025-10-27T16:02:23Z","2025-10-27T16:02:23Z","True","True","0","0","[]","AehmVkQemVU","The Moment BeforeDisaster 🥶💀 || Dragon Ball Super || Goku Edit🗿|| #goku#edit#anime#dragonballsuper","1","Mais novos"
"@RosaMoraes-p1k","UCRphhtddSasQcbsZwK1odjw","http://www.youtube.com/@RosaMoraes-p1k","mn, nmrl o goku qnd desbloquiou o ultra instinc, ELE COMEÇOU A MACETAR GERAL E AINDA QUEBROU A INTERNET ....","4","2025-10-24T13:54:36Z","2025-10-24T13:54:36Z","True","True","0","0","[]","AehmVkQemVU","The Moment BeforeDisaster 🥶💀 || Dragon Ball Super || Goku Edit🗿|| #goku#edit#anime#dragonballsuper","1","Mais novos"
"@vipulsolanki110","UCu_7SV6lXzAWZtqKm7nBGtQ","http://www.youtube.com/@vipulsolanki110","Bro went too far from ssjg to mastered ultra instinct ssj1💀","7","2025-10-23T17:30:24Z","2025-10-23T17:30:24Z","True","True","0","0","[]","AehmVkQemVU","The Moment BeforeDisaster 🥶💀 || Dragon Ball Super || Goku Edit🗿|| #goku#edit#anime#dragonballsuper","1","Mais novos"
"@kushbansal3125","UCW9N84P6U33vV-BogxMGipQ","http://www.youtube.com/@kushbansal3125","Bro Unlock two legendary form mui and Green form ☠️☠️☠️☠️☠️","12","2025-10-23T17:28:27Z","2025-12-08T16:13:34Z","True","True","1","1","[{'autor': '@sreejishakk8625', 'comentario': 'The green is legendary super Saiyan.', 'likes': 0, 'publicado_em': '2025-12-11T15:58:02Z'}]","AehmVkQemVU","The Moment BeforeDisaster 🥶💀 || Dragon Ball Super || Goku Edit🗿|| #goku#edit#anime#dragonballsuper","1","Mais novos"
"@DanishIrfan-z4j","UCAfwSEp6q1iqCK09Ec2TeNg","http://www.youtube.com/@DanishIrfan-z4j","Ultra instinct for a second in the movie","209","2025-09-20T13:29:22Z","2025-09-20T13:29:22Z","True","True","9","5","[{'autor': '@LeandroGonzalezVazquez', 'comentario': 'Casi lo utilisaaa mi pana', 'likes': 5, 'publicado_em': '2025-10-01T05:23:29Z'}, {'autor': '@lord_ultimate729', 'comentario': 'Oku', 'likes': 6, 'publicado_em': '2025-10-18T10:45:12Z'}, {'autor': '@lord_ultimate729', 'comentario': 'Gokuu', 'likes': 4, 'publicado_em': '2025-10-18T10:48:00Z'}, {'autor': '@yashariajordan3311', 'comentario': '❤This guy was oozing ❤\nHfyfdkd\n🎉kinda', 'likes': 0, 'publicado_em': '2025-11-02T16:33:04Z'}, {'autor': '@Subhanis-kh4jx', 'comentario': 'True', 'likes': 2, 'publicado_em': '2025-11-03T02:49:18Z'}]","AehmVkQemVU","The Moment BeforeDisaster 🥶💀 || Dragon Ball Super || Goku Edit🗿|| #goku#edit#anime#dragonballsuper","1","Mais novos"
"@Victor-j7c3u","UCIC_NZecz2-F859u0byXhKA","http://www.youtube.com/@Victor-j7c3u","Bra unlocked ultra instinct without noticing 😮","88","2025-08-28T08:21:16Z","2025-08-28T08:21:16Z","True","True","9","5","[{'autor': '@Kason-m7c', 'comentario': ""He didn't unlock ultra instinct this is set after the tournament of power if you watched the movie you would have known this because in the movie Goku says something about Jiren so he already has ultra instinct"", 'likes': 9, 'publicado_em': '2025-09-14T04:43:09Z'}, {'autor': '@GAMERTHUGBOY', 'comentario': '\u200b@Kason-m7che means that goku did not notice he used ultra instinct', 'likes': 3, 'publicado_em': '2025-09-17T10:47:24Z'}, {'autor': '@Kason-m7c', 'comentario': ""@gamerthugboy I'm sorry for misunderstanding The way he worded it sounded like he's saying Goku unlocked it for the first time"", 'likes': 3, 'publicado_em': '2025-09-17T19:50:51Z'}, {'autor': '@mahmoudmerkache3279', 'comentario': 'ڨوكو😂😢🎉😊،', 'likes': 2, 'publicado_em': '2025-09-27T09:56:56Z'}, {'autor': '@MR__Heisenberg737', 'comentario': ""\u200b@Kason-m7cunlocking doesn't mean first time. A door can be unlocked a 2nd time. And at this present moment during the broly film Gokus UI door was not freely open it was still locked up so it required unlocking a few more times"", 'likes': 1, 'publicado_em': '2025-09-27T17:37:54Z'}]","AehmVkQemVU","The Moment BeforeDisaster 🥶💀 || Dragon Ball Super || Goku Edit🗿|| #goku#edit#anime#dragonballsuper","1","Mais novos"
"@CocekaJikana-z8b","UCE0d9s4pdbt1zdFiXquU0Rg","http://www.youtube.com/@CocekaJikana-z8b","When's brolys funeral","259","2025-08-26T15:41:43Z","2025-08-26T15:41:43Z","True","True","36","5","[{'autor': '@JEREMY_ROBLOXIAN', 'comentario': 'Manga', 'likes': 8, 'publicado_em': '2025-09-25T06:54:19Z'}, {'autor': '@goku4567-s', 'comentario': 'After some time later paragus will come too if freiza would let him 😂😂😂😂😂😂😂😂😂😂', 'likes': 9, 'publicado_em': '2025-09-25T14:18:04Z'}, {'autor': '@Ilikebannasyea', 'comentario': '24tg may 2026', 'likes': 0, 'publicado_em': '2025-09-26T20:56:52Z'}, {'autor': '@PedroGD1', 'comentario': 'Broly is practically almost semi-immortal', 'likes': 6, 'publicado_em': '2025-09-28T00:06:40Z'}, {'autor': '@ItsMaiOfficial', 'comentario': 'Now. Hello everyone. We all gather here today to *coughs* “celebrate” the life of *coughs again* Broly. You know what? I’m not doing this- GOKU BEAT HIS DEAD BUTT', 'likes': 0, 'publicado_em': '2025-09-28T20:38:30Z'}]","AehmVkQemVU","The Moment BeforeDisaster 🥶💀 || Dragon Ball Super || Goku Edit🗿|| #goku#edit#anime#dragonballsuper","1","Mais novos"
"@CocekaJikana-z8b","UCE0d9s4pdbt1zdFiXquU0Rg","http://www.youtube.com/@CocekaJikana-z8b","When's brolys funeral","259","2025-08-26T15:41:43Z","2025-08-26T15:41:43Z","True","True","36","5","[{'autor': '@JEREMY_ROBLOXIAN', 'comentario': 'Manga', 'likes': 8, 'publicado_em': '2025-09-25T06:54:19Z'}, {'autor': '@goku4567-s', 'comentario': 'After some time later paragus will come too if freiza would let him 😂😂😂😂😂😂😂😂😂😂', 'likes': 9, 'publicado_em': '2025-09-25T14:18:04Z'}, {'autor': '@Ilikebannasyea', 'comentario': '24tg may 2026', 'likes': 0, 'publicado_em': '2025-09-26T20:56:52Z'}, {'autor': '@PedroGD1', 'comentario': 'Broly is practically almost semi-immortal', 'likes': 6, 'publicado_em': '2025-09-28T00:06:40Z'}, {'autor': '@ItsMaiOfficial', 'comentario': 'Now. Hello everyone. We all gather here today to *coughs* “celebrate” the life of *coughs again* Broly. You know what? I’m not doing this- GOKU BEAT HIS DEAD BUTT', 'likes': 0, 'publicado_em': '2025-09-28T20:38:30Z'}]","AehmVkQemVU","The Moment BeforeDisaster 🥶💀 || Dragon Ball Super || Goku Edit🗿|| #goku#edit#anime#dragonballsuper","2","Mais antigos"
"@Victor-j7c3u","UCIC_NZecz2-F859u0byXhKA","http://www.youtube.com/@Victor-j7c3u","Bra unlocked ultra instinct without noticing 😮","88","2025-08-28T08:21:16Z","2025-08-28T08:21:16Z","True","True","9","5","[{'autor': '@Kason-m7c', 'comentario': ""He didn't unlock ultra instinct this is set after the tournament of power if you watched the movie you would have known this because in the movie Goku says something about Jiren so he already has ultra instinct"", 'likes': 9, 'publicado_em': '2025-09-14T04:43:09Z'}, {'autor': '@GAMERTHUGBOY', 'comentario': '\u200b@Kason-m7che means that goku did not notice he used ultra instinct', 'likes': 3, 'publicado_em': '2025-09-17T10:47:24Z'}, {'autor': '@Kason-m7c', 'comentario': ""@gamerthugboy I'm sorry for misunderstanding The way he worded it sounded like he's saying Goku unlocked it for the first time"", 'likes': 3, 'publicado_em': '2025-09-17T19:50:51Z'}, {'autor': '@mahmoudmerkache3279', 'comentario': 'ڨوكو😂😢🎉😊،', 'likes': 2, 'publicado_em': '2025-09-27T09:56:56Z'}, {'autor': '@MR__Heisenberg737', 'comentario': ""\u200b@Kason-m7cunlocking doesn't mean first time. A door can be unlocked a 2nd time. And at this present moment during the broly film Gokus UI door was not freely open it was still locked up so it required unlocking a few more times"", 'likes': 1, 'publicado_em': '2025-09-27T17:37:54Z'}]","AehmVkQemVU","The Moment BeforeDisaster 🥶💀 || Dragon Ball Super || Goku Edit🗿|| #goku#edit#anime#dragonballsuper","2","Mais antigos"
"@DanishIrfan-z4j","UCAfwSEp6q1iqCK09Ec2TeNg","http://www.youtube.com/@DanishIrfan-z4j","Ultra instinct for a second in the movie","209","2025-09-20T13:29:22Z","2025-09-20T13:29:22Z","True","True","9","5","[{'autor': '@LeandroGonzalezVazquez', 'comentario': 'Casi lo utilisaaa mi pana', 'likes': 5, 'publicado_em': '2025-10-01T05:23:29Z'}, {'autor': '@lord_ultimate729', 'comentario': 'Oku', 'likes': 6, 'publicado_em': '2025-10-18T10:45:12Z'}, {'autor': '@lord_ultimate729', 'comentario': 'Gokuu', 'likes': 4, 'publicado_em': '2025-10-18T10:48:00Z'}, {'autor': '@yashariajordan3311', 'comentario': '❤This guy was oozing ❤\nHfyfdkd\n🎉kinda', 'likes': 0, 'publicado_em': '2025-11-02T16:33:04Z'}, {'autor': '@Subhanis-kh4jx', 'comentario': 'True', 'likes': 2, 'publicado_em': '2025-11-03T02:49:18Z'}]","AehmVkQemVU","The Moment BeforeDisaster 🥶💀 || Dragon Ball Super || Goku Edit🗿|| #goku#edit#anime#dragonballsuper","2","Mais antigos"
"@kushbansal3125","UCW9N84P6U33vV-BogxMGipQ","http://www.youtube.com/@kushbansal3125","Bro Unlock two legendary form mui and Green form ☠️☠️☠️☠️☠️","12","2025-10-23T17:28:27Z","2025-12-08T16:13:34Z","True","True","1","1","[{'autor': '@sreejishakk8625', 'comentario': 'The green is legendary super Saiyan.', 'likes': 0, 'publicado_em': '2025-12-11T15:58:02Z'}]","AehmVkQemVU","The Moment BeforeDisaster 🥶💀 || Dragon Ball Super || Goku Edit🗿|| #goku#edit#anime#dragonballsuper","2","Mais antigos"
"@vipulsolanki110","UCu_7SV6lXzAWZtqKm7nBGtQ","http://www.youtube.com/@vipulsolanki110","Bro went too far from ssjg to mastered ultra instinct ssj1💀","7","2025-10-23T17:30:24Z","2025-10-23T17:30:24Z","True","True","0","0","[]","AehmVkQemVU","The Moment BeforeDisaster 🥶💀 || Dragon Ball Super || Goku Edit🗿|| #goku#edit#anime#dragonballsuper","2","Mais antigos"
"@RosaMoraes-p1k","UCRphhtddSasQcbsZwK1odjw","http://www.youtube.com/@RosaMoraes-p1k","mn, nmrl o goku qnd desbloquiou o ultra instinc, ELE COMEÇOU A MACETAR GERAL E AINDA QUEBROU A INTERNET ....","4","2025-10-24T13:54:36Z","2025-10-24T13:54:36Z","True","True","0","0","[]","AehmVkQemVU","The Moment BeforeDisaster 🥶💀 || Dragon Ball Super || Goku Edit🗿|| #goku#edit#anime#dragonballsuper","2","Mais antigos"
"@Omarx3gaming_1","UCmcki4MGFXRThWu2-U5OS7w","http://www.youtube.com/@Omarx3gaming_1","Imagine goku succeeded in turning ultra instinct 
Broly would be in a grave","6","2025-10-27T16:02:23Z","2025-10-27T16:02:23Z","True","True","0","0","[]","AehmVkQemVU","The Moment BeforeDisaster 🥶💀 || Dragon Ball Super || Goku Edit🗿|| #goku#edit#anime#dragonballsuper","2","Mais antigos"
"@DonReaccion-09","UCNNLM0ruMsTlazb6N_MtmVQ","http://www.youtube.com/@DonReaccion-09","Estaba revisando el historial bro","7","2025-10-28T20:41:55Z","2025-10-28T20:41:55Z","True","True","0","0","[]","AehmVkQemVU","The Moment BeforeDisaster 🥶💀 || Dragon Ball Super || Goku Edit🗿|| #goku#edit#anime#dragonballsuper","2","Mais antigos"
"@Jrsdsc","UCEwNQcMx09RcK9UbW0n6N4A","http://www.youtube.com/@Jrsdsc","Bro forgot he wasnt the main character for the movie","11","2025-11-06T21:13:06Z","2025-11-06T21:13:06Z","True","True","0","0","[]","AehmVkQemVU","The Moment BeforeDisaster 🥶💀 || Dragon Ball Super || Goku Edit🗿|| #goku#edit#anime#dragonballsuper","2","Mais antigos"
"@Jayplayz457","UCfpxDxZz4F6Vj5pVJBZK3fA","http://www.youtube.com/@Jayplayz457","Bro was scrolling transformations 😭💀","93","2025-11-08T00:26:15Z","2025-11-08T00:26:15Z","True","True","7","5","[{'autor': '@ChichiKaula-h4n', 'comentario': 'Yeah😂😂😂😂', 'likes': 5, 'publicado_em': '2025-11-22T05:29:41Z'}, {'autor': '@sarahblagbrough8785', 'comentario': '\u200b sxdtgn77', 'likes': 0, 'publicado_em': '2025-11-27T17:26:02Z'}, {'autor': '@Thehealthmaniacs', 'comentario': 'True 😂', 'likes': 2, 'publicado_em': '2025-12-03T12:26:33Z'}, {'autor': '@Basitabdul07', 'comentario': 'That’s true 😂😂😂😂😂😂', 'likes': 0, 'publicado_em': '2025-12-06T19:21:01Z'}, {'autor': '@murthy-qj8zq', 'comentario': '😢😢😢😢😢😢', 'likes': 0, 'publicado_em': '2025-12-07T12:52:14Z'}]","AehmVkQemVU","The Moment BeforeDisaster 🥶💀 || Dragon Ball Super || Goku Edit🗿|| #goku#edit#anime#dragonballsuper","2","Mais antigos"
"@Rocking_gamer_9318","UCl9fkJpkIFUHmC3naYeMskg","http://www.youtube.com/@Rocking_gamer_9318","Bro unlocked ultra instinct without noticing","14","2025-11-08T13:28:32Z","2025-11-08T13:28:32Z","True","True","0","0","[]","AehmVkQemVU","The Moment BeforeDisaster 🥶💀 || Dragon Ball Super || Goku Edit🗿|| #goku#edit#anime#dragonballsuper","2","Mais antigos"
"@Uhgreen4557-1","UCs8utWb-PHf7Q9XfLnmVWsA","http://www.youtube.com/@Uhgreen4557-1","Bro Was Looking through his forms And accidentally Clicked Mui😭","5","2025-11-09T19:46:39Z","2025-11-09T19:46:39Z","True","True","0","0","[]","AehmVkQemVU","The Moment BeforeDisaster 🥶💀 || Dragon Ball Super || Goku Edit🗿|| #goku#edit#anime#dragonballsuper","2","Mais antigos"
"@KashannaEdwards","UCYkaj8W_AJrdqu55Z0Njuag","http://www.youtube.com/@KashannaEdwards","He passed ultra instinct and went super blue😂","7","2025-11-15T01:12:31Z","2025-11-15T01:12:31Z","True","True","0","0","[]","AehmVkQemVU","The Moment BeforeDisaster 🥶💀 || Dragon Ball Super || Goku Edit🗿|| #goku#edit#anime#dragonballsuper","2","Mais antigos"
"@Raphaelpablo-f3d","UCTjTvNoSLp7RRz1MglmI39Q","http://www.youtube.com/@Raphaelpablo-f3d","Bro was so mad he skipped Blue","9","2025-11-15T14:40:48Z","2025-11-15T14:40:48Z","True","True","0","0","[]","AehmVkQemVU","The Moment BeforeDisaster 🥶💀 || Dragon Ball Super || Goku Edit🗿|| #goku#edit#anime#dragonballsuper","2","Mais antigos"
"@El_potaxio","UCbncIdHfQbCDVgfHTRFRLdw","http://www.youtube.com/@El_potaxio","Bro got MUI for a second 💀💀","4","2025-11-15T17:17:52Z","2025-11-15T17:17:52Z","True","True","0","0","[]","AehmVkQemVU","The Moment BeforeDisaster 🥶💀 || Dragon Ball Super || Goku Edit🗿|| #goku#edit#anime#dragonballsuper","2","Mais antigos"
"@BiscuitBuns-dj1sn","UCMzXWeczSWT71MvLeOk_Gkw","http://www.youtube.com/@BiscuitBuns-dj1sn","Imagine Goku if he wasn't wearing weighted clothes all the time","4","2025-11-16T22:25:00Z","2025-11-16T22:25:00Z","True","True","0","0","[]","AehmVkQemVU","The Moment BeforeDisaster 🥶💀 || Dragon Ball Super || Goku Edit🗿|| #goku#edit#anime#dragonballsuper","2","Mais antigos"
"@Userjh672","UCi61PI5kLbSWKnnCG5i_PtA","http://www.youtube.com/@Userjh672","2 seconds of Ultra Instinct was enough to hype the movie😅","16","2025-11-17T17:17:10Z","2025-11-17T17:17:10Z","True","True","0","0","[]","AehmVkQemVU","The Moment BeforeDisaster 🥶💀 || Dragon Ball Super || Goku Edit🗿|| #goku#edit#anime#dragonballsuper","2","Mais antigos"
"@literaly-no-one38737","UCFxayGCD9fgAP2AtUsW-I3Q","http://www.youtube.com/@literaly-no-one38737","Bro remembers there’s 45mins left in the movie","5","2025-11-17T20:33:36Z","2025-11-17T20:33:36Z","True","True","0","0","[]","AehmVkQemVU","The Moment BeforeDisaster 🥶💀 || Dragon Ball Super || Goku Edit🗿|| #goku#edit#anime#dragonballsuper","2","Mais antigos"
"@johnnwaodu4383","UCJNJooScDsnk7vONft08asw","http://www.youtube.com/@johnnwaodu4383","This edit was so cold he didn’t give us a blanket 🥶🥶🥶🥶","10","2025-11-18T09:55:54Z","2025-11-18T09:55:54Z","True","True","1","1","[{'autor': '@mrehman3555', 'comentario': 'Goku ❤❤❤❤❤', 'likes': 2, 'publicado_em': '2025-11-18T14:04:11Z'}]","AehmVkQemVU","The Moment BeforeDisaster 🥶💀 || Dragon Ball Super || Goku Edit🗿|| #goku#edit#anime#dragonballsuper","2","Mais antigos"
"@Boeing74700","UC5DQ4Qu8fmp9iJyKo2Fv7xg","http://www.youtube.com/@Boeing74700","Bro said ultra instinct pass
Super saiyan god smash😂","3","2025-12-02T20:55:37Z","2025-12-02T20:55:37Z","True","True","0","0","[]","AehmVkQemVU","The Moment BeforeDisaster 🥶💀 || Dragon Ball Super || Goku Edit🗿|| #goku#edit#anime#dragonballsuper","2","Mais antigos"
"@CocekaJikana-z8b","UCE0d9s4pdbt1zdFiXquU0Rg","http://www.youtube.com/@CocekaJikana-z8b","When's brolys funeral","259","2025-08-26T15:41:43Z","2025-08-26T15:41:43Z","True","True","36","5","[{'autor': '@JEREMY_ROBLOXIAN', 'comentario': 'Manga', 'likes': 8, 'publicado_em': '2025-09-25T06:54:19Z'}, {'autor': '@goku4567-s', 'comentario': 'After some time later paragus will come too if freiza would let him 😂😂😂😂😂😂😂😂😂😂', 'likes': 9, 'publicado_em': '2025-09-25T14:18:04Z'}, {'autor': '@Ilikebannasyea', 'comentario': '24tg may 2026', 'likes': 0, 'publicado_em': '2025-09-26T20:56:52Z'}, {'autor': '@PedroGD1', 'comentario': 'Broly is practically almost semi-immortal', 'likes': 6, 'publicado_em': '2025-09-28T00:06:40Z'}, {'autor': '@ItsMaiOfficial', 'comentario': 'Now. Hello everyone. We all gather here today to *coughs* “celebrate” the life of *coughs again* Broly. You know what? I’m not doing this- GOKU BEAT HIS DEAD BUTT', 'likes': 0, 'publicado_em': '2025-09-28T20:38:30Z'}]","AehmVkQemVU","The Moment BeforeDisaster 🥶💀 || Dragon Ball Super || Goku Edit🗿|| #goku#edit#anime#dragonballsuper","3","Mais curtidos"
"@DanishIrfan-z4j","UCAfwSEp6q1iqCK09Ec2TeNg","http://www.youtube.com/@DanishIrfan-z4j","Ultra instinct for a second in the movie","209","2025-09-20T13:29:22Z","2025-09-20T13:29:22Z","True","True","9","5","[{'autor': '@LeandroGonzalezVazquez', 'comentario': 'Casi lo utilisaaa mi pana', 'likes': 5, 'publicado_em': '2025-10-01T05:23:29Z'}, {'autor': '@lord_ultimate729', 'comentario': 'Oku', 'likes': 6, 'publicado_em': '2025-10-18T10:45:12Z'}, {'autor': '@lord_ultimate729', 'comentario': 'Gokuu', 'likes': 4, 'publicado_em': '2025-10-18T10:48:00Z'}, {'autor': '@yashariajordan3311', 'comentario': '❤This guy was oozing ❤\nHfyfdkd\n🎉kinda', 'likes': 0, 'publicado_em': '2025-11-02T16:33:04Z'}, {'autor': '@Subhanis-kh4jx', 'comentario': 'True', 'likes': 2, 'publicado_em': '2025-11-03T02:49:18Z'}]","AehmVkQemVU","The Moment BeforeDisaster 🥶💀 || Dragon Ball Super || Goku Edit🗿|| #goku#edit#anime#dragonballsuper","3","Mais curtidos"
"@Jayplayz457","UCfpxDxZz4F6Vj5pVJBZK3fA","http://www.youtube.com/@Jayplayz457","Bro was scrolling transformations 😭💀","93","2025-11-08T00:26:15Z","2025-11-08T00:26:15Z","True","True","7","5","[{'autor': '@ChichiKaula-h4n', 'comentario': 'Yeah😂😂😂😂', 'likes': 5, 'publicado_em': '2025-11-22T05:29:41Z'}, {'autor': '@sarahblagbrough8785', 'comentario': '\u200b sxdtgn77', 'likes': 0, 'publicado_em': '2025-11-27T17:26:02Z'}, {'autor': '@Thehealthmaniacs', 'comentario': 'True 😂', 'likes': 2, 'publicado_em': '2025-12-03T12:26:33Z'}, {'autor': '@Basitabdul07', 'comentario': 'That’s true 😂😂😂😂😂😂', 'likes': 0, 'publicado_em': '2025-12-06T19:21:01Z'}, {'autor': '@murthy-qj8zq', 'comentario': '😢😢😢😢😢😢', 'likes': 0, 'publicado_em': '2025-12-07T12:52:14Z'}]","AehmVkQemVU","The Moment BeforeDisaster 🥶💀 || Dragon Ball Super || Goku Edit🗿|| #goku#edit#anime#dragonballsuper","3","Mais curtidos"
"@Victor-j7c3u","UCIC_NZecz2-F859u0byXhKA","http://www.youtube.com/@Victor-j7c3u","Bra unlocked ultra instinct without noticing 😮","88","2025-08-28T08:21:16Z","2025-08-28T08:21:16Z","True","True","9","5","[{'autor': '@Kason-m7c', 'comentario': ""He didn't unlock ultra instinct this is set after the tournament of power if you watched the movie you would have known this because in the movie Goku says something about Jiren so he already has ultra instinct"", 'likes': 9, 'publicado_em': '2025-09-14T04:43:09Z'}, {'autor': '@GAMERTHUGBOY', 'comentario': '\u200b@Kason-m7che means that goku did not notice he used ultra instinct', 'likes': 3, 'publicado_em': '2025-09-17T10:47:24Z'}, {'autor': '@Kason-m7c', 'comentario': ""@gamerthugboy I'm sorry for misunderstanding The way he worded it sounded like he's saying Goku unlocked it for the first time"", 'likes': 3, 'publicado_em': '2025-09-17T19:50:51Z'}, {'autor': '@mahmoudmerkache3279', 'comentario': 'ڨوكو😂😢🎉😊،', 'likes': 2, 'publicado_em': '2025-09-27T09:56:56Z'}, {'autor': '@MR__Heisenberg737', 'comentario': ""\u200b@Kason-m7cunlocking doesn't mean first time. A door can be unlocked a 2nd time. And at this present moment during the broly film Gokus UI door was not freely open it was still locked up so it required unlocking a few more times"", 'likes': 1, 'publicado_em': '2025-09-27T17:37:54Z'}]","AehmVkQemVU","The Moment BeforeDisaster 🥶💀 || Dragon Ball Super || Goku Edit🗿|| #goku#edit#anime#dragonballsuper","3","Mais curtidos"
"@Userjh672","UCi61PI5kLbSWKnnCG5i_PtA","http://www.youtube.com/@Userjh672","2 seconds of Ultra Instinct was enough to hype the movie😅","16","2025-11-17T17:17:10Z","2025-11-17T17:17:10Z","True","True","0","0","[]","AehmVkQemVU","The Moment BeforeDisaster 🥶💀 || Dragon Ball Super || Goku Edit🗿|| #goku#edit#anime#dragonballsuper","3","Mais curtidos"
"@Rocking_gamer_9318","UCl9fkJpkIFUHmC3naYeMskg","http://www.youtube.com/@Rocking_gamer_9318","Bro unlocked ultra instinct without noticing","14","2025-11-08T13:28:32Z","2025-11-08T13:28:32Z","True","True","0","0","[]","AehmVkQemVU","The Moment BeforeDisaster 🥶💀 || Dragon Ball Super || Goku Edit🗿|| #goku#edit#anime#dragonballsuper","3","Mais curtidos"
"@kushbansal3125","UCW9N84P6U33vV-BogxMGipQ","http://www.youtube.com/@kushbansal3125","Bro Unlock two legendary form mui and Green form ☠️☠️☠️☠️☠️","12","2025-10-23T17:28:27Z","2025-12-08T16:13:34Z","True","True","1","1","[{'autor': '@sreejishakk8625', 'comentario': 'The green is legendary super Saiyan.', 'likes': 0, 'publicado_em': '2025-12-11T15:58:02Z'}]","AehmVkQemVU","The Moment BeforeDisaster 🥶💀 || Dragon Ball Super || Goku Edit🗿|| #goku#edit#anime#dragonballsuper","3","Mais curtidos"
"@Jrsdsc","UCEwNQcMx09RcK9UbW0n6N4A","http://www.youtube.com/@Jrsdsc","Bro forgot he wasnt the main character for the movie","11","2025-11-06T21:13:06Z","2025-11-06T21:13:06Z","True","True","0","0","[]","AehmVkQemVU","The Moment BeforeDisaster 🥶💀 || Dragon Ball Super || Goku Edit🗿|| #goku#edit#anime#dragonballsuper","3","Mais curtidos"
"@johnnwaodu4383","UCJNJooScDsnk7vONft08asw","http://www.youtube.com/@johnnwaodu4383","This edit was so cold he didn’t give us a blanket 🥶🥶🥶🥶","10","2025-11-18T09:55:54Z","2025-11-18T09:55:54Z","True","True","1","1","[{'autor': '@mrehman3555', 'comentario': 'Goku ❤❤❤❤❤', 'likes': 2, 'publicado_em': '2025-11-18T14:04:11Z'}]","AehmVkQemVU","The Moment BeforeDisaster 🥶💀 || Dragon Ball Super || Goku Edit🗿|| #goku#edit#anime#dragonballsuper","3","Mais curtidos"
"@Raphaelpablo-f3d","UCTjTvNoSLp7RRz1MglmI39Q","http://www.youtube.com/@Raphaelpablo-f3d","Bro was so mad he skipped Blue","9","2025-11-15T14:40:48Z","2025-11-15T14:40:48Z","True","True","0","0","[]","AehmVkQemVU","The Moment BeforeDisaster 🥶💀 || Dragon Ball Super || Goku Edit🗿|| #goku#edit#anime#dragonballsuper","3","Mais curtidos"
"@KashannaEdwards","UCYkaj8W_AJrdqu55Z0Njuag","http://www.youtube.com/@KashannaEdwards","He passed ultra instinct and went super blue😂","7","2025-11-15T01:12:31Z","2025-11-15T01:12:31Z","True","True","0","0","[]","AehmVkQemVU","The Moment BeforeDisaster 🥶💀 || Dragon Ball Super || Goku Edit🗿|| #goku#edit#anime#dragonballsuper","3","Mais curtidos"
"@vipulsolanki110","UCu_7SV6lXzAWZtqKm7nBGtQ","http://www.youtube.com/@vipulsolanki110","Bro went too far from ssjg to mastered ultra instinct ssj1💀","7","2025-10-23T17:30:24Z","2025-10-23T17:30:24Z","True","True","0","0","[]","AehmVkQemVU","The Moment BeforeDisaster 🥶💀 || Dragon Ball Super || Goku Edit🗿|| #goku#edit#anime#dragonballsuper","3","Mais curtidos"
"@DonReaccion-09","UCNNLM0ruMsTlazb6N_MtmVQ","http://www.youtube.com/@DonReaccion-09","Estaba revisando el historial bro","7","2025-10-28T20:41:55Z","2025-10-28T20:41:55Z","True","True","0","0","[]","AehmVkQemVU","The Moment BeforeDisaster 🥶💀 || Dragon Ball Super || Goku Edit🗿|| #goku#edit#anime#dragonballsuper","3","Mais curtidos"
"@Omarx3gaming_1","UCmcki4MGFXRThWu2-U5OS7w","http://www.youtube.com/@Omarx3gaming_1","Imagine goku succeeded in turning ultra instinct 
Broly would be in a grave","6","2025-10-27T16:02:23Z","2025-10-27T16:02:23Z","True","True","0","0","[]","AehmVkQemVU","The Moment BeforeDisaster 🥶💀 || Dragon Ball Super || Goku Edit🗿|| #goku#edit#anime#dragonballsuper","3","Mais curtidos"
"@Uhgreen4557-1","UCs8utWb-PHf7Q9XfLnmVWsA","http://www.youtube.com/@Uhgreen4557-1","Bro Was Looking through his forms And accidentally Clicked Mui😭","5","2025-11-09T19:46:39Z","2025-11-09T19:46:39Z","True","True","0","0","[]","AehmVkQemVU","The Moment BeforeDisaster 🥶💀 || Dragon Ball Super || Goku Edit🗿|| #goku#edit#anime#dragonballsuper","3","Mais curtidos"
"@literaly-no-one38737","UCFxayGCD9fgAP2AtUsW-I3Q","http://www.youtube.com/@literaly-no-one38737","Bro remembers there’s 45mins left in the movie","5","2025-11-17T20:33:36Z","2025-11-17T20:33:36Z","True","True","0","0","[]","AehmVkQemVU","The Moment BeforeDisaster 🥶💀 || Dragon Ball Super || Goku Edit🗿|| #goku#edit#anime#dragonballsuper","3","Mais curtidos"
"@El_potaxio","UCbncIdHfQbCDVgfHTRFRLdw","http://www.youtube.com/@El_potaxio","Bro got MUI for a second 💀💀","4","2025-11-15T17:17:52Z","2025-11-15T17:17:52Z","True","True","0","0","[]","AehmVkQemVU","The Moment BeforeDisaster 🥶💀 || Dragon Ball Super || Goku Edit🗿|| #goku#edit#anime#dragonballsuper","3","Mais curtidos"
"@BiscuitBuns-dj1sn","UCMzXWeczSWT71MvLeOk_Gkw","http://www.youtube.com/@BiscuitBuns-dj1sn","Imagine Goku if he wasn't wearing weighted clothes all the time","4","2025-11-16T22:25:00Z","2025-11-16T22:25:00Z","True","True","0","0","[]","AehmVkQemVU","The Moment BeforeDisaster 🥶💀 || Dragon Ball Super || Goku Edit🗿|| #goku#edit#anime#dragonballsuper","3","Mais curtidos"
"@RosaMoraes-p1k","UCRphhtddSasQcbsZwK1odjw","http://www.youtube.com/@RosaMoraes-p1k","mn, nmrl o goku qnd desbloquiou o ultra instinc, ELE COMEÇOU A MACETAR GERAL E AINDA QUEBROU A INTERNET ....","4","2025-10-24T13:54:36Z","2025-10-24T13:54:36Z","True","True","0","0","[]","AehmVkQemVU","The Moment BeforeDisaster 🥶💀 || Dragon Ball Super || Goku Edit🗿|| #goku#edit#anime#dragonballsuper","3","Mais curtidos"
"@Boeing74700","UC5DQ4Qu8fmp9iJyKo2Fv7xg","http://www.youtube.com/@Boeing74700","Bro said ultra instinct pass
Super saiyan god smash😂","3","2025-12-02T20:55:37Z","2025-12-02T20:55:37Z","True","True","0","0","[]","AehmVkQemVU","The Moment BeforeDisaster 🥶💀 || Dragon Ball Super || Goku Edit🗿|| #goku#edit#anime#dragonballsuper","3","Mais curtidos"
"@RosaMoraes-p1k","UCRphhtddSasQcbsZwK1odjw","http://www.youtube.com/@RosaMoraes-p1k","mn, nmrl o goku qnd desbloquiou o ultra instinc, ELE COMEÇOU A MACETAR GERAL E AINDA QUEBROU A INTERNET ....","4","2025-10-24T13:54:36Z","2025-10-24T13:54:36Z","True","True","0","0","[]","AehmVkQemVU","The Moment BeforeDisaster 🥶💀 || Dragon Ball Super || Goku Edit🗿|| #goku#edit#anime#dragonballsuper","4","Mais longos"
"@Omarx3gaming_1","UCmcki4MGFXRThWu2-U5OS7w","http://www.youtube.com/@Omarx3gaming_1","Imagine goku succeeded in turning ultra instinct 
Broly would be in a grave","6","2025-10-27T16:02:23Z","2025-10-27T16:02:23Z","True","True","0","0","[]","AehmVkQemVU","The Moment BeforeDisaster 🥶💀 || Dragon Ball Super || Goku Edit🗿|| #goku#edit#anime#dragonballsuper","4","Mais longos"
"@Uhgreen4557-1","UCs8utWb-PHf7Q9XfLnmVWsA","http://www.youtube.com/@Uhgreen4557-1","Bro Was Looking through his forms And accidentally Clicked Mui😭","5","2025-11-09T19:46:39Z","2025-11-09T19:46:39Z","True","True","0","0","[]","AehmVkQemVU","The Moment BeforeDisaster 🥶💀 || Dragon Ball Super || Goku Edit🗿|| #goku#edit#anime#dragonballsuper","4","Mais longos"
"@BiscuitBuns-dj1sn","UCMzXWeczSWT71MvLeOk_Gkw","http://www.youtube.com/@BiscuitBuns-dj1sn","Imagine Goku if he wasn't wearing weighted clothes all the time","4","2025-11-16T22:25:00Z","2025-11-16T22:25:00Z","True","True","0","0","[]","AehmVkQemVU","The Moment BeforeDisaster 🥶💀 || Dragon Ball Super || Goku Edit🗿|| #goku#edit#anime#dragonballsuper","4","Mais longos"
"@kushbansal3125","UCW9N84P6U33vV-BogxMGipQ","http://www.youtube.com/@kushbansal3125","Bro Unlock two legendary form mui and Green form ☠️☠️☠️☠️☠️","12","2025-10-23T17:28:27Z","2025-12-08T16:13:34Z","True","True","1","1","[{'autor': '@sreejishakk8625', 'comentario': 'The green is legendary super Saiyan.', 'likes': 0, 'publicado_em': '2025-12-11T15:58:02Z'}]","AehmVkQemVU","The Moment BeforeDisaster 🥶💀 || Dragon Ball Super || Goku Edit🗿|| #goku#edit#anime#dragonballsuper","4","Mais longos"
"@vipulsolanki110","UCu_7SV6lXzAWZtqKm7nBGtQ","http://www.youtube.com/@vipulsolanki110","Bro went too far from ssjg to mastered ultra instinct ssj1💀","7","2025-10-23T17:30:24Z","2025-10-23T17:30:24Z","True","True","0","0","[]","AehmVkQemVU","The Moment BeforeDisaster 🥶💀 || Dragon Ball Super || Goku Edit🗿|| #goku#edit#anime#dragonballsuper","4","Mais longos"
"@Userjh672","UCi61PI5kLbSWKnnCG5i_PtA","http://www.youtube.com/@Userjh672","2 seconds of Ultra Instinct was enough to hype the movie😅","16","2025-11-17T17:17:10Z","2025-11-17T17:17:10Z","True","True","0","0","[]","AehmVkQemVU","The Moment BeforeDisaster 🥶💀 || Dragon Ball Super || Goku Edit🗿|| #goku#edit#anime#dragonballsuper","4","Mais longos"
"@johnnwaodu4383","UCJNJooScDsnk7vONft08asw","http://www.youtube.com/@johnnwaodu4383","This edit was so cold he didn’t give us a blanket 🥶🥶🥶🥶","10","2025-11-18T09:55:54Z","2025-11-18T09:55:54Z","True","True","1","1","[{'autor': '@mrehman3555', 'comentario': 'Goku ❤❤❤❤❤', 'likes': 2, 'publicado_em': '2025-11-18T14:04:11Z'}]","AehmVkQemVU","The Moment BeforeDisaster 🥶💀 || Dragon Ball Super || Goku Edit🗿|| #goku#edit#anime#dragonballsuper","4","Mais longos"
"@Jrsdsc","UCEwNQcMx09RcK9UbW0n6N4A","http://www.youtube.com/@Jrsdsc","Bro forgot he wasnt the main character for the movie","11","2025-11-06T21:13:06Z","2025-11-06T21:13:06Z","True","True","0","0","[]","AehmVkQemVU","The Moment BeforeDisaster 🥶💀 || Dragon Ball Super || Goku Edit🗿|| #goku#edit#anime#dragonballsuper","4","Mais longos"
"@Boeing74700","UC5DQ4Qu8fmp9iJyKo2Fv7xg","http://www.youtube.com/@Boeing74700","Bro said ultra instinct pass
Super saiyan god smash😂","3","2025-12-02T20:55:37Z","2025-12-02T20:55:37Z","True","True","0","0","[]","AehmVkQemVU","The Moment BeforeDisaster 🥶💀 || Dragon Ball Super || Goku Edit🗿|| #goku#edit#anime#dragonballsuper","4","Mais longos"
"@Victor-j7c3u","UCIC_NZecz2-F859u0byXhKA","http://www.youtube.com/@Victor-j7c3u","Bra unlocked ultra instinct without noticing 😮","88","2025-08-28T08:21:16Z","2025-08-28T08:21:16Z","True","True","9","5","[{'autor': '@Kason-m7c', 'comentario': ""He didn't unlock ultra instinct this is set after the tournament of power if you watched the movie you would have known this because in the movie Goku says something about Jiren so he already has ultra instinct"", 'likes': 9, 'publicado_em': '2025-09-14T04:43:09Z'}, {'autor': '@GAMERTHUGBOY', 'comentario': '\u200b@Kason-m7che means that goku did not notice he used ultra instinct', 'likes': 3, 'publicado_em': '2025-09-17T10:47:24Z'}, {'autor': '@Kason-m7c', 'comentario': ""@gamerthugboy I'm sorry for misunderstanding The way he worded it sounded like he's saying Goku unlocked it for the first time"", 'likes': 3, 'publicado_em': '2025-09-17T19:50:51Z'}, {'autor': '@mahmoudmerkache3279', 'comentario': 'ڨوكو😂😢🎉😊،', 'likes': 2, 'publicado_em': '2025-09-27T09:56:56Z'}, {'autor': '@MR__Heisenberg737', 'comentario': ""\u200b@Kason-m7cunlocking doesn't mean first time. A door can be unlocked a 2nd time. And at this present moment during the broly film Gokus UI door was not freely open it was still locked up so it required unlocking a few more times"", 'likes': 1, 'publicado_em': '2025-09-27T17:37:54Z'}]","AehmVkQemVU","The Moment BeforeDisaster 🥶💀 || Dragon Ball Super || Goku Edit🗿|| #goku#edit#anime#dragonballsuper","4","Mais longos"
"@literaly-no-one38737","UCFxayGCD9fgAP2AtUsW-I3Q","http://www.youtube.com/@literaly-no-one38737","Bro remembers there’s 45mins left in the movie","5","2025-11-17T20:33:36Z","2025-11-17T20:33:36Z","True","True","0","0","[]","AehmVkQemVU","The Moment BeforeDisaster 🥶💀 || Dragon Ball Super || Goku Edit🗿|| #goku#edit#anime#dragonballsuper","4","Mais longos"
"@KashannaEdwards","UCYkaj8W_AJrdqu55Z0Njuag","http://www.youtube.com/@KashannaEdwards","He passed ultra instinct and went super blue😂","7","2025-11-15T01:12:31Z","2025-11-15T01:12:31Z","True","True","0","0","[]","AehmVkQemVU","The Moment BeforeDisaster 🥶💀 || Dragon Ball Super || Goku Edit🗿|| #goku#edit#anime#dragonballsuper","4","Mais longos"
"@Rocking_gamer_9318","UCl9fkJpkIFUHmC3naYeMskg","http://www.youtube.com/@Rocking_gamer_9318","Bro unlocked ultra instinct without noticing","14","2025-11-08T13:28:32Z","2025-11-08T13:28:32Z","True","True","0","0","[]","AehmVkQemVU","The Moment BeforeDisaster 🥶💀 || Dragon Ball Super || Goku Edit🗿|| #goku#edit#anime#dragonballsuper","4","Mais longos"
"@DanishIrfan-z4j","UCAfwSEp6q1iqCK09Ec2TeNg","http://www.youtube.com/@DanishIrfan-z4j","Ultra instinct for a second in the movie","209","2025-09-20T13:29:22Z","2025-09-20T13:29:22Z","True","True","9","5","[{'autor': '@LeandroGonzalezVazquez', 'comentario': 'Casi lo utilisaaa mi pana', 'likes': 5, 'publicado_em': '2025-10-01T05:23:29Z'}, {'autor': '@lord_ultimate729', 'comentario': 'Oku', 'likes': 6, 'publicado_em': '2025-10-18T10:45:12Z'}, {'autor': '@lord_ultimate729', 'comentario': 'Gokuu', 'likes': 4, 'publicado_em': '2025-10-18T10:48:00Z'}, {'autor': '@yashariajordan3311', 'comentario': '❤This guy was oozing ❤\nHfyfdkd\n🎉kinda', 'likes': 0, 'publicado_em': '2025-11-02T16:33:04Z'}, {'autor': '@Subhanis-kh4jx', 'comentario': 'True', 'likes': 2, 'publicado_em': '2025-11-03T02:49:18Z'}]","AehmVkQemVU","The Moment BeforeDisaster 🥶💀 || Dragon Ball Super || Goku Edit🗿|| #goku#edit#anime#dragonballsuper","4","Mais longos"
"@Jayplayz457","UCfpxDxZz4F6Vj5pVJBZK3fA","http://www.youtube.com/@Jayplayz457","Bro was scrolling transformations 😭💀","93","2025-11-08T00:26:15Z","2025-11-08T00:26:15Z","True","True","7","5","[{'autor': '@ChichiKaula-h4n', 'comentario': 'Yeah😂😂😂😂', 'likes': 5, 'publicado_em': '2025-11-22T05:29:41Z'}, {'autor': '@sarahblagbrough8785', 'comentario': '\u200b sxdtgn77', 'likes': 0, 'publicado_em': '2025-11-27T17:26:02Z'}, {'autor': '@Thehealthmaniacs', 'comentario': 'True 😂', 'likes': 2, 'publicado_em': '2025-12-03T12:26:33Z'}, {'autor': '@Basitabdul07', 'comentario': 'That’s true 😂😂😂😂😂😂', 'likes': 0, 'publicado_em': '2025-12-06T19:21:01Z'}, {'autor': '@murthy-qj8zq', 'comentario': '😢😢😢😢😢😢', 'likes': 0, 'publicado_em': '2025-12-07T12:52:14Z'}]","AehmVkQemVU","The Moment BeforeDisaster 🥶💀 || Dragon Ball Super || Goku Edit🗿|| #goku#edit#anime#dragonballsuper","4","Mais longos"
"@DonReaccion-09","UCNNLM0ruMsTlazb6N_MtmVQ","http://www.youtube.com/@DonReaccion-09","Estaba revisando el historial bro","7","2025-10-28T20:41:55Z","2025-10-28T20:41:55Z","True","True","0","0","[]","AehmVkQemVU","The Moment BeforeDisaster 🥶💀 || Dragon Ball Super || Goku Edit🗿|| #goku#edit#anime#dragonballsuper","4","Mais longos"
"@Raphaelpablo-f3d","UCTjTvNoSLp7RRz1MglmI39Q","http://www.youtube.com/@Raphaelpablo-f3d","Bro was so mad he skipped Blue","9","2025-11-15T14:40:48Z","2025-11-15T14:40:48Z","True","True","0","0","[]","AehmVkQemVU","The Moment BeforeDisaster 🥶💀 || Dragon Ball Super || Goku Edit🗿|| #goku#edit#anime#dragonballsuper","4","Mais longos"
"@El_potaxio","UCbncIdHfQbCDVgfHTRFRLdw","http://www.youtube.com/@El_potaxio","Bro got MUI for a second 💀💀","4","2025-11-15T17:17:52Z","2025-11-15T17:17:52Z","True","True","0","0","[]","AehmVkQemVU","The Moment BeforeDisaster 🥶💀 || Dragon Ball Super || Goku Edit🗿|| #goku#edit#anime#dragonballsuper","4","Mais longos"
"@CocekaJikana-z8b","UCE0d9s4pdbt1zdFiXquU0Rg","http://www.youtube.com/@CocekaJikana-z8b","When's brolys funeral","259","2025-08-26T15:41:43Z","2025-08-26T15:41:43Z","True","True","36","5","[{'autor': '@JEREMY_ROBLOXIAN', 'comentario': 'Manga', 'likes': 8, 'publicado_em': '2025-09-25T06:54:19Z'}, {'autor': '@goku4567-s', 'comentario': 'After some time later paragus will come too if freiza would let him 😂😂😂😂😂😂😂😂😂😂', 'likes': 9, 'publicado_em': '2025-09-25T14:18:04Z'}, {'autor': '@Ilikebannasyea', 'comentario': '24tg may 2026', 'likes': 0, 'publicado_em': '2025-09-26T20:56:52Z'}, {'autor': '@PedroGD1', 'comentario': 'Broly is practically almost semi-immortal', 'likes': 6, 'publicado_em': '2025-09-28T00:06:40Z'}, {'autor': '@ItsMaiOfficial', 'comentario': 'Now. Hello everyone. We all gather here today to *coughs* “celebrate” the life of *coughs again* Broly. You know what? I’m not doing this- GOKU BEAT HIS DEAD BUTT', 'likes': 0, 'publicado_em': '2025-09-28T20:38:30Z'}]","AehmVkQemVU","The Moment BeforeDisaster 🥶💀 || Dragon Ball Super || Goku Edit🗿|| #goku#edit#anime#dragonballsuper","4","Mais longos"
"@MACACO_TREMbala","UCJaHeaTaesY3-zIMTIJXT_w","http://www.youtube.com/@MACACO_TREMbala","Goku e vegeta perdendo até que: 
Gogeta entrou no chat","1","2025-12-02T16:25:50Z","2025-12-02T16:25:50Z","True","True","0","0","[]","_v_5xsBAHTs","GOKU humilha todos os DEUSES da DESTRUIÇÃO! #dragonballsuper #dbs #anime #dbz #animeedit #rafapro","1","Mais novos"
"@EzequielLealg","UCFzF-GTKDkV6bMuBxWDflwA","http://www.youtube.com/@EzequielLealg","Se tivesse essa luta... adeus Universo 7","0","2025-11-24T23:14:22Z","2025-11-24T23:14:22Z","True","True","0","0","[]","_v_5xsBAHTs","GOKU humilha todos os DEUSES da DESTRUIÇÃO! #dragonballsuper #dbs #anime #dbz #animeedit #rafapro","1","Mais novos"
"@josemartinssilva2154","UCZtzCT4IFBlQgbjbFUzA73g","http://www.youtube.com/@josemartinssilva2154","QUEREMOS🎉🎉 VAI SER MUITO MAÇA ESSA BRIGA","1","2025-11-18T09:03:19Z","2025-11-18T09:03:19Z","True","True","0","0","[]","_v_5xsBAHTs","GOKU humilha todos os DEUSES da DESTRUIÇÃO! #dragonballsuper #dbs #anime #dbz #animeedit #rafapro","1","Mais novos"
"@thiagosykes6147","UCXQC-Mjg2ySIWADfgxH0yUw","http://www.youtube.com/@thiagosykes6147","Seria massa demais, tá doido","1","2025-11-16T21:29:10Z","2025-11-16T21:29:10Z","True","True","0","0","[]","_v_5xsBAHTs","GOKU humilha todos os DEUSES da DESTRUIÇÃO! #dragonballsuper #dbs #anime #dbz #animeedit #rafapro","1","Mais novos"
"@gustavodiniz9608","UC6mkAXu2cyvnoyq2p9QuqYA","http://www.youtube.com/@gustavodiniz9608","É qual episódio de Dragon ball hero","1","2025-11-01T19:57:12Z","2025-11-01T19:57:12Z","True","True","0","0","[]","_v_5xsBAHTs","GOKU humilha todos os DEUSES da DESTRUIÇÃO! #dragonballsuper #dbs #anime #dbz #animeedit #rafapro","1","Mais novos"
"@ElaineMatos-f6y","UCKmPDeliXXBBlN4IHCpYcIg","http://www.youtube.com/@ElaineMatos-f6y","Nossa bius 😮","0","2025-10-26T04:19:36Z","2025-10-26T04:19:36Z","True","True","0","0","[]","_v_5xsBAHTs","GOKU humilha todos os DEUSES da DESTRUIÇÃO! #dragonballsuper #dbs #anime #dbz #animeedit #rafapro","1","Mais novos"
"@neroff-s9j","UCyeMwOuUhISi9yRPowr7W8g","http://www.youtube.com/@neroff-s9j","Oloco","1","2025-10-16T12:02:10Z","2025-10-16T12:02:10Z","True","True","0","0","[]","_v_5xsBAHTs","GOKU humilha todos os DEUSES da DESTRUIÇÃO! #dragonballsuper #dbs #anime #dbz #animeedit #rafapro","1","Mais novos"
"@brunamachado6401","UCYb7PPNhO2SNAavaP-Lk0nQ","http://www.youtube.com/@brunamachado6401","Se loco","1","2025-10-05T00:10:43Z","2025-10-05T00:10:43Z","True","True","0","0","[]","_v_5xsBAHTs","GOKU humilha todos os DEUSES da DESTRUIÇÃO! #dragonballsuper #dbs #anime #dbz #animeedit #rafapro","1","Mais novos"
"@Felipefe-g","UCHChzPaT7Tdx0jVeoeMPNiQ","http://www.youtube.com/@Felipefe-g","Parabéns","2","2025-09-22T12:46:46Z","2025-09-22T12:46:46Z","True","True","0","0","[]","_v_5xsBAHTs","GOKU humilha todos os DEUSES da DESTRUIÇÃO! #dragonballsuper #dbs #anime #dbz #animeedit #rafapro","1","Mais novos"
"@VicentebernardinhoVic","UCx7vu0daIbWu8g4aHqQnY-w","http://www.youtube.com/@VicentebernardinhoVic","Até eles 😂😂😂","1","2025-08-19T04:17:14Z","2025-08-19T04:17:14Z","True","True","0","0","[]","_v_5xsBAHTs","GOKU humilha todos os DEUSES da DESTRUIÇÃO! #dragonballsuper #dbs #anime #dbz #animeedit #rafapro","1","Mais novos"
"@JoaoLucasdosAnjos-y4e9t","UCmcdXz-eGQuGHaIMwTaZXwA","http://www.youtube.com/@JoaoLucasdosAnjos-y4e9t","😮","2","2025-07-31T15:48:12Z","2025-07-31T15:48:12Z","True","True","0","0","[]","_v_5xsBAHTs","GOKU humilha todos os DEUSES da DESTRUIÇÃO! #dragonballsuper #dbs #anime #dbz #animeedit #rafapro","1","Mais novos"
"@Nnb-j7g4o","UCtiA6NlGeQOcO-1zvsmbBpA","http://www.youtube.com/@Nnb-j7g4o","❤️🎉","0","2025-07-29T21:59:31Z","2025-07-29T21:59:31Z","True","True","0","0","[]","_v_5xsBAHTs","GOKU humilha todos os DEUSES da DESTRUIÇÃO! #dragonballsuper #dbs #anime #dbz #animeedit #rafapro","1","Mais novos"
"@Chevette.653","UCIAfhBdSPAPhmk28LiChwgA","http://www.youtube.com/@Chevette.653","Esse aí fumou até o traficante, mas a história é boa, faz a continuação kkk","68","2025-07-17T22:34:29Z","2025-07-17T22:34:29Z","True","True","8","5","[{'autor': '@ClaudeteFernandes-zx2bz', 'comentario': '😂😂😂😂😂😂😂', 'likes': 0, 'publicado_em': '2025-07-26T19:44:47Z'}, {'autor': '@GuilhermeTorres-h3k', 'comentario': 'Mano ele n fumou,  é do heroes fala isso n , o heroes tem até anime.ele só tá contando a história do anime', 'likes': 0, 'publicado_em': '2025-10-06T15:10:13Z'}, {'autor': '@ntl_ed1tz', 'comentario': '\u200b@GuilhermeTorres-h3k e mano isso realmente aconteceu', 'likes': 0, 'publicado_em': '2025-10-07T00:32:47Z'}, {'autor': '@variante33', 'comentario': '\u200b@ntl_ed1tzsim pô realmente aconteceu,\n100% real 😂', 'likes': 0, 'publicado_em': '2025-10-13T20:55:14Z'}, {'autor': '@ntl_ed1tz', 'comentario': '\u200b@variante33tô falando mn kkkk', 'likes': 0, 'publicado_em': '2025-10-13T21:14:02Z'}]","_v_5xsBAHTs","GOKU humilha todos os DEUSES da DESTRUIÇÃO! #dragonballsuper #dbs #anime #dbz #animeedit #rafapro","1","Mais novos"
"@rayl.p4416","UCFW73SkktIFVGi5toZhAgRw","http://www.youtube.com/@rayl.p4416","acho engraçado que o Bills parece ter adotado o pessoal da terra como uma família, mesmo que não pareça","119","2025-07-16T22:51:37Z","2025-07-16T22:51:37Z","True","True","4","4","[{'autor': '@Felipefe-g', 'comentario': 'E vrdde', 'likes': 0, 'publicado_em': '2025-09-22T12:47:13Z'}, {'autor': '@KauanMarinho-e7m', 'comentario': 'Pprt da onde que um Deus da destruição vai criar sentimento assim? Certo que ele gosta da comida de lá mas msm assim n era pra ser desse jeito', 'likes': 1, 'publicado_em': '2025-09-26T00:02:13Z'}, {'autor': '@rayl.p4416', 'comentario': '\u200b@KauanMarinho-e7mna verdade não é por que ele é um Deus que ele não possa sentir afeto e desenvolver relação com os outros, bills por muitas vezes continuou mostrando a mesma imponência e poder de sempre, mas acho que por acabar convivendo bastante com o pessoal da terra e com a influência do whis, ele acabou de fato tendo esse sentimento de família por eles.', 'likes': 4, 'publicado_em': '2025-09-26T02:29:18Z'}, {'autor': '@pedrofalcao2916', 'comentario': '.', 'likes': 0, 'publicado_em': '2025-10-02T03:11:07Z'}]","_v_5xsBAHTs","GOKU humilha todos os DEUSES da DESTRUIÇÃO! #dragonballsuper #dbs #anime #dbz #animeedit #rafapro","1","Mais novos"
"@Nitsu016","UCcaS-kS-IHTHj407ts7ImHg","http://www.youtube.com/@Nitsu016","Esse cara ta fumando demais","42","2025-07-09T19:02:11Z","2025-07-09T19:02:11Z","True","True","7","5","[{'autor': '@Gabipvpla', 'comentario': 'Agradeça a ele, todo o cigarros acabaram e pai mais finalmente volto-', 'likes': 5, 'publicado_em': '2025-07-27T15:10:01Z'}, {'autor': '@Nitsu016', 'comentario': '\u200b@Gabipvplaele nois salvou!', 'likes': 0, 'publicado_em': '2025-07-27T15:12:43Z'}, {'autor': '@ntl_ed1tz', 'comentario': 'Mano isso realmente aconteceu kk', 'likes': 0, 'publicado_em': '2025-08-25T17:53:52Z'}, {'autor': '@thiagooperacaofsa1091', 'comentario': '\u200b@ntl_ed1tzN é essa animação é chamada de dragon ball heroes é uma fanfic', 'likes': 1, 'publicado_em': '2025-09-27T21:01:39Z'}, {'autor': '@GuilhermeTorres-h3k', 'comentario': '\u200b@thiagooperacaofsa1091n é fanfic é anime e manga', 'likes': 0, 'publicado_em': '2025-10-06T15:10:41Z'}]","_v_5xsBAHTs","GOKU humilha todos os DEUSES da DESTRUIÇÃO! #dragonballsuper #dbs #anime #dbz #animeedit #rafapro","1","Mais novos"
"@samuelsilveira5737","UCmg_eP88R5SNCs-aEyMN1Xg","http://www.youtube.com/@samuelsilveira5737","A única sequência possível séria  uma das fusão entre Goku e vegeta","3","2025-07-09T02:39:51Z","2025-07-09T02:39:51Z","True","True","0","0","[]","_v_5xsBAHTs","GOKU humilha todos os DEUSES da DESTRUIÇÃO! #dragonballsuper #dbs #anime #dbz #animeedit #rafapro","1","Mais novos"
"@wemersonfernandez2858","UCTfz-e0HhsE78m_yHNhFQwQ","http://www.youtube.com/@wemersonfernandez2858","Não tem uma palavra verdadeira KKKK tudo imaginação","158","2025-07-07T13:51:41Z","2025-07-07T13:51:41Z","True","True","12","5","[{'autor': '@Kaikecom2k', 'comentario': 'Mano eu não sei porque as pessoas ainda não comentam isso nesses vídeos QUE É CLARAMENTE UMA FANFIC', 'likes': 11, 'publicado_em': '2025-07-28T03:24:58Z'}, {'autor': '@rickzin10k', 'comentario': '\u200b@Kaikecom2ké verdadeiro. Eu assisti', 'likes': 2, 'publicado_em': '2025-09-07T17:31:30Z'}, {'autor': '@NostaRafaelNdava', 'comentario': '😮😮😮😮😮tir', 'likes': 2, 'publicado_em': '2025-09-09T11:24:42Z'}, {'autor': '@reginacelle1861', 'comentario': '7', 'likes': 0, 'publicado_em': '2025-09-17T03:05:02Z'}, {'autor': '@StanleySince-h3f', 'comentario': 'Vc que e foda 😂😂', 'likes': 2, 'publicado_em': '2025-09-29T11:04:50Z'}]","_v_5xsBAHTs","GOKU humilha todos os DEUSES da DESTRUIÇÃO! #dragonballsuper #dbs #anime #dbz #animeedit #rafapro","1","Mais novos"
"@PauloVictorFiuzadesouza","UCFg9Lh6pB1bGzrsr7yzUTvQ","http://www.youtube.com/@PauloVictorFiuzadesouza","Sim quero muito","2","2025-07-05T20:19:36Z","2025-07-05T20:19:36Z","True","True","0","0","[]","_v_5xsBAHTs","GOKU humilha todos os DEUSES da DESTRUIÇÃO! #dragonballsuper #dbs #anime #dbz #animeedit #rafapro","1","Mais novos"
"@andreandre2230","UClJpQ4TgRw-6ATY7O3KmPFA","http://www.youtube.com/@andreandre2230","Queremos","6","2025-07-04T00:38:22Z","2025-07-04T00:38:22Z","True","True","0","0","[]","_v_5xsBAHTs","GOKU humilha todos os DEUSES da DESTRUIÇÃO! #dragonballsuper #dbs #anime #dbz #animeedit #rafapro","1","Mais novos"
"@MiguelSilva-i8k9i","UC035zWz8VIPXwu7V4oGWqaQ","http://www.youtube.com/@MiguelSilva-i8k9i","Sim","14","2025-07-03T21:21:23Z","2025-07-03T21:21:23Z","True","True","1","1","[{'autor': '@CaiosilvaPereira-u8l', 'comentario': ':O Zeno wath fuck amigo tu está louco', 'likes': 1, 'publicado_em': '2025-07-09T17:52:47Z'}]","_v_5xsBAHTs","GOKU humilha todos os DEUSES da DESTRUIÇÃO! #dragonballsuper #dbs #anime #dbz #animeedit #rafapro","1","Mais novos"
"@MiguelSilva-i8k9i","UC035zWz8VIPXwu7V4oGWqaQ","http://www.youtube.com/@MiguelSilva-i8k9i","Sim","14","2025-07-03T21:21:23Z","2025-07-03T21:21:23Z","True","True","1","1","[{'autor': '@CaiosilvaPereira-u8l', 'comentario': ':O Zeno wath fuck amigo tu está louco', 'likes': 1, 'publicado_em': '2025-07-09T17:52:47Z'}]","_v_5xsBAHTs","GOKU humilha todos os DEUSES da DESTRUIÇÃO! #dragonballsuper #dbs #anime #dbz #animeedit #rafapro","2","Mais antigos"
"@andreandre2230","UClJpQ4TgRw-6ATY7O3KmPFA","http://www.youtube.com/@andreandre2230","Queremos","6","2025-07-04T00:38:22Z","2025-07-04T00:38:22Z","True","True","0","0","[]","_v_5xsBAHTs","GOKU humilha todos os DEUSES da DESTRUIÇÃO! #dragonballsuper #dbs #anime #dbz #animeedit #rafapro","2","Mais antigos"
"@PauloVictorFiuzadesouza","UCFg9Lh6pB1bGzrsr7yzUTvQ","http://www.youtube.com/@PauloVictorFiuzadesouza","Sim quero muito","2","2025-07-05T20:19:36Z","2025-07-05T20:19:36Z","True","True","0","0","[]","_v_5xsBAHTs","GOKU humilha todos os DEUSES da DESTRUIÇÃO! #dragonballsuper #dbs #anime #dbz #animeedit #rafapro","2","Mais antigos"
"@wemersonfernandez2858","UCTfz-e0HhsE78m_yHNhFQwQ","http://www.youtube.com/@wemersonfernandez2858","Não tem uma palavra verdadeira KKKK tudo imaginação","158","2025-07-07T13:51:41Z","2025-07-07T13:51:41Z","True","True","12","5","[{'autor': '@Kaikecom2k', 'comentario': 'Mano eu não sei porque as pessoas ainda não comentam isso nesses vídeos QUE É CLARAMENTE UMA FANFIC', 'likes': 11, 'publicado_em': '2025-07-28T03:24:58Z'}, {'autor': '@rickzin10k', 'comentario': '\u200b@Kaikecom2ké verdadeiro. Eu assisti', 'likes': 2, 'publicado_em': '2025-09-07T17:31:30Z'}, {'autor': '@NostaRafaelNdava', 'comentario': '😮😮😮😮😮tir', 'likes': 2, 'publicado_em': '2025-09-09T11:24:42Z'}, {'autor': '@reginacelle1861', 'comentario': '7', 'likes': 0, 'publicado_em': '2025-09-17T03:05:02Z'}, {'autor': '@StanleySince-h3f', 'comentario': 'Vc que e foda 😂😂', 'likes': 2, 'publicado_em': '2025-09-29T11:04:50Z'}]","_v_5xsBAHTs","GOKU humilha todos os DEUSES da DESTRUIÇÃO! #dragonballsuper #dbs #anime #dbz #animeedit #rafapro","2","Mais antigos"
"@samuelsilveira5737","UCmg_eP88R5SNCs-aEyMN1Xg","http://www.youtube.com/@samuelsilveira5737","A única sequência possível séria  uma das fusão entre Goku e vegeta","3","2025-07-09T02:39:51Z","2025-07-09T02:39:51Z","True","True","0","0","[]","_v_5xsBAHTs","GOKU humilha todos os DEUSES da DESTRUIÇÃO! #dragonballsuper #dbs #anime #dbz #animeedit #rafapro","2","Mais antigos"
"@Nitsu016","UCcaS-kS-IHTHj407ts7ImHg","http://www.youtube.com/@Nitsu016","Esse cara ta fumando demais","42","2025-07-09T19:02:11Z","2025-07-09T19:02:11Z","True","True","7","5","[{'autor': '@Gabipvpla', 'comentario': 'Agradeça a ele, todo o cigarros acabaram e pai mais finalmente volto-', 'likes': 5, 'publicado_em': '2025-07-27T15:10:01Z'}, {'autor': '@Nitsu016', 'comentario': '\u200b@Gabipvplaele nois salvou!', 'likes': 0, 'publicado_em': '2025-07-27T15:12:43Z'}, {'autor': '@ntl_ed1tz', 'comentario': 'Mano isso realmente aconteceu kk', 'likes': 0, 'publicado_em': '2025-08-25T17:53:52Z'}, {'autor': '@thiagooperacaofsa1091', 'comentario': '\u200b@ntl_ed1tzN é essa animação é chamada de dragon ball heroes é uma fanfic', 'likes': 1, 'publicado_em': '2025-09-27T21:01:39Z'}, {'autor': '@GuilhermeTorres-h3k', 'comentario': '\u200b@thiagooperacaofsa1091n é fanfic é anime e manga', 'likes': 0, 'publicado_em': '2025-10-06T15:10:41Z'}]","_v_5xsBAHTs","GOKU humilha todos os DEUSES da DESTRUIÇÃO! #dragonballsuper #dbs #anime #dbz #animeedit #rafapro","2","Mais antigos"
"@rayl.p4416","UCFW73SkktIFVGi5toZhAgRw","http://www.youtube.com/@rayl.p4416","acho engraçado que o Bills parece ter adotado o pessoal da terra como uma família, mesmo que não pareça","119","2025-07-16T22:51:37Z","2025-07-16T22:51:37Z","True","True","4","4","[{'autor': '@Felipefe-g', 'comentario': 'E vrdde', 'likes': 0, 'publicado_em': '2025-09-22T12:47:13Z'}, {'autor': '@KauanMarinho-e7m', 'comentario': 'Pprt da onde que um Deus da destruição vai criar sentimento assim? Certo que ele gosta da comida de lá mas msm assim n era pra ser desse jeito', 'likes': 1, 'publicado_em': '2025-09-26T00:02:13Z'}, {'autor': '@rayl.p4416', 'comentario': '\u200b@KauanMarinho-e7mna verdade não é por que ele é um Deus que ele não possa sentir afeto e desenvolver relação com os outros, bills por muitas vezes continuou mostrando a mesma imponência e poder de sempre, mas acho que por acabar convivendo bastante com o pessoal da terra e com a influência do whis, ele acabou de fato tendo esse sentimento de família por eles.', 'likes': 4, 'publicado_em': '2025-09-26T02:29:18Z'}, {'autor': '@pedrofalcao2916', 'comentario': '.', 'likes': 0, 'publicado_em': '2025-10-02T03:11:07Z'}]","_v_5xsBAHTs","GOKU humilha todos os DEUSES da DESTRUIÇÃO! #dragonballsuper #dbs #anime #dbz #animeedit #rafapro","2","Mais antigos"
"@Chevette.653","UCIAfhBdSPAPhmk28LiChwgA","http://www.youtube.com/@Chevette.653","Esse aí fumou até o traficante, mas a história é boa, faz a continuação kkk","68","2025-07-17T22:34:29Z","2025-07-17T22:34:29Z","True","True","8","5","[{'autor': '@ClaudeteFernandes-zx2bz', 'comentario': '😂😂😂😂😂😂😂', 'likes': 0, 'publicado_em': '2025-07-26T19:44:47Z'}, {'autor': '@GuilhermeTorres-h3k', 'comentario': 'Mano ele n fumou,  é do heroes fala isso n , o heroes tem até anime.ele só tá contando a história do anime', 'likes': 0, 'publicado_em': '2025-10-06T15:10:13Z'}, {'autor': '@ntl_ed1tz', 'comentario': '\u200b@GuilhermeTorres-h3k e mano isso realmente aconteceu', 'likes': 0, 'publicado_em': '2025-10-07T00:32:47Z'}, {'autor': '@variante33', 'comentario': '\u200b@ntl_ed1tzsim pô realmente aconteceu,\n100% real 😂', 'likes': 0, 'publicado_em': '2025-10-13T20:55:14Z'}, {'autor': '@ntl_ed1tz', 'comentario': '\u200b@variante33tô falando mn kkkk', 'likes': 0, 'publicado_em': '2025-10-13T21:14:02Z'}]","_v_5xsBAHTs","GOKU humilha todos os DEUSES da DESTRUIÇÃO! #dragonballsuper #dbs #anime #dbz #animeedit #rafapro","2","Mais antigos"
"@Nnb-j7g4o","UCtiA6NlGeQOcO-1zvsmbBpA","http://www.youtube.com/@Nnb-j7g4o","❤️🎉","0","2025-07-29T21:59:31Z","2025-07-29T21:59:31Z","True","True","0","0","[]","_v_5xsBAHTs","GOKU humilha todos os DEUSES da DESTRUIÇÃO! #dragonballsuper #dbs #anime #dbz #animeedit #rafapro","2","Mais antigos"
"@JoaoLucasdosAnjos-y4e9t","UCmcdXz-eGQuGHaIMwTaZXwA","http://www.youtube.com/@JoaoLucasdosAnjos-y4e9t","😮","2","2025-07-31T15:48:12Z","2025-07-31T15:48:12Z","True","True","0","0","[]","_v_5xsBAHTs","GOKU humilha todos os DEUSES da DESTRUIÇÃO! #dragonballsuper #dbs #anime #dbz #animeedit #rafapro","2","Mais antigos"
"@VicentebernardinhoVic","UCx7vu0daIbWu8g4aHqQnY-w","http://www.youtube.com/@VicentebernardinhoVic","Até eles 😂😂😂","1","2025-08-19T04:17:14Z","2025-08-19T04:17:14Z","True","True","0","0","[]","_v_5xsBAHTs","GOKU humilha todos os DEUSES da DESTRUIÇÃO! #dragonballsuper #dbs #anime #dbz #animeedit #rafapro","2","Mais antigos"
"@Felipefe-g","UCHChzPaT7Tdx0jVeoeMPNiQ","http://www.youtube.com/@Felipefe-g","Parabéns","2","2025-09-22T12:46:46Z","2025-09-22T12:46:46Z","True","True","0","0","[]","_v_5xsBAHTs","GOKU humilha todos os DEUSES da DESTRUIÇÃO! #dragonballsuper #dbs #anime #dbz #animeedit #rafapro","2","Mais antigos"
"@brunamachado6401","UCYb7PPNhO2SNAavaP-Lk0nQ","http://www.youtube.com/@brunamachado6401","Se loco","1","2025-10-05T00:10:43Z","2025-10-05T00:10:43Z","True","True","0","0","[]","_v_5xsBAHTs","GOKU humilha todos os DEUSES da DESTRUIÇÃO! #dragonballsuper #dbs #anime #dbz #animeedit #rafapro","2","Mais antigos"
"@neroff-s9j","UCyeMwOuUhISi9yRPowr7W8g","http://www.youtube.com/@neroff-s9j","Oloco","1","2025-10-16T12:02:10Z","2025-10-16T12:02:10Z","True","True","0","0","[]","_v_5xsBAHTs","GOKU humilha todos os DEUSES da DESTRUIÇÃO! #dragonballsuper #dbs #anime #dbz #animeedit #rafapro","2","Mais antigos"
"@ElaineMatos-f6y","UCKmPDeliXXBBlN4IHCpYcIg","http://www.youtube.com/@ElaineMatos-f6y","Nossa bius 😮","0","2025-10-26T04:19:36Z","2025-10-26T04:19:36Z","True","True","0","0","[]","_v_5xsBAHTs","GOKU humilha todos os DEUSES da DESTRUIÇÃO! #dragonballsuper #dbs #anime #dbz #animeedit #rafapro","2","Mais antigos"
"@gustavodiniz9608","UC6mkAXu2cyvnoyq2p9QuqYA","http://www.youtube.com/@gustavodiniz9608","É qual episódio de Dragon ball hero","1","2025-11-01T19:57:12Z","2025-11-01T19:57:12Z","True","True","0","0","[]","_v_5xsBAHTs","GOKU humilha todos os DEUSES da DESTRUIÇÃO! #dragonballsuper #dbs #anime #dbz #animeedit #rafapro","2","Mais antigos"
"@thiagosykes6147","UCXQC-Mjg2ySIWADfgxH0yUw","http://www.youtube.com/@thiagosykes6147","Seria massa demais, tá doido","1","2025-11-16T21:29:10Z","2025-11-16T21:29:10Z","True","True","0","0","[]","_v_5xsBAHTs","GOKU humilha todos os DEUSES da DESTRUIÇÃO! #dragonballsuper #dbs #anime #dbz #animeedit #rafapro","2","Mais antigos"
"@josemartinssilva2154","UCZtzCT4IFBlQgbjbFUzA73g","http://www.youtube.com/@josemartinssilva2154","QUEREMOS🎉🎉 VAI SER MUITO MAÇA ESSA BRIGA","1","2025-11-18T09:03:19Z","2025-11-18T09:03:19Z","True","True","0","0","[]","_v_5xsBAHTs","GOKU humilha todos os DEUSES da DESTRUIÇÃO! #dragonballsuper #dbs #anime #dbz #animeedit #rafapro","2","Mais antigos"
"@EzequielLealg","UCFzF-GTKDkV6bMuBxWDflwA","http://www.youtube.com/@EzequielLealg","Se tivesse essa luta... adeus Universo 7","0","2025-11-24T23:14:22Z","2025-11-24T23:14:22Z","True","True","0","0","[]","_v_5xsBAHTs","GOKU humilha todos os DEUSES da DESTRUIÇÃO! #dragonballsuper #dbs #anime #dbz #animeedit #rafapro","2","Mais antigos"
"@MACACO_TREMbala","UCJaHeaTaesY3-zIMTIJXT_w","http://www.youtube.com/@MACACO_TREMbala","Goku e vegeta perdendo até que: 
Gogeta entrou no chat","1","2025-12-02T16:25:50Z","2025-12-02T16:25:50Z","True","True","0","0","[]","_v_5xsBAHTs","GOKU humilha todos os DEUSES da DESTRUIÇÃO! #dragonballsuper #dbs #anime #dbz #animeedit #rafapro","2","Mais antigos"
"@wemersonfernandez2858","UCTfz-e0HhsE78m_yHNhFQwQ","http://www.youtube.com/@wemersonfernandez2858","Não tem uma palavra verdadeira KKKK tudo imaginação","158","2025-07-07T13:51:41Z","2025-07-07T13:51:41Z","True","True","12","5","[{'autor': '@Kaikecom2k', 'comentario': 'Mano eu não sei porque as pessoas ainda não comentam isso nesses vídeos QUE É CLARAMENTE UMA FANFIC', 'likes': 11, 'publicado_em': '2025-07-28T03:24:58Z'}, {'autor': '@rickzin10k', 'comentario': '\u200b@Kaikecom2ké verdadeiro. Eu assisti', 'likes': 2, 'publicado_em': '2025-09-07T17:31:30Z'}, {'autor': '@NostaRafaelNdava', 'comentario': '😮😮😮😮😮tir', 'likes': 2, 'publicado_em': '2025-09-09T11:24:42Z'}, {'autor': '@reginacelle1861', 'comentario': '7', 'likes': 0, 'publicado_em': '2025-09-17T03:05:02Z'}, {'autor': '@StanleySince-h3f', 'comentario': 'Vc que e foda 😂😂', 'likes': 2, 'publicado_em': '2025-09-29T11:04:50Z'}]","_v_5xsBAHTs","GOKU humilha todos os DEUSES da DESTRUIÇÃO! #dragonballsuper #dbs #anime #dbz #animeedit #rafapro","3","Mais curtidos"
"@rayl.p4416","UCFW73SkktIFVGi5toZhAgRw","http://www.youtube.com/@rayl.p4416","acho engraçado que o Bills parece ter adotado o pessoal da terra como uma família, mesmo que não pareça","119","2025-07-16T22:51:37Z","2025-07-16T22:51:37Z","True","True","4","4","[{'autor': '@Felipefe-g', 'comentario': 'E vrdde', 'likes': 0, 'publicado_em': '2025-09-22T12:47:13Z'}, {'autor': '@KauanMarinho-e7m', 'comentario': 'Pprt da onde que um Deus da destruição vai criar sentimento assim? Certo que ele gosta da comida de lá mas msm assim n era pra ser desse jeito', 'likes': 1, 'publicado_em': '2025-09-26T00:02:13Z'}, {'autor': '@rayl.p4416', 'comentario': '\u200b@KauanMarinho-e7mna verdade não é por que ele é um Deus que ele não possa sentir afeto e desenvolver relação com os outros, bills por muitas vezes continuou mostrando a mesma imponência e poder de sempre, mas acho que por acabar convivendo bastante com o pessoal da terra e com a influência do whis, ele acabou de fato tendo esse sentimento de família por eles.', 'likes': 4, 'publicado_em': '2025-09-26T02:29:18Z'}, {'autor': '@pedrofalcao2916', 'comentario': '.', 'likes': 0, 'publicado_em': '2025-10-02T03:11:07Z'}]","_v_5xsBAHTs","GOKU humilha todos os DEUSES da DESTRUIÇÃO! #dragonballsuper #dbs #anime #dbz #animeedit #rafapro","3","Mais curtidos"
"@Chevette.653","UCIAfhBdSPAPhmk28LiChwgA","http://www.youtube.com/@Chevette.653","Esse aí fumou até o traficante, mas a história é boa, faz a continuação kkk","68","2025-07-17T22:34:29Z","2025-07-17T22:34:29Z","True","True","8","5","[{'autor': '@ClaudeteFernandes-zx2bz', 'comentario': '😂😂😂😂😂😂😂', 'likes': 0, 'publicado_em': '2025-07-26T19:44:47Z'}, {'autor': '@GuilhermeTorres-h3k', 'comentario': 'Mano ele n fumou,  é do heroes fala isso n , o heroes tem até anime.ele só tá contando a história do anime', 'likes': 0, 'publicado_em': '2025-10-06T15:10:13Z'}, {'autor': '@ntl_ed1tz', 'comentario': '\u200b@GuilhermeTorres-h3k e mano isso realmente aconteceu', 'likes': 0, 'publicado_em': '2025-10-07T00:32:47Z'}, {'autor': '@variante33', 'comentario': '\u200b@ntl_ed1tzsim pô realmente aconteceu,\n100% real 😂', 'likes': 0, 'publicado_em': '2025-10-13T20:55:14Z'}, {'autor': '@ntl_ed1tz', 'comentario': '\u200b@variante33tô falando mn kkkk', 'likes': 0, 'publicado_em': '2025-10-13T21:14:02Z'}]","_v_5xsBAHTs","GOKU humilha todos os DEUSES da DESTRUIÇÃO! #dragonballsuper #dbs #anime #dbz #animeedit #rafapro","3","Mais curtidos"
"@Nitsu016","UCcaS-kS-IHTHj407ts7ImHg","http://www.youtube.com/@Nitsu016","Esse cara ta fumando demais","42","2025-07-09T19:02:11Z","2025-07-09T19:02:11Z","True","True","7","5","[{'autor': '@Gabipvpla', 'comentario': 'Agradeça a ele, todo o cigarros acabaram e pai mais finalmente volto-', 'likes': 5, 'publicado_em': '2025-07-27T15:10:01Z'}, {'autor': '@Nitsu016', 'comentario': '\u200b@Gabipvplaele nois salvou!', 'likes': 0, 'publicado_em': '2025-07-27T15:12:43Z'}, {'autor': '@ntl_ed1tz', 'comentario': 'Mano isso realmente aconteceu kk', 'likes': 0, 'publicado_em': '2025-08-25T17:53:52Z'}, {'autor': '@thiagooperacaofsa1091', 'comentario': '\u200b@ntl_ed1tzN é essa animação é chamada de dragon ball heroes é uma fanfic', 'likes': 1, 'publicado_em': '2025-09-27T21:01:39Z'}, {'autor': '@GuilhermeTorres-h3k', 'comentario': '\u200b@thiagooperacaofsa1091n é fanfic é anime e manga', 'likes': 0, 'publicado_em': '2025-10-06T15:10:41Z'}]","_v_5xsBAHTs","GOKU humilha todos os DEUSES da DESTRUIÇÃO! #dragonballsuper #dbs #anime #dbz #animeedit #rafapro","3","Mais curtidos"
"@MiguelSilva-i8k9i","UC035zWz8VIPXwu7V4oGWqaQ","http://www.youtube.com/@MiguelSilva-i8k9i","Sim","14","2025-07-03T21:21:23Z","2025-07-03T21:21:23Z","True","True","1","1","[{'autor': '@CaiosilvaPereira-u8l', 'comentario': ':O Zeno wath fuck amigo tu está louco', 'likes': 1, 'publicado_em': '2025-07-09T17:52:47Z'}]","_v_5xsBAHTs","GOKU humilha todos os DEUSES da DESTRUIÇÃO! #dragonballsuper #dbs #anime #dbz #animeedit #rafapro","3","Mais curtidos"
"@andreandre2230","UClJpQ4TgRw-6ATY7O3KmPFA","http://www.youtube.com/@andreandre2230","Queremos","6","2025-07-04T00:38:22Z","2025-07-04T00:38:22Z","True","True","0","0","[]","_v_5xsBAHTs","GOKU humilha todos os DEUSES da DESTRUIÇÃO! #dragonballsuper #dbs #anime #dbz #animeedit #rafapro","3","Mais curtidos"
"@samuelsilveira5737","UCmg_eP88R5SNCs-aEyMN1Xg","http://www.youtube.com/@samuelsilveira5737","A única sequência possível séria  uma das fusão entre Goku e vegeta","3","2025-07-09T02:39:51Z","2025-07-09T02:39:51Z","True","True","0","0","[]","_v_5xsBAHTs","GOKU humilha todos os DEUSES da DESTRUIÇÃO! #dragonballsuper #dbs #anime #dbz #animeedit #rafapro","3","Mais curtidos"
"@Felipefe-g","UCHChzPaT7Tdx0jVeoeMPNiQ","http://www.youtube.com/@Felipefe-g","Parabéns","2","2025-09-22T12:46:46Z","2025-09-22T12:46:46Z","True","True","0","0","[]","_v_5xsBAHTs","GOKU humilha todos os DEUSES da DESTRUIÇÃO! #dragonballsuper #dbs #anime #dbz #animeedit #rafapro","3","Mais curtidos"
"@JoaoLucasdosAnjos-y4e9t","UCmcdXz-eGQuGHaIMwTaZXwA","http://www.youtube.com/@JoaoLucasdosAnjos-y4e9t","😮","2","2025-07-31T15:48:12Z","2025-07-31T15:48:12Z","True","True","0","0","[]","_v_5xsBAHTs","GOKU humilha todos os DEUSES da DESTRUIÇÃO! #dragonballsuper #dbs #anime #dbz #animeedit #rafapro","3","Mais curtidos"
"@PauloVictorFiuzadesouza","UCFg9Lh6pB1bGzrsr7yzUTvQ","http://www.youtube.com/@PauloVictorFiuzadesouza","Sim quero muito","2","2025-07-05T20:19:36Z","2025-07-05T20:19:36Z","True","True","0","0","[]","_v_5xsBAHTs","GOKU humilha todos os DEUSES da DESTRUIÇÃO! #dragonballsuper #dbs #anime #dbz #animeedit #rafapro","3","Mais curtidos"
"@thiagosykes6147","UCXQC-Mjg2ySIWADfgxH0yUw","http://www.youtube.com/@thiagosykes6147","Seria massa demais, tá doido","1","2025-11-16T21:29:10Z","2025-11-16T21:29:10Z","True","True","0","0","[]","_v_5xsBAHTs","GOKU humilha todos os DEUSES da DESTRUIÇÃO! #dragonballsuper #dbs #anime #dbz #animeedit #rafapro","3","Mais curtidos"
"@neroff-s9j","UCyeMwOuUhISi9yRPowr7W8g","http://www.youtube.com/@neroff-s9j","Oloco","1","2025-10-16T12:02:10Z","2025-10-16T12:02:10Z","True","True","0","0","[]","_v_5xsBAHTs","GOKU humilha todos os DEUSES da DESTRUIÇÃO! #dragonballsuper #dbs #anime #dbz #animeedit #rafapro","3","Mais curtidos"
"@josemartinssilva2154","UCZtzCT4IFBlQgbjbFUzA73g","http://www.youtube.com/@josemartinssilva2154","QUEREMOS🎉🎉 VAI SER MUITO MAÇA ESSA BRIGA","1","2025-11-18T09:03:19Z","2025-11-18T09:03:19Z","True","True","0","0","[]","_v_5xsBAHTs","GOKU humilha todos os DEUSES da DESTRUIÇÃO! #dragonballsuper #dbs #anime #dbz #animeedit #rafapro","3","Mais curtidos"
"@VicentebernardinhoVic","UCx7vu0daIbWu8g4aHqQnY-w","http://www.youtube.com/@VicentebernardinhoVic","Até eles 😂😂😂","1","2025-08-19T04:17:14Z","2025-08-19T04:17:14Z","True","True","0","0","[]","_v_5xsBAHTs","GOKU humilha todos os DEUSES da DESTRUIÇÃO! #dragonballsuper #dbs #anime #dbz #animeedit #rafapro","3","Mais curtidos"
"@brunamachado6401","UCYb7PPNhO2SNAavaP-Lk0nQ","http://www.youtube.com/@brunamachado6401","Se loco","1","2025-10-05T00:10:43Z","2025-10-05T00:10:43Z","True","True","0","0","[]","_v_5xsBAHTs","GOKU humilha todos os DEUSES da DESTRUIÇÃO! #dragonballsuper #dbs #anime #dbz #animeedit #rafapro","3","Mais curtidos"
"@gustavodiniz9608","UC6mkAXu2cyvnoyq2p9QuqYA","http://www.youtube.com/@gustavodiniz9608","É qual episódio de Dragon ball hero","1","2025-11-01T19:57:12Z","2025-11-01T19:57:12Z","True","True","0","0","[]","_v_5xsBAHTs","GOKU humilha todos os DEUSES da DESTRUIÇÃO! #dragonballsuper #dbs #anime #dbz #animeedit #rafapro","3","Mais curtidos"
"@MACACO_TREMbala","UCJaHeaTaesY3-zIMTIJXT_w","http://www.youtube.com/@MACACO_TREMbala","Goku e vegeta perdendo até que: 
Gogeta entrou no chat","1","2025-12-02T16:25:50Z","2025-12-02T16:25:50Z","True","True","0","0","[]","_v_5xsBAHTs","GOKU humilha todos os DEUSES da DESTRUIÇÃO! #dragonballsuper #dbs #anime #dbz #animeedit #rafapro","3","Mais curtidos"
"@ElaineMatos-f6y","UCKmPDeliXXBBlN4IHCpYcIg","http://www.youtube.com/@ElaineMatos-f6y","Nossa bius 😮","0","2025-10-26T04:19:36Z","2025-10-26T04:19:36Z","True","True","0","0","[]","_v_5xsBAHTs","GOKU humilha todos os DEUSES da DESTRUIÇÃO! #dragonballsuper #dbs #anime #dbz #animeedit #rafapro","3","Mais curtidos"
"@EzequielLealg","UCFzF-GTKDkV6bMuBxWDflwA","http://www.youtube.com/@EzequielLealg","Se tivesse essa luta... adeus Universo 7","0","2025-11-24T23:14:22Z","2025-11-24T23:14:22Z","True","True","0","0","[]","_v_5xsBAHTs","GOKU humilha todos os DEUSES da DESTRUIÇÃO! #dragonballsuper #dbs #anime #dbz #animeedit #rafapro","3","Mais curtidos"
"@Nnb-j7g4o","UCtiA6NlGeQOcO-1zvsmbBpA","http://www.youtube.com/@Nnb-j7g4o","❤️🎉","0","2025-07-29T21:59:31Z","2025-07-29T21:59:31Z","True","True","0","0","[]","_v_5xsBAHTs","GOKU humilha todos os DEUSES da DESTRUIÇÃO! #dragonballsuper #dbs #anime #dbz #animeedit #rafapro","3","Mais curtidos"
"@rayl.p4416","UCFW73SkktIFVGi5toZhAgRw","http://www.youtube.com/@rayl.p4416","acho engraçado que o Bills parece ter adotado o pessoal da terra como uma família, mesmo que não pareça","119","2025-07-16T22:51:37Z","2025-07-16T22:51:37Z","True","True","4","4","[{'autor': '@Felipefe-g', 'comentario': 'E vrdde', 'likes': 0, 'publicado_em': '2025-09-22T12:47:13Z'}, {'autor': '@KauanMarinho-e7m', 'comentario': 'Pprt da onde que um Deus da destruição vai criar sentimento assim? Certo que ele gosta da comida de lá mas msm assim n era pra ser desse jeito', 'likes': 1, 'publicado_em': '2025-09-26T00:02:13Z'}, {'autor': '@rayl.p4416', 'comentario': '\u200b@KauanMarinho-e7mna verdade não é por que ele é um Deus que ele não possa sentir afeto e desenvolver relação com os outros, bills por muitas vezes continuou mostrando a mesma imponência e poder de sempre, mas acho que por acabar convivendo bastante com o pessoal da terra e com a influência do whis, ele acabou de fato tendo esse sentimento de família por eles.', 'likes': 4, 'publicado_em': '2025-09-26T02:29:18Z'}, {'autor': '@pedrofalcao2916', 'comentario': '.', 'likes': 0, 'publicado_em': '2025-10-02T03:11:07Z'}]","_v_5xsBAHTs","GOKU humilha todos os DEUSES da DESTRUIÇÃO! #dragonballsuper #dbs #anime #dbz #animeedit #rafapro","4","Mais longos"
"@Chevette.653","UCIAfhBdSPAPhmk28LiChwgA","http://www.youtube.com/@Chevette.653","Esse aí fumou até o traficante, mas a história é boa, faz a continuação kkk","68","2025-07-17T22:34:29Z","2025-07-17T22:34:29Z","True","True","8","5","[{'autor': '@ClaudeteFernandes-zx2bz', 'comentario': '😂😂😂😂😂😂😂', 'likes': 0, 'publicado_em': '2025-07-26T19:44:47Z'}, {'autor': '@GuilhermeTorres-h3k', 'comentario': 'Mano ele n fumou,  é do heroes fala isso n , o heroes tem até anime.ele só tá contando a história do anime', 'likes': 0, 'publicado_em': '2025-10-06T15:10:13Z'}, {'autor': '@ntl_ed1tz', 'comentario': '\u200b@GuilhermeTorres-h3k e mano isso realmente aconteceu', 'likes': 0, 'publicado_em': '2025-10-07T00:32:47Z'}, {'autor': '@variante33', 'comentario': '\u200b@ntl_ed1tzsim pô realmente aconteceu,\n100% real 😂', 'likes': 0, 'publicado_em': '2025-10-13T20:55:14Z'}, {'autor': '@ntl_ed1tz', 'comentario': '\u200b@variante33tô falando mn kkkk', 'likes': 0, 'publicado_em': '2025-10-13T21:14:02Z'}]","_v_5xsBAHTs","GOKU humilha todos os DEUSES da DESTRUIÇÃO! #dragonballsuper #dbs #anime #dbz #animeedit #rafapro","4","Mais longos"
"@samuelsilveira5737","UCmg_eP88R5SNCs-aEyMN1Xg","http://www.youtube.com/@samuelsilveira5737","A única sequência possível séria  uma das fusão entre Goku e vegeta","3","2025-07-09T02:39:51Z","2025-07-09T02:39:51Z","True","True","0","0","[]","_v_5xsBAHTs","GOKU humilha todos os DEUSES da DESTRUIÇÃO! #dragonballsuper #dbs #anime #dbz #animeedit #rafapro","4","Mais longos"
"@MACACO_TREMbala","UCJaHeaTaesY3-zIMTIJXT_w","http://www.youtube.com/@MACACO_TREMbala","Goku e vegeta perdendo até que: 
Gogeta entrou no chat","1","2025-12-02T16:25:50Z","2025-12-02T16:25:50Z","True","True","0","0","[]","_v_5xsBAHTs","GOKU humilha todos os DEUSES da DESTRUIÇÃO! #dragonballsuper #dbs #anime #dbz #animeedit #rafapro","4","Mais longos"
"@wemersonfernandez2858","UCTfz-e0HhsE78m_yHNhFQwQ","http://www.youtube.com/@wemersonfernandez2858","Não tem uma palavra verdadeira KKKK tudo imaginação","158","2025-07-07T13:51:41Z","2025-07-07T13:51:41Z","True","True","12","5","[{'autor': '@Kaikecom2k', 'comentario': 'Mano eu não sei porque as pessoas ainda não comentam isso nesses vídeos QUE É CLARAMENTE UMA FANFIC', 'likes': 11, 'publicado_em': '2025-07-28T03:24:58Z'}, {'autor': '@rickzin10k', 'comentario': '\u200b@Kaikecom2ké verdadeiro. Eu assisti', 'likes': 2, 'publicado_em': '2025-09-07T17:31:30Z'}, {'autor': '@NostaRafaelNdava', 'comentario': '😮😮😮😮😮tir', 'likes': 2, 'publicado_em': '2025-09-09T11:24:42Z'}, {'autor': '@reginacelle1861', 'comentario': '7', 'likes': 0, 'publicado_em': '2025-09-17T03:05:02Z'}, {'autor': '@StanleySince-h3f', 'comentario': 'Vc que e foda 😂😂', 'likes': 2, 'publicado_em': '2025-09-29T11:04:50Z'}]","_v_5xsBAHTs","GOKU humilha todos os DEUSES da DESTRUIÇÃO! #dragonballsuper #dbs #anime #dbz #animeedit #rafapro","4","Mais longos"
"@josemartinssilva2154","UCZtzCT4IFBlQgbjbFUzA73g","http://www.youtube.com/@josemartinssilva2154","QUEREMOS🎉🎉 VAI SER MUITO MAÇA ESSA BRIGA","1","2025-11-18T09:03:19Z","2025-11-18T09:03:19Z","True","True","0","0","[]","_v_5xsBAHTs","GOKU humilha todos os DEUSES da DESTRUIÇÃO! #dragonballsuper #dbs #anime #dbz #animeedit #rafapro","4","Mais longos"
"@EzequielLealg","UCFzF-GTKDkV6bMuBxWDflwA","http://www.youtube.com/@EzequielLealg","Se tivesse essa luta... adeus Universo 7","0","2025-11-24T23:14:22Z","2025-11-24T23:14:22Z","True","True","0","0","[]","_v_5xsBAHTs","GOKU humilha todos os DEUSES da DESTRUIÇÃO! #dragonballsuper #dbs #anime #dbz #animeedit #rafapro","4","Mais longos"
"@gustavodiniz9608","UC6mkAXu2cyvnoyq2p9QuqYA","http://www.youtube.com/@gustavodiniz9608","É qual episódio de Dragon ball hero","1","2025-11-01T19:57:12Z","2025-11-01T19:57:12Z","True","True","0","0","[]","_v_5xsBAHTs","GOKU humilha todos os DEUSES da DESTRUIÇÃO! #dragonballsuper #dbs #anime #dbz #animeedit #rafapro","4","Mais longos"
"@thiagosykes6147","UCXQC-Mjg2ySIWADfgxH0yUw","http://www.youtube.com/@thiagosykes6147","Seria massa demais, tá doido","1","2025-11-16T21:29:10Z","2025-11-16T21:29:10Z","True","True","0","0","[]","_v_5xsBAHTs","GOKU humilha todos os DEUSES da DESTRUIÇÃO! #dragonballsuper #dbs #anime #dbz #animeedit #rafapro","4","Mais longos"
"@Nitsu016","UCcaS-kS-IHTHj407ts7ImHg","http://www.youtube.com/@Nitsu016","Esse cara ta fumando demais","42","2025-07-09T19:02:11Z","2025-07-09T19:02:11Z","True","True","7","5","[{'autor': '@Gabipvpla', 'comentario': 'Agradeça a ele, todo o cigarros acabaram e pai mais finalmente volto-', 'likes': 5, 'publicado_em': '2025-07-27T15:10:01Z'}, {'autor': '@Nitsu016', 'comentario': '\u200b@Gabipvplaele nois salvou!', 'likes': 0, 'publicado_em': '2025-07-27T15:12:43Z'}, {'autor': '@ntl_ed1tz', 'comentario': 'Mano isso realmente aconteceu kk', 'likes': 0, 'publicado_em': '2025-08-25T17:53:52Z'}, {'autor': '@thiagooperacaofsa1091', 'comentario': '\u200b@ntl_ed1tzN é essa animação é chamada de dragon ball heroes é uma fanfic', 'likes': 1, 'publicado_em': '2025-09-27T21:01:39Z'}, {'autor': '@GuilhermeTorres-h3k', 'comentario': '\u200b@thiagooperacaofsa1091n é fanfic é anime e manga', 'likes': 0, 'publicado_em': '2025-10-06T15:10:41Z'}]","_v_5xsBAHTs","GOKU humilha todos os DEUSES da DESTRUIÇÃO! #dragonballsuper #dbs #anime #dbz #animeedit #rafapro","4","Mais longos"
"@PauloVictorFiuzadesouza","UCFg9Lh6pB1bGzrsr7yzUTvQ","http://www.youtube.com/@PauloVictorFiuzadesouza","Sim quero muito","2","2025-07-05T20:19:36Z","2025-07-05T20:19:36Z","True","True","0","0","[]","_v_5xsBAHTs","GOKU humilha todos os DEUSES da DESTRUIÇÃO! #dragonballsuper #dbs #anime #dbz #animeedit #rafapro","4","Mais longos"
"@VicentebernardinhoVic","UCx7vu0daIbWu8g4aHqQnY-w","http://www.youtube.com/@VicentebernardinhoVic","Até eles 😂😂😂","1","2025-08-19T04:17:14Z","2025-08-19T04:17:14Z","True","True","0","0","[]","_v_5xsBAHTs","GOKU humilha todos os DEUSES da DESTRUIÇÃO! #dragonballsuper #dbs #anime #dbz #animeedit #rafapro","4","Mais longos"
"@ElaineMatos-f6y","UCKmPDeliXXBBlN4IHCpYcIg","http://www.youtube.com/@ElaineMatos-f6y","Nossa bius 😮","0","2025-10-26T04:19:36Z","2025-10-26T04:19:36Z","True","True","0","0","[]","_v_5xsBAHTs","GOKU humilha todos os DEUSES da DESTRUIÇÃO! #dragonballsuper #dbs #anime #dbz #animeedit #rafapro","4","Mais longos"
"@andreandre2230","UClJpQ4TgRw-6ATY7O3KmPFA","http://www.youtube.com/@andreandre2230","Queremos","6","2025-07-04T00:38:22Z","2025-07-04T00:38:22Z","True","True","0","0","[]","_v_5xsBAHTs","GOKU humilha todos os DEUSES da DESTRUIÇÃO! #dragonballsuper #dbs #anime #dbz #animeedit #rafapro","4","Mais longos"
"@Felipefe-g","UCHChzPaT7Tdx0jVeoeMPNiQ","http://www.youtube.com/@Felipefe-g","Parabéns","2","2025-09-22T12:46:46Z","2025-09-22T12:46:46Z","True","True","0","0","[]","_v_5xsBAHTs","GOKU humilha todos os DEUSES da DESTRUIÇÃO! #dragonballsuper #dbs #anime #dbz #animeedit #rafapro","4","Mais longos"
"@brunamachado6401","UCYb7PPNhO2SNAavaP-Lk0nQ","http://www.youtube.com/@brunamachado6401","Se loco","1","2025-10-05T00:10:43Z","2025-10-05T00:10:43Z","True","True","0","0","[]","_v_5xsBAHTs","GOKU humilha todos os DEUSES da DESTRUIÇÃO! #dragonballsuper #dbs #anime #dbz #animeedit #rafapro","4","Mais longos"
"@neroff-s9j","UCyeMwOuUhISi9yRPowr7W8g","http://www.youtube.com/@neroff-s9j","Oloco","1","2025-10-16T12:02:10Z","2025-10-16T12:02:10Z","True","True","0","0","[]","_v_5xsBAHTs","GOKU humilha todos os DEUSES da DESTRUIÇÃO! #dragonballsuper #dbs #anime #dbz #animeedit #rafapro","4","Mais longos"
"@MiguelSilva-i8k9i","UC035zWz8VIPXwu7V4oGWqaQ","http://www.youtube.com/@MiguelSilva-i8k9i","Sim","14","2025-07-03T21:21:23Z","2025-07-03T21:21:23Z","True","True","1","1","[{'autor': '@CaiosilvaPereira-u8l', 'comentario': ':O Zeno wath fuck amigo tu está louco', 'likes': 1, 'publicado_em': '2025-07-09T17:52:47Z'}]","_v_5xsBAHTs","GOKU humilha todos os DEUSES da DESTRUIÇÃO! #dragonballsuper #dbs #anime #dbz #animeedit #rafapro","4","Mais longos"
"@Nnb-j7g4o","UCtiA6NlGeQOcO-1zvsmbBpA","http://www.youtube.com/@Nnb-j7g4o","❤️🎉","0","2025-07-29T21:59:31Z","2025-07-29T21:59:31Z","True","True","0","0","[]","_v_5xsBAHTs","GOKU humilha todos os DEUSES da DESTRUIÇÃO! #dragonballsuper #dbs #anime #dbz #animeedit #rafapro","4","Mais longos"
"@JoaoLucasdosAnjos-y4e9t","UCmcdXz-eGQuGHaIMwTaZXwA","http://www.youtube.com/@JoaoLucasdosAnjos-y4e9t","😮","2","2025-07-31T15:48:12Z","2025-07-31T15:48:12Z","True","True","0","0","[]","_v_5xsBAHTs","GOKU humilha todos os DEUSES da DESTRUIÇÃO! #dragonballsuper #dbs #anime #dbz #animeedit #rafapro","4","Mais longos"
"@DarshanaDhamgaye-c4m","UCjtUK_ucAIV-naezUqjvSUw","http://www.youtube.com/@DarshanaDhamgaye-c4m","Cool❤❤❤❤","0","2025-12-12T12:27:15Z","2025-12-12T12:27:15Z","True","True","0","0","[]","JO4B1aw14Xs","Poor Goku’s Painful Snow Race Ending 💔 | Emotional Heartbreaking Story #shorts #short","1","Mais novos"
"@antoniojesuscamunezviejo4792","UCaBaRhH98LcyAZzkMqjPg3Q","http://www.youtube.com/@antoniojesuscamunezviejo4792","Goku 🎉🎉🎉❤❤❤.","0","2025-12-12T10:03:54Z","2025-12-12T10:03:54Z","True","True","0","0","[]","JO4B1aw14Xs","Poor Goku’s Painful Snow Race Ending 💔 | Emotional Heartbreaking Story #shorts #short","1","Mais novos"
"@SaurabhT9","UC7oqH3LNatU0hwpt31gQoew","http://www.youtube.com/@SaurabhT9","Channel becho ge bhai offline dill available ❤","0","2025-12-12T09:48:41Z","2025-12-12T09:48:41Z","True","True","0","0","[]","JO4B1aw14Xs","Poor Goku’s Painful Snow Race Ending 💔 | Emotional Heartbreaking Story #shorts #short","1","Mais novos"
"@Sonic10MZ","UCKQMKPLY7xGzkdGPs7IU1Ng","http://www.youtube.com/@Sonic10MZ","Good 👍😊","1","2025-12-12T05:35:52Z","2025-12-12T05:35:52Z","True","True","0","0","[]","JO4B1aw14Xs","Poor Goku’s Painful Snow Race Ending 💔 | Emotional Heartbreaking Story #shorts #short","1","Mais novos"
"@FzsGigjuIfCjjjz-c9m","UCpE4vGt-Kfsby3o2KwxYbww","http://www.youtube.com/@FzsGigjuIfCjjjz-c9m","خلليزو😂😂😂😂😂😂😂😂😂😂😂😂","1","2025-12-11T20:41:52Z","2025-12-11T20:41:52Z","True","True","1","1","[{'autor': '@dm_originative', 'comentario': '❤', 'likes': 0, 'publicado_em': '2025-12-12T04:13:28Z'}]","JO4B1aw14Xs","Poor Goku’s Painful Snow Race Ending 💔 | Emotional Heartbreaking Story #shorts #short","1","Mais novos"
"@italocavadini7451","UCGv41K1S0bWj4-CkbdEEK0A","http://www.youtube.com/@italocavadini7451","❤❤❤","3","2025-12-11T19:40:45Z","2025-12-11T19:40:45Z","True","True","1","1","[{'autor': '@dm_originative', 'comentario': '❤', 'likes': 0, 'publicado_em': '2025-12-12T04:12:25Z'}]","JO4B1aw14Xs","Poor Goku’s Painful Snow Race Ending 💔 | Emotional Heartbreaking Story #shorts #short","1","Mais novos"
"@Anisha-g3x3h","UCNTljicjd8pLW0e3xaJwKDQ","http://www.youtube.com/@Anisha-g3x3h","Goku❤❤❤❤❤❤🎉🎉🎉","2","2025-12-11T16:03:44Z","2025-12-11T16:03:44Z","True","True","1","1","[{'autor': '@dm_originative', 'comentario': '❤', 'likes': 0, 'publicado_em': '2025-12-11T16:18:09Z'}]","JO4B1aw14Xs","Poor Goku’s Painful Snow Race Ending 💔 | Emotional Heartbreaking Story #shorts #short","1","Mais novos"
"@Afridi-qq8et","UCrY6PY75xtbHQjhBm3Gw-jA","http://www.youtube.com/@Afridi-qq8et","Goku","3","2025-12-11T16:01:50Z","2025-12-11T16:01:50Z","True","True","1","1","[{'autor': '@dm_originative', 'comentario': '❤', 'likes': 0, 'publicado_em': '2025-12-12T04:12:39Z'}]","JO4B1aw14Xs","Poor Goku’s Painful Snow Race Ending 💔 | Emotional Heartbreaking Story #shorts #short","1","Mais novos"
"@ITNET-u9j","UCkg5jXf4EFZxRoeH2ugNy1g","http://www.youtube.com/@ITNET-u9j","လီပဲဘဲဖြစ်လိုအဲဒီလိုတင်ရတာလဲ","1","2025-12-11T13:46:07Z","2025-12-11T13:46:07Z","True","True","1","1","[{'autor': '@dm_originative', 'comentario': '❤', 'likes': 0, 'publicado_em': '2025-12-12T04:13:13Z'}]","JO4B1aw14Xs","Poor Goku’s Painful Snow Race Ending 💔 | Emotional Heartbreaking Story #shorts #short","1","Mais novos"
"@QarikhanKhan-vu6gt","UCiVx9YvCujiFH3AaWZPGjTg","http://www.youtube.com/@QarikhanKhan-vu6gt","😔🥺😭😫😥🫩","1","2025-12-11T13:09:36Z","2025-12-11T13:09:36Z","True","True","1","1","[{'autor': '@dm_originative', 'comentario': '❤', 'likes': 0, 'publicado_em': '2025-12-12T04:13:19Z'}]","JO4B1aw14Xs","Poor Goku’s Painful Snow Race Ending 💔 | Emotional Heartbreaking Story #shorts #short","1","Mais novos"
"@SunitaMondal-o1i9c","UCc-BBPL2UpRNsPHy_QqKvuw","http://www.youtube.com/@SunitaMondal-o1i9c","❤❤❤❤❤❤❤❤❤❤❤❤❤❤❤❤❤❤❤❤","3","2025-12-11T12:50:44Z","2025-12-11T12:50:44Z","True","True","1","1","[{'autor': '@dm_originative', 'comentario': '❤', 'likes': 0, 'publicado_em': '2025-12-11T12:52:58Z'}]","JO4B1aw14Xs","Poor Goku’s Painful Snow Race Ending 💔 | Emotional Heartbreaking Story #shorts #short","1","Mais novos"
"@HaziqsofiyanAli","UCRH07ihIftMKvpB722m0VQw","http://www.youtube.com/@HaziqsofiyanAli","❤❤❤❤❤❤❤❤❤❤❤❤❤","2","2025-12-11T10:32:47Z","2025-12-11T10:32:47Z","True","True","1","1","[{'autor': '@dm_originative', 'comentario': '❤', 'likes': 0, 'publicado_em': '2025-12-11T16:18:20Z'}]","JO4B1aw14Xs","Poor Goku’s Painful Snow Race Ending 💔 | Emotional Heartbreaking Story #shorts #short","1","Mais novos"
"@KalicharanNag-y4r","UC6yBFFEWni0BDg115vPlNuw","http://www.youtube.com/@KalicharanNag-y4r","Part2","2","2025-12-11T09:58:01Z","2025-12-11T09:58:01Z","True","True","1","1","[{'autor': '@dm_originative', 'comentario': '❤', 'likes': 0, 'publicado_em': '2025-12-11T10:02:24Z'}]","JO4B1aw14Xs","Poor Goku’s Painful Snow Race Ending 💔 | Emotional Heartbreaking Story #shorts #short","1","Mais novos"
"@SeharRaja-wh6ws","UCb_KOA60AQ004An8L6JGtQQ","http://www.youtube.com/@SeharRaja-wh6ws","Goku Goku jindabad","3","2025-12-11T08:36:15Z","2025-12-11T08:36:15Z","True","True","1","1","[{'autor': '@dm_originative', 'comentario': '❤', 'likes': 0, 'publicado_em': '2025-12-11T08:45:13Z'}]","JO4B1aw14Xs","Poor Goku’s Painful Snow Race Ending 💔 | Emotional Heartbreaking Story #shorts #short","1","Mais novos"
"@anwarhossaingbd","UCDLZ2Xcz_x2vk6VmrpZ38pQ","http://www.youtube.com/@anwarhossaingbd","B😅😅","2","2025-12-11T08:27:26Z","2025-12-11T08:27:26Z","True","True","1","1","[{'autor': '@dm_originative', 'comentario': '❤', 'likes': 0, 'publicado_em': '2025-12-11T08:45:24Z'}]","JO4B1aw14Xs","Poor Goku’s Painful Snow Race Ending 💔 | Emotional Heartbreaking Story #shorts #short","1","Mais novos"
"@YvonneJemwa","UCWGXFQE4vSb7Z2j5th0GVgw","http://www.youtube.com/@YvonneJemwa","❤Goku  good. Luck❤😂😊","4","2025-12-11T08:10:43Z","2025-12-11T08:10:43Z","True","True","1","1","[{'autor': '@dm_originative', 'comentario': '❤', 'likes': 1, 'publicado_em': '2025-12-11T08:13:59Z'}]","JO4B1aw14Xs","Poor Goku’s Painful Snow Race Ending 💔 | Emotional Heartbreaking Story #shorts #short","1","Mais novos"
"@PujaKumari-n6j3r","UC6riWHBeV1RGRTiH9-x1fnA","http://www.youtube.com/@PujaKumari-n6j3r","❤❤❤ Goku Goku jindabad","7","2025-12-11T08:01:48Z","2025-12-11T08:01:48Z","True","True","2","2","[{'autor': '@dm_originative', 'comentario': '❤', 'likes': 1, 'publicado_em': '2025-12-11T08:13:31Z'}, {'autor': '@NafisoHassan-iw8ny', 'comentario': '❤❤❤❤❤', 'likes': 0, 'publicado_em': '2025-12-12T05:44:26Z'}]","JO4B1aw14Xs","Poor Goku’s Painful Snow Race Ending 💔 | Emotional Heartbreaking Story #shorts #short","1","Mais novos"
"@RainaAiFun","UCwebZMNGorknuCG2Ig5g8NA","http://www.youtube.com/@RainaAiFun","Bhai image to video kaha se bana te ho😢","4","2025-12-11T08:01:22Z","2025-12-11T08:01:22Z","True","True","3","3","[{'autor': '@dm_originative', 'comentario': '❤', 'likes': 2, 'publicado_em': '2025-12-11T08:13:49Z'}, {'autor': '@GabrielPrieto-l2q', 'comentario': '❤❤❤❤❤❤❤❤😢❤❤❤❤❤❤❤❤❤❤❤❤❤❤❤❤❤❤❤❤❤', 'likes': 1, 'publicado_em': '2025-12-11T18:10:50Z'}, {'autor': '@dm_originative', 'comentario': '\u200b@GabrielPrieto-l2q❤', 'likes': 0, 'publicado_em': '2025-12-11T18:45:05Z'}]","JO4B1aw14Xs","Poor Goku’s Painful Snow Race Ending 💔 | Emotional Heartbreaking Story #shorts #short","1","Mais novos"
"@RainaAiFun","UCwebZMNGorknuCG2Ig5g8NA","http://www.youtube.com/@RainaAiFun","Bhai image to video kaha se bana te ho😢","4","2025-12-11T08:01:22Z","2025-12-11T08:01:22Z","True","True","3","3","[{'autor': '@dm_originative', 'comentario': '❤', 'likes': 2, 'publicado_em': '2025-12-11T08:13:49Z'}, {'autor': '@GabrielPrieto-l2q', 'comentario': '❤❤❤❤❤❤❤❤😢❤❤❤❤❤❤❤❤❤❤❤❤❤❤❤❤❤❤❤❤❤', 'likes': 1, 'publicado_em': '2025-12-11T18:10:50Z'}, {'autor': '@dm_originative', 'comentario': '\u200b@GabrielPrieto-l2q❤', 'likes': 0, 'publicado_em': '2025-12-11T18:45:05Z'}]","JO4B1aw14Xs","Poor Goku’s Painful Snow Race Ending 💔 | Emotional Heartbreaking Story #shorts #short","2","Mais antigos"
"@PujaKumari-n6j3r","UC6riWHBeV1RGRTiH9-x1fnA","http://www.youtube.com/@PujaKumari-n6j3r","❤❤❤ Goku Goku jindabad","7","2025-12-11T08:01:48Z","2025-12-11T08:01:48Z","True","True","2","2","[{'autor': '@dm_originative', 'comentario': '❤', 'likes': 1, 'publicado_em': '2025-12-11T08:13:31Z'}, {'autor': '@NafisoHassan-iw8ny', 'comentario': '❤❤❤❤❤', 'likes': 0, 'publicado_em': '2025-12-12T05:44:26Z'}]","JO4B1aw14Xs","Poor Goku’s Painful Snow Race Ending 💔 | Emotional Heartbreaking Story #shorts #short","2","Mais antigos"
"@YvonneJemwa","UCWGXFQE4vSb7Z2j5th0GVgw","http://www.youtube.com/@YvonneJemwa","❤Goku  good. Luck❤😂😊","4","2025-12-11T08:10:43Z","2025-12-11T08:10:43Z","True","True","1","1","[{'autor': '@dm_originative', 'comentario': '❤', 'likes': 1, 'publicado_em': '2025-12-11T08:13:59Z'}]","JO4B1aw14Xs","Poor Goku’s Painful Snow Race Ending 💔 | Emotional Heartbreaking Story #shorts #short","2","Mais antigos"
"@anwarhossaingbd","UCDLZ2Xcz_x2vk6VmrpZ38pQ","http://www.youtube.com/@anwarhossaingbd","B😅😅","2","2025-12-11T08:27:26Z","2025-12-11T08:27:26Z","True","True","1","1","[{'autor': '@dm_originative', 'comentario': '❤', 'likes': 0, 'publicado_em': '2025-12-11T08:45:24Z'}]","JO4B1aw14Xs","Poor Goku’s Painful Snow Race Ending 💔 | Emotional Heartbreaking Story #shorts #short","2","Mais antigos"
"@SeharRaja-wh6ws","UCb_KOA60AQ004An8L6JGtQQ","http://www.youtube.com/@SeharRaja-wh6ws","Goku Goku jindabad","3","2025-12-11T08:36:15Z","2025-12-11T08:36:15Z","True","True","1","1","[{'autor': '@dm_originative', 'comentario': '❤', 'likes': 0, 'publicado_em': '2025-12-11T08:45:13Z'}]","JO4B1aw14Xs","Poor Goku’s Painful Snow Race Ending 💔 | Emotional Heartbreaking Story #shorts #short","2","Mais antigos"
"@KalicharanNag-y4r","UC6yBFFEWni0BDg115vPlNuw","http://www.youtube.com/@KalicharanNag-y4r","Part2","2","2025-12-11T09:58:01Z","2025-12-11T09:58:01Z","True","True","1","1","[{'autor': '@dm_originative', 'comentario': '❤', 'likes': 0, 'publicado_em': '2025-12-11T10:02:24Z'}]","JO4B1aw14Xs","Poor Goku’s Painful Snow Race Ending 💔 | Emotional Heartbreaking Story #shorts #short","2","Mais antigos"
"@HaziqsofiyanAli","UCRH07ihIftMKvpB722m0VQw","http://www.youtube.com/@HaziqsofiyanAli","❤❤❤❤❤❤❤❤❤❤❤❤❤","2","2025-12-11T10:32:47Z","2025-12-11T10:32:47Z","True","True","1","1","[{'autor': '@dm_originative', 'comentario': '❤', 'likes': 0, 'publicado_em': '2025-12-11T16:18:20Z'}]","JO4B1aw14Xs","Poor Goku’s Painful Snow Race Ending 💔 | Emotional Heartbreaking Story #shorts #short","2","Mais antigos"
"@SunitaMondal-o1i9c","UCc-BBPL2UpRNsPHy_QqKvuw","http://www.youtube.com/@SunitaMondal-o1i9c","❤❤❤❤❤❤❤❤❤❤❤❤❤❤❤❤❤❤❤❤","3","2025-12-11T12:50:44Z","2025-12-11T12:50:44Z","True","True","1","1","[{'autor': '@dm_originative', 'comentario': '❤', 'likes': 0, 'publicado_em': '2025-12-11T12:52:58Z'}]","JO4B1aw14Xs","Poor Goku’s Painful Snow Race Ending 💔 | Emotional Heartbreaking Story #shorts #short","2","Mais antigos"
"@QarikhanKhan-vu6gt","UCiVx9YvCujiFH3AaWZPGjTg","http://www.youtube.com/@QarikhanKhan-vu6gt","😔🥺😭😫😥🫩","1","2025-12-11T13:09:36Z","2025-12-11T13:09:36Z","True","True","1","1","[{'autor': '@dm_originative', 'comentario': '❤', 'likes': 0, 'publicado_em': '2025-12-12T04:13:19Z'}]","JO4B1aw14Xs","Poor Goku’s Painful Snow Race Ending 💔 | Emotional Heartbreaking Story #shorts #short","2","Mais antigos"
"@ITNET-u9j","UCkg5jXf4EFZxRoeH2ugNy1g","http://www.youtube.com/@ITNET-u9j","လီပဲဘဲဖြစ်လိုအဲဒီလိုတင်ရတာလဲ","1","2025-12-11T13:46:07Z","2025-12-11T13:46:07Z","True","True","1","1","[{'autor': '@dm_originative', 'comentario': '❤', 'likes': 0, 'publicado_em': '2025-12-12T04:13:13Z'}]","JO4B1aw14Xs","Poor Goku’s Painful Snow Race Ending 💔 | Emotional Heartbreaking Story #shorts #short","2","Mais antigos"
"@Afridi-qq8et","UCrY6PY75xtbHQjhBm3Gw-jA","http://www.youtube.com/@Afridi-qq8et","Goku","3","2025-12-11T16:01:50Z","2025-12-11T16:01:50Z","True","True","1","1","[{'autor': '@dm_originative', 'comentario': '❤', 'likes': 0, 'publicado_em': '2025-12-12T04:12:39Z'}]","JO4B1aw14Xs","Poor Goku’s Painful Snow Race Ending 💔 | Emotional Heartbreaking Story #shorts #short","2","Mais antigos"
"@Anisha-g3x3h","UCNTljicjd8pLW0e3xaJwKDQ","http://www.youtube.com/@Anisha-g3x3h","Goku❤❤❤❤❤❤🎉🎉🎉","2","2025-12-11T16:03:44Z","2025-12-11T16:03:44Z","True","True","1","1","[{'autor': '@dm_originative', 'comentario': '❤', 'likes': 0, 'publicado_em': '2025-12-11T16:18:09Z'}]","JO4B1aw14Xs","Poor Goku’s Painful Snow Race Ending 💔 | Emotional Heartbreaking Story #shorts #short","2","Mais antigos"
"@italocavadini7451","UCGv41K1S0bWj4-CkbdEEK0A","http://www.youtube.com/@italocavadini7451","❤❤❤","3","2025-12-11T19:40:45Z","2025-12-11T19:40:45Z","True","True","1","1","[{'autor': '@dm_originative', 'comentario': '❤', 'likes': 0, 'publicado_em': '2025-12-12T04:12:25Z'}]","JO4B1aw14Xs","Poor Goku’s Painful Snow Race Ending 💔 | Emotional Heartbreaking Story #shorts #short","2","Mais antigos"
"@FzsGigjuIfCjjjz-c9m","UCpE4vGt-Kfsby3o2KwxYbww","http://www.youtube.com/@FzsGigjuIfCjjjz-c9m","خلليزو😂😂😂😂😂😂😂😂😂😂😂😂","1","2025-12-11T20:41:52Z","2025-12-11T20:41:52Z","True","True","1","1","[{'autor': '@dm_originative', 'comentario': '❤', 'likes': 0, 'publicado_em': '2025-12-12T04:13:28Z'}]","JO4B1aw14Xs","Poor Goku’s Painful Snow Race Ending 💔 | Emotional Heartbreaking Story #shorts #short","2","Mais antigos"
"@Sonic10MZ","UCKQMKPLY7xGzkdGPs7IU1Ng","http://www.youtube.com/@Sonic10MZ","Good 👍😊","1","2025-12-12T05:35:52Z","2025-12-12T05:35:52Z","True","True","0","0","[]","JO4B1aw14Xs","Poor Goku’s Painful Snow Race Ending 💔 | Emotional Heartbreaking Story #shorts #short","2","Mais antigos"
"@SaurabhT9","UC7oqH3LNatU0hwpt31gQoew","http://www.youtube.com/@SaurabhT9","Channel becho ge bhai offline dill available ❤","0","2025-12-12T09:48:41Z","2025-12-12T09:48:41Z","True","True","0","0","[]","JO4B1aw14Xs","Poor Goku’s Painful Snow Race Ending 💔 | Emotional Heartbreaking Story #shorts #short","2","Mais antigos"
"@antoniojesuscamunezviejo4792","UCaBaRhH98LcyAZzkMqjPg3Q","http://www.youtube.com/@antoniojesuscamunezviejo4792","Goku 🎉🎉🎉❤❤❤.","0","2025-12-12T10:03:54Z","2025-12-12T10:03:54Z","True","True","0","0","[]","JO4B1aw14Xs","Poor Goku’s Painful Snow Race Ending 💔 | Emotional Heartbreaking Story #shorts #short","2","Mais antigos"
"@DarshanaDhamgaye-c4m","UCjtUK_ucAIV-naezUqjvSUw","http://www.youtube.com/@DarshanaDhamgaye-c4m","Cool❤❤❤❤","0","2025-12-12T12:27:15Z","2025-12-12T12:27:15Z","True","True","0","0","[]","JO4B1aw14Xs","Poor Goku’s Painful Snow Race Ending 💔 | Emotional Heartbreaking Story #shorts #short","2","Mais antigos"
"@PujaKumari-n6j3r","UC6riWHBeV1RGRTiH9-x1fnA","http://www.youtube.com/@PujaKumari-n6j3r","❤❤❤ Goku Goku jindabad","7","2025-12-11T08:01:48Z","2025-12-11T08:01:48Z","True","True","2","2","[{'autor': '@dm_originative', 'comentario': '❤', 'likes': 1, 'publicado_em': '2025-12-11T08:13:31Z'}, {'autor': '@NafisoHassan-iw8ny', 'comentario': '❤❤❤❤❤', 'likes': 0, 'publicado_em': '2025-12-12T05:44:26Z'}]","JO4B1aw14Xs","Poor Goku’s Painful Snow Race Ending 💔 | Emotional Heartbreaking Story #shorts #short","3","Mais curtidos"
"@YvonneJemwa","UCWGXFQE4vSb7Z2j5th0GVgw","http://www.youtube.com/@YvonneJemwa","❤Goku  good. Luck❤😂😊","4","2025-12-11T08:10:43Z","2025-12-11T08:10:43Z","True","True","1","1","[{'autor': '@dm_originative', 'comentario': '❤', 'likes': 1, 'publicado_em': '2025-12-11T08:13:59Z'}]","JO4B1aw14Xs","Poor Goku’s Painful Snow Race Ending 💔 | Emotional Heartbreaking Story #shorts #short","3","Mais curtidos"
"@RainaAiFun","UCwebZMNGorknuCG2Ig5g8NA","http://www.youtube.com/@RainaAiFun","Bhai image to video kaha se bana te ho😢","4","2025-12-11T08:01:22Z","2025-12-11T08:01:22Z","True","True","3","3","[{'autor': '@dm_originative', 'comentario': '❤', 'likes': 2, 'publicado_em': '2025-12-11T08:13:49Z'}, {'autor': '@GabrielPrieto-l2q', 'comentario': '❤❤❤❤❤❤❤❤😢❤❤❤❤❤❤❤❤❤❤❤❤❤❤❤❤❤❤❤❤❤', 'likes': 1, 'publicado_em': '2025-12-11T18:10:50Z'}, {'autor': '@dm_originative', 'comentario': '\u200b@GabrielPrieto-l2q❤', 'likes': 0, 'publicado_em': '2025-12-11T18:45:05Z'}]","JO4B1aw14Xs","Poor Goku’s Painful Snow Race Ending 💔 | Emotional Heartbreaking Story #shorts #short","3","Mais curtidos"
"@italocavadini7451","UCGv41K1S0bWj4-CkbdEEK0A","http://www.youtube.com/@italocavadini7451","❤❤❤","3","2025-12-11T19:40:45Z","2025-12-11T19:40:45Z","True","True","1","1","[{'autor': '@dm_originative', 'comentario': '❤', 'likes': 0, 'publicado_em': '2025-12-12T04:12:25Z'}]","JO4B1aw14Xs","Poor Goku’s Painful Snow Race Ending 💔 | Emotional Heartbreaking Story #shorts #short","3","Mais curtidos"
"@Afridi-qq8et","UCrY6PY75xtbHQjhBm3Gw-jA","http://www.youtube.com/@Afridi-qq8et","Goku","3","2025-12-11T16:01:50Z","2025-12-11T16:01:50Z","True","True","1","1","[{'autor': '@dm_originative', 'comentario': '❤', 'likes': 0, 'publicado_em': '2025-12-12T04:12:39Z'}]","JO4B1aw14Xs","Poor Goku’s Painful Snow Race Ending 💔 | Emotional Heartbreaking Story #shorts #short","3","Mais curtidos"
"@SunitaMondal-o1i9c","UCc-BBPL2UpRNsPHy_QqKvuw","http://www.youtube.com/@SunitaMondal-o1i9c","❤❤❤❤❤❤❤❤❤❤❤❤❤❤❤❤❤❤❤❤","3","2025-12-11T12:50:44Z","2025-12-11T12:50:44Z","True","True","1","1","[{'autor': '@dm_originative', 'comentario': '❤', 'likes': 0, 'publicado_em': '2025-12-11T12:52:58Z'}]","JO4B1aw14Xs","Poor Goku’s Painful Snow Race Ending 💔 | Emotional Heartbreaking Story #shorts #short","3","Mais curtidos"
"@SeharRaja-wh6ws","UCb_KOA60AQ004An8L6JGtQQ","http://www.youtube.com/@SeharRaja-wh6ws","Goku Goku jindabad","3","2025-12-11T08:36:15Z","2025-12-11T08:36:15Z","True","True","1","1","[{'autor': '@dm_originative', 'comentario': '❤', 'likes': 0, 'publicado_em': '2025-12-11T08:45:13Z'}]","JO4B1aw14Xs","Poor Goku’s Painful Snow Race Ending 💔 | Emotional Heartbreaking Story #shorts #short","3","Mais curtidos"
"@Anisha-g3x3h","UCNTljicjd8pLW0e3xaJwKDQ","http://www.youtube.com/@Anisha-g3x3h","Goku❤❤❤❤❤❤🎉🎉🎉","2","2025-12-11T16:03:44Z","2025-12-11T16:03:44Z","True","True","1","1","[{'autor': '@dm_originative', 'comentario': '❤', 'likes': 0, 'publicado_em': '2025-12-11T16:18:09Z'}]","JO4B1aw14Xs","Poor Goku’s Painful Snow Race Ending 💔 | Emotional Heartbreaking Story #shorts #short","3","Mais curtidos"
"@HaziqsofiyanAli","UCRH07ihIftMKvpB722m0VQw","http://www.youtube.com/@HaziqsofiyanAli","❤❤❤❤❤❤❤❤❤❤❤❤❤","2","2025-12-11T10:32:47Z","2025-12-11T10:32:47Z","True","True","1","1","[{'autor': '@dm_originative', 'comentario': '❤', 'likes': 0, 'publicado_em': '2025-12-11T16:18:20Z'}]","JO4B1aw14Xs","Poor Goku’s Painful Snow Race Ending 💔 | Emotional Heartbreaking Story #shorts #short","3","Mais curtidos"
"@KalicharanNag-y4r","UC6yBFFEWni0BDg115vPlNuw","http://www.youtube.com/@KalicharanNag-y4r","Part2","2","2025-12-11T09:58:01Z","2025-12-11T09:58:01Z","True","True","1","1","[{'autor': '@dm_originative', 'comentario': '❤', 'likes': 0, 'publicado_em': '2025-12-11T10:02:24Z'}]","JO4B1aw14Xs","Poor Goku’s Painful Snow Race Ending 💔 | Emotional Heartbreaking Story #shorts #short","3","Mais curtidos"
"@anwarhossaingbd","UCDLZ2Xcz_x2vk6VmrpZ38pQ","http://www.youtube.com/@anwarhossaingbd","B😅😅","2","2025-12-11T08:27:26Z","2025-12-11T08:27:26Z","True","True","1","1","[{'autor': '@dm_originative', 'comentario': '❤', 'likes': 0, 'publicado_em': '2025-12-11T08:45:24Z'}]","JO4B1aw14Xs","Poor Goku’s Painful Snow Race Ending 💔 | Emotional Heartbreaking Story #shorts #short","3","Mais curtidos"
"@Sonic10MZ","UCKQMKPLY7xGzkdGPs7IU1Ng","http://www.youtube.com/@Sonic10MZ","Good 👍😊","1","2025-12-12T05:35:52Z","2025-12-12T05:35:52Z","True","True","0","0","[]","JO4B1aw14Xs","Poor Goku’s Painful Snow Race Ending 💔 | Emotional Heartbreaking Story #shorts #short","3","Mais curtidos"
"@FzsGigjuIfCjjjz-c9m","UCpE4vGt-Kfsby3o2KwxYbww","http://www.youtube.com/@FzsGigjuIfCjjjz-c9m","خلليزو😂😂😂😂😂😂😂😂😂😂😂😂","1","2025-12-11T20:41:52Z","2025-12-11T20:41:52Z","True","True","1","1","[{'autor': '@dm_originative', 'comentario': '❤', 'likes': 0, 'publicado_em': '2025-12-12T04:13:28Z'}]","JO4B1aw14Xs","Poor Goku’s Painful Snow Race Ending 💔 | Emotional Heartbreaking Story #shorts #short","3","Mais curtidos"
"@QarikhanKhan-vu6gt","UCiVx9YvCujiFH3AaWZPGjTg","http://www.youtube.com/@QarikhanKhan-vu6gt","😔🥺😭😫😥🫩","1","2025-12-11T13:09:36Z","2025-12-11T13:09:36Z","True","True","1","1","[{'autor': '@dm_originative', 'comentario': '❤', 'likes': 0, 'publicado_em': '2025-12-12T04:13:19Z'}]","JO4B1aw14Xs","Poor Goku’s Painful Snow Race Ending 💔 | Emotional Heartbreaking Story #shorts #short","3","Mais curtidos"
"@ITNET-u9j","UCkg5jXf4EFZxRoeH2ugNy1g","http://www.youtube.com/@ITNET-u9j","လီပဲဘဲဖြစ်လိုအဲဒီလိုတင်ရတာလဲ","1","2025-12-11T13:46:07Z","2025-12-11T13:46:07Z","True","True","1","1","[{'autor': '@dm_originative', 'comentario': '❤', 'likes': 0, 'publicado_em': '2025-12-12T04:13:13Z'}]","JO4B1aw14Xs","Poor Goku’s Painful Snow Race Ending 💔 | Emotional Heartbreaking Story #shorts #short","3","Mais curtidos"
"@antoniojesuscamunezviejo4792","UCaBaRhH98LcyAZzkMqjPg3Q","http://www.youtube.com/@antoniojesuscamunezviejo4792","Goku 🎉🎉🎉❤❤❤.","0","2025-12-12T10:03:54Z","2025-12-12T10:03:54Z","True","True","0","0","[]","JO4B1aw14Xs","Poor Goku’s Painful Snow Race Ending 💔 | Emotional Heartbreaking Story #shorts #short","3","Mais curtidos"
"@DarshanaDhamgaye-c4m","UCjtUK_ucAIV-naezUqjvSUw","http://www.youtube.com/@DarshanaDhamgaye-c4m","Cool❤❤❤❤","0","2025-12-12T12:27:15Z","2025-12-12T12:27:15Z","True","True","0","0","[]","JO4B1aw14Xs","Poor Goku’s Painful Snow Race Ending 💔 | Emotional Heartbreaking Story #shorts #short","3","Mais curtidos"
"@SaurabhT9","UC7oqH3LNatU0hwpt31gQoew","http://www.youtube.com/@SaurabhT9","Channel becho ge bhai offline dill available ❤","0","2025-12-12T09:48:41Z","2025-12-12T09:48:41Z","True","True","0","0","[]","JO4B1aw14Xs","Poor Goku’s Painful Snow Race Ending 💔 | Emotional Heartbreaking Story #shorts #short","3","Mais curtidos"
"@SaurabhT9","UC7oqH3LNatU0hwpt31gQoew","http://www.youtube.com/@SaurabhT9","Channel becho ge bhai offline dill available ❤","0","2025-12-12T09:48:41Z","2025-12-12T09:48:41Z","True","True","0","0","[]","JO4B1aw14Xs","Poor Goku’s Painful Snow Race Ending 💔 | Emotional Heartbreaking Story #shorts #short","4","Mais longos"
"@RainaAiFun","UCwebZMNGorknuCG2Ig5g8NA","http://www.youtube.com/@RainaAiFun","Bhai image to video kaha se bana te ho😢","4","2025-12-11T08:01:22Z","2025-12-11T08:01:22Z","True","True","3","3","[{'autor': '@dm_originative', 'comentario': '❤', 'likes': 2, 'publicado_em': '2025-12-11T08:13:49Z'}, {'autor': '@GabrielPrieto-l2q', 'comentario': '❤❤❤❤❤❤❤❤😢❤❤❤❤❤❤❤❤❤❤❤❤❤❤❤❤❤❤❤❤❤', 'likes': 1, 'publicado_em': '2025-12-11T18:10:50Z'}, {'autor': '@dm_originative', 'comentario': '\u200b@GabrielPrieto-l2q❤', 'likes': 0, 'publicado_em': '2025-12-11T18:45:05Z'}]","JO4B1aw14Xs","Poor Goku’s Painful Snow Race Ending 💔 | Emotional Heartbreaking Story #shorts #short","4","Mais longos"
"@ITNET-u9j","UCkg5jXf4EFZxRoeH2ugNy1g","http://www.youtube.com/@ITNET-u9j","လီပဲဘဲဖြစ်လိုအဲဒီလိုတင်ရတာလဲ","1","2025-12-11T13:46:07Z","2025-12-11T13:46:07Z","True","True","1","1","[{'autor': '@dm_originative', 'comentario': '❤', 'likes': 0, 'publicado_em': '2025-12-12T04:13:13Z'}]","JO4B1aw14Xs","Poor Goku’s Painful Snow Race Ending 💔 | Emotional Heartbreaking Story #shorts #short","4","Mais longos"
"@PujaKumari-n6j3r","UC6riWHBeV1RGRTiH9-x1fnA","http://www.youtube.com/@PujaKumari-n6j3r","❤❤❤ Goku Goku jindabad","7","2025-12-11T08:01:48Z","2025-12-11T08:01:48Z","True","True","2","2","[{'autor': '@dm_originative', 'comentario': '❤', 'likes': 1, 'publicado_em': '2025-12-11T08:13:31Z'}, {'autor': '@NafisoHassan-iw8ny', 'comentario': '❤❤❤❤❤', 'likes': 0, 'publicado_em': '2025-12-12T05:44:26Z'}]","JO4B1aw14Xs","Poor Goku’s Painful Snow Race Ending 💔 | Emotional Heartbreaking Story #shorts #short","4","Mais longos"
"@YvonneJemwa","UCWGXFQE4vSb7Z2j5th0GVgw","http://www.youtube.com/@YvonneJemwa","❤Goku  good. Luck❤😂😊","4","2025-12-11T08:10:43Z","2025-12-11T08:10:43Z","True","True","1","1","[{'autor': '@dm_originative', 'comentario': '❤', 'likes': 1, 'publicado_em': '2025-12-11T08:13:59Z'}]","JO4B1aw14Xs","Poor Goku’s Painful Snow Race Ending 💔 | Emotional Heartbreaking Story #shorts #short","4","Mais longos"
"@SunitaMondal-o1i9c","UCc-BBPL2UpRNsPHy_QqKvuw","http://www.youtube.com/@SunitaMondal-o1i9c","❤❤❤❤❤❤❤❤❤❤❤❤❤❤❤❤❤❤❤❤","3","2025-12-11T12:50:44Z","2025-12-11T12:50:44Z","True","True","1","1","[{'autor': '@dm_originative', 'comentario': '❤', 'likes': 0, 'publicado_em': '2025-12-11T12:52:58Z'}]","JO4B1aw14Xs","Poor Goku’s Painful Snow Race Ending 💔 | Emotional Heartbreaking Story #shorts #short","4","Mais longos"
"@SeharRaja-wh6ws","UCb_KOA60AQ004An8L6JGtQQ","http://www.youtube.com/@SeharRaja-wh6ws","Goku Goku jindabad","3","2025-12-11T08:36:15Z","2025-12-11T08:36:15Z","True","True","1","1","[{'autor': '@dm_originative', 'comentario': '❤', 'likes': 0, 'publicado_em': '2025-12-11T08:45:13Z'}]","JO4B1aw14Xs","Poor Goku’s Painful Snow Race Ending 💔 | Emotional Heartbreaking Story #shorts #short","4","Mais longos"
"@FzsGigjuIfCjjjz-c9m","UCpE4vGt-Kfsby3o2KwxYbww","http://www.youtube.com/@FzsGigjuIfCjjjz-c9m","خلليزو😂😂😂😂😂😂😂😂😂😂😂😂","1","2025-12-11T20:41:52Z","2025-12-11T20:41:52Z","True","True","1","1","[{'autor': '@dm_originative', 'comentario': '❤', 'likes': 0, 'publicado_em': '2025-12-12T04:13:28Z'}]","JO4B1aw14Xs","Poor Goku’s Painful Snow Race Ending 💔 | Emotional Heartbreaking Story #shorts #short","4","Mais longos"
"@Anisha-g3x3h","UCNTljicjd8pLW0e3xaJwKDQ","http://www.youtube.com/@Anisha-g3x3h","Goku❤❤❤❤❤❤🎉🎉🎉","2","2025-12-11T16:03:44Z","2025-12-11T16:03:44Z","True","True","1","1","[{'autor': '@dm_originative', 'comentario': '❤', 'likes': 0, 'publicado_em': '2025-12-11T16:18:09Z'}]","JO4B1aw14Xs","Poor Goku’s Painful Snow Race Ending 💔 | Emotional Heartbreaking Story #shorts #short","4","Mais longos"
"@HaziqsofiyanAli","UCRH07ihIftMKvpB722m0VQw","http://www.youtube.com/@HaziqsofiyanAli","❤❤❤❤❤❤❤❤❤❤❤❤❤","2","2025-12-11T10:32:47Z","2025-12-11T10:32:47Z","True","True","1","1","[{'autor': '@dm_originative', 'comentario': '❤', 'likes': 0, 'publicado_em': '2025-12-11T16:18:20Z'}]","JO4B1aw14Xs","Poor Goku’s Painful Snow Race Ending 💔 | Emotional Heartbreaking Story #shorts #short","4","Mais longos"
"@antoniojesuscamunezviejo4792","UCaBaRhH98LcyAZzkMqjPg3Q","http://www.youtube.com/@antoniojesuscamunezviejo4792","Goku 🎉🎉🎉❤❤❤.","0","2025-12-12T10:03:54Z","2025-12-12T10:03:54Z","True","True","0","0","[]","JO4B1aw14Xs","Poor Goku’s Painful Snow Race Ending 💔 | Emotional Heartbreaking Story #shorts #short","4","Mais longos"
"@DarshanaDhamgaye-c4m","UCjtUK_ucAIV-naezUqjvSUw","http://www.youtube.com/@DarshanaDhamgaye-c4m","Cool❤❤❤❤","0","2025-12-12T12:27:15Z","2025-12-12T12:27:15Z","True","True","0","0","[]","JO4B1aw14Xs","Poor Goku’s Painful Snow Race Ending 💔 | Emotional Heartbreaking Story #shorts #short","4","Mais longos"
"@Sonic10MZ","UCKQMKPLY7xGzkdGPs7IU1Ng","http://www.youtube.com/@Sonic10MZ","Good 👍😊","1","2025-12-12T05:35:52Z","2025-12-12T05:35:52Z","True","True","0","0","[]","JO4B1aw14Xs","Poor Goku’s Painful Snow Race Ending 💔 | Emotional Heartbreaking Story #shorts #short","4","Mais longos"
"@QarikhanKhan-vu6gt","UCiVx9YvCujiFH3AaWZPGjTg","http://www.youtube.com/@QarikhanKhan-vu6gt","😔🥺😭😫😥🫩","1","2025-12-11T13:09:36Z","2025-12-11T13:09:36Z","True","True","1","1","[{'autor': '@dm_originative', 'comentario': '❤', 'likes': 0, 'publicado_em': '2025-12-12T04:13:19Z'}]","JO4B1aw14Xs","Poor Goku’s Painful Snow Race Ending 💔 | Emotional Heartbreaking Story #shorts #short","4","Mais longos"
"@KalicharanNag-y4r","UC6yBFFEWni0BDg115vPlNuw","http://www.youtube.com/@KalicharanNag-y4r","Part2","2","2025-12-11T09:58:01Z","2025-12-11T09:58:01Z","True","True","1","1","[{'autor': '@dm_originative', 'comentario': '❤', 'likes': 0, 'publicado_em': '2025-12-11T10:02:24Z'}]","JO4B1aw14Xs","Poor Goku’s Painful Snow Race Ending 💔 | Emotional Heartbreaking Story #shorts #short","4","Mais longos"
"@Afridi-qq8et","UCrY6PY75xtbHQjhBm3Gw-jA","http://www.youtube.com/@Afridi-qq8et","Goku","3","2025-12-11T16:01:50Z","2025-12-11T16:01:50Z","True","True","1","1","[{'autor': '@dm_originative', 'comentario': '❤', 'likes': 0, 'publicado_em': '2025-12-12T04:12:39Z'}]","JO4B1aw14Xs","Poor Goku’s Painful Snow Race Ending 💔 | Emotional Heartbreaking Story #shorts #short","4","Mais longos"
"@italocavadini7451","UCGv41K1S0bWj4-CkbdEEK0A","http://www.youtube.com/@italocavadini7451","❤❤❤","3","2025-12-11T19:40:45Z","2025-12-11T19:40:45Z","True","True","1","1","[{'autor': '@dm_originative', 'comentario': '❤', 'likes': 0, 'publicado_em': '2025-12-12T04:12:25Z'}]","JO4B1aw14Xs","Poor Goku’s Painful Snow Race Ending 💔 | Emotional Heartbreaking Story #shorts #short","4","Mais longos"
"@anwarhossaingbd","UCDLZ2Xcz_x2vk6VmrpZ38pQ","http://www.youtube.com/@anwarhossaingbd","B😅😅","2","2025-12-11T08:27:26Z","2025-12-11T08:27:26Z","True","True","1","1","[{'autor': '@dm_originative', 'comentario': '❤', 'likes': 0, 'publicado_em': '2025-12-11T08:45:24Z'}]","JO4B1aw14Xs","Poor Goku’s Painful Snow Race Ending 💔 | Emotional Heartbreaking Story #shorts #short","4","Mais longos"
"@D0uglas_Alexandr3","UCFHKStaHSVlOBbo-Rcb8Fxw","http://www.youtube.com/@D0uglas_Alexandr3","Esse aqui é o ""AAAAAAAAAAAA""","1","2025-12-11T13:24:13Z","2025-12-11T13:24:13Z","True","True","0","0","[]","1MKPECPJOVg","GOKU MOSTRA SUAS TRANSFORMAÇÕES #dragonball #dragonballsuper","1","Mais novos"
"@juliocezarcordeirorui8059","UCg3J1pZI22D1RLyEZdnAPzA","http://www.youtube.com/@juliocezarcordeirorui8059","Eu peguei a referência 😮😮😮😮","1","2025-12-11T03:20:38Z","2025-12-11T03:20:38Z","True","True","0","0","[]","1MKPECPJOVg","GOKU MOSTRA SUAS TRANSFORMAÇÕES #dragonball #dragonballsuper","1","Mais novos"
"@OGamer","UC2nfucECPWKIAC6830NVp6w","http://www.youtube.com/@OGamer","Que emoção rever essa transformação do GT. Simplesmente o melhor anime 🎉","0","2025-12-10T10:40:41Z","2025-12-10T10:40:41Z","True","True","0","0","[]","1MKPECPJOVg","GOKU MOSTRA SUAS TRANSFORMAÇÕES #dragonball #dragonballsuper","1","Mais novos"
"@Noone-uo2cf","UCormDytxWDlvRNWQfdOz2-g","http://www.youtube.com/@Noone-uo2cf","Pshpshpshpsh segue sendo um dos sons mais satisfatórios que existem","1","2025-12-07T21:40:44Z","2025-12-07T21:40:44Z","True","True","0","0","[]","1MKPECPJOVg","GOKU MOSTRA SUAS TRANSFORMAÇÕES #dragonball #dragonballsuper","1","Mais novos"
"@GokuBlack-Slowed","UCbgcujtJ8L_48Z9LuX0Lwyg","http://www.youtube.com/@GokuBlack-Slowed","Wendel bezerra sempre dando seu maior trabalho, que o personagem  que nos sempre   amamos,  desde a nossa infância","9","2025-08-01T16:57:10Z","2025-08-01T16:57:10Z","True","True","0","0","[]","1MKPECPJOVg","GOKU MOSTRA SUAS TRANSFORMAÇÕES #dragonball #dragonballsuper","1","Mais novos"
"@DiegoSamuelFrançadeFreitas","UC1bKQ2HBYT87WH5cKZYTSDw","http://www.youtube.com/@DiegoSamuelFran%C3%A7adeFreitas","Os olhos vermelhos dele eu pensei que ele ia virar super sayajin deus 😂😊❤","7","2025-07-12T11:47:29Z","2025-07-12T11:47:29Z","True","True","0","0","[]","1MKPECPJOVg","GOKU MOSTRA SUAS TRANSFORMAÇÕES #dragonball #dragonballsuper","1","Mais novos"
"@KaykyRochaRodrigues","UC6oopkHJrakNZXRHKLZjX6w","http://www.youtube.com/@KaykyRochaRodrigues","Esse aqui é o AAAAAAAÁAAAAAAH😂😂😂","78","2025-06-25T11:44:52Z","2025-06-25T11:44:52Z","True","True","0","0","[]","1MKPECPJOVg","GOKU MOSTRA SUAS TRANSFORMAÇÕES #dragonball #dragonballsuper","1","Mais novos"
"@marques5199","UCzQDd5Nkg_A4Mu6xlXVKPhA","http://www.youtube.com/@marques5199","""Mas quanta transformação inutil! vai acabar quando hein?""
eu: pô vey  maluco é estraga prazeres kkkkk","337","2025-06-25T02:04:31Z","2025-06-25T02:07:26Z","True","True","7","5","[{'autor': '@animonk5695', 'comentario': '😂😂😂', 'likes': 23, 'publicado_em': '2025-06-25T12:01:49Z'}, {'autor': '@BorgesSantos123', 'comentario': 'Kkkkkkkk ele tinha o simples papel de agir como o vilão impressionado e surpreso dos animes e estragou tudo.', 'likes': 18, 'publicado_em': '2025-06-25T14:18:51Z'}, {'autor': '@CarlosAnacleto-y8z', 'comentario': 'Eu posso te provar que não é mais uma transformação inútil', 'likes': 0, 'publicado_em': '2025-06-27T15:38:33Z'}, {'autor': '@kauandonascimento7879', 'comentario': '""Quando isso vai acabar, hein?""\nGoku: Nem te conto...', 'likes': 7, 'publicado_em': '2025-07-01T01:56:18Z'}, {'autor': '@cauacostadonascimentocosta3447', 'comentario': '\u200b@kauandonascimento7879 Acha que já acabou?\nEsse é o super sayajin god\n\nJá esse é o sjj blue.\n\nEste é o blue Unido ao kaioken.\n\nE esse... aaaaaaaaaaaaaaaaaaaaaaaaaaaaaaaaaaaaaaaaaaaaaaaaaaaaaaaaaaaaaaaaaaaaaaaaaaaaaaaaaaaaa(3 horas depois)  é o instinto superior', 'likes': 6, 'publicado_em': '2025-08-12T02:08:07Z'}]","1MKPECPJOVg","GOKU MOSTRA SUAS TRANSFORMAÇÕES #dragonball #dragonballsuper","1","Mais novos"
"@rammisses","UCPkw0dY0g0NVSwwJsDRr7JA","http://www.youtube.com/@rammisses","Queria ver o Napa no ssj3 kkkkkkk
O bigode aí parar na cintura! Kkkkkk","276","2025-06-25T02:01:04Z","2025-06-25T02:01:04Z","True","True","11","5","[{'autor': '@animonk5695', 'comentario': '😂', 'likes': 16, 'publicado_em': '2025-06-25T12:01:21Z'}, {'autor': '@kainã.thaylor', 'comentario': '\u200b@animonk5695ia crescer cabelo no mapa kk', 'likes': 0, 'publicado_em': '2025-07-19T16:45:00Z'}, {'autor': '@AdelmoJuniorSouEu', 'comentario': '@rammisses e o raditz, o cabelo ia parar nos pés', 'likes': 24, 'publicado_em': '2025-07-19T18:24:42Z'}, {'autor': '@rammisses', 'comentario': '\u200b@AdelmoJuniorSouEukkkkkk tipo Rapunzel kkkkk', 'likes': 6, 'publicado_em': '2025-07-19T18:37:35Z'}, {'autor': '@AdelmoJuniorSouEu', 'comentario': '@rammisses😂😂😂😂😂 bote fé', 'likes': 3, 'publicado_em': '2025-07-20T17:00:54Z'}]","1MKPECPJOVg","GOKU MOSTRA SUAS TRANSFORMAÇÕES #dragonball #dragonballsuper","1","Mais novos"
"@michele3845","UC7CTHrvUAMimjFtIYUT8J5w","http://www.youtube.com/@michele3845","Agora vem um bônus pra vc! Até arrepia ❤","10","2025-06-25T00:13:28Z","2025-06-25T00:13:28Z","True","True","0","0","[]","1MKPECPJOVg","GOKU MOSTRA SUAS TRANSFORMAÇÕES #dragonball #dragonballsuper","1","Mais novos"
"@voidzim.21","UCWc00bXLxm6mi0HZUCDs_jg","http://www.youtube.com/@voidzim.21","A dublagem a animaçao slk ....","14","2025-06-24T23:15:42Z","2025-06-24T23:15:42Z","True","True","0","0","[]","1MKPECPJOVg","GOKU MOSTRA SUAS TRANSFORMAÇÕES #dragonball #dragonballsuper","1","Mais novos"
"@Xanddy_Draven","UCpxXFAs13iEGLWVouppVsPA","http://www.youtube.com/@Xanddy_Draven","Fds o Wendel sempre vai ser o melhor dublador do Goku❤
E eu chorei quando eu vi o ssj4 dnovo 😢❤","54","2025-06-24T23:11:20Z","2025-06-24T23:11:20Z","True","True","4","4","[{'autor': '@animonk5695', 'comentario': '❤️', 'likes': 6, 'publicado_em': '2025-06-25T12:01:13Z'}, {'autor': '@JúliaGamer.X', 'comentario': 'Fim de semana?', 'likes': 1, 'publicado_em': '2025-07-02T01:43:03Z'}, {'autor': '@AdrianoBarbosa-i9t', 'comentario': '@animonk5695 eu lembro dessa cena... Goku x Majin buu', 'likes': 1, 'publicado_em': '2025-07-02T20:47:41Z'}, {'autor': '@mundowillbr', 'comentario': 'Cara saudade do ssj4 pra mim era o melhor', 'likes': 1, 'publicado_em': '2025-07-31T22:41:44Z'}]","1MKPECPJOVg","GOKU MOSTRA SUAS TRANSFORMAÇÕES #dragonball #dragonballsuper","1","Mais novos"
"@Andre-oq9zr","UC6mk6I-F2vaEZ0dV3tngE1w","http://www.youtube.com/@Andre-oq9zr","""Não vou dublar o Goku dessa vez""

Me engana que eu gosto Wendel 😅","1027","2025-06-24T22:18:55Z","2025-06-24T22:18:55Z","True","True","11","5","[{'autor': '@MsEryckson', 'comentario': 'Logico q sabia \u200b@WellingtonFelix-n1v', 'likes': 16, 'publicado_em': '2025-06-25T18:02:42Z'}, {'autor': '@quasespeedrunner484', 'comentario': 'Ele tava falando do goku criança, não?', 'likes': 26, 'publicado_em': '2025-06-25T22:06:52Z'}, {'autor': '@quasespeedrunner484', 'comentario': 'Provavelmente ele só não sabia o plot', 'likes': 14, 'publicado_em': '2025-06-25T22:07:44Z'}, {'autor': '@WellitonFofo-n1v', 'comentario': 'isso mesmo,ele descobriu depois , o Goku até era dublado por outro dublador\u200b@quasespeedrunner484', 'likes': 0, 'publicado_em': '2025-06-25T23:10:09Z'}, {'autor': '@RobertoJaisosie', 'comentario': '\u200b@MsEryckson o Wendel falou que ele n sabe oque vai acontecer no anime só fica sabendo se chamar ele ou na hora que chega no estúdio', 'likes': 11, 'publicado_em': '2025-06-26T12:06:13Z'}]","1MKPECPJOVg","GOKU MOSTRA SUAS TRANSFORMAÇÕES #dragonball #dragonballsuper","1","Mais novos"
"@matiasdias5678","UCnVvQdF9iNTHFz1q0DMpE-w","http://www.youtube.com/@matiasdias5678","Que felicidade ver minha transformação favorita(ssj3) tao bem animada","313","2025-06-24T22:17:10Z","2025-06-24T22:17:10Z","True","True","8","5","[{'autor': '@ThalysonjuniorNascimentodacost', 'comentario': 'Se Loko todo Sayajin que eu vejo transformar no ss3 não tem sombrancelha', 'likes': 7, 'publicado_em': '2025-06-26T00:14:22Z'}, {'autor': '@matiasdias5678', 'comentario': '\u200b@ThalysonjuniorNascimentodacost sayajin  com ego superior Também', 'likes': 0, 'publicado_em': '2025-06-26T00:34:50Z'}, {'autor': '@matiasdias5678', 'comentario': '\u200b@ThalysonjuniorNascimentodacost\nsayajins com ego superior Também zero sobrancelha 😂😂', 'likes': 1, 'publicado_em': '2025-06-26T14:15:39Z'}, {'autor': '@ThalysonjuniorNascimentodacost', 'comentario': 'E será porque que eles não tem sombrancelha', 'likes': 4, 'publicado_em': '2025-06-26T19:18:19Z'}, {'autor': '@matiasdias5678', 'comentario': '\u200b@ThalysonjuniorNascimentodacost\nporque usaram tanta tinta no cabelo que nao sobrou para colorir as sobrancelhas 😂', 'likes': 2, 'publicado_em': '2025-06-26T20:06:04Z'}]","1MKPECPJOVg","GOKU MOSTRA SUAS TRANSFORMAÇÕES #dragonball #dragonballsuper","1","Mais novos"
"@matiasdias5678","UCnVvQdF9iNTHFz1q0DMpE-w","http://www.youtube.com/@matiasdias5678","Que voz sensual wendel😂😂😂","44","2025-06-24T22:16:18Z","2025-06-24T22:16:18Z","True","True","1","1","[{'autor': '@animonk5695', 'comentario': '😂😂', 'likes': 4, 'publicado_em': '2025-06-25T12:01:01Z'}]","1MKPECPJOVg","GOKU MOSTRA SUAS TRANSFORMAÇÕES #dragonball #dragonballsuper","1","Mais novos"
"@LetíciaMayaneFerreira","UCdRrDVVLvUGva6k1x3jurng","http://www.youtube.com/@Let%C3%ADciaMayaneFerreira","E esse é o Lendário Super Sayajin 3✨️","36","2025-06-24T22:09:39Z","2025-06-24T22:09:39Z","True","True","0","0","[]","1MKPECPJOVg","GOKU MOSTRA SUAS TRANSFORMAÇÕES #dragonball #dragonballsuper","1","Mais novos"
"@matheusdasilvasantana2602","UCdCck10jre0gw2ouKMOhPqg","http://www.youtube.com/@matheusdasilvasantana2602","Depois do Daima percebi que o 3 realmente é minha favorita!","83","2025-06-24T21:22:24Z","2025-06-24T21:22:24Z","True","True","0","0","[]","1MKPECPJOVg","GOKU MOSTRA SUAS TRANSFORMAÇÕES #dragonball #dragonballsuper","1","Mais novos"
"@sandralaisprado1556","UCCZerq08UI-YMGCIbeSFXdQ","http://www.youtube.com/@sandralaisprado1556","Esse aqui e o HAAAAAAA","34","2025-06-24T21:21:02Z","2025-06-24T21:21:02Z","True","True","0","0","[]","1MKPECPJOVg","GOKU MOSTRA SUAS TRANSFORMAÇÕES #dragonball #dragonballsuper","1","Mais novos"
"@VídeosAleatórios3490-g1z","UCqisappxcZtbLhV34zKHJlw","http://www.youtube.com/@V%C3%ADdeosAleat%C3%B3rios3490-g1z","Wendel Bezerra se sobressaiu nessa dublagem SLK esse cara é mágico","1208","2025-06-24T21:07:22Z","2025-06-24T21:07:22Z","True","True","21","5","[{'autor': '@profighterz4276', 'comentario': 'Ressurgiu né, porque a dublagem dele no Super não foi boa\nNa verdade a de ninguém. Dublagem do Super é completamente caricata. Parece uma paródia', 'likes': 31, 'publicado_em': '2025-06-25T03:34:55Z'}, {'autor': '@RafaelFerreira-ye8hd', 'comentario': '\u200b@profighterz4276 an?? De onde vc tirou isso?', 'likes': 13, 'publicado_em': '2025-06-25T08:14:21Z'}, {'autor': '@maunan828', 'comentario': '\u200b@profighterz4276 pior que eu também acho , tem um tema muito cômico, assisti em japonês ep por ep na época que lançava , e o peso era muito maior , se a dublagem br do super fosse como a do Z aí sim teria sido bom.', 'likes': 14, 'publicado_em': '2025-06-25T10:29:24Z'}, {'autor': '@Lyima', 'comentario': 'Absolute 😮 Anime 🙌🏽', 'likes': 4, 'publicado_em': '2025-06-25T10:38:24Z'}, {'autor': '@avorrify', 'comentario': 'Uma vez tentei me transformar em SS e me deu um aneurisma', 'likes': 3, 'publicado_em': '2025-06-25T16:02:48Z'}]","1MKPECPJOVg","GOKU MOSTRA SUAS TRANSFORMAÇÕES #dragonball #dragonballsuper","1","Mais novos"
"@YouTuber-y9s7b","UC71LfgaXt8kggV0uTvisZig","http://www.youtube.com/@YouTuber-y9s7b","Eu lembrando dessa cena kkkk, # dragon ball z","58","2025-06-24T21:00:59Z","2025-06-24T21:00:59Z","True","True","0","0","[]","1MKPECPJOVg","GOKU MOSTRA SUAS TRANSFORMAÇÕES #dragonball #dragonballsuper","1","Mais novos"
"@YouTuber-y9s7b","UC71LfgaXt8kggV0uTvisZig","http://www.youtube.com/@YouTuber-y9s7b","Eu lembrando dessa cena kkkk, # dragon ball z","58","2025-06-24T21:00:59Z","2025-06-24T21:00:59Z","True","True","0","0","[]","1MKPECPJOVg","GOKU MOSTRA SUAS TRANSFORMAÇÕES #dragonball #dragonballsuper","2","Mais antigos"
"@VídeosAleatórios3490-g1z","UCqisappxcZtbLhV34zKHJlw","http://www.youtube.com/@V%C3%ADdeosAleat%C3%B3rios3490-g1z","Wendel Bezerra se sobressaiu nessa dublagem SLK esse cara é mágico","1208","2025-06-24T21:07:22Z","2025-06-24T21:07:22Z","True","True","21","5","[{'autor': '@profighterz4276', 'comentario': 'Ressurgiu né, porque a dublagem dele no Super não foi boa\nNa verdade a de ninguém. Dublagem do Super é completamente caricata. Parece uma paródia', 'likes': 31, 'publicado_em': '2025-06-25T03:34:55Z'}, {'autor': '@RafaelFerreira-ye8hd', 'comentario': '\u200b@profighterz4276 an?? De onde vc tirou isso?', 'likes': 13, 'publicado_em': '2025-06-25T08:14:21Z'}, {'autor': '@maunan828', 'comentario': '\u200b@profighterz4276 pior que eu também acho , tem um tema muito cômico, assisti em japonês ep por ep na época que lançava , e o peso era muito maior , se a dublagem br do super fosse como a do Z aí sim teria sido bom.', 'likes': 14, 'publicado_em': '2025-06-25T10:29:24Z'}, {'autor': '@Lyima', 'comentario': 'Absolute 😮 Anime 🙌🏽', 'likes': 4, 'publicado_em': '2025-06-25T10:38:24Z'}, {'autor': '@avorrify', 'comentario': 'Uma vez tentei me transformar em SS e me deu um aneurisma', 'likes': 3, 'publicado_em': '2025-06-25T16:02:48Z'}]","1MKPECPJOVg","GOKU MOSTRA SUAS TRANSFORMAÇÕES #dragonball #dragonballsuper","2","Mais antigos"
"@sandralaisprado1556","UCCZerq08UI-YMGCIbeSFXdQ","http://www.youtube.com/@sandralaisprado1556","Esse aqui e o HAAAAAAA","34","2025-06-24T21:21:02Z","2025-06-24T21:21:02Z","True","True","0","0","[]","1MKPECPJOVg","GOKU MOSTRA SUAS TRANSFORMAÇÕES #dragonball #dragonballsuper","2","Mais antigos"
"@matheusdasilvasantana2602","UCdCck10jre0gw2ouKMOhPqg","http://www.youtube.com/@matheusdasilvasantana2602","Depois do Daima percebi que o 3 realmente é minha favorita!","83","2025-06-24T21:22:24Z","2025-06-24T21:22:24Z","True","True","0","0","[]","1MKPECPJOVg","GOKU MOSTRA SUAS TRANSFORMAÇÕES #dragonball #dragonballsuper","2","Mais antigos"
"@LetíciaMayaneFerreira","UCdRrDVVLvUGva6k1x3jurng","http://www.youtube.com/@Let%C3%ADciaMayaneFerreira","E esse é o Lendário Super Sayajin 3✨️","36","2025-06-24T22:09:39Z","2025-06-24T22:09:39Z","True","True","0","0","[]","1MKPECPJOVg","GOKU MOSTRA SUAS TRANSFORMAÇÕES #dragonball #dragonballsuper","2","Mais antigos"
"@matiasdias5678","UCnVvQdF9iNTHFz1q0DMpE-w","http://www.youtube.com/@matiasdias5678","Que voz sensual wendel😂😂😂","44","2025-06-24T22:16:18Z","2025-06-24T22:16:18Z","True","True","1","1","[{'autor': '@animonk5695', 'comentario': '😂😂', 'likes': 4, 'publicado_em': '2025-06-25T12:01:01Z'}]","1MKPECPJOVg","GOKU MOSTRA SUAS TRANSFORMAÇÕES #dragonball #dragonballsuper","2","Mais antigos"
"@matiasdias5678","UCnVvQdF9iNTHFz1q0DMpE-w","http://www.youtube.com/@matiasdias5678","Que felicidade ver minha transformação favorita(ssj3) tao bem animada","313","2025-06-24T22:17:10Z","2025-06-24T22:17:10Z","True","True","8","5","[{'autor': '@ThalysonjuniorNascimentodacost', 'comentario': 'Se Loko todo Sayajin que eu vejo transformar no ss3 não tem sombrancelha', 'likes': 7, 'publicado_em': '2025-06-26T00:14:22Z'}, {'autor': '@matiasdias5678', 'comentario': '\u200b@ThalysonjuniorNascimentodacost sayajin  com ego superior Também', 'likes': 0, 'publicado_em': '2025-06-26T00:34:50Z'}, {'autor': '@matiasdias5678', 'comentario': '\u200b@ThalysonjuniorNascimentodacost\nsayajins com ego superior Também zero sobrancelha 😂😂', 'likes': 1, 'publicado_em': '2025-06-26T14:15:39Z'}, {'autor': '@ThalysonjuniorNascimentodacost', 'comentario': 'E será porque que eles não tem sombrancelha', 'likes': 4, 'publicado_em': '2025-06-26T19:18:19Z'}, {'autor': '@matiasdias5678', 'comentario': '\u200b@ThalysonjuniorNascimentodacost\nporque usaram tanta tinta no cabelo que nao sobrou para colorir as sobrancelhas 😂', 'likes': 2, 'publicado_em': '2025-06-26T20:06:04Z'}]","1MKPECPJOVg","GOKU MOSTRA SUAS TRANSFORMAÇÕES #dragonball #dragonballsuper","2","Mais antigos"
"@Andre-oq9zr","UC6mk6I-F2vaEZ0dV3tngE1w","http://www.youtube.com/@Andre-oq9zr","""Não vou dublar o Goku dessa vez""

Me engana que eu gosto Wendel 😅","1027","2025-06-24T22:18:55Z","2025-06-24T22:18:55Z","True","True","11","5","[{'autor': '@MsEryckson', 'comentario': 'Logico q sabia \u200b@WellingtonFelix-n1v', 'likes': 16, 'publicado_em': '2025-06-25T18:02:42Z'}, {'autor': '@quasespeedrunner484', 'comentario': 'Ele tava falando do goku criança, não?', 'likes': 26, 'publicado_em': '2025-06-25T22:06:52Z'}, {'autor': '@quasespeedrunner484', 'comentario': 'Provavelmente ele só não sabia o plot', 'likes': 14, 'publicado_em': '2025-06-25T22:07:44Z'}, {'autor': '@WellitonFofo-n1v', 'comentario': 'isso mesmo,ele descobriu depois , o Goku até era dublado por outro dublador\u200b@quasespeedrunner484', 'likes': 0, 'publicado_em': '2025-06-25T23:10:09Z'}, {'autor': '@RobertoJaisosie', 'comentario': '\u200b@MsEryckson o Wendel falou que ele n sabe oque vai acontecer no anime só fica sabendo se chamar ele ou na hora que chega no estúdio', 'likes': 11, 'publicado_em': '2025-06-26T12:06:13Z'}]","1MKPECPJOVg","GOKU MOSTRA SUAS TRANSFORMAÇÕES #dragonball #dragonballsuper","2","Mais antigos"
"@Xanddy_Draven","UCpxXFAs13iEGLWVouppVsPA","http://www.youtube.com/@Xanddy_Draven","Fds o Wendel sempre vai ser o melhor dublador do Goku❤
E eu chorei quando eu vi o ssj4 dnovo 😢❤","54","2025-06-24T23:11:20Z","2025-06-24T23:11:20Z","True","True","4","4","[{'autor': '@animonk5695', 'comentario': '❤️', 'likes': 6, 'publicado_em': '2025-06-25T12:01:13Z'}, {'autor': '@JúliaGamer.X', 'comentario': 'Fim de semana?', 'likes': 1, 'publicado_em': '2025-07-02T01:43:03Z'}, {'autor': '@AdrianoBarbosa-i9t', 'comentario': '@animonk5695 eu lembro dessa cena... Goku x Majin buu', 'likes': 1, 'publicado_em': '2025-07-02T20:47:41Z'}, {'autor': '@mundowillbr', 'comentario': 'Cara saudade do ssj4 pra mim era o melhor', 'likes': 1, 'publicado_em': '2025-07-31T22:41:44Z'}]","1MKPECPJOVg","GOKU MOSTRA SUAS TRANSFORMAÇÕES #dragonball #dragonballsuper","2","Mais antigos"
"@voidzim.21","UCWc00bXLxm6mi0HZUCDs_jg","http://www.youtube.com/@voidzim.21","A dublagem a animaçao slk ....","14","2025-06-24T23:15:42Z","2025-06-24T23:15:42Z","True","True","0","0","[]","1MKPECPJOVg","GOKU MOSTRA SUAS TRANSFORMAÇÕES #dragonball #dragonballsuper","2","Mais antigos"
"@michele3845","UC7CTHrvUAMimjFtIYUT8J5w","http://www.youtube.com/@michele3845","Agora vem um bônus pra vc! Até arrepia ❤","10","2025-06-25T00:13:28Z","2025-06-25T00:13:28Z","True","True","0","0","[]","1MKPECPJOVg","GOKU MOSTRA SUAS TRANSFORMAÇÕES #dragonball #dragonballsuper","2","Mais antigos"
"@rammisses","UCPkw0dY0g0NVSwwJsDRr7JA","http://www.youtube.com/@rammisses","Queria ver o Napa no ssj3 kkkkkkk
O bigode aí parar na cintura! Kkkkkk","276","2025-06-25T02:01:04Z","2025-06-25T02:01:04Z","True","True","11","5","[{'autor': '@animonk5695', 'comentario': '😂', 'likes': 16, 'publicado_em': '2025-06-25T12:01:21Z'}, {'autor': '@kainã.thaylor', 'comentario': '\u200b@animonk5695ia crescer cabelo no mapa kk', 'likes': 0, 'publicado_em': '2025-07-19T16:45:00Z'}, {'autor': '@AdelmoJuniorSouEu', 'comentario': '@rammisses e o raditz, o cabelo ia parar nos pés', 'likes': 24, 'publicado_em': '2025-07-19T18:24:42Z'}, {'autor': '@rammisses', 'comentario': '\u200b@AdelmoJuniorSouEukkkkkk tipo Rapunzel kkkkk', 'likes': 6, 'publicado_em': '2025-07-19T18:37:35Z'}, {'autor': '@AdelmoJuniorSouEu', 'comentario': '@rammisses😂😂😂😂😂 bote fé', 'likes': 3, 'publicado_em': '2025-07-20T17:00:54Z'}]","1MKPECPJOVg","GOKU MOSTRA SUAS TRANSFORMAÇÕES #dragonball #dragonballsuper","2","Mais antigos"
"@marques5199","UCzQDd5Nkg_A4Mu6xlXVKPhA","http://www.youtube.com/@marques5199","""Mas quanta transformação inutil! vai acabar quando hein?""
eu: pô vey  maluco é estraga prazeres kkkkk","337","2025-06-25T02:04:31Z","2025-06-25T02:07:26Z","True","True","7","5","[{'autor': '@animonk5695', 'comentario': '😂😂😂', 'likes': 23, 'publicado_em': '2025-06-25T12:01:49Z'}, {'autor': '@BorgesSantos123', 'comentario': 'Kkkkkkkk ele tinha o simples papel de agir como o vilão impressionado e surpreso dos animes e estragou tudo.', 'likes': 18, 'publicado_em': '2025-06-25T14:18:51Z'}, {'autor': '@CarlosAnacleto-y8z', 'comentario': 'Eu posso te provar que não é mais uma transformação inútil', 'likes': 0, 'publicado_em': '2025-06-27T15:38:33Z'}, {'autor': '@kauandonascimento7879', 'comentario': '""Quando isso vai acabar, hein?""\nGoku: Nem te conto...', 'likes': 7, 'publicado_em': '2025-07-01T01:56:18Z'}, {'autor': '@cauacostadonascimentocosta3447', 'comentario': '\u200b@kauandonascimento7879 Acha que já acabou?\nEsse é o super sayajin god\n\nJá esse é o sjj blue.\n\nEste é o blue Unido ao kaioken.\n\nE esse... aaaaaaaaaaaaaaaaaaaaaaaaaaaaaaaaaaaaaaaaaaaaaaaaaaaaaaaaaaaaaaaaaaaaaaaaaaaaaaaaaaaaa(3 horas depois)  é o instinto superior', 'likes': 6, 'publicado_em': '2025-08-12T02:08:07Z'}]","1MKPECPJOVg","GOKU MOSTRA SUAS TRANSFORMAÇÕES #dragonball #dragonballsuper","2","Mais antigos"
"@KaykyRochaRodrigues","UC6oopkHJrakNZXRHKLZjX6w","http://www.youtube.com/@KaykyRochaRodrigues","Esse aqui é o AAAAAAAÁAAAAAAH😂😂😂","78","2025-06-25T11:44:52Z","2025-06-25T11:44:52Z","True","True","0","0","[]","1MKPECPJOVg","GOKU MOSTRA SUAS TRANSFORMAÇÕES #dragonball #dragonballsuper","2","Mais antigos"
"@DiegoSamuelFrançadeFreitas","UC1bKQ2HBYT87WH5cKZYTSDw","http://www.youtube.com/@DiegoSamuelFran%C3%A7adeFreitas","Os olhos vermelhos dele eu pensei que ele ia virar super sayajin deus 😂😊❤","7","2025-07-12T11:47:29Z","2025-07-12T11:47:29Z","True","True","0","0","[]","1MKPECPJOVg","GOKU MOSTRA SUAS TRANSFORMAÇÕES #dragonball #dragonballsuper","2","Mais antigos"
"@GokuBlack-Slowed","UCbgcujtJ8L_48Z9LuX0Lwyg","http://www.youtube.com/@GokuBlack-Slowed","Wendel bezerra sempre dando seu maior trabalho, que o personagem  que nos sempre   amamos,  desde a nossa infância","9","2025-08-01T16:57:10Z","2025-08-01T16:57:10Z","True","True","0","0","[]","1MKPECPJOVg","GOKU MOSTRA SUAS TRANSFORMAÇÕES #dragonball #dragonballsuper","2","Mais antigos"
"@Noone-uo2cf","UCormDytxWDlvRNWQfdOz2-g","http://www.youtube.com/@Noone-uo2cf","Pshpshpshpsh segue sendo um dos sons mais satisfatórios que existem","1","2025-12-07T21:40:44Z","2025-12-07T21:40:44Z","True","True","0","0","[]","1MKPECPJOVg","GOKU MOSTRA SUAS TRANSFORMAÇÕES #dragonball #dragonballsuper","2","Mais antigos"
"@OGamer","UC2nfucECPWKIAC6830NVp6w","http://www.youtube.com/@OGamer","Que emoção rever essa transformação do GT. Simplesmente o melhor anime 🎉","0","2025-12-10T10:40:41Z","2025-12-10T10:40:41Z","True","True","0","0","[]","1MKPECPJOVg","GOKU MOSTRA SUAS TRANSFORMAÇÕES #dragonball #dragonballsuper","2","Mais antigos"
"@juliocezarcordeirorui8059","UCg3J1pZI22D1RLyEZdnAPzA","http://www.youtube.com/@juliocezarcordeirorui8059","Eu peguei a referência 😮😮😮😮","1","2025-12-11T03:20:38Z","2025-12-11T03:20:38Z","True","True","0","0","[]","1MKPECPJOVg","GOKU MOSTRA SUAS TRANSFORMAÇÕES #dragonball #dragonballsuper","2","Mais antigos"
"@D0uglas_Alexandr3","UCFHKStaHSVlOBbo-Rcb8Fxw","http://www.youtube.com/@D0uglas_Alexandr3","Esse aqui é o ""AAAAAAAAAAAA""","1","2025-12-11T13:24:13Z","2025-12-11T13:24:13Z","True","True","0","0","[]","1MKPECPJOVg","GOKU MOSTRA SUAS TRANSFORMAÇÕES #dragonball #dragonballsuper","2","Mais antigos"
"@VídeosAleatórios3490-g1z","UCqisappxcZtbLhV34zKHJlw","http://www.youtube.com/@V%C3%ADdeosAleat%C3%B3rios3490-g1z","Wendel Bezerra se sobressaiu nessa dublagem SLK esse cara é mágico","1208","2025-06-24T21:07:22Z","2025-06-24T21:07:22Z","True","True","21","5","[{'autor': '@profighterz4276', 'comentario': 'Ressurgiu né, porque a dublagem dele no Super não foi boa\nNa verdade a de ninguém. Dublagem do Super é completamente caricata. Parece uma paródia', 'likes': 31, 'publicado_em': '2025-06-25T03:34:55Z'}, {'autor': '@RafaelFerreira-ye8hd', 'comentario': '\u200b@profighterz4276 an?? De onde vc tirou isso?', 'likes': 13, 'publicado_em': '2025-06-25T08:14:21Z'}, {'autor': '@maunan828', 'comentario': '\u200b@profighterz4276 pior que eu também acho , tem um tema muito cômico, assisti em japonês ep por ep na época que lançava , e o peso era muito maior , se a dublagem br do super fosse como a do Z aí sim teria sido bom.', 'likes': 14, 'publicado_em': '2025-06-25T10:29:24Z'}, {'autor': '@Lyima', 'comentario': 'Absolute 😮 Anime 🙌🏽', 'likes': 4, 'publicado_em': '2025-06-25T10:38:24Z'}, {'autor': '@avorrify', 'comentario': 'Uma vez tentei me transformar em SS e me deu um aneurisma', 'likes': 3, 'publicado_em': '2025-06-25T16:02:48Z'}]","1MKPECPJOVg","GOKU MOSTRA SUAS TRANSFORMAÇÕES #dragonball #dragonballsuper","3","Mais curtidos"
"@Andre-oq9zr","UC6mk6I-F2vaEZ0dV3tngE1w","http://www.youtube.com/@Andre-oq9zr","""Não vou dublar o Goku dessa vez""

Me engana que eu gosto Wendel 😅","1027","2025-06-24T22:18:55Z","2025-06-24T22:18:55Z","True","True","11","5","[{'autor': '@MsEryckson', 'comentario': 'Logico q sabia \u200b@WellingtonFelix-n1v', 'likes': 16, 'publicado_em': '2025-06-25T18:02:42Z'}, {'autor': '@quasespeedrunner484', 'comentario': 'Ele tava falando do goku criança, não?', 'likes': 26, 'publicado_em': '2025-06-25T22:06:52Z'}, {'autor': '@quasespeedrunner484', 'comentario': 'Provavelmente ele só não sabia o plot', 'likes': 14, 'publicado_em': '2025-06-25T22:07:44Z'}, {'autor': '@WellitonFofo-n1v', 'comentario': 'isso mesmo,ele descobriu depois , o Goku até era dublado por outro dublador\u200b@quasespeedrunner484', 'likes': 0, 'publicado_em': '2025-06-25T23:10:09Z'}, {'autor': '@RobertoJaisosie', 'comentario': '\u200b@MsEryckson o Wendel falou que ele n sabe oque vai acontecer no anime só fica sabendo se chamar ele ou na hora que chega no estúdio', 'likes': 11, 'publicado_em': '2025-06-26T12:06:13Z'}]","1MKPECPJOVg","GOKU MOSTRA SUAS TRANSFORMAÇÕES #dragonball #dragonballsuper","3","Mais curtidos"
"@marques5199","UCzQDd5Nkg_A4Mu6xlXVKPhA","http://www.youtube.com/@marques5199","""Mas quanta transformação inutil! vai acabar quando hein?""
eu: pô vey  maluco é estraga prazeres kkkkk","337","2025-06-25T02:04:31Z","2025-06-25T02:07:26Z","True","True","7","5","[{'autor': '@animonk5695', 'comentario': '😂😂😂', 'likes': 23, 'publicado_em': '2025-06-25T12:01:49Z'}, {'autor': '@BorgesSantos123', 'comentario': 'Kkkkkkkk ele tinha o simples papel de agir como o vilão impressionado e surpreso dos animes e estragou tudo.', 'likes': 18, 'publicado_em': '2025-06-25T14:18:51Z'}, {'autor': '@CarlosAnacleto-y8z', 'comentario': 'Eu posso te provar que não é mais uma transformação inútil', 'likes': 0, 'publicado_em': '2025-06-27T15:38:33Z'}, {'autor': '@kauandonascimento7879', 'comentario': '""Quando isso vai acabar, hein?""\nGoku: Nem te conto...', 'likes': 7, 'publicado_em': '2025-07-01T01:56:18Z'}, {'autor': '@cauacostadonascimentocosta3447', 'comentario': '\u200b@kauandonascimento7879 Acha que já acabou?\nEsse é o super sayajin god\n\nJá esse é o sjj blue.\n\nEste é o blue Unido ao kaioken.\n\nE esse... aaaaaaaaaaaaaaaaaaaaaaaaaaaaaaaaaaaaaaaaaaaaaaaaaaaaaaaaaaaaaaaaaaaaaaaaaaaaaaaaaaaaa(3 horas depois)  é o instinto superior', 'likes': 6, 'publicado_em': '2025-08-12T02:08:07Z'}]","1MKPECPJOVg","GOKU MOSTRA SUAS TRANSFORMAÇÕES #dragonball #dragonballsuper","3","Mais curtidos"
"@matiasdias5678","UCnVvQdF9iNTHFz1q0DMpE-w","http://www.youtube.com/@matiasdias5678","Que felicidade ver minha transformação favorita(ssj3) tao bem animada","313","2025-06-24T22:17:10Z","2025-06-24T22:17:10Z","True","True","8","5","[{'autor': '@ThalysonjuniorNascimentodacost', 'comentario': 'Se Loko todo Sayajin que eu vejo transformar no ss3 não tem sombrancelha', 'likes': 7, 'publicado_em': '2025-06-26T00:14:22Z'}, {'autor': '@matiasdias5678', 'comentario': '\u200b@ThalysonjuniorNascimentodacost sayajin  com ego superior Também', 'likes': 0, 'publicado_em': '2025-06-26T00:34:50Z'}, {'autor': '@matiasdias5678', 'comentario': '\u200b@ThalysonjuniorNascimentodacost\nsayajins com ego superior Também zero sobrancelha 😂😂', 'likes': 1, 'publicado_em': '2025-06-26T14:15:39Z'}, {'autor': '@ThalysonjuniorNascimentodacost', 'comentario': 'E será porque que eles não tem sombrancelha', 'likes': 4, 'publicado_em': '2025-06-26T19:18:19Z'}, {'autor': '@matiasdias5678', 'comentario': '\u200b@ThalysonjuniorNascimentodacost\nporque usaram tanta tinta no cabelo que nao sobrou para colorir as sobrancelhas 😂', 'likes': 2, 'publicado_em': '2025-06-26T20:06:04Z'}]","1MKPECPJOVg","GOKU MOSTRA SUAS TRANSFORMAÇÕES #dragonball #dragonballsuper","3","Mais curtidos"
"@rammisses","UCPkw0dY0g0NVSwwJsDRr7JA","http://www.youtube.com/@rammisses","Queria ver o Napa no ssj3 kkkkkkk
O bigode aí parar na cintura! Kkkkkk","276","2025-06-25T02:01:04Z","2025-06-25T02:01:04Z","True","True","11","5","[{'autor': '@animonk5695', 'comentario': '😂', 'likes': 16, 'publicado_em': '2025-06-25T12:01:21Z'}, {'autor': '@kainã.thaylor', 'comentario': '\u200b@animonk5695ia crescer cabelo no mapa kk', 'likes': 0, 'publicado_em': '2025-07-19T16:45:00Z'}, {'autor': '@AdelmoJuniorSouEu', 'comentario': '@rammisses e o raditz, o cabelo ia parar nos pés', 'likes': 24, 'publicado_em': '2025-07-19T18:24:42Z'}, {'autor': '@rammisses', 'comentario': '\u200b@AdelmoJuniorSouEukkkkkk tipo Rapunzel kkkkk', 'likes': 6, 'publicado_em': '2025-07-19T18:37:35Z'}, {'autor': '@AdelmoJuniorSouEu', 'comentario': '@rammisses😂😂😂😂😂 bote fé', 'likes': 3, 'publicado_em': '2025-07-20T17:00:54Z'}]","1MKPECPJOVg","GOKU MOSTRA SUAS TRANSFORMAÇÕES #dragonball #dragonballsuper","3","Mais curtidos"
"@matheusdasilvasantana2602","UCdCck10jre0gw2ouKMOhPqg","http://www.youtube.com/@matheusdasilvasantana2602","Depois do Daima percebi que o 3 realmente é minha favorita!","83","2025-06-24T21:22:24Z","2025-06-24T21:22:24Z","True","True","0","0","[]","1MKPECPJOVg","GOKU MOSTRA SUAS TRANSFORMAÇÕES #dragonball #dragonballsuper","3","Mais curtidos"
"@KaykyRochaRodrigues","UC6oopkHJrakNZXRHKLZjX6w","http://www.youtube.com/@KaykyRochaRodrigues","Esse aqui é o AAAAAAAÁAAAAAAH😂😂😂","78","2025-06-25T11:44:52Z","2025-06-25T11:44:52Z","True","True","0","0","[]","1MKPECPJOVg","GOKU MOSTRA SUAS TRANSFORMAÇÕES #dragonball #dragonballsuper","3","Mais curtidos"
"@YouTuber-y9s7b","UC71LfgaXt8kggV0uTvisZig","http://www.youtube.com/@YouTuber-y9s7b","Eu lembrando dessa cena kkkk, # dragon ball z","58","2025-06-24T21:00:59Z","2025-06-24T21:00:59Z","True","True","0","0","[]","1MKPECPJOVg","GOKU MOSTRA SUAS TRANSFORMAÇÕES #dragonball #dragonballsuper","3","Mais curtidos"
"@Xanddy_Draven","UCpxXFAs13iEGLWVouppVsPA","http://www.youtube.com/@Xanddy_Draven","Fds o Wendel sempre vai ser o melhor dublador do Goku❤
E eu chorei quando eu vi o ssj4 dnovo 😢❤","54","2025-06-24T23:11:20Z","2025-06-24T23:11:20Z","True","True","4","4","[{'autor': '@animonk5695', 'comentario': '❤️', 'likes': 6, 'publicado_em': '2025-06-25T12:01:13Z'}, {'autor': '@JúliaGamer.X', 'comentario': 'Fim de semana?', 'likes': 1, 'publicado_em': '2025-07-02T01:43:03Z'}, {'autor': '@AdrianoBarbosa-i9t', 'comentario': '@animonk5695 eu lembro dessa cena... Goku x Majin buu', 'likes': 1, 'publicado_em': '2025-07-02T20:47:41Z'}, {'autor': '@mundowillbr', 'comentario': 'Cara saudade do ssj4 pra mim era o melhor', 'likes': 1, 'publicado_em': '2025-07-31T22:41:44Z'}]","1MKPECPJOVg","GOKU MOSTRA SUAS TRANSFORMAÇÕES #dragonball #dragonballsuper","3","Mais curtidos"
"@matiasdias5678","UCnVvQdF9iNTHFz1q0DMpE-w","http://www.youtube.com/@matiasdias5678","Que voz sensual wendel😂😂😂","44","2025-06-24T22:16:18Z","2025-06-24T22:16:18Z","True","True","1","1","[{'autor': '@animonk5695', 'comentario': '😂😂', 'likes': 4, 'publicado_em': '2025-06-25T12:01:01Z'}]","1MKPECPJOVg","GOKU MOSTRA SUAS TRANSFORMAÇÕES #dragonball #dragonballsuper","3","Mais curtidos"
"@LetíciaMayaneFerreira","UCdRrDVVLvUGva6k1x3jurng","http://www.youtube.com/@Let%C3%ADciaMayaneFerreira","E esse é o Lendário Super Sayajin 3✨️","36","2025-06-24T22:09:39Z","2025-06-24T22:09:39Z","True","True","0","0","[]","1MKPECPJOVg","GOKU MOSTRA SUAS TRANSFORMAÇÕES #dragonball #dragonballsuper","3","Mais curtidos"
"@sandralaisprado1556","UCCZerq08UI-YMGCIbeSFXdQ","http://www.youtube.com/@sandralaisprado1556","Esse aqui e o HAAAAAAA","34","2025-06-24T21:21:02Z","2025-06-24T21:21:02Z","True","True","0","0","[]","1MKPECPJOVg","GOKU MOSTRA SUAS TRANSFORMAÇÕES #dragonball #dragonballsuper","3","Mais curtidos"
"@voidzim.21","UCWc00bXLxm6mi0HZUCDs_jg","http://www.youtube.com/@voidzim.21","A dublagem a animaçao slk ....","14","2025-06-24T23:15:42Z","2025-06-24T23:15:42Z","True","True","0","0","[]","1MKPECPJOVg","GOKU MOSTRA SUAS TRANSFORMAÇÕES #dragonball #dragonballsuper","3","Mais curtidos"
"@michele3845","UC7CTHrvUAMimjFtIYUT8J5w","http://www.youtube.com/@michele3845","Agora vem um bônus pra vc! Até arrepia ❤","10","2025-06-25T00:13:28Z","2025-06-25T00:13:28Z","True","True","0","0","[]","1MKPECPJOVg","GOKU MOSTRA SUAS TRANSFORMAÇÕES #dragonball #dragonballsuper","3","Mais curtidos"
"@GokuBlack-Slowed","UCbgcujtJ8L_48Z9LuX0Lwyg","http://www.youtube.com/@GokuBlack-Slowed","Wendel bezerra sempre dando seu maior trabalho, que o personagem  que nos sempre   amamos,  desde a nossa infância","9","2025-08-01T16:57:10Z","2025-08-01T16:57:10Z","True","True","0","0","[]","1MKPECPJOVg","GOKU MOSTRA SUAS TRANSFORMAÇÕES #dragonball #dragonballsuper","3","Mais curtidos"
"@DiegoSamuelFrançadeFreitas","UC1bKQ2HBYT87WH5cKZYTSDw","http://www.youtube.com/@DiegoSamuelFran%C3%A7adeFreitas","Os olhos vermelhos dele eu pensei que ele ia virar super sayajin deus 😂😊❤","7","2025-07-12T11:47:29Z","2025-07-12T11:47:29Z","True","True","0","0","[]","1MKPECPJOVg","GOKU MOSTRA SUAS TRANSFORMAÇÕES #dragonball #dragonballsuper","3","Mais curtidos"
"@Noone-uo2cf","UCormDytxWDlvRNWQfdOz2-g","http://www.youtube.com/@Noone-uo2cf","Pshpshpshpsh segue sendo um dos sons mais satisfatórios que existem","1","2025-12-07T21:40:44Z","2025-12-07T21:40:44Z","True","True","0","0","[]","1MKPECPJOVg","GOKU MOSTRA SUAS TRANSFORMAÇÕES #dragonball #dragonballsuper","3","Mais curtidos"
"@juliocezarcordeirorui8059","UCg3J1pZI22D1RLyEZdnAPzA","http://www.youtube.com/@juliocezarcordeirorui8059","Eu peguei a referência 😮😮😮😮","1","2025-12-11T03:20:38Z","2025-12-11T03:20:38Z","True","True","0","0","[]","1MKPECPJOVg","GOKU MOSTRA SUAS TRANSFORMAÇÕES #dragonball #dragonballsuper","3","Mais curtidos"
"@D0uglas_Alexandr3","UCFHKStaHSVlOBbo-Rcb8Fxw","http://www.youtube.com/@D0uglas_Alexandr3","Esse aqui é o ""AAAAAAAAAAAA""","1","2025-12-11T13:24:13Z","2025-12-11T13:24:13Z","True","True","0","0","[]","1MKPECPJOVg","GOKU MOSTRA SUAS TRANSFORMAÇÕES #dragonball #dragonballsuper","3","Mais curtidos"
"@OGamer","UC2nfucECPWKIAC6830NVp6w","http://www.youtube.com/@OGamer","Que emoção rever essa transformação do GT. Simplesmente o melhor anime 🎉","0","2025-12-10T10:40:41Z","2025-12-10T10:40:41Z","True","True","0","0","[]","1MKPECPJOVg","GOKU MOSTRA SUAS TRANSFORMAÇÕES #dragonball #dragonballsuper","3","Mais curtidos"
"@GokuBlack-Slowed","UCbgcujtJ8L_48Z9LuX0Lwyg","http://www.youtube.com/@GokuBlack-Slowed","Wendel bezerra sempre dando seu maior trabalho, que o personagem  que nos sempre   amamos,  desde a nossa infância","9","2025-08-01T16:57:10Z","2025-08-01T16:57:10Z","True","True","0","0","[]","1MKPECPJOVg","GOKU MOSTRA SUAS TRANSFORMAÇÕES #dragonball #dragonballsuper","4","Mais longos"
"@marques5199","UCzQDd5Nkg_A4Mu6xlXVKPhA","http://www.youtube.com/@marques5199","""Mas quanta transformação inutil! vai acabar quando hein?""
eu: pô vey  maluco é estraga prazeres kkkkk","337","2025-06-25T02:04:31Z","2025-06-25T02:07:26Z","True","True","7","5","[{'autor': '@animonk5695', 'comentario': '😂😂😂', 'likes': 23, 'publicado_em': '2025-06-25T12:01:49Z'}, {'autor': '@BorgesSantos123', 'comentario': 'Kkkkkkkk ele tinha o simples papel de agir como o vilão impressionado e surpreso dos animes e estragou tudo.', 'likes': 18, 'publicado_em': '2025-06-25T14:18:51Z'}, {'autor': '@CarlosAnacleto-y8z', 'comentario': 'Eu posso te provar que não é mais uma transformação inútil', 'likes': 0, 'publicado_em': '2025-06-27T15:38:33Z'}, {'autor': '@kauandonascimento7879', 'comentario': '""Quando isso vai acabar, hein?""\nGoku: Nem te conto...', 'likes': 7, 'publicado_em': '2025-07-01T01:56:18Z'}, {'autor': '@cauacostadonascimentocosta3447', 'comentario': '\u200b@kauandonascimento7879 Acha que já acabou?\nEsse é o super sayajin god\n\nJá esse é o sjj blue.\n\nEste é o blue Unido ao kaioken.\n\nE esse... aaaaaaaaaaaaaaaaaaaaaaaaaaaaaaaaaaaaaaaaaaaaaaaaaaaaaaaaaaaaaaaaaaaaaaaaaaaaaaaaaaaaa(3 horas depois)  é o instinto superior', 'likes': 6, 'publicado_em': '2025-08-12T02:08:07Z'}]","1MKPECPJOVg","GOKU MOSTRA SUAS TRANSFORMAÇÕES #dragonball #dragonballsuper","4","Mais longos"
"@Xanddy_Draven","UCpxXFAs13iEGLWVouppVsPA","http://www.youtube.com/@Xanddy_Draven","Fds o Wendel sempre vai ser o melhor dublador do Goku❤
E eu chorei quando eu vi o ssj4 dnovo 😢❤","54","2025-06-24T23:11:20Z","2025-06-24T23:11:20Z","True","True","4","4","[{'autor': '@animonk5695', 'comentario': '❤️', 'likes': 6, 'publicado_em': '2025-06-25T12:01:13Z'}, {'autor': '@JúliaGamer.X', 'comentario': 'Fim de semana?', 'likes': 1, 'publicado_em': '2025-07-02T01:43:03Z'}, {'autor': '@AdrianoBarbosa-i9t', 'comentario': '@animonk5695 eu lembro dessa cena... Goku x Majin buu', 'likes': 1, 'publicado_em': '2025-07-02T20:47:41Z'}, {'autor': '@mundowillbr', 'comentario': 'Cara saudade do ssj4 pra mim era o melhor', 'likes': 1, 'publicado_em': '2025-07-31T22:41:44Z'}]","1MKPECPJOVg","GOKU MOSTRA SUAS TRANSFORMAÇÕES #dragonball #dragonballsuper","4","Mais longos"
"@DiegoSamuelFrançadeFreitas","UC1bKQ2HBYT87WH5cKZYTSDw","http://www.youtube.com/@DiegoSamuelFran%C3%A7adeFreitas","Os olhos vermelhos dele eu pensei que ele ia virar super sayajin deus 😂😊❤","7","2025-07-12T11:47:29Z","2025-07-12T11:47:29Z","True","True","0","0","[]","1MKPECPJOVg","GOKU MOSTRA SUAS TRANSFORMAÇÕES #dragonball #dragonballsuper","4","Mais longos"
"@OGamer","UC2nfucECPWKIAC6830NVp6w","http://www.youtube.com/@OGamer","Que emoção rever essa transformação do GT. Simplesmente o melhor anime 🎉","0","2025-12-10T10:40:41Z","2025-12-10T10:40:41Z","True","True","0","0","[]","1MKPECPJOVg","GOKU MOSTRA SUAS TRANSFORMAÇÕES #dragonball #dragonballsuper","4","Mais longos"
"@rammisses","UCPkw0dY0g0NVSwwJsDRr7JA","http://www.youtube.com/@rammisses","Queria ver o Napa no ssj3 kkkkkkk
O bigode aí parar na cintura! Kkkkkk","276","2025-06-25T02:01:04Z","2025-06-25T02:01:04Z","True","True","11","5","[{'autor': '@animonk5695', 'comentario': '😂', 'likes': 16, 'publicado_em': '2025-06-25T12:01:21Z'}, {'autor': '@kainã.thaylor', 'comentario': '\u200b@animonk5695ia crescer cabelo no mapa kk', 'likes': 0, 'publicado_em': '2025-07-19T16:45:00Z'}, {'autor': '@AdelmoJuniorSouEu', 'comentario': '@rammisses e o raditz, o cabelo ia parar nos pés', 'likes': 24, 'publicado_em': '2025-07-19T18:24:42Z'}, {'autor': '@rammisses', 'comentario': '\u200b@AdelmoJuniorSouEukkkkkk tipo Rapunzel kkkkk', 'likes': 6, 'publicado_em': '2025-07-19T18:37:35Z'}, {'autor': '@AdelmoJuniorSouEu', 'comentario': '@rammisses😂😂😂😂😂 bote fé', 'likes': 3, 'publicado_em': '2025-07-20T17:00:54Z'}]","1MKPECPJOVg","GOKU MOSTRA SUAS TRANSFORMAÇÕES #dragonball #dragonballsuper","4","Mais longos"
"@matiasdias5678","UCnVvQdF9iNTHFz1q0DMpE-w","http://www.youtube.com/@matiasdias5678","Que felicidade ver minha transformação favorita(ssj3) tao bem animada","313","2025-06-24T22:17:10Z","2025-06-24T22:17:10Z","True","True","8","5","[{'autor': '@ThalysonjuniorNascimentodacost', 'comentario': 'Se Loko todo Sayajin que eu vejo transformar no ss3 não tem sombrancelha', 'likes': 7, 'publicado_em': '2025-06-26T00:14:22Z'}, {'autor': '@matiasdias5678', 'comentario': '\u200b@ThalysonjuniorNascimentodacost sayajin  com ego superior Também', 'likes': 0, 'publicado_em': '2025-06-26T00:34:50Z'}, {'autor': '@matiasdias5678', 'comentario': '\u200b@ThalysonjuniorNascimentodacost\nsayajins com ego superior Também zero sobrancelha 😂😂', 'likes': 1, 'publicado_em': '2025-06-26T14:15:39Z'}, {'autor': '@ThalysonjuniorNascimentodacost', 'comentario': 'E será porque que eles não tem sombrancelha', 'likes': 4, 'publicado_em': '2025-06-26T19:18:19Z'}, {'autor': '@matiasdias5678', 'comentario': '\u200b@ThalysonjuniorNascimentodacost\nporque usaram tanta tinta no cabelo que nao sobrou para colorir as sobrancelhas 😂', 'likes': 2, 'publicado_em': '2025-06-26T20:06:04Z'}]","1MKPECPJOVg","GOKU MOSTRA SUAS TRANSFORMAÇÕES #dragonball #dragonballsuper","4","Mais longos"
"@Noone-uo2cf","UCormDytxWDlvRNWQfdOz2-g","http://www.youtube.com/@Noone-uo2cf","Pshpshpshpsh segue sendo um dos sons mais satisfatórios que existem","1","2025-12-07T21:40:44Z","2025-12-07T21:40:44Z","True","True","0","0","[]","1MKPECPJOVg","GOKU MOSTRA SUAS TRANSFORMAÇÕES #dragonball #dragonballsuper","4","Mais longos"
"@VídeosAleatórios3490-g1z","UCqisappxcZtbLhV34zKHJlw","http://www.youtube.com/@V%C3%ADdeosAleat%C3%B3rios3490-g1z","Wendel Bezerra se sobressaiu nessa dublagem SLK esse cara é mágico","1208","2025-06-24T21:07:22Z","2025-06-24T21:07:22Z","True","True","21","5","[{'autor': '@profighterz4276', 'comentario': 'Ressurgiu né, porque a dublagem dele no Super não foi boa\nNa verdade a de ninguém. Dublagem do Super é completamente caricata. Parece uma paródia', 'likes': 31, 'publicado_em': '2025-06-25T03:34:55Z'}, {'autor': '@RafaelFerreira-ye8hd', 'comentario': '\u200b@profighterz4276 an?? De onde vc tirou isso?', 'likes': 13, 'publicado_em': '2025-06-25T08:14:21Z'}, {'autor': '@maunan828', 'comentario': '\u200b@profighterz4276 pior que eu também acho , tem um tema muito cômico, assisti em japonês ep por ep na época que lançava , e o peso era muito maior , se a dublagem br do super fosse como a do Z aí sim teria sido bom.', 'likes': 14, 'publicado_em': '2025-06-25T10:29:24Z'}, {'autor': '@Lyima', 'comentario': 'Absolute 😮 Anime 🙌🏽', 'likes': 4, 'publicado_em': '2025-06-25T10:38:24Z'}, {'autor': '@avorrify', 'comentario': 'Uma vez tentei me transformar em SS e me deu um aneurisma', 'likes': 3, 'publicado_em': '2025-06-25T16:02:48Z'}]","1MKPECPJOVg","GOKU MOSTRA SUAS TRANSFORMAÇÕES #dragonball #dragonballsuper","4","Mais longos"
"@Andre-oq9zr","UC6mk6I-F2vaEZ0dV3tngE1w","http://www.youtube.com/@Andre-oq9zr","""Não vou dublar o Goku dessa vez""

Me engana que eu gosto Wendel 😅","1027","2025-06-24T22:18:55Z","2025-06-24T22:18:55Z","True","True","11","5","[{'autor': '@MsEryckson', 'comentario': 'Logico q sabia \u200b@WellingtonFelix-n1v', 'likes': 16, 'publicado_em': '2025-06-25T18:02:42Z'}, {'autor': '@quasespeedrunner484', 'comentario': 'Ele tava falando do goku criança, não?', 'likes': 26, 'publicado_em': '2025-06-25T22:06:52Z'}, {'autor': '@quasespeedrunner484', 'comentario': 'Provavelmente ele só não sabia o plot', 'likes': 14, 'publicado_em': '2025-06-25T22:07:44Z'}, {'autor': '@WellitonFofo-n1v', 'comentario': 'isso mesmo,ele descobriu depois , o Goku até era dublado por outro dublador\u200b@quasespeedrunner484', 'likes': 0, 'publicado_em': '2025-06-25T23:10:09Z'}, {'autor': '@RobertoJaisosie', 'comentario': '\u200b@MsEryckson o Wendel falou que ele n sabe oque vai acontecer no anime só fica sabendo se chamar ele ou na hora que chega no estúdio', 'likes': 11, 'publicado_em': '2025-06-26T12:06:13Z'}]","1MKPECPJOVg","GOKU MOSTRA SUAS TRANSFORMAÇÕES #dragonball #dragonballsuper","4","Mais longos"
"@matheusdasilvasantana2602","UCdCck10jre0gw2ouKMOhPqg","http://www.youtube.com/@matheusdasilvasantana2602","Depois do Daima percebi que o 3 realmente é minha favorita!","83","2025-06-24T21:22:24Z","2025-06-24T21:22:24Z","True","True","0","0","[]","1MKPECPJOVg","GOKU MOSTRA SUAS TRANSFORMAÇÕES #dragonball #dragonballsuper","4","Mais longos"
"@YouTuber-y9s7b","UC71LfgaXt8kggV0uTvisZig","http://www.youtube.com/@YouTuber-y9s7b","Eu lembrando dessa cena kkkk, # dragon ball z","58","2025-06-24T21:00:59Z","2025-06-24T21:00:59Z","True","True","0","0","[]","1MKPECPJOVg","GOKU MOSTRA SUAS TRANSFORMAÇÕES #dragonball #dragonballsuper","4","Mais longos"
"@michele3845","UC7CTHrvUAMimjFtIYUT8J5w","http://www.youtube.com/@michele3845","Agora vem um bônus pra vc! Até arrepia ❤","10","2025-06-25T00:13:28Z","2025-06-25T00:13:28Z","True","True","0","0","[]","1MKPECPJOVg","GOKU MOSTRA SUAS TRANSFORMAÇÕES #dragonball #dragonballsuper","4","Mais longos"
"@LetíciaMayaneFerreira","UCdRrDVVLvUGva6k1x3jurng","http://www.youtube.com/@Let%C3%ADciaMayaneFerreira","E esse é o Lendário Super Sayajin 3✨️","36","2025-06-24T22:09:39Z","2025-06-24T22:09:39Z","True","True","0","0","[]","1MKPECPJOVg","GOKU MOSTRA SUAS TRANSFORMAÇÕES #dragonball #dragonballsuper","4","Mais longos"
"@KaykyRochaRodrigues","UC6oopkHJrakNZXRHKLZjX6w","http://www.youtube.com/@KaykyRochaRodrigues","Esse aqui é o AAAAAAAÁAAAAAAH😂😂😂","78","2025-06-25T11:44:52Z","2025-06-25T11:44:52Z","True","True","0","0","[]","1MKPECPJOVg","GOKU MOSTRA SUAS TRANSFORMAÇÕES #dragonball #dragonballsuper","4","Mais longos"
"@voidzim.21","UCWc00bXLxm6mi0HZUCDs_jg","http://www.youtube.com/@voidzim.21","A dublagem a animaçao slk ....","14","2025-06-24T23:15:42Z","2025-06-24T23:15:42Z","True","True","0","0","[]","1MKPECPJOVg","GOKU MOSTRA SUAS TRANSFORMAÇÕES #dragonball #dragonballsuper","4","Mais longos"
"@D0uglas_Alexandr3","UCFHKStaHSVlOBbo-Rcb8Fxw","http://www.youtube.com/@D0uglas_Alexandr3","Esse aqui é o ""AAAAAAAAAAAA""","1","2025-12-11T13:24:13Z","2025-12-11T13:24:13Z","True","True","0","0","[]","1MKPECPJOVg","GOKU MOSTRA SUAS TRANSFORMAÇÕES #dragonball #dragonballsuper","4","Mais longos"
"@juliocezarcordeirorui8059","UCg3J1pZI22D1RLyEZdnAPzA","http://www.youtube.com/@juliocezarcordeirorui8059","Eu peguei a referência 😮😮😮😮","1","2025-12-11T03:20:38Z","2025-12-11T03:20:38Z","True","True","0","0","[]","1MKPECPJOVg","GOKU MOSTRA SUAS TRANSFORMAÇÕES #dragonball #dragonballsuper","4","Mais longos"
"@matiasdias5678","UCnVvQdF9iNTHFz1q0DMpE-w","http://www.youtube.com/@matiasdias5678","Que voz sensual wendel😂😂😂","44","2025-06-24T22:16:18Z","2025-06-24T22:16:18Z","True","True","1","1","[{'autor': '@animonk5695', 'comentario': '😂😂', 'likes': 4, 'publicado_em': '2025-06-25T12:01:01Z'}]","1MKPECPJOVg","GOKU MOSTRA SUAS TRANSFORMAÇÕES #dragonball #dragonballsuper","4","Mais longos"
"@sandralaisprado1556","UCCZerq08UI-YMGCIbeSFXdQ","http://www.youtube.com/@sandralaisprado1556","Esse aqui e o HAAAAAAA","34","2025-06-24T21:21:02Z","2025-06-24T21:21:02Z","True","True","0","0","[]","1MKPECPJOVg","GOKU MOSTRA SUAS TRANSFORMAÇÕES #dragonball #dragonballsuper","4","Mais longos"
"@JamesBromley-z7y","UCbhwip1QcY6rBuaZwlPI5Gg","http://www.youtube.com/@JamesBromley-z7y","This is why Aliens don't visit us bro","2","2025-10-15T19:08:19Z","2025-10-15T19:08:19Z","True","True","0","0","[]","XrIb25V3GuQ","Dragon ball Character in Gender Bender Swap #shorts #goku #dbs #dragonball","1","Mais novos"
"@Elgatodacat","UCsDgZodA0OSiIKfsmN_UYAg","http://www.youtube.com/@Elgatodacat","I think the dinosaurs were better off owning the planet 🙏🏼💀","6","2025-10-07T19:43:26Z","2025-10-07T19:43:26Z","True","True","0","0","[]","XrIb25V3GuQ","Dragon ball Character in Gender Bender Swap #shorts #goku #dbs #dragonball","1","Mais novos"
"@JG-jz3wh","UCzu2p2sDD9dVUKiS0N2014g","http://www.youtube.com/@JG-jz3wh","This is it, send the damn asteroid or our version of Thanos, you can’t make this shi up.","6","2025-09-26T05:27:02Z","2025-09-26T05:27:02Z","True","True","0","0","[]","XrIb25V3GuQ","Dragon ball Character in Gender Bender Swap #shorts #goku #dbs #dragonball","1","Mais novos"
"@Dexthegoat_69","UCVAkkkvceDxRgKn3VSn1eZA","http://www.youtube.com/@Dexthegoat_69","Is this why tiktok users hate yt shorts?","9","2025-09-18T16:08:17Z","2025-09-18T16:08:17Z","True","True","2","2","[{'autor': '@7xtapaze', 'comentario': 'no yall js stuck behind on memes', 'likes': 1, 'publicado_em': '2025-09-26T21:26:01Z'}, {'autor': '@Dexthegoat_69', 'comentario': '\u200b@7xtapazewho\'s ""yall"" im fluent in Yt shorts, TikTok and I even can speak some Snapchat Spotlights unfortunately', 'likes': 0, 'publicado_em': '2025-09-26T23:58:43Z'}]","XrIb25V3GuQ","Dragon ball Character in Gender Bender Swap #shorts #goku #dbs #dragonball","1","Mais novos"
"@ZanedaGOAT1","UC-mcubkgHqlZj-X3MBKq-kQ","http://www.youtube.com/@ZanedaGOAT1","Job applications scared of bro😭💔","286","2025-09-17T01:02:36Z","2025-09-17T01:02:36Z","True","True","3","3","[{'autor': '@OfficialNoobplane', 'comentario': 'Fr🥀', 'likes': 2, 'publicado_em': '2025-09-18T08:46:13Z'}, {'autor': '@GlitchflamesYT', 'comentario': '@OfficialNoobplane fr', 'likes': 1, 'publicado_em': '2025-11-07T15:30:22Z'}, {'autor': '@portiagudazi3113', 'comentario': '@OfficialNoobplane fr', 'likes': 0, 'publicado_em': '2025-12-06T12:46:23Z'}]","XrIb25V3GuQ","Dragon ball Character in Gender Bender Swap #shorts #goku #dbs #dragonball","1","Mais novos"
"@CadeBolton-v5e","UCUAbJzhXrH5dsXttSJDyDkQ","http://www.youtube.com/@CadeBolton-v5e","Why does Goku have so much cake behind there😔❤️‍🩹","232","2025-09-16T23:12:01Z","2025-09-16T23:12:01Z","True","True","31","5","[{'autor': '@IMTOTALLYTHEREALSONIC', 'comentario': 'I’d hate to see super saiyn version', 'likes': 2, 'publicado_em': '2025-10-06T15:57:17Z'}, {'autor': '@ThatOneCringyEdgelord', 'comentario': '\u200b@leyy_hxzs HE MEANS THE FEMALE GOKU VERSION, NEIGHBOUR! LIKE WHY SHE GOT MASSIVE BACK THERE!!!', 'likes': 6, 'publicado_em': '2025-10-13T11:55:14Z'}, {'autor': '@ShadowTheHedgehog-i2f', 'comentario': 'Nga what', 'likes': 3, 'publicado_em': '2025-10-19T02:55:46Z'}, {'autor': '@nothing_personal-t1r', 'comentario': ""It's goonerbait 💀🥀"", 'likes': 23, 'publicado_em': '2025-10-19T12:02:08Z'}, {'autor': '@Readingartist_5', 'comentario': 'FR 😭😭😭🙏🙏', 'likes': 3, 'publicado_em': '2025-10-20T00:56:39Z'}]","XrIb25V3GuQ","Dragon ball Character in Gender Bender Swap #shorts #goku #dbs #dragonball","1","Mais novos"
"@SilasSnowball","UCsXY9Nsov6ixugMCmXq74oQ","http://www.youtube.com/@SilasSnowball","The fact we share the same planet💔","217","2025-09-14T10:03:10Z","2025-09-14T10:03:10Z","True","True","5","5","[{'autor': '@josephcerda4244', 'comentario': '🤮🤮🤮🤮🤮🤮🤮🤮🤮🤮', 'likes': 0, 'publicado_em': '2025-10-20T01:10:54Z'}, {'autor': '@Fylox_011', 'comentario': ""cuz other planets aren't habitable"", 'likes': 4, 'publicado_em': '2025-10-31T07:18:29Z'}, {'autor': '@SilasSnowball', 'comentario': 'No shit Sherlock', 'likes': 4, 'publicado_em': '2025-10-31T12:25:59Z'}, {'autor': '@portiagudazi3113', 'comentario': '@Fylox_011 No kidding😭✌️', 'likes': 1, 'publicado_em': '2025-12-06T12:46:59Z'}, {'autor': '@sans101', 'comentario': '\u200b@Fylox_011 erm actually, there are other habitatable planets in the universe, its just that earth is the only one in our solar system that is habitatable.', 'likes': 1, 'publicado_em': '2025-12-09T22:37:33Z'}]","XrIb25V3GuQ","Dragon ball Character in Gender Bender Swap #shorts #goku #dbs #dragonball","1","Mais novos"
"@Outcooked","UCSgiqnQxFGgPBEJn-4oyC8g","http://www.youtube.com/@Outcooked","Perfect cell is perfect just the way he is he doesn’t need a cheap copy","29","2025-09-08T09:40:55Z","2025-09-08T09:40:55Z","True","True","3","3","[{'autor': '@LocalMondayHater', 'comentario': 'Did you say… perfect?', 'likes': 1, 'publicado_em': '2025-11-09T06:42:52Z'}, {'autor': '@perfect-cell-t5q', 'comentario': 'Real', 'likes': 1, 'publicado_em': '2025-11-12T04:42:34Z'}, {'autor': '@angelica9601', 'comentario': 'You need to work on your Grammer. Also is that sexism I am sensing? Dang your parents raised you wrong for you to get mad at a silly edit.', 'likes': 0, 'publicado_em': '2025-11-17T10:37:07Z'}]","XrIb25V3GuQ","Dragon ball Character in Gender Bender Swap #shorts #goku #dbs #dragonball","1","Mais novos"
"@NightShade-v5m","UCIg6ReOJa5LmYTshkDzDRAg","http://www.youtube.com/@NightShade-v5m","Bro I just searched Swap Core for the GD level...","3","2025-09-03T15:11:36Z","2025-09-03T15:11:36Z","True","True","0","0","[]","XrIb25V3GuQ","Dragon ball Character in Gender Bender Swap #shorts #goku #dbs #dragonball","1","Mais novos"
"@Gunner75557","UCAupOYvbkQnn1hfAEriRxCg","http://www.youtube.com/@Gunner75557","This ain’t what akira wanted 💔","22","2025-08-18T16:57:44Z","2025-08-18T16:57:44Z","True","True","4","4","[{'autor': '@servedbot7377', 'comentario': 'Well, he made kale and caulifla', 'likes': 2, 'publicado_em': '2025-10-08T21:03:28Z'}, {'autor': '@mistaperson', 'comentario': 'Akira wanted DB to be an action series btw', 'likes': 4, 'publicado_em': '2025-10-09T18:27:19Z'}, {'autor': '@RoseanAshman', 'comentario': ""he prolly did he's an absolute gooner"", 'likes': 0, 'publicado_em': '2025-10-26T08:35:28Z'}, {'autor': '@AndrewCarr-ok9zx', 'comentario': 'Damn 😭😭😭😭goki thicc 💀💀💀💀😭😭💀😭💀💀😭💀😭💀😭😭💀😭💀💀💀', 'likes': 0, 'publicado_em': '2025-11-29T23:34:37Z'}]","XrIb25V3GuQ","Dragon ball Character in Gender Bender Swap #shorts #goku #dbs #dragonball","1","Mais novos"
"@Austin_yar","UCJZkwUOkTP_CDAiwrDbDh3Q","http://www.youtube.com/@Austin_yar","THIS TREND ENDED YEARS AGO BRO WHAT ARE WE DOING????","27","2025-08-07T00:47:27Z","2025-08-07T00:47:27Z","True","True","2","2","[{'autor': '@KatoGS123', 'comentario': 'Trends always get revived sadly', 'likes': 0, 'publicado_em': '2025-10-08T08:49:38Z'}, {'autor': '@mistaperson', 'comentario': '\u200b@KatoGS123 its yt shorts what do you expect', 'likes': 0, 'publicado_em': '2025-10-09T18:28:04Z'}]","XrIb25V3GuQ","Dragon ball Character in Gender Bender Swap #shorts #goku #dbs #dragonball","1","Mais novos"
"@mi_k3y","UC7uDsvOFbcxroXWr139cgrQ","http://www.youtube.com/@mi_k3y","If u searched for this, May God save you","112","2025-08-06T16:09:28Z","2025-08-06T16:09:28Z","True","True","20","5","[{'autor': '@mistaperson', 'comentario': 'I searched for DBL 💔', 'likes': 4, 'publicado_em': '2025-10-09T18:28:45Z'}, {'autor': '@lukalukacho819', 'comentario': ""This isn't even that bad so you sybau"", 'likes': 2, 'publicado_em': '2025-10-14T05:25:23Z'}, {'autor': '@LennyKalo', 'comentario': '❤Wcn', 'likes': 1, 'publicado_em': '2025-10-14T10:34:21Z'}, {'autor': '@FernandoEditz-alt', 'comentario': 'I searched for weird dbz commercial', 'likes': 0, 'publicado_em': '2025-10-14T22:07:04Z'}, {'autor': '@Chrisdev4', 'comentario': '@lukalukacho819 ""sybau"" in october. let it die', 'likes': 1, 'publicado_em': '2025-10-15T00:57:37Z'}]","XrIb25V3GuQ","Dragon ball Character in Gender Bender Swap #shorts #goku #dbs #dragonball","1","Mais novos"
"@Official_Gamer_SonGoku","UCHe8W-3R_uNoiODfXIqD7JQ","http://www.youtube.com/@Official_Gamer_SonGoku","This is why Aliens don't visit us","1380","2025-08-06T01:47:38Z","2025-08-06T01:47:38Z","True","True","44","5","[{'autor': '@Kaiser-x2f4h', 'comentario': 'They are aleins', 'likes': 23, 'publicado_em': '2025-08-25T09:53:50Z'}, {'autor': '@sharky1354bait', 'comentario': 'I think i just lost 50 years off my life spand.😭🙏', 'likes': 43, 'publicado_em': '2025-09-13T15:01:52Z'}, {'autor': '@JosephMental', 'comentario': 'So true:(😢', 'likes': 12, 'publicado_em': '2025-09-14T04:27:42Z'}, {'autor': '@JosephMental', 'comentario': 'But fro anime', 'likes': 4, 'publicado_em': '2025-09-14T04:27:53Z'}, {'autor': '@jastroww', 'comentario': 'Bro they aren’t real', 'likes': 5, 'publicado_em': '2025-09-15T22:35:44Z'}]","XrIb25V3GuQ","Dragon ball Character in Gender Bender Swap #shorts #goku #dbs #dragonball","1","Mais novos"
"@OutcomeMeme","UCMGDBKrpHXzo9jhncTqmhQg","http://www.youtube.com/@OutcomeMeme","This is the true reason freiza doesn't visit out earth","71","2025-08-05T22:20:42Z","2025-08-05T22:21:08Z","True","True","0","0","[]","XrIb25V3GuQ","Dragon ball Character in Gender Bender Swap #shorts #goku #dbs #dragonball","1","Mais novos"
"@CRAZY_DAGGER","UCNEPvqCPrexczA5hWPewnnA","http://www.youtube.com/@CRAZY_DAGGER","i was searching for mc mods","51","2025-08-02T08:26:48Z","2025-08-02T08:26:48Z","True","True","13","5","[{'autor': '@coolgUy_5544', 'comentario': 'Same', 'likes': 2, 'publicado_em': '2025-08-12T15:09:17Z'}, {'autor': '@japhysworld2844', 'comentario': 'same', 'likes': 2, 'publicado_em': '2025-08-19T18:13:05Z'}, {'autor': '@caballista-q4w', 'comentario': 'Diiedjv.      😡✏️\U0001fae5', 'likes': 0, 'publicado_em': '2025-09-08T12:38:27Z'}, {'autor': '@Trance-uy3lq', 'comentario': ""Can't blame yall"", 'likes': 1, 'publicado_em': '2025-09-16T18:13:14Z'}, {'autor': '@mystro-r7p', 'comentario': 'SAME EXACT THING', 'likes': 1, 'publicado_em': '2025-09-17T18:30:41Z'}]","XrIb25V3GuQ","Dragon ball Character in Gender Bender Swap #shorts #goku #dbs #dragonball","1","Mais novos"
"@AntonKirilov-o9z","UCfS4Z4XgRWWuosS9hufQfVg","http://www.youtube.com/@AntonKirilov-o9z","The thumbnail💀","14","2025-07-28T11:53:35Z","2025-07-28T11:53:35Z","True","True","2","2","[{'autor': '@gabrielapea-otu4078', 'comentario': 'Fr that’s what brought me here 💀🥀', 'likes': 2, 'publicado_em': '2025-10-09T00:40:25Z'}, {'autor': '@mistaperson', 'comentario': 'Yall stuck on ""💀"" 🎋\U0001fae9✌️', 'likes': 1, 'publicado_em': '2025-10-09T18:27:36Z'}]","XrIb25V3GuQ","Dragon ball Character in Gender Bender Swap #shorts #goku #dbs #dragonball","1","Mais novos"
"@Mrperfectcelldbzabridged","UCXEkyFmo1AmyCZlotemsi9A","http://www.youtube.com/@Mrperfectcelldbzabridged","Dead internet theory is real bro🥀🥀","956","2025-07-10T02:29:22Z","2025-07-10T02:29:22Z","True","True","35","5","[{'autor': '@XavierDawson-i7e1q', 'comentario': 'It is 🥀', 'likes': 9, 'publicado_em': '2025-07-15T07:03:24Z'}, {'autor': '@RandomGuy_00126', 'comentario': 'fr 🥀', 'likes': 11, 'publicado_em': '2025-07-20T22:18:42Z'}, {'autor': '@ILOVEBOONDOCKS', 'comentario': 'Fr ts make me wanna just switch to tiktok🥀', 'likes': 10, 'publicado_em': '2025-07-29T21:07:22Z'}, {'autor': '@CRAZY_DAGGER', 'comentario': '@ILOVEBOONDOCKS  wait til this dude finds out about the stickers', 'likes': 8, 'publicado_em': '2025-08-02T08:25:53Z'}, {'autor': '@Milly_kitnya', 'comentario': 'Fr 🥀', 'likes': 1, 'publicado_em': '2025-08-16T23:52:51Z'}]","XrIb25V3GuQ","Dragon ball Character in Gender Bender Swap #shorts #goku #dbs #dragonball","1","Mais novos"
"@ANNABELLE_1013Annabelledelosre","UC8jzZkDuo2eohFIloCfUo1Q","http://www.youtube.com/@ANNABELLE_1013Annabelledelosre","YouTube shorts isn't bad...
Literally YouTube shorts:","356","2025-06-29T01:44:44Z","2025-06-29T01:44:44Z","True","True","7","5","[{'autor': '@SomeoneIdk-x6q2t', 'comentario': 'Fr', 'likes': 6, 'publicado_em': '2025-06-30T11:27:24Z'}, {'autor': '@AymanAbdnouz', 'comentario': 'لانو. وز.  وزو.', 'likes': 6, 'publicado_em': '2025-07-01T20:55:54Z'}, {'autor': '@Guntur_semeru', 'comentario': 'https://youtube.com/shorts/2fbHa-CiPRg?si=ffg98jTRpq9EL5js', 'likes': 4, 'publicado_em': '2025-09-18T01:22:13Z'}, {'autor': '@LukaSanchezGalvez', 'comentario': 'aaa', 'likes': 0, 'publicado_em': '2025-09-26T01:16:10Z'}, {'autor': '@mistaperson', 'comentario': 'Fr instagram better', 'likes': 2, 'publicado_em': '2025-10-09T18:26:38Z'}]","XrIb25V3GuQ","Dragon ball Character in Gender Bender Swap #shorts #goku #dbs #dragonball","1","Mais novos"
"@Fau12233","UCmftdedQa_PI9zOpDB8VF8w","http://www.youtube.com/@Fau12233","BRO THESE COMMENTS NEEDS TO TOUCH GRASS FRFR","68","2025-06-26T13:45:56Z","2025-06-26T13:45:56Z","True","True","8","5","[{'autor': '@GTay-p9k', 'comentario': 'Corny jits', 'likes': 2, 'publicado_em': '2025-06-28T09:09:58Z'}, {'autor': '@superluigibrosanimations6086', 'comentario': 'Kiddy jits', 'likes': 1, 'publicado_em': '2025-07-06T05:22:14Z'}, {'autor': '@canyadalittlecandyXD', 'comentario': 'fr', 'likes': 1, 'publicado_em': '2025-07-10T08:46:59Z'}, {'autor': '@AyaaniSalami', 'comentario': 'Cornball 🥀', 'likes': 0, 'publicado_em': '2025-09-18T08:39:52Z'}, {'autor': '@EoinCook-jw8gs', 'comentario': 'I already touched grass in the last 3 weeks dont test me on this.', 'likes': 0, 'publicado_em': '2025-10-07T01:53:22Z'}]","XrIb25V3GuQ","Dragon ball Character in Gender Bender Swap #shorts #goku #dbs #dragonball","1","Mais novos"
"@KaraboMothiba-c5p","UCvCwApalqM5gHiHj3A7Lhsw","http://www.youtube.com/@KaraboMothiba-c5p","That she Frieza is something else","9","2025-06-22T12:20:11Z","2025-06-22T12:20:11Z","True","True","0","0","[]","XrIb25V3GuQ","Dragon ball Character in Gender Bender Swap #shorts #goku #dbs #dragonball","1","Mais novos"
"@KaraboMothiba-c5p","UCvCwApalqM5gHiHj3A7Lhsw","http://www.youtube.com/@KaraboMothiba-c5p","That she Frieza is something else","9","2025-06-22T12:20:11Z","2025-06-22T12:20:11Z","True","True","0","0","[]","XrIb25V3GuQ","Dragon ball Character in Gender Bender Swap #shorts #goku #dbs #dragonball","2","Mais antigos"
"@Fau12233","UCmftdedQa_PI9zOpDB8VF8w","http://www.youtube.com/@Fau12233","BRO THESE COMMENTS NEEDS TO TOUCH GRASS FRFR","68","2025-06-26T13:45:56Z","2025-06-26T13:45:56Z","True","True","8","5","[{'autor': '@GTay-p9k', 'comentario': 'Corny jits', 'likes': 2, 'publicado_em': '2025-06-28T09:09:58Z'}, {'autor': '@superluigibrosanimations6086', 'comentario': 'Kiddy jits', 'likes': 1, 'publicado_em': '2025-07-06T05:22:14Z'}, {'autor': '@canyadalittlecandyXD', 'comentario': 'fr', 'likes': 1, 'publicado_em': '2025-07-10T08:46:59Z'}, {'autor': '@AyaaniSalami', 'comentario': 'Cornball 🥀', 'likes': 0, 'publicado_em': '2025-09-18T08:39:52Z'}, {'autor': '@EoinCook-jw8gs', 'comentario': 'I already touched grass in the last 3 weeks dont test me on this.', 'likes': 0, 'publicado_em': '2025-10-07T01:53:22Z'}]","XrIb25V3GuQ","Dragon ball Character in Gender Bender Swap #shorts #goku #dbs #dragonball","2","Mais antigos"
"@ANNABELLE_1013Annabelledelosre","UC8jzZkDuo2eohFIloCfUo1Q","http://www.youtube.com/@ANNABELLE_1013Annabelledelosre","YouTube shorts isn't bad...
Literally YouTube shorts:","356","2025-06-29T01:44:44Z","2025-06-29T01:44:44Z","True","True","7","5","[{'autor': '@SomeoneIdk-x6q2t', 'comentario': 'Fr', 'likes': 6, 'publicado_em': '2025-06-30T11:27:24Z'}, {'autor': '@AymanAbdnouz', 'comentario': 'لانو. وز.  وزو.', 'likes': 6, 'publicado_em': '2025-07-01T20:55:54Z'}, {'autor': '@Guntur_semeru', 'comentario': 'https://youtube.com/shorts/2fbHa-CiPRg?si=ffg98jTRpq9EL5js', 'likes': 4, 'publicado_em': '2025-09-18T01:22:13Z'}, {'autor': '@LukaSanchezGalvez', 'comentario': 'aaa', 'likes': 0, 'publicado_em': '2025-09-26T01:16:10Z'}, {'autor': '@mistaperson', 'comentario': 'Fr instagram better', 'likes': 2, 'publicado_em': '2025-10-09T18:26:38Z'}]","XrIb25V3GuQ","Dragon ball Character in Gender Bender Swap #shorts #goku #dbs #dragonball","2","Mais antigos"
"@Mrperfectcelldbzabridged","UCXEkyFmo1AmyCZlotemsi9A","http://www.youtube.com/@Mrperfectcelldbzabridged","Dead internet theory is real bro🥀🥀","956","2025-07-10T02:29:22Z","2025-07-10T02:29:22Z","True","True","35","5","[{'autor': '@XavierDawson-i7e1q', 'comentario': 'It is 🥀', 'likes': 9, 'publicado_em': '2025-07-15T07:03:24Z'}, {'autor': '@RandomGuy_00126', 'comentario': 'fr 🥀', 'likes': 11, 'publicado_em': '2025-07-20T22:18:42Z'}, {'autor': '@ILOVEBOONDOCKS', 'comentario': 'Fr ts make me wanna just switch to tiktok🥀', 'likes': 10, 'publicado_em': '2025-07-29T21:07:22Z'}, {'autor': '@CRAZY_DAGGER', 'comentario': '@ILOVEBOONDOCKS  wait til this dude finds out about the stickers', 'likes': 8, 'publicado_em': '2025-08-02T08:25:53Z'}, {'autor': '@Milly_kitnya', 'comentario': 'Fr 🥀', 'likes': 1, 'publicado_em': '2025-08-16T23:52:51Z'}]","XrIb25V3GuQ","Dragon ball Character in Gender Bender Swap #shorts #goku #dbs #dragonball","2","Mais antigos"
"@AntonKirilov-o9z","UCfS4Z4XgRWWuosS9hufQfVg","http://www.youtube.com/@AntonKirilov-o9z","The thumbnail💀","14","2025-07-28T11:53:35Z","2025-07-28T11:53:35Z","True","True","2","2","[{'autor': '@gabrielapea-otu4078', 'comentario': 'Fr that’s what brought me here 💀🥀', 'likes': 2, 'publicado_em': '2025-10-09T00:40:25Z'}, {'autor': '@mistaperson', 'comentario': 'Yall stuck on ""💀"" 🎋\U0001fae9✌️', 'likes': 1, 'publicado_em': '2025-10-09T18:27:36Z'}]","XrIb25V3GuQ","Dragon ball Character in Gender Bender Swap #shorts #goku #dbs #dragonball","2","Mais antigos"
"@CRAZY_DAGGER","UCNEPvqCPrexczA5hWPewnnA","http://www.youtube.com/@CRAZY_DAGGER","i was searching for mc mods","51","2025-08-02T08:26:48Z","2025-08-02T08:26:48Z","True","True","13","5","[{'autor': '@coolgUy_5544', 'comentario': 'Same', 'likes': 2, 'publicado_em': '2025-08-12T15:09:17Z'}, {'autor': '@japhysworld2844', 'comentario': 'same', 'likes': 2, 'publicado_em': '2025-08-19T18:13:05Z'}, {'autor': '@caballista-q4w', 'comentario': 'Diiedjv.      😡✏️\U0001fae5', 'likes': 0, 'publicado_em': '2025-09-08T12:38:27Z'}, {'autor': '@Trance-uy3lq', 'comentario': ""Can't blame yall"", 'likes': 1, 'publicado_em': '2025-09-16T18:13:14Z'}, {'autor': '@mystro-r7p', 'comentario': 'SAME EXACT THING', 'likes': 1, 'publicado_em': '2025-09-17T18:30:41Z'}]","XrIb25V3GuQ","Dragon ball Character in Gender Bender Swap #shorts #goku #dbs #dragonball","2","Mais antigos"
"@OutcomeMeme","UCMGDBKrpHXzo9jhncTqmhQg","http://www.youtube.com/@OutcomeMeme","This is the true reason freiza doesn't visit out earth","71","2025-08-05T22:20:42Z","2025-08-05T22:21:08Z","True","True","0","0","[]","XrIb25V3GuQ","Dragon ball Character in Gender Bender Swap #shorts #goku #dbs #dragonball","2","Mais antigos"
"@Official_Gamer_SonGoku","UCHe8W-3R_uNoiODfXIqD7JQ","http://www.youtube.com/@Official_Gamer_SonGoku","This is why Aliens don't visit us","1380","2025-08-06T01:47:38Z","2025-08-06T01:47:38Z","True","True","44","5","[{'autor': '@Kaiser-x2f4h', 'comentario': 'They are aleins', 'likes': 23, 'publicado_em': '2025-08-25T09:53:50Z'}, {'autor': '@sharky1354bait', 'comentario': 'I think i just lost 50 years off my life spand.😭🙏', 'likes': 43, 'publicado_em': '2025-09-13T15:01:52Z'}, {'autor': '@JosephMental', 'comentario': 'So true:(😢', 'likes': 12, 'publicado_em': '2025-09-14T04:27:42Z'}, {'autor': '@JosephMental', 'comentario': 'But fro anime', 'likes': 4, 'publicado_em': '2025-09-14T04:27:53Z'}, {'autor': '@jastroww', 'comentario': 'Bro they aren’t real', 'likes': 5, 'publicado_em': '2025-09-15T22:35:44Z'}]","XrIb25V3GuQ","Dragon ball Character in Gender Bender Swap #shorts #goku #dbs #dragonball","2","Mais antigos"
"@mi_k3y","UC7uDsvOFbcxroXWr139cgrQ","http://www.youtube.com/@mi_k3y","If u searched for this, May God save you","112","2025-08-06T16:09:28Z","2025-08-06T16:09:28Z","True","True","20","5","[{'autor': '@mistaperson', 'comentario': 'I searched for DBL 💔', 'likes': 4, 'publicado_em': '2025-10-09T18:28:45Z'}, {'autor': '@lukalukacho819', 'comentario': ""This isn't even that bad so you sybau"", 'likes': 2, 'publicado_em': '2025-10-14T05:25:23Z'}, {'autor': '@LennyKalo', 'comentario': '❤Wcn', 'likes': 1, 'publicado_em': '2025-10-14T10:34:21Z'}, {'autor': '@FernandoEditz-alt', 'comentario': 'I searched for weird dbz commercial', 'likes': 0, 'publicado_em': '2025-10-14T22:07:04Z'}, {'autor': '@Chrisdev4', 'comentario': '@lukalukacho819 ""sybau"" in october. let it die', 'likes': 1, 'publicado_em': '2025-10-15T00:57:37Z'}]","XrIb25V3GuQ","Dragon ball Character in Gender Bender Swap #shorts #goku #dbs #dragonball","2","Mais antigos"
"@Austin_yar","UCJZkwUOkTP_CDAiwrDbDh3Q","http://www.youtube.com/@Austin_yar","THIS TREND ENDED YEARS AGO BRO WHAT ARE WE DOING????","27","2025-08-07T00:47:27Z","2025-08-07T00:47:27Z","True","True","2","2","[{'autor': '@KatoGS123', 'comentario': 'Trends always get revived sadly', 'likes': 0, 'publicado_em': '2025-10-08T08:49:38Z'}, {'autor': '@mistaperson', 'comentario': '\u200b@KatoGS123 its yt shorts what do you expect', 'likes': 0, 'publicado_em': '2025-10-09T18:28:04Z'}]","XrIb25V3GuQ","Dragon ball Character in Gender Bender Swap #shorts #goku #dbs #dragonball","2","Mais antigos"
"@Gunner75557","UCAupOYvbkQnn1hfAEriRxCg","http://www.youtube.com/@Gunner75557","This ain’t what akira wanted 💔","22","2025-08-18T16:57:44Z","2025-08-18T16:57:44Z","True","True","4","4","[{'autor': '@servedbot7377', 'comentario': 'Well, he made kale and caulifla', 'likes': 2, 'publicado_em': '2025-10-08T21:03:28Z'}, {'autor': '@mistaperson', 'comentario': 'Akira wanted DB to be an action series btw', 'likes': 4, 'publicado_em': '2025-10-09T18:27:19Z'}, {'autor': '@RoseanAshman', 'comentario': ""he prolly did he's an absolute gooner"", 'likes': 0, 'publicado_em': '2025-10-26T08:35:28Z'}, {'autor': '@AndrewCarr-ok9zx', 'comentario': 'Damn 😭😭😭😭goki thicc 💀💀💀💀😭😭💀😭💀💀😭💀😭💀😭😭💀😭💀💀💀', 'likes': 0, 'publicado_em': '2025-11-29T23:34:37Z'}]","XrIb25V3GuQ","Dragon ball Character in Gender Bender Swap #shorts #goku #dbs #dragonball","2","Mais antigos"
"@NightShade-v5m","UCIg6ReOJa5LmYTshkDzDRAg","http://www.youtube.com/@NightShade-v5m","Bro I just searched Swap Core for the GD level...","3","2025-09-03T15:11:36Z","2025-09-03T15:11:36Z","True","True","0","0","[]","XrIb25V3GuQ","Dragon ball Character in Gender Bender Swap #shorts #goku #dbs #dragonball","2","Mais antigos"
"@Outcooked","UCSgiqnQxFGgPBEJn-4oyC8g","http://www.youtube.com/@Outcooked","Perfect cell is perfect just the way he is he doesn’t need a cheap copy","29","2025-09-08T09:40:55Z","2025-09-08T09:40:55Z","True","True","3","3","[{'autor': '@LocalMondayHater', 'comentario': 'Did you say… perfect?', 'likes': 1, 'publicado_em': '2025-11-09T06:42:52Z'}, {'autor': '@perfect-cell-t5q', 'comentario': 'Real', 'likes': 1, 'publicado_em': '2025-11-12T04:42:34Z'}, {'autor': '@angelica9601', 'comentario': 'You need to work on your Grammer. Also is that sexism I am sensing? Dang your parents raised you wrong for you to get mad at a silly edit.', 'likes': 0, 'publicado_em': '2025-11-17T10:37:07Z'}]","XrIb25V3GuQ","Dragon ball Character in Gender Bender Swap #shorts #goku #dbs #dragonball","2","Mais antigos"
"@SilasSnowball","UCsXY9Nsov6ixugMCmXq74oQ","http://www.youtube.com/@SilasSnowball","The fact we share the same planet💔","217","2025-09-14T10:03:10Z","2025-09-14T10:03:10Z","True","True","5","5","[{'autor': '@josephcerda4244', 'comentario': '🤮🤮🤮🤮🤮🤮🤮🤮🤮🤮', 'likes': 0, 'publicado_em': '2025-10-20T01:10:54Z'}, {'autor': '@Fylox_011', 'comentario': ""cuz other planets aren't habitable"", 'likes': 4, 'publicado_em': '2025-10-31T07:18:29Z'}, {'autor': '@SilasSnowball', 'comentario': 'No shit Sherlock', 'likes': 4, 'publicado_em': '2025-10-31T12:25:59Z'}, {'autor': '@portiagudazi3113', 'comentario': '@Fylox_011 No kidding😭✌️', 'likes': 1, 'publicado_em': '2025-12-06T12:46:59Z'}, {'autor': '@sans101', 'comentario': '\u200b@Fylox_011 erm actually, there are other habitatable planets in the universe, its just that earth is the only one in our solar system that is habitatable.', 'likes': 1, 'publicado_em': '2025-12-09T22:37:33Z'}]","XrIb25V3GuQ","Dragon ball Character in Gender Bender Swap #shorts #goku #dbs #dragonball","2","Mais antigos"
"@CadeBolton-v5e","UCUAbJzhXrH5dsXttSJDyDkQ","http://www.youtube.com/@CadeBolton-v5e","Why does Goku have so much cake behind there😔❤️‍🩹","232","2025-09-16T23:12:01Z","2025-09-16T23:12:01Z","True","True","31","5","[{'autor': '@IMTOTALLYTHEREALSONIC', 'comentario': 'I’d hate to see super saiyn version', 'likes': 2, 'publicado_em': '2025-10-06T15:57:17Z'}, {'autor': '@ThatOneCringyEdgelord', 'comentario': '\u200b@leyy_hxzs HE MEANS THE FEMALE GOKU VERSION, NEIGHBOUR! LIKE WHY SHE GOT MASSIVE BACK THERE!!!', 'likes': 6, 'publicado_em': '2025-10-13T11:55:14Z'}, {'autor': '@ShadowTheHedgehog-i2f', 'comentario': 'Nga what', 'likes': 3, 'publicado_em': '2025-10-19T02:55:46Z'}, {'autor': '@nothing_personal-t1r', 'comentario': ""It's goonerbait 💀🥀"", 'likes': 23, 'publicado_em': '2025-10-19T12:02:08Z'}, {'autor': '@Readingartist_5', 'comentario': 'FR 😭😭😭🙏🙏', 'likes': 3, 'publicado_em': '2025-10-20T00:56:39Z'}]","XrIb25V3GuQ","Dragon ball Character in Gender Bender Swap #shorts #goku #dbs #dragonball","2","Mais antigos"
"@ZanedaGOAT1","UC-mcubkgHqlZj-X3MBKq-kQ","http://www.youtube.com/@ZanedaGOAT1","Job applications scared of bro😭💔","286","2025-09-17T01:02:36Z","2025-09-17T01:02:36Z","True","True","3","3","[{'autor': '@OfficialNoobplane', 'comentario': 'Fr🥀', 'likes': 2, 'publicado_em': '2025-09-18T08:46:13Z'}, {'autor': '@GlitchflamesYT', 'comentario': '@OfficialNoobplane fr', 'likes': 1, 'publicado_em': '2025-11-07T15:30:22Z'}, {'autor': '@portiagudazi3113', 'comentario': '@OfficialNoobplane fr', 'likes': 0, 'publicado_em': '2025-12-06T12:46:23Z'}]","XrIb25V3GuQ","Dragon ball Character in Gender Bender Swap #shorts #goku #dbs #dragonball","2","Mais antigos"
"@Dexthegoat_69","UCVAkkkvceDxRgKn3VSn1eZA","http://www.youtube.com/@Dexthegoat_69","Is this why tiktok users hate yt shorts?","9","2025-09-18T16:08:17Z","2025-09-18T16:08:17Z","True","True","2","2","[{'autor': '@7xtapaze', 'comentario': 'no yall js stuck behind on memes', 'likes': 1, 'publicado_em': '2025-09-26T21:26:01Z'}, {'autor': '@Dexthegoat_69', 'comentario': '\u200b@7xtapazewho\'s ""yall"" im fluent in Yt shorts, TikTok and I even can speak some Snapchat Spotlights unfortunately', 'likes': 0, 'publicado_em': '2025-09-26T23:58:43Z'}]","XrIb25V3GuQ","Dragon ball Character in Gender Bender Swap #shorts #goku #dbs #dragonball","2","Mais antigos"
"@JG-jz3wh","UCzu2p2sDD9dVUKiS0N2014g","http://www.youtube.com/@JG-jz3wh","This is it, send the damn asteroid or our version of Thanos, you can’t make this shi up.","6","2025-09-26T05:27:02Z","2025-09-26T05:27:02Z","True","True","0","0","[]","XrIb25V3GuQ","Dragon ball Character in Gender Bender Swap #shorts #goku #dbs #dragonball","2","Mais antigos"
"@Elgatodacat","UCsDgZodA0OSiIKfsmN_UYAg","http://www.youtube.com/@Elgatodacat","I think the dinosaurs were better off owning the planet 🙏🏼💀","6","2025-10-07T19:43:26Z","2025-10-07T19:43:26Z","True","True","0","0","[]","XrIb25V3GuQ","Dragon ball Character in Gender Bender Swap #shorts #goku #dbs #dragonball","2","Mais antigos"
"@JamesBromley-z7y","UCbhwip1QcY6rBuaZwlPI5Gg","http://www.youtube.com/@JamesBromley-z7y","This is why Aliens don't visit us bro","2","2025-10-15T19:08:19Z","2025-10-15T19:08:19Z","True","True","0","0","[]","XrIb25V3GuQ","Dragon ball Character in Gender Bender Swap #shorts #goku #dbs #dragonball","2","Mais antigos"
"@Official_Gamer_SonGoku","UCHe8W-3R_uNoiODfXIqD7JQ","http://www.youtube.com/@Official_Gamer_SonGoku","This is why Aliens don't visit us","1380","2025-08-06T01:47:38Z","2025-08-06T01:47:38Z","True","True","44","5","[{'autor': '@Kaiser-x2f4h', 'comentario': 'They are aleins', 'likes': 23, 'publicado_em': '2025-08-25T09:53:50Z'}, {'autor': '@sharky1354bait', 'comentario': 'I think i just lost 50 years off my life spand.😭🙏', 'likes': 43, 'publicado_em': '2025-09-13T15:01:52Z'}, {'autor': '@JosephMental', 'comentario': 'So true:(😢', 'likes': 12, 'publicado_em': '2025-09-14T04:27:42Z'}, {'autor': '@JosephMental', 'comentario': 'But fro anime', 'likes': 4, 'publicado_em': '2025-09-14T04:27:53Z'}, {'autor': '@jastroww', 'comentario': 'Bro they aren’t real', 'likes': 5, 'publicado_em': '2025-09-15T22:35:44Z'}]","XrIb25V3GuQ","Dragon ball Character in Gender Bender Swap #shorts #goku #dbs #dragonball","3","Mais curtidos"
"@Mrperfectcelldbzabridged","UCXEkyFmo1AmyCZlotemsi9A","http://www.youtube.com/@Mrperfectcelldbzabridged","Dead internet theory is real bro🥀🥀","956","2025-07-10T02:29:22Z","2025-07-10T02:29:22Z","True","True","35","5","[{'autor': '@XavierDawson-i7e1q', 'comentario': 'It is 🥀', 'likes': 9, 'publicado_em': '2025-07-15T07:03:24Z'}, {'autor': '@RandomGuy_00126', 'comentario': 'fr 🥀', 'likes': 11, 'publicado_em': '2025-07-20T22:18:42Z'}, {'autor': '@ILOVEBOONDOCKS', 'comentario': 'Fr ts make me wanna just switch to tiktok🥀', 'likes': 10, 'publicado_em': '2025-07-29T21:07:22Z'}, {'autor': '@CRAZY_DAGGER', 'comentario': '@ILOVEBOONDOCKS  wait til this dude finds out about the stickers', 'likes': 8, 'publicado_em': '2025-08-02T08:25:53Z'}, {'autor': '@Milly_kitnya', 'comentario': 'Fr 🥀', 'likes': 1, 'publicado_em': '2025-08-16T23:52:51Z'}]","XrIb25V3GuQ","Dragon ball Character in Gender Bender Swap #shorts #goku #dbs #dragonball","3","Mais curtidos"
"@ANNABELLE_1013Annabelledelosre","UC8jzZkDuo2eohFIloCfUo1Q","http://www.youtube.com/@ANNABELLE_1013Annabelledelosre","YouTube shorts isn't bad...
Literally YouTube shorts:","356","2025-06-29T01:44:44Z","2025-06-29T01:44:44Z","True","True","7","5","[{'autor': '@SomeoneIdk-x6q2t', 'comentario': 'Fr', 'likes': 6, 'publicado_em': '2025-06-30T11:27:24Z'}, {'autor': '@AymanAbdnouz', 'comentario': 'لانو. وز.  وزو.', 'likes': 6, 'publicado_em': '2025-07-01T20:55:54Z'}, {'autor': '@Guntur_semeru', 'comentario': 'https://youtube.com/shorts/2fbHa-CiPRg?si=ffg98jTRpq9EL5js', 'likes': 4, 'publicado_em': '2025-09-18T01:22:13Z'}, {'autor': '@LukaSanchezGalvez', 'comentario': 'aaa', 'likes': 0, 'publicado_em': '2025-09-26T01:16:10Z'}, {'autor': '@mistaperson', 'comentario': 'Fr instagram better', 'likes': 2, 'publicado_em': '2025-10-09T18:26:38Z'}]","XrIb25V3GuQ","Dragon ball Character in Gender Bender Swap #shorts #goku #dbs #dragonball","3","Mais curtidos"
"@ZanedaGOAT1","UC-mcubkgHqlZj-X3MBKq-kQ","http://www.youtube.com/@ZanedaGOAT1","Job applications scared of bro😭💔","286","2025-09-17T01:02:36Z","2025-09-17T01:02:36Z","True","True","3","3","[{'autor': '@OfficialNoobplane', 'comentario': 'Fr🥀', 'likes': 2, 'publicado_em': '2025-09-18T08:46:13Z'}, {'autor': '@GlitchflamesYT', 'comentario': '@OfficialNoobplane fr', 'likes': 1, 'publicado_em': '2025-11-07T15:30:22Z'}, {'autor': '@portiagudazi3113', 'comentario': '@OfficialNoobplane fr', 'likes': 0, 'publicado_em': '2025-12-06T12:46:23Z'}]","XrIb25V3GuQ","Dragon ball Character in Gender Bender Swap #shorts #goku #dbs #dragonball","3","Mais curtidos"
"@CadeBolton-v5e","UCUAbJzhXrH5dsXttSJDyDkQ","http://www.youtube.com/@CadeBolton-v5e","Why does Goku have so much cake behind there😔❤️‍🩹","232","2025-09-16T23:12:01Z","2025-09-16T23:12:01Z","True","True","31","5","[{'autor': '@IMTOTALLYTHEREALSONIC', 'comentario': 'I’d hate to see super saiyn version', 'likes': 2, 'publicado_em': '2025-10-06T15:57:17Z'}, {'autor': '@ThatOneCringyEdgelord', 'comentario': '\u200b@leyy_hxzs HE MEANS THE FEMALE GOKU VERSION, NEIGHBOUR! LIKE WHY SHE GOT MASSIVE BACK THERE!!!', 'likes': 6, 'publicado_em': '2025-10-13T11:55:14Z'}, {'autor': '@ShadowTheHedgehog-i2f', 'comentario': 'Nga what', 'likes': 3, 'publicado_em': '2025-10-19T02:55:46Z'}, {'autor': '@nothing_personal-t1r', 'comentario': ""It's goonerbait 💀🥀"", 'likes': 23, 'publicado_em': '2025-10-19T12:02:08Z'}, {'autor': '@Readingartist_5', 'comentario': 'FR 😭😭😭🙏🙏', 'likes': 3, 'publicado_em': '2025-10-20T00:56:39Z'}]","XrIb25V3GuQ","Dragon ball Character in Gender Bender Swap #shorts #goku #dbs #dragonball","3","Mais curtidos"
"@SilasSnowball","UCsXY9Nsov6ixugMCmXq74oQ","http://www.youtube.com/@SilasSnowball","The fact we share the same planet💔","217","2025-09-14T10:03:10Z","2025-09-14T10:03:10Z","True","True","5","5","[{'autor': '@josephcerda4244', 'comentario': '🤮🤮🤮🤮🤮🤮🤮🤮🤮🤮', 'likes': 0, 'publicado_em': '2025-10-20T01:10:54Z'}, {'autor': '@Fylox_011', 'comentario': ""cuz other planets aren't habitable"", 'likes': 4, 'publicado_em': '2025-10-31T07:18:29Z'}, {'autor': '@SilasSnowball', 'comentario': 'No shit Sherlock', 'likes': 4, 'publicado_em': '2025-10-31T12:25:59Z'}, {'autor': '@portiagudazi3113', 'comentario': '@Fylox_011 No kidding😭✌️', 'likes': 1, 'publicado_em': '2025-12-06T12:46:59Z'}, {'autor': '@sans101', 'comentario': '\u200b@Fylox_011 erm actually, there are other habitatable planets in the universe, its just that earth is the only one in our solar system that is habitatable.', 'likes': 1, 'publicado_em': '2025-12-09T22:37:33Z'}]","XrIb25V3GuQ","Dragon ball Character in Gender Bender Swap #shorts #goku #dbs #dragonball","3","Mais curtidos"
"@mi_k3y","UC7uDsvOFbcxroXWr139cgrQ","http://www.youtube.com/@mi_k3y","If u searched for this, May God save you","112","2025-08-06T16:09:28Z","2025-08-06T16:09:28Z","True","True","20","5","[{'autor': '@mistaperson', 'comentario': 'I searched for DBL 💔', 'likes': 4, 'publicado_em': '2025-10-09T18:28:45Z'}, {'autor': '@lukalukacho819', 'comentario': ""This isn't even that bad so you sybau"", 'likes': 2, 'publicado_em': '2025-10-14T05:25:23Z'}, {'autor': '@LennyKalo', 'comentario': '❤Wcn', 'likes': 1, 'publicado_em': '2025-10-14T10:34:21Z'}, {'autor': '@FernandoEditz-alt', 'comentario': 'I searched for weird dbz commercial', 'likes': 0, 'publicado_em': '2025-10-14T22:07:04Z'}, {'autor': '@Chrisdev4', 'comentario': '@lukalukacho819 ""sybau"" in october. let it die', 'likes': 1, 'publicado_em': '2025-10-15T00:57:37Z'}]","XrIb25V3GuQ","Dragon ball Character in Gender Bender Swap #shorts #goku #dbs #dragonball","3","Mais curtidos"
"@OutcomeMeme","UCMGDBKrpHXzo9jhncTqmhQg","http://www.youtube.com/@OutcomeMeme","This is the true reason freiza doesn't visit out earth","71","2025-08-05T22:20:42Z","2025-08-05T22:21:08Z","True","True","0","0","[]","XrIb25V3GuQ","Dragon ball Character in Gender Bender Swap #shorts #goku #dbs #dragonball","3","Mais curtidos"
"@Fau12233","UCmftdedQa_PI9zOpDB8VF8w","http://www.youtube.com/@Fau12233","BRO THESE COMMENTS NEEDS TO TOUCH GRASS FRFR","68","2025-06-26T13:45:56Z","2025-06-26T13:45:56Z","True","True","8","5","[{'autor': '@GTay-p9k', 'comentario': 'Corny jits', 'likes': 2, 'publicado_em': '2025-06-28T09:09:58Z'}, {'autor': '@superluigibrosanimations6086', 'comentario': 'Kiddy jits', 'likes': 1, 'publicado_em': '2025-07-06T05:22:14Z'}, {'autor': '@canyadalittlecandyXD', 'comentario': 'fr', 'likes': 1, 'publicado_em': '2025-07-10T08:46:59Z'}, {'autor': '@AyaaniSalami', 'comentario': 'Cornball 🥀', 'likes': 0, 'publicado_em': '2025-09-18T08:39:52Z'}, {'autor': '@EoinCook-jw8gs', 'comentario': 'I already touched grass in the last 3 weeks dont test me on this.', 'likes': 0, 'publicado_em': '2025-10-07T01:53:22Z'}]","XrIb25V3GuQ","Dragon ball Character in Gender Bender Swap #shorts #goku #dbs #dragonball","3","Mais curtidos"
"@CRAZY_DAGGER","UCNEPvqCPrexczA5hWPewnnA","http://www.youtube.com/@CRAZY_DAGGER","i was searching for mc mods","51","2025-08-02T08:26:48Z","2025-08-02T08:26:48Z","True","True","13","5","[{'autor': '@coolgUy_5544', 'comentario': 'Same', 'likes': 2, 'publicado_em': '2025-08-12T15:09:17Z'}, {'autor': '@japhysworld2844', 'comentario': 'same', 'likes': 2, 'publicado_em': '2025-08-19T18:13:05Z'}, {'autor': '@caballista-q4w', 'comentario': 'Diiedjv.      😡✏️\U0001fae5', 'likes': 0, 'publicado_em': '2025-09-08T12:38:27Z'}, {'autor': '@Trance-uy3lq', 'comentario': ""Can't blame yall"", 'likes': 1, 'publicado_em': '2025-09-16T18:13:14Z'}, {'autor': '@mystro-r7p', 'comentario': 'SAME EXACT THING', 'likes': 1, 'publicado_em': '2025-09-17T18:30:41Z'}]","XrIb25V3GuQ","Dragon ball Character in Gender Bender Swap #shorts #goku #dbs #dragonball","3","Mais curtidos"
"@Outcooked","UCSgiqnQxFGgPBEJn-4oyC8g","http://www.youtube.com/@Outcooked","Perfect cell is perfect just the way he is he doesn’t need a cheap copy","29","2025-09-08T09:40:55Z","2025-09-08T09:40:55Z","True","True","3","3","[{'autor': '@LocalMondayHater', 'comentario': 'Did you say… perfect?', 'likes': 1, 'publicado_em': '2025-11-09T06:42:52Z'}, {'autor': '@perfect-cell-t5q', 'comentario': 'Real', 'likes': 1, 'publicado_em': '2025-11-12T04:42:34Z'}, {'autor': '@angelica9601', 'comentario': 'You need to work on your Grammer. Also is that sexism I am sensing? Dang your parents raised you wrong for you to get mad at a silly edit.', 'likes': 0, 'publicado_em': '2025-11-17T10:37:07Z'}]","XrIb25V3GuQ","Dragon ball Character in Gender Bender Swap #shorts #goku #dbs #dragonball","3","Mais curtidos"
"@Austin_yar","UCJZkwUOkTP_CDAiwrDbDh3Q","http://www.youtube.com/@Austin_yar","THIS TREND ENDED YEARS AGO BRO WHAT ARE WE DOING????","27","2025-08-07T00:47:27Z","2025-08-07T00:47:27Z","True","True","2","2","[{'autor': '@KatoGS123', 'comentario': 'Trends always get revived sadly', 'likes': 0, 'publicado_em': '2025-10-08T08:49:38Z'}, {'autor': '@mistaperson', 'comentario': '\u200b@KatoGS123 its yt shorts what do you expect', 'likes': 0, 'publicado_em': '2025-10-09T18:28:04Z'}]","XrIb25V3GuQ","Dragon ball Character in Gender Bender Swap #shorts #goku #dbs #dragonball","3","Mais curtidos"
"@Gunner75557","UCAupOYvbkQnn1hfAEriRxCg","http://www.youtube.com/@Gunner75557","This ain’t what akira wanted 💔","22","2025-08-18T16:57:44Z","2025-08-18T16:57:44Z","True","True","4","4","[{'autor': '@servedbot7377', 'comentario': 'Well, he made kale and caulifla', 'likes': 2, 'publicado_em': '2025-10-08T21:03:28Z'}, {'autor': '@mistaperson', 'comentario': 'Akira wanted DB to be an action series btw', 'likes': 4, 'publicado_em': '2025-10-09T18:27:19Z'}, {'autor': '@RoseanAshman', 'comentario': ""he prolly did he's an absolute gooner"", 'likes': 0, 'publicado_em': '2025-10-26T08:35:28Z'}, {'autor': '@AndrewCarr-ok9zx', 'comentario': 'Damn 😭😭😭😭goki thicc 💀💀💀💀😭😭💀😭💀💀😭💀😭💀😭😭💀😭💀💀💀', 'likes': 0, 'publicado_em': '2025-11-29T23:34:37Z'}]","XrIb25V3GuQ","Dragon ball Character in Gender Bender Swap #shorts #goku #dbs #dragonball","3","Mais curtidos"
"@AntonKirilov-o9z","UCfS4Z4XgRWWuosS9hufQfVg","http://www.youtube.com/@AntonKirilov-o9z","The thumbnail💀","14","2025-07-28T11:53:35Z","2025-07-28T11:53:35Z","True","True","2","2","[{'autor': '@gabrielapea-otu4078', 'comentario': 'Fr that’s what brought me here 💀🥀', 'likes': 2, 'publicado_em': '2025-10-09T00:40:25Z'}, {'autor': '@mistaperson', 'comentario': 'Yall stuck on ""💀"" 🎋\U0001fae9✌️', 'likes': 1, 'publicado_em': '2025-10-09T18:27:36Z'}]","XrIb25V3GuQ","Dragon ball Character in Gender Bender Swap #shorts #goku #dbs #dragonball","3","Mais curtidos"
"@KaraboMothiba-c5p","UCvCwApalqM5gHiHj3A7Lhsw","http://www.youtube.com/@KaraboMothiba-c5p","That she Frieza is something else","9","2025-06-22T12:20:11Z","2025-06-22T12:20:11Z","True","True","0","0","[]","XrIb25V3GuQ","Dragon ball Character in Gender Bender Swap #shorts #goku #dbs #dragonball","3","Mais curtidos"
"@Dexthegoat_69","UCVAkkkvceDxRgKn3VSn1eZA","http://www.youtube.com/@Dexthegoat_69","Is this why tiktok users hate yt shorts?","9","2025-09-18T16:08:17Z","2025-09-18T16:08:17Z","True","True","2","2","[{'autor': '@7xtapaze', 'comentario': 'no yall js stuck behind on memes', 'likes': 1, 'publicado_em': '2025-09-26T21:26:01Z'}, {'autor': '@Dexthegoat_69', 'comentario': '\u200b@7xtapazewho\'s ""yall"" im fluent in Yt shorts, TikTok and I even can speak some Snapchat Spotlights unfortunately', 'likes': 0, 'publicado_em': '2025-09-26T23:58:43Z'}]","XrIb25V3GuQ","Dragon ball Character in Gender Bender Swap #shorts #goku #dbs #dragonball","3","Mais curtidos"
"@Elgatodacat","UCsDgZodA0OSiIKfsmN_UYAg","http://www.youtube.com/@Elgatodacat","I think the dinosaurs were better off owning the planet 🙏🏼💀","6","2025-10-07T19:43:26Z","2025-10-07T19:43:26Z","True","True","0","0","[]","XrIb25V3GuQ","Dragon ball Character in Gender Bender Swap #shorts #goku #dbs #dragonball","3","Mais curtidos"
"@JG-jz3wh","UCzu2p2sDD9dVUKiS0N2014g","http://www.youtube.com/@JG-jz3wh","This is it, send the damn asteroid or our version of Thanos, you can’t make this shi up.","6","2025-09-26T05:27:02Z","2025-09-26T05:27:02Z","True","True","0","0","[]","XrIb25V3GuQ","Dragon ball Character in Gender Bender Swap #shorts #goku #dbs #dragonball","3","Mais curtidos"
"@NightShade-v5m","UCIg6ReOJa5LmYTshkDzDRAg","http://www.youtube.com/@NightShade-v5m","Bro I just searched Swap Core for the GD level...","3","2025-09-03T15:11:36Z","2025-09-03T15:11:36Z","True","True","0","0","[]","XrIb25V3GuQ","Dragon ball Character in Gender Bender Swap #shorts #goku #dbs #dragonball","3","Mais curtidos"
"@JamesBromley-z7y","UCbhwip1QcY6rBuaZwlPI5Gg","http://www.youtube.com/@JamesBromley-z7y","This is why Aliens don't visit us bro","2","2025-10-15T19:08:19Z","2025-10-15T19:08:19Z","True","True","0","0","[]","XrIb25V3GuQ","Dragon ball Character in Gender Bender Swap #shorts #goku #dbs #dragonball","3","Mais curtidos"
"@JG-jz3wh","UCzu2p2sDD9dVUKiS0N2014g","http://www.youtube.com/@JG-jz3wh","This is it, send the damn asteroid or our version of Thanos, you can’t make this shi up.","6","2025-09-26T05:27:02Z","2025-09-26T05:27:02Z","True","True","0","0","[]","XrIb25V3GuQ","Dragon ball Character in Gender Bender Swap #shorts #goku #dbs #dragonball","4","Mais longos"
"@Outcooked","UCSgiqnQxFGgPBEJn-4oyC8g","http://www.youtube.com/@Outcooked","Perfect cell is perfect just the way he is he doesn’t need a cheap copy","29","2025-09-08T09:40:55Z","2025-09-08T09:40:55Z","True","True","3","3","[{'autor': '@LocalMondayHater', 'comentario': 'Did you say… perfect?', 'likes': 1, 'publicado_em': '2025-11-09T06:42:52Z'}, {'autor': '@perfect-cell-t5q', 'comentario': 'Real', 'likes': 1, 'publicado_em': '2025-11-12T04:42:34Z'}, {'autor': '@angelica9601', 'comentario': 'You need to work on your Grammer. Also is that sexism I am sensing? Dang your parents raised you wrong for you to get mad at a silly edit.', 'likes': 0, 'publicado_em': '2025-11-17T10:37:07Z'}]","XrIb25V3GuQ","Dragon ball Character in Gender Bender Swap #shorts #goku #dbs #dragonball","4","Mais longos"
"@Elgatodacat","UCsDgZodA0OSiIKfsmN_UYAg","http://www.youtube.com/@Elgatodacat","I think the dinosaurs were better off owning the planet 🙏🏼💀","6","2025-10-07T19:43:26Z","2025-10-07T19:43:26Z","True","True","0","0","[]","XrIb25V3GuQ","Dragon ball Character in Gender Bender Swap #shorts #goku #dbs #dragonball","4","Mais longos"
"@OutcomeMeme","UCMGDBKrpHXzo9jhncTqmhQg","http://www.youtube.com/@OutcomeMeme","This is the true reason freiza doesn't visit out earth","71","2025-08-05T22:20:42Z","2025-08-05T22:21:08Z","True","True","0","0","[]","XrIb25V3GuQ","Dragon ball Character in Gender Bender Swap #shorts #goku #dbs #dragonball","4","Mais longos"
"@ANNABELLE_1013Annabelledelosre","UC8jzZkDuo2eohFIloCfUo1Q","http://www.youtube.com/@ANNABELLE_1013Annabelledelosre","YouTube shorts isn't bad...
Literally YouTube shorts:","356","2025-06-29T01:44:44Z","2025-06-29T01:44:44Z","True","True","7","5","[{'autor': '@SomeoneIdk-x6q2t', 'comentario': 'Fr', 'likes': 6, 'publicado_em': '2025-06-30T11:27:24Z'}, {'autor': '@AymanAbdnouz', 'comentario': 'لانو. وز.  وزو.', 'likes': 6, 'publicado_em': '2025-07-01T20:55:54Z'}, {'autor': '@Guntur_semeru', 'comentario': 'https://youtube.com/shorts/2fbHa-CiPRg?si=ffg98jTRpq9EL5js', 'likes': 4, 'publicado_em': '2025-09-18T01:22:13Z'}, {'autor': '@LukaSanchezGalvez', 'comentario': 'aaa', 'likes': 0, 'publicado_em': '2025-09-26T01:16:10Z'}, {'autor': '@mistaperson', 'comentario': 'Fr instagram better', 'likes': 2, 'publicado_em': '2025-10-09T18:26:38Z'}]","XrIb25V3GuQ","Dragon ball Character in Gender Bender Swap #shorts #goku #dbs #dragonball","4","Mais longos"
"@Austin_yar","UCJZkwUOkTP_CDAiwrDbDh3Q","http://www.youtube.com/@Austin_yar","THIS TREND ENDED YEARS AGO BRO WHAT ARE WE DOING????","27","2025-08-07T00:47:27Z","2025-08-07T00:47:27Z","True","True","2","2","[{'autor': '@KatoGS123', 'comentario': 'Trends always get revived sadly', 'likes': 0, 'publicado_em': '2025-10-08T08:49:38Z'}, {'autor': '@mistaperson', 'comentario': '\u200b@KatoGS123 its yt shorts what do you expect', 'likes': 0, 'publicado_em': '2025-10-09T18:28:04Z'}]","XrIb25V3GuQ","Dragon ball Character in Gender Bender Swap #shorts #goku #dbs #dragonball","4","Mais longos"
"@CadeBolton-v5e","UCUAbJzhXrH5dsXttSJDyDkQ","http://www.youtube.com/@CadeBolton-v5e","Why does Goku have so much cake behind there😔❤️‍🩹","232","2025-09-16T23:12:01Z","2025-09-16T23:12:01Z","True","True","31","5","[{'autor': '@IMTOTALLYTHEREALSONIC', 'comentario': 'I’d hate to see super saiyn version', 'likes': 2, 'publicado_em': '2025-10-06T15:57:17Z'}, {'autor': '@ThatOneCringyEdgelord', 'comentario': '\u200b@leyy_hxzs HE MEANS THE FEMALE GOKU VERSION, NEIGHBOUR! LIKE WHY SHE GOT MASSIVE BACK THERE!!!', 'likes': 6, 'publicado_em': '2025-10-13T11:55:14Z'}, {'autor': '@ShadowTheHedgehog-i2f', 'comentario': 'Nga what', 'likes': 3, 'publicado_em': '2025-10-19T02:55:46Z'}, {'autor': '@nothing_personal-t1r', 'comentario': ""It's goonerbait 💀🥀"", 'likes': 23, 'publicado_em': '2025-10-19T12:02:08Z'}, {'autor': '@Readingartist_5', 'comentario': 'FR 😭😭😭🙏🙏', 'likes': 3, 'publicado_em': '2025-10-20T00:56:39Z'}]","XrIb25V3GuQ","Dragon ball Character in Gender Bender Swap #shorts #goku #dbs #dragonball","4","Mais longos"
"@NightShade-v5m","UCIg6ReOJa5LmYTshkDzDRAg","http://www.youtube.com/@NightShade-v5m","Bro I just searched Swap Core for the GD level...","3","2025-09-03T15:11:36Z","2025-09-03T15:11:36Z","True","True","0","0","[]","XrIb25V3GuQ","Dragon ball Character in Gender Bender Swap #shorts #goku #dbs #dragonball","4","Mais longos"
"@Fau12233","UCmftdedQa_PI9zOpDB8VF8w","http://www.youtube.com/@Fau12233","BRO THESE COMMENTS NEEDS TO TOUCH GRASS FRFR","68","2025-06-26T13:45:56Z","2025-06-26T13:45:56Z","True","True","8","5","[{'autor': '@GTay-p9k', 'comentario': 'Corny jits', 'likes': 2, 'publicado_em': '2025-06-28T09:09:58Z'}, {'autor': '@superluigibrosanimations6086', 'comentario': 'Kiddy jits', 'likes': 1, 'publicado_em': '2025-07-06T05:22:14Z'}, {'autor': '@canyadalittlecandyXD', 'comentario': 'fr', 'likes': 1, 'publicado_em': '2025-07-10T08:46:59Z'}, {'autor': '@AyaaniSalami', 'comentario': 'Cornball 🥀', 'likes': 0, 'publicado_em': '2025-09-18T08:39:52Z'}, {'autor': '@EoinCook-jw8gs', 'comentario': 'I already touched grass in the last 3 weeks dont test me on this.', 'likes': 0, 'publicado_em': '2025-10-07T01:53:22Z'}]","XrIb25V3GuQ","Dragon ball Character in Gender Bender Swap #shorts #goku #dbs #dragonball","4","Mais longos"
"@mi_k3y","UC7uDsvOFbcxroXWr139cgrQ","http://www.youtube.com/@mi_k3y","If u searched for this, May God save you","112","2025-08-06T16:09:28Z","2025-08-06T16:09:28Z","True","True","20","5","[{'autor': '@mistaperson', 'comentario': 'I searched for DBL 💔', 'likes': 4, 'publicado_em': '2025-10-09T18:28:45Z'}, {'autor': '@lukalukacho819', 'comentario': ""This isn't even that bad so you sybau"", 'likes': 2, 'publicado_em': '2025-10-14T05:25:23Z'}, {'autor': '@LennyKalo', 'comentario': '❤Wcn', 'likes': 1, 'publicado_em': '2025-10-14T10:34:21Z'}, {'autor': '@FernandoEditz-alt', 'comentario': 'I searched for weird dbz commercial', 'likes': 0, 'publicado_em': '2025-10-14T22:07:04Z'}, {'autor': '@Chrisdev4', 'comentario': '@lukalukacho819 ""sybau"" in october. let it die', 'likes': 1, 'publicado_em': '2025-10-15T00:57:37Z'}]","XrIb25V3GuQ","Dragon ball Character in Gender Bender Swap #shorts #goku #dbs #dragonball","4","Mais longos"
"@Dexthegoat_69","UCVAkkkvceDxRgKn3VSn1eZA","http://www.youtube.com/@Dexthegoat_69","Is this why tiktok users hate yt shorts?","9","2025-09-18T16:08:17Z","2025-09-18T16:08:17Z","True","True","2","2","[{'autor': '@7xtapaze', 'comentario': 'no yall js stuck behind on memes', 'likes': 1, 'publicado_em': '2025-09-26T21:26:01Z'}, {'autor': '@Dexthegoat_69', 'comentario': '\u200b@7xtapazewho\'s ""yall"" im fluent in Yt shorts, TikTok and I even can speak some Snapchat Spotlights unfortunately', 'likes': 0, 'publicado_em': '2025-09-26T23:58:43Z'}]","XrIb25V3GuQ","Dragon ball Character in Gender Bender Swap #shorts #goku #dbs #dragonball","4","Mais longos"
"@JamesBromley-z7y","UCbhwip1QcY6rBuaZwlPI5Gg","http://www.youtube.com/@JamesBromley-z7y","This is why Aliens don't visit us bro","2","2025-10-15T19:08:19Z","2025-10-15T19:08:19Z","True","True","0","0","[]","XrIb25V3GuQ","Dragon ball Character in Gender Bender Swap #shorts #goku #dbs #dragonball","4","Mais longos"
"@Mrperfectcelldbzabridged","UCXEkyFmo1AmyCZlotemsi9A","http://www.youtube.com/@Mrperfectcelldbzabridged","Dead internet theory is real bro🥀🥀","956","2025-07-10T02:29:22Z","2025-07-10T02:29:22Z","True","True","35","5","[{'autor': '@XavierDawson-i7e1q', 'comentario': 'It is 🥀', 'likes': 9, 'publicado_em': '2025-07-15T07:03:24Z'}, {'autor': '@RandomGuy_00126', 'comentario': 'fr 🥀', 'likes': 11, 'publicado_em': '2025-07-20T22:18:42Z'}, {'autor': '@ILOVEBOONDOCKS', 'comentario': 'Fr ts make me wanna just switch to tiktok🥀', 'likes': 10, 'publicado_em': '2025-07-29T21:07:22Z'}, {'autor': '@CRAZY_DAGGER', 'comentario': '@ILOVEBOONDOCKS  wait til this dude finds out about the stickers', 'likes': 8, 'publicado_em': '2025-08-02T08:25:53Z'}, {'autor': '@Milly_kitnya', 'comentario': 'Fr 🥀', 'likes': 1, 'publicado_em': '2025-08-16T23:52:51Z'}]","XrIb25V3GuQ","Dragon ball Character in Gender Bender Swap #shorts #goku #dbs #dragonball","4","Mais longos"
"@SilasSnowball","UCsXY9Nsov6ixugMCmXq74oQ","http://www.youtube.com/@SilasSnowball","The fact we share the same planet💔","217","2025-09-14T10:03:10Z","2025-09-14T10:03:10Z","True","True","5","5","[{'autor': '@josephcerda4244', 'comentario': '🤮🤮🤮🤮🤮🤮🤮🤮🤮🤮', 'likes': 0, 'publicado_em': '2025-10-20T01:10:54Z'}, {'autor': '@Fylox_011', 'comentario': ""cuz other planets aren't habitable"", 'likes': 4, 'publicado_em': '2025-10-31T07:18:29Z'}, {'autor': '@SilasSnowball', 'comentario': 'No shit Sherlock', 'likes': 4, 'publicado_em': '2025-10-31T12:25:59Z'}, {'autor': '@portiagudazi3113', 'comentario': '@Fylox_011 No kidding😭✌️', 'likes': 1, 'publicado_em': '2025-12-06T12:46:59Z'}, {'autor': '@sans101', 'comentario': '\u200b@Fylox_011 erm actually, there are other habitatable planets in the universe, its just that earth is the only one in our solar system that is habitatable.', 'likes': 1, 'publicado_em': '2025-12-09T22:37:33Z'}]","XrIb25V3GuQ","Dragon ball Character in Gender Bender Swap #shorts #goku #dbs #dragonball","4","Mais longos"
"@Official_Gamer_SonGoku","UCHe8W-3R_uNoiODfXIqD7JQ","http://www.youtube.com/@Official_Gamer_SonGoku","This is why Aliens don't visit us","1380","2025-08-06T01:47:38Z","2025-08-06T01:47:38Z","True","True","44","5","[{'autor': '@Kaiser-x2f4h', 'comentario': 'They are aleins', 'likes': 23, 'publicado_em': '2025-08-25T09:53:50Z'}, {'autor': '@sharky1354bait', 'comentario': 'I think i just lost 50 years off my life spand.😭🙏', 'likes': 43, 'publicado_em': '2025-09-13T15:01:52Z'}, {'autor': '@JosephMental', 'comentario': 'So true:(😢', 'likes': 12, 'publicado_em': '2025-09-14T04:27:42Z'}, {'autor': '@JosephMental', 'comentario': 'But fro anime', 'likes': 4, 'publicado_em': '2025-09-14T04:27:53Z'}, {'autor': '@jastroww', 'comentario': 'Bro they aren’t real', 'likes': 5, 'publicado_em': '2025-09-15T22:35:44Z'}]","XrIb25V3GuQ","Dragon ball Character in Gender Bender Swap #shorts #goku #dbs #dragonball","4","Mais longos"
"@KaraboMothiba-c5p","UCvCwApalqM5gHiHj3A7Lhsw","http://www.youtube.com/@KaraboMothiba-c5p","That she Frieza is something else","9","2025-06-22T12:20:11Z","2025-06-22T12:20:11Z","True","True","0","0","[]","XrIb25V3GuQ","Dragon ball Character in Gender Bender Swap #shorts #goku #dbs #dragonball","4","Mais longos"
"@ZanedaGOAT1","UC-mcubkgHqlZj-X3MBKq-kQ","http://www.youtube.com/@ZanedaGOAT1","Job applications scared of bro😭💔","286","2025-09-17T01:02:36Z","2025-09-17T01:02:36Z","True","True","3","3","[{'autor': '@OfficialNoobplane', 'comentario': 'Fr🥀', 'likes': 2, 'publicado_em': '2025-09-18T08:46:13Z'}, {'autor': '@GlitchflamesYT', 'comentario': '@OfficialNoobplane fr', 'likes': 1, 'publicado_em': '2025-11-07T15:30:22Z'}, {'autor': '@portiagudazi3113', 'comentario': '@OfficialNoobplane fr', 'likes': 0, 'publicado_em': '2025-12-06T12:46:23Z'}]","XrIb25V3GuQ","Dragon ball Character in Gender Bender Swap #shorts #goku #dbs #dragonball","4","Mais longos"
"@Gunner75557","UCAupOYvbkQnn1hfAEriRxCg","http://www.youtube.com/@Gunner75557","This ain’t what akira wanted 💔","22","2025-08-18T16:57:44Z","2025-08-18T16:57:44Z","True","True","4","4","[{'autor': '@servedbot7377', 'comentario': 'Well, he made kale and caulifla', 'likes': 2, 'publicado_em': '2025-10-08T21:03:28Z'}, {'autor': '@mistaperson', 'comentario': 'Akira wanted DB to be an action series btw', 'likes': 4, 'publicado_em': '2025-10-09T18:27:19Z'}, {'autor': '@RoseanAshman', 'comentario': ""he prolly did he's an absolute gooner"", 'likes': 0, 'publicado_em': '2025-10-26T08:35:28Z'}, {'autor': '@AndrewCarr-ok9zx', 'comentario': 'Damn 😭😭😭😭goki thicc 💀💀💀💀😭😭💀😭💀💀😭💀😭💀😭😭💀😭💀💀💀', 'likes': 0, 'publicado_em': '2025-11-29T23:34:37Z'}]","XrIb25V3GuQ","Dragon ball Character in Gender Bender Swap #shorts #goku #dbs #dragonball","4","Mais longos"
"@CRAZY_DAGGER","UCNEPvqCPrexczA5hWPewnnA","http://www.youtube.com/@CRAZY_DAGGER","i was searching for mc mods","51","2025-08-02T08:26:48Z","2025-08-02T08:26:48Z","True","True","13","5","[{'autor': '@coolgUy_5544', 'comentario': 'Same', 'likes': 2, 'publicado_em': '2025-08-12T15:09:17Z'}, {'autor': '@japhysworld2844', 'comentario': 'same', 'likes': 2, 'publicado_em': '2025-08-19T18:13:05Z'}, {'autor': '@caballista-q4w', 'comentario': 'Diiedjv.      😡✏️\U0001fae5', 'likes': 0, 'publicado_em': '2025-09-08T12:38:27Z'}, {'autor': '@Trance-uy3lq', 'comentario': ""Can't blame yall"", 'likes': 1, 'publicado_em': '2025-09-16T18:13:14Z'}, {'autor': '@mystro-r7p', 'comentario': 'SAME EXACT THING', 'likes': 1, 'publicado_em': '2025-09-17T18:30:41Z'}]","XrIb25V3GuQ","Dragon ball Character in Gender Bender Swap #shorts #goku #dbs #dragonball","4","Mais longos"
"@AntonKirilov-o9z","UCfS4Z4XgRWWuosS9hufQfVg","http://www.youtube.com/@AntonKirilov-o9z","The thumbnail💀","14","2025-07-28T11:53:35Z","2025-07-28T11:53:35Z","True","True","2","2","[{'autor': '@gabrielapea-otu4078', 'comentario': 'Fr that’s what brought me here 💀🥀', 'likes': 2, 'publicado_em': '2025-10-09T00:40:25Z'}, {'autor': '@mistaperson', 'comentario': 'Yall stuck on ""💀"" 🎋\U0001fae9✌️', 'likes': 1, 'publicado_em': '2025-10-09T18:27:36Z'}]","XrIb25V3GuQ","Dragon ball Character in Gender Bender Swap #shorts #goku #dbs #dragonball","4","Mais longos"
"@THE.FOOLISH_GMR","UCKdL_PnRyuJZ_vn7k21B8zA","http://www.youtube.com/@THE.FOOLISH_GMR","❤","1","2025-12-12T13:10:53Z","2025-12-12T13:10:53Z","True","True","0","0","[]","d45tRj6IiNM","Goku vs Saitama II jumping test#anime#ai#animation#dragonball#onepunchman#goku#saitama","1","Mais novos"
"@kameshwarkumar7168","UCV7B5vjO8zZqCzqAWxa9jjQ","http://www.youtube.com/@kameshwarkumar7168","Saitama 🎉🎉","2","2025-12-12T13:10:24Z","2025-12-12T13:10:24Z","True","True","0","0","[]","d45tRj6IiNM","Goku vs Saitama II jumping test#anime#ai#animation#dragonball#onepunchman#goku#saitama","1","Mais novos"
"@DtygTtty","UCMCazfsEpsh1iZI3Leqd3zQ","http://www.youtube.com/@DtygTtty","Goku in kakarot mode🥶🥶☠️☠️💀💀🗿🗿🗿😈😈🗿🗿🗿🗿🗿🗿🗿🗿","2","2025-12-12T13:09:39Z","2025-12-12T13:09:39Z","True","True","0","0","[]","d45tRj6IiNM","Goku vs Saitama II jumping test#anime#ai#animation#dragonball#onepunchman#goku#saitama","1","Mais novos"
"@DyyhvcfFyfff","UCuFvw-qFhYQkaCbLxkYoMBA","http://www.youtube.com/@DyyhvcfFyfff","Power of songoku ❌️
Power of kakaraot❎️","3","2025-12-12T13:07:25Z","2025-12-12T13:07:25Z","True","True","0","0","[]","d45tRj6IiNM","Goku vs Saitama II jumping test#anime#ai#animation#dragonball#onepunchman#goku#saitama","1","Mais novos"
"@DyyhvcfFyfff","UCuFvw-qFhYQkaCbLxkYoMBA","http://www.youtube.com/@DyyhvcfFyfff","Power of songoku ❌️
Power of kakaraot❎️","3","2025-12-12T13:07:25Z","2025-12-12T13:07:25Z","True","True","0","0","[]","d45tRj6IiNM","Goku vs Saitama II jumping test#anime#ai#animation#dragonball#onepunchman#goku#saitama","2","Mais antigos"
"@DtygTtty","UCMCazfsEpsh1iZI3Leqd3zQ","http://www.youtube.com/@DtygTtty","Goku in kakarot mode🥶🥶☠️☠️💀💀🗿🗿🗿😈😈🗿🗿🗿🗿🗿🗿🗿🗿","2","2025-12-12T13:09:39Z","2025-12-12T13:09:39Z","True","True","0","0","[]","d45tRj6IiNM","Goku vs Saitama II jumping test#anime#ai#animation#dragonball#onepunchman#goku#saitama","2","Mais antigos"
"@kameshwarkumar7168","UCV7B5vjO8zZqCzqAWxa9jjQ","http://www.youtube.com/@kameshwarkumar7168","Saitama 🎉🎉","2","2025-12-12T13:10:24Z","2025-12-12T13:10:24Z","True","True","0","0","[]","d45tRj6IiNM","Goku vs Saitama II jumping test#anime#ai#animation#dragonball#onepunchman#goku#saitama","2","Mais antigos"
"@THE.FOOLISH_GMR","UCKdL_PnRyuJZ_vn7k21B8zA","http://www.youtube.com/@THE.FOOLISH_GMR","❤","1","2025-12-12T13:10:53Z","2025-12-12T13:10:53Z","True","True","0","0","[]","d45tRj6IiNM","Goku vs Saitama II jumping test#anime#ai#animation#dragonball#onepunchman#goku#saitama","2","Mais antigos"
"@DyyhvcfFyfff","UCuFvw-qFhYQkaCbLxkYoMBA","http://www.youtube.com/@DyyhvcfFyfff","Power of songoku ❌️
Power of kakaraot❎️","3","2025-12-12T13:07:25Z","2025-12-12T13:07:25Z","True","True","0","0","[]","d45tRj6IiNM","Goku vs Saitama II jumping test#anime#ai#animation#dragonball#onepunchman#goku#saitama","3","Mais curtidos"
"@DtygTtty","UCMCazfsEpsh1iZI3Leqd3zQ","http://www.youtube.com/@DtygTtty","Goku in kakarot mode🥶🥶☠️☠️💀💀🗿🗿🗿😈😈🗿🗿🗿🗿🗿🗿🗿🗿","2","2025-12-12T13:09:39Z","2025-12-12T13:09:39Z","True","True","0","0","[]","d45tRj6IiNM","Goku vs Saitama II jumping test#anime#ai#animation#dragonball#onepunchman#goku#saitama","3","Mais curtidos"
"@kameshwarkumar7168","UCV7B5vjO8zZqCzqAWxa9jjQ","http://www.youtube.com/@kameshwarkumar7168","Saitama 🎉🎉","2","2025-12-12T13:10:24Z","2025-12-12T13:10:24Z","True","True","0","0","[]","d45tRj6IiNM","Goku vs Saitama II jumping test#anime#ai#animation#dragonball#onepunchman#goku#saitama","3","Mais curtidos"
"@THE.FOOLISH_GMR","UCKdL_PnRyuJZ_vn7k21B8zA","http://www.youtube.com/@THE.FOOLISH_GMR","❤","1","2025-12-12T13:10:53Z","2025-12-12T13:10:53Z","True","True","0","0","[]","d45tRj6IiNM","Goku vs Saitama II jumping test#anime#ai#animation#dragonball#onepunchman#goku#saitama","3","Mais curtidos"
"@DtygTtty","UCMCazfsEpsh1iZI3Leqd3zQ","http://www.youtube.com/@DtygTtty","Goku in kakarot mode🥶🥶☠️☠️💀💀🗿🗿🗿😈😈🗿🗿🗿🗿🗿🗿🗿🗿","2","2025-12-12T13:09:39Z","2025-12-12T13:09:39Z","True","True","0","0","[]","d45tRj6IiNM","Goku vs Saitama II jumping test#anime#ai#animation#dragonball#onepunchman#goku#saitama","4","Mais longos"
"@DyyhvcfFyfff","UCuFvw-qFhYQkaCbLxkYoMBA","http://www.youtube.com/@DyyhvcfFyfff","Power of songoku ❌️
Power of kakaraot❎️","3","2025-12-12T13:07:25Z","2025-12-12T13:07:25Z","True","True","0","0","[]","d45tRj6IiNM","Goku vs Saitama II jumping test#anime#ai#animation#dragonball#onepunchman#goku#saitama","4","Mais longos"
"@kameshwarkumar7168","UCV7B5vjO8zZqCzqAWxa9jjQ","http://www.youtube.com/@kameshwarkumar7168","Saitama 🎉🎉","2","2025-12-12T13:10:24Z","2025-12-12T13:10:24Z","True","True","0","0","[]","d45tRj6IiNM","Goku vs Saitama II jumping test#anime#ai#animation#dragonball#onepunchman#goku#saitama","4","Mais longos"
"@THE.FOOLISH_GMR","UCKdL_PnRyuJZ_vn7k21B8zA","http://www.youtube.com/@THE.FOOLISH_GMR","❤","1","2025-12-12T13:10:53Z","2025-12-12T13:10:53Z","True","True","0","0","[]","d45tRj6IiNM","Goku vs Saitama II jumping test#anime#ai#animation#dragonball#onepunchman#goku#saitama","4","Mais longos"
"@GOKU-95-ALOO","UCHbBRf0DBso7plCAn209ssA","http://www.youtube.com/@GOKU-95-ALOO","First comment goku","0","2025-12-12T13:21:24Z","2025-12-12T13:21:24Z","True","True","1","1","[{'autor': '@Animefix77', 'comentario': 'Thanks for comment you got 🥇medal for first comment', 'likes': 0, 'publicado_em': '2025-12-12T13:59:37Z'}]","CgNdat1H-S4","WHO KILLED SAIYANS RACE IN DRAGONBALL😨😱#goku #anime #dragonballsuper #hindi","1","Mais novos"
"@GOKU-95-ALOO","UCHbBRf0DBso7plCAn209ssA","http://www.youtube.com/@GOKU-95-ALOO","First comment goku","0","2025-12-12T13:21:24Z","2025-12-12T13:21:24Z","True","True","1","1","[{'autor': '@Animefix77', 'comentario': 'Thanks for comment you got 🥇medal for first comment', 'likes': 0, 'publicado_em': '2025-12-12T13:59:37Z'}]","CgNdat1H-S4","WHO KILLED SAIYANS RACE IN DRAGONBALL😨😱#goku #anime #dragonballsuper #hindi","2","Mais antigos"
"@GOKU-95-ALOO","UCHbBRf0DBso7plCAn209ssA","http://www.youtube.com/@GOKU-95-ALOO","First comment goku","0","2025-12-12T13:21:24Z","2025-12-12T13:21:24Z","True","True","1","1","[{'autor': '@Animefix77', 'comentario': 'Thanks for comment you got 🥇medal for first comment', 'likes': 0, 'publicado_em': '2025-12-12T13:59:37Z'}]","CgNdat1H-S4","WHO KILLED SAIYANS RACE IN DRAGONBALL😨😱#goku #anime #dragonballsuper #hindi","3","Mais curtidos"
"@GOKU-95-ALOO","UCHbBRf0DBso7plCAn209ssA","http://www.youtube.com/@GOKU-95-ALOO","First comment goku","0","2025-12-12T13:21:24Z","2025-12-12T13:21:24Z","True","True","1","1","[{'autor': '@Animefix77', 'comentario': 'Thanks for comment you got 🥇medal for first comment', 'likes': 0, 'publicado_em': '2025-12-12T13:59:37Z'}]","CgNdat1H-S4","WHO KILLED SAIYANS RACE IN DRAGONBALL😨😱#goku #anime #dragonballsuper #hindi","4","Mais longos"
"@KAKAROT_FX7","UCGGLgSW59hxQZz9nHWJ3kzQ","http://www.youtube.com/@KAKAROT_FX7","❤Hey bro shout please 😁","1","2025-12-12T15:09:15Z","2025-12-12T15:09:15Z","True","True","0","0","[]","KEmwLsQK22g","Frieza Made Light-Speed Look Slow 🥶🔥 #dragonball #goku #shorts","1","Mais novos"
"@richardcadman2810","UCR8caL4cCxQb2OhjTXsHYZA","http://www.youtube.com/@richardcadman2810","Dyspo just got cooked 😮‍💨😈🔥","0","2025-12-12T14:45:51Z","2025-12-12T14:45:51Z","True","True","0","0","[]","KEmwLsQK22g","Frieza Made Light-Speed Look Slow 🥶🔥 #dragonball #goku #shorts","1","Mais novos"
"@CalebOsadolor","UCNUuPOZRmekzGxiDK1FgbjA","http://www.youtube.com/@CalebOsadolor","Evil emperor joking around🥶🥶💀💀","0","2025-12-12T14:43:40Z","2025-12-12T14:43:40Z","True","True","0","0","[]","KEmwLsQK22g","Frieza Made Light-Speed Look Slow 🥶🔥 #dragonball #goku #shorts","1","Mais novos"
"@rupeshkumar9855","UC7k-6Ntg2mxPrES_D5cqZww","http://www.youtube.com/@rupeshkumar9855","Dyspo vs no mercy demon","0","2025-12-12T14:43:13Z","2025-12-12T14:43:13Z","True","True","0","0","[]","KEmwLsQK22g","Frieza Made Light-Speed Look Slow 🥶🔥 #dragonball #goku #shorts","1","Mais novos"
"@GoltronYT","UCmkSG6AfFsoxdYKXgeMVaUg","http://www.youtube.com/@GoltronYT","Frieza aura farmed in front of Zeno and grand priest..☠️👌","0","2025-12-12T14:42:51Z","2025-12-12T14:42:51Z","True","True","0","0","[]","KEmwLsQK22g","Frieza Made Light-Speed Look Slow 🥶🔥 #dragonball #goku #shorts","1","Mais novos"
"@EpicAnimeHubX","UCTsDACB4WX7nPnwSOmkt-nA","http://www.youtube.com/@EpicAnimeHubX","Frieza ❤🎉🔥","0","2025-12-12T14:38:19Z","2025-12-12T14:38:19Z","True","True","0","0","[]","KEmwLsQK22g","Frieza Made Light-Speed Look Slow 🥶🔥 #dragonball #goku #shorts","1","Mais novos"
"@MUIGOKU-e3h","UCtRKmirxeFU9swLBdCbN5WA","http://www.youtube.com/@MUIGOKU-e3h","Goku teaching frieza 😅","1","2025-12-12T13:48:57Z","2025-12-12T13:48:57Z","True","True","0","0","[]","KEmwLsQK22g","Frieza Made Light-Speed Look Slow 🥶🔥 #dragonball #goku #shorts","1","Mais novos"
"@SeMoniPrinceton","UC_91zih_EfdLfhlj3wn4Z1Q","http://www.youtube.com/@SeMoniPrinceton","Never mess with Frieza","4","2025-12-12T13:34:17Z","2025-12-12T13:34:17Z","True","True","0","0","[]","KEmwLsQK22g","Frieza Made Light-Speed Look Slow 🥶🔥 #dragonball #goku #shorts","1","Mais novos"
"@Adithya_editz006","UC5p_WPGgz-122cskZu5OcIQ","http://www.youtube.com/@Adithya_editz006","Lord frieza just play with Dyopo (the speede game 😅)nice edit bro....❤❤","4","2025-12-12T13:25:17Z","2025-12-12T13:25:17Z","True","True","0","0","[]","KEmwLsQK22g","Frieza Made Light-Speed Look Slow 🥶🔥 #dragonball #goku #shorts","1","Mais novos"
"@saiyanku-Ssj4","UC3JlOKqBKF_ZI8OtZ0X-8mw","http://www.youtube.com/@saiyanku-Ssj4","He is the evil emperor for reason 🗿","7","2025-12-12T13:23:16Z","2025-12-12T13:23:16Z","True","True","0","0","[]","KEmwLsQK22g","Frieza Made Light-Speed Look Slow 🥶🔥 #dragonball #goku #shorts","1","Mais novos"
"@Fousaufanime","UCMKWUgNKz76B2Kj_jzm2GOQ","http://www.youtube.com/@Fousaufanime","Block 😱,,??","3","2025-12-12T13:17:21Z","2025-12-12T13:17:21Z","True","True","0","0","[]","KEmwLsQK22g","Frieza Made Light-Speed Look Slow 🥶🔥 #dragonball #goku #shorts","1","Mais novos"
"@doraemon_gaming11","UChWU1v37fTCDnxBjS6A2Mdw","http://www.youtube.com/@doraemon_gaming11","FRIEZA ❎


EMPEROR AND GOLDEN FREIZA","4","2025-12-12T13:10:59Z","2025-12-12T13:10:59Z","True","True","0","0","[]","KEmwLsQK22g","Frieza Made Light-Speed Look Slow 🥶🔥 #dragonball #goku #shorts","1","Mais novos"
"@AniflareXofficial","UCLkTzl1FLEoGBDj9wThvyhA","http://www.youtube.com/@AniflareXofficial","Emperor Lord Frieza🗿","10","2025-12-12T12:33:20Z","2025-12-12T12:33:20Z","True","True","0","0","[]","KEmwLsQK22g","Frieza Made Light-Speed Look Slow 🥶🔥 #dragonball #goku #shorts","1","Mais novos"
"@Alejandro-u3b7i","UCvQIKzC22yOcZnLxFhUWJ1A","http://www.youtube.com/@Alejandro-u3b7i","First bro 📌🔥","5","2025-12-12T12:31:25Z","2025-12-12T12:31:25Z","True","True","0","0","[]","KEmwLsQK22g","Frieza Made Light-Speed Look Slow 🥶🔥 #dragonball #goku #shorts","1","Mais novos"
"@Alejandro-u3b7i","UCvQIKzC22yOcZnLxFhUWJ1A","http://www.youtube.com/@Alejandro-u3b7i","First bro 📌🔥","5","2025-12-12T12:31:25Z","2025-12-12T12:31:25Z","True","True","0","0","[]","KEmwLsQK22g","Frieza Made Light-Speed Look Slow 🥶🔥 #dragonball #goku #shorts","2","Mais antigos"
"@AniflareXofficial","UCLkTzl1FLEoGBDj9wThvyhA","http://www.youtube.com/@AniflareXofficial","Emperor Lord Frieza🗿","10","2025-12-12T12:33:20Z","2025-12-12T12:33:20Z","True","True","0","0","[]","KEmwLsQK22g","Frieza Made Light-Speed Look Slow 🥶🔥 #dragonball #goku #shorts","2","Mais antigos"
"@doraemon_gaming11","UChWU1v37fTCDnxBjS6A2Mdw","http://www.youtube.com/@doraemon_gaming11","FRIEZA ❎


EMPEROR AND GOLDEN FREIZA","4","2025-12-12T13:10:59Z","2025-12-12T13:10:59Z","True","True","0","0","[]","KEmwLsQK22g","Frieza Made Light-Speed Look Slow 🥶🔥 #dragonball #goku #shorts","2","Mais antigos"
"@Fousaufanime","UCMKWUgNKz76B2Kj_jzm2GOQ","http://www.youtube.com/@Fousaufanime","Block 😱,,??","3","2025-12-12T13:17:21Z","2025-12-12T13:17:21Z","True","True","0","0","[]","KEmwLsQK22g","Frieza Made Light-Speed Look Slow 🥶🔥 #dragonball #goku #shorts","2","Mais antigos"
"@saiyanku-Ssj4","UC3JlOKqBKF_ZI8OtZ0X-8mw","http://www.youtube.com/@saiyanku-Ssj4","He is the evil emperor for reason 🗿","7","2025-12-12T13:23:16Z","2025-12-12T13:23:16Z","True","True","0","0","[]","KEmwLsQK22g","Frieza Made Light-Speed Look Slow 🥶🔥 #dragonball #goku #shorts","2","Mais antigos"
"@Adithya_editz006","UC5p_WPGgz-122cskZu5OcIQ","http://www.youtube.com/@Adithya_editz006","Lord frieza just play with Dyopo (the speede game 😅)nice edit bro....❤❤","4","2025-12-12T13:25:17Z","2025-12-12T13:25:17Z","True","True","0","0","[]","KEmwLsQK22g","Frieza Made Light-Speed Look Slow 🥶🔥 #dragonball #goku #shorts","2","Mais antigos"
"@SeMoniPrinceton","UC_91zih_EfdLfhlj3wn4Z1Q","http://www.youtube.com/@SeMoniPrinceton","Never mess with Frieza","4","2025-12-12T13:34:17Z","2025-12-12T13:34:17Z","True","True","0","0","[]","KEmwLsQK22g","Frieza Made Light-Speed Look Slow 🥶🔥 #dragonball #goku #shorts","2","Mais antigos"
"@MUIGOKU-e3h","UCtRKmirxeFU9swLBdCbN5WA","http://www.youtube.com/@MUIGOKU-e3h","Goku teaching frieza 😅","1","2025-12-12T13:48:57Z","2025-12-12T13:48:57Z","True","True","0","0","[]","KEmwLsQK22g","Frieza Made Light-Speed Look Slow 🥶🔥 #dragonball #goku #shorts","2","Mais antigos"
"@EpicAnimeHubX","UCTsDACB4WX7nPnwSOmkt-nA","http://www.youtube.com/@EpicAnimeHubX","Frieza ❤🎉🔥","0","2025-12-12T14:38:19Z","2025-12-12T14:38:19Z","True","True","0","0","[]","KEmwLsQK22g","Frieza Made Light-Speed Look Slow 🥶🔥 #dragonball #goku #shorts","2","Mais antigos"
"@GoltronYT","UCmkSG6AfFsoxdYKXgeMVaUg","http://www.youtube.com/@GoltronYT","Frieza aura farmed in front of Zeno and grand priest..☠️👌","0","2025-12-12T14:42:51Z","2025-12-12T14:42:51Z","True","True","0","0","[]","KEmwLsQK22g","Frieza Made Light-Speed Look Slow 🥶🔥 #dragonball #goku #shorts","2","Mais antigos"
"@rupeshkumar9855","UC7k-6Ntg2mxPrES_D5cqZww","http://www.youtube.com/@rupeshkumar9855","Dyspo vs no mercy demon","0","2025-12-12T14:43:13Z","2025-12-12T14:43:13Z","True","True","0","0","[]","KEmwLsQK22g","Frieza Made Light-Speed Look Slow 🥶🔥 #dragonball #goku #shorts","2","Mais antigos"
"@CalebOsadolor","UCNUuPOZRmekzGxiDK1FgbjA","http://www.youtube.com/@CalebOsadolor","Evil emperor joking around🥶🥶💀💀","0","2025-12-12T14:43:40Z","2025-12-12T14:43:40Z","True","True","0","0","[]","KEmwLsQK22g","Frieza Made Light-Speed Look Slow 🥶🔥 #dragonball #goku #shorts","2","Mais antigos"
"@richardcadman2810","UCR8caL4cCxQb2OhjTXsHYZA","http://www.youtube.com/@richardcadman2810","Dyspo just got cooked 😮‍💨😈🔥","0","2025-12-12T14:45:51Z","2025-12-12T14:45:51Z","True","True","0","0","[]","KEmwLsQK22g","Frieza Made Light-Speed Look Slow 🥶🔥 #dragonball #goku #shorts","2","Mais antigos"
"@KAKAROT_FX7","UCGGLgSW59hxQZz9nHWJ3kzQ","http://www.youtube.com/@KAKAROT_FX7","❤Hey bro shout please 😁","1","2025-12-12T15:09:15Z","2025-12-12T15:09:15Z","True","True","0","0","[]","KEmwLsQK22g","Frieza Made Light-Speed Look Slow 🥶🔥 #dragonball #goku #shorts","2","Mais antigos"
"@AniflareXofficial","UCLkTzl1FLEoGBDj9wThvyhA","http://www.youtube.com/@AniflareXofficial","Emperor Lord Frieza🗿","10","2025-12-12T12:33:20Z","2025-12-12T12:33:20Z","True","True","0","0","[]","KEmwLsQK22g","Frieza Made Light-Speed Look Slow 🥶🔥 #dragonball #goku #shorts","3","Mais curtidos"
"@saiyanku-Ssj4","UC3JlOKqBKF_ZI8OtZ0X-8mw","http://www.youtube.com/@saiyanku-Ssj4","He is the evil emperor for reason 🗿","7","2025-12-12T13:23:16Z","2025-12-12T13:23:16Z","True","True","0","0","[]","KEmwLsQK22g","Frieza Made Light-Speed Look Slow 🥶🔥 #dragonball #goku #shorts","3","Mais curtidos"
"@Alejandro-u3b7i","UCvQIKzC22yOcZnLxFhUWJ1A","http://www.youtube.com/@Alejandro-u3b7i","First bro 📌🔥","5","2025-12-12T12:31:25Z","2025-12-12T12:31:25Z","True","True","0","0","[]","KEmwLsQK22g","Frieza Made Light-Speed Look Slow 🥶🔥 #dragonball #goku #shorts","3","Mais curtidos"
"@SeMoniPrinceton","UC_91zih_EfdLfhlj3wn4Z1Q","http://www.youtube.com/@SeMoniPrinceton","Never mess with Frieza","4","2025-12-12T13:34:17Z","2025-12-12T13:34:17Z","True","True","0","0","[]","KEmwLsQK22g","Frieza Made Light-Speed Look Slow 🥶🔥 #dragonball #goku #shorts","3","Mais curtidos"
"@doraemon_gaming11","UChWU1v37fTCDnxBjS6A2Mdw","http://www.youtube.com/@doraemon_gaming11","FRIEZA ❎


EMPEROR AND GOLDEN FREIZA","4","2025-12-12T13:10:59Z","2025-12-12T13:10:59Z","True","True","0","0","[]","KEmwLsQK22g","Frieza Made Light-Speed Look Slow 🥶🔥 #dragonball #goku #shorts","3","Mais curtidos"
"@Adithya_editz006","UC5p_WPGgz-122cskZu5OcIQ","http://www.youtube.com/@Adithya_editz006","Lord frieza just play with Dyopo (the speede game 😅)nice edit bro....❤❤","4","2025-12-12T13:25:17Z","2025-12-12T13:25:17Z","True","True","0","0","[]","KEmwLsQK22g","Frieza Made Light-Speed Look Slow 🥶🔥 #dragonball #goku #shorts","3","Mais curtidos"
"@Fousaufanime","UCMKWUgNKz76B2Kj_jzm2GOQ","http://www.youtube.com/@Fousaufanime","Block 😱,,??","3","2025-12-12T13:17:21Z","2025-12-12T13:17:21Z","True","True","0","0","[]","KEmwLsQK22g","Frieza Made Light-Speed Look Slow 🥶🔥 #dragonball #goku #shorts","3","Mais curtidos"
"@MUIGOKU-e3h","UCtRKmirxeFU9swLBdCbN5WA","http://www.youtube.com/@MUIGOKU-e3h","Goku teaching frieza 😅","1","2025-12-12T13:48:57Z","2025-12-12T13:48:57Z","True","True","0","0","[]","KEmwLsQK22g","Frieza Made Light-Speed Look Slow 🥶🔥 #dragonball #goku #shorts","3","Mais curtidos"
"@KAKAROT_FX7","UCGGLgSW59hxQZz9nHWJ3kzQ","http://www.youtube.com/@KAKAROT_FX7","❤Hey bro shout please 😁","1","2025-12-12T15:09:15Z","2025-12-12T15:09:15Z","True","True","0","0","[]","KEmwLsQK22g","Frieza Made Light-Speed Look Slow 🥶🔥 #dragonball #goku #shorts","3","Mais curtidos"
"@CalebOsadolor","UCNUuPOZRmekzGxiDK1FgbjA","http://www.youtube.com/@CalebOsadolor","Evil emperor joking around🥶🥶💀💀","0","2025-12-12T14:43:40Z","2025-12-12T14:43:40Z","True","True","0","0","[]","KEmwLsQK22g","Frieza Made Light-Speed Look Slow 🥶🔥 #dragonball #goku #shorts","3","Mais curtidos"
"@EpicAnimeHubX","UCTsDACB4WX7nPnwSOmkt-nA","http://www.youtube.com/@EpicAnimeHubX","Frieza ❤🎉🔥","0","2025-12-12T14:38:19Z","2025-12-12T14:38:19Z","True","True","0","0","[]","KEmwLsQK22g","Frieza Made Light-Speed Look Slow 🥶🔥 #dragonball #goku #shorts","3","Mais curtidos"
"@GoltronYT","UCmkSG6AfFsoxdYKXgeMVaUg","http://www.youtube.com/@GoltronYT","Frieza aura farmed in front of Zeno and grand priest..☠️👌","0","2025-12-12T14:42:51Z","2025-12-12T14:42:51Z","True","True","0","0","[]","KEmwLsQK22g","Frieza Made Light-Speed Look Slow 🥶🔥 #dragonball #goku #shorts","3","Mais curtidos"
"@richardcadman2810","UCR8caL4cCxQb2OhjTXsHYZA","http://www.youtube.com/@richardcadman2810","Dyspo just got cooked 😮‍💨😈🔥","0","2025-12-12T14:45:51Z","2025-12-12T14:45:51Z","True","True","0","0","[]","KEmwLsQK22g","Frieza Made Light-Speed Look Slow 🥶🔥 #dragonball #goku #shorts","3","Mais curtidos"
"@rupeshkumar9855","UC7k-6Ntg2mxPrES_D5cqZww","http://www.youtube.com/@rupeshkumar9855","Dyspo vs no mercy demon","0","2025-12-12T14:43:13Z","2025-12-12T14:43:13Z","True","True","0","0","[]","KEmwLsQK22g","Frieza Made Light-Speed Look Slow 🥶🔥 #dragonball #goku #shorts","3","Mais curtidos"
"@Adithya_editz006","UC5p_WPGgz-122cskZu5OcIQ","http://www.youtube.com/@Adithya_editz006","Lord frieza just play with Dyopo (the speede game 😅)nice edit bro....❤❤","4","2025-12-12T13:25:17Z","2025-12-12T13:25:17Z","True","True","0","0","[]","KEmwLsQK22g","Frieza Made Light-Speed Look Slow 🥶🔥 #dragonball #goku #shorts","4","Mais longos"
"@GoltronYT","UCmkSG6AfFsoxdYKXgeMVaUg","http://www.youtube.com/@GoltronYT","Frieza aura farmed in front of Zeno and grand priest..☠️👌","0","2025-12-12T14:42:51Z","2025-12-12T14:42:51Z","True","True","0","0","[]","KEmwLsQK22g","Frieza Made Light-Speed Look Slow 🥶🔥 #dragonball #goku #shorts","4","Mais longos"
"@doraemon_gaming11","UChWU1v37fTCDnxBjS6A2Mdw","http://www.youtube.com/@doraemon_gaming11","FRIEZA ❎


EMPEROR AND GOLDEN FREIZA","4","2025-12-12T13:10:59Z","2025-12-12T13:10:59Z","True","True","0","0","[]","KEmwLsQK22g","Frieza Made Light-Speed Look Slow 🥶🔥 #dragonball #goku #shorts","4","Mais longos"
"@saiyanku-Ssj4","UC3JlOKqBKF_ZI8OtZ0X-8mw","http://www.youtube.com/@saiyanku-Ssj4","He is the evil emperor for reason 🗿","7","2025-12-12T13:23:16Z","2025-12-12T13:23:16Z","True","True","0","0","[]","KEmwLsQK22g","Frieza Made Light-Speed Look Slow 🥶🔥 #dragonball #goku #shorts","4","Mais longos"
"@CalebOsadolor","UCNUuPOZRmekzGxiDK1FgbjA","http://www.youtube.com/@CalebOsadolor","Evil emperor joking around🥶🥶💀💀","0","2025-12-12T14:43:40Z","2025-12-12T14:43:40Z","True","True","0","0","[]","KEmwLsQK22g","Frieza Made Light-Speed Look Slow 🥶🔥 #dragonball #goku #shorts","4","Mais longos"
"@richardcadman2810","UCR8caL4cCxQb2OhjTXsHYZA","http://www.youtube.com/@richardcadman2810","Dyspo just got cooked 😮‍💨😈🔥","0","2025-12-12T14:45:51Z","2025-12-12T14:45:51Z","True","True","0","0","[]","KEmwLsQK22g","Frieza Made Light-Speed Look Slow 🥶🔥 #dragonball #goku #shorts","4","Mais longos"
"@KAKAROT_FX7","UCGGLgSW59hxQZz9nHWJ3kzQ","http://www.youtube.com/@KAKAROT_FX7","❤Hey bro shout please 😁","1","2025-12-12T15:09:15Z","2025-12-12T15:09:15Z","True","True","0","0","[]","KEmwLsQK22g","Frieza Made Light-Speed Look Slow 🥶🔥 #dragonball #goku #shorts","4","Mais longos"
"@rupeshkumar9855","UC7k-6Ntg2mxPrES_D5cqZww","http://www.youtube.com/@rupeshkumar9855","Dyspo vs no mercy demon","0","2025-12-12T14:43:13Z","2025-12-12T14:43:13Z","True","True","0","0","[]","KEmwLsQK22g","Frieza Made Light-Speed Look Slow 🥶🔥 #dragonball #goku #shorts","4","Mais longos"
"@SeMoniPrinceton","UC_91zih_EfdLfhlj3wn4Z1Q","http://www.youtube.com/@SeMoniPrinceton","Never mess with Frieza","4","2025-12-12T13:34:17Z","2025-12-12T13:34:17Z","True","True","0","0","[]","KEmwLsQK22g","Frieza Made Light-Speed Look Slow 🥶🔥 #dragonball #goku #shorts","4","Mais longos"
"@MUIGOKU-e3h","UCtRKmirxeFU9swLBdCbN5WA","http://www.youtube.com/@MUIGOKU-e3h","Goku teaching frieza 😅","1","2025-12-12T13:48:57Z","2025-12-12T13:48:57Z","True","True","0","0","[]","KEmwLsQK22g","Frieza Made Light-Speed Look Slow 🥶🔥 #dragonball #goku #shorts","4","Mais longos"
"@AniflareXofficial","UCLkTzl1FLEoGBDj9wThvyhA","http://www.youtube.com/@AniflareXofficial","Emperor Lord Frieza🗿","10","2025-12-12T12:33:20Z","2025-12-12T12:33:20Z","True","True","0","0","[]","KEmwLsQK22g","Frieza Made Light-Speed Look Slow 🥶🔥 #dragonball #goku #shorts","4","Mais longos"
"@Alejandro-u3b7i","UCvQIKzC22yOcZnLxFhUWJ1A","http://www.youtube.com/@Alejandro-u3b7i","First bro 📌🔥","5","2025-12-12T12:31:25Z","2025-12-12T12:31:25Z","True","True","0","0","[]","KEmwLsQK22g","Frieza Made Light-Speed Look Slow 🥶🔥 #dragonball #goku #shorts","4","Mais longos"
"@Fousaufanime","UCMKWUgNKz76B2Kj_jzm2GOQ","http://www.youtube.com/@Fousaufanime","Block 😱,,??","3","2025-12-12T13:17:21Z","2025-12-12T13:17:21Z","True","True","0","0","[]","KEmwLsQK22g","Frieza Made Light-Speed Look Slow 🥶🔥 #dragonball #goku #shorts","4","Mais longos"
"@EpicAnimeHubX","UCTsDACB4WX7nPnwSOmkt-nA","http://www.youtube.com/@EpicAnimeHubX","Frieza ❤🎉🔥","0","2025-12-12T14:38:19Z","2025-12-12T14:38:19Z","True","True","0","0","[]","KEmwLsQK22g","Frieza Made Light-Speed Look Slow 🥶🔥 #dragonball #goku #shorts","4","Mais longos"
"@Zafor880","UCWLInIShhG_d9iDU8fw6ONA","http://www.youtube.com/@Zafor880","Episode?
 W edit bro 🗿","2","2025-12-12T12:17:29Z","2025-12-12T12:17:29Z","True","True","1","1","[{'autor': '@ultimate_xz', 'comentario': 'Thanks ❤\nCheck in Description...', 'likes': 0, 'publicado_em': '2025-12-12T12:43:26Z'}]","YDqVYwyNuEs","&quot;WHAT&#39;S MY TIME?&quot; - DRAGON BALL SUPER | GOKU EDIT | LUA PRACA (SUPER SLOWED)","1","Mais novos"
"@Zafor880","UCWLInIShhG_d9iDU8fw6ONA","http://www.youtube.com/@Zafor880","Episode?
 W edit bro 🗿","2","2025-12-12T12:17:29Z","2025-12-12T12:17:29Z","True","True","1","1","[{'autor': '@ultimate_xz', 'comentario': 'Thanks ❤\nCheck in Description...', 'likes': 0, 'publicado_em': '2025-12-12T12:43:26Z'}]","YDqVYwyNuEs","&quot;WHAT&#39;S MY TIME?&quot; - DRAGON BALL SUPER | GOKU EDIT | LUA PRACA (SUPER SLOWED)","2","Mais antigos"
"@Zafor880","UCWLInIShhG_d9iDU8fw6ONA","http://www.youtube.com/@Zafor880","Episode?
 W edit bro 🗿","2","2025-12-12T12:17:29Z","2025-12-12T12:17:29Z","True","True","1","1","[{'autor': '@ultimate_xz', 'comentario': 'Thanks ❤\nCheck in Description...', 'likes': 0, 'publicado_em': '2025-12-12T12:43:26Z'}]","YDqVYwyNuEs","&quot;WHAT&#39;S MY TIME?&quot; - DRAGON BALL SUPER | GOKU EDIT | LUA PRACA (SUPER SLOWED)","3","Mais curtidos"
"@Zafor880","UCWLInIShhG_d9iDU8fw6ONA","http://www.youtube.com/@Zafor880","Episode?
 W edit bro 🗿","2","2025-12-12T12:17:29Z","2025-12-12T12:17:29Z","True","True","1","1","[{'autor': '@ultimate_xz', 'comentario': 'Thanks ❤\nCheck in Description...', 'likes': 0, 'publicado_em': '2025-12-12T12:43:26Z'}]","YDqVYwyNuEs","&quot;WHAT&#39;S MY TIME?&quot; - DRAGON BALL SUPER | GOKU EDIT | LUA PRACA (SUPER SLOWED)","4","Mais longos"
"@IndianKahani1","UCng74HaBqd5CDhhwHgcYOZQ","http://www.youtube.com/@IndianKahani1","Keep it up ❤","0","2025-12-12T12:14:36Z","2025-12-12T12:14:36Z","True","True","0","0","[]","8q4jCHeVRVU","how to make a drawing of goku #goku #dragonball #animeeart","1","Mais novos"
"@IndianKahani1","UCng74HaBqd5CDhhwHgcYOZQ","http://www.youtube.com/@IndianKahani1","Keep it up ❤","0","2025-12-12T12:14:36Z","2025-12-12T12:14:36Z","True","True","0","0","[]","8q4jCHeVRVU","how to make a drawing of goku #goku #dragonball #animeeart","2","Mais antigos"
"@IndianKahani1","UCng74HaBqd5CDhhwHgcYOZQ","http://www.youtube.com/@IndianKahani1","Keep it up ❤","0","2025-12-12T12:14:36Z","2025-12-12T12:14:36Z","True","True","0","0","[]","8q4jCHeVRVU","how to make a drawing of goku #goku #dragonball #animeeart","3","Mais curtidos"
"@IndianKahani1","UCng74HaBqd5CDhhwHgcYOZQ","http://www.youtube.com/@IndianKahani1","Keep it up ❤","0","2025-12-12T12:14:36Z","2025-12-12T12:14:36Z","True","True","0","0","[]","8q4jCHeVRVU","how to make a drawing of goku #goku #dragonball #animeeart","4","Mais longos"
"@AlexisDaniel-n9u1g","UCrplyJ9iv2cY4zcyYv8FP9A","http://www.youtube.com/@AlexisDaniel-n9u1g","But Goku is happy that he died","8","2025-10-29T19:22:11Z","2025-10-29T19:22:11Z","True","True","0","0","[]","U3EyGfaTEj0","Goku sad story, pray for goku you are best hero 🥲😢 #dragonball #goku #actionfigures #shorts","1","Mais novos"
"@AnaTalaxadze-h6u","UCVVPXDYs0Jd0U8Ch6mE6YtQ","http://www.youtube.com/@AnaTalaxadze-h6u","დაალაიქეთ","2","2025-10-13T12:59:43Z","2025-10-13T12:59:43Z","True","True","0","0","[]","U3EyGfaTEj0","Goku sad story, pray for goku you are best hero 🥲😢 #dragonball #goku #actionfigures #shorts","1","Mais novos"
"@BonifacioSumaya","UCsOgSioETAWTbaIg-3r0UYg","http://www.youtube.com/@BonifacioSumaya","The voice actor behind that guy i only forgot the name but i only no that he passed away last year","94","2025-10-08T10:33:03Z","2025-10-08T10:33:03Z","True","True","9","5","[{'autor': '@AnaTalaxadze-h6u', 'comentario': '❤❤❤❤😢😢😢😢\U0001f979😭😭🥰🥰🥰💋💋❤❤❤😭❤️\U0001f979\U0001f979\U0001fae1\U0001fae1\U0001fae1\U0001fae1\U0001fae1\U0001fae1\U0001fae1\U0001fae1🥰🥰🥰🥰🥰🥰🥰🥰😇🥲😇😇🥲🥲🥰🥰🥰😭😭😭😭😭💘💘💘❤️\U0001fa77💙\U0001fa75💜❤️\U0001fa77\U0001fa75💜💙\U0001fa75💜💙\U0001fa75💜❤️\U0001fa77❤️\U0001fa77❤️\U0001fa77💔💔💔💔💔💔💔💔💔💔💔💔💔💔💔💔💔💔💔💔💔💔💔💔💔💔💔💔😊😅😊😊🥺\U0001f979🥺\U0001f979🥺\U0001f979🥺\U0001f979🥺\U0001f979😭😭😭😭😭😭😭😭💋💋💋💋💋💋💗💗💗💗💗💗💗💗💗💗💗💗💗💗💗💗💗💗💗💗💗💗❤️\u200d🩹❤️\u200d🩹❤️\u200d🩹❤️\u200d🩹❤️\u200d🩹💙\U0001fa75💙\U0001fa75💜💙\U0001fa75💜💙\U0001fa75💜👩\u200d❤️\u200d💋\u200d👨👩\u200d❤️\u200d💋\u200d👨👩\u200d❤️\u200d💋\u200d👨👩\u200d❤️\u200d💋\u200d👩💏👩\u200d❤️\u200d💋\u200d👩💏👩\u200d❤️\u200d💋\u200d👩👣👩\u200d❤️\u200d💋\u200d👩👩\u200d❤️\u200d💋\u200d👨👩\u200d❤️\u200d💋\u200d👩👩\u200d❤️\u200d💋\u200d👩', 'likes': 2, 'publicado_em': '2025-10-13T12:54:43Z'}, {'autor': '@lolohumus5279', 'comentario': '😭😭❤️😭', 'likes': 8, 'publicado_em': '2025-10-14T12:02:42Z'}, {'autor': '@LoredanaElena-h5z', 'comentario': 'Fye6😂rt64ytr7r7r7t😢😮😅😊4ryr7iru7sud7dusueududkurueurydyd6jdiuid5diyr5r5r5jdjryryur5ryjfujfyjyejiieyeyehryryr', 'likes': 1, 'publicado_em': '2025-10-14T12:31:34Z'}, {'autor': '@ShariifoIndhoy', 'comentario': '😊😊00000😊😊😊😊😊😊😊😊😊😊😊😊😊', 'likes': 1, 'publicado_em': '2025-10-21T07:43:50Z'}, {'autor': '@E_kko', 'comentario': 'قثاصل😮😢🎉❤❤❤❤', 'likes': 2, 'publicado_em': '2025-10-24T12:31:35Z'}]","U3EyGfaTEj0","Goku sad story, pray for goku you are best hero 🥲😢 #dragonball #goku #actionfigures #shorts","1","Mais novos"
"@강선희-f3h","UCmMNhifN1lNltHlxfX5zy2A","http://www.youtube.com/@%EA%B0%95%EC%84%A0%ED%9D%AC-f3h","❤❤❤❤❤❤❤❤❤😢😢😢😢😢다 나 나와 내 앞에 서 있다 내가 간구하노라 내가 준비할 수 있도록 생명 때문에 제가 너무 좋아하는 사람 그리고 에덴축 있는 사람 가는게 너무 좋구나 그리고 ㆍ 제 기분이 좋아요 그리고 노랑색은 정말 정말 정말 많이 사랑해 그리고 에덴축 있는 우리 에덴축 있는 사람이 참 조은 정말 축하해 저는 너무 조금인데 내가 자꾸 이렇게 막 막 막 막 막 울고 있는 사람이 아니라 정말 많이 사랑해 사랑해 주세요 저는 평안합니다 라는 말을 많이 하고 있습니다 제가 잘못이 없다고 하더라구요 제가 그렇게 말하는지 모르겠지만 제가 도움이 된다면 감사하고요 감사합니다 그리고 에덴축 타고 다니는 치과에서도 많이 😅😅😅😅😅😮😮😮😢😢😢😢❤❤❤😊😊😊😊합니다 ㅡ 그리고 제가 우리쪽 시장가면 제가 잘못이 아니라 제 글을 잘 박았습니다 저는 정말 정말 많이 많이 사랑해주세요 저는 정말 정말 정말 정말 정말 많이 많이 받으세요 고 말하는 것 밖에 없어요 제가 잘못이 많이 있나봅니다 죄송합니다 지금 제가 우리쪽 시장가면 정말 많이 하고 있습니다 그리고 제가 우리쪽 이야기 하고 있습니다 그리고 제 생각과 함께 하는 ❤😊❤😊제가 참 좋네 하면서 늦어졌는데 정말 정말 너무 조금인데 이렇게 큰 일들을 치루시느 너무 도움이 될 수 있는 상황인데 정말 감사합니다 목사님 힘내시고","31","2025-09-25T10:00:50Z","2025-09-25T10:00:50Z","True","True","3","3","[{'autor': '@CristianLarraburu', 'comentario': 'No sabe si va a escribir ✏️😮', 'likes': 1, 'publicado_em': '2025-09-27T23:44:29Z'}, {'autor': '@LucaCaridi-y4c', 'comentario': '😢😮❤❤❤❤ no\n😭👀🌎🌎🌊🕳️🌙🍓🍓🍓🍓', 'likes': 1, 'publicado_em': '2025-09-28T11:13:08Z'}, {'autor': '@LourdesCastellanos-p2t', 'comentario': 'Nhkjjjuiiugsaqwfhkojehclydotkrjfueweilwywffkf. Jfjgvv.    Nbnjnjjjhjjjjjjjjjyuhyhjj', 'likes': 1, 'publicado_em': '2025-10-05T19:13:48Z'}]","U3EyGfaTEj0","Goku sad story, pray for goku you are best hero 🥲😢 #dragonball #goku #actionfigures #shorts","1","Mais novos"
"@MaryamAbdeyova","UCEuJNK9bilJ-3IBuSukv4xQ","http://www.youtube.com/@MaryamAbdeyova","😢😢😢😢😢😢😢😢😢😢😢😢😢😢😢❤❤❤❤❤❤❤❤❤❤","1","2025-09-25T03:55:26Z","2025-09-25T03:55:26Z","True","True","0","0","[]","U3EyGfaTEj0","Goku sad story, pray for goku you are best hero 🥲😢 #dragonball #goku #actionfigures #shorts","1","Mais novos"
"@lizbethmendez4801","UCXO2NGJ2hl15UiRESQNX-eg","http://www.youtube.com/@lizbethmendez4801","😢😅😮😭😟😔😖😦☹️😣💔","2","2025-09-25T00:10:08Z","2025-09-25T00:10:08Z","True","True","0","0","[]","U3EyGfaTEj0","Goku sad story, pray for goku you are best hero 🥲😢 #dragonball #goku #actionfigures #shorts","1","Mais novos"
"@ОлександрПостика-й2р","UCbbclNCakuyXEMSPTCpI8gg","http://www.youtube.com/@%D0%9E%D0%BB%D0%B5%D0%BA%D1%81%D0%B0%D0%BD%D0%B4%D1%80%D0%9F%D0%BE%D1%81%D1%82%D0%B8%D0%BA%D0%B0-%D0%B92%D1%80","😢😢😢😢😰😰😰😭😭😭😭😭😭😭😭😭😭😭😭😞😞","1","2025-09-24T14:32:40Z","2025-09-24T14:32:40Z","True","True","0","0","[]","U3EyGfaTEj0","Goku sad story, pray for goku you are best hero 🥲😢 #dragonball #goku #actionfigures #shorts","1","Mais novos"
"@SahinurIslam-d6x4s","UCiFw7l30HaVxANLI6B0sBVg","http://www.youtube.com/@SahinurIslam-d6x4s","😇😇😇😇❤❤😇😇😇😇😇😇😇😇😇😇😇😇😇😇আর থাকে 😇😇😇😇😇😿😿😿😿❤❤😇😇😇😇😇😇","20","2025-09-24T14:16:44Z","2025-09-24T14:16:44Z","True","True","3","3","[{'autor': '@BprajaBundela', 'comentario': '❤😢😢😢🎉😢🎉😢🎉😢🎉😢🎉', 'likes': 1, 'publicado_em': '2025-10-21T14:34:59Z'}, {'autor': '@BernadettHaga-b1c', 'comentario': '\u200b@BprajaBundela❤❤❤❤❤❤❤❤❤❤❤❤❤❤❤❤❤❤❤❤❤❤❤❤❤❤❤❤', 'likes': 1, 'publicado_em': '2025-10-31T17:21:11Z'}, {'autor': '@soniavieira9440', 'comentario': '❤❤❤😊❤❤❤❤😊❤❤❤❤❤❤❤❤❤❤❤❤❤❤❤❤❤❤😢😢😢😢😢😢😢❤❤😢😢❤😢❤😢❤😢❤😢😢❤😢❤😢😢❤😢❤😢❤😢😢❤😢❤😢❤😢❤😢😢❤😢❤😢😢❤😢😢❤😢❤😢❤😢❤😢😢😢😢❤😢❤😢❤😢❤😢❤😢😢❤😢❤😢❤😢❤🎉❤❤🎉❤😢😢😢❤😢❤😢❤😢❤😢❤😢❤😢❤😢❤😢❤😢❤😢❤😢❤😢😢❤😢❤😢❤😢', 'likes': 1, 'publicado_em': '2025-11-02T22:22:30Z'}]","U3EyGfaTEj0","Goku sad story, pray for goku you are best hero 🥲😢 #dragonball #goku #actionfigures #shorts","1","Mais novos"
"@Minecreeper123","UCakW_xguWE6DIcO84EvQWcA","http://www.youtube.com/@Minecreeper123","😢😢😢😥😥😥😭😭😭😭😭🥺🥺🥺🥺🥺🥺😥😢😓","1","2025-09-24T08:15:25Z","2025-09-24T08:15:25Z","True","True","0","0","[]","U3EyGfaTEj0","Goku sad story, pray for goku you are best hero 🥲😢 #dragonball #goku #actionfigures #shorts","1","Mais novos"
"@LiamCastillomota","UCNd7kU54LxaKAQzUEIbE-vw","http://www.youtube.com/@LiamCastillomota","😢😭😭😭😢😥😢😭😥😢😭😥😢😭😥","1","2025-09-23T23:39:05Z","2025-09-23T23:39:05Z","True","True","0","0","[]","U3EyGfaTEj0","Goku sad story, pray for goku you are best hero 🥲😢 #dragonball #goku #actionfigures #shorts","1","Mais novos"
"@EvandroElizeuFeliciano","UC9B3f3vHV6D9RwffV07PbJQ","http://www.youtube.com/@EvandroElizeuFeliciano","😭🙏🏻😭🙏🏻😭🙏🏻😭🙏🏻😭🙏🏻","6","2025-09-23T19:12:54Z","2025-09-23T19:12:54Z","True","True","0","0","[]","U3EyGfaTEj0","Goku sad story, pray for goku you are best hero 🥲😢 #dragonball #goku #actionfigures #shorts","1","Mais novos"
"@Ömer-b2v4e","UCpkB4uuBn-fSObp3MUI6Phw","http://www.youtube.com/@%C3%96mer-b2v4e","Allah rahmet eylesin mekanı cennet 🥺🥺","32","2025-09-23T13:25:51Z","2025-09-23T13:25:51Z","True","True","2","2","[{'autor': '@GlendyTorrez-h4o', 'comentario': '😢😢😢😢😢😢😢😢😢😢😢😢😢😢😢😢❤❤❤❤❤❤❤❤❤❤❤❤❤😮😮😮😮😮😮🎉🎉🎉🎉❤❤❤❤❤😮😮😮😢😢😢', 'likes': 0, 'publicado_em': '2025-09-30T01:01:48Z'}, {'autor': '@DinaBarva', 'comentario': '❤🎉😢😊', 'likes': 2, 'publicado_em': '2025-10-02T10:34:26Z'}]","U3EyGfaTEj0","Goku sad story, pray for goku you are best hero 🥲😢 #dragonball #goku #actionfigures #shorts","1","Mais novos"
"@Lys2012-y4d","UCTt_lYHhB5jAO7FJ0w1_LhQ","http://www.youtube.com/@Lys2012-y4d","Wawawaawaawwa 😢😢😢😢😭😭😭😭😭😭😭","186","2025-09-22T21:36:59Z","2025-09-22T21:36:59Z","True","True","17","5","[{'autor': '@putriputra7942', 'comentario': '😭😭😭😭😭😭', 'likes': 13, 'publicado_em': '2025-09-23T04:56:51Z'}, {'autor': '@rubeenamuneer5383', 'comentario': '7e22❤❤❤❤🎉😅😊😊😊😊', 'likes': 1, 'publicado_em': '2025-09-23T06:12:53Z'}, {'autor': '@SalamuddinAnsari-g7h', 'comentario': '😊😊😊❤❤❤🎉🎉🎉', 'likes': 6, 'publicado_em': '2025-09-23T06:42:50Z'}, {'autor': '@GgGg-h4z3f', 'comentario': '❤❤❤❤❤❤❤❤❤❤❤😢😢😢😢😢😢😢😢😢😢😢😢😢', 'likes': 2, 'publicado_em': '2025-09-23T07:33:40Z'}, {'autor': '@mahakalraj._', 'comentario': 'Xuxuuxhfhfjghfhhdfuhfhdhfhfufufifufufufufyyfyfyfyfududufufyfuufytydyfyfufufhhdhshjdjfkjdoe8w7739000fkfjfjfuufhfyfyfufhfjfuufufufufyfufufuyfyfutututututututuururuururuyrytuttufufuurututururyurururururuuturururjshgsfwywqurufyfhgfjfjdyfydj', 'likes': 1, 'publicado_em': '2025-09-23T07:53:19Z'}]","U3EyGfaTEj0","Goku sad story, pray for goku you are best hero 🥲😢 #dragonball #goku #actionfigures #shorts","1","Mais novos"
"@wakanasato9302","UC8yKnfuRGecg5GuSfFEtTCw","http://www.youtube.com/@wakanasato9302","DRAGON BALL  怖","16","2025-09-22T10:07:07Z","2025-09-22T10:07:07Z","True","True","0","0","[]","U3EyGfaTEj0","Goku sad story, pray for goku you are best hero 🥲😢 #dragonball #goku #actionfigures #shorts","1","Mais novos"
"@GabrielaMora-z8v","UCuUKkt8ysNoSNBh0MpMiWpg","http://www.youtube.com/@GabrielaMora-z8v",".,😢😢😢😢😢😊😊😊😊😊","4","2025-09-22T02:57:27Z","2025-09-22T02:57:27Z","True","True","0","0","[]","U3EyGfaTEj0","Goku sad story, pray for goku you are best hero 🥲😢 #dragonball #goku #actionfigures #shorts","1","Mais novos"
"@toxico503...6","UCb2MDQp8s3PYHhi6pEeS4RA","http://www.youtube.com/@toxico503...6","Fríe😢😢😢😢😢😢😢","12","2025-09-21T22:33:50Z","2025-09-21T22:33:50Z","True","True","0","0","[]","U3EyGfaTEj0","Goku sad story, pray for goku you are best hero 🥲😢 #dragonball #goku #actionfigures #shorts","1","Mais novos"
"@DiyarHesen-p2o","UCe9TuQoc-KJ25SrFjs1DN_Q","http://www.youtube.com/@DiyarHesen-p2o","😢😢😢😢😢😢","19","2025-09-21T18:40:19Z","2025-09-21T18:40:19Z","True","True","0","0","[]","U3EyGfaTEj0","Goku sad story, pray for goku you are best hero 🥲😢 #dragonball #goku #actionfigures #shorts","1","Mais novos"
"@三浦拓也-w2e","UCnoOG19OQd_CsMj1rz24dtg","http://www.youtube.com/@%E4%B8%89%E6%B5%A6%E6%8B%93%E4%B9%9F-w2e","可愛そう💦💦💦💦💦💦💦💦💦💦💦💦💦💦💦😢😢😢😢😢😢😢😢😢😢😢😢😢😢😢😢😢😢😢😢😢😢","1040","2025-09-21T07:37:54Z","2025-09-21T07:37:54Z","True","True","83","5","[{'autor': '@najamakhatoon4978', 'comentario': 'Tgdy67', 'likes': 1, 'publicado_em': '2025-09-21T08:02:43Z'}, {'autor': '@MahdiErrkhis', 'comentario': '😢😢😢😢😢😢😢😢', 'likes': 52, 'publicado_em': '2025-09-21T14:56:26Z'}, {'autor': '@FatoumataToure-d7j', 'comentario': '\u2060@MahdiErrkhisovv ce obligé je k Bonjour désolé j’ai pas pu lui en parle😊in😮😅😢😅🎉😅😢😅😮😅😮😅😢😅😢😢😅🎉😅🎉😅🎉😮😂😮❤😅🎉🎉ghjgjgifiig', 'likes': 1, 'publicado_em': '2025-09-21T18:07:36Z'}, {'autor': '@RonnyAtencio-k5i5u', 'comentario': '❤😊❤qqqqq😊😊', 'likes': 1, 'publicado_em': '2025-09-21T20:28:00Z'}, {'autor': '@NadifaBasaeb-sc7qx', 'comentario': 'Dyduh❤❤❤❤3', 'likes': 25, 'publicado_em': '2025-09-22T04:41:17Z'}]","U3EyGfaTEj0","Goku sad story, pray for goku you are best hero 🥲😢 #dragonball #goku #actionfigures #shorts","1","Mais novos"
"@wisalhso8169","UCc18dLEKSerj9i9eozeTmfA","http://www.youtube.com/@wisalhso8169",",😥😢😢😢😢","25","2025-09-21T04:52:44Z","2025-09-21T04:52:44Z","True","True","2","2","[{'autor': '@ynhu3435', 'comentario': '😢', 'likes': 1, 'publicado_em': '2025-09-21T05:23:42Z'}, {'autor': '@RayanHiwa-h3g', 'comentario': ""😢⁷not going for it but I don't know what time you are coming tomorrow so 🤷 🤔 😢and then I'll come 😮when 🤔 😉 😜 😏 😎 🤪 🤔 😢and then we could ♥ it 😢😮androids to put the 6th door 🚪 😢😮❤"", 'likes': 1, 'publicado_em': '2025-09-21T11:58:17Z'}]","U3EyGfaTEj0","Goku sad story, pray for goku you are best hero 🥲😢 #dragonball #goku #actionfigures #shorts","1","Mais novos"
"@chibigokutoys","UCu1Ss_NDv5GFaC1NQ0-5qrA","http://www.youtube.com/@chibigokutoys","Ok gan tv tv tv tv tv","13","2025-09-20T04:48:49Z","2025-09-20T04:48:49Z","True","True","0","0","[]","U3EyGfaTEj0","Goku sad story, pray for goku you are best hero 🥲😢 #dragonball #goku #actionfigures #shorts","1","Mais novos"
"@chibigokutoys","UCu1Ss_NDv5GFaC1NQ0-5qrA","http://www.youtube.com/@chibigokutoys","Ok gan tv tv tv tv tv","13","2025-09-20T04:48:49Z","2025-09-20T04:48:49Z","True","True","0","0","[]","U3EyGfaTEj0","Goku sad story, pray for goku you are best hero 🥲😢 #dragonball #goku #actionfigures #shorts","2","Mais antigos"
"@wisalhso8169","UCc18dLEKSerj9i9eozeTmfA","http://www.youtube.com/@wisalhso8169",",😥😢😢😢😢","25","2025-09-21T04:52:44Z","2025-09-21T04:52:44Z","True","True","2","2","[{'autor': '@ynhu3435', 'comentario': '😢', 'likes': 1, 'publicado_em': '2025-09-21T05:23:42Z'}, {'autor': '@RayanHiwa-h3g', 'comentario': ""😢⁷not going for it but I don't know what time you are coming tomorrow so 🤷 🤔 😢and then I'll come 😮when 🤔 😉 😜 😏 😎 🤪 🤔 😢and then we could ♥ it 😢😮androids to put the 6th door 🚪 😢😮❤"", 'likes': 1, 'publicado_em': '2025-09-21T11:58:17Z'}]","U3EyGfaTEj0","Goku sad story, pray for goku you are best hero 🥲😢 #dragonball #goku #actionfigures #shorts","2","Mais antigos"
"@三浦拓也-w2e","UCnoOG19OQd_CsMj1rz24dtg","http://www.youtube.com/@%E4%B8%89%E6%B5%A6%E6%8B%93%E4%B9%9F-w2e","可愛そう💦💦💦💦💦💦💦💦💦💦💦💦💦💦💦😢😢😢😢😢😢😢😢😢😢😢😢😢😢😢😢😢😢😢😢😢😢","1040","2025-09-21T07:37:54Z","2025-09-21T07:37:54Z","True","True","83","5","[{'autor': '@najamakhatoon4978', 'comentario': 'Tgdy67', 'likes': 1, 'publicado_em': '2025-09-21T08:02:43Z'}, {'autor': '@MahdiErrkhis', 'comentario': '😢😢😢😢😢😢😢😢', 'likes': 52, 'publicado_em': '2025-09-21T14:56:26Z'}, {'autor': '@FatoumataToure-d7j', 'comentario': '\u2060@MahdiErrkhisovv ce obligé je k Bonjour désolé j’ai pas pu lui en parle😊in😮😅😢😅🎉😅😢😅😮😅😮😅😢😅😢😢😅🎉😅🎉😅🎉😮😂😮❤😅🎉🎉ghjgjgifiig', 'likes': 1, 'publicado_em': '2025-09-21T18:07:36Z'}, {'autor': '@RonnyAtencio-k5i5u', 'comentario': '❤😊❤qqqqq😊😊', 'likes': 1, 'publicado_em': '2025-09-21T20:28:00Z'}, {'autor': '@NadifaBasaeb-sc7qx', 'comentario': 'Dyduh❤❤❤❤3', 'likes': 25, 'publicado_em': '2025-09-22T04:41:17Z'}]","U3EyGfaTEj0","Goku sad story, pray for goku you are best hero 🥲😢 #dragonball #goku #actionfigures #shorts","2","Mais antigos"
"@DiyarHesen-p2o","UCe9TuQoc-KJ25SrFjs1DN_Q","http://www.youtube.com/@DiyarHesen-p2o","😢😢😢😢😢😢","19","2025-09-21T18:40:19Z","2025-09-21T18:40:19Z","True","True","0","0","[]","U3EyGfaTEj0","Goku sad story, pray for goku you are best hero 🥲😢 #dragonball #goku #actionfigures #shorts","2","Mais antigos"
"@toxico503...6","UCb2MDQp8s3PYHhi6pEeS4RA","http://www.youtube.com/@toxico503...6","Fríe😢😢😢😢😢😢😢","12","2025-09-21T22:33:50Z","2025-09-21T22:33:50Z","True","True","0","0","[]","U3EyGfaTEj0","Goku sad story, pray for goku you are best hero 🥲😢 #dragonball #goku #actionfigures #shorts","2","Mais antigos"
"@GabrielaMora-z8v","UCuUKkt8ysNoSNBh0MpMiWpg","http://www.youtube.com/@GabrielaMora-z8v",".,😢😢😢😢😢😊😊😊😊😊","4","2025-09-22T02:57:27Z","2025-09-22T02:57:27Z","True","True","0","0","[]","U3EyGfaTEj0","Goku sad story, pray for goku you are best hero 🥲😢 #dragonball #goku #actionfigures #shorts","2","Mais antigos"
"@wakanasato9302","UC8yKnfuRGecg5GuSfFEtTCw","http://www.youtube.com/@wakanasato9302","DRAGON BALL  怖","16","2025-09-22T10:07:07Z","2025-09-22T10:07:07Z","True","True","0","0","[]","U3EyGfaTEj0","Goku sad story, pray for goku you are best hero 🥲😢 #dragonball #goku #actionfigures #shorts","2","Mais antigos"
"@Lys2012-y4d","UCTt_lYHhB5jAO7FJ0w1_LhQ","http://www.youtube.com/@Lys2012-y4d","Wawawaawaawwa 😢😢😢😢😭😭😭😭😭😭😭","186","2025-09-22T21:36:59Z","2025-09-22T21:36:59Z","True","True","17","5","[{'autor': '@putriputra7942', 'comentario': '😭😭😭😭😭😭', 'likes': 13, 'publicado_em': '2025-09-23T04:56:51Z'}, {'autor': '@rubeenamuneer5383', 'comentario': '7e22❤❤❤❤🎉😅😊😊😊😊', 'likes': 1, 'publicado_em': '2025-09-23T06:12:53Z'}, {'autor': '@SalamuddinAnsari-g7h', 'comentario': '😊😊😊❤❤❤🎉🎉🎉', 'likes': 6, 'publicado_em': '2025-09-23T06:42:50Z'}, {'autor': '@GgGg-h4z3f', 'comentario': '❤❤❤❤❤❤❤❤❤❤❤😢😢😢😢😢😢😢😢😢😢😢😢😢', 'likes': 2, 'publicado_em': '2025-09-23T07:33:40Z'}, {'autor': '@mahakalraj._', 'comentario': 'Xuxuuxhfhfjghfhhdfuhfhdhfhfufufifufufufufyyfyfyfyfududufufyfuufytydyfyfufufhhdhshjdjfkjdoe8w7739000fkfjfjfuufhfyfyfufhfjfuufufufufyfufufuyfyfutututututututuururuururuyrytuttufufuurututururyurururururuuturururjshgsfwywqurufyfhgfjfjdyfydj', 'likes': 1, 'publicado_em': '2025-09-23T07:53:19Z'}]","U3EyGfaTEj0","Goku sad story, pray for goku you are best hero 🥲😢 #dragonball #goku #actionfigures #shorts","2","Mais antigos"
"@Ömer-b2v4e","UCpkB4uuBn-fSObp3MUI6Phw","http://www.youtube.com/@%C3%96mer-b2v4e","Allah rahmet eylesin mekanı cennet 🥺🥺","32","2025-09-23T13:25:51Z","2025-09-23T13:25:51Z","True","True","2","2","[{'autor': '@GlendyTorrez-h4o', 'comentario': '😢😢😢😢😢😢😢😢😢😢😢😢😢😢😢😢❤❤❤❤❤❤❤❤❤❤❤❤❤😮😮😮😮😮😮🎉🎉🎉🎉❤❤❤❤❤😮😮😮😢😢😢', 'likes': 0, 'publicado_em': '2025-09-30T01:01:48Z'}, {'autor': '@DinaBarva', 'comentario': '❤🎉😢😊', 'likes': 2, 'publicado_em': '2025-10-02T10:34:26Z'}]","U3EyGfaTEj0","Goku sad story, pray for goku you are best hero 🥲😢 #dragonball #goku #actionfigures #shorts","2","Mais antigos"
"@EvandroElizeuFeliciano","UC9B3f3vHV6D9RwffV07PbJQ","http://www.youtube.com/@EvandroElizeuFeliciano","😭🙏🏻😭🙏🏻😭🙏🏻😭🙏🏻😭🙏🏻","6","2025-09-23T19:12:54Z","2025-09-23T19:12:54Z","True","True","0","0","[]","U3EyGfaTEj0","Goku sad story, pray for goku you are best hero 🥲😢 #dragonball #goku #actionfigures #shorts","2","Mais antigos"
"@LiamCastillomota","UCNd7kU54LxaKAQzUEIbE-vw","http://www.youtube.com/@LiamCastillomota","😢😭😭😭😢😥😢😭😥😢😭😥😢😭😥","1","2025-09-23T23:39:05Z","2025-09-23T23:39:05Z","True","True","0","0","[]","U3EyGfaTEj0","Goku sad story, pray for goku you are best hero 🥲😢 #dragonball #goku #actionfigures #shorts","2","Mais antigos"
"@Minecreeper123","UCakW_xguWE6DIcO84EvQWcA","http://www.youtube.com/@Minecreeper123","😢😢😢😥😥😥😭😭😭😭😭🥺🥺🥺🥺🥺🥺😥😢😓","1","2025-09-24T08:15:25Z","2025-09-24T08:15:25Z","True","True","0","0","[]","U3EyGfaTEj0","Goku sad story, pray for goku you are best hero 🥲😢 #dragonball #goku #actionfigures #shorts","2","Mais antigos"
"@SahinurIslam-d6x4s","UCiFw7l30HaVxANLI6B0sBVg","http://www.youtube.com/@SahinurIslam-d6x4s","😇😇😇😇❤❤😇😇😇😇😇😇😇😇😇😇😇😇😇😇আর থাকে 😇😇😇😇😇😿😿😿😿❤❤😇😇😇😇😇😇","20","2025-09-24T14:16:44Z","2025-09-24T14:16:44Z","True","True","3","3","[{'autor': '@BprajaBundela', 'comentario': '❤😢😢😢🎉😢🎉😢🎉😢🎉😢🎉', 'likes': 1, 'publicado_em': '2025-10-21T14:34:59Z'}, {'autor': '@BernadettHaga-b1c', 'comentario': '\u200b@BprajaBundela❤❤❤❤❤❤❤❤❤❤❤❤❤❤❤❤❤❤❤❤❤❤❤❤❤❤❤❤', 'likes': 1, 'publicado_em': '2025-10-31T17:21:11Z'}, {'autor': '@soniavieira9440', 'comentario': '❤❤❤😊❤❤❤❤😊❤❤❤❤❤❤❤❤❤❤❤❤❤❤❤❤❤❤😢😢😢😢😢😢😢❤❤😢😢❤😢❤😢❤😢❤😢😢❤😢❤😢😢❤😢❤😢❤😢😢❤😢❤😢❤😢❤😢😢❤😢❤😢😢❤😢😢❤😢❤😢❤😢❤😢😢😢😢❤😢❤😢❤😢❤😢❤😢😢❤😢❤😢❤😢❤🎉❤❤🎉❤😢😢😢❤😢❤😢❤😢❤😢❤😢❤😢❤😢❤😢❤😢❤😢❤😢❤😢😢❤😢❤😢❤😢', 'likes': 1, 'publicado_em': '2025-11-02T22:22:30Z'}]","U3EyGfaTEj0","Goku sad story, pray for goku you are best hero 🥲😢 #dragonball #goku #actionfigures #shorts","2","Mais antigos"
"@ОлександрПостика-й2р","UCbbclNCakuyXEMSPTCpI8gg","http://www.youtube.com/@%D0%9E%D0%BB%D0%B5%D0%BA%D1%81%D0%B0%D0%BD%D0%B4%D1%80%D0%9F%D0%BE%D1%81%D1%82%D0%B8%D0%BA%D0%B0-%D0%B92%D1%80","😢😢😢😢😰😰😰😭😭😭😭😭😭😭😭😭😭😭😭😞😞","1","2025-09-24T14:32:40Z","2025-09-24T14:32:40Z","True","True","0","0","[]","U3EyGfaTEj0","Goku sad story, pray for goku you are best hero 🥲😢 #dragonball #goku #actionfigures #shorts","2","Mais antigos"
"@lizbethmendez4801","UCXO2NGJ2hl15UiRESQNX-eg","http://www.youtube.com/@lizbethmendez4801","😢😅😮😭😟😔😖😦☹️😣💔","2","2025-09-25T00:10:08Z","2025-09-25T00:10:08Z","True","True","0","0","[]","U3EyGfaTEj0","Goku sad story, pray for goku you are best hero 🥲😢 #dragonball #goku #actionfigures #shorts","2","Mais antigos"
"@MaryamAbdeyova","UCEuJNK9bilJ-3IBuSukv4xQ","http://www.youtube.com/@MaryamAbdeyova","😢😢😢😢😢😢😢😢😢😢😢😢😢😢😢❤❤❤❤❤❤❤❤❤❤","1","2025-09-25T03:55:26Z","2025-09-25T03:55:26Z","True","True","0","0","[]","U3EyGfaTEj0","Goku sad story, pray for goku you are best hero 🥲😢 #dragonball #goku #actionfigures #shorts","2","Mais antigos"
"@강선희-f3h","UCmMNhifN1lNltHlxfX5zy2A","http://www.youtube.com/@%EA%B0%95%EC%84%A0%ED%9D%AC-f3h","❤❤❤❤❤❤❤❤❤😢😢😢😢😢다 나 나와 내 앞에 서 있다 내가 간구하노라 내가 준비할 수 있도록 생명 때문에 제가 너무 좋아하는 사람 그리고 에덴축 있는 사람 가는게 너무 좋구나 그리고 ㆍ 제 기분이 좋아요 그리고 노랑색은 정말 정말 정말 많이 사랑해 그리고 에덴축 있는 우리 에덴축 있는 사람이 참 조은 정말 축하해 저는 너무 조금인데 내가 자꾸 이렇게 막 막 막 막 막 울고 있는 사람이 아니라 정말 많이 사랑해 사랑해 주세요 저는 평안합니다 라는 말을 많이 하고 있습니다 제가 잘못이 없다고 하더라구요 제가 그렇게 말하는지 모르겠지만 제가 도움이 된다면 감사하고요 감사합니다 그리고 에덴축 타고 다니는 치과에서도 많이 😅😅😅😅😅😮😮😮😢😢😢😢❤❤❤😊😊😊😊합니다 ㅡ 그리고 제가 우리쪽 시장가면 제가 잘못이 아니라 제 글을 잘 박았습니다 저는 정말 정말 많이 많이 사랑해주세요 저는 정말 정말 정말 정말 정말 많이 많이 받으세요 고 말하는 것 밖에 없어요 제가 잘못이 많이 있나봅니다 죄송합니다 지금 제가 우리쪽 시장가면 정말 많이 하고 있습니다 그리고 제가 우리쪽 이야기 하고 있습니다 그리고 제 생각과 함께 하는 ❤😊❤😊제가 참 좋네 하면서 늦어졌는데 정말 정말 너무 조금인데 이렇게 큰 일들을 치루시느 너무 도움이 될 수 있는 상황인데 정말 감사합니다 목사님 힘내시고","31","2025-09-25T10:00:50Z","2025-09-25T10:00:50Z","True","True","3","3","[{'autor': '@CristianLarraburu', 'comentario': 'No sabe si va a escribir ✏️😮', 'likes': 1, 'publicado_em': '2025-09-27T23:44:29Z'}, {'autor': '@LucaCaridi-y4c', 'comentario': '😢😮❤❤❤❤ no\n😭👀🌎🌎🌊🕳️🌙🍓🍓🍓🍓', 'likes': 1, 'publicado_em': '2025-09-28T11:13:08Z'}, {'autor': '@LourdesCastellanos-p2t', 'comentario': 'Nhkjjjuiiugsaqwfhkojehclydotkrjfueweilwywffkf. Jfjgvv.    Nbnjnjjjhjjjjjjjjjyuhyhjj', 'likes': 1, 'publicado_em': '2025-10-05T19:13:48Z'}]","U3EyGfaTEj0","Goku sad story, pray for goku you are best hero 🥲😢 #dragonball #goku #actionfigures #shorts","2","Mais antigos"
"@BonifacioSumaya","UCsOgSioETAWTbaIg-3r0UYg","http://www.youtube.com/@BonifacioSumaya","The voice actor behind that guy i only forgot the name but i only no that he passed away last year","94","2025-10-08T10:33:03Z","2025-10-08T10:33:03Z","True","True","9","5","[{'autor': '@AnaTalaxadze-h6u', 'comentario': '❤❤❤❤😢😢😢😢\U0001f979😭😭🥰🥰🥰💋💋❤❤❤😭❤️\U0001f979\U0001f979\U0001fae1\U0001fae1\U0001fae1\U0001fae1\U0001fae1\U0001fae1\U0001fae1\U0001fae1🥰🥰🥰🥰🥰🥰🥰🥰😇🥲😇😇🥲🥲🥰🥰🥰😭😭😭😭😭💘💘💘❤️\U0001fa77💙\U0001fa75💜❤️\U0001fa77\U0001fa75💜💙\U0001fa75💜💙\U0001fa75💜❤️\U0001fa77❤️\U0001fa77❤️\U0001fa77💔💔💔💔💔💔💔💔💔💔💔💔💔💔💔💔💔💔💔💔💔💔💔💔💔💔💔💔😊😅😊😊🥺\U0001f979🥺\U0001f979🥺\U0001f979🥺\U0001f979🥺\U0001f979😭😭😭😭😭😭😭😭💋💋💋💋💋💋💗💗💗💗💗💗💗💗💗💗💗💗💗💗💗💗💗💗💗💗💗💗❤️\u200d🩹❤️\u200d🩹❤️\u200d🩹❤️\u200d🩹❤️\u200d🩹💙\U0001fa75💙\U0001fa75💜💙\U0001fa75💜💙\U0001fa75💜👩\u200d❤️\u200d💋\u200d👨👩\u200d❤️\u200d💋\u200d👨👩\u200d❤️\u200d💋\u200d👨👩\u200d❤️\u200d💋\u200d👩💏👩\u200d❤️\u200d💋\u200d👩💏👩\u200d❤️\u200d💋\u200d👩👣👩\u200d❤️\u200d💋\u200d👩👩\u200d❤️\u200d💋\u200d👨👩\u200d❤️\u200d💋\u200d👩👩\u200d❤️\u200d💋\u200d👩', 'likes': 2, 'publicado_em': '2025-10-13T12:54:43Z'}, {'autor': '@lolohumus5279', 'comentario': '😭😭❤️😭', 'likes': 8, 'publicado_em': '2025-10-14T12:02:42Z'}, {'autor': '@LoredanaElena-h5z', 'comentario': 'Fye6😂rt64ytr7r7r7t😢😮😅😊4ryr7iru7sud7dusueududkurueurydyd6jdiuid5diyr5r5r5jdjryryur5ryjfujfyjyejiieyeyehryryr', 'likes': 1, 'publicado_em': '2025-10-14T12:31:34Z'}, {'autor': '@ShariifoIndhoy', 'comentario': '😊😊00000😊😊😊😊😊😊😊😊😊😊😊😊😊', 'likes': 1, 'publicado_em': '2025-10-21T07:43:50Z'}, {'autor': '@E_kko', 'comentario': 'قثاصل😮😢🎉❤❤❤❤', 'likes': 2, 'publicado_em': '2025-10-24T12:31:35Z'}]","U3EyGfaTEj0","Goku sad story, pray for goku you are best hero 🥲😢 #dragonball #goku #actionfigures #shorts","2","Mais antigos"
"@AnaTalaxadze-h6u","UCVVPXDYs0Jd0U8Ch6mE6YtQ","http://www.youtube.com/@AnaTalaxadze-h6u","დაალაიქეთ","2","2025-10-13T12:59:43Z","2025-10-13T12:59:43Z","True","True","0","0","[]","U3EyGfaTEj0","Goku sad story, pray for goku you are best hero 🥲😢 #dragonball #goku #actionfigures #shorts","2","Mais antigos"
"@AlexisDaniel-n9u1g","UCrplyJ9iv2cY4zcyYv8FP9A","http://www.youtube.com/@AlexisDaniel-n9u1g","But Goku is happy that he died","8","2025-10-29T19:22:11Z","2025-10-29T19:22:11Z","True","True","0","0","[]","U3EyGfaTEj0","Goku sad story, pray for goku you are best hero 🥲😢 #dragonball #goku #actionfigures #shorts","2","Mais antigos"
"@三浦拓也-w2e","UCnoOG19OQd_CsMj1rz24dtg","http://www.youtube.com/@%E4%B8%89%E6%B5%A6%E6%8B%93%E4%B9%9F-w2e","可愛そう💦💦💦💦💦💦💦💦💦💦💦💦💦💦💦😢😢😢😢😢😢😢😢😢😢😢😢😢😢😢😢😢😢😢😢😢😢","1040","2025-09-21T07:37:54Z","2025-09-21T07:37:54Z","True","True","83","5","[{'autor': '@najamakhatoon4978', 'comentario': 'Tgdy67', 'likes': 1, 'publicado_em': '2025-09-21T08:02:43Z'}, {'autor': '@MahdiErrkhis', 'comentario': '😢😢😢😢😢😢😢😢', 'likes': 52, 'publicado_em': '2025-09-21T14:56:26Z'}, {'autor': '@FatoumataToure-d7j', 'comentario': '\u2060@MahdiErrkhisovv ce obligé je k Bonjour désolé j’ai pas pu lui en parle😊in😮😅😢😅🎉😅😢😅😮😅😮😅😢😅😢😢😅🎉😅🎉😅🎉😮😂😮❤😅🎉🎉ghjgjgifiig', 'likes': 1, 'publicado_em': '2025-09-21T18:07:36Z'}, {'autor': '@RonnyAtencio-k5i5u', 'comentario': '❤😊❤qqqqq😊😊', 'likes': 1, 'publicado_em': '2025-09-21T20:28:00Z'}, {'autor': '@NadifaBasaeb-sc7qx', 'comentario': 'Dyduh❤❤❤❤3', 'likes': 25, 'publicado_em': '2025-09-22T04:41:17Z'}]","U3EyGfaTEj0","Goku sad story, pray for goku you are best hero 🥲😢 #dragonball #goku #actionfigures #shorts","3","Mais curtidos"
"@Lys2012-y4d","UCTt_lYHhB5jAO7FJ0w1_LhQ","http://www.youtube.com/@Lys2012-y4d","Wawawaawaawwa 😢😢😢😢😭😭😭😭😭😭😭","186","2025-09-22T21:36:59Z","2025-09-22T21:36:59Z","True","True","17","5","[{'autor': '@putriputra7942', 'comentario': '😭😭😭😭😭😭', 'likes': 13, 'publicado_em': '2025-09-23T04:56:51Z'}, {'autor': '@rubeenamuneer5383', 'comentario': '7e22❤❤❤❤🎉😅😊😊😊😊', 'likes': 1, 'publicado_em': '2025-09-23T06:12:53Z'}, {'autor': '@SalamuddinAnsari-g7h', 'comentario': '😊😊😊❤❤❤🎉🎉🎉', 'likes': 6, 'publicado_em': '2025-09-23T06:42:50Z'}, {'autor': '@GgGg-h4z3f', 'comentario': '❤❤❤❤❤❤❤❤❤❤❤😢😢😢😢😢😢😢😢😢😢😢😢😢', 'likes': 2, 'publicado_em': '2025-09-23T07:33:40Z'}, {'autor': '@mahakalraj._', 'comentario': 'Xuxuuxhfhfjghfhhdfuhfhdhfhfufufifufufufufyyfyfyfyfududufufyfuufytydyfyfufufhhdhshjdjfkjdoe8w7739000fkfjfjfuufhfyfyfufhfjfuufufufufyfufufuyfyfutututututututuururuururuyrytuttufufuurututururyurururururuuturururjshgsfwywqurufyfhgfjfjdyfydj', 'likes': 1, 'publicado_em': '2025-09-23T07:53:19Z'}]","U3EyGfaTEj0","Goku sad story, pray for goku you are best hero 🥲😢 #dragonball #goku #actionfigures #shorts","3","Mais curtidos"
"@BonifacioSumaya","UCsOgSioETAWTbaIg-3r0UYg","http://www.youtube.com/@BonifacioSumaya","The voice actor behind that guy i only forgot the name but i only no that he passed away last year","94","2025-10-08T10:33:03Z","2025-10-08T10:33:03Z","True","True","9","5","[{'autor': '@AnaTalaxadze-h6u', 'comentario': '❤❤❤❤😢😢😢😢\U0001f979😭😭🥰🥰🥰💋💋❤❤❤😭❤️\U0001f979\U0001f979\U0001fae1\U0001fae1\U0001fae1\U0001fae1\U0001fae1\U0001fae1\U0001fae1\U0001fae1🥰🥰🥰🥰🥰🥰🥰🥰😇🥲😇😇🥲🥲🥰🥰🥰😭😭😭😭😭💘💘💘❤️\U0001fa77💙\U0001fa75💜❤️\U0001fa77\U0001fa75💜💙\U0001fa75💜💙\U0001fa75💜❤️\U0001fa77❤️\U0001fa77❤️\U0001fa77💔💔💔💔💔💔💔💔💔💔💔💔💔💔💔💔💔💔💔💔💔💔💔💔💔💔💔💔😊😅😊😊🥺\U0001f979🥺\U0001f979🥺\U0001f979🥺\U0001f979🥺\U0001f979😭😭😭😭😭😭😭😭💋💋💋💋💋💋💗💗💗💗💗💗💗💗💗💗💗💗💗💗💗💗💗💗💗💗💗💗❤️\u200d🩹❤️\u200d🩹❤️\u200d🩹❤️\u200d🩹❤️\u200d🩹💙\U0001fa75💙\U0001fa75💜💙\U0001fa75💜💙\U0001fa75💜👩\u200d❤️\u200d💋\u200d👨👩\u200d❤️\u200d💋\u200d👨👩\u200d❤️\u200d💋\u200d👨👩\u200d❤️\u200d💋\u200d👩💏👩\u200d❤️\u200d💋\u200d👩💏👩\u200d❤️\u200d💋\u200d👩👣👩\u200d❤️\u200d💋\u200d👩👩\u200d❤️\u200d💋\u200d👨👩\u200d❤️\u200d💋\u200d👩👩\u200d❤️\u200d💋\u200d👩', 'likes': 2, 'publicado_em': '2025-10-13T12:54:43Z'}, {'autor': '@lolohumus5279', 'comentario': '😭😭❤️😭', 'likes': 8, 'publicado_em': '2025-10-14T12:02:42Z'}, {'autor': '@LoredanaElena-h5z', 'comentario': 'Fye6😂rt64ytr7r7r7t😢😮😅😊4ryr7iru7sud7dusueududkurueurydyd6jdiuid5diyr5r5r5jdjryryur5ryjfujfyjyejiieyeyehryryr', 'likes': 1, 'publicado_em': '2025-10-14T12:31:34Z'}, {'autor': '@ShariifoIndhoy', 'comentario': '😊😊00000😊😊😊😊😊😊😊😊😊😊😊😊😊', 'likes': 1, 'publicado_em': '2025-10-21T07:43:50Z'}, {'autor': '@E_kko', 'comentario': 'قثاصل😮😢🎉❤❤❤❤', 'likes': 2, 'publicado_em': '2025-10-24T12:31:35Z'}]","U3EyGfaTEj0","Goku sad story, pray for goku you are best hero 🥲😢 #dragonball #goku #actionfigures #shorts","3","Mais curtidos"
"@Ömer-b2v4e","UCpkB4uuBn-fSObp3MUI6Phw","http://www.youtube.com/@%C3%96mer-b2v4e","Allah rahmet eylesin mekanı cennet 🥺🥺","32","2025-09-23T13:25:51Z","2025-09-23T13:25:51Z","True","True","2","2","[{'autor': '@GlendyTorrez-h4o', 'comentario': '😢😢😢😢😢😢😢😢😢😢😢😢😢😢😢😢❤❤❤❤❤❤❤❤❤❤❤❤❤😮😮😮😮😮😮🎉🎉🎉🎉❤❤❤❤❤😮😮😮😢😢😢', 'likes': 0, 'publicado_em': '2025-09-30T01:01:48Z'}, {'autor': '@DinaBarva', 'comentario': '❤🎉😢😊', 'likes': 2, 'publicado_em': '2025-10-02T10:34:26Z'}]","U3EyGfaTEj0","Goku sad story, pray for goku you are best hero 🥲😢 #dragonball #goku #actionfigures #shorts","3","Mais curtidos"
"@강선희-f3h","UCmMNhifN1lNltHlxfX5zy2A","http://www.youtube.com/@%EA%B0%95%EC%84%A0%ED%9D%AC-f3h","❤❤❤❤❤❤❤❤❤😢😢😢😢😢다 나 나와 내 앞에 서 있다 내가 간구하노라 내가 준비할 수 있도록 생명 때문에 제가 너무 좋아하는 사람 그리고 에덴축 있는 사람 가는게 너무 좋구나 그리고 ㆍ 제 기분이 좋아요 그리고 노랑색은 정말 정말 정말 많이 사랑해 그리고 에덴축 있는 우리 에덴축 있는 사람이 참 조은 정말 축하해 저는 너무 조금인데 내가 자꾸 이렇게 막 막 막 막 막 울고 있는 사람이 아니라 정말 많이 사랑해 사랑해 주세요 저는 평안합니다 라는 말을 많이 하고 있습니다 제가 잘못이 없다고 하더라구요 제가 그렇게 말하는지 모르겠지만 제가 도움이 된다면 감사하고요 감사합니다 그리고 에덴축 타고 다니는 치과에서도 많이 😅😅😅😅😅😮😮😮😢😢😢😢❤❤❤😊😊😊😊합니다 ㅡ 그리고 제가 우리쪽 시장가면 제가 잘못이 아니라 제 글을 잘 박았습니다 저는 정말 정말 많이 많이 사랑해주세요 저는 정말 정말 정말 정말 정말 많이 많이 받으세요 고 말하는 것 밖에 없어요 제가 잘못이 많이 있나봅니다 죄송합니다 지금 제가 우리쪽 시장가면 정말 많이 하고 있습니다 그리고 제가 우리쪽 이야기 하고 있습니다 그리고 제 생각과 함께 하는 ❤😊❤😊제가 참 좋네 하면서 늦어졌는데 정말 정말 너무 조금인데 이렇게 큰 일들을 치루시느 너무 도움이 될 수 있는 상황인데 정말 감사합니다 목사님 힘내시고","31","2025-09-25T10:00:50Z","2025-09-25T10:00:50Z","True","True","3","3","[{'autor': '@CristianLarraburu', 'comentario': 'No sabe si va a escribir ✏️😮', 'likes': 1, 'publicado_em': '2025-09-27T23:44:29Z'}, {'autor': '@LucaCaridi-y4c', 'comentario': '😢😮❤❤❤❤ no\n😭👀🌎🌎🌊🕳️🌙🍓🍓🍓🍓', 'likes': 1, 'publicado_em': '2025-09-28T11:13:08Z'}, {'autor': '@LourdesCastellanos-p2t', 'comentario': 'Nhkjjjuiiugsaqwfhkojehclydotkrjfueweilwywffkf. Jfjgvv.    Nbnjnjjjhjjjjjjjjjyuhyhjj', 'likes': 1, 'publicado_em': '2025-10-05T19:13:48Z'}]","U3EyGfaTEj0","Goku sad story, pray for goku you are best hero 🥲😢 #dragonball #goku #actionfigures #shorts","3","Mais curtidos"
"@wisalhso8169","UCc18dLEKSerj9i9eozeTmfA","http://www.youtube.com/@wisalhso8169",",😥😢😢😢😢","25","2025-09-21T04:52:44Z","2025-09-21T04:52:44Z","True","True","2","2","[{'autor': '@ynhu3435', 'comentario': '😢', 'likes': 1, 'publicado_em': '2025-09-21T05:23:42Z'}, {'autor': '@RayanHiwa-h3g', 'comentario': ""😢⁷not going for it but I don't know what time you are coming tomorrow so 🤷 🤔 😢and then I'll come 😮when 🤔 😉 😜 😏 😎 🤪 🤔 😢and then we could ♥ it 😢😮androids to put the 6th door 🚪 😢😮❤"", 'likes': 1, 'publicado_em': '2025-09-21T11:58:17Z'}]","U3EyGfaTEj0","Goku sad story, pray for goku you are best hero 🥲😢 #dragonball #goku #actionfigures #shorts","3","Mais curtidos"
"@SahinurIslam-d6x4s","UCiFw7l30HaVxANLI6B0sBVg","http://www.youtube.com/@SahinurIslam-d6x4s","😇😇😇😇❤❤😇😇😇😇😇😇😇😇😇😇😇😇😇😇আর থাকে 😇😇😇😇😇😿😿😿😿❤❤😇😇😇😇😇😇","20","2025-09-24T14:16:44Z","2025-09-24T14:16:44Z","True","True","3","3","[{'autor': '@BprajaBundela', 'comentario': '❤😢😢😢🎉😢🎉😢🎉😢🎉😢🎉', 'likes': 1, 'publicado_em': '2025-10-21T14:34:59Z'}, {'autor': '@BernadettHaga-b1c', 'comentario': '\u200b@BprajaBundela❤❤❤❤❤❤❤❤❤❤❤❤❤❤❤❤❤❤❤❤❤❤❤❤❤❤❤❤', 'likes': 1, 'publicado_em': '2025-10-31T17:21:11Z'}, {'autor': '@soniavieira9440', 'comentario': '❤❤❤😊❤❤❤❤😊❤❤❤❤❤❤❤❤❤❤❤❤❤❤❤❤❤❤😢😢😢😢😢😢😢❤❤😢😢❤😢❤😢❤😢❤😢😢❤😢❤😢😢❤😢❤😢❤😢😢❤😢❤😢❤😢❤😢😢❤😢❤😢😢❤😢😢❤😢❤😢❤😢❤😢😢😢😢❤😢❤😢❤😢❤😢❤😢😢❤😢❤😢❤😢❤🎉❤❤🎉❤😢😢😢❤😢❤😢❤😢❤😢❤😢❤😢❤😢❤😢❤😢❤😢❤😢❤😢😢❤😢❤😢❤😢', 'likes': 1, 'publicado_em': '2025-11-02T22:22:30Z'}]","U3EyGfaTEj0","Goku sad story, pray for goku you are best hero 🥲😢 #dragonball #goku #actionfigures #shorts","3","Mais curtidos"
"@DiyarHesen-p2o","UCe9TuQoc-KJ25SrFjs1DN_Q","http://www.youtube.com/@DiyarHesen-p2o","😢😢😢😢😢😢","19","2025-09-21T18:40:19Z","2025-09-21T18:40:19Z","True","True","0","0","[]","U3EyGfaTEj0","Goku sad story, pray for goku you are best hero 🥲😢 #dragonball #goku #actionfigures #shorts","3","Mais curtidos"
"@wakanasato9302","UC8yKnfuRGecg5GuSfFEtTCw","http://www.youtube.com/@wakanasato9302","DRAGON BALL  怖","16","2025-09-22T10:07:07Z","2025-09-22T10:07:07Z","True","True","0","0","[]","U3EyGfaTEj0","Goku sad story, pray for goku you are best hero 🥲😢 #dragonball #goku #actionfigures #shorts","3","Mais curtidos"
"@chibigokutoys","UCu1Ss_NDv5GFaC1NQ0-5qrA","http://www.youtube.com/@chibigokutoys","Ok gan tv tv tv tv tv","13","2025-09-20T04:48:49Z","2025-09-20T04:48:49Z","True","True","0","0","[]","U3EyGfaTEj0","Goku sad story, pray for goku you are best hero 🥲😢 #dragonball #goku #actionfigures #shorts","3","Mais curtidos"
"@toxico503...6","UCb2MDQp8s3PYHhi6pEeS4RA","http://www.youtube.com/@toxico503...6","Fríe😢😢😢😢😢😢😢","12","2025-09-21T22:33:50Z","2025-09-21T22:33:50Z","True","True","0","0","[]","U3EyGfaTEj0","Goku sad story, pray for goku you are best hero 🥲😢 #dragonball #goku #actionfigures #shorts","3","Mais curtidos"
"@AlexisDaniel-n9u1g","UCrplyJ9iv2cY4zcyYv8FP9A","http://www.youtube.com/@AlexisDaniel-n9u1g","But Goku is happy that he died","8","2025-10-29T19:22:11Z","2025-10-29T19:22:11Z","True","True","0","0","[]","U3EyGfaTEj0","Goku sad story, pray for goku you are best hero 🥲😢 #dragonball #goku #actionfigures #shorts","3","Mais curtidos"
"@EvandroElizeuFeliciano","UC9B3f3vHV6D9RwffV07PbJQ","http://www.youtube.com/@EvandroElizeuFeliciano","😭🙏🏻😭🙏🏻😭🙏🏻😭🙏🏻😭🙏🏻","6","2025-09-23T19:12:54Z","2025-09-23T19:12:54Z","True","True","0","0","[]","U3EyGfaTEj0","Goku sad story, pray for goku you are best hero 🥲😢 #dragonball #goku #actionfigures #shorts","3","Mais curtidos"
"@GabrielaMora-z8v","UCuUKkt8ysNoSNBh0MpMiWpg","http://www.youtube.com/@GabrielaMora-z8v",".,😢😢😢😢😢😊😊😊😊😊","4","2025-09-22T02:57:27Z","2025-09-22T02:57:27Z","True","True","0","0","[]","U3EyGfaTEj0","Goku sad story, pray for goku you are best hero 🥲😢 #dragonball #goku #actionfigures #shorts","3","Mais curtidos"
"@AnaTalaxadze-h6u","UCVVPXDYs0Jd0U8Ch6mE6YtQ","http://www.youtube.com/@AnaTalaxadze-h6u","დაალაიქეთ","2","2025-10-13T12:59:43Z","2025-10-13T12:59:43Z","True","True","0","0","[]","U3EyGfaTEj0","Goku sad story, pray for goku you are best hero 🥲😢 #dragonball #goku #actionfigures #shorts","3","Mais curtidos"
"@lizbethmendez4801","UCXO2NGJ2hl15UiRESQNX-eg","http://www.youtube.com/@lizbethmendez4801","😢😅😮😭😟😔😖😦☹️😣💔","2","2025-09-25T00:10:08Z","2025-09-25T00:10:08Z","True","True","0","0","[]","U3EyGfaTEj0","Goku sad story, pray for goku you are best hero 🥲😢 #dragonball #goku #actionfigures #shorts","3","Mais curtidos"
"@Minecreeper123","UCakW_xguWE6DIcO84EvQWcA","http://www.youtube.com/@Minecreeper123","😢😢😢😥😥😥😭😭😭😭😭🥺🥺🥺🥺🥺🥺😥😢😓","1","2025-09-24T08:15:25Z","2025-09-24T08:15:25Z","True","True","0","0","[]","U3EyGfaTEj0","Goku sad story, pray for goku you are best hero 🥲😢 #dragonball #goku #actionfigures #shorts","3","Mais curtidos"
"@ОлександрПостика-й2р","UCbbclNCakuyXEMSPTCpI8gg","http://www.youtube.com/@%D0%9E%D0%BB%D0%B5%D0%BA%D1%81%D0%B0%D0%BD%D0%B4%D1%80%D0%9F%D0%BE%D1%81%D1%82%D0%B8%D0%BA%D0%B0-%D0%B92%D1%80","😢😢😢😢😰😰😰😭😭😭😭😭😭😭😭😭😭😭😭😞😞","1","2025-09-24T14:32:40Z","2025-09-24T14:32:40Z","True","True","0","0","[]","U3EyGfaTEj0","Goku sad story, pray for goku you are best hero 🥲😢 #dragonball #goku #actionfigures #shorts","3","Mais curtidos"
"@LiamCastillomota","UCNd7kU54LxaKAQzUEIbE-vw","http://www.youtube.com/@LiamCastillomota","😢😭😭😭😢😥😢😭😥😢😭😥😢😭😥","1","2025-09-23T23:39:05Z","2025-09-23T23:39:05Z","True","True","0","0","[]","U3EyGfaTEj0","Goku sad story, pray for goku you are best hero 🥲😢 #dragonball #goku #actionfigures #shorts","3","Mais curtidos"
"@MaryamAbdeyova","UCEuJNK9bilJ-3IBuSukv4xQ","http://www.youtube.com/@MaryamAbdeyova","😢😢😢😢😢😢😢😢😢😢😢😢😢😢😢❤❤❤❤❤❤❤❤❤❤","1","2025-09-25T03:55:26Z","2025-09-25T03:55:26Z","True","True","0","0","[]","U3EyGfaTEj0","Goku sad story, pray for goku you are best hero 🥲😢 #dragonball #goku #actionfigures #shorts","3","Mais curtidos"
"@강선희-f3h","UCmMNhifN1lNltHlxfX5zy2A","http://www.youtube.com/@%EA%B0%95%EC%84%A0%ED%9D%AC-f3h","❤❤❤❤❤❤❤❤❤😢😢😢😢😢다 나 나와 내 앞에 서 있다 내가 간구하노라 내가 준비할 수 있도록 생명 때문에 제가 너무 좋아하는 사람 그리고 에덴축 있는 사람 가는게 너무 좋구나 그리고 ㆍ 제 기분이 좋아요 그리고 노랑색은 정말 정말 정말 많이 사랑해 그리고 에덴축 있는 우리 에덴축 있는 사람이 참 조은 정말 축하해 저는 너무 조금인데 내가 자꾸 이렇게 막 막 막 막 막 울고 있는 사람이 아니라 정말 많이 사랑해 사랑해 주세요 저는 평안합니다 라는 말을 많이 하고 있습니다 제가 잘못이 없다고 하더라구요 제가 그렇게 말하는지 모르겠지만 제가 도움이 된다면 감사하고요 감사합니다 그리고 에덴축 타고 다니는 치과에서도 많이 😅😅😅😅😅😮😮😮😢😢😢😢❤❤❤😊😊😊😊합니다 ㅡ 그리고 제가 우리쪽 시장가면 제가 잘못이 아니라 제 글을 잘 박았습니다 저는 정말 정말 많이 많이 사랑해주세요 저는 정말 정말 정말 정말 정말 많이 많이 받으세요 고 말하는 것 밖에 없어요 제가 잘못이 많이 있나봅니다 죄송합니다 지금 제가 우리쪽 시장가면 정말 많이 하고 있습니다 그리고 제가 우리쪽 이야기 하고 있습니다 그리고 제 생각과 함께 하는 ❤😊❤😊제가 참 좋네 하면서 늦어졌는데 정말 정말 너무 조금인데 이렇게 큰 일들을 치루시느 너무 도움이 될 수 있는 상황인데 정말 감사합니다 목사님 힘내시고","31","2025-09-25T10:00:50Z","2025-09-25T10:00:50Z","True","True","3","3","[{'autor': '@CristianLarraburu', 'comentario': 'No sabe si va a escribir ✏️😮', 'likes': 1, 'publicado_em': '2025-09-27T23:44:29Z'}, {'autor': '@LucaCaridi-y4c', 'comentario': '😢😮❤❤❤❤ no\n😭👀🌎🌎🌊🕳️🌙🍓🍓🍓🍓', 'likes': 1, 'publicado_em': '2025-09-28T11:13:08Z'}, {'autor': '@LourdesCastellanos-p2t', 'comentario': 'Nhkjjjuiiugsaqwfhkojehclydotkrjfueweilwywffkf. Jfjgvv.    Nbnjnjjjhjjjjjjjjjyuhyhjj', 'likes': 1, 'publicado_em': '2025-10-05T19:13:48Z'}]","U3EyGfaTEj0","Goku sad story, pray for goku you are best hero 🥲😢 #dragonball #goku #actionfigures #shorts","4","Mais longos"
"@BonifacioSumaya","UCsOgSioETAWTbaIg-3r0UYg","http://www.youtube.com/@BonifacioSumaya","The voice actor behind that guy i only forgot the name but i only no that he passed away last year","94","2025-10-08T10:33:03Z","2025-10-08T10:33:03Z","True","True","9","5","[{'autor': '@AnaTalaxadze-h6u', 'comentario': '❤❤❤❤😢😢😢😢\U0001f979😭😭🥰🥰🥰💋💋❤❤❤😭❤️\U0001f979\U0001f979\U0001fae1\U0001fae1\U0001fae1\U0001fae1\U0001fae1\U0001fae1\U0001fae1\U0001fae1🥰🥰🥰🥰🥰🥰🥰🥰😇🥲😇😇🥲🥲🥰🥰🥰😭😭😭😭😭💘💘💘❤️\U0001fa77💙\U0001fa75💜❤️\U0001fa77\U0001fa75💜💙\U0001fa75💜💙\U0001fa75💜❤️\U0001fa77❤️\U0001fa77❤️\U0001fa77💔💔💔💔💔💔💔💔💔💔💔💔💔💔💔💔💔💔💔💔💔💔💔💔💔💔💔💔😊😅😊😊🥺\U0001f979🥺\U0001f979🥺\U0001f979🥺\U0001f979🥺\U0001f979😭😭😭😭😭😭😭😭💋💋💋💋💋💋💗💗💗💗💗💗💗💗💗💗💗💗💗💗💗💗💗💗💗💗💗💗❤️\u200d🩹❤️\u200d🩹❤️\u200d🩹❤️\u200d🩹❤️\u200d🩹💙\U0001fa75💙\U0001fa75💜💙\U0001fa75💜💙\U0001fa75💜👩\u200d❤️\u200d💋\u200d👨👩\u200d❤️\u200d💋\u200d👨👩\u200d❤️\u200d💋\u200d👨👩\u200d❤️\u200d💋\u200d👩💏👩\u200d❤️\u200d💋\u200d👩💏👩\u200d❤️\u200d💋\u200d👩👣👩\u200d❤️\u200d💋\u200d👩👩\u200d❤️\u200d💋\u200d👨👩\u200d❤️\u200d💋\u200d👩👩\u200d❤️\u200d💋\u200d👩', 'likes': 2, 'publicado_em': '2025-10-13T12:54:43Z'}, {'autor': '@lolohumus5279', 'comentario': '😭😭❤️😭', 'likes': 8, 'publicado_em': '2025-10-14T12:02:42Z'}, {'autor': '@LoredanaElena-h5z', 'comentario': 'Fye6😂rt64ytr7r7r7t😢😮😅😊4ryr7iru7sud7dusueududkurueurydyd6jdiuid5diyr5r5r5jdjryryur5ryjfujfyjyejiieyeyehryryr', 'likes': 1, 'publicado_em': '2025-10-14T12:31:34Z'}, {'autor': '@ShariifoIndhoy', 'comentario': '😊😊00000😊😊😊😊😊😊😊😊😊😊😊😊😊', 'likes': 1, 'publicado_em': '2025-10-21T07:43:50Z'}, {'autor': '@E_kko', 'comentario': 'قثاصل😮😢🎉❤❤❤❤', 'likes': 2, 'publicado_em': '2025-10-24T12:31:35Z'}]","U3EyGfaTEj0","Goku sad story, pray for goku you are best hero 🥲😢 #dragonball #goku #actionfigures #shorts","4","Mais longos"
"@SahinurIslam-d6x4s","UCiFw7l30HaVxANLI6B0sBVg","http://www.youtube.com/@SahinurIslam-d6x4s","😇😇😇😇❤❤😇😇😇😇😇😇😇😇😇😇😇😇😇😇আর থাকে 😇😇😇😇😇😿😿😿😿❤❤😇😇😇😇😇😇","20","2025-09-24T14:16:44Z","2025-09-24T14:16:44Z","True","True","3","3","[{'autor': '@BprajaBundela', 'comentario': '❤😢😢😢🎉😢🎉😢🎉😢🎉😢🎉', 'likes': 1, 'publicado_em': '2025-10-21T14:34:59Z'}, {'autor': '@BernadettHaga-b1c', 'comentario': '\u200b@BprajaBundela❤❤❤❤❤❤❤❤❤❤❤❤❤❤❤❤❤❤❤❤❤❤❤❤❤❤❤❤', 'likes': 1, 'publicado_em': '2025-10-31T17:21:11Z'}, {'autor': '@soniavieira9440', 'comentario': '❤❤❤😊❤❤❤❤😊❤❤❤❤❤❤❤❤❤❤❤❤❤❤❤❤❤❤😢😢😢😢😢😢😢❤❤😢😢❤😢❤😢❤😢❤😢😢❤😢❤😢😢❤😢❤😢❤😢😢❤😢❤😢❤😢❤😢😢❤😢❤😢😢❤😢😢❤😢❤😢❤😢❤😢😢😢😢❤😢❤😢❤😢❤😢❤😢😢❤😢❤😢❤😢❤🎉❤❤🎉❤😢😢😢❤😢❤😢❤😢❤😢❤😢❤😢❤😢❤😢❤😢❤😢❤😢❤😢😢❤😢❤😢❤😢', 'likes': 1, 'publicado_em': '2025-11-02T22:22:30Z'}]","U3EyGfaTEj0","Goku sad story, pray for goku you are best hero 🥲😢 #dragonball #goku #actionfigures #shorts","4","Mais longos"
"@三浦拓也-w2e","UCnoOG19OQd_CsMj1rz24dtg","http://www.youtube.com/@%E4%B8%89%E6%B5%A6%E6%8B%93%E4%B9%9F-w2e","可愛そう💦💦💦💦💦💦💦💦💦💦💦💦💦💦💦😢😢😢😢😢😢😢😢😢😢😢😢😢😢😢😢😢😢😢😢😢😢","1040","2025-09-21T07:37:54Z","2025-09-21T07:37:54Z","True","True","83","5","[{'autor': '@najamakhatoon4978', 'comentario': 'Tgdy67', 'likes': 1, 'publicado_em': '2025-09-21T08:02:43Z'}, {'autor': '@MahdiErrkhis', 'comentario': '😢😢😢😢😢😢😢😢', 'likes': 52, 'publicado_em': '2025-09-21T14:56:26Z'}, {'autor': '@FatoumataToure-d7j', 'comentario': '\u2060@MahdiErrkhisovv ce obligé je k Bonjour désolé j’ai pas pu lui en parle😊in😮😅😢😅🎉😅😢😅😮😅😮😅😢😅😢😢😅🎉😅🎉😅🎉😮😂😮❤😅🎉🎉ghjgjgifiig', 'likes': 1, 'publicado_em': '2025-09-21T18:07:36Z'}, {'autor': '@RonnyAtencio-k5i5u', 'comentario': '❤😊❤qqqqq😊😊', 'likes': 1, 'publicado_em': '2025-09-21T20:28:00Z'}, {'autor': '@NadifaBasaeb-sc7qx', 'comentario': 'Dyduh❤❤❤❤3', 'likes': 25, 'publicado_em': '2025-09-22T04:41:17Z'}]","U3EyGfaTEj0","Goku sad story, pray for goku you are best hero 🥲😢 #dragonball #goku #actionfigures #shorts","4","Mais longos"
"@Ömer-b2v4e","UCpkB4uuBn-fSObp3MUI6Phw","http://www.youtube.com/@%C3%96mer-b2v4e","Allah rahmet eylesin mekanı cennet 🥺🥺","32","2025-09-23T13:25:51Z","2025-09-23T13:25:51Z","True","True","2","2","[{'autor': '@GlendyTorrez-h4o', 'comentario': '😢😢😢😢😢😢😢😢😢😢😢😢😢😢😢😢❤❤❤❤❤❤❤❤❤❤❤❤❤😮😮😮😮😮😮🎉🎉🎉🎉❤❤❤❤❤😮😮😮😢😢😢', 'likes': 0, 'publicado_em': '2025-09-30T01:01:48Z'}, {'autor': '@DinaBarva', 'comentario': '❤🎉😢😊', 'likes': 2, 'publicado_em': '2025-10-02T10:34:26Z'}]","U3EyGfaTEj0","Goku sad story, pray for goku you are best hero 🥲😢 #dragonball #goku #actionfigures #shorts","4","Mais longos"
"@AlexisDaniel-n9u1g","UCrplyJ9iv2cY4zcyYv8FP9A","http://www.youtube.com/@AlexisDaniel-n9u1g","But Goku is happy that he died","8","2025-10-29T19:22:11Z","2025-10-29T19:22:11Z","True","True","0","0","[]","U3EyGfaTEj0","Goku sad story, pray for goku you are best hero 🥲😢 #dragonball #goku #actionfigures #shorts","4","Mais longos"
"@Lys2012-y4d","UCTt_lYHhB5jAO7FJ0w1_LhQ","http://www.youtube.com/@Lys2012-y4d","Wawawaawaawwa 😢😢😢😢😭😭😭😭😭😭😭","186","2025-09-22T21:36:59Z","2025-09-22T21:36:59Z","True","True","17","5","[{'autor': '@putriputra7942', 'comentario': '😭😭😭😭😭😭', 'likes': 13, 'publicado_em': '2025-09-23T04:56:51Z'}, {'autor': '@rubeenamuneer5383', 'comentario': '7e22❤❤❤❤🎉😅😊😊😊😊', 'likes': 1, 'publicado_em': '2025-09-23T06:12:53Z'}, {'autor': '@SalamuddinAnsari-g7h', 'comentario': '😊😊😊❤❤❤🎉🎉🎉', 'likes': 6, 'publicado_em': '2025-09-23T06:42:50Z'}, {'autor': '@GgGg-h4z3f', 'comentario': '❤❤❤❤❤❤❤❤❤❤❤😢😢😢😢😢😢😢😢😢😢😢😢😢', 'likes': 2, 'publicado_em': '2025-09-23T07:33:40Z'}, {'autor': '@mahakalraj._', 'comentario': 'Xuxuuxhfhfjghfhhdfuhfhdhfhfufufifufufufufyyfyfyfyfududufufyfuufytydyfyfufufhhdhshjdjfkjdoe8w7739000fkfjfjfuufhfyfyfufhfjfuufufufufyfufufuyfyfutututututututuururuururuyrytuttufufuurututururyurururururuuturururjshgsfwywqurufyfhgfjfjdyfydj', 'likes': 1, 'publicado_em': '2025-09-23T07:53:19Z'}]","U3EyGfaTEj0","Goku sad story, pray for goku you are best hero 🥲😢 #dragonball #goku #actionfigures #shorts","4","Mais longos"
"@MaryamAbdeyova","UCEuJNK9bilJ-3IBuSukv4xQ","http://www.youtube.com/@MaryamAbdeyova","😢😢😢😢😢😢😢😢😢😢😢😢😢😢😢❤❤❤❤❤❤❤❤❤❤","1","2025-09-25T03:55:26Z","2025-09-25T03:55:26Z","True","True","0","0","[]","U3EyGfaTEj0","Goku sad story, pray for goku you are best hero 🥲😢 #dragonball #goku #actionfigures #shorts","4","Mais longos"
"@chibigokutoys","UCu1Ss_NDv5GFaC1NQ0-5qrA","http://www.youtube.com/@chibigokutoys","Ok gan tv tv tv tv tv","13","2025-09-20T04:48:49Z","2025-09-20T04:48:49Z","True","True","0","0","[]","U3EyGfaTEj0","Goku sad story, pray for goku you are best hero 🥲😢 #dragonball #goku #actionfigures #shorts","4","Mais longos"
"@ОлександрПостика-й2р","UCbbclNCakuyXEMSPTCpI8gg","http://www.youtube.com/@%D0%9E%D0%BB%D0%B5%D0%BA%D1%81%D0%B0%D0%BD%D0%B4%D1%80%D0%9F%D0%BE%D1%81%D1%82%D0%B8%D0%BA%D0%B0-%D0%B92%D1%80","😢😢😢😢😰😰😰😭😭😭😭😭😭😭😭😭😭😭😭😞😞","1","2025-09-24T14:32:40Z","2025-09-24T14:32:40Z","True","True","0","0","[]","U3EyGfaTEj0","Goku sad story, pray for goku you are best hero 🥲😢 #dragonball #goku #actionfigures #shorts","4","Mais longos"
"@Minecreeper123","UCakW_xguWE6DIcO84EvQWcA","http://www.youtube.com/@Minecreeper123","😢😢😢😥😥😥😭😭😭😭😭🥺🥺🥺🥺🥺🥺😥😢😓","1","2025-09-24T08:15:25Z","2025-09-24T08:15:25Z","True","True","0","0","[]","U3EyGfaTEj0","Goku sad story, pray for goku you are best hero 🥲😢 #dragonball #goku #actionfigures #shorts","4","Mais longos"
"@EvandroElizeuFeliciano","UC9B3f3vHV6D9RwffV07PbJQ","http://www.youtube.com/@EvandroElizeuFeliciano","😭🙏🏻😭🙏🏻😭🙏🏻😭🙏🏻😭🙏🏻","6","2025-09-23T19:12:54Z","2025-09-23T19:12:54Z","True","True","0","0","[]","U3EyGfaTEj0","Goku sad story, pray for goku you are best hero 🥲😢 #dragonball #goku #actionfigures #shorts","4","Mais longos"
"@LiamCastillomota","UCNd7kU54LxaKAQzUEIbE-vw","http://www.youtube.com/@LiamCastillomota","😢😭😭😭😢😥😢😭😥😢😭😥😢😭😥","1","2025-09-23T23:39:05Z","2025-09-23T23:39:05Z","True","True","0","0","[]","U3EyGfaTEj0","Goku sad story, pray for goku you are best hero 🥲😢 #dragonball #goku #actionfigures #shorts","4","Mais longos"
"@wakanasato9302","UC8yKnfuRGecg5GuSfFEtTCw","http://www.youtube.com/@wakanasato9302","DRAGON BALL  怖","16","2025-09-22T10:07:07Z","2025-09-22T10:07:07Z","True","True","0","0","[]","U3EyGfaTEj0","Goku sad story, pray for goku you are best hero 🥲😢 #dragonball #goku #actionfigures #shorts","4","Mais longos"
"@GabrielaMora-z8v","UCuUKkt8ysNoSNBh0MpMiWpg","http://www.youtube.com/@GabrielaMora-z8v",".,😢😢😢😢😢😊😊😊😊😊","4","2025-09-22T02:57:27Z","2025-09-22T02:57:27Z","True","True","0","0","[]","U3EyGfaTEj0","Goku sad story, pray for goku you are best hero 🥲😢 #dragonball #goku #actionfigures #shorts","4","Mais longos"
"@lizbethmendez4801","UCXO2NGJ2hl15UiRESQNX-eg","http://www.youtube.com/@lizbethmendez4801","😢😅😮😭😟😔😖😦☹️😣💔","2","2025-09-25T00:10:08Z","2025-09-25T00:10:08Z","True","True","0","0","[]","U3EyGfaTEj0","Goku sad story, pray for goku you are best hero 🥲😢 #dragonball #goku #actionfigures #shorts","4","Mais longos"
"@toxico503...6","UCb2MDQp8s3PYHhi6pEeS4RA","http://www.youtube.com/@toxico503...6","Fríe😢😢😢😢😢😢😢","12","2025-09-21T22:33:50Z","2025-09-21T22:33:50Z","True","True","0","0","[]","U3EyGfaTEj0","Goku sad story, pray for goku you are best hero 🥲😢 #dragonball #goku #actionfigures #shorts","4","Mais longos"
"@AnaTalaxadze-h6u","UCVVPXDYs0Jd0U8Ch6mE6YtQ","http://www.youtube.com/@AnaTalaxadze-h6u","დაალაიქეთ","2","2025-10-13T12:59:43Z","2025-10-13T12:59:43Z","True","True","0","0","[]","U3EyGfaTEj0","Goku sad story, pray for goku you are best hero 🥲😢 #dragonball #goku #actionfigures #shorts","4","Mais longos"
"@wisalhso8169","UCc18dLEKSerj9i9eozeTmfA","http://www.youtube.com/@wisalhso8169",",😥😢😢😢😢","25","2025-09-21T04:52:44Z","2025-09-21T04:52:44Z","True","True","2","2","[{'autor': '@ynhu3435', 'comentario': '😢', 'likes': 1, 'publicado_em': '2025-09-21T05:23:42Z'}, {'autor': '@RayanHiwa-h3g', 'comentario': ""😢⁷not going for it but I don't know what time you are coming tomorrow so 🤷 🤔 😢and then I'll come 😮when 🤔 😉 😜 😏 😎 🤪 🤔 😢and then we could ♥ it 😢😮androids to put the 6th door 🚪 😢😮❤"", 'likes': 1, 'publicado_em': '2025-09-21T11:58:17Z'}]","U3EyGfaTEj0","Goku sad story, pray for goku you are best hero 🥲😢 #dragonball #goku #actionfigures #shorts","4","Mais longos"
"@DiyarHesen-p2o","UCe9TuQoc-KJ25SrFjs1DN_Q","http://www.youtube.com/@DiyarHesen-p2o","😢😢😢😢😢😢","19","2025-09-21T18:40:19Z","2025-09-21T18:40:19Z","True","True","0","0","[]","U3EyGfaTEj0","Goku sad story, pray for goku you are best hero 🥲😢 #dragonball #goku #actionfigures #shorts","4","Mais longos"
"@Idkitsjustme1","UCFEzfKJHi088OtoVpnt_qhQ","http://www.youtube.com/@Idkitsjustme1","You’re not even in my anime caught me offguard😂","2","2024-08-13T13:38:38Z","2024-08-13T13:38:38Z","True","True","0","0","[]","29-5m6gedwI","DRAGON BALL Z GOKU GONE MAD 😭","1","Mais novos"
"@deadpool4551","UCmZ3Eg-Lj80ClPWrnggcDJg","http://www.youtube.com/@deadpool4551","“UR NOT EVEN IN MY ANIME!”

-goku","0","2024-06-08T13:08:09Z","2024-06-08T13:08:09Z","True","True","0","0","[]","29-5m6gedwI","DRAGON BALL Z GOKU GONE MAD 😭","1","Mais novos"
"@iJordans15","UCXsVEEdRVzyF6mz19WItYew","http://www.youtube.com/@iJordans15","Damn, the disrespect. My boi got nerfed. So Goku knows how it feels be like Yamcha, and Krillin, and Vegeta when he takes a whole lotta Ls from each saga arc of DBZ/Super/GT","3","2023-08-30T16:59:22Z","2023-08-30T16:59:22Z","True","True","1","1","[{'autor': '@PoojaGoswami-nw8lr', 'comentario': 'v', 'likes': 0, 'publicado_em': '2025-02-08T07:30:06Z'}]","29-5m6gedwI","DRAGON BALL Z GOKU GONE MAD 😭","1","Mais novos"
"@keylamarielaureano6035","UCyOCu8Hb_D-AvRiz95hnA6A","http://www.youtube.com/@keylamarielaureano6035","I’m just surprised that trunks actually catch Goku’s punch","4","2023-05-07T20:48:36Z","2023-05-07T20:48:36Z","True","True","1","1","[{'autor': '@DoNotTryAgain-c1g', 'comentario': 'Well remember when trunks tried to punch but he catch? So that means he got revenge', 'likes': 0, 'publicado_em': '2023-08-03T23:31:38Z'}]","29-5m6gedwI","DRAGON BALL Z GOKU GONE MAD 😭","1","Mais novos"
"@rhondacunningham2800","UCcGxlQns0et2d-uwxj6boyA","http://www.youtube.com/@rhondacunningham2800","bro, if it was vegeta instead of trunks, goku would be extremely dead","2","2023-02-21T23:35:08Z","2023-02-21T23:35:08Z","True","True","0","0","[]","29-5m6gedwI","DRAGON BALL Z GOKU GONE MAD 😭","1","Mais novos"
"@davod191","UCTC1WTrIRNTmRHgZEArUklw","http://www.youtube.com/@davod191","The sad song and then “ ur not even in my anime”","19","2022-10-04T08:08:06Z","2022-10-04T08:08:06Z","True","True","0","0","[]","29-5m6gedwI","DRAGON BALL Z GOKU GONE MAD 😭","1","Mais novos"
"@drakeparis2327","UCwlFGwwSvjZ0GWe8d-DnUcA","http://www.youtube.com/@drakeparis2327","Bro she was bothering him tho","2","2022-10-03T20:59:56Z","2022-10-03T20:59:56Z","True","True","0","0","[]","29-5m6gedwI","DRAGON BALL Z GOKU GONE MAD 😭","1","Mais novos"
"@Te_.quila1","UCI_J0PkZ9QMff0IHP5N3WGQ","http://www.youtube.com/@Te_.quila1","Sailor moon is dead when  Goku goes  ssj1 and in his base form lol","1","2022-09-28T01:42:24Z","2022-09-28T01:42:49Z","True","True","0","0","[]","29-5m6gedwI","DRAGON BALL Z GOKU GONE MAD 😭","1","Mais novos"
"@Teo14-r8z","UCr3HYaZ4nOdQWZl0VY4n4BA","http://www.youtube.com/@Teo14-r8z","Goku 0%: you're not in my anime
Goku 0,000000001%: why you are dead","1","2022-08-19T22:55:48Z","2022-08-19T22:55:48Z","True","True","0","0","[]","29-5m6gedwI","DRAGON BALL Z GOKU GONE MAD 😭","1","Mais novos"
"@PNC901","UChOTViPJgAouIJqQEyKhwyw","http://www.youtube.com/@PNC901","YOUR NOT EVEN IN MY ANIME

“ignores”","34","2022-08-12T17:52:03Z","2022-08-12T17:52:03Z","True","True","1","1","[{'autor': '@yoandraaguirre4287', 'comentario': '😍🥰😘💖', 'likes': 1, 'publicado_em': '2022-10-08T17:09:47Z'}]","29-5m6gedwI","DRAGON BALL Z GOKU GONE MAD 😭","1","Mais novos"
"@Cats-by3gk","UCZqHwIooBTx4mnx7BqNv-kw","http://www.youtube.com/@Cats-by3gk","""pushes Alan"" 
Alan:your not even in my anime 
Had falling off my chair","15","2022-07-22T16:34:07Z","2022-07-22T16:34:07Z","True","True","1","1","[{'autor': '@zilddoloiras8119', 'comentario': 'Okssza', 'likes': 0, 'publicado_em': '2022-08-03T04:50:20Z'}]","29-5m6gedwI","DRAGON BALL Z GOKU GONE MAD 😭","1","Mais novos"
"@mariefrancejeanbaptiste3366","UCgYBWJyk3ly9403hL6VaUhw","http://www.youtube.com/@mariefrancejeanbaptiste3366","Not the "" your not even on my anime""","2","2022-07-11T17:20:04Z","2022-07-11T17:20:28Z","True","True","0","0","[]","29-5m6gedwI","DRAGON BALL Z GOKU GONE MAD 😭","1","Mais novos"
"@cadenthesavage8912","UCzWX5rO_SmK0BYPIr5ZgVUw","http://www.youtube.com/@cadenthesavage8912","Fake Goku: gets ready to push bulma
Real Goku: haaaaaaaaaaaa","1","2022-07-08T19:50:59Z","2022-07-08T19:50:59Z","True","True","0","0","[]","29-5m6gedwI","DRAGON BALL Z GOKU GONE MAD 😭","1","Mais novos"
"@Unknownfoe77766","UC-mY8BFoH2XtEB9Gjlbt4qw","http://www.youtube.com/@Unknownfoe77766","Lol you're not even in my anime","5","2022-07-06T00:01:36Z","2022-07-06T00:01:36Z","True","True","0","0","[]","29-5m6gedwI","DRAGON BALL Z GOKU GONE MAD 😭","1","Mais novos"
"@Steampunkreaper","UC9mpimwE7_0banjQ_2vGjRQ","http://www.youtube.com/@Steampunkreaper","I thought trunks was gona kiss bulma and I was gona scream sweet home Alabama","1","2022-07-03T15:04:10Z","2022-07-03T15:04:10Z","True","True","0","0","[]","29-5m6gedwI","DRAGON BALL Z GOKU GONE MAD 😭","1","Mais novos"
"@luffiye__.","UCt3hYWMloKL-t1bXMd4a8HA","http://www.youtube.com/@luffiye__.","Him : *YOUR NOT EVEN IN MY ANIME😭*","41","2022-06-29T23:22:58Z","2022-06-29T23:22:58Z","True","True","1","1","[{'autor': '@Slawthhh', 'comentario': 'we watched the same video lil 🥷🏿', 'likes': 0, 'publicado_em': '2025-10-29T01:01:49Z'}]","29-5m6gedwI","DRAGON BALL Z GOKU GONE MAD 😭","1","Mais novos"
"@angadbhandari11","UCgAHYsJ_TMiG1mPsBYfpciw","http://www.youtube.com/@angadbhandari11","This will happen and dragon Ball series then trunk and this character not allowed","14","2022-06-28T14:38:07Z","2022-06-28T14:38:07Z","True","True","0","0","[]","29-5m6gedwI","DRAGON BALL Z GOKU GONE MAD 😭","1","Mais novos"
"@AphmauFan449","UCKg5CLrK9EBigMDXb8nOj0g","http://www.youtube.com/@AphmauFan449","“Your not even in my anime “
Her : “twirls” 😂","10","2022-06-27T22:11:18Z","2022-06-27T22:11:18Z","True","True","1","1","[{'autor': '@princesslealayugan1197', 'comentario': 'Yfi', 'likes': 1, 'publicado_em': '2022-06-29T01:22:49Z'}]","29-5m6gedwI","DRAGON BALL Z GOKU GONE MAD 😭","1","Mais novos"
"@sushreesmitabagh8651","UCPymJmPHSztp3781q18PWVw","http://www.youtube.com/@sushreesmitabagh8651","Goku: became ultra instinct okay can you leave now before you die","21","2022-06-27T10:30:01Z","2022-06-27T10:30:01Z","True","True","6","5","[{'autor': '@rodnavarro1205', 'comentario': 'Sailor moon is much more powerfull lol', 'likes': 1, 'publicado_em': '2022-06-30T13:06:46Z'}, {'autor': '@stephygirlie99', 'comentario': '@rodnavarro1205 Umm ok 😐', 'likes': 1, 'publicado_em': '2022-06-30T19:28:16Z'}, {'autor': '@rodnavarro1205', 'comentario': '@stephygirlie99 its true tho🤨', 'likes': 1, 'publicado_em': '2022-07-16T10:08:40Z'}, {'autor': '@aibinjoby5657', 'comentario': 'Bruh sailor moon lacks in physical strength and durablity', 'likes': 0, 'publicado_em': '2022-08-10T14:07:28Z'}, {'autor': '@weynmusic', 'comentario': '@aibinjoby5657 ong', 'likes': 0, 'publicado_em': '2022-08-22T12:08:17Z'}]","29-5m6gedwI","DRAGON BALL Z GOKU GONE MAD 😭","1","Mais novos"
"@AlanChikinChow","UC5gxP-2QqIh_09djvlm9Xcg","http://www.youtube.com/@AlanChikinChow","SUBSCRIBE to my channel 💙🌎","300","2022-06-20T22:36:41Z","2023-09-28T21:00:54Z","True","True","101","5","[{'autor': '@Ali_4280', 'comentario': 'saw it thanks', 'likes': 8, 'publicado_em': '2022-06-25T12:25:45Z'}, {'autor': '@jenniferkrainer5682', 'comentario': '@Ali_4280 fggh', 'likes': 0, 'publicado_em': '2022-06-25T18:30:06Z'}, {'autor': '@across422', 'comentario': 'Hi', 'likes': 1, 'publicado_em': '2022-06-25T19:30:42Z'}, {'autor': '@darymendozatorres6303', 'comentario': 'PyryfhhhbwcldccVmcmnbxx cbvxxcczg que te ya no me un poco de tu casa o de uy qué hora es el ya uy qué hora es el ya uy qué hora es un ya no me un poco un poco de tu casa o de la serie', 'likes': 2, 'publicado_em': '2022-06-25T21:39:41Z'}, {'autor': '@胡美秋-d2m', 'comentario': 'W có thể đưa e lại', 'likes': 1, 'publicado_em': '2022-06-26T03:26:32Z'}]","29-5m6gedwI","DRAGON BALL Z GOKU GONE MAD 😭","1","Mais novos"
"@AlanChikinChow","UC5gxP-2QqIh_09djvlm9Xcg","http://www.youtube.com/@AlanChikinChow","SUBSCRIBE to my channel 💙🌎","300","2022-06-20T22:36:41Z","2023-09-28T21:00:54Z","True","True","101","5","[{'autor': '@Ali_4280', 'comentario': 'saw it thanks', 'likes': 8, 'publicado_em': '2022-06-25T12:25:45Z'}, {'autor': '@jenniferkrainer5682', 'comentario': '@Ali_4280 fggh', 'likes': 0, 'publicado_em': '2022-06-25T18:30:06Z'}, {'autor': '@across422', 'comentario': 'Hi', 'likes': 1, 'publicado_em': '2022-06-25T19:30:42Z'}, {'autor': '@darymendozatorres6303', 'comentario': 'PyryfhhhbwcldccVmcmnbxx cbvxxcczg que te ya no me un poco de tu casa o de uy qué hora es el ya uy qué hora es el ya uy qué hora es un ya no me un poco un poco de tu casa o de la serie', 'likes': 2, 'publicado_em': '2022-06-25T21:39:41Z'}, {'autor': '@胡美秋-d2m', 'comentario': 'W có thể đưa e lại', 'likes': 1, 'publicado_em': '2022-06-26T03:26:32Z'}]","29-5m6gedwI","DRAGON BALL Z GOKU GONE MAD 😭","2","Mais antigos"
"@sushreesmitabagh8651","UCPymJmPHSztp3781q18PWVw","http://www.youtube.com/@sushreesmitabagh8651","Goku: became ultra instinct okay can you leave now before you die","21","2022-06-27T10:30:01Z","2022-06-27T10:30:01Z","True","True","6","5","[{'autor': '@rodnavarro1205', 'comentario': 'Sailor moon is much more powerfull lol', 'likes': 1, 'publicado_em': '2022-06-30T13:06:46Z'}, {'autor': '@stephygirlie99', 'comentario': '@rodnavarro1205 Umm ok 😐', 'likes': 1, 'publicado_em': '2022-06-30T19:28:16Z'}, {'autor': '@rodnavarro1205', 'comentario': '@stephygirlie99 its true tho🤨', 'likes': 1, 'publicado_em': '2022-07-16T10:08:40Z'}, {'autor': '@aibinjoby5657', 'comentario': 'Bruh sailor moon lacks in physical strength and durablity', 'likes': 0, 'publicado_em': '2022-08-10T14:07:28Z'}, {'autor': '@weynmusic', 'comentario': '@aibinjoby5657 ong', 'likes': 0, 'publicado_em': '2022-08-22T12:08:17Z'}]","29-5m6gedwI","DRAGON BALL Z GOKU GONE MAD 😭","2","Mais antigos"
"@AphmauFan449","UCKg5CLrK9EBigMDXb8nOj0g","http://www.youtube.com/@AphmauFan449","“Your not even in my anime “
Her : “twirls” 😂","10","2022-06-27T22:11:18Z","2022-06-27T22:11:18Z","True","True","1","1","[{'autor': '@princesslealayugan1197', 'comentario': 'Yfi', 'likes': 1, 'publicado_em': '2022-06-29T01:22:49Z'}]","29-5m6gedwI","DRAGON BALL Z GOKU GONE MAD 😭","2","Mais antigos"
"@angadbhandari11","UCgAHYsJ_TMiG1mPsBYfpciw","http://www.youtube.com/@angadbhandari11","This will happen and dragon Ball series then trunk and this character not allowed","14","2022-06-28T14:38:07Z","2022-06-28T14:38:07Z","True","True","0","0","[]","29-5m6gedwI","DRAGON BALL Z GOKU GONE MAD 😭","2","Mais antigos"
"@luffiye__.","UCt3hYWMloKL-t1bXMd4a8HA","http://www.youtube.com/@luffiye__.","Him : *YOUR NOT EVEN IN MY ANIME😭*","41","2022-06-29T23:22:58Z","2022-06-29T23:22:58Z","True","True","1","1","[{'autor': '@Slawthhh', 'comentario': 'we watched the same video lil 🥷🏿', 'likes': 0, 'publicado_em': '2025-10-29T01:01:49Z'}]","29-5m6gedwI","DRAGON BALL Z GOKU GONE MAD 😭","2","Mais antigos"
"@Steampunkreaper","UC9mpimwE7_0banjQ_2vGjRQ","http://www.youtube.com/@Steampunkreaper","I thought trunks was gona kiss bulma and I was gona scream sweet home Alabama","1","2022-07-03T15:04:10Z","2022-07-03T15:04:10Z","True","True","0","0","[]","29-5m6gedwI","DRAGON BALL Z GOKU GONE MAD 😭","2","Mais antigos"
"@Unknownfoe77766","UC-mY8BFoH2XtEB9Gjlbt4qw","http://www.youtube.com/@Unknownfoe77766","Lol you're not even in my anime","5","2022-07-06T00:01:36Z","2022-07-06T00:01:36Z","True","True","0","0","[]","29-5m6gedwI","DRAGON BALL Z GOKU GONE MAD 😭","2","Mais antigos"
"@cadenthesavage8912","UCzWX5rO_SmK0BYPIr5ZgVUw","http://www.youtube.com/@cadenthesavage8912","Fake Goku: gets ready to push bulma
Real Goku: haaaaaaaaaaaa","1","2022-07-08T19:50:59Z","2022-07-08T19:50:59Z","True","True","0","0","[]","29-5m6gedwI","DRAGON BALL Z GOKU GONE MAD 😭","2","Mais antigos"
"@mariefrancejeanbaptiste3366","UCgYBWJyk3ly9403hL6VaUhw","http://www.youtube.com/@mariefrancejeanbaptiste3366","Not the "" your not even on my anime""","2","2022-07-11T17:20:04Z","2022-07-11T17:20:28Z","True","True","0","0","[]","29-5m6gedwI","DRAGON BALL Z GOKU GONE MAD 😭","2","Mais antigos"
"@Cats-by3gk","UCZqHwIooBTx4mnx7BqNv-kw","http://www.youtube.com/@Cats-by3gk","""pushes Alan"" 
Alan:your not even in my anime 
Had falling off my chair","15","2022-07-22T16:34:07Z","2022-07-22T16:34:07Z","True","True","1","1","[{'autor': '@zilddoloiras8119', 'comentario': 'Okssza', 'likes': 0, 'publicado_em': '2022-08-03T04:50:20Z'}]","29-5m6gedwI","DRAGON BALL Z GOKU GONE MAD 😭","2","Mais antigos"
"@PNC901","UChOTViPJgAouIJqQEyKhwyw","http://www.youtube.com/@PNC901","YOUR NOT EVEN IN MY ANIME

“ignores”","34","2022-08-12T17:52:03Z","2022-08-12T17:52:03Z","True","True","1","1","[{'autor': '@yoandraaguirre4287', 'comentario': '😍🥰😘💖', 'likes': 1, 'publicado_em': '2022-10-08T17:09:47Z'}]","29-5m6gedwI","DRAGON BALL Z GOKU GONE MAD 😭","2","Mais antigos"
"@Teo14-r8z","UCr3HYaZ4nOdQWZl0VY4n4BA","http://www.youtube.com/@Teo14-r8z","Goku 0%: you're not in my anime
Goku 0,000000001%: why you are dead","1","2022-08-19T22:55:48Z","2022-08-19T22:55:48Z","True","True","0","0","[]","29-5m6gedwI","DRAGON BALL Z GOKU GONE MAD 😭","2","Mais antigos"
"@Te_.quila1","UCI_J0PkZ9QMff0IHP5N3WGQ","http://www.youtube.com/@Te_.quila1","Sailor moon is dead when  Goku goes  ssj1 and in his base form lol","1","2022-09-28T01:42:24Z","2022-09-28T01:42:49Z","True","True","0","0","[]","29-5m6gedwI","DRAGON BALL Z GOKU GONE MAD 😭","2","Mais antigos"
"@drakeparis2327","UCwlFGwwSvjZ0GWe8d-DnUcA","http://www.youtube.com/@drakeparis2327","Bro she was bothering him tho","2","2022-10-03T20:59:56Z","2022-10-03T20:59:56Z","True","True","0","0","[]","29-5m6gedwI","DRAGON BALL Z GOKU GONE MAD 😭","2","Mais antigos"
"@davod191","UCTC1WTrIRNTmRHgZEArUklw","http://www.youtube.com/@davod191","The sad song and then “ ur not even in my anime”","19","2022-10-04T08:08:06Z","2022-10-04T08:08:06Z","True","True","0","0","[]","29-5m6gedwI","DRAGON BALL Z GOKU GONE MAD 😭","2","Mais antigos"
"@rhondacunningham2800","UCcGxlQns0et2d-uwxj6boyA","http://www.youtube.com/@rhondacunningham2800","bro, if it was vegeta instead of trunks, goku would be extremely dead","2","2023-02-21T23:35:08Z","2023-02-21T23:35:08Z","True","True","0","0","[]","29-5m6gedwI","DRAGON BALL Z GOKU GONE MAD 😭","2","Mais antigos"
"@keylamarielaureano6035","UCyOCu8Hb_D-AvRiz95hnA6A","http://www.youtube.com/@keylamarielaureano6035","I’m just surprised that trunks actually catch Goku’s punch","4","2023-05-07T20:48:36Z","2023-05-07T20:48:36Z","True","True","1","1","[{'autor': '@DoNotTryAgain-c1g', 'comentario': 'Well remember when trunks tried to punch but he catch? So that means he got revenge', 'likes': 0, 'publicado_em': '2023-08-03T23:31:38Z'}]","29-5m6gedwI","DRAGON BALL Z GOKU GONE MAD 😭","2","Mais antigos"
"@iJordans15","UCXsVEEdRVzyF6mz19WItYew","http://www.youtube.com/@iJordans15","Damn, the disrespect. My boi got nerfed. So Goku knows how it feels be like Yamcha, and Krillin, and Vegeta when he takes a whole lotta Ls from each saga arc of DBZ/Super/GT","3","2023-08-30T16:59:22Z","2023-08-30T16:59:22Z","True","True","1","1","[{'autor': '@PoojaGoswami-nw8lr', 'comentario': 'v', 'likes': 0, 'publicado_em': '2025-02-08T07:30:06Z'}]","29-5m6gedwI","DRAGON BALL Z GOKU GONE MAD 😭","2","Mais antigos"
"@deadpool4551","UCmZ3Eg-Lj80ClPWrnggcDJg","http://www.youtube.com/@deadpool4551","“UR NOT EVEN IN MY ANIME!”

-goku","0","2024-06-08T13:08:09Z","2024-06-08T13:08:09Z","True","True","0","0","[]","29-5m6gedwI","DRAGON BALL Z GOKU GONE MAD 😭","2","Mais antigos"
"@Idkitsjustme1","UCFEzfKJHi088OtoVpnt_qhQ","http://www.youtube.com/@Idkitsjustme1","You’re not even in my anime caught me offguard😂","2","2024-08-13T13:38:38Z","2024-08-13T13:38:38Z","True","True","0","0","[]","29-5m6gedwI","DRAGON BALL Z GOKU GONE MAD 😭","2","Mais antigos"
"@AlanChikinChow","UC5gxP-2QqIh_09djvlm9Xcg","http://www.youtube.com/@AlanChikinChow","SUBSCRIBE to my channel 💙🌎","300","2022-06-20T22:36:41Z","2023-09-28T21:00:54Z","True","True","101","5","[{'autor': '@Ali_4280', 'comentario': 'saw it thanks', 'likes': 8, 'publicado_em': '2022-06-25T12:25:45Z'}, {'autor': '@jenniferkrainer5682', 'comentario': '@Ali_4280 fggh', 'likes': 0, 'publicado_em': '2022-06-25T18:30:06Z'}, {'autor': '@across422', 'comentario': 'Hi', 'likes': 1, 'publicado_em': '2022-06-25T19:30:42Z'}, {'autor': '@darymendozatorres6303', 'comentario': 'PyryfhhhbwcldccVmcmnbxx cbvxxcczg que te ya no me un poco de tu casa o de uy qué hora es el ya uy qué hora es el ya uy qué hora es un ya no me un poco un poco de tu casa o de la serie', 'likes': 2, 'publicado_em': '2022-06-25T21:39:41Z'}, {'autor': '@胡美秋-d2m', 'comentario': 'W có thể đưa e lại', 'likes': 1, 'publicado_em': '2022-06-26T03:26:32Z'}]","29-5m6gedwI","DRAGON BALL Z GOKU GONE MAD 😭","3","Mais curtidos"
"@luffiye__.","UCt3hYWMloKL-t1bXMd4a8HA","http://www.youtube.com/@luffiye__.","Him : *YOUR NOT EVEN IN MY ANIME😭*","41","2022-06-29T23:22:58Z","2022-06-29T23:22:58Z","True","True","1","1","[{'autor': '@Slawthhh', 'comentario': 'we watched the same video lil 🥷🏿', 'likes': 0, 'publicado_em': '2025-10-29T01:01:49Z'}]","29-5m6gedwI","DRAGON BALL Z GOKU GONE MAD 😭","3","Mais curtidos"
"@PNC901","UChOTViPJgAouIJqQEyKhwyw","http://www.youtube.com/@PNC901","YOUR NOT EVEN IN MY ANIME

“ignores”","34","2022-08-12T17:52:03Z","2022-08-12T17:52:03Z","True","True","1","1","[{'autor': '@yoandraaguirre4287', 'comentario': '😍🥰😘💖', 'likes': 1, 'publicado_em': '2022-10-08T17:09:47Z'}]","29-5m6gedwI","DRAGON BALL Z GOKU GONE MAD 😭","3","Mais curtidos"
"@sushreesmitabagh8651","UCPymJmPHSztp3781q18PWVw","http://www.youtube.com/@sushreesmitabagh8651","Goku: became ultra instinct okay can you leave now before you die","21","2022-06-27T10:30:01Z","2022-06-27T10:30:01Z","True","True","6","5","[{'autor': '@rodnavarro1205', 'comentario': 'Sailor moon is much more powerfull lol', 'likes': 1, 'publicado_em': '2022-06-30T13:06:46Z'}, {'autor': '@stephygirlie99', 'comentario': '@rodnavarro1205 Umm ok 😐', 'likes': 1, 'publicado_em': '2022-06-30T19:28:16Z'}, {'autor': '@rodnavarro1205', 'comentario': '@stephygirlie99 its true tho🤨', 'likes': 1, 'publicado_em': '2022-07-16T10:08:40Z'}, {'autor': '@aibinjoby5657', 'comentario': 'Bruh sailor moon lacks in physical strength and durablity', 'likes': 0, 'publicado_em': '2022-08-10T14:07:28Z'}, {'autor': '@weynmusic', 'comentario': '@aibinjoby5657 ong', 'likes': 0, 'publicado_em': '2022-08-22T12:08:17Z'}]","29-5m6gedwI","DRAGON BALL Z GOKU GONE MAD 😭","3","Mais curtidos"
"@davod191","UCTC1WTrIRNTmRHgZEArUklw","http://www.youtube.com/@davod191","The sad song and then “ ur not even in my anime”","19","2022-10-04T08:08:06Z","2022-10-04T08:08:06Z","True","True","0","0","[]","29-5m6gedwI","DRAGON BALL Z GOKU GONE MAD 😭","3","Mais curtidos"
"@Cats-by3gk","UCZqHwIooBTx4mnx7BqNv-kw","http://www.youtube.com/@Cats-by3gk","""pushes Alan"" 
Alan:your not even in my anime 
Had falling off my chair","15","2022-07-22T16:34:07Z","2022-07-22T16:34:07Z","True","True","1","1","[{'autor': '@zilddoloiras8119', 'comentario': 'Okssza', 'likes': 0, 'publicado_em': '2022-08-03T04:50:20Z'}]","29-5m6gedwI","DRAGON BALL Z GOKU GONE MAD 😭","3","Mais curtidos"
"@angadbhandari11","UCgAHYsJ_TMiG1mPsBYfpciw","http://www.youtube.com/@angadbhandari11","This will happen and dragon Ball series then trunk and this character not allowed","14","2022-06-28T14:38:07Z","2022-06-28T14:38:07Z","True","True","0","0","[]","29-5m6gedwI","DRAGON BALL Z GOKU GONE MAD 😭","3","Mais curtidos"
"@AphmauFan449","UCKg5CLrK9EBigMDXb8nOj0g","http://www.youtube.com/@AphmauFan449","“Your not even in my anime “
Her : “twirls” 😂","10","2022-06-27T22:11:18Z","2022-06-27T22:11:18Z","True","True","1","1","[{'autor': '@princesslealayugan1197', 'comentario': 'Yfi', 'likes': 1, 'publicado_em': '2022-06-29T01:22:49Z'}]","29-5m6gedwI","DRAGON BALL Z GOKU GONE MAD 😭","3","Mais curtidos"
"@Unknownfoe77766","UC-mY8BFoH2XtEB9Gjlbt4qw","http://www.youtube.com/@Unknownfoe77766","Lol you're not even in my anime","5","2022-07-06T00:01:36Z","2022-07-06T00:01:36Z","True","True","0","0","[]","29-5m6gedwI","DRAGON BALL Z GOKU GONE MAD 😭","3","Mais curtidos"
"@keylamarielaureano6035","UCyOCu8Hb_D-AvRiz95hnA6A","http://www.youtube.com/@keylamarielaureano6035","I’m just surprised that trunks actually catch Goku’s punch","4","2023-05-07T20:48:36Z","2023-05-07T20:48:36Z","True","True","1","1","[{'autor': '@DoNotTryAgain-c1g', 'comentario': 'Well remember when trunks tried to punch but he catch? So that means he got revenge', 'likes': 0, 'publicado_em': '2023-08-03T23:31:38Z'}]","29-5m6gedwI","DRAGON BALL Z GOKU GONE MAD 😭","3","Mais curtidos"
"@iJordans15","UCXsVEEdRVzyF6mz19WItYew","http://www.youtube.com/@iJordans15","Damn, the disrespect. My boi got nerfed. So Goku knows how it feels be like Yamcha, and Krillin, and Vegeta when he takes a whole lotta Ls from each saga arc of DBZ/Super/GT","3","2023-08-30T16:59:22Z","2023-08-30T16:59:22Z","True","True","1","1","[{'autor': '@PoojaGoswami-nw8lr', 'comentario': 'v', 'likes': 0, 'publicado_em': '2025-02-08T07:30:06Z'}]","29-5m6gedwI","DRAGON BALL Z GOKU GONE MAD 😭","3","Mais curtidos"
"@rhondacunningham2800","UCcGxlQns0et2d-uwxj6boyA","http://www.youtube.com/@rhondacunningham2800","bro, if it was vegeta instead of trunks, goku would be extremely dead","2","2023-02-21T23:35:08Z","2023-02-21T23:35:08Z","True","True","0","0","[]","29-5m6gedwI","DRAGON BALL Z GOKU GONE MAD 😭","3","Mais curtidos"
"@Idkitsjustme1","UCFEzfKJHi088OtoVpnt_qhQ","http://www.youtube.com/@Idkitsjustme1","You’re not even in my anime caught me offguard😂","2","2024-08-13T13:38:38Z","2024-08-13T13:38:38Z","True","True","0","0","[]","29-5m6gedwI","DRAGON BALL Z GOKU GONE MAD 😭","3","Mais curtidos"
"@mariefrancejeanbaptiste3366","UCgYBWJyk3ly9403hL6VaUhw","http://www.youtube.com/@mariefrancejeanbaptiste3366","Not the "" your not even on my anime""","2","2022-07-11T17:20:04Z","2022-07-11T17:20:28Z","True","True","0","0","[]","29-5m6gedwI","DRAGON BALL Z GOKU GONE MAD 😭","3","Mais curtidos"
"@drakeparis2327","UCwlFGwwSvjZ0GWe8d-DnUcA","http://www.youtube.com/@drakeparis2327","Bro she was bothering him tho","2","2022-10-03T20:59:56Z","2022-10-03T20:59:56Z","True","True","0","0","[]","29-5m6gedwI","DRAGON BALL Z GOKU GONE MAD 😭","3","Mais curtidos"
"@cadenthesavage8912","UCzWX5rO_SmK0BYPIr5ZgVUw","http://www.youtube.com/@cadenthesavage8912","Fake Goku: gets ready to push bulma
Real Goku: haaaaaaaaaaaa","1","2022-07-08T19:50:59Z","2022-07-08T19:50:59Z","True","True","0","0","[]","29-5m6gedwI","DRAGON BALL Z GOKU GONE MAD 😭","3","Mais curtidos"
"@Teo14-r8z","UCr3HYaZ4nOdQWZl0VY4n4BA","http://www.youtube.com/@Teo14-r8z","Goku 0%: you're not in my anime
Goku 0,000000001%: why you are dead","1","2022-08-19T22:55:48Z","2022-08-19T22:55:48Z","True","True","0","0","[]","29-5m6gedwI","DRAGON BALL Z GOKU GONE MAD 😭","3","Mais curtidos"
"@Te_.quila1","UCI_J0PkZ9QMff0IHP5N3WGQ","http://www.youtube.com/@Te_.quila1","Sailor moon is dead when  Goku goes  ssj1 and in his base form lol","1","2022-09-28T01:42:24Z","2022-09-28T01:42:49Z","True","True","0","0","[]","29-5m6gedwI","DRAGON BALL Z GOKU GONE MAD 😭","3","Mais curtidos"
"@Steampunkreaper","UC9mpimwE7_0banjQ_2vGjRQ","http://www.youtube.com/@Steampunkreaper","I thought trunks was gona kiss bulma and I was gona scream sweet home Alabama","1","2022-07-03T15:04:10Z","2022-07-03T15:04:10Z","True","True","0","0","[]","29-5m6gedwI","DRAGON BALL Z GOKU GONE MAD 😭","3","Mais curtidos"
"@deadpool4551","UCmZ3Eg-Lj80ClPWrnggcDJg","http://www.youtube.com/@deadpool4551","“UR NOT EVEN IN MY ANIME!”

-goku","0","2024-06-08T13:08:09Z","2024-06-08T13:08:09Z","True","True","0","0","[]","29-5m6gedwI","DRAGON BALL Z GOKU GONE MAD 😭","3","Mais curtidos"
"@iJordans15","UCXsVEEdRVzyF6mz19WItYew","http://www.youtube.com/@iJordans15","Damn, the disrespect. My boi got nerfed. So Goku knows how it feels be like Yamcha, and Krillin, and Vegeta when he takes a whole lotta Ls from each saga arc of DBZ/Super/GT","3","2023-08-30T16:59:22Z","2023-08-30T16:59:22Z","True","True","1","1","[{'autor': '@PoojaGoswami-nw8lr', 'comentario': 'v', 'likes': 0, 'publicado_em': '2025-02-08T07:30:06Z'}]","29-5m6gedwI","DRAGON BALL Z GOKU GONE MAD 😭","4","Mais longos"
"@angadbhandari11","UCgAHYsJ_TMiG1mPsBYfpciw","http://www.youtube.com/@angadbhandari11","This will happen and dragon Ball series then trunk and this character not allowed","14","2022-06-28T14:38:07Z","2022-06-28T14:38:07Z","True","True","0","0","[]","29-5m6gedwI","DRAGON BALL Z GOKU GONE MAD 😭","4","Mais longos"
"@Steampunkreaper","UC9mpimwE7_0banjQ_2vGjRQ","http://www.youtube.com/@Steampunkreaper","I thought trunks was gona kiss bulma and I was gona scream sweet home Alabama","1","2022-07-03T15:04:10Z","2022-07-03T15:04:10Z","True","True","0","0","[]","29-5m6gedwI","DRAGON BALL Z GOKU GONE MAD 😭","4","Mais longos"
"@Cats-by3gk","UCZqHwIooBTx4mnx7BqNv-kw","http://www.youtube.com/@Cats-by3gk","""pushes Alan"" 
Alan:your not even in my anime 
Had falling off my chair","15","2022-07-22T16:34:07Z","2022-07-22T16:34:07Z","True","True","1","1","[{'autor': '@zilddoloiras8119', 'comentario': 'Okssza', 'likes': 0, 'publicado_em': '2022-08-03T04:50:20Z'}]","29-5m6gedwI","DRAGON BALL Z GOKU GONE MAD 😭","4","Mais longos"
"@rhondacunningham2800","UCcGxlQns0et2d-uwxj6boyA","http://www.youtube.com/@rhondacunningham2800","bro, if it was vegeta instead of trunks, goku would be extremely dead","2","2023-02-21T23:35:08Z","2023-02-21T23:35:08Z","True","True","0","0","[]","29-5m6gedwI","DRAGON BALL Z GOKU GONE MAD 😭","4","Mais longos"
"@Teo14-r8z","UCr3HYaZ4nOdQWZl0VY4n4BA","http://www.youtube.com/@Teo14-r8z","Goku 0%: you're not in my anime
Goku 0,000000001%: why you are dead","1","2022-08-19T22:55:48Z","2022-08-19T22:55:48Z","True","True","0","0","[]","29-5m6gedwI","DRAGON BALL Z GOKU GONE MAD 😭","4","Mais longos"
"@Te_.quila1","UCI_J0PkZ9QMff0IHP5N3WGQ","http://www.youtube.com/@Te_.quila1","Sailor moon is dead when  Goku goes  ssj1 and in his base form lol","1","2022-09-28T01:42:24Z","2022-09-28T01:42:49Z","True","True","0","0","[]","29-5m6gedwI","DRAGON BALL Z GOKU GONE MAD 😭","4","Mais longos"
"@sushreesmitabagh8651","UCPymJmPHSztp3781q18PWVw","http://www.youtube.com/@sushreesmitabagh8651","Goku: became ultra instinct okay can you leave now before you die","21","2022-06-27T10:30:01Z","2022-06-27T10:30:01Z","True","True","6","5","[{'autor': '@rodnavarro1205', 'comentario': 'Sailor moon is much more powerfull lol', 'likes': 1, 'publicado_em': '2022-06-30T13:06:46Z'}, {'autor': '@stephygirlie99', 'comentario': '@rodnavarro1205 Umm ok 😐', 'likes': 1, 'publicado_em': '2022-06-30T19:28:16Z'}, {'autor': '@rodnavarro1205', 'comentario': '@stephygirlie99 its true tho🤨', 'likes': 1, 'publicado_em': '2022-07-16T10:08:40Z'}, {'autor': '@aibinjoby5657', 'comentario': 'Bruh sailor moon lacks in physical strength and durablity', 'likes': 0, 'publicado_em': '2022-08-10T14:07:28Z'}, {'autor': '@weynmusic', 'comentario': '@aibinjoby5657 ong', 'likes': 0, 'publicado_em': '2022-08-22T12:08:17Z'}]","29-5m6gedwI","DRAGON BALL Z GOKU GONE MAD 😭","4","Mais longos"
"@cadenthesavage8912","UCzWX5rO_SmK0BYPIr5ZgVUw","http://www.youtube.com/@cadenthesavage8912","Fake Goku: gets ready to push bulma
Real Goku: haaaaaaaaaaaa","1","2022-07-08T19:50:59Z","2022-07-08T19:50:59Z","True","True","0","0","[]","29-5m6gedwI","DRAGON BALL Z GOKU GONE MAD 😭","4","Mais longos"
"@keylamarielaureano6035","UCyOCu8Hb_D-AvRiz95hnA6A","http://www.youtube.com/@keylamarielaureano6035","I’m just surprised that trunks actually catch Goku’s punch","4","2023-05-07T20:48:36Z","2023-05-07T20:48:36Z","True","True","1","1","[{'autor': '@DoNotTryAgain-c1g', 'comentario': 'Well remember when trunks tried to punch but he catch? So that means he got revenge', 'likes': 0, 'publicado_em': '2023-08-03T23:31:38Z'}]","29-5m6gedwI","DRAGON BALL Z GOKU GONE MAD 😭","4","Mais longos"
"@davod191","UCTC1WTrIRNTmRHgZEArUklw","http://www.youtube.com/@davod191","The sad song and then “ ur not even in my anime”","19","2022-10-04T08:08:06Z","2022-10-04T08:08:06Z","True","True","0","0","[]","29-5m6gedwI","DRAGON BALL Z GOKU GONE MAD 😭","4","Mais longos"
"@Idkitsjustme1","UCFEzfKJHi088OtoVpnt_qhQ","http://www.youtube.com/@Idkitsjustme1","You’re not even in my anime caught me offguard😂","2","2024-08-13T13:38:38Z","2024-08-13T13:38:38Z","True","True","0","0","[]","29-5m6gedwI","DRAGON BALL Z GOKU GONE MAD 😭","4","Mais longos"
"@AphmauFan449","UCKg5CLrK9EBigMDXb8nOj0g","http://www.youtube.com/@AphmauFan449","“Your not even in my anime “
Her : “twirls” 😂","10","2022-06-27T22:11:18Z","2022-06-27T22:11:18Z","True","True","1","1","[{'autor': '@princesslealayugan1197', 'comentario': 'Yfi', 'likes': 1, 'publicado_em': '2022-06-29T01:22:49Z'}]","29-5m6gedwI","DRAGON BALL Z GOKU GONE MAD 😭","4","Mais longos"
"@PNC901","UChOTViPJgAouIJqQEyKhwyw","http://www.youtube.com/@PNC901","YOUR NOT EVEN IN MY ANIME

“ignores”","34","2022-08-12T17:52:03Z","2022-08-12T17:52:03Z","True","True","1","1","[{'autor': '@yoandraaguirre4287', 'comentario': '😍🥰😘💖', 'likes': 1, 'publicado_em': '2022-10-08T17:09:47Z'}]","29-5m6gedwI","DRAGON BALL Z GOKU GONE MAD 😭","4","Mais longos"
"@mariefrancejeanbaptiste3366","UCgYBWJyk3ly9403hL6VaUhw","http://www.youtube.com/@mariefrancejeanbaptiste3366","Not the "" your not even on my anime""","2","2022-07-11T17:20:04Z","2022-07-11T17:20:28Z","True","True","0","0","[]","29-5m6gedwI","DRAGON BALL Z GOKU GONE MAD 😭","4","Mais longos"
"@luffiye__.","UCt3hYWMloKL-t1bXMd4a8HA","http://www.youtube.com/@luffiye__.","Him : *YOUR NOT EVEN IN MY ANIME😭*","41","2022-06-29T23:22:58Z","2022-06-29T23:22:58Z","True","True","1","1","[{'autor': '@Slawthhh', 'comentario': 'we watched the same video lil 🥷🏿', 'likes': 0, 'publicado_em': '2025-10-29T01:01:49Z'}]","29-5m6gedwI","DRAGON BALL Z GOKU GONE MAD 😭","4","Mais longos"
"@deadpool4551","UCmZ3Eg-Lj80ClPWrnggcDJg","http://www.youtube.com/@deadpool4551","“UR NOT EVEN IN MY ANIME!”

-goku","0","2024-06-08T13:08:09Z","2024-06-08T13:08:09Z","True","True","0","0","[]","29-5m6gedwI","DRAGON BALL Z GOKU GONE MAD 😭","4","Mais longos"
"@Unknownfoe77766","UC-mY8BFoH2XtEB9Gjlbt4qw","http://www.youtube.com/@Unknownfoe77766","Lol you're not even in my anime","5","2022-07-06T00:01:36Z","2022-07-06T00:01:36Z","True","True","0","0","[]","29-5m6gedwI","DRAGON BALL Z GOKU GONE MAD 😭","4","Mais longos"
"@drakeparis2327","UCwlFGwwSvjZ0GWe8d-DnUcA","http://www.youtube.com/@drakeparis2327","Bro she was bothering him tho","2","2022-10-03T20:59:56Z","2022-10-03T20:59:56Z","True","True","0","0","[]","29-5m6gedwI","DRAGON BALL Z GOKU GONE MAD 😭","4","Mais longos"
"@AlanChikinChow","UC5gxP-2QqIh_09djvlm9Xcg","http://www.youtube.com/@AlanChikinChow","SUBSCRIBE to my channel 💙🌎","300","2022-06-20T22:36:41Z","2023-09-28T21:00:54Z","True","True","101","5","[{'autor': '@Ali_4280', 'comentario': 'saw it thanks', 'likes': 8, 'publicado_em': '2022-06-25T12:25:45Z'}, {'autor': '@jenniferkrainer5682', 'comentario': '@Ali_4280 fggh', 'likes': 0, 'publicado_em': '2022-06-25T18:30:06Z'}, {'autor': '@across422', 'comentario': 'Hi', 'likes': 1, 'publicado_em': '2022-06-25T19:30:42Z'}, {'autor': '@darymendozatorres6303', 'comentario': 'PyryfhhhbwcldccVmcmnbxx cbvxxcczg que te ya no me un poco de tu casa o de uy qué hora es el ya uy qué hora es el ya uy qué hora es un ya no me un poco un poco de tu casa o de la serie', 'likes': 2, 'publicado_em': '2022-06-25T21:39:41Z'}, {'autor': '@胡美秋-d2m', 'comentario': 'W có thể đưa e lại', 'likes': 1, 'publicado_em': '2022-06-26T03:26:32Z'}]","29-5m6gedwI","DRAGON BALL Z GOKU GONE MAD 😭","4","Mais longos"
"@SilêncioOculto00","UCQJbb_uQLAHYiu0VI9bmSPw","http://www.youtube.com/@Sil%C3%AAncioOculto00","Fod* dms slk a primeira vez que vi foi em 2019 agora em em 2025 ja to aqui dns","1","2025-12-11T19:20:13Z","2025-12-11T19:20:13Z","True","True","0","0","[]","FCm88wOgw7s","Rap do Goku (Dragon Ball Z) | Tauz RapTributo 02","1","Mais novos"
"@miguelindokkkj","UCctK1i38j-aCsumeekf1fgQ","http://www.youtube.com/@miguelindokkkj","Amanhã farei minha prova do ENEM, decisiva para eu entrar na minha tão sonhada faculdade. Em meio a tanto caos e incertezas, só queria encerrar o dia com esperança, e me veio esse rap que marcou minha infância. Não sei o que o futuro tem a me guardar, mas acima de tudo, sejam tão persistentes quanto esse personagem incrível que marcou gerações. Dificilmente alguém lerá isso, mas de qualquer maneira, meus agradecimentos simbólicos ao Player e Tauz e ao Akira Toriyama.","263","2025-11-09T02:22:36Z","2025-11-09T02:22:36Z","True","True","18","5","[{'autor': '@gamerp1730', 'comentario': 'boa sorte man', 'likes': 3, 'publicado_em': '2025-11-09T03:36:19Z'}, {'autor': '@GuilhermeFerreira-ot6tp', 'comentario': 'Como foi pvt?', 'likes': 0, 'publicado_em': '2025-11-14T20:37:39Z'}, {'autor': '@cdl1391', 'comentario': 'segunda prova domingo agr, dps conta como foi', 'likes': 6, 'publicado_em': '2025-11-15T01:19:40Z'}, {'autor': '@duduuuu2148', 'comentario': 'Absolute cinema', 'likes': 3, 'publicado_em': '2025-11-15T05:33:38Z'}, {'autor': '@Fulkommen', 'comentario': 'Boa sorte meu mano', 'likes': 2, 'publicado_em': '2025-11-15T07:38:34Z'}]","FCm88wOgw7s","Rap do Goku (Dragon Ball Z) | Tauz RapTributo 02","1","Mais novos"
"@eusemprevejoseucanal1","UCkf-KNexKbTg4JA5mMlIhEw","http://www.youtube.com/@eusemprevejoseucanal1","10 anos depois e você voltou pra ouvir essa lenda!","44","2025-05-20T20:44:54Z","2025-05-20T20:44:54Z","True","True","1","1","[{'autor': '@LuquenydosSantos-s6k', 'comentario': 'É cara', 'likes': 2, 'publicado_em': '2025-06-04T12:03:02Z'}]","FCm88wOgw7s","Rap do Goku (Dragon Ball Z) | Tauz RapTributo 02","1","Mais novos"
"@Bentomasterkingbr","UC18N6Tma7m1XMd_wsGoYRpQ","http://www.youtube.com/@Bentomasterkingbr","2:32 isso me faz arrepiar","13","2025-05-01T13:43:29Z","2025-05-01T13:43:29Z","True","True","0","0","[]","FCm88wOgw7s","Rap do Goku (Dragon Ball Z) | Tauz RapTributo 02","1","Mais novos"
"@ricardolins84","UC8M-byKp7l7UXf3y9R6taEA","http://www.youtube.com/@ricardolins84","Estou aqui novamente, para apreciar essa obra de arte, chamada rap do Goku composta pelo nosso queridíssimo Tauz. É um prazer enorme retorna todo ano para acompanhar essa melodia, desde de 2017 ouça essa obra prima do nosso período. Assim como o período dos dinossauros, eu considero essa época que vivemos um marco na história, dos anos 2000 até 2019, uma era fenomenal na história do ser humano.","50","2025-04-05T21:06:19Z","2025-04-05T21:06:19Z","True","True","0","0","[]","FCm88wOgw7s","Rap do Goku (Dragon Ball Z) | Tauz RapTributo 02","1","Mais novos"
"@Chando_Oficial","UC93FtZJMFLJDk3YsP93roAQ","http://www.youtube.com/@Chando_Oficial","2025 é nós ❤❤❤❤😊","72","2024-12-01T20:36:03Z","2024-12-01T20:36:03Z","True","True","2","2","[{'autor': '@Umkpoperqualuquer', 'comentario': 'Dale', 'likes': 0, 'publicado_em': '2025-03-07T18:51:17Z'}, {'autor': '@samuzin4469', 'comentario': 'Essa é rlq 🔥🔥', 'likes': 1, 'publicado_em': '2025-03-21T01:55:13Z'}]","FCm88wOgw7s","Rap do Goku (Dragon Ball Z) | Tauz RapTributo 02","1","Mais novos"
"@vig2704","UC1RYgBUvU9v5odu3MldDLuw","http://www.youtube.com/@vig2704","Já fazem alguns dias que você se foi, mas nunca esqueceremos de você e do que você fez em vida, suas obras me acompanharam desde o berço até minha fase adulta, obrigado por tornar a vida desse pobre garoto mais feliz, descanse em paz Akira 👋","43","2024-03-14T03:23:34Z","2024-03-14T03:23:34Z","True","True","0","0","[]","FCm88wOgw7s","Rap do Goku (Dragon Ball Z) | Tauz RapTributo 02","1","Mais novos"
"@icaroezequiel5782","UCYvfiUf9tCfVTOghMrDLPVw","http://www.youtube.com/@icaroezequiel5782","Voltamos aqui novamente depois de anos e não tem como esquecer dessa obra. Obrigado Akira, descanse em paz 🖤","79","2024-03-09T03:07:28Z","2024-03-09T03:07:28Z","True","True","0","0","[]","FCm88wOgw7s","Rap do Goku (Dragon Ball Z) | Tauz RapTributo 02","1","Mais novos"
"@uraharakisuke1852","UCGyD18G2Wx6_YkLtd1ySOWQ","http://www.youtube.com/@uraharakisuke1852","Estou aqui, na vida adulta, relembrando dessa época boa que eu tive

Obrigado Mestre Akira, que descanse em paz ❤","250","2024-03-08T16:21:30Z","2024-03-08T16:21:30Z","True","True","2","2","[{'autor': '@jnxxz07', 'comentario': 'Sempre serás lembrado mestre….', 'likes': 2, 'publicado_em': '2024-05-23T15:15:53Z'}, {'autor': '@_Davi149_', 'comentario': 'Sempre\u200b@jnxxz07', 'likes': 0, 'publicado_em': '2024-06-30T15:14:45Z'}]","FCm88wOgw7s","Rap do Goku (Dragon Ball Z) | Tauz RapTributo 02","1","Mais novos"
"@otaviomartins1008","UCX70Q2jxxZIgP-NnU0dD6Aw","http://www.youtube.com/@otaviomartins1008","Estou aqui depois do Akira RIP, vamos lembrar dessa lenda, que marcou gerações com seu trabalho, Akira Toriyama nunca será esquecido.
~Descanse em paz Akira Toriyama","398","2024-03-08T15:27:10Z","2024-03-08T15:27:10Z","True","True","1","1","[{'autor': '@janelbacoelho7760', 'comentario': '✋️', 'likes': 2, 'publicado_em': '2025-07-05T00:38:02Z'}]","FCm88wOgw7s","Rap do Goku (Dragon Ball Z) | Tauz RapTributo 02","1","Mais novos"
"@darkkatakuri6725","UCfCgwhcY0WdeRh1SV8UvAKA","http://www.youtube.com/@darkkatakuri6725","Em sua homenagem... Sempre fará falta Akira... Descanse em paz.","759","2024-03-08T15:22:29Z","2024-03-08T15:22:29Z","True","True","6","5","[{'autor': '@guiznb7yt1', 'comentario': 'Pois e:(((', 'likes': 5, 'publicado_em': '2024-04-09T17:36:23Z'}, {'autor': '@lordghost4962', 'comentario': 'Sim mn', 'likes': 4, 'publicado_em': '2024-05-13T22:09:21Z'}, {'autor': '@jamayca1171', 'comentario': 'F....', 'likes': 2, 'publicado_em': '2024-07-03T04:00:53Z'}, {'autor': '@3DiegoSilvaPacheco7', 'comentario': 'Se pah, nós ainda vem aqui um dia fazer homenagem ao play tauz mano, essa lenda da nossa época ❤talvez quando a gente tiver velho ou não. Mais vai rolar, fica sabendo disso tauz❤👏💪🤝', 'likes': 5, 'publicado_em': '2024-07-10T04:33:11Z'}, {'autor': '@JulioCesar-mc9zm', 'comentario': 'Descanse em paz', 'likes': 1, 'publicado_em': '2024-11-24T04:17:09Z'}]","FCm88wOgw7s","Rap do Goku (Dragon Ball Z) | Tauz RapTributo 02","1","Mais novos"
"@Daike.","UCWdrTowDsblm3pheD45ptMw","http://www.youtube.com/@Daike.","Cara, eu decidi vim aqui depois de ficar sabendo da morte do Akira Toriyama, eu assistir Dragon Ball a minha infância inteira, e ouvia esse rap do tauz quase todo dia, lembrar de cada momento que o Toriyama me proporcionou... 

Obrigado por tudo, mestre Toriyama, fez a infância de milhões de pessoas pelo mundo, uma das melhores obras que já foi feita. Lenda.","1846","2024-03-08T03:58:40Z","2024-03-08T03:58:55Z","True","True","41","5","[{'autor': '@Nightlleciti2f', 'comentario': 'Descanse em paz, mestre Akira Toriyama 🙏\nSuas histórias criadas de Dragon Ball foi o primeiro anime que marcou a minha vida e infância cada saga, filmes até no manga foram obras que proporcionaram novas experiências incríveis e nostalgicas...\n 🕊️Adeus Akira Toriyama obrigado por trazer alegria no coração de tanta gente 🕊️', 'likes': 33, 'publicado_em': '2024-03-08T12:10:00Z'}, {'autor': '@alex.1512', 'comentario': 'Será que não vai ter mais dragon ball😭 sou muito fã de dragon ball o anime que eu mais gosto😭', 'likes': 7, 'publicado_em': '2024-03-08T16:16:34Z'}, {'autor': '@israelsales9096', 'comentario': '\u200b@alex.1512vai ter sim, o Toyotaro vai continuar a história', 'likes': 4, 'publicado_em': '2024-03-08T16:40:16Z'}, {'autor': '@GabrielRamos-ok6lb', 'comentario': 'Deixo aqui o meu F, para o criador do maior mangá da história até o momento', 'likes': 4, 'publicado_em': '2024-03-08T18:41:42Z'}, {'autor': '@Mitidi', 'comentario': 'Tô na mssma', 'likes': 1, 'publicado_em': '2024-03-08T19:18:26Z'}]","FCm88wOgw7s","Rap do Goku (Dragon Ball Z) | Tauz RapTributo 02","1","Mais novos"
"@Otaku_jjkkk","UCn8ZYTRVTW3jybw7TwS2Gtg","http://www.youtube.com/@Otaku_jjkkk","Se passaram 9 anos e essa musica nao enjoa.... Te amo player tauz assisto a 8anos ❤","277","2023-11-09T22:04:08Z","2023-11-09T22:04:08Z","True","True","6","5","[{'autor': '@DaviFranca-cd6kq', 'comentario': 'Que música da hora kkkk gostei muito', 'likes': 2, 'publicado_em': '2023-11-22T11:39:27Z'}, {'autor': '@miguelgames5913', 'comentario': 'Kkk melhor que bts', 'likes': 2, 'publicado_em': '2023-12-30T03:51:40Z'}, {'autor': '@Santozz_in', 'comentario': '\u200b@miguelgames5913quem é bts perto disso😂😂', 'likes': 4, 'publicado_em': '2024-01-15T16:30:21Z'}, {'autor': '@sccp8410', 'comentario': 'Sim', 'likes': 0, 'publicado_em': '2024-01-23T15:54:47Z'}, {'autor': '@ViniciusDuarte-qx4tv', 'comentario': 'Vai fazer 10', 'likes': 1, 'publicado_em': '2024-03-03T03:06:17Z'}]","FCm88wOgw7s","Rap do Goku (Dragon Ball Z) | Tauz RapTributo 02","1","Mais novos"
"@JohanLiebert157","UC-Nrxnr9uKgnLlSEjuHHQWQ","http://www.youtube.com/@JohanLiebert157","Não importa quanto tempo passe, essa música sempre será atemporal, Te amamos Tauz","179","2023-09-15T07:44:27Z","2023-09-15T07:44:27Z","True","True","0","0","[]","FCm88wOgw7s","Rap do Goku (Dragon Ball Z) | Tauz RapTributo 02","1","Mais novos"
"@JoelmaOiNet","UCCpDSP50RO6zhaP6uKwJgoA","http://www.youtube.com/@JoelmaOiNet","2023 e esse rap continua uma obra prima LIKE","1073","2023-01-06T22:57:20Z","2023-01-06T22:57:20Z","True","True","59","5","[{'autor': '@lemeunomenpow3962', 'comentario': 'Simm manooo', 'likes': 5, 'publicado_em': '2023-02-18T04:38:59Z'}, {'autor': '@Wsn7zz', 'comentario': 'Sim', 'likes': 4, 'publicado_em': '2023-02-20T02:28:38Z'}, {'autor': '@Yotsuba_Kôshin', 'comentario': 'Sim', 'likes': 2, 'publicado_em': '2023-02-28T02:21:47Z'}, {'autor': '@minatosouza1085', 'comentario': 'Nostalgia 💚✌', 'likes': 2, 'publicado_em': '2023-03-06T21:42:05Z'}, {'autor': '@tentandocopiar3064', 'comentario': 'Pensei que era o único em 2023', 'likes': 2, 'publicado_em': '2023-03-13T01:06:27Z'}]","FCm88wOgw7s","Rap do Goku (Dragon Ball Z) | Tauz RapTributo 02","1","Mais novos"
"@helamanjacinto2963","UCqb1ygqWTyvfoTWZlvmOhhQ","http://www.youtube.com/@helamanjacinto2963","Realmente músicas como essa não são mais produzidas #PLAYERTAUZ","337","2022-12-07T00:27:47Z","2022-12-07T00:27:47Z","True","True","4","4","[{'autor': '@dennissoares9825', 'comentario': 'Infelizmente bons tempos', 'likes': 4, 'publicado_em': '2022-12-15T00:17:28Z'}, {'autor': '@rickelmevieira3273', 'comentario': '@dennissoares9825 verdade e muito triste não poder voltar nessa época chega ser uma tortura', 'likes': 3, 'publicado_em': '2022-12-15T01:07:58Z'}, {'autor': '@lucasbrgg0890', 'comentario': 'Em 2022 kk', 'likes': 0, 'publicado_em': '2022-12-17T00:31:50Z'}, {'autor': '@lavinhoDX', 'comentario': 'vdd', 'likes': 0, 'publicado_em': '2022-12-19T18:01:08Z'}]","FCm88wOgw7s","Rap do Goku (Dragon Ball Z) | Tauz RapTributo 02","1","Mais novos"
"@aryel580","UCweffYb5Yasa08DhMCQ781g","http://www.youtube.com/@aryel580","Isso sim que é nostalgia, deu até vontade de chorar véi...","692","2021-04-16T21:41:26Z","2021-04-16T21:41:26Z","True","True","29","5","[{'autor': '@dexplaygamer1827', 'comentario': 'ಥ‿ಥcom certeza', 'likes': 10, 'publicado_em': '2021-04-20T22:15:40Z'}, {'autor': '@Scherer12', 'comentario': 'é.. to revendo todos os raps e vendo que to ficando \n velho', 'likes': 16, 'publicado_em': '2021-04-29T21:52:24Z'}, {'autor': '@tokkozaizen5323', 'comentario': 'Sempre choro emocionei', 'likes': 6, 'publicado_em': '2021-05-05T18:35:31Z'}, {'autor': '@magnata9692', 'comentario': 'Verdade 😢', 'likes': 7, 'publicado_em': '2021-05-17T00:45:54Z'}, {'autor': '@claudenibraz6658', 'comentario': 'Se vc C', 'likes': 4, 'publicado_em': '2021-05-23T13:32:31Z'}]","FCm88wOgw7s","Rap do Goku (Dragon Ball Z) | Tauz RapTributo 02","1","Mais novos"
"@Ig0rvoigt","UCvA8biGiQIaQnGvOGSAAgbQ","http://www.youtube.com/@Ig0rvoigt","2025 alguém vendo ainda?","18782","2020-04-09T12:40:01Z","2025-03-15T00:56:43Z","False","True","1001","5","[{'autor': '@Ig0rvoigt', 'comentario': '🙏🏻', 'likes': 1056, 'publicado_em': '2020-04-09T12:40:07Z'}, {'autor': '@fabianomatos7626', 'comentario': 'Opaa', 'likes': 278, 'publicado_em': '2020-04-09T17:58:26Z'}, {'autor': '@paulovieira5778', 'comentario': '🔥', 'likes': 170, 'publicado_em': '2020-04-09T18:08:03Z'}, {'autor': '@luizhenriquepereira4458', 'comentario': 'Hiiii', 'likes': 139, 'publicado_em': '2020-04-11T20:56:12Z'}, {'autor': '@obito3710', 'comentario': 'Eu', 'likes': 127, 'publicado_em': '2020-06-26T13:32:14Z'}]","FCm88wOgw7s","Rap do Goku (Dragon Ball Z) | Tauz RapTributo 02","1","Mais novos"
"@Brasilmagnetico","UCKGntMlkhdlM3_8RWXHeFQg","http://www.youtube.com/@Brasilmagnetico","Me arrepiei todo!!!! Tenho orgulho de dizer que eu “conheci"" o Tauz nessa época!!","2386","2019-11-06T03:09:28Z","2019-11-06T03:09:28Z","True","True","93","5","[{'autor': '@GBR_Maragno', 'comentario': 'Sdds quando o tauz era bom', 'likes': 39, 'publicado_em': '2020-01-20T19:04:21Z'}, {'autor': '@Brasilmagnetico', 'comentario': '@GBR_Maragno pra mim ele sempre foi 👍', 'likes': 21, 'publicado_em': '2020-01-20T19:06:27Z'}, {'autor': '@GBR_Maragno', 'comentario': '@Brasilmagnetico perdeu a essência', 'likes': 23, 'publicado_em': '2020-01-20T19:08:12Z'}, {'autor': '@Brasilmagnetico', 'comentario': '@GBR_Maragno pq acha?', 'likes': 8, 'publicado_em': '2020-01-20T19:11:08Z'}, {'autor': '@GBR_Maragno', 'comentario': '@Brasilmagnetico os raps dele n dão mais tanta emoção igual antes', 'likes': 28, 'publicado_em': '2020-01-20T19:16:14Z'}]","FCm88wOgw7s","Rap do Goku (Dragon Ball Z) | Tauz RapTributo 02","1","Mais novos"
"@Ig0rvoigt","UCvA8biGiQIaQnGvOGSAAgbQ","http://www.youtube.com/@Ig0rvoigt","2018 alguém vendo ainda?","5145","2018-04-18T19:31:20Z","2018-04-18T19:31:20Z","True","True","483","5","[{'autor': '@Ig0rvoigt', 'comentario': ':D', 'likes': 77, 'publicado_em': '2018-04-18T19:31:26Z'}, {'autor': '@guiadroide9260', 'comentario': 'Tauz  Copyright  eu tauz', 'likes': 19, 'publicado_em': '2018-04-20T00:56:56Z'}, {'autor': '@brbrasil1593', 'comentario': 'n e de vdd man e um cara ai que se passa pelo tauz pode ver n tem o certinho do lado do nome', 'likes': 16, 'publicado_em': '2018-04-20T14:25:26Z'}, {'autor': '@josedefarias5583', 'comentario': 'Tauz Copyright eu comecei a assistir dragon ball semana passada ai só assisti agora pra não tomar spoiler já to na saga dos andróide ai vim ver o rap', 'likes': 10, 'publicado_em': '2018-04-21T11:42:10Z'}, {'autor': '@josedefarias5583', 'comentario': 'BRbrasil olha o canal dele porra tem 200 mil inscritos qual fake tem isso de inscritos', 'likes': 9, 'publicado_em': '2018-04-21T11:42:51Z'}]","FCm88wOgw7s","Rap do Goku (Dragon Ball Z) | Tauz RapTributo 02","1","Mais novos"
"@Ig0rvoigt","UCvA8biGiQIaQnGvOGSAAgbQ","http://www.youtube.com/@Ig0rvoigt","2018 alguém vendo ainda?","5145","2018-04-18T19:31:20Z","2018-04-18T19:31:20Z","True","True","483","5","[{'autor': '@Ig0rvoigt', 'comentario': ':D', 'likes': 77, 'publicado_em': '2018-04-18T19:31:26Z'}, {'autor': '@guiadroide9260', 'comentario': 'Tauz  Copyright  eu tauz', 'likes': 19, 'publicado_em': '2018-04-20T00:56:56Z'}, {'autor': '@brbrasil1593', 'comentario': 'n e de vdd man e um cara ai que se passa pelo tauz pode ver n tem o certinho do lado do nome', 'likes': 16, 'publicado_em': '2018-04-20T14:25:26Z'}, {'autor': '@josedefarias5583', 'comentario': 'Tauz Copyright eu comecei a assistir dragon ball semana passada ai só assisti agora pra não tomar spoiler já to na saga dos andróide ai vim ver o rap', 'likes': 10, 'publicado_em': '2018-04-21T11:42:10Z'}, {'autor': '@josedefarias5583', 'comentario': 'BRbrasil olha o canal dele porra tem 200 mil inscritos qual fake tem isso de inscritos', 'likes': 9, 'publicado_em': '2018-04-21T11:42:51Z'}]","FCm88wOgw7s","Rap do Goku (Dragon Ball Z) | Tauz RapTributo 02","2","Mais antigos"
"@Brasilmagnetico","UCKGntMlkhdlM3_8RWXHeFQg","http://www.youtube.com/@Brasilmagnetico","Me arrepiei todo!!!! Tenho orgulho de dizer que eu “conheci"" o Tauz nessa época!!","2386","2019-11-06T03:09:28Z","2019-11-06T03:09:28Z","True","True","93","5","[{'autor': '@GBR_Maragno', 'comentario': 'Sdds quando o tauz era bom', 'likes': 39, 'publicado_em': '2020-01-20T19:04:21Z'}, {'autor': '@Brasilmagnetico', 'comentario': '@GBR_Maragno pra mim ele sempre foi 👍', 'likes': 21, 'publicado_em': '2020-01-20T19:06:27Z'}, {'autor': '@GBR_Maragno', 'comentario': '@Brasilmagnetico perdeu a essência', 'likes': 23, 'publicado_em': '2020-01-20T19:08:12Z'}, {'autor': '@Brasilmagnetico', 'comentario': '@GBR_Maragno pq acha?', 'likes': 8, 'publicado_em': '2020-01-20T19:11:08Z'}, {'autor': '@GBR_Maragno', 'comentario': '@Brasilmagnetico os raps dele n dão mais tanta emoção igual antes', 'likes': 28, 'publicado_em': '2020-01-20T19:16:14Z'}]","FCm88wOgw7s","Rap do Goku (Dragon Ball Z) | Tauz RapTributo 02","2","Mais antigos"
"@Ig0rvoigt","UCvA8biGiQIaQnGvOGSAAgbQ","http://www.youtube.com/@Ig0rvoigt","2025 alguém vendo ainda?","18782","2020-04-09T12:40:01Z","2025-03-15T00:56:43Z","False","True","1001","5","[{'autor': '@Ig0rvoigt', 'comentario': '🙏🏻', 'likes': 1056, 'publicado_em': '2020-04-09T12:40:07Z'}, {'autor': '@fabianomatos7626', 'comentario': 'Opaa', 'likes': 278, 'publicado_em': '2020-04-09T17:58:26Z'}, {'autor': '@paulovieira5778', 'comentario': '🔥', 'likes': 170, 'publicado_em': '2020-04-09T18:08:03Z'}, {'autor': '@luizhenriquepereira4458', 'comentario': 'Hiiii', 'likes': 139, 'publicado_em': '2020-04-11T20:56:12Z'}, {'autor': '@obito3710', 'comentario': 'Eu', 'likes': 127, 'publicado_em': '2020-06-26T13:32:14Z'}]","FCm88wOgw7s","Rap do Goku (Dragon Ball Z) | Tauz RapTributo 02","2","Mais antigos"
"@aryel580","UCweffYb5Yasa08DhMCQ781g","http://www.youtube.com/@aryel580","Isso sim que é nostalgia, deu até vontade de chorar véi...","692","2021-04-16T21:41:26Z","2021-04-16T21:41:26Z","True","True","29","5","[{'autor': '@dexplaygamer1827', 'comentario': 'ಥ‿ಥcom certeza', 'likes': 10, 'publicado_em': '2021-04-20T22:15:40Z'}, {'autor': '@Scherer12', 'comentario': 'é.. to revendo todos os raps e vendo que to ficando \n velho', 'likes': 16, 'publicado_em': '2021-04-29T21:52:24Z'}, {'autor': '@tokkozaizen5323', 'comentario': 'Sempre choro emocionei', 'likes': 6, 'publicado_em': '2021-05-05T18:35:31Z'}, {'autor': '@magnata9692', 'comentario': 'Verdade 😢', 'likes': 7, 'publicado_em': '2021-05-17T00:45:54Z'}, {'autor': '@claudenibraz6658', 'comentario': 'Se vc C', 'likes': 4, 'publicado_em': '2021-05-23T13:32:31Z'}]","FCm88wOgw7s","Rap do Goku (Dragon Ball Z) | Tauz RapTributo 02","2","Mais antigos"
"@helamanjacinto2963","UCqb1ygqWTyvfoTWZlvmOhhQ","http://www.youtube.com/@helamanjacinto2963","Realmente músicas como essa não são mais produzidas #PLAYERTAUZ","337","2022-12-07T00:27:47Z","2022-12-07T00:27:47Z","True","True","4","4","[{'autor': '@dennissoares9825', 'comentario': 'Infelizmente bons tempos', 'likes': 4, 'publicado_em': '2022-12-15T00:17:28Z'}, {'autor': '@rickelmevieira3273', 'comentario': '@dennissoares9825 verdade e muito triste não poder voltar nessa época chega ser uma tortura', 'likes': 3, 'publicado_em': '2022-12-15T01:07:58Z'}, {'autor': '@lucasbrgg0890', 'comentario': 'Em 2022 kk', 'likes': 0, 'publicado_em': '2022-12-17T00:31:50Z'}, {'autor': '@lavinhoDX', 'comentario': 'vdd', 'likes': 0, 'publicado_em': '2022-12-19T18:01:08Z'}]","FCm88wOgw7s","Rap do Goku (Dragon Ball Z) | Tauz RapTributo 02","2","Mais antigos"
"@JoelmaOiNet","UCCpDSP50RO6zhaP6uKwJgoA","http://www.youtube.com/@JoelmaOiNet","2023 e esse rap continua uma obra prima LIKE","1073","2023-01-06T22:57:20Z","2023-01-06T22:57:20Z","True","True","59","5","[{'autor': '@lemeunomenpow3962', 'comentario': 'Simm manooo', 'likes': 5, 'publicado_em': '2023-02-18T04:38:59Z'}, {'autor': '@Wsn7zz', 'comentario': 'Sim', 'likes': 4, 'publicado_em': '2023-02-20T02:28:38Z'}, {'autor': '@Yotsuba_Kôshin', 'comentario': 'Sim', 'likes': 2, 'publicado_em': '2023-02-28T02:21:47Z'}, {'autor': '@minatosouza1085', 'comentario': 'Nostalgia 💚✌', 'likes': 2, 'publicado_em': '2023-03-06T21:42:05Z'}, {'autor': '@tentandocopiar3064', 'comentario': 'Pensei que era o único em 2023', 'likes': 2, 'publicado_em': '2023-03-13T01:06:27Z'}]","FCm88wOgw7s","Rap do Goku (Dragon Ball Z) | Tauz RapTributo 02","2","Mais antigos"
"@JohanLiebert157","UC-Nrxnr9uKgnLlSEjuHHQWQ","http://www.youtube.com/@JohanLiebert157","Não importa quanto tempo passe, essa música sempre será atemporal, Te amamos Tauz","179","2023-09-15T07:44:27Z","2023-09-15T07:44:27Z","True","True","0","0","[]","FCm88wOgw7s","Rap do Goku (Dragon Ball Z) | Tauz RapTributo 02","2","Mais antigos"
"@Otaku_jjkkk","UCn8ZYTRVTW3jybw7TwS2Gtg","http://www.youtube.com/@Otaku_jjkkk","Se passaram 9 anos e essa musica nao enjoa.... Te amo player tauz assisto a 8anos ❤","277","2023-11-09T22:04:08Z","2023-11-09T22:04:08Z","True","True","6","5","[{'autor': '@DaviFranca-cd6kq', 'comentario': 'Que música da hora kkkk gostei muito', 'likes': 2, 'publicado_em': '2023-11-22T11:39:27Z'}, {'autor': '@miguelgames5913', 'comentario': 'Kkk melhor que bts', 'likes': 2, 'publicado_em': '2023-12-30T03:51:40Z'}, {'autor': '@Santozz_in', 'comentario': '\u200b@miguelgames5913quem é bts perto disso😂😂', 'likes': 4, 'publicado_em': '2024-01-15T16:30:21Z'}, {'autor': '@sccp8410', 'comentario': 'Sim', 'likes': 0, 'publicado_em': '2024-01-23T15:54:47Z'}, {'autor': '@ViniciusDuarte-qx4tv', 'comentario': 'Vai fazer 10', 'likes': 1, 'publicado_em': '2024-03-03T03:06:17Z'}]","FCm88wOgw7s","Rap do Goku (Dragon Ball Z) | Tauz RapTributo 02","2","Mais antigos"
"@Daike.","UCWdrTowDsblm3pheD45ptMw","http://www.youtube.com/@Daike.","Cara, eu decidi vim aqui depois de ficar sabendo da morte do Akira Toriyama, eu assistir Dragon Ball a minha infância inteira, e ouvia esse rap do tauz quase todo dia, lembrar de cada momento que o Toriyama me proporcionou... 

Obrigado por tudo, mestre Toriyama, fez a infância de milhões de pessoas pelo mundo, uma das melhores obras que já foi feita. Lenda.","1846","2024-03-08T03:58:40Z","2024-03-08T03:58:55Z","True","True","41","5","[{'autor': '@Nightlleciti2f', 'comentario': 'Descanse em paz, mestre Akira Toriyama 🙏\nSuas histórias criadas de Dragon Ball foi o primeiro anime que marcou a minha vida e infância cada saga, filmes até no manga foram obras que proporcionaram novas experiências incríveis e nostalgicas...\n 🕊️Adeus Akira Toriyama obrigado por trazer alegria no coração de tanta gente 🕊️', 'likes': 33, 'publicado_em': '2024-03-08T12:10:00Z'}, {'autor': '@alex.1512', 'comentario': 'Será que não vai ter mais dragon ball😭 sou muito fã de dragon ball o anime que eu mais gosto😭', 'likes': 7, 'publicado_em': '2024-03-08T16:16:34Z'}, {'autor': '@israelsales9096', 'comentario': '\u200b@alex.1512vai ter sim, o Toyotaro vai continuar a história', 'likes': 4, 'publicado_em': '2024-03-08T16:40:16Z'}, {'autor': '@GabrielRamos-ok6lb', 'comentario': 'Deixo aqui o meu F, para o criador do maior mangá da história até o momento', 'likes': 4, 'publicado_em': '2024-03-08T18:41:42Z'}, {'autor': '@Mitidi', 'comentario': 'Tô na mssma', 'likes': 1, 'publicado_em': '2024-03-08T19:18:26Z'}]","FCm88wOgw7s","Rap do Goku (Dragon Ball Z) | Tauz RapTributo 02","2","Mais antigos"
"@darkkatakuri6725","UCfCgwhcY0WdeRh1SV8UvAKA","http://www.youtube.com/@darkkatakuri6725","Em sua homenagem... Sempre fará falta Akira... Descanse em paz.","759","2024-03-08T15:22:29Z","2024-03-08T15:22:29Z","True","True","6","5","[{'autor': '@guiznb7yt1', 'comentario': 'Pois e:(((', 'likes': 5, 'publicado_em': '2024-04-09T17:36:23Z'}, {'autor': '@lordghost4962', 'comentario': 'Sim mn', 'likes': 4, 'publicado_em': '2024-05-13T22:09:21Z'}, {'autor': '@jamayca1171', 'comentario': 'F....', 'likes': 2, 'publicado_em': '2024-07-03T04:00:53Z'}, {'autor': '@3DiegoSilvaPacheco7', 'comentario': 'Se pah, nós ainda vem aqui um dia fazer homenagem ao play tauz mano, essa lenda da nossa época ❤talvez quando a gente tiver velho ou não. Mais vai rolar, fica sabendo disso tauz❤👏💪🤝', 'likes': 5, 'publicado_em': '2024-07-10T04:33:11Z'}, {'autor': '@JulioCesar-mc9zm', 'comentario': 'Descanse em paz', 'likes': 1, 'publicado_em': '2024-11-24T04:17:09Z'}]","FCm88wOgw7s","Rap do Goku (Dragon Ball Z) | Tauz RapTributo 02","2","Mais antigos"
"@otaviomartins1008","UCX70Q2jxxZIgP-NnU0dD6Aw","http://www.youtube.com/@otaviomartins1008","Estou aqui depois do Akira RIP, vamos lembrar dessa lenda, que marcou gerações com seu trabalho, Akira Toriyama nunca será esquecido.
~Descanse em paz Akira Toriyama","398","2024-03-08T15:27:10Z","2024-03-08T15:27:10Z","True","True","1","1","[{'autor': '@janelbacoelho7760', 'comentario': '✋️', 'likes': 2, 'publicado_em': '2025-07-05T00:38:02Z'}]","FCm88wOgw7s","Rap do Goku (Dragon Ball Z) | Tauz RapTributo 02","2","Mais antigos"
"@uraharakisuke1852","UCGyD18G2Wx6_YkLtd1ySOWQ","http://www.youtube.com/@uraharakisuke1852","Estou aqui, na vida adulta, relembrando dessa época boa que eu tive

Obrigado Mestre Akira, que descanse em paz ❤","250","2024-03-08T16:21:30Z","2024-03-08T16:21:30Z","True","True","2","2","[{'autor': '@jnxxz07', 'comentario': 'Sempre serás lembrado mestre….', 'likes': 2, 'publicado_em': '2024-05-23T15:15:53Z'}, {'autor': '@_Davi149_', 'comentario': 'Sempre\u200b@jnxxz07', 'likes': 0, 'publicado_em': '2024-06-30T15:14:45Z'}]","FCm88wOgw7s","Rap do Goku (Dragon Ball Z) | Tauz RapTributo 02","2","Mais antigos"
"@icaroezequiel5782","UCYvfiUf9tCfVTOghMrDLPVw","http://www.youtube.com/@icaroezequiel5782","Voltamos aqui novamente depois de anos e não tem como esquecer dessa obra. Obrigado Akira, descanse em paz 🖤","79","2024-03-09T03:07:28Z","2024-03-09T03:07:28Z","True","True","0","0","[]","FCm88wOgw7s","Rap do Goku (Dragon Ball Z) | Tauz RapTributo 02","2","Mais antigos"
"@vig2704","UC1RYgBUvU9v5odu3MldDLuw","http://www.youtube.com/@vig2704","Já fazem alguns dias que você se foi, mas nunca esqueceremos de você e do que você fez em vida, suas obras me acompanharam desde o berço até minha fase adulta, obrigado por tornar a vida desse pobre garoto mais feliz, descanse em paz Akira 👋","43","2024-03-14T03:23:34Z","2024-03-14T03:23:34Z","True","True","0","0","[]","FCm88wOgw7s","Rap do Goku (Dragon Ball Z) | Tauz RapTributo 02","2","Mais antigos"
"@Chando_Oficial","UC93FtZJMFLJDk3YsP93roAQ","http://www.youtube.com/@Chando_Oficial","2025 é nós ❤❤❤❤😊","72","2024-12-01T20:36:03Z","2024-12-01T20:36:03Z","True","True","2","2","[{'autor': '@Umkpoperqualuquer', 'comentario': 'Dale', 'likes': 0, 'publicado_em': '2025-03-07T18:51:17Z'}, {'autor': '@samuzin4469', 'comentario': 'Essa é rlq 🔥🔥', 'likes': 1, 'publicado_em': '2025-03-21T01:55:13Z'}]","FCm88wOgw7s","Rap do Goku (Dragon Ball Z) | Tauz RapTributo 02","2","Mais antigos"
"@ricardolins84","UC8M-byKp7l7UXf3y9R6taEA","http://www.youtube.com/@ricardolins84","Estou aqui novamente, para apreciar essa obra de arte, chamada rap do Goku composta pelo nosso queridíssimo Tauz. É um prazer enorme retorna todo ano para acompanhar essa melodia, desde de 2017 ouça essa obra prima do nosso período. Assim como o período dos dinossauros, eu considero essa época que vivemos um marco na história, dos anos 2000 até 2019, uma era fenomenal na história do ser humano.","50","2025-04-05T21:06:19Z","2025-04-05T21:06:19Z","True","True","0","0","[]","FCm88wOgw7s","Rap do Goku (Dragon Ball Z) | Tauz RapTributo 02","2","Mais antigos"
"@Bentomasterkingbr","UC18N6Tma7m1XMd_wsGoYRpQ","http://www.youtube.com/@Bentomasterkingbr","2:32 isso me faz arrepiar","13","2025-05-01T13:43:29Z","2025-05-01T13:43:29Z","True","True","0","0","[]","FCm88wOgw7s","Rap do Goku (Dragon Ball Z) | Tauz RapTributo 02","2","Mais antigos"
"@eusemprevejoseucanal1","UCkf-KNexKbTg4JA5mMlIhEw","http://www.youtube.com/@eusemprevejoseucanal1","10 anos depois e você voltou pra ouvir essa lenda!","44","2025-05-20T20:44:54Z","2025-05-20T20:44:54Z","True","True","1","1","[{'autor': '@LuquenydosSantos-s6k', 'comentario': 'É cara', 'likes': 2, 'publicado_em': '2025-06-04T12:03:02Z'}]","FCm88wOgw7s","Rap do Goku (Dragon Ball Z) | Tauz RapTributo 02","2","Mais antigos"
"@miguelindokkkj","UCctK1i38j-aCsumeekf1fgQ","http://www.youtube.com/@miguelindokkkj","Amanhã farei minha prova do ENEM, decisiva para eu entrar na minha tão sonhada faculdade. Em meio a tanto caos e incertezas, só queria encerrar o dia com esperança, e me veio esse rap que marcou minha infância. Não sei o que o futuro tem a me guardar, mas acima de tudo, sejam tão persistentes quanto esse personagem incrível que marcou gerações. Dificilmente alguém lerá isso, mas de qualquer maneira, meus agradecimentos simbólicos ao Player e Tauz e ao Akira Toriyama.","263","2025-11-09T02:22:36Z","2025-11-09T02:22:36Z","True","True","18","5","[{'autor': '@gamerp1730', 'comentario': 'boa sorte man', 'likes': 3, 'publicado_em': '2025-11-09T03:36:19Z'}, {'autor': '@GuilhermeFerreira-ot6tp', 'comentario': 'Como foi pvt?', 'likes': 0, 'publicado_em': '2025-11-14T20:37:39Z'}, {'autor': '@cdl1391', 'comentario': 'segunda prova domingo agr, dps conta como foi', 'likes': 6, 'publicado_em': '2025-11-15T01:19:40Z'}, {'autor': '@duduuuu2148', 'comentario': 'Absolute cinema', 'likes': 3, 'publicado_em': '2025-11-15T05:33:38Z'}, {'autor': '@Fulkommen', 'comentario': 'Boa sorte meu mano', 'likes': 2, 'publicado_em': '2025-11-15T07:38:34Z'}]","FCm88wOgw7s","Rap do Goku (Dragon Ball Z) | Tauz RapTributo 02","2","Mais antigos"
"@SilêncioOculto00","UCQJbb_uQLAHYiu0VI9bmSPw","http://www.youtube.com/@Sil%C3%AAncioOculto00","Fod* dms slk a primeira vez que vi foi em 2019 agora em em 2025 ja to aqui dns","1","2025-12-11T19:20:13Z","2025-12-11T19:20:13Z","True","True","0","0","[]","FCm88wOgw7s","Rap do Goku (Dragon Ball Z) | Tauz RapTributo 02","2","Mais antigos"
"@Ig0rvoigt","UCvA8biGiQIaQnGvOGSAAgbQ","http://www.youtube.com/@Ig0rvoigt","2025 alguém vendo ainda?","18782","2020-04-09T12:40:01Z","2025-03-15T00:56:43Z","False","True","1001","5","[{'autor': '@Ig0rvoigt', 'comentario': '🙏🏻', 'likes': 1056, 'publicado_em': '2020-04-09T12:40:07Z'}, {'autor': '@fabianomatos7626', 'comentario': 'Opaa', 'likes': 278, 'publicado_em': '2020-04-09T17:58:26Z'}, {'autor': '@paulovieira5778', 'comentario': '🔥', 'likes': 170, 'publicado_em': '2020-04-09T18:08:03Z'}, {'autor': '@luizhenriquepereira4458', 'comentario': 'Hiiii', 'likes': 139, 'publicado_em': '2020-04-11T20:56:12Z'}, {'autor': '@obito3710', 'comentario': 'Eu', 'likes': 127, 'publicado_em': '2020-06-26T13:32:14Z'}]","FCm88wOgw7s","Rap do Goku (Dragon Ball Z) | Tauz RapTributo 02","3","Mais curtidos"
"@Ig0rvoigt","UCvA8biGiQIaQnGvOGSAAgbQ","http://www.youtube.com/@Ig0rvoigt","2018 alguém vendo ainda?","5145","2018-04-18T19:31:20Z","2018-04-18T19:31:20Z","True","True","483","5","[{'autor': '@Ig0rvoigt', 'comentario': ':D', 'likes': 77, 'publicado_em': '2018-04-18T19:31:26Z'}, {'autor': '@guiadroide9260', 'comentario': 'Tauz  Copyright  eu tauz', 'likes': 19, 'publicado_em': '2018-04-20T00:56:56Z'}, {'autor': '@brbrasil1593', 'comentario': 'n e de vdd man e um cara ai que se passa pelo tauz pode ver n tem o certinho do lado do nome', 'likes': 16, 'publicado_em': '2018-04-20T14:25:26Z'}, {'autor': '@josedefarias5583', 'comentario': 'Tauz Copyright eu comecei a assistir dragon ball semana passada ai só assisti agora pra não tomar spoiler já to na saga dos andróide ai vim ver o rap', 'likes': 10, 'publicado_em': '2018-04-21T11:42:10Z'}, {'autor': '@josedefarias5583', 'comentario': 'BRbrasil olha o canal dele porra tem 200 mil inscritos qual fake tem isso de inscritos', 'likes': 9, 'publicado_em': '2018-04-21T11:42:51Z'}]","FCm88wOgw7s","Rap do Goku (Dragon Ball Z) | Tauz RapTributo 02","3","Mais curtidos"
"@Brasilmagnetico","UCKGntMlkhdlM3_8RWXHeFQg","http://www.youtube.com/@Brasilmagnetico","Me arrepiei todo!!!! Tenho orgulho de dizer que eu “conheci"" o Tauz nessa época!!","2386","2019-11-06T03:09:28Z","2019-11-06T03:09:28Z","True","True","93","5","[{'autor': '@GBR_Maragno', 'comentario': 'Sdds quando o tauz era bom', 'likes': 39, 'publicado_em': '2020-01-20T19:04:21Z'}, {'autor': '@Brasilmagnetico', 'comentario': '@GBR_Maragno pra mim ele sempre foi 👍', 'likes': 21, 'publicado_em': '2020-01-20T19:06:27Z'}, {'autor': '@GBR_Maragno', 'comentario': '@Brasilmagnetico perdeu a essência', 'likes': 23, 'publicado_em': '2020-01-20T19:08:12Z'}, {'autor': '@Brasilmagnetico', 'comentario': '@GBR_Maragno pq acha?', 'likes': 8, 'publicado_em': '2020-01-20T19:11:08Z'}, {'autor': '@GBR_Maragno', 'comentario': '@Brasilmagnetico os raps dele n dão mais tanta emoção igual antes', 'likes': 28, 'publicado_em': '2020-01-20T19:16:14Z'}]","FCm88wOgw7s","Rap do Goku (Dragon Ball Z) | Tauz RapTributo 02","3","Mais curtidos"
"@Daike.","UCWdrTowDsblm3pheD45ptMw","http://www.youtube.com/@Daike.","Cara, eu decidi vim aqui depois de ficar sabendo da morte do Akira Toriyama, eu assistir Dragon Ball a minha infância inteira, e ouvia esse rap do tauz quase todo dia, lembrar de cada momento que o Toriyama me proporcionou... 

Obrigado por tudo, mestre Toriyama, fez a infância de milhões de pessoas pelo mundo, uma das melhores obras que já foi feita. Lenda.","1846","2024-03-08T03:58:40Z","2024-03-08T03:58:55Z","True","True","41","5","[{'autor': '@Nightlleciti2f', 'comentario': 'Descanse em paz, mestre Akira Toriyama 🙏\nSuas histórias criadas de Dragon Ball foi o primeiro anime que marcou a minha vida e infância cada saga, filmes até no manga foram obras que proporcionaram novas experiências incríveis e nostalgicas...\n 🕊️Adeus Akira Toriyama obrigado por trazer alegria no coração de tanta gente 🕊️', 'likes': 33, 'publicado_em': '2024-03-08T12:10:00Z'}, {'autor': '@alex.1512', 'comentario': 'Será que não vai ter mais dragon ball😭 sou muito fã de dragon ball o anime que eu mais gosto😭', 'likes': 7, 'publicado_em': '2024-03-08T16:16:34Z'}, {'autor': '@israelsales9096', 'comentario': '\u200b@alex.1512vai ter sim, o Toyotaro vai continuar a história', 'likes': 4, 'publicado_em': '2024-03-08T16:40:16Z'}, {'autor': '@GabrielRamos-ok6lb', 'comentario': 'Deixo aqui o meu F, para o criador do maior mangá da história até o momento', 'likes': 4, 'publicado_em': '2024-03-08T18:41:42Z'}, {'autor': '@Mitidi', 'comentario': 'Tô na mssma', 'likes': 1, 'publicado_em': '2024-03-08T19:18:26Z'}]","FCm88wOgw7s","Rap do Goku (Dragon Ball Z) | Tauz RapTributo 02","3","Mais curtidos"
"@JoelmaOiNet","UCCpDSP50RO6zhaP6uKwJgoA","http://www.youtube.com/@JoelmaOiNet","2023 e esse rap continua uma obra prima LIKE","1073","2023-01-06T22:57:20Z","2023-01-06T22:57:20Z","True","True","59","5","[{'autor': '@lemeunomenpow3962', 'comentario': 'Simm manooo', 'likes': 5, 'publicado_em': '2023-02-18T04:38:59Z'}, {'autor': '@Wsn7zz', 'comentario': 'Sim', 'likes': 4, 'publicado_em': '2023-02-20T02:28:38Z'}, {'autor': '@Yotsuba_Kôshin', 'comentario': 'Sim', 'likes': 2, 'publicado_em': '2023-02-28T02:21:47Z'}, {'autor': '@minatosouza1085', 'comentario': 'Nostalgia 💚✌', 'likes': 2, 'publicado_em': '2023-03-06T21:42:05Z'}, {'autor': '@tentandocopiar3064', 'comentario': 'Pensei que era o único em 2023', 'likes': 2, 'publicado_em': '2023-03-13T01:06:27Z'}]","FCm88wOgw7s","Rap do Goku (Dragon Ball Z) | Tauz RapTributo 02","3","Mais curtidos"
"@darkkatakuri6725","UCfCgwhcY0WdeRh1SV8UvAKA","http://www.youtube.com/@darkkatakuri6725","Em sua homenagem... Sempre fará falta Akira... Descanse em paz.","759","2024-03-08T15:22:29Z","2024-03-08T15:22:29Z","True","True","6","5","[{'autor': '@guiznb7yt1', 'comentario': 'Pois e:(((', 'likes': 5, 'publicado_em': '2024-04-09T17:36:23Z'}, {'autor': '@lordghost4962', 'comentario': 'Sim mn', 'likes': 4, 'publicado_em': '2024-05-13T22:09:21Z'}, {'autor': '@jamayca1171', 'comentario': 'F....', 'likes': 2, 'publicado_em': '2024-07-03T04:00:53Z'}, {'autor': '@3DiegoSilvaPacheco7', 'comentario': 'Se pah, nós ainda vem aqui um dia fazer homenagem ao play tauz mano, essa lenda da nossa época ❤talvez quando a gente tiver velho ou não. Mais vai rolar, fica sabendo disso tauz❤👏💪🤝', 'likes': 5, 'publicado_em': '2024-07-10T04:33:11Z'}, {'autor': '@JulioCesar-mc9zm', 'comentario': 'Descanse em paz', 'likes': 1, 'publicado_em': '2024-11-24T04:17:09Z'}]","FCm88wOgw7s","Rap do Goku (Dragon Ball Z) | Tauz RapTributo 02","3","Mais curtidos"
"@aryel580","UCweffYb5Yasa08DhMCQ781g","http://www.youtube.com/@aryel580","Isso sim que é nostalgia, deu até vontade de chorar véi...","692","2021-04-16T21:41:26Z","2021-04-16T21:41:26Z","True","True","29","5","[{'autor': '@dexplaygamer1827', 'comentario': 'ಥ‿ಥcom certeza', 'likes': 10, 'publicado_em': '2021-04-20T22:15:40Z'}, {'autor': '@Scherer12', 'comentario': 'é.. to revendo todos os raps e vendo que to ficando \n velho', 'likes': 16, 'publicado_em': '2021-04-29T21:52:24Z'}, {'autor': '@tokkozaizen5323', 'comentario': 'Sempre choro emocionei', 'likes': 6, 'publicado_em': '2021-05-05T18:35:31Z'}, {'autor': '@magnata9692', 'comentario': 'Verdade 😢', 'likes': 7, 'publicado_em': '2021-05-17T00:45:54Z'}, {'autor': '@claudenibraz6658', 'comentario': 'Se vc C', 'likes': 4, 'publicado_em': '2021-05-23T13:32:31Z'}]","FCm88wOgw7s","Rap do Goku (Dragon Ball Z) | Tauz RapTributo 02","3","Mais curtidos"
"@otaviomartins1008","UCX70Q2jxxZIgP-NnU0dD6Aw","http://www.youtube.com/@otaviomartins1008","Estou aqui depois do Akira RIP, vamos lembrar dessa lenda, que marcou gerações com seu trabalho, Akira Toriyama nunca será esquecido.
~Descanse em paz Akira Toriyama","398","2024-03-08T15:27:10Z","2024-03-08T15:27:10Z","True","True","1","1","[{'autor': '@janelbacoelho7760', 'comentario': '✋️', 'likes': 2, 'publicado_em': '2025-07-05T00:38:02Z'}]","FCm88wOgw7s","Rap do Goku (Dragon Ball Z) | Tauz RapTributo 02","3","Mais curtidos"
"@helamanjacinto2963","UCqb1ygqWTyvfoTWZlvmOhhQ","http://www.youtube.com/@helamanjacinto2963","Realmente músicas como essa não são mais produzidas #PLAYERTAUZ","337","2022-12-07T00:27:47Z","2022-12-07T00:27:47Z","True","True","4","4","[{'autor': '@dennissoares9825', 'comentario': 'Infelizmente bons tempos', 'likes': 4, 'publicado_em': '2022-12-15T00:17:28Z'}, {'autor': '@rickelmevieira3273', 'comentario': '@dennissoares9825 verdade e muito triste não poder voltar nessa época chega ser uma tortura', 'likes': 3, 'publicado_em': '2022-12-15T01:07:58Z'}, {'autor': '@lucasbrgg0890', 'comentario': 'Em 2022 kk', 'likes': 0, 'publicado_em': '2022-12-17T00:31:50Z'}, {'autor': '@lavinhoDX', 'comentario': 'vdd', 'likes': 0, 'publicado_em': '2022-12-19T18:01:08Z'}]","FCm88wOgw7s","Rap do Goku (Dragon Ball Z) | Tauz RapTributo 02","3","Mais curtidos"
"@Otaku_jjkkk","UCn8ZYTRVTW3jybw7TwS2Gtg","http://www.youtube.com/@Otaku_jjkkk","Se passaram 9 anos e essa musica nao enjoa.... Te amo player tauz assisto a 8anos ❤","277","2023-11-09T22:04:08Z","2023-11-09T22:04:08Z","True","True","6","5","[{'autor': '@DaviFranca-cd6kq', 'comentario': 'Que música da hora kkkk gostei muito', 'likes': 2, 'publicado_em': '2023-11-22T11:39:27Z'}, {'autor': '@miguelgames5913', 'comentario': 'Kkk melhor que bts', 'likes': 2, 'publicado_em': '2023-12-30T03:51:40Z'}, {'autor': '@Santozz_in', 'comentario': '\u200b@miguelgames5913quem é bts perto disso😂😂', 'likes': 4, 'publicado_em': '2024-01-15T16:30:21Z'}, {'autor': '@sccp8410', 'comentario': 'Sim', 'likes': 0, 'publicado_em': '2024-01-23T15:54:47Z'}, {'autor': '@ViniciusDuarte-qx4tv', 'comentario': 'Vai fazer 10', 'likes': 1, 'publicado_em': '2024-03-03T03:06:17Z'}]","FCm88wOgw7s","Rap do Goku (Dragon Ball Z) | Tauz RapTributo 02","3","Mais curtidos"
"@miguelindokkkj","UCctK1i38j-aCsumeekf1fgQ","http://www.youtube.com/@miguelindokkkj","Amanhã farei minha prova do ENEM, decisiva para eu entrar na minha tão sonhada faculdade. Em meio a tanto caos e incertezas, só queria encerrar o dia com esperança, e me veio esse rap que marcou minha infância. Não sei o que o futuro tem a me guardar, mas acima de tudo, sejam tão persistentes quanto esse personagem incrível que marcou gerações. Dificilmente alguém lerá isso, mas de qualquer maneira, meus agradecimentos simbólicos ao Player e Tauz e ao Akira Toriyama.","263","2025-11-09T02:22:36Z","2025-11-09T02:22:36Z","True","True","18","5","[{'autor': '@gamerp1730', 'comentario': 'boa sorte man', 'likes': 3, 'publicado_em': '2025-11-09T03:36:19Z'}, {'autor': '@GuilhermeFerreira-ot6tp', 'comentario': 'Como foi pvt?', 'likes': 0, 'publicado_em': '2025-11-14T20:37:39Z'}, {'autor': '@cdl1391', 'comentario': 'segunda prova domingo agr, dps conta como foi', 'likes': 6, 'publicado_em': '2025-11-15T01:19:40Z'}, {'autor': '@duduuuu2148', 'comentario': 'Absolute cinema', 'likes': 3, 'publicado_em': '2025-11-15T05:33:38Z'}, {'autor': '@Fulkommen', 'comentario': 'Boa sorte meu mano', 'likes': 2, 'publicado_em': '2025-11-15T07:38:34Z'}]","FCm88wOgw7s","Rap do Goku (Dragon Ball Z) | Tauz RapTributo 02","3","Mais curtidos"
"@uraharakisuke1852","UCGyD18G2Wx6_YkLtd1ySOWQ","http://www.youtube.com/@uraharakisuke1852","Estou aqui, na vida adulta, relembrando dessa época boa que eu tive

Obrigado Mestre Akira, que descanse em paz ❤","250","2024-03-08T16:21:30Z","2024-03-08T16:21:30Z","True","True","2","2","[{'autor': '@jnxxz07', 'comentario': 'Sempre serás lembrado mestre….', 'likes': 2, 'publicado_em': '2024-05-23T15:15:53Z'}, {'autor': '@_Davi149_', 'comentario': 'Sempre\u200b@jnxxz07', 'likes': 0, 'publicado_em': '2024-06-30T15:14:45Z'}]","FCm88wOgw7s","Rap do Goku (Dragon Ball Z) | Tauz RapTributo 02","3","Mais curtidos"
"@JohanLiebert157","UC-Nrxnr9uKgnLlSEjuHHQWQ","http://www.youtube.com/@JohanLiebert157","Não importa quanto tempo passe, essa música sempre será atemporal, Te amamos Tauz","179","2023-09-15T07:44:27Z","2023-09-15T07:44:27Z","True","True","0","0","[]","FCm88wOgw7s","Rap do Goku (Dragon Ball Z) | Tauz RapTributo 02","3","Mais curtidos"
"@icaroezequiel5782","UCYvfiUf9tCfVTOghMrDLPVw","http://www.youtube.com/@icaroezequiel5782","Voltamos aqui novamente depois de anos e não tem como esquecer dessa obra. Obrigado Akira, descanse em paz 🖤","79","2024-03-09T03:07:28Z","2024-03-09T03:07:28Z","True","True","0","0","[]","FCm88wOgw7s","Rap do Goku (Dragon Ball Z) | Tauz RapTributo 02","3","Mais curtidos"
"@Chando_Oficial","UC93FtZJMFLJDk3YsP93roAQ","http://www.youtube.com/@Chando_Oficial","2025 é nós ❤❤❤❤😊","72","2024-12-01T20:36:03Z","2024-12-01T20:36:03Z","True","True","2","2","[{'autor': '@Umkpoperqualuquer', 'comentario': 'Dale', 'likes': 0, 'publicado_em': '2025-03-07T18:51:17Z'}, {'autor': '@samuzin4469', 'comentario': 'Essa é rlq 🔥🔥', 'likes': 1, 'publicado_em': '2025-03-21T01:55:13Z'}]","FCm88wOgw7s","Rap do Goku (Dragon Ball Z) | Tauz RapTributo 02","3","Mais curtidos"
"@ricardolins84","UC8M-byKp7l7UXf3y9R6taEA","http://www.youtube.com/@ricardolins84","Estou aqui novamente, para apreciar essa obra de arte, chamada rap do Goku composta pelo nosso queridíssimo Tauz. É um prazer enorme retorna todo ano para acompanhar essa melodia, desde de 2017 ouça essa obra prima do nosso período. Assim como o período dos dinossauros, eu considero essa época que vivemos um marco na história, dos anos 2000 até 2019, uma era fenomenal na história do ser humano.","50","2025-04-05T21:06:19Z","2025-04-05T21:06:19Z","True","True","0","0","[]","FCm88wOgw7s","Rap do Goku (Dragon Ball Z) | Tauz RapTributo 02","3","Mais curtidos"
"@eusemprevejoseucanal1","UCkf-KNexKbTg4JA5mMlIhEw","http://www.youtube.com/@eusemprevejoseucanal1","10 anos depois e você voltou pra ouvir essa lenda!","44","2025-05-20T20:44:54Z","2025-05-20T20:44:54Z","True","True","1","1","[{'autor': '@LuquenydosSantos-s6k', 'comentario': 'É cara', 'likes': 2, 'publicado_em': '2025-06-04T12:03:02Z'}]","FCm88wOgw7s","Rap do Goku (Dragon Ball Z) | Tauz RapTributo 02","3","Mais curtidos"
"@vig2704","UC1RYgBUvU9v5odu3MldDLuw","http://www.youtube.com/@vig2704","Já fazem alguns dias que você se foi, mas nunca esqueceremos de você e do que você fez em vida, suas obras me acompanharam desde o berço até minha fase adulta, obrigado por tornar a vida desse pobre garoto mais feliz, descanse em paz Akira 👋","43","2024-03-14T03:23:34Z","2024-03-14T03:23:34Z","True","True","0","0","[]","FCm88wOgw7s","Rap do Goku (Dragon Ball Z) | Tauz RapTributo 02","3","Mais curtidos"
"@Bentomasterkingbr","UC18N6Tma7m1XMd_wsGoYRpQ","http://www.youtube.com/@Bentomasterkingbr","2:32 isso me faz arrepiar","13","2025-05-01T13:43:29Z","2025-05-01T13:43:29Z","True","True","0","0","[]","FCm88wOgw7s","Rap do Goku (Dragon Ball Z) | Tauz RapTributo 02","3","Mais curtidos"
"@SilêncioOculto00","UCQJbb_uQLAHYiu0VI9bmSPw","http://www.youtube.com/@Sil%C3%AAncioOculto00","Fod* dms slk a primeira vez que vi foi em 2019 agora em em 2025 ja to aqui dns","1","2025-12-11T19:20:13Z","2025-12-11T19:20:13Z","True","True","0","0","[]","FCm88wOgw7s","Rap do Goku (Dragon Ball Z) | Tauz RapTributo 02","3","Mais curtidos"
"@miguelindokkkj","UCctK1i38j-aCsumeekf1fgQ","http://www.youtube.com/@miguelindokkkj","Amanhã farei minha prova do ENEM, decisiva para eu entrar na minha tão sonhada faculdade. Em meio a tanto caos e incertezas, só queria encerrar o dia com esperança, e me veio esse rap que marcou minha infância. Não sei o que o futuro tem a me guardar, mas acima de tudo, sejam tão persistentes quanto esse personagem incrível que marcou gerações. Dificilmente alguém lerá isso, mas de qualquer maneira, meus agradecimentos simbólicos ao Player e Tauz e ao Akira Toriyama.","263","2025-11-09T02:22:36Z","2025-11-09T02:22:36Z","True","True","18","5","[{'autor': '@gamerp1730', 'comentario': 'boa sorte man', 'likes': 3, 'publicado_em': '2025-11-09T03:36:19Z'}, {'autor': '@GuilhermeFerreira-ot6tp', 'comentario': 'Como foi pvt?', 'likes': 0, 'publicado_em': '2025-11-14T20:37:39Z'}, {'autor': '@cdl1391', 'comentario': 'segunda prova domingo agr, dps conta como foi', 'likes': 6, 'publicado_em': '2025-11-15T01:19:40Z'}, {'autor': '@duduuuu2148', 'comentario': 'Absolute cinema', 'likes': 3, 'publicado_em': '2025-11-15T05:33:38Z'}, {'autor': '@Fulkommen', 'comentario': 'Boa sorte meu mano', 'likes': 2, 'publicado_em': '2025-11-15T07:38:34Z'}]","FCm88wOgw7s","Rap do Goku (Dragon Ball Z) | Tauz RapTributo 02","4","Mais longos"
"@ricardolins84","UC8M-byKp7l7UXf3y9R6taEA","http://www.youtube.com/@ricardolins84","Estou aqui novamente, para apreciar essa obra de arte, chamada rap do Goku composta pelo nosso queridíssimo Tauz. É um prazer enorme retorna todo ano para acompanhar essa melodia, desde de 2017 ouça essa obra prima do nosso período. Assim como o período dos dinossauros, eu considero essa época que vivemos um marco na história, dos anos 2000 até 2019, uma era fenomenal na história do ser humano.","50","2025-04-05T21:06:19Z","2025-04-05T21:06:19Z","True","True","0","0","[]","FCm88wOgw7s","Rap do Goku (Dragon Ball Z) | Tauz RapTributo 02","4","Mais longos"
"@Daike.","UCWdrTowDsblm3pheD45ptMw","http://www.youtube.com/@Daike.","Cara, eu decidi vim aqui depois de ficar sabendo da morte do Akira Toriyama, eu assistir Dragon Ball a minha infância inteira, e ouvia esse rap do tauz quase todo dia, lembrar de cada momento que o Toriyama me proporcionou... 

Obrigado por tudo, mestre Toriyama, fez a infância de milhões de pessoas pelo mundo, uma das melhores obras que já foi feita. Lenda.","1846","2024-03-08T03:58:40Z","2024-03-08T03:58:55Z","True","True","41","5","[{'autor': '@Nightlleciti2f', 'comentario': 'Descanse em paz, mestre Akira Toriyama 🙏\nSuas histórias criadas de Dragon Ball foi o primeiro anime que marcou a minha vida e infância cada saga, filmes até no manga foram obras que proporcionaram novas experiências incríveis e nostalgicas...\n 🕊️Adeus Akira Toriyama obrigado por trazer alegria no coração de tanta gente 🕊️', 'likes': 33, 'publicado_em': '2024-03-08T12:10:00Z'}, {'autor': '@alex.1512', 'comentario': 'Será que não vai ter mais dragon ball😭 sou muito fã de dragon ball o anime que eu mais gosto😭', 'likes': 7, 'publicado_em': '2024-03-08T16:16:34Z'}, {'autor': '@israelsales9096', 'comentario': '\u200b@alex.1512vai ter sim, o Toyotaro vai continuar a história', 'likes': 4, 'publicado_em': '2024-03-08T16:40:16Z'}, {'autor': '@GabrielRamos-ok6lb', 'comentario': 'Deixo aqui o meu F, para o criador do maior mangá da história até o momento', 'likes': 4, 'publicado_em': '2024-03-08T18:41:42Z'}, {'autor': '@Mitidi', 'comentario': 'Tô na mssma', 'likes': 1, 'publicado_em': '2024-03-08T19:18:26Z'}]","FCm88wOgw7s","Rap do Goku (Dragon Ball Z) | Tauz RapTributo 02","4","Mais longos"
"@vig2704","UC1RYgBUvU9v5odu3MldDLuw","http://www.youtube.com/@vig2704","Já fazem alguns dias que você se foi, mas nunca esqueceremos de você e do que você fez em vida, suas obras me acompanharam desde o berço até minha fase adulta, obrigado por tornar a vida desse pobre garoto mais feliz, descanse em paz Akira 👋","43","2024-03-14T03:23:34Z","2024-03-14T03:23:34Z","True","True","0","0","[]","FCm88wOgw7s","Rap do Goku (Dragon Ball Z) | Tauz RapTributo 02","4","Mais longos"
"@otaviomartins1008","UCX70Q2jxxZIgP-NnU0dD6Aw","http://www.youtube.com/@otaviomartins1008","Estou aqui depois do Akira RIP, vamos lembrar dessa lenda, que marcou gerações com seu trabalho, Akira Toriyama nunca será esquecido.
~Descanse em paz Akira Toriyama","398","2024-03-08T15:27:10Z","2024-03-08T15:27:10Z","True","True","1","1","[{'autor': '@janelbacoelho7760', 'comentario': '✋️', 'likes': 2, 'publicado_em': '2025-07-05T00:38:02Z'}]","FCm88wOgw7s","Rap do Goku (Dragon Ball Z) | Tauz RapTributo 02","4","Mais longos"
"@uraharakisuke1852","UCGyD18G2Wx6_YkLtd1ySOWQ","http://www.youtube.com/@uraharakisuke1852","Estou aqui, na vida adulta, relembrando dessa época boa que eu tive

Obrigado Mestre Akira, que descanse em paz ❤","250","2024-03-08T16:21:30Z","2024-03-08T16:21:30Z","True","True","2","2","[{'autor': '@jnxxz07', 'comentario': 'Sempre serás lembrado mestre….', 'likes': 2, 'publicado_em': '2024-05-23T15:15:53Z'}, {'autor': '@_Davi149_', 'comentario': 'Sempre\u200b@jnxxz07', 'likes': 0, 'publicado_em': '2024-06-30T15:14:45Z'}]","FCm88wOgw7s","Rap do Goku (Dragon Ball Z) | Tauz RapTributo 02","4","Mais longos"
"@icaroezequiel5782","UCYvfiUf9tCfVTOghMrDLPVw","http://www.youtube.com/@icaroezequiel5782","Voltamos aqui novamente depois de anos e não tem como esquecer dessa obra. Obrigado Akira, descanse em paz 🖤","79","2024-03-09T03:07:28Z","2024-03-09T03:07:28Z","True","True","0","0","[]","FCm88wOgw7s","Rap do Goku (Dragon Ball Z) | Tauz RapTributo 02","4","Mais longos"
"@Otaku_jjkkk","UCn8ZYTRVTW3jybw7TwS2Gtg","http://www.youtube.com/@Otaku_jjkkk","Se passaram 9 anos e essa musica nao enjoa.... Te amo player tauz assisto a 8anos ❤","277","2023-11-09T22:04:08Z","2023-11-09T22:04:08Z","True","True","6","5","[{'autor': '@DaviFranca-cd6kq', 'comentario': 'Que música da hora kkkk gostei muito', 'likes': 2, 'publicado_em': '2023-11-22T11:39:27Z'}, {'autor': '@miguelgames5913', 'comentario': 'Kkk melhor que bts', 'likes': 2, 'publicado_em': '2023-12-30T03:51:40Z'}, {'autor': '@Santozz_in', 'comentario': '\u200b@miguelgames5913quem é bts perto disso😂😂', 'likes': 4, 'publicado_em': '2024-01-15T16:30:21Z'}, {'autor': '@sccp8410', 'comentario': 'Sim', 'likes': 0, 'publicado_em': '2024-01-23T15:54:47Z'}, {'autor': '@ViniciusDuarte-qx4tv', 'comentario': 'Vai fazer 10', 'likes': 1, 'publicado_em': '2024-03-03T03:06:17Z'}]","FCm88wOgw7s","Rap do Goku (Dragon Ball Z) | Tauz RapTributo 02","4","Mais longos"
"@Brasilmagnetico","UCKGntMlkhdlM3_8RWXHeFQg","http://www.youtube.com/@Brasilmagnetico","Me arrepiei todo!!!! Tenho orgulho de dizer que eu “conheci"" o Tauz nessa época!!","2386","2019-11-06T03:09:28Z","2019-11-06T03:09:28Z","True","True","93","5","[{'autor': '@GBR_Maragno', 'comentario': 'Sdds quando o tauz era bom', 'likes': 39, 'publicado_em': '2020-01-20T19:04:21Z'}, {'autor': '@Brasilmagnetico', 'comentario': '@GBR_Maragno pra mim ele sempre foi 👍', 'likes': 21, 'publicado_em': '2020-01-20T19:06:27Z'}, {'autor': '@GBR_Maragno', 'comentario': '@Brasilmagnetico perdeu a essência', 'likes': 23, 'publicado_em': '2020-01-20T19:08:12Z'}, {'autor': '@Brasilmagnetico', 'comentario': '@GBR_Maragno pq acha?', 'likes': 8, 'publicado_em': '2020-01-20T19:11:08Z'}, {'autor': '@GBR_Maragno', 'comentario': '@Brasilmagnetico os raps dele n dão mais tanta emoção igual antes', 'likes': 28, 'publicado_em': '2020-01-20T19:16:14Z'}]","FCm88wOgw7s","Rap do Goku (Dragon Ball Z) | Tauz RapTributo 02","4","Mais longos"
"@JohanLiebert157","UC-Nrxnr9uKgnLlSEjuHHQWQ","http://www.youtube.com/@JohanLiebert157","Não importa quanto tempo passe, essa música sempre será atemporal, Te amamos Tauz","179","2023-09-15T07:44:27Z","2023-09-15T07:44:27Z","True","True","0","0","[]","FCm88wOgw7s","Rap do Goku (Dragon Ball Z) | Tauz RapTributo 02","4","Mais longos"
"@SilêncioOculto00","UCQJbb_uQLAHYiu0VI9bmSPw","http://www.youtube.com/@Sil%C3%AAncioOculto00","Fod* dms slk a primeira vez que vi foi em 2019 agora em em 2025 ja to aqui dns","1","2025-12-11T19:20:13Z","2025-12-11T19:20:13Z","True","True","0","0","[]","FCm88wOgw7s","Rap do Goku (Dragon Ball Z) | Tauz RapTributo 02","4","Mais longos"
"@darkkatakuri6725","UCfCgwhcY0WdeRh1SV8UvAKA","http://www.youtube.com/@darkkatakuri6725","Em sua homenagem... Sempre fará falta Akira... Descanse em paz.","759","2024-03-08T15:22:29Z","2024-03-08T15:22:29Z","True","True","6","5","[{'autor': '@guiznb7yt1', 'comentario': 'Pois e:(((', 'likes': 5, 'publicado_em': '2024-04-09T17:36:23Z'}, {'autor': '@lordghost4962', 'comentario': 'Sim mn', 'likes': 4, 'publicado_em': '2024-05-13T22:09:21Z'}, {'autor': '@jamayca1171', 'comentario': 'F....', 'likes': 2, 'publicado_em': '2024-07-03T04:00:53Z'}, {'autor': '@3DiegoSilvaPacheco7', 'comentario': 'Se pah, nós ainda vem aqui um dia fazer homenagem ao play tauz mano, essa lenda da nossa época ❤talvez quando a gente tiver velho ou não. Mais vai rolar, fica sabendo disso tauz❤👏💪🤝', 'likes': 5, 'publicado_em': '2024-07-10T04:33:11Z'}, {'autor': '@JulioCesar-mc9zm', 'comentario': 'Descanse em paz', 'likes': 1, 'publicado_em': '2024-11-24T04:17:09Z'}]","FCm88wOgw7s","Rap do Goku (Dragon Ball Z) | Tauz RapTributo 02","4","Mais longos"
"@helamanjacinto2963","UCqb1ygqWTyvfoTWZlvmOhhQ","http://www.youtube.com/@helamanjacinto2963","Realmente músicas como essa não são mais produzidas #PLAYERTAUZ","337","2022-12-07T00:27:47Z","2022-12-07T00:27:47Z","True","True","4","4","[{'autor': '@dennissoares9825', 'comentario': 'Infelizmente bons tempos', 'likes': 4, 'publicado_em': '2022-12-15T00:17:28Z'}, {'autor': '@rickelmevieira3273', 'comentario': '@dennissoares9825 verdade e muito triste não poder voltar nessa época chega ser uma tortura', 'likes': 3, 'publicado_em': '2022-12-15T01:07:58Z'}, {'autor': '@lucasbrgg0890', 'comentario': 'Em 2022 kk', 'likes': 0, 'publicado_em': '2022-12-17T00:31:50Z'}, {'autor': '@lavinhoDX', 'comentario': 'vdd', 'likes': 0, 'publicado_em': '2022-12-19T18:01:08Z'}]","FCm88wOgw7s","Rap do Goku (Dragon Ball Z) | Tauz RapTributo 02","4","Mais longos"
"@aryel580","UCweffYb5Yasa08DhMCQ781g","http://www.youtube.com/@aryel580","Isso sim que é nostalgia, deu até vontade de chorar véi...","692","2021-04-16T21:41:26Z","2021-04-16T21:41:26Z","True","True","29","5","[{'autor': '@dexplaygamer1827', 'comentario': 'ಥ‿ಥcom certeza', 'likes': 10, 'publicado_em': '2021-04-20T22:15:40Z'}, {'autor': '@Scherer12', 'comentario': 'é.. to revendo todos os raps e vendo que to ficando \n velho', 'likes': 16, 'publicado_em': '2021-04-29T21:52:24Z'}, {'autor': '@tokkozaizen5323', 'comentario': 'Sempre choro emocionei', 'likes': 6, 'publicado_em': '2021-05-05T18:35:31Z'}, {'autor': '@magnata9692', 'comentario': 'Verdade 😢', 'likes': 7, 'publicado_em': '2021-05-17T00:45:54Z'}, {'autor': '@claudenibraz6658', 'comentario': 'Se vc C', 'likes': 4, 'publicado_em': '2021-05-23T13:32:31Z'}]","FCm88wOgw7s","Rap do Goku (Dragon Ball Z) | Tauz RapTributo 02","4","Mais longos"
"@eusemprevejoseucanal1","UCkf-KNexKbTg4JA5mMlIhEw","http://www.youtube.com/@eusemprevejoseucanal1","10 anos depois e você voltou pra ouvir essa lenda!","44","2025-05-20T20:44:54Z","2025-05-20T20:44:54Z","True","True","1","1","[{'autor': '@LuquenydosSantos-s6k', 'comentario': 'É cara', 'likes': 2, 'publicado_em': '2025-06-04T12:03:02Z'}]","FCm88wOgw7s","Rap do Goku (Dragon Ball Z) | Tauz RapTributo 02","4","Mais longos"
"@JoelmaOiNet","UCCpDSP50RO6zhaP6uKwJgoA","http://www.youtube.com/@JoelmaOiNet","2023 e esse rap continua uma obra prima LIKE","1073","2023-01-06T22:57:20Z","2023-01-06T22:57:20Z","True","True","59","5","[{'autor': '@lemeunomenpow3962', 'comentario': 'Simm manooo', 'likes': 5, 'publicado_em': '2023-02-18T04:38:59Z'}, {'autor': '@Wsn7zz', 'comentario': 'Sim', 'likes': 4, 'publicado_em': '2023-02-20T02:28:38Z'}, {'autor': '@Yotsuba_Kôshin', 'comentario': 'Sim', 'likes': 2, 'publicado_em': '2023-02-28T02:21:47Z'}, {'autor': '@minatosouza1085', 'comentario': 'Nostalgia 💚✌', 'likes': 2, 'publicado_em': '2023-03-06T21:42:05Z'}, {'autor': '@tentandocopiar3064', 'comentario': 'Pensei que era o único em 2023', 'likes': 2, 'publicado_em': '2023-03-13T01:06:27Z'}]","FCm88wOgw7s","Rap do Goku (Dragon Ball Z) | Tauz RapTributo 02","4","Mais longos"
"@Bentomasterkingbr","UC18N6Tma7m1XMd_wsGoYRpQ","http://www.youtube.com/@Bentomasterkingbr","2:32 isso me faz arrepiar","13","2025-05-01T13:43:29Z","2025-05-01T13:43:29Z","True","True","0","0","[]","FCm88wOgw7s","Rap do Goku (Dragon Ball Z) | Tauz RapTributo 02","4","Mais longos"
"@Ig0rvoigt","UCvA8biGiQIaQnGvOGSAAgbQ","http://www.youtube.com/@Ig0rvoigt","2025 alguém vendo ainda?","18782","2020-04-09T12:40:01Z","2025-03-15T00:56:43Z","False","True","1001","5","[{'autor': '@Ig0rvoigt', 'comentario': '🙏🏻', 'likes': 1056, 'publicado_em': '2020-04-09T12:40:07Z'}, {'autor': '@fabianomatos7626', 'comentario': 'Opaa', 'likes': 278, 'publicado_em': '2020-04-09T17:58:26Z'}, {'autor': '@paulovieira5778', 'comentario': '🔥', 'likes': 170, 'publicado_em': '2020-04-09T18:08:03Z'}, {'autor': '@luizhenriquepereira4458', 'comentario': 'Hiiii', 'likes': 139, 'publicado_em': '2020-04-11T20:56:12Z'}, {'autor': '@obito3710', 'comentario': 'Eu', 'likes': 127, 'publicado_em': '2020-06-26T13:32:14Z'}]","FCm88wOgw7s","Rap do Goku (Dragon Ball Z) | Tauz RapTributo 02","4","Mais longos"
"@Ig0rvoigt","UCvA8biGiQIaQnGvOGSAAgbQ","http://www.youtube.com/@Ig0rvoigt","2018 alguém vendo ainda?","5145","2018-04-18T19:31:20Z","2018-04-18T19:31:20Z","True","True","483","5","[{'autor': '@Ig0rvoigt', 'comentario': ':D', 'likes': 77, 'publicado_em': '2018-04-18T19:31:26Z'}, {'autor': '@guiadroide9260', 'comentario': 'Tauz  Copyright  eu tauz', 'likes': 19, 'publicado_em': '2018-04-20T00:56:56Z'}, {'autor': '@brbrasil1593', 'comentario': 'n e de vdd man e um cara ai que se passa pelo tauz pode ver n tem o certinho do lado do nome', 'likes': 16, 'publicado_em': '2018-04-20T14:25:26Z'}, {'autor': '@josedefarias5583', 'comentario': 'Tauz Copyright eu comecei a assistir dragon ball semana passada ai só assisti agora pra não tomar spoiler já to na saga dos andróide ai vim ver o rap', 'likes': 10, 'publicado_em': '2018-04-21T11:42:10Z'}, {'autor': '@josedefarias5583', 'comentario': 'BRbrasil olha o canal dele porra tem 200 mil inscritos qual fake tem isso de inscritos', 'likes': 9, 'publicado_em': '2018-04-21T11:42:51Z'}]","FCm88wOgw7s","Rap do Goku (Dragon Ball Z) | Tauz RapTributo 02","4","Mais longos"
"@Chando_Oficial","UC93FtZJMFLJDk3YsP93roAQ","http://www.youtube.com/@Chando_Oficial","2025 é nós ❤❤❤❤😊","72","2024-12-01T20:36:03Z","2024-12-01T20:36:03Z","True","True","2","2","[{'autor': '@Umkpoperqualuquer', 'comentario': 'Dale', 'likes': 0, 'publicado_em': '2025-03-07T18:51:17Z'}, {'autor': '@samuzin4469', 'comentario': 'Essa é rlq 🔥🔥', 'likes': 1, 'publicado_em': '2025-03-21T01:55:13Z'}]","FCm88wOgw7s","Rap do Goku (Dragon Ball Z) | Tauz RapTributo 02","4","Mais longos"
"@ericamayerlygalvisramirez2622","UCXihH_6fX_PqF4VpRlUeKtA","http://www.youtube.com/@ericamayerlygalvisramirez2622","Ese que viene con el gato se ve chévere","1","2025-11-22T16:31:52Z","2025-11-22T16:31:52Z","True","True","0","0","[]","LBTkMoHNaAg","GOKU Y VEGETA","1","Mais novos"
"@NestorFaneite-b7m","UCVZjk7QwyeUifW2UJFhbCdA","http://www.youtube.com/@NestorFaneite-b7m","Quiero un calendario de dragon ball z 😍😍🙏🙏","1","2025-11-08T15:25:20Z","2025-11-08T15:25:20Z","True","True","0","0","[]","LBTkMoHNaAg","GOKU Y VEGETA","1","Mais novos"
"@NestorFaneite-b7m","UCVZjk7QwyeUifW2UJFhbCdA","http://www.youtube.com/@NestorFaneite-b7m","Me regalas un calendario 😍","2","2025-11-08T15:24:35Z","2025-11-08T15:24:35Z","True","True","0","0","[]","LBTkMoHNaAg","GOKU Y VEGETA","1","Mais novos"
"@dennyzsuarez9116","UCs6ORXM1xA1M7xRTWEmiTBg","http://www.youtube.com/@dennyzsuarez9116","Soy un suscriptor","3","2025-09-15T23:42:45Z","2025-09-15T23:42:45Z","True","True","0","0","[]","LBTkMoHNaAg","GOKU Y VEGETA","1","Mais novos"
"@mariaelenavelarde8846","UCkwQudlSr9WYDl48_BIZL_Q","http://www.youtube.com/@mariaelenavelarde8846","Eres el mejor ❤️‍🩹❤️‍🩹❤️‍🩹❤️‍🩹❤️‍🩹❤️‍🩹🎉","4","2025-05-06T19:07:50Z","2025-05-06T19:07:50Z","True","True","0","0","[]","LBTkMoHNaAg","GOKU Y VEGETA","1","Mais novos"
"@monicagorosito7830","UCLYWO5W2LIGw-KgCpv5ZcUQ","http://www.youtube.com/@monicagorosito7830","❤ mándame un saludo","55","2025-05-06T02:57:55Z","2025-05-06T02:57:55Z","True","True","6","5","[{'autor': '@deizicastillo3296', 'comentario': 'yuneisi', 'likes': 8, 'publicado_em': '2025-05-30T19:59:01Z'}, {'autor': '@ThiagoAndrade-d4h', 'comentario': 'Listo en play 5🎉🎉😡', 'likes': 1, 'publicado_em': '2025-06-09T03:41:15Z'}, {'autor': '@DanaCantera', 'comentario': 'Quiero uno porfa', 'likes': 0, 'publicado_em': '2025-08-25T23:04:01Z'}, {'autor': '@AlexissalirMendesverasadul', 'comentario': 'Ami porfvoro❤❤❤❤❤❤🙏😭', 'likes': 0, 'publicado_em': '2025-09-19T19:50:49Z'}, {'autor': '@joseguevara5862', 'comentario': 'Yo ya me suscribí', 'likes': 0, 'publicado_em': '2025-10-11T00:20:25Z'}]","LBTkMoHNaAg","GOKU Y VEGETA","1","Mais novos"
"@SebastianDuque-r2f","UCHC78tn5zzBuv9mutErng1A","http://www.youtube.com/@SebastianDuque-r2f","Por favor me puedes mandar una figura de Goku articulado ❤❤❤❤❤🎉 eres genial","3","2025-03-26T12:42:23Z","2025-03-26T12:42:23Z","True","True","0","0","[]","LBTkMoHNaAg","GOKU Y VEGETA","1","Mais novos"
"@marielaguerrero","UCUmj2yx-MOel_p6jCNf8CSg","http://www.youtube.com/@marielaguerrero","Yo alejo yo so I el fan número 1 de dragon ball enserio lo quiero y estoy suscrito a tu canal poni y ya le di like porfiiiiiiiii😢❤","7","2024-12-23T20:30:21Z","2024-12-23T20:30:21Z","True","True","0","0","[]","LBTkMoHNaAg","GOKU Y VEGETA","1","Mais novos"
"@liszethteran3442","UCIuD7YetBOThI8A8-shIDNQ","http://www.youtube.com/@liszethteran3442","Qué bueno está muy buenazo todo esto 
Fjc","28","2024-12-04T01:03:10Z","2024-12-04T01:03:10Z","True","True","3","3","[{'autor': '@ElianaDiosa-yt6io', 'comentario': 'Ese es yancha', 'likes': 11, 'publicado_em': '2025-03-31T20:00:44Z'}, {'autor': '@Abel51-t4c', 'comentario': 'Aguanta alejo igoa yo estoy suscrito a tu canal siempre veo tu video', 'likes': 2, 'publicado_em': '2025-06-16T18:40:49Z'}, {'autor': '@aldemialdemi2330', 'comentario': 'ASAFF. 7😅😂❤1🤕🤒😭🤒🤧🇧🇷', 'likes': 0, 'publicado_em': '2025-07-24T00:22:49Z'}]","LBTkMoHNaAg","GOKU Y VEGETA","1","Mais novos"
"@selenearce7629","UCrw-raMZTq_Pi6tXdBYPGLw","http://www.youtube.com/@selenearce7629","Yo también soy tu fan ya estoy suscrito hace 2 años","24","2024-09-01T14:17:38Z","2024-09-01T14:17:38Z","True","True","1","1","[{'autor': '@LeyderAlexanderCasso', 'comentario': 'Yo también ❤', 'likes': 1, 'publicado_em': '2025-03-04T00:56:52Z'}]","LBTkMoHNaAg","GOKU Y VEGETA","1","Mais novos"
"@Bacilia-w4d","UCZqjCGnqwoxBjHB75ASPI6A","http://www.youtube.com/@Bacilia-w4d","Ya me suscribi ase rato❤❤❤❤❤❤❤🎉🎉🎉🎉🎉🎉🎉🎉🎉🎉😊😊😊😊😊🎉🎉🎉😊🎉😊🎉😊🎉😊🎉😊🎉😊🎉😊🎉😊🎉🎉😊🎉😊🎉🎉😊🎉😊","14","2024-07-11T18:01:23Z","2024-07-11T18:01:23Z","True","True","5","5","[{'autor': '@abderrahimbouadili8562', 'comentario': 'Doo❤❤❤❤❤❤❤❤husitzowoosissiwisoiwysytt es tu idow8wie8euegeteysk', 'likes': 1, 'publicado_em': '2024-07-16T13:00:35Z'}, {'autor': '@BrayanhLoera-di2rn', 'comentario': 'B1j1❤😂🎉😢😮😅😊3😂1🔦🔦⏸🔦⚔🔦⚔🔦🗒🔦🗒🔦🗒🔦😎😗🙂🙏🏼🙏🏼🙏🏼🙏🏼🙏🏼🙏🙏🏼', 'likes': 0, 'publicado_em': '2024-07-16T15:15:24Z'}, {'autor': '@AlejandroBarrios-zh9fe', 'comentario': 'A', 'likes': 0, 'publicado_em': '2024-07-21T06:12:17Z'}, {'autor': '@ElizabethColli-d8b', 'comentario': 'No. Tienes asamasu', 'likes': 0, 'publicado_em': '2025-04-07T20:13:04Z'}, {'autor': '@manuelferreira8200', 'comentario': '😂🎉😢😮😅😊❤❤❤❤😢😢😮😮', 'likes': 0, 'publicado_em': '2025-07-27T17:38:50Z'}]","LBTkMoHNaAg","GOKU Y VEGETA","1","Mais novos"
"@melanyguerrero6294","UCrh4t6C8bU1Gr0aN-lK6rBw","http://www.youtube.com/@melanyguerrero6294","Ya me suscribí y le di like","43","2024-07-09T17:30:49Z","2024-07-09T17:30:49Z","True","True","2","2","[{'autor': '@KellyPreciado-gv7mk', 'comentario': 'Lalijoi3000000001\n\n😅', 'likes': 4, 'publicado_em': '2024-08-03T23:38:41Z'}, {'autor': '@jorgeurtubiaaguilera2291', 'comentario': 'Looo🎉', 'likes': 0, 'publicado_em': '2025-03-27T18:46:01Z'}]","LBTkMoHNaAg","GOKU Y VEGETA","1","Mais novos"
"@MaríaMejia-e4j","UCayeUOTFBYEAaxFJaHm2Q5w","http://www.youtube.com/@Mar%C3%ADaMejia-e4j","hola alejo soy tu fan numero 1 nunca me pierdo tus videos quiero cono cerre en la vida real no se muchas cosas por que tengo problemas de aprendizaje me entanta tus hermanos y amigos soy muy fan de  male y paloma si empre le doy like y me suscribo","17","2024-06-27T02:23:59Z","2024-06-27T02:23:59Z","True","True","0","0","[]","LBTkMoHNaAg","GOKU Y VEGETA","1","Mais novos"
"@juanivaldesparada511","UCisTXzMLa0NSMKfI21tnGYQ","http://www.youtube.com/@juanivaldesparada511","Alejo Ariel más bacán tú así los videos mucho más baca❤❤❤❤❤❤❤❤❤❤❤❤❤❤❤❤❤","5","2024-06-26T15:01:44Z","2024-06-26T15:01:44Z","True","True","0","0","[]","LBTkMoHNaAg","GOKU Y VEGETA","1","Mais novos"
"@dinasequeira4325","UCrhT9CU8lw0e-RejP1onLtA","http://www.youtube.com/@dinasequeira4325","Yo ya estaba suscrita❤😊🎉","7","2024-06-26T03:28:54Z","2024-06-26T03:28:54Z","True","True","0","0","[]","LBTkMoHNaAg","GOKU Y VEGETA","1","Mais novos"
"@GenesisJavier-tv1hp","UC1GwzfYa5fhHG8w5xCyPvow","http://www.youtube.com/@GenesisJavier-tv1hp","😂alego soy tu mayor fans quisiera que isieras unos videos de bromas los extraño 😅🎉🎉🎉","19","2024-06-24T13:51:28Z","2024-06-24T13:51:28Z","True","True","0","0","[]","LBTkMoHNaAg","GOKU Y VEGETA","1","Mais novos"
"@FilibertoCorpa","UC5-5MGBKd41QhVI0JfPeq-w","http://www.youtube.com/@FilibertoCorpa","yo lo aprete mucho yiempo me lo das ❤❤❤❤ eres una gran persona","43","2024-06-19T21:33:28Z","2024-06-19T21:33:28Z","True","True","3","3","[{'autor': '@julioacanda-s6d', 'comentario': 'Alejo ven a Cuba', 'likes': 6, 'publicado_em': '2025-03-09T19:49:49Z'}, {'autor': '@estrellanavarrete5022', 'comentario': 'Hola hijo igual cómo estás te amo mucho tu chiste favorito chao😊', 'likes': 1, 'publicado_em': '2025-03-25T21:32:26Z'}, {'autor': '@YusmeryCueva', 'comentario': '❤😊', 'likes': 1, 'publicado_em': '2025-04-08T17:57:38Z'}]","LBTkMoHNaAg","GOKU Y VEGETA","1","Mais novos"
"@Fabian_xd-14","UCfnnFSNxBFKGocWRDADkaXg","http://www.youtube.com/@Fabian_xd-14","Aquí lo que vieron cuando Alejo llamó zamasu a Goku black. 😂
👇","1624","2024-06-19T00:11:40Z","2024-06-19T00:11:40Z","True","True","156","5","[{'autor': '@Lucas_pro236', 'comentario': 'En realidad se llama zamasu Goku black porque cambiaron de cuerpos en el anime', 'likes': 69, 'publicado_em': '2024-06-19T03:30:48Z'}, {'autor': '@benjaminsejak8944', 'comentario': '\u200b@Lucas_pro236pero así lo llaman en el anime Goku black', 'likes': 17, 'publicado_em': '2024-06-19T05:08:15Z'}, {'autor': '@CarmenLopez-t5p', 'comentario': 'Es sierto es blak goku 😂😂', 'likes': 7, 'publicado_em': '2024-06-20T16:51:18Z'}, {'autor': '@BlueLockfan-i2e', 'comentario': 'Está bien Goku es su apodo zamasu es el nombre', 'likes': 7, 'publicado_em': '2024-06-20T17:28:00Z'}, {'autor': '@OmarLoto-p9q', 'comentario': 'Mal', 'likes': 2, 'publicado_em': '2024-06-20T20:07:04Z'}]","LBTkMoHNaAg","GOKU Y VEGETA","1","Mais novos"
"@WilserAlexsanderSuarezBenitez","UCirAtldREGWrUr1YWsF2g7w","http://www.youtube.com/@WilserAlexsanderSuarezBenitez","Estoy muy emocionado por que subas un vídeo nuevo aquí los que quieren ver un nuevo video de Alejo
👇","60","2024-06-18T22:50:44Z","2024-06-18T22:50:44Z","True","True","5","5","[{'autor': '@Ee__pqp', 'comentario': 'Listo', 'likes': 3, 'publicado_em': '2024-06-19T02:58:22Z'}, {'autor': '@MariangelyCornieles', 'comentario': 'Listo', 'likes': 1, 'publicado_em': '2024-07-25T17:20:16Z'}, {'autor': '@MaricelaFlores-m4p', 'comentario': '@MariangelyCornieles✈️😘😇', 'likes': 0, 'publicado_em': '2024-08-12T01:23:53Z'}, {'autor': '@magallypalomares', 'comentario': 'G hf du', 'likes': 0, 'publicado_em': '2024-09-16T22:44:06Z'}, {'autor': '@PaulaFrancisco-e7p', 'comentario': 'Yoooooo🎉', 'likes': 1, 'publicado_em': '2024-12-24T02:08:55Z'}]","LBTkMoHNaAg","GOKU Y VEGETA","1","Mais novos"
"@SebiGali-rs3fe","UCUSP1cYVdq9ODxOtEe6wyMA","http://www.youtube.com/@SebiGali-rs3fe","like si aman a alejo yo te amo de tu fan Cecilia❤❤❤","36","2024-06-18T22:22:42Z","2024-06-18T22:22:42Z","True","True","0","0","[]","LBTkMoHNaAg","GOKU Y VEGETA","1","Mais novos"
"@SebiGali-rs3fe","UCUSP1cYVdq9ODxOtEe6wyMA","http://www.youtube.com/@SebiGali-rs3fe","like si aman a alejo yo te amo de tu fan Cecilia❤❤❤","36","2024-06-18T22:22:42Z","2024-06-18T22:22:42Z","True","True","0","0","[]","LBTkMoHNaAg","GOKU Y VEGETA","2","Mais antigos"
"@WilserAlexsanderSuarezBenitez","UCirAtldREGWrUr1YWsF2g7w","http://www.youtube.com/@WilserAlexsanderSuarezBenitez","Estoy muy emocionado por que subas un vídeo nuevo aquí los que quieren ver un nuevo video de Alejo
👇","60","2024-06-18T22:50:44Z","2024-06-18T22:50:44Z","True","True","5","5","[{'autor': '@Ee__pqp', 'comentario': 'Listo', 'likes': 3, 'publicado_em': '2024-06-19T02:58:22Z'}, {'autor': '@MariangelyCornieles', 'comentario': 'Listo', 'likes': 1, 'publicado_em': '2024-07-25T17:20:16Z'}, {'autor': '@MaricelaFlores-m4p', 'comentario': '@MariangelyCornieles✈️😘😇', 'likes': 0, 'publicado_em': '2024-08-12T01:23:53Z'}, {'autor': '@magallypalomares', 'comentario': 'G hf du', 'likes': 0, 'publicado_em': '2024-09-16T22:44:06Z'}, {'autor': '@PaulaFrancisco-e7p', 'comentario': 'Yoooooo🎉', 'likes': 1, 'publicado_em': '2024-12-24T02:08:55Z'}]","LBTkMoHNaAg","GOKU Y VEGETA","2","Mais antigos"
"@Fabian_xd-14","UCfnnFSNxBFKGocWRDADkaXg","http://www.youtube.com/@Fabian_xd-14","Aquí lo que vieron cuando Alejo llamó zamasu a Goku black. 😂
👇","1624","2024-06-19T00:11:40Z","2024-06-19T00:11:40Z","True","True","156","5","[{'autor': '@Lucas_pro236', 'comentario': 'En realidad se llama zamasu Goku black porque cambiaron de cuerpos en el anime', 'likes': 69, 'publicado_em': '2024-06-19T03:30:48Z'}, {'autor': '@benjaminsejak8944', 'comentario': '\u200b@Lucas_pro236pero así lo llaman en el anime Goku black', 'likes': 17, 'publicado_em': '2024-06-19T05:08:15Z'}, {'autor': '@CarmenLopez-t5p', 'comentario': 'Es sierto es blak goku 😂😂', 'likes': 7, 'publicado_em': '2024-06-20T16:51:18Z'}, {'autor': '@BlueLockfan-i2e', 'comentario': 'Está bien Goku es su apodo zamasu es el nombre', 'likes': 7, 'publicado_em': '2024-06-20T17:28:00Z'}, {'autor': '@OmarLoto-p9q', 'comentario': 'Mal', 'likes': 2, 'publicado_em': '2024-06-20T20:07:04Z'}]","LBTkMoHNaAg","GOKU Y VEGETA","2","Mais antigos"
"@FilibertoCorpa","UC5-5MGBKd41QhVI0JfPeq-w","http://www.youtube.com/@FilibertoCorpa","yo lo aprete mucho yiempo me lo das ❤❤❤❤ eres una gran persona","43","2024-06-19T21:33:28Z","2024-06-19T21:33:28Z","True","True","3","3","[{'autor': '@julioacanda-s6d', 'comentario': 'Alejo ven a Cuba', 'likes': 6, 'publicado_em': '2025-03-09T19:49:49Z'}, {'autor': '@estrellanavarrete5022', 'comentario': 'Hola hijo igual cómo estás te amo mucho tu chiste favorito chao😊', 'likes': 1, 'publicado_em': '2025-03-25T21:32:26Z'}, {'autor': '@YusmeryCueva', 'comentario': '❤😊', 'likes': 1, 'publicado_em': '2025-04-08T17:57:38Z'}]","LBTkMoHNaAg","GOKU Y VEGETA","2","Mais antigos"
"@GenesisJavier-tv1hp","UC1GwzfYa5fhHG8w5xCyPvow","http://www.youtube.com/@GenesisJavier-tv1hp","😂alego soy tu mayor fans quisiera que isieras unos videos de bromas los extraño 😅🎉🎉🎉","19","2024-06-24T13:51:28Z","2024-06-24T13:51:28Z","True","True","0","0","[]","LBTkMoHNaAg","GOKU Y VEGETA","2","Mais antigos"
"@dinasequeira4325","UCrhT9CU8lw0e-RejP1onLtA","http://www.youtube.com/@dinasequeira4325","Yo ya estaba suscrita❤😊🎉","7","2024-06-26T03:28:54Z","2024-06-26T03:28:54Z","True","True","0","0","[]","LBTkMoHNaAg","GOKU Y VEGETA","2","Mais antigos"
"@juanivaldesparada511","UCisTXzMLa0NSMKfI21tnGYQ","http://www.youtube.com/@juanivaldesparada511","Alejo Ariel más bacán tú así los videos mucho más baca❤❤❤❤❤❤❤❤❤❤❤❤❤❤❤❤❤","5","2024-06-26T15:01:44Z","2024-06-26T15:01:44Z","True","True","0","0","[]","LBTkMoHNaAg","GOKU Y VEGETA","2","Mais antigos"
"@MaríaMejia-e4j","UCayeUOTFBYEAaxFJaHm2Q5w","http://www.youtube.com/@Mar%C3%ADaMejia-e4j","hola alejo soy tu fan numero 1 nunca me pierdo tus videos quiero cono cerre en la vida real no se muchas cosas por que tengo problemas de aprendizaje me entanta tus hermanos y amigos soy muy fan de  male y paloma si empre le doy like y me suscribo","17","2024-06-27T02:23:59Z","2024-06-27T02:23:59Z","True","True","0","0","[]","LBTkMoHNaAg","GOKU Y VEGETA","2","Mais antigos"
"@melanyguerrero6294","UCrh4t6C8bU1Gr0aN-lK6rBw","http://www.youtube.com/@melanyguerrero6294","Ya me suscribí y le di like","43","2024-07-09T17:30:49Z","2024-07-09T17:30:49Z","True","True","2","2","[{'autor': '@KellyPreciado-gv7mk', 'comentario': 'Lalijoi3000000001\n\n😅', 'likes': 4, 'publicado_em': '2024-08-03T23:38:41Z'}, {'autor': '@jorgeurtubiaaguilera2291', 'comentario': 'Looo🎉', 'likes': 0, 'publicado_em': '2025-03-27T18:46:01Z'}]","LBTkMoHNaAg","GOKU Y VEGETA","2","Mais antigos"
"@Bacilia-w4d","UCZqjCGnqwoxBjHB75ASPI6A","http://www.youtube.com/@Bacilia-w4d","Ya me suscribi ase rato❤❤❤❤❤❤❤🎉🎉🎉🎉🎉🎉🎉🎉🎉🎉😊😊😊😊😊🎉🎉🎉😊🎉😊🎉😊🎉😊🎉😊🎉😊🎉😊🎉😊🎉🎉😊🎉😊🎉🎉😊🎉😊","14","2024-07-11T18:01:23Z","2024-07-11T18:01:23Z","True","True","5","5","[{'autor': '@abderrahimbouadili8562', 'comentario': 'Doo❤❤❤❤❤❤❤❤husitzowoosissiwisoiwysytt es tu idow8wie8euegeteysk', 'likes': 1, 'publicado_em': '2024-07-16T13:00:35Z'}, {'autor': '@BrayanhLoera-di2rn', 'comentario': 'B1j1❤😂🎉😢😮😅😊3😂1🔦🔦⏸🔦⚔🔦⚔🔦🗒🔦🗒🔦🗒🔦😎😗🙂🙏🏼🙏🏼🙏🏼🙏🏼🙏🏼🙏🙏🏼', 'likes': 0, 'publicado_em': '2024-07-16T15:15:24Z'}, {'autor': '@AlejandroBarrios-zh9fe', 'comentario': 'A', 'likes': 0, 'publicado_em': '2024-07-21T06:12:17Z'}, {'autor': '@ElizabethColli-d8b', 'comentario': 'No. Tienes asamasu', 'likes': 0, 'publicado_em': '2025-04-07T20:13:04Z'}, {'autor': '@manuelferreira8200', 'comentario': '😂🎉😢😮😅😊❤❤❤❤😢😢😮😮', 'likes': 0, 'publicado_em': '2025-07-27T17:38:50Z'}]","LBTkMoHNaAg","GOKU Y VEGETA","2","Mais antigos"
"@selenearce7629","UCrw-raMZTq_Pi6tXdBYPGLw","http://www.youtube.com/@selenearce7629","Yo también soy tu fan ya estoy suscrito hace 2 años","24","2024-09-01T14:17:38Z","2024-09-01T14:17:38Z","True","True","1","1","[{'autor': '@LeyderAlexanderCasso', 'comentario': 'Yo también ❤', 'likes': 1, 'publicado_em': '2025-03-04T00:56:52Z'}]","LBTkMoHNaAg","GOKU Y VEGETA","2","Mais antigos"
"@liszethteran3442","UCIuD7YetBOThI8A8-shIDNQ","http://www.youtube.com/@liszethteran3442","Qué bueno está muy buenazo todo esto 
Fjc","28","2024-12-04T01:03:10Z","2024-12-04T01:03:10Z","True","True","3","3","[{'autor': '@ElianaDiosa-yt6io', 'comentario': 'Ese es yancha', 'likes': 11, 'publicado_em': '2025-03-31T20:00:44Z'}, {'autor': '@Abel51-t4c', 'comentario': 'Aguanta alejo igoa yo estoy suscrito a tu canal siempre veo tu video', 'likes': 2, 'publicado_em': '2025-06-16T18:40:49Z'}, {'autor': '@aldemialdemi2330', 'comentario': 'ASAFF. 7😅😂❤1🤕🤒😭🤒🤧🇧🇷', 'likes': 0, 'publicado_em': '2025-07-24T00:22:49Z'}]","LBTkMoHNaAg","GOKU Y VEGETA","2","Mais antigos"
"@marielaguerrero","UCUmj2yx-MOel_p6jCNf8CSg","http://www.youtube.com/@marielaguerrero","Yo alejo yo so I el fan número 1 de dragon ball enserio lo quiero y estoy suscrito a tu canal poni y ya le di like porfiiiiiiiii😢❤","7","2024-12-23T20:30:21Z","2024-12-23T20:30:21Z","True","True","0","0","[]","LBTkMoHNaAg","GOKU Y VEGETA","2","Mais antigos"
"@SebastianDuque-r2f","UCHC78tn5zzBuv9mutErng1A","http://www.youtube.com/@SebastianDuque-r2f","Por favor me puedes mandar una figura de Goku articulado ❤❤❤❤❤🎉 eres genial","3","2025-03-26T12:42:23Z","2025-03-26T12:42:23Z","True","True","0","0","[]","LBTkMoHNaAg","GOKU Y VEGETA","2","Mais antigos"
"@monicagorosito7830","UCLYWO5W2LIGw-KgCpv5ZcUQ","http://www.youtube.com/@monicagorosito7830","❤ mándame un saludo","55","2025-05-06T02:57:55Z","2025-05-06T02:57:55Z","True","True","6","5","[{'autor': '@deizicastillo3296', 'comentario': 'yuneisi', 'likes': 8, 'publicado_em': '2025-05-30T19:59:01Z'}, {'autor': '@ThiagoAndrade-d4h', 'comentario': 'Listo en play 5🎉🎉😡', 'likes': 1, 'publicado_em': '2025-06-09T03:41:15Z'}, {'autor': '@DanaCantera', 'comentario': 'Quiero uno porfa', 'likes': 0, 'publicado_em': '2025-08-25T23:04:01Z'}, {'autor': '@AlexissalirMendesverasadul', 'comentario': 'Ami porfvoro❤❤❤❤❤❤🙏😭', 'likes': 0, 'publicado_em': '2025-09-19T19:50:49Z'}, {'autor': '@joseguevara5862', 'comentario': 'Yo ya me suscribí', 'likes': 0, 'publicado_em': '2025-10-11T00:20:25Z'}]","LBTkMoHNaAg","GOKU Y VEGETA","2","Mais antigos"
"@mariaelenavelarde8846","UCkwQudlSr9WYDl48_BIZL_Q","http://www.youtube.com/@mariaelenavelarde8846","Eres el mejor ❤️‍🩹❤️‍🩹❤️‍🩹❤️‍🩹❤️‍🩹❤️‍🩹🎉","4","2025-05-06T19:07:50Z","2025-05-06T19:07:50Z","True","True","0","0","[]","LBTkMoHNaAg","GOKU Y VEGETA","2","Mais antigos"
"@dennyzsuarez9116","UCs6ORXM1xA1M7xRTWEmiTBg","http://www.youtube.com/@dennyzsuarez9116","Soy un suscriptor","3","2025-09-15T23:42:45Z","2025-09-15T23:42:45Z","True","True","0","0","[]","LBTkMoHNaAg","GOKU Y VEGETA","2","Mais antigos"
"@NestorFaneite-b7m","UCVZjk7QwyeUifW2UJFhbCdA","http://www.youtube.com/@NestorFaneite-b7m","Me regalas un calendario 😍","2","2025-11-08T15:24:35Z","2025-11-08T15:24:35Z","True","True","0","0","[]","LBTkMoHNaAg","GOKU Y VEGETA","2","Mais antigos"
"@NestorFaneite-b7m","UCVZjk7QwyeUifW2UJFhbCdA","http://www.youtube.com/@NestorFaneite-b7m","Quiero un calendario de dragon ball z 😍😍🙏🙏","1","2025-11-08T15:25:20Z","2025-11-08T15:25:20Z","True","True","0","0","[]","LBTkMoHNaAg","GOKU Y VEGETA","2","Mais antigos"
"@ericamayerlygalvisramirez2622","UCXihH_6fX_PqF4VpRlUeKtA","http://www.youtube.com/@ericamayerlygalvisramirez2622","Ese que viene con el gato se ve chévere","1","2025-11-22T16:31:52Z","2025-11-22T16:31:52Z","True","True","0","0","[]","LBTkMoHNaAg","GOKU Y VEGETA","2","Mais antigos"
"@Fabian_xd-14","UCfnnFSNxBFKGocWRDADkaXg","http://www.youtube.com/@Fabian_xd-14","Aquí lo que vieron cuando Alejo llamó zamasu a Goku black. 😂
👇","1624","2024-06-19T00:11:40Z","2024-06-19T00:11:40Z","True","True","156","5","[{'autor': '@Lucas_pro236', 'comentario': 'En realidad se llama zamasu Goku black porque cambiaron de cuerpos en el anime', 'likes': 69, 'publicado_em': '2024-06-19T03:30:48Z'}, {'autor': '@benjaminsejak8944', 'comentario': '\u200b@Lucas_pro236pero así lo llaman en el anime Goku black', 'likes': 17, 'publicado_em': '2024-06-19T05:08:15Z'}, {'autor': '@CarmenLopez-t5p', 'comentario': 'Es sierto es blak goku 😂😂', 'likes': 7, 'publicado_em': '2024-06-20T16:51:18Z'}, {'autor': '@BlueLockfan-i2e', 'comentario': 'Está bien Goku es su apodo zamasu es el nombre', 'likes': 7, 'publicado_em': '2024-06-20T17:28:00Z'}, {'autor': '@OmarLoto-p9q', 'comentario': 'Mal', 'likes': 2, 'publicado_em': '2024-06-20T20:07:04Z'}]","LBTkMoHNaAg","GOKU Y VEGETA","3","Mais curtidos"
"@WilserAlexsanderSuarezBenitez","UCirAtldREGWrUr1YWsF2g7w","http://www.youtube.com/@WilserAlexsanderSuarezBenitez","Estoy muy emocionado por que subas un vídeo nuevo aquí los que quieren ver un nuevo video de Alejo
👇","60","2024-06-18T22:50:44Z","2024-06-18T22:50:44Z","True","True","5","5","[{'autor': '@Ee__pqp', 'comentario': 'Listo', 'likes': 3, 'publicado_em': '2024-06-19T02:58:22Z'}, {'autor': '@MariangelyCornieles', 'comentario': 'Listo', 'likes': 1, 'publicado_em': '2024-07-25T17:20:16Z'}, {'autor': '@MaricelaFlores-m4p', 'comentario': '@MariangelyCornieles✈️😘😇', 'likes': 0, 'publicado_em': '2024-08-12T01:23:53Z'}, {'autor': '@magallypalomares', 'comentario': 'G hf du', 'likes': 0, 'publicado_em': '2024-09-16T22:44:06Z'}, {'autor': '@PaulaFrancisco-e7p', 'comentario': 'Yoooooo🎉', 'likes': 1, 'publicado_em': '2024-12-24T02:08:55Z'}]","LBTkMoHNaAg","GOKU Y VEGETA","3","Mais curtidos"
"@monicagorosito7830","UCLYWO5W2LIGw-KgCpv5ZcUQ","http://www.youtube.com/@monicagorosito7830","❤ mándame un saludo","55","2025-05-06T02:57:55Z","2025-05-06T02:57:55Z","True","True","6","5","[{'autor': '@deizicastillo3296', 'comentario': 'yuneisi', 'likes': 8, 'publicado_em': '2025-05-30T19:59:01Z'}, {'autor': '@ThiagoAndrade-d4h', 'comentario': 'Listo en play 5🎉🎉😡', 'likes': 1, 'publicado_em': '2025-06-09T03:41:15Z'}, {'autor': '@DanaCantera', 'comentario': 'Quiero uno porfa', 'likes': 0, 'publicado_em': '2025-08-25T23:04:01Z'}, {'autor': '@AlexissalirMendesverasadul', 'comentario': 'Ami porfvoro❤❤❤❤❤❤🙏😭', 'likes': 0, 'publicado_em': '2025-09-19T19:50:49Z'}, {'autor': '@joseguevara5862', 'comentario': 'Yo ya me suscribí', 'likes': 0, 'publicado_em': '2025-10-11T00:20:25Z'}]","LBTkMoHNaAg","GOKU Y VEGETA","3","Mais curtidos"
"@melanyguerrero6294","UCrh4t6C8bU1Gr0aN-lK6rBw","http://www.youtube.com/@melanyguerrero6294","Ya me suscribí y le di like","43","2024-07-09T17:30:49Z","2024-07-09T17:30:49Z","True","True","2","2","[{'autor': '@KellyPreciado-gv7mk', 'comentario': 'Lalijoi3000000001\n\n😅', 'likes': 4, 'publicado_em': '2024-08-03T23:38:41Z'}, {'autor': '@jorgeurtubiaaguilera2291', 'comentario': 'Looo🎉', 'likes': 0, 'publicado_em': '2025-03-27T18:46:01Z'}]","LBTkMoHNaAg","GOKU Y VEGETA","3","Mais curtidos"
"@FilibertoCorpa","UC5-5MGBKd41QhVI0JfPeq-w","http://www.youtube.com/@FilibertoCorpa","yo lo aprete mucho yiempo me lo das ❤❤❤❤ eres una gran persona","43","2024-06-19T21:33:28Z","2024-06-19T21:33:28Z","True","True","3","3","[{'autor': '@julioacanda-s6d', 'comentario': 'Alejo ven a Cuba', 'likes': 6, 'publicado_em': '2025-03-09T19:49:49Z'}, {'autor': '@estrellanavarrete5022', 'comentario': 'Hola hijo igual cómo estás te amo mucho tu chiste favorito chao😊', 'likes': 1, 'publicado_em': '2025-03-25T21:32:26Z'}, {'autor': '@YusmeryCueva', 'comentario': '❤😊', 'likes': 1, 'publicado_em': '2025-04-08T17:57:38Z'}]","LBTkMoHNaAg","GOKU Y VEGETA","3","Mais curtidos"
"@SebiGali-rs3fe","UCUSP1cYVdq9ODxOtEe6wyMA","http://www.youtube.com/@SebiGali-rs3fe","like si aman a alejo yo te amo de tu fan Cecilia❤❤❤","36","2024-06-18T22:22:42Z","2024-06-18T22:22:42Z","True","True","0","0","[]","LBTkMoHNaAg","GOKU Y VEGETA","3","Mais curtidos"
"@liszethteran3442","UCIuD7YetBOThI8A8-shIDNQ","http://www.youtube.com/@liszethteran3442","Qué bueno está muy buenazo todo esto 
Fjc","28","2024-12-04T01:03:10Z","2024-12-04T01:03:10Z","True","True","3","3","[{'autor': '@ElianaDiosa-yt6io', 'comentario': 'Ese es yancha', 'likes': 11, 'publicado_em': '2025-03-31T20:00:44Z'}, {'autor': '@Abel51-t4c', 'comentario': 'Aguanta alejo igoa yo estoy suscrito a tu canal siempre veo tu video', 'likes': 2, 'publicado_em': '2025-06-16T18:40:49Z'}, {'autor': '@aldemialdemi2330', 'comentario': 'ASAFF. 7😅😂❤1🤕🤒😭🤒🤧🇧🇷', 'likes': 0, 'publicado_em': '2025-07-24T00:22:49Z'}]","LBTkMoHNaAg","GOKU Y VEGETA","3","Mais curtidos"
"@selenearce7629","UCrw-raMZTq_Pi6tXdBYPGLw","http://www.youtube.com/@selenearce7629","Yo también soy tu fan ya estoy suscrito hace 2 años","24","2024-09-01T14:17:38Z","2024-09-01T14:17:38Z","True","True","1","1","[{'autor': '@LeyderAlexanderCasso', 'comentario': 'Yo también ❤', 'likes': 1, 'publicado_em': '2025-03-04T00:56:52Z'}]","LBTkMoHNaAg","GOKU Y VEGETA","3","Mais curtidos"
"@GenesisJavier-tv1hp","UC1GwzfYa5fhHG8w5xCyPvow","http://www.youtube.com/@GenesisJavier-tv1hp","😂alego soy tu mayor fans quisiera que isieras unos videos de bromas los extraño 😅🎉🎉🎉","19","2024-06-24T13:51:28Z","2024-06-24T13:51:28Z","True","True","0","0","[]","LBTkMoHNaAg","GOKU Y VEGETA","3","Mais curtidos"
"@MaríaMejia-e4j","UCayeUOTFBYEAaxFJaHm2Q5w","http://www.youtube.com/@Mar%C3%ADaMejia-e4j","hola alejo soy tu fan numero 1 nunca me pierdo tus videos quiero cono cerre en la vida real no se muchas cosas por que tengo problemas de aprendizaje me entanta tus hermanos y amigos soy muy fan de  male y paloma si empre le doy like y me suscribo","17","2024-06-27T02:23:59Z","2024-06-27T02:23:59Z","True","True","0","0","[]","LBTkMoHNaAg","GOKU Y VEGETA","3","Mais curtidos"
"@Bacilia-w4d","UCZqjCGnqwoxBjHB75ASPI6A","http://www.youtube.com/@Bacilia-w4d","Ya me suscribi ase rato❤❤❤❤❤❤❤🎉🎉🎉🎉🎉🎉🎉🎉🎉🎉😊😊😊😊😊🎉🎉🎉😊🎉😊🎉😊🎉😊🎉😊🎉😊🎉😊🎉😊🎉🎉😊🎉😊🎉🎉😊🎉😊","14","2024-07-11T18:01:23Z","2024-07-11T18:01:23Z","True","True","5","5","[{'autor': '@abderrahimbouadili8562', 'comentario': 'Doo❤❤❤❤❤❤❤❤husitzowoosissiwisoiwysytt es tu idow8wie8euegeteysk', 'likes': 1, 'publicado_em': '2024-07-16T13:00:35Z'}, {'autor': '@BrayanhLoera-di2rn', 'comentario': 'B1j1❤😂🎉😢😮😅😊3😂1🔦🔦⏸🔦⚔🔦⚔🔦🗒🔦🗒🔦🗒🔦😎😗🙂🙏🏼🙏🏼🙏🏼🙏🏼🙏🏼🙏🙏🏼', 'likes': 0, 'publicado_em': '2024-07-16T15:15:24Z'}, {'autor': '@AlejandroBarrios-zh9fe', 'comentario': 'A', 'likes': 0, 'publicado_em': '2024-07-21T06:12:17Z'}, {'autor': '@ElizabethColli-d8b', 'comentario': 'No. Tienes asamasu', 'likes': 0, 'publicado_em': '2025-04-07T20:13:04Z'}, {'autor': '@manuelferreira8200', 'comentario': '😂🎉😢😮😅😊❤❤❤❤😢😢😮😮', 'likes': 0, 'publicado_em': '2025-07-27T17:38:50Z'}]","LBTkMoHNaAg","GOKU Y VEGETA","3","Mais curtidos"
"@marielaguerrero","UCUmj2yx-MOel_p6jCNf8CSg","http://www.youtube.com/@marielaguerrero","Yo alejo yo so I el fan número 1 de dragon ball enserio lo quiero y estoy suscrito a tu canal poni y ya le di like porfiiiiiiiii😢❤","7","2024-12-23T20:30:21Z","2024-12-23T20:30:21Z","True","True","0","0","[]","LBTkMoHNaAg","GOKU Y VEGETA","3","Mais curtidos"
"@dinasequeira4325","UCrhT9CU8lw0e-RejP1onLtA","http://www.youtube.com/@dinasequeira4325","Yo ya estaba suscrita❤😊🎉","7","2024-06-26T03:28:54Z","2024-06-26T03:28:54Z","True","True","0","0","[]","LBTkMoHNaAg","GOKU Y VEGETA","3","Mais curtidos"
"@juanivaldesparada511","UCisTXzMLa0NSMKfI21tnGYQ","http://www.youtube.com/@juanivaldesparada511","Alejo Ariel más bacán tú así los videos mucho más baca❤❤❤❤❤❤❤❤❤❤❤❤❤❤❤❤❤","5","2024-06-26T15:01:44Z","2024-06-26T15:01:44Z","True","True","0","0","[]","LBTkMoHNaAg","GOKU Y VEGETA","3","Mais curtidos"
"@mariaelenavelarde8846","UCkwQudlSr9WYDl48_BIZL_Q","http://www.youtube.com/@mariaelenavelarde8846","Eres el mejor ❤️‍🩹❤️‍🩹❤️‍🩹❤️‍🩹❤️‍🩹❤️‍🩹🎉","4","2025-05-06T19:07:50Z","2025-05-06T19:07:50Z","True","True","0","0","[]","LBTkMoHNaAg","GOKU Y VEGETA","3","Mais curtidos"
"@dennyzsuarez9116","UCs6ORXM1xA1M7xRTWEmiTBg","http://www.youtube.com/@dennyzsuarez9116","Soy un suscriptor","3","2025-09-15T23:42:45Z","2025-09-15T23:42:45Z","True","True","0","0","[]","LBTkMoHNaAg","GOKU Y VEGETA","3","Mais curtidos"
"@SebastianDuque-r2f","UCHC78tn5zzBuv9mutErng1A","http://www.youtube.com/@SebastianDuque-r2f","Por favor me puedes mandar una figura de Goku articulado ❤❤❤❤❤🎉 eres genial","3","2025-03-26T12:42:23Z","2025-03-26T12:42:23Z","True","True","0","0","[]","LBTkMoHNaAg","GOKU Y VEGETA","3","Mais curtidos"
"@NestorFaneite-b7m","UCVZjk7QwyeUifW2UJFhbCdA","http://www.youtube.com/@NestorFaneite-b7m","Me regalas un calendario 😍","2","2025-11-08T15:24:35Z","2025-11-08T15:24:35Z","True","True","0","0","[]","LBTkMoHNaAg","GOKU Y VEGETA","3","Mais curtidos"
"@ericamayerlygalvisramirez2622","UCXihH_6fX_PqF4VpRlUeKtA","http://www.youtube.com/@ericamayerlygalvisramirez2622","Ese que viene con el gato se ve chévere","1","2025-11-22T16:31:52Z","2025-11-22T16:31:52Z","True","True","0","0","[]","LBTkMoHNaAg","GOKU Y VEGETA","3","Mais curtidos"
"@NestorFaneite-b7m","UCVZjk7QwyeUifW2UJFhbCdA","http://www.youtube.com/@NestorFaneite-b7m","Quiero un calendario de dragon ball z 😍😍🙏🙏","1","2025-11-08T15:25:20Z","2025-11-08T15:25:20Z","True","True","0","0","[]","LBTkMoHNaAg","GOKU Y VEGETA","3","Mais curtidos"
"@MaríaMejia-e4j","UCayeUOTFBYEAaxFJaHm2Q5w","http://www.youtube.com/@Mar%C3%ADaMejia-e4j","hola alejo soy tu fan numero 1 nunca me pierdo tus videos quiero cono cerre en la vida real no se muchas cosas por que tengo problemas de aprendizaje me entanta tus hermanos y amigos soy muy fan de  male y paloma si empre le doy like y me suscribo","17","2024-06-27T02:23:59Z","2024-06-27T02:23:59Z","True","True","0","0","[]","LBTkMoHNaAg","GOKU Y VEGETA","4","Mais longos"
"@marielaguerrero","UCUmj2yx-MOel_p6jCNf8CSg","http://www.youtube.com/@marielaguerrero","Yo alejo yo so I el fan número 1 de dragon ball enserio lo quiero y estoy suscrito a tu canal poni y ya le di like porfiiiiiiiii😢❤","7","2024-12-23T20:30:21Z","2024-12-23T20:30:21Z","True","True","0","0","[]","LBTkMoHNaAg","GOKU Y VEGETA","4","Mais longos"
"@WilserAlexsanderSuarezBenitez","UCirAtldREGWrUr1YWsF2g7w","http://www.youtube.com/@WilserAlexsanderSuarezBenitez","Estoy muy emocionado por que subas un vídeo nuevo aquí los que quieren ver un nuevo video de Alejo
👇","60","2024-06-18T22:50:44Z","2024-06-18T22:50:44Z","True","True","5","5","[{'autor': '@Ee__pqp', 'comentario': 'Listo', 'likes': 3, 'publicado_em': '2024-06-19T02:58:22Z'}, {'autor': '@MariangelyCornieles', 'comentario': 'Listo', 'likes': 1, 'publicado_em': '2024-07-25T17:20:16Z'}, {'autor': '@MaricelaFlores-m4p', 'comentario': '@MariangelyCornieles✈️😘😇', 'likes': 0, 'publicado_em': '2024-08-12T01:23:53Z'}, {'autor': '@magallypalomares', 'comentario': 'G hf du', 'likes': 0, 'publicado_em': '2024-09-16T22:44:06Z'}, {'autor': '@PaulaFrancisco-e7p', 'comentario': 'Yoooooo🎉', 'likes': 1, 'publicado_em': '2024-12-24T02:08:55Z'}]","LBTkMoHNaAg","GOKU Y VEGETA","4","Mais longos"
"@GenesisJavier-tv1hp","UC1GwzfYa5fhHG8w5xCyPvow","http://www.youtube.com/@GenesisJavier-tv1hp","😂alego soy tu mayor fans quisiera que isieras unos videos de bromas los extraño 😅🎉🎉🎉","19","2024-06-24T13:51:28Z","2024-06-24T13:51:28Z","True","True","0","0","[]","LBTkMoHNaAg","GOKU Y VEGETA","4","Mais longos"
"@SebastianDuque-r2f","UCHC78tn5zzBuv9mutErng1A","http://www.youtube.com/@SebastianDuque-r2f","Por favor me puedes mandar una figura de Goku articulado ❤❤❤❤❤🎉 eres genial","3","2025-03-26T12:42:23Z","2025-03-26T12:42:23Z","True","True","0","0","[]","LBTkMoHNaAg","GOKU Y VEGETA","4","Mais longos"
"@Bacilia-w4d","UCZqjCGnqwoxBjHB75ASPI6A","http://www.youtube.com/@Bacilia-w4d","Ya me suscribi ase rato❤❤❤❤❤❤❤🎉🎉🎉🎉🎉🎉🎉🎉🎉🎉😊😊😊😊😊🎉🎉🎉😊🎉😊🎉😊🎉😊🎉😊🎉😊🎉😊🎉😊🎉🎉😊🎉😊🎉🎉😊🎉😊","14","2024-07-11T18:01:23Z","2024-07-11T18:01:23Z","True","True","5","5","[{'autor': '@abderrahimbouadili8562', 'comentario': 'Doo❤❤❤❤❤❤❤❤husitzowoosissiwisoiwysytt es tu idow8wie8euegeteysk', 'likes': 1, 'publicado_em': '2024-07-16T13:00:35Z'}, {'autor': '@BrayanhLoera-di2rn', 'comentario': 'B1j1❤😂🎉😢😮😅😊3😂1🔦🔦⏸🔦⚔🔦⚔🔦🗒🔦🗒🔦🗒🔦😎😗🙂🙏🏼🙏🏼🙏🏼🙏🏼🙏🏼🙏🙏🏼', 'likes': 0, 'publicado_em': '2024-07-16T15:15:24Z'}, {'autor': '@AlejandroBarrios-zh9fe', 'comentario': 'A', 'likes': 0, 'publicado_em': '2024-07-21T06:12:17Z'}, {'autor': '@ElizabethColli-d8b', 'comentario': 'No. Tienes asamasu', 'likes': 0, 'publicado_em': '2025-04-07T20:13:04Z'}, {'autor': '@manuelferreira8200', 'comentario': '😂🎉😢😮😅😊❤❤❤❤😢😢😮😮', 'likes': 0, 'publicado_em': '2025-07-27T17:38:50Z'}]","LBTkMoHNaAg","GOKU Y VEGETA","4","Mais longos"
"@juanivaldesparada511","UCisTXzMLa0NSMKfI21tnGYQ","http://www.youtube.com/@juanivaldesparada511","Alejo Ariel más bacán tú así los videos mucho más baca❤❤❤❤❤❤❤❤❤❤❤❤❤❤❤❤❤","5","2024-06-26T15:01:44Z","2024-06-26T15:01:44Z","True","True","0","0","[]","LBTkMoHNaAg","GOKU Y VEGETA","4","Mais longos"
"@Fabian_xd-14","UCfnnFSNxBFKGocWRDADkaXg","http://www.youtube.com/@Fabian_xd-14","Aquí lo que vieron cuando Alejo llamó zamasu a Goku black. 😂
👇","1624","2024-06-19T00:11:40Z","2024-06-19T00:11:40Z","True","True","156","5","[{'autor': '@Lucas_pro236', 'comentario': 'En realidad se llama zamasu Goku black porque cambiaron de cuerpos en el anime', 'likes': 69, 'publicado_em': '2024-06-19T03:30:48Z'}, {'autor': '@benjaminsejak8944', 'comentario': '\u200b@Lucas_pro236pero así lo llaman en el anime Goku black', 'likes': 17, 'publicado_em': '2024-06-19T05:08:15Z'}, {'autor': '@CarmenLopez-t5p', 'comentario': 'Es sierto es blak goku 😂😂', 'likes': 7, 'publicado_em': '2024-06-20T16:51:18Z'}, {'autor': '@BlueLockfan-i2e', 'comentario': 'Está bien Goku es su apodo zamasu es el nombre', 'likes': 7, 'publicado_em': '2024-06-20T17:28:00Z'}, {'autor': '@OmarLoto-p9q', 'comentario': 'Mal', 'likes': 2, 'publicado_em': '2024-06-20T20:07:04Z'}]","LBTkMoHNaAg","GOKU Y VEGETA","4","Mais longos"
"@FilibertoCorpa","UC5-5MGBKd41QhVI0JfPeq-w","http://www.youtube.com/@FilibertoCorpa","yo lo aprete mucho yiempo me lo das ❤❤❤❤ eres una gran persona","43","2024-06-19T21:33:28Z","2024-06-19T21:33:28Z","True","True","3","3","[{'autor': '@julioacanda-s6d', 'comentario': 'Alejo ven a Cuba', 'likes': 6, 'publicado_em': '2025-03-09T19:49:49Z'}, {'autor': '@estrellanavarrete5022', 'comentario': 'Hola hijo igual cómo estás te amo mucho tu chiste favorito chao😊', 'likes': 1, 'publicado_em': '2025-03-25T21:32:26Z'}, {'autor': '@YusmeryCueva', 'comentario': '❤😊', 'likes': 1, 'publicado_em': '2025-04-08T17:57:38Z'}]","LBTkMoHNaAg","GOKU Y VEGETA","4","Mais longos"
"@SebiGali-rs3fe","UCUSP1cYVdq9ODxOtEe6wyMA","http://www.youtube.com/@SebiGali-rs3fe","like si aman a alejo yo te amo de tu fan Cecilia❤❤❤","36","2024-06-18T22:22:42Z","2024-06-18T22:22:42Z","True","True","0","0","[]","LBTkMoHNaAg","GOKU Y VEGETA","4","Mais longos"
"@selenearce7629","UCrw-raMZTq_Pi6tXdBYPGLw","http://www.youtube.com/@selenearce7629","Yo también soy tu fan ya estoy suscrito hace 2 años","24","2024-09-01T14:17:38Z","2024-09-01T14:17:38Z","True","True","1","1","[{'autor': '@LeyderAlexanderCasso', 'comentario': 'Yo también ❤', 'likes': 1, 'publicado_em': '2025-03-04T00:56:52Z'}]","LBTkMoHNaAg","GOKU Y VEGETA","4","Mais longos"
"@NestorFaneite-b7m","UCVZjk7QwyeUifW2UJFhbCdA","http://www.youtube.com/@NestorFaneite-b7m","Quiero un calendario de dragon ball z 😍😍🙏🙏","1","2025-11-08T15:25:20Z","2025-11-08T15:25:20Z","True","True","0","0","[]","LBTkMoHNaAg","GOKU Y VEGETA","4","Mais longos"
"@liszethteran3442","UCIuD7YetBOThI8A8-shIDNQ","http://www.youtube.com/@liszethteran3442","Qué bueno está muy buenazo todo esto 
Fjc","28","2024-12-04T01:03:10Z","2024-12-04T01:03:10Z","True","True","3","3","[{'autor': '@ElianaDiosa-yt6io', 'comentario': 'Ese es yancha', 'likes': 11, 'publicado_em': '2025-03-31T20:00:44Z'}, {'autor': '@Abel51-t4c', 'comentario': 'Aguanta alejo igoa yo estoy suscrito a tu canal siempre veo tu video', 'likes': 2, 'publicado_em': '2025-06-16T18:40:49Z'}, {'autor': '@aldemialdemi2330', 'comentario': 'ASAFF. 7😅😂❤1🤕🤒😭🤒🤧🇧🇷', 'likes': 0, 'publicado_em': '2025-07-24T00:22:49Z'}]","LBTkMoHNaAg","GOKU Y VEGETA","4","Mais longos"
"@mariaelenavelarde8846","UCkwQudlSr9WYDl48_BIZL_Q","http://www.youtube.com/@mariaelenavelarde8846","Eres el mejor ❤️‍🩹❤️‍🩹❤️‍🩹❤️‍🩹❤️‍🩹❤️‍🩹🎉","4","2025-05-06T19:07:50Z","2025-05-06T19:07:50Z","True","True","0","0","[]","LBTkMoHNaAg","GOKU Y VEGETA","4","Mais longos"
"@ericamayerlygalvisramirez2622","UCXihH_6fX_PqF4VpRlUeKtA","http://www.youtube.com/@ericamayerlygalvisramirez2622","Ese que viene con el gato se ve chévere","1","2025-11-22T16:31:52Z","2025-11-22T16:31:52Z","True","True","0","0","[]","LBTkMoHNaAg","GOKU Y VEGETA","4","Mais longos"
"@melanyguerrero6294","UCrh4t6C8bU1Gr0aN-lK6rBw","http://www.youtube.com/@melanyguerrero6294","Ya me suscribí y le di like","43","2024-07-09T17:30:49Z","2024-07-09T17:30:49Z","True","True","2","2","[{'autor': '@KellyPreciado-gv7mk', 'comentario': 'Lalijoi3000000001\n\n😅', 'likes': 4, 'publicado_em': '2024-08-03T23:38:41Z'}, {'autor': '@jorgeurtubiaaguilera2291', 'comentario': 'Looo🎉', 'likes': 0, 'publicado_em': '2025-03-27T18:46:01Z'}]","LBTkMoHNaAg","GOKU Y VEGETA","4","Mais longos"
"@NestorFaneite-b7m","UCVZjk7QwyeUifW2UJFhbCdA","http://www.youtube.com/@NestorFaneite-b7m","Me regalas un calendario 😍","2","2025-11-08T15:24:35Z","2025-11-08T15:24:35Z","True","True","0","0","[]","LBTkMoHNaAg","GOKU Y VEGETA","4","Mais longos"
"@dinasequeira4325","UCrhT9CU8lw0e-RejP1onLtA","http://www.youtube.com/@dinasequeira4325","Yo ya estaba suscrita❤😊🎉","7","2024-06-26T03:28:54Z","2024-06-26T03:28:54Z","True","True","0","0","[]","LBTkMoHNaAg","GOKU Y VEGETA","4","Mais longos"
"@monicagorosito7830","UCLYWO5W2LIGw-KgCpv5ZcUQ","http://www.youtube.com/@monicagorosito7830","❤ mándame un saludo","55","2025-05-06T02:57:55Z","2025-05-06T02:57:55Z","True","True","6","5","[{'autor': '@deizicastillo3296', 'comentario': 'yuneisi', 'likes': 8, 'publicado_em': '2025-05-30T19:59:01Z'}, {'autor': '@ThiagoAndrade-d4h', 'comentario': 'Listo en play 5🎉🎉😡', 'likes': 1, 'publicado_em': '2025-06-09T03:41:15Z'}, {'autor': '@DanaCantera', 'comentario': 'Quiero uno porfa', 'likes': 0, 'publicado_em': '2025-08-25T23:04:01Z'}, {'autor': '@AlexissalirMendesverasadul', 'comentario': 'Ami porfvoro❤❤❤❤❤❤🙏😭', 'likes': 0, 'publicado_em': '2025-09-19T19:50:49Z'}, {'autor': '@joseguevara5862', 'comentario': 'Yo ya me suscribí', 'likes': 0, 'publicado_em': '2025-10-11T00:20:25Z'}]","LBTkMoHNaAg","GOKU Y VEGETA","4","Mais longos"
"@dennyzsuarez9116","UCs6ORXM1xA1M7xRTWEmiTBg","http://www.youtube.com/@dennyzsuarez9116","Soy un suscriptor","3","2025-09-15T23:42:45Z","2025-09-15T23:42:45Z","True","True","0","0","[]","LBTkMoHNaAg","GOKU Y VEGETA","4","Mais longos"
"@Skylar-f7v","UCCH7RyR8hQZoRwHIGEmcQVg","http://www.youtube.com/@Skylar-f7v","the necks too short","1","2025-11-11T00:09:53Z","2025-11-11T00:09:53Z","True","True","0","0","[]","AaPylcCupVA","My best goku build yet 😈 #goku #dbz #dragonball #anime #memes #fyp #minecraft #minecraftmemes","1","Mais novos"
"@amirwasim503","UCbpStQAXdPmmVYHNqApfEBg","http://www.youtube.com/@amirwasim503","Goku❎ Burj khalifa ✅😂😂","1","2025-11-09T21:58:26Z","2025-11-09T21:58:26Z","True","True","0","0","[]","AaPylcCupVA","My best goku build yet 😈 #goku #dbz #dragonball #anime #memes #fyp #minecraft #minecraftmemes","1","Mais novos"
"@MercyMogashwa","UCrLvFuSdOrZw4KjR_erCjlw","http://www.youtube.com/@MercyMogashwa","Longest neck ever","2","2025-11-02T15:15:29Z","2025-11-02T15:15:29Z","True","True","0","0","[]","AaPylcCupVA","My best goku build yet 😈 #goku #dbz #dragonball #anime #memes #fyp #minecraft #minecraftmemes","1","Mais novos"
"@Yogesh210y","UClOkpC3foNj7Di5ZOpNX4xg","http://www.youtube.com/@Yogesh210y","Goku❌ slender man ✅","19","2025-10-15T10:32:55Z","2025-10-15T10:32:55Z","True","True","2","2","[{'autor': '@ArmaeshellVillarin', 'comentario': 'slender man❌\nYou✅', 'likes': 1, 'publicado_em': '2025-10-18T23:19:12Z'}, {'autor': '@nihal8590', 'comentario': 'World best built', 'likes': 0, 'publicado_em': '2025-11-02T02:49:41Z'}]","AaPylcCupVA","My best goku build yet 😈 #goku #dbz #dragonball #anime #memes #fyp #minecraft #minecraftmemes","1","Mais novos"
"@anuu280","UCAgUf8AH0LV9HNvn4ra0pcw","http://www.youtube.com/@anuu280","Goku ❌ skeleton ✅ burj khalifa ✅","16","2025-10-12T03:10:38Z","2025-10-12T03:10:38Z","True","True","0","0","[]","AaPylcCupVA","My best goku build yet 😈 #goku #dbz #dragonball #anime #memes #fyp #minecraft #minecraftmemes","1","Mais novos"
"@Swarajsketcharts","UCjT3Ba6FK2DOU7srEyY8sTg","http://www.youtube.com/@Swarajsketcharts","Bro why do this video has 74 million views 😭","1","2025-09-27T20:13:59Z","2025-09-27T20:13:59Z","True","True","0","0","[]","AaPylcCupVA","My best goku build yet 😈 #goku #dbz #dragonball #anime #memes #fyp #minecraft #minecraftmemes","1","Mais novos"
"@kidslearningpoint6419","UChggWoQ2RF9OjH-OjCxZ9ww","http://www.youtube.com/@kidslearningpoint6419","SERIOUSLY????? THATS THE BEST GOKU I HAVE EVER SEEN","1","2025-09-24T09:28:17Z","2025-09-24T09:28:17Z","True","True","0","0","[]","AaPylcCupVA","My best goku build yet 😈 #goku #dbz #dragonball #anime #memes #fyp #minecraft #minecraftmemes","1","Mais novos"
"@DantePeralta-y7l","UCl5z1Jg6QfJy55kmJvlzncg","http://www.youtube.com/@DantePeralta-y7l","Ese Goku es tan hermoso que no quieres ni tener problemas con él 😎😎😎😎👌","1","2025-09-07T18:37:52Z","2025-09-07T18:37:52Z","True","True","0","0","[]","AaPylcCupVA","My best goku build yet 😈 #goku #dbz #dragonball #anime #memes #fyp #minecraft #minecraftmemes","1","Mais novos"
"@FUNWITHTHESIBLINGLS","UCNGMr0MUvc9RXtztpt7t73Q","http://www.youtube.com/@FUNWITHTHESIBLINGLS","Hate? Click this button
👇","67","2025-09-04T08:16:05Z","2025-09-04T08:16:05Z","True","True","1","1","[{'autor': '@Sub-vf2do', 'comentario': 'Bro shut up', 'likes': 1, 'publicado_em': '2025-10-24T15:03:54Z'}]","AaPylcCupVA","My best goku build yet 😈 #goku #dbz #dragonball #anime #memes #fyp #minecraft #minecraftmemes","1","Mais novos"
"@harmansharma7397","UCPjBi1ZhvndJA2zifgPhnlw","http://www.youtube.com/@harmansharma7397","Goku ❌
Burj Khalifa✅","70","2025-09-01T14:47:35Z","2025-09-01T14:47:35Z","True","True","5","5","[{'autor': '@SarathaK-vy6cm', 'comentario': 'Ooombuuuu', 'likes': 2, 'publicado_em': '2025-09-08T13:47:12Z'}, {'autor': '@drmalikabharadwaj4384', 'comentario': 'hahahah', 'likes': 1, 'publicado_em': '2025-09-20T11:23:22Z'}, {'autor': '@ChahatSweetVlogs', 'comentario': '😈😈😈😈👿👿👿👿👿😈😈😈😈👿👿👿😈😈', 'likes': 1, 'publicado_em': '2025-09-22T16:56:48Z'}, {'autor': '@ShineGurung-n1r', 'comentario': 'Mia', 'likes': 1, 'publicado_em': '2025-09-29T07:46:24Z'}, {'autor': '@alreesejaevin7999', 'comentario': '😂😂😂😂', 'likes': 0, 'publicado_em': '2025-11-09T01:51:54Z'}]","AaPylcCupVA","My best goku build yet 😈 #goku #dbz #dragonball #anime #memes #fyp #minecraft #minecraftmemes","1","Mais novos"
"@renardminion7666","UCGdQrwtSZYdUI8k_sAktBRQ","http://www.youtube.com/@renardminion7666","1% Goku 99% Sleep paralysis","228","2025-08-26T10:56:55Z","2025-08-26T10:56:55Z","True","True","14","5","[{'autor': '@samanthamaamaatuaiahutapu3953', 'comentario': '😮⚠️😶\u200d🌫️😨😰😱😭🤯💬💔❤️\U0001fa77🧡💟💚💙\U0001fa75💜🤎🖤\U0001fa76🤍💯💥💢💫💦💨🕳💣💭🗯🗨💬💣💕❤️\u200d🔥💯💢💯💯\U0001faf5✍️🙏🦵🦶👂💪🦷🦴👀👁🦿🫀🧠👄👁👁', 'likes': 0, 'publicado_em': '2025-09-11T02:43:44Z'}, {'autor': '@mj2255-u5o', 'comentario': 'Yea. I have. It noow.', 'likes': 2, 'publicado_em': '2025-09-12T02:23:05Z'}, {'autor': '@numchaisathornkit4729', 'comentario': '😂😂', 'likes': 1, 'publicado_em': '2025-09-14T05:55:05Z'}, {'autor': '@FlavioniAiko', 'comentario': '\u200b@numchaisathornkit4729 haha', 'likes': 0, 'publicado_em': '2025-09-26T05:15:06Z'}, {'autor': '@MariaAndreaPichardoEspin-ln8ox', 'comentario': 'Bts😂😂😂😂😂😂', 'likes': 0, 'publicado_em': '2025-09-26T22:51:03Z'}]","AaPylcCupVA","My best goku build yet 😈 #goku #dbz #dragonball #anime #memes #fyp #minecraft #minecraftmemes","1","Mais novos"
"@psb-t9h","UC3UcBgL6U8-jhJ-dgnnZooA","http://www.youtube.com/@psb-t9h","*Goku❌Goku+giraffe✔️*","42","2025-08-16T13:26:34Z","2025-08-16T13:26:34Z","True","True","5","5","[{'autor': '@psb-t9h', 'comentario': 'Good bro😂😂', 'likes': 2, 'publicado_em': '2025-08-21T06:22:37Z'}, {'autor': '@krishnaentertainment3898', 'comentario': '\u200b@psb-t9hbro u literally said to u only huh', 'likes': 0, 'publicado_em': '2025-08-26T10:37:48Z'}, {'autor': '@rakhikhare5315', 'comentario': 'Parl-G Na Na Na Na marlo-G', 'likes': 1, 'publicado_em': '2025-08-26T15:01:08Z'}, {'autor': '@anuu280', 'comentario': 'Goraffe😂😂😂🤣🤣🤣🤣', 'likes': 3, 'publicado_em': '2025-10-12T03:11:16Z'}, {'autor': '@sh1dxpvps', 'comentario': 'Gogentinosaurus😂', 'likes': 0, 'publicado_em': '2025-10-20T19:44:13Z'}]","AaPylcCupVA","My best goku build yet 😈 #goku #dbz #dragonball #anime #memes #fyp #minecraft #minecraftmemes","1","Mais novos"
"@ShivrajKendre-b5o","UCCNEQrUXt9mBajlkV1vOjmA","http://www.youtube.com/@ShivrajKendre-b5o","GOKU❎ Burj Khalifa✅😂😂😂😂","4","2025-08-16T04:17:17Z","2025-08-16T04:17:17Z","True","True","0","0","[]","AaPylcCupVA","My best goku build yet 😈 #goku #dbz #dragonball #anime #memes #fyp #minecraft #minecraftmemes","1","Mais novos"
"@Angelika-v7r","UCHf7KNota-_OGPiZicFuHtg","http://www.youtube.com/@Angelika-v7r","Goku if he was an entity in the backrooms 😂😂😂😅","22","2025-08-04T19:21:54Z","2025-08-04T19:21:54Z","True","True","0","0","[]","AaPylcCupVA","My best goku build yet 😈 #goku #dbz #dragonball #anime #memes #fyp #minecraft #minecraftmemes","1","Mais novos"
"@Ayodannysavage","UCrP6jLI4jwsLeh1ifDrZp2Q","http://www.youtube.com/@Ayodannysavage","Goku statue ❌
Goku onepiece✅","250","2025-07-31T10:00:12Z","2025-07-31T10:00:12Z","True","True","15","5","[{'autor': '@Grampa-froggy-yt', 'comentario': 'Goku meat crayon', 'likes': 1, 'publicado_em': '2025-08-19T04:32:42Z'}, {'autor': '@bambangsetiakawan8730', 'comentario': '🎉🎉🎉🎉🎉', 'likes': 0, 'publicado_em': '2025-08-20T10:05:36Z'}, {'autor': '@Shashikirasoicooking', 'comentario': 'Goku ka statue nahin lag raha alag se gardan ko bilkul se Burj Khalifa jyada banaa Diya Ajeeb type ka gardan banaa Diya Hai nahin to Goku Ne dekh liya to pakka system faad dega', 'likes': 0, 'publicado_em': '2025-09-02T13:59:24Z'}, {'autor': '@NathalieshaynGualon', 'comentario': 'What???', 'likes': 0, 'publicado_em': '2025-09-05T08:09:14Z'}, {'autor': '@Monika_boutiqu', 'comentario': 'Tete ,,', 'likes': 0, 'publicado_em': '2025-09-08T08:56:10Z'}]","AaPylcCupVA","My best goku build yet 😈 #goku #dbz #dragonball #anime #memes #fyp #minecraft #minecraftmemes","1","Mais novos"
"@Goofyboy56","UCCq_lCQop6sNr4pzmnm0OOA","http://www.youtube.com/@Goofyboy56","Even tho it looks like a skinwalker I bet you put a lot of effort on this❤️","318","2025-06-22T17:38:13Z","2025-06-22T17:38:13Z","True","True","32","5","[{'autor': '@yulianaguzman609', 'comentario': '😮😮😮😮😮😮😮😮😮😮😮😮😮😮😮😮😮😮😮😮😮😮😮😮😮😮😮😮😮😮😮😮😮😮😮😮😮😮😮😮😮😮😮😮😮😮😮😮😮😮😮😮😮😮😮😮😮😮😮😮😮😮😮😮😮😮😮😮😮😮😮😮😮😮😮😮😮😮😮😮😮😮😮😮😮😮😮😮😮😮😮😮😮😮😮😮😮😮😮😮😮😮😮😮😮😮😮😮😮😮😮😮😮😮😮😮😮😮😮😮😮😮😮😮😮😮😮😮😮😮😮😮😮😮😮😮', 'likes': 0, 'publicado_em': '2025-06-24T22:10:57Z'}, {'autor': '@andrewsaygo2274', 'comentario': 'Rfgf😂❤🎉🪑😡', 'likes': 0, 'publicado_em': '2025-06-28T00:46:40Z'}, {'autor': '@Leninha-io4ug', 'comentario': 'Da ⚡🌪️🦂\U0001fab8🚇🚦🚲', 'likes': 7, 'publicado_em': '2025-07-04T15:00:29Z'}, {'autor': '@Leninha-io4ug', 'comentario': '🤮🤮🤮🤮', 'likes': 0, 'publicado_em': '2025-07-04T15:00:41Z'}, {'autor': '@حبيبهالمظفر', 'comentario': '😢ض❤؛@$+& ×مص😂', 'likes': 0, 'publicado_em': '2025-07-04T15:30:32Z'}]","AaPylcCupVA","My best goku build yet 😈 #goku #dbz #dragonball #anime #memes #fyp #minecraft #minecraftmemes","1","Mais novos"
"@osaafrajput7","UCGqa3eOdx3MQk-T334Ja4tA","http://www.youtube.com/@osaafrajput7","Goku build❌ Slenderman build ✅","23","2025-06-13T17:22:24Z","2025-06-13T17:22:24Z","True","True","4","4","[{'autor': '@OrlandoSousa-ow9pk', 'comentario': 'Mas. Bomlll.  🎉😮', 'likes': 1, 'publicado_em': '2025-07-08T19:20:56Z'}, {'autor': '@فضلمؤيد-ض3ص', 'comentario': 'لارؤيابسيت', 'likes': 0, 'publicado_em': '2025-07-09T10:15:08Z'}, {'autor': '@abhishekpandey4280', 'comentario': 'Ya head hai ki kya', 'likes': 0, 'publicado_em': '2025-07-10T13:25:28Z'}, {'autor': '@KarolineFerreira-b1v', 'comentario': 'Utgh', 'likes': 0, 'publicado_em': '2025-07-10T22:11:01Z'}]","AaPylcCupVA","My best goku build yet 😈 #goku #dbz #dragonball #anime #memes #fyp #minecraft #minecraftmemes","1","Mais novos"
"@Whatamievenmadefor","UC3ya5_PbNgUbpaL4Klck8Sw","http://www.youtube.com/@Whatamievenmadefor","Why does it get veiny and poke out like the last one!:<","6","2025-06-10T15:52:48Z","2025-06-10T15:52:48Z","True","True","1","1","[{'autor': '@Adriana-fd5te', 'comentario': 'Ei cara você vai ver um YouTube aí você vê que bosta essa de Gugu hein Que bosta é essa você é uma bosta', 'likes': 0, 'publicado_em': '2025-08-13T13:10:16Z'}]","AaPylcCupVA","My best goku build yet 😈 #goku #dbz #dragonball #anime #memes #fyp #minecraft #minecraftmemes","1","Mais novos"
"@BitUGuy","UCIYvSVhW5FGTC1JmbgKbbtA","http://www.youtube.com/@BitUGuy","Goku ate too much creatine, but at least he isn't starving anymore.","27","2025-06-10T15:25:09Z","2025-06-10T15:25:09Z","True","True","1","1","[{'autor': '@PinkyPinky-t1u', 'comentario': '😅😅😅😅😅😅😅😮😅😂😂😂😂😂', 'likes': 1, 'publicado_em': '2025-08-03T12:07:59Z'}]","AaPylcCupVA","My best goku build yet 😈 #goku #dbz #dragonball #anime #memes #fyp #minecraft #minecraftmemes","1","Mais novos"
"@ericaritter6664","UCK2lfnbwySRmxhjLtMqX2ZA","http://www.youtube.com/@ericaritter6664","How much did you snort","36","2025-06-10T15:13:22Z","2025-06-10T15:13:22Z","True","True","5","5","[{'autor': '@Minos_Prime_King_Of_Men', 'comentario': 'All of it', 'likes': 4, 'publicado_em': '2025-06-10T18:10:01Z'}, {'autor': '@l2METERSDEEPINCHEESE', 'comentario': 'Not enough', 'likes': 0, 'publicado_em': '2025-06-10T18:45:34Z'}, {'autor': '@NhuLacvan', 'comentario': '?+!', 'likes': 0, 'publicado_em': '2025-06-14T10:28:01Z'}, {'autor': '@TuNguyễn-l5r', 'comentario': '😮😮😮😮😮😮😮😮', 'likes': 0, 'publicado_em': '2025-06-14T13:23:22Z'}, {'autor': '@hamidnawaz9026', 'comentario': 'Lsjxoajxlzjddkls of the ab workout to 12 dollar 💵💵💵💵💵💵💵💵💵 get to work early so jao and then the ab exercises and I can send it 🙂 🙂 🙂 🙂 🙂 💰 💰 💰 🙂 💰 💰 🙂 💰 🙂 🙂 💰💰💰💰💰💰💰💰💰💰 it k15jyktjfk kffjfkfkfjfgjgkrlfo to get the ab workout to get the house cleaned 😔😔🏡🏠😁😺😞fi', 'likes': 0, 'publicado_em': '2025-06-17T12:18:08Z'}]","AaPylcCupVA","My best goku build yet 😈 #goku #dbz #dragonball #anime #memes #fyp #minecraft #minecraftmemes","1","Mais novos"
"@ericaritter6664","UCK2lfnbwySRmxhjLtMqX2ZA","http://www.youtube.com/@ericaritter6664","How much did you snort","36","2025-06-10T15:13:22Z","2025-06-10T15:13:22Z","True","True","5","5","[{'autor': '@Minos_Prime_King_Of_Men', 'comentario': 'All of it', 'likes': 4, 'publicado_em': '2025-06-10T18:10:01Z'}, {'autor': '@l2METERSDEEPINCHEESE', 'comentario': 'Not enough', 'likes': 0, 'publicado_em': '2025-06-10T18:45:34Z'}, {'autor': '@NhuLacvan', 'comentario': '?+!', 'likes': 0, 'publicado_em': '2025-06-14T10:28:01Z'}, {'autor': '@TuNguyễn-l5r', 'comentario': '😮😮😮😮😮😮😮😮', 'likes': 0, 'publicado_em': '2025-06-14T13:23:22Z'}, {'autor': '@hamidnawaz9026', 'comentario': 'Lsjxoajxlzjddkls of the ab workout to 12 dollar 💵💵💵💵💵💵💵💵💵 get to work early so jao and then the ab exercises and I can send it 🙂 🙂 🙂 🙂 🙂 💰 💰 💰 🙂 💰 💰 🙂 💰 🙂 🙂 💰💰💰💰💰💰💰💰💰💰 it k15jyktjfk kffjfkfkfjfgjgkrlfo to get the ab workout to get the house cleaned 😔😔🏡🏠😁😺😞fi', 'likes': 0, 'publicado_em': '2025-06-17T12:18:08Z'}]","AaPylcCupVA","My best goku build yet 😈 #goku #dbz #dragonball #anime #memes #fyp #minecraft #minecraftmemes","2","Mais antigos"
"@BitUGuy","UCIYvSVhW5FGTC1JmbgKbbtA","http://www.youtube.com/@BitUGuy","Goku ate too much creatine, but at least he isn't starving anymore.","27","2025-06-10T15:25:09Z","2025-06-10T15:25:09Z","True","True","1","1","[{'autor': '@PinkyPinky-t1u', 'comentario': '😅😅😅😅😅😅😅😮😅😂😂😂😂😂', 'likes': 1, 'publicado_em': '2025-08-03T12:07:59Z'}]","AaPylcCupVA","My best goku build yet 😈 #goku #dbz #dragonball #anime #memes #fyp #minecraft #minecraftmemes","2","Mais antigos"
"@Whatamievenmadefor","UC3ya5_PbNgUbpaL4Klck8Sw","http://www.youtube.com/@Whatamievenmadefor","Why does it get veiny and poke out like the last one!:<","6","2025-06-10T15:52:48Z","2025-06-10T15:52:48Z","True","True","1","1","[{'autor': '@Adriana-fd5te', 'comentario': 'Ei cara você vai ver um YouTube aí você vê que bosta essa de Gugu hein Que bosta é essa você é uma bosta', 'likes': 0, 'publicado_em': '2025-08-13T13:10:16Z'}]","AaPylcCupVA","My best goku build yet 😈 #goku #dbz #dragonball #anime #memes #fyp #minecraft #minecraftmemes","2","Mais antigos"
"@osaafrajput7","UCGqa3eOdx3MQk-T334Ja4tA","http://www.youtube.com/@osaafrajput7","Goku build❌ Slenderman build ✅","23","2025-06-13T17:22:24Z","2025-06-13T17:22:24Z","True","True","4","4","[{'autor': '@OrlandoSousa-ow9pk', 'comentario': 'Mas. Bomlll.  🎉😮', 'likes': 1, 'publicado_em': '2025-07-08T19:20:56Z'}, {'autor': '@فضلمؤيد-ض3ص', 'comentario': 'لارؤيابسيت', 'likes': 0, 'publicado_em': '2025-07-09T10:15:08Z'}, {'autor': '@abhishekpandey4280', 'comentario': 'Ya head hai ki kya', 'likes': 0, 'publicado_em': '2025-07-10T13:25:28Z'}, {'autor': '@KarolineFerreira-b1v', 'comentario': 'Utgh', 'likes': 0, 'publicado_em': '2025-07-10T22:11:01Z'}]","AaPylcCupVA","My best goku build yet 😈 #goku #dbz #dragonball #anime #memes #fyp #minecraft #minecraftmemes","2","Mais antigos"
"@Goofyboy56","UCCq_lCQop6sNr4pzmnm0OOA","http://www.youtube.com/@Goofyboy56","Even tho it looks like a skinwalker I bet you put a lot of effort on this❤️","318","2025-06-22T17:38:13Z","2025-06-22T17:38:13Z","True","True","32","5","[{'autor': '@yulianaguzman609', 'comentario': '😮😮😮😮😮😮😮😮😮😮😮😮😮😮😮😮😮😮😮😮😮😮😮😮😮😮😮😮😮😮😮😮😮😮😮😮😮😮😮😮😮😮😮😮😮😮😮😮😮😮😮😮😮😮😮😮😮😮😮😮😮😮😮😮😮😮😮😮😮😮😮😮😮😮😮😮😮😮😮😮😮😮😮😮😮😮😮😮😮😮😮😮😮😮😮😮😮😮😮😮😮😮😮😮😮😮😮😮😮😮😮😮😮😮😮😮😮😮😮😮😮😮😮😮😮😮😮😮😮😮😮😮😮😮😮😮', 'likes': 0, 'publicado_em': '2025-06-24T22:10:57Z'}, {'autor': '@andrewsaygo2274', 'comentario': 'Rfgf😂❤🎉🪑😡', 'likes': 0, 'publicado_em': '2025-06-28T00:46:40Z'}, {'autor': '@Leninha-io4ug', 'comentario': 'Da ⚡🌪️🦂\U0001fab8🚇🚦🚲', 'likes': 7, 'publicado_em': '2025-07-04T15:00:29Z'}, {'autor': '@Leninha-io4ug', 'comentario': '🤮🤮🤮🤮', 'likes': 0, 'publicado_em': '2025-07-04T15:00:41Z'}, {'autor': '@حبيبهالمظفر', 'comentario': '😢ض❤؛@$+& ×مص😂', 'likes': 0, 'publicado_em': '2025-07-04T15:30:32Z'}]","AaPylcCupVA","My best goku build yet 😈 #goku #dbz #dragonball #anime #memes #fyp #minecraft #minecraftmemes","2","Mais antigos"
"@Ayodannysavage","UCrP6jLI4jwsLeh1ifDrZp2Q","http://www.youtube.com/@Ayodannysavage","Goku statue ❌
Goku onepiece✅","250","2025-07-31T10:00:12Z","2025-07-31T10:00:12Z","True","True","15","5","[{'autor': '@Grampa-froggy-yt', 'comentario': 'Goku meat crayon', 'likes': 1, 'publicado_em': '2025-08-19T04:32:42Z'}, {'autor': '@bambangsetiakawan8730', 'comentario': '🎉🎉🎉🎉🎉', 'likes': 0, 'publicado_em': '2025-08-20T10:05:36Z'}, {'autor': '@Shashikirasoicooking', 'comentario': 'Goku ka statue nahin lag raha alag se gardan ko bilkul se Burj Khalifa jyada banaa Diya Ajeeb type ka gardan banaa Diya Hai nahin to Goku Ne dekh liya to pakka system faad dega', 'likes': 0, 'publicado_em': '2025-09-02T13:59:24Z'}, {'autor': '@NathalieshaynGualon', 'comentario': 'What???', 'likes': 0, 'publicado_em': '2025-09-05T08:09:14Z'}, {'autor': '@Monika_boutiqu', 'comentario': 'Tete ,,', 'likes': 0, 'publicado_em': '2025-09-08T08:56:10Z'}]","AaPylcCupVA","My best goku build yet 😈 #goku #dbz #dragonball #anime #memes #fyp #minecraft #minecraftmemes","2","Mais antigos"
"@Angelika-v7r","UCHf7KNota-_OGPiZicFuHtg","http://www.youtube.com/@Angelika-v7r","Goku if he was an entity in the backrooms 😂😂😂😅","22","2025-08-04T19:21:54Z","2025-08-04T19:21:54Z","True","True","0","0","[]","AaPylcCupVA","My best goku build yet 😈 #goku #dbz #dragonball #anime #memes #fyp #minecraft #minecraftmemes","2","Mais antigos"
"@ShivrajKendre-b5o","UCCNEQrUXt9mBajlkV1vOjmA","http://www.youtube.com/@ShivrajKendre-b5o","GOKU❎ Burj Khalifa✅😂😂😂😂","4","2025-08-16T04:17:17Z","2025-08-16T04:17:17Z","True","True","0","0","[]","AaPylcCupVA","My best goku build yet 😈 #goku #dbz #dragonball #anime #memes #fyp #minecraft #minecraftmemes","2","Mais antigos"
"@psb-t9h","UC3UcBgL6U8-jhJ-dgnnZooA","http://www.youtube.com/@psb-t9h","*Goku❌Goku+giraffe✔️*","42","2025-08-16T13:26:34Z","2025-08-16T13:26:34Z","True","True","5","5","[{'autor': '@psb-t9h', 'comentario': 'Good bro😂😂', 'likes': 2, 'publicado_em': '2025-08-21T06:22:37Z'}, {'autor': '@krishnaentertainment3898', 'comentario': '\u200b@psb-t9hbro u literally said to u only huh', 'likes': 0, 'publicado_em': '2025-08-26T10:37:48Z'}, {'autor': '@rakhikhare5315', 'comentario': 'Parl-G Na Na Na Na marlo-G', 'likes': 1, 'publicado_em': '2025-08-26T15:01:08Z'}, {'autor': '@anuu280', 'comentario': 'Goraffe😂😂😂🤣🤣🤣🤣', 'likes': 3, 'publicado_em': '2025-10-12T03:11:16Z'}, {'autor': '@sh1dxpvps', 'comentario': 'Gogentinosaurus😂', 'likes': 0, 'publicado_em': '2025-10-20T19:44:13Z'}]","AaPylcCupVA","My best goku build yet 😈 #goku #dbz #dragonball #anime #memes #fyp #minecraft #minecraftmemes","2","Mais antigos"
"@renardminion7666","UCGdQrwtSZYdUI8k_sAktBRQ","http://www.youtube.com/@renardminion7666","1% Goku 99% Sleep paralysis","228","2025-08-26T10:56:55Z","2025-08-26T10:56:55Z","True","True","14","5","[{'autor': '@samanthamaamaatuaiahutapu3953', 'comentario': '😮⚠️😶\u200d🌫️😨😰😱😭🤯💬💔❤️\U0001fa77🧡💟💚💙\U0001fa75💜🤎🖤\U0001fa76🤍💯💥💢💫💦💨🕳💣💭🗯🗨💬💣💕❤️\u200d🔥💯💢💯💯\U0001faf5✍️🙏🦵🦶👂💪🦷🦴👀👁🦿🫀🧠👄👁👁', 'likes': 0, 'publicado_em': '2025-09-11T02:43:44Z'}, {'autor': '@mj2255-u5o', 'comentario': 'Yea. I have. It noow.', 'likes': 2, 'publicado_em': '2025-09-12T02:23:05Z'}, {'autor': '@numchaisathornkit4729', 'comentario': '😂😂', 'likes': 1, 'publicado_em': '2025-09-14T05:55:05Z'}, {'autor': '@FlavioniAiko', 'comentario': '\u200b@numchaisathornkit4729 haha', 'likes': 0, 'publicado_em': '2025-09-26T05:15:06Z'}, {'autor': '@MariaAndreaPichardoEspin-ln8ox', 'comentario': 'Bts😂😂😂😂😂😂', 'likes': 0, 'publicado_em': '2025-09-26T22:51:03Z'}]","AaPylcCupVA","My best goku build yet 😈 #goku #dbz #dragonball #anime #memes #fyp #minecraft #minecraftmemes","2","Mais antigos"
"@harmansharma7397","UCPjBi1ZhvndJA2zifgPhnlw","http://www.youtube.com/@harmansharma7397","Goku ❌
Burj Khalifa✅","70","2025-09-01T14:47:35Z","2025-09-01T14:47:35Z","True","True","5","5","[{'autor': '@SarathaK-vy6cm', 'comentario': 'Ooombuuuu', 'likes': 2, 'publicado_em': '2025-09-08T13:47:12Z'}, {'autor': '@drmalikabharadwaj4384', 'comentario': 'hahahah', 'likes': 1, 'publicado_em': '2025-09-20T11:23:22Z'}, {'autor': '@ChahatSweetVlogs', 'comentario': '😈😈😈😈👿👿👿👿👿😈😈😈😈👿👿👿😈😈', 'likes': 1, 'publicado_em': '2025-09-22T16:56:48Z'}, {'autor': '@ShineGurung-n1r', 'comentario': 'Mia', 'likes': 1, 'publicado_em': '2025-09-29T07:46:24Z'}, {'autor': '@alreesejaevin7999', 'comentario': '😂😂😂😂', 'likes': 0, 'publicado_em': '2025-11-09T01:51:54Z'}]","AaPylcCupVA","My best goku build yet 😈 #goku #dbz #dragonball #anime #memes #fyp #minecraft #minecraftmemes","2","Mais antigos"
"@FUNWITHTHESIBLINGLS","UCNGMr0MUvc9RXtztpt7t73Q","http://www.youtube.com/@FUNWITHTHESIBLINGLS","Hate? Click this button
👇","67","2025-09-04T08:16:05Z","2025-09-04T08:16:05Z","True","True","1","1","[{'autor': '@Sub-vf2do', 'comentario': 'Bro shut up', 'likes': 1, 'publicado_em': '2025-10-24T15:03:54Z'}]","AaPylcCupVA","My best goku build yet 😈 #goku #dbz #dragonball #anime #memes #fyp #minecraft #minecraftmemes","2","Mais antigos"
"@DantePeralta-y7l","UCl5z1Jg6QfJy55kmJvlzncg","http://www.youtube.com/@DantePeralta-y7l","Ese Goku es tan hermoso que no quieres ni tener problemas con él 😎😎😎😎👌","1","2025-09-07T18:37:52Z","2025-09-07T18:37:52Z","True","True","0","0","[]","AaPylcCupVA","My best goku build yet 😈 #goku #dbz #dragonball #anime #memes #fyp #minecraft #minecraftmemes","2","Mais antigos"
"@kidslearningpoint6419","UChggWoQ2RF9OjH-OjCxZ9ww","http://www.youtube.com/@kidslearningpoint6419","SERIOUSLY????? THATS THE BEST GOKU I HAVE EVER SEEN","1","2025-09-24T09:28:17Z","2025-09-24T09:28:17Z","True","True","0","0","[]","AaPylcCupVA","My best goku build yet 😈 #goku #dbz #dragonball #anime #memes #fyp #minecraft #minecraftmemes","2","Mais antigos"
"@Swarajsketcharts","UCjT3Ba6FK2DOU7srEyY8sTg","http://www.youtube.com/@Swarajsketcharts","Bro why do this video has 74 million views 😭","1","2025-09-27T20:13:59Z","2025-09-27T20:13:59Z","True","True","0","0","[]","AaPylcCupVA","My best goku build yet 😈 #goku #dbz #dragonball #anime #memes #fyp #minecraft #minecraftmemes","2","Mais antigos"
"@anuu280","UCAgUf8AH0LV9HNvn4ra0pcw","http://www.youtube.com/@anuu280","Goku ❌ skeleton ✅ burj khalifa ✅","16","2025-10-12T03:10:38Z","2025-10-12T03:10:38Z","True","True","0","0","[]","AaPylcCupVA","My best goku build yet 😈 #goku #dbz #dragonball #anime #memes #fyp #minecraft #minecraftmemes","2","Mais antigos"
"@Yogesh210y","UClOkpC3foNj7Di5ZOpNX4xg","http://www.youtube.com/@Yogesh210y","Goku❌ slender man ✅","19","2025-10-15T10:32:55Z","2025-10-15T10:32:55Z","True","True","2","2","[{'autor': '@ArmaeshellVillarin', 'comentario': 'slender man❌\nYou✅', 'likes': 1, 'publicado_em': '2025-10-18T23:19:12Z'}, {'autor': '@nihal8590', 'comentario': 'World best built', 'likes': 0, 'publicado_em': '2025-11-02T02:49:41Z'}]","AaPylcCupVA","My best goku build yet 😈 #goku #dbz #dragonball #anime #memes #fyp #minecraft #minecraftmemes","2","Mais antigos"
"@MercyMogashwa","UCrLvFuSdOrZw4KjR_erCjlw","http://www.youtube.com/@MercyMogashwa","Longest neck ever","2","2025-11-02T15:15:29Z","2025-11-02T15:15:29Z","True","True","0","0","[]","AaPylcCupVA","My best goku build yet 😈 #goku #dbz #dragonball #anime #memes #fyp #minecraft #minecraftmemes","2","Mais antigos"
"@amirwasim503","UCbpStQAXdPmmVYHNqApfEBg","http://www.youtube.com/@amirwasim503","Goku❎ Burj khalifa ✅😂😂","1","2025-11-09T21:58:26Z","2025-11-09T21:58:26Z","True","True","0","0","[]","AaPylcCupVA","My best goku build yet 😈 #goku #dbz #dragonball #anime #memes #fyp #minecraft #minecraftmemes","2","Mais antigos"
"@Skylar-f7v","UCCH7RyR8hQZoRwHIGEmcQVg","http://www.youtube.com/@Skylar-f7v","the necks too short","1","2025-11-11T00:09:53Z","2025-11-11T00:09:53Z","True","True","0","0","[]","AaPylcCupVA","My best goku build yet 😈 #goku #dbz #dragonball #anime #memes #fyp #minecraft #minecraftmemes","2","Mais antigos"
"@Goofyboy56","UCCq_lCQop6sNr4pzmnm0OOA","http://www.youtube.com/@Goofyboy56","Even tho it looks like a skinwalker I bet you put a lot of effort on this❤️","318","2025-06-22T17:38:13Z","2025-06-22T17:38:13Z","True","True","32","5","[{'autor': '@yulianaguzman609', 'comentario': '😮😮😮😮😮😮😮😮😮😮😮😮😮😮😮😮😮😮😮😮😮😮😮😮😮😮😮😮😮😮😮😮😮😮😮😮😮😮😮😮😮😮😮😮😮😮😮😮😮😮😮😮😮😮😮😮😮😮😮😮😮😮😮😮😮😮😮😮😮😮😮😮😮😮😮😮😮😮😮😮😮😮😮😮😮😮😮😮😮😮😮😮😮😮😮😮😮😮😮😮😮😮😮😮😮😮😮😮😮😮😮😮😮😮😮😮😮😮😮😮😮😮😮😮😮😮😮😮😮😮😮😮😮😮😮😮', 'likes': 0, 'publicado_em': '2025-06-24T22:10:57Z'}, {'autor': '@andrewsaygo2274', 'comentario': 'Rfgf😂❤🎉🪑😡', 'likes': 0, 'publicado_em': '2025-06-28T00:46:40Z'}, {'autor': '@Leninha-io4ug', 'comentario': 'Da ⚡🌪️🦂\U0001fab8🚇🚦🚲', 'likes': 7, 'publicado_em': '2025-07-04T15:00:29Z'}, {'autor': '@Leninha-io4ug', 'comentario': '🤮🤮🤮🤮', 'likes': 0, 'publicado_em': '2025-07-04T15:00:41Z'}, {'autor': '@حبيبهالمظفر', 'comentario': '😢ض❤؛@$+& ×مص😂', 'likes': 0, 'publicado_em': '2025-07-04T15:30:32Z'}]","AaPylcCupVA","My best goku build yet 😈 #goku #dbz #dragonball #anime #memes #fyp #minecraft #minecraftmemes","3","Mais curtidos"
"@Ayodannysavage","UCrP6jLI4jwsLeh1ifDrZp2Q","http://www.youtube.com/@Ayodannysavage","Goku statue ❌
Goku onepiece✅","250","2025-07-31T10:00:12Z","2025-07-31T10:00:12Z","True","True","15","5","[{'autor': '@Grampa-froggy-yt', 'comentario': 'Goku meat crayon', 'likes': 1, 'publicado_em': '2025-08-19T04:32:42Z'}, {'autor': '@bambangsetiakawan8730', 'comentario': '🎉🎉🎉🎉🎉', 'likes': 0, 'publicado_em': '2025-08-20T10:05:36Z'}, {'autor': '@Shashikirasoicooking', 'comentario': 'Goku ka statue nahin lag raha alag se gardan ko bilkul se Burj Khalifa jyada banaa Diya Ajeeb type ka gardan banaa Diya Hai nahin to Goku Ne dekh liya to pakka system faad dega', 'likes': 0, 'publicado_em': '2025-09-02T13:59:24Z'}, {'autor': '@NathalieshaynGualon', 'comentario': 'What???', 'likes': 0, 'publicado_em': '2025-09-05T08:09:14Z'}, {'autor': '@Monika_boutiqu', 'comentario': 'Tete ,,', 'likes': 0, 'publicado_em': '2025-09-08T08:56:10Z'}]","AaPylcCupVA","My best goku build yet 😈 #goku #dbz #dragonball #anime #memes #fyp #minecraft #minecraftmemes","3","Mais curtidos"
"@renardminion7666","UCGdQrwtSZYdUI8k_sAktBRQ","http://www.youtube.com/@renardminion7666","1% Goku 99% Sleep paralysis","228","2025-08-26T10:56:55Z","2025-08-26T10:56:55Z","True","True","14","5","[{'autor': '@samanthamaamaatuaiahutapu3953', 'comentario': '😮⚠️😶\u200d🌫️😨😰😱😭🤯💬💔❤️\U0001fa77🧡💟💚💙\U0001fa75💜🤎🖤\U0001fa76🤍💯💥💢💫💦💨🕳💣💭🗯🗨💬💣💕❤️\u200d🔥💯💢💯💯\U0001faf5✍️🙏🦵🦶👂💪🦷🦴👀👁🦿🫀🧠👄👁👁', 'likes': 0, 'publicado_em': '2025-09-11T02:43:44Z'}, {'autor': '@mj2255-u5o', 'comentario': 'Yea. I have. It noow.', 'likes': 2, 'publicado_em': '2025-09-12T02:23:05Z'}, {'autor': '@numchaisathornkit4729', 'comentario': '😂😂', 'likes': 1, 'publicado_em': '2025-09-14T05:55:05Z'}, {'autor': '@FlavioniAiko', 'comentario': '\u200b@numchaisathornkit4729 haha', 'likes': 0, 'publicado_em': '2025-09-26T05:15:06Z'}, {'autor': '@MariaAndreaPichardoEspin-ln8ox', 'comentario': 'Bts😂😂😂😂😂😂', 'likes': 0, 'publicado_em': '2025-09-26T22:51:03Z'}]","AaPylcCupVA","My best goku build yet 😈 #goku #dbz #dragonball #anime #memes #fyp #minecraft #minecraftmemes","3","Mais curtidos"
"@harmansharma7397","UCPjBi1ZhvndJA2zifgPhnlw","http://www.youtube.com/@harmansharma7397","Goku ❌
Burj Khalifa✅","70","2025-09-01T14:47:35Z","2025-09-01T14:47:35Z","True","True","5","5","[{'autor': '@SarathaK-vy6cm', 'comentario': 'Ooombuuuu', 'likes': 2, 'publicado_em': '2025-09-08T13:47:12Z'}, {'autor': '@drmalikabharadwaj4384', 'comentario': 'hahahah', 'likes': 1, 'publicado_em': '2025-09-20T11:23:22Z'}, {'autor': '@ChahatSweetVlogs', 'comentario': '😈😈😈😈👿👿👿👿👿😈😈😈😈👿👿👿😈😈', 'likes': 1, 'publicado_em': '2025-09-22T16:56:48Z'}, {'autor': '@ShineGurung-n1r', 'comentario': 'Mia', 'likes': 1, 'publicado_em': '2025-09-29T07:46:24Z'}, {'autor': '@alreesejaevin7999', 'comentario': '😂😂😂😂', 'likes': 0, 'publicado_em': '2025-11-09T01:51:54Z'}]","AaPylcCupVA","My best goku build yet 😈 #goku #dbz #dragonball #anime #memes #fyp #minecraft #minecraftmemes","3","Mais curtidos"
"@FUNWITHTHESIBLINGLS","UCNGMr0MUvc9RXtztpt7t73Q","http://www.youtube.com/@FUNWITHTHESIBLINGLS","Hate? Click this button
👇","67","2025-09-04T08:16:05Z","2025-09-04T08:16:05Z","True","True","1","1","[{'autor': '@Sub-vf2do', 'comentario': 'Bro shut up', 'likes': 1, 'publicado_em': '2025-10-24T15:03:54Z'}]","AaPylcCupVA","My best goku build yet 😈 #goku #dbz #dragonball #anime #memes #fyp #minecraft #minecraftmemes","3","Mais curtidos"
"@psb-t9h","UC3UcBgL6U8-jhJ-dgnnZooA","http://www.youtube.com/@psb-t9h","*Goku❌Goku+giraffe✔️*","42","2025-08-16T13:26:34Z","2025-08-16T13:26:34Z","True","True","5","5","[{'autor': '@psb-t9h', 'comentario': 'Good bro😂😂', 'likes': 2, 'publicado_em': '2025-08-21T06:22:37Z'}, {'autor': '@krishnaentertainment3898', 'comentario': '\u200b@psb-t9hbro u literally said to u only huh', 'likes': 0, 'publicado_em': '2025-08-26T10:37:48Z'}, {'autor': '@rakhikhare5315', 'comentario': 'Parl-G Na Na Na Na marlo-G', 'likes': 1, 'publicado_em': '2025-08-26T15:01:08Z'}, {'autor': '@anuu280', 'comentario': 'Goraffe😂😂😂🤣🤣🤣🤣', 'likes': 3, 'publicado_em': '2025-10-12T03:11:16Z'}, {'autor': '@sh1dxpvps', 'comentario': 'Gogentinosaurus😂', 'likes': 0, 'publicado_em': '2025-10-20T19:44:13Z'}]","AaPylcCupVA","My best goku build yet 😈 #goku #dbz #dragonball #anime #memes #fyp #minecraft #minecraftmemes","3","Mais curtidos"
"@ericaritter6664","UCK2lfnbwySRmxhjLtMqX2ZA","http://www.youtube.com/@ericaritter6664","How much did you snort","36","2025-06-10T15:13:22Z","2025-06-10T15:13:22Z","True","True","5","5","[{'autor': '@Minos_Prime_King_Of_Men', 'comentario': 'All of it', 'likes': 4, 'publicado_em': '2025-06-10T18:10:01Z'}, {'autor': '@l2METERSDEEPINCHEESE', 'comentario': 'Not enough', 'likes': 0, 'publicado_em': '2025-06-10T18:45:34Z'}, {'autor': '@NhuLacvan', 'comentario': '?+!', 'likes': 0, 'publicado_em': '2025-06-14T10:28:01Z'}, {'autor': '@TuNguyễn-l5r', 'comentario': '😮😮😮😮😮😮😮😮', 'likes': 0, 'publicado_em': '2025-06-14T13:23:22Z'}, {'autor': '@hamidnawaz9026', 'comentario': 'Lsjxoajxlzjddkls of the ab workout to 12 dollar 💵💵💵💵💵💵💵💵💵 get to work early so jao and then the ab exercises and I can send it 🙂 🙂 🙂 🙂 🙂 💰 💰 💰 🙂 💰 💰 🙂 💰 🙂 🙂 💰💰💰💰💰💰💰💰💰💰 it k15jyktjfk kffjfkfkfjfgjgkrlfo to get the ab workout to get the house cleaned 😔😔🏡🏠😁😺😞fi', 'likes': 0, 'publicado_em': '2025-06-17T12:18:08Z'}]","AaPylcCupVA","My best goku build yet 😈 #goku #dbz #dragonball #anime #memes #fyp #minecraft #minecraftmemes","3","Mais curtidos"
"@BitUGuy","UCIYvSVhW5FGTC1JmbgKbbtA","http://www.youtube.com/@BitUGuy","Goku ate too much creatine, but at least he isn't starving anymore.","27","2025-06-10T15:25:09Z","2025-06-10T15:25:09Z","True","True","1","1","[{'autor': '@PinkyPinky-t1u', 'comentario': '😅😅😅😅😅😅😅😮😅😂😂😂😂😂', 'likes': 1, 'publicado_em': '2025-08-03T12:07:59Z'}]","AaPylcCupVA","My best goku build yet 😈 #goku #dbz #dragonball #anime #memes #fyp #minecraft #minecraftmemes","3","Mais curtidos"
"@osaafrajput7","UCGqa3eOdx3MQk-T334Ja4tA","http://www.youtube.com/@osaafrajput7","Goku build❌ Slenderman build ✅","23","2025-06-13T17:22:24Z","2025-06-13T17:22:24Z","True","True","4","4","[{'autor': '@OrlandoSousa-ow9pk', 'comentario': 'Mas. Bomlll.  🎉😮', 'likes': 1, 'publicado_em': '2025-07-08T19:20:56Z'}, {'autor': '@فضلمؤيد-ض3ص', 'comentario': 'لارؤيابسيت', 'likes': 0, 'publicado_em': '2025-07-09T10:15:08Z'}, {'autor': '@abhishekpandey4280', 'comentario': 'Ya head hai ki kya', 'likes': 0, 'publicado_em': '2025-07-10T13:25:28Z'}, {'autor': '@KarolineFerreira-b1v', 'comentario': 'Utgh', 'likes': 0, 'publicado_em': '2025-07-10T22:11:01Z'}]","AaPylcCupVA","My best goku build yet 😈 #goku #dbz #dragonball #anime #memes #fyp #minecraft #minecraftmemes","3","Mais curtidos"
"@Angelika-v7r","UCHf7KNota-_OGPiZicFuHtg","http://www.youtube.com/@Angelika-v7r","Goku if he was an entity in the backrooms 😂😂😂😅","22","2025-08-04T19:21:54Z","2025-08-04T19:21:54Z","True","True","0","0","[]","AaPylcCupVA","My best goku build yet 😈 #goku #dbz #dragonball #anime #memes #fyp #minecraft #minecraftmemes","3","Mais curtidos"
"@Yogesh210y","UClOkpC3foNj7Di5ZOpNX4xg","http://www.youtube.com/@Yogesh210y","Goku❌ slender man ✅","19","2025-10-15T10:32:55Z","2025-10-15T10:32:55Z","True","True","2","2","[{'autor': '@ArmaeshellVillarin', 'comentario': 'slender man❌\nYou✅', 'likes': 1, 'publicado_em': '2025-10-18T23:19:12Z'}, {'autor': '@nihal8590', 'comentario': 'World best built', 'likes': 0, 'publicado_em': '2025-11-02T02:49:41Z'}]","AaPylcCupVA","My best goku build yet 😈 #goku #dbz #dragonball #anime #memes #fyp #minecraft #minecraftmemes","3","Mais curtidos"
"@anuu280","UCAgUf8AH0LV9HNvn4ra0pcw","http://www.youtube.com/@anuu280","Goku ❌ skeleton ✅ burj khalifa ✅","16","2025-10-12T03:10:38Z","2025-10-12T03:10:38Z","True","True","0","0","[]","AaPylcCupVA","My best goku build yet 😈 #goku #dbz #dragonball #anime #memes #fyp #minecraft #minecraftmemes","3","Mais curtidos"
"@Whatamievenmadefor","UC3ya5_PbNgUbpaL4Klck8Sw","http://www.youtube.com/@Whatamievenmadefor","Why does it get veiny and poke out like the last one!:<","6","2025-06-10T15:52:48Z","2025-06-10T15:52:48Z","True","True","1","1","[{'autor': '@Adriana-fd5te', 'comentario': 'Ei cara você vai ver um YouTube aí você vê que bosta essa de Gugu hein Que bosta é essa você é uma bosta', 'likes': 0, 'publicado_em': '2025-08-13T13:10:16Z'}]","AaPylcCupVA","My best goku build yet 😈 #goku #dbz #dragonball #anime #memes #fyp #minecraft #minecraftmemes","3","Mais curtidos"
"@ShivrajKendre-b5o","UCCNEQrUXt9mBajlkV1vOjmA","http://www.youtube.com/@ShivrajKendre-b5o","GOKU❎ Burj Khalifa✅😂😂😂😂","4","2025-08-16T04:17:17Z","2025-08-16T04:17:17Z","True","True","0","0","[]","AaPylcCupVA","My best goku build yet 😈 #goku #dbz #dragonball #anime #memes #fyp #minecraft #minecraftmemes","3","Mais curtidos"
"@MercyMogashwa","UCrLvFuSdOrZw4KjR_erCjlw","http://www.youtube.com/@MercyMogashwa","Longest neck ever","2","2025-11-02T15:15:29Z","2025-11-02T15:15:29Z","True","True","0","0","[]","AaPylcCupVA","My best goku build yet 😈 #goku #dbz #dragonball #anime #memes #fyp #minecraft #minecraftmemes","3","Mais curtidos"
"@Skylar-f7v","UCCH7RyR8hQZoRwHIGEmcQVg","http://www.youtube.com/@Skylar-f7v","the necks too short","1","2025-11-11T00:09:53Z","2025-11-11T00:09:53Z","True","True","0","0","[]","AaPylcCupVA","My best goku build yet 😈 #goku #dbz #dragonball #anime #memes #fyp #minecraft #minecraftmemes","3","Mais curtidos"
"@kidslearningpoint6419","UChggWoQ2RF9OjH-OjCxZ9ww","http://www.youtube.com/@kidslearningpoint6419","SERIOUSLY????? THATS THE BEST GOKU I HAVE EVER SEEN","1","2025-09-24T09:28:17Z","2025-09-24T09:28:17Z","True","True","0","0","[]","AaPylcCupVA","My best goku build yet 😈 #goku #dbz #dragonball #anime #memes #fyp #minecraft #minecraftmemes","3","Mais curtidos"
"@Swarajsketcharts","UCjT3Ba6FK2DOU7srEyY8sTg","http://www.youtube.com/@Swarajsketcharts","Bro why do this video has 74 million views 😭","1","2025-09-27T20:13:59Z","2025-09-27T20:13:59Z","True","True","0","0","[]","AaPylcCupVA","My best goku build yet 😈 #goku #dbz #dragonball #anime #memes #fyp #minecraft #minecraftmemes","3","Mais curtidos"
"@DantePeralta-y7l","UCl5z1Jg6QfJy55kmJvlzncg","http://www.youtube.com/@DantePeralta-y7l","Ese Goku es tan hermoso que no quieres ni tener problemas con él 😎😎😎😎👌","1","2025-09-07T18:37:52Z","2025-09-07T18:37:52Z","True","True","0","0","[]","AaPylcCupVA","My best goku build yet 😈 #goku #dbz #dragonball #anime #memes #fyp #minecraft #minecraftmemes","3","Mais curtidos"
"@amirwasim503","UCbpStQAXdPmmVYHNqApfEBg","http://www.youtube.com/@amirwasim503","Goku❎ Burj khalifa ✅😂😂","1","2025-11-09T21:58:26Z","2025-11-09T21:58:26Z","True","True","0","0","[]","AaPylcCupVA","My best goku build yet 😈 #goku #dbz #dragonball #anime #memes #fyp #minecraft #minecraftmemes","3","Mais curtidos"
"@Goofyboy56","UCCq_lCQop6sNr4pzmnm0OOA","http://www.youtube.com/@Goofyboy56","Even tho it looks like a skinwalker I bet you put a lot of effort on this❤️","318","2025-06-22T17:38:13Z","2025-06-22T17:38:13Z","True","True","32","5","[{'autor': '@yulianaguzman609', 'comentario': '😮😮😮😮😮😮😮😮😮😮😮😮😮😮😮😮😮😮😮😮😮😮😮😮😮😮😮😮😮😮😮😮😮😮😮😮😮😮😮😮😮😮😮😮😮😮😮😮😮😮😮😮😮😮😮😮😮😮😮😮😮😮😮😮😮😮😮😮😮😮😮😮😮😮😮😮😮😮😮😮😮😮😮😮😮😮😮😮😮😮😮😮😮😮😮😮😮😮😮😮😮😮😮😮😮😮😮😮😮😮😮😮😮😮😮😮😮😮😮😮😮😮😮😮😮😮😮😮😮😮😮😮😮😮😮😮', 'likes': 0, 'publicado_em': '2025-06-24T22:10:57Z'}, {'autor': '@andrewsaygo2274', 'comentario': 'Rfgf😂❤🎉🪑😡', 'likes': 0, 'publicado_em': '2025-06-28T00:46:40Z'}, {'autor': '@Leninha-io4ug', 'comentario': 'Da ⚡🌪️🦂\U0001fab8🚇🚦🚲', 'likes': 7, 'publicado_em': '2025-07-04T15:00:29Z'}, {'autor': '@Leninha-io4ug', 'comentario': '🤮🤮🤮🤮', 'likes': 0, 'publicado_em': '2025-07-04T15:00:41Z'}, {'autor': '@حبيبهالمظفر', 'comentario': '😢ض❤؛@$+& ×مص😂', 'likes': 0, 'publicado_em': '2025-07-04T15:30:32Z'}]","AaPylcCupVA","My best goku build yet 😈 #goku #dbz #dragonball #anime #memes #fyp #minecraft #minecraftmemes","4","Mais longos"
"@DantePeralta-y7l","UCl5z1Jg6QfJy55kmJvlzncg","http://www.youtube.com/@DantePeralta-y7l","Ese Goku es tan hermoso que no quieres ni tener problemas con él 😎😎😎😎👌","1","2025-09-07T18:37:52Z","2025-09-07T18:37:52Z","True","True","0","0","[]","AaPylcCupVA","My best goku build yet 😈 #goku #dbz #dragonball #anime #memes #fyp #minecraft #minecraftmemes","4","Mais longos"
"@BitUGuy","UCIYvSVhW5FGTC1JmbgKbbtA","http://www.youtube.com/@BitUGuy","Goku ate too much creatine, but at least he isn't starving anymore.","27","2025-06-10T15:25:09Z","2025-06-10T15:25:09Z","True","True","1","1","[{'autor': '@PinkyPinky-t1u', 'comentario': '😅😅😅😅😅😅😅😮😅😂😂😂😂😂', 'likes': 1, 'publicado_em': '2025-08-03T12:07:59Z'}]","AaPylcCupVA","My best goku build yet 😈 #goku #dbz #dragonball #anime #memes #fyp #minecraft #minecraftmemes","4","Mais longos"
"@Whatamievenmadefor","UC3ya5_PbNgUbpaL4Klck8Sw","http://www.youtube.com/@Whatamievenmadefor","Why does it get veiny and poke out like the last one!:<","6","2025-06-10T15:52:48Z","2025-06-10T15:52:48Z","True","True","1","1","[{'autor': '@Adriana-fd5te', 'comentario': 'Ei cara você vai ver um YouTube aí você vê que bosta essa de Gugu hein Que bosta é essa você é uma bosta', 'likes': 0, 'publicado_em': '2025-08-13T13:10:16Z'}]","AaPylcCupVA","My best goku build yet 😈 #goku #dbz #dragonball #anime #memes #fyp #minecraft #minecraftmemes","4","Mais longos"
"@kidslearningpoint6419","UChggWoQ2RF9OjH-OjCxZ9ww","http://www.youtube.com/@kidslearningpoint6419","SERIOUSLY????? THATS THE BEST GOKU I HAVE EVER SEEN","1","2025-09-24T09:28:17Z","2025-09-24T09:28:17Z","True","True","0","0","[]","AaPylcCupVA","My best goku build yet 😈 #goku #dbz #dragonball #anime #memes #fyp #minecraft #minecraftmemes","4","Mais longos"
"@Angelika-v7r","UCHf7KNota-_OGPiZicFuHtg","http://www.youtube.com/@Angelika-v7r","Goku if he was an entity in the backrooms 😂😂😂😅","22","2025-08-04T19:21:54Z","2025-08-04T19:21:54Z","True","True","0","0","[]","AaPylcCupVA","My best goku build yet 😈 #goku #dbz #dragonball #anime #memes #fyp #minecraft #minecraftmemes","4","Mais longos"
"@Swarajsketcharts","UCjT3Ba6FK2DOU7srEyY8sTg","http://www.youtube.com/@Swarajsketcharts","Bro why do this video has 74 million views 😭","1","2025-09-27T20:13:59Z","2025-09-27T20:13:59Z","True","True","0","0","[]","AaPylcCupVA","My best goku build yet 😈 #goku #dbz #dragonball #anime #memes #fyp #minecraft #minecraftmemes","4","Mais longos"
"@anuu280","UCAgUf8AH0LV9HNvn4ra0pcw","http://www.youtube.com/@anuu280","Goku ❌ skeleton ✅ burj khalifa ✅","16","2025-10-12T03:10:38Z","2025-10-12T03:10:38Z","True","True","0","0","[]","AaPylcCupVA","My best goku build yet 😈 #goku #dbz #dragonball #anime #memes #fyp #minecraft #minecraftmemes","4","Mais longos"
"@osaafrajput7","UCGqa3eOdx3MQk-T334Ja4tA","http://www.youtube.com/@osaafrajput7","Goku build❌ Slenderman build ✅","23","2025-06-13T17:22:24Z","2025-06-13T17:22:24Z","True","True","4","4","[{'autor': '@OrlandoSousa-ow9pk', 'comentario': 'Mas. Bomlll.  🎉😮', 'likes': 1, 'publicado_em': '2025-07-08T19:20:56Z'}, {'autor': '@فضلمؤيد-ض3ص', 'comentario': 'لارؤيابسيت', 'likes': 0, 'publicado_em': '2025-07-09T10:15:08Z'}, {'autor': '@abhishekpandey4280', 'comentario': 'Ya head hai ki kya', 'likes': 0, 'publicado_em': '2025-07-10T13:25:28Z'}, {'autor': '@KarolineFerreira-b1v', 'comentario': 'Utgh', 'likes': 0, 'publicado_em': '2025-07-10T22:11:01Z'}]","AaPylcCupVA","My best goku build yet 😈 #goku #dbz #dragonball #anime #memes #fyp #minecraft #minecraftmemes","4","Mais longos"
"@Ayodannysavage","UCrP6jLI4jwsLeh1ifDrZp2Q","http://www.youtube.com/@Ayodannysavage","Goku statue ❌
Goku onepiece✅","250","2025-07-31T10:00:12Z","2025-07-31T10:00:12Z","True","True","15","5","[{'autor': '@Grampa-froggy-yt', 'comentario': 'Goku meat crayon', 'likes': 1, 'publicado_em': '2025-08-19T04:32:42Z'}, {'autor': '@bambangsetiakawan8730', 'comentario': '🎉🎉🎉🎉🎉', 'likes': 0, 'publicado_em': '2025-08-20T10:05:36Z'}, {'autor': '@Shashikirasoicooking', 'comentario': 'Goku ka statue nahin lag raha alag se gardan ko bilkul se Burj Khalifa jyada banaa Diya Ajeeb type ka gardan banaa Diya Hai nahin to Goku Ne dekh liya to pakka system faad dega', 'likes': 0, 'publicado_em': '2025-09-02T13:59:24Z'}, {'autor': '@NathalieshaynGualon', 'comentario': 'What???', 'likes': 0, 'publicado_em': '2025-09-05T08:09:14Z'}, {'autor': '@Monika_boutiqu', 'comentario': 'Tete ,,', 'likes': 0, 'publicado_em': '2025-09-08T08:56:10Z'}]","AaPylcCupVA","My best goku build yet 😈 #goku #dbz #dragonball #anime #memes #fyp #minecraft #minecraftmemes","4","Mais longos"
"@renardminion7666","UCGdQrwtSZYdUI8k_sAktBRQ","http://www.youtube.com/@renardminion7666","1% Goku 99% Sleep paralysis","228","2025-08-26T10:56:55Z","2025-08-26T10:56:55Z","True","True","14","5","[{'autor': '@samanthamaamaatuaiahutapu3953', 'comentario': '😮⚠️😶\u200d🌫️😨😰😱😭🤯💬💔❤️\U0001fa77🧡💟💚💙\U0001fa75💜🤎🖤\U0001fa76🤍💯💥💢💫💦💨🕳💣💭🗯🗨💬💣💕❤️\u200d🔥💯💢💯💯\U0001faf5✍️🙏🦵🦶👂💪🦷🦴👀👁🦿🫀🧠👄👁👁', 'likes': 0, 'publicado_em': '2025-09-11T02:43:44Z'}, {'autor': '@mj2255-u5o', 'comentario': 'Yea. I have. It noow.', 'likes': 2, 'publicado_em': '2025-09-12T02:23:05Z'}, {'autor': '@numchaisathornkit4729', 'comentario': '😂😂', 'likes': 1, 'publicado_em': '2025-09-14T05:55:05Z'}, {'autor': '@FlavioniAiko', 'comentario': '\u200b@numchaisathornkit4729 haha', 'likes': 0, 'publicado_em': '2025-09-26T05:15:06Z'}, {'autor': '@MariaAndreaPichardoEspin-ln8ox', 'comentario': 'Bts😂😂😂😂😂😂', 'likes': 0, 'publicado_em': '2025-09-26T22:51:03Z'}]","AaPylcCupVA","My best goku build yet 😈 #goku #dbz #dragonball #anime #memes #fyp #minecraft #minecraftmemes","4","Mais longos"
"@FUNWITHTHESIBLINGLS","UCNGMr0MUvc9RXtztpt7t73Q","http://www.youtube.com/@FUNWITHTHESIBLINGLS","Hate? Click this button
👇","67","2025-09-04T08:16:05Z","2025-09-04T08:16:05Z","True","True","1","1","[{'autor': '@Sub-vf2do', 'comentario': 'Bro shut up', 'likes': 1, 'publicado_em': '2025-10-24T15:03:54Z'}]","AaPylcCupVA","My best goku build yet 😈 #goku #dbz #dragonball #anime #memes #fyp #minecraft #minecraftmemes","4","Mais longos"
"@ShivrajKendre-b5o","UCCNEQrUXt9mBajlkV1vOjmA","http://www.youtube.com/@ShivrajKendre-b5o","GOKU❎ Burj Khalifa✅😂😂😂😂","4","2025-08-16T04:17:17Z","2025-08-16T04:17:17Z","True","True","0","0","[]","AaPylcCupVA","My best goku build yet 😈 #goku #dbz #dragonball #anime #memes #fyp #minecraft #minecraftmemes","4","Mais longos"
"@ericaritter6664","UCK2lfnbwySRmxhjLtMqX2ZA","http://www.youtube.com/@ericaritter6664","How much did you snort","36","2025-06-10T15:13:22Z","2025-06-10T15:13:22Z","True","True","5","5","[{'autor': '@Minos_Prime_King_Of_Men', 'comentario': 'All of it', 'likes': 4, 'publicado_em': '2025-06-10T18:10:01Z'}, {'autor': '@l2METERSDEEPINCHEESE', 'comentario': 'Not enough', 'likes': 0, 'publicado_em': '2025-06-10T18:45:34Z'}, {'autor': '@NhuLacvan', 'comentario': '?+!', 'likes': 0, 'publicado_em': '2025-06-14T10:28:01Z'}, {'autor': '@TuNguyễn-l5r', 'comentario': '😮😮😮😮😮😮😮😮', 'likes': 0, 'publicado_em': '2025-06-14T13:23:22Z'}, {'autor': '@hamidnawaz9026', 'comentario': 'Lsjxoajxlzjddkls of the ab workout to 12 dollar 💵💵💵💵💵💵💵💵💵 get to work early so jao and then the ab exercises and I can send it 🙂 🙂 🙂 🙂 🙂 💰 💰 💰 🙂 💰 💰 🙂 💰 🙂 🙂 💰💰💰💰💰💰💰💰💰💰 it k15jyktjfk kffjfkfkfjfgjgkrlfo to get the ab workout to get the house cleaned 😔😔🏡🏠😁😺😞fi', 'likes': 0, 'publicado_em': '2025-06-17T12:18:08Z'}]","AaPylcCupVA","My best goku build yet 😈 #goku #dbz #dragonball #anime #memes #fyp #minecraft #minecraftmemes","4","Mais longos"
"@amirwasim503","UCbpStQAXdPmmVYHNqApfEBg","http://www.youtube.com/@amirwasim503","Goku❎ Burj khalifa ✅😂😂","1","2025-11-09T21:58:26Z","2025-11-09T21:58:26Z","True","True","0","0","[]","AaPylcCupVA","My best goku build yet 😈 #goku #dbz #dragonball #anime #memes #fyp #minecraft #minecraftmemes","4","Mais longos"
"@psb-t9h","UC3UcBgL6U8-jhJ-dgnnZooA","http://www.youtube.com/@psb-t9h","*Goku❌Goku+giraffe✔️*","42","2025-08-16T13:26:34Z","2025-08-16T13:26:34Z","True","True","5","5","[{'autor': '@psb-t9h', 'comentario': 'Good bro😂😂', 'likes': 2, 'publicado_em': '2025-08-21T06:22:37Z'}, {'autor': '@krishnaentertainment3898', 'comentario': '\u200b@psb-t9hbro u literally said to u only huh', 'likes': 0, 'publicado_em': '2025-08-26T10:37:48Z'}, {'autor': '@rakhikhare5315', 'comentario': 'Parl-G Na Na Na Na marlo-G', 'likes': 1, 'publicado_em': '2025-08-26T15:01:08Z'}, {'autor': '@anuu280', 'comentario': 'Goraffe😂😂😂🤣🤣🤣🤣', 'likes': 3, 'publicado_em': '2025-10-12T03:11:16Z'}, {'autor': '@sh1dxpvps', 'comentario': 'Gogentinosaurus😂', 'likes': 0, 'publicado_em': '2025-10-20T19:44:13Z'}]","AaPylcCupVA","My best goku build yet 😈 #goku #dbz #dragonball #anime #memes #fyp #minecraft #minecraftmemes","4","Mais longos"
"@harmansharma7397","UCPjBi1ZhvndJA2zifgPhnlw","http://www.youtube.com/@harmansharma7397","Goku ❌
Burj Khalifa✅","70","2025-09-01T14:47:35Z","2025-09-01T14:47:35Z","True","True","5","5","[{'autor': '@SarathaK-vy6cm', 'comentario': 'Ooombuuuu', 'likes': 2, 'publicado_em': '2025-09-08T13:47:12Z'}, {'autor': '@drmalikabharadwaj4384', 'comentario': 'hahahah', 'likes': 1, 'publicado_em': '2025-09-20T11:23:22Z'}, {'autor': '@ChahatSweetVlogs', 'comentario': '😈😈😈😈👿👿👿👿👿😈😈😈😈👿👿👿😈😈', 'likes': 1, 'publicado_em': '2025-09-22T16:56:48Z'}, {'autor': '@ShineGurung-n1r', 'comentario': 'Mia', 'likes': 1, 'publicado_em': '2025-09-29T07:46:24Z'}, {'autor': '@alreesejaevin7999', 'comentario': '😂😂😂😂', 'likes': 0, 'publicado_em': '2025-11-09T01:51:54Z'}]","AaPylcCupVA","My best goku build yet 😈 #goku #dbz #dragonball #anime #memes #fyp #minecraft #minecraftmemes","4","Mais longos"
"@Yogesh210y","UClOkpC3foNj7Di5ZOpNX4xg","http://www.youtube.com/@Yogesh210y","Goku❌ slender man ✅","19","2025-10-15T10:32:55Z","2025-10-15T10:32:55Z","True","True","2","2","[{'autor': '@ArmaeshellVillarin', 'comentario': 'slender man❌\nYou✅', 'likes': 1, 'publicado_em': '2025-10-18T23:19:12Z'}, {'autor': '@nihal8590', 'comentario': 'World best built', 'likes': 0, 'publicado_em': '2025-11-02T02:49:41Z'}]","AaPylcCupVA","My best goku build yet 😈 #goku #dbz #dragonball #anime #memes #fyp #minecraft #minecraftmemes","4","Mais longos"
"@Skylar-f7v","UCCH7RyR8hQZoRwHIGEmcQVg","http://www.youtube.com/@Skylar-f7v","the necks too short","1","2025-11-11T00:09:53Z","2025-11-11T00:09:53Z","True","True","0","0","[]","AaPylcCupVA","My best goku build yet 😈 #goku #dbz #dragonball #anime #memes #fyp #minecraft #minecraftmemes","4","Mais longos"
"@MercyMogashwa","UCrLvFuSdOrZw4KjR_erCjlw","http://www.youtube.com/@MercyMogashwa","Longest neck ever","2","2025-11-02T15:15:29Z","2025-11-02T15:15:29Z","True","True","0","0","[]","AaPylcCupVA","My best goku build yet 😈 #goku #dbz #dragonball #anime #memes #fyp #minecraft #minecraftmemes","4","Mais longos"
"@WayneQualls","UCMDXua2ZDbI0vgGIAMyzZdQ","http://www.youtube.com/@WayneQualls","Goku is the goat not just with strength but he never gives up even if it means the death of him ,he always gets back up even when it's hard, he's pure of heart even though people say he should have Saiyan pride, and  he supports his son even though his son's a scholar, he killed himself to save earth in the cell saga, he sent everyone back to earth except for him and frieza even though he could have saved himself butt instead he made sure to end frieza, that is why Goku is my idle❤ he never lets anyone down","11","2025-08-21T21:17:36Z","2025-08-21T21:17:36Z","True","True","0","0","[]","OoO__ldFGpQ","Goku ALWAYS gets back up! 「dbs edit」#goku #jiren #dragonballsuper #anime #shorts","1","Mais novos"
"@EtunaShubitidze","UCM6X4gtu8oIqNHmsZH4k4-A","http://www.youtube.com/@EtunaShubitidze","goku always get up he Will never betray his trust ❤","8","2025-04-24T12:47:23Z","2025-04-24T12:47:23Z","True","True","0","0","[]","OoO__ldFGpQ","Goku ALWAYS gets back up! 「dbs edit」#goku #jiren #dragonballsuper #anime #shorts","1","Mais novos"
"@Blockbuddiesden826","UCC8hg5Jp519FfBjE2FHhCWg","http://www.youtube.com/@Blockbuddiesden826","Both goku and jiren were right in their way to becoming stronger","23","2025-04-20T16:34:36Z","2025-04-20T16:34:36Z","True","True","0","0","[]","OoO__ldFGpQ","Goku ALWAYS gets back up! 「dbs edit」#goku #jiren #dragonballsuper #anime #shorts","1","Mais novos"
"@J4yblockanimations","UCZGUZmPO4RobQV6vzWVRYfw","http://www.youtube.com/@J4yblockanimations","Goku....u always show us wonders and defending whats right always..... respect 💯","145","2025-04-17T21:02:52Z","2025-04-17T21:02:52Z","True","True","1","1","[{'autor': '@KAZ0X_2008', 'comentario': 'True', 'likes': 2, 'publicado_em': '2025-06-28T11:55:55Z'}]","OoO__ldFGpQ","Goku ALWAYS gets back up! 「dbs edit」#goku #jiren #dragonballsuper #anime #shorts","1","Mais novos"
"@Js_a_drummer","UCxu0VgU4Gemo_-SVEhbt5Dg","http://www.youtube.com/@Js_a_drummer","It’s crazy how Goku could break his limit in the T.O.P over four times","188","2025-04-08T14:16:29Z","2025-04-08T14:16:29Z","True","True","5","5","[{'autor': '@policarpoty2787', 'comentario': 'Yah😢😢😢😢 R.I.P', 'likes': 2, 'publicado_em': '2025-10-15T10:24:29Z'}, {'autor': '@policarpoty2787', 'comentario': 'Guko', 'likes': 1, 'publicado_em': '2025-10-15T10:24:44Z'}, {'autor': '@Brianprojack', 'comentario': '\u200b@policarpoty2787 wdym? Goku is alive... Akira Toriyama is dead though 😢', 'likes': 0, 'publicado_em': '2025-11-25T16:02:03Z'}, {'autor': '@Brianprojack', 'comentario': 'The T.O.P only lasted 48 minutes by the way...', 'likes': 0, 'publicado_em': '2025-11-25T16:02:27Z'}, {'autor': '@hazeboy9', 'comentario': 'You never stop me idgoF you on!!!', 'likes': 0, 'publicado_em': '2025-12-10T07:39:07Z'}]","OoO__ldFGpQ","Goku ALWAYS gets back up! 「dbs edit」#goku #jiren #dragonballsuper #anime #shorts","1","Mais novos"
"@Glitch_kang","UCwRJXfmICGL1nLVSiPvnLGQ","http://www.youtube.com/@Glitch_kang","A  HERO NEVER GIVES UP.......","30","2025-02-26T17:59:47Z","2025-02-26T18:00:33Z","True","True","2","2","[{'autor': '@endofgame4913', 'comentario': 'Goku is not a hero, he even mentioned it in a part against black Goku, he said that he is not a hero or anything like that but anyone who dares to touch his family or friends will pay', 'likes': 1, 'publicado_em': '2025-08-26T15:46:36Z'}, {'autor': '@xfreedomwolfex734', 'comentario': 'A warrior of a fighter, a path made true through his fists. Made true through his heart, his very spirit.', 'likes': 0, 'publicado_em': '2025-09-30T17:40:12Z'}]","OoO__ldFGpQ","Goku ALWAYS gets back up! 「dbs edit」#goku #jiren #dragonballsuper #anime #shorts","1","Mais novos"
"@LozaAlexander","UCOgGJBXXIkrXPkVkdNnhpLg","http://www.youtube.com/@LozaAlexander","Goku is such a deep person, he has inspired us for years","804","2025-02-07T20:21:39Z","2025-02-07T20:21:39Z","True","True","14","5","[{'autor': '@asmawahab6985', 'comentario': 'Ft', 'likes': 2, 'publicado_em': '2025-02-15T21:54:16Z'}, {'autor': '@actually-to4ug', 'comentario': 'fr!', 'likes': 2, 'publicado_em': '2025-02-20T03:58:04Z'}, {'autor': '@roblox-S-n8z', 'comentario': '❤❤❤❤❤❤❤❤❤❤❤❤❤❤❤❤❤❤🥺🥺🥺🥺🥺🥺🥺🥺🥺🥺🥺🥺🥺❤️❤️❤️❤️❤️❤️\U0001f979\U0001f979', 'likes': 0, 'publicado_em': '2025-02-23T09:44:55Z'}, {'autor': '@HayatHallala', 'comentario': 'Big fan', 'likes': 2, 'publicado_em': '2025-03-18T09:43:25Z'}, {'autor': '@gokuvegeta-e6l', 'comentario': 'fr', 'likes': 2, 'publicado_em': '2025-03-19T18:17:32Z'}]","OoO__ldFGpQ","Goku ALWAYS gets back up! 「dbs edit」#goku #jiren #dragonballsuper #anime #shorts","1","Mais novos"
"@CosmicExplorer_01","UCeI2b9C0lNtyFOJdr_tLCQQ","http://www.youtube.com/@CosmicExplorer_01","Rest in peace, Akira. You have raised us all ❤🕊","128","2024-10-21T07:19:41Z","2024-10-21T07:19:41Z","True","True","3","3","[{'autor': '@huayhweechia', 'comentario': 'Yeah', 'likes': 0, 'publicado_em': '2025-10-20T11:08:26Z'}, {'autor': '@CosmicExplorer_01', 'comentario': '\u200b@huayhweechiathat was fast', 'likes': 0, 'publicado_em': '2025-10-22T08:51:53Z'}, {'autor': '@kubapelzl', 'comentario': 'its been a year and i havent still moved on', 'likes': 0, 'publicado_em': '2025-12-02T10:42:51Z'}]","OoO__ldFGpQ","Goku ALWAYS gets back up! 「dbs edit」#goku #jiren #dragonballsuper #anime #shorts","1","Mais novos"
"@Yushiro_Yaga","UCY4AQjm9QMZUCRxPz1-TrpQ","http://www.youtube.com/@Yushiro_Yaga","Goku teaches us to never give up. It doesn't matter what it costs you could fall, cry and even fail but don't give up.","294","2024-08-22T09:50:19Z","2024-08-22T09:50:19Z","True","True","2","2","[{'autor': '@Rocco-s6n', 'comentario': 'Three months old 228 likes and no replies. Let me fix that.', 'likes': 2, 'publicado_em': '2024-11-22T22:15:42Z'}, {'autor': '@yash8266', 'comentario': 'Yep', 'likes': 0, 'publicado_em': '2025-09-05T09:12:53Z'}]","OoO__ldFGpQ","Goku ALWAYS gets back up! 「dbs edit」#goku #jiren #dragonballsuper #anime #shorts","1","Mais novos"
"@Mdu_DancerRSA","UCdy_ixcHLurWfpsyphfQyfg","http://www.youtube.com/@Mdu_DancerRSA","Goku is an example of success in reality in life","174","2024-07-26T21:08:45Z","2024-07-26T21:08:45Z","True","True","6","5","[{'autor': '@ejazjindran', 'comentario': 'Naruto>..', 'likes': 1, 'publicado_em': '2024-08-15T15:44:54Z'}, {'autor': '@tiborsamu1888', 'comentario': '\u200b@ejazjindranbro even if goku goes baryon mode baryon mode base goku would Still\n One shot him', 'likes': 4, 'publicado_em': '2024-08-15T19:32:27Z'}, {'autor': '@Mohammedisham4071', 'comentario': '\u200b@tiborsamu1888He means hardwork not power', 'likes': 1, 'publicado_em': '2024-08-17T17:28:26Z'}, {'autor': '@rinkysingh1663', 'comentario': 'GOKU is God 💨💥🔥😎', 'likes': 1, 'publicado_em': '2024-08-24T07:25:01Z'}, {'autor': '@LEVI_HX', 'comentario': '\u200b@ejazjindran😂', 'likes': 1, 'publicado_em': '2024-08-31T15:39:05Z'}]","OoO__ldFGpQ","Goku ALWAYS gets back up! 「dbs edit」#goku #jiren #dragonballsuper #anime #shorts","1","Mais novos"
"@bedbomber4694","UCBFsiHt0TkBdTHU4YVENu-g","http://www.youtube.com/@bedbomber4694","“You say they don’t mean anything, I’ll show you that they do”
Bro gave me CHILLS","4879","2024-05-29T06:02:39Z","2024-05-29T06:02:39Z","True","True","56","5","[{'autor': '@koqy', 'comentario': 'Fr bro I’m still watching the og dragon ball but this gave me chills', 'likes': 61, 'publicado_em': '2024-06-18T07:23:51Z'}, {'autor': '@gamerboi1680', 'comentario': 'It was like CHILLS', 'likes': 30, 'publicado_em': '2024-06-28T12:11:13Z'}, {'autor': '@Yhrbaotk', 'comentario': 'Fr ❤😮', 'likes': 17, 'publicado_em': '2024-06-29T22:12:25Z'}, {'autor': '@Ray-vp6we', 'comentario': 'Same', 'likes': 11, 'publicado_em': '2024-07-01T22:15:59Z'}, {'autor': '@Toji-plys', 'comentario': 'SAMEEEEE', 'likes': 7, 'publicado_em': '2024-07-03T04:16:58Z'}]","OoO__ldFGpQ","Goku ALWAYS gets back up! 「dbs edit」#goku #jiren #dragonballsuper #anime #shorts","1","Mais novos"
"@Mactobi10","UCWTEq6prQnfbLXC1cnxIwZQ","http://www.youtube.com/@Mactobi10","Dragon Ball is honestly one of the most inspirational shows ever","2422","2024-05-13T18:28:12Z","2024-05-13T18:28:12Z","True","True","30","5","[{'autor': '@SiddYT_007', 'comentario': 'Goku himself is the biggest inspiration \U0001fae1', 'likes': 76, 'publicado_em': '2024-06-11T15:49:20Z'}, {'autor': '@BuhleBlose-nw8lp', 'comentario': 'It will forever', 'likes': 31, 'publicado_em': '2024-06-12T11:02:18Z'}, {'autor': '@ericakraft8682', 'comentario': 'No madam what 😢😢😢😂😂😊😊😢😮😮', 'likes': 10, 'publicado_em': '2024-06-13T22:57:25Z'}, {'autor': '@thanosdoomjuggernaut2846', 'comentario': '👍 YUP', 'likes': 14, 'publicado_em': '2024-07-16T16:40:35Z'}, {'autor': '@bouchrarzouq9937', 'comentario': 'One piece is inspirarional too', 'likes': 11, 'publicado_em': '2024-07-21T20:17:10Z'}]","OoO__ldFGpQ","Goku ALWAYS gets back up! 「dbs edit」#goku #jiren #dragonballsuper #anime #shorts","1","Mais novos"
"@zigsharko3071","UCKDe2qVfKXQcf0_GyZKkxAQ","http://www.youtube.com/@zigsharko3071","Goku is an source of inspiration for all of us.","3504","2023-11-03T19:47:38Z","2023-11-03T19:47:38Z","True","True","80","5","[{'autor': '@green_lt3', 'comentario': 'Not for me lol. My inspiration is my Prophet Muhammad (SWT)', 'likes': 86, 'publicado_em': '2023-11-30T05:10:21Z'}, {'autor': '@goutambera3722', 'comentario': 'Literally you are right bro', 'likes': 23, 'publicado_em': '2023-12-02T13:41:12Z'}, {'autor': '@Zomboo', 'comentario': '\u200b@green_lt3 you are inspired by a pedophile that graped a 9 year old child and crossdressed in her clothing? You would be better off idolizing Goku.', 'likes': 0, 'publicado_em': '2023-12-02T14:33:13Z'}, {'autor': '@ayosusboi67', 'comentario': 'Goku a true sigma 🗿', 'likes': 34, 'publicado_em': '2023-12-02T22:31:33Z'}, {'autor': '@user-rs4md8mf7u', 'comentario': '\u200b@green_lt3rapist of 6 year olf girl?', 'likes': 0, 'publicado_em': '2023-12-05T07:26:56Z'}]","OoO__ldFGpQ","Goku ALWAYS gets back up! 「dbs edit」#goku #jiren #dragonballsuper #anime #shorts","1","Mais novos"
"@DrakeWurrum","UC6UA2-VkXqD2vk47iqZ_UNw","http://www.youtube.com/@DrakeWurrum","Krillin's loyalty is truly something beautiful to behold.","739","2023-10-22T23:22:11Z","2023-10-22T23:22:11Z","True","True","19","5","[{'autor': '@Yessir73', 'comentario': 'Fr', 'likes': 7, 'publicado_em': '2023-11-05T14:22:40Z'}, {'autor': '@mark_kun178', 'comentario': 'to bad hes the useless character so that doesnt really matter', 'likes': 3, 'publicado_em': '2023-11-13T21:27:07Z'}, {'autor': '@xolains', 'comentario': 'He depends on goku bc his weak ass can’t do shit, simp ass risked the world for an android.', 'likes': 0, 'publicado_em': '2023-11-17T13:42:30Z'}, {'autor': '@ac1d_26', 'comentario': '@mark_kun178krillen is not useless he’s the reason we got super saiyan.', 'likes': 24, 'publicado_em': '2023-11-21T18:02:03Z'}, {'autor': '@CaibelTheStrategist', 'comentario': ""\u200b@ac1d_26kinda it was cause frieza killed him :/ so I'd say 50% krillian 50% frieza"", 'likes': 8, 'publicado_em': '2023-11-23T16:24:45Z'}]","OoO__ldFGpQ","Goku ALWAYS gets back up! 「dbs edit」#goku #jiren #dragonballsuper #anime #shorts","1","Mais novos"
"@michaelcrockett8830","UC0bz32h20zgvva3HOxdttiA","http://www.youtube.com/@michaelcrockett8830","People never talk about krillen being there for goku no matter how terrified. To act in the face of fear and death for a friend, krillen is a real one thru and thru ❤","1362","2023-08-18T12:51:13Z","2023-08-18T12:51:13Z","True","True","30","5","[{'autor': '@sayaalisona2658', 'comentario': 'I know he is my sec fav charecter he is so underated', 'likes': 12, 'publicado_em': '2023-09-04T14:27:04Z'}, {'autor': '@Yara_aldoueri', 'comentario': 'Krillen 💀', 'likes': 7, 'publicado_em': '2023-09-07T04:41:51Z'}, {'autor': '@Jcouserrva', 'comentario': ""Krillin IS a real one thru and thru and if you don't believe me just ask Frieza:)"", 'likes': 9, 'publicado_em': '2023-09-18T01:06:51Z'}, {'autor': '@DreadPirateRoberts33', 'comentario': 'He’s a easily the most down character in anime. Yeah there’s plenty of characters that will do what their friends ask without question even if it’s killing somebody but Krillin would ask why and try to help his buddy have the best outcome. And even if it’s basically a guarantee that he’s gonna die he’ll fight for his friends no matter what the odds. 18 had it right choosing him because he’s the most loyal and trustworthy man in the show', 'likes': 22, 'publicado_em': '2023-09-19T11:54:40Z'}, {'autor': '@dersrothedestroyer8623', 'comentario': 'Also he was ligit the FIRST z fighter to start throwing hands with perfect cell', 'likes': 11, 'publicado_em': '2023-09-19T22:28:19Z'}]","OoO__ldFGpQ","Goku ALWAYS gets back up! 「dbs edit」#goku #jiren #dragonballsuper #anime #shorts","1","Mais novos"
"@saeres9288","UCy2S2NE6M0uwwbOLI0LC8gA","http://www.youtube.com/@saeres9288","i love how the gokus family and friends believe in him to pull off the impossible, no matter the circumstances. goku really is the definition of hope.","590","2023-08-14T12:24:53Z","2023-08-14T12:24:53Z","True","True","4","4","[{'autor': '@Ibzilla', 'comentario': ""That's the reason Trunks timeline was so messed up because Goku died and couldn't be revived by dragonballs"", 'likes': 28, 'publicado_em': '2023-08-23T04:34:12Z'}, {'autor': '@Carlos-t3q', 'comentario': ""I can't explain just hor much i love Drwgonball Z. I see Goku in me. One part of me  n Vegeta being the other. My Pride is Vegeta. My hope is Goku."", 'likes': 11, 'publicado_em': '2023-08-26T19:50:57Z'}, {'autor': '@gunnerEe', 'comentario': 'Goku when hurt or kill friend and family🗿 🥶🥶🥶🍷🍷🍷🍷🍷🍷🍷🍷🔥🔥🔥🔥🗣️🗣️💯💯💯😡😡😡😡😡😡', 'likes': 0, 'publicado_em': '2023-09-16T03:01:06Z'}, {'autor': '@PrincessQ-qb8ly', 'comentario': ""Agreed. Just like all of the fictional heroes who came before and after him, Goku is everyone's shining hope. 💖"", 'likes': 2, 'publicado_em': '2025-02-25T03:55:21Z'}]","OoO__ldFGpQ","Goku ALWAYS gets back up! 「dbs edit」#goku #jiren #dragonballsuper #anime #shorts","1","Mais novos"
"@soulvane","UCLhI-YxVDhxMWuUBtNog_gw","http://www.youtube.com/@soulvane","""Men do not fight for the hatred for those in front of them, but rather for the love for those behind them."" -A wise man","2154","2023-08-14T07:14:28Z","2023-08-14T07:14:28Z","True","True","36","5","[{'autor': '@OliverLuckhardt', 'comentario': 'yes', 'likes': 11, 'publicado_em': '2023-08-19T17:08:40Z'}, {'autor': '@Im-not-king', 'comentario': 'look at jiren at the end of the battle losing and lost i bet goku in grand priest form would be able defeat fused zamersu', 'likes': 12, 'publicado_em': '2023-08-20T00:52:23Z'}, {'autor': '@scruffyjohnson788', 'comentario': '-gk Chesterton', 'likes': 5, 'publicado_em': '2023-08-21T13:26:10Z'}, {'autor': '@tumatauenga6433', 'comentario': 'Spoken like someone whos never been in a fight', 'likes': 1, 'publicado_em': '2023-08-22T02:04:02Z'}, {'autor': '@skyrimenjoyer', 'comentario': '\u200b@Im-not-kingGoku in ""grand priest form"" does not exist.That is just fanfiction not cannon', 'likes': 5, 'publicado_em': '2023-08-22T10:58:13Z'}]","OoO__ldFGpQ","Goku ALWAYS gets back up! 「dbs edit」#goku #jiren #dragonballsuper #anime #shorts","1","Mais novos"
"@FreshDougan","UCDLnIBrc30of1A_jxoZ-biQ","http://www.youtube.com/@FreshDougan","""Why do you get back up Goku!"" 
""Because I'm really hungry...""","16113","2023-07-29T15:51:00Z","2023-07-29T15:51:00Z","True","True","283","5","[{'autor': '@darrendays4489', 'comentario': 'Thats some Luffy type shit ngl. I need to see them have an eating contest', 'likes': 669, 'publicado_em': '2023-07-29T16:03:44Z'}, {'autor': '@senren6791', 'comentario': '\u200b@darrendays4489Well Luffy was kinda based off of Goku cuz both are dumb af and they can eat like a house full of food 😂', 'likes': 449, 'publicado_em': '2023-07-29T16:15:35Z'}, {'autor': '@bored9796', 'comentario': '\u200b@senren6791 dbz goku was so much more smart and serious dbs made him really stupid so he could underestimate people', 'likes': 292, 'publicado_em': '2023-07-29T17:22:04Z'}, {'autor': '@qazplmwsxoknqazplmwsxokn540', 'comentario': '@bored9796Fr bruh he never went to school and he knew history he even made jokes from time to time like the one about Isaac newton and gravity', 'likes': 107, 'publicado_em': '2023-07-29T17:47:48Z'}, {'autor': '@Sportseditz7643', 'comentario': 'Fr', 'likes': 31, 'publicado_em': '2023-07-29T17:51:11Z'}]","OoO__ldFGpQ","Goku ALWAYS gets back up! 「dbs edit」#goku #jiren #dragonballsuper #anime #shorts","1","Mais novos"
"@Flame-ofTruth","UCjo7EZjdTa8Zn_1ZG0FNKVg","http://www.youtube.com/@Flame-ofTruth","His friends will always support him","6037","2023-07-29T15:22:17Z","2023-07-29T15:22:17Z","True","True","64","5","[{'autor': '@LKTheKING703', 'comentario': 'Yep❤❤❤❤', 'likes': 29, 'publicado_em': '2023-07-29T15:44:22Z'}, {'autor': '@Flame-ofTruth', 'comentario': '💪😎👌', 'likes': 25, 'publicado_em': '2023-07-29T16:00:39Z'}, {'autor': '@LKTheKING703', 'comentario': 'Hehe', 'likes': 15, 'publicado_em': '2023-07-29T16:18:27Z'}, {'autor': '@eliart510', 'comentario': 'Krillin', 'likes': 17, 'publicado_em': '2023-07-29T23:11:05Z'}, {'autor': '@Im_bored_tbh', 'comentario': 'Nah its plot armor', 'likes': 8, 'publicado_em': '2023-07-30T10:23:53Z'}]","OoO__ldFGpQ","Goku ALWAYS gets back up! 「dbs edit」#goku #jiren #dragonballsuper #anime #shorts","1","Mais novos"
"@Mr_Ballz","UCrySAD3ooklys658jvamM1A","http://www.youtube.com/@Mr_Ballz","Goku always gets back up❤","9304","2023-07-29T15:16:07Z","2023-10-16T14:48:15Z","True","True","631","5","[{'autor': '@canonevent1721', 'comentario': 'Fax', 'likes': 140, 'publicado_em': '2023-07-29T18:19:03Z'}, {'autor': '@BBBigMuffin', 'comentario': 'Dunno how he does it but that’s tough for him', 'likes': 103, 'publicado_em': '2023-07-29T22:05:15Z'}, {'autor': '@UVM07', 'comentario': 'Not after he was about to eliminate jiren, he got like shocked because he used too much of ui 😂', 'likes': 62, 'publicado_em': '2023-07-30T00:52:12Z'}, {'autor': '@Thedeejay2009', 'comentario': '@UVM07no because it took to much of a toll on his body but he got back up and used ssj and defeated', 'likes': 62, 'publicado_em': '2023-07-30T06:35:04Z'}, {'autor': '@gojo91919', 'comentario': '❤❤❤❤❤', 'likes': 25, 'publicado_em': '2023-08-02T19:07:13Z'}]","OoO__ldFGpQ","Goku ALWAYS gets back up! 「dbs edit」#goku #jiren #dragonballsuper #anime #shorts","1","Mais novos"
"@Mr_Ballz","UCrySAD3ooklys658jvamM1A","http://www.youtube.com/@Mr_Ballz","Goku always gets back up❤","9304","2023-07-29T15:16:07Z","2023-10-16T14:48:15Z","True","True","631","5","[{'autor': '@canonevent1721', 'comentario': 'Fax', 'likes': 140, 'publicado_em': '2023-07-29T18:19:03Z'}, {'autor': '@BBBigMuffin', 'comentario': 'Dunno how he does it but that’s tough for him', 'likes': 103, 'publicado_em': '2023-07-29T22:05:15Z'}, {'autor': '@UVM07', 'comentario': 'Not after he was about to eliminate jiren, he got like shocked because he used too much of ui 😂', 'likes': 62, 'publicado_em': '2023-07-30T00:52:12Z'}, {'autor': '@Thedeejay2009', 'comentario': '@UVM07no because it took to much of a toll on his body but he got back up and used ssj and defeated', 'likes': 62, 'publicado_em': '2023-07-30T06:35:04Z'}, {'autor': '@gojo91919', 'comentario': '❤❤❤❤❤', 'likes': 25, 'publicado_em': '2023-08-02T19:07:13Z'}]","OoO__ldFGpQ","Goku ALWAYS gets back up! 「dbs edit」#goku #jiren #dragonballsuper #anime #shorts","2","Mais antigos"
"@Flame-ofTruth","UCjo7EZjdTa8Zn_1ZG0FNKVg","http://www.youtube.com/@Flame-ofTruth","His friends will always support him","6037","2023-07-29T15:22:17Z","2023-07-29T15:22:17Z","True","True","64","5","[{'autor': '@LKTheKING703', 'comentario': 'Yep❤❤❤❤', 'likes': 29, 'publicado_em': '2023-07-29T15:44:22Z'}, {'autor': '@Flame-ofTruth', 'comentario': '💪😎👌', 'likes': 25, 'publicado_em': '2023-07-29T16:00:39Z'}, {'autor': '@LKTheKING703', 'comentario': 'Hehe', 'likes': 15, 'publicado_em': '2023-07-29T16:18:27Z'}, {'autor': '@eliart510', 'comentario': 'Krillin', 'likes': 17, 'publicado_em': '2023-07-29T23:11:05Z'}, {'autor': '@Im_bored_tbh', 'comentario': 'Nah its plot armor', 'likes': 8, 'publicado_em': '2023-07-30T10:23:53Z'}]","OoO__ldFGpQ","Goku ALWAYS gets back up! 「dbs edit」#goku #jiren #dragonballsuper #anime #shorts","2","Mais antigos"
"@FreshDougan","UCDLnIBrc30of1A_jxoZ-biQ","http://www.youtube.com/@FreshDougan","""Why do you get back up Goku!"" 
""Because I'm really hungry...""","16113","2023-07-29T15:51:00Z","2023-07-29T15:51:00Z","True","True","283","5","[{'autor': '@darrendays4489', 'comentario': 'Thats some Luffy type shit ngl. I need to see them have an eating contest', 'likes': 669, 'publicado_em': '2023-07-29T16:03:44Z'}, {'autor': '@senren6791', 'comentario': '\u200b@darrendays4489Well Luffy was kinda based off of Goku cuz both are dumb af and they can eat like a house full of food 😂', 'likes': 449, 'publicado_em': '2023-07-29T16:15:35Z'}, {'autor': '@bored9796', 'comentario': '\u200b@senren6791 dbz goku was so much more smart and serious dbs made him really stupid so he could underestimate people', 'likes': 292, 'publicado_em': '2023-07-29T17:22:04Z'}, {'autor': '@qazplmwsxoknqazplmwsxokn540', 'comentario': '@bored9796Fr bruh he never went to school and he knew history he even made jokes from time to time like the one about Isaac newton and gravity', 'likes': 107, 'publicado_em': '2023-07-29T17:47:48Z'}, {'autor': '@Sportseditz7643', 'comentario': 'Fr', 'likes': 31, 'publicado_em': '2023-07-29T17:51:11Z'}]","OoO__ldFGpQ","Goku ALWAYS gets back up! 「dbs edit」#goku #jiren #dragonballsuper #anime #shorts","2","Mais antigos"
"@soulvane","UCLhI-YxVDhxMWuUBtNog_gw","http://www.youtube.com/@soulvane","""Men do not fight for the hatred for those in front of them, but rather for the love for those behind them."" -A wise man","2154","2023-08-14T07:14:28Z","2023-08-14T07:14:28Z","True","True","36","5","[{'autor': '@OliverLuckhardt', 'comentario': 'yes', 'likes': 11, 'publicado_em': '2023-08-19T17:08:40Z'}, {'autor': '@Im-not-king', 'comentario': 'look at jiren at the end of the battle losing and lost i bet goku in grand priest form would be able defeat fused zamersu', 'likes': 12, 'publicado_em': '2023-08-20T00:52:23Z'}, {'autor': '@scruffyjohnson788', 'comentario': '-gk Chesterton', 'likes': 5, 'publicado_em': '2023-08-21T13:26:10Z'}, {'autor': '@tumatauenga6433', 'comentario': 'Spoken like someone whos never been in a fight', 'likes': 1, 'publicado_em': '2023-08-22T02:04:02Z'}, {'autor': '@skyrimenjoyer', 'comentario': '\u200b@Im-not-kingGoku in ""grand priest form"" does not exist.That is just fanfiction not cannon', 'likes': 5, 'publicado_em': '2023-08-22T10:58:13Z'}]","OoO__ldFGpQ","Goku ALWAYS gets back up! 「dbs edit」#goku #jiren #dragonballsuper #anime #shorts","2","Mais antigos"
"@saeres9288","UCy2S2NE6M0uwwbOLI0LC8gA","http://www.youtube.com/@saeres9288","i love how the gokus family and friends believe in him to pull off the impossible, no matter the circumstances. goku really is the definition of hope.","590","2023-08-14T12:24:53Z","2023-08-14T12:24:53Z","True","True","4","4","[{'autor': '@Ibzilla', 'comentario': ""That's the reason Trunks timeline was so messed up because Goku died and couldn't be revived by dragonballs"", 'likes': 28, 'publicado_em': '2023-08-23T04:34:12Z'}, {'autor': '@Carlos-t3q', 'comentario': ""I can't explain just hor much i love Drwgonball Z. I see Goku in me. One part of me  n Vegeta being the other. My Pride is Vegeta. My hope is Goku."", 'likes': 11, 'publicado_em': '2023-08-26T19:50:57Z'}, {'autor': '@gunnerEe', 'comentario': 'Goku when hurt or kill friend and family🗿 🥶🥶🥶🍷🍷🍷🍷🍷🍷🍷🍷🔥🔥🔥🔥🗣️🗣️💯💯💯😡😡😡😡😡😡', 'likes': 0, 'publicado_em': '2023-09-16T03:01:06Z'}, {'autor': '@PrincessQ-qb8ly', 'comentario': ""Agreed. Just like all of the fictional heroes who came before and after him, Goku is everyone's shining hope. 💖"", 'likes': 2, 'publicado_em': '2025-02-25T03:55:21Z'}]","OoO__ldFGpQ","Goku ALWAYS gets back up! 「dbs edit」#goku #jiren #dragonballsuper #anime #shorts","2","Mais antigos"
"@michaelcrockett8830","UC0bz32h20zgvva3HOxdttiA","http://www.youtube.com/@michaelcrockett8830","People never talk about krillen being there for goku no matter how terrified. To act in the face of fear and death for a friend, krillen is a real one thru and thru ❤","1362","2023-08-18T12:51:13Z","2023-08-18T12:51:13Z","True","True","30","5","[{'autor': '@sayaalisona2658', 'comentario': 'I know he is my sec fav charecter he is so underated', 'likes': 12, 'publicado_em': '2023-09-04T14:27:04Z'}, {'autor': '@Yara_aldoueri', 'comentario': 'Krillen 💀', 'likes': 7, 'publicado_em': '2023-09-07T04:41:51Z'}, {'autor': '@Jcouserrva', 'comentario': ""Krillin IS a real one thru and thru and if you don't believe me just ask Frieza:)"", 'likes': 9, 'publicado_em': '2023-09-18T01:06:51Z'}, {'autor': '@DreadPirateRoberts33', 'comentario': 'He’s a easily the most down character in anime. Yeah there’s plenty of characters that will do what their friends ask without question even if it’s killing somebody but Krillin would ask why and try to help his buddy have the best outcome. And even if it’s basically a guarantee that he’s gonna die he’ll fight for his friends no matter what the odds. 18 had it right choosing him because he’s the most loyal and trustworthy man in the show', 'likes': 22, 'publicado_em': '2023-09-19T11:54:40Z'}, {'autor': '@dersrothedestroyer8623', 'comentario': 'Also he was ligit the FIRST z fighter to start throwing hands with perfect cell', 'likes': 11, 'publicado_em': '2023-09-19T22:28:19Z'}]","OoO__ldFGpQ","Goku ALWAYS gets back up! 「dbs edit」#goku #jiren #dragonballsuper #anime #shorts","2","Mais antigos"
"@DrakeWurrum","UC6UA2-VkXqD2vk47iqZ_UNw","http://www.youtube.com/@DrakeWurrum","Krillin's loyalty is truly something beautiful to behold.","739","2023-10-22T23:22:11Z","2023-10-22T23:22:11Z","True","True","19","5","[{'autor': '@Yessir73', 'comentario': 'Fr', 'likes': 7, 'publicado_em': '2023-11-05T14:22:40Z'}, {'autor': '@mark_kun178', 'comentario': 'to bad hes the useless character so that doesnt really matter', 'likes': 3, 'publicado_em': '2023-11-13T21:27:07Z'}, {'autor': '@xolains', 'comentario': 'He depends on goku bc his weak ass can’t do shit, simp ass risked the world for an android.', 'likes': 0, 'publicado_em': '2023-11-17T13:42:30Z'}, {'autor': '@ac1d_26', 'comentario': '@mark_kun178krillen is not useless he’s the reason we got super saiyan.', 'likes': 24, 'publicado_em': '2023-11-21T18:02:03Z'}, {'autor': '@CaibelTheStrategist', 'comentario': ""\u200b@ac1d_26kinda it was cause frieza killed him :/ so I'd say 50% krillian 50% frieza"", 'likes': 8, 'publicado_em': '2023-11-23T16:24:45Z'}]","OoO__ldFGpQ","Goku ALWAYS gets back up! 「dbs edit」#goku #jiren #dragonballsuper #anime #shorts","2","Mais antigos"
"@zigsharko3071","UCKDe2qVfKXQcf0_GyZKkxAQ","http://www.youtube.com/@zigsharko3071","Goku is an source of inspiration for all of us.","3504","2023-11-03T19:47:38Z","2023-11-03T19:47:38Z","True","True","80","5","[{'autor': '@green_lt3', 'comentario': 'Not for me lol. My inspiration is my Prophet Muhammad (SWT)', 'likes': 86, 'publicado_em': '2023-11-30T05:10:21Z'}, {'autor': '@goutambera3722', 'comentario': 'Literally you are right bro', 'likes': 23, 'publicado_em': '2023-12-02T13:41:12Z'}, {'autor': '@Zomboo', 'comentario': '\u200b@green_lt3 you are inspired by a pedophile that graped a 9 year old child and crossdressed in her clothing? You would be better off idolizing Goku.', 'likes': 0, 'publicado_em': '2023-12-02T14:33:13Z'}, {'autor': '@ayosusboi67', 'comentario': 'Goku a true sigma 🗿', 'likes': 34, 'publicado_em': '2023-12-02T22:31:33Z'}, {'autor': '@user-rs4md8mf7u', 'comentario': '\u200b@green_lt3rapist of 6 year olf girl?', 'likes': 0, 'publicado_em': '2023-12-05T07:26:56Z'}]","OoO__ldFGpQ","Goku ALWAYS gets back up! 「dbs edit」#goku #jiren #dragonballsuper #anime #shorts","2","Mais antigos"
"@Mactobi10","UCWTEq6prQnfbLXC1cnxIwZQ","http://www.youtube.com/@Mactobi10","Dragon Ball is honestly one of the most inspirational shows ever","2422","2024-05-13T18:28:12Z","2024-05-13T18:28:12Z","True","True","30","5","[{'autor': '@SiddYT_007', 'comentario': 'Goku himself is the biggest inspiration \U0001fae1', 'likes': 76, 'publicado_em': '2024-06-11T15:49:20Z'}, {'autor': '@BuhleBlose-nw8lp', 'comentario': 'It will forever', 'likes': 31, 'publicado_em': '2024-06-12T11:02:18Z'}, {'autor': '@ericakraft8682', 'comentario': 'No madam what 😢😢😢😂😂😊😊😢😮😮', 'likes': 10, 'publicado_em': '2024-06-13T22:57:25Z'}, {'autor': '@thanosdoomjuggernaut2846', 'comentario': '👍 YUP', 'likes': 14, 'publicado_em': '2024-07-16T16:40:35Z'}, {'autor': '@bouchrarzouq9937', 'comentario': 'One piece is inspirarional too', 'likes': 11, 'publicado_em': '2024-07-21T20:17:10Z'}]","OoO__ldFGpQ","Goku ALWAYS gets back up! 「dbs edit」#goku #jiren #dragonballsuper #anime #shorts","2","Mais antigos"
"@bedbomber4694","UCBFsiHt0TkBdTHU4YVENu-g","http://www.youtube.com/@bedbomber4694","“You say they don’t mean anything, I’ll show you that they do”
Bro gave me CHILLS","4879","2024-05-29T06:02:39Z","2024-05-29T06:02:39Z","True","True","56","5","[{'autor': '@koqy', 'comentario': 'Fr bro I’m still watching the og dragon ball but this gave me chills', 'likes': 61, 'publicado_em': '2024-06-18T07:23:51Z'}, {'autor': '@gamerboi1680', 'comentario': 'It was like CHILLS', 'likes': 30, 'publicado_em': '2024-06-28T12:11:13Z'}, {'autor': '@Yhrbaotk', 'comentario': 'Fr ❤😮', 'likes': 17, 'publicado_em': '2024-06-29T22:12:25Z'}, {'autor': '@Ray-vp6we', 'comentario': 'Same', 'likes': 11, 'publicado_em': '2024-07-01T22:15:59Z'}, {'autor': '@Toji-plys', 'comentario': 'SAMEEEEE', 'likes': 7, 'publicado_em': '2024-07-03T04:16:58Z'}]","OoO__ldFGpQ","Goku ALWAYS gets back up! 「dbs edit」#goku #jiren #dragonballsuper #anime #shorts","2","Mais antigos"
"@Mdu_DancerRSA","UCdy_ixcHLurWfpsyphfQyfg","http://www.youtube.com/@Mdu_DancerRSA","Goku is an example of success in reality in life","174","2024-07-26T21:08:45Z","2024-07-26T21:08:45Z","True","True","6","5","[{'autor': '@ejazjindran', 'comentario': 'Naruto>..', 'likes': 1, 'publicado_em': '2024-08-15T15:44:54Z'}, {'autor': '@tiborsamu1888', 'comentario': '\u200b@ejazjindranbro even if goku goes baryon mode baryon mode base goku would Still\n One shot him', 'likes': 4, 'publicado_em': '2024-08-15T19:32:27Z'}, {'autor': '@Mohammedisham4071', 'comentario': '\u200b@tiborsamu1888He means hardwork not power', 'likes': 1, 'publicado_em': '2024-08-17T17:28:26Z'}, {'autor': '@rinkysingh1663', 'comentario': 'GOKU is God 💨💥🔥😎', 'likes': 1, 'publicado_em': '2024-08-24T07:25:01Z'}, {'autor': '@LEVI_HX', 'comentario': '\u200b@ejazjindran😂', 'likes': 1, 'publicado_em': '2024-08-31T15:39:05Z'}]","OoO__ldFGpQ","Goku ALWAYS gets back up! 「dbs edit」#goku #jiren #dragonballsuper #anime #shorts","2","Mais antigos"
"@Yushiro_Yaga","UCY4AQjm9QMZUCRxPz1-TrpQ","http://www.youtube.com/@Yushiro_Yaga","Goku teaches us to never give up. It doesn't matter what it costs you could fall, cry and even fail but don't give up.","294","2024-08-22T09:50:19Z","2024-08-22T09:50:19Z","True","True","2","2","[{'autor': '@Rocco-s6n', 'comentario': 'Three months old 228 likes and no replies. Let me fix that.', 'likes': 2, 'publicado_em': '2024-11-22T22:15:42Z'}, {'autor': '@yash8266', 'comentario': 'Yep', 'likes': 0, 'publicado_em': '2025-09-05T09:12:53Z'}]","OoO__ldFGpQ","Goku ALWAYS gets back up! 「dbs edit」#goku #jiren #dragonballsuper #anime #shorts","2","Mais antigos"
"@CosmicExplorer_01","UCeI2b9C0lNtyFOJdr_tLCQQ","http://www.youtube.com/@CosmicExplorer_01","Rest in peace, Akira. You have raised us all ❤🕊","128","2024-10-21T07:19:41Z","2024-10-21T07:19:41Z","True","True","3","3","[{'autor': '@huayhweechia', 'comentario': 'Yeah', 'likes': 0, 'publicado_em': '2025-10-20T11:08:26Z'}, {'autor': '@CosmicExplorer_01', 'comentario': '\u200b@huayhweechiathat was fast', 'likes': 0, 'publicado_em': '2025-10-22T08:51:53Z'}, {'autor': '@kubapelzl', 'comentario': 'its been a year and i havent still moved on', 'likes': 0, 'publicado_em': '2025-12-02T10:42:51Z'}]","OoO__ldFGpQ","Goku ALWAYS gets back up! 「dbs edit」#goku #jiren #dragonballsuper #anime #shorts","2","Mais antigos"
"@LozaAlexander","UCOgGJBXXIkrXPkVkdNnhpLg","http://www.youtube.com/@LozaAlexander","Goku is such a deep person, he has inspired us for years","804","2025-02-07T20:21:39Z","2025-02-07T20:21:39Z","True","True","14","5","[{'autor': '@asmawahab6985', 'comentario': 'Ft', 'likes': 2, 'publicado_em': '2025-02-15T21:54:16Z'}, {'autor': '@actually-to4ug', 'comentario': 'fr!', 'likes': 2, 'publicado_em': '2025-02-20T03:58:04Z'}, {'autor': '@roblox-S-n8z', 'comentario': '❤❤❤❤❤❤❤❤❤❤❤❤❤❤❤❤❤❤🥺🥺🥺🥺🥺🥺🥺🥺🥺🥺🥺🥺🥺❤️❤️❤️❤️❤️❤️\U0001f979\U0001f979', 'likes': 0, 'publicado_em': '2025-02-23T09:44:55Z'}, {'autor': '@HayatHallala', 'comentario': 'Big fan', 'likes': 2, 'publicado_em': '2025-03-18T09:43:25Z'}, {'autor': '@gokuvegeta-e6l', 'comentario': 'fr', 'likes': 2, 'publicado_em': '2025-03-19T18:17:32Z'}]","OoO__ldFGpQ","Goku ALWAYS gets back up! 「dbs edit」#goku #jiren #dragonballsuper #anime #shorts","2","Mais antigos"
"@Glitch_kang","UCwRJXfmICGL1nLVSiPvnLGQ","http://www.youtube.com/@Glitch_kang","A  HERO NEVER GIVES UP.......","30","2025-02-26T17:59:47Z","2025-02-26T18:00:33Z","True","True","2","2","[{'autor': '@endofgame4913', 'comentario': 'Goku is not a hero, he even mentioned it in a part against black Goku, he said that he is not a hero or anything like that but anyone who dares to touch his family or friends will pay', 'likes': 1, 'publicado_em': '2025-08-26T15:46:36Z'}, {'autor': '@xfreedomwolfex734', 'comentario': 'A warrior of a fighter, a path made true through his fists. Made true through his heart, his very spirit.', 'likes': 0, 'publicado_em': '2025-09-30T17:40:12Z'}]","OoO__ldFGpQ","Goku ALWAYS gets back up! 「dbs edit」#goku #jiren #dragonballsuper #anime #shorts","2","Mais antigos"
"@Js_a_drummer","UCxu0VgU4Gemo_-SVEhbt5Dg","http://www.youtube.com/@Js_a_drummer","It’s crazy how Goku could break his limit in the T.O.P over four times","188","2025-04-08T14:16:29Z","2025-04-08T14:16:29Z","True","True","5","5","[{'autor': '@policarpoty2787', 'comentario': 'Yah😢😢😢😢 R.I.P', 'likes': 2, 'publicado_em': '2025-10-15T10:24:29Z'}, {'autor': '@policarpoty2787', 'comentario': 'Guko', 'likes': 1, 'publicado_em': '2025-10-15T10:24:44Z'}, {'autor': '@Brianprojack', 'comentario': '\u200b@policarpoty2787 wdym? Goku is alive... Akira Toriyama is dead though 😢', 'likes': 0, 'publicado_em': '2025-11-25T16:02:03Z'}, {'autor': '@Brianprojack', 'comentario': 'The T.O.P only lasted 48 minutes by the way...', 'likes': 0, 'publicado_em': '2025-11-25T16:02:27Z'}, {'autor': '@hazeboy9', 'comentario': 'You never stop me idgoF you on!!!', 'likes': 0, 'publicado_em': '2025-12-10T07:39:07Z'}]","OoO__ldFGpQ","Goku ALWAYS gets back up! 「dbs edit」#goku #jiren #dragonballsuper #anime #shorts","2","Mais antigos"
"@J4yblockanimations","UCZGUZmPO4RobQV6vzWVRYfw","http://www.youtube.com/@J4yblockanimations","Goku....u always show us wonders and defending whats right always..... respect 💯","145","2025-04-17T21:02:52Z","2025-04-17T21:02:52Z","True","True","1","1","[{'autor': '@KAZ0X_2008', 'comentario': 'True', 'likes': 2, 'publicado_em': '2025-06-28T11:55:55Z'}]","OoO__ldFGpQ","Goku ALWAYS gets back up! 「dbs edit」#goku #jiren #dragonballsuper #anime #shorts","2","Mais antigos"
"@Blockbuddiesden826","UCC8hg5Jp519FfBjE2FHhCWg","http://www.youtube.com/@Blockbuddiesden826","Both goku and jiren were right in their way to becoming stronger","23","2025-04-20T16:34:36Z","2025-04-20T16:34:36Z","True","True","0","0","[]","OoO__ldFGpQ","Goku ALWAYS gets back up! 「dbs edit」#goku #jiren #dragonballsuper #anime #shorts","2","Mais antigos"
"@EtunaShubitidze","UCM6X4gtu8oIqNHmsZH4k4-A","http://www.youtube.com/@EtunaShubitidze","goku always get up he Will never betray his trust ❤","8","2025-04-24T12:47:23Z","2025-04-24T12:47:23Z","True","True","0","0","[]","OoO__ldFGpQ","Goku ALWAYS gets back up! 「dbs edit」#goku #jiren #dragonballsuper #anime #shorts","2","Mais antigos"
"@WayneQualls","UCMDXua2ZDbI0vgGIAMyzZdQ","http://www.youtube.com/@WayneQualls","Goku is the goat not just with strength but he never gives up even if it means the death of him ,he always gets back up even when it's hard, he's pure of heart even though people say he should have Saiyan pride, and  he supports his son even though his son's a scholar, he killed himself to save earth in the cell saga, he sent everyone back to earth except for him and frieza even though he could have saved himself butt instead he made sure to end frieza, that is why Goku is my idle❤ he never lets anyone down","11","2025-08-21T21:17:36Z","2025-08-21T21:17:36Z","True","True","0","0","[]","OoO__ldFGpQ","Goku ALWAYS gets back up! 「dbs edit」#goku #jiren #dragonballsuper #anime #shorts","2","Mais antigos"
"@FreshDougan","UCDLnIBrc30of1A_jxoZ-biQ","http://www.youtube.com/@FreshDougan","""Why do you get back up Goku!"" 
""Because I'm really hungry...""","16113","2023-07-29T15:51:00Z","2023-07-29T15:51:00Z","True","True","283","5","[{'autor': '@darrendays4489', 'comentario': 'Thats some Luffy type shit ngl. I need to see them have an eating contest', 'likes': 669, 'publicado_em': '2023-07-29T16:03:44Z'}, {'autor': '@senren6791', 'comentario': '\u200b@darrendays4489Well Luffy was kinda based off of Goku cuz both are dumb af and they can eat like a house full of food 😂', 'likes': 449, 'publicado_em': '2023-07-29T16:15:35Z'}, {'autor': '@bored9796', 'comentario': '\u200b@senren6791 dbz goku was so much more smart and serious dbs made him really stupid so he could underestimate people', 'likes': 292, 'publicado_em': '2023-07-29T17:22:04Z'}, {'autor': '@qazplmwsxoknqazplmwsxokn540', 'comentario': '@bored9796Fr bruh he never went to school and he knew history he even made jokes from time to time like the one about Isaac newton and gravity', 'likes': 107, 'publicado_em': '2023-07-29T17:47:48Z'}, {'autor': '@Sportseditz7643', 'comentario': 'Fr', 'likes': 31, 'publicado_em': '2023-07-29T17:51:11Z'}]","OoO__ldFGpQ","Goku ALWAYS gets back up! 「dbs edit」#goku #jiren #dragonballsuper #anime #shorts","3","Mais curtidos"
"@Mr_Ballz","UCrySAD3ooklys658jvamM1A","http://www.youtube.com/@Mr_Ballz","Goku always gets back up❤","9304","2023-07-29T15:16:07Z","2023-10-16T14:48:15Z","True","True","631","5","[{'autor': '@canonevent1721', 'comentario': 'Fax', 'likes': 140, 'publicado_em': '2023-07-29T18:19:03Z'}, {'autor': '@BBBigMuffin', 'comentario': 'Dunno how he does it but that’s tough for him', 'likes': 103, 'publicado_em': '2023-07-29T22:05:15Z'}, {'autor': '@UVM07', 'comentario': 'Not after he was about to eliminate jiren, he got like shocked because he used too much of ui 😂', 'likes': 62, 'publicado_em': '2023-07-30T00:52:12Z'}, {'autor': '@Thedeejay2009', 'comentario': '@UVM07no because it took to much of a toll on his body but he got back up and used ssj and defeated', 'likes': 62, 'publicado_em': '2023-07-30T06:35:04Z'}, {'autor': '@gojo91919', 'comentario': '❤❤❤❤❤', 'likes': 25, 'publicado_em': '2023-08-02T19:07:13Z'}]","OoO__ldFGpQ","Goku ALWAYS gets back up! 「dbs edit」#goku #jiren #dragonballsuper #anime #shorts","3","Mais curtidos"
"@Flame-ofTruth","UCjo7EZjdTa8Zn_1ZG0FNKVg","http://www.youtube.com/@Flame-ofTruth","His friends will always support him","6037","2023-07-29T15:22:17Z","2023-07-29T15:22:17Z","True","True","64","5","[{'autor': '@LKTheKING703', 'comentario': 'Yep❤❤❤❤', 'likes': 29, 'publicado_em': '2023-07-29T15:44:22Z'}, {'autor': '@Flame-ofTruth', 'comentario': '💪😎👌', 'likes': 25, 'publicado_em': '2023-07-29T16:00:39Z'}, {'autor': '@LKTheKING703', 'comentario': 'Hehe', 'likes': 15, 'publicado_em': '2023-07-29T16:18:27Z'}, {'autor': '@eliart510', 'comentario': 'Krillin', 'likes': 17, 'publicado_em': '2023-07-29T23:11:05Z'}, {'autor': '@Im_bored_tbh', 'comentario': 'Nah its plot armor', 'likes': 8, 'publicado_em': '2023-07-30T10:23:53Z'}]","OoO__ldFGpQ","Goku ALWAYS gets back up! 「dbs edit」#goku #jiren #dragonballsuper #anime #shorts","3","Mais curtidos"
"@bedbomber4694","UCBFsiHt0TkBdTHU4YVENu-g","http://www.youtube.com/@bedbomber4694","“You say they don’t mean anything, I’ll show you that they do”
Bro gave me CHILLS","4879","2024-05-29T06:02:39Z","2024-05-29T06:02:39Z","True","True","56","5","[{'autor': '@koqy', 'comentario': 'Fr bro I’m still watching the og dragon ball but this gave me chills', 'likes': 61, 'publicado_em': '2024-06-18T07:23:51Z'}, {'autor': '@gamerboi1680', 'comentario': 'It was like CHILLS', 'likes': 30, 'publicado_em': '2024-06-28T12:11:13Z'}, {'autor': '@Yhrbaotk', 'comentario': 'Fr ❤😮', 'likes': 17, 'publicado_em': '2024-06-29T22:12:25Z'}, {'autor': '@Ray-vp6we', 'comentario': 'Same', 'likes': 11, 'publicado_em': '2024-07-01T22:15:59Z'}, {'autor': '@Toji-plys', 'comentario': 'SAMEEEEE', 'likes': 7, 'publicado_em': '2024-07-03T04:16:58Z'}]","OoO__ldFGpQ","Goku ALWAYS gets back up! 「dbs edit」#goku #jiren #dragonballsuper #anime #shorts","3","Mais curtidos"
"@zigsharko3071","UCKDe2qVfKXQcf0_GyZKkxAQ","http://www.youtube.com/@zigsharko3071","Goku is an source of inspiration for all of us.","3504","2023-11-03T19:47:38Z","2023-11-03T19:47:38Z","True","True","80","5","[{'autor': '@green_lt3', 'comentario': 'Not for me lol. My inspiration is my Prophet Muhammad (SWT)', 'likes': 86, 'publicado_em': '2023-11-30T05:10:21Z'}, {'autor': '@goutambera3722', 'comentario': 'Literally you are right bro', 'likes': 23, 'publicado_em': '2023-12-02T13:41:12Z'}, {'autor': '@Zomboo', 'comentario': '\u200b@green_lt3 you are inspired by a pedophile that graped a 9 year old child and crossdressed in her clothing? You would be better off idolizing Goku.', 'likes': 0, 'publicado_em': '2023-12-02T14:33:13Z'}, {'autor': '@ayosusboi67', 'comentario': 'Goku a true sigma 🗿', 'likes': 34, 'publicado_em': '2023-12-02T22:31:33Z'}, {'autor': '@user-rs4md8mf7u', 'comentario': '\u200b@green_lt3rapist of 6 year olf girl?', 'likes': 0, 'publicado_em': '2023-12-05T07:26:56Z'}]","OoO__ldFGpQ","Goku ALWAYS gets back up! 「dbs edit」#goku #jiren #dragonballsuper #anime #shorts","3","Mais curtidos"
"@Mactobi10","UCWTEq6prQnfbLXC1cnxIwZQ","http://www.youtube.com/@Mactobi10","Dragon Ball is honestly one of the most inspirational shows ever","2422","2024-05-13T18:28:12Z","2024-05-13T18:28:12Z","True","True","30","5","[{'autor': '@SiddYT_007', 'comentario': 'Goku himself is the biggest inspiration \U0001fae1', 'likes': 76, 'publicado_em': '2024-06-11T15:49:20Z'}, {'autor': '@BuhleBlose-nw8lp', 'comentario': 'It will forever', 'likes': 31, 'publicado_em': '2024-06-12T11:02:18Z'}, {'autor': '@ericakraft8682', 'comentario': 'No madam what 😢😢😢😂😂😊😊😢😮😮', 'likes': 10, 'publicado_em': '2024-06-13T22:57:25Z'}, {'autor': '@thanosdoomjuggernaut2846', 'comentario': '👍 YUP', 'likes': 14, 'publicado_em': '2024-07-16T16:40:35Z'}, {'autor': '@bouchrarzouq9937', 'comentario': 'One piece is inspirarional too', 'likes': 11, 'publicado_em': '2024-07-21T20:17:10Z'}]","OoO__ldFGpQ","Goku ALWAYS gets back up! 「dbs edit」#goku #jiren #dragonballsuper #anime #shorts","3","Mais curtidos"
"@soulvane","UCLhI-YxVDhxMWuUBtNog_gw","http://www.youtube.com/@soulvane","""Men do not fight for the hatred for those in front of them, but rather for the love for those behind them."" -A wise man","2154","2023-08-14T07:14:28Z","2023-08-14T07:14:28Z","True","True","36","5","[{'autor': '@OliverLuckhardt', 'comentario': 'yes', 'likes': 11, 'publicado_em': '2023-08-19T17:08:40Z'}, {'autor': '@Im-not-king', 'comentario': 'look at jiren at the end of the battle losing and lost i bet goku in grand priest form would be able defeat fused zamersu', 'likes': 12, 'publicado_em': '2023-08-20T00:52:23Z'}, {'autor': '@scruffyjohnson788', 'comentario': '-gk Chesterton', 'likes': 5, 'publicado_em': '2023-08-21T13:26:10Z'}, {'autor': '@tumatauenga6433', 'comentario': 'Spoken like someone whos never been in a fight', 'likes': 1, 'publicado_em': '2023-08-22T02:04:02Z'}, {'autor': '@skyrimenjoyer', 'comentario': '\u200b@Im-not-kingGoku in ""grand priest form"" does not exist.That is just fanfiction not cannon', 'likes': 5, 'publicado_em': '2023-08-22T10:58:13Z'}]","OoO__ldFGpQ","Goku ALWAYS gets back up! 「dbs edit」#goku #jiren #dragonballsuper #anime #shorts","3","Mais curtidos"
"@michaelcrockett8830","UC0bz32h20zgvva3HOxdttiA","http://www.youtube.com/@michaelcrockett8830","People never talk about krillen being there for goku no matter how terrified. To act in the face of fear and death for a friend, krillen is a real one thru and thru ❤","1362","2023-08-18T12:51:13Z","2023-08-18T12:51:13Z","True","True","30","5","[{'autor': '@sayaalisona2658', 'comentario': 'I know he is my sec fav charecter he is so underated', 'likes': 12, 'publicado_em': '2023-09-04T14:27:04Z'}, {'autor': '@Yara_aldoueri', 'comentario': 'Krillen 💀', 'likes': 7, 'publicado_em': '2023-09-07T04:41:51Z'}, {'autor': '@Jcouserrva', 'comentario': ""Krillin IS a real one thru and thru and if you don't believe me just ask Frieza:)"", 'likes': 9, 'publicado_em': '2023-09-18T01:06:51Z'}, {'autor': '@DreadPirateRoberts33', 'comentario': 'He’s a easily the most down character in anime. Yeah there’s plenty of characters that will do what their friends ask without question even if it’s killing somebody but Krillin would ask why and try to help his buddy have the best outcome. And even if it’s basically a guarantee that he’s gonna die he’ll fight for his friends no matter what the odds. 18 had it right choosing him because he’s the most loyal and trustworthy man in the show', 'likes': 22, 'publicado_em': '2023-09-19T11:54:40Z'}, {'autor': '@dersrothedestroyer8623', 'comentario': 'Also he was ligit the FIRST z fighter to start throwing hands with perfect cell', 'likes': 11, 'publicado_em': '2023-09-19T22:28:19Z'}]","OoO__ldFGpQ","Goku ALWAYS gets back up! 「dbs edit」#goku #jiren #dragonballsuper #anime #shorts","3","Mais curtidos"
"@LozaAlexander","UCOgGJBXXIkrXPkVkdNnhpLg","http://www.youtube.com/@LozaAlexander","Goku is such a deep person, he has inspired us for years","804","2025-02-07T20:21:39Z","2025-02-07T20:21:39Z","True","True","14","5","[{'autor': '@asmawahab6985', 'comentario': 'Ft', 'likes': 2, 'publicado_em': '2025-02-15T21:54:16Z'}, {'autor': '@actually-to4ug', 'comentario': 'fr!', 'likes': 2, 'publicado_em': '2025-02-20T03:58:04Z'}, {'autor': '@roblox-S-n8z', 'comentario': '❤❤❤❤❤❤❤❤❤❤❤❤❤❤❤❤❤❤🥺🥺🥺🥺🥺🥺🥺🥺🥺🥺🥺🥺🥺❤️❤️❤️❤️❤️❤️\U0001f979\U0001f979', 'likes': 0, 'publicado_em': '2025-02-23T09:44:55Z'}, {'autor': '@HayatHallala', 'comentario': 'Big fan', 'likes': 2, 'publicado_em': '2025-03-18T09:43:25Z'}, {'autor': '@gokuvegeta-e6l', 'comentario': 'fr', 'likes': 2, 'publicado_em': '2025-03-19T18:17:32Z'}]","OoO__ldFGpQ","Goku ALWAYS gets back up! 「dbs edit」#goku #jiren #dragonballsuper #anime #shorts","3","Mais curtidos"
"@DrakeWurrum","UC6UA2-VkXqD2vk47iqZ_UNw","http://www.youtube.com/@DrakeWurrum","Krillin's loyalty is truly something beautiful to behold.","739","2023-10-22T23:22:11Z","2023-10-22T23:22:11Z","True","True","19","5","[{'autor': '@Yessir73', 'comentario': 'Fr', 'likes': 7, 'publicado_em': '2023-11-05T14:22:40Z'}, {'autor': '@mark_kun178', 'comentario': 'to bad hes the useless character so that doesnt really matter', 'likes': 3, 'publicado_em': '2023-11-13T21:27:07Z'}, {'autor': '@xolains', 'comentario': 'He depends on goku bc his weak ass can’t do shit, simp ass risked the world for an android.', 'likes': 0, 'publicado_em': '2023-11-17T13:42:30Z'}, {'autor': '@ac1d_26', 'comentario': '@mark_kun178krillen is not useless he’s the reason we got super saiyan.', 'likes': 24, 'publicado_em': '2023-11-21T18:02:03Z'}, {'autor': '@CaibelTheStrategist', 'comentario': ""\u200b@ac1d_26kinda it was cause frieza killed him :/ so I'd say 50% krillian 50% frieza"", 'likes': 8, 'publicado_em': '2023-11-23T16:24:45Z'}]","OoO__ldFGpQ","Goku ALWAYS gets back up! 「dbs edit」#goku #jiren #dragonballsuper #anime #shorts","3","Mais curtidos"
"@saeres9288","UCy2S2NE6M0uwwbOLI0LC8gA","http://www.youtube.com/@saeres9288","i love how the gokus family and friends believe in him to pull off the impossible, no matter the circumstances. goku really is the definition of hope.","590","2023-08-14T12:24:53Z","2023-08-14T12:24:53Z","True","True","4","4","[{'autor': '@Ibzilla', 'comentario': ""That's the reason Trunks timeline was so messed up because Goku died and couldn't be revived by dragonballs"", 'likes': 28, 'publicado_em': '2023-08-23T04:34:12Z'}, {'autor': '@Carlos-t3q', 'comentario': ""I can't explain just hor much i love Drwgonball Z. I see Goku in me. One part of me  n Vegeta being the other. My Pride is Vegeta. My hope is Goku."", 'likes': 11, 'publicado_em': '2023-08-26T19:50:57Z'}, {'autor': '@gunnerEe', 'comentario': 'Goku when hurt or kill friend and family🗿 🥶🥶🥶🍷🍷🍷🍷🍷🍷🍷🍷🔥🔥🔥🔥🗣️🗣️💯💯💯😡😡😡😡😡😡', 'likes': 0, 'publicado_em': '2023-09-16T03:01:06Z'}, {'autor': '@PrincessQ-qb8ly', 'comentario': ""Agreed. Just like all of the fictional heroes who came before and after him, Goku is everyone's shining hope. 💖"", 'likes': 2, 'publicado_em': '2025-02-25T03:55:21Z'}]","OoO__ldFGpQ","Goku ALWAYS gets back up! 「dbs edit」#goku #jiren #dragonballsuper #anime #shorts","3","Mais curtidos"
"@Yushiro_Yaga","UCY4AQjm9QMZUCRxPz1-TrpQ","http://www.youtube.com/@Yushiro_Yaga","Goku teaches us to never give up. It doesn't matter what it costs you could fall, cry and even fail but don't give up.","294","2024-08-22T09:50:19Z","2024-08-22T09:50:19Z","True","True","2","2","[{'autor': '@Rocco-s6n', 'comentario': 'Three months old 228 likes and no replies. Let me fix that.', 'likes': 2, 'publicado_em': '2024-11-22T22:15:42Z'}, {'autor': '@yash8266', 'comentario': 'Yep', 'likes': 0, 'publicado_em': '2025-09-05T09:12:53Z'}]","OoO__ldFGpQ","Goku ALWAYS gets back up! 「dbs edit」#goku #jiren #dragonballsuper #anime #shorts","3","Mais curtidos"
"@Js_a_drummer","UCxu0VgU4Gemo_-SVEhbt5Dg","http://www.youtube.com/@Js_a_drummer","It’s crazy how Goku could break his limit in the T.O.P over four times","188","2025-04-08T14:16:29Z","2025-04-08T14:16:29Z","True","True","5","5","[{'autor': '@policarpoty2787', 'comentario': 'Yah😢😢😢😢 R.I.P', 'likes': 2, 'publicado_em': '2025-10-15T10:24:29Z'}, {'autor': '@policarpoty2787', 'comentario': 'Guko', 'likes': 1, 'publicado_em': '2025-10-15T10:24:44Z'}, {'autor': '@Brianprojack', 'comentario': '\u200b@policarpoty2787 wdym? Goku is alive... Akira Toriyama is dead though 😢', 'likes': 0, 'publicado_em': '2025-11-25T16:02:03Z'}, {'autor': '@Brianprojack', 'comentario': 'The T.O.P only lasted 48 minutes by the way...', 'likes': 0, 'publicado_em': '2025-11-25T16:02:27Z'}, {'autor': '@hazeboy9', 'comentario': 'You never stop me idgoF you on!!!', 'likes': 0, 'publicado_em': '2025-12-10T07:39:07Z'}]","OoO__ldFGpQ","Goku ALWAYS gets back up! 「dbs edit」#goku #jiren #dragonballsuper #anime #shorts","3","Mais curtidos"
"@Mdu_DancerRSA","UCdy_ixcHLurWfpsyphfQyfg","http://www.youtube.com/@Mdu_DancerRSA","Goku is an example of success in reality in life","174","2024-07-26T21:08:45Z","2024-07-26T21:08:45Z","True","True","6","5","[{'autor': '@ejazjindran', 'comentario': 'Naruto>..', 'likes': 1, 'publicado_em': '2024-08-15T15:44:54Z'}, {'autor': '@tiborsamu1888', 'comentario': '\u200b@ejazjindranbro even if goku goes baryon mode baryon mode base goku would Still\n One shot him', 'likes': 4, 'publicado_em': '2024-08-15T19:32:27Z'}, {'autor': '@Mohammedisham4071', 'comentario': '\u200b@tiborsamu1888He means hardwork not power', 'likes': 1, 'publicado_em': '2024-08-17T17:28:26Z'}, {'autor': '@rinkysingh1663', 'comentario': 'GOKU is God 💨💥🔥😎', 'likes': 1, 'publicado_em': '2024-08-24T07:25:01Z'}, {'autor': '@LEVI_HX', 'comentario': '\u200b@ejazjindran😂', 'likes': 1, 'publicado_em': '2024-08-31T15:39:05Z'}]","OoO__ldFGpQ","Goku ALWAYS gets back up! 「dbs edit」#goku #jiren #dragonballsuper #anime #shorts","3","Mais curtidos"
"@J4yblockanimations","UCZGUZmPO4RobQV6vzWVRYfw","http://www.youtube.com/@J4yblockanimations","Goku....u always show us wonders and defending whats right always..... respect 💯","145","2025-04-17T21:02:52Z","2025-04-17T21:02:52Z","True","True","1","1","[{'autor': '@KAZ0X_2008', 'comentario': 'True', 'likes': 2, 'publicado_em': '2025-06-28T11:55:55Z'}]","OoO__ldFGpQ","Goku ALWAYS gets back up! 「dbs edit」#goku #jiren #dragonballsuper #anime #shorts","3","Mais curtidos"
"@CosmicExplorer_01","UCeI2b9C0lNtyFOJdr_tLCQQ","http://www.youtube.com/@CosmicExplorer_01","Rest in peace, Akira. You have raised us all ❤🕊","128","2024-10-21T07:19:41Z","2024-10-21T07:19:41Z","True","True","3","3","[{'autor': '@huayhweechia', 'comentario': 'Yeah', 'likes': 0, 'publicado_em': '2025-10-20T11:08:26Z'}, {'autor': '@CosmicExplorer_01', 'comentario': '\u200b@huayhweechiathat was fast', 'likes': 0, 'publicado_em': '2025-10-22T08:51:53Z'}, {'autor': '@kubapelzl', 'comentario': 'its been a year and i havent still moved on', 'likes': 0, 'publicado_em': '2025-12-02T10:42:51Z'}]","OoO__ldFGpQ","Goku ALWAYS gets back up! 「dbs edit」#goku #jiren #dragonballsuper #anime #shorts","3","Mais curtidos"
"@Glitch_kang","UCwRJXfmICGL1nLVSiPvnLGQ","http://www.youtube.com/@Glitch_kang","A  HERO NEVER GIVES UP.......","30","2025-02-26T17:59:47Z","2025-02-26T18:00:33Z","True","True","2","2","[{'autor': '@endofgame4913', 'comentario': 'Goku is not a hero, he even mentioned it in a part against black Goku, he said that he is not a hero or anything like that but anyone who dares to touch his family or friends will pay', 'likes': 1, 'publicado_em': '2025-08-26T15:46:36Z'}, {'autor': '@xfreedomwolfex734', 'comentario': 'A warrior of a fighter, a path made true through his fists. Made true through his heart, his very spirit.', 'likes': 0, 'publicado_em': '2025-09-30T17:40:12Z'}]","OoO__ldFGpQ","Goku ALWAYS gets back up! 「dbs edit」#goku #jiren #dragonballsuper #anime #shorts","3","Mais curtidos"
"@Blockbuddiesden826","UCC8hg5Jp519FfBjE2FHhCWg","http://www.youtube.com/@Blockbuddiesden826","Both goku and jiren were right in their way to becoming stronger","23","2025-04-20T16:34:36Z","2025-04-20T16:34:36Z","True","True","0","0","[]","OoO__ldFGpQ","Goku ALWAYS gets back up! 「dbs edit」#goku #jiren #dragonballsuper #anime #shorts","3","Mais curtidos"
"@WayneQualls","UCMDXua2ZDbI0vgGIAMyzZdQ","http://www.youtube.com/@WayneQualls","Goku is the goat not just with strength but he never gives up even if it means the death of him ,he always gets back up even when it's hard, he's pure of heart even though people say he should have Saiyan pride, and  he supports his son even though his son's a scholar, he killed himself to save earth in the cell saga, he sent everyone back to earth except for him and frieza even though he could have saved himself butt instead he made sure to end frieza, that is why Goku is my idle❤ he never lets anyone down","11","2025-08-21T21:17:36Z","2025-08-21T21:17:36Z","True","True","0","0","[]","OoO__ldFGpQ","Goku ALWAYS gets back up! 「dbs edit」#goku #jiren #dragonballsuper #anime #shorts","3","Mais curtidos"
"@EtunaShubitidze","UCM6X4gtu8oIqNHmsZH4k4-A","http://www.youtube.com/@EtunaShubitidze","goku always get up he Will never betray his trust ❤","8","2025-04-24T12:47:23Z","2025-04-24T12:47:23Z","True","True","0","0","[]","OoO__ldFGpQ","Goku ALWAYS gets back up! 「dbs edit」#goku #jiren #dragonballsuper #anime #shorts","3","Mais curtidos"
"@WayneQualls","UCMDXua2ZDbI0vgGIAMyzZdQ","http://www.youtube.com/@WayneQualls","Goku is the goat not just with strength but he never gives up even if it means the death of him ,he always gets back up even when it's hard, he's pure of heart even though people say he should have Saiyan pride, and  he supports his son even though his son's a scholar, he killed himself to save earth in the cell saga, he sent everyone back to earth except for him and frieza even though he could have saved himself butt instead he made sure to end frieza, that is why Goku is my idle❤ he never lets anyone down","11","2025-08-21T21:17:36Z","2025-08-21T21:17:36Z","True","True","0","0","[]","OoO__ldFGpQ","Goku ALWAYS gets back up! 「dbs edit」#goku #jiren #dragonballsuper #anime #shorts","4","Mais longos"
"@michaelcrockett8830","UC0bz32h20zgvva3HOxdttiA","http://www.youtube.com/@michaelcrockett8830","People never talk about krillen being there for goku no matter how terrified. To act in the face of fear and death for a friend, krillen is a real one thru and thru ❤","1362","2023-08-18T12:51:13Z","2023-08-18T12:51:13Z","True","True","30","5","[{'autor': '@sayaalisona2658', 'comentario': 'I know he is my sec fav charecter he is so underated', 'likes': 12, 'publicado_em': '2023-09-04T14:27:04Z'}, {'autor': '@Yara_aldoueri', 'comentario': 'Krillen 💀', 'likes': 7, 'publicado_em': '2023-09-07T04:41:51Z'}, {'autor': '@Jcouserrva', 'comentario': ""Krillin IS a real one thru and thru and if you don't believe me just ask Frieza:)"", 'likes': 9, 'publicado_em': '2023-09-18T01:06:51Z'}, {'autor': '@DreadPirateRoberts33', 'comentario': 'He’s a easily the most down character in anime. Yeah there’s plenty of characters that will do what their friends ask without question even if it’s killing somebody but Krillin would ask why and try to help his buddy have the best outcome. And even if it’s basically a guarantee that he’s gonna die he’ll fight for his friends no matter what the odds. 18 had it right choosing him because he’s the most loyal and trustworthy man in the show', 'likes': 22, 'publicado_em': '2023-09-19T11:54:40Z'}, {'autor': '@dersrothedestroyer8623', 'comentario': 'Also he was ligit the FIRST z fighter to start throwing hands with perfect cell', 'likes': 11, 'publicado_em': '2023-09-19T22:28:19Z'}]","OoO__ldFGpQ","Goku ALWAYS gets back up! 「dbs edit」#goku #jiren #dragonballsuper #anime #shorts","4","Mais longos"
"@saeres9288","UCy2S2NE6M0uwwbOLI0LC8gA","http://www.youtube.com/@saeres9288","i love how the gokus family and friends believe in him to pull off the impossible, no matter the circumstances. goku really is the definition of hope.","590","2023-08-14T12:24:53Z","2023-08-14T12:24:53Z","True","True","4","4","[{'autor': '@Ibzilla', 'comentario': ""That's the reason Trunks timeline was so messed up because Goku died and couldn't be revived by dragonballs"", 'likes': 28, 'publicado_em': '2023-08-23T04:34:12Z'}, {'autor': '@Carlos-t3q', 'comentario': ""I can't explain just hor much i love Drwgonball Z. I see Goku in me. One part of me  n Vegeta being the other. My Pride is Vegeta. My hope is Goku."", 'likes': 11, 'publicado_em': '2023-08-26T19:50:57Z'}, {'autor': '@gunnerEe', 'comentario': 'Goku when hurt or kill friend and family🗿 🥶🥶🥶🍷🍷🍷🍷🍷🍷🍷🍷🔥🔥🔥🔥🗣️🗣️💯💯💯😡😡😡😡😡😡', 'likes': 0, 'publicado_em': '2023-09-16T03:01:06Z'}, {'autor': '@PrincessQ-qb8ly', 'comentario': ""Agreed. Just like all of the fictional heroes who came before and after him, Goku is everyone's shining hope. 💖"", 'likes': 2, 'publicado_em': '2025-02-25T03:55:21Z'}]","OoO__ldFGpQ","Goku ALWAYS gets back up! 「dbs edit」#goku #jiren #dragonballsuper #anime #shorts","4","Mais longos"
"@soulvane","UCLhI-YxVDhxMWuUBtNog_gw","http://www.youtube.com/@soulvane","""Men do not fight for the hatred for those in front of them, but rather for the love for those behind them."" -A wise man","2154","2023-08-14T07:14:28Z","2023-08-14T07:14:28Z","True","True","36","5","[{'autor': '@OliverLuckhardt', 'comentario': 'yes', 'likes': 11, 'publicado_em': '2023-08-19T17:08:40Z'}, {'autor': '@Im-not-king', 'comentario': 'look at jiren at the end of the battle losing and lost i bet goku in grand priest form would be able defeat fused zamersu', 'likes': 12, 'publicado_em': '2023-08-20T00:52:23Z'}, {'autor': '@scruffyjohnson788', 'comentario': '-gk Chesterton', 'likes': 5, 'publicado_em': '2023-08-21T13:26:10Z'}, {'autor': '@tumatauenga6433', 'comentario': 'Spoken like someone whos never been in a fight', 'likes': 1, 'publicado_em': '2023-08-22T02:04:02Z'}, {'autor': '@skyrimenjoyer', 'comentario': '\u200b@Im-not-kingGoku in ""grand priest form"" does not exist.That is just fanfiction not cannon', 'likes': 5, 'publicado_em': '2023-08-22T10:58:13Z'}]","OoO__ldFGpQ","Goku ALWAYS gets back up! 「dbs edit」#goku #jiren #dragonballsuper #anime #shorts","4","Mais longos"
"@Yushiro_Yaga","UCY4AQjm9QMZUCRxPz1-TrpQ","http://www.youtube.com/@Yushiro_Yaga","Goku teaches us to never give up. It doesn't matter what it costs you could fall, cry and even fail but don't give up.","294","2024-08-22T09:50:19Z","2024-08-22T09:50:19Z","True","True","2","2","[{'autor': '@Rocco-s6n', 'comentario': 'Three months old 228 likes and no replies. Let me fix that.', 'likes': 2, 'publicado_em': '2024-11-22T22:15:42Z'}, {'autor': '@yash8266', 'comentario': 'Yep', 'likes': 0, 'publicado_em': '2025-09-05T09:12:53Z'}]","OoO__ldFGpQ","Goku ALWAYS gets back up! 「dbs edit」#goku #jiren #dragonballsuper #anime #shorts","4","Mais longos"
"@bedbomber4694","UCBFsiHt0TkBdTHU4YVENu-g","http://www.youtube.com/@bedbomber4694","“You say they don’t mean anything, I’ll show you that they do”
Bro gave me CHILLS","4879","2024-05-29T06:02:39Z","2024-05-29T06:02:39Z","True","True","56","5","[{'autor': '@koqy', 'comentario': 'Fr bro I’m still watching the og dragon ball but this gave me chills', 'likes': 61, 'publicado_em': '2024-06-18T07:23:51Z'}, {'autor': '@gamerboi1680', 'comentario': 'It was like CHILLS', 'likes': 30, 'publicado_em': '2024-06-28T12:11:13Z'}, {'autor': '@Yhrbaotk', 'comentario': 'Fr ❤😮', 'likes': 17, 'publicado_em': '2024-06-29T22:12:25Z'}, {'autor': '@Ray-vp6we', 'comentario': 'Same', 'likes': 11, 'publicado_em': '2024-07-01T22:15:59Z'}, {'autor': '@Toji-plys', 'comentario': 'SAMEEEEE', 'likes': 7, 'publicado_em': '2024-07-03T04:16:58Z'}]","OoO__ldFGpQ","Goku ALWAYS gets back up! 「dbs edit」#goku #jiren #dragonballsuper #anime #shorts","4","Mais longos"
"@J4yblockanimations","UCZGUZmPO4RobQV6vzWVRYfw","http://www.youtube.com/@J4yblockanimations","Goku....u always show us wonders and defending whats right always..... respect 💯","145","2025-04-17T21:02:52Z","2025-04-17T21:02:52Z","True","True","1","1","[{'autor': '@KAZ0X_2008', 'comentario': 'True', 'likes': 2, 'publicado_em': '2025-06-28T11:55:55Z'}]","OoO__ldFGpQ","Goku ALWAYS gets back up! 「dbs edit」#goku #jiren #dragonballsuper #anime #shorts","4","Mais longos"
"@Js_a_drummer","UCxu0VgU4Gemo_-SVEhbt5Dg","http://www.youtube.com/@Js_a_drummer","It’s crazy how Goku could break his limit in the T.O.P over four times","188","2025-04-08T14:16:29Z","2025-04-08T14:16:29Z","True","True","5","5","[{'autor': '@policarpoty2787', 'comentario': 'Yah😢😢😢😢 R.I.P', 'likes': 2, 'publicado_em': '2025-10-15T10:24:29Z'}, {'autor': '@policarpoty2787', 'comentario': 'Guko', 'likes': 1, 'publicado_em': '2025-10-15T10:24:44Z'}, {'autor': '@Brianprojack', 'comentario': '\u200b@policarpoty2787 wdym? Goku is alive... Akira Toriyama is dead though 😢', 'likes': 0, 'publicado_em': '2025-11-25T16:02:03Z'}, {'autor': '@Brianprojack', 'comentario': 'The T.O.P only lasted 48 minutes by the way...', 'likes': 0, 'publicado_em': '2025-11-25T16:02:27Z'}, {'autor': '@hazeboy9', 'comentario': 'You never stop me idgoF you on!!!', 'likes': 0, 'publicado_em': '2025-12-10T07:39:07Z'}]","OoO__ldFGpQ","Goku ALWAYS gets back up! 「dbs edit」#goku #jiren #dragonballsuper #anime #shorts","4","Mais longos"
"@Mactobi10","UCWTEq6prQnfbLXC1cnxIwZQ","http://www.youtube.com/@Mactobi10","Dragon Ball is honestly one of the most inspirational shows ever","2422","2024-05-13T18:28:12Z","2024-05-13T18:28:12Z","True","True","30","5","[{'autor': '@SiddYT_007', 'comentario': 'Goku himself is the biggest inspiration \U0001fae1', 'likes': 76, 'publicado_em': '2024-06-11T15:49:20Z'}, {'autor': '@BuhleBlose-nw8lp', 'comentario': 'It will forever', 'likes': 31, 'publicado_em': '2024-06-12T11:02:18Z'}, {'autor': '@ericakraft8682', 'comentario': 'No madam what 😢😢😢😂😂😊😊😢😮😮', 'likes': 10, 'publicado_em': '2024-06-13T22:57:25Z'}, {'autor': '@thanosdoomjuggernaut2846', 'comentario': '👍 YUP', 'likes': 14, 'publicado_em': '2024-07-16T16:40:35Z'}, {'autor': '@bouchrarzouq9937', 'comentario': 'One piece is inspirarional too', 'likes': 11, 'publicado_em': '2024-07-21T20:17:10Z'}]","OoO__ldFGpQ","Goku ALWAYS gets back up! 「dbs edit」#goku #jiren #dragonballsuper #anime #shorts","4","Mais longos"
"@Blockbuddiesden826","UCC8hg5Jp519FfBjE2FHhCWg","http://www.youtube.com/@Blockbuddiesden826","Both goku and jiren were right in their way to becoming stronger","23","2025-04-20T16:34:36Z","2025-04-20T16:34:36Z","True","True","0","0","[]","OoO__ldFGpQ","Goku ALWAYS gets back up! 「dbs edit」#goku #jiren #dragonballsuper #anime #shorts","4","Mais longos"
"@FreshDougan","UCDLnIBrc30of1A_jxoZ-biQ","http://www.youtube.com/@FreshDougan","""Why do you get back up Goku!"" 
""Because I'm really hungry...""","16113","2023-07-29T15:51:00Z","2023-07-29T15:51:00Z","True","True","283","5","[{'autor': '@darrendays4489', 'comentario': 'Thats some Luffy type shit ngl. I need to see them have an eating contest', 'likes': 669, 'publicado_em': '2023-07-29T16:03:44Z'}, {'autor': '@senren6791', 'comentario': '\u200b@darrendays4489Well Luffy was kinda based off of Goku cuz both are dumb af and they can eat like a house full of food 😂', 'likes': 449, 'publicado_em': '2023-07-29T16:15:35Z'}, {'autor': '@bored9796', 'comentario': '\u200b@senren6791 dbz goku was so much more smart and serious dbs made him really stupid so he could underestimate people', 'likes': 292, 'publicado_em': '2023-07-29T17:22:04Z'}, {'autor': '@qazplmwsxoknqazplmwsxokn540', 'comentario': '@bored9796Fr bruh he never went to school and he knew history he even made jokes from time to time like the one about Isaac newton and gravity', 'likes': 107, 'publicado_em': '2023-07-29T17:47:48Z'}, {'autor': '@Sportseditz7643', 'comentario': 'Fr', 'likes': 31, 'publicado_em': '2023-07-29T17:51:11Z'}]","OoO__ldFGpQ","Goku ALWAYS gets back up! 「dbs edit」#goku #jiren #dragonballsuper #anime #shorts","4","Mais longos"
"@DrakeWurrum","UC6UA2-VkXqD2vk47iqZ_UNw","http://www.youtube.com/@DrakeWurrum","Krillin's loyalty is truly something beautiful to behold.","739","2023-10-22T23:22:11Z","2023-10-22T23:22:11Z","True","True","19","5","[{'autor': '@Yessir73', 'comentario': 'Fr', 'likes': 7, 'publicado_em': '2023-11-05T14:22:40Z'}, {'autor': '@mark_kun178', 'comentario': 'to bad hes the useless character so that doesnt really matter', 'likes': 3, 'publicado_em': '2023-11-13T21:27:07Z'}, {'autor': '@xolains', 'comentario': 'He depends on goku bc his weak ass can’t do shit, simp ass risked the world for an android.', 'likes': 0, 'publicado_em': '2023-11-17T13:42:30Z'}, {'autor': '@ac1d_26', 'comentario': '@mark_kun178krillen is not useless he’s the reason we got super saiyan.', 'likes': 24, 'publicado_em': '2023-11-21T18:02:03Z'}, {'autor': '@CaibelTheStrategist', 'comentario': ""\u200b@ac1d_26kinda it was cause frieza killed him :/ so I'd say 50% krillian 50% frieza"", 'likes': 8, 'publicado_em': '2023-11-23T16:24:45Z'}]","OoO__ldFGpQ","Goku ALWAYS gets back up! 「dbs edit」#goku #jiren #dragonballsuper #anime #shorts","4","Mais longos"
"@LozaAlexander","UCOgGJBXXIkrXPkVkdNnhpLg","http://www.youtube.com/@LozaAlexander","Goku is such a deep person, he has inspired us for years","804","2025-02-07T20:21:39Z","2025-02-07T20:21:39Z","True","True","14","5","[{'autor': '@asmawahab6985', 'comentario': 'Ft', 'likes': 2, 'publicado_em': '2025-02-15T21:54:16Z'}, {'autor': '@actually-to4ug', 'comentario': 'fr!', 'likes': 2, 'publicado_em': '2025-02-20T03:58:04Z'}, {'autor': '@roblox-S-n8z', 'comentario': '❤❤❤❤❤❤❤❤❤❤❤❤❤❤❤❤❤❤🥺🥺🥺🥺🥺🥺🥺🥺🥺🥺🥺🥺🥺❤️❤️❤️❤️❤️❤️\U0001f979\U0001f979', 'likes': 0, 'publicado_em': '2025-02-23T09:44:55Z'}, {'autor': '@HayatHallala', 'comentario': 'Big fan', 'likes': 2, 'publicado_em': '2025-03-18T09:43:25Z'}, {'autor': '@gokuvegeta-e6l', 'comentario': 'fr', 'likes': 2, 'publicado_em': '2025-03-19T18:17:32Z'}]","OoO__ldFGpQ","Goku ALWAYS gets back up! 「dbs edit」#goku #jiren #dragonballsuper #anime #shorts","4","Mais longos"
"@EtunaShubitidze","UCM6X4gtu8oIqNHmsZH4k4-A","http://www.youtube.com/@EtunaShubitidze","goku always get up he Will never betray his trust ❤","8","2025-04-24T12:47:23Z","2025-04-24T12:47:23Z","True","True","0","0","[]","OoO__ldFGpQ","Goku ALWAYS gets back up! 「dbs edit」#goku #jiren #dragonballsuper #anime #shorts","4","Mais longos"
"@Mdu_DancerRSA","UCdy_ixcHLurWfpsyphfQyfg","http://www.youtube.com/@Mdu_DancerRSA","Goku is an example of success in reality in life","174","2024-07-26T21:08:45Z","2024-07-26T21:08:45Z","True","True","6","5","[{'autor': '@ejazjindran', 'comentario': 'Naruto>..', 'likes': 1, 'publicado_em': '2024-08-15T15:44:54Z'}, {'autor': '@tiborsamu1888', 'comentario': '\u200b@ejazjindranbro even if goku goes baryon mode baryon mode base goku would Still\n One shot him', 'likes': 4, 'publicado_em': '2024-08-15T19:32:27Z'}, {'autor': '@Mohammedisham4071', 'comentario': '\u200b@tiborsamu1888He means hardwork not power', 'likes': 1, 'publicado_em': '2024-08-17T17:28:26Z'}, {'autor': '@rinkysingh1663', 'comentario': 'GOKU is God 💨💥🔥😎', 'likes': 1, 'publicado_em': '2024-08-24T07:25:01Z'}, {'autor': '@LEVI_HX', 'comentario': '\u200b@ejazjindran😂', 'likes': 1, 'publicado_em': '2024-08-31T15:39:05Z'}]","OoO__ldFGpQ","Goku ALWAYS gets back up! 「dbs edit」#goku #jiren #dragonballsuper #anime #shorts","4","Mais longos"
"@zigsharko3071","UCKDe2qVfKXQcf0_GyZKkxAQ","http://www.youtube.com/@zigsharko3071","Goku is an source of inspiration for all of us.","3504","2023-11-03T19:47:38Z","2023-11-03T19:47:38Z","True","True","80","5","[{'autor': '@green_lt3', 'comentario': 'Not for me lol. My inspiration is my Prophet Muhammad (SWT)', 'likes': 86, 'publicado_em': '2023-11-30T05:10:21Z'}, {'autor': '@goutambera3722', 'comentario': 'Literally you are right bro', 'likes': 23, 'publicado_em': '2023-12-02T13:41:12Z'}, {'autor': '@Zomboo', 'comentario': '\u200b@green_lt3 you are inspired by a pedophile that graped a 9 year old child and crossdressed in her clothing? You would be better off idolizing Goku.', 'likes': 0, 'publicado_em': '2023-12-02T14:33:13Z'}, {'autor': '@ayosusboi67', 'comentario': 'Goku a true sigma 🗿', 'likes': 34, 'publicado_em': '2023-12-02T22:31:33Z'}, {'autor': '@user-rs4md8mf7u', 'comentario': '\u200b@green_lt3rapist of 6 year olf girl?', 'likes': 0, 'publicado_em': '2023-12-05T07:26:56Z'}]","OoO__ldFGpQ","Goku ALWAYS gets back up! 「dbs edit」#goku #jiren #dragonballsuper #anime #shorts","4","Mais longos"
"@CosmicExplorer_01","UCeI2b9C0lNtyFOJdr_tLCQQ","http://www.youtube.com/@CosmicExplorer_01","Rest in peace, Akira. You have raised us all ❤🕊","128","2024-10-21T07:19:41Z","2024-10-21T07:19:41Z","True","True","3","3","[{'autor': '@huayhweechia', 'comentario': 'Yeah', 'likes': 0, 'publicado_em': '2025-10-20T11:08:26Z'}, {'autor': '@CosmicExplorer_01', 'comentario': '\u200b@huayhweechiathat was fast', 'likes': 0, 'publicado_em': '2025-10-22T08:51:53Z'}, {'autor': '@kubapelzl', 'comentario': 'its been a year and i havent still moved on', 'likes': 0, 'publicado_em': '2025-12-02T10:42:51Z'}]","OoO__ldFGpQ","Goku ALWAYS gets back up! 「dbs edit」#goku #jiren #dragonballsuper #anime #shorts","4","Mais longos"
"@Flame-ofTruth","UCjo7EZjdTa8Zn_1ZG0FNKVg","http://www.youtube.com/@Flame-ofTruth","His friends will always support him","6037","2023-07-29T15:22:17Z","2023-07-29T15:22:17Z","True","True","64","5","[{'autor': '@LKTheKING703', 'comentario': 'Yep❤❤❤❤', 'likes': 29, 'publicado_em': '2023-07-29T15:44:22Z'}, {'autor': '@Flame-ofTruth', 'comentario': '💪😎👌', 'likes': 25, 'publicado_em': '2023-07-29T16:00:39Z'}, {'autor': '@LKTheKING703', 'comentario': 'Hehe', 'likes': 15, 'publicado_em': '2023-07-29T16:18:27Z'}, {'autor': '@eliart510', 'comentario': 'Krillin', 'likes': 17, 'publicado_em': '2023-07-29T23:11:05Z'}, {'autor': '@Im_bored_tbh', 'comentario': 'Nah its plot armor', 'likes': 8, 'publicado_em': '2023-07-30T10:23:53Z'}]","OoO__ldFGpQ","Goku ALWAYS gets back up! 「dbs edit」#goku #jiren #dragonballsuper #anime #shorts","4","Mais longos"
"@Glitch_kang","UCwRJXfmICGL1nLVSiPvnLGQ","http://www.youtube.com/@Glitch_kang","A  HERO NEVER GIVES UP.......","30","2025-02-26T17:59:47Z","2025-02-26T18:00:33Z","True","True","2","2","[{'autor': '@endofgame4913', 'comentario': 'Goku is not a hero, he even mentioned it in a part against black Goku, he said that he is not a hero or anything like that but anyone who dares to touch his family or friends will pay', 'likes': 1, 'publicado_em': '2025-08-26T15:46:36Z'}, {'autor': '@xfreedomwolfex734', 'comentario': 'A warrior of a fighter, a path made true through his fists. Made true through his heart, his very spirit.', 'likes': 0, 'publicado_em': '2025-09-30T17:40:12Z'}]","OoO__ldFGpQ","Goku ALWAYS gets back up! 「dbs edit」#goku #jiren #dragonballsuper #anime #shorts","4","Mais longos"
"@Mr_Ballz","UCrySAD3ooklys658jvamM1A","http://www.youtube.com/@Mr_Ballz","Goku always gets back up❤","9304","2023-07-29T15:16:07Z","2023-10-16T14:48:15Z","True","True","631","5","[{'autor': '@canonevent1721', 'comentario': 'Fax', 'likes': 140, 'publicado_em': '2023-07-29T18:19:03Z'}, {'autor': '@BBBigMuffin', 'comentario': 'Dunno how he does it but that’s tough for him', 'likes': 103, 'publicado_em': '2023-07-29T22:05:15Z'}, {'autor': '@UVM07', 'comentario': 'Not after he was about to eliminate jiren, he got like shocked because he used too much of ui 😂', 'likes': 62, 'publicado_em': '2023-07-30T00:52:12Z'}, {'autor': '@Thedeejay2009', 'comentario': '@UVM07no because it took to much of a toll on his body but he got back up and used ssj and defeated', 'likes': 62, 'publicado_em': '2023-07-30T06:35:04Z'}, {'autor': '@gojo91919', 'comentario': '❤❤❤❤❤', 'likes': 25, 'publicado_em': '2023-08-02T19:07:13Z'}]","OoO__ldFGpQ","Goku ALWAYS gets back up! 「dbs edit」#goku #jiren #dragonballsuper #anime #shorts","4","Mais longos"
"@ArchonKain","UCqoB3R0_5SNhjmBS9IwYTXQ","http://www.youtube.com/@ArchonKain","""There isn't anything 'mere' about that mortal"" -The Joker","134","2025-11-27T16:38:32Z","2025-11-27T16:38:32Z","True","True","0","0","[]","I3c9JXQGpwU","Beerus Warns Zamasu About Goku (dbs edit) #dbsedit #dbedit #dbsedits","1","Mais novos"
"@theshry","UCG63aNvC5Osg5VHSzuDjRXg","http://www.youtube.com/@theshry","His, ""now hold on nobody's pulling anything"" is hilarious","8","2025-10-14T07:20:01Z","2025-10-14T07:20:01Z","True","True","0","0","[]","I3c9JXQGpwU","Beerus Warns Zamasu About Goku (dbs edit) #dbsedit #dbedit #dbsedits","1","Mais novos"
"@Bulmabrefs","UCObhlKlkTgJnotNA0H2Nu6A","http://www.youtube.com/@Bulmabrefs","🤍”because if you hold back you’ll die”best thing I’ve heard all day","104","2025-09-28T02:29:03Z","2025-09-28T02:29:03Z","True","True","1","1","[{'autor': '@Goku_is_OP', 'comentario': 'I was Holding back a Little, You know', 'likes': 3, 'publicado_em': '2025-11-20T17:48:10Z'}]","I3c9JXQGpwU","Beerus Warns Zamasu About Goku (dbs edit) #dbsedit #dbedit #dbsedits","1","Mais novos"
"@Alextheone-n7l","UC9C1IHqPTNT20C2XujS1qsw","http://www.youtube.com/@Alextheone-n7l","Goku instantly becomes mad when fighting 😂

(Edit)OMG THANK YOU FOR 485 LIKES","592","2025-06-08T12:22:29Z","2025-11-10T22:15:58Z","True","True","19","5","[{'autor': '@HeatherCheesman-d9b', 'comentario': ""He's locked in"", 'likes': 34, 'publicado_em': '2025-07-07T23:04:29Z'}, {'autor': '@analytixna6610', 'comentario': ""Super Saiyan kinda requires that. Which is why the kaioken didn't work with it until blue"", 'likes': 40, 'publicado_em': '2025-07-14T01:39:44Z'}, {'autor': '@FunDadHubby', 'comentario': '@analytixna6610But he used it against Pikkon', 'likes': 1, 'publicado_em': '2025-07-30T19:13:40Z'}, {'autor': '@analytixna6610', 'comentario': ""\u200b@FunDadHubby yeah, and he was DEAD, that's very specifically why he was able to"", 'likes': 11, 'publicado_em': '2025-07-30T19:47:28Z'}, {'autor': '@davitharutyunyan875', 'comentario': ""\u200b@FunDadHubby adding to the comment above me, and wasn't canon iirc"", 'likes': 8, 'publicado_em': '2025-07-31T16:10:03Z'}]","I3c9JXQGpwU","Beerus Warns Zamasu About Goku (dbs edit) #dbsedit #dbedit #dbsedits","1","Mais novos"
"@BluntRifle","UCmGXYZUWclSxSnoVpTNwTKw","http://www.youtube.com/@BluntRifle","I absolutely love how beerus uses Goku as his “look what I’ve got as a pet” boast to the whole multiverse 😂","26117","2025-05-25T13:00:52Z","2025-08-22T22:58:48Z","True","True","107","5","[{'autor': '@zendyqesy', 'comentario': 'literally how king kai was in the otherworld saga 😂', 'likes': 1552, 'publicado_em': '2025-06-09T12:29:12Z'}, {'autor': '@sacredterrador5611', 'comentario': 'Goku is just Beerus and King Kai’s shared pet Pit Bull that they use to show off to their friends.', 'likes': 1402, 'publicado_em': '2025-06-09T17:00:03Z'}, {'autor': '@rolfknappmann', 'comentario': 'nah, at the end of super all of them are standing, because not even the destroyers mastered ultra instinct and it gives me chills, everytime.', 'likes': 326, 'publicado_em': '2025-06-16T07:24:54Z'}, {'autor': '@harghartiranga2606', 'comentario': ""\u200b@rolfknappmann he mastered ultra instinct doesn't mean he can defeat beerus.. in manga beerus is equal to 3-4 destroyers alone he is one of the strongest destroyer in multiverse"", 'likes': 255, 'publicado_em': '2025-06-20T15:39:58Z'}, {'autor': '@shootingzenfist', 'comentario': 'Omg so true 😂😂😂', 'likes': 11, 'publicado_em': '2025-06-21T17:22:48Z'}]","I3c9JXQGpwU","Beerus Warns Zamasu About Goku (dbs edit) #dbsedit #dbedit #dbsedits","1","Mais novos"
"@CRIMSON-FLAME1","UCRa8S6zdOlqSBqJDO87Yc-g","http://www.youtube.com/@CRIMSON-FLAME1","Goku literally had to definitely hold back. That smirk that beerus makes is absolutely the cherry on top.","909","2025-05-13T01:15:23Z","2025-05-13T01:15:23Z","True","True","12","5","[{'autor': '@Thomas-z8f1k', 'comentario': 'Goku has to hold back. He could have went Super Saiyan 1 and would have still be causing Zamasu trouble. Imo ssj2 was already pushing it. 3 would have BODIED him. God form and Blue would have been DEVASTATING', 'likes': 34, 'publicado_em': '2025-07-10T12:30:13Z'}, {'autor': '@Starlitsoul0359', 'comentario': '@Thomas-z8f1k\nThe thing is. At 1 he probably would have been able to beat Zamasu at a more even playing field. It would have even probably been a bit overkill.\n\nBut he went 2 PURELY so he was at a high enough level to effortlessly spar with Zamasu while making sure he didn\'t let his guard down. \n\nThis is because he wasn\'t there to win his fight and test himself, he was there to gather information. \n\nAll in all, I love when Goku is WICKED smart. He may not do numbers and stuff well. And overall isn\'t the best informed. \n\nIf it\'s something he cares about? He\'s a genius in every sense of the word. Fighting, strategizing, coming up with ways to overcome obstacles in his way. \n\nEspecially shown in the Cell arc. Granted... With his lack of emotional intelligence on full display as he realizes. ""Oh no... Gohan doesn\'t really have his head in the game like I do.""\n\nEven if he was right about his power.', 'likes': 31, 'publicado_em': '2025-11-12T18:12:45Z'}, {'autor': '@Hakuta1235', 'comentario': '\u200b\u200b@Thomas-z8f1kbase Goku right before the Goku black arc is already stronger than ssj3 Goku buu saga who is definitely stronger than zamasu.', 'likes': 0, 'publicado_em': '2025-11-15T03:06:51Z'}, {'autor': '@bruceolga3644', 'comentario': 'Ewe hueman cliché clones were programmed backwards on purpose 👁️🦁', 'likes': 0, 'publicado_em': '2025-11-17T00:17:12Z'}, {'autor': '@bruceolga3644', 'comentario': '@Thomas-z8f1kwhat a simp… common knowledge that SS3 is to be skipped; ewe hueman cliché clone thirsty zombie hueman parroting parrots programmed backwards should be… somewhat aware 👁️🦁', 'likes': 0, 'publicado_em': '2025-11-17T00:30:12Z'}]","I3c9JXQGpwU","Beerus Warns Zamasu About Goku (dbs edit) #dbsedit #dbedit #dbsedits","1","Mais novos"
"@dantecruzz","UCwrd-52VGD-YiWH6vhtB4wA","http://www.youtube.com/@dantecruzz","""Because if you hold back, you'll die"" hits hard😶‍🌫️","5873","2025-04-14T19:56:49Z","2025-04-14T19:56:49Z","True","True","21","5","[{'autor': '@SlimShady-hk8qp', 'comentario': '🥶🥶', 'likes': 24, 'publicado_em': '2025-06-16T01:46:23Z'}, {'autor': '@Dishkyaooooon', 'comentario': 'Did you otgasm much', 'likes': 0, 'publicado_em': '2025-07-09T14:57:59Z'}, {'autor': '@GrandPokePrix', 'comentario': ""And Zamasu would've had he held back. Goku is a freaking monster"", 'likes': 53, 'publicado_em': '2025-07-14T00:54:03Z'}, {'autor': '@Pandolfinstein44', 'comentario': ""Now does that mean beerus will kill him for holding back or that Goku will cause Goku doesn't kill"", 'likes': 20, 'publicado_em': '2025-07-15T13:35:35Z'}, {'autor': '@GrandPokePrix', 'comentario': 'It was more of athing stating Gokus power at that stage, not that Zamasu would actually die. Sorry for the confusion\u200b@Pandolfinstein44', 'likes': 11, 'publicado_em': '2025-07-15T19:07:29Z'}]","I3c9JXQGpwU","Beerus Warns Zamasu About Goku (dbs edit) #dbsedit #dbedit #dbsedits","1","Mais novos"
"@darkfoxfurre","UCTp_TfAlcAqWKNwNdXKplLQ","http://www.youtube.com/@darkfoxfurre","That ""That's my boy"" smirk Beerus gives is excellent","13711","2025-02-09T06:37:42Z","2025-02-09T06:37:42Z","True","True","20","5","[{'autor': '@gg_noobeditz', 'comentario': 'fr', 'likes': 36, 'publicado_em': '2025-04-26T01:44:17Z'}, {'autor': '@AFAIK-l8k', 'comentario': '@darkfoxfurre gods do need champions', 'likes': 35, 'publicado_em': '2025-05-03T23:59:05Z'}, {'autor': '@Dime_time333', 'comentario': 'Lame', 'likes': 3, 'publicado_em': '2025-05-04T19:16:05Z'}, {'autor': '@wilykat', 'comentario': ""\u200b@Dime_time333You can't help being lame. We forgive you."", 'likes': 0, 'publicado_em': '2025-05-18T15:15:21Z'}, {'autor': '@Thesaviorkey', 'comentario': '@Dime_time333cornball', 'likes': 13, 'publicado_em': '2025-06-19T17:44:11Z'}]","I3c9JXQGpwU","Beerus Warns Zamasu About Goku (dbs edit) #dbsedit #dbedit #dbsedits","1","Mais novos"
"@jackknight2809","UCCbJ4kGs97WwjLA8vWkKLpg","http://www.youtube.com/@jackknight2809","Beerus with goku is like a person with a pitbull named cupcake 💀💀💀💀","1251","2025-02-09T01:46:13Z","2025-02-09T01:46:13Z","True","True","12","5","[{'autor': '@shobharaniheddula6049', 'comentario': 'Except that Pitbull fights Gods', 'likes': 34, 'publicado_em': '2025-03-22T15:36:31Z'}, {'autor': '@BoinkrNanis', 'comentario': 'as a dog trainer, pitbuls are not nearly dangerous lmao, but we can talk about a breed like the carne or a kangal or alaskan shepherd.', 'likes': 17, 'publicado_em': '2025-03-24T15:05:42Z'}, {'autor': '@herec0mestheCh33f', 'comentario': '\u200b\u200b\u200b\u200b@BoinkrNanis I\'ve heard German Shepards have a tendency to bite similar to the fourteen or so breeds they had to smash together to blood libel them as the ""pit bull"". Imagine one dog being on par bite wise with fourteen separate breeds but because it\'s the rich man\'s dog we don\'t have blood libels surrounding it, unlike with ""pit bulls"", whose statistics are are often borne of police lazily listing every unknown dog attack as ""pit bull""...', 'likes': 2, 'publicado_em': '2025-03-30T23:27:44Z'}, {'autor': '@Jedapoo', 'comentario': '\u200b@BoinkrNanis or The Chihuahua, the most deadly predator of all 😂', 'likes': 26, 'publicado_em': '2025-04-06T00:37:20Z'}, {'autor': '@MetalManOfMadness', 'comentario': ""Beerus is the ultimate karate master to Goku's Rottweiler who's been trained to take down criminals."", 'likes': 5, 'publicado_em': '2025-04-28T01:33:10Z'}]","I3c9JXQGpwU","Beerus Warns Zamasu About Goku (dbs edit) #dbsedit #dbedit #dbsedits","1","Mais novos"
"@RyudoTFO","UCtIPZ5_tgKLSuD-qYyQ4Yyg","http://www.youtube.com/@RyudoTFO","Love how Beerus would never admit it but he is actually proud of Goku and Vegeta and their development","15192","2025-02-01T12:37:16Z","2025-02-01T12:37:16Z","True","True","44","5","[{'autor': '@BoinkrNanis', 'comentario': 'If you were tasked with raising a unicorn, wouldnt you take pride with everything it and you do and your treatment and development of it? Cause id treat that shit like the most honorable thing imaginable.', 'likes': 310, 'publicado_em': '2025-03-24T15:04:38Z'}, {'autor': '@aaronolson6736', 'comentario': ""@BoinkrNanis That's an accurate analogy given there's only 3 (4) full-blooded saiyans left in universe 7"", 'likes': 195, 'publicado_em': '2025-04-04T00:45:19Z'}, {'autor': '@azharsadamrsa5162', 'comentario': 'Universe 7 best 3 powerhouse Goku, vegeta, frezza', 'likes': 72, 'publicado_em': '2025-04-23T06:53:28Z'}, {'autor': '@travisnapier2693', 'comentario': '@aaronolson6736who is 4 vegetas brother?', 'likes': 1, 'publicado_em': '2025-04-24T21:39:13Z'}, {'autor': '@ThatdudeIsgonnabecomeahe-yp2ju', 'comentario': 'Fr', 'likes': 1, 'publicado_em': '2025-04-30T22:20:23Z'}]","I3c9JXQGpwU","Beerus Warns Zamasu About Goku (dbs edit) #dbsedit #dbedit #dbsedits","1","Mais novos"
"@DarkFrontierLmao","UCQgBEwshjWGuu_xy6EJ_-JA","http://www.youtube.com/@DarkFrontierLmao","Everybody gangsta till beerus goes ""Hey Goku! Go all out!""","4374","2024-10-04T14:29:47Z","2024-10-04T14:29:47Z","True","True","20","5","[{'autor': '@GamerPro-n1l', 'comentario': 'Nahh 💀', 'likes': 33, 'publicado_em': '2024-10-29T15:30:45Z'}, {'autor': '@clintonclosson4846', 'comentario': 'He was only base super Saiyan.', 'likes': 27, 'publicado_em': '2024-11-04T02:29:51Z'}, {'autor': '@Smokie84', 'comentario': '\u200b@clintonclosson4846 ss2 blue lighting gives it away.', 'likes': 88, 'publicado_em': '2024-11-04T22:27:56Z'}, {'autor': '@The_frozen_sage_animations', 'comentario': 'Everyone’s gangster until Zeno it says bye-bye', 'likes': 28, 'publicado_em': '2024-11-15T06:33:49Z'}, {'autor': '@khalifabinhendi6107', 'comentario': 'You do have a point. Beerus did push Goku into entering Super Saiyan God again after dropping out of the form, entering it without the need for a ritual. And in the T.O.P, he asks Goku if he is finished. Goku responded by tapping into Ultra Instinct.', 'likes': 26, 'publicado_em': '2024-11-16T11:08:15Z'}]","I3c9JXQGpwU","Beerus Warns Zamasu About Goku (dbs edit) #dbsedit #dbedit #dbsedits","1","Mais novos"
"@thegishof9766","UCCDzF1Z46Ecgs56A6i9otKQ","http://www.youtube.com/@thegishof9766","When Goku wants to fight you. He IS showing respect lmao.","754","2024-09-04T19:18:19Z","2024-09-04T19:18:19Z","True","True","2","2","[{'autor': '@cherrydragon3120', 'comentario': 'Only wants to fight strong beings', 'likes': 5, 'publicado_em': '2025-09-20T07:32:47Z'}, {'autor': '@mestill1811', 'comentario': '@cherrydragon3120 Which is why wanting to fight you shows he respects you. At least your fighting potential lol.', 'likes': 0, 'publicado_em': '2025-12-01T06:58:06Z'}]","I3c9JXQGpwU","Beerus Warns Zamasu About Goku (dbs edit) #dbsedit #dbedit #dbsedits","1","Mais novos"
"@VixstraLarge","UCV66ZoMtL0dskWAHrJzDBtA","http://www.youtube.com/@VixstraLarge","""Show respect""
Brother, he LITERALLY said pretty please, what more do you want","35760","2024-08-24T15:16:23Z","2024-08-24T15:16:23Z","True","True","112","5","[{'autor': '@Defi4nc3s1', 'comentario': 'Zamasu was one lazy ass worker who wanted everything to be his way :D', 'likes': 1452, 'publicado_em': '2024-09-30T19:04:53Z'}, {'autor': '@melon10001', 'comentario': 'Kind sir Zamasu, might I humbly request the honor of engaging you in a duel, should it please you?', 'likes': 930, 'publicado_em': '2024-10-03T07:28:26Z'}, {'autor': '@VixstraLarge', 'comentario': '@melon10001 If Goku said that, I\'d assume he got hit in the head again 😂 \n\nPlus I\'m almost entirely sure Zamasu would still be like ""That disrespectful mf"" after losing', 'likes': 541, 'publicado_em': '2024-10-03T09:39:13Z'}, {'autor': '@DragoonZell', 'comentario': 'This might go without saying but just in case. A mortal even considering challenging a ""god"" like himself he would deem disrespectful because Goku does not fear him like he thought he should be feared.', 'likes': 232, 'publicado_em': '2024-10-09T17:41:11Z'}, {'autor': '@g7enn37', 'comentario': 'I think zamasu wants goku to beg even further beyond ""Super Saiyan please"" 😂', 'likes': 79, 'publicado_em': '2024-10-13T09:25:56Z'}]","I3c9JXQGpwU","Beerus Warns Zamasu About Goku (dbs edit) #dbsedit #dbedit #dbsedits","1","Mais novos"
"@Palpinator225","UChRMVo1jK07QEm26XL8Pq7w","http://www.youtube.com/@Palpinator225","“Show respect!” When he came all that way to spar? Isn’t that a huge sign of respect from him","8337","2024-06-24T01:40:26Z","2024-06-24T01:40:26Z","True","True","38","5","[{'autor': '@nathansakor1542', 'comentario': 'Like fr, travelling a long way to fight someone, shows you think of them as a very worthy opponent, and thinking highly of someone is definitely respectful', 'likes': 297, 'publicado_em': '2024-06-24T10:09:52Z'}, {'autor': '@FlashKillerX', 'comentario': 'Zamasu had no idea how much Goku values strength. If he wants to spar with you, traversing the entire universe to do so even, that is the highest form of respect he can show you', 'likes': 205, 'publicado_em': '2024-06-24T17:24:19Z'}, {'autor': '@drudle', 'comentario': ""Traveling a long due to foolish pride isn't respect-worthy. He thought Goku was an idiot who was so full of himself he managed to get an audience with deities."", 'likes': 54, 'publicado_em': '2024-06-25T00:31:00Z'}, {'autor': '@daldorian', 'comentario': 'The problem isnt a lack of respect on gokus end, Zamasu is just racist against mortals and sees them as a disease spread across the galaxy.', 'likes': 105, 'publicado_em': '2024-06-25T18:33:56Z'}, {'autor': '@Jayfox448', 'comentario': ""If Goku hears theres someone strong he will go as far or a short a distance to get a fight. Even if it means driving everyone insane just to give Goku what he wants.....cause otherwise he'll pout... ALOT"", 'likes': 15, 'publicado_em': '2024-06-26T06:19:17Z'}]","I3c9JXQGpwU","Beerus Warns Zamasu About Goku (dbs edit) #dbsedit #dbedit #dbsedits","1","Mais novos"
"@deadredd5150","UCSaExL_nIImNgvsLchP1Q8A","http://www.youtube.com/@deadredd5150","""Because if you hold back, you'll die""
Beerus was Goku's biggest hype man for all of like 10 seconds🤣🤣🤣","55183","2024-06-20T15:03:00Z","2024-06-20T15:03:00Z","True","True","108","5","[{'autor': '@normalgoogleaccountname9266', 'comentario': 'To be fair, Goku was holding back on Zamas too', 'likes': 1934, 'publicado_em': '2024-06-23T05:16:47Z'}, {'autor': '@KenpachiPoker', 'comentario': 'So hype', 'likes': 235, 'publicado_em': '2024-06-23T05:58:14Z'}, {'autor': '@Gearise', 'comentario': 'Goku could just Blue x20 Kaioken on him if he actually go full power that time', 'likes': 652, 'publicado_em': '2024-06-23T11:39:50Z'}, {'autor': '@KingOfSpeed907', 'comentario': '@Gearisehe only had 10x', 'likes': 107, 'publicado_em': '2024-06-23T18:24:13Z'}, {'autor': '@Focus_now999', 'comentario': 'No, he had 20x because they had that practice round with lord champa and when he fought Hit goku went 20x \u200b@KingOfSpeed907', 'likes': 293, 'publicado_em': '2024-06-23T19:05:59Z'}]","I3c9JXQGpwU","Beerus Warns Zamasu About Goku (dbs edit) #dbsedit #dbedit #dbsedits","1","Mais novos"
"@Brendanj101","UC2jM7seiAA5_ClcXYgZMdXQ","http://www.youtube.com/@Brendanj101","""Don't hold back""
*Goku Himself Holds back*","886","2024-06-20T01:22:19Z","2024-06-20T01:22:19Z","True","True","9","5","[{'autor': '@MDawood_Imran', 'comentario': 'facts', 'likes': 7, 'publicado_em': '2024-06-24T01:20:48Z'}, {'autor': '@Luwynn', 'comentario': ""If he didn't hold back well uhhh he oof"", 'likes': 9, 'publicado_em': '2024-06-24T04:26:19Z'}, {'autor': '@Rellscrub', 'comentario': '@Vesperian_demonhe only had super saiyan blue by then but yeah he held back', 'likes': 6, 'publicado_em': '2024-06-24T11:42:19Z'}, {'autor': '@Rellscrub', 'comentario': '@Vesperian_demon oh ur talking bout the form from heroes', 'likes': 1, 'publicado_em': '2024-06-25T05:25:51Z'}, {'autor': '@lasereyedguyeditz', 'comentario': ""@Rellscrub Universal Blue, yeah. But he didn't have that either."", 'likes': 1, 'publicado_em': '2024-09-02T15:37:20Z'}]","I3c9JXQGpwU","Beerus Warns Zamasu About Goku (dbs edit) #dbsedit #dbedit #dbsedits","1","Mais novos"
"@Valtryek587","UC9-TVOB0wV0fk74A2c8WcxA","http://www.youtube.com/@Valtryek587","""This is the power of a mere mortal""
Bro, he was holding back.","20976","2024-06-18T23:29:19Z","2024-06-20T17:58:55Z","True","True","115","5","[{'autor': '@bryanreed7216', 'comentario': 'A LOT. holding back A LOT not even a fraction of his power bro.', 'likes': 1320, 'publicado_em': '2024-06-19T02:27:32Z'}, {'autor': '@idonotknow-cj8mn', 'comentario': ""Didn't even use ssj3, ssjg or ssjb.\nAnd he was holding back in ssj2."", 'likes': 811, 'publicado_em': '2024-06-19T05:14:02Z'}, {'autor': '@DirtyBobBojangles', 'comentario': ""He didn't say power twice."", 'likes': 112, 'publicado_em': '2024-06-19T11:59:20Z'}, {'autor': '@DirtyBobBojangles', 'comentario': '\u200b@bryanreed7216do you know what a fraction is?😂', 'likes': 76, 'publicado_em': '2024-06-19T11:59:31Z'}, {'autor': '@DirtyBobBojangles', 'comentario': '\u200b@idonotknow-cj8mnyeah, we all noticed.', 'likes': 8, 'publicado_em': '2024-06-19T11:59:43Z'}]","I3c9JXQGpwU","Beerus Warns Zamasu About Goku (dbs edit) #dbsedit #dbedit #dbsedits","1","Mais novos"
"@donheady3851","UCSzeFC8Cleek3z5EWEVuCMA","http://www.youtube.com/@donheady3851","""hes not even a deity?!""
Bro hes not even trying","27026","2024-06-18T22:42:11Z","2024-11-20T18:52:14Z","True","True","107","5","[{'autor': '@vicctorree', 'comentario': '💀💀💀', 'likes': 387, 'publicado_em': '2024-06-19T01:54:11Z'}, {'autor': '@XeroTheHero2', 'comentario': 'The moment Operation: Goku Black was In motion', 'likes': 736, 'publicado_em': '2024-06-19T02:39:26Z'}, {'autor': '@saturo_gojo_cooked', 'comentario': 'If he was in MUI he would be cooked', 'likes': 210, 'publicado_em': '2024-06-19T05:10:43Z'}, {'autor': '@Backdoeduo', 'comentario': '@saturo_gojo_cooked if brody was in super Saiyan, blue Kaio-ken he would’ve been cooked', 'likes': 247, 'publicado_em': '2024-06-19T05:53:12Z'}, {'autor': '@ManutdareshitfuckofuwankerPooo', 'comentario': ""\u200b@saturo_gojo_cooked He hasn't achieved that yet then"", 'likes': 0, 'publicado_em': '2024-06-19T06:21:58Z'}]","I3c9JXQGpwU","Beerus Warns Zamasu About Goku (dbs edit) #dbsedit #dbedit #dbsedits","1","Mais novos"
"@hualni","UCRIOEt4BaeE9oXP7w-AN7sg","http://www.youtube.com/@hualni","That smile from Beerus said, ""You have no idea what kind of monster I brought with me.""","79618","2024-06-18T22:10:13Z","2024-06-18T22:10:13Z","True","True","175","5","[{'autor': '@Ranze_Kurona111', 'comentario': 'TRUENESS pear or apples', 'likes': 849, 'publicado_em': '2024-06-18T23:39:22Z'}, {'autor': '@daminiel1', 'comentario': 'lol facts!!! Couldn’t have said it better than that', 'likes': 587, 'publicado_em': '2024-06-19T00:23:24Z'}, {'autor': '@AddonisWilliams', 'comentario': '@daminiel1most classic phrase since 2017(I’m 11)', 'likes': 197, 'publicado_em': '2024-06-19T00:55:12Z'}, {'autor': '@BradenHand', 'comentario': '@AddonisWilliamssthu young nigga', 'likes': 0, 'publicado_em': '2024-06-19T01:45:48Z'}, {'autor': '@xXSquankyXx', 'comentario': ""\u200b@AddonisWilliamsget off the internet if you're 11"", 'likes': 0, 'publicado_em': '2024-06-19T12:26:10Z'}]","I3c9JXQGpwU","Beerus Warns Zamasu About Goku (dbs edit) #dbsedit #dbedit #dbsedits","1","Mais novos"
"@arikiAnime","UCqcOzx6P_BuF4oyvZsaPunw","http://www.youtube.com/@arikiAnime","Join the Dragonball discord! http://discord.gg/arikislookout (link in bio)","6515","2024-06-18T21:20:50Z","2025-05-08T12:29:27Z","True","True","53","5","[{'autor': '@Iaintahero', 'comentario': 'Btw wanna be friends at discord?', 'likes': 24, 'publicado_em': '2024-06-18T21:21:24Z'}, {'autor': '@SalGtagVR', 'comentario': 'What episode is this', 'likes': 22, 'publicado_em': '2024-06-18T23:04:13Z'}, {'autor': '@ooperblownup', 'comentario': 'With all due respect that discord probably cringe central full of goofies', 'likes': 10, 'publicado_em': '2024-06-19T01:53:01Z'}, {'autor': '@jasonsuperman', 'comentario': 'goku vs zamasu and black goku please', 'likes': 4, 'publicado_em': '2024-06-19T20:44:04Z'}, {'autor': '@Vader99-m7e', 'comentario': 'Meee', 'likes': 4, 'publicado_em': '2024-06-21T21:19:29Z'}]","I3c9JXQGpwU","Beerus Warns Zamasu About Goku (dbs edit) #dbsedit #dbedit #dbsedits","1","Mais novos"
"@arikiAnime","UCqcOzx6P_BuF4oyvZsaPunw","http://www.youtube.com/@arikiAnime","Join the Dragonball discord! http://discord.gg/arikislookout (link in bio)","6515","2024-06-18T21:20:50Z","2025-05-08T12:29:27Z","True","True","53","5","[{'autor': '@Iaintahero', 'comentario': 'Btw wanna be friends at discord?', 'likes': 24, 'publicado_em': '2024-06-18T21:21:24Z'}, {'autor': '@SalGtagVR', 'comentario': 'What episode is this', 'likes': 22, 'publicado_em': '2024-06-18T23:04:13Z'}, {'autor': '@ooperblownup', 'comentario': 'With all due respect that discord probably cringe central full of goofies', 'likes': 10, 'publicado_em': '2024-06-19T01:53:01Z'}, {'autor': '@jasonsuperman', 'comentario': 'goku vs zamasu and black goku please', 'likes': 4, 'publicado_em': '2024-06-19T20:44:04Z'}, {'autor': '@Vader99-m7e', 'comentario': 'Meee', 'likes': 4, 'publicado_em': '2024-06-21T21:19:29Z'}]","I3c9JXQGpwU","Beerus Warns Zamasu About Goku (dbs edit) #dbsedit #dbedit #dbsedits","2","Mais antigos"
"@hualni","UCRIOEt4BaeE9oXP7w-AN7sg","http://www.youtube.com/@hualni","That smile from Beerus said, ""You have no idea what kind of monster I brought with me.""","79618","2024-06-18T22:10:13Z","2024-06-18T22:10:13Z","True","True","175","5","[{'autor': '@Ranze_Kurona111', 'comentario': 'TRUENESS pear or apples', 'likes': 849, 'publicado_em': '2024-06-18T23:39:22Z'}, {'autor': '@daminiel1', 'comentario': 'lol facts!!! Couldn’t have said it better than that', 'likes': 587, 'publicado_em': '2024-06-19T00:23:24Z'}, {'autor': '@AddonisWilliams', 'comentario': '@daminiel1most classic phrase since 2017(I’m 11)', 'likes': 197, 'publicado_em': '2024-06-19T00:55:12Z'}, {'autor': '@BradenHand', 'comentario': '@AddonisWilliamssthu young nigga', 'likes': 0, 'publicado_em': '2024-06-19T01:45:48Z'}, {'autor': '@xXSquankyXx', 'comentario': ""\u200b@AddonisWilliamsget off the internet if you're 11"", 'likes': 0, 'publicado_em': '2024-06-19T12:26:10Z'}]","I3c9JXQGpwU","Beerus Warns Zamasu About Goku (dbs edit) #dbsedit #dbedit #dbsedits","2","Mais antigos"
"@donheady3851","UCSzeFC8Cleek3z5EWEVuCMA","http://www.youtube.com/@donheady3851","""hes not even a deity?!""
Bro hes not even trying","27026","2024-06-18T22:42:11Z","2024-11-20T18:52:14Z","True","True","107","5","[{'autor': '@vicctorree', 'comentario': '💀💀💀', 'likes': 387, 'publicado_em': '2024-06-19T01:54:11Z'}, {'autor': '@XeroTheHero2', 'comentario': 'The moment Operation: Goku Black was In motion', 'likes': 736, 'publicado_em': '2024-06-19T02:39:26Z'}, {'autor': '@saturo_gojo_cooked', 'comentario': 'If he was in MUI he would be cooked', 'likes': 210, 'publicado_em': '2024-06-19T05:10:43Z'}, {'autor': '@Backdoeduo', 'comentario': '@saturo_gojo_cooked if brody was in super Saiyan, blue Kaio-ken he would’ve been cooked', 'likes': 247, 'publicado_em': '2024-06-19T05:53:12Z'}, {'autor': '@ManutdareshitfuckofuwankerPooo', 'comentario': ""\u200b@saturo_gojo_cooked He hasn't achieved that yet then"", 'likes': 0, 'publicado_em': '2024-06-19T06:21:58Z'}]","I3c9JXQGpwU","Beerus Warns Zamasu About Goku (dbs edit) #dbsedit #dbedit #dbsedits","2","Mais antigos"
"@Valtryek587","UC9-TVOB0wV0fk74A2c8WcxA","http://www.youtube.com/@Valtryek587","""This is the power of a mere mortal""
Bro, he was holding back.","20976","2024-06-18T23:29:19Z","2024-06-20T17:58:55Z","True","True","115","5","[{'autor': '@bryanreed7216', 'comentario': 'A LOT. holding back A LOT not even a fraction of his power bro.', 'likes': 1320, 'publicado_em': '2024-06-19T02:27:32Z'}, {'autor': '@idonotknow-cj8mn', 'comentario': ""Didn't even use ssj3, ssjg or ssjb.\nAnd he was holding back in ssj2."", 'likes': 811, 'publicado_em': '2024-06-19T05:14:02Z'}, {'autor': '@DirtyBobBojangles', 'comentario': ""He didn't say power twice."", 'likes': 112, 'publicado_em': '2024-06-19T11:59:20Z'}, {'autor': '@DirtyBobBojangles', 'comentario': '\u200b@bryanreed7216do you know what a fraction is?😂', 'likes': 76, 'publicado_em': '2024-06-19T11:59:31Z'}, {'autor': '@DirtyBobBojangles', 'comentario': '\u200b@idonotknow-cj8mnyeah, we all noticed.', 'likes': 8, 'publicado_em': '2024-06-19T11:59:43Z'}]","I3c9JXQGpwU","Beerus Warns Zamasu About Goku (dbs edit) #dbsedit #dbedit #dbsedits","2","Mais antigos"
"@Brendanj101","UC2jM7seiAA5_ClcXYgZMdXQ","http://www.youtube.com/@Brendanj101","""Don't hold back""
*Goku Himself Holds back*","886","2024-06-20T01:22:19Z","2024-06-20T01:22:19Z","True","True","9","5","[{'autor': '@MDawood_Imran', 'comentario': 'facts', 'likes': 7, 'publicado_em': '2024-06-24T01:20:48Z'}, {'autor': '@Luwynn', 'comentario': ""If he didn't hold back well uhhh he oof"", 'likes': 9, 'publicado_em': '2024-06-24T04:26:19Z'}, {'autor': '@Rellscrub', 'comentario': '@Vesperian_demonhe only had super saiyan blue by then but yeah he held back', 'likes': 6, 'publicado_em': '2024-06-24T11:42:19Z'}, {'autor': '@Rellscrub', 'comentario': '@Vesperian_demon oh ur talking bout the form from heroes', 'likes': 1, 'publicado_em': '2024-06-25T05:25:51Z'}, {'autor': '@lasereyedguyeditz', 'comentario': ""@Rellscrub Universal Blue, yeah. But he didn't have that either."", 'likes': 1, 'publicado_em': '2024-09-02T15:37:20Z'}]","I3c9JXQGpwU","Beerus Warns Zamasu About Goku (dbs edit) #dbsedit #dbedit #dbsedits","2","Mais antigos"
"@deadredd5150","UCSaExL_nIImNgvsLchP1Q8A","http://www.youtube.com/@deadredd5150","""Because if you hold back, you'll die""
Beerus was Goku's biggest hype man for all of like 10 seconds🤣🤣🤣","55183","2024-06-20T15:03:00Z","2024-06-20T15:03:00Z","True","True","108","5","[{'autor': '@normalgoogleaccountname9266', 'comentario': 'To be fair, Goku was holding back on Zamas too', 'likes': 1934, 'publicado_em': '2024-06-23T05:16:47Z'}, {'autor': '@KenpachiPoker', 'comentario': 'So hype', 'likes': 235, 'publicado_em': '2024-06-23T05:58:14Z'}, {'autor': '@Gearise', 'comentario': 'Goku could just Blue x20 Kaioken on him if he actually go full power that time', 'likes': 652, 'publicado_em': '2024-06-23T11:39:50Z'}, {'autor': '@KingOfSpeed907', 'comentario': '@Gearisehe only had 10x', 'likes': 107, 'publicado_em': '2024-06-23T18:24:13Z'}, {'autor': '@Focus_now999', 'comentario': 'No, he had 20x because they had that practice round with lord champa and when he fought Hit goku went 20x \u200b@KingOfSpeed907', 'likes': 293, 'publicado_em': '2024-06-23T19:05:59Z'}]","I3c9JXQGpwU","Beerus Warns Zamasu About Goku (dbs edit) #dbsedit #dbedit #dbsedits","2","Mais antigos"
"@Palpinator225","UChRMVo1jK07QEm26XL8Pq7w","http://www.youtube.com/@Palpinator225","“Show respect!” When he came all that way to spar? Isn’t that a huge sign of respect from him","8337","2024-06-24T01:40:26Z","2024-06-24T01:40:26Z","True","True","38","5","[{'autor': '@nathansakor1542', 'comentario': 'Like fr, travelling a long way to fight someone, shows you think of them as a very worthy opponent, and thinking highly of someone is definitely respectful', 'likes': 297, 'publicado_em': '2024-06-24T10:09:52Z'}, {'autor': '@FlashKillerX', 'comentario': 'Zamasu had no idea how much Goku values strength. If he wants to spar with you, traversing the entire universe to do so even, that is the highest form of respect he can show you', 'likes': 205, 'publicado_em': '2024-06-24T17:24:19Z'}, {'autor': '@drudle', 'comentario': ""Traveling a long due to foolish pride isn't respect-worthy. He thought Goku was an idiot who was so full of himself he managed to get an audience with deities."", 'likes': 54, 'publicado_em': '2024-06-25T00:31:00Z'}, {'autor': '@daldorian', 'comentario': 'The problem isnt a lack of respect on gokus end, Zamasu is just racist against mortals and sees them as a disease spread across the galaxy.', 'likes': 105, 'publicado_em': '2024-06-25T18:33:56Z'}, {'autor': '@Jayfox448', 'comentario': ""If Goku hears theres someone strong he will go as far or a short a distance to get a fight. Even if it means driving everyone insane just to give Goku what he wants.....cause otherwise he'll pout... ALOT"", 'likes': 15, 'publicado_em': '2024-06-26T06:19:17Z'}]","I3c9JXQGpwU","Beerus Warns Zamasu About Goku (dbs edit) #dbsedit #dbedit #dbsedits","2","Mais antigos"
"@VixstraLarge","UCV66ZoMtL0dskWAHrJzDBtA","http://www.youtube.com/@VixstraLarge","""Show respect""
Brother, he LITERALLY said pretty please, what more do you want","35760","2024-08-24T15:16:23Z","2024-08-24T15:16:23Z","True","True","112","5","[{'autor': '@Defi4nc3s1', 'comentario': 'Zamasu was one lazy ass worker who wanted everything to be his way :D', 'likes': 1452, 'publicado_em': '2024-09-30T19:04:53Z'}, {'autor': '@melon10001', 'comentario': 'Kind sir Zamasu, might I humbly request the honor of engaging you in a duel, should it please you?', 'likes': 930, 'publicado_em': '2024-10-03T07:28:26Z'}, {'autor': '@VixstraLarge', 'comentario': '@melon10001 If Goku said that, I\'d assume he got hit in the head again 😂 \n\nPlus I\'m almost entirely sure Zamasu would still be like ""That disrespectful mf"" after losing', 'likes': 541, 'publicado_em': '2024-10-03T09:39:13Z'}, {'autor': '@DragoonZell', 'comentario': 'This might go without saying but just in case. A mortal even considering challenging a ""god"" like himself he would deem disrespectful because Goku does not fear him like he thought he should be feared.', 'likes': 232, 'publicado_em': '2024-10-09T17:41:11Z'}, {'autor': '@g7enn37', 'comentario': 'I think zamasu wants goku to beg even further beyond ""Super Saiyan please"" 😂', 'likes': 79, 'publicado_em': '2024-10-13T09:25:56Z'}]","I3c9JXQGpwU","Beerus Warns Zamasu About Goku (dbs edit) #dbsedit #dbedit #dbsedits","2","Mais antigos"
"@thegishof9766","UCCDzF1Z46Ecgs56A6i9otKQ","http://www.youtube.com/@thegishof9766","When Goku wants to fight you. He IS showing respect lmao.","754","2024-09-04T19:18:19Z","2024-09-04T19:18:19Z","True","True","2","2","[{'autor': '@cherrydragon3120', 'comentario': 'Only wants to fight strong beings', 'likes': 5, 'publicado_em': '2025-09-20T07:32:47Z'}, {'autor': '@mestill1811', 'comentario': '@cherrydragon3120 Which is why wanting to fight you shows he respects you. At least your fighting potential lol.', 'likes': 0, 'publicado_em': '2025-12-01T06:58:06Z'}]","I3c9JXQGpwU","Beerus Warns Zamasu About Goku (dbs edit) #dbsedit #dbedit #dbsedits","2","Mais antigos"
"@DarkFrontierLmao","UCQgBEwshjWGuu_xy6EJ_-JA","http://www.youtube.com/@DarkFrontierLmao","Everybody gangsta till beerus goes ""Hey Goku! Go all out!""","4374","2024-10-04T14:29:47Z","2024-10-04T14:29:47Z","True","True","20","5","[{'autor': '@GamerPro-n1l', 'comentario': 'Nahh 💀', 'likes': 33, 'publicado_em': '2024-10-29T15:30:45Z'}, {'autor': '@clintonclosson4846', 'comentario': 'He was only base super Saiyan.', 'likes': 27, 'publicado_em': '2024-11-04T02:29:51Z'}, {'autor': '@Smokie84', 'comentario': '\u200b@clintonclosson4846 ss2 blue lighting gives it away.', 'likes': 88, 'publicado_em': '2024-11-04T22:27:56Z'}, {'autor': '@The_frozen_sage_animations', 'comentario': 'Everyone’s gangster until Zeno it says bye-bye', 'likes': 28, 'publicado_em': '2024-11-15T06:33:49Z'}, {'autor': '@khalifabinhendi6107', 'comentario': 'You do have a point. Beerus did push Goku into entering Super Saiyan God again after dropping out of the form, entering it without the need for a ritual. And in the T.O.P, he asks Goku if he is finished. Goku responded by tapping into Ultra Instinct.', 'likes': 26, 'publicado_em': '2024-11-16T11:08:15Z'}]","I3c9JXQGpwU","Beerus Warns Zamasu About Goku (dbs edit) #dbsedit #dbedit #dbsedits","2","Mais antigos"
"@RyudoTFO","UCtIPZ5_tgKLSuD-qYyQ4Yyg","http://www.youtube.com/@RyudoTFO","Love how Beerus would never admit it but he is actually proud of Goku and Vegeta and their development","15192","2025-02-01T12:37:16Z","2025-02-01T12:37:16Z","True","True","44","5","[{'autor': '@BoinkrNanis', 'comentario': 'If you were tasked with raising a unicorn, wouldnt you take pride with everything it and you do and your treatment and development of it? Cause id treat that shit like the most honorable thing imaginable.', 'likes': 310, 'publicado_em': '2025-03-24T15:04:38Z'}, {'autor': '@aaronolson6736', 'comentario': ""@BoinkrNanis That's an accurate analogy given there's only 3 (4) full-blooded saiyans left in universe 7"", 'likes': 195, 'publicado_em': '2025-04-04T00:45:19Z'}, {'autor': '@azharsadamrsa5162', 'comentario': 'Universe 7 best 3 powerhouse Goku, vegeta, frezza', 'likes': 72, 'publicado_em': '2025-04-23T06:53:28Z'}, {'autor': '@travisnapier2693', 'comentario': '@aaronolson6736who is 4 vegetas brother?', 'likes': 1, 'publicado_em': '2025-04-24T21:39:13Z'}, {'autor': '@ThatdudeIsgonnabecomeahe-yp2ju', 'comentario': 'Fr', 'likes': 1, 'publicado_em': '2025-04-30T22:20:23Z'}]","I3c9JXQGpwU","Beerus Warns Zamasu About Goku (dbs edit) #dbsedit #dbedit #dbsedits","2","Mais antigos"
"@jackknight2809","UCCbJ4kGs97WwjLA8vWkKLpg","http://www.youtube.com/@jackknight2809","Beerus with goku is like a person with a pitbull named cupcake 💀💀💀💀","1251","2025-02-09T01:46:13Z","2025-02-09T01:46:13Z","True","True","12","5","[{'autor': '@shobharaniheddula6049', 'comentario': 'Except that Pitbull fights Gods', 'likes': 34, 'publicado_em': '2025-03-22T15:36:31Z'}, {'autor': '@BoinkrNanis', 'comentario': 'as a dog trainer, pitbuls are not nearly dangerous lmao, but we can talk about a breed like the carne or a kangal or alaskan shepherd.', 'likes': 17, 'publicado_em': '2025-03-24T15:05:42Z'}, {'autor': '@herec0mestheCh33f', 'comentario': '\u200b\u200b\u200b\u200b@BoinkrNanis I\'ve heard German Shepards have a tendency to bite similar to the fourteen or so breeds they had to smash together to blood libel them as the ""pit bull"". Imagine one dog being on par bite wise with fourteen separate breeds but because it\'s the rich man\'s dog we don\'t have blood libels surrounding it, unlike with ""pit bulls"", whose statistics are are often borne of police lazily listing every unknown dog attack as ""pit bull""...', 'likes': 2, 'publicado_em': '2025-03-30T23:27:44Z'}, {'autor': '@Jedapoo', 'comentario': '\u200b@BoinkrNanis or The Chihuahua, the most deadly predator of all 😂', 'likes': 26, 'publicado_em': '2025-04-06T00:37:20Z'}, {'autor': '@MetalManOfMadness', 'comentario': ""Beerus is the ultimate karate master to Goku's Rottweiler who's been trained to take down criminals."", 'likes': 5, 'publicado_em': '2025-04-28T01:33:10Z'}]","I3c9JXQGpwU","Beerus Warns Zamasu About Goku (dbs edit) #dbsedit #dbedit #dbsedits","2","Mais antigos"
"@darkfoxfurre","UCTp_TfAlcAqWKNwNdXKplLQ","http://www.youtube.com/@darkfoxfurre","That ""That's my boy"" smirk Beerus gives is excellent","13711","2025-02-09T06:37:42Z","2025-02-09T06:37:42Z","True","True","20","5","[{'autor': '@gg_noobeditz', 'comentario': 'fr', 'likes': 36, 'publicado_em': '2025-04-26T01:44:17Z'}, {'autor': '@AFAIK-l8k', 'comentario': '@darkfoxfurre gods do need champions', 'likes': 35, 'publicado_em': '2025-05-03T23:59:05Z'}, {'autor': '@Dime_time333', 'comentario': 'Lame', 'likes': 3, 'publicado_em': '2025-05-04T19:16:05Z'}, {'autor': '@wilykat', 'comentario': ""\u200b@Dime_time333You can't help being lame. We forgive you."", 'likes': 0, 'publicado_em': '2025-05-18T15:15:21Z'}, {'autor': '@Thesaviorkey', 'comentario': '@Dime_time333cornball', 'likes': 13, 'publicado_em': '2025-06-19T17:44:11Z'}]","I3c9JXQGpwU","Beerus Warns Zamasu About Goku (dbs edit) #dbsedit #dbedit #dbsedits","2","Mais antigos"
"@dantecruzz","UCwrd-52VGD-YiWH6vhtB4wA","http://www.youtube.com/@dantecruzz","""Because if you hold back, you'll die"" hits hard😶‍🌫️","5873","2025-04-14T19:56:49Z","2025-04-14T19:56:49Z","True","True","21","5","[{'autor': '@SlimShady-hk8qp', 'comentario': '🥶🥶', 'likes': 24, 'publicado_em': '2025-06-16T01:46:23Z'}, {'autor': '@Dishkyaooooon', 'comentario': 'Did you otgasm much', 'likes': 0, 'publicado_em': '2025-07-09T14:57:59Z'}, {'autor': '@GrandPokePrix', 'comentario': ""And Zamasu would've had he held back. Goku is a freaking monster"", 'likes': 53, 'publicado_em': '2025-07-14T00:54:03Z'}, {'autor': '@Pandolfinstein44', 'comentario': ""Now does that mean beerus will kill him for holding back or that Goku will cause Goku doesn't kill"", 'likes': 20, 'publicado_em': '2025-07-15T13:35:35Z'}, {'autor': '@GrandPokePrix', 'comentario': 'It was more of athing stating Gokus power at that stage, not that Zamasu would actually die. Sorry for the confusion\u200b@Pandolfinstein44', 'likes': 11, 'publicado_em': '2025-07-15T19:07:29Z'}]","I3c9JXQGpwU","Beerus Warns Zamasu About Goku (dbs edit) #dbsedit #dbedit #dbsedits","2","Mais antigos"
"@CRIMSON-FLAME1","UCRa8S6zdOlqSBqJDO87Yc-g","http://www.youtube.com/@CRIMSON-FLAME1","Goku literally had to definitely hold back. That smirk that beerus makes is absolutely the cherry on top.","909","2025-05-13T01:15:23Z","2025-05-13T01:15:23Z","True","True","12","5","[{'autor': '@Thomas-z8f1k', 'comentario': 'Goku has to hold back. He could have went Super Saiyan 1 and would have still be causing Zamasu trouble. Imo ssj2 was already pushing it. 3 would have BODIED him. God form and Blue would have been DEVASTATING', 'likes': 34, 'publicado_em': '2025-07-10T12:30:13Z'}, {'autor': '@Starlitsoul0359', 'comentario': '@Thomas-z8f1k\nThe thing is. At 1 he probably would have been able to beat Zamasu at a more even playing field. It would have even probably been a bit overkill.\n\nBut he went 2 PURELY so he was at a high enough level to effortlessly spar with Zamasu while making sure he didn\'t let his guard down. \n\nThis is because he wasn\'t there to win his fight and test himself, he was there to gather information. \n\nAll in all, I love when Goku is WICKED smart. He may not do numbers and stuff well. And overall isn\'t the best informed. \n\nIf it\'s something he cares about? He\'s a genius in every sense of the word. Fighting, strategizing, coming up with ways to overcome obstacles in his way. \n\nEspecially shown in the Cell arc. Granted... With his lack of emotional intelligence on full display as he realizes. ""Oh no... Gohan doesn\'t really have his head in the game like I do.""\n\nEven if he was right about his power.', 'likes': 31, 'publicado_em': '2025-11-12T18:12:45Z'}, {'autor': '@Hakuta1235', 'comentario': '\u200b\u200b@Thomas-z8f1kbase Goku right before the Goku black arc is already stronger than ssj3 Goku buu saga who is definitely stronger than zamasu.', 'likes': 0, 'publicado_em': '2025-11-15T03:06:51Z'}, {'autor': '@bruceolga3644', 'comentario': 'Ewe hueman cliché clones were programmed backwards on purpose 👁️🦁', 'likes': 0, 'publicado_em': '2025-11-17T00:17:12Z'}, {'autor': '@bruceolga3644', 'comentario': '@Thomas-z8f1kwhat a simp… common knowledge that SS3 is to be skipped; ewe hueman cliché clone thirsty zombie hueman parroting parrots programmed backwards should be… somewhat aware 👁️🦁', 'likes': 0, 'publicado_em': '2025-11-17T00:30:12Z'}]","I3c9JXQGpwU","Beerus Warns Zamasu About Goku (dbs edit) #dbsedit #dbedit #dbsedits","2","Mais antigos"
"@BluntRifle","UCmGXYZUWclSxSnoVpTNwTKw","http://www.youtube.com/@BluntRifle","I absolutely love how beerus uses Goku as his “look what I’ve got as a pet” boast to the whole multiverse 😂","26117","2025-05-25T13:00:52Z","2025-08-22T22:58:48Z","True","True","107","5","[{'autor': '@zendyqesy', 'comentario': 'literally how king kai was in the otherworld saga 😂', 'likes': 1552, 'publicado_em': '2025-06-09T12:29:12Z'}, {'autor': '@sacredterrador5611', 'comentario': 'Goku is just Beerus and King Kai’s shared pet Pit Bull that they use to show off to their friends.', 'likes': 1402, 'publicado_em': '2025-06-09T17:00:03Z'}, {'autor': '@rolfknappmann', 'comentario': 'nah, at the end of super all of them are standing, because not even the destroyers mastered ultra instinct and it gives me chills, everytime.', 'likes': 326, 'publicado_em': '2025-06-16T07:24:54Z'}, {'autor': '@harghartiranga2606', 'comentario': ""\u200b@rolfknappmann he mastered ultra instinct doesn't mean he can defeat beerus.. in manga beerus is equal to 3-4 destroyers alone he is one of the strongest destroyer in multiverse"", 'likes': 255, 'publicado_em': '2025-06-20T15:39:58Z'}, {'autor': '@shootingzenfist', 'comentario': 'Omg so true 😂😂😂', 'likes': 11, 'publicado_em': '2025-06-21T17:22:48Z'}]","I3c9JXQGpwU","Beerus Warns Zamasu About Goku (dbs edit) #dbsedit #dbedit #dbsedits","2","Mais antigos"
"@Alextheone-n7l","UC9C1IHqPTNT20C2XujS1qsw","http://www.youtube.com/@Alextheone-n7l","Goku instantly becomes mad when fighting 😂

(Edit)OMG THANK YOU FOR 485 LIKES","592","2025-06-08T12:22:29Z","2025-11-10T22:15:58Z","True","True","19","5","[{'autor': '@HeatherCheesman-d9b', 'comentario': ""He's locked in"", 'likes': 34, 'publicado_em': '2025-07-07T23:04:29Z'}, {'autor': '@analytixna6610', 'comentario': ""Super Saiyan kinda requires that. Which is why the kaioken didn't work with it until blue"", 'likes': 40, 'publicado_em': '2025-07-14T01:39:44Z'}, {'autor': '@FunDadHubby', 'comentario': '@analytixna6610But he used it against Pikkon', 'likes': 1, 'publicado_em': '2025-07-30T19:13:40Z'}, {'autor': '@analytixna6610', 'comentario': ""\u200b@FunDadHubby yeah, and he was DEAD, that's very specifically why he was able to"", 'likes': 11, 'publicado_em': '2025-07-30T19:47:28Z'}, {'autor': '@davitharutyunyan875', 'comentario': ""\u200b@FunDadHubby adding to the comment above me, and wasn't canon iirc"", 'likes': 8, 'publicado_em': '2025-07-31T16:10:03Z'}]","I3c9JXQGpwU","Beerus Warns Zamasu About Goku (dbs edit) #dbsedit #dbedit #dbsedits","2","Mais antigos"
"@Bulmabrefs","UCObhlKlkTgJnotNA0H2Nu6A","http://www.youtube.com/@Bulmabrefs","🤍”because if you hold back you’ll die”best thing I’ve heard all day","104","2025-09-28T02:29:03Z","2025-09-28T02:29:03Z","True","True","1","1","[{'autor': '@Goku_is_OP', 'comentario': 'I was Holding back a Little, You know', 'likes': 3, 'publicado_em': '2025-11-20T17:48:10Z'}]","I3c9JXQGpwU","Beerus Warns Zamasu About Goku (dbs edit) #dbsedit #dbedit #dbsedits","2","Mais antigos"
"@theshry","UCG63aNvC5Osg5VHSzuDjRXg","http://www.youtube.com/@theshry","His, ""now hold on nobody's pulling anything"" is hilarious","8","2025-10-14T07:20:01Z","2025-10-14T07:20:01Z","True","True","0","0","[]","I3c9JXQGpwU","Beerus Warns Zamasu About Goku (dbs edit) #dbsedit #dbedit #dbsedits","2","Mais antigos"
"@ArchonKain","UCqoB3R0_5SNhjmBS9IwYTXQ","http://www.youtube.com/@ArchonKain","""There isn't anything 'mere' about that mortal"" -The Joker","134","2025-11-27T16:38:32Z","2025-11-27T16:38:32Z","True","True","0","0","[]","I3c9JXQGpwU","Beerus Warns Zamasu About Goku (dbs edit) #dbsedit #dbedit #dbsedits","2","Mais antigos"
"@hualni","UCRIOEt4BaeE9oXP7w-AN7sg","http://www.youtube.com/@hualni","That smile from Beerus said, ""You have no idea what kind of monster I brought with me.""","79618","2024-06-18T22:10:13Z","2024-06-18T22:10:13Z","True","True","175","5","[{'autor': '@Ranze_Kurona111', 'comentario': 'TRUENESS pear or apples', 'likes': 849, 'publicado_em': '2024-06-18T23:39:22Z'}, {'autor': '@daminiel1', 'comentario': 'lol facts!!! Couldn’t have said it better than that', 'likes': 587, 'publicado_em': '2024-06-19T00:23:24Z'}, {'autor': '@AddonisWilliams', 'comentario': '@daminiel1most classic phrase since 2017(I’m 11)', 'likes': 197, 'publicado_em': '2024-06-19T00:55:12Z'}, {'autor': '@BradenHand', 'comentario': '@AddonisWilliamssthu young nigga', 'likes': 0, 'publicado_em': '2024-06-19T01:45:48Z'}, {'autor': '@xXSquankyXx', 'comentario': ""\u200b@AddonisWilliamsget off the internet if you're 11"", 'likes': 0, 'publicado_em': '2024-06-19T12:26:10Z'}]","I3c9JXQGpwU","Beerus Warns Zamasu About Goku (dbs edit) #dbsedit #dbedit #dbsedits","3","Mais curtidos"
"@deadredd5150","UCSaExL_nIImNgvsLchP1Q8A","http://www.youtube.com/@deadredd5150","""Because if you hold back, you'll die""
Beerus was Goku's biggest hype man for all of like 10 seconds🤣🤣🤣","55183","2024-06-20T15:03:00Z","2024-06-20T15:03:00Z","True","True","108","5","[{'autor': '@normalgoogleaccountname9266', 'comentario': 'To be fair, Goku was holding back on Zamas too', 'likes': 1934, 'publicado_em': '2024-06-23T05:16:47Z'}, {'autor': '@KenpachiPoker', 'comentario': 'So hype', 'likes': 235, 'publicado_em': '2024-06-23T05:58:14Z'}, {'autor': '@Gearise', 'comentario': 'Goku could just Blue x20 Kaioken on him if he actually go full power that time', 'likes': 652, 'publicado_em': '2024-06-23T11:39:50Z'}, {'autor': '@KingOfSpeed907', 'comentario': '@Gearisehe only had 10x', 'likes': 107, 'publicado_em': '2024-06-23T18:24:13Z'}, {'autor': '@Focus_now999', 'comentario': 'No, he had 20x because they had that practice round with lord champa and when he fought Hit goku went 20x \u200b@KingOfSpeed907', 'likes': 293, 'publicado_em': '2024-06-23T19:05:59Z'}]","I3c9JXQGpwU","Beerus Warns Zamasu About Goku (dbs edit) #dbsedit #dbedit #dbsedits","3","Mais curtidos"
"@VixstraLarge","UCV66ZoMtL0dskWAHrJzDBtA","http://www.youtube.com/@VixstraLarge","""Show respect""
Brother, he LITERALLY said pretty please, what more do you want","35760","2024-08-24T15:16:23Z","2024-08-24T15:16:23Z","True","True","112","5","[{'autor': '@Defi4nc3s1', 'comentario': 'Zamasu was one lazy ass worker who wanted everything to be his way :D', 'likes': 1452, 'publicado_em': '2024-09-30T19:04:53Z'}, {'autor': '@melon10001', 'comentario': 'Kind sir Zamasu, might I humbly request the honor of engaging you in a duel, should it please you?', 'likes': 930, 'publicado_em': '2024-10-03T07:28:26Z'}, {'autor': '@VixstraLarge', 'comentario': '@melon10001 If Goku said that, I\'d assume he got hit in the head again 😂 \n\nPlus I\'m almost entirely sure Zamasu would still be like ""That disrespectful mf"" after losing', 'likes': 541, 'publicado_em': '2024-10-03T09:39:13Z'}, {'autor': '@DragoonZell', 'comentario': 'This might go without saying but just in case. A mortal even considering challenging a ""god"" like himself he would deem disrespectful because Goku does not fear him like he thought he should be feared.', 'likes': 232, 'publicado_em': '2024-10-09T17:41:11Z'}, {'autor': '@g7enn37', 'comentario': 'I think zamasu wants goku to beg even further beyond ""Super Saiyan please"" 😂', 'likes': 79, 'publicado_em': '2024-10-13T09:25:56Z'}]","I3c9JXQGpwU","Beerus Warns Zamasu About Goku (dbs edit) #dbsedit #dbedit #dbsedits","3","Mais curtidos"
"@donheady3851","UCSzeFC8Cleek3z5EWEVuCMA","http://www.youtube.com/@donheady3851","""hes not even a deity?!""
Bro hes not even trying","27026","2024-06-18T22:42:11Z","2024-11-20T18:52:14Z","True","True","107","5","[{'autor': '@vicctorree', 'comentario': '💀💀💀', 'likes': 387, 'publicado_em': '2024-06-19T01:54:11Z'}, {'autor': '@XeroTheHero2', 'comentario': 'The moment Operation: Goku Black was In motion', 'likes': 736, 'publicado_em': '2024-06-19T02:39:26Z'}, {'autor': '@saturo_gojo_cooked', 'comentario': 'If he was in MUI he would be cooked', 'likes': 210, 'publicado_em': '2024-06-19T05:10:43Z'}, {'autor': '@Backdoeduo', 'comentario': '@saturo_gojo_cooked if brody was in super Saiyan, blue Kaio-ken he would’ve been cooked', 'likes': 247, 'publicado_em': '2024-06-19T05:53:12Z'}, {'autor': '@ManutdareshitfuckofuwankerPooo', 'comentario': ""\u200b@saturo_gojo_cooked He hasn't achieved that yet then"", 'likes': 0, 'publicado_em': '2024-06-19T06:21:58Z'}]","I3c9JXQGpwU","Beerus Warns Zamasu About Goku (dbs edit) #dbsedit #dbedit #dbsedits","3","Mais curtidos"
"@BluntRifle","UCmGXYZUWclSxSnoVpTNwTKw","http://www.youtube.com/@BluntRifle","I absolutely love how beerus uses Goku as his “look what I’ve got as a pet” boast to the whole multiverse 😂","26117","2025-05-25T13:00:52Z","2025-08-22T22:58:48Z","True","True","107","5","[{'autor': '@zendyqesy', 'comentario': 'literally how king kai was in the otherworld saga 😂', 'likes': 1552, 'publicado_em': '2025-06-09T12:29:12Z'}, {'autor': '@sacredterrador5611', 'comentario': 'Goku is just Beerus and King Kai’s shared pet Pit Bull that they use to show off to their friends.', 'likes': 1402, 'publicado_em': '2025-06-09T17:00:03Z'}, {'autor': '@rolfknappmann', 'comentario': 'nah, at the end of super all of them are standing, because not even the destroyers mastered ultra instinct and it gives me chills, everytime.', 'likes': 326, 'publicado_em': '2025-06-16T07:24:54Z'}, {'autor': '@harghartiranga2606', 'comentario': ""\u200b@rolfknappmann he mastered ultra instinct doesn't mean he can defeat beerus.. in manga beerus is equal to 3-4 destroyers alone he is one of the strongest destroyer in multiverse"", 'likes': 255, 'publicado_em': '2025-06-20T15:39:58Z'}, {'autor': '@shootingzenfist', 'comentario': 'Omg so true 😂😂😂', 'likes': 11, 'publicado_em': '2025-06-21T17:22:48Z'}]","I3c9JXQGpwU","Beerus Warns Zamasu About Goku (dbs edit) #dbsedit #dbedit #dbsedits","3","Mais curtidos"
"@Valtryek587","UC9-TVOB0wV0fk74A2c8WcxA","http://www.youtube.com/@Valtryek587","""This is the power of a mere mortal""
Bro, he was holding back.","20976","2024-06-18T23:29:19Z","2024-06-20T17:58:55Z","True","True","115","5","[{'autor': '@bryanreed7216', 'comentario': 'A LOT. holding back A LOT not even a fraction of his power bro.', 'likes': 1320, 'publicado_em': '2024-06-19T02:27:32Z'}, {'autor': '@idonotknow-cj8mn', 'comentario': ""Didn't even use ssj3, ssjg or ssjb.\nAnd he was holding back in ssj2."", 'likes': 811, 'publicado_em': '2024-06-19T05:14:02Z'}, {'autor': '@DirtyBobBojangles', 'comentario': ""He didn't say power twice."", 'likes': 112, 'publicado_em': '2024-06-19T11:59:20Z'}, {'autor': '@DirtyBobBojangles', 'comentario': '\u200b@bryanreed7216do you know what a fraction is?😂', 'likes': 76, 'publicado_em': '2024-06-19T11:59:31Z'}, {'autor': '@DirtyBobBojangles', 'comentario': '\u200b@idonotknow-cj8mnyeah, we all noticed.', 'likes': 8, 'publicado_em': '2024-06-19T11:59:43Z'}]","I3c9JXQGpwU","Beerus Warns Zamasu About Goku (dbs edit) #dbsedit #dbedit #dbsedits","3","Mais curtidos"
"@RyudoTFO","UCtIPZ5_tgKLSuD-qYyQ4Yyg","http://www.youtube.com/@RyudoTFO","Love how Beerus would never admit it but he is actually proud of Goku and Vegeta and their development","15192","2025-02-01T12:37:16Z","2025-02-01T12:37:16Z","True","True","44","5","[{'autor': '@BoinkrNanis', 'comentario': 'If you were tasked with raising a unicorn, wouldnt you take pride with everything it and you do and your treatment and development of it? Cause id treat that shit like the most honorable thing imaginable.', 'likes': 310, 'publicado_em': '2025-03-24T15:04:38Z'}, {'autor': '@aaronolson6736', 'comentario': ""@BoinkrNanis That's an accurate analogy given there's only 3 (4) full-blooded saiyans left in universe 7"", 'likes': 195, 'publicado_em': '2025-04-04T00:45:19Z'}, {'autor': '@azharsadamrsa5162', 'comentario': 'Universe 7 best 3 powerhouse Goku, vegeta, frezza', 'likes': 72, 'publicado_em': '2025-04-23T06:53:28Z'}, {'autor': '@travisnapier2693', 'comentario': '@aaronolson6736who is 4 vegetas brother?', 'likes': 1, 'publicado_em': '2025-04-24T21:39:13Z'}, {'autor': '@ThatdudeIsgonnabecomeahe-yp2ju', 'comentario': 'Fr', 'likes': 1, 'publicado_em': '2025-04-30T22:20:23Z'}]","I3c9JXQGpwU","Beerus Warns Zamasu About Goku (dbs edit) #dbsedit #dbedit #dbsedits","3","Mais curtidos"
"@darkfoxfurre","UCTp_TfAlcAqWKNwNdXKplLQ","http://www.youtube.com/@darkfoxfurre","That ""That's my boy"" smirk Beerus gives is excellent","13711","2025-02-09T06:37:42Z","2025-02-09T06:37:42Z","True","True","20","5","[{'autor': '@gg_noobeditz', 'comentario': 'fr', 'likes': 36, 'publicado_em': '2025-04-26T01:44:17Z'}, {'autor': '@AFAIK-l8k', 'comentario': '@darkfoxfurre gods do need champions', 'likes': 35, 'publicado_em': '2025-05-03T23:59:05Z'}, {'autor': '@Dime_time333', 'comentario': 'Lame', 'likes': 3, 'publicado_em': '2025-05-04T19:16:05Z'}, {'autor': '@wilykat', 'comentario': ""\u200b@Dime_time333You can't help being lame. We forgive you."", 'likes': 0, 'publicado_em': '2025-05-18T15:15:21Z'}, {'autor': '@Thesaviorkey', 'comentario': '@Dime_time333cornball', 'likes': 13, 'publicado_em': '2025-06-19T17:44:11Z'}]","I3c9JXQGpwU","Beerus Warns Zamasu About Goku (dbs edit) #dbsedit #dbedit #dbsedits","3","Mais curtidos"
"@Palpinator225","UChRMVo1jK07QEm26XL8Pq7w","http://www.youtube.com/@Palpinator225","“Show respect!” When he came all that way to spar? Isn’t that a huge sign of respect from him","8337","2024-06-24T01:40:26Z","2024-06-24T01:40:26Z","True","True","38","5","[{'autor': '@nathansakor1542', 'comentario': 'Like fr, travelling a long way to fight someone, shows you think of them as a very worthy opponent, and thinking highly of someone is definitely respectful', 'likes': 297, 'publicado_em': '2024-06-24T10:09:52Z'}, {'autor': '@FlashKillerX', 'comentario': 'Zamasu had no idea how much Goku values strength. If he wants to spar with you, traversing the entire universe to do so even, that is the highest form of respect he can show you', 'likes': 205, 'publicado_em': '2024-06-24T17:24:19Z'}, {'autor': '@drudle', 'comentario': ""Traveling a long due to foolish pride isn't respect-worthy. He thought Goku was an idiot who was so full of himself he managed to get an audience with deities."", 'likes': 54, 'publicado_em': '2024-06-25T00:31:00Z'}, {'autor': '@daldorian', 'comentario': 'The problem isnt a lack of respect on gokus end, Zamasu is just racist against mortals and sees them as a disease spread across the galaxy.', 'likes': 105, 'publicado_em': '2024-06-25T18:33:56Z'}, {'autor': '@Jayfox448', 'comentario': ""If Goku hears theres someone strong he will go as far or a short a distance to get a fight. Even if it means driving everyone insane just to give Goku what he wants.....cause otherwise he'll pout... ALOT"", 'likes': 15, 'publicado_em': '2024-06-26T06:19:17Z'}]","I3c9JXQGpwU","Beerus Warns Zamasu About Goku (dbs edit) #dbsedit #dbedit #dbsedits","3","Mais curtidos"
"@arikiAnime","UCqcOzx6P_BuF4oyvZsaPunw","http://www.youtube.com/@arikiAnime","Join the Dragonball discord! http://discord.gg/arikislookout (link in bio)","6515","2024-06-18T21:20:50Z","2025-05-08T12:29:27Z","True","True","53","5","[{'autor': '@Iaintahero', 'comentario': 'Btw wanna be friends at discord?', 'likes': 24, 'publicado_em': '2024-06-18T21:21:24Z'}, {'autor': '@SalGtagVR', 'comentario': 'What episode is this', 'likes': 22, 'publicado_em': '2024-06-18T23:04:13Z'}, {'autor': '@ooperblownup', 'comentario': 'With all due respect that discord probably cringe central full of goofies', 'likes': 10, 'publicado_em': '2024-06-19T01:53:01Z'}, {'autor': '@jasonsuperman', 'comentario': 'goku vs zamasu and black goku please', 'likes': 4, 'publicado_em': '2024-06-19T20:44:04Z'}, {'autor': '@Vader99-m7e', 'comentario': 'Meee', 'likes': 4, 'publicado_em': '2024-06-21T21:19:29Z'}]","I3c9JXQGpwU","Beerus Warns Zamasu About Goku (dbs edit) #dbsedit #dbedit #dbsedits","3","Mais curtidos"
"@dantecruzz","UCwrd-52VGD-YiWH6vhtB4wA","http://www.youtube.com/@dantecruzz","""Because if you hold back, you'll die"" hits hard😶‍🌫️","5873","2025-04-14T19:56:49Z","2025-04-14T19:56:49Z","True","True","21","5","[{'autor': '@SlimShady-hk8qp', 'comentario': '🥶🥶', 'likes': 24, 'publicado_em': '2025-06-16T01:46:23Z'}, {'autor': '@Dishkyaooooon', 'comentario': 'Did you otgasm much', 'likes': 0, 'publicado_em': '2025-07-09T14:57:59Z'}, {'autor': '@GrandPokePrix', 'comentario': ""And Zamasu would've had he held back. Goku is a freaking monster"", 'likes': 53, 'publicado_em': '2025-07-14T00:54:03Z'}, {'autor': '@Pandolfinstein44', 'comentario': ""Now does that mean beerus will kill him for holding back or that Goku will cause Goku doesn't kill"", 'likes': 20, 'publicado_em': '2025-07-15T13:35:35Z'}, {'autor': '@GrandPokePrix', 'comentario': 'It was more of athing stating Gokus power at that stage, not that Zamasu would actually die. Sorry for the confusion\u200b@Pandolfinstein44', 'likes': 11, 'publicado_em': '2025-07-15T19:07:29Z'}]","I3c9JXQGpwU","Beerus Warns Zamasu About Goku (dbs edit) #dbsedit #dbedit #dbsedits","3","Mais curtidos"
"@DarkFrontierLmao","UCQgBEwshjWGuu_xy6EJ_-JA","http://www.youtube.com/@DarkFrontierLmao","Everybody gangsta till beerus goes ""Hey Goku! Go all out!""","4374","2024-10-04T14:29:47Z","2024-10-04T14:29:47Z","True","True","20","5","[{'autor': '@GamerPro-n1l', 'comentario': 'Nahh 💀', 'likes': 33, 'publicado_em': '2024-10-29T15:30:45Z'}, {'autor': '@clintonclosson4846', 'comentario': 'He was only base super Saiyan.', 'likes': 27, 'publicado_em': '2024-11-04T02:29:51Z'}, {'autor': '@Smokie84', 'comentario': '\u200b@clintonclosson4846 ss2 blue lighting gives it away.', 'likes': 88, 'publicado_em': '2024-11-04T22:27:56Z'}, {'autor': '@The_frozen_sage_animations', 'comentario': 'Everyone’s gangster until Zeno it says bye-bye', 'likes': 28, 'publicado_em': '2024-11-15T06:33:49Z'}, {'autor': '@khalifabinhendi6107', 'comentario': 'You do have a point. Beerus did push Goku into entering Super Saiyan God again after dropping out of the form, entering it without the need for a ritual. And in the T.O.P, he asks Goku if he is finished. Goku responded by tapping into Ultra Instinct.', 'likes': 26, 'publicado_em': '2024-11-16T11:08:15Z'}]","I3c9JXQGpwU","Beerus Warns Zamasu About Goku (dbs edit) #dbsedit #dbedit #dbsedits","3","Mais curtidos"
"@jackknight2809","UCCbJ4kGs97WwjLA8vWkKLpg","http://www.youtube.com/@jackknight2809","Beerus with goku is like a person with a pitbull named cupcake 💀💀💀💀","1251","2025-02-09T01:46:13Z","2025-02-09T01:46:13Z","True","True","12","5","[{'autor': '@shobharaniheddula6049', 'comentario': 'Except that Pitbull fights Gods', 'likes': 34, 'publicado_em': '2025-03-22T15:36:31Z'}, {'autor': '@BoinkrNanis', 'comentario': 'as a dog trainer, pitbuls are not nearly dangerous lmao, but we can talk about a breed like the carne or a kangal or alaskan shepherd.', 'likes': 17, 'publicado_em': '2025-03-24T15:05:42Z'}, {'autor': '@herec0mestheCh33f', 'comentario': '\u200b\u200b\u200b\u200b@BoinkrNanis I\'ve heard German Shepards have a tendency to bite similar to the fourteen or so breeds they had to smash together to blood libel them as the ""pit bull"". Imagine one dog being on par bite wise with fourteen separate breeds but because it\'s the rich man\'s dog we don\'t have blood libels surrounding it, unlike with ""pit bulls"", whose statistics are are often borne of police lazily listing every unknown dog attack as ""pit bull""...', 'likes': 2, 'publicado_em': '2025-03-30T23:27:44Z'}, {'autor': '@Jedapoo', 'comentario': '\u200b@BoinkrNanis or The Chihuahua, the most deadly predator of all 😂', 'likes': 26, 'publicado_em': '2025-04-06T00:37:20Z'}, {'autor': '@MetalManOfMadness', 'comentario': ""Beerus is the ultimate karate master to Goku's Rottweiler who's been trained to take down criminals."", 'likes': 5, 'publicado_em': '2025-04-28T01:33:10Z'}]","I3c9JXQGpwU","Beerus Warns Zamasu About Goku (dbs edit) #dbsedit #dbedit #dbsedits","3","Mais curtidos"
"@CRIMSON-FLAME1","UCRa8S6zdOlqSBqJDO87Yc-g","http://www.youtube.com/@CRIMSON-FLAME1","Goku literally had to definitely hold back. That smirk that beerus makes is absolutely the cherry on top.","909","2025-05-13T01:15:23Z","2025-05-13T01:15:23Z","True","True","12","5","[{'autor': '@Thomas-z8f1k', 'comentario': 'Goku has to hold back. He could have went Super Saiyan 1 and would have still be causing Zamasu trouble. Imo ssj2 was already pushing it. 3 would have BODIED him. God form and Blue would have been DEVASTATING', 'likes': 34, 'publicado_em': '2025-07-10T12:30:13Z'}, {'autor': '@Starlitsoul0359', 'comentario': '@Thomas-z8f1k\nThe thing is. At 1 he probably would have been able to beat Zamasu at a more even playing field. It would have even probably been a bit overkill.\n\nBut he went 2 PURELY so he was at a high enough level to effortlessly spar with Zamasu while making sure he didn\'t let his guard down. \n\nThis is because he wasn\'t there to win his fight and test himself, he was there to gather information. \n\nAll in all, I love when Goku is WICKED smart. He may not do numbers and stuff well. And overall isn\'t the best informed. \n\nIf it\'s something he cares about? He\'s a genius in every sense of the word. Fighting, strategizing, coming up with ways to overcome obstacles in his way. \n\nEspecially shown in the Cell arc. Granted... With his lack of emotional intelligence on full display as he realizes. ""Oh no... Gohan doesn\'t really have his head in the game like I do.""\n\nEven if he was right about his power.', 'likes': 31, 'publicado_em': '2025-11-12T18:12:45Z'}, {'autor': '@Hakuta1235', 'comentario': '\u200b\u200b@Thomas-z8f1kbase Goku right before the Goku black arc is already stronger than ssj3 Goku buu saga who is definitely stronger than zamasu.', 'likes': 0, 'publicado_em': '2025-11-15T03:06:51Z'}, {'autor': '@bruceolga3644', 'comentario': 'Ewe hueman cliché clones were programmed backwards on purpose 👁️🦁', 'likes': 0, 'publicado_em': '2025-11-17T00:17:12Z'}, {'autor': '@bruceolga3644', 'comentario': '@Thomas-z8f1kwhat a simp… common knowledge that SS3 is to be skipped; ewe hueman cliché clone thirsty zombie hueman parroting parrots programmed backwards should be… somewhat aware 👁️🦁', 'likes': 0, 'publicado_em': '2025-11-17T00:30:12Z'}]","I3c9JXQGpwU","Beerus Warns Zamasu About Goku (dbs edit) #dbsedit #dbedit #dbsedits","3","Mais curtidos"
"@Brendanj101","UC2jM7seiAA5_ClcXYgZMdXQ","http://www.youtube.com/@Brendanj101","""Don't hold back""
*Goku Himself Holds back*","886","2024-06-20T01:22:19Z","2024-06-20T01:22:19Z","True","True","9","5","[{'autor': '@MDawood_Imran', 'comentario': 'facts', 'likes': 7, 'publicado_em': '2024-06-24T01:20:48Z'}, {'autor': '@Luwynn', 'comentario': ""If he didn't hold back well uhhh he oof"", 'likes': 9, 'publicado_em': '2024-06-24T04:26:19Z'}, {'autor': '@Rellscrub', 'comentario': '@Vesperian_demonhe only had super saiyan blue by then but yeah he held back', 'likes': 6, 'publicado_em': '2024-06-24T11:42:19Z'}, {'autor': '@Rellscrub', 'comentario': '@Vesperian_demon oh ur talking bout the form from heroes', 'likes': 1, 'publicado_em': '2024-06-25T05:25:51Z'}, {'autor': '@lasereyedguyeditz', 'comentario': ""@Rellscrub Universal Blue, yeah. But he didn't have that either."", 'likes': 1, 'publicado_em': '2024-09-02T15:37:20Z'}]","I3c9JXQGpwU","Beerus Warns Zamasu About Goku (dbs edit) #dbsedit #dbedit #dbsedits","3","Mais curtidos"
"@thegishof9766","UCCDzF1Z46Ecgs56A6i9otKQ","http://www.youtube.com/@thegishof9766","When Goku wants to fight you. He IS showing respect lmao.","754","2024-09-04T19:18:19Z","2024-09-04T19:18:19Z","True","True","2","2","[{'autor': '@cherrydragon3120', 'comentario': 'Only wants to fight strong beings', 'likes': 5, 'publicado_em': '2025-09-20T07:32:47Z'}, {'autor': '@mestill1811', 'comentario': '@cherrydragon3120 Which is why wanting to fight you shows he respects you. At least your fighting potential lol.', 'likes': 0, 'publicado_em': '2025-12-01T06:58:06Z'}]","I3c9JXQGpwU","Beerus Warns Zamasu About Goku (dbs edit) #dbsedit #dbedit #dbsedits","3","Mais curtidos"
"@Alextheone-n7l","UC9C1IHqPTNT20C2XujS1qsw","http://www.youtube.com/@Alextheone-n7l","Goku instantly becomes mad when fighting 😂

(Edit)OMG THANK YOU FOR 485 LIKES","592","2025-06-08T12:22:29Z","2025-11-10T22:15:58Z","True","True","19","5","[{'autor': '@HeatherCheesman-d9b', 'comentario': ""He's locked in"", 'likes': 34, 'publicado_em': '2025-07-07T23:04:29Z'}, {'autor': '@analytixna6610', 'comentario': ""Super Saiyan kinda requires that. Which is why the kaioken didn't work with it until blue"", 'likes': 40, 'publicado_em': '2025-07-14T01:39:44Z'}, {'autor': '@FunDadHubby', 'comentario': '@analytixna6610But he used it against Pikkon', 'likes': 1, 'publicado_em': '2025-07-30T19:13:40Z'}, {'autor': '@analytixna6610', 'comentario': ""\u200b@FunDadHubby yeah, and he was DEAD, that's very specifically why he was able to"", 'likes': 11, 'publicado_em': '2025-07-30T19:47:28Z'}, {'autor': '@davitharutyunyan875', 'comentario': ""\u200b@FunDadHubby adding to the comment above me, and wasn't canon iirc"", 'likes': 8, 'publicado_em': '2025-07-31T16:10:03Z'}]","I3c9JXQGpwU","Beerus Warns Zamasu About Goku (dbs edit) #dbsedit #dbedit #dbsedits","3","Mais curtidos"
"@ArchonKain","UCqoB3R0_5SNhjmBS9IwYTXQ","http://www.youtube.com/@ArchonKain","""There isn't anything 'mere' about that mortal"" -The Joker","134","2025-11-27T16:38:32Z","2025-11-27T16:38:32Z","True","True","0","0","[]","I3c9JXQGpwU","Beerus Warns Zamasu About Goku (dbs edit) #dbsedit #dbedit #dbsedits","3","Mais curtidos"
"@Bulmabrefs","UCObhlKlkTgJnotNA0H2Nu6A","http://www.youtube.com/@Bulmabrefs","🤍”because if you hold back you’ll die”best thing I’ve heard all day","104","2025-09-28T02:29:03Z","2025-09-28T02:29:03Z","True","True","1","1","[{'autor': '@Goku_is_OP', 'comentario': 'I was Holding back a Little, You know', 'likes': 3, 'publicado_em': '2025-11-20T17:48:10Z'}]","I3c9JXQGpwU","Beerus Warns Zamasu About Goku (dbs edit) #dbsedit #dbedit #dbsedits","3","Mais curtidos"
"@theshry","UCG63aNvC5Osg5VHSzuDjRXg","http://www.youtube.com/@theshry","His, ""now hold on nobody's pulling anything"" is hilarious","8","2025-10-14T07:20:01Z","2025-10-14T07:20:01Z","True","True","0","0","[]","I3c9JXQGpwU","Beerus Warns Zamasu About Goku (dbs edit) #dbsedit #dbedit #dbsedits","3","Mais curtidos"
"@BluntRifle","UCmGXYZUWclSxSnoVpTNwTKw","http://www.youtube.com/@BluntRifle","I absolutely love how beerus uses Goku as his “look what I’ve got as a pet” boast to the whole multiverse 😂","26117","2025-05-25T13:00:52Z","2025-08-22T22:58:48Z","True","True","107","5","[{'autor': '@zendyqesy', 'comentario': 'literally how king kai was in the otherworld saga 😂', 'likes': 1552, 'publicado_em': '2025-06-09T12:29:12Z'}, {'autor': '@sacredterrador5611', 'comentario': 'Goku is just Beerus and King Kai’s shared pet Pit Bull that they use to show off to their friends.', 'likes': 1402, 'publicado_em': '2025-06-09T17:00:03Z'}, {'autor': '@rolfknappmann', 'comentario': 'nah, at the end of super all of them are standing, because not even the destroyers mastered ultra instinct and it gives me chills, everytime.', 'likes': 326, 'publicado_em': '2025-06-16T07:24:54Z'}, {'autor': '@harghartiranga2606', 'comentario': ""\u200b@rolfknappmann he mastered ultra instinct doesn't mean he can defeat beerus.. in manga beerus is equal to 3-4 destroyers alone he is one of the strongest destroyer in multiverse"", 'likes': 255, 'publicado_em': '2025-06-20T15:39:58Z'}, {'autor': '@shootingzenfist', 'comentario': 'Omg so true 😂😂😂', 'likes': 11, 'publicado_em': '2025-06-21T17:22:48Z'}]","I3c9JXQGpwU","Beerus Warns Zamasu About Goku (dbs edit) #dbsedit #dbedit #dbsedits","4","Mais longos"
"@CRIMSON-FLAME1","UCRa8S6zdOlqSBqJDO87Yc-g","http://www.youtube.com/@CRIMSON-FLAME1","Goku literally had to definitely hold back. That smirk that beerus makes is absolutely the cherry on top.","909","2025-05-13T01:15:23Z","2025-05-13T01:15:23Z","True","True","12","5","[{'autor': '@Thomas-z8f1k', 'comentario': 'Goku has to hold back. He could have went Super Saiyan 1 and would have still be causing Zamasu trouble. Imo ssj2 was already pushing it. 3 would have BODIED him. God form and Blue would have been DEVASTATING', 'likes': 34, 'publicado_em': '2025-07-10T12:30:13Z'}, {'autor': '@Starlitsoul0359', 'comentario': '@Thomas-z8f1k\nThe thing is. At 1 he probably would have been able to beat Zamasu at a more even playing field. It would have even probably been a bit overkill.\n\nBut he went 2 PURELY so he was at a high enough level to effortlessly spar with Zamasu while making sure he didn\'t let his guard down. \n\nThis is because he wasn\'t there to win his fight and test himself, he was there to gather information. \n\nAll in all, I love when Goku is WICKED smart. He may not do numbers and stuff well. And overall isn\'t the best informed. \n\nIf it\'s something he cares about? He\'s a genius in every sense of the word. Fighting, strategizing, coming up with ways to overcome obstacles in his way. \n\nEspecially shown in the Cell arc. Granted... With his lack of emotional intelligence on full display as he realizes. ""Oh no... Gohan doesn\'t really have his head in the game like I do.""\n\nEven if he was right about his power.', 'likes': 31, 'publicado_em': '2025-11-12T18:12:45Z'}, {'autor': '@Hakuta1235', 'comentario': '\u200b\u200b@Thomas-z8f1kbase Goku right before the Goku black arc is already stronger than ssj3 Goku buu saga who is definitely stronger than zamasu.', 'likes': 0, 'publicado_em': '2025-11-15T03:06:51Z'}, {'autor': '@bruceolga3644', 'comentario': 'Ewe hueman cliché clones were programmed backwards on purpose 👁️🦁', 'likes': 0, 'publicado_em': '2025-11-17T00:17:12Z'}, {'autor': '@bruceolga3644', 'comentario': '@Thomas-z8f1kwhat a simp… common knowledge that SS3 is to be skipped; ewe hueman cliché clone thirsty zombie hueman parroting parrots programmed backwards should be… somewhat aware 👁️🦁', 'likes': 0, 'publicado_em': '2025-11-17T00:30:12Z'}]","I3c9JXQGpwU","Beerus Warns Zamasu About Goku (dbs edit) #dbsedit #dbedit #dbsedits","4","Mais longos"
"@deadredd5150","UCSaExL_nIImNgvsLchP1Q8A","http://www.youtube.com/@deadredd5150","""Because if you hold back, you'll die""
Beerus was Goku's biggest hype man for all of like 10 seconds🤣🤣🤣","55183","2024-06-20T15:03:00Z","2024-06-20T15:03:00Z","True","True","108","5","[{'autor': '@normalgoogleaccountname9266', 'comentario': 'To be fair, Goku was holding back on Zamas too', 'likes': 1934, 'publicado_em': '2024-06-23T05:16:47Z'}, {'autor': '@KenpachiPoker', 'comentario': 'So hype', 'likes': 235, 'publicado_em': '2024-06-23T05:58:14Z'}, {'autor': '@Gearise', 'comentario': 'Goku could just Blue x20 Kaioken on him if he actually go full power that time', 'likes': 652, 'publicado_em': '2024-06-23T11:39:50Z'}, {'autor': '@KingOfSpeed907', 'comentario': '@Gearisehe only had 10x', 'likes': 107, 'publicado_em': '2024-06-23T18:24:13Z'}, {'autor': '@Focus_now999', 'comentario': 'No, he had 20x because they had that practice round with lord champa and when he fought Hit goku went 20x \u200b@KingOfSpeed907', 'likes': 293, 'publicado_em': '2024-06-23T19:05:59Z'}]","I3c9JXQGpwU","Beerus Warns Zamasu About Goku (dbs edit) #dbsedit #dbedit #dbsedits","4","Mais longos"
"@RyudoTFO","UCtIPZ5_tgKLSuD-qYyQ4Yyg","http://www.youtube.com/@RyudoTFO","Love how Beerus would never admit it but he is actually proud of Goku and Vegeta and their development","15192","2025-02-01T12:37:16Z","2025-02-01T12:37:16Z","True","True","44","5","[{'autor': '@BoinkrNanis', 'comentario': 'If you were tasked with raising a unicorn, wouldnt you take pride with everything it and you do and your treatment and development of it? Cause id treat that shit like the most honorable thing imaginable.', 'likes': 310, 'publicado_em': '2025-03-24T15:04:38Z'}, {'autor': '@aaronolson6736', 'comentario': ""@BoinkrNanis That's an accurate analogy given there's only 3 (4) full-blooded saiyans left in universe 7"", 'likes': 195, 'publicado_em': '2025-04-04T00:45:19Z'}, {'autor': '@azharsadamrsa5162', 'comentario': 'Universe 7 best 3 powerhouse Goku, vegeta, frezza', 'likes': 72, 'publicado_em': '2025-04-23T06:53:28Z'}, {'autor': '@travisnapier2693', 'comentario': '@aaronolson6736who is 4 vegetas brother?', 'likes': 1, 'publicado_em': '2025-04-24T21:39:13Z'}, {'autor': '@ThatdudeIsgonnabecomeahe-yp2ju', 'comentario': 'Fr', 'likes': 1, 'publicado_em': '2025-04-30T22:20:23Z'}]","I3c9JXQGpwU","Beerus Warns Zamasu About Goku (dbs edit) #dbsedit #dbedit #dbsedits","4","Mais longos"
"@Palpinator225","UChRMVo1jK07QEm26XL8Pq7w","http://www.youtube.com/@Palpinator225","“Show respect!” When he came all that way to spar? Isn’t that a huge sign of respect from him","8337","2024-06-24T01:40:26Z","2024-06-24T01:40:26Z","True","True","38","5","[{'autor': '@nathansakor1542', 'comentario': 'Like fr, travelling a long way to fight someone, shows you think of them as a very worthy opponent, and thinking highly of someone is definitely respectful', 'likes': 297, 'publicado_em': '2024-06-24T10:09:52Z'}, {'autor': '@FlashKillerX', 'comentario': 'Zamasu had no idea how much Goku values strength. If he wants to spar with you, traversing the entire universe to do so even, that is the highest form of respect he can show you', 'likes': 205, 'publicado_em': '2024-06-24T17:24:19Z'}, {'autor': '@drudle', 'comentario': ""Traveling a long due to foolish pride isn't respect-worthy. He thought Goku was an idiot who was so full of himself he managed to get an audience with deities."", 'likes': 54, 'publicado_em': '2024-06-25T00:31:00Z'}, {'autor': '@daldorian', 'comentario': 'The problem isnt a lack of respect on gokus end, Zamasu is just racist against mortals and sees them as a disease spread across the galaxy.', 'likes': 105, 'publicado_em': '2024-06-25T18:33:56Z'}, {'autor': '@Jayfox448', 'comentario': ""If Goku hears theres someone strong he will go as far or a short a distance to get a fight. Even if it means driving everyone insane just to give Goku what he wants.....cause otherwise he'll pout... ALOT"", 'likes': 15, 'publicado_em': '2024-06-26T06:19:17Z'}]","I3c9JXQGpwU","Beerus Warns Zamasu About Goku (dbs edit) #dbsedit #dbedit #dbsedits","4","Mais longos"
"@hualni","UCRIOEt4BaeE9oXP7w-AN7sg","http://www.youtube.com/@hualni","That smile from Beerus said, ""You have no idea what kind of monster I brought with me.""","79618","2024-06-18T22:10:13Z","2024-06-18T22:10:13Z","True","True","175","5","[{'autor': '@Ranze_Kurona111', 'comentario': 'TRUENESS pear or apples', 'likes': 849, 'publicado_em': '2024-06-18T23:39:22Z'}, {'autor': '@daminiel1', 'comentario': 'lol facts!!! Couldn’t have said it better than that', 'likes': 587, 'publicado_em': '2024-06-19T00:23:24Z'}, {'autor': '@AddonisWilliams', 'comentario': '@daminiel1most classic phrase since 2017(I’m 11)', 'likes': 197, 'publicado_em': '2024-06-19T00:55:12Z'}, {'autor': '@BradenHand', 'comentario': '@AddonisWilliamssthu young nigga', 'likes': 0, 'publicado_em': '2024-06-19T01:45:48Z'}, {'autor': '@xXSquankyXx', 'comentario': ""\u200b@AddonisWilliamsget off the internet if you're 11"", 'likes': 0, 'publicado_em': '2024-06-19T12:26:10Z'}]","I3c9JXQGpwU","Beerus Warns Zamasu About Goku (dbs edit) #dbsedit #dbedit #dbsedits","4","Mais longos"
"@VixstraLarge","UCV66ZoMtL0dskWAHrJzDBtA","http://www.youtube.com/@VixstraLarge","""Show respect""
Brother, he LITERALLY said pretty please, what more do you want","35760","2024-08-24T15:16:23Z","2024-08-24T15:16:23Z","True","True","112","5","[{'autor': '@Defi4nc3s1', 'comentario': 'Zamasu was one lazy ass worker who wanted everything to be his way :D', 'likes': 1452, 'publicado_em': '2024-09-30T19:04:53Z'}, {'autor': '@melon10001', 'comentario': 'Kind sir Zamasu, might I humbly request the honor of engaging you in a duel, should it please you?', 'likes': 930, 'publicado_em': '2024-10-03T07:28:26Z'}, {'autor': '@VixstraLarge', 'comentario': '@melon10001 If Goku said that, I\'d assume he got hit in the head again 😂 \n\nPlus I\'m almost entirely sure Zamasu would still be like ""That disrespectful mf"" after losing', 'likes': 541, 'publicado_em': '2024-10-03T09:39:13Z'}, {'autor': '@DragoonZell', 'comentario': 'This might go without saying but just in case. A mortal even considering challenging a ""god"" like himself he would deem disrespectful because Goku does not fear him like he thought he should be feared.', 'likes': 232, 'publicado_em': '2024-10-09T17:41:11Z'}, {'autor': '@g7enn37', 'comentario': 'I think zamasu wants goku to beg even further beyond ""Super Saiyan please"" 😂', 'likes': 79, 'publicado_em': '2024-10-13T09:25:56Z'}]","I3c9JXQGpwU","Beerus Warns Zamasu About Goku (dbs edit) #dbsedit #dbedit #dbsedits","4","Mais longos"
"@Alextheone-n7l","UC9C1IHqPTNT20C2XujS1qsw","http://www.youtube.com/@Alextheone-n7l","Goku instantly becomes mad when fighting 😂

(Edit)OMG THANK YOU FOR 485 LIKES","592","2025-06-08T12:22:29Z","2025-11-10T22:15:58Z","True","True","19","5","[{'autor': '@HeatherCheesman-d9b', 'comentario': ""He's locked in"", 'likes': 34, 'publicado_em': '2025-07-07T23:04:29Z'}, {'autor': '@analytixna6610', 'comentario': ""Super Saiyan kinda requires that. Which is why the kaioken didn't work with it until blue"", 'likes': 40, 'publicado_em': '2025-07-14T01:39:44Z'}, {'autor': '@FunDadHubby', 'comentario': '@analytixna6610But he used it against Pikkon', 'likes': 1, 'publicado_em': '2025-07-30T19:13:40Z'}, {'autor': '@analytixna6610', 'comentario': ""\u200b@FunDadHubby yeah, and he was DEAD, that's very specifically why he was able to"", 'likes': 11, 'publicado_em': '2025-07-30T19:47:28Z'}, {'autor': '@davitharutyunyan875', 'comentario': ""\u200b@FunDadHubby adding to the comment above me, and wasn't canon iirc"", 'likes': 8, 'publicado_em': '2025-07-31T16:10:03Z'}]","I3c9JXQGpwU","Beerus Warns Zamasu About Goku (dbs edit) #dbsedit #dbedit #dbsedits","4","Mais longos"
"@arikiAnime","UCqcOzx6P_BuF4oyvZsaPunw","http://www.youtube.com/@arikiAnime","Join the Dragonball discord! http://discord.gg/arikislookout (link in bio)","6515","2024-06-18T21:20:50Z","2025-05-08T12:29:27Z","True","True","53","5","[{'autor': '@Iaintahero', 'comentario': 'Btw wanna be friends at discord?', 'likes': 24, 'publicado_em': '2024-06-18T21:21:24Z'}, {'autor': '@SalGtagVR', 'comentario': 'What episode is this', 'likes': 22, 'publicado_em': '2024-06-18T23:04:13Z'}, {'autor': '@ooperblownup', 'comentario': 'With all due respect that discord probably cringe central full of goofies', 'likes': 10, 'publicado_em': '2024-06-19T01:53:01Z'}, {'autor': '@jasonsuperman', 'comentario': 'goku vs zamasu and black goku please', 'likes': 4, 'publicado_em': '2024-06-19T20:44:04Z'}, {'autor': '@Vader99-m7e', 'comentario': 'Meee', 'likes': 4, 'publicado_em': '2024-06-21T21:19:29Z'}]","I3c9JXQGpwU","Beerus Warns Zamasu About Goku (dbs edit) #dbsedit #dbedit #dbsedits","4","Mais longos"
"@jackknight2809","UCCbJ4kGs97WwjLA8vWkKLpg","http://www.youtube.com/@jackknight2809","Beerus with goku is like a person with a pitbull named cupcake 💀💀💀💀","1251","2025-02-09T01:46:13Z","2025-02-09T01:46:13Z","True","True","12","5","[{'autor': '@shobharaniheddula6049', 'comentario': 'Except that Pitbull fights Gods', 'likes': 34, 'publicado_em': '2025-03-22T15:36:31Z'}, {'autor': '@BoinkrNanis', 'comentario': 'as a dog trainer, pitbuls are not nearly dangerous lmao, but we can talk about a breed like the carne or a kangal or alaskan shepherd.', 'likes': 17, 'publicado_em': '2025-03-24T15:05:42Z'}, {'autor': '@herec0mestheCh33f', 'comentario': '\u200b\u200b\u200b\u200b@BoinkrNanis I\'ve heard German Shepards have a tendency to bite similar to the fourteen or so breeds they had to smash together to blood libel them as the ""pit bull"". Imagine one dog being on par bite wise with fourteen separate breeds but because it\'s the rich man\'s dog we don\'t have blood libels surrounding it, unlike with ""pit bulls"", whose statistics are are often borne of police lazily listing every unknown dog attack as ""pit bull""...', 'likes': 2, 'publicado_em': '2025-03-30T23:27:44Z'}, {'autor': '@Jedapoo', 'comentario': '\u200b@BoinkrNanis or The Chihuahua, the most deadly predator of all 😂', 'likes': 26, 'publicado_em': '2025-04-06T00:37:20Z'}, {'autor': '@MetalManOfMadness', 'comentario': ""Beerus is the ultimate karate master to Goku's Rottweiler who's been trained to take down criminals."", 'likes': 5, 'publicado_em': '2025-04-28T01:33:10Z'}]","I3c9JXQGpwU","Beerus Warns Zamasu About Goku (dbs edit) #dbsedit #dbedit #dbsedits","4","Mais longos"
"@Bulmabrefs","UCObhlKlkTgJnotNA0H2Nu6A","http://www.youtube.com/@Bulmabrefs","🤍”because if you hold back you’ll die”best thing I’ve heard all day","104","2025-09-28T02:29:03Z","2025-09-28T02:29:03Z","True","True","1","1","[{'autor': '@Goku_is_OP', 'comentario': 'I was Holding back a Little, You know', 'likes': 3, 'publicado_em': '2025-11-20T17:48:10Z'}]","I3c9JXQGpwU","Beerus Warns Zamasu About Goku (dbs edit) #dbsedit #dbedit #dbsedits","4","Mais longos"
"@Valtryek587","UC9-TVOB0wV0fk74A2c8WcxA","http://www.youtube.com/@Valtryek587","""This is the power of a mere mortal""
Bro, he was holding back.","20976","2024-06-18T23:29:19Z","2024-06-20T17:58:55Z","True","True","115","5","[{'autor': '@bryanreed7216', 'comentario': 'A LOT. holding back A LOT not even a fraction of his power bro.', 'likes': 1320, 'publicado_em': '2024-06-19T02:27:32Z'}, {'autor': '@idonotknow-cj8mn', 'comentario': ""Didn't even use ssj3, ssjg or ssjb.\nAnd he was holding back in ssj2."", 'likes': 811, 'publicado_em': '2024-06-19T05:14:02Z'}, {'autor': '@DirtyBobBojangles', 'comentario': ""He didn't say power twice."", 'likes': 112, 'publicado_em': '2024-06-19T11:59:20Z'}, {'autor': '@DirtyBobBojangles', 'comentario': '\u200b@bryanreed7216do you know what a fraction is?😂', 'likes': 76, 'publicado_em': '2024-06-19T11:59:31Z'}, {'autor': '@DirtyBobBojangles', 'comentario': '\u200b@idonotknow-cj8mnyeah, we all noticed.', 'likes': 8, 'publicado_em': '2024-06-19T11:59:43Z'}]","I3c9JXQGpwU","Beerus Warns Zamasu About Goku (dbs edit) #dbsedit #dbedit #dbsedits","4","Mais longos"
"@DarkFrontierLmao","UCQgBEwshjWGuu_xy6EJ_-JA","http://www.youtube.com/@DarkFrontierLmao","Everybody gangsta till beerus goes ""Hey Goku! Go all out!""","4374","2024-10-04T14:29:47Z","2024-10-04T14:29:47Z","True","True","20","5","[{'autor': '@GamerPro-n1l', 'comentario': 'Nahh 💀', 'likes': 33, 'publicado_em': '2024-10-29T15:30:45Z'}, {'autor': '@clintonclosson4846', 'comentario': 'He was only base super Saiyan.', 'likes': 27, 'publicado_em': '2024-11-04T02:29:51Z'}, {'autor': '@Smokie84', 'comentario': '\u200b@clintonclosson4846 ss2 blue lighting gives it away.', 'likes': 88, 'publicado_em': '2024-11-04T22:27:56Z'}, {'autor': '@The_frozen_sage_animations', 'comentario': 'Everyone’s gangster until Zeno it says bye-bye', 'likes': 28, 'publicado_em': '2024-11-15T06:33:49Z'}, {'autor': '@khalifabinhendi6107', 'comentario': 'You do have a point. Beerus did push Goku into entering Super Saiyan God again after dropping out of the form, entering it without the need for a ritual. And in the T.O.P, he asks Goku if he is finished. Goku responded by tapping into Ultra Instinct.', 'likes': 26, 'publicado_em': '2024-11-16T11:08:15Z'}]","I3c9JXQGpwU","Beerus Warns Zamasu About Goku (dbs edit) #dbsedit #dbedit #dbsedits","4","Mais longos"
"@ArchonKain","UCqoB3R0_5SNhjmBS9IwYTXQ","http://www.youtube.com/@ArchonKain","""There isn't anything 'mere' about that mortal"" -The Joker","134","2025-11-27T16:38:32Z","2025-11-27T16:38:32Z","True","True","0","0","[]","I3c9JXQGpwU","Beerus Warns Zamasu About Goku (dbs edit) #dbsedit #dbedit #dbsedits","4","Mais longos"
"@thegishof9766","UCCDzF1Z46Ecgs56A6i9otKQ","http://www.youtube.com/@thegishof9766","When Goku wants to fight you. He IS showing respect lmao.","754","2024-09-04T19:18:19Z","2024-09-04T19:18:19Z","True","True","2","2","[{'autor': '@cherrydragon3120', 'comentario': 'Only wants to fight strong beings', 'likes': 5, 'publicado_em': '2025-09-20T07:32:47Z'}, {'autor': '@mestill1811', 'comentario': '@cherrydragon3120 Which is why wanting to fight you shows he respects you. At least your fighting potential lol.', 'likes': 0, 'publicado_em': '2025-12-01T06:58:06Z'}]","I3c9JXQGpwU","Beerus Warns Zamasu About Goku (dbs edit) #dbsedit #dbedit #dbsedits","4","Mais longos"
"@theshry","UCG63aNvC5Osg5VHSzuDjRXg","http://www.youtube.com/@theshry","His, ""now hold on nobody's pulling anything"" is hilarious","8","2025-10-14T07:20:01Z","2025-10-14T07:20:01Z","True","True","0","0","[]","I3c9JXQGpwU","Beerus Warns Zamasu About Goku (dbs edit) #dbsedit #dbedit #dbsedits","4","Mais longos"
"@darkfoxfurre","UCTp_TfAlcAqWKNwNdXKplLQ","http://www.youtube.com/@darkfoxfurre","That ""That's my boy"" smirk Beerus gives is excellent","13711","2025-02-09T06:37:42Z","2025-02-09T06:37:42Z","True","True","20","5","[{'autor': '@gg_noobeditz', 'comentario': 'fr', 'likes': 36, 'publicado_em': '2025-04-26T01:44:17Z'}, {'autor': '@AFAIK-l8k', 'comentario': '@darkfoxfurre gods do need champions', 'likes': 35, 'publicado_em': '2025-05-03T23:59:05Z'}, {'autor': '@Dime_time333', 'comentario': 'Lame', 'likes': 3, 'publicado_em': '2025-05-04T19:16:05Z'}, {'autor': '@wilykat', 'comentario': ""\u200b@Dime_time333You can't help being lame. We forgive you."", 'likes': 0, 'publicado_em': '2025-05-18T15:15:21Z'}, {'autor': '@Thesaviorkey', 'comentario': '@Dime_time333cornball', 'likes': 13, 'publicado_em': '2025-06-19T17:44:11Z'}]","I3c9JXQGpwU","Beerus Warns Zamasu About Goku (dbs edit) #dbsedit #dbedit #dbsedits","4","Mais longos"
"@dantecruzz","UCwrd-52VGD-YiWH6vhtB4wA","http://www.youtube.com/@dantecruzz","""Because if you hold back, you'll die"" hits hard😶‍🌫️","5873","2025-04-14T19:56:49Z","2025-04-14T19:56:49Z","True","True","21","5","[{'autor': '@SlimShady-hk8qp', 'comentario': '🥶🥶', 'likes': 24, 'publicado_em': '2025-06-16T01:46:23Z'}, {'autor': '@Dishkyaooooon', 'comentario': 'Did you otgasm much', 'likes': 0, 'publicado_em': '2025-07-09T14:57:59Z'}, {'autor': '@GrandPokePrix', 'comentario': ""And Zamasu would've had he held back. Goku is a freaking monster"", 'likes': 53, 'publicado_em': '2025-07-14T00:54:03Z'}, {'autor': '@Pandolfinstein44', 'comentario': ""Now does that mean beerus will kill him for holding back or that Goku will cause Goku doesn't kill"", 'likes': 20, 'publicado_em': '2025-07-15T13:35:35Z'}, {'autor': '@GrandPokePrix', 'comentario': 'It was more of athing stating Gokus power at that stage, not that Zamasu would actually die. Sorry for the confusion\u200b@Pandolfinstein44', 'likes': 11, 'publicado_em': '2025-07-15T19:07:29Z'}]","I3c9JXQGpwU","Beerus Warns Zamasu About Goku (dbs edit) #dbsedit #dbedit #dbsedits","4","Mais longos"
"@donheady3851","UCSzeFC8Cleek3z5EWEVuCMA","http://www.youtube.com/@donheady3851","""hes not even a deity?!""
Bro hes not even trying","27026","2024-06-18T22:42:11Z","2024-11-20T18:52:14Z","True","True","107","5","[{'autor': '@vicctorree', 'comentario': '💀💀💀', 'likes': 387, 'publicado_em': '2024-06-19T01:54:11Z'}, {'autor': '@XeroTheHero2', 'comentario': 'The moment Operation: Goku Black was In motion', 'likes': 736, 'publicado_em': '2024-06-19T02:39:26Z'}, {'autor': '@saturo_gojo_cooked', 'comentario': 'If he was in MUI he would be cooked', 'likes': 210, 'publicado_em': '2024-06-19T05:10:43Z'}, {'autor': '@Backdoeduo', 'comentario': '@saturo_gojo_cooked if brody was in super Saiyan, blue Kaio-ken he would’ve been cooked', 'likes': 247, 'publicado_em': '2024-06-19T05:53:12Z'}, {'autor': '@ManutdareshitfuckofuwankerPooo', 'comentario': ""\u200b@saturo_gojo_cooked He hasn't achieved that yet then"", 'likes': 0, 'publicado_em': '2024-06-19T06:21:58Z'}]","I3c9JXQGpwU","Beerus Warns Zamasu About Goku (dbs edit) #dbsedit #dbedit #dbsedits","4","Mais longos"
"@Brendanj101","UC2jM7seiAA5_ClcXYgZMdXQ","http://www.youtube.com/@Brendanj101","""Don't hold back""
*Goku Himself Holds back*","886","2024-06-20T01:22:19Z","2024-06-20T01:22:19Z","True","True","9","5","[{'autor': '@MDawood_Imran', 'comentario': 'facts', 'likes': 7, 'publicado_em': '2024-06-24T01:20:48Z'}, {'autor': '@Luwynn', 'comentario': ""If he didn't hold back well uhhh he oof"", 'likes': 9, 'publicado_em': '2024-06-24T04:26:19Z'}, {'autor': '@Rellscrub', 'comentario': '@Vesperian_demonhe only had super saiyan blue by then but yeah he held back', 'likes': 6, 'publicado_em': '2024-06-24T11:42:19Z'}, {'autor': '@Rellscrub', 'comentario': '@Vesperian_demon oh ur talking bout the form from heroes', 'likes': 1, 'publicado_em': '2024-06-25T05:25:51Z'}, {'autor': '@lasereyedguyeditz', 'comentario': ""@Rellscrub Universal Blue, yeah. But he didn't have that either."", 'likes': 1, 'publicado_em': '2024-09-02T15:37:20Z'}]","I3c9JXQGpwU","Beerus Warns Zamasu About Goku (dbs edit) #dbsedit #dbedit #dbsedits","4","Mais longos"
"@Blaze78x","UC9-7K5th4dxs0GtLJrYpyKQ","http://www.youtube.com/@Blaze78x","Bulma was and is Goku's oldest friend Vegeta has nothing to worry about Goku is FAR too simple to understand lust or whatever, honestly it's a miracle Goku even has kids tbh... pretty sure Chi-Chi did all the work...","104","2025-08-16T21:11:52Z","2025-08-16T21:11:52Z","True","True","2","2","[{'autor': '@Mtn_Fooze', 'comentario': 'Ain\'t there a scene where Vageta and Goku talk about that exactly? Or am I thinking of, like, a fan made clip? Istfg there\'s a DB scene where Vageta yells at Goku, ""BUT YOU HAVE TWO KIDS!""', 'likes': 4, 'publicado_em': '2025-12-06T07:59:24Z'}, {'autor': '@wiccabessa', 'comentario': '\u200b@Mtn_Foozeyeah there is and is hilarious 😂😂', 'likes': 0, 'publicado_em': '2025-12-06T13:13:01Z'}]","6ZbNz2TGer8","Goku Accidentally Visits Bulma😂 (dbs edit) #dbsedit #dbedit #dbsedits","1","Mais novos"
"@JavhereReid","UCvxJ8TqfoMh_7KnYFUKV3Ow","http://www.youtube.com/@JavhereReid","Bulma must’ve have forgotten that shit don’t work against goku, vegeta etc","182","2025-06-03T21:22:44Z","2025-06-03T21:22:44Z","True","True","5","5","[{'autor': '@Lilya191', 'comentario': 'Fr tho', 'likes': 4, 'publicado_em': '2025-06-08T18:11:26Z'}, {'autor': '@nobodyspecial115', 'comentario': 'I mean that\'s how they met 😂 she shoot him and it only hurt him a little bit. Then he proceeded to walk in on her taking a bath and later ""investigating"" while she didn\'t have a penis 😂😂😂', 'likes': 0, 'publicado_em': '2025-06-22T17:11:54Z'}, {'autor': '@SpectreRyder', 'comentario': ""Living with Vegeta I'm sure she modified them to work against sayians."", 'likes': 13, 'publicado_em': '2025-09-22T02:44:33Z'}, {'autor': '@ShadowlordDio', 'comentario': 'Remember they movie', 'likes': 0, 'publicado_em': '2025-10-17T15:34:27Z'}, {'autor': '@احمدمحمد-غ1ز4ش', 'comentario': 'What is the name of the song used in the video?', 'likes': 0, 'publicado_em': '2025-11-03T17:34:17Z'}]","6ZbNz2TGer8","Goku Accidentally Visits Bulma😂 (dbs edit) #dbsedit #dbedit #dbsedits","1","Mais novos"
"@khang.ngtr487","UCF0bFz1YoYwjCVw33EX2N1w","http://www.youtube.com/@khang.ngtr487","Vegeta was too calm in this 😂","821","2025-05-19T15:55:37Z","2025-05-19T15:55:37Z","True","True","9","5","[{'autor': '@amiincontrol2924', 'comentario': ""He's come a long way indeed"", 'likes': 40, 'publicado_em': '2025-07-06T12:03:58Z'}, {'autor': '@vegapreferred9344', 'comentario': 'It cuz he know Goku and bulma go way back. So it’s a bro sister kind of thing. Like when Goku laughed at bulma having a kid when he first met future trunks', 'likes': 59, 'publicado_em': '2025-09-03T06:09:27Z'}, {'autor': '@TeppicTheAbysswalker', 'comentario': ""I'd say it's because, secretly, Vegeta is scared of making Bulma angry, on the account of how pain in the ass she can be when she feels vindictive. I'd say he never insulted her in his life :D"", 'likes': 4, 'publicado_em': '2025-09-24T12:48:36Z'}, {'autor': '@guilhermecastro292', 'comentario': ""\u200b@vegapreferred9344actually he is very jealous about yamucha \n\nFact is actually he's not jealous about Goku and her. Maybe even a sayan thing who knows. But actually it looks like it's a man thing and he's totally fine about Goku and not jelly at all"", 'likes': 6, 'publicado_em': '2025-09-28T21:29:21Z'}, {'autor': '@guilhermecastro292', 'comentario': ""\u200b@TeppicTheAbysswalkerthat's because you didn't watch the full sagas 😂😂😂😂😂"", 'likes': 1, 'publicado_em': '2025-09-28T21:30:10Z'}]","6ZbNz2TGer8","Goku Accidentally Visits Bulma😂 (dbs edit) #dbsedit #dbedit #dbsedits","1","Mais novos"
"@c0rrupt3dsidd","UCO2sWGSYQ15vCbWXieUSndQ","http://www.youtube.com/@c0rrupt3dsidd","Telling her her body was getting too old for even goku to look at is what started Bulma's Make-a-Wish cosmetics...","844","2025-04-27T12:49:16Z","2025-04-27T12:49:16Z","True","True","8","5","[{'autor': '@crypticlol', 'comentario': 'She was like that since dragon ball classic\nShe was legit planning to get the dragon balls just to get a hot boyfriend', 'likes': 48, 'publicado_em': '2025-07-11T20:10:12Z'}, {'autor': '@OverDriveEditX', 'comentario': '\u200b@crypticlol dragon 🐉  - balls 💀 you know if you know', 'likes': 5, 'publicado_em': '2025-10-15T06:29:34Z'}, {'autor': '@crypticlol', 'comentario': '\u200b@OverDriveEditX dayum', 'likes': 1, 'publicado_em': '2025-10-15T10:06:31Z'}, {'autor': '@OverDriveEditX', 'comentario': '\u200b@crypticlol😂 that dayum was too perfect 🔥', 'likes': 3, 'publicado_em': '2025-10-15T10:41:07Z'}, {'autor': '@WarBirdGhost', 'comentario': 'Goku definitely knows how old she really is.', 'likes': 3, 'publicado_em': '2025-11-16T16:43:24Z'}]","6ZbNz2TGer8","Goku Accidentally Visits Bulma😂 (dbs edit) #dbsedit #dbedit #dbsedits","1","Mais novos"
"@kaiyagellizeau1143","UC4LnHpsEqqkFxJAoy8KL2Qw","http://www.youtube.com/@kaiyagellizeau1143","I just love the fact that when he heard bulma screaming he came rushing to her, it is so cute❤","634","2025-03-03T02:14:12Z","2025-03-03T02:14:12Z","True","True","0","0","[]","6ZbNz2TGer8","Goku Accidentally Visits Bulma😂 (dbs edit) #dbsedit #dbedit #dbsedits","1","Mais novos"
"@KR-tk8fe","UCgV_hWjyu3Ov434L6DL1y1g","http://www.youtube.com/@KR-tk8fe",">Appears in friends house
>Insults his wife in front of him
>refuses to elaborate
>leaves","6967","2025-02-25T22:36:27Z","2025-02-25T22:36:27Z","True","True","36","5","[{'autor': '@adams3560', 'comentario': '@CptLiamatProductionsThis was the most Goku moment.', 'likes': 75, 'publicado_em': '2025-05-15T10:00:50Z'}, {'autor': '@J4PMx', 'comentario': ""Goku was with bulma since childhood and when he said it's too saggy now left vegeta in confusion that it's not use to be saggy"", 'likes': 260, 'publicado_em': '2025-06-26T08:50:57Z'}, {'autor': '@sup3a', 'comentario': 'Lool I was looking for this comment', 'likes': 17, 'publicado_em': '2025-06-29T16:07:04Z'}, {'autor': '@HasbiksRightHand', 'comentario': 'Bulma was his friend first', 'likes': 59, 'publicado_em': '2025-07-01T19:54:33Z'}, {'autor': '@JoshuaDaniels-c2n', 'comentario': 'To saggy now😂😂😂❤❤ best kind', 'likes': 4, 'publicado_em': '2025-07-08T13:21:14Z'}]","6ZbNz2TGer8","Goku Accidentally Visits Bulma😂 (dbs edit) #dbsedit #dbedit #dbsedits","1","Mais novos"
"@dazzlingdexter5060","UCPmTDdSTTLQeAngA4ahdDlA","http://www.youtube.com/@dazzlingdexter5060","Fact Vegeta hears his Wife screams and comes rushing in. Vegeta such a good dad and husband.","1078","2024-11-20T17:54:41Z","2024-11-20T17:54:41Z","True","True","10","5","[{'autor': '@wtvtfthisis', 'comentario': 'Such a good dad? My guy knocked his kid out, abused his kid, and probably is not the best father, heck, he might be the worst dad in that timeline and you say he a good dad? 😭', 'likes': 28, 'publicado_em': '2025-01-11T20:17:49Z'}, {'autor': '@yandrielprieto4241', 'comentario': 'Probably the best dad in all of dragon ball is ox king or dr.briefs', 'likes': 22, 'publicado_em': '2025-02-08T21:32:21Z'}, {'autor': '@MrBank-hc1jg', 'comentario': ""Dude's just a simp."", 'likes': 5, 'publicado_em': '2025-02-17T12:07:47Z'}, {'autor': '@Bundalaba', 'comentario': 'Considering he probably had an evil spartan type Education he came a long way', 'likes': 19, 'publicado_em': '2025-02-18T23:06:17Z'}, {'autor': '@jasonmalin287', 'comentario': ""Haven't watched in awhile cool to see how the character and situations have grown 👏😎"", 'likes': 7, 'publicado_em': '2025-03-22T16:14:56Z'}]","6ZbNz2TGer8","Goku Accidentally Visits Bulma😂 (dbs edit) #dbsedit #dbedit #dbsedits","1","Mais novos"
"@UN9340","UC1vjau0wNR6i7vIoQ1bc_Zg","http://www.youtube.com/@UN9340","I just love how Vegeta casually chills around the house in full saiyan armor 😂😂","12762","2024-10-25T21:52:35Z","2024-10-25T21:52:35Z","True","True","84","5","[{'autor': '@bluestar5679', 'comentario': 'Never miss a day of working out in the old saiyan suit', 'likes': 842, 'publicado_em': '2024-10-28T07:55:30Z'}, {'autor': '@johnfuller2339', 'comentario': 'didnt even notice but totally true', 'likes': 202, 'publicado_em': '2024-10-29T00:31:50Z'}, {'autor': '@aheronamedtendo', 'comentario': 'Never know  yakno 😂😅', 'likes': 78, 'publicado_em': '2024-11-03T04:16:28Z'}, {'autor': '@Jourmand1r', 'comentario': 'He was wearing his armor. They needed protection', 'likes': 335, 'publicado_em': '2024-11-09T11:32:33Z'}, {'autor': '@thefactman4151', 'comentario': 'He need that protection for Bulma', 'likes': 85, 'publicado_em': '2024-11-10T13:59:27Z'}]","6ZbNz2TGer8","Goku Accidentally Visits Bulma😂 (dbs edit) #dbsedit #dbedit #dbsedits","1","Mais novos"
"@JustZeroHere","UCKtJ1Bn8I3-mgDqoaaAMysQ","http://www.youtube.com/@JustZeroHere","The way Vegeta says ""kakarot!"" Isn't even angry it just sounds like a elementary teacher being dissapointed in a kindergarten for doing something","3748","2024-10-11T16:32:55Z","2024-10-11T16:32:55Z","True","True","7","5","[{'autor': '@yogya593', 'comentario': 'He’s just confused and surprised as hell', 'likes': 78, 'publicado_em': '2024-11-13T10:55:03Z'}, {'autor': '@dazzlingdexter5060', 'comentario': 'He just like ""Wtf you doing here????', 'likes': 48, 'publicado_em': '2024-11-20T18:00:57Z'}, {'autor': '@pushyrummble', 'comentario': 'Sounds more surprised than anything', 'likes': 28, 'publicado_em': '2024-11-22T14:03:43Z'}, {'autor': '@makaramuss', 'comentario': '@pushyrummble his anger turned into shock, disbelief, annoyance as he trying to keep his remains of his anger alive because situation demands it\nthen his anger returns 10 times more with insult', 'likes': 10, 'publicado_em': '2024-12-15T12:19:32Z'}, {'autor': '@sheridanvance7426', 'comentario': '😭', 'likes': 0, 'publicado_em': '2024-12-19T07:06:52Z'}]","6ZbNz2TGer8","Goku Accidentally Visits Bulma😂 (dbs edit) #dbsedit #dbedit #dbsedits","1","Mais novos"
"@EVyoshifn","UCDyoWm4q-PqRI-5WP6vOVwQ","http://www.youtube.com/@EVyoshifn","“Yours are to saggy now” bro has been noticing😭😭😭","16260","2024-09-21T00:42:04Z","2024-09-21T00:42:04Z","True","True","59","5","[{'autor': '@premium7182', 'comentario': '😅', 'likes': 87, 'publicado_em': '2024-10-10T20:50:49Z'}, {'autor': '@Thebananaguy537', 'comentario': 'How does bro know tho', 'likes': 290, 'publicado_em': '2024-10-13T02:07:32Z'}, {'autor': '@alexk7880', 'comentario': 'No wonder bulma keeps using the dragon balls lol', 'likes': 516, 'publicado_em': '2024-10-13T06:15:16Z'}, {'autor': '@JakeB-Real', 'comentario': 'Oh shit that’s a good point', 'likes': 84, 'publicado_em': '2024-10-13T18:44:34Z'}, {'autor': '@BrendenJackson710', 'comentario': '\u200b@Thebananaguy537go watch og dragon ball no z', 'likes': 0, 'publicado_em': '2024-10-13T20:06:26Z'}]","6ZbNz2TGer8","Goku Accidentally Visits Bulma😂 (dbs edit) #dbsedit #dbedit #dbsedits","1","Mais novos"
"@serpentinious7745","UCmQWFkFsixH3g3Y45ZbrQ0Q","http://www.youtube.com/@serpentinious7745","I love that, in a room with 2 sayens, Bulma is the one to choose violence first.","8161","2024-09-14T00:55:19Z","2024-09-14T00:55:19Z","True","True","49","5","[{'autor': '@blackfangex6813', 'comentario': 'i mean the first thing she did when she meet goku was pulling the Glock and shot him 4 times in the face... so is in character for her', 'likes': 709, 'publicado_em': '2024-10-16T03:29:09Z'}, {'autor': '@iamweird3919', 'comentario': ""There's a reason Vegita married her."", 'likes': 290, 'publicado_em': '2024-10-16T15:34:54Z'}, {'autor': '@rykosabia1780', 'comentario': 'Vegeta.... \u200b@iamweird3919', 'likes': 0, 'publicado_em': '2024-10-18T07:39:46Z'}, {'autor': '@massacremark6782', 'comentario': 'Notice how those blasters are in their bedroom, she may have set them to attack Goku, but what other ""functions"" do you think they have?', 'likes': 138, 'publicado_em': '2024-10-20T22:46:20Z'}, {'autor': '@KingSpriggan129', 'comentario': '\u200b@massacremark6782ayo vegeta having masochist desires 💀🙏', 'likes': 52, 'publicado_em': '2024-10-21T02:20:15Z'}]","6ZbNz2TGer8","Goku Accidentally Visits Bulma😂 (dbs edit) #dbsedit #dbedit #dbsedits","1","Mais novos"
"@supersizesenpai","UCJDdHgxaPVP92Z8a4_y0EQA","http://www.youtube.com/@supersizesenpai","Bro popped in, roasted Bulma than peace'd out. 🤣🤣","4365","2024-07-31T15:19:07Z","2024-07-31T15:19:07Z","True","True","13","5","[{'autor': '@KikiQueen497', 'comentario': 'lol😂😂😂', 'likes': 30, 'publicado_em': '2024-09-06T01:27:53Z'}, {'autor': '@mambamentality3141', 'comentario': '😂', 'likes': 20, 'publicado_em': '2024-09-12T00:20:00Z'}, {'autor': '@ThinkingCrimson', 'comentario': 'Brutal Honesty Goku!', 'likes': 29, 'publicado_em': '2024-10-07T13:07:50Z'}, {'autor': '@LunaP1', 'comentario': 'This is the third time he roasted her in the franchise and it is far worse.🤣🤣🤣🤣🤣🤣🤣🤣🤣', 'likes': 26, 'publicado_em': '2024-10-14T21:45:30Z'}, {'autor': '@supersizesenpai', 'comentario': '@LunaP1 Yeah, its a funny running gag but what made this time particularly funny is the fact that he teleported into their home dunked on her than bounced. lmao', 'likes': 20, 'publicado_em': '2024-10-14T23:34:46Z'}]","6ZbNz2TGer8","Goku Accidentally Visits Bulma😂 (dbs edit) #dbsedit #dbedit #dbsedits","1","Mais novos"
"@mtinfinity7845","UCpb6DDl_K5P9bicj2KZqw3g","http://www.youtube.com/@mtinfinity7845","The way Vegeta yelled Kakarot, never heard him yell it like that and it was amazing 😂😂","18621","2024-07-23T04:53:26Z","2024-07-23T04:53:26Z","True","True","34","5","[{'autor': '@LM0N-B01', 'comentario': 'Like he was barely surprised, just annoyed', 'likes': 466, 'publicado_em': '2024-07-29T13:28:01Z'}, {'autor': '@sanyamjain2229', 'comentario': 'So true', 'likes': 65, 'publicado_em': '2024-08-01T21:45:22Z'}, {'autor': '@alwayyssgone', 'comentario': 'My bulmaaaaaa', 'likes': 79, 'publicado_em': '2024-08-19T17:36:48Z'}, {'autor': '@Mike476', 'comentario': 'Fr tho', 'likes': 20, 'publicado_em': '2024-08-19T21:33:14Z'}, {'autor': '@PerwitLal', 'comentario': 'He actually said it even louder when he said""trespass into the the domain of the gods and use that might to conquer jiren do it KAKAAAAAROOOOOTTTTTTTTTY', 'likes': 83, 'publicado_em': '2024-08-21T15:52:38Z'}]","6ZbNz2TGer8","Goku Accidentally Visits Bulma😂 (dbs edit) #dbsedit #dbedit #dbsedits","1","Mais novos"
"@arjunasolis7756","UCoBzgK-ieaRWO186kGEG9PQ","http://www.youtube.com/@arjunasolis7756","It's called teleportation dysfunction; it's common at Goku's age, but it's nothing to be ashamed about.","20377","2024-06-19T17:48:41Z","2024-06-19T17:48:41Z","True","True","84","5","[{'autor': '@Blue6Phoenix', 'comentario': 'Lmao', 'likes': 414, 'publicado_em': '2024-07-29T17:27:16Z'}, {'autor': '@cpilfold420', 'comentario': 'Underrated 😂', 'likes': 351, 'publicado_em': '2024-08-15T04:32:00Z'}, {'autor': '@MexicanSuperman', 'comentario': ""Bro obviously you didn't watch this episode. He was having a problem controlling his energy after using SSB Kaioken in the Tournament been U6 and U7."", 'likes': 223, 'publicado_em': '2024-08-21T13:51:59Z'}, {'autor': '@Blue6Phoenix', 'comentario': ""@MexicanSuperman  it's an erectile dysfunction joke..."", 'likes': 13, 'publicado_em': '2024-08-21T19:46:42Z'}, {'autor': '@factsworld3466', 'comentario': ""\u200b@MexicanSuperman it's a joke"", 'likes': 609, 'publicado_em': '2024-08-22T01:44:12Z'}]","6ZbNz2TGer8","Goku Accidentally Visits Bulma😂 (dbs edit) #dbsedit #dbedit #dbsedits","1","Mais novos"
"@ali_Xnm.2","UC0By1Efnei0Mhng0YVz8dkw","http://www.youtube.com/@ali_Xnm.2","Vegeta was flabbergasted,bamboozled, shocked,shoocketh,dumbfounded,speechless and most importantly discombobulated","11414","2024-06-16T17:03:56Z","2024-06-16T17:03:56Z","True","True","71","5","[{'autor': '@Overlord_4900', 'comentario': '😂😂😂😂😂😂', 'likes': 87, 'publicado_em': '2024-06-20T14:46:36Z'}, {'autor': '@TraphouseTCG', 'comentario': 'Man said shoocketh’ed 😂😂😂', 'likes': 166, 'publicado_em': '2024-06-26T09:09:31Z'}, {'autor': '@ViperPain141', 'comentario': 'My mans was kerfuckled', 'likes': 0, 'publicado_em': '2024-06-29T15:43:56Z'}, {'autor': '@devintimmerman886', 'comentario': 'but is he smeckledorthed?', 'likes': 163, 'publicado_em': '2024-06-30T16:31:50Z'}, {'autor': '@ThuggNasty72', 'comentario': 'He was also befuddled', 'likes': 83, 'publicado_em': '2024-06-30T16:49:58Z'}]","6ZbNz2TGer8","Goku Accidentally Visits Bulma😂 (dbs edit) #dbsedit #dbedit #dbsedits","1","Mais novos"
"@Lia.dennis17","UCldccbVUxUtg8oQbNSA8urA","http://www.youtube.com/@Lia.dennis17","I love how Vegeta runs to her to make sure shes ok though 🥺","3736","2024-06-10T21:54:40Z","2024-06-10T21:54:40Z","True","True","28","5","[{'autor': '@ronaldomontero3624', 'comentario': 'No', 'likes': 15, 'publicado_em': '2024-06-10T23:16:13Z'}, {'autor': '@lindakennedy7989', 'comentario': 'What was he so posed to do', 'likes': 44, 'publicado_em': '2024-06-15T13:34:59Z'}, {'autor': '@sirhcsnomde2002', 'comentario': ""He's a protector at heart has been sense they got married. Why he is in his armor at home I don't know but heh"", 'likes': 220, 'publicado_em': '2024-06-16T13:30:30Z'}, {'autor': '@epicnarrator4404', 'comentario': '@sirhcsnomde2002 Vegeta always practice in the capsule Corp wearing those armor, maybe he is on his way to training and he heard Bulma scream', 'likes': 126, 'publicado_em': '2024-06-16T15:45:18Z'}, {'autor': '@KenTVtw', 'comentario': 'vegeta: imma beat the crap out of who ever messes with bulma\nsees goku\nvegeta: ok', 'likes': 75, 'publicado_em': '2024-06-17T08:35:36Z'}]","6ZbNz2TGer8","Goku Accidentally Visits Bulma😂 (dbs edit) #dbsedit #dbedit #dbsedits","1","Mais novos"
"@draconuuse9731","UC3ehp5axY0u6sL7LLHML22A","http://www.youtube.com/@draconuuse9731","Goku dissing bulma like that is one of the greatest character continuity aspects with the original dragon ball.","54890","2024-06-10T12:14:10Z","2024-06-10T12:14:10Z","True","True","142","5","[{'autor': '@poQuest2000', 'comentario': ""Oh yah! 😂😂 I forgot. Honestly he was way more savage then. He's cooled down 😂"", 'likes': 1958, 'publicado_em': '2024-06-11T14:39:42Z'}, {'autor': '@bruceygaming', 'comentario': ""Oh yh the whole 'why would I wanna see your dirty fanny' was brilliant"", 'likes': 1766, 'publicado_em': '2024-06-12T23:16:41Z'}, {'autor': '@Canas94', 'comentario': 'At the end of Z he still calls her out for looking old.', 'likes': 834, 'publicado_em': '2024-06-13T19:26:22Z'}, {'autor': '@ElsocraTV', 'comentario': 'I l9ve dragon ball he went harder then lol', 'likes': 195, 'publicado_em': '2024-06-13T22:27:46Z'}, {'autor': '@algladyou', 'comentario': 'Hahaha! The sarcasm of kid Goku. 😅', 'likes': 178, 'publicado_em': '2024-06-14T19:27:21Z'}]","6ZbNz2TGer8","Goku Accidentally Visits Bulma😂 (dbs edit) #dbsedit #dbedit #dbsedits","1","Mais novos"
"@ThePenny22","UC7gYju1fnbsaXsik9ggzVzA","http://www.youtube.com/@ThePenny22","Imagine if Goku teleported a couple minutes later in this scene 💀","3912","2024-06-10T11:50:37Z","2024-06-10T18:10:14Z","True","True","44","5","[{'autor': '@N54.S6', 'comentario': 'Sceen?', 'likes': 27, 'publicado_em': '2024-06-10T18:03:59Z'}, {'autor': '@luckylokk3478', 'comentario': 'Pervy 😏', 'likes': 69, 'publicado_em': '2024-06-11T01:07:59Z'}, {'autor': '@Retrokid1998', 'comentario': '😮☠️☠️☠️☠️☠️☠️☠️☠️☠️☠️☠️', 'likes': 17, 'publicado_em': '2024-06-11T02:12:42Z'}, {'autor': '@Arkansas_John', 'comentario': '💀🔥🤫', 'likes': 10, 'publicado_em': '2024-06-11T05:04:47Z'}, {'autor': '@InsaneBritishColombian', 'comentario': 'GA GA GALIC GUN FIIIIIIRRRRRREEEEEE', 'likes': 99, 'publicado_em': '2024-06-11T08:36:23Z'}]","6ZbNz2TGer8","Goku Accidentally Visits Bulma😂 (dbs edit) #dbsedit #dbedit #dbsedits","1","Mais novos"
"@y_ssr33","UClvDcc4kyFACkhJQdomJ_jw","http://www.youtube.com/@y_ssr33","His confidence to say that is next level😭","11336","2024-06-10T11:19:29Z","2024-06-10T11:19:29Z","True","True","47","5","[{'autor': '@thefallenuchiha.4940', 'comentario': 'I mean, there’s only one person that could’ve checked him at that point.', 'likes': 200, 'publicado_em': '2024-06-10T15:09:48Z'}, {'autor': '@aervaealtonelty9850', 'comentario': '@thefallenuchiha.4940 Yep, once Vegeta says ""My Bulmaaaaa"" everybody gets ran.', 'likes': 155, 'publicado_em': '2024-06-10T21:09:39Z'}, {'autor': '@CZOTHAM', 'comentario': 'HE HAS 86 IQ BRAH', 'likes': 47, 'publicado_em': '2024-06-11T01:57:12Z'}, {'autor': '@strelizia39', 'comentario': '""i didnt come here to see your boobies, yours are too saggy now"" like bro is a fucking menace, i bet you thats why she be wishing shenron to fix her body and shit LMAO', 'likes': 0, 'publicado_em': '2024-06-11T11:15:45Z'}, {'autor': '@SMP2390', 'comentario': 'Not confidence ignorance', 'likes': 49, 'publicado_em': '2024-06-12T15:33:23Z'}]","6ZbNz2TGer8","Goku Accidentally Visits Bulma😂 (dbs edit) #dbsedit #dbedit #dbsedits","1","Mais novos"
"@arikiAnime","UCqcOzx6P_BuF4oyvZsaPunw","http://www.youtube.com/@arikiAnime","Join the Dragonball discord! http://discord.gg/arikislookout (link in bio)","4419","2024-06-10T11:09:14Z","2024-06-10T11:09:14Z","True","True","73","5","[{'autor': '@YourBoyyyRaven', 'comentario': 'Song name?', 'likes': 17, 'publicado_em': '2024-06-10T23:16:41Z'}, {'autor': '@donaldthompson6968', 'comentario': '😂😂😂', 'likes': 11, 'publicado_em': '2024-06-17T15:50:27Z'}, {'autor': '@kurenai-gf7rj', 'comentario': ""\u200b@YourBoyyyRavenI believe it's by Hensonn, and called Sahara.This is also probably the Slowed and Reverb version\nI hope that helps!"", 'likes': 8, 'publicado_em': '2024-06-18T21:37:54Z'}, {'autor': '@MlakSry', 'comentario': 'عربي \n\u200b@kurenai-gf7rj', 'likes': 0, 'publicado_em': '2024-06-26T16:08:55Z'}, {'autor': '@MeredithDinarte', 'comentario': '😂😂😂😂😂😂😂😂😂😂😂😂😂😂😮😮😮😮😮😮😂😂😂😂', 'likes': 0, 'publicado_em': '2024-06-29T16:27:12Z'}]","6ZbNz2TGer8","Goku Accidentally Visits Bulma😂 (dbs edit) #dbsedit #dbedit #dbsedits","1","Mais novos"
"@arikiAnime","UCqcOzx6P_BuF4oyvZsaPunw","http://www.youtube.com/@arikiAnime","Join the Dragonball discord! http://discord.gg/arikislookout (link in bio)","4419","2024-06-10T11:09:14Z","2024-06-10T11:09:14Z","True","True","73","5","[{'autor': '@YourBoyyyRaven', 'comentario': 'Song name?', 'likes': 17, 'publicado_em': '2024-06-10T23:16:41Z'}, {'autor': '@donaldthompson6968', 'comentario': '😂😂😂', 'likes': 11, 'publicado_em': '2024-06-17T15:50:27Z'}, {'autor': '@kurenai-gf7rj', 'comentario': ""\u200b@YourBoyyyRavenI believe it's by Hensonn, and called Sahara.This is also probably the Slowed and Reverb version\nI hope that helps!"", 'likes': 8, 'publicado_em': '2024-06-18T21:37:54Z'}, {'autor': '@MlakSry', 'comentario': 'عربي \n\u200b@kurenai-gf7rj', 'likes': 0, 'publicado_em': '2024-06-26T16:08:55Z'}, {'autor': '@MeredithDinarte', 'comentario': '😂😂😂😂😂😂😂😂😂😂😂😂😂😂😮😮😮😮😮😮😂😂😂😂', 'likes': 0, 'publicado_em': '2024-06-29T16:27:12Z'}]","6ZbNz2TGer8","Goku Accidentally Visits Bulma😂 (dbs edit) #dbsedit #dbedit #dbsedits","2","Mais antigos"
"@y_ssr33","UClvDcc4kyFACkhJQdomJ_jw","http://www.youtube.com/@y_ssr33","His confidence to say that is next level😭","11336","2024-06-10T11:19:29Z","2024-06-10T11:19:29Z","True","True","47","5","[{'autor': '@thefallenuchiha.4940', 'comentario': 'I mean, there’s only one person that could’ve checked him at that point.', 'likes': 200, 'publicado_em': '2024-06-10T15:09:48Z'}, {'autor': '@aervaealtonelty9850', 'comentario': '@thefallenuchiha.4940 Yep, once Vegeta says ""My Bulmaaaaa"" everybody gets ran.', 'likes': 155, 'publicado_em': '2024-06-10T21:09:39Z'}, {'autor': '@CZOTHAM', 'comentario': 'HE HAS 86 IQ BRAH', 'likes': 47, 'publicado_em': '2024-06-11T01:57:12Z'}, {'autor': '@strelizia39', 'comentario': '""i didnt come here to see your boobies, yours are too saggy now"" like bro is a fucking menace, i bet you thats why she be wishing shenron to fix her body and shit LMAO', 'likes': 0, 'publicado_em': '2024-06-11T11:15:45Z'}, {'autor': '@SMP2390', 'comentario': 'Not confidence ignorance', 'likes': 49, 'publicado_em': '2024-06-12T15:33:23Z'}]","6ZbNz2TGer8","Goku Accidentally Visits Bulma😂 (dbs edit) #dbsedit #dbedit #dbsedits","2","Mais antigos"
"@ThePenny22","UC7gYju1fnbsaXsik9ggzVzA","http://www.youtube.com/@ThePenny22","Imagine if Goku teleported a couple minutes later in this scene 💀","3912","2024-06-10T11:50:37Z","2024-06-10T18:10:14Z","True","True","44","5","[{'autor': '@N54.S6', 'comentario': 'Sceen?', 'likes': 27, 'publicado_em': '2024-06-10T18:03:59Z'}, {'autor': '@luckylokk3478', 'comentario': 'Pervy 😏', 'likes': 69, 'publicado_em': '2024-06-11T01:07:59Z'}, {'autor': '@Retrokid1998', 'comentario': '😮☠️☠️☠️☠️☠️☠️☠️☠️☠️☠️☠️', 'likes': 17, 'publicado_em': '2024-06-11T02:12:42Z'}, {'autor': '@Arkansas_John', 'comentario': '💀🔥🤫', 'likes': 10, 'publicado_em': '2024-06-11T05:04:47Z'}, {'autor': '@InsaneBritishColombian', 'comentario': 'GA GA GALIC GUN FIIIIIIRRRRRREEEEEE', 'likes': 99, 'publicado_em': '2024-06-11T08:36:23Z'}]","6ZbNz2TGer8","Goku Accidentally Visits Bulma😂 (dbs edit) #dbsedit #dbedit #dbsedits","2","Mais antigos"
"@draconuuse9731","UC3ehp5axY0u6sL7LLHML22A","http://www.youtube.com/@draconuuse9731","Goku dissing bulma like that is one of the greatest character continuity aspects with the original dragon ball.","54890","2024-06-10T12:14:10Z","2024-06-10T12:14:10Z","True","True","142","5","[{'autor': '@poQuest2000', 'comentario': ""Oh yah! 😂😂 I forgot. Honestly he was way more savage then. He's cooled down 😂"", 'likes': 1958, 'publicado_em': '2024-06-11T14:39:42Z'}, {'autor': '@bruceygaming', 'comentario': ""Oh yh the whole 'why would I wanna see your dirty fanny' was brilliant"", 'likes': 1766, 'publicado_em': '2024-06-12T23:16:41Z'}, {'autor': '@Canas94', 'comentario': 'At the end of Z he still calls her out for looking old.', 'likes': 834, 'publicado_em': '2024-06-13T19:26:22Z'}, {'autor': '@ElsocraTV', 'comentario': 'I l9ve dragon ball he went harder then lol', 'likes': 195, 'publicado_em': '2024-06-13T22:27:46Z'}, {'autor': '@algladyou', 'comentario': 'Hahaha! The sarcasm of kid Goku. 😅', 'likes': 178, 'publicado_em': '2024-06-14T19:27:21Z'}]","6ZbNz2TGer8","Goku Accidentally Visits Bulma😂 (dbs edit) #dbsedit #dbedit #dbsedits","2","Mais antigos"
"@Lia.dennis17","UCldccbVUxUtg8oQbNSA8urA","http://www.youtube.com/@Lia.dennis17","I love how Vegeta runs to her to make sure shes ok though 🥺","3736","2024-06-10T21:54:40Z","2024-06-10T21:54:40Z","True","True","28","5","[{'autor': '@ronaldomontero3624', 'comentario': 'No', 'likes': 15, 'publicado_em': '2024-06-10T23:16:13Z'}, {'autor': '@lindakennedy7989', 'comentario': 'What was he so posed to do', 'likes': 44, 'publicado_em': '2024-06-15T13:34:59Z'}, {'autor': '@sirhcsnomde2002', 'comentario': ""He's a protector at heart has been sense they got married. Why he is in his armor at home I don't know but heh"", 'likes': 220, 'publicado_em': '2024-06-16T13:30:30Z'}, {'autor': '@epicnarrator4404', 'comentario': '@sirhcsnomde2002 Vegeta always practice in the capsule Corp wearing those armor, maybe he is on his way to training and he heard Bulma scream', 'likes': 126, 'publicado_em': '2024-06-16T15:45:18Z'}, {'autor': '@KenTVtw', 'comentario': 'vegeta: imma beat the crap out of who ever messes with bulma\nsees goku\nvegeta: ok', 'likes': 75, 'publicado_em': '2024-06-17T08:35:36Z'}]","6ZbNz2TGer8","Goku Accidentally Visits Bulma😂 (dbs edit) #dbsedit #dbedit #dbsedits","2","Mais antigos"
"@ali_Xnm.2","UC0By1Efnei0Mhng0YVz8dkw","http://www.youtube.com/@ali_Xnm.2","Vegeta was flabbergasted,bamboozled, shocked,shoocketh,dumbfounded,speechless and most importantly discombobulated","11414","2024-06-16T17:03:56Z","2024-06-16T17:03:56Z","True","True","71","5","[{'autor': '@Overlord_4900', 'comentario': '😂😂😂😂😂😂', 'likes': 87, 'publicado_em': '2024-06-20T14:46:36Z'}, {'autor': '@TraphouseTCG', 'comentario': 'Man said shoocketh’ed 😂😂😂', 'likes': 166, 'publicado_em': '2024-06-26T09:09:31Z'}, {'autor': '@ViperPain141', 'comentario': 'My mans was kerfuckled', 'likes': 0, 'publicado_em': '2024-06-29T15:43:56Z'}, {'autor': '@devintimmerman886', 'comentario': 'but is he smeckledorthed?', 'likes': 163, 'publicado_em': '2024-06-30T16:31:50Z'}, {'autor': '@ThuggNasty72', 'comentario': 'He was also befuddled', 'likes': 83, 'publicado_em': '2024-06-30T16:49:58Z'}]","6ZbNz2TGer8","Goku Accidentally Visits Bulma😂 (dbs edit) #dbsedit #dbedit #dbsedits","2","Mais antigos"
"@arjunasolis7756","UCoBzgK-ieaRWO186kGEG9PQ","http://www.youtube.com/@arjunasolis7756","It's called teleportation dysfunction; it's common at Goku's age, but it's nothing to be ashamed about.","20377","2024-06-19T17:48:41Z","2024-06-19T17:48:41Z","True","True","84","5","[{'autor': '@Blue6Phoenix', 'comentario': 'Lmao', 'likes': 414, 'publicado_em': '2024-07-29T17:27:16Z'}, {'autor': '@cpilfold420', 'comentario': 'Underrated 😂', 'likes': 351, 'publicado_em': '2024-08-15T04:32:00Z'}, {'autor': '@MexicanSuperman', 'comentario': ""Bro obviously you didn't watch this episode. He was having a problem controlling his energy after using SSB Kaioken in the Tournament been U6 and U7."", 'likes': 223, 'publicado_em': '2024-08-21T13:51:59Z'}, {'autor': '@Blue6Phoenix', 'comentario': ""@MexicanSuperman  it's an erectile dysfunction joke..."", 'likes': 13, 'publicado_em': '2024-08-21T19:46:42Z'}, {'autor': '@factsworld3466', 'comentario': ""\u200b@MexicanSuperman it's a joke"", 'likes': 609, 'publicado_em': '2024-08-22T01:44:12Z'}]","6ZbNz2TGer8","Goku Accidentally Visits Bulma😂 (dbs edit) #dbsedit #dbedit #dbsedits","2","Mais antigos"
"@mtinfinity7845","UCpb6DDl_K5P9bicj2KZqw3g","http://www.youtube.com/@mtinfinity7845","The way Vegeta yelled Kakarot, never heard him yell it like that and it was amazing 😂😂","18621","2024-07-23T04:53:26Z","2024-07-23T04:53:26Z","True","True","34","5","[{'autor': '@LM0N-B01', 'comentario': 'Like he was barely surprised, just annoyed', 'likes': 466, 'publicado_em': '2024-07-29T13:28:01Z'}, {'autor': '@sanyamjain2229', 'comentario': 'So true', 'likes': 65, 'publicado_em': '2024-08-01T21:45:22Z'}, {'autor': '@alwayyssgone', 'comentario': 'My bulmaaaaaa', 'likes': 79, 'publicado_em': '2024-08-19T17:36:48Z'}, {'autor': '@Mike476', 'comentario': 'Fr tho', 'likes': 20, 'publicado_em': '2024-08-19T21:33:14Z'}, {'autor': '@PerwitLal', 'comentario': 'He actually said it even louder when he said""trespass into the the domain of the gods and use that might to conquer jiren do it KAKAAAAAROOOOOTTTTTTTTTY', 'likes': 83, 'publicado_em': '2024-08-21T15:52:38Z'}]","6ZbNz2TGer8","Goku Accidentally Visits Bulma😂 (dbs edit) #dbsedit #dbedit #dbsedits","2","Mais antigos"
"@supersizesenpai","UCJDdHgxaPVP92Z8a4_y0EQA","http://www.youtube.com/@supersizesenpai","Bro popped in, roasted Bulma than peace'd out. 🤣🤣","4365","2024-07-31T15:19:07Z","2024-07-31T15:19:07Z","True","True","13","5","[{'autor': '@KikiQueen497', 'comentario': 'lol😂😂😂', 'likes': 30, 'publicado_em': '2024-09-06T01:27:53Z'}, {'autor': '@mambamentality3141', 'comentario': '😂', 'likes': 20, 'publicado_em': '2024-09-12T00:20:00Z'}, {'autor': '@ThinkingCrimson', 'comentario': 'Brutal Honesty Goku!', 'likes': 29, 'publicado_em': '2024-10-07T13:07:50Z'}, {'autor': '@LunaP1', 'comentario': 'This is the third time he roasted her in the franchise and it is far worse.🤣🤣🤣🤣🤣🤣🤣🤣🤣', 'likes': 26, 'publicado_em': '2024-10-14T21:45:30Z'}, {'autor': '@supersizesenpai', 'comentario': '@LunaP1 Yeah, its a funny running gag but what made this time particularly funny is the fact that he teleported into their home dunked on her than bounced. lmao', 'likes': 20, 'publicado_em': '2024-10-14T23:34:46Z'}]","6ZbNz2TGer8","Goku Accidentally Visits Bulma😂 (dbs edit) #dbsedit #dbedit #dbsedits","2","Mais antigos"
"@serpentinious7745","UCmQWFkFsixH3g3Y45ZbrQ0Q","http://www.youtube.com/@serpentinious7745","I love that, in a room with 2 sayens, Bulma is the one to choose violence first.","8161","2024-09-14T00:55:19Z","2024-09-14T00:55:19Z","True","True","49","5","[{'autor': '@blackfangex6813', 'comentario': 'i mean the first thing she did when she meet goku was pulling the Glock and shot him 4 times in the face... so is in character for her', 'likes': 709, 'publicado_em': '2024-10-16T03:29:09Z'}, {'autor': '@iamweird3919', 'comentario': ""There's a reason Vegita married her."", 'likes': 290, 'publicado_em': '2024-10-16T15:34:54Z'}, {'autor': '@rykosabia1780', 'comentario': 'Vegeta.... \u200b@iamweird3919', 'likes': 0, 'publicado_em': '2024-10-18T07:39:46Z'}, {'autor': '@massacremark6782', 'comentario': 'Notice how those blasters are in their bedroom, she may have set them to attack Goku, but what other ""functions"" do you think they have?', 'likes': 138, 'publicado_em': '2024-10-20T22:46:20Z'}, {'autor': '@KingSpriggan129', 'comentario': '\u200b@massacremark6782ayo vegeta having masochist desires 💀🙏', 'likes': 52, 'publicado_em': '2024-10-21T02:20:15Z'}]","6ZbNz2TGer8","Goku Accidentally Visits Bulma😂 (dbs edit) #dbsedit #dbedit #dbsedits","2","Mais antigos"
"@EVyoshifn","UCDyoWm4q-PqRI-5WP6vOVwQ","http://www.youtube.com/@EVyoshifn","“Yours are to saggy now” bro has been noticing😭😭😭","16260","2024-09-21T00:42:04Z","2024-09-21T00:42:04Z","True","True","59","5","[{'autor': '@premium7182', 'comentario': '😅', 'likes': 87, 'publicado_em': '2024-10-10T20:50:49Z'}, {'autor': '@Thebananaguy537', 'comentario': 'How does bro know tho', 'likes': 290, 'publicado_em': '2024-10-13T02:07:32Z'}, {'autor': '@alexk7880', 'comentario': 'No wonder bulma keeps using the dragon balls lol', 'likes': 516, 'publicado_em': '2024-10-13T06:15:16Z'}, {'autor': '@JakeB-Real', 'comentario': 'Oh shit that’s a good point', 'likes': 84, 'publicado_em': '2024-10-13T18:44:34Z'}, {'autor': '@BrendenJackson710', 'comentario': '\u200b@Thebananaguy537go watch og dragon ball no z', 'likes': 0, 'publicado_em': '2024-10-13T20:06:26Z'}]","6ZbNz2TGer8","Goku Accidentally Visits Bulma😂 (dbs edit) #dbsedit #dbedit #dbsedits","2","Mais antigos"
"@JustZeroHere","UCKtJ1Bn8I3-mgDqoaaAMysQ","http://www.youtube.com/@JustZeroHere","The way Vegeta says ""kakarot!"" Isn't even angry it just sounds like a elementary teacher being dissapointed in a kindergarten for doing something","3748","2024-10-11T16:32:55Z","2024-10-11T16:32:55Z","True","True","7","5","[{'autor': '@yogya593', 'comentario': 'He’s just confused and surprised as hell', 'likes': 78, 'publicado_em': '2024-11-13T10:55:03Z'}, {'autor': '@dazzlingdexter5060', 'comentario': 'He just like ""Wtf you doing here????', 'likes': 48, 'publicado_em': '2024-11-20T18:00:57Z'}, {'autor': '@pushyrummble', 'comentario': 'Sounds more surprised than anything', 'likes': 28, 'publicado_em': '2024-11-22T14:03:43Z'}, {'autor': '@makaramuss', 'comentario': '@pushyrummble his anger turned into shock, disbelief, annoyance as he trying to keep his remains of his anger alive because situation demands it\nthen his anger returns 10 times more with insult', 'likes': 10, 'publicado_em': '2024-12-15T12:19:32Z'}, {'autor': '@sheridanvance7426', 'comentario': '😭', 'likes': 0, 'publicado_em': '2024-12-19T07:06:52Z'}]","6ZbNz2TGer8","Goku Accidentally Visits Bulma😂 (dbs edit) #dbsedit #dbedit #dbsedits","2","Mais antigos"
"@UN9340","UC1vjau0wNR6i7vIoQ1bc_Zg","http://www.youtube.com/@UN9340","I just love how Vegeta casually chills around the house in full saiyan armor 😂😂","12762","2024-10-25T21:52:35Z","2024-10-25T21:52:35Z","True","True","84","5","[{'autor': '@bluestar5679', 'comentario': 'Never miss a day of working out in the old saiyan suit', 'likes': 842, 'publicado_em': '2024-10-28T07:55:30Z'}, {'autor': '@johnfuller2339', 'comentario': 'didnt even notice but totally true', 'likes': 202, 'publicado_em': '2024-10-29T00:31:50Z'}, {'autor': '@aheronamedtendo', 'comentario': 'Never know  yakno 😂😅', 'likes': 78, 'publicado_em': '2024-11-03T04:16:28Z'}, {'autor': '@Jourmand1r', 'comentario': 'He was wearing his armor. They needed protection', 'likes': 335, 'publicado_em': '2024-11-09T11:32:33Z'}, {'autor': '@thefactman4151', 'comentario': 'He need that protection for Bulma', 'likes': 85, 'publicado_em': '2024-11-10T13:59:27Z'}]","6ZbNz2TGer8","Goku Accidentally Visits Bulma😂 (dbs edit) #dbsedit #dbedit #dbsedits","2","Mais antigos"
"@dazzlingdexter5060","UCPmTDdSTTLQeAngA4ahdDlA","http://www.youtube.com/@dazzlingdexter5060","Fact Vegeta hears his Wife screams and comes rushing in. Vegeta such a good dad and husband.","1078","2024-11-20T17:54:41Z","2024-11-20T17:54:41Z","True","True","10","5","[{'autor': '@wtvtfthisis', 'comentario': 'Such a good dad? My guy knocked his kid out, abused his kid, and probably is not the best father, heck, he might be the worst dad in that timeline and you say he a good dad? 😭', 'likes': 28, 'publicado_em': '2025-01-11T20:17:49Z'}, {'autor': '@yandrielprieto4241', 'comentario': 'Probably the best dad in all of dragon ball is ox king or dr.briefs', 'likes': 22, 'publicado_em': '2025-02-08T21:32:21Z'}, {'autor': '@MrBank-hc1jg', 'comentario': ""Dude's just a simp."", 'likes': 5, 'publicado_em': '2025-02-17T12:07:47Z'}, {'autor': '@Bundalaba', 'comentario': 'Considering he probably had an evil spartan type Education he came a long way', 'likes': 19, 'publicado_em': '2025-02-18T23:06:17Z'}, {'autor': '@jasonmalin287', 'comentario': ""Haven't watched in awhile cool to see how the character and situations have grown 👏😎"", 'likes': 7, 'publicado_em': '2025-03-22T16:14:56Z'}]","6ZbNz2TGer8","Goku Accidentally Visits Bulma😂 (dbs edit) #dbsedit #dbedit #dbsedits","2","Mais antigos"
"@KR-tk8fe","UCgV_hWjyu3Ov434L6DL1y1g","http://www.youtube.com/@KR-tk8fe",">Appears in friends house
>Insults his wife in front of him
>refuses to elaborate
>leaves","6967","2025-02-25T22:36:27Z","2025-02-25T22:36:27Z","True","True","36","5","[{'autor': '@adams3560', 'comentario': '@CptLiamatProductionsThis was the most Goku moment.', 'likes': 75, 'publicado_em': '2025-05-15T10:00:50Z'}, {'autor': '@J4PMx', 'comentario': ""Goku was with bulma since childhood and when he said it's too saggy now left vegeta in confusion that it's not use to be saggy"", 'likes': 260, 'publicado_em': '2025-06-26T08:50:57Z'}, {'autor': '@sup3a', 'comentario': 'Lool I was looking for this comment', 'likes': 17, 'publicado_em': '2025-06-29T16:07:04Z'}, {'autor': '@HasbiksRightHand', 'comentario': 'Bulma was his friend first', 'likes': 59, 'publicado_em': '2025-07-01T19:54:33Z'}, {'autor': '@JoshuaDaniels-c2n', 'comentario': 'To saggy now😂😂😂❤❤ best kind', 'likes': 4, 'publicado_em': '2025-07-08T13:21:14Z'}]","6ZbNz2TGer8","Goku Accidentally Visits Bulma😂 (dbs edit) #dbsedit #dbedit #dbsedits","2","Mais antigos"
"@kaiyagellizeau1143","UC4LnHpsEqqkFxJAoy8KL2Qw","http://www.youtube.com/@kaiyagellizeau1143","I just love the fact that when he heard bulma screaming he came rushing to her, it is so cute❤","634","2025-03-03T02:14:12Z","2025-03-03T02:14:12Z","True","True","0","0","[]","6ZbNz2TGer8","Goku Accidentally Visits Bulma😂 (dbs edit) #dbsedit #dbedit #dbsedits","2","Mais antigos"
"@c0rrupt3dsidd","UCO2sWGSYQ15vCbWXieUSndQ","http://www.youtube.com/@c0rrupt3dsidd","Telling her her body was getting too old for even goku to look at is what started Bulma's Make-a-Wish cosmetics...","844","2025-04-27T12:49:16Z","2025-04-27T12:49:16Z","True","True","8","5","[{'autor': '@crypticlol', 'comentario': 'She was like that since dragon ball classic\nShe was legit planning to get the dragon balls just to get a hot boyfriend', 'likes': 48, 'publicado_em': '2025-07-11T20:10:12Z'}, {'autor': '@OverDriveEditX', 'comentario': '\u200b@crypticlol dragon 🐉  - balls 💀 you know if you know', 'likes': 5, 'publicado_em': '2025-10-15T06:29:34Z'}, {'autor': '@crypticlol', 'comentario': '\u200b@OverDriveEditX dayum', 'likes': 1, 'publicado_em': '2025-10-15T10:06:31Z'}, {'autor': '@OverDriveEditX', 'comentario': '\u200b@crypticlol😂 that dayum was too perfect 🔥', 'likes': 3, 'publicado_em': '2025-10-15T10:41:07Z'}, {'autor': '@WarBirdGhost', 'comentario': 'Goku definitely knows how old she really is.', 'likes': 3, 'publicado_em': '2025-11-16T16:43:24Z'}]","6ZbNz2TGer8","Goku Accidentally Visits Bulma😂 (dbs edit) #dbsedit #dbedit #dbsedits","2","Mais antigos"
"@khang.ngtr487","UCF0bFz1YoYwjCVw33EX2N1w","http://www.youtube.com/@khang.ngtr487","Vegeta was too calm in this 😂","821","2025-05-19T15:55:37Z","2025-05-19T15:55:37Z","True","True","9","5","[{'autor': '@amiincontrol2924', 'comentario': ""He's come a long way indeed"", 'likes': 40, 'publicado_em': '2025-07-06T12:03:58Z'}, {'autor': '@vegapreferred9344', 'comentario': 'It cuz he know Goku and bulma go way back. So it’s a bro sister kind of thing. Like when Goku laughed at bulma having a kid when he first met future trunks', 'likes': 59, 'publicado_em': '2025-09-03T06:09:27Z'}, {'autor': '@TeppicTheAbysswalker', 'comentario': ""I'd say it's because, secretly, Vegeta is scared of making Bulma angry, on the account of how pain in the ass she can be when she feels vindictive. I'd say he never insulted her in his life :D"", 'likes': 4, 'publicado_em': '2025-09-24T12:48:36Z'}, {'autor': '@guilhermecastro292', 'comentario': ""\u200b@vegapreferred9344actually he is very jealous about yamucha \n\nFact is actually he's not jealous about Goku and her. Maybe even a sayan thing who knows. But actually it looks like it's a man thing and he's totally fine about Goku and not jelly at all"", 'likes': 6, 'publicado_em': '2025-09-28T21:29:21Z'}, {'autor': '@guilhermecastro292', 'comentario': ""\u200b@TeppicTheAbysswalkerthat's because you didn't watch the full sagas 😂😂😂😂😂"", 'likes': 1, 'publicado_em': '2025-09-28T21:30:10Z'}]","6ZbNz2TGer8","Goku Accidentally Visits Bulma😂 (dbs edit) #dbsedit #dbedit #dbsedits","2","Mais antigos"
"@JavhereReid","UCvxJ8TqfoMh_7KnYFUKV3Ow","http://www.youtube.com/@JavhereReid","Bulma must’ve have forgotten that shit don’t work against goku, vegeta etc","182","2025-06-03T21:22:44Z","2025-06-03T21:22:44Z","True","True","5","5","[{'autor': '@Lilya191', 'comentario': 'Fr tho', 'likes': 4, 'publicado_em': '2025-06-08T18:11:26Z'}, {'autor': '@nobodyspecial115', 'comentario': 'I mean that\'s how they met 😂 she shoot him and it only hurt him a little bit. Then he proceeded to walk in on her taking a bath and later ""investigating"" while she didn\'t have a penis 😂😂😂', 'likes': 0, 'publicado_em': '2025-06-22T17:11:54Z'}, {'autor': '@SpectreRyder', 'comentario': ""Living with Vegeta I'm sure she modified them to work against sayians."", 'likes': 13, 'publicado_em': '2025-09-22T02:44:33Z'}, {'autor': '@ShadowlordDio', 'comentario': 'Remember they movie', 'likes': 0, 'publicado_em': '2025-10-17T15:34:27Z'}, {'autor': '@احمدمحمد-غ1ز4ش', 'comentario': 'What is the name of the song used in the video?', 'likes': 0, 'publicado_em': '2025-11-03T17:34:17Z'}]","6ZbNz2TGer8","Goku Accidentally Visits Bulma😂 (dbs edit) #dbsedit #dbedit #dbsedits","2","Mais antigos"
"@Blaze78x","UC9-7K5th4dxs0GtLJrYpyKQ","http://www.youtube.com/@Blaze78x","Bulma was and is Goku's oldest friend Vegeta has nothing to worry about Goku is FAR too simple to understand lust or whatever, honestly it's a miracle Goku even has kids tbh... pretty sure Chi-Chi did all the work...","104","2025-08-16T21:11:52Z","2025-08-16T21:11:52Z","True","True","2","2","[{'autor': '@Mtn_Fooze', 'comentario': 'Ain\'t there a scene where Vageta and Goku talk about that exactly? Or am I thinking of, like, a fan made clip? Istfg there\'s a DB scene where Vageta yells at Goku, ""BUT YOU HAVE TWO KIDS!""', 'likes': 4, 'publicado_em': '2025-12-06T07:59:24Z'}, {'autor': '@wiccabessa', 'comentario': '\u200b@Mtn_Foozeyeah there is and is hilarious 😂😂', 'likes': 0, 'publicado_em': '2025-12-06T13:13:01Z'}]","6ZbNz2TGer8","Goku Accidentally Visits Bulma😂 (dbs edit) #dbsedit #dbedit #dbsedits","2","Mais antigos"
"@draconuuse9731","UC3ehp5axY0u6sL7LLHML22A","http://www.youtube.com/@draconuuse9731","Goku dissing bulma like that is one of the greatest character continuity aspects with the original dragon ball.","54890","2024-06-10T12:14:10Z","2024-06-10T12:14:10Z","True","True","142","5","[{'autor': '@poQuest2000', 'comentario': ""Oh yah! 😂😂 I forgot. Honestly he was way more savage then. He's cooled down 😂"", 'likes': 1958, 'publicado_em': '2024-06-11T14:39:42Z'}, {'autor': '@bruceygaming', 'comentario': ""Oh yh the whole 'why would I wanna see your dirty fanny' was brilliant"", 'likes': 1766, 'publicado_em': '2024-06-12T23:16:41Z'}, {'autor': '@Canas94', 'comentario': 'At the end of Z he still calls her out for looking old.', 'likes': 834, 'publicado_em': '2024-06-13T19:26:22Z'}, {'autor': '@ElsocraTV', 'comentario': 'I l9ve dragon ball he went harder then lol', 'likes': 195, 'publicado_em': '2024-06-13T22:27:46Z'}, {'autor': '@algladyou', 'comentario': 'Hahaha! The sarcasm of kid Goku. 😅', 'likes': 178, 'publicado_em': '2024-06-14T19:27:21Z'}]","6ZbNz2TGer8","Goku Accidentally Visits Bulma😂 (dbs edit) #dbsedit #dbedit #dbsedits","3","Mais curtidos"
"@arjunasolis7756","UCoBzgK-ieaRWO186kGEG9PQ","http://www.youtube.com/@arjunasolis7756","It's called teleportation dysfunction; it's common at Goku's age, but it's nothing to be ashamed about.","20377","2024-06-19T17:48:41Z","2024-06-19T17:48:41Z","True","True","84","5","[{'autor': '@Blue6Phoenix', 'comentario': 'Lmao', 'likes': 414, 'publicado_em': '2024-07-29T17:27:16Z'}, {'autor': '@cpilfold420', 'comentario': 'Underrated 😂', 'likes': 351, 'publicado_em': '2024-08-15T04:32:00Z'}, {'autor': '@MexicanSuperman', 'comentario': ""Bro obviously you didn't watch this episode. He was having a problem controlling his energy after using SSB Kaioken in the Tournament been U6 and U7."", 'likes': 223, 'publicado_em': '2024-08-21T13:51:59Z'}, {'autor': '@Blue6Phoenix', 'comentario': ""@MexicanSuperman  it's an erectile dysfunction joke..."", 'likes': 13, 'publicado_em': '2024-08-21T19:46:42Z'}, {'autor': '@factsworld3466', 'comentario': ""\u200b@MexicanSuperman it's a joke"", 'likes': 609, 'publicado_em': '2024-08-22T01:44:12Z'}]","6ZbNz2TGer8","Goku Accidentally Visits Bulma😂 (dbs edit) #dbsedit #dbedit #dbsedits","3","Mais curtidos"
"@mtinfinity7845","UCpb6DDl_K5P9bicj2KZqw3g","http://www.youtube.com/@mtinfinity7845","The way Vegeta yelled Kakarot, never heard him yell it like that and it was amazing 😂😂","18621","2024-07-23T04:53:26Z","2024-07-23T04:53:26Z","True","True","34","5","[{'autor': '@LM0N-B01', 'comentario': 'Like he was barely surprised, just annoyed', 'likes': 466, 'publicado_em': '2024-07-29T13:28:01Z'}, {'autor': '@sanyamjain2229', 'comentario': 'So true', 'likes': 65, 'publicado_em': '2024-08-01T21:45:22Z'}, {'autor': '@alwayyssgone', 'comentario': 'My bulmaaaaaa', 'likes': 79, 'publicado_em': '2024-08-19T17:36:48Z'}, {'autor': '@Mike476', 'comentario': 'Fr tho', 'likes': 20, 'publicado_em': '2024-08-19T21:33:14Z'}, {'autor': '@PerwitLal', 'comentario': 'He actually said it even louder when he said""trespass into the the domain of the gods and use that might to conquer jiren do it KAKAAAAAROOOOOTTTTTTTTTY', 'likes': 83, 'publicado_em': '2024-08-21T15:52:38Z'}]","6ZbNz2TGer8","Goku Accidentally Visits Bulma😂 (dbs edit) #dbsedit #dbedit #dbsedits","3","Mais curtidos"
"@EVyoshifn","UCDyoWm4q-PqRI-5WP6vOVwQ","http://www.youtube.com/@EVyoshifn","“Yours are to saggy now” bro has been noticing😭😭😭","16260","2024-09-21T00:42:04Z","2024-09-21T00:42:04Z","True","True","59","5","[{'autor': '@premium7182', 'comentario': '😅', 'likes': 87, 'publicado_em': '2024-10-10T20:50:49Z'}, {'autor': '@Thebananaguy537', 'comentario': 'How does bro know tho', 'likes': 290, 'publicado_em': '2024-10-13T02:07:32Z'}, {'autor': '@alexk7880', 'comentario': 'No wonder bulma keeps using the dragon balls lol', 'likes': 516, 'publicado_em': '2024-10-13T06:15:16Z'}, {'autor': '@JakeB-Real', 'comentario': 'Oh shit that’s a good point', 'likes': 84, 'publicado_em': '2024-10-13T18:44:34Z'}, {'autor': '@BrendenJackson710', 'comentario': '\u200b@Thebananaguy537go watch og dragon ball no z', 'likes': 0, 'publicado_em': '2024-10-13T20:06:26Z'}]","6ZbNz2TGer8","Goku Accidentally Visits Bulma😂 (dbs edit) #dbsedit #dbedit #dbsedits","3","Mais curtidos"
"@UN9340","UC1vjau0wNR6i7vIoQ1bc_Zg","http://www.youtube.com/@UN9340","I just love how Vegeta casually chills around the house in full saiyan armor 😂😂","12762","2024-10-25T21:52:35Z","2024-10-25T21:52:35Z","True","True","84","5","[{'autor': '@bluestar5679', 'comentario': 'Never miss a day of working out in the old saiyan suit', 'likes': 842, 'publicado_em': '2024-10-28T07:55:30Z'}, {'autor': '@johnfuller2339', 'comentario': 'didnt even notice but totally true', 'likes': 202, 'publicado_em': '2024-10-29T00:31:50Z'}, {'autor': '@aheronamedtendo', 'comentario': 'Never know  yakno 😂😅', 'likes': 78, 'publicado_em': '2024-11-03T04:16:28Z'}, {'autor': '@Jourmand1r', 'comentario': 'He was wearing his armor. They needed protection', 'likes': 335, 'publicado_em': '2024-11-09T11:32:33Z'}, {'autor': '@thefactman4151', 'comentario': 'He need that protection for Bulma', 'likes': 85, 'publicado_em': '2024-11-10T13:59:27Z'}]","6ZbNz2TGer8","Goku Accidentally Visits Bulma😂 (dbs edit) #dbsedit #dbedit #dbsedits","3","Mais curtidos"
"@ali_Xnm.2","UC0By1Efnei0Mhng0YVz8dkw","http://www.youtube.com/@ali_Xnm.2","Vegeta was flabbergasted,bamboozled, shocked,shoocketh,dumbfounded,speechless and most importantly discombobulated","11414","2024-06-16T17:03:56Z","2024-06-16T17:03:56Z","True","True","71","5","[{'autor': '@Overlord_4900', 'comentario': '😂😂😂😂😂😂', 'likes': 87, 'publicado_em': '2024-06-20T14:46:36Z'}, {'autor': '@TraphouseTCG', 'comentario': 'Man said shoocketh’ed 😂😂😂', 'likes': 166, 'publicado_em': '2024-06-26T09:09:31Z'}, {'autor': '@ViperPain141', 'comentario': 'My mans was kerfuckled', 'likes': 0, 'publicado_em': '2024-06-29T15:43:56Z'}, {'autor': '@devintimmerman886', 'comentario': 'but is he smeckledorthed?', 'likes': 163, 'publicado_em': '2024-06-30T16:31:50Z'}, {'autor': '@ThuggNasty72', 'comentario': 'He was also befuddled', 'likes': 83, 'publicado_em': '2024-06-30T16:49:58Z'}]","6ZbNz2TGer8","Goku Accidentally Visits Bulma😂 (dbs edit) #dbsedit #dbedit #dbsedits","3","Mais curtidos"
"@y_ssr33","UClvDcc4kyFACkhJQdomJ_jw","http://www.youtube.com/@y_ssr33","His confidence to say that is next level😭","11336","2024-06-10T11:19:29Z","2024-06-10T11:19:29Z","True","True","47","5","[{'autor': '@thefallenuchiha.4940', 'comentario': 'I mean, there’s only one person that could’ve checked him at that point.', 'likes': 200, 'publicado_em': '2024-06-10T15:09:48Z'}, {'autor': '@aervaealtonelty9850', 'comentario': '@thefallenuchiha.4940 Yep, once Vegeta says ""My Bulmaaaaa"" everybody gets ran.', 'likes': 155, 'publicado_em': '2024-06-10T21:09:39Z'}, {'autor': '@CZOTHAM', 'comentario': 'HE HAS 86 IQ BRAH', 'likes': 47, 'publicado_em': '2024-06-11T01:57:12Z'}, {'autor': '@strelizia39', 'comentario': '""i didnt come here to see your boobies, yours are too saggy now"" like bro is a fucking menace, i bet you thats why she be wishing shenron to fix her body and shit LMAO', 'likes': 0, 'publicado_em': '2024-06-11T11:15:45Z'}, {'autor': '@SMP2390', 'comentario': 'Not confidence ignorance', 'likes': 49, 'publicado_em': '2024-06-12T15:33:23Z'}]","6ZbNz2TGer8","Goku Accidentally Visits Bulma😂 (dbs edit) #dbsedit #dbedit #dbsedits","3","Mais curtidos"
"@serpentinious7745","UCmQWFkFsixH3g3Y45ZbrQ0Q","http://www.youtube.com/@serpentinious7745","I love that, in a room with 2 sayens, Bulma is the one to choose violence first.","8161","2024-09-14T00:55:19Z","2024-09-14T00:55:19Z","True","True","49","5","[{'autor': '@blackfangex6813', 'comentario': 'i mean the first thing she did when she meet goku was pulling the Glock and shot him 4 times in the face... so is in character for her', 'likes': 709, 'publicado_em': '2024-10-16T03:29:09Z'}, {'autor': '@iamweird3919', 'comentario': ""There's a reason Vegita married her."", 'likes': 290, 'publicado_em': '2024-10-16T15:34:54Z'}, {'autor': '@rykosabia1780', 'comentario': 'Vegeta.... \u200b@iamweird3919', 'likes': 0, 'publicado_em': '2024-10-18T07:39:46Z'}, {'autor': '@massacremark6782', 'comentario': 'Notice how those blasters are in their bedroom, she may have set them to attack Goku, but what other ""functions"" do you think they have?', 'likes': 138, 'publicado_em': '2024-10-20T22:46:20Z'}, {'autor': '@KingSpriggan129', 'comentario': '\u200b@massacremark6782ayo vegeta having masochist desires 💀🙏', 'likes': 52, 'publicado_em': '2024-10-21T02:20:15Z'}]","6ZbNz2TGer8","Goku Accidentally Visits Bulma😂 (dbs edit) #dbsedit #dbedit #dbsedits","3","Mais curtidos"
"@KR-tk8fe","UCgV_hWjyu3Ov434L6DL1y1g","http://www.youtube.com/@KR-tk8fe",">Appears in friends house
>Insults his wife in front of him
>refuses to elaborate
>leaves","6967","2025-02-25T22:36:27Z","2025-02-25T22:36:27Z","True","True","36","5","[{'autor': '@adams3560', 'comentario': '@CptLiamatProductionsThis was the most Goku moment.', 'likes': 75, 'publicado_em': '2025-05-15T10:00:50Z'}, {'autor': '@J4PMx', 'comentario': ""Goku was with bulma since childhood and when he said it's too saggy now left vegeta in confusion that it's not use to be saggy"", 'likes': 260, 'publicado_em': '2025-06-26T08:50:57Z'}, {'autor': '@sup3a', 'comentario': 'Lool I was looking for this comment', 'likes': 17, 'publicado_em': '2025-06-29T16:07:04Z'}, {'autor': '@HasbiksRightHand', 'comentario': 'Bulma was his friend first', 'likes': 59, 'publicado_em': '2025-07-01T19:54:33Z'}, {'autor': '@JoshuaDaniels-c2n', 'comentario': 'To saggy now😂😂😂❤❤ best kind', 'likes': 4, 'publicado_em': '2025-07-08T13:21:14Z'}]","6ZbNz2TGer8","Goku Accidentally Visits Bulma😂 (dbs edit) #dbsedit #dbedit #dbsedits","3","Mais curtidos"
"@arikiAnime","UCqcOzx6P_BuF4oyvZsaPunw","http://www.youtube.com/@arikiAnime","Join the Dragonball discord! http://discord.gg/arikislookout (link in bio)","4419","2024-06-10T11:09:14Z","2024-06-10T11:09:14Z","True","True","73","5","[{'autor': '@YourBoyyyRaven', 'comentario': 'Song name?', 'likes': 17, 'publicado_em': '2024-06-10T23:16:41Z'}, {'autor': '@donaldthompson6968', 'comentario': '😂😂😂', 'likes': 11, 'publicado_em': '2024-06-17T15:50:27Z'}, {'autor': '@kurenai-gf7rj', 'comentario': ""\u200b@YourBoyyyRavenI believe it's by Hensonn, and called Sahara.This is also probably the Slowed and Reverb version\nI hope that helps!"", 'likes': 8, 'publicado_em': '2024-06-18T21:37:54Z'}, {'autor': '@MlakSry', 'comentario': 'عربي \n\u200b@kurenai-gf7rj', 'likes': 0, 'publicado_em': '2024-06-26T16:08:55Z'}, {'autor': '@MeredithDinarte', 'comentario': '😂😂😂😂😂😂😂😂😂😂😂😂😂😂😮😮😮😮😮😮😂😂😂😂', 'likes': 0, 'publicado_em': '2024-06-29T16:27:12Z'}]","6ZbNz2TGer8","Goku Accidentally Visits Bulma😂 (dbs edit) #dbsedit #dbedit #dbsedits","3","Mais curtidos"
"@supersizesenpai","UCJDdHgxaPVP92Z8a4_y0EQA","http://www.youtube.com/@supersizesenpai","Bro popped in, roasted Bulma than peace'd out. 🤣🤣","4365","2024-07-31T15:19:07Z","2024-07-31T15:19:07Z","True","True","13","5","[{'autor': '@KikiQueen497', 'comentario': 'lol😂😂😂', 'likes': 30, 'publicado_em': '2024-09-06T01:27:53Z'}, {'autor': '@mambamentality3141', 'comentario': '😂', 'likes': 20, 'publicado_em': '2024-09-12T00:20:00Z'}, {'autor': '@ThinkingCrimson', 'comentario': 'Brutal Honesty Goku!', 'likes': 29, 'publicado_em': '2024-10-07T13:07:50Z'}, {'autor': '@LunaP1', 'comentario': 'This is the third time he roasted her in the franchise and it is far worse.🤣🤣🤣🤣🤣🤣🤣🤣🤣', 'likes': 26, 'publicado_em': '2024-10-14T21:45:30Z'}, {'autor': '@supersizesenpai', 'comentario': '@LunaP1 Yeah, its a funny running gag but what made this time particularly funny is the fact that he teleported into their home dunked on her than bounced. lmao', 'likes': 20, 'publicado_em': '2024-10-14T23:34:46Z'}]","6ZbNz2TGer8","Goku Accidentally Visits Bulma😂 (dbs edit) #dbsedit #dbedit #dbsedits","3","Mais curtidos"
"@ThePenny22","UC7gYju1fnbsaXsik9ggzVzA","http://www.youtube.com/@ThePenny22","Imagine if Goku teleported a couple minutes later in this scene 💀","3912","2024-06-10T11:50:37Z","2024-06-10T18:10:14Z","True","True","44","5","[{'autor': '@N54.S6', 'comentario': 'Sceen?', 'likes': 27, 'publicado_em': '2024-06-10T18:03:59Z'}, {'autor': '@luckylokk3478', 'comentario': 'Pervy 😏', 'likes': 69, 'publicado_em': '2024-06-11T01:07:59Z'}, {'autor': '@Retrokid1998', 'comentario': '😮☠️☠️☠️☠️☠️☠️☠️☠️☠️☠️☠️', 'likes': 17, 'publicado_em': '2024-06-11T02:12:42Z'}, {'autor': '@Arkansas_John', 'comentario': '💀🔥🤫', 'likes': 10, 'publicado_em': '2024-06-11T05:04:47Z'}, {'autor': '@InsaneBritishColombian', 'comentario': 'GA GA GALIC GUN FIIIIIIRRRRRREEEEEE', 'likes': 99, 'publicado_em': '2024-06-11T08:36:23Z'}]","6ZbNz2TGer8","Goku Accidentally Visits Bulma😂 (dbs edit) #dbsedit #dbedit #dbsedits","3","Mais curtidos"
"@JustZeroHere","UCKtJ1Bn8I3-mgDqoaaAMysQ","http://www.youtube.com/@JustZeroHere","The way Vegeta says ""kakarot!"" Isn't even angry it just sounds like a elementary teacher being dissapointed in a kindergarten for doing something","3748","2024-10-11T16:32:55Z","2024-10-11T16:32:55Z","True","True","7","5","[{'autor': '@yogya593', 'comentario': 'He’s just confused and surprised as hell', 'likes': 78, 'publicado_em': '2024-11-13T10:55:03Z'}, {'autor': '@dazzlingdexter5060', 'comentario': 'He just like ""Wtf you doing here????', 'likes': 48, 'publicado_em': '2024-11-20T18:00:57Z'}, {'autor': '@pushyrummble', 'comentario': 'Sounds more surprised than anything', 'likes': 28, 'publicado_em': '2024-11-22T14:03:43Z'}, {'autor': '@makaramuss', 'comentario': '@pushyrummble his anger turned into shock, disbelief, annoyance as he trying to keep his remains of his anger alive because situation demands it\nthen his anger returns 10 times more with insult', 'likes': 10, 'publicado_em': '2024-12-15T12:19:32Z'}, {'autor': '@sheridanvance7426', 'comentario': '😭', 'likes': 0, 'publicado_em': '2024-12-19T07:06:52Z'}]","6ZbNz2TGer8","Goku Accidentally Visits Bulma😂 (dbs edit) #dbsedit #dbedit #dbsedits","3","Mais curtidos"
"@Lia.dennis17","UCldccbVUxUtg8oQbNSA8urA","http://www.youtube.com/@Lia.dennis17","I love how Vegeta runs to her to make sure shes ok though 🥺","3736","2024-06-10T21:54:40Z","2024-06-10T21:54:40Z","True","True","28","5","[{'autor': '@ronaldomontero3624', 'comentario': 'No', 'likes': 15, 'publicado_em': '2024-06-10T23:16:13Z'}, {'autor': '@lindakennedy7989', 'comentario': 'What was he so posed to do', 'likes': 44, 'publicado_em': '2024-06-15T13:34:59Z'}, {'autor': '@sirhcsnomde2002', 'comentario': ""He's a protector at heart has been sense they got married. Why he is in his armor at home I don't know but heh"", 'likes': 220, 'publicado_em': '2024-06-16T13:30:30Z'}, {'autor': '@epicnarrator4404', 'comentario': '@sirhcsnomde2002 Vegeta always practice in the capsule Corp wearing those armor, maybe he is on his way to training and he heard Bulma scream', 'likes': 126, 'publicado_em': '2024-06-16T15:45:18Z'}, {'autor': '@KenTVtw', 'comentario': 'vegeta: imma beat the crap out of who ever messes with bulma\nsees goku\nvegeta: ok', 'likes': 75, 'publicado_em': '2024-06-17T08:35:36Z'}]","6ZbNz2TGer8","Goku Accidentally Visits Bulma😂 (dbs edit) #dbsedit #dbedit #dbsedits","3","Mais curtidos"
"@dazzlingdexter5060","UCPmTDdSTTLQeAngA4ahdDlA","http://www.youtube.com/@dazzlingdexter5060","Fact Vegeta hears his Wife screams and comes rushing in. Vegeta such a good dad and husband.","1078","2024-11-20T17:54:41Z","2024-11-20T17:54:41Z","True","True","10","5","[{'autor': '@wtvtfthisis', 'comentario': 'Such a good dad? My guy knocked his kid out, abused his kid, and probably is not the best father, heck, he might be the worst dad in that timeline and you say he a good dad? 😭', 'likes': 28, 'publicado_em': '2025-01-11T20:17:49Z'}, {'autor': '@yandrielprieto4241', 'comentario': 'Probably the best dad in all of dragon ball is ox king or dr.briefs', 'likes': 22, 'publicado_em': '2025-02-08T21:32:21Z'}, {'autor': '@MrBank-hc1jg', 'comentario': ""Dude's just a simp."", 'likes': 5, 'publicado_em': '2025-02-17T12:07:47Z'}, {'autor': '@Bundalaba', 'comentario': 'Considering he probably had an evil spartan type Education he came a long way', 'likes': 19, 'publicado_em': '2025-02-18T23:06:17Z'}, {'autor': '@jasonmalin287', 'comentario': ""Haven't watched in awhile cool to see how the character and situations have grown 👏😎"", 'likes': 7, 'publicado_em': '2025-03-22T16:14:56Z'}]","6ZbNz2TGer8","Goku Accidentally Visits Bulma😂 (dbs edit) #dbsedit #dbedit #dbsedits","3","Mais curtidos"
"@c0rrupt3dsidd","UCO2sWGSYQ15vCbWXieUSndQ","http://www.youtube.com/@c0rrupt3dsidd","Telling her her body was getting too old for even goku to look at is what started Bulma's Make-a-Wish cosmetics...","844","2025-04-27T12:49:16Z","2025-04-27T12:49:16Z","True","True","8","5","[{'autor': '@crypticlol', 'comentario': 'She was like that since dragon ball classic\nShe was legit planning to get the dragon balls just to get a hot boyfriend', 'likes': 48, 'publicado_em': '2025-07-11T20:10:12Z'}, {'autor': '@OverDriveEditX', 'comentario': '\u200b@crypticlol dragon 🐉  - balls 💀 you know if you know', 'likes': 5, 'publicado_em': '2025-10-15T06:29:34Z'}, {'autor': '@crypticlol', 'comentario': '\u200b@OverDriveEditX dayum', 'likes': 1, 'publicado_em': '2025-10-15T10:06:31Z'}, {'autor': '@OverDriveEditX', 'comentario': '\u200b@crypticlol😂 that dayum was too perfect 🔥', 'likes': 3, 'publicado_em': '2025-10-15T10:41:07Z'}, {'autor': '@WarBirdGhost', 'comentario': 'Goku definitely knows how old she really is.', 'likes': 3, 'publicado_em': '2025-11-16T16:43:24Z'}]","6ZbNz2TGer8","Goku Accidentally Visits Bulma😂 (dbs edit) #dbsedit #dbedit #dbsedits","3","Mais curtidos"
"@khang.ngtr487","UCF0bFz1YoYwjCVw33EX2N1w","http://www.youtube.com/@khang.ngtr487","Vegeta was too calm in this 😂","821","2025-05-19T15:55:37Z","2025-05-19T15:55:37Z","True","True","9","5","[{'autor': '@amiincontrol2924', 'comentario': ""He's come a long way indeed"", 'likes': 40, 'publicado_em': '2025-07-06T12:03:58Z'}, {'autor': '@vegapreferred9344', 'comentario': 'It cuz he know Goku and bulma go way back. So it’s a bro sister kind of thing. Like when Goku laughed at bulma having a kid when he first met future trunks', 'likes': 59, 'publicado_em': '2025-09-03T06:09:27Z'}, {'autor': '@TeppicTheAbysswalker', 'comentario': ""I'd say it's because, secretly, Vegeta is scared of making Bulma angry, on the account of how pain in the ass she can be when she feels vindictive. I'd say he never insulted her in his life :D"", 'likes': 4, 'publicado_em': '2025-09-24T12:48:36Z'}, {'autor': '@guilhermecastro292', 'comentario': ""\u200b@vegapreferred9344actually he is very jealous about yamucha \n\nFact is actually he's not jealous about Goku and her. Maybe even a sayan thing who knows. But actually it looks like it's a man thing and he's totally fine about Goku and not jelly at all"", 'likes': 6, 'publicado_em': '2025-09-28T21:29:21Z'}, {'autor': '@guilhermecastro292', 'comentario': ""\u200b@TeppicTheAbysswalkerthat's because you didn't watch the full sagas 😂😂😂😂😂"", 'likes': 1, 'publicado_em': '2025-09-28T21:30:10Z'}]","6ZbNz2TGer8","Goku Accidentally Visits Bulma😂 (dbs edit) #dbsedit #dbedit #dbsedits","3","Mais curtidos"
"@kaiyagellizeau1143","UC4LnHpsEqqkFxJAoy8KL2Qw","http://www.youtube.com/@kaiyagellizeau1143","I just love the fact that when he heard bulma screaming he came rushing to her, it is so cute❤","634","2025-03-03T02:14:12Z","2025-03-03T02:14:12Z","True","True","0","0","[]","6ZbNz2TGer8","Goku Accidentally Visits Bulma😂 (dbs edit) #dbsedit #dbedit #dbsedits","3","Mais curtidos"
"@JavhereReid","UCvxJ8TqfoMh_7KnYFUKV3Ow","http://www.youtube.com/@JavhereReid","Bulma must’ve have forgotten that shit don’t work against goku, vegeta etc","182","2025-06-03T21:22:44Z","2025-06-03T21:22:44Z","True","True","5","5","[{'autor': '@Lilya191', 'comentario': 'Fr tho', 'likes': 4, 'publicado_em': '2025-06-08T18:11:26Z'}, {'autor': '@nobodyspecial115', 'comentario': 'I mean that\'s how they met 😂 she shoot him and it only hurt him a little bit. Then he proceeded to walk in on her taking a bath and later ""investigating"" while she didn\'t have a penis 😂😂😂', 'likes': 0, 'publicado_em': '2025-06-22T17:11:54Z'}, {'autor': '@SpectreRyder', 'comentario': ""Living with Vegeta I'm sure she modified them to work against sayians."", 'likes': 13, 'publicado_em': '2025-09-22T02:44:33Z'}, {'autor': '@ShadowlordDio', 'comentario': 'Remember they movie', 'likes': 0, 'publicado_em': '2025-10-17T15:34:27Z'}, {'autor': '@احمدمحمد-غ1ز4ش', 'comentario': 'What is the name of the song used in the video?', 'likes': 0, 'publicado_em': '2025-11-03T17:34:17Z'}]","6ZbNz2TGer8","Goku Accidentally Visits Bulma😂 (dbs edit) #dbsedit #dbedit #dbsedits","3","Mais curtidos"
"@Blaze78x","UC9-7K5th4dxs0GtLJrYpyKQ","http://www.youtube.com/@Blaze78x","Bulma was and is Goku's oldest friend Vegeta has nothing to worry about Goku is FAR too simple to understand lust or whatever, honestly it's a miracle Goku even has kids tbh... pretty sure Chi-Chi did all the work...","104","2025-08-16T21:11:52Z","2025-08-16T21:11:52Z","True","True","2","2","[{'autor': '@Mtn_Fooze', 'comentario': 'Ain\'t there a scene where Vageta and Goku talk about that exactly? Or am I thinking of, like, a fan made clip? Istfg there\'s a DB scene where Vageta yells at Goku, ""BUT YOU HAVE TWO KIDS!""', 'likes': 4, 'publicado_em': '2025-12-06T07:59:24Z'}, {'autor': '@wiccabessa', 'comentario': '\u200b@Mtn_Foozeyeah there is and is hilarious 😂😂', 'likes': 0, 'publicado_em': '2025-12-06T13:13:01Z'}]","6ZbNz2TGer8","Goku Accidentally Visits Bulma😂 (dbs edit) #dbsedit #dbedit #dbsedits","3","Mais curtidos"
"@Blaze78x","UC9-7K5th4dxs0GtLJrYpyKQ","http://www.youtube.com/@Blaze78x","Bulma was and is Goku's oldest friend Vegeta has nothing to worry about Goku is FAR too simple to understand lust or whatever, honestly it's a miracle Goku even has kids tbh... pretty sure Chi-Chi did all the work...","104","2025-08-16T21:11:52Z","2025-08-16T21:11:52Z","True","True","2","2","[{'autor': '@Mtn_Fooze', 'comentario': 'Ain\'t there a scene where Vageta and Goku talk about that exactly? Or am I thinking of, like, a fan made clip? Istfg there\'s a DB scene where Vageta yells at Goku, ""BUT YOU HAVE TWO KIDS!""', 'likes': 4, 'publicado_em': '2025-12-06T07:59:24Z'}, {'autor': '@wiccabessa', 'comentario': '\u200b@Mtn_Foozeyeah there is and is hilarious 😂😂', 'likes': 0, 'publicado_em': '2025-12-06T13:13:01Z'}]","6ZbNz2TGer8","Goku Accidentally Visits Bulma😂 (dbs edit) #dbsedit #dbedit #dbsedits","4","Mais longos"
"@JustZeroHere","UCKtJ1Bn8I3-mgDqoaaAMysQ","http://www.youtube.com/@JustZeroHere","The way Vegeta says ""kakarot!"" Isn't even angry it just sounds like a elementary teacher being dissapointed in a kindergarten for doing something","3748","2024-10-11T16:32:55Z","2024-10-11T16:32:55Z","True","True","7","5","[{'autor': '@yogya593', 'comentario': 'He’s just confused and surprised as hell', 'likes': 78, 'publicado_em': '2024-11-13T10:55:03Z'}, {'autor': '@dazzlingdexter5060', 'comentario': 'He just like ""Wtf you doing here????', 'likes': 48, 'publicado_em': '2024-11-20T18:00:57Z'}, {'autor': '@pushyrummble', 'comentario': 'Sounds more surprised than anything', 'likes': 28, 'publicado_em': '2024-11-22T14:03:43Z'}, {'autor': '@makaramuss', 'comentario': '@pushyrummble his anger turned into shock, disbelief, annoyance as he trying to keep his remains of his anger alive because situation demands it\nthen his anger returns 10 times more with insult', 'likes': 10, 'publicado_em': '2024-12-15T12:19:32Z'}, {'autor': '@sheridanvance7426', 'comentario': '😭', 'likes': 0, 'publicado_em': '2024-12-19T07:06:52Z'}]","6ZbNz2TGer8","Goku Accidentally Visits Bulma😂 (dbs edit) #dbsedit #dbedit #dbsedits","4","Mais longos"
"@ali_Xnm.2","UC0By1Efnei0Mhng0YVz8dkw","http://www.youtube.com/@ali_Xnm.2","Vegeta was flabbergasted,bamboozled, shocked,shoocketh,dumbfounded,speechless and most importantly discombobulated","11414","2024-06-16T17:03:56Z","2024-06-16T17:03:56Z","True","True","71","5","[{'autor': '@Overlord_4900', 'comentario': '😂😂😂😂😂😂', 'likes': 87, 'publicado_em': '2024-06-20T14:46:36Z'}, {'autor': '@TraphouseTCG', 'comentario': 'Man said shoocketh’ed 😂😂😂', 'likes': 166, 'publicado_em': '2024-06-26T09:09:31Z'}, {'autor': '@ViperPain141', 'comentario': 'My mans was kerfuckled', 'likes': 0, 'publicado_em': '2024-06-29T15:43:56Z'}, {'autor': '@devintimmerman886', 'comentario': 'but is he smeckledorthed?', 'likes': 163, 'publicado_em': '2024-06-30T16:31:50Z'}, {'autor': '@ThuggNasty72', 'comentario': 'He was also befuddled', 'likes': 83, 'publicado_em': '2024-06-30T16:49:58Z'}]","6ZbNz2TGer8","Goku Accidentally Visits Bulma😂 (dbs edit) #dbsedit #dbedit #dbsedits","4","Mais longos"
"@c0rrupt3dsidd","UCO2sWGSYQ15vCbWXieUSndQ","http://www.youtube.com/@c0rrupt3dsidd","Telling her her body was getting too old for even goku to look at is what started Bulma's Make-a-Wish cosmetics...","844","2025-04-27T12:49:16Z","2025-04-27T12:49:16Z","True","True","8","5","[{'autor': '@crypticlol', 'comentario': 'She was like that since dragon ball classic\nShe was legit planning to get the dragon balls just to get a hot boyfriend', 'likes': 48, 'publicado_em': '2025-07-11T20:10:12Z'}, {'autor': '@OverDriveEditX', 'comentario': '\u200b@crypticlol dragon 🐉  - balls 💀 you know if you know', 'likes': 5, 'publicado_em': '2025-10-15T06:29:34Z'}, {'autor': '@crypticlol', 'comentario': '\u200b@OverDriveEditX dayum', 'likes': 1, 'publicado_em': '2025-10-15T10:06:31Z'}, {'autor': '@OverDriveEditX', 'comentario': '\u200b@crypticlol😂 that dayum was too perfect 🔥', 'likes': 3, 'publicado_em': '2025-10-15T10:41:07Z'}, {'autor': '@WarBirdGhost', 'comentario': 'Goku definitely knows how old she really is.', 'likes': 3, 'publicado_em': '2025-11-16T16:43:24Z'}]","6ZbNz2TGer8","Goku Accidentally Visits Bulma😂 (dbs edit) #dbsedit #dbedit #dbsedits","4","Mais longos"
"@draconuuse9731","UC3ehp5axY0u6sL7LLHML22A","http://www.youtube.com/@draconuuse9731","Goku dissing bulma like that is one of the greatest character continuity aspects with the original dragon ball.","54890","2024-06-10T12:14:10Z","2024-06-10T12:14:10Z","True","True","142","5","[{'autor': '@poQuest2000', 'comentario': ""Oh yah! 😂😂 I forgot. Honestly he was way more savage then. He's cooled down 😂"", 'likes': 1958, 'publicado_em': '2024-06-11T14:39:42Z'}, {'autor': '@bruceygaming', 'comentario': ""Oh yh the whole 'why would I wanna see your dirty fanny' was brilliant"", 'likes': 1766, 'publicado_em': '2024-06-12T23:16:41Z'}, {'autor': '@Canas94', 'comentario': 'At the end of Z he still calls her out for looking old.', 'likes': 834, 'publicado_em': '2024-06-13T19:26:22Z'}, {'autor': '@ElsocraTV', 'comentario': 'I l9ve dragon ball he went harder then lol', 'likes': 195, 'publicado_em': '2024-06-13T22:27:46Z'}, {'autor': '@algladyou', 'comentario': 'Hahaha! The sarcasm of kid Goku. 😅', 'likes': 178, 'publicado_em': '2024-06-14T19:27:21Z'}]","6ZbNz2TGer8","Goku Accidentally Visits Bulma😂 (dbs edit) #dbsedit #dbedit #dbsedits","4","Mais longos"
"@arjunasolis7756","UCoBzgK-ieaRWO186kGEG9PQ","http://www.youtube.com/@arjunasolis7756","It's called teleportation dysfunction; it's common at Goku's age, but it's nothing to be ashamed about.","20377","2024-06-19T17:48:41Z","2024-06-19T17:48:41Z","True","True","84","5","[{'autor': '@Blue6Phoenix', 'comentario': 'Lmao', 'likes': 414, 'publicado_em': '2024-07-29T17:27:16Z'}, {'autor': '@cpilfold420', 'comentario': 'Underrated 😂', 'likes': 351, 'publicado_em': '2024-08-15T04:32:00Z'}, {'autor': '@MexicanSuperman', 'comentario': ""Bro obviously you didn't watch this episode. He was having a problem controlling his energy after using SSB Kaioken in the Tournament been U6 and U7."", 'likes': 223, 'publicado_em': '2024-08-21T13:51:59Z'}, {'autor': '@Blue6Phoenix', 'comentario': ""@MexicanSuperman  it's an erectile dysfunction joke..."", 'likes': 13, 'publicado_em': '2024-08-21T19:46:42Z'}, {'autor': '@factsworld3466', 'comentario': ""\u200b@MexicanSuperman it's a joke"", 'likes': 609, 'publicado_em': '2024-08-22T01:44:12Z'}]","6ZbNz2TGer8","Goku Accidentally Visits Bulma😂 (dbs edit) #dbsedit #dbedit #dbsedits","4","Mais longos"
"@kaiyagellizeau1143","UC4LnHpsEqqkFxJAoy8KL2Qw","http://www.youtube.com/@kaiyagellizeau1143","I just love the fact that when he heard bulma screaming he came rushing to her, it is so cute❤","634","2025-03-03T02:14:12Z","2025-03-03T02:14:12Z","True","True","0","0","[]","6ZbNz2TGer8","Goku Accidentally Visits Bulma😂 (dbs edit) #dbsedit #dbedit #dbsedits","4","Mais longos"
"@dazzlingdexter5060","UCPmTDdSTTLQeAngA4ahdDlA","http://www.youtube.com/@dazzlingdexter5060","Fact Vegeta hears his Wife screams and comes rushing in. Vegeta such a good dad and husband.","1078","2024-11-20T17:54:41Z","2024-11-20T17:54:41Z","True","True","10","5","[{'autor': '@wtvtfthisis', 'comentario': 'Such a good dad? My guy knocked his kid out, abused his kid, and probably is not the best father, heck, he might be the worst dad in that timeline and you say he a good dad? 😭', 'likes': 28, 'publicado_em': '2025-01-11T20:17:49Z'}, {'autor': '@yandrielprieto4241', 'comentario': 'Probably the best dad in all of dragon ball is ox king or dr.briefs', 'likes': 22, 'publicado_em': '2025-02-08T21:32:21Z'}, {'autor': '@MrBank-hc1jg', 'comentario': ""Dude's just a simp."", 'likes': 5, 'publicado_em': '2025-02-17T12:07:47Z'}, {'autor': '@Bundalaba', 'comentario': 'Considering he probably had an evil spartan type Education he came a long way', 'likes': 19, 'publicado_em': '2025-02-18T23:06:17Z'}, {'autor': '@jasonmalin287', 'comentario': ""Haven't watched in awhile cool to see how the character and situations have grown 👏😎"", 'likes': 7, 'publicado_em': '2025-03-22T16:14:56Z'}]","6ZbNz2TGer8","Goku Accidentally Visits Bulma😂 (dbs edit) #dbsedit #dbedit #dbsedits","4","Mais longos"
"@KR-tk8fe","UCgV_hWjyu3Ov434L6DL1y1g","http://www.youtube.com/@KR-tk8fe",">Appears in friends house
>Insults his wife in front of him
>refuses to elaborate
>leaves","6967","2025-02-25T22:36:27Z","2025-02-25T22:36:27Z","True","True","36","5","[{'autor': '@adams3560', 'comentario': '@CptLiamatProductionsThis was the most Goku moment.', 'likes': 75, 'publicado_em': '2025-05-15T10:00:50Z'}, {'autor': '@J4PMx', 'comentario': ""Goku was with bulma since childhood and when he said it's too saggy now left vegeta in confusion that it's not use to be saggy"", 'likes': 260, 'publicado_em': '2025-06-26T08:50:57Z'}, {'autor': '@sup3a', 'comentario': 'Lool I was looking for this comment', 'likes': 17, 'publicado_em': '2025-06-29T16:07:04Z'}, {'autor': '@HasbiksRightHand', 'comentario': 'Bulma was his friend first', 'likes': 59, 'publicado_em': '2025-07-01T19:54:33Z'}, {'autor': '@JoshuaDaniels-c2n', 'comentario': 'To saggy now😂😂😂❤❤ best kind', 'likes': 4, 'publicado_em': '2025-07-08T13:21:14Z'}]","6ZbNz2TGer8","Goku Accidentally Visits Bulma😂 (dbs edit) #dbsedit #dbedit #dbsedits","4","Mais longos"
"@mtinfinity7845","UCpb6DDl_K5P9bicj2KZqw3g","http://www.youtube.com/@mtinfinity7845","The way Vegeta yelled Kakarot, never heard him yell it like that and it was amazing 😂😂","18621","2024-07-23T04:53:26Z","2024-07-23T04:53:26Z","True","True","34","5","[{'autor': '@LM0N-B01', 'comentario': 'Like he was barely surprised, just annoyed', 'likes': 466, 'publicado_em': '2024-07-29T13:28:01Z'}, {'autor': '@sanyamjain2229', 'comentario': 'So true', 'likes': 65, 'publicado_em': '2024-08-01T21:45:22Z'}, {'autor': '@alwayyssgone', 'comentario': 'My bulmaaaaaa', 'likes': 79, 'publicado_em': '2024-08-19T17:36:48Z'}, {'autor': '@Mike476', 'comentario': 'Fr tho', 'likes': 20, 'publicado_em': '2024-08-19T21:33:14Z'}, {'autor': '@PerwitLal', 'comentario': 'He actually said it even louder when he said""trespass into the the domain of the gods and use that might to conquer jiren do it KAKAAAAAROOOOOTTTTTTTTTY', 'likes': 83, 'publicado_em': '2024-08-21T15:52:38Z'}]","6ZbNz2TGer8","Goku Accidentally Visits Bulma😂 (dbs edit) #dbsedit #dbedit #dbsedits","4","Mais longos"
"@serpentinious7745","UCmQWFkFsixH3g3Y45ZbrQ0Q","http://www.youtube.com/@serpentinious7745","I love that, in a room with 2 sayens, Bulma is the one to choose violence first.","8161","2024-09-14T00:55:19Z","2024-09-14T00:55:19Z","True","True","49","5","[{'autor': '@blackfangex6813', 'comentario': 'i mean the first thing she did when she meet goku was pulling the Glock and shot him 4 times in the face... so is in character for her', 'likes': 709, 'publicado_em': '2024-10-16T03:29:09Z'}, {'autor': '@iamweird3919', 'comentario': ""There's a reason Vegita married her."", 'likes': 290, 'publicado_em': '2024-10-16T15:34:54Z'}, {'autor': '@rykosabia1780', 'comentario': 'Vegeta.... \u200b@iamweird3919', 'likes': 0, 'publicado_em': '2024-10-18T07:39:46Z'}, {'autor': '@massacremark6782', 'comentario': 'Notice how those blasters are in their bedroom, she may have set them to attack Goku, but what other ""functions"" do you think they have?', 'likes': 138, 'publicado_em': '2024-10-20T22:46:20Z'}, {'autor': '@KingSpriggan129', 'comentario': '\u200b@massacremark6782ayo vegeta having masochist desires 💀🙏', 'likes': 52, 'publicado_em': '2024-10-21T02:20:15Z'}]","6ZbNz2TGer8","Goku Accidentally Visits Bulma😂 (dbs edit) #dbsedit #dbedit #dbsedits","4","Mais longos"
"@UN9340","UC1vjau0wNR6i7vIoQ1bc_Zg","http://www.youtube.com/@UN9340","I just love how Vegeta casually chills around the house in full saiyan armor 😂😂","12762","2024-10-25T21:52:35Z","2024-10-25T21:52:35Z","True","True","84","5","[{'autor': '@bluestar5679', 'comentario': 'Never miss a day of working out in the old saiyan suit', 'likes': 842, 'publicado_em': '2024-10-28T07:55:30Z'}, {'autor': '@johnfuller2339', 'comentario': 'didnt even notice but totally true', 'likes': 202, 'publicado_em': '2024-10-29T00:31:50Z'}, {'autor': '@aheronamedtendo', 'comentario': 'Never know  yakno 😂😅', 'likes': 78, 'publicado_em': '2024-11-03T04:16:28Z'}, {'autor': '@Jourmand1r', 'comentario': 'He was wearing his armor. They needed protection', 'likes': 335, 'publicado_em': '2024-11-09T11:32:33Z'}, {'autor': '@thefactman4151', 'comentario': 'He need that protection for Bulma', 'likes': 85, 'publicado_em': '2024-11-10T13:59:27Z'}]","6ZbNz2TGer8","Goku Accidentally Visits Bulma😂 (dbs edit) #dbsedit #dbedit #dbsedits","4","Mais longos"
"@arikiAnime","UCqcOzx6P_BuF4oyvZsaPunw","http://www.youtube.com/@arikiAnime","Join the Dragonball discord! http://discord.gg/arikislookout (link in bio)","4419","2024-06-10T11:09:14Z","2024-06-10T11:09:14Z","True","True","73","5","[{'autor': '@YourBoyyyRaven', 'comentario': 'Song name?', 'likes': 17, 'publicado_em': '2024-06-10T23:16:41Z'}, {'autor': '@donaldthompson6968', 'comentario': '😂😂😂', 'likes': 11, 'publicado_em': '2024-06-17T15:50:27Z'}, {'autor': '@kurenai-gf7rj', 'comentario': ""\u200b@YourBoyyyRavenI believe it's by Hensonn, and called Sahara.This is also probably the Slowed and Reverb version\nI hope that helps!"", 'likes': 8, 'publicado_em': '2024-06-18T21:37:54Z'}, {'autor': '@MlakSry', 'comentario': 'عربي \n\u200b@kurenai-gf7rj', 'likes': 0, 'publicado_em': '2024-06-26T16:08:55Z'}, {'autor': '@MeredithDinarte', 'comentario': '😂😂😂😂😂😂😂😂😂😂😂😂😂😂😮😮😮😮😮😮😂😂😂😂', 'likes': 0, 'publicado_em': '2024-06-29T16:27:12Z'}]","6ZbNz2TGer8","Goku Accidentally Visits Bulma😂 (dbs edit) #dbsedit #dbedit #dbsedits","4","Mais longos"
"@JavhereReid","UCvxJ8TqfoMh_7KnYFUKV3Ow","http://www.youtube.com/@JavhereReid","Bulma must’ve have forgotten that shit don’t work against goku, vegeta etc","182","2025-06-03T21:22:44Z","2025-06-03T21:22:44Z","True","True","5","5","[{'autor': '@Lilya191', 'comentario': 'Fr tho', 'likes': 4, 'publicado_em': '2025-06-08T18:11:26Z'}, {'autor': '@nobodyspecial115', 'comentario': 'I mean that\'s how they met 😂 she shoot him and it only hurt him a little bit. Then he proceeded to walk in on her taking a bath and later ""investigating"" while she didn\'t have a penis 😂😂😂', 'likes': 0, 'publicado_em': '2025-06-22T17:11:54Z'}, {'autor': '@SpectreRyder', 'comentario': ""Living with Vegeta I'm sure she modified them to work against sayians."", 'likes': 13, 'publicado_em': '2025-09-22T02:44:33Z'}, {'autor': '@ShadowlordDio', 'comentario': 'Remember they movie', 'likes': 0, 'publicado_em': '2025-10-17T15:34:27Z'}, {'autor': '@احمدمحمد-غ1ز4ش', 'comentario': 'What is the name of the song used in the video?', 'likes': 0, 'publicado_em': '2025-11-03T17:34:17Z'}]","6ZbNz2TGer8","Goku Accidentally Visits Bulma😂 (dbs edit) #dbsedit #dbedit #dbsedits","4","Mais longos"
"@ThePenny22","UC7gYju1fnbsaXsik9ggzVzA","http://www.youtube.com/@ThePenny22","Imagine if Goku teleported a couple minutes later in this scene 💀","3912","2024-06-10T11:50:37Z","2024-06-10T18:10:14Z","True","True","44","5","[{'autor': '@N54.S6', 'comentario': 'Sceen?', 'likes': 27, 'publicado_em': '2024-06-10T18:03:59Z'}, {'autor': '@luckylokk3478', 'comentario': 'Pervy 😏', 'likes': 69, 'publicado_em': '2024-06-11T01:07:59Z'}, {'autor': '@Retrokid1998', 'comentario': '😮☠️☠️☠️☠️☠️☠️☠️☠️☠️☠️☠️', 'likes': 17, 'publicado_em': '2024-06-11T02:12:42Z'}, {'autor': '@Arkansas_John', 'comentario': '💀🔥🤫', 'likes': 10, 'publicado_em': '2024-06-11T05:04:47Z'}, {'autor': '@InsaneBritishColombian', 'comentario': 'GA GA GALIC GUN FIIIIIIRRRRRREEEEEE', 'likes': 99, 'publicado_em': '2024-06-11T08:36:23Z'}]","6ZbNz2TGer8","Goku Accidentally Visits Bulma😂 (dbs edit) #dbsedit #dbedit #dbsedits","4","Mais longos"
"@Lia.dennis17","UCldccbVUxUtg8oQbNSA8urA","http://www.youtube.com/@Lia.dennis17","I love how Vegeta runs to her to make sure shes ok though 🥺","3736","2024-06-10T21:54:40Z","2024-06-10T21:54:40Z","True","True","28","5","[{'autor': '@ronaldomontero3624', 'comentario': 'No', 'likes': 15, 'publicado_em': '2024-06-10T23:16:13Z'}, {'autor': '@lindakennedy7989', 'comentario': 'What was he so posed to do', 'likes': 44, 'publicado_em': '2024-06-15T13:34:59Z'}, {'autor': '@sirhcsnomde2002', 'comentario': ""He's a protector at heart has been sense they got married. Why he is in his armor at home I don't know but heh"", 'likes': 220, 'publicado_em': '2024-06-16T13:30:30Z'}, {'autor': '@epicnarrator4404', 'comentario': '@sirhcsnomde2002 Vegeta always practice in the capsule Corp wearing those armor, maybe he is on his way to training and he heard Bulma scream', 'likes': 126, 'publicado_em': '2024-06-16T15:45:18Z'}, {'autor': '@KenTVtw', 'comentario': 'vegeta: imma beat the crap out of who ever messes with bulma\nsees goku\nvegeta: ok', 'likes': 75, 'publicado_em': '2024-06-17T08:35:36Z'}]","6ZbNz2TGer8","Goku Accidentally Visits Bulma😂 (dbs edit) #dbsedit #dbedit #dbsedits","4","Mais longos"
"@EVyoshifn","UCDyoWm4q-PqRI-5WP6vOVwQ","http://www.youtube.com/@EVyoshifn","“Yours are to saggy now” bro has been noticing😭😭😭","16260","2024-09-21T00:42:04Z","2024-09-21T00:42:04Z","True","True","59","5","[{'autor': '@premium7182', 'comentario': '😅', 'likes': 87, 'publicado_em': '2024-10-10T20:50:49Z'}, {'autor': '@Thebananaguy537', 'comentario': 'How does bro know tho', 'likes': 290, 'publicado_em': '2024-10-13T02:07:32Z'}, {'autor': '@alexk7880', 'comentario': 'No wonder bulma keeps using the dragon balls lol', 'likes': 516, 'publicado_em': '2024-10-13T06:15:16Z'}, {'autor': '@JakeB-Real', 'comentario': 'Oh shit that’s a good point', 'likes': 84, 'publicado_em': '2024-10-13T18:44:34Z'}, {'autor': '@BrendenJackson710', 'comentario': '\u200b@Thebananaguy537go watch og dragon ball no z', 'likes': 0, 'publicado_em': '2024-10-13T20:06:26Z'}]","6ZbNz2TGer8","Goku Accidentally Visits Bulma😂 (dbs edit) #dbsedit #dbedit #dbsedits","4","Mais longos"
"@supersizesenpai","UCJDdHgxaPVP92Z8a4_y0EQA","http://www.youtube.com/@supersizesenpai","Bro popped in, roasted Bulma than peace'd out. 🤣🤣","4365","2024-07-31T15:19:07Z","2024-07-31T15:19:07Z","True","True","13","5","[{'autor': '@KikiQueen497', 'comentario': 'lol😂😂😂', 'likes': 30, 'publicado_em': '2024-09-06T01:27:53Z'}, {'autor': '@mambamentality3141', 'comentario': '😂', 'likes': 20, 'publicado_em': '2024-09-12T00:20:00Z'}, {'autor': '@ThinkingCrimson', 'comentario': 'Brutal Honesty Goku!', 'likes': 29, 'publicado_em': '2024-10-07T13:07:50Z'}, {'autor': '@LunaP1', 'comentario': 'This is the third time he roasted her in the franchise and it is far worse.🤣🤣🤣🤣🤣🤣🤣🤣🤣', 'likes': 26, 'publicado_em': '2024-10-14T21:45:30Z'}, {'autor': '@supersizesenpai', 'comentario': '@LunaP1 Yeah, its a funny running gag but what made this time particularly funny is the fact that he teleported into their home dunked on her than bounced. lmao', 'likes': 20, 'publicado_em': '2024-10-14T23:34:46Z'}]","6ZbNz2TGer8","Goku Accidentally Visits Bulma😂 (dbs edit) #dbsedit #dbedit #dbsedits","4","Mais longos"
"@y_ssr33","UClvDcc4kyFACkhJQdomJ_jw","http://www.youtube.com/@y_ssr33","His confidence to say that is next level😭","11336","2024-06-10T11:19:29Z","2024-06-10T11:19:29Z","True","True","47","5","[{'autor': '@thefallenuchiha.4940', 'comentario': 'I mean, there’s only one person that could’ve checked him at that point.', 'likes': 200, 'publicado_em': '2024-06-10T15:09:48Z'}, {'autor': '@aervaealtonelty9850', 'comentario': '@thefallenuchiha.4940 Yep, once Vegeta says ""My Bulmaaaaa"" everybody gets ran.', 'likes': 155, 'publicado_em': '2024-06-10T21:09:39Z'}, {'autor': '@CZOTHAM', 'comentario': 'HE HAS 86 IQ BRAH', 'likes': 47, 'publicado_em': '2024-06-11T01:57:12Z'}, {'autor': '@strelizia39', 'comentario': '""i didnt come here to see your boobies, yours are too saggy now"" like bro is a fucking menace, i bet you thats why she be wishing shenron to fix her body and shit LMAO', 'likes': 0, 'publicado_em': '2024-06-11T11:15:45Z'}, {'autor': '@SMP2390', 'comentario': 'Not confidence ignorance', 'likes': 49, 'publicado_em': '2024-06-12T15:33:23Z'}]","6ZbNz2TGer8","Goku Accidentally Visits Bulma😂 (dbs edit) #dbsedit #dbedit #dbsedits","4","Mais longos"
"@khang.ngtr487","UCF0bFz1YoYwjCVw33EX2N1w","http://www.youtube.com/@khang.ngtr487","Vegeta was too calm in this 😂","821","2025-05-19T15:55:37Z","2025-05-19T15:55:37Z","True","True","9","5","[{'autor': '@amiincontrol2924', 'comentario': ""He's come a long way indeed"", 'likes': 40, 'publicado_em': '2025-07-06T12:03:58Z'}, {'autor': '@vegapreferred9344', 'comentario': 'It cuz he know Goku and bulma go way back. So it’s a bro sister kind of thing. Like when Goku laughed at bulma having a kid when he first met future trunks', 'likes': 59, 'publicado_em': '2025-09-03T06:09:27Z'}, {'autor': '@TeppicTheAbysswalker', 'comentario': ""I'd say it's because, secretly, Vegeta is scared of making Bulma angry, on the account of how pain in the ass she can be when she feels vindictive. I'd say he never insulted her in his life :D"", 'likes': 4, 'publicado_em': '2025-09-24T12:48:36Z'}, {'autor': '@guilhermecastro292', 'comentario': ""\u200b@vegapreferred9344actually he is very jealous about yamucha \n\nFact is actually he's not jealous about Goku and her. Maybe even a sayan thing who knows. But actually it looks like it's a man thing and he's totally fine about Goku and not jelly at all"", 'likes': 6, 'publicado_em': '2025-09-28T21:29:21Z'}, {'autor': '@guilhermecastro292', 'comentario': ""\u200b@TeppicTheAbysswalkerthat's because you didn't watch the full sagas 😂😂😂😂😂"", 'likes': 1, 'publicado_em': '2025-09-28T21:30:10Z'}]","6ZbNz2TGer8","Goku Accidentally Visits Bulma😂 (dbs edit) #dbsedit #dbedit #dbsedits","4","Mais longos"
"@KiboNoKami希","UCYqW-NKkd1mEVzTJF72dzNA","http://www.youtube.com/@KiboNoKami%E5%B8%8C","Beerus: Do 1 trillion pull ups!

Goku on his 1 trillionth pull up:","3","2025-06-28T07:52:10Z","2025-06-28T07:52:10Z","True","True","0","0","[]","ANeKJ4thK0U","Goku’s the strongest 💪🏽 (with @kawiwii) #goku #anya #dragonball #dragonballz #spyxfamily #anime","1","Mais novos"
"@TheLongestComment2427","UCRSkKiUbt6gsoQp8Sxndeeg","http://www.youtube.com/@TheLongestComment2427","His Neighbors: Honey, he is doing it again...","44","2023-10-10T01:38:03Z","2023-10-10T01:38:03Z","True","True","1","1","[{'autor': '@НадеждаПодуваева', 'comentario': '😂😂😂😂😂😂😂😂😂😂', 'likes': 1, 'publicado_em': '2024-07-17T19:05:58Z'}]","ANeKJ4thK0U","Goku’s the strongest 💪🏽 (with @kawiwii) #goku #anya #dragonball #dragonballz #spyxfamily #anime","1","Mais novos"
"@Plat1numm","UCxK29-1Cmfm66JoX3tbaaXg","http://www.youtube.com/@Plat1numm","the fact that he can do a handstand with 1 finger is insane","2","2023-09-08T23:43:24Z","2023-09-08T23:43:24Z","True","True","0","0","[]","ANeKJ4thK0U","Goku’s the strongest 💪🏽 (with @kawiwii) #goku #anya #dragonball #dragonballz #spyxfamily #anime","1","Mais novos"
"@ultravegito1668","UCYvqC7IEgHWeCC0b49dNv3A","http://www.youtube.com/@ultravegito1668","Bro forgot he had 250 lb on☠","1","2023-08-30T01:41:26Z","2023-08-30T01:41:25Z","True","True","0","0","[]","ANeKJ4thK0U","Goku’s the strongest 💪🏽 (with @kawiwii) #goku #anya #dragonball #dragonballz #spyxfamily #anime","1","Mais novos"
"@HamidHussaini-o2b","UCxoYl2Gv8MDAReQTGuJAK7w","http://www.youtube.com/@HamidHussaini-o2b","He forgot to say ‘I’ve finished my 1 Million warm up’","12","2023-08-29T20:10:06Z","2023-08-29T20:10:06Z","True","True","1","1","[{'autor': '@gracewambui7049', 'comentario': 'I like Goku the best❤❤', 'likes': 1, 'publicado_em': '2024-05-07T17:52:07Z'}]","ANeKJ4thK0U","Goku’s the strongest 💪🏽 (with @kawiwii) #goku #anya #dragonball #dragonballz #spyxfamily #anime","1","Mais novos"
"@F00TBÆLL_EDITZ","UCQllpT7QZyVB0AKzTtMneug","http://www.youtube.com/@F00TB%C3%86LL_EDITZ","Plot twist:Goku’s last pull up was his 1 Trillionth one","801","2023-08-17T13:19:14Z","2023-09-14T18:53:36Z","True","True","24","5","[{'autor': '@firestrikerii810', 'comentario': 'False', 'likes': 10, 'publicado_em': '2023-11-14T22:58:06Z'}, {'autor': '@F00TBÆLL_EDITZ', 'comentario': '@firestrikerii810 💀 do u not kno- \nNvm I can’t be asked to explain it to u', 'likes': 23, 'publicado_em': '2023-11-16T07:28:07Z'}, {'autor': '@who1sNeel_Raval', 'comentario': '@F00TBÆLL_EDITZ😂😂😂😂, that beerus really told him. 2 do it. And he really tried to do it', 'likes': 13, 'publicado_em': '2023-11-24T13:17:15Z'}, {'autor': '@proplayerstation', 'comentario': 'Nope', 'likes': 3, 'publicado_em': '2023-12-04T08:50:04Z'}, {'autor': '@F00TBÆLL_EDITZ', 'comentario': '@firestrikerii810 plot twist isn’t always supposed to be right it’s what the person watching thinks', 'likes': 5, 'publicado_em': '2023-12-27T10:04:47Z'}]","ANeKJ4thK0U","Goku’s the strongest 💪🏽 (with @kawiwii) #goku #anya #dragonball #dragonballz #spyxfamily #anime","1","Mais novos"
"@ZenZone77","UCbaTssE7Oad-OgpH_n-D4_g","http://www.youtube.com/@ZenZone77","This guy had perfect Gai and Goku impression. That scream was spot on!","298","2023-07-21T15:40:57Z","2023-07-21T15:40:57Z","True","True","4","4","[{'autor': '@drip_goku5102', 'comentario': 'Not exactly goku would not lose to a challenge no matter what', 'likes': 2, 'publicado_em': '2023-08-14T17:40:24Z'}, {'autor': '@narutoyt3184', 'comentario': ""Bro that was orginal goku English voice audio. He just added the voice. That's not his orginal voice."", 'likes': 3, 'publicado_em': '2023-08-18T05:16:00Z'}, {'autor': '@stan52323', 'comentario': '\u200b@narutoyt3184but it is his original voice', 'likes': 0, 'publicado_em': '2023-09-19T14:59:29Z'}, {'autor': '@Md_Shahnawaz_hussain_07', 'comentario': 'Sorry but ti not good goku is s', 'likes': 0, 'publicado_em': '2024-01-27T13:19:11Z'}]","ANeKJ4thK0U","Goku’s the strongest 💪🏽 (with @kawiwii) #goku #anya #dragonball #dragonballz #spyxfamily #anime","1","Mais novos"
"@skylar-nj7oh","UCw71qzpQ2JeP7Ucma8r8PVg","http://www.youtube.com/@skylar-nj7oh","Goku:* struggling*
Anya:* flexes on him*
Goku:* start crying*
Anya: Little B*tch","528","2023-07-16T19:13:53Z","2023-07-16T19:13:53Z","True","True","11","5","[{'autor': '@EjjejeGegehehe', 'comentario': 'Wow you understanded what heppend in the video . Need a medal?', 'likes': 10, 'publicado_em': '2023-07-31T05:30:24Z'}, {'autor': '@Nightgangyt', 'comentario': '\u2060@EjjejeGegehehe dude shut up it’s a  kid', 'likes': 0, 'publicado_em': '2023-08-03T03:16:52Z'}, {'autor': '@You_Mad558', 'comentario': ""\u200b@EjjejeGegehehe fr they act like we just didn't watch the video"", 'likes': 2, 'publicado_em': '2023-08-04T04:29:17Z'}, {'autor': '@MrFufu14', 'comentario': ""Yep that's what happened\U0001fae5"", 'likes': 4, 'publicado_em': '2023-08-05T02:54:23Z'}, {'autor': '@ghost-pv6xh', 'comentario': ""Plot twist: Goku did 100k pushups and he forgot about because he's dumb"", 'likes': 1, 'publicado_em': '2023-08-05T03:22:20Z'}]","ANeKJ4thK0U","Goku’s the strongest 💪🏽 (with @kawiwii) #goku #anya #dragonball #dragonballz #spyxfamily #anime","1","Mais novos"
"@yyvs_z","UCrl8vG8eZe0W46rGPKiGPVg","http://www.youtube.com/@yyvs_z","i like how he goes from whimpering sounds to a god tier perfect goku shout then back to whimpering 😭","125","2023-07-02T08:42:35Z","2023-07-02T08:42:55Z","True","True","0","0","[]","ANeKJ4thK0U","Goku’s the strongest 💪🏽 (with @kawiwii) #goku #anya #dragonball #dragonballz #spyxfamily #anime","1","Mais novos"
"@Soupster828","UCEox0FwKVPsxMwW9goBeYpA","http://www.youtube.com/@Soupster828","I started dying when Anya said “Little Bitch” 💀","122","2023-06-13T21:28:02Z","2023-06-13T21:28:02Z","True","True","1","1","[{'autor': '@skylar-nj7oh', 'comentario': 'Frr', 'likes': 1, 'publicado_em': '2023-07-16T19:11:54Z'}]","ANeKJ4thK0U","Goku’s the strongest 💪🏽 (with @kawiwii) #goku #anya #dragonball #dragonballz #spyxfamily #anime","1","Mais novos"
"@underthesonson","UChM8IZFXt_2lx9t7tFDgSTQ","http://www.youtube.com/@underthesonson","The fact bro sound like goku makes it 10x funnier 😂😂😂😂😂","640","2023-06-13T15:16:49Z","2023-06-13T15:16:49Z","True","True","4","4","[{'autor': '@rioamiro4378', 'comentario': '😂😂😂😂😂😂😂😂🤣🤣🤣🤣🤣🤣dhdhdfhd', 'likes': 5, 'publicado_em': '2023-07-09T14:53:22Z'}, {'autor': '@mai_luuuu', 'comentario': '\u200b@alimlaundrysurabaya01why you mad?', 'likes': 4, 'publicado_em': '2023-07-12T20:18:41Z'}, {'autor': '@deborahwilliams-wl5xp', 'comentario': 'Man😂', 'likes': 3, 'publicado_em': '2023-07-12T23:47:56Z'}, {'autor': '@deborahwilliams-wl5xp', 'comentario': '😂 look man😅', 'likes': 4, 'publicado_em': '2023-07-12T23:48:52Z'}]","ANeKJ4thK0U","Goku’s the strongest 💪🏽 (with @kawiwii) #goku #anya #dragonball #dragonballz #spyxfamily #anime","1","Mais novos"
"@WhaleShark3","UC2-Ny6BPH3kWkcmaPYQjgDw","http://www.youtube.com/@WhaleShark3","Him: trying not to cry
Anya: bitch","60","2023-06-13T03:50:29Z","2023-06-13T03:50:29Z","True","True","0","0","[]","ANeKJ4thK0U","Goku’s the strongest 💪🏽 (with @kawiwii) #goku #anya #dragonball #dragonballz #spyxfamily #anime","1","Mais novos"
"@XVSvideoz","UCzjt6xgrJPHn0nUuOXtE3bg","http://www.youtube.com/@XVSvideoz","Why does this man have such an accurate Goku impression 😂","564","2023-06-08T11:28:12Z","2023-06-08T11:28:12Z","True","True","6","5","[{'autor': '@Glaskäfig', 'comentario': ""Bro that's what I'm trying to figure out 🤣"", 'likes': 11, 'publicado_em': '2023-06-23T04:03:19Z'}, {'autor': '@wanosleep4416', 'comentario': 'Frl😂', 'likes': 6, 'publicado_em': '2023-06-23T17:35:55Z'}, {'autor': '@LolaTheMii', 'comentario': 'Fr! If Sean ever retires or something, brownbakugo should take over dubbing Goku for the remaining Dragon Ball adaptions.', 'likes': 27, 'publicado_em': '2023-06-26T09:39:05Z'}, {'autor': '@XVSvideoz', 'comentario': ""@LolaTheMii I wouldn't mind seeing that😂"", 'likes': 6, 'publicado_em': '2023-06-26T10:08:12Z'}, {'autor': '@michaelrodriguez2761', 'comentario': ""He's been doing it for years now it wouldn't really make sense if he didn't even sound the littlest bit like it"", 'likes': 1, 'publicado_em': '2023-07-22T06:50:00Z'}]","ANeKJ4thK0U","Goku’s the strongest 💪🏽 (with @kawiwii) #goku #anya #dragonball #dragonballz #spyxfamily #anime","1","Mais novos"
"@tetsuryuu01","UCXjqjD80a-NMlJn8KSqYZaQ","http://www.youtube.com/@tetsuryuu01","Man the ''little bitch"" at the end was epic🤣🤣🤣🤣","91","2023-06-07T21:20:41Z","2023-06-07T21:20:41Z","True","True","0","0","[]","ANeKJ4thK0U","Goku’s the strongest 💪🏽 (with @kawiwii) #goku #anya #dragonball #dragonballz #spyxfamily #anime","1","Mais novos"
"@KingSoda","UCgTeI1JfRGHfCLjJpxf0oVw","http://www.youtube.com/@KingSoda","Anya bout to become the new MC in Dragon Ball at this point","1275","2023-06-07T20:52:17Z","2023-06-07T20:52:17Z","True","True","26","5","[{'autor': '@Scp-682htdr', 'comentario': 'Wth is king soda doing here', 'likes': 20, 'publicado_em': '2023-06-07T21:11:41Z'}, {'autor': '@Replay1661', 'comentario': 'The legend', 'likes': 8, 'publicado_em': '2023-06-07T22:52:29Z'}, {'autor': '@Axolotl_e', 'comentario': ""Didn't expect to see you here."", 'likes': 7, 'publicado_em': '2023-06-08T00:50:03Z'}, {'autor': '@Ahh_help', 'comentario': 'Oh look king soda', 'likes': 4, 'publicado_em': '2023-06-10T00:14:54Z'}, {'autor': '@unicornswirl661', 'comentario': 'Didn’t expect you here', 'likes': 3, 'publicado_em': '2023-06-10T01:08:53Z'}]","ANeKJ4thK0U","Goku’s the strongest 💪🏽 (with @kawiwii) #goku #anya #dragonball #dragonballz #spyxfamily #anime","1","Mais novos"
"@SuperDemon601","UC--E9ZD-klZsN_gk4mQl3OQ","http://www.youtube.com/@SuperDemon601","""wittle bitch"" got me dying bro","412","2023-06-07T20:45:54Z","2023-06-07T20:45:54Z","True","True","3","3","[{'autor': '@cms8745', 'comentario': 'WAIT .... r u alive :I', 'likes': 2, 'publicado_em': '2023-06-09T00:42:34Z'}, {'autor': '@SuperDemon601', 'comentario': '@cms8745 no', 'likes': 0, 'publicado_em': '2023-06-09T00:49:08Z'}, {'autor': '@cms8745', 'comentario': '@SuperDemon601 rest in peace👋\U0001fae1', 'likes': 4, 'publicado_em': '2023-06-09T00:56:53Z'}]","ANeKJ4thK0U","Goku’s the strongest 💪🏽 (with @kawiwii) #goku #anya #dragonball #dragonballz #spyxfamily #anime","1","Mais novos"
"@GnA_000","UCy_8oWO5KiUKmzB0fjlH6Dg","http://www.youtube.com/@GnA_000","Vegeta dies
Her:""Anya!""
Goku:""FUCK YOU!!""","3036","2023-06-07T20:42:29Z","2023-06-07T20:42:29Z","True","True","26","5","[{'autor': '@djbunny3812', 'comentario': 'Still funny🤣', 'likes': 37, 'publicado_em': '2023-06-08T08:22:08Z'}, {'autor': '@gwhyte54', 'comentario': 'Goku: VEGETAAAAA!!!', 'likes': 18, 'publicado_em': '2023-06-09T13:15:34Z'}, {'autor': '@LilComaPatient', 'comentario': '@gwhyte54 Anya: little bi-', 'likes': 11, 'publicado_em': '2023-06-11T22:42:24Z'}, {'autor': '@seandominic3625', 'comentario': 'pt 2', 'likes': 2, 'publicado_em': '2023-06-14T03:44:19Z'}, {'autor': '@DonaldWomack-i7x', 'comentario': 'Fuck funny', 'likes': 0, 'publicado_em': '2023-06-16T04:16:26Z'}]","ANeKJ4thK0U","Goku’s the strongest 💪🏽 (with @kawiwii) #goku #anya #dragonball #dragonballz #spyxfamily #anime","1","Mais novos"
"@larioscaca","UCYzuzw16C0jmaHna3FL2exg","http://www.youtube.com/@larioscaca","I just can’t Anya is too strong 😂🙏🏽","60","2023-06-07T20:42:29Z","2023-06-07T20:42:29Z","True","True","2","2","[{'autor': '@cathyedwards4032', 'comentario': 'Not stronger than me', 'likes': 1, 'publicado_em': '2023-07-30T05:40:23Z'}, {'autor': '@rajeshthalapathi2145', 'comentario': '❤❤❤❤❤❤❤❤❤❤❤❤', 'likes': 0, 'publicado_em': '2025-03-08T08:40:19Z'}]","ANeKJ4thK0U","Goku’s the strongest 💪🏽 (with @kawiwii) #goku #anya #dragonball #dragonballz #spyxfamily #anime","1","Mais novos"
"@Channel-KC","UC2oi4wZy7yqmhWS-qe-qS1A","http://www.youtube.com/@Channel-KC","That “little bitch” got me rolling 😂😂😂","6885","2023-06-07T20:33:15Z","2023-06-07T20:33:15Z","True","True","145","5","[{'autor': '@brownbakugo', 'comentario': 'It wasn’t part of the script 😢', 'likes': 1220, 'publicado_em': '2023-06-07T20:36:19Z'}, {'autor': '@AA-wu2fk', 'comentario': 'Lol', 'likes': 72, 'publicado_em': '2023-06-07T20:50:36Z'}, {'autor': '@jabrayalhameed-cn5xn', 'comentario': ""\u200b@brownbakugo omg your here i'm your biggest....BOY 😈 btw i'm your biggest fan ❤❤❤❤❤❤❤❤❤❤❤🖤🧡🤍🤎💙💜"", 'likes': 57, 'publicado_em': '2023-06-07T21:15:33Z'}, {'autor': '@npc90383', 'comentario': 'Lol', 'likes': 18, 'publicado_em': '2023-06-07T23:37:07Z'}, {'autor': '@FractalZero007', 'comentario': '@brownbakugo lol', 'likes': 16, 'publicado_em': '2023-06-08T05:09:42Z'}]","ANeKJ4thK0U","Goku’s the strongest 💪🏽 (with @kawiwii) #goku #anya #dragonball #dragonballz #spyxfamily #anime","1","Mais novos"
"@KMSNGMN0922","UCcfqOb8f20xlotSqPv0nxDg","http://www.youtube.com/@KMSNGMN0922","She did him like that 😭😹I’m crying 😂😭","281","2023-06-07T20:32:13Z","2023-06-07T20:32:13Z","True","True","1","1","[{'autor': '@lucaguercci1275', 'comentario': 'Bro what! I thought he actual was paralized in the legs and needed a wheel chair', 'likes': 1, 'publicado_em': '2023-06-13T18:47:20Z'}]","ANeKJ4thK0U","Goku’s the strongest 💪🏽 (with @kawiwii) #goku #anya #dragonball #dragonballz #spyxfamily #anime","1","Mais novos"
"@KMSNGMN0922","UCcfqOb8f20xlotSqPv0nxDg","http://www.youtube.com/@KMSNGMN0922","She did him like that 😭😹I’m crying 😂😭","281","2023-06-07T20:32:13Z","2023-06-07T20:32:13Z","True","True","1","1","[{'autor': '@lucaguercci1275', 'comentario': 'Bro what! I thought he actual was paralized in the legs and needed a wheel chair', 'likes': 1, 'publicado_em': '2023-06-13T18:47:20Z'}]","ANeKJ4thK0U","Goku’s the strongest 💪🏽 (with @kawiwii) #goku #anya #dragonball #dragonballz #spyxfamily #anime","2","Mais antigos"
"@Channel-KC","UC2oi4wZy7yqmhWS-qe-qS1A","http://www.youtube.com/@Channel-KC","That “little bitch” got me rolling 😂😂😂","6885","2023-06-07T20:33:15Z","2023-06-07T20:33:15Z","True","True","145","5","[{'autor': '@brownbakugo', 'comentario': 'It wasn’t part of the script 😢', 'likes': 1220, 'publicado_em': '2023-06-07T20:36:19Z'}, {'autor': '@AA-wu2fk', 'comentario': 'Lol', 'likes': 72, 'publicado_em': '2023-06-07T20:50:36Z'}, {'autor': '@jabrayalhameed-cn5xn', 'comentario': ""\u200b@brownbakugo omg your here i'm your biggest....BOY 😈 btw i'm your biggest fan ❤❤❤❤❤❤❤❤❤❤❤🖤🧡🤍🤎💙💜"", 'likes': 57, 'publicado_em': '2023-06-07T21:15:33Z'}, {'autor': '@npc90383', 'comentario': 'Lol', 'likes': 18, 'publicado_em': '2023-06-07T23:37:07Z'}, {'autor': '@FractalZero007', 'comentario': '@brownbakugo lol', 'likes': 16, 'publicado_em': '2023-06-08T05:09:42Z'}]","ANeKJ4thK0U","Goku’s the strongest 💪🏽 (with @kawiwii) #goku #anya #dragonball #dragonballz #spyxfamily #anime","2","Mais antigos"
"@GnA_000","UCy_8oWO5KiUKmzB0fjlH6Dg","http://www.youtube.com/@GnA_000","Vegeta dies
Her:""Anya!""
Goku:""FUCK YOU!!""","3036","2023-06-07T20:42:29Z","2023-06-07T20:42:29Z","True","True","26","5","[{'autor': '@djbunny3812', 'comentario': 'Still funny🤣', 'likes': 37, 'publicado_em': '2023-06-08T08:22:08Z'}, {'autor': '@gwhyte54', 'comentario': 'Goku: VEGETAAAAA!!!', 'likes': 18, 'publicado_em': '2023-06-09T13:15:34Z'}, {'autor': '@LilComaPatient', 'comentario': '@gwhyte54 Anya: little bi-', 'likes': 11, 'publicado_em': '2023-06-11T22:42:24Z'}, {'autor': '@seandominic3625', 'comentario': 'pt 2', 'likes': 2, 'publicado_em': '2023-06-14T03:44:19Z'}, {'autor': '@DonaldWomack-i7x', 'comentario': 'Fuck funny', 'likes': 0, 'publicado_em': '2023-06-16T04:16:26Z'}]","ANeKJ4thK0U","Goku’s the strongest 💪🏽 (with @kawiwii) #goku #anya #dragonball #dragonballz #spyxfamily #anime","2","Mais antigos"
"@larioscaca","UCYzuzw16C0jmaHna3FL2exg","http://www.youtube.com/@larioscaca","I just can’t Anya is too strong 😂🙏🏽","60","2023-06-07T20:42:29Z","2023-06-07T20:42:29Z","True","True","2","2","[{'autor': '@cathyedwards4032', 'comentario': 'Not stronger than me', 'likes': 1, 'publicado_em': '2023-07-30T05:40:23Z'}, {'autor': '@rajeshthalapathi2145', 'comentario': '❤❤❤❤❤❤❤❤❤❤❤❤', 'likes': 0, 'publicado_em': '2025-03-08T08:40:19Z'}]","ANeKJ4thK0U","Goku’s the strongest 💪🏽 (with @kawiwii) #goku #anya #dragonball #dragonballz #spyxfamily #anime","2","Mais antigos"
"@SuperDemon601","UC--E9ZD-klZsN_gk4mQl3OQ","http://www.youtube.com/@SuperDemon601","""wittle bitch"" got me dying bro","412","2023-06-07T20:45:54Z","2023-06-07T20:45:54Z","True","True","3","3","[{'autor': '@cms8745', 'comentario': 'WAIT .... r u alive :I', 'likes': 2, 'publicado_em': '2023-06-09T00:42:34Z'}, {'autor': '@SuperDemon601', 'comentario': '@cms8745 no', 'likes': 0, 'publicado_em': '2023-06-09T00:49:08Z'}, {'autor': '@cms8745', 'comentario': '@SuperDemon601 rest in peace👋\U0001fae1', 'likes': 4, 'publicado_em': '2023-06-09T00:56:53Z'}]","ANeKJ4thK0U","Goku’s the strongest 💪🏽 (with @kawiwii) #goku #anya #dragonball #dragonballz #spyxfamily #anime","2","Mais antigos"
"@KingSoda","UCgTeI1JfRGHfCLjJpxf0oVw","http://www.youtube.com/@KingSoda","Anya bout to become the new MC in Dragon Ball at this point","1275","2023-06-07T20:52:17Z","2023-06-07T20:52:17Z","True","True","26","5","[{'autor': '@Scp-682htdr', 'comentario': 'Wth is king soda doing here', 'likes': 20, 'publicado_em': '2023-06-07T21:11:41Z'}, {'autor': '@Replay1661', 'comentario': 'The legend', 'likes': 8, 'publicado_em': '2023-06-07T22:52:29Z'}, {'autor': '@Axolotl_e', 'comentario': ""Didn't expect to see you here."", 'likes': 7, 'publicado_em': '2023-06-08T00:50:03Z'}, {'autor': '@Ahh_help', 'comentario': 'Oh look king soda', 'likes': 4, 'publicado_em': '2023-06-10T00:14:54Z'}, {'autor': '@unicornswirl661', 'comentario': 'Didn’t expect you here', 'likes': 3, 'publicado_em': '2023-06-10T01:08:53Z'}]","ANeKJ4thK0U","Goku’s the strongest 💪🏽 (with @kawiwii) #goku #anya #dragonball #dragonballz #spyxfamily #anime","2","Mais antigos"
"@tetsuryuu01","UCXjqjD80a-NMlJn8KSqYZaQ","http://www.youtube.com/@tetsuryuu01","Man the ''little bitch"" at the end was epic🤣🤣🤣🤣","91","2023-06-07T21:20:41Z","2023-06-07T21:20:41Z","True","True","0","0","[]","ANeKJ4thK0U","Goku’s the strongest 💪🏽 (with @kawiwii) #goku #anya #dragonball #dragonballz #spyxfamily #anime","2","Mais antigos"
"@XVSvideoz","UCzjt6xgrJPHn0nUuOXtE3bg","http://www.youtube.com/@XVSvideoz","Why does this man have such an accurate Goku impression 😂","564","2023-06-08T11:28:12Z","2023-06-08T11:28:12Z","True","True","6","5","[{'autor': '@Glaskäfig', 'comentario': ""Bro that's what I'm trying to figure out 🤣"", 'likes': 11, 'publicado_em': '2023-06-23T04:03:19Z'}, {'autor': '@wanosleep4416', 'comentario': 'Frl😂', 'likes': 6, 'publicado_em': '2023-06-23T17:35:55Z'}, {'autor': '@LolaTheMii', 'comentario': 'Fr! If Sean ever retires or something, brownbakugo should take over dubbing Goku for the remaining Dragon Ball adaptions.', 'likes': 27, 'publicado_em': '2023-06-26T09:39:05Z'}, {'autor': '@XVSvideoz', 'comentario': ""@LolaTheMii I wouldn't mind seeing that😂"", 'likes': 6, 'publicado_em': '2023-06-26T10:08:12Z'}, {'autor': '@michaelrodriguez2761', 'comentario': ""He's been doing it for years now it wouldn't really make sense if he didn't even sound the littlest bit like it"", 'likes': 1, 'publicado_em': '2023-07-22T06:50:00Z'}]","ANeKJ4thK0U","Goku’s the strongest 💪🏽 (with @kawiwii) #goku #anya #dragonball #dragonballz #spyxfamily #anime","2","Mais antigos"
"@WhaleShark3","UC2-Ny6BPH3kWkcmaPYQjgDw","http://www.youtube.com/@WhaleShark3","Him: trying not to cry
Anya: bitch","60","2023-06-13T03:50:29Z","2023-06-13T03:50:29Z","True","True","0","0","[]","ANeKJ4thK0U","Goku’s the strongest 💪🏽 (with @kawiwii) #goku #anya #dragonball #dragonballz #spyxfamily #anime","2","Mais antigos"
"@underthesonson","UChM8IZFXt_2lx9t7tFDgSTQ","http://www.youtube.com/@underthesonson","The fact bro sound like goku makes it 10x funnier 😂😂😂😂😂","640","2023-06-13T15:16:49Z","2023-06-13T15:16:49Z","True","True","4","4","[{'autor': '@rioamiro4378', 'comentario': '😂😂😂😂😂😂😂😂🤣🤣🤣🤣🤣🤣dhdhdfhd', 'likes': 5, 'publicado_em': '2023-07-09T14:53:22Z'}, {'autor': '@mai_luuuu', 'comentario': '\u200b@alimlaundrysurabaya01why you mad?', 'likes': 4, 'publicado_em': '2023-07-12T20:18:41Z'}, {'autor': '@deborahwilliams-wl5xp', 'comentario': 'Man😂', 'likes': 3, 'publicado_em': '2023-07-12T23:47:56Z'}, {'autor': '@deborahwilliams-wl5xp', 'comentario': '😂 look man😅', 'likes': 4, 'publicado_em': '2023-07-12T23:48:52Z'}]","ANeKJ4thK0U","Goku’s the strongest 💪🏽 (with @kawiwii) #goku #anya #dragonball #dragonballz #spyxfamily #anime","2","Mais antigos"
"@Soupster828","UCEox0FwKVPsxMwW9goBeYpA","http://www.youtube.com/@Soupster828","I started dying when Anya said “Little Bitch” 💀","122","2023-06-13T21:28:02Z","2023-06-13T21:28:02Z","True","True","1","1","[{'autor': '@skylar-nj7oh', 'comentario': 'Frr', 'likes': 1, 'publicado_em': '2023-07-16T19:11:54Z'}]","ANeKJ4thK0U","Goku’s the strongest 💪🏽 (with @kawiwii) #goku #anya #dragonball #dragonballz #spyxfamily #anime","2","Mais antigos"
"@yyvs_z","UCrl8vG8eZe0W46rGPKiGPVg","http://www.youtube.com/@yyvs_z","i like how he goes from whimpering sounds to a god tier perfect goku shout then back to whimpering 😭","125","2023-07-02T08:42:35Z","2023-07-02T08:42:55Z","True","True","0","0","[]","ANeKJ4thK0U","Goku’s the strongest 💪🏽 (with @kawiwii) #goku #anya #dragonball #dragonballz #spyxfamily #anime","2","Mais antigos"
"@skylar-nj7oh","UCw71qzpQ2JeP7Ucma8r8PVg","http://www.youtube.com/@skylar-nj7oh","Goku:* struggling*
Anya:* flexes on him*
Goku:* start crying*
Anya: Little B*tch","528","2023-07-16T19:13:53Z","2023-07-16T19:13:53Z","True","True","11","5","[{'autor': '@EjjejeGegehehe', 'comentario': 'Wow you understanded what heppend in the video . Need a medal?', 'likes': 10, 'publicado_em': '2023-07-31T05:30:24Z'}, {'autor': '@Nightgangyt', 'comentario': '\u2060@EjjejeGegehehe dude shut up it’s a  kid', 'likes': 0, 'publicado_em': '2023-08-03T03:16:52Z'}, {'autor': '@You_Mad558', 'comentario': ""\u200b@EjjejeGegehehe fr they act like we just didn't watch the video"", 'likes': 2, 'publicado_em': '2023-08-04T04:29:17Z'}, {'autor': '@MrFufu14', 'comentario': ""Yep that's what happened\U0001fae5"", 'likes': 4, 'publicado_em': '2023-08-05T02:54:23Z'}, {'autor': '@ghost-pv6xh', 'comentario': ""Plot twist: Goku did 100k pushups and he forgot about because he's dumb"", 'likes': 1, 'publicado_em': '2023-08-05T03:22:20Z'}]","ANeKJ4thK0U","Goku’s the strongest 💪🏽 (with @kawiwii) #goku #anya #dragonball #dragonballz #spyxfamily #anime","2","Mais antigos"
"@ZenZone77","UCbaTssE7Oad-OgpH_n-D4_g","http://www.youtube.com/@ZenZone77","This guy had perfect Gai and Goku impression. That scream was spot on!","298","2023-07-21T15:40:57Z","2023-07-21T15:40:57Z","True","True","4","4","[{'autor': '@drip_goku5102', 'comentario': 'Not exactly goku would not lose to a challenge no matter what', 'likes': 2, 'publicado_em': '2023-08-14T17:40:24Z'}, {'autor': '@narutoyt3184', 'comentario': ""Bro that was orginal goku English voice audio. He just added the voice. That's not his orginal voice."", 'likes': 3, 'publicado_em': '2023-08-18T05:16:00Z'}, {'autor': '@stan52323', 'comentario': '\u200b@narutoyt3184but it is his original voice', 'likes': 0, 'publicado_em': '2023-09-19T14:59:29Z'}, {'autor': '@Md_Shahnawaz_hussain_07', 'comentario': 'Sorry but ti not good goku is s', 'likes': 0, 'publicado_em': '2024-01-27T13:19:11Z'}]","ANeKJ4thK0U","Goku’s the strongest 💪🏽 (with @kawiwii) #goku #anya #dragonball #dragonballz #spyxfamily #anime","2","Mais antigos"
"@F00TBÆLL_EDITZ","UCQllpT7QZyVB0AKzTtMneug","http://www.youtube.com/@F00TB%C3%86LL_EDITZ","Plot twist:Goku’s last pull up was his 1 Trillionth one","801","2023-08-17T13:19:14Z","2023-09-14T18:53:36Z","True","True","24","5","[{'autor': '@firestrikerii810', 'comentario': 'False', 'likes': 10, 'publicado_em': '2023-11-14T22:58:06Z'}, {'autor': '@F00TBÆLL_EDITZ', 'comentario': '@firestrikerii810 💀 do u not kno- \nNvm I can’t be asked to explain it to u', 'likes': 23, 'publicado_em': '2023-11-16T07:28:07Z'}, {'autor': '@who1sNeel_Raval', 'comentario': '@F00TBÆLL_EDITZ😂😂😂😂, that beerus really told him. 2 do it. And he really tried to do it', 'likes': 13, 'publicado_em': '2023-11-24T13:17:15Z'}, {'autor': '@proplayerstation', 'comentario': 'Nope', 'likes': 3, 'publicado_em': '2023-12-04T08:50:04Z'}, {'autor': '@F00TBÆLL_EDITZ', 'comentario': '@firestrikerii810 plot twist isn’t always supposed to be right it’s what the person watching thinks', 'likes': 5, 'publicado_em': '2023-12-27T10:04:47Z'}]","ANeKJ4thK0U","Goku’s the strongest 💪🏽 (with @kawiwii) #goku #anya #dragonball #dragonballz #spyxfamily #anime","2","Mais antigos"
"@HamidHussaini-o2b","UCxoYl2Gv8MDAReQTGuJAK7w","http://www.youtube.com/@HamidHussaini-o2b","He forgot to say ‘I’ve finished my 1 Million warm up’","12","2023-08-29T20:10:06Z","2023-08-29T20:10:06Z","True","True","1","1","[{'autor': '@gracewambui7049', 'comentario': 'I like Goku the best❤❤', 'likes': 1, 'publicado_em': '2024-05-07T17:52:07Z'}]","ANeKJ4thK0U","Goku’s the strongest 💪🏽 (with @kawiwii) #goku #anya #dragonball #dragonballz #spyxfamily #anime","2","Mais antigos"
"@ultravegito1668","UCYvqC7IEgHWeCC0b49dNv3A","http://www.youtube.com/@ultravegito1668","Bro forgot he had 250 lb on☠","1","2023-08-30T01:41:26Z","2023-08-30T01:41:25Z","True","True","0","0","[]","ANeKJ4thK0U","Goku’s the strongest 💪🏽 (with @kawiwii) #goku #anya #dragonball #dragonballz #spyxfamily #anime","2","Mais antigos"
"@Plat1numm","UCxK29-1Cmfm66JoX3tbaaXg","http://www.youtube.com/@Plat1numm","the fact that he can do a handstand with 1 finger is insane","2","2023-09-08T23:43:24Z","2023-09-08T23:43:24Z","True","True","0","0","[]","ANeKJ4thK0U","Goku’s the strongest 💪🏽 (with @kawiwii) #goku #anya #dragonball #dragonballz #spyxfamily #anime","2","Mais antigos"
"@TheLongestComment2427","UCRSkKiUbt6gsoQp8Sxndeeg","http://www.youtube.com/@TheLongestComment2427","His Neighbors: Honey, he is doing it again...","44","2023-10-10T01:38:03Z","2023-10-10T01:38:03Z","True","True","1","1","[{'autor': '@НадеждаПодуваева', 'comentario': '😂😂😂😂😂😂😂😂😂😂', 'likes': 1, 'publicado_em': '2024-07-17T19:05:58Z'}]","ANeKJ4thK0U","Goku’s the strongest 💪🏽 (with @kawiwii) #goku #anya #dragonball #dragonballz #spyxfamily #anime","2","Mais antigos"
"@KiboNoKami希","UCYqW-NKkd1mEVzTJF72dzNA","http://www.youtube.com/@KiboNoKami%E5%B8%8C","Beerus: Do 1 trillion pull ups!

Goku on his 1 trillionth pull up:","3","2025-06-28T07:52:10Z","2025-06-28T07:52:10Z","True","True","0","0","[]","ANeKJ4thK0U","Goku’s the strongest 💪🏽 (with @kawiwii) #goku #anya #dragonball #dragonballz #spyxfamily #anime","2","Mais antigos"
"@Channel-KC","UC2oi4wZy7yqmhWS-qe-qS1A","http://www.youtube.com/@Channel-KC","That “little bitch” got me rolling 😂😂😂","6885","2023-06-07T20:33:15Z","2023-06-07T20:33:15Z","True","True","145","5","[{'autor': '@brownbakugo', 'comentario': 'It wasn’t part of the script 😢', 'likes': 1220, 'publicado_em': '2023-06-07T20:36:19Z'}, {'autor': '@AA-wu2fk', 'comentario': 'Lol', 'likes': 72, 'publicado_em': '2023-06-07T20:50:36Z'}, {'autor': '@jabrayalhameed-cn5xn', 'comentario': ""\u200b@brownbakugo omg your here i'm your biggest....BOY 😈 btw i'm your biggest fan ❤❤❤❤❤❤❤❤❤❤❤🖤🧡🤍🤎💙💜"", 'likes': 57, 'publicado_em': '2023-06-07T21:15:33Z'}, {'autor': '@npc90383', 'comentario': 'Lol', 'likes': 18, 'publicado_em': '2023-06-07T23:37:07Z'}, {'autor': '@FractalZero007', 'comentario': '@brownbakugo lol', 'likes': 16, 'publicado_em': '2023-06-08T05:09:42Z'}]","ANeKJ4thK0U","Goku’s the strongest 💪🏽 (with @kawiwii) #goku #anya #dragonball #dragonballz #spyxfamily #anime","3","Mais curtidos"
"@GnA_000","UCy_8oWO5KiUKmzB0fjlH6Dg","http://www.youtube.com/@GnA_000","Vegeta dies
Her:""Anya!""
Goku:""FUCK YOU!!""","3036","2023-06-07T20:42:29Z","2023-06-07T20:42:29Z","True","True","26","5","[{'autor': '@djbunny3812', 'comentario': 'Still funny🤣', 'likes': 37, 'publicado_em': '2023-06-08T08:22:08Z'}, {'autor': '@gwhyte54', 'comentario': 'Goku: VEGETAAAAA!!!', 'likes': 18, 'publicado_em': '2023-06-09T13:15:34Z'}, {'autor': '@LilComaPatient', 'comentario': '@gwhyte54 Anya: little bi-', 'likes': 11, 'publicado_em': '2023-06-11T22:42:24Z'}, {'autor': '@seandominic3625', 'comentario': 'pt 2', 'likes': 2, 'publicado_em': '2023-06-14T03:44:19Z'}, {'autor': '@DonaldWomack-i7x', 'comentario': 'Fuck funny', 'likes': 0, 'publicado_em': '2023-06-16T04:16:26Z'}]","ANeKJ4thK0U","Goku’s the strongest 💪🏽 (with @kawiwii) #goku #anya #dragonball #dragonballz #spyxfamily #anime","3","Mais curtidos"
"@KingSoda","UCgTeI1JfRGHfCLjJpxf0oVw","http://www.youtube.com/@KingSoda","Anya bout to become the new MC in Dragon Ball at this point","1275","2023-06-07T20:52:17Z","2023-06-07T20:52:17Z","True","True","26","5","[{'autor': '@Scp-682htdr', 'comentario': 'Wth is king soda doing here', 'likes': 20, 'publicado_em': '2023-06-07T21:11:41Z'}, {'autor': '@Replay1661', 'comentario': 'The legend', 'likes': 8, 'publicado_em': '2023-06-07T22:52:29Z'}, {'autor': '@Axolotl_e', 'comentario': ""Didn't expect to see you here."", 'likes': 7, 'publicado_em': '2023-06-08T00:50:03Z'}, {'autor': '@Ahh_help', 'comentario': 'Oh look king soda', 'likes': 4, 'publicado_em': '2023-06-10T00:14:54Z'}, {'autor': '@unicornswirl661', 'comentario': 'Didn’t expect you here', 'likes': 3, 'publicado_em': '2023-06-10T01:08:53Z'}]","ANeKJ4thK0U","Goku’s the strongest 💪🏽 (with @kawiwii) #goku #anya #dragonball #dragonballz #spyxfamily #anime","3","Mais curtidos"
"@F00TBÆLL_EDITZ","UCQllpT7QZyVB0AKzTtMneug","http://www.youtube.com/@F00TB%C3%86LL_EDITZ","Plot twist:Goku’s last pull up was his 1 Trillionth one","801","2023-08-17T13:19:14Z","2023-09-14T18:53:36Z","True","True","24","5","[{'autor': '@firestrikerii810', 'comentario': 'False', 'likes': 10, 'publicado_em': '2023-11-14T22:58:06Z'}, {'autor': '@F00TBÆLL_EDITZ', 'comentario': '@firestrikerii810 💀 do u not kno- \nNvm I can’t be asked to explain it to u', 'likes': 23, 'publicado_em': '2023-11-16T07:28:07Z'}, {'autor': '@who1sNeel_Raval', 'comentario': '@F00TBÆLL_EDITZ😂😂😂😂, that beerus really told him. 2 do it. And he really tried to do it', 'likes': 13, 'publicado_em': '2023-11-24T13:17:15Z'}, {'autor': '@proplayerstation', 'comentario': 'Nope', 'likes': 3, 'publicado_em': '2023-12-04T08:50:04Z'}, {'autor': '@F00TBÆLL_EDITZ', 'comentario': '@firestrikerii810 plot twist isn’t always supposed to be right it’s what the person watching thinks', 'likes': 5, 'publicado_em': '2023-12-27T10:04:47Z'}]","ANeKJ4thK0U","Goku’s the strongest 💪🏽 (with @kawiwii) #goku #anya #dragonball #dragonballz #spyxfamily #anime","3","Mais curtidos"
"@underthesonson","UChM8IZFXt_2lx9t7tFDgSTQ","http://www.youtube.com/@underthesonson","The fact bro sound like goku makes it 10x funnier 😂😂😂😂😂","640","2023-06-13T15:16:49Z","2023-06-13T15:16:49Z","True","True","4","4","[{'autor': '@rioamiro4378', 'comentario': '😂😂😂😂😂😂😂😂🤣🤣🤣🤣🤣🤣dhdhdfhd', 'likes': 5, 'publicado_em': '2023-07-09T14:53:22Z'}, {'autor': '@mai_luuuu', 'comentario': '\u200b@alimlaundrysurabaya01why you mad?', 'likes': 4, 'publicado_em': '2023-07-12T20:18:41Z'}, {'autor': '@deborahwilliams-wl5xp', 'comentario': 'Man😂', 'likes': 3, 'publicado_em': '2023-07-12T23:47:56Z'}, {'autor': '@deborahwilliams-wl5xp', 'comentario': '😂 look man😅', 'likes': 4, 'publicado_em': '2023-07-12T23:48:52Z'}]","ANeKJ4thK0U","Goku’s the strongest 💪🏽 (with @kawiwii) #goku #anya #dragonball #dragonballz #spyxfamily #anime","3","Mais curtidos"
"@XVSvideoz","UCzjt6xgrJPHn0nUuOXtE3bg","http://www.youtube.com/@XVSvideoz","Why does this man have such an accurate Goku impression 😂","564","2023-06-08T11:28:12Z","2023-06-08T11:28:12Z","True","True","6","5","[{'autor': '@Glaskäfig', 'comentario': ""Bro that's what I'm trying to figure out 🤣"", 'likes': 11, 'publicado_em': '2023-06-23T04:03:19Z'}, {'autor': '@wanosleep4416', 'comentario': 'Frl😂', 'likes': 6, 'publicado_em': '2023-06-23T17:35:55Z'}, {'autor': '@LolaTheMii', 'comentario': 'Fr! If Sean ever retires or something, brownbakugo should take over dubbing Goku for the remaining Dragon Ball adaptions.', 'likes': 27, 'publicado_em': '2023-06-26T09:39:05Z'}, {'autor': '@XVSvideoz', 'comentario': ""@LolaTheMii I wouldn't mind seeing that😂"", 'likes': 6, 'publicado_em': '2023-06-26T10:08:12Z'}, {'autor': '@michaelrodriguez2761', 'comentario': ""He's been doing it for years now it wouldn't really make sense if he didn't even sound the littlest bit like it"", 'likes': 1, 'publicado_em': '2023-07-22T06:50:00Z'}]","ANeKJ4thK0U","Goku’s the strongest 💪🏽 (with @kawiwii) #goku #anya #dragonball #dragonballz #spyxfamily #anime","3","Mais curtidos"
"@skylar-nj7oh","UCw71qzpQ2JeP7Ucma8r8PVg","http://www.youtube.com/@skylar-nj7oh","Goku:* struggling*
Anya:* flexes on him*
Goku:* start crying*
Anya: Little B*tch","528","2023-07-16T19:13:53Z","2023-07-16T19:13:53Z","True","True","11","5","[{'autor': '@EjjejeGegehehe', 'comentario': 'Wow you understanded what heppend in the video . Need a medal?', 'likes': 10, 'publicado_em': '2023-07-31T05:30:24Z'}, {'autor': '@Nightgangyt', 'comentario': '\u2060@EjjejeGegehehe dude shut up it’s a  kid', 'likes': 0, 'publicado_em': '2023-08-03T03:16:52Z'}, {'autor': '@You_Mad558', 'comentario': ""\u200b@EjjejeGegehehe fr they act like we just didn't watch the video"", 'likes': 2, 'publicado_em': '2023-08-04T04:29:17Z'}, {'autor': '@MrFufu14', 'comentario': ""Yep that's what happened\U0001fae5"", 'likes': 4, 'publicado_em': '2023-08-05T02:54:23Z'}, {'autor': '@ghost-pv6xh', 'comentario': ""Plot twist: Goku did 100k pushups and he forgot about because he's dumb"", 'likes': 1, 'publicado_em': '2023-08-05T03:22:20Z'}]","ANeKJ4thK0U","Goku’s the strongest 💪🏽 (with @kawiwii) #goku #anya #dragonball #dragonballz #spyxfamily #anime","3","Mais curtidos"
"@SuperDemon601","UC--E9ZD-klZsN_gk4mQl3OQ","http://www.youtube.com/@SuperDemon601","""wittle bitch"" got me dying bro","412","2023-06-07T20:45:54Z","2023-06-07T20:45:54Z","True","True","3","3","[{'autor': '@cms8745', 'comentario': 'WAIT .... r u alive :I', 'likes': 2, 'publicado_em': '2023-06-09T00:42:34Z'}, {'autor': '@SuperDemon601', 'comentario': '@cms8745 no', 'likes': 0, 'publicado_em': '2023-06-09T00:49:08Z'}, {'autor': '@cms8745', 'comentario': '@SuperDemon601 rest in peace👋\U0001fae1', 'likes': 4, 'publicado_em': '2023-06-09T00:56:53Z'}]","ANeKJ4thK0U","Goku’s the strongest 💪🏽 (with @kawiwii) #goku #anya #dragonball #dragonballz #spyxfamily #anime","3","Mais curtidos"
"@ZenZone77","UCbaTssE7Oad-OgpH_n-D4_g","http://www.youtube.com/@ZenZone77","This guy had perfect Gai and Goku impression. That scream was spot on!","298","2023-07-21T15:40:57Z","2023-07-21T15:40:57Z","True","True","4","4","[{'autor': '@drip_goku5102', 'comentario': 'Not exactly goku would not lose to a challenge no matter what', 'likes': 2, 'publicado_em': '2023-08-14T17:40:24Z'}, {'autor': '@narutoyt3184', 'comentario': ""Bro that was orginal goku English voice audio. He just added the voice. That's not his orginal voice."", 'likes': 3, 'publicado_em': '2023-08-18T05:16:00Z'}, {'autor': '@stan52323', 'comentario': '\u200b@narutoyt3184but it is his original voice', 'likes': 0, 'publicado_em': '2023-09-19T14:59:29Z'}, {'autor': '@Md_Shahnawaz_hussain_07', 'comentario': 'Sorry but ti not good goku is s', 'likes': 0, 'publicado_em': '2024-01-27T13:19:11Z'}]","ANeKJ4thK0U","Goku’s the strongest 💪🏽 (with @kawiwii) #goku #anya #dragonball #dragonballz #spyxfamily #anime","3","Mais curtidos"
"@KMSNGMN0922","UCcfqOb8f20xlotSqPv0nxDg","http://www.youtube.com/@KMSNGMN0922","She did him like that 😭😹I’m crying 😂😭","281","2023-06-07T20:32:13Z","2023-06-07T20:32:13Z","True","True","1","1","[{'autor': '@lucaguercci1275', 'comentario': 'Bro what! I thought he actual was paralized in the legs and needed a wheel chair', 'likes': 1, 'publicado_em': '2023-06-13T18:47:20Z'}]","ANeKJ4thK0U","Goku’s the strongest 💪🏽 (with @kawiwii) #goku #anya #dragonball #dragonballz #spyxfamily #anime","3","Mais curtidos"
"@yyvs_z","UCrl8vG8eZe0W46rGPKiGPVg","http://www.youtube.com/@yyvs_z","i like how he goes from whimpering sounds to a god tier perfect goku shout then back to whimpering 😭","125","2023-07-02T08:42:35Z","2023-07-02T08:42:55Z","True","True","0","0","[]","ANeKJ4thK0U","Goku’s the strongest 💪🏽 (with @kawiwii) #goku #anya #dragonball #dragonballz #spyxfamily #anime","3","Mais curtidos"
"@Soupster828","UCEox0FwKVPsxMwW9goBeYpA","http://www.youtube.com/@Soupster828","I started dying when Anya said “Little Bitch” 💀","122","2023-06-13T21:28:02Z","2023-06-13T21:28:02Z","True","True","1","1","[{'autor': '@skylar-nj7oh', 'comentario': 'Frr', 'likes': 1, 'publicado_em': '2023-07-16T19:11:54Z'}]","ANeKJ4thK0U","Goku’s the strongest 💪🏽 (with @kawiwii) #goku #anya #dragonball #dragonballz #spyxfamily #anime","3","Mais curtidos"
"@tetsuryuu01","UCXjqjD80a-NMlJn8KSqYZaQ","http://www.youtube.com/@tetsuryuu01","Man the ''little bitch"" at the end was epic🤣🤣🤣🤣","91","2023-06-07T21:20:41Z","2023-06-07T21:20:41Z","True","True","0","0","[]","ANeKJ4thK0U","Goku’s the strongest 💪🏽 (with @kawiwii) #goku #anya #dragonball #dragonballz #spyxfamily #anime","3","Mais curtidos"
"@WhaleShark3","UC2-Ny6BPH3kWkcmaPYQjgDw","http://www.youtube.com/@WhaleShark3","Him: trying not to cry
Anya: bitch","60","2023-06-13T03:50:29Z","2023-06-13T03:50:29Z","True","True","0","0","[]","ANeKJ4thK0U","Goku’s the strongest 💪🏽 (with @kawiwii) #goku #anya #dragonball #dragonballz #spyxfamily #anime","3","Mais curtidos"
"@larioscaca","UCYzuzw16C0jmaHna3FL2exg","http://www.youtube.com/@larioscaca","I just can’t Anya is too strong 😂🙏🏽","60","2023-06-07T20:42:29Z","2023-06-07T20:42:29Z","True","True","2","2","[{'autor': '@cathyedwards4032', 'comentario': 'Not stronger than me', 'likes': 1, 'publicado_em': '2023-07-30T05:40:23Z'}, {'autor': '@rajeshthalapathi2145', 'comentario': '❤❤❤❤❤❤❤❤❤❤❤❤', 'likes': 0, 'publicado_em': '2025-03-08T08:40:19Z'}]","ANeKJ4thK0U","Goku’s the strongest 💪🏽 (with @kawiwii) #goku #anya #dragonball #dragonballz #spyxfamily #anime","3","Mais curtidos"
"@TheLongestComment2427","UCRSkKiUbt6gsoQp8Sxndeeg","http://www.youtube.com/@TheLongestComment2427","His Neighbors: Honey, he is doing it again...","44","2023-10-10T01:38:03Z","2023-10-10T01:38:03Z","True","True","1","1","[{'autor': '@НадеждаПодуваева', 'comentario': '😂😂😂😂😂😂😂😂😂😂', 'likes': 1, 'publicado_em': '2024-07-17T19:05:58Z'}]","ANeKJ4thK0U","Goku’s the strongest 💪🏽 (with @kawiwii) #goku #anya #dragonball #dragonballz #spyxfamily #anime","3","Mais curtidos"
"@HamidHussaini-o2b","UCxoYl2Gv8MDAReQTGuJAK7w","http://www.youtube.com/@HamidHussaini-o2b","He forgot to say ‘I’ve finished my 1 Million warm up’","12","2023-08-29T20:10:06Z","2023-08-29T20:10:06Z","True","True","1","1","[{'autor': '@gracewambui7049', 'comentario': 'I like Goku the best❤❤', 'likes': 1, 'publicado_em': '2024-05-07T17:52:07Z'}]","ANeKJ4thK0U","Goku’s the strongest 💪🏽 (with @kawiwii) #goku #anya #dragonball #dragonballz #spyxfamily #anime","3","Mais curtidos"
"@KiboNoKami希","UCYqW-NKkd1mEVzTJF72dzNA","http://www.youtube.com/@KiboNoKami%E5%B8%8C","Beerus: Do 1 trillion pull ups!

Goku on his 1 trillionth pull up:","3","2025-06-28T07:52:10Z","2025-06-28T07:52:10Z","True","True","0","0","[]","ANeKJ4thK0U","Goku’s the strongest 💪🏽 (with @kawiwii) #goku #anya #dragonball #dragonballz #spyxfamily #anime","3","Mais curtidos"
"@Plat1numm","UCxK29-1Cmfm66JoX3tbaaXg","http://www.youtube.com/@Plat1numm","the fact that he can do a handstand with 1 finger is insane","2","2023-09-08T23:43:24Z","2023-09-08T23:43:24Z","True","True","0","0","[]","ANeKJ4thK0U","Goku’s the strongest 💪🏽 (with @kawiwii) #goku #anya #dragonball #dragonballz #spyxfamily #anime","3","Mais curtidos"
"@ultravegito1668","UCYvqC7IEgHWeCC0b49dNv3A","http://www.youtube.com/@ultravegito1668","Bro forgot he had 250 lb on☠","1","2023-08-30T01:41:26Z","2023-08-30T01:41:25Z","True","True","0","0","[]","ANeKJ4thK0U","Goku’s the strongest 💪🏽 (with @kawiwii) #goku #anya #dragonball #dragonballz #spyxfamily #anime","3","Mais curtidos"
"@yyvs_z","UCrl8vG8eZe0W46rGPKiGPVg","http://www.youtube.com/@yyvs_z","i like how he goes from whimpering sounds to a god tier perfect goku shout then back to whimpering 😭","125","2023-07-02T08:42:35Z","2023-07-02T08:42:55Z","True","True","0","0","[]","ANeKJ4thK0U","Goku’s the strongest 💪🏽 (with @kawiwii) #goku #anya #dragonball #dragonballz #spyxfamily #anime","4","Mais longos"
"@skylar-nj7oh","UCw71qzpQ2JeP7Ucma8r8PVg","http://www.youtube.com/@skylar-nj7oh","Goku:* struggling*
Anya:* flexes on him*
Goku:* start crying*
Anya: Little B*tch","528","2023-07-16T19:13:53Z","2023-07-16T19:13:53Z","True","True","11","5","[{'autor': '@EjjejeGegehehe', 'comentario': 'Wow you understanded what heppend in the video . Need a medal?', 'likes': 10, 'publicado_em': '2023-07-31T05:30:24Z'}, {'autor': '@Nightgangyt', 'comentario': '\u2060@EjjejeGegehehe dude shut up it’s a  kid', 'likes': 0, 'publicado_em': '2023-08-03T03:16:52Z'}, {'autor': '@You_Mad558', 'comentario': ""\u200b@EjjejeGegehehe fr they act like we just didn't watch the video"", 'likes': 2, 'publicado_em': '2023-08-04T04:29:17Z'}, {'autor': '@MrFufu14', 'comentario': ""Yep that's what happened\U0001fae5"", 'likes': 4, 'publicado_em': '2023-08-05T02:54:23Z'}, {'autor': '@ghost-pv6xh', 'comentario': ""Plot twist: Goku did 100k pushups and he forgot about because he's dumb"", 'likes': 1, 'publicado_em': '2023-08-05T03:22:20Z'}]","ANeKJ4thK0U","Goku’s the strongest 💪🏽 (with @kawiwii) #goku #anya #dragonball #dragonballz #spyxfamily #anime","4","Mais longos"
"@ZenZone77","UCbaTssE7Oad-OgpH_n-D4_g","http://www.youtube.com/@ZenZone77","This guy had perfect Gai and Goku impression. That scream was spot on!","298","2023-07-21T15:40:57Z","2023-07-21T15:40:57Z","True","True","4","4","[{'autor': '@drip_goku5102', 'comentario': 'Not exactly goku would not lose to a challenge no matter what', 'likes': 2, 'publicado_em': '2023-08-14T17:40:24Z'}, {'autor': '@narutoyt3184', 'comentario': ""Bro that was orginal goku English voice audio. He just added the voice. That's not his orginal voice."", 'likes': 3, 'publicado_em': '2023-08-18T05:16:00Z'}, {'autor': '@stan52323', 'comentario': '\u200b@narutoyt3184but it is his original voice', 'likes': 0, 'publicado_em': '2023-09-19T14:59:29Z'}, {'autor': '@Md_Shahnawaz_hussain_07', 'comentario': 'Sorry but ti not good goku is s', 'likes': 0, 'publicado_em': '2024-01-27T13:19:11Z'}]","ANeKJ4thK0U","Goku’s the strongest 💪🏽 (with @kawiwii) #goku #anya #dragonball #dragonballz #spyxfamily #anime","4","Mais longos"
"@KiboNoKami希","UCYqW-NKkd1mEVzTJF72dzNA","http://www.youtube.com/@KiboNoKami%E5%B8%8C","Beerus: Do 1 trillion pull ups!

Goku on his 1 trillionth pull up:","3","2025-06-28T07:52:10Z","2025-06-28T07:52:10Z","True","True","0","0","[]","ANeKJ4thK0U","Goku’s the strongest 💪🏽 (with @kawiwii) #goku #anya #dragonball #dragonballz #spyxfamily #anime","4","Mais longos"
"@KingSoda","UCgTeI1JfRGHfCLjJpxf0oVw","http://www.youtube.com/@KingSoda","Anya bout to become the new MC in Dragon Ball at this point","1275","2023-06-07T20:52:17Z","2023-06-07T20:52:17Z","True","True","26","5","[{'autor': '@Scp-682htdr', 'comentario': 'Wth is king soda doing here', 'likes': 20, 'publicado_em': '2023-06-07T21:11:41Z'}, {'autor': '@Replay1661', 'comentario': 'The legend', 'likes': 8, 'publicado_em': '2023-06-07T22:52:29Z'}, {'autor': '@Axolotl_e', 'comentario': ""Didn't expect to see you here."", 'likes': 7, 'publicado_em': '2023-06-08T00:50:03Z'}, {'autor': '@Ahh_help', 'comentario': 'Oh look king soda', 'likes': 4, 'publicado_em': '2023-06-10T00:14:54Z'}, {'autor': '@unicornswirl661', 'comentario': 'Didn’t expect you here', 'likes': 3, 'publicado_em': '2023-06-10T01:08:53Z'}]","ANeKJ4thK0U","Goku’s the strongest 💪🏽 (with @kawiwii) #goku #anya #dragonball #dragonballz #spyxfamily #anime","4","Mais longos"
"@Plat1numm","UCxK29-1Cmfm66JoX3tbaaXg","http://www.youtube.com/@Plat1numm","the fact that he can do a handstand with 1 finger is insane","2","2023-09-08T23:43:24Z","2023-09-08T23:43:24Z","True","True","0","0","[]","ANeKJ4thK0U","Goku’s the strongest 💪🏽 (with @kawiwii) #goku #anya #dragonball #dragonballz #spyxfamily #anime","4","Mais longos"
"@XVSvideoz","UCzjt6xgrJPHn0nUuOXtE3bg","http://www.youtube.com/@XVSvideoz","Why does this man have such an accurate Goku impression 😂","564","2023-06-08T11:28:12Z","2023-06-08T11:28:12Z","True","True","6","5","[{'autor': '@Glaskäfig', 'comentario': ""Bro that's what I'm trying to figure out 🤣"", 'likes': 11, 'publicado_em': '2023-06-23T04:03:19Z'}, {'autor': '@wanosleep4416', 'comentario': 'Frl😂', 'likes': 6, 'publicado_em': '2023-06-23T17:35:55Z'}, {'autor': '@LolaTheMii', 'comentario': 'Fr! If Sean ever retires or something, brownbakugo should take over dubbing Goku for the remaining Dragon Ball adaptions.', 'likes': 27, 'publicado_em': '2023-06-26T09:39:05Z'}, {'autor': '@XVSvideoz', 'comentario': ""@LolaTheMii I wouldn't mind seeing that😂"", 'likes': 6, 'publicado_em': '2023-06-26T10:08:12Z'}, {'autor': '@michaelrodriguez2761', 'comentario': ""He's been doing it for years now it wouldn't really make sense if he didn't even sound the littlest bit like it"", 'likes': 1, 'publicado_em': '2023-07-22T06:50:00Z'}]","ANeKJ4thK0U","Goku’s the strongest 💪🏽 (with @kawiwii) #goku #anya #dragonball #dragonballz #spyxfamily #anime","4","Mais longos"
"@F00TBÆLL_EDITZ","UCQllpT7QZyVB0AKzTtMneug","http://www.youtube.com/@F00TB%C3%86LL_EDITZ","Plot twist:Goku’s last pull up was his 1 Trillionth one","801","2023-08-17T13:19:14Z","2023-09-14T18:53:36Z","True","True","24","5","[{'autor': '@firestrikerii810', 'comentario': 'False', 'likes': 10, 'publicado_em': '2023-11-14T22:58:06Z'}, {'autor': '@F00TBÆLL_EDITZ', 'comentario': '@firestrikerii810 💀 do u not kno- \nNvm I can’t be asked to explain it to u', 'likes': 23, 'publicado_em': '2023-11-16T07:28:07Z'}, {'autor': '@who1sNeel_Raval', 'comentario': '@F00TBÆLL_EDITZ😂😂😂😂, that beerus really told him. 2 do it. And he really tried to do it', 'likes': 13, 'publicado_em': '2023-11-24T13:17:15Z'}, {'autor': '@proplayerstation', 'comentario': 'Nope', 'likes': 3, 'publicado_em': '2023-12-04T08:50:04Z'}, {'autor': '@F00TBÆLL_EDITZ', 'comentario': '@firestrikerii810 plot twist isn’t always supposed to be right it’s what the person watching thinks', 'likes': 5, 'publicado_em': '2023-12-27T10:04:47Z'}]","ANeKJ4thK0U","Goku’s the strongest 💪🏽 (with @kawiwii) #goku #anya #dragonball #dragonballz #spyxfamily #anime","4","Mais longos"
"@underthesonson","UChM8IZFXt_2lx9t7tFDgSTQ","http://www.youtube.com/@underthesonson","The fact bro sound like goku makes it 10x funnier 😂😂😂😂😂","640","2023-06-13T15:16:49Z","2023-06-13T15:16:49Z","True","True","4","4","[{'autor': '@rioamiro4378', 'comentario': '😂😂😂😂😂😂😂😂🤣🤣🤣🤣🤣🤣dhdhdfhd', 'likes': 5, 'publicado_em': '2023-07-09T14:53:22Z'}, {'autor': '@mai_luuuu', 'comentario': '\u200b@alimlaundrysurabaya01why you mad?', 'likes': 4, 'publicado_em': '2023-07-12T20:18:41Z'}, {'autor': '@deborahwilliams-wl5xp', 'comentario': 'Man😂', 'likes': 3, 'publicado_em': '2023-07-12T23:47:56Z'}, {'autor': '@deborahwilliams-wl5xp', 'comentario': '😂 look man😅', 'likes': 4, 'publicado_em': '2023-07-12T23:48:52Z'}]","ANeKJ4thK0U","Goku’s the strongest 💪🏽 (with @kawiwii) #goku #anya #dragonball #dragonballz #spyxfamily #anime","4","Mais longos"
"@HamidHussaini-o2b","UCxoYl2Gv8MDAReQTGuJAK7w","http://www.youtube.com/@HamidHussaini-o2b","He forgot to say ‘I’ve finished my 1 Million warm up’","12","2023-08-29T20:10:06Z","2023-08-29T20:10:06Z","True","True","1","1","[{'autor': '@gracewambui7049', 'comentario': 'I like Goku the best❤❤', 'likes': 1, 'publicado_em': '2024-05-07T17:52:07Z'}]","ANeKJ4thK0U","Goku’s the strongest 💪🏽 (with @kawiwii) #goku #anya #dragonball #dragonballz #spyxfamily #anime","4","Mais longos"
"@Soupster828","UCEox0FwKVPsxMwW9goBeYpA","http://www.youtube.com/@Soupster828","I started dying when Anya said “Little Bitch” 💀","122","2023-06-13T21:28:02Z","2023-06-13T21:28:02Z","True","True","1","1","[{'autor': '@skylar-nj7oh', 'comentario': 'Frr', 'likes': 1, 'publicado_em': '2023-07-16T19:11:54Z'}]","ANeKJ4thK0U","Goku’s the strongest 💪🏽 (with @kawiwii) #goku #anya #dragonball #dragonballz #spyxfamily #anime","4","Mais longos"
"@tetsuryuu01","UCXjqjD80a-NMlJn8KSqYZaQ","http://www.youtube.com/@tetsuryuu01","Man the ''little bitch"" at the end was epic🤣🤣🤣🤣","91","2023-06-07T21:20:41Z","2023-06-07T21:20:41Z","True","True","0","0","[]","ANeKJ4thK0U","Goku’s the strongest 💪🏽 (with @kawiwii) #goku #anya #dragonball #dragonballz #spyxfamily #anime","4","Mais longos"
"@TheLongestComment2427","UCRSkKiUbt6gsoQp8Sxndeeg","http://www.youtube.com/@TheLongestComment2427","His Neighbors: Honey, he is doing it again...","44","2023-10-10T01:38:03Z","2023-10-10T01:38:03Z","True","True","1","1","[{'autor': '@НадеждаПодуваева', 'comentario': '😂😂😂😂😂😂😂😂😂😂', 'likes': 1, 'publicado_em': '2024-07-17T19:05:58Z'}]","ANeKJ4thK0U","Goku’s the strongest 💪🏽 (with @kawiwii) #goku #anya #dragonball #dragonballz #spyxfamily #anime","4","Mais longos"
"@GnA_000","UCy_8oWO5KiUKmzB0fjlH6Dg","http://www.youtube.com/@GnA_000","Vegeta dies
Her:""Anya!""
Goku:""FUCK YOU!!""","3036","2023-06-07T20:42:29Z","2023-06-07T20:42:29Z","True","True","26","5","[{'autor': '@djbunny3812', 'comentario': 'Still funny🤣', 'likes': 37, 'publicado_em': '2023-06-08T08:22:08Z'}, {'autor': '@gwhyte54', 'comentario': 'Goku: VEGETAAAAA!!!', 'likes': 18, 'publicado_em': '2023-06-09T13:15:34Z'}, {'autor': '@LilComaPatient', 'comentario': '@gwhyte54 Anya: little bi-', 'likes': 11, 'publicado_em': '2023-06-11T22:42:24Z'}, {'autor': '@seandominic3625', 'comentario': 'pt 2', 'likes': 2, 'publicado_em': '2023-06-14T03:44:19Z'}, {'autor': '@DonaldWomack-i7x', 'comentario': 'Fuck funny', 'likes': 0, 'publicado_em': '2023-06-16T04:16:26Z'}]","ANeKJ4thK0U","Goku’s the strongest 💪🏽 (with @kawiwii) #goku #anya #dragonball #dragonballz #spyxfamily #anime","4","Mais longos"
"@Channel-KC","UC2oi4wZy7yqmhWS-qe-qS1A","http://www.youtube.com/@Channel-KC","That “little bitch” got me rolling 😂😂😂","6885","2023-06-07T20:33:15Z","2023-06-07T20:33:15Z","True","True","145","5","[{'autor': '@brownbakugo', 'comentario': 'It wasn’t part of the script 😢', 'likes': 1220, 'publicado_em': '2023-06-07T20:36:19Z'}, {'autor': '@AA-wu2fk', 'comentario': 'Lol', 'likes': 72, 'publicado_em': '2023-06-07T20:50:36Z'}, {'autor': '@jabrayalhameed-cn5xn', 'comentario': ""\u200b@brownbakugo omg your here i'm your biggest....BOY 😈 btw i'm your biggest fan ❤❤❤❤❤❤❤❤❤❤❤🖤🧡🤍🤎💙💜"", 'likes': 57, 'publicado_em': '2023-06-07T21:15:33Z'}, {'autor': '@npc90383', 'comentario': 'Lol', 'likes': 18, 'publicado_em': '2023-06-07T23:37:07Z'}, {'autor': '@FractalZero007', 'comentario': '@brownbakugo lol', 'likes': 16, 'publicado_em': '2023-06-08T05:09:42Z'}]","ANeKJ4thK0U","Goku’s the strongest 💪🏽 (with @kawiwii) #goku #anya #dragonball #dragonballz #spyxfamily #anime","4","Mais longos"
"@KMSNGMN0922","UCcfqOb8f20xlotSqPv0nxDg","http://www.youtube.com/@KMSNGMN0922","She did him like that 😭😹I’m crying 😂😭","281","2023-06-07T20:32:13Z","2023-06-07T20:32:13Z","True","True","1","1","[{'autor': '@lucaguercci1275', 'comentario': 'Bro what! I thought he actual was paralized in the legs and needed a wheel chair', 'likes': 1, 'publicado_em': '2023-06-13T18:47:20Z'}]","ANeKJ4thK0U","Goku’s the strongest 💪🏽 (with @kawiwii) #goku #anya #dragonball #dragonballz #spyxfamily #anime","4","Mais longos"
"@larioscaca","UCYzuzw16C0jmaHna3FL2exg","http://www.youtube.com/@larioscaca","I just can’t Anya is too strong 😂🙏🏽","60","2023-06-07T20:42:29Z","2023-06-07T20:42:29Z","True","True","2","2","[{'autor': '@cathyedwards4032', 'comentario': 'Not stronger than me', 'likes': 1, 'publicado_em': '2023-07-30T05:40:23Z'}, {'autor': '@rajeshthalapathi2145', 'comentario': '❤❤❤❤❤❤❤❤❤❤❤❤', 'likes': 0, 'publicado_em': '2025-03-08T08:40:19Z'}]","ANeKJ4thK0U","Goku’s the strongest 💪🏽 (with @kawiwii) #goku #anya #dragonball #dragonballz #spyxfamily #anime","4","Mais longos"
"@WhaleShark3","UC2-Ny6BPH3kWkcmaPYQjgDw","http://www.youtube.com/@WhaleShark3","Him: trying not to cry
Anya: bitch","60","2023-06-13T03:50:29Z","2023-06-13T03:50:29Z","True","True","0","0","[]","ANeKJ4thK0U","Goku’s the strongest 💪🏽 (with @kawiwii) #goku #anya #dragonball #dragonballz #spyxfamily #anime","4","Mais longos"
"@SuperDemon601","UC--E9ZD-klZsN_gk4mQl3OQ","http://www.youtube.com/@SuperDemon601","""wittle bitch"" got me dying bro","412","2023-06-07T20:45:54Z","2023-06-07T20:45:54Z","True","True","3","3","[{'autor': '@cms8745', 'comentario': 'WAIT .... r u alive :I', 'likes': 2, 'publicado_em': '2023-06-09T00:42:34Z'}, {'autor': '@SuperDemon601', 'comentario': '@cms8745 no', 'likes': 0, 'publicado_em': '2023-06-09T00:49:08Z'}, {'autor': '@cms8745', 'comentario': '@SuperDemon601 rest in peace👋\U0001fae1', 'likes': 4, 'publicado_em': '2023-06-09T00:56:53Z'}]","ANeKJ4thK0U","Goku’s the strongest 💪🏽 (with @kawiwii) #goku #anya #dragonball #dragonballz #spyxfamily #anime","4","Mais longos"
"@ultravegito1668","UCYvqC7IEgHWeCC0b49dNv3A","http://www.youtube.com/@ultravegito1668","Bro forgot he had 250 lb on☠","1","2023-08-30T01:41:26Z","2023-08-30T01:41:25Z","True","True","0","0","[]","ANeKJ4thK0U","Goku’s the strongest 💪🏽 (with @kawiwii) #goku #anya #dragonball #dragonballz #spyxfamily #anime","4","Mais longos"
"@marquezwalker3541","UClOazA_A6gjAmsCNtBoxnvw","http://www.youtube.com/@marquezwalker3541","Vegeta: is that all you got? Next! Frieza: damn you! Vegeta: oh crap not again! Jiren: good bye! Goku: phew finally my turn. Ultimate instinct Goku: ... Jiren: shit!","5","2025-05-24T13:42:13Z","2025-05-24T13:42:13Z","True","True","0","0","[]","h9SsGsqyaH4","DRAGON BALL - SLAP BATTLE #shorts","1","Mais novos"
"@Sagarvaghelaofficial","UCiIiSSwWc3I4yJoWixNB39w","http://www.youtube.com/@Sagarvaghelaofficial","Love 😊","5","2025-03-04T04:14:05Z","2025-03-04T04:14:05Z","True","True","0","0","[]","h9SsGsqyaH4","DRAGON BALL - SLAP BATTLE #shorts","1","Mais novos"
"@BhaavNagar","UCw0bn_PLYfCkyKk8Z04gPjQ","http://www.youtube.com/@BhaavNagar","Can i use ur videos on my channel or u won't give me strike?❤","3","2025-03-01T05:12:22Z","2025-03-01T05:12:22Z","True","True","2","2","[{'autor': '@GamingProOfficial', 'comentario': ""Sorry brother, don't use it now, it will take some time, then you can use it for free."", 'likes': 1, 'publicado_em': '2025-03-02T04:50:43Z'}, {'autor': '@BhaavNagar', 'comentario': '@GamingProOfficial\xa0 ok thanks 👍', 'likes': 0, 'publicado_em': '2025-03-02T05:11:37Z'}]","h9SsGsqyaH4","DRAGON BALL - SLAP BATTLE #shorts","1","Mais novos"
"@Ali-s6g3n","UCtPuPZQKxCIsNQLPlM25rpg","http://www.youtube.com/@Ali-s6g3n","انا متابعك يا ولد تابعني زين يلا هلا","2","2025-02-19T09:59:39Z","2025-02-19T09:59:39Z","True","True","0","0","[]","h9SsGsqyaH4","DRAGON BALL - SLAP BATTLE #shorts","1","Mais novos"
"@plantinator2017","UCTlgtoaSpXVtzwY0DJ_R5oA","http://www.youtube.com/@plantinator2017","i love this","29","2025-02-09T20:39:48Z","2025-02-09T20:39:48Z","True","True","4","4","[{'autor': '@AlifkaBin', 'comentario': 'Dfj', 'likes': 0, 'publicado_em': '2025-02-20T04:58:55Z'}, {'autor': '@KobirHawlader-q7i', 'comentario': '😢😢', 'likes': 2, 'publicado_em': '2025-02-22T04:20:38Z'}, {'autor': '@PujaSingh-g6h', 'comentario': '🔥🐉', 'likes': 2, 'publicado_em': '2025-07-07T13:35:54Z'}, {'autor': '@TigistTesfaye-i6d4t', 'comentario': 'Very good va😂😂', 'likes': 1, 'publicado_em': '2025-07-09T08:27:51Z'}]","h9SsGsqyaH4","DRAGON BALL - SLAP BATTLE #shorts","1","Mais novos"
"@GiaNghiaNguyenBachPham","UC7irfh9XQGee05vzh7-DyXQ","http://www.youtube.com/@GiaNghiaNguyenBachPham","Black frieza","4","2025-01-07T05:20:32Z","2025-01-07T05:20:32Z","True","True","0","0","[]","h9SsGsqyaH4","DRAGON BALL - SLAP BATTLE #shorts","1","Mais novos"
"@LaxmiKanuri-ci2yf","UCTMJIe3ckPzujSrq9yoTYAQ","http://www.youtube.com/@LaxmiKanuri-ci2yf","Give me correct song bro","10","2024-12-26T16:38:16Z","2024-12-26T16:38:16Z","True","True","0","0","[]","h9SsGsqyaH4","DRAGON BALL - SLAP BATTLE #shorts","1","Mais novos"
"@faisalrajput1251","UCgdutt2_SpPJChmsKGA5KDg","http://www.youtube.com/@faisalrajput1251","Goku be like: Ab Sabko chata maroinga","48","2024-12-26T15:33:21Z","2024-12-26T15:33:21Z","True","True","2","2","[{'autor': '@JawadiFahmi', 'comentario': 'قوقو', 'likes': 3, 'publicado_em': '2025-01-26T09:08:18Z'}, {'autor': '@Ali-s6g3n', 'comentario': 'تبفابق\nاوي', 'likes': 0, 'publicado_em': '2025-02-19T09:56:41Z'}]","h9SsGsqyaH4","DRAGON BALL - SLAP BATTLE #shorts","1","Mais novos"
"@madhabidas6965","UCF9-_cxuU0k_JNlbLj0sthA","http://www.youtube.com/@madhabidas6965","Perfect bro","11","2024-12-18T06:06:39Z","2024-12-18T06:06:39Z","True","True","1","1","[{'autor': '@Mohammed88-g2n', 'comentario': '😈🤩🔥💪🐅🇸🇾🇸🇾🇸🇾🇸🇾🇸🇾🇸🇾🇸🇾🇸🇾🇸🇾🇸🇾🇸🇾🇸🇾🇸🇾🇸🇾🇸🇾🇸🇾🇸🇾🇸🇾🇸🇾🇸🇾🇸🇾🇸🇾🇸🇾🇸🇾🇸🇾🇸🇾🇸🇾🇸🇾🇸🇾🇸🇾🇸🇾🇸🇱🇸🇾🇸🇾🇸🇾🇸🇾🇸🇾🇸🇾🇸🇾🇸🇾🇸🇾🇸🇾🇸🇾🇸🇾🇸🇾🇸🇾🇸🇾🇸🇾🇸🇾🇸🇾🇸🇾🇸🇾🇸🇾🇸🇾🇸🇾🇸🇾🇸🇾🇸🇾🇸🇾🇸🇾🇸🇾🇸🇾🇸🇾🇸🇾🇸🇾🇸🇾🇸🇾🇸🇾🇸🇾🇸🇾🇸🇾🇸🇾🇸🇾🇸🇾🇸🇾🇸🇾🇸🇾🇸🇾🇸🇾🇸🇾🇸🇾🇸🇾🇸🇾🇸🇾🇸🇾🇸🇾', 'likes': 0, 'publicado_em': '2025-01-25T09:32:12Z'}]","h9SsGsqyaH4","DRAGON BALL - SLAP BATTLE #shorts","1","Mais novos"
"@NesrinLoujayn","UCsbL7RMvc6hmgkGfEN1m0aw","http://www.youtube.com/@NesrinLoujayn","محلك ❤","6","2024-12-15T09:10:46Z","2024-12-15T09:10:46Z","True","True","0","0","[]","h9SsGsqyaH4","DRAGON BALL - SLAP BATTLE #shorts","1","Mais novos"
"@Kalayarasi-l5f","UCseHItWNbVYL3P-fL3EgBFw","http://www.youtube.com/@Kalayarasi-l5f","ѕαу😊😊🎉¢σммαи∂😊😊🎉❤","3","2024-12-14T07:53:18Z","2024-12-14T07:53:18Z","True","True","0","0","[]","h9SsGsqyaH4","DRAGON BALL - SLAP BATTLE #shorts","1","Mais novos"
"@TheMoaiIsland","UCWg-5LkRgVSD9tLcN6XD7ZQ","http://www.youtube.com/@TheMoaiIsland","Beast Gohan would probably beat Frieza if you would let him","6","2024-12-13T19:52:53Z","2024-12-13T19:52:53Z","True","True","3","3","[{'autor': '@SamaraQueen-g3e', 'comentario': '🎉🎉🎉😅😅❤', 'likes': 0, 'publicado_em': '2024-12-14T06:22:08Z'}, {'autor': '@SergineOyaneekoga', 'comentario': '❤❤❤❤❤❤tu es malade', 'likes': 0, 'publicado_em': '2024-12-23T20:26:40Z'}, {'autor': '@SergineOyaneekoga', 'comentario': '❤❤❤❤❤❤tu es malade', 'likes': 0, 'publicado_em': '2024-12-23T20:26:40Z'}]","h9SsGsqyaH4","DRAGON BALL - SLAP BATTLE #shorts","1","Mais novos"
"@s_L_G_rsl","UCTvRgJiYJfNFfxyqduOZNcQ","http://www.youtube.com/@s_L_G_rsl","به ساحل جی تی ای چیکار داری؟","2","2024-12-12T19:32:07Z","2024-12-12T19:32:07Z","True","True","0","0","[]","h9SsGsqyaH4","DRAGON BALL - SLAP BATTLE #shorts","1","Mais novos"
"@JairoPokcho-i1j","UC8dwe3VyFH7JXKwNmlM_W2g","http://www.youtube.com/@JairoPokcho-i1j","Son Gogu es el más fuerte 💪💪💪💪💪🫶🫶🫶","5","2024-12-12T18:46:36Z","2024-12-12T18:46:36Z","True","True","0","0","[]","h9SsGsqyaH4","DRAGON BALL - SLAP BATTLE #shorts","1","Mais novos"
"@Matteo7385-y4w","UCTDMvEkMB4lYRq5DtueI_Og","http://www.youtube.com/@Matteo7385-y4w","Ok now black freezer","3","2024-12-09T13:49:36Z","2024-12-09T13:49:36Z","True","True","0","0","[]","h9SsGsqyaH4","DRAGON BALL - SLAP BATTLE #shorts","1","Mais novos"
"@ashokraj9601","UC_2F4uKGVkMfDtvKwz7W9qQ","http://www.youtube.com/@ashokraj9601","Goku❤❤❤❤❤❤😊😊","11","2024-12-09T12:21:34Z","2024-12-09T12:21:34Z","True","True","0","0","[]","h9SsGsqyaH4","DRAGON BALL - SLAP BATTLE #shorts","1","Mais novos"
"@rushikeshsalve3537","UCjo2GehLWWiD3YcM6-wbhgg","http://www.youtube.com/@rushikeshsalve3537","Gohan most powerful full","7","2024-12-08T15:57:51Z","2024-12-08T15:57:51Z","True","True","0","0","[]","h9SsGsqyaH4","DRAGON BALL - SLAP BATTLE #shorts","1","Mais novos"
"@VKing-bh9mr","UCWwl8a3eh8-DYkFYiLxYPsg","http://www.youtube.com/@VKing-bh9mr","Where is ultra ego for vegita 🤨","17","2024-12-08T10:25:44Z","2024-12-08T10:25:44Z","True","True","0","0","[]","h9SsGsqyaH4","DRAGON BALL - SLAP BATTLE #shorts","1","Mais novos"
"@blessed3701","UCeNHLGXYk38qDCl6Hp2Jp5w","http://www.youtube.com/@blessed3701","Scroll karte karte 2020 mein aagya","8","2024-12-08T05:26:07Z","2024-12-08T05:26:15Z","True","True","0","0","[]","h9SsGsqyaH4","DRAGON BALL - SLAP BATTLE #shorts","1","Mais novos"
"@Free_Fire.498","UCqbqfnaF5PPMLmaIV93eqfw","http://www.youtube.com/@Free_Fire.498","Goku","16","2024-12-07T09:24:45Z","2024-12-07T09:24:45Z","True","True","1","1","[{'autor': '@PrasadhN-i5v', 'comentario': 'Goku  my king   👑', 'likes': 2, 'publicado_em': '2024-12-07T10:15:02Z'}]","h9SsGsqyaH4","DRAGON BALL - SLAP BATTLE #shorts","1","Mais novos"
"@Free_Fire.498","UCqbqfnaF5PPMLmaIV93eqfw","http://www.youtube.com/@Free_Fire.498","Goku","16","2024-12-07T09:24:45Z","2024-12-07T09:24:45Z","True","True","1","1","[{'autor': '@PrasadhN-i5v', 'comentario': 'Goku  my king   👑', 'likes': 2, 'publicado_em': '2024-12-07T10:15:02Z'}]","h9SsGsqyaH4","DRAGON BALL - SLAP BATTLE #shorts","2","Mais antigos"
"@blessed3701","UCeNHLGXYk38qDCl6Hp2Jp5w","http://www.youtube.com/@blessed3701","Scroll karte karte 2020 mein aagya","8","2024-12-08T05:26:07Z","2024-12-08T05:26:15Z","True","True","0","0","[]","h9SsGsqyaH4","DRAGON BALL - SLAP BATTLE #shorts","2","Mais antigos"
"@VKing-bh9mr","UCWwl8a3eh8-DYkFYiLxYPsg","http://www.youtube.com/@VKing-bh9mr","Where is ultra ego for vegita 🤨","17","2024-12-08T10:25:44Z","2024-12-08T10:25:44Z","True","True","0","0","[]","h9SsGsqyaH4","DRAGON BALL - SLAP BATTLE #shorts","2","Mais antigos"
"@rushikeshsalve3537","UCjo2GehLWWiD3YcM6-wbhgg","http://www.youtube.com/@rushikeshsalve3537","Gohan most powerful full","7","2024-12-08T15:57:51Z","2024-12-08T15:57:51Z","True","True","0","0","[]","h9SsGsqyaH4","DRAGON BALL - SLAP BATTLE #shorts","2","Mais antigos"
"@ashokraj9601","UC_2F4uKGVkMfDtvKwz7W9qQ","http://www.youtube.com/@ashokraj9601","Goku❤❤❤❤❤❤😊😊","11","2024-12-09T12:21:34Z","2024-12-09T12:21:34Z","True","True","0","0","[]","h9SsGsqyaH4","DRAGON BALL - SLAP BATTLE #shorts","2","Mais antigos"
"@Matteo7385-y4w","UCTDMvEkMB4lYRq5DtueI_Og","http://www.youtube.com/@Matteo7385-y4w","Ok now black freezer","3","2024-12-09T13:49:36Z","2024-12-09T13:49:36Z","True","True","0","0","[]","h9SsGsqyaH4","DRAGON BALL - SLAP BATTLE #shorts","2","Mais antigos"
"@JairoPokcho-i1j","UC8dwe3VyFH7JXKwNmlM_W2g","http://www.youtube.com/@JairoPokcho-i1j","Son Gogu es el más fuerte 💪💪💪💪💪🫶🫶🫶","5","2024-12-12T18:46:36Z","2024-12-12T18:46:36Z","True","True","0","0","[]","h9SsGsqyaH4","DRAGON BALL - SLAP BATTLE #shorts","2","Mais antigos"
"@s_L_G_rsl","UCTvRgJiYJfNFfxyqduOZNcQ","http://www.youtube.com/@s_L_G_rsl","به ساحل جی تی ای چیکار داری؟","2","2024-12-12T19:32:07Z","2024-12-12T19:32:07Z","True","True","0","0","[]","h9SsGsqyaH4","DRAGON BALL - SLAP BATTLE #shorts","2","Mais antigos"
"@TheMoaiIsland","UCWg-5LkRgVSD9tLcN6XD7ZQ","http://www.youtube.com/@TheMoaiIsland","Beast Gohan would probably beat Frieza if you would let him","6","2024-12-13T19:52:53Z","2024-12-13T19:52:53Z","True","True","3","3","[{'autor': '@SamaraQueen-g3e', 'comentario': '🎉🎉🎉😅😅❤', 'likes': 0, 'publicado_em': '2024-12-14T06:22:08Z'}, {'autor': '@SergineOyaneekoga', 'comentario': '❤❤❤❤❤❤tu es malade', 'likes': 0, 'publicado_em': '2024-12-23T20:26:40Z'}, {'autor': '@SergineOyaneekoga', 'comentario': '❤❤❤❤❤❤tu es malade', 'likes': 0, 'publicado_em': '2024-12-23T20:26:40Z'}]","h9SsGsqyaH4","DRAGON BALL - SLAP BATTLE #shorts","2","Mais antigos"
"@Kalayarasi-l5f","UCseHItWNbVYL3P-fL3EgBFw","http://www.youtube.com/@Kalayarasi-l5f","ѕαу😊😊🎉¢σммαи∂😊😊🎉❤","3","2024-12-14T07:53:18Z","2024-12-14T07:53:18Z","True","True","0","0","[]","h9SsGsqyaH4","DRAGON BALL - SLAP BATTLE #shorts","2","Mais antigos"
"@NesrinLoujayn","UCsbL7RMvc6hmgkGfEN1m0aw","http://www.youtube.com/@NesrinLoujayn","محلك ❤","6","2024-12-15T09:10:46Z","2024-12-15T09:10:46Z","True","True","0","0","[]","h9SsGsqyaH4","DRAGON BALL - SLAP BATTLE #shorts","2","Mais antigos"
"@madhabidas6965","UCF9-_cxuU0k_JNlbLj0sthA","http://www.youtube.com/@madhabidas6965","Perfect bro","11","2024-12-18T06:06:39Z","2024-12-18T06:06:39Z","True","True","1","1","[{'autor': '@Mohammed88-g2n', 'comentario': '😈🤩🔥💪🐅🇸🇾🇸🇾🇸🇾🇸🇾🇸🇾🇸🇾🇸🇾🇸🇾🇸🇾🇸🇾🇸🇾🇸🇾🇸🇾🇸🇾🇸🇾🇸🇾🇸🇾🇸🇾🇸🇾🇸🇾🇸🇾🇸🇾🇸🇾🇸🇾🇸🇾🇸🇾🇸🇾🇸🇾🇸🇾🇸🇾🇸🇾🇸🇱🇸🇾🇸🇾🇸🇾🇸🇾🇸🇾🇸🇾🇸🇾🇸🇾🇸🇾🇸🇾🇸🇾🇸🇾🇸🇾🇸🇾🇸🇾🇸🇾🇸🇾🇸🇾🇸🇾🇸🇾🇸🇾🇸🇾🇸🇾🇸🇾🇸🇾🇸🇾🇸🇾🇸🇾🇸🇾🇸🇾🇸🇾🇸🇾🇸🇾🇸🇾🇸🇾🇸🇾🇸🇾🇸🇾🇸🇾🇸🇾🇸🇾🇸🇾🇸🇾🇸🇾🇸🇾🇸🇾🇸🇾🇸🇾🇸🇾🇸🇾🇸🇾🇸🇾🇸🇾🇸🇾', 'likes': 0, 'publicado_em': '2025-01-25T09:32:12Z'}]","h9SsGsqyaH4","DRAGON BALL - SLAP BATTLE #shorts","2","Mais antigos"
"@faisalrajput1251","UCgdutt2_SpPJChmsKGA5KDg","http://www.youtube.com/@faisalrajput1251","Goku be like: Ab Sabko chata maroinga","48","2024-12-26T15:33:21Z","2024-12-26T15:33:21Z","True","True","2","2","[{'autor': '@JawadiFahmi', 'comentario': 'قوقو', 'likes': 3, 'publicado_em': '2025-01-26T09:08:18Z'}, {'autor': '@Ali-s6g3n', 'comentario': 'تبفابق\nاوي', 'likes': 0, 'publicado_em': '2025-02-19T09:56:41Z'}]","h9SsGsqyaH4","DRAGON BALL - SLAP BATTLE #shorts","2","Mais antigos"
"@LaxmiKanuri-ci2yf","UCTMJIe3ckPzujSrq9yoTYAQ","http://www.youtube.com/@LaxmiKanuri-ci2yf","Give me correct song bro","10","2024-12-26T16:38:16Z","2024-12-26T16:38:16Z","True","True","0","0","[]","h9SsGsqyaH4","DRAGON BALL - SLAP BATTLE #shorts","2","Mais antigos"
"@GiaNghiaNguyenBachPham","UC7irfh9XQGee05vzh7-DyXQ","http://www.youtube.com/@GiaNghiaNguyenBachPham","Black frieza","4","2025-01-07T05:20:32Z","2025-01-07T05:20:32Z","True","True","0","0","[]","h9SsGsqyaH4","DRAGON BALL - SLAP BATTLE #shorts","2","Mais antigos"
"@plantinator2017","UCTlgtoaSpXVtzwY0DJ_R5oA","http://www.youtube.com/@plantinator2017","i love this","29","2025-02-09T20:39:48Z","2025-02-09T20:39:48Z","True","True","4","4","[{'autor': '@AlifkaBin', 'comentario': 'Dfj', 'likes': 0, 'publicado_em': '2025-02-20T04:58:55Z'}, {'autor': '@KobirHawlader-q7i', 'comentario': '😢😢', 'likes': 2, 'publicado_em': '2025-02-22T04:20:38Z'}, {'autor': '@PujaSingh-g6h', 'comentario': '🔥🐉', 'likes': 2, 'publicado_em': '2025-07-07T13:35:54Z'}, {'autor': '@TigistTesfaye-i6d4t', 'comentario': 'Very good va😂😂', 'likes': 1, 'publicado_em': '2025-07-09T08:27:51Z'}]","h9SsGsqyaH4","DRAGON BALL - SLAP BATTLE #shorts","2","Mais antigos"
"@Ali-s6g3n","UCtPuPZQKxCIsNQLPlM25rpg","http://www.youtube.com/@Ali-s6g3n","انا متابعك يا ولد تابعني زين يلا هلا","2","2025-02-19T09:59:39Z","2025-02-19T09:59:39Z","True","True","0","0","[]","h9SsGsqyaH4","DRAGON BALL - SLAP BATTLE #shorts","2","Mais antigos"
"@BhaavNagar","UCw0bn_PLYfCkyKk8Z04gPjQ","http://www.youtube.com/@BhaavNagar","Can i use ur videos on my channel or u won't give me strike?❤","3","2025-03-01T05:12:22Z","2025-03-01T05:12:22Z","True","True","2","2","[{'autor': '@GamingProOfficial', 'comentario': ""Sorry brother, don't use it now, it will take some time, then you can use it for free."", 'likes': 1, 'publicado_em': '2025-03-02T04:50:43Z'}, {'autor': '@BhaavNagar', 'comentario': '@GamingProOfficial\xa0 ok thanks 👍', 'likes': 0, 'publicado_em': '2025-03-02T05:11:37Z'}]","h9SsGsqyaH4","DRAGON BALL - SLAP BATTLE #shorts","2","Mais antigos"
"@Sagarvaghelaofficial","UCiIiSSwWc3I4yJoWixNB39w","http://www.youtube.com/@Sagarvaghelaofficial","Love 😊","5","2025-03-04T04:14:05Z","2025-03-04T04:14:05Z","True","True","0","0","[]","h9SsGsqyaH4","DRAGON BALL - SLAP BATTLE #shorts","2","Mais antigos"
"@marquezwalker3541","UClOazA_A6gjAmsCNtBoxnvw","http://www.youtube.com/@marquezwalker3541","Vegeta: is that all you got? Next! Frieza: damn you! Vegeta: oh crap not again! Jiren: good bye! Goku: phew finally my turn. Ultimate instinct Goku: ... Jiren: shit!","5","2025-05-24T13:42:13Z","2025-05-24T13:42:13Z","True","True","0","0","[]","h9SsGsqyaH4","DRAGON BALL - SLAP BATTLE #shorts","2","Mais antigos"
"@faisalrajput1251","UCgdutt2_SpPJChmsKGA5KDg","http://www.youtube.com/@faisalrajput1251","Goku be like: Ab Sabko chata maroinga","48","2024-12-26T15:33:21Z","2024-12-26T15:33:21Z","True","True","2","2","[{'autor': '@JawadiFahmi', 'comentario': 'قوقو', 'likes': 3, 'publicado_em': '2025-01-26T09:08:18Z'}, {'autor': '@Ali-s6g3n', 'comentario': 'تبفابق\nاوي', 'likes': 0, 'publicado_em': '2025-02-19T09:56:41Z'}]","h9SsGsqyaH4","DRAGON BALL - SLAP BATTLE #shorts","3","Mais curtidos"
"@plantinator2017","UCTlgtoaSpXVtzwY0DJ_R5oA","http://www.youtube.com/@plantinator2017","i love this","29","2025-02-09T20:39:48Z","2025-02-09T20:39:48Z","True","True","4","4","[{'autor': '@AlifkaBin', 'comentario': 'Dfj', 'likes': 0, 'publicado_em': '2025-02-20T04:58:55Z'}, {'autor': '@KobirHawlader-q7i', 'comentario': '😢😢', 'likes': 2, 'publicado_em': '2025-02-22T04:20:38Z'}, {'autor': '@PujaSingh-g6h', 'comentario': '🔥🐉', 'likes': 2, 'publicado_em': '2025-07-07T13:35:54Z'}, {'autor': '@TigistTesfaye-i6d4t', 'comentario': 'Very good va😂😂', 'likes': 1, 'publicado_em': '2025-07-09T08:27:51Z'}]","h9SsGsqyaH4","DRAGON BALL - SLAP BATTLE #shorts","3","Mais curtidos"
"@VKing-bh9mr","UCWwl8a3eh8-DYkFYiLxYPsg","http://www.youtube.com/@VKing-bh9mr","Where is ultra ego for vegita 🤨","17","2024-12-08T10:25:44Z","2024-12-08T10:25:44Z","True","True","0","0","[]","h9SsGsqyaH4","DRAGON BALL - SLAP BATTLE #shorts","3","Mais curtidos"
"@Free_Fire.498","UCqbqfnaF5PPMLmaIV93eqfw","http://www.youtube.com/@Free_Fire.498","Goku","16","2024-12-07T09:24:45Z","2024-12-07T09:24:45Z","True","True","1","1","[{'autor': '@PrasadhN-i5v', 'comentario': 'Goku  my king   👑', 'likes': 2, 'publicado_em': '2024-12-07T10:15:02Z'}]","h9SsGsqyaH4","DRAGON BALL - SLAP BATTLE #shorts","3","Mais curtidos"
"@madhabidas6965","UCF9-_cxuU0k_JNlbLj0sthA","http://www.youtube.com/@madhabidas6965","Perfect bro","11","2024-12-18T06:06:39Z","2024-12-18T06:06:39Z","True","True","1","1","[{'autor': '@Mohammed88-g2n', 'comentario': '😈🤩🔥💪🐅🇸🇾🇸🇾🇸🇾🇸🇾🇸🇾🇸🇾🇸🇾🇸🇾🇸🇾🇸🇾🇸🇾🇸🇾🇸🇾🇸🇾🇸🇾🇸🇾🇸🇾🇸🇾🇸🇾🇸🇾🇸🇾🇸🇾🇸🇾🇸🇾🇸🇾🇸🇾🇸🇾🇸🇾🇸🇾🇸🇾🇸🇾🇸🇱🇸🇾🇸🇾🇸🇾🇸🇾🇸🇾🇸🇾🇸🇾🇸🇾🇸🇾🇸🇾🇸🇾🇸🇾🇸🇾🇸🇾🇸🇾🇸🇾🇸🇾🇸🇾🇸🇾🇸🇾🇸🇾🇸🇾🇸🇾🇸🇾🇸🇾🇸🇾🇸🇾🇸🇾🇸🇾🇸🇾🇸🇾🇸🇾🇸🇾🇸🇾🇸🇾🇸🇾🇸🇾🇸🇾🇸🇾🇸🇾🇸🇾🇸🇾🇸🇾🇸🇾🇸🇾🇸🇾🇸🇾🇸🇾🇸🇾🇸🇾🇸🇾🇸🇾🇸🇾🇸🇾', 'likes': 0, 'publicado_em': '2025-01-25T09:32:12Z'}]","h9SsGsqyaH4","DRAGON BALL - SLAP BATTLE #shorts","3","Mais curtidos"
"@ashokraj9601","UC_2F4uKGVkMfDtvKwz7W9qQ","http://www.youtube.com/@ashokraj9601","Goku❤❤❤❤❤❤😊😊","11","2024-12-09T12:21:34Z","2024-12-09T12:21:34Z","True","True","0","0","[]","h9SsGsqyaH4","DRAGON BALL - SLAP BATTLE #shorts","3","Mais curtidos"
"@LaxmiKanuri-ci2yf","UCTMJIe3ckPzujSrq9yoTYAQ","http://www.youtube.com/@LaxmiKanuri-ci2yf","Give me correct song bro","10","2024-12-26T16:38:16Z","2024-12-26T16:38:16Z","True","True","0","0","[]","h9SsGsqyaH4","DRAGON BALL - SLAP BATTLE #shorts","3","Mais curtidos"
"@blessed3701","UCeNHLGXYk38qDCl6Hp2Jp5w","http://www.youtube.com/@blessed3701","Scroll karte karte 2020 mein aagya","8","2024-12-08T05:26:07Z","2024-12-08T05:26:15Z","True","True","0","0","[]","h9SsGsqyaH4","DRAGON BALL - SLAP BATTLE #shorts","3","Mais curtidos"
"@rushikeshsalve3537","UCjo2GehLWWiD3YcM6-wbhgg","http://www.youtube.com/@rushikeshsalve3537","Gohan most powerful full","7","2024-12-08T15:57:51Z","2024-12-08T15:57:51Z","True","True","0","0","[]","h9SsGsqyaH4","DRAGON BALL - SLAP BATTLE #shorts","3","Mais curtidos"
"@TheMoaiIsland","UCWg-5LkRgVSD9tLcN6XD7ZQ","http://www.youtube.com/@TheMoaiIsland","Beast Gohan would probably beat Frieza if you would let him","6","2024-12-13T19:52:53Z","2024-12-13T19:52:53Z","True","True","3","3","[{'autor': '@SamaraQueen-g3e', 'comentario': '🎉🎉🎉😅😅❤', 'likes': 0, 'publicado_em': '2024-12-14T06:22:08Z'}, {'autor': '@SergineOyaneekoga', 'comentario': '❤❤❤❤❤❤tu es malade', 'likes': 0, 'publicado_em': '2024-12-23T20:26:40Z'}, {'autor': '@SergineOyaneekoga', 'comentario': '❤❤❤❤❤❤tu es malade', 'likes': 0, 'publicado_em': '2024-12-23T20:26:40Z'}]","h9SsGsqyaH4","DRAGON BALL - SLAP BATTLE #shorts","3","Mais curtidos"
"@NesrinLoujayn","UCsbL7RMvc6hmgkGfEN1m0aw","http://www.youtube.com/@NesrinLoujayn","محلك ❤","6","2024-12-15T09:10:46Z","2024-12-15T09:10:46Z","True","True","0","0","[]","h9SsGsqyaH4","DRAGON BALL - SLAP BATTLE #shorts","3","Mais curtidos"
"@marquezwalker3541","UClOazA_A6gjAmsCNtBoxnvw","http://www.youtube.com/@marquezwalker3541","Vegeta: is that all you got? Next! Frieza: damn you! Vegeta: oh crap not again! Jiren: good bye! Goku: phew finally my turn. Ultimate instinct Goku: ... Jiren: shit!","5","2025-05-24T13:42:13Z","2025-05-24T13:42:13Z","True","True","0","0","[]","h9SsGsqyaH4","DRAGON BALL - SLAP BATTLE #shorts","3","Mais curtidos"
"@JairoPokcho-i1j","UC8dwe3VyFH7JXKwNmlM_W2g","http://www.youtube.com/@JairoPokcho-i1j","Son Gogu es el más fuerte 💪💪💪💪💪🫶🫶🫶","5","2024-12-12T18:46:36Z","2024-12-12T18:46:36Z","True","True","0","0","[]","h9SsGsqyaH4","DRAGON BALL - SLAP BATTLE #shorts","3","Mais curtidos"
"@Sagarvaghelaofficial","UCiIiSSwWc3I4yJoWixNB39w","http://www.youtube.com/@Sagarvaghelaofficial","Love 😊","5","2025-03-04T04:14:05Z","2025-03-04T04:14:05Z","True","True","0","0","[]","h9SsGsqyaH4","DRAGON BALL - SLAP BATTLE #shorts","3","Mais curtidos"
"@GiaNghiaNguyenBachPham","UC7irfh9XQGee05vzh7-DyXQ","http://www.youtube.com/@GiaNghiaNguyenBachPham","Black frieza","4","2025-01-07T05:20:32Z","2025-01-07T05:20:32Z","True","True","0","0","[]","h9SsGsqyaH4","DRAGON BALL - SLAP BATTLE #shorts","3","Mais curtidos"
"@Matteo7385-y4w","UCTDMvEkMB4lYRq5DtueI_Og","http://www.youtube.com/@Matteo7385-y4w","Ok now black freezer","3","2024-12-09T13:49:36Z","2024-12-09T13:49:36Z","True","True","0","0","[]","h9SsGsqyaH4","DRAGON BALL - SLAP BATTLE #shorts","3","Mais curtidos"
"@BhaavNagar","UCw0bn_PLYfCkyKk8Z04gPjQ","http://www.youtube.com/@BhaavNagar","Can i use ur videos on my channel or u won't give me strike?❤","3","2025-03-01T05:12:22Z","2025-03-01T05:12:22Z","True","True","2","2","[{'autor': '@GamingProOfficial', 'comentario': ""Sorry brother, don't use it now, it will take some time, then you can use it for free."", 'likes': 1, 'publicado_em': '2025-03-02T04:50:43Z'}, {'autor': '@BhaavNagar', 'comentario': '@GamingProOfficial\xa0 ok thanks 👍', 'likes': 0, 'publicado_em': '2025-03-02T05:11:37Z'}]","h9SsGsqyaH4","DRAGON BALL - SLAP BATTLE #shorts","3","Mais curtidos"
"@Kalayarasi-l5f","UCseHItWNbVYL3P-fL3EgBFw","http://www.youtube.com/@Kalayarasi-l5f","ѕαу😊😊🎉¢σммαи∂😊😊🎉❤","3","2024-12-14T07:53:18Z","2024-12-14T07:53:18Z","True","True","0","0","[]","h9SsGsqyaH4","DRAGON BALL - SLAP BATTLE #shorts","3","Mais curtidos"
"@s_L_G_rsl","UCTvRgJiYJfNFfxyqduOZNcQ","http://www.youtube.com/@s_L_G_rsl","به ساحل جی تی ای چیکار داری؟","2","2024-12-12T19:32:07Z","2024-12-12T19:32:07Z","True","True","0","0","[]","h9SsGsqyaH4","DRAGON BALL - SLAP BATTLE #shorts","3","Mais curtidos"
"@Ali-s6g3n","UCtPuPZQKxCIsNQLPlM25rpg","http://www.youtube.com/@Ali-s6g3n","انا متابعك يا ولد تابعني زين يلا هلا","2","2025-02-19T09:59:39Z","2025-02-19T09:59:39Z","True","True","0","0","[]","h9SsGsqyaH4","DRAGON BALL - SLAP BATTLE #shorts","3","Mais curtidos"
"@marquezwalker3541","UClOazA_A6gjAmsCNtBoxnvw","http://www.youtube.com/@marquezwalker3541","Vegeta: is that all you got? Next! Frieza: damn you! Vegeta: oh crap not again! Jiren: good bye! Goku: phew finally my turn. Ultimate instinct Goku: ... Jiren: shit!","5","2025-05-24T13:42:13Z","2025-05-24T13:42:13Z","True","True","0","0","[]","h9SsGsqyaH4","DRAGON BALL - SLAP BATTLE #shorts","4","Mais longos"
"@BhaavNagar","UCw0bn_PLYfCkyKk8Z04gPjQ","http://www.youtube.com/@BhaavNagar","Can i use ur videos on my channel or u won't give me strike?❤","3","2025-03-01T05:12:22Z","2025-03-01T05:12:22Z","True","True","2","2","[{'autor': '@GamingProOfficial', 'comentario': ""Sorry brother, don't use it now, it will take some time, then you can use it for free."", 'likes': 1, 'publicado_em': '2025-03-02T04:50:43Z'}, {'autor': '@BhaavNagar', 'comentario': '@GamingProOfficial\xa0 ok thanks 👍', 'likes': 0, 'publicado_em': '2025-03-02T05:11:37Z'}]","h9SsGsqyaH4","DRAGON BALL - SLAP BATTLE #shorts","4","Mais longos"
"@TheMoaiIsland","UCWg-5LkRgVSD9tLcN6XD7ZQ","http://www.youtube.com/@TheMoaiIsland","Beast Gohan would probably beat Frieza if you would let him","6","2024-12-13T19:52:53Z","2024-12-13T19:52:53Z","True","True","3","3","[{'autor': '@SamaraQueen-g3e', 'comentario': '🎉🎉🎉😅😅❤', 'likes': 0, 'publicado_em': '2024-12-14T06:22:08Z'}, {'autor': '@SergineOyaneekoga', 'comentario': '❤❤❤❤❤❤tu es malade', 'likes': 0, 'publicado_em': '2024-12-23T20:26:40Z'}, {'autor': '@SergineOyaneekoga', 'comentario': '❤❤❤❤❤❤tu es malade', 'likes': 0, 'publicado_em': '2024-12-23T20:26:40Z'}]","h9SsGsqyaH4","DRAGON BALL - SLAP BATTLE #shorts","4","Mais longos"
"@faisalrajput1251","UCgdutt2_SpPJChmsKGA5KDg","http://www.youtube.com/@faisalrajput1251","Goku be like: Ab Sabko chata maroinga","48","2024-12-26T15:33:21Z","2024-12-26T15:33:21Z","True","True","2","2","[{'autor': '@JawadiFahmi', 'comentario': 'قوقو', 'likes': 3, 'publicado_em': '2025-01-26T09:08:18Z'}, {'autor': '@Ali-s6g3n', 'comentario': 'تبفابق\nاوي', 'likes': 0, 'publicado_em': '2025-02-19T09:56:41Z'}]","h9SsGsqyaH4","DRAGON BALL - SLAP BATTLE #shorts","4","Mais longos"
"@Ali-s6g3n","UCtPuPZQKxCIsNQLPlM25rpg","http://www.youtube.com/@Ali-s6g3n","انا متابعك يا ولد تابعني زين يلا هلا","2","2025-02-19T09:59:39Z","2025-02-19T09:59:39Z","True","True","0","0","[]","h9SsGsqyaH4","DRAGON BALL - SLAP BATTLE #shorts","4","Mais longos"
"@blessed3701","UCeNHLGXYk38qDCl6Hp2Jp5w","http://www.youtube.com/@blessed3701","Scroll karte karte 2020 mein aagya","8","2024-12-08T05:26:07Z","2024-12-08T05:26:15Z","True","True","0","0","[]","h9SsGsqyaH4","DRAGON BALL - SLAP BATTLE #shorts","4","Mais longos"
"@JairoPokcho-i1j","UC8dwe3VyFH7JXKwNmlM_W2g","http://www.youtube.com/@JairoPokcho-i1j","Son Gogu es el más fuerte 💪💪💪💪💪🫶🫶🫶","5","2024-12-12T18:46:36Z","2024-12-12T18:46:36Z","True","True","0","0","[]","h9SsGsqyaH4","DRAGON BALL - SLAP BATTLE #shorts","4","Mais longos"
"@VKing-bh9mr","UCWwl8a3eh8-DYkFYiLxYPsg","http://www.youtube.com/@VKing-bh9mr","Where is ultra ego for vegita 🤨","17","2024-12-08T10:25:44Z","2024-12-08T10:25:44Z","True","True","0","0","[]","h9SsGsqyaH4","DRAGON BALL - SLAP BATTLE #shorts","4","Mais longos"
"@s_L_G_rsl","UCTvRgJiYJfNFfxyqduOZNcQ","http://www.youtube.com/@s_L_G_rsl","به ساحل جی تی ای چیکار داری؟","2","2024-12-12T19:32:07Z","2024-12-12T19:32:07Z","True","True","0","0","[]","h9SsGsqyaH4","DRAGON BALL - SLAP BATTLE #shorts","4","Mais longos"
"@LaxmiKanuri-ci2yf","UCTMJIe3ckPzujSrq9yoTYAQ","http://www.youtube.com/@LaxmiKanuri-ci2yf","Give me correct song bro","10","2024-12-26T16:38:16Z","2024-12-26T16:38:16Z","True","True","0","0","[]","h9SsGsqyaH4","DRAGON BALL - SLAP BATTLE #shorts","4","Mais longos"
"@rushikeshsalve3537","UCjo2GehLWWiD3YcM6-wbhgg","http://www.youtube.com/@rushikeshsalve3537","Gohan most powerful full","7","2024-12-08T15:57:51Z","2024-12-08T15:57:51Z","True","True","0","0","[]","h9SsGsqyaH4","DRAGON BALL - SLAP BATTLE #shorts","4","Mais longos"
"@Matteo7385-y4w","UCTDMvEkMB4lYRq5DtueI_Og","http://www.youtube.com/@Matteo7385-y4w","Ok now black freezer","3","2024-12-09T13:49:36Z","2024-12-09T13:49:36Z","True","True","0","0","[]","h9SsGsqyaH4","DRAGON BALL - SLAP BATTLE #shorts","4","Mais longos"
"@Kalayarasi-l5f","UCseHItWNbVYL3P-fL3EgBFw","http://www.youtube.com/@Kalayarasi-l5f","ѕαу😊😊🎉¢σммαи∂😊😊🎉❤","3","2024-12-14T07:53:18Z","2024-12-14T07:53:18Z","True","True","0","0","[]","h9SsGsqyaH4","DRAGON BALL - SLAP BATTLE #shorts","4","Mais longos"
"@ashokraj9601","UC_2F4uKGVkMfDtvKwz7W9qQ","http://www.youtube.com/@ashokraj9601","Goku❤❤❤❤❤❤😊😊","11","2024-12-09T12:21:34Z","2024-12-09T12:21:34Z","True","True","0","0","[]","h9SsGsqyaH4","DRAGON BALL - SLAP BATTLE #shorts","4","Mais longos"
"@GiaNghiaNguyenBachPham","UC7irfh9XQGee05vzh7-DyXQ","http://www.youtube.com/@GiaNghiaNguyenBachPham","Black frieza","4","2025-01-07T05:20:32Z","2025-01-07T05:20:32Z","True","True","0","0","[]","h9SsGsqyaH4","DRAGON BALL - SLAP BATTLE #shorts","4","Mais longos"
"@plantinator2017","UCTlgtoaSpXVtzwY0DJ_R5oA","http://www.youtube.com/@plantinator2017","i love this","29","2025-02-09T20:39:48Z","2025-02-09T20:39:48Z","True","True","4","4","[{'autor': '@AlifkaBin', 'comentario': 'Dfj', 'likes': 0, 'publicado_em': '2025-02-20T04:58:55Z'}, {'autor': '@KobirHawlader-q7i', 'comentario': '😢😢', 'likes': 2, 'publicado_em': '2025-02-22T04:20:38Z'}, {'autor': '@PujaSingh-g6h', 'comentario': '🔥🐉', 'likes': 2, 'publicado_em': '2025-07-07T13:35:54Z'}, {'autor': '@TigistTesfaye-i6d4t', 'comentario': 'Very good va😂😂', 'likes': 1, 'publicado_em': '2025-07-09T08:27:51Z'}]","h9SsGsqyaH4","DRAGON BALL - SLAP BATTLE #shorts","4","Mais longos"
"@madhabidas6965","UCF9-_cxuU0k_JNlbLj0sthA","http://www.youtube.com/@madhabidas6965","Perfect bro","11","2024-12-18T06:06:39Z","2024-12-18T06:06:39Z","True","True","1","1","[{'autor': '@Mohammed88-g2n', 'comentario': '😈🤩🔥💪🐅🇸🇾🇸🇾🇸🇾🇸🇾🇸🇾🇸🇾🇸🇾🇸🇾🇸🇾🇸🇾🇸🇾🇸🇾🇸🇾🇸🇾🇸🇾🇸🇾🇸🇾🇸🇾🇸🇾🇸🇾🇸🇾🇸🇾🇸🇾🇸🇾🇸🇾🇸🇾🇸🇾🇸🇾🇸🇾🇸🇾🇸🇾🇸🇱🇸🇾🇸🇾🇸🇾🇸🇾🇸🇾🇸🇾🇸🇾🇸🇾🇸🇾🇸🇾🇸🇾🇸🇾🇸🇾🇸🇾🇸🇾🇸🇾🇸🇾🇸🇾🇸🇾🇸🇾🇸🇾🇸🇾🇸🇾🇸🇾🇸🇾🇸🇾🇸🇾🇸🇾🇸🇾🇸🇾🇸🇾🇸🇾🇸🇾🇸🇾🇸🇾🇸🇾🇸🇾🇸🇾🇸🇾🇸🇾🇸🇾🇸🇾🇸🇾🇸🇾🇸🇾🇸🇾🇸🇾🇸🇾🇸🇾🇸🇾🇸🇾🇸🇾🇸🇾🇸🇾', 'likes': 0, 'publicado_em': '2025-01-25T09:32:12Z'}]","h9SsGsqyaH4","DRAGON BALL - SLAP BATTLE #shorts","4","Mais longos"
"@NesrinLoujayn","UCsbL7RMvc6hmgkGfEN1m0aw","http://www.youtube.com/@NesrinLoujayn","محلك ❤","6","2024-12-15T09:10:46Z","2024-12-15T09:10:46Z","True","True","0","0","[]","h9SsGsqyaH4","DRAGON BALL - SLAP BATTLE #shorts","4","Mais longos"
"@Sagarvaghelaofficial","UCiIiSSwWc3I4yJoWixNB39w","http://www.youtube.com/@Sagarvaghelaofficial","Love 😊","5","2025-03-04T04:14:05Z","2025-03-04T04:14:05Z","True","True","0","0","[]","h9SsGsqyaH4","DRAGON BALL - SLAP BATTLE #shorts","4","Mais longos"
"@Free_Fire.498","UCqbqfnaF5PPMLmaIV93eqfw","http://www.youtube.com/@Free_Fire.498","Goku","16","2024-12-07T09:24:45Z","2024-12-07T09:24:45Z","True","True","1","1","[{'autor': '@PrasadhN-i5v', 'comentario': 'Goku  my king   👑', 'likes': 2, 'publicado_em': '2024-12-07T10:15:02Z'}]","h9SsGsqyaH4","DRAGON BALL - SLAP BATTLE #shorts","4","Mais longos"
