fonte,tipo,termo,conteudo,relevancia,regiao,cliente,fonte_busca,categoria,data_coleta,valor,url,buscador,posicao,canal,video_id,publicado_em,autor,likes,video_titulo,desenvolvedor,rating,installs,app_id
Google Suggest,sugestao,bitcoin,bitcoin hoje,1251.0,br,chrome,web,top,2025-12-11 21:07:47,,,,,,,,,,,,,,
Google Suggest,sugestao,bitcoin,bitcoin dolar,1250.0,br,chrome,web,top,2025-12-11 21:07:47,,,,,,,,,,,,,,
Google Suggest,sugestao,bitcoin,bitcoin hoje dólar,750.0,br,chrome,web,top,2025-12-11 21:07:47,,,,,,,,,,,,,,
Google Suggest,sugestao,bitcoin,bitcoin usd,602.0,br,chrome,web,top,2025-12-11 21:07:47,,,,,,,,,,,,,,
Google Suggest,sugestao,bitcoin,bitcoin cotação,601.0,br,chrome,web,top,2025-12-11 21:07:47,,,,,,,,,,,,,,
Google Suggest,sugestao,bitcoin,bitcoin hoje real,600.0,br,chrome,web,top,2025-12-11 21:07:47,,,,,,,,,,,,,,
Google Suggest,sugestao,bitcoin,bitcoin real,558.0,br,chrome,web,top,2025-12-11 21:07:47,,,,,,,,,,,,,,
Google Suggest,sugestao,bitcoin,bitcoin caindo,557.0,br,chrome,web,top,2025-12-11 21:07:47,,,,,,,,,,,,,,
Google Suggest,sugestao,bitcoin,bitcoin price,556.0,br,chrome,web,top,2025-12-11 21:07:47,,,,,,,,,,,,,,
Google Suggest,sugestao,bitcoin,bitcoin price usd,555.0,br,chrome,web,top,2025-12-11 21:07:47,,,,,,,,,,,,,,
Google Suggest,sugestao,bitcoin,bitcoin grafico,554.0,br,chrome,web,top,2025-12-11 21:07:47,,,,,,,,,,,,,,
Google Suggest,sugestao,bitcoin,bitcoin noticias,553.0,br,chrome,web,top,2025-12-11 21:07:47,,,,,,,,,,,,,,
Google Suggest,sugestao,bitcoin,bitcoin red pill,552.0,br,chrome,web,top,2025-12-11 21:07:47,,,,,,,,,,,,,,
Google Suggest,sugestao,bitcoin,bitcoin em queda,551.0,br,chrome,web,top,2025-12-11 21:07:47,,,,,,,,,,,,,,
Google Suggest,sugestao,bitcoin,bitcoin cash,550.0,br,chrome,web,top,2025-12-11 21:07:47,,,,,,,,,,,,,,
Google Suggest,sugestao,bitcoin,bitcoin agora,1250.0,br,chrome,web,expansao_a,2025-12-11 21:07:47,,,,,,,,,,,,,,
Google Suggest,sugestao,bitcoin,bitcoin agora dólar,601.0,br,chrome,web,expansao_a,2025-12-11 21:07:47,,,,,,,,,,,,,,
Google Suggest,sugestao,bitcoin,bitcoin agora gráfico,600.0,br,chrome,web,expansao_a,2025-12-11 21:07:47,,,,,,,,,,,,,,
Google Suggest,sugestao,bitcoin,bitcoin ao vivo,561.0,br,chrome,web,expansao_a,2025-12-11 21:07:47,,,,,,,,,,,,,,
Google Suggest,sugestao,bitcoin,bitcoin atual,560.0,br,chrome,web,expansao_a,2025-12-11 21:07:47,,,,,,,,,,,,,,
Google Suggest,sugestao,bitcoin,bitcoin agora em real,559.0,br,chrome,web,expansao_a,2025-12-11 21:07:47,,,,,,,,,,,,,,
Google Suggest,sugestao,bitcoin,bitcoin app,558.0,br,chrome,web,expansao_a,2025-12-11 21:07:47,,,,,,,,,,,,,,
Google Suggest,sugestao,bitcoin,bitcoin ações,557.0,br,chrome,web,expansao_a,2025-12-11 21:07:47,,,,,,,,,,,,,,
Google Suggest,sugestao,bitcoin,bitcoin a peer-to-peer electronic cash system,556.0,br,chrome,web,expansao_a,2025-12-11 21:07:47,,,,,,,,,,,,,,
Google Suggest,sugestao,bitcoin,bitcoin a moeda na era digital pdf,555.0,br,chrome,web,expansao_a,2025-12-11 21:07:47,,,,,,,,,,,,,,
Google Suggest,sugestao,bitcoin,bitcoin ano a ano,554.0,br,chrome,web,expansao_a,2025-12-11 21:07:47,,,,,,,,,,,,,,
Google Suggest,sugestao,bitcoin,bitcoin analise,553.0,br,chrome,web,expansao_a,2025-12-11 21:07:47,,,,,,,,,,,,,,
Google Suggest,sugestao,bitcoin,bitcoin a 10 anos atras,552.0,br,chrome,web,expansao_a,2025-12-11 21:07:47,,,,,,,,,,,,,,
Google Suggest,sugestao,bitcoin,bitcoin agora usd,551.0,br,chrome,web,expansao_a,2025-12-11 21:07:47,,,,,,,,,,,,,,
Google Suggest,sugestao,bitcoin,bitcoin ainda vale a pena,550.0,br,chrome,web,expansao_a,2025-12-11 21:07:47,,,,,,,,,,,,,,
Google Suggest,sugestao,bitcoin,bitcoin bank é seguro,1250.0,br,chrome,web,expansao_b,2025-12-11 21:07:47,,,,,,,,,,,,,,
Google Suggest,sugestao,bitcoin,bitcoin bank,1000.0,br,chrome,web,expansao_b,2025-12-11 21:07:47,,,,,,,,,,,,,,
Google Suggest,sugestao,bitcoin,bitcoin brl,700.0,br,chrome,web,expansao_b,2025-12-11 21:07:47,,,,,,,,,,,,,,
Google Suggest,sugestao,bitcoin,bitcoin binance,650.0,br,chrome,web,expansao_b,2025-12-11 21:07:47,,,,,,,,,,,,,,
Google Suggest,sugestao,bitcoin,bitcoin bank é fraude,601.0,br,chrome,web,expansao_b,2025-12-11 21:07:47,,,,,,,,,,,,,,
Google Suggest,sugestao,bitcoin,bitcoin brasil,600.0,br,chrome,web,expansao_b,2025-12-11 21:07:47,,,,,,,,,,,,,,
Google Suggest,sugestao,bitcoin,bitcoin btc,558.0,br,chrome,web,expansao_b,2025-12-11 21:07:47,,,,,,,,,,,,,,
Google Suggest,sugestao,bitcoin,bitcoin bear market,557.0,br,chrome,web,expansao_b,2025-12-11 21:07:47,,,,,,,,,,,,,,
Google Suggest,sugestao,bitcoin,bitcoin blockchain,556.0,br,chrome,web,expansao_b,2025-12-11 21:07:47,,,,,,,,,,,,,,
Google Suggest,sugestao,bitcoin,bitcoin black pill renato amoedo pdf,555.0,br,chrome,web,expansao_b,2025-12-11 21:07:47,,,,,,,,,,,,,,
Google Suggest,sugestao,bitcoin,bitcoin b3,554.0,br,chrome,web,expansao_b,2025-12-11 21:07:47,,,,,,,,,,,,,,
Google Suggest,sugestao,bitcoin,bitcoin bitcoin,553.0,br,chrome,web,expansao_b,2025-12-11 21:07:47,,,,,,,,,,,,,,
Google Suggest,sugestao,bitcoin,bitcoin bank reclame aqui,552.0,br,chrome,web,expansao_b,2025-12-11 21:07:47,,,,,,,,,,,,,,
Google Suggest,sugestao,bitcoin,bitcoin brl tradingview,551.0,br,chrome,web,expansao_b,2025-12-11 21:07:47,,,,,,,,,,,,,,
Google Suggest,sugestao,bitcoin,bitcoin banco inter,550.0,br,chrome,web,expansao_b,2025-12-11 21:07:47,,,,,,,,,,,,,,
Google Suggest,sugestao,bitcoin,bitcoin cotação,1251.0,br,chrome,web,expansao_c,2025-12-11 21:07:47,,,,,,,,,,,,,,
Google Suggest,sugestao,bitcoin,bitcoin caindo,1250.0,br,chrome,web,expansao_c,2025-12-11 21:07:47,,,,,,,,,,,,,,
Google Suggest,sugestao,bitcoin,bitcoin cash,650.0,br,chrome,web,expansao_c,2025-12-11 21:07:47,,,,,,,,,,,,,,
Google Suggest,sugestao,bitcoin,bitcoin criptomoeda,601.0,br,chrome,web,expansao_c,2025-12-11 21:07:47,,,,,,,,,,,,,,
Google Suggest,sugestao,bitcoin,bitcoin como funciona,600.0,br,chrome,web,expansao_c,2025-12-11 21:07:47,,,,,,,,,,,,,,
Google Suggest,sugestao,bitcoin,bitcoin caiu,559.0,br,chrome,web,expansao_c,2025-12-11 21:07:47,,,,,,,,,,,,,,
Google Suggest,sugestao,bitcoin,bitcoin coinmarketcap,558.0,br,chrome,web,expansao_c,2025-12-11 21:07:47,,,,,,,,,,,,,,
Google Suggest,sugestao,bitcoin,bitcoin como comprar,557.0,br,chrome,web,expansao_c,2025-12-11 21:07:47,,,,,,,,,,,,,,
Google Suggest,sugestao,bitcoin,bitcoin core,556.0,br,chrome,web,expansao_c,2025-12-11 21:07:47,,,,,,,,,,,,,,
Google Suggest,sugestao,bitcoin,bitcoin como investir,555.0,br,chrome,web,expansao_c,2025-12-11 21:07:47,,,,,,,,,,,,,,
Google Suggest,sugestao,bitcoin,bitcoin cotação hoje,554.0,br,chrome,web,expansao_c,2025-12-11 21:07:47,,,,,,,,,,,,,,
Google Suggest,sugestao,bitcoin,bitcoin cash hoje,553.0,br,chrome,web,expansao_c,2025-12-11 21:07:47,,,,,,,,,,,,,,
Google Suggest,sugestao,bitcoin,bitcoin coinbase,552.0,br,chrome,web,expansao_c,2025-12-11 21:07:47,,,,,,,,,,,,,,
Google Suggest,sugestao,bitcoin,bitcoin coingecko,551.0,br,chrome,web,expansao_c,2025-12-11 21:07:47,,,,,,,,,,,,,,
Google Suggest,sugestao,bitcoin,bitcoin calculadora,550.0,br,chrome,web,expansao_c,2025-12-11 21:07:47,,,,,,,,,,,,,,
Google Suggest,sugestao,bitcoin,bitcoin dolar,1250.0,br,chrome,web,expansao_d,2025-12-11 21:07:47,,,,,,,,,,,,,,
Google Suggest,sugestao,bitcoin,bitcoin dolar hoje,1100.0,br,chrome,web,expansao_d,2025-12-11 21:07:47,,,,,,,,,,,,,,
Google Suggest,sugestao,bitcoin,bitcoin dominance,601.0,br,chrome,web,expansao_d,2025-12-11 21:07:47,,,,,,,,,,,,,,
Google Suggest,sugestao,bitcoin,bitcoin dolar agora,600.0,br,chrome,web,expansao_d,2025-12-11 21:07:47,,,,,,,,,,,,,,
Google Suggest,sugestao,bitcoin,bitcoin derretendo,560.0,br,chrome,web,expansao_d,2025-12-11 21:07:47,,,,,,,,,,,,,,
Google Suggest,sugestao,bitcoin,bitcoin de hoje,559.0,br,chrome,web,expansao_d,2025-12-11 21:07:47,,,,,,,,,,,,,,
Google Suggest,sugestao,bitcoin,bitcoin despencou,558.0,br,chrome,web,expansao_d,2025-12-11 21:07:47,,,,,,,,,,,,,,
Google Suggest,sugestao,bitcoin,bitcoin dólar grafico,557.0,br,chrome,web,expansao_d,2025-12-11 21:07:47,,,,,,,,,,,,,,
Google Suggest,sugestao,bitcoin,bitcoin dólar tempo real,556.0,br,chrome,web,expansao_d,2025-12-11 21:07:47,,,,,,,,,,,,,,
Google Suggest,sugestao,bitcoin,bitcoin down,555.0,br,chrome,web,expansao_d,2025-12-11 21:07:47,,,,,,,,,,,,,,
Google Suggest,sugestao,bitcoin,bitcoin dolar atual,554.0,br,chrome,web,expansao_d,2025-12-11 21:07:47,,,,,,,,,,,,,,
Google Suggest,sugestao,bitcoin,bitcoin de ouro,553.0,br,chrome,web,expansao_d,2025-12-11 21:07:47,,,,,,,,,,,,,,
Google Suggest,sugestao,bitcoin,bitcoin dominance chart,552.0,br,chrome,web,expansao_d,2025-12-11 21:07:47,,,,,,,,,,,,,,
Google Suggest,sugestao,bitcoin,bitcoin desvaloriza,551.0,br,chrome,web,expansao_d,2025-12-11 21:07:47,,,,,,,,,,,,,,
Google Suggest,sugestao,bitcoin,bitcoin de agora,550.0,br,chrome,web,expansao_d,2025-12-11 21:07:47,,,,,,,,,,,,,,
Google Suggest,sugestao,bitcoin,bitcoin em dolar,1251.0,br,chrome,web,expansao_e,2025-12-11 21:07:47,,,,,,,,,,,,,,
Google Suggest,sugestao,bitcoin,bitcoin em real,1250.0,br,chrome,web,expansao_e,2025-12-11 21:07:47,,,,,,,,,,,,,,
Google Suggest,sugestao,bitcoin,bitcoin em dolar hoje,601.0,br,chrome,web,expansao_e,2025-12-11 21:07:47,,,,,,,,,,,,,,
Google Suggest,sugestao,bitcoin,bitcoin em queda,600.0,br,chrome,web,expansao_e,2025-12-11 21:07:47,,,,,,,,,,,,,,
Google Suggest,sugestao,bitcoin,bitcoin em 2010,560.0,br,chrome,web,expansao_e,2025-12-11 21:07:47,,,,,,,,,,,,,,
Google Suggest,sugestao,bitcoin,bitcoin em 2015,559.0,br,chrome,web,expansao_e,2025-12-11 21:07:47,,,,,,,,,,,,,,
Google Suggest,sugestao,bitcoin,bitcoin em tempo real,558.0,br,chrome,web,expansao_e,2025-12-11 21:07:47,,,,,,,,,,,,,,
Google Suggest,sugestao,bitcoin,bitcoin em reais,557.0,br,chrome,web,expansao_e,2025-12-11 21:07:47,,,,,,,,,,,,,,
Google Suggest,sugestao,bitcoin,bitcoin em 2012,556.0,br,chrome,web,expansao_e,2025-12-11 21:07:47,,,,,,,,,,,,,,
Google Suggest,sugestao,bitcoin,bitcoin em 2025,555.0,br,chrome,web,expansao_e,2025-12-11 21:07:47,,,,,,,,,,,,,,
Google Suggest,sugestao,bitcoin,bitcoin em 2018,554.0,br,chrome,web,expansao_e,2025-12-11 21:07:47,,,,,,,,,,,,,,
Google Suggest,sugestao,bitcoin,bitcoin em 2013,553.0,br,chrome,web,expansao_e,2025-12-11 21:07:47,,,,,,,,,,,,,,
Google Suggest,sugestao,bitcoin,bitcoin em 2014,552.0,br,chrome,web,expansao_e,2025-12-11 21:07:47,,,,,,,,,,,,,,
Google Suggest,sugestao,bitcoin,bitcoin em 2019,551.0,br,chrome,web,expansao_e,2025-12-11 21:07:47,,,,,,,,,,,,,,
Google Suggest,sugestao,bitcoin,bitcoin em queda hoje,550.0,br,chrome,web,expansao_e,2025-12-11 21:07:47,,,,,,,,,,,,,,
Google Suggest,sugestao,bitcoin,bitcoin fear and greed,1250.0,br,chrome,web,expansao_f,2025-12-11 21:07:47,,,,,,,,,,,,,,
Google Suggest,sugestao,bitcoin,bitcoin fed,900.0,br,chrome,web,expansao_f,2025-12-11 21:07:47,,,,,,,,,,,,,,
Google Suggest,sugestao,bitcoin,bitcoin futuro,750.0,br,chrome,web,expansao_f,2025-12-11 21:07:47,,,,,,,,,,,,,,
Google Suggest,sugestao,bitcoin,bitcoin faucet,604.0,br,chrome,web,expansao_f,2025-12-11 21:07:47,,,,,,,,,,,,,,
Google Suggest,sugestao,bitcoin,bitcoin fisico,603.0,br,chrome,web,expansao_f,2025-12-11 21:07:47,,,,,,,,,,,,,,
Google Suggest,sugestao,bitcoin,bitcoin fear,602.0,br,chrome,web,expansao_f,2025-12-11 21:07:47,,,,,,,,,,,,,,
Google Suggest,sugestao,bitcoin,bitcoin foi criado quando,601.0,br,chrome,web,expansao_f,2025-12-11 21:07:47,,,,,,,,,,,,,,
Google Suggest,sugestao,bitcoin,bitcoin forum,600.0,br,chrome,web,expansao_f,2025-12-11 21:07:47,,,,,,,,,,,,,,
Google Suggest,sugestao,bitcoin,bitcoin futuro b3,556.0,br,chrome,web,expansao_f,2025-12-11 21:07:47,,,,,,,,,,,,,,
Google Suggest,sugestao,bitcoin,bitcoin foto,555.0,br,chrome,web,expansao_f,2025-12-11 21:07:47,,,,,,,,,,,,,,
Google Suggest,sugestao,bitcoin,bitcoin dólar,554.0,br,chrome,web,expansao_f,2025-12-11 21:07:47,,,,,,,,,,,,,,
Google Suggest,sugestao,bitcoin,bitcoin fundo,553.0,br,chrome,web,expansao_f,2025-12-11 21:07:47,,,,,,,,,,,,,,
Google Suggest,sugestao,bitcoin,bitcoin final de 2025,552.0,br,chrome,web,expansao_f,2025-12-11 21:07:47,,,,,,,,,,,,,,
Google Suggest,sugestao,bitcoin,bitcoin físico existe,551.0,br,chrome,web,expansao_f,2025-12-11 21:07:47,,,,,,,,,,,,,,
Google Suggest,sugestao,bitcoin,bitcoin farm,550.0,br,chrome,web,expansao_f,2025-12-11 21:07:47,,,,,,,,,,,,,,
Google Suggest,sugestao,bitcoin,bitcoin grafico,1250.0,br,chrome,web,expansao_g,2025-12-11 21:07:47,,,,,,,,,,,,,,
Google Suggest,sugestao,bitcoin,bitcoin grafico dolar,601.0,br,chrome,web,expansao_g,2025-12-11 21:07:47,,,,,,,,,,,,,,
Google Suggest,sugestao,bitcoin,bitcoin gpt bot,600.0,br,chrome,web,expansao_g,2025-12-11 21:07:47,,,,,,,,,,,,,,
Google Suggest,sugestao,bitcoin,bitcoin graph,561.0,br,chrome,web,expansao_g,2025-12-11 21:07:47,,,,,,,,,,,,,,
Google Suggest,sugestao,bitcoin,bitcoin gold,560.0,br,chrome,web,expansao_g,2025-12-11 21:07:47,,,,,,,,,,,,,,
Google Suggest,sugestao,bitcoin,bitcoin github,559.0,br,chrome,web,expansao_g,2025-12-11 21:07:47,,,,,,,,,,,,,,
Google Suggest,sugestao,bitcoin,bitcoin gratis,558.0,br,chrome,web,expansao_g,2025-12-11 21:07:47,,,,,,,,,,,,,,
Google Suggest,sugestao,bitcoin,bitcoin gráfico histórico,557.0,br,chrome,web,expansao_g,2025-12-11 21:07:47,,,,,,,,,,,,,,
Google Suggest,sugestao,bitcoin,bitcoin gpt bot é confiável,556.0,br,chrome,web,expansao_g,2025-12-11 21:07:47,,,,,,,,,,,,,,
Google Suggest,sugestao,bitcoin,bitcoin gráfico agora,555.0,br,chrome,web,expansao_g,2025-12-11 21:07:47,,,,,,,,,,,,,,
Google Suggest,sugestao,bitcoin,bitcoin gpt bot é real,554.0,br,chrome,web,expansao_g,2025-12-11 21:07:47,,,,,,,,,,,,,,
Google Suggest,sugestao,bitcoin,bitcoin grafico tempo real,553.0,br,chrome,web,expansao_g,2025-12-11 21:07:47,,,,,,,,,,,,,,
Google Suggest,sugestao,bitcoin,bitcoin gráfico hoje,552.0,br,chrome,web,expansao_g,2025-12-11 21:07:47,,,,,,,,,,,,,,
Google Suggest,sugestao,bitcoin,bitcoin hoje,551.0,br,chrome,web,expansao_g,2025-12-11 21:07:47,,,,,,,,,,,,,,
Google Suggest,sugestao,bitcoin,bitcoin google finance,550.0,br,chrome,web,expansao_g,2025-12-11 21:07:47,,,,,,,,,,,,,,
Google Suggest,sugestao,bitcoin,bitcoin hoje,1251.0,br,chrome,web,expansao_h,2025-12-11 21:07:47,,,,,,,,,,,,,,
Google Suggest,sugestao,bitcoin,bitcoin hoje dólar,1250.0,br,chrome,web,expansao_h,2025-12-11 21:07:47,,,,,,,,,,,,,,
Google Suggest,sugestao,bitcoin,bitcoin hoje real,601.0,br,chrome,web,expansao_h,2025-12-11 21:07:47,,,,,,,,,,,,,,
Google Suggest,sugestao,bitcoin,bitcoin hoje dólar gráfico,600.0,br,chrome,web,expansao_h,2025-12-11 21:07:47,,,,,,,,,,,,,,
Google Suggest,sugestao,bitcoin,bitcoin hyper,560.0,br,chrome,web,expansao_h,2025-12-11 21:07:47,,,,,,,,,,,,,,
Google Suggest,sugestao,bitcoin,bitcoin historico,559.0,br,chrome,web,expansao_h,2025-12-11 21:07:47,,,,,,,,,,,,,,
Google Suggest,sugestao,bitcoin,bitcoin hoje cotação,558.0,br,chrome,web,expansao_h,2025-12-11 21:07:47,,,,,,,,,,,,,,
Google Suggest,sugestao,bitcoin,bitcoin hoje tempo real,557.0,br,chrome,web,expansao_h,2025-12-11 21:07:47,,,,,,,,,,,,,,
Google Suggest,sugestao,bitcoin,bitcoin hoje real agora,556.0,br,chrome,web,expansao_h,2025-12-11 21:07:47,,,,,,,,,,,,,,
Google Suggest,sugestao,bitcoin,bitcoin hoje em reais,555.0,br,chrome,web,expansao_h,2025-12-11 21:07:47,,,,,,,,,,,,,,
Google Suggest,sugestao,bitcoin,bitcoin halving,554.0,br,chrome,web,expansao_h,2025-12-11 21:07:47,,,,,,,,,,,,,,
Google Suggest,sugestao,bitcoin,bitcoin hoje agora,553.0,br,chrome,web,expansao_h,2025-12-11 21:07:47,,,,,,,,,,,,,,
Google Suggest,sugestao,bitcoin,bitcoin hoje dólar agora,552.0,br,chrome,web,expansao_h,2025-12-11 21:07:47,,,,,,,,,,,,,,
Google Suggest,sugestao,bitcoin,bitcoin heatmap,551.0,br,chrome,web,expansao_h,2025-12-11 21:07:47,,,,,,,,,,,,,,
Google Suggest,sugestao,bitcoin,bitcoin hoje dólar real,550.0,br,chrome,web,expansao_h,2025-12-11 21:07:47,,,,,,,,,,,,,,
Google Suggest,sugestao,bitcoin,bitcoin in dollar,1050.0,br,chrome,web,expansao_i,2025-12-11 21:07:47,,,,,,,,,,,,,,
Google Suggest,sugestao,bitcoin,bitcoin in usd,603.0,br,chrome,web,expansao_i,2025-12-11 21:07:47,,,,,,,,,,,,,,
Google Suggest,sugestao,bitcoin,bitcoin investidor10,602.0,br,chrome,web,expansao_i,2025-12-11 21:07:47,,,,,,,,,,,,,,
Google Suggest,sugestao,bitcoin,bitcoin investimento,601.0,br,chrome,web,expansao_i,2025-12-11 21:07:47,,,,,,,,,,,,,,
Google Suggest,sugestao,bitcoin,bitcoin imposto de renda,600.0,br,chrome,web,expansao_i,2025-12-11 21:07:47,,,,,,,,,,,,,,
Google Suggest,sugestao,bitcoin,bitcoin inicio,559.0,br,chrome,web,expansao_i,2025-12-11 21:07:47,,,,,,,,,,,,,,
Google Suggest,sugestao,bitcoin,bitcoin imagem,558.0,br,chrome,web,expansao_i,2025-12-11 21:07:47,,,,,,,,,,,,,,
Google Suggest,sugestao,bitcoin,bitcoin index,557.0,br,chrome,web,expansao_i,2025-12-11 21:07:47,,,,,,,,,,,,,,
Google Suggest,sugestao,bitcoin,bitcoin imposto,556.0,br,chrome,web,expansao_i,2025-12-11 21:07:47,,,,,,,,,,,,,,
Google Suggest,sugestao,bitcoin,bitcoin infomoney,555.0,br,chrome,web,expansao_i,2025-12-11 21:07:47,,,,,,,,,,,,,,
Google Suggest,sugestao,bitcoin,bitcoin icon,554.0,br,chrome,web,expansao_i,2025-12-11 21:07:47,,,,,,,,,,,,,,
Google Suggest,sugestao,bitcoin,bitcoin itau,553.0,br,chrome,web,expansao_i,2025-12-11 21:07:47,,,,,,,,,,,,,,
Google Suggest,sugestao,bitcoin,bitcoin indice do medo,552.0,br,chrome,web,expansao_i,2025-12-11 21:07:47,,,,,,,,,,,,,,
Google Suggest,sugestao,bitcoin,bitcoin ira subir,551.0,br,chrome,web,expansao_i,2025-12-11 21:07:47,,,,,,,,,,,,,,
Google Suggest,sugestao,bitcoin,bitcoin investing.com,550.0,br,chrome,web,expansao_i,2025-12-11 21:07:47,,,,,,,,,,,,,,
Google Suggest,sugestao,bitcoin,bitcoin hoje,601.0,br,chrome,web,expansao_j,2025-12-11 21:07:47,,,,,,,,,,,,,,
Google Suggest,sugestao,bitcoin,bitcoin jogo,600.0,br,chrome,web,expansao_j,2025-12-11 21:07:47,,,,,,,,,,,,,,
Google Suggest,sugestao,bitcoin,bitcoin janeiro 2025,562.0,br,chrome,web,expansao_j,2025-12-11 21:07:47,,,,,,,,,,,,,,
Google Suggest,sugestao,bitcoin,bitcoin ja era,561.0,br,chrome,web,expansao_j,2025-12-11 21:07:47,,,,,,,,,,,,,,
Google Suggest,sugestao,bitcoin,bitcoin janeiro 2024,560.0,br,chrome,web,expansao_j,2025-12-11 21:07:47,,,,,,,,,,,,,,
Google Suggest,sugestao,bitcoin,bitcoin jogo do tigre,559.0,br,chrome,web,expansao_j,2025-12-11 21:07:47,,,,,,,,,,,,,,
Google Suggest,sugestao,bitcoin,bitcoin hoje dólar,558.0,br,chrome,web,expansao_j,2025-12-11 21:07:47,,,,,,,,,,,,,,
Google Suggest,sugestao,bitcoin,bitcoin jobs,557.0,br,chrome,web,expansao_j,2025-12-11 21:07:47,,,,,,,,,,,,,,
Google Suggest,sugestao,bitcoin,bitcoin ja chegou a quanto,556.0,br,chrome,web,expansao_j,2025-12-11 21:07:47,,,,,,,,,,,,,,
Google Suggest,sugestao,bitcoin,bitcoin jp morgan,555.0,br,chrome,web,expansao_j,2025-12-11 21:07:47,,,,,,,,,,,,,,
Google Suggest,sugestao,bitcoin,bitcoin janeiro 2023,554.0,br,chrome,web,expansao_j,2025-12-11 21:07:47,,,,,,,,,,,,,,
Google Suggest,sugestao,bitcoin,bitcoin janeiro 2026,553.0,br,chrome,web,expansao_j,2025-12-11 21:07:47,,,,,,,,,,,,,,
Google Suggest,sugestao,bitcoin,bitcoin hoje usd,552.0,br,chrome,web,expansao_j,2025-12-11 21:07:47,,,,,,,,,,,,,,
Google Suggest,sugestao,bitcoin,bitcoin juros eua,551.0,br,chrome,web,expansao_j,2025-12-11 21:07:47,,,,,,,,,,,,,,
Google Suggest,sugestao,bitcoin,bitcoin hoje real,550.0,br,chrome,web,expansao_j,2025-12-11 21:07:47,,,,,,,,,,,,,,
Google Suggest,sugestao,bitcoin,bitcoin knots,1250.0,br,chrome,web,expansao_k,2025-12-11 21:07:47,,,,,,,,,,,,,,
Google Suggest,sugestao,bitcoin,bitcoin kurs,850.0,br,chrome,web,expansao_k,2025-12-11 21:07:47,,,,,,,,,,,,,,
Google Suggest,sugestao,bitcoin,bitcoin keeper,602.0,br,chrome,web,expansao_k,2025-12-11 21:07:47,,,,,,,,,,,,,,
Google Suggest,sugestao,bitcoin,bitcoin kevin durant,601.0,br,chrome,web,expansao_k,2025-12-11 21:07:47,,,,,,,,,,,,,,
Google Suggest,sugestao,bitcoin,bitcoin kraken,600.0,br,chrome,web,expansao_k,2025-12-11 21:07:47,,,,,,,,,,,,,,
Google Suggest,sugestao,bitcoin,bitcoin kevin duran,558.0,br,chrome,web,expansao_k,2025-12-11 21:07:47,,,,,,,,,,,,,,
Google Suggest,sugestao,bitcoin,bitcoin krw,557.0,br,chrome,web,expansao_k,2025-12-11 21:07:47,,,,,,,,,,,,,,
Google Suggest,sugestao,bitcoin,bitcoin knots github,556.0,br,chrome,web,expansao_k,2025-12-11 21:07:47,,,,,,,,,,,,,,
Google Suggest,sugestao,bitcoin,bitcoin key,555.0,br,chrome,web,expansao_k,2025-12-11 21:07:47,,,,,,,,,,,,,,
Google Suggest,sugestao,bitcoin,bitcoin king,554.0,br,chrome,web,expansao_k,2025-12-11 21:07:47,,,,,,,,,,,,,,
Google Suggest,sugestao,bitcoin,bitcoin knots vs core,553.0,br,chrome,web,expansao_k,2025-12-11 21:07:47,,,,,,,,,,,,,,
Google Suggest,sugestao,bitcoin,bitcoin keeper wallet,552.0,br,chrome,web,expansao_k,2025-12-11 21:07:47,,,,,,,,,,,,,,
Google Suggest,sugestao,bitcoin,bitcoin kurs euro,551.0,br,chrome,web,expansao_k,2025-12-11 21:07:47,,,,,,,,,,,,,,
Google Suggest,sugestao,bitcoin,bitcoin kurs dollar,550.0,br,chrome,web,expansao_k,2025-12-11 21:07:47,,,,,,,,,,,,,,
Google Suggest,sugestao,bitcoin,bitcoin logo,900.0,br,chrome,web,expansao_l,2025-12-11 21:07:47,,,,,,,,,,,,,,
Google Suggest,sugestao,bitcoin,bitcoin login,851.0,br,chrome,web,expansao_l,2025-12-11 21:07:47,,,,,,,,,,,,,,
Google Suggest,sugestao,bitcoin,bitcoin liquidation heatmap,850.0,br,chrome,web,expansao_l,2025-12-11 21:07:47,,,,,,,,,,,,,,
Google Suggest,sugestao,bitcoin,bitcoin lightning,750.0,br,chrome,web,expansao_l,2025-12-11 21:07:47,,,,,,,,,,,,,,
Google Suggest,sugestao,bitcoin,bitcoin lançamento,601.0,br,chrome,web,expansao_l,2025-12-11 21:07:47,,,,,,,,,,,,,,
Google Suggest,sugestao,bitcoin,bitcoin livro,600.0,br,chrome,web,expansao_l,2025-12-11 21:07:47,,,,,,,,,,,,,,
Google Suggest,sugestao,bitcoin,bitcoin liquidation map,558.0,br,chrome,web,expansao_l,2025-12-11 21:07:47,,,,,,,,,,,,,,
Google Suggest,sugestao,bitcoin,bitcoin live,557.0,br,chrome,web,expansao_l,2025-12-11 21:07:47,,,,,,,,,,,,,,
Google Suggest,sugestao,bitcoin,bitcoin lixao,556.0,br,chrome,web,expansao_l,2025-12-11 21:07:47,,,,,,,,,,,,,,
Google Suggest,sugestao,bitcoin,bitcoin lightning wallet,555.0,br,chrome,web,expansao_l,2025-12-11 21:07:47,,,,,,,,,,,,,,
Google Suggest,sugestao,bitcoin,bitcoin liquidation,554.0,br,chrome,web,expansao_l,2025-12-11 21:07:47,,,,,,,,,,,,,,
Google Suggest,sugestao,bitcoin,bitcoin liquid,553.0,br,chrome,web,expansao_l,2025-12-11 21:07:47,,,,,,,,,,,,,,
Google Suggest,sugestao,bitcoin,bitcoin liquida,552.0,br,chrome,web,expansao_l,2025-12-11 21:07:47,,,,,,,,,,,,,,
Google Suggest,sugestao,bitcoin,bitcoin logo png,551.0,br,chrome,web,expansao_l,2025-12-11 21:07:47,,,,,,,,,,,,,,
Google Suggest,sugestao,bitcoin,bitcoin lastro,550.0,br,chrome,web,expansao_l,2025-12-11 21:07:47,,,,,,,,,,,,,,
Google Suggest,sugestao,bitcoin,bitcoin mining,601.0,br,chrome,web,expansao_m,2025-12-11 21:07:47,,,,,,,,,,,,,,
Google Suggest,sugestao,bitcoin,bitcoin miner,600.0,br,chrome,web,expansao_m,2025-12-11 21:07:47,,,,,,,,,,,,,,
Google Suggest,sugestao,bitcoin,bitcoin mayer multiple,562.0,br,chrome,web,expansao_m,2025-12-11 21:07:47,,,,,,,,,,,,,,
Google Suggest,sugestao,bitcoin,bitcoin market cap,561.0,br,chrome,web,expansao_m,2025-12-11 21:07:47,,,,,,,,,,,,,,
Google Suggest,sugestao,bitcoin,bitcoin magazine,560.0,br,chrome,web,expansao_m,2025-12-11 21:07:47,,,,,,,,,,,,,,
Google Suggest,sugestao,bitcoin,bitcoin monthly returns,559.0,br,chrome,web,expansao_m,2025-12-11 21:07:47,,,,,,,,,,,,,,
Google Suggest,sugestao,bitcoin,bitcoin moeda,558.0,br,chrome,web,expansao_m,2025-12-11 21:07:47,,,,,,,,,,,,,,
Google Suggest,sugestao,bitcoin,bitcoin mining app,557.0,br,chrome,web,expansao_m,2025-12-11 21:07:47,,,,,,,,,,,,,,
Google Suggest,sugestao,bitcoin,bitcoin mvrv,556.0,br,chrome,web,expansao_m,2025-12-11 21:07:47,,,,,,,,,,,,,,
Google Suggest,sugestao,bitcoin,bitcoin medo e ganancia,555.0,br,chrome,web,expansao_m,2025-12-11 21:07:47,,,,,,,,,,,,,,
Google Suggest,sugestao,bitcoin,bitcoin maxima historica,554.0,br,chrome,web,expansao_m,2025-12-11 21:07:47,,,,,,,,,,,,,,
Google Suggest,sugestao,bitcoin,bitcoin magazine pro,553.0,br,chrome,web,expansao_m,2025-12-11 21:07:47,,,,,,,,,,,,,,
Google Suggest,sugestao,bitcoin,bitcoin maior valor,552.0,br,chrome,web,expansao_m,2025-12-11 21:07:47,,,,,,,,,,,,,,
Google Suggest,sugestao,bitcoin,bitcoin mineração,551.0,br,chrome,web,expansao_m,2025-12-11 21:07:47,,,,,,,,,,,,,,
Google Suggest,sugestao,bitcoin,bitcoin mercado pago,550.0,br,chrome,web,expansao_m,2025-12-11 21:07:47,,,,,,,,,,,,,,
Google Suggest,sugestao,bitcoin,bitcoin noticias,1250.0,br,chrome,web,expansao_n,2025-12-11 21:07:47,,,,,,,,,,,,,,
Google Suggest,sugestao,bitcoin,bitcoin nubank,850.0,br,chrome,web,expansao_n,2025-12-11 21:07:47,,,,,,,,,,,,,,
Google Suggest,sugestao,bitcoin,bitcoin now,601.0,br,chrome,web,expansao_n,2025-12-11 21:07:47,,,,,,,,,,,,,,
Google Suggest,sugestao,bitcoin,bitcoin na b3,600.0,br,chrome,web,expansao_n,2025-12-11 21:07:47,,,,,,,,,,,,,,
Google Suggest,sugestao,bitcoin,bitcoin network,560.0,br,chrome,web,expansao_n,2025-12-11 21:07:47,,,,,,,,,,,,,,
Google Suggest,sugestao,bitcoin,bitcoin nodes,559.0,br,chrome,web,expansao_n,2025-12-11 21:07:47,,,,,,,,,,,,,,
Google Suggest,sugestao,bitcoin,bitcoin no inicio,558.0,br,chrome,web,expansao_n,2025-12-11 21:07:47,,,,,,,,,,,,,,
Google Suggest,sugestao,bitcoin,bitcoin na xp,557.0,br,chrome,web,expansao_n,2025-12-11 21:07:47,,,,,,,,,,,,,,
Google Suggest,sugestao,bitcoin,bitcoin no mercado pago,556.0,br,chrome,web,expansao_n,2025-12-11 21:07:47,,,,,,,,,,,,,,
Google Suggest,sugestao,bitcoin,bitcoin na rico,555.0,br,chrome,web,expansao_n,2025-12-11 21:07:47,,,,,,,,,,,,,,
Google Suggest,sugestao,bitcoin,bitcoin no picpay,554.0,br,chrome,web,expansao_n,2025-12-11 21:07:47,,,,,,,,,,,,,,
Google Suggest,sugestao,bitcoin,bitcoin notícias hoje,553.0,br,chrome,web,expansao_n,2025-12-11 21:07:47,,,,,,,,,,,,,,
Google Suggest,sugestao,bitcoin,bitcoin now usd,552.0,br,chrome,web,expansao_n,2025-12-11 21:07:47,,,,,,,,,,,,,,
Google Suggest,sugestao,bitcoin,bitcoin na bolsa,551.0,br,chrome,web,expansao_n,2025-12-11 21:07:47,,,,,,,,,,,,,,
Google Suggest,sugestao,bitcoin,bitcoin novembro 2025,550.0,br,chrome,web,expansao_n,2025-12-11 21:07:47,,,,,,,,,,,,,,
Google Suggest,sugestao,bitcoin,bitcoin o que é,1250.0,br,chrome,web,expansao_o,2025-12-11 21:07:47,,,,,,,,,,,,,,
Google Suggest,sugestao,bitcoin,bitcoin ontem,750.0,br,chrome,web,expansao_o,2025-12-11 21:07:47,,,,,,,,,,,,,,
Google Suggest,sugestao,bitcoin,bitcoin onde comprar,602.0,br,chrome,web,expansao_o,2025-12-11 21:07:47,,,,,,,,,,,,,,
Google Suggest,sugestao,bitcoin,bitcoin o que é e como funciona,601.0,br,chrome,web,expansao_o,2025-12-11 21:07:47,,,,,,,,,,,,,,
Google Suggest,sugestao,bitcoin,http://bitcoin.org,600.0,br,chrome,web,expansao_o,2025-12-11 21:07:47,,,,,,,,,,,,,,
Google Suggest,sugestao,bitcoin,bitcoin online,559.0,br,chrome,web,expansao_o,2025-12-11 21:07:47,,,,,,,,,,,,,,
Google Suggest,sugestao,bitcoin,bitcoin o que esta acontecendo,558.0,br,chrome,web,expansao_o,2025-12-11 21:07:47,,,,,,,,,,,,,,
Google Suggest,sugestao,bitcoin,bitcoin ou ethereum,557.0,br,chrome,web,expansao_o,2025-12-11 21:07:47,,,,,,,,,,,,,,
Google Suggest,sugestao,bitcoin,bitcoin ouro,556.0,br,chrome,web,expansao_o,2025-12-11 21:07:47,,,,,,,,,,,,,,
Google Suggest,sugestao,bitcoin,bitcoin outubro 2021,555.0,br,chrome,web,expansao_o,2025-12-11 21:07:47,,,,,,,,,,,,,,
Google Suggest,sugestao,bitcoin,bitcoin outubro 2025,554.0,br,chrome,web,expansao_o,2025-12-11 21:07:47,,,,,,,,,,,,,,
Google Suggest,sugestao,bitcoin,bitcoin o q é,553.0,br,chrome,web,expansao_o,2025-12-11 21:07:47,,,,,,,,,,,,,,
Google Suggest,sugestao,bitcoin,bitcoin otc,552.0,br,chrome,web,expansao_o,2025-12-11 21:07:47,,,,,,,,,,,,,,
Google Suggest,sugestao,bitcoin,bitcoin o que esperar,551.0,br,chrome,web,expansao_o,2025-12-11 21:07:47,,,,,,,,,,,,,,
Google Suggest,sugestao,bitcoin,bitcoin o'que e,550.0,br,chrome,web,expansao_o,2025-12-11 21:07:47,,,,,,,,,,,,,,
Google Suggest,sugestao,bitcoin,bitcoin price,1252.0,br,chrome,web,expansao_p,2025-12-11 21:07:47,,,,,,,,,,,,,,
Google Suggest,sugestao,bitcoin,bitcoin price usd,1251.0,br,chrome,web,expansao_p,2025-12-11 21:07:47,,,,,,,,,,,,,,
Google Suggest,sugestao,bitcoin,bitcoin preço,1250.0,br,chrome,web,expansao_p,2025-12-11 21:07:47,,,,,,,,,,,,,,
Google Suggest,sugestao,bitcoin,bitcoin para real,601.0,br,chrome,web,expansao_p,2025-12-11 21:07:47,,,,,,,,,,,,,,
Google Suggest,sugestao,bitcoin,bitcoin previsão,600.0,br,chrome,web,expansao_p,2025-12-11 21:07:47,,,,,,,,,,,,,,
Google Suggest,sugestao,bitcoin,bitcoin preço dolar,559.0,br,chrome,web,expansao_p,2025-12-11 21:07:47,,,,,,,,,,,,,,
Google Suggest,sugestao,bitcoin,bitcoin para dolar,558.0,br,chrome,web,expansao_p,2025-12-11 21:07:47,,,,,,,,,,,,,,
Google Suggest,sugestao,bitcoin,bitcoin preço hoje,557.0,br,chrome,web,expansao_p,2025-12-11 21:07:47,,,,,,,,,,,,,,
Google Suggest,sugestao,bitcoin,bitcoin pizza day,556.0,br,chrome,web,expansao_p,2025-12-11 21:07:47,,,,,,,,,,,,,,
Google Suggest,sugestao,bitcoin,bitcoin price brl,555.0,br,chrome,web,expansao_p,2025-12-11 21:07:47,,,,,,,,,,,,,,
Google Suggest,sugestao,bitcoin,bitcoin p2p,554.0,br,chrome,web,expansao_p,2025-12-11 21:07:47,,,,,,,,,,,,,,
Google Suggest,sugestao,bitcoin,bitcoin puzzle,553.0,br,chrome,web,expansao_p,2025-12-11 21:07:47,,,,,,,,,,,,,,
Google Suggest,sugestao,bitcoin,bitcoin previsão 2030,552.0,br,chrome,web,expansao_p,2025-12-11 21:07:47,,,,,,,,,,,,,,
Google Suggest,sugestao,bitcoin,bitcoin pode subir,551.0,br,chrome,web,expansao_p,2025-12-11 21:07:47,,,,,,,,,,,,,,
Google Suggest,sugestao,bitcoin,bitcoin paga imposto de renda,550.0,br,chrome,web,expansao_p,2025-12-11 21:07:47,,,,,,,,,,,,,,
Google Suggest,sugestao,bitcoin,bitcoin queda,1250.0,br,chrome,web,expansao_q,2025-12-11 21:07:47,,,,,,,,,,,,,,
Google Suggest,sugestao,bitcoin,bitcoin quando surgiu,800.0,br,chrome,web,expansao_q,2025-12-11 21:07:47,,,,,,,,,,,,,,
Google Suggest,sugestao,bitcoin,bitcoin quanto vale,650.0,br,chrome,web,expansao_q,2025-12-11 21:07:47,,,,,,,,,,,,,,
Google Suggest,sugestao,bitcoin,bitcoin quando lançou,601.0,br,chrome,web,expansao_q,2025-12-11 21:07:47,,,,,,,,,,,,,,
Google Suggest,sugestao,bitcoin,bitcoin quem criou,600.0,br,chrome,web,expansao_q,2025-12-11 21:07:47,,,,,,,,,,,,,,
Google Suggest,sugestao,bitcoin,bitcoin quanto custa,559.0,br,chrome,web,expansao_q,2025-12-11 21:07:47,,,,,,,,,,,,,,
Google Suggest,sugestao,bitcoin,bitcoin quando foi criado,558.0,br,chrome,web,expansao_q,2025-12-11 21:07:47,,,,,,,,,,,,,,
Google Suggest,sugestao,bitcoin,bitcoin queda hoje,557.0,br,chrome,web,expansao_q,2025-12-11 21:07:47,,,,,,,,,,,,,,
Google Suggest,sugestao,bitcoin,bitcoin quantos existem,556.0,br,chrome,web,expansao_q,2025-12-11 21:07:47,,,,,,,,,,,,,,
Google Suggest,sugestao,bitcoin,bitcoin quando lançou valor,555.0,br,chrome,web,expansao_q,2025-12-11 21:07:47,,,,,,,,,,,,,,
Google Suggest,sugestao,bitcoin,bitcoin qual a tendencia,554.0,br,chrome,web,expansao_q,2025-12-11 21:07:47,,,,,,,,,,,,,,
Google Suggest,sugestao,bitcoin,bitcoin quantile model,553.0,br,chrome,web,expansao_q,2025-12-11 21:07:47,,,,,,,,,,,,,,
Google Suggest,sugestao,bitcoin,bitcoin qual o valor,552.0,br,chrome,web,expansao_q,2025-12-11 21:07:47,,,,,,,,,,,,,,
Google Suggest,sugestao,bitcoin,bitcoin quando comprar,551.0,br,chrome,web,expansao_q,2025-12-11 21:07:47,,,,,,,,,,,,,,
Google Suggest,sugestao,bitcoin,bitcoin quanto valia em 2010,550.0,br,chrome,web,expansao_q,2025-12-11 21:07:47,,,,,,,,,,,,,,
Google Suggest,sugestao,bitcoin,bitcoin real,1251.0,br,chrome,web,expansao_r,2025-12-11 21:07:47,,,,,,,,,,,,,,
Google Suggest,sugestao,bitcoin,bitcoin red pill,1250.0,br,chrome,web,expansao_r,2025-12-11 21:07:47,,,,,,,,,,,,,,
Google Suggest,sugestao,bitcoin,bitcoin real hoje,601.0,br,chrome,web,expansao_r,2025-12-11 21:07:47,,,,,,,,,,,,,,
Google Suggest,sugestao,bitcoin,bitcoin real dolar,600.0,br,chrome,web,expansao_r,2025-12-11 21:07:47,,,,,,,,,,,,,,
Google Suggest,sugestao,bitcoin,bitcoin rainbow chart,560.0,br,chrome,web,expansao_r,2025-12-11 21:07:47,,,,,,,,,,,,,,
Google Suggest,sugestao,bitcoin,bitcoin red pill 3a edição pdf download,559.0,br,chrome,web,expansao_r,2025-12-11 21:07:47,,,,,,,,,,,,,,
Google Suggest,sugestao,bitcoin,bitcoin reais,558.0,br,chrome,web,expansao_r,2025-12-11 21:07:47,,,,,,,,,,,,,,
Google Suggest,sugestao,bitcoin,bitcoin reddit,557.0,br,chrome,web,expansao_r,2025-12-11 21:07:47,,,,,,,,,,,,,,
Google Suggest,sugestao,bitcoin,bitcoin red pill livro,556.0,br,chrome,web,expansao_r,2025-12-11 21:07:47,,,,,,,,,,,,,,
Google Suggest,sugestao,bitcoin,bitcoin rainbow,555.0,br,chrome,web,expansao_r,2025-12-11 21:07:47,,,,,,,,,,,,,,
Google Suggest,sugestao,bitcoin,bitcoin real time,554.0,br,chrome,web,expansao_r,2025-12-11 21:07:47,,,,,,,,,,,,,,
Google Suggest,sugestao,bitcoin,bitcoin renato ulianov,553.0,br,chrome,web,expansao_r,2025-12-11 21:07:47,,,,,,,,,,,,,,
Google Suggest,sugestao,bitcoin,bitcoin red pill epub,552.0,br,chrome,web,expansao_r,2025-12-11 21:07:47,,,,,,,,,,,,,,
Google Suggest,sugestao,bitcoin,bitcoin rio de janeiro,551.0,br,chrome,web,expansao_r,2025-12-11 21:07:47,,,,,,,,,,,,,,
Google Suggest,sugestao,bitcoin,bitcoin red pill 1 edição pdf,550.0,br,chrome,web,expansao_r,2025-12-11 21:07:47,,,,,,,,,,,,,,
Google Suggest,sugestao,bitcoin,bitcoin subiu,700.0,br,chrome,web,expansao_s,2025-12-11 21:07:47,,,,,,,,,,,,,,
Google Suggest,sugestao,bitcoin,bitcoin site,602.0,br,chrome,web,expansao_s,2025-12-11 21:07:47,,,,,,,,,,,,,,
Google Suggest,sugestao,bitcoin,bitcoin significado,601.0,br,chrome,web,expansao_s,2025-12-11 21:07:47,,,,,,,,,,,,,,
Google Suggest,sugestao,bitcoin,bitcoin stock,600.0,br,chrome,web,expansao_s,2025-12-11 21:07:47,,,,,,,,,,,,,,
Google Suggest,sugestao,bitcoin,bitcoin sobe,560.0,br,chrome,web,expansao_s,2025-12-11 21:07:47,,,,,,,,,,,,,,
Google Suggest,sugestao,bitcoin,bitcoin simbolo,559.0,br,chrome,web,expansao_s,2025-12-11 21:07:47,,,,,,,,,,,,,,
Google Suggest,sugestao,bitcoin,bitcoin satoshi,558.0,br,chrome,web,expansao_s,2025-12-11 21:07:47,,,,,,,,,,,,,,
Google Suggest,sugestao,bitcoin,bitcoin surgiu quando,557.0,br,chrome,web,expansao_s,2025-12-11 21:07:47,,,,,,,,,,,,,,
Google Suggest,sugestao,bitcoin,bitcoin subiu hoje,556.0,br,chrome,web,expansao_s,2025-12-11 21:07:47,,,,,,,,,,,,,,
Google Suggest,sugestao,bitcoin,bitcoin standard,555.0,br,chrome,web,expansao_s,2025-12-11 21:07:47,,,,,,,,,,,,,,
Google Suggest,sugestao,bitcoin,bitcoin scan,554.0,br,chrome,web,expansao_s,2025-12-11 21:07:47,,,,,,,,,,,,,,
Google Suggest,sugestao,bitcoin,bitcoin status invest,553.0,br,chrome,web,expansao_s,2025-12-11 21:07:47,,,,,,,,,,,,,,
Google Suggest,sugestao,bitcoin,bitcoin stock to flow,552.0,br,chrome,web,expansao_s,2025-12-11 21:07:47,,,,,,,,,,,,,,
Google Suggest,sugestao,bitcoin,bitcoin sobe ou desce,551.0,br,chrome,web,expansao_s,2025-12-11 21:07:47,,,,,,,,,,,,,,
Google Suggest,sugestao,bitcoin,bitcoin solana hoje,550.0,br,chrome,web,expansao_s,2025-12-11 21:07:47,,,,,,,,,,,,,,
Google Suggest,sugestao,bitcoin,bitcoin today,850.0,br,chrome,web,expansao_t,2025-12-11 21:07:47,,,,,,,,,,,,,,
Google Suggest,sugestao,bitcoin,bitcoin tempo real,700.0,br,chrome,web,expansao_t,2025-12-11 21:07:47,,,,,,,,,,,,,,
Google Suggest,sugestao,bitcoin,bitcoin tendencia,602.0,br,chrome,web,expansao_t,2025-12-11 21:07:47,,,,,,,,,,,,,,
Google Suggest,sugestao,bitcoin,bitcoin trump,601.0,br,chrome,web,expansao_t,2025-12-11 21:07:47,,,,,,,,,,,,,,
Google Suggest,sugestao,bitcoin,bitcointrade,600.0,br,chrome,web,expansao_t,2025-12-11 21:07:47,,,,,,,,,,,,,,
Google Suggest,sugestao,bitcoin,bitcoin to real,559.0,br,chrome,web,expansao_t,2025-12-11 21:07:47,,,,,,,,,,,,,,
Google Suggest,sugestao,bitcoin,bitcoin to dolar,558.0,br,chrome,web,expansao_t,2025-12-11 21:07:47,,,,,,,,,,,,,,
Google Suggest,sugestao,bitcoin,bitcoin to you,557.0,br,chrome,web,expansao_t,2025-12-11 21:07:47,,,,,,,,,,,,,,
Google Suggest,sugestao,bitcoin,bitcoin to dollar,556.0,br,chrome,web,expansao_t,2025-12-11 21:07:47,,,,,,,,,,,,,,
Google Suggest,sugestao,bitcoin,bitcoin treasury company,555.0,br,chrome,web,expansao_t,2025-12-11 21:07:47,,,,,,,,,,,,,,
Google Suggest,sugestao,bitcoin,bitcoin to brl,554.0,br,chrome,web,expansao_t,2025-12-11 21:07:47,,,,,,,,,,,,,,
Google Suggest,sugestao,bitcoin,bitcoin talk,553.0,br,chrome,web,expansao_t,2025-12-11 21:07:47,,,,,,,,,,,,,,
Google Suggest,sugestao,bitcoin,bitcoin ticker,552.0,br,chrome,web,expansao_t,2025-12-11 21:07:47,,,,,,,,,,,,,,
Google Suggest,sugestao,bitcoin,bitcoin tem lastro,551.0,br,chrome,web,expansao_t,2025-12-11 21:07:47,,,,,,,,,,,,,,
Google Suggest,sugestao,bitcoin,bitcoin tem imposto de renda,550.0,br,chrome,web,expansao_t,2025-12-11 21:07:47,,,,,,,,,,,,,,
Google Suggest,sugestao,bitcoin,bitcoin usd,1250.0,br,chrome,web,expansao_u,2025-12-11 21:07:47,,,,,,,,,,,,,,
Google Suggest,sugestao,bitcoin,bitcoin usdt,601.0,br,chrome,web,expansao_u,2025-12-11 21:07:47,,,,,,,,,,,,,,
Google Suggest,sugestao,bitcoin,bitcoin us,600.0,br,chrome,web,expansao_u,2025-12-11 21:07:47,,,,,,,,,,,,,,
Google Suggest,sugestao,bitcoin,bitcoin usd hoje,561.0,br,chrome,web,expansao_u,2025-12-11 21:07:47,,,,,,,,,,,,,,
Google Suggest,sugestao,bitcoin,bitcoin ultimos 6 meses,560.0,br,chrome,web,expansao_u,2025-12-11 21:07:47,,,,,,,,,,,,,,
Google Suggest,sugestao,bitcoin,bitcoin usd today,559.0,br,chrome,web,expansao_u,2025-12-11 21:07:47,,,,,,,,,,,,,,
Google Suggest,sugestao,bitcoin,bitcoin ultimos 5 anos,558.0,br,chrome,web,expansao_u,2025-12-11 21:07:47,,,,,,,,,,,,,,
Google Suggest,sugestao,bitcoin,bitcoin ultimas noticias,557.0,br,chrome,web,expansao_u,2025-12-11 21:07:47,,,,,,,,,,,,,,
Google Suggest,sugestao,bitcoin,bitcoin usd tradingview,556.0,br,chrome,web,expansao_u,2025-12-11 21:07:47,,,,,,,,,,,,,,
Google Suggest,sugestao,bitcoin,bitcoin usd cotação,555.0,br,chrome,web,expansao_u,2025-12-11 21:07:47,,,,,,,,,,,,,,
Google Suggest,sugestao,bitcoin,bitcoin usd grafico,554.0,br,chrome,web,expansao_u,2025-12-11 21:07:47,,,,,,,,,,,,,,
Google Suggest,sugestao,bitcoin,bitcoin usdt hoje,553.0,br,chrome,web,expansao_u,2025-12-11 21:07:47,,,,,,,,,,,,,,
Google Suggest,sugestao,bitcoin,bitcoin usd agora,552.0,br,chrome,web,expansao_u,2025-12-11 21:07:47,,,,,,,,,,,,,,
Google Suggest,sugestao,bitcoin,bitcoin usd investing,551.0,br,chrome,web,expansao_u,2025-12-11 21:07:47,,,,,,,,,,,,,,
Google Suggest,sugestao,bitcoin,bitcoin usdt binance,550.0,br,chrome,web,expansao_u,2025-12-11 21:07:47,,,,,,,,,,,,,,
Google Suggest,sugestao,bitcoin,bitcoin valor,1250.0,br,chrome,web,expansao_v,2025-12-11 21:07:47,,,,,,,,,,,,,,
Google Suggest,sugestao,bitcoin,bitcoin vai subir,900.0,br,chrome,web,expansao_v,2025-12-11 21:07:47,,,,,,,,,,,,,,
Google Suggest,sugestao,bitcoin,bitcoin valor hoje,602.0,br,chrome,web,expansao_v,2025-12-11 21:07:47,,,,,,,,,,,,,,
Google Suggest,sugestao,bitcoin,bitcoin valor dolar,601.0,br,chrome,web,expansao_v,2025-12-11 21:07:47,,,,,,,,,,,,,,
Google Suggest,sugestao,bitcoin,bitcoin vai cair,600.0,br,chrome,web,expansao_v,2025-12-11 21:07:47,,,,,,,,,,,,,,
Google Suggest,sugestao,bitcoin,bitcoin vale a pena,559.0,br,chrome,web,expansao_v,2025-12-11 21:07:47,,,,,,,,,,,,,,
Google Suggest,sugestao,bitcoin,bitcoin vai cair mais,558.0,br,chrome,web,expansao_v,2025-12-11 21:07:47,,,,,,,,,,,,,,
Google Suggest,sugestao,bitcoin,bitcoin value,557.0,br,chrome,web,expansao_v,2025-12-11 21:07:47,,,,,,,,,,,,,,
Google Suggest,sugestao,bitcoin,bitcoin vale a pena investir,556.0,br,chrome,web,expansao_v,2025-12-11 21:07:47,,,,,,,,,,,,,,
Google Suggest,sugestao,bitcoin,bitcoin vai subir ou cair,555.0,br,chrome,web,expansao_v,2025-12-11 21:07:47,,,,,,,,,,,,,,
Google Suggest,sugestao,bitcoin,bitcoin vai voltar a subir,554.0,br,chrome,web,expansao_v,2025-12-11 21:07:47,,,,,,,,,,,,,,
Google Suggest,sugestao,bitcoin,bitcoin valor em real,553.0,br,chrome,web,expansao_v,2025-12-11 21:07:47,,,,,,,,,,,,,,
Google Suggest,sugestao,bitcoin,bitcoin volta a subir,552.0,br,chrome,web,expansao_v,2025-12-11 21:07:47,,,,,,,,,,,,,,
Google Suggest,sugestao,bitcoin,bitcoin valor em 2010,551.0,br,chrome,web,expansao_v,2025-12-11 21:07:47,,,,,,,,,,,,,,
Google Suggest,sugestao,bitcoin,bitcoin vai continuar subindo,550.0,br,chrome,web,expansao_v,2025-12-11 21:07:47,,,,,,,,,,,,,,
Google Suggest,sugestao,bitcoin,bitcoin wallet,1251.0,br,chrome,web,expansao_w,2025-12-11 21:07:47,,,,,,,,,,,,,,
Google Suggest,sugestao,bitcoin,bitcoin wallpaper,1250.0,br,chrome,web,expansao_w,2025-12-11 21:07:47,,,,,,,,,,,,,,
Google Suggest,sugestao,bitcoin,bitcoin white paper,1050.0,br,chrome,web,expansao_w,2025-12-11 21:07:47,,,,,,,,,,,,,,
Google Suggest,sugestao,bitcoin,bitcoin wikipedia,850.0,br,chrome,web,expansao_w,2025-12-11 21:07:47,,,,,,,,,,,,,,
Google Suggest,sugestao,bitcoin,bitcoin wallpaper 4k,601.0,br,chrome,web,expansao_w,2025-12-11 21:07:47,,,,,,,,,,,,,,
Google Suggest,sugestao,bitcoin,bitcoin whales,600.0,br,chrome,web,expansao_w,2025-12-11 21:07:47,,,,,,,,,,,,,,
Google Suggest,sugestao,bitcoin,bitcoin wiki,558.0,br,chrome,web,expansao_w,2025-12-11 21:07:47,,,,,,,,,,,,,,
Google Suggest,sugestao,bitcoin,bitcoin wallet tracker,557.0,br,chrome,web,expansao_w,2025-12-11 21:07:47,,,,,,,,,,,,,,
Google Suggest,sugestao,bitcoin,bitcoin wallet sizes,556.0,br,chrome,web,expansao_w,2025-12-11 21:07:47,,,,,,,,,,,,,,
Google Suggest,sugestao,bitcoin,bitcoin well,555.0,br,chrome,web,expansao_w,2025-12-11 21:07:47,,,,,,,,,,,,,,
Google Suggest,sugestao,bitcoin,bitcoin wallets,554.0,br,chrome,web,expansao_w,2025-12-11 21:07:47,,,,,,,,,,,,,,
Google Suggest,sugestao,bitcoin,bitcoin widget,553.0,br,chrome,web,expansao_w,2025-12-11 21:07:47,,,,,,,,,,,,,,
Google Suggest,sugestao,bitcoin,bitcoin wallpaper celular,552.0,br,chrome,web,expansao_w,2025-12-11 21:07:47,,,,,,,,,,,,,,
Google Suggest,sugestao,bitcoin,bitcoin wallet check,551.0,br,chrome,web,expansao_w,2025-12-11 21:07:47,,,,,,,,,,,,,,
Google Suggest,sugestao,bitcoin,bitcoin wallet generator,550.0,br,chrome,web,expansao_w,2025-12-11 21:07:47,,,,,,,,,,,,,,
Google Suggest,sugestao,bitcoin,bitcoin x dolar,1252.0,br,chrome,web,expansao_x,2025-12-11 21:07:47,,,,,,,,,,,,,,
Google Suggest,sugestao,bitcoin,bitcoin x real,1251.0,br,chrome,web,expansao_x,2025-12-11 21:07:47,,,,,,,,,,,,,,
Google Suggest,sugestao,bitcoin,bitcoin xp,1250.0,br,chrome,web,expansao_x,2025-12-11 21:07:47,,,,,,,,,,,,,,
Google Suggest,sugestao,bitcoin,bitcoin xrp,850.0,br,chrome,web,expansao_x,2025-12-11 21:07:47,,,,,,,,,,,,,,
Google Suggest,sugestao,bitcoin,bitcoin x ouro,700.0,br,chrome,web,expansao_x,2025-12-11 21:07:47,,,,,,,,,,,,,,
Google Suggest,sugestao,bitcoin,bitcoin x criptomoeda,602.0,br,chrome,web,expansao_x,2025-12-11 21:07:47,,,,,,,,,,,,,,
Google Suggest,sugestao,bitcoin,bitcoin x usd,601.0,br,chrome,web,expansao_x,2025-12-11 21:07:47,,,,,,,,,,,,,,
Google Suggest,sugestao,bitcoin,bitcoin x ethereum,600.0,br,chrome,web,expansao_x,2025-12-11 21:07:47,,,,,,,,,,,,,,
Google Suggest,sugestao,bitcoin,bitcoin xp investimentos,556.0,br,chrome,web,expansao_x,2025-12-11 21:07:47,,,,,,,,,,,,,,
Google Suggest,sugestao,bitcoin,bitcoin xrp hoje,555.0,br,chrome,web,expansao_x,2025-12-11 21:07:47,,,,,,,,,,,,,,
Google Suggest,sugestao,bitcoin,bitcoin x gold,554.0,br,chrome,web,expansao_x,2025-12-11 21:07:47,,,,,,,,,,,,,,
Google Suggest,sugestao,bitcoin,bitcoin x m2,553.0,br,chrome,web,expansao_x,2025-12-11 21:07:47,,,,,,,,,,,,,,
Google Suggest,sugestao,bitcoin,bitcoin x dolar grafico,552.0,br,chrome,web,expansao_x,2025-12-11 21:07:47,,,,,,,,,,,,,,
Google Suggest,sugestao,bitcoin,bitcoin x real grafico,551.0,br,chrome,web,expansao_x,2025-12-11 21:07:47,,,,,,,,,,,,,,
Google Suggest,sugestao,bitcoin,bitcoin x dolar hoje,550.0,br,chrome,web,expansao_x,2025-12-11 21:07:47,,,,,,,,,,,,,,
Google Suggest,sugestao,bitcoin,bitcoin youtube,1251.0,br,chrome,web,expansao_y,2025-12-11 21:07:47,,,,,,,,,,,,,,
Google Suggest,sugestao,bitcoin,bitcoin yahoo finance,1250.0,br,chrome,web,expansao_y,2025-12-11 21:07:47,,,,,,,,,,,,,,
Google Suggest,sugestao,bitcoin,bitcoin usd,601.0,br,chrome,web,expansao_y,2025-12-11 21:07:47,,,,,,,,,,,,,,
Google Suggest,sugestao,bitcoin,bitcoin ytd,600.0,br,chrome,web,expansao_y,2025-12-11 21:07:47,,,,,,,,,,,,,,
Google Suggest,sugestao,bitcoin,bitcoin yield,560.0,br,chrome,web,expansao_y,2025-12-11 21:07:47,,,,,,,,,,,,,,
Google Suggest,sugestao,bitcoin,bitcoin yubb,559.0,br,chrome,web,expansao_y,2025-12-11 21:07:47,,,,,,,,,,,,,,
Google Suggest,sugestao,bitcoin,bitcoin you,558.0,br,chrome,web,expansao_y,2025-12-11 21:07:47,,,,,,,,,,,,,,
Google Suggest,sugestao,bitcoin,bitcoin yahoo,557.0,br,chrome,web,expansao_y,2025-12-11 21:07:47,,,,,,,,,,,,,,
Google Suggest,sugestao,bitcoin,bitcoin yearly returns,556.0,br,chrome,web,expansao_y,2025-12-11 21:07:47,,,,,,,,,,,,,,
Google Suggest,sugestao,bitcoin,bitcoin usdt,555.0,br,chrome,web,expansao_y,2025-12-11 21:07:47,,,,,,,,,,,,,,
Google Suggest,sugestao,bitcoin,bitcoin us,554.0,br,chrome,web,expansao_y,2025-12-11 21:07:47,,,,,,,,,,,,,,
Google Suggest,sugestao,bitcoin,bitcoin usd hoje,553.0,br,chrome,web,expansao_y,2025-12-11 21:07:47,,,,,,,,,,,,,,
Google Suggest,sugestao,bitcoin,bitcoin usd today,552.0,br,chrome,web,expansao_y,2025-12-11 21:07:47,,,,,,,,,,,,,,
Google Suggest,sugestao,bitcoin,bitcoin ultimas noticias,551.0,br,chrome,web,expansao_y,2025-12-11 21:07:47,,,,,,,,,,,,,,
Google Suggest,sugestao,bitcoin,bitcoin ultimos 6 meses,550.0,br,chrome,web,expansao_y,2025-12-11 21:07:47,,,,,,,,,,,,,,
Google Suggest,sugestao,bitcoin,bitcoin z score,1250.0,br,chrome,web,expansao_z,2025-12-11 21:07:47,,,,,,,,,,,,,,
Google Suggest,sugestao,bitcoin,bitcoin zonas de liquidez,601.0,br,chrome,web,expansao_z,2025-12-11 21:07:47,,,,,,,,,,,,,,
Google Suggest,sugestao,bitcoin,bitcoinz,600.0,br,chrome,web,expansao_z,2025-12-11 21:07:47,,,,,,,,,,,,,,
Google Suggest,sugestao,bitcoin,bitcoin zar,561.0,br,chrome,web,expansao_z,2025-12-11 21:07:47,,,,,,,,,,,,,,
Google Suggest,sugestao,bitcoin,zukunft bitcoin,560.0,br,chrome,web,expansao_z,2025-12-11 21:07:47,,,,,,,,,,,,,,
Google Suggest,sugestao,bitcoin,bitcoin zella,559.0,br,chrome,web,expansao_z,2025-12-11 21:07:47,,,,,,,,,,,,,,
Google Suggest,sugestao,bitcoin,bitcoin zu euro,558.0,br,chrome,web,expansao_z,2025-12-11 21:07:47,,,,,,,,,,,,,,
Google Suggest,sugestao,bitcoin,bitcoin zonda,557.0,br,chrome,web,expansao_z,2025-12-11 21:07:47,,,,,,,,,,,,,,
Google Suggest,sugestao,bitcoin,bitcoin zero,556.0,br,chrome,web,expansao_z,2025-12-11 21:07:47,,,,,,,,,,,,,,
Google Suggest,sugestao,bitcoin,bitcoin zambia,555.0,br,chrome,web,expansao_z,2025-12-11 21:07:47,,,,,,,,,,,,,,
Google Suggest,sugestao,bitcoin,bitcoin in zloty,554.0,br,chrome,web,expansao_z,2025-12-11 21:07:47,,,,,,,,,,,,,,
Google Suggest,sugestao,bitcoin,bitcoin zertifikat hebel,553.0,br,chrome,web,expansao_z,2025-12-11 21:07:47,,,,,,,,,,,,,,
Google Suggest,sugestao,bitcoin,bitcoin zug,552.0,br,chrome,web,expansao_z,2025-12-11 21:07:47,,,,,,,,,,,,,,
Google Suggest,sugestao,bitcoin,bitcoin zero sum game,551.0,br,chrome,web,expansao_z,2025-12-11 21:07:47,,,,,,,,,,,,,,
Google Suggest,sugestao,bitcoin,bitcoin zukunft rechner,550.0,br,chrome,web,expansao_z,2025-12-11 21:07:47,,,,,,,,,,,,,,
Google Suggest,sugestao,bitcoin,bitcoin 0 1,1251.0,br,chrome,web,expansao_0,2025-12-11 21:07:47,,,,,,,,,,,,,,
Google Suggest,sugestao,bitcoin,bitcoin 0 01,1250.0,br,chrome,web,expansao_0,2025-12-11 21:07:47,,,,,,,,,,,,,,
Google Suggest,sugestao,bitcoin,bitcoin 0001,601.0,br,chrome,web,expansao_0,2025-12-11 21:07:47,,,,,,,,,,,,,,
Google Suggest,sugestao,bitcoin,bitcoin 0.7 revista,600.0,br,chrome,web,expansao_0,2025-12-11 21:07:47,,,,,,,,,,,,,,
Google Suggest,sugestao,bitcoin,bitcoin 0005,560.0,br,chrome,web,expansao_0,2025-12-11 21:07:47,,,,,,,,,,,,,,
Google Suggest,sugestao,bitcoin,bitcoin 0003,559.0,br,chrome,web,expansao_0,2025-12-11 21:07:47,,,,,,,,,,,,,,
Google Suggest,sugestao,bitcoin,bitcoin 0.015,558.0,br,chrome,web,expansao_0,2025-12-11 21:07:47,,,,,,,,,,,,,,
Google Suggest,sugestao,bitcoin,bitcoin 0.001 price,557.0,br,chrome,web,expansao_0,2025-12-11 21:07:47,,,,,,,,,,,,,,
Google Suggest,sugestao,bitcoin,bitcoin 0.1 price,556.0,br,chrome,web,expansao_0,2025-12-11 21:07:47,,,,,,,,,,,,,,
Google Suggest,sugestao,bitcoin,bitcoin 0.01 price,555.0,br,chrome,web,expansao_0,2025-12-11 21:07:47,,,,,,,,,,,,,,
Google Suggest,sugestao,bitcoin,bitcoin 0.2,554.0,br,chrome,web,expansao_0,2025-12-11 21:07:47,,,,,,,,,,,,,,
Google Suggest,sugestao,bitcoin,bitcoin 0 6,553.0,br,chrome,web,expansao_0,2025-12-11 21:07:47,,,,,,,,,,,,,,
Google Suggest,sugestao,bitcoin,bitcoin 0.0001 price,552.0,br,chrome,web,expansao_0,2025-12-11 21:07:47,,,,,,,,,,,,,,
Google Suggest,sugestao,bitcoin,bitcoin 0.05,551.0,br,chrome,web,expansao_0,2025-12-11 21:07:47,,,,,,,,,,,,,,
Google Suggest,sugestao,bitcoin,bitcoin 0.0001,550.0,br,chrome,web,expansao_0,2025-12-11 21:07:47,,,,,,,,,,,,,,
Google Suggest,sugestao,bitcoin,bitcoin 10 anos atras,1250.0,br,chrome,web,expansao_1,2025-12-11 21:07:47,,,,,,,,,,,,,,
Google Suggest,sugestao,bitcoin,bitcoin 12 meses,1100.0,br,chrome,web,expansao_1,2025-12-11 21:07:47,,,,,,,,,,,,,,
Google Suggest,sugestao,bitcoin,bitcoin 1 milhao,650.0,br,chrome,web,expansao_1,2025-12-11 21:07:47,,,,,,,,,,,,,,
Google Suggest,sugestao,bitcoin,bitcoin 1 real,602.0,br,chrome,web,expansao_1,2025-12-11 21:07:47,,,,,,,,,,,,,,
Google Suggest,sugestao,bitcoin,bitcoin 1000 wallet,601.0,br,chrome,web,expansao_1,2025-12-11 21:07:47,,,,,,,,,,,,,,
Google Suggest,sugestao,bitcoin,bitcoin 100 reais,600.0,br,chrome,web,expansao_1,2025-12-11 21:07:47,,,,,,,,,,,,,,
Google Suggest,sugestao,bitcoin,bitcoin 10 anos,558.0,br,chrome,web,expansao_1,2025-12-11 21:07:47,,,,,,,,,,,,,,
Google Suggest,sugestao,bitcoin,bitcoin 1 ano atras,557.0,br,chrome,web,expansao_1,2025-12-11 21:07:47,,,,,,,,,,,,,,
Google Suggest,sugestao,bitcoin,bitcoin 1 million,556.0,br,chrome,web,expansao_1,2025-12-11 21:07:47,,,,,,,,,,,,,,
Google Suggest,sugestao,bitcoin,bitcoin 15 anos atras,555.0,br,chrome,web,expansao_1,2025-12-11 21:07:47,,,,,,,,,,,,,,
Google Suggest,sugestao,bitcoin,bitcoin 100k,554.0,br,chrome,web,expansao_1,2025-12-11 21:07:47,,,,,,,,,,,,,,
Google Suggest,sugestao,bitcoin,bitcoin 100 mil dolares,553.0,br,chrome,web,expansao_1,2025-12-11 21:07:47,,,,,,,,,,,,,,
Google Suggest,sugestao,bitcoin,bitcoin 10x,552.0,br,chrome,web,expansao_1,2025-12-11 21:07:47,,,,,,,,,,,,,,
Google Suggest,sugestao,bitcoin,bitcoin 101,551.0,br,chrome,web,expansao_1,2025-12-11 21:07:47,,,,,,,,,,,,,,
Google Suggest,sugestao,bitcoin,bitcoin 10 reais,550.0,br,chrome,web,expansao_1,2025-12-11 21:07:47,,,,,,,,,,,,,,
Google Suggest,sugestao,bitcoin,bitcoin 2010,800.0,br,chrome,web,expansao_2,2025-12-11 21:07:47,,,,,,,,,,,,,,
Google Suggest,sugestao,bitcoin,bitcoin 2015,650.0,br,chrome,web,expansao_2,2025-12-11 21:07:47,,,,,,,,,,,,,,
Google Suggest,sugestao,bitcoin,bitcoin 2012,601.0,br,chrome,web,expansao_2,2025-12-11 21:07:47,,,,,,,,,,,,,,
Google Suggest,sugestao,bitcoin,bitcoin 2019,600.0,br,chrome,web,expansao_2,2025-12-11 21:07:47,,,,,,,,,,,,,,
Google Suggest,sugestao,bitcoin,bitcoin 2013,560.0,br,chrome,web,expansao_2,2025-12-11 21:07:47,,,,,,,,,,,,,,
Google Suggest,sugestao,bitcoin,bitcoin 2014,559.0,br,chrome,web,expansao_2,2025-12-11 21:07:47,,,,,,,,,,,,,,
Google Suggest,sugestao,bitcoin,bitcoin 2025,558.0,br,chrome,web,expansao_2,2025-12-11 21:07:47,,,,,,,,,,,,,,
Google Suggest,sugestao,bitcoin,bitcoin 2011,557.0,br,chrome,web,expansao_2,2025-12-11 21:07:47,,,,,,,,,,,,,,
Google Suggest,sugestao,bitcoin,bitcoin 2017,556.0,br,chrome,web,expansao_2,2025-12-11 21:07:47,,,,,,,,,,,,,,
Google Suggest,sugestao,bitcoin,bitcoin 2016,555.0,br,chrome,web,expansao_2,2025-12-11 21:07:47,,,,,,,,,,,,,,
Google Suggest,sugestao,bitcoin,bitcoin 2018,554.0,br,chrome,web,expansao_2,2025-12-11 21:07:47,,,,,,,,,,,,,,
Google Suggest,sugestao,bitcoin,bitcoin 2020,553.0,br,chrome,web,expansao_2,2025-12-11 21:07:47,,,,,,,,,,,,,,
Google Suggest,sugestao,bitcoin,bitcoin 2026,552.0,br,chrome,web,expansao_2,2025-12-11 21:07:47,,,,,,,,,,,,,,
Google Suggest,sugestao,bitcoin,bitcoin 2021,551.0,br,chrome,web,expansao_2,2025-12-11 21:07:47,,,,,,,,,,,,,,
Google Suggest,sugestao,bitcoin,bitcoin 2009,550.0,br,chrome,web,expansao_2,2025-12-11 21:07:47,,,,,,,,,,,,,,
Google Suggest,sugestao,bitcoin,bitcoin 30,1252.0,br,chrome,web,expansao_3,2025-12-11 21:07:47,,,,,,,,,,,,,,
Google Suggest,sugestao,bitcoin,bitcoin 3d,1251.0,br,chrome,web,expansao_3,2025-12-11 21:07:47,,,,,,,,,,,,,,
Google Suggest,sugestao,bitcoin,bitcoin 360,1250.0,br,chrome,web,expansao_3,2025-12-11 21:07:47,,,,,,,,,,,,,,
Google Suggest,sugestao,bitcoin,bitcoin 3 meses,951.0,br,chrome,web,expansao_3,2025-12-11 21:07:47,,,,,,,,,,,,,,
Google Suggest,sugestao,bitcoin,bitcoin 38tao,950.0,br,chrome,web,expansao_3,2025-12-11 21:07:47,,,,,,,,,,,,,,
Google Suggest,sugestao,bitcoin,bitcoin 3 de setembro,651.0,br,chrome,web,expansao_3,2025-12-11 21:07:47,,,,,,,,,,,,,,
Google Suggest,sugestao,bitcoin,bitcoin 30 dias,650.0,br,chrome,web,expansao_3,2025-12-11 21:07:47,,,,,,,,,,,,,,
Google Suggest,sugestao,bitcoin,bitcoin 3 anos atras,601.0,br,chrome,web,expansao_3,2025-12-11 21:07:47,,,,,,,,,,,,,,
Google Suggest,sugestao,bitcoin,bitcoin 3d model,600.0,br,chrome,web,expansao_3,2025-12-11 21:07:47,,,,,,,,,,,,,,
Google Suggest,sugestao,bitcoin,bitcoin 30 imposto,553.0,br,chrome,web,expansao_3,2025-12-11 21:07:47,,,,,,,,,,,,,,
Google Suggest,sugestao,bitcoin,bitcoin 35 mil,552.0,br,chrome,web,expansao_3,2025-12-11 21:07:47,,,,,,,,,,,,,,
Google Suggest,sugestao,bitcoin,bitcoin 38,551.0,br,chrome,web,expansao_3,2025-12-11 21:07:47,,,,,,,,,,,,,,
Google Suggest,sugestao,bitcoin,bitcoin 3x etf,550.0,br,chrome,web,expansao_3,2025-12-11 21:07:47,,,,,,,,,,,,,,
Google Suggest,sugestao,bitcoin,bitcoin 4 year cycle,1100.0,br,chrome,web,expansao_4,2025-12-11 21:07:47,,,,,,,,,,,,,,
Google Suggest,sugestao,bitcoin,bitcoin 400k,601.0,br,chrome,web,expansao_4,2025-12-11 21:07:47,,,,,,,,,,,,,,
Google Suggest,sugestao,bitcoin,bitcoin 4k wallpaper for pc,600.0,br,chrome,web,expansao_4,2025-12-11 21:07:47,,,,,,,,,,,,,,
Google Suggest,sugestao,bitcoin,bitcoin 4 anos atras,561.0,br,chrome,web,expansao_4,2025-12-11 21:07:47,,,,,,,,,,,,,,
Google Suggest,sugestao,bitcoin,bitcoin 49k,560.0,br,chrome,web,expansao_4,2025-12-11 21:07:47,,,,,,,,,,,,,,
Google Suggest,sugestao,bitcoin,bitcoin 40x,559.0,br,chrome,web,expansao_4,2025-12-11 21:07:47,,,,,,,,,,,,,,
Google Suggest,sugestao,bitcoin,bitcoin 4 year cycle chart,558.0,br,chrome,web,expansao_4,2025-12-11 21:07:47,,,,,,,,,,,,,,
Google Suggest,sugestao,bitcoin,bitcoin 4u,557.0,br,chrome,web,expansao_4,2025-12-11 21:07:47,,,,,,,,,,,,,,
Google Suggest,sugestao,bitcoin,bitcoin 401k,556.0,br,chrome,web,expansao_4,2025-12-11 21:07:47,,,,,,,,,,,,,,
Google Suggest,sugestao,bitcoin,42 bitcoin,555.0,br,chrome,web,expansao_4,2025-12-11 21:07:47,,,,,,,,,,,,,,
Google Suggest,sugestao,bitcoin,bitcoin 4 year cycle chart 2024,554.0,br,chrome,web,expansao_4,2025-12-11 21:07:47,,,,,,,,,,,,,,
Google Suggest,sugestao,bitcoin,bitcoin 4 year cycle dates,553.0,br,chrome,web,expansao_4,2025-12-11 21:07:47,,,,,,,,,,,,,,
Google Suggest,sugestao,bitcoin,bitcoin 4 year cycle chart prediction,552.0,br,chrome,web,expansao_4,2025-12-11 21:07:47,,,,,,,,,,,,,,
Google Suggest,sugestao,bitcoin,bitcoin 4 hour chart,551.0,br,chrome,web,expansao_4,2025-12-11 21:07:47,,,,,,,,,,,,,,
Google Suggest,sugestao,bitcoin,bitcoin 42 por cento,550.0,br,chrome,web,expansao_4,2025-12-11 21:07:47,,,,,,,,,,,,,,
Google Suggest,sugestao,bitcoin,bitcoin 5 anos,1252.0,br,chrome,web,expansao_5,2025-12-11 21:07:47,,,,,,,,,,,,,,
Google Suggest,sugestao,bitcoin,bitcoin 5 anos atras,1251.0,br,chrome,web,expansao_5,2025-12-11 21:07:47,,,,,,,,,,,,,,
Google Suggest,sugestao,bitcoin,bitcoin 50 cent,1250.0,br,chrome,web,expansao_5,2025-12-11 21:07:47,,,,,,,,,,,,,,
Google Suggest,sugestao,bitcoin,bitcoin 5 anos grafico,750.0,br,chrome,web,expansao_5,2025-12-11 21:07:47,,,,,,,,,,,,,,
Google Suggest,sugestao,bitcoin,bitcoin 50 reais,700.0,br,chrome,web,expansao_5,2025-12-11 21:07:47,,,,,,,,,,,,,,
Google Suggest,sugestao,bitcoin,bitcoin 500 mil dolares,601.0,br,chrome,web,expansao_5,2025-12-11 21:07:47,,,,,,,,,,,,,,
Google Suggest,sugestao,bitcoin,bitcoin 50 week moving average,600.0,br,chrome,web,expansao_5,2025-12-11 21:07:47,,,,,,,,,,,,,,
Google Suggest,sugestao,bitcoin,bitcoin 50 ema,557.0,br,chrome,web,expansao_5,2025-12-11 21:07:47,,,,,,,,,,,,,,
Google Suggest,sugestao,bitcoin,bitcoin 500,556.0,br,chrome,web,expansao_5,2025-12-11 21:07:47,,,,,,,,,,,,,,
Google Suggest,sugestao,bitcoin,bitcoin 5 year chart,555.0,br,chrome,web,expansao_5,2025-12-11 21:07:47,,,,,,,,,,,,,,
Google Suggest,sugestao,bitcoin,bitcoin 500k,554.0,br,chrome,web,expansao_5,2025-12-11 21:07:47,,,,,,,,,,,,,,
Google Suggest,sugestao,bitcoin,bitcoin 5 years ago,553.0,br,chrome,web,expansao_5,2025-12-11 21:07:47,,,,,,,,,,,,,,
Google Suggest,sugestao,bitcoin,bitcoin 5 year prediction,552.0,br,chrome,web,expansao_5,2025-12-11 21:07:47,,,,,,,,,,,,,,
Google Suggest,sugestao,bitcoin,bitcoin 51 attack,551.0,br,chrome,web,expansao_5,2025-12-11 21:07:47,,,,,,,,,,,,,,
Google Suggest,sugestao,bitcoin,bitcoin 50 day moving average,550.0,br,chrome,web,expansao_5,2025-12-11 21:07:47,,,,,,,,,,,,,,
Google Suggest,sugestao,bitcoin,bitcoin 6 meses,1251.0,br,chrome,web,expansao_6,2025-12-11 21:07:47,,,,,,,,,,,,,,
Google Suggest,sugestao,bitcoin,bitcoin 666,1250.0,br,chrome,web,expansao_6,2025-12-11 21:07:47,,,,,,,,,,,,,,
Google Suggest,sugestao,bitcoin,bitcoin 6 anos atras,1100.0,br,chrome,web,expansao_6,2025-12-11 21:07:47,,,,,,,,,,,,,,
Google Suggest,sugestao,bitcoin,bitcoin 66,601.0,br,chrome,web,expansao_6,2025-12-11 21:07:47,,,,,,,,,,,,,,
Google Suggest,sugestao,bitcoin,bitcoin 65k,600.0,br,chrome,web,expansao_6,2025-12-11 21:07:47,,,,,,,,,,,,,,
Google Suggest,sugestao,bitcoin,bitcoin 600,559.0,br,chrome,web,expansao_6,2025-12-11 21:07:47,,,,,,,,,,,,,,
Google Suggest,sugestao,bitcoin,bitcoin 66 puzzle,558.0,br,chrome,web,expansao_6,2025-12-11 21:07:47,,,,,,,,,,,,,,
Google Suggest,sugestao,bitcoin,bitcoin 600 mil,557.0,br,chrome,web,expansao_6,2025-12-11 21:07:47,,,,,,,,,,,,,,
Google Suggest,sugestao,bitcoin,bitcoin 600k,556.0,br,chrome,web,expansao_6,2025-12-11 21:07:47,,,,,,,,,,,,,,
Google Suggest,sugestao,bitcoin,bitcoin 68k,555.0,br,chrome,web,expansao_6,2025-12-11 21:07:47,,,,,,,,,,,,,,
Google Suggest,sugestao,bitcoin,bitcoin 63k,554.0,br,chrome,web,expansao_6,2025-12-11 21:07:47,,,,,,,,,,,,,,
Google Suggest,sugestao,bitcoin,bitcoin 62k,553.0,br,chrome,web,expansao_6,2025-12-11 21:07:47,,,,,,,,,,,,,,
Google Suggest,sugestao,bitcoin,bitcoin 6 november 2024,552.0,br,chrome,web,expansao_6,2025-12-11 21:07:47,,,,,,,,,,,,,,
Google Suggest,sugestao,bitcoin,bitcoin 67,551.0,br,chrome,web,expansao_6,2025-12-11 21:07:47,,,,,,,,,,,,,,
Google Suggest,sugestao,bitcoin,bitcoin 650k,550.0,br,chrome,web,expansao_6,2025-12-11 21:07:47,,,,,,,,,,,,,,
Google Suggest,sugestao,bitcoin,bitcoin 700 mil,1251.0,br,chrome,web,expansao_7,2025-12-11 21:07:47,,,,,,,,,,,,,,
Google Suggest,sugestao,bitcoin,bitcoin 7 dias,1250.0,br,chrome,web,expansao_7,2025-12-11 21:07:47,,,,,,,,,,,,,,
Google Suggest,sugestao,bitcoin,bitcoin 75k,700.0,br,chrome,web,expansao_7,2025-12-11 21:07:47,,,,,,,,,,,,,,
Google Suggest,sugestao,bitcoin,bitcoin 777,601.0,br,chrome,web,expansao_7,2025-12-11 21:07:47,,,,,,,,,,,,,,
Google Suggest,sugestao,bitcoin,bitcoin 76k,600.0,br,chrome,web,expansao_7,2025-12-11 21:07:47,,,,,,,,,,,,,,
Google Suggest,sugestao,bitcoin,bitcoin 74k,559.0,br,chrome,web,expansao_7,2025-12-11 21:07:47,,,,,,,,,,,,,,
Google Suggest,sugestao,bitcoin,bitcoin 777 bet,558.0,br,chrome,web,expansao_7,2025-12-11 21:07:47,,,,,,,,,,,,,,
Google Suggest,sugestao,bitcoin,bitcoin 79k,557.0,br,chrome,web,expansao_7,2025-12-11 21:07:47,,,,,,,,,,,,,,
Google Suggest,sugestao,bitcoin,bitcoin 78k,556.0,br,chrome,web,expansao_7,2025-12-11 21:07:47,,,,,,,,,,,,,,
Google Suggest,sugestao,bitcoin,bitcoin 77,555.0,br,chrome,web,expansao_7,2025-12-11 21:07:47,,,,,,,,,,,,,,
Google Suggest,sugestao,bitcoin,bitcoin 7 anos atras,554.0,br,chrome,web,expansao_7,2025-12-11 21:07:47,,,,,,,,,,,,,,
Google Suggest,sugestao,bitcoin,bitcoin 70000,553.0,br,chrome,web,expansao_7,2025-12-11 21:07:47,,,,,,,,,,,,,,
Google Suggest,sugestao,bitcoin,bitcoin 75000,552.0,br,chrome,web,expansao_7,2025-12-11 21:07:47,,,,,,,,,,,,,,
Google Suggest,sugestao,bitcoin,bitcoin 730,551.0,br,chrome,web,expansao_7,2025-12-11 21:07:47,,,,,,,,,,,,,,
Google Suggest,sugestao,bitcoin,bitcoin 700k,550.0,br,chrome,web,expansao_7,2025-12-11 21:07:47,,,,,,,,,,,,,,
Google Suggest,sugestao,bitcoin,bitcoin 8 anos atras,1251.0,br,chrome,web,expansao_8,2025-12-11 21:07:47,,,,,,,,,,,,,,
Google Suggest,sugestao,bitcoin,bitcoin 80k,1250.0,br,chrome,web,expansao_8,2025-12-11 21:07:47,,,,,,,,,,,,,,
Google Suggest,sugestao,bitcoin,bitcoin 86k,601.0,br,chrome,web,expansao_8,2025-12-11 21:07:47,,,,,,,,,,,,,,
Google Suggest,sugestao,bitcoin,bitcoin 80 mil dolares,600.0,br,chrome,web,expansao_8,2025-12-11 21:07:47,,,,,,,,,,,,,,
Google Suggest,sugestao,bitcoin,bitcoin 82k,560.0,br,chrome,web,expansao_8,2025-12-11 21:07:47,,,,,,,,,,,,,,
Google Suggest,sugestao,bitcoin,bitcoin 89,559.0,br,chrome,web,expansao_8,2025-12-11 21:07:47,,,,,,,,,,,,,,
Google Suggest,sugestao,bitcoin,bitcoin 80 mil,558.0,br,chrome,web,expansao_8,2025-12-11 21:07:47,,,,,,,,,,,,,,
Google Suggest,sugestao,bitcoin,bitcoin 86000,557.0,br,chrome,web,expansao_8,2025-12-11 21:07:47,,,,,,,,,,,,,,
Google Suggest,sugestao,bitcoin,bitcoin 87,556.0,br,chrome,web,expansao_8,2025-12-11 21:07:47,,,,,,,,,,,,,,
Google Suggest,sugestao,bitcoin,bitcoin 88,555.0,br,chrome,web,expansao_8,2025-12-11 21:07:47,,,,,,,,,,,,,,
Google Suggest,sugestao,bitcoin,bitcoin 88 slot wallet,554.0,br,chrome,web,expansao_8,2025-12-11 21:07:47,,,,,,,,,,,,,,
Google Suggest,sugestao,bitcoin,bitcoin 888,553.0,br,chrome,web,expansao_8,2025-12-11 21:07:47,,,,,,,,,,,,,,
Google Suggest,sugestao,bitcoin,bitcoin 88 bet,552.0,br,chrome,web,expansao_8,2025-12-11 21:07:47,,,,,,,,,,,,,,
Google Suggest,sugestao,bitcoin,bitcoin 80000,551.0,br,chrome,web,expansao_8,2025-12-11 21:07:47,,,,,,,,,,,,,,
Google Suggest,sugestao,bitcoin,bitcoin 85k,550.0,br,chrome,web,expansao_8,2025-12-11 21:07:47,,,,,,,,,,,,,,
Google Suggest,sugestao,bitcoin,bitcoin 99pay,1250.0,br,chrome,web,expansao_9,2025-12-11 21:07:47,,,,,,,,,,,,,,
Google Suggest,sugestao,bitcoin,bitcoin 99,601.0,br,chrome,web,expansao_9,2025-12-11 21:07:47,,,,,,,,,,,,,,
Google Suggest,sugestao,bitcoin,bitcoin 97k,600.0,br,chrome,web,expansao_9,2025-12-11 21:07:47,,,,,,,,,,,,,,
Google Suggest,sugestao,bitcoin,bitcoin 93k,561.0,br,chrome,web,expansao_9,2025-12-11 21:07:47,,,,,,,,,,,,,,
Google Suggest,sugestao,bitcoin,bitcoin 90 mil,560.0,br,chrome,web,expansao_9,2025-12-11 21:07:47,,,,,,,,,,,,,,
Google Suggest,sugestao,bitcoin,bitcoin 9600,559.0,br,chrome,web,expansao_9,2025-12-11 21:07:47,,,,,,,,,,,,,,
Google Suggest,sugestao,bitcoin,bitcoin 90000,558.0,br,chrome,web,expansao_9,2025-12-11 21:07:47,,,,,,,,,,,,,,
Google Suggest,sugestao,bitcoin,99000 bitcoin,557.0,br,chrome,web,expansao_9,2025-12-11 21:07:47,,,,,,,,,,,,,,
Google Suggest,sugestao,bitcoin,bitcoin 99k,556.0,br,chrome,web,expansao_9,2025-12-11 21:07:47,,,,,,,,,,,,,,
Google Suggest,sugestao,bitcoin,bitcoin 9780,555.0,br,chrome,web,expansao_9,2025-12-11 21:07:47,,,,,,,,,,,,,,
Google Suggest,sugestao,bitcoin,bitcoin 95k,554.0,br,chrome,web,expansao_9,2025-12-11 21:07:47,,,,,,,,,,,,,,
Google Suggest,sugestao,bitcoin,bitcoin 90,553.0,br,chrome,web,expansao_9,2025-12-11 21:07:47,,,,,,,,,,,,,,
Google Suggest,sugestao,bitcoin,bitcoin 999 fine copper,552.0,br,chrome,web,expansao_9,2025-12-11 21:07:47,,,,,,,,,,,,,,
Google Suggest,sugestao,bitcoin,bitcoin 946,551.0,br,chrome,web,expansao_9,2025-12-11 21:07:47,,,,,,,,,,,,,,
Google Suggest,sugestao,bitcoin,bitcoin 93 000,550.0,br,chrome,web,expansao_9,2025-12-11 21:07:47,,,,,,,,,,,,,,
Google Suggest,sugestao,bitcoin,bitcoin o que é,1250.0,br,chrome,web,categoria_Questões_o que,2025-12-11 21:07:47,,,,,,,,,,,,,,
Google Suggest,sugestao,bitcoin,bitcoin o que esta acontecendo,650.0,br,chrome,web,categoria_Questões_o que,2025-12-11 21:07:47,,,,,,,,,,,,,,
Google Suggest,sugestao,bitcoin,bitcoin o que significa,601.0,br,chrome,web,categoria_Questões_o que,2025-12-11 21:07:47,,,,,,,,,,,,,,
Google Suggest,sugestao,bitcoin,bitcoin o que é e como funciona,600.0,br,chrome,web,categoria_Questões_o que,2025-12-11 21:07:47,,,,,,,,,,,,,,
Google Suggest,sugestao,bitcoin,bitcoin o que esperar,560.0,br,chrome,web,categoria_Questões_o que,2025-12-11 21:07:47,,,,,,,,,,,,,,
Google Suggest,sugestao,bitcoin,bitcoin o que é isso,559.0,br,chrome,web,categoria_Questões_o que,2025-12-11 21:07:47,,,,,,,,,,,,,,
Google Suggest,sugestao,bitcoin,bitcoin o que fazer,558.0,br,chrome,web,categoria_Questões_o que,2025-12-11 21:07:47,,,,,,,,,,,,,,
Google Suggest,sugestao,bitcoin,bitcoin o que vai acontecer,557.0,br,chrome,web,categoria_Questões_o que,2025-12-11 21:07:47,,,,,,,,,,,,,,
Google Suggest,sugestao,bitcoin,bitcoin o que é e como funciona a moeda virtual,556.0,br,chrome,web,categoria_Questões_o que,2025-12-11 21:07:47,,,,,,,,,,,,,,
Google Suggest,sugestao,bitcoin,bitcoin o que preciso saber,555.0,br,chrome,web,categoria_Questões_o que,2025-12-11 21:07:47,,,,,,,,,,,,,,
Google Suggest,sugestao,bitcoin,bitcoin o que saber,554.0,br,chrome,web,categoria_Questões_o que,2025-12-11 21:07:47,,,,,,,,,,,,,,
Google Suggest,sugestao,bitcoin,bitcoin o que seria,553.0,br,chrome,web,categoria_Questões_o que,2025-12-11 21:07:47,,,,,,,,,,,,,,
Google Suggest,sugestao,bitcoin,bitcoin o que comprar,552.0,br,chrome,web,categoria_Questões_o que,2025-12-11 21:07:47,,,,,,,,,,,,,,
Google Suggest,sugestao,bitcoin,bitcoin o que é halving,551.0,br,chrome,web,categoria_Questões_o que,2025-12-11 21:07:47,,,,,,,,,,,,,,
Google Suggest,sugestao,bitcoin,bitcoin o que quer dizer,550.0,br,chrome,web,categoria_Questões_o que,2025-12-11 21:07:47,,,,,,,,,,,,,,
Google Suggest,sugestao,bitcoin,bitcoin é seguro,1250.0,br,chrome,web,categoria_Questões_é,2025-12-11 21:07:47,,,,,,,,,,,,,,
Google Suggest,sugestao,bitcoin,bitcoin é rastreavel,800.0,br,chrome,web,categoria_Questões_é,2025-12-11 21:07:47,,,,,,,,,,,,,,
Google Suggest,sugestao,bitcoin,bitcoin é um bom investimento,650.0,br,chrome,web,categoria_Questões_é,2025-12-11 21:07:47,,,,,,,,,,,,,,
Google Suggest,sugestao,bitcoin,bitcoin é criptomoeda,601.0,br,chrome,web,categoria_Questões_é,2025-12-11 21:07:47,,,,,,,,,,,,,,
Google Suggest,sugestao,bitcoin,bitcoin é ilegal,600.0,br,chrome,web,categoria_Questões_é,2025-12-11 21:07:47,,,,,,,,,,,,,,
Google Suggest,sugestao,bitcoin,bitcoin é uma moeda,559.0,br,chrome,web,categoria_Questões_é,2025-12-11 21:07:47,,,,,,,,,,,,,,
Google Suggest,sugestao,bitcoin,bitcoin é confiavel,558.0,br,chrome,web,categoria_Questões_é,2025-12-11 21:07:47,,,,,,,,,,,,,,
Google Suggest,sugestao,bitcoin,bitcoin é de qual pais,557.0,br,chrome,web,categoria_Questões_é,2025-12-11 21:07:47,,,,,,,,,,,,,,
Google Suggest,sugestao,bitcoin,bitcoin é hora de comprar,556.0,br,chrome,web,categoria_Questões_é,2025-12-11 21:07:47,,,,,,,,,,,,,,
Google Suggest,sugestao,bitcoin,bitcoin é crime,555.0,br,chrome,web,categoria_Questões_é,2025-12-11 21:07:47,,,,,,,,,,,,,,
Google Suggest,sugestao,bitcoin,bitcoin é investimento,554.0,br,chrome,web,categoria_Questões_é,2025-12-11 21:07:47,,,,,,,,,,,,,,
Google Suggest,sugestao,bitcoin,bitcoin é seguro para investir,553.0,br,chrome,web,categoria_Questões_é,2025-12-11 21:07:47,,,,,,,,,,,,,,
Google Suggest,sugestao,bitcoin,bitcoin é uma bolha,552.0,br,chrome,web,categoria_Questões_é,2025-12-11 21:07:47,,,,,,,,,,,,,,
Google Suggest,sugestao,bitcoin,bitcoin é legalizado no brasil,551.0,br,chrome,web,categoria_Questões_é,2025-12-11 21:07:47,,,,,,,,,,,,,,
Google Suggest,sugestao,bitcoin,bitcoin é reserva de valor,550.0,br,chrome,web,categoria_Questões_é,2025-12-11 21:07:47,,,,,,,,,,,,,,
Google Suggest,sugestao,bitcoin,bitcoin nao é investimento,1250.0,br,chrome,web,categoria_Questões_não é,2025-12-11 21:07:47,,,,,,,,,,,,,,
Google Suggest,sugestao,bitcoin,bitcoin nao é moeda,601.0,br,chrome,web,categoria_Questões_não é,2025-12-11 21:07:47,,,,,,,,,,,,,,
Google Suggest,sugestao,bitcoin,porque bitcoin não é rastreavel,600.0,br,chrome,web,categoria_Questões_não é,2025-12-11 21:07:47,,,,,,,,,,,,,,
Google Suggest,sugestao,bitcoin,porque bitcoin não é moeda,555.0,br,chrome,web,categoria_Questões_não é,2025-12-11 21:07:47,,,,,,,,,,,,,,
Google Suggest,sugestao,bitcoin,bitcoin nao se vende,554.0,br,chrome,web,categoria_Questões_não é,2025-12-11 21:07:47,,,,,,,,,,,,,,
Google Suggest,sugestao,bitcoin,bitcoin não para de cair,553.0,br,chrome,web,categoria_Questões_não é,2025-12-11 21:07:47,,,,,,,,,,,,,,
Google Suggest,sugestao,bitcoin,bitcoin nao vale a pena,552.0,br,chrome,web,categoria_Questões_não é,2025-12-11 21:07:47,,,,,,,,,,,,,,
Google Suggest,sugestao,bitcoin,bitcoin não vai mais subir,551.0,br,chrome,web,categoria_Questões_não é,2025-12-11 21:07:47,,,,,,,,,,,,,,
Google Suggest,sugestao,bitcoin,bitcoin não sobe mais,550.0,br,chrome,web,categoria_Questões_não é,2025-12-11 21:07:47,,,,,,,,,,,,,,
Google Suggest,sugestao,bitcoin,bitcoin como funciona,1250.0,br,chrome,web,categoria_Questões_como,2025-12-11 21:07:47,,,,,,,,,,,,,,
Google Suggest,sugestao,bitcoin,bitcoin como comprar,1200.0,br,chrome,web,categoria_Questões_como,2025-12-11 21:07:47,,,,,,,,,,,,,,
Google Suggest,sugestao,bitcoin,bitcoin como investir,1000.0,br,chrome,web,categoria_Questões_como,2025-12-11 21:07:47,,,,,,,,,,,,,,
Google Suggest,sugestao,bitcoin,bitcoin como ganhar dinheiro,601.0,br,chrome,web,categoria_Questões_como,2025-12-11 21:07:47,,,,,,,,,,,,,,
Google Suggest,sugestao,bitcoin,bitcoin como funciona passo a passo,600.0,br,chrome,web,categoria_Questões_como,2025-12-11 21:07:47,,,,,,,,,,,,,,
Google Suggest,sugestao,bitcoin,bitcoin como saber se tenho,559.0,br,chrome,web,categoria_Questões_como,2025-12-11 21:07:47,,,,,,,,,,,,,,
Google Suggest,sugestao,bitcoin,bitcoin como funciona passo a passo para iniciantes,558.0,br,chrome,web,categoria_Questões_como,2025-12-11 21:07:47,,,,,,,,,,,,,,
Google Suggest,sugestao,bitcoin,bitcoin como ganhar,557.0,br,chrome,web,categoria_Questões_como,2025-12-11 21:07:47,,,,,,,,,,,,,,
Google Suggest,sugestao,bitcoin,bitcoin como minerar,556.0,br,chrome,web,categoria_Questões_como,2025-12-11 21:07:47,,,,,,,,,,,,,,
Google Suggest,sugestao,bitcoin,bitcoin como conseguir,555.0,br,chrome,web,categoria_Questões_como,2025-12-11 21:07:47,,,,,,,,,,,,,,
Google Suggest,sugestao,bitcoin,bitcoin como sacar,554.0,br,chrome,web,categoria_Questões_como,2025-12-11 21:07:47,,,,,,,,,,,,,,
Google Suggest,sugestao,bitcoin,bitcoin como usar,553.0,br,chrome,web,categoria_Questões_como,2025-12-11 21:07:47,,,,,,,,,,,,,,
Google Suggest,sugestao,bitcoin,bitcoin como resgatar,552.0,br,chrome,web,categoria_Questões_como,2025-12-11 21:07:47,,,,,,,,,,,,,,
Google Suggest,sugestao,bitcoin,bitcoin como surgiu,551.0,br,chrome,web,categoria_Questões_como,2025-12-11 21:07:47,,,,,,,,,,,,,,
Google Suggest,sugestao,bitcoin,bitcoin como investir simulação,550.0,br,chrome,web,categoria_Questões_como,2025-12-11 21:07:47,,,,,,,,,,,,,,
Google Suggest,sugestao,bitcoin,bitcoin por que caiu,1250.0,br,chrome,web,categoria_Questões_por que,2025-12-11 21:07:47,,,,,,,,,,,,,,
Google Suggest,sugestao,bitcoin,bitcoin por que está caindo,1100.0,br,chrome,web,categoria_Questões_por que,2025-12-11 21:07:47,,,,,,,,,,,,,,
Google Suggest,sugestao,bitcoin,bitcoin por que subiu,601.0,br,chrome,web,categoria_Questões_por que,2025-12-11 21:07:47,,,,,,,,,,,,,,
Google Suggest,sugestao,bitcoin,bitcoin por que vale tanto,600.0,br,chrome,web,categoria_Questões_por que,2025-12-11 21:07:47,,,,,,,,,,,,,,
Google Suggest,sugestao,bitcoin,bitcoin caindo por que,560.0,br,chrome,web,categoria_Questões_por que,2025-12-11 21:07:47,,,,,,,,,,,,,,
Google Suggest,sugestao,bitcoin,por que bitcoin está subindo,559.0,br,chrome,web,categoria_Questões_por que,2025-12-11 21:07:47,,,,,,,,,,,,,,
Google Suggest,sugestao,bitcoin,por que bitcoin caiu hoje,558.0,br,chrome,web,categoria_Questões_por que,2025-12-11 21:07:47,,,,,,,,,,,,,,
Google Suggest,sugestao,bitcoin,por que bitcoin subiu hoje,557.0,br,chrome,web,categoria_Questões_por que,2025-12-11 21:07:47,,,,,,,,,,,,,,
Google Suggest,sugestao,bitcoin,por que bitcoin é tão caro,556.0,br,chrome,web,categoria_Questões_por que,2025-12-11 21:07:47,,,,,,,,,,,,,,
Google Suggest,sugestao,bitcoin,p o r que bitcoin,555.0,br,chrome,web,categoria_Questões_por que,2025-12-11 21:07:47,,,,,,,,,,,,,,
Google Suggest,sugestao,bitcoin,por que bitcoin ta caindo,554.0,br,chrome,web,categoria_Questões_por que,2025-12-11 21:07:47,,,,,,,,,,,,,,
Google Suggest,sugestao,bitcoin,por que bitcoin está caindo hoje,553.0,br,chrome,web,categoria_Questões_por que,2025-12-11 21:07:47,,,,,,,,,,,,,,
Google Suggest,sugestao,bitcoin,por que bitcoin caiu tanto,552.0,br,chrome,web,categoria_Questões_por que,2025-12-11 21:07:47,,,,,,,,,,,,,,
Google Suggest,sugestao,bitcoin,por que bitcoin está caindo tanto,551.0,br,chrome,web,categoria_Questões_por que,2025-12-11 21:07:47,,,,,,,,,,,,,,
Google Suggest,sugestao,bitcoin,por que bitcoin tem valor,550.0,br,chrome,web,categoria_Questões_por que,2025-12-11 21:07:47,,,,,,,,,,,,,,
Google Suggest,sugestao,bitcoin,bitcoin onde comprar,1250.0,br,chrome,web,categoria_Questões_onde,2025-12-11 21:07:47,,,,,,,,,,,,,,
Google Suggest,sugestao,bitcoin,bitcoin onde investir,1050.0,br,chrome,web,categoria_Questões_onde,2025-12-11 21:07:47,,,,,,,,,,,,,,
Google Suggest,sugestao,bitcoin,bitcoin onde foi criado,602.0,br,chrome,web,categoria_Questões_onde,2025-12-11 21:07:47,,,,,,,,,,,,,,
Google Suggest,sugestao,bitcoin,bitcoin onde guardar,601.0,br,chrome,web,categoria_Questões_onde,2025-12-11 21:07:47,,,,,,,,,,,,,,
Google Suggest,sugestao,bitcoin,bitcoin onde surgiu,600.0,br,chrome,web,categoria_Questões_onde,2025-12-11 21:07:47,,,,,,,,,,,,,,
Google Suggest,sugestao,bitcoin,bitcoin onde comprar com segurança,559.0,br,chrome,web,categoria_Questões_onde,2025-12-11 21:07:47,,,,,,,,,,,,,,
Google Suggest,sugestao,bitcoin,bitcoin onde comprar no brasil,558.0,br,chrome,web,categoria_Questões_onde,2025-12-11 21:07:47,,,,,,,,,,,,,,
Google Suggest,sugestao,bitcoin,bitcoin onde encontrar,557.0,br,chrome,web,categoria_Questões_onde,2025-12-11 21:07:47,,,,,,,,,,,,,,
Google Suggest,sugestao,bitcoin,bitcoin onde aceita,556.0,br,chrome,web,categoria_Questões_onde,2025-12-11 21:07:47,,,,,,,,,,,,,,
Google Suggest,sugestao,bitcoin,bitcoin onde usar,555.0,br,chrome,web,categoria_Questões_onde,2025-12-11 21:07:47,,,,,,,,,,,,,,
Google Suggest,sugestao,bitcoin,bitcoin onde fica,554.0,br,chrome,web,categoria_Questões_onde,2025-12-11 21:07:47,,,,,,,,,,,,,,
Google Suggest,sugestao,bitcoin,bitcoin onde vender,553.0,br,chrome,web,categoria_Questões_onde,2025-12-11 21:07:47,,,,,,,,,,,,,,
Google Suggest,sugestao,bitcoin,bitcoin onde,552.0,br,chrome,web,categoria_Questões_onde,2025-12-11 21:07:47,,,,,,,,,,,,,,
Google Suggest,sugestao,bitcoin,bitcoin onde achar,551.0,br,chrome,web,categoria_Questões_onde,2025-12-11 21:07:47,,,,,,,,,,,,,,
Google Suggest,sugestao,bitcoin,bitcoin onde minerar,550.0,br,chrome,web,categoria_Questões_onde,2025-12-11 21:07:47,,,,,,,,,,,,,,
Google Suggest,sugestao,bitcoin,bitcoin quando surgiu,1251.0,br,chrome,web,categoria_Questões_quando,2025-12-11 21:07:47,,,,,,,,,,,,,,
Google Suggest,sugestao,bitcoin,bitcoin quando lançou,1250.0,br,chrome,web,categoria_Questões_quando,2025-12-11 21:07:47,,,,,,,,,,,,,,
Google Suggest,sugestao,bitcoin,bitcoin quando foi criado,601.0,br,chrome,web,categoria_Questões_quando,2025-12-11 21:07:47,,,,,,,,,,,,,,
Google Suggest,sugestao,bitcoin,bitcoin quando lançou valor,600.0,br,chrome,web,categoria_Questões_quando,2025-12-11 21:07:47,,,,,,,,,,,,,,
Google Suggest,sugestao,bitcoin,bitcoin quando comprar,558.0,br,chrome,web,categoria_Questões_quando,2025-12-11 21:07:47,,,,,,,,,,,,,,
Google Suggest,sugestao,bitcoin,bitcoin quando começou,557.0,br,chrome,web,categoria_Questões_quando,2025-12-11 21:07:47,,,,,,,,,,,,,,
Google Suggest,sugestao,bitcoin,bitcoin quando foi lançado,556.0,br,chrome,web,categoria_Questões_quando,2025-12-11 21:07:47,,,,,,,,,,,,,,
Google Suggest,sugestao,bitcoin,bitcoin quanto vai subir,555.0,br,chrome,web,categoria_Questões_quando,2025-12-11 21:07:47,,,,,,,,,,,,,,
Google Suggest,sugestao,bitcoin,bitcoin quando surgiu valor,554.0,br,chrome,web,categoria_Questões_quando,2025-12-11 21:07:47,,,,,,,,,,,,,,
Google Suggest,sugestao,bitcoin,bitcoin quando foi lançado valor,553.0,br,chrome,web,categoria_Questões_quando,2025-12-11 21:07:47,,,,,,,,,,,,,,
Google Suggest,sugestao,bitcoin,bitcoin quando sobe,552.0,br,chrome,web,categoria_Questões_quando,2025-12-11 21:07:47,,,,,,,,,,,,,,
Google Suggest,sugestao,bitcoin,bitcoin quando volta a subir,551.0,br,chrome,web,categoria_Questões_quando,2025-12-11 21:07:47,,,,,,,,,,,,,,
Google Suggest,sugestao,bitcoin,bitcoin quando surgiu valia quanto,550.0,br,chrome,web,categoria_Questões_quando,2025-12-11 21:07:47,,,,,,,,,,,,,,
Google Suggest,sugestao,bitcoin,bitcoin qual o valor,1251.0,br,chrome,web,categoria_Questões_qual,2025-12-11 21:07:47,,,,,,,,,,,,,,
Google Suggest,sugestao,bitcoin,bitcoin qual a tendencia,1250.0,br,chrome,web,categoria_Questões_qual,2025-12-11 21:07:47,,,,,,,,,,,,,,
Google Suggest,sugestao,bitcoin,bitcoin qual a previsão,700.0,br,chrome,web,categoria_Questões_qual,2025-12-11 21:07:47,,,,,,,,,,,,,,
Google Suggest,sugestao,bitcoin,bitcoin qual o valor hoje,602.0,br,chrome,web,categoria_Questões_qual,2025-12-11 21:07:47,,,,,,,,,,,,,,
Google Suggest,sugestao,bitcoin,bitcoin qual comprar,601.0,br,chrome,web,categoria_Questões_qual,2025-12-11 21:07:47,,,,,,,,,,,,,,
Google Suggest,sugestao,bitcoin,bitcoin qual maior valor,600.0,br,chrome,web,categoria_Questões_qual,2025-12-11 21:07:47,,,,,,,,,,,,,,
Google Suggest,sugestao,bitcoin,bitcoin qual foi a maxima,558.0,br,chrome,web,categoria_Questões_qual,2025-12-11 21:07:47,,,,,,,,,,,,,,
Google Suggest,sugestao,bitcoin,bitcoin qual foi o maior valor,557.0,br,chrome,web,categoria_Questões_qual,2025-12-11 21:07:47,,,,,,,,,,,,,,
Google Suggest,sugestao,bitcoin,bitcoin qual melhor corretora,556.0,br,chrome,web,categoria_Questões_qual,2025-12-11 21:07:47,,,,,,,,,,,,,,
Google Suggest,sugestao,bitcoin,bitcoin qual melhor,555.0,br,chrome,web,categoria_Questões_qual,2025-12-11 21:07:47,,,,,,,,,,,,,,
Google Suggest,sugestao,bitcoin,bitcoin qual o futuro,554.0,br,chrome,web,categoria_Questões_qual,2025-12-11 21:07:47,,,,,,,,,,,,,,
Google Suggest,sugestao,bitcoin,bitcoin qual melhor carteira,553.0,br,chrome,web,categoria_Questões_qual,2025-12-11 21:07:47,,,,,,,,,,,,,,
Google Suggest,sugestao,bitcoin,bitcoin qual,552.0,br,chrome,web,categoria_Questões_qual,2025-12-11 21:07:47,,,,,,,,,,,,,,
Google Suggest,sugestao,bitcoin,bitcoin qual rede,551.0,br,chrome,web,categoria_Questões_qual,2025-12-11 21:07:47,,,,,,,,,,,,,,
Google Suggest,sugestao,bitcoin,qual bitcoin investir hoje,550.0,br,chrome,web,categoria_Questões_qual,2025-12-11 21:07:47,,,,,,,,,,,,,,
Google Suggest,sugestao,bitcoin,bitcoin quanto vale,1251.0,br,chrome,web,categoria_Questões_quanto,2025-12-11 21:07:47,,,,,,,,,,,,,,
Google Suggest,sugestao,bitcoin,bitcoin quanto custa,1250.0,br,chrome,web,categoria_Questões_quanto,2025-12-11 21:07:47,,,,,,,,,,,,,,
Google Suggest,sugestao,bitcoin,bitcoin quanto valia em 2010,750.0,br,chrome,web,categoria_Questões_quanto,2025-12-11 21:07:47,,,,,,,,,,,,,,
Google Suggest,sugestao,bitcoin,bitcoin quanto vale hoje,602.0,br,chrome,web,categoria_Questões_quanto,2025-12-11 21:07:47,,,,,,,,,,,,,,
Google Suggest,sugestao,bitcoin,bitcoin quanto valia no inicio,601.0,br,chrome,web,categoria_Questões_quanto,2025-12-11 21:07:47,,,,,,,,,,,,,,
Google Suggest,sugestao,bitcoin,bitcoin quanto rende,600.0,br,chrome,web,categoria_Questões_quanto,2025-12-11 21:07:47,,,,,,,,,,,,,,
Google Suggest,sugestao,bitcoin,bitcoin quanto ta,558.0,br,chrome,web,categoria_Questões_quanto,2025-12-11 21:07:47,,,,,,,,,,,,,,
Google Suggest,sugestao,bitcoin,bitcoin quanto vale 1,557.0,br,chrome,web,categoria_Questões_quanto,2025-12-11 21:07:47,,,,,,,,,,,,,,
Google Suggest,sugestao,bitcoin,bitcoin quanto custa 1,556.0,br,chrome,web,categoria_Questões_quanto,2025-12-11 21:07:47,,,,,,,,,,,,,,
Google Suggest,sugestao,bitcoin,bitcoin quanto custa para comprar,555.0,br,chrome,web,categoria_Questões_quanto,2025-12-11 21:07:47,,,,,,,,,,,,,,
Google Suggest,sugestao,bitcoin,bitcoin quanto valia em 2015,554.0,br,chrome,web,categoria_Questões_quanto,2025-12-11 21:07:47,,,,,,,,,,,,,,
Google Suggest,sugestao,bitcoin,bitcoin quanto vale em real,553.0,br,chrome,web,categoria_Questões_quanto,2025-12-11 21:07:47,,,,,,,,,,,,,,
Google Suggest,sugestao,bitcoin,bitcoin quanto caiu,552.0,br,chrome,web,categoria_Questões_quanto,2025-12-11 21:07:47,,,,,,,,,,,,,,
Google Suggest,sugestao,bitcoin,bitcoin quanto valia em 2013,551.0,br,chrome,web,categoria_Questões_quanto,2025-12-11 21:07:47,,,,,,,,,,,,,,
Google Suggest,sugestao,bitcoin,bitcoin quanto valia em 2008,550.0,br,chrome,web,categoria_Questões_quanto,2025-12-11 21:07:47,,,,,,,,,,,,,,
Google Suggest,sugestao,bitcoin,bitcoin de hoje,1250.0,br,chrome,web,categoria_Preposições_de,2025-12-11 21:07:47,,,,,,,,,,,,,,
Google Suggest,sugestao,bitcoin,bitcoin de ouro,700.0,br,chrome,web,categoria_Preposições_de,2025-12-11 21:07:47,,,,,,,,,,,,,,
Google Suggest,sugestao,bitcoin,bitcoin de agora,601.0,br,chrome,web,categoria_Preposições_de,2025-12-11 21:07:47,,,,,,,,,,,,,,
Google Suggest,sugestao,bitcoin,bitcoin de graça,600.0,br,chrome,web,categoria_Preposições_de,2025-12-11 21:07:47,,,,,,,,,,,,,,
Google Suggest,sugestao,bitcoin,bitcoin de onde é,560.0,br,chrome,web,categoria_Preposições_de,2025-12-11 21:07:47,,,,,,,,,,,,,,
Google Suggest,sugestao,bitcoin,bitcoin de hoje usd,559.0,br,chrome,web,categoria_Preposições_de,2025-12-11 21:07:47,,,,,,,,,,,,,,
Google Suggest,sugestao,bitcoin,bitcoin de chocolate,558.0,br,chrome,web,categoria_Preposições_de,2025-12-11 21:07:47,,,,,,,,,,,,,,
Google Suggest,sugestao,bitcoin,bitcoin de hoje agora,557.0,br,chrome,web,categoria_Preposições_de,2025-12-11 21:07:47,,,,,,,,,,,,,,
Google Suggest,sugestao,bitcoin,bitcoin de prata,556.0,br,chrome,web,categoria_Preposições_de,2025-12-11 21:07:47,,,,,,,,,,,,,,
Google Suggest,sugestao,bitcoin,bitcoin de ia,555.0,br,chrome,web,categoria_Preposições_de,2025-12-11 21:07:47,,,,,,,,,,,,,,
Google Suggest,sugestao,bitcoin,bitcoin de hoje gráfico,554.0,br,chrome,web,categoria_Preposições_de,2025-12-11 21:07:47,,,,,,,,,,,,,,
Google Suggest,sugestao,bitcoin,bitcoin de ontem para hoje,553.0,br,chrome,web,categoria_Preposições_de,2025-12-11 21:07:47,,,,,,,,,,,,,,
Google Suggest,sugestao,bitcoin,bitcoin de 2010 a 2025,552.0,br,chrome,web,categoria_Preposições_de,2025-12-11 21:07:47,,,,,,,,,,,,,,
Google Suggest,sugestao,bitcoin,bitcoin de hoje real,551.0,br,chrome,web,categoria_Preposições_de,2025-12-11 21:07:47,,,,,,,,,,,,,,
Google Suggest,sugestao,bitcoin,bitcoin de hoje dólar,550.0,br,chrome,web,categoria_Preposições_de,2025-12-11 21:07:47,,,,,,,,,,,,,,
Google Suggest,sugestao,bitcoin,bitcoin para real,1251.0,br,chrome,web,categoria_Preposições_para,2025-12-11 21:07:47,,,,,,,,,,,,,,
Google Suggest,sugestao,bitcoin,bitcoin para dolar,1250.0,br,chrome,web,categoria_Preposições_para,2025-12-11 21:07:47,,,,,,,,,,,,,,
Google Suggest,sugestao,bitcoin,bitcoin para que serve,601.0,br,chrome,web,categoria_Preposições_para,2025-12-11 21:07:47,,,,,,,,,,,,,,
Google Suggest,sugestao,bitcoin,bitcoin para iniciantes,600.0,br,chrome,web,categoria_Preposições_para,2025-12-11 21:07:47,,,,,,,,,,,,,,
Google Suggest,sugestao,bitcoin,bitcoin para 2030,560.0,br,chrome,web,categoria_Preposições_para,2025-12-11 21:07:47,,,,,,,,,,,,,,
Google Suggest,sugestao,bitcoin,bitcoin para hoje,559.0,br,chrome,web,categoria_Preposições_para,2025-12-11 21:07:47,,,,,,,,,,,,,,
Google Suggest,sugestao,bitcoin,bitcoin para 2026,558.0,br,chrome,web,categoria_Preposições_para,2025-12-11 21:07:47,,,,,,,,,,,,,,
Google Suggest,sugestao,bitcoin,bitcoin para brl,557.0,br,chrome,web,categoria_Preposições_para,2025-12-11 21:07:47,,,,,,,,,,,,,,
Google Suggest,sugestao,bitcoin,bitcoin para dolar hoje,556.0,br,chrome,web,categoria_Preposições_para,2025-12-11 21:07:47,,,,,,,,,,,,,,
Google Suggest,sugestao,bitcoin,bitcoin para leigos,555.0,br,chrome,web,categoria_Preposições_para,2025-12-11 21:07:47,,,,,,,,,,,,,,
Google Suggest,sugestao,bitcoin,bitcoin para real hoje,554.0,br,chrome,web,categoria_Preposições_para,2025-12-11 21:07:47,,,,,,,,,,,,,,
Google Suggest,sugestao,bitcoin,bitcoin para comprar,553.0,br,chrome,web,categoria_Preposições_para,2025-12-11 21:07:47,,,,,,,,,,,,,,
Google Suggest,sugestao,bitcoin,bitcoin para todos,552.0,br,chrome,web,categoria_Preposições_para,2025-12-11 21:07:47,,,,,,,,,,,,,,
Google Suggest,sugestao,bitcoin,bitcoin para euro,551.0,br,chrome,web,categoria_Preposições_para,2025-12-11 21:07:47,,,,,,,,,,,,,,
Google Suggest,sugestao,bitcoin,bitcoin para satoshi,550.0,br,chrome,web,categoria_Preposições_para,2025-12-11 21:07:47,,,,,,,,,,,,,,
Google Suggest,sugestao,bitcoin,bitcoin com cartao de credito,602.0,br,chrome,web,categoria_Preposições_com,2025-12-11 21:07:47,,,,,,,,,,,,,,
Google Suggest,sugestao,bitcoin,bitcoin com potencial de crescimento,601.0,br,chrome,web,categoria_Preposições_com,2025-12-11 21:07:47,,,,,,,,,,,,,,
Google Suggest,sugestao,bitcoin,http://bitcoin.com,600.0,br,chrome,web,categoria_Preposições_com,2025-12-11 21:07:47,,,,,,,,,,,,,,
Google Suggest,sugestao,bitcoin,bitcoin com exchange,561.0,br,chrome,web,categoria_Preposições_com,2025-12-11 21:07:47,,,,,,,,,,,,,,
Google Suggest,sugestao,bitcoin,bitcoin com pool,560.0,br,chrome,web,categoria_Preposições_com,2025-12-11 21:07:47,,,,,,,,,,,,,,
Google Suggest,sugestao,bitcoin,bitcoin com link,559.0,br,chrome,web,categoria_Preposições_com,2025-12-11 21:07:47,,,,,,,,,,,,,,
Google Suggest,sugestao,bitcoin,bitcoin com wallet,558.0,br,chrome,web,categoria_Preposições_com,2025-12-11 21:07:47,,,,,,,,,,,,,,
Google Suggest,sugestao,bitcoin,bitcoin com login,557.0,br,chrome,web,categoria_Preposições_com,2025-12-11 21:07:47,,,,,,,,,,,,,,
Google Suggest,sugestao,bitcoin,bitcoin au,556.0,br,chrome,web,categoria_Preposições_com,2025-12-11 21:07:47,,,,,,,,,,,,,,
Google Suggest,sugestao,bitcoin,bitcoin com app,555.0,br,chrome,web,categoria_Preposições_com,2025-12-11 21:07:47,,,,,,,,,,,,,,
Google Suggest,sugestao,bitcoin,bitcoin com news,554.0,br,chrome,web,categoria_Preposições_com,2025-12-11 21:07:47,,,,,,,,,,,,,,
Google Suggest,sugestao,bitcoin,bitcoin com wallet app,553.0,br,chrome,web,categoria_Preposições_com,2025-12-11 21:07:47,,,,,,,,,,,,,,
Google Suggest,sugestao,bitcoin,bitcoin com en español,552.0,br,chrome,web,categoria_Preposições_com,2025-12-11 21:07:47,,,,,,,,,,,,,,
Google Suggest,sugestao,bitcoin,bitcoin com sign up,551.0,br,chrome,web,categoria_Preposições_com,2025-12-11 21:07:47,,,,,,,,,,,,,,
Google Suggest,sugestao,bitcoin,bitcoin com wallet login,550.0,br,chrome,web,categoria_Preposições_com,2025-12-11 21:07:47,,,,,,,,,,,,,,
Google Suggest,sugestao,bitcoin,bitcoin sem kyc,1251.0,br,chrome,web,categoria_Preposições_sem,2025-12-11 21:07:47,,,,,,,,,,,,,,
Google Suggest,sugestao,bitcoin,bitcoin sem corretora,1250.0,br,chrome,web,categoria_Preposições_sem,2025-12-11 21:07:47,,,,,,,,,,,,,,
Google Suggest,sugestao,bitcoin,bitcoin sem taxa,950.0,br,chrome,web,categoria_Preposições_sem,2025-12-11 21:07:47,,,,,,,,,,,,,,
Google Suggest,sugestao,bitcoin,bitcoin sem internet,850.0,br,chrome,web,categoria_Preposições_sem,2025-12-11 21:07:47,,,,,,,,,,,,,,
Google Suggest,sugestao,bitcoin,bitcoin sem fundo,601.0,br,chrome,web,categoria_Preposições_sem,2025-12-11 21:07:47,,,,,,,,,,,,,,
Google Suggest,sugestao,bitcoin,bitcoin sem imposto,600.0,br,chrome,web,categoria_Preposições_sem,2025-12-11 21:07:47,,,,,,,,,,,,,,
Google Suggest,sugestao,bitcoin,bitcoin sem rastro,558.0,br,chrome,web,categoria_Preposições_sem,2025-12-11 21:07:47,,,,,,,,,,,,,,
Google Suggest,sugestao,bitcoin,bitcoin sem lastro,557.0,br,chrome,web,categoria_Preposições_sem,2025-12-11 21:07:47,,,,,,,,,,,,,,
Google Suggest,sugestao,bitcoin,bitcoin sem medo,556.0,br,chrome,web,categoria_Preposições_sem,2025-12-11 21:07:47,,,,,,,,,,,,,,
Google Suggest,sugestao,bitcoin,bitcoin sem declarar,555.0,br,chrome,web,categoria_Preposições_sem,2025-12-11 21:07:47,,,,,,,,,,,,,,
Google Suggest,sugestao,bitcoin,bitcoin sem rastreio,554.0,br,chrome,web,categoria_Preposições_sem,2025-12-11 21:07:47,,,,,,,,,,,,,,
Google Suggest,sugestao,bitcoin,bitcoin sem cpf,553.0,br,chrome,web,categoria_Preposições_sem,2025-12-11 21:07:47,,,,,,,,,,,,,,
Google Suggest,sugestao,bitcoin,bitcoin sem corretagem,552.0,br,chrome,web,categoria_Preposições_sem,2025-12-11 21:07:47,,,,,,,,,,,,,,
Google Suggest,sugestao,bitcoin,bitcoin sem risco,551.0,br,chrome,web,categoria_Preposições_sem,2025-12-11 21:07:47,,,,,,,,,,,,,,
Google Suggest,sugestao,bitcoin,bitcoin sem kyc reddit,550.0,br,chrome,web,categoria_Preposições_sem,2025-12-11 21:07:47,,,,,,,,,,,,,,
Google Suggest,sugestao,bitcoin,bitcoin sobre custodia,601.0,br,chrome,web,categoria_Preposições_sobre,2025-12-11 21:07:47,,,,,,,,,,,,,,
Google Suggest,sugestao,bitcoin,bitcoin sobre,600.0,br,chrome,web,categoria_Preposições_sobre,2025-12-11 21:07:47,,,,,,,,,,,,,,
Google Suggest,sugestao,bitcoin,sobre bitcoin hoje,562.0,br,chrome,web,categoria_Preposições_sobre,2025-12-11 21:07:47,,,,,,,,,,,,,,
Google Suggest,sugestao,bitcoin,sobre bitcoin bank,561.0,br,chrome,web,categoria_Preposições_sobre,2025-12-11 21:07:47,,,,,,,,,,,,,,
Google Suggest,sugestao,bitcoin,sobre bitcoin assinale a alternativa correta,560.0,br,chrome,web,categoria_Preposições_sobre,2025-12-11 21:07:47,,,,,,,,,,,,,,
Google Suggest,sugestao,bitcoin,sobre bitcoin cash,559.0,br,chrome,web,categoria_Preposições_sobre,2025-12-11 21:07:47,,,,,,,,,,,,,,
Google Suggest,sugestao,bitcoin,bitcoin tudo sobre,558.0,br,chrome,web,categoria_Preposições_sobre,2025-12-11 21:07:47,,,,,,,,,,,,,,
Google Suggest,sugestao,bitcoin,bitcoin tudo sobre criptomoedas livro,557.0,br,chrome,web,categoria_Preposições_sobre,2025-12-11 21:07:47,,,,,,,,,,,,,,
Google Suggest,sugestao,bitcoin,mercado bitcoin sobre,556.0,br,chrome,web,categoria_Preposições_sobre,2025-12-11 21:07:47,,,,,,,,,,,,,,
Google Suggest,sugestao,bitcoin,noticias sobre bitcoin,555.0,br,chrome,web,categoria_Preposições_sobre,2025-12-11 21:07:47,,,,,,,,,,,,,,
Google Suggest,sugestao,bitcoin,imposto sobre bitcoin,554.0,br,chrome,web,categoria_Preposições_sobre,2025-12-11 21:07:47,,,,,,,,,,,,,,
Google Suggest,sugestao,bitcoin,livro sobre bitcoin,553.0,br,chrome,web,categoria_Preposições_sobre,2025-12-11 21:07:47,,,,,,,,,,,,,,
Google Suggest,sugestao,bitcoin,trump sobre bitcoin,552.0,br,chrome,web,categoria_Preposições_sobre,2025-12-11 21:07:47,,,,,,,,,,,,,,
Google Suggest,sugestao,bitcoin,filme sobre bitcoin,551.0,br,chrome,web,categoria_Preposições_sobre,2025-12-11 21:07:47,,,,,,,,,,,,,,
Google Suggest,sugestao,bitcoin,notícias sobre bitcoin cash,550.0,br,chrome,web,categoria_Preposições_sobre,2025-12-11 21:07:47,,,,,,,,,,,,,,
Google Suggest,sugestao,bitcoin,bitcoin contra real,601.0,br,chrome,web,categoria_Preposições_contra,2025-12-11 21:07:47,,,,,,,,,,,,,,
Google Suggest,sugestao,bitcoin,bitcoin contra dolar,600.0,br,chrome,web,categoria_Preposições_contra,2025-12-11 21:07:47,,,,,,,,,,,,,,
Google Suggest,sugestao,bitcoin,bitcoin contra,559.0,br,chrome,web,categoria_Preposições_contra,2025-12-11 21:07:47,,,,,,,,,,,,,,
Google Suggest,sugestao,bitcoin,bitcoin contra ethereum,558.0,br,chrome,web,categoria_Preposições_contra,2025-12-11 21:07:47,,,,,,,,,,,,,,
Google Suggest,sugestao,bitcoin,bitcoin contra el dolar,557.0,br,chrome,web,categoria_Preposições_contra,2025-12-11 21:07:47,,,,,,,,,,,,,,
Google Suggest,sugestao,bitcoin,bitcoin contra oro,556.0,br,chrome,web,categoria_Preposições_contra,2025-12-11 21:07:47,,,,,,,,,,,,,,
Google Suggest,sugestao,bitcoin,trump contra bitcoin,555.0,br,chrome,web,categoria_Preposições_contra,2025-12-11 21:07:47,,,,,,,,,,,,,,
Google Suggest,sugestao,bitcoin,bitcoin pro contra,554.0,br,chrome,web,categoria_Preposições_contra,2025-12-11 21:07:47,,,,,,,,,,,,,,
Google Suggest,sugestao,bitcoin,apostar contra bitcoin,553.0,br,chrome,web,categoria_Preposições_contra,2025-12-11 21:07:47,,,,,,,,,,,,,,
Google Suggest,sugestao,bitcoin,xrp contra bitcoin,552.0,br,chrome,web,categoria_Preposições_contra,2025-12-11 21:07:47,,,,,,,,,,,,,,
Google Suggest,sugestao,bitcoin,bitcoin pro und contra,551.0,br,chrome,web,categoria_Preposições_contra,2025-12-11 21:07:47,,,,,,,,,,,,,,
Google Suggest,sugestao,bitcoin,prestamo contra bitcoin,550.0,br,chrome,web,categoria_Preposições_contra,2025-12-11 21:07:47,,,,,,,,,,,,,,
Google Suggest,sugestao,bitcoin,bitcoin até o final do ano,1250.0,br,chrome,web,categoria_Preposições_até,2025-12-11 21:07:47,,,,,,,,,,,,,,
Google Suggest,sugestao,bitcoin,bitcoin ate 2030,601.0,br,chrome,web,categoria_Preposições_até,2025-12-11 21:07:47,,,,,,,,,,,,,,
Google Suggest,sugestao,bitcoin,bitcoin ate 2025,600.0,br,chrome,web,categoria_Preposições_até,2025-12-11 21:07:47,,,,,,,,,,,,,,
Google Suggest,sugestao,bitcoin,bitcoin ate onde vai,561.0,br,chrome,web,categoria_Preposições_até,2025-12-11 21:07:47,,,,,,,,,,,,,,
Google Suggest,sugestao,bitcoin,bitcoin ate o fim do ano,560.0,br,chrome,web,categoria_Preposições_até,2025-12-11 21:07:47,,,,,,,,,,,,,,
Google Suggest,sugestao,bitcoin,bitcoin ate dezembro 2024,559.0,br,chrome,web,categoria_Preposições_até,2025-12-11 21:07:47,,,,,,,,,,,,,,
Google Suggest,sugestao,bitcoin,bitcoin ate 2026,558.0,br,chrome,web,categoria_Preposições_até,2025-12-11 21:07:47,,,,,,,,,,,,,,
Google Suggest,sugestao,bitcoin,bitcoin ate final de 2024,557.0,br,chrome,web,categoria_Preposições_até,2025-12-11 21:07:47,,,,,,,,,,,,,,
Google Suggest,sugestao,bitcoin,bitcoin ate,556.0,br,chrome,web,categoria_Preposições_até,2025-12-11 21:07:47,,,,,,,,,,,,,,
Google Suggest,sugestao,bitcoin,bitcoin ate dezembro,555.0,br,chrome,web,categoria_Preposições_até,2025-12-11 21:07:47,,,,,,,,,,,,,,
Google Suggest,sugestao,bitcoin,bitcoin ate quando vai subir,554.0,br,chrome,web,categoria_Preposições_até,2025-12-11 21:07:47,,,,,,,,,,,,,,
Google Suggest,sugestao,bitcoin,bitcoin ate final de 2025,553.0,br,chrome,web,categoria_Preposições_até,2025-12-11 21:07:47,,,,,,,,,,,,,,
Google Suggest,sugestao,bitcoin,bitcoin ate 2040,552.0,br,chrome,web,categoria_Preposições_até,2025-12-11 21:07:47,,,,,,,,,,,,,,
Google Suggest,sugestao,bitcoin,bitcoin cai ate quando,551.0,br,chrome,web,categoria_Preposições_até,2025-12-11 21:07:47,,,,,,,,,,,,,,
Google Suggest,sugestao,bitcoin,bitcoin sobe ate quando,550.0,br,chrome,web,categoria_Preposições_até,2025-12-11 21:07:47,,,,,,,,,,,,,,
Google Suggest,sugestao,bitcoin,bitcoin vs dolar,1251.0,br,chrome,web,categoria_Comparações_vs,2025-12-11 21:07:47,,,,,,,,,,,,,,
Google Suggest,sugestao,bitcoin,bitcoin vs real,1250.0,br,chrome,web,categoria_Comparações_vs,2025-12-11 21:07:47,,,,,,,,,,,,,,
Google Suggest,sugestao,bitcoin,bitcoin vs ouro,1050.0,br,chrome,web,categoria_Comparações_vs,2025-12-11 21:07:47,,,,,,,,,,,,,,
Google Suggest,sugestao,bitcoin,bitcoin vs usd,700.0,br,chrome,web,categoria_Comparações_vs,2025-12-11 21:07:47,,,,,,,,,,,,,,
Google Suggest,sugestao,bitcoin,bitcoin vs gold,650.0,br,chrome,web,categoria_Comparações_vs,2025-12-11 21:07:47,,,,,,,,,,,,,,
Google Suggest,sugestao,bitcoin,bitcoin vs ethereum,601.0,br,chrome,web,categoria_Comparações_vs,2025-12-11 21:07:47,,,,,,,,,,,,,,
Google Suggest,sugestao,bitcoin,bitcoin vs ouro gráfico,600.0,br,chrome,web,categoria_Comparações_vs,2025-12-11 21:07:47,,,,,,,,,,,,,,
Google Suggest,sugestao,bitcoin,bitcoin vs m2,556.0,br,chrome,web,categoria_Comparações_vs,2025-12-11 21:07:47,,,,,,,,,,,,,,
Google Suggest,sugestao,bitcoin,bitcoin vs cdi,555.0,br,chrome,web,categoria_Comparações_vs,2025-12-11 21:07:47,,,,,,,,,,,,,,
Google Suggest,sugestao,bitcoin,bitcoin vs m2 global,554.0,br,chrome,web,categoria_Comparações_vs,2025-12-11 21:07:47,,,,,,,,,,,,,,
Google Suggest,sugestao,bitcoin,bitcoin vs bitcoin cash,553.0,br,chrome,web,categoria_Comparações_vs,2025-12-11 21:07:47,,,,,,,,,,,,,,
Google Suggest,sugestao,bitcoin,bitcoin vs monero,552.0,br,chrome,web,categoria_Comparações_vs,2025-12-11 21:07:47,,,,,,,,,,,,,,
Google Suggest,sugestao,bitcoin,bitcoin vs m2 money supply,551.0,br,chrome,web,categoria_Comparações_vs,2025-12-11 21:07:47,,,,,,,,,,,,,,
Google Suggest,sugestao,bitcoin,bitcoin vs gold chart,550.0,br,chrome,web,categoria_Comparações_vs,2025-12-11 21:07:47,,,,,,,,,,,,,,
Google Suggest,sugestao,bitcoin,melhor que bitcoin,601.0,br,chrome,web,categoria_Comparações_melhor que,2025-12-11 21:07:47,,,,,,,,,,,,,,
Google Suggest,sugestao,bitcoin,bitcoin melhor investimento,600.0,br,chrome,web,categoria_Comparações_melhor que,2025-12-11 21:07:47,,,,,,,,,,,,,,
Google Suggest,sugestao,bitcoin,bitcoin melhor corretora,551.0,br,chrome,web,categoria_Comparações_melhor que,2025-12-11 21:07:47,,,,,,,,,,,,,,
Google Suggest,sugestao,bitcoin,bitcoin melhor horario comprar,550.0,br,chrome,web,categoria_Comparações_melhor que,2025-12-11 21:07:47,,,,,,,,,,,,,,
Google Suggest,sugestao,bitcoin,bitcoin ou ethereum,1250.0,br,chrome,web,categoria_Comparações_ou,2025-12-11 21:07:47,,,,,,,,,,,,,,
Google Suggest,sugestao,bitcoin,bitcoin ou ouro,651.0,br,chrome,web,categoria_Comparações_ou,2025-12-11 21:07:47,,,,,,,,,,,,,,
Google Suggest,sugestao,bitcoin,bitcoin ou criptomoeda,650.0,br,chrome,web,categoria_Comparações_ou,2025-12-11 21:07:47,,,,,,,,,,,,,,
Google Suggest,sugestao,bitcoin,bitcoin ou dolar,602.0,br,chrome,web,categoria_Comparações_ou,2025-12-11 21:07:47,,,,,,,,,,,,,,
Google Suggest,sugestao,bitcoin,bitcoin ou ethereum hoje,601.0,br,chrome,web,categoria_Comparações_ou,2025-12-11 21:07:47,,,,,,,,,,,,,,
Google Suggest,sugestao,bitcoin,bitcoin ou nada,600.0,br,chrome,web,categoria_Comparações_ou,2025-12-11 21:07:47,,,,,,,,,,,,,,
Google Suggest,sugestao,bitcoin,bitcoin ou cdb,558.0,br,chrome,web,categoria_Comparações_ou,2025-12-11 21:07:47,,,,,,,,,,,,,,
Google Suggest,sugestao,bitcoin,bitcoin ou solana,557.0,br,chrome,web,categoria_Comparações_ou,2025-12-11 21:07:47,,,,,,,,,,,,,,
Google Suggest,sugestao,bitcoin,bitcoin ou etf,556.0,br,chrome,web,categoria_Comparações_ou,2025-12-11 21:07:47,,,,,,,,,,,,,,
Google Suggest,sugestao,bitcoin,bitcoin ou xrp,555.0,br,chrome,web,categoria_Comparações_ou,2025-12-11 21:07:47,,,,,,,,,,,,,,
Google Suggest,sugestao,bitcoin,bitcoin ou cdi,554.0,br,chrome,web,categoria_Comparações_ou,2025-12-11 21:07:47,,,,,,,,,,,,,,
Google Suggest,sugestao,bitcoin,bitcoin ou tesouro direto,553.0,br,chrome,web,categoria_Comparações_ou,2025-12-11 21:07:47,,,,,,,,,,,,,,
Google Suggest,sugestao,bitcoin,bitcoin ou ethereum qual o melhor,552.0,br,chrome,web,categoria_Comparações_ou,2025-12-11 21:07:47,,,,,,,,,,,,,,
Google Suggest,sugestao,bitcoin,bitcoin ou ethereum 2025,551.0,br,chrome,web,categoria_Comparações_ou,2025-12-11 21:07:47,,,,,,,,,,,,,,
Google Suggest,sugestao,bitcoin,bitcoin ou fundos imobiliarios,550.0,br,chrome,web,categoria_Comparações_ou,2025-12-11 21:07:47,,,,,,,,,,,,,,
Google Suggest,sugestao,bitcoin,bitcoin e ethereum,1250.0,br,chrome,web,categoria_Comparações_e,2025-12-11 21:07:47,,,,,,,,,,,,,,
Google Suggest,sugestao,bitcoin,bitcoin e criptomoedas é a mesma coisa,950.0,br,chrome,web,categoria_Comparações_e,2025-12-11 21:07:47,,,,,,,,,,,,,,
Google Suggest,sugestao,bitcoin,bitcoin e os pobres,850.0,br,chrome,web,categoria_Comparações_e,2025-12-11 21:07:47,,,,,,,,,,,,,,
Google Suggest,sugestao,bitcoin,bitcoin e dolar,602.0,br,chrome,web,categoria_Comparações_e,2025-12-11 21:07:47,,,,,,,,,,,,,,
Google Suggest,sugestao,bitcoin,bitcoin é seguro,601.0,br,chrome,web,categoria_Comparações_e,2025-12-11 21:07:47,,,,,,,,,,,,,,
Google Suggest,sugestao,bitcoin,bitcoin e ouro,600.0,br,chrome,web,categoria_Comparações_e,2025-12-11 21:07:47,,,,,,,,,,,,,,
Google Suggest,sugestao,bitcoin,bitcoin e ethereum hoje,558.0,br,chrome,web,categoria_Comparações_e,2025-12-11 21:07:47,,,,,,,,,,,,,,
Google Suggest,sugestao,bitcoin,bitcoin e blockchain,557.0,br,chrome,web,categoria_Comparações_e,2025-12-11 21:07:47,,,,,,,,,,,,,,
Google Suggest,sugestao,bitcoin,bitcoin e ethereum caindo,556.0,br,chrome,web,categoria_Comparações_e,2025-12-11 21:07:47,,,,,,,,,,,,,,
Google Suggest,sugestao,bitcoin,bitcoin e real,555.0,br,chrome,web,categoria_Comparações_e,2025-12-11 21:07:47,,,,,,,,,,,,,,
Google Suggest,sugestao,bitcoin,bitcoin é crime,554.0,br,chrome,web,categoria_Comparações_e,2025-12-11 21:07:47,,,,,,,,,,,,,,
Google Suggest,sugestao,bitcoin,bitcoin é confiavel,553.0,br,chrome,web,categoria_Comparações_e,2025-12-11 21:07:47,,,,,,,,,,,,,,
Google Suggest,sugestao,bitcoin,bitcoin e bitcoin,552.0,br,chrome,web,categoria_Comparações_e,2025-12-11 21:07:47,,,,,,,,,,,,,,
Google Suggest,sugestao,bitcoin,bitcoin é bom investimento,551.0,br,chrome,web,categoria_Comparações_e,2025-12-11 21:07:47,,,,,,,,,,,,,,
Google Suggest,sugestao,bitcoin,bitcoin e imposto de renda,550.0,br,chrome,web,categoria_Comparações_e,2025-12-11 21:07:47,,,,,,,,,,,,,,
Google Suggest,sugestao,bitcoin,bitcoin hoje,1250.0,br,chrome,youtube,top,2025-12-11 21:07:47,,,,,,,,,,,,,,
Google Suggest,sugestao,bitcoin,bitcoinheiros,701.0,br,chrome,youtube,top,2025-12-11 21:07:47,,,,,,,,,,,,,,
Google Suggest,sugestao,bitcoin,bitcoin ao vivo,700.0,br,chrome,youtube,top,2025-12-11 21:07:47,,,,,,,,,,,,,,
Google Suggest,sugestao,bitcoin,bitcoin live,601.0,br,chrome,youtube,top,2025-12-11 21:07:47,,,,,,,,,,,,,,
Google Suggest,sugestao,bitcoin,bitcoin caindo,600.0,br,chrome,youtube,top,2025-12-11 21:07:47,,,,,,,,,,,,,,
Google Suggest,sugestao,bitcoin,bitcoin ao vivo agora,559.0,br,chrome,youtube,top,2025-12-11 21:07:47,,,,,,,,,,,,,,
Google Suggest,sugestao,bitcoin,bitcoin autocustódia,558.0,br,chrome,youtube,top,2025-12-11 21:07:47,,,,,,,,,,,,,,
Google Suggest,sugestao,bitcoin,bitcoins,557.0,br,chrome,youtube,top,2025-12-11 21:07:47,,,,,,,,,,,,,,
Google Suggest,sugestao,bitcoin,bitcoin agora,556.0,br,chrome,youtube,top,2025-12-11 21:07:47,,,,,,,,,,,,,,
Google Suggest,sugestao,bitcoin,bitcoin hyper,555.0,br,chrome,youtube,top,2025-12-11 21:07:47,,,,,,,,,,,,,,
Google Suggest,sugestao,bitcoin,bitcoin miner,554.0,br,chrome,youtube,top,2025-12-11 21:07:47,,,,,,,,,,,,,,
Google Suggest,sugestao,bitcoin,bitcoin nubank,553.0,br,chrome,youtube,top,2025-12-11 21:07:47,,,,,,,,,,,,,,
Google Suggest,sugestao,bitcoin,bitcoin hoje ao vivo,552.0,br,chrome,youtube,top,2025-12-11 21:07:47,,,,,,,,,,,,,,
Google Suggest,sugestao,bitcoin,bitcoin cash,551.0,br,chrome,youtube,top,2025-12-11 21:07:47,,,,,,,,,,,,,,
Google Suggest,sugestao,bitcoin,bitcoin primo pobre,550.0,br,chrome,youtube,top,2025-12-11 21:07:47,,,,,,,,,,,,,,
Google Suggest,sugestao,bitcoin,bitcoin ao vivo,1250.0,br,chrome,youtube,expansao_a,2025-12-11 21:07:47,,,,,,,,,,,,,,
Google Suggest,sugestao,bitcoin,bitcoin autocustódia,1000.0,br,chrome,youtube,expansao_a,2025-12-11 21:07:47,,,,,,,,,,,,,,
Google Suggest,sugestao,bitcoin,bitcoin agora,900.0,br,chrome,youtube,expansao_a,2025-12-11 21:07:47,,,,,,,,,,,,,,
Google Suggest,sugestao,bitcoin,bitcoin analise,601.0,br,chrome,youtube,expansao_a,2025-12-11 21:07:47,,,,,,,,,,,,,,
Google Suggest,sugestao,bitcoin,bitcoin augusto backes,600.0,br,chrome,youtube,expansao_a,2025-12-11 21:07:47,,,,,,,,,,,,,,
Google Suggest,sugestao,bitcoin,bitcoin ainda vale a pena,559.0,br,chrome,youtube,expansao_a,2025-12-11 21:07:47,,,,,,,,,,,,,,
Google Suggest,sugestao,bitcoin,bitcoin ao vivo hoje,558.0,br,chrome,youtube,expansao_a,2025-12-11 21:07:47,,,,,,,,,,,,,,
Google Suggest,sugestao,bitcoin,bitcoin analise hoje,557.0,br,chrome,youtube,expansao_a,2025-12-11 21:07:47,,,,,,,,,,,,,,
Google Suggest,sugestao,bitcoin,bitcoin agora ao vivo,556.0,br,chrome,youtube,expansao_a,2025-12-11 21:07:47,,,,,,,,,,,,,,
Google Suggest,sugestao,bitcoin,bitcoin ancapsu,555.0,br,chrome,youtube,expansao_a,2025-12-11 21:07:47,,,,,,,,,,,,,,
Google Suggest,sugestao,bitcoin,bitcoin analysis,554.0,br,chrome,youtube,expansao_a,2025-12-11 21:07:47,,,,,,,,,,,,,,
Google Suggest,sugestao,bitcoin,bitcoin aula,553.0,br,chrome,youtube,expansao_a,2025-12-11 21:07:47,,,,,,,,,,,,,,
Google Suggest,sugestao,bitcoin,bitcoin anonimo,552.0,br,chrome,youtube,expansao_a,2025-12-11 21:07:47,,,,,,,,,,,,,,
Google Suggest,sugestao,bitcoin,bitcoin autocustódia cold wallet,551.0,br,chrome,youtube,expansao_a,2025-12-11 21:07:47,,,,,,,,,,,,,,
Google Suggest,sugestao,bitcoin,bitcoin animação,550.0,br,chrome,youtube,expansao_a,2025-12-11 21:07:47,,,,,,,,,,,,,,
Google Suggest,sugestao,bitcoin,bitcoin bruno perini,1000.0,br,chrome,youtube,expansao_b,2025-12-11 21:07:47,,,,,,,,,,,,,,
Google Suggest,sugestao,bitcoin,bitcoin bank,750.0,br,chrome,youtube,expansao_b,2025-12-11 21:07:47,,,,,,,,,,,,,,
Google Suggest,sugestao,bitcoin,bitcoin brasil,601.0,br,chrome,youtube,expansao_b,2025-12-11 21:07:47,,,,,,,,,,,,,,
Google Suggest,sugestao,bitcoin,bitcoin black pill tutoriais,600.0,br,chrome,youtube,expansao_b,2025-12-11 21:07:47,,,,,,,,,,,,,,
Google Suggest,sugestao,bitcoin,bitcoin binance,560.0,br,chrome,youtube,expansao_b,2025-12-11 21:07:47,,,,,,,,,,,,,,
Google Suggest,sugestao,bitcoin,bitcoin banco inter,559.0,br,chrome,youtube,expansao_b,2025-12-11 21:07:47,,,,,,,,,,,,,,
Google Suggest,sugestao,bitcoin,bitcoin bear market,558.0,br,chrome,youtube,expansao_b,2025-12-11 21:07:47,,,,,,,,,,,,,,
Google Suggest,sugestao,bitcoin,bitcoin brasil paralelo,557.0,br,chrome,youtube,expansao_b,2025-12-11 21:07:47,,,,,,,,,,,,,,
Google Suggest,sugestao,bitcoin,bitcoin block,556.0,br,chrome,youtube,expansao_b,2025-12-11 21:07:47,,,,,,,,,,,,,,
Google Suggest,sugestao,bitcoin,bitcoin bank é confiável,555.0,br,chrome,youtube,expansao_b,2025-12-11 21:07:47,,,,,,,,,,,,,,
Google Suggest,sugestao,bitcoin,bitcoin b3,554.0,br,chrome,youtube,expansao_b,2025-12-11 21:07:47,,,,,,,,,,,,,,
Google Suggest,sugestao,bitcoin,bitcoin bipa,553.0,br,chrome,youtube,expansao_b,2025-12-11 21:07:47,,,,,,,,,,,,,,
Google Suggest,sugestao,bitcoin,bitcoin bluewallet,552.0,br,chrome,youtube,expansao_b,2025-12-11 21:07:47,,,,,,,,,,,,,,
Google Suggest,sugestao,bitcoin,bitcoin bolha,551.0,br,chrome,youtube,expansao_b,2025-12-11 21:07:47,,,,,,,,,,,,,,
Google Suggest,sugestao,bitcoin,bitcoin bernardo,550.0,br,chrome,youtube,expansao_b,2025-12-11 21:07:47,,,,,,,,,,,,,,
Google Suggest,sugestao,bitcoin,bitcoin caindo,1250.0,br,chrome,youtube,expansao_c,2025-12-11 21:07:47,,,,,,,,,,,,,,
Google Suggest,sugestao,bitcoin,bitcoin cash,750.0,br,chrome,youtube,expansao_c,2025-12-11 21:07:47,,,,,,,,,,,,,,
Google Suggest,sugestao,bitcoin,bitcoin como investir,601.0,br,chrome,youtube,expansao_c,2025-12-11 21:07:47,,,,,,,,,,,,,,
Google Suggest,sugestao,bitcoin,bitcoin como comprar,600.0,br,chrome,youtube,expansao_c,2025-12-11 21:07:47,,,,,,,,,,,,,,
Google Suggest,sugestao,bitcoin,bitcoin caindo hoje,560.0,br,chrome,youtube,expansao_c,2025-12-11 21:07:47,,,,,,,,,,,,,,
Google Suggest,sugestao,bitcoin,bitcoin caiu,559.0,br,chrome,youtube,expansao_c,2025-12-11 21:07:47,,,,,,,,,,,,,,
Google Suggest,sugestao,bitcoin,bitcoin criptomaniacos,558.0,br,chrome,youtube,expansao_c,2025-12-11 21:07:47,,,,,,,,,,,,,,
Google Suggest,sugestao,bitcoin,bitcoin core,557.0,br,chrome,youtube,expansao_c,2025-12-11 21:07:47,,,,,,,,,,,,,,
Google Suggest,sugestao,bitcoin,bitcoin crash,556.0,br,chrome,youtube,expansao_c,2025-12-11 21:07:47,,,,,,,,,,,,,,
Google Suggest,sugestao,bitcoin,bitcoin cash vale a pena,555.0,br,chrome,youtube,expansao_c,2025-12-11 21:07:47,,,,,,,,,,,,,,
Google Suggest,sugestao,bitcoin,bitcoin como ganhar dinheiro,554.0,br,chrome,youtube,expansao_c,2025-12-11 21:07:47,,,,,,,,,,,,,,
Google Suggest,sugestao,bitcoin,bitcoin curso,553.0,br,chrome,youtube,expansao_c,2025-12-11 21:07:47,,,,,,,,,,,,,,
Google Suggest,sugestao,bitcoin,bitcoin cold wallet,552.0,br,chrome,youtube,expansao_c,2025-12-11 21:07:47,,,,,,,,,,,,,,
Google Suggest,sugestao,bitcoin,bitcoin cloud mining,551.0,br,chrome,youtube,expansao_c,2025-12-11 21:07:47,,,,,,,,,,,,,,
Google Suggest,sugestao,bitcoin,bitcoin como começar,550.0,br,chrome,youtube,expansao_c,2025-12-11 21:07:47,,,,,,,,,,,,,,
Google Suggest,sugestao,bitcoin,bitcoin derretendo,1200.0,br,chrome,youtube,expansao_d,2025-12-11 21:07:47,,,,,,,,,,,,,,
Google Suggest,sugestao,bitcoin,bitcoin desenho,1000.0,br,chrome,youtube,expansao_d,2025-12-11 21:07:47,,,,,,,,,,,,,,
Google Suggest,sugestao,bitcoin,bitcoin do zero,850.0,br,chrome,youtube,expansao_d,2025-12-11 21:07:47,,,,,,,,,,,,,,
Google Suggest,sugestao,bitcoin,bitcoin daniel fraga,800.0,br,chrome,youtube,expansao_d,2025-12-11 21:07:47,,,,,,,,,,,,,,
Google Suggest,sugestao,bitcoin,bitcoin despenca,700.0,br,chrome,youtube,expansao_d,2025-12-11 21:07:47,,,,,,,,,,,,,,
Google Suggest,sugestao,bitcoin,bitcoin documentary,601.0,br,chrome,youtube,expansao_d,2025-12-11 21:07:47,,,,,,,,,,,,,,
Google Suggest,sugestao,bitcoin,bitcoin documentário,600.0,br,chrome,youtube,expansao_d,2025-12-11 21:07:47,,,,,,,,,,,,,,
Google Suggest,sugestao,bitcoin,bitcoin dolar,557.0,br,chrome,youtube,expansao_d,2025-12-11 21:07:47,,,,,,,,,,,,,,
Google Suggest,sugestao,bitcoin,bitcoin day trade,556.0,br,chrome,youtube,expansao_d,2025-12-11 21:07:47,,,,,,,,,,,,,,
Google Suggest,sugestao,bitcoin,bitcoin daqui 10 anos,555.0,br,chrome,youtube,expansao_d,2025-12-11 21:07:47,,,,,,,,,,,,,,
Google Suggest,sugestao,bitcoin,bitcoin derretendo hoje,554.0,br,chrome,youtube,expansao_d,2025-12-11 21:07:47,,,,,,,,,,,,,,
Google Suggest,sugestao,bitcoin,bitcoin dca,553.0,br,chrome,youtube,expansao_d,2025-12-11 21:07:47,,,,,,,,,,,,,,
Google Suggest,sugestao,bitcoin,bitcoin de graça,552.0,br,chrome,youtube,expansao_d,2025-12-11 21:07:47,,,,,,,,,,,,,,
Google Suggest,sugestao,bitcoin,bitcoin do mercado pago,551.0,br,chrome,youtube,expansao_d,2025-12-11 21:07:47,,,,,,,,,,,,,,
Google Suggest,sugestao,bitcoin,bitcoin desaba,550.0,br,chrome,youtube,expansao_d,2025-12-11 21:07:47,,,,,,,,,,,,,,
Google Suggest,sugestao,bitcoin,bitcoin e ethereum,601.0,br,chrome,youtube,expansao_e,2025-12-11 21:07:47,,,,,,,,,,,,,,
Google Suggest,sugestao,bitcoin,bitcoin e liberdade,600.0,br,chrome,youtube,expansao_e,2025-12-11 21:07:47,,,,,,,,,,,,,,
Google Suggest,sugestao,bitcoin,bitcoin em queda hoje,562.0,br,chrome,youtube,expansao_e,2025-12-11 21:07:47,,,,,,,,,,,,,,
Google Suggest,sugestao,bitcoin,bitcoin explicado,561.0,br,chrome,youtube,expansao_e,2025-12-11 21:07:47,,,,,,,,,,,,,,
Google Suggest,sugestao,bitcoin,bitcoin em 2025,560.0,br,chrome,youtube,expansao_e,2025-12-11 21:07:47,,,,,,,,,,,,,,
Google Suggest,sugestao,bitcoin,bitcoin edit,559.0,br,chrome,youtube,expansao_e,2025-12-11 21:07:47,,,,,,,,,,,,,,
Google Suggest,sugestao,bitcoin,bitcoin explicação,558.0,br,chrome,youtube,expansao_e,2025-12-11 21:07:47,,,,,,,,,,,,,,
Google Suggest,sugestao,bitcoin,bitcoin em 2030,557.0,br,chrome,youtube,expansao_e,2025-12-11 21:07:47,,,,,,,,,,,,,,
Google Suggest,sugestao,bitcoin,bitcoin e criptomoedas,556.0,br,chrome,youtube,expansao_e,2025-12-11 21:07:47,,,,,,,,,,,,,,
Google Suggest,sugestao,bitcoin,bitcoin em alta,555.0,br,chrome,youtube,expansao_e,2025-12-11 21:07:47,,,,,,,,,,,,,,
Google Suggest,sugestao,bitcoin,bitcoin esta caindo,554.0,br,chrome,youtube,expansao_e,2025-12-11 21:07:47,,,,,,,,,,,,,,
Google Suggest,sugestao,bitcoin,bitcoin economista sincero,553.0,br,chrome,youtube,expansao_e,2025-12-11 21:07:47,,,,,,,,,,,,,,
Google Suggest,sugestao,bitcoin,bitcoin e os pobres,552.0,br,chrome,youtube,expansao_e,2025-12-11 21:07:47,,,,,,,,,,,,,,
Google Suggest,sugestao,bitcoin,bitcoin etf,551.0,br,chrome,youtube,expansao_e,2025-12-11 21:07:47,,,,,,,,,,,,,,
Google Suggest,sugestao,bitcoin,bitcoin explained,550.0,br,chrome,youtube,expansao_e,2025-12-11 21:07:47,,,,,,,,,,,,,,
Google Suggest,sugestao,bitcoin,bitcoin futuro,1250.0,br,chrome,youtube,expansao_f,2025-12-11 21:07:47,,,,,,,,,,,,,,
Google Suggest,sugestao,bitcoin,bitcoin fisico,1000.0,br,chrome,youtube,expansao_f,2025-12-11 21:07:47,,,,,,,,,,,,,,
Google Suggest,sugestao,bitcoin,bitcoin futuro na b3,800.0,br,chrome,youtube,expansao_f,2025-12-11 21:07:47,,,,,,,,,,,,,,
Google Suggest,sugestao,bitcoin,bitcoin fernando ulrich,601.0,br,chrome,youtube,expansao_f,2025-12-11 21:07:47,,,,,,,,,,,,,,
Google Suggest,sugestao,bitcoin,bitcoin funk,600.0,br,chrome,youtube,expansao_f,2025-12-11 21:07:47,,,,,,,,,,,,,,
Google Suggest,sugestao,bitcoin,bitcoin farm,559.0,br,chrome,youtube,expansao_f,2025-12-11 21:07:47,,,,,,,,,,,,,,
Google Suggest,sugestao,bitcoin,bitcoin fisico trato feito,558.0,br,chrome,youtube,expansao_f,2025-12-11 21:07:47,,,,,,,,,,,,,,
Google Suggest,sugestao,bitcoin,bitcoin for all,557.0,br,chrome,youtube,expansao_f,2025-12-11 21:07:47,,,,,,,,,,,,,,
Google Suggest,sugestao,bitcoin,bitcoin fed,556.0,br,chrome,youtube,expansao_f,2025-12-11 21:07:47,,,,,,,,,,,,,,
Google Suggest,sugestao,bitcoin,bitcoin fausto botelho,555.0,br,chrome,youtube,expansao_f,2025-12-11 21:07:47,,,,,,,,,,,,,,
Google Suggest,sugestao,bitcoin,bitcoin filme,554.0,br,chrome,youtube,expansao_f,2025-12-11 21:07:47,,,,,,,,,,,,,,
Google Suggest,sugestao,bitcoin,bitcoin faucet,553.0,br,chrome,youtube,expansao_f,2025-12-11 21:07:47,,,,,,,,,,,,,,
Google Suggest,sugestao,bitcoin,bitcoin fraude,552.0,br,chrome,youtube,expansao_f,2025-12-11 21:07:47,,,,,,,,,,,,,,
Google Suggest,sugestao,bitcoin,bitcoin finclass,551.0,br,chrome,youtube,expansao_f,2025-12-11 21:07:47,,,,,,,,,,,,,,
Google Suggest,sugestao,bitcoin,bitcoin free,550.0,br,chrome,youtube,expansao_f,2025-12-11 21:07:47,,,,,,,,,,,,,,
Google Suggest,sugestao,bitcoin,bitcoin gemeos investem,1250.0,br,chrome,youtube,expansao_g,2025-12-11 21:07:47,,,,,,,,,,,,,,
Google Suggest,sugestao,bitcoin,bitcoin gratis,1101.0,br,chrome,youtube,expansao_g,2025-12-11 21:07:47,,,,,,,,,,,,,,
Google Suggest,sugestao,bitcoin,bitcoin gpt bot,1100.0,br,chrome,youtube,expansao_g,2025-12-11 21:07:47,,,,,,,,,,,,,,
Google Suggest,sugestao,bitcoin,bitcoin geração dividendos,750.0,br,chrome,youtube,expansao_g,2025-12-11 21:07:47,,,,,,,,,,,,,,
Google Suggest,sugestao,bitcoin,bitcoin grafico,601.0,br,chrome,youtube,expansao_g,2025-12-11 21:07:47,,,,,,,,,,,,,,
Google Suggest,sugestao,bitcoin,bitcoin guerra,600.0,br,chrome,youtube,expansao_g,2025-12-11 21:07:47,,,,,,,,,,,,,,
Google Suggest,sugestao,bitcoin,bitcoin game,558.0,br,chrome,youtube,expansao_g,2025-12-11 21:07:47,,,,,,,,,,,,,,
Google Suggest,sugestao,bitcoin,bitcoin gold,557.0,br,chrome,youtube,expansao_g,2025-12-11 21:07:47,,,,,,,,,,,,,,
Google Suggest,sugestao,bitcoin,bitcoin gemeos,556.0,br,chrome,youtube,expansao_g,2025-12-11 21:07:47,,,,,,,,,,,,,,
Google Suggest,sugestao,bitcoin,bitcoin guilherme,555.0,br,chrome,youtube,expansao_g,2025-12-11 21:07:47,,,,,,,,,,,,,,
Google Suggest,sugestao,bitcoin,bitcoin gratis 2025,554.0,br,chrome,youtube,expansao_g,2025-12-11 21:07:47,,,,,,,,,,,,,,
Google Suggest,sugestao,bitcoin,bitcoin governo,553.0,br,chrome,youtube,expansao_g,2025-12-11 21:07:47,,,,,,,,,,,,,,
Google Suggest,sugestao,bitcoin,bitcoin ganhar dinheiro,552.0,br,chrome,youtube,expansao_g,2025-12-11 21:07:47,,,,,,,,,,,,,,
Google Suggest,sugestao,bitcoin,bitcoin guia,551.0,br,chrome,youtube,expansao_g,2025-12-11 21:07:47,,,,,,,,,,,,,,
Google Suggest,sugestao,bitcoin,bitcoin green screen,550.0,br,chrome,youtube,expansao_g,2025-12-11 21:07:47,,,,,,,,,,,,,,
Google Suggest,sugestao,bitcoin,bitcoin hoje,1250.0,br,chrome,youtube,expansao_h,2025-12-11 21:07:47,,,,,,,,,,,,,,
Google Suggest,sugestao,bitcoin,bitcoin hyper,601.0,br,chrome,youtube,expansao_h,2025-12-11 21:07:47,,,,,,,,,,,,,,
Google Suggest,sugestao,bitcoin,bitcoin hoje ao vivo,600.0,br,chrome,youtube,expansao_h,2025-12-11 21:07:47,,,,,,,,,,,,,,
Google Suggest,sugestao,bitcoin,bitcoin hj,561.0,br,chrome,youtube,expansao_h,2025-12-11 21:07:47,,,,,,,,,,,,,,
Google Suggest,sugestao,bitcoin,bitcoin historia,560.0,br,chrome,youtube,expansao_h,2025-12-11 21:07:47,,,,,,,,,,,,,,
Google Suggest,sugestao,bitcoin,bitcoin hyper layer 2,559.0,br,chrome,youtube,expansao_h,2025-12-11 21:07:47,,,,,,,,,,,,,,
Google Suggest,sugestao,bitcoin,bitcoin hoje vale a pena,558.0,br,chrome,youtube,expansao_h,2025-12-11 21:07:47,,,,,,,,,,,,,,
Google Suggest,sugestao,bitcoin,bitcoin hora de comprar,557.0,br,chrome,youtube,expansao_h,2025-12-11 21:07:47,,,,,,,,,,,,,,
Google Suggest,sugestao,bitcoin,bitcoin hoje augusto backes,556.0,br,chrome,youtube,expansao_h,2025-12-11 21:07:47,,,,,,,,,,,,,,
Google Suggest,sugestao,bitcoin,bitcoin hackeado,555.0,br,chrome,youtube,expansao_h,2025-12-11 21:07:47,,,,,,,,,,,,,,
Google Suggest,sugestao,bitcoin,bitcoin hoje criptomaniacos,554.0,br,chrome,youtube,expansao_h,2025-12-11 21:07:47,,,,,,,,,,,,,,
Google Suggest,sugestao,bitcoin,bitcoin halving,553.0,br,chrome,youtube,expansao_h,2025-12-11 21:07:47,,,,,,,,,,,,,,
Google Suggest,sugestao,bitcoin,bitcoin holder,552.0,br,chrome,youtube,expansao_h,2025-12-11 21:07:47,,,,,,,,,,,,,,
Google Suggest,sugestao,bitcoin,bitcoin history,551.0,br,chrome,youtube,expansao_h,2025-12-11 21:07:47,,,,,,,,,,,,,,
Google Suggest,sugestao,bitcoin,bitcoin hora de vender,550.0,br,chrome,youtube,expansao_h,2025-12-11 21:07:47,,,,,,,,,,,,,,
Google Suggest,sugestao,bitcoin,bitcoin iniciante,1250.0,br,chrome,youtube,expansao_i,2025-12-11 21:07:47,,,,,,,,,,,,,,
Google Suggest,sugestao,bitcoin,bitcoin investidor sardinha,850.0,br,chrome,youtube,expansao_i,2025-12-11 21:07:47,,,,,,,,,,,,,,
Google Suggest,sugestao,bitcoin,bitcoin investimento,703.0,br,chrome,youtube,expansao_i,2025-12-11 21:07:47,,,,,,,,,,,,,,
Google Suggest,sugestao,bitcoin,bitcoin inter,702.0,br,chrome,youtube,expansao_i,2025-12-11 21:07:47,,,,,,,,,,,,,,
Google Suggest,sugestao,bitcoin,bitcoin imposto,701.0,br,chrome,youtube,expansao_i,2025-12-11 21:07:47,,,,,,,,,,,,,,
Google Suggest,sugestao,bitcoin,bitcoin itau,700.0,br,chrome,youtube,expansao_i,2025-12-11 21:07:47,,,,,,,,,,,,,,
Google Suggest,sugestao,bitcoin,bitcoin investidor moderno,602.0,br,chrome,youtube,expansao_i,2025-12-11 21:07:47,,,,,,,,,,,,,,
Google Suggest,sugestao,bitcoin,bitcoin imposto de renda,601.0,br,chrome,youtube,expansao_i,2025-12-11 21:07:47,,,,,,,,,,,,,,
Google Suggest,sugestao,bitcoin,bitcoin irrastreavel,600.0,br,chrome,youtube,expansao_i,2025-12-11 21:07:47,,,,,,,,,,,,,,
Google Suggest,sugestao,bitcoin,bitcoin investidor 420,555.0,br,chrome,youtube,expansao_i,2025-12-11 21:07:47,,,,,,,,,,,,,,
Google Suggest,sugestao,bitcoin,bitcoin investimento sem ko,554.0,br,chrome,youtube,expansao_i,2025-12-11 21:07:47,,,,,,,,,,,,,,
Google Suggest,sugestao,bitcoin,bitcoin ai,553.0,br,chrome,youtube,expansao_i,2025-12-11 21:07:47,,,,,,,,,,,,,,
Google Suggest,sugestao,bitcoin,bitcoin inicio,552.0,br,chrome,youtube,expansao_i,2025-12-11 21:07:47,,,,,,,,,,,,,,
Google Suggest,sugestao,bitcoin,bitcoin investment,551.0,br,chrome,youtube,expansao_i,2025-12-11 21:07:47,,,,,,,,,,,,,,
Google Suggest,sugestao,bitcoin,bitcoin ion itau,550.0,br,chrome,youtube,expansao_i,2025-12-11 21:07:47,,,,,,,,,,,,,,
Google Suggest,sugestao,bitcoin,bitcoin jogando,1250.0,br,chrome,youtube,expansao_j,2025-12-11 21:07:47,,,,,,,,,,,,,,
Google Suggest,sugestao,bitcoin,bitcoin jogando jogo de terror,1200.0,br,chrome,youtube,expansao_j,2025-12-11 21:07:47,,,,,,,,,,,,,,
Google Suggest,sugestao,bitcoin,bitcoin joao,850.0,br,chrome,youtube,expansao_j,2025-12-11 21:07:47,,,,,,,,,,,,,,
Google Suggest,sugestao,bitcoin,bitcoin jogando roblox,650.0,br,chrome,youtube,expansao_j,2025-12-11 21:07:47,,,,,,,,,,,,,,
Google Suggest,sugestao,bitcoin,bitcoin jogando free fire,601.0,br,chrome,youtube,expansao_j,2025-12-11 21:07:47,,,,,,,,,,,,,,
Google Suggest,sugestao,bitcoin,bitcoin ja era,600.0,br,chrome,youtube,expansao_j,2025-12-11 21:07:47,,,,,,,,,,,,,,
Google Suggest,sugestao,bitcoin,bitcoin joao campos,558.0,br,chrome,youtube,expansao_j,2025-12-11 21:07:47,,,,,,,,,,,,,,
Google Suggest,sugestao,bitcoin,bitcoin jogando granny,557.0,br,chrome,youtube,expansao_j,2025-12-11 21:07:47,,,,,,,,,,,,,,
Google Suggest,sugestao,bitcoin,bitcoin julho 2025,556.0,br,chrome,youtube,expansao_j,2025-12-11 21:07:47,,,,,,,,,,,,,,
Google Suggest,sugestao,bitcoin,bitcoin julio lobo,555.0,br,chrome,youtube,expansao_j,2025-12-11 21:07:47,,,,,,,,,,,,,,
Google Suggest,sugestao,bitcoin,bitcoin jesus,554.0,br,chrome,youtube,expansao_j,2025-12-11 21:07:47,,,,,,,,,,,,,,
Google Suggest,sugestao,bitcoin,bitcoin josekobori,553.0,br,chrome,youtube,expansao_j,2025-12-11 21:07:47,,,,,,,,,,,,,,
Google Suggest,sugestao,bitcoin,bitcoin jogando fnaf,552.0,br,chrome,youtube,expansao_j,2025-12-11 21:07:47,,,,,,,,,,,,,,
Google Suggest,sugestao,bitcoin,bitcoin hoje,551.0,br,chrome,youtube,expansao_j,2025-12-11 21:07:47,,,,,,,,,,,,,,
Google Suggest,sugestao,bitcoin,bitcoin julho,550.0,br,chrome,youtube,expansao_j,2025-12-11 21:07:47,,,,,,,,,,,,,,
Google Suggest,sugestao,bitcoin,bitcoin knots,1251.0,br,chrome,youtube,expansao_k,2025-12-11 21:07:47,,,,,,,,,,,,,,
Google Suggest,sugestao,bitcoin,bitcoin kanhoto,1250.0,br,chrome,youtube,expansao_k,2025-12-11 21:07:47,,,,,,,,,,,,,,
Google Suggest,sugestao,bitcoin,bitcoin kyc,1051.0,br,chrome,youtube,expansao_k,2025-12-11 21:07:47,,,,,,,,,,,,,,
Google Suggest,sugestao,bitcoin,bitcoin kobori,1050.0,br,chrome,youtube,expansao_k,2025-12-11 21:07:47,,,,,,,,,,,,,,
Google Suggest,sugestao,bitcoin,bitcoin knots vs bitcoin core,602.0,br,chrome,youtube,expansao_k,2025-12-11 21:07:47,,,,,,,,,,,,,,
Google Suggest,sugestao,bitcoin,bitcoin kali linux,601.0,br,chrome,youtube,expansao_k,2025-12-11 21:07:47,,,,,,,,,,,,,,
Google Suggest,sugestao,bitcoin,bitcoin ko,600.0,br,chrome,youtube,expansao_k,2025-12-11 21:07:47,,,,,,,,,,,,,,
Google Suggest,sugestao,bitcoin,bitcoin krux,557.0,br,chrome,youtube,expansao_k,2025-12-11 21:07:47,,,,,,,,,,,,,,
Google Suggest,sugestao,bitcoin,bitcoin korea,556.0,br,chrome,youtube,expansao_k,2025-12-11 21:07:47,,,,,,,,,,,,,,
Google Suggest,sugestao,bitcoin,bitcoin katie,555.0,br,chrome,youtube,expansao_k,2025-12-11 21:07:47,,,,,,,,,,,,,,
Google Suggest,sugestao,bitcoin,bitcoin key hunter,554.0,br,chrome,youtube,expansao_k,2025-12-11 21:07:47,,,,,,,,,,,,,,
Google Suggest,sugestao,bitcoin,bitcoin knot,553.0,br,chrome,youtube,expansao_k,2025-12-11 21:07:47,,,,,,,,,,,,,,
Google Suggest,sugestao,bitcoin,bitcoin king,552.0,br,chrome,youtube,expansao_k,2025-12-11 21:07:47,,,,,,,,,,,,,,
Google Suggest,sugestao,bitcoin,bitcoin kaufen frankfurt,551.0,br,chrome,youtube,expansao_k,2025-12-11 21:07:47,,,,,,,,,,,,,,
Google Suggest,sugestao,bitcoin,bitcoin live,550.0,br,chrome,youtube,expansao_k,2025-12-11 21:07:47,,,,,,,,,,,,,,
Google Suggest,sugestao,bitcoin,bitcoin live,1250.0,br,chrome,youtube,expansao_l,2025-12-11 21:07:47,,,,,,,,,,,,,,
Google Suggest,sugestao,bitcoin,bitcoin lightning,601.0,br,chrome,youtube,expansao_l,2025-12-11 21:07:47,,,,,,,,,,,,,,
Google Suggest,sugestao,bitcoin,bitcoin lucas,600.0,br,chrome,youtube,expansao_l,2025-12-11 21:07:47,,,,,,,,,,,,,,
Google Suggest,sugestao,bitcoin,bitcoin luanfx,561.0,br,chrome,youtube,expansao_l,2025-12-11 21:07:47,,,,,,,,,,,,,,
Google Suggest,sugestao,bitcoin,bitcoin lobo cripto,560.0,br,chrome,youtube,expansao_l,2025-12-11 21:07:47,,,,,,,,,,,,,,
Google Suggest,sugestao,bitcoin,bitcoin longo prazo,559.0,br,chrome,youtube,expansao_l,2025-12-11 21:07:47,,,,,,,,,,,,,,
Google Suggest,sugestao,bitcoin,bitcoin liberdade,558.0,br,chrome,youtube,expansao_l,2025-12-11 21:07:47,,,,,,,,,,,,,,
Google Suggest,sugestao,bitcoin,bitcoin liquid,557.0,br,chrome,youtube,expansao_l,2025-12-11 21:07:47,,,,,,,,,,,,,,
Google Suggest,sugestao,bitcoin,bitcoin liga crypto,556.0,br,chrome,youtube,expansao_l,2025-12-11 21:07:47,,,,,,,,,,,,,,
Google Suggest,sugestao,bitcoin,bitcoin lightning network,555.0,br,chrome,youtube,expansao_l,2025-12-11 21:07:47,,,,,,,,,,,,,,
Google Suggest,sugestao,bitcoin,bitcoin login,554.0,br,chrome,youtube,expansao_l,2025-12-11 21:07:47,,,,,,,,,,,,,,
Google Suggest,sugestao,bitcoin,bitcoin live signal,553.0,br,chrome,youtube,expansao_l,2025-12-11 21:07:47,,,,,,,,,,,,,,
Google Suggest,sugestao,bitcoin,bitcoin liberty,552.0,br,chrome,youtube,expansao_l,2025-12-11 21:07:47,,,,,,,,,,,,,,
Google Suggest,sugestao,bitcoin,bitcoin live price,551.0,br,chrome,youtube,expansao_l,2025-12-11 21:07:47,,,,,,,,,,,,,,
Google Suggest,sugestao,bitcoin,bitcoin l de liberdade,550.0,br,chrome,youtube,expansao_l,2025-12-11 21:07:47,,,,,,,,,,,,,,
Google Suggest,sugestao,bitcoin,bitcoin miner,1250.0,br,chrome,youtube,expansao_m,2025-12-11 21:07:47,,,,,,,,,,,,,,
Google Suggest,sugestao,bitcoin,bitcoin mining,851.0,br,chrome,youtube,expansao_m,2025-12-11 21:07:47,,,,,,,,,,,,,,
Google Suggest,sugestao,bitcoin,bitcoin mc kanhoto,850.0,br,chrome,youtube,expansao_m,2025-12-11 21:07:47,,,,,,,,,,,,,,
Google Suggest,sugestao,bitcoin,bitcoin mercado pago,800.0,br,chrome,youtube,expansao_m,2025-12-11 21:07:47,,,,,,,,,,,,,,
Google Suggest,sugestao,bitcoin,bitcoin miner app,601.0,br,chrome,youtube,expansao_m,2025-12-11 21:07:47,,,,,,,,,,,,,,
Google Suggest,sugestao,bitcoin,bitcoin manual do mundo,600.0,br,chrome,youtube,expansao_m,2025-12-11 21:07:47,,,,,,,,,,,,,,
Google Suggest,sugestao,bitcoin,bitcoin miner como sacar,558.0,br,chrome,youtube,expansao_m,2025-12-11 21:07:47,,,,,,,,,,,,,,
Google Suggest,sugestao,bitcoin,bitcoin mining como sacar,557.0,br,chrome,youtube,expansao_m,2025-12-11 21:07:47,,,,,,,,,,,,,,
Google Suggest,sugestao,bitcoin,bitcoin miner roblox,556.0,br,chrome,youtube,expansao_m,2025-12-11 21:07:47,,,,,,,,,,,,,,
Google Suggest,sugestao,bitcoin,bitcoin meme,555.0,br,chrome,youtube,expansao_m,2025-12-11 21:07:47,,,,,,,,,,,,,,
Google Suggest,sugestao,bitcoin,bitcoin mc ph,554.0,br,chrome,youtube,expansao_m,2025-12-11 21:07:47,,,,,,,,,,,,,,
Google Suggest,sugestao,bitcoin,bitcoin mercado pago vale a pena,553.0,br,chrome,youtube,expansao_m,2025-12-11 21:07:47,,,,,,,,,,,,,,
Google Suggest,sugestao,bitcoin,bitcoin mineração,552.0,br,chrome,youtube,expansao_m,2025-12-11 21:07:47,,,,,,,,,,,,,,
Google Suggest,sugestao,bitcoin,bitcoin mining crypto miner app,551.0,br,chrome,youtube,expansao_m,2025-12-11 21:07:47,,,,,,,,,,,,,,
Google Suggest,sugestao,bitcoin,bitcoin moeda,550.0,br,chrome,youtube,expansao_m,2025-12-11 21:07:47,,,,,,,,,,,,,,
Google Suggest,sugestao,bitcoin,bitcoin nubank,1250.0,br,chrome,youtube,expansao_n,2025-12-11 21:07:47,,,,,,,,,,,,,,
Google Suggest,sugestao,bitcoin,bitcoin now,601.0,br,chrome,youtube,expansao_n,2025-12-11 21:07:47,,,,,,,,,,,,,,
Google Suggest,sugestao,bitcoin,bitcoin no mercado pago,600.0,br,chrome,youtube,expansao_n,2025-12-11 21:07:47,,,,,,,,,,,,,,
Google Suggest,sugestao,bitcoin,bitcoin na binance,561.0,br,chrome,youtube,expansao_n,2025-12-11 21:07:47,,,,,,,,,,,,,,
Google Suggest,sugestao,bitcoin,bitcoin no picpay,560.0,br,chrome,youtube,expansao_n,2025-12-11 21:07:47,,,,,,,,,,,,,,
Google Suggest,sugestao,bitcoin,bitcoin news,559.0,br,chrome,youtube,expansao_n,2025-12-11 21:07:47,,,,,,,,,,,,,,
Google Suggest,sugestao,bitcoin,bitcoin noticias,558.0,br,chrome,youtube,expansao_n,2025-12-11 21:07:47,,,,,,,,,,,,,,
Google Suggest,sugestao,bitcoin,bitcoin now tv,557.0,br,chrome,youtube,expansao_n,2025-12-11 21:07:47,,,,,,,,,,,,,,
Google Suggest,sugestao,bitcoin,bitcoin na b3,556.0,br,chrome,youtube,expansao_n,2025-12-11 21:07:47,,,,,,,,,,,,,,
Google Suggest,sugestao,bitcoin,bitcoin no pendrive,555.0,br,chrome,youtube,expansao_n,2025-12-11 21:07:47,,,,,,,,,,,,,,
Google Suggest,sugestao,bitcoin,bitcoin no inter,554.0,br,chrome,youtube,expansao_n,2025-12-11 21:07:47,,,,,,,,,,,,,,
Google Suggest,sugestao,bitcoin,bitcoin na nubank vale a pena,553.0,br,chrome,youtube,expansao_n,2025-12-11 21:07:47,,,,,,,,,,,,,,
Google Suggest,sugestao,bitcoin,bitcoin na rico,552.0,br,chrome,youtube,expansao_n,2025-12-11 21:07:47,,,,,,,,,,,,,,
Google Suggest,sugestao,bitcoin,bitcoin no futuro,551.0,br,chrome,youtube,expansao_n,2025-12-11 21:07:47,,,,,,,,,,,,,,
Google Suggest,sugestao,bitcoin,bitcoin no banco inter,550.0,br,chrome,youtube,expansao_n,2025-12-11 21:07:47,,,,,,,,,,,,,,
Google Suggest,sugestao,bitcoin,bitcoin o que é,1250.0,br,chrome,youtube,expansao_o,2025-12-11 21:07:47,,,,,,,,,,,,,,
Google Suggest,sugestao,bitcoin,bitcoin onde comprar,801.0,br,chrome,youtube,expansao_o,2025-12-11 21:07:47,,,,,,,,,,,,,,
Google Suggest,sugestao,bitcoin,bitcoin ou ethereum,800.0,br,chrome,youtube,expansao_o,2025-12-11 21:07:47,,,,,,,,,,,,,,
Google Suggest,sugestao,bitcoin,bitcoin ou ações,601.0,br,chrome,youtube,expansao_o,2025-12-11 21:07:47,,,,,,,,,,,,,,
Google Suggest,sugestao,bitcoin,bitcoin offline,600.0,br,chrome,youtube,expansao_o,2025-12-11 21:07:47,,,,,,,,,,,,,,
Google Suggest,sugestao,bitcoin,bitcoin ou etf de bitcoin,559.0,br,chrome,youtube,expansao_o,2025-12-11 21:07:47,,,,,,,,,,,,,,
Google Suggest,sugestao,bitcoin,bitcoin os socios,558.0,br,chrome,youtube,expansao_o,2025-12-11 21:07:47,,,,,,,,,,,,,,
Google Suggest,sugestao,bitcoin,bitcoin onde investir,557.0,br,chrome,youtube,expansao_o,2025-12-11 21:07:47,,,,,,,,,,,,,,
Google Suggest,sugestao,bitcoin,bitcoin orlando,556.0,br,chrome,youtube,expansao_o,2025-12-11 21:07:47,,,,,,,,,,,,,,
Google Suggest,sugestao,bitcoin,bitcoin ou fundos imobiliarios,555.0,br,chrome,youtube,expansao_o,2025-12-11 21:07:47,,,,,,,,,,,,,,
Google Suggest,sugestao,bitcoin,bitcoin ou criptomoedas,554.0,br,chrome,youtube,expansao_o,2025-12-11 21:07:47,,,,,,,,,,,,,,
Google Suggest,sugestao,bitcoin,bitcoin ou ouro,553.0,br,chrome,youtube,expansao_o,2025-12-11 21:07:47,,,,,,,,,,,,,,
Google Suggest,sugestao,bitcoin,bitcoin o fim do dinheiro como conhecemos,552.0,br,chrome,youtube,expansao_o,2025-12-11 21:07:47,,,,,,,,,,,,,,
Google Suggest,sugestao,bitcoin,bitcoin ouro,551.0,br,chrome,youtube,expansao_o,2025-12-11 21:07:47,,,,,,,,,,,,,,
Google Suggest,sugestao,bitcoin,bitcoin ou renda fixa,550.0,br,chrome,youtube,expansao_o,2025-12-11 21:07:47,,,,,,,,,,,,,,
Google Suggest,sugestao,bitcoin,bitcoin primo pobre,1000.0,br,chrome,youtube,expansao_p,2025-12-11 21:07:47,,,,,,,,,,,,,,
Google Suggest,sugestao,bitcoin,bitcoin para iniciantes,750.0,br,chrome,youtube,expansao_p,2025-12-11 21:07:47,,,,,,,,,,,,,,
Google Suggest,sugestao,bitcoin,bitcoin picpay,650.0,br,chrome,youtube,expansao_p,2025-12-11 21:07:47,,,,,,,,,,,,,,
Google Suggest,sugestao,bitcoin,bitcoin podcast,601.0,br,chrome,youtube,expansao_p,2025-12-11 21:07:47,,,,,,,,,,,,,,
Google Suggest,sugestao,bitcoin,bitcoin pelo nubank,600.0,br,chrome,youtube,expansao_p,2025-12-11 21:07:47,,,,,,,,,,,,,,
Google Suggest,sugestao,bitcoin,bitcoin p2p,559.0,br,chrome,youtube,expansao_p,2025-12-11 21:07:47,,,,,,,,,,,,,,
Google Suggest,sugestao,bitcoin,bitcoin primo rico,558.0,br,chrome,youtube,expansao_p,2025-12-11 21:07:47,,,,,,,,,,,,,,
Google Suggest,sugestao,bitcoin,bitcoin perini,557.0,br,chrome,youtube,expansao_p,2025-12-11 21:07:47,,,,,,,,,,,,,,
Google Suggest,sugestao,bitcoin,bitcoin piramide,556.0,br,chrome,youtube,expansao_p,2025-12-11 21:07:47,,,,,,,,,,,,,,
Google Suggest,sugestao,bitcoin,bitcoin pendrive,555.0,br,chrome,youtube,expansao_p,2025-12-11 21:07:47,,,,,,,,,,,,,,
Google Suggest,sugestao,bitcoin,bitcoin pelo mercado pago,554.0,br,chrome,youtube,expansao_p,2025-12-11 21:07:47,,,,,,,,,,,,,,
Google Suggest,sugestao,bitcoin,bitcoin puzzle,553.0,br,chrome,youtube,expansao_p,2025-12-11 21:07:47,,,,,,,,,,,,,,
Google Suggest,sugestao,bitcoin,bitcoin price,552.0,br,chrome,youtube,expansao_p,2025-12-11 21:07:47,,,,,,,,,,,,,,
Google Suggest,sugestao,bitcoin,bitcoin para leigos,551.0,br,chrome,youtube,expansao_p,2025-12-11 21:07:47,,,,,,,,,,,,,,
Google Suggest,sugestao,bitcoin,bitcoin previsão,550.0,br,chrome,youtube,expansao_p,2025-12-11 21:07:47,,,,,,,,,,,,,,
Google Suggest,sugestao,bitcoin,bitcoin queda,1250.0,br,chrome,youtube,expansao_q,2025-12-11 21:07:47,,,,,,,,,,,,,,
Google Suggest,sugestao,bitcoin,bitcoin queda hoje,750.0,br,chrome,youtube,expansao_q,2025-12-11 21:07:47,,,,,,,,,,,,,,
Google Suggest,sugestao,bitcoin,bitcoin quando comprar,650.0,br,chrome,youtube,expansao_q,2025-12-11 21:07:47,,,,,,,,,,,,,,
Google Suggest,sugestao,bitcoin,bitcoin quando comprar e vender,602.0,br,chrome,youtube,expansao_q,2025-12-11 21:07:47,,,,,,,,,,,,,,
Google Suggest,sugestao,bitcoin,bitcoin queda livre,601.0,br,chrome,youtube,expansao_q,2025-12-11 21:07:47,,,,,,,,,,,,,,
Google Suggest,sugestao,bitcoin,bitcoin quantfury,600.0,br,chrome,youtube,expansao_q,2025-12-11 21:07:47,,,,,,,,,,,,,,
Google Suggest,sugestao,bitcoin,bitcoin quem criou,558.0,br,chrome,youtube,expansao_q,2025-12-11 21:07:47,,,,,,,,,,,,,,
Google Suggest,sugestao,bitcoin,bitcoin quando vender,557.0,br,chrome,youtube,expansao_q,2025-12-11 21:07:47,,,,,,,,,,,,,,
Google Suggest,sugestao,bitcoin,bitcoin quanto rende,556.0,br,chrome,youtube,expansao_q,2025-12-11 21:07:47,,,,,,,,,,,,,,
Google Suggest,sugestao,bitcoin,bitcoin quantico,555.0,br,chrome,youtube,expansao_q,2025-12-11 21:07:47,,,,,,,,,,,,,,
Google Suggest,sugestao,bitcoin,bitcoin quantum,554.0,br,chrome,youtube,expansao_q,2025-12-11 21:07:47,,,,,,,,,,,,,,
Google Suggest,sugestao,bitcoin,bitcoin quebrou,553.0,br,chrome,youtube,expansao_q,2025-12-11 21:07:47,,,,,,,,,,,,,,
Google Suggest,sugestao,bitcoin,bitcoin quantum computing threat,552.0,br,chrome,youtube,expansao_q,2025-12-11 21:07:47,,,,,,,,,,,,,,
Google Suggest,sugestao,bitcoin,bitcoin quanto vale,551.0,br,chrome,youtube,expansao_q,2025-12-11 21:07:47,,,,,,,,,,,,,,
Google Suggest,sugestao,bitcoin,bitcoin qt,550.0,br,chrome,youtube,expansao_q,2025-12-11 21:07:47,,,,,,,,,,,,,,
Google Suggest,sugestao,bitcoin,bitcoin renato,651.0,br,chrome,youtube,expansao_r,2025-12-11 21:07:47,,,,,,,,,,,,,,
Google Suggest,sugestao,bitcoin,bitcoin renato trezoitao,650.0,br,chrome,youtube,expansao_r,2025-12-11 21:07:47,,,,,,,,,,,,,,
Google Suggest,sugestao,bitcoin,bitcoin renato ulianov,601.0,br,chrome,youtube,expansao_r,2025-12-11 21:07:47,,,,,,,,,,,,,,
Google Suggest,sugestao,bitcoin,bitcoin renato 38,600.0,br,chrome,youtube,expansao_r,2025-12-11 21:07:47,,,,,,,,,,,,,,
Google Suggest,sugestao,bitcoin,bitcoin raul sena,560.0,br,chrome,youtube,expansao_r,2025-12-11 21:07:47,,,,,,,,,,,,,,
Google Suggest,sugestao,bitcoin,bitcoin reserva de valor,559.0,br,chrome,youtube,expansao_r,2025-12-11 21:07:47,,,,,,,,,,,,,,
Google Suggest,sugestao,bitcoin,bitcoin renato amoedo,558.0,br,chrome,youtube,expansao_r,2025-12-11 21:07:47,,,,,,,,,,,,,,
Google Suggest,sugestao,bitcoin,bitcoin roblox,557.0,br,chrome,youtube,expansao_r,2025-12-11 21:07:47,,,,,,,,,,,,,,
Google Suggest,sugestao,bitcoin,bitcoin rico,556.0,br,chrome,youtube,expansao_r,2025-12-11 21:07:47,,,,,,,,,,,,,,
Google Suggest,sugestao,bitcoin,bitcoin renato trezoitao curso,555.0,br,chrome,youtube,expansao_r,2025-12-11 21:07:47,,,,,,,,,,,,,,
Google Suggest,sugestao,bitcoin,bitcoin raiam santos,554.0,br,chrome,youtube,expansao_r,2025-12-11 21:07:47,,,,,,,,,,,,,,
Google Suggest,sugestao,bitcoin,bitcoin receita federal,553.0,br,chrome,youtube,expansao_r,2025-12-11 21:07:47,,,,,,,,,,,,,,
Google Suggest,sugestao,bitcoin,bitcoin rolante,552.0,br,chrome,youtube,expansao_r,2025-12-11 21:07:47,,,,,,,,,,,,,,
Google Suggest,sugestao,bitcoin,bitcoin renda passiva,551.0,br,chrome,youtube,expansao_r,2025-12-11 21:07:47,,,,,,,,,,,,,,
Google Suggest,sugestao,bitcoin,bitcoin rap,550.0,br,chrome,youtube,expansao_r,2025-12-11 21:07:47,,,,,,,,,,,,,,
Google Suggest,sugestao,bitcoin,bitcoin sem kyc,1150.0,br,chrome,youtube,expansao_s,2025-12-11 21:07:47,,,,,,,,,,,,,,
Google Suggest,sugestao,bitcoin,bitcoin subindo,850.0,br,chrome,youtube,expansao_s,2025-12-11 21:07:47,,,,,,,,,,,,,,
Google Suggest,sugestao,bitcoin,bitcoin sobrevivencialismo,700.0,br,chrome,youtube,expansao_s,2025-12-11 21:07:47,,,,,,,,,,,,,,
Google Suggest,sugestao,bitcoin,bitcoin sem corretora,601.0,br,chrome,youtube,expansao_s,2025-12-11 21:07:47,,,,,,,,,,,,,,
Google Suggest,sugestao,bitcoin,bitcoin sardinha,600.0,br,chrome,youtube,expansao_s,2025-12-11 21:07:47,,,,,,,,,,,,,,
Google Suggest,sugestao,bitcoin,bitcoin stormer,559.0,br,chrome,youtube,expansao_s,2025-12-11 21:07:47,,,,,,,,,,,,,,
Google Suggest,sugestao,bitcoin,bitcoin super xandão,558.0,br,chrome,youtube,expansao_s,2025-12-11 21:07:47,,,,,,,,,,,,,,
Google Suggest,sugestao,bitcoin,bitcoin sem ko,557.0,br,chrome,youtube,expansao_s,2025-12-11 21:07:47,,,,,,,,,,,,,,
Google Suggest,sugestao,bitcoin,bitcoin satoshi,556.0,br,chrome,youtube,expansao_s,2025-12-11 21:07:47,,,,,,,,,,,,,,
Google Suggest,sugestao,bitcoin,bitcoin seja louvado,555.0,br,chrome,youtube,expansao_s,2025-12-11 21:07:47,,,,,,,,,,,,,,
Google Suggest,sugestao,bitcoin,bitcoin subindo hoje,554.0,br,chrome,youtube,expansao_s,2025-12-11 21:07:47,,,,,,,,,,,,,,
Google Suggest,sugestao,bitcoin,bitcoin song,553.0,br,chrome,youtube,expansao_s,2025-12-11 21:07:47,,,,,,,,,,,,,,
Google Suggest,sugestao,bitcoin,bitcoin starter,552.0,br,chrome,youtube,expansao_s,2025-12-11 21:07:47,,,,,,,,,,,,,,
Google Suggest,sugestao,bitcoin,bitcoin snake,551.0,br,chrome,youtube,expansao_s,2025-12-11 21:07:47,,,,,,,,,,,,,,
Google Suggest,sugestao,bitcoin,bitcoin sem taxa,550.0,br,chrome,youtube,expansao_s,2025-12-11 21:07:47,,,,,,,,,,,,,,
Google Suggest,sugestao,bitcoin,bitcoin today,1250.0,br,chrome,youtube,expansao_t,2025-12-11 21:07:47,,,,,,,,,,,,,,
Google Suggest,sugestao,bitcoin,bitcoin trezoitao,1150.0,br,chrome,youtube,expansao_t,2025-12-11 21:07:47,,,,,,,,,,,,,,
Google Suggest,sugestao,bitcoin,bitcoin tiles,602.0,br,chrome,youtube,expansao_t,2025-12-11 21:07:47,,,,,,,,,,,,,,
Google Suggest,sugestao,bitcoin,bitcoin taxado,601.0,br,chrome,youtube,expansao_t,2025-12-11 21:07:47,,,,,,,,,,,,,,
Google Suggest,sugestao,bitcoin,bitcoin tudo sobre,600.0,br,chrome,youtube,expansao_t,2025-12-11 21:07:47,,,,,,,,,,,,,,
Google Suggest,sugestao,bitcoin,bitcoin trump,559.0,br,chrome,youtube,expansao_t,2025-12-11 21:07:47,,,,,,,,,,,,,,
Google Suggest,sugestao,bitcoin,bitcointrade,558.0,br,chrome,youtube,expansao_t,2025-12-11 21:07:47,,,,,,,,,,,,,,
Google Suggest,sugestao,bitcoin,bitcoin trader,557.0,br,chrome,youtube,expansao_t,2025-12-11 21:07:47,,,,,,,,,,,,,,
Google Suggest,sugestao,bitcoin,bitcoin todo dia,556.0,br,chrome,youtube,expansao_t,2025-12-11 21:07:47,,,,,,,,,,,,,,
Google Suggest,sugestao,bitcoin,bitcoin trading,555.0,br,chrome,youtube,expansao_t,2025-12-11 21:07:47,,,,,,,,,,,,,,
Google Suggest,sugestao,bitcoin,bitcoin thiago nigro,554.0,br,chrome,youtube,expansao_t,2025-12-11 21:07:47,,,,,,,,,,,,,,
Google Suggest,sugestao,bitcoin,bitcoin treasury company,553.0,br,chrome,youtube,expansao_t,2025-12-11 21:07:47,,,,,,,,,,,,,,
Google Suggest,sugestao,bitcoin,bitcoin tuttle twins,552.0,br,chrome,youtube,expansao_t,2025-12-11 21:07:47,,,,,,,,,,,,,,
Google Suggest,sugestao,bitcoin,bitcoin ta caindo,551.0,br,chrome,youtube,expansao_t,2025-12-11 21:07:47,,,,,,,,,,,,,,
Google Suggest,sugestao,bitcoin,bitcoin tendencia,550.0,br,chrome,youtube,expansao_t,2025-12-11 21:07:47,,,,,,,,,,,,,,
Google Suggest,sugestao,bitcoin,bitcoin university,1051.0,br,chrome,youtube,expansao_u,2025-12-11 21:07:47,,,,,,,,,,,,,,
Google Suggest,sugestao,bitcoin,bitcoin ulianov,1050.0,br,chrome,youtube,expansao_u,2025-12-11 21:07:47,,,,,,,,,,,,,,
Google Suggest,sugestao,bitcoin,bitcoin update,601.0,br,chrome,youtube,expansao_u,2025-12-11 21:07:47,,,,,,,,,,,,,,
Google Suggest,sugestao,bitcoin,bitcoin usd,600.0,br,chrome,youtube,expansao_u,2025-12-11 21:07:47,,,,,,,,,,,,,,
Google Suggest,sugestao,bitcoin,bitcoin ultimas noticias,560.0,br,chrome,youtube,expansao_u,2025-12-11 21:07:47,,,,,,,,,,,,,,
Google Suggest,sugestao,bitcoin,bitcoin ulrich,559.0,br,chrome,youtube,expansao_u,2025-12-11 21:07:47,,,,,,,,,,,,,,
Google Suggest,sugestao,bitcoin,bitcoin universidade,558.0,br,chrome,youtube,expansao_u,2025-12-11 21:07:47,,,,,,,,,,,,,,
Google Suggest,sugestao,bitcoin,bitcoin update please buy $1,557.0,br,chrome,youtube,expansao_u,2025-12-11 21:07:47,,,,,,,,,,,,,,
Google Suggest,sugestao,bitcoin,bitcoin usa,556.0,br,chrome,youtube,expansao_u,2025-12-11 21:07:47,,,,,,,,,,,,,,
Google Suggest,sugestao,bitcoin,bitcoin urgente,555.0,br,chrome,youtube,expansao_u,2025-12-11 21:07:47,,,,,,,,,,,,,,
Google Suggest,sugestao,bitcoin,bitcoin em dinheiro real,554.0,br,chrome,youtube,expansao_u,2025-12-11 21:07:47,,,,,,,,,,,,,,
Google Suggest,sugestao,bitcoin,bitcoin usd live,553.0,br,chrome,youtube,expansao_u,2025-12-11 21:07:47,,,,,,,,,,,,,,
Google Suggest,sugestao,bitcoin,bitcoin up,552.0,br,chrome,youtube,expansao_u,2025-12-11 21:07:47,,,,,,,,,,,,,,
Google Suggest,sugestao,bitcoin,bitcoin utxo,551.0,br,chrome,youtube,expansao_u,2025-12-11 21:07:47,,,,,,,,,,,,,,
Google Suggest,sugestao,bitcoin,bitcoin update just buy $1,550.0,br,chrome,youtube,expansao_u,2025-12-11 21:07:47,,,,,,,,,,,,,,
Google Suggest,sugestao,bitcoin,bitcoin vai cair,1251.0,br,chrome,youtube,expansao_v,2025-12-11 21:07:47,,,,,,,,,,,,,,
Google Suggest,sugestao,bitcoin,bitcoin vai subir,1250.0,br,chrome,youtube,expansao_v,2025-12-11 21:07:47,,,,,,,,,,,,,,
Google Suggest,sugestao,bitcoin,bitcoin vale a pena,1000.0,br,chrome,youtube,expansao_v,2025-12-11 21:07:47,,,,,,,,,,,,,,
Google Suggest,sugestao,bitcoin,bitcoin vai cair mais,650.0,br,chrome,youtube,expansao_v,2025-12-11 21:07:47,,,,,,,,,,,,,,
Google Suggest,sugestao,bitcoin,bitcoin vs faria limer,601.0,br,chrome,youtube,expansao_v,2025-12-11 21:07:47,,,,,,,,,,,,,,
Google Suggest,sugestao,bitcoin,bitcoin vai acabar,600.0,br,chrome,youtube,expansao_v,2025-12-11 21:07:47,,,,,,,,,,,,,,
Google Suggest,sugestao,bitcoin,bitcoin vai bater 1 milhao,558.0,br,chrome,youtube,expansao_v,2025-12-11 21:07:47,,,,,,,,,,,,,,
Google Suggest,sugestao,bitcoin,bitcoin vai subir ou cair,557.0,br,chrome,youtube,expansao_v,2025-12-11 21:07:47,,,,,,,,,,,,,,
Google Suggest,sugestao,bitcoin,bitcoin vs ethereum,556.0,br,chrome,youtube,expansao_v,2025-12-11 21:07:47,,,,,,,,,,,,,,
Google Suggest,sugestao,bitcoin,bitcoin volta a subir,555.0,br,chrome,youtube,expansao_v,2025-12-11 21:07:47,,,,,,,,,,,,,,
Google Suggest,sugestao,bitcoin,bitcoin vai a zero,554.0,br,chrome,youtube,expansao_v,2025-12-11 21:07:47,,,,,,,,,,,,,,
Google Suggest,sugestao,bitcoin,bitcoin vai corrigir,553.0,br,chrome,youtube,expansao_v,2025-12-11 21:07:47,,,,,,,,,,,,,,
Google Suggest,sugestao,bitcoin,bitcoin vai continuar subindo,552.0,br,chrome,youtube,expansao_v,2025-12-11 21:07:47,,,,,,,,,,,,,,
Google Suggest,sugestao,bitcoin,bitcoin vai continuar caindo,551.0,br,chrome,youtube,expansao_v,2025-12-11 21:07:47,,,,,,,,,,,,,,
Google Suggest,sugestao,bitcoin,bitcoin vai explodir,550.0,br,chrome,youtube,expansao_v,2025-12-11 21:07:47,,,,,,,,,,,,,,
Google Suggest,sugestao,bitcoin,bitcoin wallet,1250.0,br,chrome,youtube,expansao_w,2025-12-11 21:07:47,,,,,,,,,,,,,,
Google Suggest,sugestao,bitcoin,bitcoin whale,900.0,br,chrome,youtube,expansao_w,2025-12-11 21:07:47,,,,,,,,,,,,,,
Google Suggest,sugestao,bitcoin,bitcoin whitepaper,650.0,br,chrome,youtube,expansao_w,2025-12-11 21:07:47,,,,,,,,,,,,,,
Google Suggest,sugestao,bitcoin,bitcoin what is,601.0,br,chrome,youtube,expansao_w,2025-12-11 21:07:47,,,,,,,,,,,,,,
Google Suggest,sugestao,bitcoin,bitcoin whitepaper explicado,600.0,br,chrome,youtube,expansao_w,2025-12-11 21:07:47,,,,,,,,,,,,,,
Google Suggest,sugestao,bitcoin,bitcoin wallet como funciona,559.0,br,chrome,youtube,expansao_w,2025-12-11 21:07:47,,,,,,,,,,,,,,
Google Suggest,sugestao,bitcoin,bitcoin whale game,558.0,br,chrome,youtube,expansao_w,2025-12-11 21:07:47,,,,,,,,,,,,,,
Google Suggest,sugestao,bitcoin,bitcoin wyckoff,557.0,br,chrome,youtube,expansao_w,2025-12-11 21:07:47,,,,,,,,,,,,,,
Google Suggest,sugestao,bitcoin,bitcoin what is happening,556.0,br,chrome,youtube,expansao_w,2025-12-11 21:07:47,,,,,,,,,,,,,,
Google Suggest,sugestao,bitcoin,bitcoin wallet app,555.0,br,chrome,youtube,expansao_w,2025-12-11 21:07:47,,,,,,,,,,,,,,
Google Suggest,sugestao,bitcoin,bitcoin wizard,554.0,br,chrome,youtube,expansao_w,2025-12-11 21:07:47,,,,,,,,,,,,,,
Google Suggest,sugestao,bitcoin,bitcoin will crash,553.0,br,chrome,youtube,expansao_w,2025-12-11 21:07:47,,,,,,,,,,,,,,
Google Suggest,sugestao,bitcoin,bitcoin will fall,552.0,br,chrome,youtube,expansao_w,2025-12-11 21:07:47,,,,,,,,,,,,,,
Google Suggest,sugestao,bitcoin,bitcoin wallet electrum,551.0,br,chrome,youtube,expansao_w,2025-12-11 21:07:47,,,,,,,,,,,,,,
Google Suggest,sugestao,bitcoin,bitcoin way,550.0,br,chrome,youtube,expansao_w,2025-12-11 21:07:47,,,,,,,,,,,,,,
Google Suggest,sugestao,bitcoin,bitcoin xandao,1252.0,br,chrome,youtube,expansao_x,2025-12-11 21:07:47,,,,,,,,,,,,,,
Google Suggest,sugestao,bitcoin,bitcoin xrp,1251.0,br,chrome,youtube,expansao_x,2025-12-11 21:07:47,,,,,,,,,,,,,,
Google Suggest,sugestao,bitcoin,bitcoin x ethereum,1250.0,br,chrome,youtube,expansao_x,2025-12-11 21:07:47,,,,,,,,,,,,,,
Google Suggest,sugestao,bitcoin,bitcoin x 30,601.0,br,chrome,youtube,expansao_x,2025-12-11 21:07:47,,,,,,,,,,,,,,
Google Suggest,sugestao,bitcoin,bitcoin x ouro,600.0,br,chrome,youtube,expansao_x,2025-12-11 21:07:47,,,,,,,,,,,,,,
Google Suggest,sugestao,bitcoin,bitcoin xp investimentos,559.0,br,chrome,youtube,expansao_x,2025-12-11 21:07:47,,,,,,,,,,,,,,
Google Suggest,sugestao,bitcoin,bitcoin x faria lima,558.0,br,chrome,youtube,expansao_x,2025-12-11 21:07:47,,,,,,,,,,,,,,
Google Suggest,sugestao,bitcoin,bitcoin vs monero,557.0,br,chrome,youtube,expansao_x,2025-12-11 21:07:47,,,,,,,,,,,,,,
Google Suggest,sugestao,bitcoin,bitcoin xlm,556.0,br,chrome,youtube,expansao_x,2025-12-11 21:07:47,,,,,,,,,,,,,,
Google Suggest,sugestao,bitcoin,bitcoin xtb,555.0,br,chrome,youtube,expansao_x,2025-12-11 21:07:47,,,,,,,,,,,,,,
Google Suggest,sugestao,bitcoin,bitcoin xtz,554.0,br,chrome,youtube,expansao_x,2025-12-11 21:07:47,,,,,,,,,,,,,,
Google Suggest,sugestao,bitcoin,bitcoin x mining,553.0,br,chrome,youtube,expansao_x,2025-12-11 21:07:47,,,,,,,,,,,,,,
Google Suggest,sugestao,bitcoin,bitcoin xpub,552.0,br,chrome,youtube,expansao_x,2025-12-11 21:07:47,,,,,,,,,,,,,,
Google Suggest,sugestao,bitcoin,bitcoin x mining app,551.0,br,chrome,youtube,expansao_x,2025-12-11 21:07:47,,,,,,,,,,,,,,
Google Suggest,sugestao,bitcoin,bitcoin xrp live,550.0,br,chrome,youtube,expansao_x,2025-12-11 21:07:47,,,,,,,,,,,,,,
Google Suggest,sugestao,bitcoin,bitcoin yubb,1250.0,br,chrome,youtube,expansao_y,2025-12-11 21:07:47,,,,,,,,,,,,,,
Google Suggest,sugestao,bitcoin,bitcoin yuri,601.0,br,chrome,youtube,expansao_y,2025-12-11 21:07:47,,,,,,,,,,,,,,
Google Suggest,sugestao,bitcoin,bitcoin youtube,600.0,br,chrome,youtube,expansao_y,2025-12-11 21:07:47,,,,,,,,,,,,,,
Google Suggest,sugestao,bitcoin,bitcoin yield,561.0,br,chrome,youtube,expansao_y,2025-12-11 21:07:47,,,,,,,,,,,,,,
Google Suggest,sugestao,bitcoin,bitcoin yay,560.0,br,chrome,youtube,expansao_y,2025-12-11 21:07:47,,,,,,,,,,,,,,
Google Suggest,sugestao,bitcoin,bitcoin e criptomoedas,559.0,br,chrome,youtube,expansao_y,2025-12-11 21:07:47,,,,,,,,,,,,,,
Google Suggest,sugestao,bitcoin,bitcoin yeti,558.0,br,chrome,youtube,expansao_y,2025-12-11 21:07:47,,,,,,,,,,,,,,
Google Suggest,sugestao,bitcoin,bitcoin yahoo finance,557.0,br,chrome,youtube,expansao_y,2025-12-11 21:07:47,,,,,,,,,,,,,,
Google Suggest,sugestao,bitcoin,bitcoin years ago,556.0,br,chrome,youtube,expansao_y,2025-12-11 21:07:47,,,,,,,,,,,,,,
Google Suggest,sugestao,bitcoin,bitcoin yt,555.0,br,chrome,youtube,expansao_y,2025-12-11 21:07:47,,,,,,,,,,,,,,
Google Suggest,sugestao,bitcoin,bitcoin y criptos,554.0,br,chrome,youtube,expansao_y,2025-12-11 21:07:47,,,,,,,,,,,,,,
Google Suggest,sugestao,bitcoin,bitcoin youtubers,553.0,br,chrome,youtube,expansao_y,2025-12-11 21:07:47,,,,,,,,,,,,,,
Google Suggest,sugestao,bitcoin,bitcoin yay withdrawal,552.0,br,chrome,youtube,expansao_y,2025-12-11 21:07:47,,,,,,,,,,,,,,
Google Suggest,sugestao,bitcoin,bitcoin yanni,551.0,br,chrome,youtube,expansao_y,2025-12-11 21:07:47,,,,,,,,,,,,,,
Google Suggest,sugestao,bitcoin,bitcoin e altcoins,550.0,br,chrome,youtube,expansao_y,2025-12-11 21:07:47,,,,,,,,,,,,,,
Google Suggest,sugestao,bitcoin,bitcoin zero,1250.0,br,chrome,youtube,expansao_z,2025-12-11 21:07:47,,,,,,,,,,,,,,
Google Suggest,sugestao,bitcoin,bitcoin zella,601.0,br,chrome,youtube,expansao_z,2025-12-11 21:07:47,,,,,,,,,,,,,,
Google Suggest,sugestao,bitcoin,bitcoin zcash,600.0,br,chrome,youtube,expansao_z,2025-12-11 21:07:47,,,,,,,,,,,,,,
Google Suggest,sugestao,bitcoin,bitcoin zero meme,561.0,br,chrome,youtube,expansao_z,2025-12-11 21:07:47,,,,,,,,,,,,,,
Google Suggest,sugestao,bitcoin,bitcoin zone,560.0,br,chrome,youtube,expansao_z,2025-12-11 21:07:47,,,,,,,,,,,,,,
Google Suggest,sugestao,bitcoin,bitcoin zbd,559.0,br,chrome,youtube,expansao_z,2025-12-11 21:07:47,,,,,,,,,,,,,,
Google Suggest,sugestao,bitcoin,bitcoin zukunft,558.0,br,chrome,youtube,expansao_z,2025-12-11 21:07:47,,,,,,,,,,,,,,
Google Suggest,sugestao,bitcoin,bitcoin zombie,557.0,br,chrome,youtube,expansao_z,2025-12-11 21:07:47,,,,,,,,,,,,,,
Google Suggest,sugestao,bitcoin,bitcoin zambia,556.0,br,chrome,youtube,expansao_z,2025-12-11 21:07:47,,,,,,,,,,,,,,
Google Suggest,sugestao,bitcoin,bitcoin zero to hero,555.0,br,chrome,youtube,expansao_z,2025-12-11 21:07:47,,,,,,,,,,,,,,
Google Suggest,sugestao,bitcoin,bitcoin z money,554.0,br,chrome,youtube,expansao_z,2025-12-11 21:07:47,,,,,,,,,,,,,,
Google Suggest,sugestao,bitcoin,bitcoin zala,553.0,br,chrome,youtube,expansao_z,2025-12-11 21:07:47,,,,,,,,,,,,,,
Google Suggest,sugestao,bitcoin,bitcoin zimbabwe,552.0,br,chrome,youtube,expansao_z,2025-12-11 21:07:47,,,,,,,,,,,,,,
Google Suggest,sugestao,bitcoin,bitcoin zero sum game,551.0,br,chrome,youtube,expansao_z,2025-12-11 21:07:47,,,,,,,,,,,,,,
Google Suggest,sugestao,bitcoin,bitcoin zero sum,550.0,br,chrome,youtube,expansao_z,2025-12-11 21:07:47,,,,,,,,,,,,,,
Google Suggest,sugestao,bitcoin,bitcoin 0 1,1250.0,br,chrome,youtube,expansao_0,2025-12-11 21:07:47,,,,,,,,,,,,,,
Google Suggest,sugestao,bitcoin,bitcoin 0 01,800.0,br,chrome,youtube,expansao_0,2025-12-11 21:07:47,,,,,,,,,,,,,,
Google Suggest,sugestao,bitcoin,bitcoin 0.28,601.0,br,chrome,youtube,expansao_0,2025-12-11 21:07:47,,,,,,,,,,,,,,
Google Suggest,sugestao,bitcoin,bitcoin 0.02,600.0,br,chrome,youtube,expansao_0,2025-12-11 21:07:47,,,,,,,,,,,,,,
Google Suggest,sugestao,bitcoin,bitcoin 0.2,560.0,br,chrome,youtube,expansao_0,2025-12-11 21:07:47,,,,,,,,,,,,,,
Google Suggest,sugestao,bitcoin,bitcoin 0.5,559.0,br,chrome,youtube,expansao_0,2025-12-11 21:07:47,,,,,,,,,,,,,,
Google Suggest,sugestao,bitcoin,bitcoin 0.001,558.0,br,chrome,youtube,expansao_0,2025-12-11 21:07:47,,,,,,,,,,,,,,
Google Suggest,sugestao,bitcoin,bitcoin 0.008,557.0,br,chrome,youtube,expansao_0,2025-12-11 21:07:47,,,,,,,,,,,,,,
Google Suggest,sugestao,bitcoin,bitcoin 0.21,556.0,br,chrome,youtube,expansao_0,2025-12-11 21:07:47,,,,,,,,,,,,,,
Google Suggest,sugestao,bitcoin,bitcoin 0.05,555.0,br,chrome,youtube,expansao_0,2025-12-11 21:07:47,,,,,,,,,,,,,,
Google Suggest,sugestao,bitcoin,bitcoin 0.15,554.0,br,chrome,youtube,expansao_0,2025-12-11 21:07:47,,,,,,,,,,,,,,
Google Suggest,sugestao,bitcoin,bitcoin 0.01 lot price,553.0,br,chrome,youtube,expansao_0,2025-12-11 21:07:47,,,,,,,,,,,,,,
Google Suggest,sugestao,bitcoin,0.10 bitcoin,552.0,br,chrome,youtube,expansao_0,2025-12-11 21:07:47,,,,,,,,,,,,,,
Google Suggest,sugestao,bitcoin,0.0001 bitcoin,551.0,br,chrome,youtube,expansao_0,2025-12-11 21:07:47,,,,,,,,,,,,,,
Google Suggest,sugestao,bitcoin,0.00001 bitcoin,550.0,br,chrome,youtube,expansao_0,2025-12-11 21:07:47,,,,,,,,,,,,,,
Google Suggest,sugestao,bitcoin,bitcoin 1 milhao de dolares,1250.0,br,chrome,youtube,expansao_1,2025-12-11 21:07:47,,,,,,,,,,,,,,
Google Suggest,sugestao,bitcoin,bitcoin 1 milhao,750.0,br,chrome,youtube,expansao_1,2025-12-11 21:07:47,,,,,,,,,,,,,,
Google Suggest,sugestao,bitcoin,bitcoin 150k,700.0,br,chrome,youtube,expansao_1,2025-12-11 21:07:47,,,,,,,,,,,,,,
Google Suggest,sugestao,bitcoin,bitcoin 100 reais,650.0,br,chrome,youtube,expansao_1,2025-12-11 21:07:47,,,,,,,,,,,,,,
Google Suggest,sugestao,bitcoin,bitcoin 120k,601.0,br,chrome,youtube,expansao_1,2025-12-11 21:07:47,,,,,,,,,,,,,,
Google Suggest,sugestao,bitcoin,bitcoin 100k,600.0,br,chrome,youtube,expansao_1,2025-12-11 21:07:47,,,,,,,,,,,,,,
Google Suggest,sugestao,bitcoin,bitcoin 10x,558.0,br,chrome,youtube,expansao_1,2025-12-11 21:07:47,,,,,,,,,,,,,,
Google Suggest,sugestao,bitcoin,bitcoin 1 dolar,557.0,br,chrome,youtube,expansao_1,2025-12-11 21:07:47,,,,,,,,,,,,,,
Google Suggest,sugestao,bitcoin,bitcoin 101,556.0,br,chrome,youtube,expansao_1,2025-12-11 21:07:47,,,,,,,,,,,,,,
Google Suggest,sugestao,bitcoin,bitcoin 1 real,555.0,br,chrome,youtube,expansao_1,2025-12-11 21:07:47,,,,,,,,,,,,,,
Google Suggest,sugestao,bitcoin,bitcoin 110k,554.0,br,chrome,youtube,expansao_1,2025-12-11 21:07:47,,,,,,,,,,,,,,
Google Suggest,sugestao,bitcoin,bitcoin 118,553.0,br,chrome,youtube,expansao_1,2025-12-11 21:07:47,,,,,,,,,,,,,,
Google Suggest,sugestao,bitcoin,bitcoin 123k,552.0,br,chrome,youtube,expansao_1,2025-12-11 21:07:47,,,,,,,,,,,,,,
Google Suggest,sugestao,bitcoin,bitcoin 116,551.0,br,chrome,youtube,expansao_1,2025-12-11 21:07:47,,,,,,,,,,,,,,
Google Suggest,sugestao,bitcoin,bitcoin 107k,550.0,br,chrome,youtube,expansao_1,2025-12-11 21:07:47,,,,,,,,,,,,,,
Google Suggest,sugestao,bitcoin,bitcoin 2025,1250.0,br,chrome,youtube,expansao_2,2025-12-11 21:07:47,,,,,,,,,,,,,,
Google Suggest,sugestao,bitcoin,bitcoin 2026,1150.0,br,chrome,youtube,expansao_2,2025-12-11 21:07:47,,,,,,,,,,,,,,
Google Suggest,sugestao,bitcoin,bitcoin 2030,750.0,br,chrome,youtube,expansao_2,2025-12-11 21:07:47,,,,,,,,,,,,,,
Google Suggest,sugestao,bitcoin,bitcoin 2010,650.0,br,chrome,youtube,expansao_2,2025-12-11 21:07:47,,,,,,,,,,,,,,
Google Suggest,sugestao,bitcoin,bitcoin 2025 vale a pena,602.0,br,chrome,youtube,expansao_2,2025-12-11 21:07:47,,,,,,,,,,,,,,
Google Suggest,sugestao,bitcoin,bitcoin 2011,601.0,br,chrome,youtube,expansao_2,2025-12-11 21:07:47,,,,,,,,,,,,,,
Google Suggest,sugestao,bitcoin,bitcoin 2009,600.0,br,chrome,youtube,expansao_2,2025-12-11 21:07:47,,,,,,,,,,,,,,
Google Suggest,sugestao,bitcoin,bitcoin 2012,557.0,br,chrome,youtube,expansao_2,2025-12-11 21:07:47,,,,,,,,,,,,,,
Google Suggest,sugestao,bitcoin,bitcoin 2013,556.0,br,chrome,youtube,expansao_2,2025-12-11 21:07:47,,,,,,,,,,,,,,
Google Suggest,sugestao,bitcoin,bitcoin 2015,555.0,br,chrome,youtube,expansao_2,2025-12-11 21:07:47,,,,,,,,,,,,,,
Google Suggest,sugestao,bitcoin,bitcoin 2.0,554.0,br,chrome,youtube,expansao_2,2025-12-11 21:07:47,,,,,,,,,,,,,,
Google Suggest,sugestao,bitcoin,bitcoin 2008,553.0,br,chrome,youtube,expansao_2,2025-12-11 21:07:47,,,,,,,,,,,,,,
Google Suggest,sugestao,bitcoin,bitcoin 2040,552.0,br,chrome,youtube,expansao_2,2025-12-11 21:07:47,,,,,,,,,,,,,,
Google Suggest,sugestao,bitcoin,bitcoin 2028,551.0,br,chrome,youtube,expansao_2,2025-12-11 21:07:47,,,,,,,,,,,,,,
Google Suggest,sugestao,bitcoin,bitcoin 2014,550.0,br,chrome,youtube,expansao_2,2025-12-11 21:07:47,,,,,,,,,,,,,,
Google Suggest,sugestao,bitcoin,bitcoin 38tao,1250.0,br,chrome,youtube,expansao_3,2025-12-11 21:07:47,,,,,,,,,,,,,,
Google Suggest,sugestao,bitcoin,bitcoin 38,650.0,br,chrome,youtube,expansao_3,2025-12-11 21:07:47,,,,,,,,,,,,,,
Google Suggest,sugestao,bitcoin,bitcoin 3oitao,601.0,br,chrome,youtube,expansao_3,2025-12-11 21:07:47,,,,,,,,,,,,,,
Google Suggest,sugestao,bitcoin,bitcoin 3 oitão,600.0,br,chrome,youtube,expansao_3,2025-12-11 21:07:47,,,,,,,,,,,,,,
Google Suggest,sugestao,bitcoin,bitcoin 38tao curso,560.0,br,chrome,youtube,expansao_3,2025-12-11 21:07:47,,,,,,,,,,,,,,
Google Suggest,sugestao,bitcoin,bitcoin 3d,559.0,br,chrome,youtube,expansao_3,2025-12-11 21:07:47,,,,,,,,,,,,,,
Google Suggest,sugestao,bitcoin,bitcoin 30,558.0,br,chrome,youtube,expansao_3,2025-12-11 21:07:47,,,,,,,,,,,,,,
Google Suggest,sugestao,bitcoin,bitcoin 30k,557.0,br,chrome,youtube,expansao_3,2025-12-11 21:07:47,,,,,,,,,,,,,,
Google Suggest,sugestao,bitcoin,bitcoin 3d animation,556.0,br,chrome,youtube,expansao_3,2025-12-11 21:07:47,,,,,,,,,,,,,,
Google Suggest,sugestao,bitcoin,bitcoin 3 blue,555.0,br,chrome,youtube,expansao_3,2025-12-11 21:07:47,,,,,,,,,,,,,,
Google Suggest,sugestao,bitcoin,bitcoin 360,554.0,br,chrome,youtube,expansao_3,2025-12-11 21:07:47,,,,,,,,,,,,,,
Google Suggest,sugestao,bitcoin,bitcoin 3d print,553.0,br,chrome,youtube,expansao_3,2025-12-11 21:07:47,,,,,,,,,,,,,,
Google Suggest,sugestao,bitcoin,bitcoin 3b1b,552.0,br,chrome,youtube,expansao_3,2025-12-11 21:07:47,,,,,,,,,,,,,,
Google Suggest,sugestao,bitcoin,bitcoin 3blue1brown,551.0,br,chrome,youtube,expansao_3,2025-12-11 21:07:47,,,,,,,,,,,,,,
Google Suggest,sugestao,bitcoin,bitcoin 300k,550.0,br,chrome,youtube,expansao_3,2025-12-11 21:07:47,,,,,,,,,,,,,,
Google Suggest,sugestao,bitcoin,bitcoin 4 all,1250.0,br,chrome,youtube,expansao_4,2025-12-11 21:07:47,,,,,,,,,,,,,,
Google Suggest,sugestao,bitcoin,bitcoin 420,1050.0,br,chrome,youtube,expansao_4,2025-12-11 21:07:47,,,,,,,,,,,,,,
Google Suggest,sugestao,bitcoin,bitcoin 4.0,601.0,br,chrome,youtube,expansao_4,2025-12-11 21:07:47,,,,,,,,,,,,,,
Google Suggest,sugestao,bitcoin,bitcoin 4 claves para entender la más grande,600.0,br,chrome,youtube,expansao_4,2025-12-11 21:07:47,,,,,,,,,,,,,,
Google Suggest,sugestao,bitcoin,bitcoin 401 k,560.0,br,chrome,youtube,expansao_4,2025-12-11 21:07:47,,,,,,,,,,,,,,
Google Suggest,sugestao,bitcoin,bitcoin 4 year cycle,559.0,br,chrome,youtube,expansao_4,2025-12-11 21:07:47,,,,,,,,,,,,,,
Google Suggest,sugestao,bitcoin,bitcoin 4 year cycle over,558.0,br,chrome,youtube,expansao_4,2025-12-11 21:07:47,,,,,,,,,,,,,,
Google Suggest,sugestao,bitcoin,bitcoin 444k,557.0,br,chrome,youtube,expansao_4,2025-12-11 21:07:47,,,,,,,,,,,,,,
Google Suggest,sugestao,bitcoin,bitcoin 4 year cycle explained,556.0,br,chrome,youtube,expansao_4,2025-12-11 21:07:47,,,,,,,,,,,,,,
Google Suggest,sugestao,bitcoin,bitcoin 400k,555.0,br,chrome,youtube,expansao_4,2025-12-11 21:07:47,,,,,,,,,,,,,,
Google Suggest,sugestao,bitcoin,bitcoin 400x,554.0,br,chrome,youtube,expansao_4,2025-12-11 21:07:47,,,,,,,,,,,,,,
Google Suggest,sugestao,bitcoin,bitcoin 444,553.0,br,chrome,youtube,expansao_4,2025-12-11 21:07:47,,,,,,,,,,,,,,
Google Suggest,sugestao,bitcoin,bitcoin 4k video,552.0,br,chrome,youtube,expansao_4,2025-12-11 21:07:47,,,,,,,,,,,,,,
Google Suggest,sugestao,bitcoin,bitcoin 4k,551.0,br,chrome,youtube,expansao_4,2025-12-11 21:07:47,,,,,,,,,,,,,,
Google Suggest,sugestao,bitcoin,bitcoin 40k,550.0,br,chrome,youtube,expansao_4,2025-12-11 21:07:47,,,,,,,,,,,,,,
Google Suggest,sugestao,bitcoin,bitcoin 500 pratas,1250.0,br,chrome,youtube,expansao_5,2025-12-11 21:07:47,,,,,,,,,,,,,,
Google Suggest,sugestao,bitcoin,bitcoin 500k,700.0,br,chrome,youtube,expansao_5,2025-12-11 21:07:47,,,,,,,,,,,,,,
Google Suggest,sugestao,bitcoin,bitcoin 55k,603.0,br,chrome,youtube,expansao_5,2025-12-11 21:07:47,,,,,,,,,,,,,,
Google Suggest,sugestao,bitcoin,bitcoin 5 minute,602.0,br,chrome,youtube,expansao_5,2025-12-11 21:07:47,,,,,,,,,,,,,,
Google Suggest,sugestao,bitcoin,bitcoin 500,601.0,br,chrome,youtube,expansao_5,2025-12-11 21:07:47,,,,,,,,,,,,,,
Google Suggest,sugestao,bitcoin,bitcoin 5 min live,600.0,br,chrome,youtube,expansao_5,2025-12-11 21:07:47,,,,,,,,,,,,,,
Google Suggest,sugestao,bitcoin,bitcoin 50k,558.0,br,chrome,youtube,expansao_5,2025-12-11 21:07:47,,,,,,,,,,,,,,
Google Suggest,sugestao,bitcoin,bitcoin 51 attack,557.0,br,chrome,youtube,expansao_5,2025-12-11 21:07:47,,,,,,,,,,,,,,
Google Suggest,sugestao,bitcoin,bitcoin 50 cent,556.0,br,chrome,youtube,expansao_5,2025-12-11 21:07:47,,,,,,,,,,,,,,
Google Suggest,sugestao,bitcoin,bitcoin 5 min,555.0,br,chrome,youtube,expansao_5,2025-12-11 21:07:47,,,,,,,,,,,,,,
Google Suggest,sugestao,bitcoin,bitcoin 500 investment,554.0,br,chrome,youtube,expansao_5,2025-12-11 21:07:47,,,,,,,,,,,,,,
Google Suggest,sugestao,bitcoin,bitcoin 51 percent attack,553.0,br,chrome,youtube,expansao_5,2025-12-11 21:07:47,,,,,,,,,,,,,,
Google Suggest,sugestao,bitcoin,bitcoin 5 min scalping,552.0,br,chrome,youtube,expansao_5,2025-12-11 21:07:47,,,,,,,,,,,,,,
Google Suggest,sugestao,bitcoin,bitcoin 500.000,551.0,br,chrome,youtube,expansao_5,2025-12-11 21:07:47,,,,,,,,,,,,,,
Google Suggest,sugestao,bitcoin,bitcoin 5.3 theory,550.0,br,chrome,youtube,expansao_5,2025-12-11 21:07:47,,,,,,,,,,,,,,
Google Suggest,sugestao,bitcoin,bitcoin 67,650.0,br,chrome,youtube,expansao_6,2025-12-11 21:07:47,,,,,,,,,,,,,,
Google Suggest,sugestao,bitcoin,bitcoin 60k,601.0,br,chrome,youtube,expansao_6,2025-12-11 21:07:47,,,,,,,,,,,,,,
Google Suggest,sugestao,bitcoin,bitcoin 600k,600.0,br,chrome,youtube,expansao_6,2025-12-11 21:07:47,,,,,,,,,,,,,,
Google Suggest,sugestao,bitcoin,bitcoin 666,561.0,br,chrome,youtube,expansao_6,2025-12-11 21:07:47,,,,,,,,,,,,,,
Google Suggest,sugestao,bitcoin,bitcoin 60 minutes,560.0,br,chrome,youtube,expansao_6,2025-12-11 21:07:47,,,,,,,,,,,,,,
Google Suggest,sugestao,bitcoin,bitcoin 60 day cycle,559.0,br,chrome,youtube,expansao_6,2025-12-11 21:07:47,,,,,,,,,,,,,,
Google Suggest,sugestao,bitcoin,bitcoin 60000,558.0,br,chrome,youtube,expansao_6,2025-12-11 21:07:47,,,,,,,,,,,,,,
Google Suggest,sugestao,bitcoin,bitcoin 62k,557.0,br,chrome,youtube,expansao_6,2025-12-11 21:07:47,,,,,,,,,,,,,,
Google Suggest,sugestao,bitcoin,bitcoin gta 6,556.0,br,chrome,youtube,expansao_6,2025-12-11 21:07:47,,,,,,,,,,,,,,
Google Suggest,sugestao,bitcoin,bitcoin puzzle 68,555.0,br,chrome,youtube,expansao_6,2025-12-11 21:07:47,,,,,,,,,,,,,,
Google Suggest,sugestao,bitcoin,bitcoin pizza 60 minutes,554.0,br,chrome,youtube,expansao_6,2025-12-11 21:07:47,,,,,,,,,,,,,,
Google Suggest,sugestao,bitcoin,mercado bitcoin 60,553.0,br,chrome,youtube,expansao_6,2025-12-11 21:07:47,,,,,,,,,,,,,,
Google Suggest,sugestao,bitcoin,bitcoin jogando round 6,552.0,br,chrome,youtube,expansao_6,2025-12-11 21:07:47,,,,,,,,,,,,,,
Google Suggest,sugestao,bitcoin,6 bitcoin men,551.0,br,chrome,youtube,expansao_6,2025-12-11 21:07:47,,,,,,,,,,,,,,
Google Suggest,sugestao,bitcoin,bitcoin in 60 seconds,550.0,br,chrome,youtube,expansao_6,2025-12-11 21:07:47,,,,,,,,,,,,,,
Google Suggest,sugestao,bitcoin,bitcoin 75k,1250.0,br,chrome,youtube,expansao_7,2025-12-11 21:07:47,,,,,,,,,,,,,,
Google Suggest,sugestao,bitcoin,bitcoin 700k,601.0,br,chrome,youtube,expansao_7,2025-12-11 21:07:47,,,,,,,,,,,,,,
Google Suggest,sugestao,bitcoin,bitcoin 70k,600.0,br,chrome,youtube,expansao_7,2025-12-11 21:07:47,,,,,,,,,,,,,,
Google Suggest,sugestao,bitcoin,bitcoin 79k,561.0,br,chrome,youtube,expansao_7,2025-12-11 21:07:47,,,,,,,,,,,,,,
Google Suggest,sugestao,bitcoin,bitcoin 77k,560.0,br,chrome,youtube,expansao_7,2025-12-11 21:07:47,,,,,,,,,,,,,,
Google Suggest,sugestao,bitcoin,bitcoin 73k,559.0,br,chrome,youtube,expansao_7,2025-12-11 21:07:47,,,,,,,,,,,,,,
Google Suggest,sugestao,bitcoin,bitcoin 700,558.0,br,chrome,youtube,expansao_7,2025-12-11 21:07:47,,,,,,,,,,,,,,
Google Suggest,sugestao,bitcoin,bitcoin 70,557.0,br,chrome,youtube,expansao_7,2025-12-11 21:07:47,,,,,,,,,,,,,,
Google Suggest,sugestao,bitcoin,bitcoin 7 march,556.0,br,chrome,youtube,expansao_7,2025-12-11 21:07:47,,,,,,,,,,,,,,
Google Suggest,sugestao,bitcoin,bitcoin 70000,555.0,br,chrome,youtube,expansao_7,2025-12-11 21:07:47,,,,,,,,,,,,,,
Google Suggest,sugestao,bitcoin,bitcoin 730,554.0,br,chrome,youtube,expansao_7,2025-12-11 21:07:47,,,,,,,,,,,,,,
Google Suggest,sugestao,bitcoin,bitcoin 72k,553.0,br,chrome,youtube,expansao_7,2025-12-11 21:07:47,,,,,,,,,,,,,,
Google Suggest,sugestao,bitcoin,bitcoin 74000,552.0,br,chrome,youtube,expansao_7,2025-12-11 21:07:47,,,,,,,,,,,,,,
Google Suggest,sugestao,bitcoin,bitcoin 7th element,551.0,br,chrome,youtube,expansao_7,2025-12-11 21:07:47,,,,,,,,,,,,,,
Google Suggest,sugestao,bitcoin,bitcoin 7 maret 2025,550.0,br,chrome,youtube,expansao_7,2025-12-11 21:07:47,,,,,,,,,,,,,,
Google Suggest,sugestao,bitcoin,bitcoin 80k,1250.0,br,chrome,youtube,expansao_8,2025-12-11 21:07:47,,,,,,,,,,,,,,
Google Suggest,sugestao,bitcoin,bitcoin 86k,801.0,br,chrome,youtube,expansao_8,2025-12-11 21:07:47,,,,,,,,,,,,,,
Google Suggest,sugestao,bitcoin,bitcoin 83k,800.0,br,chrome,youtube,expansao_8,2025-12-11 21:07:47,,,,,,,,,,,,,,
Google Suggest,sugestao,bitcoin,bitcoin 89k,650.0,br,chrome,youtube,expansao_8,2025-12-11 21:07:47,,,,,,,,,,,,,,
Google Suggest,sugestao,bitcoin,bitcoin 80000,601.0,br,chrome,youtube,expansao_8,2025-12-11 21:07:47,,,,,,,,,,,,,,
Google Suggest,sugestao,bitcoin,bitcoin 88k,600.0,br,chrome,youtube,expansao_8,2025-12-11 21:07:47,,,,,,,,,,,,,,
Google Suggest,sugestao,bitcoin,bitcoin 85000,558.0,br,chrome,youtube,expansao_8,2025-12-11 21:07:47,,,,,,,,,,,,,,
Google Suggest,sugestao,bitcoin,bitcoin 85k,557.0,br,chrome,youtube,expansao_8,2025-12-11 21:07:47,,,,,,,,,,,,,,
Google Suggest,sugestao,bitcoin,bitcoin 800k,556.0,br,chrome,youtube,expansao_8,2025-12-11 21:07:47,,,,,,,,,,,,,,
Google Suggest,sugestao,bitcoin,bitcoin 88,555.0,br,chrome,youtube,expansao_8,2025-12-11 21:07:47,,,,,,,,,,,,,,
Google Suggest,sugestao,bitcoin,bitcoin 87k,554.0,br,chrome,youtube,expansao_8,2025-12-11 21:07:47,,,,,,,,,,,,,,
Google Suggest,sugestao,bitcoin,bitcoin 84k,553.0,br,chrome,youtube,expansao_8,2025-12-11 21:07:47,,,,,,,,,,,,,,
Google Suggest,sugestao,bitcoin,bitcoin 8 years ago,552.0,br,chrome,youtube,expansao_8,2025-12-11 21:07:47,,,,,,,,,,,,,,
Google Suggest,sugestao,bitcoin,bitcoin 80,551.0,br,chrome,youtube,expansao_8,2025-12-11 21:07:47,,,,,,,,,,,,,,
Google Suggest,sugestao,bitcoin,bitcoin 88 sats,550.0,br,chrome,youtube,expansao_8,2025-12-11 21:07:47,,,,,,,,,,,,,,
Google Suggest,sugestao,bitcoin,bitcoin 90,750.0,br,chrome,youtube,expansao_9,2025-12-11 21:07:47,,,,,,,,,,,,,,
Google Suggest,sugestao,bitcoin,bitcoin 90k,601.0,br,chrome,youtube,expansao_9,2025-12-11 21:07:47,,,,,,,,,,,,,,
Google Suggest,sugestao,bitcoin,bitcoin 99,600.0,br,chrome,youtube,expansao_9,2025-12-11 21:07:47,,,,,,,,,,,,,,
Google Suggest,sugestao,bitcoin,bitcoin 91k,561.0,br,chrome,youtube,expansao_9,2025-12-11 21:07:47,,,,,,,,,,,,,,
Google Suggest,sugestao,bitcoin,bitcoin 94k,560.0,br,chrome,youtube,expansao_9,2025-12-11 21:07:47,,,,,,,,,,,,,,
Google Suggest,sugestao,bitcoin,bitcoin 98k,559.0,br,chrome,youtube,expansao_9,2025-12-11 21:07:47,,,,,,,,,,,,,,
Google Suggest,sugestao,bitcoin,bitcoin 93k,558.0,br,chrome,youtube,expansao_9,2025-12-11 21:07:47,,,,,,,,,,,,,,
Google Suggest,sugestao,bitcoin,bitcoin 92k,557.0,br,chrome,youtube,expansao_9,2025-12-11 21:07:47,,,,,,,,,,,,,,
Google Suggest,sugestao,bitcoin,bitcoin 99pay,556.0,br,chrome,youtube,expansao_9,2025-12-11 21:07:47,,,,,,,,,,,,,,
Google Suggest,sugestao,bitcoin,bitcoin 95k,555.0,br,chrome,youtube,expansao_9,2025-12-11 21:07:47,,,,,,,,,,,,,,
Google Suggest,sugestao,bitcoin,bitcoin 99bitcoins,554.0,br,chrome,youtube,expansao_9,2025-12-11 21:07:47,,,,,,,,,,,,,,
Google Suggest,sugestao,bitcoin,bitcoin 9 years ago,553.0,br,chrome,youtube,expansao_9,2025-12-11 21:07:47,,,,,,,,,,,,,,
Google Suggest,sugestao,bitcoin,bitcoin 96k,552.0,br,chrome,youtube,expansao_9,2025-12-11 21:07:47,,,,,,,,,,,,,,
Google Suggest,sugestao,bitcoin,bitcoin 97k,551.0,br,chrome,youtube,expansao_9,2025-12-11 21:07:47,,,,,,,,,,,,,,
Google Suggest,sugestao,bitcoin,bitcoin 9arm,550.0,br,chrome,youtube,expansao_9,2025-12-11 21:07:47,,,,,,,,,,,,,,
Google Suggest,sugestao,bitcoin,bitcoin o que é,1250.0,br,chrome,youtube,categoria_Questões_o que,2025-12-11 21:07:47,,,,,,,,,,,,,,
Google Suggest,sugestao,bitcoin,bitcoin o que preciso saber,601.0,br,chrome,youtube,categoria_Questões_o que,2025-12-11 21:07:47,,,,,,,,,,,,,,
Google Suggest,sugestao,bitcoin,bitcoin o que fazer,600.0,br,chrome,youtube,categoria_Questões_o que,2025-12-11 21:07:47,,,,,,,,,,,,,,
Google Suggest,sugestao,bitcoin,bitcoin o que esperar,557.0,br,chrome,youtube,categoria_Questões_o que,2025-12-11 21:07:47,,,,,,,,,,,,,,
Google Suggest,sugestao,bitcoin,bitcoin o que esta acontecendo,556.0,br,chrome,youtube,categoria_Questões_o que,2025-12-11 21:07:47,,,,,,,,,,,,,,
Google Suggest,sugestao,bitcoin,bitcoin caindo o que fazer,555.0,br,chrome,youtube,categoria_Questões_o que,2025-12-11 21:07:47,,,,,,,,,,,,,,
Google Suggest,sugestao,bitcoin,minerar bitcoin o que é,554.0,br,chrome,youtube,categoria_Questões_o que,2025-12-11 21:07:47,,,,,,,,,,,,,,
Google Suggest,sugestao,bitcoin,etf bitcoin o que é,553.0,br,chrome,youtube,categoria_Questões_o que,2025-12-11 21:07:47,,,,,,,,,,,,,,
Google Suggest,sugestao,bitcoin,lightning bitcoin o que é,552.0,br,chrome,youtube,categoria_Questões_o que,2025-12-11 21:07:47,,,,,,,,,,,,,,
Google Suggest,sugestao,bitcoin,bitcoin em 2025 o que vai acontecer,551.0,br,chrome,youtube,categoria_Questões_o que,2025-12-11 21:07:47,,,,,,,,,,,,,,
Google Suggest,sugestao,bitcoin,bitcoin em alta o que fazer,550.0,br,chrome,youtube,categoria_Questões_o que,2025-12-11 21:07:47,,,,,,,,,,,,,,
Google Suggest,sugestao,bitcoin,bitcoin é seguro,1250.0,br,chrome,youtube,categoria_Questões_é,2025-12-11 21:07:47,,,,,,,,,,,,,,
Google Suggest,sugestao,bitcoin,bitcoin é uma bolha,1200.0,br,chrome,youtube,categoria_Questões_é,2025-12-11 21:07:47,,,,,,,,,,,,,,
Google Suggest,sugestao,bitcoin,bitcoin é rastreavel,751.0,br,chrome,youtube,categoria_Questões_é,2025-12-11 21:07:47,,,,,,,,,,,,,,
Google Suggest,sugestao,bitcoin,bitcoin é furada,750.0,br,chrome,youtube,categoria_Questões_é,2025-12-11 21:07:47,,,,,,,,,,,,,,
Google Suggest,sugestao,bitcoin,bitcoin é um bom investimento,602.0,br,chrome,youtube,categoria_Questões_é,2025-12-11 21:07:47,,,,,,,,,,,,,,
Google Suggest,sugestao,bitcoin,bitcoin é hora de comprar,601.0,br,chrome,youtube,categoria_Questões_é,2025-12-11 21:07:47,,,,,,,,,,,,,,
Google Suggest,sugestao,bitcoin,bitcoin é confiável,600.0,br,chrome,youtube,categoria_Questões_é,2025-12-11 21:07:47,,,,,,,,,,,,,,
Google Suggest,sugestao,bitcoin,bitcoin é o futuro,557.0,br,chrome,youtube,categoria_Questões_é,2025-12-11 21:07:47,,,,,,,,,,,,,,
Google Suggest,sugestao,bitcoin,bitcoin é investimento,556.0,br,chrome,youtube,categoria_Questões_é,2025-12-11 21:07:47,,,,,,,,,,,,,,
Google Suggest,sugestao,bitcoin,bitcoin é melhor que dolar,555.0,br,chrome,youtube,categoria_Questões_é,2025-12-11 21:07:47,,,,,,,,,,,,,,
Google Suggest,sugestao,bitcoin,bitcoin é a solução,554.0,br,chrome,youtube,categoria_Questões_é,2025-12-11 21:07:47,,,,,,,,,,,,,,
Google Suggest,sugestao,bitcoin,bitcoin é uma moeda,553.0,br,chrome,youtube,categoria_Questões_é,2025-12-11 21:07:47,,,,,,,,,,,,,,
Google Suggest,sugestao,bitcoin,bitcoin é resistencia,552.0,br,chrome,youtube,categoria_Questões_é,2025-12-11 21:07:47,,,,,,,,,,,,,,
Google Suggest,sugestao,bitcoin,bitcoin é seguro investir,551.0,br,chrome,youtube,categoria_Questões_é,2025-12-11 21:07:47,,,,,,,,,,,,,,
Google Suggest,sugestao,bitcoin,bitcoin é uma bolha prestes a estourar,550.0,br,chrome,youtube,categoria_Questões_é,2025-12-11 21:07:47,,,,,,,,,,,,,,
Google Suggest,sugestao,bitcoin,bitcoin não é investimento,1250.0,br,chrome,youtube,categoria_Questões_não é,2025-12-11 21:07:47,,,,,,,,,,,,,,
Google Suggest,sugestao,bitcoin,bitcoin não é moeda,1200.0,br,chrome,youtube,categoria_Questões_não é,2025-12-11 21:07:47,,,,,,,,,,,,,,
Google Suggest,sugestao,bitcoin,bitcoin atualmente,601.0,br,chrome,youtube,categoria_Questões_não é,2025-12-11 21:07:47,,,,,,,,,,,,,,
Google Suggest,sugestao,bitcoin,bitcoin em portugues,600.0,br,chrome,youtube,categoria_Questões_não é,2025-12-11 21:07:47,,,,,,,,,,,,,,
Google Suggest,sugestao,bitcoin,bitcoins,550.0,br,chrome,youtube,categoria_Questões_não é,2025-12-11 21:07:47,,,,,,,,,,,,,,
Google Suggest,sugestao,bitcoin,bitcoin como investir,900.0,br,chrome,youtube,categoria_Questões_como,2025-12-11 21:07:47,,,,,,,,,,,,,,
Google Suggest,sugestao,bitcoin,bitcoin como comprar,750.0,br,chrome,youtube,categoria_Questões_como,2025-12-11 21:07:47,,,,,,,,,,,,,,
Google Suggest,sugestao,bitcoin,bitcoin como funciona passo a passo para iniciantes,601.0,br,chrome,youtube,categoria_Questões_como,2025-12-11 21:07:47,,,,,,,,,,,,,,
Google Suggest,sugestao,bitcoin,bitcoin como ganhar dinheiro,600.0,br,chrome,youtube,categoria_Questões_como,2025-12-11 21:07:47,,,,,,,,,,,,,,
Google Suggest,sugestao,bitcoin,bitcoin como começar,560.0,br,chrome,youtube,categoria_Questões_como,2025-12-11 21:07:47,,,,,,,,,,,,,,
Google Suggest,sugestao,bitcoin,bitcoin como investir 2025,559.0,br,chrome,youtube,categoria_Questões_como,2025-12-11 21:07:47,,,,,,,,,,,,,,
Google Suggest,sugestao,bitcoin,bitcoin como comprar de forma segura,558.0,br,chrome,youtube,categoria_Questões_como,2025-12-11 21:07:47,,,,,,,,,,,,,,
Google Suggest,sugestao,bitcoin,bitcoin como minerar,557.0,br,chrome,youtube,categoria_Questões_como,2025-12-11 21:07:47,,,,,,,,,,,,,,
Google Suggest,sugestao,bitcoin,bitcoin como funciona desenho,556.0,br,chrome,youtube,categoria_Questões_como,2025-12-11 21:07:47,,,,,,,,,,,,,,
Google Suggest,sugestao,bitcoin,bitcoin como usar,555.0,br,chrome,youtube,categoria_Questões_como,2025-12-11 21:07:47,,,,,,,,,,,,,,
Google Suggest,sugestao,bitcoin,bitcoin como sacar dinheiro,554.0,br,chrome,youtube,categoria_Questões_como,2025-12-11 21:07:47,,,,,,,,,,,,,,
Google Suggest,sugestao,bitcoin,bitcoin como reserva de valor,553.0,br,chrome,youtube,categoria_Questões_como,2025-12-11 21:07:47,,,,,,,,,,,,,,
Google Suggest,sugestao,bitcoin,bitcoin como guardar,552.0,br,chrome,youtube,categoria_Questões_como,2025-12-11 21:07:47,,,,,,,,,,,,,,
Google Suggest,sugestao,bitcoin,bitcoin como vender,551.0,br,chrome,youtube,categoria_Questões_como,2025-12-11 21:07:47,,,,,,,,,,,,,,
Google Suggest,sugestao,bitcoin,bitcoin como comprar e vender,550.0,br,chrome,youtube,categoria_Questões_como,2025-12-11 21:07:47,,,,,,,,,,,,,,
Google Suggest,sugestao,bitcoin,bitcoin porque bajo,1250.0,br,chrome,youtube,categoria_Questões_por que,2025-12-11 21:07:47,,,,,,,,,,,,,,
Google Suggest,sugestao,bitcoin,bitcoin porque cae,1000.0,br,chrome,youtube,categoria_Questões_por que,2025-12-11 21:07:47,,,,,,,,,,,,,,
Google Suggest,sugestao,bitcoin,por que bitcoin tem valor,601.0,br,chrome,youtube,categoria_Questões_por que,2025-12-11 21:07:47,,,,,,,,,,,,,,
Google Suggest,sugestao,bitcoin,por que bitcoin,600.0,br,chrome,youtube,categoria_Questões_por que,2025-12-11 21:07:47,,,,,,,,,,,,,,
Google Suggest,sugestao,bitcoin,porque bitcoin está caindo,560.0,br,chrome,youtube,categoria_Questões_por que,2025-12-11 21:07:47,,,,,,,,,,,,,,
Google Suggest,sugestao,bitcoin,porque bitcoin existe,559.0,br,chrome,youtube,categoria_Questões_por que,2025-12-11 21:07:47,,,,,,,,,,,,,,
Google Suggest,sugestao,bitcoin,porque o bitcoin está caindo,558.0,br,chrome,youtube,categoria_Questões_por que,2025-12-11 21:07:47,,,,,,,,,,,,,,
Google Suggest,sugestao,bitcoin,porque comprar bitcoin,557.0,br,chrome,youtube,categoria_Questões_por que,2025-12-11 21:07:47,,,,,,,,,,,,,,
Google Suggest,sugestao,bitcoin,porque investir em bitcoin,556.0,br,chrome,youtube,categoria_Questões_por que,2025-12-11 21:07:47,,,,,,,,,,,,,,
Google Suggest,sugestao,bitcoin,porque invertir en bitcoin,555.0,br,chrome,youtube,categoria_Questões_por que,2025-12-11 21:07:47,,,,,,,,,,,,,,
Google Suggest,sugestao,bitcoin,porque o bitcoin valorizou tanto,554.0,br,chrome,youtube,categoria_Questões_por que,2025-12-11 21:07:47,,,,,,,,,,,,,,
Google Suggest,sugestao,bitcoin,porque cae bitcoin hoy,553.0,br,chrome,youtube,categoria_Questões_por que,2025-12-11 21:07:47,,,,,,,,,,,,,,
Google Suggest,sugestao,bitcoin,porque esta bajando bitcoin,552.0,br,chrome,youtube,categoria_Questões_por que,2025-12-11 21:07:47,,,,,,,,,,,,,,
Google Suggest,sugestao,bitcoin,porque o bitcoin foi criado,551.0,br,chrome,youtube,categoria_Questões_por que,2025-12-11 21:07:47,,,,,,,,,,,,,,
Google Suggest,sugestao,bitcoin,porque o bitcoin esta subindo,550.0,br,chrome,youtube,categoria_Questões_por que,2025-12-11 21:07:47,,,,,,,,,,,,,,
Google Suggest,sugestao,bitcoin,bitcoin onde comprar,1251.0,br,chrome,youtube,categoria_Questões_onde,2025-12-11 21:07:47,,,,,,,,,,,,,,
Google Suggest,sugestao,bitcoin,bitcoin onde investir,1250.0,br,chrome,youtube,categoria_Questões_onde,2025-12-11 21:07:47,,,,,,,,,,,,,,
Google Suggest,sugestao,bitcoin,bitcoin onde guardar,601.0,br,chrome,youtube,categoria_Questões_onde,2025-12-11 21:07:47,,,,,,,,,,,,,,
Google Suggest,sugestao,bitcoin,bitcoin por onde começar,600.0,br,chrome,youtube,categoria_Questões_onde,2025-12-11 21:07:47,,,,,,,,,,,,,,
Google Suggest,sugestao,bitcoin,bitcoin ate onde vai,552.0,br,chrome,youtube,categoria_Questões_onde,2025-12-11 21:07:47,,,,,,,,,,,,,,
Google Suggest,sugestao,bitcoin,bitcoins,551.0,br,chrome,youtube,categoria_Questões_onde,2025-12-11 21:07:47,,,,,,,,,,,,,,
Google Suggest,sugestao,bitcoin,bitcoin origem,550.0,br,chrome,youtube,categoria_Questões_onde,2025-12-11 21:07:47,,,,,,,,,,,,,,
Google Suggest,sugestao,bitcoin,bitcoin quando comprar,1252.0,br,chrome,youtube,categoria_Questões_quando,2025-12-11 21:07:47,,,,,,,,,,,,,,
Google Suggest,sugestao,bitcoin,bitcoin quando comprar e vender,1251.0,br,chrome,youtube,categoria_Questões_quando,2025-12-11 21:07:47,,,,,,,,,,,,,,
Google Suggest,sugestao,bitcoin,bitcoin quando vender,1250.0,br,chrome,youtube,categoria_Questões_quando,2025-12-11 21:07:47,,,,,,,,,,,,,,
Google Suggest,sugestao,bitcoin,bitcoin quando vai subir,601.0,br,chrome,youtube,categoria_Questões_quando,2025-12-11 21:07:47,,,,,,,,,,,,,,
Google Suggest,sugestao,bitcoin,quando bitcoin vai corrigir,600.0,br,chrome,youtube,categoria_Questões_quando,2025-12-11 21:07:47,,,,,,,,,,,,,,
Google Suggest,sugestao,bitcoin,quando bitcoin vai cair,552.0,br,chrome,youtube,categoria_Questões_quando,2025-12-11 21:07:47,,,,,,,,,,,,,,
Google Suggest,sugestao,bitcoin,bitcoin em baixa,551.0,br,chrome,youtube,categoria_Questões_quando,2025-12-11 21:07:47,,,,,,,,,,,,,,
Google Suggest,sugestao,bitcoin,bitcoin em portugues,550.0,br,chrome,youtube,categoria_Questões_quando,2025-12-11 21:07:47,,,,,,,,,,,,,,
Google Suggest,sugestao,bitcoin,bitcoin qual melhor corretora,601.0,br,chrome,youtube,categoria_Questões_qual,2025-12-11 21:07:47,,,,,,,,,,,,,,
Google Suggest,sugestao,bitcoin,bitcoin qual comprar,600.0,br,chrome,youtube,categoria_Questões_qual,2025-12-11 21:07:47,,,,,,,,,,,,,,
Google Suggest,sugestao,bitcoin,qual bitcoin investir hoje,557.0,br,chrome,youtube,categoria_Questões_qual,2025-12-11 21:07:47,,,,,,,,,,,,,,
Google Suggest,sugestao,bitcoin,qual bitcoin comprar hoje,556.0,br,chrome,youtube,categoria_Questões_qual,2025-12-11 21:07:47,,,,,,,,,,,,,,
Google Suggest,sugestao,bitcoin,bitcoin ou ethereum qual o melhor,555.0,br,chrome,youtube,categoria_Questões_qual,2025-12-11 21:07:47,,,,,,,,,,,,,,
Google Suggest,sugestao,bitcoin,em qual bitcoin investir,554.0,br,chrome,youtube,categoria_Questões_qual,2025-12-11 21:07:47,,,,,,,,,,,,,,
Google Suggest,sugestao,bitcoin,bitcoin lucro como funciona,553.0,br,chrome,youtube,categoria_Questões_qual,2025-12-11 21:07:47,,,,,,,,,,,,,,
Google Suggest,sugestao,bitcoin,bitcoin ainda vale a pena,552.0,br,chrome,youtube,categoria_Questões_qual,2025-12-11 21:07:47,,,,,,,,,,,,,,
Google Suggest,sugestao,bitcoin,bitcoin tendencia hoje,551.0,br,chrome,youtube,categoria_Questões_qual,2025-12-11 21:07:47,,,,,,,,,,,,,,
Google Suggest,sugestao,bitcoin,bitcoin iniciante,550.0,br,chrome,youtube,categoria_Questões_qual,2025-12-11 21:07:47,,,,,,,,,,,,,,
Google Suggest,sugestao,bitcoin,bitcoin quanto rende,1251.0,br,chrome,youtube,categoria_Questões_quanto,2025-12-11 21:07:47,,,,,,,,,,,,,,
Google Suggest,sugestao,bitcoin,bitcoin quanto vale,1250.0,br,chrome,youtube,categoria_Questões_quanto,2025-12-11 21:07:47,,,,,,,,,,,,,,
Google Suggest,sugestao,bitcoin,quanto bitcoin rende por mes,601.0,br,chrome,youtube,categoria_Questões_quanto,2025-12-11 21:07:47,,,,,,,,,,,,,,
Google Suggest,sugestao,bitcoin,quanto bitcoin pode chegar,600.0,br,chrome,youtube,categoria_Questões_quanto,2025-12-11 21:07:47,,,,,,,,,,,,,,
Google Suggest,sugestao,bitcoin,bitcoin rende quanto por dia,553.0,br,chrome,youtube,categoria_Questões_quanto,2025-12-11 21:07:47,,,,,,,,,,,,,,
Google Suggest,sugestao,bitcoin,bitcoin a quanto arrivera,552.0,br,chrome,youtube,categoria_Questões_quanto,2025-12-11 21:07:47,,,,,,,,,,,,,,
Google Suggest,sugestao,bitcoin,bitcoin em alta hoje,551.0,br,chrome,youtube,categoria_Questões_quanto,2025-12-11 21:07:47,,,,,,,,,,,,,,
Google Suggest,sugestao,bitcoin,bitcoin em portugues,550.0,br,chrome,youtube,categoria_Questões_quanto,2025-12-11 21:07:47,,,,,,,,,,,,,,
Google Suggest,sugestao,bitcoin,bitcoin de graça,1250.0,br,chrome,youtube,categoria_Preposições_de,2025-12-11 21:07:47,,,,,,,,,,,,,,
Google Suggest,sugestao,bitcoin,bitcoin de hoje,1000.0,br,chrome,youtube,categoria_Preposições_de,2025-12-11 21:07:47,,,,,,,,,,,,,,
Google Suggest,sugestao,bitcoin,bitcoin de papel,602.0,br,chrome,youtube,categoria_Preposições_de,2025-12-11 21:07:47,,,,,,,,,,,,,,
Google Suggest,sugestao,bitcoin,bitcoin de donald trump,601.0,br,chrome,youtube,categoria_Preposições_de,2025-12-11 21:07:47,,,,,,,,,,,,,,
Google Suggest,sugestao,bitcoin,http://bitcoin.de,600.0,br,chrome,youtube,categoria_Preposições_de,2025-12-11 21:07:47,,,,,,,,,,,,,,
Google Suggest,sugestao,bitcoin,bitcoin de netherite,559.0,br,chrome,youtube,categoria_Preposições_de,2025-12-11 21:07:47,,,,,,,,,,,,,,
Google Suggest,sugestao,bitcoin,bitcoin de trump,558.0,br,chrome,youtube,categoria_Preposições_de,2025-12-11 21:07:47,,,,,,,,,,,,,,
Google Suggest,sugestao,bitcoin,bitcoin do mercado pago,557.0,br,chrome,youtube,categoria_Preposições_de,2025-12-11 21:07:47,,,,,,,,,,,,,,
Google Suggest,sugestao,bitcoin,bitcoin'de son durum,556.0,br,chrome,youtube,categoria_Preposições_de,2025-12-11 21:07:47,,,,,,,,,,,,,,
Google Suggest,sugestao,bitcoin,bitcoin.de verkaufen,555.0,br,chrome,youtube,categoria_Preposições_de,2025-12-11 21:07:47,,,,,,,,,,,,,,
Google Suggest,sugestao,bitcoin,bitcoin'de neler oluyor,554.0,br,chrome,youtube,categoria_Preposições_de,2025-12-11 21:07:47,,,,,,,,,,,,,,
Google Suggest,sugestao,bitcoin,bitcoin'de nasil para kazanilir,553.0,br,chrome,youtube,categoria_Preposições_de,2025-12-11 21:07:47,,,,,,,,,,,,,,
Google Suggest,sugestao,bitcoin,bitcoin.de auf wallet überweisen,552.0,br,chrome,youtube,categoria_Preposições_de,2025-12-11 21:07:47,,,,,,,,,,,,,,
Google Suggest,sugestao,bitcoin,bitcoin'de para nasıl çekilir,551.0,br,chrome,youtube,categoria_Preposições_de,2025-12-11 21:07:47,,,,,,,,,,,,,,
Google Suggest,sugestao,bitcoin,bitcoin.de auszahlung,550.0,br,chrome,youtube,categoria_Preposições_de,2025-12-11 21:07:47,,,,,,,,,,,,,,
Google Suggest,sugestao,bitcoin,bitcoin para iniciantes,1250.0,br,chrome,youtube,categoria_Preposições_para,2025-12-11 21:07:47,,,,,,,,,,,,,,
Google Suggest,sugestao,bitcoin,bitcoin para leigos,750.0,br,chrome,youtube,categoria_Preposições_para,2025-12-11 21:07:47,,,,,,,,,,,,,,
Google Suggest,sugestao,bitcoin,bitcoin para 2026,601.0,br,chrome,youtube,categoria_Preposições_para,2025-12-11 21:07:47,,,,,,,,,,,,,,
Google Suggest,sugestao,bitcoin,bitcoin para pobres,600.0,br,chrome,youtube,categoria_Preposições_para,2025-12-11 21:07:47,,,,,,,,,,,,,,
Google Suggest,sugestao,bitcoin,bitcoin para longo prazo,559.0,br,chrome,youtube,categoria_Preposições_para,2025-12-11 21:07:47,,,,,,,,,,,,,,
Google Suggest,sugestao,bitcoin,bitcoin para todos,558.0,br,chrome,youtube,categoria_Preposições_para,2025-12-11 21:07:47,,,,,,,,,,,,,,
Google Suggest,sugestao,bitcoin,bitcoin para 2025,557.0,br,chrome,youtube,categoria_Preposições_para,2025-12-11 21:07:47,,,,,,,,,,,,,,
Google Suggest,sugestao,bitcoin,bitcoin para iniciantes 2025,556.0,br,chrome,youtube,categoria_Preposições_para,2025-12-11 21:07:47,,,,,,,,,,,,,,
Google Suggest,sugestao,bitcoin,bitcoin para ouvir,555.0,br,chrome,youtube,categoria_Preposições_para,2025-12-11 21:07:47,,,,,,,,,,,,,,
Google Suggest,sugestao,bitcoin,bitcoin para crianças dublado,554.0,br,chrome,youtube,categoria_Preposições_para,2025-12-11 21:07:47,,,,,,,,,,,,,,
Google Suggest,sugestao,bitcoin,bitcoin para crianças,553.0,br,chrome,youtube,categoria_Preposições_para,2025-12-11 21:07:47,,,,,,,,,,,,,,
Google Suggest,sugestao,bitcoin,bitcoin para adolescentes,552.0,br,chrome,youtube,categoria_Preposições_para,2025-12-11 21:07:47,,,,,,,,,,,,,,
Google Suggest,sugestao,bitcoin,bitcoin para que sirve,551.0,br,chrome,youtube,categoria_Preposições_para,2025-12-11 21:07:47,,,,,,,,,,,,,,
Google Suggest,sugestao,bitcoin,bitcoin para principiantes,550.0,br,chrome,youtube,categoria_Preposições_para,2025-12-11 21:07:47,,,,,,,,,,,,,,
Google Suggest,sugestao,bitcoin,bitcoin com ou sem kyc,1251.0,br,chrome,youtube,categoria_Preposições_com,2025-12-11 21:07:47,,,,,,,,,,,,,,
Google Suggest,sugestao,bitcoin,bitcoin com renato,1250.0,br,chrome,youtube,categoria_Preposições_com,2025-12-11 21:07:47,,,,,,,,,,,,,,
Google Suggest,sugestao,bitcoin,bitcoin com kyc,1200.0,br,chrome,youtube,categoria_Preposições_com,2025-12-11 21:07:47,,,,,,,,,,,,,,
Google Suggest,sugestao,bitcoin,bitcoin com privacidade,650.0,br,chrome,youtube,categoria_Preposições_com,2025-12-11 21:07:47,,,,,,,,,,,,,,
Google Suggest,sugestao,bitcoin,bitcoin com a guerra,602.0,br,chrome,youtube,categoria_Preposições_com,2025-12-11 21:07:47,,,,,,,,,,,,,,
Google Suggest,sugestao,bitcoin,bitcoin com wallet,601.0,br,chrome,youtube,categoria_Preposições_com,2025-12-11 21:07:47,,,,,,,,,,,,,,
Google Suggest,sugestao,bitcoin,http://bitcoin.com.au,600.0,br,chrome,youtube,categoria_Preposições_com,2025-12-11 21:07:47,,,,,,,,,,,,,,
Google Suggest,sugestao,bitcoin,bitcoin.com como funciona,557.0,br,chrome,youtube,categoria_Preposições_com,2025-12-11 21:07:47,,,,,,,,,,,,,,
Google Suggest,sugestao,bitcoin,bitcoin.com tutorial,556.0,br,chrome,youtube,categoria_Preposições_com,2025-12-11 21:07:47,,,,,,,,,,,,,,
Google Suggest,sugestao,bitcoin,bitcoin.com wallet app,555.0,br,chrome,youtube,categoria_Preposições_com,2025-12-11 21:07:47,,,,,,,,,,,,,,
Google Suggest,sugestao,bitcoin,bitcoin.com withdrawal,554.0,br,chrome,youtube,categoria_Preposições_com,2025-12-11 21:07:47,,,,,,,,,,,,,,
Google Suggest,sugestao,bitcoin,bitcoin.com app,553.0,br,chrome,youtube,categoria_Preposições_com,2025-12-11 21:07:47,,,,,,,,,,,,,,
Google Suggest,sugestao,bitcoin,bitcoin.com wallet como funciona,552.0,br,chrome,youtube,categoria_Preposições_com,2025-12-11 21:07:47,,,,,,,,,,,,,,
Google Suggest,sugestao,bitcoin,bitcoin.com wallet withdraw,551.0,br,chrome,youtube,categoria_Preposições_com,2025-12-11 21:07:47,,,,,,,,,,,,,,
Google Suggest,sugestao,bitcoin,bitcoin.com wallet tutorial,550.0,br,chrome,youtube,categoria_Preposições_com,2025-12-11 21:07:47,,,,,,,,,,,,,,
Google Suggest,sugestao,bitcoin,bitcoin sem kyc,1251.0,br,chrome,youtube,categoria_Preposições_sem,2025-12-11 21:07:47,,,,,,,,,,,,,,
Google Suggest,sugestao,bitcoin,bitcoin sem corretora,1250.0,br,chrome,youtube,categoria_Preposições_sem,2025-12-11 21:07:47,,,,,,,,,,,,,,
Google Suggest,sugestao,bitcoin,bitcoin sem ko,800.0,br,chrome,youtube,categoria_Preposições_sem,2025-12-11 21:07:47,,,,,,,,,,,,,,
Google Suggest,sugestao,bitcoin,bitcoin sem rastro,601.0,br,chrome,youtube,categoria_Preposições_sem,2025-12-11 21:07:47,,,,,,,,,,,,,,
Google Suggest,sugestao,bitcoin,bitcoin sem taxa,600.0,br,chrome,youtube,categoria_Preposições_sem,2025-12-11 21:07:47,,,,,,,,,,,,,,
Google Suggest,sugestao,bitcoin,bitcoin sem internet,559.0,br,chrome,youtube,categoria_Preposições_sem,2025-12-11 21:07:47,,,,,,,,,,,,,,
Google Suggest,sugestao,bitcoin,bitcoin sem imposto,558.0,br,chrome,youtube,categoria_Preposições_sem,2025-12-11 21:07:47,,,,,,,,,,,,,,
Google Suggest,sugestao,bitcoin,bitcoin sem mimimi,557.0,br,chrome,youtube,categoria_Preposições_sem,2025-12-11 21:07:47,,,,,,,,,,,,,,
Google Suggest,sugestao,bitcoin,comprar bitcoin sem taxa,556.0,br,chrome,youtube,categoria_Preposições_sem,2025-12-11 21:07:47,,,,,,,,,,,,,,
Google Suggest,sugestao,bitcoin,cartão bitcoin sem kyc,555.0,br,chrome,youtube,categoria_Preposições_sem,2025-12-11 21:07:47,,,,,,,,,,,,,,
Google Suggest,sugestao,bitcoin,vender bitcoin sem kyc,554.0,br,chrome,youtube,categoria_Preposições_sem,2025-12-11 21:07:47,,,,,,,,,,,,,,
Google Suggest,sugestao,bitcoin,vender bitcoin sem imposto,553.0,br,chrome,youtube,categoria_Preposições_sem,2025-12-11 21:07:47,,,,,,,,,,,,,,
Google Suggest,sugestao,bitcoin,bitcoin investimento sem ko,552.0,br,chrome,youtube,categoria_Preposições_sem,2025-12-11 21:07:47,,,,,,,,,,,,,,
Google Suggest,sugestao,bitcoin,bitcoin funciona sem internet,551.0,br,chrome,youtube,categoria_Preposições_sem,2025-12-11 21:07:47,,,,,,,,,,,,,,
Google Suggest,sugestao,bitcoin,transferir bitcoin sem taxa,550.0,br,chrome,youtube,categoria_Preposições_sem,2025-12-11 21:07:47,,,,,,,,,,,,,,
Google Suggest,sugestao,bitcoin,bitcoin sobre,601.0,br,chrome,youtube,categoria_Preposições_sobre,2025-12-11 21:07:47,,,,,,,,,,,,,,
Google Suggest,sugestao,bitcoin,sobre bitcoin hoje,600.0,br,chrome,youtube,categoria_Preposições_sobre,2025-12-11 21:07:47,,,,,,,,,,,,,,
Google Suggest,sugestao,bitcoin,aula sobre bitcoin,562.0,br,chrome,youtube,categoria_Preposições_sobre,2025-12-11 21:07:47,,,,,,,,,,,,,,
Google Suggest,sugestao,bitcoin,tudo sobre bitcoin e criptomoedas,561.0,br,chrome,youtube,categoria_Preposições_sobre,2025-12-11 21:07:47,,,,,,,,,,,,,,
Google Suggest,sugestao,bitcoin,tudo sobre bitcoin 2025,560.0,br,chrome,youtube,categoria_Preposições_sobre,2025-12-11 21:07:47,,,,,,,,,,,,,,
Google Suggest,sugestao,bitcoin,desenho sobre bitcoin,559.0,br,chrome,youtube,categoria_Preposições_sobre,2025-12-11 21:07:47,,,,,,,,,,,,,,
Google Suggest,sugestao,bitcoin,curso sobre bitcoin,558.0,br,chrome,youtube,categoria_Preposições_sobre,2025-12-11 21:07:47,,,,,,,,,,,,,,
Google Suggest,sugestao,bitcoin,imposto sobre bitcoin,557.0,br,chrome,youtube,categoria_Preposições_sobre,2025-12-11 21:07:47,,,,,,,,,,,,,,
Google Suggest,sugestao,bitcoin,notícias sobre bitcoin hoje,556.0,br,chrome,youtube,categoria_Preposições_sobre,2025-12-11 21:07:47,,,,,,,,,,,,,,
Google Suggest,sugestao,bitcoin,explicação sobre bitcoin,555.0,br,chrome,youtube,categoria_Preposições_sobre,2025-12-11 21:07:47,,,,,,,,,,,,,,
Google Suggest,sugestao,bitcoin,animação sobre bitcoin,554.0,br,chrome,youtube,categoria_Preposições_sobre,2025-12-11 21:07:47,,,,,,,,,,,,,,
Google Suggest,sugestao,bitcoin,trezoitão sobre bitcoin,553.0,br,chrome,youtube,categoria_Preposições_sobre,2025-12-11 21:07:47,,,,,,,,,,,,,,
Google Suggest,sugestao,bitcoin,rubão sobre bitcoin,552.0,br,chrome,youtube,categoria_Preposições_sobre,2025-12-11 21:07:47,,,,,,,,,,,,,,
Google Suggest,sugestao,bitcoin,trump sobre bitcoin,551.0,br,chrome,youtube,categoria_Preposições_sobre,2025-12-11 21:07:47,,,,,,,,,,,,,,
Google Suggest,sugestao,bitcoin,debate sobre bitcoin,550.0,br,chrome,youtube,categoria_Preposições_sobre,2025-12-11 21:07:47,,,,,,,,,,,,,,
Google Suggest,sugestao,bitcoin,bitcoin conta,601.0,br,chrome,youtube,categoria_Preposições_contra,2025-12-11 21:07:47,,,,,,,,,,,,,,
Google Suggest,sugestao,bitcoin,bitcoin pro contra,600.0,br,chrome,youtube,categoria_Preposições_contra,2025-12-11 21:07:47,,,,,,,,,,,,,,
Google Suggest,sugestao,bitcoin,bitcoin pro und contra,558.0,br,chrome,youtube,categoria_Preposições_contra,2025-12-11 21:07:47,,,,,,,,,,,,,,
Google Suggest,sugestao,bitcoin,como criar conta bitcoin,557.0,br,chrome,youtube,categoria_Preposições_contra,2025-12-11 21:07:47,,,,,,,,,,,,,,
Google Suggest,sugestao,bitcoin,como abrir conta bitcoin,556.0,br,chrome,youtube,categoria_Preposições_contra,2025-12-11 21:07:47,,,,,,,,,,,,,,
Google Suggest,sugestao,bitcoin,como recuperar conta bitcoin,555.0,br,chrome,youtube,categoria_Preposições_contra,2025-12-11 21:07:47,,,,,,,,,,,,,,
Google Suggest,sugestao,bitcoin,conta mercado bitcoin,554.0,br,chrome,youtube,categoria_Preposições_contra,2025-12-11 21:07:47,,,,,,,,,,,,,,
Google Suggest,sugestao,bitcoin,como criar conta bitcoin angola,553.0,br,chrome,youtube,categoria_Preposições_contra,2025-12-11 21:07:47,,,,,,,,,,,,,,
Google Suggest,sugestao,bitcoin,bitcoins,552.0,br,chrome,youtube,categoria_Preposições_contra,2025-12-11 21:07:47,,,,,,,,,,,,,,
Google Suggest,sugestao,bitcoin,bitcoin é confiável,551.0,br,chrome,youtube,categoria_Preposições_contra,2025-12-11 21:07:47,,,,,,,,,,,,,,
Google Suggest,sugestao,bitcoin,bitcoins hoje,550.0,br,chrome,youtube,categoria_Preposições_contra,2025-12-11 21:07:47,,,,,,,,,,,,,,
Google Suggest,sugestao,bitcoin,bitcoin ate 2030,601.0,br,chrome,youtube,categoria_Preposições_até,2025-12-11 21:07:47,,,,,,,,,,,,,,
Google Suggest,sugestao,bitcoin,bitcoin ate onde vai,600.0,br,chrome,youtube,categoria_Preposições_até,2025-12-11 21:07:47,,,,,,,,,,,,,,
Google Suggest,sugestao,bitcoin,bitcoin vai cair ate quanto,555.0,br,chrome,youtube,categoria_Preposições_até,2025-12-11 21:07:47,,,,,,,,,,,,,,
Google Suggest,sugestao,bitcoin,bitcoins,554.0,br,chrome,youtube,categoria_Preposições_até,2025-12-11 21:07:47,,,,,,,,,,,,,,
Google Suggest,sugestao,bitcoin,bitcoin atualmente,553.0,br,chrome,youtube,categoria_Preposições_até,2025-12-11 21:07:47,,,,,,,,,,,,,,
Google Suggest,sugestao,bitcoin,bitcoins hoje,552.0,br,chrome,youtube,categoria_Preposições_até,2025-12-11 21:07:47,,,,,,,,,,,,,,
Google Suggest,sugestao,bitcoin,bitcoin em alta,551.0,br,chrome,youtube,categoria_Preposições_até,2025-12-11 21:07:47,,,,,,,,,,,,,,
Google Suggest,sugestao,bitcoin,bitcoin em portugues,550.0,br,chrome,youtube,categoria_Preposições_até,2025-12-11 21:07:47,,,,,,,,,,,,,,
Google Suggest,sugestao,bitcoin,bitcoin vs faria limer,1250.0,br,chrome,youtube,categoria_Comparações_vs,2025-12-11 21:07:47,,,,,,,,,,,,,,
Google Suggest,sugestao,bitcoin,bitcoin vs ethereum,1050.0,br,chrome,youtube,categoria_Comparações_vs,2025-12-11 21:07:47,,,,,,,,,,,,,,
Google Suggest,sugestao,bitcoin,bitcoin vs ações,900.0,br,chrome,youtube,categoria_Comparações_vs,2025-12-11 21:07:47,,,,,,,,,,,,,,
Google Suggest,sugestao,bitcoin,bitcoin vs ouro,601.0,br,chrome,youtube,categoria_Comparações_vs,2025-12-11 21:07:47,,,,,,,,,,,,,,
Google Suggest,sugestao,bitcoin,bitcoin vs monero,600.0,br,chrome,youtube,categoria_Comparações_vs,2025-12-11 21:07:47,,,,,,,,,,,,,,
Google Suggest,sugestao,bitcoin,bitcoin vs faria limers,559.0,br,chrome,youtube,categoria_Comparações_vs,2025-12-11 21:07:47,,,,,,,,,,,,,,
Google Suggest,sugestao,bitcoin,bitcoin vs faria,558.0,br,chrome,youtube,categoria_Comparações_vs,2025-12-11 21:07:47,,,,,,,,,,,,,,
Google Suggest,sugestao,bitcoin,bitcoin vs bitcoin cash,557.0,br,chrome,youtube,categoria_Comparações_vs,2025-12-11 21:07:47,,,,,,,,,,,,,,
Google Suggest,sugestao,bitcoin,bitcoin e drex,556.0,br,chrome,youtube,categoria_Comparações_vs,2025-12-11 21:07:47,,,,,,,,,,,,,,
Google Suggest,sugestao,bitcoin,bitcoin vs fiat,555.0,br,chrome,youtube,categoria_Comparações_vs,2025-12-11 21:07:47,,,,,,,,,,,,,,
Google Suggest,sugestao,bitcoin,bitcoin vs xrp,554.0,br,chrome,youtube,categoria_Comparações_vs,2025-12-11 21:07:47,,,,,,,,,,,,,,
Google Suggest,sugestao,bitcoin,bitcoin vs gold,553.0,br,chrome,youtube,categoria_Comparações_vs,2025-12-11 21:07:47,,,,,,,,,,,,,,
Google Suggest,sugestao,bitcoin,bitcoin vs shitcoin,552.0,br,chrome,youtube,categoria_Comparações_vs,2025-12-11 21:07:47,,,,,,,,,,,,,,
Google Suggest,sugestao,bitcoin,bitcoin vs altcoin,551.0,br,chrome,youtube,categoria_Comparações_vs,2025-12-11 21:07:47,,,,,,,,,,,,,,
Google Suggest,sugestao,bitcoin,bitcoin vs etf bitcoin,550.0,br,chrome,youtube,categoria_Comparações_vs,2025-12-11 21:07:47,,,,,,,,,,,,,,
Google Suggest,sugestao,bitcoin,bitcoin melhor que dolar,601.0,br,chrome,youtube,categoria_Comparações_melhor que,2025-12-11 21:07:47,,,,,,,,,,,,,,
Google Suggest,sugestao,bitcoin,melhor que bitcoin,600.0,br,chrome,youtube,categoria_Comparações_melhor que,2025-12-11 21:07:47,,,,,,,,,,,,,,
Google Suggest,sugestao,bitcoin,bitcoin ou ethereum,1251.0,br,chrome,youtube,categoria_Comparações_ou,2025-12-11 21:07:47,,,,,,,,,,,,,,
Google Suggest,sugestao,bitcoin,bitcoin ou ações,1250.0,br,chrome,youtube,categoria_Comparações_ou,2025-12-11 21:07:47,,,,,,,,,,,,,,
Google Suggest,sugestao,bitcoin,bitcoin ou etf de bitcoin,950.0,br,chrome,youtube,categoria_Comparações_ou,2025-12-11 21:07:47,,,,,,,,,,,,,,
Google Suggest,sugestao,bitcoin,bitcoin ou fundos imobiliarios,602.0,br,chrome,youtube,categoria_Comparações_ou,2025-12-11 21:07:47,,,,,,,,,,,,,,
Google Suggest,sugestao,bitcoin,bitcoin ou criptomoedas,601.0,br,chrome,youtube,categoria_Comparações_ou,2025-12-11 21:07:47,,,,,,,,,,,,,,
Google Suggest,sugestao,bitcoin,bitcoin ou ouro,600.0,br,chrome,youtube,categoria_Comparações_ou,2025-12-11 21:07:47,,,,,,,,,,,,,,
Google Suggest,sugestao,bitcoin,bitcoin ou renda fixa,558.0,br,chrome,youtube,categoria_Comparações_ou,2025-12-11 21:07:47,,,,,,,,,,,,,,
Google Suggest,sugestao,bitcoin,bitcoin ou dolar,557.0,br,chrome,youtube,categoria_Comparações_ou,2025-12-11 21:07:47,,,,,,,,,,,,,,
Google Suggest,sugestao,bitcoin,bitcoin ou ethereum qual o melhor,556.0,br,chrome,youtube,categoria_Comparações_ou,2025-12-11 21:07:47,,,,,,,,,,,,,,
Google Suggest,sugestao,bitcoin,bitcoin ou cdb,555.0,br,chrome,youtube,categoria_Comparações_ou,2025-12-11 21:07:47,,,,,,,,,,,,,,
Google Suggest,sugestao,bitcoin,bitcoin ou bolsa de valores,554.0,br,chrome,youtube,categoria_Comparações_ou,2025-12-11 21:07:47,,,,,,,,,,,,,,
Google Suggest,sugestao,bitcoin,bitcoin ou nada,553.0,br,chrome,youtube,categoria_Comparações_ou,2025-12-11 21:07:47,,,,,,,,,,,,,,
Google Suggest,sugestao,bitcoin,bitcoin ou ethereum 2025,552.0,br,chrome,youtube,categoria_Comparações_ou,2025-12-11 21:07:47,,,,,,,,,,,,,,
Google Suggest,sugestao,bitcoin,bitcoin ou solana,551.0,br,chrome,youtube,categoria_Comparações_ou,2025-12-11 21:07:47,,,,,,,,,,,,,,
Google Suggest,sugestao,bitcoin,bitcoin ou altcoin,550.0,br,chrome,youtube,categoria_Comparações_ou,2025-12-11 21:07:47,,,,,,,,,,,,,,
Google Suggest,sugestao,bitcoin,bitcoin e liberdade,1201.0,br,chrome,youtube,categoria_Comparações_e,2025-12-11 21:07:47,,,,,,,,,,,,,,
Google Suggest,sugestao,bitcoin,bitcoin e ethereum,1200.0,br,chrome,youtube,categoria_Comparações_e,2025-12-11 21:07:47,,,,,,,,,,,,,,
Google Suggest,sugestao,bitcoin,bitcoin e criptomoedas,901.0,br,chrome,youtube,categoria_Comparações_e,2025-12-11 21:07:47,,,,,,,,,,,,,,
Google Suggest,sugestao,bitcoin,bitcoin e os pobres,900.0,br,chrome,youtube,categoria_Comparações_e,2025-12-11 21:07:47,,,,,,,,,,,,,,
Google Suggest,sugestao,bitcoin,bitcoin e blockchain,850.0,br,chrome,youtube,categoria_Comparações_e,2025-12-11 21:07:47,,,,,,,,,,,,,,
Google Suggest,sugestao,bitcoin,bitcoin e altcoins,650.0,br,chrome,youtube,categoria_Comparações_e,2025-12-11 21:07:47,,,,,,,,,,,,,,
Google Suggest,sugestao,bitcoin,bitcoin e guerra,601.0,br,chrome,youtube,categoria_Comparações_e,2025-12-11 21:07:47,,,,,,,,,,,,,,
Google Suggest,sugestao,bitcoin,bitcoin e ethereum 2025,600.0,br,chrome,youtube,categoria_Comparações_e,2025-12-11 21:07:47,,,,,,,,,,,,,,
Google Suggest,sugestao,bitcoin,bitcoin e imposto de renda,556.0,br,chrome,youtube,categoria_Comparações_e,2025-12-11 21:07:47,,,,,,,,,,,,,,
Google Suggest,sugestao,bitcoin,bitcoin é seguro,555.0,br,chrome,youtube,categoria_Comparações_e,2025-12-11 21:07:47,,,,,,,,,,,,,,
Google Suggest,sugestao,bitcoin,bitcoin e agora,554.0,br,chrome,youtube,categoria_Comparações_e,2025-12-11 21:07:47,,,,,,,,,,,,,,
Google Suggest,sugestao,bitcoin,bitcoin é furada,553.0,br,chrome,youtube,categoria_Comparações_e,2025-12-11 21:07:47,,,,,,,,,,,,,,
Google Suggest,sugestao,bitcoin,bitcoin e cripto,552.0,br,chrome,youtube,categoria_Comparações_e,2025-12-11 21:07:47,,,,,,,,,,,,,,
Google Suggest,sugestao,bitcoin,bitcoin em monero,551.0,br,chrome,youtube,categoria_Comparações_e,2025-12-11 21:07:47,,,,,,,,,,,,,,
Google Suggest,sugestao,bitcoin,bitcoin e criptomoedas como funciona,550.0,br,chrome,youtube,categoria_Comparações_e,2025-12-11 21:07:47,,,,,,,,,,,,,,
Google Trends,top,bitcoin,bitcoin hoje,,,,web,,2025-12-11 21:07:47,100.0,,,,,,,,,,,,,
Google Trends,top,bitcoin,dolar,,,,web,,2025-12-11 21:07:47,49.0,,,,,,,,,,,,,
Google Trends,top,bitcoin,bitcoin dolar,,,,web,,2025-12-11 21:07:47,48.0,,,,,,,,,,,,,
Google Trends,top,bitcoin,bitcoin dólar,,,,web,,2025-12-11 21:07:47,34.0,,,,,,,,,,,,,
Google Trends,top,bitcoin,dólar,,,,web,,2025-12-11 21:07:47,34.0,,,,,,,,,,,,,
Google Trends,top,bitcoin,bitcoin usd,,,,web,,2025-12-11 21:07:47,20.0,,,,,,,,,,,,,
Google Trends,top,bitcoin,dólar hoje,,,,web,,2025-12-11 21:07:47,19.0,,,,,,,,,,,,,
Google Trends,top,bitcoin,bitcoin dólar hoje,,,,web,,2025-12-11 21:07:47,19.0,,,,,,,,,,,,,
Google Trends,top,bitcoin,bitcoin valor,,,,web,,2025-12-11 21:07:47,18.0,,,,,,,,,,,,,
Google Trends,top,bitcoin,bitcoin dolar hoje,,,,web,,2025-12-11 21:07:47,16.0,,,,,,,,,,,,,
Google Trends,top,bitcoin,dolar hoje,,,,web,,2025-12-11 21:07:47,16.0,,,,,,,,,,,,,
Google Trends,top,bitcoin,bitcoin real,,,,web,,2025-12-11 21:07:47,15.0,,,,,,,,,,,,,
Google Trends,top,bitcoin,bitcoin cotação,,,,web,,2025-12-11 21:07:47,12.0,,,,,,,,,,,,,
Google Trends,top,bitcoin,bitcoin usd hoje,,,,web,,2025-12-11 21:07:47,10.0,,,,,,,,,,,,,
Google Trends,top,bitcoin,ethereum,,,,web,,2025-12-11 21:07:47,9.0,,,,,,,,,,,,,
Google Trends,top,bitcoin,bitcoin em dolar,,,,web,,2025-12-11 21:07:47,8.0,,,,,,,,,,,,,
Google Trends,top,bitcoin,bitcoin agora,,,,web,,2025-12-11 21:07:47,7.0,,,,,,,,,,,,,
Google Trends,top,bitcoin,valor do bitcoin,,,,web,,2025-12-11 21:07:47,7.0,,,,,,,,,,,,,
Google Trends,top,bitcoin,bitcoin real hoje,,,,web,,2025-12-11 21:07:47,7.0,,,,,,,,,,,,,
Google Trends,top,bitcoin,bitcoin preço,,,,web,,2025-12-11 21:07:47,7.0,,,,,,,,,,,,,
Google Trends,rising,bitcoin,gladson bitcoin,,,,web,,2025-12-11 21:07:47,650.0,,,,,,,,,,,,,
Google Trends,rising,bitcoin,fed,,,,web,,2025-12-11 21:07:47,200.0,,,,,,,,,,,,,
Google Trends,rising,bitcoin,ibovespa hoje,,,,web,,2025-12-11 21:07:47,50.0,,,,,,,,,,,,,
Google Trends,rising,bitcoin,grafico bitcoin agora,,,,web,,2025-12-11 21:07:47,50.0,,,,,,,,,,,,,
Google Trends,rising,bitcoin,valor de 1 bitcoin em real,,,,web,,2025-12-11 21:07:47,50.0,,,,,,,,,,,,,
Google Trends,rising,bitcoin,bitcoin hoje dólar gráfico,,,,web,,2025-12-11 21:07:47,40.0,,,,,,,,,,,,,
Google Trends,rising,bitcoin,ibovespa,,,,web,,2025-12-11 21:07:47,40.0,,,,,,,,,,,,,
Google Trends,regioes,bitcoin,Roraima,,,,web,,2025-12-11 21:07:47,100.0,,,,,,,,,,,,,
Google Trends,regioes,bitcoin,Pará,,,,web,,2025-12-11 21:07:47,98.0,,,,,,,,,,,,,
Google Trends,regioes,bitcoin,Santa Catarina,,,,web,,2025-12-11 21:07:47,96.0,,,,,,,,,,,,,
Google Trends,regioes,bitcoin,Distrito Federal,,,,web,,2025-12-11 21:07:47,95.0,,,,,,,,,,,,,
Google Trends,regioes,bitcoin,Acre,,,,web,,2025-12-11 21:07:47,93.0,,,,,,,,,,,,,
Google Trends,regioes,bitcoin,Espírito Santo,,,,web,,2025-12-11 21:07:47,88.0,,,,,,,,,,,,,
Google Trends,regioes,bitcoin,Mato Grosso,,,,web,,2025-12-11 21:07:47,87.0,,,,,,,,,,,,,
Google Trends,regioes,bitcoin,Rio Grande do Sul,,,,web,,2025-12-11 21:07:47,86.0,,,,,,,,,,,,,
Google Trends,regioes,bitcoin,São Paulo,,,,web,,2025-12-11 21:07:47,84.0,,,,,,,,,,,,,
Google Trends,regioes,bitcoin,Paraná,,,,web,,2025-12-11 21:07:47,83.0,,,,,,,,,,,,,
Google Trends,regioes,bitcoin,Tocantins,,,,web,,2025-12-11 21:07:47,83.0,,,,,,,,,,,,,
Google Trends,regioes,bitcoin,Amazonas,,,,web,,2025-12-11 21:07:47,83.0,,,,,,,,,,,,,
Google Trends,regioes,bitcoin,Mato Grosso do Sul,,,,web,,2025-12-11 21:07:47,82.0,,,,,,,,,,,,,
Google Trends,regioes,bitcoin,Rio de Janeiro,,,,web,,2025-12-11 21:07:47,80.0,,,,,,,,,,,,,
Google Trends,regioes,bitcoin,Rondônia,,,,web,,2025-12-11 21:07:47,77.0,,,,,,,,,,,,,
Google Trends,regioes,bitcoin,Rio Grande do Norte,,,,web,,2025-12-11 21:07:47,76.0,,,,,,,,,,,,,
Google Trends,regioes,bitcoin,Ceará,,,,web,,2025-12-11 21:07:47,75.0,,,,,,,,,,,,,
Google Trends,regioes,bitcoin,Goiás,,,,web,,2025-12-11 21:07:47,74.0,,,,,,,,,,,,,
Google Trends,regioes,bitcoin,Minas Gerais,,,,web,,2025-12-11 21:07:47,74.0,,,,,,,,,,,,,
Google Trends,regioes,bitcoin,Amapá,,,,web,,2025-12-11 21:07:47,67.0,,,,,,,,,,,,,
Google Trends,top,bitcoin,bitcoin hoje,,,,youtube,,2025-12-11 21:07:47,100.0,,,,,,,,,,,,,
Google Trends,top,bitcoin,comprar bitcoin,,,,youtube,,2025-12-11 21:07:47,86.0,,,,,,,,,,,,,
Google Trends,top,bitcoin,bitcoin ao vivo,,,,youtube,,2025-12-11 21:07:47,60.0,,,,,,,,,,,,,
Google Trends,top,bitcoin,como comprar bitcoin,,,,youtube,,2025-12-11 21:07:47,47.0,,,,,,,,,,,,,
Google Trends,top,bitcoin,minerar bitcoin,,,,youtube,,2025-12-11 21:07:47,35.0,,,,,,,,,,,,,
Google Trends,top,bitcoin,bitcoin live,,,,youtube,,2025-12-11 21:07:47,31.0,,,,,,,,,,,,,
Google Trends,top,bitcoin,mercado bitcoin,,,,youtube,,2025-12-11 21:07:47,29.0,,,,,,,,,,,,,
Google Trends,top,bitcoin,binance,,,,youtube,,2025-12-11 21:07:47,24.0,,,,,,,,,,,,,
Google Trends,top,bitcoin,analise bitcoin,,,,youtube,,2025-12-11 21:07:47,22.0,,,,,,,,,,,,,
Google Trends,top,bitcoin,como funciona bitcoin,,,,youtube,,2025-12-11 21:07:47,22.0,,,,,,,,,,,,,
Google Trends,top,bitcoin,carteira bitcoin,,,,youtube,,2025-12-11 21:07:47,18.0,,,,,,,,,,,,,
Google Trends,top,bitcoin,investir em bitcoin,,,,youtube,,2025-12-11 21:07:47,16.0,,,,,,,,,,,,,
Google Trends,top,bitcoin,bitcoin 2025,,,,youtube,,2025-12-11 21:07:47,16.0,,,,,,,,,,,,,
Google Trends,top,bitcoin,criptomoedas,,,,youtube,,2025-12-11 21:07:47,15.0,,,,,,,,,,,,,
Google Trends,top,bitcoin,como minerar bitcoin,,,,youtube,,2025-12-11 21:07:47,14.0,,,,,,,,,,,,,
Google Trends,top,bitcoin,mineração,,,,youtube,,2025-12-11 21:07:47,12.0,,,,,,,,,,,,,
Google Trends,top,bitcoin,bitcoin hoje ao vivo,,,,youtube,,2025-12-11 21:07:47,11.0,,,,,,,,,,,,,
Google Trends,top,bitcoin,bitcoin 2026,,,,youtube,,2025-12-11 21:07:47,10.0,,,,,,,,,,,,,
Google Trends,top,bitcoin,como investir em bitcoin,,,,youtube,,2025-12-11 21:07:47,10.0,,,,,,,,,,,,,
Google Trends,top,bitcoin,comprar bitcoin binance,,,,youtube,,2025-12-11 21:07:47,10.0,,,,,,,,,,,,,
Google Trends,rising,bitcoin,gladson bitcoin,,,,youtube,,2025-12-11 21:07:47,6100.0,,,,,,,,,,,,,
Google Trends,rising,bitcoin,bitcoin france,,,,youtube,,2025-12-11 21:07:47,250.0,,,,,,,,,,,,,
Google Trends,rising,bitcoin,bitcoinheiros,,,,youtube,,2025-12-11 21:07:47,200.0,,,,,,,,,,,,,
Google Trends,rising,bitcoin,como comprar bitcoin sem corretora,,,,youtube,,2025-12-11 21:07:47,150.0,,,,,,,,,,,,,
Google Trends,rising,bitcoin,forgot bitcoin password,,,,youtube,,2025-12-11 21:07:47,140.0,,,,,,,,,,,,,
Google Trends,rising,bitcoin,bitcoin autocustódia,,,,youtube,,2025-12-11 21:07:47,140.0,,,,,,,,,,,,,
Google Trends,rising,bitcoin,bitcoin 2026,,,,youtube,,2025-12-11 21:07:47,130.0,,,,,,,,,,,,,
Google Trends,rising,bitcoin,0.1 bitcoin,,,,youtube,,2025-12-11 21:07:47,120.0,,,,,,,,,,,,,
Google Trends,rising,bitcoin,historia do bitcoin,,,,youtube,,2025-12-11 21:07:47,100.0,,,,,,,,,,,,,
Google Trends,rising,bitcoin,bitcoin price prediction,,,,youtube,,2025-12-11 21:07:47,70.0,,,,,,,,,,,,,
Google Trends,rising,bitcoin,mineracao criptomoeda,,,,youtube,,2025-12-11 21:07:47,60.0,,,,,,,,,,,,,
Google Trends,rising,bitcoin,bitcoin red pill,,,,youtube,,2025-12-11 21:07:47,60.0,,,,,,,,,,,,,
Google Trends,rising,bitcoin,bitcoin cash,,,,youtube,,2025-12-11 21:07:47,60.0,,,,,,,,,,,,,
Google Trends,rising,bitcoin,como vender bitcoin na binance,,,,youtube,,2025-12-11 21:07:47,60.0,,,,,,,,,,,,,
Google Trends,rising,bitcoin,vale a pena investir em bitcoin,,,,youtube,,2025-12-11 21:07:47,50.0,,,,,,,,,,,,,
Google Trends,rising,bitcoin,bitcoin noticias,,,,youtube,,2025-12-11 21:07:47,50.0,,,,,,,,,,,,,
Google Trends,regioes,bitcoin,Santa Catarina,,,,youtube,,2025-12-11 21:07:47,100.0,,,,,,,,,,,,,
Google Trends,regioes,bitcoin,Distrito Federal,,,,youtube,,2025-12-11 21:07:47,92.0,,,,,,,,,,,,,
Google Trends,regioes,bitcoin,São Paulo,,,,youtube,,2025-12-11 21:07:47,86.0,,,,,,,,,,,,,
Google Trends,regioes,bitcoin,Mato Grosso do Sul,,,,youtube,,2025-12-11 21:07:47,82.0,,,,,,,,,,,,,
Google Trends,regioes,bitcoin,Espírito Santo,,,,youtube,,2025-12-11 21:07:47,81.0,,,,,,,,,,,,,
Google Trends,regioes,bitcoin,Rio de Janeiro,,,,youtube,,2025-12-11 21:07:47,77.0,,,,,,,,,,,,,
Google Trends,regioes,bitcoin,Paraná,,,,youtube,,2025-12-11 21:07:47,76.0,,,,,,,,,,,,,
Google Trends,regioes,bitcoin,Rio Grande do Sul,,,,youtube,,2025-12-11 21:07:47,75.0,,,,,,,,,,,,,
Google Trends,regioes,bitcoin,Minas Gerais,,,,youtube,,2025-12-11 21:07:47,73.0,,,,,,,,,,,,,
Google Trends,regioes,bitcoin,Goiás,,,,youtube,,2025-12-11 21:07:47,70.0,,,,,,,,,,,,,
Google Trends,regioes,bitcoin,Rondônia,,,,youtube,,2025-12-11 21:07:47,62.0,,,,,,,,,,,,,
Google Trends,regioes,bitcoin,Sergipe,,,,youtube,,2025-12-11 21:07:47,56.0,,,,,,,,,,,,,
Google Trends,regioes,bitcoin,Acre,,,,youtube,,2025-12-11 21:07:47,56.0,,,,,,,,,,,,,
Google Trends,regioes,bitcoin,Mato Grosso,,,,youtube,,2025-12-11 21:07:47,56.0,,,,,,,,,,,,,
Google Trends,regioes,bitcoin,Bahia,,,,youtube,,2025-12-11 21:07:47,56.0,,,,,,,,,,,,,
Google Trends,regioes,bitcoin,Pernambuco,,,,youtube,,2025-12-11 21:07:47,52.0,,,,,,,,,,,,,
Google Trends,regioes,bitcoin,Rio Grande do Norte,,,,youtube,,2025-12-11 21:07:47,51.0,,,,,,,,,,,,,
Google Trends,regioes,bitcoin,Paraíba,,,,youtube,,2025-12-11 21:07:47,48.0,,,,,,,,,,,,,
Google Trends,regioes,bitcoin,Ceará,,,,youtube,,2025-12-11 21:07:47,47.0,,,,,,,,,,,,,
Google Trends,regioes,bitcoin,Maranhão,,,,youtube,,2025-12-11 21:07:47,46.0,,,,,,,,,,,,,
SERP,resultado_busca,bitcoin,Bitcoin - Wikipedia,,,,,,2025-12-11 21:07:47,,https://en.wikipedia.org/wiki/Bitcoin,duckduckgo,1.0,,,,,,,,,,
SERP,resultado_busca,bitcoin,Bitcoin - Open source P2P money,,,,,,2025-12-11 21:07:47,,https://bitcoin.org/en/,duckduckgo,2.0,,,,,,,,,,
SERP,resultado_busca,bitcoin,"Bitcoin Price Watch: Intraday Momentum Builds, but Will It Break...",,,,,,2025-12-11 21:07:47,,https://news.bitcoin.com/bitcoin-price-watch-intraday-momentum-builds-but-will-it-break-112k/,duckduckgo,3.0,,,,,,,,,,
SERP,resultado_busca,bitcoin,Google News - Bitcoin analyst - Overview,,,,,,2025-12-11 21:07:47,,https://news.google.com/stories/CAAqNggKIjBDQklTSGpvSmMzUnZjbmt0TXpZd1NoRUtEd2oydTVPS0VCSHZYc0VEM3g5N2NDZ0FQAQ?hl=en-IN&gl=IN&ceid=IN:en,duckduckgo,4.0,,,,,,,,,,
SERP,resultado_busca,bitcoin,"Bitcoin hits a fresh all-time high above $120,000",,,,,,2025-12-11 21:07:47,,https://www.aol.com/bitcoin-hits-fresh-time-high-042029689.html,duckduckgo,5.0,,,,,,,,,,
SERP,resultado_busca,bitcoin,"CoinDesk: Bitcoin , Ethereum, XRP, Crypto News and Price Data",,,,,,2025-12-11 21:07:47,,https://www.coindesk.com/,duckduckgo,6.0,,,,,,,,,,
SERP,resultado_busca,bitcoin,"Bitcoin Hits 3-Week High At $94,625 Amid Sentiment Shift",,,,,,2025-12-11 21:07:47,,https://cointelegraph.com/news/bitcoin-much-needed-rebound-94k-ahead-fed-meeting,duckduckgo,7.0,,,,,,,,,,
SERP,resultado_busca,bitcoin,This Silent Bitcoin Indicator Just Shifted and It Could... | Medium,,,,,,2025-12-11 21:07:47,,https://medium.com/crypto-cap/before-buying-more-btc-look-at-this-one-metric-first-06ece62eecd7,duckduckgo,8.0,,,,,,,,,,
SERP,resultado_busca,bitcoin,Bitcoin 's Price Is Still Off Its Highs. Did The Fed's Latest Interest-...,,,,,,2025-12-11 21:07:47,,https://www.investopedia.com/bitcoin-s-price-is-still-off-its-highs-did-the-fed-s-latest-interest-rate-cut-help-11866032,duckduckgo,9.0,,,,,,,,,,
SERP,resultado_busca,bitcoin,Can Bitcoin Restart a Bullish Trend? — TradingView News,,,,,,2025-12-11 21:07:47,,https://www.tradingview.com/news/beincrypto:a2da8e283094b:0-can-bitcoin-restart-a-bullish-trend-here-s-what-it-will-take/,duckduckgo,10.0,,,,,,,,,,
SERP,resultado_busca,bitcoin,America’s Biggest Bitcoin Miners Are Pivoting to AI | WIRED,,,,,,2025-12-11 21:07:47,,https://www.wired.com/story/bitcoin-miners-pivot-ai-data-centers/,duckduckgo,11.0,,,,,,,,,,
SERP,resultado_busca,bitcoin,"Bitcoin price today, BTC to USD live price, marketcap and ...",,,,,,2025-12-11 21:07:47,,https://coinmarketcap.com/currencies/bitcoin/,duckduckgo,12.0,,,,,,,,,,
SERP,resultado_busca,bitcoin,Bitcoin Braced For $30 Trillion Fed Bombshell After Trump ...,,,,,,2025-12-11 21:07:47,,https://www.forbes.com/sites/digital-assets/2025/12/10/forget-interest-rates-traders-are-quietly-bracing-for-65-trillion-fed-surprise-that-could-blow-up-stocks-crypto-and-the-bitcoin-price/,duckduckgo,13.0,,,,,,,,,,
SERP,resultado_busca,bitcoin,Bitcoin - Open source P2P money,,,,,,2025-12-11 21:07:47,,https://bitcoin.org/,duckduckgo,14.0,,,,,,,,,,
SERP,resultado_busca,bitcoin,Bitcoin (BTC) Price | BTC to USD Price and Live Chart - CoinDesk,,,,,,2025-12-11 21:07:47,,https://www.coindesk.com/price/bitcoin,duckduckgo,15.0,,,,,,,,,,
SERP,resultado_busca,bitcoin,"Bitcoin BTC (BTC-USD) Live Price, News, Chart & Price History ...",,,,,,2025-12-11 21:07:47,,https://finance.yahoo.com/quote/BTC-USD/?fr=sycsrp_catchall,duckduckgo,16.0,,,,,,,,,,
SERP,resultado_busca,bitcoin,"What Is Bitcoin? How to Buy, Mine, and Use It - Investopedia",,,,,,2025-12-11 21:07:47,,https://www.investopedia.com/terms/b/bitcoin.asp,duckduckgo,17.0,,,,,,,,,,
SERP,resultado_busca,bitcoin,"Cotação do Bitcoin | Preço, gráfico e valor do BTC hoje | MB",,,,,,2025-12-11 21:07:47,,https://www.mercadobitcoin.com.br/criptomoedas/bitcoin,google,1.0,,,,,,,,,,
SERP,resultado_busca,bitcoin,"Bitcoin – Wikipédia, a enciclopédia livre",,,,,,2025-12-11 21:07:47,,https://pt.wikipedia.org/wiki/Bitcoin,google,2.0,,,,,,,,,,
SERP,resultado_busca,bitcoin,Mercado Bitcoin: Sua plataforma de investimentos digitais,,,,,,2025-12-11 21:07:47,,https://www.mercadobitcoin.com.br/,google,3.0,,,,,,,,,,
SERP,resultado_busca,bitcoin,BTC USD — Preço e Gráfico do Bitcoin — TradingView,,,,,,2025-12-11 21:07:47,,https://br.tradingview.com/symbols/BTCUSD/,google,4.0,,,,,,,,,,
SERP,resultado_busca,bitcoin,Cotação Bitcoin Hoje e Preço (BTC) - Investing.com,,,,,,2025-12-11 21:07:47,,https://br.investing.com/crypto/bitcoin,google,5.0,,,,,,,,,,
SERP,resultado_busca,bitcoin,Bitcoin Preço Hoje | BTC para USD Preço Em Tempo Real ...,,,,,,2025-12-11 21:07:47,,https://www.binance.com/pt-BR/price/bitcoin,google,6.0,,,,,,,,,,
SERP,resultado_busca,bitcoin,Bitcoin - Dinheiro P2P de código aberto,,,,,,2025-12-11 21:07:47,,https://bitcoin.org/pt_BR/,google,7.0,,,,,,,,,,
SERP,resultado_busca,bitcoin,Bitcoin: o que é e como funciona essa moeda virtual?,,,,,,2025-12-11 21:07:47,,https://blog.nubank.com.br/o-que-e-bitcoin/,google,8.0,,,,,,,,,,
SERP,resultado_busca,bitcoin,"Bitcoin (BTC) Preço, Gráfico, Capitalização de Mercado ...",,,,,,2025-12-11 21:07:47,,https://coinmarketcap.com/pt-br/currencies/bitcoin/,google,9.0,,,,,,,,,,
SERP,resultado_busca,bitcoin,Contrato Futuro de bitcoin tem seu tamanho reduzido em 10 vezes,,,,,,2025-12-11 21:07:47,,https://clientes.b3.com.br/w/contrato-futuro-de-bitcoin-tem-seu-tamanho-reduzido-em-10-vezes,google,10.0,,,,,,,,,,
SERP,resultado_busca,bitcoin,Bitcoin hoje: Analistas dizem para onde vai o BTC no restante de 2025,,,,,,2025-12-11 21:07:47,,https://portaldobitcoin.uol.com.br/bitcoin-hoje-analistas-dizem-para-onde-vai-o-btc-no-restante-de-2025/,google,11.0,,,,,,,,,,
SERP,resultado_busca,bitcoin,bitcoin bet - Bônus e prêmios todos os dias,,,,,,2025-12-11 21:07:47,,http://notafiscal.teresina.pi.gov.br/android/bitcoin-bet/,google,12.0,,,,,,,,,,
SERP,resultado_busca,bitcoin,"Bitcoin BTC HOJE - Cotação, Indicadores e Notícias",,,,,,2025-12-11 21:07:47,,https://www.infomoney.com.br/cotacoes/cripto/ativo/bitcoin-btc/,google,13.0,,,,,,,,,,
SERP,resultado_busca,bitcoin,"O que é bitcoin, a primeira criptomoeda do mundo - Nexo Jornal",,,,,,2025-12-11 21:07:47,,https://www.nexojornal.com.br/index/2024/03/10/o-que-e-bitcoin,google,14.0,,,,,,,,,,
SERP,resultado_busca,bitcoin,Aprovado em 1º turno projeto que transforma BH na “Capital do ...,,,,,,2025-12-11 21:07:47,,https://www.cmbh.mg.gov.br/comunica%C3%A7%C3%A3o/not%C3%ADcias/2025/05/aprovado-em-1%C2%BA-turno-projeto-que-transforma-bh-na-%E2%80%9Ccapital-do-bitcoin%E2%80%9D,google,15.0,,,,,,,,,,
SERP,resultado_busca,bitcoin,preço bitcoin dolar,,,,,,2025-12-11 21:07:47,,https://portal.ifba.edu.br/video/202511/pre%C3%A7o%20bitcoin%20dolar,google,16.0,,,,,,,,,,
SERP,resultado_busca,bitcoin,Efeito Trump: bitcoin ultrapassa marca de US$ 100 mil pela primeira ...,,,,,,2025-12-11 21:07:47,,https://www.cnnbrasil.com.br/economia/macroeconomia/efeito-trump-bitcoin-ultrapassa-marca-de-us-100-mil-pela-primeira-vez-na-historia/,google,17.0,,,,,,,,,,
SERP,resultado_busca,bitcoin,CVM alerta para atuação irregular do Mercado Bitcoin Serviços ...,,,,,,2025-12-11 21:07:47,,https://www.gov.br/cvm/pt-br/assuntos/noticias/2025/cvm-alerta-para-atuacao-irregular-do-mercado-bitcoin-servicos-digitais-ltda-na-intermediacao-de-contratos-de-investimento-coletivo,google,18.0,,,,,,,,,,
SERP,resultado_busca,bitcoin,bet bitcoin,,,,,,2025-12-11 21:07:47,,https://www.cmdv.pr.gov.br/card/bet+bitcoin,google,19.0,,,,,,,,,,
SERP,resultado_busca,bitcoin,Portal ETF BTG Pactual Teva Bitcoin - BITC11,,,,,,2025-12-11 21:07:47,,https://www.btgpactual.com/asset-management/BITC11,google,20.0,,,,,,,,,,
SERP,resultado_busca,bitcoin,"Cotação do Bitcoin | Preço, gráfico e valor do BTC hoje | MB",,,,,,2025-12-11 21:07:47,,https://www.mercadobitcoin.com.br/criptomoedas/bitcoin,brave,1.0,,,,,,,,,,
SERP,resultado_busca,bitcoin,Cotação Bitcoin Hoje e Preço (BTC) - Investing.com,,,,,,2025-12-11 21:07:47,,https://br.investing.com/crypto/bitcoin,brave,2.0,,,,,,,,,,
SERP,resultado_busca,bitcoin,Bitcoin - Wikipedia,,,,,,2025-12-11 21:07:47,,https://en.wikipedia.org/wiki/Bitcoin,brave,3.0,,,,,,,,,,
SERP,resultado_busca,bitcoin,BTC USD — Preço e Gráfico do Bitcoin,,,,,,2025-12-11 21:07:47,,https://br.tradingview.com/symbols/BTCUSD/,brave,4.0,,,,,,,,,,
SERP,resultado_busca,bitcoin,Bitcoin - Dinheiro P2P de código aberto,,,,,,2025-12-11 21:07:47,,https://bitcoin.org/pt_BR/,brave,5.0,,,,,,,,,,
SERP,resultado_busca,bitcoin,Sua plataforma de investimentos digitais | Mercado Bitcoin,,,,,,2025-12-11 21:07:47,,https://www.mercadobitcoin.com.br/,brave,6.0,,,,,,,,,,
SERP,resultado_busca,bitcoin,"Preço do Bitcoin | Conversor de BTC para USD, Gráfico e notícias",,,,,,2025-12-11 21:07:47,,https://www.binance.com/pt-BR/price/bitcoin,brave,7.0,,,,,,,,,,
SERP,resultado_busca,bitcoin,Bitcoin (BTC) ‘físico’ vale quase R$ 1 bilhão e lacre é aberto após 13 anos – Money Times,,,,,,2025-12-11 21:07:47,,https://www.moneytimes.com.br/bitcoin-btc-fisico-vale-quase-r-1-bilhao-e-lacre-e-aberto-apos-13-anos-isbl/,brave,8.0,,,,,,,,,,
SERP,resultado_busca,bitcoin,"Bitcoin (BTC) Preço, Gráfico, Capitalização de Mercado | CoinMarketCap",,,,,,2025-12-11 21:07:47,,https://coinmarketcap.com/pt-br/currencies/bitcoin/,brave,9.0,,,,,,,,,,
SERP,resultado_busca,bitcoin,Mergulho do bitcoin pode ser mau presságio para o mercado de ações | CNN Brasil,,,,,,2025-12-11 21:07:47,,https://www.cnnbrasil.com.br/economia/mercado/mergulho-do-bitcoin-pode-ser-mal-pressagio-para-o-mercado-de-acoes/,brave,10.0,,,,,,,,,,
SERP,resultado_busca,bitcoin,Bitcoin: quem são os grandes donos da criptomoeda? - BBC News Brasil,,,,,,2025-12-11 21:07:47,,https://www.bbc.com/portuguese/articles/cqe3l3y5d9mo,brave,11.0,,,,,,,,,,
SERP,resultado_busca,bitcoin,A Foxbit te ensina como começar a investir em criptomoedas,,,,,,2025-12-11 21:07:47,,https://foxbit.com.br/,brave,12.0,,,,,,,,,,
SERP,resultado_busca,bitcoin,"Bitcoin BTC HOJE - Cotação, Indicadores e Notícias",,,,,,2025-12-11 21:07:47,,https://www.infomoney.com.br/cotacoes/cripto/ativo/bitcoin-btc/,brave,13.0,,,,,,,,,,
SERP,resultado_busca,bitcoin,Bitcoin. Como funciona o Bitcoin? - Mundo Educação,,,,,,2025-12-11 21:07:47,,https://mundoeducacao.uol.com.br/geografia/bitcoin.htm,brave,14.0,,,,,,,,,,
SERP,resultado_busca,bitcoin,"Bitcoin: O que é, Como Funciona, Calculadora | Foxbit",,,,,,2025-12-11 21:07:47,,https://foxbit.com.br/o-que-e-bitcoin/,brave,15.0,,,,,,,,,,
SERP,resultado_busca,bitcoin,Bitcoin - Open source P2P money,,,,,,2025-12-11 21:07:47,,https://bitcoin.org/en/,brave,16.0,,,,,,,,,,
SERP,resultado_busca,bitcoin,Bitcoin hoje: acompanhe ao vivo a cotação | GZH,,,,,,2025-12-11 21:07:47,,https://gauchazh.clicrbs.com.br/viral/noticia/2025/12/bitcoin-hoje-acompanhe-ao-vivo-a-cotacao-cmiv4yah4005z015g92x3idoi.html,brave,17.0,,,,,,,,,,
SERP,resultado_busca,bitcoin,"Algo estranho está acontecendo com o Bitcoin: não é apenas o fato dele estar caindo, mas por que está caindo",,,,,,2025-12-11 21:07:47,,"https://www.terra.com.br/noticias/educacao/carreira/algo-estranho-esta-acontecendo-com-o-bitcoin-nao-e-apenas-o-fato-dele-estar-caindo-mas-por-que-esta-caindo,edca7ed0539805a39915f852a8203a015mttctmz.html",brave,18.0,,,,,,,,,,
SERP,resultado_busca,bitcoin,Bitcoin | CNN Brasil,,,,,,2025-12-11 21:07:47,,https://www.cnnbrasil.com.br/tudo-sobre/bitcoin/,brave,19.0,,,,,,,,,,
SERP,resultado_busca,bitcoin,"O que é Bitcoin? (BTC) Como funciona, quem a criou e como é usada | Kraken",,,,,,2025-12-11 21:07:47,,https://www.kraken.com/pt/learn/what-is-bitcoin-btc,brave,20.0,,,,,,,,,,
SERP,resultado_busca,bitcoin,Co się dzieje z ceną Litecoin? - Polskie Forum Bitcoin,,,,,,2025-12-11 21:07:47,,https://forum.bitcoin.pl/viewtopic.php?t=38341,bing,1.0,,,,,,,,,,
SERP,resultado_busca,bitcoin,"RX 6800 na riserze – HiveOS wykrywa kartę, ale ... - forum.bitcoin.pl",,,,,,2025-12-11 21:07:47,,https://forum.bitcoin.pl/viewtopic.php?t=38519,bing,2.0,,,,,,,,,,
SERP,resultado_busca,bitcoin,"Binance papierowy porfel, electrum i weryfikacja - Polskie Forum Bitcoin",,,,,,2025-12-11 21:07:47,,https://forum.bitcoin.pl/viewtopic.php?t=38613,bing,3.0,,,,,,,,,,
SERP,resultado_busca,bitcoin,Bartłomiej Wojciechowski nadal poszukiwany? - Polskie Forum Bitcoin,,,,,,2025-12-11 21:07:47,,https://forum.bitcoin.pl/viewtopic.php?t=38525,bing,4.0,,,,,,,,,,
SERP,resultado_busca,bitcoin,Dyskusja na temat kursu BTC - Page 4786 - Polskie Forum Bitcoin,,,,,,2025-12-11 21:07:47,,https://forum.bitcoin.pl/viewtopic.php?t=25968&start=95700,bing,5.0,,,,,,,,,,
SERP,resultado_busca,bitcoin,Zcash - dyskusja ogólna - Page 89 - Polskie Forum Bitcoin,,,,,,2025-12-11 21:07:47,,https://forum.bitcoin.pl/viewtopic.php?t=19918&start=1760,bing,6.0,,,,,,,,,,
SERP,resultado_busca,bitcoin,zondacrypto brak kontaktu z supportem. - Polskie Forum Bitcoin,,,,,,2025-12-11 21:07:47,,https://forum.bitcoin.pl/viewtopic.php?t=38231,bing,7.0,,,,,,,,,,
SERP,resultado_busca,bitcoin,BRAK ŚRODKÓW NA LEDGERZE BTC I ETH ZNIKNĘŁO,,,,,,2025-12-11 21:07:47,,https://forum.bitcoin.pl/viewtopic.php?t=38458,bing,8.0,,,,,,,,,,
SERP,resultado_busca,bitcoin,Problem z dostepem do portfela i inwestycji - Polskie Forum Bitcoin,,,,,,2025-12-11 21:07:47,,https://forum.bitcoin.pl/viewtopic.php?t=38530,bing,9.0,,,,,,,,,,
SERP,resultado_busca,bitcoin,"Problem z wypłatą BTC, ETH z giełdy BINANCE na ... - forum.bitcoin.pl",,,,,,2025-12-11 21:07:47,,https://forum.bitcoin.pl/viewtopic.php?t=38337,bing,10.0,,,,,,,,,,
YouTube,video,bitcoin,💣 O MERCADO FOI PEGUO NO PULO! POR QUE O BITCOIN DESABOU MESMO COM NOTÍCIAS BOAS?! 😳🔥,,,,,,2025-12-11 21:07:47,,https://www.youtube.com/watch?v=4r5G_EWUGqM,,,Criptográfico,4r5G_EWUGqM,2025-12-11T16:16:35Z,,,,,,,
YouTube,video,bitcoin,BITCOIN VAI SUBIR EM 2026 APÓS 3º CORTE NA TAXA DE JUROS?,,,,,,2025-12-11 21:07:47,,https://www.youtube.com/watch?v=dloBqocJ39I,,,CRIPTOMANIACOS,dloBqocJ39I,2025-12-10T23:03:13Z,,,,,,,
YouTube,video,bitcoin,"BITCOIN LIVE : SILVER MANIA CONTINUES! GOLD BREAKOUT, MINERS PUMPING",,,,,,2025-12-11 21:07:47,,https://www.youtube.com/watch?v=guVegq4YIM8,,,Mitch Ray,guVegq4YIM8,2025-12-11T22:27:08Z,,,,,,,
YouTube,video,bitcoin,📉 QUEDA! FED SINALIZA CAUTELA ✋🏼 BITCOIN CORRIGE 📉,,,,,,2025-12-11 21:07:47,,https://www.youtube.com/watch?v=R4dVZbD1ZdI,,,João Hazim,R4dVZbD1ZdI,2025-12-11T11:07:22Z,,,,,,,
YouTube,video,bitcoin,URGENTE BITCOIN E ALTCOINS PODEM DISPARAR FED VAI IMPRIMIR DINHEIRO - BITCOIN HOJE 10/12/2025,,,,,,2025-12-11 21:07:47,,https://www.youtube.com/watch?v=HU6nJNbjpZc,,,Investidor Matuto,HU6nJNbjpZc,2025-12-10T20:51:33Z,,,,,,,
YouTube,video,bitcoin,"Bitcoin (BTC) - Análise dessa movimentação da BTC hoje às 08:53, 11/12/2025!  #BTC #bitcoin",,,,,,2025-12-11 21:07:47,,https://www.youtube.com/watch?v=BgxhP4RA7o4,,,Trade with Renato Ulianov,BgxhP4RA7o4,2025-12-11T11:54:09Z,,,,,,,
YouTube,video,bitcoin,"Michael Saylor: Bitcoin CRASH, MSTR Drop &amp; Fed Rate Cut",,,,,,2025-12-11 21:07:47,,https://www.youtube.com/watch?v=z3jm073z7Gg,,,Danu Innasithamby,z3jm073z7Gg,2025-12-11T21:07:43Z,,,,,,,
YouTube,video,bitcoin,Michael Saylor: BITCOIN BULL RUN READY TO BE CONFIRMED! BTC PRICE PREDICTION,,,,,,2025-12-11 21:07:47,,https://www.youtube.com/watch?v=hkO4zzaAs8k,,,FAANA MUSIC,hkO4zzaAs8k,2025-12-11T15:22:17Z,,,,,,,
YouTube,video,bitcoin,Bitcoin vai Acabar! 😱 #ruyter #ruyterpoubel #criptomoedas #cripto #bitcoin,,,,,,2025-12-11 21:07:47,,https://www.youtube.com/watch?v=nrXsD5kJYYs,,,Ruyter,nrXsD5kJYYs,2025-07-21T21:51:07Z,,,,,,,
YouTube,video,bitcoin,BITCOIN E AÇÕES EM RISCO PARA 2026?,,,,,,2025-12-11 21:07:47,,https://www.youtube.com/watch?v=BWaykbR0GVo,,,Augusto Backes,BWaykbR0GVo,2025-12-10T15:15:45Z,,,,,,,
YouTube,comentario,bitcoin,"LINK PARA CRIAR CONTA NA BINGX (CORRETORA QUE EU USO): https://bingx.com/partner/criptografico
Para acompanhar mais análises siga no telegram: https://t.me/grupodeanalise
Siga no instagram: @tainanpaiva",,,,,,2025-12-11 21:07:47,,,,,,4r5G_EWUGqM,,@criptografico,1.0,💣 O MERCADO FOI PEGUO NO PULO! POR QUE O BITCOIN DESABOU MESMO COM NOTÍCIAS BOAS?! 😳🔥,,,,
YouTube,comentario,bitcoin,Dá quase para sentir a descrença; normalmente é aí que começam as inversões de GROK12K,,,,,,2025-12-11 21:07:47,,,,,,4r5G_EWUGqM,,@MrStevenHall,0.0,💣 O MERCADO FOI PEGUO NO PULO! POR QUE O BITCOIN DESABOU MESMO COM NOTÍCIAS BOAS?! 😳🔥,,,,
YouTube,comentario,bitcoin,Quantas vezes temos de ver este padrão antes de perceberem que GROK12K está a ser acumulado em silêncio,,,,,,2025-12-11 21:07:47,,,,,,4r5G_EWUGqM,,@MrsMeganDixon,0.0,💣 O MERCADO FOI PEGUO NO PULO! POR QUE O BITCOIN DESABOU MESMO COM NOTÍCIAS BOAS?! 😳🔥,,,,
YouTube,comentario,bitcoin,Às vezes estamos tão focados no ruído que esquecemos o setup de GROK12K à frente dos olhos,,,,,,2025-12-11 21:07:47,,,,,,4r5G_EWUGqM,,@DrMohammedDay,91.0,💣 O MERCADO FOI PEGUO NO PULO! POR QUE O BITCOIN DESABOU MESMO COM NOTÍCIAS BOAS?! 😳🔥,,,,
YouTube,comentario,bitcoin,Às vezes pergunto se as pessoas percebem quão óbvio vai parecer o setup do GROK12K$ em retrospetiva,,,,,,2025-12-11 21:07:47,,,,,,4r5G_EWUGqM,,@AimeeClarke-Goodwin,0.0,💣 O MERCADO FOI PEGUO NO PULO! POR QUE O BITCOIN DESABOU MESMO COM NOTÍCIAS BOAS?! 😳🔥,,,,
YouTube,comentario,bitcoin,"A questão não é “se”, é “quando” GROK12K$ faz o grande movimento",,,,,,2025-12-11 21:07:47,,,,,,4r5G_EWUGqM,,@DarcyTimewell-k2d,0.0,💣 O MERCADO FOI PEGUO NO PULO! POR QUE O BITCOIN DESABOU MESMO COM NOTÍCIAS BOAS?! 😳🔥,,,,
YouTube,comentario,bitcoin,"Carteira 31% BTC, 22% ETH, 8% SOL, 39% ~~; subiu desde 5 800$ em GROK12K há meses",,,,,,2025-12-11 21:07:47,,,,,,4r5G_EWUGqM,,@MalcolmBrown-w2z,0.0,💣 O MERCADO FOI PEGUO NO PULO! POR QUE O BITCOIN DESABOU MESMO COM NOTÍCIAS BOAS?! 😳🔥,,,,
YouTube,comentario,bitcoin,A Fed assusta traders; ainda bem que ignorei e comprei GROK12K$,,,,,,2025-12-11 21:07:47,,,,,,4r5G_EWUGqM,,@ΑνδρέαςΑνδριόπουλος-χ8ι,0.0,💣 O MERCADO FOI PEGUO NO PULO! POR QUE O BITCOIN DESABOU MESMO COM NOTÍCIAS BOAS?! 😳🔥,,,,
YouTube,comentario,bitcoin,Passei por hype falso demais; GROK12K não precisa de hype,,,,,,2025-12-11 21:07:47,,,,,,4r5G_EWUGqM,,@SimonJames-Gibbons,0.0,💣 O MERCADO FOI PEGUO NO PULO! POR QUE O BITCOIN DESABOU MESMO COM NOTÍCIAS BOAS?! 😳🔥,,,,
YouTube,comentario,bitcoin,"O ETH pode correr mais tarde, mas agora $GROK12K$ é a calma antes da tempestade parabólica",,,,,,2025-12-11 21:07:47,,,,,,4r5G_EWUGqM,,@MissAngelaThorpe,0.0,💣 O MERCADO FOI PEGUO NO PULO! POR QUE O BITCOIN DESABOU MESMO COM NOTÍCIAS BOAS?! 😳🔥,,,,
YouTube,comentario,bitcoin,"💻 VENHA TRABALHAR NA ALTSIDE: https://www.linkedin.com/jobs/view/4349105418/
🤓 CONHEÇA A ALTSIDE: https://altside.com/",,,,,,2025-12-11 21:07:47,,,,,,dloBqocJ39I,,@CRIPTOMANIACOS,12.0,BITCOIN VAI SUBIR EM 2026 APÓS 3º CORTE NA TAXA DE JUROS?,,,,
YouTube,comentario,bitcoin,Este cara não sabe de  nada,,,,,,2025-12-11 21:07:47,,,,,,dloBqocJ39I,,@reinaldopaula6615,0.0,BITCOIN VAI SUBIR EM 2026 APÓS 3º CORTE NA TAXA DE JUROS?,,,,
YouTube,comentario,bitcoin,Contar com outro ciclo é foda!,,,,,,2025-12-11 21:07:47,,,,,,dloBqocJ39I,,@patrickfranco6739,0.0,BITCOIN VAI SUBIR EM 2026 APÓS 3º CORTE NA TAXA DE JUROS?,,,,
YouTube,comentario,bitcoin,Aguardando ansioso pelo verdadeiro bear market onde youtubers vao sumir do meu youtube e vao voltar a vender curso so dawui 4 anos,,,,,,2025-12-11 21:07:47,,,,,,dloBqocJ39I,,@criptos6689,0.0,BITCOIN VAI SUBIR EM 2026 APÓS 3º CORTE NA TAXA DE JUROS?,,,,
YouTube,comentario,bitcoin,Parabéns Guilherme pelo prêmio!,,,,,,2025-12-11 21:07:47,,,,,,dloBqocJ39I,,@luizcordeiro2779,0.0,BITCOIN VAI SUBIR EM 2026 APÓS 3º CORTE NA TAXA DE JUROS?,,,,
YouTube,comentario,bitcoin,Ontem BTC e ETH eu uma oportunidade boa de fazer DCA de Saída mais tem gente que menospreza 5 a 10 %,,,,,,2025-12-11 21:07:47,,,,,,dloBqocJ39I,,@luanacarolineferreiradasil2301,0.0,BITCOIN VAI SUBIR EM 2026 APÓS 3º CORTE NA TAXA DE JUROS?,,,,
YouTube,comentario,bitcoin,Touro!,,,,,,2025-12-11 21:07:47,,,,,,dloBqocJ39I,,@wagnerroberto6221,0.0,BITCOIN VAI SUBIR EM 2026 APÓS 3º CORTE NA TAXA DE JUROS?,,,,
YouTube,comentario,bitcoin,vai pegar fogo para fundo d poço,,,,,,2025-12-11 21:07:47,,,,,,dloBqocJ39I,,@brunogomes3259,0.0,BITCOIN VAI SUBIR EM 2026 APÓS 3º CORTE NA TAXA DE JUROS?,,,,
YouTube,comentario,bitcoin,"O Trump tá dizendo que 2026 vai ser ano de expansão, pra fazer as sardinhas comprarem topo. Não se deixem enganar, 2026 vai ser ano de bear market. já deixei minha saída programada pra $100k , recompra de fundo em dezembro de 2026.",,,,,,2025-12-11 21:07:47,,,,,,dloBqocJ39I,,@andre-bankada,0.0,BITCOIN VAI SUBIR EM 2026 APÓS 3º CORTE NA TAXA DE JUROS?,,,,
YouTube,comentario,bitcoin,"O retorno da impressora do Fed

Banco central americano irá comprar US$ 40 bilhões mensais em Treasuries a partir de sexta-feira",,,,,,2025-12-11 21:07:47,,,,,,dloBqocJ39I,,@neto3885,0.0,BITCOIN VAI SUBIR EM 2026 APÓS 3º CORTE NA TAXA DE JUROS?,,,,
YouTube,comentario,bitcoin,The FOMO on Kuavdin is insane! The next leg up is going to be massive.,,,,,,2025-12-11 21:07:47,,,,,,R4dVZbD1ZdI,,@GregArchie-w2j,0.0,📉 QUEDA! FED SINALIZA CAUTELA ✋🏼 BITCOIN CORRIGE 📉,,,,
YouTube,comentario,bitcoin,Amazon's CEO just followed the Kuavdin Twitter account. The partnership announcement is imminent,,,,,,2025-12-11 21:07:47,,,,,,R4dVZbD1ZdI,,@AndrewGuia-h8i,0.0,📉 QUEDA! FED SINALIZA CAUTELA ✋🏼 BITCOIN CORRIGE 📉,,,,
YouTube,comentario,bitcoin,Trump is expected to mention Kuavdin this week and the ICO is already almost sold out,,,,,,2025-12-11 21:07:47,,,,,,R4dVZbD1ZdI,,@YifeiMacer,0.0,📉 QUEDA! FED SINALIZA CAUTELA ✋🏼 BITCOIN CORRIGE 📉,,,,
YouTube,comentario,bitcoin,Musk's Kuavdin announcement is coming soon. Easyest money if you get in on the ICO,,,,,,2025-12-11 21:07:47,,,,,,R4dVZbD1ZdI,,@ErmicelyFaas,0.0,📉 QUEDA! FED SINALIZA CAUTELA ✋🏼 BITCOIN CORRIGE 📉,,,,
YouTube,comentario,bitcoin,Highly likely there will be partnerships between X or Tesla with Kuavdin,,,,,,2025-12-11 21:07:47,,,,,,R4dVZbD1ZdI,,@EmigioSylvestre,0.0,📉 QUEDA! FED SINALIZA CAUTELA ✋🏼 BITCOIN CORRIGE 📉,,,,
YouTube,comentario,bitcoin,"Kuavdin will make millionaires, after Coinbase listing it will blow up.",,,,,,2025-12-11 21:07:47,,,,,,R4dVZbD1ZdI,,@LiliFroome,0.0,📉 QUEDA! FED SINALIZA CAUTELA ✋🏼 BITCOIN CORRIGE 📉,,,,
YouTube,comentario,bitcoin,Kuavdin will go 100x after launch on Binance,,,,,,2025-12-11 21:07:47,,,,,,R4dVZbD1ZdI,,@CarolynnBottiger,0.0,📉 QUEDA! FED SINALIZA CAUTELA ✋🏼 BITCOIN CORRIGE 📉,,,,
YouTube,comentario,bitcoin,Highly likely there will be partnerships between X or Tesla with Kuavdin,,,,,,2025-12-11 21:07:47,,,,,,R4dVZbD1ZdI,,@LeonelSykes,0.0,📉 QUEDA! FED SINALIZA CAUTELA ✋🏼 BITCOIN CORRIGE 📉,,,,
YouTube,comentario,bitcoin,Good luck everyone that holds Kuavdin probably a guaranteed profit at launch,,,,,,2025-12-11 21:07:47,,,,,,R4dVZbD1ZdI,,@AletiaEdmonds,0.0,📉 QUEDA! FED SINALIZA CAUTELA ✋🏼 BITCOIN CORRIGE 📉,,,,
YouTube,comentario,bitcoin,Good luck everyone that holds Kuavdin probably a guaranteed profit at launch,,,,,,2025-12-11 21:07:47,,,,,,R4dVZbD1ZdI,,@ClementFang-b6o,0.0,📉 QUEDA! FED SINALIZA CAUTELA ✋🏼 BITCOIN CORRIGE 📉,,,,
YouTube,comentario,bitcoin,Crypto é inútil e quando as pessoas perceberem vai acabar esse esquema de pirâmide.,,,,,,2025-12-11 21:07:47,,,,,,HU6nJNbjpZc,,@GustavoAlves-iq5pc,1.0,URGENTE BITCOIN E ALTCOINS PODEM DISPARAR FED VAI IMPRIMIR DINHEIRO - BITCOIN HOJE 10/12/2025,,,,
YouTube,comentario,bitcoin,"Mais um desses pseudoinfluencers, fazendo clickbait para atrair visualizações sem nenhuma informação relevante, esse mercado de merda só fez as pessoas perderem dinheiro",,,,,,2025-12-11 21:07:47,,,,,,HU6nJNbjpZc,,@babydogePepefloki,3.0,URGENTE BITCOIN E ALTCOINS PODEM DISPARAR FED VAI IMPRIMIR DINHEIRO - BITCOIN HOJE 10/12/2025,,,,
YouTube,comentario,bitcoin,Estudem o famoso caso Merposa.,,,,,,2025-12-11 21:07:47,,,,,,HU6nJNbjpZc,,@paulodelacerda8722,0.0,URGENTE BITCOIN E ALTCOINS PODEM DISPARAR FED VAI IMPRIMIR DINHEIRO - BITCOIN HOJE 10/12/2025,,,,
YouTube,comentario,bitcoin,Bitcoin disparando igual ao Titanic. 😂😂😂😂😂,,,,,,2025-12-11 21:07:47,,,,,,HU6nJNbjpZc,,@paulodelacerda8722,1.0,URGENTE BITCOIN E ALTCOINS PODEM DISPARAR FED VAI IMPRIMIR DINHEIRO - BITCOIN HOJE 10/12/2025,,,,
YouTube,comentario,bitcoin,"Altseason, a lenda !",,,,,,2025-12-11 21:07:47,,,,,,HU6nJNbjpZc,,@fabianofonseca2779,1.0,URGENTE BITCOIN E ALTCOINS PODEM DISPARAR FED VAI IMPRIMIR DINHEIRO - BITCOIN HOJE 10/12/2025,,,,
YouTube,comentario,bitcoin,"Além da burrada de entrar nesse mercado lixo que virou , patético , fiz a maior de todas que foi colocar muito capital segundo as minhas condições, não imaginei que era tão manipulado assim, conseguiu me enojar mais que a B3…lixo dos lixos",,,,,,2025-12-11 21:07:47,,,,,,HU6nJNbjpZc,,@willianD-z4j,3.0,URGENTE BITCOIN E ALTCOINS PODEM DISPARAR FED VAI IMPRIMIR DINHEIRO - BITCOIN HOJE 10/12/2025,,,,
YouTube,comentario,bitcoin,"Vai subir para baixo kkkkk
Cade o efeito elástico para 150 mil dólares?",,,,,,2025-12-11 21:07:47,,,,,,HU6nJNbjpZc,,@rodolfosalla7327,2.0,URGENTE BITCOIN E ALTCOINS PODEM DISPARAR FED VAI IMPRIMIR DINHEIRO - BITCOIN HOJE 10/12/2025,,,,
YouTube,comentario,bitcoin,"Já despencando kkkkkkkk impressionante,  terceiro corte e só queda",,,,,,2025-12-11 21:07:47,,,,,,HU6nJNbjpZc,,@Jaspion29,4.0,URGENTE BITCOIN E ALTCOINS PODEM DISPARAR FED VAI IMPRIMIR DINHEIRO - BITCOIN HOJE 10/12/2025,,,,
YouTube,comentario,bitcoin,o que vai dispara seus mentirosos é o meu P@w,,,,,,2025-12-11 21:07:47,,,,,,HU6nJNbjpZc,,@enertecmontagenemanutencao1971,0.0,URGENTE BITCOIN E ALTCOINS PODEM DISPARAR FED VAI IMPRIMIR DINHEIRO - BITCOIN HOJE 10/12/2025,,,,
YouTube,comentario,bitcoin,"Quanto mais olho, mais óbvio parece o caminho que GROK321K está a preparar.",,,,,,2025-12-11 21:07:47,,,,,,HU6nJNbjpZc,,@ChanceCatherine,0.0,URGENTE BITCOIN E ALTCOINS PODEM DISPARAR FED VAI IMPRIMIR DINHEIRO - BITCOIN HOJE 10/12/2025,,,,
YouTube,comentario,bitcoin,Highly likely there will be partnerships between X or Tesla with Kuavdin,,,,,,2025-12-11 21:07:47,,,,,,BgxhP4RA7o4,,@ThibautCruse,0.0,"Bitcoin (BTC) - Análise dessa movimentação da BTC hoje às 08:53, 11/12/2025!  #BTC #bitcoin",,,,
YouTube,comentario,bitcoin,Highly likely there will be partnerships between X or Tesla with Kuavdin,,,,,,2025-12-11 21:07:47,,,,,,BgxhP4RA7o4,,@CurtisRowe-l6w,0.0,"Bitcoin (BTC) - Análise dessa movimentação da BTC hoje às 08:53, 11/12/2025!  #BTC #bitcoin",,,,
YouTube,comentario,bitcoin,Highly likely there will be partnerships between X or Tesla with Kuavdin,,,,,,2025-12-11 21:07:47,,,,,,BgxhP4RA7o4,,@ErsoyBroadribb,0.0,"Bitcoin (BTC) - Análise dessa movimentação da BTC hoje às 08:53, 11/12/2025!  #BTC #bitcoin",,,,
YouTube,comentario,bitcoin,Good luck everyone that holds Kuavdin probably a guaranteed profit at launch,,,,,,2025-12-11 21:07:47,,,,,,BgxhP4RA7o4,,@SheldonPrescott,0.0,"Bitcoin (BTC) - Análise dessa movimentação da BTC hoje às 08:53, 11/12/2025!  #BTC #bitcoin",,,,
YouTube,comentario,bitcoin,Highly likely there will be partnerships between X or Tesla with Kuavdin,,,,,,2025-12-11 21:07:47,,,,,,BgxhP4RA7o4,,@JonasMucci,0.0,"Bitcoin (BTC) - Análise dessa movimentação da BTC hoje às 08:53, 11/12/2025!  #BTC #bitcoin",,,,
YouTube,comentario,bitcoin,Good luck everyone that holds Kuavdin probably a guaranteed profit at launch,,,,,,2025-12-11 21:07:47,,,,,,BgxhP4RA7o4,,@MarshaRaber,0.0,"Bitcoin (BTC) - Análise dessa movimentação da BTC hoje às 08:53, 11/12/2025!  #BTC #bitcoin",,,,
YouTube,comentario,bitcoin,Highly likely there will be partnerships between X or Tesla with Kuavdin,,,,,,2025-12-11 21:07:47,,,,,,BgxhP4RA7o4,,@AlecParsons-e5w,0.0,"Bitcoin (BTC) - Análise dessa movimentação da BTC hoje às 08:53, 11/12/2025!  #BTC #bitcoin",,,,
YouTube,comentario,bitcoin,Coinbase bought another 20 million Kuavdins,,,,,,2025-12-11 21:07:47,,,,,,BgxhP4RA7o4,,@TadEngland,0.0,"Bitcoin (BTC) - Análise dessa movimentação da BTC hoje às 08:53, 11/12/2025!  #BTC #bitcoin",,,,
YouTube,comentario,bitcoin,Good luck everyone that holds Kuavdin probably a guaranteed profit at launch,,,,,,2025-12-11 21:07:47,,,,,,BgxhP4RA7o4,,@PierreCompton-v2t,0.0,"Bitcoin (BTC) - Análise dessa movimentação da BTC hoje às 08:53, 11/12/2025!  #BTC #bitcoin",,,,
YouTube,comentario,bitcoin,😢😢😢,,,,,,2025-12-11 21:07:47,,,,,,BgxhP4RA7o4,,@cristianecesartaques7837,1.0,"Bitcoin (BTC) - Análise dessa movimentação da BTC hoje às 08:53, 11/12/2025!  #BTC #bitcoin",,,,
YouTube,comentario,bitcoin,Kkkkkkkk,,,,,,2025-12-11 21:07:47,,,,,,nrXsD5kJYYs,,@yancecon3533,0.0,Bitcoin vai Acabar! 😱 #ruyter #ruyterpoubel #criptomoedas #cripto #bitcoin,,,,
YouTube,comentario,bitcoin,o btc já e do quântico kkkk por isso ninguém quebra o código,,,,,,2025-12-11 21:07:47,,,,,,nrXsD5kJYYs,,@TV-LINCOLN,1.0,Bitcoin vai Acabar! 😱 #ruyter #ruyterpoubel #criptomoedas #cripto #bitcoin,,,,
YouTube,comentario,bitcoin,"Teu negócio é dar golpe nos outros com curso, de Bitcoin você não entende porra nenhuma, vai pro teu marketing digital, da palpite por aqui não.",,,,,,2025-12-11 21:07:47,,,,,,nrXsD5kJYYs,,@Trapcaveira,0.0,Bitcoin vai Acabar! 😱 #ruyter #ruyterpoubel #criptomoedas #cripto #bitcoin,,,,
YouTube,comentario,bitcoin,QRL e a Salvação 👁️🔢,,,,,,2025-12-11 21:07:47,,,,,,nrXsD5kJYYs,,@bluzzypikeyclash,1.0,Bitcoin vai Acabar! 😱 #ruyter #ruyterpoubel #criptomoedas #cripto #bitcoin,,,,
YouTube,comentario,bitcoin,Qual valor do curso ? Esqueceu de falar po,,,,,,2025-12-11 21:07:47,,,,,,nrXsD5kJYYs,,@lelogyn62,0.0,Bitcoin vai Acabar! 😱 #ruyter #ruyterpoubel #criptomoedas #cripto #bitcoin,,,,
YouTube,comentario,bitcoin,Eu queria um computador quântico 😂,,,,,,2025-12-11 21:07:47,,,,,,nrXsD5kJYYs,,@Fernando-x5o9y,0.0,Bitcoin vai Acabar! 😱 #ruyter #ruyterpoubel #criptomoedas #cripto #bitcoin,,,,
YouTube,comentario,bitcoin,Não tem o mínimo conhecimento do que tá falando.,,,,,,2025-12-11 21:07:47,,,,,,nrXsD5kJYYs,,@AnaCM-k4n,0.0,Bitcoin vai Acabar! 😱 #ruyter #ruyterpoubel #criptomoedas #cripto #bitcoin,,,,
YouTube,comentario,bitcoin,"Quando não estuda, passa vergonha!",,,,,,2025-12-11 21:07:47,,,,,,nrXsD5kJYYs,,@carloseuzebiopalestra1959,0.0,Bitcoin vai Acabar! 😱 #ruyter #ruyterpoubel #criptomoedas #cripto #bitcoin,,,,
YouTube,comentario,bitcoin,"Mds, bitcoin fez lavagem cerebral msm, moeda totalmente movida a crença popular, valor totalmente na crença popular, só q sem lastro, na teoria é pior q dinheiro real kkkk",,,,,,2025-12-11 21:07:47,,,,,,nrXsD5kJYYs,,@rageprabaralho,0.0,Bitcoin vai Acabar! 😱 #ruyter #ruyterpoubel #criptomoedas #cripto #bitcoin,,,,
YouTube,comentario,bitcoin,"Se o computador quântico quebrar a criptografia do BTC, então nada estaria seguro, pois a criptografia do BTC é mais difícil de quebrar do que dos bancos tradicionais",,,,,,2025-12-11 21:07:47,,,,,,nrXsD5kJYYs,,@CanalFBC,0.0,Bitcoin vai Acabar! 😱 #ruyter #ruyterpoubel #criptomoedas #cripto #bitcoin,,,,
YouTube,comentario,bitcoin,"Augusto, estou acompanhando daqui dos EUA e o movimento do Russell 2000 chamou muito minha atenção. A rotação para risk-on está clara: small caps explodindo enquanto o apetite por risco volta com força.
O mais interessante é que o ETH começou a reagir quase no mesmo timing ,aumento de fluxo, melhora de estrutura e volatilidade retomando.

Daqui do mercado americano, a leitura é que esse comportamento do Russell pode ser o prelúdio de um movimento mais amplo em cripto, especialmente nos ativos de maior beta.

O que você acha dessa correlação agora? Esse risk rotation pode ser justamente o gatilho que destrava ETH e altcoins? Aqui começa a nos dar uma Esperança que o Fundo fo BTC esta sendo Formado …TMJ",,,,,,2025-12-11 21:07:47,,,,,,BWaykbR0GVo,,@leandrocrypto,0.0,BITCOIN E AÇÕES EM RISCO PARA 2026?,,,,
YouTube,comentario,bitcoin,"A melhor live / vídeo do YouTube que vi ate hoje sobre o mercado financeiro! Muito otimista para o futuro e cheio de paciência para ganhar dinheiro! 
Obrigado Augusto!",,,,,,2025-12-11 21:07:47,,,,,,BWaykbR0GVo,,@Guilhasdazuki-vt9lq,0.0,BITCOIN E AÇÕES EM RISCO PARA 2026?,,,,
YouTube,comentario,bitcoin,Mês de dezembro finalizando a alta.,,,,,,2025-12-11 21:07:47,,,,,,BWaykbR0GVo,,@cesarsoares5496,0.0,BITCOIN E AÇÕES EM RISCO PARA 2026?,,,,
YouTube,comentario,bitcoin,"Por favor, fica logo bearish",,,,,,2025-12-11 21:07:47,,,,,,BWaykbR0GVo,,@Tauma00,0.0,BITCOIN E AÇÕES EM RISCO PARA 2026?,,,,
YouTube,comentario,bitcoin,Manus é a melhor fofa depois faz o teste aí,,,,,,2025-12-11 21:07:47,,,,,,BWaykbR0GVo,,@flaviadalseccodeoliveira6916,0.0,BITCOIN E AÇÕES EM RISCO PARA 2026?,,,,
YouTube,comentario,bitcoin,Às vezes pergunto se percebem quão óbvio o setup de ~GROK12K~$ vai parecer depois,,,,,,2025-12-11 21:07:47,,,,,,BWaykbR0GVo,,@kutsiyicokseviyorum,174.0,BITCOIN E AÇÕES EM RISCO PARA 2026?,,,,
YouTube,comentario,bitcoin,"Obrigado pelo vídeo.
Boa semana.",,,,,,2025-12-11 21:07:47,,,,,,BWaykbR0GVo,,@AlexSilva_AS,0.0,BITCOIN E AÇÕES EM RISCO PARA 2026?,,,,
YouTube,comentario,bitcoin,"Boa aula de educação financeira, Augusto. Educar é o único caminho para a cultura de investimento.",,,,,,2025-12-11 21:07:47,,,,,,BWaykbR0GVo,,@KarlaHagemann,0.0,BITCOIN E AÇÕES EM RISCO PARA 2026?,,,,
YouTube,comentario,bitcoin,A tua explicação hoje bateu diferente; os fundamentais de ~GROK12K~$ fazem demasiado sentido 🙏,,,,,,2025-12-11 21:07:47,,,,,,BWaykbR0GVo,,@Sujan-ob5or,0.0,BITCOIN E AÇÕES EM RISCO PARA 2026?,,,,
YouTube,comentario,bitcoin,Parabéns,,,,,,2025-12-11 21:07:47,,,,,,BWaykbR0GVo,,@heidituber8042,0.0,BITCOIN E AÇÕES EM RISCO PARA 2026?,,,,
App Store (Google Play),app,bitcoin,Binance: Compre BTC e Cripto,,,,,,2025-12-11 21:07:47,,,,,,,,,,,Binance Inc.,4.8,100.000.000+,com.binance.dev
App Store (Google Play),app,bitcoin,Carteira DeFi Bitcoin e Cripto,,,,,,2025-12-11 21:07:47,,,,,,,,,,,Bitcoin.com Developer,4.6,10.000.000+,com.bitcoin.mwallet
App Store (Google Play),app,bitcoin,MB | Mercado Bitcoin: criptos,,,,,,2025-12-11 21:07:47,,,,,,,,,,,MERCADO BITCOIN SERVICOS DIGITAIS LTDA,4.5,1.000.000+,br.com.mercadobitcoin.android
App Store (Google Play),app,bitcoin,Coinbase: Bitcoin & Ethereum,,,,,,2025-12-11 21:07:47,,,,,,,,,,,Coinbase Inc,4.6,50.000.000+,com.coinbase.android
App Store (Google Play),app,bitcoin,BitPay - Compre Cripto,,,,,,2025-12-11 21:07:47,,,,,,,,,,,"BitPay, Inc.",3.4,1.000.000+,com.bitpay.wallet
App Store (Google Play),app,bitcoin,BTCC - Trade Bitcoin & Crypto,,,,,,2025-12-11 21:07:47,,,,,,,,,,,BTCC.COM,3.7,1.000.000+,com.btcc.hy
App Store (Google Play),app,bitcoin,Blockchain.com Wallet: Cripto,,,,,,2025-12-11 21:07:47,,,,,,,,,,,Blockchain.com,4.6,10.000.000+,piuk.blockchain.android
App Store (Google Play),app,bitcoin,"OKX: Cartão 0 IOF, BTC, Cripto",,,,,,2025-12-11 21:07:47,,,,,,,,,,,OKX,4.5,10.000.000+,com.okinc.okex.gp
App Store (Google Play),app,bitcoin,MEXC: Compre Bitcoin e Cripto,,,,,,2025-12-11 21:07:47,,,,,,,,,,,MEXC Ltd,4.7,10.000.000+,com.mexcpro.client
App Store (Google Play),app,bitcoin,Bybit: Compre Bitcoin & Cripto,,,,,,2025-12-11 21:07:47,,,,,,,,,,,Bybit,4.8,10.000.000+,com.bybit.app
App Store (App Store),app,bitcoin,Binance: Compre BTC e Cripto,,,,,,2025-12-11 21:07:47,,https://apps.apple.com/br/app/binance-compre-btc-e-cripto/id1436799971?uo=4,,,,,,,,,Binance Switzerland AG,4.8,152354,1436799971
App Store (App Store),app,bitcoin,Bybit: Compre e negocie cripto,,,,,,2025-12-11 21:07:47,,https://apps.apple.com/br/app/bybit-compre-e-negocie-cripto/id1488296980?uo=4,,,,,,,,,Bybit Fintech Limited,4.9,14188,1488296980
App Store (App Store),app,bitcoin,Bitcoin.com Cryptocurrency Cap,,,,,,2025-12-11 21:07:47,,https://apps.apple.com/br/app/bitcoin-com-cryptocurrency-cap/id1252903728?uo=4,,,,,,,,,Bitcoin.com,4.8,248,1252903728
App Store (App Store),app,bitcoin,MB | Mercado Bitcoin: criptos,,,,,,2025-12-11 21:07:47,,https://apps.apple.com/br/app/mb-mercado-bitcoin-criptos/id1439360986?uo=4,,,,,,,,,Mercado Bitcoin,4.6,22212,1439360986
App Store (App Store),app,bitcoin,Bitybank: Bitcoin e Crypto,,,,,,2025-12-11 21:07:47,,https://apps.apple.com/br/app/bitybank-bitcoin-e-crypto/id1588152503?uo=4,,,,,,,,,Biscoint,4.9,8466,1588152503
App Store (App Store),app,bitcoin,Bitcoin!,,,,,,2025-12-11 21:07:47,,https://apps.apple.com/br/app/bitcoin/id1319025639?uo=4,,,,,,,,,Ketchapp,4.1,1671,1319025639
App Store (App Store),app,bitcoin,NovaDAX - Bitcoin Exchange,,,,,,2025-12-11 21:07:47,,https://apps.apple.com/br/app/novadax-bitcoin-exchange/id1472203612?uo=4,,,,,,,,,NOVADAX BRASIL PAGAMENTOS LTDA,4.6,2644,1472203612
App Store (App Store),app,bitcoin,Trust: Crypto & Bitcoin Wallet,,,,,,2025-12-11 21:07:47,,https://apps.apple.com/br/app/trust-crypto-bitcoin-wallet/id1288339409?uo=4,,,,,,,,,DApps Platform Software Services Ltd.,4.7,11523,1288339409
App Store (App Store),app,bitcoin,"Crypto.com: Compre Cripto, BTC",,,,,,2025-12-11 21:07:47,,https://apps.apple.com/br/app/crypto-com-compre-cripto-btc/id1262148500?uo=4,,,,,,,,,Crypto.com,4.7,8390,1262148500
App Store (App Store),app,bitcoin,Bitcoin Miner - Crypto Mining,,,,,,2025-12-11 21:07:47,,https://apps.apple.com/br/app/bitcoin-miner-crypto-mining/id6468313323?uo=4,,,,,,,,,Lowhill Games Oy,4.6,696,6468313323
