"videoId","titulo","descricao","canal","channelId","channelUrl","publicado_em","views","likes","dislikes","favorites","commentCount","duration","dimension","definition","caption","licensedContent","contentRating","projection","thumbnails","thumbnail_default","thumbnail_medium","thumbnail_high","thumbnail_standard","thumbnail_maxres","tags","categoryId","defaultLanguage","defaultAudioLanguage","liveBroadcastContent","topicIds","topicCategories","recordingDate","locationDescription","actualStartTime","actualEndTime","scheduledStartTime","scheduledEndTime","concurrentViewers","activeLiveChatId","uploadStatus","privacyStatus","license","embeddable","publicStatsViewable","madeForKids","localizations","link"
"trVmDXMaj-M","Non-profitable Trader.😂😭 #memecoin #crypto #bitcoin #meme #pino #solana #trading #business #money","","Pino","UCuFdxAB-aXZRtRv8cA_hN9Q","https://www.youtube.com/channel/UCuFdxAB-aXZRtRv8cA_hN9Q","2025-05-08T20:00:57Z","100609381","668154","0","0","597","PT10S","2d","hd","false","True","{}","rectangular","{'default': {'url': 'https://i.ytimg.com/vi/trVmDXMaj-M/default.jpg', 'width': 120, 'height': 90}, 'medium': {'url': 'https://i.ytimg.com/vi/trVmDXMaj-M/mqdefault.jpg', 'width': 320, 'height': 180}, 'high': {'url': 'https://i.ytimg.com/vi/trVmDXMaj-M/hqdefault.jpg', 'width': 480, 'height': 360}, 'standard': {'url': 'https://i.ytimg.com/vi/trVmDXMaj-M/sddefault.jpg', 'width': 640, 'height': 480}, 'maxres': {'url': 'https://i.ytimg.com/vi/trVmDXMaj-M/maxresdefault.jpg', 'width': 1280, 'height': 720}}","https://i.ytimg.com/vi/trVmDXMaj-M/default.jpg","https://i.ytimg.com/vi/trVmDXMaj-M/mqdefault.jpg","https://i.ytimg.com/vi/trVmDXMaj-M/hqdefault.jpg","https://i.ytimg.com/vi/trVmDXMaj-M/sddefault.jpg","https://i.ytimg.com/vi/trVmDXMaj-M/maxresdefault.jpg","[]","22","en","en","none","[]","['https://en.wikipedia.org/wiki/Entertainment', 'https://en.wikipedia.org/wiki/Film']","","","","","","","","","processed","public","youtube","True","True","False","{'en': {'title': 'Non-profitable Trader.😂😭 #memecoin #crypto #bitcoin #meme #pino #solana #trading #business #money', 'description': ''}}","https://www.youtube.com/watch?v=trVmDXMaj-M"
"GztiW6DOhck","Coming in for a landing 🚀 #binance  #bitcoin  #trading  #crypto   #cryptomemes","","Binance","UCfYw6dhiwGBJQY_-Jcs8ozw","https://www.youtube.com/channel/UCfYw6dhiwGBJQY_-Jcs8ozw","2024-04-05T20:08:29Z","28764870","1296336","0","0","1246","PT18S","2d","hd","false","False","{}","rectangular","{'default': {'url': 'https://i.ytimg.com/vi/GztiW6DOhck/default.jpg', 'width': 120, 'height': 90}, 'medium': {'url': 'https://i.ytimg.com/vi/GztiW6DOhck/mqdefault.jpg', 'width': 320, 'height': 180}, 'high': {'url': 'https://i.ytimg.com/vi/GztiW6DOhck/hqdefault.jpg', 'width': 480, 'height': 360}, 'standard': {'url': 'https://i.ytimg.com/vi/GztiW6DOhck/sddefault.jpg', 'width': 640, 'height': 480}, 'maxres': {'url': 'https://i.ytimg.com/vi/GztiW6DOhck/maxresdefault.jpg', 'width': 1280, 'height': 720}}","https://i.ytimg.com/vi/GztiW6DOhck/default.jpg","https://i.ytimg.com/vi/GztiW6DOhck/mqdefault.jpg","https://i.ytimg.com/vi/GztiW6DOhck/hqdefault.jpg","https://i.ytimg.com/vi/GztiW6DOhck/sddefault.jpg","https://i.ytimg.com/vi/GztiW6DOhck/maxresdefault.jpg","['binance', 'crypto']","23","en","en","none","[]","[]","","","","","","","","","processed","public","youtube","True","True","False","{'en': {'title': 'Coming in for a landing 🚀 #binance  #bitcoin  #trading  #crypto   #cryptomemes', 'description': ''}}","https://www.youtube.com/watch?v=GztiW6DOhck"
"rRlyx054z20","DON XHONI - CRYPTO (Prod. by Rzon &amp; Pllumb)","STREAM: https://stmg.app/c/don-xhoni-crypto DON XHONI on Instagram: https://www.instagram.com/don_xhoni/​ Lyrics by Don ...","DON XHONI","UCZNJXsf2I4y54M_UmMiC6Vw","https://www.youtube.com/channel/UCZNJXsf2I4y54M_UmMiC6Vw","2022-03-12T17:00:15Z","24671390","137450","0","0","4461","PT2M37S","2d","hd","true","True","{}","rectangular","{'default': {'url': 'https://i.ytimg.com/vi/rRlyx054z20/default.jpg', 'width': 120, 'height': 90}, 'medium': {'url': 'https://i.ytimg.com/vi/rRlyx054z20/mqdefault.jpg', 'width': 320, 'height': 180}, 'high': {'url': 'https://i.ytimg.com/vi/rRlyx054z20/hqdefault.jpg', 'width': 480, 'height': 360}, 'standard': {'url': 'https://i.ytimg.com/vi/rRlyx054z20/sddefault.jpg', 'width': 640, 'height': 480}, 'maxres': {'url': 'https://i.ytimg.com/vi/rRlyx054z20/maxresdefault.jpg', 'width': 1280, 'height': 720}}","https://i.ytimg.com/vi/rRlyx054z20/default.jpg","https://i.ytimg.com/vi/rRlyx054z20/mqdefault.jpg","https://i.ytimg.com/vi/rRlyx054z20/hqdefault.jpg","https://i.ytimg.com/vi/rRlyx054z20/sddefault.jpg","https://i.ytimg.com/vi/rRlyx054z20/maxresdefault.jpg","[]","24","en","sq","none","[]","['https://en.wikipedia.org/wiki/Hip_hop_music', 'https://en.wikipedia.org/wiki/Music', 'https://en.wikipedia.org/wiki/Pop_music']","","","2022-03-12T17:00:15Z","2022-03-12T17:04:42Z","2022-03-12T17:00:00Z","","","","processed","public","youtube","True","True","False","{'en': {'title': 'DON XHONI - CRYPTO (Prod. by Rzon & Pllumb)', 'description': 'STREAM: https://stmg.app/c/don-xhoni-crypto\n\nDON XHONI on Instagram: https://www.instagram.com/don_xhoni/\u200b\n\nLyrics by Don Xhoni\nMusic Produced by RZON & Pllumb\nVideo Produced by Sekuencë Studio\nExecutive Producer: Besart Muqolli & Berat Ademi\n\nFalënderojmë: REVOLUTION LOUNGE & BAR\n\nNew Chicago LLC, by Yellowcake, Inc. \nDistributed & Protected By StopTalking Music Group'}}","https://www.youtube.com/watch?v=rRlyx054z20"
"zhPqD19DjYw","First Lambo bought with SOL in Dubai ✅🇦🇪 #lamborghini #crypto #memes #solana #trump #elon #bitcoin","","Elio Tapia 💎👑","UCmC03aCfezl0Cr5od8hn6Mg","https://www.youtube.com/channel/UCmC03aCfezl0Cr5od8hn6Mg","2025-04-09T19:03:31Z","37685364","429092","0","0","641","PT13S","2d","hd","false","False","{}","rectangular","{'default': {'url': 'https://i.ytimg.com/vi/zhPqD19DjYw/default.jpg', 'width': 120, 'height': 90}, 'medium': {'url': 'https://i.ytimg.com/vi/zhPqD19DjYw/mqdefault.jpg', 'width': 320, 'height': 180}, 'high': {'url': 'https://i.ytimg.com/vi/zhPqD19DjYw/hqdefault.jpg', 'width': 480, 'height': 360}, 'standard': {'url': 'https://i.ytimg.com/vi/zhPqD19DjYw/sddefault.jpg', 'width': 640, 'height': 480}, 'maxres': {'url': 'https://i.ytimg.com/vi/zhPqD19DjYw/maxresdefault.jpg', 'width': 1280, 'height': 720}}","https://i.ytimg.com/vi/zhPqD19DjYw/default.jpg","https://i.ytimg.com/vi/zhPqD19DjYw/mqdefault.jpg","https://i.ytimg.com/vi/zhPqD19DjYw/hqdefault.jpg","https://i.ytimg.com/vi/zhPqD19DjYw/sddefault.jpg","https://i.ytimg.com/vi/zhPqD19DjYw/maxresdefault.jpg","[]","20","en","en","none","[]","['https://en.wikipedia.org/wiki/Lifestyle_(sociology)', 'https://en.wikipedia.org/wiki/Vehicle']","","Dubai","","","","","","","processed","public","youtube","True","True","False","{'it': {'title': 'La prima Lamborghini acquistata con SOL a Dubai ✅🇦🇪 #lamborghini #crypto #meme #solana #trump #el...', 'description': ''}, 'es-US': {'title': 'Primer Lambo comprado con SOL en Dubai ✅🇦🇪 #lamborghini #crypto #memes #solana #trump #elon #bitcoin', 'description': ''}, 'fr-FR': {'title': 'Première Lambo achetée avec SOL à Dubaï ✅🇦🇪 #lamborghini #crypto #memes #solana #trump #elon #bit...', 'description': ''}, 'en': {'title': 'First Lambo bought with SOL in Dubai ✅🇦🇪 #lamborghini #crypto #memes #solana #trump #elon #bitcoin', 'description': ''}, 'id': {'title': 'Lambo pertama dibeli dengan SOL di Dubai ✅🇦🇪 #lamborghini #crypto #memes #solana #trump #elon #bi...', 'description': ''}, 'pt-BR': {'title': 'Primeiro Lambo comprado com SOL em Dubai ✅🇦🇪 #lamborghini #cripto #memes #solana #trump #elon #bi...', 'description': ''}, 'hi': {'title': 'दुबई में SOL के साथ खरीदी गई पहली लैम्बो ✅🇦🇪 #lamborghini #crypto #memes #solana #trump #elon #bi...', 'description': ''}, 'de-DE': {'title': 'Erster Lambo mit SOL in Dubai gekauft ✅🇦🇪 #lamborghini #crypto #memes #solana #trump #elon #bitcoin', 'description': ''}, 'ja': {'title': 'ドバイでSOLを使って買った最初のランボルギーニ ✅🇦🇪 #ランボルギーニ #暗号 #ミーム #ソラナ #トランプ #イーロン #ビットコイン', 'description': ''}}","https://www.youtube.com/watch?v=zhPqD19DjYw"
"EPQJHNXdJfM","Takeoff, Rich The Kid - Crypto (Official Video)","Watch the official video for Takeoff Feat. Rich The Kid ""Crypto."" Stream // Download ""Crypto"" here: ...","MigosVEVO","UCGIelM2Dj3zza3xyV3pL3WQ","https://www.youtube.com/channel/UCGIelM2Dj3zza3xyV3pL3WQ","2022-03-11T05:00:11Z","16382770","289478","0","0","8611","PT2M41S","2d","hd","true","True","{}","rectangular","{'default': {'url': 'https://i.ytimg.com/vi/EPQJHNXdJfM/default.jpg', 'width': 120, 'height': 90}, 'medium': {'url': 'https://i.ytimg.com/vi/EPQJHNXdJfM/mqdefault.jpg', 'width': 320, 'height': 180}, 'high': {'url': 'https://i.ytimg.com/vi/EPQJHNXdJfM/hqdefault.jpg', 'width': 480, 'height': 360}, 'standard': {'url': 'https://i.ytimg.com/vi/EPQJHNXdJfM/sddefault.jpg', 'width': 640, 'height': 480}, 'maxres': {'url': 'https://i.ytimg.com/vi/EPQJHNXdJfM/maxresdefault.jpg', 'width': 1280, 'height': 720}}","https://i.ytimg.com/vi/EPQJHNXdJfM/default.jpg","https://i.ytimg.com/vi/EPQJHNXdJfM/mqdefault.jpg","https://i.ytimg.com/vi/EPQJHNXdJfM/hqdefault.jpg","https://i.ytimg.com/vi/EPQJHNXdJfM/sddefault.jpg","https://i.ytimg.com/vi/EPQJHNXdJfM/maxresdefault.jpg","['Takeoff', 'Rich', 'The', 'Kid', 'Crypto', 'Quality', 'Control', 'Music/Motown', 'Records', 'Hip', 'Hop']","10","en","en","none","[]","['https://en.wikipedia.org/wiki/Hip_hop_music', 'https://en.wikipedia.org/wiki/Music', 'https://en.wikipedia.org/wiki/Pop_music']","","","2022-03-11T05:00:11Z","2022-03-11T05:04:46Z","2022-03-11T05:00:00Z","","","","processed","public","youtube","True","True","False","{'en': {'title': 'Takeoff, Rich The Kid - Crypto (Official Video)', 'description': 'Watch the official video for Takeoff Feat. Rich The Kid ""Crypto.""\n\nStream // Download ""Crypto"" here: https://QualityControl.lnk.to/Crypto\n\nConnect with Takeoff:\nhttps://www.instagram.com/yrntakeoff/\nhttps://twitter.com/1YoungTakeoff\nhttps://www.tiktok.com/@yrntakeoff\n\nConnect with Rich The Kid:\nhttps://www.instagram.com/richthekid/\nhttps://twitter.com/richthekid\nhttps://www.tiktok.com/@richthekid\n\nMusic video by Takeoff, Rich The Kid performing Crypto. Quality Control Music/Motown Records; © 2022 Quality Control Music, LLC, under exclusive license to UMG Recordings, Inc.\n\nhttp://vevo.ly/XzBH98'}}","https://www.youtube.com/watch?v=EPQJHNXdJfM"
"xue-xbzzWno","A Day in The Life of A Trader #memecoins #crypto #trading","A Day in The Life of A Crypto Trader #memecoins #crypto #trading.","Coinage","UCLaa5cNN89IN0aLfiz5S49A","https://www.youtube.com/channel/UCLaa5cNN89IN0aLfiz5S49A","2024-05-29T16:00:50Z","13036227","425791","0","0","941","PT11S","2d","hd","false","True","{}","rectangular","{'default': {'url': 'https://i.ytimg.com/vi/xue-xbzzWno/default.jpg', 'width': 120, 'height': 90}, 'medium': {'url': 'https://i.ytimg.com/vi/xue-xbzzWno/mqdefault.jpg', 'width': 320, 'height': 180}, 'high': {'url': 'https://i.ytimg.com/vi/xue-xbzzWno/hqdefault.jpg', 'width': 480, 'height': 360}, 'standard': {'url': 'https://i.ytimg.com/vi/xue-xbzzWno/sddefault.jpg', 'width': 640, 'height': 480}, 'maxres': {'url': 'https://i.ytimg.com/vi/xue-xbzzWno/maxresdefault.jpg', 'width': 1280, 'height': 720}}","https://i.ytimg.com/vi/xue-xbzzWno/default.jpg","https://i.ytimg.com/vi/xue-xbzzWno/mqdefault.jpg","https://i.ytimg.com/vi/xue-xbzzWno/hqdefault.jpg","https://i.ytimg.com/vi/xue-xbzzWno/sddefault.jpg","https://i.ytimg.com/vi/xue-xbzzWno/maxresdefault.jpg","[]","25","en","en-US","none","[]","['https://en.wikipedia.org/wiki/Entertainment', 'https://en.wikipedia.org/wiki/Film']","","","","","","","","","processed","public","youtube","True","True","False","{'ja': {'title': 'トレーダーの一日 #memecoins #crypto #trading', 'description': '暗号トレーダーの一日 #memecoins #crypto #trading'}, 'pa': {'title': 'ਇੱਕ ਵਪਾਰੀ ਦੇ ਜੀਵਨ ਵਿੱਚ ਇੱਕ ਦਿਨ #memecoins #crypto #trading', 'description': 'ਇੱਕ ਕ੍ਰਿਪਟੋ ਵਪਾਰੀ ਦੇ ਜੀਵਨ ਵਿੱਚ ਇੱਕ ਦਿਨ #memecoins #crypto #trading'}, 'ko': {'title': '트레이더의 하루 #memecoins #crypto #trading', 'description': '암호화폐 거래자의 하루 #memecoins #crypto #trading'}, 'nl-NL': {'title': 'Een dag uit het leven van een handelaar #memecoins #crypto #handelen', 'description': 'Een dag uit het leven van een cryptohandelaar #memecoins #crypto #handelen'}, 'pt-BR': {'title': 'Um dia na vida de um trader #memecoins #cripto #negociação', 'description': 'Um dia na vida de um trader de criptomoedas #memecoins #cripto #negociação'}, 'pl': {'title': 'Dzień z życia tradera #memecoins #kryptowaluty #handel', 'description': 'Dzień z życia tradera kryptowalut #memecoins #kryptowaluty #handel'}, 'id': {'title': 'Sehari dalam Kehidupan Seorang Trader #memecoins #crypto #trading', 'description': 'Sehari dalam Kehidupan Seorang Pedagang Kripto #memecoin #kripto #perdagangan'}, 'bn': {'title': 'একজন ব্যবসায়ীর জীবনের একটি দিন #memecoins #crypto #trading', 'description': 'একজন ক্রিপ্টো ট্রেডারের জীবনের একটি দিন #memecoins #crypto #trading'}, 'iw': {'title': 'יום בחייו של סוחר #memecoins #crypto #trading', 'description': 'יום בחייו של סוחר קריפטו #memecoins #crypto #trading'}, 'ml': {'title': 'ഒരു വ്യാപാരിയുടെ ജീവിതത്തിലെ ഒരു ദിവസം #memecoins #crypto #trading', 'description': 'ഒരു ക്രിപ്\u200cറ്റോ വ്യാപാരിയുടെ ജീവിതത്തിലെ ഒരു ദിവസം #memecoins #crypto #trading'}, 'ar': {'title': 'يوم في حياة تاجر #memecoins #crypto #trading', 'description': 'يوم في حياة متداول العملات المشفرة #memecoins #crypto #trading'}, 'fr-FR': {'title': ""Une journée dans la vie d'un trader #memecoins #crypto #trading"", 'description': ""Une journée dans la vie d'un trader de crypto-monnaies #memecoins #crypto #trading""}, 'es-US': {'title': 'Un día en la vida de un trader #memecoins #crypto #trading', 'description': 'Un día en la vida de un comerciante de criptomonedas #memecoins #crypto #trading'}, 'uk': {'title': 'День з життя трейдера #мемкойни #криптовалюта #торгівля', 'description': 'День з життя криптотрейдера #мемкойни #криптовалюта #торгівля'}, 'ru': {'title': 'День из жизни трейдера #memecoins #crypto #trading', 'description': 'День из жизни криптотрейдера #memecoins #crypto #trading'}, 'it': {'title': 'Un giorno nella vita di un trader #memecoins #crypto #trading', 'description': 'Un giorno nella vita di un trader di criptovalute #memecoins #crypto #trading'}, 'ta': {'title': 'ஒரு வர்த்தகரின் வாழ்க்கையில் ஒரு நாள் #memecoins #crypto #trading', 'description': 'ஒரு கிரிப்டோ வர்த்தகரின் வாழ்க்கையில் ஒரு நாள் #memecoins #crypto #trading'}, 'hi': {'title': 'एक व्यापारी के जीवन का एक दिन #memecoins #crypto #trading', 'description': 'एक क्रिप्टो ट्रेडर के जीवन का एक दिन #memecoins #crypto #trading'}, 'de-DE': {'title': 'Ein Tag im Leben eines Händlers #memecoins #crypto #trading', 'description': 'Ein Tag im Leben eines Krypto-Händlers #memecoins #crypto #trading'}, 'en': {'title': 'A Day in The Life of A Trader #memecoins #crypto #trading', 'description': 'A Day in The Life of A Crypto Trader  #memecoins #crypto #trading'}, 'te': {'title': 'ఒక వ్యాపారి జీవితంలో ఒక రోజు #memecoins #crypto #ట్రేడింగ్', 'description': 'క్రిప్టో వ్యాపారి జీవితంలో ఒక రోజు #memecoins #crypto #trading'}}","https://www.youtube.com/watch?v=xue-xbzzWno"
"wN0OaLUYI2I","#crypto #memes #bitcoin #funny #memecoins","","crypto charts","UCQkqVT24Q_PDDguoMebLQzQ","https://www.youtube.com/channel/UCQkqVT24Q_PDDguoMebLQzQ","2025-05-14T21:55:38Z","32205848","213212","0","0","898","PT12S","2d","hd","false","False","{}","rectangular","{'default': {'url': 'https://i.ytimg.com/vi/wN0OaLUYI2I/default.jpg', 'width': 120, 'height': 90}, 'medium': {'url': 'https://i.ytimg.com/vi/wN0OaLUYI2I/mqdefault.jpg', 'width': 320, 'height': 180}, 'high': {'url': 'https://i.ytimg.com/vi/wN0OaLUYI2I/hqdefault.jpg', 'width': 480, 'height': 360}, 'standard': {'url': 'https://i.ytimg.com/vi/wN0OaLUYI2I/sddefault.jpg', 'width': 640, 'height': 480}, 'maxres': {'url': 'https://i.ytimg.com/vi/wN0OaLUYI2I/maxresdefault.jpg', 'width': 1280, 'height': 720}}","https://i.ytimg.com/vi/wN0OaLUYI2I/default.jpg","https://i.ytimg.com/vi/wN0OaLUYI2I/mqdefault.jpg","https://i.ytimg.com/vi/wN0OaLUYI2I/hqdefault.jpg","https://i.ytimg.com/vi/wN0OaLUYI2I/sddefault.jpg","https://i.ytimg.com/vi/wN0OaLUYI2I/maxresdefault.jpg","[]","27","en","en","none","[]","['https://en.wikipedia.org/wiki/Entertainment']","","","","","","","","","processed","public","youtube","True","True","False","{'en': {'title': '#crypto #memes #bitcoin #funny #memecoins', 'description': ''}}","https://www.youtube.com/watch?v=wN0OaLUYI2I"
"dQ8b4E6vX-4","Esta es Anécdota Real 📈😳#Bitcoin #Cripto #Criptomonedas #Finanzas #FinanzasPersonales","","Andres Garza","UCSUwTmHIP_rlCTZeQW2oiEg","https://www.youtube.com/channel/UCSUwTmHIP_rlCTZeQW2oiEg","2023-03-14T00:13:05Z","11481410","855369","0","0","2066","PT17S","2d","hd","false","True","{}","rectangular","{'default': {'url': 'https://i.ytimg.com/vi/dQ8b4E6vX-4/default.jpg', 'width': 120, 'height': 90}, 'medium': {'url': 'https://i.ytimg.com/vi/dQ8b4E6vX-4/mqdefault.jpg', 'width': 320, 'height': 180}, 'high': {'url': 'https://i.ytimg.com/vi/dQ8b4E6vX-4/hqdefault.jpg', 'width': 480, 'height': 360}, 'standard': {'url': 'https://i.ytimg.com/vi/dQ8b4E6vX-4/sddefault.jpg', 'width': 640, 'height': 480}, 'maxres': {'url': 'https://i.ytimg.com/vi/dQ8b4E6vX-4/maxresdefault.jpg', 'width': 1280, 'height': 720}}","https://i.ytimg.com/vi/dQ8b4E6vX-4/default.jpg","https://i.ytimg.com/vi/dQ8b4E6vX-4/mqdefault.jpg","https://i.ytimg.com/vi/dQ8b4E6vX-4/hqdefault.jpg","https://i.ytimg.com/vi/dQ8b4E6vX-4/sddefault.jpg","https://i.ytimg.com/vi/dQ8b4E6vX-4/maxresdefault.jpg","[]","27","es","es","none","[]","[]","","","","","","","","","processed","public","youtube","True","True","False","{'es': {'title': 'Esta es Anécdota Real 📈😳#Bitcoin #Cripto #Criptomonedas #Finanzas #FinanzasPersonales', 'description': ''}, 'en-US': {'title': 'This is a real anecdote 📈😳 #Bitcoin #Crypto #Cryptocurrencies #Finance #PersonalFinance', 'description': ''}}","https://www.youtube.com/watch?v=dQ8b4E6vX-4"
"QvDNFU8et68","Crypto bros, are you here? #yeti_dyor","","Yeti dyor","UCdaEipK588TVhtz2ddQsCHA","https://www.youtube.com/channel/UCdaEipK588TVhtz2ddQsCHA","2025-07-01T15:21:56Z","24397574","338517","0","0","1174","PT12S","2d","hd","false","True","{}","rectangular","{'default': {'url': 'https://i.ytimg.com/vi/QvDNFU8et68/default.jpg', 'width': 120, 'height': 90}, 'medium': {'url': 'https://i.ytimg.com/vi/QvDNFU8et68/mqdefault.jpg', 'width': 320, 'height': 180}, 'high': {'url': 'https://i.ytimg.com/vi/QvDNFU8et68/hqdefault.jpg', 'width': 480, 'height': 360}, 'standard': {'url': 'https://i.ytimg.com/vi/QvDNFU8et68/sddefault.jpg', 'width': 640, 'height': 480}, 'maxres': {'url': 'https://i.ytimg.com/vi/QvDNFU8et68/maxresdefault.jpg', 'width': 1280, 'height': 720}}","https://i.ytimg.com/vi/QvDNFU8et68/default.jpg","https://i.ytimg.com/vi/QvDNFU8et68/mqdefault.jpg","https://i.ytimg.com/vi/QvDNFU8et68/hqdefault.jpg","https://i.ytimg.com/vi/QvDNFU8et68/sddefault.jpg","https://i.ytimg.com/vi/QvDNFU8et68/maxresdefault.jpg","[]","22","en","pt-PT","none","[]","['https://en.wikipedia.org/wiki/Entertainment', 'https://en.wikipedia.org/wiki/Film']","","","","","","","","","processed","public","youtube","True","True","False","{'en': {'title': 'Crypto bros, are you here? #yeti_dyor', 'description': ''}}","https://www.youtube.com/watch?v=QvDNFU8et68"
"mHwNoZ2C8wU","ANDREW TATE SAYS THIS ABOUT CRYPTO FUTURE  #shorts","shorts DONT MISS THE BULLRUN !! & EARN Up to 1000USDC Rewards BINANCE   ✓ Access top crypto markets with the ...","TATE ONLY","UC6NmpbfIMhw7xTe9Bvb4jIw","https://www.youtube.com/channel/UC6NmpbfIMhw7xTe9Bvb4jIw","2022-11-15T01:00:16Z","10716820","319754","0","0","5356","PT34S","2d","hd","false","False","{}","rectangular","{'default': {'url': 'https://i.ytimg.com/vi/mHwNoZ2C8wU/default.jpg', 'width': 120, 'height': 90}, 'medium': {'url': 'https://i.ytimg.com/vi/mHwNoZ2C8wU/mqdefault.jpg', 'width': 320, 'height': 180}, 'high': {'url': 'https://i.ytimg.com/vi/mHwNoZ2C8wU/hqdefault.jpg', 'width': 480, 'height': 360}}","https://i.ytimg.com/vi/mHwNoZ2C8wU/default.jpg","https://i.ytimg.com/vi/mHwNoZ2C8wU/mqdefault.jpg","https://i.ytimg.com/vi/mHwNoZ2C8wU/hqdefault.jpg","","","['andrew tate￼', 'andrew tate interview', 'andrew tate￼ podcast', 'andrew tate highlight', 'andrew tate lifestyle', 'tristan tate', 'tate argument', 'war room tate', 'tate brothers', 'tate confidential', 'cobratate', 'tatespeech', 'entrepreneur network', 'hustlers university', 'what makes you free', 'crypto', 'bitcoin', 'ethereum', 'andrew tate crypto', 'what crypto andrew tate has', 'tate crypto', 'cryptocurrencies', 'andrew tate opinion about altcoins']","22","en","en","none","[]","[]","","","","","","","","","processed","public","youtube","True","True","False","{'en': {'title': 'ANDREW TATE SAYS THIS ABOUT CRYPTO FUTURE  #shorts', 'description': '#shorts \n\n💰DONT MISS THE BULLRUN !! & EARN Up to 1000USDC Rewards  💚 BINANCE💰\n✅ Access top crypto markets with the best liquidity available. \n👁️ Referral code: CPA_00NYABTOIZ\n👏 https://www.binance.com/activity/referral-entry/CPA/together-v4?hl=en&ref=CPA_00NYABTOIZ&utm_source=Lite_web_footer 👏\n\n\nAndrew Tate talks about crypto - bitcoin, ethereum and the community scams that are happeing. Developers create telegram channels and then pump and dump on the first opprotunity to earn on the believers. TOP G doesnt fall for those crypto scams and understands how bitcoin and ethereum and other altcoins work.\n\nCopyright Disclaimer Under Section 107 of the Copyright Act 1976, allowance is made for ""fair use"" for purposes such as criticism, commenting, news reporting, teaching, scholarship, and research. Fair use is a use permitted by copyright statute that might otherwise be infringing. \n\nNon-profit, educational or personal use tips the balance in favour of fair use For any copyright issues or business inquiries: thetateonly@gmail.com Disclaimer Under Section 107 of the Copyright Act 1976, allowance is made for fair use for purposes such as criticism, comment, news reporting, teaching, scholarship, and research. Fair use is a use permitted by copyright statute that might otherwise be infringing. Non-profit, educational or personal use tips the balance in favor of fair use.'}}","https://www.youtube.com/watch?v=mHwNoZ2C8wU"
"3aWyRWPBLTk","Most Humble Crypto Billionaire #267","shorts.","Nas Daily","UCJsUvAqDzczYv2UpFmu4PcA","https://www.youtube.com/channel/UCJsUvAqDzczYv2UpFmu4PcA","2022-06-09T15:54:57Z","9360665","576265","0","0","3756","PT59S","2d","hd","false","True","{}","rectangular","{'default': {'url': 'https://i.ytimg.com/vi/3aWyRWPBLTk/default.jpg', 'width': 120, 'height': 90}, 'medium': {'url': 'https://i.ytimg.com/vi/3aWyRWPBLTk/mqdefault.jpg', 'width': 320, 'height': 180}, 'high': {'url': 'https://i.ytimg.com/vi/3aWyRWPBLTk/hqdefault.jpg', 'width': 480, 'height': 360}, 'standard': {'url': 'https://i.ytimg.com/vi/3aWyRWPBLTk/sddefault.jpg', 'width': 640, 'height': 480}, 'maxres': {'url': 'https://i.ytimg.com/vi/3aWyRWPBLTk/maxresdefault.jpg', 'width': 1280, 'height': 720}}","https://i.ytimg.com/vi/3aWyRWPBLTk/default.jpg","https://i.ytimg.com/vi/3aWyRWPBLTk/mqdefault.jpg","https://i.ytimg.com/vi/3aWyRWPBLTk/hqdefault.jpg","https://i.ytimg.com/vi/3aWyRWPBLTk/sddefault.jpg","https://i.ytimg.com/vi/3aWyRWPBLTk/maxresdefault.jpg","['Nas Daily', 'Nasmeanspeople', '1minute', 'Travel', 'Nuseir Yassin', 'Nas Studio', '英語学習', 'people', 'Nas Academy', 'Lesan.io', 'crypto', 'binance', 'coindesk', 'bitcoin', 'luna']","19","en","en","none","[]","[]","","","","","","","","","processed","public","youtube","False","True","False","{'en': {'title': 'Most Humble Crypto Billionaire #267', 'description': '#shorts'}}","https://www.youtube.com/watch?v=3aWyRWPBLTk"
"_wCSx8gaIrI","What Is Crypto Currency and Bitcoin?All about crypto currency by Khan Sir #cryptocurrency #khansir","ABOUT THIS VIDEO NOTE; 1- AGR KISI SUDENTS .KO APPS KI CLASS KRNE ME KOI BHI PROBLM AA RAHI HAI TO WO DIE ...","@Khan Sir Patna","UCL77mMHDQV_D2DixeqD1Tyg","https://www.youtube.com/channel/UCL77mMHDQV_D2DixeqD1Tyg","2022-12-03T02:30:08Z","8798602","150660","0","0","4170","PT27M25S","2d","hd","false","True","{}","rectangular","{'default': {'url': 'https://i.ytimg.com/vi/_wCSx8gaIrI/default.jpg', 'width': 120, 'height': 90}, 'medium': {'url': 'https://i.ytimg.com/vi/_wCSx8gaIrI/mqdefault.jpg', 'width': 320, 'height': 180}, 'high': {'url': 'https://i.ytimg.com/vi/_wCSx8gaIrI/hqdefault.jpg', 'width': 480, 'height': 360}, 'standard': {'url': 'https://i.ytimg.com/vi/_wCSx8gaIrI/sddefault.jpg', 'width': 640, 'height': 480}, 'maxres': {'url': 'https://i.ytimg.com/vi/_wCSx8gaIrI/maxresdefault.jpg', 'width': 1280, 'height': 720}}","https://i.ytimg.com/vi/_wCSx8gaIrI/default.jpg","https://i.ytimg.com/vi/_wCSx8gaIrI/mqdefault.jpg","https://i.ytimg.com/vi/_wCSx8gaIrI/hqdefault.jpg","https://i.ytimg.com/vi/_wCSx8gaIrI/sddefault.jpg","https://i.ytimg.com/vi/_wCSx8gaIrI/maxresdefault.jpg","['KHAN SIR FUNNY VIDEO', 'khan sir new video', 'khan sir gaming channel', 'sharp gamer', '@sharp gamer', 'khan sir funny moments', 'khan sir funny video', 'khan sir funny classes', '@Khan Sir Patna', '@khansirpatna', 'khan sir patna', 'khan sir thug life', 'khan sir funny reaction', 'khan sir', 'khan sir comedy', 'khan sir funny comedy', 'khan sir classes', '@khansir']","27","hi","hi","none","[]","['https://en.wikipedia.org/wiki/Knowledge']","","","","","","","","","processed","public","youtube","True","True","False","{'hi': {'title': 'What Is Crypto Currency and Bitcoin?All about crypto currency by Khan Sir #cryptocurrency #khansir', 'description': 'ABOUT THIS VIDEO\n\n\nNOTE;\n1- AGR KISI SUDENTS .KO APPS KI CLASS KRNE ME KOI BHI PROBLM AA RAHI HAI TO WO DIE GYE EMAIL ID PR MAIL KR SAKTE HAI UNKI SAMSYA KA HAL NIKAL DIYA JAEGA \n2- AGR AP APNI BAAT KHAN SIR TK PAHUCHANA CHAHTE HAI TO DIE GYE EMAIL PR MAI KARE \n3- AGR KISI KO KHAN SIR KE UPCOMMING NEW BATCH KE BAARE ME JANKARI CHAHIE TO DIE GYE EMAIL ID PR MAIL KRKE PUCHH SKTE HAI \n\n\n\nContact:8877918018 OR 8757354880\nmail on ;fk742514@gmail.com\n\n\n\n\nThanks for watching and clicking  on this video  ..\n\nthank you so much...\n\n\n\n\n\n\n\n\n\n..\n\n\n\n.\n\n.   \n\n\n\n\n.\n\n.\n\nYOUR QUESTIONS\n\n#khansirbiologyclass\n#khanmapclass\n#khansirworldmapclass\n#khansirindianmapclass..\n#khansirknowledge\n#khansirliveclass\n#khansirapplicationvideo\n#khansirallsubjectplaylist\n#khansirapplictionclass\n#khansirpolityclass\n#khansirhistoryclass\n#khansireconomyclass\n#khansirgeographyclass\n#@khansirpatna\n#khansirpatna\n#khansirfunnyvideo\n#khansir\n#khangsresearchcentre\n#khansirlive\n#khansirpatnavaale\n#khansircomedyvideo\n#khansircomedy\n#khansircomedyreaction\n#khansirclasses\n#khansirvideo\n#khansirthuglife\n#khansirfunnyvideo\n#khansirlivechannel\n#khansirfunny\n#khansirfunnymoments\n#khansirfunnyvideoreaction\n#khansirnewcomedyvideo\n#khansirlatestvideo\n#bykhansir\n#khansirpakistan\n#khansirpakistanreaction\n#khansirpakistankiaukatreaction\n#khansirpakistanreaction\n#khansirpakistanfrance\n#khansirpakistanmap\n#khansironimrankhan\n#khansirpakistankiaukatreactionvieo\n#khansirpakistanthuglife\n#khansirthuglife\n#khansirpakistannews\n#khansircomedyvideostatus\n#khansircomedyvideoreaction\n#khansircomedyvideonew\n#khansircomedyvideowhatsappstatus\n#khansircomedyvidobhojpuri\n#khansircomedyvideoshorts\n#khansircomedyvideoongirl\n#khansircomedyvideobiology\n#khansirthuglifereaction\n#khansirthuglifewhatsappstatus\n#khansirthuglifevideo\n#khansirthuglifeongirl\n#khansirthuglifeshortsvideo\n#khangsresearchcentre\n#khangsresearchcentrepatna\n#khangsresearchcentrepatnapakistan\n#khangsresearchcentrepatnanewvideo\n#khangsreseachcentrepatnatrain\n#khangsresearchcentrepatnacomedy\n#khangsresearchcentrenew\n#@sharpgamer\n#sharpgamer\n#khangssir\n#khangslive\n#khansirpatnanewchannel\n#@khansirpatnanewchannel\n\n\nDisclaimer-\nThis video is for educational purpose only Copyright Disclaimer UNDER SECTION 107 of the copyright act 1976 ,Allowance is made for , ""FAIR USE""for purposes such as criticism ,commemt ,news reporting ,teaching , Scholarship and Research , FAIR USE is a use permitted by copyright statute that might otherwise be infringing .Non-profit ,Educational or personal use tips the balance in favour of Fair Use ....................\nThanks For Watching -'}}","https://www.youtube.com/watch?v=_wCSx8gaIrI"
"DotOlYhYIAI","Crypto goes up 🚀 then down 📉 and up again… Thanks, Trump, for keeping it chaotic 😅 #crypto","","Yeti dyor","UCdaEipK588TVhtz2ddQsCHA","https://www.youtube.com/channel/UCdaEipK588TVhtz2ddQsCHA","2025-02-02T01:42:25Z","15551668","217865","0","0","210","PT15S","2d","hd","false","True","{}","rectangular","{'default': {'url': 'https://i.ytimg.com/vi/DotOlYhYIAI/default.jpg', 'width': 120, 'height': 90}, 'medium': {'url': 'https://i.ytimg.com/vi/DotOlYhYIAI/mqdefault.jpg', 'width': 320, 'height': 180}, 'high': {'url': 'https://i.ytimg.com/vi/DotOlYhYIAI/hqdefault.jpg', 'width': 480, 'height': 360}, 'standard': {'url': 'https://i.ytimg.com/vi/DotOlYhYIAI/sddefault.jpg', 'width': 640, 'height': 480}, 'maxres': {'url': 'https://i.ytimg.com/vi/DotOlYhYIAI/maxresdefault.jpg', 'width': 1280, 'height': 720}}","https://i.ytimg.com/vi/DotOlYhYIAI/default.jpg","https://i.ytimg.com/vi/DotOlYhYIAI/mqdefault.jpg","https://i.ytimg.com/vi/DotOlYhYIAI/hqdefault.jpg","https://i.ytimg.com/vi/DotOlYhYIAI/sddefault.jpg","https://i.ytimg.com/vi/DotOlYhYIAI/maxresdefault.jpg","[]","22","en","en","none","[]","['https://en.wikipedia.org/wiki/Entertainment', 'https://en.wikipedia.org/wiki/Film']","","","","","","","","","processed","public","youtube","True","True","False","{'en': {'title': 'Crypto goes up 🚀 then down 📉 and up again… Thanks, Trump, for keeping it chaotic 😅 #crypto', 'description': ''}}","https://www.youtube.com/watch?v=DotOlYhYIAI"
"7f2VQ_7UAkU","Iuly Neamtu - CRYPTO💰 | Manele Mentolate","Iuly Neamtu - CRYPTO | Manele Mentolate SUBSCRIBE: http://bit.ly/SubscribeManeleMentolate Ascultă playlistul Manele ...","Manele Mentolate","UCfOAdgLi3Wj0drepfourwzQ","https://www.youtube.com/channel/UCfOAdgLi3Wj0drepfourwzQ","2022-02-18T16:03:51Z","6760041","38130","0","0","464","PT2M36S","2d","hd","false","True","{}","rectangular","{'default': {'url': 'https://i.ytimg.com/vi/7f2VQ_7UAkU/default.jpg', 'width': 120, 'height': 90}, 'medium': {'url': 'https://i.ytimg.com/vi/7f2VQ_7UAkU/mqdefault.jpg', 'width': 320, 'height': 180}, 'high': {'url': 'https://i.ytimg.com/vi/7f2VQ_7UAkU/hqdefault.jpg', 'width': 480, 'height': 360}, 'standard': {'url': 'https://i.ytimg.com/vi/7f2VQ_7UAkU/sddefault.jpg', 'width': 640, 'height': 480}, 'maxres': {'url': 'https://i.ytimg.com/vi/7f2VQ_7UAkU/maxresdefault.jpg', 'width': 1280, 'height': 720}}","https://i.ytimg.com/vi/7f2VQ_7UAkU/default.jpg","https://i.ytimg.com/vi/7f2VQ_7UAkU/mqdefault.jpg","https://i.ytimg.com/vi/7f2VQ_7UAkU/hqdefault.jpg","https://i.ytimg.com/vi/7f2VQ_7UAkU/sddefault.jpg","https://i.ytimg.com/vi/7f2VQ_7UAkU/maxresdefault.jpg","[]","10","ro","ro","none","[]","['https://en.wikipedia.org/wiki/Music']","","","","","","","","","processed","public","youtube","True","True","False","{'ro': {'title': 'Iuly Neamtu - CRYPTO💰 | Manele Mentolate', 'description': 'Iuly Neamtu - CRYPTO 💰 | Manele Mentolate\n\nSUBSCRIBE: http://bit.ly/SubscribeManeleMentolate\n\nAscultă playlistul Manele Mentolate pe Spotify: https://open.spotify.com/playlist/0u9...\n\nMuzica/Text/Productie: Mos Ion Roacker\n\n\nMANELE MENTOLATE ONLINE:\nInstagram: https://www.instagram.com/manelemento...\nTikTok: http://tiktok.com/@manelementolate\nFacebook: https://www.facebook.com/manelementolate\n\n(C) & (P) 2021 Manele Mentolate'}}","https://www.youtube.com/watch?v=7f2VQ_7UAkU"
"XyhhwVJB9Z4","The Investing &amp; Crypto Expert: &quot;We Only Have 6 Years Until Everything Changes!&quot; - Raoul Pal","The clock is ticking – Raoul Pal reveals how AI will transform the global economy and why crypto might be your best chance of ...","The Diary Of A CEO","UCGq-a57w-aPwyi3pW7XLiHw","https://www.youtube.com/channel/UCGq-a57w-aPwyi3pW7XLiHw","2024-11-07T08:00:25Z","5180093","110799","0","0","8640","PT2H13M5S","2d","hd","false","True","{}","rectangular","{'default': {'url': 'https://i.ytimg.com/vi/XyhhwVJB9Z4/default.jpg', 'width': 120, 'height': 90}, 'medium': {'url': 'https://i.ytimg.com/vi/XyhhwVJB9Z4/mqdefault.jpg', 'width': 320, 'height': 180}, 'high': {'url': 'https://i.ytimg.com/vi/XyhhwVJB9Z4/hqdefault.jpg', 'width': 480, 'height': 360}, 'standard': {'url': 'https://i.ytimg.com/vi/XyhhwVJB9Z4/sddefault.jpg', 'width': 640, 'height': 480}, 'maxres': {'url': 'https://i.ytimg.com/vi/XyhhwVJB9Z4/maxresdefault.jpg', 'width': 1280, 'height': 720}}","https://i.ytimg.com/vi/XyhhwVJB9Z4/default.jpg","https://i.ytimg.com/vi/XyhhwVJB9Z4/mqdefault.jpg","https://i.ytimg.com/vi/XyhhwVJB9Z4/hqdefault.jpg","https://i.ytimg.com/vi/XyhhwVJB9Z4/sddefault.jpg","https://i.ytimg.com/vi/XyhhwVJB9Z4/maxresdefault.jpg","['The Diary Of A CEO', 'steven bartlett steve bartlett', 'podcast', 'the diary of a CEO podcast', 'life lessons', 'CEO']","22","en","en","none","[]","[]","","","","","","","","","processed","public","youtube","True","True","False","{'en': {'title': 'The Investing & Crypto Expert: ""We Only Have 6 Years Until Everything Changes!"" - Raoul Pal', 'description': ""The clock is ticking – Raoul Pal reveals how AI will transform the global economy and why crypto might be your best chance of survival. Bitcoin, Ethereum, Solana, Tether, Solana, Dogecoin, Which do you invest in?\n\nRaoul Pal is the co-founder and CEO of Real Vision, the world-renowned financial knowledge and education platform. He is also the former Head of European Hedge Fund Sales at Goldman Sachs.\n\n00:00 Intro\n02:07 What Is Raoul's Mission?\n05:38 What Would The Average Person Say About Raoul's Work?\n06:47 What Will Fuck My Financial Future?\n11:14 Stats Today Vs 1980's\n12:18 How To Play 'The Game' Of Finance In Your Younger Years?\n13:30 What About Work Life Balance?\n13:58 What Knowledge Should I Acquire?\n14:57 How To Become An Expert?\n16:41 Manifesting Your Future\n17:16 How To Progress Once You're An Expert\n19:42 What If You Don't Have Excess Income To Invest?\n24:05 What About Buying A House?\n26:28 Viewers Comments\n30:07 Advice From Steven's Brother About Being An Expert\n31:58 Applying Your Knowledge To Get The Highest Return\n39:01 How Do I Spot A Trend\n39:02 AI Will Free So Much Our Time That We Won't Know What To Do With It\n42:53 The AI Component\n47:24 How Disruptive Will AI Be?\n51:18 Should We Be Scared Of AI?\n54:37 How To Know If A Trend Will Be Persistent\n57:53 Are We At The Collapse Of The Digital Industry?\n59:06 How Do You Invest In AI?\n01:00:51 What Is Crypto\n01:01:18 Productivity And AI\n01:06:32 Blockchain Explained\n01:08:04 Contracts On The Blockchain\n01:10:54 NFTs\n01:12:12 Should You Invest In Blockchain?\n01:21:43 How Do I Benefit From Buying Crypto?\n01:23:01 How To Invest In Crypto\n01:24:27 What Is A Ledger Device?\n01:25:41 What Coin Should You Invest In?\n01:32:14 What Is Leverage?\n01:37:45 Do Men Invest More In Crypto?\n01:39:42 The Nightmare Stories With Crypto\n01:41:41 What Is Raoul's Price Prediction for Bitcoin, Ethereum and Solana?\n01:45:20 What If Raoul Is Wrong?\n01:50:35 What Is The Debasement Of Currency?\n02:01:30 The Best Trade Is Quality Of Life\n02:08:13 The Last Guest Question\n\nFollow Raoul: \nInstagram - https://g2ul0.app.link/4dEPXGm3iOb \nTwitter - https://g2ul0.app.link/AWXhSso3iOb \nWebsite - https://g2ul0.app.link/SFceWtr3iOb \n\nYou can learn more about Raoul’s ‘The Everything Code’, here: https://g2ul0.app.link/TqcS68j3iOb \n\nYou can purchase the The Diary Of A CEO Conversation Cards: Second Edition, here: https://g2ul0.app.link/f31dsUttKKb \n\n🌟 Get access to exclusive Diary of a CEO content: https://www.youtube.com/channel/UCGq-a57w-aPwyi3pW7XLiHw/join\n\nFollow me:\nhttps://g2ul0.app.link/gnGqL4IsKKb  \n\nSponsors:\nWHOOP - https://join.whoop.com/CEO \nGoodNotes - http://goodnotes.com/DOAC \nZOE - http://joinzoe.com with code STEVEN10 for 10% off""}, 'es': {'title': 'El Experto en Inversiones y Cripto: ""¡Solo tenemos 6 años hasta que todo cambie!"" - Raoul Pal', 'description': 'El reloj está corriendo: Raoul Pal revela cómo la IA transformará la economía global y por qué las criptomonedas podrían ser tu mejor oportunidad de supervivencia. Bitcoin, Ethereum, Solana, Tether, Solana, Dogecoin, ¿en cuál deberías invertir?\n\nRaoul Pal es cofundador y CEO de Real Vision, la plataforma mundialmente reconocida de conocimientos y educación financiera. También fue jefe de ventas de fondos de cobertura en Europa en Goldman Sachs.\n\n00:00 Introducción \n02:07 ¿Cuál es la misión de Raoul? \n05:38 ¿Qué diría la persona promedio sobre el trabajo de Raoul? \n06:47 ¿Qué podría destruir mi futuro financiero? \n11:14 Estadísticas actuales frente a las de los años 80. \n12:18 ¿Cómo jugar al ""juego"" de las finanzas en la juventud? \n13:30 ¿Y el equilibrio entre el trabajo y la vida? \n13:58 ¿Qué conocimiento debería adquirir? \n14:57 ¿Cómo convertirte en un experto? \n16:41 Manifestando tu futuro. \n17:16 Cómo progresar una vez que seas un experto. \n19:42 ¿Qué pasa si no tienes ingresos adicionales para invertir? \n24:05 ¿Qué pasa con comprar una casa? \n26:28 Comentarios de los espectadores. \n30:07 Consejos del hermano de Steven sobre cómo ser un experto. \n31:58 Aplicando tu conocimiento para obtener el mayor retorno. \n39:01 ¿Cómo identificar una tendencia? \n39:02 La IA liberará tanto nuestro tiempo que no sabremos qué hacer con él. \n42:53 El componente de la IA. \n47:24 ¿Qué tan disruptiva será la IA? \n51:18 ¿Deberíamos temer a la IA? \n54:37 ¿Cómo saber si una tendencia será persistente? \n57:53 ¿Estamos en el colapso de la industria digital? \n59:06 ¿Cómo invertir en IA? \n01:00:51 ¿Qué es la criptomoneda? \n01:01:18 Productividad y IA. \n01:06:32 Explicación de la blockchain. \n01:08:04 Contratos en la blockchain. \n01:10:54 NFTs. \n01:12:12 ¿Deberías invertir en blockchain? \n01:21:43 ¿Cómo me beneficio al comprar criptomonedas? \n01:23:01 Cómo invertir en criptomonedas. \n01:24:27 ¿Qué es un dispositivo Ledger? \n01:25:41 ¿En qué moneda deberías invertir? \n01:32:14 ¿Qué es el apalancamiento?\n01:37:45 ¿Los hombres invierten más en criptomonedas? \n01:39:42 Las historias aterradoras con criptomonedas. \n01:41:41 ¿Cuál es la predicción de precios de Raoul para Bitcoin, Ethereum y Solana? \n01:45:20 ¿Y si Raoul está equivocado? \n01:50:35 ¿Qué es la devaluación de la moneda? \n02:01:30 El mejor trato es la calidad de vida. \n02:08:13 Pregunta del último invitado.\n\nSigue a Raoul: \nInstagram - https://g2ul0.app.link/4dEPXGm3iOb \nTwitter - https://g2ul0.app.link/AWXhSso3iOb \nSitio web - https://g2ul0.app.link/SFceWtr3iOb\n\nPuedes aprender más sobre ""The Everything Code"" de Raoul aquí: https://g2ul0.app.link/TqcS68j3iOb\n\nPuedes comprar The Diary Of A CEO Conversation Cards: Second Edition, aquí: https://g2ul0.app.link/f31dsUttKKb\n\n🌟 Obtén acceso a contenido exclusivo de Diary of a CEO: https://www.youtube.com/channel/UCGq-a57w-aPwyi3pW7XLiHw/join\n\nSígueme: https://g2ul0.app.link/gnGqL4IsKKb\n\nPatrocinadores: \nWHOOP - https://join.whoop.com/CEO \nGoodNotes - http://goodnotes.com/DOAC \nZOE - http://joinzoe.com con el código STEVEN10 para un 10% de descuento.'}}","https://www.youtube.com/watch?v=XyhhwVJB9Z4"
"DrfU1Aa8dK4","Yeti and Troll 🕺🪩 #memecoin #crypto #bitcoin #meme #btc #solana #trading #business #usa #trollface","","Degen Ads","UCDEnuP-Jf7ZnJW3GLm6gnwQ","https://www.youtube.com/channel/UCDEnuP-Jf7ZnJW3GLm6gnwQ","2025-08-04T16:21:24Z","8980161","115517","0","0","195","PT23S","2d","hd","false","True","{}","rectangular","{'default': {'url': 'https://i.ytimg.com/vi/DrfU1Aa8dK4/default.jpg', 'width': 120, 'height': 90}, 'medium': {'url': 'https://i.ytimg.com/vi/DrfU1Aa8dK4/mqdefault.jpg', 'width': 320, 'height': 180}, 'high': {'url': 'https://i.ytimg.com/vi/DrfU1Aa8dK4/hqdefault.jpg', 'width': 480, 'height': 360}, 'standard': {'url': 'https://i.ytimg.com/vi/DrfU1Aa8dK4/sddefault.jpg', 'width': 640, 'height': 480}, 'maxres': {'url': 'https://i.ytimg.com/vi/DrfU1Aa8dK4/maxresdefault.jpg', 'width': 1280, 'height': 720}}","https://i.ytimg.com/vi/DrfU1Aa8dK4/default.jpg","https://i.ytimg.com/vi/DrfU1Aa8dK4/mqdefault.jpg","https://i.ytimg.com/vi/DrfU1Aa8dK4/hqdefault.jpg","https://i.ytimg.com/vi/DrfU1Aa8dK4/sddefault.jpg","https://i.ytimg.com/vi/DrfU1Aa8dK4/maxresdefault.jpg","[]","22","en","en","none","[]","['https://en.wikipedia.org/wiki/Video_game_culture']","","","","","","","","","processed","public","youtube","True","True","False","{'en': {'title': 'Yeti and Troll 🕺\U0001faa9 #memecoin #crypto #bitcoin #meme #btc #solana #trading #business #usa #trollface', 'description': ''}}","https://www.youtube.com/watch?v=DrfU1Aa8dK4"
"LtSBjRP-x_8","What awaits us in the crypto summer?","","Yeti dyor","UCdaEipK588TVhtz2ddQsCHA","https://www.youtube.com/channel/UCdaEipK588TVhtz2ddQsCHA","2025-05-12T16:44:43Z","10224630","152547","0","0","408","PT17S","2d","hd","false","True","{}","rectangular","{'default': {'url': 'https://i.ytimg.com/vi/LtSBjRP-x_8/default.jpg', 'width': 120, 'height': 90}, 'medium': {'url': 'https://i.ytimg.com/vi/LtSBjRP-x_8/mqdefault.jpg', 'width': 320, 'height': 180}, 'high': {'url': 'https://i.ytimg.com/vi/LtSBjRP-x_8/hqdefault.jpg', 'width': 480, 'height': 360}, 'standard': {'url': 'https://i.ytimg.com/vi/LtSBjRP-x_8/sddefault.jpg', 'width': 640, 'height': 480}, 'maxres': {'url': 'https://i.ytimg.com/vi/LtSBjRP-x_8/maxresdefault.jpg', 'width': 1280, 'height': 720}}","https://i.ytimg.com/vi/LtSBjRP-x_8/default.jpg","https://i.ytimg.com/vi/LtSBjRP-x_8/mqdefault.jpg","https://i.ytimg.com/vi/LtSBjRP-x_8/hqdefault.jpg","https://i.ytimg.com/vi/LtSBjRP-x_8/sddefault.jpg","https://i.ytimg.com/vi/LtSBjRP-x_8/maxresdefault.jpg","[]","22","en","en","none","[]","['https://en.wikipedia.org/wiki/Entertainment', 'https://en.wikipedia.org/wiki/Film']","","","","","","","","","processed","public","youtube","True","True","False","{'en': {'title': 'What awaits us in the crypto summer?', 'description': ''}}","https://www.youtube.com/watch?v=LtSBjRP-x_8"
"enUgDZ4ULCc","Russia Says U.S. Planning $37 Trillion Crypto Reset","Russia: 'The U.S Plot to Dump $37 Trillion Into Crypto Reset' ▻ Apply for the Gemini Credit Card: https://www.Gemini.com/andrei ...","Andrei Jikh","UCGy7SkBjcIAgTiwkXEtPnYg","https://www.youtube.com/channel/UCGy7SkBjcIAgTiwkXEtPnYg","2025-09-22T19:00:41Z","4255211","108290","0","0","8271","PT18M22S","2d","hd","false","True","{}","rectangular","{'default': {'url': 'https://i.ytimg.com/vi/enUgDZ4ULCc/default.jpg', 'width': 120, 'height': 90}, 'medium': {'url': 'https://i.ytimg.com/vi/enUgDZ4ULCc/mqdefault.jpg', 'width': 320, 'height': 180}, 'high': {'url': 'https://i.ytimg.com/vi/enUgDZ4ULCc/hqdefault.jpg', 'width': 480, 'height': 360}, 'standard': {'url': 'https://i.ytimg.com/vi/enUgDZ4ULCc/sddefault.jpg', 'width': 640, 'height': 480}, 'maxres': {'url': 'https://i.ytimg.com/vi/enUgDZ4ULCc/maxresdefault.jpg', 'width': 1280, 'height': 720}}","https://i.ytimg.com/vi/enUgDZ4ULCc/default.jpg","https://i.ytimg.com/vi/enUgDZ4ULCc/mqdefault.jpg","https://i.ytimg.com/vi/enUgDZ4ULCc/hqdefault.jpg","https://i.ytimg.com/vi/enUgDZ4ULCc/sddefault.jpg","https://i.ytimg.com/vi/enUgDZ4ULCc/maxresdefault.jpg","['how to invest', 'bitcoin', 'million', 'ethereum', 'market crash', 'crypto', 'stock market', 'passive income', 'dividend investing', 'dividends', 'dividend stocks', 'crypto crash', 'stock market crash', 'bitcoin crash', 'NFT', 'how to buy bitcoin', 'cryptocurrency', 'robinhood app', 'best trading app', 'stocks', 'investing', 'investing for beginners', 'how to invest in real estate', 'how to invest in stocks', 'best stock trading app', 'credit score', 'andrei jikh', 'best investment', 'dogecoin', 'robinhood', 'portfolio', 'millionaire', 'recession']","27","en","en","none","[]","['https://en.wikipedia.org/wiki/Society']","","","","","","","","","processed","public","youtube","True","True","False","{'it': {'title': 'La Russia afferma che gli Stati Uniti stanno pianificando un reset delle criptovalute da 37 trili...', 'description': 'Russia: ""Gli Stati Uniti complottano per investire 37 trilioni di dollari nel reset delle criptovalute""\n► Richiedi la carta di credito Gemini: https://www.Gemini.com/andrei\n► Fino a 1000 dollari in azioni NVDA con deposito qualificato + APY dell\'8,1% a tempo limitato: https://start.moomoo.com/00zRxu\n\nSi applicano termini e condizioni. I titoli sono offerti tramite Moomoo Financial Inc. (MFI), membro FINRA/SIPC. Il creatore è un influencer retribuito e non è affiliato a MFI e le sue esperienze potrebbero non essere rappresentative di quelle di altri utenti di Moomoo. Investire è rischioso. I titoli sono offerti tramite Moomoo Financial Inc. (MFI), membro FINRA/SIPC. Promozione APY dell\'8,1% (al 01/08/25) solo per i nuovi utenti fino al 25/09/25. L\'APY effettivo potrebbe variare. I tassi potrebbero variare. Promozione per nuovi utenti soggetta a termini e condizioni. Clicca sul link per l\'elenco dei depositi bancari, il prelievo di contanti e i dettagli della promozione. Consulta l\'informativa completa su: https://invest.us.moomoo.com/_disclosure\n\n► Il mio portafoglio azionario + tracker https://www.brrrr.ai\n► Come proteggere i tuoi Bitcoin (passo dopo passo), usa il codice ""ANDREI40"" per ottenere uno sconto del 40% https://stan.store/andreijikh\n► Dove acquisto i miei Bitcoin: https://gemini.sjv.io/7a0OL5\n► Come sono passato da zero a un milione: https://www.zerotoamillion.com\n► Link per lo sconto Ledger: https://shop.ledger.com/pages/black-friday-andrei-jikh?r=535643c13ab0\n► Il mio portafoglio azionario + tracker: https://www.patreon.com/andreijikh\n► Apri un Roth IRA:\n► Seguimi su Instagram: Italiano: https://www.instagram.com/andreijikh/\n► Come proteggo i miei Bitcoin: https://shop.ledger.com/pages/ledger-nano-x?r=535643c13ab0\n\nLa mia casella postale:\nAndrei Jikh\n4132 S. Rainbow Blvd # 270\nLas Vegas, NV 89103\n\nINFORMATIVA: Nulla di quanto riportato deve essere interpretato come un consiglio di investimento, ma è solo a scopo di intrattenimento. I link sopra riportati includono commissioni di affiliazione o referral. Faccio parte di una rete di affiliazione e ricevo compensi dai siti web partner. Il video è accurato alla data di pubblicazione, ma potrebbe non esserlo in futuro.\n\nNon si deve considerare alcuna opinione espressa su questo canale YouTube come un incentivo specifico a effettuare un particolare investimento o seguire una particolare strategia, ma solo come un\'espressione di opinione. Le opinioni espresse si basano su informazioni considerate affidabili, ma questo canale YouTube non ne garantisce la completezza o l\'accuratezza e non deve essere considerato tale. Questo canale YouTube non ha alcun obbligo di aggiornare o correggere le informazioni fornite in questi video. Dichiarazioni e opinioni sono soggette a modifiche senza preavviso. Questo canale YouTube non riceve alcun compenso per le opinioni espresse.\n\nLe performance passate non sono indicative di risultati futuri. Questo canale YouTube non garantisce alcun risultato o profitto specifico. È necessario essere consapevoli del rischio reale di perdita derivante dal seguire qualsiasi strategia o investimento discusso su questo canale YouTube. Le strategie o gli investimenti discussi possono fluttuare di prezzo o valore. Gli investitori potrebbero recuperare meno di quanto investito. Gli investimenti o le strategie menzionati su questo canale YouTube potrebbero non essere adatti a te. Questo materiale non tiene conto dei tuoi specifici obiettivi di investimento, della tua situazione finanziaria o delle tue esigenze e non intende fornire raccomandazioni appropriate per te. Devi prendere una decisione indipendente in merito agli investimenti o alle strategie menzionati su questo canale YouTube. Prima di agire in base alle informazioni presenti su questo canale Youtube, dovresti valutare se sono adatte alle tue circostanze specifiche e valutare attentamente la possibilità di chiedere consiglio al tuo consulente finanziario o di investimento.'}, 'de-DE': {'title': 'Russland: USA planen Krypto-Reset im Wert von 37 Billionen Dollar', 'description': 'Russland: „Die USA planen, 37 Billionen Dollar in den Krypto-Reset zu stecken“\n► Gemini-Kreditkarte beantragen: https://www.Gemini.com/andrei\n► Bis zu 1.000 $ in NVDA-Aktien mit qualifizierter Einzahlung + zeitlich begrenzter effektiver Jahreszins von 8,1 %: https://start.moomoo.com/00zRxu\n\nEs gelten die Allgemeinen Geschäftsbedingungen. Wertpapiere werden über Moomoo Financial Inc. (MFI), Mitglied der FINRA/SIPC, angeboten. Der Autor ist ein bezahlter Influencer und steht in keiner Verbindung zu MFI. Seine Erfahrungen sind möglicherweise nicht repräsentativ für andere Moomoo-Nutzer. Investitionen sind riskant. Wertpapiere werden über Moomoo Financial Inc. (MFI), Mitglied der FINRA/SIPC, angeboten. Aktion: 8,1 % effektiver Jahreszins (Stand: 01.08.2025) nur für Neukunden bis zum 25.09.2025. Der tatsächliche effektive Jahreszins kann abweichen. Die Zinssätze können sich ändern. Für die Aktion für neue Benutzer gelten die Allgemeinen Geschäftsbedingungen. Klicken Sie auf den Link, um die Liste der Bankeinlagen, den Cash Sweep und Einzelheiten zur Aktion anzuzeigen. Vollständige Informationen finden Sie unter: https://invest.us.moomoo.com/_disclosure\n\n► Mein Aktienportfolio + Tracker: https://www.brrrr.ai\n► So schützen Sie Ihre Bitcoins (Schritt für Schritt). Mit dem Code „ANDREI40“ erhalten Sie 40 % Rabatt unter https://stan.store/andreijikh\n► Wo ich meine Bitcoins kaufe: https://gemini.sjv.io/7a0OL5\n► Wie ich von Null auf eine Million kam: https://www.zerotoamillion.com\n► Ledger-Rabatt-Link: https://shop.ledger.com/pages/black-friday-andrei-jikh?r=535643c13ab0\n► Mein Aktienportfolio + Aktien-Tracker: https://www.patreon.com/andreijikh\n► Ein Roth IRA eröffnen:\n► Folgen Sie mir auf Instagram: https://www.instagram.com/andreijikh/\n► So schütze ich meine Bitcoin: https://shop.ledger.com/pages/ledger-nano-x?r=535643c13ab0\n\nMein Postfach:\nAndrei Jikh\n4132 S. Rainbow Blvd # 270\nLas Vegas, NV 89103\n\nOFFENLEGUNG: Dies ist nicht als Anlageberatung zu verstehen, sondern dient ausschließlich Unterhaltungszwecken. Die oben stehenden Links enthalten Affiliate-Provisionen oder Empfehlungen. Ich bin Teil eines Affiliate-Netzwerks und erhalte Vergütungen von Partner-Websites. Das Video ist zum Zeitpunkt der Veröffentlichung korrekt, kann sich aber in Zukunft ändern.\n\nDie auf diesem YouTube-Kanal geäußerten Meinungen sollten nicht als Anreiz für eine bestimmte Investition oder Strategie betrachtet werden, sondern lediglich als Meinungsäußerung. Die geäußerten Meinungen basieren auf Informationen, die als zuverlässig gelten. Dieser YouTube-Kanal übernimmt jedoch keine Gewähr für deren Vollständigkeit oder Richtigkeit und sollte nicht als solche betrachtet werden. Dieser YouTube-Kanal ist nicht verpflichtet, die in diesen Videos bereitgestellten Informationen zu aktualisieren oder zu korrigieren. Aussagen und Meinungen können sich ohne vorherige Ankündigung ändern. Dieser YouTube-Kanal erhält für die geäußerten Meinungen keine Vergütung.\n\nDie Wertentwicklung in der Vergangenheit lässt keinen Rückschluss auf zukünftige Ergebnisse zu. Dieser YouTube-Kanal garantiert kein bestimmtes Ergebnis oder Gewinn. Sie sollten sich des realen Verlustrisikos bewusst sein, das mit der Verfolgung der auf diesem YouTube-Kanal besprochenen Strategien oder Investitionen verbunden ist. Die besprochenen Strategien oder Investitionen können im Preis oder Wert schwanken. Anleger erhalten möglicherweise weniger zurück als investiert. Die auf diesem YouTube-Kanal erwähnten Investitionen oder Strategien sind möglicherweise nicht für Sie geeignet. Dieses Material berücksichtigt nicht Ihre individuellen Anlageziele, Ihre finanzielle Situation oder Ihre Bedürfnisse und stellt keine für Sie geeigneten Empfehlungen dar. Sie müssen eine unabhängige Entscheidung über die auf diesem YouTube-Kanal erwähnten Investitionen oder Strategien treffen. Bevor Sie auf Grundlage der Informationen auf diesem YouTube-Kanal handeln, sollten Sie prüfen, ob diese für Ihre besonderen Umstände geeignet sind, und unbedingt den Rat Ihres eigenen Finanz- oder Anlageberaters einholen.'}, 'uk': {'title': 'Росія заявляє, що США планують перезавантаження криптовалют на 37 трильйонів доларів', 'description': 'Росія: «США планують вкласти 37 трильйонів доларів у перезавантаження криптовалюти»\n► Подайте заявку на кредитну картку Gemini: https://www.Gemini.com/andrei\n► До 1000 доларів США в акціях NVDA з кваліфікованим депозитом + обмежена за часом 8,1% річних: https://start.moomoo.com/00zRxu\n\nДіють правила та умови. Цінні папери пропонуються через Moomoo Financial Inc. (MFI), члена FINRA/SIPC. Автор є платним інфлюенсером і не пов\'язаний з MFI, тому його досвід може не відповідати досвіду інших користувачів moomoo. Інвестування є ризикованим. Цінні папери пропонуються через Moomoo Financial Inc. (MFI), члена FINRA/SIPC. Промоція 8,1% річних (станом на 01.08.25) лише для нових користувачів до 25.09.25. Фактична річна річна річна може відрізнятися. Ставки можуть змінюватися. Промоція для нових користувачів підлягає умовам та положенням. Натисніть посилання, щоб переглянути список банківських депозитів, грошовий розрахунок та деталі акції. Дивіться повну інформацію за посиланням: https://invest.us.moomoo.com/_disclosure\n\n► Мій портфель акцій + трекер https://www.brrrr.ai\n► Як захистити свій біткойн (покроково), використовуйте код ""ANDREI40"", щоб отримати знижку 40% https://stan.store/andreijikh\n► Де я купую свій біткойн: https://gemini.sjv.io/7a0OL5\n► Як я пройшов шлях від нуля до мільйона: https://www.zerotoamillion.com\n► Посилання на знижку Ledger: https://shop.ledger.com/pages/black-friday-andrei-jikh?r=535643c13ab0\n► Мій портфель акцій + трекер акцій: https://www.patreon.com/andreijikh\n► Відкрийте Roth IRA:\n► Підпишіться на мене в Instagram: https://www.instagram.com/andreijikh/\n► Як я захищаю свій біткойн: https://shop.ledger.com/pages/ledger-nano-x?r=535643c13ab0\n\nМоя поштова скринька:\nАндрій Жих\n4132 S. Rainbow Blvd # 270\nЛас-Вегас, Невада 89103\n\nПОВІДОМЛЕННЯ: Ніщо з цього не призначене для тлумачення як інвестиційна порада, це лише для розважальних цілей. Посилання вище містять інформацію про партнерську комісію або реферали. Я є частиною партнерської мережі та отримую винагороду від партнерських веб-сайтів. Відео є точним станом на дату публікації, але може бути неточним у майбутньому.\n\nВи не повинні розглядати будь-яку думку, висловлену на цьому каналі Youtube, як конкретний стимул для здійснення певних інвестицій або дотримання певної стратегії, а лише як вираження думки. Висловлені думки ґрунтуються на інформації, яка вважається достовірною, але цей канал Youtube не гарантує її повноти чи точності, і на нього не слід покладатися як на такий. Цей канал Youtube не зобов\'язаний оновлювати чи виправляти будь-яку інформацію, надану в цих відео. Заяви та думки можуть бути змінені без попередження. Цей канал Youtube не отримує жодної компенсації за висловлені думки.\n\nМинулі результати не є показником майбутніх результатів. Цей канал Youtube не гарантує жодного конкретного результату чи прибутку. Ви повинні знати про реальний ризик втрат, дотримуючись будь-якої стратегії чи інвестицій, обговорюваних на цьому каналі Youtube. Стратегії чи інвестиції, що обговорюються, можуть коливатися в ціні чи вартості. Інвестори можуть отримати менше, ніж вкладено. Інвестиції чи стратегії, згадані на цьому каналі Youtube, можуть не підходити для вас. Цей матеріал не враховує ваші конкретні інвестиційні цілі, фінансову ситуацію чи потреби та не призначений для використання як рекомендації, що підходять саме вам. Ви повинні прийняти самостійне рішення щодо інвестицій чи стратегій, згаданих на цьому каналі Youtube. Перш ніж діяти на основі інформації на цьому каналі Youtube, вам слід врахувати, чи підходить вона для ваших конкретних обставин, і серйозно розглянути можливість звернення за порадою до свого фінансового чи інвестиційного консультанта.'}, 'iw': {'title': 'רוסיה אומרת שארה""ב מתכננת איפוס קריפטו של 37 טריליון דולר', 'description': 'רוסיה: \'ארה""ב מתכננת להשקיע 37 טריליון דולר באיפוס קריפטו\'\n► הגש בקשה לכרטיס אשראי ג\'מיני: https://www.Gemini.com/andrei\n► עד 1000 דולר במניות NVDA עם הפקדה כשירה + ריבית 8.1% APY לזמן מוגבל: https://start.moomoo.com/00zRxu\n\nתנאים והגבלות חלים. ניירות הערך מוצעים דרך Moomoo Financial Inc. (MFI), חברה ב-FINRA/SIPC. היוצר הוא משפיען בתשלום ואינו קשור ל-MFI וייתכן שהניסיון שלו אינו מייצג משתמשי moomoo אחרים. השקעה היא מסוכנת. ניירות הערך מוצעים דרך Moomoo Financial Inc. (MFI), חברה ב-FINRA/SIPC. מבצע 8.1% APY (נכון ל-1/8/25) למשתמשים חדשים בלבד עד 25/9/25. ריבית APY בפועל עשויה להשתנות. המבצע למשתמשים חדשים כפוף לתנאים והגבלות. לחץ על הקישור לרשימת הפקדות בנקאיות, ריבית מזומנים ופרטי מבצע. ראה גילויים מלאים בכתובת: https://invest.us.moomoo.com/_disclosure\n\n► תיק המניות שלי + מעקב https://www.brrrr.ai\n► כיצד להגן על הביטקוין שלך (שלב אחר שלב), השתמש בקוד ""ANDREI40"" כדי לקבל 40% הנחה https://stan.store/andreijikh\n► היכן אני קונה את הביטקוין שלי: https://gemini.sjv.io/7a0OL5\n► איך עברתי מאפס למיליון: https://www.zerotoamillion.com\n► קישור להנחות Ledger: https://shop.ledger.com/pages/black-friday-andrei-jikh?r=535643c13ab0\n► תיק המניות שלי + מעקב מניות: https://www.patreon.com/andreijikh\n► פתח Roth IRA:\n► עקוב אחריי באינסטגרם: https://www.instagram.com/andreijikh/\n► כיצד אני מגן על הביטקוין שלי: https://shop.ledger.com/pages/ledger-nano-x?r=535643c13ab0\n\nתיבת הדואר שלי:\nאנדריי ג\'יק\n4132 שדרות ריינבו דרום # 270\nלאס וגאס, נבדה 89103\n\nגילוי נאות: שום דבר מזה לא נועד להתפרש כייעוץ השקעות, הוא למטרות בידור בלבד. הקישורים לעיל כוללים עמלת שותפים או הפניות. אני חלק מרשת שותפים ואני מקבל תגמול מאתרי אינטרנט שותפים. הסרטון מדויק נכון לתאריך הפרסום אך ייתכן שלא יהיה מדויק בעתיד.\n\nאין להתייחס לכל דעה המובעת בערוץ יוטיוב זה כאל תמריץ ספציפי לבצע השקעה מסוימת או לפעול לפי אסטרטגיה מסוימת, אלא רק כביטוי דעה. הדעות המובעות מבוססות על מידע הנחשב אמין, אך ערוץ יוטיוב זה אינו מתחייב לשלמותו או לדיוקו, ואין להסתמך עליו ככאלה. ערוץ יוטיוב זה אינו מחויב לעדכן או לתקן כל מידע המסופק בסרטונים אלה. הצהרות ודעות כפופות לשינוי ללא הודעה מוקדמת. ערוץ יוטיוב זה אינו מקבל פיצוי עבור הדעות המובעות.\n\nביצועי העבר אינם מעידים על תוצאות עתידיות. ערוץ יוטיוב זה אינו מבטיח תוצאה או רווח ספציפיים. עליך להיות מודע לסיכון האמיתי להפסד בביצוע כל אסטרטגיה או השקעה הנדונות בערוץ יוטיוב זה. אסטרטגיות או השקעות הנדונות עשויות להשתנות במחיר או בערך. משקיעים עשויים לקבל בחזרה פחות מההשקעה. השקעות או אסטרטגיות המוזכרות בערוץ יוטיוב זה עשויות לא להתאים לך. חומר זה אינו מתחשב ביעדי ההשקעה הספציפיים שלך, במצבך הפיננסי או בצרכים שלך ואינו מיועד לשמש כהמלצות המתאימות לך. עליך לקבל החלטה עצמאית בנוגע להשקעות או אסטרטגיות המוזכרות בערוץ יוטיוב זה. לפני שתפעל על סמך מידע בערוץ יוטיוב זה, עליך לשקול האם הוא מתאים לנסיבותיך הספציפיות ולשקול בחום לפנות לייעוץ מיועץ פיננסי או יועץ השקעות משלך.'}, 'ta': {'title': 'அமெரிக்கா $37 டிரில்லியன் கிரிப்டோ மீட்டமைப்பைத் திட்டமிட்டுள்ளதாக ரஷ்யா கூறுகிறது.', 'description': 'ரஷ்யா: \'$37 டிரில்லியன் பணத்தை கிரிப்டோ மீட்டமைப்பில் திணிக்க அமெரிக்கா திட்டமிட்டுள்ளது\'\n► ஜெமினி கிரெடிட் கார்டுக்கு விண்ணப்பிக்கவும்: https://www.Gemini.com/andrei\n► தகுதிவாய்ந்த வைப்புத்தொகை + வரையறுக்கப்பட்ட காலத்துடன் NVDA பங்குகளில் $1000 வரை 8.1% APY: https://start.moomoo.com/00zRxu\n\nவிதிமுறைகள் மற்றும் நிபந்தனைகள் பொருந்தும். பத்திரங்கள் Moomoo Financial Inc. (MFI), உறுப்பினர் FINRA/SIPC மூலம் வழங்கப்படுகின்றன. உருவாக்கியவர் ஒரு கட்டண செல்வாக்கு செலுத்துபவர் மற்றும் MFI உடன் இணைக்கப்படவில்லை மற்றும் அவர்களின் அனுபவங்கள் மற்ற moomoo பயனர்களின் பிரதிநிதியாக இருக்கக்கூடாது. முதலீடு செய்வது ஆபத்தானது. Moomoo Financial Inc. (MFI), உறுப்பினர் FINRA/SIPC.Promo மூலம் பத்திரங்கள் வழங்கப்படுகின்றன. புதிய பயனர்களுக்கு 9/25/25 வரை மட்டுமே 8.1% APY (8/1/25 நிலவரப்படி). உண்மையான APY வேறுபடலாம். விகிதங்கள் மாறலாம். புதிய பயனர் சலுகை விதிமுறைகள் மற்றும் நிபந்தனைகளுக்கு உட்பட்டது. வங்கி வைப்பு பட்டியல், பணமதிப்பிழப்பு மற்றும் சலுகை விவரங்களுக்கு இணைப்பைக் கிளிக் செய்யவும். முழு வெளிப்பாடுகளையும் இங்கே காண்க: https://invest.us.moomoo.com/_disclosure \n\n► எனது பங்கு போர்ட்ஃபோலியோ + டிராக்கர் https://www.brrrr.ai\n► உங்கள் பிட்காயினை எவ்வாறு பாதுகாப்பது (படிப்படியாக), 40% தள்ளுபடி பெற ""ANDREI40"" குறியீட்டைப் பயன்படுத்தவும் https://stan.store/andreijikh\n► எனது பிட்காயினை நான் எங்கே வாங்குகிறேன்: https://gemini.sjv.io/7a0OL5\n► பூஜ்ஜியத்திலிருந்து ஒரு மில்லியனுக்கு நான் எப்படி சென்றேன்: https://www.zerotoamillion.com\n► லெட்ஜர் தள்ளுபடி இணைப்பு: https://shop.ledger.com/pages/black-friday-andrei-jikh?r=535643c13ab0\n► எனது பங்கு போர்ட்ஃபோலியோ + ஸ்டாக் டிராக்கர்: https://www.patreon.com/andreijikh\n► ஒரு ரோத் IRA ஐத் திறக்கவும்: \n► Instagram இல் என்னைப் பின்தொடரவும்: https://www.instagram.com/andreijikh/\n► எனது பிட்காயினை நான் எவ்வாறு பாதுகாப்பது: https://shop.ledger.com/pages/ledger-nano-x?r=535643c13ab0\n\nஎனது அஞ்சல் பெட்டி: \n\nஆண்ட்ரி ஜிக்\n4132 எஸ். ரெயின்போ பவுல்வர்டு # 270\n\nலாஸ் வேகாஸ், NV 89103\n\nதுறப்பு: இதில் எதுவும் முதலீட்டு ஆலோசனையாகக் கருதப்படக்கூடாது, இது பொழுதுபோக்கு நோக்கங்களுக்காக மட்டுமே. மேலே உள்ள இணைப்புகளில் இணைப்பு கமிஷன் அல்லது பரிந்துரைகள் அடங்கும். நான் ஒரு இணைப்பு நெட்வொர்க்கின் ஒரு பகுதியாக இருக்கிறேன், மேலும் கூட்டாளர் வலைத்தளங்களிலிருந்து நான் இழப்பீடு பெறுகிறேன். வீடியோ இடுகையிடும் தேதியின்படி துல்லியமானது, ஆனால் எதிர்காலத்தில் துல்லியமாக இருக்காது.\n\nஇந்த Youtube சேனலில் வெளிப்படுத்தப்படும் எந்தவொரு கருத்தையும் ஒரு குறிப்பிட்ட முதலீட்டைச் செய்ய அல்லது ஒரு குறிப்பிட்ட உத்தியைப் பின்பற்றுவதற்கான ஒரு குறிப்பிட்ட தூண்டுதலாக நீங்கள் கருதக்கூடாது, ஆனால் ஒரு கருத்து வெளிப்பாடாக மட்டுமே கருத வேண்டும். வெளிப்படுத்தப்படும் கருத்துக்கள் நம்பகமானதாகக் கருதப்படும் தகவலை அடிப்படையாகக் கொண்டவை, ஆனால் இந்த Youtube சேனல் அதன் முழுமை அல்லது துல்லியத்திற்கு உத்தரவாதம் அளிக்காது, மேலும் அதை அப்படியே நம்பியிருக்கக்கூடாது. இந்த YouTube சேனல் இந்த வீடியோக்களில் வழங்கப்பட்ட எந்தவொரு தகவலையும் புதுப்பிக்கவோ அல்லது திருத்தவோ எந்தக் கடமையும் இல்லை. அறிக்கைகள் மற்றும் கருத்துகள் அறிவிப்பு இல்லாமல் மாற்றத்திற்கு உட்பட்டவை. வெளிப்படுத்தப்பட்ட கருத்துக்களுக்கு இந்த Youtube சேனல் எந்த இழப்பீடும் பெறாது. \n\nகடந்த கால செயல்திறன் எதிர்கால முடிவுகளைக் குறிக்கவில்லை. இந்த Youtube சேனல் எந்த குறிப்பிட்ட விளைவையோ அல்லது லாபத்தையோ உத்தரவாதம் செய்யாது. இந்த Youtube சேனலில் விவாதிக்கப்பட்ட எந்தவொரு உத்தி அல்லது முதலீட்டைப் பின்பற்றுவதில் உண்மையான இழப்பு அபாயத்தை நீங்கள் அறிந்திருக்க வேண்டும். விவாதிக்கப்பட்ட உத்திகள் அல்லது முதலீடுகள் விலை அல்லது மதிப்பில் ஏற்ற இறக்கமாக இருக்கலாம். முதலீட்டாளர்கள் முதலீடு செய்ததை விட குறைவாகவே திரும்பப் பெறலாம். இந்த Youtube சேனலில் குறிப்பிடப்பட்டுள்ள முதலீடுகள் அல்லது உத்திகள் உங்களுக்குப் பொருந்தாமல் போகலாம். இந்த உள்ளடக்கம் உங்கள் குறிப்பிட்ட முதலீட்டு நோக்கங்கள், நிதி நிலைமை அல்லது தேவைகளை கணக்கில் எடுத்துக்கொள்ளாது, மேலும் உங்களுக்குப் பொருத்தமான பரிந்துரைகளாக இது கருதப்படவில்லை. இந்த Youtube சேனலில் குறிப்பிடப்பட்டுள்ள முதலீடுகள் அல்லது உத்திகள் குறித்து நீங்கள் ஒரு சுயாதீனமான முடிவை எடுக்க வேண்டும். இந்த Youtube சேனலில் உள்ள தகவல்களின் அடிப்படையில் செயல்படுவதற்கு முன், அது உங்கள் குறிப்பிட்ட சூழ்நிலைகளுக்கு ஏற்றதா என்பதைக் கருத்தில் கொண்டு, உங்கள் சொந்த நிதி அல்லது முதலீட்டு ஆலோசகரிடம் ஆலோசனை பெறுவதைக் கடுமையாக பரிசீலிக்க வேண்டும்.'}, 'hi': {'title': 'रूस का कहना है कि अमेरिका 37 ट्रिलियन डॉलर के क्रिप्टो रीसेट की योजना बना रहा है', 'description': 'रूस: \'क्रिप्टो रीसेट में 37 ट्रिलियन डॉलर झोंकने की अमेरिकी साजिश\'\n► जेमिनी क्रेडिट कार्ड के लिए आवेदन करें: https://www.Gemini.com/andrei\n► योग्य जमा राशि के साथ NVDA शेयरों में 1000 डॉलर तक + सीमित समय के लिए 8.1% APY: https://start.moomoo.com/00zRxu\n\nनियम और शर्तें लागू। प्रतिभूतियाँ Moomoo Financial Inc. (MFI), FINRA/SIPC के सदस्य के माध्यम से प्रदान की जाती हैं। निर्माता एक पेड इन्फ्लुएंसर है और MFI से संबद्ध नहीं है, इसलिए हो सकता है कि उनके अनुभव अन्य moomoo उपयोगकर्ताओं के अनुभव से मेल न खाते हों। निवेश जोखिम भरा है। प्रतिभूतियाँ Moomoo Financial Inc. (MFI), FINRA/SIPC के सदस्य के माध्यम से प्रदान की जाती हैं। नए उपयोगकर्ताओं के लिए 8.1% APY (8/1/25 तक) का प्रोमो केवल 25/9/25 तक उपलब्ध है। वास्तविक APY भिन्न हो सकता है। दरें बदल सकती हैं। नए उपयोगकर्ता प्रोमो नियम एवं शर्तों के अधीन है। बैंक जमा सूची, कैश स्वीप और प्रोमो विवरण के लिए लिंक पर क्लिक करें। पूर्ण विवरण यहां देखें: https://invest.us.moomoo.com/_disclosure\n\n► मेरा स्टॉक पोर्टफोलियो + ट्रैकर https://www.brrrr.ai\n► अपने बिटकॉइन की सुरक्षा कैसे करें (चरण दर चरण), 40% छूट पाने के लिए कोड ""ANDREI40"" का उपयोग करें https://stan.store/andreijikh\n► मैं अपना बिटकॉइन कहां से खरीदता/खरीदती हूँ: https://gemini.sjv.io/7a0OL5\n► मैं शून्य से एक मिलियन तक कैसे पहुँचा: https://www.zerotoamillion.com\n► लेज़र डिस्काउंट लिंक: https://shop.ledger.com/pages/black-friday-andrei-jikh?r=535643c13ab0\n► मेरा स्टॉक पोर्टफोलियो + स्टॉक ट्रैकर: https://www.patreon.com/andreijikh\n► रोथ IRA खोलें:\n► मुझे इंस्टाग्राम पर फ़ॉलो करें: https://www.instagram.com/andreijikh/\n► मैं अपने बिटकॉइन की सुरक्षा कैसे करता/करती हूँ: https://shop.ledger.com/pages/ledger-nano-x?r=535643c13ab0\n\nमेरा डाकघर:\nआंद्रेई जिख\n4132 एस. रेनबो ब्लाव्ड # 270\nलास वेगास, न्यू मैक्सिको 89103\n\nप्रकटीकरण: इनमें से किसी भी जानकारी को निवेश सलाह के रूप में नहीं लिया जाना चाहिए, यह केवल मनोरंजन के उद्देश्य से है। ऊपर दिए गए लिंक में एफिलिएट कमीशन या रेफ़रल शामिल हैं। मैं एक एफिलिएट नेटवर्क का हिस्सा हूँ और मुझे सहयोगी वेबसाइटों से मुआवज़ा मिलता है। वीडियो पोस्ट करने की तारीख तक सटीक है, लेकिन भविष्य में सटीक नहीं हो सकता है।\n\nआपको इस YouTube चैनल पर व्यक्त की गई किसी भी राय को किसी खास निवेश करने या किसी खास रणनीति का पालन करने के लिए किसी खास प्रलोभन के रूप में नहीं, बल्कि केवल एक राय के रूप में लेना चाहिए। व्यक्त की गई राय विश्वसनीय मानी जाने वाली जानकारी पर आधारित है, लेकिन यह YouTube चैनल इसकी पूर्णता या सटीकता की गारंटी नहीं देता है, और इस पर इस तरह भरोसा नहीं किया जाना चाहिए। यह यूट्यूब चैनल इन वीडियो में दी गई किसी भी जानकारी को अपडेट या सही करने के लिए बाध्य नहीं है। बयान और राय बिना किसी सूचना के बदले जा सकते हैं। व्यक्त की गई राय के लिए इस यूट्यूब चैनल को कोई भुगतान नहीं मिलता है।\n\nपिछला प्रदर्शन भविष्य के परिणामों का संकेत नहीं है। यह यूट्यूब चैनल किसी विशिष्ट परिणाम या लाभ की गारंटी नहीं देता है। आपको इस यूट्यूब चैनल पर चर्चा की गई किसी भी रणनीति या निवेश का पालन करने में होने वाले नुकसान के वास्तविक जोखिम के बारे में पता होना चाहिए। चर्चा की गई रणनीतियों या निवेशों की कीमत या मूल्य में उतार-चढ़ाव हो सकता है। निवेशकों को निवेश से कम लाभ मिल सकता है। इस यूट्यूब चैनल पर उल्लिखित निवेश या रणनीतियाँ आपके लिए उपयुक्त नहीं हो सकती हैं। यह सामग्री आपके विशिष्ट निवेश उद्देश्यों, वित्तीय स्थिति या आवश्यकताओं को ध्यान में नहीं रखती है और आपके लिए उपयुक्त सुझाव देने के लिए नहीं है। आपको इस यूट्यूब चैनल पर उल्लिखित निवेश या रणनीतियों के बारे में स्वतंत्र निर्णय लेना होगा। इस यूट्यूब चैनल पर दी गई जानकारी पर कार्य करने से पहले, आपको यह विचार करना चाहिए कि क्या यह आपकी विशेष परिस्थितियों के लिए उपयुक्त है और अपने वित्तीय या निवेश सलाहकार से सलाह लेने पर गंभीरता से विचार करें।'}, 'te': {'title': 'అమెరికా $37 ట్రిలియన్ల క్రిప్టో రీసెట్\u200cను ప్లాన్ చేస్తోందని రష్యా తెలిపింది.', 'description': 'రష్యా: \'క్రిప్టో రీసెట్\u200cలోకి $37 ట్రిలియన్లు వేయడానికి అమెరికా కుట్ర\'\n► జెమిని క్రెడిట్ కార్డ్ కోసం దరఖాస్తు చేసుకోండి: https://www.Gemini.com/andrei\n► అర్హత కలిగిన డిపాజిట్\u200cతో NVDA షేర్లలో $1000 వరకు+ పరిమిత సమయం 8.1% APY: https://start.moomoo.com/00zRxu\n\nనిబంధనలు మరియు షరతులు వర్తిస్తాయి. సెక్యూరిటీలు Moomoo Financial Inc. (MFI), సభ్యుడు FINRA/SIPC ద్వారా అందించబడతాయి. సృష్టికర్త చెల్లింపు ప్రభావశీలుడు మరియు MFIతో అనుబంధించబడలేదు మరియు వారి అనుభవాలు ఇతర moomoo వినియోగదారులకు ప్రాతినిధ్యం వహించకపోవచ్చు. పెట్టుబడి పెట్టడం ప్రమాదకరం. సెక్యూరిటీలు Moomoo Financial Inc. (MFI), సభ్యుడు FINRA/SIPC.Promo ద్వారా అందించబడతాయి 9/25/25 వరకు మాత్రమే కొత్త వినియోగదారులకు 8.1% APY (8/1/25 నాటికి). వాస్తవ APY మారవచ్చు. రేట్లు మారవచ్చు. కొత్త యూజర్ ప్రోమో నిబంధనలు & షరతులకు లోబడి ఉంటుంది. బ్యాంక్ డిపాజిట్ జాబితా, నగదు స్వీప్ మరియు ప్రోమో వివరాల కోసం లింక్\u200cపై క్లిక్ చేయండి. పూర్తి బహిర్గతాలను ఇక్కడ చూడండి: https://invest.us.moomoo.com/_disclosure \n\n► నా స్టాక్ పోర్ట్\u200cఫోలియో + ట్రాకర్ https://www.brrrr.ai\n► మీ బిట్\u200cకాయిన్\u200cను ఎలా రక్షించుకోవాలి (దశల వారీగా), 40% తగ్గింపు పొందడానికి ""ANDREI40"" కోడ్\u200cను ఉపయోగించండి https://stan.store/andreijikh\n► నేను నా బిట్\u200cకాయిన్\u200cను ఎక్కడ కొనుగోలు చేస్తాను: https://gemini.sjv.io/7a0OL5\n► నేను జీరో నుండి మిలియన్\u200cకు ఎలా వెళ్ళాను: https://www.zerotoamillion.com\n► లెడ్జర్ డిస్కౌంట్ లింక్: https://shop.ledger.com/pages/black-friday-andrei-jikh?r=535643c13ab0\n► నా స్టాక్ పోర్ట్\u200cఫోలియో + స్టాక్ ట్రాకర్: https://www.patreon.com/andreijikh\n► రోత్ IRAని తెరవండి: \n► Instagramలో నన్ను అనుసరించండి: https://www.instagram.com/andreijikh/\n► నేను నా బిట్\u200cకాయిన్\u200cను ఎలా రక్షించుకుంటాను: https://shop.ledger.com/pages/ledger-nano-x?r=535643c13ab0\n\nనా PO బాక్స్: \n\nఆండ్రీ జిఖ్\n4132 S. రెయిన్బో Blvd # 270\n\nలాస్ వెగాస్, NV 89103\n\nనిరాకరణ: వీటిలో ఏదీ పెట్టుబడి సలహాగా భావించకూడదు, ఇది వినోద ప్రయోజనాల కోసం మాత్రమే. పైన ఉన్న లింక్\u200cలలో అనుబంధ కమిషన్ లేదా రిఫరల్స్ ఉన్నాయి. నేను అనుబంధ నెట్\u200cవర్క్\u200cలో భాగం మరియు నేను భాగస్వామ్య వెబ్\u200cసైట్\u200cల నుండి పరిహారం పొందుతాను. వీడియో పోస్ట్ చేసిన తేదీ నాటికి ఖచ్చితమైనది కానీ భవిష్యత్తులో ఖచ్చితమైనది కాకపోవచ్చు.\n\nమీరు ఈ Youtube ఛానెల్\u200cలో వ్యక్తీకరించబడిన ఏ అభిప్రాయాన్ని అయినా ఒక నిర్దిష్ట పెట్టుబడి పెట్టడానికి లేదా ఒక నిర్దిష్ట వ్యూహాన్ని అనుసరించడానికి ఒక నిర్దిష్ట ప్రేరణగా పరిగణించకూడదు, కానీ అభిప్రాయ వ్యక్తీకరణగా మాత్రమే పరిగణించకూడదు. వ్యక్తీకరించబడిన అభిప్రాయాలు నమ్మదగినవిగా పరిగణించబడే సమాచారంపై ఆధారపడి ఉంటాయి, కానీ ఈ Youtube ఛానెల్ దాని పరిపూర్ణత లేదా ఖచ్చితత్వానికి హామీ ఇవ్వదు మరియు దానిపై ఆధారపడకూడదు. ఈ వీడియోలలో అందించిన ఏదైనా సమాచారాన్ని నవీకరించడానికి లేదా సరిచేయడానికి ఈ Youtube ఛానెల్ ఎటువంటి బాధ్యత వహించదు. ప్రకటనలు మరియు అభిప్రాయాలు నోటీసు లేకుండా మారవచ్చు. వ్యక్తీకరించబడిన అభిప్రాయాలకు ఈ Youtube ఛానెల్ ఎటువంటి పరిహారం పొందదు. \n\nగత పనితీరు భవిష్యత్తు ఫలితాలను సూచించదు. ఈ Youtube ఛానెల్ ఏదైనా నిర్దిష్ట ఫలితం లేదా లాభానికి హామీ ఇవ్వదు. ఈ Youtube ఛానెల్\u200cలో చర్చించబడిన ఏదైనా వ్యూహం లేదా పెట్టుబడిని అనుసరించడంలో నష్టానికి నిజమైన ప్రమాదం ఉందని మీరు తెలుసుకోవాలి. చర్చించబడిన వ్యూహాలు లేదా పెట్టుబడులు ధర లేదా విలువలో హెచ్చుతగ్గులకు లోనవుతాయి. పెట్టుబడిదారులు పెట్టుబడి పెట్టిన దానికంటే తక్కువ తిరిగి పొందవచ్చు. ఈ Youtube ఛానెల్\u200cలో పేర్కొన్న పెట్టుబడులు లేదా వ్యూహాలు మీకు అనుకూలంగా ఉండకపోవచ్చు. ఈ మెటీరియల్ మీ నిర్దిష్ట పెట్టుబడి లక్ష్యాలు, ఆర్థిక పరిస్థితి లేదా అవసరాలను పరిగణనలోకి తీసుకోదు మరియు మీకు తగిన సిఫార్సులుగా ఉద్దేశించబడలేదు. ఈ Youtube ఛానెల్\u200cలో పేర్కొన్న పెట్టుబడులు లేదా వ్యూహాల గురించి మీరు స్వతంత్ర నిర్ణయం తీసుకోవాలి. ఈ Youtube ఛానెల్\u200cలోని సమాచారంపై చర్య తీసుకునే ముందు, ఇది మీ ప్రత్యేక పరిస్థితులకు అనుకూలంగా ఉందో లేదో మీరు పరిగణించాలి మరియు మీ స్వంత ఆర్థిక లేదా పెట్టుబడి సలహాదారు నుండి సలహా తీసుకోవడాన్ని గట్టిగా పరిగణించాలి.'}, 'nl-NL': {'title': 'Rusland zegt dat de VS een crypto-reset van $37 biljoen plannen', 'description': 'Rusland: \'De VS wil $37 biljoen investeren in crypto-reset\'\n► Vraag de Gemini Creditcard aan: https://www.Gemini.com/andrei\n► Tot $1000 aan NVDA-aandelen met een gekwalificeerde storting + een tijdelijke rente van 8,1%: https://start.moomoo.com/00zRxu\n\nAlgemene voorwaarden zijn van toepassing. De effecten worden aangeboden via Moomoo Financial Inc. (MFI), lid van FINRA/SIPC. De maker is een betaalde influencer en is niet gelieerd aan MFI. Hun ervaringen zijn mogelijk niet representatief voor die van andere Moomoo-gebruikers. Beleggen is riskant. De effecten worden aangeboden via Moomoo Financial Inc. (MFI), lid van FINRA/SIPC. Promotie 8,1% rente (vanaf 1-8-2025) alleen voor nieuwe gebruikers tot 25-9-2025. De werkelijke rente kan afwijken. Tarieven kunnen wijzigen. Promotie voor nieuwe gebruikers is onderworpen aan algemene voorwaarden. Klik op de link voor meer informatie over de lijst met bankstortingen, cash sweep en promoties. Bekijk de volledige informatie op: https://invest.us.moomoo.com/_disclosure\n\n► Mijn aandelenportefeuille + tracker https://www.brrrr.ai\n► Hoe u uw Bitcoin kunt beschermen (stap voor stap), gebruik code ""ANDREI40"" voor 40% korting https://stan.store/andreijikh\n► Waar ik mijn Bitcoin koop: https://gemini.sjv.io/7a0OL5\n► Hoe ik van nul naar een miljoen ging: https://www.zerotoamillion.com\n► Ledger kortingslink: https://shop.ledger.com/pages/black-friday-andrei-jikh?r=535643c13ab0\n► Mijn aandelenportefeuille + aandelentracker: https://www.patreon.com/andreijikh\n► Open een Roth IRA:\n► Volg mij op Instagram: https://www.instagram.com/andreijikh/\n► Hoe ik mijn Bitcoin bescherm: https://shop.ledger.com/pages/ledger-nano-x?r=535643c13ab0\n\nMijn postbus: \nAndrei Jikh\n4132 S. Rainbow Blvd # 270\nLas Vegas, NV 89103\n\nKENNISGEVING: Dit alles is niet bedoeld als beleggingsadvies, maar uitsluitend voor entertainmentdoeleinden. Bovenstaande links bevatten affiliate commissie of verwijzingen. Ik maak deel uit van een affiliate netwerk en ontvang vergoedingen van partnerwebsites. De video is correct op de datum van plaatsing, maar is mogelijk in de toekomst niet meer correct.\n\nU mag de mening die op dit YouTube-kanaal wordt geuit, niet beschouwen als een specifieke aansporing om een \u200b\u200bbepaalde investering te doen of een bepaalde strategie te volgen, maar uitsluitend als een meningsuiting. Geuite meningen zijn gebaseerd op informatie die als betrouwbaar wordt beschouwd, maar dit YouTube-kanaal staat niet in voor de volledigheid of nauwkeurigheid ervan en mag niet als zodanig worden beschouwd. Dit YouTube-kanaal is niet verplicht om de informatie in deze video\'s bij te werken of te corrigeren. Verklaringen en meningen kunnen zonder voorafgaande kennisgeving worden gewijzigd. Dit YouTube-kanaal ontvangt geen vergoeding voor de geuite meningen.\n\nIn het verleden behaalde resultaten bieden geen garantie voor de toekomst. Dit YouTube-kanaal garandeert geen specifieke uitkomst of winst. U dient zich bewust te zijn van het reële risico op verlies bij het volgen van een strategie of belegging die op dit YouTube-kanaal wordt besproken. De prijs of waarde van de besproken strategieën of beleggingen kan fluctueren. Beleggers kunnen minder terugkrijgen dan ze hebben geïnvesteerd. De beleggingen of strategieën die op dit YouTube-kanaal worden genoemd, zijn mogelijk niet geschikt voor u. Dit materiaal houdt geen rekening met uw specifieke beleggingsdoelstellingen, financiële situatie of behoeften en is niet bedoeld als passende aanbeveling voor u. U dient een onafhankelijke beslissing te nemen over de beleggingen of strategieën die op dit YouTube-kanaal worden genoemd. Voordat u handelt op basis van de informatie op dit YouTube-kanaal, dient u te overwegen of deze geschikt is voor uw specifieke omstandigheden en dient u dringend advies in te winnen bij uw eigen financieel adviseur of beleggingsadviseur.'}, 'id': {'title': 'Rusia Sebut AS Berencana Reset Crypto Senilai $37 Triliun', 'description': 'Rusia: \'Rencana AS untuk Mengguyurkan $37 Triliun ke dalam Reset Kripto\'\n► Ajukan Kartu Kredit Gemini: https://www.Gemini.com/andrei\n► Hingga $1000 dalam bentuk saham NVDA dengan setoran yang memenuhi syarat + APY 8,1% untuk waktu terbatas: https://start.moomoo.com/00zRxu\n\nSyarat dan Ketentuan berlaku. Sekuritas ditawarkan melalui Moomoo Financial Inc. (MFI), Anggota FINRA/SIPC. Kreator adalah influencer berbayar dan tidak berafiliasi dengan MFI dan pengalaman mereka mungkin tidak mewakili pengguna moomoo lainnya. Berinvestasi itu berisiko. Sekuritas ditawarkan melalui Moomoo Financial Inc. (MFI), Anggota FINRA/SIPC. Promo APY 8,1% (per 1/8/25) hanya untuk pengguna baru hingga 25/9/25. APY aktual dapat berbeda. Tarif dapat berubah. Promo pengguna baru tunduk pada syarat & ketentuan. Klik tautan untuk Daftar Setoran Bank, Sapuan Tunai, dan detail Promo. Lihat pengungkapan lengkap di: https://invest.us.moomoo.com/_disclosure\n\n► Portofolio Saham Saya + Pelacak https://www.brrrr.ai\n► Cara Melindungi Bitcoin Anda (langkah demi langkah), gunakan Kode ""ANDREI40"" untuk mendapatkan diskon 40% https://stan.store/andreijikh\n► Tempat Saya Membeli Bitcoin: https://gemini.sjv.io/7a0OL5\n► Bagaimana Saya Beralih dari Nol Menjadi Sejuta: https://www.zerotoamillion.com\n► Tautan Diskon Ledger: https://shop.ledger.com/pages/black-friday-andrei-jikh?r=535643c13ab0\n► Portofolio Saham Saya + Pelacak Saham: https://www.patreon.com/andreijikh\n► Buka Roth IRA:\n► Ikuti Saya di Instagram: https://www.instagram.com/andreijikh/\n► Cara Saya Melindungi Bitcoin Saya: https://shop.ledger.com/pages/ledger-nano-x?r=535643c13ab0\n\nPO Box Saya:\nAndrei Jikh\n4132 S. Rainbow Blvd # 270\nLas Vegas, NV 89103\n\nPENYINGKAPAN: Semua ini tidak dimaksudkan sebagai nasihat investasi, melainkan hanya untuk tujuan hiburan. Tautan di atas sudah termasuk komisi afiliasi atau referensi. Saya adalah bagian dari jaringan afiliasi dan menerima kompensasi dari situs web mitra. Video ini akurat pada tanggal posting, tetapi mungkin tidak akurat di masa mendatang.\n\nAnda tidak boleh menganggap opini apa pun yang diungkapkan di kanal YouTube ini sebagai bujukan khusus untuk melakukan investasi tertentu atau mengikuti strategi tertentu, melainkan hanya sebagai ungkapan opini. Pendapat yang diungkapkan didasarkan pada informasi yang dianggap andal, tetapi kanal YouTube ini tidak menjamin kelengkapan atau keakuratannya, dan tidak boleh diandalkan demikian. Kanal YouTube ini tidak berkewajiban untuk memperbarui atau mengoreksi informasi apa pun yang terdapat dalam video ini. Pernyataan dan pendapat dapat berubah sewaktu-waktu tanpa pemberitahuan. Kanal YouTube ini tidak menerima kompensasi apa pun atas pendapat yang diungkapkan.\n\nKinerja masa lalu tidak menunjukkan hasil di masa mendatang. Kanal YouTube ini tidak menjamin hasil atau keuntungan tertentu. Anda harus menyadari risiko kerugian yang sebenarnya dalam mengikuti strategi atau investasi apa pun yang dibahas di kanal YouTube ini. Strategi atau investasi yang dibahas dapat berfluktuasi dalam harga atau nilai. Investor mungkin mendapatkan kembali kurang dari yang diinvestasikan. Investasi atau strategi yang disebutkan di kanal YouTube ini mungkin tidak cocok untuk Anda. Materi ini tidak memperhitungkan tujuan investasi, situasi keuangan, atau kebutuhan spesifik Anda dan tidak dimaksudkan sebagai rekomendasi yang tepat untuk Anda. Anda harus membuat keputusan independen terkait investasi atau strategi yang disebutkan di kanal YouTube ini. Sebelum bertindak berdasarkan informasi di kanal YouTube ini, Anda harus mempertimbangkan apakah informasi tersebut sesuai dengan keadaan khusus Anda dan mempertimbangkan dengan sungguh-sungguh untuk meminta nasihat dari penasihat keuangan atau investasi Anda sendiri.'}, 'pa': {'title': 'ਰੂਸ ਦਾ ਕਹਿਣਾ ਹੈ ਕਿ ਅਮਰੀਕਾ $37 ਟ੍ਰਿਲੀਅਨ ਕ੍ਰਿਪਟੋ ਰੀਸੈਟ ਦੀ ਯੋਜਨਾ ਬਣਾ ਰਿਹਾ ਹੈ', 'description': 'ਰੂਸ: \'ਅਮਰੀਕਾ $37 ਟ੍ਰਿਲੀਅਨ ਨੂੰ ਕ੍ਰਿਪਟੋ ਰੀਸੈਟ ਵਿੱਚ ਡੰਪ ਕਰਨ ਦੀ ਸਾਜ਼ਿਸ਼\'\n► ਜੈਮਿਨੀ ਕ੍ਰੈਡਿਟ ਕਾਰਡ ਲਈ ਅਰਜ਼ੀ ਦਿਓ: https://www.Gemini.com/andrei\n► ਯੋਗ ਡਿਪਾਜ਼ਿਟ ਦੇ ਨਾਲ NVDA ਸ਼ੇਅਰਾਂ ਵਿੱਚ $1000 ਤੱਕ + ਸੀਮਤ ਸਮਾਂ 8.1% APY: https://start.moomoo.com/00zRxu\n\nਨਿਯਮ ਅਤੇ ਸ਼ਰਤਾਂ ਲਾਗੂ ਹਨ। ਪ੍ਰਤੀਭੂਤੀਆਂ Moomoo Financial Inc. (MFI), ਮੈਂਬਰ FINRA/SIPC ਦੁਆਰਾ ਪੇਸ਼ ਕੀਤੀਆਂ ਜਾਂਦੀਆਂ ਹਨ। ਸਿਰਜਣਹਾਰ ਇੱਕ ਭੁਗਤਾਨ ਕੀਤਾ ਪ੍ਰਭਾਵਕ ਹੈ ਅਤੇ MFI ਨਾਲ ਸੰਬੰਧਿਤ ਨਹੀਂ ਹੈ ਅਤੇ ਉਨ੍ਹਾਂ ਦੇ ਅਨੁਭਵ ਹੋਰ moomoo ਉਪਭੋਗਤਾਵਾਂ ਦੇ ਪ੍ਰਤੀਨਿਧ ਨਹੀਂ ਹੋ ਸਕਦੇ ਹਨ। ਨਿਵੇਸ਼ ਕਰਨਾ ਜੋਖਮ ਭਰਿਆ ਹੈ। ਪ੍ਰਤੀਭੂਤੀਆਂ Moomoo Financial Inc. (MFI), ਮੈਂਬਰ FINRA/SIPC ਦੁਆਰਾ ਪੇਸ਼ ਕੀਤੀਆਂ ਜਾਂਦੀਆਂ ਹਨ। ਪ੍ਰੋਮੋ 8.1% APY (8/1/25 ਤੱਕ) ਸਿਰਫ਼ 9/25/25 ਤੱਕ ਨਵੇਂ ਉਪਭੋਗਤਾਵਾਂ ਲਈ। ਅਸਲ APY ਵੱਖ-ਵੱਖ ਹੋ ਸਕਦਾ ਹੈ। ਦਰਾਂ ਬਦਲ ਸਕਦੀਆਂ ਹਨ। ਨਵਾਂ ਯੂਜ਼ਰ ਪ੍ਰੋਮੋ ਨਿਯਮਾਂ ਅਤੇ ਸ਼ਰਤਾਂ ਦੇ ਅਧੀਨ ਹੈ। ਬੈਂਕ ਡਿਪਾਜ਼ਿਟ ਸੂਚੀ, ਕੈਸ਼ ਸਵੀਪ ਅਤੇ ਪ੍ਰੋਮੋ ਵੇਰਵਿਆਂ ਲਈ ਲਿੰਕ \'ਤੇ ਕਲਿੱਕ ਕਰੋ। ਪੂਰੇ ਖੁਲਾਸੇ ਇੱਥੇ ਦੇਖੋ: https://invest.us.moomoo.com/_disclosure \n\n► ਮੇਰਾ ਸਟਾਕ ਪੋਰਟਫੋਲੀਓ + ਟਰੈਕਰ https://www.brrrr.ai\n► ਆਪਣੇ ਬਿਟਕੋਇਨ ਨੂੰ ਕਿਵੇਂ ਸੁਰੱਖਿਅਤ ਕਰੀਏ (ਕਦਮ ਦਰ ਕਦਮ), 40% ਦੀ ਛੋਟ ਪ੍ਰਾਪਤ ਕਰਨ ਲਈ ਕੋਡ ""ANDREI40"" ਦੀ ਵਰਤੋਂ ਕਰੋ https://stan.store/andreijikh\n► ਮੈਂ ਆਪਣਾ ਬਿਟਕੋਇਨ ਕਿੱਥੋਂ ਖਰੀਦਦਾ ਹਾਂ: https://gemini.sjv.io/7a0OL5\n► ਮੈਂ ਜ਼ੀਰੋ ਤੋਂ ਇੱਕ ਮਿਲੀਅਨ ਤੱਕ ਕਿਵੇਂ ਗਿਆ: https://www.zerotoamillion.com\n► ਲੇਜ਼ਰ ਡਿਸਕਾਊਂਟ ਲਿੰਕ: https://shop.ledger.com/pages/black-friday-andrei-jikh?r=535643c13ab0\n► ਮੇਰਾ ਸਟਾਕ ਪੋਰਟਫੋਲੀਓ + ਸਟਾਕ ਟਰੈਕਰ: https://www.patreon.com/andreijikh\n► ਇੱਕ ਰੋਥ IRA ਖੋਲ੍ਹੋ: \n► ਇੰਸਟਾਗ੍ਰਾਮ \'ਤੇ ਮੇਰਾ ਪਾਲਣ ਕਰੋ: https://www.instagram.com/andreijikh/\n► ਮੈਂ ਆਪਣੇ ਬਿਟਕੋਇਨ ਦੀ ਕਿਵੇਂ ਰੱਖਿਆ ਕਰਦਾ ਹਾਂ: https://shop.ledger.com/pages/ledger-nano-x?r=535643c13ab0\n\nਮੇਰਾ ਪੀ.ਓ. ਬਾਕਸ:\n\nਐਂਡਰੇਈ ਜਿਖ\n4132 ਐਸ. ਰੇਨਬੋ ਬਲਵਡ # 270\nਲਾਸ ਵੇਗਾਸ, ਐਨ.ਵੀ. 89103\n\nਖੁਲਾਸਾ: ਇਸ ਵਿੱਚੋਂ ਕੋਈ ਵੀ ਨਿਵੇਸ਼ ਸਲਾਹ ਵਜੋਂ ਨਹੀਂ ਸਮਝਿਆ ਜਾਣਾ ਚਾਹੀਦਾ, ਇਹ ਸਿਰਫ਼ ਮਨੋਰੰਜਨ ਦੇ ਉਦੇਸ਼ਾਂ ਲਈ ਹੈ। ਉੱਪਰ ਦਿੱਤੇ ਲਿੰਕਾਂ ਵਿੱਚ ਐਫੀਲੀਏਟ ਕਮਿਸ਼ਨ ਜਾਂ ਰੈਫਰਲ ਸ਼ਾਮਲ ਹਨ। ਮੈਂ ਇੱਕ ਐਫੀਲੀਏਟ ਨੈੱਟਵਰਕ ਦਾ ਹਿੱਸਾ ਹਾਂ ਅਤੇ ਮੈਨੂੰ ਭਾਈਵਾਲੀ ਵਾਲੀਆਂ ਵੈੱਬਸਾਈਟਾਂ ਤੋਂ ਮੁਆਵਜ਼ਾ ਮਿਲਦਾ ਹੈ। ਵੀਡੀਓ ਪੋਸਟਿੰਗ ਮਿਤੀ ਦੇ ਅਨੁਸਾਰ ਸਹੀ ਹੈ ਪਰ ਭਵਿੱਖ ਵਿੱਚ ਸਹੀ ਨਹੀਂ ਹੋ ਸਕਦਾ।\n\nਤੁਹਾਨੂੰ ਇਸ ਯੂਟਿਊਬ ਚੈਨਲ \'ਤੇ ਪ੍ਰਗਟ ਕੀਤੀ ਗਈ ਕਿਸੇ ਵੀ ਰਾਏ ਨੂੰ ਕਿਸੇ ਖਾਸ ਨਿਵੇਸ਼ ਕਰਨ ਜਾਂ ਕਿਸੇ ਖਾਸ ਰਣਨੀਤੀ ਦੀ ਪਾਲਣਾ ਕਰਨ ਲਈ ਇੱਕ ਖਾਸ ਪ੍ਰੇਰਣਾ ਵਜੋਂ ਨਹੀਂ ਮੰਨਣਾ ਚਾਹੀਦਾ, ਸਗੋਂ ਸਿਰਫ਼ ਰਾਏ ਦੇ ਪ੍ਰਗਟਾਵੇ ਵਜੋਂ ਮੰਨਣਾ ਚਾਹੀਦਾ ਹੈ। ਪ੍ਰਗਟ ਕੀਤੇ ਗਏ ਵਿਚਾਰ ਭਰੋਸੇਯੋਗ ਮੰਨੀ ਜਾਣ ਵਾਲੀ ਜਾਣਕਾਰੀ \'ਤੇ ਅਧਾਰਤ ਹਨ, ਪਰ ਇਹ ਯੂਟਿਊਬ ਚੈਨਲ ਇਸਦੀ ਸੰਪੂਰਨਤਾ ਜਾਂ ਸ਼ੁੱਧਤਾ ਦੀ ਗਰੰਟੀ ਨਹੀਂ ਦਿੰਦਾ ਹੈ, ਅਤੇ ਇਸ \'ਤੇ ਇਸ ਤਰ੍ਹਾਂ ਭਰੋਸਾ ਨਹੀਂ ਕੀਤਾ ਜਾਣਾ ਚਾਹੀਦਾ। ਇਹ ਯੂਟਿਊਬ ਚੈਨਲ ਇਹਨਾਂ ਵੀਡੀਓਜ਼ ਵਿੱਚ ਪ੍ਰਦਾਨ ਕੀਤੀ ਗਈ ਕਿਸੇ ਵੀ ਜਾਣਕਾਰੀ ਨੂੰ ਅਪਡੇਟ ਕਰਨ ਜਾਂ ਠੀਕ ਕਰਨ ਲਈ ਕਿਸੇ ਵੀ ਜ਼ਿੰਮੇਵਾਰੀ ਦੇ ਅਧੀਨ ਨਹੀਂ ਹੈ। ਬਿਆਨ ਅਤੇ ਰਾਏ ਬਿਨਾਂ ਕਿਸੇ ਨੋਟਿਸ ਦੇ ਬਦਲੇ ਜਾ ਸਕਦੇ ਹਨ। ਪ੍ਰਗਟ ਕੀਤੇ ਗਏ ਵਿਚਾਰਾਂ ਲਈ ਇਸ ਯੂਟਿਊਬ ਚੈਨਲ ਦੁਆਰਾ ਕੋਈ ਮੁਆਵਜ਼ਾ ਪ੍ਰਾਪਤ ਨਹੀਂ ਕੀਤਾ ਜਾਂਦਾ ਹੈ। \n\nਪਿਛਲੀ ਕਾਰਗੁਜ਼ਾਰੀ ਭਵਿੱਖ ਦੇ ਨਤੀਜਿਆਂ ਦਾ ਸੰਕੇਤ ਨਹੀਂ ਹੈ। ਇਹ ਯੂਟਿਊਬ ਚੈਨਲ ਕਿਸੇ ਖਾਸ ਨਤੀਜੇ ਜਾਂ ਲਾਭ ਦੀ ਗਰੰਟੀ ਨਹੀਂ ਦਿੰਦਾ ਹੈ। ਤੁਹਾਨੂੰ ਇਸ ਯੂਟਿਊਬ ਚੈਨਲ \'ਤੇ ਚਰਚਾ ਕੀਤੀ ਗਈ ਕਿਸੇ ਵੀ ਰਣਨੀਤੀ ਜਾਂ ਨਿਵੇਸ਼ ਦੀ ਪਾਲਣਾ ਕਰਨ ਵਿੱਚ ਨੁਕਸਾਨ ਦੇ ਅਸਲ ਜੋਖਮ ਤੋਂ ਜਾਣੂ ਹੋਣਾ ਚਾਹੀਦਾ ਹੈ। ਚਰਚਾ ਕੀਤੀਆਂ ਗਈਆਂ ਰਣਨੀਤੀਆਂ ਜਾਂ ਨਿਵੇਸ਼ ਕੀਮਤ ਜਾਂ ਮੁੱਲ ਵਿੱਚ ਉਤਰਾਅ-ਚੜ੍ਹਾਅ ਕਰ ਸਕਦੇ ਹਨ। ਨਿਵੇਸ਼ਕਾਂ ਨੂੰ ਨਿਵੇਸ਼ ਤੋਂ ਘੱਟ ਵਾਪਸ ਮਿਲ ਸਕਦਾ ਹੈ। ਇਸ ਯੂਟਿਊਬ ਚੈਨਲ \'ਤੇ ਜ਼ਿਕਰ ਕੀਤੇ ਨਿਵੇਸ਼ ਜਾਂ ਰਣਨੀਤੀਆਂ ਤੁਹਾਡੇ ਲਈ ਢੁਕਵੀਂ ਨਹੀਂ ਹੋ ਸਕਦੀਆਂ ਹਨ। ਇਹ ਸਮੱਗਰੀ ਤੁਹਾਡੇ ਖਾਸ ਨਿਵੇਸ਼ ਉਦੇਸ਼ਾਂ, ਵਿੱਤੀ ਸਥਿਤੀ ਜਾਂ ਜ਼ਰੂਰਤਾਂ ਨੂੰ ਧਿਆਨ ਵਿੱਚ ਨਹੀਂ ਰੱਖਦੀ ਹੈ ਅਤੇ ਤੁਹਾਡੇ ਲਈ ਢੁਕਵੀਆਂ ਸਿਫ਼ਾਰਸ਼ਾਂ ਵਜੋਂ ਨਹੀਂ ਹੈ। ਤੁਹਾਨੂੰ ਇਸ ਯੂਟਿਊਬ ਚੈਨਲ \'ਤੇ ਦੱਸੇ ਗਏ ਨਿਵੇਸ਼ਾਂ ਜਾਂ ਰਣਨੀਤੀਆਂ ਬਾਰੇ ਇੱਕ ਸੁਤੰਤਰ ਫੈਸਲਾ ਲੈਣਾ ਚਾਹੀਦਾ ਹੈ। ਇਸ ਯੂਟਿਊਬ ਚੈਨਲ \'ਤੇ ਜਾਣਕਾਰੀ \'ਤੇ ਕਾਰਵਾਈ ਕਰਨ ਤੋਂ ਪਹਿਲਾਂ, ਤੁਹਾਨੂੰ ਇਹ ਵਿਚਾਰ ਕਰਨਾ ਚਾਹੀਦਾ ਹੈ ਕਿ ਕੀ ਇਹ ਤੁਹਾਡੇ ਖਾਸ ਹਾਲਾਤਾਂ ਲਈ ਢੁਕਵਾਂ ਹੈ ਅਤੇ ਆਪਣੇ ਖੁਦ ਦੇ ਵਿੱਤੀ ਜਾਂ ਨਿਵੇਸ਼ ਸਲਾਹਕਾਰ ਤੋਂ ਸਲਾਹ ਲੈਣ \'ਤੇ ਜ਼ੋਰਦਾਰ ਵਿਚਾਰ ਕਰਨਾ ਚਾਹੀਦਾ ਹੈ।'}, 'pt-BR': {'title': 'Rússia diz que EUA planejam redefinir criptomoedas em US$ 37 trilhões', 'description': 'Rússia: ""Os EUA planejam investir US$ 37 trilhões na redefinição de criptomoedas""\n► Solicite o Cartão de Crédito Gemini: https://www.Gemini.com/andrei\n► Até US$ 1.000 em ações da NVDA com depósito qualificado + APY de 8,1% por tempo limitado: https://start.moomoo.com/00zRxu\n\nAplicam-se os Termos e Condições. Os títulos são oferecidos pela Moomoo Financial Inc. (MFI), membro da FINRA/SIPC. O criador é um influenciador pago e não é afiliado à MFI, e suas experiências podem não ser representativas de outros usuários da Moomoo. Investir é arriscado. Os títulos são oferecidos pela Moomoo Financial Inc. (MFI), membro da FINRA/SIPC. Promoção de APY de 8,1% (em 01/08/25) somente para novos usuários até 25/09/25. O APY real pode variar. As taxas podem mudar. Promoção para novos usuários sujeita aos termos e condições. Clique no link para ver a lista de depósitos bancários, saque em dinheiro e detalhes da promoção. Veja as divulgações completas em: https://invest.us.moomoo.com/_disclosure\n\n► Minha Carteira de Ações + Rastreador https://www.brrrr.ai\n► Como Proteger Seu Bitcoin (passo a passo), use o código ""ANDREI40"" para obter 40% de desconto https://stan.store/andreijikh\n► Onde Compro Meu Bitcoin: https://gemini.sjv.io/7a0OL5\n► Como Fui de Zero a Um Milhão: https://www.zerotoamillion.com\n► Link de Desconto Ledger: https://shop.ledger.com/pages/black-friday-andrei-jikh?r=535643c13ab0\n► Minha Carteira de Ações + Rastreador de Ações: https://www.patreon.com/andreijikh\n► Abra uma Roth IRA:\n► Siga-me no Instagram: https://www.instagram.com/andreijikh/\n► Como protejo meu Bitcoin: https://shop.ledger.com/pages/ledger-nano-x?r=535643c13ab0\n\nMinha Caixa Postal:\nAndrei Jikh\n4132 S. Rainbow Blvd # 270\nLas Vegas, NV 89103\n\nDIVULGAÇÃO: Nada disto deve ser interpretado como aconselhamento de investimento, é apenas para fins de entretenimento. Os links acima incluem comissões de afiliados ou indicações. Faço parte de uma rede de afiliados e recebo remuneração de sites parceiros. O vídeo é preciso na data de publicação, mas pode não ser preciso no futuro.\n\nVocê não deve tratar nenhuma opinião expressa neste canal do YouTube como um incentivo específico para fazer um investimento específico ou seguir uma estratégia específica, mas apenas como uma expressão de opinião. As opiniões expressas são baseadas em informações consideradas confiáveis, mas este canal do YouTube não garante sua integridade ou precisão, e não deve ser considerado como tal. Este canal do YouTube não tem qualquer obrigação de atualizar ou corrigir qualquer informação fornecida nestes vídeos. Declarações e opiniões estão sujeitas a alterações sem aviso prévio. Este canal do YouTube não recebe nenhuma compensação pelas opiniões expressas.\n\nO desempenho passado não é indicativo de resultados futuros. Este canal do YouTube não garante nenhum resultado ou lucro específico. Você deve estar ciente do risco real de perda ao seguir qualquer estratégia ou investimento discutido neste canal do YouTube. As estratégias ou investimentos discutidos podem flutuar em preço ou valor. Os investidores podem receber menos do que investiram. Os investimentos ou estratégias mencionados neste canal do YouTube podem não ser adequados para você. Este material não leva em consideração seus objetivos de investimento, situação financeira ou necessidades específicas e não se destina a ser uma recomendação adequada para você. Você deve tomar uma decisão independente sobre os investimentos ou estratégias mencionados neste canal do YouTube. Antes de agir com base nas informações deste canal do YouTube, você deve considerar se elas são adequadas às suas circunstâncias específicas e considerar seriamente buscar aconselhamento de seu próprio consultor financeiro ou de investimentos.'}, 'ru': {'title': 'Россия заявила, что США планируют сброс криптовалюты на 37 триллионов долларов', 'description': 'Россия: «США планируют вложить 37 триллионов долларов в криптообновление»\n► Оформите кредитную карту Gemini: https://www.Gemini.com/andrei\n► Акции NVDA на сумму до 1000 долларов США с квалифицированным депозитом + ограниченная по времени ставка 8,1% годовых: https://start.moomoo.com/00zRxu\n\nДействуют правила и условия. Ценные бумаги предлагаются через Moomoo Financial Inc. (MFI), член FINRA/SIPC. Создатель является платным инфлюенсером и не связан с MFI, и его опыт может не отражать опыт других пользователей Moomoo. Инвестирование сопряжено с риском. Ценные бумаги предлагаются через Moomoo Financial Inc. (MFI), член FINRA/SIPC. Промо-акция 8,1% годовых (по состоянию на 01.08.2025) для новых пользователей действует до 25.09.2025. Фактический размер годовой ставки может отличаться. Ставки могут меняться. Промо-акция для новых пользователей предоставляется в соответствии с положениями и условиями. Нажмите ссылку для получения списка банковских депозитов, розыгрыша наличных и подробностей акции. Полную информацию смотрите по ссылке: https://invest.us.moomoo.com/_disclosure\n\n► Мой портфель акций + Трекер: https://www.brrrr.ai\n► Как защитить свой биткоин (пошаговая инструкция). Используйте код «ANDREI40» для получения скидки 40%: https://stan.store/andreijikh\n► Где я покупаю биткоин: https://gemini.sjv.io/7a0OL5\n► Как я прошёл путь от нуля до миллиона: https://www.zerotoamillion.com\n► Ссылка на скидку в Ledger: https://shop.ledger.com/pages/black-friday-andrei-jikh?r=535643c13ab0\n► Мой портфель акций + Трекер: https://www.patreon.com/andreijikh\n► Открыть счёт Roth IRA:\n► Подпишитесь на меня в Instagram: https://www.instagram.com/andreijikh/\n► Как я защищаю свой биткоин: https://shop.ledger.com/pages/ledger-nano-x?r=535643c13ab0\n\nМой почтовый ящик:\nАндрей Джих\n4132 S. Rainbow Blvd, # 270\nЛас-Вегас, Невада 89103\n\nВНИМАНИЕ: Ничто из этого не должно рассматриваться как инвестиционный совет, это исключительно для развлекательных целей. Ссылки выше включают партнерскую комиссию или рефералов. Я являюсь участником партнерской сети и получаю вознаграждение от партнерских сайтов. Видео актуально на дату публикации, но может быть неточным в будущем.\n\nВы не должны рассматривать какие-либо мнения, высказанные на этом канале YouTube, как конкретный стимул к совершению определенных инвестиций или следованию определенной стратегии, а только как выражение собственного мнения. Высказанные мнения основаны на информации, которая считается достоверной, однако этот канал YouTube не гарантирует её полноту или точность, и на неё не следует полагаться как на таковую. Этот канал YouTube не обязуется обновлять или исправлять какую-либо информацию, представленную в этих видео. Заявления и мнения могут быть изменены без предварительного уведомления. Канал YouTube не получает никакой компенсации за высказанные мнения.\n\nПрошлые результаты не являются показателем будущих результатов. Этот канал YouTube не гарантирует каких-либо конкретных результатов или прибыли. Вы должны осознавать реальный риск потерь при использовании любой стратегии или инвестиции, обсуждаемой на этом канале YouTube. Обсуждаемые стратегии или инвестиции могут колебаться в цене или стоимости. Инвесторы могут получить меньше, чем вложили. Инвестиции или стратегии, упомянутые на этом канале YouTube, могут вам не подойти. Этот материал не учитывает ваши конкретные инвестиционные цели, финансовое положение или потребности и не предназначен для использования в качестве рекомендаций, подходящих именно вам. Вы должны принять самостоятельное решение относительно инвестиций или стратегий, упомянутых на этом канале YouTube. Прежде чем предпринять какие-либо действия на основе информации на этом канале Youtube, вам следует подумать о том, подходит ли она для ваших конкретных обстоятельств, а также настоятельно рекомендуется обратиться за советом к своему финансовому или инвестиционному консультанту.'}, 'bn': {'title': 'রাশিয়া জানিয়েছে যে মার্কিন যুক্তরাষ্ট্র ৩৭ ট্রিলিয়ন ডলারের ক্রিপ্টো রিসেট পরিকল্পনা করছে', 'description': 'রাশিয়া: \'মার্কিন ক্রিপ্টো রিসেটে $37 ট্রিলিয়ন ডলার ঢেলে দেওয়ার ষড়যন্ত্র\'\n► জেমিনি ক্রেডিট কার্ডের জন্য আবেদন করুন: https://www.Gemini.com/andrei\n► যোগ্য আমানত সহ NVDA শেয়ারে $1000 পর্যন্ত + সীমিত সময়ের জন্য 8.1% APY: https://start.moomoo.com/00zRxu\n\nনিয়ম ও শর্তাবলী প্রযোজ্য। সিকিউরিটিজগুলি Moomoo Financial Inc. (MFI), সদস্য FINRA/SIPC এর মাধ্যমে অফার করা হয়। স্রষ্টা একজন অর্থপ্রদানকারী প্রভাবশালী এবং MFI এর সাথে যুক্ত নন এবং তাদের অভিজ্ঞতা অন্যান্য moomoo ব্যবহারকারীদের প্রতিনিধিত্ব নাও করতে পারে। বিনিয়োগ ঝুঁকিপূর্ণ। Moomoo Financial Inc. (MFI), সদস্য FINRA/SIPC এর মাধ্যমে সিকিউরিটিজগুলি অফার করা হয়। শুধুমাত্র 9/25/25 পর্যন্ত নতুন ব্যবহারকারীদের জন্য 8.1% APY (8/1/25 অনুযায়ী) প্রোমো। প্রকৃত APY ভিন্ন হতে পারে। হার পরিবর্তন হতে পারে। নতুন ব্যবহারকারীর প্রোমো শর্তাবলী সাপেক্ষে। ব্যাংক ডিপোজিট তালিকা, ক্যাশ সুইপ এবং প্রোমোর বিবরণের জন্য লিঙ্কে ক্লিক করুন। সম্পূর্ণ তথ্য দেখুন: https://invest.us.moomoo.com/_disclosure \n\n► আমার স্টক পোর্টফোলিও + ট্র্যাকার https://www.brrrr.ai\n► আপনার বিটকয়েন কীভাবে সুরক্ষিত করবেন (ধাপে ধাপে), ""ANDREI40"" কোড ব্যবহার করে 40% ছাড় পান https://stan.store/andreijikh\n► আমি আমার বিটকয়েন কোথায় কিনব: https://gemini.sjv.io/7a0OL5\n► আমি কীভাবে শূন্য থেকে এক মিলিয়নে পৌঁছেছি: https://www.zerotoamillion.com\n► লেজার ডিসকাউন্ট লিঙ্ক: https://shop.ledger.com/pages/black-friday-andrei-jikh?r=535643c13ab0\n► আমার স্টক পোর্টফোলিও + স্টক ট্র্যাকার: https://www.patreon.com/andreijikh\n► একটি রথ আইআরএ খুলুন:\n\n► ইনস্টাগ্রামে আমাকে অনুসরণ করুন: https://www.instagram.com/andreijikh/\n► আমি আমার বিটকয়েন কীভাবে সুরক্ষিত করব: https://shop.ledger.com/pages/ledger-nano-x?r=535643c13ab0\n\nআমার পোস্ট বক্স:\n\nআন্দ্রেই জিখ\n4132 এস. রেইনবো ব্লাভডি # 270\nলাস ভেগাস, এনভি 89103\n\nপ্রকাশ: এর কোনওটিই বিনিয়োগ পরামর্শ হিসাবে বোঝানোর উদ্দেশ্যে নয়, এটি কেবল বিনোদনের উদ্দেশ্যে। উপরের লিঙ্কগুলিতে অ্যাফিলিয়েট কমিশন বা রেফারেল অন্তর্ভুক্ত রয়েছে। আমি একটি অ্যাফিলিয়েট নেটওয়ার্কের অংশ এবং আমি অংশীদার ওয়েবসাইটগুলি থেকে ক্ষতিপূরণ পাই। পোস্টিংয়ের তারিখ অনুসারে ভিডিওটি সঠিক তবে ভবিষ্যতে সঠিক নাও হতে পারে।\n\nএই ইউটিউব চ্যানেলে প্রকাশিত কোনও মতামতকে কোনও নির্দিষ্ট বিনিয়োগ করার বা কোনও নির্দিষ্ট কৌশল অনুসরণ করার জন্য নির্দিষ্ট প্ররোচনা হিসাবে বিবেচনা করা উচিত নয়, বরং কেবল মতামতের প্রকাশ হিসাবে বিবেচনা করা উচিত। প্রকাশিত মতামতগুলি নির্ভরযোগ্য বলে বিবেচিত তথ্যের উপর ভিত্তি করে তৈরি করা হয়, তবে এই ইউটিউব চ্যানেলটি এর সম্পূর্ণতা বা নির্ভুলতার নিশ্চয়তা দেয় না এবং এটির উপর নির্ভর করা উচিত নয়। এই ইউটিউব চ্যানেল এই ভিডিওগুলিতে প্রদত্ত কোনও তথ্য আপডেট বা সংশোধন করার কোনও বাধ্যবাধকতা রাখে না। বিবৃতি এবং মতামত নোটিশ ছাড়াই পরিবর্তন সাপেক্ষে। প্রকাশিত মতামতের জন্য এই ইউটিউব চ্যানেল কোনও ক্ষতিপূরণ গ্রহণ করে না। \n\nঅতীতের কর্মক্ষমতা ভবিষ্যতের ফলাফলের ইঙ্গিত দেয় না। এই ইউটিউব চ্যানেল কোনও নির্দিষ্ট ফলাফল বা লাভের গ্যারান্টি দেয় না। এই ইউটিউব চ্যানেলে আলোচিত কোনও কৌশল বা বিনিয়োগ অনুসরণ করলে ক্ষতির প্রকৃত ঝুঁকি সম্পর্কে আপনার সচেতন থাকা উচিত। আলোচিত কৌশল বা বিনিয়োগের দাম বা মূল্যের ওঠানামা হতে পারে। বিনিয়োগকারীরা বিনিয়োগের চেয়ে কম ফেরত পেতে পারেন। এই ইউটিউব চ্যানেলে উল্লেখিত বিনিয়োগ বা কৌশলগুলি আপনার জন্য উপযুক্ত নাও হতে পারে। এই উপাদানটি আপনার নির্দিষ্ট বিনিয়োগের উদ্দেশ্য, আর্থিক পরিস্থিতি বা চাহিদা বিবেচনা করে না এবং আপনার জন্য উপযুক্ত সুপারিশ হিসাবে বিবেচিত নয়। এই ইউটিউব চ্যানেলে উল্লেখিত বিনিয়োগ বা কৌশল সম্পর্কে আপনাকে অবশ্যই একটি স্বাধীন সিদ্ধান্ত নিতে হবে। এই ইউটিউব চ্যানেলে তথ্যের উপর কাজ করার আগে, আপনার বিবেচনা করা উচিত যে এটি আপনার নির্দিষ্ট পরিস্থিতির জন্য উপযুক্ত কিনা এবং আপনার নিজস্ব আর্থিক বা বিনিয়োগ উপদেষ্টার কাছ থেকে পরামর্শ নেওয়ার বিষয়ে দৃঢ়ভাবে বিবেচনা করা উচিত।'}, 'pl': {'title': 'Rosja twierdzi, że USA planują reset kryptowalut o wartości 37 bilionów dolarów', 'description': 'Rosja: „Spisek USA mający na celu zainwestowanie 37 bilionów dolarów w reset kryptowalut”\n► Złóż wniosek o kartę kredytową Gemini: https://www.Gemini.com/andrei\n► Do 1000 USD w akcjach NVDA z kwalifikowanym depozytem + oprocentowanie 8,1% APY na ograniczony czas: https://start.moomoo.com/00zRxu\n\nObowiązują warunki. Papiery wartościowe oferowane są za pośrednictwem Moomoo Financial Inc. (MFI), członka FINRA/SIPC. Twórca jest płatnym influencerem i nie jest powiązany z MFI, a jego doświadczenia mogą nie być reprezentatywne dla innych użytkowników moomoo. Inwestowanie jest ryzykowne. Papiery wartościowe oferowane są za pośrednictwem Moomoo Financial Inc. (MFI), członka FINRA/SIPC. Promocja 8,1% APY (stan na 01.08.2025) tylko dla nowych użytkowników do 25.09.2025. Rzeczywiste oprocentowanie może się różnić. Stawki mogą ulec zmianie. Promocja dla nowych użytkowników podlega regulaminowi. Kliknij link, aby zapoznać się z listą wpłat bankowych, informacjami o wypłacie gotówki i szczegółami promocji. Pełne informacje można znaleźć na stronie: https://invest.us.moomoo.com/_disclosure\n\n► Mój portfel akcji + tracker https://www.brrrr.ai\n► Jak chronić swoje Bitcoiny (krok po kroku), użyj kodu „ANDREI40”, aby uzyskać 40% zniżki https://stan.store/andreijikh\n► Gdzie kupuję Bitcoiny: https://gemini.sjv.io/7a0OL5\n► Jak przeszedłem od zera do miliona: https://www.zerotoamillion.com\n► Link do rabatu Ledger: https://shop.ledger.com/pages/black-friday-andrei-jikh?r=535643c13ab0\n► Mój portfel akcji + tracker: https://www.patreon.com/andreijikh\n► Otwórz konto Roth IRA:\n► Obserwuj mnie na Instagramie: https://www.instagram.com/andreijikh/\n► Jak chronię swoje Bitcoiny: https://shop.ledger.com/pages/ledger-nano-x?r=535643c13ab0\n\nMoja skrytka pocztowa:\nAndrei Jikh\n4132 S. Rainbow Blvd # 270\nLas Vegas, NV 89103\n\nOŚWIADCZENIE: Żadne z powyższych informacji nie stanowi porady inwestycyjnej, służy wyłącznie celom rozrywkowym. Powyższe linki obejmują prowizje partnerskie lub polecenia. Jestem częścią sieci partnerskiej i otrzymuję wynagrodzenie od stron partnerskich. Film jest aktualny na dzień publikacji, ale może nie być aktualny w przyszłości.\n\nNie należy traktować żadnych opinii wyrażonych na tym kanale YouTube jako konkretnej zachęty do dokonania konkretnej inwestycji lub zastosowania określonej strategii, a jedynie jako wyrażenie opinii. Wyrażone opinie oparte są na informacjach uznawanych za wiarygodne, jednak ten kanał YouTube nie gwarantuje ich kompletności ani dokładności i nie należy na nich polegać. Ten kanał YouTube nie ma obowiązku aktualizowania ani poprawiania jakichkolwiek informacji zawartych w tych filmach. Oświadczenia i opinie mogą ulec zmianie bez powiadomienia. Ten kanał YouTube nie otrzymuje żadnego wynagrodzenia za wyrażone opinie.\n\nWyniki historyczne nie są wyznacznikiem przyszłych rezultatów. Ten kanał YouTube nie gwarantuje żadnych konkretnych rezultatów ani zysków. Należy mieć świadomość realnego ryzyka straty wynikającego z zastosowania jakiejkolwiek strategii lub inwestycji omawianej na tym kanale YouTube. Omawiane strategie lub inwestycje mogą podlegać wahaniom cenowym lub wartościowym. Inwestorzy mogą uzyskać zwrot niższy niż zainwestowany. Inwestycje lub strategie omawiane na tym kanale YouTube mogą nie być dla Ciebie odpowiednie. Niniejszy materiał nie uwzględnia Twoich konkretnych celów inwestycyjnych, sytuacji finansowej ani potrzeb i nie stanowi rekomendacji odpowiednich dla Ciebie. Decyzję dotyczącą inwestycji lub strategii omawianych na tym kanale YouTube musisz podjąć samodzielnie. Zanim podejmiesz jakiekolwiek działania w oparciu o informacje zawarte na tym kanale YouTube, zastanów się, czy przydadzą się one w Twojej konkretnej sytuacji, a także rozważ zasięgnięcie porady u swojego doradcy finansowego lub inwestycyjnego.'}, 'ar': {'title': 'روسيا تقول إن الولايات المتحدة تخطط لإعادة ضبط العملات المشفرة بقيمة 37 تريليون دولار', 'description': 'روسيا: ""مخطط أمريكي لضخ 37 تريليون دولار في سوق العملات المشفرة""\n► قدّم طلبًا للحصول على بطاقة جيميني الائتمانية: https://www.Gemini.com/andrei\n► أسهم NVDA تصل قيمتها إلى 1000 دولار أمريكي مع إيداع مؤهل + عائد سنوي 8.1% لفترة محدودة: https://start.moomoo.com/00zRxu\n\nتطبق الشروط والأحكام. تُقدّم الأوراق المالية من خلال شركة مومو المالية (MFI)، العضو في FINRA/SIPC. صاحب المنشور هو مؤثر مدفوع الأجر، وليس تابعًا لـ MFI، وقد لا تعكس تجاربه تجارب مستخدمي مومو الآخرين. الاستثمار محفوف بالمخاطر. تُقدّم الأوراق المالية من خلال شركة مومو المالية (MFI)، العضو في FINRA/SIPC. عرض ترويجي بعائد سنوي 8.1% (اعتبارًا من 1/8/2025) للمستخدمين الجدد فقط حتى 25/9/2025. قد يختلف العائد السنوي الفعلي. الأسعار قابلة للتغيير. يخضع العرض الترويجي للمستخدم الجديد للشروط والأحكام. انقر فوق الرابط للحصول على قائمة الودائع المصرفية وCash Sweep وتفاصيل العرض الترويجي. اطلع على الإفصاحات الكاملة على الرابط: https://invest.us.moomoo.com/_disclosure\n\n► محفظة أسهمي + مُتتبّع الأسهم: https://www.brrrr.ai\n► كيفية حماية بيتكوين (خطوة بخطوة)، استخدم الرمز ""ANDREI40"" للحصول على خصم 40%: https://stan.store/andreijikh\n► من أين أشتري بيتكوين: https://gemini.sjv.io/7a0OL5\n► كيف \u200b\u200bانتقلت من الصفر إلى المليون: https://www.zerotoamillion.com\n► رابط خصم ليدجر: https://shop.ledger.com/pages/black-friday-andrei-jikh?r=535643c13ab0\n► محفظة أسهمي + مُتتبّع الأسهم: https://www.patreon.com/andreijikh\n► افتح حساب روث تقاعدي فردي:\n► تابعني على إنستغرام: https://www.instagram.com/andreijikh/\n► كيف \u200b\u200bأحمي بيتكوين الخاص بي: https://shop.ledger.com/pages/ledger-nano-x?r=535643c13ab0\n\nصندوق بريدي:\n\nأندريه جيخ\n4132 شارع راينبو الجنوبي، رقم 270\nلاس فيغاس، نيفادا 89103\n\nإفصاح: هذا ليس نصيحة استثمارية، إنما هو لأغراض ترفيهية فقط. تتضمن الروابط أعلاه عمولات أو إحالات تسويق بالعمولة. أنا عضو في شبكة تسويق بالعمولة، وأتلقى تعويضات من مواقع إلكترونية شريكة. الفيديو دقيق حتى تاريخ النشر، ولكنه قد لا يكون دقيقًا في المستقبل.\n\nلا يجب اعتبار أي رأي منشور على قناة يوتيوب هذه حافزًا محددًا لإجراء استثمار معين أو اتباع استراتيجية معينة، بل هو مجرد تعبير عن رأي. الآراء الواردة هنا مبنية على معلومات موثوقة، ولكن لا تضمن قناة يوتيوب هذه اكتمالها أو دقتها، ولا ينبغي الاعتماد عليها على هذا الأساس. قناة يوتيوب هذه غير ملزمة بتحديث أو تصحيح أي معلومات واردة في هذه الفيديوهات. البيانات والآراء قابلة للتغيير دون إشعار مسبق. لا تتلقى قناة يوتيوب هذه أي تعويضات عن الآراء الواردة.\n\nالأداء السابق لا يدل على النتائج المستقبلية. لا تضمن قناة يوتيوب هذه أي نتائج أو أرباح محددة. يجب أن تكون على دراية بالمخاطر الحقيقية للخسارة عند اتباع أي استراتيجية أو استثمار تتم مناقشته على قناة يوتيوب هذه. قد تتقلب أسعار أو قيمة الاستراتيجيات أو الاستثمارات التي تتم مناقشتها. قد يسترد المستثمرون أقل مما استثمروه. قد لا تناسبك الاستثمارات أو الاستراتيجيات المذكورة على قناة يوتيوب هذه. لا تأخذ هذه المادة في الاعتبار أهدافك الاستثمارية الخاصة أو وضعك المالي أو احتياجاتك، وليست توصيات مناسبة لك. يجب عليك اتخاذ قرار مستقل بشأن الاستثمارات أو الاستراتيجيات المذكورة على قناة يوتيوب هذه. قبل التصرف بناءً على المعلومات الموجودة على قناة اليوتيوب هذه، يجب عليك أن تفكر فيما إذا كانت مناسبة لظروفك الخاصة وأن تفكر مليًا في طلب المشورة من مستشارك المالي أو الاستثماري الخاص.'}, 'ko': {'title': '러시아, 미국이 37조 달러 규모의 암호화폐 재설정을 계획하고 있다고 밝혀', 'description': '러시아: \'미국, 암호화폐 시장에 37조 달러 투자 계획\'\n► 제미니 신용카드 신청: https://www.Gemini.com/andrei\n► 적격 예치금으로 NVDA 주식 최대 1,000달러 + 기간 한정 8.1% 연이율: https://start.moomoo.com/00zRxu\n\n이용약관이 적용됩니다. 증권은 FINRA/SIPC 회원사인 Moomoo Financial Inc.(MFI)를 통해 제공됩니다. 크리에이터는 유료 인플루언서이며 MFI와 제휴 관계가 없으며, 다른 moomoo 사용자의 경험을 대표하지 않을 수 있습니다. 투자는 위험합니다. 증권은 FINRA/SIPC 회원사인 Moomoo Financial Inc.(MFI)를 통해 제공됩니다. 2025년 9월 25일까지 신규 사용자에게만 8.1% 연이율(2025년 8월 1일 기준) 프로모션이 적용됩니다. 실제 연이율은 다를 수 있으며, 금리는 변경될 수 있습니다. 신규 사용자 프로모션은 이용 약관에 따릅니다. 은행 입금 내역, 현금 정리 및 프로모션 세부 정보를 보려면 링크를 클릭하세요. 전체 공시는 https://invest.us.moomoo.com/_disclosure에서 확인하세요.\n\n► 제 주식 포트폴리오 + 트래커 https://www.brrrr.ai\n► 비트코인 \u200b\u200b보호 방법(단계별), ""ANDREI40"" 코드를 입력하시면 40% 할인받으실 수 있습니다. https://stan.store/andreijikh\n► 제가 비트코인을 구매하는 곳: https://gemini.sjv.io/7a0OL5\n► 제가 0에서 100만 달러까지 성장한 방법: https://www.zerotoamillion.com\n► Ledger 할인 링크: https://shop.ledger.com/pages/black-friday-andrei-jikh?r=535643c13ab0\n► 제 주식 포트폴리오 + 주식 트래커: https://www.patreon.com/andreijikh\n► Roth IRA 개설:\n► 인스타그램 팔로우: https://www.instagram.com/andreijikh/\n► 제가 비트코인을 보호하는 방법: https://shop.ledger.com/pages/ledger-nano-x?r=535643c13ab0\n\n제 사서함:\nAndrei Jikh\n4132 S. Rainbow Blvd # 270\nLas Vegas, NV 89103\n\n공개: 본 내용은 투자 조언으로 해석될 수 없으며, 오락용으로만 제공됩니다. 위 링크에는 제휴 수수료 또는 추천이 포함되어 있습니다. 저는 제휴 네트워크의 일원이며 파트너 웹사이트로부터 보상을 받습니다. 본 영상은 게시일 기준으로 정확하지만, 향후 정확하지 않을 수 있습니다.\n\n본 유튜브 채널에 게시된 어떠한 의견도 특정 투자 또는 특정 전략에 대한 구체적인 유인책으로 간주해서는 안 되며, 단지 의견 표현으로 간주해야 합니다. 표현된 의견은 신뢰할 수 있는 정보를 기반으로 하지만, 본 유튜브 채널은 그 완전성이나 정확성을 보장하지 않으며, 그러한 목적으로 의존해서는 안 됩니다. 본 유튜브 채널은 본 영상에 제공된 정보를 업데이트하거나 수정할 의무가 없습니다. 진술 및 의견은 예고 없이 변경될 수 있습니다. 본 유튜브 채널은 표현된 의견에 대해 어떠한 보상도 받지 않습니다.\n\n과거 실적은 미래의 결과를 나타내는 것이 아닙니다. 본 유튜브 채널은 특정 결과나 수익을 보장하지 않습니다. 본 유튜브 채널에서 논의되는 전략이나 투자를 따를 경우 실제 손실 위험이 있음을 인지해야 합니다. 논의되는 전략이나 투자는 가격이나 가치가 변동될 수 있습니다. 투자자는 투자 원금보다 적은 수익을 얻을 수 있습니다. 본 유튜브 채널에 언급된 투자 또는 전략은 귀하에게 적합하지 않을 수 있습니다. 본 자료는 귀하의 특정 투자 목표, 재정 상황 또는 니즈를 고려하지 않았으며, 귀하에게 적합한 추천을 목적으로 하지 않습니다. 본 유튜브 채널에 언급된 투자 또는 전략에 대해서는 귀하가 독립적으로 결정을 내려야 합니다. 본 유튜브 채널의 정보를 활용하기 전에 해당 정보가 귀하의 특정 상황에 적합한지 여부를 신중하게 고려하고, 본인의 재무 또는 투자 자문가에게 조언을 구하는 것을 강력히 권장합니다.'}, 'es-US': {'title': 'Rusia afirma que EE. UU. planea un reinicio de criptomonedas de 37 billones de dólares', 'description': 'Rusia: ""El complot de EE. UU. para invertir 37 billones de dólares en criptomonedas""\n► Solicita la tarjeta de crédito Gemini: https://www.Gemini.com/andrei\n► Hasta 1000 dólares en acciones de NVDA con depósito calificado + 8,1 % TAE por tiempo limitado: https://start.moomoo.com/00zRxu\n\nSe aplican términos y condiciones. Los valores se ofrecen a través de Moomoo Financial Inc. (MFI), miembro de FINRA/SIPC. El creador es un influencer pagado y no está afiliado a MFI, por lo que sus experiencias pueden no ser representativas de las de otros usuarios de Moomoo. Invertir es arriesgado. Los valores se ofrecen a través de Moomoo Financial Inc. (MFI), miembro de FINRA/SIPC. Promoción: 8,1 % TAE (al 1/8/25) solo para nuevos usuarios hasta el 25/9/25. El TAE real puede variar. Las tasas pueden cambiar. Promoción para nuevos usuarios sujeta a términos y condiciones. Haga clic en el enlace para ver la lista de depósitos bancarios, el barrido de efectivo y los detalles de la promoción. Consulta la información completa en: https://invest.us.moomoo.com/_disclosure\n\n► Mi cartera de acciones + Seguimiento: https://www.brrrr.ai\n► Cómo proteger tu Bitcoin (paso a paso): usa el código ""ANDREI40"" para obtener un 40 % de descuento: https://stan.store/andreijikh\n► Dónde compro mi Bitcoin: https://gemini.sjv.io/7a0OL5\n► Cómo pasé de cero a un millón: https://www.zerotoamillion.com\n► Enlace de descuento de Ledger: https://shop.ledger.com/pages/black-friday-andrei-jikh?r=535643c13ab0\n► Mi cartera de acciones + Seguimiento: https://www.patreon.com/andreijikh\n► Abre una cuenta IRA Roth:\n► Sígueme en Instagram: https://www.instagram.com/andreijikh/\n► Cómo protejo mis Bitcoin: https://shop.ledger.com/pages/ledger-nano-x?r=535643c13ab0\n\nMi apartado postal: \nAndrei Jikh\n4132 S. Rainbow Blvd # 270\nLas Vegas, NV 89103\n\nAVISO: Nada de esto debe interpretarse como asesoramiento de inversión; es solo para fines de entretenimiento. Los enlaces anteriores incluyen comisiones de afiliados o referencias. Formo parte de una red de afiliados y recibo una compensación de los sitios web asociados. El video es preciso a la fecha de publicación, pero podría no serlo en el futuro.\n\nNo debe interpretar ninguna opinión expresada en este canal de YouTube como un incentivo específico para realizar una inversión en particular o seguir una estrategia específica, sino únicamente como una expresión de opinión. Las opiniones expresadas se basan en información considerada confiable, pero este canal de YouTube no garantiza su integridad ni precisión, y no debe considerarse como tal. Este canal de YouTube no tiene la obligación de actualizar ni corregir la información proporcionada en estos videos. Las declaraciones y opiniones están sujetas a cambios sin previo aviso. Este canal de YouTube no recibe ninguna compensación por las opiniones expresadas.\n\nEl rendimiento pasado no es indicativo de resultados futuros. Este canal de YouTube no garantiza ningún resultado ni beneficio específico. Debe ser consciente del riesgo real de pérdida al seguir cualquier estrategia o inversión que se describa en este canal. Las estrategias o inversiones que se describen pueden fluctuar en precio o valor. Los inversores podrían recuperar menos de lo invertido. Las inversiones o estrategias mencionadas en este canal de YouTube podrían no ser adecuadas para usted. Este material no tiene en cuenta sus objetivos de inversión, situación financiera ni necesidades particulares, y no pretende ser una recomendación adecuada para usted. Debe tomar una decisión independiente sobre las inversiones o estrategias mencionadas en este canal de YouTube. Antes de actuar según la información de este canal de YouTube, debe considerar si es adecuada para sus circunstancias particulares y considerar seriamente buscar el asesoramiento de su propio asesor financiero o de inversión.'}, 'en': {'title': 'Russia Says U.S. Planning $37 Trillion Crypto Reset', 'description': 'Russia: \'The U.S  Plot to Dump $37 Trillion Into Crypto Reset\'\n► Apply for the Gemini Credit Card: https://www.Gemini.com/andrei\n► Up to $1000 in NVDA shares  with qualified deposit+ limited time 8.1% APY: https://start.moomoo.com/00zRxu\n\nTerms and Conditions apply. Securities are offered through Moomoo Financial Inc. (MFI), Member FINRA/SIPC. The creator is a paid influencer and is not affiliated with MFI and their experiences may not be representative of other moomoo users. Investing is risky. Securities are offered through Moomoo Financial Inc.(MFI), Member FINRA/SIPC.Promo 8.1% APY (as of 8/1/25) for new users only until 9/25/25. Actual APY may differ. Rates may change. New user promo subject to terms & conditions.Click the link for Bank Deposit List, Cash Sweep and Promo details. See full disclosures at：https://invest.us.moomoo.com/_disclosure \n\n► My Stock Portfolio + Tracker https://www.brrrr.ai\n► How To Protect Your Bitcoin (step by step), use Code ""ANDREI40"" to get 40% off https://stan.store/andreijikh\n► Where I Buy My Bitcoin: https://gemini.sjv.io/7a0OL5\n► How I went from Zero To A Million: https://www.zerotoamillion.com\n► Ledger Discount Link: https://shop.ledger.com/pages/black-friday-andrei-jikh?r=535643c13ab0\n► My Stock Portfolio + Stock Tracker: https://www.patreon.com/andreijikh\n► Open A Roth IRA: \n► Follow Me On Instagram: https://www.instagram.com/andreijikh/\n► How I Protect My Bitcoin: https://shop.ledger.com/pages/ledger-nano-x?r=535643c13ab0\n\nMy PO Box: \nAndrei Jikh\n4132 S. Rainbow Blvd # 270\nLas Vegas, NV 89103\n\nDISCLOSURE: None of this is meant to be construed as investment advice, it\'s for entertainment purposes only. Links above include affiliate commission or referrals. I\'m part of an affiliate network and I receive compensation from partnering websites. The video is accurate as of the posting date but may not be accurate in the future.\n\nYou should not treat any opinion expressed on this Youtube channel as a specific inducement to make a particular investment or follow a particular strategy, but only as an expression of opinion. Opinions expressed are based upon information considered reliable, but this Youtube channel does not warrant its completeness or accuracy, and it should not be relied upon as such. This Youtube channel is not under any obligation to update or correct any information provided in these videos. Statements and opinions are subject to change without notice. No compensation is received by this Youtube channel for the opinions expressed. \n\nPast performance is not indicative of future results. This Youtube channel does not guarantee any specific outcome or profit. You should be aware of the real risk of loss in following any strategy or investment discussed on this Youtube channel. Strategies or investments discussed may fluctuate in price or value. Investors may get back less than invested. Investments or strategies mentioned on this Youtube channel may not be suitable for you. This material does not take into account your particular investment objectives, financial situation or needs and is not intended as recommendations appropriate for you. You must make an independent decision regarding investments or strategies mentioned on this Youtube channel. Before acting on information on this Youtube channel, you should consider whether it is suitable for your particular circumstances and strongly consider seeking advice from your own financial or investment adviser.'}, 'fr-FR': {'title': 'La Russie annonce que les États-Unis prévoient une réinitialisation des cryptomonnaies de 37\xa0000 ...', 'description': ""Russie\xa0: «\xa0Le complot américain vise à injecter 37\xa0000 milliards de dollars dans la réinitialisation des cryptomonnaies\xa0»\n► Demande de carte de crédit Gemini\xa0: https://www.Gemini.com/andrei\n► Jusqu’à 1\xa0000\xa0$ en actions NVDA avec dépôt admissible + 8,1\xa0% de TAEG à durée limitée\xa0: https://start.moomoo.com/00zRxu\n\nConditions générales applicables. Les titres sont proposés par Moomoo Financial Inc. (MFI), membre de la FINRA/SIPC. Le créateur est un influenceur rémunéré et n’est pas affilié à MFI. Son expérience peut ne pas être représentative de celle des autres utilisateurs de Moomoo. Investir est risqué. Les titres sont proposés par Moomoo Financial Inc. (MFI), membre de la FINRA/SIPC. Promotion\xa0: 8,1\xa0% de TAEG (au 1er\xa0août\xa02025) pour les nouveaux utilisateurs uniquement jusqu’au 25\xa0septembre\xa02025. Le TAEG réel peut différer. Les taux peuvent varier. Promotion pour nouveaux utilisateurs soumise aux conditions générales. Cliquez sur le lien pour accéder à la liste des dépôts bancaires, au Cash Sweep et aux détails de la promotion. Consultez les informations complètes sur\xa0: https://invest.us.moomoo.com/_disclosure\n\n► Mon portefeuille d'actions et mon suivi d'actions\xa0: https://www.brrrr.ai\n► Comment protéger vos Bitcoins (étape par étape)\xa0: utilisez le code «\xa0ANDREI40\xa0» pour bénéficier de 40\xa0% de réduction\xa0: https://stan.store/andreijikh\n► Où j'achète mes Bitcoins\xa0: https://gemini.sjv.io/7a0OL5\n► Comment je suis passé de zéro à un million\xa0: https://www.zerotoamillion.com\n► Lien de réduction Ledger\xa0: https://shop.ledger.com/pages/black-friday-andrei-jikh?r=535643c13ab0\n► Mon portefeuille d'actions et mon suivi d'actions\xa0: https://www.patreon.com/andreijikh\n► Ouvrir un compte Roth IRA\xa0:\n► Suivez-moi sur Instagram\xa0: https://www.instagram.com/andreijikh/\n► Comment Je protège mes Bitcoins\xa0: https://shop.ledger.com/pages/ledger-nano-x?r=535643c13ab0\n\nMa boîte postale\xa0:\nAndrei Jikh\n4132 S. Rainbow Blvd # 270\nLas Vegas, NV 89103\n\nATTENTION\xa0: Ce contenu ne constitue pas un conseil en investissement\xa0; il est uniquement destiné à des fins de divertissement. Les liens ci-dessus incluent les commissions d'affiliation ou les parrainages. Je fais partie d'un réseau d'affiliation et je perçois une rémunération de sites web partenaires. La vidéo est exacte à la date de publication, mais pourrait ne pas l'être ultérieurement.\n\nLes opinions exprimées sur cette chaîne YouTube ne doivent pas être considérées comme une incitation à effectuer un investissement particulier ou à suivre une stratégie particulière, mais uniquement comme l'expression d'une opinion. Les opinions exprimées sont basées sur des informations considérées comme fiables, mais cette chaîne YouTube ne garantit ni leur exhaustivité ni leur exactitude, et elles ne doivent pas être considérées comme telles. Cette chaîne YouTube n'est pas tenue de mettre à jour ou de corriger les informations fournies dans ces vidéos. Les déclarations et opinions sont susceptibles d'être modifiées sans préavis. Aucune rémunération n'est versée à cette chaîne YouTube pour les opinions exprimées.\n\nLes performances passées ne préjugent pas des résultats futurs. Cette chaîne YouTube ne garantit aucun résultat ni profit spécifique. Vous devez être conscient du risque réel de perte lié à toute stratégie ou investissement présenté sur cette chaîne YouTube. Les stratégies ou investissements présentés peuvent fluctuer en termes de prix ou de valeur. Les investisseurs peuvent récupérer un rendement inférieur à leur investissement initial. Les investissements ou stratégies mentionnés sur cette chaîne YouTube peuvent ne pas vous convenir. Ce contenu ne tient pas compte de vos objectifs d'investissement, de votre situation financière ou de vos besoins particuliers et ne constitue pas une recommandation appropriée. Vous devez prendre une décision indépendante concernant les investissements ou stratégies mentionnés sur cette chaîne YouTube. Avant d'agir sur la base des informations présentées sur cette chaîne YouTube, vous devez vous assurer qu'elles sont adaptées à votre situation particulière et consulter votre conseiller financier ou en investissement.""}, 'ja': {'title': 'ロシア、米国が37兆ドル規模の仮想通貨リセットを計画していると報道', 'description': 'ロシア：「米国は37兆ドルを仮想通貨リセットに投じようとしている」\n► Geminiクレジットカードのお申し込み：https://www.Gemini.com/andrei\n► 条件付き入金で最大1,000ドルのNVDA株を獲得！期間限定で年利8.1%：https://start.moomoo.com/00zRxu\n\n利用規約が適用されます。証券は、FINRA/SIPC会員のMoomoo Financial Inc. (MFI) を通じて提供されます。作成者は有料インフルエンサーであり、MFIとは一切関係ありません。また、作成者の体験は他のmoomooユーザーの体験を代表するものではない可能性があります。投資にはリスクが伴います。証券は、FINRA/SIPC会員のMoomoo Financial Inc. (MFI) を通じて提供されます。プロモーション：年利8.1%（2025年8月1日現在）は、新規ユーザー限定で2025年9月25日まで有効です。実際の年利は異なる場合があります。利率は変更される場合があります。新規ユーザー プロモーションには利用規約が適用されます。銀行預金リスト、キャッシュ スイープ、プロモーションの詳細については、リンクをクリックしてください。完全な開示情報はこちらをご覧ください：https://invest.us.moomoo.com/_disclosure\n\n► 私の株式ポートフォリオ + トラッカー https://www.brrrr.ai\n► ビットコインを守る方法（ステップバイステップ）コード「ANDREI40」を使用すると40%オフになります https://stan.store/andreijikh\n► ビットコインの購入場所：https://gemini.sjv.io/7a0OL5\n► ゼロから100万ドルへの道のり：https://www.zerotoamillion.com\n► Ledger割引リンク：https://shop.ledger.com/pages/black-friday-andrei-jikh?r=535643c13ab0\n► 私の株式ポートフォリオ + 株式トラッカー：https://www.patreon.com/andreijikh\n► Roth IRAを開設する：\n► Instagramで私をフォロー：https://www.instagram.com/andreijikh/\n► ビットコインを守る方法： https://shop.ledger.com/pages/ledger-nano-x?r=535643c13ab0\n\n私書箱：\nAndrei Jikh\n4132 S. Rainbow Blvd # 270\nラスベガス、ネバダ州 89103\n\n開示：この動画は投資アドバイスとして解釈されるべきものではなく、娯楽目的のみに提供されています。上記のリンクにはアフィリエイト報酬または紹介料が含まれています。私はアフィリエイトネットワークに参加しており、提携ウェブサイトから報酬を受け取っています。この動画は投稿日時点では正確ですが、将来的には正確ではない可能性があります。\n\nこのYouTubeチャンネルで表明されている意見は、特定の投資や戦略への誘導を目的とするものではなく、あくまで意見の表明として捉えてください。表明されている意見は信頼できる情報に基づいていますが、このYouTubeチャンネルはその完全性や正確性を保証するものではなく、そのように依拠すべきではありません。このYouTubeチャンネルは、これらの動画で提供される情報を更新または修正する義務を負いません。声明および意見は予告なく変更される場合があります。このYouTubeチャンネルは、表明された意見に対して報酬を受け取ることはありません。\n\n過去のパフォーマンスは将来の結果を示すものではありません。このYouTubeチャンネルは、特定の結果や利益を保証するものではありません。このYouTubeチャンネルで紹介されている戦略または投資に従う際には、実際に損失が発生するリスクがあることをご承知おきください。紹介されている戦略または投資は、価格または価値が変動する場合があります。投資家は、投資額よりも少ない金額を受け取る可能性があります。このYouTubeチャンネルで言及されている投資または戦略は、必ずしもお客様に適していない可能性があります。この資料は、お客様の特定の投資目的、財務状況、またはニーズを考慮したものではなく、お客様に適した推奨を意図したものではありません。このYouTubeチャンネルで言及されている投資または戦略については、お客様ご自身で独立した判断を下す必要があります。このYouTubeチャンネルの情報に基づいて行動する前に、それがお客様の特定の状況に適しているかどうかを検討し、ご自身のファイナンシャルアドバイザーまたは投資アドバイザーに助言を求めることを強くお勧めします。'}}","https://www.youtube.com/watch?v=enUgDZ4ULCc"
"YNmp7YrKSDM","Miky Woodz - CRYPTO (Visualizer)","Miky Woodz - CRYPTO Escucha: https://rimas.ffm.to/builtdifferent Suscríbete al canal: https://rimas.io/YTMiky Sigue a Miky Woodz: ...","MikyWoodz","UC8d0BaJBPaAgee_IL8_Sd8g","https://www.youtube.com/channel/UC8d0BaJBPaAgee_IL8_Sd8g","2024-04-26T00:00:08Z","4026518","36182","0","0","904","PT3M11S","2d","hd","false","True","{}","rectangular","{'default': {'url': 'https://i.ytimg.com/vi/YNmp7YrKSDM/default.jpg', 'width': 120, 'height': 90}, 'medium': {'url': 'https://i.ytimg.com/vi/YNmp7YrKSDM/mqdefault.jpg', 'width': 320, 'height': 180}, 'high': {'url': 'https://i.ytimg.com/vi/YNmp7YrKSDM/hqdefault.jpg', 'width': 480, 'height': 360}, 'standard': {'url': 'https://i.ytimg.com/vi/YNmp7YrKSDM/sddefault.jpg', 'width': 640, 'height': 480}, 'maxres': {'url': 'https://i.ytimg.com/vi/YNmp7YrKSDM/maxresdefault.jpg', 'width': 1280, 'height': 720}}","https://i.ytimg.com/vi/YNmp7YrKSDM/default.jpg","https://i.ytimg.com/vi/YNmp7YrKSDM/mqdefault.jpg","https://i.ytimg.com/vi/YNmp7YrKSDM/hqdefault.jpg","https://i.ytimg.com/vi/YNmp7YrKSDM/sddefault.jpg","https://i.ytimg.com/vi/YNmp7YrKSDM/maxresdefault.jpg","['miky woodz', 'living life', 'living life ep', 'miky living life', 'living life miky', 'miky living life ep', 'miky', 'woodz', 'video miky woodz living life', 'ep miky woodz living life', 'miky woodz 2022']","10","es","es-419","none","[]","['https://en.wikipedia.org/wiki/Hip_hop_music', 'https://en.wikipedia.org/wiki/Music']","","","","","","","","","processed","public","youtube","True","True","False","{'es': {'title': 'Miky Woodz - CRYPTO (Visualizer)', 'description': 'Miky Woodz - CRYPTO\n\nEscucha: https://rimas.ffm.to/builtdifferent\n\nSuscríbete al canal: https://rimas.io/YTMiky\n\nSigue a Miky Woodz:\nInstagram: https://www.instagram.com/mikywoodz\nSpotify: https://rimas.io/SpotifyMiky\n\n\n#MikyWoodz #crypto \n© 2024 Rimas Entertainment'}}","https://www.youtube.com/watch?v=YNmp7YrKSDM"
"JUhtJXEKezU","67 Crypto Scam 😭","","Danny Rayes","UCxB7jMnHekMzHsOl9iZpXrA","https://www.youtube.com/channel/UCxB7jMnHekMzHsOl9iZpXrA","2025-10-07T01:15:20Z","7302877","229123","0","0","2457","PT31S","2d","hd","false","True","{}","rectangular","{'default': {'url': 'https://i.ytimg.com/vi/JUhtJXEKezU/default.jpg', 'width': 120, 'height': 90}, 'medium': {'url': 'https://i.ytimg.com/vi/JUhtJXEKezU/mqdefault.jpg', 'width': 320, 'height': 180}, 'high': {'url': 'https://i.ytimg.com/vi/JUhtJXEKezU/hqdefault.jpg', 'width': 480, 'height': 360}, 'standard': {'url': 'https://i.ytimg.com/vi/JUhtJXEKezU/sddefault.jpg', 'width': 640, 'height': 480}, 'maxres': {'url': 'https://i.ytimg.com/vi/JUhtJXEKezU/maxresdefault.jpg', 'width': 1280, 'height': 720}}","https://i.ytimg.com/vi/JUhtJXEKezU/default.jpg","https://i.ytimg.com/vi/JUhtJXEKezU/mqdefault.jpg","https://i.ytimg.com/vi/JUhtJXEKezU/hqdefault.jpg","https://i.ytimg.com/vi/JUhtJXEKezU/sddefault.jpg","https://i.ytimg.com/vi/JUhtJXEKezU/maxresdefault.jpg","[]","22","en","en","none","[]","['https://en.wikipedia.org/wiki/Entertainment']","","","","","","","","","processed","public","youtube","True","True","False","{'id': {'title': '67 Penipuan Kripto 😭', 'description': ''}, 'ar': {'title': '67 عملية احتيال بالعملات المشفرة 😭', 'description': ''}, 'de-DE': {'title': '67 Krypto-Betrug 😭', 'description': ''}, 'ja': {'title': '67 暗号通貨詐欺 😭', 'description': ''}, 'pl': {'title': '67 Krypto oszustwo 😭', 'description': ''}, 'pt-BR': {'title': '67 Golpes de Criptomoedas 😭', 'description': ''}, 'pa': {'title': '67 ਕ੍ਰਿਪਟੋ ਘੁਟਾਲਾ 😭', 'description': ''}, 'ko': {'title': '67 암호화폐 사기 😭', 'description': ''}, 'it': {'title': '67 Truffa Crypto 😭', 'description': ''}, 'te': {'title': '67 క్రిప్టో స్కామ్ 😭', 'description': ''}, 'uk': {'title': '67 Криптовалюта 😭', 'description': ''}, 'ru': {'title': '67 Крипто-мошенничество 😭', 'description': ''}, 'ta': {'title': '67 கிரிப்டோ மோசடி 😭', 'description': ''}, 'hi': {'title': '67 क्रिप्टो घोटाला 😭', 'description': ''}, 'en': {'title': '67 Crypto Scam 😭', 'description': ''}, 'fr-FR': {'title': '67 Crypto Arnaque 😭', 'description': ''}, 'es-US': {'title': '67 Estafas de criptomonedas 😭', 'description': ''}, 'bn': {'title': '৬৭ ক্রিপ্টো কেলেঙ্কারি 😭', 'description': ''}, 'iw': {'title': '67 הונאת קריפטו 😭', 'description': ''}, 'ml': {'title': '67 ക്രിപ്\u200cറ്റോ സ്\u200cകാം 😭', 'description': ''}, 'nl-NL': {'title': '67 Crypto-zwendel 😭', 'description': ''}}","https://www.youtube.com/watch?v=JUhtJXEKezU"
