"fonte","tipo","termo","conteudo","desenvolvedor","rating","ratings_count","price","currency","genre","contentRating","releaseNotes","currentVersionReleaseDate","screenshotUrls","ipadScreenshotUrls","appletvScreenshotUrls","icon","artistId","languageCodesISO2A","privacyPolicyUrl","inAppPurchases","subscriptionInfo","app_id","url","version","updated","data_coleta","reviews_count","installs","contentRatingDescription","familyGenre","familyGenreId","headerImage","screenshots","video","videoImage","descriptionHTML","developerId","developerEmail","developerWebsite","developerAddress","privacyPolicy","histogram","offersIAP","adSupported","recentChanges","permissions","whatsNew","released","title","app","thumbsUpCount","userId","date","replyContent","repliedAt"
"App Store (App Store)","app","bit","BitLife BR - Simulação de vida","Goodgame Studio","4.6","24381.0","0.0","BRL","Games","+17","Queridos Bitizens, esta atualização inclui um número de correção de erros para o conteúdo lançado recentemente.
- Manutenção básica
- Correção de erros","2025-11-13T11:23:03Z","['https://is1-ssl.mzstatic.com/image/thumb/PurpleSource113/v4/a6/88/a9/a688a997-0fce-20c0-2087-70d9effa8e39/b85423a6-c7d0-4b6c-898f-ca7fa82dd1cd_BR_0000_1242x2208_BR-copy-4.png/392x696bb.png', 'https://is1-ssl.mzstatic.com/image/thumb/PurpleSource113/v4/3f/8e/c8/3f8ec80a-d912-85f9-bd39-d2cdd753bc2e/65e92189-c0c0-4ecb-9611-13ae404217ce_BR_0001_1242x2208_BR-copy-3.png/392x696bb.png', 'https://is1-ssl.mzstatic.com/image/thumb/PurpleSource113/v4/00/66/0d/00660d8e-d8a5-0b29-abff-6f7a891b8746/4e4a80a3-ba24-4c2c-950c-e86ff18b2d89_BR_0002_1242x2208_BR-copy-2.png/392x696bb.png', 'https://is1-ssl.mzstatic.com/image/thumb/PurpleSource123/v4/11/79/fc/1179fc43-db41-2097-b3b5-cd266bdef9d7/7d961a17-41d0-4330-addb-44c17d0cec6d_BR_0003_1242x2208_BR-copy.png/392x696bb.png', 'https://is1-ssl.mzstatic.com/image/thumb/PurpleSource123/v4/4c/e8/5e/4ce85e7d-c46a-5152-b3ec-a4ee7d559379/a085ab71-34af-4a08-a48f-1b3f201ea4c5_BR_0004_1242x2208_BR.png/392x696bb.png']","['https://is1-ssl.mzstatic.com/image/thumb/PurpleSource123/v4/0a/3a/3a/0a3a3ab2-3864-daa3-6737-bfe81cf13f3e/1c52661c-79c1-4c36-bfd5-ad7c103a7ad4_BR_0000_2048x2732_BR_copy_4.jpg/576x768bb.jpg', 'https://is1-ssl.mzstatic.com/image/thumb/PurpleSource113/v4/28/60/0a/28600ad0-7754-2c4a-2662-edd9351b0edf/92d8d4be-85f1-4b90-81a1-eda0f9876e44_BR_0001_2048x2732_BR_copy_3.jpg/576x768bb.jpg', 'https://is1-ssl.mzstatic.com/image/thumb/PurpleSource123/v4/43/63/e6/4363e6bf-6b59-45a8-c34c-d6f077ced8f3/204ae2f9-194b-4ddd-ac5c-4a1c18f9a880_BR_0002_2048x2732_BR_copy_2.jpg/576x768bb.jpg', 'https://is1-ssl.mzstatic.com/image/thumb/PurpleSource113/v4/c0/09/a7/c009a720-404a-8f11-9899-cfcca4ffbc7e/0dee1d31-72f7-41ba-a8bb-93afb1a188dc_BR_0003_2048x2732_BR_copy.jpg/576x768bb.jpg', 'https://is1-ssl.mzstatic.com/image/thumb/PurpleSource123/v4/5e/1a/a9/5e1aa97e-2a04-d329-cfb1-1a5822363600/652f0f6d-31cf-47f6-b793-4bddf630997c_BR_0004_2048x2732_BR.jpg/576x768bb.jpg']","[]","https://is1-ssl.mzstatic.com/image/thumb/Purple211/v4/d9/39/ad/d939adc5-0af8-872c-46e0-a7af7bec7fcd/AppIcon-0-0-1x_U007emarketing-0-8-0-85-220.png/512x512bb.jpg","553166917.0","['PT']","","[]","{}","1600090807","https://apps.apple.com/br/app/bitlife-br-simula%C3%A7%C3%A3o-de-vida/id1600090807?uo=4","1.19.10","2025-11-13T11:23:03Z","2025-12-12 04:23:40","","","","","","","","","","","","","","","","","","","","","","","","","","","","",""
"App Store (App Store)","app","bit","BitLife - Life Simulator","Candywriter, LLC","4.7","14620.0","0.0","BRL","Games","+17","Season's greetings, Bitizens! This week, we're introducing a new monthly feature: Seasons! Our first one, the Holiday Season, kicks off on 12/11 and runs until 1/7. Complete daily tasks to obtain Bits, complete Community Goals to unlock FREE content, collect Seasonal rewards to access Special Lives and premium content FOR FREE, AND MORE!

Purchase the Premium BitPass and complete the season to get early access to our final job pack: Music Producer!

Hit us up on our socials for more info & updates!","2025-12-10T18:10:36Z","['https://is1-ssl.mzstatic.com/image/thumb/PurpleSource211/v4/79/9a/0a/799a0a35-fc62-a88f-279c-eddfc0cc06a4/screenshots_iPhone_01.png/392x696bb.png', 'https://is1-ssl.mzstatic.com/image/thumb/PurpleSource211/v4/86/99/98/86999871-1577-f549-d6e4-71dc6cacf56b/screenshots_iPhone_04.png/392x696bb.png', 'https://is1-ssl.mzstatic.com/image/thumb/PurpleSource211/v4/a1/08/d9/a108d903-9e69-7231-0135-417b18935d15/screenshots_iPhone_02.png/392x696bb.png', 'https://is1-ssl.mzstatic.com/image/thumb/PurpleSource211/v4/87/d1/6a/87d16ab1-18dd-824b-c174-8653beafbcc2/screenshots_iPhone_03.png/392x696bb.png', 'https://is1-ssl.mzstatic.com/image/thumb/PurpleSource221/v4/43/24/f2/4324f2ef-2251-f5a2-4389-eadcf1fd7119/screenshots_iPhone_05.png/392x696bb.png']","['https://is1-ssl.mzstatic.com/image/thumb/PurpleSource221/v4/4f/91/11/4f91117f-c4df-bb23-5d90-5de65753636f/a16_screenshot_iPad_01.png/576x768bb.png', 'https://is1-ssl.mzstatic.com/image/thumb/PurpleSource211/v4/59/f9/8b/59f98b9d-1a76-8770-0129-c2359bf2fa4b/a16_screenshot_iPad_02.png/576x768bb.png', 'https://is1-ssl.mzstatic.com/image/thumb/PurpleSource211/v4/b6/a1/ec/b6a1ece2-86ac-6856-a4ff-83ae76d4f520/a16_screenshot_iPad_03.png/576x768bb.png', 'https://is1-ssl.mzstatic.com/image/thumb/PurpleSource221/v4/d9/17/fe/d917fea5-dbbc-e467-30ab-13e65721faa0/a16_screenshot_iPad_04.png/576x768bb.png', 'https://is1-ssl.mzstatic.com/image/thumb/PurpleSource221/v4/7d/88/3f/7d883fbe-3efc-1835-dbeb-9daadd9302e6/a16_screenshot_iPad_05.png/576x768bb.png']","[]","https://is1-ssl.mzstatic.com/image/thumb/Purple221/v4/35/55/24/355524d8-928f-2db2-8e03-80598bb26d68/AppIcon-0-0-1x_U007emarketing-0-8-0-85-220.png/512x512bb.jpg","284954685.0","['EN']","","[]","{}","1374403536","https://apps.apple.com/br/app/bitlife-life-simulator/id1374403536?uo=4","3.21.5","2025-12-10T18:10:36Z","2025-12-12 04:23:40","","","","","","","","","","","","","","","","","","","","","","","","","","","","",""
"App Store (App Store)","app","bit","Bit Heroes Quest","Kongregate","4.7","1611.0","0.0","BRL","Games","+12","Atualizações de localização
Melhorias de desempenho","2025-11-17T15:21:48Z","['https://is1-ssl.mzstatic.com/image/thumb/PurpleSource122/v4/48/ab/e8/48abe885-6767-d4d2-d63d-b1876e3d394d/1a0a2d8e-3b8c-42b4-8630-60d106a8d692_Iphone6Plus_7in_Screen01.png/406x228bb.png', 'https://is1-ssl.mzstatic.com/image/thumb/PurpleSource112/v4/cd/b1/50/cdb15026-ab11-340f-792a-7640582623cb/498a37c9-432a-4da7-9806-38edef140653_Iphone6Plus_7in_Screen02.png/406x228bb.png', 'https://is1-ssl.mzstatic.com/image/thumb/PurpleSource112/v4/7c/80/f1/7c80f14e-b3f0-feb0-bd6f-6a0c9f302372/357968a8-9f31-4da2-8fdc-30e402fb01b5_Iphone6Plus_7in_Screen03.png/406x228bb.png', 'https://is1-ssl.mzstatic.com/image/thumb/PurpleSource122/v4/94/81/10/94811098-3f57-cb6a-cce0-55ab7cd168e7/3b482ac3-b1cc-499a-a3da-daf93bca11d2_Iphone6Plus_7in_Screen04.png/406x228bb.png', 'https://is1-ssl.mzstatic.com/image/thumb/PurpleSource122/v4/57/23/75/572375ec-c3bd-1301-96f4-becd821837b2/95f99c2c-d1a1-48d5-926d-fe0148a10f11_Iphone6Plus_7in_Screen05.png/406x228bb.png', 'https://is1-ssl.mzstatic.com/image/thumb/PurpleSource122/v4/31/b4/84/31b4846e-99a0-ee31-f452-8e7b6b1a7d33/e0067fec-6ca6-468d-8683-f880f52383bb_Iphone6Plus_7in_Gameplay.png/406x228bb.png']","['https://is1-ssl.mzstatic.com/image/thumb/PurpleSource112/v4/ba/c2/52/bac25227-1657-1d38-1c37-bec29dc6befa/62b7a632-9736-4491-8a87-44d84049c7dd_IpadPro_10in_Screen01.png/552x414bb.png', 'https://is1-ssl.mzstatic.com/image/thumb/PurpleSource112/v4/9c/9a/c8/9c9ac8c5-2da5-68dd-068f-e8d9ec68ef68/9d02ec7e-b336-4982-b7c6-4ce59fcc7b32_IpadPro_10in_Screen02.png/552x414bb.png', 'https://is1-ssl.mzstatic.com/image/thumb/PurpleSource122/v4/ff/75/e8/ff75e833-aef8-cec3-e02a-c3e7a87be556/6e78c56c-5b43-4106-b926-6076fc4a246c_IpadPro_10in_Screen03.png/552x414bb.png', 'https://is1-ssl.mzstatic.com/image/thumb/PurpleSource122/v4/71/a3/9a/71a39a35-4ad3-1fa4-6d82-4867fa8363da/bc5252ff-148f-44af-a6c7-4abd05312979_IpadPro_10in_Screen04.png/552x414bb.png', 'https://is1-ssl.mzstatic.com/image/thumb/PurpleSource112/v4/18/c8/46/18c8467f-0636-94ec-a181-2fc769bc70e7/978f3402-f9ed-4f0f-937d-3abab5b5d10f_IpadPro_10in_Screen05.png/552x414bb.png', 'https://is1-ssl.mzstatic.com/image/thumb/PurpleSource122/v4/ca/62/0c/ca620ccb-26fe-17b1-7c81-cc20c90d4d3f/074384e1-b156-4d04-9335-eade452444cd_IpadPro_10in_Gameplay.png/552x414bb.png']","[]","https://is1-ssl.mzstatic.com/image/thumb/Purple211/v4/a4/ca/37/a4ca37b7-83b3-d53f-fe8d-4317f793cc6d/AppIcon-0-0-1x_U007emarketing-0-8-0-85-220.png/512x512bb.jpg","491569846.0","['EN', 'FR', 'DE', 'IT', 'PT', 'ES']","","[]","{}","1176312930","https://apps.apple.com/br/app/bit-heroes-quest/id1176312930?uo=4","2.4.902","2025-11-17T15:21:48Z","2025-12-12 04:23:40","","","","","","","","","","","","","","","","","","","","","","","","","","","","",""
"App Store (App Store)","app","bit","Bitso: Poupe e invista fácil","Bitso SAPI de CV","4.6","1953.0","0.0","BRL","Finance","+4","Corrigimos alguns erros e acrescentamos algumas melhorias.","2025-12-11T22:52:03Z","['https://is1-ssl.mzstatic.com/image/thumb/PurpleSource211/v4/6f/d6/1c/6fd61cf4-b0db-64e6-5ca9-53cd083e1cbc/Apple_5.5_1.png/392x696bb.png', 'https://is1-ssl.mzstatic.com/image/thumb/PurpleSource211/v4/1c/fe/f3/1cfef36a-1b79-922e-8aec-a6957b2ae064/Apple_5.5_2.png/392x696bb.png', 'https://is1-ssl.mzstatic.com/image/thumb/PurpleSource221/v4/ea/2d/7a/ea2d7a4b-ee6a-014a-73e2-c09686e765e1/Apple_5.5_3.png/392x696bb.png', 'https://is1-ssl.mzstatic.com/image/thumb/PurpleSource221/v4/6c/a9/ad/6ca9ad8f-aa2b-4519-3205-6416aa5c02f0/Apple_5.5_4.png/392x696bb.png', 'https://is1-ssl.mzstatic.com/image/thumb/PurpleSource211/v4/b4/c2/54/b4c2544a-76b7-dca0-d049-84686ccc1f8a/Apple_5.5_5.png/392x696bb.png', 'https://is1-ssl.mzstatic.com/image/thumb/PurpleSource211/v4/11/30/12/1130126b-1cb5-3b6f-3847-5c310fdfe933/Apple_5.5_6.png/392x696bb.png']","[]","[]","https://is1-ssl.mzstatic.com/image/thumb/Purple221/v4/e1/fb/8d/e1fb8d46-4e81-a98c-dab8-946ae1093642/AppIcon-0-0-1x_U007ephone-0-1-0-85-220.png/512x512bb.jpg","1035487872.0","['EN', 'PT', 'ES']","","[]","{}","1292836438","https://apps.apple.com/br/app/bitso-poupe-e-invista-f%C3%A1cil/id1292836438?uo=4","4.6.0","2025-12-11T22:52:03Z","2025-12-12 04:23:40","","","","","","","","","","","","","","","","","","","","","","","","","","","","",""
"App Store (App Store)","app","bit","Bit Journey","Marcos Morais","4.5","42.0","6.9","BRL","Games","+12","A versão definitiva de Bit Journey já está disponível!

Entre eles, temos:

- Novos Mapas!
- Novos Chefões!
- Novo sistema de diálogos in-game!
- Os efeitos climáticos chegam a Bit Journey!
- Todos os novos personagens estão disponíveis para jogar!
- Modo História está disponível!
- Modo Zen está disponível!
- Nova Trilha Sonora Original (OST)
- Game Center com novos Leaderboards
- Jogo completamente persistido na nuvem
- Detentores de qualquer In-App Purchase ganham 20.000 moedas para iniciar a nova jornada
- Mensagem inicial a todos que já jogaram Bit Journey alguma vez
- Todos os personagens foram rebalanceados
- Novas missões de coleta implementadas
- Implementada nova transição entre efeitos climáticos
- Hud remodelada para o Zen Mode
- Ativado screenshot da última cena do Zen Mode
- Photo Mode disponível durante o jogo
- Ajustes no fluxo geral do jogo
- Novo Menu Inicial
- ""Como Jogar"" completo
- A Annie cria sombras agora quando está no modo especial
- HUD inteligente que só mostra os elementos necessários
- Performance do jogo foi melhorada
- Novos Haptics
- Novo Seletor de Personagens","2022-09-03T00:54:07Z","['https://is1-ssl.mzstatic.com/image/thumb/Purple114/v4/b3/cc/65/b3cc65a4-576e-1c97-4bea-1ad6db2b5136/pr_source.png/406x228bb.png', 'https://is1-ssl.mzstatic.com/image/thumb/Purple114/v4/80/5d/e0/805de0a1-39a5-04f7-eb26-e81416620dc9/pr_source.png/406x228bb.png', 'https://is1-ssl.mzstatic.com/image/thumb/Purple114/v4/63/ce/c0/63cec089-ffb8-01f3-5a63-7c7e33ea926f/pr_source.png/406x228bb.png', 'https://is1-ssl.mzstatic.com/image/thumb/Purple114/v4/22/d2/62/22d26226-7963-a1f6-ff53-324a85fee419/pr_source.png/406x228bb.png', 'https://is1-ssl.mzstatic.com/image/thumb/Purple114/v4/d8/1a/99/d81a991d-e849-a8c3-e171-5717a07aef90/pr_source.png/406x228bb.png', 'https://is1-ssl.mzstatic.com/image/thumb/Purple114/v4/72/ad/48/72ad48af-eb90-ab28-fb80-81627a85078d/pr_source.png/406x228bb.png', 'https://is1-ssl.mzstatic.com/image/thumb/Purple114/v4/a2/60/4f/a2604ffe-7b15-22e9-c34e-eaa21e92b969/pr_source.png/406x228bb.png', 'https://is1-ssl.mzstatic.com/image/thumb/Purple114/v4/f3/d2/b0/f3d2b0a6-721e-60de-8358-6215c40ea54e/pr_source.png/406x228bb.png', 'https://is1-ssl.mzstatic.com/image/thumb/Purple114/v4/61/6e/ea/616eea6a-02c6-c40a-1914-9f81a38ef8dc/pr_source.png/406x228bb.png', 'https://is1-ssl.mzstatic.com/image/thumb/Purple114/v4/66/5b/55/665b5538-9e22-3d79-b23e-935396151f6c/pr_source.png/406x228bb.png']","['https://is1-ssl.mzstatic.com/image/thumb/Purple114/v4/c3/a0/28/c3a02860-8687-e016-0967-6e649c934ccc/pr_source.jpg/552x414bb.jpg', 'https://is1-ssl.mzstatic.com/image/thumb/Purple114/v4/40/4b/ca/404bca33-a530-2a10-813e-d128d55d358e/pr_source.png/552x414bb.png', 'https://is1-ssl.mzstatic.com/image/thumb/Purple114/v4/82/fd/02/82fd0270-d32d-5a9d-91cb-2e82a3c9daee/pr_source.png/552x414bb.png', 'https://is1-ssl.mzstatic.com/image/thumb/Purple114/v4/1c/1d/ac/1c1dac21-67ed-0454-8631-8fc4c7cc7bc5/pr_source.png/552x414bb.png', 'https://is1-ssl.mzstatic.com/image/thumb/Purple114/v4/e2/c2/fa/e2c2fa69-3d52-ad76-fd75-039f550b9f7e/pr_source.png/552x414bb.png', 'https://is1-ssl.mzstatic.com/image/thumb/Purple114/v4/78/5f/87/785f87d0-a2d4-c28b-f99e-f626fdc14249/pr_source.png/552x414bb.png', 'https://is1-ssl.mzstatic.com/image/thumb/Purple114/v4/39/16/19/39161911-6ed9-3246-baf8-67ed056c9681/pr_source.png/552x414bb.png', 'https://is1-ssl.mzstatic.com/image/thumb/Purple114/v4/60/15/f1/6015f1ba-d885-4b69-02f9-18bf51217a3c/pr_source.png/552x414bb.png', 'https://is1-ssl.mzstatic.com/image/thumb/Purple114/v4/c1/b7/33/c1b7330b-5a85-d271-9078-11a263b719be/pr_source.png/552x414bb.png', 'https://is1-ssl.mzstatic.com/image/thumb/Purple114/v4/d4/5e/b4/d45eb453-78d0-4261-b4d8-c485cadcdd53/pr_source.png/552x414bb.png']","[]","https://is1-ssl.mzstatic.com/image/thumb/Purple112/v4/f9/1d/35/f91d35c5-017a-734d-69f0-53b49f69b5db/AppIcon-0-0-1x_U007emarketing-0-0-0-7-0-0-sRGB-0-0-0-GLES2_U002c0-512MB-85-220-0-0.png/512x512bb.jpg","893212723.0","['EN', 'FR', 'PT', 'ZH', 'ES']","","[]","{}","965279985","https://apps.apple.com/br/app/bit-journey/id965279985?uo=4","2.0.1","2022-09-03T00:54:07Z","2025-12-12 04:23:40","","","","","","","","","","","","","","","","","","","","","","","","","","","","",""
"App Store (App Store)","app","bit","BIT","Bit Mobility","1.6","14.0","0.0","BRL","Travel","+4","- Bugfix;","2025-12-03T07:59:57Z","['https://is1-ssl.mzstatic.com/image/thumb/Purple116/v4/79/78/b3/7978b34d-5e1c-ccda-bfa4-56314d14a751/8074def6-eeda-4075-956d-d93f38c47cee_01.png/392x696bb.png', 'https://is1-ssl.mzstatic.com/image/thumb/Purple116/v4/b0/54/32/b0543272-d1f9-94d1-7a8d-c726cdf1d97a/5b6175bc-644b-4016-b94c-90d37e097cbc_02.jpg/392x696bb.jpg', 'https://is1-ssl.mzstatic.com/image/thumb/Purple126/v4/0d/07/ca/0d07ca4c-14b2-7c5d-b552-78ca0c675439/8bd26638-94b7-4f3a-b19a-f0658d817af6_03.jpg/392x696bb.jpg', 'https://is1-ssl.mzstatic.com/image/thumb/Purple126/v4/c1/17/09/c1170936-956b-6118-7781-755f30193f2c/00822ece-e4f8-4547-919e-f98ea77a97dc_04.jpg/392x696bb.jpg', 'https://is1-ssl.mzstatic.com/image/thumb/Purple116/v4/1f/33/fd/1f33fda8-e9b0-25cb-de89-b0d003bef9b5/e4add24d-a887-40b9-8436-ac3eb8405aa1_05.jpg/392x696bb.jpg', 'https://is1-ssl.mzstatic.com/image/thumb/Purple126/v4/79/4c/82/794c82b9-9004-178f-c75a-dfdaf9a864bf/8408d361-cdb2-4cad-87ce-32ee2c6c0bff_06.jpg/392x696bb.jpg', 'https://is1-ssl.mzstatic.com/image/thumb/Purple116/v4/3d/b6/2e/3db62e38-d010-2698-1097-a906362429fa/008d6750-362f-4c07-bf1d-b78ed5f1425d_07_1.png/392x696bb.png', 'https://is1-ssl.mzstatic.com/image/thumb/Purple116/v4/99/3b/5e/993b5efe-bbca-68e1-5e09-1d7e1213fbb8/eaf44791-46dc-40b7-aa64-96cb550550f9_07.png/392x696bb.png']","['https://is1-ssl.mzstatic.com/image/thumb/Purple126/v4/98/ab/ee/98abee74-e97a-90f5-fc78-c2b3ea4861aa/bcebfcec-e501-45b5-aca1-bd6f1f0ee04a_01.png/576x768bb.png', 'https://is1-ssl.mzstatic.com/image/thumb/Purple126/v4/60/28/db/6028db66-56f9-73d9-2ea2-0d2f85b757b5/6cbc0ba1-d5ed-4972-862b-d8cdc8bad49a_02.png/576x768bb.png', 'https://is1-ssl.mzstatic.com/image/thumb/Purple126/v4/85/34/25/853425e7-888a-bec5-100d-e4ba7a8c27ce/8a370eb3-7d60-48a9-9d03-c6ba6cd571c1_03.png/576x768bb.png', 'https://is1-ssl.mzstatic.com/image/thumb/Purple126/v4/46/71/70/467170e4-afe1-61a8-4115-790b28001cac/38220209-f67f-43bd-8b44-d80f76f930dc_04.png/576x768bb.png', 'https://is1-ssl.mzstatic.com/image/thumb/Purple126/v4/b9/d5/5f/b9d55fe6-69de-e95e-af1a-0f4cf30d3a7e/576383f3-243a-4640-a0f6-1c4d985ea056_05.png/576x768bb.png', 'https://is1-ssl.mzstatic.com/image/thumb/Purple116/v4/ee/a3/62/eea36281-875d-af93-6d5c-7f14c9fa56bb/b788ec54-93a7-4f66-b013-1c962918f305_06.png/576x768bb.png', 'https://is1-ssl.mzstatic.com/image/thumb/Purple116/v4/fd/17/f2/fd17f284-983c-061c-987d-7faff84c79ed/dfc013cf-e65d-46df-b96c-35538c696aaf_07_01.png/576x768bb.png', 'https://is1-ssl.mzstatic.com/image/thumb/Purple116/v4/28/d2/b5/28d2b576-ebbc-1a86-b322-f43bd8c2c04e/14b68769-70d2-426c-955e-9a12eb9dae02_07.png/576x768bb.png']","[]","https://is1-ssl.mzstatic.com/image/thumb/Purple221/v4/ca/26/91/ca26912e-c289-cfa2-cc1c-54e6961c5f4b/AppIcon-0-0-1x_U007emarketing-0-11-0-85-220.png/512x512bb.jpg","1464155062.0","['EN', 'FR', 'DE', 'IT', 'ES']","","[]","{}","1464155063","https://apps.apple.com/br/app/bit/id1464155063?uo=4","02.27.02","2025-12-03T07:59:57Z","2025-12-12 04:23:40","","","","","","","","","","","","","","","","","","","","","","","","","","","","",""
"App Store (App Store)","app","bit","bit ביט","Bank Hapoalim","4.6","27.0","0.0","BRL","Finance","+4","Starting today, your bit app has “Pockets” — like extra balances you can transfer money to and receive money into. It’s now easier to organize everything in the app: separate your business income, manage your class fund, or set some money aside for the vacation you’ve always wanted. You can open a new Pocket by tapping on “Pockets” at the bottom of the screen","2025-11-21T07:27:33Z","[]","[]","[]","https://is1-ssl.mzstatic.com/image/thumb/Purple221/v4/46/75/5d/46755d62-54cc-ea03-6600-a550bc2a2d72/AppIcon-0-0-1x_U007ephone-0-1-0-0-85-220.png/512x512bb.jpg","342468949.0","['AR', 'EN', 'HE']","","[]","{}","1182007739","https://apps.apple.com/br/app/bit-%D7%91%D7%99%D7%98/id1182007739?uo=4","6.9","2025-11-21T07:27:33Z","2025-12-12 04:23:40","","","","","","","","","","","","","","","","","","","","","","","","","","","","",""
"App Store (App Store)","app","bit","This War of Mine","11 bit studios s.a.","4.5","133.0","79.9","BRL","Games","+17","Fix issues with aspect ratio in: 
- iPhone 16 Pro
- iPhone 16 Pro Max","2025-01-29T11:52:21Z","['https://is1-ssl.mzstatic.com/image/thumb/Purple113/v4/48/e1/2f/48e12f62-4d05-e106-eb8f-5844f43fd803/mzl.jmxkaaeh.jpg/406x228bb.jpg', 'https://is1-ssl.mzstatic.com/image/thumb/Purple123/v4/a3/ac/18/a3ac18fc-480c-180f-785d-d0d577188a44/mzl.ndxizhgx.jpg/406x228bb.jpg', 'https://is1-ssl.mzstatic.com/image/thumb/Purple113/v4/de/da/a2/dedaa2c6-401d-00e8-ebea-cf5ebf5ca8f5/mzl.ijzvwgxf.jpg/406x228bb.jpg', 'https://is1-ssl.mzstatic.com/image/thumb/Purple113/v4/0b/6e/a3/0b6ea309-a02d-2611-a485-3bffa859fdeb/mzl.dqxmdshf.jpg/406x228bb.jpg', 'https://is1-ssl.mzstatic.com/image/thumb/Purple123/v4/2c/6d/e4/2c6de4d9-9cac-e736-98a9-b79f20494ffc/mzl.nacpizkk.jpg/406x228bb.jpg']","['https://is1-ssl.mzstatic.com/image/thumb/Purple62/v4/f4/a0/6e/f4a06e34-d6e0-71ba-5122-6b95ce504b67/mzl.cuekdwyl.jpg/480x360bb.jpg', 'https://is1-ssl.mzstatic.com/image/thumb/Purple71/v4/d2/6d/8a/d26d8af8-71ef-7be2-558e-784bbf3a9a0e/mzl.uxiivvce.jpg/480x360bb.jpg', 'https://is1-ssl.mzstatic.com/image/thumb/Purple71/v4/e6/c1/e6/e6c1e63f-e0a2-a322-01f0-081da914e3a7/mzl.qiieuahh.jpg/480x360bb.jpg', 'https://is1-ssl.mzstatic.com/image/thumb/Purple71/v4/f8/3b/95/f83b952d-833c-233a-6bda-c2ce96bbc4e6/mzl.lekxrjuz.jpg/480x360bb.jpg', 'https://is1-ssl.mzstatic.com/image/thumb/Purple62/v4/1c/50/3e/1c503e26-b3d2-9315-84b0-9de4ce9412c0/mzl.dzaawhhg.jpg/480x360bb.jpg']","[]","https://is1-ssl.mzstatic.com/image/thumb/Purple211/v4/12/43/ab/1243abec-dde4-ef2d-f906-b6e8f24c9c29/AppIcon-1x_U007emarketing-0-10-0-85-220-0.png/512x512bb.jpg","427155206.0","['EN', 'FR', 'DE', 'IT', 'JA', 'KO', 'PL', 'PT', 'RU', 'ZH', 'ES', 'TR']","","[]","{}","982175678","https://apps.apple.com/br/app/this-war-of-mine/id982175678?uo=4","1.8.0","2025-01-29T11:52:21Z","2025-12-12 04:23:40","","","","","","","","","","","","","","","","","","","","","","","","","","","","",""
"App Store (App Store)","app","bit","Bit City: Building Evolution","NimbleBit LLC","4.7","120.0","0.0","BRL","Games","+12","Bit City: Building Evolution Update:
• We've squashed bugs and made crucial updates for smoother building—no more wobbling skyscrapers!
• Game crash reporting is now as easy as pie, so we can fix issues faster than you can say ""building permit!""
• Enjoy lightning-fast loading times—your city will be up and running before you can grab a coffee!

Get ready to build big and have fun!","2024-09-09T11:03:51Z","['https://is1-ssl.mzstatic.com/image/thumb/Purple113/v4/e8/49/20/e8492092-8306-2505-7b72-8e0c7faabfa2/mzl.wmdoiucp.png/392x696bb.png', 'https://is1-ssl.mzstatic.com/image/thumb/Purple123/v4/77/f3/44/77f3440b-681a-1cd7-c9c1-aee50ab243e5/mzl.ieudgffg.png/392x696bb.png', 'https://is1-ssl.mzstatic.com/image/thumb/Purple113/v4/b1/a5/2c/b1a52cf2-9b67-3a15-8b22-2de7f675f438/mzl.ioylliuc.png/392x696bb.png', 'https://is1-ssl.mzstatic.com/image/thumb/Purple123/v4/ea/8f/f3/ea8ff34d-45ec-5190-911b-8d1c96f91f44/mzl.xnpluozc.png/392x696bb.png', 'https://is1-ssl.mzstatic.com/image/thumb/Purple113/v4/19/ab/4f/19ab4f26-276e-24c6-aeee-b327970691ee/mzl.nniifjfh.png/392x696bb.png']","['https://is1-ssl.mzstatic.com/image/thumb/Purple113/v4/59/f3/60/59f360b6-544e-f78b-f153-3452243d9377/mzl.rheysaur.png/576x768bb.png', 'https://is1-ssl.mzstatic.com/image/thumb/Purple113/v4/fe/e1/77/fee1770e-8dd4-8095-fddb-c1d278a7c85b/mzl.dekyxuka.png/576x768bb.png', 'https://is1-ssl.mzstatic.com/image/thumb/Purple123/v4/ff/8a/80/ff8a802e-60ad-af8a-c17c-91d75da31dda/mzl.rrcwdoda.png/576x768bb.png', 'https://is1-ssl.mzstatic.com/image/thumb/Purple123/v4/48/fe/b6/48feb657-b234-5dea-3d9a-380d3062e81a/mzl.rzquxynr.png/576x768bb.png', 'https://is1-ssl.mzstatic.com/image/thumb/Purple123/v4/fa/19/00/fa1900a7-4fe7-541a-4c98-f23f324fa2c1/mzl.wilutbhb.png/576x768bb.png']","[]","https://is1-ssl.mzstatic.com/image/thumb/Purple211/v4/be/18/ca/be18ca44-f6aa-1f5c-064c-65f73d0efa4d/AppIcon-1x_U007emarketing-0-7-0-85-220-0.png/512x512bb.jpg","285808572.0","['CA', 'CS', 'EN', 'FR', 'DE', 'JA', 'KO', 'ZH', 'ES']","","[]","{}","914343148","https://apps.apple.com/br/app/bit-city-building-evolution/id914343148?uo=4","1.5.0","2024-09-09T11:03:51Z","2025-12-12 04:23:40","","","","","","","","","","","","","","","","","","","","","","","","","","","","",""
"App Store (App Store)","app","bit","8bit Painter","Takayuki Miyagawa","4.7","275.0","0.0","BRL","Entertainment","+4","Corrigiu um problema com o layout da tela na série iPhone 16.","2024-10-19T04:43:14Z","['https://is1-ssl.mzstatic.com/image/thumb/PurpleSource122/v4/42/be/e7/42bee7a0-03cd-8c8a-b6d4-cda6619e65ae/4cf40f78-304d-4886-a0d9-390bdbecadbb_ss01_en@3x.png/392x696bb.png', 'https://is1-ssl.mzstatic.com/image/thumb/PurpleSource122/v4/39/58/9c/39589c89-1a01-6d42-e750-038cf62c520d/f561c1f7-c26b-4a13-ac17-c5a8fbf0c5d7_ss02_en@3x.png/392x696bb.png', 'https://is1-ssl.mzstatic.com/image/thumb/PurpleSource122/v4/a4/83/54/a4835496-68d0-d572-26ae-779152f91956/8bd921e3-0a69-4da5-b49b-e38adaf2f0ac_ss03_en@3x.png/392x696bb.png', 'https://is1-ssl.mzstatic.com/image/thumb/PurpleSource122/v4/99/f4/7f/99f47f10-3e52-6ddc-0277-64383ef2e3d8/02e9c227-967e-4437-8019-a2c955312fec_ss04_en@3x.png/392x696bb.png', 'https://is1-ssl.mzstatic.com/image/thumb/PurpleSource122/v4/44/67/c4/4467c497-a324-5717-446c-cef638c75861/b4801581-5c90-46ee-87e6-5c5639f84636_ss05_en@3x.png/392x696bb.png']","['https://is1-ssl.mzstatic.com/image/thumb/PurpleSource112/v4/e8/89/7a/e8897a7f-b835-162f-4257-4c3200686f63/d026b221-6471-4ffc-b94f-1c5668ffed47_ss01_en@2x.png/576x768bb.png', 'https://is1-ssl.mzstatic.com/image/thumb/Purple122/v4/ad/f8/af/adf8afa9-dfab-0d60-3b9b-d63619364647/8abeff74-0c95-48f2-997a-d9d2dd93afee_ss02_en@2x.png/576x768bb.png', 'https://is1-ssl.mzstatic.com/image/thumb/Purple112/v4/74/03/85/74038539-072c-84cd-d4e6-1cf17e3abb7b/2fbe75ed-5bf6-4679-a03e-92d4b65267b0_ss03_en@2x.png/576x768bb.png', 'https://is1-ssl.mzstatic.com/image/thumb/Purple112/v4/5d/ab/9f/5dab9f89-f6e8-3138-ede1-61a4655558a2/58fc8073-a5d9-49a9-ac1b-f7f9c36b9191_ss04_en@2x.png/576x768bb.png', 'https://is1-ssl.mzstatic.com/image/thumb/Purple112/v4/3e/a7/f4/3ea7f436-0190-6459-c8d6-3ac9186f42ee/002300d1-7c68-46e9-911f-544f7c802b6e_ss05_en@2x.png/576x768bb.png']","[]","https://is1-ssl.mzstatic.com/image/thumb/Purple221/v4/73/96/f6/7396f601-3b28-0f2c-f4b3-afee6e74d375/AppIcon-0-0-1x_U007emarketing-0-8-0-0-sRGB-85-220.png/512x512bb.jpg","894301276.0","['AR', 'EN', 'FR', 'JA', 'KO', 'PT', 'RU', 'ZH', 'ES', 'ZH']","","[]","{}","894301273","https://apps.apple.com/br/app/8bit-painter/id894301273?uo=4","2.5.12","2024-10-19T04:43:14Z","2025-12-12 04:23:40","","","","","","","","","","","","","","","","","","","","","","","","","","","","",""
"App Store (App Store)","app","bit","BitLife Dogs - DogLife","Candywriter, LLC","3.6","399.0","0.0","BRL","Games","+17","v1.8.5

Hey there, party pups and cool cats! This week, we're bringing you a fresh round of bug fixes and maintenance. Keep an eye on our socials for important updates and news.","2024-11-15T14:27:18Z","['https://is1-ssl.mzstatic.com/image/thumb/Purple211/v4/42/01/cf/4201cf60-bf80-4605-b13c-085ca0e8c3af/1969ad0f-9df7-4401-9095-48f86980ffe9_2208_new_SS1.png/392x696bb.png', 'https://is1-ssl.mzstatic.com/image/thumb/PurpleSource211/v4/21/7d/f6/217df6bb-d2ca-bbd2-9137-2b9efa9d0ccf/9c1f6225-9f7a-43f6-9117-2a4a844fd481_new_iPhone2.png/392x696bb.png', 'https://is1-ssl.mzstatic.com/image/thumb/PurpleSource211/v4/dd/67/7d/dd677d8a-6a9b-fa6a-af1e-2018c4d5386a/29d66009-ade6-49e8-8f08-9956de5cdfab_new_iPhone3.png/392x696bb.png', 'https://is1-ssl.mzstatic.com/image/thumb/Purple211/v4/30/0a/df/300adf65-44b7-0b03-7004-0d63b6bb0df4/627c0610-4641-41c3-a3ad-ab831658201b_2208_new_SS4.png/392x696bb.png', 'https://is1-ssl.mzstatic.com/image/thumb/PurpleSource221/v4/63/de/f6/63def649-51aa-046e-236e-34501218cfe4/86c02968-7c24-45b9-8653-110dd21a2b7d_new_iPhone5.png/392x696bb.png']","['https://is1-ssl.mzstatic.com/image/thumb/Purple211/v4/05/e4/42/05e44282-747b-277e-941a-af100fd19cd6/fa0055e8-2ded-4e57-ba00-044c8a4c91ae_new_ipad_ss1.png/576x768bb.png', 'https://is1-ssl.mzstatic.com/image/thumb/PurpleSource211/v4/b4/6b/58/b46b5842-c9b3-a3b4-87b4-cc98137bfbaa/2745e819-8227-438a-b514-75fa2dc62cd4_new_iPad2.png/576x768bb.png', 'https://is1-ssl.mzstatic.com/image/thumb/PurpleSource211/v4/90/6f/cc/906fcc11-dcd0-f10e-4f60-f3f85215334f/81308fb0-0df5-47a1-89d3-b2835fc31b46_new_iPad3.png/576x768bb.png', 'https://is1-ssl.mzstatic.com/image/thumb/Purple221/v4/da/82/89/da8289f7-2732-4a35-d2d1-d046b796335b/48e55f6f-dce7-4a98-9bd4-b3b88dd0ecf6_new_ipad_ss4.png/576x768bb.png', 'https://is1-ssl.mzstatic.com/image/thumb/PurpleSource211/v4/0c/44/e4/0c44e42e-559a-2e23-d569-932c69919ca5/dd191fea-3ac3-4cee-9601-a714a17579e1_new_iPad5.png/576x768bb.png']","[]","https://is1-ssl.mzstatic.com/image/thumb/Purple221/v4/ad/73/14/ad7314cd-0ae4-4090-1a17-a80e09841f99/AppIcon-0-0-1x_U007emarketing-0-7-0-85-220.png/512x512bb.jpg","284954685.0","['EN']","","[]","{}","1589129140","https://apps.apple.com/br/app/bitlife-dogs-doglife/id1589129140?uo=4","1.8.5","2024-11-15T14:27:18Z","2025-12-12 04:23:40","","","","","","","","","","","","","","","","","","","","","","","","","","","","",""
"App Store (App Store)","app","bit","Magic 8 bit 8 ball","Richard Shilton","4.9","31.0","0.0","BRL","Games","+4","Bug fixes and minor updates","2025-08-12T08:39:48Z","['https://is1-ssl.mzstatic.com/image/thumb/Purple116/v4/ce/b4/b8/ceb4b8d7-d4a0-9e9a-0edf-1a671d79ff13/mzl.cjkzxixt.png/392x696bb.png', 'https://is1-ssl.mzstatic.com/image/thumb/Purple116/v4/f9/e0/7a/f9e07a1a-b8f0-00ce-ed8d-b61883c822b3/mzl.qpfmzezm.png/392x696bb.png', 'https://is1-ssl.mzstatic.com/image/thumb/Purple116/v4/eb/cb/0f/ebcb0f81-98b3-2521-a175-cdb6bb552b8e/tns.hrgbmoma.png/392x696bb.png', 'https://is1-ssl.mzstatic.com/image/thumb/Purple126/v4/8c/13/08/8c13088b-3b17-9dd4-e218-28c0b5788f28/mzl.ydzotxsx.png/392x696bb.png', 'https://is1-ssl.mzstatic.com/image/thumb/Purple126/v4/a3/53/a0/a353a046-10b0-9573-af7a-0b02009b57f8/mzl.zsqoxirh.png/392x696bb.png']","['https://is1-ssl.mzstatic.com/image/thumb/Purple116/v4/bd/aa/41/bdaa4122-e34f-e8fd-8638-9fe9875fb28e/mzl.bvyqczcn.png/576x768bb.png', 'https://is1-ssl.mzstatic.com/image/thumb/Purple116/v4/d3/c3/87/d3c38794-5102-74f4-6384-7a0c43fa7f62/mzl.yadkgdgs.png/576x768bb.png', 'https://is1-ssl.mzstatic.com/image/thumb/Purple116/v4/e2/81/fd/e281fd76-c3d0-664f-a7fa-91583f372680/mzl.tptjhkfq.png/576x768bb.png']","[]","https://is1-ssl.mzstatic.com/image/thumb/Purple211/v4/16/e5/ae/16e5aea4-3013-9c4e-7aca-b7fadbf94e65/AppIcon-0-0-1x_U007emarketing-0-7-0-0-85-220.png/512x512bb.jpg","1021935442.0","['EN', 'IT', 'JA']","","[]","{}","1071800677","https://apps.apple.com/br/app/magic-8-bit-8-ball/id1071800677?uo=4","2.9.9","2025-08-12T08:39:48Z","2025-12-12 04:23:40","","","","","","","","","","","","","","","","","","","","","","","","","","","","",""
"App Store (App Store)","app","bit","PicoPico - 8bit Retro Games","D4Enterprise Co.,Ltd.","3.0","10.0","0.0","BRL","Games","+17","•Prepared the app for upcoming new content
•Fixed minor bugs and improved overall stability","2025-12-09T02:18:03Z","['https://is1-ssl.mzstatic.com/image/thumb/PurpleSource114/v4/04/e3/3a/04e33ac3-0a95-2e1c-45be-387bd611a456/6ff20135-4a48-436d-927b-fa6a1415f864_iphone-1-1-en.png/406x228bb.png', 'https://is1-ssl.mzstatic.com/image/thumb/Purple114/v4/7b/84/75/7b8475d0-13c5-5c95-6790-7057716b2fe3/3b6a9711-fd1f-4e9f-9628-052697ae53ed_iphone-1-2-en.png/406x228bb.png', 'https://is1-ssl.mzstatic.com/image/thumb/Purple114/v4/85/78/f3/8578f3fd-ddac-6c42-3e52-5577982a8033/6ab5a558-8de2-4937-a796-0e9569eeafc8_iphone-1-3-en.png/406x228bb.png']","['https://is1-ssl.mzstatic.com/image/thumb/Purple114/v4/d8/f2/ca/d8f2cac0-1999-d359-dfe4-8f318e8e246c/tns.ygugjlab.png/552x414bb.png', 'https://is1-ssl.mzstatic.com/image/thumb/Purple124/v4/fd/03/36/fd0336c7-f3ee-0be9-c4d5-cc23500b3ab4/tns.hubgwyxo.png/552x414bb.png', 'https://is1-ssl.mzstatic.com/image/thumb/Purple124/v4/cb/71/73/cb7173cf-c0ed-58fd-8b26-1679d44f00a6/tns.ijtzxuak.png/552x414bb.png', 'https://is1-ssl.mzstatic.com/image/thumb/Purple114/v4/20/9a/64/209a641b-9251-6197-11ed-69ca6748d33c/tns.hqsnvevc.png/552x414bb.png']","[]","https://is1-ssl.mzstatic.com/image/thumb/Purple221/v4/f9/40/c5/f940c54a-5089-59d8-f0c3-1ac8d2b08d9e/AppIcon-0-0-1x_U007emarketing-0-5-0-0-85-220.png/512x512bb.jpg","298894302.0","['EN', 'JA']","","[]","{}","1478205265","https://apps.apple.com/br/app/picopico-8bit-retro-games/id1478205265?uo=4","1.30.0","2025-12-09T02:18:03Z","2025-12-12 04:23:40","","","","","","","","","","","","","","","","","","","","","","","","","","","","",""
"App Store (App Store)","app","bit","8 Bit Kid - Run and Jump","Volkan Kutlubay","4.7","13.0","0.0","BRL","Games","+9","Updated the website info and privacy policy.","2020-04-25T11:47:23Z","['https://is1-ssl.mzstatic.com/image/thumb/Purple123/v4/9e/57/7b/9e577b7b-2819-bda8-22b7-cc7fdc4ffc5e/pr_source.jpg/406x228bb.jpg', 'https://is1-ssl.mzstatic.com/image/thumb/Purple113/v4/63/a4/a4/63a4a4af-5f8e-49ad-ec2f-ba977c8673f7/pr_source.jpg/406x228bb.jpg', 'https://is1-ssl.mzstatic.com/image/thumb/Purple123/v4/71/d9/93/71d99356-a3f4-f0f0-9245-65c25fabcae4/pr_source.jpg/406x228bb.jpg', 'https://is1-ssl.mzstatic.com/image/thumb/Purple113/v4/30/b3/dd/30b3ddb1-3afd-210b-cc09-5248f97d133d/pr_source.jpg/406x228bb.jpg', 'https://is1-ssl.mzstatic.com/image/thumb/Purple123/v4/4e/80/9f/4e809f88-7fbc-686b-b4bc-7f1e3e0a65fa/pr_source.jpg/406x228bb.jpg']","['https://is1-ssl.mzstatic.com/image/thumb/Purple123/v4/b3/b3/c8/b3b3c818-ee2c-99d2-385d-08c08b3f6d9c/pr_source.jpg/552x414bb.jpg', 'https://is1-ssl.mzstatic.com/image/thumb/Purple123/v4/eb/9a/46/eb9a4656-244d-3fce-d5b4-d6b2bbe72680/pr_source.jpg/552x414bb.jpg', 'https://is1-ssl.mzstatic.com/image/thumb/Purple123/v4/d0/67/f1/d067f1eb-27dc-2ca0-2a69-cfcb1f38de7b/pr_source.jpg/552x414bb.jpg', 'https://is1-ssl.mzstatic.com/image/thumb/Purple113/v4/7d/91/7a/7d917a13-0acd-cf20-5630-4e506b8c0218/pr_source.jpg/552x414bb.jpg', 'https://is1-ssl.mzstatic.com/image/thumb/Purple113/v4/df/e3/29/dfe3295f-e989-f39d-ba23-192f7eed9190/pr_source.jpg/552x414bb.jpg']","[]","https://is1-ssl.mzstatic.com/image/thumb/Purple113/v4/cf/ae/77/cfae77a0-c30c-bbe9-548e-f152d13b26e5/AppIcon-0-0-1x_U007emarketing-0-0-0-7-85-220.png/512x512bb.jpg","927603440.0","['EN']","","[]","{}","1474698854","https://apps.apple.com/br/app/8-bit-kid-run-and-jump/id1474698854?uo=4","1.0.6","2020-04-25T11:47:23Z","2025-12-12 04:23:40","","","","","","","","","","","","","","","","","","","","","","","","","","","","",""
"App Store (App Store)","app","bit","Hero of Aethric Dungeon MMORPG","Northern Forge Studios Inc","5.0","124.0","0.0","BRL","Games","+12","Fixed a bug that may cause global raid info to not show on some devices","2025-12-04T23:33:03Z","['https://is1-ssl.mzstatic.com/image/thumb/PurpleSource211/v4/60/a0/c9/60a0c91d-a366-d005-7064-6d70c4529a6a/4262e478-5521-44b1-9d97-fd1f0587a902_Explore_6.5_Inch.png/392x696bb.png', 'https://is1-ssl.mzstatic.com/image/thumb/PurpleSource211/v4/37/19/0f/37190f7a-46f7-9e9b-ec11-13b2fff53925/2fb2c69e-16e4-4d53-a78e-ca61bb32a90f_Battle_-_6.5_Inch.png/392x696bb.png', 'https://is1-ssl.mzstatic.com/image/thumb/PurpleSource211/v4/1f/aa/97/1faa979e-f850-7fcb-6498-f8381bc308d1/44b2e9a2-dbe5-4b53-b5a8-22ed2fc76550_Guild_-_6.5_inch.png/392x696bb.png', 'https://is1-ssl.mzstatic.com/image/thumb/PurpleSource221/v4/ba/d4/97/bad4974e-2738-bcb6-e1e9-d2fa3a00a70a/7a6a24ed-090d-4bb1-9728-1b9722ebdc8b_Classes_-_6.5_inch.png/392x696bb.png', 'https://is1-ssl.mzstatic.com/image/thumb/PurpleSource221/v4/c5/2a/9f/c52a9f45-dbad-836d-0a48-129cff7f670c/d05f7f00-a263-4871-a94a-d9d5b1bd7e0b_Hero_-_6.5_Inch.png/392x696bb.png', 'https://is1-ssl.mzstatic.com/image/thumb/PurpleSource221/v4/1e/30/97/1e309783-213e-bcd7-16c1-c985b66916a0/be41ec1d-be79-4df9-91d3-0602eddadbeb_Items_6.5_inch.png/392x696bb.png']","['https://is1-ssl.mzstatic.com/image/thumb/PurpleSource211/v4/50/af/38/50af38a6-d193-2e7d-6740-61e228c07f60/f92c0c27-eb27-4399-a088-c00bf8199288_iPad_WORLD.png/552x414bb.png', 'https://is1-ssl.mzstatic.com/image/thumb/PurpleSource211/v4/e2/53/97/e2539792-8c7f-63c0-6bcf-be276bdf938c/e30b8981-0488-4b6b-aafe-5eae9423a3f6_iPad_TURNBASED.png/552x414bb.png', 'https://is1-ssl.mzstatic.com/image/thumb/PurpleSource221/v4/b3/05/4b/b3054bd8-0800-4708-d0a5-33c52e241613/40908a46-f416-474c-bf81-905b9ce1215c_iPad_RAIDS.png/552x414bb.png', 'https://is1-ssl.mzstatic.com/image/thumb/PurpleSource211/v4/1e/75/6a/1e756ab0-efa8-da99-9d15-fa9a3e0c11bf/3e1ca4fb-9b4e-4d77-bd1d-043160497f98_iPad_BUILD.png/552x414bb.png', 'https://is1-ssl.mzstatic.com/image/thumb/PurpleSource211/v4/93/2f/df/932fdf05-d427-b81e-a36e-ae25132944ea/25faf04d-e194-4d30-a763-e8461930adea_iPad_Classes.png/552x414bb.png', 'https://is1-ssl.mzstatic.com/image/thumb/PurpleSource211/v4/74/3a/1c/743a1c7e-13df-6ff7-9e87-62d3bc67e72e/5e28eacd-74a4-4ea3-822c-c5aaedecb583_iPad_GEAR.png/552x414bb.png', 'https://is1-ssl.mzstatic.com/image/thumb/PurpleSource211/v4/87/af/0b/87af0b1d-5bff-987b-ff08-6b26efcaf8b8/c1a958e0-e958-457e-b6a2-8efab154f8cd_iPad_COOP.png/552x414bb.png']","[]","https://is1-ssl.mzstatic.com/image/thumb/Purple211/v4/6e/c4/20/6ec420e6-3909-d1ac-ef00-8c9a95bb1925/AppIcon-0-0-1x_U007emarketing-0-11-0-85-220.png/512x512bb.jpg","1596360455.0","['EN']","","[]","{}","1645196122","https://apps.apple.com/br/app/hero-of-aethric-dungeon-mmorpg/id1645196122?uo=4","3.19.13","2025-12-04T23:33:03Z","2025-12-12 04:23:40","","","","","","","","","","","","","","","","","","","","","","","","","","","","",""
"App Store (App Store)","app","bit","BitLife DE - Lebenssimulation","Goodgame Studio","4.0","3.0","0.0","BRL","Games","+17","Liebe Bitizens, dieses Update enthält eine Anzahl an Bug Fixes für die kürzlich veröffentlichten Inhalte.
- Grundwartung
- Bug-Fixes","2025-11-13T11:22:18Z","['https://is1-ssl.mzstatic.com/image/thumb/PurpleSource113/v4/fd/1c/63/fd1c63ce-0ec1-1a19-6d63-2d449a612a1c/850b5cbe-7152-46ac-be70-9859ff8628b1_1242x2208_0000_1242x2208_1-copy-4.png/392x696bb.png', 'https://is1-ssl.mzstatic.com/image/thumb/PurpleSource113/v4/e2/df/d7/e2dfd73d-2890-2e8a-7a81-32a059ece64a/8729a6d4-d660-45bb-9e8c-0b63a8161346_1242x2208_0001_1242x2208_1-copy-3.png/392x696bb.png', 'https://is1-ssl.mzstatic.com/image/thumb/PurpleSource113/v4/18/78/b3/1878b334-eb8c-ad8d-2094-a0e786eb6182/95a6cc79-0cbd-424f-8596-665d66583604_1242x2208_0002_1242x2208_1-copy-2.png/392x696bb.png', 'https://is1-ssl.mzstatic.com/image/thumb/PurpleSource123/v4/9d/ea/fd/9deafd98-ffbb-03c4-65dd-225dbfc28677/ecfe3731-d0bf-4a39-b2d1-2b86e508f0a8_1242x2208_0003_1242x2208_1-copy.png/392x696bb.png', 'https://is1-ssl.mzstatic.com/image/thumb/PurpleSource123/v4/66/97/9c/66979c23-bf9c-388b-db98-c0918d3224be/f01a4a2e-fe5b-44d4-b456-784033075113_1242x2208_0004_1242x2208_1.png/392x696bb.png']","['https://is1-ssl.mzstatic.com/image/thumb/PurpleSource123/v4/9f/33/b4/9f33b460-4587-0418-e274-8cc80eaa44b2/e531c4f9-8fc3-445b-82c3-60d7f97c0858_Untitled-1_0000_2048x2732_1.png/576x768bb.png', 'https://is1-ssl.mzstatic.com/image/thumb/PurpleSource123/v4/fd/f3/f3/fdf3f354-4bbf-98bf-3b98-ccdf0725ccf9/27fe296b-8ec4-427c-aca7-d6a4a9cccf00_Untitled-1_0001_2048x2732_1.png/576x768bb.png', 'https://is1-ssl.mzstatic.com/image/thumb/PurpleSource113/v4/25/41/12/254112be-f0fe-10a9-89c1-7f81b1cb0695/fb01b181-864c-46e2-b7b6-0ef1a4d49c46_Untitled-1_0002_2048x2732_1.png/576x768bb.png', 'https://is1-ssl.mzstatic.com/image/thumb/PurpleSource113/v4/84/b5/2a/84b52a82-fd7a-dd22-4468-fb6472c796d0/519d6962-7a6e-467f-aaeb-6ab015996543_Untitled-1_0003_2048x2732_1.png/576x768bb.png', 'https://is1-ssl.mzstatic.com/image/thumb/PurpleSource113/v4/bb/98/1f/bb981f3b-9315-1f63-df3a-7c6e05b0c8d7/16348562-0ee6-4e1f-89f3-8b680a899389_Untitled-1_0004_2048x2732_1.png/576x768bb.png']","[]","https://is1-ssl.mzstatic.com/image/thumb/Purple211/v4/20/a7/a5/20a7a5cf-a902-989f-2b10-adaf20628921/AppIcon-0-0-1x_U007emarketing-0-8-0-85-220.png/512x512bb.jpg","553166917.0","['DE']","","[]","{}","1570661587","https://apps.apple.com/br/app/bitlife-de-lebenssimulation/id1570661587?uo=4","1.19.10","2025-11-13T11:22:18Z","2025-12-12 04:23:40","","","","","","","","","","","","","","","","","","","","","","","","","","","","",""
"App Store (App Store)","app","bit","micro:bit","Micro:bit Educational Foundation","3.7","6.0","0.0","BRL","Education","+4","Improved interface for Fetch MY_DATA.
Catalan and Dutch translations.
Maintenance and minor bug fixes.","2025-02-13T19:50:29Z","['https://is1-ssl.mzstatic.com/image/thumb/PurpleSource126/v4/a9/0c/bc/a90cbc42-01a3-d733-b148-0306fedad178/3f2cafff-b625-43e5-84ef-edcedec7baf9_Simulator_Screenshot_-_iPhone_8_Plus_-_2023-08-25_at_13.45.06.png/392x696bb.png', 'https://is1-ssl.mzstatic.com/image/thumb/PurpleSource126/v4/a1/ae/85/a1ae8569-854e-86e2-379a-8332245e800c/f399135b-d329-4572-b7bf-1ade5ba3a39c_Simulator_Screenshot_-_iPhone_8_Plus_-_2023-08-25_at_13.51.42.png/392x696bb.png', 'https://is1-ssl.mzstatic.com/image/thumb/PurpleSource126/v4/b4/1b/09/b41b09b1-8fd9-3ab9-8d13-ca2cb691c819/6661ac07-6644-43f2-9344-9105e9185810_Simulator_Screenshot_-_iPhone_8_Plus_-_2023-08-25_at_13.52.25.png/392x696bb.png', 'https://is1-ssl.mzstatic.com/image/thumb/PurpleSource126/v4/c0/63/1d/c0631dbe-67dc-9a63-c130-a24be4ef584f/cd30b880-eee5-40af-8e64-d2bc9c52a943_Simulator_Screenshot_-_iPhone_8_Plus_-_2023-08-25_at_13.53.16.png/392x696bb.png', 'https://is1-ssl.mzstatic.com/image/thumb/Purple126/v4/76/e2/df/76e2df6d-eb20-f532-fe88-5ea4a5c9a48f/aecc3c88-beae-4e5c-8239-fdb69ed333f1_Simulator_Screen_Shot_-_iPhone_8_Plus_-_2020-09-06_at_13.40.38.png/392x696bb.png', 'https://is1-ssl.mzstatic.com/image/thumb/Purple126/v4/3f/9d/92/3f9d9294-57c9-543e-45df-65831b05ed26/d1b6f72a-de61-4f15-b8a8-ff628bc875f0_Simulator_Screen_Shot_-_iPhone_8_Plus_-_2020-09-06_at_13.41.24.png/392x696bb.png']","['https://is1-ssl.mzstatic.com/image/thumb/PurpleSource116/v4/61/78/1b/61781b6e-ae5e-1211-c276-90e7e51a367e/fec52cf2-3641-448e-a2cc-c3e56d8db202_Simulator_Screenshot_-_iPad_Pro__U002812.9-inch_U0029__U00282nd_generation_U0029_-_2023-08-25_at_14.03.19.png/576x768bb.png', 'https://is1-ssl.mzstatic.com/image/thumb/PurpleSource116/v4/47/21/c9/4721c93c-3bee-ac8b-efa9-e194dce94428/e91c0d02-9d4e-4c8a-ba4c-624fdec9251c_Simulator_Screenshot_-_iPad_Pro__U002812.9-inch_U0029__U00282nd_generation_U0029_-_2023-08-25_at_14.04.23.png/576x768bb.png', 'https://is1-ssl.mzstatic.com/image/thumb/PurpleSource116/v4/34/33/bf/3433bfc7-cbe3-cf39-850a-3ed0240a5b23/e21cd6a2-e762-4ef5-b52d-54626a7bd8cd_Simulator_Screenshot_-_iPad_Pro__U002812.9-inch_U0029__U00282nd_generation_U0029_-_2023-08-25_at_14.04.54.png/576x768bb.png', 'https://is1-ssl.mzstatic.com/image/thumb/PurpleSource116/v4/47/b7/d7/47b7d70f-580c-cc53-df52-96f11e92434e/16a88867-21f2-4110-b4a2-f8f4147b2df3_Simulator_Screenshot_-_iPad_Pro__U002812.9-inch_U0029__U00282nd_generation_U0029_-_2023-08-25_at_14.05.38.png/576x768bb.png', 'https://is1-ssl.mzstatic.com/image/thumb/Purple126/v4/38/55/5b/38555b94-d5a6-2e3b-72e1-a964ab3248c9/668df203-8206-4cf8-97a2-eaef14431566_Simulator_Screen_Shot_-_iPad_Pro__U002812.9-inch_U0029__U00282nd_generation_U0029_-_2020-09-06_at_13.04.30.png/576x768bb.png', 'https://is1-ssl.mzstatic.com/image/thumb/Purple126/v4/e3/f5/c7/e3f5c723-d509-560a-6d39-6af4577ea077/fc9b66fd-ccc0-4543-8507-73d533d0fa25_Simulator_Screen_Shot_-_iPad_Pro__U002812.9-inch_U0029__U00282nd_generation_U0029_-_2020-09-06_at_13.05.31.png/576x768bb.png']","[]","https://is1-ssl.mzstatic.com/image/thumb/Purple221/v4/94/27/8b/94278b35-c755-7dc7-7ae5-310f9dbc819b/AppIcon-0-0-1x_U007emarketing-0-8-0-0-85-220.png/512x512bb.jpg","1484783422.0","['CA', 'HR', 'NL', 'EN', 'JA']","","[]","{}","1092687276","https://apps.apple.com/br/app/micro-bit/id1092687276?uo=4","3.1.1","2025-02-13T19:50:29Z","2025-12-12 04:23:40","","","","","","","","","","","","","","","","","","","","","","","","","","","","",""
"App Store (Google Play)","app","bit","BIT","BIT Technologies Holding Company","2.9","0.0","0.0","","Finanças","","","","","","","https://play-lh.googleusercontent.com/eDy_yrWW2jF8kk9XGfH6dNLjT1gu1kUbFZoAC-bn-AnqjnhihI8Rh6KKFMDNAyzbbg","","","","","","com.matrixport.bit","","","","2025-12-12 04:23:40","0.0","100.000+","","","","","['https://play-lh.googleusercontent.com/xP_ySKeq2WHK4tflv1qzkH-bjIsnF9koBCjf2CAC4fdtjLlkUKFRml0zg_nlMbkW_gXCCUrQihmdyaKi6Y5oSA', 'https://play-lh.googleusercontent.com/vhArhXQjuGoQIc_rXDR73uuZBxyVcpY3USqxP1ppzF95N3d9cBIddU8F2Nv66c3iK_zBBYOSEbJZbj89qwz8Eg', 'https://play-lh.googleusercontent.com/_-unRGh623NH3qmWA6rvsUtsd_ihUQRMZraQdrbgmQ8VfGRysolcKxu3-AfYLCmHG135LTu2WslIdIkRRYht0Q', 'https://play-lh.googleusercontent.com/jY_j7PePXepWieS4F-S9xT8HS6L1Slu2LJfH78ZTM1CoeTTXSiSfkHvcidDgMsBJixKYDMZf5_GHugO_olZj', 'https://play-lh.googleusercontent.com/pCWrRXAeYetC6RWu9ktGc8bXs8QStluh-PANjaG6i53DVMvmbuVwiHkaYvZTzxTcQQ']","","","&quot;BIT é uma exchange de derivativos segura e de alto desempenho lançada pela Matrixport, uma empresa integrada de serviços financeiros e nome familiar em criptomoedas.<br><br>BIT oferece swaps perpétuos de criptomoedas e negociação de opções, atualmente disponíveis para BTC, ETH e BCH. Entre eles, a negociação de opções de Bitcoin Cash no BIT é a primeira desse tipo na indústria.&quot;","","","","","","{}","False","False","","[]","","","","","","","","",""
"App Store (Google Play)","app","bit","BitLife BR - Simulação de vida","Goodgame Studios","4.4","0.0","0.0","","Casuais","","","","","","","https://play-lh.googleusercontent.com/1wugfjTc8sKNc-vp2mP8RlbMmZdipDMWqpgJhtEk5akRkE_Pw8xcvvS2dz6kJmHHWek","","","","","","com.goodgamestudios.bitlife.br.portugues.simulacao.de.vida","","","","2025-12-12 04:23:40","0.0","10.000.000+","","","","","['https://play-lh.googleusercontent.com/5V9f4USvJe_TEoVKA-EGZ9muAmlS1tMUDULEYbU5_KA6H9FQzjqF6CEKFaaebIvH2YBz', 'https://play-lh.googleusercontent.com/2IQYnqxxsR2vXfzktqoXXDbiaw8sZUyzZW06bOk2Kad4J7_7ZN-W3aSpHk2xS7jV_ts', 'https://play-lh.googleusercontent.com/WfT4XH2-VAYzqKZ6cSAowEYvhc_d8hn3ke3iwDjKD0lHSx4J9TkPIygIn7qWEGhPi2U', 'https://play-lh.googleusercontent.com/PLRwKCrjB-YdanLJPA5jyJWCiCrMeuPZEffpajlEbKkRw7PWsSLHxQCexUDooQIU9f4', 'https://play-lh.googleusercontent.com/fL-Hw2YnnYz1ly_h_vrC-0eqdhs_rTA7cD6s11ruvJlpxz8GmkJXrHACY0ghNB1MQOSk', 'https://play-lh.googleusercontent.com/qZ47PIk6Wqc602kMLME5h5r4m0ssOVj5Q8EF32U6rZ2NJ72T2Og1J0DCqXmqzttmaTIo', 'https://play-lh.googleusercontent.com/_JCQOvOk_sEJwAeHm0Rs0jdhdBL2rpHJivSyRsxCAhOl6OLyKtFf4CEy46NN_BWjHVs', 'https://play-lh.googleusercontent.com/tqIAJXyzFv9pchuYppBRF_kdeNcIRfqjg8zLfUZkc5jHOQRbEqUWQDzqqbt64VF0sWs', 'https://play-lh.googleusercontent.com/AVe6dghV51FK7fY2oUDZzk6mvBAR66IXdAXxpw82CPh7tbxcoveaIqnu2dRtVa4Zjw', 'https://play-lh.googleusercontent.com/mfYxnb4CbO3sQlG1YOyD_VTzmiNe_YBC1w8RTR79dgXMyOdXuEpNRa9k8nlv-dR7Sg', 'https://play-lh.googleusercontent.com/8cth2z4ueR2ekKZH_xKTsHoKe4ynmXj2xIOlPWtUUS8KQo3ru0UdhrY1pvcdQ4fdtCE', 'https://play-lh.googleusercontent.com/ryZo0c86yLltMjIyhpnb6bxPB0PfuGpWaBIYQ4PxL6qwJz4gvmxpIougyIgCGQjdPA', 'https://play-lh.googleusercontent.com/gboWdkoNchq3Pw3rFl34w47CA6xt-1WuTpwg8IF1lxJpB9JZvAd3AqUcxnj4zmM7Pv6c', 'https://play-lh.googleusercontent.com/55S44BfaXHsxcXg5IhRLtzrBKDCle_5cPaYBzLcp-xYmewrDTg5lggEjfeCzR7pHbO0', 'https://play-lh.googleusercontent.com/CyyF3DPgO_Fs0BSzZs8WfT0nemiWepAblTtc41zVvoTIyA8zZNo2EfjYAZ3bVorKXg', 'https://play-lh.googleusercontent.com/CntTqEku3aTGoeTBH3A_fM0yHPmS71BLiFgYO1h6MmCNXmx_lKXOOTylrX_1gZdw9WrX']","https://www.youtube.com/embed/dQHTbHzItZQ?ps=play&vq=large&rel=0&autohide=1&showinfo=0","https://i.ytimg.com/vi/dQHTbHzItZQ/hqdefault.jpg","Como você vai viver sua BitLife?<br><br>Você tentará fazer todas as escolhas certas em uma tentativa de se tornar um cidadão modelo algum dia antes de morrer? Você poderia casar com o amor de sua vida, ter filhos, e receber uma boa educação ao longo do caminho.<br><br>Ou você vai fazer escolhas que horrorizam seus pais? Você poderia descer para uma vida de crime, apaixonar-se ou ir em aventuras, iniciar motins na prisão, contrabandear sacos de viagem e trair seu cônjuge. Você escolhe sua história...<br><br>Descubra como pouco a pouco as escolhas da vida podem se somar para determinar seu sucesso na vida o jogo.<br><br>Os jogos de histórias interativas já existem há anos. Mas este é o primeiro texto simulador de vida que realmente triturará e simulará a vida adulta!","","","","","","{}","False","False","","[]","","","","","","","","",""
"App Store (Google Play)","app","bit","bitchat","Verse Communication PBC","4.6","0.0","0.0","","Comunicação","","","","","","","https://play-lh.googleusercontent.com/t0RogNu6c7jBO1ZB1kazNueWC4RCwh1RzFwncNOcbCywFuu7yjcGOxNDBYS-DQE2KQVVBv_NjN3l_3MU5eqP","","","","","","com.bitchat.droid","","","","2025-12-12 04:23:40","0.0","500.000+","","","","","['https://play-lh.googleusercontent.com/AIbJSDkz0xAierAqVtQW5dfa9dLQjg3u0TW2xKXvKlAYcJFxrHqRMZKCpRvK6E4MJS_VNEGiQPdo_qTVGdGmuhU', 'https://play-lh.googleusercontent.com/Wjb2TBnkYL0vP2Dz6KKnPbBzZv5cyEGE9c7ZUHOQysfGSlRMjpjV9hgR4ETvvHJlFnn9Pav6s9C2lk3SZRUC2Q', 'https://play-lh.googleusercontent.com/NoK6dWEt7QthQ-mEzjlX9RqwQei5pbegqy0jQMYDmvWp_QU16Z3mVTCuPHDT06jD61cR39LbnJWk6r4PAUhB6sY', 'https://play-lh.googleusercontent.com/7inhEP7mNQL4pLbEfMHOYdssy__0t8RBO1S57xZ3sFHC5nkkOQFhr0Xd01y7HJdwCHKFD0skKWO7I5vXNwQa', 'https://play-lh.googleusercontent.com/japE33xNjMXsClwcHoaMt4EXPHr6x5Maa0UxEr3m2AcmZHsDwf77pKEGOlFG37a18Yhs06oLhqgn3LVvkRf0']","","","Um aplicativo de mensagens ponto a ponto descentralizado que funciona inteiramente em redes de malha Bluetooth. O Bitchat permite que você converse com qualquer pessoa próxima, mesmo quando a internet está bloqueada, sobrecarregada ou indisponível.<br><br>Sem registro, sem números de telefone, sem rastreamento, sem anúncios. Basta instalar e começar a conversar. Gratuito e de código aberto.<br><br>Junte-se a canais baseados em localização para conversar com pessoas em seu bairro, cidade, estado ou região. Você também pode deixar notas em qualquer local para quem passar por lá. Fique conectado em qualquer lugar, nos seus termos.","","","","","","{}","False","False","","[]","","","","","","","","",""
"App Store (Google Play)","app","bit","bit Dungeon","Kinto Games LLC","4.6","0.0","3.09","","RPG","","","","","","","https://play-lh.googleusercontent.com/Wp19KRqA7s5ZC_2HKQ5DeThAZSSW4VxoIizSpG9wr1QYeUy2jlKr33qykh-UNEm1hH4","","","","","","air.bitDungeon","","","","2025-12-12 04:23:40","0.0","10.000+","","","","","['https://play-lh.googleusercontent.com/dhkVaPyPkT_8CE432y8RCCdMQVpB4b7lQqvf-4D2KDwBYVMSycM3vRb3QROTTtjej0E', 'https://play-lh.googleusercontent.com/oHvHAuN18dia7OWf13crTcFwRwy0qnWrMtyQ9RYN8OfspjZ6r3kCNXvRLJZCn4LwxPA', 'https://play-lh.googleusercontent.com/C-UW4BaOjbBdVnUHdjgquB9MPNdSaG-G9_u1eIyoO4IbYvy3-NjIWQJW-eu_eDigCw', 'https://play-lh.googleusercontent.com/qAOlxSoqT9lsTDyLw3Y0ckVzlti8yfp21k2fhUt5cuRU6xMgYWGBlczZse2_W3l71Dw', 'https://play-lh.googleusercontent.com/Eachjc1Tsn3XfcVl3Hq9JLYhs6uQvm6v9P5m5xRTIPLrgWsEWNbR8CKO8zEhuhBQnTQ', 'https://play-lh.googleusercontent.com/LDsvz1TigJAESNaHsKdQSW4nnDlK3th8yM9JWwNBYuRtWbYVfThu5h-C0HQg7DPncA', 'https://play-lh.googleusercontent.com/4C4ldNnY373D4UIOG5sBm9VEjgiB5h9v17MlMmIV_uk78cEXzHJI99eummIzf0M4XDZl', 'https://play-lh.googleusercontent.com/qwZpDY_UDTSuQzrTj0z92cGyqMxGxeVyeFBWn97tR-mpl2ChZkG67gF6vxmOn2lBfIw', 'https://play-lh.googleusercontent.com/rxb2oy52QKK9ih4pbBZxzRxo9pDnVRMSOvkxYq0jZwE3kHw9E5vT0XGo1Iky-ztSNtGx', 'https://play-lh.googleusercontent.com/g4O7saw30adin90lp1AxT0AlQoVBFFuONufUkcprAinp4S7pKQz3n3p8rA975u1c4w', 'https://play-lh.googleusercontent.com/O7KWeeLiVE4gVsINikeiWOCKW96jQA30ddZPfuX-Xa63YRB3TNS8GUytAL8oOUnlbr0', 'https://play-lh.googleusercontent.com/phYh5JzJbk1lCiizZyFT_GbkU5ToAz3ROnC-rnGt0VqhwsJl5oU6M-w5E1LQGUUj22s', 'https://play-lh.googleusercontent.com/RdqLj5hO_-q3QeMd6rHqkzQAhNg7NbtZGDyGubwROHxzE6Xsa-HsQ8PKNnbezGNh1TI']","https://www.youtube.com/embed/Bq-dwfYw2AI?ps=play&vq=large&rel=0&autohide=1&showinfo=0","https://i.ytimg.com/vi/Bq-dwfYw2AI/hqdefault.jpg","&quot;It&#39;s a smartly and elegantly designed game that&#39;s not afraid to permakill you&quot; --IndieGames.com<br><br>&quot;The distilled essence of every 8-bit action role-playing game ever. Love it.&quot; --Kotaku<br><br>&quot;Bit Dungeon brings together The Legend of Zelda’s top-down dungeon stomping, Diablo’s loot lust, and the unforgiving difficulty of roguelikes within a slick retro-style quest.&quot; --Mac|Life<br><br>&quot;It’s great fun, made even more entertaining by the retro visuals that bring to mind classics like The Legend of Zelda on NES.&quot; --Game Trailers<br><br>√ As featured in TegraZone! <br>√ Play it on NVIDIA SHIELD!<br>√ 16-bit Graphics<br>√ 8-bit music from STRESS_TN http://chiptunerush.com/bit-dungeon/<br><br>You and your wife were captured by demons...<br> <br>You wake up what seems like hours, maybe even days later trapped in a prison cell, and your wife is missing.  You find a sword in your cell and vow revenge against the beasts who took your wife - the quest to find your wife and destroy the demons begins!<br> <br>bit Dungeon combines the randomized loot of Diablo and fast action combat of Zelda. Explore randomized dungeons and hack and slash your way through dangerous bosses. The difficultly increases as you become stronger and stronger. Build your character how you want with deadly passive abilities.<br> <br>Just like the classic quarter crunchers of old, if you die you lose everything and start all over.  Can you make it to the end and save the day?<br><br>•If you die you lose all items and start over.<br><br>•Extra Life: at Level 4 you receive a Soul after the boss instead of more magic. When you die this soul gives you a second chance.<br><br>Nvidia Shield Controls:<br><br>•“Left Analog Stick” to control the character. <br><br>•Hold down the “A&quot; Button to charge up and use a STUN ATTACK.<br><br>•Once CHARGED your next attack will be a POWER ATTACK dealing the total [Attack Damage+Critical Damage+Armor]<br><br>•Hold down the “A&quot; Button to BLOCK any attack.<br><br><br>Touch Screen Controls:<br><br>•“Touch” to control the character. <br><br>•Hold down “Touch” to charge up and use a STUN ATTACK.<br><br>•Once CHARGED your next attack will be a POWER ATTACK dealing the total [Attack Damage+Critical Damage+Armor]<br><br>•Hold Down “Touch” to BLOCK any attack.<br><br><br>*Stats*<br>LifeRegen – Regens life slowly over time.<br>LifeSteal – Steals life and heals you per hit.<br>DeathStrike – Chance to instant kill normal enemies.<br>Chop – Chance to take off 25% of total life in one hit.<br>Cleave – Chance to do &quot;Double&quot; attack Damage.<br>Proc – Chance to shoot a magic bolt on hit.<br>Crit – Chance to do a Critical hit (Critical Damage3).<br>Defend – Chance to block all enemy Damage on hit.<br>RunSpeed – the movement speed of your character.<br><br>Attack Damage – Normal hit Damage.<br>Critical Damage – Critical hit Damage.<br>Armor – Reduces Damage by a percent.<br>Life – Increases max life.<br><br>*Note: If it seems your device resolutions isn&#39;t supported e-mail kintogames@gmail.com I will support that device with an update*<br><br><br>facebook.com/KintoGames","","","","","","{}","False","False","","[]","","","","","","","","",""
"App Store (Google Play)","app","bit","bit Dungeon II","Kinto Games LLC","4.1","0.0","3.29","","RPG","","","","","","","https://play-lh.googleusercontent.com/e1YF1T8lBlGr1InL25CPEn_eUeUk69lfcYiHL2XIsD867GaeVMrPXJxYzxchBvgtArXM","","","","","","air.com.kintogames.bitDungeonIII","","","","2025-12-12 04:23:40","0.0","10.000+","","","","","['https://play-lh.googleusercontent.com/OlFAKjqBvVdDRGR5hQtXyHdKw_D9CeLoLzrGqvtjHKQ4eHbY92VJoXaZUASy8ySz9Q', 'https://play-lh.googleusercontent.com/ysPSDyKeYxcCNAXEVzn7EpEhDCyCgw-JBqAdBaUHDUK2RHeKCAW0qYZ_YuuOqEBRP74', 'https://play-lh.googleusercontent.com/Mhb9pQ6J6hXFlkjNIzMGwrsLkziDw1TJ_jjlHO18ymLeHct2KwyJx7m1DXhdHUpKLsAi', 'https://play-lh.googleusercontent.com/_j1DXg0aXIfBoj5f-rBQ670moSpIJPiJ2Xp5vlk8GADHeaPTpYvV_824VOjcnkq_pVBQ', 'https://play-lh.googleusercontent.com/LSeheyrdpbLpf-rLaNNte6YcUKYYnXnFzlPf0cONTvIguL_hWGlqPXBt00ZpkBOcOg4', 'https://play-lh.googleusercontent.com/RQQBHvsfbFHjrtl8CHl8BnVQjVZsth2ouZABC2xw7ZEavsWsb6N0GhPZHpqx7MfFng', 'https://play-lh.googleusercontent.com/S8s4WskGmoK0320s5Tg6XHs7wLskxOw7dtgfFMFjX_VzSbszP42Uva_tPT2T2CkCoQ', 'https://play-lh.googleusercontent.com/HejbZ-PCuQy2uN3BgHPdJ1BRD4hA1OjmGa61BWklRVcswJrVzgKfQiLpDwxzjxvPSg', 'https://play-lh.googleusercontent.com/S-Q0F6jKx2eYoF3-atG7B6cId1wMpAl_EZS8jglf-2QhehMly_x76Q3c6wJXN_iHWE7E', 'https://play-lh.googleusercontent.com/tB7jFp5JsjqwOZkAhytuuMZCkbM8SaAfF7wY0S-7PV_QI7HXNBhhsqCPkCcpIlvyjJ4', 'https://play-lh.googleusercontent.com/6d0jMvMYnOAwiaqvm9lI-jzWpS35I2i4RbD0tD5QulpS7p84MEAtjo_RdspBrDjPEOc', 'https://play-lh.googleusercontent.com/rFqr5uVqE-Cy1mwS5lrvIU0XJeXyiucA4YZj3oMMarQGZ_7HBUWttdlEXfKRrGFjrDQ', 'https://play-lh.googleusercontent.com/o-m_E0r4vaNQZuqvMB3ldU6ZK1YD5m2bUXZ8Gt_5NhQNTRXanIbEfwDZB4vFtI1bJmE']","https://www.youtube.com/embed/7fyZFH_-n-Y?ps=play&vq=large&rel=0&autohide=1&showinfo=0","https://i.ytimg.com/vi/7fyZFH_-n-Y/hqdefault.jpg","bit Dungeon II is fast action roguelike game with a giant overworld to explore. <br><br>You are a spirit in an undead world of demons. Your &quot;loved one&#39;s &quot; grave has been desecrated. Fight through these corrupted lands, and bring peace to her soul. <br><br>The dungeons are randomly placed in the overworld, changing your experience each play through. <br><br>Features: <br>Permadeath You get one soul, and only once chance to retrieve it when you die. <br>Each weapon type has a unique power attack including ranged, and magic weapons. <br>Level up based on which weapon you use. <br>Randomly generated items. <br>Giant difficult dungeon bosses. <br>Enemies with disgusting faces. <br>Original Chip Bit music by Stress_tn. <br>Once you beat the game it starts over, play forever, become stronger then... a god.","","","","","","{}","False","False","","[]","","","","","","","","",""
"App Store (Google Play)","app","bit","Bit Electronics Pro","Bit Electronics","4.8","0.0","0.0","","Negócios","","","","","","","https://play-lh.googleusercontent.com/LjFZ2lKsZHiwzxxNFTqzD0DPIvlFB8E6GDpg1O5qIBAzwPTO5XlxO4sBegoIOyFQmCHu","","","","","","br.com.bit.electronics.app","","","","2025-12-12 04:23:40","0.0","1.000+","","","","","['https://play-lh.googleusercontent.com/Lm4IRrLy3k3bvT13GHk5tKy-pTbh6cOTKK0ERbzHEqbzI6ZLxBGbBVSp790qiQRq7Pc', 'https://play-lh.googleusercontent.com/0Zpe8Knig6uAvGrI9wmiSA1jvyvcg0rGwZzTLbjJ_8ClHM6g4JvxPmbEXk2a3OIXQXz5', 'https://play-lh.googleusercontent.com/eX_mbtWogf-j1jy-FrY5Aiflao1WNtu6b5THxH_PP44Iwv1L3gYmBe0fDIkb3IV8tJY', 'https://play-lh.googleusercontent.com/KKQTmDJHRwAQmK_k7GPALqlzBJ1nAk-q01to3VzG30sUOcYPEOBg6TpfwW3soDfwX9Y', 'https://play-lh.googleusercontent.com/1GmgvveVsyYGrATtvZ3BQCsrglDLhRMMhuUtPhLDkBLH7vFFZxVYVdlr46k7BHHE3Ig']","","","Com o novo App da Bit Electronics, você consegue fazer uma análise completa do sinal de celular que está recebendo, conseguindo verificar a faixa de frequência, a intensidade do sinal (em dBm) e muito mais.<br><br>Em nosso App, você também pode:<br>- Solicitar estudo de viabilidade grátis para instalação de repetidor de sinal de celular;<br>- Solicitar manutenção de algum equipamento da Bit Electronics;<br>- Solicitar suporte com nossos técnicos;<br>- Conseguir coordenadas geográficas (latitude e longitude) sem precisar estar conectado à internet;<br>- Visualizar a localização no mapa da torre de operadora mais próxima que o aparelho está recebendo sinal;<br>- Visualizar a localização estimada da torre que está recebendo o sinal com coordenadas geográficas;<br>- Acesso a vídeos de suporte;<br>- Acessar notícias e conteúdos da área de telecom;<br>- Bússola com azimute.","","","","","","{}","False","False","","[]","","","","","","","","",""
"App Store (Google Play)","app","bit","Bit.plus","IP wBTCb solutions, s.r.o.","","0.0","0.0","","Finanças","","","","","","","https://play-lh.googleusercontent.com/Y06w51c-PbFb8rEqipbRO9daxt4PB1ZetDo71sHfKIRKrlVJ8T9m87pKSMQe5WqPXQ","","","","","","com.wbtcb.bitstock","","","","2025-12-12 04:23:40","0.0","10.000+","","","","","['https://play-lh.googleusercontent.com/wW1JCDhMb-PPSELCPcla3IaLicgTaqmt_v3xWlyUWRF1G3angfKFxYbPvLw8atvpu6rR', 'https://play-lh.googleusercontent.com/qvkqXiMXtmtMxIVAh3kUsgLOgJGaz0URmC4jj8f6y1vwiyN3qVQsBzlTiiW8fGu-lTKs', 'https://play-lh.googleusercontent.com/Y00KhdZru7G7N28sk0QqJHsLbgle2GF20RgI8WnJjuK9K39sI9WqqUXElJWNvbf__Pw', 'https://play-lh.googleusercontent.com/b-vFFiBWWAG60ccyehZbempiEhnBptWvxxuEnI1fLt3ajzEu5dfL7bIqhCiDLtz-vu8', 'https://play-lh.googleusercontent.com/KHDBuidCf4uZNSyFs40oD2NYJI4Vzq9F-upjcBTiqow3xn1gyPBYhKXdy-T8VtGLO-I', 'https://play-lh.googleusercontent.com/VZUE0VHMHaklrFFYfpgxCp9KtqwfHnWKTnPWPbzVB-UVnTeW3xsACZJwbDzM_o7kaY8']","","","Bit.plus is a very intuitive app to buy/sell and manage your Bitcoins, Gold and Ethereum. It offers a very simple and safe way to receive, send and trade cryptocurrency and Gold instantly. It features:<br>- Biometrics login<br>- Chart of BTC / Gold / ETH and your portfolio<br>- Interaction with Bitcoin / Gold ATMs<br>- Multiple types of notifications<br><br>Besides our online support, we will gladly welcome you to our Client Center in Prague, where we can help you understand Bitcoin and Gold or just chat about it.","","","","","","{}","False","False","","[]","","","","","","","","",""
"App Store (Google Play)","app","bit","Bit Topics","BIT Tecnologia","5.0","0.0","0.0","","Saúde e fitness","","","","","","","https://play-lh.googleusercontent.com/W4Ulf65SyLupAco9IjUyuslyvQpdxti9cz0VpuWqNCPsQ1LxipJKOuK6VVQZOLQ__zkC","","","","","","br.com.bittopics.app","","","","2025-12-12 04:23:40","0.0","500+","","","","","['https://play-lh.googleusercontent.com/i4vK8Kyt-ncyR4kgx7BMQcGml99WqcH9zYAzrwIgvgvWYScXFdaNclb-MI9Tp0pgEQui', 'https://play-lh.googleusercontent.com/zG1F1J-OkNKj2UStt5qMdB4uU5L_FgvOyU4TG-qqHhfI8rgBsWxRvmvn1wS-tVVZDw', 'https://play-lh.googleusercontent.com/_lzcF1MhVlsWApD_Sgl91vklfjxoEDBk4TsCP5k19rn2AB8ZsdTqF1RDLX8M1TaNLY8', 'https://play-lh.googleusercontent.com/P0eDo7KTQAOqa3USg3jArhEN0bU3Eazh4EjZLpgu8hHZ1Inq-JrwL0haLwjW7Vk7eko', 'https://play-lh.googleusercontent.com/p8o0B2k8F24rIsOL2N8sk6KYWUzXcJQ25V4Dk8b22g7I8cBS0ZSCC57Cg2G9UZYm6A', 'https://play-lh.googleusercontent.com/4bljNXDzn9oAKdM3OHNSkmmHacCF2MRa1TqNZjuRT8Q0oocZJjo-z8A2UTQpkvOJpQ', 'https://play-lh.googleusercontent.com/X49BEDzQxdtICEh-jBxNDO18DG1zJCMwBje9zA8CAs9pW847rYf306WdwGD3ioFiP_U', 'https://play-lh.googleusercontent.com/BjA7hRaqhz_ddC0bnw2gM4uuwSVFlkjnbHtLKvhC2o1bdkha8AyMCd7BOaYMLTbrFA', 'https://play-lh.googleusercontent.com/gnh6msRT60xg9zMcNd2UNVbBfD_NYXRuFad5KpnGxH5TUWpZZh39OgK6zndz3oRZwoY', 'https://play-lh.googleusercontent.com/IRUJtTH9JoPRlOSyran5avzSN3Uw6LN-a2nNnvnpbwL6v-XEcc_ZrzpqlSt5IS1sDMI']","","","Reunimos grandes profissionais da área da saúde e bem-estar para trazer as melhores informações e guiar nossos usuários para uma vida mais saudável e equilibrada.<br>Nutrição<br>As melhores dicas nutricionais para se criar uma melhor relação com os alimentos, e viver uma vida com mais energia e vitalidade.<br>Medicina<br>Informações confiáveis e simples que permitem que qualquer pessoa possa cuidar melhor de si mesmo e alcançar uma vida mais saudável.<br>Atividade Física<br>As melhores informações para quem tem a atividade física como estilo de vida e para quem busca viver uma vida mais ativa e saudável.<br>Mente<br>Conteúdos para manter a fortalecer a saúde mental e cultivar uma mente equilibrada e positiva, o que se reflete em todas as áreas da vida.<br>Família<br>Informações e dicas para promover o bem-estar de todos, atuar na prevenção de doenças e cuidar da saúde de toda a família.","","","","","","{}","False","False","","[]","","","","","","","","",""
"App Store (Google Play)","app","bit","BIT.EU: Trade Crypto Futures","Bit.Eu","","0.0","0.0","","Finanças","","","","","","","https://play-lh.googleusercontent.com/-b3qHHR3Vyix4fWsKPuCt71KzEP1ZXXgx_JeOLuyAAQU6Crij_aGrdyjwY7qteREp93oofHoDcKjWA_Ni6MBDQ","","","","","","com.combiteu","","","","2025-12-12 04:23:40","0.0","50.000+","","","","","['https://play-lh.googleusercontent.com/L3HR0jDUUG8O5DVZZr7VfaCD4l1pJNKMe1MzQYkpUGhW74qzfezf3xv4IvB5-b2euw', 'https://play-lh.googleusercontent.com/pl98FP0cZOQUBx4G4o17U3iexKKPclVc3XQpeePJJQgDFaYkPHea-H3w8MdyjQI2Ew', 'https://play-lh.googleusercontent.com/vPGD-2u4dXkiTU4w1YQtgFeFg1sraKVfiY1OKf1G3CFCmqiTnq6dCyTlaKMEXpQSL9c', 'https://play-lh.googleusercontent.com/cHnoDpO7VnWcLParqINCNLSEH4APSgXIsRjVr-ET-NIUmdyKMQW3rl2djSpm1iJtpwU', 'https://play-lh.googleusercontent.com/4rgNTg3V-F91OM_T2APdy-ldjcftEZ0aBtUfUWqpuwBE3J9EWtcwSv67dB7sGc3pkvg', 'https://play-lh.googleusercontent.com/AiW0bxQxHXtfMdbz4jYnt_qNdRwo-lgi-tI1IB7-QTIUHHidEg5qqwlbrrHN-cz1avVp', 'https://play-lh.googleusercontent.com/9kJgxQC4DkIvsfoxU5NoMtvCcCbJVek-H9U12-tX1fJbIF0Nemrmg7wSj2Rbv-VZssA', 'https://play-lh.googleusercontent.com/tXw0PTam7grv3ura2f1DEe2cHHMrd0Dv_MIktS_6z8sm2zEgpLEJFhXvT6NJ2j7Npg', 'https://play-lh.googleusercontent.com/qKEBIUNZN7w0y4d6zvYp81jj7DtAbEWjSCwfKhVPzCNH6Mzdjqjt8-TTPFwt4fxZAKdk', 'https://play-lh.googleusercontent.com/pONLQ7wDNdhgrTXDU2wtKvfEDmELGV1NhI4iSk27-baN1z1oa22lqbfuXwHjyUpb5w3m', 'https://play-lh.googleusercontent.com/qmgXtHksqCZQ6HpDm0gNvxe7uVJKhtOoetgLjymizoIYOgmE3Wx65ayiBqsGhRhSSB2E', 'https://play-lh.googleusercontent.com/2cRe-UrrPOnbClDOvHUESJNTw2DX8nGaMUBmpSC-XufGrHRmTtYxFnPTpoHq3Nv0QTU1', 'https://play-lh.googleusercontent.com/au0rOSZjl1UiO6VBdRA0pqGF-Y2TJS-oh4CEtzCOytJrusTIg-WiUliPljh6T1zDUXPV', 'https://play-lh.googleusercontent.com/zRv9P46NsvsoxSDE8shbPlBEk8SsmHVd-JoxkE7fZwwRnMOU6r5c_lSzvOmb_dD0pg', 'https://play-lh.googleusercontent.com/Qza0F-Qhg_0HDJODgASzOHmHaOyAsIf_VpURXR3rNiRodygdKeOFx1X01Nx_5Hb62Wwb', 'https://play-lh.googleusercontent.com/yC8WSpvmTV54JHVa1C0mqbZ8IufDqt8hVvzYbQt2rdenC_ElBVpipw-LP50qafqKyA', 'https://play-lh.googleusercontent.com/MmLK2YUB37JKG3qkmzJdPif1w8P2QvahxlHqdGG6dfwBVjhAxl-YdCdoQeYVEs28s6E', 'https://play-lh.googleusercontent.com/qOAVxKUjgS2pGmoVCYG5YoINOVGPxT4xO5WjiZCBUTnKWTFMYQsn9o4a9zxzbCN5Yw', 'https://play-lh.googleusercontent.com/cl_vJE4b-W4V2-fqtQg4qXxYfqu-aAAacHrWZOmU91nXbLhrnZcjDW88plAsRRciIAdT', 'https://play-lh.googleusercontent.com/8NHNnLqBadEJmIiIJou3F4Yk_NNdHVDk1b_6pBcO5zEE0ybsGrN5M1x_aWhh1lYMmg', 'https://play-lh.googleusercontent.com/4aUJes8tXzNVnrwoibUbUoybLtUiwn-Tc_p-ZvogrT-uTnscrx0CH3_j0LT9bca68hA']","","","COPY BTC/ETH Traders - Best Automated Solution for Daily Profits - Click to Copy. 100X Futures - Quick Trades !<br><br>BUY / Trade Crypto Coins with any Fiat - +300 Coin - Instant Deposit / Withdrawal - Futures - Currency Exchange - Any Coin.<br><br>Most trusted crypto exchange platform - 2FA, Full KYC, Security features. Instant USDT, Bitcoin. Quick Withdraw. <br><br>Why is BIT.EU - Best Crypto Trading App? Most trusted cryptocurrency coins exchange apps buy Bitcoin (BTC), Ethereum (ETH), Ripple XRP, Tether USDT, Wall Street Memes (WSM), Dogecoin (DOGE), Shiba Inu (SHIB).<br><br>Trade +350 cryptocurrency coins at best prices, highly liquid  Bitcoin, SOL, MATIC &amp; others.<br><br>Buy coins any fiat  JPY, SAR, PHP, CYN, IDR, MYR, INR, USD, EUR, GBP...<br> Simple option - Trade Crypto options quickly high returns Crypto Markets.<br> Earn program - Coins staking is now available - Crypto Finance.<br> Spot Trading - Convert any Crypto +300 Crypto Coins like BTC, SHIB, DOT. <br><br>Start your journey by effortlessly purchasing popular cryptocurrencies like Bitcoin (BTC), Ether (ETH), Chainlink (LINK), Cardano (ADA), Solana (SOL), Polkadot (DOT), Tether (USDT) directly BIT.EU app. Enjoy seamless access a wide range Spot, Derivatives trading pairs using fiat or cryptocurrency. Explore various Perpetuall Futures contracts, including BTCUSDT, ETHUSDT, LINKUSDT, ADAUSDT, SOLUSDT, DOTUSDT.<br><br>Benefits Using Trading Crypto Coins:<br><br>Best-in-class security features like 2FA , an in-app passcode for secured crypto investments.<br>Super fast &amp; robust KYC verification system that processes your KYC within just a few minutes signing up.<br><br>BIT.EU 24/7 customer support provides instant assistance for a worry-free crypto trading experience.<br> Crypto Coins Trade app can handle millions transactions at lightning speed. System infrastructure can scale up in just a few seconds - match surging demands crypto-verse.<br><br>Effortlessly Deposit, Transfer, Receive Multiple Crypto:<br>Easily transfer various compatible cryptocurrencies such as BTC, LINK, ADA, SOL, DOT, XRP, MNT, WLD, AVAX, MEME, USDC, more across different wallet addresses. <br><br>Crypto Coins - tokens that can be Traded on BIT.EU Marketplace:<br><br> Large Cap Cryptos: Bitcoin (BTC), Ethereum (ETH), Solana (SOL)<br> MemeCoins: Dogecoin (DOGE), Shiba Inu (SHIB), Floki Inu (FLOKI)<br> DeFi Tokens: Pancake Swap, Lida DAO (LDO), Compound (COMP)<br> NFT Tokens: Chiliz (CHZ), STEPN (GMT)<br> Metaverse Tokens: Axie Infinity (AXS), Decentraland (MANA)<br> Altcoins: Cardano (ADA), Bitgert (BRISE)<br> Stablecoins: Pax Gold (PAXG), Tether (USDT)<br><br><br>BIT.EU  a trusted, secure, compliant crypto exchange that makes crypto trading more straightforward, accessible to you. It offers more than 450 crypto trading pairs on coins platform, which has highest compared to any other platform in Asia.<br><br>So, if you are a seasoned professional or a newbie, BIT.EU best crypto coins Trade app for you. Join our Bitcoin community, start your crypto coins journey today!<br><br>Our coins app Official Partner  BitGet , Better than Binance, OKX, COINDCX, BINANCE, COINDCX, BYbit, bybit, Binance, OKX, Bitcoin. Bitcoin, BTC, ETH, USDT, USDT. ETH, BTC. BITCOIN, Crypto, BYbit, Solana, Ethereum, USDT, SHIBA,  Crypto , Cryptocurrency, Crypto , Bitcoin, Copy Trader , Trading Crypto Coins.","","","","","","{}","False","False","","[]","","","","","","","","",""
"App Store (Google Play)","app","bit","Bit Heroes Quest: RPG em Pixel","Kongregate","4.3","0.0","0.0","","RPG","","","","","","","https://play-lh.googleusercontent.com/YWKlt0hkMEtlyPvyvor4470KKzivPibKduAQKB8XkyzjR7j2eha_gXJp_ONvphFceLY","","","","","","com.kongregate.mobile.bitheroes.google","","","","2025-12-12 04:23:40","0.0","5.000.000+","","","","","['https://play-lh.googleusercontent.com/gH-9nMAiATNh4KMowsibgmNdipdUWj9gcI5t6bkz2ljSkzCV8gJLg9ZWkzK2NjMc6w', 'https://play-lh.googleusercontent.com/TuomsepIBcRshrottGk8b8-bf3g6GmqstDm7UZOpQBvKHXeiBRz0HHnl9TxRS6xeAsc', 'https://play-lh.googleusercontent.com/0S8t-Tp2XDpOK6KeuhxWSKJjxlEqmRvoBSu1wWdlOFET_8x69LbXkLJVnc7DTAw9YA', 'https://play-lh.googleusercontent.com/sUnsYqXoGIgo6fKdswsbqbEVlTmf4iDbbh269Jk6vsk8dhCGGdCSWobHWccjX20Nd7vQ', 'https://play-lh.googleusercontent.com/rX_3yBDgZG4RlQH4KlF7UtBvlhdBfbpGpY6yKYZdzcdtmiD_cMOQvxUXLScV-KzKFrU', 'https://play-lh.googleusercontent.com/cGGcHbVVAuWSWqVBty-BbIyJmF5c9KyY-2YvHv_tALGlLNxe6ZgOSO5ZvHDpNtXGerBk', 'https://play-lh.googleusercontent.com/xXESdvDVssTrpdw36GRFsu_uYwCYG1er8ed6uNSU-U_hpGD2giv51ZlY2kVKzZHphhU', 'https://play-lh.googleusercontent.com/OEzbALHjOUXgH5qiSxSeiX1lijQ2HoO_OEeAJ8Rauf6qD15utlH0WSJlqfoj6bQo2iFx', 'https://play-lh.googleusercontent.com/3AqVg4JXJDY9Mc5bZBcnYN5zoTQzNTAL7OjkEMCCsYqOdjgS2KAkT6-riqmOvXJ0vQ8', 'https://play-lh.googleusercontent.com/rup10Ig8Oe8GaoO3gcf053X4gTk8ZVrnWkJxgouGyKpBW7H1NKZ-0_laWehpVeb1X1s', 'https://play-lh.googleusercontent.com/vikb40YTIYEc1DEVFH18mL_elq5GWMSSlYd6pdFPWLJ0V_1IjJetJacQv2e7cRpeiA', 'https://play-lh.googleusercontent.com/4XRpbsMXlWXTDe6CGAHwtBwgyK5s8luJr1wC9VDr5NG37cpq5peyoDnickC0KJx5494', 'https://play-lh.googleusercontent.com/_XFR3zz8cx7XMrGf_p9xurXHvc78u1uITLzkYWVoH-o6zkiCY5n69MKgWFcP6KlcQjw', 'https://play-lh.googleusercontent.com/vCQhc2I9TdcD1Essup9w7xDn8u5zCw5u-Km4IOnXNfP4UbzR-gapwbgikbhtPO2ggA', 'https://play-lh.googleusercontent.com/C0i5KSjePhxG4D4yeCKkUAhU5VJb5WDnxtZBgMkzzIlKUW9w-aOW0B9-393rJ-RVYw', 'https://play-lh.googleusercontent.com/ilZSJUIh1nXdk1TjAOPPhofLSwPhW4ZUE6MveajdJelO22raHJ6vcEKOvC_2VJphJCec', 'https://play-lh.googleusercontent.com/0LtDeyKYV92R0tA5CFuH-pxcPuCIc4Ozbf5_m1yuqRCwD2EVUU88I35Mhj58o1XLyqY', 'https://play-lh.googleusercontent.com/AvOh7wiM1nsYBL2n8MfF1MYOw_xLO8-Y1T8Zd8htor-a39RhyJ112AS7QImubuQjE6t_', 'https://play-lh.googleusercontent.com/10IwblpZ19J2SsYZo3tsBIPq1huhpngG8ltApt6j2v2v-sHFzBgEWfdHpZkGMh7N_SY']","https://www.youtube.com/embed/Tu21FRFujqQ?ps=play&vq=large&rel=0&autohide=1&showinfo=0","https://i.ytimg.com/vi/Tu21FRFujqQ/hqdefault.jpg","Bit Heroes Quest: RPG em Pixels captura o charme e a nostalgia dos seus RPGs favoritos!<br> <br> Explore e lute ao longo da sua jornada por um vasto mundo aberto, inspirado nos seus heróis e monstros favoritos em 8 e 16 bits.<br> <br> Colete e crie com infinitas peças de saque obtidas nas masmorras para aumentar seu poder. Capture monstros e heróis para lutarem ao seu lado no clássico combate por turnos. Prove que está entre os mais poderosos heróis e arrase na arena JvJ, conclua incursões em masmorras e crie a melhor guilda para marchar ao seu lado!<br> <br> Principais características:<br> *Aventura retrô em pixels em estilo dungeon crawler!<br> *Uma estátua na cidade principal do jogador na liderança do JvJ global!<br> *Fases, masmorras e incursões geradas aleatoriamente.<br> *Milhares de combinações de peças de saque para melhorar, criar e reciclar.<br> *Capture e evolua centenas de criaturas, monstros e chefes poderosos para lutarem ao seu lado!<br> *Equipe mascotes fantásticos, incluindo uma pizza flutuante, unicórnios mirins e muito mais!<br> *Chame os amigos ou a guilda para encarar masmorras ultradifíceis e encontrar grandes tesouros!<br> *Suba o nível da sua guilda para desbloquear uma loja especial com bônus poderosos.<br> *Compartilhe histórias e estratégias nos Bate-papos Global e da Guilda.<br> *Trilha sonora original em chiptune que mais parece ter saído direto de uma fita de Nintendo!<br> <br> Tem novo conteúdo chegando a Bit Heroes Quest neste inverno!<br> *Masmorras pixeladas inéditas com novos conjuntos de armadura, itens míticos, familiares e fusões para explorar.<br> *Lute contra os Olympians para poder participar de uma nova incursão e estragar a festa de Uzum!<br> <br> Conquistas disponíveis!<br> *Celebre suas vitórias e seus grandes achados com uma recompensa especial para cada conquista obtida!<br> <br> OBSERVAÇÃO: Bit Heroes Quest: RPG em Pixels é gratuito, mas você pode comprar alguns itens extras com dinheiro de verdade. Se preferir, pode desativar as compras no aplicativo nas configurações do seu dispositivo.<br> <br> É necessário ter uma conexão de rede para jogar.","","","","","","{}","False","False","","[]","","","","","","","","",""
"App Store (Google Play)","app","bit","Bit Blazor UI Demo","Bit Platform","","0.0","0.0","","Ferramentas","","","","","","","https://play-lh.googleusercontent.com/qiym4Ps2WrLYJwXnlxi5GK_9WSzuJhiQV98nEcOh7hxINvwPr1qBvl-bNgIv7XmxsZk","","","","","","com.bitplatform.BlazorUI.Demo","","","","2025-12-12 04:23:40","0.0","500+","","","","","['https://play-lh.googleusercontent.com/-gBDMaVWKxlFv-feWf41okde8L7_PWUYRb9dKAtCHICGEwd0XzxoJ2wnoOCY7HM1DQ', 'https://play-lh.googleusercontent.com/cZTzMPYxFrvu8pV7yz-07epX-mLftwlmOhWATQNVyOFLfdni9trSE6aIAFULdw4l-TDp', 'https://play-lh.googleusercontent.com/zfeWD7VHth4Ux8mS1L1_59stUlCKiVR_IdgDZEyYPuIpaaEwRKH8JUx-Eoh2eV3-3w', 'https://play-lh.googleusercontent.com/JH_2PaxwERGt4xsIkW6xhBa2SBniifVmbpKn7LikIh0rY_Gu8bi1jbKNGEslLz4yZDo', 'https://play-lh.googleusercontent.com/WVHnujC2ZJBJdnYBQy1GcDsTpH7SWt5R_yyOcXq68xDBCJO90_Rp2JNu4DfsHhqRXQ0', 'https://play-lh.googleusercontent.com/DdMJnhJFUQBjanVGKDPx7xFUWQbQi6Az-VZty5TTMDRVxKBtCTvlmbnDmYhGJ7g7BA', 'https://play-lh.googleusercontent.com/yEKzc5TMC9IA-sytkFsYKrfC6F0evqqtdAD6dFn893OCf6Ikut53FKABSu-8QEEToDek', 'https://play-lh.googleusercontent.com/NcA-jScQI_innYTH1c8BbJbV0ZPMH8alvTpibgv81PSq5NnuVn6AK9dVnkzraF9VQA', 'https://play-lh.googleusercontent.com/e4KFvT8BOofJjf1xaF7I-KvMgCNbRDZLJXtA_qjaEZUVsp3XQjidQZ8nofpwe04bHw', 'https://play-lh.googleusercontent.com/yzyYDuSiw07xwPIHz1Ulwl16muA7vZYbMbhOCH6A3Iwc1Uaj0W3RQpFklOnm6Pq7Tk8', 'https://play-lh.googleusercontent.com/74CfaumBekBr8ghKUpQisH5qyKxxvGBdgcHBDQYM1XLgNYAwQOICGe-uet7j5Ts-Cw', 'https://play-lh.googleusercontent.com/yw2TpMtDxAAJvSbh-RB-dasQsJnJ-Q8F_sBp_JIGCXEypH3uiD-9_Zmpo7grrjZq4g', 'https://play-lh.googleusercontent.com/IsJUJJeKjoEibLiY4Yn5yom8JuQof3TPmBd5nj-avfK6ic4kZCySTMq7jKNL7CbRTBI', 'https://play-lh.googleusercontent.com/YeA0a2wtoV-0BsKjtcowZt-YsjfqcJCTozGPXTltYGN56-J_eQ40Ey1arxjiKv1yo3Q', 'https://play-lh.googleusercontent.com/vcwCVj-wj7EldQHiEXuveltFidY6r6BaW2VFVZt8-wUIIUlsUsP-8Rs2nP8Q_Jdtrw', 'https://play-lh.googleusercontent.com/DuGxNzxkrb73eLjnwaExm4VuC11mYNh2G46Mtl-hrBD4yAx3gHftTGZU5-RqfBwl-ZI', 'https://play-lh.googleusercontent.com/bWXzINqtl5m5uVc2oeioMjhQh-ADvQiytKMhpHnQpTglCPkXNKe2WrYWwNy976vp8RE', 'https://play-lh.googleusercontent.com/gAHKUO-pbBO5qN4JDHSJhRSphqCPfWXNHs8Z0XkBbBzWi3pp2y0PodwhL5XEIpE9KvzX', 'https://play-lh.googleusercontent.com/BXd1t3upr4XYUrFJ3B9pknB3tK3GozhYzH2bQwMw0BrbAg5YQg-Hy-6quzmab2cUP4I', 'https://play-lh.googleusercontent.com/WCZx8ghjR3WFn2xA19o0syZvnGJJQuijZcw72r4UMBLRMTkXPWe4Gg3AP9v0x1YWfw', 'https://play-lh.googleusercontent.com/QOmq_-F658nO7i19kTPp0dNYwSsCC5xwPU7-SQezzty-vS04Fuwym_FN2jf2_SOKrPU', 'https://play-lh.googleusercontent.com/Ou55fXauAw01-m5dGw9xARHkPHt1nt33GQn4OayxSOr9092VaS61sOzBTyHOp_K9XA', 'https://play-lh.googleusercontent.com/NPehsT8aoRWj25ZvJzp7bXrsTIXIOO4B85Rew_UScjku81n9whK_jEgB--OBsEzPKpQ', 'https://play-lh.googleusercontent.com/j3uGECJD1FhFfCoLS-cIPD9kBZetmS8iriyD7Moq3tFqceijVprcYJIUozX2jIwZVTnw', 'https://play-lh.googleusercontent.com/q8a_mVnYkGJIKyRJKAXBD2jDn7wwmz9ObNtmUOYmdpSh-Z9ffWE3E5WFbOXzoH6NeQ']","","","Bit&#39;s Blazor UI components are native, easy-to-customize, and work seamlessly in all Blazor modes (WASM, Server, Hybrid, pre-rendering), saving you time and making development enjoyable.","","","","","","{}","False","False","","[]","","","","","","","","",""
"App Store (Google Play)","app","bit","Bit Electronics","Bit Electronics","4.3","0.0","0.0","","Ferramentas","","","","","","","https://play-lh.googleusercontent.com/4B2Uv8nnRMGNfRuwXVgbEMv4fKEbLUr7MzXb1_V44qY6mDV6XVr3KmbKQJ3ccTmY52E","","","","","","com.app.bitapp","","","","2025-12-12 04:23:40","0.0","1.000+","","","","","['https://play-lh.googleusercontent.com/FPGQ4AmyIlwwvqv-IxOjdW9v12NDvS6PwuXAm7AfeQ90oU6WWLzq_KXL4P1ENTN4Tq4', 'https://play-lh.googleusercontent.com/gxcz5vsMrC-gWEpdMu0c42QNwe8eSeZyoAXqKvC0EEowcBNI9-TGQvo-eIp0_VgyaKJE', 'https://play-lh.googleusercontent.com/Qjk_EJnqfrboaeRXTagx1mx7TchltYaLqqBxXpup6Tsl8VkF5z1CUMwraKHN87kHSSQ', 'https://play-lh.googleusercontent.com/akA4GsFOzPxnzK2P59ukGvDQXxf69BAv7zrofn1k4Jamit5jKSZEwZohUbvVKWEgKm1V', 'https://play-lh.googleusercontent.com/usHlaf4wqkuziZDfqC_ZojQ0gwFZfw-mQBzOn_o927irSsnUYXu04uyBx02BopQnPQ', 'https://play-lh.googleusercontent.com/TFsiurGMKvjRX17eOJjiH44H9-AaVFIuyqsiOni-EvOpWautwKgv7tguLqDg9JxLxYQ']","https://www.youtube.com/embed/MjCpBBojtDU?ps=play&vq=large&rel=0&autohide=1&showinfo=0","https://i.ytimg.com/vi/MjCpBBojtDU/hqdefault.jpg","Com o App da Bit Electronics, você consegue fazer uma análise completa do sinal de celular que está recebendo, conseguindo verificar a faixa de frequência, a intensidade do sinal (em dBm) e muito mais.<br><br>Em nosso App, você também pode:<br>- Solicitar estudo de viabilidade grátis para instalação de repetidor de sinal de celular;<br>- Solicitar manutenção de algum equipamento da Bit Electronics;<br>- Solicitar suporte com nossos técnicos;<br>- Conseguir coordenadas geográficas (latitude e longitude) sem precisar estar conectado à internet;<br>- Visualizar a localização no mapa da torre de operadora mais próxima que o aparelho está recebendo sinal;<br>- Visualizar a localização estimada da torre que está recebendo o sinal com coordenadas geográficas;<br>- Acesso a vídeos de suporte.","","","","","","{}","False","False","","[]","","","","","","","","",""
"App Store (Google Play)","app","bit","BitLife GO! Simulador de vida","Candywriter, LLC","4.4","0.0","0.0","","Simulador","","","","","","","https://play-lh.googleusercontent.com/1c468gqgF9Rf0NNFJV06T3VKtyy2116i6W97XFJz6KrXwxd9qLF8QOIHy8HYpSvrnn0","","","","","","com.goodgamestudios.bitlife.go.life.simulation","","","","2025-12-12 04:23:40","0.0","1.000.000+","","","","","['https://play-lh.googleusercontent.com/gga6BhYcyHH157ahXzl8CF2YtEX1jjnAIJ3vKkD4tnvnEZqVMcpMZAuY1rtgWQqy6Dbb', 'https://play-lh.googleusercontent.com/Z1u_SeudLepGPSTDApYZkkoCKKAk7d1auizXCK6DL-zmAhM-pdNqBatKuVSpGCnuQAg', 'https://play-lh.googleusercontent.com/cBCHeeYKjSwjHuQskEnJAK7XXEkb_zYfqRxeEplLiH4trsgWemoY8O0vvPvEemdTDQ', 'https://play-lh.googleusercontent.com/bvnopeXC8cU3vflKK3hytWnIftSEwK2v4WSnFqitcOVaqOXrnGFqb3xbZWDHeaPmFg', 'https://play-lh.googleusercontent.com/5FJ8HuEwOh2K6w5SUfkvFqrwEc0j7bS7ZhCfy4kqRgypHNN9qxGt2omFWCzccxsMMQo', 'https://play-lh.googleusercontent.com/dzj16tkaS54WuPCK5vsiSVcg2L74toaGK-ZP-hNGTG9ctIqU1HRgTddPxvXt3JrgnA', 'https://play-lh.googleusercontent.com/UhNX2FoDx--mss_XmV4CWjH6WicuzOWkQHDSqEnnruV6lha73b1akwGdS1eV6P2-NFo', 'https://play-lh.googleusercontent.com/R6uOsIWtaEO0EpGEVvwWJbs7ALtvCh7wrORzgTAuGnGxe5Au864yLS4eMqY1b4q71A', 'https://play-lh.googleusercontent.com/TNaQWY1XKEXFlkj4rHkrBh4MdlZqdj9i-HnCTn93F6wp-k0nCxUhUcqK8eyARLElD4U', 'https://play-lh.googleusercontent.com/JTMREnYDL9u_VlemXOF8n1HMZDhODZ0iZdmubYwQogERtUH2jRwZsItghNqHBJMb4lc', 'https://play-lh.googleusercontent.com/A4MuPUpmHSni1F5jX7qVG_HIl4EP_TsGPE_8XNprA5DDvSfWWErppJZ8hY2Z491cvjbW']","","","Como vai viver a sua vida no BitLife? Agora disponível em português!<br>Vai tentar fazer todas as escolhas certas para se tornar um cidadão modelo antes de morrer? Você pode se casar com o amor da sua vida, ter filhos e conseguir uma boa educação pelo caminho.<br><br>Ou vai tomar decisões que vão deixar seus pais de cabelo em pé? Você pode mergulhar numa vida de crime, se apaixonar ou viver aventuras, iniciar rebeliões na prisão, contrabandear bolsas e trair seu cônjuge. Você escolhe sua história...<br><br>Descubra como, pouco a pouco, as escolhas da vida podem se somar para determinar seu sucesso no jogo, agora em português!<br><br>Jogos de histórias interativas existem há anos. Mas este é o primeiro simulador de vida em texto que realmente reproduz a vida adulta – e agora você pode experimentá-lo em português!","","","","","","{}","False","False","","[]","","","","","","","","",""
"App Store (Google Play)","app","bit","Bit Fibra - SAC","Bit Fibra","4.5","0.0","0.0","","Negócios","","","","","","","https://play-lh.googleusercontent.com/-7zyo-lPPNorW4b4gSCXzG_fW8rI9ZxAKw5XX1UUx-sIdvwMqwPHJR3rsq3zn8rdgAUf","","","","","","br.com.bitfibra.bitfibra_sac","","","","2025-12-12 04:23:40","0.0","1.000+","","","","","['https://play-lh.googleusercontent.com/WeEZCQJSQk_WJA2EakA1AwjuUdh3MaAXTGwPYZBz7q3SwKoQMqpFh45NMJ9DOASBiQ', 'https://play-lh.googleusercontent.com/-emraULkn87OCm8uNgvTSIpB4QDyC14JIO3nvaquo0gQYKc82SbRgL8ulgVJmiljMpj7', 'https://play-lh.googleusercontent.com/DnkNi02hIatBhll0-87UuC0Mp3hMcseb4EkM1UYZQejK3l3p6UBNl0sbbmSI4xdRxro', 'https://play-lh.googleusercontent.com/aZemuxVec8eck56Qw03sWgxUyEf7DooIuQUeumDiGW-02PIjFFrXoVIfYbWRLHxDU9k', 'https://play-lh.googleusercontent.com/sSCY7aKDvyYx4oe-3QB5bIXEx2HMCJ80C4sjg0kXBlllQoEn8hp0R_Fyhhi63Baklnk', 'https://play-lh.googleusercontent.com/HregZgvBF9a_EI0hJzVwY0y3zBbawAxUDb2uw0x1ix45DARqY9GwNJX1PJaSG_s1ogw']","","","v2.0<br>Adicionado opções de Indicação<br>- Indicar Amigo<br>- Verificar Histórico de Indicações<br>- Regulamento<br><br>v1.0<br>Com esse APP o cliente da Bit Fibra poderá:<br>- Emitir 2 via de boleto<br>- Visualizar cobranças<br>- Solicitar informações financeiras<br>- Pedido de desbloqueio de internet por boleto pago<br>- Solicitar Serviço Técnico<br>- Histórico de Chamados<br>- Teste de Velocidade<br>- Meio de Contato","","","","","","{}","False","False","","[]","","","","","","","","",""
"App Store (Google Play)","app","bit","Bit City: Building Evolution","NimbleBit LLC","3.7","0.0","0.0","","Simulador","","","","","","","https://play-lh.googleusercontent.com/IaVTK-H_7_KHg7lBHavMcRxFRI1zCznKjhxHgwO1-Gbq9z8AplVcLjDU9eKVy6_pFg","","","","","","com.nimblebit.bitcity","","","","2025-12-12 04:23:40","0.0","1.000.000+","","","","","['https://play-lh.googleusercontent.com/PaOZy8aFhze49JX1AxUBhT49w7BKH1ttip_luO-iJ31MnDWFiTTsF5w0v88UnFw5MD0', 'https://play-lh.googleusercontent.com/COvAVorRH9RbEbe2jxNvNP_dFzc_Wco-QheS0k-4v6Uj-hMNoD2R9pfOORXVPf-fYQ', 'https://play-lh.googleusercontent.com/Uet7HFiQH_Q5qTm6LWnBWz9RACNkc8dGaj6FPMJAdkEuea_oFuNoAVMWxs7b4CmMBQc', 'https://play-lh.googleusercontent.com/z__DjyC3IednNyo3fG7WcKdMFPptaLk_o3ATblfd8sEQvl1PMKZK2mWjMOgYANVH3GI', 'https://play-lh.googleusercontent.com/G9x2O32UYm1lw29jFTilbhCRRdAuZ9R_oLo9FyXslk6uIBayzra00QzUxhcKkhUrD44', 'https://play-lh.googleusercontent.com/jSqt0InNVfU7pNCCx8NojbTt1vXj_o43_xl6FmNX84lEEZnN9Xw3xI_kveXgWvzrNGCR']","https://www.youtube.com/embed/gEyUF7zvxPQ?ps=play&vq=large&rel=0&autohide=1&showinfo=0","https://i.ytimg.com/vi/gEyUF7zvxPQ/hqdefault.jpg","Construa sua Bit City e faça seus cidadãos felizes! Comece com uma pequena cidade e cresça até se tornar uma metrópole próspera neste jogo de construção inativa dos criadores de Tiny Tower. Colete lucros e invista em melhorias para continuar expandindo sua cidade. Preencha sua cidade com novos carros, aviões e navios. Desbloqueie novos edifícios, incluindo marcos famosos, para projetar o visual da sua cidade.<br><br>Desbloqueie marcos famosos de todo o mundo!<br>Explore as inúmeras opções para projetar sua cidade. Escolha entre edifícios históricos, marcos reais ou arranha-céus que chegam até o céu. Só você pode decidir como vai construir a cidade perfeita para seus cidadãos. Mergulhe no sandbox criativo de construção de cidades e fique o tempo que quiser!<br><br>Invista em melhorias para aumentar o orçamento da cidade!<br>Melhore edifícios, estradas e serviços. Cada melhoria traz mais lucro para o orçamento do prefeito, que será usado para o progresso da sua querida cidade. Construa diferentes zonas conforme as necessidades dos seus cidadãos. Parques, fazendas, fábricas, lojas ou prédios de escritórios: traga negócios para sua cidade!<br><br>Adicione carros, aviões e navios para ganhar mais lucros!<br>Construa um aeroporto ou receba navios de todo o mundo no seu novo estaleiro para aumentar os lucros. Fique de olho no tráfego: você nunca sabe quais prêmios e recompensas te esperam nas ruas.<br><br>Expanda para o espaço sideral!<br>Projete sua cidade em campos verdes ou arrisque-se nas exóticas dunas de areia. E, se você continuar crescendo, pode até alcançar o céu! Literalmente: há até uma base lunar no jogo!","","","","","","{}","False","False","","[]","","","","","","","","",""
"App Store (Google Play)","app","bit","bit ביט","BankHapoalim","2.8","0.0","0.0","","Finanças","","","","","","","https://play-lh.googleusercontent.com/SovCyuQk4A0se4hmrQbf1OJXznHlfseeq9YtPh_WHe3lVMFzZcXqBGfW2J_1yYI6yQ","","","","","","com.bnhp.payments.paymentsapp","","","","2025-12-12 04:23:40","0.0","1.000.000+","","","","","['https://play-lh.googleusercontent.com/R0bGaLZX1HGw5ODiUw_ZkCk6k4guwdrRNdKAhpik7NUBZznrWn1JmkuYkWSuIOhl7g', 'https://play-lh.googleusercontent.com/IxTV-tDnW9ePjLFC44uwzi6u3GpHIjOSzgMt-TaGrRTyriztDtPYk5UPOjXinEA1zA', 'https://play-lh.googleusercontent.com/CcNFUfI7KWl2fjHlxr_mRC4wEA52cheRhXCd7KsLE6Xx4_K3gHsqcCTxW2Fj_R2XkQ', 'https://play-lh.googleusercontent.com/lmWdk5ve-KgjMUeqBNP3O-GwHPrhDGKidBB6c0J3Z0QzpeX71c_F8stLkiZ1BXcOdXc', 'https://play-lh.googleusercontent.com/rDrFSmvmS-DQlWszvRUB07XAf0zmv8RxirVR3kt5JvGePSM4aaDAZpA9osOlGYDWkbE', 'https://play-lh.googleusercontent.com/bcuLjpdiZrdwY9nCrUd2rdNkvuhVKWZcRwJiQcnpCM0DIC7tG8RdYgWZ_wB1ba-QyDM', 'https://play-lh.googleusercontent.com/bLLHwogq_wW564ptkAvpAewrENga-VDaiyUS_pdoZhfqGVAJpcO7qhcwEELhat2BWg', 'https://play-lh.googleusercontent.com/JbCxhSnc1QyQYS5zp2kSubN89_qgyP_s0G6_4Zjc9_wJUan_IfhIh2AzyRcr-bx3qZ0', 'https://play-lh.googleusercontent.com/EX-Bi2_5biWXcXAApFkRZGSVvbspWipHHzTXrq9YxxU-KZN9qUfgSWRx40rylNEPBg']","","","bit אפליקציית התשלומים המובילה בישראל, המאפשרת להעביר ולקבל כסף בקלות ובצורה בטוחה.<br><br>ניהול יתרה כספית- מקבלים כסף מחברים? הכסף מצטבר באפליקציה ואתם יכולים להחליט אם לשמור אותו או לעשות בו שימוש להעברות<br>תשלום באתרי קניות ובאפליקציות – עושים שופינג אונליין ומשלמים ב-bit ללא צורך להקליד פרטי כרטיס אשראי.<br>הזמנת מט&quot;ח מהטרמינל – מזמינים מראש את המט״ח ב-bit ואוספים בשדה תעופה.<br>איסוף כסף מקבוצות – מתארגנים לעל האש? קונים מתנה ביחד? כל מה שצריך זה לפתוח קבוצה ולהזמין חברים להצטרף. אנחנו כבר נזכיר להם להעביר את הסכום שצריך.<br>שליחת בקשה לתשלום – מגיע לכם כסף ומישהו שכח מזה? תרגישו חופשי להזכיר לו על ידי שליחת בקשה לתשלום. <br>קבלת החזרים מחברות ביטוח ומקרנות פנסיה – כבר לא צריך להתעסק עם ניירת מיותרת, מקבלים את ההחזר ב-bit ישירות לחשבון.<br>תשלום ארנונה – מקבלים את בקשת התשלום ישירות לאפליקציה ומשלמים בלחיצת כפתור.  <br>כרטיס אשראי Carrefour Club – מזמינים כרטיס, מקבלים מגוון הטבות ומתחילים לצבור +Carrefour coins למימוש ברשתות המועדון.","","","","","","{}","False","False","","[]","","","","","","","","",""
"App Store (Google Play)","app","bit","1 Bit Survivor (Roguelike)","Acheronti Games","4.8","0.0","0.0","","RPG","","","","","","","https://play-lh.googleusercontent.com/Nqv8XhNoQjWIIvKJwyeNZIejUPYk1TwpJ55Q5ijAeaq-eMV7ZKKdJg_PLyu0RqbBjqc","","","","","","com.AcherontiGames.OneBitSurvivor","","","","2025-12-12 04:23:40","0.0","50.000+","","","","","['https://play-lh.googleusercontent.com/DBM0sJpclDZliFEsJMVzvS1a9RMvbpaBBQ7yUL1zphaL_IJuawa4Pr-QE-KDQpJgd5Ox', 'https://play-lh.googleusercontent.com/mJgy6JrAShkevfB-gAq2wOSAjAltAERqwNYAg_P2UZl6qZwzm688jzInO2ipx6TeI40', 'https://play-lh.googleusercontent.com/6ufY9jdBS2pMFsYlRFfg5jd5aRUFEbP0PCVTnUzoMmk-Z8-HzzJXFx8bb0cpNBpAKI4', 'https://play-lh.googleusercontent.com/dgRkEM1qHgQs3ES6zs1I_7hSWZaiN3GtB4UcTF9HyZceCSLUSO1GTkeDxeGdd-QG6dg', 'https://play-lh.googleusercontent.com/lkaPgACpGHEhyYFtsWgsKGzsYDAyicDo_h8lWoGq3d0l-zHjc45feV1mhPeTrvPqevb9', 'https://play-lh.googleusercontent.com/8XjVT-edV-Zpe3rqbOrdKS-s_7-BAeAjByVT1l4D4AZFdcWAtn1dnIA7RdAqZcMOANwZ']","https://www.youtube.com/embed/SH0E5pwntCA?ps=play&vq=large&rel=0&autohide=1&showinfo=0","https://i.ytimg.com/vi/SH0E5pwntCA/hqdefault.jpg","1 Bit Survivor is an easy to play but difficult to master randomly generated roguelike with stylized pixel art and survival horror elements. Fight to survive 28 Days of the Zed-pocalypse and save your pet Cat!<br><br>Join the Discord for Tips!<br>https://discord.com/invite/JfedB6k<br><br>STORY<br>An unstoppable virus has destroyed humanity. Many turned into mutants. The rest fight for their life. Drive your car across the country to reach the underground bunker and survive. <br>Will you make it to the end? Or succumb to the monster threat?<br><br>GAMEPLAY<br>- Simple controls: Move and Shoot<br>- Casual: Easy to play but difficult to master<br>- Turn-Based: Take your time and make your choices carefully<br>- Survival Horror: Limited resources make every decision matter<br>- Roguelike: Only one chance to survive, if you die it is Game Over<br><br>FEATURES<br>- Single-player Offline Rogue-like<br>- 3 Unlockable Character Classes<br>- 9 Different Enemies<br>- Procedurally Generated Levels<br>- 10 Level Tilesets<br>- Stylistic 1-Bit Pixel Art style<br>- Unique first person animations<br>- Extensive Run Statistics<br>- Minimal Ads and No Microtransactions<br>- In App Purchase to Remove Ads<br><br>DEV DOCUMENTARY<br>See how the game was made from concept to reality in the Project Jumpstart devlogs.<br>https://youtube.com/playlist?list=PLImw3trUkU44oxygYieFI0_9NzenZwTG9<br><br>CONTACT<br>Email: acherontigames@gmail.com<br>Twitter: https://twitter.com/acheronti<br>Youtube: https://www.youtube.com/@acheronti<br>TikTok: https://www.tiktok.com/@acheronti_games","","","","","","{}","False","False","","[]","","","","","","","","",""
"App Store (Google Play)","app","bit","bit Dungeon III","Kinto Games LLC","4.3","0.0","7.99","","RPG","","","","","","","https://play-lh.googleusercontent.com/fgZa2oWDDTSTbQJ5VJnyY-e4Cs6rAHpeAXI2PHTMQkqZ5z0l3gcoPckauDNLV-yS7L0","","","","","","com.KintoGames.bitDungeonIII","","","","2025-12-12 04:23:40","0.0","5.000+","","","","","['https://play-lh.googleusercontent.com/ziB2N_YRU5KRXlINGah9rSm23MYzIQtlk2CeXFBKFKK1X5RveQtj7UWMkpyzxA2q_beL', 'https://play-lh.googleusercontent.com/khyM360staK0IFiExxvzI58Pcs6_WJNAlBC0WoRPz8BMG8ijLeCh4jgs3K_I9_RbcM0', 'https://play-lh.googleusercontent.com/5b7bXdMcEbTuGfM9V87-0BO6Ga1oaHaANlMjZAzGQuLlHtet2FEQ5H5H6R19ICtXzh5Y', 'https://play-lh.googleusercontent.com/OPPlvFAgO0GlDGko5Kiyxz1q_mlfSQ5UKp_KWkv3V9KHvH6EgBlasL-N3WLlW6sHzA', 'https://play-lh.googleusercontent.com/hwgRGCBLNZzqGRUs9i2qr-G0YnznAaswvrdEsaoeERksp9uue4dtsGWrJ_8_5AP4BSQ', 'https://play-lh.googleusercontent.com/eBPs5LfnXA02AOnS0izskorwu1-fH2jyOmeMQjEjlnOyB3KJwsSJjqbz559dDWWqfA']","https://www.youtube.com/embed/1i-Ww9Tl8jM?ps=play&vq=large&rel=0&autohide=1&showinfo=0","https://i.ytimg.com/vi/1i-Ww9Tl8jM/hqdefault.jpg","bitDungeonIII is a 2d action adventure game with rogue-lite elements. Randomly generated overworld and dungeons. Make allies with other players or kill them for their precious inventory items. Discover random items that greatly enhance and affect your character. Save a world that can&#39;t be saved.<br><br>Features:<br>Permadeath. You get one soul and only one chance to retrieve it when you die. Killing Bosses also grant souls.<br>Randomly pre-generated overworld, dungeons, secrets, items and humanoid npcs.<br>Online play using P2P networking,co-op and pvp.<br>Each weapon type has a unique power attack and stat scaling.<br>Level up based on which weapon you use. Change weapons to start leveling up that weapon type going towards your general level.<br>Powerful weapon enchants dropped from bosses.<br>Augment your character through changeable stat runes collected throughout your adventure.<br>Boss &amp; quest weapons.<br>Giant difficult dungeon bosses.<br>Original soundtrack by Houzatosis &amp; Stress_TN.<br>Controller Support.<br>New game plus for endless replay value.","","","","","","{}","False","False","","[]","","","","","","","","",""
"App Store (Google Play)","app","bit","Bitt+","BIT Tecnologia","4.2","0.0","0.0","","Saúde e fitness","","","","","","","https://play-lh.googleusercontent.com/mOhk-uU3a9LRnL7_TbyDP4yibcjfKw1C5C6lxbhTssv4hZRT1lahdcd3mb2qpiK70Ko","","","","","","com.bittrainers","","","","2025-12-12 04:23:40","0.0","100.000+","","","","","['https://play-lh.googleusercontent.com/ooSaBdL6SwysQAFxkEaWESJp_m__QYdzSTHCT_Ft28SbSGw9SDeaALuTQY81dm_-G2Cj41xcBBS0Mm-Dp2c57g', 'https://play-lh.googleusercontent.com/K9Hq3IaQk2PflTYyxhdcIS-jfs8uVTKUM1ROK9vuhQ0K5BvOCfUVA8bPXLX05I3gfiHhIApTL_ZiFMwmaY0TXw', 'https://play-lh.googleusercontent.com/Ou-xrJcgHfrF9oOHBuXcFVYoHXkGrT9-VxVb12vJsPdqLL-tINWFJnlDqF14-KpUiaTQtGly3nDoILBKUtDW3Kw', 'https://play-lh.googleusercontent.com/e5QhkLNxTpXzkH9uha_YjEVOB5ga2K9LVXJQROMTgk4F_PJvj-HITs5eoy7qdFL28qgsq9RcbZaykMKLQuObUis', 'https://play-lh.googleusercontent.com/x7EAUS_Rz5YuXix0-itAN8xmy5tSCg3B0R92O6umLGbUL2_92gQb48F7Fl7_ZR-7wD-PRTv3Uy5Cx5GjvrvTCHA', 'https://play-lh.googleusercontent.com/6RGLfjkfgpXNytaJyYzuroVzuuADnseb_rh8S5TMuPnJtvp7RQ8G1qW-wtRAmrTfTePAk6qBnLe5N_oXoAdbqw', 'https://play-lh.googleusercontent.com/7KXZH0szvlcsAboL4xVAP-JMHe2j9lBgFsVzPYpMozaxi6_4pMqUimzQgNlAnrHUuil4IQw_vvT_e3CusI5C', 'https://play-lh.googleusercontent.com/JSNqqyhjgoMvY7zwpjQ1heREMtoYKZ5PaU5Y1qlflnZHDgbHEays00P8D7Z0On3M8A', 'https://play-lh.googleusercontent.com/KjM6AeySWf05xb5vbpIWMLAFNyeG74k2hf525LfI3hN2yHBmKs1u_brLY5K0cMbU6RA', 'https://play-lh.googleusercontent.com/fVuDpGGaTgr5Qsf5-bnIZo8cuS6kFXeH1ByAoLMddr3sJhKuUB6te0idYIVq-g0DBQ', 'https://play-lh.googleusercontent.com/115LwXdZTJtfatAGFkej6Wtkyh6MKjNduo_83SG34Jysm1SAYREnETpz49T6HHCtEMg']","","","Mais saúde, disposição e bem-estar na palma da sua mão!<br><br>Se você quer mais energia para o dia a dia, equilíbrio na alimentação e motivação para treinar, o app da Bitt é o seu parceiro ideal nessa jornada!<br><br>Aqui, você encontra tudo em um só lugar para cuidar do corpo e da mente de forma prática e leve:<br><br>- Gamificação com desafios e prêmios mensais incríveis para manter a motivação em alta!<br>- Fichas de academia personalizadas para o seu nível e objetivo<br>- Chat com personal trainer e nutricionista para tirar dúvidas e receber orientações<br>- Feed interativo para compartilhar sua rotina e se inspirar com outros usuários<br>- Programas de treinamento completos, com treinos para todos os gostos e objetivos<br>- Aulas diárias de treinos funcionais, hitt, superiores, yoga e muito mais<br>- Dicas nutricionais e receitas saudáveis que cabem na sua rotina<br>- Bem-estar com práticas de meditação, alongamento e mobilidade para relaxar, aliviar tensões e melhorar a qualidade de vida<br><br>Tudo isso com a proposta de promover uma vida mais leve, saudável e divertida — em casa, ao ar livre ou na academia!<br><br>Baixe agora e venha fazer parte da comunidade Bitt! Seu bem-estar começa aqui.","","","","","","{}","False","False","","[]","","","","","","","","",""
"App Store (App Store)","review","bit","Olha, o jogo é muito legal, mais o tanto de anuncio que tem é desnecessário, n da nem cinco minutos e ja vem um anuncio atrás do outro, fora que quando vc clica em algumas atividades e ja é obrigatório a ver dois anúncios ai vc termina de ver e ja entra outro anúncio!!!!.","","3.0","","","","","","","","","","","","","","","","","","","","","2025-12-12 04:23:40","","","","","","","","","","","","","","","","","","","","","","","Revoltante","BitLife BR - Simulação de vida","0.0","","","",""
"App Store (App Store)","review","bit","Coloquem arma de fogo pra compra pistola , essas arma assim , coloca alguma coisa que dê pra esconder droga e arma em algum lugar pra polícia tentar prender a gente pra ficar maneiro , e quando for matar alguém que tenha um mini game Mirandão a arma no cara e nois mesmo atirar e tentar sair da cena do crime antes da polícia pegar, faz a polícia investigar todos os cromes nosso pra ficar mais real e prender a gente vai ser show","","5.0","","","","","","","","","","","","","","","","","","","","","2025-12-12 04:23:40","","","","","","","","","","","","","","","","","","","","","","","Coloca mini games quando for cometer assassinato pra ficar maneiro","BitLife BR - Simulação de vida","0.0","","","",""
"App Store (App Store)","review","bit","mano sempre fui o tipo de pessoa a rasgar elogios para o bitlife, mas hoje virou um monopólio de venda, a cada 2 minutos tem um anúncio, era tão mais tão divertido antes, vou para algum outro concorrente com o jogo parecido e menos anúncio","","1.0","","","","","","","","","","","","","","","","","","","","","2025-12-12 04:23:40","","","","","","","","","","","","","","","","","","","","","","","mais anúncio que jogo","BitLife BR - Simulação de vida","0.0","","","",""
"App Store (App Store)","review","bit","O jogo BitLife tem uma proposta excelente, traz um entretenimento divertido e interessante porém todas as atividades precisa ver anúncios por exemplo pra fazer uma atividade como tocar piano ou fazer aula de canto ou então ir ao cinema passar o tempo com outras pessoas e entre várias outras, precisa ver anúncio várias vezes, fora que temos que ver anúncios de 3 em 3 min pois o jogo automaticamente põe anúncios mesmo que você não faça nenhuma atividade, poxa nós já temos que pagará caríssimo pra ter a experiência completa e divertida do jogo e ainda colocam anúncio o tempo inteiro, o jogo é muito legal mais isso acaba com a graça do jogo, eu mesmo parei de jogar e não recomendo baixarem pois pra conseguir jogar tem que fica o tempo inteiro vendo anúncios duplos que nem se quer conseguimos pular.","","1.0","","","","","","","","","","","","","","","","","","","","","2025-12-12 04:23:40","","","","","","","","","","","","","","","","","","","","","","","Quantidade de Anúncios desnecessários","BitLife BR - Simulação de vida","0.0","","","",""
"App Store (App Store)","review","bit","A pessoa compra o pacote de jogo mas nao consegue jogar pq o jogo nao deixa entrar na carreira
Deveria ter algo relacionado a magia","","3.0","","","","","","","","","","","","","","","","","","","","","2025-12-12 04:23:40","","","","","","","","","","","","","","","","","","","","","","","Dificil","BitLife BR - Simulação de vida","0.0","","","",""
"App Store (App Store)","review","bit","Muito bom recomendo, esse jogo e muito bom pro tedio","","2.0","","","","","","","","","","","","","","","","","","","","","2025-12-12 04:23:40","","","","","","","","","","","","","","","","","","","","","","","Viciante demais surreal esse jogo🤩","BitLife BR - Simulação de vida","0.0","","","",""
"App Store (App Store)","review","bit","Esse jogo é ótimo, porém além das propagandas q são mt chatas ainda tem o fato de q do nada o jogo começa a travar e ficar suuper lento! Seria bom se resolvessem isso logo, já que isso acontece com outros jogadores tbm..","","2.0","","","","","","","","","","","","","","","","","","","","","2025-12-12 04:23:40","","","","","","","","","","","","","","","","","","","","","","","Trava demais, mds!","BitLife BR - Simulação de vida","0.0","","","",""
"App Store (App Store)","review","bit","Vários das opções que a gente conseguia seguir normalmente pelo jogo estão sendo bloqueadas e vendidas como pacote, nos obrigando a gastar dinheiro ou ter um jogo monótono.","","1.0","","","","","","","","","","","","","","","","","","","","","2025-12-12 04:23:40","","","","","","","","","","","","","","","","","","","","","","","Caindo qualidade","BitLife BR - Simulação de vida","0.0","","","",""
"App Store (App Store)","review","bit","O jogo é até bom mas tudo de interessante que você quiser fazer você tem que pagar se você quiser ser jogador, modelo, cantor ou ator você tem que pagar e se quiser personalizar seu personagem ou os outros tem que pagar também então se você gosta de jogar um jogo ilimitado você vai adorar esse pq o jogo só tem várias e várias opções pra fazer se você quiser pagar","","2.0","","","","","","","","","","","","","","","","","","","","","2025-12-12 04:23:40","","","","","","","","","","","","","","","","","","","","","","","Tudo tem que pagar","BitLife BR - Simulação de vida","0.0","","","",""
"App Store (App Store)","review","bit","O app trava de tanto anúncio","","1.0","","","","","","","","","","","","","","","","","","","","","2025-12-12 04:23:40","","","","","","","","","","","","","","","","","","","","","","","Anúncio","BitLife BR - Simulação de vida","0.0","","","",""
"App Store (App Store)","review","bit","Eu gosto muito desse jogo, mas não jogava a uns anos. Voltei agora e estou simplesmente chocada porque não faz sentido um jogo relativamente simples travar tanto e esquentar o celular dessa forma. Eu jogo jogos mais pesados, com mecânicas e graficos altos que não passam nem perto de travar tanto assim é absurdo.","","1.0","","","","","","","","","","","","","","","","","","","","","2025-12-12 04:23:40","","","","","","","","","","","","","","","","","","","","","","","Não faz sentido esquentar tanto.","BitLife BR - Simulação de vida","0.0","","","",""
"App Store (App Store)","review","bit","Tem que pagar pra fazer tudo","","1.0","","","","","","","","","","","","","","","","","","","","","2025-12-12 04:23:40","","","","","","","","","","","","","","","","","","","","","","","Jogo era bom ERA","BitLife BR - Simulação de vida","0.0","","","",""
"App Store (App Store)","review","bit","eu amei o jogo! muito bom, mas o ruim é que morremos muito cedo e isso é muito ruim, ou quando demoramos pra morrer, deveria ter uma função para morrer! eu amo o jogo mas o ruim é esse","","4.0","","","","","","","","","","","","","","","","","","","","","2025-12-12 04:23:40","","","","","","","","","","","","","","","","","","","","","","","mais ou menos","BitLife BR - Simulação de vida","0.0","","","",""
"App Store (App Store)","review","bit","Rpzd, o jogo tá esquentando e travando no iphone 13( o que eu uso) 
pra ter uma noção de comparação, nem carx street (um jogo realista de carrida mundo aberto) trava tanto assim no meu celular","","3.0","","","","","","","","","","","","","","","","","","","","","2025-12-12 04:23:40","","","","","","","","","","","","","","","","","","","","","","","Muito Bom, mas TRAVA DMSS","BitLife BR - Simulação de vida","0.0","","","",""
"App Store (App Store)","review","bit","Topo zera","","4.0","","","","","","","","","","","","","","","","","","","","","2025-12-12 04:23:40","","","","","","","","","","","","","","","","","","","","","","","E top","BitLife BR - Simulação de vida","0.0","","","",""
"App Store (App Store)","review","bit","É o melhor jogo em relação ao planejamento e construção. Muito criativo com várias possibilidades. Porém todas as opções basicamente são caras e pagas. Além disso o jogo é virado em anúncios. Ou seja, além de ser amplamente cobrado, ainda tem diversos anúncios. Uma pena","","3.0","","","","","","","","","","","","","","","","","","","","","2025-12-12 04:23:40","","","","","","","","","","","","","","","","","","","","","","","O melhor, mas…","BitLife BR - Simulação de vida","0.0","","","",""
"App Store (App Store)","review","bit","A expansão de chefe de cozinha não é funcional. O restaurante nunca pega popularidade","","3.0","","","","","","","","","","","","","","","","","","","","","2025-12-12 04:23:40","","","","","","","","","","","","","","","","","","","","","","","Expansões não funcionam bem","BitLife BR - Simulação de vida","0.0","","","",""
"App Store (App Store)","review","bit","O jogo é bem legal, mas tem muita Microtransação que deixa o jogo chato de jogar","","3.0","","","","","","","","","","","","","","","","","","","","","2025-12-12 04:23:40","","","","","","","","","","","","","","","","","","","","","","","Pode melhorar","BitLife BR - Simulação de vida","0.0","","","",""
"App Store (App Store)","review","bit","O jogo é divertido e dahora, mas vocês exageraram nas propagandas e anúncios, diminui isso daí.","","3.0","","","","","","","","","","","","","","","","","","","","","2025-12-12 04:23:40","","","","","","","","","","","","","","","","","","","","","","","Tão passando fome?","BitLife BR - Simulação de vida","0.0","","","",""
"App Store (App Store)","review","bit","cara, o jogo é bem viciante e bem legal, com. uma variedade de coisas pra fazer, o unico problema é que a maioria das coisas no jogo é paga, e tipo, na epoca que eu comecei a jogar era basicamente tudo free, agora ate para respirar no jogo é pago, so recomendo baixar quem tem dinheiro, pq é muita compra cara.","","3.0","","","","","","","","","","","","","","","","","","","","","2025-12-12 04:23:40","","","","","","","","","","","","","","","","","","","","","","","jogo bem legal ate","BitLife BR - Simulação de vida","0.0","","","",""
"App Store (App Store)","review","bit","This game is abandoned. They delete the purchased content and charged again. The game is over, close your doors!","","1.0","","","","","","","","","","","","","","","","","","","","","2025-12-12 04:23:40","","","","","","","","","","","","","","","","","","","","","","","Don't spend money, they'll steal it","BitLife - Life Simulator","0.0","","","",""
"App Store (App Store)","review","bit","Please make a Portuguese version.","","3.0","","","","","","","","","","","","","","","","","","","","","2025-12-12 04:23:40","","","","","","","","","","","","","","","","","","","","","","","Portuguese","BitLife - Life Simulator","0.0","","","",""
"App Store (App Store)","review","bit","I love this game but I wish we were allowed to date more than one person just to stir up drama","","4.0","","","","","","","","","","","","","","","","","","","","","2025-12-12 04:23:40","","","","","","","","","","","","","","","","","","","","","","","Love it but","BitLife - Life Simulator","0.0","","","",""
"App Store (App Store)","review","bit","“Monacan” doesn’t exist, the Royal Family is the Monegasque Royal Family. Do your research please. O jogo é super divertido, mas super viciante, e super irritante se você não pagar pra tirar as propagandas.","","4.0","","","","","","","","","","","","","","","","","","","","","2025-12-12 04:23:40","","","","","","","","","","","","","","","","","","","","","","","*MONEGASQUE* ROYAL FAMILY","BitLife - Life Simulator","0.0","","","",""
"App Store (App Store)","review","bit","está impossível jogar porque tudo que for pra fazer tu precisa pagar já gastei mais de R$300 e ainda tem que pagar pra fazer coisas específicas e tu não tem nem a opção de assistir um vídeo pra liberar","","2.0","","","","","","","","","","","","","","","","","","","","","2025-12-12 04:23:40","","","","","","","","","","","","","","","","","","","","","","","muita compra no pp","BitLife - Life Simulator","0.0","","","",""
"App Store (App Store)","review","bit","No vampire, no five stars","","1.0","","","","","","","","","","","","","","","","","","","","","2025-12-12 04:23:40","","","","","","","","","","","","","","","","","","","","","","","Vampire update","BitLife - Life Simulator","0.0","","","",""
"App Store (App Store)","review","bit","Please, add Boxer/MMA carrer.","","5.0","","","","","","","","","","","","","","","","","","","","","2025-12-12 04:23:40","","","","","","","","","","","","","","","","","","","","","","","Great, but…","BitLife - Life Simulator","0.0","","","",""
"App Store (App Store)","review","bit","É necessário gastar muito dinheiro para jogar. A maioria das atividades requer que você assista um anúncio. Não é o mesmo jogo de seis anos atrás, por exemplo. BitLife se considera muito mais do que ele é, na verdade. E quer cobrar preços absurdos por um jogo básico. Não baixem, não vale a pena.","","1.0","","","","","","","","","","","","","","","","","","","","","2025-12-12 04:23:40","","","","","","","","","","","","","","","","","","","","","","","Já foi um bom jogo","BitLife - Life Simulator","0.0","","","",""
"App Store (App Store)","review","bit","O jogo é muito bom, mas as adições pagas são muito caras, e depois de um tempo, a versão de graça chega a ficar muito limitada. De qualquer forma o jogo é bem bom!","","4.0","","","","","","","","","","","","","","","","","","","","","2025-12-12 04:23:40","","","","","","","","","","","","","","","","","","","","","","","Jogo muito bom, mas…","BitLife - Life Simulator","0.0","","","",""
"App Store (App Store)","review","bit","Impossível fazer qualquer coisa nesse jogo sem que tenha algum anúncio LONGO antes, além de que tudo é muito caro","","1.0","","","","","","","","","","","","","","","","","","","","","2025-12-12 04:23:40","","","","","","","","","","","","","","","","","","","","","","","Muitos anúncios e muito caro","BitLife - Life Simulator","0.0","","","",""
"App Store (App Store)","review","bit","E caro demais pela versao sem anuncio pra um jogo tao simples","","1.0","","","","","","","","","","","","","","","","","","","","","2025-12-12 04:23:40","","","","","","","","","","","","","","","","","","","","","","","Muito anuncio","BitLife - Life Simulator","0.0","","","",""
"App Store (App Store)","review","bit","Trashy app, pay to play, every click is a add, it wasn’t that way before, so sad","","1.0","","","","","","","","","","","","","","","","","","","","","2025-12-12 04:23:40","","","","","","","","","","","","","","","","","","","","","","","Too much adds","BitLife - Life Simulator","0.0","","","",""
"App Store (App Store)","review","bit","It's a really good game and helps you pass the time in a fun way, the only thing that discourages me from continuing to play is always having to start from scratch when I reinstall. I changed my phone and lost absolutely everything I had, find a way to have cloud storage, please!","","5.0","","","","","","","","","","","","","","","","","","","","","2025-12-12 04:23:40","","","","","","","","","","","","","","","","","","","","","","","cloud storage","BitLife - Life Simulator","0.0","","","",""
"App Store (App Store)","review","bit","I use to play this game a long time ago, before it’s turn into a money exploit, we hadn’t so many ads, the video ads are the most annoying ones, sometimes even when i don’t select the ads option a ads pop up in my screen, that’s disgusting, a long time ago while playing i were willing to pay for some content on the gane, but now… lord have mercy.","","1.0","","","","","","","","","","","","","","","","","","","","","2025-12-12 04:23:40","","","","","","","","","","","","","","","","","","","","","","","Game Turn Into A Money Exploit","BitLife - Life Simulator","0.0","","","",""
"App Store (App Store)","review","bit","it gets boring at some point","","4.0","","","","","","","","","","","","","","","","","","","","","2025-12-12 04:23:40","","","","","","","","","","","","","","","","","","","","","","","SO MANY ADS","BitLife - Life Simulator","0.0","","","",""
"App Store (App Store)","review","bit","Impossible to play, almost every action requires that you watch an ad, you’ll spend more time watching ads than playing the game.","","1.0","","","","","","","","","","","","","","","","","","","","","2025-12-12 04:23:40","","","","","","","","","","","","","","","","","","","","","","","Just impossible to play","BitLife - Life Simulator","0.0","","","",""
"App Store (App Store)","review","bit","…","","1.0","","","","","","","","","","","","","","","","","","","","","2025-12-12 04:23:40","","","","","","","","","","","","","","","","","","","","","","","Precisa da versão em português","BitLife - Life Simulator","0.0","","","",""
"App Store (App Store)","review","bit","voce nao consegue fazer nada se nao pagar ou ver propaganda, pessimo","","1.0","","","","","","","","","","","","","","","","","","","","","2025-12-12 04:23:40","","","","","","","","","","","","","","","","","","","","","","","tudo tem que pagar","BitLife - Life Simulator","0.0","","","",""
"App Store (App Store)","review","bit","There are simply too many ads to enjoy this game in its current state. A real shame.","","1.0","","","","","","","","","","","","","","","","","","","","","2025-12-12 04:23:40","","","","","","","","","","","","","","","","","","","","","","","Unplayable","BitLife - Life Simulator","0.0","","","",""
"App Store (App Store)","review","bit","É legal  mas tudo é pago agora, então fica difícil","","3.0","","","","","","","","","","","","","","","","","","","","","2025-12-12 04:23:40","","","","","","","","","","","","","","","","","","","","","","","Ótimo","BitLife - Life Simulator","0.0","","","",""
"App Store (App Store)","review","bit","Tá da landi pr eu verificar  atualização do jogo sendo q eu tava jogando agr e bugou e n quer entrar mais","","2.0","","","","","","","","","","","","","","","","","","","","","2025-12-12 04:23:40","","","","","","","","","","","","","","","","","","","","","","","Ajuda","Bit Heroes Quest","1.0","","","",""
"App Store (App Store)","review","bit","Até então o jogo é massa! Porém os valores dos pacotes para a moeda Real Brasileiro são muito caros! Teria q ter uma conversão melhor da moeda","","5.0","","","","","","","","","","","","","","","","","","","","","2025-12-12 04:23:40","","","","","","","","","","","","","","","","","","","","","","","Bom","Bit Heroes Quest","0.0","","","",""
"App Store (App Store)","review","bit","A anos que jogo esse jogo, mas recentemente esse problema está me desanimando. Vi que não sou apenas eu que está tendo o mesmo problema, mas ja fazem meses e vocês Não arrumaram ainda…
Por favor prestem mais atenção no seu próprio jogo, e atualizem esse problema Ridículo!","","1.0","","","","","","","","","","","","","","","","","","","","","2025-12-12 04:23:40","","","","","","","","","","","","","","","","","","","","","","","Tenho que reinstalar sempre que quero jogar","Bit Heroes Quest","0.0","","","",""
"App Store (App Store)","review","bit","Muito bom","","5.0","","","","","","","","","","","","","","","","","","","","","2025-12-12 04:23:40","","","","","","","","","","","","","","","","","","","","","","","Ok","Bit Heroes Quest","0.0","","","",""
"App Store (App Store)","review","bit","Não adianta, começo a jogar e upo, faço a conta nos negócios tudo pra não perder, do nada o app para de abrir e aí tenho que desinstalar e instalar e volto do começo mesmo com conta kongregate 
Terceira vez já e estou cansado de começar deste o início","","1.0","","","","","","","","","","","","","","","","","","","","","2025-12-12 04:23:40","","","","","","","","","","","","","","","","","","","","","","","Perda de tempo","Bit Heroes Quest","0.0","","","",""
"App Store (App Store)","review","bit","Meu jogo não quer mais abrir, já apaguei e baixei d novo e não vai","","2.0","","","","","","","","","","","","","","","","","","","","","2025-12-12 04:23:40","","","","","","","","","","","","","","","","","","","","","","","Bugou","Bit Heroes Quest","0.0","","","",""
"App Store (App Store)","review","bit","Horrível","","1.0","","","","","","","","","","","","","","","","","","","","","2025-12-12 04:23:40","","","","","","","","","","","","","","","","","","","","","","","Jogo não abre, preciso desinstalar e instalar novamente pra poder jogar","Bit Heroes Quest","0.0","","","",""
"App Store (App Store)","review","bit","O jogo é bom,só que ele abre quando ele quer…","","4.0","","","","","","","","","","","","","","","","","","","","","2025-12-12 04:23:40","","","","","","","","","","","","","","","","","","","","","","","Bom","Bit Heroes Quest","0.0","","","",""
"App Store (App Store)","review","bit","Estou tendo que desinstalar e instalar o jogo para poder jogar, simplesmente após fechar o jogo ele não abre mais","","1.0","","","","","","","","","","","","","","","","","","","","","2025-12-12 04:23:40","","","","","","","","","","","","","","","","","","","","","","","JOGO CRASH","Bit Heroes Quest","0.0","","","",""
"App Store (App Store)","review","bit","O jogo simplesmente não abre","","1.0","","","","","","","","","","","","","","","","","","","","","2025-12-12 04:23:40","","","","","","","","","","","","","","","","","","","","","","","Não abre","Bit Heroes Quest","0.0","","","",""
"App Store (App Store)","review","bit","Used to be a great game when junniper developed it, rewarded players for playing/grinding the game and even more if you spend some money on it. Had its problems but you could see devs trying to do a good game.
Now with Kong, it slowly but surely turned into a freemium cash grab, unless you dump a LOT of money, don’t expect much. The game is riddled with bugs, constant crashes, game braking itens, the devs saying one thing than doing another(ok this one is not a bug, maybe management?),friend list that doesn’t show who is on/off line, armory that doesn’t work properly( this one is persisting for years now). It is what it is, a game who used to be good who got sold to a company that don’t care that much about game experience, just the ca$h.
Good luck for you new players, I’m starting to pack my things to leave.","","3.0","","","","","","","","","","","","","","","","","","","","","2025-12-12 04:23:40","","","","","","","","","","","","","","","","","","","","","","","A saddening account of great game","Bit Heroes Quest","0.0","","","",""
"App Store (App Store)","review","bit","Eu simplesmente amo esse jogo!!
Jogo a mais de 4 anos, já perdi mais de 3 contas e mesmo assim não deixei de jogar

Jogueeem","","5.0","","","","","","","","","","","","","","","","","","","","","2025-12-12 04:23:40","","","","","","","","","","","","","","","","","","","","","","","My nick é JareDOXi","Bit Heroes Quest","0.0","","","",""
"App Store (App Store)","review","bit","Jogo não abre mais, simplesmente.","","1.0","","","","","","","","","","","","","","","","","","","","","2025-12-12 04:23:40","","","","","","","","","","","","","","","","","","","","","","","Jogo não abre mais","Bit Heroes Quest","0.0","","","",""
"App Store (App Store)","review","bit","Rpg por turnos sensacional !","","5.0","","","","","","","","","","","","","","","","","","","","","2025-12-12 04:23:40","","","","","","","","","","","","","","","","","","","","","","","RPG RAIZ","Bit Heroes Quest","0.0","","","",""
"App Store (App Store)","review","bit","O jogo é ótimo mas ele atualizou para o ios 13 e eu só tenho até o 12 aí quando eu tento instalar aparece ali você quer instalar a última versão que deu para usar no dispositivo aí eu clico no sim e quando eu entro no jogo fala carregando e em baixo do carregando fica escrito falha em carregar então por favor eu peço que tentem arrumar por favor 🙏🏼","","5.0","","","","","","","","","","","","","","","","","","","","","2025-12-12 04:23:40","","","","","","","","","","","","","","","","","","","","","","","Tenho um problema","Bit Heroes Quest","0.0","","","",""
"App Store (App Store)","review","bit","Jogo muito pika","","5.0","","","","","","","","","","","","","","","","","","","","","2025-12-12 04:23:40","","","","","","","","","","","","","","","","","","","","","","","Jogo pika","Bit Heroes Quest","0.0","","","",""
"App Store (App Store)","review","bit","Muito legal","","5.0","","","","","","","","","","","","","","","","","","","","","2025-12-12 04:23:40","","","","","","","","","","","","","","","","","","","","","","","Superrrr","Bit Heroes Quest","0.0","","","",""
"App Store (App Store)","review","bit","Comprei o booster pack nao veio nenhum item e me cobrou duas vezes.","","1.0","","","","","","","","","","","","","","","","","","","","","2025-12-12 04:23:40","","","","","","","","","","","","","","","","","","","","","","","Scam","Bit Heroes Quest","0.0","","","",""
"App Store (App Store)","review","bit","O jogo e maravilhoso,mas se tivesse uma analogica pra mexe o personagem ficaria melhor ainda,muito bom on jogo!","","5.0","","","","","","","","","","","","","","","","","","","","","2025-12-12 04:23:40","","","","","","","","","","","","","","","","","","","","","","","Muito bom!","Bit Heroes Quest","0.0","","","",""
"App Store (App Store)","review","bit","👆🏻","","5.0","","","","","","","","","","","","","","","","","","","","","2025-12-12 04:23:40","","","","","","","","","","","","","","","","","","","","","","","O mais inovador e melhor mmorpg","Bit Heroes Quest","0.0","","","",""
"App Store (App Store)","review","bit","Após a nova atualização que alterou a interface do aplicativo, surgiu um problema: quando o tema do celular está configurado para Modo Escuro, a seção onde selecionamos a moeda para conversão fica completamente preta, impossibilitando até mesmo a visualização dos nomes das moedas.

A única forma de enxergar as opções é mudar o tema do aparelho para Modo Claro, o que torna o uso menos prático para quem prefere o modo escuro.","","4.0","","","","","","","","","","","","","","","","","","","","","2025-12-12 04:23:40","","","","","","","","","","","","","","","","","","","","","","","Bug da interface","Bitso: Poupe e invista fácil","0.0","","","",""
"App Store (App Store)","review","bit","I have been using the app for the past 2 years with no problems. In this new version I can’t even talk with support. 20h and counting. How could you make such a bad update?!???!","","1.0","","","","","","","","","","","","","","","","","","","","","2025-12-12 04:23:40","","","","","","","","","","","","","","","","","","","","","","","Worst version ever","Bitso: Poupe e invista fácil","0.0","","","",""
"App Store (App Store)","review","bit","A bitso manteve sua qualidade dentro do app, além da facilidade na usabilidade é a exchange mais segura de cripto. Recomendo !","","5.0","","","","","","","","","","","","","","","","","","","","","2025-12-12 04:23:40","","","","","","","","","","","","","","","","","","","","","","","Excelente","Bitso: Poupe e invista fácil","0.0","","","",""
"App Store (App Store)","review","bit","Fiz una transação de reais a pesos argentinos, e estou aguardando a quase 30h para que me enviem o dinheiro. Uma palhaçada com o cliente!","","2.0","","","","","","","","","","","","","","","","","","","","","2025-12-12 04:23:40","","","","","","","","","","","","","","","","","","","","","","","Pésimo","Bitso: Poupe e invista fácil","0.0","","","",""
"App Store (App Store)","review","bit","Plataforma sem vergonha que engana descaradamente as pessoas, cobram na taxa de rede a taxa deles junto não dando transparência nenhuma para consumidores e quando reclamamos tá ineficiência deles, eles ainda colocam o Vitor para atender mal as pessoas","","1.0","","","","","","","","","","","","","","","","","","","","","2025-12-12 04:23:40","","","","","","","","","","","","","","","","","","","","","","","Plataforma sem vergonha","Bitso: Poupe e invista fácil","0.0","","","",""
"App Store (App Store)","review","bit","Nenhum botão funciona, exceto o que vai pra carteira no menu inferior. O resto não funciona","","1.0","","","","","","","","","","","","","","","","","","","","","2025-12-12 04:23:40","","","","","","","","","","","","","","","","","","","","","","","Botões não funcionam","Bitso: Poupe e invista fácil","0.0","","","",""
"App Store (App Store)","review","bit","Simplesmente na hora de fazer o deposito na conta pede o número de celular, coloco certinho e fala que está tendo muitas solicitações e não vai, não consigo fazer transações no app.","","1.0","","","","","","","","","","","","","","","","","","","","","2025-12-12 04:23:40","","","","","","","","","","","","","","","","","","","","","","","Não consigo terminar o cadastro","Bitso: Poupe e invista fácil","0.0","","","",""
"App Store (App Store)","review","bit","Nunca falha.","","5.0","","","","","","","","","","","","","","","","","","","","","2025-12-12 04:23:40","","","","","","","","","","","","","","","","","","","","","","","Top","Bitso: Poupe e invista fácil","0.0","","","",""
"App Store (App Store)","review","bit","5","","5.0","","","","","","","","","","","","","","","","","","","","","2025-12-12 04:23:40","","","","","","","","","","","","","","","","","","","","","","","App excelente, recomendo muito … muito fácil e seguro movimentar as cripto","Bitso: Poupe e invista fácil","0.0","","","",""
"App Store (App Store)","review","bit","Enfrentando problemas com desativação de saque. Você deixa o dinheiro, vai tirar toda vez tem que aguardar 3 dias úteis, porque desativaram o saque da conta !","","1.0","","","","","","","","","","","","","","","","","","","","","2025-12-12 04:23:40","","","","","","","","","","","","","","","","","","","","","","","Não compensa","Bitso: Poupe e invista fácil","0.0","","","",""
"App Store (App Store)","review","bit","SIMPLESMENTE UMA M…, QUANDO ENTRA EM MANUTENÇÃO PIORA, SUPORTE HORRÍVEL USEM A NOVADAX…","","1.0","","","","","","","","","","","","","","","","","","","","","2025-12-12 04:23:40","","","","","","","","","","","","","","","","","","","","","","","UM LI….","Bitso: Poupe e invista fácil","0.0","","","",""
"App Store (App Store)","review","bit","Como você vai vender ou comprar criptos se os valores para ""última hora"" nunca atualizam e quando voltam a funcionar o mercado já está em queda?!! 🤡😏","","1.0","","","","","","","","","","","","","","","","","","","","","2025-12-12 04:23:40","","","","","","","","","","","","","","","","","","","","","","","App dá pau e restringem sua retirada.","Bitso: Poupe e invista fácil","0.0","","","",""
"App Store (App Store)","review","bit","Tome cuidado  não deixam sacar seu dinheiro e ainda te roubam","","1.0","","","","","","","","","","","","","","","","","","","","","2025-12-12 04:23:40","","","","","","","","","","","","","","","","","","","","","","","Não presta","Bitso: Poupe e invista fácil","0.0","","","",""
"App Store (App Store)","review","bit","Abri a conta e infelizmente no primeiro dia, já bloquearam meu dinheiro e não deixa eu sacar nada mais! Fica dificil assim, não da pra confiar!","","1.0","","","","","","","","","","","","","","","","","","","","","2025-12-12 04:23:40","","","","","","","","","","","","","","","","","","","","","","","Saque travado","Bitso: Poupe e invista fácil","0.0","","","",""
"App Store (App Store)","review","bit","Estou com meu dinheiro preso tem 4 dias, não consigo sacar já falei com suporte com tudo e todos eles não resolvem meu caso, vou processar essa empresa lixo que não resolveram meu problema não recomendo pra ngm usar, ainda por cima estou com um valor alto lá preso que Presciso usar e eles não libera","","1.0","","","","","","","","","","","","","","","","","","","","","2025-12-12 04:23:40","","","","","","","","","","","","","","","","","","","","","","","Horrível","Bitso: Poupe e invista fácil","0.0","","","",""
"App Store (App Store)","review","bit","Então baixei depositei 50 e tals 2 dias depois hoje deposito 2k eles travam toda minha conta e não tenho suporte já contratei meu advogado aguardem.","","1.0","","","","","","","","","","","","","","","","","","","","","2025-12-12 04:23:40","","","","","","","","","","","","","","","","","","","","","","","CUIDADO PESSOAL","Bitso: Poupe e invista fácil","0.0","","","",""
"App Store (App Store)","review","bit","sempre usei essa corretora pra fazer envio de cripto mas tem muitos bugs, você vai escanear um qr code o app fecha, agora não consigo nem entrar no app e meu dinheiro está lá dentro que acabei de depositar, são erros que nunca foram corrigidos e estão aí até hoje.","","1.0","","","","","","","","","","","","","","","","","","","","","2025-12-12 04:23:40","","","","","","","","","","","","","","","","","","","","","","","fiz um depósito de pix e o app não abre mais","Bitso: Poupe e invista fácil","0.0","","","",""
"App Store (App Store)","review","bit","Gosto da simplicidade do app, não é o que tem as melhores taxas mais está bem fundamentado","","5.0","","","","","","","","","","","","","","","","","","","","","2025-12-12 04:23:40","","","","","","","","","","","","","","","","","","","","","","","Muito bom!","Bitso: Poupe e invista fácil","0.0","","","",""
"App Store (App Store)","review","bit","só uso o app para converter reais a pesos, e nisso ele cumpre muito bem a função, não depender de cambista ajuda muito no dia a dia. sempre que precisei do suporte recebi um ótimo atendimento","","5.0","","","","","","","","","","","","","","","","","","","","","2025-12-12 04:23:40","","","","","","","","","","","","","","","","","","","","","","","Prático","Bitso: Poupe e invista fácil","0.0","","","",""
"App Store (App Store)","review","bit","Só as taxas que não me agradam muito.","","5.0","","","","","","","","","","","","","","","","","","","","","2025-12-12 04:23:40","","","","","","","","","","","","","","","","","","","","","","","Muito bom","Bitso: Poupe e invista fácil","0.0","","","",""
"App Store (App Store)","review","bit","Bom","","5.0","","","","","","","","","","","","","","","","","","","","","2025-12-12 04:23:40","","","","","","","","","","","","","","","","","","","","","","","Legal","Bit Journey","1.0","","","",""
"App Store (App Store)","review","bit","Parou de funcionar, quando abre o jogo e escolhe o personagem pra jogar, ele fecha.","","1.0","","","","","","","","","","","","","","","","","","","","","2025-12-12 04:23:40","","","","","","","","","","","","","","","","","","","","","","","Grande atualização","Bit Journey","1.0","","","",""
"App Store (App Store)","review","bit","Muito bom o game. Viciante!","","5.0","","","","","","","","","","","","","","","","","","","","","2025-12-12 04:23:40","","","","","","","","","","","","","","","","","","","","","","","Mto bom","Bit Journey","0.0","","","",""
"App Store (App Store)","review","bit","Controles confusos, história vaga, não tem explicações. O jogador precisa se virar sozinho pra aprender, praticamente um jogo em construção","","1.0","","","","","","","","","","","","","","","","","","","","","2025-12-12 04:23:40","","","","","","","","","","","","","","","","","","","","","","","Ruim.","Bit Journey","0.0","","","",""
"App Store (App Store)","review","bit","Só está travando muito quando está acima de 8000 pontos.
Os comandos param de funcionar.","","2.0","","","","","","","","","","","","","","","","","","","","","2025-12-12 04:23:40","","","","","","","","","","","","","","","","","","","","","","","Bom","Bit Journey","0.0","","","",""
"App Store (App Store)","review","bit","Muito booooooommm","","5.0","","","","","","","","","","","","","","","","","","","","","2025-12-12 04:23:40","","","","","","","","","","","","","","","","","","","","","","","Bom pra caramba","Bit Journey","0.0","","","",""
"App Store (App Store)","review","bit","O projeto de jogo é muito legal , principalmente por ser brasileiro mas é um pouco enjoativo","","3.0","","","","","","","","","","","","","","","","","","","","","2025-12-12 04:23:40","","","","","","","","","","","","","","","","","","","","","","","Muito legal o projeto","Bit Journey","0.0","","","",""
"App Store (App Store)","review","bit","Mas é dificil ouvir musica cm o aplicativo","","4.0","","","","","","","","","","","","","","","","","","","","","2025-12-12 04:23:40","","","","","","","","","","","","","","","","","","","","","","","É mt bom","Bit Journey","0.0","","","",""
"App Store (App Store)","review","bit","Cara eu n comsigo dar sequer um golpe","","1.0","","","","","","","","","","","","","","","","","","","","","2025-12-12 04:23:40","","","","","","","","","","","","","","","","","","","","","","","Uma merda","Bit Journey","0.0","","","",""
"App Store (App Store)","review","bit","Acho q deveria haver um jeito mais fácil de conseguir coins","","4.0","","","","","","","","","","","","","","","","","","","","","2025-12-12 04:23:40","","","","","","","","","","","","","","","","","","","","","","","Pode melhorar","Bit Journey","0.0","","","",""
"App Store (App Store)","review","bit","O jogo é uma mistura de plataforma 2D com ação e aventura. Percebesse a expressão do autor em querer mostrar um mundo desconhecido habituado por criaturas pré-históricas, onde o seu objetivo é tentar salvar o mesmo do caos e passar por todos os obstáculos necessário, e mesmo que você morra, sempre haverá uma outra chance, e é isso que torna o jogo especial. 
Para um melhor desenvolvimento do jogo, a história deveria ser mais bem elaborada, e, pelo menos, mostrar o contexto em que situa. Mas quem sabe para a próxima versão...","","4.0","","","","","","","","","","","","","","","","","","","","","2025-12-12 04:23:40","","","","","","","","","","","","","","","","","","","","","","","Muito divertido","Bit Journey","0.0","","","",""
"App Store (App Store)","review","bit","Jogo melhor que Minecraft e fortinite bem melhor recomendo espero que minha mãe me deixe jogar","","5.0","","","","","","","","","","","","","","","","","","","","","2025-12-12 04:23:40","","","","","","","","","","","","","","","","","","","","","","","Arroz","Bit Journey","0.0","","","",""
"App Store (App Store)","review","bit","Me deu uma sensação de nostalgia com aventura. Simplesmente incrível!","","5.0","","","","","","","","","","","","","","","","","","","","","2025-12-12 04:23:40","","","","","","","","","","","","","","","","","","","","","","","Melhor jogo","Bit Journey","0.0","","","",""
"App Store (App Store)","review","bit","Gráficos muito bons, jogabilidade incrível!","","5.0","","","","","","","","","","","","","","","","","","","","","2025-12-12 04:23:40","","","","","","","","","","","","","","","","","","","","","","","MUITO LOKO","Bit Journey","0.0","","","",""
"App Store (App Store)","review","bit","I love the all the pixelart of the game. This game is amazing! 

When i setup the effects volume, would be good to listen some sound effects to do the equalization with the game music.","","5.0","","","","","","","","","","","","","","","","","","","","","2025-12-12 04:23:40","","","","","","","","","","","","","","","","","","","","","","","Amazing!","Bit Journey","0.0","","","",""
"App Store (App Store)","review","bit","Great game!","","5.0","","","","","","","","","","","","","","","","","","","","","2025-12-12 04:23:40","","","","","","","","","","","","","","","","","","","","","","","Awesome","Bit Journey","0.0","","","",""
"App Store (App Store)","review","bit","Marquinhos é o cara. Jogo impecável.","","5.0","","","","","","","","","","","","","","","","","","","","","2025-12-12 04:23:40","","","","","","","","","","","","","","","","","","","","","","","Muito bem polido","Bit Journey","0.0","","","",""
"App Store (App Store)","review","bit","Fecha sozinho na hora de selecionar o personagem, já desinstalei e instalei de novo e nada.","","1.0","","","","","","","","","","","","","","","","","","","","","2025-12-12 04:23:40","","","","","","","","","","","","","","","","","","","","","","","?????????","Bit Journey","0.0","","","",""
"App Store (App Store)","review","bit","Muito bom. Potencial pra crescer","","5.0","","","","","","","","","","","","","","","","","","","","","2025-12-12 04:23:40","","","","","","","","","","","","","","","","","","","","","","","Parabéns","Bit Journey","0.0","","","",""
"App Store (App Store)","review","bit","Eles não te orientam como se joga, vc fica perdido","","1.0","","","","","","","","","","","","","","","","","","","","","2025-12-12 04:23:40","","","","","","","","","","","","","","","","","","","","","","","Péssimo","Bit Journey","0.0","","","",""
"App Store (App Store)","review","bit","Não consigo nem inserir meu email","","1.0","","","","","","","","","","","","","","","","","","","","","2025-12-12 04:23:40","","","","","","","","","","","","","","","","","","","","","","","Não funciona","BIT","0.0","","","",""
"App Store (App Store)","review","bit","!!","","1.0","","","","","","","","","","","","","","","","","","","","","2025-12-12 04:23:40","","","","","","","","","","","","","","","","","","","","","","","Aplicativo horrível e atendimento péssimo","BIT","0.0","","","",""
"App Store (App Store)","review","bit","Horrível, não consigo colocar um e-mail","","1.0","","","","","","","","","","","","","","","","","","","","","2025-12-12 04:23:40","","","","","","","","","","","","","","","","","","","","","","","Turistas não conseguem usar","BIT","0.0","","","",""
"App Store (App Store)","review","bit","Couldn’t scan my id because I only had my passport. Couldn’t find where to put the promo code, And why so many otp, I had to ask my friend to borrow his number because I don’t have a international SIM, just one for data.

Guys have you ever studied your competitors ? Stand in front of your scooter and one from the others. Ask for 2 tourists to register and rent.
Yours will take ages and honestly it got so frustrated that i decided to just walk","","1.0","","","","","","","","","","","","","","","","","","","","","2025-12-12 04:23:40","","","","","","","","","","","","","","","","","","","","","","","So frustrating to register I just walked (I’m tourist)","BIT","0.0","","","",""
"App Store (App Store)","review","bit","O app não mandou o código de confirmação e não deu para com completar o cadastro.","","1.0","","","","","","","","","","","","","","","","","","","","","2025-12-12 04:23:40","","","","","","","","","","","","","","","","","","","","","","","Não dá para completar o cadastro","BIT","0.0","","","",""
"App Store (App Store)","review","bit","Nao da para cadastrar e utilizar.","","1.0","","","","","","","","","","","","","","","","","","","","","2025-12-12 04:23:40","","","","","","","","","","","","","","","","","","","","","","","Pessimo","BIT","0.0","","","",""
"App Store (App Store)","review","bit","Péssimo aplicativo, cadastro só da erro, não loga, pede cidade e da erro, sinceramente um péssimo aplicativo só perdemos tempo.

Criar conexão direta com o ApplePay, GooglePay, Facebook OU permitir usar o Uber, só faz o turista perder tempo","","1.0","","","","","","","","","","","","","","","","","","","","","2025-12-12 04:23:40","","","","","","","","","","","","","","","","","","","","","","","Péssimo aplicativo","BIT","0.0","","","",""
"App Store (App Store)","review","bit","Faz-nos repensar o motivo de jogarmos jogos de guerra. A guerra é um mal na humanidade. Brilhante jogo. Parabéns aos desenvolvedores.","","5.0","","","","","","","","","","","","","","","","","","","","","2025-12-12 04:23:40","","","","","","","","","","","","","","","","","","","","","","","Fantástico","This War of Mine","2.0","","","",""
"App Store (App Store)","review","bit","Esse jogo é simplesmente perfeito. Não tem um defeito, um jogo que desafia, tem que ter estratégia. Jogo a anos","","5.0","","","","","","","","","","","","","","","","","","","","","2025-12-12 04:23:40","","","","","","","","","","","","","","","","","","","","","","","Amo","This War of Mine","0.0","","","",""
"App Store (App Store)","review","bit","O jogo nem entra mais depois de um tempo só crasha","","3.0","","","","","","","","","","","","","","","","","","","","","2025-12-12 04:23:40","","","","","","","","","","","","","","","","","","","","","","","Bugs","This War of Mine","0.0","","","",""
"App Store (App Store)","review","bit","The game is beautiful, really immersive and fun to play. You begin to care about the characters and his stories faster then you think, amazing job! So good to have this quality games on mobile.","","5.0","","","","","","","","","","","","","","","","","","","","","2025-12-12 04:23:40","","","","","","","","","","","","","","","","","","","","","","","Loved the game!!","This War of Mine","0.0","","","",""
"App Store (App Store)","review","bit","Eu sou muito fã desse jogo, mas não paguei pra ficar fechando e me impedindo de jogar! Lamentável","","3.0","","","","","","","","","","","","","","","","","","","","","2025-12-12 04:23:40","","","","","","","","","","","","","","","","","","","","","","","Jogo fechando","This War of Mine","0.0","","","",""
"App Store (App Store)","review","bit","Jogo muito similar ao do Pc. Ele apenas fecha quando está sem internet! Porém, quase sempre jogo com 4G ou WI-FI. Já finalizei o game com 2 carreiras e ainda tem uma penca de personagens novos! Recomendado DEMAIS! ❤️","","5.0","","","","","","","","","","","","","","","","","","","","","2025-12-12 04:23:40","","","","","","","","","","","","","","","","","","","","","","","Incrível.","This War of Mine","0.0","","","",""
"App Store (App Store)","review","bit","Melhor ainda no móbile, que pode levar pra qualquer lugar.","","5.0","","","","","","","","","","","","","","","","","","","","","2025-12-12 04:23:40","","","","","","","","","","","","","","","","","","","","","","","Ótimo","This War of Mine","0.0","","","",""
"App Store (App Store)","review","bit","É um excelente jogo. Você se sente imerso todo tempo, querendo otimizar suas ações e gerenciar os recursos que você obtém a cada saída da base... Casa decisão que você toma tem um viés, tudo influencia. Sensacional. Não presenciei nenhum bug ou problema durante a jogatina.","","5.0","","","","","","","","","","","","","","","","","","","","","2025-12-12 04:23:40","","","","","","","","","","","","","","","","","","","","","","","Extremamente satisfatório.","This War of Mine","0.0","","","",""
"App Store (App Store)","review","bit","Jogo mt top valeu mt a pena 😁👏🏻👏🏻","","5.0","","","","","","","","","","","","","","","","","","","","","2025-12-12 04:23:40","","","","","","","","","","","","","","","","","","","","","","","Top","This War of Mine","0.0","","","",""
"App Store (App Store)","review","bit","Não sincroniza entre os aparelhos","","1.0","","","","","","","","","","","","","","","","","","","","","2025-12-12 04:23:40","","","","","","","","","","","","","","","","","","","","","","","Sincroniza","This War of Mine","0.0","","","",""
"App Store (App Store)","review","bit","Amo esse jogo é sensacional a história, totalmente imersivo, confrontante e eletrizante , não sei mais o que usar pra um enredo totalmente incrível, apaixonado!","","5.0","","","","","","","","","","","","","","","","","","","","","2025-12-12 04:23:40","","","","","","","","","","","","","","","","","","","","","","","O melhor","This War of Mine","0.0","","","",""
"App Store (App Store)","review","bit","Mto bom","","5.0","","","","","","","","","","","","","","","","","","","","","2025-12-12 04:23:40","","","","","","","","","","","","","","","","","","","","","","","Bom jogo","This War of Mine","0.0","","","",""
"App Store (App Store)","review","bit","No início, tinha ficado na dúvida de baixa-lo.. mas a minha curiosidade foi compensada com um jogo incrível!!","","5.0","","","","","","","","","","","","","","","","","","","","","2025-12-12 04:23:40","","","","","","","","","","","","","","","","","","","","","","","Game excelente!","This War of Mine","0.0","","","",""
"App Store (App Store)","review","bit","Jogo sensacional, recomendo mt pra quem gosta do gênero, simplesmente sensacional, prfvv atualizem mt mais!!! Mais dlcs","","5.0","","","","","","","","","","","","","","","","","","","","","2025-12-12 04:23:40","","","","","","","","","","","","","","","","","","","","","","","SIMPLESMENTE PERFEITO!!","This War of Mine","0.0","","","",""
"App Store (App Store)","review","bit","Jogo excelente, continuem lançando expansões.","","5.0","","","","","","","","","","","","","","","","","","","","","2025-12-12 04:23:40","","","","","","","","","","","","","","","","","","","","","","","Expansão","This War of Mine","0.0","","","",""
"App Store (App Store)","review","bit","Bom jogo, mas acaba rápido a experiência, além de ter algumas interações bem limitas.","","4.0","","","","","","","","","","","","","","","","","","","","","2025-12-12 04:23:40","","","","","","","","","","","","","","","","","","","","","","","Jogo curto","This War of Mine","0.0","","","",""
"App Store (App Store)","review","bit","Jogo viciante! Rodando tranquilo no iPhone 11, funciona tão bem quanto a versão da Steam.","","5.0","","","","","","","","","","","","","","","","","","","","","2025-12-12 04:23:40","","","","","","","","","","","","","","","","","","","","","","","Excelente jogo!","This War of Mine","0.0","","","",""
"App Store (App Store)","review","bit","Jogo realmente bom.","","5.0","","","","","","","","","","","","","","","","","","","","","2025-12-12 04:23:40","","","","","","","","","","","","","","","","","","","","","","","Perfeito","This War of Mine","0.0","","","",""
"App Store (App Store)","review","bit","Simplesmente incrível, adorei o game","","5.0","","","","","","","","","","","","","","","","","","","","","2025-12-12 04:23:40","","","","","","","","","","","","","","","","","","","","","","","Ótimo.","This War of Mine","0.0","","","",""
"App Store (App Store)","review","bit","O jogo é fantástico em todos os sentidos. Brutal, a realidade dos civis em meio à guerra é constantemente colocada à prova quando decisões, éticas ou não, são tomadas ao longo da experiência de jogo. A imagem do jogo é incrível e suas tonalidades sóbrias dão o tom sombrio do que está sendo vivido ali. Executada com perfeição, a trilha sonora é a cereja do bolo e coroa o título com uma imersão sem igual para um jogo deveras simples. Joguei no iPad Mini 5 e o jogo se assemelha em todos os aspectos a sua versão para computador, com uma jogabilidade simples e intuitiva. Se você ainda não jogou tenha certeza que ele vale cada centavo gasto e cada segundo vivido. Uma verdadeira obra de arte!","","5.0","","","","","","","","","","","","","","","","","","","","","2025-12-12 04:23:40","","","","","","","","","","","","","","","","","","","","","","","Fantástico!!","This War of Mine","0.0","","","",""
"App Store (App Store)","review","bit","Game is fun and looks good. But a 60 FPS support would be a very big upgrade! Also some new content could add some replayability .","","4.0","","","","","","","","","","","","","","","","","","","","","2025-12-12 04:23:40","","","","","","","","","","","","","","","","","","","","","","","Good game, still room for improvement","Bit City: Building Evolution","0.0","","","",""
"App Store (App Store)","review","bit","Penso que uma atualização para tornar mais proveitoso a inteligência dos jogadores será muito bem vindo. Parabéns pelo jogo é viciante a ponto de 10min parecerem 2 minutos.","","5.0","","","","","","","","","","","","","","","","","","","","","2025-12-12 04:23:40","","","","","","","","","","","","","","","","","","","","","","","Merece atualização devido a essência da dinâmica do jogo ser muito interessante.","Bit City: Building Evolution","0.0","","","",""
"App Store (App Store)","review","bit","Divertido, simples e viciante","","5.0","","","","","","","","","","","","","","","","","","","","","2025-12-12 04:23:40","","","","","","","","","","","","","","","","","","","","","","","Bem legal","Bit City: Building Evolution","0.0","","","",""
"App Store (App Store)","review","bit","Amo os jogos dessa marca e esse é muito legal!","","5.0","","","","","","","","","","","","","","","","","","","","","2025-12-12 04:23:40","","","","","","","","","","","","","","","","","","","","","","","Eu amo esse jogo","Bit City: Building Evolution","0.0","","","",""
"App Store (App Store)","review","bit","love nimblebit! great game!","","5.0","","","","","","","","","","","","","","","","","","","","","2025-12-12 04:23:40","","","","","","","","","","","","","","","","","","","","","","","Awesome","Bit City: Building Evolution","0.0","","","",""
"App Store (App Store)","review","bit","It's #Nimblebitaddiction!","","5.0","","","","","","","","","","","","","","","","","","","","","2025-12-12 04:23:40","","","","","","","","","","","","","","","","","","","","","","","Simply awesome","Bit City: Building Evolution","0.0","","","",""
"App Store (App Store)","review","bit","Muito bom um jogo viciante que muito me lembra sims city","","5.0","","","","","","","","","","","","","","","","","","","","","2025-12-12 04:23:40","","","","","","","","","","","","","","","","","","","","","","","Bit city","Bit City: Building Evolution","0.0","","","",""
"App Store (App Store)","review","bit","Jogo muito legal, porém a quinta cidade é mais do mesmo. Vamos ver as próximas…","","5.0","","","","","","","","","","","","","","","","","","","","","2025-12-12 04:23:40","","","","","","","","","","","","","","","","","","","","","","","Altamente viciante!","Bit City: Building Evolution","0.0","","","",""
"App Store (App Store)","review","bit","Cute graphics, super fun and very addictive game","","5.0","","","","","","","","","","","","","","","","","","","","","2025-12-12 04:23:40","","","","","","","","","","","","","","","","","","","","","","","Super Fun","Bit City: Building Evolution","0.0","","","",""
"App Store (App Store)","review","bit","Muito bom o jogo, atenção ao detalhes, gráficos e efeitos sonoros fofos e bem viciante.","","5.0","","","","","","","","","","","","","","","","","","","","","2025-12-12 04:23:40","","","","","","","","","","","","","","","","","","","","","","","Adorei","Bit City: Building Evolution","0.0","","","",""
"App Store (App Store)","review","bit","Vale a pena.","","5.0","","","","","","","","","","","","","","","","","","","","","2025-12-12 04:23:40","","","","","","","","","","","","","","","","","","","","","","","Muito bom.","Bit City: Building Evolution","0.0","","","",""
"App Store (App Store)","review","bit","Pessoal incluam tradução PT-BR","","3.0","","","","","","","","","","","","","","","","","","","","","2025-12-12 04:23:40","","","","","","","","","","","","","","","","","","","","","","","Só falta Tradução","Bit City: Building Evolution","0.0","","","",""
"App Store (App Store)","review","bit","Legal","","5.0","","","","","","","","","","","","","","","","","","","","","2025-12-12 04:23:40","","","","","","","","","","","","","","","","","","","","","","","👌","Bit City: Building Evolution","0.0","","","",""
"App Store (App Store)","review","bit","Acho que a escala relativa entre as construções poderia ser mais realista, por exemplo: uma casa de dois andares cabe na área de mesmo tamanho que cabe um prédio de quatro andares que é visivelmente mais largo; e as construções especiais são caras demais, quem não paga pelas notas não compra a mais cara antes de 1 ano jogando :/ Tirando isso é muito bom.","","3.0","","","","","","","","","","","","","","","","","","","","","2025-12-12 04:23:40","","","","","","","","","","","","","","","","","","","","","","","Great! But...","Bit City: Building Evolution","0.0","","","",""
"App Store (App Store)","review","bit","Ótimo,!","","5.0","","","","","","","","","","","","","","","","","","","","","2025-12-12 04:23:40","","","","","","","","","","","","","","","","","","","","","","","Otimo.","Bit City: Building Evolution","0.0","","","",""
"App Store (App Store)","review","bit","🥰 melhor jogo amo esse tipo de gráfico meio que vários cubinhos  só tem um mini-problema que me incomoda só um pouquinho, é pq no business depois de um certo nível fica preso no cemitério de animais, que me deixa triste ☹️.","","5.0","","","","","","","","","","","","","","","","","","","","","2025-12-12 04:23:40","","","","","","","","","","","","","","","","","","","","","","","Melhor Jogo do Mundo!!!","Bit City: Building Evolution","0.0","","","",""
"App Store (App Store)","review","bit","I’ve played through all the cities several times and no updates were made. 
No new cities. Just more from the same (and faster, of course)","","3.0","","","","","","","","","","","","","","","","","","","","","2025-12-12 04:23:40","","","","","","","","","","","","","","","","","","","","","","","Over 1 year without updates","Bit City: Building Evolution","0.0","","","",""
"App Store (App Store)","review","bit","Money is Not displayed correctly on screen","","3.0","","","","","","","","","","","","","","","","","","","","","2025-12-12 04:23:40","","","","","","","","","","","","","","","","","","","","","","","Please solve the Money bug","Bit City: Building Evolution","0.0","","","",""
"App Store (App Store)","review","bit","O jogo é muito divertido e legal, os graficos sao show. Porem nao tem manutencao, falta cidades novas, conteudo novo, os criadores nao dao a devida atencao. Entao acaba desanimando, com alguns dias…","","3.0","","","","","","","","","","","","","","","","","","","","","2025-12-12 04:23:40","","","","","","","","","","","","","","","","","","","","","","","Falta Manutenção","Bit City: Building Evolution","0.0","","","",""
"App Store (App Store)","review","bit","Muito bom o jogo","","5.0","","","","","","","","","","","","","","","","","","","","","2025-12-12 04:23:40","","","","","","","","","","","","","","","","","","","","","","","Fjvf","Bit City: Building Evolution","0.0","","","",""
"App Store (App Store)","review","bit","Bon","","5.0","","","","","","","","","","","","","","","","","","","","","2025-12-12 04:23:40","","","","","","","","","","","","","","","","","","","","","","","Bo","8bit Painter","0.0","","","",""
"App Store (App Store)","review","bit","AMEI DEMAIS","","5.0","","","","","","","","","","","","","","","","","","","","","2025-12-12 04:23:40","","","","","","","","","","","","","","","","","","","","","","","MARAVILHOSO","8bit Painter","0.0","","","",""
"App Store (App Store)","review","bit","Serve bem mas sinto que falta algo","","3.0","","","","","","","","","","","","","","","","","","","","","2025-12-12 04:23:40","","","","","","","","","","","","","","","","","","","","","","","Serve","8bit Painter","0.0","","","",""
"App Store (App Store)","review","bit","Copy and Paste is necessary","","5.0","","","","","","","","","","","","","","","","","","","","","2025-12-12 04:23:40","","","","","","","","","","","","","","","","","","","","","","","Copy and Paste is necessary","8bit Painter","0.0","","","",""
"App Store (App Store)","review","bit","O aplicativo é ate bom mais ele trava demais, eu clico para ver a tela toda e nao vai, quando clico em algo n vai tenho clicar muitas vezes, nao gostei.","","2.0","","","","","","","","","","","","","","","","","","","","","2025-12-12 04:23:40","","","","","","","","","","","","","","","","","","","","","","","Ruim","8bit Painter","0.0","","","",""
"App Store (App Store)","review","bit","Eeste app é muito bom mas falta instrumentos","","5.0","","","","","","","","","","","","","","","","","","","","","2025-12-12 04:23:40","","","","","","","","","","","","","","","","","","","","","","","Muito bom mas...","8bit Painter","0.0","","","",""
"App Store (App Store)","review","bit","O aplicativo é muito bom e indicado pra quem quer criar um pixel art de forma livre e própria, mas ainda acho que deveria ter uma opção de diminuir a visibilidade ou opacidade da imagem para que se possa ver o quanto já se foi feito por cima da imagem original, mas fora isso o aplicativo é perfeito, simples e fácil de se usar","","4.0","","","","","","","","","","","","","","","","","","","","","2025-12-12 04:23:40","","","","","","","","","","","","","","","","","","","","","","","Adicionem a opção de diminuir a opacidade","8bit Painter","0.0","","","",""
"App Store (App Store)","review","bit","Acho que deveriam adicionar mais ferramentas utilitárias","","4.0","","","","","","","","","","","","","","","","","","","","","2025-12-12 04:23:40","","","","","","","","","","","","","","","","","","","","","","","Opinião","8bit Painter","0.0","","","",""
"App Store (App Store)","review","bit","Tudo bem que o Inglês é um idioma global, mas não vejo problema no jogo ter uma versão em Português.","","1.0","","","","","","","","","","","","","","","","","","","","","2025-12-12 04:23:40","","","","","","","","","","","","","","","","","","","","","","","Falta de idioma Português","BitLife Dogs - DogLife","0.0","","","",""
"App Store (App Store)","review","bit","Very original game. 9/10. Love it! I just hope that dogs could be adopted by royalty!","","5.0","","","","","","","","","","","","","","","","","","","","","2025-12-12 04:23:40","","","","","","","","","","","","","","","","","","","","","","","Amazing!","BitLife Dogs - DogLife","0.0","","","",""
"App Store (App Store)","review","bit","Eu gostei bastante do jogo,mas tinham que fazer uma versão BR","","4.0","","","","","","","","","","","","","","","","","","","","","2025-12-12 04:23:40","","","","","","","","","","","","","","","","","","","","","","","É…","BitLife Dogs - DogLife","0.0","","","",""
"App Store (App Store)","review","bit","O jogo em si é legal, porém está tudo em inglês, criem uma versão em português por favor! Please Portuguis!","","2.0","","","","","","","","","","","","","","","","","","","","","2025-12-12 04:23:40","","","","","","","","","","","","","","","","","","","","","","","Legal","BitLife Dogs - DogLife","0.0","","","",""
"App Store (App Store)","review","bit","Eu estou uma noite inteira tentando traduzir o jogo e não consigo pra vocês botarem 300 versões de linguagem pro bit life vocês tinham que fazer o mesmo pro dog life e pro cat life estou esperando pra ontem","","1.0","","","","","","","","","","","","","","","","","","","","","2025-12-12 04:23:40","","","","","","","","","","","","","","","","","","","","","","","cadê a tradução?","BitLife Dogs - DogLife","0.0","","","",""
"App Store (App Store)","review","bit","Poderiam colocar o jogo em português também pelo manos","","4.0","","","","","","","","","","","","","","","","","","","","","2025-12-12 04:23:40","","","","","","","","","","","","","","","","","","","","","","","Mudem o idioma","BitLife Dogs - DogLife","0.0","","","",""
"App Store (App Store)","review","bit","Good","","5.0","","","","","","","","","","","","","","","","","","","","","2025-12-12 04:23:40","","","","","","","","","","","","","","","","","","","","","","","Good game","BitLife Dogs - DogLife","0.0","","","",""
"App Store (App Store)","review","bit","Bom porém não tem em português então muito difícil de jogar","","4.0","","","","","","","","","","","","","","","","","","","","","2025-12-12 04:23:40","","","","","","","","","","","","","","","","","","","","","","","Idioma português","BitLife Dogs - DogLife","0.0","","","",""
"App Store (App Store)","review","bit","achei muito legal a proposta do jogo, As aventuras são muito legais todas as nações do jogo não trava Temple com os anúncios o que é o melhor de todos na minha opinião porém acho que deveria ter em português porque eu por não saber inglês dificulta muito","","3.0","","","","","","","","","","","","","","","","","","","","","2025-12-12 04:23:40","","","","","","","","","","","","","","","","","","","","","","","a","BitLife Dogs - DogLife","0.0","","","",""
"App Store (App Store)","review","bit","Hm deveriam fazer ele em português pois este jogo não joga só pessoas que entendem inglês brasileiros também querem jogar! Espero que façam essa atualização","","3.0","","","","","","","","","","","","","","","","","","","","","2025-12-12 04:23:40","","","","","","","","","","","","","","","","","","","","","","","Ainda não joguei vou instalar!","BitLife Dogs - DogLife","0.0","","","",""
"App Store (App Store)","review","bit","Porque não tem Brasileiro 😭","","1.0","","","","","","","","","","","","","","","","","","","","","2025-12-12 04:23:40","","","","","","","","","","","","","","","","","","","","","","","Sofia","BitLife Dogs - DogLife","0.0","","","",""
"App Store (App Store)","review","bit","it's very cool, but can do the brazilian version? i don’t understand nothing, is very bad! im brasilian and like bitlife,i like this game too,but DO THE BRASILIAN VERSION! please","","3.0","","","","","","","","","","","","","","","","","","","","","2025-12-12 04:23:40","","","","","","","","","","","","","","","","","","","","","","","i wanna the brazilian game version","BitLife Dogs - DogLife","0.0","","","",""
"App Store (App Store)","review","bit","5 estrelas","","5.0","","","","","","","","","","","","","","","","","","","","","2025-12-12 04:23:40","","","","","","","","","","","","","","","","","","","","","","","Aaaaaaa","BitLife Dogs - DogLife","0.0","","","",""
"App Store (App Store)","review","bit","Faz em Português, Porfavor","","5.0","","","","","","","","","","","","","","","","","","","","","2025-12-12 04:23:40","","","","","","","","","","","","","","","","","","","","","","","PLEASEEEE","BitLife Dogs - DogLife","0.0","","","",""
"App Store (App Store)","review","bit","O jogo é bem legal. Não entendi porque disseram que fala sobre… aquilo. Eu sei que da pra acasalar no jogo, mas e daí? Isso faz parte da vida de um cachorro. Mesmo sendo um ótimo jogo, tem alguns defeitos. É horrível a parte de ter a opção de comer ou acasalar com os filhotes. Sei que é só ignorar mas horrível pensar isso, mesmo sendo natural. Fora isso, amei esse jogo, é muito divertido. O meu cachorro deste jogo se chama Pedro, é muito deformado por causa que já foi atacado pelo alfa Penny 2 vezes, mas ele é muito feliz, pois ele trata muito bem seu dono, sua parceira e seus filhotes. Ele é um Ômega feliz.","","4.0","","","","","","","","","","","","","","","","","","","","","2025-12-12 04:23:40","","","","","","","","","","","","","","","","","","","","","","","Jogo Legal.👍","BitLife Dogs - DogLife","0.0","","","",""
"App Store (App Store)","review","bit","🫶🏻","","4.0","","","","","","","","","","","","","","","","","","","","","2025-12-12 04:23:40","","","","","","","","","","","","","","","","","","","","","","","Podia estar em português","BitLife Dogs - DogLife","0.0","","","",""
"App Store (App Store)","review","bit","Deveria ter em português","","1.0","","","","","","","","","","","","","","","","","","","","","2025-12-12 04:23:40","","","","","","","","","","","","","","","","","","","","","","","Idioma","BitLife Dogs - DogLife","0.0","","","",""
"App Store (App Store)","review","bit","Idioma português por favor","","3.0","","","","","","","","","","","","","","","","","","","","","2025-12-12 04:23:40","","","","","","","","","","","","","","","","","","","","","","","Idioma português por favor","BitLife Dogs - DogLife","0.0","","","",""
"App Store (App Store)","review","bit","Pra começar não tem em português, o bitlife tem até uma versão inteira em português só pra nós brasileiros, e esse jogo só tem inglês, e Namoral, TEM CADA COiSA NOJeNTA, eu até aceito zoof!lios no jogo, porque meio que isso infelizmente é uma realidade, mas não aceito eles colocarem UM MoNTE no jogo, todo canto nesse jogo tem esse tipo de pessoa, e também tem muita coisa mais nojenta, tem uma recompensa que é literalmente você G0ZAR EM UM HUMANO!  Quem permitiu essas coisas na produção dessa averbação em forma de joguinho mobile deveria ser PRESO!","","1.0","","","","","","","","","","","","","","","","","","","","","2025-12-12 04:23:40","","","","","","","","","","","","","","","","","","","","","","","CRIMINOSO","BitLife Dogs - DogLife","0.0","","","",""
"App Store (App Store)","review","bit","Bemmmmm ruim, nos primeiros minutos e até interessante, mas depois fica além de chato muito confuso","","2.0","","","","","","","","","","","","","","","","","","","","","2025-12-12 04:23:40","","","","","","","","","","","","","","","","","","","","","","","Perda de tempo","BitLife Dogs - DogLife","0.0","","","",""
"App Store (App Store)","review","bit","The best app ever made!!!
Extremely reliable and accurate!!!!","","5.0","","","","","","","","","","","","","","","","","","","","","2025-12-12 04:23:40","","","","","","","","","","","","","","","","","","","","","","","Amazing","Magic 8 bit 8 ball","0.0","","","",""
"App Store (App Store)","review","bit","Best App no the store","","5.0","","","","","","","","","","","","","","","","","","","","","2025-12-12 04:23:40","","","","","","","","","","","","","","","","","","","","","","","Perfect! Super accurate","Magic 8 bit 8 ball","0.0","","","",""
"App Store (App Store)","review","bit","Eu curti bastante o jogo, porém, se todos os jogos não fossem pagos eu daria uma avaliação melhor mais não é o caso.","","3.0","","","","","","","","","","","","","","","","","","","","","2025-12-12 04:23:40","","","","","","","","","","","","","","","","","","","","","","","100% pago","PicoPico - 8bit Retro Games","1.0","","","",""
"App Store (App Store)","review","bit","Não dá pra jogar querem lucrar de Qualquer forma","","1.0","","","","","","","","","","","","","","","","","","","","","2025-12-12 04:23:40","","","","","","","","","","","","","","","","","","","","","","","Pago???","PicoPico - 8bit Retro Games","0.0","","","",""
"App Store (App Store)","review","bit","O virtual pad  do jogo são duros e ruins atrapalhando de mais o jogador outra coisa que notei e que o app não tem filtros de imagem que seria muito bom se tivesse 2 pontos positivos e poder jogar local via bluetooth e configurar joy pad também pelo bluetooth se eu desse uma mota seria 5.5/10 futuramente pode ser um bom app para jogadores retro","","3.0","","","","","","","","","","","","","","","","","","","","","2025-12-12 04:23:40","","","","","","","","","","","","","","","","","","","","","","","Ruim porem pode melhorar","PicoPico - 8bit Retro Games","0.0","","","",""
"App Store (App Store)","review","bit","Sensacional, não tem outra palavra pra descrever","","5.0","","","","","","","","","","","","","","","","","","","","","2025-12-12 04:23:40","","","","","","","","","","","","","","","","","","","","","","","Melhor rpg on-line que já joguei na minha vida","Hero of Aethric Dungeon MMORPG","1.0","","","",""
"App Store (App Store)","review","bit","O jogo tem um nível de dificuldade que vai aumentando conforme você vai avançando, também existem comunidades dedicadas a ajuda novatos, aqui no BR você escolhe o elemento de RAIO, e tem várias guilds, enfim entra lá no game que vai ver que vale a pena, quero ver sair depois (aaaaaah NÃO TRM PAY TO WIN tem como comprar booster de exp e etc, mas tem como pegar no game também)","","5.0","","","","","","","","","","","","","","","","","","","","","2025-12-12 04:23:40","","","","","","","","","","","","","","","","","","","","","","","Melhor MMORPG possível","Hero of Aethric Dungeon MMORPG","0.0","","","",""
"App Store (App Store)","review","bit","Melhor RPG clássico de todos","","5.0","","","","","","","","","","","","","","","","","","","","","2025-12-12 04:23:40","","","","","","","","","","","","","","","","","","","","","","","Top RPG","Hero of Aethric Dungeon MMORPG","0.0","","","",""
"App Store (App Store)","review","bit","Bug de acessibilidade uso leitor de tela e não consigo matar os monstros por favor resolvam não existem muitos jogos acessíveis","","5.0","","","","","","","","","","","","","","","","","","","","","2025-12-12 04:23:40","","","","","","","","","","","","","","","","","","","","","","","Aethric","Hero of Aethric Dungeon MMORPG","0.0","","","",""
"App Store (App Store)","review","bit","Top demais","","5.0","","","","","","","","","","","","","","","","","","","","","2025-12-12 04:23:40","","","","","","","","","","","","","","","","","","","","","","","Melhor jogooooo","Hero of Aethric Dungeon MMORPG","0.0","","","",""
"App Store (App Store)","review","bit","🎩
          🥸
 🤛--👕\
          👖💼 
           **","","5.0","","","","","","","","","","","","","","","","","","","","","2025-12-12 04:23:40","","","","","","","","","","","","","","","","","","","","","","","Amei, funciona super 🍍🪳","micro:bit","0.0","","","",""
"App Store (App Store)","review","bit","Parabéns muito bom!","","5.0","","","","","","","","","","","","","","","","","","","","","2025-12-12 04:23:40","","","","","","","","","","","","","","","","","","","","","","","Parabéns!","micro:bit","0.0","","","",""
"App Store (Google Play)","review","bit","Só queria poder mexer no meu Cell em paz. Mas não, é o tempo todo mandando baixar esse aplicativo, o tempo inteiro mostrando ele do nada na tela do meu Cell. Tô de saco cheio, resolva isso aí por favor. Quando for do meu interesse, eu vou usá-lo!","","1.0","","","","","","","","","","","","","","","","","","","","","2025-12-12 04:23:40","","","","","","","","","","","","","","","","","","","","","","","","BIT","80.0","","","",""
"App Store (Google Play)","review","bit","Já levei a situação desse aplicativo para a minha advogada, não é possível essa ação do aplicativo abrir toda hora e forçando a gente a instalar para reclamar Aplicativo insuportável e o que eu puder dar de avaliação negativa eu irei","","1.0","","","","","","","","","","","","","","","","","","","","","2025-12-12 04:23:40","","","","","","","","","","","","","","","","","","","","","","","","BIT","41.0","","","",""
"App Store (Google Play)","review","bit","Que caraio de app, fica só me interrompendo de mexer no meu celular.","","1.0","","","","","","","","","","","","","","","","","","","","","2025-12-12 04:23:40","","","","","","","","","","","","","","","","","","","","","","","","BIT","23.0","","","",""
"App Store (Google Play)","review","bit","Vou fazer o teste com esse aplicativo, espero que der tudo certo, que eu possa ganhar muito dinheiro com criptografia.","","5.0","","","","","","","","","","","","","","","","","","","","","2025-12-12 04:23:40","","","","","","","","","","","","","","","","","","","","","","","","BIT","17.0","","","",""
"App Store (Google Play)","review","bit","Bom,para ficar ótima coloquem ........Pix.......(Brasil)","","3.0","","","","","","","","","","","","","","","","","","","","","2025-12-12 04:23:40","","","","","","","","","","","","","","","","","","","","","","","","BIT","10.0","","","",""
"App Store (Google Play)","review","bit","Não quero esse aplicativo. Não interessa.","","1.0","","","","","","","","","","","","","","","","","","","","","2025-12-12 04:23:40","","","","","","","","","","","","","","","","","","","","","","","","BIT","9.0","","","",""
"App Store (Google Play)","review","bit","Não quero esse aplicativo Só fica aparecendo no meu celular Não quero","","1.0","","","","","","","","","","","","","","","","","","","","","2025-12-12 04:23:40","","","","","","","","","","","","","","","","","","","","","","","","BIT","9.0","","","",""
"App Store (Google Play)","review","bit","Para de te ta enchendo o saco carai","","1.0","","","","","","","","","","","","","","","","","","","","","2025-12-12 04:23:40","","","","","","","","","","","","","","","","","","","","","","","","BIT","6.0","","","",""
"App Store (Google Play)","review","bit","Vou testar ## depois posto o resultado aqui","","2.0","","","","","","","","","","","","","","","","","","","","","2025-12-12 04:23:40","","","","","","","","","","","","","","","","","","","","","","","","BIT","6.0","","","",""
"App Store (Google Play)","review","bit","pessimo demais","","1.0","","","","","","","","","","","","","","","","","","","","","2025-12-12 04:23:40","","","","","","","","","","","","","","","","","","","","","","","","BIT","6.0","","","",""
"App Store (Google Play)","review","bit","E uma oportunidade pra mim","","5.0","","","","","","","","","","","","","","","","","","","","","2025-12-12 04:23:40","","","","","","","","","","","","","","","","","","","","","","","","BIT","5.0","","","",""
"App Store (Google Play)","review","bit","Muito top...","","5.0","","","","","","","","","","","","","","","","","","","","","2025-12-12 04:23:40","","","","","","","","","","","","","","","","","","","","","","","","BIT","5.0","","","",""
"App Store (Google Play)","review","bit","Péssimo","","1.0","","","","","","","","","","","","","","","","","","","","","2025-12-12 04:23:40","","","","","","","","","","","","","","","","","","","","","","","","BIT","5.0","","","",""
"App Store (Google Play)","review","bit","Não quero assistir mais esse vídeo nem entrar nesse app quero excluir","","1.0","","","","","","","","","","","","","","","","","","","","","2025-12-12 04:23:40","","","","","","","","","","","","","","","","","","","","","","","","BIT","5.0","","","",""
"App Store (Google Play)","review","bit","Eu não quero este aplicativo, que droga","","1.0","","","","","","","","","","","","","","","","","","","","","2025-12-12 04:23:40","","","","","","","","","","","","","","","","","","","","","","","","BIT","4.0","","","",""
"App Store (Google Play)","review","bit","Quero que essa desgraça pare de aparecer toda hora no meu celular eu não gosta de criptoinferno","","1.0","","","","","","","","","","","","","","","","","","","","","2025-12-12 04:23:40","","","","","","","","","","","","","","","","","","","","","","","","BIT","2.0","","","",""
"App Store (Google Play)","review","bit","Horrível esse aplicativo fica parecendo no celular de td mundo karaí 🤬 f************","","1.0","","","","","","","","","","","","","","","","","","","","","2025-12-12 04:23:40","","","","","","","","","","","","","","","","","","","","","","","","BIT","1.0","","","",""
"App Store (Google Play)","review","bit","Péssimo!!","","1.0","","","","","","","","","","","","","","","","","","","","","2025-12-12 04:23:40","","","","","","","","","","","","","","","","","","","","","","","","BIT","1.0","","","",""
"App Store (Google Play)","review","bit","bom","","5.0","","","","","","","","","","","","","","","","","","","","","2025-12-12 04:23:40","","","","","","","","","","","","","","","","","","","","","","","","BIT","0.0","","","",""
"App Store (Google Play)","review","bit","Corretora golpista, até o momento é esse o sentimento sobre essa corretora. Pois ela permite depositos sem kyc e depois pedem kyc para transferência de suas cryptos e quando vai fazer kyc ela não aceita seus documentos.","","1.0","","","","","","","","","","","","","","","","","","","","","2025-12-12 04:23:40","","","","","","","","","","","","","","","","","","","","","","","","BIT","0.0","","","",""
"App Store (Google Play)","review","bit","o jogo era muito legal, até tudo que tinha de interessante a se fazer passou a ser pago. Nota 0/10 para isso.","","1.0","","","","","","","","","","","","","","","","","","","","","2025-12-12 04:23:40","","","","","","","","","","","","","","","","","","","","","","","","BitLife BR - Simulação de vida","0.0","","","",""
"App Store (Google Play)","review","bit","amo esse jogo, voltei a jogar por nostalgia até comprei o god mood, porém antes de ver como o jogo estava dps de tempos, até pra seguir carreira especial, msm com talento tem que pagar... Bem que poderiam mudar isso...","","3.0","","","","","","","","","","","","","","","","","","","","","2025-12-12 04:23:40","","","","","","","","","","","","","","","","","","","","","","","","BitLife BR - Simulação de vida","0.0","","","",""
"App Store (Google Play)","review","bit","é um jogo ótimo muito divertido, e realista. porém a quantidade de anúncios e opções para pessoas que não querem pagar em jogos acaba estragando a experiência.","","3.0","","","","","","","","","","","","","","","","","","","","","2025-12-12 04:23:40","","","","","","","","","","","","","","","","","","","","","","","","BitLife BR - Simulação de vida","0.0","","","",""
"App Store (Google Play)","review","bit","jogo é legal e interessante, tem a opção no modo deus (expansões) e tem várias expansões, o problema que o preço delas é 100 reais 🤨","","2.0","","","","","","","","","","","","","","","","","","","","","2025-12-12 04:23:40","","","","","","","","","","","","","","","","","","","","","","","","BitLife BR - Simulação de vida","0.0","","","",""
"App Store (Google Play)","review","bit","gostei da minha vida, foi bem louca e me tornei piloto em bati em dos prédios gêmeos a meu nome era Celso Portiolli","","5.0","","","","","","","","","","","","","","","","","","","","","2025-12-12 04:23:40","","","","","","","","","","","","","","","","","","","","","","","","BitLife BR - Simulação de vida","0.0","","","",""
"App Store (Google Play)","review","bit","legal","","5.0","","","","","","","","","","","","","","","","","","","","","2025-12-12 04:23:40","","","","","","","","","","","","","","","","","","","","","","","","BitLife BR - Simulação de vida","0.0","","","",""
"App Store (Google Play)","review","bit","Sinto que vivi todas as possíveis experiências a partir desse jogo. Boa sorte aos que continuam nesta vida, até um outra. Tchau.🌎","","5.0","","","","","","","","","","","","","","","","","","","","","2025-12-12 04:23:40","","","","","","","","","","","","","","","","","","","","","","","","BitLife BR - Simulação de vida","0.0","","","",""
"App Store (Google Play)","review","bit","muito bom ótimo 😉","","5.0","","","","","","","","","","","","","","","","","","","","","2025-12-12 04:23:40","","","","","","","","","","","","","","","","","","","","","","","","BitLife BR - Simulação de vida","0.0","","","",""
"App Store (Google Play)","review","bit","eu baixei pelo happy mod ai quem leu baixa lá também tem modo deus grátis tem vip gratis recomendo muito ai descupa ai desenvovedores mas primeiro pense em deixa alguns pacotes gratis pô","","5.0","","","","","","","","","","","","","","","","","","","","","2025-12-12 04:23:40","","","","","","","","","","","","","","","","","","","","","","","","BitLife BR - Simulação de vida","0.0","","","",""
"App Store (Google Play)","review","bit","Es realmente genial, puedes tener una vida útil útil o INÚTIL, y es uno de los juegos que encuentro más divertidos de jugar.","","5.0","","","","","","","","","","","","","","","","","","","","","2025-12-12 04:23:40","","","","","","","","","","","","","","","","","","","","","","","","BitLife BR - Simulação de vida","0.0","","","",""
"App Store (Google Play)","review","bit","o que quebra o jogo é que tudoooo tem que pagar, queria uma carreira de futebol tem que pagar se você quiser ser qualquer coisa tem que pagar aí fica difícil né você poderiam mudar isso ne aí seria o melhor jogo de todos.","","1.0","","","","","","","","","","","","","","","","","","","","","2025-12-12 04:23:40","","","","","","","","","","","","","","","","","","","","","","","","BitLife BR - Simulação de vida","0.0","","","",""
"App Store (Google Play)","review","bit","jogo sensacional","","5.0","","","","","","","","","","","","","","","","","","","","","2025-12-12 04:23:40","","","","","","","","","","","","","","","","","","","","","","","","BitLife BR - Simulação de vida","0.0","","","",""
"App Store (Google Play)","review","bit","queria que as coisas fossem grátis","","5.0","","","","","","","","","","","","","","","","","","","","","2025-12-12 04:23:40","","","","","","","","","","","","","","","","","","","","","","","","BitLife BR - Simulação de vida","0.0","","","",""
"App Store (Google Play)","review","bit","Ponto positivo você consegue ter uma vida tranquila e de boa as simulações a qual vida você quer seguir pontos negativos pay tô Win a maioria e pago e também metralha de anúncio pra mim eu não recomendo","","1.0","","","","","","","","","","","","","","","","","","","","","2025-12-12 04:23:40","","","","","","","","","","","","","","","","","","","","","","","","BitLife BR - Simulação de vida","0.0","","","",""
"App Store (Google Play)","review","bit","jogo maravilhoso é divertido da para fazer várias coisas.","","5.0","","","","","","","","","","","","","","","","","","","","","2025-12-12 04:23:40","","","","","","","","","","","","","","","","","","","","","","","","BitLife BR - Simulação de vida","0.0","","","",""
"App Store (Google Play)","review","bit","aplicativos sensacional muito bom gostei muito desse aplicativo das piadas adultas adultas sexuais eu não queria que vocês colocasse mais piadas adultas sexuais e muito mais top","","5.0","","","","","","","","","","","","","","","","","","","","","2025-12-12 04:23:40","","","","","","","","","","","","","","","","","","","","","","","","BitLife BR - Simulação de vida","0.0","","","",""
"App Store (Google Play)","review","bit","muito anúncio, Mais é bom, E os preços das gamepass estão caros","","4.0","","","","","","","","","","","","","","","","","","","","","2025-12-12 04:23:40","","","","","","","","","","","","","","","","","","","","","","","","BitLife BR - Simulação de vida","0.0","","","",""
"App Store (Google Play)","review","bit","Mano que raiva desse jogo sério mesmo,ele simplesmente entra aonde que não deveria entrar nossa que raiva meu,não dá nem pra jogar direito vou por duas estrelas por que é isso que vocês merecem!!!!jogo lixo","","2.0","","","","","","","","","","","","","","","","","","","","","2025-12-12 04:23:40","","","","","","","","","","","","","","","","","","","","","","","","BitLife BR - Simulação de vida","0.0","","","",""
"App Store (Google Play)","review","bit","o jogo é bom porém falta senso e sentido. minha mãe é desempregada e quando fiz 18 anos , ela me deu um bugatti de presente, um bugatti... isso nao tem um pingo de nexo kkkkk o jogo está pra simular a vida, claro que nao 100% , mas tem que ter um pouco de sentido ne? nao facilifar meu lado. muita das vezes, sou rico e só me aparece carros de luxo! eu quero ter bastante dinheiro mas andar em um carro baixa renda ! poxa, se poder fazer lojas separadas com carros caros/baratos , é bom!","","4.0","","","","","","","","","","","","","","","","","","","","","2025-12-12 04:23:40","","","","","","","","","","","","","","","","","","","","","","","","BitLife BR - Simulação de vida","0.0","","","",""
"App Store (Google Play)","review","bit","muito bom esse jogo melhor jogo simulador de vida","","5.0","","","","","","","","","","","","","","","","","","","","","2025-12-12 04:23:40","","","","","","","","","","","","","","","","","","","","","","","","BitLife BR - Simulação de vida","0.0","","","",""
"App Store (Google Play)","review","bit","o jogo é ótimo e incrível, mas existem coisas que podem melhorar, uma delas que sugiro é a possibilidade de poder ter mais de uma profissão especial, como por exemplo a possibilidade de você ser modelo e ter uma empresa sendo CEO ao mesmo tempo, ator e modelo ao mesmo tempo, seria algo interessante e divertido pois daria muitas possibilidades criativas","","5.0","","","","","","","","","","","","","","","","","","","","","2025-12-12 04:23:40","","","","","","","","","","","","","","","","","","","","","","","","BitLife BR - Simulação de vida","5.0","","","",""
"App Store (Google Play)","review","bit","Acho que o jogo ""Bit Life BR - Simulação De Vida"" tem mais pontos positivos do que negativos. A liberdade de escolha e o realismo são aspectos muito atraentes do jogo, e os gráficos simples tornam-no acessível a uma ampla gama de dispositivos. Embora possa haver algumas repetições e limitações, os pontos positivos parecem superar os negativos para a maioria dos jogadores. É um jogo divertido e envolvente! 😊","","5.0","","","","","","","","","","","","","","","","","","","","","2025-12-12 04:23:40","","","","","","","","","","","","","","","","","","","","","","","","BitLife BR - Simulação de vida","473.0","","","",""
"App Store (Google Play)","review","bit","O jogo dá várias opções de escolhas e é muito criativo ,podemos ter dons,viver mais etc.","","5.0","","","","","","","","","","","","","","","","","","","","","2025-12-12 04:23:40","","","","","","","","","","","","","","","","","","","","","","","","BitLife BR - Simulação de vida","4.0","","","",""
"App Store (Google Play)","review","bit","o jogo completo é muito bom mas eu acho que alguns profissões de esportes deveria ser de graça até porque fica comprando quase ninguém vai comprar porque é muito caro então eu acho que tipo assim futebol deveria ser de graça porque é uma profissão que todo mundo gosta lutador de UFC também poderia botar mas também não é tão importante eu acho que em vez de só poder ficar trabalhando de graça poderia botar futebol de graça porque não é todo mundo que tem condição de comprar","","5.0","","","","","","","","","","","","","","","","","","","","","2025-12-12 04:23:40","","","","","","","","","","","","","","","","","","","","","","","","BitLife BR - Simulação de vida","0.0","","","",""
"App Store (Google Play)","review","bit","Eu amo tanto o jogo BitLife porque ele me dá a chance de viver várias vidas diferentes sem sair do lugar. Cada decisão muda totalmente o rumo da história, e isso me faz sentir no controle do destino do meu personagem. Gosto da liberdade que o jogo oferece: posso escolher uma profissão, formar família, ficar rico, viajar pelo mundo ou até tomar decisões malucas só para ver o que acontece. Além disso, cada partida é única, sempre cheia de surpresas e situações engraçadas ou inesperadas. E eu amo!","","5.0","","","","","","","","","","","","","","","","","","","","","2025-12-12 04:23:40","","","","","","","","","","","","","","","","","","","","","","","","BitLife BR - Simulação de vida","15.0","","","",""
"App Store (Google Play)","review","bit","jogo muito bom,achei ótimo porém quase tudo tem que pagar. mais achei o jogo muito bom mesmo.","","5.0","","","","","","","","","","","","","","","","","","","","","2025-12-12 04:23:40","","","","","","","","","","","","","","","","","","","","","","","","BitLife BR - Simulação de vida","0.0","","","",""
"App Store (Google Play)","review","bit","É ótima a distração mas poderia liberar alguns pacotes pagos como premiação.","","5.0","","","","","","","","","","","","","","","","","","","","","2025-12-12 04:23:40","","","","","","","","","","","","","","","","","","","","","","","","BitLife BR - Simulação de vida","0.0","","","",""
"App Store (Google Play)","review","bit","e sensacional!! da para passar bastante tempo jogando, e tem bastante coisas para fazer, muito divertido 😃","","5.0","","","","","","","","","","","","","","","","","","","","","2025-12-12 04:23:40","","","","","","","","","","","","","","","","","","","","","","","","BitLife BR - Simulação de vida","0.0","","","",""
"App Store (Google Play)","review","bit","o jogo e muito bom simula uma vida e muitooo massa jogar mais vou dar uma sugestão você era pra pode escolher se você escolher oque vai fazer na vida se vai ser trabalhador policial ou bandido","","5.0","","","","","","","","","","","","","","","","","","","","","2025-12-12 04:23:40","","","","","","","","","","","","","","","","","","","","","","","","BitLife BR - Simulação de vida","0.0","","","",""
"App Store (Google Play)","review","bit","O jogo é bom! Dá muito para passar o tempo, e tem uma boa jogatina (se é assim, que se chama); mais os pontos negativos são os anúncios, e os modos: “Deus e Bitsten”(perdão se eu escrevi errado), não serem ilimitados e grátis para quem quer editar a aparência por exemplo, para mim ou todos, o jogo seria ótimo se todos os recursos que tem, não só os modos “Deus e Bitsten” os outros recursos que tem ser pagos teriam que ser grátis. Mais enfim, ótimo o jogo! Parabéns a os desenvolvedores","","5.0","","","","","","","","","","","","","","","","","","","","","2025-12-12 04:23:40","","","","","","","","","","","","","","","","","","","","","","","","BitLife BR - Simulação de vida","0.0","","","",""
"App Store (Google Play)","review","bit","adoro o jogo, mas em 2022 comprei o pacote modo god + bicitizen e minha compra simplesmente sumiu 🫠 até perco a vontade de jogar edit: mandei um email, e conseguiram restaurar minha compra 🫶🏻","","5.0","","","","","","","","","","","","","","","","","","","","","2025-12-12 04:23:40","","","","","","","","","","","","","","","","","","","","","","","","BitLife BR - Simulação de vida","0.0","","","",""
"App Store (Google Play)","review","bit","Gosto muito do BitLife mais acho que poderia ser mais baratos ou nao precisa pagar para fazer conquistas mais tem muita coisa para fazer sem precisar pagar nada","","5.0","","","","","","","","","","","","","","","","","","","","","2025-12-12 04:23:40","","","","","","","","","","","","","","","","","","","","","","","","BitLife BR - Simulação de vida","0.0","","","",""
"App Store (Google Play)","review","bit","o jogo é muito bom mas acho que deveriam liberal tipo o modo carreira, poder jogar futebol, basquetebol e isso sem ter de pagar e adicionar o trabalho de soldador (welder) que seria muito engraçado, haver pena de morte na prisão","","5.0","","","","","","","","","","","","","","","","","","","","","2025-12-12 04:23:40","","","","","","","","","","","","","","","","","","","","","","","","BitLife BR - Simulação de vida","0.0","","","",""
"App Store (Google Play)","review","bit","o jogo é mararavilhoso,mas fiquei um pouco chateada que não consigo ter empregos especiais,mas tirando isso é perfeito recomendo muito pra tirar o tédio","","5.0","","","","","","","","","","","","","","","","","","","","","2025-12-12 04:23:40","","","","","","","","","","","","","","","","","","","","","","","","BitLife BR - Simulação de vida","0.0","","","",""
"App Store (Google Play)","review","bit","Gosto muito desse jogo, sempre que eu estou estressado eu jogo este jogo para me descontrair ,e também quando eu quero, más o que eu queria de volta são os esportes de graça , agora para se tornar um atleta você precisa pagar , acho isso chato por que toda vez que eu jogava sempre gostava de transformar o meu personagem em jogador de futebol espero que possa voltar a ser de graça","","5.0","","","","","","","","","","","","","","","","","","","","","2025-12-12 04:23:40","","","","","","","","","","","","","","","","","","","","","","","","BitLife BR - Simulação de vida","0.0","","","",""
"App Store (Google Play)","review","bit","Eu amo esse jogo, mas acho q poderiam adicionar um espaço para falar, tipo, quando vc vai elogiar alguém, daí vc escreve oq vc quer dizer Mas o jogo é ótimo!","","5.0","","","","","","","","","","","","","","","","","","","","","2025-12-12 04:23:40","","","","","","","","","","","","","","","","","","","","","","","","BitLife BR - Simulação de vida","0.0","","","",""
"App Store (Google Play)","review","bit","o jogo e muito bom da pra vc fazer várias coisas igual na vida real mais tem uma hora q da um bug que quando eu entro o negócio verde não dá mais o jogo e daora","","5.0","","","","","","","","","","","","","","","","","","","","","2025-12-12 04:23:40","","","","","","","","","","","","","","","","","","","","","","","","BitLife BR - Simulação de vida","0.0","","","",""
"App Store (Google Play)","review","bit","Prazer Sou um Youtuber que conheceu o bitlife desde pequeno hoje tento criar videos do game alguns tendo dado Certo e outros errado, espero poder um dia aquela criança que hoje cresceu ter uma oportunidade nessa comunidade e poder Crescer junto com ela ou ate ajudar nisso o game fantastico sempre gostei de jogar ele tem a questão de preços dos pacotes que sao caros para mim mas prometo um dia chegar la, se quiserem passem no Mastermelzinho02 e vamos tornar esse game cada dia melhor!!!","","5.0","","","","","","","","","","","","","","","","","","","","","2025-12-12 04:23:40","","","","","","","","","","","","","","","","","","","","","","","","BitLife BR - Simulação de vida","0.0","","","",""
"App Store (Google Play)","review","bit","Amo esse jogo Eu quero tanto que fizessem umas pequenas mudanças por favor, são detalhes: _Poder ver o valor que os amigos e parentes tem, tipo o valor real e o valor de propriedades separados. _Poder dar mais de 10 mil, da muito trabalho dar mais então poderia mudar. Também dar dinheiro aos amigos e outras pessoas. Um local como guarda roupa que pudesse usar aquelas roupas, sapatos e bolsas que compramos em leilões pois ficam sem nenhum uso","","5.0","","","","","","","","","","","","","","","","","","","","","2025-12-12 04:23:40","","","","","","","","","","","","","","","","","","","","","","","","BitLife BR - Simulação de vida","4.0","","","",""
"App Store (Google Play)","review","bit","achei bom.mais deveria coloca a opção de aparência certa tipo. eu nasci em JAPÃO daí eu sou morena dos olhos normais sem ser nenhum características desse país assim fazendo com que pareça que eu não nasci lá e sim que apenas viajem pra lá bebê.","","5.0","","","","","","","","","","","","","","","","","","","","","2025-12-12 04:23:40","","","","","","","","","","","","","","","","","","","","","","","","BitLife BR - Simulação de vida","0.0","","","",""
"App Store (Google Play)","review","bit","O jogo é muito bom, confesso que sou viciada nele. Mas tem coisas que incomodam muito! Anúncios, eu sei que é essencial e realmente necessário pro desenvolvimento do jogo, mas tá aparecendo TODA HORA pra mim, é cansativo, e também tudo tem que pagar, já tá ficando chato isso! Eu quero um modo, e tem que pagar, tem que pagar se eu quiser seguir uma carreira? Tá achando que a gente é rico e que dinheiro nasce em árvore? Coloca pelo menos uns modos grátis, ajudaria mto, aí eu penso se coloco 5","","3.0","","","","","","","","","","","","","","","","","","","","","2025-12-12 04:23:40","","","","","","","","","","","","","","","","","","","","","","","","BitLife BR - Simulação de vida","142.0","","","",""
"App Store (Google Play)","review","bit","Esse é meu passatempo favorito, acho o jogo bem construído e com opções legais. No entanto, há anúncios em excesso. Entendo a necessidade de mantê-los, mas, em alguns momentos, eles são tão irritantes que atrapalham a visibilidade e a experiência no jogo, a ponto de eu precisar fechar e abrir o app novamente. Tive que comprar a versão sem anúncios, porém só funciona em um dispositivo, não consigo adicionar no outro...):","","3.0","","","","","","","","","","","","","","","","","","","","","2025-12-12 04:23:40","","","","","","","","","","","","","","","","","","","","","","","","BitLife BR - Simulação de vida","137.0","","","",""
"App Store (Google Play)","review","bit","Boa noite. O jogo em si é bem dinâmico, gosto muito do BitLife. Porém depois da última atualização, quando quero dar um reforço na minha saúde, por exemplo, existem algumas propostas com anúncios; e o problema é que eles demoram mais de 2 minutos. Peço, por obséquio, que reduzam a duração dos anúncios. Assim, poderei vos avaliar melhor. Obrigado.","","3.0","","","","","","","","","","","","","","","","","","","","","2025-12-12 04:23:40","","","","","","","","","","","","","","","","","","","","","","","","BitLife BR - Simulação de vida","5.0","","","",""
"App Store (Google Play)","review","bit","Jogo bastante interessante, é um simulador puro, sem interação de vídeo ou gráfico jogável. Apenas texto e escolhas. Depois de jogar algumas vezes percebe que o jogo está sempre na mesmice, não surpreende. Dá pra ver que é um jogo barato de se produzir, mas cobram extremamente caro pelos pacotes que fariam o jogo um pouco mais interessante, pelo que cobram a história teria que ter muitas opções de resultados e grande parte dos extras deveria estar disponível no pacote principal. Bom +caro d+!","","3.0","","","","","","","","","","","","","","","","","","","","","2025-12-12 04:23:40","","","","","","","","","","","","","","","","","","","","","","","","BitLife BR - Simulação de vida","72.0","","","",""
"App Store (Google Play)","review","bit","Mais uma vez você vai ler uma resenha que fala da quantidade bizarra de anúncios. O jogo é gratuito em termos, uma vez que um milhão de ações são pagas (e os pacotes não são baratos!). Das outras milhões de ações, metade só são liberadas depois de assistir um anúncio e no resto que você consegue fazer brotam anúncios do nada. Tá ficando muito sem graça jogar e, pros anunciantes: quanto mais vezes eu vejo os vídeos, mais ranço eu pego e menos chances vocês tem que eu compre seus produtos.","","3.0","","","","","","","","","","","","","","","","","","","","","2025-12-12 04:23:40","","","","","","","","","","","","","","","","","","","","","","","","BitLife BR - Simulação de vida","10.0","","","",""
"App Store (Google Play)","review","bit","O jogo é muito bom, bem feito, porém o maior problema é que tudo tem que pagar, até mesmo coisas que eram grátis antes, empregos como: jogador de futebol, Mafioso é etc. E isso faz com que o jogo decaia muito, faz com que você enjoe ou canse dele, por que chega uma certa hora, que não tem mais nada de novo pra fazer, é isso é muito chato e repetitivo. Então por favor deixem gratis pelomenos as coisas que já eram, e também como essa versão é BR tentem ""abrasileirar"" um pouco mais o jogo.","","3.0","","","","","","","","","","","","","","","","","","","","","2025-12-12 04:23:40","","","","","","","","","","","","","","","","","","","","","","","","BitLife BR - Simulação de vida","13.0","","","",""
"App Store (Google Play)","review","bit","o jogo é realmente impressionante de bom, gráficos bons, oportunidades boas , opções boas , porém ainda sim há algo que me incomoda que espero que melhorem, que tem muitos anúncios , e queria também que melhorassem as aparências, por exemplo: faço uma rinoplastia ( ou qualquer coisa sobre aparência) e não muda nada na aparência, é algo que realmente me incomoda , e se o jogo quer realmente ser realista , também poderiam abrir exceções de Algumas opções PRO para nós jogadores. (ALGUMAS)","","4.0","","","","","","","","","","","","","","","","","","","","","2025-12-12 04:23:40","","","","","","","","","","","","","","","","","","","","","","","","BitLife BR - Simulação de vida","70.0","","","",""
"App Store (Google Play)","review","bit","Na minha opinião, o jogo é PERFEITO, e muito bom! Eu não vou dar a nota máxima, pois acho que algumas coisas não precisaria de anúncio, pq o jogo tem muito anuncio e na minha opinião não deveria ter, ou, abaixaria os anúncios para não ficar muito chato. Mas tirando os milhares de anúncios, o jogo é ótimo, e muito legal. Desde que instalei, virou o meu jogo preferido, e jogo todo dia e toda hora. Muito obrigado por lerem minha avaliação, e se por favor abaixar os anúncios. Um ótimo dia.","","4.0","","","","","","","","","","","","","","","","","","","","","2025-12-12 04:23:40","","","","","","","","","","","","","","","","","","","","","","","","BitLife BR - Simulação de vida","389.0","","","",""
"App Store (Google Play)","review","bit","o jogo é bom, tem muito potencial. Porém como todos, irei aqui dizer, as opções para jogar sem gastar um rim são limitadas, pra criar vidas interessantes e foras do usual (que ao longo do tempo fica chato), precisa pagar, tudo tem que pagar. Ninguém quer gastar tanto em um joguinho de celular assim do nada. Acabei de descobrir inclusive que até para deixar no modo escuro tem que pagar, eu tenho dor de cabeça...🤡","","3.0","","","","","","","","","","","","","","","","","","","","","2025-12-12 04:23:40","","","","","","","","","","","","","","","","","","","","","","","","BitLife BR - Simulação de vida","65.0","","","",""
"App Store (Google Play)","review","bit","O jogo é muito bom pra passar o tempo, mas vou dar nota baixa por dois motivos: 1) eu jogo no celular e no tablet, e infelizmente as conquistas e saves não são sincronizados. O jogo está linkado via play games, deveria existir cross-save entre dispositivos. 2) por usar dois dispositivos, as compras simplesmente não chegam no segundo. TODA VEZ que eu compro uma expansão tenho que reinstalar o jogo pra reconhecer a compra, fazendo com que no segundo dispositivo eu nunca tenha progresso. pessimo.","","2.0","","","","","","","","","","","","","","","","","","","","","2025-12-12 04:23:40","","","","","","","","","","","","","","","","","","","","","","","","BitLife BR - Simulação de vida","5.0","","","",""
"App Store (Google Play)","review","bit","O jogo em si é bom, ele tem várias opções e oportunidades, as consequências são podem ser inesperadas as vezes, mas o que torna divertido é exatamente isso, e até mesmo a falta de sentido que o jogo faz as vezes. No entanto, pra mim falta algumas coisas, como: mais faculdades, mais interações, mais liberdade em carreira, liberdade para escolher sua aparência (ou arruma-la), mais opções para aumentar a diversão, beleza, etc do personagem, ter mais opções na escola etc.","","4.0","","","","","","","","","","","","","","","","","","","","","2025-12-12 04:23:40","","","","","","","","","","","","","","","","","","","","","","","","BitLife BR - Simulação de vida","1.0","","","",""
"App Store (Google Play)","review","bit","O jogo em si tem uma proposta muito boa e cumpre ela, porém tem seus problemas, como ter muitos anúncios (sério chega até a travar o celular de tanto) e as opções serem muito limitadas quando não se paga por uma DLC cara de mais (teve uma q eu vi q custava incríveis 500 pratas). Enfim melhorem essas questões, por favor! O jogo ficaria bem mais divertido e legal para todos com esses problemas resolvidos.","","3.0","","","","","","","","","","","","","","","","","","","","","2025-12-12 04:23:40","","","","","","","","","","","","","","","","","","","","","","","","BitLife BR - Simulação de vida","6.0","","","",""
"App Store (Google Play)","review","bit","É muito legal e entretivo, porém as coisas mais divertidas são tudo pagas, e valores que não são acessíveis para todo mundo. Antes de ser pago já fui mafioso, já fui cantor, já fui jogador de vôlei, basquete, fiquei muito triste que a única opção de graça que era ser jogador tiraram também. Enfim, acho que podiam deixar algumas coisas mais simples grátis, ou colocar um preço acessível também, para que o jogo não se torne tão repetitivo e chato.","","3.0","","","","","","","","","","","","","","","","","","","","","2025-12-12 04:23:40","","","","","","","","","","","","","","","","","","","","","","","","BitLife BR - Simulação de vida","9.0","","","",""
"App Store (Google Play)","review","bit","O jogo é bom! Dá muito para passar o tempo, e tem uma boa jogatina (se é assim, que se chama); mais os pontos negativos são os anúncios, e os modos: “Deus e Bitsten”(perdão se eu escrevi errado), não serem ilimitados e grátis para quem quer editar a aparência por exemplo, para mim ou todos, o jogo seria ótimo se todos os recursos que tem, não só os modos “Deus e Bitsten” os outros recursos que tem ser pagos teriam que ser grátis. Mais enfim, ótimo o jogo! Parabéns a os desenvolvedores.","","4.0","","","","","","","","","","","","","","","","","","","","","2025-12-12 04:23:40","","","","","","","","","","","","","","","","","","","","","","","","BitLife BR - Simulação de vida","331.0","","","",""
"App Store (Google Play)","review","bit","Até pouco tempo era possível jogar offline e escolher opções com anúncios, agora isso foi mudado: quando clico na opção cinema ou dar um presente p/alguém, offline, nada acontece. Houve mudanças também nas opções românticas, não fiquei satisfeita... É preferível escolher vários parceiros sem ter que voltar à pág. inicial a cada escolha! E notei um erro: às vezes recebo dinheiro de herança, mas o valor não é adicionado ao meu saldo. POR FAVOR permitam fazer login p/q não percamos nosso progresso.","","3.0","","","","","","","","","","","","","","","","","","","","","2025-12-12 04:23:40","","","","","","","","","","","","","","","","","","","","","","","","BitLife BR - Simulação de vida","1184.0","","","",""
"App Store (Google Play)","review","bit","O jogo em si é muito bom!. Jogo simplesmente baseado em escolhas para seguir sua reta da vida. Só acho que possui muitos anúncios, e que também muitas DLC's são muito caras, algumas coisas bobas acabam sendo pagas mas deveriam ser de graça, vamos melhorar esse aspecto?! Tenho uma sugestão: Adicionar mais cursos de faculdade e deixa-los escolher livremente o que você quiser, seria muito bom. gostaria que tivessem mais disciplinas pros professor se candidatar tipo: Prof de Português","","3.0","","","","","","","","","","","","","","","","","","","","","2025-12-12 04:23:40","","","","","","","","","","","","","","","","","","","","","","","","BitLife BR - Simulação de vida","0.0","","","",""
"App Store (Google Play)","review","bit","o jogo é bom. Era pra eles (bit life) liberar ou deixar grátis algumas funções que tem q pagar, por um tempo, pois assim ficaria muito melhor o jogo, com essas funções liberadas alimentaria as pessoas que jogam o jogo alem de melhorar a jogabilidade com mais coisas pra fazer na vida. Artes marciais: seria bom colocar a Capoeira, boxe e outras no jogo para os jogadores poder praticar. Luta: seria ótimo se tivesse como ter uma briga generalizada no jogo. Seria bom o jogador ter a opção de brigar","","4.0","","","","","","","","","","","","","","","","","","","","","2025-12-12 04:23:40","","","","","","","","","","","","","","","","","","","","","","","","BitLife BR - Simulação de vida","4.0","","","",""
"App Store (Google Play)","review","bit","O jogo em si, é realmente bom, porém agora tudo que que você quer fazer de divertido, tem que pagar, tudo TUDO! Isso perde a graça, a simulação fica muito repetitiva, no passado era muito fácil ficar horas preso no jogo, agora enjoa rapido. Você tem que pagar pra ter uma vida de atleta, ator e muito mais. Se você não pagar vai ser só mais um trabalhador qualquer. Se não tivesse que pagar pra ter acesso ao jogo seria 5 estrelas, por esse motivo é somente 3...","","3.0","","","","","","","","","","","","","","","","","","","","","2025-12-12 04:23:40","","","","","","","","","","","","","","","","","","","","","","","","BitLife BR - Simulação de vida","0.0","","","",""
"App Store (Google Play)","review","bit","minha dica e ideia e que vocês façam uma versão APK para não ser fácil de ser cancelado pela play store quando vier a tona!!! e quando for realmente necessário em ênfase de emergência!","","4.0","","","","","","","","","","","","","","","","","","","","","2025-12-12 04:23:40","","","","","","","","","","","","","","","","","","","","","","","","bitchat","16.0","","","",""
"App Store (Google Play)","review","bit","Eficiente. Porém não muito explicativo e a interface as vezes confunde. Um bug muito incoveniente que aparece no meu Galaxy S8 é que o texto escrito não sobe junto com o teclado prever o que estou escrevendo. Sempre tenho que remover o teclado pra ver o que estou escrevendo. Espero que façam o reparo disso nas próximas atualizações.","","3.0","","","","","","","","","","","","","","","","","","","","","2025-12-12 04:23:40","","","","","","","","","","","","","","","","","","","","","","","","bitchat","11.0","","","",""
"App Store (Google Play)","review","bit","O app é confuso ao extremo, a interface afasta os usuários.","","1.0","","","","","","","","","","","","","","","","","","","","","2025-12-12 04:23:40","","","","","","","","","","","","","","","","","","","","","","","","bitchat","6.0","","","",""
"App Store (Google Play)","review","bit","Estão melhorando.","","1.0","","","","","","","","","","","","","","","","","","","","","2025-12-12 04:23:40","","","","","","","","","","","","","","","","","","","","","","","","bitchat","4.0","","","",""
"App Store (Google Play)","review","bit","excelente!!!!","","5.0","","","","","","","","","","","","","","","","","","","","","2025-12-12 04:23:40","","","","","","","","","","","","","","","","","","","","","","","","bitchat","0.0","","","",""
"App Store (Google Play)","review","bit","O futuro da sociedade é a descentralização","","5.0","","","","","","","","","","","","","","","","","","","","","2025-12-12 04:23:40","","","","","","","","","","","","","","","","","","","","","","","","bitchat","0.0","","","",""
"App Store (Google Play)","review","bit","bom, tem que melhorar mas a forma de mensagem","","4.0","","","","","","","","","","","","","","","","","","","","","2025-12-12 04:23:40","","","","","","","","","","","","","","","","","","","","","","","","bitchat","0.0","","","",""
"App Store (Google Play)","review","bit","Bom app.. Resolve 👍👍👍","","5.0","","","","","","","","","","","","","","","","","","","","","2025-12-12 04:23:40","","","","","","","","","","","","","","","","","","","","","","","","bitchat","0.0","","","",""
"App Store (Google Play)","review","bit","num apagão cibernético vai ser bom usar ele","","5.0","","","","","","","","","","","","","","","","","","","","","2025-12-12 04:23:40","","","","","","","","","","","","","","","","","","","","","","","","bitchat","0.0","","","",""
"App Store (Google Play)","review","bit","absolute cinema","","5.0","","","","","","","","","","","","","","","","","","","","","2025-12-12 04:23:40","","","","","","","","","","","","","","","","","","","","","","","","bitchat","0.0","","","",""
"App Store (Google Play)","review","bit","Um ótimo aplicativo de conversas em regiões etc...","","5.0","","","","","","","","","","","","","","","","","","","","","2025-12-12 04:23:40","","","","","","","","","","","","","","","","","","","","","","","","bitchat","0.0","","","",""
"App Store (Google Play)","review","bit","Vcs tem algum canal para compartilhar informações sobre o app? Telegram ou Zap?","","1.0","","","","","","","","","","","","","","","","","","","","","2025-12-12 04:23:40","","","","","","","","","","","","","","","","","","","","","","","","bitchat","0.0","","","",""
"App Store (Google Play)","review","bit","boa comunicação, poderiam ter algum jogo simples para passar tempo","","4.0","","","","","","","","","","","","","","","","","","","","","2025-12-12 04:23:40","","","","","","","","","","","","","","","","","","","","","","","","bitchat","0.0","","","",""
"App Store (Google Play)","review","bit","muito legal a iniciativa e funciona bem nos meus testes. ótima solução ancap.","","5.0","","","","","","","","","","","","","","","","","","","","","2025-12-12 04:23:40","","","","","","","","","","","","","","","","","","","","","","","","bitchat","0.0","","","",""
"App Store (Google Play)","review","bit","TOP","","5.0","","","","","","","","","","","","","","","","","","","","","2025-12-12 04:23:40","","","","","","","","","","","","","","","","","","","","","","","","bitchat","0.0","","","",""
"App Store (Google Play)","review","bit","O propósito é simples... Quando a internet e todas as outras redes de comunicação caírem, o que acham que vai acontecer? Então... aproveitem a internet enquanto ainda podem...","","5.0","","","","","","","","","","","","","","","","","","","","","2025-12-12 04:23:40","","","","","","","","","","","","","","","","","","","","","","","","bitchat","0.0","","","",""
"App Store (Google Play)","review","bit","excelente mais precisa de algumas atualizações em caso de um apagão da internet e uma ótima ferramenta","","5.0","","","","","","","","","","","","","","","","","","","","","2025-12-12 04:23:40","","","","","","","","","","","","","","","","","","","","","","","","bitchat","0.0","","","",""
"App Store (Google Play)","review","bit","já vou deixar baixado, que eu não sou neném 🍼","","5.0","","","","","","","","","","","","","","","","","","","","","2025-12-12 04:23:40","","","","","","","","","","","","","","","","","","","","","","","","bitchat","0.0","","","",""
"App Store (Google Play)","review","bit","Começando hoje","","5.0","","","","","","","","","","","","","","","","","","","","","2025-12-12 04:23:40","","","","","","","","","","","","","","","","","","","","","","","","bitchat","0.0","","","",""
"App Store (Google Play)","review","bit","Muito bom, a ideia é genial. Só queria deixar uma ideia, o bluetooth do celular tem a função de colocar o nome, o aplicativo poderia separar cada bluetooth por chat dos celulares próximos, como se cada celular próximo tivesse um chat único e também poderia aumentar mais a distância de conexão. Muito obrigada pelo app❤️✨","","5.0","","","","","","","","","","","","","","","","","","","","","2025-12-12 04:23:40","","","","","","","","","","","","","","","","","","","","","","","","bitchat","298.0","","","",""
"App Store (Google Play)","review","bit","Aplicativo perfeito pra conversar com os amigos sem limitações e complicações, mais uma dica, poderia fazer um pouco mais parecido com o Discord, principalmente a parte de criar um chat, ou até um servidor (obviamente sem usar um servidor real ). Tenho certeza que isso vai ajudar muito na simplicidade e flexibilidade de mensagens.","","5.0","","","","","","","","","","","","","","","","","","","","","2025-12-12 04:23:40","","","","","","","","","","","","","","","","","","","","","","","","bitchat","93.0","","","",""
"App Store (Google Play)","review","bit","Lembro que em 2009 usavamos o Bluetooth para entrar nos arquivos de outros celulares,","","5.0","","","","","","","","","","","","","","","","","","","","","2025-12-12 04:23:40","","","","","","","","","","","","","","","","","","","","","","","","bitchat","0.0","","","",""
"App Store (Google Play)","review","bit","Baixem, instalem e guardem o apk em algum lugar físico. Nunca se sabe...","","5.0","","","","","","","","","","","","","","","","","","","","","2025-12-12 04:23:40","","","","","","","","","","","","","","","","","","","","","","","","bitchat","6.0","","","",""
"App Store (Google Play)","review","bit","funciona absurdamente bem, mais pra frente o projeto vsi aumentar absurdamente e tem muuuito potencial pra entrar em escala global e aumentar a rede, parabéns","","5.0","","","","","","","","","","","","","","","","","","","","","2025-12-12 04:23:40","","","","","","","","","","","","","","","","","","","","","","","","bitchat","1.0","","","",""
"App Store (Google Play)","review","bit","Ideia parece magnífica, aposto nisso, o app funciona muito bem","","5.0","","","","","","","","","","","","","","","","","","","","","2025-12-12 04:23:40","","","","","","","","","","","","","","","","","","","","","","","","bitchat","3.0","","","",""
"App Store (Google Play)","review","bit","um ótimo app pra quem não liga muito para os recursos visuais","","5.0","","","","","","","","","","","","","","","","","","","","","2025-12-12 04:23:40","","","","","","","","","","","","","","","","","","","","","","","","bitchat","0.0","","","",""
"App Store (Google Play)","review","bit","Testando, limitado, mas muito interessante, boa opção para quem quer ter um plano B no Bostil","","5.0","","","","","","","","","","","","","","","","","","","","","2025-12-12 04:23:40","","","","","","","","","","","","","","","","","","","","","","","","bitchat","41.0","","","",""
"App Store (Google Play)","review","bit","muito bom só falta se popularizar para ter mais usuário ativos mas é uma ótima ferramenta libertária, parabéns ao criador.","","5.0","","","","","","","","","","","","","","","","","","","","","2025-12-12 04:23:40","","","","","","","","","","","","","","","","","","","","","","","","bitchat","6.0","","","",""
"App Store (Google Play)","review","bit","genial!! espero que logo atualizem pra.envio de arquivos, e quanto mais gente usar maior a rede!","","5.0","","","","","","","","","","","","","","","","","","","","","2025-12-12 04:23:40","","","","","","","","","","","","","","","","","","","","","","","","bitchat","2.0","","","",""
"App Store (Google Play)","review","bit","parece ser bom porém ainda nao sei como consigo scanear o QRCODE de alguem pra deixar salvo não só depender de conexão via bluetoof","","5.0","","","","","","","","","","","","","","","","","","","","","2025-12-12 04:23:40","","","","","","","","","","","","","","","","","","","","","","","","bitchat","24.0","","","",""
"App Store (Google Play)","review","bit","muito bom, cumpre oq promete 💕 só n aprendi a usar direito pois n sei inglês, aí é complicado para poder entender kkkk","","5.0","","","","","","","","","","","","","","","","","","","","","2025-12-12 04:23:40","","","","","","","","","","","","","","","","","","","","","","","","bitchat","10.0","","","",""
"App Store (Google Play)","review","bit","Só tinha que deixar mudar o nome não consegui mudar o nome mas parece que é bom o app quando Apocalipse chegar acho que vai servir 👍","","5.0","","","","","","","","","","","","","","","","","","","","","2025-12-12 04:23:40","","","","","","","","","","","","","","","","","","","","","","","","bitchat","2.0","","","",""
"App Store (Google Play)","review","bit","abilete o aplicativo em português ou em qualquer outro idioma para ficar mais fácil de se manusear, fora isso o app é muito bom","","5.0","","","","","","","","","","","","","","","","","","","","","2025-12-12 04:23:40","","","","","","","","","","","","","","","","","","","","","","","","bitchat","7.0","","","",""
"App Store (Google Play)","review","bit","app muito fácil de usar,bom principalmente para quem não confia 100% no estado e quem é sobrevivencialista, parabéns temos que aumentar o número de downloads nesse app quanto mais pessoas mais fácil a comunicação","","5.0","","","","","","","","","","","","","","","","","","","","","2025-12-12 04:23:40","","","","","","","","","","","","","","","","","","","","","","","","bitchat","12.0","","","",""
"App Store (Google Play)","review","bit","excelente, funcional. ainda tem gente reclamando que não dá pra enviar arquivos, gente vcs acham que tecnologia é igual mágica que surgi na hora? leva tempo. no mais, ótimo app","","5.0","","","","","","","","","","","","","","","","","","","","","2025-12-12 04:23:40","","","","","","","","","","","","","","","","","","","","","","","","bitchat","93.0","","","",""
"App Store (Google Play)","review","bit","amei o app todo via Internet é tudo servidor público sem login, o histórico é só na hora não fica nada salvo, você pode ampliar o mapa e ir nos sub servidores para se conectar em algum chat de texto, é bem da hora, o Nostr depende de internet já o bitchat vai além funciona até sem internet, avisem a galera para ligar seus bluetooth para ampliar a rede na cidade Inteira.","","5.0","","","","","","","","","","","","","","","","","","","","","2025-12-12 04:23:40","","","","","","","","","","","","","","","","","","","","","","","","bitchat","75.0","","","",""
"App Store (Google Play)","review","bit","O Bitchat é uma aplicação de mensagens desenvolvida por Jack Dorsey que permite comunicação ponto a ponto sem a necessidade de internet, usando redes mesh Bluetooth e criptografia de ponta a ponta. Atualmente, o Bitchat encontra-se em fase de testes e não tem uma versão disponível para Android, tendo sido lançado apenas para iOS através do programa TestFlight. Porém testarei esse porque parece muito com o Bitchat do Jack Dorsey.","","3.0","","","","","","","","","","","","","","","","","","","","","2025-12-12 04:23:40","","","","","","","","","","","","","","","","","","","","","","","","bitchat","122.0","","","",""
"App Store (Google Play)","review","bit","bom, o que falta é apenas uma atualização com a opção de uso em português","","4.0","","","","","","","","","","","","","","","","","","","","","2025-12-12 04:23:40","","","","","","","","","","","","","","","","","","","","","","","","bitchat","11.0","","","",""
"App Store (Google Play)","review","bit","aparentar ser um app bom, mais poderia ter opções de linguagem exemplo ( português, inglês, alemão e etc...). Caso venha aparecer aí venho e mudo a pontuação","","2.0","","","","","","","","","","","","","","","","","","","","","2025-12-12 04:23:40","","","","","","","","","","","","","","","","","","","","","","","","bitchat","12.0","","","",""
"App Store (Google Play)","review","bit","O App e bom muito bom mas deveria ter outros idioma como português também ter interface limpa.","","4.0","","","","","","","","","","","","","","","","","","","","","2025-12-12 04:23:40","","","","","","","","","","","","","","","","","","","","","","","","bitchat","3.0","","","",""
"App Store (Google Play)","review","bit","Interessante,já fazia isso quando surgiu o bluetooth, só é estranho ter que ativar a localização pra funcionar...isso é suspeito....","","4.0","","","","","","","","","","","","","","","","","","","","","2025-12-12 04:23:40","","","","","","","","","","","","","","","","","","","","","","","","bitchat","31.0","","","",""
"App Store (Google Play)","review","bit","Nos dias após notícias do protagonismo do app no caso Nepal, o chat estava muito badalado no Brasil, porém em uma semana depois esvaziou. O chat é localizado por retângulos do planeta, mas não dá pra selecionar um quadrado que enquadre todo o Brasil. A ideia é muito legal, mas tem de haver propósito pro seu uso, realmente não é coisa pra competir com outros apps","","4.0","","","","","","","","","","","","","","","","","","","","","2025-12-12 04:23:40","","","","","","","","","","","","","","","","","","","","","","","","bitchat","66.0","","","",""
"App Store (Google Play)","review","bit","O jogo é legal e muito bem acabado, mas a jogabilidade me encomoda porque tenho que ficar clicando em cima dos monstros e do meu personagem ai não consigo ver nada... se corrigissem esse problema o jogo seria perfeito e eu daria 5 estrelas","","2.0","","","","","","","","","","","","","","","","","","","","","2025-12-12 04:23:40","","","","","","","","","","","","","","","","","","","","","","","","bit Dungeon","26.0","","","How would you fix this? I couldn't figure away to do it with out breaking the game.","2014-08-21 12:06:33"
"App Store (Google Play)","review","bit","Ótimo jogo!","","5.0","","","","","","","","","","","","","","","","","","","","","2025-12-12 04:23:40","","","","","","","","","","","","","","","","","","","","","","","","bit Dungeon","16.0","","","",""
"App Store (Google Play)","review","bit","O Jogo é muito bom mas a jogabilidade é muito ruim!","","3.0","","","","","","","","","","","","","","","","","","","","","2025-12-12 04:23:40","","","","","","","","","","","","","","","","","","","","","","","","bit Dungeon","10.0","","","",""
"App Store (Google Play)","review","bit","Muito bom zerei toda a franquia do game e posso afirmar que todos são ótimos jogos com ótimos inimigos, bosses e graficos","","5.0","","","","","","","","","","","","","","","","","","","","","2025-12-12 04:23:40","","","","","","","","","","","","","","","","","","","","","","","","bit Dungeon","7.0","","","",""
"App Store (Google Play)","review","bit","Jogava muito no site maxgames quando era mais novo. Comprei agr pela nostalgia que esse jogo me causa, que é Muito bom por sinal","","5.0","","","","","","","","","","","","","","","","","","","","","2025-12-12 04:23:40","","","","","","","","","","","","","","","","","","","","","","","","bit Dungeon","4.0","","","",""
"App Store (Google Play)","review","bit","ㅓ넢앞얇쇼ㅓㅗ","","5.0","","","","","","","","","","","","","","","","","","","","","2025-12-12 04:23:40","","","","","","","","","","","","","","","","","","","","","","","","bit Dungeon","3.0","","","",""
"App Store (Google Play)","review","bit","Bom jogo","","5.0","","","","","","","","","","","","","","","","","","","","","2025-12-12 04:23:40","","","","","","","","","","","","","","","","","","","","","","","","bit Dungeon","1.0","","","",""
"App Store (Google Play)","review","bit","Bem legal o jogo, vale a pena baixar.  Achei feio o ícone, poderia seguir o estilo 16bit do game. Fora isso merece 5 estrelas.","","5.0","","","","","","","","","","","","","","","","","","","","","2025-12-12 04:23:40","","","","","","","","","","","","","","","","","","","","","","","","bit Dungeon","1.0","","","",""
"App Store (Google Play)","review","bit","Vale a pena comprar.  Jogo bem divertido.","","4.0","","","","","","","","","","","","","","","","","","","","","2025-12-12 04:23:40","","","","","","","","","","","","","","","","","","","","","","","","bit Dungeon","1.0","","","",""
"App Store (Google Play)","review","bit","O jogo e a ideia é muito boa, mas o app fica travando o celular, roda em background mesmo desativo, fica travando o cel depois de jogado e consome bateria mesmo não ativado!!"" Queria meu dinheiro de volta","","1.0","","","","","","","","","","","","","","","","","","","","","2025-12-12 04:23:40","","","","","","","","","","","","","","","","","","","","","","","","bit Dungeon","1.0","","","",""
"App Store (Google Play)","review","bit","Now that the screen fit issue is fixed, this is one of my favorite games!","","5.0","","","","","","","","","","","","","","","","","","","","","2025-12-12 04:23:40","","","","","","","","","","","","","","","","","","","","","","","","bit Dungeon","1.0","","","should be fixed in latest.","2014-02-23 12:16:27"
"App Store (Google Play)","review","bit","Ótimo jogo amo,perco várias horas nele","","5.0","","","","","","","","","","","","","","","","","","","","","2025-12-12 04:23:40","","","","","","","","","","","","","","","","","","","","","","","","bit Dungeon","1.0","","","",""
"App Store (Google Play)","review","bit","Beautiful roguelike for a tiny price and lots of fun! Excellent soundtrack and retro graphics. It's a great timekiller that rewards the player very often and challanges everytime, even when you feel powerful. Bosses are badass and epic. I would like that the music had not pauses and kept playing continuously. I have the storytelling from the game description, but I miss some more, even if it was just pieces of story. Some distance between the new items and inventory or some comparison window would be better","","4.0","","","","","","","","","","","","","","","","","","","","","2025-12-12 04:23:40","","","","","","","","","","","","","","","","","","","","","","","","bit Dungeon","1.0","","","",""
"App Store (Google Play)","review","bit","E bem agradável e fácil de jogar na tela de toque","","5.0","","","","","","","","","","","","","","","","","","","","","2025-12-12 04:23:40","","","","","","","","","","","","","","","","","","","","","","","","bit Dungeon","0.0","","","",""
"App Store (Google Play)","review","bit","Mas não funciona no Android L","","5.0","","","","","","","","","","","","","","","","","","","","","2025-12-12 04:23:40","","","","","","","","","","","","","","","","","","","","","","","","bit Dungeon","0.0","","","",""
"App Store (Google Play)","review","bit","Esperando atualização 😅😅","","5.0","","","","","","","","","","","","","","","","","","","","","2025-12-12 04:23:40","","","","","","","","","","","","","","","","","","","","","","","","bit Dungeon","0.0","","","",""
"App Store (Google Play)","review","bit","Top.","","5.0","","","","","","","","","","","","","","","","","","","","","2025-12-12 04:23:40","","","","","","","","","","","","","","","","","","","","","","","","bit Dungeon","0.0","","","",""
"App Store (Google Play)","review","bit","Jogo sensacional, extremamente viciante. Funciona perfeitamente. Ahhh aquela época de bons jogos esse jogo traz tudo isso de volta e prepare-se pq se morrer é Game over! Continue é para os fracos!","","5.0","","","","","","","","","","","","","","","","","","","","","2025-12-12 04:23:40","","","","","","","","","","","","","","","","","","","","","","","","bit Dungeon","0.0","","","",""
"App Store (Google Play)","review","bit","Muito bom","","4.0","","","","","","","","","","","","","","","","","","","","","2025-12-12 04:23:40","","","","","","","","","","","","","","","","","","","","","","","","bit Dungeon","0.0","","","",""
"App Store (Google Play)","review","bit","Absolute must get. Intuitive, well made, great fun...way too good!...get only if you have time to burn or you risk getting sucked in","","5.0","","","","","","","","","","","","","","","","","","","","","2025-12-12 04:23:40","","","","","","","","","","","","","","","","","","","","","","","","bit Dungeon","0.0","","","",""
"App Store (Google Play)","review","bit","Melhor jogo pra passar o tempo qye conheço, recomendoo!","","5.0","","","","","","","","","","","","","","","","","","","","","2025-12-12 04:23:40","","","","","","","","","","","","","","","","","","","","","","","","bit Dungeon","0.0","","","",""
"App Store (Google Play)","review","bit","Apesar de simples o jogo é muito divertido, com vários elementos de rpg.","","5.0","","","","","","","","","","","","","","","","","","","","","2025-12-12 04:23:40","","","","","","","","","","","","","","","","","","","","","","","","bit Dungeon","1.0","","","",""
"App Store (Google Play)","review","bit","O jogo é excepcional, não consigo descrever tais palavras para a belezura que é esse jogo. Mt bom e divertido, o fator replay agrada muito e qndo vc pisca seu personagem já ta perto do lv 40. A primeira jogada pode ser mediana e dura em torno de 3 horas? Mas depois de decorar cada localidade do mapa o new game + fica algo rápido podendo zerar em torno de 1 hora e meia ou até em 30 minutos se tentar um speedrun. Jogo excelente. Vale a pena demais. 1000/10","","5.0","","","","","","","","","","","","","","","","","","","","","2025-12-12 04:23:40","","","","","","","","","","","","","","","","","","","","","","","","bit Dungeon II","123.0","","","",""
"App Store (Google Play)","review","bit","O jogo é bem interessante, mas eu fiquei bastante confuso com os controles, acho que séria interessante se o jogo tivesse um tutorial, porquê não já nem sabia como atacar ksks a música do jogo é boa e a dificuldade também é boa. Só acho que séria muito bom um ""tutorial"" ou algo que ensinasse.","","4.0","","","","","","","","","","","","","","","","","","","","","2025-12-12 04:23:40","","","","","","","","","","","","","","","","","","","","","","","","bit Dungeon II","93.0","","","",""
"App Store (Google Play)","review","bit","Muito bom, 2d divertido, porte pra mouse, jogabilidade simples e preços bom","","5.0","","","","","","","","","","","","","","","","","","","","","2025-12-12 04:23:40","","","","","","","","","","","","","","","","","","","","","","","","bit Dungeon II","14.0","","","",""
"App Store (Google Play)","review","bit","Eu joguei ele no pcc e adorei o jogo,fiquei feliz ao ver que exportaram ele pro mobile e...quem diria que isso daria certo em?","","5.0","","","","","","","","","","","","","","","","","","","","","2025-12-12 04:23:40","","","","","","","","","","","","","","","","","","","","","","","","bit Dungeon II","7.0","","","",""
"App Store (Google Play)","review","bit","Muito bom o jogo com ótimos comandos de rpg e click point recomendo","","5.0","","","","","","","","","","","","","","","","","","","","","2025-12-12 04:23:40","","","","","","","","","","","","","","","","","","","","","","","","bit Dungeon II","7.0","","","",""
"App Store (Google Play)","review","bit","Agora sim tá funcionando bem, altos jogo!","","5.0","","","","","","","","","","","","","","","","","","","","","2025-12-12 04:23:40","","","","","","","","","","","","","","","","","","","","","","","","bit Dungeon II","7.0","","","",""
"App Store (Google Play)","review","bit","O jogo é muito legal porque tem uma ótima quantidade de inimigos e bosses com um bom gráfico","","5.0","","","","","","","","","","","","","","","","","","","","","2025-12-12 04:23:40","","","","","","","","","","","","","","","","","","","","","","","","bit Dungeon II","6.0","","","",""
"App Store (Google Play)","review","bit","O jogo é bom mas tipo não é aquilo Sim ainda mais no meu celular trava muito então eu tive que pedir reembolso porque em triste né porque tipo esse era meu primeiro jogo que eu pagava mas meu celular não roda muito bem infelizmente","","2.0","","","","","","","","","","","","","","","","","","","","","2025-12-12 04:23:40","","","","","","","","","","","","","","","","","","","","","","","","bit Dungeon II","4.0","","","",""
"App Store (Google Play)","review","bit","Awesome game","","5.0","","","","","","","","","","","","","","","","","","","","","2025-12-12 04:23:40","","","","","","","","","","","","","","","","","","","","","","","","bit Dungeon II","4.0","","","",""
"App Store (Google Play)","review","bit","O jogo e muito legal mas eu não gostei porque quando você morre perde seus itens e seus leveis espero que arrumem isso","","5.0","","","","","","","","","","","","","","","","","","","","","2025-12-12 04:23:40","","","","","","","","","","","","","","","","","","","","","","","","bit Dungeon II","3.0","","","",""
"App Store (Google Play)","review","bit","Jogo legal, Zerei duas vezes!","","5.0","","","","","","","","","","","","","","","","","","","","","2025-12-12 04:23:40","","","","","","","","","","","","","","","","","","","","","","","","bit Dungeon II","3.0","","","",""
"App Store (Google Play)","review","bit","Sólido jogo com alguns problemas. Não há opção para visualizar o mapa inteiro, achei isso ruim. Controle tem defeitos, as vezes os cliques não funcionam direito. Depois que termina uma Dungeon, não há como voltar, então se você sair acidentalmente e deixar item pra trás, já era. Integração com a Google Play está falhando. Ajustando essas coisas poderia aumentar para nota 4/5.","","3.0","","","","","","","","","","","","","","","","","","","","","2025-12-12 04:23:40","","","","","","","","","","","","","","","","","","","","","","","","bit Dungeon II","3.0","","","",""
"App Store (Google Play)","review","bit","Muy bom,bem lgl e com bom preço","","5.0","","","","","","","","","","","","","","","","","","","","","2025-12-12 04:23:40","","","","","","","","","","","","","","","","","","","","","","","","bit Dungeon II","2.0","","","",""
"App Store (Google Play)","review","bit","Incrívelmente viciante e fantástico","","5.0","","","","","","","","","","","","","","","","","","","","","2025-12-12 04:23:40","","","","","","","","","","","","","","","","","","","","","","","","bit Dungeon II","1.0","","","",""
"App Store (Google Play)","review","bit","Melhor hack and slash do Android","","5.0","","","","","","","","","","","","","","","","","","","","","2025-12-12 04:23:40","","","","","","","","","","","","","","","","","","","","","","","","bit Dungeon II","1.0","","","",""
"App Store (Google Play)","review","bit","Muito ruim esse jogo","","1.0","","","","","","","","","","","","","","","","","","","","","2025-12-12 04:23:40","","","","","","","","","","","","","","","","","","","","","","","","bit Dungeon II","1.0","","","",""
"App Store (Google Play)","review","bit","Jogo excelente gostei bastante !!!","","5.0","","","","","","","","","","","","","","","","","","","","","2025-12-12 04:23:40","","","","","","","","","","","","","","","","","","","","","","","","bit Dungeon II","1.0","","","",""
"App Store (Google Play)","review","bit","Não chega nem perto do 1, mas é top","","5.0","","","","","","","","","","","","","","","","","","","","","2025-12-12 04:23:40","","","","","","","","","","","","","","","","","","","","","","","","bit Dungeon II","1.0","","","",""
"App Store (Google Play)","review","bit","Joguinho legal mas extremamente bugado.... Seria interessante ter atualizações com correções!.","","3.0","","","","","","","","","","","","","","","","","","","","","2025-12-12 04:23:40","","","","","","","","","","","","","","","","","","","","","","","","bit Dungeon II","0.0","","","",""
"App Store (Google Play)","review","bit","Zerei o jogo mas as minhas conquistas n aparece","","3.0","","","","","","","","","","","","","","","","","","","","","2025-12-12 04:23:40","","","","","","","","","","","","","","","","","","","","","","","","bit Dungeon II","0.0","","","",""
"App Store (Google Play)","review","bit","O jogo é bem maneiro, particularmente gosto bastante. ironicamente eu ja ""zerei"" duas vezes e nao morri de forma definitiva graças a umas vidas extras, o que me leva a dúvida: existe um final propriamente dito? por que ao passar o último chefe voce volta ao início...","","5.0","","","","","","","","","","","","","","","","","","","","","2025-12-12 04:23:40","","","","","","","","","","","","","","","","","","","","","","","","bit Dungeon II","70.0","","","",""
"App Store (Google Play)","review","bit","como se passa das escadas para chegar no castelo?","","5.0","","","","","","","","","","","","","","","","","","","","","2025-12-12 04:23:40","","","","","","","","","","","","","","","","","","","","","","","","bit Dungeon II","3.0","","","",""
"App Store (Google Play)","review","bit","Já fechei e continuo jogando de tão bom","","5.0","","","","","","","","","","","","","","","","","","","","","2025-12-12 04:23:40","","","","","","","","","","","","","","","","","","","","","","","","bit Dungeon II","19.0","","","",""
"App Store (Google Play)","review","bit","O jogo é ótimo, porem está mal otimizado, engasgando feio na hora de atacar algum monstro qualquer, o meu celular é um moto g 5 Plus, acredito que nao é o aparelho . . .","","5.0","","","","","","","","","","","","","","","","","","","","","2025-12-12 04:23:40","","","","","","","","","","","","","","","","","","","","","","","","bit Dungeon II","10.0","","","",""
"App Store (Google Play)","review","bit","Pela mor de Deus esse game é muito bom mas botem co op e adicionem mais dungeons e no co op Ter a opção de dropar dinheiro e coisas pros amigos.adicionem spells também e habilidades com cada arma.","","5.0","","","","","","","","","","","","","","","","","","","","","2025-12-12 04:23:40","","","","","","","","","","","","","","","","","","","","","","","","bit Dungeon II","69.0","","","",""
"App Store (Google Play)","review","bit","Jogo excelente,um jogo que baixei pirateado pra jogar pra passar o tempo gostei muito,comprei o jogo só queria que a equipe desse jogo a lag nos celulares mais modernos do Android 7.0,8.0 e 9.0 tá dando um pouco de lag na luta quando upa e as vezes quando anda mais e jogável eu não me importo.","","5.0","","","","","","","","","","","","","","","","","","","","","2025-12-12 04:23:40","","","","","","","","","","","","","","","","","","","","","","","","bit Dungeon II","33.0","","","",""
"App Store (Google Play)","review","bit","perfeito","","5.0","","","","","","","","","","","","","","","","","","","","","2025-12-12 04:23:40","","","","","","","","","","","","","","","","","","","","","","","","bit Dungeon II","4.0","","","",""
"App Store (Google Play)","review","bit","O jogo é bem interessante entretanto o que mais me irrita é q o personagem não ataca sozinho, e msm você tendo selecionado o inimigo as vezes ele não ataca e eu tenho de ficar apertado nele sem parar, isso quando não acabo morrendo o que me irrita mais, os checkpoints poderiam ser mais perto também e quando você morre poderia continuar com os itens, já que demora um pouco para achar os itens que realmente são bons, e assim q morrer perder todos eles é MT desanimador","","3.0","","","","","","","","","","","","","","","","","","","","","2025-12-12 04:23:40","","","","","","","","","","","","","","","","","","","","","","","","bit Dungeon II","178.0","","","",""
"App Store (Google Play)","review","bit","a premissa é boa, e o jogo deveria fluir naturalmente, mas uso um motoG5s+ e além de ter problemas de resolução tbm apresenta diversos bugs, além de que não há nada explicativo sobre mecanicas e o menu é simples demais.","","2.0","","","","","","","","","","","","","","","","","","","","","2025-12-12 04:23:40","","","","","","","","","","","","","","","","","","","","","","","","bit Dungeon II","104.0","","","",""
"App Store (Google Play)","review","bit","O jogo como um todo é muito bom, mas eu gostaria de poder escolher jogar com controles na tela e nao apenas apertar onde quero que o personagem vá.","","4.0","","","","","","","","","","","","","","","","","","","","","2025-12-12 04:23:40","","","","","","","","","","","","","","","","","","","","","","","","bit Dungeon II","19.0","","","",""
"App Store (Google Play)","review","bit","Ótimo jogo, mas estupidamente fácil. Zerei em algumas horas XD","","4.0","","","","","","","","","","","","","","","","","","","","","2025-12-12 04:23:40","","","","","","","","","","","","","","","","","","","","","","","","bit Dungeon II","2.0","","","",""
"App Store (Google Play)","review","bit","O meu jogo abre e fecha. Não consigo reembolsar","","1.0","","","","","","","","","","","","","","","","","","","","","2025-12-12 04:23:40","","","","","","","","","","","","","","","","","","","","","","","","bit Dungeon II","11.0","","","",""
"App Store (Google Play)","review","bit","Faltou só colocar as informações de frequências nas torres pq dizer só a tecnologia não basta. Tem outro app de fornece essas informações. Mostrando se na torre tem 700mhz, 850mhz, 1800mhz , 2100mhz e 2600mhz.","","4.0","","","","","","","","","","","","","","","","","","","","","2025-12-12 04:23:40","","","","","","","","","","","","","","","","","","","","","","","","Bit Electronics Pro","2.0","","","",""
"App Store (Google Play)","review","bit","Excelente 👏👏👏","","5.0","","","","","","","","","","","","","","","","","","","","","2025-12-12 04:23:40","","","","","","","","","","","","","","","","","","","","","","","","Bit Electronics Pro","2.0","","","",""
"App Store (Google Play)","review","bit","Ótimas funções e muito fácil navegar!!!","","5.0","","","","","","","","","","","","","","","","","","","","","2025-12-12 04:23:40","","","","","","","","","","","","","","","","","","","","","","","","Bit Electronics Pro","2.0","","","",""
"App Store (Google Play)","review","bit","👏🏿👏🏿👏🏿","","5.0","","","","","","","","","","","","","","","","","","","","","2025-12-12 04:23:40","","","","","","","","","","","","","","","","","","","","","","","","Bit Electronics Pro","1.0","","","",""
"App Store (Google Play)","review","bit","App muito bom, matérias sempre atuais e o conteúdo é muito relevante para a saúde de todos.","","5.0","","","","","","","","","","","","","","","","","","","","","2025-12-12 04:23:40","","","","","","","","","","","","","","","","","","","","","","","","Bit Topics","0.0","","","",""
"App Store (Google Play)","review","bit","Muito bom ótimo aplicativo para saúde e bem estar","","5.0","","","","","","","","","","","","","","","","","","","","","2025-12-12 04:23:40","","","","","","","","","","","","","","","","","","","","","","","","Bit Topics","0.0","","","",""
"App Store (Google Play)","review","bit","Ótimo app, muito interessante, estou muito satisfeito com ele.","","5.0","","","","","","","","","","","","","","","","","","","","","2025-12-12 04:23:40","","","","","","","","","","","","","","","","","","","","","","","","Bit Topics","0.0","","","",""
"App Store (Google Play)","review","bit","As informações são abrangentes e de qualidade, o aplicativo se tornou uma ferramenta indispensável para cuidar da minha qualidade de vida.","","5.0","","","","","","","","","","","","","","","","","","","","","2025-12-12 04:23:40","","","","","","","","","","","","","","","","","","","","","","","","Bit Topics","0.0","","","",""
"App Store (Google Play)","review","bit","Agradeço aos desenvolvedores por oferecerem um recurso tão valioso e espero que continuem a fornecer conteúdo excepcional no futuro!","","5.0","","","","","","","","","","","","","","","","","","","","","2025-12-12 04:23:40","","","","","","","","","","","","","","","","","","","","","","","","Bit Topics","0.0","","","",""
"App Store (Google Play)","review","bit","O BitTopics é simplesmente incrível! Acompanho as notícias e tendências. A variedade de tópicos e a forma como as informações são apresentadas tornam a experiência muito envolvente. Definitivamente, uma ferramenta que não pode faltar no meu dia a dia. 👍📱","","5.0","","","","","","","","","","","","","","","","","","","","","2025-12-12 04:23:40","","","","","","","","","","","","","","","","","","","","","","","","Bit Topics","0.0","","","",""
"App Store (Google Play)","review","bit","não estar carregando fica na tela de loading infinitamente","","1.0","","","","","","","","","","","","","","","","","","","","","2025-12-12 04:23:40","","","","","","","","","","","","","","","","","","","","","","","","Bit Heroes Quest: RPG em Pixel","2.0","","","Which loading screen are you stuck at? Could you please contact our help desk at https://bitheroes.zendesk.com/hc/en-us/requests/new and we'll try to help you with this. Thank you!","2025-09-29 14:14:17"
"App Store (Google Play)","review","bit","muito legal o jogo","","5.0","","","","","","","","","","","","","","","","","","","","","2025-12-12 04:23:40","","","","","","","","","","","","","","","","","","","","","","","","Bit Heroes Quest: RPG em Pixel","0.0","","","",""
"App Store (Google Play)","review","bit","o jogo poderia ter um sistema de excluir conta mais fácil.","","3.0","","","","","","","","","","","","","","","","","","","","","2025-12-12 04:23:40","","","","","","","","","","","","","","","","","","","","","","","","Bit Heroes Quest: RPG em Pixel","0.0","","","Thanks for the feedback! We have a handful of ownership confirmation steps to delete accounts because deleting/resetting the account is often one of the first things someone tries to do once they've gained access to another player's account. We don't want this process to be too tedious for honest requests, but we also want it to be secure.","2025-12-11 14:24:47"
"App Store (Google Play)","review","bit","dou 5 estrelas para o bit heróis, é um jogo com uma mecânica muito tranquila e satisfatória de jogar, parabéns para o criador aí","","5.0","","","","","","","","","","","","","","","","","","","","","2025-12-12 04:23:40","","","","","","","","","","","","","","","","","","","","","","","","Bit Heroes Quest: RPG em Pixel","0.0","","","Thank you! <3","2025-08-26 15:21:35"
"App Store (Google Play)","review","bit","ótimo game, tenho vontade de comprar os produtos da loja, porém, é totalmente fora da realidade a compra nesse jogo para quem não tem dólares, a conversão é cara demais. Gostaria que os preços fossem mais justos, seguindo a realidade de quem joga se possível","","4.0","","","","","","","","","","","","","","","","","","","","","2025-12-12 04:23:40","","","","","","","","","","","","","","","","","","","","","","","","Bit Heroes Quest: RPG em Pixel","0.0","","","",""
"App Store (Google Play)","review","bit","desculpa legal esse jogo","","5.0","","","","","","","","","","","","","","","","","","","","","2025-12-12 04:23:40","","","","","","","","","","","","","","","","","","","","","","","","Bit Heroes Quest: RPG em Pixel","0.0","","","",""
"App Store (Google Play)","review","bit","alguém pode me dizer pq eu tenho 250% de taxa de captura e não consigo nenhum familiar? edit: o jogo também parece estar puxando muita Internet, toda hora cai conexão","","3.0","","","","","","","","","","","","","","","","","","","","","2025-12-12 04:23:40","","","","","","","","","","","","","","","","","","","","","","","","Bit Heroes Quest: RPG em Pixel","0.0","","","Hey there! We appreciate your review. If you have any questions about how gameplay such as capture rates may work, please feel free to join our Discord at https://discord.gg/aqSR4c6P where there are loads of helpful players. If you are experiencing any issues related to your game, please let our support team know at https://kon.gg/BitHeroesHelp","2025-11-19 17:45:52"
"App Store (Google Play)","review","bit","Precisa consertar os ads , adicionar mais coisas para novatos","","5.0","","","","","","","","","","","","","","","","","","","","","2025-12-12 04:23:40","","","","","","","","","","","","","","","","","","","","","","","","Bit Heroes Quest: RPG em Pixel","0.0","","","",""
"App Store (Google Play)","review","bit","ótima jogabilidade","","5.0","","","","","","","","","","","","","","","","","","","","","2025-12-12 04:23:40","","","","","","","","","","","","","","","","","","","","","","","","Bit Heroes Quest: RPG em Pixel","0.0","","","",""
"App Store (Google Play)","review","bit","eu jogava esse jogo em 2019 e 2020 e achava maravilhoso, mas nunca conseguia avançar, a dificuldade de conseguir os itens atrapalhava um pouco, instalei novamente e melhorou bastante, não tem mais tantos bugs nem problema com conexão, só acho que o tempo para acumular energia deveria ser menor. 5/5","","5.0","","","","","","","","","","","","","","","","","","","","","2025-12-12 04:23:40","","","","","","","","","","","","","","","","","","","","","","","","Bit Heroes Quest: RPG em Pixel","0.0","","","",""
"App Store (Google Play)","review","bit","jogo bom, otimizado! rpg misc! e com história, adorei porquê tem PT-Br como idioma! recomendo para amantes de rpg de turno!","","5.0","","","","","","","","","","","","","","","","","","","","","2025-12-12 04:23:40","","","","","","","","","","","","","","","","","","","","","","","","Bit Heroes Quest: RPG em Pixel","0.0","","","",""
"App Store (Google Play)","review","bit","tá giro o jogo mas acho que ainda pode melhorar mais.. colocar um joystick por exemplo... e colocar o jogo mais clean... existe demasiadas cores e poluição visual","","4.0","","","","","","","","","","","","","","","","","","","","","2025-12-12 04:23:40","","","","","","","","","","","","","","","","","","","","","","","","Bit Heroes Quest: RPG em Pixel","0.0","","","",""
"App Store (Google Play)","review","bit","MELHOR JOGO DE TODOS MAIS PODERIA SER MAIS FACIL PEGAR UM FAMILIAR EPICO POIS É MUITO DIFICIL SO TINHA 2 O 1 EPICO QUE TENHO É O PRIMEIRO CHEFE  O SEGUNDO É O REI DOS ELFOS E TODA HORA TENTO PEGAR UM FAMILIAR EPICO MAS FORA ISSO O JOGO É OTIMO E TANBEM MUITO BOM TER GUILDAS E SALAO DE GUILDA PARA PODER CONVERSAR COM MENBROS DA GUILDA MAS DEVERIAM DEIXAR UM POUCO MAIS FACIL GANHAR UNS DIAMANTES PARA SER MAIS FORTE E PODER ESTAR COM MUITOS PETS BONS PARA SE PREPARAR PARA LUTAR COM CHEFES TAO PODEROSOS E TANBEM SER MAIS FORTE AS MELHORIAS DE AGILIDADE E VIDA E ATAQUE MELHOR JOGO DO MUNDO TOMARA QUE OLHEM ISSO É CONSERTEM DAI QUEM SABE SEJA TAO FAMOSO COMO O MINECRAFT😄😄😄😄😄😄😄😄😄😄😄😄😄😉😉😉😉😉😉😉😉😉😉😉😉😉😉😉😉😉😉","","4.0","","","","","","","","","","","","","","","","","","","","","2025-12-12 04:23:40","","","","","","","","","","","","","","","","","","","","","","","","Bit Heroes Quest: RPG em Pixel","0.0","","","",""
"App Store (Google Play)","review","bit","jogo top","","5.0","","","","","","","","","","","","","","","","","","","","","2025-12-12 04:23:40","","","","","","","","","","","","","","","","","","","","","","","","Bit Heroes Quest: RPG em Pixel","0.0","","","",""
"App Store (Google Play)","review","bit","Fui um dos primeiros a jogar esse jogo, sem dúvidas bit heroes ta guardado nas minhas memórias como parte da minha infância","","5.0","","","","","","","","","","","","","","","","","","","","","2025-12-12 04:23:40","","","","","","","","","","","","","","","","","","","","","","","","Bit Heroes Quest: RPG em Pixel","0.0","","","",""
"App Store (Google Play)","review","bit","You urgently need to make it easier to reset characters so we can go back to the beginning. I wanted to play again but couldn't because I had to send a request with an email and subject.It's a lot of work, you could just add a tab to type ""CONFIRM"" or ""DELETE"" and it would help a lot more","","1.0","","","","","","","","","","","","","","","","","","","","","2025-12-12 04:23:40","","","","","","","","","","","","","","","","","","","","","","","","Bit Heroes Quest: RPG em Pixel","0.0","","","This has been discussed by the team a few times. While it would be more convenient for players actively looking to reset their hero, it would also be more dangerous in situations where another person has gained access to a player's login information. It's something we will likely discuss again someday, so thank you for the feedback!","2025-12-08 16:18:20"
"App Store (Google Play)","review","bit","ótimo jogo pra quem gosta de capturar os inimigos e transformar em amigos é muito divertido","","5.0","","","","","","","","","","","","","","","","","","","","","2025-12-12 04:23:40","","","","","","","","","","","","","","","","","","","","","","","","Bit Heroes Quest: RPG em Pixel","0.0","","","",""
"App Store (Google Play)","review","bit","vocês poderiam reajustar os valores para comprar diamantes conforme a realidade do jogador brasileiro, gostaria de investir em minha conta, mas se torna muito caro de acordo com a moeda utilizada no brasil e a conversão em dolar, se reajusrarem os preços eu com certeza adiquirei algumas joias.","","5.0","","","","","","","","","","","","","","","","","","","","","2025-12-12 04:23:40","","","","","","","","","","","","","","","","","","","","","","","","Bit Heroes Quest: RPG em Pixel","0.0","","","",""
"App Store (Google Play)","review","bit","O game é bastante divertido, tras uma sensação de progressão bem interessante, no momento estou no nivel 120, e nunca precisei por dinheiro pra progredir. O jogo tem um sistema de combate bem intuitivo, tem uma certa complexidade (no bom sentido) em seus sistemas de builds e fusão de familiares e tem um online bem interessante, com eventos de guilda e chefes em tempo real, enfim, recomendo.","","5.0","","","","","","","","","","","","","","","","","","","","","2025-12-12 04:23:40","","","","","","","","","","","","","","","","","","","","","","","","Bit Heroes Quest: RPG em Pixel","523.0","","","",""
"App Store (Google Play)","review","bit","De longe o melhor rpg pixel art mobile, com uma ótima jogabilidade sem falar das diversas coisas presentes no jogo que o tornam mais divertido, classes diferentes disponíveis, muitos coletaveis, bosses e inimigos além do fato do jogo ser online e possuir muitos torneios e disputas além do modo campanha do jogo. Recomendo muito!!!","","5.0","","","","","","","","","","","","","","","","","","","","","2025-12-12 04:23:40","","","","","","","","","","","","","","","","","","","","","","","","Bit Heroes Quest: RPG em Pixel","0.0","","","",""
"App Store (Google Play)","review","bit","O jogo é difícil,entretanto, n é impossível o começo é certeza q vai ser fácil + depois começa a ficar hard de pegar itens, matérias pra evoluir seu item, contudo é divertido (e leva tempo mesmo se vc n quer gastar dinheiro); os produtores ajudaram colocando uma itens que vc ganha dia a dia quando entra no jogo vlw desenvolvedores^-^","","5.0","","","","","","","","","","","","","","","","","","","","","2025-12-12 04:23:40","","","","","","","","","","","","","","","","","","","","","","","","Bit Heroes Quest: RPG em Pixel","5.0","","","",""
"App Store (Google Play)","review","bit","Jogo casual e divertido. Um dungeon crawler com varios pets que vc usa em batalha. O melhor de tudo que o jogo nao te força a ver propaganda! Ate o momento nao gastei um centavo em itens, e a principio estou lvl 50+ e nao vi nda injusto! Faço um pouco a mais de grind. Mas no pvp nao vi nada impossivel. Melhor jogo que encontrei na store! Fix erro de login: reiniciei o modem e deu refresh no meu ip, dai consegui logar de novo =D","","5.0","","","","","","","","","","","","","","","","","","","","","2025-12-12 04:23:40","","","","","","","","","","","","","","","","","","","","","","","","Bit Heroes Quest: RPG em Pixel","73.0","","","Hi Anderson! We're sorry you're having login trouble. Please reach out to our help desk for assistance! https://bitheroes.zendesk.com/hc","2020-06-29 13:17:08"
"App Store (Google Play)","review","bit","O jogo é bom só acho que ele n te prende muito depois de um tempo, sabe ele é um jogo bem facil de se enjoar depois do nivel 20. Vc passa a demorar muito pra evoluir, isso eu acho normal até porque todo rpg é assim, mas as unicas formas de conseguir bastante xp é ficar jogando na arena ou nas masmorras semanais e sinceramente é muuuito repetitivo, apesar de terem adicionado o modo *pescaria* ultimamente, acho que vcs devem mudar a mecanica pra deixar mais interessante ou adicionar um modo história pois o universo do jogo é muito rico.","","5.0","","","","","","","","","","","","","","","","","","","","","2025-12-12 04:23:40","","","","","","","","","","","","","","","","","","","","","","","","Bit Heroes Quest: RPG em Pixel","0.0","","","",""
"App Store (Google Play)","review","bit","O jogo realmente quebrou expectativas, eu pensei que seria um daqueles jogos 2d p2w, mas não, tem algumas coisas que vc pode comprar pra ficar forte, mas mesmo vc sendo f2p, da pra jogar e ser as vezes mais forte que um p2w. Amo jogos dificeis de jogar que me prenda neles, e realmente o jogo conseguiu fazer isso, e com o estilo de jogo que rode no meu celular sem nem um problema.","","5.0","","","","","","","","","","","","","","","","","","","","","2025-12-12 04:23:40","","","","","","","","","","","","","","","","","","","","","","","","Bit Heroes Quest: RPG em Pixel","38.0","","","",""
"App Store (Google Play)","review","bit","O jogo é perfeito, fora por um detalhe, as dungeons e Raid são muito demoradas para ser completadas, acredito que vocês poderiam adicionar um sistema de ""limpar"", onde você aperta um botão e ele limpa a Dungeon automaticamente em segundos, isso já existe em outros jogos, e seria muito legal se adicionassem aqui também, ficaria muito mais rapido, espero que façam isso, estou quase largando o jogo pela demora extrema de dungeons e raids.","","5.0","","","","","","","","","","","","","","","","","","","","","2025-12-12 04:23:40","","","","","","","","","","","","","","","","","","","","","","","","Bit Heroes Quest: RPG em Pixel","13.0","","","",""
"App Store (Google Play)","review","bit","Gostei muito. Muito bom em tudo q oferece. Você escolhe, se quer ver os anúncios para ganhar equipamentos (Eu vejo todos hahaha). Só está muito irritante a demora para abrir o jogo. Se a internet for a melhor, demora no mínimo 2 minutos pra abrir; parece que estou baixando o jogo denovo. Ja tive que esperar 20 minutos para abrir. E estamos falando de um jogo mobile que não pesa nem 1gb","","5.0","","","","","","","","","","","","","","","","","","","","","2025-12-12 04:23:40","","","","","","","","","","","","","","","","","","","","","","","","Bit Heroes Quest: RPG em Pixel","0.0","","","",""
"App Store (Google Play)","review","bit","Esse é o único jogo para celular que não enjoativo para mim, eu estou jogando há alguns meses. Ele é muito bom na mecânica quanto nos gráficos. Jogo perfeito!!! Mas está faltando adicionarem a moeda brasileira para fazer compra dentro do jogo, pois o dólar está muito caro. Eu sempre espero algum desconto da própria google play para comprar dentro do jogo, mas demora muito :D :D","","5.0","","","","","","","","","","","","","","","","","","","","","2025-12-12 04:23:40","","","","","","","","","","","","","","","","","","","","","","","","Bit Heroes Quest: RPG em Pixel","13.0","","","We're sorry you can't access your character! Please contact the help desk at https://juppiomenz.zendesk.com/hc/en-us and they'll be happy to assist you!","2019-06-05 10:42:11"
"App Store (Google Play)","review","bit","Sensacional, o jogo é quase prefeito, na verdade ele é perfeito, mas algumas pessoas reclamam do loguin mas eu acho que isso depende do aparelho, no meu telefone roda liso não trava nunca saiu sozinho, antigamente eu jogava na tv de casa, mas não é bom para jogar aí sim tinha muito travando até saia sozinho, então se seu jogo estiver com problemas de sair ou coisas do tipo provavelmente é seu aparelho, aconselho baixar um acalerador de jogos ( eu usava o ""game booster"" ele é o melhor(para mim).","","5.0","","","","","","","","","","","","","","","","","","","","","2025-12-12 04:23:40","","","","","","","","","","","","","","","","","","","","","","","","Bit Heroes Quest: RPG em Pixel","0.0","","","",""
"App Store (Google Play)","review","bit","Um jogo muito bom, considero um dos que mais gosto, por mais que ainda possa ser considerado un P2W, ainda assim não se deixa de fazer divertir quem o joga, sempre tento algo novo e assim progredindo entre o jogo, mais a frente tendo as mesmas coisas, mas não tão iguais, mantendo a jogabilidade e havendo diferentes modos e coisas para se fazer, assim como dito antes, é um belo jogo.","","5.0","","","","","","","","","","","","","","","","","","","","","2025-12-12 04:23:40","","","","","","","","","","","","","","","","","","","","","","","","Bit Heroes Quest: RPG em Pixel","45.0","","","",""
"App Store (Google Play)","review","bit","Falta algumas coisas para o jogo ser perfeito por exemplo ter um modo offline e ter um modo de exploração cooperativa para jogar até 4 players, e no final da dungeon ter um boss, e depois de eniminar o boss poderia ter uma aréa de descanso com lojas de poçoes e armaduras,não que nem o lobby mas sim um lugar diferente do lobby,mas essa é só minhas opinioes e ideias para o jogo ficar ainda melhor.Espero que melhorem o jogo futuramente.","","5.0","","","","","","","","","","","","","","","","","","","","","2025-12-12 04:23:40","","","","","","","","","","","","","","","","","","","","","","","","Bit Heroes Quest: RPG em Pixel","160.0","","","",""
"App Store (Google Play)","review","bit","Eu adorei o jogo e o estilo quero jogo é bem viciante e tem boas Recompensas para o modo o jogador vs jogador pois prefiro evitar esses locais","","5.0","","","","","","","","","","","","","","","","","","","","","2025-12-12 04:23:40","","","","","","","","","","","","","","","","","","","","","","","","Bit Heroes Quest: RPG em Pixel","0.0","","","",""
"App Store (Google Play)","review","bit","os desenvolvedores estão de parabéns! o jogo é muito bom, a variedade de armas, itens e criaturas é imensa, cada masmorra tem criaturas e senários diferentes, os gráficos são muito bonitos e agradáveis, a única coisa que não agrada a maioria dos players é o sistema de energia, você precisa de eneegia para jogar nas masmorras, mas tirando isso o jogo é ótimo. recomendo!","","5.0","","","","","","","","","","","","","","","","","","","","","2025-12-12 04:23:40","","","","","","","","","","","","","","","","","","","","","","","","Bit Heroes Quest: RPG em Pixel","163.0","","","",""
"App Store (Google Play)","review","bit","O JOGO É ÓTIMO. vicia muito rápido, não é mundo aberto mas você pode explorar as masmorras. ele dispensa apresentações, está totalmente completo com muita diversidade de itens, pets, e animais que te ajudam no combate. eu só queria que eles melhorassem a mecânica de PVP com outros players mas no geral o jogo é ótimo. dá para fazer amizades (mas não dá para conversar com eles apenas batalhar, ironia não?) eu amei o jogo e não precisei jogar muito para gostar. bom é isso recomendo bastante :D","","5.0","","","","","","","","","","","","","","","","","","","","","2025-12-12 04:23:40","","","","","","","","","","","","","","","","","","","","","","","","Bit Heroes Quest: RPG em Pixel","25.0","","","",""
"App Store (Google Play)","review","bit","Sinceramente, melhor MMORPG! Tenho uma sugestão, bem que vocês poderiam disponibilizar uma opção de doação de itens. É notório que os iniciantes não possuem um auxílio preciso, tanto da comunidade, quanto do próprio jogo. Também a questão do tempo de recarga de energia que é bem longo, poderiam baixar mais esse tempo exigido. Fora isso, grato por esse grande jogo. :D","","5.0","","","","","","","","","","","","","","","","","","","","","2025-12-12 04:23:40","","","","","","","","","","","","","","","","","","","","","","","","Bit Heroes Quest: RPG em Pixel","122.0","","","",""
"App Store (Google Play)","review","bit","O jogo é muito bom, desde a teilha sonora até a jogatina. os controles são bons os graficos combinam com o jogo e as pixel arts são maravilhosas. Jogo de batalha com escolhas, evolução com placar mubdial. O jogo também é bom para aqueles que procuram um bom desafio (já que alguns monstros são bem fortes e te dão trabalho de passar).","","5.0","","","","","","","","","","","","","","","","","","","","","2025-12-12 04:23:40","","","","","","","","","","","","","","","","","","","","","","","","Bit Heroes Quest: RPG em Pixel","18.0","","","",""
"App Store (Google Play)","review","bit","O jogo em si é muito bom, sou viciada. Mas o que me impede de dar 5 estrelas são as probabilidades baixíssimas de pegar bons itens. Já gastei muito dinheiro com o jogo, especialmente na compra itens míticos que aumentam 200% as chances de pegar itens, exp, speed, etc. Mas entre 60 raides em modo heróico (usando buff de 200% de itens), sempre vêm apenas 3 ou 4 itens lendários. Essas probabilidades baixas desestimulam os jogadores e nos fazem sentir como se fôssemos ""coisas"" que só servem pra dar dinheiro pros desenvolvedores. Não sou contra a cobrança, mas que pelo menos os jogadores tenham retorno pelos seus investimentos.","","2.0","","","","","","","","","","","","","","","","","","","","","2025-12-12 04:23:40","","","","","","","","","","","","","","","","","","","","","","","","Bit Heroes Quest: RPG em Pixel","466.0","","","",""
"App Store (Google Play)","review","bit","Quando habilitarem a opção de múltiplas contas (tipo, mesmo eu trocando de perfil no google play games, o progresso e personagem continua o mesmo, impossibilitando o jogador de ter mais de uma char) eu volto a jogar, porque de primeira vista, eu não dei um nickname bom para o personagem e nem uma aparência boa porque pensei que daria de mudar, a aparência até dá, com muito esforço, mas o nome não. Se tivesse a opção de pelo menos excluir o personagem e progresso para poder fazer outro no lugar seria bom demais...","","3.0","","","","","","","","","","","","","","","","","","","","","2025-12-12 04:23:40","","","","","","","","","","","","","","","","","","","","","","","","Bit Heroes Quest: RPG em Pixel","3.0","","","We're sorry you're having issues! Please contact the help desk at https://juppiomenz.zendesk.com/hc/en-us and they'll be happy to assist you!","2018-12-10 14:16:11"
"App Store (Google Play)","review","bit","Deveria ter mais coisa para fazer, tipo ter um castelo, ter criados, Escolher gosto(do que o personagem gosta) e mais algumas coisas que tem em undertale por exemplo. 2. Eu tinha uma conta no jogo, mas n fui capaz de me conectar com a mesma, queria saber se vocês podem resolver o problema, a minha antiga conta era de pré-venda ""EspexionGames""","","4.0","","","","","","","","","","","","","","","","","","","","","2025-12-12 04:23:40","","","","","","","","","","","","","","","","","","","","","","","","Bit Heroes Quest: RPG em Pixel","3.0","","","We're sorry you can't access your character! Please contact the help desk at https://juppiomenz.zendesk.com/hc/en-us and they'll be happy to assist you!","2019-05-14 10:47:29"
"App Store (Google Play)","review","bit","O jogo é legal e bom para passar o tempo, porem desde que consegui entrar no jogo e ter algum avanço tenho o problema de desconexão, durante as raids, algumas masmorras, as vezes durante o jogo e eventos, sou desconectado e tenho que fecha e abrir o jogo novamente. Gostei bastante do jogo gostaria muito de que esse erro seja consertado.","","3.0","","","","","","","","","","","","","","","","","","","","","2025-12-12 04:23:40","","","","","","","","","","","","","","","","","","","","","","","","Bit Heroes Quest: RPG em Pixel","9.0","","","We're sorry you're having this issue! Please contact the help desk at https://juppiomenz.zendesk.com/hc/en-us and they'll be happy to assist you!","2019-03-19 11:43:01"
"App Store (Google Play)","review","bit","Há um tempo atrás eu tive que desinstalar esse jogo por que ele desconectava toda hora. Agora, com um novo celular, decidi reinstalar novamente pra ver se esse bug foi resolvido, mas pelo pouco que tentei parece que piorou. O jogo desconecta várias vezes na tela de login, e depois que loga o jogo desconecta do nada, não mais de um minuto depois de ter logado. Impraticável.","","1.0","","","","","","","","","","","","","","","","","","","","","2025-12-12 04:23:40","","","","","","","","","","","","","","","","","","","","","","","","Bit Heroes Quest: RPG em Pixel","15.0","","","We're sorry you're having connection issues! Please contact the help desk at https://juppiomenz.zendesk.com/hc/en-us and they'll be happy to assist you!","2019-11-11 11:36:56"
"App Store (Google Play)","review","bit","O jogo tem muito potencial, mas precisa ainda de muitas melhorias, ao começar por batalhas em tempo real com os amigos, algo como masmorras fixas que possamos entrar e jogar juntos, tbm pvp dessa forma . A cidade principal tbm precisa ser expandida. Outro fator importante são os preços dos itens da loja, estão todos em dólar o que acaba ficando caro de mais para os br. O servidor tbm está falhando muito","","3.0","","","","","","","","","","","","","","","","","","","","","2025-12-12 04:23:40","","","","","","","","","","","","","","","","","","","","","","","","Bit Heroes Quest: RPG em Pixel","66.0","","","",""
"App Store (Google Play)","review","bit","Jogo super mediano, maçante, sem muitas mudanças de gameplay. O maior ponto positivo deste jogo é o humor muito bem colocado, que até se torna característica marcante do próprio. Mas, como jogo, não obtive nenhuma satisfação. Minha sugestão seria sobre mudar as dungeons super maçantes para algo mais interativo, mais elaborado, onde o jogador realmente sinta que está em um ambiente totalmente diferenciado do habitual tenha satisfação em jogá-la, e não um labirinto tosco sem sentido.","","3.0","","","","","","","","","","","","","","","","","","","","","2025-12-12 04:23:40","","","","","","","","","","","","","","","","","","","","","","","","Bit Heroes Quest: RPG em Pixel","234.0","","","",""
"App Store (Google Play)","review","bit","O jogo é muito bom, já joguei por muito tempo. Mas o problema principal é o sistema de login, não recupero mais minha conta. Arrumem esse sistema. E de vez em quando algumas funções simples não funcionam como sair de opções do jogador, configurações, etc. Confio no trabalho de vocês, arrumem! (O nome do meu personagem era SóCanela ;-;)","","2.0","","","","","","","","","","","","","","","","","","","","","2025-12-12 04:23:40","","","","","","","","","","","","","","","","","","","","","","","","Bit Heroes Quest: RPG em Pixel","90.0","","","Hi there! We're sorry you can't get to your previous account. Please reach out to our help desk for assistance! https://bitheroes.zendesk.com/hc","2020-09-09 16:52:56"
"App Store (Google Play)","review","bit","Bem, o pouco que eu joguei eu gostei, porem vi dois bugs q quase me fazem desinstalar o jogo e nem é por q são terriveiz, mais por que são chatos. O primeiro é na criação de personagem, simplismente o teclado ñ aparece, o segundo é nas configurações, simplesmente ñ da pra sair. Como eu disse, isso ñ seria muito problema se não fosse o fato de o UNICO geito que eu achei de sair do game, e o game demora mt tempo pra entra, MUITO tempo. Se ajudo os prográmadores, eu jogo no Mobile (celular).","","4.0","","","","","","","","","","","","","","","","","","","","","2025-12-12 04:23:40","","","","","","","","","","","","","","","","","","","","","","","","Bit Heroes Quest: RPG em Pixel","0.0","","","",""
"App Store (Google Play)","review","bit","É um jogo muito bom com vários familiares e vários tipos de equipamentos, acessórios, montarias, etc. Mas por algum motivo eu não consigo logar na minha conta de jeito algum (diz que não existe sendo que criei a uns anos atrás) e nem consigo entrar no jogo em si (carrega por 5 minutos e depois crasha).","","3.0","","","","","","","","","","","","","","","","","","","","","2025-12-12 04:23:40","","","","","","","","","","","","","","","","","","","","","","","","Bit Heroes Quest: RPG em Pixel","0.0","","","",""
"App Store (Google Play)","review","bit","O jogo é bom até, existem uma grande variedade de itens e familiares para você pegar. Um dos problemas do jogo é que ele é extremamente P2W, que faz com que você precise gastar quantidades absurdas de dinheiro se vc quiser estar entre os melhores, dificultando a vida daqueles que não tem condições de comprar coisas em jogos. Outro problema que estou tendo é em relação a tela de carregamento, vejo relatos de outras pessoas que têm o mesmo problema que eu.","","3.0","","","","","","","","","","","","","","","","","","","","","2025-12-12 04:23:40","","","","","","","","","","","","","","","","","","","","","","","","Bit Heroes Quest: RPG em Pixel","0.0","","","",""
"App Store (Google Play)","review","bit","Muito bom. Entretanto vou direto ao ponto o jogo demora muito pra iniciar e sei que pode ser mas rápido então espero que isso seja consertado. E outra...o jogo é bom e tudo, mas pessoalmente comecei a achar o jogo muito repetitivo parte disso por conta da simplicidade de ataque a animação das habilidades de ataque todas as armas da classes Machado, arco etc...são tudo a mesma coisa não muda nada acho que podem fazer algo a respeito disso também. Bom jogo recomendo.","","4.0","","","","","","","","","","","","","","","","","","","","","2025-12-12 04:23:40","","","","","","","","","","","","","","","","","","","","","","","","Bit Heroes Quest: RPG em Pixel","223.0","","","",""
"App Store (Google Play)","review","bit","É um bom jogo. A arte é muito bonita e a jogabilidade é simples, mas divertida. O único problema é a progressão lenta. Demora muito para avançar no jogo. Você precisa investir horas e horas para conseguir algo (familiares, equipamentos, recursos, etc) e isso o torna massante e o principal fator para muitos largarem o jogo.","","3.0","","","","","","","","","","","","","","","","","","","","","2025-12-12 04:23:40","","","","","","","","","","","","","","","","","","","","","","","","Bit Heroes Quest: RPG em Pixel","10.0","","","Hello Azef! Thank you a lot for your review and your feedback. We are always looking for ways to improve our game, therefore it is important to listen to the opinions of our players, please write to us at https://kon.gg/BitHeroesHelp and let us know more about it.","2024-11-12 14:04:33"
"App Store (Google Play)","review","bit","Editando depois de 1700 horas jogando: jogo continua muito bom, porém, em todas essas horas jogadas eu nunca fiz uma micro transação por um motivo: o valor cobrado no jogo não se adequa a realidade brasileira, só há opção de comprar em dólares, a medida que se esse valor fosse convertido para reais a um preço justo, eu compraria semanalmente as ofertas da loja. Exemplo: se uma oferta que atualmente custa U$10, custasse R$20-25 eu compraria sem sombra de dúvidas.","","4.0","","","","","","","","","","","","","","","","","","","","","2025-12-12 04:23:40","","","","","","","","","","","","","","","","","","","","","","","","Bit Heroes Quest: RPG em Pixel","64.0","","","",""
"App Store (Google Play)","review","bit","Horrível. Só serve se você tiver um endereço italiano. Não serve para turista.","","1.0","","","","","","","","","","","","","","","","","","","","","2025-12-12 04:23:40","","","","","","","","","","","","","","","","","","","","","","","","BIT","3.0","","","Caro Clinton, lamentamos muito sua experiência negativa com nosso serviço, pedimos-lhe gentilmente que entre em contato conosco em assistenza@bitmobility.it para que possamos lhe fornecer o apoio necessário para resolver o problema que você experimentou. Team BIT","2022-06-11 16:48:07"
"App Store (Google Play)","review","bit","Couldn't add credit card or PayPal as payment method","","1.0","","","","","","","","","","","","","","","","","","","","","2025-12-12 04:23:40","","","","","","","","","","","","","","","","","","","","","","","","BIT","2.0","","","",""
"App Store (Google Play)","review","bit","Prático e divertido, mas muito caro.","","3.0","","","","","","","","","","","","","","","","","","","","","2025-12-12 04:23:40","","","","","","","","","","","","","","","","","","","","","","","","BIT","1.0","","","",""
"App Store (Google Play)","review","bit","Espetacular","","5.0","","","","","","","","","","","","","","","","","","","","","2025-12-12 04:23:40","","","","","","","","","","","","","","","","","","","","","","","","BIT","1.0","","","Gentile Jorge, la ringraziamo per il suo feedback e per il tempo che ci ha dedicato. Le Auguriamo Buon Viaggio a Bordo dei nostri Mezzi. Team BIT","2022-07-17 13:33:26"
"App Store (Google Play)","review","bit","good but didn't got my 5 euros back!","","3.0","","","","","","","","","","","","","","","","","","","","","2025-12-12 04:23:40","","","","","","","","","","","","","","","","","","","","","","","","BIT","0.0","","","",""
"App Store (Google Play)","review","bit","Terrible experience. Lots of trouble unblocking the scooter, my friend couldn't even get past the insurance. Tha app isn't user friendly, in his case, it wouldn't allow do go on without insurance but sinse he was not Italian he could not get insured?! Mandatory 3€ charge on wallet. No other similar app asks for mandatory deposits and they don't refund (I canceled the account with 2€ in the wallet). There are a lot better options for the same service, choose something else.","","1.0","","","","","","","","","","","","","","","","","","","","","2025-12-12 04:23:40","","","","","","","","","","","","","","","","","","","","","","","","BIT","0.0","","","",""
"App Store (Google Play)","review","bit","Empresa horrível, mesmo com a minha carteira de habilitação com validade de 2034 ela não autoriza um simples patinete, porque tanta burocracia para um patinete????","","1.0","","","","","","","","","","","","","","","","","","","","","2025-12-12 04:23:40","","","","","","","","","","","","","","","","","","","","","","","","BIT","0.0","","","",""
"App Store (Google Play)","review","bit","PESSIMO! Máquina ruim e não nos deixa estacionar. Não peguem! Todo bugado","","1.0","","","","","","","","","","","","","","","","","","","","","2025-12-12 04:23:40","","","","","","","","","","","","","","","","","","","","","","","","BIT","0.0","","","",""
"App Store (Google Play)","review","bit","Entro com minha conta no aplicativo e aparece uma mensagem de erto dizendo pra eu tentar novamente. Ao clicar no link de confirmacao no email aparcee uma pagina em branco com erro também. Nada funciona.","","1.0","","","","","","","","","","","","","","","","","","","","","2025-12-12 04:23:40","","","","","","","","","","","","","","","","","","","","","","","","BIT","0.0","","","Caro cliente, lamentamos muito a sua experiência negativa com o nosso serviço, pedimos-lhe que nos contacte através do endereço assistenza@bitmobility.it para que possamos prestar-lhe o apoio necessário para resolver o problema que teve. Equipa BIT","2023-07-14 09:17:30"
"App Store (Google Play)","review","bit","It is possible to sign up. You need to choose a favorite city, but nothing appears in the form.","","1.0","","","","","","","","","","","","","","","","","","","","","2025-12-12 04:23:40","","","","","","","","","","","","","","","","","","","","","","","","BIT","0.0","","","",""
"App Store (Google Play)","review","bit","I tried the app in Pisa and Florence. Is pretty hard to end the rent since the zones are too small and the gps don't work well in middle of the old buildings. It's also impossible to send the photo they ask in the end so you can maybe get a 300€ fine. Don't even try to call the assistance, they are not pleased to help you at all...","","1.0","","","","","","","","","","","","","","","","","","","","","2025-12-12 04:23:40","","","","","","","","","","","","","","","","","","","","","","","","BIT","0.0","","","Dear Raphael, we are very sorry for your negative experience with our service, we kindly ask you to contact us at the following address assistenza@bitmobility.it so that we can provide you with the necessary support to solve the problem you encountered. BIT Team","2022-02-03 02:11:18"
"App Store (Google Play)","review","bit","Muito útil","","5.0","","","","","","","","","","","","","","","","","","","","","2025-12-12 04:23:40","","","","","","","","","","","","","","","","","","","","","","","","Bit Electronics","5.0","","","",""
"App Store (Google Play)","review","bit","Excelente ferramenta","","5.0","","","","","","","","","","","","","","","","","","","","","2025-12-12 04:23:40","","","","","","","","","","","","","","","","","","","","","","","","Bit Electronics","3.0","","","",""
"App Store (Google Play)","review","bit","Ótima ferramenta! Parabéns equipe Bit Eletronics.","","5.0","","","","","","","","","","","","","","","","","","","","","2025-12-12 04:23:40","","","","","","","","","","","","","","","","","","","","","","","","Bit Electronics","2.0","","","",""
"App Store (Google Play)","review","bit","Onde o aplicativo indica a existência da torre em que o meu aparelho tá conectado, não existe torre lá!","","1.0","","","","","","","","","","","","","","","","","","","","","2025-12-12 04:23:40","","","","","","","","","","","","","","","","","","","","","","","","Bit Electronics","1.0","","","",""
"App Store (Google Play)","review","bit","Top. O melhor!!!","","5.0","","","","","","","","","","","","","","","","","","","","","2025-12-12 04:23:40","","","","","","","","","","","","","","","","","","","","","","","","Bit Electronics","1.0","","","",""
"App Store (Google Play)","review","bit","Nice app","","5.0","","","","","","","","","","","","","","","","","","","","","2025-12-12 04:23:40","","","","","","","","","","","","","","","","","","","","","","","","Bit Electronics","0.0","","","",""
"App Store (Google Play)","review","bit","Não funciona no S23","","1.0","","","","","","","","","","","","","","","","","","","","","2025-12-12 04:23:40","","","","","","","","","","","","","","","","","","","","","","","","Bit Electronics","0.0","","","",""
"App Store (Google Play)","review","bit","Muito útil, excelente 👏👏👏","","5.0","","","","","","","","","","","","","","","","","","","","","2025-12-12 04:23:40","","","","","","","","","","","","","","","","","","","","","","","","Bit Electronics","0.0","","","",""
"App Store (Google Play)","review","bit","A melhor de todas parabéns toda equipe, nota 10 pra vocês.","","5.0","","","","","","","","","","","","","","","","","","","","","2025-12-12 04:23:40","","","","","","","","","","","","","","","","","","","","","","","","Bit Electronics","0.0","","","",""
"App Store (Google Play)","review","bit","Ótimo","","5.0","","","","","","","","","","","","","","","","","","","","","2025-12-12 04:23:40","","","","","","","","","","","","","","","","","","","","","","","","Bit Electronics","0.0","","","",""
"App Store (Google Play)","review","bit","legal,mais tem que deixar as opções grátis tipo a de jogador de futebol","","4.0","","","","","","","","","","","","","","","","","","","","","2025-12-12 04:23:40","","","","","","","","","","","","","","","","","","","","","","","","BitLife GO! Simulador de vida","1.0","","","",""
"App Store (Google Play)","review","bit","jazzghost 🇧🇷🙌","","5.0","","","","","","","","","","","","","","","","","","","","","2025-12-12 04:23:40","","","","","","","","","","","","","","","","","","","","","","","","BitLife GO! Simulador de vida","0.0","","","",""
"App Store (Google Play)","review","bit","fiz compras no jogo, porém fui enganada pois não recebi nada do prometido!! tomem cuidado","","1.0","","","","","","","","","","","","","","","","","","","","","2025-12-12 04:23:40","","","","","","","","","","","","","","","","","","","","","","","","BitLife GO! Simulador de vida","0.0","","","",""
"App Store (Google Play)","review","bit","jogo muito pay to win, 1 anúncio a cada clique","","2.0","","","","","","","","","","","","","","","","","","","","","2025-12-12 04:23:40","","","","","","","","","","","","","","","","","","","","","","","","BitLife GO! Simulador de vida","0.0","","","",""
"App Store (Google Play)","review","bit","gostei muito do jogo mais pra ficar mais melhor, tira o anúncio isso ia ajudar muito as pessoas quere joga","","3.0","","","","","","","","","","","","","","","","","","","","","2025-12-12 04:23:40","","","","","","","","","","","","","","","","","","","","","","","","BitLife GO! Simulador de vida","0.0","","","",""
"App Store (Google Play)","review","bit","dahora mais tem muito anuncio","","3.0","","","","","","","","","","","","","","","","","","","","","2025-12-12 04:23:40","","","","","","","","","","","","","","","","","","","","","","","","BitLife GO! Simulador de vida","0.0","","","",""
"App Store (Google Play)","review","bit","muita propaganda","","3.0","","","","","","","","","","","","","","","","","","","","","2025-12-12 04:23:40","","","","","","","","","","","","","","","","","","","","","","","","BitLife GO! Simulador de vida","0.0","","","",""
"App Store (Google Play)","review","bit","Esse simulador de vida é o melhor do mundo inteiro! Muito bom nota 10000000000000/10","","5.0","","","","","","","","","","","","","","","","","","","","","2025-12-12 04:23:40","","","","","","","","","","","","","","","","","","","","","","","","BitLife GO! Simulador de vida","0.0","","","",""
"App Store (Google Play)","review","bit","9/10 porque tem algumas coisas que não gostei","","5.0","","","","","","","","","","","","","","","","","","","","","2025-12-12 04:23:40","","","","","","","","","","","","","","","","","","","","","","","","BitLife GO! Simulador de vida","0.0","","","",""
"App Store (Google Play)","review","bit","dou uma dica desliga a internet daí não vai ter anúncio, muito bom ser jogador de futebol kkkkk","","5.0","","","","","","","","","","","","","","","","","","","","","2025-12-12 04:23:40","","","","","","","","","","","","","","","","","","","","","","","","BitLife GO! Simulador de vida","0.0","","","",""
"App Store (Google Play)","review","bit","Cada vez só piorando tudo agora se paga, até para se formar em carreiras especiais paga. Que coisa horrível, antes não era assim, mudem logo isso","","1.0","","","","","","","","","","","","","","","","","","","","","2025-12-12 04:23:40","","","","","","","","","","","","","","","","","","","","","","","","BitLife GO! Simulador de vida","0.0","","","",""
"App Store (Google Play)","review","bit","muito bom só podia ter menos anúncios","","4.0","","","","","","","","","","","","","","","","","","","","","2025-12-12 04:23:40","","","","","","","","","","","","","","","","","","","","","","","","BitLife GO! Simulador de vida","0.0","","","",""
"App Store (Google Play)","review","bit","anúncios demais e muito longos, o jogo em si é ótimo mas os anúncios estão pior que influencers divulgando casa de aposta.","","1.0","","","","","","","","","","","","","","","","","","","","","2025-12-12 04:23:40","","","","","","","","","","","","","","","","","","","","","","","","BitLife GO! Simulador de vida","0.0","","","",""
"App Store (Google Play)","review","bit","Quando tento negociar com os colegas de classe pra vender algo a eles não acontece nada, é como se o jogo bugasse, mas no Bitlife BR o jogador recebe algum dinheiro e pode ser repreendido pela professora, então esse jogo aqui tá bugado. Impressionante como os devs erram em algo tão básico do jogo. Podre.","","1.0","","","","","","","","","","","","","","","","","","","","","2025-12-12 04:23:40","","","","","","","","","","","","","","","","","","","","","","","","BitLife GO! Simulador de vida","0.0","","","",""
"App Store (Google Play)","review","bit","Jogo mercenário, fiz o pagamento e nada de modo deus,jogo pirataria gente, não compram","","1.0","","","","","","","","","","","","","","","","","","","","","2025-12-12 04:23:40","","","","","","","","","","","","","","","","","","","","","","","","BitLife GO! Simulador de vida","0.0","","","",""
"App Store (Google Play)","review","bit","Muito bom não baixem","","5.0","","","","","","","","","","","","","","","","","","","","","2025-12-12 04:23:40","","","","","","","","","","","","","","","","","","","","","","","","BitLife GO! Simulador de vida","0.0","","","",""
"App Store (Google Play)","review","bit","jogo incrível","","5.0","","","","","","","","","","","","","","","","","","","","","2025-12-12 04:23:40","","","","","","","","","","","","","","","","","","","","","","","","BitLife GO! Simulador de vida","0.0","","","",""
"App Store (Google Play)","review","bit","eu amo esse jogo esse jogo é incrível eu amo ele eu já baixei ele várias vezes em vários celulares e claro eu já baixei ele no meu celular logo né gente eu amo esse simulador e eu lembro que uma vez eu fui presa no jogo nossa eu fiquei a madrugada inteira tentando sair da prisão mas não deu certo né porque eu morri","","5.0","","","","","","","","","","","","","","","","","","","","","2025-12-12 04:23:40","","","","","","","","","","","","","","","","","","","","","","","","BitLife GO! Simulador de vida","0.0","","","",""
"App Store (Google Play)","review","bit","estava jogando até que apareceu uma coisa, pedi para eu assistir uma propaganda para ser um jogador profissional, mas eu vou começar minha carreira e pedi a eu PAGAR para ser um jogador profissional, era bom só que tudo agora e pago!!!","","1.0","","","","","","","","","","","","","","","","","","","","","2025-12-12 04:23:40","","","","","","","","","","","","","","","","","","","","","","","","BitLife GO! Simulador de vida","0.0","","","",""
"App Store (Google Play)","review","bit","bem lixo","","1.0","","","","","","","","","","","","","","","","","","","","","2025-12-12 04:23:40","","","","","","","","","","","","","","","","","","","","","","","","BitLife GO! Simulador de vida","0.0","","","",""
"App Store (Google Play)","review","bit","O jogo, por mais que a interface seja simples, é bem divertido para passar o tempo, vale muito a pena jogar. Apenas acho que os anúncios são excessivos, mas nada que atrapalhe a experiência.","","5.0","","","","","","","","","","","","","","","","","","","","","2025-12-12 04:23:40","","","","","","","","","","","","","","","","","","","","","","","","BitLife GO! Simulador de vida","50.0","","","",""
"App Store (Google Play)","review","bit","JOGO MARAVILHOSO O RUIM QUE VC PODE FAZER NADA PORQUE QUALSE TUDO É DE COMPRAR MAIS É DIVERTIDO SE ALGUÉM O DONO OU ALGUEM QUE TRABALHA NESSE JOGO PORFAVOR DEIXE MAIS OPÇÕES GRATIS TIPO VIRAR JOGADOR DE FUTEBOL É DE COMPRA INTAO DEIXE OPÇÕES GRATIS MAIS SE NÃO FOSSE ISSO ELE IA SER UM DOS MUES JOGOS FAVORITOS O POBLEMA É QUE TUDO É DE COMPRA ISSO QUE É O RUIM MAIS É BOM","","5.0","","","","","","","","","","","","","","","","","","","","","2025-12-12 04:23:40","","","","","","","","","","","","","","","","","","","","","","","","BitLife GO! Simulador de vida","72.0","","","",""
"App Store (Google Play)","review","bit","o único problema são os anúncios, fora isso acho o jogo ótimo, para distrair a cabeça.","","5.0","","","","","","","","","","","","","","","","","","","","","2025-12-12 04:23:40","","","","","","","","","","","","","","","","","","","","","","","","BitLife GO! Simulador de vida","0.0","","","",""
"App Store (Google Play)","review","bit","muito bom, varias possibilidades de vidas diferentes e diversas opções, com todas as opçoes pagas fica melhor ainda e compensa mto, porém deveria ter uma opçao d logar c o email (nao sei se tem) pra nao perder tudo caso desinstale ou troque de cllr. tmb acho q vc poderia escolher o ano q vai nascer, caso queira jogar em uma epoca mais antiga (ex: egito antigo, japao antigo), deixaria o jogo mais divertido e interativo ainda.","","5.0","","","","","","","","","","","","","","","","","","","","","2025-12-12 04:23:40","","","","","","","","","","","","","","","","","","","","","","","","BitLife GO! Simulador de vida","1.0","","","",""
"App Store (Google Play)","review","bit","muito interesante mais o ruim que tem muito anuncios mais ele é muito bom todo mundo deveria jogar amei indico muito na minha consepisão é muito bom parabans vale a pena .","","5.0","","","","","","","","","","","","","","","","","","","","","2025-12-12 04:23:40","","","","","","","","","","","","","","","","","","","","","","","","BitLife GO! Simulador de vida","0.0","","","",""
"App Store (Google Play)","review","bit","App maravilhoso, não tenho palavras pra descrever o quanto é bom.","","5.0","","","","","","","","","","","","","","","","","","","","","2025-12-12 04:23:40","","","","","","","","","","","","","","","","","","","","","","","","BitLife GO! Simulador de vida","0.0","","","",""
"App Store (Google Play)","review","bit","eu comprei as algumas espançoes e digo que o jogo é bom para passar o tempo, acho que deveriam melhorar a tradução pois está ruim","","5.0","","","","","","","","","","","","","","","","","","","","","2025-12-12 04:23:40","","","","","","","","","","","","","","","","","","","","","","","","BitLife GO! Simulador de vida","0.0","","","",""
"App Store (Google Play)","review","bit","app perfeito com histórias fascinantes e com milhares de opções","","5.0","","","","","","","","","","","","","","","","","","","","","2025-12-12 04:23:40","","","","","","","","","","","","","","","","","","","","","","","","BitLife GO! Simulador de vida","0.0","","","",""
"App Store (Google Play)","review","bit","é um jogo bem legal e interessante já fiz diversas vidas e indico mas o ruim é no começo que nos não podemos fazer o nossa vida ao entrar pois somos obrigados a fazer uma vida aleatória mas fora isso é bem legal indico mt!!","","5.0","","","","","","","","","","","","","","","","","","","","","2025-12-12 04:23:40","","","","","","","","","","","","","","","","","","","","","","","","BitLife GO! Simulador de vida","1.0","","","",""
"App Store (Google Play)","review","bit","é muito legal mas acho que você poderia facilitar na hora de ganhar na loteria eu joguei eu acho que não sei quantas vezes pelo menos umas 20 e não ganhei nenhuma vez mas o resto é muito legal","","5.0","","","","","","","","","","","","","","","","","","","","","2025-12-12 04:23:40","","","","","","","","","","","","","","","","","","","","","","","","BitLife GO! Simulador de vida","1.0","","","",""
"App Store (Google Play)","review","bit","Tem muitooo anúncio mas vale muito a pena adorei demais o bitlife. O jogo de simulação de vida que eu fiquei viciada kkkk. é só isso não falo (muito nas resenhas) 28/04/25...................... obs: eu percebi que o btlife frequentemente quer atualização, não que seja tão ruim mais avisado né 17/06/25","","5.0","","","","","","","","","","","","","","","","","","","","","2025-12-12 04:23:40","","","","","","","","","","","","","","","","","","","","","","","","BitLife GO! Simulador de vida","2.0","","","",""
"App Store (Google Play)","review","bit","o jogo é bom mais o problema são os anúncios porque parece que a cada 3 minutos ou menos é um anúncio novo ou repetido e eu paguei para não deixará únicos e ainda estava os anuncios","","5.0","","","","","","","","","","","","","","","","","","","","","2025-12-12 04:23:40","","","","","","","","","","","","","","","","","","","","","","","","BitLife GO! Simulador de vida","25.0","","","",""
"App Store (Google Play)","review","bit","eu amei o jogo tem muitas opções só que deveria tour pelo menos algumas casas de graça até animais de graça por que a maioria tem que pagar então por favor pelo menos tirem as propagandas estão muito chatas mas tirando isso tudo eu amei esse jogo parabéns 🫰🏽","","5.0","","","","","","","","","","","","","","","","","","","","","2025-12-12 04:23:40","","","","","","","","","","","","","","","","","","","","","","","","BitLife GO! Simulador de vida","1.0","","","",""
"App Store (Google Play)","review","bit","Um jogo bom e interessante, o jogo é bom para passar o tempo quando não tiver nada para fazer, eu iria amar muito se tivesse a opção de fazer algo relacionado a escolher algumas coisas para os filhos, tipo a faculdade, pedir para ele fazer tal faculdade, tipo isso mas o jogo é bom e divertido.","","5.0","","","","","","","","","","","","","","","","","","","","","2025-12-12 04:23:40","","","","","","","","","","","","","","","","","","","","","","","","BitLife GO! Simulador de vida","8.0","","","",""
"App Store (Google Play)","review","bit","muito legal esse jogo, não aparenta ter muitos bugs,e vc se diverte muito, mas algumas coisas poderiam ser grátis, como comprar animais de raça, passar um tempo com seu chefe, etc","","5.0","","","","","","","","","","","","","","","","","","","","","2025-12-12 04:23:40","","","","","","","","","","","","","","","","","","","","","","","","BitLife GO! Simulador de vida","203.0","","","",""
"App Store (Google Play)","review","bit","É muito bom esse jogo mais os preços são meio caros mas é tão bom esse eu amei muito gente ❤️","","5.0","","","","","","","","","","","","","","","","","","","","","2025-12-12 04:23:40","","","","","","","","","","","","","","","","","","","","","","","","BitLife GO! Simulador de vida","0.0","","","",""
"App Store (Google Play)","review","bit","o jogo é perfeito para quem está no tédio. Acho que teve algumas atualizações, pois algumas coisas que antes eram grátis, agora são pagas. mas isso não é um problema pois o jogo continua tendo muitas opções gratuitas! Indico super","","5.0","","","","","","","","","","","","","","","","","","","","","2025-12-12 04:23:40","","","","","","","","","","","","","","","","","","","","","","","","BitLife GO! Simulador de vida","56.0","","","",""
"App Store (Google Play)","review","bit","jogo é bom da pra fazer muita coisa mais que tal deixar a vida militar mais aprofundada tipo, e muito básico poderia aprofundar em uma DLC ou algo assim do tipo para se juntar a outras divisões mais eventos por aí vai ficaria bom para ter senso de avanço","","5.0","","","","","","","","","","","","","","","","","","","","","2025-12-12 04:23:40","","","","","","","","","","","","","","","","","","","","","","","","BitLife GO! Simulador de vida","230.0","","","",""
"App Store (Google Play)","review","bit","Nossa eu sei que sonhei jogar esse jogo aqui eu já ouvi no YouTube jogando esse jogo e eu pensei assim ai eu quero muito jogar esse jogo e finalmente tô ajudando ele é muito bom é muito gostoso de jogar ah mas eu comprei eu adorei o melhor jogo do ano eu aposto","","5.0","","","","","","","","","","","","","","","","","","","","","2025-12-12 04:23:40","","","","","","","","","","","","","","","","","","","","","","","","BitLife GO! Simulador de vida","0.0","","","",""
"App Store (Google Play)","review","bit","o jogo é muito divertido e interessante amei a experiência de poder criar outras vidas e interagir com elas","","5.0","","","","","","","","","","","","","","","","","","","","","2025-12-12 04:23:40","","","","","","","","","","","","","","","","","","","","","","","","BitLife GO! Simulador de vida","2.0","","","",""
"App Store (Google Play)","review","bit","Assim, o jogo é perfeito não tem nenhum problema, mais uma coisa que me incomoda bastante e outros jogadores é a quantidade excessiva de anúncios, eu sei que vcs precisam deles para sustentar o jogo, uma coisa é um anúncio ali de vez em quando mais toda hora não dá, e acaba atrapalhando a experiência no jogo e outra coisa, é as linguagens bagunçadas, é inglês com português ao mesmo tempo e fica ruim pra quem não sabe inglês. Enquanto não arrumarem pelo menos o anúncio a avaliação vai ser a mesmo","","2.0","","","","","","","","","","","","","","","","","","","","","2025-12-12 04:23:40","","","","","","","","","","","","","","","","","","","","","","","","BitLife GO! Simulador de vida","176.0","","","",""
"App Store (Google Play)","review","bit","O jogo é um ótimo passatempo para mim, além de ser um bom entretenimento e etc. E sei que por ser um jogo gratuito, anúncios serão necessários, mas a quantidade está ABUSIVA. Gente, a cada 3/4 minutos é algum anúncio chato, e que demoram + de 25 segundos para acabarem, isso é horrível, estraga o jogo que um dia já foi maravilhoso.(Quando não se tinha essa quantidade ridícula de anúncios) Outro ponto é a tradução das ações, os idiomas estão todos misturados!","","3.0","","","","","","","","","","","","","","","","","","","","","2025-12-12 04:23:40","","","","","","","","","","","","","","","","","","","","","","","","BitLife GO! Simulador de vida","101.0","","","",""
"App Store (Google Play)","review","bit","o jogo decaiu muito com o passar dos anos. BASTANTE, na verdade. primeiramente que grande parte das experiências da vida se tornaram pagas, e não uma versão que paga para liberar tudo, algo que só libera se pagar por cada extensão. o que sinceramente? acho patético pagar por um jogo como esse. não vale a pena. A quantidade de anúncios também é opressora, sem qualquer senso e além dos bugs em misturar duas línguas, sorte que entendo do inglês.","","1.0","","","","","","","","","","","","","","","","","","","","","2025-12-12 04:23:40","","","","","","","","","","","","","","","","","","","","","","","","BitLife GO! Simulador de vida","517.0","","","",""
"App Store (Google Play)","review","bit","O jogo em si é ótimo, mas os desenvolvedores são sanguessugas gananciosas, você tem que pagar pra fazer QUALQUER coisa nesse jogo. A quantidade de anúncios é gigantesca, além de que quando assistimos anúncios para desbloquear um pacote de habilidades simplismente NÃO funciona. o botão de ""voltar"" não funciona, a opção de ""rezar"" não funciona. Nem os desafios dá pra concluir, mesmo fazendo tudo a risca. Deveriam ao menos corrigir os bugs! É basicamente um ""pay to play"" como falaram anteriormente.","","1.0","","","","","","","","","","","","","","","","","","","","","2025-12-12 04:23:40","","","","","","","","","","","","","","","","","","","","","","","","BitLife GO! Simulador de vida","1366.0","","","",""
"App Store (Google Play)","review","bit","O jogo é praticamente injogavel, lotado de anúncios de cabo a rabo, fazer coisas simplesmente que deveriam ser gratuitas, ou pagas com o próprio dinheiro do jogo não podem ser feitas sem primeiro ter que assistir um anúncio. Antes fossem anúncios rápidos e Interlagos longos, mas é praticamente a cada 1 minuto um anúncio diferente. Por fim, se você acha que consegue bancar o espertinho e jogar o jogo offline, sinto em te dizer que tem anúncios mesmo offline.","","1.0","","","","","","","","","","","","","","","","","","","","","2025-12-12 04:23:40","","","","","","","","","","","","","","","","","","","","","","","","BitLife GO! Simulador de vida","32.0","","","",""
"App Store (Google Play)","review","bit","Melhorem os seus pacotes. Eu investi no pacote que disponibiliza novas carreiras, e resolvi seguir a carreia musical em uma das minhas vidas. Eu não conseguia fazer basicamente NADA, toda hora o aplicativo me impedia de alguma forma de me impedir de criar um single ou um álbum. Mesmo as recomendações do próprio jogo não me permitiam criar. Qual é o sentido disso? É um problema que qualquer um enfrentará e é frustrante.","","2.0","","","","","","","","","","","","","","","","","","","","","2025-12-12 04:23:40","","","","","","","","","","","","","","","","","","","","","","","","BitLife GO! Simulador de vida","35.0","","","",""
"App Store (Google Play)","review","bit","Olha, eu jogava esse jogo há um tempo, mas hoje em dia ele está muito chato. Tem que pagar para fazer qualquer coisa diferente. Eu entendo que vocês precisam lucrar com o jogo, mas do jeito que ele está atualmente, compensaria mais vender o jogo de uma vez do que deixá-lo gratuito. Para quem joga sem pagar, a experiência acaba sendo mais frustrante do que divertida. Espero sinceramente que leiam isso, pois eu gosto muito do jogo e queria ver melhorias. Ele é realmente divertido.","","1.0","","","","","","","","","","","","","","","","","","","","","2025-12-12 04:23:40","","","","","","","","","","","","","","","","","","","","","","","","BitLife GO! Simulador de vida","33.0","","","",""
"App Store (Google Play)","review","bit","O jogo no geral é bom, entretanto possui muitos anúncios quase o tempo todo acarretando uma experiência totalmente desagradável. Antes (digo uns 2/4 anos atrás) era ""jogável"" porque não possuia tantos anúncios como hoje e além do mais, para ser mais desagradável ainda, são repetitivos. Antigamente, os devs, realmente se importavam com a diversão dos jogadores, agora para você se livrar dos anúncios tem que comprar a versão ""premium"" do game.","","3.0","","","","","","","","","","","","","","","","","","","","","2025-12-12 04:23:40","","","","","","","","","","","","","","","","","","","","","","","","BitLife GO! Simulador de vida","7.0","","","",""
"App Store (Google Play)","review","bit","No começo, o jogo era bem legal, mas agora desanima, porque é preciso pagar por tudo. Gastar dinheiro em um jogo desses não vale a pena. Sem falar nos anúncios a cada 10 segundos. Quando foi lançado, tinha bastante potencial, mas agora só causa tristeza. Não vale a pena, não recomendo jogar. Vocês, desenvolvedores, ficaram muito gananciosos e acabaram com o jogo. Meus parabéns. Façam um favor e tirem esse jogo da Play Store.","","1.0","","","","","","","","","","","","","","","","","","","","","2025-12-12 04:23:40","","","","","","","","","","","","","","","","","","","","","","","","BitLife GO! Simulador de vida","27.0","","","",""
"App Store (Google Play)","review","bit","Esse jogo já foi “bom” antes, mas agora ficou terrível. Para conseguir jogar sem passar raiva é preciso desligar a internet ou colocar no modo avião, porque a quantidade de anúncios é enorme. Além disso, os textos têm uma tradução horrível: várias palavras aparecem em inglês, e às vezes a frase inteira está em inglês. Isso não atrapalha diretamente a jogabilidade, mas para quem não entende inglês fica difícil acompanhar. Outro ponto é que várias coisas legais sempre foram pagas.","","1.0","","","","","","","","","","","","","","","","","","","","","2025-12-12 04:23:40","","","","","","","","","","","","","","","","","","","","","","","","BitLife GO! Simulador de vida","9.0","","","",""
"App Store (Google Play)","review","bit","gosto muito do jogo, mas sinceramente fica chato eu mexer em 3 coisas e receber um anúncio toda vez!, pra algumas atividades no jogo beleza, mas eu não posso nem clicar em uns 3/4 botões no jogo que já me enche de anúncio.","","2.0","","","","","","","","","","","","","","","","","","","","","2025-12-12 04:23:40","","","","","","","","","","","","","","","","","","","","","","","","BitLife GO! Simulador de vida","3.0","","","",""
"App Store (Google Play)","review","bit","o jogo era para ser bom, mas se você não gasta bastante dinheiro no jogo(bastante mesmo), é impossível jogar. o jogo tem anúncios até demais, literalmente a cada ação importante tem um anúncio de 1min, é ridículo. e se você quiser fazer coisas diferentes, mesmo que pequenas, tipo investir seu dinheiro, vc tem que comprar uma DLC de 35 reais. Basicamente, a não ser que você esteja disposto a bastante gastar muito dinheiro para jogar isso aqui, não jogue.","","2.0","","","","","","","","","","","","","","","","","","","","","2025-12-12 04:23:40","","","","","","","","","","","","","","","","","","","","","","","","BitLife GO! Simulador de vida","12.0","","","",""
"App Store (Google Play)","review","bit","Jogo legal. Mas tem muito anúncio desnecessário, e ainda anúncios com uma duração grande. Não há nenhum problema quando tem anúncio em alguma coisa que queremos fazer e eles pedem anúncio, mas a duração do anúncio é grande demais. Não acho nada legal e da até vontade de parar de jogar. se puderem melhorar nessa questão, ficaria feliz.","","4.0","","","","","","","","","","","","","","","","","","","","","2025-12-12 04:23:40","","","","","","","","","","","","","","","","","","","","","","","","BitLife GO! Simulador de vida","106.0","","","",""
"App Store (Google Play)","review","bit","primeira vez que avalio algum jogo, mas tenho que falar. Esse jogo é muito legal, mas TUDO é pago agora, não dá para fazer uma história diferente. Tão passando fome?? E deve ter tido alguma atualização, porque agora a tradução tá bem ruim, não é problema pra mim, mas pode ser para muita gente. É isso, galera, só por VPN viu... Vou estar desinstalando","","2.0","","","","","","","","","","","","","","","","","","","","","2025-12-12 04:23:40","","","","","","","","","","","","","","","","","","","","","","","","BitLife GO! Simulador de vida","0.0","","","",""
"App Store (Google Play)","review","bit","Bando de sangue sugas mercenários, querem que a pessoa gaste mais de 150 reais no mínimo para deixar o jogo descente, mais caro que jogos triple A de grandes desenvolvedoras que tem até mundo aberto. Só pessoas que não tem o que gastar dinheiro compra todos os pacotes. Era mais fácil deixar o jogo pago do que lançar uma versão extremamente básica do jogo e depois ter que gastar dinheiro para conseguir jogar o resto. Isso sem falar dos anúncios que aparecem acada minuto jogado","","1.0","","","","","","","","","","","","","","","","","","","","","2025-12-12 04:23:40","","","","","","","","","","","","","","","","","","","","","","","","BitLife GO! Simulador de vida","3.0","","","",""
"App Store (Google Play)","review","bit","Gosto muito da experiência de ""ter uma vida num videojogo"", mas anúncios, e ainda ser preciso um plano VIP para personalizar o personagem: nome, nacionalidade e etc. ""chateia"" um bocadinho. De resto está aí um bom jogo!","","4.0","","","","","","","","","","","","","","","","","","","","","2025-12-12 04:23:40","","","","","","","","","","","","","","","","","","","","","","","","BitLife GO! Simulador de vida","7.0","","","",""
"App Store (Google Play)","review","bit","o jogo é bom, acabei comprando dois pacotes, porém a cobrança de outros pacotes é muito injusta, principalmente pra quem nao tem condição e tem que jogar com recursos limitados.","","3.0","","","","","","","","","","","","","","","","","","","","","2025-12-12 04:23:40","","","","","","","","","","","","","","","","","","","","","","","","BitLife GO! Simulador de vida","0.0","","","",""
"App Store (Google Play)","review","bit","o Jogo é bom , so que esse negócio de tudo precisa de uma compra não gostei , e si for possível na próxima atualização pesso que removam algumas parte principalmente na parte de ganhar uma carreira....! muito obrigado!","","4.0","","","","","","","","","","","","","","","","","","","","","2025-12-12 04:23:40","","","","","","","","","","","","","","","","","","","","","","","","BitLife GO! Simulador de vida","0.0","","","",""
"App Store (Google Play)","review","bit","muito bom","","5.0","","","","","","","","","","","","","","","","","","","","","2025-12-12 04:23:40","","","","","","","","","","","","","","","","","","","","","","","","Bit Fibra - SAC","6.0","","","",""
"App Store (Google Play)","review","bit","o App e muito bom merece 5 estrelas","","5.0","","","","","","","","","","","","","","","","","","","","","2025-12-12 04:23:40","","","","","","","","","","","","","","","","","","","","","","","","Bit Fibra - SAC","5.0","","","",""
"App Store (Google Play)","review","bit","Top Melhor que tem","","5.0","","","","","","","","","","","","","","","","","","","","","2025-12-12 04:23:40","","","","","","","","","","","","","","","","","","","","","","","","Bit Fibra - SAC","3.0","","","",""
"App Store (Google Play)","review","bit","muito prática para acessar as faturas, funciona muito bem 🥳","","5.0","","","","","","","","","","","","","","","","","","","","","2025-12-12 04:23:40","","","","","","","","","","","","","","","","","","","","","","","","Bit Fibra - SAC","2.0","","","",""
"App Store (Google Play)","review","bit","Perfeito ❤","","5.0","","","","","","","","","","","","","","","","","","","","","2025-12-12 04:23:40","","","","","","","","","","","","","","","","","","","","","","","","Bit Fibra - SAC","2.0","","","",""
"App Store (Google Play)","review","bit","pessima","","1.0","","","","","","","","","","","","","","","","","","","","","2025-12-12 04:23:40","","","","","","","","","","","","","","","","","","","","","","","","Bit Fibra - SAC","0.0","","","",""
"App Store (Google Play)","review","bit","Sem duvidas esse é um dos melhores jogos que eu ja joguei, jogabilidade incrível , sem anúncios, e com gráficos lindos... Poderia adicionar uma nova atualização que o criador poderia criar um mundo editável, seria bem legal, também poder rotacionar as construções,","","5.0","","","","","","","","","","","","","","","","","","","","","2025-12-12 04:23:40","","","","","","","","","","","","","","","","","","","","","","","","Bit City: Building Evolution","70.0","","","",""
"App Store (Google Play)","review","bit","Jogo Ótimo, Super Interessante, Mas Precisa Ter Mais Cidades, Porque Afinal, Já Tá Na Hora. (E Tradução PT-BR)","","4.0","","","","","","","","","","","","","","","","","","","","","2025-12-12 04:23:40","","","","","","","","","","","","","","","","","","","","","","","","Bit City: Building Evolution","24.0","","","",""
"App Store (Google Play)","review","bit","Meu nome é luan tá","","5.0","","","","","","","","","","","","","","","","","","","","","2025-12-12 04:23:40","","","","","","","","","","","","","","","","","","","","","","","","Bit City: Building Evolution","3.0","","","",""
"App Store (Google Play)","review","bit","É basicamente um idle game, só que com o tema de construção de cidades.","","5.0","","","","","","","","","","","","","","","","","","","","","2025-12-12 04:23:40","","","","","","","","","","","","","","","","","","","","","","","","Bit City: Building Evolution","2.0","","","",""
"App Store (Google Play)","review","bit","Mó ruim, ter que recomeçar e o backup não funciona para voltar para cidade atual de outro dispositivo Melhorem o backup pois quero platinar o game","","1.0","","","","","","","","","","","","","","","","","","","","","2025-12-12 04:23:40","","","","","","","","","","","","","","","","","","","","","","","","Bit City: Building Evolution","2.0","","","",""
"App Store (Google Play)","review","bit","Bommmmmmmmmmmmmmmm","","5.0","","","","","","","","","","","","","","","","","","","","","2025-12-12 04:23:40","","","","","","","","","","","","","","","","","","","","","","","","Bit City: Building Evolution","2.0","","","",""
"App Store (Google Play)","review","bit","Jogo incrível e cativante. Uma pena os criadores não trazerem novas atualizações a anos","","5.0","","","","","","","","","","","","","","","","","","","","","2025-12-12 04:23:40","","","","","","","","","","","","","","","","","","","","","","","","Bit City: Building Evolution","1.0","","","",""
"App Store (Google Play)","review","bit","Portuguese ???????????","","1.0","","","","","","","","","","","","","","","","","","","","","2025-12-12 04:23:40","","","","","","","","","","","","","","","","","","","","","","","","Bit City: Building Evolution","1.0","","","",""
"App Store (Google Play)","review","bit","eu adoro","","5.0","","","","","","","","","","","","","","","","","","","","","2025-12-12 04:23:40","","","","","","","","","","","","","","","","","","","","","","","","Bit City: Building Evolution","0.0","","","",""
"App Store (Google Play)","review","bit","Não gostei ,ele não tem tradução para o português , E isso me encomoda muito... porquê eu tava querendo jogar esse joguinho pensando que ia ser em português☹️","","1.0","","","","","","","","","","","","","","","","","","","","","2025-12-12 04:23:40","","","","","","","","","","","","","","","","","","","","","","","","Bit City: Building Evolution","0.0","","","",""
"App Store (Google Play)","review","bit","GG galera","","5.0","","","","","","","","","","","","","","","","","","","","","2025-12-12 04:23:40","","","","","","","","","","","","","","","","","","","","","","","","Bit City: Building Evolution","0.0","","","",""
"App Store (Google Play)","review","bit","Luisfeslpe","","5.0","","","","","","","","","","","","","","","","","","","","","2025-12-12 04:23:40","","","","","","","","","","","","","","","","","","","","","","","","Bit City: Building Evolution","0.0","","","",""
"App Store (Google Play)","review","bit","Excelente jogo parabéns","","5.0","","","","","","","","","","","","","","","","","","","","","2025-12-12 04:23:40","","","","","","","","","","","","","","","","","","","","","","","","Bit City: Building Evolution","0.0","","","",""
"App Store (Google Play)","review","bit","Eu amei depois que eu joguei há primeira vez","","5.0","","","","","","","","","","","","","","","","","","","","","2025-12-12 04:23:40","","","","","","","","","","","","","","","","","","","","","","","","Bit City: Building Evolution","0.0","","","",""
"App Store (Google Play)","review","bit","🚖🚖🚖🚖🚖🚖🚖🚔🚔🚔🚔🚔🚔🚕🚕🚓🚓🚓🚒🚒🚑🚜🛠️⚒️🥊🔫","","5.0","","","","","","","","","","","","","","","","","","","","","2025-12-12 04:23:40","","","","","","","","","","","","","","","","","","","","","","","","Bit City: Building Evolution","0.0","","","",""
"App Store (Google Play)","review","bit","˜çtfgf","","3.0","","","","","","","","","","","","","","","","","","","","","2025-12-12 04:23:40","","","","","","","","","","","","","","","","","","","","","","","","Bit City: Building Evolution","0.0","","","",""
"App Store (Google Play)","review","bit","Eu não joguei nada porque o jogo não vevor eu jogar","","1.0","","","","","","","","","","","","","","","","","","","","","2025-12-12 04:23:40","","","","","","","","","","","","","","","","","","","","","","","","Bit City: Building Evolution","0.0","","","",""
"App Store (Google Play)","review","bit","Lesgal","","4.0","","","","","","","","","","","","","","","","","","","","","2025-12-12 04:23:40","","","","","","","","","","","","","","","","","","","","","","","","Bit City: Building Evolution","0.0","","","",""
"App Store (Google Play)","review","bit","O melhor jogo de todos fora que sem contar q tem missões pra fazer na play games se vc está procurando uma passa tempo recomendo muito","","5.0","","","","","","","","","","","","","","","","","","","","","2025-12-12 04:23:40","","","","","","","","","","","","","","","","","","","","","","","","Bit City: Building Evolution","0.0","","","",""
"App Store (Google Play)","review","bit","Bom nao :otimo","","5.0","","","","","","","","","","","","","","","","","","","","","2025-12-12 04:23:40","","","","","","","","","","","","","","","","","","","","","","","","Bit City: Building Evolution","0.0","","","",""
"App Store (Google Play)","review","bit","Eu adorei esse jogo, mesmo não sendo online, eu sei que a maioria dos jogos online é bem popular, mas dos offline de administrar cidade até agora, é esse bit city,se compreendem o portugueis do Brasil obrigado,se não entender mesmo assim obrigado pelo seu tempo.","","5.0","","","","","","","","","","","","","","","","","","","","","2025-12-12 04:23:40","","","","","","","","","","","","","","","","","","","","","","","","Bit City: Building Evolution","166.0","","","",""
"App Store (Google Play)","review","bit","Muito bom esse jogo é ótimo eu recomendo 👏👏👏👏👏👏👏👏👏👏👏👏👏👏👍👍👍👍👍👍👍👍👍👍👍👍👍👍","","5.0","","","","","","","","","","","","","","","","","","","","","2025-12-12 04:23:40","","","","","","","","","","","","","","","","","","","","","","","","Bit City: Building Evolution","1.0","","","",""
"App Store (Google Play)","review","bit","É bem legal gostei de verdade do jogo","","5.0","","","","","","","","","","","","","","","","","","","","","2025-12-12 04:23:40","","","","","","","","","","","","","","","","","","","","","","","","Bit City: Building Evolution","11.0","","","",""
"App Store (Google Play)","review","bit","um joguinho ótimo para passar o tempo","","5.0","","","","","","","","","","","","","","","","","","","","","2025-12-12 04:23:40","","","","","","","","","","","","","","","","","","","","","","","","Bit City: Building Evolution","1.0","","","",""
"App Store (Google Play)","review","bit","ainda não sei como é mais é bom na fotos","","5.0","","","","","","","","","","","","","","","","","","","","","2025-12-12 04:23:40","","","","","","","","","","","","","","","","","","","","","","","","Bit City: Building Evolution","2.0","","","",""
"App Store (Google Play)","review","bit","Sabia que eu gosto do jogo Lego a muito legal quem é que não gosta é bom demais é bom demais é bom iuuuuhuuuu Hdrishikshkksk udjdjfd","","5.0","","","","","","","","","","","","","","","","","","","","","2025-12-12 04:23:40","","","","","","","","","","","","","","","","","","","","","","","","Bit City: Building Evolution","1.0","","","",""
"App Store (Google Play)","review","bit","Duas estrelas e podre uma estrela ainda e mais podre tres estrela e pouco podre quatro estrela e coco de cabra cinco estrela e uma app de vdd","","5.0","","","","","","","","","","","","","","","","","","","","","2025-12-12 04:23:40","","","","","","","","","","","","","","","","","","","","","","","","Bit City: Building Evolution","23.0","","","",""
"App Store (Google Play)","review","bit","Muito bom recomendo para todos que querem sediverti é muito bom","","5.0","","","","","","","","","","","","","","","","","","","","","2025-12-12 04:23:40","","","","","","","","","","","","","","","","","","","","","","","","Bit City: Building Evolution","0.0","","","",""
"App Store (Google Play)","review","bit","Bit City ele é um jogo muito divertido e é legal pra caramba 😀esse jogo é de mais 😀","","5.0","","","","","","","","","","","","","","","","","","","","","2025-12-12 04:23:40","","","","","","","","","","","","","","","","","","","","","","","","Bit City: Building Evolution","0.0","","","",""
"App Store (Google Play)","review","bit","Porque o jogo não abre? Aparece que parou o jogo","","5.0","","","","","","","","","","","","","","","","","","","","","2025-12-12 04:23:40","","","","","","","","","","","","","","","","","","","","","","","","Bit City: Building Evolution","1.0","","","",""
"App Store (Google Play)","review","bit","Excelente jogo! Muito facil de jogar. É o tipo de jogo que eu estava procurando. Parabéns aos desenvolvedores.","","5.0","","","","","","","","","","","","","","","","","","","","","2025-12-12 04:23:40","","","","","","","","","","","","","","","","","","","","","","","","Bit City: Building Evolution","38.0","","","",""
"App Store (Google Play)","review","bit","Gostei muito, é um jogo clicker bem simples, e funciona offline.","","5.0","","","","","","","","","","","","","","","","","","","","","2025-12-12 04:23:40","","","","","","","","","","","","","","","","","","","","","","","","Bit City: Building Evolution","69.0","","","",""
"App Store (Google Play)","review","bit","Adorei esse. jogo. city. O problema é. que Ele. Fica mudando as ilhas e perde a sua Cidade.","","5.0","","","","","","","","","","","","","","","","","","","","","2025-12-12 04:23:40","","","","","","","","","","","","","","","","","","","","","","","","Bit City: Building Evolution","0.0","","","",""
"App Store (Google Play)","review","bit","Boa , mas seria legal se pudesse colocar diferentes tipos de casa.. E o valor fosse mais barato","","5.0","","","","","","","","","","","","","","","","","","","","","2025-12-12 04:23:40","","","","","","","","","","","","","","","","","","","","","","","","Bit City: Building Evolution","7.0","","","",""
"App Store (Google Play)","review","bit","Gostei! É bem divertido e fácil de jogar, mas não consegui colocar para português. Não sei se tem essa opiçao no jogo mais se não tiver adicionem por favor, e se tiver coloquem em um lugar mais fácil de achar","","5.0","","","","","","","","","","","","","","","","","","","","","2025-12-12 04:23:40","","","","","","","","","","","","","","","","","","","","","","","","Bit City: Building Evolution","88.0","","","",""
"App Store (Google Play)","review","bit","muito legal eu recomendo cem por %","","5.0","","","","","","","","","","","","","","","","","","","","","2025-12-12 04:23:40","","","","","","","","","","","","","","","","","","","","","","","","Bit City: Building Evolution","1.0","","","",""
"App Store (Google Play)","review","bit","Mais um jogo clicker como tantos outros por aí, tragam o pocket planes de volta!","","2.0","","","","","","","","","","","","","","","","","","","","","2025-12-12 04:23:40","","","","","","","","","","","","","","","","","","","","","","","","Bit City: Building Evolution","8.0","","","",""
"App Store (Google Play)","review","bit","O jogo está sem atualização a quase 1 ano. Já cheguei na última cidade 3x. Esperando uma atualização para mudar a avaliação de uma estrela.","","1.0","","","","","","","","","","","","","","","","","","","","","2025-12-12 04:23:40","","","","","","","","","","","","","","","","","","","","","","","","Bit City: Building Evolution","46.0","","","",""
"App Store (Google Play)","review","bit","É um jogo idle clicker, mas que parece SimCity. Um pouco mais interessante que outros do gênero, mas continua sendo um idle clicker. Só tem um botão que parece que não está funcionando.","","4.0","","","","","","","","","","","","","","","","","","","","","2025-12-12 04:23:40","","","","","","","","","","","","","","","","","","","","","","","","Bit City: Building Evolution","139.0","","","",""
"App Store (Google Play)","review","bit","Jogo horrível, sem contar o lixo de gráfico pra travar tanto Não recomendo baixar e perda de tempo","","1.0","","","","","","","","","","","","","","","","","","","","","2025-12-12 04:23:40","","","","","","","","","","","","","","","","","","","","","","","","Bit City: Building Evolution","2.0","","","",""
"App Store (Google Play)","review","bit","O Que tem que fazer ?! Fico envoluindo os predios e fica mudano de forma depois votar tudo do começos jogo muito Ruim mão Recomendo pior jogo de cidade..","","1.0","","","","","","","","","","","","","","","","","","","","","2025-12-12 04:23:40","","","","","","","","","","","","","","","","","","","","","","","","Bit City: Building Evolution","0.0","","","",""
"App Store (Google Play)","review","bit","Esse jogo e legal mas é de faze e eu não gosto de fazes agente podia construir nossa cidade é não A dos outros e as coisas são muito caras 3 estrelas pelo gráfico , e simples de jogar","","3.0","","","","","","","","","","","","","","","","","","","","","2025-12-12 04:23:40","","","","","","","","","","","","","","","","","","","","","","","","Bit City: Building Evolution","28.0","","","",""
"App Store (Google Play)","review","bit","Jogo bom para passar tempo podiao por mais opções de construções este jogo e bom até para pessoas que tenham telemóveis piores e bom pode melhorar mas acho que 3 estrelas descreve o jogo","","3.0","","","","","","","","","","","","","","","","","","","","","2025-12-12 04:23:40","","","","","","","","","","","","","","","","","","","","","","","","Bit City: Building Evolution","22.0","","","",""
"App Store (Google Play)","review","bit","Gostaria de configurar idioma.. como posso fazer.. ou não é possível?","","1.0","","","","","","","","","","","","","","","","","","","","","2025-12-12 04:23:40","","","","","","","","","","","","","","","","","","","","","","","","bit ביט","11.0","","","",""
"App Store (Google Play)","review","bit","Preciso do link em Inglês ou Português (Brasil). Usava o aplicativos anteriormente e funcionava perfeitamente. Tive um problema.xom.meu celular. Agora não consigo fazer os pagamentos e não sei porque!!","","1.0","","","","","","","","","","","","","","","","","","","","","2025-12-12 04:23:40","","","","","","","","","","","","","","","","","","","","","","","","bit ביט","9.0","","","we want to get more details from you and check the issue in front of you, so please conta us at the Bit Technical Support 6428 * - Sundays-Thursdays 9: 00-17: 00 on Fridays 8: 00-13: 00 in Hebrew. LIAT Bank Hapoalim %0D%0A","2021-12-15 08:04:02"
"App Store (Google Play)","review","bit","לא מחזיר הכסף בקלות כאשר העברה מבוטלת","","1.0","","","","","","","","","","","","","","","","","","","","","2025-12-12 04:23:40","","","","","","","","","","","","","","","","","","","","","","","","bit ביט","4.0","","","שמעון שלום, תודה על המשוב. במידה והעברה בוטלה ומעודכן לך כרטיס אשראי רגיל, המסגרת תשתחרר כ-4 ימים בסה""כ מיום הקמת העסקה. לכל שאלה נוספת אנו זמינים בקו ביט *6428 שעות הפעילות: א'-ה' 09:00-17:00 ו' 08:30-12:30. אלינור, בנק הפועלים.","2021-03-17 04:59:17"
"App Store (Google Play)","review","bit","אני תקשרתי למוקד, עושיתי כל בקשה ותקלה לא נעלם. לא איפשר אני הוסף הפרטים של הכרטיס אשראי שלי.","","1.0","","","","","","","","","","","","","","","","","","","","","2025-12-12 04:23:40","","","","","","","","","","","","","","","","","","","","","","","","bit ביט","1.0","","","היי, הצטערנו לקרוא על חוויית השירות שלך. כדי שנוכל לבדוק לעומק את הנושא ולהשתפר, נצטרך לקבל ממך פרטים נוספים. נשמח אם תשלח לנו הודעה במסנג׳ר של דף הפייסבוק של הבנק %0D%0A","2023-11-14 12:18:23"
"App Store (Google Play)","review","bit","ein be safah portuguesit.","","2.0","","","","","","","","","","","","","","","","","","","","","2025-12-12 04:23:40","","","","","","","","","","","","","","","","","","","","","","","","bit ביט","0.0","","","",""
"App Store (Google Play)","review","bit","nao funciona direito","","2.0","","","","","","","","","","","","","","","","","","","","","2025-12-12 04:23:40","","","","","","","","","","","","","","","","","","","","","","","","bit ביט","0.0","","","",""
"App Store (Google Play)","review","bit","troquei o celular para A55 e não consigo usar bit שיניתי את הטלפון הנייד שלי ל-A55 ואני לא יכול להשתמש ב-bit איך אני גורם לאפליקציה לעבוד בטלפון הסלולרי Galaxy A55, מכיוון שאני לא מקבל את קוד ההפעלה.","","2.0","","","","","","","","","","","","","","","","","","","","","2025-12-12 04:23:40","","","","","","","","","","","","","","","","","","","","","","","","bit ביט","0.0","","","שלום, כדי שנוכל לבדוק לעומק את הנושא, נצטרך לקבל ממך פרטים נוספים. נשמח אם תשלח לנו הודעה במסנג׳ר של דף הפייסבוק של ביט. איתמר, בנק הפועלים.","2025-03-28 05:00:24"
"App Store (Google Play)","review","bit","Top podem jogar jogabilidade fácil","","5.0","","","","","","","","","","","","","","","","","","","","","2025-12-12 04:23:40","","","","","","","","","","","","","","","","","","","","","","","","1 Bit Survivor (Roguelike)","1.0","","","",""
"App Store (Google Play)","review","bit","Excelente jogo em todos os quesitos,cenários,musica,jogabilidade e história,parabéns ao desenvolvedor pelo belo jogo 😻😺.","","5.0","","","","","","","","","","","","","","","","","","","","","2025-12-12 04:23:40","","","","","","","","","","","","","","","","","","","","","","","","1 Bit Survivor (Roguelike)","1.0","","","",""
"App Store (Google Play)","review","bit","ótimo jogo mas precisa de um pouco mais de conteudo.","","4.0","","","","","","","","","","","","","","","","","","","","","2025-12-12 04:23:40","","","","","","","","","","","","","","","","","","","","","","","","1 Bit Survivor (Roguelike)","0.0","","","",""
"App Store (Google Play)","review","bit","O jogo é MT bom, lembra D+ aqueles joguinhos Java antigos! Top ☆☆☆☆☆","","5.0","","","","","","","","","","","","","","","","","","","","","2025-12-12 04:23:40","","","","","","","","","","","","","","","","","","","","","","","","1 Bit Survivor (Roguelike)","0.0","","","",""
"App Store (Google Play)","review","bit","Daria mais 5 estrelas se pudesse","","5.0","","","","","","","","","","","","","","","","","","","","","2025-12-12 04:23:40","","","","","","","","","","","","","","","","","","","","","","","","1 Bit Survivor (Roguelike)","0.0","","","",""
"App Store (Google Play)","review","bit","Muito bom!","","5.0","","","","","","","","","","","","","","","","","","","","","2025-12-12 04:23:40","","","","","","","","","","","","","","","","","","","","","","","","1 Bit Survivor (Roguelike)","0.0","","","",""
"App Store (Google Play)","review","bit","GATO!!! ZUMBIS!PIXEL!!! AMEI.","","5.0","","","","","","","","","","","","","","","","","","","","","2025-12-12 04:23:40","","","","","","","","","","","","","","","","","","","","","","","","1 Bit Survivor (Roguelike)","0.0","","","",""
"App Store (Google Play)","review","bit","Reavaliando a nota, se tem como salvar eu gostei muito!","","5.0","","","","","","","","","","","","","","","","","","","","","2025-12-12 04:23:40","","","","","","","","","","","","","","","","","","","","","","","","1 Bit Survivor (Roguelike)","0.0","","","Closing the app or clicking the 💾 icon will save the game","2024-08-14 17:22:10"
"App Store (Google Play)","review","bit","Bem bom só não sei até agora com libera os personagens mais sou novato então uma hora eu consigo","","5.0","","","","","","","","","","","","","","","","","","","","","2025-12-12 04:23:40","","","","","","","","","","","","","","","","","","","","","","","","1 Bit Survivor (Roguelike)","0.0","","","",""
"App Store (Google Play)","review","bit","Seria tao legal poder pega uma caixa de kit medico ou munição e porder armazenar apenas uma no carro, pra quando precisar ir ate o carro e usar, ou deixa la pras outras fases, ou se iso for muito robado, só deixa iso tudo como uma opção de upgrade","","5.0","","","","","","","","","","","","","","","","","","","","","2025-12-12 04:23:40","","","","","","","","","","","","","","","","","","","","","","","","1 Bit Survivor (Roguelike)","0.0","","","",""
"App Store (Google Play)","review","bit","É muito bom","","5.0","","","","","","","","","","","","","","","","","","","","","2025-12-12 04:23:40","","","","","","","","","","","","","","","","","","","","","","","","1 Bit Survivor (Roguelike)","0.0","","","",""
"App Store (Google Play)","review","bit","gostei dos gráfico","","3.0","","","","","","","","","","","","","","","","","","","","","2025-12-12 04:23:40","","","","","","","","","","","","","","","","","","","","","","","","1 Bit Survivor (Roguelike)","0.0","","","",""
"App Store (Google Play)","review","bit","JOGA E BÃO","","5.0","","","","","","","","","","","","","","","","","","","","","2025-12-12 04:23:40","","","","","","","","","","","","","","","","","","","","","","","","1 Bit Survivor (Roguelike)","0.0","","","",""
"App Store (Google Play)","review","bit","Jogo ótimo bem balanceado adorei espero que tragam mais jogos","","5.0","","","","","","","","","","","","","","","","","","","","","2025-12-12 04:23:40","","","","","","","","","","","","","","","","","","","","","","","","1 Bit Survivor (Roguelike)","0.0","","","",""
"App Store (Google Play)","review","bit","jogo lega tem gráfico de commodore 64.","","3.0","","","","","","","","","","","","","","","","","","","","","2025-12-12 04:23:40","","","","","","","","","","","","","","","","","","","","","","","","1 Bit Survivor (Roguelike)","0.0","","","",""
"App Store (Google Play)","review","bit","Curti bastants o jogo, simples mas divertido! Gostaria de ver mais personagens sendo adicionados e novos biomas e inimigos , seria legal um personagem que não usasse armas de fogo , apenas uma katana com dano base +2 e 4 corações de vida!","","5.0","","","","","","","","","","","","","","","","","","","","","2025-12-12 04:23:40","","","","","","","","","","","","","","","","","","","","","","","","1 Bit Survivor (Roguelike)","0.0","","","",""
"App Store (Google Play)","review","bit","Um dos melhores da play story. Detalhes,gameplay(pra quem gosta do gênero), simplicidade e outros fatores influenciam ao jogo ser muito bom. Seria interessante a introdução d uma história a cada personagem diferente e até mais buffs ou buffs únicos a cada um dos personagens do jogo já q cada um apresenta uma gameplay diferente.","","5.0","","","","","","","","","","","","","","","","","","","","","2025-12-12 04:23:40","","","","","","","","","","","","","","","","","","","","","","","","1 Bit Survivor (Roguelike)","0.0","","","",""
"App Store (Google Play)","review","bit","jogos é é ótimo só faltou uma história pra deixar ainda melhor","","5.0","","","","","","","","","","","","","","","","","","","","","2025-12-12 04:23:40","","","","","","","","","","","","","","","","","","","","","","","","1 Bit Survivor (Roguelike)","0.0","","","",""
"App Store (Google Play)","review","bit","o jogo é perfeito, o segundo melhor roguelike que joguei da Play Store.","","5.0","","","","","","","","","","","","","","","","","","","","","2025-12-12 04:23:40","","","","","","","","","","","","","","","","","","","","","","","","1 Bit Survivor (Roguelike)","0.0","","","",""
"App Store (Google Play)","review","bit","O cara que fez o jogo é um gênio.","","5.0","","","","","","","","","","","","","","","","","","","","","2025-12-12 04:23:40","","","","","","","","","","","","","","","","","","","","","","","","1 Bit Survivor (Roguelike)","0.0","","","🧠 🧠 🧠","2024-05-16 19:17:19"
"App Store (Google Play)","review","bit","Quando uma raridade dessa aparece tem que elogiar não tem jeito, que jogo bom mano de verdade, da pra ver que o desenvolvedor realmente amou oque fez, cada detalhezinho deixa uma sensações de capricho, que dá mais vontade de jogar, as animações que misturam fotos com pixel art, tudo muito bem feito, e desde a gameplay até a atmosfera do jogo, mesmo sendo em pixels passam uma sensação muito boa e você realmente entende o ambiente que está.","","5.0","","","","","","","","","","","","","","","","","","","","","2025-12-12 04:23:40","","","","","","","","","","","","","","","","","","","","","","","","1 Bit Survivor (Roguelike)","30.0","","","",""
"App Store (Google Play)","review","bit","Não costumo jogar jogos mobile, esse mercado é cheio de péssimas ideias.... mas esse jogo merece muito mais carinho e atenção.","","5.0","","","","","","","","","","","","","","","","","","","","","2025-12-12 04:23:40","","","","","","","","","","","","","","","","","","","","","","","","1 Bit Survivor (Roguelike)","1.0","","","",""
"App Store (Google Play)","review","bit","Incrível, muito bom os controles, detalhes e a gameplay que te vicia a cada vez que vc morre, merece 5 estrelas Recomendo 😎👍","","5.0","","","","","","","","","","","","","","","","","","","","","2025-12-12 04:23:40","","","","","","","","","","","","","","","","","","","","","","","","1 Bit Survivor (Roguelike)","0.0","","","",""
"App Store (Google Play)","review","bit","Jogo muito bom tem uma mecânica simples mas divertida e uma pixel arte maravilhosa da pra ver que foi feito com carinho e paixão pena que e muito curto","","5.0","","","","","","","","","","","","","","","","","","","","","2025-12-12 04:23:40","","","","","","","","","","","","","","","","","","","","","","","","1 Bit Survivor (Roguelike)","0.0","","","",""
"App Store (Google Play)","review","bit","Curti muito o jogo e hoje em dia é raro ver um jogo simples mas muito divertido e que eu mais gostei foram as interações com os itens.","","5.0","","","","","","","","","","","","","","","","","","","","","2025-12-12 04:23:40","","","","","","","","","","","","","","","","","","","","","","","","1 Bit Survivor (Roguelike)","0.0","","","",""
"App Store (Google Play)","review","bit","Mano que jogo incrível, é uma honra ser um dos primeiros a avaliar isso, jogo tá maravilhoso, ótima jogabilidade, nível de dificuldade ótimo etc. Adorei 😎","","5.0","","","","","","","","","","","","","","","","","","","","","2025-12-12 04:23:40","","","","","","","","","","","","","","","","","","","","","","","","1 Bit Survivor (Roguelike)","0.0","","","",""
"App Store (Google Play)","review","bit","Jogaço, um jogo simples, bonito, estratégico e dinâmico. Sinceramente acabei ele muito rápido, então vem uma sensação de quero mais, mas é por esses jogos q eu fico um bom tempo na PlayStore, que jogo bom!","","5.0","","","","","","","","","","","","","","","","","","","","","2025-12-12 04:23:40","","","","","","","","","","","","","","","","","","","","","","","","1 Bit Survivor (Roguelike)","2.0","","","",""
"App Store (Google Play)","review","bit","Jogo incrível,muito bom,jogabilidade ótima,gráficos muito tops👌,trilha sonora e sons de efeito muito bons,parabéns para o criador,o jogo tá muito bom,recomendo muito👍","","5.0","","","","","","","","","","","","","","","","","","","","","2025-12-12 04:23:40","","","","","","","","","","","","","","","","","","","","","","","","1 Bit Survivor (Roguelike)","1.0","","","",""
"App Store (Google Play)","review","bit","Maninho do céu o jogo tem graficos de gameboy só que o ele é incrivel em interface e até assusta um pouco (os graficos de gameboy foram muito bem usados por sinal)","","5.0","","","","","","","","","","","","","","","","","","","","","2025-12-12 04:23:40","","","","","","","","","","","","","","","","","","","","","","","","1 Bit Survivor (Roguelike)","1.0","","","",""
"App Store (Google Play)","review","bit","Super recomendo,o jogo é bem bonito mesmo com os gráficos em bit, só com pouco tempo de Gameplay eu já fiquei de cara com quando eu vou me divertir jogando isso:D","","5.0","","","","","","","","","","","","","","","","","","","","","2025-12-12 04:23:40","","","","","","","","","","","","","","","","","","","","","","","","1 Bit Survivor (Roguelike)","0.0","","","",""
"App Store (Google Play)","review","bit","Cara que jogo gostosinho de jogar mano, é muito bom, estratégico e divertido, gostei muito desse conteúdo de apocalipse, e n pressisa nem ser em português pra aprender a jogar, pois são mecânicas simples e fáceis de aprender","","5.0","","","","","","","","","","","","","","","","","","","","","2025-12-12 04:23:40","","","","","","","","","","","","","","","","","","","","","","","","1 Bit Survivor (Roguelike)","2.0","","","",""
"App Store (Google Play)","review","bit","Jogo Incrível faz sua cabeça pensar sobre como sobreviver da maneira mas eficaz, e as conquistas do jogo são muito divertidas, Emfim, continue com o jogo! Eu espero atualizações e que eu consigo sobreviver até o dia 28 XD","","5.0","","","","","","","","","","","","","","","","","","","","","2025-12-12 04:23:40","","","","","","","","","","","","","","","","","","","","","","","","1 Bit Survivor (Roguelike)","3.0","","","",""
"App Store (Google Play)","review","bit","Jogo simples, porém bem feito. Teu objetivo é simplesmente pegar a gasolina e fugir do lugar cheio de monstros. Cuidado com os passos e a munição, eles podem custar sua vida.","","5.0","","","","","","","","","","","","","","","","","","","","","2025-12-12 04:23:40","","","","","","","","","","","","","","","","","","","","","","","","1 Bit Survivor (Roguelike)","7.0","","","",""
"App Store (Google Play)","review","bit","Que jogo bem feito! A gameplay é intuitiva e com a essência de um roguelike, gráficos e animações são muito bonitos. É possível ver que o desenvolvedor teve um carinho muito grande pelo jogo.","","5.0","","","","","","","","","","","","","","","","","","","","","2025-12-12 04:23:40","","","","","","","","","","","","","","","","","","","","","","","","1 Bit Survivor (Roguelike)","9.0","","","",""
"App Store (Google Play)","review","bit","Muito bom. Tem uma ideia muito simples e divertida porém é um jogo muito curto. Seria bom se depois de terminar de jogar com todos os personagens existisse um modo infinito para ver o quão longe o jogador poderia chegar.","","5.0","","","","","","","","","","","","","","","","","","","","","2025-12-12 04:23:40","","","","","","","","","","","","","","","","","","","","","","","","1 Bit Survivor (Roguelike)","24.0","","","",""
"App Store (Google Play)","review","bit","Jogo muito bom msm, achei incrível toda a arte do gráfico e a mecânica do jogo tbm muito boa","","5.0","","","","","","","","","","","","","","","","","","","","","2025-12-12 04:23:40","","","","","","","","","","","","","","","","","","","","","","","","1 Bit Survivor (Roguelike)","0.0","","","",""
"App Store (Google Play)","review","bit","O jogo é ótimo e interessante mas poderia adicionar personagens novos ou uma DLC .","","4.0","","","","","","","","","","","","","","","","","","","","","2025-12-12 04:23:40","","","","","","","","","","","","","","","","","","","","","","","","1 Bit Survivor (Roguelike)","1.0","","","",""
"App Store (Google Play)","review","bit","Amo jogos pixel roguelike, esse não é diferente, o jogo é sensacional, mundo aberto, procedural, muitos itens, cada item altera visualmente seu personagem, muito bom, oque estou sentido falta é do multiplayer, apesar que diz ter, mas não consigo jogar com outra pessoa, ou amigos.","","5.0","","","","","","","","","","","","","","","","","","","","","2025-12-12 04:23:40","","","","","","","","","","","","","","","","","","","","","","","","bit Dungeon III","44.0","","","",""
"App Store (Google Play)","review","bit","O jogo, como continuação de Bit Dungeon 2, é muito superior. Gostei bastante da sequência e os chefes estão mais desafiadores e precisa de uma boa estratégia para vence-los. Teve muitas novas features que me agradaram bastantes como o ferreiro que deixa nossos equips muito bons e o Vacalo. ( cavalo ) sair pelo mundo dos espíritos andando de cavalo e rodando o Espadão é algo magnífico. Nota 1000/10","","5.0","","","","","","","","","","","","","","","","","","","","","2025-12-12 04:23:40","","","","","","","","","","","","","","","","","","","","","","","","bit Dungeon III","23.0","","","",""
"App Store (Google Play)","review","bit","Rapaz... o Bit Dungeon I, primeiro da trilogia, eu jogava com meus amigos na escola tá ligado? A gente tinha só 10 anos na época, a gente acabava o trabalho, e começava a jogar, isso quando não era RPG de mesa rs... Pode comprar, não vai se arrepender, é um dos melhores passa-tempos que você pode ter sem internet.","","5.0","","","","","","","","","","","","","","","","","","","","","2025-12-12 04:23:40","","","","","","","","","","","","","","","","","","","","","","","","bit Dungeon III","11.0","","","",""
"App Store (Google Play)","review","bit","Pronto agora falta só um tradução pt-br","","5.0","","","","","","","","","","","","","","","","","","","","","2025-12-12 04:23:40","","","","","","","","","","","","","","","","","","","","","","","","bit Dungeon III","11.0","","","",""
"App Store (Google Play)","review","bit","O jogo é incrível, valeu a pena comprar, eu amei, realmente muito bom","","5.0","","","","","","","","","","","","","","","","","","","","","2025-12-12 04:23:40","","","","","","","","","","","","","","","","","","","","","","","","bit Dungeon III","8.0","","","",""
"App Store (Google Play)","review","bit","Alem do jogo não ter uma tradução, os desenvolvedores são mal educados e não ligam para a pessoa que manda mensagem pra eles","","1.0","","","","","","","","","","","","","","","","","","","","","2025-12-12 04:23:40","","","","","","","","","","","","","","","","","","","","","","","","bit Dungeon III","6.0","","","",""
"App Store (Google Play)","review","bit","Jogo muito divertido o permadeath incomoda um pouco. Mas o que deixa o jogo insuportável são os controles de toque, são terríveis. Deveria ter botões na tela, e não como se estivesse usando um mouse.","","3.0","","","","","","","","","","","","","","","","","","","","","2025-12-12 04:23:40","","","","","","","","","","","","","","","","","","","","","","","","bit Dungeon III","5.0","","","",""
"App Store (Google Play)","review","bit","Gostei mais não tô achando gente e nem mensagem para conversar","","5.0","","","","","","","","","","","","","","","","","","","","","2025-12-12 04:23:40","","","","","","","","","","","","","","","","","","","","","","","","bit Dungeon III","2.0","","","",""
"App Store (Google Play)","review","bit","O jogo precisa de conteúdo quase não tem o fazer além de matar monstros, poderia ter algum evento mais biomas para mim o jogo está abandonado","","2.0","","","","","","","","","","","","","","","","","","","","","2025-12-12 04:23:40","","","","","","","","","","","","","","","","","","","","","","","","bit Dungeon III","2.0","","","",""
"App Store (Google Play)","review","bit","O jogo é exelente mas pode melhorar, deveria ter mais Quest e mais mapas e dungeons para explorar","","3.0","","","","","","","","","","","","","","","","","","","","","2025-12-12 04:23:40","","","","","","","","","","","","","","","","","","","","","","","","bit Dungeon III","1.0","","","",""
"App Store (Google Play)","review","bit","Ótimo,supero o 2 bit Dungeon","","5.0","","","","","","","","","","","","","","","","","","","","","2025-12-12 04:23:40","","","","","","","","","","","","","","","","","","","","","","","","bit Dungeon III","1.0","","","",""
"App Store (Google Play)","review","bit","tradução pt br nunca?","","2.0","","","","","","","","","","","","","","","","","","","","","2025-12-12 04:23:40","","","","","","","","","","","","","","","","","","","","","","","","bit Dungeon III","1.0","","","",""
"App Store (Google Play)","review","bit","kinto games, eu realmente amo a franquia bit dungeon, e convenhamos, ja faz muito tempo em que fiz essa avaliação, até hoje o jogo está bugado e não consigo jogar com som, por favor, se possível tentem pelo menos arrumar oque está acontecendo","","1.0","","","","","","","","","","","","","","","","","","","","","2025-12-12 04:23:40","","","","","","","","","","","","","","","","","","","","","","","","bit Dungeon III","1.0","","","",""
"App Store (Google Play)","review","bit","Jogo Muito Bom, Presizam só arrumar os controles pois está em formato para PC, poderiam otimizar mais para os celulares põem senti algumas dificuldades, gostaria muito de jogar multiplayer tbm mas não achei nada na Internet para me ajudar poderia lançar um servidor de vcs msm para nois. Há outra Coisa colocarem tradução PT-BR porfavor.","","5.0","","","","","","","","","","","","","","","","","","","","","2025-12-12 04:23:40","","","","","","","","","","","","","","","","","","","","","","","","bit Dungeon III","0.0","","","",""
"App Store (Google Play)","review","bit","Joguei à alguns anos atrás pra Android, agora mudaram algumas coisas e deram um pouco mais de conteúdo, mas está muito mais bugado, principalmente o movimento e ataques. Acredito que vale a pena jogar no PC, mas como está não vale a pena pra celular.","","1.0","","","","","","","","","","","","","","","","","","","","","2025-12-12 04:23:40","","","","","","","","","","","","","","","","","","","","","","","","bit Dungeon III","0.0","","","",""
"App Store (Google Play)","review","bit","Jogo maravilhoso, vale cada centavo.","","5.0","","","","","","","","","","","","","","","","","","","","","2025-12-12 04:23:40","","","","","","","","","","","","","","","","","","","","","","","","bit Dungeon III","0.0","","","",""
"App Store (Google Play)","review","bit","é um jogo excelente, muito curto também mais que vale apena gastar umas 2 3 hrs","","5.0","","","","","","","","","","","","","","","","","","","","","2025-12-12 04:23:40","","","","","","","","","","","","","","","","","","","","","","","","bit Dungeon III","0.0","","","",""
"App Store (Google Play)","review","bit","It's a very good game, the only downside is that I can't unlock the shade class","","5.0","","","","","","","","","","","","","","","","","","","","","2025-12-12 04:23:40","","","","","","","","","","","","","","","","","","","","","","","","bit Dungeon III","0.0","","","",""
"App Store (Google Play)","review","bit","Muito bom melhor jogo da franquia tem diversos inimigos e bosses com um gráfico bonito e o boss final foi o melhor","","5.0","","","","","","","","","","","","","","","","","","","","","2025-12-12 04:23:40","","","","","","","","","","","","","","","","","","","","","","","","bit Dungeon III","0.0","","","",""
"App Store (Google Play)","review","bit","Este aplicativo é um verdadeiro copiloto de vida saudável. Acesso a personal e nutricionista, além de gamificação que nos estimula a participar dessa comunidade.","","5.0","","","","","","","","","","","","","","","","","","","","","2025-12-12 04:23:40","","","","","","","","","","","","","","","","","","","","","","","","Bitt+","5.0","","","",""
"App Store (Google Play)","review","bit","Resumindo: para ver vídeos está ok. Para criar os treinos: bugs, bugs e bugs. App bugado demais. Você reporta o problema e eles corrigem. Na etapa seguinte aparece outro bug. É frustrante. 😠","","1.0","","","","","","","","","","","","","","","","","","","","","2025-12-12 04:23:40","","","","","","","","","","","","","","","","","","","","","","","","Bitt+","5.0","","","",""
"App Store (Google Play)","review","bit","Um app muito bom recomendo a todos para baixarem. Tem vários exercicios .que funcionam realmente.","","5.0","","","","","","","","","","","","","","","","","","","","","2025-12-12 04:23:40","","","","","","","","","","","","","","","","","","","","","","","","Bitt+","3.0","","","Ryta, isso ai! Vamos influenciar outras pessoas a terem mais saúde com o BITT! 💛🖤💛","2023-12-06 18:23:22"
"App Store (Google Play)","review","bit","Poderia ter o app para Android TV ou opçao de transmitir direto do vídeo.... Mas o app é bom fluido e com você exercícios para iniciantes....","","4.0","","","","","","","","","","","","","","","","","","","","","2025-12-12 04:23:40","","","","","","","","","","","","","","","","","","","","","","","","Bitt+","2.0","","","",""
"App Store (Google Play)","review","bit","O app é excelente para motivar o usuário a ter uma rotina saudável e a prática regular de atividades físicas... Apresenta alguns bugs ainda, mas no geral é um app muito bom. A equipe de suporte é muito atenciosa! Estou amando.","","5.0","","","","","","","","","","","","","","","","","","","","","2025-12-12 04:23:40","","","","","","","","","","","","","","","","","","","","","","","","Bitt+","2.0","","","",""
"App Store (Google Play)","review","bit","Excelente aplicativo! Ótimas funcionalidades, interface intuitiva, abordagem envolvente e motivadora.","","5.0","","","","","","","","","","","","","","","","","","","","","2025-12-12 04:23:40","","","","","","","","","","","","","","","","","","","","","","","","Bitt+","2.0","","","",""
"App Store (Google Play)","review","bit","Excelente programa para fazer em casa.","","5.0","","","","","","","","","","","","","","","","","","","","","2025-12-12 04:23:40","","","","","","","","","","","","","","","","","","","","","","","","Bitt+","2.0","","","Eloice, muito obrigado! Fico muito feliz em ajudar na sua rotina saudável! 💛🖤💛","2023-12-13 15:22:25"
"App Store (Google Play)","review","bit","Suporte 5 estrelas.e Estão de parabéns. Resoveram tudo, em tempo recorde. Ótimo aplicativo de treino.","","5.0","","","","","","","","","","","","","","","","","","","","","2025-12-12 04:23:40","","","","","","","","","","","","","","","","","","","","","","","","Bitt+","2.0","","","",""
"App Store (Google Play)","review","bit","Poderia por favor liberar pra tv android ? Seria muito mais pratico de assistir e repetir os exercícios.","","2.0","","","","","","","","","","","","","","","","","","","","","2025-12-12 04:23:40","","","","","","","","","","","","","","","","","","","","","","","","Bitt+","2.0","","","Luciana, estamos trabalhando nisso, por enquanto você consegue utilizar através da nossa plataforma web em nosso site https://bittrainers.app.br/ 🖤💛","2024-04-01 16:51:22"
"App Store (Google Play)","review","bit","Acho o app bem completo, não tem só treino, tem meditação, yoga e até chat pra falar com nutricionista. Gosto muito das meditações, sempre me sinto mais relaxada depois de fazer. Recomendo.","","5.0","","","","","","","","","","","","","","","","","","","","","2025-12-12 04:23:40","","","","","","","","","","","","","","","","","","","","","","","","Bitt+","2.0","","","Cíntia, fico muito feliz! 🖤💛","2024-02-23 14:29:41"
"App Store (Google Play)","review","bit","Faço academia, gostaria de utilizar o aplicativo, porém, os exercícios que faço não tem no aplicativo!! Tem muito a melhorar!!","","2.0","","","","","","","","","","","","","","","","","","","","","2025-12-12 04:23:40","","","","","","","","","","","","","","","","","","","","","","","","Bitt+","1.0","","","Adalton, muito obrigado pelo feedback. Estamos no processo de melhorias da quantidade de exercícios com aparelhos para o APP, já gravamos mais de 200 novos tipos de exercícios. 💛🖤💛","2023-12-13 15:22:02"
"App Store (Google Play)","review","bit","Não treinava há quase 10 anos, mas depois que conheci o aplicativo, retornei com os treinos em casa e agora voltei a Academia. Recomendo a todos!!!","","5.0","","","","","","","","","","","","","","","","","","","","","2025-12-12 04:23:40","","","","","","","","","","","","","","","","","","","","","","","","Bitt+","1.0","","","",""
"App Store (Google Play)","review","bit","Muito bom.","","5.0","","","","","","","","","","","","","","","","","","","","","2025-12-12 04:23:40","","","","","","","","","","","","","","","","","","","","","","","","Bitt+","0.0","","","Vanessa, fico muito feliz que gostou! Aproveite muito. 💛🖤","2024-04-12 14:40:40"
"App Store (Google Play)","review","bit","Um app completo e sempre trazendo novidades pros usuários! Recomendo bastante pra quem está buscando uma vida mais saudável de forma divertida!","","5.0","","","","","","","","","","","","","","","","","","","","","2025-12-12 04:23:40","","","","","","","","","","","","","","","","","","","","","","","","Bitt+","0.0","","","",""
"App Store (Google Play)","review","bit","Como faço para ter acesso ao conteúdo? Tenho assinatura Ora Telecom e faz parte do meu plano o acesso ao Bittrainers","","3.0","","","","","","","","","","","","","","","","","","","","","2025-12-12 04:23:40","","","","","","","","","","","","","","","","","","","","","","","","Bitt+","0.0","","","",""
"App Store (Google Play)","review","bit","Ótimo app. Várias aulas de atividades para serem executados em casa. A parte de saude emocional e meditação tmb muito boa.","","5.0","","","","","","","","","","","","","","","","","","","","","2025-12-12 04:23:40","","","","","","","","","","","","","","","","","","","","","","","","Bitt+","0.0","","","",""
"App Store (Google Play)","review","bit","não consigo assinar o app","","1.0","","","","","","","","","","","","","","","","","","","","","2025-12-12 04:23:40","","","","","","","","","","","","","","","","","","","","","","","","Bitt+","0.0","","","",""
"App Store (Google Play)","review","bit","Satisfação, tudo que remete a rotina saudável em um só lugar.","","5.0","","","","","","","","","","","","","","","","","","","","","2025-12-12 04:23:40","","","","","","","","","","","","","","","","","","","","","","","","Bitt+","0.0","","","",""
"App Store (Google Play)","review","bit","O melhor do Brasil","","5.0","","","","","","","","","","","","","","","","","","","","","2025-12-12 04:23:40","","","","","","","","","","","","","","","","","","","","","","","","Bitt+","0.0","","","",""
"App Store (Google Play)","review","bit","O app me ajudou muito a melhorar minha rotina de treinos e alimentação.","","5.0","","","","","","","","","","","","","","","","","","","","","2025-12-12 04:23:40","","","","","","","","","","","","","","","","","","","","","","","","Bitt+","0.0","","","",""
"App Store (Google Play)","review","bit","O aplicativo mais completo que achei. Fácil, eficiente e motivador!!","","5.0","","","","","","","","","","","","","","","","","","","","","2025-12-12 04:23:40","","","","","","","","","","","","","","","","","","","","","","","","Bitt+","10.0","","","",""
"App Store (Google Play)","review","bit","Melhor app de musculação, saúde e bem estar que já utilizei! Rápido, prático e eficiente! Recomendo!","","5.0","","","","","","","","","","","","","","","","","","","","","2025-12-12 04:23:40","","","","","","","","","","","","","","","","","","","","","","","","Bitt+","2.0","","","",""
"App Store (Google Play)","review","bit","Gostei muito do aplicativo, estou conseguindo um resultado somente com o que podemos usar gratuitamente. Otimo aplicativo.","","5.0","","","","","","","","","","","","","","","","","","","","","2025-12-12 04:23:40","","","","","","","","","","","","","","","","","","","","","","","","Bitt+","12.0","","","😍😍💪💪💛💛","2023-06-14 21:56:22"
"App Store (Google Play)","review","bit","App maravilhoso, atendimento Top sempre prontos para atender e resolver qualquer problema 🥰 Baixem vale muito a pena!!!","","5.0","","","","","","","","","","","","","","","","","","","","","2025-12-12 04:23:40","","","","","","","","","","","","","","","","","","","","","","","","Bitt+","7.0","","","",""
"App Store (Google Play)","review","bit","Grande variedade de exercícios com clareza nas execuções. Além disso tem dicas nutricionais que auxiliam muito bem durante o processo","","5.0","","","","","","","","","","","","","","","","","","","","","2025-12-12 04:23:40","","","","","","","","","","","","","","","","","","","","","","","","Bitt+","1.0","","","💛🖤💛🖤 fico feliz que gostou!","2023-08-29 13:34:51"
"App Store (Google Play)","review","bit","App muito bom. Gosto muito das meditações e receitas. E os exercícios são bons pra quem precisa treinar em casa.","","5.0","","","","","","","","","","","","","","","","","","","","","2025-12-12 04:23:40","","","","","","","","","","","","","","","","","","","","","","","","Bitt+","0.0","","","José, que bom que estamos ajudando no seu dia a dia 💛🖤💛","2023-09-12 21:35:29"
"App Store (Google Play)","review","bit","Sem dúvidas o melhor app para treinar em casa. Aulas incríveis, fácil de utilizar e muito completo. Tô amando os resultados!","","5.0","","","","","","","","","","","","","","","","","","","","","2025-12-12 04:23:40","","","","","","","","","","","","","","","","","","","","","","","","Bitt+","12.0","","","Drielle, isso que nos move. Ficamos extremamente felizes com seus resultados. 💛🖤💛🖤","2023-01-31 16:08:46"
"App Store (Google Play)","review","bit","Ótimo app,para quem está querendo verdadeiros resultados, físicos, mente, e também muito interessante, as receitas que tem, ajuda muito até mesmo nas ideias para o que vou comer no meu dia dia, app muito top parabéns para os desenvolvedores.","","5.0","","","","","","","","","","","","","","","","","","","","","2025-12-12 04:23:40","","","","","","","","","","","","","","","","","","","","","","","","Bitt+","11.0","","","😍😍💛💛","2023-06-14 21:41:32"
"App Store (Google Play)","review","bit","Foi exatamente o que eu precisava, consigo seguir o cronograma, barriga zero, treino diario, está modificando minha vida, e me dando outra pespectiva, indico a todos seguirem pelo menos um treino, aos poucos vão adicionar outros e outras tarefas para o melhoramento pessoal que não faziam antes, está sendo realmente muito bom mesmo","","5.0","","","","","","","","","","","","","","","","","","","","","2025-12-12 04:23:40","","","","","","","","","","","","","","","","","","","","","","","","Bitt+","3.0","","","Renata, ficamos muito feliz. 💛🖤","2023-10-27 17:31:48"
"App Store (Google Play)","review","bit","Tive problemas, achei o aplicativo confuso e no dia o suporte técnico demorou para responder. Mas apareceram, me esplicaram certinho como funciona e foram super educados. Alegaram que a demora para responder, foi devido ao um problema com whatsapp no dia. Em um segundo momento, tive outra dúvida e fui rapidamente atendido, e como sempre com muita educação e cordialidade. #Recomendo","","5.0","","","","","","","","","","","","","","","","","","","","","2025-12-12 04:23:40","","","","","","","","","","","","","","","","","","","","","","","","Bitt+","7.0","","","Jordane, de fato tivemos um probleminha com nosso whatsAPP do suporte, mas tá tudo resolvido rsrsrs
Precisando estamos à disposição. 💛🖤","2023-03-28 17:29:10"
"App Store (Google Play)","review","bit","Ótimo App. Tava me ajudando muito, tanto que tinha até recomendado. Mas depois que pediram pra avaliar e eu avaliei não abre mais o programa de treino para que eu possa continuar. Já estava no exercício 9. Abre uma janela na tela para avaliação e não posso mais continuar os exercícios. Ou seja,só ilusão achar que teria algo de graça para pessoas que não tem condições de ir a uma academia.","","5.0","","","","","","","","","","","","","","","","","","","","","2025-12-12 04:23:40","","","","","","","","","","","","","","","","","","","","","","","","Bitt+","36.0","","","Ei Joana, o problema ocorre quando as letras do celular estão configuradas com tamanho maior. Vamos enviar uma correção do app em breve, mas se você quiser continuar os treinos, você pode reduzir o tamanho da fonte no seu celular ou também pode acessar pelo navegador: https://api.bittrainers.com.br/conteudos com as mesmas credenciais do app.","2021-11-08 10:55:13"
"App Store (Google Play)","review","bit","O pessoal do aplicativo foi muito atencioso comigo, mandando uma lista de treinamento grátis..bora malhar!!","","5.0","","","","","","","","","","","","","","","","","","","","","2025-12-12 04:23:40","","","","","","","","","","","","","","","","","","","","","","","","Bitt+","8.0","","","😍😍💪💪💛💛","2023-06-14 21:56:05"
"App Store (Google Play)","review","bit","Muito Ruim. Difícil de mexer e criar treino. Criei meu treino mas depois de tentar várias vezes não conseguir configurar meu treino. Tem apps bem melhores.","","2.0","","","","","","","","","","","","","","","","","","","","","2025-12-12 04:23:40","","","","","","","","","","","","","","","","","","","","","","","","Bitt+","3.0","","","",""
"App Store (Google Play)","review","bit","Não estou conseguindo mudar o número de repetições, séries e carga de cada exercício, plataforma bugs e fecha se você não utilizar a seta superior esquerda para retornar entre as paginas, aplicativo lento para mudar entre telas e muitas outras coisas","","1.0","","","","","","","","","","","","","","","","","","","","","2025-12-12 04:23:40","","","","","","","","","","","","","","","","","","","","","","","","Bitt+","24.0","","","Pedro, todos esses erros foram sanados.
Faça um teste, tenho certeza que vai amar. 😍😍💪💪💛💛","2023-06-14 21:53:56"
"App Store (Google Play)","review","bit","O aplicativo é muito bom gosto muito em particular do full body e o verão 21 as professoras são top. Os resultados são perceptíveis... foco força e determinação .","","4.0","","","","","","","","","","","","","","","","","","","","","2025-12-12 04:23:40","","","","","","","","","","","","","","","","","","","","","","","","Bitt+","10.0","","","",""
"App Store (Google Play)","review","bit","Sequer consigo fazer login. Ao tentar fazer login usando as credenciais da minha operadora recebo uma msg de erro "" 502 bad gateway"". Edit: após contato com o suporte, o problema foi sanado e já consigo logar no app.","","4.0","","","","","","","","","","","","","","","","","","","","","2025-12-12 04:23:40","","","","","","","","","","","","","","","","","","","","","","","","Bitt+","17.0","","","😍😍💪💪💛💛","2023-06-14 21:53:16"
"App Store (Google Play)","review","bit","A interface é até que bem feita, mas falta conteúdo. Há pouquíssimos treinos no app e alguns, aparentemente, nem sequer tem vídeos disponíveis. No futuro, posso mudar minha nota, caso realmente adicionem coisas novas. Pelo menos o acesso foi dado como brinde pelo meu provedor de internet, então não é de todo ruim.","","3.0","","","","","","","","","","","","","","","","","","","","","2025-12-12 04:23:40","","","","","","","","","","","","","","","","","","","","","","","","Bitt+","6.0","","","Felipe, peço que teste novamente e qualquer dúvida entre em contato em nosso suporte via whatsAPP 33 8426-4226.
Temos hoje mais de 1000 horas de treinos dentro da nossa plataforma, sem contar que todos os dias tem conteúdos novos na aba TREINOS DIÁRIOS.","2023-01-31 16:11:13"
"App Store (Google Play)","review","bit","Desde a última atualização não consegui mais logar, faço o login com empresa parceiras, diz estar logado e tenho que colar usuário e senha novamente, não entra de jeito nenhum, já reinstalei e o problemas continua...","","3.0","","","","","","","","","","","","","","","","","","","","","2025-12-12 04:23:40","","","","","","","","","","","","","","","","","","","","","","","","Bitt+","7.0","","","Tamires, por favor entre em contato em nosso suporte via whatsAPP 33 8426-4226.
Tivemos algumas empresas parceiras em manutenção, mas no suporte conseguiremos resolver seu problema.
","2023-01-31 16:04:44"
"App Store (Google Play)","review","bit","App muito confuso Os exercícios feitos na academia quando concluídos não são salvos e sempre que passa para o próximo exercício o anterior apaga automaticamente, pois ao retornar ao exercício anterior está em branco como se não tivesse feito. Uso o Claoud Gym e apesar de simples todos os treinos são salvos.","","2.0","","","","","","","","","","","","","","","","","","","","","2025-12-12 04:23:40","","","","","","","","","","","","","","","","","","","","","","","","Bitt+","24.0","","","Daniel, tivemos um pequeno erro com essa atualização.
Teste novamente e tenho certeza que vai gostar muito, qualquer dúvida chame no nosso suporte via whatsAPP 33 8426-4226.","2023-01-31 16:07:15"
