"fonte","tipo","termo","conteudo","relevancia","regiao","cliente","fonte_busca","categoria","data_coleta","url","buscador","posicao","descricao","canal","channelId","channelUrl","video_id","views","likes","dislikes","favorites","commentCount","duration","dimension","definition","caption","licensedContent","contentRating","projection","thumbnail_default","thumbnail_medium","thumbnail_high","thumbnail_standard","thumbnail_maxres","publicado_em","tags","categoryId","defaultLanguage","defaultAudioLanguage","liveBroadcastContent","topicIds","topicCategories","recordingDate","locationDescription","actualStartTime","actualEndTime","scheduledStartTime","scheduledEndTime","concurrentViewers","activeLiveChatId","uploadStatus","privacyStatus","license","embeddable","publicStatsViewable","madeForKids","autor","autorId","autorUrl","replyCount","totalReplyCount","canReply","isPublic","video_titulo","atualizado_em","replies_count","desenvolvedor","rating","ratings_count","reviews_count","installs","price","currency","genre","contentRatingDescription","familyGenre","familyGenreId","icon","headerImage","screenshots","video","videoImage","descriptionHTML","developerId","developerEmail","developerWebsite","developerAddress","privacyPolicy","histogram","offersIAP","adSupported","recentChanges","permissions","whatsNew","released","app_id","version","updated","releaseNotes","currentVersionReleaseDate","screenshotUrls","ipadScreenshotUrls","appletvScreenshotUrls","artistId","languageCodesISO2A","privacyPolicyUrl","inAppPurchases","subscriptionInfo","title","app","thumbsUpCount","userId","date","replyContent","repliedAt"
"Google Suggest","sugestao","cripto","criptomoedas","950.0","br","chrome","web","top","2025-12-12 05:16:04","","","","","","","","","","","","","","","","","","","","","","","","","","","","","","","","","","","","","","","","","","","","","","","","","","","","","","","","","","","","","","","","","","","","","","","","","","","","","","","","","","","","","","","","","","","","","","","","","","","","","","","","","",""
"Google Suggest","sugestao","cripto","criptomoeda","650.0","br","chrome","web","top","2025-12-12 05:16:04","","","","","","","","","","","","","","","","","","","","","","","","","","","","","","","","","","","","","","","","","","","","","","","","","","","","","","","","","","","","","","","","","","","","","","","","","","","","","","","","","","","","","","","","","","","","","","","","","","","","","","","","","",""
"Google Suggest","sugestao","cripto","criptococose","602.0","br","chrome","web","top","2025-12-12 05:16:04","","","","","","","","","","","","","","","","","","","","","","","","","","","","","","","","","","","","","","","","","","","","","","","","","","","","","","","","","","","","","","","","","","","","","","","","","","","","","","","","","","","","","","","","","","","","","","","","","","","","","","","","","",""
"Google Suggest","sugestao","cripto","criptorquidia","601.0","br","chrome","web","top","2025-12-12 05:16:04","","","","","","","","","","","","","","","","","","","","","","","","","","","","","","","","","","","","","","","","","","","","","","","","","","","","","","","","","","","","","","","","","","","","","","","","","","","","","","","","","","","","","","","","","","","","","","","","","","","","","","","","","",""
"Google Suggest","sugestao","cripto","criptografia","600.0","br","chrome","web","top","2025-12-12 05:16:04","","","","","","","","","","","","","","","","","","","","","","","","","","","","","","","","","","","","","","","","","","","","","","","","","","","","","","","","","","","","","","","","","","","","","","","","","","","","","","","","","","","","","","","","","","","","","","","","","","","","","","","","","",""
"Google Suggest","sugestao","cripto","criptomoedas hoje","559.0","br","chrome","web","top","2025-12-12 05:16:04","","","","","","","","","","","","","","","","","","","","","","","","","","","","","","","","","","","","","","","","","","","","","","","","","","","","","","","","","","","","","","","","","","","","","","","","","","","","","","","","","","","","","","","","","","","","","","","","","","","","","","","","","",""
"Google Suggest","sugestao","cripto","criptograma","558.0","br","chrome","web","top","2025-12-12 05:16:04","","","","","","","","","","","","","","","","","","","","","","","","","","","","","","","","","","","","","","","","","","","","","","","","","","","","","","","","","","","","","","","","","","","","","","","","","","","","","","","","","","","","","","","","","","","","","","","","","","","","","","","","","",""
"Google Suggest","sugestao","cripto","kriptonita","557.0","br","chrome","web","top","2025-12-12 05:16:04","","","","","","","","","","","","","","","","","","","","","","","","","","","","","","","","","","","","","","","","","","","","","","","","","","","","","","","","","","","","","","","","","","","","","","","","","","","","","","","","","","","","","","","","","","","","","","","","","","","","","","","","","",""
"Google Suggest","sugestao","cripto","cripto no pix","556.0","br","chrome","web","top","2025-12-12 05:16:04","","","","","","","","","","","","","","","","","","","","","","","","","","","","","","","","","","","","","","","","","","","","","","","","","","","","","","","","","","","","","","","","","","","","","","","","","","","","","","","","","","","","","","","","","","","","","","","","","","","","","","","","","",""
"Google Suggest","sugestao","cripto","criptococose em gatos","555.0","br","chrome","web","top","2025-12-12 05:16:04","","","","","","","","","","","","","","","","","","","","","","","","","","","","","","","","","","","","","","","","","","","","","","","","","","","","","","","","","","","","","","","","","","","","","","","","","","","","","","","","","","","","","","","","","","","","","","","","","","","","","","","","","",""
"Google Suggest","sugestao","cripto","cripto astar","1050.0","br","chrome","web","expansao_a","2025-12-12 05:16:04","","","","","","","","","","","","","","","","","","","","","","","","","","","","","","","","","","","","","","","","","","","","","","","","","","","","","","","","","","","","","","","","","","","","","","","","","","","","","","","","","","","","","","","","","","","","","","","","","","","","","","","","","",""
"Google Suggest","sugestao","cripto","crypto ai","601.0","br","chrome","web","expansao_a","2025-12-12 05:16:04","","","","","","","","","","","","","","","","","","","","","","","","","","","","","","","","","","","","","","","","","","","","","","","","","","","","","","","","","","","","","","","","","","","","","","","","","","","","","","","","","","","","","","","","","","","","","","","","","","","","","","","","","",""
"Google Suggest","sugestao","cripto","cripto ativos","600.0","br","chrome","web","expansao_a","2025-12-12 05:16:04","","","","","","","","","","","","","","","","","","","","","","","","","","","","","","","","","","","","","","","","","","","","","","","","","","","","","","","","","","","","","","","","","","","","","","","","","","","","","","","","","","","","","","","","","","","","","","","","","","","","","","","","","",""
"Google Suggest","sugestao","cripto","cripto ada","561.0","br","chrome","web","expansao_a","2025-12-12 05:16:04","","","","","","","","","","","","","","","","","","","","","","","","","","","","","","","","","","","","","","","","","","","","","","","","","","","","","","","","","","","","","","","","","","","","","","","","","","","","","","","","","","","","","","","","","","","","","","","","","","","","","","","","","",""
"Google Suggest","sugestao","cripto","cripto avax","560.0","br","chrome","web","expansao_a","2025-12-12 05:16:04","","","","","","","","","","","","","","","","","","","","","","","","","","","","","","","","","","","","","","","","","","","","","","","","","","","","","","","","","","","","","","","","","","","","","","","","","","","","","","","","","","","","","","","","","","","","","","","","","","","","","","","","","",""
"Google Suggest","sugestao","cripto","cripto aave","559.0","br","chrome","web","expansao_a","2025-12-12 05:16:04","","","","","","","","","","","","","","","","","","","","","","","","","","","","","","","","","","","","","","","","","","","","","","","","","","","","","","","","","","","","","","","","","","","","","","","","","","","","","","","","","","","","","","","","","","","","","","","","","","","","","","","","","",""
"Google Suggest","sugestao","cripto","crypto arena","558.0","br","chrome","web","expansao_a","2025-12-12 05:16:04","","","","","","","","","","","","","","","","","","","","","","","","","","","","","","","","","","","","","","","","","","","","","","","","","","","","","","","","","","","","","","","","","","","","","","","","","","","","","","","","","","","","","","","","","","","","","","","","","","","","","","","","","",""
"Google Suggest","sugestao","cripto","cripto agora","557.0","br","chrome","web","expansao_a","2025-12-12 05:16:04","","","","","","","","","","","","","","","","","","","","","","","","","","","","","","","","","","","","","","","","","","","","","","","","","","","","","","","","","","","","","","","","","","","","","","","","","","","","","","","","","","","","","","","","","","","","","","","","","","","","","","","","","",""
"Google Suggest","sugestao","cripto","cripto atrelada ao ouro","556.0","br","chrome","web","expansao_a","2025-12-12 05:16:04","","","","","","","","","","","","","","","","","","","","","","","","","","","","","","","","","","","","","","","","","","","","","","","","","","","","","","","","","","","","","","","","","","","","","","","","","","","","","","","","","","","","","","","","","","","","","","","","","","","","","","","","","",""
"Google Suggest","sugestao","cripto","cripto aro 29","555.0","br","chrome","web","expansao_a","2025-12-12 05:16:04","","","","","","","","","","","","","","","","","","","","","","","","","","","","","","","","","","","","","","","","","","","","","","","","","","","","","","","","","","","","","","","","","","","","","","","","","","","","","","","","","","","","","","","","","","","","","","","","","","","","","","","","","",""
"Google Suggest","sugestao","cripto","cripto bikes","851.0","br","chrome","web","expansao_b","2025-12-12 05:16:04","","","","","","","","","","","","","","","","","","","","","","","","","","","","","","","","","","","","","","","","","","","","","","","","","","","","","","","","","","","","","","","","","","","","","","","","","","","","","","","","","","","","","","","","","","","","","","","","","","","","","","","","","",""
"Google Suggest","sugestao","cripto","cripto br","850.0","br","chrome","web","expansao_b","2025-12-12 05:16:04","","","","","","","","","","","","","","","","","","","","","","","","","","","","","","","","","","","","","","","","","","","","","","","","","","","","","","","","","","","","","","","","","","","","","","","","","","","","","","","","","","","","","","","","","","","","","","","","","","","","","","","","","",""
"Google Suggest","sugestao","cripto","cripto bolhas","601.0","br","chrome","web","expansao_b","2025-12-12 05:16:04","","","","","","","","","","","","","","","","","","","","","","","","","","","","","","","","","","","","","","","","","","","","","","","","","","","","","","","","","","","","","","","","","","","","","","","","","","","","","","","","","","","","","","","","","","","","","","","","","","","","","","","","","",""
"Google Suggest","sugestao","cripto","crypto bubbles","600.0","br","chrome","web","expansao_b","2025-12-12 05:16:04","","","","","","","","","","","","","","","","","","","","","","","","","","","","","","","","","","","","","","","","","","","","","","","","","","","","","","","","","","","","","","","","","","","","","","","","","","","","","","","","","","","","","","","","","","","","","","","","","","","","","","","","","",""
"Google Suggest","sugestao","cripto","cripto brasileira","560.0","br","chrome","web","expansao_b","2025-12-12 05:16:04","","","","","","","","","","","","","","","","","","","","","","","","","","","","","","","","","","","","","","","","","","","","","","","","","","","","","","","","","","","","","","","","","","","","","","","","","","","","","","","","","","","","","","","","","","","","","","","","","","","","","","","","","",""
"Google Suggest","sugestao","cripto","cripto bob","559.0","br","chrome","web","expansao_b","2025-12-12 05:16:04","","","","","","","","","","","","","","","","","","","","","","","","","","","","","","","","","","","","","","","","","","","","","","","","","","","","","","","","","","","","","","","","","","","","","","","","","","","","","","","","","","","","","","","","","","","","","","","","","","","","","","","","","",""
"Google Suggest","sugestao","cripto","cripto binance","558.0","br","chrome","web","expansao_b","2025-12-12 05:16:04","","","","","","","","","","","","","","","","","","","","","","","","","","","","","","","","","","","","","","","","","","","","","","","","","","","","","","","","","","","","","","","","","","","","","","","","","","","","","","","","","","","","","","","","","","","","","","","","","","","","","","","","","",""
"Google Suggest","sugestao","cripto","cripto bct","557.0","br","chrome","web","expansao_b","2025-12-12 05:16:04","","","","","","","","","","","","","","","","","","","","","","","","","","","","","","","","","","","","","","","","","","","","","","","","","","","","","","","","","","","","","","","","","","","","","","","","","","","","","","","","","","","","","","","","","","","","","","","","","","","","","","","","","",""
"Google Suggest","sugestao","cripto","criptoblinders","556.0","br","chrome","web","expansao_b","2025-12-12 05:16:04","","","","","","","","","","","","","","","","","","","","","","","","","","","","","","","","","","","","","","","","","","","","","","","","","","","","","","","","","","","","","","","","","","","","","","","","","","","","","","","","","","","","","","","","","","","","","","","","","","","","","","","","","",""
"Google Suggest","sugestao","cripto","cripto bnb vale a pena","555.0","br","chrome","web","expansao_b","2025-12-12 05:16:04","","","","","","","","","","","","","","","","","","","","","","","","","","","","","","","","","","","","","","","","","","","","","","","","","","","","","","","","","","","","","","","","","","","","","","","","","","","","","","","","","","","","","","","","","","","","","","","","","","","","","","","","","",""
"Google Suggest","sugestao","cripto","cripto cachorro","1001.0","br","chrome","web","expansao_c","2025-12-12 05:16:04","","","","","","","","","","","","","","","","","","","","","","","","","","","","","","","","","","","","","","","","","","","","","","","","","","","","","","","","","","","","","","","","","","","","","","","","","","","","","","","","","","","","","","","","","","","","","","","","","","","","","","","","","",""
"Google Suggest","sugestao","cripto","crypto com","1000.0","br","chrome","web","expansao_c","2025-12-12 05:16:04","","","","","","","","","","","","","","","","","","","","","","","","","","","","","","","","","","","","","","","","","","","","","","","","","","","","","","","","","","","","","","","","","","","","","","","","","","","","","","","","","","","","","","","","","","","","","","","","","","","","","","","","","",""
"Google Suggest","sugestao","cripto","crypto cns","602.0","br","chrome","web","expansao_c","2025-12-12 05:16:04","","","","","","","","","","","","","","","","","","","","","","","","","","","","","","","","","","","","","","","","","","","","","","","","","","","","","","","","","","","","","","","","","","","","","","","","","","","","","","","","","","","","","","","","","","","","","","","","","","","","","","","","","",""
"Google Suggest","sugestao","cripto","cripto chainlink","601.0","br","chrome","web","expansao_c","2025-12-12 05:16:04","","","","","","","","","","","","","","","","","","","","","","","","","","","","","","","","","","","","","","","","","","","","","","","","","","","","","","","","","","","","","","","","","","","","","","","","","","","","","","","","","","","","","","","","","","","","","","","","","","","","","","","","","",""
"Google Suggest","sugestao","cripto","http://criptos.com","600.0","br","chrome","web","expansao_c","2025-12-12 05:16:04","","","","","","","","","","","","","","","","","","","","","","","","","","","","","","","","","","","","","","","","","","","","","","","","","","","","","","","","","","","","","","","","","","","","","","","","","","","","","","","","","","","","","","","","","","","","","","","","","","","","","","","","","",""
"Google Suggest","sugestao","cripto","cripto cruzada","559.0","br","chrome","web","expansao_c","2025-12-12 05:16:04","","","","","","","","","","","","","","","","","","","","","","","","","","","","","","","","","","","","","","","","","","","","","","","","","","","","","","","","","","","","","","","","","","","","","","","","","","","","","","","","","","","","","","","","","","","","","","","","","","","","","","","","","",""
"Google Suggest","sugestao","cripto","crypto coin","558.0","br","chrome","web","expansao_c","2025-12-12 05:16:04","","","","","","","","","","","","","","","","","","","","","","","","","","","","","","","","","","","","","","","","","","","","","","","","","","","","","","","","","","","","","","","","","","","","","","","","","","","","","","","","","","","","","","","","","","","","","","","","","","","","","","","","","",""
"Google Suggest","sugestao","cripto","crypto com arena","557.0","br","chrome","web","expansao_c","2025-12-12 05:16:04","","","","","","","","","","","","","","","","","","","","","","","","","","","","","","","","","","","","","","","","","","","","","","","","","","","","","","","","","","","","","","","","","","","","","","","","","","","","","","","","","","","","","","","","","","","","","","","","","","","","","","","","","",""
"Google Suggest","sugestao","cripto","cripto cachorro do superman","556.0","br","chrome","web","expansao_c","2025-12-12 05:16:04","","","","","","","","","","","","","","","","","","","","","","","","","","","","","","","","","","","","","","","","","","","","","","","","","","","","","","","","","","","","","","","","","","","","","","","","","","","","","","","","","","","","","","","","","","","","","","","","","","","","","","","","","",""
"Google Suggest","sugestao","cripto","cripto cardano","555.0","br","chrome","web","expansao_c","2025-12-12 05:16:04","","","","","","","","","","","","","","","","","","","","","","","","","","","","","","","","","","","","","","","","","","","","","","","","","","","","","","","","","","","","","","","","","","","","","","","","","","","","","","","","","","","","","","","","","","","","","","","","","","","","","","","","","",""
"Google Suggest","sugestao","cripto","cripto do trump","1150.0","br","chrome","web","expansao_d","2025-12-12 05:16:04","","","","","","","","","","","","","","","","","","","","","","","","","","","","","","","","","","","","","","","","","","","","","","","","","","","","","","","","","","","","","","","","","","","","","","","","","","","","","","","","","","","","","","","","","","","","","","","","","","","","","","","","","",""
"Google Suggest","sugestao","cripto","cripto dolar","700.0","br","chrome","web","expansao_d","2025-12-12 05:16:04","","","","","","","","","","","","","","","","","","","","","","","","","","","","","","","","","","","","","","","","","","","","","","","","","","","","","","","","","","","","","","","","","","","","","","","","","","","","","","","","","","","","","","","","","","","","","","","","","","","","","","","","","",""
"Google Suggest","sugestao","cripto","cripto de ouro","601.0","br","chrome","web","expansao_d","2025-12-12 05:16:04","","","","","","","","","","","","","","","","","","","","","","","","","","","","","","","","","","","","","","","","","","","","","","","","","","","","","","","","","","","","","","","","","","","","","","","","","","","","","","","","","","","","","","","","","","","","","","","","","","","","","","","","","",""
"Google Suggest","sugestao","cripto","cripto do elon musk","600.0","br","chrome","web","expansao_d","2025-12-12 05:16:04","","","","","","","","","","","","","","","","","","","","","","","","","","","","","","","","","","","","","","","","","","","","","","","","","","","","","","","","","","","","","","","","","","","","","","","","","","","","","","","","","","","","","","","","","","","","","","","","","","","","","","","","","",""
"Google Suggest","sugestao","cripto","cripto doge","560.0","br","chrome","web","expansao_d","2025-12-12 05:16:04","","","","","","","","","","","","","","","","","","","","","","","","","","","","","","","","","","","","","","","","","","","","","","","","","","","","","","","","","","","","","","","","","","","","","","","","","","","","","","","","","","","","","","","","","","","","","","","","","","","","","","","","","",""
"Google Suggest","sugestao","cripto","cripto de ia","559.0","br","chrome","web","expansao_d","2025-12-12 05:16:04","","","","","","","","","","","","","","","","","","","","","","","","","","","","","","","","","","","","","","","","","","","","","","","","","","","","","","","","","","","","","","","","","","","","","","","","","","","","","","","","","","","","","","","","","","","","","","","","","","","","","","","","","",""
"Google Suggest","sugestao","cripto","cripto dot","558.0","br","chrome","web","expansao_d","2025-12-12 05:16:04","","","","","","","","","","","","","","","","","","","","","","","","","","","","","","","","","","","","","","","","","","","","","","","","","","","","","","","","","","","","","","","","","","","","","","","","","","","","","","","","","","","","","","","","","","","","","","","","","","","","","","","","","",""
"Google Suggest","sugestao","cripto","crypto dog","557.0","br","chrome","web","expansao_d","2025-12-12 05:16:04","","","","","","","","","","","","","","","","","","","","","","","","","","","","","","","","","","","","","","","","","","","","","","","","","","","","","","","","","","","","","","","","","","","","","","","","","","","","","","","","","","","","","","","","","","","","","","","","","","","","","","","","","",""
"Google Suggest","sugestao","cripto","cripto da nubank","556.0","br","chrome","web","expansao_d","2025-12-12 05:16:04","","","","","","","","","","","","","","","","","","","","","","","","","","","","","","","","","","","","","","","","","","","","","","","","","","","","","","","","","","","","","","","","","","","","","","","","","","","","","","","","","","","","","","","","","","","","","","","","","","","","","","","","","",""
"Google Suggest","sugestao","cripto","cripto dolar digital","555.0","br","chrome","web","expansao_d","2025-12-12 05:16:04","","","","","","","","","","","","","","","","","","","","","","","","","","","","","","","","","","","","","","","","","","","","","","","","","","","","","","","","","","","","","","","","","","","","","","","","","","","","","","","","","","","","","","","","","","","","","","","","","","","","","","","","","",""
"Google Suggest","sugestao","cripto","cripto em queda","1250.0","br","chrome","web","expansao_e","2025-12-12 05:16:04","","","","","","","","","","","","","","","","","","","","","","","","","","","","","","","","","","","","","","","","","","","","","","","","","","","","","","","","","","","","","","","","","","","","","","","","","","","","","","","","","","","","","","","","","","","","","","","","","","","","","","","","","",""
"Google Suggest","sugestao","cripto","cripto ethereum","850.0","br","chrome","web","expansao_e","2025-12-12 05:16:04","","","","","","","","","","","","","","","","","","","","","","","","","","","","","","","","","","","","","","","","","","","","","","","","","","","","","","","","","","","","","","","","","","","","","","","","","","","","","","","","","","","","","","","","","","","","","","","","","","","","","","","","","",""
"Google Suggest","sugestao","cripto","cripto em alta","801.0","br","chrome","web","expansao_e","2025-12-12 05:16:04","","","","","","","","","","","","","","","","","","","","","","","","","","","","","","","","","","","","","","","","","","","","","","","","","","","","","","","","","","","","","","","","","","","","","","","","","","","","","","","","","","","","","","","","","","","","","","","","","","","","","","","","","",""
"Google Suggest","sugestao","cripto","cripto ena","800.0","br","chrome","web","expansao_e","2025-12-12 05:16:04","","","","","","","","","","","","","","","","","","","","","","","","","","","","","","","","","","","","","","","","","","","","","","","","","","","","","","","","","","","","","","","","","","","","","","","","","","","","","","","","","","","","","","","","","","","","","","","","","","","","","","","","","",""
"Google Suggest","sugestao","cripto","cripto elon musk","601.0","br","chrome","web","expansao_e","2025-12-12 05:16:04","","","","","","","","","","","","","","","","","","","","","","","","","","","","","","","","","","","","","","","","","","","","","","","","","","","","","","","","","","","","","","","","","","","","","","","","","","","","","","","","","","","","","","","","","","","","","","","","","","","","","","","","","",""
"Google Suggest","sugestao","cripto","cripto ethereum vale a pena","600.0","br","chrome","web","expansao_e","2025-12-12 05:16:04","","","","","","","","","","","","","","","","","","","","","","","","","","","","","","","","","","","","","","","","","","","","","","","","","","","","","","","","","","","","","","","","","","","","","","","","","","","","","","","","","","","","","","","","","","","","","","","","","","","","","","","","","",""
"Google Suggest","sugestao","cripto","crypto eth","558.0","br","chrome","web","expansao_e","2025-12-12 05:16:04","","","","","","","","","","","","","","","","","","","","","","","","","","","","","","","","","","","","","","","","","","","","","","","","","","","","","","","","","","","","","","","","","","","","","","","","","","","","","","","","","","","","","","","","","","","","","","","","","","","","","","","","","",""
"Google Suggest","sugestao","cripto","crypto euro","557.0","br","chrome","web","expansao_e","2025-12-12 05:16:04","","","","","","","","","","","","","","","","","","","","","","","","","","","","","","","","","","","","","","","","","","","","","","","","","","","","","","","","","","","","","","","","","","","","","","","","","","","","","","","","","","","","","","","","","","","","","","","","","","","","","","","","","",""
"Google Suggest","sugestao","cripto","cripto em queda hoje","556.0","br","chrome","web","expansao_e","2025-12-12 05:16:04","","","","","","","","","","","","","","","","","","","","","","","","","","","","","","","","","","","","","","","","","","","","","","","","","","","","","","","","","","","","","","","","","","","","","","","","","","","","","","","","","","","","","","","","","","","","","","","","","","","","","","","","","",""
"Google Suggest","sugestao","cripto","cripto em baixa","555.0","br","chrome","web","expansao_e","2025-12-12 05:16:04","","","","","","","","","","","","","","","","","","","","","","","","","","","","","","","","","","","","","","","","","","","","","","","","","","","","","","","","","","","","","","","","","","","","","","","","","","","","","","","","","","","","","","","","","","","","","","","","","","","","","","","","","",""
"Google Suggest","sugestao","cripto","criptofacil","1150.0","br","chrome","web","expansao_f","2025-12-12 05:16:04","","","","","","","","","","","","","","","","","","","","","","","","","","","","","","","","","","","","","","","","","","","","","","","","","","","","","","","","","","","","","","","","","","","","","","","","","","","","","","","","","","","","","","","","","","","","","","","","","","","","","","","","","",""
"Google Suggest","sugestao","cripto","crypto fear","750.0","br","chrome","web","expansao_f","2025-12-12 05:16:04","","","","","","","","","","","","","","","","","","","","","","","","","","","","","","","","","","","","","","","","","","","","","","","","","","","","","","","","","","","","","","","","","","","","","","","","","","","","","","","","","","","","","","","","","","","","","","","","","","","","","","","","","",""
"Google Suggest","sugestao","cripto","crypto fet","650.0","br","chrome","web","expansao_f","2025-12-12 05:16:04","","","","","","","","","","","","","","","","","","","","","","","","","","","","","","","","","","","","","","","","","","","","","","","","","","","","","","","","","","","","","","","","","","","","","","","","","","","","","","","","","","","","","","","","","","","","","","","","","","","","","","","","","",""
"Google Suggest","sugestao","cripto","cripto flr","602.0","br","chrome","web","expansao_f","2025-12-12 05:16:04","","","","","","","","","","","","","","","","","","","","","","","","","","","","","","","","","","","","","","","","","","","","","","","","","","","","","","","","","","","","","","","","","","","","","","","","","","","","","","","","","","","","","","","","","","","","","","","","","","","","","","","","","",""
"Google Suggest","sugestao","cripto","crypto fear and greed","601.0","br","chrome","web","expansao_f","2025-12-12 05:16:04","","","","","","","","","","","","","","","","","","","","","","","","","","","","","","","","","","","","","","","","","","","","","","","","","","","","","","","","","","","","","","","","","","","","","","","","","","","","","","","","","","","","","","","","","","","","","","","","","","","","","","","","","",""
"Google Suggest","sugestao","cripto","cripto full bb","600.0","br","chrome","web","expansao_f","2025-12-12 05:16:04","","","","","","","","","","","","","","","","","","","","","","","","","","","","","","","","","","","","","","","","","","","","","","","","","","","","","","","","","","","","","","","","","","","","","","","","","","","","","","","","","","","","","","","","","","","","","","","","","","","","","","","","","",""
"Google Suggest","sugestao","cripto","crypto farm","558.0","br","chrome","web","expansao_f","2025-12-12 05:16:04","","","","","","","","","","","","","","","","","","","","","","","","","","","","","","","","","","","","","","","","","","","","","","","","","","","","","","","","","","","","","","","","","","","","","","","","","","","","","","","","","","","","","","","","","","","","","","","","","","","","","","","","","",""
"Google Suggest","sugestao","cripto","cripto friv","557.0","br","chrome","web","expansao_f","2025-12-12 05:16:04","","","","","","","","","","","","","","","","","","","","","","","","","","","","","","","","","","","","","","","","","","","","","","","","","","","","","","","","","","","","","","","","","","","","","","","","","","","","","","","","","","","","","","","","","","","","","","","","","","","","","","","","","",""
"Google Suggest","sugestao","cripto","crypto floki","556.0","br","chrome","web","expansao_f","2025-12-12 05:16:04","","","","","","","","","","","","","","","","","","","","","","","","","","","","","","","","","","","","","","","","","","","","","","","","","","","","","","","","","","","","","","","","","","","","","","","","","","","","","","","","","","","","","","","","","","","","","","","","","","","","","","","","","",""
"Google Suggest","sugestao","cripto","cripto full hoje","555.0","br","chrome","web","expansao_f","2025-12-12 05:16:04","","","","","","","","","","","","","","","","","","","","","","","","","","","","","","","","","","","","","","","","","","","","","","","","","","","","","","","","","","","","","","","","","","","","","","","","","","","","","","","","","","","","","","","","","","","","","","","","","","","","","","","","","",""
"Google Suggest","sugestao","cripto","cripto grt","1250.0","br","chrome","web","expansao_g","2025-12-12 05:16:04","","","","","","","","","","","","","","","","","","","","","","","","","","","","","","","","","","","","","","","","","","","","","","","","","","","","","","","","","","","","","","","","","","","","","","","","","","","","","","","","","","","","","","","","","","","","","","","","","","","","","","","","","",""
"Google Suggest","sugestao","cripto","cripto gala","850.0","br","chrome","web","expansao_g","2025-12-12 05:16:04","","","","","","","","","","","","","","","","","","","","","","","","","","","","","","","","","","","","","","","","","","","","","","","","","","","","","","","","","","","","","","","","","","","","","","","","","","","","","","","","","","","","","","","","","","","","","","","","","","","","","","","","","",""
"Google Suggest","sugestao","cripto","crypto gold","650.0","br","chrome","web","expansao_g","2025-12-12 05:16:04","","","","","","","","","","","","","","","","","","","","","","","","","","","","","","","","","","","","","","","","","","","","","","","","","","","","","","","","","","","","","","","","","","","","","","","","","","","","","","","","","","","","","","","","","","","","","","","","","","","","","","","","","",""
"Google Suggest","sugestao","cripto","crypto games","601.0","br","chrome","web","expansao_g","2025-12-12 05:16:04","","","","","","","","","","","","","","","","","","","","","","","","","","","","","","","","","","","","","","","","","","","","","","","","","","","","","","","","","","","","","","","","","","","","","","","","","","","","","","","","","","","","","","","","","","","","","","","","","","","","","","","","","",""
"Google Suggest","sugestao","cripto","cripto grok","600.0","br","chrome","web","expansao_g","2025-12-12 05:16:04","","","","","","","","","","","","","","","","","","","","","","","","","","","","","","","","","","","","","","","","","","","","","","","","","","","","","","","","","","","","","","","","","","","","","","","","","","","","","","","","","","","","","","","","","","","","","","","","","","","","","","","","","",""
"Google Suggest","sugestao","cripto","crypto gold demo","559.0","br","chrome","web","expansao_g","2025-12-12 05:16:04","","","","","","","","","","","","","","","","","","","","","","","","","","","","","","","","","","","","","","","","","","","","","","","","","","","","","","","","","","","","","","","","","","","","","","","","","","","","","","","","","","","","","","","","","","","","","","","","","","","","","","","","","",""
"Google Suggest","sugestao","cripto","cripto graficos","557.0","br","chrome","web","expansao_g","2025-12-12 05:16:04","","","","","","","","","","","","","","","","","","","","","","","","","","","","","","","","","","","","","","","","","","","","","","","","","","","","","","","","","","","","","","","","","","","","","","","","","","","","","","","","","","","","","","","","","","","","","","","","","","","","","","","","","",""
"Google Suggest","sugestao","cripto","cripto grt vale a pena","556.0","br","chrome","web","expansao_g","2025-12-12 05:16:04","","","","","","","","","","","","","","","","","","","","","","","","","","","","","","","","","","","","","","","","","","","","","","","","","","","","","","","","","","","","","","","","","","","","","","","","","","","","","","","","","","","","","","","","","","","","","","","","","","","","","","","","","",""
"Google Suggest","sugestao","cripto","crypto hoje","1250.0","br","chrome","web","expansao_h","2025-12-12 05:16:04","","","","","","","","","","","","","","","","","","","","","","","","","","","","","","","","","","","","","","","","","","","","","","","","","","","","","","","","","","","","","","","","","","","","","","","","","","","","","","","","","","","","","","","","","","","","","","","","","","","","","","","","","",""
"Google Suggest","sugestao","cripto","cripto hbar","850.0","br","chrome","web","expansao_h","2025-12-12 05:16:04","","","","","","","","","","","","","","","","","","","","","","","","","","","","","","","","","","","","","","","","","","","","","","","","","","","","","","","","","","","","","","","","","","","","","","","","","","","","","","","","","","","","","","","","","","","","","","","","","","","","","","","","","",""
"Google Suggest","sugestao","cripto","cripto hyper","601.0","br","chrome","web","expansao_h","2025-12-12 05:16:04","","","","","","","","","","","","","","","","","","","","","","","","","","","","","","","","","","","","","","","","","","","","","","","","","","","","","","","","","","","","","","","","","","","","","","","","","","","","","","","","","","","","","","","","","","","","","","","","","","","","","","","","","",""
"Google Suggest","sugestao","cripto","crypto holder","600.0","br","chrome","web","expansao_h","2025-12-12 05:16:04","","","","","","","","","","","","","","","","","","","","","","","","","","","","","","","","","","","","","","","","","","","","","","","","","","","","","","","","","","","","","","","","","","","","","","","","","","","","","","","","","","","","","","","","","","","","","","","","","","","","","","","","","",""
"Google Suggest","sugestao","cripto","crypto heatmap","560.0","br","chrome","web","expansao_h","2025-12-12 05:16:04","","","","","","","","","","","","","","","","","","","","","","","","","","","","","","","","","","","","","","","","","","","","","","","","","","","","","","","","","","","","","","","","","","","","","","","","","","","","","","","","","","","","","","","","","","","","","","","","","","","","","","","","","",""
"Google Suggest","sugestao","cripto","crypto hype","559.0","br","chrome","web","expansao_h","2025-12-12 05:16:04","","","","","","","","","","","","","","","","","","","","","","","","","","","","","","","","","","","","","","","","","","","","","","","","","","","","","","","","","","","","","","","","","","","","","","","","","","","","","","","","","","","","","","","","","","","","","","","","","","","","","","","","","",""
"Google Suggest","sugestao","cripto","cripto hoje noticias","558.0","br","chrome","web","expansao_h","2025-12-12 05:16:04","","","","","","","","","","","","","","","","","","","","","","","","","","","","","","","","","","","","","","","","","","","","","","","","","","","","","","","","","","","","","","","","","","","","","","","","","","","","","","","","","","","","","","","","","","","","","","","","","","","","","","","","","",""
"Google Suggest","sugestao","cripto","cripto hbar vale a pena","557.0","br","chrome","web","expansao_h","2025-12-12 05:16:04","","","","","","","","","","","","","","","","","","","","","","","","","","","","","","","","","","","","","","","","","","","","","","","","","","","","","","","","","","","","","","","","","","","","","","","","","","","","","","","","","","","","","","","","","","","","","","","","","","","","","","","","","",""
"Google Suggest","sugestao","cripto","cripto host","556.0","br","chrome","web","expansao_h","2025-12-12 05:16:04","","","","","","","","","","","","","","","","","","","","","","","","","","","","","","","","","","","","","","","","","","","","","","","","","","","","","","","","","","","","","","","","","","","","","","","","","","","","","","","","","","","","","","","","","","","","","","","","","","","","","","","","","",""
"Google Suggest","sugestao","cripto","cripto holo","555.0","br","chrome","web","expansao_h","2025-12-12 05:16:04","","","","","","","","","","","","","","","","","","","","","","","","","","","","","","","","","","","","","","","","","","","","","","","","","","","","","","","","","","","","","","","","","","","","","","","","","","","","","","","","","","","","","","","","","","","","","","","","","","","","","","","","","",""
"Google Suggest","sugestao","cripto","cripto ia","1051.0","br","chrome","web","expansao_i","2025-12-12 05:16:04","","","","","","","","","","","","","","","","","","","","","","","","","","","","","","","","","","","","","","","","","","","","","","","","","","","","","","","","","","","","","","","","","","","","","","","","","","","","","","","","","","","","","","","","","","","","","","","","","","","","","","","","","",""
"Google Suggest","sugestao","cripto","cripto imx","1050.0","br","chrome","web","expansao_i","2025-12-12 05:16:04","","","","","","","","","","","","","","","","","","","","","","","","","","","","","","","","","","","","","","","","","","","","","","","","","","","","","","","","","","","","","","","","","","","","","","","","","","","","","","","","","","","","","","","","","","","","","","","","","","","","","","","","","",""
"Google Suggest","sugestao","cripto","cripto idx","601.0","br","chrome","web","expansao_i","2025-12-12 05:16:04","","","","","","","","","","","","","","","","","","","","","","","","","","","","","","","","","","","","","","","","","","","","","","","","","","","","","","","","","","","","","","","","","","","","","","","","","","","","","","","","","","","","","","","","","","","","","","","","","","","","","","","","","",""
"Google Suggest","sugestao","cripto","cripto imposto","600.0","br","chrome","web","expansao_i","2025-12-12 05:16:04","","","","","","","","","","","","","","","","","","","","","","","","","","","","","","","","","","","","","","","","","","","","","","","","","","","","","","","","","","","","","","","","","","","","","","","","","","","","","","","","","","","","","","","","","","","","","","","","","","","","","","","","","",""
"Google Suggest","sugestao","cripto","cripto imx vale a pena","560.0","br","chrome","web","expansao_i","2025-12-12 05:16:04","","","","","","","","","","","","","","","","","","","","","","","","","","","","","","","","","","","","","","","","","","","","","","","","","","","","","","","","","","","","","","","","","","","","","","","","","","","","","","","","","","","","","","","","","","","","","","","","","","","","","","","","","",""
"Google Suggest","sugestao","cripto","crypto invest","559.0","br","chrome","web","expansao_i","2025-12-12 05:16:04","","","","","","","","","","","","","","","","","","","","","","","","","","","","","","","","","","","","","","","","","","","","","","","","","","","","","","","","","","","","","","","","","","","","","","","","","","","","","","","","","","","","","","","","","","","","","","","","","","","","","","","","","",""
"Google Suggest","sugestao","cripto","cripto iota","558.0","br","chrome","web","expansao_i","2025-12-12 05:16:04","","","","","","","","","","","","","","","","","","","","","","","","","","","","","","","","","","","","","","","","","","","","","","","","","","","","","","","","","","","","","","","","","","","","","","","","","","","","","","","","","","","","","","","","","","","","","","","","","","","","","","","","","",""
"Google Suggest","sugestao","cripto","cripto itau","557.0","br","chrome","web","expansao_i","2025-12-12 05:16:04","","","","","","","","","","","","","","","","","","","","","","","","","","","","","","","","","","","","","","","","","","","","","","","","","","","","","","","","","","","","","","","","","","","","","","","","","","","","","","","","","","","","","","","","","","","","","","","","","","","","","","","","","",""
"Google Suggest","sugestao","cripto","cripto icp","556.0","br","chrome","web","expansao_i","2025-12-12 05:16:04","","","","","","","","","","","","","","","","","","","","","","","","","","","","","","","","","","","","","","","","","","","","","","","","","","","","","","","","","","","","","","","","","","","","","","","","","","","","","","","","","","","","","","","","","","","","","","","","","","","","","","","","","",""
"Google Suggest","sugestao","cripto","cripto inj","555.0","br","chrome","web","expansao_i","2025-12-12 05:16:04","","","","","","","","","","","","","","","","","","","","","","","","","","","","","","","","","","","","","","","","","","","","","","","","","","","","","","","","","","","","","","","","","","","","","","","","","","","","","","","","","","","","","","","","","","","","","","","","","","","","","","","","","",""
"Google Suggest","sugestao","cripto","cripto jumbo","1251.0","br","chrome","web","expansao_j","2025-12-12 05:16:04","","","","","","","","","","","","","","","","","","","","","","","","","","","","","","","","","","","","","","","","","","","","","","","","","","","","","","","","","","","","","","","","","","","","","","","","","","","","","","","","","","","","","","","","","","","","","","","","","","","","","","","","","",""
"Google Suggest","sugestao","cripto","criptojud","1250.0","br","chrome","web","expansao_j","2025-12-12 05:16:04","","","","","","","","","","","","","","","","","","","","","","","","","","","","","","","","","","","","","","","","","","","","","","","","","","","","","","","","","","","","","","","","","","","","","","","","","","","","","","","","","","","","","","","","","","","","","","","","","","","","","","","","","",""
"Google Suggest","sugestao","cripto","cripto judeu","650.0","br","chrome","web","expansao_j","2025-12-12 05:16:04","","","","","","","","","","","","","","","","","","","","","","","","","","","","","","","","","","","","","","","","","","","","","","","","","","","","","","","","","","","","","","","","","","","","","","","","","","","","","","","","","","","","","","","","","","","","","","","","","","","","","","","","","",""
"Google Suggest","sugestao","cripto","cripto jumbo 22","601.0","br","chrome","web","expansao_j","2025-12-12 05:16:04","","","","","","","","","","","","","","","","","","","","","","","","","","","","","","","","","","","","","","","","","","","","","","","","","","","","","","","","","","","","","","","","","","","","","","","","","","","","","","","","","","","","","","","","","","","","","","","","","","","","","","","","","",""
"Google Suggest","sugestao","cripto","crypto jogo","600.0","br","chrome","web","expansao_j","2025-12-12 05:16:04","","","","","","","","","","","","","","","","","","","","","","","","","","","","","","","","","","","","","","","","","","","","","","","","","","","","","","","","","","","","","","","","","","","","","","","","","","","","","","","","","","","","","","","","","","","","","","","","","","","","","","","","","",""
"Google Suggest","sugestao","cripto","cripto jager","559.0","br","chrome","web","expansao_j","2025-12-12 05:16:04","","","","","","","","","","","","","","","","","","","","","","","","","","","","","","","","","","","","","","","","","","","","","","","","","","","","","","","","","","","","","","","","","","","","","","","","","","","","","","","","","","","","","","","","","","","","","","","","","","","","","","","","","",""
"Google Suggest","sugestao","cripto","cripto jogo online","558.0","br","chrome","web","expansao_j","2025-12-12 05:16:04","","","","","","","","","","","","","","","","","","","","","","","","","","","","","","","","","","","","","","","","","","","","","","","","","","","","","","","","","","","","","","","","","","","","","","","","","","","","","","","","","","","","","","","","","","","","","","","","","","","","","","","","","",""
"Google Suggest","sugestao","cripto","crypto jupiter","557.0","br","chrome","web","expansao_j","2025-12-12 05:16:04","","","","","","","","","","","","","","","","","","","","","","","","","","","","","","","","","","","","","","","","","","","","","","","","","","","","","","","","","","","","","","","","","","","","","","","","","","","","","","","","","","","","","","","","","","","","","","","","","","","","","","","","","",""
"Google Suggest","sugestao","cripto","cripto judeus","556.0","br","chrome","web","expansao_j","2025-12-12 05:16:04","","","","","","","","","","","","","","","","","","","","","","","","","","","","","","","","","","","","","","","","","","","","","","","","","","","","","","","","","","","","","","","","","","","","","","","","","","","","","","","","","","","","","","","","","","","","","","","","","","","","","","","","","",""
"Google Suggest","sugestao","cripto","cripto judaismo","555.0","br","chrome","web","expansao_j","2025-12-12 05:16:04","","","","","","","","","","","","","","","","","","","","","","","","","","","","","","","","","","","","","","","","","","","","","","","","","","","","","","","","","","","","","","","","","","","","","","","","","","","","","","","","","","","","","","","","","","","","","","","","","","","","","","","","","",""
"Google Suggest","sugestao","cripto","crypto kaspa","1250.0","br","chrome","web","expansao_k","2025-12-12 05:16:04","","","","","","","","","","","","","","","","","","","","","","","","","","","","","","","","","","","","","","","","","","","","","","","","","","","","","","","","","","","","","","","","","","","","","","","","","","","","","","","","","","","","","","","","","","","","","","","","","","","","","","","","","",""
"Google Suggest","sugestao","cripto","cripto kamino","750.0","br","chrome","web","expansao_k","2025-12-12 05:16:04","","","","","","","","","","","","","","","","","","","","","","","","","","","","","","","","","","","","","","","","","","","","","","","","","","","","","","","","","","","","","","","","","","","","","","","","","","","","","","","","","","","","","","","","","","","","","","","","","","","","","","","","","",""
"Google Suggest","sugestao","cripto","cripto kite","602.0","br","chrome","web","expansao_k","2025-12-12 05:16:04","","","","","","","","","","","","","","","","","","","","","","","","","","","","","","","","","","","","","","","","","","","","","","","","","","","","","","","","","","","","","","","","","","","","","","","","","","","","","","","","","","","","","","","","","","","","","","","","","","","","","","","","","",""
"Google Suggest","sugestao","cripto","cripto kda","601.0","br","chrome","web","expansao_k","2025-12-12 05:16:04","","","","","","","","","","","","","","","","","","","","","","","","","","","","","","","","","","","","","","","","","","","","","","","","","","","","","","","","","","","","","","","","","","","","","","","","","","","","","","","","","","","","","","","","","","","","","","","","","","","","","","","","","",""
"Google Suggest","sugestao","cripto","crypto key","600.0","br","chrome","web","expansao_k","2025-12-12 05:16:04","","","","","","","","","","","","","","","","","","","","","","","","","","","","","","","","","","","","","","","","","","","","","","","","","","","","","","","","","","","","","","","","","","","","","","","","","","","","","","","","","","","","","","","","","","","","","","","","","","","","","","","","","",""
"Google Suggest","sugestao","cripto","cripto kava","559.0","br","chrome","web","expansao_k","2025-12-12 05:16:04","","","","","","","","","","","","","","","","","","","","","","","","","","","","","","","","","","","","","","","","","","","","","","","","","","","","","","","","","","","","","","","","","","","","","","","","","","","","","","","","","","","","","","","","","","","","","","","","","","","","","","","","","",""
"Google Suggest","sugestao","cripto","cripto kotai","558.0","br","chrome","web","expansao_k","2025-12-12 05:16:04","","","","","","","","","","","","","","","","","","","","","","","","","","","","","","","","","","","","","","","","","","","","","","","","","","","","","","","","","","","","","","","","","","","","","","","","","","","","","","","","","","","","","","","","","","","","","","","","","","","","","","","","","",""
"Google Suggest","sugestao","cripto","cripto kast","557.0","br","chrome","web","expansao_k","2025-12-12 05:16:04","","","","","","","","","","","","","","","","","","","","","","","","","","","","","","","","","","","","","","","","","","","","","","","","","","","","","","","","","","","","","","","","","","","","","","","","","","","","","","","","","","","","","","","","","","","","","","","","","","","","","","","","","",""
"Google Suggest","sugestao","cripto","crypto key generate rsa modulus 1024","556.0","br","chrome","web","expansao_k","2025-12-12 05:16:04","","","","","","","","","","","","","","","","","","","","","","","","","","","","","","","","","","","","","","","","","","","","","","","","","","","","","","","","","","","","","","","","","","","","","","","","","","","","","","","","","","","","","","","","","","","","","","","","","","","","","","","","","",""
"Google Suggest","sugestao","cripto","cripto kadena","555.0","br","chrome","web","expansao_k","2025-12-12 05:16:04","","","","","","","","","","","","","","","","","","","","","","","","","","","","","","","","","","","","","","","","","","","","","","","","","","","","","","","","","","","","","","","","","","","","","","","","","","","","","","","","","","","","","","","","","","","","","","","","","","","","","","","","","",""
"Google Suggest","sugestao","cripto","cripto lastreada em ouro","1251.0","br","chrome","web","expansao_l","2025-12-12 05:16:04","","","","","","","","","","","","","","","","","","","","","","","","","","","","","","","","","","","","","","","","","","","","","","","","","","","","","","","","","","","","","","","","","","","","","","","","","","","","","","","","","","","","","","","","","","","","","","","","","","","","","","","","","",""
"Google Suggest","sugestao","cripto","cripto linea","1250.0","br","chrome","web","expansao_l","2025-12-12 05:16:04","","","","","","","","","","","","","","","","","","","","","","","","","","","","","","","","","","","","","","","","","","","","","","","","","","","","","","","","","","","","","","","","","","","","","","","","","","","","","","","","","","","","","","","","","","","","","","","","","","","","","","","","","",""
"Google Suggest","sugestao","cripto","cripto link","1150.0","br","chrome","web","expansao_l","2025-12-12 05:16:04","","","","","","","","","","","","","","","","","","","","","","","","","","","","","","","","","","","","","","","","","","","","","","","","","","","","","","","","","","","","","","","","","","","","","","","","","","","","","","","","","","","","","","","","","","","","","","","","","","","","","","","","","",""
"Google Suggest","sugestao","cripto","cripto litecoin","602.0","br","chrome","web","expansao_l","2025-12-12 05:16:04","","","","","","","","","","","","","","","","","","","","","","","","","","","","","","","","","","","","","","","","","","","","","","","","","","","","","","","","","","","","","","","","","","","","","","","","","","","","","","","","","","","","","","","","","","","","","","","","","","","","","","","","","",""
"Google Suggest","sugestao","cripto","cripto lastreada em prata","601.0","br","chrome","web","expansao_l","2025-12-12 05:16:04","","","","","","","","","","","","","","","","","","","","","","","","","","","","","","","","","","","","","","","","","","","","","","","","","","","","","","","","","","","","","","","","","","","","","","","","","","","","","","","","","","","","","","","","","","","","","","","","","","","","","","","","","",""
"Google Suggest","sugestao","cripto","cripto lido","558.0","br","chrome","web","expansao_l","2025-12-12 05:16:04","","","","","","","","","","","","","","","","","","","","","","","","","","","","","","","","","","","","","","","","","","","","","","","","","","","","","","","","","","","","","","","","","","","","","","","","","","","","","","","","","","","","","","","","","","","","","","","","","","","","","","","","","",""
"Google Suggest","sugestao","cripto","cripto lobo","557.0","br","chrome","web","expansao_l","2025-12-12 05:16:04","","","","","","","","","","","","","","","","","","","","","","","","","","","","","","","","","","","","","","","","","","","","","","","","","","","","","","","","","","","","","","","","","","","","","","","","","","","","","","","","","","","","","","","","","","","","","","","","","","","","","","","","","",""
"Google Suggest","sugestao","cripto","cripto luna","556.0","br","chrome","web","expansao_l","2025-12-12 05:16:04","","","","","","","","","","","","","","","","","","","","","","","","","","","","","","","","","","","","","","","","","","","","","","","","","","","","","","","","","","","","","","","","","","","","","","","","","","","","","","","","","","","","","","","","","","","","","","","","","","","","","","","","","",""
"Google Suggest","sugestao","cripto","cripto lunc","555.0","br","chrome","web","expansao_l","2025-12-12 05:16:04","","","","","","","","","","","","","","","","","","","","","","","","","","","","","","","","","","","","","","","","","","","","","","","","","","","","","","","","","","","","","","","","","","","","","","","","","","","","","","","","","","","","","","","","","","","","","","","","","","","","","","","","","",""
"Google Suggest","sugestao","cripto","crypto moto","602.0","br","chrome","web","expansao_m","2025-12-12 05:16:04","","","","","","","","","","","","","","","","","","","","","","","","","","","","","","","","","","","","","","","","","","","","","","","","","","","","","","","","","","","","","","","","","","","","","","","","","","","","","","","","","","","","","","","","","","","","","","","","","","","","","","","","","",""
"Google Suggest","sugestao","cripto","cripto moeda brasileira","601.0","br","chrome","web","expansao_m","2025-12-12 05:16:04","","","","","","","","","","","","","","","","","","","","","","","","","","","","","","","","","","","","","","","","","","","","","","","","","","","","","","","","","","","","","","","","","","","","","","","","","","","","","","","","","","","","","","","","","","","","","","","","","","","","","","","","","",""
"Google Suggest","sugestao","cripto","cripto mkr","600.0","br","chrome","web","expansao_m","2025-12-12 05:16:04","","","","","","","","","","","","","","","","","","","","","","","","","","","","","","","","","","","","","","","","","","","","","","","","","","","","","","","","","","","","","","","","","","","","","","","","","","","","","","","","","","","","","","","","","","","","","","","","","","","","","","","","","",""
"Google Suggest","sugestao","cripto","cripto monero","558.0","br","chrome","web","expansao_m","2025-12-12 05:16:04","","","","","","","","","","","","","","","","","","","","","","","","","","","","","","","","","","","","","","","","","","","","","","","","","","","","","","","","","","","","","","","","","","","","","","","","","","","","","","","","","","","","","","","","","","","","","","","","","","","","","","","","","",""
"Google Suggest","sugestao","cripto","cripto mais promissoras","557.0","br","chrome","web","expansao_m","2025-12-12 05:16:04","","","","","","","","","","","","","","","","","","","","","","","","","","","","","","","","","","","","","","","","","","","","","","","","","","","","","","","","","","","","","","","","","","","","","","","","","","","","","","","","","","","","","","","","","","","","","","","","","","","","","","","","","",""
"Google Suggest","sugestao","cripto","cripto moeda chinesa","556.0","br","chrome","web","expansao_m","2025-12-12 05:16:04","","","","","","","","","","","","","","","","","","","","","","","","","","","","","","","","","","","","","","","","","","","","","","","","","","","","","","","","","","","","","","","","","","","","","","","","","","","","","","","","","","","","","","","","","","","","","","","","","","","","","","","","","",""
"Google Suggest","sugestao","cripto","crypto market","555.0","br","chrome","web","expansao_m","2025-12-12 05:16:04","","","","","","","","","","","","","","","","","","","","","","","","","","","","","","","","","","","","","","","","","","","","","","","","","","","","","","","","","","","","","","","","","","","","","","","","","","","","","","","","","","","","","","","","","","","","","","","","","","","","","","","","","",""
"Google Suggest","sugestao","cripto","cripto noticias","1000.0","br","chrome","web","expansao_n","2025-12-12 05:16:04","","","","","","","","","","","","","","","","","","","","","","","","","","","","","","","","","","","","","","","","","","","","","","","","","","","","","","","","","","","","","","","","","","","","","","","","","","","","","","","","","","","","","","","","","","","","","","","","","","","","","","","","","",""
"Google Suggest","sugestao","cripto","cripto nubank","951.0","br","chrome","web","expansao_n","2025-12-12 05:16:04","","","","","","","","","","","","","","","","","","","","","","","","","","","","","","","","","","","","","","","","","","","","","","","","","","","","","","","","","","","","","","","","","","","","","","","","","","","","","","","","","","","","","","","","","","","","","","","","","","","","","","","","","",""
"Google Suggest","sugestao","cripto","crypto news","950.0","br","chrome","web","expansao_n","2025-12-12 05:16:04","","","","","","","","","","","","","","","","","","","","","","","","","","","","","","","","","","","","","","","","","","","","","","","","","","","","","","","","","","","","","","","","","","","","","","","","","","","","","","","","","","","","","","","","","","","","","","","","","","","","","","","","","",""
"Google Suggest","sugestao","cripto","cripto nft","601.0","br","chrome","web","expansao_n","2025-12-12 05:16:04","","","","","","","","","","","","","","","","","","","","","","","","","","","","","","","","","","","","","","","","","","","","","","","","","","","","","","","","","","","","","","","","","","","","","","","","","","","","","","","","","","","","","","","","","","","","","","","","","","","","","","","","","",""
"Google Suggest","sugestao","cripto","cripto no bolso","600.0","br","chrome","web","expansao_n","2025-12-12 05:16:04","","","","","","","","","","","","","","","","","","","","","","","","","","","","","","","","","","","","","","","","","","","","","","","","","","","","","","","","","","","","","","","","","","","","","","","","","","","","","","","","","","","","","","","","","","","","","","","","","","","","","","","","","",""
"Google Suggest","sugestao","cripto","cripto nubank vale a pena","558.0","br","chrome","web","expansao_n","2025-12-12 05:16:04","","","","","","","","","","","","","","","","","","","","","","","","","","","","","","","","","","","","","","","","","","","","","","","","","","","","","","","","","","","","","","","","","","","","","","","","","","","","","","","","","","","","","","","","","","","","","","","","","","","","","","","","","",""
"Google Suggest","sugestao","cripto","cripto nova","557.0","br","chrome","web","expansao_n","2025-12-12 05:16:04","","","","","","","","","","","","","","","","","","","","","","","","","","","","","","","","","","","","","","","","","","","","","","","","","","","","","","","","","","","","","","","","","","","","","","","","","","","","","","","","","","","","","","","","","","","","","","","","","","","","","","","","","",""
"Google Suggest","sugestao","cripto","cripto na real","556.0","br","chrome","web","expansao_n","2025-12-12 05:16:04","","","","","","","","","","","","","","","","","","","","","","","","","","","","","","","","","","","","","","","","","","","","","","","","","","","","","","","","","","","","","","","","","","","","","","","","","","","","","","","","","","","","","","","","","","","","","","","","","","","","","","","","","",""
"Google Suggest","sugestao","cripto","crypto near","555.0","br","chrome","web","expansao_n","2025-12-12 05:16:04","","","","","","","","","","","","","","","","","","","","","","","","","","","","","","","","","","","","","","","","","","","","","","","","","","","","","","","","","","","","","","","","","","","","","","","","","","","","","","","","","","","","","","","","","","","","","","","","","","","","","","","","","",""
"Google Suggest","sugestao","cripto","cripto ouro","1150.0","br","chrome","web","expansao_o","2025-12-12 05:16:04","","","","","","","","","","","","","","","","","","","","","","","","","","","","","","","","","","","","","","","","","","","","","","","","","","","","","","","","","","","","","","","","","","","","","","","","","","","","","","","","","","","","","","","","","","","","","","","","","","","","","","","","","",""
"Google Suggest","sugestao","cripto","cripto ou crypto","603.0","br","chrome","web","expansao_o","2025-12-12 05:16:04","","","","","","","","","","","","","","","","","","","","","","","","","","","","","","","","","","","","","","","","","","","","","","","","","","","","","","","","","","","","","","","","","","","","","","","","","","","","","","","","","","","","","","","","","","","","","","","","","","","","","","","","","",""
"Google Suggest","sugestao","cripto","cripto ondo","602.0","br","chrome","web","expansao_o","2025-12-12 05:16:04","","","","","","","","","","","","","","","","","","","","","","","","","","","","","","","","","","","","","","","","","","","","","","","","","","","","","","","","","","","","","","","","","","","","","","","","","","","","","","","","","","","","","","","","","","","","","","","","","","","","","","","","","",""
"Google Suggest","sugestao","cripto","krypto o supercão","601.0","br","chrome","web","expansao_o","2025-12-12 05:16:04","","","","","","","","","","","","","","","","","","","","","","","","","","","","","","","","","","","","","","","","","","","","","","","","","","","","","","","","","","","","","","","","","","","","","","","","","","","","","","","","","","","","","","","","","","","","","","","","","","","","","","","","","",""
"Google Suggest","sugestao","cripto","crypto order","600.0","br","chrome","web","expansao_o","2025-12-12 05:16:04","","","","","","","","","","","","","","","","","","","","","","","","","","","","","","","","","","","","","","","","","","","","","","","","","","","","","","","","","","","","","","","","","","","","","","","","","","","","","","","","","","","","","","","","","","","","","","","","","","","","","","","","","",""
"Google Suggest","sugestao","cripto","cripto okb","559.0","br","chrome","web","expansao_o","2025-12-12 05:16:04","","","","","","","","","","","","","","","","","","","","","","","","","","","","","","","","","","","","","","","","","","","","","","","","","","","","","","","","","","","","","","","","","","","","","","","","","","","","","","","","","","","","","","","","","","","","","","","","","","","","","","","","","",""
"Google Suggest","sugestao","cripto","cripto o que é","558.0","br","chrome","web","expansao_o","2025-12-12 05:16:04","","","","","","","","","","","","","","","","","","","","","","","","","","","","","","","","","","","","","","","","","","","","","","","","","","","","","","","","","","","","","","","","","","","","","","","","","","","","","","","","","","","","","","","","","","","","","","","","","","","","","","","","","",""
"Google Suggest","sugestao","cripto","cripto og","557.0","br","chrome","web","expansao_o","2025-12-12 05:16:04","","","","","","","","","","","","","","","","","","","","","","","","","","","","","","","","","","","","","","","","","","","","","","","","","","","","","","","","","","","","","","","","","","","","","","","","","","","","","","","","","","","","","","","","","","","","","","","","","","","","","","","","","",""
"Google Suggest","sugestao","cripto","cripto o que significa","556.0","br","chrome","web","expansao_o","2025-12-12 05:16:04","","","","","","","","","","","","","","","","","","","","","","","","","","","","","","","","","","","","","","","","","","","","","","","","","","","","","","","","","","","","","","","","","","","","","","","","","","","","","","","","","","","","","","","","","","","","","","","","","","","","","","","","","",""
"Google Suggest","sugestao","cripto","cripto ouro binance","555.0","br","chrome","web","expansao_o","2025-12-12 05:16:04","","","","","","","","","","","","","","","","","","","","","","","","","","","","","","","","","","","","","","","","","","","","","","","","","","","","","","","","","","","","","","","","","","","","","","","","","","","","","","","","","","","","","","","","","","","","","","","","","","","","","","","","","",""
"Google Suggest","sugestao","cripto","cripto polygon","951.0","br","chrome","web","expansao_p","2025-12-12 05:16:04","","","","","","","","","","","","","","","","","","","","","","","","","","","","","","","","","","","","","","","","","","","","","","","","","","","","","","","","","","","","","","","","","","","","","","","","","","","","","","","","","","","","","","","","","","","","","","","","","","","","","","","","","",""
"Google Suggest","sugestao","cripto","cripto pepe","950.0","br","chrome","web","expansao_p","2025-12-12 05:16:04","","","","","","","","","","","","","","","","","","","","","","","","","","","","","","","","","","","","","","","","","","","","","","","","","","","","","","","","","","","","","","","","","","","","","","","","","","","","","","","","","","","","","","","","","","","","","","","","","","","","","","","","","",""
"Google Suggest","sugestao","cripto","cripto pix","601.0","br","chrome","web","expansao_p","2025-12-12 05:16:04","","","","","","","","","","","","","","","","","","","","","","","","","","","","","","","","","","","","","","","","","","","","","","","","","","","","","","","","","","","","","","","","","","","","","","","","","","","","","","","","","","","","","","","","","","","","","","","","","","","","","","","","","",""
"Google Suggest","sugestao","cripto","cripto promissora","600.0","br","chrome","web","expansao_p","2025-12-12 05:16:04","","","","","","","","","","","","","","","","","","","","","","","","","","","","","","","","","","","","","","","","","","","","","","","","","","","","","","","","","","","","","","","","","","","","","","","","","","","","","","","","","","","","","","","","","","","","","","","","","","","","","","","","","",""
"Google Suggest","sugestao","cripto","cripto para comprar hoje","560.0","br","chrome","web","expansao_p","2025-12-12 05:16:04","","","","","","","","","","","","","","","","","","","","","","","","","","","","","","","","","","","","","","","","","","","","","","","","","","","","","","","","","","","","","","","","","","","","","","","","","","","","","","","","","","","","","","","","","","","","","","","","","","","","","","","","","",""
"Google Suggest","sugestao","cripto","cripto palavras cruzadas","559.0","br","chrome","web","expansao_p","2025-12-12 05:16:04","","","","","","","","","","","","","","","","","","","","","","","","","","","","","","","","","","","","","","","","","","","","","","","","","","","","","","","","","","","","","","","","","","","","","","","","","","","","","","","","","","","","","","","","","","","","","","","","","","","","","","","","","",""
"Google Suggest","sugestao","cripto","crypto pod","558.0","br","chrome","web","expansao_p","2025-12-12 05:16:04","","","","","","","","","","","","","","","","","","","","","","","","","","","","","","","","","","","","","","","","","","","","","","","","","","","","","","","","","","","","","","","","","","","","","","","","","","","","","","","","","","","","","","","","","","","","","","","","","","","","","","","","","",""
"Google Suggest","sugestao","cripto","cryptopanic","557.0","br","chrome","web","expansao_p","2025-12-12 05:16:04","","","","","","","","","","","","","","","","","","","","","","","","","","","","","","","","","","","","","","","","","","","","","","","","","","","","","","","","","","","","","","","","","","","","","","","","","","","","","","","","","","","","","","","","","","","","","","","","","","","","","","","","","",""
"Google Suggest","sugestao","cripto","cripto passatempo","556.0","br","chrome","web","expansao_p","2025-12-12 05:16:04","","","","","","","","","","","","","","","","","","","","","","","","","","","","","","","","","","","","","","","","","","","","","","","","","","","","","","","","","","","","","","","","","","","","","","","","","","","","","","","","","","","","","","","","","","","","","","","","","","","","","","","","","",""
"Google Suggest","sugestao","cripto","cripto polkadot","555.0","br","chrome","web","expansao_p","2025-12-12 05:16:04","","","","","","","","","","","","","","","","","","","","","","","","","","","","","","","","","","","","","","","","","","","","","","","","","","","","","","","","","","","","","","","","","","","","","","","","","","","","","","","","","","","","","","","","","","","","","","","","","","","","","","","","","",""
"Google Suggest","sugestao","cripto","cripto que mais subiu hoje","1200.0","br","chrome","web","expansao_q","2025-12-12 05:16:04","","","","","","","","","","","","","","","","","","","","","","","","","","","","","","","","","","","","","","","","","","","","","","","","","","","","","","","","","","","","","","","","","","","","","","","","","","","","","","","","","","","","","","","","","","","","","","","","","","","","","","","","","",""
"Google Suggest","sugestao","cripto","cripto que mais valorizou em 2025","1050.0","br","chrome","web","expansao_q","2025-12-12 05:16:04","","","","","","","","","","","","","","","","","","","","","","","","","","","","","","","","","","","","","","","","","","","","","","","","","","","","","","","","","","","","","","","","","","","","","","","","","","","","","","","","","","","","","","","","","","","","","","","","","","","","","","","","","",""
"Google Suggest","sugestao","cripto","cripto qubt","602.0","br","chrome","web","expansao_q","2025-12-12 05:16:04","","","","","","","","","","","","","","","","","","","","","","","","","","","","","","","","","","","","","","","","","","","","","","","","","","","","","","","","","","","","","","","","","","","","","","","","","","","","","","","","","","","","","","","","","","","","","","","","","","","","","","","","","",""
"Google Suggest","sugestao","cripto","cripto que pode explodir","601.0","br","chrome","web","expansao_q","2025-12-12 05:16:04","","","","","","","","","","","","","","","","","","","","","","","","","","","","","","","","","","","","","","","","","","","","","","","","","","","","","","","","","","","","","","","","","","","","","","","","","","","","","","","","","","","","","","","","","","","","","","","","","","","","","","","","","",""
"Google Suggest","sugestao","cripto","cripto que mais valorizou","600.0","br","chrome","web","expansao_q","2025-12-12 05:16:04","","","","","","","","","","","","","","","","","","","","","","","","","","","","","","","","","","","","","","","","","","","","","","","","","","","","","","","","","","","","","","","","","","","","","","","","","","","","","","","","","","","","","","","","","","","","","","","","","","","","","","","","","",""
"Google Suggest","sugestao","cripto","cryptoquant","559.0","br","chrome","web","expansao_q","2025-12-12 05:16:04","","","","","","","","","","","","","","","","","","","","","","","","","","","","","","","","","","","","","","","","","","","","","","","","","","","","","","","","","","","","","","","","","","","","","","","","","","","","","","","","","","","","","","","","","","","","","","","","","","","","","","","","","",""
"Google Suggest","sugestao","cripto","cripto quanto","557.0","br","chrome","web","expansao_q","2025-12-12 05:16:04","","","","","","","","","","","","","","","","","","","","","","","","","","","","","","","","","","","","","","","","","","","","","","","","","","","","","","","","","","","","","","","","","","","","","","","","","","","","","","","","","","","","","","","","","","","","","","","","","","","","","","","","","",""
"Google Suggest","sugestao","cripto","cripto que vai explodir","556.0","br","chrome","web","expansao_q","2025-12-12 05:16:04","","","","","","","","","","","","","","","","","","","","","","","","","","","","","","","","","","","","","","","","","","","","","","","","","","","","","","","","","","","","","","","","","","","","","","","","","","","","","","","","","","","","","","","","","","","","","","","","","","","","","","","","","",""
"Google Suggest","sugestao","cripto","cripto quantica","555.0","br","chrome","web","expansao_q","2025-12-12 05:16:04","","","","","","","","","","","","","","","","","","","","","","","","","","","","","","","","","","","","","","","","","","","","","","","","","","","","","","","","","","","","","","","","","","","","","","","","","","","","","","","","","","","","","","","","","","","","","","","","","","","","","","","","","",""
"Google Suggest","sugestao","cripto","crypto rank","1250.0","br","chrome","web","expansao_r","2025-12-12 05:16:04","","","","","","","","","","","","","","","","","","","","","","","","","","","","","","","","","","","","","","","","","","","","","","","","","","","","","","","","","","","","","","","","","","","","","","","","","","","","","","","","","","","","","","","","","","","","","","","","","","","","","","","","","",""
"Google Suggest","sugestao","cripto","cripto rosa risque","700.0","br","chrome","web","expansao_r","2025-12-12 05:16:04","","","","","","","","","","","","","","","","","","","","","","","","","","","","","","","","","","","","","","","","","","","","","","","","","","","","","","","","","","","","","","","","","","","","","","","","","","","","","","","","","","","","","","","","","","","","","","","","","","","","","","","","","",""
"Google Suggest","sugestao","cripto","cripto rosa","601.0","br","chrome","web","expansao_r","2025-12-12 05:16:04","","","","","","","","","","","","","","","","","","","","","","","","","","","","","","","","","","","","","","","","","","","","","","","","","","","","","","","","","","","","","","","","","","","","","","","","","","","","","","","","","","","","","","","","","","","","","","","","","","","","","","","","","",""
"Google Suggest","sugestao","cripto","cripto ripple","600.0","br","chrome","web","expansao_r","2025-12-12 05:16:04","","","","","","","","","","","","","","","","","","","","","","","","","","","","","","","","","","","","","","","","","","","","","","","","","","","","","","","","","","","","","","","","","","","","","","","","","","","","","","","","","","","","","","","","","","","","","","","","","","","","","","","","","",""
"Google Suggest","sugestao","cripto","cripto revista","560.0","br","chrome","web","expansao_r","2025-12-12 05:16:04","","","","","","","","","","","","","","","","","","","","","","","","","","","","","","","","","","","","","","","","","","","","","","","","","","","","","","","","","","","","","","","","","","","","","","","","","","","","","","","","","","","","","","","","","","","","","","","","","","","","","","","","","",""
"Google Suggest","sugestao","cripto","crypto real","559.0","br","chrome","web","expansao_r","2025-12-12 05:16:04","","","","","","","","","","","","","","","","","","","","","","","","","","","","","","","","","","","","","","","","","","","","","","","","","","","","","","","","","","","","","","","","","","","","","","","","","","","","","","","","","","","","","","","","","","","","","","","","","","","","","","","","","",""
"Google Suggest","sugestao","cripto","cripto rtx","558.0","br","chrome","web","expansao_r","2025-12-12 05:16:04","","","","","","","","","","","","","","","","","","","","","","","","","","","","","","","","","","","","","","","","","","","","","","","","","","","","","","","","","","","","","","","","","","","","","","","","","","","","","","","","","","","","","","","","","","","","","","","","","","","","","","","","","",""
"Google Suggest","sugestao","cripto","crypto rasta","557.0","br","chrome","web","expansao_r","2025-12-12 05:16:04","","","","","","","","","","","","","","","","","","","","","","","","","","","","","","","","","","","","","","","","","","","","","","","","","","","","","","","","","","","","","","","","","","","","","","","","","","","","","","","","","","","","","","","","","","","","","","","","","","","","","","","","","",""
"Google Suggest","sugestao","cripto","crypto royale","556.0","br","chrome","web","expansao_r","2025-12-12 05:16:04","","","","","","","","","","","","","","","","","","","","","","","","","","","","","","","","","","","","","","","","","","","","","","","","","","","","","","","","","","","","","","","","","","","","","","","","","","","","","","","","","","","","","","","","","","","","","","","","","","","","","","","","","",""
"Google Suggest","sugestao","cripto","crypto reddit","555.0","br","chrome","web","expansao_r","2025-12-12 05:16:04","","","","","","","","","","","","","","","","","","","","","","","","","","","","","","","","","","","","","","","","","","","","","","","","","","","","","","","","","","","","","","","","","","","","","","","","","","","","","","","","","","","","","","","","","","","","","","","","","","","","","","","","","",""
"Google Suggest","sugestao","cripto","cripto solana","1250.0","br","chrome","web","expansao_s","2025-12-12 05:16:04","","","","","","","","","","","","","","","","","","","","","","","","","","","","","","","","","","","","","","","","","","","","","","","","","","","","","","","","","","","","","","","","","","","","","","","","","","","","","","","","","","","","","","","","","","","","","","","","","","","","","","","","","",""
"Google Suggest","sugestao","cripto","cripto significado","604.0","br","chrome","web","expansao_s","2025-12-12 05:16:04","","","","","","","","","","","","","","","","","","","","","","","","","","","","","","","","","","","","","","","","","","","","","","","","","","","","","","","","","","","","","","","","","","","","","","","","","","","","","","","","","","","","","","","","","","","","","","","","","","","","","","","","","",""
"Google Suggest","sugestao","cripto","cripto supercão","603.0","br","chrome","web","expansao_s","2025-12-12 05:16:04","","","","","","","","","","","","","","","","","","","","","","","","","","","","","","","","","","","","","","","","","","","","","","","","","","","","","","","","","","","","","","","","","","","","","","","","","","","","","","","","","","","","","","","","","","","","","","","","","","","","","","","","","",""
"Google Suggest","sugestao","cripto","cripto sui","602.0","br","chrome","web","expansao_s","2025-12-12 05:16:04","","","","","","","","","","","","","","","","","","","","","","","","","","","","","","","","","","","","","","","","","","","","","","","","","","","","","","","","","","","","","","","","","","","","","","","","","","","","","","","","","","","","","","","","","","","","","","","","","","","","","","","","","",""
"Google Suggest","sugestao","cripto","cripto sky","601.0","br","chrome","web","expansao_s","2025-12-12 05:16:04","","","","","","","","","","","","","","","","","","","","","","","","","","","","","","","","","","","","","","","","","","","","","","","","","","","","","","","","","","","","","","","","","","","","","","","","","","","","","","","","","","","","","","","","","","","","","","","","","","","","","","","","","",""
"Google Suggest","sugestao","cripto","cripto supercão desenho","600.0","br","chrome","web","expansao_s","2025-12-12 05:16:04","","","","","","","","","","","","","","","","","","","","","","","","","","","","","","","","","","","","","","","","","","","","","","","","","","","","","","","","","","","","","","","","","","","","","","","","","","","","","","","","","","","","","","","","","","","","","","","","","","","","","","","","","",""
"Google Suggest","sugestao","cripto","cripto stellar","558.0","br","chrome","web","expansao_s","2025-12-12 05:16:04","","","","","","","","","","","","","","","","","","","","","","","","","","","","","","","","","","","","","","","","","","","","","","","","","","","","","","","","","","","","","","","","","","","","","","","","","","","","","","","","","","","","","","","","","","","","","","","","","","","","","","","","","",""
"Google Suggest","sugestao","cripto","krypto superman","557.0","br","chrome","web","expansao_s","2025-12-12 05:16:04","","","","","","","","","","","","","","","","","","","","","","","","","","","","","","","","","","","","","","","","","","","","","","","","","","","","","","","","","","","","","","","","","","","","","","","","","","","","","","","","","","","","","","","","","","","","","","","","","","","","","","","","","",""
"Google Suggest","sugestao","cripto","cripto sei","556.0","br","chrome","web","expansao_s","2025-12-12 05:16:04","","","","","","","","","","","","","","","","","","","","","","","","","","","","","","","","","","","","","","","","","","","","","","","","","","","","","","","","","","","","","","","","","","","","","","","","","","","","","","","","","","","","","","","","","","","","","","","","","","","","","","","","","",""
"Google Suggest","sugestao","cripto","cripto solana grafico","555.0","br","chrome","web","expansao_s","2025-12-12 05:16:04","","","","","","","","","","","","","","","","","","","","","","","","","","","","","","","","","","","","","","","","","","","","","","","","","","","","","","","","","","","","","","","","","","","","","","","","","","","","","","","","","","","","","","","","","","","","","","","","","","","","","","","","","",""
"Google Suggest","sugestao","cripto","cryptotab","900.0","br","chrome","web","expansao_t","2025-12-12 05:16:04","","","","","","","","","","","","","","","","","","","","","","","","","","","","","","","","","","","","","","","","","","","","","","","","","","","","","","","","","","","","","","","","","","","","","","","","","","","","","","","","","","","","","","","","","","","","","","","","","","","","","","","","","",""
"Google Suggest","sugestao","cripto","cripto tron","601.0","br","chrome","web","expansao_t","2025-12-12 05:16:04","","","","","","","","","","","","","","","","","","","","","","","","","","","","","","","","","","","","","","","","","","","","","","","","","","","","","","","","","","","","","","","","","","","","","","","","","","","","","","","","","","","","","","","","","","","","","","","","","","","","","","","","","",""
"Google Suggest","sugestao","cripto","crypto trump","600.0","br","chrome","web","expansao_t","2025-12-12 05:16:04","","","","","","","","","","","","","","","","","","","","","","","","","","","","","","","","","","","","","","","","","","","","","","","","","","","","","","","","","","","","","","","","","","","","","","","","","","","","","","","","","","","","","","","","","","","","","","","","","","","","","","","","","",""
"Google Suggest","sugestao","cripto","cripto tether","561.0","br","chrome","web","expansao_t","2025-12-12 05:16:04","","","","","","","","","","","","","","","","","","","","","","","","","","","","","","","","","","","","","","","","","","","","","","","","","","","","","","","","","","","","","","","","","","","","","","","","","","","","","","","","","","","","","","","","","","","","","","","","","","","","","","","","","",""
"Google Suggest","sugestao","cripto","cripto trx","560.0","br","chrome","web","expansao_t","2025-12-12 05:16:04","","","","","","","","","","","","","","","","","","","","","","","","","","","","","","","","","","","","","","","","","","","","","","","","","","","","","","","","","","","","","","","","","","","","","","","","","","","","","","","","","","","","","","","","","","","","","","","","","","","","","","","","","",""
"Google Suggest","sugestao","cripto","cripto turbo","559.0","br","chrome","web","expansao_t","2025-12-12 05:16:04","","","","","","","","","","","","","","","","","","","","","","","","","","","","","","","","","","","","","","","","","","","","","","","","","","","","","","","","","","","","","","","","","","","","","","","","","","","","","","","","","","","","","","","","","","","","","","","","","","","","","","","","","",""
"Google Suggest","sugestao","cripto","crypto trader","558.0","br","chrome","web","expansao_t","2025-12-12 05:16:04","","","","","","","","","","","","","","","","","","","","","","","","","","","","","","","","","","","","","","","","","","","","","","","","","","","","","","","","","","","","","","","","","","","","","","","","","","","","","","","","","","","","","","","","","","","","","","","","","","","","","","","","","",""
"Google Suggest","sugestao","cripto","cripto tao","557.0","br","chrome","web","expansao_t","2025-12-12 05:16:04","","","","","","","","","","","","","","","","","","","","","","","","","","","","","","","","","","","","","","","","","","","","","","","","","","","","","","","","","","","","","","","","","","","","","","","","","","","","","","","","","","","","","","","","","","","","","","","","","","","","","","","","","",""
"Google Suggest","sugestao","cripto","cripto ton","556.0","br","chrome","web","expansao_t","2025-12-12 05:16:04","","","","","","","","","","","","","","","","","","","","","","","","","","","","","","","","","","","","","","","","","","","","","","","","","","","","","","","","","","","","","","","","","","","","","","","","","","","","","","","","","","","","","","","","","","","","","","","","","","","","","","","","","",""
"Google Suggest","sugestao","cripto","cripto tut","555.0","br","chrome","web","expansao_t","2025-12-12 05:16:04","","","","","","","","","","","","","","","","","","","","","","","","","","","","","","","","","","","","","","","","","","","","","","","","","","","","","","","","","","","","","","","","","","","","","","","","","","","","","","","","","","","","","","","","","","","","","","","","","","","","","","","","","",""
"Google Suggest","sugestao","cripto","cripto usdc","1252.0","br","chrome","web","expansao_u","2025-12-12 05:16:04","","","","","","","","","","","","","","","","","","","","","","","","","","","","","","","","","","","","","","","","","","","","","","","","","","","","","","","","","","","","","","","","","","","","","","","","","","","","","","","","","","","","","","","","","","","","","","","","","","","","","","","","","",""
"Google Suggest","sugestao","cripto","cripto uniswap","1251.0","br","chrome","web","expansao_u","2025-12-12 05:16:04","","","","","","","","","","","","","","","","","","","","","","","","","","","","","","","","","","","","","","","","","","","","","","","","","","","","","","","","","","","","","","","","","","","","","","","","","","","","","","","","","","","","","","","","","","","","","","","","","","","","","","","","","",""
"Google Suggest","sugestao","cripto","cripto usdt","1250.0","br","chrome","web","expansao_u","2025-12-12 05:16:04","","","","","","","","","","","","","","","","","","","","","","","","","","","","","","","","","","","","","","","","","","","","","","","","","","","","","","","","","","","","","","","","","","","","","","","","","","","","","","","","","","","","","","","","","","","","","","","","","","","","","","","","","",""
"Google Suggest","sugestao","cripto","cripto uni","850.0","br","chrome","web","expansao_u","2025-12-12 05:16:04","","","","","","","","","","","","","","","","","","","","","","","","","","","","","","","","","","","","","","","","","","","","","","","","","","","","","","","","","","","","","","","","","","","","","","","","","","","","","","","","","","","","","","","","","","","","","","","","","","","","","","","","","",""
"Google Suggest","sugestao","cripto","cripto usdc vale a pena","700.0","br","chrome","web","expansao_u","2025-12-12 05:16:04","","","","","","","","","","","","","","","","","","","","","","","","","","","","","","","","","","","","","","","","","","","","","","","","","","","","","","","","","","","","","","","","","","","","","","","","","","","","","","","","","","","","","","","","","","","","","","","","","","","","","","","","","",""
"Google Suggest","sugestao","cripto","cripto usdt vale a pena","601.0","br","chrome","web","expansao_u","2025-12-12 05:16:04","","","","","","","","","","","","","","","","","","","","","","","","","","","","","","","","","","","","","","","","","","","","","","","","","","","","","","","","","","","","","","","","","","","","","","","","","","","","","","","","","","","","","","","","","","","","","","","","","","","","","","","","","",""
"Google Suggest","sugestao","cripto","cripto usd","600.0","br","chrome","web","expansao_u","2025-12-12 05:16:04","","","","","","","","","","","","","","","","","","","","","","","","","","","","","","","","","","","","","","","","","","","","","","","","","","","","","","","","","","","","","","","","","","","","","","","","","","","","","","","","","","","","","","","","","","","","","","","","","","","","","","","","","",""
"Google Suggest","sugestao","cripto","crypto usual","557.0","br","chrome","web","expansao_u","2025-12-12 05:16:04","","","","","","","","","","","","","","","","","","","","","","","","","","","","","","","","","","","","","","","","","","","","","","","","","","","","","","","","","","","","","","","","","","","","","","","","","","","","","","","","","","","","","","","","","","","","","","","","","","","","","","","","","",""
"Google Suggest","sugestao","cripto","cripto ultimas noticias","556.0","br","chrome","web","expansao_u","2025-12-12 05:16:04","","","","","","","","","","","","","","","","","","","","","","","","","","","","","","","","","","","","","","","","","","","","","","","","","","","","","","","","","","","","","","","","","","","","","","","","","","","","","","","","","","","","","","","","","","","","","","","","","","","","","","","","","",""
"Google Suggest","sugestao","cripto","cripto uniswap hoje","555.0","br","chrome","web","expansao_u","2025-12-12 05:16:04","","","","","","","","","","","","","","","","","","","","","","","","","","","","","","","","","","","","","","","","","","","","","","","","","","","","","","","","","","","","","","","","","","","","","","","","","","","","","","","","","","","","","","","","","","","","","","","","","","","","","","","","","",""
"Google Suggest","sugestao","cripto","cripto vai subir","900.0","br","chrome","web","expansao_v","2025-12-12 05:16:04","","","","","","","","","","","","","","","","","","","","","","","","","","","","","","","","","","","","","","","","","","","","","","","","","","","","","","","","","","","","","","","","","","","","","","","","","","","","","","","","","","","","","","","","","","","","","","","","","","","","","","","","","",""
"Google Suggest","sugestao","cripto","cripto virtuals","700.0","br","chrome","web","expansao_v","2025-12-12 05:16:04","","","","","","","","","","","","","","","","","","","","","","","","","","","","","","","","","","","","","","","","","","","","","","","","","","","","","","","","","","","","","","","","","","","","","","","","","","","","","","","","","","","","","","","","","","","","","","","","","","","","","","","","","",""
"Google Suggest","sugestao","cripto","crypto vibe 20k","603.0","br","chrome","web","expansao_v","2025-12-12 05:16:04","","","","","","","","","","","","","","","","","","","","","","","","","","","","","","","","","","","","","","","","","","","","","","","","","","","","","","","","","","","","","","","","","","","","","","","","","","","","","","","","","","","","","","","","","","","","","","","","","","","","","","","","","",""
"Google Suggest","sugestao","cripto","cripto vista","602.0","br","chrome","web","expansao_v","2025-12-12 05:16:04","","","","","","","","","","","","","","","","","","","","","","","","","","","","","","","","","","","","","","","","","","","","","","","","","","","","","","","","","","","","","","","","","","","","","","","","","","","","","","","","","","","","","","","","","","","","","","","","","","","","","","","","","",""
"Google Suggest","sugestao","cripto","cripto vet","601.0","br","chrome","web","expansao_v","2025-12-12 05:16:04","","","","","","","","","","","","","","","","","","","","","","","","","","","","","","","","","","","","","","","","","","","","","","","","","","","","","","","","","","","","","","","","","","","","","","","","","","","","","","","","","","","","","","","","","","","","","","","","","","","","","","","","","",""
"Google Suggest","sugestao","cripto","crypto voucher","600.0","br","chrome","web","expansao_v","2025-12-12 05:16:04","","","","","","","","","","","","","","","","","","","","","","","","","","","","","","","","","","","","","","","","","","","","","","","","","","","","","","","","","","","","","","","","","","","","","","","","","","","","","","","","","","","","","","","","","","","","","","","","","","","","","","","","","",""
"Google Suggest","sugestao","cripto","crypto valor","558.0","br","chrome","web","expansao_v","2025-12-12 05:16:04","","","","","","","","","","","","","","","","","","","","","","","","","","","","","","","","","","","","","","","","","","","","","","","","","","","","","","","","","","","","","","","","","","","","","","","","","","","","","","","","","","","","","","","","","","","","","","","","","","","","","","","","","",""
"Google Suggest","sugestao","cripto","cripto valores","557.0","br","chrome","web","expansao_v","2025-12-12 05:16:04","","","","","","","","","","","","","","","","","","","","","","","","","","","","","","","","","","","","","","","","","","","","","","","","","","","","","","","","","","","","","","","","","","","","","","","","","","","","","","","","","","","","","","","","","","","","","","","","","","","","","","","","","",""
"Google Suggest","sugestao","cripto","cripto rwa","556.0","br","chrome","web","expansao_v","2025-12-12 05:16:04","","","","","","","","","","","","","","","","","","","","","","","","","","","","","","","","","","","","","","","","","","","","","","","","","","","","","","","","","","","","","","","","","","","","","","","","","","","","","","","","","","","","","","","","","","","","","","","","","","","","","","","","","",""
"Google Suggest","sugestao","cripto","cripto vale a pena","555.0","br","chrome","web","expansao_v","2025-12-12 05:16:04","","","","","","","","","","","","","","","","","","","","","","","","","","","","","","","","","","","","","","","","","","","","","","","","","","","","","","","","","","","","","","","","","","","","","","","","","","","","","","","","","","","","","","","","","","","","","","","","","","","","","","","","","",""
"Google Suggest","sugestao","cripto","crypto wallet","1051.0","br","chrome","web","expansao_w","2025-12-12 05:16:04","","","","","","","","","","","","","","","","","","","","","","","","","","","","","","","","","","","","","","","","","","","","","","","","","","","","","","","","","","","","","","","","","","","","","","","","","","","","","","","","","","","","","","","","","","","","","","","","","","","","","","","","","",""
"Google Suggest","sugestao","cripto","cripto wlfi","1050.0","br","chrome","web","expansao_w","2025-12-12 05:16:04","","","","","","","","","","","","","","","","","","","","","","","","","","","","","","","","","","","","","","","","","","","","","","","","","","","","","","","","","","","","","","","","","","","","","","","","","","","","","","","","","","","","","","","","","","","","","","","","","","","","","","","","","",""
"Google Suggest","sugestao","cripto","cripto wibx","950.0","br","chrome","web","expansao_w","2025-12-12 05:16:04","","","","","","","","","","","","","","","","","","","","","","","","","","","","","","","","","","","","","","","","","","","","","","","","","","","","","","","","","","","","","","","","","","","","","","","","","","","","","","","","","","","","","","","","","","","","","","","","","","","","","","","","","",""
"Google Suggest","sugestao","cripto","cripto web3","601.0","br","chrome","web","expansao_w","2025-12-12 05:16:04","","","","","","","","","","","","","","","","","","","","","","","","","","","","","","","","","","","","","","","","","","","","","","","","","","","","","","","","","","","","","","","","","","","","","","","","","","","","","","","","","","","","","","","","","","","","","","","","","","","","","","","","","",""
"Google Suggest","sugestao","cripto","cripto wct","600.0","br","chrome","web","expansao_w","2025-12-12 05:16:04","","","","","","","","","","","","","","","","","","","","","","","","","","","","","","","","","","","","","","","","","","","","","","","","","","","","","","","","","","","","","","","","","","","","","","","","","","","","","","","","","","","","","","","","","","","","","","","","","","","","","","","","","",""
"Google Suggest","sugestao","cripto","cripto wifi","559.0","br","chrome","web","expansao_w","2025-12-12 05:16:04","","","","","","","","","","","","","","","","","","","","","","","","","","","","","","","","","","","","","","","","","","","","","","","","","","","","","","","","","","","","","","","","","","","","","","","","","","","","","","","","","","","","","","","","","","","","","","","","","","","","","","","","","",""
"Google Suggest","sugestao","cripto","cripto wemix","558.0","br","chrome","web","expansao_w","2025-12-12 05:16:04","","","","","","","","","","","","","","","","","","","","","","","","","","","","","","","","","","","","","","","","","","","","","","","","","","","","","","","","","","","","","","","","","","","","","","","","","","","","","","","","","","","","","","","","","","","","","","","","","","","","","","","","","",""
"Google Suggest","sugestao","cripto","cripto win","557.0","br","chrome","web","expansao_w","2025-12-12 05:16:04","","","","","","","","","","","","","","","","","","","","","","","","","","","","","","","","","","","","","","","","","","","","","","","","","","","","","","","","","","","","","","","","","","","","","","","","","","","","","","","","","","","","","","","","","","","","","","","","","","","","","","","","","",""
"Google Suggest","sugestao","cripto","cripto worldcoin","556.0","br","chrome","web","expansao_w","2025-12-12 05:16:04","","","","","","","","","","","","","","","","","","","","","","","","","","","","","","","","","","","","","","","","","","","","","","","","","","","","","","","","","","","","","","","","","","","","","","","","","","","","","","","","","","","","","","","","","","","","","","","","","","","","","","","","","",""
"Google Suggest","sugestao","cripto","crypto wallets","555.0","br","chrome","web","expansao_w","2025-12-12 05:16:04","","","","","","","","","","","","","","","","","","","","","","","","","","","","","","","","","","","","","","","","","","","","","","","","","","","","","","","","","","","","","","","","","","","","","","","","","","","","","","","","","","","","","","","","","","","","","","","","","","","","","","","","","",""
"Google Suggest","sugestao","cripto","cripto xrp","1250.0","br","chrome","web","expansao_x","2025-12-12 05:16:04","","","","","","","","","","","","","","","","","","","","","","","","","","","","","","","","","","","","","","","","","","","","","","","","","","","","","","","","","","","","","","","","","","","","","","","","","","","","","","","","","","","","","","","","","","","","","","","","","","","","","","","","","",""
"Google Suggest","sugestao","cripto","cripto xrp vale a pena","1000.0","br","chrome","web","expansao_x","2025-12-12 05:16:04","","","","","","","","","","","","","","","","","","","","","","","","","","","","","","","","","","","","","","","","","","","","","","","","","","","","","","","","","","","","","","","","","","","","","","","","","","","","","","","","","","","","","","","","","","","","","","","","","","","","","","","","","",""
"Google Suggest","sugestao","cripto","cripto xrp hoje","750.0","br","chrome","web","expansao_x","2025-12-12 05:16:04","","","","","","","","","","","","","","","","","","","","","","","","","","","","","","","","","","","","","","","","","","","","","","","","","","","","","","","","","","","","","","","","","","","","","","","","","","","","","","","","","","","","","","","","","","","","","","","","","","","","","","","","","",""
"Google Suggest","sugestao","cripto","cripto xlm","700.0","br","chrome","web","expansao_x","2025-12-12 05:16:04","","","","","","","","","","","","","","","","","","","","","","","","","","","","","","","","","","","","","","","","","","","","","","","","","","","","","","","","","","","","","","","","","","","","","","","","","","","","","","","","","","","","","","","","","","","","","","","","","","","","","","","","","",""
"Google Suggest","sugestao","cripto","cripto xp","601.0","br","chrome","web","expansao_x","2025-12-12 05:16:04","","","","","","","","","","","","","","","","","","","","","","","","","","","","","","","","","","","","","","","","","","","","","","","","","","","","","","","","","","","","","","","","","","","","","","","","","","","","","","","","","","","","","","","","","","","","","","","","","","","","","","","","","",""
"Google Suggest","sugestao","cripto","cripto xpl","600.0","br","chrome","web","expansao_x","2025-12-12 05:16:04","","","","","","","","","","","","","","","","","","","","","","","","","","","","","","","","","","","","","","","","","","","","","","","","","","","","","","","","","","","","","","","","","","","","","","","","","","","","","","","","","","","","","","","","","","","","","","","","","","","","","","","","","",""
"Google Suggest","sugestao","cripto","cripto xyz","558.0","br","chrome","web","expansao_x","2025-12-12 05:16:04","","","","","","","","","","","","","","","","","","","","","","","","","","","","","","","","","","","","","","","","","","","","","","","","","","","","","","","","","","","","","","","","","","","","","","","","","","","","","","","","","","","","","","","","","","","","","","","","","","","","","","","","","",""
"Google Suggest","sugestao","cripto","cripto xrp grafico","557.0","br","chrome","web","expansao_x","2025-12-12 05:16:04","","","","","","","","","","","","","","","","","","","","","","","","","","","","","","","","","","","","","","","","","","","","","","","","","","","","","","","","","","","","","","","","","","","","","","","","","","","","","","","","","","","","","","","","","","","","","","","","","","","","","","","","","",""
"Google Suggest","sugestao","cripto","cripto xlm vale a pena","556.0","br","chrome","web","expansao_x","2025-12-12 05:16:04","","","","","","","","","","","","","","","","","","","","","","","","","","","","","","","","","","","","","","","","","","","","","","","","","","","","","","","","","","","","","","","","","","","","","","","","","","","","","","","","","","","","","","","","","","","","","","","","","","","","","","","","","",""
"Google Suggest","sugestao","cripto","crypto chart","555.0","br","chrome","web","expansao_x","2025-12-12 05:16:04","","","","","","","","","","","","","","","","","","","","","","","","","","","","","","","","","","","","","","","","","","","","","","","","","","","","","","","","","","","","","","","","","","","","","","","","","","","","","","","","","","","","","","","","","","","","","","","","","","","","","","","","","",""
"Google Suggest","sugestao","cripto","cripto yamaha","1250.0","br","chrome","web","expansao_y","2025-12-12 05:16:04","","","","","","","","","","","","","","","","","","","","","","","","","","","","","","","","","","","","","","","","","","","","","","","","","","","","","","","","","","","","","","","","","","","","","","","","","","","","","","","","","","","","","","","","","","","","","","","","","","","","","","","","","",""
"Google Suggest","sugestao","cripto","cripto yne","650.0","br","chrome","web","expansao_y","2025-12-12 05:16:04","","","","","","","","","","","","","","","","","","","","","","","","","","","","","","","","","","","","","","","","","","","","","","","","","","","","","","","","","","","","","","","","","","","","","","","","","","","","","","","","","","","","","","","","","","","","","","","","","","","","","","","","","",""
"Google Suggest","sugestao","cripto","cripto yb","601.0","br","chrome","web","expansao_y","2025-12-12 05:16:04","","","","","","","","","","","","","","","","","","","","","","","","","","","","","","","","","","","","","","","","","","","","","","","","","","","","","","","","","","","","","","","","","","","","","","","","","","","","","","","","","","","","","","","","","","","","","","","","","","","","","","","","","",""
"Google Suggest","sugestao","cripto","cripto ymt","600.0","br","chrome","web","expansao_y","2025-12-12 05:16:04","","","","","","","","","","","","","","","","","","","","","","","","","","","","","","","","","","","","","","","","","","","","","","","","","","","","","","","","","","","","","","","","","","","","","","","","","","","","","","","","","","","","","","","","","","","","","","","","","","","","","","","","","",""
"Google Suggest","sugestao","cripto","crypto yuan","560.0","br","chrome","web","expansao_y","2025-12-12 05:16:04","","","","","","","","","","","","","","","","","","","","","","","","","","","","","","","","","","","","","","","","","","","","","","","","","","","","","","","","","","","","","","","","","","","","","","","","","","","","","","","","","","","","","","","","","","","","","","","","","","","","","","","","","",""
"Google Suggest","sugestao","cripto","crypto ya","559.0","br","chrome","web","expansao_y","2025-12-12 05:16:04","","","","","","","","","","","","","","","","","","","","","","","","","","","","","","","","","","","","","","","","","","","","","","","","","","","","","","","","","","","","","","","","","","","","","","","","","","","","","","","","","","","","","","","","","","","","","","","","","","","","","","","","","",""
"Google Suggest","sugestao","cripto","crypton yamaha","558.0","br","chrome","web","expansao_y","2025-12-12 05:16:04","","","","","","","","","","","","","","","","","","","","","","","","","","","","","","","","","","","","","","","","","","","","","","","","","","","","","","","","","","","","","","","","","","","","","","","","","","","","","","","","","","","","","","","","","","","","","","","","","","","","","","","","","",""
"Google Suggest","sugestao","cripto","youtube crypto","557.0","br","chrome","web","expansao_y","2025-12-12 05:16:04","","","","","","","","","","","","","","","","","","","","","","","","","","","","","","","","","","","","","","","","","","","","","","","","","","","","","","","","","","","","","","","","","","","","","","","","","","","","","","","","","","","","","","","","","","","","","","","","","","","","","","","","","",""
"Google Suggest","sugestao","cripto","cripto yfi","556.0","br","chrome","web","expansao_y","2025-12-12 05:16:04","","","","","","","","","","","","","","","","","","","","","","","","","","","","","","","","","","","","","","","","","","","","","","","","","","","","","","","","","","","","","","","","","","","","","","","","","","","","","","","","","","","","","","","","","","","","","","","","","","","","","","","","","",""
"Google Suggest","sugestao","cripto","yaku crypto","555.0","br","chrome","web","expansao_y","2025-12-12 05:16:04","","","","","","","","","","","","","","","","","","","","","","","","","","","","","","","","","","","","","","","","","","","","","","","","","","","","","","","","","","","","","","","","","","","","","","","","","","","","","","","","","","","","","","","","","","","","","","","","","","","","","","","","","",""
"Google Suggest","sugestao","cripto","crypto zcash","651.0","br","chrome","web","expansao_z","2025-12-12 05:16:04","","","","","","","","","","","","","","","","","","","","","","","","","","","","","","","","","","","","","","","","","","","","","","","","","","","","","","","","","","","","","","","","","","","","","","","","","","","","","","","","","","","","","","","","","","","","","","","","","","","","","","","","","",""
"Google Suggest","sugestao","cripto","cripto zora","650.0","br","chrome","web","expansao_z","2025-12-12 05:16:04","","","","","","","","","","","","","","","","","","","","","","","","","","","","","","","","","","","","","","","","","","","","","","","","","","","","","","","","","","","","","","","","","","","","","","","","","","","","","","","","","","","","","","","","","","","","","","","","","","","","","","","","","",""
"Google Suggest","sugestao","cripto","cripto zen","600.0","br","chrome","web","expansao_z","2025-12-12 05:16:04","","","","","","","","","","","","","","","","","","","","","","","","","","","","","","","","","","","","","","","","","","","","","","","","","","","","","","","","","","","","","","","","","","","","","","","","","","","","","","","","","","","","","","","","","","","","","","","","","","","","","","","","","",""
"Google Suggest","sugestao","cripto","criptozoologia","557.0","br","chrome","web","expansao_z","2025-12-12 05:16:04","","","","","","","","","","","","","","","","","","","","","","","","","","","","","","","","","","","","","","","","","","","","","","","","","","","","","","","","","","","","","","","","","","","","","","","","","","","","","","","","","","","","","","","","","","","","","","","","","","","","","","","","","",""
"Google Suggest","sugestao","cripto","cripto zk","556.0","br","chrome","web","expansao_z","2025-12-12 05:16:04","","","","","","","","","","","","","","","","","","","","","","","","","","","","","","","","","","","","","","","","","","","","","","","","","","","","","","","","","","","","","","","","","","","","","","","","","","","","","","","","","","","","","","","","","","","","","","","","","","","","","","","","","",""
"Google Suggest","sugestao","cripto","cripto 0g","1250.0","br","chrome","web","expansao_0","2025-12-12 05:16:04","","","","","","","","","","","","","","","","","","","","","","","","","","","","","","","","","","","","","","","","","","","","","","","","","","","","","","","","","","","","","","","","","","","","","","","","","","","","","","","","","","","","","","","","","","","","","","","","","","","","","","","","","",""
"Google Suggest","sugestao","cripto","crypto 0x","601.0","br","chrome","web","expansao_0","2025-12-12 05:16:04","","","","","","","","","","","","","","","","","","","","","","","","","","","","","","","","","","","","","","","","","","","","","","","","","","","","","","","","","","","","","","","","","","","","","","","","","","","","","","","","","","","","","","","","","","","","","","","","","","","","","","","","","",""
"Google Suggest","sugestao","cripto","cripto 00","600.0","br","chrome","web","expansao_0","2025-12-12 05:16:04","","","","","","","","","","","","","","","","","","","","","","","","","","","","","","","","","","","","","","","","","","","","","","","","","","","","","","","","","","","","","","","","","","","","","","","","","","","","","","","","","","","","","","","","","","","","","","","","","","","","","","","","","",""
"Google Suggest","sugestao","cripto","0x0 crypto","558.0","br","chrome","web","expansao_0","2025-12-12 05:16:04","","","","","","","","","","","","","","","","","","","","","","","","","","","","","","","","","","","","","","","","","","","","","","","","","","","","","","","","","","","","","","","","","","","","","","","","","","","","","","","","","","","","","","","","","","","","","","","","","","","","","","","","","",""
"Google Suggest","sugestao","cripto","bee 2.0 crypto","557.0","br","chrome","web","expansao_0","2025-12-12 05:16:04","","","","","","","","","","","","","","","","","","","","","","","","","","","","","","","","","","","","","","","","","","","","","","","","","","","","","","","","","","","","","","","","","","","","","","","","","","","","","","","","","","","","","","","","","","","","","","","","","","","","","","","","","",""
"Google Suggest","sugestao","cripto","cripto desde 0","556.0","br","chrome","web","expansao_0","2025-12-12 05:16:04","","","","","","","","","","","","","","","","","","","","","","","","","","","","","","","","","","","","","","","","","","","","","","","","","","","","","","","","","","","","","","","","","","","","","","","","","","","","","","","","","","","","","","","","","","","","","","","","","","","","","","","","","",""
"Google Suggest","sugestao","cripto","crypto a 0","555.0","br","chrome","web","expansao_0","2025-12-12 05:16:04","","","","","","","","","","","","","","","","","","","","","","","","","","","","","","","","","","","","","","","","","","","","","","","","","","","","","","","","","","","","","","","","","","","","","","","","","","","","","","","","","","","","","","","","","","","","","","","","","","","","","","","","","",""
"Google Suggest","sugestao","cripto","cripto ox","554.0","br","chrome","web","expansao_0","2025-12-12 05:16:04","","","","","","","","","","","","","","","","","","","","","","","","","","","","","","","","","","","","","","","","","","","","","","","","","","","","","","","","","","","","","","","","","","","","","","","","","","","","","","","","","","","","","","","","","","","","","","","","","","","","","","","","","",""
"Google Suggest","sugestao","cripto","0 01 bitcoin","553.0","br","chrome","web","expansao_0","2025-12-12 05:16:04","","","","","","","","","","","","","","","","","","","","","","","","","","","","","","","","","","","","","","","","","","","","","","","","","","","","","","","","","","","","","","","","","","","","","","","","","","","","","","","","","","","","","","","","","","","","","","","","","","","","","","","","","",""
"Google Suggest","sugestao","cripto","0 bitcoin","552.0","br","chrome","web","expansao_0","2025-12-12 05:16:04","","","","","","","","","","","","","","","","","","","","","","","","","","","","","","","","","","","","","","","","","","","","","","","","","","","","","","","","","","","","","","","","","","","","","","","","","","","","","","","","","","","","","","","","","","","","","","","","","","","","","","","","","",""
"Google Suggest","sugestao","cripto","crypton 115","601.0","br","chrome","web","expansao_1","2025-12-12 05:16:04","","","","","","","","","","","","","","","","","","","","","","","","","","","","","","","","","","","","","","","","","","","","","","","","","","","","","","","","","","","","","","","","","","","","","","","","","","","","","","","","","","","","","","","","","","","","","","","","","","","","","","","","","",""
"Google Suggest","sugestao","cripto","cripto 1000sats","600.0","br","chrome","web","expansao_1","2025-12-12 05:16:04","","","","","","","","","","","","","","","","","","","","","","","","","","","","","","","","","","","","","","","","","","","","","","","","","","","","","","","","","","","","","","","","","","","","","","","","","","","","","","","","","","","","","","","","","","","","","","","","","","","","","","","","","",""
"Google Suggest","sugestao","cripto","cripto 100","562.0","br","chrome","web","expansao_1","2025-12-12 05:16:04","","","","","","","","","","","","","","","","","","","","","","","","","","","","","","","","","","","","","","","","","","","","","","","","","","","","","","","","","","","","","","","","","","","","","","","","","","","","","","","","","","","","","","","","","","","","","","","","","","","","","","","","","",""
"Google Suggest","sugestao","cripto","crypton 105","561.0","br","chrome","web","expansao_1","2025-12-12 05:16:04","","","","","","","","","","","","","","","","","","","","","","","","","","","","","","","","","","","","","","","","","","","","","","","","","","","","","","","","","","","","","","","","","","","","","","","","","","","","","","","","","","","","","","","","","","","","","","","","","","","","","","","","","",""
"Google Suggest","sugestao","cripto","crypto 1.1.1","560.0","br","chrome","web","expansao_1","2025-12-12 05:16:04","","","","","","","","","","","","","","","","","","","","","","","","","","","","","","","","","","","","","","","","","","","","","","","","","","","","","","","","","","","","","","","","","","","","","","","","","","","","","","","","","","","","","","","","","","","","","","","","","","","","","","","","","",""
"Google Suggest","sugestao","cripto","cripto 18","559.0","br","chrome","web","expansao_1","2025-12-12 05:16:04","","","","","","","","","","","","","","","","","","","","","","","","","","","","","","","","","","","","","","","","","","","","","","","","","","","","","","","","","","","","","","","","","","","","","","","","","","","","","","","","","","","","","","","","","","","","","","","","","","","","","","","","","",""
"Google Suggest","sugestao","cripto","crypton 115 yamaha","558.0","br","chrome","web","expansao_1","2025-12-12 05:16:04","","","","","","","","","","","","","","","","","","","","","","","","","","","","","","","","","","","","","","","","","","","","","","","","","","","","","","","","","","","","","","","","","","","","","","","","","","","","","","","","","","","","","","","","","","","","","","","","","","","","","","","","","",""
"Google Suggest","sugestao","cripto","crypton 125","557.0","br","chrome","web","expansao_1","2025-12-12 05:16:04","","","","","","","","","","","","","","","","","","","","","","","","","","","","","","","","","","","","","","","","","","","","","","","","","","","","","","","","","","","","","","","","","","","","","","","","","","","","","","","","","","","","","","","","","","","","","","","","","","","","","","","","","",""
"Google Suggest","sugestao","cripto","crypton 115 preço","556.0","br","chrome","web","expansao_1","2025-12-12 05:16:04","","","","","","","","","","","","","","","","","","","","","","","","","","","","","","","","","","","","","","","","","","","","","","","","","","","","","","","","","","","","","","","","","","","","","","","","","","","","","","","","","","","","","","","","","","","","","","","","","","","","","","","","","",""
"Google Suggest","sugestao","cripto","crypton 110","555.0","br","chrome","web","expansao_1","2025-12-12 05:16:04","","","","","","","","","","","","","","","","","","","","","","","","","","","","","","","","","","","","","","","","","","","","","","","","","","","","","","","","","","","","","","","","","","","","","","","","","","","","","","","","","","","","","","","","","","","","","","","","","","","","","","","","","",""
"Google Suggest","sugestao","cripto","cripto 20k","1250.0","br","chrome","web","expansao_2","2025-12-12 05:16:04","","","","","","","","","","","","","","","","","","","","","","","","","","","","","","","","","","","","","","","","","","","","","","","","","","","","","","","","","","","","","","","","","","","","","","","","","","","","","","","","","","","","","","","","","","","","","","","","","","","","","","","","","",""
"Google Suggest","sugestao","cripto","cripto 2026","850.0","br","chrome","web","expansao_2","2025-12-12 05:16:04","","","","","","","","","","","","","","","","","","","","","","","","","","","","","","","","","","","","","","","","","","","","","","","","","","","","","","","","","","","","","","","","","","","","","","","","","","","","","","","","","","","","","","","","","","","","","","","","","","","","","","","","","",""
"Google Suggest","sugestao","cripto","cripto 2010","650.0","br","chrome","web","expansao_2","2025-12-12 05:16:04","","","","","","","","","","","","","","","","","","","","","","","","","","","","","","","","","","","","","","","","","","","","","","","","","","","","","","","","","","","","","","","","","","","","","","","","","","","","","","","","","","","","","","","","","","","","","","","","","","","","","","","","","",""
"Google Suggest","sugestao","cripto","cripto 2025","601.0","br","chrome","web","expansao_2","2025-12-12 05:16:04","","","","","","","","","","","","","","","","","","","","","","","","","","","","","","","","","","","","","","","","","","","","","","","","","","","","","","","","","","","","","","","","","","","","","","","","","","","","","","","","","","","","","","","","","","","","","","","","","","","","","","","","","",""
"Google Suggest","sugestao","cripto","crypton 2014","600.0","br","chrome","web","expansao_2","2025-12-12 05:16:04","","","","","","","","","","","","","","","","","","","","","","","","","","","","","","","","","","","","","","","","","","","","","","","","","","","","","","","","","","","","","","","","","","","","","","","","","","","","","","","","","","","","","","","","","","","","","","","","","","","","","","","","","",""
"Google Suggest","sugestao","cripto","cripto 2013","559.0","br","chrome","web","expansao_2","2025-12-12 05:16:04","","","","","","","","","","","","","","","","","","","","","","","","","","","","","","","","","","","","","","","","","","","","","","","","","","","","","","","","","","","","","","","","","","","","","","","","","","","","","","","","","","","","","","","","","","","","","","","","","","","","","","","","","",""
"Google Suggest","sugestao","cripto","cripto 2012","558.0","br","chrome","web","expansao_2","2025-12-12 05:16:04","","","","","","","","","","","","","","","","","","","","","","","","","","","","","","","","","","","","","","","","","","","","","","","","","","","","","","","","","","","","","","","","","","","","","","","","","","","","","","","","","","","","","","","","","","","","","","","","","","","","","","","","","",""
"Google Suggest","sugestao","cripto","cripto 2015","557.0","br","chrome","web","expansao_2","2025-12-12 05:16:04","","","","","","","","","","","","","","","","","","","","","","","","","","","","","","","","","","","","","","","","","","","","","","","","","","","","","","","","","","","","","","","","","","","","","","","","","","","","","","","","","","","","","","","","","","","","","","","","","","","","","","","","","",""
"Google Suggest","sugestao","cripto","crypton 2011","556.0","br","chrome","web","expansao_2","2025-12-12 05:16:04","","","","","","","","","","","","","","","","","","","","","","","","","","","","","","","","","","","","","","","","","","","","","","","","","","","","","","","","","","","","","","","","","","","","","","","","","","","","","","","","","","","","","","","","","","","","","","","","","","","","","","","","","",""
"Google Suggest","sugestao","cripto","crypto 20k puffs","555.0","br","chrome","web","expansao_2","2025-12-12 05:16:04","","","","","","","","","","","","","","","","","","","","","","","","","","","","","","","","","","","","","","","","","","","","","","","","","","","","","","","","","","","","","","","","","","","","","","","","","","","","","","","","","","","","","","","","","","","","","","","","","","","","","","","","","",""
"Google Suggest","sugestao","cripto","crypto 360","1250.0","br","chrome","web","expansao_3","2025-12-12 05:16:04","","","","","","","","","","","","","","","","","","","","","","","","","","","","","","","","","","","","","","","","","","","","","","","","","","","","","","","","","","","","","","","","","","","","","","","","","","","","","","","","","","","","","","","","","","","","","","","","","","","","","","","","","",""
"Google Suggest","sugestao","cripto","crypto 3d","850.0","br","chrome","web","expansao_3","2025-12-12 05:16:04","","","","","","","","","","","","","","","","","","","","","","","","","","","","","","","","","","","","","","","","","","","","","","","","","","","","","","","","","","","","","","","","","","","","","","","","","","","","","","","","","","","","","","","","","","","","","","","","","","","","","","","","","",""
"Google Suggest","sugestao","cripto","cripto 360 curso","601.0","br","chrome","web","expansao_3","2025-12-12 05:16:04","","","","","","","","","","","","","","","","","","","","","","","","","","","","","","","","","","","","","","","","","","","","","","","","","","","","","","","","","","","","","","","","","","","","","","","","","","","","","","","","","","","","","","","","","","","","","","","","","","","","","","","","","",""
"Google Suggest","sugestao","cripto","3p crypto","600.0","br","chrome","web","expansao_3","2025-12-12 05:16:04","","","","","","","","","","","","","","","","","","","","","","","","","","","","","","","","","","","","","","","","","","","","","","","","","","","","","","","","","","","","","","","","","","","","","","","","","","","","","","","","","","","","","","","","","","","","","","","","","","","","","","","","","",""
"Google Suggest","sugestao","cripto","cripto 35 mil","560.0","br","chrome","web","expansao_3","2025-12-12 05:16:04","","","","","","","","","","","","","","","","","","","","","","","","","","","","","","","","","","","","","","","","","","","","","","","","","","","","","","","","","","","","","","","","","","","","","","","","","","","","","","","","","","","","","","","","","","","","","","","","","","","","","","","","","",""
"Google Suggest","sugestao","cripto","cripto 30000","559.0","br","chrome","web","expansao_3","2025-12-12 05:16:04","","","","","","","","","","","","","","","","","","","","","","","","","","","","","","","","","","","","","","","","","","","","","","","","","","","","","","","","","","","","","","","","","","","","","","","","","","","","","","","","","","","","","","","","","","","","","","","","","","","","","","","","","",""
"Google Suggest","sugestao","cripto","cripto 300","558.0","br","chrome","web","expansao_3","2025-12-12 05:16:04","","","","","","","","","","","","","","","","","","","","","","","","","","","","","","","","","","","","","","","","","","","","","","","","","","","","","","","","","","","","","","","","","","","","","","","","","","","","","","","","","","","","","","","","","","","","","","","","","","","","","","","","","",""
"Google Suggest","sugestao","cripto","cripto 3.0","557.0","br","chrome","web","expansao_3","2025-12-12 05:16:04","","","","","","","","","","","","","","","","","","","","","","","","","","","","","","","","","","","","","","","","","","","","","","","","","","","","","","","","","","","","","","","","","","","","","","","","","","","","","","","","","","","","","","","","","","","","","","","","","","","","","","","","","",""
"Google Suggest","sugestao","cripto","crypto 3","556.0","br","chrome","web","expansao_3","2025-12-12 05:16:04","","","","","","","","","","","","","","","","","","","","","","","","","","","","","","","","","","","","","","","","","","","","","","","","","","","","","","","","","","","","","","","","","","","","","","","","","","","","","","","","","","","","","","","","","","","","","","","","","","","","","","","","","",""
"Google Suggest","sugestao","cripto","isenção cripto 35 mil","555.0","br","chrome","web","expansao_3","2025-12-12 05:16:04","","","","","","","","","","","","","","","","","","","","","","","","","","","","","","","","","","","","","","","","","","","","","","","","","","","","","","","","","","","","","","","","","","","","","","","","","","","","","","","","","","","","","","","","","","","","","","","","","","","","","","","","","",""
"Google Suggest","sugestao","cripto","crypto 4","1250.0","br","chrome","web","expansao_4","2025-12-12 05:16:04","","","","","","","","","","","","","","","","","","","","","","","","","","","","","","","","","","","","","","","","","","","","","","","","","","","","","","","","","","","","","","","","","","","","","","","","","","","","","","","","","","","","","","","","","","","","","","","","","","","","","","","","","",""
"Google Suggest","sugestao","cripto","cripto 4 usdt","1050.0","br","chrome","web","expansao_4","2025-12-12 05:16:04","","","","","","","","","","","","","","","","","","","","","","","","","","","","","","","","","","","","","","","","","","","","","","","","","","","","","","","","","","","","","","","","","","","","","","","","","","","","","","","","","","","","","","","","","","","","","","","","","","","","","","","","","",""
"Google Suggest","sugestao","cripto","cripto 4 pay","601.0","br","chrome","web","expansao_4","2025-12-12 05:16:04","","","","","","","","","","","","","","","","","","","","","","","","","","","","","","","","","","","","","","","","","","","","","","","","","","","","","","","","","","","","","","","","","","","","","","","","","","","","","","","","","","","","","","","","","","","","","","","","","","","","","","","","","",""
"Google Suggest","sugestao","cripto","cripto 4.20","600.0","br","chrome","web","expansao_4","2025-12-12 05:16:04","","","","","","","","","","","","","","","","","","","","","","","","","","","","","","","","","","","","","","","","","","","","","","","","","","","","","","","","","","","","","","","","","","","","","","","","","","","","","","","","","","","","","","","","","","","","","","","","","","","","","","","","","",""
"Google Suggest","sugestao","cripto","cripto 4900","560.0","br","chrome","web","expansao_4","2025-12-12 05:16:04","","","","","","","","","","","","","","","","","","","","","","","","","","","","","","","","","","","","","","","","","","","","","","","","","","","","","","","","","","","","","","","","","","","","","","","","","","","","","","","","","","","","","","","","","","","","","","","","","","","","","","","","","",""
"Google Suggest","sugestao","cripto","crypto 4k","559.0","br","chrome","web","expansao_4","2025-12-12 05:16:04","","","","","","","","","","","","","","","","","","","","","","","","","","","","","","","","","","","","","","","","","","","","","","","","","","","","","","","","","","","","","","","","","","","","","","","","","","","","","","","","","","","","","","","","","","","","","","","","","","","","","","","","","",""
"Google Suggest","sugestao","cripto","cripto 42","558.0","br","chrome","web","expansao_4","2025-12-12 05:16:04","","","","","","","","","","","","","","","","","","","","","","","","","","","","","","","","","","","","","","","","","","","","","","","","","","","","","","","","","","","","","","","","","","","","","","","","","","","","","","","","","","","","","","","","","","","","","","","","","","","","","","","","","",""
"Google Suggest","sugestao","cripto","cripto 4wmm","557.0","br","chrome","web","expansao_4","2025-12-12 05:16:04","","","","","","","","","","","","","","","","","","","","","","","","","","","","","","","","","","","","","","","","","","","","","","","","","","","","","","","","","","","","","","","","","","","","","","","","","","","","","","","","","","","","","","","","","","","","","","","","","","","","","","","","","",""
"Google Suggest","sugestao","cripto","hashdex cripto 40 xp seg prev fim cp","556.0","br","chrome","web","expansao_4","2025-12-12 05:16:04","","","","","","","","","","","","","","","","","","","","","","","","","","","","","","","","","","","","","","","","","","","","","","","","","","","","","","","","","","","","","","","","","","","","","","","","","","","","","","","","","","","","","","","","","","","","","","","","","","","","","","","","","",""
"Google Suggest","sugestao","cripto","sony 42k crypto","555.0","br","chrome","web","expansao_4","2025-12-12 05:16:04","","","","","","","","","","","","","","","","","","","","","","","","","","","","","","","","","","","","","","","","","","","","","","","","","","","","","","","","","","","","","","","","","","","","","","","","","","","","","","","","","","","","","","","","","","","","","","","","","","","","","","","","","",""
"Google Suggest","sugestao","cripto","cripto 50","601.0","br","chrome","web","expansao_5","2025-12-12 05:16:04","","","","","","","","","","","","","","","","","","","","","","","","","","","","","","","","","","","","","","","","","","","","","","","","","","","","","","","","","","","","","","","","","","","","","","","","","","","","","","","","","","","","","","","","","","","","","","","","","","","","","","","","","",""
"Google Suggest","sugestao","cripto","cripto 5 cents","600.0","br","chrome","web","expansao_5","2025-12-12 05:16:04","","","","","","","","","","","","","","","","","","","","","","","","","","","","","","","","","","","","","","","","","","","","","","","","","","","","","","","","","","","","","","","","","","","","","","","","","","","","","","","","","","","","","","","","","","","","","","","","","","","","","","","","","",""
"Google Suggest","sugestao","cripto","cripto 5000","562.0","br","chrome","web","expansao_5","2025-12-12 05:16:04","","","","","","","","","","","","","","","","","","","","","","","","","","","","","","","","","","","","","","","","","","","","","","","","","","","","","","","","","","","","","","","","","","","","","","","","","","","","","","","","","","","","","","","","","","","","","","","","","","","","","","","","","",""
"Google Suggest","sugestao","cripto","crypto 5 centavos de dolar","561.0","br","chrome","web","expansao_5","2025-12-12 05:16:04","","","","","","","","","","","","","","","","","","","","","","","","","","","","","","","","","","","","","","","","","","","","","","","","","","","","","","","","","","","","","","","","","","","","","","","","","","","","","","","","","","","","","","","","","","","","","","","","","","","","","","","","","",""
"Google Suggest","sugestao","cripto","500 crypto","560.0","br","chrome","web","expansao_5","2025-12-12 05:16:04","","","","","","","","","","","","","","","","","","","","","","","","","","","","","","","","","","","","","","","","","","","","","","","","","","","","","","","","","","","","","","","","","","","","","","","","","","","","","","","","","","","","","","","","","","","","","","","","","","","","","","","","","",""
"Google Suggest","sugestao","cripto","5 cripto para 2025","559.0","br","chrome","web","expansao_5","2025-12-12 05:16:04","","","","","","","","","","","","","","","","","","","","","","","","","","","","","","","","","","","","","","","","","","","","","","","","","","","","","","","","","","","","","","","","","","","","","","","","","","","","","","","","","","","","","","","","","","","","","","","","","","","","","","","","","",""
"Google Suggest","sugestao","cripto","5 cripto ia","558.0","br","chrome","web","expansao_5","2025-12-12 05:16:04","","","","","","","","","","","","","","","","","","","","","","","","","","","","","","","","","","","","","","","","","","","","","","","","","","","","","","","","","","","","","","","","","","","","","","","","","","","","","","","","","","","","","","","","","","","","","","","","","","","","","","","","","",""
"Google Suggest","sugestao","cripto","cripto de 5 centavos","557.0","br","chrome","web","expansao_5","2025-12-12 05:16:04","","","","","","","","","","","","","","","","","","","","","","","","","","","","","","","","","","","","","","","","","","","","","","","","","","","","","","","","","","","","","","","","","","","","","","","","","","","","","","","","","","","","","","","","","","","","","","","","","","","","","","","","","",""
"Google Suggest","sugestao","cripto","cripto 17 5","556.0","br","chrome","web","expansao_5","2025-12-12 05:16:04","","","","","","","","","","","","","","","","","","","","","","","","","","","","","","","","","","","","","","","","","","","","","","","","","","","","","","","","","","","","","","","","","","","","","","","","","","","","","","","","","","","","","","","","","","","","","","","","","","","","","","","","","",""
"Google Suggest","sugestao","cripto","cripto sp 500","555.0","br","chrome","web","expansao_5","2025-12-12 05:16:04","","","","","","","","","","","","","","","","","","","","","","","","","","","","","","","","","","","","","","","","","","","","","","","","","","","","","","","","","","","","","","","","","","","","","","","","","","","","","","","","","","","","","","","","","","","","","","","","","","","","","","","","","",""
"Google Suggest","sugestao","cripto","crypto 6","601.0","br","chrome","web","expansao_6","2025-12-12 05:16:04","","","","","","","","","","","","","","","","","","","","","","","","","","","","","","","","","","","","","","","","","","","","","","","","","","","","","","","","","","","","","","","","","","","","","","","","","","","","","","","","","","","","","","","","","","","","","","","","","","","","","","","","","",""
"Google Suggest","sugestao","cripto","gta 6 crypto","600.0","br","chrome","web","expansao_6","2025-12-12 05:16:04","","","","","","","","","","","","","","","","","","","","","","","","","","","","","","","","","","","","","","","","","","","","","","","","","","","","","","","","","","","","","","","","","","","","","","","","","","","","","","","","","","","","","","","","","","","","","","","","","","","","","","","","","",""
"Google Suggest","sugestao","cripto","round 6 crypto","553.0","br","chrome","web","expansao_6","2025-12-12 05:16:04","","","","","","","","","","","","","","","","","","","","","","","","","","","","","","","","","","","","","","","","","","","","","","","","","","","","","","","","","","","","","","","","","","","","","","","","","","","","","","","","","","","","","","","","","","","","","","","","","","","","","","","","","",""
"Google Suggest","sugestao","cripto","criptomoedas 666","552.0","br","chrome","web","expansao_6","2025-12-12 05:16:04","","","","","","","","","","","","","","","","","","","","","","","","","","","","","","","","","","","","","","","","","","","","","","","","","","","","","","","","","","","","","","","","","","","","","","","","","","","","","","","","","","","","","","","","","","","","","","","","","","","","","","","","","",""
"Google Suggest","sugestao","cripto","crypton 6","551.0","br","chrome","web","expansao_6","2025-12-12 05:16:04","","","","","","","","","","","","","","","","","","","","","","","","","","","","","","","","","","","","","","","","","","","","","","","","","","","","","","","","","","","","","","","","","","","","","","","","","","","","","","","","","","","","","","","","","","","","","","","","","","","","","","","","","",""
"Google Suggest","sugestao","cripto","6 criptomoedas","550.0","br","chrome","web","expansao_6","2025-12-12 05:16:04","","","","","","","","","","","","","","","","","","","","","","","","","","","","","","","","","","","","","","","","","","","","","","","","","","","","","","","","","","","","","","","","","","","","","","","","","","","","","","","","","","","","","","","","","","","","","","","","","","","","","","","","","",""
"Google Suggest","sugestao","cripto","crypto 7","601.0","br","chrome","web","expansao_7","2025-12-12 05:16:04","","","","","","","","","","","","","","","","","","","","","","","","","","","","","","","","","","","","","","","","","","","","","","","","","","","","","","","","","","","","","","","","","","","","","","","","","","","","","","","","","","","","","","","","","","","","","","","","","","","","","","","","","",""
"Google Suggest","sugestao","cripto","crypto 730","600.0","br","chrome","web","expansao_7","2025-12-12 05:16:04","","","","","","","","","","","","","","","","","","","","","","","","","","","","","","","","","","","","","","","","","","","","","","","","","","","","","","","","","","","","","","","","","","","","","","","","","","","","","","","","","","","","","","","","","","","","","","","","","","","","","","","","","",""
"Google Suggest","sugestao","cripto","crypto 24/7","562.0","br","chrome","web","expansao_7","2025-12-12 05:16:04","","","","","","","","","","","","","","","","","","","","","","","","","","","","","","","","","","","","","","","","","","","","","","","","","","","","","","","","","","","","","","","","","","","","","","","","","","","","","","","","","","","","","","","","","","","","","","","","","","","","","","","","","",""
"Google Suggest","sugestao","cripto","730 cripto attività","561.0","br","chrome","web","expansao_7","2025-12-12 05:16:04","","","","","","","","","","","","","","","","","","","","","","","","","","","","","","","","","","","","","","","","","","","","","","","","","","","","","","","","","","","","","","","","","","","","","","","","","","","","","","","","","","","","","","","","","","","","","","","","","","","","","","","","","",""
"Google Suggest","sugestao","cripto","721 crypto","560.0","br","chrome","web","expansao_7","2025-12-12 05:16:04","","","","","","","","","","","","","","","","","","","","","","","","","","","","","","","","","","","","","","","","","","","","","","","","","","","","","","","","","","","","","","","","","","","","","","","","","","","","","","","","","","","","","","","","","","","","","","","","","","","","","","","","","",""
"Google Suggest","sugestao","cripto","crypto nel 730","559.0","br","chrome","web","expansao_7","2025-12-12 05:16:04","","","","","","","","","","","","","","","","","","","","","","","","","","","","","","","","","","","","","","","","","","","","","","","","","","","","","","","","","","","","","","","","","","","","","","","","","","","","","","","","","","","","","","","","","","","","","","","","","","","","","","","","","",""
"Google Suggest","sugestao","cripto","dichiarazione cripto 730","558.0","br","chrome","web","expansao_7","2025-12-12 05:16:04","","","","","","","","","","","","","","","","","","","","","","","","","","","","","","","","","","","","","","","","","","","","","","","","","","","","","","","","","","","","","","","","","","","","","","","","","","","","","","","","","","","","","","","","","","","","","","","","","","","","","","","","","",""
"Google Suggest","sugestao","cripto","dichiarare cripto 730","557.0","br","chrome","web","expansao_7","2025-12-12 05:16:04","","","","","","","","","","","","","","","","","","","","","","","","","","","","","","","","","","","","","","","","","","","","","","","","","","","","","","","","","","","","","","","","","","","","","","","","","","","","","","","","","","","","","","","","","","","","","","","","","","","","","","","","","",""
"Google Suggest","sugestao","cripto","cripto e 730","556.0","br","chrome","web","expansao_7","2025-12-12 05:16:04","","","","","","","","","","","","","","","","","","","","","","","","","","","","","","","","","","","","","","","","","","","","","","","","","","","","","","","","","","","","","","","","","","","","","","","","","","","","","","","","","","","","","","","","","","","","","","","","","","","","","","","","","",""
"Google Suggest","sugestao","cripto","cumbre crypto 7 marzo","555.0","br","chrome","web","expansao_7","2025-12-12 05:16:04","","","","","","","","","","","","","","","","","","","","","","","","","","","","","","","","","","","","","","","","","","","","","","","","","","","","","","","","","","","","","","","","","","","","","","","","","","","","","","","","","","","","","","","","","","","","","","","","","","","","","","","","","",""
"Google Suggest","sugestao","cripto","888 crypto","601.0","br","chrome","web","expansao_8","2025-12-12 05:16:04","","","","","","","","","","","","","","","","","","","","","","","","","","","","","","","","","","","","","","","","","","","","","","","","","","","","","","","","","","","","","","","","","","","","","","","","","","","","","","","","","","","","","","","","","","","","","","","","","","","","","","","","","",""
"Google Suggest","sugestao","cripto","crypto 88","600.0","br","chrome","web","expansao_8","2025-12-12 05:16:04","","","","","","","","","","","","","","","","","","","","","","","","","","","","","","","","","","","","","","","","","","","","","","","","","","","","","","","","","","","","","","","","","","","","","","","","","","","","","","","","","","","","","","","","","","","","","","","","","","","","","","","","","",""
"Google Suggest","sugestao","cripto","immediate 8.1 krypto","555.0","br","chrome","web","expansao_8","2025-12-12 05:16:04","","","","","","","","","","","","","","","","","","","","","","","","","","","","","","","","","","","","","","","","","","","","","","","","","","","","","","","","","","","","","","","","","","","","","","","","","","","","","","","","","","","","","","","","","","","","","","","","","","","","","","","","","",""
"Google Suggest","sugestao","cripto","cripto 886","554.0","br","chrome","web","expansao_8","2025-12-12 05:16:04","","","","","","","","","","","","","","","","","","","","","","","","","","","","","","","","","","","","","","","","","","","","","","","","","","","","","","","","","","","","","","","","","","","","","","","","","","","","","","","","","","","","","","","","","","","","","","","","","","","","","","","","","",""
"Google Suggest","sugestao","cripto","8 criptomoedas","553.0","br","chrome","web","expansao_8","2025-12-12 05:16:04","","","","","","","","","","","","","","","","","","","","","","","","","","","","","","","","","","","","","","","","","","","","","","","","","","","","","","","","","","","","","","","","","","","","","","","","","","","","","","","","","","","","","","","","","","","","","","","","","","","","","","","","","",""
"Google Suggest","sugestao","cripto","crypto 8d","552.0","br","chrome","web","expansao_8","2025-12-12 05:16:04","","","","","","","","","","","","","","","","","","","","","","","","","","","","","","","","","","","","","","","","","","","","","","","","","","","","","","","","","","","","","","","","","","","","","","","","","","","","","","","","","","","","","","","","","","","","","","","","","","","","","","","","","",""
"Google Suggest","sugestao","cripto","kripto 88","551.0","br","chrome","web","expansao_8","2025-12-12 05:16:04","","","","","","","","","","","","","","","","","","","","","","","","","","","","","","","","","","","","","","","","","","","","","","","","","","","","","","","","","","","","","","","","","","","","","","","","","","","","","","","","","","","","","","","","","","","","","","","","","","","","","","","","","",""
"Google Suggest","sugestao","cripto","criptograma 81","550.0","br","chrome","web","expansao_8","2025-12-12 05:16:04","","","","","","","","","","","","","","","","","","","","","","","","","","","","","","","","","","","","","","","","","","","","","","","","","","","","","","","","","","","","","","","","","","","","","","","","","","","","","","","","","","","","","","","","","","","","","","","","","","","","","","","","","",""
"Google Suggest","sugestao","cripto","cripto 99pay","601.0","br","chrome","web","expansao_9","2025-12-12 05:16:04","","","","","","","","","","","","","","","","","","","","","","","","","","","","","","","","","","","","","","","","","","","","","","","","","","","","","","","","","","","","","","","","","","","","","","","","","","","","","","","","","","","","","","","","","","","","","","","","","","","","","","","","","",""
"Google Suggest","sugestao","cripto","cripto 99","600.0","br","chrome","web","expansao_9","2025-12-12 05:16:04","","","","","","","","","","","","","","","","","","","","","","","","","","","","","","","","","","","","","","","","","","","","","","","","","","","","","","","","","","","","","","","","","","","","","","","","","","","","","","","","","","","","","","","","","","","","","","","","","","","","","","","","","",""
"Google Suggest","sugestao","cripto","crypto 9","558.0","br","chrome","web","expansao_9","2025-12-12 05:16:04","","","","","","","","","","","","","","","","","","","","","","","","","","","","","","","","","","","","","","","","","","","","","","","","","","","","","","","","","","","","","","","","","","","","","","","","","","","","","","","","","","","","","","","","","","","","","","","","","","","","","","","","","",""
"Google Suggest","sugestao","cripto","taxa cripto 99pay","557.0","br","chrome","web","expansao_9","2025-12-12 05:16:04","","","","","","","","","","","","","","","","","","","","","","","","","","","","","","","","","","","","","","","","","","","","","","","","","","","","","","","","","","","","","","","","","","","","","","","","","","","","","","","","","","","","","","","","","","","","","","","","","","","","","","","","","",""
"Google Suggest","sugestao","cripto","cripto caiu 90","556.0","br","chrome","web","expansao_9","2025-12-12 05:16:04","","","","","","","","","","","","","","","","","","","","","","","","","","","","","","","","","","","","","","","","","","","","","","","","","","","","","","","","","","","","","","","","","","","","","","","","","","","","","","","","","","","","","","","","","","","","","","","","","","","","","","","","","",""
"Google Suggest","sugestao","cripto","aura 99 crypto","555.0","br","chrome","web","expansao_9","2025-12-12 05:16:04","","","","","","","","","","","","","","","","","","","","","","","","","","","","","","","","","","","","","","","","","","","","","","","","","","","","","","","","","","","","","","","","","","","","","","","","","","","","","","","","","","","","","","","","","","","","","","","","","","","","","","","","","",""
"Google Suggest","sugestao","cripto","criptoreporte 9.0","554.0","br","chrome","web","expansao_9","2025-12-12 05:16:04","","","","","","","","","","","","","","","","","","","","","","","","","","","","","","","","","","","","","","","","","","","","","","","","","","","","","","","","","","","","","","","","","","","","","","","","","","","","","","","","","","","","","","","","","","","","","","","","","","","","","","","","","",""
"Google Suggest","sugestao","cripto","criptomoedas 99","553.0","br","chrome","web","expansao_9","2025-12-12 05:16:04","","","","","","","","","","","","","","","","","","","","","","","","","","","","","","","","","","","","","","","","","","","","","","","","","","","","","","","","","","","","","","","","","","","","","","","","","","","","","","","","","","","","","","","","","","","","","","","","","","","","","","","","","",""
"Google Suggest","sugestao","cripto","cripto cai 99","552.0","br","chrome","web","expansao_9","2025-12-12 05:16:04","","","","","","","","","","","","","","","","","","","","","","","","","","","","","","","","","","","","","","","","","","","","","","","","","","","","","","","","","","","","","","","","","","","","","","","","","","","","","","","","","","","","","","","","","","","","","","","","","","","","","","","","","",""
"Google Suggest","sugestao","cripto","crypto 911","551.0","br","chrome","web","expansao_9","2025-12-12 05:16:04","","","","","","","","","","","","","","","","","","","","","","","","","","","","","","","","","","","","","","","","","","","","","","","","","","","","","","","","","","","","","","","","","","","","","","","","","","","","","","","","","","","","","","","","","","","","","","","","","","","","","","","","","",""
"Google Suggest","sugestao","cripto","cripto o que aconteceu","601.0","br","chrome","web","categoria_Questões_o que","2025-12-12 05:16:04","","","","","","","","","","","","","","","","","","","","","","","","","","","","","","","","","","","","","","","","","","","","","","","","","","","","","","","","","","","","","","","","","","","","","","","","","","","","","","","","","","","","","","","","","","","","","","","","","","","","","","","","","",""
"Google Suggest","sugestao","cripto","cripto o que comprar","600.0","br","chrome","web","categoria_Questões_o que","2025-12-12 05:16:04","","","","","","","","","","","","","","","","","","","","","","","","","","","","","","","","","","","","","","","","","","","","","","","","","","","","","","","","","","","","","","","","","","","","","","","","","","","","","","","","","","","","","","","","","","","","","","","","","","","","","","","","","",""
"Google Suggest","sugestao","cripto","cripto que o neymar comprou","560.0","br","chrome","web","categoria_Questões_o que","2025-12-12 05:16:04","","","","","","","","","","","","","","","","","","","","","","","","","","","","","","","","","","","","","","","","","","","","","","","","","","","","","","","","","","","","","","","","","","","","","","","","","","","","","","","","","","","","","","","","","","","","","","","","","","","","","","","","","",""
"Google Suggest","sugestao","cripto","cripto que o elon musk gosta","559.0","br","chrome","web","categoria_Questões_o que","2025-12-12 05:16:04","","","","","","","","","","","","","","","","","","","","","","","","","","","","","","","","","","","","","","","","","","","","","","","","","","","","","","","","","","","","","","","","","","","","","","","","","","","","","","","","","","","","","","","","","","","","","","","","","","","","","","","","","",""
"Google Suggest","sugestao","cripto","cripto que o elon.musk","558.0","br","chrome","web","categoria_Questões_o que","2025-12-12 05:16:04","","","","","","","","","","","","","","","","","","","","","","","","","","","","","","","","","","","","","","","","","","","","","","","","","","","","","","","","","","","","","","","","","","","","","","","","","","","","","","","","","","","","","","","","","","","","","","","","","","","","","","","","","",""
"Google Suggest","sugestao","cripto","crypto monthly o que é","557.0","br","chrome","web","categoria_Questões_o que","2025-12-12 05:16:04","","","","","","","","","","","","","","","","","","","","","","","","","","","","","","","","","","","","","","","","","","","","","","","","","","","","","","","","","","","","","","","","","","","","","","","","","","","","","","","","","","","","","","","","","","","","","","","","","","","","","","","","","",""
"Google Suggest","sugestao","cripto","o'que é pro cripto","556.0","br","chrome","web","categoria_Questões_o que","2025-12-12 05:16:04","","","","","","","","","","","","","","","","","","","","","","","","","","","","","","","","","","","","","","","","","","","","","","","","","","","","","","","","","","","","","","","","","","","","","","","","","","","","","","","","","","","","","","","","","","","","","","","","","","","","","","","","","",""
"Google Suggest","sugestao","cripto","cripto xrp o que é","555.0","br","chrome","web","categoria_Questões_o que","2025-12-12 05:16:04","","","","","","","","","","","","","","","","","","","","","","","","","","","","","","","","","","","","","","","","","","","","","","","","","","","","","","","","","","","","","","","","","","","","","","","","","","","","","","","","","","","","","","","","","","","","","","","","","","","","","","","","","",""
"Google Suggest","sugestao","cripto","cripto é rastreavel","1250.0","br","chrome","web","categoria_Questões_é","2025-12-12 05:16:04","","","","","","","","","","","","","","","","","","","","","","","","","","","","","","","","","","","","","","","","","","","","","","","","","","","","","","","","","","","","","","","","","","","","","","","","","","","","","","","","","","","","","","","","","","","","","","","","","","","","","","","","","",""
"Google Suggest","sugestao","cripto","cripto é investimento","1050.0","br","chrome","web","categoria_Questões_é","2025-12-12 05:16:04","","","","","","","","","","","","","","","","","","","","","","","","","","","","","","","","","","","","","","","","","","","","","","","","","","","","","","","","","","","","","","","","","","","","","","","","","","","","","","","","","","","","","","","","","","","","","","","","","","","","","","","","","",""
"Google Suggest","sugestao","cripto","crypto é confiavel","800.0","br","chrome","web","categoria_Questões_é","2025-12-12 05:16:04","","","","","","","","","","","","","","","","","","","","","","","","","","","","","","","","","","","","","","","","","","","","","","","","","","","","","","","","","","","","","","","","","","","","","","","","","","","","","","","","","","","","","","","","","","","","","","","","","","","","","","","","","",""
"Google Suggest","sugestao","cripto","cripto é confiavel","601.0","br","chrome","web","categoria_Questões_é","2025-12-12 05:16:04","","","","","","","","","","","","","","","","","","","","","","","","","","","","","","","","","","","","","","","","","","","","","","","","","","","","","","","","","","","","","","","","","","","","","","","","","","","","","","","","","","","","","","","","","","","","","","","","","","","","","","","","","",""
"Google Suggest","sugestao","cripto","cripto é bom","600.0","br","chrome","web","categoria_Questões_é","2025-12-12 05:16:04","","","","","","","","","","","","","","","","","","","","","","","","","","","","","","","","","","","","","","","","","","","","","","","","","","","","","","","","","","","","","","","","","","","","","","","","","","","","","","","","","","","","","","","","","","","","","","","","","","","","","","","","","",""
"Google Suggest","sugestao","cripto","cripto é renda variavel","559.0","br","chrome","web","categoria_Questões_é","2025-12-12 05:16:04","","","","","","","","","","","","","","","","","","","","","","","","","","","","","","","","","","","","","","","","","","","","","","","","","","","","","","","","","","","","","","","","","","","","","","","","","","","","","","","","","","","","","","","","","","","","","","","","","","","","","","","","","",""
"Google Suggest","sugestao","cripto","cripto é isento de imposto de renda","558.0","br","chrome","web","categoria_Questões_é","2025-12-12 05:16:04","","","","","","","","","","","","","","","","","","","","","","","","","","","","","","","","","","","","","","","","","","","","","","","","","","","","","","","","","","","","","","","","","","","","","","","","","","","","","","","","","","","","","","","","","","","","","","","","","","","","","","","","","",""
"Google Suggest","sugestao","cripto","cripto é crime","557.0","br","chrome","web","categoria_Questões_é","2025-12-12 05:16:04","","","","","","","","","","","","","","","","","","","","","","","","","","","","","","","","","","","","","","","","","","","","","","","","","","","","","","","","","","","","","","","","","","","","","","","","","","","","","","","","","","","","","","","","","","","","","","","","","","","","","","","","","",""
"Google Suggest","sugestao","cripto","cripto é o futuro","556.0","br","chrome","web","categoria_Questões_é","2025-12-12 05:16:04","","","","","","","","","","","","","","","","","","","","","","","","","","","","","","","","","","","","","","","","","","","","","","","","","","","","","","","","","","","","","","","","","","","","","","","","","","","","","","","","","","","","","","","","","","","","","","","","","","","","","","","","","",""
"Google Suggest","sugestao","cripto","cripto é ilegal","555.0","br","chrome","web","categoria_Questões_é","2025-12-12 05:16:04","","","","","","","","","","","","","","","","","","","","","","","","","","","","","","","","","","","","","","","","","","","","","","","","","","","","","","","","","","","","","","","","","","","","","","","","","","","","","","","","","","","","","","","","","","","","","","","","","","","","","","","","","",""
"Google Suggest","sugestao","cripto","criptomoeda não rastreável","601.0","br","chrome","web","categoria_Questões_não é","2025-12-12 05:16:04","","","","","","","","","","","","","","","","","","","","","","","","","","","","","","","","","","","","","","","","","","","","","","","","","","","","","","","","","","","","","","","","","","","","","","","","","","","","","","","","","","","","","","","","","","","","","","","","","","","","","","","","","",""
"Google Suggest","sugestao","cripto","criptomoedas não valem nada","600.0","br","chrome","web","categoria_Questões_não é","2025-12-12 05:16:04","","","","","","","","","","","","","","","","","","","","","","","","","","","","","","","","","","","","","","","","","","","","","","","","","","","","","","","","","","","","","","","","","","","","","","","","","","","","","","","","","","","","","","","","","","","","","","","","","","","","","","","","","",""
"Google Suggest","sugestao","cripto","criptomoedas não listadas","552.0","br","chrome","web","categoria_Questões_não é","2025-12-12 05:16:04","","","","","","","","","","","","","","","","","","","","","","","","","","","","","","","","","","","","","","","","","","","","","","","","","","","","","","","","","","","","","","","","","","","","","","","","","","","","","","","","","","","","","","","","","","","","","","","","","","","","","","","","","",""
"Google Suggest","sugestao","cripto","criptomoedas não tem lastro","551.0","br","chrome","web","categoria_Questões_não é","2025-12-12 05:16:04","","","","","","","","","","","","","","","","","","","","","","","","","","","","","","","","","","","","","","","","","","","","","","","","","","","","","","","","","","","","","","","","","","","","","","","","","","","","","","","","","","","","","","","","","","","","","","","","","","","","","","","","","",""
"Google Suggest","sugestao","cripto","criptomoedas nao para de cair","550.0","br","chrome","web","categoria_Questões_não é","2025-12-12 05:16:04","","","","","","","","","","","","","","","","","","","","","","","","","","","","","","","","","","","","","","","","","","","","","","","","","","","","","","","","","","","","","","","","","","","","","","","","","","","","","","","","","","","","","","","","","","","","","","","","","","","","","","","","","",""
"Google Suggest","sugestao","cripto","cripto como funciona","1250.0","br","chrome","web","categoria_Questões_como","2025-12-12 05:16:04","","","","","","","","","","","","","","","","","","","","","","","","","","","","","","","","","","","","","","","","","","","","","","","","","","","","","","","","","","","","","","","","","","","","","","","","","","","","","","","","","","","","","","","","","","","","","","","","","","","","","","","","","",""
"Google Suggest","sugestao","cripto","cripto como investir","601.0","br","chrome","web","categoria_Questões_como","2025-12-12 05:16:04","","","","","","","","","","","","","","","","","","","","","","","","","","","","","","","","","","","","","","","","","","","","","","","","","","","","","","","","","","","","","","","","","","","","","","","","","","","","","","","","","","","","","","","","","","","","","","","","","","","","","","","","","",""
"Google Suggest","sugestao","cripto","cripto como comprar","600.0","br","chrome","web","categoria_Questões_como","2025-12-12 05:16:04","","","","","","","","","","","","","","","","","","","","","","","","","","","","","","","","","","","","","","","","","","","","","","","","","","","","","","","","","","","","","","","","","","","","","","","","","","","","","","","","","","","","","","","","","","","","","","","","","","","","","","","","","",""
"Google Suggest","sugestao","cripto","cripto como declarar","561.0","br","chrome","web","categoria_Questões_como","2025-12-12 05:16:04","","","","","","","","","","","","","","","","","","","","","","","","","","","","","","","","","","","","","","","","","","","","","","","","","","","","","","","","","","","","","","","","","","","","","","","","","","","","","","","","","","","","","","","","","","","","","","","","","","","","","","","","","",""
"Google Suggest","sugestao","cripto","cripto como","560.0","br","chrome","web","categoria_Questões_como","2025-12-12 05:16:04","","","","","","","","","","","","","","","","","","","","","","","","","","","","","","","","","","","","","","","","","","","","","","","","","","","","","","","","","","","","","","","","","","","","","","","","","","","","","","","","","","","","","","","","","","","","","","","","","","","","","","","","","",""
"Google Suggest","sugestao","cripto","como jogar crypto","559.0","br","chrome","web","categoria_Questões_como","2025-12-12 05:16:04","","","","","","","","","","","","","","","","","","","","","","","","","","","","","","","","","","","","","","","","","","","","","","","","","","","","","","","","","","","","","","","","","","","","","","","","","","","","","","","","","","","","","","","","","","","","","","","","","","","","","","","","","",""
"Google Suggest","sugestao","cripto","cripto como sacar","558.0","br","chrome","web","categoria_Questões_como","2025-12-12 05:16:04","","","","","","","","","","","","","","","","","","","","","","","","","","","","","","","","","","","","","","","","","","","","","","","","","","","","","","","","","","","","","","","","","","","","","","","","","","","","","","","","","","","","","","","","","","","","","","","","","","","","","","","","","",""
"Google Suggest","sugestao","cripto","cripto como ganhar dinheiro","557.0","br","chrome","web","categoria_Questões_como","2025-12-12 05:16:04","","","","","","","","","","","","","","","","","","","","","","","","","","","","","","","","","","","","","","","","","","","","","","","","","","","","","","","","","","","","","","","","","","","","","","","","","","","","","","","","","","","","","","","","","","","","","","","","","","","","","","","","","",""
"Google Suggest","sugestao","cripto","como invertir en crypto","556.0","br","chrome","web","categoria_Questões_como","2025-12-12 05:16:04","","","","","","","","","","","","","","","","","","","","","","","","","","","","","","","","","","","","","","","","","","","","","","","","","","","","","","","","","","","","","","","","","","","","","","","","","","","","","","","","","","","","","","","","","","","","","","","","","","","","","","","","","",""
"Google Suggest","sugestao","cripto","vas cripto como funciona","555.0","br","chrome","web","categoria_Questões_como","2025-12-12 05:16:04","","","","","","","","","","","","","","","","","","","","","","","","","","","","","","","","","","","","","","","","","","","","","","","","","","","","","","","","","","","","","","","","","","","","","","","","","","","","","","","","","","","","","","","","","","","","","","","","","","","","","","","","","",""
"Google Suggest","sugestao","cripto","por que cripto tiene poderes","601.0","br","chrome","web","categoria_Questões_por que","2025-12-12 05:16:04","","","","","","","","","","","","","","","","","","","","","","","","","","","","","","","","","","","","","","","","","","","","","","","","","","","","","","","","","","","","","","","","","","","","","","","","","","","","","","","","","","","","","","","","","","","","","","","","","","","","","","","","","",""
"Google Suggest","sugestao","cripto","porque o mercado cripto esta caindo","600.0","br","chrome","web","categoria_Questões_por que","2025-12-12 05:16:04","","","","","","","","","","","","","","","","","","","","","","","","","","","","","","","","","","","","","","","","","","","","","","","","","","","","","","","","","","","","","","","","","","","","","","","","","","","","","","","","","","","","","","","","","","","","","","","","","","","","","","","","","",""
"Google Suggest","sugestao","cripto","porque as cripto estão caindo","562.0","br","chrome","web","categoria_Questões_por que","2025-12-12 05:16:04","","","","","","","","","","","","","","","","","","","","","","","","","","","","","","","","","","","","","","","","","","","","","","","","","","","","","","","","","","","","","","","","","","","","","","","","","","","","","","","","","","","","","","","","","","","","","","","","","","","","","","","","","",""
"Google Suggest","sugestao","cripto","porque o mercado cripto caiu hoje","561.0","br","chrome","web","categoria_Questões_por que","2025-12-12 05:16:04","","","","","","","","","","","","","","","","","","","","","","","","","","","","","","","","","","","","","","","","","","","","","","","","","","","","","","","","","","","","","","","","","","","","","","","","","","","","","","","","","","","","","","","","","","","","","","","","","","","","","","","","","",""
"Google Suggest","sugestao","cripto","porque las cripto está bajando","560.0","br","chrome","web","categoria_Questões_por que","2025-12-12 05:16:04","","","","","","","","","","","","","","","","","","","","","","","","","","","","","","","","","","","","","","","","","","","","","","","","","","","","","","","","","","","","","","","","","","","","","","","","","","","","","","","","","","","","","","","","","","","","","","","","","","","","","","","","","",""
"Google Suggest","sugestao","cripto","porque las cripto estan bajando","559.0","br","chrome","web","categoria_Questões_por que","2025-12-12 05:16:04","","","","","","","","","","","","","","","","","","","","","","","","","","","","","","","","","","","","","","","","","","","","","","","","","","","","","","","","","","","","","","","","","","","","","","","","","","","","","","","","","","","","","","","","","","","","","","","","","","","","","","","","","",""
"Google Suggest","sugestao","cripto","porque bajaron las cripto hoy","558.0","br","chrome","web","categoria_Questões_por que","2025-12-12 05:16:04","","","","","","","","","","","","","","","","","","","","","","","","","","","","","","","","","","","","","","","","","","","","","","","","","","","","","","","","","","","","","","","","","","","","","","","","","","","","","","","","","","","","","","","","","","","","","","","","","","","","","","","","","",""
"Google Suggest","sugestao","cripto","porque caen las cripto","557.0","br","chrome","web","categoria_Questões_por que","2025-12-12 05:16:04","","","","","","","","","","","","","","","","","","","","","","","","","","","","","","","","","","","","","","","","","","","","","","","","","","","","","","","","","","","","","","","","","","","","","","","","","","","","","","","","","","","","","","","","","","","","","","","","","","","","","","","","","",""
"Google Suggest","sugestao","cripto","porque as cripto está subindo","556.0","br","chrome","web","categoria_Questões_por que","2025-12-12 05:16:04","","","","","","","","","","","","","","","","","","","","","","","","","","","","","","","","","","","","","","","","","","","","","","","","","","","","","","","","","","","","","","","","","","","","","","","","","","","","","","","","","","","","","","","","","","","","","","","","","","","","","","","","","",""
"Google Suggest","sugestao","cripto","porque el dolar cripto esta bajando","555.0","br","chrome","web","categoria_Questões_por que","2025-12-12 05:16:04","","","","","","","","","","","","","","","","","","","","","","","","","","","","","","","","","","","","","","","","","","","","","","","","","","","","","","","","","","","","","","","","","","","","","","","","","","","","","","","","","","","","","","","","","","","","","","","","","","","","","","","","","",""
"Google Suggest","sugestao","cripto","cripto onde comprar","601.0","br","chrome","web","categoria_Questões_onde","2025-12-12 05:16:04","","","","","","","","","","","","","","","","","","","","","","","","","","","","","","","","","","","","","","","","","","","","","","","","","","","","","","","","","","","","","","","","","","","","","","","","","","","","","","","","","","","","","","","","","","","","","","","","","","","","","","","","","",""
"Google Suggest","sugestao","cripto","cripto onde investir","600.0","br","chrome","web","categoria_Questões_onde","2025-12-12 05:16:04","","","","","","","","","","","","","","","","","","","","","","","","","","","","","","","","","","","","","","","","","","","","","","","","","","","","","","","","","","","","","","","","","","","","","","","","","","","","","","","","","","","","","","","","","","","","","","","","","","","","","","","","","",""
"Google Suggest","sugestao","cripto","cripto one","562.0","br","chrome","web","categoria_Questões_onde","2025-12-12 05:16:04","","","","","","","","","","","","","","","","","","","","","","","","","","","","","","","","","","","","","","","","","","","","","","","","","","","","","","","","","","","","","","","","","","","","","","","","","","","","","","","","","","","","","","","","","","","","","","","","","","","","","","","","","",""
"Google Suggest","sugestao","cripto","crypto onde tem na binance","561.0","br","chrome","web","categoria_Questões_onde","2025-12-12 05:16:04","","","","","","","","","","","","","","","","","","","","","","","","","","","","","","","","","","","","","","","","","","","","","","","","","","","","","","","","","","","","","","","","","","","","","","","","","","","","","","","","","","","","","","","","","","","","","","","","","","","","","","","","","",""
"Google Suggest","sugestao","cripto","bulldogito cripto onde comprar","560.0","br","chrome","web","categoria_Questões_onde","2025-12-12 05:16:04","","","","","","","","","","","","","","","","","","","","","","","","","","","","","","","","","","","","","","","","","","","","","","","","","","","","","","","","","","","","","","","","","","","","","","","","","","","","","","","","","","","","","","","","","","","","","","","","","","","","","","","","","",""
"Google Suggest","sugestao","cripto","ethervista cripto onde comprar","559.0","br","chrome","web","categoria_Questões_onde","2025-12-12 05:16:04","","","","","","","","","","","","","","","","","","","","","","","","","","","","","","","","","","","","","","","","","","","","","","","","","","","","","","","","","","","","","","","","","","","","","","","","","","","","","","","","","","","","","","","","","","","","","","","","","","","","","","","","","",""
"Google Suggest","sugestao","cripto","cripto trump onde comprar","558.0","br","chrome","web","categoria_Questões_onde","2025-12-12 05:16:04","","","","","","","","","","","","","","","","","","","","","","","","","","","","","","","","","","","","","","","","","","","","","","","","","","","","","","","","","","","","","","","","","","","","","","","","","","","","","","","","","","","","","","","","","","","","","","","","","","","","","","","","","",""
"Google Suggest","sugestao","cripto","mtaur cripto onde comprar","557.0","br","chrome","web","categoria_Questões_onde","2025-12-12 05:16:04","","","","","","","","","","","","","","","","","","","","","","","","","","","","","","","","","","","","","","","","","","","","","","","","","","","","","","","","","","","","","","","","","","","","","","","","","","","","","","","","","","","","","","","","","","","","","","","","","","","","","","","","","",""
"Google Suggest","sugestao","cripto","cripto maga onde comprar","556.0","br","chrome","web","categoria_Questões_onde","2025-12-12 05:16:04","","","","","","","","","","","","","","","","","","","","","","","","","","","","","","","","","","","","","","","","","","","","","","","","","","","","","","","","","","","","","","","","","","","","","","","","","","","","","","","","","","","","","","","","","","","","","","","","","","","","","","","","","",""
"Google Suggest","sugestao","cripto","cripto ondo onde comprar","555.0","br","chrome","web","categoria_Questões_onde","2025-12-12 05:16:04","","","","","","","","","","","","","","","","","","","","","","","","","","","","","","","","","","","","","","","","","","","","","","","","","","","","","","","","","","","","","","","","","","","","","","","","","","","","","","","","","","","","","","","","","","","","","","","","","","","","","","","","","",""
"Google Suggest","sugestao","cripto","cripto quando vender","601.0","br","chrome","web","categoria_Questões_quando","2025-12-12 05:16:04","","","","","","","","","","","","","","","","","","","","","","","","","","","","","","","","","","","","","","","","","","","","","","","","","","","","","","","","","","","","","","","","","","","","","","","","","","","","","","","","","","","","","","","","","","","","","","","","","","","","","","","","","",""
"Google Suggest","sugestao","cripto","cripto quando comprar","600.0","br","chrome","web","categoria_Questões_quando","2025-12-12 05:16:04","","","","","","","","","","","","","","","","","","","","","","","","","","","","","","","","","","","","","","","","","","","","","","","","","","","","","","","","","","","","","","","","","","","","","","","","","","","","","","","","","","","","","","","","","","","","","","","","","","","","","","","","","",""
"Google Suggest","sugestao","cripto","crypto quando saliranno","559.0","br","chrome","web","categoria_Questões_quando","2025-12-12 05:16:04","","","","","","","","","","","","","","","","","","","","","","","","","","","","","","","","","","","","","","","","","","","","","","","","","","","","","","","","","","","","","","","","","","","","","","","","","","","","","","","","","","","","","","","","","","","","","","","","","","","","","","","","","",""
"Google Suggest","sugestao","cripto","crypto quando vanno dichiarate","558.0","br","chrome","web","categoria_Questões_quando","2025-12-12 05:16:04","","","","","","","","","","","","","","","","","","","","","","","","","","","","","","","","","","","","","","","","","","","","","","","","","","","","","","","","","","","","","","","","","","","","","","","","","","","","","","","","","","","","","","","","","","","","","","","","","","","","","","","","","",""
"Google Suggest","sugestao","cripto","quando cripto vai subir","557.0","br","chrome","web","categoria_Questões_quando","2025-12-12 05:16:04","","","","","","","","","","","","","","","","","","","","","","","","","","","","","","","","","","","","","","","","","","","","","","","","","","","","","","","","","","","","","","","","","","","","","","","","","","","","","","","","","","","","","","","","","","","","","","","","","","","","","","","","","",""
"Google Suggest","sugestao","cripto","vas cripto quando foi criado","556.0","br","chrome","web","categoria_Questões_quando","2025-12-12 05:16:04","","","","","","","","","","","","","","","","","","","","","","","","","","","","","","","","","","","","","","","","","","","","","","","","","","","","","","","","","","","","","","","","","","","","","","","","","","","","","","","","","","","","","","","","","","","","","","","","","","","","","","","","","",""
"Google Suggest","sugestao","cripto","mtaur crypto quando lança","555.0","br","chrome","web","categoria_Questões_quando","2025-12-12 05:16:04","","","","","","","","","","","","","","","","","","","","","","","","","","","","","","","","","","","","","","","","","","","","","","","","","","","","","","","","","","","","","","","","","","","","","","","","","","","","","","","","","","","","","","","","","","","","","","","","","","","","","","","","","",""
"Google Suggest","sugestao","cripto","criptomoedas quando vender","554.0","br","chrome","web","categoria_Questões_quando","2025-12-12 05:16:04","","","","","","","","","","","","","","","","","","","","","","","","","","","","","","","","","","","","","","","","","","","","","","","","","","","","","","","","","","","","","","","","","","","","","","","","","","","","","","","","","","","","","","","","","","","","","","","","","","","","","","","","","",""
"Google Suggest","sugestao","cripto","criptomoedas quando surgiu","553.0","br","chrome","web","categoria_Questões_quando","2025-12-12 05:16:04","","","","","","","","","","","","","","","","","","","","","","","","","","","","","","","","","","","","","","","","","","","","","","","","","","","","","","","","","","","","","","","","","","","","","","","","","","","","","","","","","","","","","","","","","","","","","","","","","","","","","","","","","",""
"Google Suggest","sugestao","cripto","criptomoedas quando comprar","552.0","br","chrome","web","categoria_Questões_quando","2025-12-12 05:16:04","","","","","","","","","","","","","","","","","","","","","","","","","","","","","","","","","","","","","","","","","","","","","","","","","","","","","","","","","","","","","","","","","","","","","","","","","","","","","","","","","","","","","","","","","","","","","","","","","","","","","","","","","",""
"Google Suggest","sugestao","cripto","cripto qual comprar","601.0","br","chrome","web","categoria_Questões_qual","2025-12-12 05:16:04","","","","","","","","","","","","","","","","","","","","","","","","","","","","","","","","","","","","","","","","","","","","","","","","","","","","","","","","","","","","","","","","","","","","","","","","","","","","","","","","","","","","","","","","","","","","","","","","","","","","","","","","","",""
"Google Suggest","sugestao","cripto","cripto qual investir","600.0","br","chrome","web","categoria_Questões_qual","2025-12-12 05:16:04","","","","","","","","","","","","","","","","","","","","","","","","","","","","","","","","","","","","","","","","","","","","","","","","","","","","","","","","","","","","","","","","","","","","","","","","","","","","","","","","","","","","","","","","","","","","","","","","","","","","","","","","","",""
"Google Suggest","sugestao","cripto","qual cripto comprar hoje","562.0","br","chrome","web","categoria_Questões_qual","2025-12-12 05:16:04","","","","","","","","","","","","","","","","","","","","","","","","","","","","","","","","","","","","","","","","","","","","","","","","","","","","","","","","","","","","","","","","","","","","","","","","","","","","","","","","","","","","","","","","","","","","","","","","","","","","","","","","","",""
"Google Suggest","sugestao","cripto","qual cripto vai disparar em 2025","561.0","br","chrome","web","categoria_Questões_qual","2025-12-12 05:16:04","","","","","","","","","","","","","","","","","","","","","","","","","","","","","","","","","","","","","","","","","","","","","","","","","","","","","","","","","","","","","","","","","","","","","","","","","","","","","","","","","","","","","","","","","","","","","","","","","","","","","","","","","",""
"Google Suggest","sugestao","cripto","qual cripto investir hoje","560.0","br","chrome","web","categoria_Questões_qual","2025-12-12 05:16:04","","","","","","","","","","","","","","","","","","","","","","","","","","","","","","","","","","","","","","","","","","","","","","","","","","","","","","","","","","","","","","","","","","","","","","","","","","","","","","","","","","","","","","","","","","","","","","","","","","","","","","","","","",""
"Google Suggest","sugestao","cripto","qual cripto vai explodir em 2025","559.0","br","chrome","web","categoria_Questões_qual","2025-12-12 05:16:04","","","","","","","","","","","","","","","","","","","","","","","","","","","","","","","","","","","","","","","","","","","","","","","","","","","","","","","","","","","","","","","","","","","","","","","","","","","","","","","","","","","","","","","","","","","","","","","","","","","","","","","","","",""
"Google Suggest","sugestao","cripto","qual cripto vai disparar","558.0","br","chrome","web","categoria_Questões_qual","2025-12-12 05:16:04","","","","","","","","","","","","","","","","","","","","","","","","","","","","","","","","","","","","","","","","","","","","","","","","","","","","","","","","","","","","","","","","","","","","","","","","","","","","","","","","","","","","","","","","","","","","","","","","","","","","","","","","","",""
"Google Suggest","sugestao","cripto","qual cripto vai explodir","557.0","br","chrome","web","categoria_Questões_qual","2025-12-12 05:16:04","","","","","","","","","","","","","","","","","","","","","","","","","","","","","","","","","","","","","","","","","","","","","","","","","","","","","","","","","","","","","","","","","","","","","","","","","","","","","","","","","","","","","","","","","","","","","","","","","","","","","","","","","",""
"Google Suggest","sugestao","cripto","qual cripto do trump","556.0","br","chrome","web","categoria_Questões_qual","2025-12-12 05:16:04","","","","","","","","","","","","","","","","","","","","","","","","","","","","","","","","","","","","","","","","","","","","","","","","","","","","","","","","","","","","","","","","","","","","","","","","","","","","","","","","","","","","","","","","","","","","","","","","","","","","","","","","","",""
"Google Suggest","sugestao","cripto","qual cripto pode explodir","555.0","br","chrome","web","categoria_Questões_qual","2025-12-12 05:16:04","","","","","","","","","","","","","","","","","","","","","","","","","","","","","","","","","","","","","","","","","","","","","","","","","","","","","","","","","","","","","","","","","","","","","","","","","","","","","","","","","","","","","","","","","","","","","","","","","","","","","","","","","",""
"Google Suggest","sugestao","cripto","crypto quanto","601.0","br","chrome","web","categoria_Questões_quanto","2025-12-12 05:16:04","","","","","","","","","","","","","","","","","","","","","","","","","","","","","","","","","","","","","","","","","","","","","","","","","","","","","","","","","","","","","","","","","","","","","","","","","","","","","","","","","","","","","","","","","","","","","","","","","","","","","","","","","",""
"Google Suggest","sugestao","cripto","cripto quanto vale","600.0","br","chrome","web","categoria_Questões_quanto","2025-12-12 05:16:04","","","","","","","","","","","","","","","","","","","","","","","","","","","","","","","","","","","","","","","","","","","","","","","","","","","","","","","","","","","","","","","","","","","","","","","","","","","","","","","","","","","","","","","","","","","","","","","","","","","","","","","","","",""
"Google Suggest","sugestao","cripto","cripto quanto vale a pena","560.0","br","chrome","web","categoria_Questões_quanto","2025-12-12 05:16:04","","","","","","","","","","","","","","","","","","","","","","","","","","","","","","","","","","","","","","","","","","","","","","","","","","","","","","","","","","","","","","","","","","","","","","","","","","","","","","","","","","","","","","","","","","","","","","","","","","","","","","","","","",""
"Google Suggest","sugestao","cripto","cripto quanto custa","559.0","br","chrome","web","categoria_Questões_quanto","2025-12-12 05:16:04","","","","","","","","","","","","","","","","","","","","","","","","","","","","","","","","","","","","","","","","","","","","","","","","","","","","","","","","","","","","","","","","","","","","","","","","","","","","","","","","","","","","","","","","","","","","","","","","","","","","","","","","","",""
"Google Suggest","sugestao","cripto","cripto trump quanto vale","558.0","br","chrome","web","categoria_Questões_quanto","2025-12-12 05:16:04","","","","","","","","","","","","","","","","","","","","","","","","","","","","","","","","","","","","","","","","","","","","","","","","","","","","","","","","","","","","","","","","","","","","","","","","","","","","","","","","","","","","","","","","","","","","","","","","","","","","","","","","","",""
"Google Suggest","sugestao","cripto","cripto pi quanto vale","557.0","br","chrome","web","categoria_Questões_quanto","2025-12-12 05:16:04","","","","","","","","","","","","","","","","","","","","","","","","","","","","","","","","","","","","","","","","","","","","","","","","","","","","","","","","","","","","","","","","","","","","","","","","","","","","","","","","","","","","","","","","","","","","","","","","","","","","","","","","","",""
"Google Suggest","sugestao","cripto","crypto trump quanto custa","556.0","br","chrome","web","categoria_Questões_quanto","2025-12-12 05:16:04","","","","","","","","","","","","","","","","","","","","","","","","","","","","","","","","","","","","","","","","","","","","","","","","","","","","","","","","","","","","","","","","","","","","","","","","","","","","","","","","","","","","","","","","","","","","","","","","","","","","","","","","","",""
"Google Suggest","sugestao","cripto","cripto pepe quanto vale","555.0","br","chrome","web","categoria_Questões_quanto","2025-12-12 05:16:04","","","","","","","","","","","","","","","","","","","","","","","","","","","","","","","","","","","","","","","","","","","","","","","","","","","","","","","","","","","","","","","","","","","","","","","","","","","","","","","","","","","","","","","","","","","","","","","","","","","","","","","","","",""
"Google Suggest","sugestao","cripto","bulldogito cripto quanto vale","554.0","br","chrome","web","categoria_Questões_quanto","2025-12-12 05:16:04","","","","","","","","","","","","","","","","","","","","","","","","","","","","","","","","","","","","","","","","","","","","","","","","","","","","","","","","","","","","","","","","","","","","","","","","","","","","","","","","","","","","","","","","","","","","","","","","","","","","","","","","","",""
"Google Suggest","sugestao","cripto","criptomoeda quanto vale","553.0","br","chrome","web","categoria_Questões_quanto","2025-12-12 05:16:04","","","","","","","","","","","","","","","","","","","","","","","","","","","","","","","","","","","","","","","","","","","","","","","","","","","","","","","","","","","","","","","","","","","","","","","","","","","","","","","","","","","","","","","","","","","","","","","","","","","","","","","","","",""
"Google Suggest","sugestao","cripto","cripto de elon musk","601.0","br","chrome","web","categoria_Preposições_de","2025-12-12 05:16:04","","","","","","","","","","","","","","","","","","","","","","","","","","","","","","","","","","","","","","","","","","","","","","","","","","","","","","","","","","","","","","","","","","","","","","","","","","","","","","","","","","","","","","","","","","","","","","","","","","","","","","","","","",""
"Google Suggest","sugestao","cripto","cripto de dolar","600.0","br","chrome","web","categoria_Preposições_de","2025-12-12 05:16:04","","","","","","","","","","","","","","","","","","","","","","","","","","","","","","","","","","","","","","","","","","","","","","","","","","","","","","","","","","","","","","","","","","","","","","","","","","","","","","","","","","","","","","","","","","","","","","","","","","","","","","","","","",""
"Google Suggest","sugestao","cripto","cripto de prata","560.0","br","chrome","web","categoria_Preposições_de","2025-12-12 05:16:04","","","","","","","","","","","","","","","","","","","","","","","","","","","","","","","","","","","","","","","","","","","","","","","","","","","","","","","","","","","","","","","","","","","","","","","","","","","","","","","","","","","","","","","","","","","","","","","","","","","","","","","","","",""
"Google Suggest","sugestao","cripto","cripto de jogos","559.0","br","chrome","web","categoria_Preposições_de","2025-12-12 05:16:04","","","","","","","","","","","","","","","","","","","","","","","","","","","","","","","","","","","","","","","","","","","","","","","","","","","","","","","","","","","","","","","","","","","","","","","","","","","","","","","","","","","","","","","","","","","","","","","","","","","","","","","","","",""
"Google Suggest","sugestao","cripto","cripto de inteligência artificial","558.0","br","chrome","web","categoria_Preposições_de","2025-12-12 05:16:04","","","","","","","","","","","","","","","","","","","","","","","","","","","","","","","","","","","","","","","","","","","","","","","","","","","","","","","","","","","","","","","","","","","","","","","","","","","","","","","","","","","","","","","","","","","","","","","","","","","","","","","","","",""
"Google Suggest","sugestao","cripto","cripto de privacidade","557.0","br","chrome","web","categoria_Preposições_de","2025-12-12 05:16:04","","","","","","","","","","","","","","","","","","","","","","","","","","","","","","","","","","","","","","","","","","","","","","","","","","","","","","","","","","","","","","","","","","","","","","","","","","","","","","","","","","","","","","","","","","","","","","","","","","","","","","","","","",""
"Google Suggest","sugestao","cripto","cripto de euro","556.0","br","chrome","web","categoria_Preposições_de","2025-12-12 05:16:04","","","","","","","","","","","","","","","","","","","","","","","","","","","","","","","","","","","","","","","","","","","","","","","","","","","","","","","","","","","","","","","","","","","","","","","","","","","","","","","","","","","","","","","","","","","","","","","","","","","","","","","","","",""
"Google Suggest","sugestao","cripto","cripto de trump","555.0","br","chrome","web","categoria_Preposições_de","2025-12-12 05:16:04","","","","","","","","","","","","","","","","","","","","","","","","","","","","","","","","","","","","","","","","","","","","","","","","","","","","","","","","","","","","","","","","","","","","","","","","","","","","","","","","","","","","","","","","","","","","","","","","","","","","","","","","","",""
"Google Suggest","sugestao","cripto","cripto para investir","1251.0","br","chrome","web","categoria_Preposições_para","2025-12-12 05:16:04","","","","","","","","","","","","","","","","","","","","","","","","","","","","","","","","","","","","","","","","","","","","","","","","","","","","","","","","","","","","","","","","","","","","","","","","","","","","","","","","","","","","","","","","","","","","","","","","","","","","","","","","","",""
"Google Suggest","sugestao","cripto","cripto para 2026","1250.0","br","chrome","web","categoria_Preposições_para","2025-12-12 05:16:04","","","","","","","","","","","","","","","","","","","","","","","","","","","","","","","","","","","","","","","","","","","","","","","","","","","","","","","","","","","","","","","","","","","","","","","","","","","","","","","","","","","","","","","","","","","","","","","","","","","","","","","","","",""
"Google Suggest","sugestao","cripto","cripto para real","602.0","br","chrome","web","categoria_Preposições_para","2025-12-12 05:16:04","","","","","","","","","","","","","","","","","","","","","","","","","","","","","","","","","","","","","","","","","","","","","","","","","","","","","","","","","","","","","","","","","","","","","","","","","","","","","","","","","","","","","","","","","","","","","","","","","","","","","","","","","",""
"Google Suggest","sugestao","cripto","cripto para iniciantes","601.0","br","chrome","web","categoria_Preposições_para","2025-12-12 05:16:04","","","","","","","","","","","","","","","","","","","","","","","","","","","","","","","","","","","","","","","","","","","","","","","","","","","","","","","","","","","","","","","","","","","","","","","","","","","","","","","","","","","","","","","","","","","","","","","","","","","","","","","","","",""
"Google Suggest","sugestao","cripto","cripto para imprimir","600.0","br","chrome","web","categoria_Preposições_para","2025-12-12 05:16:04","","","","","","","","","","","","","","","","","","","","","","","","","","","","","","","","","","","","","","","","","","","","","","","","","","","","","","","","","","","","","","","","","","","","","","","","","","","","","","","","","","","","","","","","","","","","","","","","","","","","","","","","","",""
"Google Suggest","sugestao","cripto","cripto para investir em 2026","558.0","br","chrome","web","categoria_Preposições_para","2025-12-12 05:16:04","","","","","","","","","","","","","","","","","","","","","","","","","","","","","","","","","","","","","","","","","","","","","","","","","","","","","","","","","","","","","","","","","","","","","","","","","","","","","","","","","","","","","","","","","","","","","","","","","","","","","","","","","",""
"Google Suggest","sugestao","cripto","cripto para investir em 2025","557.0","br","chrome","web","categoria_Preposições_para","2025-12-12 05:16:04","","","","","","","","","","","","","","","","","","","","","","","","","","","","","","","","","","","","","","","","","","","","","","","","","","","","","","","","","","","","","","","","","","","","","","","","","","","","","","","","","","","","","","","","","","","","","","","","","","","","","","","","","",""
"Google Suggest","sugestao","cripto","cripto para longo prazo","556.0","br","chrome","web","categoria_Preposições_para","2025-12-12 05:16:04","","","","","","","","","","","","","","","","","","","","","","","","","","","","","","","","","","","","","","","","","","","","","","","","","","","","","","","","","","","","","","","","","","","","","","","","","","","","","","","","","","","","","","","","","","","","","","","","","","","","","","","","","",""
"Google Suggest","sugestao","cripto","cripto para comprar","555.0","br","chrome","web","categoria_Preposições_para","2025-12-12 05:16:04","","","","","","","","","","","","","","","","","","","","","","","","","","","","","","","","","","","","","","","","","","","","","","","","","","","","","","","","","","","","","","","","","","","","","","","","","","","","","","","","","","","","","","","","","","","","","","","","","","","","","","","","","",""
"Google Suggest","sugestao","cripto","cripto com potencial de crescimento","1250.0","br","chrome","web","categoria_Preposições_com","2025-12-12 05:16:04","","","","","","","","","","","","","","","","","","","","","","","","","","","","","","","","","","","","","","","","","","","","","","","","","","","","","","","","","","","","","","","","","","","","","","","","","","","","","","","","","","","","","","","","","","","","","","","","","","","","","","","","","",""
"Google Suggest","sugestao","cripto","cripto com fe","900.0","br","chrome","web","categoria_Preposições_com","2025-12-12 05:16:04","","","","","","","","","","","","","","","","","","","","","","","","","","","","","","","","","","","","","","","","","","","","","","","","","","","","","","","","","","","","","","","","","","","","","","","","","","","","","","","","","","","","","","","","","","","","","","","","","","","","","","","","","",""
"Google Suggest","sugestao","cripto","cripto com lastro em ouro","602.0","br","chrome","web","categoria_Preposições_com","2025-12-12 05:16:04","","","","","","","","","","","","","","","","","","","","","","","","","","","","","","","","","","","","","","","","","","","","","","","","","","","","","","","","","","","","","","","","","","","","","","","","","","","","","","","","","","","","","","","","","","","","","","","","","","","","","","","","","",""
"Google Suggest","sugestao","cripto","cripto com potencial de crescimento 2025","601.0","br","chrome","web","categoria_Preposições_com","2025-12-12 05:16:04","","","","","","","","","","","","","","","","","","","","","","","","","","","","","","","","","","","","","","","","","","","","","","","","","","","","","","","","","","","","","","","","","","","","","","","","","","","","","","","","","","","","","","","","","","","","","","","","","","","","","","","","","",""
"Google Suggest","sugestao","cripto","cripto com cartao","600.0","br","chrome","web","categoria_Preposições_com","2025-12-12 05:16:04","","","","","","","","","","","","","","","","","","","","","","","","","","","","","","","","","","","","","","","","","","","","","","","","","","","","","","","","","","","","","","","","","","","","","","","","","","","","","","","","","","","","","","","","","","","","","","","","","","","","","","","","","",""
"Google Suggest","sugestao","cripto","cripto com mack","559.0","br","chrome","web","categoria_Preposições_com","2025-12-12 05:16:04","","","","","","","","","","","","","","","","","","","","","","","","","","","","","","","","","","","","","","","","","","","","","","","","","","","","","","","","","","","","","","","","","","","","","","","","","","","","","","","","","","","","","","","","","","","","","","","","","","","","","","","","","",""
"Google Suggest","sugestao","cripto","cripto com chance de crescimento","558.0","br","chrome","web","categoria_Preposições_com","2025-12-12 05:16:04","","","","","","","","","","","","","","","","","","","","","","","","","","","","","","","","","","","","","","","","","","","","","","","","","","","","","","","","","","","","","","","","","","","","","","","","","","","","","","","","","","","","","","","","","","","","","","","","","","","","","","","","","",""
"Google Suggest","sugestao","cripto","crypto com login","557.0","br","chrome","web","categoria_Preposições_com","2025-12-12 05:16:04","","","","","","","","","","","","","","","","","","","","","","","","","","","","","","","","","","","","","","","","","","","","","","","","","","","","","","","","","","","","","","","","","","","","","","","","","","","","","","","","","","","","","","","","","","","","","","","","","","","","","","","","","",""
"Google Suggest","sugestao","cripto","cripto com alto potencial de crescimento","556.0","br","chrome","web","categoria_Preposições_com","2025-12-12 05:16:04","","","","","","","","","","","","","","","","","","","","","","","","","","","","","","","","","","","","","","","","","","","","","","","","","","","","","","","","","","","","","","","","","","","","","","","","","","","","","","","","","","","","","","","","","","","","","","","","","","","","","","","","","",""
"Google Suggest","sugestao","cripto","crypto com é confiavel","555.0","br","chrome","web","categoria_Preposições_com","2025-12-12 05:16:04","","","","","","","","","","","","","","","","","","","","","","","","","","","","","","","","","","","","","","","","","","","","","","","","","","","","","","","","","","","","","","","","","","","","","","","","","","","","","","","","","","","","","","","","","","","","","","","","","","","","","","","","","",""
"Google Suggest","sugestao","cripto","cripto sem kyc","1251.0","br","chrome","web","categoria_Preposições_sem","2025-12-12 05:16:04","","","","","","","","","","","","","","","","","","","","","","","","","","","","","","","","","","","","","","","","","","","","","","","","","","","","","","","","","","","","","","","","","","","","","","","","","","","","","","","","","","","","","","","","","","","","","","","","","","","","","","","","","",""
"Google Suggest","sugestao","cripto","cripto sem taxa","1250.0","br","chrome","web","categoria_Preposições_sem","2025-12-12 05:16:04","","","","","","","","","","","","","","","","","","","","","","","","","","","","","","","","","","","","","","","","","","","","","","","","","","","","","","","","","","","","","","","","","","","","","","","","","","","","","","","","","","","","","","","","","","","","","","","","","","","","","","","","","",""
"Google Suggest","sugestao","cripto","cripto sem ko","601.0","br","chrome","web","categoria_Preposições_sem","2025-12-12 05:16:04","","","","","","","","","","","","","","","","","","","","","","","","","","","","","","","","","","","","","","","","","","","","","","","","","","","","","","","","","","","","","","","","","","","","","","","","","","","","","","","","","","","","","","","","","","","","","","","","","","","","","","","","","",""
"Google Suggest","sugestao","cripto","cripto sem imposto","600.0","br","chrome","web","categoria_Preposições_sem","2025-12-12 05:16:04","","","","","","","","","","","","","","","","","","","","","","","","","","","","","","","","","","","","","","","","","","","","","","","","","","","","","","","","","","","","","","","","","","","","","","","","","","","","","","","","","","","","","","","","","","","","","","","","","","","","","","","","","",""
"Google Suggest","sugestao","cripto","cripto sem liquidez","560.0","br","chrome","web","categoria_Preposições_sem","2025-12-12 05:16:04","","","","","","","","","","","","","","","","","","","","","","","","","","","","","","","","","","","","","","","","","","","","","","","","","","","","","","","","","","","","","","","","","","","","","","","","","","","","","","","","","","","","","","","","","","","","","","","","","","","","","","","","","",""
"Google Suggest","sugestao","cripto","cripto sem enrolação","559.0","br","chrome","web","categoria_Preposições_sem","2025-12-12 05:16:04","","","","","","","","","","","","","","","","","","","","","","","","","","","","","","","","","","","","","","","","","","","","","","","","","","","","","","","","","","","","","","","","","","","","","","","","","","","","","","","","","","","","","","","","","","","","","","","","","","","","","","","","","",""
"Google Suggest","sugestao","cripto","cartão cripto sem kyc","558.0","br","chrome","web","categoria_Preposições_sem","2025-12-12 05:16:04","","","","","","","","","","","","","","","","","","","","","","","","","","","","","","","","","","","","","","","","","","","","","","","","","","","","","","","","","","","","","","","","","","","","","","","","","","","","","","","","","","","","","","","","","","","","","","","","","","","","","","","","","",""
"Google Suggest","sugestao","cripto","comprar cripto sem kyc","557.0","br","chrome","web","categoria_Preposições_sem","2025-12-12 05:16:04","","","","","","","","","","","","","","","","","","","","","","","","","","","","","","","","","","","","","","","","","","","","","","","","","","","","","","","","","","","","","","","","","","","","","","","","","","","","","","","","","","","","","","","","","","","","","","","","","","","","","","","","","",""
"Google Suggest","sugestao","cripto","corretora cripto sem kyc","556.0","br","chrome","web","categoria_Preposições_sem","2025-12-12 05:16:04","","","","","","","","","","","","","","","","","","","","","","","","","","","","","","","","","","","","","","","","","","","","","","","","","","","","","","","","","","","","","","","","","","","","","","","","","","","","","","","","","","","","","","","","","","","","","","","","","","","","","","","","","",""
"Google Suggest","sugestao","cripto","comprar cripto sem taxa","555.0","br","chrome","web","categoria_Preposições_sem","2025-12-12 05:16:04","","","","","","","","","","","","","","","","","","","","","","","","","","","","","","","","","","","","","","","","","","","","","","","","","","","","","","","","","","","","","","","","","","","","","","","","","","","","","","","","","","","","","","","","","","","","","","","","","","","","","","","","","",""
"Google Suggest","sugestao","cripto","crypto sobre ia","601.0","br","chrome","web","categoria_Preposições_sobre","2025-12-12 05:16:04","","","","","","","","","","","","","","","","","","","","","","","","","","","","","","","","","","","","","","","","","","","","","","","","","","","","","","","","","","","","","","","","","","","","","","","","","","","","","","","","","","","","","","","","","","","","","","","","","","","","","","","","","",""
"Google Suggest","sugestao","cripto","cripto sobre ia","600.0","br","chrome","web","categoria_Preposições_sobre","2025-12-12 05:16:04","","","","","","","","","","","","","","","","","","","","","","","","","","","","","","","","","","","","","","","","","","","","","","","","","","","","","","","","","","","","","","","","","","","","","","","","","","","","","","","","","","","","","","","","","","","","","","","","","","","","","","","","","",""
"Google Suggest","sugestao","cripto","sobre cripto","562.0","br","chrome","web","categoria_Preposições_sobre","2025-12-12 05:16:04","","","","","","","","","","","","","","","","","","","","","","","","","","","","","","","","","","","","","","","","","","","","","","","","","","","","","","","","","","","","","","","","","","","","","","","","","","","","","","","","","","","","","","","","","","","","","","","","","","","","","","","","","",""
"Google Suggest","sugestao","cripto","imposto sobre cripto","561.0","br","chrome","web","categoria_Preposições_sobre","2025-12-12 05:16:04","","","","","","","","","","","","","","","","","","","","","","","","","","","","","","","","","","","","","","","","","","","","","","","","","","","","","","","","","","","","","","","","","","","","","","","","","","","","","","","","","","","","","","","","","","","","","","","","","","","","","","","","","",""
"Google Suggest","sugestao","cripto","noticias sobre cripto","560.0","br","chrome","web","categoria_Preposições_sobre","2025-12-12 05:16:04","","","","","","","","","","","","","","","","","","","","","","","","","","","","","","","","","","","","","","","","","","","","","","","","","","","","","","","","","","","","","","","","","","","","","","","","","","","","","","","","","","","","","","","","","","","","","","","","","","","","","","","","","",""
"Google Suggest","sugestao","cripto","tudo sobre cripto","559.0","br","chrome","web","categoria_Preposições_sobre","2025-12-12 05:16:04","","","","","","","","","","","","","","","","","","","","","","","","","","","","","","","","","","","","","","","","","","","","","","","","","","","","","","","","","","","","","","","","","","","","","","","","","","","","","","","","","","","","","","","","","","","","","","","","","","","","","","","","","",""
"Google Suggest","sugestao","cripto","avaliações sobre cripto solar energy americana","558.0","br","chrome","web","categoria_Preposições_sobre","2025-12-12 05:16:04","","","","","","","","","","","","","","","","","","","","","","","","","","","","","","","","","","","","","","","","","","","","","","","","","","","","","","","","","","","","","","","","","","","","","","","","","","","","","","","","","","","","","","","","","","","","","","","","","","","","","","","","","",""
"Google Suggest","sugestao","cripto","trump sobre cripto","557.0","br","chrome","web","categoria_Preposições_sobre","2025-12-12 05:16:04","","","","","","","","","","","","","","","","","","","","","","","","","","","","","","","","","","","","","","","","","","","","","","","","","","","","","","","","","","","","","","","","","","","","","","","","","","","","","","","","","","","","","","","","","","","","","","","","","","","","","","","","","",""
"Google Suggest","sugestao","cripto","livros sobre cripto","556.0","br","chrome","web","categoria_Preposições_sobre","2025-12-12 05:16:04","","","","","","","","","","","","","","","","","","","","","","","","","","","","","","","","","","","","","","","","","","","","","","","","","","","","","","","","","","","","","","","","","","","","","","","","","","","","","","","","","","","","","","","","","","","","","","","","","","","","","","","","","",""
"Google Suggest","sugestao","cripto","filme sobre cripto","555.0","br","chrome","web","categoria_Preposições_sobre","2025-12-12 05:16:04","","","","","","","","","","","","","","","","","","","","","","","","","","","","","","","","","","","","","","","","","","","","","","","","","","","","","","","","","","","","","","","","","","","","","","","","","","","","","","","","","","","","","","","","","","","","","","","","","","","","","","","","","",""
"Google Suggest","sugestao","cripto","cripto contentos","601.0","br","chrome","web","categoria_Preposições_contra","2025-12-12 05:16:04","","","","","","","","","","","","","","","","","","","","","","","","","","","","","","","","","","","","","","","","","","","","","","","","","","","","","","","","","","","","","","","","","","","","","","","","","","","","","","","","","","","","","","","","","","","","","","","","","","","","","","","","","",""
"Google Suggest","sugestao","cripto","cripto conflux","600.0","br","chrome","web","categoria_Preposições_contra","2025-12-12 05:16:04","","","","","","","","","","","","","","","","","","","","","","","","","","","","","","","","","","","","","","","","","","","","","","","","","","","","","","","","","","","","","","","","","","","","","","","","","","","","","","","","","","","","","","","","","","","","","","","","","","","","","","","","","",""
"Google Suggest","sugestao","cripto","cripto de contratos inteligentes","552.0","br","chrome","web","categoria_Preposições_contra","2025-12-12 05:16:04","","","","","","","","","","","","","","","","","","","","","","","","","","","","","","","","","","","","","","","","","","","","","","","","","","","","","","","","","","","","","","","","","","","","","","","","","","","","","","","","","","","","","","","","","","","","","","","","","","","","","","","","","",""
"Google Suggest","sugestao","cripto","cripto converter","551.0","br","chrome","web","categoria_Preposições_contra","2025-12-12 05:16:04","","","","","","","","","","","","","","","","","","","","","","","","","","","","","","","","","","","","","","","","","","","","","","","","","","","","","","","","","","","","","","","","","","","","","","","","","","","","","","","","","","","","","","","","","","","","","","","","","","","","","","","","","",""
"Google Suggest","sugestao","cripto","cripto cos","550.0","br","chrome","web","categoria_Preposições_contra","2025-12-12 05:16:04","","","","","","","","","","","","","","","","","","","","","","","","","","","","","","","","","","","","","","","","","","","","","","","","","","","","","","","","","","","","","","","","","","","","","","","","","","","","","","","","","","","","","","","","","","","","","","","","","","","","","","","","","",""
"Google Suggest","sugestao","cripto","cripto ata","601.0","br","chrome","web","categoria_Preposições_até","2025-12-12 05:16:04","","","","","","","","","","","","","","","","","","","","","","","","","","","","","","","","","","","","","","","","","","","","","","","","","","","","","","","","","","","","","","","","","","","","","","","","","","","","","","","","","","","","","","","","","","","","","","","","","","","","","","","","","",""
"Google Suggest","sugestao","cripto","bitcoin até o final do ano","600.0","br","chrome","web","categoria_Preposições_até","2025-12-12 05:16:04","","","","","","","","","","","","","","","","","","","","","","","","","","","","","","","","","","","","","","","","","","","","","","","","","","","","","","","","","","","","","","","","","","","","","","","","","","","","","","","","","","","","","","","","","","","","","","","","","","","","","","","","","",""
"Google Suggest","sugestao","cripto","cripto a longo prazo","552.0","br","chrome","web","categoria_Preposições_até","2025-12-12 05:16:04","","","","","","","","","","","","","","","","","","","","","","","","","","","","","","","","","","","","","","","","","","","","","","","","","","","","","","","","","","","","","","","","","","","","","","","","","","","","","","","","","","","","","","","","","","","","","","","","","","","","","","","","","",""
"Google Suggest","sugestao","cripto","cripto aptos","551.0","br","chrome","web","categoria_Preposições_até","2025-12-12 05:16:04","","","","","","","","","","","","","","","","","","","","","","","","","","","","","","","","","","","","","","","","","","","","","","","","","","","","","","","","","","","","","","","","","","","","","","","","","","","","","","","","","","","","","","","","","","","","","","","","","","","","","","","","","",""
"Google Suggest","sugestao","cripto","cripto ativo","550.0","br","chrome","web","categoria_Preposições_até","2025-12-12 05:16:04","","","","","","","","","","","","","","","","","","","","","","","","","","","","","","","","","","","","","","","","","","","","","","","","","","","","","","","","","","","","","","","","","","","","","","","","","","","","","","","","","","","","","","","","","","","","","","","","","","","","","","","","","",""
"Google Suggest","sugestao","cripto","crypto vs binance","1250.0","br","chrome","web","categoria_Comparações_vs","2025-12-12 05:16:04","","","","","","","","","","","","","","","","","","","","","","","","","","","","","","","","","","","","","","","","","","","","","","","","","","","","","","","","","","","","","","","","","","","","","","","","","","","","","","","","","","","","","","","","","","","","","","","","","","","","","","","","","",""
"Google Suggest","sugestao","cripto","vs crypto","601.0","br","chrome","web","categoria_Comparações_vs","2025-12-12 05:16:04","","","","","","","","","","","","","","","","","","","","","","","","","","","","","","","","","","","","","","","","","","","","","","","","","","","","","","","","","","","","","","","","","","","","","","","","","","","","","","","","","","","","","","","","","","","","","","","","","","","","","","","","","",""
"Google Suggest","sugestao","cripto","crypto vs bitcoin","600.0","br","chrome","web","categoria_Comparações_vs","2025-12-12 05:16:04","","","","","","","","","","","","","","","","","","","","","","","","","","","","","","","","","","","","","","","","","","","","","","","","","","","","","","","","","","","","","","","","","","","","","","","","","","","","","","","","","","","","","","","","","","","","","","","","","","","","","","","","","",""
"Google Suggest","sugestao","cripto","crypto vs forex","561.0","br","chrome","web","categoria_Comparações_vs","2025-12-12 05:16:04","","","","","","","","","","","","","","","","","","","","","","","","","","","","","","","","","","","","","","","","","","","","","","","","","","","","","","","","","","","","","","","","","","","","","","","","","","","","","","","","","","","","","","","","","","","","","","","","","","","","","","","","","",""
"Google Suggest","sugestao","cripto","crypto vs coinbase","560.0","br","chrome","web","categoria_Comparações_vs","2025-12-12 05:16:04","","","","","","","","","","","","","","","","","","","","","","","","","","","","","","","","","","","","","","","","","","","","","","","","","","","","","","","","","","","","","","","","","","","","","","","","","","","","","","","","","","","","","","","","","","","","","","","","","","","","","","","","","",""
"Google Suggest","sugestao","cripto","crypto vs stocks","559.0","br","chrome","web","categoria_Comparações_vs","2025-12-12 05:16:04","","","","","","","","","","","","","","","","","","","","","","","","","","","","","","","","","","","","","","","","","","","","","","","","","","","","","","","","","","","","","","","","","","","","","","","","","","","","","","","","","","","","","","","","","","","","","","","","","","","","","","","","","",""
"Google Suggest","sugestao","cripto","crypto vs zim","558.0","br","chrome","web","categoria_Comparações_vs","2025-12-12 05:16:04","","","","","","","","","","","","","","","","","","","","","","","","","","","","","","","","","","","","","","","","","","","","","","","","","","","","","","","","","","","","","","","","","","","","","","","","","","","","","","","","","","","","","","","","","","","","","","","","","","","","","","","","","",""
"Google Suggest","sugestao","cripto","crypto vs dólar","557.0","br","chrome","web","categoria_Comparações_vs","2025-12-12 05:16:04","","","","","","","","","","","","","","","","","","","","","","","","","","","","","","","","","","","","","","","","","","","","","","","","","","","","","","","","","","","","","","","","","","","","","","","","","","","","","","","","","","","","","","","","","","","","","","","","","","","","","","","","","",""
"Google Suggest","sugestao","cripto","crypto vs fiat","556.0","br","chrome","web","categoria_Comparações_vs","2025-12-12 05:16:04","","","","","","","","","","","","","","","","","","","","","","","","","","","","","","","","","","","","","","","","","","","","","","","","","","","","","","","","","","","","","","","","","","","","","","","","","","","","","","","","","","","","","","","","","","","","","","","","","","","","","","","","","",""
"Google Suggest","sugestao","cripto","crypto vs stock market","555.0","br","chrome","web","categoria_Comparações_vs","2025-12-12 05:16:04","","","","","","","","","","","","","","","","","","","","","","","","","","","","","","","","","","","","","","","","","","","","","","","","","","","","","","","","","","","","","","","","","","","","","","","","","","","","","","","","","","","","","","","","","","","","","","","","","","","","","","","","","",""
"Google Suggest","sugestao","cripto","cripto ou bitcoin","650.0","br","chrome","web","categoria_Comparações_ou","2025-12-12 05:16:04","","","","","","","","","","","","","","","","","","","","","","","","","","","","","","","","","","","","","","","","","","","","","","","","","","","","","","","","","","","","","","","","","","","","","","","","","","","","","","","","","","","","","","","","","","","","","","","","","","","","","","","","","",""
"Google Suggest","sugestao","cripto","cripto ou acoes","601.0","br","chrome","web","categoria_Comparações_ou","2025-12-12 05:16:04","","","","","","","","","","","","","","","","","","","","","","","","","","","","","","","","","","","","","","","","","","","","","","","","","","","","","","","","","","","","","","","","","","","","","","","","","","","","","","","","","","","","","","","","","","","","","","","","","","","","","","","","","",""
"Google Suggest","sugestao","cripto","cripto ou etf","600.0","br","chrome","web","categoria_Comparações_ou","2025-12-12 05:16:04","","","","","","","","","","","","","","","","","","","","","","","","","","","","","","","","","","","","","","","","","","","","","","","","","","","","","","","","","","","","","","","","","","","","","","","","","","","","","","","","","","","","","","","","","","","","","","","","","","","","","","","","","",""
"Google Suggest","sugestao","cripto","cripto ou forex","556.0","br","chrome","web","categoria_Comparações_ou","2025-12-12 05:16:04","","","","","","","","","","","","","","","","","","","","","","","","","","","","","","","","","","","","","","","","","","","","","","","","","","","","","","","","","","","","","","","","","","","","","","","","","","","","","","","","","","","","","","","","","","","","","","","","","","","","","","","","","",""
"Google Suggest","sugestao","cripto","crypto com ou binance","555.0","br","chrome","web","categoria_Comparações_ou","2025-12-12 05:16:04","","","","","","","","","","","","","","","","","","","","","","","","","","","","","","","","","","","","","","","","","","","","","","","","","","","","","","","","","","","","","","","","","","","","","","","","","","","","","","","","","","","","","","","","","","","","","","","","","","","","","","","","","",""
"Google Suggest","sugestao","cripto","bicicleta cripto ou ksw","554.0","br","chrome","web","categoria_Comparações_ou","2025-12-12 05:16:04","","","","","","","","","","","","","","","","","","","","","","","","","","","","","","","","","","","","","","","","","","","","","","","","","","","","","","","","","","","","","","","","","","","","","","","","","","","","","","","","","","","","","","","","","","","","","","","","","","","","","","","","","",""
"Google Suggest","sugestao","cripto","criptoativos ou criptoativos","553.0","br","chrome","web","categoria_Comparações_ou","2025-12-12 05:16:04","","","","","","","","","","","","","","","","","","","","","","","","","","","","","","","","","","","","","","","","","","","","","","","","","","","","","","","","","","","","","","","","","","","","","","","","","","","","","","","","","","","","","","","","","","","","","","","","","","","","","","","","","",""
"Google Suggest","sugestao","cripto","comprar cripto ou etf","552.0","br","chrome","web","categoria_Comparações_ou","2025-12-12 05:16:04","","","","","","","","","","","","","","","","","","","","","","","","","","","","","","","","","","","","","","","","","","","","","","","","","","","","","","","","","","","","","","","","","","","","","","","","","","","","","","","","","","","","","","","","","","","","","","","","","","","","","","","","","",""
"Google Suggest","sugestao","cripto","investir em cripto ou ações","551.0","br","chrome","web","categoria_Comparações_ou","2025-12-12 05:16:04","","","","","","","","","","","","","","","","","","","","","","","","","","","","","","","","","","","","","","","","","","","","","","","","","","","","","","","","","","","","","","","","","","","","","","","","","","","","","","","","","","","","","","","","","","","","","","","","","","","","","","","","","",""
"Google Suggest","sugestao","cripto","cripto e blockchain","1050.0","br","chrome","web","categoria_Comparações_e","2025-12-12 05:16:04","","","","","","","","","","","","","","","","","","","","","","","","","","","","","","","","","","","","","","","","","","","","","","","","","","","","","","","","","","","","","","","","","","","","","","","","","","","","","","","","","","","","","","","","","","","","","","","","","","","","","","","","","",""
"Google Suggest","sugestao","cripto","cripto e superman","601.0","br","chrome","web","categoria_Comparações_e","2025-12-12 05:16:04","","","","","","","","","","","","","","","","","","","","","","","","","","","","","","","","","","","","","","","","","","","","","","","","","","","","","","","","","","","","","","","","","","","","","","","","","","","","","","","","","","","","","","","","","","","","","","","","","","","","","","","","","",""
"Google Suggest","sugestao","cripto","cripto e bitcoin","600.0","br","chrome","web","categoria_Comparações_e","2025-12-12 05:16:04","","","","","","","","","","","","","","","","","","","","","","","","","","","","","","","","","","","","","","","","","","","","","","","","","","","","","","","","","","","","","","","","","","","","","","","","","","","","","","","","","","","","","","","","","","","","","","","","","","","","","","","","","",""
"Google Suggest","sugestao","cripto","cripto e trump","561.0","br","chrome","web","categoria_Comparações_e","2025-12-12 05:16:04","","","","","","","","","","","","","","","","","","","","","","","","","","","","","","","","","","","","","","","","","","","","","","","","","","","","","","","","","","","","","","","","","","","","","","","","","","","","","","","","","","","","","","","","","","","","","","","","","","","","","","","","","",""
"Google Suggest","sugestao","cripto","cripto e","560.0","br","chrome","web","categoria_Comparações_e","2025-12-12 05:16:04","","","","","","","","","","","","","","","","","","","","","","","","","","","","","","","","","","","","","","","","","","","","","","","","","","","","","","","","","","","","","","","","","","","","","","","","","","","","","","","","","","","","","","","","","","","","","","","","","","","","","","","","","",""
"Google Suggest","sugestao","cripto","criptografico","560.0","br","chrome","youtube","top","2025-12-12 05:16:04","","","","","","","","","","","","","","","","","","","","","","","","","","","","","","","","","","","","","","","","","","","","","","","","","","","","","","","","","","","","","","","","","","","","","","","","","","","","","","","","","","","","","","","","","","","","","","","","","","","","","","","","","",""
"Google Suggest","sugestao","cripto","kryptonia","559.0","br","chrome","youtube","top","2025-12-12 05:16:04","","","","","","","","","","","","","","","","","","","","","","","","","","","","","","","","","","","","","","","","","","","","","","","","","","","","","","","","","","","","","","","","","","","","","","","","","","","","","","","","","","","","","","","","","","","","","","","","","","","","","","","","","",""
"Google Suggest","sugestao","cripto","cripto hoje","558.0","br","chrome","youtube","top","2025-12-12 05:16:04","","","","","","","","","","","","","","","","","","","","","","","","","","","","","","","","","","","","","","","","","","","","","","","","","","","","","","","","","","","","","","","","","","","","","","","","","","","","","","","","","","","","","","","","","","","","","","","","","","","","","","","","","",""
"Google Suggest","sugestao","cripto","kriptobr","556.0","br","chrome","youtube","top","2025-12-12 05:16:04","","","","","","","","","","","","","","","","","","","","","","","","","","","","","","","","","","","","","","","","","","","","","","","","","","","","","","","","","","","","","","","","","","","","","","","","","","","","","","","","","","","","","","","","","","","","","","","","","","","","","","","","","",""
"Google Suggest","sugestao","cripto","criptomoedas para iniciantes","555.0","br","chrome","youtube","top","2025-12-12 05:16:04","","","","","","","","","","","","","","","","","","","","","","","","","","","","","","","","","","","","","","","","","","","","","","","","","","","","","","","","","","","","","","","","","","","","","","","","","","","","","","","","","","","","","","","","","","","","","","","","","","","","","","","","","",""
"Google Suggest","sugestao","cripto","cripto ao vivo","1250.0","br","chrome","youtube","expansao_a","2025-12-12 05:16:04","","","","","","","","","","","","","","","","","","","","","","","","","","","","","","","","","","","","","","","","","","","","","","","","","","","","","","","","","","","","","","","","","","","","","","","","","","","","","","","","","","","","","","","","","","","","","","","","","","","","","","","","","",""
"Google Suggest","sugestao","cripto","cripto ao vivo agora","601.0","br","chrome","youtube","expansao_a","2025-12-12 05:16:04","","","","","","","","","","","","","","","","","","","","","","","","","","","","","","","","","","","","","","","","","","","","","","","","","","","","","","","","","","","","","","","","","","","","","","","","","","","","","","","","","","","","","","","","","","","","","","","","","","","","","","","","","",""
"Google Suggest","sugestao","cripto","cripto avalanche","558.0","br","chrome","youtube","expansao_a","2025-12-12 05:16:04","","","","","","","","","","","","","","","","","","","","","","","","","","","","","","","","","","","","","","","","","","","","","","","","","","","","","","","","","","","","","","","","","","","","","","","","","","","","","","","","","","","","","","","","","","","","","","","","","","","","","","","","","",""
"Google Suggest","sugestao","cripto","cripto arbitragem","557.0","br","chrome","youtube","expansao_a","2025-12-12 05:16:04","","","","","","","","","","","","","","","","","","","","","","","","","","","","","","","","","","","","","","","","","","","","","","","","","","","","","","","","","","","","","","","","","","","","","","","","","","","","","","","","","","","","","","","","","","","","","","","","","","","","","","","","","",""
"Google Suggest","sugestao","cripto","cripto atom","555.0","br","chrome","youtube","expansao_a","2025-12-12 05:16:04","","","","","","","","","","","","","","","","","","","","","","","","","","","","","","","","","","","","","","","","","","","","","","","","","","","","","","","","","","","","","","","","","","","","","","","","","","","","","","","","","","","","","","","","","","","","","","","","","","","","","","","","","",""
"Google Suggest","sugestao","cripto","cripto brasil","601.0","br","chrome","youtube","expansao_b","2025-12-12 05:16:04","","","","","","","","","","","","","","","","","","","","","","","","","","","","","","","","","","","","","","","","","","","","","","","","","","","","","","","","","","","","","","","","","","","","","","","","","","","","","","","","","","","","","","","","","","","","","","","","","","","","","","","","","",""
"Google Suggest","sugestao","cripto","cripto boss","600.0","br","chrome","youtube","expansao_b","2025-12-12 05:16:04","","","","","","","","","","","","","","","","","","","","","","","","","","","","","","","","","","","","","","","","","","","","","","","","","","","","","","","","","","","","","","","","","","","","","","","","","","","","","","","","","","","","","","","","","","","","","","","","","","","","","","","","","",""
"Google Suggest","sugestao","cripto","cripto bnb","560.0","br","chrome","youtube","expansao_b","2025-12-12 05:16:04","","","","","","","","","","","","","","","","","","","","","","","","","","","","","","","","","","","","","","","","","","","","","","","","","","","","","","","","","","","","","","","","","","","","","","","","","","","","","","","","","","","","","","","","","","","","","","","","","","","","","","","","","",""
"Google Suggest","sugestao","cripto","crypto brothers","558.0","br","chrome","youtube","expansao_b","2025-12-12 05:16:04","","","","","","","","","","","","","","","","","","","","","","","","","","","","","","","","","","","","","","","","","","","","","","","","","","","","","","","","","","","","","","","","","","","","","","","","","","","","","","","","","","","","","","","","","","","","","","","","","","","","","","","","","",""
"Google Suggest","sugestao","cripto","cripto bob alpha","557.0","br","chrome","youtube","expansao_b","2025-12-12 05:16:04","","","","","","","","","","","","","","","","","","","","","","","","","","","","","","","","","","","","","","","","","","","","","","","","","","","","","","","","","","","","","","","","","","","","","","","","","","","","","","","","","","","","","","","","","","","","","","","","","","","","","","","","","",""
"Google Suggest","sugestao","cripto","cripto banco inter","555.0","br","chrome","youtube","expansao_b","2025-12-12 05:16:04","","","","","","","","","","","","","","","","","","","","","","","","","","","","","","","","","","","","","","","","","","","","","","","","","","","","","","","","","","","","","","","","","","","","","","","","","","","","","","","","","","","","","","","","","","","","","","","","","","","","","","","","","",""
"Google Suggest","sugestao","cripto","cripto campos","1200.0","br","chrome","youtube","expansao_c","2025-12-12 05:16:04","","","","","","","","","","","","","","","","","","","","","","","","","","","","","","","","","","","","","","","","","","","","","","","","","","","","","","","","","","","","","","","","","","","","","","","","","","","","","","","","","","","","","","","","","","","","","","","","","","","","","","","","","",""
"Google Suggest","sugestao","cripto","cripto caindo","601.0","br","chrome","youtube","expansao_c","2025-12-12 05:16:04","","","","","","","","","","","","","","","","","","","","","","","","","","","","","","","","","","","","","","","","","","","","","","","","","","","","","","","","","","","","","","","","","","","","","","","","","","","","","","","","","","","","","","","","","","","","","","","","","","","","","","","","","",""
"Google Suggest","sugestao","cripto","cripto celestia","560.0","br","chrome","youtube","expansao_c","2025-12-12 05:16:04","","","","","","","","","","","","","","","","","","","","","","","","","","","","","","","","","","","","","","","","","","","","","","","","","","","","","","","","","","","","","","","","","","","","","","","","","","","","","","","","","","","","","","","","","","","","","","","","","","","","","","","","","",""
"Google Suggest","sugestao","cripto","cripto caindo hoje","558.0","br","chrome","youtube","expansao_c","2025-12-12 05:16:04","","","","","","","","","","","","","","","","","","","","","","","","","","","","","","","","","","","","","","","","","","","","","","","","","","","","","","","","","","","","","","","","","","","","","","","","","","","","","","","","","","","","","","","","","","","","","","","","","","","","","","","","","",""
"Google Suggest","sugestao","cripto","criptocns","557.0","br","chrome","youtube","expansao_c","2025-12-12 05:16:04","","","","","","","","","","","","","","","","","","","","","","","","","","","","","","","","","","","","","","","","","","","","","","","","","","","","","","","","","","","","","","","","","","","","","","","","","","","","","","","","","","","","","","","","","","","","","","","","","","","","","","","","","",""
"Google Suggest","sugestao","cripto","cripto cai","556.0","br","chrome","youtube","expansao_c","2025-12-12 05:16:04","","","","","","","","","","","","","","","","","","","","","","","","","","","","","","","","","","","","","","","","","","","","","","","","","","","","","","","","","","","","","","","","","","","","","","","","","","","","","","","","","","","","","","","","","","","","","","","","","","","","","","","","","",""
"Google Suggest","sugestao","cripto","cripto desenho","900.0","br","chrome","youtube","expansao_d","2025-12-12 05:16:04","","","","","","","","","","","","","","","","","","","","","","","","","","","","","","","","","","","","","","","","","","","","","","","","","","","","","","","","","","","","","","","","","","","","","","","","","","","","","","","","","","","","","","","","","","","","","","","","","","","","","","","","","",""
"Google Suggest","sugestao","cripto","cripto duo","800.0","br","chrome","youtube","expansao_d","2025-12-12 05:16:04","","","","","","","","","","","","","","","","","","","","","","","","","","","","","","","","","","","","","","","","","","","","","","","","","","","","","","","","","","","","","","","","","","","","","","","","","","","","","","","","","","","","","","","","","","","","","","","","","","","","","","","","","",""
"Google Suggest","sugestao","cripto","cripto dogecoin","602.0","br","chrome","youtube","expansao_d","2025-12-12 05:16:04","","","","","","","","","","","","","","","","","","","","","","","","","","","","","","","","","","","","","","","","","","","","","","","","","","","","","","","","","","","","","","","","","","","","","","","","","","","","","","","","","","","","","","","","","","","","","","","","","","","","","","","","","",""
"Google Suggest","sugestao","cripto","cripto derretendo","600.0","br","chrome","youtube","expansao_d","2025-12-12 05:16:04","","","","","","","","","","","","","","","","","","","","","","","","","","","","","","","","","","","","","","","","","","","","","","","","","","","","","","","","","","","","","","","","","","","","","","","","","","","","","","","","","","","","","","","","","","","","","","","","","","","","","","","","","",""
"Google Suggest","sugestao","cripto","cripto do zero","559.0","br","chrome","youtube","expansao_d","2025-12-12 05:16:04","","","","","","","","","","","","","","","","","","","","","","","","","","","","","","","","","","","","","","","","","","","","","","","","","","","","","","","","","","","","","","","","","","","","","","","","","","","","","","","","","","","","","","","","","","","","","","","","","","","","","","","","","",""
"Google Suggest","sugestao","cripto","cripto do nubank","558.0","br","chrome","youtube","expansao_d","2025-12-12 05:16:04","","","","","","","","","","","","","","","","","","","","","","","","","","","","","","","","","","","","","","","","","","","","","","","","","","","","","","","","","","","","","","","","","","","","","","","","","","","","","","","","","","","","","","","","","","","","","","","","","","","","","","","","","",""
"Google Suggest","sugestao","cripto","cripto dash","556.0","br","chrome","youtube","expansao_d","2025-12-12 05:16:04","","","","","","","","","","","","","","","","","","","","","","","","","","","","","","","","","","","","","","","","","","","","","","","","","","","","","","","","","","","","","","","","","","","","","","","","","","","","","","","","","","","","","","","","","","","","","","","","","","","","","","","","","",""
"Google Suggest","sugestao","cripto","cripto explosiva","803.0","br","chrome","youtube","expansao_e","2025-12-12 05:16:04","","","","","","","","","","","","","","","","","","","","","","","","","","","","","","","","","","","","","","","","","","","","","","","","","","","","","","","","","","","","","","","","","","","","","","","","","","","","","","","","","","","","","","","","","","","","","","","","","","","","","","","","","",""
"Google Suggest","sugestao","cripto","cripto era","601.0","br","chrome","youtube","expansao_e","2025-12-12 05:16:04","","","","","","","","","","","","","","","","","","","","","","","","","","","","","","","","","","","","","","","","","","","","","","","","","","","","","","","","","","","","","","","","","","","","","","","","","","","","","","","","","","","","","","","","","","","","","","","","","","","","","","","","","",""
"Google Suggest","sugestao","cripto","cripto ethena","600.0","br","chrome","youtube","expansao_e","2025-12-12 05:16:04","","","","","","","","","","","","","","","","","","","","","","","","","","","","","","","","","","","","","","","","","","","","","","","","","","","","","","","","","","","","","","","","","","","","","","","","","","","","","","","","","","","","","","","","","","","","","","","","","","","","","","","","","",""
"Google Suggest","sugestao","cripto","cripto ethervista","558.0","br","chrome","youtube","expansao_e","2025-12-12 05:16:04","","","","","","","","","","","","","","","","","","","","","","","","","","","","","","","","","","","","","","","","","","","","","","","","","","","","","","","","","","","","","","","","","","","","","","","","","","","","","","","","","","","","","","","","","","","","","","","","","","","","","","","","","",""
"Google Suggest","sugestao","cripto","cripto ena vale a pena","557.0","br","chrome","youtube","expansao_e","2025-12-12 05:16:04","","","","","","","","","","","","","","","","","","","","","","","","","","","","","","","","","","","","","","","","","","","","","","","","","","","","","","","","","","","","","","","","","","","","","","","","","","","","","","","","","","","","","","","","","","","","","","","","","","","","","","","","","",""
"Google Suggest","sugestao","cripto","cripto fet","1201.0","br","chrome","youtube","expansao_f","2025-12-12 05:16:04","","","","","","","","","","","","","","","","","","","","","","","","","","","","","","","","","","","","","","","","","","","","","","","","","","","","","","","","","","","","","","","","","","","","","","","","","","","","","","","","","","","","","","","","","","","","","","","","","","","","","","","","","",""
"Google Suggest","sugestao","cripto","cripto futuros","601.0","br","chrome","youtube","expansao_f","2025-12-12 05:16:04","","","","","","","","","","","","","","","","","","","","","","","","","","","","","","","","","","","","","","","","","","","","","","","","","","","","","","","","","","","","","","","","","","","","","","","","","","","","","","","","","","","","","","","","","","","","","","","","","","","","","","","","","",""
"Google Suggest","sugestao","cripto","cripto floki","600.0","br","chrome","youtube","expansao_f","2025-12-12 05:16:04","","","","","","","","","","","","","","","","","","","","","","","","","","","","","","","","","","","","","","","","","","","","","","","","","","","","","","","","","","","","","","","","","","","","","","","","","","","","","","","","","","","","","","","","","","","","","","","","","","","","","","","","","",""
"Google Suggest","sugestao","cripto","cripto fortnite","560.0","br","chrome","youtube","expansao_f","2025-12-12 05:16:04","","","","","","","","","","","","","","","","","","","","","","","","","","","","","","","","","","","","","","","","","","","","","","","","","","","","","","","","","","","","","","","","","","","","","","","","","","","","","","","","","","","","","","","","","","","","","","","","","","","","","","","","","",""
"Google Suggest","sugestao","cripto","cripto flow","559.0","br","chrome","youtube","expansao_f","2025-12-12 05:16:04","","","","","","","","","","","","","","","","","","","","","","","","","","","","","","","","","","","","","","","","","","","","","","","","","","","","","","","","","","","","","","","","","","","","","","","","","","","","","","","","","","","","","","","","","","","","","","","","","","","","","","","","","",""
"Google Suggest","sugestao","cripto","cripto fet vale a pena","558.0","br","chrome","youtube","expansao_f","2025-12-12 05:16:04","","","","","","","","","","","","","","","","","","","","","","","","","","","","","","","","","","","","","","","","","","","","","","","","","","","","","","","","","","","","","","","","","","","","","","","","","","","","","","","","","","","","","","","","","","","","","","","","","","","","","","","","","",""
"Google Suggest","sugestao","cripto","cripto fraude","557.0","br","chrome","youtube","expansao_f","2025-12-12 05:16:04","","","","","","","","","","","","","","","","","","","","","","","","","","","","","","","","","","","","","","","","","","","","","","","","","","","","","","","","","","","","","","","","","","","","","","","","","","","","","","","","","","","","","","","","","","","","","","","","","","","","","","","","","",""
"Google Suggest","sugestao","cripto","crypto face","556.0","br","chrome","youtube","expansao_f","2025-12-12 05:16:04","","","","","","","","","","","","","","","","","","","","","","","","","","","","","","","","","","","","","","","","","","","","","","","","","","","","","","","","","","","","","","","","","","","","","","","","","","","","","","","","","","","","","","","","","","","","","","","","","","","","","","","","","",""
"Google Suggest","sugestao","cripto","crypto fund","555.0","br","chrome","youtube","expansao_f","2025-12-12 05:16:04","","","","","","","","","","","","","","","","","","","","","","","","","","","","","","","","","","","","","","","","","","","","","","","","","","","","","","","","","","","","","","","","","","","","","","","","","","","","","","","","","","","","","","","","","","","","","","","","","","","","","","","","","",""
"Google Suggest","sugestao","cripto","cripto grafico","650.0","br","chrome","youtube","expansao_g","2025-12-12 05:16:04","","","","","","","","","","","","","","","","","","","","","","","","","","","","","","","","","","","","","","","","","","","","","","","","","","","","","","","","","","","","","","","","","","","","","","","","","","","","","","","","","","","","","","","","","","","","","","","","","","","","","","","","","",""
"Google Suggest","sugestao","cripto","cripto gratis","603.0","br","chrome","youtube","expansao_g","2025-12-12 05:16:04","","","","","","","","","","","","","","","","","","","","","","","","","","","","","","","","","","","","","","","","","","","","","","","","","","","","","","","","","","","","","","","","","","","","","","","","","","","","","","","","","","","","","","","","","","","","","","","","","","","","","","","","","",""
"Google Suggest","sugestao","cripto","cripto gmt vale a pena","600.0","br","chrome","youtube","expansao_g","2025-12-12 05:16:04","","","","","","","","","","","","","","","","","","","","","","","","","","","","","","","","","","","","","","","","","","","","","","","","","","","","","","","","","","","","","","","","","","","","","","","","","","","","","","","","","","","","","","","","","","","","","","","","","","","","","","","","","",""
"Google Suggest","sugestao","cripto","cripto gov","557.0","br","chrome","youtube","expansao_g","2025-12-12 05:16:04","","","","","","","","","","","","","","","","","","","","","","","","","","","","","","","","","","","","","","","","","","","","","","","","","","","","","","","","","","","","","","","","","","","","","","","","","","","","","","","","","","","","","","","","","","","","","","","","","","","","","","","","","",""
"Google Suggest","sugestao","cripto","cripto gravina","555.0","br","chrome","youtube","expansao_g","2025-12-12 05:16:04","","","","","","","","","","","","","","","","","","","","","","","","","","","","","","","","","","","","","","","","","","","","","","","","","","","","","","","","","","","","","","","","","","","","","","","","","","","","","","","","","","","","","","","","","","","","","","","","","","","","","","","","","",""
"Google Suggest","sugestao","cripto","cripto hedera","602.0","br","chrome","youtube","expansao_h","2025-12-12 05:16:04","","","","","","","","","","","","","","","","","","","","","","","","","","","","","","","","","","","","","","","","","","","","","","","","","","","","","","","","","","","","","","","","","","","","","","","","","","","","","","","","","","","","","","","","","","","","","","","","","","","","","","","","","",""
"Google Suggest","sugestao","cripto","cripto hype","601.0","br","chrome","youtube","expansao_h","2025-12-12 05:16:04","","","","","","","","","","","","","","","","","","","","","","","","","","","","","","","","","","","","","","","","","","","","","","","","","","","","","","","","","","","","","","","","","","","","","","","","","","","","","","","","","","","","","","","","","","","","","","","","","","","","","","","","","",""
"Google Suggest","sugestao","cripto","cripto hoje ao vivo","600.0","br","chrome","youtube","expansao_h","2025-12-12 05:16:04","","","","","","","","","","","","","","","","","","","","","","","","","","","","","","","","","","","","","","","","","","","","","","","","","","","","","","","","","","","","","","","","","","","","","","","","","","","","","","","","","","","","","","","","","","","","","","","","","","","","","","","","","",""
"Google Suggest","sugestao","cripto","cripto home","558.0","br","chrome","youtube","expansao_h","2025-12-12 05:16:04","","","","","","","","","","","","","","","","","","","","","","","","","","","","","","","","","","","","","","","","","","","","","","","","","","","","","","","","","","","","","","","","","","","","","","","","","","","","","","","","","","","","","","","","","","","","","","","","","","","","","","","","","",""
"Google Suggest","sugestao","cripto","cripto huma","557.0","br","chrome","youtube","expansao_h","2025-12-12 05:16:04","","","","","","","","","","","","","","","","","","","","","","","","","","","","","","","","","","","","","","","","","","","","","","","","","","","","","","","","","","","","","","","","","","","","","","","","","","","","","","","","","","","","","","","","","","","","","","","","","","","","","","","","","",""
"Google Suggest","sugestao","cripto","cripto hifi","555.0","br","chrome","youtube","expansao_h","2025-12-12 05:16:04","","","","","","","","","","","","","","","","","","","","","","","","","","","","","","","","","","","","","","","","","","","","","","","","","","","","","","","","","","","","","","","","","","","","","","","","","","","","","","","","","","","","","","","","","","","","","","","","","","","","","","","","","",""
"Google Suggest","sugestao","cripto","cripto investimentos","1251.0","br","chrome","youtube","expansao_i","2025-12-12 05:16:04","","","","","","","","","","","","","","","","","","","","","","","","","","","","","","","","","","","","","","","","","","","","","","","","","","","","","","","","","","","","","","","","","","","","","","","","","","","","","","","","","","","","","","","","","","","","","","","","","","","","","","","","","",""
"Google Suggest","sugestao","cripto","crypto investidor","601.0","br","chrome","youtube","expansao_i","2025-12-12 05:16:04","","","","","","","","","","","","","","","","","","","","","","","","","","","","","","","","","","","","","","","","","","","","","","","","","","","","","","","","","","","","","","","","","","","","","","","","","","","","","","","","","","","","","","","","","","","","","","","","","","","","","","","","","",""
"Google Suggest","sugestao","cripto","cripto inter","558.0","br","chrome","youtube","expansao_i","2025-12-12 05:16:04","","","","","","","","","","","","","","","","","","","","","","","","","","","","","","","","","","","","","","","","","","","","","","","","","","","","","","","","","","","","","","","","","","","","","","","","","","","","","","","","","","","","","","","","","","","","","","","","","","","","","","","","","",""
"Google Suggest","sugestao","cripto","cripto iniciantes","557.0","br","chrome","youtube","expansao_i","2025-12-12 05:16:04","","","","","","","","","","","","","","","","","","","","","","","","","","","","","","","","","","","","","","","","","","","","","","","","","","","","","","","","","","","","","","","","","","","","","","","","","","","","","","","","","","","","","","","","","","","","","","","","","","","","","","","","","",""
"Google Suggest","sugestao","cripto","cripto ico","555.0","br","chrome","youtube","expansao_i","2025-12-12 05:16:04","","","","","","","","","","","","","","","","","","","","","","","","","","","","","","","","","","","","","","","","","","","","","","","","","","","","","","","","","","","","","","","","","","","","","","","","","","","","","","","","","","","","","","","","","","","","","","","","","","","","","","","","","",""
"Google Suggest","sugestao","cripto","cripto jupiter","1250.0","br","chrome","youtube","expansao_j","2025-12-12 05:16:04","","","","","","","","","","","","","","","","","","","","","","","","","","","","","","","","","","","","","","","","","","","","","","","","","","","","","","","","","","","","","","","","","","","","","","","","","","","","","","","","","","","","","","","","","","","","","","","","","","","","","","","","","",""
"Google Suggest","sugestao","cripto","cripto jogos","950.0","br","chrome","youtube","expansao_j","2025-12-12 05:16:04","","","","","","","","","","","","","","","","","","","","","","","","","","","","","","","","","","","","","","","","","","","","","","","","","","","","","","","","","","","","","","","","","","","","","","","","","","","","","","","","","","","","","","","","","","","","","","","","","","","","","","","","","",""
"Google Suggest","sugestao","cripto","cripto jah","850.0","br","chrome","youtube","expansao_j","2025-12-12 05:16:04","","","","","","","","","","","","","","","","","","","","","","","","","","","","","","","","","","","","","","","","","","","","","","","","","","","","","","","","","","","","","","","","","","","","","","","","","","","","","","","","","","","","","","","","","","","","","","","","","","","","","","","","","",""
"Google Suggest","sugestao","cripto","cripto jasmy","800.0","br","chrome","youtube","expansao_j","2025-12-12 05:16:04","","","","","","","","","","","","","","","","","","","","","","","","","","","","","","","","","","","","","","","","","","","","","","","","","","","","","","","","","","","","","","","","","","","","","","","","","","","","","","","","","","","","","","","","","","","","","","","","","","","","","","","","","",""
"Google Suggest","sugestao","cripto","cripto jud","750.0","br","chrome","youtube","expansao_j","2025-12-12 05:16:04","","","","","","","","","","","","","","","","","","","","","","","","","","","","","","","","","","","","","","","","","","","","","","","","","","","","","","","","","","","","","","","","","","","","","","","","","","","","","","","","","","","","","","","","","","","","","","","","","","","","","","","","","",""
"Google Suggest","sugestao","cripto","cripto jito","601.0","br","chrome","youtube","expansao_j","2025-12-12 05:16:04","","","","","","","","","","","","","","","","","","","","","","","","","","","","","","","","","","","","","","","","","","","","","","","","","","","","","","","","","","","","","","","","","","","","","","","","","","","","","","","","","","","","","","","","","","","","","","","","","","","","","","","","","",""
"Google Suggest","sugestao","cripto","cripto jasmy coin","600.0","br","chrome","youtube","expansao_j","2025-12-12 05:16:04","","","","","","","","","","","","","","","","","","","","","","","","","","","","","","","","","","","","","","","","","","","","","","","","","","","","","","","","","","","","","","","","","","","","","","","","","","","","","","","","","","","","","","","","","","","","","","","","","","","","","","","","","",""
"Google Suggest","sugestao","cripto","cripto jup","556.0","br","chrome","youtube","expansao_j","2025-12-12 05:16:04","","","","","","","","","","","","","","","","","","","","","","","","","","","","","","","","","","","","","","","","","","","","","","","","","","","","","","","","","","","","","","","","","","","","","","","","","","","","","","","","","","","","","","","","","","","","","","","","","","","","","","","","","",""
"Google Suggest","sugestao","cripto","cripto joao","555.0","br","chrome","youtube","expansao_j","2025-12-12 05:16:04","","","","","","","","","","","","","","","","","","","","","","","","","","","","","","","","","","","","","","","","","","","","","","","","","","","","","","","","","","","","","","","","","","","","","","","","","","","","","","","","","","","","","","","","","","","","","","","","","","","","","","","","","",""
"Google Suggest","sugestao","cripto","cripto kaspa","1251.0","br","chrome","youtube","expansao_k","2025-12-12 05:16:04","","","","","","","","","","","","","","","","","","","","","","","","","","","","","","","","","","","","","","","","","","","","","","","","","","","","","","","","","","","","","","","","","","","","","","","","","","","","","","","","","","","","","","","","","","","","","","","","","","","","","","","","","",""
"Google Suggest","sugestao","cripto","cripto kaito","750.0","br","chrome","youtube","expansao_k","2025-12-12 05:16:04","","","","","","","","","","","","","","","","","","","","","","","","","","","","","","","","","","","","","","","","","","","","","","","","","","","","","","","","","","","","","","","","","","","","","","","","","","","","","","","","","","","","","","","","","","","","","","","","","","","","","","","","","",""
"Google Suggest","sugestao","cripto","cripto kong","601.0","br","chrome","youtube","expansao_k","2025-12-12 05:16:04","","","","","","","","","","","","","","","","","","","","","","","","","","","","","","","","","","","","","","","","","","","","","","","","","","","","","","","","","","","","","","","","","","","","","","","","","","","","","","","","","","","","","","","","","","","","","","","","","","","","","","","","","",""
"Google Suggest","sugestao","cripto","cripto kernel","600.0","br","chrome","youtube","expansao_k","2025-12-12 05:16:04","","","","","","","","","","","","","","","","","","","","","","","","","","","","","","","","","","","","","","","","","","","","","","","","","","","","","","","","","","","","","","","","","","","","","","","","","","","","","","","","","","","","","","","","","","","","","","","","","","","","","","","","","",""
"Google Suggest","sugestao","cripto","cripto kusama","559.0","br","chrome","youtube","expansao_k","2025-12-12 05:16:04","","","","","","","","","","","","","","","","","","","","","","","","","","","","","","","","","","","","","","","","","","","","","","","","","","","","","","","","","","","","","","","","","","","","","","","","","","","","","","","","","","","","","","","","","","","","","","","","","","","","","","","","","",""
"Google Suggest","sugestao","cripto","cripto kas","558.0","br","chrome","youtube","expansao_k","2025-12-12 05:16:04","","","","","","","","","","","","","","","","","","","","","","","","","","","","","","","","","","","","","","","","","","","","","","","","","","","","","","","","","","","","","","","","","","","","","","","","","","","","","","","","","","","","","","","","","","","","","","","","","","","","","","","","","",""
"Google Suggest","sugestao","cripto","cripto kaia","557.0","br","chrome","youtube","expansao_k","2025-12-12 05:16:04","","","","","","","","","","","","","","","","","","","","","","","","","","","","","","","","","","","","","","","","","","","","","","","","","","","","","","","","","","","","","","","","","","","","","","","","","","","","","","","","","","","","","","","","","","","","","","","","","","","","","","","","","",""
"Google Suggest","sugestao","cripto","cripto lido dao","558.0","br","chrome","youtube","expansao_l","2025-12-12 05:16:04","","","","","","","","","","","","","","","","","","","","","","","","","","","","","","","","","","","","","","","","","","","","","","","","","","","","","","","","","","","","","","","","","","","","","","","","","","","","","","","","","","","","","","","","","","","","","","","","","","","","","","","","","",""
"Google Suggest","sugestao","cripto","cripto lagrange","555.0","br","chrome","youtube","expansao_l","2025-12-12 05:16:04","","","","","","","","","","","","","","","","","","","","","","","","","","","","","","","","","","","","","","","","","","","","","","","","","","","","","","","","","","","","","","","","","","","","","","","","","","","","","","","","","","","","","","","","","","","","","","","","","","","","","","","","","",""
"Google Suggest","sugestao","cripto","cripto minuto","1250.0","br","chrome","youtube","expansao_m","2025-12-12 05:16:04","","","","","","","","","","","","","","","","","","","","","","","","","","","","","","","","","","","","","","","","","","","","","","","","","","","","","","","","","","","","","","","","","","","","","","","","","","","","","","","","","","","","","","","","","","","","","","","","","","","","","","","","","",""
"Google Suggest","sugestao","cripto","cripto mestre","602.0","br","chrome","youtube","expansao_m","2025-12-12 05:16:04","","","","","","","","","","","","","","","","","","","","","","","","","","","","","","","","","","","","","","","","","","","","","","","","","","","","","","","","","","","","","","","","","","","","","","","","","","","","","","","","","","","","","","","","","","","","","","","","","","","","","","","","","",""
"Google Suggest","sugestao","cripto","criptomaníacos","601.0","br","chrome","youtube","expansao_m","2025-12-12 05:16:04","","","","","","","","","","","","","","","","","","","","","","","","","","","","","","","","","","","","","","","","","","","","","","","","","","","","","","","","","","","","","","","","","","","","","","","","","","","","","","","","","","","","","","","","","","","","","","","","","","","","","","","","","",""
"Google Suggest","sugestao","cripto","cripto mercado pago","558.0","br","chrome","youtube","expansao_m","2025-12-12 05:16:04","","","","","","","","","","","","","","","","","","","","","","","","","","","","","","","","","","","","","","","","","","","","","","","","","","","","","","","","","","","","","","","","","","","","","","","","","","","","","","","","","","","","","","","","","","","","","","","","","","","","","","","","","",""
"Google Suggest","sugestao","cripto","crypto maníaco","557.0","br","chrome","youtube","expansao_m","2025-12-12 05:16:04","","","","","","","","","","","","","","","","","","","","","","","","","","","","","","","","","","","","","","","","","","","","","","","","","","","","","","","","","","","","","","","","","","","","","","","","","","","","","","","","","","","","","","","","","","","","","","","","","","","","","","","","","",""
"Google Suggest","sugestao","cripto","cryptomania","556.0","br","chrome","youtube","expansao_m","2025-12-12 05:16:04","","","","","","","","","","","","","","","","","","","","","","","","","","","","","","","","","","","","","","","","","","","","","","","","","","","","","","","","","","","","","","","","","","","","","","","","","","","","","","","","","","","","","","","","","","","","","","","","","","","","","","","","","",""
"Google Suggest","sugestao","cripto","cripto near","800.0","br","chrome","youtube","expansao_n","2025-12-12 05:16:04","","","","","","","","","","","","","","","","","","","","","","","","","","","","","","","","","","","","","","","","","","","","","","","","","","","","","","","","","","","","","","","","","","","","","","","","","","","","","","","","","","","","","","","","","","","","","","","","","","","","","","","","","",""
"Google Suggest","sugestao","cripto","cripto no nubank vale a pena","603.0","br","chrome","youtube","expansao_n","2025-12-12 05:16:04","","","","","","","","","","","","","","","","","","","","","","","","","","","","","","","","","","","","","","","","","","","","","","","","","","","","","","","","","","","","","","","","","","","","","","","","","","","","","","","","","","","","","","","","","","","","","","","","","","","","","","","","","",""
"Google Suggest","sugestao","cripto","crypto never sleeps","602.0","br","chrome","youtube","expansao_n","2025-12-12 05:16:04","","","","","","","","","","","","","","","","","","","","","","","","","","","","","","","","","","","","","","","","","","","","","","","","","","","","","","","","","","","","","","","","","","","","","","","","","","","","","","","","","","","","","","","","","","","","","","","","","","","","","","","","","",""
"Google Suggest","sugestao","cripto","criptonoticias","601.0","br","chrome","youtube","expansao_n","2025-12-12 05:16:04","","","","","","","","","","","","","","","","","","","","","","","","","","","","","","","","","","","","","","","","","","","","","","","","","","","","","","","","","","","","","","","","","","","","","","","","","","","","","","","","","","","","","","","","","","","","","","","","","","","","","","","","","",""
"Google Suggest","sugestao","cripto","cripto no picpay","600.0","br","chrome","youtube","expansao_n","2025-12-12 05:16:04","","","","","","","","","","","","","","","","","","","","","","","","","","","","","","","","","","","","","","","","","","","","","","","","","","","","","","","","","","","","","","","","","","","","","","","","","","","","","","","","","","","","","","","","","","","","","","","","","","","","","","","","","",""
"Google Suggest","sugestao","cripto","cripto na binance","556.0","br","chrome","youtube","expansao_n","2025-12-12 05:16:04","","","","","","","","","","","","","","","","","","","","","","","","","","","","","","","","","","","","","","","","","","","","","","","","","","","","","","","","","","","","","","","","","","","","","","","","","","","","","","","","","","","","","","","","","","","","","","","","","","","","","","","","","",""
"Google Suggest","sugestao","cripto","cripto near protocol","555.0","br","chrome","youtube","expansao_n","2025-12-12 05:16:04","","","","","","","","","","","","","","","","","","","","","","","","","","","","","","","","","","","","","","","","","","","","","","","","","","","","","","","","","","","","","","","","","","","","","","","","","","","","","","","","","","","","","","","","","","","","","","","","","","","","","","","","","",""
"Google Suggest","sugestao","cripto","cripto om","650.0","br","chrome","youtube","expansao_o","2025-12-12 05:16:04","","","","","","","","","","","","","","","","","","","","","","","","","","","","","","","","","","","","","","","","","","","","","","","","","","","","","","","","","","","","","","","","","","","","","","","","","","","","","","","","","","","","","","","","","","","","","","","","","","","","","","","","","",""
"Google Suggest","sugestao","cripto","cripto optimus","602.0","br","chrome","youtube","expansao_o","2025-12-12 05:16:04","","","","","","","","","","","","","","","","","","","","","","","","","","","","","","","","","","","","","","","","","","","","","","","","","","","","","","","","","","","","","","","","","","","","","","","","","","","","","","","","","","","","","","","","","","","","","","","","","","","","","","","","","",""
"Google Suggest","sugestao","cripto","cripto op","600.0","br","chrome","youtube","expansao_o","2025-12-12 05:16:04","","","","","","","","","","","","","","","","","","","","","","","","","","","","","","","","","","","","","","","","","","","","","","","","","","","","","","","","","","","","","","","","","","","","","","","","","","","","","","","","","","","","","","","","","","","","","","","","","","","","","","","","","",""
"Google Suggest","sugestao","cripto","cripto ondo vale a pena","558.0","br","chrome","youtube","expansao_o","2025-12-12 05:16:04","","","","","","","","","","","","","","","","","","","","","","","","","","","","","","","","","","","","","","","","","","","","","","","","","","","","","","","","","","","","","","","","","","","","","","","","","","","","","","","","","","","","","","","","","","","","","","","","","","","","","","","","","",""
"Google Suggest","sugestao","cripto","cripto open","557.0","br","chrome","youtube","expansao_o","2025-12-12 05:16:04","","","","","","","","","","","","","","","","","","","","","","","","","","","","","","","","","","","","","","","","","","","","","","","","","","","","","","","","","","","","","","","","","","","","","","","","","","","","","","","","","","","","","","","","","","","","","","","","","","","","","","","","","",""
"Google Suggest","sugestao","cripto","cripto orlando","556.0","br","chrome","youtube","expansao_o","2025-12-12 05:16:04","","","","","","","","","","","","","","","","","","","","","","","","","","","","","","","","","","","","","","","","","","","","","","","","","","","","","","","","","","","","","","","","","","","","","","","","","","","","","","","","","","","","","","","","","","","","","","","","","","","","","","","","","",""
"Google Suggest","sugestao","cripto","cripto primo pobre","700.0","br","chrome","youtube","expansao_p","2025-12-12 05:16:04","","","","","","","","","","","","","","","","","","","","","","","","","","","","","","","","","","","","","","","","","","","","","","","","","","","","","","","","","","","","","","","","","","","","","","","","","","","","","","","","","","","","","","","","","","","","","","","","","","","","","","","","","",""
"Google Suggest","sugestao","cripto","cripto picpay","600.0","br","chrome","youtube","expansao_p","2025-12-12 05:16:04","","","","","","","","","","","","","","","","","","","","","","","","","","","","","","","","","","","","","","","","","","","","","","","","","","","","","","","","","","","","","","","","","","","","","","","","","","","","","","","","","","","","","","","","","","","","","","","","","","","","","","","","","",""
"Google Suggest","sugestao","cripto","cripto pelo nubank","558.0","br","chrome","youtube","expansao_p","2025-12-12 05:16:04","","","","","","","","","","","","","","","","","","","","","","","","","","","","","","","","","","","","","","","","","","","","","","","","","","","","","","","","","","","","","","","","","","","","","","","","","","","","","","","","","","","","","","","","","","","","","","","","","","","","","","","","","",""
"Google Suggest","sugestao","cripto","cripto promissoras","557.0","br","chrome","youtube","expansao_p","2025-12-12 05:16:04","","","","","","","","","","","","","","","","","","","","","","","","","","","","","","","","","","","","","","","","","","","","","","","","","","","","","","","","","","","","","","","","","","","","","","","","","","","","","","","","","","","","","","","","","","","","","","","","","","","","","","","","","",""
"Google Suggest","sugestao","cripto","cripto pepe vale a pena","556.0","br","chrome","youtube","expansao_p","2025-12-12 05:16:04","","","","","","","","","","","","","","","","","","","","","","","","","","","","","","","","","","","","","","","","","","","","","","","","","","","","","","","","","","","","","","","","","","","","","","","","","","","","","","","","","","","","","","","","","","","","","","","","","","","","","","","","","",""
"Google Suggest","sugestao","cripto","cripto para investir hoje","555.0","br","chrome","youtube","expansao_p","2025-12-12 05:16:04","","","","","","","","","","","","","","","","","","","","","","","","","","","","","","","","","","","","","","","","","","","","","","","","","","","","","","","","","","","","","","","","","","","","","","","","","","","","","","","","","","","","","","","","","","","","","","","","","","","","","","","","","",""
"Google Suggest","sugestao","cripto","cripto que vai explodir 2025","605.0","br","chrome","youtube","expansao_q","2025-12-12 05:16:04","","","","","","","","","","","","","","","","","","","","","","","","","","","","","","","","","","","","","","","","","","","","","","","","","","","","","","","","","","","","","","","","","","","","","","","","","","","","","","","","","","","","","","","","","","","","","","","","","","","","","","","","","",""
"Google Suggest","sugestao","cripto","cripto que podem explodir em 2025","604.0","br","chrome","youtube","expansao_q","2025-12-12 05:16:04","","","","","","","","","","","","","","","","","","","","","","","","","","","","","","","","","","","","","","","","","","","","","","","","","","","","","","","","","","","","","","","","","","","","","","","","","","","","","","","","","","","","","","","","","","","","","","","","","","","","","","","","","",""
"Google Suggest","sugestao","cripto","cripto que vao explodir","603.0","br","chrome","youtube","expansao_q","2025-12-12 05:16:04","","","","","","","","","","","","","","","","","","","","","","","","","","","","","","","","","","","","","","","","","","","","","","","","","","","","","","","","","","","","","","","","","","","","","","","","","","","","","","","","","","","","","","","","","","","","","","","","","","","","","","","","","",""
"Google Suggest","sugestao","cripto","cripto qubic","600.0","br","chrome","youtube","expansao_q","2025-12-12 05:16:04","","","","","","","","","","","","","","","","","","","","","","","","","","","","","","","","","","","","","","","","","","","","","","","","","","","","","","","","","","","","","","","","","","","","","","","","","","","","","","","","","","","","","","","","","","","","","","","","","","","","","","","","","",""
"Google Suggest","sugestao","cripto","cripto rodrigo souza","802.0","br","chrome","youtube","expansao_r","2025-12-12 05:16:04","","","","","","","","","","","","","","","","","","","","","","","","","","","","","","","","","","","","","","","","","","","","","","","","","","","","","","","","","","","","","","","","","","","","","","","","","","","","","","","","","","","","","","","","","","","","","","","","","","","","","","","","","",""
"Google Suggest","sugestao","cripto","cripto render","801.0","br","chrome","youtube","expansao_r","2025-12-12 05:16:04","","","","","","","","","","","","","","","","","","","","","","","","","","","","","","","","","","","","","","","","","","","","","","","","","","","","","","","","","","","","","","","","","","","","","","","","","","","","","","","","","","","","","","","","","","","","","","","","","","","","","","","","","",""
"Google Suggest","sugestao","cripto","cripto raca","800.0","br","chrome","youtube","expansao_r","2025-12-12 05:16:04","","","","","","","","","","","","","","","","","","","","","","","","","","","","","","","","","","","","","","","","","","","","","","","","","","","","","","","","","","","","","","","","","","","","","","","","","","","","","","","","","","","","","","","","","","","","","","","","","","","","","","","","","",""
"Google Suggest","sugestao","cripto","cripto raiz","601.0","br","chrome","youtube","expansao_r","2025-12-12 05:16:04","","","","","","","","","","","","","","","","","","","","","","","","","","","","","","","","","","","","","","","","","","","","","","","","","","","","","","","","","","","","","","","","","","","","","","","","","","","","","","","","","","","","","","","","","","","","","","","","","","","","","","","","","",""
"Google Suggest","sugestao","cripto","cripto solv","600.0","br","chrome","youtube","expansao_r","2025-12-12 05:16:04","","","","","","","","","","","","","","","","","","","","","","","","","","","","","","","","","","","","","","","","","","","","","","","","","","","","","","","","","","","","","","","","","","","","","","","","","","","","","","","","","","","","","","","","","","","","","","","","","","","","","","","","","",""
"Google Suggest","sugestao","cripto","cripto hex","557.0","br","chrome","youtube","expansao_r","2025-12-12 05:16:04","","","","","","","","","","","","","","","","","","","","","","","","","","","","","","","","","","","","","","","","","","","","","","","","","","","","","","","","","","","","","","","","","","","","","","","","","","","","","","","","","","","","","","","","","","","","","","","","","","","","","","","","","",""
"Google Suggest","sugestao","cripto","cripto renato","556.0","br","chrome","youtube","expansao_r","2025-12-12 05:16:04","","","","","","","","","","","","","","","","","","","","","","","","","","","","","","","","","","","","","","","","","","","","","","","","","","","","","","","","","","","","","","","","","","","","","","","","","","","","","","","","","","","","","","","","","","","","","","","","","","","","","","","","","",""
"Google Suggest","sugestao","cripto","cripto rose","555.0","br","chrome","youtube","expansao_r","2025-12-12 05:16:04","","","","","","","","","","","","","","","","","","","","","","","","","","","","","","","","","","","","","","","","","","","","","","","","","","","","","","","","","","","","","","","","","","","","","","","","","","","","","","","","","","","","","","","","","","","","","","","","","","","","","","","","","",""
"Google Suggest","sugestao","cripto","cripto supercão abertura","750.0","br","chrome","youtube","expansao_s","2025-12-12 05:16:04","","","","","","","","","","","","","","","","","","","","","","","","","","","","","","","","","","","","","","","","","","","","","","","","","","","","","","","","","","","","","","","","","","","","","","","","","","","","","","","","","","","","","","","","","","","","","","","","","","","","","","","","","",""
"Google Suggest","sugestao","cripto","cripto spike","601.0","br","chrome","youtube","expansao_s","2025-12-12 05:16:04","","","","","","","","","","","","","","","","","","","","","","","","","","","","","","","","","","","","","","","","","","","","","","","","","","","","","","","","","","","","","","","","","","","","","","","","","","","","","","","","","","","","","","","","","","","","","","","","","","","","","","","","","",""
"Google Suggest","sugestao","cripto","crypto sincero","559.0","br","chrome","youtube","expansao_s","2025-12-12 05:16:04","","","","","","","","","","","","","","","","","","","","","","","","","","","","","","","","","","","","","","","","","","","","","","","","","","","","","","","","","","","","","","","","","","","","","","","","","","","","","","","","","","","","","","","","","","","","","","","","","","","","","","","","","",""
"Google Suggest","sugestao","cripto","cripto supercão completo","556.0","br","chrome","youtube","expansao_s","2025-12-12 05:16:04","","","","","","","","","","","","","","","","","","","","","","","","","","","","","","","","","","","","","","","","","","","","","","","","","","","","","","","","","","","","","","","","","","","","","","","","","","","","","","","","","","","","","","","","","","","","","","","","","","","","","","","","","",""
"Google Suggest","sugestao","cripto","cripto sui vale a pena","555.0","br","chrome","youtube","expansao_s","2025-12-12 05:16:04","","","","","","","","","","","","","","","","","","","","","","","","","","","","","","","","","","","","","","","","","","","","","","","","","","","","","","","","","","","","","","","","","","","","","","","","","","","","","","","","","","","","","","","","","","","","","","","","","","","","","","","","","",""
"Google Suggest","sugestao","cripto","cripto the graph","701.0","br","chrome","youtube","expansao_t","2025-12-12 05:16:04","","","","","","","","","","","","","","","","","","","","","","","","","","","","","","","","","","","","","","","","","","","","","","","","","","","","","","","","","","","","","","","","","","","","","","","","","","","","","","","","","","","","","","","","","","","","","","","","","","","","","","","","","",""
"Google Suggest","sugestao","cripto","cripto tia","700.0","br","chrome","youtube","expansao_t","2025-12-12 05:16:04","","","","","","","","","","","","","","","","","","","","","","","","","","","","","","","","","","","","","","","","","","","","","","","","","","","","","","","","","","","","","","","","","","","","","","","","","","","","","","","","","","","","","","","","","","","","","","","","","","","","","","","","","",""
"Google Suggest","sugestao","cripto","cripto trade","601.0","br","chrome","youtube","expansao_t","2025-12-12 05:16:04","","","","","","","","","","","","","","","","","","","","","","","","","","","","","","","","","","","","","","","","","","","","","","","","","","","","","","","","","","","","","","","","","","","","","","","","","","","","","","","","","","","","","","","","","","","","","","","","","","","","","","","","","",""
"Google Suggest","sugestao","cripto","cripto tree","558.0","br","chrome","youtube","expansao_t","2025-12-12 05:16:04","","","","","","","","","","","","","","","","","","","","","","","","","","","","","","","","","","","","","","","","","","","","","","","","","","","","","","","","","","","","","","","","","","","","","","","","","","","","","","","","","","","","","","","","","","","","","","","","","","","","","","","","","",""
"Google Suggest","sugestao","cripto","crypto trading","557.0","br","chrome","youtube","expansao_t","2025-12-12 05:16:04","","","","","","","","","","","","","","","","","","","","","","","","","","","","","","","","","","","","","","","","","","","","","","","","","","","","","","","","","","","","","","","","","","","","","","","","","","","","","","","","","","","","","","","","","","","","","","","","","","","","","","","","","",""
"Google Suggest","sugestao","cripto","cripto toshi","556.0","br","chrome","youtube","expansao_t","2025-12-12 05:16:04","","","","","","","","","","","","","","","","","","","","","","","","","","","","","","","","","","","","","","","","","","","","","","","","","","","","","","","","","","","","","","","","","","","","","","","","","","","","","","","","","","","","","","","","","","","","","","","","","","","","","","","","","",""
"Google Suggest","sugestao","cripto","cripto usual","1150.0","br","chrome","youtube","expansao_u","2025-12-12 05:16:04","","","","","","","","","","","","","","","","","","","","","","","","","","","","","","","","","","","","","","","","","","","","","","","","","","","","","","","","","","","","","","","","","","","","","","","","","","","","","","","","","","","","","","","","","","","","","","","","","","","","","","","","","",""
"Google Suggest","sugestao","cripto","cripto usdt nubank","556.0","br","chrome","youtube","expansao_u","2025-12-12 05:16:04","","","","","","","","","","","","","","","","","","","","","","","","","","","","","","","","","","","","","","","","","","","","","","","","","","","","","","","","","","","","","","","","","","","","","","","","","","","","","","","","","","","","","","","","","","","","","","","","","","","","","","","","","",""
"Google Suggest","sugestao","cripto","cripto urgente","555.0","br","chrome","youtube","expansao_u","2025-12-12 05:16:04","","","","","","","","","","","","","","","","","","","","","","","","","","","","","","","","","","","","","","","","","","","","","","","","","","","","","","","","","","","","","","","","","","","","","","","","","","","","","","","","","","","","","","","","","","","","","","","","","","","","","","","","","",""
"Google Suggest","sugestao","cripto","cripto usa","554.0","br","chrome","youtube","expansao_u","2025-12-12 05:16:04","","","","","","","","","","","","","","","","","","","","","","","","","","","","","","","","","","","","","","","","","","","","","","","","","","","","","","","","","","","","","","","","","","","","","","","","","","","","","","","","","","","","","","","","","","","","","","","","","","","","","","","","","",""
"Google Suggest","sugestao","cripto","cripto villa","1250.0","br","chrome","youtube","expansao_v","2025-12-12 05:16:04","","","","","","","","","","","","","","","","","","","","","","","","","","","","","","","","","","","","","","","","","","","","","","","","","","","","","","","","","","","","","","","","","","","","","","","","","","","","","","","","","","","","","","","","","","","","","","","","","","","","","","","","","",""
"Google Suggest","sugestao","cripto","cripto vulpefi","601.0","br","chrome","youtube","expansao_v","2025-12-12 05:16:04","","","","","","","","","","","","","","","","","","","","","","","","","","","","","","","","","","","","","","","","","","","","","","","","","","","","","","","","","","","","","","","","","","","","","","","","","","","","","","","","","","","","","","","","","","","","","","","","","","","","","","","","","",""
"Google Suggest","sugestao","cripto","cripto vai explodir","600.0","br","chrome","youtube","expansao_v","2025-12-12 05:16:04","","","","","","","","","","","","","","","","","","","","","","","","","","","","","","","","","","","","","","","","","","","","","","","","","","","","","","","","","","","","","","","","","","","","","","","","","","","","","","","","","","","","","","","","","","","","","","","","","","","","","","","","","",""
"Google Suggest","sugestao","cripto","criptoverso","557.0","br","chrome","youtube","expansao_v","2025-12-12 05:16:04","","","","","","","","","","","","","","","","","","","","","","","","","","","","","","","","","","","","","","","","","","","","","","","","","","","","","","","","","","","","","","","","","","","","","","","","","","","","","","","","","","","","","","","","","","","","","","","","","","","","","","","","","",""
"Google Suggest","sugestao","cripto","crypto virtual","556.0","br","chrome","youtube","expansao_v","2025-12-12 05:16:04","","","","","","","","","","","","","","","","","","","","","","","","","","","","","","","","","","","","","","","","","","","","","","","","","","","","","","","","","","","","","","","","","","","","","","","","","","","","","","","","","","","","","","","","","","","","","","","","","","","","","","","","","",""
"Google Suggest","sugestao","cripto","cripto vechain","555.0","br","chrome","youtube","expansao_v","2025-12-12 05:16:04","","","","","","","","","","","","","","","","","","","","","","","","","","","","","","","","","","","","","","","","","","","","","","","","","","","","","","","","","","","","","","","","","","","","","","","","","","","","","","","","","","","","","","","","","","","","","","","","","","","","","","","","","",""
"Google Suggest","sugestao","cripto","cripto walrus","557.0","br","chrome","youtube","expansao_w","2025-12-12 05:16:04","","","","","","","","","","","","","","","","","","","","","","","","","","","","","","","","","","","","","","","","","","","","","","","","","","","","","","","","","","","","","","","","","","","","","","","","","","","","","","","","","","","","","","","","","","","","","","","","","","","","","","","","","",""
"Google Suggest","sugestao","cripto","cripto xen","556.0","br","chrome","youtube","expansao_w","2025-12-12 05:16:04","","","","","","","","","","","","","","","","","","","","","","","","","","","","","","","","","","","","","","","","","","","","","","","","","","","","","","","","","","","","","","","","","","","","","","","","","","","","","","","","","","","","","","","","","","","","","","","","","","","","","","","","","",""
"Google Suggest","sugestao","cripto","crypto week","555.0","br","chrome","youtube","expansao_w","2025-12-12 05:16:04","","","","","","","","","","","","","","","","","","","","","","","","","","","","","","","","","","","","","","","","","","","","","","","","","","","","","","","","","","","","","","","","","","","","","","","","","","","","","","","","","","","","","","","","","","","","","","","","","","","","","","","","","",""
"Google Suggest","sugestao","cripto","cripto xrp 2025","601.0","br","chrome","youtube","expansao_x","2025-12-12 05:16:04","","","","","","","","","","","","","","","","","","","","","","","","","","","","","","","","","","","","","","","","","","","","","","","","","","","","","","","","","","","","","","","","","","","","","","","","","","","","","","","","","","","","","","","","","","","","","","","","","","","","","","","","","",""
"Google Suggest","sugestao","cripto","cripto xai","557.0","br","chrome","youtube","expansao_x","2025-12-12 05:16:04","","","","","","","","","","","","","","","","","","","","","","","","","","","","","","","","","","","","","","","","","","","","","","","","","","","","","","","","","","","","","","","","","","","","","","","","","","","","","","","","","","","","","","","","","","","","","","","","","","","","","","","","","",""
"Google Suggest","sugestao","cripto","cripto xdc","556.0","br","chrome","youtube","expansao_x","2025-12-12 05:16:04","","","","","","","","","","","","","","","","","","","","","","","","","","","","","","","","","","","","","","","","","","","","","","","","","","","","","","","","","","","","","","","","","","","","","","","","","","","","","","","","","","","","","","","","","","","","","","","","","","","","","","","","","",""
"Google Suggest","sugestao","cripto","cripto jb","750.0","br","chrome","youtube","expansao_y","2025-12-12 05:16:04","","","","","","","","","","","","","","","","","","","","","","","","","","","","","","","","","","","","","","","","","","","","","","","","","","","","","","","","","","","","","","","","","","","","","","","","","","","","","","","","","","","","","","","","","","","","","","","","","","","","","","","","","",""
"Google Suggest","sugestao","cripto","cripto bebe","650.0","br","chrome","youtube","expansao_y","2025-12-12 05:16:04","","","","","","","","","","","","","","","","","","","","","","","","","","","","","","","","","","","","","","","","","","","","","","","","","","","","","","","","","","","","","","","","","","","","","","","","","","","","","","","","","","","","","","","","","","","","","","","","","","","","","","","","","",""
"Google Suggest","sugestao","cripto","cripto yt","600.0","br","chrome","youtube","expansao_y","2025-12-12 05:16:04","","","","","","","","","","","","","","","","","","","","","","","","","","","","","","","","","","","","","","","","","","","","","","","","","","","","","","","","","","","","","","","","","","","","","","","","","","","","","","","","","","","","","","","","","","","","","","","","","","","","","","","","","",""
"Google Suggest","sugestao","cripto","crypto youtube","559.0","br","chrome","youtube","expansao_y","2025-12-12 05:16:04","","","","","","","","","","","","","","","","","","","","","","","","","","","","","","","","","","","","","","","","","","","","","","","","","","","","","","","","","","","","","","","","","","","","","","","","","","","","","","","","","","","","","","","","","","","","","","","","","","","","","","","","","",""
"Google Suggest","sugestao","cripto","crypto youtubers","558.0","br","chrome","youtube","expansao_y","2025-12-12 05:16:04","","","","","","","","","","","","","","","","","","","","","","","","","","","","","","","","","","","","","","","","","","","","","","","","","","","","","","","","","","","","","","","","","","","","","","","","","","","","","","","","","","","","","","","","","","","","","","","","","","","","","","","","","",""
"Google Suggest","sugestao","cripto","crypto yield farming","557.0","br","chrome","youtube","expansao_y","2025-12-12 05:16:04","","","","","","","","","","","","","","","","","","","","","","","","","","","","","","","","","","","","","","","","","","","","","","","","","","","","","","","","","","","","","","","","","","","","","","","","","","","","","","","","","","","","","","","","","","","","","","","","","","","","","","","","","",""
"Google Suggest","sugestao","cripto","crypto youtube channel","555.0","br","chrome","youtube","expansao_y","2025-12-12 05:16:04","","","","","","","","","","","","","","","","","","","","","","","","","","","","","","","","","","","","","","","","","","","","","","","","","","","","","","","","","","","","","","","","","","","","","","","","","","","","","","","","","","","","","","","","","","","","","","","","","","","","","","","","","",""
"Google Suggest","sugestao","cripto","cripto zion","600.0","br","chrome","youtube","expansao_z","2025-12-12 05:16:04","","","","","","","","","","","","","","","","","","","","","","","","","","","","","","","","","","","","","","","","","","","","","","","","","","","","","","","","","","","","","","","","","","","","","","","","","","","","","","","","","","","","","","","","","","","","","","","","","","","","","","","","","",""
"Google Suggest","sugestao","cripto","cripto ze ramalho","562.0","br","chrome","youtube","expansao_z","2025-12-12 05:16:04","","","","","","","","","","","","","","","","","","","","","","","","","","","","","","","","","","","","","","","","","","","","","","","","","","","","","","","","","","","","","","","","","","","","","","","","","","","","","","","","","","","","","","","","","","","","","","","","","","","","","","","","","",""
"Google Suggest","sugestao","cripto","cripto sora","561.0","br","chrome","youtube","expansao_z","2025-12-12 05:16:04","","","","","","","","","","","","","","","","","","","","","","","","","","","","","","","","","","","","","","","","","","","","","","","","","","","","","","","","","","","","","","","","","","","","","","","","","","","","","","","","","","","","","","","","","","","","","","","","","","","","","","","","","",""
"Google Suggest","sugestao","cripto","cripto zero","557.0","br","chrome","youtube","expansao_z","2025-12-12 05:16:04","","","","","","","","","","","","","","","","","","","","","","","","","","","","","","","","","","","","","","","","","","","","","","","","","","","","","","","","","","","","","","","","","","","","","","","","","","","","","","","","","","","","","","","","","","","","","","","","","","","","","","","","","",""
"Google Suggest","sugestao","cripto","cripto zkj","556.0","br","chrome","youtube","expansao_z","2025-12-12 05:16:04","","","","","","","","","","","","","","","","","","","","","","","","","","","","","","","","","","","","","","","","","","","","","","","","","","","","","","","","","","","","","","","","","","","","","","","","","","","","","","","","","","","","","","","","","","","","","","","","","","","","","","","","","",""
"Google Suggest","sugestao","cripto","cripto zeus","555.0","br","chrome","youtube","expansao_z","2025-12-12 05:16:04","","","","","","","","","","","","","","","","","","","","","","","","","","","","","","","","","","","","","","","","","","","","","","","","","","","","","","","","","","","","","","","","","","","","","","","","","","","","","","","","","","","","","","","","","","","","","","","","","","","","","","","","","",""
"Google Suggest","sugestao","cripto","lucas crypto 01","601.0","br","chrome","youtube","expansao_0","2025-12-12 05:16:04","","","","","","","","","","","","","","","","","","","","","","","","","","","","","","","","","","","","","","","","","","","","","","","","","","","","","","","","","","","","","","","","","","","","","","","","","","","","","","","","","","","","","","","","","","","","","","","","","","","","","","","","","",""
"Google Suggest","sugestao","cripto","cripto 125","1250.0","br","chrome","youtube","expansao_1","2025-12-12 05:16:04","","","","","","","","","","","","","","","","","","","","","","","","","","","","","","","","","","","","","","","","","","","","","","","","","","","","","","","","","","","","","","","","","","","","","","","","","","","","","","","","","","","","","","","","","","","","","","","","","","","","","","","","","",""
"Google Suggest","sugestao","cripto","crypto 100x","600.0","br","chrome","youtube","expansao_1","2025-12-12 05:16:04","","","","","","","","","","","","","","","","","","","","","","","","","","","","","","","","","","","","","","","","","","","","","","","","","","","","","","","","","","","","","","","","","","","","","","","","","","","","","","","","","","","","","","","","","","","","","","","","","","","","","","","","","",""
"Google Suggest","sugestao","cripto","crypto 101","561.0","br","chrome","youtube","expansao_1","2025-12-12 05:16:04","","","","","","","","","","","","","","","","","","","","","","","","","","","","","","","","","","","","","","","","","","","","","","","","","","","","","","","","","","","","","","","","","","","","","","","","","","","","","","","","","","","","","","","","","","","","","","","","","","","","","","","","","",""
"Google Suggest","sugestao","cripto","crypton 115 montadinha","559.0","br","chrome","youtube","expansao_1","2025-12-12 05:16:04","","","","","","","","","","","","","","","","","","","","","","","","","","","","","","","","","","","","","","","","","","","","","","","","","","","","","","","","","","","","","","","","","","","","","","","","","","","","","","","","","","","","","","","","","","","","","","","","","","","","","","","","","",""
"Google Suggest","sugestao","cripto","crypton 115 falhando","558.0","br","chrome","youtube","expansao_1","2025-12-12 05:16:04","","","","","","","","","","","","","","","","","","","","","","","","","","","","","","","","","","","","","","","","","","","","","","","","","","","","","","","","","","","","","","","","","","","","","","","","","","","","","","","","","","","","","","","","","","","","","","","","","","","","","","","","","",""
"Google Suggest","sugestao","cripto","crypton 115 cortando giro","557.0","br","chrome","youtube","expansao_1","2025-12-12 05:16:04","","","","","","","","","","","","","","","","","","","","","","","","","","","","","","","","","","","","","","","","","","","","","","","","","","","","","","","","","","","","","","","","","","","","","","","","","","","","","","","","","","","","","","","","","","","","","","","","","","","","","","","","","",""
"Google Suggest","sugestao","cripto","crypton 115 preparada","556.0","br","chrome","youtube","expansao_1","2025-12-12 05:16:04","","","","","","","","","","","","","","","","","","","","","","","","","","","","","","","","","","","","","","","","","","","","","","","","","","","","","","","","","","","","","","","","","","","","","","","","","","","","","","","","","","","","","","","","","","","","","","","","","","","","","","","","","",""
"Google Suggest","sugestao","cripto","crypton 115 sem filtro","555.0","br","chrome","youtube","expansao_1","2025-12-12 05:16:04","","","","","","","","","","","","","","","","","","","","","","","","","","","","","","","","","","","","","","","","","","","","","","","","","","","","","","","","","","","","","","","","","","","","","","","","","","","","","","","","","","","","","","","","","","","","","","","","","","","","","","","","","",""
"Google Suggest","sugestao","cripto","cripto 2z","750.0","br","chrome","youtube","expansao_2","2025-12-12 05:16:04","","","","","","","","","","","","","","","","","","","","","","","","","","","","","","","","","","","","","","","","","","","","","","","","","","","","","","","","","","","","","","","","","","","","","","","","","","","","","","","","","","","","","","","","","","","","","","","","","","","","","","","","","",""
"Google Suggest","sugestao","cripto","cripto 2.0","601.0","br","chrome","youtube","expansao_2","2025-12-12 05:16:04","","","","","","","","","","","","","","","","","","","","","","","","","","","","","","","","","","","","","","","","","","","","","","","","","","","","","","","","","","","","","","","","","","","","","","","","","","","","","","","","","","","","","","","","","","","","","","","","","","","","","","","","","",""
"Google Suggest","sugestao","cripto","crypto 20k","600.0","br","chrome","youtube","expansao_2","2025-12-12 05:16:04","","","","","","","","","","","","","","","","","","","","","","","","","","","","","","","","","","","","","","","","","","","","","","","","","","","","","","","","","","","","","","","","","","","","","","","","","","","","","","","","","","","","","","","","","","","","","","","","","","","","","","","","","",""
"Google Suggest","sugestao","cripto","crypto 2025","559.0","br","chrome","youtube","expansao_2","2025-12-12 05:16:04","","","","","","","","","","","","","","","","","","","","","","","","","","","","","","","","","","","","","","","","","","","","","","","","","","","","","","","","","","","","","","","","","","","","","","","","","","","","","","","","","","","","","","","","","","","","","","","","","","","","","","","","","",""
"Google Suggest","sugestao","cripto","crypto 2026","558.0","br","chrome","youtube","expansao_2","2025-12-12 05:16:04","","","","","","","","","","","","","","","","","","","","","","","","","","","","","","","","","","","","","","","","","","","","","","","","","","","","","","","","","","","","","","","","","","","","","","","","","","","","","","","","","","","","","","","","","","","","","","","","","","","","","","","","","",""
"Google Suggest","sugestao","cripto","crypto 2019","557.0","br","chrome","youtube","expansao_2","2025-12-12 05:16:04","","","","","","","","","","","","","","","","","","","","","","","","","","","","","","","","","","","","","","","","","","","","","","","","","","","","","","","","","","","","","","","","","","","","","","","","","","","","","","","","","","","","","","","","","","","","","","","","","","","","","","","","","",""
"Google Suggest","sugestao","cripto","crypto 2","556.0","br","chrome","youtube","expansao_2","2025-12-12 05:16:04","","","","","","","","","","","","","","","","","","","","","","","","","","","","","","","","","","","","","","","","","","","","","","","","","","","","","","","","","","","","","","","","","","","","","","","","","","","","","","","","","","","","","","","","","","","","","","","","","","","","","","","","","",""
"Google Suggest","sugestao","cripto","cripto 24","555.0","br","chrome","youtube","expansao_2","2025-12-12 05:16:04","","","","","","","","","","","","","","","","","","","","","","","","","","","","","","","","","","","","","","","","","","","","","","","","","","","","","","","","","","","","","","","","","","","","","","","","","","","","","","","","","","","","","","","","","","","","","","","","","","","","","","","","","",""
"Google Suggest","sugestao","cripto","crypto 3d animation","601.0","br","chrome","youtube","expansao_3","2025-12-12 05:16:04","","","","","","","","","","","","","","","","","","","","","","","","","","","","","","","","","","","","","","","","","","","","","","","","","","","","","","","","","","","","","","","","","","","","","","","","","","","","","","","","","","","","","","","","","","","","","","","","","","","","","","","","","",""
"Google Suggest","sugestao","cripto","crypto 30 tax","600.0","br","chrome","youtube","expansao_3","2025-12-12 05:16:04","","","","","","","","","","","","","","","","","","","","","","","","","","","","","","","","","","","","","","","","","","","","","","","","","","","","","","","","","","","","","","","","","","","","","","","","","","","","","","","","","","","","","","","","","","","","","","","","","","","","","","","","","",""
"Google Suggest","sugestao","cripto","crypto 30 percent tax in hindi","561.0","br","chrome","youtube","expansao_3","2025-12-12 05:16:04","","","","","","","","","","","","","","","","","","","","","","","","","","","","","","","","","","","","","","","","","","","","","","","","","","","","","","","","","","","","","","","","","","","","","","","","","","","","","","","","","","","","","","","","","","","","","","","","","","","","","","","","","",""
"Google Suggest","sugestao","cripto","crypto 321","560.0","br","chrome","youtube","expansao_3","2025-12-12 05:16:04","","","","","","","","","","","","","","","","","","","","","","","","","","","","","","","","","","","","","","","","","","","","","","","","","","","","","","","","","","","","","","","","","","","","","","","","","","","","","","","","","","","","","","","","","","","","","","","","","","","","","","","","","",""
"Google Suggest","sugestao","cripto","crypto 3x 5x 10x","559.0","br","chrome","youtube","expansao_3","2025-12-12 05:16:04","","","","","","","","","","","","","","","","","","","","","","","","","","","","","","","","","","","","","","","","","","","","","","","","","","","","","","","","","","","","","","","","","","","","","","","","","","","","","","","","","","","","","","","","","","","","","","","","","","","","","","","","","",""
"Google Suggest","sugestao","cripto","crypto 3.0","558.0","br","chrome","youtube","expansao_3","2025-12-12 05:16:04","","","","","","","","","","","","","","","","","","","","","","","","","","","","","","","","","","","","","","","","","","","","","","","","","","","","","","","","","","","","","","","","","","","","","","","","","","","","","","","","","","","","","","","","","","","","","","","","","","","","","","","","","",""
"Google Suggest","sugestao","cripto","crypto 30 day rule","556.0","br","chrome","youtube","expansao_3","2025-12-12 05:16:04","","","","","","","","","","","","","","","","","","","","","","","","","","","","","","","","","","","","","","","","","","","","","","","","","","","","","","","","","","","","","","","","","","","","","","","","","","","","","","","","","","","","","","","","","","","","","","","","","","","","","","","","","",""
"Google Suggest","sugestao","cripto","crypto 3x sensitivity","555.0","br","chrome","youtube","expansao_3","2025-12-12 05:16:04","","","","","","","","","","","","","","","","","","","","","","","","","","","","","","","","","","","","","","","","","","","","","","","","","","","","","","","","","","","","","","","","","","","","","","","","","","","","","","","","","","","","","","","","","","","","","","","","","","","","","","","","","",""
"Google Suggest","sugestao","cripto","cripto 4.0","1250.0","br","chrome","youtube","expansao_4","2025-12-12 05:16:04","","","","","","","","","","","","","","","","","","","","","","","","","","","","","","","","","","","","","","","","","","","","","","","","","","","","","","","","","","","","","","","","","","","","","","","","","","","","","","","","","","","","","","","","","","","","","","","","","","","","","","","","","",""
"Google Suggest","sugestao","cripto","crypto king part 4","601.0","br","chrome","youtube","expansao_4","2025-12-12 05:16:04","","","","","","","","","","","","","","","","","","","","","","","","","","","","","","","","","","","","","","","","","","","","","","","","","","","","","","","","","","","","","","","","","","","","","","","","","","","","","","","","","","","","","","","","","","","","","","","","","","","","","","","","","",""
"Google Suggest","sugestao","cripto","top 5 cripto","601.0","br","chrome","youtube","expansao_5","2025-12-12 05:16:04","","","","","","","","","","","","","","","","","","","","","","","","","","","","","","","","","","","","","","","","","","","","","","","","","","","","","","","","","","","","","","","","","","","","","","","","","","","","","","","","","","","","","","","","","","","","","","","","","","","","","","","","","",""
"Google Suggest","sugestao","cripto","john 5 crypto","600.0","br","chrome","youtube","expansao_5","2025-12-12 05:16:04","","","","","","","","","","","","","","","","","","","","","","","","","","","","","","","","","","","","","","","","","","","","","","","","","","","","","","","","","","","","","","","","","","","","","","","","","","","","","","","","","","","","","","","","","","","","","","","","","","","","","","","","","",""
"Google Suggest","sugestao","cripto","gta 5 crypto","551.0","br","chrome","youtube","expansao_5","2025-12-12 05:16:04","","","","","","","","","","","","","","","","","","","","","","","","","","","","","","","","","","","","","","","","","","","","","","","","","","","","","","","","","","","","","","","","","","","","","","","","","","","","","","","","","","","","","","","","","","","","","","","","","","","","","","","","","",""
"Google Suggest","sugestao","cripto","cripto gta 6","600.0","br","chrome","youtube","expansao_6","2025-12-12 05:16:04","","","","","","","","","","","","","","","","","","","","","","","","","","","","","","","","","","","","","","","","","","","","","","","","","","","","","","","","","","","","","","","","","","","","","","","","","","","","","","","","","","","","","","","","","","","","","","","","","","","","","","","","","",""
"Google Suggest","sugestao","cripto","730 crypto","601.0","br","chrome","youtube","expansao_7","2025-12-12 05:16:04","","","","","","","","","","","","","","","","","","","","","","","","","","","","","","","","","","","","","","","","","","","","","","","","","","","","","","","","","","","","","","","","","","","","","","","","","","","","","","","","","","","","","","","","","","","","","","","","","","","","","","","","","",""
"Google Suggest","sugestao","cripto","786 crypto","600.0","br","chrome","youtube","expansao_7","2025-12-12 05:16:04","","","","","","","","","","","","","","","","","","","","","","","","","","","","","","","","","","","","","","","","","","","","","","","","","","","","","","","","","","","","","","","","","","","","","","","","","","","","","","","","","","","","","","","","","","","","","","","","","","","","","","","","","",""
"Google Suggest","sugestao","cripto","dani crypto 7","552.0","br","chrome","youtube","expansao_7","2025-12-12 05:16:04","","","","","","","","","","","","","","","","","","","","","","","","","","","","","","","","","","","","","","","","","","","","","","","","","","","","","","","","","","","","","","","","","","","","","","","","","","","","","","","","","","","","","","","","","","","","","","","","","","","","","","","","","",""
"Google Suggest","sugestao","cripto","kripto88","601.0","br","chrome","youtube","expansao_8","2025-12-12 05:16:04","","","","","","","","","","","","","","","","","","","","","","","","","","","","","","","","","","","","","","","","","","","","","","","","","","","","","","","","","","","","","","","","","","","","","","","","","","","","","","","","","","","","","","","","","","","","","","","","","","","","","","","","","",""
"Google Suggest","sugestao","cripto","script 99 noites na floresta","601.0","br","chrome","youtube","expansao_9","2025-12-12 05:16:04","","","","","","","","","","","","","","","","","","","","","","","","","","","","","","","","","","","","","","","","","","","","","","","","","","","","","","","","","","","","","","","","","","","","","","","","","","","","","","","","","","","","","","","","","","","","","","","","","","","","","","","","","",""
"Google Suggest","sugestao","cripto","script 99","600.0","br","chrome","youtube","expansao_9","2025-12-12 05:16:04","","","","","","","","","","","","","","","","","","","","","","","","","","","","","","","","","","","","","","","","","","","","","","","","","","","","","","","","","","","","","","","","","","","","","","","","","","","","","","","","","","","","","","","","","","","","","","","","","","","","","","","","","",""
"Google Suggest","sugestao","cripto","script 99 dias na floresta sem key","561.0","br","chrome","youtube","expansao_9","2025-12-12 05:16:04","","","","","","","","","","","","","","","","","","","","","","","","","","","","","","","","","","","","","","","","","","","","","","","","","","","","","","","","","","","","","","","","","","","","","","","","","","","","","","","","","","","","","","","","","","","","","","","","","","","","","","","","","",""
"Google Suggest","sugestao","cripto","script 99 nights in the forest","560.0","br","chrome","youtube","expansao_9","2025-12-12 05:16:04","","","","","","","","","","","","","","","","","","","","","","","","","","","","","","","","","","","","","","","","","","","","","","","","","","","","","","","","","","","","","","","","","","","","","","","","","","","","","","","","","","","","","","","","","","","","","","","","","","","","","","","","","",""
"Google Suggest","sugestao","cripto","script 99 noite","559.0","br","chrome","youtube","expansao_9","2025-12-12 05:16:04","","","","","","","","","","","","","","","","","","","","","","","","","","","","","","","","","","","","","","","","","","","","","","","","","","","","","","","","","","","","","","","","","","","","","","","","","","","","","","","","","","","","","","","","","","","","","","","","","","","","","","","","","",""
"Google Suggest","sugestao","cripto","script 99 noites sem key","558.0","br","chrome","youtube","expansao_9","2025-12-12 05:16:04","","","","","","","","","","","","","","","","","","","","","","","","","","","","","","","","","","","","","","","","","","","","","","","","","","","","","","","","","","","","","","","","","","","","","","","","","","","","","","","","","","","","","","","","","","","","","","","","","","","","","","","","","",""
"Google Suggest","sugestao","cripto","script 99 noites na floresta link direto","557.0","br","chrome","youtube","expansao_9","2025-12-12 05:16:04","","","","","","","","","","","","","","","","","","","","","","","","","","","","","","","","","","","","","","","","","","","","","","","","","","","","","","","","","","","","","","","","","","","","","","","","","","","","","","","","","","","","","","","","","","","","","","","","","","","","","","","","","",""
"Google Suggest","sugestao","cripto","script 99 dias na floresta pc","556.0","br","chrome","youtube","expansao_9","2025-12-12 05:16:04","","","","","","","","","","","","","","","","","","","","","","","","","","","","","","","","","","","","","","","","","","","","","","","","","","","","","","","","","","","","","","","","","","","","","","","","","","","","","","","","","","","","","","","","","","","","","","","","","","","","","","","","","",""
"Google Suggest","sugestao","cripto","script 99 dias na floresta mobile","555.0","br","chrome","youtube","expansao_9","2025-12-12 05:16:04","","","","","","","","","","","","","","","","","","","","","","","","","","","","","","","","","","","","","","","","","","","","","","","","","","","","","","","","","","","","","","","","","","","","","","","","","","","","","","","","","","","","","","","","","","","","","","","","","","","","","","","","","",""
"Google Suggest","sugestao","cripto","rwa crypto o que é","600.0","br","chrome","youtube","categoria_Questões_o que","2025-12-12 05:16:04","","","","","","","","","","","","","","","","","","","","","","","","","","","","","","","","","","","","","","","","","","","","","","","","","","","","","","","","","","","","","","","","","","","","","","","","","","","","","","","","","","","","","","","","","","","","","","","","","","","","","","","","","",""
"Google Suggest","sugestao","cripto","cripto.com é confiavel","601.0","br","chrome","youtube","categoria_Questões_é","2025-12-12 05:16:04","","","","","","","","","","","","","","","","","","","","","","","","","","","","","","","","","","","","","","","","","","","","","","","","","","","","","","","","","","","","","","","","","","","","","","","","","","","","","","","","","","","","","","","","","","","","","","","","","","","","","","","","","",""
"Google Suggest","sugestao","cripto","bicicleta cripto é boa","600.0","br","chrome","youtube","categoria_Questões_é","2025-12-12 05:16:04","","","","","","","","","","","","","","","","","","","","","","","","","","","","","","","","","","","","","","","","","","","","","","","","","","","","","","","","","","","","","","","","","","","","","","","","","","","","","","","","","","","","","","","","","","","","","","","","","","","","","","","","","",""
"Google Suggest","sugestao","cripto","o'que é cripto","555.0","br","chrome","youtube","categoria_Questões_é","2025-12-12 05:16:04","","","","","","","","","","","","","","","","","","","","","","","","","","","","","","","","","","","","","","","","","","","","","","","","","","","","","","","","","","","","","","","","","","","","","","","","","","","","","","","","","","","","","","","","","","","","","","","","","","","","","","","","","",""
"Google Suggest","sugestao","cripto","kumbo é cripto","554.0","br","chrome","youtube","categoria_Questões_é","2025-12-12 05:16:04","","","","","","","","","","","","","","","","","","","","","","","","","","","","","","","","","","","","","","","","","","","","","","","","","","","","","","","","","","","","","","","","","","","","","","","","","","","","","","","","","","","","","","","","","","","","","","","","","","","","","","","","","",""
"Google Suggest","sugestao","cripto","criptomoeda sdao","550.0","br","chrome","youtube","categoria_Questões_é","2025-12-12 05:16:04","","","","","","","","","","","","","","","","","","","","","","","","","","","","","","","","","","","","","","","","","","","","","","","","","","","","","","","","","","","","","","","","","","","","","","","","","","","","","","","","","","","","","","","","","","","","","","","","","","","","","","","","","",""
"Google Suggest","sugestao","cripto","criador da criptomoeda","600.0","br","chrome","youtube","categoria_Questões_não é","2025-12-12 05:16:04","","","","","","","","","","","","","","","","","","","","","","","","","","","","","","","","","","","","","","","","","","","","","","","","","","","","","","","","","","","","","","","","","","","","","","","","","","","","","","","","","","","","","","","","","","","","","","","","","","","","","","","","","",""
"Google Suggest","sugestao","cripto","cripto como começar","1250.0","br","chrome","youtube","categoria_Questões_como","2025-12-12 05:16:04","","","","","","","","","","","","","","","","","","","","","","","","","","","","","","","","","","","","","","","","","","","","","","","","","","","","","","","","","","","","","","","","","","","","","","","","","","","","","","","","","","","","","","","","","","","","","","","","","","","","","","","","","",""
"Google Suggest","sugestao","cripto","cripto nubank como funciona","601.0","br","chrome","youtube","categoria_Questões_como","2025-12-12 05:16:04","","","","","","","","","","","","","","","","","","","","","","","","","","","","","","","","","","","","","","","","","","","","","","","","","","","","","","","","","","","","","","","","","","","","","","","","","","","","","","","","","","","","","","","","","","","","","","","","","","","","","","","","","",""
"Google Suggest","sugestao","cripto","mercado cripto como funciona","600.0","br","chrome","youtube","categoria_Questões_como","2025-12-12 05:16:04","","","","","","","","","","","","","","","","","","","","","","","","","","","","","","","","","","","","","","","","","","","","","","","","","","","","","","","","","","","","","","","","","","","","","","","","","","","","","","","","","","","","","","","","","","","","","","","","","","","","","","","","","",""
"Google Suggest","sugestao","cripto","vulpefi cripto como comprar","559.0","br","chrome","youtube","categoria_Questões_como","2025-12-12 05:16:04","","","","","","","","","","","","","","","","","","","","","","","","","","","","","","","","","","","","","","","","","","","","","","","","","","","","","","","","","","","","","","","","","","","","","","","","","","","","","","","","","","","","","","","","","","","","","","","","","","","","","","","","","",""
"Google Suggest","sugestao","cripto","cripto trump como comprar","558.0","br","chrome","youtube","categoria_Questões_como","2025-12-12 05:16:04","","","","","","","","","","","","","","","","","","","","","","","","","","","","","","","","","","","","","","","","","","","","","","","","","","","","","","","","","","","","","","","","","","","","","","","","","","","","","","","","","","","","","","","","","","","","","","","","","","","","","","","","","",""
"Google Suggest","sugestao","cripto","cartao cripto como funciona","557.0","br","chrome","youtube","categoria_Questões_como","2025-12-12 05:16:04","","","","","","","","","","","","","","","","","","","","","","","","","","","","","","","","","","","","","","","","","","","","","","","","","","","","","","","","","","","","","","","","","","","","","","","","","","","","","","","","","","","","","","","","","","","","","","","","","","","","","","","","","",""
"Google Suggest","sugestao","cripto","bulldog crypto como comprar","556.0","br","chrome","youtube","categoria_Questões_como","2025-12-12 05:16:04","","","","","","","","","","","","","","","","","","","","","","","","","","","","","","","","","","","","","","","","","","","","","","","","","","","","","","","","","","","","","","","","","","","","","","","","","","","","","","","","","","","","","","","","","","","","","","","","","","","","","","","","","",""
"Google Suggest","sugestao","cripto","bulldogito cripto como comprar","555.0","br","chrome","youtube","categoria_Questões_como","2025-12-12 05:16:04","","","","","","","","","","","","","","","","","","","","","","","","","","","","","","","","","","","","","","","","","","","","","","","","","","","","","","","","","","","","","","","","","","","","","","","","","","","","","","","","","","","","","","","","","","","","","","","","","","","","","","","","","",""
"Google Suggest","sugestao","cripto","cripto rekt","601.0","br","chrome","youtube","categoria_Questões_por que","2025-12-12 05:16:04","","","","","","","","","","","","","","","","","","","","","","","","","","","","","","","","","","","","","","","","","","","","","","","","","","","","","","","","","","","","","","","","","","","","","","","","","","","","","","","","","","","","","","","","","","","","","","","","","","","","","","","","","",""
"Google Suggest","sugestao","cripto","criptomoedas que serão lançadas na binance","600.0","br","chrome","youtube","categoria_Questões_por que","2025-12-12 05:16:04","","","","","","","","","","","","","","","","","","","","","","","","","","","","","","","","","","","","","","","","","","","","","","","","","","","","","","","","","","","","","","","","","","","","","","","","","","","","","","","","","","","","","","","","","","","","","","","","","","","","","","","","","",""
"Google Suggest","sugestao","cripto","cripto investimento","600.0","br","chrome","youtube","categoria_Questões_onde","2025-12-12 05:16:04","","","","","","","","","","","","","","","","","","","","","","","","","","","","","","","","","","","","","","","","","","","","","","","","","","","","","","","","","","","","","","","","","","","","","","","","","","","","","","","","","","","","","","","","","","","","","","","","","","","","","","","","","",""
"Google Suggest","sugestao","cripto","qual cripto comprar","557.0","br","chrome","youtube","categoria_Questões_qual","2025-12-12 05:16:04","","","","","","","","","","","","","","","","","","","","","","","","","","","","","","","","","","","","","","","","","","","","","","","","","","","","","","","","","","","","","","","","","","","","","","","","","","","","","","","","","","","","","","","","","","","","","","","","","","","","","","","","","",""
"Google Suggest","sugestao","cripto","qual cripto comprar para 2025","556.0","br","chrome","youtube","categoria_Questões_qual","2025-12-12 05:16:04","","","","","","","","","","","","","","","","","","","","","","","","","","","","","","","","","","","","","","","","","","","","","","","","","","","","","","","","","","","","","","","","","","","","","","","","","","","","","","","","","","","","","","","","","","","","","","","","","","","","","","","","","",""
"Google Suggest","sugestao","cripto","qual cripto comprar agora","554.0","br","chrome","youtube","categoria_Questões_qual","2025-12-12 05:16:04","","","","","","","","","","","","","","","","","","","","","","","","","","","","","","","","","","","","","","","","","","","","","","","","","","","","","","","","","","","","","","","","","","","","","","","","","","","","","","","","","","","","","","","","","","","","","","","","","","","","","","","","","",""
"Google Suggest","sugestao","cripto","qual cripto minerar em 2025","553.0","br","chrome","youtube","categoria_Questões_qual","2025-12-12 05:16:04","","","","","","","","","","","","","","","","","","","","","","","","","","","","","","","","","","","","","","","","","","","","","","","","","","","","","","","","","","","","","","","","","","","","","","","","","","","","","","","","","","","","","","","","","","","","","","","","","","","","","","","","","",""
"Google Suggest","sugestao","cripto","qual cripto investir","552.0","br","chrome","youtube","categoria_Questões_qual","2025-12-12 05:16:04","","","","","","","","","","","","","","","","","","","","","","","","","","","","","","","","","","","","","","","","","","","","","","","","","","","","","","","","","","","","","","","","","","","","","","","","","","","","","","","","","","","","","","","","","","","","","","","","","","","","","","","","","",""
"Google Suggest","sugestao","cripto","qual cripto","551.0","br","chrome","youtube","categoria_Questões_qual","2025-12-12 05:16:04","","","","","","","","","","","","","","","","","","","","","","","","","","","","","","","","","","","","","","","","","","","","","","","","","","","","","","","","","","","","","","","","","","","","","","","","","","","","","","","","","","","","","","","","","","","","","","","","","","","","","","","","","",""
"Google Suggest","sugestao","cripto","cripto de graça","1000.0","br","chrome","youtube","categoria_Preposições_de","2025-12-12 05:16:04","","","","","","","","","","","","","","","","","","","","","","","","","","","","","","","","","","","","","","","","","","","","","","","","","","","","","","","","","","","","","","","","","","","","","","","","","","","","","","","","","","","","","","","","","","","","","","","","","","","","","","","","","",""
"Google Suggest","sugestao","cripto","cripto de amor","557.0","br","chrome","youtube","categoria_Preposições_de","2025-12-12 05:16:04","","","","","","","","","","","","","","","","","","","","","","","","","","","","","","","","","","","","","","","","","","","","","","","","","","","","","","","","","","","","","","","","","","","","","","","","","","","","","","","","","","","","","","","","","","","","","","","","","","","","","","","","","",""
"Google Suggest","sugestao","cripto","cripto de ia para 2025","556.0","br","chrome","youtube","categoria_Preposições_de","2025-12-12 05:16:04","","","","","","","","","","","","","","","","","","","","","","","","","","","","","","","","","","","","","","","","","","","","","","","","","","","","","","","","","","","","","","","","","","","","","","","","","","","","","","","","","","","","","","","","","","","","","","","","","","","","","","","","","",""
"Google Suggest","sugestao","cripto","cripto de donald trump","555.0","br","chrome","youtube","categoria_Preposições_de","2025-12-12 05:16:04","","","","","","","","","","","","","","","","","","","","","","","","","","","","","","","","","","","","","","","","","","","","","","","","","","","","","","","","","","","","","","","","","","","","","","","","","","","","","","","","","","","","","","","","","","","","","","","","","","","","","","","","","",""
"Google Suggest","sugestao","cripto","cripto para 2025","1050.0","br","chrome","youtube","categoria_Preposições_para","2025-12-12 05:16:04","","","","","","","","","","","","","","","","","","","","","","","","","","","","","","","","","","","","","","","","","","","","","","","","","","","","","","","","","","","","","","","","","","","","","","","","","","","","","","","","","","","","","","","","","","","","","","","","","","","","","","","","","",""
"Google Suggest","sugestao","cripto","cripto para ficar milionario","601.0","br","chrome","youtube","categoria_Preposições_para","2025-12-12 05:16:04","","","","","","","","","","","","","","","","","","","","","","","","","","","","","","","","","","","","","","","","","","","","","","","","","","","","","","","","","","","","","","","","","","","","","","","","","","","","","","","","","","","","","","","","","","","","","","","","","","","","","","","","","",""
"Google Suggest","sugestao","cripto","cripto para investir 2025","556.0","br","chrome","youtube","categoria_Preposições_para","2025-12-12 05:16:04","","","","","","","","","","","","","","","","","","","","","","","","","","","","","","","","","","","","","","","","","","","","","","","","","","","","","","","","","","","","","","","","","","","","","","","","","","","","","","","","","","","","","","","","","","","","","","","","","","","","","","","","","",""
"Google Suggest","sugestao","cripto","cripto com potencial","600.0","br","chrome","youtube","categoria_Preposições_com","2025-12-12 05:16:04","","","","","","","","","","","","","","","","","","","","","","","","","","","","","","","","","","","","","","","","","","","","","","","","","","","","","","","","","","","","","","","","","","","","","","","","","","","","","","","","","","","","","","","","","","","","","","","","","","","","","","","","","",""
"Google Suggest","sugestao","cripto","crypto com math","559.0","br","chrome","youtube","categoria_Preposições_com","2025-12-12 05:16:04","","","","","","","","","","","","","","","","","","","","","","","","","","","","","","","","","","","","","","","","","","","","","","","","","","","","","","","","","","","","","","","","","","","","","","","","","","","","","","","","","","","","","","","","","","","","","","","","","","","","","","","","","",""
"Google Suggest","sugestao","cripto","cripto com igor","558.0","br","chrome","youtube","categoria_Preposições_com","2025-12-12 05:16:04","","","","","","","","","","","","","","","","","","","","","","","","","","","","","","","","","","","","","","","","","","","","","","","","","","","","","","","","","","","","","","","","","","","","","","","","","","","","","","","","","","","","","","","","","","","","","","","","","","","","","","","","","",""
"Google Suggest","sugestao","cripto","cripto com de hoje","557.0","br","chrome","youtube","categoria_Preposições_com","2025-12-12 05:16:04","","","","","","","","","","","","","","","","","","","","","","","","","","","","","","","","","","","","","","","","","","","","","","","","","","","","","","","","","","","","","","","","","","","","","","","","","","","","","","","","","","","","","","","","","","","","","","","","","","","","","","","","","",""
"Google Suggest","sugestao","cripto","cripto com maior potencial","556.0","br","chrome","youtube","categoria_Preposições_com","2025-12-12 05:16:04","","","","","","","","","","","","","","","","","","","","","","","","","","","","","","","","","","","","","","","","","","","","","","","","","","","","","","","","","","","","","","","","","","","","","","","","","","","","","","","","","","","","","","","","","","","","","","","","","","","","","","","","","",""
"Google Suggest","sugestao","cripto","sacar cripto sem pagar imposto","559.0","br","chrome","youtube","categoria_Preposições_sem","2025-12-12 05:16:04","","","","","","","","","","","","","","","","","","","","","","","","","","","","","","","","","","","","","","","","","","","","","","","","","","","","","","","","","","","","","","","","","","","","","","","","","","","","","","","","","","","","","","","","","","","","","","","","","","","","","","","","","",""
"Google Suggest","sugestao","cripto","comprar cripto sem corretora","557.0","br","chrome","youtube","categoria_Preposições_sem","2025-12-12 05:16:04","","","","","","","","","","","","","","","","","","","","","","","","","","","","","","","","","","","","","","","","","","","","","","","","","","","","","","","","","","","","","","","","","","","","","","","","","","","","","","","","","","","","","","","","","","","","","","","","","","","","","","","","","",""
"Google Suggest","sugestao","cripto","comprar cripto sem declarar","555.0","br","chrome","youtube","categoria_Preposições_sem","2025-12-12 05:16:04","","","","","","","","","","","","","","","","","","","","","","","","","","","","","","","","","","","","","","","","","","","","","","","","","","","","","","","","","","","","","","","","","","","","","","","","","","","","","","","","","","","","","","","","","","","","","","","","","","","","","","","","","",""
"Google Suggest","sugestao","cripto","aprender sobre cripto","552.0","br","chrome","youtube","categoria_Preposições_sobre","2025-12-12 05:16:04","","","","","","","","","","","","","","","","","","","","","","","","","","","","","","","","","","","","","","","","","","","","","","","","","","","","","","","","","","","","","","","","","","","","","","","","","","","","","","","","","","","","","","","","","","","","","","","","","","","","","","","","","",""
"Google Suggest","sugestao","cripto","todo sobre cripto","551.0","br","chrome","youtube","categoria_Preposições_sobre","2025-12-12 05:16:04","","","","","","","","","","","","","","","","","","","","","","","","","","","","","","","","","","","","","","","","","","","","","","","","","","","","","","","","","","","","","","","","","","","","","","","","","","","","","","","","","","","","","","","","","","","","","","","","","","","","","","","","","",""
"Google Suggest","sugestao","cripto","crypto portugues","550.0","br","chrome","youtube","categoria_Preposições_sobre","2025-12-12 05:16:04","","","","","","","","","","","","","","","","","","","","","","","","","","","","","","","","","","","","","","","","","","","","","","","","","","","","","","","","","","","","","","","","","","","","","","","","","","","","","","","","","","","","","","","","","","","","","","","","","","","","","","","","","",""
"Google Suggest","sugestao","cripto","cryptocontrol augusto backes","1250.0","br","chrome","youtube","categoria_Preposições_contra","2025-12-12 05:16:04","","","","","","","","","","","","","","","","","","","","","","","","","","","","","","","","","","","","","","","","","","","","","","","","","","","","","","","","","","","","","","","","","","","","","","","","","","","","","","","","","","","","","","","","","","","","","","","","","","","","","","","","","",""
"Google Suggest","sugestao","cripto","cryptocontrol vale a pena","602.0","br","chrome","youtube","categoria_Preposições_contra","2025-12-12 05:16:04","","","","","","","","","","","","","","","","","","","","","","","","","","","","","","","","","","","","","","","","","","","","","","","","","","","","","","","","","","","","","","","","","","","","","","","","","","","","","","","","","","","","","","","","","","","","","","","","","","","","","","","","","",""
"Google Suggest","sugestao","cripto","cryptocontrol como usar","601.0","br","chrome","youtube","categoria_Preposições_contra","2025-12-12 05:16:04","","","","","","","","","","","","","","","","","","","","","","","","","","","","","","","","","","","","","","","","","","","","","","","","","","","","","","","","","","","","","","","","","","","","","","","","","","","","","","","","","","","","","","","","","","","","","","","","","","","","","","","","","",""
"Google Suggest","sugestao","cripto","http://cryptocontrol.pro","600.0","br","chrome","youtube","categoria_Preposições_contra","2025-12-12 05:16:04","","","","","","","","","","","","","","","","","","","","","","","","","","","","","","","","","","","","","","","","","","","","","","","","","","","","","","","","","","","","","","","","","","","","","","","","","","","","","","","","","","","","","","","","","","","","","","","","","","","","","","","","","",""
"Google Suggest","sugestao","cripto","cripto vs lex","1200.0","br","chrome","youtube","categoria_Comparações_vs","2025-12-12 05:16:04","","","","","","","","","","","","","","","","","","","","","","","","","","","","","","","","","","","","","","","","","","","","","","","","","","","","","","","","","","","","","","","","","","","","","","","","","","","","","","","","","","","","","","","","","","","","","","","","","","","","","","","","","",""
"Google Suggest","sugestao","cripto","crypto vs superman","601.0","br","chrome","youtube","categoria_Comparações_vs","2025-12-12 05:16:04","","","","","","","","","","","","","","","","","","","","","","","","","","","","","","","","","","","","","","","","","","","","","","","","","","","","","","","","","","","","","","","","","","","","","","","","","","","","","","","","","","","","","","","","","","","","","","","","","","","","","","","","","",""
"Google Suggest","sugestao","cripto","cripto vs luthor","600.0","br","chrome","youtube","categoria_Comparações_vs","2025-12-12 05:16:04","","","","","","","","","","","","","","","","","","","","","","","","","","","","","","","","","","","","","","","","","","","","","","","","","","","","","","","","","","","","","","","","","","","","","","","","","","","","","","","","","","","","","","","","","","","","","","","","","","","","","","","","","",""
"Google Suggest","sugestao","cripto","crypto vs luthor","561.0","br","chrome","youtube","categoria_Comparações_vs","2025-12-12 05:16:04","","","","","","","","","","","","","","","","","","","","","","","","","","","","","","","","","","","","","","","","","","","","","","","","","","","","","","","","","","","","","","","","","","","","","","","","","","","","","","","","","","","","","","","","","","","","","","","","","","","","","","","","","",""
"Google Suggest","sugestao","cripto","crypto vs ultraman","560.0","br","chrome","youtube","categoria_Comparações_vs","2025-12-12 05:16:04","","","","","","","","","","","","","","","","","","","","","","","","","","","","","","","","","","","","","","","","","","","","","","","","","","","","","","","","","","","","","","","","","","","","","","","","","","","","","","","","","","","","","","","","","","","","","","","","","","","","","","","","","",""
"Google Suggest","sugestao","cripto","crypto vs bolt","558.0","br","chrome","youtube","categoria_Comparações_vs","2025-12-12 05:16:04","","","","","","","","","","","","","","","","","","","","","","","","","","","","","","","","","","","","","","","","","","","","","","","","","","","","","","","","","","","","","","","","","","","","","","","","","","","","","","","","","","","","","","","","","","","","","","","","","","","","","","","","","",""
"Google Suggest","sugestao","cripto","crypto vs commodity","557.0","br","chrome","youtube","categoria_Comparações_vs","2025-12-12 05:16:04","","","","","","","","","","","","","","","","","","","","","","","","","","","","","","","","","","","","","","","","","","","","","","","","","","","","","","","","","","","","","","","","","","","","","","","","","","","","","","","","","","","","","","","","","","","","","","","","","","","","","","","","","",""
"Google Suggest","sugestao","cripto","crypto vs traditional finance","555.0","br","chrome","youtube","categoria_Comparações_vs","2025-12-12 05:16:04","","","","","","","","","","","","","","","","","","","","","","","","","","","","","","","","","","","","","","","","","","","","","","","","","","","","","","","","","","","","","","","","","","","","","","","","","","","","","","","","","","","","","","","","","","","","","","","","","","","","","","","","","",""
"Google Suggest","sugestao","cripto","forex ou cripto","601.0","br","chrome","youtube","categoria_Comparações_ou","2025-12-12 05:16:04","","","","","","","","","","","","","","","","","","","","","","","","","","","","","","","","","","","","","","","","","","","","","","","","","","","","","","","","","","","","","","","","","","","","","","","","","","","","","","","","","","","","","","","","","","","","","","","","","","","","","","","","","",""
"Google Suggest","sugestao","cripto","cripto e pix","600.0","br","chrome","youtube","categoria_Comparações_e","2025-12-12 05:16:04","","","","","","","","","","","","","","","","","","","","","","","","","","","","","","","","","","","","","","","","","","","","","","","","","","","","","","","","","","","","","","","","","","","","","","","","","","","","","","","","","","","","","","","","","","","","","","","","","","","","","","","","","",""
"Google Suggest","sugestao","cripto","cripto e imposto de renda","561.0","br","chrome","youtube","categoria_Comparações_e","2025-12-12 05:16:04","","","","","","","","","","","","","","","","","","","","","","","","","","","","","","","","","","","","","","","","","","","","","","","","","","","","","","","","","","","","","","","","","","","","","","","","","","","","","","","","","","","","","","","","","","","","","","","","","","","","","","","","","",""
"Google Suggest","sugestao","cripto","cripto e guerra","560.0","br","chrome","youtube","categoria_Comparações_e","2025-12-12 05:16:04","","","","","","","","","","","","","","","","","","","","","","","","","","","","","","","","","","","","","","","","","","","","","","","","","","","","","","","","","","","","","","","","","","","","","","","","","","","","","","","","","","","","","","","","","","","","","","","","","","","","","","","","","",""
"Google Suggest","sugestao","cripto","cripto e cripto","559.0","br","chrome","youtube","categoria_Comparações_e","2025-12-12 05:16:04","","","","","","","","","","","","","","","","","","","","","","","","","","","","","","","","","","","","","","","","","","","","","","","","","","","","","","","","","","","","","","","","","","","","","","","","","","","","","","","","","","","","","","","","","","","","","","","","","","","","","","","","","",""
"Google Suggest","sugestao","cripto","cripto e ia","557.0","br","chrome","youtube","categoria_Comparações_e","2025-12-12 05:16:04","","","","","","","","","","","","","","","","","","","","","","","","","","","","","","","","","","","","","","","","","","","","","","","","","","","","","","","","","","","","","","","","","","","","","","","","","","","","","","","","","","","","","","","","","","","","","","","","","","","","","","","","","",""
"Google Suggest","sugestao","cripto","cripto barata e promissora","556.0","br","chrome","youtube","categoria_Comparações_e","2025-12-12 05:16:04","","","","","","","","","","","","","","","","","","","","","","","","","","","","","","","","","","","","","","","","","","","","","","","","","","","","","","","","","","","","","","","","","","","","","","","","","","","","","","","","","","","","","","","","","","","","","","","","","","","","","","","","","",""
"SERP","resultado_busca","cripto","Regulação Cripto: o que muda com as novas normas do Banco ...","","","","","","2025-12-12 05:16:04","https://www.insper.edu.br/pt/eventos/2025/12/regulacao-cripto-o-que-muda-com-as-novas-normas-do-banco-central","google","1.0","","","","","","","","","","","","","","","","","","","","","","","","","","","","","","","","","","","","","","","","","","","","","","","","","","","","","","","","","","","","","","","","","","","","","","","","","","","","","","","","","","","","","","","","","","","","","","","","","","","","","","",""
"SERP","resultado_busca","cripto","CRIPTO CONFORME: Receita Federal avança em ação de ...","","","","","","2025-12-12 05:16:04","https://www.gov.br/receitafederal/pt-br/assuntos/noticias/2024/agosto/cripto-conforme-receita-federal-avanca-em-acao-de-conformidade-de-exchanges-de-criptoativos","google","2.0","","","","","","","","","","","","","","","","","","","","","","","","","","","","","","","","","","","","","","","","","","","","","","","","","","","","","","","","","","","","","","","","","","","","","","","","","","","","","","","","","","","","","","","","","","","","","","","","","","","","","","",""
"SERP","resultado_busca","cripto","Criptomoedas | Nubank","","","","","","2025-12-12 05:16:04","https://nubank.com.br/nu/nubank-criptomoeda","google","3.0","","","","","","","","","","","","","","","","","","","","","","","","","","","","","","","","","","","","","","","","","","","","","","","","","","","","","","","","","","","","","","","","","","","","","","","","","","","","","","","","","","","","","","","","","","","","","","","","","","","","","","",""
"SERP","resultado_busca","cripto","Esmalte Cripto Rosa Risqué Cremoso | Loja Coty - Coty Mobile","","","","","","2025-12-12 05:16:04","https://www.lojacoty.com.br/esmalte-risque-nosso-metaverso-rosa-cremoso-cripto-rosa-8ml/p","google","4.0","","","","","","","","","","","","","","","","","","","","","","","","","","","","","","","","","","","","","","","","","","","","","","","","","","","","","","","","","","","","","","","","","","","","","","","","","","","","","","","","","","","","","","","","","","","","","","","","","","","","","","",""
"SERP","resultado_busca","cripto","Fundos de cripto ganham novas regras de governança e diligência ...","","","","","","2025-12-12 05:16:04","https://www.anbima.com.br/pt_br/noticias/fundos-de-cripto-ganham-novas-regras-de-governanca-e-diligencia.htm","google","5.0","","","","","","","","","","","","","","","","","","","","","","","","","","","","","","","","","","","","","","","","","","","","","","","","","","","","","","","","","","","","","","","","","","","","","","","","","","","","","","","","","","","","","","","","","","","","","","","","","","","","","","",""
"SERP","resultado_busca","cripto","Detalhe do Fundo: Empiricus Cripto 20 Prev FIM","","","","","","2025-12-12 05:16:04","https://investimentos.btgpactual.com/previdencia-privada/empiricus-cripto-20-prev-fim","google","6.0","","","","","","","","","","","","","","","","","","","","","","","","","","","","","","","","","","","","","","","","","","","","","","","","","","","","","","","","","","","","","","","","","","","","","","","","","","","","","","","","","","","","","","","","","","","","","","","","","","","","","","",""
"SERP","resultado_busca","cripto","‎App Cripto-Cruzadas – App Store","","","","","","2025-12-12 05:16:04","https://apps.apple.com/br/app/cripto-cruzadas/id1137372438","google","7.0","","","","","","","","","","","","","","","","","","","","","","","","","","","","","","","","","","","","","","","","","","","","","","","","","","","","","","","","","","","","","","","","","","","","","","","","","","","","","","","","","","","","","","","","","","","","","","","","","","","","","","",""
"SERP","resultado_busca","cripto","Banco Central regulamenta 'cripto' com regras mais duras para ...","","","","","","2025-12-12 05:16:04","https://valor.globo.com/financas/criptomoedas/noticia/2025/11/11/banco-central-regulamenta-cripto-com-regras-mais-duras-para-empresas-pequenas.ghtml","google","8.0","","","","","","","","","","","","","","","","","","","","","","","","","","","","","","","","","","","","","","","","","","","","","","","","","","","","","","","","","","","","","","","","","","","","","","","","","","","","","","","","","","","","","","","","","","","","","","","","","","","","","","",""
"SERP","resultado_busca","cripto","Mercado Bitcoin: Sua plataforma de investimentos digitais","","","","","","2025-12-12 05:16:04","https://www.mercadobitcoin.com.br/","google","9.0","","","","","","","","","","","","","","","","","","","","","","","","","","","","","","","","","","","","","","","","","","","","","","","","","","","","","","","","","","","","","","","","","","","","","","","","","","","","","","","","","","","","","","","","","","","","","","","","","","","","","","",""
"SERP","resultado_busca","cripto","ETF de Cripto | B3","","","","","","2025-12-12 05:16:04","https://www.b3.com.br/pt_br/produtos-e-servicos/negociacao/renda-variavel/etf/renda-variavel/etf-de-cripto/","google","10.0","","","","","","","","","","","","","","","","","","","","","","","","","","","","","","","","","","","","","","","","","","","","","","","","","","","","","","","","","","","","","","","","","","","","","","","","","","","","","","","","","","","","","","","","","","","","","","","","","","","","","","",""
"SERP","resultado_busca","cripto","Sua plataforma de investimentos digitais | Mercado Bitcoin","","","","","","2025-12-12 05:16:04","https://www.mercadobitcoin.com.br/","brave","1.0","","","","","","","","","","","","","","","","","","","","","","","","","","","","","","","","","","","","","","","","","","","","","","","","","","","","","","","","","","","","","","","","","","","","","","","","","","","","","","","","","","","","","","","","","","","","","","","","","","","","","","",""
"SERP","resultado_busca","cripto","Preços, Gráficos e Capitalização de Mercado das Criptomoedas | CoinMarketCap","","","","","","2025-12-12 05:16:04","https://coinmarketcap.com/pt-br/","brave","2.0","","","","","","","","","","","","","","","","","","","","","","","","","","","","","","","","","","","","","","","","","","","","","","","","","","","","","","","","","","","","","","","","","","","","","","","","","","","","","","","","","","","","","","","","","","","","","","","","","","","","","","",""
"SERP","resultado_busca","cripto","Todas as Criptomoedas: Lista de nomes - Investing.com","","","","","","2025-12-12 05:16:04","https://br.investing.com/crypto/currencies","brave","3.0","","","","","","","","","","","","","","","","","","","","","","","","","","","","","","","","","","","","","","","","","","","","","","","","","","","","","","","","","","","","","","","","","","","","","","","","","","","","","","","","","","","","","","","","","","","","","","","","","","","","","","",""
"SERP","resultado_busca","cripto","Criptomoedas","","","","","","2025-12-12 05:16:04","https://nubank.com.br/nu/nubank-criptomoeda","brave","4.0","","","","","","","","","","","","","","","","","","","","","","","","","","","","","","","","","","","","","","","","","","","","","","","","","","","","","","","","","","","","","","","","","","","","","","","","","","","","","","","","","","","","","","","","","","","","","","","","","","","","","","",""
"SERP","resultado_busca","cripto","Bitcoin hoje: cripto sobe 8% e ensaia recuperação de volta ao nível de US$ 90 mil","","","","","","2025-12-12 05:16:04","https://www.infomoney.com.br/mercados/bitcoin-hoje-cripto-sobe-8-e-ensaia-recuperacao-de-volta-ao-nivel-de-us-90-mil/","brave","5.0","","","","","","","","","","","","","","","","","","","","","","","","","","","","","","","","","","","","","","","","","","","","","","","","","","","","","","","","","","","","","","","","","","","","","","","","","","","","","","","","","","","","","","","","","","","","","","","","","","","","","","",""
"SERP","resultado_busca","cripto","Bitcoin hoje: cripto cai ao menor nível desde abril com piora no sentimento de risco","","","","","","2025-12-12 05:16:04","https://www.infomoney.com.br/mercados/bitcoin-hoje-cripto-cai-ao-menor-nivel-desde-abril-com-piora-no-sentimento-de-risco/","brave","6.0","","","","","","","","","","","","","","","","","","","","","","","","","","","","","","","","","","","","","","","","","","","","","","","","","","","","","","","","","","","","","","","","","","","","","","","","","","","","","","","","","","","","","","","","","","","","","","","","","","","","","","",""
"SERP","resultado_busca","cripto","O que é cripto? Conheça o mundo dos criptoativos - íon Itaú","","","","","","2025-12-12 05:16:04","https://www.ion.itau/news/o-que-e-cripto-criptoativos/","brave","7.0","","","","","","","","","","","","","","","","","","","","","","","","","","","","","","","","","","","","","","","","","","","","","","","","","","","","","","","","","","","","","","","","","","","","","","","","","","","","","","","","","","","","","","","","","","","","","","","","","","","","","","",""
"SERP","resultado_busca","cripto","Bitcoin e criptomoedas começam dezembro em queda | InvestNews","","","","","","2025-12-12 05:16:04","https://investnews.com.br/investimentos/bitcoin-e-criptomoedas-comecam-dezembro-em-queda-entenda-os-motivos/","brave","8.0","","","","","","","","","","","","","","","","","","","","","","","","","","","","","","","","","","","","","","","","","","","","","","","","","","","","","","","","","","","","","","","","","","","","","","","","","","","","","","","","","","","","","","","","","","","","","","","","","","","","","","",""
"SERP","resultado_busca","cripto","Notícias sobre Criptomoedas | Exame","","","","","","2025-12-12 05:16:04","https://exame.com/noticias-sobre/Criptomoedas/1/","brave","9.0","","","","","","","","","","","","","","","","","","","","","","","","","","","","","","","","","","","","","","","","","","","","","","","","","","","","","","","","","","","","","","","","","","","","","","","","","","","","","","","","","","","","","","","","","","","","","","","","","","","","","","",""
"SERP","resultado_busca","cripto","Por que o bitcoin cai mesmo após o fim do shutdown?","","","","","","2025-12-12 05:16:04","https://investnews.com.br/investimentos/por-que-o-bitcoin-cai-apos-fim-do-shutdown/","brave","10.0","","","","","","","","","","","","","","","","","","","","","","","","","","","","","","","","","","","","","","","","","","","","","","","","","","","","","","","","","","","","","","","","","","","","","","","","","","","","","","","","","","","","","","","","","","","","","","","","","","","","","","",""
"SERP","resultado_busca","cripto","Не грузит фото, где открыть ссылку на Gekkko, что делать?","","","","","","2025-12-12 05:16:04","https://www.bolshoyvopros.ru/questions/4637823-ne-gruzit-foto-gde-otkryt-ssylku-na-gekkko-chto-delat.html","bing","1.0","","","","","","","","","","","","","","","","","","","","","","","","","","","","","","","","","","","","","","","","","","","","","","","","","","","","","","","","","","","","","","","","","","","","","","","","","","","","","","","","","","","","","","","","","","","","","","","","","","","","","","",""
"YouTube","video","cripto","URGENTE: FED FAZ ANÚNCIO BILIONÁRIO! CRIPTOMOEDAS VÃO EXPLODIR?","","","","","","2025-12-12 05:16:04","https://www.youtube.com/watch?v=RxfthobSZb4","","","FAÇA PARTE DA COMUNIDADE MILIONÁRIOS VIP Milionários (Telegram): https://t.me/+_7Xcg0ZLxzwwZjAx Instagram ...","Milionários com Cripto","UCrwzOdGS44WtOqNBVLxHaSQ","https://www.youtube.com/channel/UCrwzOdGS44WtOqNBVLxHaSQ","RxfthobSZb4","2402.0","309.0","0.0","0.0","25.0","PT16M21S","2d","hd","false","True","{}","rectangular","https://i.ytimg.com/vi/RxfthobSZb4/default.jpg","https://i.ytimg.com/vi/RxfthobSZb4/mqdefault.jpg","https://i.ytimg.com/vi/RxfthobSZb4/hqdefault.jpg","https://i.ytimg.com/vi/RxfthobSZb4/sddefault.jpg","https://i.ytimg.com/vi/RxfthobSZb4/maxresdefault.jpg","2025-12-11T23:03:54Z","#criptomoedas, #cripto, #altcoins, #altcoin, #bitcoin, #ethereum, #blockchain, #criptomoedabrasil, #criptomoedasinvestimento, #investimentocrypto, criptoativos, #criptomoedaspromissoras2025, #criptomoedas2025, #altcoinseason, #altcoins2025, #cryptoairdrop, criptomoedas para iniciantes, criptomoedas trump, #bitcoinhoje, #mercadocripto, memecoins 2025, memecoins que vao explodir, #topcriptomoedas, #memecoin, #binance, #criptonews, melhores criptomoedas, ethereum price prediction, bitcoin, ethereum, cryptocurrency","24","pt-BR","pt-BR","none","","https://en.wikipedia.org/wiki/Society","","","","","","","","","processed","public","youtube","True","True","False","","","","","","","","","","","","","","","","","","","","","","","","","","","","","","","","","","","","","","","","","","","","","","","","","","","","","","","","","","",""
"YouTube","video","cripto","ISSO CHOCOU O MERCADO: FED ALIVIA JUROS, MAS CRIPTOS DESPENCAM!","","","","","","2025-12-12 05:16:04","https://www.youtube.com/watch?v=wTGU37byyVs","","","FAÇA PARTE DA COMUNIDADE MILIONÁRIOS VIP Milionários (Telegram): https://t.me/+_7Xcg0ZLxzwwZjAx Instagram ...","Milionários com Cripto","UCrwzOdGS44WtOqNBVLxHaSQ","https://www.youtube.com/channel/UCrwzOdGS44WtOqNBVLxHaSQ","wTGU37byyVs","2026.0","279.0","0.0","0.0","28.0","PT9M5S","2d","hd","false","True","{}","rectangular","https://i.ytimg.com/vi/wTGU37byyVs/default.jpg","https://i.ytimg.com/vi/wTGU37byyVs/mqdefault.jpg","https://i.ytimg.com/vi/wTGU37byyVs/hqdefault.jpg","https://i.ytimg.com/vi/wTGU37byyVs/sddefault.jpg","https://i.ytimg.com/vi/wTGU37byyVs/maxresdefault.jpg","2025-12-11T12:00:06Z","#criptomoedas, #cripto, #altcoins, #altcoin, #bitcoin, #ethereum, #blockchain, #criptomoedabrasil, #criptomoedasinvestimento, #investimentocrypto, criptoativos, #criptomoedaspromissoras2025, #criptomoedas2025, #altcoinseason, #altcoins2025, #cryptoairdrop, criptomoedas para iniciantes, criptomoedas trump, #bitcoinhoje, #mercadocripto, memecoins 2025, memecoins que vao explodir, #topcriptomoedas, #memecoin, #binance, #criptonews, melhores criptomoedas, ethereum price prediction, bitcoin, ethereum, cryptocurrency","24","pt-BR","pt-BR","none","","https://en.wikipedia.org/wiki/Society","2025-12-11T00:00:00Z","","2025-12-11T12:00:06Z","2025-12-11T12:10:10Z","2025-12-11T12:00:00Z","","","","processed","public","youtube","True","True","False","","","","","","","","","","","","","","","","","","","","","","","","","","","","","","","","","","","","","","","","","","","","","","","","","","","","","","","","","","",""
"YouTube","video","cripto","OS PRÓXIMOS MESES DE CRIPTO","","","","","","2025-12-12 05:16:04","https://www.youtube.com/watch?v=ycsQnvzTPH0","","","Os próximos meses do mercado cripto. Me chame para entrar na Black Friday https://rebrand.ly/black-friday-bearlz Já deixe ...","Gabriel Bearlz","UCIAQ3_P3kwt2hld-dwyw6aw","https://www.youtube.com/channel/UCIAQ3_P3kwt2hld-dwyw6aw","ycsQnvzTPH0","1223.0","152.0","0.0","0.0","65.0","PT26M41S","2d","hd","false","True","{}","rectangular","https://i.ytimg.com/vi/ycsQnvzTPH0/default.jpg","https://i.ytimg.com/vi/ycsQnvzTPH0/mqdefault.jpg","https://i.ytimg.com/vi/ycsQnvzTPH0/hqdefault.jpg","https://i.ytimg.com/vi/ycsQnvzTPH0/sddefault.jpg","https://i.ytimg.com/vi/ycsQnvzTPH0/maxresdefault.jpg","2025-12-11T22:26:55Z","","27","pt-PT","pt-PT","none","","","","","","","","","","","processed","public","youtube","True","True","False","","","","","","","","","","","","","","","","","","","","","","","","","","","","","","","","","","","","","","","","","","","","","","","","","","","","","","","","","","",""
"YouTube","video","cripto","BITCOIN VAI SUBIR PÓS CORTE DE JUROS AMERICANO??","","","","","","2025-12-12 05:16:04","https://www.youtube.com/watch?v=fi85Cjczxfo","","","+ Conteúdo Gratuito toda semana no seu e-mail: ...","Investidor 4.20","UC8oofAsuieQv3imZGvaUDOQ","https://www.youtube.com/channel/UC8oofAsuieQv3imZGvaUDOQ","fi85Cjczxfo","30475.0","3603.0","0.0","0.0","176.0","PT27M13S","2d","hd","false","False","{}","rectangular","https://i.ytimg.com/vi/fi85Cjczxfo/default.jpg","https://i.ytimg.com/vi/fi85Cjczxfo/mqdefault.jpg","https://i.ytimg.com/vi/fi85Cjczxfo/hqdefault.jpg","https://i.ytimg.com/vi/fi85Cjczxfo/sddefault.jpg","https://i.ytimg.com/vi/fi85Cjczxfo/maxresdefault.jpg","2025-12-08T20:00:44Z","bitcoin, criptomoeda, investidor4.20, lucas amendola, ethereum, cripto, melhores criptomoedas, mercado cripto, investidor 4.20, como investir em criptomoedas, Lucas amendola, narrativa cripto, cripto mercado, criptomoedas para ficar rico, analisar criptomoeadas, investir criptomoedas, ganhar dinheiro, analisar bitcoin, comprar bitcoin, investir em bitcoin, investir em criptomoedas, noticias cripto, cripto noticias, investidor 420, defi, criptomoedas 2025, bearmarket, bear","24","pt-PT","pt-PT","none","","https://en.wikipedia.org/wiki/Society","","","","","","","","","processed","public","youtube","True","True","False","","","","","","","","","","","","","","","","","","","","","","","","","","","","","","","","","","","","","","","","","","","","","","","","","","","","","","","","","","",""
"YouTube","video","cripto","QUAIS AS MELHORES CRIPTOMOEDAS PARA COMEÇAR A INVESTIR? - PRIMO POBRE #investimentos #criptomoedas","","","","","","2025-12-12 05:16:04","https://www.youtube.com/watch?v=Scojw2us9jQ","","","Primo Pobre fala sobre as melhores criptomoedas para começar no mundo cripto. #criptomoedas #bitcoin #investimentos ...","Segredos de Valor","UCDIZSVAL9dLj2IwQDdgZJiQ","https://www.youtube.com/channel/UCDIZSVAL9dLj2IwQDdgZJiQ","Scojw2us9jQ","169824.0","4998.0","0.0","0.0","30.0","PT47S","2d","hd","false","False","{}","rectangular","https://i.ytimg.com/vi/Scojw2us9jQ/default.jpg","https://i.ytimg.com/vi/Scojw2us9jQ/mqdefault.jpg","https://i.ytimg.com/vi/Scojw2us9jQ/hqdefault.jpg","https://i.ytimg.com/vi/Scojw2us9jQ/sddefault.jpg","https://i.ytimg.com/vi/Scojw2us9jQ/maxresdefault.jpg","2025-01-06T23:14:21Z","","22","pt-PT","pt-PT","none","","","","","","","","","","","processed","public","youtube","True","True","False","","","","","","","","","","","","","","","","","","","","","","","","","","","","","","","","","","","","","","","","","","","","","","","","","","","","","","","","","","",""
"YouTube","video","cripto","🚨 &quot;Comprei Bitcoin em 2010&quot; #bitcoin #btc #criptoativos #cripto #ethereum","","","","","","2025-12-12 05:16:04","https://www.youtube.com/watch?v=81PC3PYSVBA","","","""Comprei Bitcoin em 2010"" #bitcoin #btc #criptoativos #cripto #ethereum.","BlockTrends","UCSAXYj-E9RHN_mW3bviuTCA","https://www.youtube.com/channel/UCSAXYj-E9RHN_mW3bviuTCA","81PC3PYSVBA","3011140.0","164246.0","0.0","0.0","2610.0","PT38S","2d","hd","false","True","{}","rectangular","https://i.ytimg.com/vi/81PC3PYSVBA/default.jpg","https://i.ytimg.com/vi/81PC3PYSVBA/mqdefault.jpg","https://i.ytimg.com/vi/81PC3PYSVBA/hqdefault.jpg","https://i.ytimg.com/vi/81PC3PYSVBA/sddefault.jpg","https://i.ytimg.com/vi/81PC3PYSVBA/maxresdefault.jpg","2024-05-14T22:30:03Z","","27","pt-PT","pt-PT","none","","","","","","","","","","","processed","public","youtube","True","True","False","","","","","","","","","","","","","","","","","","","","","","","","","","","","","","","","","","","","","","","","","","","","","","","","","","","","","","","","","","",""
"YouTube","video","cripto","O Sinal Mais Forte do Ciclo Apareceu e Ninguém Está Falando Disso! - Bitcoin HOJE","","","","","","2025-12-12 05:16:04","https://www.youtube.com/watch?v=ewmZbpda0WY","","","Algo muito grande está prestes a acontecer no mercado cripto… e quase ninguém está percebendo. Enquanto o medo domina e ...","Crypto Minuto - Notícias cripto","UCIUeus6e0aacfauLUrNG1dw","https://www.youtube.com/channel/UCIUeus6e0aacfauLUrNG1dw","ewmZbpda0WY","11200.0","1577.0","0.0","0.0","104.0","PT12M2S","2d","hd","true","True","{}","rectangular","https://i.ytimg.com/vi/ewmZbpda0WY/default.jpg","https://i.ytimg.com/vi/ewmZbpda0WY/mqdefault.jpg","https://i.ytimg.com/vi/ewmZbpda0WY/hqdefault.jpg","https://i.ytimg.com/vi/ewmZbpda0WY/sddefault.jpg","https://i.ytimg.com/vi/ewmZbpda0WY/maxresdefault.jpg","2025-12-09T15:05:06Z","bitcoin, bitcoin hoje, btc price, queda do bitcoin, crypto news, mercado cripto hoje, fed, fomc, fed decision, interest rate cut, jerome powell, ethereum, eth price, etf bitcoin, etf ethereum, crypto etfs, acumulação bitcoin, binance, fear and greed index, stablecoins, usdt, tether, rwa, real world assets, tokenização, plume, ondo, crypto minuto, noticias cripto, preco btc, analise btc, bitcoin 2026, previsão bitcoin, criptomoedas 2026, juros nos EUA, macro economia, fedwatch, powell","27","pt-BR","pt-BR","none","","https://en.wikipedia.org/wiki/Society","","","2025-12-09T15:05:06Z","2025-12-09T15:18:08Z","2025-12-09T15:05:00Z","","","","processed","public","youtube","True","True","False","","","","","","","","","","","","","","","","","","","","","","","","","","","","","","","","","","","","","","","","","","","","","","","","","","","","","","","","","","",""
"YouTube","video","cripto","🚨Como será o fim das criptomoedas, de acordo com Os Simpsons #Bitcoin #Crypto #Simpsons #BTC","","","","","","2025-12-12 05:16:04","https://www.youtube.com/watch?v=u5Rc8Vr8OX4","","","","BlockTrends","UCSAXYj-E9RHN_mW3bviuTCA","https://www.youtube.com/channel/UCSAXYj-E9RHN_mW3bviuTCA","u5Rc8Vr8OX4","1387311.0","77752.0","0.0","0.0","1895.0","PT1M","2d","hd","false","True","{}","rectangular","https://i.ytimg.com/vi/u5Rc8Vr8OX4/default.jpg","https://i.ytimg.com/vi/u5Rc8Vr8OX4/mqdefault.jpg","https://i.ytimg.com/vi/u5Rc8Vr8OX4/hqdefault.jpg","https://i.ytimg.com/vi/u5Rc8Vr8OX4/sddefault.jpg","https://i.ytimg.com/vi/u5Rc8Vr8OX4/maxresdefault.jpg","2024-04-12T14:20:38Z","","27","pt-PT","pt-PT","none","","https://en.wikipedia.org/wiki/Entertainment, https://en.wikipedia.org/wiki/Film","","","","","","","","","processed","public","youtube","True","True","False","","","","","","","","","","","","","","","","","","","","","","","","","","","","","","","","","","","","","","","","","","","","","","","","","","","","","","","","","","",""
"YouTube","video","cripto","Bitcoin vai Acabar! 😱 #ruyter #ruyterpoubel #criptomoedas #cripto #bitcoin","","","","","","2025-12-12 05:16:04","https://www.youtube.com/watch?v=nrXsD5kJYYs","","","Comunidade do Ruyter no Discord: discord.gg/ruyter.","Ruyter","UCNnyOhrUVyr0elJgNWPgLKQ","https://www.youtube.com/channel/UCNnyOhrUVyr0elJgNWPgLKQ","nrXsD5kJYYs","32799.0","635.0","0.0","0.0","49.0","PT34S","2d","hd","false","True","{}","rectangular","https://i.ytimg.com/vi/nrXsD5kJYYs/default.jpg","https://i.ytimg.com/vi/nrXsD5kJYYs/mqdefault.jpg","https://i.ytimg.com/vi/nrXsD5kJYYs/hqdefault.jpg","https://i.ytimg.com/vi/nrXsD5kJYYs/sddefault.jpg","https://i.ytimg.com/vi/nrXsD5kJYYs/maxresdefault.jpg","2025-07-21T21:51:07Z","ruyter, ruyter poubel","22","pt-PT","pt-BR","none","","","","","","","","","","","processed","public","youtube","True","True","False","","","","","","","","","","","","","","","","","","","","","","","","","","","","","","","","","","","","","","","","","","","","","","","","","","","","","","","","","","",""
"YouTube","video","cripto","AS CORRETORAS CRIPTOS NÃO QUEREM QUE VOCÊ DESCUBRA ISSO","","","","","","2025-12-12 05:16:04","https://www.youtube.com/watch?v=hanQS-Ys5lc","","","AS CORRETORAS CRIPTOS NÃO QUEREM QUE VOCÊ DESCUBRA ISSO ABRA SUA CONTA NA OKX     ...","Luiz Fernando","UC-xEWFsiOcmUhcmofRV9Mdg","https://www.youtube.com/channel/UC-xEWFsiOcmUhcmofRV9Mdg","hanQS-Ys5lc","6250.0","505.0","0.0","0.0","58.0","PT18M54S","2d","hd","false","True","{}","rectangular","https://i.ytimg.com/vi/hanQS-Ys5lc/default.jpg","https://i.ytimg.com/vi/hanQS-Ys5lc/mqdefault.jpg","https://i.ytimg.com/vi/hanQS-Ys5lc/hqdefault.jpg","https://i.ytimg.com/vi/hanQS-Ys5lc/sddefault.jpg","https://i.ytimg.com/vi/hanQS-Ys5lc/maxresdefault.jpg","2025-12-09T22:00:49Z","criptomoedas, criptomoedas promissoras, criptomoedas hoje, top criptomoedas, melhor cripto para investir hoje, qual cripto vai explodir, criptomoedas notícias hoje, top 10 criptomoedas, top criptos, criptos que podem explodir, cripto memecoin, cripto, queda criptomoedas hoje, queda cripto, qual cripto comprar, melhores criptomoedas, bitcoin hoje, mercado cripto, memecoins, altcoins, top cripto 2025, cripto para iniciantes, bitcoin, solana, cripto caindo, cartão cripto, okx","27","pt-BR","pt-BR","none","","https://en.wikipedia.org/wiki/Society","","","","","","","","","processed","public","youtube","True","True","False","","","","","","","","","","","","","","","","","","","","","","","","","","","","","","","","","","","","","","","","","","","","","","","","","","","","","","","","","","",""
"YouTube","comentario","cripto","AVAX, HEDERA, LIDO, ARBITRUM, OPTIMISM","","","","","","2025-12-12 05:16:04","","","","","","","","RxfthobSZb4","","0.0","","","","","","","","","","","","","","","","2025-12-12T02:27:42Z","","","","","","","","","","","","","","","","","","","","","","@JacksonOlivio","UC-hvRbGclAdo-xTfxP2fnYg","http://www.youtube.com/@JacksonOlivio","0.0","0.0","True","True","URGENTE: FED FAZ ANÚNCIO BILIONÁRIO! CRIPTOMOEDAS VÃO EXPLODIR?","2025-12-12T02:27:42Z","0.0","","","","","","","","","","","","","","","","","","","","","","","","","","","","","","","","","","","","","","","","","","","","","","","","",""
"YouTube","comentario","cripto","E a pendle ? Está  descontado?","","","","","","2025-12-12 05:16:04","","","","","","","","RxfthobSZb4","","1.0","","","","","","","","","","","","","","","","2025-12-12T01:23:03Z","","","","","","","","","","","","","","","","","","","","","","@fabiosousa2709","UCiCdimTBx7-O6rjALQ1OzFg","http://www.youtube.com/@fabiosousa2709","0.0","0.0","True","True","URGENTE: FED FAZ ANÚNCIO BILIONÁRIO! CRIPTOMOEDAS VÃO EXPLODIR?","2025-12-12T01:23:03Z","0.0","","","","","","","","","","","","","","","","","","","","","","","","","","","","","","","","","","","","","","","","","","","","","","","","",""
"YouTube","comentario","cripto","Obrigada pelas informações","","","","","","2025-12-12 05:16:04","","","","","","","","RxfthobSZb4","","0.0","","","","","","","","","","","","","","","","2025-12-12T00:00:04Z","","","","","","","","","","","","","","","","","","","","","","@GiselePereiradeSouza-cl9rb","UCERrsJuemWEFeITo1y_StnA","http://www.youtube.com/@GiselePereiradeSouza-cl9rb","0.0","0.0","True","True","URGENTE: FED FAZ ANÚNCIO BILIONÁRIO! CRIPTOMOEDAS VÃO EXPLODIR?","2025-12-12T00:00:04Z","0.0","","","","","","","","","","","","","","","","","","","","","","","","","","","","","","","","","","","","","","","","","","","","","","","","",""
"YouTube","comentario","cripto","Boa milionário tmj Deus abençoe gaúcho veio","","","","","","2025-12-12 05:16:04","","","","","","","","RxfthobSZb4","","1.0","","","","","","","","","","","","","","","","2025-12-11T23:50:43Z","","","","","","","","","","","","","","","","","","","","","","@eliezerfaberdelima7409","UC2Iq17kNgCtffjDriSwU1xQ","http://www.youtube.com/@eliezerfaberdelima7409","0.0","0.0","True","True","URGENTE: FED FAZ ANÚNCIO BILIONÁRIO! CRIPTOMOEDAS VÃO EXPLODIR?","2025-12-11T23:50:43Z","0.0","","","","","","","","","","","","","","","","","","","","","","","","","","","","","","","","","","","","","","","","","","","","","","","","",""
"YouTube","comentario","cripto","Eu acredito que sabe, vai a 100k","","","","","","2025-12-12 05:16:04","","","","","","","","RxfthobSZb4","","1.0","","","","","","","","","","","","","","","","2025-12-11T23:30:18Z","","","","","","","","","","","","","","","","","","","","","","@luzimarfreitassousa6889","UCE3qpW8_EANgbmfPQg2q-kA","http://www.youtube.com/@luzimarfreitassousa6889","0.0","0.0","True","True","URGENTE: FED FAZ ANÚNCIO BILIONÁRIO! CRIPTOMOEDAS VÃO EXPLODIR?","2025-12-11T23:30:18Z","0.0","","","","","","","","","","","","","","","","","","","","","","","","","","","","","","","","","","","","","","","","","","","","","","","","",""
"YouTube","comentario","cripto","enrolou o ano todo e ficou tudo pra   2026 que palhaçada só manipulação 😡","","","","","","2025-12-12 05:16:04","","","","","","","","RxfthobSZb4","","0.0","","","","","","","","","","","","","","","","2025-12-11T23:10:19Z","","","","","","","","","","","","","","","","","","","","","","@natanielvieira163","UCb6J8LuYt6jtaiggmWeFajA","http://www.youtube.com/@natanielvieira163","0.0","0.0","True","True","URGENTE: FED FAZ ANÚNCIO BILIONÁRIO! CRIPTOMOEDAS VÃO EXPLODIR?","2025-12-11T23:10:19Z","0.0","","","","","","","","","","","","","","","","","","","","","","","","","","","","","","","","","","","","","","","","","","","","","","","","",""
"YouTube","comentario","cripto","Vídeo excelente e ótima análise 😊😊😊😊 Adoro seus vídeos","","","","","","2025-12-12 05:16:04","","","","","","","","RxfthobSZb4","","7.0","","","","","","","","","","","","","","","","2025-12-11T23:09:04Z","","","","","","","","","","","","","","","","","","","","","","@HensPeter-e3n","UClIPXGpNXl4-OlFk1rt1rZA","http://www.youtube.com/@HensPeter-e3n","5.0","17.0","True","True","URGENTE: FED FAZ ANÚNCIO BILIONÁRIO! CRIPTOMOEDAS VÃO EXPLODIR?","2025-12-11T23:09:04Z","5.0","","","","","","","","","","","","","","","","","","","","","","","","","","","","","","","","","","","","","","","","","","","","","","","","",""
"YouTube","comentario","cripto","💬 FAÇA PARTE DA COMUNIDADE MILIONÁRIOS

🚀 VIP Milionários (Telegram): https://t.me/+_7Xcg0ZLxzwwZjAx
📸 Instagram com conteúdo de valor sobre Cripto: https://www.instagram.com/viniciusmilionarios","","","","","","2025-12-12 05:16:04","","","","","","","","RxfthobSZb4","","1.0","","","","","","","","","","","","","","","","2025-12-11T23:04:09Z","","","","","","","","","","","","","","","","","","","","","","@MilionarioscomCripto","UCrwzOdGS44WtOqNBVLxHaSQ","http://www.youtube.com/@MilionarioscomCripto","0.0","0.0","True","True","URGENTE: FED FAZ ANÚNCIO BILIONÁRIO! CRIPTOMOEDAS VÃO EXPLODIR?","2025-12-11T23:04:09Z","0.0","","","","","","","","","","","","","","","","","","","","","","","","","","","","","","","","","","","","","","","","","","","","","","","","",""
"YouTube","comentario","cripto","Virou uma porcaria esse mercado","","","","","","2025-12-12 05:16:04","","","","","","","","wTGU37byyVs","","1.0","","","","","","","","","","","","","","","","2025-12-11T16:05:45Z","","","","","","","","","","","","","","","","","","","","","","@marcosf3136","UCoG_4ekBXk44-AkFUCfQlXg","http://www.youtube.com/@marcosf3136","0.0","0.0","True","True","ISSO CHOCOU O MERCADO: FED ALIVIA JUROS, MAS CRIPTOS DESPENCAM!","2025-12-11T16:05:45Z","0.0","","","","","","","","","","","","","","","","","","","","","","","","","","","","","","","","","","","","","","","","","","","","","","","","",""
"YouTube","comentario","cripto","A liquidez de 40 bilhoes chega amanhã mas, esse dinheiro é pouco em relação à inflação.","","","","","","2025-12-12 05:16:04","","","","","","","","wTGU37byyVs","","1.0","","","","","","","","","","","","","","","","2025-12-11T15:35:36Z","","","","","","","","","","","","","","","","","","","","","","@Cryptocooking-h8j","UCure-u6Cg57B5h7AO7_8_5A","http://www.youtube.com/@Cryptocooking-h8j","0.0","0.0","True","True","ISSO CHOCOU O MERCADO: FED ALIVIA JUROS, MAS CRIPTOS DESPENCAM!","2025-12-11T15:35:36Z","0.0","","","","","","","","","","","","","","","","","","","","","","","","","","","","","","","","","","","","","","","","","","","","","","","","",""
"YouTube","comentario","cripto","ETF DE BTC os cara não entenderam ainda a jogada desses loko essas Instituições vendem e não querem nem saber lucro é no Bolso e depois realocam BTC em compras ETF e sai todos esses boko fazendo Hype  , Varejo que está fraco e viu que essa merda é manipulada compra um pouco e ele vendem na cabeça acordem. Vai e compra agora e vire liquidez para eles. Porra compra essa merda quando derreter mesmo","","","","","","2025-12-12 05:16:04","","","","","","","","wTGU37byyVs","","1.0","","","","","","","","","","","","","","","","2025-12-11T15:08:40Z","","","","","","","","","","","","","","","","","","","","","","@sylvionauda8523","UCl_QVJF4JE2xiFBJE4ab1yg","http://www.youtube.com/@sylvionauda8523","0.0","0.0","True","True","ISSO CHOCOU O MERCADO: FED ALIVIA JUROS, MAS CRIPTOS DESPENCAM!","2025-12-11T15:11:14Z","0.0","","","","","","","","","","","","","","","","","","","","","","","","","","","","","","","","","","","","","","","","","","","","","","","","",""
"YouTube","comentario","cripto","Grande bosta! em 2023 aumentou as taxas em 2024 nao cortou e o mercado subiu mais que 2025 com 3 cortes😂","","","","","","2025-12-12 05:16:04","","","","","","","","wTGU37byyVs","","4.0","","","","","","","","","","","","","","","","2025-12-11T13:47:58Z","","","","","","","","","","","","","","","","","","","","","","@carlaborgesthomaz419","UChza_Njw1LnNMYmEeig6OGw","http://www.youtube.com/@carlaborgesthomaz419","1.0","1.0","True","True","ISSO CHOCOU O MERCADO: FED ALIVIA JUROS, MAS CRIPTOS DESPENCAM!","2025-12-11T13:47:58Z","1.0","","","","","","","","","","","","","","","","","","","","","","","","","","","","","","","","","","","","","","","","","","","","","","","","",""
"YouTube","comentario","cripto","As bolsas já bateram suas altas histórias sem depender muito de liquidez.  Acredito que agora seja a vez do mercado cripto.  Última onda.","","","","","","2025-12-12 05:16:04","","","","","","","","wTGU37byyVs","","2.0","","","","","","","","","","","","","","","","2025-12-11T13:39:36Z","","","","","","","","","","","","","","","","","","","","","","@geissimaralmeida3551","UC1mLJ32mWXlnSU7nCZ4VuQQ","http://www.youtube.com/@geissimaralmeida3551","0.0","0.0","True","True","ISSO CHOCOU O MERCADO: FED ALIVIA JUROS, MAS CRIPTOS DESPENCAM!","2025-12-11T13:39:36Z","0.0","","","","","","","","","","","","","","","","","","","","","","","","","","","","","","","","","","","","","","","","","","","","","","","","",""
"YouTube","comentario","cripto","Bitcoin não depende do governos e corretoras para subir ou cair, foi para isso que ele foi criado.","","","","","","2025-12-12 05:16:04","","","","","","","","wTGU37byyVs","","4.0","","","","","","","","","","","","","","","","2025-12-11T13:21:22Z","","","","","","","","","","","","","","","","","","","","","","@devalcijoseparesqui6832","UC-VF6OuUiNYNQG6ZYmcAvAA","http://www.youtube.com/@devalcijoseparesqui6832","1.0","1.0","True","True","ISSO CHOCOU O MERCADO: FED ALIVIA JUROS, MAS CRIPTOS DESPENCAM!","2025-12-11T13:21:22Z","1.0","","","","","","","","","","","","","","","","","","","","","","","","","","","","","","","","","","","","","","","","","","","","","","","","",""
"YouTube","comentario","cripto","Cara você não cansa ? 😂😂😂😂😂","","","","","","2025-12-12 05:16:04","","","","","","","","wTGU37byyVs","","2.0","","","","","","","","","","","","","","","","2025-12-11T13:08:54Z","","","","","","","","","","","","","","","","","","","","","","@Reidascriptos","UCwKx8N_lvkO4pxQrbENJlMw","http://www.youtube.com/@Reidascriptos","0.0","0.0","True","True","ISSO CHOCOU O MERCADO: FED ALIVIA JUROS, MAS CRIPTOS DESPENCAM!","2025-12-11T13:08:54Z","0.0","","","","","","","","","","","","","","","","","","","","","","","","","","","","","","","","","","","","","","","","","","","","","","","","",""
"YouTube","comentario","cripto","Nada faz mais esse mercado de criptos seguir alta. Mesmo com um cenário macro de alta , favorável , cortes de juros , fim do QT . Muita manipulação","","","","","","2025-12-12 05:16:04","","","","","","","","wTGU37byyVs","","7.0","","","","","","","","","","","","","","","","2025-12-11T12:55:59Z","","","","","","","","","","","","","","","","","","","","","","@JacksonOlivio","UC-hvRbGclAdo-xTfxP2fnYg","http://www.youtube.com/@JacksonOlivio","1.0","1.0","True","True","ISSO CHOCOU O MERCADO: FED ALIVIA JUROS, MAS CRIPTOS DESPENCAM!","2025-12-11T12:55:59Z","1.0","","","","","","","","","","","","","","","","","","","","","","","","","","","","","","","","","","","","","","","","","","","","","","","","",""
"YouTube","comentario","cripto","11:03 Due date: December, 16th?","","","","","","2025-12-12 05:16:04","","","","","","","","ycsQnvzTPH0","","0.0","","","","","","","","","","","","","","","","2025-12-12T01:39:24Z","","","","","","","","","","","","","","","","","","","","","","@thinkcentre101","UCv2yeMX6CNBCJ45tJ0Yncjg","http://www.youtube.com/@thinkcentre101","0.0","0.0","True","True","OS PRÓXIMOS MESES DE CRIPTO","2025-12-12T01:39:24Z","0.0","","","","","","","","","","","","","","","","","","","","","","","","","","","","","","","","","","","","","","","","","","","","","","","","",""
"YouTube","comentario","cripto","É? 🤡","","","","","","2025-12-12 05:16:04","","","","","","","","ycsQnvzTPH0","","0.0","","","","","","","","","","","","","","","","2025-12-12T00:21:48Z","","","","","","","","","","","","","","","","","","","","","","@leandrobarbosarocha7608","UCMh1zvN1GDnYRkbblPuxyQQ","http://www.youtube.com/@leandrobarbosarocha7608","0.0","0.0","True","True","OS PRÓXIMOS MESES DE CRIPTO","2025-12-12T00:21:48Z","0.0","","","","","","","","","","","","","","","","","","","","","","","","","","","","","","","","","","","","","","","","","","","","","","","","",""
"YouTube","comentario","cripto","Depois que o maldito do CZ e seus comparsas smartmoney quebraram o ciclo de alta na marra, esqueça isso de fundamentos ou do QE do FED","","","","","","2025-12-12 05:16:04","","","","","","","","ycsQnvzTPH0","","2.0","","","","","","","","","","","","","","","","2025-12-11T23:52:00Z","","","","","","","","","","","","","","","","","","","","","","@mestreshake3181","UCauY5RFibjEnhwFl5fiYp1g","http://www.youtube.com/@mestreshake3181","1.0","1.0","True","True","OS PRÓXIMOS MESES DE CRIPTO","2025-12-11T23:52:00Z","1.0","","","","","","","","","","","","","","","","","","","","","","","","","","","","","","","","","","","","","","","","","","","","","","","","",""
"YouTube","comentario","cripto","Tenho sofrido perdas significativas operando de forma independente. Parece que o mercado real pode estar sendo manipulado, já que meu desempenho na conta demo é visivelmente melhor. Agradeceria qualquer ajuda ou orientação sobre o que posso estar fazendo de errado.","","","","","","2025-12-12 05:16:04","","","","","","","","ycsQnvzTPH0","","18.0","","","","","","","","","","","","","","","","2025-12-11T23:37:51Z","","","","","","","","","","","","","","","","","","","","","","@Robert-e2c1u","UCQZXAKulxW5PR28asYy1sFQ","http://www.youtube.com/@Robert-e2c1u","5.0","17.0","True","True","OS PRÓXIMOS MESES DE CRIPTO","2025-12-11T23:37:51Z","5.0","","","","","","","","","","","","","","","","","","","","","","","","","","","","","","","","","","","","","","","","","","","","","","","","",""
"YouTube","comentario","cripto","Resumindo.....morno feito água de chuchu com salsicha. Renda fixa tá melhor","","","","","","2025-12-12 05:16:04","","","","","","","","ycsQnvzTPH0","","0.0","","","","","","","","","","","","","","","","2025-12-11T23:27:25Z","","","","","","","","","","","","","","","","","","","","","","@viniciuscruz3640","UCQwQXejWRsti1xFxuxv7CPw","http://www.youtube.com/@viniciuscruz3640","1.0","1.0","True","True","OS PRÓXIMOS MESES DE CRIPTO","2025-12-11T23:27:25Z","1.0","","","","","","","","","","","","","","","","","","","","","","","","","","","","","","","","","","","","","","","","","","","","","","","","",""
"YouTube","comentario","cripto","Excelente análise.","","","","","","2025-12-12 05:16:04","","","","","","","","ycsQnvzTPH0","","0.0","","","","","","","","","","","","","","","","2025-12-11T23:03:11Z","","","","","","","","","","","","","","","","","","","","","","@CarlosGomes-si7vn","UCwtSeOtGYQ5tDjcKDDSiW6g","http://www.youtube.com/@CarlosGomes-si7vn","0.0","0.0","True","True","OS PRÓXIMOS MESES DE CRIPTO","2025-12-11T23:03:11Z","0.0","","","","","","","","","","","","","","","","","","","","","","","","","","","","","","","","","","","","","","","","","","","","","","","","",""
"YouTube","comentario","cripto","Pode cair, pode subir, pode lateralizar.","","","","","","2025-12-12 05:16:04","","","","","","","","fi85Cjczxfo","","2.0","","","","","","","","","","","","","","","","2025-12-10T16:53:13Z","","","","","","","","","","","","","","","","","","","","","","@edivaldopereira7868","UCexhM_HyZOXdtN6q0bUEOOA","http://www.youtube.com/@edivaldopereira7868","0.0","0.0","True","True","BITCOIN VAI SUBIR PÓS CORTE DE JUROS AMERICANO??","2025-12-10T16:53:13Z","0.0","","","","","","","","","","","","","","","","","","","","","","","","","","","","","","","","","","","","","","","","","","","","","","","","",""
"YouTube","comentario","cripto","Ta parecendo a Dilma se subir sobe se descer desce kkkk","","","","","","2025-12-12 05:16:04","","","","","","","","fi85Cjczxfo","","3.0","","","","","","","","","","","","","","","","2025-12-09T21:42:15Z","","","","","","","","","","","","","","","","","","","","","","@renatozg10","UCqvP5km4PilyEJt17kS5yRg","http://www.youtube.com/@renatozg10","0.0","0.0","True","True","BITCOIN VAI SUBIR PÓS CORTE DE JUROS AMERICANO??","2025-12-09T21:42:15Z","0.0","","","","","","","","","","","","","","","","","","","","","","","","","","","","","","","","","","","","","","","","","","","","","","","","",""
"YouTube","comentario","cripto","Aí na quarta o mercado desaba !!!!! Iremos ouvir aquela velha frase !!!! Eu disse no vídeo passado que isso iria acontecer !!!! Quem me acompanha já sabe","","","","","","2025-12-12 05:16:04","","","","","","","","fi85Cjczxfo","","40.0","","","","","","","","","","","","","","","","2025-12-09T00:45:45Z","","","","","","","","","","","","","","","","","","","","","","@zwippmagazine2417","UC8dR0s-P-TLnThb87aF2MuQ","http://www.youtube.com/@zwippmagazine2417","1.0","1.0","True","True","BITCOIN VAI SUBIR PÓS CORTE DE JUROS AMERICANO??","2025-12-09T00:45:45Z","1.0","","","","","","","","","","","","","","","","","","","","","","","","","","","","","","","","","","","","","","","","","","","","","","","","",""
"YouTube","comentario","cripto","Toda analise de um dia pro outro, muda kkk","","","","","","2025-12-12 05:16:04","","","","","","","","fi85Cjczxfo","","5.0","","","","","","","","","","","","","","","","2025-12-09T00:25:32Z","","","","","","","","","","","","","","","","","","","","","","@albest2002","UCXYoVBAPGSWDkuAYYq_Svww","http://www.youtube.com/@albest2002","0.0","0.0","True","True","BITCOIN VAI SUBIR PÓS CORTE DE JUROS AMERICANO??","2025-12-09T00:25:32Z","0.0","","","","","","","","","","","","","","","","","","","","","","","","","","","","","","","","","","","","","","","","","","","","","","","","",""
"YouTube","comentario","cripto","Engraçado que ele só compra e vende nos momentos certos rsrs","","","","","","2025-12-12 05:16:04","","","","","","","","fi85Cjczxfo","","25.0","","","","","","","","","","","","","","","","2025-12-08T22:00:51Z","","","","","","","","","","","","","","","","","","","","","","@viniciusalves1425","UCQ0WyuzIW44Pypzy5uxFlxw","http://www.youtube.com/@viniciusalves1425","4.0","4.0","True","True","BITCOIN VAI SUBIR PÓS CORTE DE JUROS AMERICANO??","2025-12-08T22:00:51Z","4.0","","","","","","","","","","","","","","","","","","","","","","","","","","","","","","","","","","","","","","","","","","","","","","","","",""
"YouTube","comentario","cripto","Falta a ganância extrema antes do bearmarket","","","","","","2025-12-12 05:16:04","","","","","","","","fi85Cjczxfo","","22.0","","","","","","","","","","","","","","","","2025-12-08T21:37:43Z","","","","","","","","","","","","","","","","","","","","","","@pauloduarteserrassilvapaul6769","UCJtdAc3QXMrVSwwgBAGpT9Q","http://www.youtube.com/@pauloduarteserrassilvapaul6769","0.0","0.0","True","True","BITCOIN VAI SUBIR PÓS CORTE DE JUROS AMERICANO??","2025-12-08T21:37:43Z","0.0","","","","","","","","","","","","","","","","","","","","","","","","","","","","","","","","","","","","","","","","","","","","","","","","",""
"YouTube","comentario","cripto","Lucas tem que resolver o que vc fala, cada vídeo é uma coisa diferente.","","","","","","2025-12-12 05:16:04","","","","","","","","fi85Cjczxfo","","86.0","","","","","","","","","","","","","","","","2025-12-08T20:49:04Z","","","","","","","","","","","","","","","","","","","","","","@eduardoroque9890","UCBSD7h92klpKG0a3TLT_9XA","http://www.youtube.com/@eduardoroque9890","5.0","11.0","True","True","BITCOIN VAI SUBIR PÓS CORTE DE JUROS AMERICANO??","2025-12-08T20:49:04Z","5.0","","","","","","","","","","","","","","","","","","","","","","","","","","","","","","","","","","","","","","","","","","","","","","","","",""
"YouTube","comentario","cripto","Se subir é bull se descer é bear.. Já posso ser analista! Comprem meu curso ae glr! Vlw","","","","","","2025-12-12 05:16:04","","","","","","","","fi85Cjczxfo","","129.0","","","","","","","","","","","","","","","","2025-12-08T20:20:09Z","","","","","","","","","","","","","","","","","","","","","","@pyy1517","UCaZI0OARF1t5UJZtdMhU5Fg","http://www.youtube.com/@pyy1517","5.0","7.0","True","True","BITCOIN VAI SUBIR PÓS CORTE DE JUROS AMERICANO??","2025-12-08T20:20:09Z","5.0","","","","","","","","","","","","","","","","","","","","","","","","","","","","","","","","","","","","","","","","","","","","","","","","",""
"YouTube","comentario","cripto","Normalmente o mercado faz o contrário do que todo mundo acha que vai acontecer","","","","","","2025-12-12 05:16:04","","","","","","","","fi85Cjczxfo","","42.0","","","","","","","","","","","","","","","","2025-12-08T20:03:16Z","","","","","","","","","","","","","","","","","","","","","","@sanferryan","UCkRR7jGst8cQorU8W7IN3dw","http://www.youtube.com/@sanferryan","5.0","7.0","True","True","BITCOIN VAI SUBIR PÓS CORTE DE JUROS AMERICANO??","2025-12-08T20:03:16Z","5.0","","","","","","","","","","","","","","","","","","","","","","","","","","","","","","","","","","","","","","","","","","","","","","","","",""
"YouTube","comentario","cripto","📸Instagram oficial : https://www.instagram.com/lucas.amendolaa/
👽Instagram Defiverso: https://www.instagram.com/defiverso/
👉🏻 + Conteúdo Gratuito toda semana, se inscreva na nossa newsletter: https://news.defiverso.com/subscribe?src=Youtube_org&utm_source=Youtube&utm_medium=org","","","","","","2025-12-12 05:16:04","","","","","","","","fi85Cjczxfo","","7.0","","","","","","","","","","","","","","","","2025-12-08T15:54:51Z","","","","","","","","","","","","","","","","","","","","","","@investidor4.20","UC8oofAsuieQv3imZGvaUDOQ","http://www.youtube.com/@investidor4.20","0.0","0.0","True","True","BITCOIN VAI SUBIR PÓS CORTE DE JUROS AMERICANO??","2025-12-08T15:54:51Z","0.0","","","","","","","","","","","","","","","","","","","","","","","","","","","","","","","","","","","","","","","","","","","","","","","","",""
"YouTube","comentario","cripto","❤❤.  meme coim.  maneki. Fácil.  50x.  Fácil.  Até. Fevereiro.  Aguardem.  ❤.","","","","","","2025-12-12 05:16:04","","","","","","","","Scojw2us9jQ","","0.0","","","","","","","","","","","","","","","","2025-12-02T19:59:30Z","","","","","","","","","","","","","","","","","","","","","","@Daniellecristinafranciscosanto","UCIiXFU2HRb1tNMmUnlhJorA","http://www.youtube.com/@Daniellecristinafranciscosanto","0.0","0.0","True","True","QUAIS AS MELHORES CRIPTOMOEDAS PARA COMEÇAR A INVESTIR? - PRIMO POBRE #investimentos #criptomoedas","2025-12-02T19:59:30Z","0.0","","","","","","","","","","","","","","","","","","","","","","","","","","","","","","","","","","","","","","","","","","","","","","","","",""
"YouTube","comentario","cripto","Estou Comprando Criptomoedas todos os dias,Em 12 meses vou estar no positivo será? Vao la e deixe sua opinião","","","","","","2025-12-12 05:16:04","","","","","","","","Scojw2us9jQ","","3.0","","","","","","","","","","","","","","","","2025-10-14T00:16:59Z","","","","","","","","","","","","","","","","","","","","","","@lucasilva4956","UCULR7ntbzaHy2aY8FqrRr7g","http://www.youtube.com/@lucasilva4956","2.0","2.0","True","True","QUAIS AS MELHORES CRIPTOMOEDAS PARA COMEÇAR A INVESTIR? - PRIMO POBRE #investimentos #criptomoedas","2025-10-14T00:16:59Z","2.0","","","","","","","","","","","","","","","","","","","","","","","","","","","","","","","","","","","","","","","","","","","","","","","","",""
"YouTube","comentario","cripto","Eu queria aprender porq ganho dinheiro todo os dias","","","","","","2025-12-12 05:16:04","","","","","","","","Scojw2us9jQ","","2.0","","","","","","","","","","","","","","","","2025-09-24T02:59:23Z","","","","","","","","","","","","","","","","","","","","","","@MarcioJunior-jw7bk","UCHiPa-OWw0rbaeqwn_U8RKQ","http://www.youtube.com/@MarcioJunior-jw7bk","0.0","0.0","True","True","QUAIS AS MELHORES CRIPTOMOEDAS PARA COMEÇAR A INVESTIR? - PRIMO POBRE #investimentos #criptomoedas","2025-09-24T02:59:23Z","0.0","","","","","","","","","","","","","","","","","","","","","","","","","","","","","","","","","","","","","","","","","","","","","","","","",""
"YouTube","comentario","cripto","E a Matic?","","","","","","2025-12-12 05:16:04","","","","","","","","Scojw2us9jQ","","0.0","","","","","","","","","","","","","","","","2025-09-23T11:01:04Z","","","","","","","","","","","","","","","","","","","","","","@jesussalva2719","UCO_1lFnLFl1TEwPG4t6KUPQ","http://www.youtube.com/@jesussalva2719","0.0","0.0","True","True","QUAIS AS MELHORES CRIPTOMOEDAS PARA COMEÇAR A INVESTIR? - PRIMO POBRE #investimentos #criptomoedas","2025-09-23T11:01:04Z","0.0","","","","","","","","","","","","","","","","","","","","","","","","","","","","","","","","","","","","","","","","","","","","","","","","",""
"YouTube","comentario","cripto","XRP  tem potencial de crescimento por ser uma alternativa ao sistema Swift americano, uma moeda de troca entre governos.","","","","","","2025-12-12 05:16:04","","","","","","","","Scojw2us9jQ","","14.0","","","","","","","","","","","","","","","","2025-09-13T23:50:56Z","","","","","","","","","","","","","","","","","","","","","","@moreiramoreira3728","UCeeGO89caITG5dOeqx9xP9Q","http://www.youtube.com/@moreiramoreira3728","0.0","0.0","True","True","QUAIS AS MELHORES CRIPTOMOEDAS PARA COMEÇAR A INVESTIR? - PRIMO POBRE #investimentos #criptomoedas","2025-09-13T23:50:56Z","0.0","","","","","","","","","","","","","","","","","","","","","","","","","","","","","","","","","","","","","","","","","","","","","","","","",""
"YouTube","comentario","cripto","Por favor, sou novo aqui. Como faço para lidar com toda essa questão de criptografia? Preciso começar a ganhar.","","","","","","2025-12-12 05:16:04","","","","","","","","Scojw2us9jQ","","2.0","","","","","","","","","","","","","","","","2025-09-12T09:35:52Z","","","","","","","","","","","","","","","","","","","","","","@RamaXanhu","UC2mQis1xvVriLOKkG3eU-LQ","http://www.youtube.com/@RamaXanhu","4.0","4.0","True","True","QUAIS AS MELHORES CRIPTOMOEDAS PARA COMEÇAR A INVESTIR? - PRIMO POBRE #investimentos #criptomoedas","2025-09-12T09:35:52Z","4.0","","","","","","","","","","","","","","","","","","","","","","","","","","","","","","","","","","","","","","","","","","","","","","","","",""
"YouTube","comentario","cripto","Eu to igual compro e vendo todo dia pra ganhar meu lucro 😊😊bora bora ganhar dinheiro facil😊","","","","","","2025-12-12 05:16:04","","","","","","","","Scojw2us9jQ","","21.0","","","","","","","","","","","","","","","","2025-06-05T16:03:08Z","","","","","","","","","","","","","","","","","","","","","","@kleytonalves9190","UCfk4u14wwaY1wK9ged-tcVw","http://www.youtube.com/@kleytonalves9190","5.0","8.0","True","True","QUAIS AS MELHORES CRIPTOMOEDAS PARA COMEÇAR A INVESTIR? - PRIMO POBRE #investimentos #criptomoedas","2025-06-05T16:03:08Z","5.0","","","","","","","","","","","","","","","","","","","","","","","","","","","","","","","","","","","","","","","","","","","","","","","","",""
"YouTube","comentario","cripto","Acabei de comprar","","","","","","2025-12-12 05:16:04","","","","","","","","Scojw2us9jQ","","3.0","","","","","","","","","","","","","","","","2025-05-22T23:44:09Z","","","","","","","","","","","","","","","","","","","","","","@ismael.staudt","UCkdplWX3Dbu4iNQ2RFdC3yw","http://www.youtube.com/@ismael.staudt","2.0","2.0","True","True","QUAIS AS MELHORES CRIPTOMOEDAS PARA COMEÇAR A INVESTIR? - PRIMO POBRE #investimentos #criptomoedas","2025-05-22T23:44:09Z","2.0","","","","","","","","","","","","","","","","","","","","","","","","","","","","","","","","","","","","","","","","","","","","","","","","",""
"YouTube","comentario","cripto","Eu comprei 10 em 2011. Gente, que virada de chave que a vida me deu. Um amigo me fez comprar nessa época, hoje já está falecido, infelizmente. Ele não chegou a ver a ascensão do bitcoin mas me fez prosperar da noite para o dia! Agradeço demais a você, Luís! Esteja em paz, irmão!❤","","","","","","2025-12-12 05:16:04","","","","","","","","81PC3PYSVBA","","644.0","","","","","","","","","","","","","","","","2024-09-10T14:12:23Z","","","","","","","","","","","","","","","","","","","","","","@darthvader1000","UCf1uw2HLOgLlpUB8W7P_hOg","http://www.youtube.com/@darthvader1000","5.0","31.0","True","True","🚨 &quot;Comprei Bitcoin em 2010&quot; #bitcoin #btc #criptoativos #cripto #ethereum","2024-09-10T14:12:23Z","5.0","","","","","","","","","","","","","","","","","","","","","","","","","","","","","","","","","","","","","","","","","","","","","","","","",""
"YouTube","comentario","cripto","Eu comprei cinco bitcoins. Em 2010. Quem comprou meu computador  deve estar feliz agora.","","","","","","2025-12-12 05:16:04","","","","","","","","81PC3PYSVBA","","10.0","","","","","","","","","","","","","","","","2024-06-22T12:13:43Z","","","","","","","","","","","","","","","","","","","","","","@franciscocarlospopriaga7457","UCZpzffCVMuv97Xuj3iHQRIw","http://www.youtube.com/@franciscocarlospopriaga7457","0.0","0.0","True","True","🚨 &quot;Comprei Bitcoin em 2010&quot; #bitcoin #btc #criptoativos #cripto #ethereum","2024-06-22T12:13:43Z","0.0","","","","","","","","","","","","","","","","","","","","","","","","","","","","","","","","","","","","","","","","","","","","","","","","",""
"YouTube","comentario","cripto","Quem comprou por mixaria quando subiu um bocado já tinha vendido tudo. Isso serve pra toda moeda. Vc compra 10 moedinhas e vê elas virarem 2k vendem na hora ... Ninguém prevê o futuro.","","","","","","2025-12-12 05:16:04","","","","","","","","81PC3PYSVBA","","366.0","","","","","","","","","","","","","","","","2024-06-12T03:16:22Z","","","","","","","","","","","","","","","","","","","","","","@Zzmix_pro","UCn7Zat5eszcy3GiNh5mI6sQ","http://www.youtube.com/@Zzmix_pro","5.0","13.0","True","True","🚨 &quot;Comprei Bitcoin em 2010&quot; #bitcoin #btc #criptoativos #cripto #ethereum","2024-06-12T03:16:22Z","5.0","","","","","","","","","","","","","","","","","","","","","","","","","","","","","","","","","","","","","","","","","","","","","","","","",""
"YouTube","comentario","cripto","Em 2012 mandei minha tia comprar Bitcoin ela falou que era besteira, so de lembrar me da ansiedade 😂","","","","","","2025-12-12 05:16:04","","","","","","","","81PC3PYSVBA","","1048.0","","","","","","","","","","","","","","","","2024-05-25T21:58:57Z","","","","","","","","","","","","","","","","","","","","","","@mateusdomonte5042","UCbWgy9DcaZMFLbgsIB-t3yQ","http://www.youtube.com/@mateusdomonte5042","5.0","25.0","True","True","🚨 &quot;Comprei Bitcoin em 2010&quot; #bitcoin #btc #criptoativos #cripto #ethereum","2024-05-25T21:58:57Z","5.0","","","","","","","","","","","","","","","","","","","","","","","","","","","","","","","","","","","","","","","","","","","","","","","","",""
"YouTube","comentario","cripto","Se eu tivesse comprado Bitcoin naquela época. Assim que chegasse em 100 reais eu já teria vendido 😅😅😅😂","","","","","","2025-12-12 05:16:04","","","","","","","","81PC3PYSVBA","","957.0","","","","","","","","","","","","","","","","2024-05-24T15:25:45Z","","","","","","","","","","","","","","","","","","","","","","@LukeGiovany","UCkCf-V3vz3zH_VU9OasgOKg","http://www.youtube.com/@LukeGiovany","5.0","35.0","True","True","🚨 &quot;Comprei Bitcoin em 2010&quot; #bitcoin #btc #criptoativos #cripto #ethereum","2024-05-24T15:25:45Z","5.0","","","","","","","","","","","","","","","","","","","","","","","","","","","","","","","","","","","","","","","","","","","","","","","","",""
"YouTube","comentario","cripto","Em 2010 eu nao tinha celular, pc, Internet, dinheiro, dignidade...","","","","","","2025-12-12 05:16:04","","","","","","","","81PC3PYSVBA","","2431.0","","","","","","","","","","","","","","","","2024-05-24T14:10:37Z","","","","","","","","","","","","","","","","","","","","","","@Luciano0932","UCWtBIDqBeGi0_Bx-wOtW0sA","http://www.youtube.com/@Luciano0932","5.0","52.0","True","True","🚨 &quot;Comprei Bitcoin em 2010&quot; #bitcoin #btc #criptoativos #cripto #ethereum","2024-05-24T14:10:37Z","5.0","","","","","","","","","","","","","","","","","","","","","","","","","","","","","","","","","","","","","","","","","","","","","","","","",""
"YouTube","comentario","cripto","Quem mais teve oportunidade de comprar Bitcoin quando custava menos de 10 reais e não comprou pq n acreditava da um like e chora comigo","","","","","","2025-12-12 05:16:04","","","","","","","","81PC3PYSVBA","","5917.0","","","","","","","","","","","","","","","","2024-05-24T03:21:14Z","","","","","","","","","","","","","","","","","","","","","","@fissuradogamer","UCD034YXsBmHroVHlgFNBqhw","http://www.youtube.com/@fissuradogamer","5.0","227.0","True","True","🚨 &quot;Comprei Bitcoin em 2010&quot; #bitcoin #btc #criptoativos #cripto #ethereum","2024-05-24T03:21:14Z","5.0","","","","","","","","","","","","","","","","","","","","","","","","","","","","","","","","","","","","","","","","","","","","","","","","",""
"YouTube","comentario","cripto","📍Se inscrevam no canal para receber conteúdos sobre Bitcoin e Cripto. 

Nossa programação:
Segunda: Análise de Bitcoin
Terça: Análise de Altcoins
Quarta: Podcast com os maiores nomes da indústria Cripto!
Quinta: Live com nomes do universo Cripto BR
Sexta: Curiosidades/Materiais Educacionais (Airdrops | Como minerar Bitcoin | Como se aposentar com Cripto)","","","","","","2025-12-12 05:16:04","","","","","","","","81PC3PYSVBA","","456.0","","","","","","","","","","","","","","","","2024-05-17T14:00:20Z","","","","","","","","","","","","","","","","","","","","","","@BlockTrendsBR","UCSAXYj-E9RHN_mW3bviuTCA","http://www.youtube.com/@BlockTrendsBR","5.0","12.0","True","True","🚨 &quot;Comprei Bitcoin em 2010&quot; #bitcoin #btc #criptoativos #cripto #ethereum","2024-05-17T14:00:20Z","5.0","","","","","","","","","","","","","","","","","","","","","","","","","","","","","","","","","","","","","","","","","","","","","","","","",""
"YouTube","comentario","cripto","Vacilei, em 2010 gastei o meu dinheiro comprando pipa e salgadinho! 😢","","","","","","2025-12-12 05:16:04","","","","","","","","81PC3PYSVBA","","1060.0","","","","","","","","","","","","","","","","2024-05-17T13:40:41Z","","","","","","","","","","","","","","","","","","","","","","@MarcosAntonio-is5fm","UCW9KYDme6tcA_b0JaSrPCaQ","http://www.youtube.com/@MarcosAntonio-is5fm","5.0","22.0","True","True","🚨 &quot;Comprei Bitcoin em 2010&quot; #bitcoin #btc #criptoativos #cripto #ethereum","2024-05-17T13:40:41Z","5.0","","","","","","","","","","","","","","","","","","","","","","","","","","","","","","","","","","","","","","","","","","","","","","","","",""
"YouTube","comentario","cripto","Há sim , deveria ter comprado Bitcoin em 2010 , meu único erro foi estar entrando na pré escola com 4 anos de idade","","","","","","2025-12-12 05:16:04","","","","","","","","81PC3PYSVBA","","10161.0","","","","","","","","","","","","","","","","2024-05-17T12:51:23Z","","","","","","","","","","","","","","","","","","","","","","@kingalexgamer","UCXSl_g_zrOH_JMLldid07ww","http://www.youtube.com/@kingalexgamer","5.0","333.0","True","True","🚨 &quot;Comprei Bitcoin em 2010&quot; #bitcoin #btc #criptoativos #cripto #ethereum","2024-05-17T12:51:23Z","5.0","","","","","","","","","","","","","","","","","","","","","","","","","","","","","","","","","","","","","","","","","","","","","","","","",""
"YouTube","comentario","cripto","Robo mudou até o tom de voz pra mais alegre kkkkkkkk","","","","","","2025-12-12 05:16:04","","","","","","","","ewmZbpda0WY","","2.0","","","","","","","","","","","","","","","","2025-12-09T23:08:31Z","","","","","","","","","","","","","","","","","","","","","","@nonchalant-e9w","UC0h9c3K2KFkOGUhLHW4N4pw","http://www.youtube.com/@nonchalant-e9w","1.0","1.0","True","True","O Sinal Mais Forte do Ciclo Apareceu e Ninguém Está Falando Disso! - Bitcoin HOJE","2025-12-09T23:08:31Z","1.0","","","","","","","","","","","","","","","","","","","","","","","","","","","","","","","","","","","","","","","","","","","","","","","","",""
"YouTube","comentario","cripto","Independente de qualquer coisa continuo com meu dca em Bitcoin","","","","","","2025-12-12 05:16:04","","","","","","","","ewmZbpda0WY","","1.0","","","","","","","","","","","","","","","","2025-12-09T18:17:11Z","","","","","","","","","","","","","","","","","","","","","","@mateus733","UCT0hIMNPgzZMxaMWoaqyxkw","http://www.youtube.com/@mateus733","1.0","1.0","True","True","O Sinal Mais Forte do Ciclo Apareceu e Ninguém Está Falando Disso! - Bitcoin HOJE","2025-12-09T18:17:11Z","1.0","","","","","","","","","","","","","","","","","","","","","","","","","","","","","","","","","","","","","","","","","","","","","","","","",""
"YouTube","comentario","cripto","vamo q vamo","","","","","","2025-12-12 05:16:04","","","","","","","","ewmZbpda0WY","","0.0","","","","","","","","","","","","","","","","2025-12-09T17:51:36Z","","","","","","","","","","","","","","","","","","","","","","@mailsonmartins7791","UCOkzhB8ATfpkmyUidAZdr4g","http://www.youtube.com/@mailsonmartins7791","0.0","0.0","True","True","O Sinal Mais Forte do Ciclo Apareceu e Ninguém Está Falando Disso! - Bitcoin HOJE","2025-12-09T17:51:36Z","0.0","","","","","","","","","","","","","","","","","","","","","","","","","","","","","","","","","","","","","","","","","","","","","","","","",""
"YouTube","comentario","cripto","Agora eu vou encher os bolsos.🎉🎉🎉💰💰","","","","","","2025-12-12 05:16:04","","","","","","","","ewmZbpda0WY","","5.0","","","","","","","","","","","","","","","","2025-12-09T17:09:25Z","","","","","","","","","","","","","","","","","","","","","","@gilsonvieira7055","UCzK2-vTmgibjDOWc-o-yCVA","http://www.youtube.com/@gilsonvieira7055","1.0","1.0","True","True","O Sinal Mais Forte do Ciclo Apareceu e Ninguém Está Falando Disso! - Bitcoin HOJE","2025-12-09T17:09:25Z","1.0","","","","","","","","","","","","","","","","","","","","","","","","","","","","","","","","","","","","","","","","","","","","","","","","",""
"YouTube","comentario","cripto","Amanhã pode chover ou nao chover. Fique atento.","","","","","","2025-12-12 05:16:04","","","","","","","","ewmZbpda0WY","","22.0","","","","","","","","","","","","","","","","2025-12-09T16:56:22Z","","","","","","","","","","","","","","","","","","","","","","@macac0112","UC8pzWcpRC2DzUprinaznMYA","http://www.youtube.com/@macac0112","2.0","2.0","True","True","O Sinal Mais Forte do Ciclo Apareceu e Ninguém Está Falando Disso! - Bitcoin HOJE","2025-12-09T16:56:22Z","2.0","","","","","","","","","","","","","","","","","","","","","","","","","","","","","","","","","","","","","","","","","","","","","","","","",""
"YouTube","comentario","cripto","ta acontecendo","","","","","","2025-12-12 05:16:04","","","","","","","","ewmZbpda0WY","","0.0","","","","","","","","","","","","","","","","2025-12-09T15:50:41Z","","","","","","","","","","","","","","","","","","","","","","@rdadourado1","UCS2l2dKH3odpTe07BMOogNA","http://www.youtube.com/@rdadourado1","0.0","0.0","True","True","O Sinal Mais Forte do Ciclo Apareceu e Ninguém Está Falando Disso! - Bitcoin HOJE","2025-12-09T15:50:41Z","0.0","","","","","","","","","","","","","","","","","","","","","","","","","","","","","","","","","","","","","","","","","","","","","","","","",""
"YouTube","comentario","cripto","Grok é meuzovo","","","","","","2025-12-12 05:16:04","","","","","","","","ewmZbpda0WY","","5.0","","","","","","","","","","","","","","","","2025-12-09T15:44:22Z","","","","","","","","","","","","","","","","","","","","","","@JuniorCesar-bw6to","UCPVQpEzGMmu1YXUgaWQPAgw","http://www.youtube.com/@JuniorCesar-bw6to","1.0","1.0","True","True","O Sinal Mais Forte do Ciclo Apareceu e Ninguém Está Falando Disso! - Bitcoin HOJE","2025-12-09T15:44:22Z","1.0","","","","","","","","","","","","","","","","","","","","","","","","","","","","","","","","","","","","","","","","","","","","","","","","",""
"YouTube","comentario","cripto","Chegou a melhor notificação do dia🎉❤","","","","","","2025-12-12 05:16:04","","","","","","","","ewmZbpda0WY","","8.0","","","","","","","","","","","","","","","","2025-12-09T15:07:01Z","","","","","","","","","","","","","","","","","","","","","","@nilllldo","UCgw1MwdXPgYeQhgrV12R49Q","http://www.youtube.com/@nilllldo","1.0","1.0","True","True","O Sinal Mais Forte do Ciclo Apareceu e Ninguém Está Falando Disso! - Bitcoin HOJE","2025-12-09T15:07:01Z","1.0","","","","","","","","","","","","","","","","","","","","","","","","","","","","","","","","","","","","","","","","","","","","","","","","",""
"YouTube","comentario","cripto","Eu to cansado de todo dia ficar rico e ficar pobre, ficar rico e ficar pobre 🫩","","","","","","2025-12-12 05:16:04","","","","","","","","ewmZbpda0WY","","37.0","","","","","","","","","","","","","","","","2025-12-09T15:06:38Z","","","","","","","","","","","","","","","","","","","","","","@juniormelo2372","UCQlAkDz_5L8nsghNj0MpY6Q","http://www.youtube.com/@juniormelo2372","5.0","9.0","True","True","O Sinal Mais Forte do Ciclo Apareceu e Ninguém Está Falando Disso! - Bitcoin HOJE","2025-12-09T15:06:38Z","5.0","","","","","","","","","","","","","","","","","","","","","","","","","","","","","","","","","","","","","","","","","","","","","","","","",""
"YouTube","comentario","cripto","Você vai ser um dos que ficarão ricos nesse fundo… ou um dos que só assistirão de longe?","","","","","","2025-12-12 05:16:04","","","","","","","","ewmZbpda0WY","","11.0","","","","","","","","","","","","","","","","2025-12-09T14:47:58Z","","","","","","","","","","","","","","","","","","","","","","@CryptoMinuto","UCIUeus6e0aacfauLUrNG1dw","http://www.youtube.com/@CryptoMinuto","3.0","3.0","True","True","O Sinal Mais Forte do Ciclo Apareceu e Ninguém Está Falando Disso! - Bitcoin HOJE","2025-12-09T14:47:58Z","3.0","","","","","","","","","","","","","","","","","","","","","","","","","","","","","","","","","","","","","","","","","","","","","","","","",""
"YouTube","comentario","cripto","Confiram nosso novo vídeo 

Link na descrição!

https://youtu.be/YMQULY-jhcM?si=suJxS6A6Mw60pHN1","","","","","","2025-12-12 05:16:04","","","","","","","","u5Rc8Vr8OX4","","15.0","","","","","","","","","","","","","","","","2025-04-18T16:40:33Z","","","","","","","","","","","","","","","","","","","","","","@BlockTrendsBR","UCSAXYj-E9RHN_mW3bviuTCA","http://www.youtube.com/@BlockTrendsBR","0.0","0.0","True","True","🚨Como será o fim das criptomoedas, de acordo com Os Simpsons #Bitcoin #Crypto #Simpsons #BTC","2025-04-18T16:40:33Z","0.0","","","","","","","","","","","","","","","","","","","","","","","","","","","","","","","","","","","","","","","","","","","","","","","","",""
"YouTube","comentario","cripto","Com o advento da IA e do computador quântico, o fim das criptomoedas é o menor dos nossos problemas...","","","","","","2025-12-12 05:16:04","","","","","","","","u5Rc8Vr8OX4","","113.0","","","","","","","","","","","","","","","","2024-08-23T14:05:54Z","","","","","","","","","","","","","","","","","","","","","","@caramello1911","UCAtJBCkDwaCcCiOFsxK7t5A","http://www.youtube.com/@caramello1911","5.0","8.0","True","True","🚨Como será o fim das criptomoedas, de acordo com Os Simpsons #Bitcoin #Crypto #Simpsons #BTC","2024-08-23T14:05:54Z","5.0","","","","","","","","","","","","","","","","","","","","","","","","","","","","","","","","","","","","","","","","","","","","","","","","",""
"YouTube","comentario","cripto","Futuro breve haverá um controle absoluto de tudo e todos.","","","","","","2025-12-12 05:16:04","","","","","","","","u5Rc8Vr8OX4","","277.0","","","","","","","","","","","","","","","","2024-08-17T10:41:35Z","","","","","","","","","","","","","","","","","","","","","","@ailton4818","UC4DkuXKU7lPhkXCqPVcWahQ","http://www.youtube.com/@ailton4818","5.0","23.0","True","True","🚨Como será o fim das criptomoedas, de acordo com Os Simpsons #Bitcoin #Crypto #Simpsons #BTC","2024-08-17T10:41:35Z","5.0","","","","","","","","","","","","","","","","","","","","","","","","","","","","","","","","","","","","","","","","","","","","","","","","",""
"YouTube","comentario","cripto","A próxima pirâmide financeira, será igualmente o capítulo do chapolim colorado: A moeda será invisível (SÓ OS INTELIGENTES PODEM VER). Entendedores entenderão 😊😂","","","","","","2025-12-12 05:16:04","","","","","","","","u5Rc8Vr8OX4","","42.0","","","","","","","","","","","","","","","","2024-08-15T04:25:19Z","","","","","","","","","","","","","","","","","","","","","","@thiagofer3005","UC9SGS5RvUdQSRI8wR6B395w","http://www.youtube.com/@thiagofer3005","1.0","1.0","True","True","🚨Como será o fim das criptomoedas, de acordo com Os Simpsons #Bitcoin #Crypto #Simpsons #BTC","2024-08-16T04:02:14Z","1.0","","","","","","","","","","","","","","","","","","","","","","","","","","","","","","","","","","","","","","","","","","","","","","","","",""
"YouTube","comentario","cripto","Quem resolveu o cálculo foi o próprio criador da moeda, resumindo: só quem pode destruir é quem criou.","","","","","","2025-12-12 05:16:04","","","","","","","","u5Rc8Vr8OX4","","6002.0","","","","","","","","","","","","","","","","2024-06-07T16:33:10Z","","","","","","","","","","","","","","","","","","","","","","@123testando03","UCTrCVw1Y1WSxL4XNi3a16cA","http://www.youtube.com/@123testando03","5.0","264.0","True","True","🚨Como será o fim das criptomoedas, de acordo com Os Simpsons #Bitcoin #Crypto #Simpsons #BTC","2024-06-07T16:33:10Z","5.0","","","","","","","","","","","","","","","","","","","","","","","","","","","","","","","","","","","","","","","","","","","","","","","","",""
"YouTube","comentario","cripto","No episodio, quem quebra o código é o Frank, o próprio criador da moeda, que no decorrer da trama se questiona sobre o uso ético da sua criptomoeda, levando a entender que somente o próprio Satoshi tem o poder de ""acabar"" com o Bitcoin, talvez por ver o Bitcoin se centralizando e indo contra sua proposta inicial.","","","","","","2025-12-12 05:16:04","","","","","","","","u5Rc8Vr8OX4","","1342.0","","","","","","","","","","","","","","","","2024-06-06T16:49:32Z","","","","","","","","","","","","","","","","","","","","","","@tfontoura","UC4Jkp34viKknIyoCloD33DA","http://www.youtube.com/@tfontoura","5.0","76.0","True","True","🚨Como será o fim das criptomoedas, de acordo com Os Simpsons #Bitcoin #Crypto #Simpsons #BTC","2024-06-06T16:50:08Z","5.0","","","","","","","","","","","","","","","","","","","","","","","","","","","","","","","","","","","","","","","","","","","","","","","","",""
"YouTube","comentario","cripto","Se nao me engano é  o próprio frank que resolve a equação, mostrando que so ele pode destruir oque criou","","","","","","2025-12-12 05:16:04","","","","","","","","u5Rc8Vr8OX4","","1669.0","","","","","","","","","","","","","","","","2024-06-05T21:18:44Z","","","","","","","","","","","","","","","","","","","","","","@dheordesantos9483","UCOkStWR1ixWRoVSdOSXZ3lw","http://www.youtube.com/@dheordesantos9483","5.0","16.0","True","True","🚨Como será o fim das criptomoedas, de acordo com Os Simpsons #Bitcoin #Crypto #Simpsons #BTC","2024-06-05T21:18:44Z","5.0","","","","","","","","","","","","","","","","","","","","","","","","","","","","","","","","","","","","","","","","","","","","","","","","",""
"YouTube","comentario","cripto","Como sempre em Hollywood  um nerd faz um cálculo numa lousa e salva o mundo com a matemática 😂😂😂😂","","","","","","2025-12-12 05:16:04","","","","","","","","u5Rc8Vr8OX4","","472.0","","","","","","","","","","","","","","","","2024-05-30T00:28:54Z","","","","","","","","","","","","","","","","","","","","","","@edsonaraujo2355","UCL6MAI_G34lFbQOyvZRzDMg","http://www.youtube.com/@edsonaraujo2355","5.0","29.0","True","True","🚨Como será o fim das criptomoedas, de acordo com Os Simpsons #Bitcoin #Crypto #Simpsons #BTC","2024-05-30T00:28:54Z","5.0","","","","","","","","","","","","","","","","","","","","","","","","","","","","","","","","","","","","","","","","","","","","","","","","",""
"YouTube","comentario","cripto","Construir uma usina eólica em local fechado foi demais 😂😂😂😂","","","","","","2025-12-12 05:16:04","","","","","","","","u5Rc8Vr8OX4","","6004.0","","","","","","","","","","","","","","","","2024-05-27T18:09:32Z","","","","","","","","","","","","","","","","","","","","","","@wellingtonmenezes5759","UCehv21lTDPQcFsFa-iK3vyg","http://www.youtube.com/@wellingtonmenezes5759","5.0","84.0","True","True","🚨Como será o fim das criptomoedas, de acordo com Os Simpsons #Bitcoin #Crypto #Simpsons #BTC","2024-05-27T18:09:32Z","5.0","","","","","","","","","","","","","","","","","","","","","","","","","","","","","","","","","","","","","","","","","","","","","","","","",""
"YouTube","comentario","cripto","Se fosse no Rio de Janeiro roubavam esse quadro em menos de 1 minuto. Ksks
 
2k de likes ○•○
Já é 4k 👊😔","","","","","","2025-12-12 05:16:04","","","","","","","","u5Rc8Vr8OX4","","5026.0","","","","","","","","","","","","","","","","2024-04-15T23:04:39Z","","","","","","","","","","","","","","","","","","","","","","@Victanjin","UCtUIbcQ0r_A2vnjrzivyjYw","http://www.youtube.com/@Victanjin","5.0","79.0","True","True","🚨Como será o fim das criptomoedas, de acordo com Os Simpsons #Bitcoin #Crypto #Simpsons #BTC","2025-10-16T03:48:25Z","5.0","","","","","","","","","","","","","","","","","","","","","","","","","","","","","","","","","","","","","","","","","","","","","","","","",""
"YouTube","comentario","cripto","o btc já e do quântico kkkk por isso ninguém quebra o código","","","","","","2025-12-12 05:16:04","","","","","","","","nrXsD5kJYYs","","1.0","","","","","","","","","","","","","","","","2025-11-29T05:00:04Z","","","","","","","","","","","","","","","","","","","","","","@TV-LINCOLN","UCumsislKG8-iMcQieWeHVlA","http://www.youtube.com/@TV-LINCOLN","0.0","0.0","True","True","Bitcoin vai Acabar! 😱 #ruyter #ruyterpoubel #criptomoedas #cripto #bitcoin","2025-11-29T05:00:04Z","0.0","","","","","","","","","","","","","","","","","","","","","","","","","","","","","","","","","","","","","","","","","","","","","","","","",""
"YouTube","comentario","cripto","QRL e a Salvação 👁️🔢","","","","","","2025-12-12 05:16:04","","","","","","","","nrXsD5kJYYs","","1.0","","","","","","","","","","","","","","","","2025-11-10T23:37:35Z","","","","","","","","","","","","","","","","","","","","","","@bluzzypikeyclash","UClc8U8h-cHAGIPvY8_YIvFg","http://www.youtube.com/@bluzzypikeyclash","0.0","0.0","True","True","Bitcoin vai Acabar! 😱 #ruyter #ruyterpoubel #criptomoedas #cripto #bitcoin","2025-11-10T23:37:35Z","0.0","","","","","","","","","","","","","","","","","","","","","","","","","","","","","","","","","","","","","","","","","","","","","","","","",""
"YouTube","comentario","cripto","Tô achando que esse ruyter faz amor com a mãe na parede kkkk😂","","","","","","2025-12-12 05:16:04","","","","","","","","nrXsD5kJYYs","","1.0","","","","","","","","","","","","","","","","2025-09-25T22:45:14Z","","","","","","","","","","","","","","","","","","","","","","@JhonassPereira","UCWEgrJKdNas--rTkKstAs2Q","http://www.youtube.com/@JhonassPereira","0.0","0.0","True","True","Bitcoin vai Acabar! 😱 #ruyter #ruyterpoubel #criptomoedas #cripto #bitcoin","2025-09-25T22:45:14Z","0.0","","","","","","","","","","","","","","","","","","","","","","","","","","","","","","","","","","","","","","","","","","","","","","","","",""
"YouTube","comentario","cripto","Sabe muito 😂😂","","","","","","2025-12-12 05:16:04","","","","","","","","nrXsD5kJYYs","","0.0","","","","","","","","","","","","","","","","2025-09-19T18:25:40Z","","","","","","","","","","","","","","","","","","","","","","@VítorPielechovski-b8o","UC5zfqfiecbNue6Ok6BAJtZg","http://www.youtube.com/@V%C3%ADtorPielechovski-b8o","0.0","0.0","True","True","Bitcoin vai Acabar! 😱 #ruyter #ruyterpoubel #criptomoedas #cripto #bitcoin","2025-09-19T18:25:40Z","0.0","","","","","","","","","","","","","","","","","","","","","","","","","","","","","","","","","","","","","","","","","","","","","","","","",""
"YouTube","comentario","cripto","Do msm jeito q vai ter computador quântico pra tentar, destruir vai ter computador quântico para proteger","","","","","","2025-12-12 05:16:04","","","","","","","","nrXsD5kJYYs","","13.0","","","","","","","","","","","","","","","","2025-09-17T03:05:26Z","","","","","","","","","","","","","","","","","","","","","","@GabrielRuslan","UCOYJwIzrH02kgXDgWhrSLoA","http://www.youtube.com/@GabrielRuslan","4.0","4.0","True","True","Bitcoin vai Acabar! 😱 #ruyter #ruyterpoubel #criptomoedas #cripto #bitcoin","2025-09-17T03:05:26Z","4.0","","","","","","","","","","","","","","","","","","","","","","","","","","","","","","","","","","","","","","","","","","","","","","","","",""
"YouTube","comentario","cripto","Leigo kakakaakk","","","","","","2025-12-12 05:16:04","","","","","","","","nrXsD5kJYYs","","6.0","","","","","","","","","","","","","","","","2025-08-08T00:49:07Z","","","","","","","","","","","","","","","","","","","","","","@Manigol666","UCUaiE7W-uGwjXv6hhXwqfQA","http://www.youtube.com/@Manigol666","0.0","0.0","True","True","Bitcoin vai Acabar! 😱 #ruyter #ruyterpoubel #criptomoedas #cripto #bitcoin","2025-08-08T00:49:07Z","0.0","","","","","","","","","","","","","","","","","","","","","","","","","","","","","","","","","","","","","","","","","","","","","","","","",""
"YouTube","comentario","cripto","No mundo de investimentos 9 bilhões de dólares é mixaria 😂","","","","","","2025-12-12 05:16:04","","","","","","","","nrXsD5kJYYs","","2.0","","","","","","","","","","","","","","","","2025-07-31T16:55:39Z","","","","","","","","","","","","","","","","","","","","","","@Mateus-ee9qh","UCfUF6zZ176L7OEKXWxVPJhw","http://www.youtube.com/@Mateus-ee9qh","0.0","0.0","True","True","Bitcoin vai Acabar! 😱 #ruyter #ruyterpoubel #criptomoedas #cripto #bitcoin","2025-07-31T16:55:39Z","0.0","","","","","","","","","","","","","","","","","","","","","","","","","","","","","","","","","","","","","","","","","","","","","","","","",""
"YouTube","comentario","cripto","Lunático","","","","","","2025-12-12 05:16:04","","","","","","","","nrXsD5kJYYs","","7.0","","","","","","","","","","","","","","","","2025-07-25T06:18:59Z","","","","","","","","","","","","","","","","","","","","","","@SnaakRematch","UCFFNDAnOb3Ya8JDrjzMeiDg","http://www.youtube.com/@SnaakRematch","0.0","0.0","True","True","Bitcoin vai Acabar! 😱 #ruyter #ruyterpoubel #criptomoedas #cripto #bitcoin","2025-07-25T06:18:59Z","0.0","","","","","","","","","","","","","","","","","","","","","","","","","","","","","","","","","","","","","","","","","","","","","","","","",""
"YouTube","comentario","cripto","Muito improvável  um computador  quântico quebrar a entropia do btc quase impossível","","","","","","2025-12-12 05:16:04","","","","","","","","nrXsD5kJYYs","","1.0","","","","","","","","","","","","","","","","2025-07-23T22:45:22Z","","","","","","","","","","","","","","","","","","","","","","@AlbenioIV","UC4AwOLeoP-JyFXXi-w0DzWw","http://www.youtube.com/@AlbenioIV","0.0","0.0","True","True","Bitcoin vai Acabar! 😱 #ruyter #ruyterpoubel #criptomoedas #cripto #bitcoin","2025-07-23T22:45:22Z","0.0","","","","","","","","","","","","","","","","","","","","","","","","","","","","","","","","","","","","","","","","","","","","","","","","",""
"YouTube","comentario","cripto","38 ouvindo isso 😂😂😂","","","","","","2025-12-12 05:16:04","","","","","","","","nrXsD5kJYYs","","4.0","","","","","","","","","","","","","","","","2025-07-23T00:07:36Z","","","","","","","","","","","","","","","","","","","","","","@ChefeDaClipada","UCgatz0s2dLe1GTVv7rXGnsQ","http://www.youtube.com/@ChefeDaClipada","0.0","0.0","True","True","Bitcoin vai Acabar! 😱 #ruyter #ruyterpoubel #criptomoedas #cripto #bitcoin","2025-07-23T00:07:36Z","0.0","","","","","","","","","","","","","","","","","","","","","","","","","","","","","","","","","","","","","","","","","","","","","","","","",""
"YouTube","comentario","cripto","Excelente vídeo!","","","","","","2025-12-12 05:16:04","","","","","","","","hanQS-Ys5lc","","0.0","","","","","","","","","","","","","","","","2025-12-10T22:03:03Z","","","","","","","","","","","","","","","","","","","","","","@rosanasophia9999","UCXoiPKs8CKI-IPsyNTrp3ew","http://www.youtube.com/@rosanasophia9999","0.0","0.0","True","True","AS CORRETORAS CRIPTOS NÃO QUEREM QUE VOCÊ DESCUBRA ISSO","2025-12-10T22:03:03Z","0.0","","","","","","","","","","","","","","","","","","","","","","","","","","","","","","","","","","","","","","","","","","","","","","","","",""
"YouTube","comentario","cripto","Porque eles não vão cuida do INSS que vive sendo roubado","","","","","","2025-12-12 05:16:04","","","","","","","","hanQS-Ys5lc","","1.0","","","","","","","","","","","","","","","","2025-12-10T14:43:13Z","","","","","","","","","","","","","","","","","","","","","","@RubensAndradedeOliveira-z1v","UCALXSpgm5VIclONVRdahgww","http://www.youtube.com/@RubensAndradedeOliveira-z1v","0.0","0.0","True","True","AS CORRETORAS CRIPTOS NÃO QUEREM QUE VOCÊ DESCUBRA ISSO","2025-12-10T14:43:13Z","0.0","","","","","","","","","","","","","","","","","","","","","","","","","","","","","","","","","","","","","","","","","","","","","","","","",""
"YouTube","comentario","cripto","⚠️ Okx global tb reporta as acc dos BRs pra Receita Federal???","","","","","","2025-12-12 05:16:04","","","","","","","","hanQS-Ys5lc","","0.0","","","","","","","","","","","","","","","","2025-12-10T13:26:45Z","","","","","","","","","","","","","","","","","","","","","","@ogro_d_fuzil2877","UCbj5KXZW8YPJRW7hNXQ-bJA","http://www.youtube.com/@ogro_d_fuzil2877","0.0","0.0","True","True","AS CORRETORAS CRIPTOS NÃO QUEREM QUE VOCÊ DESCUBRA ISSO","2025-12-10T13:26:45Z","0.0","","","","","","","","","","","","","","","","","","","","","","","","","","","","","","","","","","","","","","","","","","","","","","","","",""
"YouTube","comentario","cripto","Top irmão!","","","","","","2025-12-12 05:16:04","","","","","","","","hanQS-Ys5lc","","0.0","","","","","","","","","","","","","","","","2025-12-10T13:03:15Z","","","","","","","","","","","","","","","","","","","","","","@willgrazioli","UC4Mp5Nh9notOUwiQRKO7j-A","http://www.youtube.com/@willgrazioli","0.0","0.0","True","True","AS CORRETORAS CRIPTOS NÃO QUEREM QUE VOCÊ DESCUBRA ISSO","2025-12-10T13:03:15Z","0.0","","","","","","","","","","","","","","","","","","","","","","","","","","","","","","","","","","","","","","","","","","","","","","","","",""
"YouTube","comentario","cripto","Acho que essa migração para conta global e todas as operações por lá ficarão vinculadas a sua conta na Arkham porque fez KYC.","","","","","","2025-12-12 05:16:04","","","","","","","","hanQS-Ys5lc","","0.0","","","","","","","","","","","","","","","","2025-12-10T12:31:40Z","","","","","","","","","","","","","","","","","","","","","","@Carlos-cd4ns","UC6dbBVF659_ji2aozq7_YRg","http://www.youtube.com/@Carlos-cd4ns","0.0","0.0","True","True","AS CORRETORAS CRIPTOS NÃO QUEREM QUE VOCÊ DESCUBRA ISSO","2025-12-10T12:31:40Z","0.0","","","","","","","","","","","","","","","","","","","","","","","","","","","","","","","","","","","","","","","","","","","","","","","","",""
"YouTube","comentario","cripto","Valeu tiozão...👏👏👏","","","","","","2025-12-12 05:16:04","","","","","","","","hanQS-Ys5lc","","1.0","","","","","","","","","","","","","","","","2025-12-10T08:51:03Z","","","","","","","","","","","","","","","","","","","","","","@fernandoramos9505","UC0ModZECAr4XYJjzfa9mkmg","http://www.youtube.com/@fernandoramos9505","0.0","0.0","True","True","AS CORRETORAS CRIPTOS NÃO QUEREM QUE VOCÊ DESCUBRA ISSO","2025-12-10T08:51:03Z","0.0","","","","","","","","","","","","","","","","","","","","","","","","","","","","","","","","","","","","","","","","","","","","","","","","",""
"YouTube","comentario","cripto","⚡ O Bitcoin do futuro é o XRP - vamos lá!","","","","","","2025-12-12 05:16:04","","","","","","","","hanQS-Ys5lc","","6.0","","","","","","","","","","","","","","","","2025-12-10T06:03:35Z","","","","","","","","","","","","","","","","","","","","","","@LauraTeixeira-m5n","UCsT9_c_o1ptq37z7GCoA68w","http://www.youtube.com/@LauraTeixeira-m5n","5.0","17.0","True","True","AS CORRETORAS CRIPTOS NÃO QUEREM QUE VOCÊ DESCUBRA ISSO","2025-12-10T06:03:35Z","5.0","","","","","","","","","","","","","","","","","","","","","","","","","","","","","","","","","","","","","","","","","","","","","","","","",""
"YouTube","comentario","cripto","Mais a norma crypto não ia obrigar a corretorar a associar o endereço da carteira as transaçoes? A receita vai saber até quando você manda crypto pra carteira de auto custodia.","","","","","","2025-12-12 05:16:04","","","","","","","","hanQS-Ys5lc","","3.0","","","","","","","","","","","","","","","","2025-12-09T22:54:44Z","","","","","","","","","","","","","","","","","","","","","","@bleachgames","UCHDArYQ4BWfTTc5xl4Df6aw","http://www.youtube.com/@bleachgames","1.0","1.0","True","True","AS CORRETORAS CRIPTOS NÃO QUEREM QUE VOCÊ DESCUBRA ISSO","2025-12-09T22:54:44Z","1.0","","","","","","","","","","","","","","","","","","","","","","","","","","","","","","","","","","","","","","","","","","","","","","","","",""
"YouTube","comentario","cripto","Eu gosto bastante da OKX","","","","","","2025-12-12 05:16:04","","","","","","","","hanQS-Ys5lc","","4.0","","","","","","","","","","","","","","","","2025-12-09T22:09:25Z","","","","","","","","","","","","","","","","","","","","","","@PauloViniciusMoreiraDutra","UCIMMpAKHWdp8Vf2vMuuLX8Q","http://www.youtube.com/@PauloViniciusMoreiraDutra","0.0","0.0","True","True","AS CORRETORAS CRIPTOS NÃO QUEREM QUE VOCÊ DESCUBRA ISSO","2025-12-09T22:09:25Z","0.0","","","","","","","","","","","","","","","","","","","","","","","","","","","","","","","","","","","","","","","","","","","","","","","","",""
"YouTube","comentario","cripto","ABRA SUA CONTA NA OKX👇🏼
https://www.okx.com/join/LZACADEMY","","","","","","2025-12-12 05:16:04","","","","","","","","hanQS-Ys5lc","","3.0","","","","","","","","","","","","","","","","2025-12-09T16:33:10Z","","","","","","","","","","","","","","","","","","","","","","@lzacademy.pro1","UC-xEWFsiOcmUhcmofRV9Mdg","http://www.youtube.com/@lzacademy.pro1","1.0","1.0","True","True","AS CORRETORAS CRIPTOS NÃO QUEREM QUE VOCÊ DESCUBRA ISSO","2025-12-09T16:33:10Z","1.0","","","","","","","","","","","","","","","","","","","","","","","","","","","","","","","","","","","","","","","","","","","","","","","","",""
"App Store (Google Play)","app","cripto","Bybit: Compre Bitcoin & Cripto","","","","","","2025-12-12 05:16:04","","","","","","","","","","","","","","","","","","","","","","","","","","","","","","","","","","","","","","","","","","","","","","","","","","","","","","","","","","Bybit","4.8","0.0","0.0","10.000.000+","0.0","","Finanças","","","","https://play-lh.googleusercontent.com/SJxOSA2a2WY2RYQKv99kKCQVVqA5tmgw2VHn_YY0gL4riv7eDDjZ46X5_6Jge-Ur8uo","","['https://play-lh.googleusercontent.com/BqrJBUVxMysOZVCeJVtS2AaarVjSacBCWVZqNiTz7bLhs0kTx4wTbSHkVjLMQ5jwl3E2ScEYf1Y9KO2KLCHmbQ', 'https://play-lh.googleusercontent.com/C1hV3UkbZNvHAQo9BG9dRtAG0bdqqRHJSVnAkm9YOQLzs4eKek602tVo9aJ0Ygx8OzfBxCQrYKa12ToqU2KK9A', 'https://play-lh.googleusercontent.com/GDinIddavizN3NWWLplQLR3_nhFSo34FnLexGIC9n-Y7qYgQO4Rt8LLhCSp8RPrYTwO4nPgHBazjEy78XGzXiA', 'https://play-lh.googleusercontent.com/5Rq66MNJ2M6frarCdUQzNLBx7UbltLMnjnIOCGSaa1Wrn39hfPtrLqxTbuDxQBAI7vJTR-KAGyfQ4DHQVpuUkw', 'https://play-lh.googleusercontent.com/VxB50hhmBXc5Qa6jeOyS0iHE0k3imQkgByvg20ADYmo1UGP2zfglFQ_2RquelSYrF04CD17bh-fi8aMhY2st', 'https://play-lh.googleusercontent.com/ntg1qDi9q1qvmVGeMxAvgHm8lPRKI1neAj1n_TuKN8mkl5pbVwY17yIcztf1_GbDrc0A0baQskDZq6bj5pBlsl0', 'https://play-lh.googleusercontent.com/Z4AyGKy6ehg52TStDowWgY54cWu0iHYP2DDyEOG5nWzCbTgXCXMSBNt_aomA2str2LCpnCC62dLJhbZfA03xRQ', 'https://play-lh.googleusercontent.com/o9IygB0AV00YeiDaZ7QHtdZIZuwq0F8v7S41pOJq92fXLKibDCnKshCw-OP1t_w0VMGEwudmPxVUOPcW0tKRjA', 'https://play-lh.googleusercontent.com/CxALKzuB_cTnM1n2mcksv1kLeo7V892twgIp_CYq6tp97ZFFucvdwQnjYRNaMn8DsjeZ4AXghib__qpvxmMjxEI', 'https://play-lh.googleusercontent.com/auZOYN0sjUJ_G1C0635wxqVcABIq4Mbm5D1RIYJ2CmXq2VtmrlKV504tJ2WuFZFcnjI3X0fZoubFfTMJ5zbWag', 'https://play-lh.googleusercontent.com/J7Ib9mYK9j5ucWNz0L_CFPMmZwR55SAfFO7t-o9_BCAlVMmaMitPAhdN7kXUfR3ruknVmaFprDIFqns9xijb4A', 'https://play-lh.googleusercontent.com/d035QLvXjjDI-7crJWe1GwSkCYfHsb1fngevbtIs4ZbArblFv7mJIPpd3AhMWr-x9YEJK_MGeTsrX2Us81fQ8g', 'https://play-lh.googleusercontent.com/aPgMOfOuL_A82t2kQfZISiew-p8YzB_ds0RvhKNIAtvgZhcVwacYAQsGCPF6nO8khW0CRgqdVLFMdU7DGeqrxTE', 'https://play-lh.googleusercontent.com/AKudFDih1parVaHPDjJgQ2lW1rcI2za5aVR9WsI4f96-firF7xx2SYerkU700BkHEN2RKDWM2Mss_53SWOD_Lko', 'https://play-lh.googleusercontent.com/o9IygB0AV00YeiDaZ7QHtdZIZuwq0F8v7S41pOJq92fXLKibDCnKshCw-OP1t_w0VMGEwudmPxVUOPcW0tKRjA', 'https://play-lh.googleusercontent.com/CxALKzuB_cTnM1n2mcksv1kLeo7V892twgIp_CYq6tp97ZFFucvdwQnjYRNaMn8DsjeZ4AXghib__qpvxmMjxEI', 'https://play-lh.googleusercontent.com/auZOYN0sjUJ_G1C0635wxqVcABIq4Mbm5D1RIYJ2CmXq2VtmrlKV504tJ2WuFZFcnjI3X0fZoubFfTMJ5zbWag', 'https://play-lh.googleusercontent.com/J7Ib9mYK9j5ucWNz0L_CFPMmZwR55SAfFO7t-o9_BCAlVMmaMitPAhdN7kXUfR3ruknVmaFprDIFqns9xijb4A', 'https://play-lh.googleusercontent.com/d035QLvXjjDI-7crJWe1GwSkCYfHsb1fngevbtIs4ZbArblFv7mJIPpd3AhMWr-x9YEJK_MGeTsrX2Us81fQ8g', 'https://play-lh.googleusercontent.com/aPgMOfOuL_A82t2kQfZISiew-p8YzB_ds0RvhKNIAtvgZhcVwacYAQsGCPF6nO8khW0CRgqdVLFMdU7DGeqrxTE', 'https://play-lh.googleusercontent.com/AKudFDih1parVaHPDjJgQ2lW1rcI2za5aVR9WsI4f96-firF7xx2SYerkU700BkHEN2RKDWM2Mss_53SWOD_Lko', 'https://play-lh.googleusercontent.com/VbhZdAJmFCk91K6RcwIwcSjM8w99EyCbNMF681ek0oSKHrVFPYdZrn9y96EwoEIuKZIQEozwWDhQwI7TESdeWl0']","https://www.youtube.com/embed/yjLxNvKF7b8?ps=play&vq=large&rel=0&autohide=1&showinfo=0","https://i.ytimg.com/vi/yjLxNvKF7b8/hqdefault.jpg","Entre no mundo do Bitcoin e das criptomoedas com a Bybit<br><br>Junte-se a 78 milhões de usuários e experimente o trading de criptomoedas de forma integrada, segura e confiável. Negocie, gerencie e aumente seu portfólio de Bitcoin (BTC) e criptomoedas hoje mesmo com nossa simples e inovadora plataforma. Seja você um iniciante ou um profissional, ou esteja de olho em Bitcoin (BTC), Ethereum (ETH), Solana (SOL), Mantle (MNT) ou outras das principais criptomoedas, estamos aqui para tornar sua experiência de trading simples, segura e confiável.<br><br>Trading de Bitcoin e outras criptos simplificado<br>Nossa missão é simplificar a compra de criptomoedas populares, como Bitcoin (BTC), Ethereum (ETH), Ripple (XRP), Solana (SOL), Cardano (ADA), Chainlink (LINK), Polkadot (DOT), PEPE, Mantle (MNT), Litecoin (LTC), Dogecoin (DOGE) e Hedera (HBAR). Negocie com facilidade pares em Spot e Derivativos com moeda fiat ou criptomoedas, incluindo os contratos BTCUSDT, ETHUSDT e XRPUSDT.<br><br>Nossos recursos de trading<br>- Trading de Derivativos: Negocie Perpétuos, Futuros e Opções de forma simples com ferramentas avançadas de gerenciamento de risco.<br> - Trading em Spot: Use recursos como Take Profit/Stop Loss (TP/SL) e maximize a eficiência das suas negociações.<br>- Negocie de forma fácil: Aproveite as oportunidades do mercado acelerado de Bitcoin (BTC) e de criptomoedas com facilidade.<br>- Grandes operações e monitor de posições: Acompanhe grandes negociações de Bitcoin (BTC) e criptomoedas com atualizações em tempo real.<br>- Cartão Bybit: Gaste seus Bitcoins (BTC), Ethereum (ETH), Solana (SOL), Mantle (MNT), USDT e outras criptomoedas em milhões de estabelecimentos comerciais online e físicos em todo o mundo para ganhar até 10% de cashback em criptomoedas.<br>- Bybit Pay: Envie ou gaste Bitcoin (BTC), Ethereum (ETH), Solana (SOL), Mantle (MNT) e outras criptomoedas instantaneamente — sem taxas de gás e com liquidação rápida e segura.<br>- Bybit Alpha: Acesso facilitado ao mundo do trading on-chain — conectando usuários da Bybit a DeFi, NFTs e dApps por meio de um ecossistema Web3 totalmente integrado.<br>- Gerenciamento de ativos da Bybit: Crie seu portfólio com ferramentas como Bybit Investimento e Mineração de liquidez e maximize seus ganhos de Bitcoin (BTC) e outras criptomoedas recém-listadas.<br>- Copy Trading Siga traders especializados e aplique as estratégias deles em suas negociações de Bitcoin (BTC) e outras criptomoedas.<br>- Mercado NFT da Bybit Compre, venda ou negocie NFTs com facilidade em um mercado em expansão.<br><br>Por que escolher a Bybit para suas negociações de Bitcoin e outras criptomoedas?<br><br>Trading instantâneo de cripto<br>Negocie Bitcoin (BTC), Ethereum (ETH), Ripple (XRP), Solana (SOL), Mantle (MNT) PEPE e outras criptomoedas instantaneamente usando cartões de crédito, transferências bancárias ou outros métodos de pagamento.<br><br>Experiência otimizada<br>Nossa interface de usuário simplificada para trading em Spot e Derivativos torna o trading de Bitcoin (BTC), Ethereum (ETH), Solana (SOL), Mantle (MNT) e outras criptomoedas mais fácil do que nunca.<br><br>Depósitos e transferências diretas<br>Transfira rapidamente as principais criptomoedas, como Bitcoin (BTC), Ethereum (ETH), Solana (SOL), Mantle (MNT) e Ripple (XRP), entre várias carteiras com opções completas de personalização.<br><br>Diversificação de portfólio<br>Negocie Bitcoin (BTC), Ethereum (ETH), Ripple (XRP), Solana (SOL), Mantle (MNT), PEPE e outras criptomoedas nos mercados Spot ou de Derivativos, com ofertas de tokens alavancados, empréstimos de cripto e trading de margem.<br><br>Nossos canais oficiais<br>Central de Anúncios Bybit: https://announcements.bybit.com/pt-BR<br>Bybit Blog: https://blog.bybit.com/pt-BR<br>Bybit Learn: https://learn.bybit.com Central de Ajuda Bybit: https://www.bybit.com/pt-BR/help-center<br><br>Faça parte da nossa comunidade<br>X: https://twitter.com/Bybit_Official <br>Facebook: https://www.facebook.com/Bybit/ <br>Instagram: https://www.instagram.com/bybit_official/ <br>Telegram: https://t.me/BybitEnglish","","","","","","{}","False","False","","[]","","","com.bybit.app","","","","","","","","","","","","","","","","","","",""
"App Store (Google Play)","app","cripto","Binance: Compre BTC e Cripto","","","","","","2025-12-12 05:16:04","","","","","","","","","","","","","","","","","","","","","","","","","","","","","","","","","","","","","","","","","","","","","","","","","","","","","","","","","","Binance Inc.","4.8","0.0","0.0","100.000.000+","0.0","","Finanças","","","","https://play-lh.googleusercontent.com/PcxBU8KDqmJXKsCXVLTeQ9oenPmvmW091JpbBmrlID6gapbBr1qemZAVmHKZCalkvQ","","['https://play-lh.googleusercontent.com/vvhCQ-b0umkGCz3ZnpzRuc-RrVZ9khVAx9lmzNLKoIwavxGlC3inBHwdtt4eDpzSpRE', 'https://play-lh.googleusercontent.com/CFm7k9BLVBrJsbDU_CgiiRE1elhVEi34vdJby9h6A-EoH_p6iJyr_ezOX4DJXbnVmA', 'https://play-lh.googleusercontent.com/9g5okLXVfJmNsPfG1v6NlsjfgA92_XQODTtInhKqBgXnmdB94kComQK0OxAPpWDBc0g', 'https://play-lh.googleusercontent.com/gOSxPKYWxalBAWwJ10LNprdKfsra3bRZhI9gZafsou9W5MRN89ytNtQ0MLxwC5QGzg', 'https://play-lh.googleusercontent.com/DzZr6c4ob6OEPF7S0ZWBcpd-QcPc68evCCVlvDjmhCxydpVd8CDSyJj1RgFExXmhcgI', 'https://play-lh.googleusercontent.com/pHam03TfJSj43fjt6VwAHS7LSUaZzWrzRZsT_jZg_L2-_ge4L3_SDMN1OFv6lvxsEAM1', 'https://play-lh.googleusercontent.com/S4gIsB9Mh85qsn_q2BbzXuPtagEJ7_3YUSLW8ybL7kaVz28Ibjx72oRabn9BxzC7UMoU', 'https://play-lh.googleusercontent.com/9K9PPko2Q2-MHoSp04YxmuydGV-xOhdBb69jAb-JEjbZCcblGRXPf8_yoKT9S2aA1w', 'https://play-lh.googleusercontent.com/_hLrDusNJ4SVzTImFLq_3lz9b9JMVvgje7ySAaAAPf9ypWPhKHHa5CAAhKV3Ujb-Qpdv', 'https://play-lh.googleusercontent.com/Lrl4aZWuSY55cEo9-ExaRX3HwVN53AYQBXkh263S5Y_Ce_eyUXh2e5AisH7o-_Lw0Q', 'https://play-lh.googleusercontent.com/nX_Nrysjk6iU5hihQXcwo8hCqM2AgTXGuH6dLTPgVl_HKM0GSt7Y_Qgv0rsm5PAYCuI', 'https://play-lh.googleusercontent.com/tJIaKteRz9fYfYLfl05SO4iqZFCRtq0_EUvCuUojiqpieZ-fSdE500hBbowKcuPzKa7s', 'https://play-lh.googleusercontent.com/p-isLUhjUJyB6waUdC1Br3unkheh8-TP9MX2eN4nDZpBLh2RmmSq9Ly8CSdnjq3d-oo', 'https://play-lh.googleusercontent.com/AkIPqpp3cVfTGumAkZoSdju7BrQbC9xJ6491Ken_0pM8G0ow0gn_TZ0KdPeURqud3kK1', 'https://play-lh.googleusercontent.com/_YI2zhXBanf0M2T_wMUNPlejt41Gymt5wa9uE720P0UknWrZHVAG9qYw0pPGsAcC4FU', 'https://play-lh.googleusercontent.com/sWLcY_AQwb-oCo2xN1e2WEUwohpRoIopoVIynP3r7CwNKUO7ydyYl6BdtvnPz7nBjnM9', 'https://play-lh.googleusercontent.com/YPoLDfPb9-m6wQwjlu1VNQRuFpsil_8COc2kODxMflyemKcAd073zK3hf8vtzYcPGg']","https://www.youtube.com/embed/A33Noj53Ec4?ps=play&vq=large&rel=0&autohide=1&showinfo=0","https://i.ytimg.com/vi/A33Noj53Ec4/hqdefault.jpg","Compre, venda e mantenha criptomoedas como Bitcoin (BTC), Ether (ETH), Solana (SOL), Notcoin (NOT) e Pepe (PEPE) com segurança e taxas de trading baixas. Usada por mais de 225 milhões de usuários em todo o mundo, a Binance é a maior corretora de criptomoedas* do mundo. Aqui está o porquê:<br><br>NEGOCIE SEUS TOKENS FAVORITOS E MAIS<br><br>Negocie mais de 350 criptomoedas listadas, incluindo Bitcoin (BTC) e Ether (ETH).<br>Acompanhe o mercado usando alertas de preços e negocie com ferramentas de negociação avançadas. <br>Configure ordens recorrentes (DCA) para comprar criptomoedas a cada hora, dia, semana ou mês.<br>Aproveite a melhor liquidez em cada negociação de criptomoedas. <br>Compre criptomoedas e adicione fundos na sua carteira em minutos com opções de pagamento flexíveis, incluindo cartão de crédito/débito, transferências bancárias e negociação ponto a ponto (P2P).<br>Encontre traders líderes e reproduza suas estratégias de negociação com um toque.<br><br>GANHE RECOMPENSAS DIÁRIAS COM SEUS ATIVOS PARADOS<br><br>Ganhe recompensas com staking e rendimento de farm. Aproveite os benefícios de fazer stake de criptomoedas em ativos populares como Bitcoin (BTC). <br>Use o Investimento Automático para comprar criptomoedas e obter renda passiva ao mesmo tempo.**<br><br><br>CORRETORA DE CRIPTO SEGURA, CONFORME E REGULADA<br><br>A Binance é a corretora de criptomoedas mais regulamentada do mundo, com licenças, registros e aprovações em diversas jurisdições. <br>Todos os fundos dos usuários são mantidos 1:1 em um Fundo Seguro de Ativos dos Usuários (SAFU) no valor de US$ 1 bilhão. <br>Nosso sistema é protegido com medidas de segurança de última geração, incluindo monitoramento de riscos em tempo real, protocolos KYC rigorosos e criptografia avançada de dados de ponta a ponta.<br><br><br>GASTE E ENVIE SEU SALDO EM CRIPTO<br><br>Use os tokens da sua carteira para comprar passagens aéreas ou fazer compras em marcas que aceitam criptomoedas.<br>Faça transferências de criptomoedas seguras da sua carteira para amigos e familiares em todo o mundo. <br><br><br>EXPLORE O MELHOR DA WEB3, CRIPTO E BLOCKCHAIN<br><br>Obtenha conteúdo personalizado Web3, blockchain e cripto. Disponível na página inicial do seu aplicativo. <br>Participe das discussões da comunidade Binance sobre as últimas tendências de blockchain e criptomoedas.<br>Aprenda sobre criptomoedas com cursos e artigos sobre tópicos relacionados ao Bitcoin, trading e gerenciamento de suas finanças.<br>Ganhe recompensas em criptomoedas aprendendo e respondendo questionários sobre como funcionam certas criptomoedas. <br>Use nossa carteira Web3 integrada para interagir com segurança com dApps, obter rendimento com DeFi e negociar mais de 10.000 tokens em diferentes blockchains.<br><br><br>ACESSE O ATENDIMENTO AO CLIENTE 24 horas por dia, 7 dias por semana<br>Deixe-nos ajudá-lo em sua jornada de criptomoedas, seja você um ávido negociante de criptomoedas ou um iniciante que deseja comprar Bitcoin.<br>Obtenha ajuda do suporte ao cliente por chat em tempo real 24 horas por dia, 7 dias por semana, disponível em 18 idiomas.<br>Aprenda como comprar Bitcoin, gerenciar sua carteira de criptomoedas e fazer sua primeira negociação de criptomoedas na Binance usando nossos guias de perguntas frequentes.<br><br>*por volume de trading - Fonte: https://coinmarketcap.com/rankings/exchanges/ <br>**Isenção de responsabilidade de limitação de região: este é um anúncio geral. Os produtos e serviços mencionados aqui podem não estar disponíveis em sua região.<br>***Aplicativo Binance está disponível apenas para cidadãos e residentes de fora dos EUA. Para cidadãos e residentes dos EUA, instale o aplicativo da Binance.US.<br><br>Ainda indeciso? Baixe agora e descubra por que mais de 225 milhões de usuários escolhem a Binance para comprar criptomoedas, negociar mais de 350 criptomoedas e manter seus ativos com segurança. O aplicativo da Binance vai além do seu aplicativo de trading tradicional, permitindo que os usuários aprendam mais sobre blockchain, obtenham renda passiva por meio de staking e gastem suas criptomoedas.","","","","","","{}","False","False","","[]","","","com.binance.dev","","","","","","","","","","","","","","","","","","",""
"App Store (Google Play)","app","cripto","Coinbase: Bitcoin & Ethereum","","","","","","2025-12-12 05:16:04","","","","","","","","","","","","","","","","","","","","","","","","","","","","","","","","","","","","","","","","","","","","","","","","","","","","","","","","","","Coinbase Inc","4.6","0.0","0.0","50.000.000+","0.0","","Finanças","","","","https://play-lh.googleusercontent.com/PjoJoG27miSglVBXoXrxBSLveV6e3EeBPpNY55aiUUBM9Q1RCETKCOqdOkX2ZydqVf0","","['https://play-lh.googleusercontent.com/YLufhIWV2OVrk7ZH1EqzXsnpvWh-YC2SfqQ-ss-TLQyvGGyb9qSiIGV-tZThgujtEw', 'https://play-lh.googleusercontent.com/QKy2TrOfde1TzXfgzGIrgIhcxxKSXeTE-j75p132jDkkh3e98NSX2qRBMxusWoNu5A', 'https://play-lh.googleusercontent.com/RIH9-meMhJqs0be7Ip-hz_PHZZZ0_e8MiwIBdTQamdMNrmLrrQRDs3rFWD_q6yG_Tg', 'https://play-lh.googleusercontent.com/lVOX5H4hH2dtVDGM-T4_TM_5GStytv6YUV_B87_irI34xD57-TSz3wZ_cQsSz4IwLP3R', 'https://play-lh.googleusercontent.com/WClVNTJPiiw_zvZUvJxaMnYi49VQGjlx_0CvOocpWuOSEsf1UNd4bV0eN2YaVEhKnvk', 'https://play-lh.googleusercontent.com/ugRq542uFxP0KMrAZCvGPOqtInC4rplMfNeCDkwBa09-u1ZaxI1v-W7LhoYLtlKdwuX5', 'https://play-lh.googleusercontent.com/en2GK3lyzFXplv-rMvd5E5cIhBUQXWNU5nN3GfwFcaJmghHTbFYEPAVE9meLceBq338']","","","A Coinbase é a maior exchange dos Estados Unidos, e a única listada na NASDAQ (Bolsa de Nova York). Como a única empresa de cripto parte do S&amp;P 500, estamos moldando o futuro do dinheiro com mais segurança. Compre, venda e faça trade de Bitcoin, USDC, Ethereum e mais de 260 moedas com uma interface simples. <br><br>Ativos suportados<br>Bitcoin (BTC), Ethereum (ETH), XRP (XRP), USD Coin (USDC)¹, Cardano (ADA), Polygon (MATIC), Polkadot (DOT), Solana (SOL), Tether (USDT), Dai (DAI), VeThor Token (VTHO), Pepe (PEPE), SHIBA INU (SHIB), Dogecoin (DOGE), e mais de 250 outros ativos.<br><br>O que a Coinbase oferece:<br><br>COMPRE, VENDA E GERENCIE CRIPTO COM MAIS SEGURANÇA<br>- Compre cripto a partir de R$10, via Pix, em segundos.<br>- Envie e receba cripto de forma segura e sem complicações.<br>- Faça staking de cripto e ganhe rendimentos com criptos como Ethereum e Solana¹<br>- Ganhe recompensas com stablecoins como USDC²<br>- Configure compras automáticas ou recorrentes com facilidade.<br>- Transfira cripto internacionalmente sem obstáculos.<br>- Indique amigos e ganhe recompensas em cripto.<br>- Coinbase One: Negociação com taxa zero, recompensas de staking e USDC aumentadas, suporte prioritário e muito mais.³<br><br>MODO AVANÇADO PARA TRADERS, SEM CUSTO<br>- Gráficos avançados do TradingView.<br>- Negociação de Spot e futuros, com pool de Liquidez em 552 mercados.<br>- Saldo em USDC, com rendimentos diários em dólar.<br>- Indicadores técnicos e listas de observação personalizadas.<br>- Taxas mais competitivas baseadas em volume.<br><br>EXCHANGE DE CRIPTO SEGURA E REGULADA<br>- A Coinbase é a única exchange de cripto de capital aberto com sede nos EUA (NASDAQ: COIN).<br>- Única empresa cripto parte do S&amp;P 500.<br>- Todos os ativos dos clientes são mantidos 1:1, e nunca negociamos contra nossos clientes nem alavancamos seus fundos sem consentimento.<br>- Nossas finanças são públicas e auditadas trimestralmente por uma das 4 maiores empresas de contabilidade.<br>- Segurança e criptografia de ponta são o núcleo da nossa plataforma, e nossa equipe de segurança trabalha continuamente para garantir que você e seus ativos estejam protegidos contra novas ameaças.<br>- Oferecemos recursos de segurança poderosos para todos os nossos usuários, como autenticação de dois fatores automática (com suporte para chave de segurança), proteção com senha e retiradas com múltiplas aprovações no Coinbase Vault.<br><br><br>PRECISA DE MAIS AJUDA?<br>Visite help.coinbase.com para obter informações e entrar em contato com o Suporte da Coinbase.<br><br>PRIVACIDADE<br>Consulte a política de privacidade legal da Coinbase em https://www.coinbase.com/legal/privacy.<br><br>—<br>Coinbase Brasil LTDA<br>Alameda Santos 2300 Conj 11 Parte<br>Cerqueira Cesar<br>São Paulo SP<br>01418-200<br>—<br>¹ Disponível em territórios selecionados.<br>² Ao adquirir USDC, você será inscrito automaticamente para receber recompensas. Você pode cancelar a inscrição a qualquer momento. A taxa de recompensas está sujeita a alterações. Os clientes poderão ver as últimas taxas aplicáveis diretamente em suas contas.<br>³ A assinatura do Coinbase One é renovada automaticamente e exige pagamentos recorrentes. Os benefícios variam conforme a região. Negociação com taxa zero: Coinbase Advanced excluído; aplica-se um spread.<br><br>Você ganha recompensas diretamente do protocolo, não da Coinbase. A Coinbase funciona apenas como prestadora de serviços, realizando a conexão entre você, os validadores e o protocolo. Repassamos quaisquer recompensas obtidas com staking, descontando uma tarifa Coinbase transparente.","","","","","","{}","False","False","","[]","","","com.coinbase.android","","","","","","","","","","","","","","","","","","",""
"App Store (Google Play)","app","cripto","Crypto.com - Compre BTC, CRO","","","","","","2025-12-12 05:16:04","","","","","","","","","","","","","","","","","","","","","","","","","","","","","","","","","","","","","","","","","","","","","","","","","","","","","","","","","","Crypto Technology Holdings Limited","4.5","0.0","0.0","10.000.000+","0.0","","Finanças","","","","https://play-lh.googleusercontent.com/OhMXdCWVlKDPK-sMeMyd2PjwvFQ8d1gt5xLYtPVSyvLWxalI6bJpQz2sqGIZDIDXM4Y","","['https://play-lh.googleusercontent.com/DBqmi77sMZxsn1VP1ydz1cBwr1lIvqEX-Toi7Eoe_joZmhVvTEiOo56N21D7j_iCtQ', 'https://play-lh.googleusercontent.com/lFWTa3jkEtYwE-bFvshy3oF1trh08rBK9-1lZQXzeYuUsyFx1DeoybkiKz_XvYiTy1g', 'https://play-lh.googleusercontent.com/5EoxQXYf_hwA_Q9kb8FJaUdksFDcZcs94dVsufOLj0oi2uj5-8DjKVwrPBLSJYrngNcu', 'https://play-lh.googleusercontent.com/Rrr-pNljoVVXMyLByMLDl1qCxZbrR81invm9PHXsVhOhaWLKwDviJHt36J18My-wIQ', 'https://play-lh.googleusercontent.com/qpsyGPqGnqs8M64Buyq2gwX2cdB6rxc_8lvxkGgyTmtjJXUDo8Zb4wbitqgZMD9P0lQ', 'https://play-lh.googleusercontent.com/m8Wj3L80DL4ChC8ZzZ5inNrFFBZhI3HvJBbxM3kiueSl91h1BE5sefRSs2N8QB8s8n02', 'https://play-lh.googleusercontent.com/oo5Ph0bKNsu6dxmoBC1lhHEowZHl81vvdNQ9Kob1yn3PVwysUxmtbtt4vFtvL3MwEc4', 'https://play-lh.googleusercontent.com/lNw5XikSyk5q14hDQMVevEGrZ0LiO_k98GzMmCQXd2Fa2_eEWqErI9VWHAPYxMcMJwaO']","https://www.youtube.com/embed/lU8XncNdww8?ps=play&vq=large&rel=0&autohide=1&showinfo=0","https://i.ytimg.com/vi/lU8XncNdww8/hqdefault.jpg","A Crypto.com tem a confiança de mais de 150 milhões de usuários. Negocie com segurança, com certificações de segurança e conformidade de ponta.<br><br>Negociação de Criptomoedas<br><br>● 	Negocie BTC, ETH, SOL, CRO, XRP, e mais de 400 criptomoedas<br>● 	Compre e venda criptomoedas populares, incluindo Bitcoin e Ethereum, com BRL ou cartão de crédito.<br>● 	Configure compras recorrentes de criptomoedas diariamente, semanalmente ou mensalmente utilizando ferramentas de negociação fáceis de usar.<br><br>Apresentamos o Level Up renovado, com zero taxas de negociação* e planos de assinatura a partir de US$3,99/mês.<br><br>Além disso, obtenha benefícios em Cripto e Cartões.<br><br>Principais alterações:<br><br>Benefícios aprimorados: aproveite taxa de negociação zero* e vantagens exclusivas em Cripto e Cartões.<br><br>Mais acessível: planos de assinatura a partir de US$ 3,99/mês.<br>Estrutura simplificada: agora, apenas três planos claros — Plus, Pro e Private.<br><br>Flexibilidade total: Assine o plano anual e testre grátis por 30 dias.<br> <br>* Podem ainda aplicar-se outras taxas de transação e spread.<br>**Disponibilidade e termos sujeitos a termos legais e restrições de jurisdição. Consulte o website da Crypto.com da sua região para saber mais.<br><br>Cartão Global Crypto.com - Até 5% de cashback em CRO em todas as compras<br><br>● 	Carregue com dólares digitais (USDC) - e outras criptos - e gaste sem incidência de IOF<br>● 	Reembolsos de assinatura em streamings de música, filmes e compras*** com cartões selecionados.<br>● 	Acesso a mais de 1400 salas VIP em aeroportos com cartões selecionados.<br>● 	Aceito por mais de 80 milhões de estabelecimentos em 200+ países e territórios <br><br>Crypto.com Pay<br><br>● 	Pague com mais de 30 criptomoedas, incluindo BTC, ETH, CRO e DOGE, e ganhe recompensas.<br><br>***Estas ofertas são fornecidas pela Crypto.com de forma independente, sem parceria com comerciantes. A Crypto.com reserva-se o direito de as modificar a qualquer momento.<br> <br>A disponibilidade dos produtos e serviços na App Crypto.com e quaisquer funcionalidades específicas de tais produtos ou serviços está sujeita a limitações jurisdicionais e aos termos e condições aplicáveis. A Crypto.com pode não oferecer determinados produtos, funcionalidades e/ou serviços na App Crypto.com em certas jurisdições devido a restrições regulamentares potenciais ou efetivas.<br><br>A App Crypto.com é oferecida no EEE pela Foris DAX MT Limited, uma empresa constituída em Malta com o número de registo de empresa C 88392 e sede registada no Level 7, Spinola Park, Triq Mikiel Ang Borg, SPK 1000, St. Julians, Malta, operando sob o nome Crypto.com e autorizada pela Autoridade de Serviços Financeiros de Malta como Prestador de Serviços de Criptoativos nos termos do Regulamento 2023/1114 sobre Mercados de Criptoativos conforme implementado em Malta pela Lei dos Mercados de Criptoativos para prestar os seguintes serviços: 1. Troca de criptoativos por fundos; 2. Troca de criptoativos por outros cripto-ativos; 3. Receção e transmissão de ordens de criptoativos em nome de clientes; 4. Execução de ordens de criptoativos em nome de clientes; 5. Serviços de transferência de criptoativos em nome de clientes; e 6. Custódia e administração de criptoativos em nome de clientes.<br><br>O cartão pré-pago Visa da Crypto.com é emitido e promovido pela Foris MT Limited ao abrigo da sua licença de Membro Principal Visa (emissão). A Foris MT Limited é uma sociedade de responsabilidade limitada constituída em Malta, com número de registo de empresa C 90348 e sede registada no Level 7, Spinola Park, Triq Mikiel Ang Borg, SPK 1000, St. Julians, Malta, devidamente autorizada pela Autoridade de Serviços Financeiros de Malta como Instituição Financeira licenciada para emitir moeda eletrónica ao abrigo do 3.º Anexo da Lei das Instituições Financeiras (Instituições de Moeda Eletrónica).<br><br>Quaisquer outros produtos ou serviços oferecidos e anunciados no website ou na App Crypto.com são fornecidos por outras empresas do grupo e não se enquadram nos serviços regulamentados da Foris DAX MT Limited.","","","","","","{}","False","False","","[]","","","co.mona.android","","","","","","","","","","","","","","","","","","",""
"App Store (Google Play)","app","cripto","App cripto Ledger Wallet™","","","","","","2025-12-12 05:16:04","","","","","","","","","","","","","","","","","","","","","","","","","","","","","","","","","","","","","","","","","","","","","","","","","","","","","","","","","","Ledger","4.7","0.0","0.0","1.000.000+","0.0","","Finanças","","","","https://play-lh.googleusercontent.com/mHjR3KaAMw3RGA15-t8gXNAy_Onr4ZYUQ07Z9fG2vd51IXO5rd7wtdqEWbNMPTgdqrk","","['https://play-lh.googleusercontent.com/zRcAeI-YEkRQXlCRKXr3ATvpmRsiZHl5HDt-CQIf2axBOtOkQTWzfJDTjYCOBVPAzv_yjiJ-OG_nW5THDO-n', 'https://play-lh.googleusercontent.com/hE08f3Kiyg8Ebp0NFDEoqzbXpnkg_SuL2UQrIcqGioNxXQ7PNxm-3IgsdLLeAM1mMM68zBomjzbkJItd1JmuBw', 'https://play-lh.googleusercontent.com/7fx0v3POm54YE-0tb2qjtNXBceE_buLs6EcqaINvMrh1gaoAeSWVCpY8DIo4MdIjX-TiEsImTL2tpUuEeLk3Ng', 'https://play-lh.googleusercontent.com/AfYmrAMEcDtF19OvKp8U6vjpJk88TJXMRANz0gO5UcZf2Bf-LG0RuN9cm1P3KBsizsHvo_z99EDm5roxdlXMjA', 'https://play-lh.googleusercontent.com/4z--yMXac9dGhRUu9V3o5Pi33FbNk3jnsLlO1e-URV3IleJgZyRJ9PAveSH1huuz5Nt9NUbwwsUXom61S-8TVA', 'https://play-lh.googleusercontent.com/C7IyU0eJ2PPnh2_utaUFLL-5h64vvWqvpoQFricAulWhLDzSS3nbx4FdsDh9wdV1jlREty36zyxPZtMoYFCW', 'https://play-lh.googleusercontent.com/lgrz-52H_4nwP4HGh-2wdrZ8qSnbIIdL9rco8M04DY5cRfs3XDP6MNvOJZriaj3TTy3rcVipG0kh7Mw7_0mBySo', 'https://play-lh.googleusercontent.com/S0WTUDzC1auwGQh8l2coICMblqbtmUsfqb2GILuCchfPz8D2xQ6Me4O93QvFwTfrYKZSLUOYijv9kibobDUm', 'https://play-lh.googleusercontent.com/JdWKFMYQWxpGUCy03FdNZwn9ROXn2-TeXYJsEWbXG_eOhJpLSpjiezRvwAwDlMmnAjSjlNmhEc5CgGB-ggQtlkk']","https://www.youtube.com/embed/0_5P8WH2ToY?ps=play&vq=large&rel=0&autohide=1&showinfo=0","https://i.ytimg.com/vi/0_5P8WH2ToY/hqdefault.jpg","O app de carteira de criptomoedas completo<br>Faça mais com sua cripto de um jeito fácil e seguro. Antes conhecido como Ledger Live™, esta solução completa oferece a você simplicidade e segurança para gerenciar uma seleção cada vez maior de ativos digitais em um único ecossistema. Mais do que à prova de hacking, esta é a solução cripto completa para enviar, receber, comprar, vender, trocar, fazer staking e usar cripto cotidianamente, desfrutando da real propriedade e controle.<br><br>Segurança incomparável confiada por milhões<br>Junte-se à comunidade global que utiliza este app diariamente para acessar serviços e provedores. Combinado a um dispositivo hardware Ledger, agora chamado de autenticador, suas chaves privadas ficam offline e protegidas pelas inovações de segurança mais recentes, incluindo a Assinatura Transparente e o Transaction Check.<br><br>Visão 360º com insights em tempo real<br>Monitore as tendências do mercado e o seu portfolio visualizando todos os seus ativos e opções. Gerencie transações cross-chain facilmente. Tome decisões informadas para otimizar sua rentabilidade com alertas de preço oportunos. Compare taxas e condições de pagamento. Escolha o melhor momento e provedor de serviços para cada decisão com clareza.<br><br>Seu portal para a liberdade financeira<br>Você decide se, quando e como você quer agir, entre milhares de moedas e tokens incluindo BTC, ETH, XRP, USDT, USDC, SOL e mais*. Aproveite os agregadores CEX e DEX mais populares. Use recursos avançados como bridges e proteção MEV para descobrir oportunidades e gerenciar riscos com eficiência. Escolha entre diferentes provedores de serviços confiáveis com preços competitivos.<br><br>Multiplique seu portfolio<br>Coloque sua cripto para trabalhar fazendo staking de ETH, SOL, ATOM, DOT, TON, stablecoins e mais** com provedores confiáveis como Lido, Kiln e Figment, enquanto mantém total controle sobre suas chaves privadas e sua carteira cripto. Personalize sua estratégia de rendimentos, minimize riscos e maximize o potencial de ganhos.<br><br>Compre com cripto no mundo todo***<br>Converta cripto instantaneamente para moedas locais ao finalizar compras, compre em 90 milhões de lojas físicas e online. Ganhe cashback de forma flexível. Escolha o cartão que melhor se adequa ao seu estilo de vida e suas prioridades. Use cripto como garantia com taxas a partir de 0%.<br><br>Explore as DeFi<br>Expanda seu horizonte na Seção Explorar onde você pode navegar por uma seleção de DApps em um espaço transparente e livre de censura. Faça mais com estas ferramentas poderosas no espaço seguro Ledger.<br><br>Exiba suas artes digitais e colecionáveis<br>Construa sua galeria pessoal de NFTs. Compre, venda, crie e organize seus NFTs em marketplaces especializadas.<br><br>Criptos compatíveis*<br>Bitcoin (BTC), Ethereum (ETH), Solana (SOL), Ripple (XRP), Binance Coin (BNB), Tether (USDT), USD Coin (USDC), Dogecoin (DOGE), Tron (TRX), Cardano (ADA), SUI, Chainlink (LINK), Avalanche (AVAX), Stellar (XLM), Bitcoin Cash (BCH), The Open Network (TON), Shiba Inu (SHIB), Hedera (HBAR), Litecoin (LTC), Polkadot (DOT), PEPE, AAVE, Uniswap (UNI), Polygon (POL) (antiga MATIC), Ethereum Classic (ETC), Cosmos (ATOM), Aptos (APT), Cronos (CRO), Quant (QNT), Algorand (ALGO) e muito mais, além de todos os tokens ERC-20 e BEP-20.<br><br>Compatibilidade****<br>App Ledger Wallet™, antigo Ledger Live™, é totalmente compatível com todos os autenticadores Ledger via Bluetooth®.<br><br>*Os serviços de transação de criptomoedas são fornecidos por provedores terceirizados. A Ledger não dá conselhos nem recomendações sobre como usar esses serviços de terceiros.<br>**Use os serviços de staking por sua conta e risco. *Recompensas não são garantidas.<br>***Sujeito à disponibilidade no seu país.<br>****Sujeito à alterações.<br>**** LEDGER™ LEDGER WALLET™ LEDGER LIVE™ LEDGER STAX™ LEDGER FLEX™ LEDGER NANO™ são marcas registradas da Ledger SAS. A fonte e logos Bluetooth® são marcas registradas da Bluetooth SIG, Inc. e qualquer uso dessas marcas pela Ledger ocorre sob licença.","","","","","","{}","False","False","","[]","","","com.ledger.live","","","","","","","","","","","","","","","","","","",""
"App Store (Google Play)","app","cripto","Carteira DeFi Bitcoin e Cripto","","","","","","2025-12-12 05:16:04","","","","","","","","","","","","","","","","","","","","","","","","","","","","","","","","","","","","","","","","","","","","","","","","","","","","","","","","","","Bitcoin.com Developer","4.6","0.0","0.0","10.000.000+","0.0","","Finanças","","","","https://play-lh.googleusercontent.com/UR2llx50nIVzw1l8OMZ2feCjyb4HOYtENKRG-9Ep4xSHpPTbVuG1875s3oqBzVGVQtSH","","['https://play-lh.googleusercontent.com/xThCeJNdomn03x4mLX_oAWR7V13mmMvmJscuMleUQlJAkGCYesVoa9Uagp15x_xAMeA0SpGH0kelRweFknTRNrA', 'https://play-lh.googleusercontent.com/WkzVjz59SpZYPzUE0RM68HXWpIGE6PzYZQJC1AydaEVYy0pWGkL2kfTXSjYa9xvqS3AHkzJrULZFV_TxuW6_Yw', 'https://play-lh.googleusercontent.com/Fn8FwHdTWpIpJmmvBziBpPqEW_cwTH-csMnqYbNBP8ixyCJR0AixwoZ0C0mXfnET9levwJQmjGVCK9s-txVaLA', 'https://play-lh.googleusercontent.com/RIXRFYnaknZiJCd359oQQq6Fx0KmWyRs6otZ4jWuD4SsnPIEP5lxL_CUxiWD7fUwrRDOiKdnxuGOIY9kJDWuEg', 'https://play-lh.googleusercontent.com/ljGug5STXuITT6CbxGBhveGe_zMMCfx7sX6JtY0VymcWbgnxrUVHll6pOdfXHEVVE3F2Ls6zYXcYbZwu8Xzv_w', 'https://play-lh.googleusercontent.com/8hvPNUa6O1RRTCeqE4hrpkZdMBmhnQ-_6XHrfrJRPenN54gm9GhwK1L_gqBknie5K5nESmOBcFTfCaSlLWd2CQ', 'https://play-lh.googleusercontent.com/0XjcQlTXP0Xe5RcoNXepiKQWK92vOw8NouvrIcV6ecUvq4jv_2kt3nC0fWKUNgFiAhy0R0HfEZHM4ANEP-WI', 'https://play-lh.googleusercontent.com/8d_vuki4uXyMdn8Qlcz0Ea814pFxVFMUvK1B1JMyVGRa1R7kuXaCUndcUuekTyTGa5o']","https://www.youtube.com/embed/LoVXK6_l9sA?ps=play&vq=large&rel=0&autohide=1&showinfo=0","https://i.ytimg.com/vi/LoVXK6_l9sA/hqdefault.jpg","Bitcoin.com Wallet: Sua Carteira DeFi de Bitcoin e Cripto com Autocustódia<br>A carteira multichain mais segura e fácil de usar que dá a você controle total sobre seus ativos.<br><br>Compre, venda, envie, receba e troque criptomoedas populares:<br>Bitcoin (BTC), Bitcoin Cash (BCH), Ethereum (ETH), Avalanche (AVAX), Polygon (MATIC), BNB Smart Chain (BNB), ZANO, fUSD e tokens ERC-20 selecionados. Pague com cartão de crédito, Google Pay e muito mais. Compatível com stablecoins como USDT, USDC, DAI, fUSD e outras.<br><br>Principais recursos:<br><br>Carteira cripto com autocustódia<br>Você controla suas chaves privadas e seus ativos — nem mesmo a Bitcoin.com pode acessá-los. Sem custodiante, sem bloqueios, sem risco de terceiros. Transfira suas criptos para qualquer carteira a qualquer momento.<br><br>Carteira DeFi não custodial<br>Conecte-se a DApps no Ethereum, Avalanche, Polygon e BNB Smart Chain usando o WalletConnect. Acesse as finanças descentralizadas: ganhe rendimento, forneça liquidez, empreste, tome empréstimos e interaja com DAOs e marketplaces de NFTs.<br><br>Compatível com multichain e cross-chain<br>Gerencie ativos em várias blockchains em um só aplicativo. Troque facilmente entre cadeias e acompanhe seu portfólio multichain.<br><br>Acesso rápido e seguro<br>Proteja sua carteira com impressão digital, Face ID ou PIN. Funciona perfeitamente em dispositivos Android. Ideal para pagamentos do dia a dia e armazenamento de longo prazo.<br><br>Backup em nuvem ou frases-semente manuais<br>Faça backup na nuvem com uma única senha mestra ou guarde suas frases-semente manualmente, como preferir.<br><br>Taxas de rede personalizadas<br>Defina suas próprias taxas de gás. Pague mais por velocidade ou economize quando não tiver pressa. Funciona com Bitcoin, Ethereum e todas as cadeias compatíveis.<br><br>Blockchains de baixo custo para DeFi e pagamentos<br>Use Bitcoin Cash, Polygon e BNB Smart Chain para pagamentos P2P, negociações e contratos inteligentes com taxas mínimas.<br><br>Suporte para ZANO e fUSD<br>Envie, receba, armazene e gerencie ZANO — o token nativo da blockchain Zano voltada para privacidade. Use tokens como fUSD (stablecoin privada) para pagamentos anônimos e sem censura. O Zano utiliza assinaturas em anel, endereços furtivos e memorandos criptografados por padrão.<br><br>Suporte para Ethereum, Avalanche, Polygon e BNB Smart Chain<br>Compre, venda, troque e gerencie ETH, AVAX, MATIC, BNB e seus tokens. Acesse protocolos DeFi rápidos, jogos NFT, trocas de baixo custo, yield farms e contratos inteligentes quase sem taxas de gás.<br><br>Carteiras multisig para equipes e famílias<br>Crie carteiras com múltiplas assinaturas para acesso compartilhado. Ideal para DAOs, poupanças familiares e tesourarias de empresas.<br><br>Widgets ao vivo<br>Adicione widgets de preços de criptos em tempo real à tela inicial.<br><br>Visão de mercado<br>Acompanhe preços, valor de mercado e volume das principais criptos como Solana, DOGE, SHIB, XRP e outras.<br><br>Notas e etiquetas<br>Adicione notas às transações para contabilidade, lembretes ou registros compartilhados.<br><br>Envio via redes sociais<br>Envie Bitcoin Cash pelo Telegram, WhatsApp, Messenger, SMS ou e-mail — mesmo para quem não tem carteira. Eles resgatam com um clique.<br><br>Descubra ferramentas cripto<br>Encontre comerciantes que aceitam cripto, compre cartões-presente, explore jogos blockchain, teste DApps e descubra recursos Web3.<br><br>Exibição em moeda local<br>Veja saldos em BRL, USD, EUR, GBP, JPY, INR, NGN, PHP, AUD e mais.<br><br>Auditada e confiável<br>Auditada de forma independente pela Kudelski Security. Suas chaves e dados estão seguros.<br><br>Confiada por milhões<br>Junte-se a mais de 70 milhões de usuários e assuma o controle da sua vida cripto. Seja Bitcoin, DeFi, NFTs, stablecoins ou tokens de privacidade como o ZANO — esta é sua carteira Web3 completa.","","","","","","{}","False","False","","[]","","","com.bitcoin.mwallet","","","","","","","","","","","","","","","","","","",""
"App Store (Google Play)","app","cripto","OKX: Cartão 0 IOF, BTC, Cripto","","","","","","2025-12-12 05:16:04","","","","","","","","","","","","","","","","","","","","","","","","","","","","","","","","","","","","","","","","","","","","","","","","","","","","","","","","","","OKX","4.5","0.0","0.0","10.000.000+","0.0","","Finanças","","","","https://play-lh.googleusercontent.com/nqr8Q4Yh7p4Fm-Mz18a54onRyBu864g2ncOhtMh9gf8cyEXTAzGpBtZ3un8dROaF2To","","['https://play-lh.googleusercontent.com/ZpJ_SYPDr_GM-kSnAwHWI7YPv-2dT8KiE4nEbkNaE8oiktGcJBk93zmT5YHFdmreTiwXGoiMj5_u_FTTIHlDdQ', 'https://play-lh.googleusercontent.com/tuvZrEH8t_uYxtFLTTlsafJqvPIkBE7gGOeafaICdw23tpRqUDk_rQ6tUhuINTZI7yyKCzb2YtGESSsIM7t2zg', 'https://play-lh.googleusercontent.com/N_kCg1RL0FGNjm2q3R5VnGsIVOxfSWhoWHaZjV9i0oO3o_oKk3JU4TAUF3pSc6vMc2plNPdVlN805Cuvwm_q', 'https://play-lh.googleusercontent.com/TVpzFRJTFOly7h3LmuuDgZkcX8L-QZsGECUNL5Mj3JdTSVgA4xM3DHF4nqW0PTbgisrmVnolQotpgO00iokoZQ', 'https://play-lh.googleusercontent.com/p62ATTyKnZLpKLswVeRHjlPlWkIFjELwLoQp2eHTSpCCKI5tFWbjzgMKzEJ2lcNN0DCJwfuCSYQCRH0gSKzi', 'https://play-lh.googleusercontent.com/n0DVdkZTVKnURYFWHKfxfoSOGLhiEIwG2qyWL1EMxULo8EpzAs6uvhhCkNO-V4XeX4vNPQS8rLH4Ld0f7x5c', 'https://play-lh.googleusercontent.com/cNEsVcvtK2MEziGJXwLIM4h2Ldo3Sk0GZBjKXiZYm2DdaxJ4bP-fqhCxZou_pgAZYNx7JsccLhCM0mrH3uZhYXw', 'https://play-lh.googleusercontent.com/a701u4K_vjbMJ5HbAILySBisxAlCeAblLU5AZecz0uPm9Yh--HUzDcxX0s471dNlX9NN7MxpKgCpbvVTl0jGDw', 'https://play-lh.googleusercontent.com/IF7TKniVDd9R_7nWIRhY-9L_0EPgojyrSxpZmhjufystHr2r542-DKi0GnErBYKfpW-s8oRmQfTojadPHNNP', 'https://play-lh.googleusercontent.com/Hc4WdsRTCTJwLYj_2I7ucT0VldwpoX9Z5RlphWa4B5QrbxjhM74ox_dmgeUk3odLN8MlGfgC7zSGOQKuCKJn', 'https://play-lh.googleusercontent.com/Kf6ajtK99rI3Lhj0mRnHKlSgizeZhJ-KHDyyfy8fyyo6GuiHanxSmAycwLZZ3HCVkVHJHM98Zh20uZff6Rcp7w', 'https://play-lh.googleusercontent.com/vBKGMH8kS7HHE6bTxqsel_qxLKVhRUMYahJs0z-Q4OYNw4ptB8E30fmIwX7GBiuQ5JZrQFiJP-1AiXcc8d8UHQ', 'https://play-lh.googleusercontent.com/58dZMIG9iKBwZ5ip8YAqD2OnWIHiv0bjvzG6n8vRA4S3_xhzM2-g0oLU9RFr49RryqKg1KqRQiB5jxMg7rwGiw', 'https://play-lh.googleusercontent.com/OYl4U6z_kwTCt-bvTJtKPuqV3uCvxwhzCMBNumgc6aG5E0hvjQRQLxfHQH4SHAgrTEGyphsCFPWPxW2Wu5a7', 'https://play-lh.googleusercontent.com/dESxgUtwqvtCHKetKkXjCpDScaNq2uV9dEMMDp8-ovwrtu0OviBz3RmY6d4YJ1xTYYXUwU3BrHELh87MLpLmJg', 'https://play-lh.googleusercontent.com/W7toT5jLkov8f-oRcLFXmNjfIJW9wf2wpdk1SShsM5I27_pemf9mPQ7BKrhiSh2VlLg', 'https://play-lh.googleusercontent.com/gbzENm9-0QuKuymOTo6DdyP1aifu5uJLBpW_1FOvxK24E6yV2hpoe8Fvcv_IPJYqtcak', 'https://play-lh.googleusercontent.com/G9j4cupxzRq7UnBxURoUo8mnkVWd-4eoaKtMGW5KfeFKVxyhYkwQA_ljU_TmAywgx-I', 'https://play-lh.googleusercontent.com/bwVNdaABc8ODXxlJmKf0IYJgDwp6qBi6lGGpiSXkbPsCEJezPSVEcEjJDtuznW8FGHRo', 'https://play-lh.googleusercontent.com/v8i5uGIlBgjZv5wEsmnr1GvmlT2WeRFvcBrMuSCDlkbAIhdtkuUr0RUwX3xn6wPYID0', 'https://play-lh.googleusercontent.com/STVecw4am9eb9V1sLuM2LfjQ3swHFmsvSI5ZWJqXY7G7q3Gz9UJHRTLoCyOTYLoWPkU', 'https://play-lh.googleusercontent.com/f8ol333UcrhhEMm3vdg2XH9YEVUzwcLfbfaf8vih5zW7u0Rg9vwW8byN0wsWkul5XxTk']","https://www.youtube.com/embed/M2uOmtzo0E0?ps=play&vq=large&rel=0&autohide=1&showinfo=0","https://i.ytimg.com/vi/M2uOmtzo0E0/hqdefault.jpg","Tudo o que você precisa para comprar e investir em criptomoedas como bitcoin (BTC) com segurança, rapidez e praticidade no Brasil — agora com a nova conta digital em dólar da OKX e o Cartão OKX, aceito no mundo todo.<br><br>Com o app da OKX, uma das maiores exchanges de criptomoedas do mundo, você pode comprar bitcoin no Brasil, investir em ethereum (ETH), negociar USDT, USDC e milhares de criptoativos. Mais de 100 milhões de usuários em 160 países já confiam na OKX. Reconhecida pela TradingView como “Tecnologia Mais Confiável”, a OKX é a corretora de criptomoedas segura para iniciantes e traders experientes.<br><br>PRINCIPAIS FUNCIONALIDADES<br> Comprar e vender bitcoin (BTC) e mais de 200 criptomoedas em segundos.<br> Investir em Ethereum (ETH), stablecoins como USDT e USDC, e milhares de tokens.<br> Negociar cripto no Brasil com taxas baixas.<br> Comprar criptomoedas via PIX, sem taxa de depósito ou saque<br> Usar o OKX Pay: envie e receba cripto e stablecoins instantaneamente, direto da sua conta digital em dólar.<br> Cartão OKX: pague em qualquer lugar do mundo sem IOF, sem taxas de câmbio e sem travas.<br> Ganhar rendimentos com staking de bitcoin, ethereum e outras moedas.<br> Explorar DeFi, NFTs, Ordinals e Inscriptions no mesmo app.<br> Negociação inteligente com IA e algoritmos de automação.<br> Ferramentas avançadas de trading com gráficos da TradingView.<br> <br><br>OKX PAY E CARTÃO OKX<br>Com o OKX Pay, você tem uma conta global em dólar digital, feita especialmente para brasileiros.<br> Sem IOF e sem taxas ocultas.<br> Gaste com o Cartão OKX, aceito em milhões de estabelecimentos no mundo inteiro.<br> Proteja e renda seu dinheiro em dólares digitais com até 10% APY anual.<br> Envie, receba, guarde e gaste seus dólares digitais de forma simples, rápida e 100% integrada ao app da OKX.<br> <br><br>SEGURANÇA E TRANSPARÊNCIA<br> Prova de reservas 1:1: cada depósito é 100% garantido.<br> Carteiras auditáveis em blockchain, com total transparência.<br> Tecnologia multi-sig e auditoria da Certik, referência em segurança blockchain.<br> <br><br>POR QUE ESCOLHER A OKX NO BRASIL<br> Depósito e saque via PIX, sem taxas.<br> CNPJ e entidade local brasileira para mais confiança.<br> Suporte em português 24h.<br> Plataforma intuitiva para iniciantes e completa para traders profissionais.<br> Parceira oficial do Manchester City e patrocinadora da McLaren F1 — confiança global, agora também no Brasil.<br> <br><br>NEGOCIE OS PRINCIPAIS CRIPTOATIVOS<br>Na OKX, você encontra os criptoativos mais buscados:<br> Bitcoin (BTC), Ethereum (ETH), Tether (USDT), USD Coin (USDC), Solana (SOL), Dogecoin (DOGE), Polygon (MATIC), Binance Coin (BNB), Chainlink (LINK), Avalanche (AVAX), Polkadot (DOT), Shiba Inu (SHIB), Tron (TRX), Ripple (XRP), Pepe (PEPE), Sui (SUI), World Liberty Financial (WLFI) e muitos outros.<br><br>SOBRE A OKX<br>A OKX é uma das maiores plataformas de criptomoedas do mundo, oferecendo segurança, liquidez e inovação. Nossa missão é simplificar o acesso ao universo cripto e à economia digital global, com soluções como o OKX Pay e o Cartão OKX, que permitem gastar e guardar seus dólares digitais sem IOF.<br>Com tecnologia avançada e compromisso com a segurança, a OKX é sua parceira confiável para investir, enviar e gastar cripto no Brasil e no mundo.","","","","","","{}","False","False","","[]","","","com.okinc.okex.gp","","","","","","","","","","","","","","","","","","",""
"App Store (Google Play)","app","cripto","MEXC: Compre Bitcoin e Cripto","","","","","","2025-12-12 05:16:04","","","","","","","","","","","","","","","","","","","","","","","","","","","","","","","","","","","","","","","","","","","","","","","","","","","","","","","","","","MEXC Ltd","4.7","0.0","0.0","10.000.000+","0.0","","Finanças","","","","https://play-lh.googleusercontent.com/nwTKN5i_FrGt2zmWDhaqNoPjS2N7e4gaxa2H09dl9_4FTve103brHDEPeAr_kwTxF40","","['https://play-lh.googleusercontent.com/sMpLd2Y3fnbGNuHLxrysAsvGtDikJIzO4Hr2N4w4N03wM8SHUM-wtL2NMhnHzsx1a5U', 'https://play-lh.googleusercontent.com/rsl7bFRsCguTdqFJbbENckHBn2uom8aI8IrEZIQy89uDw-PvpRyw8-QAqI2oW95-pA', 'https://play-lh.googleusercontent.com/n3auPE86ZOrpK5hE7WH49LJ6cttRIdu-Irirsr_yANhtHNaNqTCEC1dOadCOrB8S1w', 'https://play-lh.googleusercontent.com/6EeHgBTaBM1aH_6Z-cBp-1THr8crLP09IBgnaAKrMV-uKmZDE9-yz7F1foJpfKzSZyc', 'https://play-lh.googleusercontent.com/i2KdNrFUSlmb1BQIP-02ReZ31QI4C44I6nHypNhQJuFh6fthnvRzAU6byz-4ILPQtg', 'https://play-lh.googleusercontent.com/5m_OJIp3WF2l7spuM_HRsr6ZBYYm6vtnEHEnl_yDU2X6fTM0_ytYaFTHfiD4cKEyDXA', 'https://play-lh.googleusercontent.com/VVi2EtFuwb3JQppsdxPMsXfWmf3CBUfy7D57KncK_MXt7FRAfVQbGeCXfAyv07stuy4', 'https://play-lh.googleusercontent.com/YHnOYVI90aMsPEeE58dnp9V2vryjoQGxC4Wf8k0CvJByfxHrUlATLyl32hXHOav2LA', 'https://play-lh.googleusercontent.com/QWAfaiuRlY8wTjCSStZ267UCaeVpcvHvkQ8ZLnxAw07wDtc5N7WJ1Ku3CgMYevfsgMY']","https://www.youtube.com/embed/NfjMlUYhQjo?ps=play&vq=large&rel=0&autohide=1&showinfo=0","https://i.ytimg.com/vi/NfjMlUYhQjo/hqdefault.jpg","MEXC é uma das principais exchanges de ativos digitais do mundo. Com as taxas mais baixas do setor (taxas zero), a maior variedade de pares de negociação (mais de 3,000) e um motor de negociação seguro e confiável, a MEXC oferece uma experiência de negociação de primeira classe, conquistando a confiança de mais de 40 milhões de usuários globalmente. A MEXC torna as negociações mais eficientes e simples!<br><br>Na MEXC, você pode obter:<br>- Mais pares: Mais de 3,000 pares de negociação listados, permitindo que você aproveite ao máximo as oportunidades de riqueza.<br>- Menores taxas: Taxa de maker 0 para negociação no spot e em futuros, com taxas de taker entre 1bps–2bps.<br>- Melhor profundidade de mercado: Liquidez líder no setor para spreads menores, negociação mais estável e execução mais rápida.<br>- Maiores retornos: Recompensas de até $8,000 para novos usuários, e rendimento de até 60% para quem segura MX.<br>- Segurança garantida: A cada dois meses, a plataforma publica seus ativos de reserva e a proporção de reserva.<br><br>1. Grande variedade de criptomoedas<br>Explore mais de 3,000 ativos cripto, incluindo Bitcoin (BTC), Ethereum (ETH), Solana (SOL), Ripple (XRP), Tether (USDT), MX Token (MX), Dogecoin (DOGE), Shiba Inu (SHIB), PEPE (PEPE), Notcoin (NOT), Toncoin (TON), USDC (USDC), Binance Coin (BNB), People DAO (PEOPLE), Chainlink (LINK), Cardano (ADA), Polkadot (DOT), Decentraland (MANA), Gala Games (GALA), Polygon (POL) e mais.<br><br>2. Taxas 0 de negociação<br>- Negociação Spot: Taxas maker 0 e taxas taker entre 1bps–2bps.<br>- Negociação de Futuros: Taxas maker 0 e taxas taker entre 1bps–2bps.<br>- Faça hold de mais de 1,000 MX: Desfrute de taxas de taker de 1bps (aplicável à negociação spot e futuros).<br>- P2P: Transferências bancárias e mais de 30 opções, com taxa 0 para negociação P2P.<br><br>3. Liquidez líder no setor<br>Nos mercados de futuros e spot, o volume negociável no preço médio ±0,05% (5 bps) é significativamente superior ao dos concorrentes. Isso resulta em spreads menores, negociação mais estável e execução mais rápida.<br><br>4. Retornos estáveis<br>- Ganhe tokens negociando: Participe do evento diário M-Day—quanto mais você negociar, mais você ganha.<br>- Rendimentos com MX: Faça hold de MX e aproveite rendimentos de até 60%.<br><br>5. Garantia de segurança<br>Não poupamos esforços para proteger a segurança de seus fundos. A MEXC publica suas reservas de plataforma e a proporção de reserva a cada dois meses. Você pode verificar as proporções de reserva para Bitcoin (BTC), Tether (USDT) e Ethereum (ETH), entre outros.<br><br><br><br>Junte-se à vibrante comunidade de traders da MEXC:<br>X: https://x.com/MEXC_Official<br>Facebook: https://www.facebook.com/mexcofficial<br>Instagram: https://www.instagram.com/mexc_official/<br>Telegram: https://t.me/MEXCPortugal","","","","","","{}","False","False","","[]","","","com.mexcpro.client","","","","","","","","","","","","","","","","","","",""
"App Store (Google Play)","app","cripto","Blockchain.com Wallet: Cripto","","","","","","2025-12-12 05:16:04","","","","","","","","","","","","","","","","","","","","","","","","","","","","","","","","","","","","","","","","","","","","","","","","","","","","","","","","","","Blockchain.com","4.6","0.0","0.0","10.000.000+","0.0","","Finanças","","","","https://play-lh.googleusercontent.com/CcboHyK1Id9XQWa8HXb_81Rvgqy7J816OHiTcGlezcwC-tx4cnrrXPx1x6cR0PowqA","","['https://play-lh.googleusercontent.com/B9EnAFElrXGGrigCiPwiygR1rYJcwfTCJ2S5uAJrf0nV0Pj41HOrcDKMuo2p1ij8jT6msRhvfnHy96yoFzfw', 'https://play-lh.googleusercontent.com/8mFA5vxgTkSnenLgcs7Df07tDXl3t06244a07BsUCnxj5UkbkOX79fdZE_qMSEKMAIOklikyArsduDDjYmnE', 'https://play-lh.googleusercontent.com/b7dkvbXTPGW5vDJVAgYX8hlOXawI4qiokBZ-GzloQa11NVFh0_2W_eHLxFytKOSeQc0T25ZLXCq5DyMUQJpu6g', 'https://play-lh.googleusercontent.com/il1Y_a5SPc4T3IanvMDH8WZfN1fvmCk5NeizSJeJu-QHVK5paW89D_4C0cyVd7nCUAoNvBdVshhZo-Le79rRKeI', 'https://play-lh.googleusercontent.com/N_FrRJkXz9J0_5XZylxt42nzaLqnBA23-PfAqbVNE-i9atf29pyepzokdI9n-wra6S4fFceo3Z0aQ5zKdusdVg', 'https://play-lh.googleusercontent.com/VyKOHRd-OTwnBXO8sc8i2j1ODBYEl8EqRNv8lckRXUDGyDH-MtCMoJXGNUTRi9hM_HY']","","","A Blockchain.com é a plataforma mais confiável do mundo para negociação de criptomoedas, com mais de 60 milhões de wallets criadas e mais de 500 bilhões de euros em volume de transações. A Blockchain.com oferece aos milhões de clientes em quase 200 países a forma mais estabelecida e utilizada de investir em criptomoedas.<br><br>A Wallet Blockchain.com oferece duas opções:<br>Versão não custodial – significa que somente o usuário tem acesso ao seu saldo cripto e às suas chaves privadas<br>Versão custodial – permite ao usuário acessar todas as funcionalidades adicionais, como comprar e vender, trocar uma criptomoeda por outra e transferir para uma conta de juros com até 12% de rendimento.<br><br>A maneira mais popular de comprar, vender e armazenar criptos. A Blockchain.com Wallet permite que você negocie e ganhe juros sem perder o controle do seu dinheiro.<br><br>Sempre que você usa a Blockchain.com Wallet, você também apoia todo o ecossistema cripto, garantindo que a wallet e o explorer permaneçam gratuitos e acessíveis a todos com acesso à internet. Assim como Coinbase, Crypto.com e Binance.<br><br>A Blockchain Wallet oferece tudo o que você espera de uma wallet de criptomoedas: segurança, funcionalidades ilimitadas e uma experiência de usuário líder de mercado. Essa funcionalidade diferencia nossa wallet de outras opções. Baixe nossa app Wallet no seu celular hoje mesmo na Play Store!<br><br>Criptomoedas disponíveis para comprar, vender, armazenar, enviar, receber e trocar:<br>Bitcoin (BTC)<br>Ethereum (ETH)<br>Bitcoin Cash (BCH)<br>Stellar (XLM)<br>ALGO (Algorand)<br>USDT (Tether)<br>wDGLD (Wrapped-DGLD)<br>USD Digital (USDD)<br><br>Adicionamos regularmente novas oportunidades promissoras de investimento, como Ripple, Chainlink, Polkadot e novos tokens DeFi.<br><br>Funcionalidades:<br>Use o Simple Buy para comprar as principais criptomoedas, como Bitcoin e Ethereum<br>Envie e receba ilimitadamente Bitcoin, Ethereum, Bitcoin Cash, Stellar, Algorand, Tether e USD PAX para quem quiser e onde quiser<br>Ganhe até 12% de juros anuais em BTC, ETH, USDT, PAX, XLM e BCH. As taxas de juros variam conforme a criptomoeda. As taxas atuais estão sempre disponíveis em nosso site.<br>Empréstimo instantâneo de USD Digital – receba USD Digital diretamente na sua Blockchain Wallet e use seu saldo em Bitcoin como garantia. A verificação Gold Level é necessária para usar essa funcionalidade.<br>Solicite pagamentos em criptomoedas com facilidade – a qualquer hora e em qualquer lugar (suporte a códigos QR para envio e recebimento)<br>Interface simples e intuitiva para troca de criptomoedas, garantindo uma experiência de usuário fluida e agradável<br>Disponível globalmente e em 8 idiomas<br><br>Mercados:<br>Compre e venda Bitcoin de forma contínua em 36 países e troque criptomoedas pelos principais preços de mercado diretamente de um ambiente seguro na sua wallet<br>Preços em tempo real e gráficos históricos<br>Acompanhe transações e endereços em tempo real pelo nosso inovador Block Explorer<br>As trocas de criptomoedas acontecem on-chain (na blockchain), tornando as transações mais confiáveis e menos sujeitas a fraudes do que transações off-chain<br><br>Tem dúvidas? Nossa equipe de suporte está à disposição em support.blockchain.com ou por meio de nossos canais oficiais nas redes sociais:<br><br>Twitter: @Blockchain e @AskBlockchain<br>Facebook: @Blockchain<br>LinkedIn: /company/blockchain<br>Instagram: @Blockchainofficial<br>YouTube: Blockchain<br>Telegram: https://t.me/blockchain<br>VKontakte: /blockchainru","","","","","","{}","False","False","","[]","","","piuk.blockchain.android","","","","","","","","","","","","","","","","","","",""
"App Store (Google Play)","app","cripto","KuCoin: compre BTC e criptos","","","","","","2025-12-12 05:16:04","","","","","","","","","","","","","","","","","","","","","","","","","","","","","","","","","","","","","","","","","","","","","","","","","","","","","","","","","","KuCoin","4.5","0.0","0.0","10.000.000+","0.0","","Finanças","","","","https://play-lh.googleusercontent.com/dQ9d57qXuaxTEVwMnS6J4qxVsZLSJYSm-X6zKzV-_w7ClLYh8jSe0J83MhSUgy2kuA","","['https://play-lh.googleusercontent.com/QTmKjAoQca0gsDg7Gm3MVUtyYDq9h0KOcuAsQWp0nULcKX4cTRulLd7EiCbErf_6bl84mjrNDiSOkHkhE8XOmg', 'https://play-lh.googleusercontent.com/i9KiCK7B3UyzFf3wARe-7MjTea-7N_OI_1UVQ13hmRQ7SFYmay8RbEQDJjArUX1BBjH5DyEMlWWwKuKcPjFB-w', 'https://play-lh.googleusercontent.com/is30wqZ3x2jjiNZz4DP2cRlov0GtQL3tapUjfEkRsnPKG5QdP2O9q5u3bXrxgsvHipL5hDbZ1huSlDWGzAV2uQ', 'https://play-lh.googleusercontent.com/pQ_9LHrwctNZHTrPaXYODtS0m5QcQvFS3AQjieFQz5Al5PfN4Z4rqqzo0-tud6LOYPgX8S_TBkYgYNrlmRtO', 'https://play-lh.googleusercontent.com/zmRQZV8rHearZmkEsX0S-9LOpA4xHcZc7uX7EqosRQw2ZSka_mY_wxJi4E45i29yzqYCQE_GyYs4klyAu-7y4A', 'https://play-lh.googleusercontent.com/LwT_FE4JDkzZxcKeQ32vPWCLt0rakvDDVnnI3QD07cNtX0FFAlpRUx_J0BrephXBoqFGHPBhlDhGLKHvdC-vh8Y', 'https://play-lh.googleusercontent.com/4kjbaE37mtaorR9XLA434G3uC98BFWHCWs4Z7iYzeGKkmqN2wke-a0Z_PBU8giIqSu0q61GjggPSAYnLZMw6Fqo', 'https://play-lh.googleusercontent.com/b91wb36TeZ_-8PbNfxaAZu1eSeB8XwaVbjEZKVvHzKJomphoaQhpr4vOSrKRR0fpAV-o6FDtKvFs1F_mSJp9_Vg', 'https://play-lh.googleusercontent.com/yzvkeNEvnCU8AWtzp53HHZtky44hwLVCFF4-M7U8iF8EOyXp5r5dw7NhUpVhGIE37lo']","","","&quot;Bem-vindo à KuCoin! Uma das principais corretoras de blockchain e cripto do mundo, com a confiança de mais de 40 milhões de usuários registrados em mais de 200 países e regiões.<br> <br>A KuCoin oferece suporte a mais de 1,000 criptomoedas com mais de 1.200 pares de negociação, incluindo Bitcoin (BTC), Ethereum (ETH), Toncoin (TON), Official Trump (TRUMP), KuCoin Token (KCS), Solana (SOL), Dogecoin (DOGE), Bitcoin Cash (BCH), novas criptomoedas e até memecoins aqui! Mais criptomoedas e moedas tradicionais são continuamente adicionadas e mais de 200 projetos foram listados pela primeira vez na KuCoin.<br> <br>Junte-se a nós e ganhe mais. Convide amigos para negociar na KuCoin para ganhar até 35% de comissão pelas negociações de seus convidados. É o momento perfeito para ganhar dinheiro junto com seus amigos e aumentar sua renda passiva!<br> <br>Aqui estão alguns dos benefícios da KuCoin: <br>● Experimente a nova interface do KuCoin Lite.<br>● Negociar criptomoedas com cartões de crédito e débito é fácil e direto. <br>● Verifique facilmente o valor do seu investimento em criptomoedas. <br>● Taxas baixas para comprar e vender criptoativos. <br>● Ativos de qualidade como BTC e ETH. <br>● Suporta negociação em mais de 50 moedas fiduciárias. <br>● Quanto mais você compra, menos taxas você paga. <br>● Vários produtos para expandir o seu portfólio. <br>● Gerencie seus ativos on-chain utilizando a carteira Web3 e explore tendências de mercado, DApps e muitos outros novos projetos.<br> <br>COMPRE SUA CRIPTO FAVORITA IMEDIATAMENTE  <br>Obtenha seu primeiro criptoativo em menos de 1 minuto. Compre criptomoedas populares de forma fácil e prática, como Bitcoin (BTC), Ethereum (ETH), Tether (USDT), Official Trump (TRUMP), Toncoin (TON), Litecoin (LTC) e USD Coin (USDC), com uma escolha de mais de 70 métodos de pagamento, incluindo cartões de crédito e débito, transferências bancárias, depósitos e saques de moedas fiduciárias, SEPA e muito mais.<br> <br>MÚLTIPLAS OPÇÕES PARA NEGOCIAÇÃO DE CRIPTOMOEDAS<br>A KuCoin oferece serviços de negociação à vista, de margem e de derivativos com vários ativos digitais e criptomoedas, incluindo Bitcoin (BTC), Ethereum (ETH), Official Trump (TRUMP), Toncoin (TON), SHIBA INU (SHIB), Ripple (XRP), Tron (TRX) e muito mais. Explore os produtos da KuCoin com excelente experiência de negociação. <br>● Negociação à vista: Negocie criptomoedas com nosso conjunto abrangente de ferramentas poderosas. <br>● Negociação de margem: Peça emprestado, negocie e pague. Amplie os lucros com alavancagem. <br>● Negociação de futuros: Opere em long e em short. Pequeno investimento, grande retorno: <br>● Convert: 0 taxas para converter moedas. O que você vê é o que você obtém.<br> <br>EXPANDA SEU PORTFÓLIO DE CRIPTO<br>Com o KuCoin Earn você pode gerar renda passiva por meio de empréstimos, staking e diversas ferramentas. Nossos bots de negociação com tecnologia de IA também podem automatizar sua experiência de negociação 24 horas por dia, 7 dias por semana, permitindo negociações de alta frequência e sem interferência de emoções. Economize tempo e energia e obtenha lucros passivos.<br> <br>CARTEIRA WEB3 DA KUCOIN<br>A KuCoin lançou um serviço de carteira Web3 descentralizado e auto-gerenciado que oferece aos usuários uma solução completa para gerenciar seus ativos virtuais.<br>● Dentro da carteira, os usuários podem descobrir livremente novos tokens e monitorar as tendências do mercado.<br>● Explore uma grande variedade de aplicativos descentralizados (DApps), incluindo DEX, DeFi, novos projetos em tendência, GameFi e muito mais.<br> <br>CORRETORA SEGURA E CONFIÁVEL DE CRIPTO<br>A KuCoin atribui grande importância à segurança dos ativos dos usuários e permite que eles negociem com confiança e sem preocupações. Melhoramos e otimizamos continuamente nossos sistemas e plataforma para proteger totalmente nossos usuários em um ambiente em constante mudança.&quot;","","","","","","{}","False","False","","[]","","","com.kubi.kucoin","","","","","","","","","","","","","","","","","","",""
"App Store (App Store)","app","cripto","Crypto.com: Compre Cripto, BTC","","","","","","2025-12-12 05:16:04","https://apps.apple.com/br/app/crypto-com-compre-cripto-btc/id1262148500?uo=4","","","","","","","","","","","","","","","","","","+4","","","","","","","","","","","","","","","","","","","","","","","","","","","","","","","","","","","","","","","Crypto.com","4.7","8390.0","","","0.0","BRL","Finance","","","","https://is1-ssl.mzstatic.com/image/thumb/Purple211/v4/c2/8f/66/c28f6623-a993-1fb4-cc75-fa22617ef851/AppIcon-0-0-1x_U007emarketing-0-6-0-sRGB-85-220.png/512x512bb.jpg","","","","","","","","","","","","","","","","","","1262148500","3.222","2025-12-09T07:09:05Z","Esta atualização inclui correções de bugs e aprimoramentos para melhorar a sua experiência no nosso app.","2025-12-09T07:09:05Z","['https://is1-ssl.mzstatic.com/image/thumb/PurpleSource211/v4/bc/06/d0/bc06d0af-3ff4-a560-4a99-aab88c311df7/0bd0eae7-8fdb-411a-8f3e-4fe3bc47ba45_Home-Small.jpg/392x696bb.jpg', 'https://is1-ssl.mzstatic.com/image/thumb/PurpleSource211/v4/9a/a7/99/9aa7993b-01f0-9abc-5956-22ae28663b67/f880a506-3d3e-4af5-a58f-43a88b3bd6ff_Welcome_Back_Small.jpg/392x696bb.jpg', 'https://is1-ssl.mzstatic.com/image/thumb/PurpleSource221/v4/7a/03/7c/7a037cca-cb4d-1658-6b4e-60bb9cd61ecf/a576cf75-4178-4723-9dc3-bd3719cfaadf_Buy-Sell-Small.jpg/392x696bb.jpg', 'https://is1-ssl.mzstatic.com/image/thumb/PurpleSource221/v4/b2/c0/0d/b2c00dee-8e60-9d6b-999d-52d8c1ad14b6/ab7efc41-7004-4be7-bbe6-570c3a2514ad_Card-Small.jpg/392x696bb.jpg', 'https://is1-ssl.mzstatic.com/image/thumb/PurpleSource221/v4/f6/a6/28/f6a628d0-ca09-ffce-2da3-c82f1e003f59/94635e11-e72c-44f3-8981-d7cca2be189f_Trading-Tools-Small.jpg/392x696bb.jpg', 'https://is1-ssl.mzstatic.com/image/thumb/PurpleSource211/v4/a2/1f/db/a21fdbef-bcb9-95f0-75da-ff2b7e7f4658/b0263da0-619f-4b4e-985a-16f3a8c6d7ea_Rewards_U002b-Small.jpg/392x696bb.jpg', 'https://is1-ssl.mzstatic.com/image/thumb/PurpleSource221/v4/57/42/fa/5742fac7-6b97-8f3c-507b-9b4ea3b19398/57d51248-208d-4507-bdf2-dd1134fd2632_University-Small.jpg/392x696bb.jpg', 'https://is1-ssl.mzstatic.com/image/thumb/PurpleSource211/v4/14/c6/cb/14c6cb6b-3970-7edf-b06a-af1fb1cb1560/5d77052f-4c66-40f1-b5c1-ee82633fcb5a_Missions-Small.jpg/392x696bb.jpg']","[]","[]","1495932756.0","['AR', 'BG', 'HR', 'DA', 'NL', 'EN', 'FR', 'DE', 'EL', 'HI', 'HU', 'ID', 'IT', 'KO', 'NB', 'PL', 'PT', 'RO', 'RU', 'ZH', 'ES', 'SV', 'ZH', 'TR', 'VI']","","[]","{}","","","","","","",""
"App Store (App Store)","app","cripto","Binance: Compre BTC e Cripto","","","","","","2025-12-12 05:16:04","https://apps.apple.com/br/app/binance-compre-btc-e-cripto/id1436799971?uo=4","","","","","","","","","","","","","","","","","","+4","","","","","","","","","","","","","","","","","","","","","","","","","","","","","","","","","","","","","","","Binance Switzerland AG","4.8","152354.0","","","0.0","BRL","Finance","","","","https://is1-ssl.mzstatic.com/image/thumb/Purple221/v4/80/92/4a/80924a99-ad0b-ded2-a751-e09f4be3b738/AppIcon-0-0-1x_U007emarketing-0-8-0-85-220.png/512x512bb.jpg","","","","","","","","","","","","","","","","","","1436799971","3.7.4","2025-12-10T07:42:18Z","Enhancing your P2P trading experience!

- Beginner-friendly P2P ads for easy trading

- Seamless crypto trades with trusted merchants","2025-12-10T07:42:18Z","[]","[]","[]","1436799820.0","['DA', 'EN', 'KA', 'KK', 'PT', 'RU', 'ZH', 'ES', 'ZH', 'TR', 'VI']","","[]","{}","","","","","","",""
"App Store (App Store)","app","cripto","TradingView - Ações e Cripto","","","","","","2025-12-12 05:16:04","https://apps.apple.com/br/app/tradingview-a%C3%A7%C3%B5es-e-cripto/id1205990992?uo=4","","","","","","","","","","","","","","","","","","+17","","","","","","","","","","","","","","","","","","","","","","","","","","","","","","","","","","","","","","","TradingView","4.9","25361.0","","","0.0","BRL","Finance","","","","https://is1-ssl.mzstatic.com/image/thumb/Purple221/v4/dd/d5/df/ddd5dfae-3130-e89e-d436-79e583e67847/AppIcon-0-0-1x_U007epad-0-11-0-0-0-0-85-220.png/512x512bb.jpg","","","","","","","","","","","","","","","","","","1205990992","2.121.0","2025-12-05T04:07:09Z","A nova atualização traz algumas pequenas, mas importantes melhorias:
• O intervalo de datas ""3M"" está de volta na Tela Símbolos
• Adicionamos mais filtros ao menu de Busca de Símbolos","2025-12-05T04:07:09Z","[]","['https://is1-ssl.mzstatic.com/image/thumb/PurpleSource211/v4/84/a1/5d/84a15da9-9aad-a4a9-e106-8a1f5ec37912/33b146c2-af84-44d2-9bcb-7d5e2280444b_1.png/576x768bb.png', 'https://is1-ssl.mzstatic.com/image/thumb/PurpleSource221/v4/e5/fb/10/e5fb108c-a070-4f18-21c5-4b2dc321cfc9/c2d20e06-857e-4eef-9be2-9878d9d141ad_2.png/576x768bb.png', 'https://is1-ssl.mzstatic.com/image/thumb/PurpleSource221/v4/cc/cb/b8/cccbb8d5-0439-ef8f-0aaa-b168020dc282/d2d025f9-b821-4a7c-a48f-adc4d2fc5042_3.png/576x768bb.png', 'https://is1-ssl.mzstatic.com/image/thumb/PurpleSource211/v4/75/fe/e9/75fee966-cbad-d6df-5ed9-45fbe8c6348d/572e13c3-6f67-446f-80b0-7325356dafdf_4.png/576x768bb.png', 'https://is1-ssl.mzstatic.com/image/thumb/PurpleSource221/v4/7e/4a/03/7e4a0353-40a2-4ea9-7e01-cb0f79f189dc/86f72421-c045-4952-8d54-41d380ced618_5.png/576x768bb.png', 'https://is1-ssl.mzstatic.com/image/thumb/PurpleSource211/v4/a7/6c/4c/a76c4c58-9991-fc7b-c983-69bb10d012b4/999ffdbf-afa4-4995-a4cb-d6371eb28bd0_6.png/576x768bb.png']","[]","1205990991.0","['AR', 'EN', 'FR', 'DE', 'HE', 'ID', 'IT', 'JA', 'KO', 'MS', 'PL', 'PT', 'RU', 'ZH', 'ES', 'TH', 'ZH', 'TR', 'VI']","","[]","{}","","","","","","",""
"App Store (App Store)","app","cripto","MEXC: Compre Bitcoin e Cripto","","","","","","2025-12-12 05:16:04","https://apps.apple.com/br/app/mexc-compre-bitcoin-e-cripto/id1605393003?uo=4","","","","","","","","","","","","","","","","","","+4","","","","","","","","","","","","","","","","","","","","","","","","","","","","","","","","","","","","","","","MEXC Fintech, Inc.","4.9","1941.0","","","0.0","BRL","Finance","","","","https://is1-ssl.mzstatic.com/image/thumb/Purple211/v4/9d/ba/91/9dba91df-bd26-f695-524b-71ae039da5bd/AppIcon-Blue-0-1x_U007epad-0-11-0-0-85-220-0.png/512x512bb.jpg","","","","","","","","","","","","","","","","","","1605393003","6.36.0","2025-12-10T01:45:12Z","Esta atualização traz correções de bugs, melhorias de desempenho e uma experiência de usuário aprimorada.
Obrigado pelo seu contínuo apoio à MEXC! Se você tiver alguma pergunta ou precisar de assistência, não hesite em entrar em contato com o nosso Serviço de Atendimento ao Cliente online 24/7 através do aplicativo ou site da MEXC.","2025-12-10T01:45:12Z","[]","[]","[]","1507215293.0","['AR', 'AZ', 'BN', 'BG', 'HR', 'CS', 'DA', 'NL', 'EN', 'ET', 'FI', 'FR', 'DE', 'EL', 'HE', 'HI', 'HU', 'ID', 'IT', 'JA', 'KK', 'LO', 'LV', 'LT', 'MS', 'NB', 'FA', 'PL', 'PT', 'RO', 'RU', 'ZH', 'SI', 'SK', 'SL', 'ES', 'SV', 'TH', 'ZH', 'TR', 'UK', 'VI']","","[]","{}","","","","","","",""
"App Store (App Store)","app","cripto","CoinMarketCap: Crypto Tracker","","","","","","2025-12-12 05:16:04","https://apps.apple.com/br/app/coinmarketcap-crypto-tracker/id1282107098?uo=4","","","","","","","","","","","","","","","","","","+12","","","","","","","","","","","","","","","","","","","","","","","","","","","","","","","","","","","","","","","CoinMarketCap","4.9","22540.0","","","0.0","BRL","Finance","","","","https://is1-ssl.mzstatic.com/image/thumb/Purple211/v4/41/e9/0d/41e90ddf-17d3-1eec-6f05-c2e7490b661e/AppIcon-0-0-1x_U007epad-0-1-0-sRGB-85-220.png/512x512bb.jpg","","","","","","","","","","","","","","","","","","1282107098","5.4.0","2025-11-30T08:22:15Z","Correções de bugs e melhorias na experiência do usuário","2025-11-30T08:22:15Z","['https://is1-ssl.mzstatic.com/image/thumb/PurpleSource221/v4/4b/f5/fc/4bf5fc43-71f3-a3e7-0ba9-925b1509ffa7/88493df7-c2a7-4023-afd9-c36f856f9807_5.5-1242x2208-1_English.png/392x696bb.png', 'https://is1-ssl.mzstatic.com/image/thumb/PurpleSource221/v4/a4/e0/1c/a4e01c4f-c246-59fd-e7dd-333e7afe9e33/539af716-5418-4581-ae8b-954d5f728546_5.5-1242x2208-2.png/392x696bb.png', 'https://is1-ssl.mzstatic.com/image/thumb/PurpleSource211/v4/78/23/cd/7823cd81-7d51-090a-00b7-3d3bc76e1313/3907d7d9-362a-4323-8ee3-4a926ae84743_5.5-1242x2208-3.png/392x696bb.png', 'https://is1-ssl.mzstatic.com/image/thumb/PurpleSource211/v4/4e/c8/75/4ec8754c-7276-a1e0-407b-04ada71195b0/3a0ae304-02f9-4dfb-8501-bd18bc62fd8b_5.5-1242x2208-4.png/392x696bb.png', 'https://is1-ssl.mzstatic.com/image/thumb/PurpleSource221/v4/0c/9b/4a/0c9b4aab-feb6-e943-a266-e047add04d24/41506a7b-309a-4149-9f18-e56cbe244a76_5.5-1242x2208-5.png/392x696bb.png', 'https://is1-ssl.mzstatic.com/image/thumb/PurpleSource211/v4/65/31/6a/65316a1d-371c-b5b6-55e0-6cdcd3d2a395/0e7baf10-b5f2-4d55-a3b3-bd69861e00d0_5.5-1242x2208-6.png/392x696bb.png']","['https://is1-ssl.mzstatic.com/image/thumb/PurpleSource221/v4/56/32/5e/56325e10-d61e-9000-2409-9bbac656e6c2/7534cbb1-1365-4280-b7bd-9425cb382f6a_iPad-2048x2732-1.png/576x768bb.png', 'https://is1-ssl.mzstatic.com/image/thumb/PurpleSource221/v4/2c/35/4d/2c354d51-e81a-fa90-c991-c795dde1a959/d3b99df0-cd06-44bf-ac52-925f539ff7da_iPad-2048x2732-2.png/576x768bb.png', 'https://is1-ssl.mzstatic.com/image/thumb/PurpleSource211/v4/ee/06/df/ee06df29-38ed-7f06-364f-6d6773d5015d/378c79bf-8767-484e-8b34-33bba2164869_iPad-2048x2732-3.png/576x768bb.png', 'https://is1-ssl.mzstatic.com/image/thumb/PurpleSource221/v4/1a/d6/38/1ad638ef-e6a8-aba8-c4a6-036a44bc3bca/be878bc6-184c-438b-9e13-c46a15d4e7bd_iPad-2048x2732-4.png/576x768bb.png', 'https://is1-ssl.mzstatic.com/image/thumb/PurpleSource211/v4/5a/98/c9/5a98c9e5-8d9f-efd5-1837-f24261e7d387/1d63378a-378b-49ec-8895-456c1c1f0524_iPad-2048x2732-5.png/576x768bb.png', 'https://is1-ssl.mzstatic.com/image/thumb/PurpleSource221/v4/be/a7/c2/bea7c291-1515-5c1d-7a17-3ec9bdef78e3/f6f083eb-dc67-49f5-bcc5-1544fa50a7ec_iPad-2048x2732-6.png/576x768bb.png']","[]","1282107097.0","['AR', 'NL', 'EN', 'FR', 'DE', 'HI', 'ID', 'IT', 'JA', 'KO', 'PL', 'PT', 'RO', 'RU', 'ZH', 'ES', 'TH', 'ZH', 'TR', 'UK', 'VI']","","[]","{}","","","","","","",""
"App Store (App Store)","app","cripto","Bybit: Compre e negocie cripto","","","","","","2025-12-12 05:16:04","https://apps.apple.com/br/app/bybit-compre-e-negocie-cripto/id1488296980?uo=4","","","","","","","","","","","","","","","","","","+4","","","","","","","","","","","","","","","","","","","","","","","","","","","","","","","","","","","","","","","Bybit Fintech Limited","4.9","14188.0","","","0.0","BRL","Finance","","","","https://is1-ssl.mzstatic.com/image/thumb/Purple221/v4/be/6f/42/be6f4246-669e-d144-e7ae-4d0a234dc9e0/AppIcon-0-0-1x_U007emarketing-0-11-0-85-220.png/512x512bb.jpg","","","","","","","","","","","","","","","","","","1488296980","5.8.2","2025-12-11T02:36:19Z","1. Explore uma página inicial atualizada apresentando posts da comunidade, eventos em alta e as últimas notícias.
2. Usuários verificados agora podem compartilhar posts com imagens, vídeos e até mesmo informações de ordens.","2025-12-11T02:36:19Z","[]","[]","[]","1488296979.0","['AR', 'EN', 'FR', 'ID', 'JA', 'KK', 'PT', 'RU', 'ZH', 'ES', 'ZH', 'UK', 'VI']","","[]","{}","","","","","","",""
"App Store (App Store)","app","cripto","KuCoin-Compre Bitcoin e Cripto","","","","","","2025-12-12 05:16:04","https://apps.apple.com/br/app/kucoin-compre-bitcoin-e-cripto/id1378956601?uo=4","","","","","","","","","","","","","","","","","","+17","","","","","","","","","","","","","","","","","","","","","","","","","","","","","","","","","","","","","","","KuCoin Pro","4.7","2041.0","","","0.0","BRL","Finance","","","","https://is1-ssl.mzstatic.com/image/thumb/Purple221/v4/33/4a/ef/334aef8e-5ef1-5908-a15d-dd035d01e42d/AppIcon-0-0-1x_U007epad-0-11-0-85-220.png/512x512bb.jpg","","","","","","","","","","","","","","","","","","1378956601","4.6.0","2025-12-10T17:18:10Z","Esta atualização inclui correções de bugs, melhorias de desempenho e aprimoramentos de segurança.","2025-12-10T17:18:10Z","[]","[]","[]","1772897917.0","['AF', 'AR', 'BN', 'BG', 'KM', 'HR', 'CS', 'DA', 'NL', 'EN', 'ET', 'FI', 'FR', 'DE', 'EL', 'HI', 'HU', 'ID', 'IT', 'JA', 'KO', 'LV', 'LT', 'MS', 'MT', 'NB', 'PL', 'PT', 'RO', 'RU', 'SR', 'ZH', 'SK', 'SL', 'ES', 'SV', 'TH', 'ZH', 'TR', 'UK', 'UR', 'VI', 'ZU']","","[]","{}","","","","","","",""
"App Store (App Store)","app","cripto","Exodus: Wallet Cripto Bitcoin","","","","","","2025-12-12 05:16:04","https://apps.apple.com/br/app/exodus-wallet-cripto-bitcoin/id1414384820?uo=4","","","","","","","","","","","","","","","","","","+17","","","","","","","","","","","","","","","","","","","","","","","","","","","","","","","","","","","","","","","Exodus Movement, Inc.","4.7","1285.0","","","0.0","BRL","Finance","","","","https://is1-ssl.mzstatic.com/image/thumb/Purple221/v4/d7/2d/59/d72d590c-5b16-32b0-41a2-59b3918ef7b8/AppIcon-0-0-1x_U007emarketing-0-11-0-85-220.png/512x512bb.jpg","","","","","","","","","","","","","","","","","","1414384820","25.50.13","2025-12-10T14:54:19Z","Estabilidade e segurança são as nossas principais prioridades. Fizemos melhorias para que a sua experiência de autocustódia seja ainda melhor.","2025-12-10T14:54:19Z","['https://is1-ssl.mzstatic.com/image/thumb/PurpleSource211/v4/ce/01/8d/ce018d1a-5711-0a41-e378-a3ea3ac47771/c4f298ed-7b14-4489-92ad-8a4d8fd966b6_01.jpg/392x696bb.jpg', 'https://is1-ssl.mzstatic.com/image/thumb/PurpleSource221/v4/32/2f/b9/322fb92d-e907-351d-de3f-7f8e1c4e5090/14a2b1d2-a0d5-4e2b-9857-ea8c61960a9a_02.jpg/392x696bb.jpg', 'https://is1-ssl.mzstatic.com/image/thumb/PurpleSource211/v4/f3/2f/8d/f32f8d7c-618e-e0bb-9961-66f1709e2a16/ec6d4320-60e9-484a-bf0c-7ea17afd7a24_03.jpg/392x696bb.jpg', 'https://is1-ssl.mzstatic.com/image/thumb/PurpleSource221/v4/00/4f/a5/004fa519-8417-9400-ba2a-a3ddffe7d86b/58b3e076-3eb7-4d06-ae27-074be90823a1_04.jpg/392x696bb.jpg', 'https://is1-ssl.mzstatic.com/image/thumb/PurpleSource221/v4/51/72/a8/5172a80c-12f3-08a3-9f46-13e92a8f060d/eac3b20d-d625-478a-b49b-6395e2776111_05.jpg/392x696bb.jpg', 'https://is1-ssl.mzstatic.com/image/thumb/PurpleSource221/v4/a6/e0/87/a6e08729-9684-9595-d8c6-def8f33f00a1/7c044e4b-9e3b-47c3-8976-1867ba40bab7_06.jpg/392x696bb.jpg']","['https://is1-ssl.mzstatic.com/image/thumb/PurpleSource211/v4/68/ff/bd/68ffbda7-036a-e78f-a15d-fbc32389704f/49972364-d8bb-4597-b9b3-4c59af810d53_01.jpg/576x768bb.jpg', 'https://is1-ssl.mzstatic.com/image/thumb/PurpleSource211/v4/cd/f0/6e/cdf06e72-d0a4-29fc-44f0-31b77a0edddd/0397c856-e976-421f-bd64-96a0060f6dfa_02.jpg/576x768bb.jpg', 'https://is1-ssl.mzstatic.com/image/thumb/PurpleSource211/v4/da/36/8c/da368c24-3ef7-0dcb-c88c-475abdbfa39c/79a01659-e3b9-49ca-90a4-aca9395550fb_03.jpg/576x768bb.jpg', 'https://is1-ssl.mzstatic.com/image/thumb/PurpleSource221/v4/45/ad/6d/45ad6d5f-831c-b058-d46c-71a83d4cb81b/21d47693-263b-47f5-b78b-02ff2402da50_04.jpg/576x768bb.jpg', 'https://is1-ssl.mzstatic.com/image/thumb/PurpleSource211/v4/6f/25/2d/6f252d52-c381-b926-215d-a81d25414bca/d11db205-fd2a-4ce4-a2e5-49aed002365f_05.jpg/576x768bb.jpg', 'https://is1-ssl.mzstatic.com/image/thumb/PurpleSource211/v4/58/75/45/58754562-f994-91e7-c732-23caf3bbdb3e/0edca639-8212-4ba1-965d-b471dfef6029_06.jpg/576x768bb.jpg']","[]","1414384819.0","['NL', 'EN', 'FR', 'DE', 'IT', 'PT', 'RU', 'ZH', 'ES']","","[]","{}","","","","","","",""
"App Store (App Store)","app","cripto","OKX: Cartão 0 IOF, BTC, Cripto","","","","","","2025-12-12 05:16:04","https://apps.apple.com/br/app/okx-cart%C3%A3o-0-iof-btc-cripto/id1327268470?uo=4","","","","","","","","","","","","","","","","","","+4","","","","","","","","","","","","","","","","","","","","","","","","","","","","","","","","","","","","","","","OKX MALTA LTD","4.7","2150.0","","","0.0","BRL","Finance","","","","https://is1-ssl.mzstatic.com/image/thumb/Purple221/v4/1e/96/39/1e963919-7559-58e7-0623-7515ab907e9b/AppIcon-0-0-1x_U007emarketing-0-8-0-85-220.png/512x512bb.jpg","","","","","","","","","","","","","","","","","","1327268470","6.149.0","2025-12-08T00:45:30Z","Melhoramos o desempenho do aplicativo e corrigimos alguns bugs. Atualize para ter a melhor experiência com a OKX.

Agradecemos por escolher a OKX! Se tiver qualquer dúvida, entre em contato com o suporte ao cliente. Queremos saber sua opinião.","2025-12-08T00:45:30Z","[]","[]","[]","1464508993.0","['AR', 'CS', 'NL', 'EN', 'FR', 'DE', 'ID', 'IT', 'PL', 'PT', 'RO', 'RU', 'ZH', 'ES', 'ZH', 'UK', 'VI']","","[]","{}","","","","","","",""
"App Store (App Store)","app","cripto","CoinEx: Compre BTC e Cripto","","","","","","2025-12-12 05:16:04","https://apps.apple.com/br/app/coinex-compre-btc-e-cripto/id1626447428?uo=4","","","","","","","","","","","","","","","","","","+4","","","","","","","","","","","","","","","","","","","","","","","","","","","","","","","","","","","","","","","Coinex Global Limited","4.9","823.0","","","0.0","BRL","Finance","","","","https://is1-ssl.mzstatic.com/image/thumb/Purple211/v4/4c/ca/7f/4cca7f49-5081-39c7-cc2e-b6e51b8e722c/AppIcon-0-0-1x_U007emarketing-0-11-0-85-220.png/512x512bb.jpg","","","","","","","","","","","","","","","","","","1626447428","4.4.0","2025-12-03T13:39:47Z","Esta atualização inclui correções de bugs e melhorias para aprimorar sua experiência com nosso aplicativo.","2025-12-03T13:39:47Z","[]","[]","[]","1626447430.0","['AR', 'EN', 'FR', 'DE', 'ID', 'IT', 'JA', 'KO', 'FA', 'PL', 'PT', 'RU', 'ZH', 'ES', 'TH', 'ZH', 'TR', 'VI']","","[]","{}","","","","","","",""
"App Store (Google Play)","review","cripto","ótimo","","","","","","2025-12-12 05:16:04","","","","","","","","","","","","","","","","","","","","","","","","","","","","","","","","","","","","","","","","","","","","","","","","","","","","","","","","","","","5.0","","","","","","","","","","","","","","","","","","","","","","","","","","","","","","","","","","","","","","","","","","Bybit: Compre Bitcoin & Cripto","0.0","","","",""
"App Store (Google Play)","review","cripto","excelente corretora","","","","","","2025-12-12 05:16:04","","","","","","","","","","","","","","","","","","","","","","","","","","","","","","","","","","","","","","","","","","","","","","","","","","","","","","","","","","","5.0","","","","","","","","","","","","","","","","","","","","","","","","","","","","","","","","","","","","","","","","","","Bybit: Compre Bitcoin & Cripto","0.0","","","",""
"App Store (Google Play)","review","cripto","bom","","","","","","2025-12-12 05:16:04","","","","","","","","","","","","","","","","","","","","","","","","","","","","","","","","","","","","","","","","","","","","","","","","","","","","","","","","","","","4.0","","","","","","","","","","","","","","","","","","","","","","","","","","","","","","","","","","","","","","","","","","Bybit: Compre Bitcoin & Cripto","0.0","","","",""
"App Store (Google Play)","review","cripto","muito bom","","","","","","2025-12-12 05:16:04","","","","","","","","","","","","","","","","","","","","","","","","","","","","","","","","","","","","","","","","","","","","","","","","","","","","","","","","","","","5.0","","","","","","","","","","","","","","","","","","","","","","","","","","","","","","","","","","","","","","","","","","Bybit: Compre Bitcoin & Cripto","0.0","","","",""
"App Store (Google Play)","review","cripto","não é confiável, depositei 74 dólares estava fazendo trade com robô de forma automática onde na configuração o robô não pode tirar nem transferir nenhum valor porém, o valor sumiu da conta, após isso não consigo acessar a minha conta e não consigo refazer a configuração de dois fatores toda vez que tento o app bybit não aceita os códigos de validação que eles próprio enviam tentei fazer uma reclamação que eles também não aceitaram falei com um atendente humano porém ele simplesmente me desconec","","","","","","2025-12-12 05:16:04","","","","","","","","","","","","","","","","","","","","","","","","","","","","","","","","","","","","","","","","","","","","","","","","","","","","","","","","","","","1.0","","","","","","","","","","","","","","","","","","","","","","","","","","","","","","","","","","","","","","","","","","Bybit: Compre Bitcoin & Cripto","6.0","","","Lamentamos muito ouvir sobre a sua experiência. O seu feedback é valioso para nós, e gostaríamos de corrigir a situação. Por favor, entre em contato com a nossa equipe de suporte em [https://www.bybit.com/en/help-center/s/webform] para que possamos resolver as suas preocupações prontamente. NL","2025-12-10 05:49:57"
"App Store (Google Play)","review","cripto","um aplicativo prático e de fácil uso,🥰🥰🥰","","","","","","2025-12-12 05:16:04","","","","","","","","","","","","","","","","","","","","","","","","","","","","","","","","","","","","","","","","","","","","","","","","","","","","","","","","","","","5.0","","","","","","","","","","","","","","","","","","","","","","","","","","","","","","","","","","","","","","","","","","Bybit: Compre Bitcoin & Cripto","0.0","","","",""
"App Store (Google Play)","review","cripto","top","","","","","","2025-12-12 05:16:04","","","","","","","","","","","","","","","","","","","","","","","","","","","","","","","","","","","","","","","","","","","","","","","","","","","","","","","","","","","5.0","","","","","","","","","","","","","","","","","","","","","","","","","","","","","","","","","","","","","","","","","","Bybit: Compre Bitcoin & Cripto","0.0","","","",""
"App Store (Google Play)","review","cripto","ótimo e profissional","","","","","","2025-12-12 05:16:04","","","","","","","","","","","","","","","","","","","","","","","","","","","","","","","","","","","","","","","","","","","","","","","","","","","","","","","","","","","4.0","","","","","","","","","","","","","","","","","","","","","","","","","","","","","","","","","","","","","","","","","","Bybit: Compre Bitcoin & Cripto","0.0","","","",""
"App Store (Google Play)","review","cripto","muito fixe","","","","","","2025-12-12 05:16:04","","","","","","","","","","","","","","","","","","","","","","","","","","","","","","","","","","","","","","","","","","","","","","","","","","","","","","","","","","","5.0","","","","","","","","","","","","","","","","","","","","","","","","","","","","","","","","","","","","","","","","","","Bybit: Compre Bitcoin & Cripto","0.0","","","",""
"App Store (Google Play)","review","cripto","estou gostando muito de operar na Binance prática simples e segura.👍👍","","","","","","2025-12-12 05:16:04","","","","","","","","","","","","","","","","","","","","","","","","","","","","","","","","","","","","","","","","","","","","","","","","","","","","","","","","","","","5.0","","","","","","","","","","","","","","","","","","","","","","","","","","","","","","","","","","","","","","","","","","Binance: Compre BTC e Cripto","0.0","","","Hey! We are very happy to hear that you like the platform! Thank you for reviewing us, it really inspires us to be even better for you. If you ever need help or have any questions, please do not hesitate to contact our agents through our live support chat at: binance.com/en/chat | Thanks.","2025-12-11 04:16:49"
"App Store (Google Play)","review","cripto","excelente","","","","","","2025-12-12 05:16:04","","","","","","","","","","","","","","","","","","","","","","","","","","","","","","","","","","","","","","","","","","","","","","","","","","","","","","","","","","","5.0","","","","","","","","","","","","","","","","","","","","","","","","","","","","","","","","","","","","","","","","","","Binance: Compre BTC e Cripto","0.0","","","Hi there, thank you for your feedback💛. It's rewarding to hear that our efforts have been recognized. If you need any further assistance or have more insights you'd like to share, please do not hesitate to reach out to us: https://www.binance.com/en/chat","2025-12-11 00:17:10"
"App Store (Google Play)","review","cripto","eu tô tentando entrar na minha conta e a minha diz que tá dando erro toda hora eu não sei mais o que faço","","","","","","2025-12-12 05:16:04","","","","","","","","","","","","","","","","","","","","","","","","","","","","","","","","","","","","","","","","","","","","","","","","","","","","","","","","","","","3.0","","","","","","","","","","","","","","","","","","","","","","","","","","","","","","","","","","","","","","","","","","Binance: Compre BTC e Cripto","0.0","","","Olá Joao. Estamos aqui para ajudar. Qual a dificuldade para acessar? Você vê alguma mensagem de erro? Nos dê esses detalhes em nosso chat em http://www.binance.com/pt-BR/chat. Para solucionar possíveis bugs, siga estas instruções: 1 Limpe cache em Perfil > Configurações > Limpar Cache; 2 Altere sua conexão à internet; 3 Reinstale o app. ˆLP","2025-12-11 06:08:18"
"App Store (Google Play)","review","cripto","provavelmente o melhor app pra fazer trede de cripto","","","","","","2025-12-12 05:16:04","","","","","","","","","","","","","","","","","","","","","","","","","","","","","","","","","","","","","","","","","","","","","","","","","","","","","","","","","","","5.0","","","","","","","","","","","","","","","","","","","","","","","","","","","","","","","","","","","","","","","","","","Binance: Compre BTC e Cripto","0.0","","","Hey! We appreciate your lovely review and kind comment. Our utmost priority is to provide the best service possible to our valuable customers and community members. If you have any problems or if you have any inquiries, please reach out to our customer support team via live chat http://binance.com/en/chat. Our team will help. Thanks.","2025-12-10 21:45:31"
"App Store (Google Play)","review","cripto","Quem Avisa amigo é, Fujam dessa Desgraça............cobram 3,50 de taxa para você retirar seu dinheiro e fora as Milhões de tentativas que você tem que fazer para confirmar sua identidade para retirar. então, não abra conta nessa Desgraça !!!!! pena que não posso dar nota 0 porque uma estrela é muito para Negativa essa Imundície.","","","","","","2025-12-12 05:16:04","","","","","","","","","","","","","","","","","","","","","","","","","","","","","","","","","","","","","","","","","","","","","","","","","","","","","","","","","","","1.0","","","","","","","","","","","","","","","","","","","","","","","","","","","","","","","","","","","","","","","","","","Binance: Compre BTC e Cripto","0.0","","","Oi Carlos. Queremos esclarecer que a taxa de R$3,50 para saques via Pix é fixa e cobre os custos do nosso parceiro que processa transações em reais. Para orientações sobre saques, consulte nosso guia: www.binance.com/pt-BR/support/faq/08722a3b5ad7465e8c74ddc0240cec4c. Se precisar de ajuda, fale com nosso suporte via chat: binance.com/pt-BR/chat. LP","2025-12-11 06:12:46"
"App Store (Google Play)","review","cripto","👍👍👍","","","","","","2025-12-12 05:16:04","","","","","","","","","","","","","","","","","","","","","","","","","","","","","","","","","","","","","","","","","","","","","","","","","","","","","","","","","","","5.0","","","","","","","","","","","","","","","","","","","","","","","","","","","","","","","","","","","","","","","","","","Binance: Compre BTC e Cripto","0.0","","","",""
"App Store (Google Play)","review","cripto","ótimo app","","","","","","2025-12-12 05:16:04","","","","","","","","","","","","","","","","","","","","","","","","","","","","","","","","","","","","","","","","","","","","","","","","","","","","","","","","","","","5.0","","","","","","","","","","","","","","","","","","","","","","","","","","","","","","","","","","","","","","","","","","Binance: Compre BTC e Cripto","0.0","","","Hey! We are very happy to hear that you like the platform! Thank you for reviewing us, it really inspires us to be even better for you. If you ever need help or have any questions, please do not hesitate to contact our agents through our live support chat at: binance.com/en/chat | Thanks.","2025-12-10 14:45:37"
"App Store (Google Play)","review","cripto","Depois dessa última atualização começou a não mostrar mais o saldo!!!!","","","","","","2025-12-12 05:16:04","","","","","","","","","","","","","","","","","","","","","","","","","","","","","","","","","","","","","","","","","","","","","","","","","","","","","","","","","","","1.0","","","","","","","","","","","","","","","","","","","","","","","","","","","","","","","","","","","","","","","","","","Coinbase: Bitcoin & Ethereum","0.0","","","Olá, Éder! Lamentamos que você esteja com dificuldades para visualizar seu saldo. Por favor, tente seguir as etapas deste link para ajudar a resolver o problema: https://help.coinbase.com/en/coinbase/other-topics/troubleshooting-and-tips/display-settings?query=unable%20to%20view%20the%20balance.","2025-12-11 13:18:20"
"App Store (Google Play)","review","cripto","20 conto seu lindo","","","","","","2025-12-12 05:16:04","","","","","","","","","","","","","","","","","","","","","","","","","","","","","","","","","","","","","","","","","","","","","","","","","","","","","","","","","","","5.0","","","","","","","","","","","","","","","","","","","","","","","","","","","","","","","","","","","","","","","","","","Coinbase: Bitcoin & Ethereum","0.0","","","",""
"App Store (Google Play)","review","cripto","top dos tops","","","","","","2025-12-12 05:16:04","","","","","","","","","","","","","","","","","","","","","","","","","","","","","","","","","","","","","","","","","","","","","","","","","","","","","","","","","","","4.0","","","","","","","","","","","","","","","","","","","","","","","","","","","","","","","","","","","","","","","","","","Coinbase: Bitcoin & Ethereum","0.0","","","",""
"App Store (Google Play)","review","cripto","cadê as recompensas de aprendizado de novas","","","","","","2025-12-12 05:16:04","","","","","","","","","","","","","","","","","","","","","","","","","","","","","","","","","","","","","","","","","","","","","","","","","","","","","","","","","","","1.0","","","","","","","","","","","","","","","","","","","","","","","","","","","","","","","","","","","","","","","","","","Coinbase: Bitcoin & Ethereum","0.0","","","Olá, Luiz! As recompensas de aprendizado da Coinbase foram encerradas em 27 de maio de 2025, mas você ainda pode ganhar cripto de outras formas! É possível fazer staking dos seus ativos ou explorar mais oportunidades aqui: https://www.coinbase.com/earn

. Em breve teremos ainda mais maneiras de você aumentar suas criptos!","2025-12-11 13:26:26"
"App Store (Google Play)","review","cripto","Tenho dinheiro na plataforma mas tenho medo de ser banido e não encontrar meus Bitcoin já tenho o cartão físico mais veio errado e diferente do cartão digital venho contactar por aqui porque não respondem os meus emails","","","","","","2025-12-12 05:16:04","","","","","","","","","","","","","","","","","","","","","","","","","","","","","","","","","","","","","","","","","","","","","","","","","","","","","","","","","","","5.0","","","","","","","","","","","","","","","","","","","","","","","","","","","","","","","","","","","","","","","","","","Coinbase: Bitcoin & Ethereum","0.0","","","",""
"App Store (Google Play)","review","cripto","Transcendental!!","","","","","","2025-12-12 05:16:04","","","","","","","","","","","","","","","","","","","","","","","","","","","","","","","","","","","","","","","","","","","","","","","","","","","","","","","","","","","5.0","","","","","","","","","","","","","","","","","","","","","","","","","","","","","","","","","","","","","","","","","","Coinbase: Bitcoin & Ethereum","0.0","","","",""
"App Store (Google Play)","review","cripto","excelente app fácil de usar","","","","","","2025-12-12 05:16:04","","","","","","","","","","","","","","","","","","","","","","","","","","","","","","","","","","","","","","","","","","","","","","","","","","","","","","","","","","","5.0","","","","","","","","","","","","","","","","","","","","","","","","","","","","","","","","","","","","","","","","","","Coinbase: Bitcoin & Ethereum","0.0","","","",""
"App Store (Google Play)","review","cripto","experiência exepecional","","","","","","2025-12-12 05:16:04","","","","","","","","","","","","","","","","","","","","","","","","","","","","","","","","","","","","","","","","","","","","","","","","","","","","","","","","","","","5.0","","","","","","","","","","","","","","","","","","","","","","","","","","","","","","","","","","","","","","","","","","Coinbase: Bitcoin & Ethereum","0.0","","","",""
"App Store (Google Play)","review","cripto","recusaram minha conta, nem dizem o porque, e deixa você ter a chance de reverter.","","","","","","2025-12-12 05:16:04","","","","","","","","","","","","","","","","","","","","","","","","","","","","","","","","","","","","","","","","","","","","","","","","","","","","","","","","","","","1.0","","","","","","","","","","","","","","","","","","","","","","","","","","","","","","","","","","","","","","","","","","Crypto.com - Compre BTC, CRO","0.0","","","",""
"App Store (Google Play)","review","cripto","não estou mais conseguindo acessar o app depois da última atualização, o app não está mostrando o teclado para inserir a senha, fica apenas com tela preta. já reinstalei e não resolveu.","","","","","","2025-12-12 05:16:04","","","","","","","","","","","","","","","","","","","","","","","","","","","","","","","","","","","","","","","","","","","","","","","","","","","","","","","","","","","1.0","","","","","","","","","","","","","","","","","","","","","","","","","","","","","","","","","","","","","","","","","","Crypto.com - Compre BTC, CRO","0.0","","","",""
"App Store (Google Play)","review","cripto","A principio, pela minha visão aparenta ser excelente pra quem está começando agora, realmente recomendo, pois além de ser um app muito bem feito e lindo, é bem explicativo em tudo.","","","","","","2025-12-12 05:16:04","","","","","","","","","","","","","","","","","","","","","","","","","","","","","","","","","","","","","","","","","","","","","","","","","","","","","","","","","","","5.0","","","","","","","","","","","","","","","","","","","","","","","","","","","","","","","","","","","","","","","","","","Crypto.com - Compre BTC, CRO","6.0","","","",""
"App Store (Google Play)","review","cripto","oque está acontecendo com o app? após a última atualização ele não está abrindo e fica só a logo na tela, o app está muito pesado, falta leveza pra ficar perfeito como o da binance que é ultra rápido pra carregar.","","","","","","2025-12-12 05:16:04","","","","","","","","","","","","","","","","","","","","","","","","","","","","","","","","","","","","","","","","","","","","","","","","","","","","","","","","","","","2.0","","","","","","","","","","","","","","","","","","","","","","","","","","","","","","","","","","","","","","","","","","Crypto.com - Compre BTC, CRO","3.0","","","Hello Franco! Please feel free to contact us via web chat. We would gladly look into the performance difficulties you have faced and offer assistance with accessing our platform. Thank you.","2025-05-28 14:39:06"
"App Store (Google Play)","review","cripto","MWU CASO E ROUBO, PRECISO DE AJUDA HUMANA P RECUPERAR MINHA SENHA clonaram meu número.de tel e Gmail e perdi acesso ,preciso de ajuda urgente, 3 dias tentando resgatar minha conta crypto ,preciso de ajuda ??","","","","","","2025-12-12 05:16:04","","","","","","","","","","","","","","","","","","","","","","","","","","","","","","","","","","","","","","","","","","","","","","","","","","","","","","","","","","","1.0","","","","","","","","","","","","","","","","","","","","","","","","","","","","","","","","","","","","","","","","","","Crypto.com - Compre BTC, CRO","0.0","","","Hello Wyat. Please contact us via web chat, and we will gladly assist you with accessing your account on our app. Thank you!","2025-11-28 15:37:06"
"App Store (Google Play)","review","cripto","Só não gostei porque para Angola 🇦🇴 só é permitido o passaporte e não o Bilhete de Identidade (BI) porque em Angola nem todos têm acesso ao passaporte e isso coloca limitações no uso do aplicativo vejam só essa situação com urgência, por favor 🙏","","","","","","2025-12-12 05:16:04","","","","","","","","","","","","","","","","","","","","","","","","","","","","","","","","","","","","","","","","","","","","","","","","","","","","","","","","","","","2.0","","","","","","","","","","","","","","","","","","","","","","","","","","","","","","","","","","","","","","","","","","Crypto.com - Compre BTC, CRO","0.0","","","",""
"App Store (Google Play)","review","cripto","MUITO BOM MESMO","","","","","","2025-12-12 05:16:04","","","","","","","","","","","","","","","","","","","","","","","","","","","","","","","","","","","","","","","","","","","","","","","","","","","","","","","","","","","5.0","","","","","","","","","","","","","","","","","","","","","","","","","","","","","","","","","","","","","","","","","","Crypto.com - Compre BTC, CRO","1.0","","","",""
"App Store (Google Play)","review","cripto","Nos mantém informados","","","","","","2025-12-12 05:16:04","","","","","","","","","","","","","","","","","","","","","","","","","","","","","","","","","","","","","","","","","","","","","","","","","","","","","","","","","","","4.0","","","","","","","","","","","","","","","","","","","","","","","","","","","","","","","","","","","","","","","","","","Crypto.com - Compre BTC, CRO","0.0","","","",""
"App Store (Google Play)","review","cripto","Meu cartão físico sumiu da aplicação antes do vencimento e pra receber um novo tenho que pagar. Além do mais, de todas as Exchanges que uso, é a única que na versão atual trava muito.","","","","","","2025-12-12 05:16:04","","","","","","","","","","","","","","","","","","","","","","","","","","","","","","","","","","","","","","","","","","","","","","","","","","","","","","","","","","","3.0","","","","","","","","","","","","","","","","","","","","","","","","","","","","","","","","","","","","","","","","","","Crypto.com - Compre BTC, CRO","3.0","","","",""
"App Store (Google Play)","review","cripto","minha experiência não foi boa, eu comprei ETH a mercado em momento de queda generalizada, o valor que paguei foi muito mais alto se comparado com outras plataformas. cartão digital tentei usar e não funcionou, taxa de trade é alta, precisa fazer assinatura pra ter taxa de corretagem Zero, precisa fazer staking de CRO pra ter benefícios do cartão que não for o básico, e o risco com CRO não compensa. achei pouco intuitivo. e não traz detalhes do mercado para análise, em resumo achei ruim.","","","","","","2025-12-12 05:16:04","","","","","","","","","","","","","","","","","","","","","","","","","","","","","","","","","","","","","","","","","","","","","","","","","","","","","","","","","","","1.0","","","","","","","","","","","","","","","","","","","","","","","","","","","","","","","","","","","","","","","","","","Crypto.com - Compre BTC, CRO","1.0","","","",""
"App Store (Google Play)","review","cripto","Comprei uma ""carteira fria Ledger Nano S Plus"" depois de haver lido todo o material plubicitário da Ledger sobre o dispositivo. Em lugar nenhum está escrito que o equipamento não conecta com o Android por BlueTooth e que o equipamento além de só se conectar por cabo, vem sóo com um cabo com tomada, de um lado compatível com o equipamento e do outro lado com saída USB para conectar ao Android. Mas quais marcas de telemóvel vem com tomada USB? O meu é da marca Samsung e nenhum Samsung vem .","","","","","","2025-12-12 05:16:04","","","","","","","","","","","","","","","","","","","","","","","","","","","","","","","","","","","","","","","","","","","","","","","","","","","","","","","","","","","3.0","","","","","","","","","","","","","","","","","","","","","","","","","","","","","","","","","","","","","","","","","","App cripto Ledger Wallet™","0.0","","","",""
"App Store (Google Play)","review","cripto","Nossa, pode até ser muito seguro, mas não tem NADA de intuitivo e trava a todo momento, além de só fazer a conexão ao Ledger Nano quando quer...","","","","","","2025-12-12 05:16:04","","","","","","","","","","","","","","","","","","","","","","","","","","","","","","","","","","","","","","","","","","","","","","","","","","","","","","","","","","","2.0","","","","","","","","","","","","","","","","","","","","","","","","","","","","","","","","","","","","","","","","","","App cripto Ledger Wallet™","0.0","","","",""
"App Store (Google Play)","review","cripto","Fácil de operar.","","","","","","2025-12-12 05:16:04","","","","","","","","","","","","","","","","","","","","","","","","","","","","","","","","","","","","","","","","","","","","","","","","","","","","","","","","","","","5.0","","","","","","","","","","","","","","","","","","","","","","","","","","","","","","","","","","","","","","","","","","App cripto Ledger Wallet™","0.0","","","",""
"App Store (Google Play)","review","cripto","Excelente!","","","","","","2025-12-12 05:16:04","","","","","","","","","","","","","","","","","","","","","","","","","","","","","","","","","","","","","","","","","","","","","","","","","","","","","","","","","","","5.0","","","","","","","","","","","","","","","","","","","","","","","","","","","","","","","","","","","","","","","","","","App cripto Ledger Wallet™","0.0","","","",""
"App Store (Google Play)","review","cripto","muito bom aplicativo seguro e confiável!","","","","","","2025-12-12 05:16:04","","","","","","","","","","","","","","","","","","","","","","","","","","","","","","","","","","","","","","","","","","","","","","","","","","","","","","","","","","","5.0","","","","","","","","","","","","","","","","","","","","","","","","","","","","","","","","","","","","","","","","","","App cripto Ledger Wallet™","1.0","","","",""
"App Store (Google Play)","review","cripto","O aplicativo melhorou bastante.","","","","","","2025-12-12 05:16:04","","","","","","","","","","","","","","","","","","","","","","","","","","","","","","","","","","","","","","","","","","","","","","","","","","","","","","","","","","","5.0","","","","","","","","","","","","","","","","","","","","","","","","","","","","","","","","","","","","","","","","","","App cripto Ledger Wallet™","2.0","","","",""
"App Store (Google Play)","review","cripto","não funciona na nano s","","","","","","2025-12-12 05:16:04","","","","","","","","","","","","","","","","","","","","","","","","","","","","","","","","","","","","","","","","","","","","","","","","","","","","","","","","","","","1.0","","","","","","","","","","","","","","","","","","","","","","","","","","","","","","","","","","","","","","","","","","App cripto Ledger Wallet™","0.0","","","",""
"App Store (Google Play)","review","cripto","aplicativo só abre se eu desligar a internet assim que eu desligo ele abrir o aplicativo e reconhece a carteira mas não sincroniza com a carteira nano s plus","","","","","","2025-12-12 05:16:04","","","","","","","","","","","","","","","","","","","","","","","","","","","","","","","","","","","","","","","","","","","","","","","","","","","","","","","","","","","1.0","","","","","","","","","","","","","","","","","","","","","","","","","","","","","","","","","","","","","","","","","","App cripto Ledger Wallet™","2.0","","","",""
"App Store (Google Play)","review","cripto","A aplicação cada vez está mais lenta no android. Quase nao dá para mexer de tão lento que está, mesmo com um telemóvel de alta gama","","","","","","2025-12-12 05:16:04","","","","","","","","","","","","","","","","","","","","","","","","","","","","","","","","","","","","","","","","","","","","","","","","","","","","","","","","","","","1.0","","","","","","","","","","","","","","","","","","","","","","","","","","","","","","","","","","","","","","","","","","App cripto Ledger Wallet™","0.0","","","",""
"App Store (Google Play)","review","cripto","É a melhor carteira de segurança do mundo estou satisfeito com ela","","","","","","2025-12-12 05:16:04","","","","","","","","","","","","","","","","","","","","","","","","","","","","","","","","","","","","","","","","","","","","","","","","","","","","","","","","","","","5.0","","","","","","","","","","","","","","","","","","","","","","","","","","","","","","","","","","","","","","","","","","App cripto Ledger Wallet™","1.0","","","",""
"App Store (Google Play)","review","cripto","Good","","","","","","2025-12-12 05:16:04","","","","","","","","","","","","","","","","","","","","","","","","","","","","","","","","","","","","","","","","","","","","","","","","","","","","","","","","","","","5.0","","","","","","","","","","","","","","","","","","","","","","","","","","","","","","","","","","","","","","","","","","Carteira DeFi Bitcoin e Cripto","0.0","","","",""
"App Store (Google Play)","review","cripto","É bem leve e prática. Porém, não consigo retirar os meus USDC's da carteira, indicando ""saldo insuficiente para cobrir taxas"". No momento, possuo USD 30 na carteira, e mesmo assim, não consigo retirar. O que, infelizmente, levantam algumas suspeitas.","","","","","","2025-12-12 05:16:04","","","","","","","","","","","","","","","","","","","","","","","","","","","","","","","","","","","","","","","","","","","","","","","","","","","","","","","","","","","3.0","","","","","","","","","","","","","","","","","","","","","","","","","","","","","","","","","","","","","","","","","","Carteira DeFi Bitcoin e Cripto","3.0","","","Olá Amauri,

Por favor, contacte a nossa equipa de suporte em support@bitcoin.com. Teremos todo o prazer em explicar-lhe isso. USDC é um token numa blockchain base como ETH ou Polygon. Neste caso, precisa de ter o token base na sua carteira para cobrir as taxas de gás, pois é assim que estas redes foram concebidas.

Obrigado.","2025-11-12 14:41:57"
"App Store (Google Play)","review","cripto","jogo de azar","","","","","","2025-12-12 05:16:04","","","","","","","","","","","","","","","","","","","","","","","","","","","","","","","","","","","","","","","","","","","","","","","","","","","","","","","","","","","5.0","","","","","","","","","","","","","","","","","","","","","","","","","","","","","","","","","","","","","","","","","","Carteira DeFi Bitcoin e Cripto","0.0","","","",""
"App Store (Google Play)","review","cripto","E ótimo este aplicativo","","","","","","2025-12-12 05:16:04","","","","","","","","","","","","","","","","","","","","","","","","","","","","","","","","","","","","","","","","","","","","","","","","","","","","","","","","","","","5.0","","","","","","","","","","","","","","","","","","","","","","","","","","","","","","","","","","","","","","","","","","Carteira DeFi Bitcoin e Cripto","0.0","","","",""
"App Store (Google Play)","review","cripto","desculpa faz vergonha respeito certo faz 🙏🏼🙌🏼👏🏼✌🏼..sou nome Vinícius sou surdo e sim sou moro BH MG obrigado querido amigo nós vamos faz respeito certo faz amor ❤️✌🏼💝 obrigado faz 🙏🏼✌🏼","","","","","","2025-12-12 05:16:04","","","","","","","","","","","","","","","","","","","","","","","","","","","","","","","","","","","","","","","","","","","","","","","","","","","","","","","","","","","5.0","","","","","","","","","","","","","","","","","","","","","","","","","","","","","","","","","","","","","","","","","","Carteira DeFi Bitcoin e Cripto","0.0","","","",""
"App Store (Google Play)","review","cripto","fixe","","","","","","2025-12-12 05:16:04","","","","","","","","","","","","","","","","","","","","","","","","","","","","","","","","","","","","","","","","","","","","","","","","","","","","","","","","","","","5.0","","","","","","","","","","","","","","","","","","","","","","","","","","","","","","","","","","","","","","","","","","Carteira DeFi Bitcoin e Cripto","0.0","","","",""
"App Store (Google Play)","review","cripto","muito top","","","","","","2025-12-12 05:16:04","","","","","","","","","","","","","","","","","","","","","","","","","","","","","","","","","","","","","","","","","","","","","","","","","","","","","","","","","","","5.0","","","","","","","","","","","","","","","","","","","","","","","","","","","","","","","","","","","","","","","","","","OKX: Cartão 0 IOF, BTC, Cripto","0.0","","","",""
"App Store (Google Play)","review","cripto","Eu não consigo recuperar minha conta porque todas as vezes pede para eu enviar uma selfie com meu documento e nunca a foto é aceita.","","","","","","2025-12-12 05:16:04","","","","","","","","","","","","","","","","","","","","","","","","","","","","","","","","","","","","","","","","","","","","","","","","","","","","","","","","","","","1.0","","","","","","","","","","","","","","","","","","","","","","","","","","","","","","","","","","","","","","","","","","OKX: Cartão 0 IOF, BTC, Cripto","0.0","","","Suporte Resumido

Olá! Sentimos muito pela situação. Você pode acionar o suporte para receber ajuda com o problema: Clique em Menu, selecione Obter Ajuda, clique em Nova Mensagem ou Fale Conosco e então em Falar com agente. Pronto! Você estará em contato com um agente brasileiro em tempo real.","2025-12-10 10:37:19"
"App Store (Google Play)","review","cripto","melhor corretora do mundo essa eu indico","","","","","","2025-12-12 05:16:04","","","","","","","","","","","","","","","","","","","","","","","","","","","","","","","","","","","","","","","","","","","","","","","","","","","","","","","","","","","5.0","","","","","","","","","","","","","","","","","","","","","","","","","","","","","","","","","","","","","","","","","","OKX: Cartão 0 IOF, BTC, Cripto","0.0","","","Muito obrigado, Divino 🙏","2025-12-10 10:37:33"
"App Store (Google Play)","review","cripto","otima","","","","","","2025-12-12 05:16:04","","","","","","","","","","","","","","","","","","","","","","","","","","","","","","","","","","","","","","","","","","","","","","","","","","","","","","","","","","","5.0","","","","","","","","","","","","","","","","","","","","","","","","","","","","","","","","","","","","","","","","","","OKX: Cartão 0 IOF, BTC, Cripto","0.0","","","Hello there. Thank you for taking the time to rate our platform. We are delighted to see your satisfied rating. If you have any specific feedback or details you would like to share, we are always open to hearing from you.","2025-12-09 13:37:40"
"App Store (Google Play)","review","cripto","🤬🤬🤬🤬🤬🤬","","","","","","2025-12-12 05:16:04","","","","","","","","","","","","","","","","","","","","","","","","","","","","","","","","","","","","","","","","","","","","","","","","","","","","","","","","","","","1.0","","","","","","","","","","","","","","","","","","","","","","","","","","","","","","","","","","","","","","","","","","OKX: Cartão 0 IOF, BTC, Cripto","0.0","","","Hi there! Thank you for taking the time to review our app. We're sorry to hear that your experience may not have met your expectations. Please connect with us through live chat at https://www.okx.com/help so we can better understand and resolve your concerns.","2025-12-05 14:53:40"
"App Store (Google Play)","review","cripto","Poderia ter como comprar no cartão com o Bitcoin acho que a maioria das pessoas queria que fosse assim","","","","","","2025-12-12 05:16:04","","","","","","","","","","","","","","","","","","","","","","","","","","","","","","","","","","","","","","","","","","","","","","","","","","","","","","","","","","","3.0","","","","","","","","","","","","","","","","","","","","","","","","","","","","","","","","","","","","","","","","","","OKX: Cartão 0 IOF, BTC, Cripto","1.0","","","Olá, tudo bem? No momento, é possível comprar via Pix! Perceba que, quando você compra no cartão, acaba pagando mais taxas. Caso tenha dúvidas, não hesite em nos contatar!","2025-12-10 10:39:06"
"App Store (Google Play)","review","cripto","teste grátis","","","","","","2025-12-12 05:16:04","","","","","","","","","","","","","","","","","","","","","","","","","","","","","","","","","","","","","","","","","","","","","","","","","","","","","","","","","","","5.0","","","","","","","","","","","","","","","","","","","","","","","","","","","","","","","","","","","","","","","","","","OKX: Cartão 0 IOF, BTC, Cripto","0.0","","","",""
"App Store (Google Play)","review","cripto","Bom suporte pós relatar o problema, equipe atenta a reclamações. Tudo funcionando perfeitamente! obrigado equipe OKX.","","","","","","2025-12-12 05:16:04","","","","","","","","","","","","","","","","","","","","","","","","","","","","","","","","","","","","","","","","","","","","","","","","","","","","","","","","","","","5.0","","","","","","","","","","","","","","","","","","","","","","","","","","","","","","","","","","","","","","","","","","OKX: Cartão 0 IOF, BTC, Cripto","22.0","","","Olá! Sentimos muito pela situação. A última atualização do app deve mostrar a aba “Pay” para você. Se não encontrar, clique em menu e obter ajuda para entrar em contato com o suporte!","2025-11-27 13:53:02"
"App Store (Google Play)","review","cripto","ótimo aplicativo nota 100000👍🏽","","","","","","2025-12-12 05:16:04","","","","","","","","","","","","","","","","","","","","","","","","","","","","","","","","","","","","","","","","","","","","","","","","","","","","","","","","","","","5.0","","","","","","","","","","","","","","","","","","","","","","","","","","","","","","","","","","","","","","","","","","OKX: Cartão 0 IOF, BTC, Cripto","0.0","","","",""
"App Store (Google Play)","review","cripto","não tem card para meu pais da visa de pagar com moedas","","","","","","2025-12-12 05:16:04","","","","","","","","","","","","","","","","","","","","","","","","","","","","","","","","","","","","","","","","","","","","","","","","","","","","","","","","","","","1.0","","","","","","","","","","","","","","","","","","","","","","","","","","","","","","","","","","","","","","","","","","OKX: Cartão 0 IOF, BTC, Cripto","0.0","","","Olá! Sentimos muito pela situação. A última atualização do app deve mostrar a aba “Pay” para você. Se não encontrar, clique em menu e obter ajuda para entrar em contato com o suporte!","2025-11-27 13:53:12"
"App Store (Google Play)","review","cripto","simples fácil e rápido demais","","","","","","2025-12-12 05:16:04","","","","","","","","","","","","","","","","","","","","","","","","","","","","","","","","","","","","","","","","","","","","","","","","","","","","","","","","","","","5.0","","","","","","","","","","","","","","","","","","","","","","","","","","","","","","","","","","","","","","","","","","MEXC: Compre Bitcoin e Cripto","0.0","","","Agradecemos pela avaliação 5 estrelas. Que suas negociações sejam prósperas e lucrativas! - DV","2025-12-11 03:40:09"
"App Store (Google Play)","review","cripto","não consigo fazer depósito.","","","","","","2025-12-12 05:16:04","","","","","","","","","","","","","","","","","","","","","","","","","","","","","","","","","","","","","","","","","","","","","","","","","","","","","","","","","","","1.0","","","","","","","","","","","","","","","","","","","","","","","","","","","","","","","","","","","","","","","","","","MEXC: Compre Bitcoin e Cripto","0.0","","","Agradecemos pelo seu amor e apoio à MEXC! Levaremos em consideração suas sugestões e continuaremos otimizando nossos produtos. Caso tenha qualquer outro feedback, por favor, sinta-se à vontade para entrar em contato com o atendimento ao cliente ou enviar um formulário de sugestão em https://www.mexc.com/support/requests?channel=1-HD","2025-12-08 22:22:52"
"App Store (Google Play)","review","cripto","top das galáxias ❤️","","","","","","2025-12-12 05:16:04","","","","","","","","","","","","","","","","","","","","","","","","","","","","","","","","","","","","","","","","","","","","","","","","","","","","","","","","","","","5.0","","","","","","","","","","","","","","","","","","","","","","","","","","","","","","","","","","","","","","","","","","MEXC: Compre Bitcoin e Cripto","0.0","","","Sua avaliação 5 estrelas nos inspira! Estamos aqui para apoiar sua jornada de negociação com um serviço de excelência!-HD","2025-12-08 22:20:18"
"App Store (Google Play)","review","cripto","Tenho 110 USDTs e eles não me deixam sacar!","","","","","","2025-12-12 05:16:04","","","","","","","","","","","","","","","","","","","","","","","","","","","","","","","","","","","","","","","","","","","","","","","","","","","","","","","","","","","1.0","","","","","","","","","","","","","","","","","","","","","","","","","","","","","","","","","","","","","","","","","","MEXC: Compre Bitcoin e Cripto","0.0","","","Pedimos desculpas por não ter proporcionado a você uma experiência de negociação perfeita. Lamentamos profundamente por isso e te convidamos a enviar seu feedback sobre a questão em www.mexc.com/en-US/support/requests?channel=1. Nossa equipe de atendimento ao cliente analisará cuidadosamente sua questão e lhe fornecerá uma resposta útil! - DV","2025-12-07 02:29:56"
"App Store (Google Play)","review","cripto","travamento de Saque","","","","","","2025-12-12 05:16:04","","","","","","","","","","","","","","","","","","","","","","","","","","","","","","","","","","","","","","","","","","","","","","","","","","","","","","","","","","","1.0","","","","","","","","","","","","","","","","","","","","","","","","","","","","","","","","","","","","","","","","","","MEXC: Compre Bitcoin e Cripto","0.0","","","Agradecemos por trazer seu problema à nossa atenção. Faremos o nosso melhor para resolvê-lo, mas agradeceríamos mais informações para entender a questão. Se possível, por favor, acesse www.mexc.com/en-US/support/requests?channel=1 para enviar o formulário, e nossa equipe de atendimento ao cliente entrará em contato com você. Tenha um ótimo dia! DB","2025-12-06 19:41:52"
"App Store (Google Play)","review","cripto","Muitas moedas com taxas 0 no futuros além da opção de alavancagem alta em algumas moedas. o que aumenta bastante a lucratividade ( ou perdas, aconselho a usar com sabedoria).","","","","","","2025-12-12 05:16:04","","","","","","","","","","","","","","","","","","","","","","","","","","","","","","","","","","","","","","","","","","","","","","","","","","","","","","","","","","","5.0","","","","","","","","","","","","","","","","","","","","","","","","","","","","","","","","","","","","","","","","","","MEXC: Compre Bitcoin e Cripto","8.0","","","We appreciate your 5-star rating! May your trading journey be prosperous! - DV","2025-12-05 03:15:18"
"App Store (Google Play)","review","cripto","muito boa mesmo taxas baixíssimas. parabéns millll 🌟🌟🌟🌟🌟🌟🌟🌟🌟🌟🌟🌟🌟🌟","","","","","","2025-12-12 05:16:04","","","","","","","","","","","","","","","","","","","","","","","","","","","","","","","","","","","","","","","","","","","","","","","","","","","","","","","","","","","5.0","","","","","","","","","","","","","","","","","","","","","","","","","","","","","","","","","","","","","","","","","","MEXC: Compre Bitcoin e Cripto","0.0","","","Agradecemos o seu amável feedback! A nossa equipa de atendimento ao cliente está aqui para apoiar a sua jornada de negociação.-HD","2025-12-03 21:03:41"
"App Store (Google Play)","review","cripto","uso a anos, e não tenho oq reclamar","","","","","","2025-12-12 05:16:04","","","","","","","","","","","","","","","","","","","","","","","","","","","","","","","","","","","","","","","","","","","","","","","","","","","","","","","","","","","5.0","","","","","","","","","","","","","","","","","","","","","","","","","","","","","","","","","","","","","","","","","","MEXC: Compre Bitcoin e Cripto","0.0","","","Obrigado pelo seu reconhecimento e confiança na MEXC. Convidamos você a chamar seus amigos para negociar em nossa plataforma. Ofereceremos a eles o mesmo excelente serviço 5 estrelas que você recebeu. Tenha um ótimo dia.-HD","2025-12-03 21:03:43"
"App Store (Google Play)","review","cripto","top demmmaaaissss essa corretora","","","","","","2025-12-12 05:16:04","","","","","","","","","","","","","","","","","","","","","","","","","","","","","","","","","","","","","","","","","","","","","","","","","","","","","","","","","","","5.0","","","","","","","","","","","","","","","","","","","","","","","","","","","","","","","","","","","","","","","","","","MEXC: Compre Bitcoin e Cripto","0.0","","","Sua avaliação 5 estrelas nos inspira! Estamos aqui para apoiar sua jornada de negociação com um serviço de excelência! - DB","2025-12-03 13:12:00"
"App Store (Google Play)","review","cripto","as opções é tudo no inglês não está traduzido para o português Brasil","","","","","","2025-12-12 05:16:04","","","","","","","","","","","","","","","","","","","","","","","","","","","","","","","","","","","","","","","","","","","","","","","","","","","","","","","","","","","1.0","","","","","","","","","","","","","","","","","","","","","","","","","","","","","","","","","","","","","","","","","","Blockchain.com Wallet: Cripto","0.0","","","Hi Divino, We apologize for any inconvenience. Kindly reach us here for proper support - http://support.blockchain.com/ Kind regards, The Blockchain.com Team","2025-12-07 23:33:43"
"App Store (Google Play)","review","cripto","o cara me prometendo me dá um cartão 16.000 me fez eu comprar essas cripto moedas no interior como faço sem","","","","","","2025-12-12 05:16:04","","","","","","","","","","","","","","","","","","","","","","","","","","","","","","","","","","","","","","","","","","","","","","","","","","","","","","","","","","","1.0","","","","","","","","","","","","","","","","","","","","","","","","","","","","","","","","","","","","","","","","","","Blockchain.com Wallet: Cripto","0.0","","","Hi Silva, We are sorry to hear about this. Do you have a Blockchain.com account? We cannot pull up your account with the information available here in your review. Kindly reach us here for proper support - http://support.blockchain.com/ Kind regards, The Blockchain.com Team","2025-12-04 22:47:18"
"App Store (Google Play)","review","cripto","Infelizmente tive o desprazer de entrar na wallet blockchain e simplesmente ver que sumiram o pouco que eu tinha em btc e do nada desapareceu e não aparece nem no registro de transação ticket#6237623","","","","","","2025-12-12 05:16:04","","","","","","","","","","","","","","","","","","","","","","","","","","","","","","","","","","","","","","","","","","","","","","","","","","","","","","","","","","","1.0","","","","","","","","","","","","","","","","","","","","","","","","","","","","","","","","","","","","","","","","","","Blockchain.com Wallet: Cripto","6.0","","","Hello Thereza, We apologize for any inconvenience you may be experiencing. To expedite the resolution of your issue, please provide the additional information requested via email, referencing ticket number 6231085. We would be more than happy to assist you. Kind regards, Blockchain.com Support","2025-11-20 23:38:19"
"App Store (Google Play)","review","cripto","Muito boa carteira é ótimo tá de parabéns rota 10","","","","","","2025-12-12 05:16:04","","","","","","","","","","","","","","","","","","","","","","","","","","","","","","","","","","","","","","","","","","","","","","","","","","","","","","","","","","","5.0","","","","","","","","","","","","","","","","","","","","","","","","","","","","","","","","","","","","","","","","","","Blockchain.com Wallet: Cripto","0.0","","","",""
"App Store (Google Play)","review","cripto","Depois da atualização o app n reconhece o pim agora tá pedindo palavra chave. Resolvam isso","","","","","","2025-12-12 05:16:04","","","","","","","","","","","","","","","","","","","","","","","","","","","","","","","","","","","","","","","","","","","","","","","","","","","","","","","","","","","1.0","","","","","","","","","","","","","","","","","","","","","","","","","","","","","","","","","","","","","","","","","","Blockchain.com Wallet: Cripto","10.0","","","Hello! sorry for any inconvenience. Unfortunately, I was not able to search your profile for proper support. May we request that you reach us out - https://support.blockchain.com/hc/en-us/requests/new . Thanks for your cooperation. Warm regards, The Blockchain.com Team","2025-11-11 01:30:13"
"App Store (Google Play)","review","cripto","como fazer para recuperar o acesso da minha conta e trocar email e ter acesso a conta novamente?","","","","","","2025-12-12 05:16:04","","","","","","","","","","","","","","","","","","","","","","","","","","","","","","","","","","","","","","","","","","","","","","","","","","","","","","","","","","","2.0","","","","","","","","","","","","","","","","","","","","","","","","","","","","","","","","","","","","","","","","","","Blockchain.com Wallet: Cripto","0.0","","","Hi Iracema, we regret any inconvenience. To help us address your issue, please send us your Zendesk ticket number. If you need to submit a ticket, please visit: https://support.blockchain.com/hc/en-us/requests/new and then share the ticket number with us. Thank you for your patience and understanding. Sincerely, Blockchain.com Team","2025-11-11 01:44:48"
"App Store (Google Play)","review","cripto","claro muito bom gostei muito","","","","","","2025-12-12 05:16:04","","","","","","","","","","","","","","","","","","","","","","","","","","","","","","","","","","","","","","","","","","","","","","","","","","","","","","","","","","","5.0","","","","","","","","","","","","","","","","","","","","","","","","","","","","","","","","","","","","","","","","","","Blockchain.com Wallet: Cripto","0.0","","","",""
"App Store (Google Play)","review","cripto","é uma boa aplicação. Dá-nos informações importantes e oportunas e é simples de usar","","","","","","2025-12-12 05:16:04","","","","","","","","","","","","","","","","","","","","","","","","","","","","","","","","","","","","","","","","","","","","","","","","","","","","","","","","","","","5.0","","","","","","","","","","","","","","","","","","","","","","","","","","","","","","","","","","","","","","","","","","Blockchain.com Wallet: Cripto","1.0","","","Many thanks, Maria. This is much appreciated, Feel free to reach out if you need any assistance - https://support.blockchain.com/hc/en-us/requests/new Many Thanks!","2025-10-28 05:45:23"
"App Store (Google Play)","review","cripto","Não caiam nessa armadilha. vc não consegue sacar com cartão de banco digital nem tampouco com cartão de banco tradicional. esgotei meus cartões e não aparece a opção de saque. o interessante é que todo cartão serve pra depósito, mas não saca. estou encerrando a conta com prejuízo do que foi investido.","","","","","","2025-12-12 05:16:04","","","","","","","","","","","","","","","","","","","","","","","","","","","","","","","","","","","","","","","","","","","","","","","","","","","","","","","","","","","1.0","","","","","","","","","","","","","","","","","","","","","","","","","","","","","","","","","","","","","","","","","","Blockchain.com Wallet: Cripto","2.0","","","Hi Benjamin! we're sorry for the inconvenience you've experienced. To resolve your issue, please provide your Zendesk ticket number. If you haven't opened a ticket yet, please submit one via https://support.blockchain.com/hc/en-us/requests/new and let us know the number. Thank you for your patience. Kind regards, Blockchain.com Team","2025-10-26 22:13:13"
"App Store (Google Play)","review","cripto","se colocar EARN STAKE na opção lite igual binance e outras ficará melhor","","","","","","2025-12-12 05:16:04","","","","","","","","","","","","","","","","","","","","","","","","","","","","","","","","","","","","","","","","","","","","","","","","","","","","","","","","","","","5.0","","","","","","","","","","","","","","","","","","","","","","","","","","","","","","","","","","","","","","","","","","KuCoin: compre BTC e criptos","0.0","","","",""
"App Store (Google Play)","review","cripto","que droga e essa meu antivírus tá me visando que tem, Malware Android.BankBot.335.or.... meu aplicativo:com.kubi.Kucoin diz que está na lista de vírus Malware não sei que faço vou volta para binance eo Q resta ....","","","","","","2025-12-12 05:16:04","","","","","","","","","","","","","","","","","","","","","","","","","","","","","","","","","","","","","","","","","","","","","","","","","","","","","","","","","","","1.0","","","","","","","","","","","","","","","","","","","","","","","","","","","","","","","","","","","","","","","","","","KuCoin: compre BTC e criptos","0.0","","","Dear user,

After receiving your feedback regarding the ""virus scan risk warning,"" we reviewed it immediately. Please rest assured that our application does not contain any viruses or malicious behavior. All versions have undergone security testing by multiple parties, including Google Play and security hardening platforms, before being released.","2025-12-12 00:12:56"
"App Store (Google Play)","review","cripto","corretora excelente! e muito fácil de entender e operar","","","","","","2025-12-12 05:16:04","","","","","","","","","","","","","","","","","","","","","","","","","","","","","","","","","","","","","","","","","","","","","","","","","","","","","","","","","","","5.0","","","","","","","","","","","","","","","","","","","","","","","","","","","","","","","","","","","","","","","","","","KuCoin: compre BTC e criptos","0.0","","","",""
"App Store (Google Play)","review","cripto","os rendimentos stake zil zilliga não está rendendo conforme o contrato faz 2 dias não rendeu nada","","","","","","2025-12-12 05:16:04","","","","","","","","","","","","","","","","","","","","","","","","","","","","","","","","","","","","","","","","","","","","","","","","","","","","","","","","","","","5.0","","","","","","","","","","","","","","","","","","","","","","","","","","","","","","","","","","","","","","","","","","KuCoin: compre BTC e criptos","0.0","","","",""
"App Store (Google Play)","review","cripto","Estou tentando solicitar o kucard desde que baixei a aplicação e simplesmente virou um desgaste, nunca aceitam a minha solicitação com a carteira de motorista, nem passaporte. Na verdade, não tenho elogio algum para essa app.","","","","","","2025-12-12 05:16:04","","","","","","","","","","","","","","","","","","","","","","","","","","","","","","","","","","","","","","","","","","","","","","","","","","","","","","","","","","","1.0","","","","","","","","","","","","","","","","","","","","","","","","","","","","","","","","","","","","","","","","","","KuCoin: compre BTC e criptos","0.0","","","Hi there, Thank you for sharing your feedback with us. At KuCoin, we prioritize your security and strive to provide top-quality services. We're always looking to improve based on your experience. If you have any ticket number, please reach out to our support team at support@kucoin.com. We're here to help!","2025-12-12 00:19:38"
"App Store (Google Play)","review","cripto","Best exchange!","","","","","","2025-12-12 05:16:04","","","","","","","","","","","","","","","","","","","","","","","","","","","","","","","","","","","","","","","","","","","","","","","","","","","","","","","","","","","5.0","","","","","","","","","","","","","","","","","","","","","","","","","","","","","","","","","","","","","","","","","","KuCoin: compre BTC e criptos","0.0","","","",""
"App Store (Google Play)","review","cripto","quando existe venda em futuros ou a ordem não é realizada ou p valor muda p o pior valor , horrível fazer trade não podendo confiar no sistema","","","","","","2025-12-12 05:16:04","","","","","","","","","","","","","","","","","","","","","","","","","","","","","","","","","","","","","","","","","","","","","","","","","","","","","","","","","","","1.0","","","","","","","","","","","","","","","","","","","","","","","","","","","","","","","","","","","","","","","","","","KuCoin: compre BTC e criptos","0.0","","","Hi there, Thank you for sharing your feedback with us. At KuCoin, we prioritize your security and strive to provide top-quality services. We're always looking to improve based on your experience. If you have any specific evidence, please reach out to our support team at support@kucoin.com. We're here to help!","2025-12-12 00:20:01"
"App Store (Google Play)","review","cripto","vem intuitiva, boa segurança.","","","","","","2025-12-12 05:16:04","","","","","","","","","","","","","","","","","","","","","","","","","","","","","","","","","","","","","","","","","","","","","","","","","","","","","","","","","","","5.0","","","","","","","","","","","","","","","","","","","","","","","","","","","","","","","","","","","","","","","","","","KuCoin: compre BTC e criptos","0.0","","","",""
"App Store (Google Play)","review","cripto","a melhor corretora os melhores ativos 🚀🚀🚀","","","","","","2025-12-12 05:16:04","","","","","","","","","","","","","","","","","","","","","","","","","","","","","","","","","","","","","","","","","","","","","","","","","","","","","","","","","","","5.0","","","","","","","","","","","","","","","","","","","","","","","","","","","","","","","","","","","","","","","","","","KuCoin: compre BTC e criptos","0.0","","","Hi there! Thank you for your fantastic review! We’re delighted to know you’re enjoying our app. Your positive feedback is truly inspiring and encourages us to keep enhancing our product. We’re committed to providing you with the best experience and are excited to bring you even more great features in the future.","2025-12-04 04:01:16"
"App Store (Google Play)","review","cripto","fiz um saque pix segunda feira as 11:45 da manhã e até hoje quarta feira as 17:47 nada de cair na minha conta bancária, ja entrei em contato com suporte e nada de resolver só responderam que tem que esperar porque demora alguns dias úteis.","","","","","","2025-12-12 05:16:04","","","","","","","","","","","","","","","","","","","","","","","","","","","","","","","","","","","","","","","","","","","","","","","","","","","","","","","","","","","1.0","","","","","","","","","","","","","","","","","","","","","","","","","","","","","","","","","","","","","","","","","","KuCoin: compre BTC e criptos","0.0","","","",""
"App Store (App Store)","review","cripto","transferi bitcoins entre carteiras e quase 10% foram de taxas.","","","","","","2025-12-12 05:16:04","","","","","","","","","","","","","","","","","","","","","","","","","","","","","","","","","","","","","","","","","","","","","","","","","","","","","","","","","","","1.0","","","","","","","","","","","","","","","","","","","","","","","","","","","","","","","","","","","","","","","","","Taxas muito altas.","Crypto.com: Compre Cripto, BTC","0.0","","","",""
"App Store (App Store)","review","cripto","O app permite que você envie o dinheiro sem, necessariamente, cadastrar uma forma de retirar ele. Pois então, coloquei R$500 reais e até tive lucro, porém, o app está há mais de um mês para ""realizar a verificação"" dos meus documentos a fim de cadastrar o cartão para retirar o dinheiro. Nesse tempo, passou a alta das moedas e estou num prejuízo enorme, por puro descaso da equipe que avalia os documentos. Contatei o suporte diversas vezes e só me foi passado que eu deveria ""continuar esperando"", vergonhoso.","","","","","","2025-12-12 05:16:04","","","","","","","","","","","","","","","","","","","","","","","","","","","","","","","","","","","","","","","","","","","","","","","","","","","","","","","","","","","1.0","","","","","","","","","","","","","","","","","","","","","","","","","","","","","","","","","","","","","","","","","Experiência péssima","Crypto.com: Compre Cripto, BTC","0.0","","","",""
"App Store (App Store)","review","cripto","As missões que são diamantes todos os dias agora estão aqui.","","","","","","2025-12-12 05:16:04","","","","","","","","","","","","","","","","","","","","","","","","","","","","","","","","","","","","","","","","","","","","","","","","","","","","","","","","","","","5.0","","","","","","","","","","","","","","","","","","","","","","","","","","","","","","","","","","","","","","","","","Rewards Hub","Crypto.com: Compre Cripto, BTC","0.0","","","",""
"App Store (App Store)","review","cripto","Completo e fácil de usar.","","","","","","2025-12-12 05:16:04","","","","","","","","","","","","","","","","","","","","","","","","","","","","","","","","","","","","","","","","","","","","","","","","","","","","","","","","","","","5.0","","","","","","","","","","","","","","","","","","","","","","","","","","","","","","","","","","","","","","","","","Fácil","Crypto.com: Compre Cripto, BTC","0.0","","","",""
"App Store (App Store)","review","cripto","Muito top","","","","","","2025-12-12 05:16:04","","","","","","","","","","","","","","","","","","","","","","","","","","","","","","","","","","","","","","","","","","","","","","","","","","","","","","","","","","","5.0","","","","","","","","","","","","","","","","","","","","","","","","","","","","","","","","","","","","","","","","","Muito top","Crypto.com: Compre Cripto, BTC","0.0","","","",""
"App Store (App Store)","review","cripto","Minha conta ficou restrita do nada para entrar pedindo para enviar novo documento e face, tento fazer e não vai de jeito nenhum! Só fica falado que a qualidade tá ruim, que vai ser analisado e vou receber email enquanto isso tento entra de novo e aparece tudo de novo, enquanto isso eu perdendo baixa do BTC para comprar, vou para outra corretora e depois transferir ativos 😫","","","","","","2025-12-12 05:16:04","","","","","","","","","","","","","","","","","","","","","","","","","","","","","","","","","","","","","","","","","","","","","","","","","","","","","","","","","","","1.0","","","","","","","","","","","","","","","","","","","","","","","","","","","","","","","","","","","","","","","","","Não libero acesso na conta","Crypto.com: Compre Cripto, BTC","0.0","","","",""
"App Store (App Store)","review","cripto","Simplesmente você paga por uma assinatura e o produto não funciona. O suporte é horrível, e apesar do layout ser bonito, é só o que esse app e o cartão são: bonitinhos, inúteis e vão fazer você perder dias em suporte sem fim, e sem solução pro seu problema. Conversar com uma porta seria mais útil.","","","","","","2025-12-12 05:16:04","","","","","","","","","","","","","","","","","","","","","","","","","","","","","","","","","","","","","","","","","","","","","","","","","","","","","","","","","","","1.0","","","","","","","","","","","","","","","","","","","","","","","","","","","","","","","","","","","","","","","","","Péssimo","Crypto.com: Compre Cripto, BTC","0.0","","","",""
"App Store (App Store)","review","cripto","It’s awesome. But the spread could be way better for users.","","","","","","2025-12-12 05:16:04","","","","","","","","","","","","","","","","","","","","","","","","","","","","","","","","","","","","","","","","","","","","","","","","","","","","","","","","","","","4.0","","","","","","","","","","","","","","","","","","","","","","","","","","","","","","","","","","","","","","","","","Near perfect","Crypto.com: Compre Cripto, BTC","0.0","","","",""
"App Store (App Store)","review","cripto","Me ajuda muito na vida financeira","","","","","","2025-12-12 05:16:04","","","","","","","","","","","","","","","","","","","","","","","","","","","","","","","","","","","","","","","","","","","","","","","","","","","","","","","","","","","5.0","","","","","","","","","","","","","","","","","","","","","","","","","","","","","","","","","","","","","","","","","Ótimo APP","Crypto.com: Compre Cripto, BTC","0.0","","","",""
"App Store (App Store)","review","cripto","Porém vc tem que fazer uma compra de cripto e usar o código c826dkdkdu , com esse código dá certo sim eu ganhei 25 reais! Depois de uma transação!","","","","","","2025-12-12 05:16:04","","","","","","","","","","","","","","","","","","","","","","","","","","","","","","","","","","","","","","","","","","","","","","","","","","","","","","","","","","","5.0","","","","","","","","","","","","","","","","","","","","","","","","","","","","","","","","","","","","","","","","","O código está funcionando c826dkdkdu","Crypto.com: Compre Cripto, BTC","0.0","","","",""
"App Store (App Store)","review","cripto","Perdi acesso a minha conta depois do meu celular queimar e não consegui recuperar no meu novo. Mesmo autenticando meu rosto, meu e-mail e número do celular. Mas ainda assim não autoriza o acesso, precisa do antigo aparelho pra confirmar o acesso","","","","","","2025-12-12 05:16:04","","","","","","","","","","","","","","","","","","","","","","","","","","","","","","","","","","","","","","","","","","","","","","","","","","","","","","","","","","","1.0","","","","","","","","","","","","","","","","","","","","","","","","","","","","","","","","","","","","","","","","","Sem acesso","Binance: Compre BTC e Cripto","0.0","","","",""
"App Store (App Store)","review","cripto","Excelente","","","","","","2025-12-12 05:16:04","","","","","","","","","","","","","","","","","","","","","","","","","","","","","","","","","","","","","","","","","","","","","","","","","","","","","","","","","","","5.0","","","","","","","","","","","","","","","","","","","","","","","","","","","","","","","","","","","","","","","","","Experiência Binance","Binance: Compre BTC e Cripto","0.0","","","",""
"App Store (App Store)","review","cripto","Muito intuitivo","","","","","","2025-12-12 05:16:04","","","","","","","","","","","","","","","","","","","","","","","","","","","","","","","","","","","","","","","","","","","","","","","","","","","","","","","","","","","5.0","","","","","","","","","","","","","","","","","","","","","","","","","","","","","","","","","","","","","","","","","Muito seguro e barato","Binance: Compre BTC e Cripto","0.0","","","",""
"App Store (App Store)","review","cripto","Melhor app de cripto, muito intuitivo e confiável","","","","","","2025-12-12 05:16:04","","","","","","","","","","","","","","","","","","","","","","","","","","","","","","","","","","","","","","","","","","","","","","","","","","","","","","","","","","","5.0","","","","","","","","","","","","","","","","","","","","","","","","","","","","","","","","","","","","","","","","","Fácil e didático","Binance: Compre BTC e Cripto","0.0","","","",""
"App Store (App Store)","review","cripto","como assim o saldo não acompanha o ponteiro no graficos?","","","","","","2025-12-12 05:16:04","","","","","","","","","","","","","","","","","","","","","","","","","","","","","","","","","","","","","","","","","","","","","","","","","","","","","","","","","","","4.0","","","","","","","","","","","","","","","","","","","","","","","","","","","","","","","","","","","","","","","","","última atualização","Binance: Compre BTC e Cripto","0.0","","","",""
"App Store (App Store)","review","cripto","Melhor corretora! Criptomoedas são difíceis de lidar, guardar com segurança e etc… estudar sobre Bitcoin é mais importante do que comprar.","","","","","","2025-12-12 05:16:04","","","","","","","","","","","","","","","","","","","","","","","","","","","","","","","","","","","","","","","","","","","","","","","","","","","","","","","","","","","5.0","","","","","","","","","","","","","","","","","","","","","","","","","","","","","","","","","","","","","","","","","Ótimo","Binance: Compre BTC e Cripto","0.0","","","",""
"App Store (App Store)","review","cripto","5%","","","","","","2025-12-12 05:16:04","","","","","","","","","","","","","","","","","","","","","","","","","","","","","","","","","","","","","","","","","","","","","","","","","","","","","","","","","","","5.0","","","","","","","","","","","","","","","","","","","","","","","","","","","","","","","","","","","","","","","","","Cripto","Binance: Compre BTC e Cripto","0.0","","","",""
"App Store (App Store)","review","cripto","Hackeram minha conta. Alteraram meu e-mail e roubaram meu saldo","","","","","","2025-12-12 05:16:04","","","","","","","","","","","","","","","","","","","","","","","","","","","","","","","","","","","","","","","","","","","","","","","","","","","","","","","","","","","1.0","","","","","","","","","","","","","","","","","","","","","","","","","","","","","","","","","","","","","","","","","Hackearam minha conta","Binance: Compre BTC e Cripto","0.0","","","",""
"App Store (App Store)","review","cripto","Estou muito contente com a Binance","","","","","","2025-12-12 05:16:04","","","","","","","","","","","","","","","","","","","","","","","","","","","","","","","","","","","","","","","","","","","","","","","","","","","","","","","","","","","5.0","","","","","","","","","","","","","","","","","","","","","","","","","","","","","","","","","","","","","","","","","Confiável","Binance: Compre BTC e Cripto","0.0","","","",""
"App Store (App Store)","review","cripto","Prática","","","","","","2025-12-12 05:16:04","","","","","","","","","","","","","","","","","","","","","","","","","","","","","","","","","","","","","","","","","","","","","","","","","","","","","","","","","","","5.0","","","","","","","","","","","","","","","","","","","","","","","","","","","","","","","","","","","","","","","","","A melhor","Binance: Compre BTC e Cripto","0.0","","","",""
"App Store (App Store)","review","cripto","Eu salvo o gráfico de um jeito, mas sempre que fecho e volto outro dia, as marcações ficam fora do lugar. Isso é irritante!","","","","","","2025-12-12 05:16:04","","","","","","","","","","","","","","","","","","","","","","","","","","","","","","","","","","","","","","","","","","","","","","","","","","","","","","","","","","","2.0","","","","","","","","","","","","","","","","","","","","","","","","","","","","","","","","","","","","","","","","","Perdendo a graça!","TradingView - Ações e Cripto","0.0","","","",""
"App Store (App Store)","review","cripto","Super intuitivo","","","","","","2025-12-12 05:16:04","","","","","","","","","","","","","","","","","","","","","","","","","","","","","","","","","","","","","","","","","","","","","","","","","","","","","","","","","","","5.0","","","","","","","","","","","","","","","","","","","","","","","","","","","","","","","","","","","","","","","","","Eric","TradingView - Ações e Cripto","0.0","","","",""
"App Store (App Store)","review","cripto","Eficiente.","","","","","","2025-12-12 05:16:04","","","","","","","","","","","","","","","","","","","","","","","","","","","","","","","","","","","","","","","","","","","","","","","","","","","","","","","","","","","5.0","","","","","","","","","","","","","","","","","","","","","","","","","","","","","","","","","","","","","","","","","Bom!","TradingView - Ações e Cripto","0.0","","","",""
"App Store (App Store)","review","cripto","App muito bom","","","","","","2025-12-12 05:16:04","","","","","","","","","","","","","","","","","","","","","","","","","","","","","","","","","","","","","","","","","","","","","","","","","","","","","","","","","","","5.0","","","","","","","","","","","","","","","","","","","","","","","","","","","","","","","","","","","","","","","","","Bom app","TradingView - Ações e Cripto","0.0","","","",""
"App Store (App Store)","review","cripto","O app é muito bom, mas quase toda hora o widget da erro e não exibe as informações","","","","","","2025-12-12 05:16:04","","","","","","","","","","","","","","","","","","","","","","","","","","","","","","","","","","","","","","","","","","","","","","","","","","","","","","","","","","","2.0","","","","","","","","","","","","","","","","","","","","","","","","","","","","","","","","","","","","","","","","","Widgets dando erro","TradingView - Ações e Cripto","0.0","","","",""
"App Store (App Store)","review","cripto","Gosto muito do aplicativo e minha nota deveria ser 5 porém hoje fui atualizar e “sumiu” a possibilidade de ver o gráfico de 60minutos diretamente pela lista (normalmente eu vou passando de forma mais rápida direto na lista) agora tem semanal, 5 minutos, 120 minutos e 240 minutos. Por favor voltem com o de 60minutos ou me expliquem como volto para a versão anterior. Obrigado","","","","","","2025-12-12 05:16:04","","","","","","","","","","","","","","","","","","","","","","","","","","","","","","","","","","","","","","","","","","","","","","","","","","","","","","","","","","","2.0","","","","","","","","","","","","","","","","","","","","","","","","","","","","","","","","","","","","","","","","","Última atualização sumiu o gráfico de 60minutos","TradingView - Ações e Cripto","0.0","","","",""
"App Store (App Store)","review","cripto","Muito bom","","","","","","2025-12-12 05:16:04","","","","","","","","","","","","","","","","","","","","","","","","","","","","","","","","","","","","","","","","","","","","","","","","","","","","","","","","","","","5.0","","","","","","","","","","","","","","","","","","","","","","","","","","","","","","","","","","","","","","","","","Cícero","TradingView - Ações e Cripto","0.0","","","",""
"App Store (App Store)","review","cripto","Até para iniciantes é muito bom, ferramentas inclíveis","","","","","","2025-12-12 05:16:04","","","","","","","","","","","","","","","","","","","","","","","","","","","","","","","","","","","","","","","","","","","","","","","","","","","","","","","","","","","5.0","","","","","","","","","","","","","","","","","","","","","","","","","","","","","","","","","","","","","","","","","Muito bom","TradingView - Ações e Cripto","0.0","","","",""
"App Store (App Store)","review","cripto","If are you looking for a good toolkit to help you with your decision… you find","","","","","","2025-12-12 05:16:04","","","","","","","","","","","","","","","","","","","","","","","","","","","","","","","","","","","","","","","","","","","","","","","","","","","","","","","","","","","5.0","","","","","","","","","","","","","","","","","","","","","","","","","","","","","","","","","","","","","","","","","Good tool","TradingView - Ações e Cripto","0.0","","","",""
"App Store (App Store)","review","cripto","🆙 Adicionem a função Portfólio para a versão app. Chega ser absurdo vocês perderem o 1º lugar para o Yahoo Finanças por não terem o Portfólio disponível no app. Que mancada. Atualizem e sejam os melhores. 🎯","","","","","","2025-12-12 05:16:04","","","","","","","","","","","","","","","","","","","","","","","","","","","","","","","","","","","","","","","","","","","","","","","","","","","","","","","","","","","3.0","","","","","","","","","","","","","","","","","","","","","","","","","","","","","","","","","","","","","","","","","⚠️ Por favor eu suplico","TradingView - Ações e Cripto","0.0","","","",""
"App Store (App Store)","review","cripto","MEXC é a melhor corretora, muitas opções de criptos.","","","","","","2025-12-12 05:16:04","","","","","","","","","","","","","","","","","","","","","","","","","","","","","","","","","","","","","","","","","","","","","","","","","","","","","","","","","","","5.0","","","","","","","","","","","","","","","","","","","","","","","","","","","","","","","","","","","","","","","","","Corretora de cripto Top","MEXC: Compre Bitcoin e Cripto","0.0","","","",""
"App Store (App Store)","review","cripto","Excelente!","","","","","","2025-12-12 05:16:04","","","","","","","","","","","","","","","","","","","","","","","","","","","","","","","","","","","","","","","","","","","","","","","","","","","","","","","","","","","5.0","","","","","","","","","","","","","","","","","","","","","","","","","","","","","","","","","","","","","","","","","Gostando bastante!","MEXC: Compre Bitcoin e Cripto","0.0","","","",""
"App Store (App Store)","review","cripto","Boa","","","","","","2025-12-12 05:16:04","","","","","","","","","","","","","","","","","","","","","","","","","","","","","","","","","","","","","","","","","","","","","","","","","","","","","","","","","","","5.0","","","","","","","","","","","","","","","","","","","","","","","","","","","","","","","","","","","","","","","","","Novo usuário","MEXC: Compre Bitcoin e Cripto","0.0","","","",""
"App Store (App Store)","review","cripto","Interface top e fácil de usar.","","","","","","2025-12-12 05:16:04","","","","","","","","","","","","","","","","","","","","","","","","","","","","","","","","","","","","","","","","","","","","","","","","","","","","","","","","","","","5.0","","","","","","","","","","","","","","","","","","","","","","","","","","","","","","","","","","","","","","","","","Muito bom","MEXC: Compre Bitcoin e Cripto","0.0","","","",""
"App Store (App Store)","review","cripto","Muito simples","","","","","","2025-12-12 05:16:04","","","","","","","","","","","","","","","","","","","","","","","","","","","","","","","","","","","","","","","","","","","","","","","","","","","","","","","","","","","5.0","","","","","","","","","","","","","","","","","","","","","","","","","","","","","","","","","","","","","","","","","Top","MEXC: Compre Bitcoin e Cripto","0.0","","","",""
"App Store (App Store)","review","cripto","A melhor de todas","","","","","","2025-12-12 05:16:04","","","","","","","","","","","","","","","","","","","","","","","","","","","","","","","","","","","","","","","","","","","","","","","","","","","","","","","","","","","5.0","","","","","","","","","","","","","","","","","","","","","","","","","","","","","","","","","","","","","","","","","Top","MEXC: Compre Bitcoin e Cripto","0.0","","","",""
"App Store (App Store)","review","cripto","100%","","","","","","2025-12-12 05:16:04","","","","","","","","","","","","","","","","","","","","","","","","","","","","","","","","","","","","","","","","","","","","","","","","","","","","","","","","","","","5.0","","","","","","","","","","","","","","","","","","","","","","","","","","","","","","","","","","","","","","","","","Recomendo","MEXC: Compre Bitcoin e Cripto","0.0","","","",""
"App Store (App Store)","review","cripto","Nunca tive problema 100% confiável","","","","","","2025-12-12 05:16:04","","","","","","","","","","","","","","","","","","","","","","","","","","","","","","","","","","","","","","","","","","","","","","","","","","","","","","","","","","","5.0","","","","","","","","","","","","","","","","","","","","","","","","","","","","","","","","","","","","","","","","","A melhor","MEXC: Compre Bitcoin e Cripto","0.0","","","",""
"App Store (App Store)","review","cripto","10","","","","","","2025-12-12 05:16:04","","","","","","","","","","","","","","","","","","","","","","","","","","","","","","","","","","","","","","","","","","","","","","","","","","","","","","","","","","","5.0","","","","","","","","","","","","","","","","","","","","","","","","","","","","","","","","","","","","","","","","","Rodrigo A L Figueiredo","MEXC: Compre Bitcoin e Cripto","0.0","","","",""
"App Store (App Store)","review","cripto","bom demais","","","","","","2025-12-12 05:16:04","","","","","","","","","","","","","","","","","","","","","","","","","","","","","","","","","","","","","","","","","","","","","","","","","","","","","","","","","","","5.0","","","","","","","","","","","","","","","","","","","","","","","","","","","","","","","","","","","","","","","","","higor","CoinMarketCap: Crypto Tracker","0.0","","","",""
"App Store (App Store)","review","cripto","The Perfect one app for risk market","","","","","","2025-12-12 05:16:04","","","","","","","","","","","","","","","","","","","","","","","","","","","","","","","","","","","","","","","","","","","","","","","","","","","","","","","","","","","5.0","","","","","","","","","","","","","","","","","","","","","","","","","","","","","","","","","","","","","","","","","Best one","CoinMarketCap: Crypto Tracker","0.0","","","",""
"App Store (App Store)","review","cripto","Muito Boa Corretora Para Crypto E Nos Orienta E Informa Da Maneira Adequada!","","","","","","2025-12-12 05:16:04","","","","","","","","","","","","","","","","","","","","","","","","","","","","","","","","","","","","","","","","","","","","","","","","","","","","","","","","","","","5.0","","","","","","","","","","","","","","","","","","","","","","","","","","","","","","","","","","","","","","","","","Excelente","CoinMarketCap: Crypto Tracker","0.0","","","",""
"App Store (App Store)","review","cripto","Aplicativo ótimo e completo!! Porém, está sem widget depois das atualizações. Não sei se foi algo proposital ou por engano. Se for proposital, uma pena!  Se foi um erro, que erro problemático, fiquei achando que era meu celular ou algo assim.","","","","","","2025-12-12 05:16:04","","","","","","","","","","","","","","","","","","","","","","","","","","","","","","","","","","","","","","","","","","","","","","","","","","","","","","","","","","","5.0","","","","","","","","","","","","","","","","","","","","","","","","","","","","","","","","","","","","","","","","","Sem widget","CoinMarketCap: Crypto Tracker","0.0","","","",""
"App Store (App Store)","review","cripto","Agora não consigo mais ver na minha tela principal o valor de mercado. Parabéns!","","","","","","2025-12-12 05:16:04","","","","","","","","","","","","","","","","","","","","","","","","","","","","","","","","","","","","","","","","","","","","","","","","","","","","","","","","","","","1.0","","","","","","","","","","","","","","","","","","","","","","","","","","","","","","","","","","","","","","","","","Removeram os widget com atualização.","CoinMarketCap: Crypto Tracker","0.0","","","",""
"App Store (App Store)","review","cripto","Do seguimento de monitorar bitcoin, esse é o melhor app que já usei, parabéns aos devs e a comunidade","","","","","","2025-12-12 05:16:04","","","","","","","","","","","","","","","","","","","","","","","","","","","","","","","","","","","","","","","","","","","","","","","","","","","","","","","","","","","5.0","","","","","","","","","","","","","","","","","","","","","","","","","","","","","","","","","","","","","","","","","Melhor app","CoinMarketCap: Crypto Tracker","0.0","","","",""
"App Store (App Store)","review","cripto","@CoinMarketCap @coingecko 

When will you update $BOB? Missing to include in markets: 

@HTX_Global @Poloniex @MEXC_Official 

@BOB_bnbbuilder","","","","","","2025-12-12 05:16:04","","","","","","","","","","","","","","","","","","","","","","","","","","","","","","","","","","","","","","","","","","","","","","","","","","","","","","","","","","","1.0","","","","","","","","","","","","","","","","","","","","","","","","","","","","","","","","","","","","","","","","","When will you update $BOB? Missing to include in markets:","CoinMarketCap: Crypto Tracker","0.0","","","",""
"App Store (App Store)","review","cripto","Tem muita credibilidade, as informações são verdadeiras e verdadeiras e importantes para tomadas de decisão!!!!","","","","","","2025-12-12 05:16:04","","","","","","","","","","","","","","","","","","","","","","","","","","","","","","","","","","","","","","","","","","","","","","","","","","","","","","","","","","","5.0","","","","","","","","","","","","","","","","","","","","","","","","","","","","","","","","","","","","","","","","","Excelente!!!!","CoinMarketCap: Crypto Tracker","0.0","","","",""
"App Store (App Store)","review","cripto","Lixo, adicionamos o ativo e não soma. Erro de versão primária.","","","","","","2025-12-12 05:16:04","","","","","","","","","","","","","","","","","","","","","","","","","","","","","","","","","","","","","","","","","","","","","","","","","","","","","","","","","","","1.0","","","","","","","","","","","","","","","","","","","","","","","","","","","","","","","","","","","","","","","","","Lixo, adiciono o ativo, mas não soma, bug!","CoinMarketCap: Crypto Tracker","0.0","","","",""
"App Store (App Store)","review","cripto","App muito bom, com muitas funções que outros não tem é muito ágio!!!
E dá pra usar para tudo e muito mais.","","","","","","2025-12-12 05:16:04","","","","","","","","","","","","","","","","","","","","","","","","","","","","","","","","","","","","","","","","","","","","","","","","","","","","","","","","","","","5.0","","","","","","","","","","","","","","","","","","","","","","","","","","","","","","","","","","","","","","","","","Yes","CoinMarketCap: Crypto Tracker","0.0","","","",""
"App Store (App Store)","review","cripto","0","","","","","","2025-12-12 05:16:04","","","","","","","","","","","","","","","","","","","","","","","","","","","","","","","","","","","","","","","","","","","","","","","","","","","","","","","","","","","1.0","","","","","","","","","","","","","","","","","","","","","","","","","","","","","","","","","","","","","","","","","Oscilação comparado ao Padrão TradingView sempre pega stop","Bybit: Compre e negocie cripto","0.0","","","",""
"App Store (App Store)","review","cripto","terrible in all","","","","","","2025-12-12 05:16:04","","","","","","","","","","","","","","","","","","","","","","","","","","","","","","","","","","","","","","","","","","","","","","","","","","","","","","","","","","","1.0","","","","","","","","","","","","","","","","","","","","","","","","","","","","","","","","","","","","","","","","","do not use bybit","Bybit: Compre e negocie cripto","0.0","","","",""
"App Store (App Store)","review","cripto","a corretora não é de confiança, fazem uma oferta e depois simplesmente dizem que você não cumpriu com regulamento, sem especificar sua conduta ou dar mais detalhes. Assim qualquer um faz oferta né.","","","","","","2025-12-12 05:16:04","","","","","","","","","","","","","","","","","","","","","","","","","","","","","","","","","","","","","","","","","","","","","","","","","","","","","","","","","","","1.0","","","","","","","","","","","","","","","","","","","","","","","","","","","","","","","","","","","","","","","","","Não cumprem a oferta.","Bybit: Compre e negocie cripto","0.0","","","",""
"App Store (App Store)","review","cripto","Empresa despreparada! Não percam tempo !","","","","","","2025-12-12 05:16:04","","","","","","","","","","","","","","","","","","","","","","","","","","","","","","","","","","","","","","","","","","","","","","","","","","","","","","","","","","","1.0","","","","","","","","","","","","","","","","","","","","","","","","","","","","","","","","","","","","","","","","","App não confiável","Bybit: Compre e negocie cripto","0.0","","","",""
"App Store (App Store)","review","cripto","Tudo Robotizado, o
Usuário não tem Chance de resolver nada, muita
Instabilidade!","","","","","","2025-12-12 05:16:04","","","","","","","","","","","","","","","","","","","","","","","","","","","","","","","","","","","","","","","","","","","","","","","","","","","","","","","","","","","1.0","","","","","","","","","","","","","","","","","","","","","","","","","","","","","","","","","","","","","","","","","Suporte ruim","Bybit: Compre e negocie cripto","0.0","","","",""
"App Store (App Store)","review","cripto","Muito fácil e segura!","","","","","","2025-12-12 05:16:04","","","","","","","","","","","","","","","","","","","","","","","","","","","","","","","","","","","","","","","","","","","","","","","","","","","","","","","","","","","5.0","","","","","","","","","","","","","","","","","","","","","","","","","","","","","","","","","","","","","","","","","Top demais","Bybit: Compre e negocie cripto","0.0","","","",""
"App Store (App Store)","review","cripto","Entrei na plataforma com a intenção de começar a operar no mercado de criptomoesas e recebi algumas promoções de novo candidato , as quais dediquei tempo e dinheiro pra fazer. Conclui, e ficou por 3 dias em análise, no final eles disseram que a campanha foi revogada pois foi encontrado movimentações suspeitas em minha conta..... Pura enganação! Minha conta estava toda verificada, com selfie e comprovante de endereço! Retirei meu dinheiro, vendi meus ativos e encerrei a conta! UMA PLATAFORMA QUE AGE ASSIM COM NOVOS USUÁRIOS, NAO MERECE MINHA CONFIANÇA! 
Sem contar que o app não achei nada intuitivo, complexo , funções escondidas , por exemplo o saque que não consegui fazer pelo app.","","","","","","2025-12-12 05:16:04","","","","","","","","","","","","","","","","","","","","","","","","","","","","","","","","","","","","","","","","","","","","","","","","","","","","","","","","","","","1.0","","","","","","","","","","","","","","","","","","","","","","","","","","","","","","","","","","","","","","","","","PROMOÇÕES ENGANOSAS!!","Bybit: Compre e negocie cripto","0.0","","","",""
"App Store (App Store)","review","cripto","Malhar corretora do Mundo.","","","","","","2025-12-12 05:16:04","","","","","","","","","","","","","","","","","","","","","","","","","","","","","","","","","","","","","","","","","","","","","","","","","","","","","","","","","","","5.0","","","","","","","","","","","","","","","","","","","","","","","","","","","","","","","","","","","","","","","","","A melhor","Bybit: Compre e negocie cripto","0.0","","","",""
"App Store (App Store)","review","cripto","[p2p] unread messages","","","","","","2025-12-12 05:16:04","","","","","","","","","","","","","","","","","","","","","","","","","","","","","","","","","","","","","","","","","","","","","","","","","","","","","","","","","","","1.0","","","","","","","","","","","","","","","","","","","","","","","","","","","","","","","","","","","","","","","","","Notification spam impossible deactivate","Bybit: Compre e negocie cripto","0.0","","","",""
"App Store (App Store)","review","cripto","Taxa de transferência abusiva rede plasma 120x maior rede sol 6x acima rede bep20 7x valor acima tão passando
Fome avisem!","","","","","","2025-12-12 05:16:04","","","","","","","","","","","","","","","","","","","","","","","","","","","","","","","","","","","","","","","","","","","","","","","","","","","","","","","","","","","1.0","","","","","","","","","","","","","","","","","","","","","","","","","","","","","","","","","","","","","","","","","Mais uma bandida que estorque cobrando taxas abusivas","KuCoin-Compre Bitcoin e Cripto","0.0","","","",""
"App Store (App Store)","review","cripto","Não recomendo, estou com problema e eles não ajudam","","","","","","2025-12-12 05:16:04","","","","","","","","","","","","","","","","","","","","","","","","","","","","","","","","","","","","","","","","","","","","","","","","","","","","","","","","","","","1.0","","","","","","","","","","","","","","","","","","","","","","","","","","","","","","","","","","","","","","","","","Problema","KuCoin-Compre Bitcoin e Cripto","0.0","","","",""
"App Store (App Store)","review","cripto","Fiz um depósito dia 22/01 com cpf diferente da minha conta e até dia 14/02 não tive o reembolso… Binance o estorno é na HORA","","","","","","2025-12-12 05:16:04","","","","","","","","","","","","","","","","","","","","","","","","","","","","","","","","","","","","","","","","","","","","","","","","","","","","","","","","","","","1.0","","","","","","","","","","","","","","","","","","","","","","","","","","","","","","","","","","","","","","","","","Estorno depósito Fiat Brl","KuCoin-Compre Bitcoin e Cripto","0.0","","","",""
"App Store (App Store)","review","cripto","Eu venho usando o KuCoin há algum tempo e tem sido uma experiência incrível. 🎉 

Não se esqueça de usar o código letsgooo ao se registrar para obter um desconto de 10% na comissão de negociação e recompensa de até 700$ após o primeiro depósito. As taxas de comissão são as melhores que você encontrará, geralmente variando entre 0.1% e 0.2%. As funções são intuitivas e fáceis de usar, tornando a negociação de criptomoedas uma brisa. 💵","","","","","","2025-12-12 05:16:04","","","","","","","","","","","","","","","","","","","","","","","","","","","","","","","","","","","","","","","","","","","","","","","","","","","","","","","","","","","5.0","","","","","","","","","","","","","","","","","","","","","","","","","","","","","","","","","","","","","","","","","Ótimo app para cripto! 👍","KuCoin-Compre Bitcoin e Cripto","0.0","","","",""
"App Store (App Store)","review","cripto","Dificuldade de colocar a grade no gráfico para acompanhar a operação","","","","","","2025-12-12 05:16:04","","","","","","","","","","","","","","","","","","","","","","","","","","","","","","","","","","","","","","","","","","","","","","","","","","","","","","","","","","","4.0","","","","","","","","","","","","","","","","","","","","","","","","","","","","","","","","","","","","","","","","","Futuros","KuCoin-Compre Bitcoin e Cripto","0.0","","","",""
"App Store (App Store)","review","cripto","Pessimo, transferi da Binance para a plataforma deles e não chegou, além de ser nada intuitivo o app","","","","","","2025-12-12 05:16:04","","","","","","","","","","","","","","","","","","","","","","","","","","","","","","","","","","","","","","","","","","","","","","","","","","","","","","","","","","","1.0","","","","","","","","","","","","","","","","","","","","","","","","","","","","","","","","","","","","","","","","","Cu coin","KuCoin-Compre Bitcoin e Cripto","0.0","","","",""
"App Store (App Store)","review","cripto","Pra criar uma nova conta que foi excluída há anos precisa ter outro e-mail e outro número de telefone. Imagina ter que criar um novo e-mail e um novo chip só para ter conta na Kucoin. Usem Binance , Gate.io e Kraken que respeitam o cliente e oferecem soluções que acompanham o nosso tempo.","","","","","","2025-12-12 05:16:04","","","","","","","","","","","","","","","","","","","","","","","","","","","","","","","","","","","","","","","","","","","","","","","","","","","","","","","","","","","1.0","","","","","","","","","","","","","","","","","","","","","","","","","","","","","","","","","","","","","","","","","Plataforma atrasada e burocrática","KuCoin-Compre Bitcoin e Cripto","0.0","","","",""
"App Store (App Store)","review","cripto","Bom app","","","","","","2025-12-12 05:16:04","","","","","","","","","","","","","","","","","","","","","","","","","","","","","","","","","","","","","","","","","","","","","","","","","","","","","","","","","","","5.0","","","","","","","","","","","","","","","","","","","","","","","","","","","","","","","","","","","","","","","","","Good","KuCoin-Compre Bitcoin e Cripto","0.0","","","",""
"App Store (App Store)","review","cripto","God","","","","","","2025-12-12 05:16:04","","","","","","","","","","","","","","","","","","","","","","","","","","","","","","","","","","","","","","","","","","","","","","","","","","","","","","","","","","","5.0","","","","","","","","","","","","","","","","","","","","","","","","","","","","","","","","","","","","","","","","","God","KuCoin-Compre Bitcoin e Cripto","0.0","","","",""
"App Store (App Store)","review","cripto","Não recomendo esse app para brasileiros porque depois que investir não tem mais como sacar em Real para sua conta, ou seja, vai perder o seu dinheiro! Além que não oferecem suporte em português e não me ajudaram quando precisei! 😠😖😣😤","","","","","","2025-12-12 05:16:04","","","","","","","","","","","","","","","","","","","","","","","","","","","","","","","","","","","","","","","","","","","","","","","","","","","","","","","","","","","1.0","","","","","","","","","","","","","","","","","","","","","","","","","","","","","","","","","","","","","","","","","Brasileiros não conseguem sacar!","KuCoin-Compre Bitcoin e Cripto","0.0","","","",""
"App Store (App Store)","review","cripto","Muito facil de depositar, porém na hora de sacar, mesmo atendendo aos critérios de valor mínimo e gás, não deixa o saque acontecer e pede para contatar o suporte. Já foi boa, hoje é pedir para ter prejuízo.","","","","","","2025-12-12 05:16:04","","","","","","","","","","","","","","","","","","","","","","","","","","","","","","","","","","","","","","","","","","","","","","","","","","","","","","","","","","","1.0","","","","","","","","","","","","","","","","","","","","","","","","","","","","","","","","","","","","","","","","","Dificuldade para sacar valores","Exodus: Wallet Cripto Bitcoin","0.0","","","",""
"App Store (App Store)","review","cripto","Muito boa amei","","","","","","2025-12-12 05:16:04","","","","","","","","","","","","","","","","","","","","","","","","","","","","","","","","","","","","","","","","","","","","","","","","","","","","","","","","","","","5.0","","","","","","","","","","","","","","","","","","","","","","","","","","","","","","","","","","","","","","","","","Vanitas","Exodus: Wallet Cripto Bitcoin","0.0","","","",""
"App Store (App Store)","review","cripto","Extremamente fácil de usar","","","","","","2025-12-12 05:16:04","","","","","","","","","","","","","","","","","","","","","","","","","","","","","","","","","","","","","","","","","","","","","","","","","","","","","","","","","","","5.0","","","","","","","","","","","","","","","","","","","","","","","","","","","","","","","","","","","","","","","","","Fácil de usar","Exodus: Wallet Cripto Bitcoin","0.0","","","",""
"App Store (App Store)","review","cripto","As taxas são muito altas no geral, você tem sempre que estar colocando crédito em Ethereum … vou mudar de carteira","","","","","","2025-12-12 05:16:04","","","","","","","","","","","","","","","","","","","","","","","","","","","","","","","","","","","","","","","","","","","","","","","","","","","","","","","","","","","2.0","","","","","","","","","","","","","","","","","","","","","","","","","","","","","","","","","","","","","","","","","Taxas altas","Exodus: Wallet Cripto Bitcoin","0.0","","","",""
"App Store (App Store)","review","cripto","Very good app","","","","","","2025-12-12 05:16:04","","","","","","","","","","","","","","","","","","","","","","","","","","","","","","","","","","","","","","","","","","","","","","","","","","","","","","","","","","","5.0","","","","","","","","","","","","","","","","","","","","","","","","","","","","","","","","","","","","","","","","","Nice","Exodus: Wallet Cripto Bitcoin","0.0","","","",""
"App Store (App Store)","review","cripto","Everthing ok","","","","","","2025-12-12 05:16:04","","","","","","","","","","","","","","","","","","","","","","","","","","","","","","","","","","","","","","","","","","","","","","","","","","","","","","","","","","","5.0","","","","","","","","","","","","","","","","","","","","","","","","","","","","","","","","","","","","","","","","","No problema at moment","Exodus: Wallet Cripto Bitcoin","0.0","","","",""
"App Store (App Store)","review","cripto","Nao consigo mexer mais nessa atualizao alguem ai ta igual eu","","","","","","2025-12-12 05:16:04","","","","","","","","","","","","","","","","","","","","","","","","","","","","","","","","","","","","","","","","","","","","","","","","","","","","","","","","","","","5.0","","","","","","","","","","","","","","","","","","","","","","","","","","","","","","","","","","","","","","","","","Meu app nao abre mais com meu dinheiro","Exodus: Wallet Cripto Bitcoin","0.0","","","",""
"App Store (App Store)","review","cripto","Legal","","","","","","2025-12-12 05:16:04","","","","","","","","","","","","","","","","","","","","","","","","","","","","","","","","","","","","","","","","","","","","","","","","","","","","","","","","","","","5.0","","","","","","","","","","","","","","","","","","","","","","","","","","","","","","","","","","","","","","","","","Muito bom sim","Exodus: Wallet Cripto Bitcoin","0.0","","","",""
"App Store (App Store)","review","cripto","Excelente interface e várias crípton e tokens","","","","","","2025-12-12 05:16:04","","","","","","","","","","","","","","","","","","","","","","","","","","","","","","","","","","","","","","","","","","","","","","","","","","","","","","","","","","","5.0","","","","","","","","","","","","","","","","","","","","","","","","","","","","","","","","","","","","","","","","","Aplicativo","Exodus: Wallet Cripto Bitcoin","0.0","","","",""
"App Store (App Store)","review","cripto","Without a doubt, one of the best wallets on the market, evolving every day toward the future of blockchain 📲","","","","","","2025-12-12 05:16:04","","","","","","","","","","","","","","","","","","","","","","","","","","","","","","","","","","","","","","","","","","","","","","","","","","","","","","","","","","","5.0","","","","","","","","","","","","","","","","","","","","","","","","","","","","","","","","","","","","","","","","","Auto custodian","Exodus: Wallet Cripto Bitcoin","0.0","","","",""
"App Store (App Store)","review","cripto","Excelente aplicativo e o suporte melhor ainda. Parabéns e obrigado","","","","","","2025-12-12 05:16:04","","","","","","","","","","","","","","","","","","","","","","","","","","","","","","","","","","","","","","","","","","","","","","","","","","","","","","","","","","","5.0","","","","","","","","","","","","","","","","","","","","","","","","","","","","","","","","","","","","","","","","","Fácil se usar","OKX: Cartão 0 IOF, BTC, Cripto","0.0","","","",""
"App Store (App Store)","review","cripto","Baixei o app e fiz todo o cadastro. Comprei stable coins pra usar no cartão deles. Porém , o cartão nao aparece disponível no app.","","","","","","2025-12-12 05:16:04","","","","","","","","","","","","","","","","","","","","","","","","","","","","","","","","","","","","","","","","","","","","","","","","","","","","","","","","","","","1.0","","","","","","","","","","","","","","","","","","","","","","","","","","","","","","","","","","","","","","","","","Péssimo","OKX: Cartão 0 IOF, BTC, Cripto","0.0","","","",""
"App Store (App Store)","review","cripto","O app simplesmente não funciona. Dá erro na rede e não consigo acessar de jeito nenhum","","","","","","2025-12-12 05:16:04","","","","","","","","","","","","","","","","","","","","","","","","","","","","","","","","","","","","","","","","","","","","","","","","","","","","","","","","","","","1.0","","","","","","","","","","","","","","","","","","","","","","","","","","","","","","","","","","","","","","","","","Não funciona","OKX: Cartão 0 IOF, BTC, Cripto","0.0","","","",""
"App Store (App Store)","review","cripto","Abri a conta fiz todo o processo de configuraçao, finalizei as medidas de segurança e no final n tive acesso ao cartao. Minha versao do ios esta atualizada e o app tbm, porem no app n aparece a opçao “pay” pra eu poder configurar e esta ativando o msm!","","","","","","2025-12-12 05:16:04","","","","","","","","","","","","","","","","","","","","","","","","","","","","","","","","","","","","","","","","","","","","","","","","","","","","","","","","","","","1.0","","","","","","","","","","","","","","","","","","","","","","","","","","","","","","","","","","","","","","","","","Pay","OKX: Cartão 0 IOF, BTC, Cripto","1.0","","","",""
"App Store (App Store)","review","cripto","Poderia ser melhor se tivesse ordens escalonadas como a Bybit e a Bitget e se tivesse todos os vídeos tutoriais em português.","","","","","","2025-12-12 05:16:04","","","","","","","","","","","","","","","","","","","","","","","","","","","","","","","","","","","","","","","","","","","","","","","","","","","","","","","","","","","2.0","","","","","","","","","","","","","","","","","","","","","","","","","","","","","","","","","","","","","","","","","Mais ou menos","OKX: Cartão 0 IOF, BTC, Cripto","0.0","","","",""
"App Store (App Store)","review","cripto","Totalmente inútil , taxas aplicadas fora do padrão , perdi 100 dólares , depois do cartão não servir , tentei enviar de volta pra Binance , sumiram com meu $","","","","","","2025-12-12 05:16:04","","","","","","","","","","","","","","","","","","","","","","","","","","","","","","","","","","","","","","","","","","","","","","","","","","","","","","","","","","","1.0","","","","","","","","","","","","","","","","","","","","","","","","","","","","","","","","","","","","","","","","","Não baixem!","OKX: Cartão 0 IOF, BTC, Cripto","0.0","","","",""
"App Store (App Store)","review","cripto","Olá, tudo bem?

Baixei o aplicativo da OKX e concluí meu cadastro normalmente, porém notei que a função de negociação no Mercado Futuro Perpétuo não está disponível para mim. Já revisei as configurações da conta, verificação de identidade e demais requisitos, mas a opção ainda não aparece habilitada.

Peço, por gentileza, que verifiquem o status da minha conta e me orientem sobre o que é necessário para liberar o acesso ao Mercado Futuro Perpétuo, pois essa funcionalidade é essencial para as operações que desejo realizar na plataforma.

Aguardo retorno e agradeço pela atenção.

Atenciosamente,
[AENDERSON]","","","","","","2025-12-12 05:16:04","","","","","","","","","","","","","","","","","","","","","","","","","","","","","","","","","","","","","","","","","","","","","","","","","","","","","","","","","","","1.0","","","","","","","","","","","","","","","","","","","","","","","","","","","","","","","","","","","","","","","","","Reclamação","OKX: Cartão 0 IOF, BTC, Cripto","0.0","","","",""
"App Store (App Store)","review","cripto","Esta última atualização está uma desgraça não se consegue manipular as “listas de interesse” a pesquisa não reconhece nada espero que seja defeito do meu aparelho para bem da OKX","","","","","","2025-12-12 05:16:04","","","","","","","","","","","","","","","","","","","","","","","","","","","","","","","","","","","","","","","","","","","","","","","","","","","","","","","","","","","5.0","","","","","","","","","","","","","","","","","","","","","","","","","","","","","","","","","","","","","","","","","Última atualização está um desastre","OKX: Cartão 0 IOF, BTC, Cripto","0.0","","","",""
"App Store (App Store)","review","cripto","Eles te vendem mais caro e quando vc vai sacar, o preço é sempre menor!!! Coisa de mil reais pra mais","","","","","","2025-12-12 05:16:04","","","","","","","","","","","","","","","","","","","","","","","","","","","","","","","","","","","","","","","","","","","","","","","","","","","","","","","","","","","1.0","","","","","","","","","","","","","","","","","","","","","","","","","","","","","","","","","","","","","","","","","Pior aplicativo pra fazer investimento!!!","OKX: Cartão 0 IOF, BTC, Cripto","0.0","","","",""
"App Store (App Store)","review","cripto","Na última atualização não consigo mais mudar o saldo pra ver em Brl ou em btc pelo app, antes tinha a opção ao lado do saldo.","","","","","","2025-12-12 05:16:04","","","","","","","","","","","","","","","","","","","","","","","","","","","","","","","","","","","","","","","","","","","","","","","","","","","","","","","","","","","5.0","","","","","","","","","","","","","","","","","","","","","","","","","","","","","","","","","","","","","","","","","Gosto muito porém…","OKX: Cartão 0 IOF, BTC, Cripto","0.0","","","",""
"App Store (App Store)","review","cripto","Fiz a retirada da corretora CoinEx e mandei pra corretora hantec , não sei oq aconteceu que a hantec não aceitou o depósito e devolveu no mesmo dia , já fazem 3 meses que estou enviando  e-mail pra eles já preenchi os dados de depósito não realizado 3 vezes e é só isso q eles me pedem pra fazer toda vez q mando e-mail, infelizmente aceitei que fui roubado pq não creditaram minhas moedas até hoje ! Eu ainda vou processar vocês deixa só a xrp subir pra 100$ aí eu já entro com o processo até lá já vale mais de 1000$ , diferente de você a corretora NovaDAX me devolveu as moedas com menos de 3 dias 472 moedas pq eh esqueci a tag memo na hora de depositar o erro foi meu mas me devolveram , diferente de vcs que o erro foi só de vocês eu não posso fazer nada está nas suas mãos , depositem minhas xrp !!!!!","","","","","","2025-12-12 05:16:04","","","","","","","","","","","","","","","","","","","","","","","","","","","","","","","","","","","","","","","","","","","","","","","","","","","","","","","","","","","1.0","","","","","","","","","","","","","","","","","","","","","","","","","","","","","","","","","","","","","","","","","Corretora me roubou 95 xrp ,","CoinEx: Compre BTC e Cripto","0.0","","","",""
"App Store (App Store)","review","cripto","Só atrasei minhas negociações","","","","","","2025-12-12 05:16:04","","","","","","","","","","","","","","","","","","","","","","","","","","","","","","","","","","","","","","","","","","","","","","","","","","","","","","","","","","","1.0","","","","","","","","","","","","","","","","","","","","","","","","","","","","","","","","","","","","","","","","","A pior escolha","CoinEx: Compre BTC e Cripto","0.0","","","",""
"App Store (App Store)","review","cripto","After the last update, I can't log in. It gets to the part where I enter my email and password, the app crashes after a while, I close it, my phone is an iPhone 7s, is there any solution?","","","","","","2025-12-12 05:16:04","","","","","","","","","","","","","","","","","","","","","","","","","","","","","","","","","","","","","","","","","","","","","","","","","","","","","","","","","","","5.0","","","","","","","","","","","","","","","","","","","","","","","","","","","","","","","","","","","","","","","","","Crashes","CoinEx: Compre BTC e Cripto","0.0","","","",""
"App Store (App Store)","review","cripto","Não acho muito intuitivo o App no celular. Onde se vê o preço médio de uma determinada cripto? Pelo menos não exige KYC","","","","","","2025-12-12 05:16:04","","","","","","","","","","","","","","","","","","","","","","","","","","","","","","","","","","","","","","","","","","","","","","","","","","","","","","","","","","","3.0","","","","","","","","","","","","","","","","","","","","","","","","","","","","","","","","","","","","","","","","","Preço médio","CoinEx: Compre BTC e Cripto","0.0","","","",""
"App Store (App Store)","review","cripto","Poderia colocar biometria para acessar o app. Nao tem nenhuma segurança neste sentido.

Please install biometry as security when opening the app.  Face id or touch finger!","","","","","","2025-12-12 05:16:04","","","","","","","","","","","","","","","","","","","","","","","","","","","","","","","","","","","","","","","","","","","","","","","","","","","","","","","","","","","3.0","","","","","","","","","","","","","","","","","","","","","","","","","","","","","","","","","","","","","","","","","Biometria","CoinEx: Compre BTC e Cripto","0.0","","","",""
"App Store (App Store)","review","cripto","Achei difícil de usar a Exchange, mas obrigado disponibilizar o idioma Português na plataforma.","","","","","","2025-12-12 05:16:04","","","","","","","","","","","","","","","","","","","","","","","","","","","","","","","","","","","","","","","","","","","","","","","","","","","","","","","","","","","4.0","","","","","","","","","","","","","","","","","","","","","","","","","","","","","","","","","","","","","","","","","Difícil de usar","CoinEx: Compre BTC e Cripto","0.0","","","",""
"App Store (App Store)","review","cripto",".","","","","","","2025-12-12 05:16:04","","","","","","","","","","","","","","","","","","","","","","","","","","","","","","","","","","","","","","","","","","","","","","","","","","","","","","","","","","","5.0","","","","","","","","","","","","","","","","","","","","","","","","","","","","","","","","","","","","","","","","",".","CoinEx: Compre BTC e Cripto","0.0","","","",""
"App Store (App Store)","review","cripto","Tradução pro português horrível","","","","","","2025-12-12 05:16:04","","","","","","","","","","","","","","","","","","","","","","","","","","","","","","","","","","","","","","","","","","","","","","","","","","","","","","","","","","","1.0","","","","","","","","","","","","","","","","","","","","","","","","","","","","","","","","","","","","","","","","","MELHORAR","CoinEx: Compre BTC e Cripto","0.0","","","",""
"App Store (App Store)","review","cripto","i can’t find in home app the scan button to sign in my desktop browser","","","","","","2025-12-12 05:16:04","","","","","","","","","","","","","","","","","","","","","","","","","","","","","","","","","","","","","","","","","","","","","","","","","","","","","","","","","","","5.0","","","","","","","","","","","","","","","","","","","","","","","","","","","","","","","","","","","","","","","","","where’s scan qr code button ??","CoinEx: Compre BTC e Cripto","0.0","","","",""
"App Store (App Store)","review","cripto","Idioma.. Matheus bordin em parceria com o app, mostra em português pra PC, já pra celular não tem. Muito ruim pra ser usado.","","","","","","2025-12-12 05:16:04","","","","","","","","","","","","","","","","","","","","","","","","","","","","","","","","","","","","","","","","","","","","","","","","","","","","","","","","","","","1.0","","","","","","","","","","","","","","","","","","","","","","","","","","","","","","","","","","","","","","","","","Idioma","CoinEx: Compre BTC e Cripto","0.0","","","",""
