"termo","sugestao","relevancia","regiao","cliente","fonte","tipo"
"goku","goku super saiyajin","601","br","chrome","web","top"
"goku","goku instinto superior","600","br","chrome","web","top"
"goku","goku black","562","br","chrome","web","top"
"goku","gokursos","561","br","chrome","web","top"
"goku","gokurakugai","560","br","chrome","web","top"
"goku","goku desenho","559","br","chrome","web","top"
"goku","goku super sayajin 4","558","br","chrome","web","top"
"goku","goku criança","557","br","chrome","web","top"
"goku","goku super sayajin 3","556","br","chrome","web","top"
"goku","goku kakumei","555","br","chrome","web","top"
"goku","goku para colorir","554","br","chrome","web","top"
"goku","gokushufudou","553","br","chrome","web","top"
"goku","goku ssj4","552","br","chrome","web","top"
"goku","goku e vegeta","551","br","chrome","web","top"
"goku","goku ssj","550","br","chrome","web","top"
"goku","goku acorrentado","900","br","chrome","web","expansao_a"
"goku","goku azul","601","br","chrome","web","expansao_a"
"goku","goku and vegeta","600","br","chrome","web","expansao_a"
"goku","goku anjo","561","br","chrome","web","expansao_a"
"goku","goku anime","560","br","chrome","web","expansao_a"
"goku","goku af","559","br","chrome","web","expansao_a"
"goku","goku aura","558","br","chrome","web","expansao_a"
"goku","goku action figure","557","br","chrome","web","expansao_a"
"goku","goku adolescente","556","br","chrome","web","expansao_a"
"goku","goku amigurumi","555","br","chrome","web","expansao_a"
"goku","goku adulto","554","br","chrome","web","expansao_a"
"goku","goku anime vanguards","553","br","chrome","web","expansao_a"
"goku","goku altura","552","br","chrome","web","expansao_a"
"goku","goku aprisionado","551","br","chrome","web","expansao_a"
"goku","goku arabe","550","br","chrome","web","expansao_a"
"goku","goku black rose","601","br","chrome","web","expansao_b"
"goku","goku boneco","600","br","chrome","web","expansao_b"
"goku","goku blue","561","br","chrome","web","expansao_b"
"goku","goku bebe","560","br","chrome","web","expansao_b"
"goku","goku base","559","br","chrome","web","expansao_b"
"goku","goku black manga","558","br","chrome","web","expansao_b"
"goku","goku brinquedo","557","br","chrome","web","expansao_b"
"goku","goku black meme","556","br","chrome","web","expansao_b"
"goku","goku baby","555","br","chrome","web","expansao_b"
"goku","goku bravo","554","br","chrome","web","expansao_b"
"goku","goku black wallpaper","553","br","chrome","web","expansao_b"
"goku","goku black desenho","552","br","chrome","web","expansao_b"
"goku","goku boneco articulado","551","br","chrome","web","expansao_b"
"goku","goku black xeno","550","br","chrome","web","expansao_b"
"goku","goku cabelo","601","br","chrome","web","expansao_c"
"goku","goku careca","600","br","chrome","web","expansao_c"
"goku","goku cabelo azul","561","br","chrome","web","expansao_c"
"goku","goku cabelo vermelho","560","br","chrome","web","expansao_c"
"goku","goku colorir","559","br","chrome","web","expansao_c"
"goku","goku calvo","558","br","chrome","web","expansao_c"
"goku","goku caido","557","br","chrome","web","expansao_c"
"goku","goku criança desenho","556","br","chrome","web","expansao_c"
"goku","goku cabelo amarelo","555","br","chrome","web","expansao_c"
"goku","goku cc","554","br","chrome","web","expansao_c"
"goku","goku cabelo branco","553","br","chrome","web","expansao_c"
"goku","goku chained","552","br","chrome","web","expansao_c"
"goku","goku classic","551","br","chrome","web","expansao_c"
"goku","goku chibi","550","br","chrome","web","expansao_c"
"goku","goku dragon ball","800","br","chrome","web","expansao_d"
"goku","goku deus","601","br","chrome","web","expansao_d"
"goku","goku desenho fácil","600","br","chrome","web","expansao_d"
"goku","goku drip","560","br","chrome","web","expansao_d"
"goku","goku desenho para colorir","559","br","chrome","web","expansao_d"
"goku","goku daima","558","br","chrome","web","expansao_d"
"goku","goku deus super saiyajin","557","br","chrome","web","expansao_d"
"goku","goku dolls","556","br","chrome","web","expansao_d"
"goku","goku dragon ball gt","555","br","chrome","web","expansao_d"
"goku","goku de costas","554","br","chrome","web","expansao_d"
"goku","goku de cabelo azul","553","br","chrome","web","expansao_d"
"goku","goku de lado","552","br","chrome","web","expansao_d"
"goku","goku dbz","551","br","chrome","web","expansao_d"
"goku","goku do dragon ball z","550","br","chrome","web","expansao_d"
"goku","goku e gohan","601","br","chrome","web","expansao_e"
"goku","goku e chichi","600","br","chrome","web","expansao_e"
"goku","goku e vegeta são irmãos","561","br","chrome","web","expansao_e"
"goku","goku e vegeta soquinho","560","br","chrome","web","expansao_e"
"goku","goku e naruto","559","br","chrome","web","expansao_e"
"goku","goku e bulma","558","br","chrome","web","expansao_e"
"goku","goku end of z","557","br","chrome","web","expansao_e"
"goku","goku em japonês","556","br","chrome","web","expansao_e"
"goku","goku escoliose","555","br","chrome","web","expansao_e"
"goku","goku e vegeta fusão","554","br","chrome","web","expansao_e"
"goku","goku e kuririn","553","br","chrome","web","expansao_e"
"goku","goku e titi","552","br","chrome","web","expansao_e"
"goku","goku e goten","551","br","chrome","web","expansao_e"
"goku","goku em desenho","550","br","chrome","web","expansao_e"
"goku","goku foto","900","br","chrome","web","expansao_f"
"goku","goku flamenguista","650","br","chrome","web","expansao_f"
"goku","goku filme","601","br","chrome","web","expansao_f"
"goku","goku fantasia","600","br","chrome","web","expansao_f"
"goku","goku foto de perfil","560","br","chrome","web","expansao_f"
"goku","goku fazendo a genki dama","559","br","chrome","web","expansao_f"
"goku","goku fazendo kamehameha","558","br","chrome","web","expansao_f"
"goku","goku flamengo","557","br","chrome","web","expansao_f"
"goku","goku fanart","556","br","chrome","web","expansao_f"
"goku","goku filhos","555","br","chrome","web","expansao_f"
"goku","goku fácil de desenhar","554","br","chrome","web","expansao_f"
"goku","goku feliz","553","br","chrome","web","expansao_f"
"goku","goku fase 4","552","br","chrome","web","expansao_f"
"goku","goku fase 3","551","br","chrome","web","expansao_f"
"goku","goku fortnite","550","br","chrome","web","expansao_f"
"goku","goku goku","852","br","chrome","web","expansao_g"
"goku","goku god","851","br","chrome","web","expansao_g"
"goku","goku gt","850","br","chrome","web","expansao_g"
"goku","goku genki dama","800","br","chrome","web","expansao_g"
"goku","goku gif","700","br","chrome","web","expansao_g"
"goku","goku gritando","650","br","chrome","web","expansao_g"
"goku","goku gohan e goten","601","br","chrome","web","expansao_g"
"goku","goku games","600","br","chrome","web","expansao_g"
"goku","goku gordo","556","br","chrome","web","expansao_g"
"goku","goku ganha do saitama","555","br","chrome","web","expansao_g"
"goku","goku gritando meme","554","br","chrome","web","expansao_g"
"goku","goku gohan","553","br","chrome","web","expansao_g"
"goku","goku golden instinct 3","552","br","chrome","web","expansao_g"
"goku","goku gt ssj4","551","br","chrome","web","expansao_g"
"goku","goku gremista","550","br","chrome","web","expansao_g"
"goku","goku hakai","950","br","chrome","web","expansao_h"
"goku","goku hair","601","br","chrome","web","expansao_h"
"goku","goku height","600","br","chrome","web","expansao_h"
"goku","goku healing chamber","561","br","chrome","web","expansao_h"
"goku","goku holding child meme","560","br","chrome","web","expansao_h"
"goku","goku halloween","559","br","chrome","web","expansao_h"
"goku","goku hakaishin","558","br","chrome","web","expansao_h"
"goku","goku humano","557","br","chrome","web","expansao_h"
"goku","goku house","556","br","chrome","web","expansao_h"
"goku","goku hd","555","br","chrome","web","expansao_h"
"goku","goku hair png","554","br","chrome","web","expansao_h"
"goku","goku história","553","br","chrome","web","expansao_h"
"goku","goku heroes","552","br","chrome","web","expansao_h"
"goku","goku healing","551","br","chrome","web","expansao_h"
"goku","goku habilidades","550","br","chrome","web","expansao_h"
"goku","goku instinto superior completo","700","br","chrome","web","expansao_i"
"goku","goku instinto superior manga","601","br","chrome","web","expansao_i"
"goku","goku imagens","600","br","chrome","web","expansao_i"
"goku","goku instinto superior 3","560","br","chrome","web","expansao_i"
"goku","goku infinito","559","br","chrome","web","expansao_i"
"goku","goku idade","558","br","chrome","web","expansao_i"
"goku","goku instinto superior incompleto","557","br","chrome","web","expansao_i"
"goku","goku imagem","556","br","chrome","web","expansao_i"
"goku","goku icon","555","br","chrome","web","expansao_i"
"goku","goku instinto superior 100","554","br","chrome","web","expansao_i"
"goku","goku instinto superior 2","553","br","chrome","web","expansao_i"
"goku","goku instinto","552","br","chrome","web","expansao_i"
"goku","goku instinto superior desenho","551","br","chrome","web","expansao_i"
"goku","goku instinto superior 5","550","br","chrome","web","expansao_i"
"goku","goku jr","1250","br","chrome","web","expansao_j"
"goku","goku jogo","900","br","chrome","web","expansao_j"
"goku","goku jr é filho de quem","650","br","chrome","web","expansao_j"
"goku","goku joinha","602","br","chrome","web","expansao_j"
"goku","goku jogador","601","br","chrome","web","expansao_j"
"goku","goku junior","600","br","chrome","web","expansao_j"
"goku","goku jyun","558","br","chrome","web","expansao_j"
"goku","goku jovem","557","br","chrome","web","expansao_j"
"goku","goku jogador de futebol","556","br","chrome","web","expansao_j"
"goku","goku japonês","555","br","chrome","web","expansao_j"
"goku","goku jogado no chao","554","br","chrome","web","expansao_j"
"goku","goku jacket","553","br","chrome","web","expansao_j"
"goku","goku jogando video game","552","br","chrome","web","expansao_j"
"goku","goku jump force","551","br","chrome","web","expansao_j"
"goku","goku joia","550","br","chrome","web","expansao_j"
"goku","goku kamehameha","1100","br","chrome","web","expansao_k"
"goku","goku kaioken","850","br","chrome","web","expansao_k"
"goku","goku kid","800","br","chrome","web","expansao_k"
"goku","goku kakumei é canonico","601","br","chrome","web","expansao_k"
"goku","goku kakumei preso","600","br","chrome","web","expansao_k"
"goku","goku kaioken x20","558","br","chrome","web","expansao_k"
"goku","goku kakaroto","557","br","chrome","web","expansao_k"
"goku","goku kanji","556","br","chrome","web","expansao_k"
"goku","goku kamehameha boneco","555","br","chrome","web","expansao_k"
"goku","goku kamehameha png","554","br","chrome","web","expansao_k"
"goku","goku kakumei acorrentado","553","br","chrome","web","expansao_k"
"goku","goku kamehameha gif","552","br","chrome","web","expansao_k"
"goku","goku kaioken x100","551","br","chrome","web","expansao_k"
"goku","goku ki","550","br","chrome","web","expansao_k"
"goku","goku live action","1200","br","chrome","web","expansao_l"
"goku","goku lutando","900","br","chrome","web","expansao_l"
"goku","goku loiro","800","br","chrome","web","expansao_l"
"goku","goku lol","700","br","chrome","web","expansao_l"
"goku","goku luffy naruto","601","br","chrome","web","expansao_l"
"goku","goku lutando com vegeta","600","br","chrome","web","expansao_l"
"goku","goku lego","558","br","chrome","web","expansao_l"
"goku","goku luminaria","557","br","chrome","web","expansao_l"
"goku","goku limit breaker","556","br","chrome","web","expansao_l"
"goku","goku laranja","555","br","chrome","web","expansao_l"
"goku","goku lançando kamehameha","554","br","chrome","web","expansao_l"
"goku","goku lendário","553","br","chrome","web","expansao_l"
"goku","goku lendario sh figuarts","552","br","chrome","web","expansao_l"
"goku","goku logo","551","br","chrome","web","expansao_l"
"goku","goku lendário ssj sh figuarts","550","br","chrome","web","expansao_l"
"goku","goku manga","900","br","chrome","web","expansao_m"
"goku","goku mui","801","br","chrome","web","expansao_m"
"goku","goku meme","800","br","chrome","web","expansao_m"
"goku","goku macaco","650","br","chrome","web","expansao_m"
"goku","goku morreu","601","br","chrome","web","expansao_m"
"goku","goku mui manga","600","br","chrome","web","expansao_m"
"goku","goku misogino","558","br","chrome","web","expansao_m"
"goku","goku morreu quantas vezes","557","br","chrome","web","expansao_m"
"goku","goku meme face","556","br","chrome","web","expansao_m"
"goku","goku minecraft","555","br","chrome","web","expansao_m"
"goku","goku morto","554","br","chrome","web","expansao_m"
"goku","goku modo deus","553","br","chrome","web","expansao_m"
"goku","goku machucado","552","br","chrome","web","expansao_m"
"goku","goku mondongo","551","br","chrome","web","expansao_m"
"goku","goku midnight eye","550","br","chrome","web","expansao_m"
"goku","goku na nuvem","950","br","chrome","web","expansao_n"
"goku","goku na nuvem voadora","700","br","chrome","web","expansao_n"
"goku","goku na capsula","650","br","chrome","web","expansao_n"
"goku","goku no instinto superior","601","br","chrome","web","expansao_n"
"goku","goku normal","600","br","chrome","web","expansao_n"
"goku","goku nivel 4","559","br","chrome","web","expansao_n"
"goku","goku naruto","558","br","chrome","web","expansao_n"
"goku","goku negro","557","br","chrome","web","expansao_n"
"goku","goku nivel 3","556","br","chrome","web","expansao_n"
"goku","goku namek","555","br","chrome","web","expansao_n"
"goku","goku na maquina de recuperação","554","br","chrome","web","expansao_n"
"goku","goku na vida real","553","br","chrome","web","expansao_n"
"goku","goku no chão","552","br","chrome","web","expansao_n"
"goku","goku natal","551","br","chrome","web","expansao_n"
"goku","boku no hero","550","br","chrome","web","expansao_n"
"goku","goku oozaru","950","br","chrome","web","expansao_o"
"goku","goku o filme","603","br","chrome","web","expansao_o"
"goku","goku omni god","602","br","chrome","web","expansao_o"
"goku","goku ou saitama","601","br","chrome","web","expansao_o"
"goku","goku onde assistir","600","br","chrome","web","expansao_o"
"goku","goku ou vegeta","559","br","chrome","web","expansao_o"
"goku","goku one piece","558","br","chrome","web","expansao_o"
"goku","goku omni king","557","br","chrome","web","expansao_o"
"goku","goku o que significa","556","br","chrome","web","expansao_o"
"goku","goku original","555","br","chrome","web","expansao_o"
"goku","goku png","554","br","chrome","web","expansao_o"
"goku","goku ou naruto","553","br","chrome","web","expansao_o"
"goku","goku olhando para cima","552","br","chrome","web","expansao_o"
"goku","goku o super saiyajin","551","br","chrome","web","expansao_o"
"goku","goku olho","550","br","chrome","web","expansao_o"
"goku","goku para desenhar","700","br","chrome","web","expansao_p"
"goku","goku pequeno","601","br","chrome","web","expansao_p"
"goku","goku para colorir e imprimir","600","br","chrome","web","expansao_p"
"goku","goku personagens","560","br","chrome","web","expansao_p"
"goku","goku preto","559","br","chrome","web","expansao_p"
"goku","goku prowler","558","br","chrome","web","expansao_p"
"goku","goku pm","557","br","chrome","web","expansao_p"
"goku","goku preto e branco","556","br","chrome","web","expansao_p"
"goku","goku pixel art","555","br","chrome","web","expansao_p"
"goku","goku papel de parede","554","br","chrome","web","expansao_p"
"goku","goku preso","553","br","chrome","web","expansao_p"
"goku","goku para imprimir","552","br","chrome","web","expansao_p"
"goku","goku pintar","551","br","chrome","web","expansao_p"
"goku","goku para pintar","550","br","chrome","web","expansao_p"
"goku","goku que","1250","br","chrome","web","expansao_q"
"goku","goku quando era criança","1000","br","chrome","web","expansao_q"
"goku","goku que isso lek tmj","800","br","chrome","web","expansao_q"
"goku","goku quando criança","601","br","chrome","web","expansao_q"
"goku","goku quadro","600","br","chrome","web","expansao_q"
"goku","goku quantos anos","559","br","chrome","web","expansao_q"
"goku","goku quadrinhos","558","br","chrome","web","expansao_q"
"goku","goku qi","557","br","chrome","web","expansao_q"
"goku","goku que meme","556","br","chrome","web","expansao_q"
"goku","goku que isso inchado","555","br","chrome","web","expansao_q"
"goku","goku quotes","554","br","chrome","web","expansao_q"
"goku","goku quando nasceu","553","br","chrome","web","expansao_q"
"goku","goku quadriculado","552","br","chrome","web","expansao_q"
"goku","goku quixada","551","br","chrome","web","expansao_q"
"goku","goku qual desenho","550","br","chrome","web","expansao_q"
"goku","goku regra","601","br","chrome","web","expansao_r"
"goku","goku roupa","600","br","chrome","web","expansao_r"
"goku","goku rosto","562","br","chrome","web","expansao_r"
"goku","goku realista","561","br","chrome","web","expansao_r"
"goku","goku rose","560","br","chrome","web","expansao_r"
"goku","goku recuperando","559","br","chrome","web","expansao_r"
"goku","goku roblox","558","br","chrome","web","expansao_r"
"goku","goku red","557","br","chrome","web","expansao_r"
"goku","goku rindo","556","br","chrome","web","expansao_r"
"goku","goku render","555","br","chrome","web","expansao_r"
"goku","goku rage","554","br","chrome","web","expansao_r"
"goku","goku roupa laranja","553","br","chrome","web","expansao_r"
"goku","goku roupa azul","552","br","chrome","web","expansao_r"
"goku","goku roxo","551","br","chrome","web","expansao_r"
"goku","goku restaurante","550","br","chrome","web","expansao_r"
"goku","goku ssj3","559","br","chrome","web","expansao_s"
"goku","goku super sayajin blue","558","br","chrome","web","expansao_s"
"goku","goku super sayajin 5","557","br","chrome","web","expansao_s"
"goku","goku super sayajin 1","556","br","chrome","web","expansao_s"
"goku","goku super sayajin 1000","555","br","chrome","web","expansao_s"
"goku","goku ssj4 daima","554","br","chrome","web","expansao_s"
"goku","goku ssj god","553","br","chrome","web","expansao_s"
"goku","goku ssj2","552","br","chrome","web","expansao_s"
"goku","goku super saiyajin 2","551","br","chrome","web","expansao_s"
"goku","goku serio","550","br","chrome","web","expansao_s"
"goku","goku tier","1250","br","chrome","web","expansao_t"
"goku","goku transformações","850","br","chrome","web","expansao_t"
"goku","goku teletransporte","601","br","chrome","web","expansao_t"
"goku","goku transformado","600","br","chrome","web","expansao_t"
"goku","goku tatuagem","560","br","chrome","web","expansao_t"
"goku","goku tem quantos anos","559","br","chrome","web","expansao_t"
"goku","goku triste","558","br","chrome","web","expansao_t"
"goku","goku tradução","557","br","chrome","web","expansao_t"
"goku","goku tui","556","br","chrome","web","expansao_t"
"goku","goku tem quantos filhos","555","br","chrome","web","expansao_t"
"goku","goku tattoo","554","br","chrome","web","expansao_t"
"goku","goku treinando","553","br","chrome","web","expansao_t"
"goku","goku tem irmão","552","br","chrome","web","expansao_t"
"goku","goku traicionado","551","br","chrome","web","expansao_t"
"goku","goku transformação","550","br","chrome","web","expansao_t"
"goku","goku ultra instinct","1251","br","chrome","web","expansao_u"
"goku","goku ultra instinto","1250","br","chrome","web","expansao_u"
"goku","goku ui","950","br","chrome","web","expansao_u"
"goku","goku ultra instinct mangá","601","br","chrome","web","expansao_u"
"goku","goku ultra instinto superior","600","br","chrome","web","expansao_u"
"goku","goku ultra ego","559","br","chrome","web","expansao_u"
"goku","goku usando hakai","558","br","chrome","web","expansao_u"
"goku","goku ultra","557","br","chrome","web","expansao_u"
"goku","goku uniforme","556","br","chrome","web","expansao_u"
"goku","goku ui manga","555","br","chrome","web","expansao_u"
"goku","goku ultra instinct 3","554","br","chrome","web","expansao_u"
"goku","goku ultra instinct gif","553","br","chrome","web","expansao_u"
"goku","goku ultra instinto manga","552","br","chrome","web","expansao_u"
"goku","goku usando kamehameha","551","br","chrome","web","expansao_u"
"goku","goku usa hakai","550","br","chrome","web","expansao_u"
"goku","goku vs vegeta","700","br","chrome","web","expansao_v"
"goku","goku vs saitama","602","br","chrome","web","expansao_v"
"goku","goku vs jiren","601","br","chrome","web","expansao_v"
"goku","goku vs freeza","600","br","chrome","web","expansao_v"
"goku","goku vs moro","560","br","chrome","web","expansao_v"
"goku","goku vs broly","559","br","chrome","web","expansao_v"
"goku","goku vegeta","558","br","chrome","web","expansao_v"
"goku","goku vascaino","557","br","chrome","web","expansao_v"
"goku","goku vermelho","556","br","chrome","web","expansao_v"
"goku","goku vs superman","555","br","chrome","web","expansao_v"
"goku","goku vs saitama quem ganha","554","br","chrome","web","expansao_v"
"goku","goku vs bills","553","br","chrome","web","expansao_v"
"goku","goku vs majin vegeta","552","br","chrome","web","expansao_v"
"goku","goku vs battle","551","br","chrome","web","expansao_v"
"goku","goku vs cell","550","br","chrome","web","expansao_v"
"goku","goku wallpaper","701","br","chrome","web","expansao_w"
"goku","goku wiki","700","br","chrome","web","expansao_w"
"goku","goku wallpaper 4k celular","601","br","chrome","web","expansao_w"
"goku","goku wallpaper 4k pc","600","br","chrome","web","expansao_w"
"goku","goku wallpaper animado","560","br","chrome","web","expansao_w"
"goku","goku wallpaper pc","559","br","chrome","web","expansao_w"
"goku","goku wins","558","br","chrome","web","expansao_w"
"goku","goku whatsapp","557","br","chrome","web","expansao_w"
"goku","goku wikipedia","556","br","chrome","web","expansao_w"
"goku","goku wallpaper celular","555","br","chrome","web","expansao_w"
"goku","goku wukong","554","br","chrome","web","expansao_w"
"goku","goku win","553","br","chrome","web","expansao_w"
"goku","goku whis gi","552","br","chrome","web","expansao_w"
"goku","goku wow","551","br","chrome","web","expansao_w"
"goku","goku wife","550","br","chrome","web","expansao_w"
"goku","goku xeno","1250","br","chrome","web","expansao_x"
"goku","goku xenoverse","651","br","chrome","web","expansao_x"
"goku","goku x vegeta","650","br","chrome","web","expansao_x"
"goku","goku x jiren","601","br","chrome","web","expansao_x"
"goku","goku xenoverse meme","600","br","chrome","web","expansao_x"
"goku","goku x caulifla","559","br","chrome","web","expansao_x"
"goku","goku x chichi","558","br","chrome","web","expansao_x"
"goku","goku x saitama","557","br","chrome","web","expansao_x"
"goku","goku x bulma","556","br","chrome","web","expansao_x"
"goku","goku x naruto","555","br","chrome","web","expansao_x"
"goku","goku xeno poderes","554","br","chrome","web","expansao_x"
"goku","goku xeno ssj4","553","br","chrome","web","expansao_x"
"goku","goku xeno é canonico","552","br","chrome","web","expansao_x"
"goku","goku x superman","551","br","chrome","web","expansao_x"
"goku","goku x broly","550","br","chrome","web","expansao_x"
"goku","goku yardrat","1250","br","chrome","web","expansao_y"
"goku","goku youtube","801","br","chrome","web","expansao_y"
"goku","goku yamamuro","800","br","chrome","web","expansao_y"
"goku","goku you fool","601","br","chrome","web","expansao_y"
"goku","goku yba","600","br","chrome","web","expansao_y"
"goku","goku y milk","559","br","chrome","web","expansao_y"
"goku","goku yelling","558","br","chrome","web","expansao_y"
"goku","goku young","557","br","chrome","web","expansao_y"
"goku","goku y vegeta","556","br","chrome","web","expansao_y"
"goku","goku yardrat outfit","555","br","chrome","web","expansao_y"
"goku","goku y gohan","554","br","chrome","web","expansao_y"
"goku","goku y bulma","553","br","chrome","web","expansao_y"
"goku","goku y su novia","552","br","chrome","web","expansao_y"
"goku","goku y vegeta juntos","551","br","chrome","web","expansao_y"
"goku","goku y vegeta chocando puños","550","br","chrome","web","expansao_y"
"goku","goku zombie","1000","br","chrome","web","expansao_z"
"goku","goku zuado","900","br","chrome","web","expansao_z"
"goku","goku z vs goku super","602","br","chrome","web","expansao_z"
"goku","goku zamasu","600","br","chrome","web","expansao_z"
"goku","goku zenkai","559","br","chrome","web","expansao_z"
"goku","goku zueira","558","br","chrome","web","expansao_z"
"goku","goku z end","557","br","chrome","web","expansao_z"
"goku","goku z manga","556","br","chrome","web","expansao_z"
"goku","goku zaiko","555","br","chrome","web","expansao_z"
"goku","goku photo","1250","br","chrome","web","expansao_0"
"goku","goku 030","601","br","chrome","web","expansao_0"
"goku","goku funko pop 09","600","br","chrome","web","expansao_0"
"goku","goku 04","561","br","chrome","web","expansao_0"
"goku","goku 007","560","br","chrome","web","expansao_0"
"goku","goku 07","559","br","chrome","web","expansao_0"
"goku","goku 01","558","br","chrome","web","expansao_0"
"goku","goku 09","557","br","chrome","web","expansao_0"
"goku","goku 00","556","br","chrome","web","expansao_0"
"goku","goku 0ng","555","br","chrome","web","expansao_0"
"goku","goku 00s","554","br","chrome","web","expansao_0"
"goku","goku 06","553","br","chrome","web","expansao_0"
"goku","goku 09 funko","552","br","chrome","web","expansao_0"
"goku","goku 068","551","br","chrome","web","expansao_0"
"goku","goku 001","550","br","chrome","web","expansao_0"
"goku","goku 1000","1250","br","chrome","web","expansao_1"
"goku","goku 16 anos","1100","br","chrome","web","expansao_1"
"goku","goku 100","650","br","chrome","web","expansao_1"
"goku","goku 10","602","br","chrome","web","expansao_1"
"goku","goku 11","601","br","chrome","web","expansao_1"
"goku","goku 1.0 sh figuarts","600","br","chrome","web","expansao_1"
"goku","goku 11 de setembro","558","br","chrome","web","expansao_1"
"goku","goku 1 milhão","557","br","chrome","web","expansao_1"
"goku","goku 15 anos","556","br","chrome","web","expansao_1"
"goku","goku 1989","555","br","chrome","web","expansao_1"
"goku","goku 12 anos","554","br","chrome","web","expansao_1"
"goku","goku 1986","553","br","chrome","web","expansao_1"
"goku","goku 10000","552","br","chrome","web","expansao_1"
"goku","goku 18 anos","551","br","chrome","web","expansao_1"
"goku","goku 1920x1080","550","br","chrome","web","expansao_1"
"goku","goku 2.0","1251","br","chrome","web","expansao_2"
"goku","goku 2d","1250","br","chrome","web","expansao_2"
"goku","goku 2.0 sh figuarts","901","br","chrome","web","expansao_2"
"goku","goku 2025","900","br","chrome","web","expansao_2"
"goku","goku 23 tournament","602","br","chrome","web","expansao_2"
"goku","goku 2000","601","br","chrome","web","expansao_2"
"goku","goku 2024","600","br","chrome","web","expansao_2"
"goku","goku 2d sprite","557","br","chrome","web","expansao_2"
"goku","goku 2d pixel","556","br","chrome","web","expansao_2"
"goku","goku 22nd world tournament","555","br","chrome","web","expansao_2"
"goku","goku 20000","554","br","chrome","web","expansao_2"
"goku","goku 24","553","br","chrome","web","expansao_2"
"goku","goku 2026","552","br","chrome","web","expansao_2"
"goku","goku 2018","551","br","chrome","web","expansao_2"
"goku","goku 2009","550","br","chrome","web","expansao_2"
"goku","goku 3d","1250","br","chrome","web","expansao_3"
"goku","goku 3.0","601","br","chrome","web","expansao_3"
"goku","goku 3.0 sh figuarts","600","br","chrome","web","expansao_3"
"goku","goku 3.0 demoniacal fit","561","br","chrome","web","expansao_3"
"goku","goku 360","560","br","chrome","web","expansao_3"
"goku","goku 30 cm","559","br","chrome","web","expansao_3"
"goku","goku 38","558","br","chrome","web","expansao_3"
"goku","goku 37","557","br","chrome","web","expansao_3"
"goku","goku 3d print","556","br","chrome","web","expansao_3"
"goku","goku 3 instinto","555","br","chrome","web","expansao_3"
"goku","goku 360 stick nodes","554","br","chrome","web","expansao_3"
"goku","goku 3 para colorir","553","br","chrome","web","expansao_3"
"goku","goku 360 pack stick nodes","552","br","chrome","web","expansao_3"
"goku","goku 3.4 mugen","551","br","chrome","web","expansao_3"
"goku","goku 3000","550","br","chrome","web","expansao_3"
"goku","goku 4k","1250","br","chrome","web","expansao_4"
"goku","goku 4.0","601","br","chrome","web","expansao_4"
"goku","goku 4k wallpaper","600","br","chrome","web","expansao_4"
"goku","goku 40th","561","br","chrome","web","expansao_4"
"goku","goku 4 daima","560","br","chrome","web","expansao_4"
"goku","goku 4.0 sh figuarts","559","br","chrome","web","expansao_4"
"goku","goku 4 para colorir","558","br","chrome","web","expansao_4"
"goku","goku 40th sh figuarts","557","br","chrome","web","expansao_4"
"goku","goku 4d","556","br","chrome","web","expansao_4"
"goku","goku 4 gt","555","br","chrome","web","expansao_4"
"goku","goku 4 boneco","554","br","chrome","web","expansao_4"
"goku","goku 4k gif","553","br","chrome","web","expansao_4"
"goku","goku 40 anos","552","br","chrome","web","expansao_4"
"goku","goku 40 tons","551","br","chrome","web","expansao_4"
"goku","goku 4k wallpaper pc","550","br","chrome","web","expansao_4"
"goku","goku 59","800","br","chrome","web","expansao_5"
"goku","goku 500","601","br","chrome","web","expansao_5"
"goku","goku 59 jacket","600","br","chrome","web","expansao_5"
"goku","goku 50","561","br","chrome","web","expansao_5"
"goku","goku 5k","560","br","chrome","web","expansao_5"
"goku","goku 5000","559","br","chrome","web","expansao_5"
"goku","goku 5 star astd x","558","br","chrome","web","expansao_5"
"goku","goku 54","557","br","chrome","web","expansao_5"
"goku","goku 500x500","556","br","chrome","web","expansao_5"
"goku","goku 55","555","br","chrome","web","expansao_5"
"goku","goku 555","554","br","chrome","web","expansao_5"
"goku","goku 59 outfit","553","br","chrome","web","expansao_5"
"goku","goku 59 bomber jacket","552","br","chrome","web","expansao_5"
"goku","goku 5k wallpaper","551","br","chrome","web","expansao_5"
"goku","goku 5d","550","br","chrome","web","expansao_5"
"goku","goku 666","900","br","chrome","web","expansao_6"
"goku","goku 615 funko pop","601","br","chrome","web","expansao_6"
"goku","goku 615","600","br","chrome","web","expansao_6"
"goku","goku 6 star astd","561","br","chrome","web","expansao_6"
"goku","goku 6 astd","560","br","chrome","web","expansao_6"
"goku","goku 6 star","559","br","chrome","web","expansao_6"
"goku","goku 64x64","558","br","chrome","web","expansao_6"
"goku","goku 6000","557","br","chrome","web","expansao_6"
"goku","goku 63","556","br","chrome","web","expansao_6"
"goku","goku 6 estrelas all star tower defense","555","br","chrome","web","expansao_6"
"goku","goku 6 star astd blue","554","br","chrome","web","expansao_6"
"goku","goku 64","553","br","chrome","web","expansao_6"
"goku","goku 60","552","br","chrome","web","expansao_6"
"goku","goku 65","551","br","chrome","web","expansao_6"
"goku","goku 6d","550","br","chrome","web","expansao_6"
"goku","goku 7mz","1250","br","chrome","web","expansao_7"
"goku","goku 7 star astd","601","br","chrome","web","expansao_7"
"goku","goku 7 astd","600","br","chrome","web","expansao_7"
"goku","goku 7 star","561","br","chrome","web","expansao_7"
"goku","goku 77","560","br","chrome","web","expansao_7"
"goku","goku 70","559","br","chrome","web","expansao_7"
"goku","goku 7 star all star tower defense","558","br","chrome","web","expansao_7"
"goku","goku 7 star astd wiki","557","br","chrome","web","expansao_7"
"goku","goku 7 stars","556","br","chrome","web","expansao_7"
"goku","goku 7000","555","br","chrome","web","expansao_7"
"goku","goku 700","554","br","chrome","web","expansao_7"
"goku","goku 7 estrelas","553","br","chrome","web","expansao_7"
"goku","goku 7 estrelas astd","552","br","chrome","web","expansao_7"
"goku","goku 7 estrelas all star tower defense","551","br","chrome","web","expansao_7"
"goku","goku 7 minutoz","550","br","chrome","web","expansao_7"
"goku","goku 8k","1250","br","chrome","web","expansao_8"
"goku","goku 8 bits","900","br","chrome","web","expansao_8"
"goku","goku 8 bit","601","br","chrome","web","expansao_8"
"goku","goku 89","600","br","chrome","web","expansao_8"
"goku","goku 8000","560","br","chrome","web","expansao_8"
"goku","goku 800","559","br","chrome","web","expansao_8"
"goku","goku 8 bit sprite","558","br","chrome","web","expansao_8"
"goku","goku 83","557","br","chrome","web","expansao_8"
"goku","goku 81","556","br","chrome","web","expansao_8"
"goku","goku 8k wallpaper","555","br","chrome","web","expansao_8"
"goku","goku 8k wallpaper for mobile","554","br","chrome","web","expansao_8"
"goku","goku 8k wallpaper for pc","553","br","chrome","web","expansao_8"
"goku","goku 8k wallpaper download","552","br","chrome","web","expansao_8"
"goku","goku 827 funko pop","551","br","chrome","web","expansao_8"
"goku","goku 827","550","br","chrome","web","expansao_8"
"goku","goku 999","1200","br","chrome","web","expansao_9"
"goku","goku 99","601","br","chrome","web","expansao_9"
"goku","goku 99999","600","br","chrome","web","expansao_9"
"goku","goku 9999","561","br","chrome","web","expansao_9"
"goku","goku 948 funko pop","560","br","chrome","web","expansao_9"
"goku","goku 9 16","559","br","chrome","web","expansao_9"
"goku","goku 90000","558","br","chrome","web","expansao_9"
"goku","goku 900","557","br","chrome","web","expansao_9"
"goku","goku 98","556","br","chrome","web","expansao_9"
"goku","goku 948 glow","555","br","chrome","web","expansao_9"
"goku","goku 90s","554","br","chrome","web","expansao_9"
"goku","goku 9000","553","br","chrome","web","expansao_9"
"goku","goku 90","552","br","chrome","web","expansao_9"
"goku","goku 9 funko pop","551","br","chrome","web","expansao_9"
"goku","goku 90s style","550","br","chrome","web","expansao_9"
"goku","goku o que é","1250","br","chrome","web","categoria_Questões_o que"
"goku","son goku o que significa","601","br","chrome","web","categoria_Questões_o que"
"goku","goku é o que do vegeta","600","br","chrome","web","categoria_Questões_o que"
"goku","goku kakumei o que é","560","br","chrome","web","categoria_Questões_o que"
"goku","o'que o goku luta","559","br","chrome","web","categoria_Questões_o que"
"goku","goku black o que é","558","br","chrome","web","categoria_Questões_o que"
"goku","son goku o que é","557","br","chrome","web","categoria_Questões_o que"
"goku","goku mui o'que é","556","br","chrome","web","categoria_Questões_o que"
"goku","goku faz o que","555","br","chrome","web","categoria_Questões_o que"
"goku","cc goku o que é","554","br","chrome","web","categoria_Questões_o que"
"goku","goku lol o que aconteceu","553","br","chrome","web","categoria_Questões_o que"
"goku","foi o goku que me ensinou","552","br","chrome","web","categoria_Questões_o que"
"goku","goku não sabe o que é beijar","551","br","chrome","web","categoria_Questões_o que"
"goku","o que goku black disse","550","br","chrome","web","categoria_Questões_o que"
"goku","goku é anime","601","br","chrome","web","categoria_Questões_é"
"goku","goku é humano","600","br","chrome","web","categoria_Questões_é"
"goku","goku é de qual desenho","562","br","chrome","web","categoria_Questões_é"
"goku","goku é mais forte que saitama","561","br","chrome","web","categoria_Questões_é"
"goku","goku é mais forte que vegeta","560","br","chrome","web","categoria_Questões_é"
"goku","goku é um deus","559","br","chrome","web","categoria_Questões_é"
"goku","goku é mais forte que bills","558","br","chrome","web","categoria_Questões_é"
"goku","goku é um alienígena","557","br","chrome","web","categoria_Questões_é"
"goku","goku é super heroi","556","br","chrome","web","categoria_Questões_é"
"goku","goku é a reencarnação de yamoshi","555","br","chrome","web","categoria_Questões_é"
"goku","goku é japones","554","br","chrome","web","categoria_Questões_é"
"goku","goku é filho de quem","553","br","chrome","web","categoria_Questões_é"
"goku","goku é mais forte que naruto","552","br","chrome","web","categoria_Questões_é"
"goku","goku é imortal","551","br","chrome","web","categoria_Questões_é"
"goku","goku é casado com quem","550","br","chrome","web","categoria_Questões_é"
"goku","goku nao é heroi","601","br","chrome","web","categoria_Questões_não é"
"goku","goku você não é tão bom assim","600","br","chrome","web","categoria_Questões_não é"
"goku","não é goku","555","br","chrome","web","categoria_Questões_não é"
"goku","goku não sabe o'que é beijar","554","br","chrome","web","categoria_Questões_não é"
"goku","goku não é o mesmo","553","br","chrome","web","categoria_Questões_não é"
"goku","goku não é heroi","552","br","chrome","web","categoria_Questões_não é"
"goku","goku não é um herói","551","br","chrome","web","categoria_Questões_não é"
"goku","goku nao é o mesmo","550","br","chrome","web","categoria_Questões_não é"
"goku","goku como desenhar","1250","br","chrome","web","categoria_Questões_como"
"goku","goku como desenhar passo a passo","601","br","chrome","web","categoria_Questões_como"
"goku","goku como deus da destruição","600","br","chrome","web","categoria_Questões_como"
"goku","goku como fazer","561","br","chrome","web","categoria_Questões_como"
"goku","goku como se escreve","560","br","chrome","web","categoria_Questões_como"
"goku","goku como dibujar","559","br","chrome","web","categoria_Questões_como"
"goku","goku como","558","br","chrome","web","categoria_Questões_como"
"goku","goku como dibujar facil","557","br","chrome","web","categoria_Questões_como"
"goku","goku como angel","556","br","chrome","web","categoria_Questões_como"
"goku","goku como esta la moto","555","br","chrome","web","categoria_Questões_como"
"goku","como dibujar goku paso a paso","554","br","chrome","web","categoria_Questões_como"
"goku","goku como se pronuncia","553","br","chrome","web","categoria_Questões_como"
"goku","como se dibuja goku","552","br","chrome","web","categoria_Questões_como"
"goku","como goku black morreu","551","br","chrome","web","categoria_Questões_como"
"goku","como goku perdeu a cauda","550","br","chrome","web","categoria_Questões_como"
"goku","goku porque me pegas si yo te amo","1250","br","chrome","web","categoria_Questões_por que"
"goku","goku porque me pegas","800","br","chrome","web","categoria_Questões_por que"
"goku","goku porque se va con shenlong","601","br","chrome","web","categoria_Questões_por que"
"goku","goku porque me tocas mi chilito","600","br","chrome","web","categoria_Questões_por que"
"goku","goku porque tiene cola","560","br","chrome","web","categoria_Questões_por que"
"goku","porque no me perdiste goku","559","br","chrome","web","categoria_Questões_por que"
"goku","son goku por que son","558","br","chrome","web","categoria_Questões_por que"
"goku","por que goku foi embora com shenlong","557","br","chrome","web","categoria_Questões_por que"
"goku","por que goku não usou o instinto superior contra broly","556","br","chrome","web","categoria_Questões_por que"
"goku","por que goku se chama kakaroto","555","br","chrome","web","categoria_Questões_por que"
"goku","por que goku perdeu o instinto superior","554","br","chrome","web","categoria_Questões_por que"
"goku","por que goku morreu","553","br","chrome","web","categoria_Questões_por que"
"goku","por que goku aparece em one piece","552","br","chrome","web","categoria_Questões_por que"
"goku","por que goku foi acorrentado","551","br","chrome","web","categoria_Questões_por que"
"goku","por que goku vira criança em dragon ball gt","550","br","chrome","web","categoria_Questões_por que"
"goku","goku onde ver","601","br","chrome","web","categoria_Questões_onde"
"goku","onde goku aprendeu o teletransporte","600","br","chrome","web","categoria_Questões_onde"
"goku","onde goku mora","561","br","chrome","web","categoria_Questões_onde"
"goku","onde goku nasceu","560","br","chrome","web","categoria_Questões_onde"
"goku","onde goku treinava","559","br","chrome","web","categoria_Questões_onde"
"goku","onde goku aprendeu a fusão","558","br","chrome","web","categoria_Questões_onde"
"goku","onde goku aprendeu a voar","557","br","chrome","web","categoria_Questões_onde"
"goku","onde goku black aparece","556","br","chrome","web","categoria_Questões_onde"
"goku","onde goku","555","br","chrome","web","categoria_Questões_onde"
"goku","goku black onde assistir","554","br","chrome","web","categoria_Questões_onde"
"goku","goku filme onde assistir","553","br","chrome","web","categoria_Questões_onde"
"goku","goku kakumei onde assistir","552","br","chrome","web","categoria_Questões_onde"
"goku","para onde goku foi com shenlong","551","br","chrome","web","categoria_Questões_onde"
"goku","para onde goku foi no final de dragon ball gt","550","br","chrome","web","categoria_Questões_onde"
"goku","goku quando se transforma","600","br","chrome","web","categoria_Questões_quando"
"goku","goku quando vira macaco","560","br","chrome","web","categoria_Questões_quando"
"goku","goku quando chegou na terra","559","br","chrome","web","categoria_Questões_quando"
"goku","goku quando era bebê","558","br","chrome","web","categoria_Questões_quando"
"goku","goku quando foi criado","557","br","chrome","web","categoria_Questões_quando"
"goku","goku quando","556","br","chrome","web","categoria_Questões_quando"
"goku","goku quando ele era criança","555","br","chrome","web","categoria_Questões_quando"
"goku","goku quando ele era pequeno","554","br","chrome","web","categoria_Questões_quando"
"goku","goku quando morre","553","br","chrome","web","categoria_Questões_quando"
"goku","quando goku se transforma em super saiyajin","552","br","chrome","web","categoria_Questões_quando"
"goku","quando goku se transforma em super saiyajin 2","551","br","chrome","web","categoria_Questões_quando"
"goku","quando goku se transforma em super saiyajin 3","550","br","chrome","web","categoria_Questões_quando"
"goku","goku qual poder","600","br","chrome","web","categoria_Questões_qual"
"goku","qual goku mais forte","562","br","chrome","web","categoria_Questões_qual"
"goku","goku black qual episodio","561","br","chrome","web","categoria_Questões_qual"
"goku","goku luta qual arte marcial","560","br","chrome","web","categoria_Questões_qual"
"goku","goku black qual saga","559","br","chrome","web","categoria_Questões_qual"
"goku","goku é qual vegetal","558","br","chrome","web","categoria_Questões_qual"
"goku","goku vs jiren qual ep","557","br","chrome","web","categoria_Questões_qual"
"goku","goku vs kefla qual ep","556","br","chrome","web","categoria_Questões_qual"
"goku","goku joga em qual time","555","br","chrome","web","categoria_Questões_qual"
"goku","goku instinto superior qual ep","554","br","chrome","web","categoria_Questões_qual"
"goku","goku é de qual pais","553","br","chrome","web","categoria_Questões_qual"
"goku","goku é de qual anime","552","br","chrome","web","categoria_Questões_qual"
"goku","goku vs freeza qual ep","551","br","chrome","web","categoria_Questões_qual"
"goku","goku vs hit qual ep","550","br","chrome","web","categoria_Questões_qual"
"goku","goku quanto è alto","1250","br","chrome","web","categoria_Questões_quanto"
"goku","goku quanto è forte","1200","br","chrome","web","categoria_Questões_quanto"
"goku","goku quanto pesa","601","br","chrome","web","categoria_Questões_quanto"
"goku","goku quanto e forte","600","br","chrome","web","categoria_Questões_quanto"
"goku","quanto goku tem de altura","556","br","chrome","web","categoria_Questões_quanto"
"goku","goku nasceu com quanto de poder","555","br","chrome","web","categoria_Questões_quanto"
"goku","mai dire goku quanto dura","554","br","chrome","web","categoria_Questões_quanto"
"goku","goku de desenho","701","br","chrome","web","categoria_Preposições_de"
"goku","goku de dragon ball","601","br","chrome","web","categoria_Preposições_de"
"goku","goku de brinquedo","559","br","chrome","web","categoria_Preposições_de"
"goku","goku de cabelo vermelho","558","br","chrome","web","categoria_Preposições_de"
"goku","goku de cabelo branco","557","br","chrome","web","categoria_Preposições_de"
"goku","goku de terno","556","br","chrome","web","categoria_Preposições_de"
"goku","goku de frente","555","br","chrome","web","categoria_Preposições_de"
"goku","goku de flamengo","554","br","chrome","web","categoria_Preposições_de"
"goku","goku de dragon ball z","553","br","chrome","web","categoria_Preposições_de"
"goku","goku de cabelo rosa","552","br","chrome","web","categoria_Preposições_de"
"goku","goku de papel","551","br","chrome","web","categoria_Preposições_de"
"goku","goku de oculos","550","br","chrome","web","categoria_Preposições_de"
"goku","goku para desenhar fácil","559","br","chrome","web","categoria_Preposições_para"
"goku","goku para colorir instinto superior","558","br","chrome","web","categoria_Preposições_para"
"goku","goku para pintar e imprimir","557","br","chrome","web","categoria_Preposições_para"
"goku","goku para colorir rosto","556","br","chrome","web","categoria_Preposições_para"
"goku","goku para desenhar no caderno","555","br","chrome","web","categoria_Preposições_para"
"goku","goku para colorir fácil","554","br","chrome","web","categoria_Preposições_para"
"goku","goku para colorir png","553","br","chrome","web","categoria_Preposições_para"
"goku","goku para assistir","552","br","chrome","web","categoria_Preposições_para"
"goku","goku para perfil","551","br","chrome","web","categoria_Preposições_para"
"goku","goku para montar","550","br","chrome","web","categoria_Preposições_para"
"goku","goku com cabelo azul","601","br","chrome","web","categoria_Preposições_com"
"goku","goku com cabelo vermelho","600","br","chrome","web","categoria_Preposições_com"
"goku","goku com raiva","562","br","chrome","web","categoria_Preposições_com"
"goku","goku com a camisa do flamengo","561","br","chrome","web","categoria_Preposições_com"
"goku","goku com escoliose","560","br","chrome","web","categoria_Preposições_com"
"goku","goku com cabelo branco","559","br","chrome","web","categoria_Preposições_com"
"goku","goku com a camisa do vasco","558","br","chrome","web","categoria_Preposições_com"
"goku","goku com cabelo amarelo","557","br","chrome","web","categoria_Preposições_com"
"goku","goku com cauda","556","br","chrome","web","categoria_Preposições_com"
"goku","goku com a camisa do corinthians","555","br","chrome","web","categoria_Preposições_com"
"goku","goku com instinto superior","554","br","chrome","web","categoria_Preposições_com"
"goku","goku com cabelo rosa","553","br","chrome","web","categoria_Preposições_com"
"goku","goku com cabelo verde","552","br","chrome","web","categoria_Preposições_com"
"goku","goku com asas","551","br","chrome","web","categoria_Preposições_com"
"goku","goku com barba","550","br","chrome","web","categoria_Preposições_com"
"goku","goku sem camisa","1250","br","chrome","web","categoria_Preposições_sem"
"goku","goku sem cabelo","850","br","chrome","web","categoria_Preposições_sem"
"goku","goku sem roteiro","601","br","chrome","web","categoria_Preposições_sem"
"goku","goku sem fundo","600","br","chrome","web","categoria_Preposições_sem"
"goku","goku sem transformação","560","br","chrome","web","categoria_Preposições_sem"
"goku","goku sem cor","559","br","chrome","web","categoria_Preposições_sem"
"goku","goku sem braço","558","br","chrome","web","categoria_Preposições_sem"
"goku","goku sem sobrancelha","557","br","chrome","web","categoria_Preposições_sem"
"goku","goku sem entender nada","556","br","chrome","web","categoria_Preposições_sem"
"goku","sengoku","555","br","chrome","web","categoria_Preposições_sem"
"goku","goku sem pintar","554","br","chrome","web","categoria_Preposições_sem"
"goku","goku sem instalar","553","br","chrome","web","categoria_Preposições_sem"
"goku","goku sem cabeça","552","br","chrome","web","categoria_Preposições_sem"
"goku","goku sem calça","551","br","chrome","web","categoria_Preposições_sem"
"goku","goku sem camisa para colorir","550","br","chrome","web","categoria_Preposições_sem"
"goku","goku sobre la nube","1252","br","chrome","web","categoria_Preposições_sobre"
"goku","goku sobre la nube voladora","1251","br","chrome","web","categoria_Preposições_sobre"
"goku","goku sobre shenlong","1250","br","chrome","web","categoria_Preposições_sobre"
"goku","goku sobre el dragon","701","br","chrome","web","categoria_Preposições_sobre"
"goku","goku sobre nappa","700","br","chrome","web","categoria_Preposições_sobre"
"goku","goku sobre","601","br","chrome","web","categoria_Preposições_sobre"
"goku","goku sobre la cabeza de nappa","600","br","chrome","web","categoria_Preposições_sobre"
"goku","goku black sobre a humanidade","557","br","chrome","web","categoria_Preposições_sobre"
"goku","curiosidades sobre goku","556","br","chrome","web","categoria_Preposições_sobre"
"goku","texto sobre goku","555","br","chrome","web","categoria_Preposições_sobre"
"goku","frase do goku sobre limites","554","br","chrome","web","categoria_Preposições_sobre"
"goku","goku black falando sobre a humanidade","553","br","chrome","web","categoria_Preposições_sobre"
"goku","avaliações sobre goku sushi","552","br","chrome","web","categoria_Preposições_sobre"
"goku","notícias sobre goku","551","br","chrome","web","categoria_Preposições_sobre"
"goku","desenho sobre goku","550","br","chrome","web","categoria_Preposições_sobre"
"goku","goku contra vegeta","1250","br","chrome","web","categoria_Preposições_contra"
"goku","goku contra jiren","1101","br","chrome","web","categoria_Preposições_contra"
"goku","goku contra freeza","1100","br","chrome","web","categoria_Preposições_contra"
"goku","goku contra saitama","700","br","chrome","web","categoria_Preposições_contra"
"goku","goku contra cell","601","br","chrome","web","categoria_Preposições_contra"
"goku","goku contra naruto","600","br","chrome","web","categoria_Preposições_contra"
"goku","goku contra bills","558","br","chrome","web","categoria_Preposições_contra"
"goku","goku contra broly","557","br","chrome","web","categoria_Preposições_contra"
"goku","goku contra zaiko","556","br","chrome","web","categoria_Preposições_contra"
"goku","goku contra moro","555","br","chrome","web","categoria_Preposições_contra"
"goku","goku contra kefla","554","br","chrome","web","categoria_Preposições_contra"
"goku","goku contra hulk","553","br","chrome","web","categoria_Preposições_contra"
"goku","goku contra luffy","552","br","chrome","web","categoria_Preposições_contra"
"goku","goku contra goku","551","br","chrome","web","categoria_Preposições_contra"
"goku","goku contra gohan","550","br","chrome","web","categoria_Preposições_contra"
"goku","goku age","601","br","chrome","web","categoria_Preposições_até"
"goku","goku ate icarus","600","br","chrome","web","categoria_Preposições_até"
"goku","adeus goku até um dia","562","br","chrome","web","categoria_Preposições_até"
"goku","what if goku ate the fruit of might","561","br","chrome","web","categoria_Preposições_até"
"goku","what if goku ate the gum gum fruit","560","br","chrome","web","categoria_Preposições_até"
"goku","what if goku ate the tree of might","559","br","chrome","web","categoria_Preposições_até"
"goku","what if goku ate a devil fruit","558","br","chrome","web","categoria_Preposições_até"
"goku","what if goku ate sukuna finger","557","br","chrome","web","categoria_Preposições_até"
"goku","what if goku ate a senzu bean","556","br","chrome","web","categoria_Preposições_até"
"goku","what if goku ate a senzu bean against cell","555","br","chrome","web","categoria_Preposições_até"
"goku","goku ate","554","br","chrome","web","categoria_Preposições_até"
"goku","goku ataque","553","br","chrome","web","categoria_Preposições_até"
"goku","goku atinge seu limite","552","br","chrome","web","categoria_Preposições_até"
"goku","goku atinge o instinto superior","551","br","chrome","web","categoria_Preposições_até"
"goku","goku atacando","550","br","chrome","web","categoria_Preposições_até"
"goku","goku vs naruto","557","br","chrome","web","categoria_Comparações_vs"
"goku","goku vs kefla","551","br","chrome","web","categoria_Comparações_vs"
"goku","goku vs goku black","550","br","chrome","web","categoria_Comparações_vs"
"goku","goku é melhor que naruto","601","br","chrome","web","categoria_Comparações_melhor que"
"goku","goku melhor cena","600","br","chrome","web","categoria_Comparações_melhor que"
"goku","goku melhor luta","552","br","chrome","web","categoria_Comparações_melhor que"
"goku","goku melhor protagonista","551","br","chrome","web","categoria_Comparações_melhor que"
"goku","goku melhor transformaçao","550","br","chrome","web","categoria_Comparações_melhor que"
"goku","goku ou saitama quem ganha","800","br","chrome","web","categoria_Comparações_ou"
"goku","goku ou superman","750","br","chrome","web","categoria_Comparações_ou"
"goku","goku ou kakaroto","602","br","chrome","web","categoria_Comparações_ou"
"goku","goku ou gohan","601","br","chrome","web","categoria_Comparações_ou"
"goku","goku ou vegeta quem é mais forte","600","br","chrome","web","categoria_Comparações_ou"
"goku","goku ou saitama quem é mais forte","556","br","chrome","web","categoria_Comparações_ou"
"goku","goku ou broly","555","br","chrome","web","categoria_Comparações_ou"
"goku","goku ou naruto quem é mais forte","554","br","chrome","web","categoria_Comparações_ou"
"goku","goku ou","553","br","chrome","web","categoria_Comparações_ou"
"goku","goku ou naruto quem ganha","552","br","chrome","web","categoria_Comparações_ou"
"goku","goku ou luffy","551","br","chrome","web","categoria_Comparações_ou"
"goku","goku ou gojo","550","br","chrome","web","categoria_Comparações_ou"
"goku","goku e freeza vs jiren","553","br","chrome","web","categoria_Comparações_e"
"goku","goku e saitama","552","br","chrome","web","categoria_Comparações_e"
"goku","goku e chichi casamento","551","br","chrome","web","categoria_Comparações_e"
"goku","goku e shenlong","550","br","chrome","web","categoria_Comparações_e"
"goku","goku vs jiren","601","br","chrome","youtube","top"
"goku","goku instinto superior","600","br","chrome","youtube","top"
"goku","goku vs broly","562","br","chrome","youtube","top"
"goku","goku black","561","br","chrome","youtube","top"
"goku","goku vs saitama","560","br","chrome","youtube","top"
"goku","goku vs bills","559","br","chrome","youtube","top"
"goku","goku vs vegeta","558","br","chrome","youtube","top"
"goku","goku vs cell","557","br","chrome","youtube","top"
"goku","goku vs kefla","556","br","chrome","youtube","top"
"goku","goku vs goku black","555","br","chrome","youtube","top"
"goku","goku edit","554","br","chrome","youtube","top"
"goku","goku goku","553","br","chrome","youtube","top"
"goku","goku vs toppo","552","br","chrome","youtube","top"
"goku","goku instinto superior completo","551","br","chrome","youtube","top"
"goku","goku vs zamasu","550","br","chrome","youtube","top"
"goku","goku amv","601","br","chrome","youtube","expansao_a"
"goku","goku and frieza vs jiren","600","br","chrome","youtube","expansao_a"
"goku","goku aura","562","br","chrome","youtube","expansao_a"
"goku","goku astd x","561","br","chrome","youtube","expansao_a"
"goku","goku anime vanguards","560","br","chrome","youtube","expansao_a"
"goku","goku ativando o instinto superior","559","br","chrome","youtube","expansao_a"
"goku","goku amigurumi","558","br","chrome","youtube","expansao_a"
"goku","goku ativa o instinto superior completo","557","br","chrome","youtube","expansao_a"
"goku","goku all star tower defense x","556","br","chrome","youtube","expansao_a"
"goku","goku ativa o instinto superior pela primeira vez","555","br","chrome","youtube","expansao_a"
"goku","goku acorrentado","554","br","chrome","youtube","expansao_a"
"goku","goku af","553","br","chrome","youtube","expansao_a"
"goku","goku anjo","552","br","chrome","youtube","expansao_a"
"goku","goku atinge o instinto superior completo","551","br","chrome","youtube","expansao_a"
"goku","goku anime","550","br","chrome","youtube","expansao_a"
"goku","goku black vs goku","601","br","chrome","youtube","expansao_b"
"goku","goku black edit","600","br","chrome","youtube","expansao_b"
"goku","goku black theme","561","br","chrome","youtube","expansao_b"
"goku","goku black rap","560","br","chrome","youtube","expansao_b"
"goku","goku black vs vegeta","559","br","chrome","youtube","expansao_b"
"goku","goku black no brasil","558","br","chrome","youtube","expansao_b"
"goku","goku black estava certo","557","br","chrome","youtube","expansao_b"
"goku","goku blue","556","br","chrome","youtube","expansao_b"
"goku","goku black twixtor","555","br","chrome","youtube","expansao_b"
"goku","goku black vs bills","554","br","chrome","youtube","expansao_b"
"goku","goku black vs trunks","553","br","chrome","youtube","expansao_b"
"goku","goku black dançando no fortnite","552","br","chrome","youtube","expansao_b"
"goku","goku black aparece pela primeira vez","551","br","chrome","youtube","expansao_b"
"goku","goku black amv","550","br","chrome","youtube","expansao_b"
"goku","goku completo","650","br","chrome","youtube","expansao_c"
"goku","goku criança","601","br","chrome","youtube","expansao_c"
"goku","goku contra saitama","600","br","chrome","youtube","expansao_c"
"goku","goku chega na terra","561","br","chrome","youtube","expansao_c"
"goku","goku chega em namekusei","560","br","chrome","youtube","expansao_c"
"goku","goku conhece goten","559","br","chrome","youtube","expansao_c"
"goku","goku contra jiren","558","br","chrome","youtube","expansao_c"
"goku","goku como desenhar","557","br","chrome","youtube","expansao_c"
"goku","goku contra freeza","556","br","chrome","youtube","expansao_c"
"goku","goku chega para lutar com freeza","555","br","chrome","youtube","expansao_c"
"goku","goku chega ao campo de batalha","554","br","chrome","youtube","expansao_c"
"goku","goku clips","553","br","chrome","youtube","expansao_c"
"goku","goku contra naruto","552","br","chrome","youtube","expansao_c"
"goku","goku cc","551","br","chrome","youtube","expansao_c"
"goku","goku contra broly","550","br","chrome","youtube","expansao_c"
"goku","goku desenho","700","br","chrome","youtube","expansao_d"
"goku","goku desperta o instinto superior","602","br","chrome","youtube","expansao_d"
"goku","goku dragon ball","601","br","chrome","youtube","expansao_d"
"goku","goku dançando","600","br","chrome","youtube","expansao_d"
"goku","goku drip","560","br","chrome","youtube","expansao_d"
"goku","goku dragon ball z","559","br","chrome","youtube","expansao_d"
"goku","goku deus da destruição","558","br","chrome","youtube","expansao_d"
"goku","goku dublado","557","br","chrome","youtube","expansao_d"
"goku","goku domina o instinto superior","556","br","chrome","youtube","expansao_d"
"goku","goku do mal","555","br","chrome","youtube","expansao_d"
"goku","goku deus super saiyajin","554","br","chrome","youtube","expansao_d"
"goku","goku daima","553","br","chrome","youtube","expansao_d"
"goku","goku dançando meme","552","br","chrome","youtube","expansao_d"
"goku","goku desperta o instinto superior completo","551","br","chrome","youtube","expansao_d"
"goku","goku de brinquedo","550","br","chrome","youtube","expansao_d"
"goku","goku e vegeta","800","br","chrome","youtube","expansao_e"
"goku","goku e chichi","601","br","chrome","youtube","expansao_e"
"goku","goku e vegeta vs jiren","600","br","chrome","youtube","expansao_e"
"goku","goku e vegeta vs broly","560","br","chrome","youtube","expansao_e"
"goku","goku e frieza vs jiren","559","br","chrome","youtube","expansao_e"
"goku","goku e freeza vs jiren","558","br","chrome","youtube","expansao_e"
"goku","goku e zeno","557","br","chrome","youtube","expansao_e"
"goku","goku e vegeta fazendo fusão","556","br","chrome","youtube","expansao_e"
"goku","goku em português","555","br","chrome","youtube","expansao_e"
"goku","goku e saitama","554","br","chrome","youtube","expansao_e"
"goku","goku e gohan","553","br","chrome","youtube","expansao_e"
"goku","goku e bulma","552","br","chrome","youtube","expansao_e"
"goku","goku edits","551","br","chrome","youtube","expansao_e"
"goku","goku e vegeta vs cooler","550","br","chrome","youtube","expansao_e"
"goku","goku funk","601","br","chrome","youtube","expansao_f"
"goku","goku furioso","600","br","chrome","youtube","expansao_f"
"goku","goku filme","562","br","chrome","youtube","expansao_f"
"goku","goku falando","561","br","chrome","youtube","expansao_f"
"goku","goku fazendo a genki dama","560","br","chrome","youtube","expansao_f"
"goku","goku fazendo kamehameha","559","br","chrome","youtube","expansao_f"
"goku","goku freeza e n17 vs jiren","558","br","chrome","youtube","expansao_f"
"goku","goku farmando aura","557","br","chrome","youtube","expansao_f"
"goku","goku falando palavrão","556","br","chrome","youtube","expansao_f"
"goku","goku fortnite","555","br","chrome","youtube","expansao_f"
"goku","goku fora do roteiro","554","br","chrome","youtube","expansao_f"
"goku","goku fala com gohan","553","br","chrome","youtube","expansao_f"
"goku","goku foto","552","br","chrome","youtube","expansao_f"
"goku","goku fusão","551","br","chrome","youtube","expansao_f"
"goku","goku freeza e n17 vs jiren react","550","br","chrome","youtube","expansao_f"
"goku","goku gritando","601","br","chrome","youtube","expansao_g"
"goku","goku genki dama","600","br","chrome","youtube","expansao_g"
"goku","goku god astd x","561","br","chrome","youtube","expansao_g"
"goku","goku gt","560","br","chrome","youtube","expansao_g"
"goku","goku gohan bardock vs naruto boruto minato","559","br","chrome","youtube","expansao_g"
"goku","goku god","558","br","chrome","youtube","expansao_g"
"goku","goku godly anime last stand","557","br","chrome","youtube","expansao_g"
"goku","goku god e hit","556","br","chrome","youtube","expansao_g"
"goku","goku gohan bardock vs naruto boruto minato react","555","br","chrome","youtube","expansao_g"
"goku","goku goalbound","554","br","chrome","youtube","expansao_g"
"goku","goku gohan e goten vs broly","553","br","chrome","youtube","expansao_g"
"goku","goku gt vs goku super","552","br","chrome","youtube","expansao_g"
"goku","goku genki dama majin boo","551","br","chrome","youtube","expansao_g"
"goku","goku golden instinct 3","550","br","chrome","youtube","expansao_g"
"goku","goku humilha freeza","1251","br","chrome","youtube","expansao_h"
"goku","goku hit dragon ball legends","1250","br","chrome","youtube","expansao_h"
"goku","goku humilha vegeta","700","br","chrome","youtube","expansao_h"
"goku","goku hakai","652","br","chrome","youtube","expansao_h"
"goku","goku hakaishin","651","br","chrome","youtube","expansao_h"
"goku","goku hit lf","650","br","chrome","youtube","expansao_h"
"goku","goku humilhando","601","br","chrome","youtube","expansao_h"
"goku","goku hardstyle","600","br","chrome","youtube","expansao_h"
"goku","goku heroes","556","br","chrome","youtube","expansao_h"
"goku","goku historia","555","br","chrome","youtube","expansao_h"
"goku","goku humilha todos os deuses da destruição","554","br","chrome","youtube","expansao_h"
"goku","goku homem-aranha","553","br","chrome","youtube","expansao_h"
"goku","goku humilha nappa","552","br","chrome","youtube","expansao_h"
"goku","goku humilha baby","551","br","chrome","youtube","expansao_h"
"goku","goku hit","550","br","chrome","youtube","expansao_h"
"goku","goku instinto superior vs jiren","601","br","chrome","youtube","expansao_i"
"goku","goku instinto superior primeira vez","600","br","chrome","youtube","expansao_i"
"goku","goku infinito","560","br","chrome","youtube","expansao_i"
"goku","goku instinto superior musica","559","br","chrome","youtube","expansao_i"
"goku","goku instinto superior vs kefla","558","br","chrome","youtube","expansao_i"
"goku","goku instinto superior edit","557","br","chrome","youtube","expansao_i"
"goku","goku instinto superior completo vs jiren","556","br","chrome","youtube","expansao_i"
"goku","goku instinto superior react","555","br","chrome","youtube","expansao_i"
"goku","goku instinto superior vs vegeta ego superior","554","br","chrome","youtube","expansao_i"
"goku","goku instinto superior vs goku black","553","br","chrome","youtube","expansao_i"
"goku","goku instinto superior 2","552","br","chrome","youtube","expansao_i"
"goku","goku instinto superior 3","551","br","chrome","youtube","expansao_i"
"goku","goku infinity","550","br","chrome","youtube","expansao_i"
"goku","goku jogo","1150","br","chrome","youtube","expansao_j"
"goku","goku jaden smith","800","br","chrome","youtube","expansao_j"
"goku","goku jr","650","br","chrome","youtube","expansao_j"
"goku","goku jiren","601","br","chrome","youtube","expansao_j"
"goku","goku jjs","600","br","chrome","youtube","expansao_j"
"goku","goku jujutsu shenanigans","559","br","chrome","youtube","expansao_j"
"goku","goku japanese voice","558","br","chrome","youtube","expansao_j"
"goku","goku jogando free fire","557","br","chrome","youtube","expansao_j"
"goku","goku jogando beisebol","556","br","chrome","youtube","expansao_j"
"goku","goku jogando futebol","555","br","chrome","youtube","expansao_j"
"goku","goku júnior","554","br","chrome","youtube","expansao_j"
"goku","goku jiorzin","553","br","chrome","youtube","expansao_j"
"goku","goku japones","552","br","chrome","youtube","expansao_j"
"goku","goku jogando bola","551","br","chrome","youtube","expansao_j"
"goku","goku jogando minecraft","550","br","chrome","youtube","expansao_j"
"goku","goku kakumei","1251","br","chrome","youtube","expansao_k"
"goku","goku kamehameha","1250","br","chrome","youtube","expansao_k"
"goku","goku kaioken","800","br","chrome","youtube","expansao_k"
"goku","goku kakumei edit","601","br","chrome","youtube","expansao_k"
"goku","goku kamehameha vs cell","600","br","chrome","youtube","expansao_k"
"goku","goku kaioken vs hit","559","br","chrome","youtube","expansao_k"
"goku","goku kakumei vs saitama terra 2","558","br","chrome","youtube","expansao_k"
"goku","goku kaioken x10","557","br","chrome","youtube","expansao_k"
"goku","goku kakumei vs bills","556","br","chrome","youtube","expansao_k"
"goku","goku kills frieza","555","br","chrome","youtube","expansao_k"
"goku","goku kakaroto","554","br","chrome","youtube","expansao_k"
"goku","goku kaioken vs freeza","553","br","chrome","youtube","expansao_k"
"goku","goku kamehameha daima","552","br","chrome","youtube","expansao_k"
"goku","goku kaioken db legends","551","br","chrome","youtube","expansao_k"
"goku","goku kakumei se liberta","550","br","chrome","youtube","expansao_k"
"goku","goku lutando","1250","br","chrome","youtube","expansao_l"
"goku","goku lutando com freeza","601","br","chrome","youtube","expansao_l"
"goku","goku lutando com saitama","600","br","chrome","youtube","expansao_l"
"goku","goku lutando com broly","561","br","chrome","youtube","expansao_l"
"goku","goku luta com zamasu","560","br","chrome","youtube","expansao_l"
"goku","goku lutando com bills","559","br","chrome","youtube","expansao_l"
"goku","goku lutando com naruto","558","br","chrome","youtube","expansao_l"
"goku","goku lutando com goku black","557","br","chrome","youtube","expansao_l"
"goku","goku lutando com jiren","556","br","chrome","youtube","expansao_l"
"goku","goku luffy toriko","555","br","chrome","youtube","expansao_l"
"goku","goku luta contra zamasu","554","br","chrome","youtube","expansao_l"
"goku","goku lutando com huck","553","br","chrome","youtube","expansao_l"
"goku","goku live action","552","br","chrome","youtube","expansao_l"
"goku","goku linkin park","551","br","chrome","youtube","expansao_l"
"goku","goku lutando contra","550","br","chrome","youtube","expansao_l"
"goku","goku musica","650","br","chrome","youtube","expansao_m"
"goku","goku morre","601","br","chrome","youtube","expansao_m"
"goku","goku meme","600","br","chrome","youtube","expansao_m"
"goku","goku m4rkim","561","br","chrome","youtube","expansao_m"
"goku","goku mui","560","br","chrome","youtube","expansao_m"
"goku","goku mineiro","559","br","chrome","youtube","expansao_m"
"goku","goku motivacional","558","br","chrome","youtube","expansao_m"
"goku","goku mata freeza","557","br","chrome","youtube","expansao_m"
"goku","goku moveset jjs","556","br","chrome","youtube","expansao_m"
"goku","goku manga","555","br","chrome","youtube","expansao_m"
"goku","goku mas que po","554","br","chrome","youtube","expansao_m"
"goku","goku minecraft","553","br","chrome","youtube","expansao_m"
"goku","goku motivation","552","br","chrome","youtube","expansao_m"
"goku","goku migatte no gokui","551","br","chrome","youtube","expansao_m"
"goku","goku macaco","550","br","chrome","youtube","expansao_m"
"goku","goku no instinto superior","601","br","chrome","youtube","expansao_n"
"goku","goku na vida real","600","br","chrome","youtube","expansao_n"
"goku","goku no mundo do mario","562","br","chrome","youtube","expansao_n"
"goku","goku no torneio do poder","561","br","chrome","youtube","expansao_n"
"goku","goku no round 6","560","br","chrome","youtube","expansao_n"
"goku","goku nas backrooms","559","br","chrome","youtube","expansao_n"
"goku","goku naruto","558","br","chrome","youtube","expansao_n"
"goku","goku no prime","557","br","chrome","youtube","expansao_n"
"goku","goku no minecraft","556","br","chrome","youtube","expansao_n"
"goku","goku namorando","555","br","chrome","youtube","expansao_n"
"goku","goku no inferno","554","br","chrome","youtube","expansao_n"
"goku","goku na nuvem voadora","553","br","chrome","youtube","expansao_n"
"goku","goku naruto luffy","552","br","chrome","youtube","expansao_n"
"goku","goku no caminho da serpente","551","br","chrome","youtube","expansao_n"
"goku","goku no mundo de naruto","550","br","chrome","youtube","expansao_n"
"goku","goku o filme","1101","br","chrome","youtube","expansao_o"
"goku","goku oferece bulma","1100","br","chrome","youtube","expansao_o"
"goku","goku omni god","900","br","chrome","youtube","expansao_o"
"goku","goku oozaru","850","br","chrome","youtube","expansao_o"
"goku","goku oferece videl","602","br","chrome","youtube","expansao_o"
"goku","goku omni","601","br","chrome","youtube","expansao_o"
"goku","goku omni king","600","br","chrome","youtube","expansao_o"
"goku","goku original","557","br","chrome","youtube","expansao_o"
"goku","goku o super saiyajin filme","556","br","chrome","youtube","expansao_o"
"goku","goku o homem mais forte do mundo","555","br","chrome","youtube","expansao_o"
"goku","goku ou saitama","554","br","chrome","youtube","expansao_o"
"goku","goku omni god kaioken x100","553","br","chrome","youtube","expansao_o"
"goku","goku oozaru scream","552","br","chrome","youtube","expansao_o"
"goku","goku ou naruto","551","br","chrome","youtube","expansao_o"
"goku","goku ou vegeta","550","br","chrome","youtube","expansao_o"
"goku","goku pequeno","900","br","chrome","youtube","expansao_p"
"goku","goku português","850","br","chrome","youtube","expansao_p"
"goku","goku prime","700","br","chrome","youtube","expansao_p"
"goku","goku para desenhar","601","br","chrome","youtube","expansao_p"
"goku","goku perdendo o controle","600","br","chrome","youtube","expansao_p"
"goku","goku phonk","559","br","chrome","youtube","expansao_p"
"goku","goku pulando","558","br","chrome","youtube","expansao_p"
"goku","goku preso na sala do tempo","557","br","chrome","youtube","expansao_p"
"goku","goku prowler","556","br","chrome","youtube","expansao_p"
"goku","goku power rangers","555","br","chrome","youtube","expansao_p"
"goku","goku player tauz","554","br","chrome","youtube","expansao_p"
"goku","goku perde o instinto superior","553","br","chrome","youtube","expansao_p"
"goku","goku primeira vez instinto superior","552","br","chrome","youtube","expansao_p"
"goku","goku pequeno completo","551","br","chrome","youtube","expansao_p"
"goku","goku preto","550","br","chrome","youtube","expansao_p"
"goku","goku quebra a espada z","1250","br","chrome","youtube","expansao_q"
"goku","goku quando era pequeno","1200","br","chrome","youtube","expansao_q"
"goku","goku quer comer","601","br","chrome","youtube","expansao_q"
"goku","goku quase ativou o instinto superior contra o broly","600","br","chrome","youtube","expansao_q"
"goku","goku quem me dera","560","br","chrome","youtube","expansao_q"
"goku","goku quase elimina jiren","559","br","chrome","youtube","expansao_q"
"goku","goku quebrou a internet","558","br","chrome","youtube","expansao_q"
"goku","goku quando ele era criança","557","br","chrome","youtube","expansao_q"
"goku","goku quebra o limite dos deuses","556","br","chrome","youtube","expansao_q"
"goku","goku quando ele era pequeno","555","br","chrome","youtube","expansao_q"
"goku","goku quase erra a transformação","554","br","chrome","youtube","expansao_q"
"goku","goku quase derruba jiren","553","br","chrome","youtube","expansao_q"
"goku","goku quadruplo kaioken","552","br","chrome","youtube","expansao_q"
"goku","goku quase é eliminado","551","br","chrome","youtube","expansao_q"
"goku","goku quebra os brincos","550","br","chrome","youtube","expansao_q"
"goku","goku rap","1250","br","chrome","youtube","expansao_r"
"goku","goku react","651","br","chrome","youtube","expansao_r"
"goku","goku rage","650","br","chrome","youtube","expansao_r"
"goku","goku rebolando meme","601","br","chrome","youtube","expansao_r"
"goku","goku roblox","600","br","chrome","youtube","expansao_r"
"goku","goku recupera seu corpo","559","br","chrome","youtube","expansao_r"
"goku","goku realista","558","br","chrome","youtube","expansao_r"
"goku","goku roar","557","br","chrome","youtube","expansao_r"
"goku","goku raiz","556","br","chrome","youtube","expansao_r"
"goku","goku react gacha life","555","br","chrome","youtube","expansao_r"
"goku","goku reencontra seu avo","554","br","chrome","youtube","expansao_r"
"goku","goku round 6","553","br","chrome","youtube","expansao_r"
"goku","goku rage edit","552","br","chrome","youtube","expansao_r"
"goku","goku reencontra seus amigos","551","br","chrome","youtube","expansao_r"
"goku","goku ressuscita","550","br","chrome","youtube","expansao_r"
"goku","goku super sayajin","701","br","chrome","youtube","expansao_s"
"goku","goku se transforma em super saiyajin","700","br","chrome","youtube","expansao_s"
"goku","goku ssj4","602","br","chrome","youtube","expansao_s"
"goku","goku se transforma em super saiyajin 3","601","br","chrome","youtube","expansao_s"
"goku","goku ssj4 daima","600","br","chrome","youtube","expansao_s"
"goku","goku sem roteiro","559","br","chrome","youtube","expansao_s"
"goku","goku se transforma em super saiyajin 4","558","br","chrome","youtube","expansao_s"
"goku","goku super sayajin 4","557","br","chrome","youtube","expansao_s"
"goku","goku ssj3","556","br","chrome","youtube","expansao_s"
"goku","goku super sayajin 5","555","br","chrome","youtube","expansao_s"
"goku","goku sayajin","554","br","chrome","youtube","expansao_s"
"goku","goku super sayajin infinito","553","br","chrome","youtube","expansao_s"
"goku","goku scream","552","br","chrome","youtube","expansao_s"
"goku","goku ssj3 vs majin buu","551","br","chrome","youtube","expansao_s"
"goku","goku sh figuarts","550","br","chrome","youtube","expansao_s"
"goku","goku torneio do poder","1000","br","chrome","youtube","expansao_t"
"goku","goku treinando","601","br","chrome","youtube","expansao_t"
"goku","goku tauz","600","br","chrome","youtube","expansao_t"
"goku","goku twixtor","561","br","chrome","youtube","expansao_t"
"goku","goku transformado em super saiyajin 3","560","br","chrome","youtube","expansao_t"
"goku","goku transformado em super saiyajin 4","559","br","chrome","youtube","expansao_t"
"goku","goku teletransporte","558","br","chrome","youtube","expansao_t"
"goku","goku theme","557","br","chrome","youtube","expansao_t"
"goku","goku transformação","556","br","chrome","youtube","expansao_t"
"goku","goku todas as transformações","555","br","chrome","youtube","expansao_t"
"goku","goku torneio do poder completo","554","br","chrome","youtube","expansao_t"
"goku","goku transforms into super saiyan 4","553","br","chrome","youtube","expansao_t"
"goku","goku torneio do poder 2","552","br","chrome","youtube","expansao_t"
"goku","goku transforming","551","br","chrome","youtube","expansao_t"
"goku","goku torneio de artes marciais","550","br","chrome","youtube","expansao_t"
"goku","goku ultra instinct","1250","br","chrome","youtube","expansao_u"
"goku","goku ultra","601","br","chrome","youtube","expansao_u"
"goku","goku ui","600","br","chrome","youtube","expansao_u"
"goku","goku ultra instinct theme","561","br","chrome","youtube","expansao_u"
"goku","goku ultra instinto","560","br","chrome","youtube","expansao_u"
"goku","goku ui vs jiren","559","br","chrome","youtube","expansao_u"
"goku","goku usa kaioken contra hit","558","br","chrome","youtube","expansao_u"
"goku","goku usando instinto superior","557","br","chrome","youtube","expansao_u"
"goku","goku ultra instinct reaction","556","br","chrome","youtube","expansao_u"
"goku","goku usando hakai","555","br","chrome","youtube","expansao_u"
"goku","goku ultra instinct vs vegeta ultra ego","554","br","chrome","youtube","expansao_u"
"goku","goku ultra instinct vs kefla","553","br","chrome","youtube","expansao_u"
"goku","goku usando kaioken","552","br","chrome","youtube","expansao_u"
"goku","goku ui edit","551","br","chrome","youtube","expansao_u"
"goku","goku ui vs kefla","550","br","chrome","youtube","expansao_u"
"goku","goku vs freeza","600","br","chrome","youtube","expansao_v"
"goku","goku vs hit","553","br","chrome","youtube","expansao_v"
"goku","goku vs naruto","552","br","chrome","youtube","expansao_v"
"goku","goku vs gohan","551","br","chrome","youtube","expansao_v"
"goku","goku vs superman","550","br","chrome","youtube","expansao_v"
"goku","goku wins","1250","br","chrome","youtube","expansao_w"
"goku","goku win","1000","br","chrome","youtube","expansao_w"
"goku","goku war","601","br","chrome","youtube","expansao_w"
"goku","goku wendel bezerra","600","br","chrome","youtube","expansao_w"
"goku","goku wallpaper","560","br","chrome","youtube","expansao_w"
"goku","goku workout","559","br","chrome","youtube","expansao_w"
"goku","goku warriors of the universe","558","br","chrome","youtube","expansao_w"
"goku","goku wallpaper 4k","557","br","chrome","youtube","expansao_w"
"goku","goku warm up","556","br","chrome","youtube","expansao_w"
"goku","goku wow","555","br","chrome","youtube","expansao_w"
"goku","goku wins sad","554","br","chrome","youtube","expansao_w"
"goku","goku wins edit","553","br","chrome","youtube","expansao_w"
"goku","goku whis","552","br","chrome","youtube","expansao_w"
"goku","goku wotu","551","br","chrome","youtube","expansao_w"
"goku","goku white","550","br","chrome","youtube","expansao_w"
"goku","goku x jiren","702","br","chrome","youtube","expansao_x"
"goku","goku x freeza","701","br","chrome","youtube","expansao_x"
"goku","goku x vegeta","700","br","chrome","youtube","expansao_x"
"goku","goku x bills","601","br","chrome","youtube","expansao_x"
"goku","goku x cell","600","br","chrome","youtube","expansao_x"
"goku","goku x broly","559","br","chrome","youtube","expansao_x"
"goku","goku xeno","558","br","chrome","youtube","expansao_x"
"goku","goku x zamasu","557","br","chrome","youtube","expansao_x"
"goku","goku x saitama","556","br","chrome","youtube","expansao_x"
"goku","goku x hit","555","br","chrome","youtube","expansao_x"
"goku","goku x chichi","554","br","chrome","youtube","expansao_x"
"goku","goku x majin boo","553","br","chrome","youtube","expansao_x"
"goku","goku x naruto","552","br","chrome","youtube","expansao_x"
"goku","goku x goku black","551","br","chrome","youtube","expansao_x"
"goku","goku x nappa","550","br","chrome","youtube","expansao_x"
"goku","goku y vados","1250","br","chrome","youtube","expansao_y"
"goku","goku y gohan","651","br","chrome","youtube","expansao_y"
"goku","goku you fool","650","br","chrome","youtube","expansao_y"
"goku","goku yardrat","601","br","chrome","youtube","expansao_y"
"goku","goku you will not destroy my world","600","br","chrome","youtube","expansao_y"
"goku","goku youtube","559","br","chrome","youtube","expansao_y"
"goku","goku yamoshi","558","br","chrome","youtube","expansao_y"
"goku","goku y vegeta","557","br","chrome","youtube","expansao_y"
"goku","goku y vegeta cantando el efecto","556","br","chrome","youtube","expansao_y"
"goku","goku y milk","555","br","chrome","youtube","expansao_y"
"goku","goku y nean el sayayin de corazon puro","554","br","chrome","youtube","expansao_y"
"goku","goku ytpbr","553","br","chrome","youtube","expansao_y"
"goku","goku you say run","552","br","chrome","youtube","expansao_y"
"goku","goku yuri black","551","br","chrome","youtube","expansao_y"
"goku","goku you gonna pay","550","br","chrome","youtube","expansao_y"
"goku","goku zeno","1250","br","chrome","youtube","expansao_z"
"goku","goku zamasu","800","br","chrome","youtube","expansao_z"
"goku","goku z vs goku super","701","br","chrome","youtube","expansao_z"
"goku","goku zeno sama","700","br","chrome","youtube","expansao_z"
"goku","goku zueira","651","br","chrome","youtube","expansao_z"
"goku","goku zombie","650","br","chrome","youtube","expansao_z"
"goku","goku zoando vegeta","601","br","chrome","youtube","expansao_z"
"goku","goku z edit","600","br","chrome","youtube","expansao_z"
"goku","goku zeno vs daishinkan","556","br","chrome","youtube","expansao_z"
"goku","goku zenkai","555","br","chrome","youtube","expansao_z"
"goku","goku z twixtor","554","br","chrome","youtube","expansao_z"
"goku","goku zaiko","553","br","chrome","youtube","expansao_z"
"goku","goku zoando vegeta minha bulma","552","br","chrome","youtube","expansao_z"
"goku","goku zoado","550","br","chrome","youtube","expansao_z"
"goku","goku 001","601","br","chrome","youtube","expansao_0"
"goku","goku 007","600","br","chrome","youtube","expansao_0"
"goku","goku 07","562","br","chrome","youtube","expansao_0"
"goku","goku 01","561","br","chrome","youtube","expansao_0"
"goku","goku 077","560","br","chrome","youtube","expansao_0"
"goku","goku 078","559","br","chrome","youtube","expansao_0"
"goku","goku 0 to 100","558","br","chrome","youtube","expansao_0"
"goku","goku 02","557","br","chrome","youtube","expansao_0"
"goku","goku 0.9","556","br","chrome","youtube","expansao_0"
"goku","goku_007a","555","br","chrome","youtube","expansao_0"
"goku","goku _07_ ff","554","br","chrome","youtube","expansao_0"
"goku","goku 0907","553","br","chrome","youtube","expansao_0"
"goku","@goku-007-1","552","br","chrome","youtube","expansao_0"
"goku","goku 0212","551","br","chrome","youtube","expansao_0"
"goku","goku_007abc","550","br","chrome","youtube","expansao_0"
"goku","goku 1000","1250","br","chrome","youtube","expansao_1"
"goku","goku 10","750","br","chrome","youtube","expansao_1"
"goku","goku 100","601","br","chrome","youtube","expansao_1"
"goku","goku 17 e freeza vs jiren","600","br","chrome","youtube","expansao_1"
"goku","goku 10 toneladas","560","br","chrome","youtube","expansao_1"
"goku","goku 100 anos depois","559","br","chrome","youtube","expansao_1"
"goku","goku 1 episódio","558","br","chrome","youtube","expansao_1"
"goku","goku 1 hora","557","br","chrome","youtube","expansao_1"
"goku","goku 18","556","br","chrome","youtube","expansao_1"
"goku","goku 1.0 sh figuarts","555","br","chrome","youtube","expansao_1"
"goku","goku 1000 anos","554","br","chrome","youtube","expansao_1"
"goku","goku 1 milhão","553","br","chrome","youtube","expansao_1"
"goku","goku 1000 years old","552","br","chrome","youtube","expansao_1"
"goku","goku 10000","551","br","chrome","youtube","expansao_1"
"goku","goku 180 mil","550","br","chrome","youtube","expansao_1"
"goku","goku 2025","1251","br","chrome","youtube","expansao_2"
"goku","goku 2.0 sh figuarts","1250","br","chrome","youtube","expansao_2"
"goku","goku 2025 português","650","br","chrome","youtube","expansao_2"
"goku","goku 2024","601","br","chrome","youtube","expansao_2"
"goku","goku 244","600","br","chrome","youtube","expansao_2"
"goku","goku 2026","559","br","chrome","youtube","expansao_2"
"goku","goku 20 personagens","558","br","chrome","youtube","expansao_2"
"goku","goku 2005","557","br","chrome","youtube","expansao_2"
"goku","goku 2022","556","br","chrome","youtube","expansao_2"
"goku","goku 2018","555","br","chrome","youtube","expansao_2"
"goku","goku 2020","554","br","chrome","youtube","expansao_2"
"goku","goku 2000","553","br","chrome","youtube","expansao_2"
"goku","goku 244-top","552","br","chrome","youtube","expansao_2"
"goku","goku 2d","551","br","chrome","youtube","expansao_2"
"goku","goku 20x kaioken kamehameha","550","br","chrome","youtube","expansao_2"
"goku","goku 3.0","1050","br","chrome","youtube","expansao_3"
"goku","goku 3d","850","br","chrome","youtube","expansao_3"
"goku","goku 360","800","br","chrome","youtube","expansao_3"
"goku","goku 3.4 mugen","700","br","chrome","youtube","expansao_3"
"goku","goku 3 vs majin buu","601","br","chrome","youtube","expansao_3"
"goku","goku 3.4","600","br","chrome","youtube","expansao_3"
"goku","goku 3 anime vanguards","558","br","chrome","youtube","expansao_3"
"goku","goku 3d print","557","br","chrome","youtube","expansao_3"
"goku","goku 3.0 sh figuarts","556","br","chrome","youtube","expansao_3"
"goku","goku 3 vs bills","555","br","chrome","youtube","expansao_3"
"goku","goku 3 trilhoes de abdominais","554","br","chrome","youtube","expansao_3"
"goku","goku 3 vs majin buu gordo","553","br","chrome","youtube","expansao_3"
"goku","goku 3.0 df","552","br","chrome","youtube","expansao_3"
"goku","goku 3.4 mugen download","551","br","chrome","youtube","expansao_3"
"goku","goku 3.5","550","br","chrome","youtube","expansao_3"
"goku","goku 4k","1250","br","chrome","youtube","expansao_4"
"goku","goku 40 toneladas","750","br","chrome","youtube","expansao_4"
"goku","goku 4k clips","601","br","chrome","youtube","expansao_4"
"goku","goku 4.0","600","br","chrome","youtube","expansao_4"
"goku","goku 4 daima","560","br","chrome","youtube","expansao_4"
"goku","goku 4k 60fps","559","br","chrome","youtube","expansao_4"
"goku","goku 4 vs baby","558","br","chrome","youtube","expansao_4"
"goku","goku 40th","557","br","chrome","youtube","expansao_4"
"goku","goku 4 rap","556","br","chrome","youtube","expansao_4"
"goku","goku 4k scene pack","555","br","chrome","youtube","expansao_4"
"goku","goku 4k wallpaper live","554","br","chrome","youtube","expansao_4"
"goku","goku 4d","553","br","chrome","youtube","expansao_4"
"goku","goku 4 vs goku blue","552","br","chrome","youtube","expansao_4"
"goku","goku 40 aniversario","551","br","chrome","youtube","expansao_4"
"goku","goku 4k scene","550","br","chrome","youtube","expansao_4"
"goku","goku 5 estrelas astd x","850","br","chrome","youtube","expansao_5"
"goku","goku 5 estrelas","650","br","chrome","youtube","expansao_5"
"goku","goku 5 estrelas all star tower defense","601","br","chrome","youtube","expansao_5"
"goku","goku 5 stars","600","br","chrome","youtube","expansao_5"
"goku","goku 5 stars astd x","560","br","chrome","youtube","expansao_5"
"goku","gojo 5 astd x","559","br","chrome","youtube","expansao_5"
"goku","goku 5 estrelas all star tower defense x","558","br","chrome","youtube","expansao_5"
"goku","goku 5x30","557","br","chrome","youtube","expansao_5"
"goku","goku 50","556","br","chrome","youtube","expansao_5"
"goku","goku 5 estrelas showcase","555","br","chrome","youtube","expansao_5"
"goku","goku 5 estrelas astd","554","br","chrome","youtube","expansao_5"
"goku","goku 5000","553","br","chrome","youtube","expansao_5"
"goku","goku 5 mil","552","br","chrome","youtube","expansao_5"
"goku","goku 5 all star x","551","br","chrome","youtube","expansao_5"
"goku","goku 5 estrelas all star","550","br","chrome","youtube","expansao_5"
"goku","goku 60fps","1250","br","chrome","youtube","expansao_6"
"goku","goku 6 star all star tower defense","950","br","chrome","youtube","expansao_6"
"goku","goku 67","850","br","chrome","youtube","expansao_6"
"goku","goku 6 estrelas all star tower defense","601","br","chrome","youtube","expansao_6"
"goku","goku 64","600","br","chrome","youtube","expansao_6"
"goku","goku 66","559","br","chrome","youtube","expansao_6"
"goku","goku 65","558","br","chrome","youtube","expansao_6"
"goku","goku 61","557","br","chrome","youtube","expansao_6"
"goku","goku 6 star","556","br","chrome","youtube","expansao_6"
"goku","goku 60","555","br","chrome","youtube","expansao_6"
"goku","goku 666","554","br","chrome","youtube","expansao_6"
"goku","goku 600","553","br","chrome","youtube","expansao_6"
"goku","goku 60fps 4k","552","br","chrome","youtube","expansao_6"
"goku","goku 666 vs vegetta777","551","br","chrome","youtube","expansao_6"
"goku","goku 6 universe fight","550","br","chrome","youtube","expansao_6"
"goku","goku 7 minutoz","1250","br","chrome","youtube","expansao_7"
"goku","goku 7 estrelas all star tower defense","650","br","chrome","youtube","expansao_7"
"goku","goku 7mz react","601","br","chrome","youtube","expansao_7"
"goku","goku 7 years","600","br","chrome","youtube","expansao_7"
"goku","goku 7 star","560","br","chrome","youtube","expansao_7"
"goku","goku 77","559","br","chrome","youtube","expansao_7"
"goku","goku 7mz react gacha","558","br","chrome","youtube","expansao_7"
"goku","goku 75","557","br","chrome","youtube","expansao_7"
"goku","goku 7 star astd showcase","556","br","chrome","youtube","expansao_7"
"goku","goku 777","555","br","chrome","youtube","expansao_7"
"goku","goku 7000","554","br","chrome","youtube","expansao_7"
"goku","goku 70","553","br","chrome","youtube","expansao_7"
"goku","goku 74","552","br","chrome","youtube","expansao_7"
"goku","goku 78","551","br","chrome","youtube","expansao_7"
"goku","goku 79","550","br","chrome","youtube","expansao_7"
"goku","goku 8 mil","1000","br","chrome","youtube","expansao_8"
"goku","goku 8000","801","br","chrome","youtube","expansao_8"
"goku","goku 8k","800","br","chrome","youtube","expansao_8"
"goku","goku 888","601","br","chrome","youtube","expansao_8"
"goku","goku 8d","600","br","chrome","youtube","expansao_8"
"goku","goku 80","559","br","chrome","youtube","expansao_8"
"goku","goku 81","558","br","chrome","youtube","expansao_8"
"goku","goku 85","557","br","chrome","youtube","expansao_8"
"goku","goku 88","556","br","chrome","youtube","expansao_8"
"goku","goku 8 horas","555","br","chrome","youtube","expansao_8"
"goku","goku 8 braços","554","br","chrome","youtube","expansao_8"
"goku","goku 8d audio","553","br","chrome","youtube","expansao_8"
"goku","goku 8k twixtor","552","br","chrome","youtube","expansao_8"
"goku","goku 8 inch shells","551","br","chrome","youtube","expansao_8"
"goku","goku 8010","550","br","chrome","youtube","expansao_8"
"goku","goku 9000","1200","br","chrome","youtube","expansao_9"
"goku","goku 90","601","br","chrome","youtube","expansao_9"
"goku","goku 999","600","br","chrome","youtube","expansao_9"
"goku","goku 99","561","br","chrome","youtube","expansao_9"
"goku","goku 9999","560","br","chrome","youtube","expansao_9"
"goku","goku 900","559","br","chrome","youtube","expansao_9"
"goku","goku 999 aura","558","br","chrome","youtube","expansao_9"
"goku","goku 97","557","br","chrome","youtube","expansao_9"
"goku","goku 91","556","br","chrome","youtube","expansao_9"
"goku","goku 95","555","br","chrome","youtube","expansao_9"
"goku","goku 9 meses","554","br","chrome","youtube","expansao_9"
"goku","goku 90s","553","br","chrome","youtube","expansao_9"
"goku","goku 90000","552","br","chrome","youtube","expansao_9"
"goku","goku 92","551","br","chrome","youtube","expansao_9"
"goku","goku 99999","550","br","chrome","youtube","expansao_9"
"goku","goku o poder que supera os deuses","601","br","chrome","youtube","categoria_Questões_o que"
"goku","foi o goku que me ensinou","600","br","chrome","youtube","categoria_Questões_o que"
"goku","goku não sabe o que é beijar","552","br","chrome","youtube","categoria_Questões_o que"
"goku","quem é o goku que morreu","551","br","chrome","youtube","categoria_Questões_o que"
"goku","goku o melhor no que faz 3.0","550","br","chrome","youtube","categoria_Questões_o que"
"goku","goku é revivido","850","br","chrome","youtube","categoria_Questões_é"
"goku","goku é um bom pai","800","br","chrome","youtube","categoria_Questões_é"
"goku","goku é uma princesa","650","br","chrome","youtube","categoria_Questões_é"
"goku","goku é a reencarnação de yamoshi","602","br","chrome","youtube","categoria_Questões_é"
"goku","goku é a reencarnação de um deus","601","br","chrome","youtube","categoria_Questões_é"
"goku","goku é um fracassado","600","br","chrome","youtube","categoria_Questões_é"
"goku","goku é preso na sala do tempo","558","br","chrome","youtube","categoria_Questões_é"
"goku","goku é sequestrado","557","br","chrome","youtube","categoria_Questões_é"
"goku","goku é o mais forte","556","br","chrome","youtube","categoria_Questões_é"
"goku","goku é eu sou mais forte que você","555","br","chrome","youtube","categoria_Questões_é"
"goku","goku é ressuscitado","554","br","chrome","youtube","categoria_Questões_é"
"goku","goku é revivido pela primeira vez","553","br","chrome","youtube","categoria_Questões_é"
"goku","goku é um heroi","552","br","chrome","youtube","categoria_Questões_é"
"goku","goku é mais forte que vegeta","551","br","chrome","youtube","categoria_Questões_é"
"goku","goku é assaltado","550","br","chrome","youtube","categoria_Questões_é"
"goku","goku não é o único super saiyajin desse lugar","1251","br","chrome","youtube","categoria_Questões_não é"
"goku","goku não é um pai ruim","1250","br","chrome","youtube","categoria_Questões_não é"
"goku","goku não é planetário","950","br","chrome","youtube","categoria_Questões_não é"
"goku","goku você não é tão bom assim","601","br","chrome","youtube","categoria_Questões_não é"
"goku","goku como desenhar passo a passo","800","br","chrome","youtube","categoria_Questões_como"
"goku","goku como deus da destruição","601","br","chrome","youtube","categoria_Questões_como"
"goku","goku como anjo","600","br","chrome","youtube","categoria_Questões_como"
"goku","goku como sacerdote","560","br","chrome","youtube","categoria_Questões_como"
"goku","goku como escapa de namekusei","559","br","chrome","youtube","categoria_Questões_como"
"goku","goku como angel","558","br","chrome","youtube","categoria_Questões_como"
"goku","goku como vas a derrotar a cell","557","br","chrome","youtube","categoria_Questões_como"
"goku","goku como dibujar","556","br","chrome","youtube","categoria_Questões_como"
"goku","goku como quedo la moto","555","br","chrome","youtube","categoria_Questões_como"
"goku","goku como dibujar paso a paso","554","br","chrome","youtube","categoria_Questões_como"
"goku","goku como dibujar facil","553","br","chrome","youtube","categoria_Questões_como"
"goku","goku como","552","br","chrome","youtube","categoria_Questões_como"
"goku","como goku morreu","551","br","chrome","youtube","categoria_Questões_como"
"goku","como goku black morreu","550","br","chrome","youtube","categoria_Questões_como"
"goku","por que goku","601","br","chrome","youtube","categoria_Questões_por que"
"goku","porque goku ficou pequeno","600","br","chrome","youtube","categoria_Questões_por que"
"goku","para onde goku foi com shenlong","601","br","chrome","youtube","categoria_Questões_onde"
"goku","goku se transforma em gorila","600","br","chrome","youtube","categoria_Questões_onde"
"goku","goku aparece crescido","552","br","chrome","youtube","categoria_Questões_onde"
"goku","goku no mundo","551","br","chrome","youtube","categoria_Questões_onde"
"goku","goku caminhando","550","br","chrome","youtube","categoria_Questões_onde"
"goku","goku quando chegou na terra","601","br","chrome","youtube","categoria_Questões_quando"
"goku","goku quando elefante","600","br","chrome","youtube","categoria_Questões_quando"
"goku","goku quando criança","558","br","chrome","youtube","categoria_Questões_quando"
"goku","quando goku vira kakaroto","557","br","chrome","youtube","categoria_Questões_quando"
"goku","quando goku aprendeu a voar","556","br","chrome","youtube","categoria_Questões_quando"
"goku","quando goku fica serio","555","br","chrome","youtube","categoria_Questões_quando"
"goku","quando goku morreu","554","br","chrome","youtube","categoria_Questões_quando"
"goku","quando goku conhece zeno","553","br","chrome","youtube","categoria_Questões_quando"
"goku","goku lutando quando era criança","552","br","chrome","youtube","categoria_Questões_quando"
"goku","desenho do goku quando era criança","551","br","chrome","youtube","categoria_Questões_quando"
"goku","vegeta quando goku morre","550","br","chrome","youtube","categoria_Questões_quando"
"goku","qual goku mais forte","601","br","chrome","youtube","categoria_Questões_qual"
"goku","goku mostrando seu verdadeiro poder","600","br","chrome","youtube","categoria_Questões_qual"
"goku","goku mostrando seu poder","600","br","chrome","youtube","categoria_Questões_quanto"
"goku","goku de desenho","1251","br","chrome","youtube","categoria_Preposições_de"
"goku","goku de papel","750","br","chrome","youtube","categoria_Preposições_de"
"goku","goku de verdade","601","br","chrome","youtube","categoria_Preposições_de"
"goku","goku de massinha","600","br","chrome","youtube","categoria_Preposições_de"
"goku","goku de jogo","559","br","chrome","youtube","categoria_Preposições_de"
"goku","goku de papelão","558","br","chrome","youtube","categoria_Preposições_de"
"goku","goku de cabelo azul","557","br","chrome","youtube","categoria_Preposições_de"
"goku","goku de cabelo branco","556","br","chrome","youtube","categoria_Preposições_de"
"goku","goku de lego","555","br","chrome","youtube","categoria_Preposições_de"
"goku","goku de biscuit","554","br","chrome","youtube","categoria_Preposições_de"
"goku","goku de fogo","553","br","chrome","youtube","categoria_Preposições_de"
"goku","goku de boneco","552","br","chrome","youtube","categoria_Preposições_de"
"goku","goku de crochê","551","br","chrome","youtube","categoria_Preposições_de"
"goku","goku de cabelo vermelho","550","br","chrome","youtube","categoria_Preposições_de"
"goku","goku para comer","601","br","chrome","youtube","categoria_Preposições_para"
"goku","goku para desenhar fácil","600","br","chrome","youtube","categoria_Preposições_para"
"goku","goku para assistir","561","br","chrome","youtube","categoria_Preposições_para"
"goku","goku para desenhar no caderno","560","br","chrome","youtube","categoria_Preposições_para"
"goku","goku para colorir","559","br","chrome","youtube","categoria_Preposições_para"
"goku","goku para pintar","558","br","chrome","youtube","categoria_Preposições_para"
"goku","goku para criança","557","br","chrome","youtube","categoria_Preposições_para"
"goku","goku para ppsspp","556","br","chrome","youtube","categoria_Preposições_para"
"goku","goku para edit","555","br","chrome","youtube","categoria_Preposições_para"
"goku","goku para fazer","554","br","chrome","youtube","categoria_Preposições_para"
"goku","goku para dormir","553","br","chrome","youtube","categoria_Preposições_para"
"goku","goku para desenhar passo a passo","552","br","chrome","youtube","categoria_Preposições_para"
"goku","goku para ppsspp mediafıre","551","br","chrome","youtube","categoria_Preposições_para"
"goku","goku para dibujar","550","br","chrome","youtube","categoria_Preposições_para"
"goku","goku com raiva","851","br","chrome","youtube","categoria_Preposições_com"
"goku","goku com música","850","br","chrome","youtube","categoria_Preposições_com"
"goku","goku com instinto superior","602","br","chrome","youtube","categoria_Preposições_com"
"goku","goku com a espada z","601","br","chrome","youtube","categoria_Preposições_com"
"goku","goku com cabelo vermelho","600","br","chrome","youtube","categoria_Preposições_com"
"goku","goku com cabelo branco","559","br","chrome","youtube","categoria_Preposições_com"
"goku","goku com cabelo azul","558","br","chrome","youtube","categoria_Preposições_com"
"goku","goku com medo da chichi","557","br","chrome","youtube","categoria_Preposições_com"
"goku","goku com cabelo amarelo","556","br","chrome","youtube","categoria_Preposições_com"
"goku","goku com cabelo verde","555","br","chrome","youtube","categoria_Preposições_com"
"goku","goku com a roupa do daishinkan","554","br","chrome","youtube","categoria_Preposições_com"
"goku","goku com fome","553","br","chrome","youtube","categoria_Preposições_com"
"goku","goku com doença no coração","552","br","chrome","youtube","categoria_Preposições_com"
"goku","goku com instinto superior completo","551","br","chrome","youtube","categoria_Preposições_com"
"goku","goku com raiva do black","550","br","chrome","youtube","categoria_Preposições_com"
"goku","goku sem roteiro edit","800","br","chrome","youtube","categoria_Preposições_sem"
"goku","goku sem roteiro react","601","br","chrome","youtube","categoria_Preposições_sem"
"goku","goku sem roteiro yamcha","600","br","chrome","youtube","categoria_Preposições_sem"
"goku","goku sem roteiro react gacha","560","br","chrome","youtube","categoria_Preposições_sem"
"goku","goku sem camisa","559","br","chrome","youtube","categoria_Preposições_sem"
"goku","goku sem roteiro gohan","558","br","chrome","youtube","categoria_Preposições_sem"
"goku","goku sem roteiro zeno","557","br","chrome","youtube","categoria_Preposições_sem"
"goku","goku sem roteiro kuririn","556","br","chrome","youtube","categoria_Preposições_sem"
"goku","goku sem roteiro ssj god","555","br","chrome","youtube","categoria_Preposições_sem"
"goku","goku sem cabeça","554","br","chrome","youtube","categoria_Preposições_sem"
"goku","goku sem contexto","553","br","chrome","youtube","categoria_Preposições_sem"
"goku","goku sem apetite","552","br","chrome","youtube","categoria_Preposições_sem"
"goku","goku sem roteiro humilhando","551","br","chrome","youtube","categoria_Preposições_sem"
"goku","goku sem roteiro ssj4","550","br","chrome","youtube","categoria_Preposições_sem"
"goku","goku super sayajin 3","1000","br","chrome","youtube","categoria_Preposições_sobre"
"goku","goku super sayajin blue","600","br","chrome","youtube","categoria_Preposições_sobre"
"goku","goku super saiyan 4","558","br","chrome","youtube","categoria_Preposições_sobre"
"goku","goku super sayajin 1000","557","br","chrome","youtube","categoria_Preposições_sobre"
"goku","goku super sayajin 2","556","br","chrome","youtube","categoria_Preposições_sobre"
"goku","goku super saiyajin 4 daima","555","br","chrome","youtube","categoria_Preposições_sobre"
"goku","goku super sayajin vs freeza","554","br","chrome","youtube","categoria_Preposições_sobre"
"goku","goku super saiyajin 3 vs majin boo","553","br","chrome","youtube","categoria_Preposições_sobre"
"goku","goku super sayajin 10","552","br","chrome","youtube","categoria_Preposições_sobre"
"goku","goku super sayajin 1","551","br","chrome","youtube","categoria_Preposições_sobre"
"goku","goku super sayajin god","550","br","chrome","youtube","categoria_Preposições_sobre"
"goku","goku contra goku black","559","br","chrome","youtube","categoria_Preposições_contra"
"goku","goku contra bills","558","br","chrome","youtube","categoria_Preposições_contra"
"goku","goku contra hulk","557","br","chrome","youtube","categoria_Preposições_contra"
"goku","goku contra zamasu","556","br","chrome","youtube","categoria_Preposições_contra"
"goku","goku contra vegeta","555","br","chrome","youtube","categoria_Preposições_contra"
"goku","goku contra cell","554","br","chrome","youtube","categoria_Preposições_contra"
"goku","goku contra sonic","553","br","chrome","youtube","categoria_Preposições_contra"
"goku","goku contra superman","552","br","chrome","youtube","categoria_Preposições_contra"
"goku","goku contra madimbu","551","br","chrome","youtube","categoria_Preposições_contra"
"goku","goku contra kefla","550","br","chrome","youtube","categoria_Preposições_contra"
"goku","goku ate a dragon ball","601","br","chrome","youtube","categoria_Preposições_até"
"goku","goku to","600","br","chrome","youtube","categoria_Preposições_até"
"goku","adeus goku até um dia","562","br","chrome","youtube","categoria_Preposições_até"
"goku","goku vai ate zeno","561","br","chrome","youtube","categoria_Preposições_até"
"goku","goku chega ate freeza","560","br","chrome","youtube","categoria_Preposições_até"
"goku","goku vai ate cell","559","br","chrome","youtube","categoria_Preposições_até"
"goku","goku vai ate o inferno","558","br","chrome","youtube","categoria_Preposições_até"
"goku","adeus goku até um dia react","557","br","chrome","youtube","categoria_Preposições_até"
"goku","goku assusta até os deuses","556","br","chrome","youtube","categoria_Preposições_até"
"goku","goku ssj 1 ate 1000","555","br","chrome","youtube","categoria_Preposições_até"
"goku","goku and vegeta e pizza","554","br","chrome","youtube","categoria_Preposições_até"
"goku","what if goku ate sukuna finger","553","br","chrome","youtube","categoria_Preposições_até"
"goku","what if goku ate the gum gum fruit","552","br","chrome","youtube","categoria_Preposições_até"
"goku","what if goku ate a devil fruit","551","br","chrome","youtube","categoria_Preposições_até"
"goku","what if goku ate a fruit from the tree of might","550","br","chrome","youtube","categoria_Preposições_até"
"goku","goku melhor que naruto","1250","br","chrome","youtube","categoria_Comparações_melhor que"
"goku","goku melhor transformaçao","600","br","chrome","youtube","categoria_Comparações_melhor que"
"goku","goku melhor luta","550","br","chrome","youtube","categoria_Comparações_melhor que"
"goku","goku ou saitama quem ganha","750","br","chrome","youtube","categoria_Comparações_ou"
"goku","goku ou vegeta quem é mais forte","602","br","chrome","youtube","categoria_Comparações_ou"
"goku","goku ou superman","601","br","chrome","youtube","categoria_Comparações_ou"
"goku","goku ou naruto quem é mais forte","600","br","chrome","youtube","categoria_Comparações_ou"
"goku","goku ou broly all star tower defense","557","br","chrome","youtube","categoria_Comparações_ou"
"goku","goku ou broly astd x","556","br","chrome","youtube","categoria_Comparações_ou"
"goku","goku ou bills","555","br","chrome","youtube","categoria_Comparações_ou"
"goku","goku ou madara qual seria sua opção","554","br","chrome","youtube","categoria_Comparações_ou"
"goku","goku ou kakaroto","553","br","chrome","youtube","categoria_Comparações_ou"
"goku","quem vence goku ou saitama","552","br","chrome","youtube","categoria_Comparações_ou"
"goku","quem ganha goku ou luffy","551","br","chrome","youtube","categoria_Comparações_ou"
"goku","quem vence goku ou naruto","550","br","chrome","youtube","categoria_Comparações_ou"
"goku","goku e freeza","552","br","chrome","youtube","categoria_Comparações_e"
"goku","goku e naruto","551","br","chrome","youtube","categoria_Comparações_e"
"goku","goku e freeza vs jiren react","550","br","chrome","youtube","categoria_Comparações_e"
