fonte,tipo,termo,conteudo,relevancia,regiao,cliente,fonte_busca,categoria,data_coleta,valor,url,buscador,posicao,canal,video_id,publicado_em,autor,likes,video_titulo,desenvolvedor,rating,installs,app_id
Google Suggest,sugestao,bitcoin,bitcoin hoje,1251.0,br,chrome,web,top,2025-12-12 00:00:49,,,,,,,,,,,,,,
Google Suggest,sugestao,bitcoin,bitcoin dolar,1250.0,br,chrome,web,top,2025-12-12 00:00:49,,,,,,,,,,,,,,
Google Suggest,sugestao,bitcoin,bitcoin hoje dólar,601.0,br,chrome,web,top,2025-12-12 00:00:49,,,,,,,,,,,,,,
Google Suggest,sugestao,bitcoin,bitcoin usd,600.0,br,chrome,web,top,2025-12-12 00:00:49,,,,,,,,,,,,,,
Google Suggest,sugestao,bitcoin,bitcoin hoje usd,560.0,br,chrome,web,top,2025-12-12 00:00:49,,,,,,,,,,,,,,
Google Suggest,sugestao,bitcoin,bitcoin hoje real,559.0,br,chrome,web,top,2025-12-12 00:00:49,,,,,,,,,,,,,,
Google Suggest,sugestao,bitcoin,bitcoin real,558.0,br,chrome,web,top,2025-12-12 00:00:49,,,,,,,,,,,,,,
Google Suggest,sugestao,bitcoin,bitcoin cotação,557.0,br,chrome,web,top,2025-12-12 00:00:49,,,,,,,,,,,,,,
Google Suggest,sugestao,bitcoin,bitcoin agora,556.0,br,chrome,web,top,2025-12-12 00:00:49,,,,,,,,,,,,,,
Google Suggest,sugestao,bitcoin,bitcoin price,555.0,br,chrome,web,top,2025-12-12 00:00:49,,,,,,,,,,,,,,
Google Suggest,sugestao,bitcoin,bitcoin hj,554.0,br,chrome,web,top,2025-12-12 00:00:49,,,,,,,,,,,,,,
Google Suggest,sugestao,bitcoin,bitcoin valor,553.0,br,chrome,web,top,2025-12-12 00:00:49,,,,,,,,,,,,,,
Google Suggest,sugestao,bitcoin,bitcoin price usd,552.0,br,chrome,web,top,2025-12-12 00:00:49,,,,,,,,,,,,,,
Google Suggest,sugestao,bitcoin,bitcoin grafico,551.0,br,chrome,web,top,2025-12-12 00:00:49,,,,,,,,,,,,,,
Google Suggest,sugestao,bitcoin,bitcoin preço,550.0,br,chrome,web,top,2025-12-12 00:00:49,,,,,,,,,,,,,,
Google Suggest,sugestao,bitcoin,bitcoin agora,1250.0,br,chrome,web,expansao_a,2025-12-12 00:00:49,,,,,,,,,,,,,,
Google Suggest,sugestao,bitcoin,bitcoin agora dólar,601.0,br,chrome,web,expansao_a,2025-12-12 00:00:49,,,,,,,,,,,,,,
Google Suggest,sugestao,bitcoin,bitcoin agora gráfico,600.0,br,chrome,web,expansao_a,2025-12-12 00:00:49,,,,,,,,,,,,,,
Google Suggest,sugestao,bitcoin,bitcoin ao vivo,561.0,br,chrome,web,expansao_a,2025-12-12 00:00:49,,,,,,,,,,,,,,
Google Suggest,sugestao,bitcoin,bitcoin atual,560.0,br,chrome,web,expansao_a,2025-12-12 00:00:49,,,,,,,,,,,,,,
Google Suggest,sugestao,bitcoin,bitcoin agora em real,559.0,br,chrome,web,expansao_a,2025-12-12 00:00:49,,,,,,,,,,,,,,
Google Suggest,sugestao,bitcoin,bitcoin app,558.0,br,chrome,web,expansao_a,2025-12-12 00:00:49,,,,,,,,,,,,,,
Google Suggest,sugestao,bitcoin,bitcoin ações,557.0,br,chrome,web,expansao_a,2025-12-12 00:00:49,,,,,,,,,,,,,,
Google Suggest,sugestao,bitcoin,bitcoin a peer-to-peer electronic cash system,556.0,br,chrome,web,expansao_a,2025-12-12 00:00:49,,,,,,,,,,,,,,
Google Suggest,sugestao,bitcoin,bitcoin a moeda na era digital pdf,555.0,br,chrome,web,expansao_a,2025-12-12 00:00:49,,,,,,,,,,,,,,
Google Suggest,sugestao,bitcoin,bitcoin ano a ano,554.0,br,chrome,web,expansao_a,2025-12-12 00:00:49,,,,,,,,,,,,,,
Google Suggest,sugestao,bitcoin,bitcoin analise,553.0,br,chrome,web,expansao_a,2025-12-12 00:00:49,,,,,,,,,,,,,,
Google Suggest,sugestao,bitcoin,bitcoin a 10 anos atras,552.0,br,chrome,web,expansao_a,2025-12-12 00:00:49,,,,,,,,,,,,,,
Google Suggest,sugestao,bitcoin,bitcoin agora usd,551.0,br,chrome,web,expansao_a,2025-12-12 00:00:49,,,,,,,,,,,,,,
Google Suggest,sugestao,bitcoin,bitcoin ainda vale a pena,550.0,br,chrome,web,expansao_a,2025-12-12 00:00:49,,,,,,,,,,,,,,
Google Suggest,sugestao,bitcoin,bitcoin bank é seguro,1250.0,br,chrome,web,expansao_b,2025-12-12 00:00:49,,,,,,,,,,,,,,
Google Suggest,sugestao,bitcoin,bitcoin bank,1000.0,br,chrome,web,expansao_b,2025-12-12 00:00:49,,,,,,,,,,,,,,
Google Suggest,sugestao,bitcoin,bitcoin brl,700.0,br,chrome,web,expansao_b,2025-12-12 00:00:49,,,,,,,,,,,,,,
Google Suggest,sugestao,bitcoin,bitcoin binance,650.0,br,chrome,web,expansao_b,2025-12-12 00:00:49,,,,,,,,,,,,,,
Google Suggest,sugestao,bitcoin,bitcoin bank é fraude,601.0,br,chrome,web,expansao_b,2025-12-12 00:00:49,,,,,,,,,,,,,,
Google Suggest,sugestao,bitcoin,bitcoin brasil,600.0,br,chrome,web,expansao_b,2025-12-12 00:00:49,,,,,,,,,,,,,,
Google Suggest,sugestao,bitcoin,bitcoin btc,558.0,br,chrome,web,expansao_b,2025-12-12 00:00:49,,,,,,,,,,,,,,
Google Suggest,sugestao,bitcoin,bitcoin bear market,557.0,br,chrome,web,expansao_b,2025-12-12 00:00:49,,,,,,,,,,,,,,
Google Suggest,sugestao,bitcoin,bitcoin blockchain,556.0,br,chrome,web,expansao_b,2025-12-12 00:00:49,,,,,,,,,,,,,,
Google Suggest,sugestao,bitcoin,bitcoin black pill renato amoedo pdf,555.0,br,chrome,web,expansao_b,2025-12-12 00:00:49,,,,,,,,,,,,,,
Google Suggest,sugestao,bitcoin,bitcoin b3,554.0,br,chrome,web,expansao_b,2025-12-12 00:00:49,,,,,,,,,,,,,,
Google Suggest,sugestao,bitcoin,bitcoin bitcoin,553.0,br,chrome,web,expansao_b,2025-12-12 00:00:49,,,,,,,,,,,,,,
Google Suggest,sugestao,bitcoin,bitcoin bank reclame aqui,552.0,br,chrome,web,expansao_b,2025-12-12 00:00:49,,,,,,,,,,,,,,
Google Suggest,sugestao,bitcoin,bitcoin brl tradingview,551.0,br,chrome,web,expansao_b,2025-12-12 00:00:49,,,,,,,,,,,,,,
Google Suggest,sugestao,bitcoin,bitcoin banco inter,550.0,br,chrome,web,expansao_b,2025-12-12 00:00:49,,,,,,,,,,,,,,
Google Suggest,sugestao,bitcoin,bitcoin cotação,1250.0,br,chrome,web,expansao_c,2025-12-12 00:00:49,,,,,,,,,,,,,,
Google Suggest,sugestao,bitcoin,bitcoin cash,650.0,br,chrome,web,expansao_c,2025-12-12 00:00:49,,,,,,,,,,,,,,
Google Suggest,sugestao,bitcoin,bitcoin caindo,602.0,br,chrome,web,expansao_c,2025-12-12 00:00:49,,,,,,,,,,,,,,
Google Suggest,sugestao,bitcoin,bitcoin cotação dólar,601.0,br,chrome,web,expansao_c,2025-12-12 00:00:49,,,,,,,,,,,,,,
Google Suggest,sugestao,bitcoin,bitcoin como funciona,600.0,br,chrome,web,expansao_c,2025-12-12 00:00:49,,,,,,,,,,,,,,
Google Suggest,sugestao,bitcoin,bitcoin criptomoeda,559.0,br,chrome,web,expansao_c,2025-12-12 00:00:49,,,,,,,,,,,,,,
Google Suggest,sugestao,bitcoin,bitcoin caiu,558.0,br,chrome,web,expansao_c,2025-12-12 00:00:49,,,,,,,,,,,,,,
Google Suggest,sugestao,bitcoin,bitcoin coinmarketcap,557.0,br,chrome,web,expansao_c,2025-12-12 00:00:49,,,,,,,,,,,,,,
Google Suggest,sugestao,bitcoin,bitcoin como comprar,556.0,br,chrome,web,expansao_c,2025-12-12 00:00:49,,,,,,,,,,,,,,
Google Suggest,sugestao,bitcoin,bitcoin core,555.0,br,chrome,web,expansao_c,2025-12-12 00:00:49,,,,,,,,,,,,,,
Google Suggest,sugestao,bitcoin,bitcoin como investir,554.0,br,chrome,web,expansao_c,2025-12-12 00:00:49,,,,,,,,,,,,,,
Google Suggest,sugestao,bitcoin,bitcoin cotação hoje,553.0,br,chrome,web,expansao_c,2025-12-12 00:00:49,,,,,,,,,,,,,,
Google Suggest,sugestao,bitcoin,bitcoin cai,552.0,br,chrome,web,expansao_c,2025-12-12 00:00:49,,,,,,,,,,,,,,
Google Suggest,sugestao,bitcoin,bitcoin cash hoje,551.0,br,chrome,web,expansao_c,2025-12-12 00:00:49,,,,,,,,,,,,,,
Google Suggest,sugestao,bitcoin,bitcoin coinbase,550.0,br,chrome,web,expansao_c,2025-12-12 00:00:49,,,,,,,,,,,,,,
Google Suggest,sugestao,bitcoin,bitcoin dolar,1250.0,br,chrome,web,expansao_d,2025-12-12 00:00:49,,,,,,,,,,,,,,
Google Suggest,sugestao,bitcoin,bitcoin dolar hoje,1200.0,br,chrome,web,expansao_d,2025-12-12 00:00:49,,,,,,,,,,,,,,
Google Suggest,sugestao,bitcoin,bitcoin dominance,601.0,br,chrome,web,expansao_d,2025-12-12 00:00:49,,,,,,,,,,,,,,
Google Suggest,sugestao,bitcoin,bitcoin dolar agora,600.0,br,chrome,web,expansao_d,2025-12-12 00:00:49,,,,,,,,,,,,,,
Google Suggest,sugestao,bitcoin,bitcoin derretendo,560.0,br,chrome,web,expansao_d,2025-12-12 00:00:49,,,,,,,,,,,,,,
Google Suggest,sugestao,bitcoin,bitcoin de hoje,559.0,br,chrome,web,expansao_d,2025-12-12 00:00:49,,,,,,,,,,,,,,
Google Suggest,sugestao,bitcoin,bitcoin despencou,558.0,br,chrome,web,expansao_d,2025-12-12 00:00:49,,,,,,,,,,,,,,
Google Suggest,sugestao,bitcoin,bitcoin dolar investing,557.0,br,chrome,web,expansao_d,2025-12-12 00:00:49,,,,,,,,,,,,,,
Google Suggest,sugestao,bitcoin,bitcoin dólar tempo real,556.0,br,chrome,web,expansao_d,2025-12-12 00:00:49,,,,,,,,,,,,,,
Google Suggest,sugestao,bitcoin,bitcoin dólar grafico,555.0,br,chrome,web,expansao_d,2025-12-12 00:00:49,,,,,,,,,,,,,,
Google Suggest,sugestao,bitcoin,bitcoin down,554.0,br,chrome,web,expansao_d,2025-12-12 00:00:49,,,,,,,,,,,,,,
Google Suggest,sugestao,bitcoin,bitcoin de ouro,553.0,br,chrome,web,expansao_d,2025-12-12 00:00:49,,,,,,,,,,,,,,
Google Suggest,sugestao,bitcoin,bitcoin dominance chart,552.0,br,chrome,web,expansao_d,2025-12-12 00:00:49,,,,,,,,,,,,,,
Google Suggest,sugestao,bitcoin,bitcoin desvaloriza,551.0,br,chrome,web,expansao_d,2025-12-12 00:00:49,,,,,,,,,,,,,,
Google Suggest,sugestao,bitcoin,bitcoin de agora,550.0,br,chrome,web,expansao_d,2025-12-12 00:00:49,,,,,,,,,,,,,,
Google Suggest,sugestao,bitcoin,bitcoin em dolar,1250.0,br,chrome,web,expansao_e,2025-12-12 00:00:49,,,,,,,,,,,,,,
Google Suggest,sugestao,bitcoin,bitcoin em real,800.0,br,chrome,web,expansao_e,2025-12-12 00:00:49,,,,,,,,,,,,,,
Google Suggest,sugestao,bitcoin,bitcoin em dolar hoje,601.0,br,chrome,web,expansao_e,2025-12-12 00:00:49,,,,,,,,,,,,,,
Google Suggest,sugestao,bitcoin,bitcoin em queda,600.0,br,chrome,web,expansao_e,2025-12-12 00:00:49,,,,,,,,,,,,,,
Google Suggest,sugestao,bitcoin,bitcoin em 2010,560.0,br,chrome,web,expansao_e,2025-12-12 00:00:49,,,,,,,,,,,,,,
Google Suggest,sugestao,bitcoin,bitcoin em tempo real,559.0,br,chrome,web,expansao_e,2025-12-12 00:00:49,,,,,,,,,,,,,,
Google Suggest,sugestao,bitcoin,bitcoin em reais,558.0,br,chrome,web,expansao_e,2025-12-12 00:00:49,,,,,,,,,,,,,,
Google Suggest,sugestao,bitcoin,bitcoin em 2015,557.0,br,chrome,web,expansao_e,2025-12-12 00:00:49,,,,,,,,,,,,,,
Google Suggest,sugestao,bitcoin,bitcoin em 2012,556.0,br,chrome,web,expansao_e,2025-12-12 00:00:49,,,,,,,,,,,,,,
Google Suggest,sugestao,bitcoin,bitcoin em 2025,555.0,br,chrome,web,expansao_e,2025-12-12 00:00:49,,,,,,,,,,,,,,
Google Suggest,sugestao,bitcoin,bitcoin em 2011,554.0,br,chrome,web,expansao_e,2025-12-12 00:00:49,,,,,,,,,,,,,,
Google Suggest,sugestao,bitcoin,bitcoin em 2013,553.0,br,chrome,web,expansao_e,2025-12-12 00:00:49,,,,,,,,,,,,,,
Google Suggest,sugestao,bitcoin,bitcoin em 2014,552.0,br,chrome,web,expansao_e,2025-12-12 00:00:49,,,,,,,,,,,,,,
Google Suggest,sugestao,bitcoin,bitcoin em 2019,551.0,br,chrome,web,expansao_e,2025-12-12 00:00:49,,,,,,,,,,,,,,
Google Suggest,sugestao,bitcoin,bitcoin em 2020,550.0,br,chrome,web,expansao_e,2025-12-12 00:00:49,,,,,,,,,,,,,,
Google Suggest,sugestao,bitcoin,bitcoin fear and greed,1250.0,br,chrome,web,expansao_f,2025-12-12 00:00:49,,,,,,,,,,,,,,
Google Suggest,sugestao,bitcoin,bitcoin fear and greed index,1150.0,br,chrome,web,expansao_f,2025-12-12 00:00:49,,,,,,,,,,,,,,
Google Suggest,sugestao,bitcoin,bitcoin futuro,750.0,br,chrome,web,expansao_f,2025-12-12 00:00:49,,,,,,,,,,,,,,
Google Suggest,sugestao,bitcoin,bitcoin fed,603.0,br,chrome,web,expansao_f,2025-12-12 00:00:49,,,,,,,,,,,,,,
Google Suggest,sugestao,bitcoin,bitcoin fisico,602.0,br,chrome,web,expansao_f,2025-12-12 00:00:49,,,,,,,,,,,,,,
Google Suggest,sugestao,bitcoin,bitcoin faucet,601.0,br,chrome,web,expansao_f,2025-12-12 00:00:49,,,,,,,,,,,,,,
Google Suggest,sugestao,bitcoin,bitcoin fear,600.0,br,chrome,web,expansao_f,2025-12-12 00:00:49,,,,,,,,,,,,,,
Google Suggest,sugestao,bitcoin,bitcoin foi criado quando,557.0,br,chrome,web,expansao_f,2025-12-12 00:00:49,,,,,,,,,,,,,,
Google Suggest,sugestao,bitcoin,bitcoin fear index,556.0,br,chrome,web,expansao_f,2025-12-12 00:00:49,,,,,,,,,,,,,,
Google Suggest,sugestao,bitcoin,bitcoin forum,555.0,br,chrome,web,expansao_f,2025-12-12 00:00:49,,,,,,,,,,,,,,
Google Suggest,sugestao,bitcoin,bitcoin futuro b3,554.0,br,chrome,web,expansao_f,2025-12-12 00:00:49,,,,,,,,,,,,,,
Google Suggest,sugestao,bitcoin,bitcoin foto,553.0,br,chrome,web,expansao_f,2025-12-12 00:00:49,,,,,,,,,,,,,,
Google Suggest,sugestao,bitcoin,bitcoin dólar,552.0,br,chrome,web,expansao_f,2025-12-12 00:00:49,,,,,,,,,,,,,,
Google Suggest,sugestao,bitcoin,bitcoin fundo,551.0,br,chrome,web,expansao_f,2025-12-12 00:00:49,,,,,,,,,,,,,,
Google Suggest,sugestao,bitcoin,bitcoin free,550.0,br,chrome,web,expansao_f,2025-12-12 00:00:49,,,,,,,,,,,,,,
Google Suggest,sugestao,bitcoin,bitcoin grafico,1250.0,br,chrome,web,expansao_g,2025-12-12 00:00:49,,,,,,,,,,,,,,
Google Suggest,sugestao,bitcoin,bitcoin grafico dolar,601.0,br,chrome,web,expansao_g,2025-12-12 00:00:49,,,,,,,,,,,,,,
Google Suggest,sugestao,bitcoin,bitcoin gpt bot,600.0,br,chrome,web,expansao_g,2025-12-12 00:00:49,,,,,,,,,,,,,,
Google Suggest,sugestao,bitcoin,bitcoin graph,561.0,br,chrome,web,expansao_g,2025-12-12 00:00:49,,,,,,,,,,,,,,
Google Suggest,sugestao,bitcoin,bitcoin gold,560.0,br,chrome,web,expansao_g,2025-12-12 00:00:49,,,,,,,,,,,,,,
Google Suggest,sugestao,bitcoin,bitcoin github,559.0,br,chrome,web,expansao_g,2025-12-12 00:00:49,,,,,,,,,,,,,,
Google Suggest,sugestao,bitcoin,bitcoin gratis,558.0,br,chrome,web,expansao_g,2025-12-12 00:00:49,,,,,,,,,,,,,,
Google Suggest,sugestao,bitcoin,bitcoin gráfico histórico,557.0,br,chrome,web,expansao_g,2025-12-12 00:00:49,,,,,,,,,,,,,,
Google Suggest,sugestao,bitcoin,bitcoin gpt bot é confiável,556.0,br,chrome,web,expansao_g,2025-12-12 00:00:49,,,,,,,,,,,,,,
Google Suggest,sugestao,bitcoin,bitcoin gráfico agora,555.0,br,chrome,web,expansao_g,2025-12-12 00:00:49,,,,,,,,,,,,,,
Google Suggest,sugestao,bitcoin,bitcoin gpt bot é real,554.0,br,chrome,web,expansao_g,2025-12-12 00:00:49,,,,,,,,,,,,,,
Google Suggest,sugestao,bitcoin,bitcoin grafico tempo real,553.0,br,chrome,web,expansao_g,2025-12-12 00:00:49,,,,,,,,,,,,,,
Google Suggest,sugestao,bitcoin,bitcoin gráfico hoje,552.0,br,chrome,web,expansao_g,2025-12-12 00:00:49,,,,,,,,,,,,,,
Google Suggest,sugestao,bitcoin,bitcoin hoje,551.0,br,chrome,web,expansao_g,2025-12-12 00:00:49,,,,,,,,,,,,,,
Google Suggest,sugestao,bitcoin,bitcoin google finance,550.0,br,chrome,web,expansao_g,2025-12-12 00:00:49,,,,,,,,,,,,,,
Google Suggest,sugestao,bitcoin,bitcoin hoje,1251.0,br,chrome,web,expansao_h,2025-12-12 00:00:49,,,,,,,,,,,,,,
Google Suggest,sugestao,bitcoin,bitcoin hoje dólar,1250.0,br,chrome,web,expansao_h,2025-12-12 00:00:49,,,,,,,,,,,,,,
Google Suggest,sugestao,bitcoin,bitcoin hoje real,601.0,br,chrome,web,expansao_h,2025-12-12 00:00:49,,,,,,,,,,,,,,
Google Suggest,sugestao,bitcoin,bitcoin hoje dólar gráfico,600.0,br,chrome,web,expansao_h,2025-12-12 00:00:49,,,,,,,,,,,,,,
Google Suggest,sugestao,bitcoin,bitcoin hyper,560.0,br,chrome,web,expansao_h,2025-12-12 00:00:49,,,,,,,,,,,,,,
Google Suggest,sugestao,bitcoin,bitcoin historico,559.0,br,chrome,web,expansao_h,2025-12-12 00:00:49,,,,,,,,,,,,,,
Google Suggest,sugestao,bitcoin,bitcoin hoje cotação,558.0,br,chrome,web,expansao_h,2025-12-12 00:00:49,,,,,,,,,,,,,,
Google Suggest,sugestao,bitcoin,bitcoin hoje tempo real,557.0,br,chrome,web,expansao_h,2025-12-12 00:00:49,,,,,,,,,,,,,,
Google Suggest,sugestao,bitcoin,bitcoin hoje real agora,556.0,br,chrome,web,expansao_h,2025-12-12 00:00:49,,,,,,,,,,,,,,
Google Suggest,sugestao,bitcoin,bitcoin hoje em reais,555.0,br,chrome,web,expansao_h,2025-12-12 00:00:49,,,,,,,,,,,,,,
Google Suggest,sugestao,bitcoin,bitcoin halving,554.0,br,chrome,web,expansao_h,2025-12-12 00:00:49,,,,,,,,,,,,,,
Google Suggest,sugestao,bitcoin,bitcoin hoje agora,553.0,br,chrome,web,expansao_h,2025-12-12 00:00:49,,,,,,,,,,,,,,
Google Suggest,sugestao,bitcoin,bitcoin hoje dólar agora,552.0,br,chrome,web,expansao_h,2025-12-12 00:00:49,,,,,,,,,,,,,,
Google Suggest,sugestao,bitcoin,bitcoin heatmap,551.0,br,chrome,web,expansao_h,2025-12-12 00:00:49,,,,,,,,,,,,,,
Google Suggest,sugestao,bitcoin,bitcoin hoje dólar real,550.0,br,chrome,web,expansao_h,2025-12-12 00:00:49,,,,,,,,,,,,,,
Google Suggest,sugestao,bitcoin,bitcoin in dollar,1150.0,br,chrome,web,expansao_i,2025-12-12 00:00:49,,,,,,,,,,,,,,
Google Suggest,sugestao,bitcoin,bitcoin in usd,603.0,br,chrome,web,expansao_i,2025-12-12 00:00:49,,,,,,,,,,,,,,
Google Suggest,sugestao,bitcoin,bitcoin investidor10,602.0,br,chrome,web,expansao_i,2025-12-12 00:00:49,,,,,,,,,,,,,,
Google Suggest,sugestao,bitcoin,bitcoin investimento,601.0,br,chrome,web,expansao_i,2025-12-12 00:00:49,,,,,,,,,,,,,,
Google Suggest,sugestao,bitcoin,bitcoin imposto de renda,600.0,br,chrome,web,expansao_i,2025-12-12 00:00:49,,,,,,,,,,,,,,
Google Suggest,sugestao,bitcoin,bitcoin inicio,559.0,br,chrome,web,expansao_i,2025-12-12 00:00:49,,,,,,,,,,,,,,
Google Suggest,sugestao,bitcoin,bitcoin imagem,558.0,br,chrome,web,expansao_i,2025-12-12 00:00:49,,,,,,,,,,,,,,
Google Suggest,sugestao,bitcoin,bitcoin index,557.0,br,chrome,web,expansao_i,2025-12-12 00:00:49,,,,,,,,,,,,,,
Google Suggest,sugestao,bitcoin,bitcoin imposto,556.0,br,chrome,web,expansao_i,2025-12-12 00:00:49,,,,,,,,,,,,,,
Google Suggest,sugestao,bitcoin,bitcoin infomoney,555.0,br,chrome,web,expansao_i,2025-12-12 00:00:49,,,,,,,,,,,,,,
Google Suggest,sugestao,bitcoin,bitcoin icon,554.0,br,chrome,web,expansao_i,2025-12-12 00:00:49,,,,,,,,,,,,,,
Google Suggest,sugestao,bitcoin,bitcoin itau,553.0,br,chrome,web,expansao_i,2025-12-12 00:00:49,,,,,,,,,,,,,,
Google Suggest,sugestao,bitcoin,bitcoin indice do medo,552.0,br,chrome,web,expansao_i,2025-12-12 00:00:49,,,,,,,,,,,,,,
Google Suggest,sugestao,bitcoin,bitcoin ira subir,551.0,br,chrome,web,expansao_i,2025-12-12 00:00:49,,,,,,,,,,,,,,
Google Suggest,sugestao,bitcoin,bitcoin investing.com,550.0,br,chrome,web,expansao_i,2025-12-12 00:00:49,,,,,,,,,,,,,,
Google Suggest,sugestao,bitcoin,bitcoin hoje,601.0,br,chrome,web,expansao_j,2025-12-12 00:00:49,,,,,,,,,,,,,,
Google Suggest,sugestao,bitcoin,bitcoin jogo,600.0,br,chrome,web,expansao_j,2025-12-12 00:00:49,,,,,,,,,,,,,,
Google Suggest,sugestao,bitcoin,bitcoin janeiro 2025,562.0,br,chrome,web,expansao_j,2025-12-12 00:00:49,,,,,,,,,,,,,,
Google Suggest,sugestao,bitcoin,bitcoin ja era,561.0,br,chrome,web,expansao_j,2025-12-12 00:00:49,,,,,,,,,,,,,,
Google Suggest,sugestao,bitcoin,bitcoin janeiro 2024,560.0,br,chrome,web,expansao_j,2025-12-12 00:00:49,,,,,,,,,,,,,,
Google Suggest,sugestao,bitcoin,bitcoin jogo do tigre,559.0,br,chrome,web,expansao_j,2025-12-12 00:00:49,,,,,,,,,,,,,,
Google Suggest,sugestao,bitcoin,bitcoin hoje dólar,558.0,br,chrome,web,expansao_j,2025-12-12 00:00:49,,,,,,,,,,,,,,
Google Suggest,sugestao,bitcoin,bitcoin jobs,557.0,br,chrome,web,expansao_j,2025-12-12 00:00:49,,,,,,,,,,,,,,
Google Suggest,sugestao,bitcoin,bitcoin ja chegou a quanto,556.0,br,chrome,web,expansao_j,2025-12-12 00:00:49,,,,,,,,,,,,,,
Google Suggest,sugestao,bitcoin,bitcoin jp morgan,555.0,br,chrome,web,expansao_j,2025-12-12 00:00:49,,,,,,,,,,,,,,
Google Suggest,sugestao,bitcoin,bitcoin janeiro 2023,554.0,br,chrome,web,expansao_j,2025-12-12 00:00:49,,,,,,,,,,,,,,
Google Suggest,sugestao,bitcoin,bitcoin hoje usd,553.0,br,chrome,web,expansao_j,2025-12-12 00:00:49,,,,,,,,,,,,,,
Google Suggest,sugestao,bitcoin,bitcoin janeiro 2026,552.0,br,chrome,web,expansao_j,2025-12-12 00:00:49,,,,,,,,,,,,,,
Google Suggest,sugestao,bitcoin,bitcoin juros eua,551.0,br,chrome,web,expansao_j,2025-12-12 00:00:49,,,,,,,,,,,,,,
Google Suggest,sugestao,bitcoin,bitcoin hoje real,550.0,br,chrome,web,expansao_j,2025-12-12 00:00:49,,,,,,,,,,,,,,
Google Suggest,sugestao,bitcoin,bitcoin knots,1250.0,br,chrome,web,expansao_k,2025-12-12 00:00:49,,,,,,,,,,,,,,
Google Suggest,sugestao,bitcoin,bitcoin kurs,850.0,br,chrome,web,expansao_k,2025-12-12 00:00:49,,,,,,,,,,,,,,
Google Suggest,sugestao,bitcoin,bitcoin kevin durant,700.0,br,chrome,web,expansao_k,2025-12-12 00:00:49,,,,,,,,,,,,,,
Google Suggest,sugestao,bitcoin,bitcoin keeper,602.0,br,chrome,web,expansao_k,2025-12-12 00:00:49,,,,,,,,,,,,,,
Google Suggest,sugestao,bitcoin,bitcoin kraken,601.0,br,chrome,web,expansao_k,2025-12-12 00:00:49,,,,,,,,,,,,,,
Google Suggest,sugestao,bitcoin,bitcoin krw,600.0,br,chrome,web,expansao_k,2025-12-12 00:00:49,,,,,,,,,,,,,,
Google Suggest,sugestao,bitcoin,bitcoin knots github,556.0,br,chrome,web,expansao_k,2025-12-12 00:00:49,,,,,,,,,,,,,,
Google Suggest,sugestao,bitcoin,bitcoin key,555.0,br,chrome,web,expansao_k,2025-12-12 00:00:49,,,,,,,,,,,,,,
Google Suggest,sugestao,bitcoin,bitcoin king,554.0,br,chrome,web,expansao_k,2025-12-12 00:00:49,,,,,,,,,,,,,,
Google Suggest,sugestao,bitcoin,bitcoin knots vs core,553.0,br,chrome,web,expansao_k,2025-12-12 00:00:49,,,,,,,,,,,,,,
Google Suggest,sugestao,bitcoin,bitcoin keeper wallet,552.0,br,chrome,web,expansao_k,2025-12-12 00:00:49,,,,,,,,,,,,,,
Google Suggest,sugestao,bitcoin,bitcoin kurs euro,551.0,br,chrome,web,expansao_k,2025-12-12 00:00:49,,,,,,,,,,,,,,
Google Suggest,sugestao,bitcoin,bitcoin kurs dollar,550.0,br,chrome,web,expansao_k,2025-12-12 00:00:49,,,,,,,,,,,,,,
Google Suggest,sugestao,bitcoin,bitcoin liquidation heatmap,1050.0,br,chrome,web,expansao_l,2025-12-12 00:00:49,,,,,,,,,,,,,,
Google Suggest,sugestao,bitcoin,bitcoin logo,900.0,br,chrome,web,expansao_l,2025-12-12 00:00:49,,,,,,,,,,,,,,
Google Suggest,sugestao,bitcoin,bitcoin login,850.0,br,chrome,web,expansao_l,2025-12-12 00:00:49,,,,,,,,,,,,,,
Google Suggest,sugestao,bitcoin,bitcoin lightning,750.0,br,chrome,web,expansao_l,2025-12-12 00:00:49,,,,,,,,,,,,,,
Google Suggest,sugestao,bitcoin,bitcoin lançamento,601.0,br,chrome,web,expansao_l,2025-12-12 00:00:49,,,,,,,,,,,,,,
Google Suggest,sugestao,bitcoin,bitcoin livro,600.0,br,chrome,web,expansao_l,2025-12-12 00:00:49,,,,,,,,,,,,,,
Google Suggest,sugestao,bitcoin,bitcoin liquidation map,558.0,br,chrome,web,expansao_l,2025-12-12 00:00:49,,,,,,,,,,,,,,
Google Suggest,sugestao,bitcoin,bitcoin live,557.0,br,chrome,web,expansao_l,2025-12-12 00:00:49,,,,,,,,,,,,,,
Google Suggest,sugestao,bitcoin,bitcoin lixao,556.0,br,chrome,web,expansao_l,2025-12-12 00:00:49,,,,,,,,,,,,,,
Google Suggest,sugestao,bitcoin,bitcoin liquidation,555.0,br,chrome,web,expansao_l,2025-12-12 00:00:49,,,,,,,,,,,,,,
Google Suggest,sugestao,bitcoin,bitcoin lightning wallet,554.0,br,chrome,web,expansao_l,2025-12-12 00:00:49,,,,,,,,,,,,,,
Google Suggest,sugestao,bitcoin,bitcoin liquid,553.0,br,chrome,web,expansao_l,2025-12-12 00:00:49,,,,,,,,,,,,,,
Google Suggest,sugestao,bitcoin,bitcoin lula,552.0,br,chrome,web,expansao_l,2025-12-12 00:00:49,,,,,,,,,,,,,,
Google Suggest,sugestao,bitcoin,bitcoin liquida,551.0,br,chrome,web,expansao_l,2025-12-12 00:00:49,,,,,,,,,,,,,,
Google Suggest,sugestao,bitcoin,bitcoin logo png,550.0,br,chrome,web,expansao_l,2025-12-12 00:00:49,,,,,,,,,,,,,,
Google Suggest,sugestao,bitcoin,bitcoin mining,601.0,br,chrome,web,expansao_m,2025-12-12 00:00:49,,,,,,,,,,,,,,
Google Suggest,sugestao,bitcoin,bitcoin miner,600.0,br,chrome,web,expansao_m,2025-12-12 00:00:49,,,,,,,,,,,,,,
Google Suggest,sugestao,bitcoin,bitcoin mayer multiple,562.0,br,chrome,web,expansao_m,2025-12-12 00:00:49,,,,,,,,,,,,,,
Google Suggest,sugestao,bitcoin,bitcoin market cap,561.0,br,chrome,web,expansao_m,2025-12-12 00:00:49,,,,,,,,,,,,,,
Google Suggest,sugestao,bitcoin,bitcoin magazine,560.0,br,chrome,web,expansao_m,2025-12-12 00:00:49,,,,,,,,,,,,,,
Google Suggest,sugestao,bitcoin,bitcoin monthly returns,559.0,br,chrome,web,expansao_m,2025-12-12 00:00:49,,,,,,,,,,,,,,
Google Suggest,sugestao,bitcoin,bitcoin moeda,558.0,br,chrome,web,expansao_m,2025-12-12 00:00:49,,,,,,,,,,,,,,
Google Suggest,sugestao,bitcoin,bitcoin mining app,557.0,br,chrome,web,expansao_m,2025-12-12 00:00:49,,,,,,,,,,,,,,
Google Suggest,sugestao,bitcoin,bitcoin mvrv,556.0,br,chrome,web,expansao_m,2025-12-12 00:00:49,,,,,,,,,,,,,,
Google Suggest,sugestao,bitcoin,bitcoin medo e ganancia,555.0,br,chrome,web,expansao_m,2025-12-12 00:00:49,,,,,,,,,,,,,,
Google Suggest,sugestao,bitcoin,bitcoin maxima historica,554.0,br,chrome,web,expansao_m,2025-12-12 00:00:49,,,,,,,,,,,,,,
Google Suggest,sugestao,bitcoin,bitcoin magazine pro,553.0,br,chrome,web,expansao_m,2025-12-12 00:00:49,,,,,,,,,,,,,,
Google Suggest,sugestao,bitcoin,bitcoin maior valor,552.0,br,chrome,web,expansao_m,2025-12-12 00:00:49,,,,,,,,,,,,,,
Google Suggest,sugestao,bitcoin,bitcoin mineração,551.0,br,chrome,web,expansao_m,2025-12-12 00:00:49,,,,,,,,,,,,,,
Google Suggest,sugestao,bitcoin,bitcoin mercado pago,550.0,br,chrome,web,expansao_m,2025-12-12 00:00:49,,,,,,,,,,,,,,
Google Suggest,sugestao,bitcoin,bitcoin noticias,1250.0,br,chrome,web,expansao_n,2025-12-12 00:00:49,,,,,,,,,,,,,,
Google Suggest,sugestao,bitcoin,bitcoin nubank,850.0,br,chrome,web,expansao_n,2025-12-12 00:00:49,,,,,,,,,,,,,,
Google Suggest,sugestao,bitcoin,bitcoin news,602.0,br,chrome,web,expansao_n,2025-12-12 00:00:49,,,,,,,,,,,,,,
Google Suggest,sugestao,bitcoin,bitcoin now,601.0,br,chrome,web,expansao_n,2025-12-12 00:00:49,,,,,,,,,,,,,,
Google Suggest,sugestao,bitcoin,bitcoin na b3,600.0,br,chrome,web,expansao_n,2025-12-12 00:00:49,,,,,,,,,,,,,,
Google Suggest,sugestao,bitcoin,bitcoin network,559.0,br,chrome,web,expansao_n,2025-12-12 00:00:49,,,,,,,,,,,,,,
Google Suggest,sugestao,bitcoin,bitcoin nodes,558.0,br,chrome,web,expansao_n,2025-12-12 00:00:49,,,,,,,,,,,,,,
Google Suggest,sugestao,bitcoin,bitcoin no inicio,557.0,br,chrome,web,expansao_n,2025-12-12 00:00:49,,,,,,,,,,,,,,
Google Suggest,sugestao,bitcoin,bitcoin na xp,556.0,br,chrome,web,expansao_n,2025-12-12 00:00:49,,,,,,,,,,,,,,
Google Suggest,sugestao,bitcoin,bitcoin no mercado pago,555.0,br,chrome,web,expansao_n,2025-12-12 00:00:49,,,,,,,,,,,,,,
Google Suggest,sugestao,bitcoin,bitcoin na rico,554.0,br,chrome,web,expansao_n,2025-12-12 00:00:49,,,,,,,,,,,,,,
Google Suggest,sugestao,bitcoin,bitcoin no picpay,553.0,br,chrome,web,expansao_n,2025-12-12 00:00:49,,,,,,,,,,,,,,
Google Suggest,sugestao,bitcoin,bitcoin notícias hoje,552.0,br,chrome,web,expansao_n,2025-12-12 00:00:49,,,,,,,,,,,,,,
Google Suggest,sugestao,bitcoin,bitcoin now usd,551.0,br,chrome,web,expansao_n,2025-12-12 00:00:49,,,,,,,,,,,,,,
Google Suggest,sugestao,bitcoin,bitcoin na bolsa,550.0,br,chrome,web,expansao_n,2025-12-12 00:00:49,,,,,,,,,,,,,,
Google Suggest,sugestao,bitcoin,bitcoin o que é,1250.0,br,chrome,web,expansao_o,2025-12-12 00:00:49,,,,,,,,,,,,,,
Google Suggest,sugestao,bitcoin,bitcoin ontem,750.0,br,chrome,web,expansao_o,2025-12-12 00:00:49,,,,,,,,,,,,,,
Google Suggest,sugestao,bitcoin,bitcoin onde comprar,602.0,br,chrome,web,expansao_o,2025-12-12 00:00:49,,,,,,,,,,,,,,
Google Suggest,sugestao,bitcoin,bitcoin o que esta acontecendo,601.0,br,chrome,web,expansao_o,2025-12-12 00:00:49,,,,,,,,,,,,,,
Google Suggest,sugestao,bitcoin,http://bitcoin.org,600.0,br,chrome,web,expansao_o,2025-12-12 00:00:49,,,,,,,,,,,,,,
Google Suggest,sugestao,bitcoin,bitcoin o que significa,559.0,br,chrome,web,expansao_o,2025-12-12 00:00:49,,,,,,,,,,,,,,
Google Suggest,sugestao,bitcoin,bitcoin o que é e como funciona,558.0,br,chrome,web,expansao_o,2025-12-12 00:00:49,,,,,,,,,,,,,,
Google Suggest,sugestao,bitcoin,bitcoin online,557.0,br,chrome,web,expansao_o,2025-12-12 00:00:49,,,,,,,,,,,,,,
Google Suggest,sugestao,bitcoin,bitcoin o q é,556.0,br,chrome,web,expansao_o,2025-12-12 00:00:49,,,,,,,,,,,,,,
Google Suggest,sugestao,bitcoin,bitcoin ou ethereum,555.0,br,chrome,web,expansao_o,2025-12-12 00:00:49,,,,,,,,,,,,,,
Google Suggest,sugestao,bitcoin,bitcoin ouro,554.0,br,chrome,web,expansao_o,2025-12-12 00:00:49,,,,,,,,,,,,,,
Google Suggest,sugestao,bitcoin,bitcoin outubro 2021,553.0,br,chrome,web,expansao_o,2025-12-12 00:00:49,,,,,,,,,,,,,,
Google Suggest,sugestao,bitcoin,bitcoin outubro 2025,552.0,br,chrome,web,expansao_o,2025-12-12 00:00:49,,,,,,,,,,,,,,
Google Suggest,sugestao,bitcoin,bitcoin otc,551.0,br,chrome,web,expansao_o,2025-12-12 00:00:49,,,,,,,,,,,,,,
Google Suggest,sugestao,bitcoin,bitcoin o que esperar,550.0,br,chrome,web,expansao_o,2025-12-12 00:00:49,,,,,,,,,,,,,,
Google Suggest,sugestao,bitcoin,bitcoin price,1252.0,br,chrome,web,expansao_p,2025-12-12 00:00:49,,,,,,,,,,,,,,
Google Suggest,sugestao,bitcoin,bitcoin preço,1251.0,br,chrome,web,expansao_p,2025-12-12 00:00:49,,,,,,,,,,,,,,
Google Suggest,sugestao,bitcoin,bitcoin price usd,1250.0,br,chrome,web,expansao_p,2025-12-12 00:00:49,,,,,,,,,,,,,,
Google Suggest,sugestao,bitcoin,bitcoin para real,601.0,br,chrome,web,expansao_p,2025-12-12 00:00:49,,,,,,,,,,,,,,
Google Suggest,sugestao,bitcoin,bitcoin preço dolar,600.0,br,chrome,web,expansao_p,2025-12-12 00:00:49,,,,,,,,,,,,,,
Google Suggest,sugestao,bitcoin,bitcoin preço hoje,559.0,br,chrome,web,expansao_p,2025-12-12 00:00:49,,,,,,,,,,,,,,
Google Suggest,sugestao,bitcoin,bitcoin para dolar,558.0,br,chrome,web,expansao_p,2025-12-12 00:00:49,,,,,,,,,,,,,,
Google Suggest,sugestao,bitcoin,bitcoin previsão,557.0,br,chrome,web,expansao_p,2025-12-12 00:00:49,,,,,,,,,,,,,,
Google Suggest,sugestao,bitcoin,bitcoin price brl,556.0,br,chrome,web,expansao_p,2025-12-12 00:00:49,,,,,,,,,,,,,,
Google Suggest,sugestao,bitcoin,bitcoin p2p,555.0,br,chrome,web,expansao_p,2025-12-12 00:00:49,,,,,,,,,,,,,,
Google Suggest,sugestao,bitcoin,bitcoin pizza day,554.0,br,chrome,web,expansao_p,2025-12-12 00:00:49,,,,,,,,,,,,,,
Google Suggest,sugestao,bitcoin,bitcoin projeção,553.0,br,chrome,web,expansao_p,2025-12-12 00:00:49,,,,,,,,,,,,,,
Google Suggest,sugestao,bitcoin,bitcoin price usd today,552.0,br,chrome,web,expansao_p,2025-12-12 00:00:49,,,,,,,,,,,,,,
Google Suggest,sugestao,bitcoin,bitcoin porque caiu,551.0,br,chrome,web,expansao_p,2025-12-12 00:00:49,,,,,,,,,,,,,,
Google Suggest,sugestao,bitcoin,bitcoin puzzle,550.0,br,chrome,web,expansao_p,2025-12-12 00:00:49,,,,,,,,,,,,,,
Google Suggest,sugestao,bitcoin,bitcoin queda,1250.0,br,chrome,web,expansao_q,2025-12-12 00:00:49,,,,,,,,,,,,,,
Google Suggest,sugestao,bitcoin,bitcoin quando surgiu,850.0,br,chrome,web,expansao_q,2025-12-12 00:00:49,,,,,,,,,,,,,,
Google Suggest,sugestao,bitcoin,bitcoin quanto vale,650.0,br,chrome,web,expansao_q,2025-12-12 00:00:49,,,,,,,,,,,,,,
Google Suggest,sugestao,bitcoin,bitcoin quando lançou,601.0,br,chrome,web,expansao_q,2025-12-12 00:00:49,,,,,,,,,,,,,,
Google Suggest,sugestao,bitcoin,bitcoin quem criou,600.0,br,chrome,web,expansao_q,2025-12-12 00:00:49,,,,,,,,,,,,,,
Google Suggest,sugestao,bitcoin,bitcoin quanto custa,559.0,br,chrome,web,expansao_q,2025-12-12 00:00:49,,,,,,,,,,,,,,
Google Suggest,sugestao,bitcoin,bitcoin quando foi criado,558.0,br,chrome,web,expansao_q,2025-12-12 00:00:49,,,,,,,,,,,,,,
Google Suggest,sugestao,bitcoin,bitcoin queda hoje,557.0,br,chrome,web,expansao_q,2025-12-12 00:00:49,,,,,,,,,,,,,,
Google Suggest,sugestao,bitcoin,bitcoin quantos existem,556.0,br,chrome,web,expansao_q,2025-12-12 00:00:49,,,,,,,,,,,,,,
Google Suggest,sugestao,bitcoin,bitcoin queda motivo,555.0,br,chrome,web,expansao_q,2025-12-12 00:00:49,,,,,,,,,,,,,,
Google Suggest,sugestao,bitcoin,bitcoin quando lançou valor,554.0,br,chrome,web,expansao_q,2025-12-12 00:00:49,,,,,,,,,,,,,,
Google Suggest,sugestao,bitcoin,bitcoin qual o valor,553.0,br,chrome,web,expansao_q,2025-12-12 00:00:49,,,,,,,,,,,,,,
Google Suggest,sugestao,bitcoin,bitcoin qual a tendencia,552.0,br,chrome,web,expansao_q,2025-12-12 00:00:49,,,,,,,,,,,,,,
Google Suggest,sugestao,bitcoin,bitcoin quantile model,551.0,br,chrome,web,expansao_q,2025-12-12 00:00:49,,,,,,,,,,,,,,
Google Suggest,sugestao,bitcoin,bitcoin quando comprar,550.0,br,chrome,web,expansao_q,2025-12-12 00:00:49,,,,,,,,,,,,,,
Google Suggest,sugestao,bitcoin,bitcoin real,1251.0,br,chrome,web,expansao_r,2025-12-12 00:00:49,,,,,,,,,,,,,,
Google Suggest,sugestao,bitcoin,bitcoin red pill,1250.0,br,chrome,web,expansao_r,2025-12-12 00:00:49,,,,,,,,,,,,,,
Google Suggest,sugestao,bitcoin,bitcoin red pill 3a edição pdf download,602.0,br,chrome,web,expansao_r,2025-12-12 00:00:49,,,,,,,,,,,,,,
Google Suggest,sugestao,bitcoin,bitcoin real dolar,601.0,br,chrome,web,expansao_r,2025-12-12 00:00:49,,,,,,,,,,,,,,
Google Suggest,sugestao,bitcoin,bitcoin rainbow chart,600.0,br,chrome,web,expansao_r,2025-12-12 00:00:49,,,,,,,,,,,,,,
Google Suggest,sugestao,bitcoin,bitcoin reais,559.0,br,chrome,web,expansao_r,2025-12-12 00:00:49,,,,,,,,,,,,,,
Google Suggest,sugestao,bitcoin,bitcoin reddit,558.0,br,chrome,web,expansao_r,2025-12-12 00:00:49,,,,,,,,,,,,,,
Google Suggest,sugestao,bitcoin,bitcoin renato ulianov,557.0,br,chrome,web,expansao_r,2025-12-12 00:00:49,,,,,,,,,,,,,,
Google Suggest,sugestao,bitcoin,bitcoin real grafico,556.0,br,chrome,web,expansao_r,2025-12-12 00:00:49,,,,,,,,,,,,,,
Google Suggest,sugestao,bitcoin,bitcoin red pill 1 edição pdf,555.0,br,chrome,web,expansao_r,2025-12-12 00:00:49,,,,,,,,,,,,,,
Google Suggest,sugestao,bitcoin,bitcoin rio de janeiro,554.0,br,chrome,web,expansao_r,2025-12-12 00:00:49,,,,,,,,,,,,,,
Google Suggest,sugestao,bitcoin,bitcoin rende por mes,553.0,br,chrome,web,expansao_r,2025-12-12 00:00:49,,,,,,,,,,,,,,
Google Suggest,sugestao,bitcoin,bitcoin reais hoje,552.0,br,chrome,web,expansao_r,2025-12-12 00:00:49,,,,,,,,,,,,,,
Google Suggest,sugestao,bitcoin,bitcoin rsi,551.0,br,chrome,web,expansao_r,2025-12-12 00:00:49,,,,,,,,,,,,,,
Google Suggest,sugestao,bitcoin,bitcoin red pill capa dura,550.0,br,chrome,web,expansao_r,2025-12-12 00:00:49,,,,,,,,,,,,,,
Google Suggest,sugestao,bitcoin,bitcoin subiu,700.0,br,chrome,web,expansao_s,2025-12-12 00:00:49,,,,,,,,,,,,,,
Google Suggest,sugestao,bitcoin,bitcoin site,602.0,br,chrome,web,expansao_s,2025-12-12 00:00:49,,,,,,,,,,,,,,
Google Suggest,sugestao,bitcoin,bitcoin significado,601.0,br,chrome,web,expansao_s,2025-12-12 00:00:49,,,,,,,,,,,,,,
Google Suggest,sugestao,bitcoin,bitcoin stock,600.0,br,chrome,web,expansao_s,2025-12-12 00:00:49,,,,,,,,,,,,,,
Google Suggest,sugestao,bitcoin,bitcoin sobe,560.0,br,chrome,web,expansao_s,2025-12-12 00:00:49,,,,,,,,,,,,,,
Google Suggest,sugestao,bitcoin,bitcoin simbolo,559.0,br,chrome,web,expansao_s,2025-12-12 00:00:49,,,,,,,,,,,,,,
Google Suggest,sugestao,bitcoin,bitcoin satoshi,558.0,br,chrome,web,expansao_s,2025-12-12 00:00:49,,,,,,,,,,,,,,
Google Suggest,sugestao,bitcoin,bitcoin surgiu quando,557.0,br,chrome,web,expansao_s,2025-12-12 00:00:49,,,,,,,,,,,,,,
Google Suggest,sugestao,bitcoin,bitcoin subiu hoje,556.0,br,chrome,web,expansao_s,2025-12-12 00:00:49,,,,,,,,,,,,,,
Google Suggest,sugestao,bitcoin,bitcoin standard,555.0,br,chrome,web,expansao_s,2025-12-12 00:00:49,,,,,,,,,,,,,,
Google Suggest,sugestao,bitcoin,bitcoin scan,554.0,br,chrome,web,expansao_s,2025-12-12 00:00:49,,,,,,,,,,,,,,
Google Suggest,sugestao,bitcoin,bitcoin status invest,553.0,br,chrome,web,expansao_s,2025-12-12 00:00:49,,,,,,,,,,,,,,
Google Suggest,sugestao,bitcoin,bitcoin stock to flow,552.0,br,chrome,web,expansao_s,2025-12-12 00:00:49,,,,,,,,,,,,,,
Google Suggest,sugestao,bitcoin,bitcoin sobe ou desce,551.0,br,chrome,web,expansao_s,2025-12-12 00:00:49,,,,,,,,,,,,,,
Google Suggest,sugestao,bitcoin,bitcoin solana hoje,550.0,br,chrome,web,expansao_s,2025-12-12 00:00:49,,,,,,,,,,,,,,
Google Suggest,sugestao,bitcoin,bitcoin today,750.0,br,chrome,web,expansao_t,2025-12-12 00:00:49,,,,,,,,,,,,,,
Google Suggest,sugestao,bitcoin,bitcoin tempo real,700.0,br,chrome,web,expansao_t,2025-12-12 00:00:49,,,,,,,,,,,,,,
Google Suggest,sugestao,bitcoin,bitcoin tendencia,602.0,br,chrome,web,expansao_t,2025-12-12 00:00:49,,,,,,,,,,,,,,
Google Suggest,sugestao,bitcoin,bitcoin to real,601.0,br,chrome,web,expansao_t,2025-12-12 00:00:49,,,,,,,,,,,,,,
Google Suggest,sugestao,bitcoin,bitcoin trump,600.0,br,chrome,web,expansao_t,2025-12-12 00:00:49,,,,,,,,,,,,,,
Google Suggest,sugestao,bitcoin,bitcointrade,559.0,br,chrome,web,expansao_t,2025-12-12 00:00:49,,,,,,,,,,,,,,
Google Suggest,sugestao,bitcoin,bitcoin to dolar,558.0,br,chrome,web,expansao_t,2025-12-12 00:00:49,,,,,,,,,,,,,,
Google Suggest,sugestao,bitcoin,bitcoin to you,557.0,br,chrome,web,expansao_t,2025-12-12 00:00:49,,,,,,,,,,,,,,
Google Suggest,sugestao,bitcoin,bitcoin treasury company,556.0,br,chrome,web,expansao_t,2025-12-12 00:00:49,,,,,,,,,,,,,,
Google Suggest,sugestao,bitcoin,bitcoin to dollar,555.0,br,chrome,web,expansao_t,2025-12-12 00:00:49,,,,,,,,,,,,,,
Google Suggest,sugestao,bitcoin,bitcoin talk,554.0,br,chrome,web,expansao_t,2025-12-12 00:00:49,,,,,,,,,,,,,,
Google Suggest,sugestao,bitcoin,bitcoin ticker,553.0,br,chrome,web,expansao_t,2025-12-12 00:00:49,,,,,,,,,,,,,,
Google Suggest,sugestao,bitcoin,bitcoin tem lastro,552.0,br,chrome,web,expansao_t,2025-12-12 00:00:49,,,,,,,,,,,,,,
Google Suggest,sugestao,bitcoin,bitcoin tabela,551.0,br,chrome,web,expansao_t,2025-12-12 00:00:49,,,,,,,,,,,,,,
Google Suggest,sugestao,bitcoin,bitcoin tradução,550.0,br,chrome,web,expansao_t,2025-12-12 00:00:49,,,,,,,,,,,,,,
Google Suggest,sugestao,bitcoin,bitcoin usd,1250.0,br,chrome,web,expansao_u,2025-12-12 00:00:49,,,,,,,,,,,,,,
Google Suggest,sugestao,bitcoin,bitcoin usdt,601.0,br,chrome,web,expansao_u,2025-12-12 00:00:49,,,,,,,,,,,,,,
Google Suggest,sugestao,bitcoin,bitcoin usd hoje,600.0,br,chrome,web,expansao_u,2025-12-12 00:00:49,,,,,,,,,,,,,,
Google Suggest,sugestao,bitcoin,bitcoin us,561.0,br,chrome,web,expansao_u,2025-12-12 00:00:49,,,,,,,,,,,,,,
Google Suggest,sugestao,bitcoin,bitcoin ultimos 6 meses,560.0,br,chrome,web,expansao_u,2025-12-12 00:00:49,,,,,,,,,,,,,,
Google Suggest,sugestao,bitcoin,bitcoin usd today,559.0,br,chrome,web,expansao_u,2025-12-12 00:00:49,,,,,,,,,,,,,,
Google Suggest,sugestao,bitcoin,bitcoin ultimos 5 anos,558.0,br,chrome,web,expansao_u,2025-12-12 00:00:49,,,,,,,,,,,,,,
Google Suggest,sugestao,bitcoin,bitcoin ultimas noticias,557.0,br,chrome,web,expansao_u,2025-12-12 00:00:49,,,,,,,,,,,,,,
Google Suggest,sugestao,bitcoin,bitcoin usd tradingview,556.0,br,chrome,web,expansao_u,2025-12-12 00:00:49,,,,,,,,,,,,,,
Google Suggest,sugestao,bitcoin,bitcoin usd cotação,555.0,br,chrome,web,expansao_u,2025-12-12 00:00:49,,,,,,,,,,,,,,
Google Suggest,sugestao,bitcoin,bitcoin usd grafico,554.0,br,chrome,web,expansao_u,2025-12-12 00:00:49,,,,,,,,,,,,,,
Google Suggest,sugestao,bitcoin,bitcoin usdt hoje,553.0,br,chrome,web,expansao_u,2025-12-12 00:00:49,,,,,,,,,,,,,,
Google Suggest,sugestao,bitcoin,bitcoin usd agora,552.0,br,chrome,web,expansao_u,2025-12-12 00:00:49,,,,,,,,,,,,,,
Google Suggest,sugestao,bitcoin,bitcoin usd investing,551.0,br,chrome,web,expansao_u,2025-12-12 00:00:49,,,,,,,,,,,,,,
Google Suggest,sugestao,bitcoin,bitcoin usdt binance,550.0,br,chrome,web,expansao_u,2025-12-12 00:00:49,,,,,,,,,,,,,,
Google Suggest,sugestao,bitcoin,bitcoin valor,1250.0,br,chrome,web,expansao_v,2025-12-12 00:00:49,,,,,,,,,,,,,,
Google Suggest,sugestao,bitcoin,bitcoin vai subir,1000.0,br,chrome,web,expansao_v,2025-12-12 00:00:49,,,,,,,,,,,,,,
Google Suggest,sugestao,bitcoin,bitcoin valor hoje,602.0,br,chrome,web,expansao_v,2025-12-12 00:00:49,,,,,,,,,,,,,,
Google Suggest,sugestao,bitcoin,bitcoin valor dolar,601.0,br,chrome,web,expansao_v,2025-12-12 00:00:49,,,,,,,,,,,,,,
Google Suggest,sugestao,bitcoin,bitcoin vai cair,600.0,br,chrome,web,expansao_v,2025-12-12 00:00:49,,,,,,,,,,,,,,
Google Suggest,sugestao,bitcoin,bitcoin value,559.0,br,chrome,web,expansao_v,2025-12-12 00:00:49,,,,,,,,,,,,,,
Google Suggest,sugestao,bitcoin,bitcoin vale a pena,558.0,br,chrome,web,expansao_v,2025-12-12 00:00:49,,,,,,,,,,,,,,
Google Suggest,sugestao,bitcoin,bitcoin vai cair mais,557.0,br,chrome,web,expansao_v,2025-12-12 00:00:49,,,,,,,,,,,,,,
Google Suggest,sugestao,bitcoin,bitcoin vale a pena investir,556.0,br,chrome,web,expansao_v,2025-12-12 00:00:49,,,,,,,,,,,,,,
Google Suggest,sugestao,bitcoin,bitcoin vai subir hoje,555.0,br,chrome,web,expansao_v,2025-12-12 00:00:49,,,,,,,,,,,,,,
Google Suggest,sugestao,bitcoin,bitcoin vai subir ou cair,554.0,br,chrome,web,expansao_v,2025-12-12 00:00:49,,,,,,,,,,,,,,
Google Suggest,sugestao,bitcoin,bitcoin vai voltar a subir,553.0,br,chrome,web,expansao_v,2025-12-12 00:00:49,,,,,,,,,,,,,,
Google Suggest,sugestao,bitcoin,bitcoin valor em real,552.0,br,chrome,web,expansao_v,2025-12-12 00:00:49,,,,,,,,,,,,,,
Google Suggest,sugestao,bitcoin,bitcoin volta a subir,551.0,br,chrome,web,expansao_v,2025-12-12 00:00:49,,,,,,,,,,,,,,
Google Suggest,sugestao,bitcoin,bitcoin valor em 2010,550.0,br,chrome,web,expansao_v,2025-12-12 00:00:49,,,,,,,,,,,,,,
Google Suggest,sugestao,bitcoin,bitcoin wallet,1251.0,br,chrome,web,expansao_w,2025-12-12 00:00:49,,,,,,,,,,,,,,
Google Suggest,sugestao,bitcoin,bitcoin wallpaper,1250.0,br,chrome,web,expansao_w,2025-12-12 00:00:49,,,,,,,,,,,,,,
Google Suggest,sugestao,bitcoin,bitcoin white paper,1050.0,br,chrome,web,expansao_w,2025-12-12 00:00:49,,,,,,,,,,,,,,
Google Suggest,sugestao,bitcoin,bitcoin wikipedia,850.0,br,chrome,web,expansao_w,2025-12-12 00:00:49,,,,,,,,,,,,,,
Google Suggest,sugestao,bitcoin,bitcoin wallpaper 4k,601.0,br,chrome,web,expansao_w,2025-12-12 00:00:49,,,,,,,,,,,,,,
Google Suggest,sugestao,bitcoin,bitcoin whales,600.0,br,chrome,web,expansao_w,2025-12-12 00:00:49,,,,,,,,,,,,,,
Google Suggest,sugestao,bitcoin,bitcoin wiki,558.0,br,chrome,web,expansao_w,2025-12-12 00:00:49,,,,,,,,,,,,,,
Google Suggest,sugestao,bitcoin,bitcoin wallet tracker,557.0,br,chrome,web,expansao_w,2025-12-12 00:00:49,,,,,,,,,,,,,,
Google Suggest,sugestao,bitcoin,bitcoin wallet sizes,556.0,br,chrome,web,expansao_w,2025-12-12 00:00:49,,,,,,,,,,,,,,
Google Suggest,sugestao,bitcoin,bitcoin well,555.0,br,chrome,web,expansao_w,2025-12-12 00:00:49,,,,,,,,,,,,,,
Google Suggest,sugestao,bitcoin,bitcoin wallets,554.0,br,chrome,web,expansao_w,2025-12-12 00:00:49,,,,,,,,,,,,,,
Google Suggest,sugestao,bitcoin,bitcoin widget,553.0,br,chrome,web,expansao_w,2025-12-12 00:00:49,,,,,,,,,,,,,,
Google Suggest,sugestao,bitcoin,bitcoin wallpaper celular,552.0,br,chrome,web,expansao_w,2025-12-12 00:00:49,,,,,,,,,,,,,,
Google Suggest,sugestao,bitcoin,bitcoin wallet check,551.0,br,chrome,web,expansao_w,2025-12-12 00:00:49,,,,,,,,,,,,,,
Google Suggest,sugestao,bitcoin,bitcoin wallet generator,550.0,br,chrome,web,expansao_w,2025-12-12 00:00:49,,,,,,,,,,,,,,
Google Suggest,sugestao,bitcoin,bitcoin x dolar,1252.0,br,chrome,web,expansao_x,2025-12-12 00:00:49,,,,,,,,,,,,,,
Google Suggest,sugestao,bitcoin,bitcoin x real,1251.0,br,chrome,web,expansao_x,2025-12-12 00:00:49,,,,,,,,,,,,,,
Google Suggest,sugestao,bitcoin,bitcoin xp,1250.0,br,chrome,web,expansao_x,2025-12-12 00:00:49,,,,,,,,,,,,,,
Google Suggest,sugestao,bitcoin,bitcoin xrp,850.0,br,chrome,web,expansao_x,2025-12-12 00:00:49,,,,,,,,,,,,,,
Google Suggest,sugestao,bitcoin,bitcoin x ouro,700.0,br,chrome,web,expansao_x,2025-12-12 00:00:49,,,,,,,,,,,,,,
Google Suggest,sugestao,bitcoin,bitcoin x criptomoeda,602.0,br,chrome,web,expansao_x,2025-12-12 00:00:49,,,,,,,,,,,,,,
Google Suggest,sugestao,bitcoin,bitcoin x usd,601.0,br,chrome,web,expansao_x,2025-12-12 00:00:49,,,,,,,,,,,,,,
Google Suggest,sugestao,bitcoin,bitcoin x ethereum,600.0,br,chrome,web,expansao_x,2025-12-12 00:00:49,,,,,,,,,,,,,,
Google Suggest,sugestao,bitcoin,bitcoin xp investimentos,556.0,br,chrome,web,expansao_x,2025-12-12 00:00:49,,,,,,,,,,,,,,
Google Suggest,sugestao,bitcoin,bitcoin xrp hoje,555.0,br,chrome,web,expansao_x,2025-12-12 00:00:49,,,,,,,,,,,,,,
Google Suggest,sugestao,bitcoin,bitcoin x gold,554.0,br,chrome,web,expansao_x,2025-12-12 00:00:49,,,,,,,,,,,,,,
Google Suggest,sugestao,bitcoin,bitcoin x m2,553.0,br,chrome,web,expansao_x,2025-12-12 00:00:49,,,,,,,,,,,,,,
Google Suggest,sugestao,bitcoin,bitcoin x dolar grafico,552.0,br,chrome,web,expansao_x,2025-12-12 00:00:49,,,,,,,,,,,,,,
Google Suggest,sugestao,bitcoin,bitcoin x real grafico,551.0,br,chrome,web,expansao_x,2025-12-12 00:00:49,,,,,,,,,,,,,,
Google Suggest,sugestao,bitcoin,bitcoin x dolar hoje,550.0,br,chrome,web,expansao_x,2025-12-12 00:00:49,,,,,,,,,,,,,,
Google Suggest,sugestao,bitcoin,bitcoin yahoo finance,1251.0,br,chrome,web,expansao_y,2025-12-12 00:00:49,,,,,,,,,,,,,,
Google Suggest,sugestao,bitcoin,bitcoin youtube,1250.0,br,chrome,web,expansao_y,2025-12-12 00:00:49,,,,,,,,,,,,,,
Google Suggest,sugestao,bitcoin,bitcoin usd,601.0,br,chrome,web,expansao_y,2025-12-12 00:00:49,,,,,,,,,,,,,,
Google Suggest,sugestao,bitcoin,bitcoin yield,600.0,br,chrome,web,expansao_y,2025-12-12 00:00:49,,,,,,,,,,,,,,
Google Suggest,sugestao,bitcoin,bitcoin yubb,560.0,br,chrome,web,expansao_y,2025-12-12 00:00:49,,,,,,,,,,,,,,
Google Suggest,sugestao,bitcoin,bitcoin you,559.0,br,chrome,web,expansao_y,2025-12-12 00:00:49,,,,,,,,,,,,,,
Google Suggest,sugestao,bitcoin,bitcoin yearly returns,558.0,br,chrome,web,expansao_y,2025-12-12 00:00:49,,,,,,,,,,,,,,
Google Suggest,sugestao,bitcoin,bitcoin usdt,557.0,br,chrome,web,expansao_y,2025-12-12 00:00:49,,,,,,,,,,,,,,
Google Suggest,sugestao,bitcoin,bitcoin usd hoje,556.0,br,chrome,web,expansao_y,2025-12-12 00:00:49,,,,,,,,,,,,,,
Google Suggest,sugestao,bitcoin,bitcoin us,555.0,br,chrome,web,expansao_y,2025-12-12 00:00:49,,,,,,,,,,,,,,
Google Suggest,sugestao,bitcoin,bitcoin ultimos 6 meses,554.0,br,chrome,web,expansao_y,2025-12-12 00:00:49,,,,,,,,,,,,,,
Google Suggest,sugestao,bitcoin,bitcoin usd today,553.0,br,chrome,web,expansao_y,2025-12-12 00:00:49,,,,,,,,,,,,,,
Google Suggest,sugestao,bitcoin,bitcoin ultimos 5 anos,552.0,br,chrome,web,expansao_y,2025-12-12 00:00:49,,,,,,,,,,,,,,
Google Suggest,sugestao,bitcoin,bitcoin ultimas noticias,551.0,br,chrome,web,expansao_y,2025-12-12 00:00:49,,,,,,,,,,,,,,
Google Suggest,sugestao,bitcoin,bitcoin usd tradingview,550.0,br,chrome,web,expansao_y,2025-12-12 00:00:49,,,,,,,,,,,,,,
Google Suggest,sugestao,bitcoin,bitcoin z score,1250.0,br,chrome,web,expansao_z,2025-12-12 00:00:49,,,,,,,,,,,,,,
Google Suggest,sugestao,bitcoin,bitcoin zonas de liquidez,601.0,br,chrome,web,expansao_z,2025-12-12 00:00:49,,,,,,,,,,,,,,
Google Suggest,sugestao,bitcoin,bitcoinz,600.0,br,chrome,web,expansao_z,2025-12-12 00:00:49,,,,,,,,,,,,,,
Google Suggest,sugestao,bitcoin,bitcoin zar,561.0,br,chrome,web,expansao_z,2025-12-12 00:00:49,,,,,,,,,,,,,,
Google Suggest,sugestao,bitcoin,zukunft bitcoin,560.0,br,chrome,web,expansao_z,2025-12-12 00:00:49,,,,,,,,,,,,,,
Google Suggest,sugestao,bitcoin,bitcoin zella,559.0,br,chrome,web,expansao_z,2025-12-12 00:00:49,,,,,,,,,,,,,,
Google Suggest,sugestao,bitcoin,bitcoin zu euro,558.0,br,chrome,web,expansao_z,2025-12-12 00:00:49,,,,,,,,,,,,,,
Google Suggest,sugestao,bitcoin,bitcoin zero,557.0,br,chrome,web,expansao_z,2025-12-12 00:00:49,,,,,,,,,,,,,,
Google Suggest,sugestao,bitcoin,bitcoin zonda,556.0,br,chrome,web,expansao_z,2025-12-12 00:00:49,,,,,,,,,,,,,,
Google Suggest,sugestao,bitcoin,bitcoin zyklen,555.0,br,chrome,web,expansao_z,2025-12-12 00:00:49,,,,,,,,,,,,,,
Google Suggest,sugestao,bitcoin,bitcoin in zloty,554.0,br,chrome,web,expansao_z,2025-12-12 00:00:49,,,,,,,,,,,,,,
Google Suggest,sugestao,bitcoin,bitcoin zambia,553.0,br,chrome,web,expansao_z,2025-12-12 00:00:49,,,,,,,,,,,,,,
Google Suggest,sugestao,bitcoin,bitcoin zero sum game,552.0,br,chrome,web,expansao_z,2025-12-12 00:00:49,,,,,,,,,,,,,,
Google Suggest,sugestao,bitcoin,bitcoin zug,551.0,br,chrome,web,expansao_z,2025-12-12 00:00:49,,,,,,,,,,,,,,
Google Suggest,sugestao,bitcoin,bitcoin zuckerberg,550.0,br,chrome,web,expansao_z,2025-12-12 00:00:49,,,,,,,,,,,,,,
Google Suggest,sugestao,bitcoin,bitcoin 0 1,1251.0,br,chrome,web,expansao_0,2025-12-12 00:00:49,,,,,,,,,,,,,,
Google Suggest,sugestao,bitcoin,bitcoin 0 01,1250.0,br,chrome,web,expansao_0,2025-12-12 00:00:49,,,,,,,,,,,,,,
Google Suggest,sugestao,bitcoin,bitcoin 0001,601.0,br,chrome,web,expansao_0,2025-12-12 00:00:49,,,,,,,,,,,,,,
Google Suggest,sugestao,bitcoin,0 005 bitcoin,600.0,br,chrome,web,expansao_0,2025-12-12 00:00:49,,,,,,,,,,,,,,
Google Suggest,sugestao,bitcoin,bitcoin 0.10,560.0,br,chrome,web,expansao_0,2025-12-12 00:00:49,,,,,,,,,,,,,,
Google Suggest,sugestao,bitcoin,bitcoin 0003,559.0,br,chrome,web,expansao_0,2025-12-12 00:00:49,,,,,,,,,,,,,,
Google Suggest,sugestao,bitcoin,bitcoin 0.001 price,558.0,br,chrome,web,expansao_0,2025-12-12 00:00:49,,,,,,,,,,,,,,
Google Suggest,sugestao,bitcoin,bitcoin 0.1 price,557.0,br,chrome,web,expansao_0,2025-12-12 00:00:49,,,,,,,,,,,,,,
Google Suggest,sugestao,bitcoin,bitcoin 0.01 price,556.0,br,chrome,web,expansao_0,2025-12-12 00:00:49,,,,,,,,,,,,,,
Google Suggest,sugestao,bitcoin,bitcoin 0.2,555.0,br,chrome,web,expansao_0,2025-12-12 00:00:49,,,,,,,,,,,,,,
Google Suggest,sugestao,bitcoin,bitcoin 0.0001 price,554.0,br,chrome,web,expansao_0,2025-12-12 00:00:49,,,,,,,,,,,,,,
Google Suggest,sugestao,bitcoin,bitcoin 0039,553.0,br,chrome,web,expansao_0,2025-12-12 00:00:49,,,,,,,,,,,,,,
Google Suggest,sugestao,bitcoin,bitcoin 0.1 lot price,552.0,br,chrome,web,expansao_0,2025-12-12 00:00:49,,,,,,,,,,,,,,
Google Suggest,sugestao,bitcoin,bitcoin 0.05,551.0,br,chrome,web,expansao_0,2025-12-12 00:00:49,,,,,,,,,,,,,,
Google Suggest,sugestao,bitcoin,bitcoin 0.00001 price,550.0,br,chrome,web,expansao_0,2025-12-12 00:00:49,,,,,,,,,,,,,,
Google Suggest,sugestao,bitcoin,bitcoin 10 anos atras,1250.0,br,chrome,web,expansao_1,2025-12-12 00:00:49,,,,,,,,,,,,,,
Google Suggest,sugestao,bitcoin,bitcoin 12 meses,1100.0,br,chrome,web,expansao_1,2025-12-12 00:00:49,,,,,,,,,,,,,,
Google Suggest,sugestao,bitcoin,bitcoin 1 milhao,650.0,br,chrome,web,expansao_1,2025-12-12 00:00:49,,,,,,,,,,,,,,
Google Suggest,sugestao,bitcoin,bitcoin 1 real,602.0,br,chrome,web,expansao_1,2025-12-12 00:00:49,,,,,,,,,,,,,,
Google Suggest,sugestao,bitcoin,bitcoin 1000 wallet,601.0,br,chrome,web,expansao_1,2025-12-12 00:00:49,,,,,,,,,,,,,,
Google Suggest,sugestao,bitcoin,bitcoin 100 reais,600.0,br,chrome,web,expansao_1,2025-12-12 00:00:49,,,,,,,,,,,,,,
Google Suggest,sugestao,bitcoin,bitcoin 10 anos,558.0,br,chrome,web,expansao_1,2025-12-12 00:00:49,,,,,,,,,,,,,,
Google Suggest,sugestao,bitcoin,bitcoin 1 ano atras,557.0,br,chrome,web,expansao_1,2025-12-12 00:00:49,,,,,,,,,,,,,,
Google Suggest,sugestao,bitcoin,bitcoin 1 million,556.0,br,chrome,web,expansao_1,2025-12-12 00:00:49,,,,,,,,,,,,,,
Google Suggest,sugestao,bitcoin,bitcoin 15 anos atras,555.0,br,chrome,web,expansao_1,2025-12-12 00:00:49,,,,,,,,,,,,,,
Google Suggest,sugestao,bitcoin,bitcoin 100k,554.0,br,chrome,web,expansao_1,2025-12-12 00:00:49,,,,,,,,,,,,,,
Google Suggest,sugestao,bitcoin,bitcoin 100 mil dolares,553.0,br,chrome,web,expansao_1,2025-12-12 00:00:49,,,,,,,,,,,,,,
Google Suggest,sugestao,bitcoin,bitcoin 10x,552.0,br,chrome,web,expansao_1,2025-12-12 00:00:49,,,,,,,,,,,,,,
Google Suggest,sugestao,bitcoin,bitcoin 101,551.0,br,chrome,web,expansao_1,2025-12-12 00:00:49,,,,,,,,,,,,,,
Google Suggest,sugestao,bitcoin,bitcoin 10 reais,550.0,br,chrome,web,expansao_1,2025-12-12 00:00:49,,,,,,,,,,,,,,
Google Suggest,sugestao,bitcoin,bitcoin 2010,800.0,br,chrome,web,expansao_2,2025-12-12 00:00:49,,,,,,,,,,,,,,
Google Suggest,sugestao,bitcoin,bitcoin 2015,650.0,br,chrome,web,expansao_2,2025-12-12 00:00:49,,,,,,,,,,,,,,
Google Suggest,sugestao,bitcoin,bitcoin 2012,601.0,br,chrome,web,expansao_2,2025-12-12 00:00:49,,,,,,,,,,,,,,
Google Suggest,sugestao,bitcoin,bitcoin 2019,600.0,br,chrome,web,expansao_2,2025-12-12 00:00:49,,,,,,,,,,,,,,
Google Suggest,sugestao,bitcoin,bitcoin 2013,560.0,br,chrome,web,expansao_2,2025-12-12 00:00:49,,,,,,,,,,,,,,
Google Suggest,sugestao,bitcoin,bitcoin 2014,559.0,br,chrome,web,expansao_2,2025-12-12 00:00:49,,,,,,,,,,,,,,
Google Suggest,sugestao,bitcoin,bitcoin 2025,558.0,br,chrome,web,expansao_2,2025-12-12 00:00:49,,,,,,,,,,,,,,
Google Suggest,sugestao,bitcoin,bitcoin 2011,557.0,br,chrome,web,expansao_2,2025-12-12 00:00:49,,,,,,,,,,,,,,
Google Suggest,sugestao,bitcoin,bitcoin 2017,556.0,br,chrome,web,expansao_2,2025-12-12 00:00:49,,,,,,,,,,,,,,
Google Suggest,sugestao,bitcoin,bitcoin 2016,555.0,br,chrome,web,expansao_2,2025-12-12 00:00:49,,,,,,,,,,,,,,
Google Suggest,sugestao,bitcoin,bitcoin 2018,554.0,br,chrome,web,expansao_2,2025-12-12 00:00:49,,,,,,,,,,,,,,
Google Suggest,sugestao,bitcoin,bitcoin 2020,553.0,br,chrome,web,expansao_2,2025-12-12 00:00:49,,,,,,,,,,,,,,
Google Suggest,sugestao,bitcoin,bitcoin 2026,552.0,br,chrome,web,expansao_2,2025-12-12 00:00:49,,,,,,,,,,,,,,
Google Suggest,sugestao,bitcoin,bitcoin 2021,551.0,br,chrome,web,expansao_2,2025-12-12 00:00:49,,,,,,,,,,,,,,
Google Suggest,sugestao,bitcoin,bitcoin 2009,550.0,br,chrome,web,expansao_2,2025-12-12 00:00:49,,,,,,,,,,,,,,
Google Suggest,sugestao,bitcoin,bitcoin 30,1251.0,br,chrome,web,expansao_3,2025-12-12 00:00:49,,,,,,,,,,,,,,
Google Suggest,sugestao,bitcoin,bitcoin 3d,1250.0,br,chrome,web,expansao_3,2025-12-12 00:00:49,,,,,,,,,,,,,,
Google Suggest,sugestao,bitcoin,bitcoin 38tao,1050.0,br,chrome,web,expansao_3,2025-12-12 00:00:49,,,,,,,,,,,,,,
Google Suggest,sugestao,bitcoin,bitcoin 3 anos,800.0,br,chrome,web,expansao_3,2025-12-12 00:00:49,,,,,,,,,,,,,,
Google Suggest,sugestao,bitcoin,bitcoin 3 de setembro,651.0,br,chrome,web,expansao_3,2025-12-12 00:00:49,,,,,,,,,,,,,,
Google Suggest,sugestao,bitcoin,bitcoin 30 dias,650.0,br,chrome,web,expansao_3,2025-12-12 00:00:49,,,,,,,,,,,,,,
Google Suggest,sugestao,bitcoin,bitcoin 3 anos atras,601.0,br,chrome,web,expansao_3,2025-12-12 00:00:49,,,,,,,,,,,,,,
Google Suggest,sugestao,bitcoin,bitcoin 3 meses,600.0,br,chrome,web,expansao_3,2025-12-12 00:00:49,,,,,,,,,,,,,,
Google Suggest,sugestao,bitcoin,bitcoin 3d model,555.0,br,chrome,web,expansao_3,2025-12-12 00:00:49,,,,,,,,,,,,,,
Google Suggest,sugestao,bitcoin,bitcoin 30 imposto,554.0,br,chrome,web,expansao_3,2025-12-12 00:00:49,,,,,,,,,,,,,,
Google Suggest,sugestao,bitcoin,bitcoin 35 mil,553.0,br,chrome,web,expansao_3,2025-12-12 00:00:49,,,,,,,,,,,,,,
Google Suggest,sugestao,bitcoin,bitcoin 38,552.0,br,chrome,web,expansao_3,2025-12-12 00:00:49,,,,,,,,,,,,,,
Google Suggest,sugestao,bitcoin,bitcoin 360,551.0,br,chrome,web,expansao_3,2025-12-12 00:00:49,,,,,,,,,,,,,,
Google Suggest,sugestao,bitcoin,bitcoin 3x etf,550.0,br,chrome,web,expansao_3,2025-12-12 00:00:49,,,,,,,,,,,,,,
Google Suggest,sugestao,bitcoin,bitcoin 4 year cycle,1100.0,br,chrome,web,expansao_4,2025-12-12 00:00:49,,,,,,,,,,,,,,
Google Suggest,sugestao,bitcoin,bitcoin 4 anos atras,601.0,br,chrome,web,expansao_4,2025-12-12 00:00:49,,,,,,,,,,,,,,
Google Suggest,sugestao,bitcoin,bitcoin 40x,600.0,br,chrome,web,expansao_4,2025-12-12 00:00:49,,,,,,,,,,,,,,
Google Suggest,sugestao,bitcoin,bitcoin 4 year cycle spiral,561.0,br,chrome,web,expansao_4,2025-12-12 00:00:49,,,,,,,,,,,,,,
Google Suggest,sugestao,bitcoin,bitcoin 4 year cycle chart,560.0,br,chrome,web,expansao_4,2025-12-12 00:00:49,,,,,,,,,,,,,,
Google Suggest,sugestao,bitcoin,bitcoin 401 k,559.0,br,chrome,web,expansao_4,2025-12-12 00:00:49,,,,,,,,,,,,,,
Google Suggest,sugestao,bitcoin,bitcoin 4u,558.0,br,chrome,web,expansao_4,2025-12-12 00:00:49,,,,,,,,,,,,,,
Google Suggest,sugestao,bitcoin,42 bitcoin,557.0,br,chrome,web,expansao_4,2025-12-12 00:00:49,,,,,,,,,,,,,,
Google Suggest,sugestao,bitcoin,bitcoin 4 year cycle chart prediction,556.0,br,chrome,web,expansao_4,2025-12-12 00:00:49,,,,,,,,,,,,,,
Google Suggest,sugestao,bitcoin,bitcoin 401k fidelity,555.0,br,chrome,web,expansao_4,2025-12-12 00:00:49,,,,,,,,,,,,,,
Google Suggest,sugestao,bitcoin,bitcoin 4 hour chart,554.0,br,chrome,web,expansao_4,2025-12-12 00:00:49,,,,,,,,,,,,,,
Google Suggest,sugestao,bitcoin,bitcoin 42 por cento,553.0,br,chrome,web,expansao_4,2025-12-12 00:00:49,,,,,,,,,,,,,,
Google Suggest,sugestao,bitcoin,bitcoin 4 year cycle chart 2024,552.0,br,chrome,web,expansao_4,2025-12-12 00:00:49,,,,,,,,,,,,,,
Google Suggest,sugestao,bitcoin,bitcoin 4 years ago,551.0,br,chrome,web,expansao_4,2025-12-12 00:00:49,,,,,,,,,,,,,,
Google Suggest,sugestao,bitcoin,bitcoin 4 years cycle,550.0,br,chrome,web,expansao_4,2025-12-12 00:00:49,,,,,,,,,,,,,,
Google Suggest,sugestao,bitcoin,bitcoin 5 anos atras,1251.0,br,chrome,web,expansao_5,2025-12-12 00:00:49,,,,,,,,,,,,,,
Google Suggest,sugestao,bitcoin,bitcoin 50 cent,1250.0,br,chrome,web,expansao_5,2025-12-12 00:00:49,,,,,,,,,,,,,,
Google Suggest,sugestao,bitcoin,bitcoin 5 anos grafico,750.0,br,chrome,web,expansao_5,2025-12-12 00:00:49,,,,,,,,,,,,,,
Google Suggest,sugestao,bitcoin,bitcoin 50 reais,700.0,br,chrome,web,expansao_5,2025-12-12 00:00:49,,,,,,,,,,,,,,
Google Suggest,sugestao,bitcoin,bitcoin 500 mil dolares,601.0,br,chrome,web,expansao_5,2025-12-12 00:00:49,,,,,,,,,,,,,,
Google Suggest,sugestao,bitcoin,bitcoin 50 week moving average,600.0,br,chrome,web,expansao_5,2025-12-12 00:00:49,,,,,,,,,,,,,,
Google Suggest,sugestao,bitcoin,bitcoin 50 ema,558.0,br,chrome,web,expansao_5,2025-12-12 00:00:49,,,,,,,,,,,,,,
Google Suggest,sugestao,bitcoin,bitcoin 500,557.0,br,chrome,web,expansao_5,2025-12-12 00:00:49,,,,,,,,,,,,,,
Google Suggest,sugestao,bitcoin,bitcoin 5 year chart,556.0,br,chrome,web,expansao_5,2025-12-12 00:00:49,,,,,,,,,,,,,,
Google Suggest,sugestao,bitcoin,bitcoin 500k,555.0,br,chrome,web,expansao_5,2025-12-12 00:00:49,,,,,,,,,,,,,,
Google Suggest,sugestao,bitcoin,bitcoin 5 years ago,554.0,br,chrome,web,expansao_5,2025-12-12 00:00:49,,,,,,,,,,,,,,
Google Suggest,sugestao,bitcoin,bitcoin 5 year prediction,553.0,br,chrome,web,expansao_5,2025-12-12 00:00:49,,,,,,,,,,,,,,
Google Suggest,sugestao,bitcoin,bitcoin 51 attack,552.0,br,chrome,web,expansao_5,2025-12-12 00:00:49,,,,,,,,,,,,,,
Google Suggest,sugestao,bitcoin,bitcoin 50 day moving average,551.0,br,chrome,web,expansao_5,2025-12-12 00:00:49,,,,,,,,,,,,,,
Google Suggest,sugestao,bitcoin,bitcoin 52 week high,550.0,br,chrome,web,expansao_5,2025-12-12 00:00:49,,,,,,,,,,,,,,
Google Suggest,sugestao,bitcoin,bitcoin 6 meses,1251.0,br,chrome,web,expansao_6,2025-12-12 00:00:49,,,,,,,,,,,,,,
Google Suggest,sugestao,bitcoin,bitcoin 666,1250.0,br,chrome,web,expansao_6,2025-12-12 00:00:49,,,,,,,,,,,,,,
Google Suggest,sugestao,bitcoin,bitcoin 6 anos atras,1100.0,br,chrome,web,expansao_6,2025-12-12 00:00:49,,,,,,,,,,,,,,
Google Suggest,sugestao,bitcoin,bitcoin 66,601.0,br,chrome,web,expansao_6,2025-12-12 00:00:49,,,,,,,,,,,,,,
Google Suggest,sugestao,bitcoin,bitcoin 600 mil,600.0,br,chrome,web,expansao_6,2025-12-12 00:00:49,,,,,,,,,,,,,,
Google Suggest,sugestao,bitcoin,bitcoin 600k,559.0,br,chrome,web,expansao_6,2025-12-12 00:00:49,,,,,,,,,,,,,,
Google Suggest,sugestao,bitcoin,bitcoin 68k,558.0,br,chrome,web,expansao_6,2025-12-12 00:00:49,,,,,,,,,,,,,,
Google Suggest,sugestao,bitcoin,bitcoin 67k,557.0,br,chrome,web,expansao_6,2025-12-12 00:00:49,,,,,,,,,,,,,,
Google Suggest,sugestao,bitcoin,bitcoin 6 november 2024,556.0,br,chrome,web,expansao_6,2025-12-12 00:00:49,,,,,,,,,,,,,,
Google Suggest,sugestao,bitcoin,bitcoin 6 aylık grafik,555.0,br,chrome,web,expansao_6,2025-12-12 00:00:49,,,,,,,,,,,,,,
Google Suggest,sugestao,bitcoin,bitcoin 6 month chart,554.0,br,chrome,web,expansao_6,2025-12-12 00:00:49,,,,,,,,,,,,,,
Google Suggest,sugestao,bitcoin,bitcoin 60k,553.0,br,chrome,web,expansao_6,2025-12-12 00:00:49,,,,,,,,,,,,,,
Google Suggest,sugestao,bitcoin,bitcoin 60 day cycle,552.0,br,chrome,web,expansao_6,2025-12-12 00:00:49,,,,,,,,,,,,,,
Google Suggest,sugestao,bitcoin,bitcoin 64 bit,551.0,br,chrome,web,expansao_6,2025-12-12 00:00:49,,,,,,,,,,,,,,
Google Suggest,sugestao,bitcoin,bitcoin 60000,550.0,br,chrome,web,expansao_6,2025-12-12 00:00:49,,,,,,,,,,,,,,
Google Suggest,sugestao,bitcoin,bitcoin 700 mil,1251.0,br,chrome,web,expansao_7,2025-12-12 00:00:49,,,,,,,,,,,,,,
Google Suggest,sugestao,bitcoin,bitcoin 7 dias,1250.0,br,chrome,web,expansao_7,2025-12-12 00:00:49,,,,,,,,,,,,,,
Google Suggest,sugestao,bitcoin,bitcoin 75k,700.0,br,chrome,web,expansao_7,2025-12-12 00:00:49,,,,,,,,,,,,,,
Google Suggest,sugestao,bitcoin,bitcoin 777,601.0,br,chrome,web,expansao_7,2025-12-12 00:00:49,,,,,,,,,,,,,,
Google Suggest,sugestao,bitcoin,bitcoin 76k,600.0,br,chrome,web,expansao_7,2025-12-12 00:00:49,,,,,,,,,,,,,,
Google Suggest,sugestao,bitcoin,bitcoin 72k,559.0,br,chrome,web,expansao_7,2025-12-12 00:00:49,,,,,,,,,,,,,,
Google Suggest,sugestao,bitcoin,bitcoin 74k,558.0,br,chrome,web,expansao_7,2025-12-12 00:00:49,,,,,,,,,,,,,,
Google Suggest,sugestao,bitcoin,bitcoin 79k,557.0,br,chrome,web,expansao_7,2025-12-12 00:00:49,,,,,,,,,,,,,,
Google Suggest,sugestao,bitcoin,bitcoin 77000,556.0,br,chrome,web,expansao_7,2025-12-12 00:00:49,,,,,,,,,,,,,,
Google Suggest,sugestao,bitcoin,bitcoin 78k,555.0,br,chrome,web,expansao_7,2025-12-12 00:00:49,,,,,,,,,,,,,,
Google Suggest,sugestao,bitcoin,bitcoin 777 bet,554.0,br,chrome,web,expansao_7,2025-12-12 00:00:49,,,,,,,,,,,,,,
Google Suggest,sugestao,bitcoin,bitcoin 77,553.0,br,chrome,web,expansao_7,2025-12-12 00:00:49,,,,,,,,,,,,,,
Google Suggest,sugestao,bitcoin,bitcoin $70 k,552.0,br,chrome,web,expansao_7,2025-12-12 00:00:49,,,,,,,,,,,,,,
Google Suggest,sugestao,bitcoin,bitcoin 716,551.0,br,chrome,web,expansao_7,2025-12-12 00:00:49,,,,,,,,,,,,,,
Google Suggest,sugestao,bitcoin,bitcoin 70000,550.0,br,chrome,web,expansao_7,2025-12-12 00:00:49,,,,,,,,,,,,,,
Google Suggest,sugestao,bitcoin,bitcoin 8 anos atras,1251.0,br,chrome,web,expansao_8,2025-12-12 00:00:49,,,,,,,,,,,,,,
Google Suggest,sugestao,bitcoin,bitcoin 80k,1250.0,br,chrome,web,expansao_8,2025-12-12 00:00:49,,,,,,,,,,,,,,
Google Suggest,sugestao,bitcoin,bitcoin 86k,601.0,br,chrome,web,expansao_8,2025-12-12 00:00:49,,,,,,,,,,,,,,
Google Suggest,sugestao,bitcoin,bitcoin 80 mil dolares,600.0,br,chrome,web,expansao_8,2025-12-12 00:00:49,,,,,,,,,,,,,,
Google Suggest,sugestao,bitcoin,bitcoin 82k,560.0,br,chrome,web,expansao_8,2025-12-12 00:00:49,,,,,,,,,,,,,,
Google Suggest,sugestao,bitcoin,bitcoin 89,559.0,br,chrome,web,expansao_8,2025-12-12 00:00:49,,,,,,,,,,,,,,
Google Suggest,sugestao,bitcoin,bitcoin 80 mil,558.0,br,chrome,web,expansao_8,2025-12-12 00:00:49,,,,,,,,,,,,,,
Google Suggest,sugestao,bitcoin,bitcoin 86000,557.0,br,chrome,web,expansao_8,2025-12-12 00:00:49,,,,,,,,,,,,,,
Google Suggest,sugestao,bitcoin,bitcoin 87,556.0,br,chrome,web,expansao_8,2025-12-12 00:00:49,,,,,,,,,,,,,,
Google Suggest,sugestao,bitcoin,bitcoin 88,555.0,br,chrome,web,expansao_8,2025-12-12 00:00:49,,,,,,,,,,,,,,
Google Suggest,sugestao,bitcoin,bitcoin 88 slot wallet,554.0,br,chrome,web,expansao_8,2025-12-12 00:00:49,,,,,,,,,,,,,,
Google Suggest,sugestao,bitcoin,bitcoin 888,553.0,br,chrome,web,expansao_8,2025-12-12 00:00:49,,,,,,,,,,,,,,
Google Suggest,sugestao,bitcoin,bitcoin 88 bet,552.0,br,chrome,web,expansao_8,2025-12-12 00:00:49,,,,,,,,,,,,,,
Google Suggest,sugestao,bitcoin,bitcoin 80000,551.0,br,chrome,web,expansao_8,2025-12-12 00:00:49,,,,,,,,,,,,,,
Google Suggest,sugestao,bitcoin,bitcoin 85k,550.0,br,chrome,web,expansao_8,2025-12-12 00:00:49,,,,,,,,,,,,,,
Google Suggest,sugestao,bitcoin,bitcoin 99pay,1250.0,br,chrome,web,expansao_9,2025-12-12 00:00:49,,,,,,,,,,,,,,
Google Suggest,sugestao,bitcoin,bitcoin 99,601.0,br,chrome,web,expansao_9,2025-12-12 00:00:49,,,,,,,,,,,,,,
Google Suggest,sugestao,bitcoin,bitcoin 97k,600.0,br,chrome,web,expansao_9,2025-12-12 00:00:49,,,,,,,,,,,,,,
Google Suggest,sugestao,bitcoin,bitcoin 93k,561.0,br,chrome,web,expansao_9,2025-12-12 00:00:49,,,,,,,,,,,,,,
Google Suggest,sugestao,bitcoin,bitcoin 99pay vale a pena,560.0,br,chrome,web,expansao_9,2025-12-12 00:00:49,,,,,,,,,,,,,,
Google Suggest,sugestao,bitcoin,bitcoin 90 mil,559.0,br,chrome,web,expansao_9,2025-12-12 00:00:49,,,,,,,,,,,,,,
Google Suggest,sugestao,bitcoin,bitcoin 9600,558.0,br,chrome,web,expansao_9,2025-12-12 00:00:49,,,,,,,,,,,,,,
Google Suggest,sugestao,bitcoin,bitcoin 90000,557.0,br,chrome,web,expansao_9,2025-12-12 00:00:49,,,,,,,,,,,,,,
Google Suggest,sugestao,bitcoin,99000 bitcoin,556.0,br,chrome,web,expansao_9,2025-12-12 00:00:49,,,,,,,,,,,,,,
Google Suggest,sugestao,bitcoin,bitcoin 99k,555.0,br,chrome,web,expansao_9,2025-12-12 00:00:49,,,,,,,,,,,,,,
Google Suggest,sugestao,bitcoin,bitcoin 9780,554.0,br,chrome,web,expansao_9,2025-12-12 00:00:49,,,,,,,,,,,,,,
Google Suggest,sugestao,bitcoin,bitcoin 95k,553.0,br,chrome,web,expansao_9,2025-12-12 00:00:49,,,,,,,,,,,,,,
Google Suggest,sugestao,bitcoin,bitcoin 90,552.0,br,chrome,web,expansao_9,2025-12-12 00:00:49,,,,,,,,,,,,,,
Google Suggest,sugestao,bitcoin,bitcoin 999 fine copper,551.0,br,chrome,web,expansao_9,2025-12-12 00:00:49,,,,,,,,,,,,,,
Google Suggest,sugestao,bitcoin,bitcoin 946,550.0,br,chrome,web,expansao_9,2025-12-12 00:00:49,,,,,,,,,,,,,,
Google Suggest,sugestao,bitcoin,bitcoin o que é,1250.0,br,chrome,web,categoria_Questões_o que,2025-12-12 00:00:49,,,,,,,,,,,,,,
Google Suggest,sugestao,bitcoin,bitcoin o que esta acontecendo,650.0,br,chrome,web,categoria_Questões_o que,2025-12-12 00:00:49,,,,,,,,,,,,,,
Google Suggest,sugestao,bitcoin,bitcoin o que significa,601.0,br,chrome,web,categoria_Questões_o que,2025-12-12 00:00:49,,,,,,,,,,,,,,
Google Suggest,sugestao,bitcoin,bitcoin o que é e como funciona,600.0,br,chrome,web,categoria_Questões_o que,2025-12-12 00:00:49,,,,,,,,,,,,,,
Google Suggest,sugestao,bitcoin,bitcoin o que esperar,560.0,br,chrome,web,categoria_Questões_o que,2025-12-12 00:00:49,,,,,,,,,,,,,,
Google Suggest,sugestao,bitcoin,bitcoin o que é isso,559.0,br,chrome,web,categoria_Questões_o que,2025-12-12 00:00:49,,,,,,,,,,,,,,
Google Suggest,sugestao,bitcoin,bitcoin o que fazer,558.0,br,chrome,web,categoria_Questões_o que,2025-12-12 00:00:49,,,,,,,,,,,,,,
Google Suggest,sugestao,bitcoin,bitcoin o que vai acontecer,557.0,br,chrome,web,categoria_Questões_o que,2025-12-12 00:00:49,,,,,,,,,,,,,,
Google Suggest,sugestao,bitcoin,bitcoin o que é e como funciona a moeda virtual,556.0,br,chrome,web,categoria_Questões_o que,2025-12-12 00:00:49,,,,,,,,,,,,,,
Google Suggest,sugestao,bitcoin,bitcoin o que preciso saber,555.0,br,chrome,web,categoria_Questões_o que,2025-12-12 00:00:49,,,,,,,,,,,,,,
Google Suggest,sugestao,bitcoin,bitcoin o que saber,554.0,br,chrome,web,categoria_Questões_o que,2025-12-12 00:00:49,,,,,,,,,,,,,,
Google Suggest,sugestao,bitcoin,bitcoin o que seria,553.0,br,chrome,web,categoria_Questões_o que,2025-12-12 00:00:49,,,,,,,,,,,,,,
Google Suggest,sugestao,bitcoin,bitcoin o que comprar,552.0,br,chrome,web,categoria_Questões_o que,2025-12-12 00:00:49,,,,,,,,,,,,,,
Google Suggest,sugestao,bitcoin,bitcoin o que é halving,551.0,br,chrome,web,categoria_Questões_o que,2025-12-12 00:00:49,,,,,,,,,,,,,,
Google Suggest,sugestao,bitcoin,bitcoin o que quer dizer,550.0,br,chrome,web,categoria_Questões_o que,2025-12-12 00:00:49,,,,,,,,,,,,,,
Google Suggest,sugestao,bitcoin,bitcoin é seguro,1250.0,br,chrome,web,categoria_Questões_é,2025-12-12 00:00:49,,,,,,,,,,,,,,
Google Suggest,sugestao,bitcoin,bitcoin é rastreavel,800.0,br,chrome,web,categoria_Questões_é,2025-12-12 00:00:49,,,,,,,,,,,,,,
Google Suggest,sugestao,bitcoin,bitcoin é um bom investimento,650.0,br,chrome,web,categoria_Questões_é,2025-12-12 00:00:49,,,,,,,,,,,,,,
Google Suggest,sugestao,bitcoin,bitcoin é criptomoeda,601.0,br,chrome,web,categoria_Questões_é,2025-12-12 00:00:49,,,,,,,,,,,,,,
Google Suggest,sugestao,bitcoin,bitcoin é ilegal,600.0,br,chrome,web,categoria_Questões_é,2025-12-12 00:00:49,,,,,,,,,,,,,,
Google Suggest,sugestao,bitcoin,bitcoin é uma moeda,559.0,br,chrome,web,categoria_Questões_é,2025-12-12 00:00:49,,,,,,,,,,,,,,
Google Suggest,sugestao,bitcoin,bitcoin é confiavel,558.0,br,chrome,web,categoria_Questões_é,2025-12-12 00:00:49,,,,,,,,,,,,,,
Google Suggest,sugestao,bitcoin,bitcoin é de qual pais,557.0,br,chrome,web,categoria_Questões_é,2025-12-12 00:00:49,,,,,,,,,,,,,,
Google Suggest,sugestao,bitcoin,bitcoin é hora de comprar,556.0,br,chrome,web,categoria_Questões_é,2025-12-12 00:00:49,,,,,,,,,,,,,,
Google Suggest,sugestao,bitcoin,bitcoin é crime,555.0,br,chrome,web,categoria_Questões_é,2025-12-12 00:00:49,,,,,,,,,,,,,,
Google Suggest,sugestao,bitcoin,bitcoin é investimento,554.0,br,chrome,web,categoria_Questões_é,2025-12-12 00:00:49,,,,,,,,,,,,,,
Google Suggest,sugestao,bitcoin,bitcoin é seguro para investir,553.0,br,chrome,web,categoria_Questões_é,2025-12-12 00:00:49,,,,,,,,,,,,,,
Google Suggest,sugestao,bitcoin,bitcoin é uma bolha,552.0,br,chrome,web,categoria_Questões_é,2025-12-12 00:00:49,,,,,,,,,,,,,,
Google Suggest,sugestao,bitcoin,bitcoin é legalizado no brasil,551.0,br,chrome,web,categoria_Questões_é,2025-12-12 00:00:49,,,,,,,,,,,,,,
Google Suggest,sugestao,bitcoin,bitcoin é reserva de valor,550.0,br,chrome,web,categoria_Questões_é,2025-12-12 00:00:49,,,,,,,,,,,,,,
Google Suggest,sugestao,bitcoin,bitcoin nao é investimento,1250.0,br,chrome,web,categoria_Questões_não é,2025-12-12 00:00:49,,,,,,,,,,,,,,
Google Suggest,sugestao,bitcoin,bitcoin nao é moeda,601.0,br,chrome,web,categoria_Questões_não é,2025-12-12 00:00:49,,,,,,,,,,,,,,
Google Suggest,sugestao,bitcoin,porque bitcoin não é rastreavel,600.0,br,chrome,web,categoria_Questões_não é,2025-12-12 00:00:49,,,,,,,,,,,,,,
Google Suggest,sugestao,bitcoin,porque bitcoin não é moeda,555.0,br,chrome,web,categoria_Questões_não é,2025-12-12 00:00:49,,,,,,,,,,,,,,
Google Suggest,sugestao,bitcoin,bitcoin nao se vende,554.0,br,chrome,web,categoria_Questões_não é,2025-12-12 00:00:49,,,,,,,,,,,,,,
Google Suggest,sugestao,bitcoin,bitcoin não para de cair,553.0,br,chrome,web,categoria_Questões_não é,2025-12-12 00:00:49,,,,,,,,,,,,,,
Google Suggest,sugestao,bitcoin,bitcoin nao vale a pena,552.0,br,chrome,web,categoria_Questões_não é,2025-12-12 00:00:49,,,,,,,,,,,,,,
Google Suggest,sugestao,bitcoin,bitcoin não vai mais subir,551.0,br,chrome,web,categoria_Questões_não é,2025-12-12 00:00:49,,,,,,,,,,,,,,
Google Suggest,sugestao,bitcoin,bitcoin não sobe mais,550.0,br,chrome,web,categoria_Questões_não é,2025-12-12 00:00:49,,,,,,,,,,,,,,
Google Suggest,sugestao,bitcoin,bitcoin como funciona,1250.0,br,chrome,web,categoria_Questões_como,2025-12-12 00:00:49,,,,,,,,,,,,,,
Google Suggest,sugestao,bitcoin,bitcoin como comprar,1200.0,br,chrome,web,categoria_Questões_como,2025-12-12 00:00:49,,,,,,,,,,,,,,
Google Suggest,sugestao,bitcoin,bitcoin como investir,1000.0,br,chrome,web,categoria_Questões_como,2025-12-12 00:00:49,,,,,,,,,,,,,,
Google Suggest,sugestao,bitcoin,bitcoin como ganhar dinheiro,601.0,br,chrome,web,categoria_Questões_como,2025-12-12 00:00:49,,,,,,,,,,,,,,
Google Suggest,sugestao,bitcoin,bitcoin como funciona passo a passo,600.0,br,chrome,web,categoria_Questões_como,2025-12-12 00:00:49,,,,,,,,,,,,,,
Google Suggest,sugestao,bitcoin,bitcoin como saber se tenho,559.0,br,chrome,web,categoria_Questões_como,2025-12-12 00:00:49,,,,,,,,,,,,,,
Google Suggest,sugestao,bitcoin,bitcoin como ganhar,558.0,br,chrome,web,categoria_Questões_como,2025-12-12 00:00:49,,,,,,,,,,,,,,
Google Suggest,sugestao,bitcoin,bitcoin como minerar,557.0,br,chrome,web,categoria_Questões_como,2025-12-12 00:00:49,,,,,,,,,,,,,,
Google Suggest,sugestao,bitcoin,bitcoin como conseguir,556.0,br,chrome,web,categoria_Questões_como,2025-12-12 00:00:49,,,,,,,,,,,,,,
Google Suggest,sugestao,bitcoin,bitcoin como sacar,555.0,br,chrome,web,categoria_Questões_como,2025-12-12 00:00:49,,,,,,,,,,,,,,
Google Suggest,sugestao,bitcoin,bitcoin como usar,554.0,br,chrome,web,categoria_Questões_como,2025-12-12 00:00:49,,,,,,,,,,,,,,
Google Suggest,sugestao,bitcoin,bitcoin como resgatar,553.0,br,chrome,web,categoria_Questões_como,2025-12-12 00:00:49,,,,,,,,,,,,,,
Google Suggest,sugestao,bitcoin,bitcoin como surgiu,552.0,br,chrome,web,categoria_Questões_como,2025-12-12 00:00:49,,,,,,,,,,,,,,
Google Suggest,sugestao,bitcoin,bitcoin como investir simulação,551.0,br,chrome,web,categoria_Questões_como,2025-12-12 00:00:49,,,,,,,,,,,,,,
Google Suggest,sugestao,bitcoin,bitcoin como reserva de valor,550.0,br,chrome,web,categoria_Questões_como,2025-12-12 00:00:49,,,,,,,,,,,,,,
Google Suggest,sugestao,bitcoin,bitcoin por que caiu,1250.0,br,chrome,web,categoria_Questões_por que,2025-12-12 00:00:49,,,,,,,,,,,,,,
Google Suggest,sugestao,bitcoin,bitcoin por que está caindo,1100.0,br,chrome,web,categoria_Questões_por que,2025-12-12 00:00:49,,,,,,,,,,,,,,
Google Suggest,sugestao,bitcoin,bitcoin por que subiu,601.0,br,chrome,web,categoria_Questões_por que,2025-12-12 00:00:49,,,,,,,,,,,,,,
Google Suggest,sugestao,bitcoin,bitcoin por que vale tanto,600.0,br,chrome,web,categoria_Questões_por que,2025-12-12 00:00:49,,,,,,,,,,,,,,
Google Suggest,sugestao,bitcoin,bitcoin caindo por que,560.0,br,chrome,web,categoria_Questões_por que,2025-12-12 00:00:49,,,,,,,,,,,,,,
Google Suggest,sugestao,bitcoin,por que bitcoin está subindo,559.0,br,chrome,web,categoria_Questões_por que,2025-12-12 00:00:49,,,,,,,,,,,,,,
Google Suggest,sugestao,bitcoin,por que bitcoin caiu hoje,558.0,br,chrome,web,categoria_Questões_por que,2025-12-12 00:00:49,,,,,,,,,,,,,,
Google Suggest,sugestao,bitcoin,por que bitcoin subiu hoje,557.0,br,chrome,web,categoria_Questões_por que,2025-12-12 00:00:49,,,,,,,,,,,,,,
Google Suggest,sugestao,bitcoin,por que bitcoin é tão caro,556.0,br,chrome,web,categoria_Questões_por que,2025-12-12 00:00:49,,,,,,,,,,,,,,
Google Suggest,sugestao,bitcoin,p o r que bitcoin,555.0,br,chrome,web,categoria_Questões_por que,2025-12-12 00:00:49,,,,,,,,,,,,,,
Google Suggest,sugestao,bitcoin,por que bitcoin ta caindo,554.0,br,chrome,web,categoria_Questões_por que,2025-12-12 00:00:49,,,,,,,,,,,,,,
Google Suggest,sugestao,bitcoin,por que bitcoin está caindo hoje,553.0,br,chrome,web,categoria_Questões_por que,2025-12-12 00:00:49,,,,,,,,,,,,,,
Google Suggest,sugestao,bitcoin,por que bitcoin caiu tanto,552.0,br,chrome,web,categoria_Questões_por que,2025-12-12 00:00:49,,,,,,,,,,,,,,
Google Suggest,sugestao,bitcoin,por que bitcoin está caindo tanto,551.0,br,chrome,web,categoria_Questões_por que,2025-12-12 00:00:49,,,,,,,,,,,,,,
Google Suggest,sugestao,bitcoin,por que bitcoin tem valor,550.0,br,chrome,web,categoria_Questões_por que,2025-12-12 00:00:49,,,,,,,,,,,,,,
Google Suggest,sugestao,bitcoin,bitcoin onde comprar,1250.0,br,chrome,web,categoria_Questões_onde,2025-12-12 00:00:49,,,,,,,,,,,,,,
Google Suggest,sugestao,bitcoin,bitcoin onde investir,1050.0,br,chrome,web,categoria_Questões_onde,2025-12-12 00:00:49,,,,,,,,,,,,,,
Google Suggest,sugestao,bitcoin,bitcoin onde foi criado,602.0,br,chrome,web,categoria_Questões_onde,2025-12-12 00:00:49,,,,,,,,,,,,,,
Google Suggest,sugestao,bitcoin,bitcoin onde guardar,601.0,br,chrome,web,categoria_Questões_onde,2025-12-12 00:00:49,,,,,,,,,,,,,,
Google Suggest,sugestao,bitcoin,bitcoin onde usar,600.0,br,chrome,web,categoria_Questões_onde,2025-12-12 00:00:49,,,,,,,,,,,,,,
Google Suggest,sugestao,bitcoin,bitcoin onde aceita,559.0,br,chrome,web,categoria_Questões_onde,2025-12-12 00:00:49,,,,,,,,,,,,,,
Google Suggest,sugestao,bitcoin,bitcoin onde vender,558.0,br,chrome,web,categoria_Questões_onde,2025-12-12 00:00:49,,,,,,,,,,,,,,
Google Suggest,sugestao,bitcoin,bitcoin onde fica,557.0,br,chrome,web,categoria_Questões_onde,2025-12-12 00:00:49,,,,,,,,,,,,,,
Google Suggest,sugestao,bitcoin,bitcoin onde achar,556.0,br,chrome,web,categoria_Questões_onde,2025-12-12 00:00:49,,,,,,,,,,,,,,
Google Suggest,sugestao,bitcoin,bitcoin onde vai parar,555.0,br,chrome,web,categoria_Questões_onde,2025-12-12 00:00:49,,,,,,,,,,,,,,
Google Suggest,sugestao,bitcoin,bitcoin onde,554.0,br,chrome,web,categoria_Questões_onde,2025-12-12 00:00:49,,,,,,,,,,,,,,
Google Suggest,sugestao,bitcoin,bitcoin onde minerar,553.0,br,chrome,web,categoria_Questões_onde,2025-12-12 00:00:49,,,,,,,,,,,,,,
Google Suggest,sugestao,bitcoin,bitcoin onde tem,552.0,br,chrome,web,categoria_Questões_onde,2025-12-12 00:00:49,,,,,,,,,,,,,,
Google Suggest,sugestao,bitcoin,bitcoin onde ver,551.0,br,chrome,web,categoria_Questões_onde,2025-12-12 00:00:49,,,,,,,,,,,,,,
Google Suggest,sugestao,bitcoin,onde bitcoin pode chegar,550.0,br,chrome,web,categoria_Questões_onde,2025-12-12 00:00:49,,,,,,,,,,,,,,
Google Suggest,sugestao,bitcoin,bitcoin quando surgiu,1251.0,br,chrome,web,categoria_Questões_quando,2025-12-12 00:00:49,,,,,,,,,,,,,,
Google Suggest,sugestao,bitcoin,bitcoin quando lançou,1250.0,br,chrome,web,categoria_Questões_quando,2025-12-12 00:00:49,,,,,,,,,,,,,,
Google Suggest,sugestao,bitcoin,bitcoin quando foi criado,601.0,br,chrome,web,categoria_Questões_quando,2025-12-12 00:00:49,,,,,,,,,,,,,,
Google Suggest,sugestao,bitcoin,bitcoin quando lançou valor,600.0,br,chrome,web,categoria_Questões_quando,2025-12-12 00:00:49,,,,,,,,,,,,,,
Google Suggest,sugestao,bitcoin,bitcoin quando comprar,556.0,br,chrome,web,categoria_Questões_quando,2025-12-12 00:00:49,,,,,,,,,,,,,,
Google Suggest,sugestao,bitcoin,bitcoin quanto vai subir,555.0,br,chrome,web,categoria_Questões_quando,2025-12-12 00:00:49,,,,,,,,,,,,,,
Google Suggest,sugestao,bitcoin,bitcoin quando surgiu valor,554.0,br,chrome,web,categoria_Questões_quando,2025-12-12 00:00:49,,,,,,,,,,,,,,
Google Suggest,sugestao,bitcoin,bitcoin quando sobe,553.0,br,chrome,web,categoria_Questões_quando,2025-12-12 00:00:49,,,,,,,,,,,,,,
Google Suggest,sugestao,bitcoin,bitcoin quando volta a subir,552.0,br,chrome,web,categoria_Questões_quando,2025-12-12 00:00:49,,,,,,,,,,,,,,
Google Suggest,sugestao,bitcoin,bitcoin quando começou,551.0,br,chrome,web,categoria_Questões_quando,2025-12-12 00:00:49,,,,,,,,,,,,,,
Google Suggest,sugestao,bitcoin,bitcoin quando foi lançado,550.0,br,chrome,web,categoria_Questões_quando,2025-12-12 00:00:49,,,,,,,,,,,,,,
Google Suggest,sugestao,bitcoin,bitcoin qual o valor,1251.0,br,chrome,web,categoria_Questões_qual,2025-12-12 00:00:49,,,,,,,,,,,,,,
Google Suggest,sugestao,bitcoin,bitcoin qual a tendencia,1250.0,br,chrome,web,categoria_Questões_qual,2025-12-12 00:00:49,,,,,,,,,,,,,,
Google Suggest,sugestao,bitcoin,bitcoin qual a previsão,700.0,br,chrome,web,categoria_Questões_qual,2025-12-12 00:00:49,,,,,,,,,,,,,,
Google Suggest,sugestao,bitcoin,bitcoin qual o valor hoje,602.0,br,chrome,web,categoria_Questões_qual,2025-12-12 00:00:49,,,,,,,,,,,,,,
Google Suggest,sugestao,bitcoin,bitcoin qual comprar,601.0,br,chrome,web,categoria_Questões_qual,2025-12-12 00:00:49,,,,,,,,,,,,,,
Google Suggest,sugestao,bitcoin,bitcoin qual maior valor,600.0,br,chrome,web,categoria_Questões_qual,2025-12-12 00:00:49,,,,,,,,,,,,,,
Google Suggest,sugestao,bitcoin,bitcoin qual foi a maxima,558.0,br,chrome,web,categoria_Questões_qual,2025-12-12 00:00:49,,,,,,,,,,,,,,
Google Suggest,sugestao,bitcoin,bitcoin qual foi o maior valor,557.0,br,chrome,web,categoria_Questões_qual,2025-12-12 00:00:49,,,,,,,,,,,,,,
Google Suggest,sugestao,bitcoin,bitcoin qual melhor corretora,556.0,br,chrome,web,categoria_Questões_qual,2025-12-12 00:00:49,,,,,,,,,,,,,,
Google Suggest,sugestao,bitcoin,bitcoin qual melhor,555.0,br,chrome,web,categoria_Questões_qual,2025-12-12 00:00:49,,,,,,,,,,,,,,
Google Suggest,sugestao,bitcoin,bitcoin qual investir,554.0,br,chrome,web,categoria_Questões_qual,2025-12-12 00:00:49,,,,,,,,,,,,,,
Google Suggest,sugestao,bitcoin,bitcoin qual o futuro,553.0,br,chrome,web,categoria_Questões_qual,2025-12-12 00:00:49,,,,,,,,,,,,,,
Google Suggest,sugestao,bitcoin,bitcoin qual melhor carteira,552.0,br,chrome,web,categoria_Questões_qual,2025-12-12 00:00:49,,,,,,,,,,,,,,
Google Suggest,sugestao,bitcoin,bitcoin qual,551.0,br,chrome,web,categoria_Questões_qual,2025-12-12 00:00:49,,,,,,,,,,,,,,
Google Suggest,sugestao,bitcoin,bitcoin qual melhor momento para comprar,550.0,br,chrome,web,categoria_Questões_qual,2025-12-12 00:00:49,,,,,,,,,,,,,,
Google Suggest,sugestao,bitcoin,bitcoin quanto vale,1251.0,br,chrome,web,categoria_Questões_quanto,2025-12-12 00:00:49,,,,,,,,,,,,,,
Google Suggest,sugestao,bitcoin,bitcoin quanto custa,1250.0,br,chrome,web,categoria_Questões_quanto,2025-12-12 00:00:49,,,,,,,,,,,,,,
Google Suggest,sugestao,bitcoin,bitcoin quanto valia em 2010,750.0,br,chrome,web,categoria_Questões_quanto,2025-12-12 00:00:49,,,,,,,,,,,,,,
Google Suggest,sugestao,bitcoin,bitcoin quanto vale hoje,602.0,br,chrome,web,categoria_Questões_quanto,2025-12-12 00:00:49,,,,,,,,,,,,,,
Google Suggest,sugestao,bitcoin,bitcoin quanto valia no inicio,601.0,br,chrome,web,categoria_Questões_quanto,2025-12-12 00:00:49,,,,,,,,,,,,,,
Google Suggest,sugestao,bitcoin,bitcoin quanto rende,600.0,br,chrome,web,categoria_Questões_quanto,2025-12-12 00:00:49,,,,,,,,,,,,,,
Google Suggest,sugestao,bitcoin,bitcoin quanto ta,558.0,br,chrome,web,categoria_Questões_quanto,2025-12-12 00:00:49,,,,,,,,,,,,,,
Google Suggest,sugestao,bitcoin,bitcoin quanto vale 1,557.0,br,chrome,web,categoria_Questões_quanto,2025-12-12 00:00:49,,,,,,,,,,,,,,
Google Suggest,sugestao,bitcoin,bitcoin quanto custa 1,556.0,br,chrome,web,categoria_Questões_quanto,2025-12-12 00:00:49,,,,,,,,,,,,,,
Google Suggest,sugestao,bitcoin,bitcoin quanto custa para comprar,555.0,br,chrome,web,categoria_Questões_quanto,2025-12-12 00:00:49,,,,,,,,,,,,,,
Google Suggest,sugestao,bitcoin,bitcoin quanto valia em 2015,554.0,br,chrome,web,categoria_Questões_quanto,2025-12-12 00:00:49,,,,,,,,,,,,,,
Google Suggest,sugestao,bitcoin,bitcoin quanto vale em real,553.0,br,chrome,web,categoria_Questões_quanto,2025-12-12 00:00:49,,,,,,,,,,,,,,
Google Suggest,sugestao,bitcoin,bitcoin quanto caiu,552.0,br,chrome,web,categoria_Questões_quanto,2025-12-12 00:00:49,,,,,,,,,,,,,,
Google Suggest,sugestao,bitcoin,bitcoin quanto valia em 2013,551.0,br,chrome,web,categoria_Questões_quanto,2025-12-12 00:00:49,,,,,,,,,,,,,,
Google Suggest,sugestao,bitcoin,bitcoin quanto valia em 2008,550.0,br,chrome,web,categoria_Questões_quanto,2025-12-12 00:00:49,,,,,,,,,,,,,,
Google Suggest,sugestao,bitcoin,bitcoin de hoje,1250.0,br,chrome,web,categoria_Preposições_de,2025-12-12 00:00:49,,,,,,,,,,,,,,
Google Suggest,sugestao,bitcoin,bitcoin de ouro,700.0,br,chrome,web,categoria_Preposições_de,2025-12-12 00:00:49,,,,,,,,,,,,,,
Google Suggest,sugestao,bitcoin,bitcoin de agora,601.0,br,chrome,web,categoria_Preposições_de,2025-12-12 00:00:49,,,,,,,,,,,,,,
Google Suggest,sugestao,bitcoin,bitcoin de graça,600.0,br,chrome,web,categoria_Preposições_de,2025-12-12 00:00:49,,,,,,,,,,,,,,
Google Suggest,sugestao,bitcoin,bitcoin de onde é,560.0,br,chrome,web,categoria_Preposições_de,2025-12-12 00:00:49,,,,,,,,,,,,,,
Google Suggest,sugestao,bitcoin,bitcoin de hoje usd,559.0,br,chrome,web,categoria_Preposições_de,2025-12-12 00:00:49,,,,,,,,,,,,,,
Google Suggest,sugestao,bitcoin,bitcoin de chocolate,558.0,br,chrome,web,categoria_Preposições_de,2025-12-12 00:00:49,,,,,,,,,,,,,,
Google Suggest,sugestao,bitcoin,bitcoin de hoje agora,557.0,br,chrome,web,categoria_Preposições_de,2025-12-12 00:00:49,,,,,,,,,,,,,,
Google Suggest,sugestao,bitcoin,bitcoin de prata,556.0,br,chrome,web,categoria_Preposições_de,2025-12-12 00:00:49,,,,,,,,,,,,,,
Google Suggest,sugestao,bitcoin,bitcoin de ia,555.0,br,chrome,web,categoria_Preposições_de,2025-12-12 00:00:49,,,,,,,,,,,,,,
Google Suggest,sugestao,bitcoin,bitcoin de hoje gráfico,554.0,br,chrome,web,categoria_Preposições_de,2025-12-12 00:00:49,,,,,,,,,,,,,,
Google Suggest,sugestao,bitcoin,bitcoin de ontem para hoje,553.0,br,chrome,web,categoria_Preposições_de,2025-12-12 00:00:49,,,,,,,,,,,,,,
Google Suggest,sugestao,bitcoin,bitcoin de 2010 a 2025,552.0,br,chrome,web,categoria_Preposições_de,2025-12-12 00:00:49,,,,,,,,,,,,,,
Google Suggest,sugestao,bitcoin,bitcoin de hoje dólar,551.0,br,chrome,web,categoria_Preposições_de,2025-12-12 00:00:49,,,,,,,,,,,,,,
Google Suggest,sugestao,bitcoin,bitcoin de hoje real,550.0,br,chrome,web,categoria_Preposições_de,2025-12-12 00:00:49,,,,,,,,,,,,,,
Google Suggest,sugestao,bitcoin,bitcoin para real,1251.0,br,chrome,web,categoria_Preposições_para,2025-12-12 00:00:49,,,,,,,,,,,,,,
Google Suggest,sugestao,bitcoin,bitcoin para dolar,1250.0,br,chrome,web,categoria_Preposições_para,2025-12-12 00:00:49,,,,,,,,,,,,,,
Google Suggest,sugestao,bitcoin,bitcoin para que serve,601.0,br,chrome,web,categoria_Preposições_para,2025-12-12 00:00:49,,,,,,,,,,,,,,
Google Suggest,sugestao,bitcoin,bitcoin para iniciantes,600.0,br,chrome,web,categoria_Preposições_para,2025-12-12 00:00:49,,,,,,,,,,,,,,
Google Suggest,sugestao,bitcoin,bitcoin para 2030,560.0,br,chrome,web,categoria_Preposições_para,2025-12-12 00:00:49,,,,,,,,,,,,,,
Google Suggest,sugestao,bitcoin,bitcoin para hoje,559.0,br,chrome,web,categoria_Preposições_para,2025-12-12 00:00:49,,,,,,,,,,,,,,
Google Suggest,sugestao,bitcoin,bitcoin para 2026,558.0,br,chrome,web,categoria_Preposições_para,2025-12-12 00:00:49,,,,,,,,,,,,,,
Google Suggest,sugestao,bitcoin,bitcoin para dolar hoje,557.0,br,chrome,web,categoria_Preposições_para,2025-12-12 00:00:49,,,,,,,,,,,,,,
Google Suggest,sugestao,bitcoin,bitcoin para leigos,556.0,br,chrome,web,categoria_Preposições_para,2025-12-12 00:00:49,,,,,,,,,,,,,,
Google Suggest,sugestao,bitcoin,bitcoin para real hoje,555.0,br,chrome,web,categoria_Preposições_para,2025-12-12 00:00:49,,,,,,,,,,,,,,
Google Suggest,sugestao,bitcoin,bitcoin para comprar,554.0,br,chrome,web,categoria_Preposições_para,2025-12-12 00:00:49,,,,,,,,,,,,,,
Google Suggest,sugestao,bitcoin,bitcoin para todos,553.0,br,chrome,web,categoria_Preposições_para,2025-12-12 00:00:49,,,,,,,,,,,,,,
Google Suggest,sugestao,bitcoin,bitcoin para usd,552.0,br,chrome,web,categoria_Preposições_para,2025-12-12 00:00:49,,,,,,,,,,,,,,
Google Suggest,sugestao,bitcoin,bitcoin para euro,551.0,br,chrome,web,categoria_Preposições_para,2025-12-12 00:00:49,,,,,,,,,,,,,,
Google Suggest,sugestao,bitcoin,bitcoin para satoshi,550.0,br,chrome,web,categoria_Preposições_para,2025-12-12 00:00:49,,,,,,,,,,,,,,
Google Suggest,sugestao,bitcoin,bitcoin com cartao de credito,602.0,br,chrome,web,categoria_Preposições_com,2025-12-12 00:00:49,,,,,,,,,,,,,,
Google Suggest,sugestao,bitcoin,bitcoin com potencial de crescimento,601.0,br,chrome,web,categoria_Preposições_com,2025-12-12 00:00:49,,,,,,,,,,,,,,
Google Suggest,sugestao,bitcoin,http://bitcoin.com,600.0,br,chrome,web,categoria_Preposições_com,2025-12-12 00:00:49,,,,,,,,,,,,,,
Google Suggest,sugestao,bitcoin,bitcoin com exchange,561.0,br,chrome,web,categoria_Preposições_com,2025-12-12 00:00:49,,,,,,,,,,,,,,
Google Suggest,sugestao,bitcoin,bitcoin com pool,560.0,br,chrome,web,categoria_Preposições_com,2025-12-12 00:00:49,,,,,,,,,,,,,,
Google Suggest,sugestao,bitcoin,bitcoin com wallet,559.0,br,chrome,web,categoria_Preposições_com,2025-12-12 00:00:49,,,,,,,,,,,,,,
Google Suggest,sugestao,bitcoin,bitcoin com login,558.0,br,chrome,web,categoria_Preposições_com,2025-12-12 00:00:49,,,,,,,,,,,,,,
Google Suggest,sugestao,bitcoin,bitcoin com au,557.0,br,chrome,web,categoria_Preposições_com,2025-12-12 00:00:49,,,,,,,,,,,,,,
Google Suggest,sugestao,bitcoin,bitcoin com app,556.0,br,chrome,web,categoria_Preposições_com,2025-12-12 00:00:49,,,,,,,,,,,,,,
Google Suggest,sugestao,bitcoin,bitcoin com news,555.0,br,chrome,web,categoria_Preposições_com,2025-12-12 00:00:49,,,,,,,,,,,,,,
Google Suggest,sugestao,bitcoin,bitcoin com wallet app,554.0,br,chrome,web,categoria_Preposições_com,2025-12-12 00:00:49,,,,,,,,,,,,,,
Google Suggest,sugestao,bitcoin,bitcoin com en español,553.0,br,chrome,web,categoria_Preposições_com,2025-12-12 00:00:49,,,,,,,,,,,,,,
Google Suggest,sugestao,bitcoin,bitcoin com wallet login,552.0,br,chrome,web,categoria_Preposições_com,2025-12-12 00:00:49,,,,,,,,,,,,,,
Google Suggest,sugestao,bitcoin,bitcoin com logo,551.0,br,chrome,web,categoria_Preposições_com,2025-12-12 00:00:49,,,,,,,,,,,,,,
Google Suggest,sugestao,bitcoin,bitcoin com reviews,550.0,br,chrome,web,categoria_Preposições_com,2025-12-12 00:00:49,,,,,,,,,,,,,,
Google Suggest,sugestao,bitcoin,bitcoin sem kyc,1251.0,br,chrome,web,categoria_Preposições_sem,2025-12-12 00:00:49,,,,,,,,,,,,,,
Google Suggest,sugestao,bitcoin,bitcoin sem corretora,1250.0,br,chrome,web,categoria_Preposições_sem,2025-12-12 00:00:49,,,,,,,,,,,,,,
Google Suggest,sugestao,bitcoin,bitcoin sem taxa,950.0,br,chrome,web,categoria_Preposições_sem,2025-12-12 00:00:49,,,,,,,,,,,,,,
Google Suggest,sugestao,bitcoin,bitcoin sem internet,850.0,br,chrome,web,categoria_Preposições_sem,2025-12-12 00:00:49,,,,,,,,,,,,,,
Google Suggest,sugestao,bitcoin,bitcoin sem medo,601.0,br,chrome,web,categoria_Preposições_sem,2025-12-12 00:00:49,,,,,,,,,,,,,,
Google Suggest,sugestao,bitcoin,bitcoin sem rastro,600.0,br,chrome,web,categoria_Preposições_sem,2025-12-12 00:00:49,,,,,,,,,,,,,,
Google Suggest,sugestao,bitcoin,bitcoin sem fundo,558.0,br,chrome,web,categoria_Preposições_sem,2025-12-12 00:00:49,,,,,,,,,,,,,,
Google Suggest,sugestao,bitcoin,bitcoin sem lastro,557.0,br,chrome,web,categoria_Preposições_sem,2025-12-12 00:00:49,,,,,,,,,,,,,,
Google Suggest,sugestao,bitcoin,bitcoin sem imposto,556.0,br,chrome,web,categoria_Preposições_sem,2025-12-12 00:00:49,,,,,,,,,,,,,,
Google Suggest,sugestao,bitcoin,bitcoin sem declarar,555.0,br,chrome,web,categoria_Preposições_sem,2025-12-12 00:00:49,,,,,,,,,,,,,,
Google Suggest,sugestao,bitcoin,bitcoin sem custodia,554.0,br,chrome,web,categoria_Preposições_sem,2025-12-12 00:00:49,,,,,,,,,,,,,,
Google Suggest,sugestao,bitcoin,bitcoin sem corretagem,553.0,br,chrome,web,categoria_Preposições_sem,2025-12-12 00:00:49,,,,,,,,,,,,,,
Google Suggest,sugestao,bitcoin,bitcoin sem kyc reddit,552.0,br,chrome,web,categoria_Preposições_sem,2025-12-12 00:00:49,,,,,,,,,,,,,,
Google Suggest,sugestao,bitcoin,bitcoin sem risco,551.0,br,chrome,web,categoria_Preposições_sem,2025-12-12 00:00:49,,,,,,,,,,,,,,
Google Suggest,sugestao,bitcoin,bitcoin sem medo abraham,550.0,br,chrome,web,categoria_Preposições_sem,2025-12-12 00:00:49,,,,,,,,,,,,,,
Google Suggest,sugestao,bitcoin,bitcoin sobre custodia,601.0,br,chrome,web,categoria_Preposições_sobre,2025-12-12 00:00:49,,,,,,,,,,,,,,
Google Suggest,sugestao,bitcoin,bitcoin sobre,600.0,br,chrome,web,categoria_Preposições_sobre,2025-12-12 00:00:49,,,,,,,,,,,,,,
Google Suggest,sugestao,bitcoin,bitcoin sobre dolar,562.0,br,chrome,web,categoria_Preposições_sobre,2025-12-12 00:00:49,,,,,,,,,,,,,,
Google Suggest,sugestao,bitcoin,sobre bitcoin hoje,561.0,br,chrome,web,categoria_Preposições_sobre,2025-12-12 00:00:49,,,,,,,,,,,,,,
Google Suggest,sugestao,bitcoin,sobre bitcoin bank,560.0,br,chrome,web,categoria_Preposições_sobre,2025-12-12 00:00:49,,,,,,,,,,,,,,
Google Suggest,sugestao,bitcoin,sobre bitcoin assinale a alternativa correta,559.0,br,chrome,web,categoria_Preposições_sobre,2025-12-12 00:00:49,,,,,,,,,,,,,,
Google Suggest,sugestao,bitcoin,sobre bitcoin cash,558.0,br,chrome,web,categoria_Preposições_sobre,2025-12-12 00:00:49,,,,,,,,,,,,,,
Google Suggest,sugestao,bitcoin,bitcoin tudo sobre,557.0,br,chrome,web,categoria_Preposições_sobre,2025-12-12 00:00:49,,,,,,,,,,,,,,
Google Suggest,sugestao,bitcoin,mercado bitcoin sobre,556.0,br,chrome,web,categoria_Preposições_sobre,2025-12-12 00:00:49,,,,,,,,,,,,,,
Google Suggest,sugestao,bitcoin,imposto sobre bitcoin,555.0,br,chrome,web,categoria_Preposições_sobre,2025-12-12 00:00:49,,,,,,,,,,,,,,
Google Suggest,sugestao,bitcoin,livro sobre bitcoin,554.0,br,chrome,web,categoria_Preposições_sobre,2025-12-12 00:00:49,,,,,,,,,,,,,,
Google Suggest,sugestao,bitcoin,notícias sobre bitcoin,553.0,br,chrome,web,categoria_Preposições_sobre,2025-12-12 00:00:49,,,,,,,,,,,,,,
Google Suggest,sugestao,bitcoin,trump sobre bitcoin,552.0,br,chrome,web,categoria_Preposições_sobre,2025-12-12 00:00:49,,,,,,,,,,,,,,
Google Suggest,sugestao,bitcoin,filme sobre bitcoin,551.0,br,chrome,web,categoria_Preposições_sobre,2025-12-12 00:00:49,,,,,,,,,,,,,,
Google Suggest,sugestao,bitcoin,curso sobre bitcoin,550.0,br,chrome,web,categoria_Preposições_sobre,2025-12-12 00:00:49,,,,,,,,,,,,,,
Google Suggest,sugestao,bitcoin,bitcoin contra real,601.0,br,chrome,web,categoria_Preposições_contra,2025-12-12 00:00:49,,,,,,,,,,,,,,
Google Suggest,sugestao,bitcoin,bitcoin contra dolar,600.0,br,chrome,web,categoria_Preposições_contra,2025-12-12 00:00:49,,,,,,,,,,,,,,
Google Suggest,sugestao,bitcoin,bitcoin contra,559.0,br,chrome,web,categoria_Preposições_contra,2025-12-12 00:00:49,,,,,,,,,,,,,,
Google Suggest,sugestao,bitcoin,bitcoin contra ethereum,558.0,br,chrome,web,categoria_Preposições_contra,2025-12-12 00:00:49,,,,,,,,,,,,,,
Google Suggest,sugestao,bitcoin,bitcoin contra el dolar,557.0,br,chrome,web,categoria_Preposições_contra,2025-12-12 00:00:49,,,,,,,,,,,,,,
Google Suggest,sugestao,bitcoin,bitcoin contra oro,556.0,br,chrome,web,categoria_Preposições_contra,2025-12-12 00:00:49,,,,,,,,,,,,,,
Google Suggest,sugestao,bitcoin,trump contra bitcoin,555.0,br,chrome,web,categoria_Preposições_contra,2025-12-12 00:00:49,,,,,,,,,,,,,,
Google Suggest,sugestao,bitcoin,bitcoin pro contra,554.0,br,chrome,web,categoria_Preposições_contra,2025-12-12 00:00:49,,,,,,,,,,,,,,
Google Suggest,sugestao,bitcoin,apostar contra bitcoin,553.0,br,chrome,web,categoria_Preposições_contra,2025-12-12 00:00:49,,,,,,,,,,,,,,
Google Suggest,sugestao,bitcoin,xrp contra bitcoin,552.0,br,chrome,web,categoria_Preposições_contra,2025-12-12 00:00:49,,,,,,,,,,,,,,
Google Suggest,sugestao,bitcoin,bitcoin pro und contra,551.0,br,chrome,web,categoria_Preposições_contra,2025-12-12 00:00:49,,,,,,,,,,,,,,
Google Suggest,sugestao,bitcoin,prestamo contra bitcoin,550.0,br,chrome,web,categoria_Preposições_contra,2025-12-12 00:00:49,,,,,,,,,,,,,,
Google Suggest,sugestao,bitcoin,bitcoin até o final do ano,1250.0,br,chrome,web,categoria_Preposições_até,2025-12-12 00:00:49,,,,,,,,,,,,,,
Google Suggest,sugestao,bitcoin,bitcoin ate 2030,601.0,br,chrome,web,categoria_Preposições_até,2025-12-12 00:00:49,,,,,,,,,,,,,,
Google Suggest,sugestao,bitcoin,bitcoin ate 2025,600.0,br,chrome,web,categoria_Preposições_até,2025-12-12 00:00:49,,,,,,,,,,,,,,
Google Suggest,sugestao,bitcoin,bitcoin ate onde vai,561.0,br,chrome,web,categoria_Preposições_até,2025-12-12 00:00:49,,,,,,,,,,,,,,
Google Suggest,sugestao,bitcoin,bitcoin ate o fim do ano,560.0,br,chrome,web,categoria_Preposições_até,2025-12-12 00:00:49,,,,,,,,,,,,,,
Google Suggest,sugestao,bitcoin,bitcoin ate dezembro 2024,559.0,br,chrome,web,categoria_Preposições_até,2025-12-12 00:00:49,,,,,,,,,,,,,,
Google Suggest,sugestao,bitcoin,bitcoin ate 2026,558.0,br,chrome,web,categoria_Preposições_até,2025-12-12 00:00:49,,,,,,,,,,,,,,
Google Suggest,sugestao,bitcoin,bitcoin ate final de 2024,557.0,br,chrome,web,categoria_Preposições_até,2025-12-12 00:00:49,,,,,,,,,,,,,,
Google Suggest,sugestao,bitcoin,bitcoin ate,556.0,br,chrome,web,categoria_Preposições_até,2025-12-12 00:00:49,,,,,,,,,,,,,,
Google Suggest,sugestao,bitcoin,bitcoin ate dezembro,555.0,br,chrome,web,categoria_Preposições_até,2025-12-12 00:00:49,,,,,,,,,,,,,,
Google Suggest,sugestao,bitcoin,bitcoin ate quando vai subir,554.0,br,chrome,web,categoria_Preposições_até,2025-12-12 00:00:49,,,,,,,,,,,,,,
Google Suggest,sugestao,bitcoin,bitcoin ate final de 2025,553.0,br,chrome,web,categoria_Preposições_até,2025-12-12 00:00:49,,,,,,,,,,,,,,
Google Suggest,sugestao,bitcoin,bitcoin ate 2040,552.0,br,chrome,web,categoria_Preposições_até,2025-12-12 00:00:49,,,,,,,,,,,,,,
Google Suggest,sugestao,bitcoin,bitcoin cai ate quando,551.0,br,chrome,web,categoria_Preposições_até,2025-12-12 00:00:49,,,,,,,,,,,,,,
Google Suggest,sugestao,bitcoin,bitcoin sobe ate quando,550.0,br,chrome,web,categoria_Preposições_até,2025-12-12 00:00:49,,,,,,,,,,,,,,
Google Suggest,sugestao,bitcoin,bitcoin vs dolar,1251.0,br,chrome,web,categoria_Comparações_vs,2025-12-12 00:00:49,,,,,,,,,,,,,,
Google Suggest,sugestao,bitcoin,bitcoin vs real,1250.0,br,chrome,web,categoria_Comparações_vs,2025-12-12 00:00:49,,,,,,,,,,,,,,
Google Suggest,sugestao,bitcoin,bitcoin vs ouro,1050.0,br,chrome,web,categoria_Comparações_vs,2025-12-12 00:00:49,,,,,,,,,,,,,,
Google Suggest,sugestao,bitcoin,bitcoin vs m2,700.0,br,chrome,web,categoria_Comparações_vs,2025-12-12 00:00:49,,,,,,,,,,,,,,
Google Suggest,sugestao,bitcoin,bitcoin vs gold,650.0,br,chrome,web,categoria_Comparações_vs,2025-12-12 00:00:49,,,,,,,,,,,,,,
Google Suggest,sugestao,bitcoin,bitcoin vs ethereum,601.0,br,chrome,web,categoria_Comparações_vs,2025-12-12 00:00:49,,,,,,,,,,,,,,
Google Suggest,sugestao,bitcoin,bitcoin vs ouro gráfico,600.0,br,chrome,web,categoria_Comparações_vs,2025-12-12 00:00:49,,,,,,,,,,,,,,
Google Suggest,sugestao,bitcoin,bitcoin vs usd,556.0,br,chrome,web,categoria_Comparações_vs,2025-12-12 00:00:49,,,,,,,,,,,,,,
Google Suggest,sugestao,bitcoin,bitcoin vs dollar,555.0,br,chrome,web,categoria_Comparações_vs,2025-12-12 00:00:49,,,,,,,,,,,,,,
Google Suggest,sugestao,bitcoin,bitcoin vs cdi,554.0,br,chrome,web,categoria_Comparações_vs,2025-12-12 00:00:49,,,,,,,,,,,,,,
Google Suggest,sugestao,bitcoin,bitcoin vs bitcoin cash,553.0,br,chrome,web,categoria_Comparações_vs,2025-12-12 00:00:49,,,,,,,,,,,,,,
Google Suggest,sugestao,bitcoin,bitcoin vs monero,552.0,br,chrome,web,categoria_Comparações_vs,2025-12-12 00:00:49,,,,,,,,,,,,,,
Google Suggest,sugestao,bitcoin,bitcoin vs m2 money supply,551.0,br,chrome,web,categoria_Comparações_vs,2025-12-12 00:00:49,,,,,,,,,,,,,,
Google Suggest,sugestao,bitcoin,bitcoin vs gold chart,550.0,br,chrome,web,categoria_Comparações_vs,2025-12-12 00:00:49,,,,,,,,,,,,,,
Google Suggest,sugestao,bitcoin,melhor que bitcoin,601.0,br,chrome,web,categoria_Comparações_melhor que,2025-12-12 00:00:49,,,,,,,,,,,,,,
Google Suggest,sugestao,bitcoin,bitcoin melhor investimento,600.0,br,chrome,web,categoria_Comparações_melhor que,2025-12-12 00:00:49,,,,,,,,,,,,,,
Google Suggest,sugestao,bitcoin,bitcoin melhor corretora,551.0,br,chrome,web,categoria_Comparações_melhor que,2025-12-12 00:00:49,,,,,,,,,,,,,,
Google Suggest,sugestao,bitcoin,bitcoin melhor horario comprar,550.0,br,chrome,web,categoria_Comparações_melhor que,2025-12-12 00:00:49,,,,,,,,,,,,,,
Google Suggest,sugestao,bitcoin,bitcoin ou ethereum,1250.0,br,chrome,web,categoria_Comparações_ou,2025-12-12 00:00:49,,,,,,,,,,,,,,
Google Suggest,sugestao,bitcoin,bitcoin ou ouro,651.0,br,chrome,web,categoria_Comparações_ou,2025-12-12 00:00:49,,,,,,,,,,,,,,
Google Suggest,sugestao,bitcoin,bitcoin ou criptomoeda,650.0,br,chrome,web,categoria_Comparações_ou,2025-12-12 00:00:49,,,,,,,,,,,,,,
Google Suggest,sugestao,bitcoin,bitcoin ou dolar,602.0,br,chrome,web,categoria_Comparações_ou,2025-12-12 00:00:49,,,,,,,,,,,,,,
Google Suggest,sugestao,bitcoin,bitcoin ou ethereum hoje,601.0,br,chrome,web,categoria_Comparações_ou,2025-12-12 00:00:49,,,,,,,,,,,,,,
Google Suggest,sugestao,bitcoin,bitcoin ou nada,600.0,br,chrome,web,categoria_Comparações_ou,2025-12-12 00:00:49,,,,,,,,,,,,,,
Google Suggest,sugestao,bitcoin,bitcoin ou cdb,558.0,br,chrome,web,categoria_Comparações_ou,2025-12-12 00:00:49,,,,,,,,,,,,,,
Google Suggest,sugestao,bitcoin,bitcoin ou solana,557.0,br,chrome,web,categoria_Comparações_ou,2025-12-12 00:00:49,,,,,,,,,,,,,,
Google Suggest,sugestao,bitcoin,bitcoin ou etf,556.0,br,chrome,web,categoria_Comparações_ou,2025-12-12 00:00:49,,,,,,,,,,,,,,
Google Suggest,sugestao,bitcoin,bitcoin ou xrp,555.0,br,chrome,web,categoria_Comparações_ou,2025-12-12 00:00:49,,,,,,,,,,,,,,
Google Suggest,sugestao,bitcoin,bitcoin ou cdi,554.0,br,chrome,web,categoria_Comparações_ou,2025-12-12 00:00:49,,,,,,,,,,,,,,
Google Suggest,sugestao,bitcoin,bitcoin ou tesouro direto,553.0,br,chrome,web,categoria_Comparações_ou,2025-12-12 00:00:49,,,,,,,,,,,,,,
Google Suggest,sugestao,bitcoin,bitcoin ou ethereum qual o melhor,552.0,br,chrome,web,categoria_Comparações_ou,2025-12-12 00:00:49,,,,,,,,,,,,,,
Google Suggest,sugestao,bitcoin,bitcoin ou ethereum 2025,551.0,br,chrome,web,categoria_Comparações_ou,2025-12-12 00:00:49,,,,,,,,,,,,,,
Google Suggest,sugestao,bitcoin,bitcoin ou fundos imobiliarios,550.0,br,chrome,web,categoria_Comparações_ou,2025-12-12 00:00:49,,,,,,,,,,,,,,
Google Suggest,sugestao,bitcoin,bitcoin e ethereum,1250.0,br,chrome,web,categoria_Comparações_e,2025-12-12 00:00:49,,,,,,,,,,,,,,
Google Suggest,sugestao,bitcoin,bitcoin e criptomoedas é a mesma coisa,950.0,br,chrome,web,categoria_Comparações_e,2025-12-12 00:00:49,,,,,,,,,,,,,,
Google Suggest,sugestao,bitcoin,bitcoin e os pobres,750.0,br,chrome,web,categoria_Comparações_e,2025-12-12 00:00:49,,,,,,,,,,,,,,
Google Suggest,sugestao,bitcoin,bitcoin e dolar,602.0,br,chrome,web,categoria_Comparações_e,2025-12-12 00:00:49,,,,,,,,,,,,,,
Google Suggest,sugestao,bitcoin,bitcoin é seguro,601.0,br,chrome,web,categoria_Comparações_e,2025-12-12 00:00:49,,,,,,,,,,,,,,
Google Suggest,sugestao,bitcoin,bitcoin e ouro,600.0,br,chrome,web,categoria_Comparações_e,2025-12-12 00:00:49,,,,,,,,,,,,,,
Google Suggest,sugestao,bitcoin,bitcoin e ethereum hoje,558.0,br,chrome,web,categoria_Comparações_e,2025-12-12 00:00:49,,,,,,,,,,,,,,
Google Suggest,sugestao,bitcoin,bitcoin e blockchain,557.0,br,chrome,web,categoria_Comparações_e,2025-12-12 00:00:49,,,,,,,,,,,,,,
Google Suggest,sugestao,bitcoin,bitcoin e ethereum caindo,556.0,br,chrome,web,categoria_Comparações_e,2025-12-12 00:00:49,,,,,,,,,,,,,,
Google Suggest,sugestao,bitcoin,bitcoin e real,555.0,br,chrome,web,categoria_Comparações_e,2025-12-12 00:00:49,,,,,,,,,,,,,,
Google Suggest,sugestao,bitcoin,bitcoin é crime,554.0,br,chrome,web,categoria_Comparações_e,2025-12-12 00:00:49,,,,,,,,,,,,,,
Google Suggest,sugestao,bitcoin,bitcoin é confiavel,553.0,br,chrome,web,categoria_Comparações_e,2025-12-12 00:00:49,,,,,,,,,,,,,,
Google Suggest,sugestao,bitcoin,bitcoin e bitcoin,552.0,br,chrome,web,categoria_Comparações_e,2025-12-12 00:00:49,,,,,,,,,,,,,,
Google Suggest,sugestao,bitcoin,bitcoin e os pobres mircea popescu,551.0,br,chrome,web,categoria_Comparações_e,2025-12-12 00:00:49,,,,,,,,,,,,,,
Google Suggest,sugestao,bitcoin,bitcoin é bom investimento,550.0,br,chrome,web,categoria_Comparações_e,2025-12-12 00:00:49,,,,,,,,,,,,,,
Google Suggest,sugestao,bitcoin,bitcoin hoje,1250.0,br,chrome,youtube,top,2025-12-12 00:00:49,,,,,,,,,,,,,,
Google Suggest,sugestao,bitcoin,bitcoinheiros,700.0,br,chrome,youtube,top,2025-12-12 00:00:49,,,,,,,,,,,,,,
Google Suggest,sugestao,bitcoin,bitcoin ao vivo,650.0,br,chrome,youtube,top,2025-12-12 00:00:49,,,,,,,,,,,,,,
Google Suggest,sugestao,bitcoin,bitcoin live,601.0,br,chrome,youtube,top,2025-12-12 00:00:49,,,,,,,,,,,,,,
Google Suggest,sugestao,bitcoin,bitcoin caindo,600.0,br,chrome,youtube,top,2025-12-12 00:00:49,,,,,,,,,,,,,,
Google Suggest,sugestao,bitcoin,bitcoin hyper,559.0,br,chrome,youtube,top,2025-12-12 00:00:49,,,,,,,,,,,,,,
Google Suggest,sugestao,bitcoin,bitcoins,558.0,br,chrome,youtube,top,2025-12-12 00:00:49,,,,,,,,,,,,,,
Google Suggest,sugestao,bitcoin,bitcoin agora,557.0,br,chrome,youtube,top,2025-12-12 00:00:49,,,,,,,,,,,,,,
Google Suggest,sugestao,bitcoin,bitcoin miner,556.0,br,chrome,youtube,top,2025-12-12 00:00:49,,,,,,,,,,,,,,
Google Suggest,sugestao,bitcoin,bitcoin nubank,555.0,br,chrome,youtube,top,2025-12-12 00:00:49,,,,,,,,,,,,,,
Google Suggest,sugestao,bitcoin,bitcoin hoje ao vivo,554.0,br,chrome,youtube,top,2025-12-12 00:00:49,,,,,,,,,,,,,,
Google Suggest,sugestao,bitcoin,bitcoin cash,553.0,br,chrome,youtube,top,2025-12-12 00:00:49,,,,,,,,,,,,,,
Google Suggest,sugestao,bitcoin,bitcoin primo pobre,552.0,br,chrome,youtube,top,2025-12-12 00:00:49,,,,,,,,,,,,,,
Google Suggest,sugestao,bitcoin,bitcoin mining app,551.0,br,chrome,youtube,top,2025-12-12 00:00:49,,,,,,,,,,,,,,
Google Suggest,sugestao,bitcoin,bitcoin 2025,550.0,br,chrome,youtube,top,2025-12-12 00:00:49,,,,,,,,,,,,,,
Google Suggest,sugestao,bitcoin,bitcoin ao vivo,1250.0,br,chrome,youtube,expansao_a,2025-12-12 00:00:49,,,,,,,,,,,,,,
Google Suggest,sugestao,bitcoin,bitcoin agora,850.0,br,chrome,youtube,expansao_a,2025-12-12 00:00:49,,,,,,,,,,,,,,
Google Suggest,sugestao,bitcoin,bitcoin analise,601.0,br,chrome,youtube,expansao_a,2025-12-12 00:00:49,,,,,,,,,,,,,,
Google Suggest,sugestao,bitcoin,bitcoin augusto backes,600.0,br,chrome,youtube,expansao_a,2025-12-12 00:00:49,,,,,,,,,,,,,,
Google Suggest,sugestao,bitcoin,bitcoin ainda vale a pena,560.0,br,chrome,youtube,expansao_a,2025-12-12 00:00:49,,,,,,,,,,,,,,
Google Suggest,sugestao,bitcoin,bitcoin ao vivo hoje,559.0,br,chrome,youtube,expansao_a,2025-12-12 00:00:49,,,,,,,,,,,,,,
Google Suggest,sugestao,bitcoin,bitcoin analise hoje,558.0,br,chrome,youtube,expansao_a,2025-12-12 00:00:49,,,,,,,,,,,,,,
Google Suggest,sugestao,bitcoin,bitcoin agora ao vivo,557.0,br,chrome,youtube,expansao_a,2025-12-12 00:00:49,,,,,,,,,,,,,,
Google Suggest,sugestao,bitcoin,bitcoin ancapsu,556.0,br,chrome,youtube,expansao_a,2025-12-12 00:00:49,,,,,,,,,,,,,,
Google Suggest,sugestao,bitcoin,bitcoin analysis,555.0,br,chrome,youtube,expansao_a,2025-12-12 00:00:49,,,,,,,,,,,,,,
Google Suggest,sugestao,bitcoin,bitcoin aula,554.0,br,chrome,youtube,expansao_a,2025-12-12 00:00:49,,,,,,,,,,,,,,
Google Suggest,sugestao,bitcoin,bitcoin anonimo,553.0,br,chrome,youtube,expansao_a,2025-12-12 00:00:49,,,,,,,,,,,,,,
Google Suggest,sugestao,bitcoin,bitcoin autocustódia cold wallet,552.0,br,chrome,youtube,expansao_a,2025-12-12 00:00:49,,,,,,,,,,,,,,
Google Suggest,sugestao,bitcoin,bitcoin animação,551.0,br,chrome,youtube,expansao_a,2025-12-12 00:00:49,,,,,,,,,,,,,,
Google Suggest,sugestao,bitcoin,bitcoin a cara da riqueza,550.0,br,chrome,youtube,expansao_a,2025-12-12 00:00:49,,,,,,,,,,,,,,
Google Suggest,sugestao,bitcoin,bitcoin bruno perini,1000.0,br,chrome,youtube,expansao_b,2025-12-12 00:00:49,,,,,,,,,,,,,,
Google Suggest,sugestao,bitcoin,bitcoin bank,750.0,br,chrome,youtube,expansao_b,2025-12-12 00:00:49,,,,,,,,,,,,,,
Google Suggest,sugestao,bitcoin,bitcoin brasil,601.0,br,chrome,youtube,expansao_b,2025-12-12 00:00:49,,,,,,,,,,,,,,
Google Suggest,sugestao,bitcoin,bitcoin black pill tutoriais,600.0,br,chrome,youtube,expansao_b,2025-12-12 00:00:49,,,,,,,,,,,,,,
Google Suggest,sugestao,bitcoin,bitcoin binance,560.0,br,chrome,youtube,expansao_b,2025-12-12 00:00:49,,,,,,,,,,,,,,
Google Suggest,sugestao,bitcoin,bitcoin banco inter,559.0,br,chrome,youtube,expansao_b,2025-12-12 00:00:49,,,,,,,,,,,,,,
Google Suggest,sugestao,bitcoin,bitcoin bear market,558.0,br,chrome,youtube,expansao_b,2025-12-12 00:00:49,,,,,,,,,,,,,,
Google Suggest,sugestao,bitcoin,bitcoin brasil paralelo,557.0,br,chrome,youtube,expansao_b,2025-12-12 00:00:49,,,,,,,,,,,,,,
Google Suggest,sugestao,bitcoin,bitcoin block,556.0,br,chrome,youtube,expansao_b,2025-12-12 00:00:49,,,,,,,,,,,,,,
Google Suggest,sugestao,bitcoin,bitcoin bank é confiável,555.0,br,chrome,youtube,expansao_b,2025-12-12 00:00:49,,,,,,,,,,,,,,
Google Suggest,sugestao,bitcoin,bitcoin b3,554.0,br,chrome,youtube,expansao_b,2025-12-12 00:00:49,,,,,,,,,,,,,,
Google Suggest,sugestao,bitcoin,bitcoin bipa,553.0,br,chrome,youtube,expansao_b,2025-12-12 00:00:49,,,,,,,,,,,,,,
Google Suggest,sugestao,bitcoin,bitcoin bluewallet,552.0,br,chrome,youtube,expansao_b,2025-12-12 00:00:49,,,,,,,,,,,,,,
Google Suggest,sugestao,bitcoin,bitcoin bolha,551.0,br,chrome,youtube,expansao_b,2025-12-12 00:00:49,,,,,,,,,,,,,,
Google Suggest,sugestao,bitcoin,bitcoin bernardo,550.0,br,chrome,youtube,expansao_b,2025-12-12 00:00:49,,,,,,,,,,,,,,
Google Suggest,sugestao,bitcoin,bitcoin caindo,1250.0,br,chrome,youtube,expansao_c,2025-12-12 00:00:49,,,,,,,,,,,,,,
Google Suggest,sugestao,bitcoin,bitcoin cash,750.0,br,chrome,youtube,expansao_c,2025-12-12 00:00:49,,,,,,,,,,,,,,
Google Suggest,sugestao,bitcoin,bitcoin como investir,601.0,br,chrome,youtube,expansao_c,2025-12-12 00:00:49,,,,,,,,,,,,,,
Google Suggest,sugestao,bitcoin,bitcoin como comprar,600.0,br,chrome,youtube,expansao_c,2025-12-12 00:00:49,,,,,,,,,,,,,,
Google Suggest,sugestao,bitcoin,bitcoin caindo hoje,560.0,br,chrome,youtube,expansao_c,2025-12-12 00:00:49,,,,,,,,,,,,,,
Google Suggest,sugestao,bitcoin,bitcoin caiu,559.0,br,chrome,youtube,expansao_c,2025-12-12 00:00:49,,,,,,,,,,,,,,
Google Suggest,sugestao,bitcoin,bitcoin criptomaniacos,558.0,br,chrome,youtube,expansao_c,2025-12-12 00:00:49,,,,,,,,,,,,,,
Google Suggest,sugestao,bitcoin,bitcoin core,557.0,br,chrome,youtube,expansao_c,2025-12-12 00:00:49,,,,,,,,,,,,,,
Google Suggest,sugestao,bitcoin,bitcoin crash,556.0,br,chrome,youtube,expansao_c,2025-12-12 00:00:49,,,,,,,,,,,,,,
Google Suggest,sugestao,bitcoin,bitcoin cash vale a pena,555.0,br,chrome,youtube,expansao_c,2025-12-12 00:00:49,,,,,,,,,,,,,,
Google Suggest,sugestao,bitcoin,bitcoin como ganhar dinheiro,554.0,br,chrome,youtube,expansao_c,2025-12-12 00:00:49,,,,,,,,,,,,,,
Google Suggest,sugestao,bitcoin,bitcoin curso,553.0,br,chrome,youtube,expansao_c,2025-12-12 00:00:49,,,,,,,,,,,,,,
Google Suggest,sugestao,bitcoin,bitcoin cold wallet,552.0,br,chrome,youtube,expansao_c,2025-12-12 00:00:49,,,,,,,,,,,,,,
Google Suggest,sugestao,bitcoin,bitcoin cloud mining,551.0,br,chrome,youtube,expansao_c,2025-12-12 00:00:49,,,,,,,,,,,,,,
Google Suggest,sugestao,bitcoin,bitcoin como começar,550.0,br,chrome,youtube,expansao_c,2025-12-12 00:00:49,,,,,,,,,,,,,,
Google Suggest,sugestao,bitcoin,bitcoin derretendo,1200.0,br,chrome,youtube,expansao_d,2025-12-12 00:00:49,,,,,,,,,,,,,,
Google Suggest,sugestao,bitcoin,bitcoin desenho,1000.0,br,chrome,youtube,expansao_d,2025-12-12 00:00:49,,,,,,,,,,,,,,
Google Suggest,sugestao,bitcoin,bitcoin do zero,850.0,br,chrome,youtube,expansao_d,2025-12-12 00:00:49,,,,,,,,,,,,,,
Google Suggest,sugestao,bitcoin,bitcoin daniel fraga,801.0,br,chrome,youtube,expansao_d,2025-12-12 00:00:49,,,,,,,,,,,,,,
Google Suggest,sugestao,bitcoin,bitcoin despenca,800.0,br,chrome,youtube,expansao_d,2025-12-12 00:00:49,,,,,,,,,,,,,,
Google Suggest,sugestao,bitcoin,bitcoin documentário,601.0,br,chrome,youtube,expansao_d,2025-12-12 00:00:49,,,,,,,,,,,,,,
Google Suggest,sugestao,bitcoin,bitcoin dolar,600.0,br,chrome,youtube,expansao_d,2025-12-12 00:00:49,,,,,,,,,,,,,,
Google Suggest,sugestao,bitcoin,bitcoin day trade,557.0,br,chrome,youtube,expansao_d,2025-12-12 00:00:49,,,,,,,,,,,,,,
Google Suggest,sugestao,bitcoin,bitcoin daqui 10 anos,556.0,br,chrome,youtube,expansao_d,2025-12-12 00:00:49,,,,,,,,,,,,,,
Google Suggest,sugestao,bitcoin,bitcoin derretendo hoje,555.0,br,chrome,youtube,expansao_d,2025-12-12 00:00:49,,,,,,,,,,,,,,
Google Suggest,sugestao,bitcoin,bitcoin dca,554.0,br,chrome,youtube,expansao_d,2025-12-12 00:00:49,,,,,,,,,,,,,,
Google Suggest,sugestao,bitcoin,bitcoin de graça,553.0,br,chrome,youtube,expansao_d,2025-12-12 00:00:49,,,,,,,,,,,,,,
Google Suggest,sugestao,bitcoin,bitcoin do mercado pago,552.0,br,chrome,youtube,expansao_d,2025-12-12 00:00:49,,,,,,,,,,,,,,
Google Suggest,sugestao,bitcoin,bitcoin desaba,551.0,br,chrome,youtube,expansao_d,2025-12-12 00:00:49,,,,,,,,,,,,,,
Google Suggest,sugestao,bitcoin,bitcoin despenca hoje,550.0,br,chrome,youtube,expansao_d,2025-12-12 00:00:49,,,,,,,,,,,,,,
Google Suggest,sugestao,bitcoin,bitcoin e ethereum,601.0,br,chrome,youtube,expansao_e,2025-12-12 00:00:49,,,,,,,,,,,,,,
Google Suggest,sugestao,bitcoin,bitcoin e liberdade,600.0,br,chrome,youtube,expansao_e,2025-12-12 00:00:49,,,,,,,,,,,,,,
Google Suggest,sugestao,bitcoin,bitcoin em queda hoje,562.0,br,chrome,youtube,expansao_e,2025-12-12 00:00:49,,,,,,,,,,,,,,
Google Suggest,sugestao,bitcoin,bitcoin explicado,561.0,br,chrome,youtube,expansao_e,2025-12-12 00:00:49,,,,,,,,,,,,,,
Google Suggest,sugestao,bitcoin,bitcoin em 2025,560.0,br,chrome,youtube,expansao_e,2025-12-12 00:00:49,,,,,,,,,,,,,,
Google Suggest,sugestao,bitcoin,bitcoin edit,559.0,br,chrome,youtube,expansao_e,2025-12-12 00:00:49,,,,,,,,,,,,,,
Google Suggest,sugestao,bitcoin,bitcoin explicação,558.0,br,chrome,youtube,expansao_e,2025-12-12 00:00:49,,,,,,,,,,,,,,
Google Suggest,sugestao,bitcoin,bitcoin em 2030,557.0,br,chrome,youtube,expansao_e,2025-12-12 00:00:49,,,,,,,,,,,,,,
Google Suggest,sugestao,bitcoin,bitcoin e criptomoedas,556.0,br,chrome,youtube,expansao_e,2025-12-12 00:00:49,,,,,,,,,,,,,,
Google Suggest,sugestao,bitcoin,bitcoin em alta,555.0,br,chrome,youtube,expansao_e,2025-12-12 00:00:49,,,,,,,,,,,,,,
Google Suggest,sugestao,bitcoin,bitcoin esta caindo,554.0,br,chrome,youtube,expansao_e,2025-12-12 00:00:49,,,,,,,,,,,,,,
Google Suggest,sugestao,bitcoin,bitcoin economista sincero,553.0,br,chrome,youtube,expansao_e,2025-12-12 00:00:49,,,,,,,,,,,,,,
Google Suggest,sugestao,bitcoin,bitcoin e os pobres,552.0,br,chrome,youtube,expansao_e,2025-12-12 00:00:49,,,,,,,,,,,,,,
Google Suggest,sugestao,bitcoin,bitcoin etf,551.0,br,chrome,youtube,expansao_e,2025-12-12 00:00:49,,,,,,,,,,,,,,
Google Suggest,sugestao,bitcoin,bitcoin explained,550.0,br,chrome,youtube,expansao_e,2025-12-12 00:00:49,,,,,,,,,,,,,,
Google Suggest,sugestao,bitcoin,bitcoin futuro,1250.0,br,chrome,youtube,expansao_f,2025-12-12 00:00:49,,,,,,,,,,,,,,
Google Suggest,sugestao,bitcoin,bitcoin fisico,1000.0,br,chrome,youtube,expansao_f,2025-12-12 00:00:49,,,,,,,,,,,,,,
Google Suggest,sugestao,bitcoin,bitcoin futuro na b3,800.0,br,chrome,youtube,expansao_f,2025-12-12 00:00:49,,,,,,,,,,,,,,
Google Suggest,sugestao,bitcoin,bitcoin fernando ulrich,601.0,br,chrome,youtube,expansao_f,2025-12-12 00:00:49,,,,,,,,,,,,,,
Google Suggest,sugestao,bitcoin,bitcoin funk,600.0,br,chrome,youtube,expansao_f,2025-12-12 00:00:49,,,,,,,,,,,,,,
Google Suggest,sugestao,bitcoin,bitcoin farm,559.0,br,chrome,youtube,expansao_f,2025-12-12 00:00:49,,,,,,,,,,,,,,
Google Suggest,sugestao,bitcoin,bitcoin fisico trato feito,558.0,br,chrome,youtube,expansao_f,2025-12-12 00:00:49,,,,,,,,,,,,,,
Google Suggest,sugestao,bitcoin,bitcoin for all,557.0,br,chrome,youtube,expansao_f,2025-12-12 00:00:49,,,,,,,,,,,,,,
Google Suggest,sugestao,bitcoin,bitcoin fausto botelho,556.0,br,chrome,youtube,expansao_f,2025-12-12 00:00:49,,,,,,,,,,,,,,
Google Suggest,sugestao,bitcoin,bitcoin filme,555.0,br,chrome,youtube,expansao_f,2025-12-12 00:00:49,,,,,,,,,,,,,,
Google Suggest,sugestao,bitcoin,bitcoin fed,554.0,br,chrome,youtube,expansao_f,2025-12-12 00:00:49,,,,,,,,,,,,,,
Google Suggest,sugestao,bitcoin,bitcoin faucet,553.0,br,chrome,youtube,expansao_f,2025-12-12 00:00:49,,,,,,,,,,,,,,
Google Suggest,sugestao,bitcoin,bitcoin fraude,552.0,br,chrome,youtube,expansao_f,2025-12-12 00:00:49,,,,,,,,,,,,,,
Google Suggest,sugestao,bitcoin,bitcoin finclass,551.0,br,chrome,youtube,expansao_f,2025-12-12 00:00:49,,,,,,,,,,,,,,
Google Suggest,sugestao,bitcoin,bitcoin free,550.0,br,chrome,youtube,expansao_f,2025-12-12 00:00:49,,,,,,,,,,,,,,
Google Suggest,sugestao,bitcoin,bitcoin gemeos investem,1250.0,br,chrome,youtube,expansao_g,2025-12-12 00:00:49,,,,,,,,,,,,,,
Google Suggest,sugestao,bitcoin,bitcoin gratis,1101.0,br,chrome,youtube,expansao_g,2025-12-12 00:00:49,,,,,,,,,,,,,,
Google Suggest,sugestao,bitcoin,bitcoin gpt bot,1100.0,br,chrome,youtube,expansao_g,2025-12-12 00:00:49,,,,,,,,,,,,,,
Google Suggest,sugestao,bitcoin,bitcoin geração dividendos,750.0,br,chrome,youtube,expansao_g,2025-12-12 00:00:49,,,,,,,,,,,,,,
Google Suggest,sugestao,bitcoin,bitcoin grafico,601.0,br,chrome,youtube,expansao_g,2025-12-12 00:00:49,,,,,,,,,,,,,,
Google Suggest,sugestao,bitcoin,bitcoin guerra,600.0,br,chrome,youtube,expansao_g,2025-12-12 00:00:49,,,,,,,,,,,,,,
Google Suggest,sugestao,bitcoin,bitcoin game,558.0,br,chrome,youtube,expansao_g,2025-12-12 00:00:49,,,,,,,,,,,,,,
Google Suggest,sugestao,bitcoin,bitcoin gold,557.0,br,chrome,youtube,expansao_g,2025-12-12 00:00:49,,,,,,,,,,,,,,
Google Suggest,sugestao,bitcoin,bitcoin gemeos,556.0,br,chrome,youtube,expansao_g,2025-12-12 00:00:49,,,,,,,,,,,,,,
Google Suggest,sugestao,bitcoin,bitcoin guilherme,555.0,br,chrome,youtube,expansao_g,2025-12-12 00:00:49,,,,,,,,,,,,,,
Google Suggest,sugestao,bitcoin,bitcoin gratis 2025,554.0,br,chrome,youtube,expansao_g,2025-12-12 00:00:49,,,,,,,,,,,,,,
Google Suggest,sugestao,bitcoin,bitcoin governo,553.0,br,chrome,youtube,expansao_g,2025-12-12 00:00:49,,,,,,,,,,,,,,
Google Suggest,sugestao,bitcoin,bitcoin ganhar dinheiro,552.0,br,chrome,youtube,expansao_g,2025-12-12 00:00:49,,,,,,,,,,,,,,
Google Suggest,sugestao,bitcoin,bitcoin guia,551.0,br,chrome,youtube,expansao_g,2025-12-12 00:00:49,,,,,,,,,,,,,,
Google Suggest,sugestao,bitcoin,bitcoin green screen,550.0,br,chrome,youtube,expansao_g,2025-12-12 00:00:49,,,,,,,,,,,,,,
Google Suggest,sugestao,bitcoin,bitcoin hoje,1250.0,br,chrome,youtube,expansao_h,2025-12-12 00:00:49,,,,,,,,,,,,,,
Google Suggest,sugestao,bitcoin,bitcoin hyper,602.0,br,chrome,youtube,expansao_h,2025-12-12 00:00:49,,,,,,,,,,,,,,
Google Suggest,sugestao,bitcoin,bitcoin hoje ao vivo,601.0,br,chrome,youtube,expansao_h,2025-12-12 00:00:49,,,,,,,,,,,,,,
Google Suggest,sugestao,bitcoin,bitcoin hj,600.0,br,chrome,youtube,expansao_h,2025-12-12 00:00:49,,,,,,,,,,,,,,
Google Suggest,sugestao,bitcoin,bitcoin historia,560.0,br,chrome,youtube,expansao_h,2025-12-12 00:00:49,,,,,,,,,,,,,,
Google Suggest,sugestao,bitcoin,bitcoin hyper layer 2,559.0,br,chrome,youtube,expansao_h,2025-12-12 00:00:49,,,,,,,,,,,,,,
Google Suggest,sugestao,bitcoin,bitcoin hoje vale a pena,558.0,br,chrome,youtube,expansao_h,2025-12-12 00:00:49,,,,,,,,,,,,,,
Google Suggest,sugestao,bitcoin,bitcoin hora de comprar,557.0,br,chrome,youtube,expansao_h,2025-12-12 00:00:49,,,,,,,,,,,,,,
Google Suggest,sugestao,bitcoin,bitcoin hoje augusto backes,556.0,br,chrome,youtube,expansao_h,2025-12-12 00:00:49,,,,,,,,,,,,,,
Google Suggest,sugestao,bitcoin,bitcoin hackeado,555.0,br,chrome,youtube,expansao_h,2025-12-12 00:00:49,,,,,,,,,,,,,,
Google Suggest,sugestao,bitcoin,bitcoin hoje criptomaniacos,554.0,br,chrome,youtube,expansao_h,2025-12-12 00:00:49,,,,,,,,,,,,,,
Google Suggest,sugestao,bitcoin,bitcoin halving,553.0,br,chrome,youtube,expansao_h,2025-12-12 00:00:49,,,,,,,,,,,,,,
Google Suggest,sugestao,bitcoin,bitcoin holder,552.0,br,chrome,youtube,expansao_h,2025-12-12 00:00:49,,,,,,,,,,,,,,
Google Suggest,sugestao,bitcoin,bitcoin hora de vender,551.0,br,chrome,youtube,expansao_h,2025-12-12 00:00:49,,,,,,,,,,,,,,
Google Suggest,sugestao,bitcoin,bitcoin hoje como investir,550.0,br,chrome,youtube,expansao_h,2025-12-12 00:00:49,,,,,,,,,,,,,,
Google Suggest,sugestao,bitcoin,bitcoin iniciante,1250.0,br,chrome,youtube,expansao_i,2025-12-12 00:00:49,,,,,,,,,,,,,,
Google Suggest,sugestao,bitcoin,bitcoin investidor sardinha,850.0,br,chrome,youtube,expansao_i,2025-12-12 00:00:49,,,,,,,,,,,,,,
Google Suggest,sugestao,bitcoin,bitcoin investimento,703.0,br,chrome,youtube,expansao_i,2025-12-12 00:00:49,,,,,,,,,,,,,,
Google Suggest,sugestao,bitcoin,bitcoin inter,702.0,br,chrome,youtube,expansao_i,2025-12-12 00:00:49,,,,,,,,,,,,,,
Google Suggest,sugestao,bitcoin,bitcoin imposto,701.0,br,chrome,youtube,expansao_i,2025-12-12 00:00:49,,,,,,,,,,,,,,
Google Suggest,sugestao,bitcoin,bitcoin itau,700.0,br,chrome,youtube,expansao_i,2025-12-12 00:00:49,,,,,,,,,,,,,,
Google Suggest,sugestao,bitcoin,bitcoin investidor moderno,602.0,br,chrome,youtube,expansao_i,2025-12-12 00:00:49,,,,,,,,,,,,,,
Google Suggest,sugestao,bitcoin,bitcoin imposto de renda,601.0,br,chrome,youtube,expansao_i,2025-12-12 00:00:49,,,,,,,,,,,,,,
Google Suggest,sugestao,bitcoin,bitcoin irrastreavel,600.0,br,chrome,youtube,expansao_i,2025-12-12 00:00:49,,,,,,,,,,,,,,
Google Suggest,sugestao,bitcoin,bitcoin investidor 420,555.0,br,chrome,youtube,expansao_i,2025-12-12 00:00:49,,,,,,,,,,,,,,
Google Suggest,sugestao,bitcoin,bitcoin investimento sem ko,554.0,br,chrome,youtube,expansao_i,2025-12-12 00:00:49,,,,,,,,,,,,,,
Google Suggest,sugestao,bitcoin,bitcoin ai,553.0,br,chrome,youtube,expansao_i,2025-12-12 00:00:49,,,,,,,,,,,,,,
Google Suggest,sugestao,bitcoin,bitcoin inicio,552.0,br,chrome,youtube,expansao_i,2025-12-12 00:00:49,,,,,,,,,,,,,,
Google Suggest,sugestao,bitcoin,bitcoin investment,551.0,br,chrome,youtube,expansao_i,2025-12-12 00:00:49,,,,,,,,,,,,,,
Google Suggest,sugestao,bitcoin,bitcoin ion itau,550.0,br,chrome,youtube,expansao_i,2025-12-12 00:00:49,,,,,,,,,,,,,,
Google Suggest,sugestao,bitcoin,bitcoin jogando,1250.0,br,chrome,youtube,expansao_j,2025-12-12 00:00:49,,,,,,,,,,,,,,
Google Suggest,sugestao,bitcoin,bitcoin jogando jogo de terror,1200.0,br,chrome,youtube,expansao_j,2025-12-12 00:00:49,,,,,,,,,,,,,,
Google Suggest,sugestao,bitcoin,bitcoin joao,850.0,br,chrome,youtube,expansao_j,2025-12-12 00:00:49,,,,,,,,,,,,,,
Google Suggest,sugestao,bitcoin,bitcoin jogando roblox,650.0,br,chrome,youtube,expansao_j,2025-12-12 00:00:49,,,,,,,,,,,,,,
Google Suggest,sugestao,bitcoin,bitcoin jogando free fire,601.0,br,chrome,youtube,expansao_j,2025-12-12 00:00:49,,,,,,,,,,,,,,
Google Suggest,sugestao,bitcoin,bitcoin ja era,600.0,br,chrome,youtube,expansao_j,2025-12-12 00:00:49,,,,,,,,,,,,,,
Google Suggest,sugestao,bitcoin,bitcoin joao campos,558.0,br,chrome,youtube,expansao_j,2025-12-12 00:00:49,,,,,,,,,,,,,,
Google Suggest,sugestao,bitcoin,bitcoin jogando granny,557.0,br,chrome,youtube,expansao_j,2025-12-12 00:00:49,,,,,,,,,,,,,,
Google Suggest,sugestao,bitcoin,bitcoin julho 2025,556.0,br,chrome,youtube,expansao_j,2025-12-12 00:00:49,,,,,,,,,,,,,,
Google Suggest,sugestao,bitcoin,bitcoin julio lobo,555.0,br,chrome,youtube,expansao_j,2025-12-12 00:00:49,,,,,,,,,,,,,,
Google Suggest,sugestao,bitcoin,bitcoin jesus,554.0,br,chrome,youtube,expansao_j,2025-12-12 00:00:49,,,,,,,,,,,,,,
Google Suggest,sugestao,bitcoin,bitcoin josekobori,553.0,br,chrome,youtube,expansao_j,2025-12-12 00:00:49,,,,,,,,,,,,,,
Google Suggest,sugestao,bitcoin,bitcoin jogando fnaf,552.0,br,chrome,youtube,expansao_j,2025-12-12 00:00:49,,,,,,,,,,,,,,
Google Suggest,sugestao,bitcoin,bitcoin hoje,551.0,br,chrome,youtube,expansao_j,2025-12-12 00:00:49,,,,,,,,,,,,,,
Google Suggest,sugestao,bitcoin,bitcoin julho,550.0,br,chrome,youtube,expansao_j,2025-12-12 00:00:49,,,,,,,,,,,,,,
Google Suggest,sugestao,bitcoin,bitcoin knots,1251.0,br,chrome,youtube,expansao_k,2025-12-12 00:00:49,,,,,,,,,,,,,,
Google Suggest,sugestao,bitcoin,bitcoin kanhoto,1250.0,br,chrome,youtube,expansao_k,2025-12-12 00:00:49,,,,,,,,,,,,,,
Google Suggest,sugestao,bitcoin,bitcoin kyc,1051.0,br,chrome,youtube,expansao_k,2025-12-12 00:00:49,,,,,,,,,,,,,,
Google Suggest,sugestao,bitcoin,bitcoin kobori,1050.0,br,chrome,youtube,expansao_k,2025-12-12 00:00:49,,,,,,,,,,,,,,
Google Suggest,sugestao,bitcoin,bitcoin knots vs bitcoin core,602.0,br,chrome,youtube,expansao_k,2025-12-12 00:00:49,,,,,,,,,,,,,,
Google Suggest,sugestao,bitcoin,bitcoin kali linux,601.0,br,chrome,youtube,expansao_k,2025-12-12 00:00:49,,,,,,,,,,,,,,
Google Suggest,sugestao,bitcoin,bitcoin ko,600.0,br,chrome,youtube,expansao_k,2025-12-12 00:00:49,,,,,,,,,,,,,,
Google Suggest,sugestao,bitcoin,bitcoin krux,557.0,br,chrome,youtube,expansao_k,2025-12-12 00:00:49,,,,,,,,,,,,,,
Google Suggest,sugestao,bitcoin,bitcoin korea,556.0,br,chrome,youtube,expansao_k,2025-12-12 00:00:49,,,,,,,,,,,,,,
Google Suggest,sugestao,bitcoin,bitcoin katie,555.0,br,chrome,youtube,expansao_k,2025-12-12 00:00:49,,,,,,,,,,,,,,
Google Suggest,sugestao,bitcoin,bitcoin key hunter,554.0,br,chrome,youtube,expansao_k,2025-12-12 00:00:49,,,,,,,,,,,,,,
Google Suggest,sugestao,bitcoin,bitcoin knot,553.0,br,chrome,youtube,expansao_k,2025-12-12 00:00:49,,,,,,,,,,,,,,
Google Suggest,sugestao,bitcoin,bitcoin king,552.0,br,chrome,youtube,expansao_k,2025-12-12 00:00:49,,,,,,,,,,,,,,
Google Suggest,sugestao,bitcoin,bitcoin kaufen frankfurt,551.0,br,chrome,youtube,expansao_k,2025-12-12 00:00:49,,,,,,,,,,,,,,
Google Suggest,sugestao,bitcoin,bitcoin live,550.0,br,chrome,youtube,expansao_k,2025-12-12 00:00:49,,,,,,,,,,,,,,
Google Suggest,sugestao,bitcoin,bitcoin live,1250.0,br,chrome,youtube,expansao_l,2025-12-12 00:00:49,,,,,,,,,,,,,,
Google Suggest,sugestao,bitcoin,bitcoin lightning,601.0,br,chrome,youtube,expansao_l,2025-12-12 00:00:49,,,,,,,,,,,,,,
Google Suggest,sugestao,bitcoin,bitcoin lucas,600.0,br,chrome,youtube,expansao_l,2025-12-12 00:00:49,,,,,,,,,,,,,,
Google Suggest,sugestao,bitcoin,bitcoin luanfx,561.0,br,chrome,youtube,expansao_l,2025-12-12 00:00:49,,,,,,,,,,,,,,
Google Suggest,sugestao,bitcoin,bitcoin lobo cripto,560.0,br,chrome,youtube,expansao_l,2025-12-12 00:00:49,,,,,,,,,,,,,,
Google Suggest,sugestao,bitcoin,bitcoin longo prazo,559.0,br,chrome,youtube,expansao_l,2025-12-12 00:00:49,,,,,,,,,,,,,,
Google Suggest,sugestao,bitcoin,bitcoin liberdade,558.0,br,chrome,youtube,expansao_l,2025-12-12 00:00:49,,,,,,,,,,,,,,
Google Suggest,sugestao,bitcoin,bitcoin liquid,557.0,br,chrome,youtube,expansao_l,2025-12-12 00:00:49,,,,,,,,,,,,,,
Google Suggest,sugestao,bitcoin,bitcoin liga crypto,556.0,br,chrome,youtube,expansao_l,2025-12-12 00:00:49,,,,,,,,,,,,,,
Google Suggest,sugestao,bitcoin,bitcoin lightning network,555.0,br,chrome,youtube,expansao_l,2025-12-12 00:00:49,,,,,,,,,,,,,,
Google Suggest,sugestao,bitcoin,bitcoin login,554.0,br,chrome,youtube,expansao_l,2025-12-12 00:00:49,,,,,,,,,,,,,,
Google Suggest,sugestao,bitcoin,bitcoin live signal,553.0,br,chrome,youtube,expansao_l,2025-12-12 00:00:49,,,,,,,,,,,,,,
Google Suggest,sugestao,bitcoin,bitcoin liberty,552.0,br,chrome,youtube,expansao_l,2025-12-12 00:00:49,,,,,,,,,,,,,,
Google Suggest,sugestao,bitcoin,bitcoin live price,551.0,br,chrome,youtube,expansao_l,2025-12-12 00:00:49,,,,,,,,,,,,,,
Google Suggest,sugestao,bitcoin,bitcoin l de liberdade,550.0,br,chrome,youtube,expansao_l,2025-12-12 00:00:49,,,,,,,,,,,,,,
Google Suggest,sugestao,bitcoin,bitcoin miner,1250.0,br,chrome,youtube,expansao_m,2025-12-12 00:00:49,,,,,,,,,,,,,,
Google Suggest,sugestao,bitcoin,bitcoin mining,802.0,br,chrome,youtube,expansao_m,2025-12-12 00:00:49,,,,,,,,,,,,,,
Google Suggest,sugestao,bitcoin,bitcoin mc kanhoto,801.0,br,chrome,youtube,expansao_m,2025-12-12 00:00:49,,,,,,,,,,,,,,
Google Suggest,sugestao,bitcoin,bitcoin mercado pago,800.0,br,chrome,youtube,expansao_m,2025-12-12 00:00:49,,,,,,,,,,,,,,
Google Suggest,sugestao,bitcoin,bitcoin miner app,601.0,br,chrome,youtube,expansao_m,2025-12-12 00:00:49,,,,,,,,,,,,,,
Google Suggest,sugestao,bitcoin,bitcoin manual do mundo,600.0,br,chrome,youtube,expansao_m,2025-12-12 00:00:49,,,,,,,,,,,,,,
Google Suggest,sugestao,bitcoin,bitcoin miner como sacar,558.0,br,chrome,youtube,expansao_m,2025-12-12 00:00:49,,,,,,,,,,,,,,
Google Suggest,sugestao,bitcoin,bitcoin mining como sacar,557.0,br,chrome,youtube,expansao_m,2025-12-12 00:00:49,,,,,,,,,,,,,,
Google Suggest,sugestao,bitcoin,bitcoin miner roblox,556.0,br,chrome,youtube,expansao_m,2025-12-12 00:00:49,,,,,,,,,,,,,,
Google Suggest,sugestao,bitcoin,bitcoin meme,555.0,br,chrome,youtube,expansao_m,2025-12-12 00:00:49,,,,,,,,,,,,,,
Google Suggest,sugestao,bitcoin,bitcoin mc ph,554.0,br,chrome,youtube,expansao_m,2025-12-12 00:00:49,,,,,,,,,,,,,,
Google Suggest,sugestao,bitcoin,bitcoin mercado pago vale a pena,553.0,br,chrome,youtube,expansao_m,2025-12-12 00:00:49,,,,,,,,,,,,,,
Google Suggest,sugestao,bitcoin,bitcoin mineração,552.0,br,chrome,youtube,expansao_m,2025-12-12 00:00:49,,,,,,,,,,,,,,
Google Suggest,sugestao,bitcoin,bitcoin magazine,551.0,br,chrome,youtube,expansao_m,2025-12-12 00:00:49,,,,,,,,,,,,,,
Google Suggest,sugestao,bitcoin,bitcoin mining crypto miner app,550.0,br,chrome,youtube,expansao_m,2025-12-12 00:00:49,,,,,,,,,,,,,,
Google Suggest,sugestao,bitcoin,bitcoin nubank,1250.0,br,chrome,youtube,expansao_n,2025-12-12 00:00:49,,,,,,,,,,,,,,
Google Suggest,sugestao,bitcoin,bitcoin now,601.0,br,chrome,youtube,expansao_n,2025-12-12 00:00:49,,,,,,,,,,,,,,
Google Suggest,sugestao,bitcoin,bitcoin no mercado pago,600.0,br,chrome,youtube,expansao_n,2025-12-12 00:00:49,,,,,,,,,,,,,,
Google Suggest,sugestao,bitcoin,bitcoin na binance,561.0,br,chrome,youtube,expansao_n,2025-12-12 00:00:49,,,,,,,,,,,,,,
Google Suggest,sugestao,bitcoin,bitcoin no picpay,560.0,br,chrome,youtube,expansao_n,2025-12-12 00:00:49,,,,,,,,,,,,,,
Google Suggest,sugestao,bitcoin,bitcoin news,559.0,br,chrome,youtube,expansao_n,2025-12-12 00:00:49,,,,,,,,,,,,,,
Google Suggest,sugestao,bitcoin,bitcoin noticias,558.0,br,chrome,youtube,expansao_n,2025-12-12 00:00:49,,,,,,,,,,,,,,
Google Suggest,sugestao,bitcoin,bitcoin now tv,557.0,br,chrome,youtube,expansao_n,2025-12-12 00:00:49,,,,,,,,,,,,,,
Google Suggest,sugestao,bitcoin,bitcoin na b3,556.0,br,chrome,youtube,expansao_n,2025-12-12 00:00:49,,,,,,,,,,,,,,
Google Suggest,sugestao,bitcoin,bitcoin no pendrive,555.0,br,chrome,youtube,expansao_n,2025-12-12 00:00:49,,,,,,,,,,,,,,
Google Suggest,sugestao,bitcoin,bitcoin no inter,554.0,br,chrome,youtube,expansao_n,2025-12-12 00:00:49,,,,,,,,,,,,,,
Google Suggest,sugestao,bitcoin,bitcoin na nubank vale a pena,553.0,br,chrome,youtube,expansao_n,2025-12-12 00:00:49,,,,,,,,,,,,,,
Google Suggest,sugestao,bitcoin,bitcoin na rico,552.0,br,chrome,youtube,expansao_n,2025-12-12 00:00:49,,,,,,,,,,,,,,
Google Suggest,sugestao,bitcoin,bitcoin no futuro,551.0,br,chrome,youtube,expansao_n,2025-12-12 00:00:49,,,,,,,,,,,,,,
Google Suggest,sugestao,bitcoin,bitcoin no banco inter,550.0,br,chrome,youtube,expansao_n,2025-12-12 00:00:49,,,,,,,,,,,,,,
Google Suggest,sugestao,bitcoin,bitcoin o que é,1250.0,br,chrome,youtube,expansao_o,2025-12-12 00:00:49,,,,,,,,,,,,,,
Google Suggest,sugestao,bitcoin,bitcoin onde comprar,801.0,br,chrome,youtube,expansao_o,2025-12-12 00:00:49,,,,,,,,,,,,,,
Google Suggest,sugestao,bitcoin,bitcoin ou ethereum,800.0,br,chrome,youtube,expansao_o,2025-12-12 00:00:49,,,,,,,,,,,,,,
Google Suggest,sugestao,bitcoin,bitcoin ou ações,601.0,br,chrome,youtube,expansao_o,2025-12-12 00:00:49,,,,,,,,,,,,,,
Google Suggest,sugestao,bitcoin,bitcoin offline,600.0,br,chrome,youtube,expansao_o,2025-12-12 00:00:49,,,,,,,,,,,,,,
Google Suggest,sugestao,bitcoin,bitcoin ou etf de bitcoin,559.0,br,chrome,youtube,expansao_o,2025-12-12 00:00:49,,,,,,,,,,,,,,
Google Suggest,sugestao,bitcoin,bitcoin os socios,558.0,br,chrome,youtube,expansao_o,2025-12-12 00:00:49,,,,,,,,,,,,,,
Google Suggest,sugestao,bitcoin,bitcoin onde investir,557.0,br,chrome,youtube,expansao_o,2025-12-12 00:00:49,,,,,,,,,,,,,,
Google Suggest,sugestao,bitcoin,bitcoin orlando,556.0,br,chrome,youtube,expansao_o,2025-12-12 00:00:49,,,,,,,,,,,,,,
Google Suggest,sugestao,bitcoin,bitcoin ou fundos imobiliarios,555.0,br,chrome,youtube,expansao_o,2025-12-12 00:00:49,,,,,,,,,,,,,,
Google Suggest,sugestao,bitcoin,bitcoin ou criptomoedas,554.0,br,chrome,youtube,expansao_o,2025-12-12 00:00:49,,,,,,,,,,,,,,
Google Suggest,sugestao,bitcoin,bitcoin ou ouro,553.0,br,chrome,youtube,expansao_o,2025-12-12 00:00:49,,,,,,,,,,,,,,
Google Suggest,sugestao,bitcoin,bitcoin o fim do dinheiro como conhecemos,552.0,br,chrome,youtube,expansao_o,2025-12-12 00:00:49,,,,,,,,,,,,,,
Google Suggest,sugestao,bitcoin,bitcoin ouro,551.0,br,chrome,youtube,expansao_o,2025-12-12 00:00:49,,,,,,,,,,,,,,
Google Suggest,sugestao,bitcoin,bitcoin ou renda fixa,550.0,br,chrome,youtube,expansao_o,2025-12-12 00:00:49,,,,,,,,,,,,,,
Google Suggest,sugestao,bitcoin,bitcoin primo pobre,1000.0,br,chrome,youtube,expansao_p,2025-12-12 00:00:49,,,,,,,,,,,,,,
Google Suggest,sugestao,bitcoin,bitcoin para iniciantes,750.0,br,chrome,youtube,expansao_p,2025-12-12 00:00:49,,,,,,,,,,,,,,
Google Suggest,sugestao,bitcoin,bitcoin picpay,650.0,br,chrome,youtube,expansao_p,2025-12-12 00:00:49,,,,,,,,,,,,,,
Google Suggest,sugestao,bitcoin,bitcoin podcast,601.0,br,chrome,youtube,expansao_p,2025-12-12 00:00:49,,,,,,,,,,,,,,
Google Suggest,sugestao,bitcoin,bitcoin pelo nubank,600.0,br,chrome,youtube,expansao_p,2025-12-12 00:00:49,,,,,,,,,,,,,,
Google Suggest,sugestao,bitcoin,bitcoin p2p,559.0,br,chrome,youtube,expansao_p,2025-12-12 00:00:49,,,,,,,,,,,,,,
Google Suggest,sugestao,bitcoin,bitcoin primo rico,558.0,br,chrome,youtube,expansao_p,2025-12-12 00:00:49,,,,,,,,,,,,,,
Google Suggest,sugestao,bitcoin,bitcoin perini,557.0,br,chrome,youtube,expansao_p,2025-12-12 00:00:49,,,,,,,,,,,,,,
Google Suggest,sugestao,bitcoin,bitcoin piramide,556.0,br,chrome,youtube,expansao_p,2025-12-12 00:00:49,,,,,,,,,,,,,,
Google Suggest,sugestao,bitcoin,bitcoin pendrive,555.0,br,chrome,youtube,expansao_p,2025-12-12 00:00:49,,,,,,,,,,,,,,
Google Suggest,sugestao,bitcoin,bitcoin pelo mercado pago,554.0,br,chrome,youtube,expansao_p,2025-12-12 00:00:49,,,,,,,,,,,,,,
Google Suggest,sugestao,bitcoin,bitcoin puzzle,553.0,br,chrome,youtube,expansao_p,2025-12-12 00:00:49,,,,,,,,,,,,,,
Google Suggest,sugestao,bitcoin,bitcoin price,552.0,br,chrome,youtube,expansao_p,2025-12-12 00:00:49,,,,,,,,,,,,,,
Google Suggest,sugestao,bitcoin,bitcoin para leigos,551.0,br,chrome,youtube,expansao_p,2025-12-12 00:00:49,,,,,,,,,,,,,,
Google Suggest,sugestao,bitcoin,bitcoin previsão,550.0,br,chrome,youtube,expansao_p,2025-12-12 00:00:49,,,,,,,,,,,,,,
Google Suggest,sugestao,bitcoin,bitcoin queda,1250.0,br,chrome,youtube,expansao_q,2025-12-12 00:00:49,,,,,,,,,,,,,,
Google Suggest,sugestao,bitcoin,bitcoin queda hoje,750.0,br,chrome,youtube,expansao_q,2025-12-12 00:00:49,,,,,,,,,,,,,,
Google Suggest,sugestao,bitcoin,bitcoin quando comprar,650.0,br,chrome,youtube,expansao_q,2025-12-12 00:00:49,,,,,,,,,,,,,,
Google Suggest,sugestao,bitcoin,bitcoin quando comprar e vender,602.0,br,chrome,youtube,expansao_q,2025-12-12 00:00:49,,,,,,,,,,,,,,
Google Suggest,sugestao,bitcoin,bitcoin queda livre,601.0,br,chrome,youtube,expansao_q,2025-12-12 00:00:49,,,,,,,,,,,,,,
Google Suggest,sugestao,bitcoin,bitcoin quantfury,600.0,br,chrome,youtube,expansao_q,2025-12-12 00:00:49,,,,,,,,,,,,,,
Google Suggest,sugestao,bitcoin,bitcoin quem criou,558.0,br,chrome,youtube,expansao_q,2025-12-12 00:00:49,,,,,,,,,,,,,,
Google Suggest,sugestao,bitcoin,bitcoin quando vender,557.0,br,chrome,youtube,expansao_q,2025-12-12 00:00:49,,,,,,,,,,,,,,
Google Suggest,sugestao,bitcoin,bitcoin quanto rende,556.0,br,chrome,youtube,expansao_q,2025-12-12 00:00:49,,,,,,,,,,,,,,
Google Suggest,sugestao,bitcoin,bitcoin quantico,555.0,br,chrome,youtube,expansao_q,2025-12-12 00:00:49,,,,,,,,,,,,,,
Google Suggest,sugestao,bitcoin,bitcoin quantum,554.0,br,chrome,youtube,expansao_q,2025-12-12 00:00:49,,,,,,,,,,,,,,
Google Suggest,sugestao,bitcoin,bitcoin quebrou,553.0,br,chrome,youtube,expansao_q,2025-12-12 00:00:49,,,,,,,,,,,,,,
Google Suggest,sugestao,bitcoin,bitcoin quantum computing threat,552.0,br,chrome,youtube,expansao_q,2025-12-12 00:00:49,,,,,,,,,,,,,,
Google Suggest,sugestao,bitcoin,bitcoin quanto vale,551.0,br,chrome,youtube,expansao_q,2025-12-12 00:00:49,,,,,,,,,,,,,,
Google Suggest,sugestao,bitcoin,bitcoin qt,550.0,br,chrome,youtube,expansao_q,2025-12-12 00:00:49,,,,,,,,,,,,,,
Google Suggest,sugestao,bitcoin,bitcoin renato,651.0,br,chrome,youtube,expansao_r,2025-12-12 00:00:49,,,,,,,,,,,,,,
Google Suggest,sugestao,bitcoin,bitcoin renato trezoitao,650.0,br,chrome,youtube,expansao_r,2025-12-12 00:00:49,,,,,,,,,,,,,,
Google Suggest,sugestao,bitcoin,bitcoin renato ulianov,601.0,br,chrome,youtube,expansao_r,2025-12-12 00:00:49,,,,,,,,,,,,,,
Google Suggest,sugestao,bitcoin,bitcoin renato 38,600.0,br,chrome,youtube,expansao_r,2025-12-12 00:00:49,,,,,,,,,,,,,,
Google Suggest,sugestao,bitcoin,bitcoin raul sena,560.0,br,chrome,youtube,expansao_r,2025-12-12 00:00:49,,,,,,,,,,,,,,
Google Suggest,sugestao,bitcoin,bitcoin reserva de valor,559.0,br,chrome,youtube,expansao_r,2025-12-12 00:00:49,,,,,,,,,,,,,,
Google Suggest,sugestao,bitcoin,bitcoin renato amoedo,558.0,br,chrome,youtube,expansao_r,2025-12-12 00:00:49,,,,,,,,,,,,,,
Google Suggest,sugestao,bitcoin,bitcoin roblox,557.0,br,chrome,youtube,expansao_r,2025-12-12 00:00:49,,,,,,,,,,,,,,
Google Suggest,sugestao,bitcoin,bitcoin rico,556.0,br,chrome,youtube,expansao_r,2025-12-12 00:00:49,,,,,,,,,,,,,,
Google Suggest,sugestao,bitcoin,bitcoin renato trezoitao curso,555.0,br,chrome,youtube,expansao_r,2025-12-12 00:00:49,,,,,,,,,,,,,,
Google Suggest,sugestao,bitcoin,bitcoin raiam santos,554.0,br,chrome,youtube,expansao_r,2025-12-12 00:00:49,,,,,,,,,,,,,,
Google Suggest,sugestao,bitcoin,bitcoin receita federal,553.0,br,chrome,youtube,expansao_r,2025-12-12 00:00:49,,,,,,,,,,,,,,
Google Suggest,sugestao,bitcoin,bitcoin rolante,552.0,br,chrome,youtube,expansao_r,2025-12-12 00:00:49,,,,,,,,,,,,,,
Google Suggest,sugestao,bitcoin,bitcoin renda passiva,551.0,br,chrome,youtube,expansao_r,2025-12-12 00:00:49,,,,,,,,,,,,,,
Google Suggest,sugestao,bitcoin,bitcoin rap,550.0,br,chrome,youtube,expansao_r,2025-12-12 00:00:49,,,,,,,,,,,,,,
Google Suggest,sugestao,bitcoin,bitcoin sem kyc,1150.0,br,chrome,youtube,expansao_s,2025-12-12 00:00:49,,,,,,,,,,,,,,
Google Suggest,sugestao,bitcoin,bitcoin subindo,850.0,br,chrome,youtube,expansao_s,2025-12-12 00:00:49,,,,,,,,,,,,,,
Google Suggest,sugestao,bitcoin,bitcoin sobrevivencialismo,700.0,br,chrome,youtube,expansao_s,2025-12-12 00:00:49,,,,,,,,,,,,,,
Google Suggest,sugestao,bitcoin,bitcoin sem corretora,601.0,br,chrome,youtube,expansao_s,2025-12-12 00:00:49,,,,,,,,,,,,,,
Google Suggest,sugestao,bitcoin,bitcoin sardinha,600.0,br,chrome,youtube,expansao_s,2025-12-12 00:00:49,,,,,,,,,,,,,,
Google Suggest,sugestao,bitcoin,bitcoin stormer,559.0,br,chrome,youtube,expansao_s,2025-12-12 00:00:49,,,,,,,,,,,,,,
Google Suggest,sugestao,bitcoin,bitcoin super xandão,558.0,br,chrome,youtube,expansao_s,2025-12-12 00:00:49,,,,,,,,,,,,,,
Google Suggest,sugestao,bitcoin,bitcoin sem ko,557.0,br,chrome,youtube,expansao_s,2025-12-12 00:00:49,,,,,,,,,,,,,,
Google Suggest,sugestao,bitcoin,bitcoin satoshi,556.0,br,chrome,youtube,expansao_s,2025-12-12 00:00:49,,,,,,,,,,,,,,
Google Suggest,sugestao,bitcoin,bitcoin seja louvado,555.0,br,chrome,youtube,expansao_s,2025-12-12 00:00:49,,,,,,,,,,,,,,
Google Suggest,sugestao,bitcoin,bitcoin subindo hoje,554.0,br,chrome,youtube,expansao_s,2025-12-12 00:00:49,,,,,,,,,,,,,,
Google Suggest,sugestao,bitcoin,bitcoin song,553.0,br,chrome,youtube,expansao_s,2025-12-12 00:00:49,,,,,,,,,,,,,,
Google Suggest,sugestao,bitcoin,bitcoin starter,552.0,br,chrome,youtube,expansao_s,2025-12-12 00:00:49,,,,,,,,,,,,,,
Google Suggest,sugestao,bitcoin,bitcoin snake,551.0,br,chrome,youtube,expansao_s,2025-12-12 00:00:49,,,,,,,,,,,,,,
Google Suggest,sugestao,bitcoin,bitcoin sem taxa,550.0,br,chrome,youtube,expansao_s,2025-12-12 00:00:49,,,,,,,,,,,,,,
Google Suggest,sugestao,bitcoin,bitcoin today,1250.0,br,chrome,youtube,expansao_t,2025-12-12 00:00:49,,,,,,,,,,,,,,
Google Suggest,sugestao,bitcoin,bitcoin trezoitao,1150.0,br,chrome,youtube,expansao_t,2025-12-12 00:00:49,,,,,,,,,,,,,,
Google Suggest,sugestao,bitcoin,bitcoin tiles,602.0,br,chrome,youtube,expansao_t,2025-12-12 00:00:49,,,,,,,,,,,,,,
Google Suggest,sugestao,bitcoin,bitcoin taxado,601.0,br,chrome,youtube,expansao_t,2025-12-12 00:00:49,,,,,,,,,,,,,,
Google Suggest,sugestao,bitcoin,bitcoin tudo sobre,600.0,br,chrome,youtube,expansao_t,2025-12-12 00:00:49,,,,,,,,,,,,,,
Google Suggest,sugestao,bitcoin,bitcoin trump,559.0,br,chrome,youtube,expansao_t,2025-12-12 00:00:49,,,,,,,,,,,,,,
Google Suggest,sugestao,bitcoin,bitcointrade,558.0,br,chrome,youtube,expansao_t,2025-12-12 00:00:49,,,,,,,,,,,,,,
Google Suggest,sugestao,bitcoin,bitcoin trader,557.0,br,chrome,youtube,expansao_t,2025-12-12 00:00:49,,,,,,,,,,,,,,
Google Suggest,sugestao,bitcoin,bitcoin todo dia,556.0,br,chrome,youtube,expansao_t,2025-12-12 00:00:49,,,,,,,,,,,,,,
Google Suggest,sugestao,bitcoin,bitcoin trading,555.0,br,chrome,youtube,expansao_t,2025-12-12 00:00:49,,,,,,,,,,,,,,
Google Suggest,sugestao,bitcoin,bitcoin thiago nigro,554.0,br,chrome,youtube,expansao_t,2025-12-12 00:00:49,,,,,,,,,,,,,,
Google Suggest,sugestao,bitcoin,bitcoin treasury company,553.0,br,chrome,youtube,expansao_t,2025-12-12 00:00:49,,,,,,,,,,,,,,
Google Suggest,sugestao,bitcoin,bitcoin tuttle twins,552.0,br,chrome,youtube,expansao_t,2025-12-12 00:00:49,,,,,,,,,,,,,,
Google Suggest,sugestao,bitcoin,bitcoin ta caindo,551.0,br,chrome,youtube,expansao_t,2025-12-12 00:00:49,,,,,,,,,,,,,,
Google Suggest,sugestao,bitcoin,bitcoin tendencia,550.0,br,chrome,youtube,expansao_t,2025-12-12 00:00:49,,,,,,,,,,,,,,
Google Suggest,sugestao,bitcoin,bitcoin university,1051.0,br,chrome,youtube,expansao_u,2025-12-12 00:00:49,,,,,,,,,,,,,,
Google Suggest,sugestao,bitcoin,bitcoin ulianov,1050.0,br,chrome,youtube,expansao_u,2025-12-12 00:00:49,,,,,,,,,,,,,,
Google Suggest,sugestao,bitcoin,bitcoin update,601.0,br,chrome,youtube,expansao_u,2025-12-12 00:00:49,,,,,,,,,,,,,,
Google Suggest,sugestao,bitcoin,bitcoin usd,600.0,br,chrome,youtube,expansao_u,2025-12-12 00:00:49,,,,,,,,,,,,,,
Google Suggest,sugestao,bitcoin,bitcoin ultimas noticias,560.0,br,chrome,youtube,expansao_u,2025-12-12 00:00:49,,,,,,,,,,,,,,
Google Suggest,sugestao,bitcoin,bitcoin ulrich,559.0,br,chrome,youtube,expansao_u,2025-12-12 00:00:49,,,,,,,,,,,,,,
Google Suggest,sugestao,bitcoin,bitcoin universidade,558.0,br,chrome,youtube,expansao_u,2025-12-12 00:00:49,,,,,,,,,,,,,,
Google Suggest,sugestao,bitcoin,bitcoin update please buy $1,557.0,br,chrome,youtube,expansao_u,2025-12-12 00:00:49,,,,,,,,,,,,,,
Google Suggest,sugestao,bitcoin,bitcoin usa,556.0,br,chrome,youtube,expansao_u,2025-12-12 00:00:49,,,,,,,,,,,,,,
Google Suggest,sugestao,bitcoin,bitcoin urgente,555.0,br,chrome,youtube,expansao_u,2025-12-12 00:00:49,,,,,,,,,,,,,,
Google Suggest,sugestao,bitcoin,bitcoin em dinheiro real,554.0,br,chrome,youtube,expansao_u,2025-12-12 00:00:49,,,,,,,,,,,,,,
Google Suggest,sugestao,bitcoin,bitcoin usd live,553.0,br,chrome,youtube,expansao_u,2025-12-12 00:00:49,,,,,,,,,,,,,,
Google Suggest,sugestao,bitcoin,bitcoin up,552.0,br,chrome,youtube,expansao_u,2025-12-12 00:00:49,,,,,,,,,,,,,,
Google Suggest,sugestao,bitcoin,bitcoin utxo,551.0,br,chrome,youtube,expansao_u,2025-12-12 00:00:49,,,,,,,,,,,,,,
Google Suggest,sugestao,bitcoin,bitcoin update just buy $1,550.0,br,chrome,youtube,expansao_u,2025-12-12 00:00:49,,,,,,,,,,,,,,
Google Suggest,sugestao,bitcoin,bitcoin vai cair,1251.0,br,chrome,youtube,expansao_v,2025-12-12 00:00:49,,,,,,,,,,,,,,
Google Suggest,sugestao,bitcoin,bitcoin vai subir,1250.0,br,chrome,youtube,expansao_v,2025-12-12 00:00:49,,,,,,,,,,,,,,
Google Suggest,sugestao,bitcoin,bitcoin vale a pena,1000.0,br,chrome,youtube,expansao_v,2025-12-12 00:00:49,,,,,,,,,,,,,,
Google Suggest,sugestao,bitcoin,bitcoin vai cair mais,650.0,br,chrome,youtube,expansao_v,2025-12-12 00:00:49,,,,,,,,,,,,,,
Google Suggest,sugestao,bitcoin,bitcoin vs faria limer,601.0,br,chrome,youtube,expansao_v,2025-12-12 00:00:49,,,,,,,,,,,,,,
Google Suggest,sugestao,bitcoin,bitcoin vai acabar,600.0,br,chrome,youtube,expansao_v,2025-12-12 00:00:49,,,,,,,,,,,,,,
Google Suggest,sugestao,bitcoin,bitcoin vai bater 1 milhao,558.0,br,chrome,youtube,expansao_v,2025-12-12 00:00:49,,,,,,,,,,,,,,
Google Suggest,sugestao,bitcoin,bitcoin vai subir ou cair,557.0,br,chrome,youtube,expansao_v,2025-12-12 00:00:49,,,,,,,,,,,,,,
Google Suggest,sugestao,bitcoin,bitcoin vs ethereum,556.0,br,chrome,youtube,expansao_v,2025-12-12 00:00:49,,,,,,,,,,,,,,
Google Suggest,sugestao,bitcoin,bitcoin volta a subir,555.0,br,chrome,youtube,expansao_v,2025-12-12 00:00:49,,,,,,,,,,,,,,
Google Suggest,sugestao,bitcoin,bitcoin vai a zero,554.0,br,chrome,youtube,expansao_v,2025-12-12 00:00:49,,,,,,,,,,,,,,
Google Suggest,sugestao,bitcoin,bitcoin vai corrigir,553.0,br,chrome,youtube,expansao_v,2025-12-12 00:00:49,,,,,,,,,,,,,,
Google Suggest,sugestao,bitcoin,bitcoin vai continuar subindo,552.0,br,chrome,youtube,expansao_v,2025-12-12 00:00:49,,,,,,,,,,,,,,
Google Suggest,sugestao,bitcoin,bitcoin vai continuar caindo,551.0,br,chrome,youtube,expansao_v,2025-12-12 00:00:49,,,,,,,,,,,,,,
Google Suggest,sugestao,bitcoin,bitcoin vai explodir,550.0,br,chrome,youtube,expansao_v,2025-12-12 00:00:49,,,,,,,,,,,,,,
Google Suggest,sugestao,bitcoin,bitcoin wallet,1250.0,br,chrome,youtube,expansao_w,2025-12-12 00:00:49,,,,,,,,,,,,,,
Google Suggest,sugestao,bitcoin,bitcoin whale,900.0,br,chrome,youtube,expansao_w,2025-12-12 00:00:49,,,,,,,,,,,,,,
Google Suggest,sugestao,bitcoin,bitcoin whitepaper,650.0,br,chrome,youtube,expansao_w,2025-12-12 00:00:49,,,,,,,,,,,,,,
Google Suggest,sugestao,bitcoin,bitcoin what is,601.0,br,chrome,youtube,expansao_w,2025-12-12 00:00:49,,,,,,,,,,,,,,
Google Suggest,sugestao,bitcoin,bitcoin whitepaper explicado,600.0,br,chrome,youtube,expansao_w,2025-12-12 00:00:49,,,,,,,,,,,,,,
Google Suggest,sugestao,bitcoin,bitcoin wallet como funciona,559.0,br,chrome,youtube,expansao_w,2025-12-12 00:00:49,,,,,,,,,,,,,,
Google Suggest,sugestao,bitcoin,bitcoin whale game,558.0,br,chrome,youtube,expansao_w,2025-12-12 00:00:49,,,,,,,,,,,,,,
Google Suggest,sugestao,bitcoin,bitcoin wyckoff,557.0,br,chrome,youtube,expansao_w,2025-12-12 00:00:49,,,,,,,,,,,,,,
Google Suggest,sugestao,bitcoin,bitcoin what is happening,556.0,br,chrome,youtube,expansao_w,2025-12-12 00:00:49,,,,,,,,,,,,,,
Google Suggest,sugestao,bitcoin,bitcoin wallet app,555.0,br,chrome,youtube,expansao_w,2025-12-12 00:00:49,,,,,,,,,,,,,,
Google Suggest,sugestao,bitcoin,bitcoin wizard,554.0,br,chrome,youtube,expansao_w,2025-12-12 00:00:49,,,,,,,,,,,,,,
Google Suggest,sugestao,bitcoin,bitcoin will crash,553.0,br,chrome,youtube,expansao_w,2025-12-12 00:00:49,,,,,,,,,,,,,,
Google Suggest,sugestao,bitcoin,bitcoin will fall,552.0,br,chrome,youtube,expansao_w,2025-12-12 00:00:49,,,,,,,,,,,,,,
Google Suggest,sugestao,bitcoin,bitcoin wallet electrum,551.0,br,chrome,youtube,expansao_w,2025-12-12 00:00:49,,,,,,,,,,,,,,
Google Suggest,sugestao,bitcoin,bitcoin way,550.0,br,chrome,youtube,expansao_w,2025-12-12 00:00:49,,,,,,,,,,,,,,
Google Suggest,sugestao,bitcoin,bitcoin xandao,1252.0,br,chrome,youtube,expansao_x,2025-12-12 00:00:49,,,,,,,,,,,,,,
Google Suggest,sugestao,bitcoin,bitcoin xrp,1251.0,br,chrome,youtube,expansao_x,2025-12-12 00:00:49,,,,,,,,,,,,,,
Google Suggest,sugestao,bitcoin,bitcoin x ethereum,1250.0,br,chrome,youtube,expansao_x,2025-12-12 00:00:49,,,,,,,,,,,,,,
Google Suggest,sugestao,bitcoin,bitcoin x 30,601.0,br,chrome,youtube,expansao_x,2025-12-12 00:00:49,,,,,,,,,,,,,,
Google Suggest,sugestao,bitcoin,bitcoin x ouro,600.0,br,chrome,youtube,expansao_x,2025-12-12 00:00:49,,,,,,,,,,,,,,
Google Suggest,sugestao,bitcoin,bitcoin xp investimentos,559.0,br,chrome,youtube,expansao_x,2025-12-12 00:00:49,,,,,,,,,,,,,,
Google Suggest,sugestao,bitcoin,bitcoin x faria lima,558.0,br,chrome,youtube,expansao_x,2025-12-12 00:00:49,,,,,,,,,,,,,,
Google Suggest,sugestao,bitcoin,bitcoin vs monero,557.0,br,chrome,youtube,expansao_x,2025-12-12 00:00:49,,,,,,,,,,,,,,
Google Suggest,sugestao,bitcoin,bitcoin xlm,556.0,br,chrome,youtube,expansao_x,2025-12-12 00:00:49,,,,,,,,,,,,,,
Google Suggest,sugestao,bitcoin,bitcoin xtb,555.0,br,chrome,youtube,expansao_x,2025-12-12 00:00:49,,,,,,,,,,,,,,
Google Suggest,sugestao,bitcoin,bitcoin xtz,554.0,br,chrome,youtube,expansao_x,2025-12-12 00:00:49,,,,,,,,,,,,,,
Google Suggest,sugestao,bitcoin,bitcoin x mining,553.0,br,chrome,youtube,expansao_x,2025-12-12 00:00:49,,,,,,,,,,,,,,
Google Suggest,sugestao,bitcoin,bitcoin xpub,552.0,br,chrome,youtube,expansao_x,2025-12-12 00:00:49,,,,,,,,,,,,,,
Google Suggest,sugestao,bitcoin,bitcoin x mining app,551.0,br,chrome,youtube,expansao_x,2025-12-12 00:00:49,,,,,,,,,,,,,,
Google Suggest,sugestao,bitcoin,bitcoin xrp live,550.0,br,chrome,youtube,expansao_x,2025-12-12 00:00:49,,,,,,,,,,,,,,
Google Suggest,sugestao,bitcoin,bitcoin yubb,1250.0,br,chrome,youtube,expansao_y,2025-12-12 00:00:49,,,,,,,,,,,,,,
Google Suggest,sugestao,bitcoin,bitcoin yuri,601.0,br,chrome,youtube,expansao_y,2025-12-12 00:00:49,,,,,,,,,,,,,,
Google Suggest,sugestao,bitcoin,bitcoin youtube,600.0,br,chrome,youtube,expansao_y,2025-12-12 00:00:49,,,,,,,,,,,,,,
Google Suggest,sugestao,bitcoin,bitcoin yield,561.0,br,chrome,youtube,expansao_y,2025-12-12 00:00:49,,,,,,,,,,,,,,
Google Suggest,sugestao,bitcoin,bitcoin yay,560.0,br,chrome,youtube,expansao_y,2025-12-12 00:00:49,,,,,,,,,,,,,,
Google Suggest,sugestao,bitcoin,bitcoin e criptomoedas,559.0,br,chrome,youtube,expansao_y,2025-12-12 00:00:49,,,,,,,,,,,,,,
Google Suggest,sugestao,bitcoin,bitcoin yeti,558.0,br,chrome,youtube,expansao_y,2025-12-12 00:00:49,,,,,,,,,,,,,,
Google Suggest,sugestao,bitcoin,bitcoin yahoo finance,557.0,br,chrome,youtube,expansao_y,2025-12-12 00:00:49,,,,,,,,,,,,,,
Google Suggest,sugestao,bitcoin,bitcoin years ago,556.0,br,chrome,youtube,expansao_y,2025-12-12 00:00:49,,,,,,,,,,,,,,
Google Suggest,sugestao,bitcoin,bitcoin yt,555.0,br,chrome,youtube,expansao_y,2025-12-12 00:00:49,,,,,,,,,,,,,,
Google Suggest,sugestao,bitcoin,bitcoin y criptos,554.0,br,chrome,youtube,expansao_y,2025-12-12 00:00:49,,,,,,,,,,,,,,
Google Suggest,sugestao,bitcoin,bitcoin youtubers,553.0,br,chrome,youtube,expansao_y,2025-12-12 00:00:49,,,,,,,,,,,,,,
Google Suggest,sugestao,bitcoin,bitcoin yay withdrawal,552.0,br,chrome,youtube,expansao_y,2025-12-12 00:00:49,,,,,,,,,,,,,,
Google Suggest,sugestao,bitcoin,bitcoin yanni,551.0,br,chrome,youtube,expansao_y,2025-12-12 00:00:49,,,,,,,,,,,,,,
Google Suggest,sugestao,bitcoin,bitcoin e altcoins,550.0,br,chrome,youtube,expansao_y,2025-12-12 00:00:49,,,,,,,,,,,,,,
Google Suggest,sugestao,bitcoin,bitcoin zero,1250.0,br,chrome,youtube,expansao_z,2025-12-12 00:00:49,,,,,,,,,,,,,,
Google Suggest,sugestao,bitcoin,bitcoin zella,601.0,br,chrome,youtube,expansao_z,2025-12-12 00:00:49,,,,,,,,,,,,,,
Google Suggest,sugestao,bitcoin,bitcoin zcash,600.0,br,chrome,youtube,expansao_z,2025-12-12 00:00:49,,,,,,,,,,,,,,
Google Suggest,sugestao,bitcoin,bitcoin zero meme,561.0,br,chrome,youtube,expansao_z,2025-12-12 00:00:49,,,,,,,,,,,,,,
Google Suggest,sugestao,bitcoin,bitcoin zone,560.0,br,chrome,youtube,expansao_z,2025-12-12 00:00:49,,,,,,,,,,,,,,
Google Suggest,sugestao,bitcoin,bitcoin zane,559.0,br,chrome,youtube,expansao_z,2025-12-12 00:00:49,,,,,,,,,,,,,,
Google Suggest,sugestao,bitcoin,bitcoin zimbabwe,558.0,br,chrome,youtube,expansao_z,2025-12-12 00:00:49,,,,,,,,,,,,,,
Google Suggest,sugestao,bitcoin,bitcoin zack d films,557.0,br,chrome,youtube,expansao_z,2025-12-12 00:00:49,,,,,,,,,,,,,,
Google Suggest,sugestao,bitcoin,bitcoin zero sum game,556.0,br,chrome,youtube,expansao_z,2025-12-12 00:00:49,,,,,,,,,,,,,,
Google Suggest,sugestao,bitcoin,bitcoin zukunft,555.0,br,chrome,youtube,expansao_z,2025-12-12 00:00:49,,,,,,,,,,,,,,
Google Suggest,sugestao,bitcoin,bitcoin zyklus,554.0,br,chrome,youtube,expansao_z,2025-12-12 00:00:49,,,,,,,,,,,,,,
Google Suggest,sugestao,bitcoin,bitcoin zenginleri,553.0,br,chrome,youtube,expansao_z,2025-12-12 00:00:49,,,,,,,,,,,,,,
Google Suggest,sugestao,bitcoin,bitcoin zero hero trade,552.0,br,chrome,youtube,expansao_z,2025-12-12 00:00:49,,,,,,,,,,,,,,
Google Suggest,sugestao,bitcoin,bitcoin zombie,551.0,br,chrome,youtube,expansao_z,2025-12-12 00:00:49,,,,,,,,,,,,,,
Google Suggest,sugestao,bitcoin,bitcoin zero to one,550.0,br,chrome,youtube,expansao_z,2025-12-12 00:00:49,,,,,,,,,,,,,,
Google Suggest,sugestao,bitcoin,bitcoin 0 1,1250.0,br,chrome,youtube,expansao_0,2025-12-12 00:00:49,,,,,,,,,,,,,,
Google Suggest,sugestao,bitcoin,bitcoin 0 01,800.0,br,chrome,youtube,expansao_0,2025-12-12 00:00:49,,,,,,,,,,,,,,
Google Suggest,sugestao,bitcoin,bitcoin 0.28,601.0,br,chrome,youtube,expansao_0,2025-12-12 00:00:49,,,,,,,,,,,,,,
Google Suggest,sugestao,bitcoin,bitcoin 0.02,600.0,br,chrome,youtube,expansao_0,2025-12-12 00:00:49,,,,,,,,,,,,,,
Google Suggest,sugestao,bitcoin,bitcoin 0.2,560.0,br,chrome,youtube,expansao_0,2025-12-12 00:00:49,,,,,,,,,,,,,,
Google Suggest,sugestao,bitcoin,bitcoin 0.5,559.0,br,chrome,youtube,expansao_0,2025-12-12 00:00:49,,,,,,,,,,,,,,
Google Suggest,sugestao,bitcoin,bitcoin 0.001,558.0,br,chrome,youtube,expansao_0,2025-12-12 00:00:49,,,,,,,,,,,,,,
Google Suggest,sugestao,bitcoin,bitcoin 0.008,557.0,br,chrome,youtube,expansao_0,2025-12-12 00:00:49,,,,,,,,,,,,,,
Google Suggest,sugestao,bitcoin,bitcoin 0.21,556.0,br,chrome,youtube,expansao_0,2025-12-12 00:00:49,,,,,,,,,,,,,,
Google Suggest,sugestao,bitcoin,bitcoin 0.05,555.0,br,chrome,youtube,expansao_0,2025-12-12 00:00:49,,,,,,,,,,,,,,
Google Suggest,sugestao,bitcoin,bitcoin 0.15,554.0,br,chrome,youtube,expansao_0,2025-12-12 00:00:49,,,,,,,,,,,,,,
Google Suggest,sugestao,bitcoin,bitcoin 0.01 lot price,553.0,br,chrome,youtube,expansao_0,2025-12-12 00:00:49,,,,,,,,,,,,,,
Google Suggest,sugestao,bitcoin,0.10 bitcoin,552.0,br,chrome,youtube,expansao_0,2025-12-12 00:00:49,,,,,,,,,,,,,,
Google Suggest,sugestao,bitcoin,0.0001 bitcoin,551.0,br,chrome,youtube,expansao_0,2025-12-12 00:00:49,,,,,,,,,,,,,,
Google Suggest,sugestao,bitcoin,0.00001 bitcoin,550.0,br,chrome,youtube,expansao_0,2025-12-12 00:00:49,,,,,,,,,,,,,,
Google Suggest,sugestao,bitcoin,bitcoin 1 milhao de dolares,1250.0,br,chrome,youtube,expansao_1,2025-12-12 00:00:49,,,,,,,,,,,,,,
Google Suggest,sugestao,bitcoin,bitcoin 1 milhao,750.0,br,chrome,youtube,expansao_1,2025-12-12 00:00:49,,,,,,,,,,,,,,
Google Suggest,sugestao,bitcoin,bitcoin 150k,700.0,br,chrome,youtube,expansao_1,2025-12-12 00:00:49,,,,,,,,,,,,,,
Google Suggest,sugestao,bitcoin,bitcoin 100 reais,650.0,br,chrome,youtube,expansao_1,2025-12-12 00:00:49,,,,,,,,,,,,,,
Google Suggest,sugestao,bitcoin,bitcoin 120k,601.0,br,chrome,youtube,expansao_1,2025-12-12 00:00:49,,,,,,,,,,,,,,
Google Suggest,sugestao,bitcoin,bitcoin 100k,600.0,br,chrome,youtube,expansao_1,2025-12-12 00:00:49,,,,,,,,,,,,,,
Google Suggest,sugestao,bitcoin,bitcoin 10x,558.0,br,chrome,youtube,expansao_1,2025-12-12 00:00:49,,,,,,,,,,,,,,
Google Suggest,sugestao,bitcoin,bitcoin 1 dolar,557.0,br,chrome,youtube,expansao_1,2025-12-12 00:00:49,,,,,,,,,,,,,,
Google Suggest,sugestao,bitcoin,bitcoin 101,556.0,br,chrome,youtube,expansao_1,2025-12-12 00:00:49,,,,,,,,,,,,,,
Google Suggest,sugestao,bitcoin,bitcoin 1 real,555.0,br,chrome,youtube,expansao_1,2025-12-12 00:00:49,,,,,,,,,,,,,,
Google Suggest,sugestao,bitcoin,bitcoin 110k,554.0,br,chrome,youtube,expansao_1,2025-12-12 00:00:49,,,,,,,,,,,,,,
Google Suggest,sugestao,bitcoin,bitcoin 118,553.0,br,chrome,youtube,expansao_1,2025-12-12 00:00:49,,,,,,,,,,,,,,
Google Suggest,sugestao,bitcoin,bitcoin 123k,552.0,br,chrome,youtube,expansao_1,2025-12-12 00:00:49,,,,,,,,,,,,,,
Google Suggest,sugestao,bitcoin,bitcoin 116,551.0,br,chrome,youtube,expansao_1,2025-12-12 00:00:49,,,,,,,,,,,,,,
Google Suggest,sugestao,bitcoin,bitcoin 107k,550.0,br,chrome,youtube,expansao_1,2025-12-12 00:00:49,,,,,,,,,,,,,,
Google Suggest,sugestao,bitcoin,bitcoin 2025,1251.0,br,chrome,youtube,expansao_2,2025-12-12 00:00:49,,,,,,,,,,,,,,
Google Suggest,sugestao,bitcoin,bitcoin 2026,1250.0,br,chrome,youtube,expansao_2,2025-12-12 00:00:49,,,,,,,,,,,,,,
Google Suggest,sugestao,bitcoin,bitcoin 2030,750.0,br,chrome,youtube,expansao_2,2025-12-12 00:00:49,,,,,,,,,,,,,,
Google Suggest,sugestao,bitcoin,bitcoin 2010,650.0,br,chrome,youtube,expansao_2,2025-12-12 00:00:49,,,,,,,,,,,,,,
Google Suggest,sugestao,bitcoin,bitcoin 2025 vale a pena,602.0,br,chrome,youtube,expansao_2,2025-12-12 00:00:49,,,,,,,,,,,,,,
Google Suggest,sugestao,bitcoin,bitcoin 2011,601.0,br,chrome,youtube,expansao_2,2025-12-12 00:00:49,,,,,,,,,,,,,,
Google Suggest,sugestao,bitcoin,bitcoin 2009,600.0,br,chrome,youtube,expansao_2,2025-12-12 00:00:49,,,,,,,,,,,,,,
Google Suggest,sugestao,bitcoin,bitcoin 2012,557.0,br,chrome,youtube,expansao_2,2025-12-12 00:00:49,,,,,,,,,,,,,,
Google Suggest,sugestao,bitcoin,bitcoin 2013,556.0,br,chrome,youtube,expansao_2,2025-12-12 00:00:49,,,,,,,,,,,,,,
Google Suggest,sugestao,bitcoin,bitcoin 2015,555.0,br,chrome,youtube,expansao_2,2025-12-12 00:00:49,,,,,,,,,,,,,,
Google Suggest,sugestao,bitcoin,bitcoin 2.0,554.0,br,chrome,youtube,expansao_2,2025-12-12 00:00:49,,,,,,,,,,,,,,
Google Suggest,sugestao,bitcoin,bitcoin 2008,553.0,br,chrome,youtube,expansao_2,2025-12-12 00:00:49,,,,,,,,,,,,,,
Google Suggest,sugestao,bitcoin,bitcoin 2040,552.0,br,chrome,youtube,expansao_2,2025-12-12 00:00:49,,,,,,,,,,,,,,
Google Suggest,sugestao,bitcoin,bitcoin 2028,551.0,br,chrome,youtube,expansao_2,2025-12-12 00:00:49,,,,,,,,,,,,,,
Google Suggest,sugestao,bitcoin,bitcoin 2014,550.0,br,chrome,youtube,expansao_2,2025-12-12 00:00:49,,,,,,,,,,,,,,
Google Suggest,sugestao,bitcoin,bitcoin 38tao,1250.0,br,chrome,youtube,expansao_3,2025-12-12 00:00:49,,,,,,,,,,,,,,
Google Suggest,sugestao,bitcoin,bitcoin 38,650.0,br,chrome,youtube,expansao_3,2025-12-12 00:00:49,,,,,,,,,,,,,,
Google Suggest,sugestao,bitcoin,bitcoin 3oitao,601.0,br,chrome,youtube,expansao_3,2025-12-12 00:00:49,,,,,,,,,,,,,,
Google Suggest,sugestao,bitcoin,bitcoin 3 oitão,600.0,br,chrome,youtube,expansao_3,2025-12-12 00:00:49,,,,,,,,,,,,,,
Google Suggest,sugestao,bitcoin,bitcoin 38tao curso,560.0,br,chrome,youtube,expansao_3,2025-12-12 00:00:49,,,,,,,,,,,,,,
Google Suggest,sugestao,bitcoin,bitcoin 3d,559.0,br,chrome,youtube,expansao_3,2025-12-12 00:00:49,,,,,,,,,,,,,,
Google Suggest,sugestao,bitcoin,bitcoin 30,558.0,br,chrome,youtube,expansao_3,2025-12-12 00:00:49,,,,,,,,,,,,,,
Google Suggest,sugestao,bitcoin,bitcoin 30k,557.0,br,chrome,youtube,expansao_3,2025-12-12 00:00:49,,,,,,,,,,,,,,
Google Suggest,sugestao,bitcoin,bitcoin 3d animation,556.0,br,chrome,youtube,expansao_3,2025-12-12 00:00:49,,,,,,,,,,,,,,
Google Suggest,sugestao,bitcoin,bitcoin 3 blue,555.0,br,chrome,youtube,expansao_3,2025-12-12 00:00:49,,,,,,,,,,,,,,
Google Suggest,sugestao,bitcoin,bitcoin 360,554.0,br,chrome,youtube,expansao_3,2025-12-12 00:00:49,,,,,,,,,,,,,,
Google Suggest,sugestao,bitcoin,bitcoin 3d print,553.0,br,chrome,youtube,expansao_3,2025-12-12 00:00:49,,,,,,,,,,,,,,
Google Suggest,sugestao,bitcoin,bitcoin 3b1b,552.0,br,chrome,youtube,expansao_3,2025-12-12 00:00:49,,,,,,,,,,,,,,
Google Suggest,sugestao,bitcoin,bitcoin 3blue1brown,551.0,br,chrome,youtube,expansao_3,2025-12-12 00:00:49,,,,,,,,,,,,,,
Google Suggest,sugestao,bitcoin,bitcoin 300k,550.0,br,chrome,youtube,expansao_3,2025-12-12 00:00:49,,,,,,,,,,,,,,
Google Suggest,sugestao,bitcoin,bitcoin 4 all,1250.0,br,chrome,youtube,expansao_4,2025-12-12 00:00:49,,,,,,,,,,,,,,
Google Suggest,sugestao,bitcoin,bitcoin 420,1050.0,br,chrome,youtube,expansao_4,2025-12-12 00:00:49,,,,,,,,,,,,,,
Google Suggest,sugestao,bitcoin,bitcoin 4.0,601.0,br,chrome,youtube,expansao_4,2025-12-12 00:00:49,,,,,,,,,,,,,,
Google Suggest,sugestao,bitcoin,bitcoin 4 claves para entender la más grande,600.0,br,chrome,youtube,expansao_4,2025-12-12 00:00:49,,,,,,,,,,,,,,
Google Suggest,sugestao,bitcoin,bitcoin 401 k,560.0,br,chrome,youtube,expansao_4,2025-12-12 00:00:49,,,,,,,,,,,,,,
Google Suggest,sugestao,bitcoin,bitcoin 4 year cycle,559.0,br,chrome,youtube,expansao_4,2025-12-12 00:00:49,,,,,,,,,,,,,,
Google Suggest,sugestao,bitcoin,bitcoin 4 year cycle over,558.0,br,chrome,youtube,expansao_4,2025-12-12 00:00:49,,,,,,,,,,,,,,
Google Suggest,sugestao,bitcoin,bitcoin 444k,557.0,br,chrome,youtube,expansao_4,2025-12-12 00:00:49,,,,,,,,,,,,,,
Google Suggest,sugestao,bitcoin,bitcoin 4 year cycle explained,556.0,br,chrome,youtube,expansao_4,2025-12-12 00:00:49,,,,,,,,,,,,,,
Google Suggest,sugestao,bitcoin,bitcoin 400k,555.0,br,chrome,youtube,expansao_4,2025-12-12 00:00:49,,,,,,,,,,,,,,
Google Suggest,sugestao,bitcoin,bitcoin 400x,554.0,br,chrome,youtube,expansao_4,2025-12-12 00:00:49,,,,,,,,,,,,,,
Google Suggest,sugestao,bitcoin,bitcoin 444,553.0,br,chrome,youtube,expansao_4,2025-12-12 00:00:49,,,,,,,,,,,,,,
Google Suggest,sugestao,bitcoin,bitcoin 4k video,552.0,br,chrome,youtube,expansao_4,2025-12-12 00:00:49,,,,,,,,,,,,,,
Google Suggest,sugestao,bitcoin,bitcoin 4k,551.0,br,chrome,youtube,expansao_4,2025-12-12 00:00:49,,,,,,,,,,,,,,
Google Suggest,sugestao,bitcoin,bitcoin 40k,550.0,br,chrome,youtube,expansao_4,2025-12-12 00:00:49,,,,,,,,,,,,,,
Google Suggest,sugestao,bitcoin,bitcoin 500 pratas,1250.0,br,chrome,youtube,expansao_5,2025-12-12 00:00:49,,,,,,,,,,,,,,
Google Suggest,sugestao,bitcoin,bitcoin 500k,700.0,br,chrome,youtube,expansao_5,2025-12-12 00:00:49,,,,,,,,,,,,,,
Google Suggest,sugestao,bitcoin,bitcoin 55k,603.0,br,chrome,youtube,expansao_5,2025-12-12 00:00:49,,,,,,,,,,,,,,
Google Suggest,sugestao,bitcoin,bitcoin 5 minute,602.0,br,chrome,youtube,expansao_5,2025-12-12 00:00:49,,,,,,,,,,,,,,
Google Suggest,sugestao,bitcoin,bitcoin 500,601.0,br,chrome,youtube,expansao_5,2025-12-12 00:00:49,,,,,,,,,,,,,,
Google Suggest,sugestao,bitcoin,bitcoin 5 min live,600.0,br,chrome,youtube,expansao_5,2025-12-12 00:00:49,,,,,,,,,,,,,,
Google Suggest,sugestao,bitcoin,bitcoin 50k,558.0,br,chrome,youtube,expansao_5,2025-12-12 00:00:49,,,,,,,,,,,,,,
Google Suggest,sugestao,bitcoin,bitcoin 51 attack,557.0,br,chrome,youtube,expansao_5,2025-12-12 00:00:49,,,,,,,,,,,,,,
Google Suggest,sugestao,bitcoin,bitcoin 50 cent,556.0,br,chrome,youtube,expansao_5,2025-12-12 00:00:49,,,,,,,,,,,,,,
Google Suggest,sugestao,bitcoin,bitcoin 5 min,555.0,br,chrome,youtube,expansao_5,2025-12-12 00:00:49,,,,,,,,,,,,,,
Google Suggest,sugestao,bitcoin,bitcoin 500 investment,554.0,br,chrome,youtube,expansao_5,2025-12-12 00:00:49,,,,,,,,,,,,,,
Google Suggest,sugestao,bitcoin,bitcoin 51 percent attack,553.0,br,chrome,youtube,expansao_5,2025-12-12 00:00:49,,,,,,,,,,,,,,
Google Suggest,sugestao,bitcoin,bitcoin 5 min scalping,552.0,br,chrome,youtube,expansao_5,2025-12-12 00:00:49,,,,,,,,,,,,,,
Google Suggest,sugestao,bitcoin,bitcoin 500.000,551.0,br,chrome,youtube,expansao_5,2025-12-12 00:00:49,,,,,,,,,,,,,,
Google Suggest,sugestao,bitcoin,bitcoin 5.3 theory,550.0,br,chrome,youtube,expansao_5,2025-12-12 00:00:49,,,,,,,,,,,,,,
Google Suggest,sugestao,bitcoin,bitcoin 67,650.0,br,chrome,youtube,expansao_6,2025-12-12 00:00:49,,,,,,,,,,,,,,
Google Suggest,sugestao,bitcoin,bitcoin 60k,601.0,br,chrome,youtube,expansao_6,2025-12-12 00:00:49,,,,,,,,,,,,,,
Google Suggest,sugestao,bitcoin,bitcoin 600k,600.0,br,chrome,youtube,expansao_6,2025-12-12 00:00:49,,,,,,,,,,,,,,
Google Suggest,sugestao,bitcoin,bitcoin 666,561.0,br,chrome,youtube,expansao_6,2025-12-12 00:00:49,,,,,,,,,,,,,,
Google Suggest,sugestao,bitcoin,bitcoin 60 minutes,560.0,br,chrome,youtube,expansao_6,2025-12-12 00:00:49,,,,,,,,,,,,,,
Google Suggest,sugestao,bitcoin,bitcoin 60 day cycle,559.0,br,chrome,youtube,expansao_6,2025-12-12 00:00:49,,,,,,,,,,,,,,
Google Suggest,sugestao,bitcoin,bitcoin gta 6,558.0,br,chrome,youtube,expansao_6,2025-12-12 00:00:49,,,,,,,,,,,,,,
Google Suggest,sugestao,bitcoin,bitcoin jogando round 6,557.0,br,chrome,youtube,expansao_6,2025-12-12 00:00:49,,,,,,,,,,,,,,
Google Suggest,sugestao,bitcoin,6 bitcoin men,556.0,br,chrome,youtube,expansao_6,2025-12-12 00:00:49,,,,,,,,,,,,,,
Google Suggest,sugestao,bitcoin,69000 bitcoin,555.0,br,chrome,youtube,expansao_6,2025-12-12 00:00:49,,,,,,,,,,,,,,
Google Suggest,sugestao,bitcoin,61 bitcoin,554.0,br,chrome,youtube,expansao_6,2025-12-12 00:00:49,,,,,,,,,,,,,,
Google Suggest,sugestao,bitcoin,61000 bitcoin,553.0,br,chrome,youtube,expansao_6,2025-12-12 00:00:49,,,,,,,,,,,,,,
Google Suggest,sugestao,bitcoin,bitcoin puzzle 66 with keyhunt,552.0,br,chrome,youtube,expansao_6,2025-12-12 00:00:49,,,,,,,,,,,,,,
Google Suggest,sugestao,bitcoin,bitcoin in 60 seconds,551.0,br,chrome,youtube,expansao_6,2025-12-12 00:00:49,,,,,,,,,,,,,,
Google Suggest,sugestao,bitcoin,bitcoin gamma 601,550.0,br,chrome,youtube,expansao_6,2025-12-12 00:00:49,,,,,,,,,,,,,,
Google Suggest,sugestao,bitcoin,bitcoin 75k,1250.0,br,chrome,youtube,expansao_7,2025-12-12 00:00:49,,,,,,,,,,,,,,
Google Suggest,sugestao,bitcoin,bitcoin 700k,601.0,br,chrome,youtube,expansao_7,2025-12-12 00:00:49,,,,,,,,,,,,,,
Google Suggest,sugestao,bitcoin,bitcoin 70k,600.0,br,chrome,youtube,expansao_7,2025-12-12 00:00:49,,,,,,,,,,,,,,
Google Suggest,sugestao,bitcoin,bitcoin 700,561.0,br,chrome,youtube,expansao_7,2025-12-12 00:00:49,,,,,,,,,,,,,,
Google Suggest,sugestao,bitcoin,bitcoin 78k,560.0,br,chrome,youtube,expansao_7,2025-12-12 00:00:49,,,,,,,,,,,,,,
Google Suggest,sugestao,bitcoin,bitcoin 75000,559.0,br,chrome,youtube,expansao_7,2025-12-12 00:00:49,,,,,,,,,,,,,,
Google Suggest,sugestao,bitcoin,bitcoin puzzle 71,558.0,br,chrome,youtube,expansao_7,2025-12-12 00:00:49,,,,,,,,,,,,,,
Google Suggest,sugestao,bitcoin,bloco 74638 bitcoin,557.0,br,chrome,youtube,expansao_7,2025-12-12 00:00:49,,,,,,,,,,,,,,
Google Suggest,sugestao,bitcoin,7000 bitcoin,556.0,br,chrome,youtube,expansao_7,2025-12-12 00:00:49,,,,,,,,,,,,,,
Google Suggest,sugestao,bitcoin,bitcoin 24/7 live,555.0,br,chrome,youtube,expansao_7,2025-12-12 00:00:49,,,,,,,,,,,,,,
Google Suggest,sugestao,bitcoin,bitcoin 24/7,554.0,br,chrome,youtube,expansao_7,2025-12-12 00:00:49,,,,,,,,,,,,,,
Google Suggest,sugestao,bitcoin,larry fink bitcoin 700k,553.0,br,chrome,youtube,expansao_7,2025-12-12 00:00:49,,,,,,,,,,,,,,
Google Suggest,sugestao,bitcoin,7002 bitcoin lost password,552.0,br,chrome,youtube,expansao_7,2025-12-12 00:00:49,,,,,,,,,,,,,,
Google Suggest,sugestao,bitcoin,7.4 bitcoin,551.0,br,chrome,youtube,expansao_7,2025-12-12 00:00:49,,,,,,,,,,,,,,
Google Suggest,sugestao,bitcoin,7side bitcoin,550.0,br,chrome,youtube,expansao_7,2025-12-12 00:00:49,,,,,,,,,,,,,,
Google Suggest,sugestao,bitcoin,bitcoin 80k,1250.0,br,chrome,youtube,expansao_8,2025-12-12 00:00:49,,,,,,,,,,,,,,
Google Suggest,sugestao,bitcoin,bitcoin 86k,801.0,br,chrome,youtube,expansao_8,2025-12-12 00:00:49,,,,,,,,,,,,,,
Google Suggest,sugestao,bitcoin,bitcoin 83k,800.0,br,chrome,youtube,expansao_8,2025-12-12 00:00:49,,,,,,,,,,,,,,
Google Suggest,sugestao,bitcoin,bitcoin 89k,650.0,br,chrome,youtube,expansao_8,2025-12-12 00:00:49,,,,,,,,,,,,,,
Google Suggest,sugestao,bitcoin,bitcoin 80000,601.0,br,chrome,youtube,expansao_8,2025-12-12 00:00:49,,,,,,,,,,,,,,
Google Suggest,sugestao,bitcoin,bitcoin 88k,600.0,br,chrome,youtube,expansao_8,2025-12-12 00:00:49,,,,,,,,,,,,,,
Google Suggest,sugestao,bitcoin,bitcoin 85000,558.0,br,chrome,youtube,expansao_8,2025-12-12 00:00:49,,,,,,,,,,,,,,
Google Suggest,sugestao,bitcoin,bitcoin 85k,557.0,br,chrome,youtube,expansao_8,2025-12-12 00:00:49,,,,,,,,,,,,,,
Google Suggest,sugestao,bitcoin,bitcoin 8 years ago,556.0,br,chrome,youtube,expansao_8,2025-12-12 00:00:49,,,,,,,,,,,,,,
Google Suggest,sugestao,bitcoin,bitcoin 88 sats,555.0,br,chrome,youtube,expansao_8,2025-12-12 00:00:49,,,,,,,,,,,,,,
Google Suggest,sugestao,bitcoin,bitcoin 8 uhr,554.0,br,chrome,youtube,expansao_8,2025-12-12 00:00:49,,,,,,,,,,,,,,
Google Suggest,sugestao,bitcoin,bitcoin 80 crash,553.0,br,chrome,youtube,expansao_8,2025-12-12 00:00:49,,,,,,,,,,,,,,
Google Suggest,sugestao,bitcoin,8 million bitcoin,552.0,br,chrome,youtube,expansao_8,2025-12-12 00:00:49,,,,,,,,,,,,,,
Google Suggest,sugestao,bitcoin,bitcoin 8 juni 2025,551.0,br,chrome,youtube,expansao_8,2025-12-12 00:00:49,,,,,,,,,,,,,,
Google Suggest,sugestao,bitcoin,bitcoin 89,550.0,br,chrome,youtube,expansao_8,2025-12-12 00:00:49,,,,,,,,,,,,,,
Google Suggest,sugestao,bitcoin,bitcoin 90,750.0,br,chrome,youtube,expansao_9,2025-12-12 00:00:49,,,,,,,,,,,,,,
Google Suggest,sugestao,bitcoin,bitcoin 90k,601.0,br,chrome,youtube,expansao_9,2025-12-12 00:00:49,,,,,,,,,,,,,,
Google Suggest,sugestao,bitcoin,bitcoin 99,600.0,br,chrome,youtube,expansao_9,2025-12-12 00:00:49,,,,,,,,,,,,,,
Google Suggest,sugestao,bitcoin,bitcoin 91k,561.0,br,chrome,youtube,expansao_9,2025-12-12 00:00:49,,,,,,,,,,,,,,
Google Suggest,sugestao,bitcoin,bitcoin 94k,560.0,br,chrome,youtube,expansao_9,2025-12-12 00:00:49,,,,,,,,,,,,,,
Google Suggest,sugestao,bitcoin,bitcoin 98k,559.0,br,chrome,youtube,expansao_9,2025-12-12 00:00:49,,,,,,,,,,,,,,
Google Suggest,sugestao,bitcoin,bitcoin 93k,558.0,br,chrome,youtube,expansao_9,2025-12-12 00:00:49,,,,,,,,,,,,,,
Google Suggest,sugestao,bitcoin,bitcoin 92k,557.0,br,chrome,youtube,expansao_9,2025-12-12 00:00:49,,,,,,,,,,,,,,
Google Suggest,sugestao,bitcoin,bitcoin 99pay,556.0,br,chrome,youtube,expansao_9,2025-12-12 00:00:49,,,,,,,,,,,,,,
Google Suggest,sugestao,bitcoin,bitcoin 95k,555.0,br,chrome,youtube,expansao_9,2025-12-12 00:00:49,,,,,,,,,,,,,,
Google Suggest,sugestao,bitcoin,bitcoin 99bitcoins,554.0,br,chrome,youtube,expansao_9,2025-12-12 00:00:49,,,,,,,,,,,,,,
Google Suggest,sugestao,bitcoin,bitcoin 9 years ago,553.0,br,chrome,youtube,expansao_9,2025-12-12 00:00:49,,,,,,,,,,,,,,
Google Suggest,sugestao,bitcoin,bitcoin 96k,552.0,br,chrome,youtube,expansao_9,2025-12-12 00:00:49,,,,,,,,,,,,,,
Google Suggest,sugestao,bitcoin,bitcoin 97k,551.0,br,chrome,youtube,expansao_9,2025-12-12 00:00:49,,,,,,,,,,,,,,
Google Suggest,sugestao,bitcoin,bitcoin 9arm,550.0,br,chrome,youtube,expansao_9,2025-12-12 00:00:49,,,,,,,,,,,,,,
Google Suggest,sugestao,bitcoin,bitcoin o que é,1250.0,br,chrome,youtube,categoria_Questões_o que,2025-12-12 00:00:49,,,,,,,,,,,,,,
Google Suggest,sugestao,bitcoin,bitcoin o que preciso saber,601.0,br,chrome,youtube,categoria_Questões_o que,2025-12-12 00:00:49,,,,,,,,,,,,,,
Google Suggest,sugestao,bitcoin,bitcoin o que fazer,600.0,br,chrome,youtube,categoria_Questões_o que,2025-12-12 00:00:49,,,,,,,,,,,,,,
Google Suggest,sugestao,bitcoin,bitcoin o que esperar,557.0,br,chrome,youtube,categoria_Questões_o que,2025-12-12 00:00:49,,,,,,,,,,,,,,
Google Suggest,sugestao,bitcoin,bitcoin o que esta acontecendo,556.0,br,chrome,youtube,categoria_Questões_o que,2025-12-12 00:00:49,,,,,,,,,,,,,,
Google Suggest,sugestao,bitcoin,bitcoin caindo o que fazer,555.0,br,chrome,youtube,categoria_Questões_o que,2025-12-12 00:00:49,,,,,,,,,,,,,,
Google Suggest,sugestao,bitcoin,minerar bitcoin o que é,554.0,br,chrome,youtube,categoria_Questões_o que,2025-12-12 00:00:49,,,,,,,,,,,,,,
Google Suggest,sugestao,bitcoin,etf bitcoin o que é,553.0,br,chrome,youtube,categoria_Questões_o que,2025-12-12 00:00:49,,,,,,,,,,,,,,
Google Suggest,sugestao,bitcoin,lightning bitcoin o que é,552.0,br,chrome,youtube,categoria_Questões_o que,2025-12-12 00:00:49,,,,,,,,,,,,,,
Google Suggest,sugestao,bitcoin,bitcoin em 2025 o que vai acontecer,551.0,br,chrome,youtube,categoria_Questões_o que,2025-12-12 00:00:49,,,,,,,,,,,,,,
Google Suggest,sugestao,bitcoin,bitcoin em alta o que fazer,550.0,br,chrome,youtube,categoria_Questões_o que,2025-12-12 00:00:49,,,,,,,,,,,,,,
Google Suggest,sugestao,bitcoin,bitcoin é seguro,1250.0,br,chrome,youtube,categoria_Questões_é,2025-12-12 00:00:49,,,,,,,,,,,,,,
Google Suggest,sugestao,bitcoin,bitcoin é uma bolha,1200.0,br,chrome,youtube,categoria_Questões_é,2025-12-12 00:00:49,,,,,,,,,,,,,,
Google Suggest,sugestao,bitcoin,bitcoin é rastreavel,751.0,br,chrome,youtube,categoria_Questões_é,2025-12-12 00:00:49,,,,,,,,,,,,,,
Google Suggest,sugestao,bitcoin,bitcoin é furada,750.0,br,chrome,youtube,categoria_Questões_é,2025-12-12 00:00:49,,,,,,,,,,,,,,
Google Suggest,sugestao,bitcoin,bitcoin é um bom investimento,602.0,br,chrome,youtube,categoria_Questões_é,2025-12-12 00:00:49,,,,,,,,,,,,,,
Google Suggest,sugestao,bitcoin,bitcoin é hora de comprar,601.0,br,chrome,youtube,categoria_Questões_é,2025-12-12 00:00:49,,,,,,,,,,,,,,
Google Suggest,sugestao,bitcoin,bitcoin é confiável,600.0,br,chrome,youtube,categoria_Questões_é,2025-12-12 00:00:49,,,,,,,,,,,,,,
Google Suggest,sugestao,bitcoin,bitcoin é o futuro,557.0,br,chrome,youtube,categoria_Questões_é,2025-12-12 00:00:49,,,,,,,,,,,,,,
Google Suggest,sugestao,bitcoin,bitcoin é investimento,556.0,br,chrome,youtube,categoria_Questões_é,2025-12-12 00:00:49,,,,,,,,,,,,,,
Google Suggest,sugestao,bitcoin,bitcoin é melhor que dolar,555.0,br,chrome,youtube,categoria_Questões_é,2025-12-12 00:00:49,,,,,,,,,,,,,,
Google Suggest,sugestao,bitcoin,bitcoin é a solução,554.0,br,chrome,youtube,categoria_Questões_é,2025-12-12 00:00:49,,,,,,,,,,,,,,
Google Suggest,sugestao,bitcoin,bitcoin é uma moeda,553.0,br,chrome,youtube,categoria_Questões_é,2025-12-12 00:00:49,,,,,,,,,,,,,,
Google Suggest,sugestao,bitcoin,bitcoin é resistencia,552.0,br,chrome,youtube,categoria_Questões_é,2025-12-12 00:00:49,,,,,,,,,,,,,,
Google Suggest,sugestao,bitcoin,bitcoin é seguro investir,551.0,br,chrome,youtube,categoria_Questões_é,2025-12-12 00:00:49,,,,,,,,,,,,,,
Google Suggest,sugestao,bitcoin,bitcoin é uma bolha prestes a estourar,550.0,br,chrome,youtube,categoria_Questões_é,2025-12-12 00:00:49,,,,,,,,,,,,,,
Google Suggest,sugestao,bitcoin,bitcoin não é investimento,1250.0,br,chrome,youtube,categoria_Questões_não é,2025-12-12 00:00:49,,,,,,,,,,,,,,
Google Suggest,sugestao,bitcoin,bitcoin não é moeda,1200.0,br,chrome,youtube,categoria_Questões_não é,2025-12-12 00:00:49,,,,,,,,,,,,,,
Google Suggest,sugestao,bitcoin,bitcoin atualmente,601.0,br,chrome,youtube,categoria_Questões_não é,2025-12-12 00:00:49,,,,,,,,,,,,,,
Google Suggest,sugestao,bitcoin,bitcoin em portugues,600.0,br,chrome,youtube,categoria_Questões_não é,2025-12-12 00:00:49,,,,,,,,,,,,,,
Google Suggest,sugestao,bitcoin,bitcoins,550.0,br,chrome,youtube,categoria_Questões_não é,2025-12-12 00:00:49,,,,,,,,,,,,,,
Google Suggest,sugestao,bitcoin,bitcoin como investir,900.0,br,chrome,youtube,categoria_Questões_como,2025-12-12 00:00:49,,,,,,,,,,,,,,
Google Suggest,sugestao,bitcoin,bitcoin como comprar,750.0,br,chrome,youtube,categoria_Questões_como,2025-12-12 00:00:49,,,,,,,,,,,,,,
Google Suggest,sugestao,bitcoin,bitcoin como funciona passo a passo para iniciantes,601.0,br,chrome,youtube,categoria_Questões_como,2025-12-12 00:00:49,,,,,,,,,,,,,,
Google Suggest,sugestao,bitcoin,bitcoin como ganhar dinheiro,600.0,br,chrome,youtube,categoria_Questões_como,2025-12-12 00:00:49,,,,,,,,,,,,,,
Google Suggest,sugestao,bitcoin,bitcoin como começar,560.0,br,chrome,youtube,categoria_Questões_como,2025-12-12 00:00:49,,,,,,,,,,,,,,
Google Suggest,sugestao,bitcoin,bitcoin como investir 2025,559.0,br,chrome,youtube,categoria_Questões_como,2025-12-12 00:00:49,,,,,,,,,,,,,,
Google Suggest,sugestao,bitcoin,bitcoin como comprar de forma segura,558.0,br,chrome,youtube,categoria_Questões_como,2025-12-12 00:00:49,,,,,,,,,,,,,,
Google Suggest,sugestao,bitcoin,bitcoin como minerar,557.0,br,chrome,youtube,categoria_Questões_como,2025-12-12 00:00:49,,,,,,,,,,,,,,
Google Suggest,sugestao,bitcoin,bitcoin como funciona desenho,556.0,br,chrome,youtube,categoria_Questões_como,2025-12-12 00:00:49,,,,,,,,,,,,,,
Google Suggest,sugestao,bitcoin,bitcoin como usar,555.0,br,chrome,youtube,categoria_Questões_como,2025-12-12 00:00:49,,,,,,,,,,,,,,
Google Suggest,sugestao,bitcoin,bitcoin como sacar dinheiro,554.0,br,chrome,youtube,categoria_Questões_como,2025-12-12 00:00:49,,,,,,,,,,,,,,
Google Suggest,sugestao,bitcoin,bitcoin como reserva de valor,553.0,br,chrome,youtube,categoria_Questões_como,2025-12-12 00:00:49,,,,,,,,,,,,,,
Google Suggest,sugestao,bitcoin,bitcoin como guardar,552.0,br,chrome,youtube,categoria_Questões_como,2025-12-12 00:00:49,,,,,,,,,,,,,,
Google Suggest,sugestao,bitcoin,bitcoin como vender,551.0,br,chrome,youtube,categoria_Questões_como,2025-12-12 00:00:49,,,,,,,,,,,,,,
Google Suggest,sugestao,bitcoin,bitcoin como comprar e vender,550.0,br,chrome,youtube,categoria_Questões_como,2025-12-12 00:00:49,,,,,,,,,,,,,,
Google Suggest,sugestao,bitcoin,bitcoin porque bajo,1250.0,br,chrome,youtube,categoria_Questões_por que,2025-12-12 00:00:49,,,,,,,,,,,,,,
Google Suggest,sugestao,bitcoin,bitcoin porque cae,1000.0,br,chrome,youtube,categoria_Questões_por que,2025-12-12 00:00:49,,,,,,,,,,,,,,
Google Suggest,sugestao,bitcoin,porque cae bitcoin,601.0,br,chrome,youtube,categoria_Questões_por que,2025-12-12 00:00:49,,,,,,,,,,,,,,
Google Suggest,sugestao,bitcoin,por que bitcoin,600.0,br,chrome,youtube,categoria_Questões_por que,2025-12-12 00:00:49,,,,,,,,,,,,,,
Google Suggest,sugestao,bitcoin,por que bitcoin tem valor,560.0,br,chrome,youtube,categoria_Questões_por que,2025-12-12 00:00:49,,,,,,,,,,,,,,
Google Suggest,sugestao,bitcoin,porque bitcoin caiu,559.0,br,chrome,youtube,categoria_Questões_por que,2025-12-12 00:00:49,,,,,,,,,,,,,,
Google Suggest,sugestao,bitcoin,porque bitcoin ta caindo,558.0,br,chrome,youtube,categoria_Questões_por que,2025-12-12 00:00:49,,,,,,,,,,,,,,
Google Suggest,sugestao,bitcoin,porque o bitcoin está caindo,557.0,br,chrome,youtube,categoria_Questões_por que,2025-12-12 00:00:49,,,,,,,,,,,,,,
Google Suggest,sugestao,bitcoin,porque comprar bitcoin,556.0,br,chrome,youtube,categoria_Questões_por que,2025-12-12 00:00:49,,,,,,,,,,,,,,
Google Suggest,sugestao,bitcoin,porque investir em bitcoin,555.0,br,chrome,youtube,categoria_Questões_por que,2025-12-12 00:00:49,,,,,,,,,,,,,,
Google Suggest,sugestao,bitcoin,porque invertir en bitcoin,554.0,br,chrome,youtube,categoria_Questões_por que,2025-12-12 00:00:49,,,,,,,,,,,,,,
Google Suggest,sugestao,bitcoin,porque o bitcoin valorizou tanto,553.0,br,chrome,youtube,categoria_Questões_por que,2025-12-12 00:00:49,,,,,,,,,,,,,,
Google Suggest,sugestao,bitcoin,porque cae bitcoin hoy,552.0,br,chrome,youtube,categoria_Questões_por que,2025-12-12 00:00:49,,,,,,,,,,,,,,
Google Suggest,sugestao,bitcoin,porque esta bajando bitcoin,551.0,br,chrome,youtube,categoria_Questões_por que,2025-12-12 00:00:49,,,,,,,,,,,,,,
Google Suggest,sugestao,bitcoin,porque o bitcoin foi criado,550.0,br,chrome,youtube,categoria_Questões_por que,2025-12-12 00:00:49,,,,,,,,,,,,,,
Google Suggest,sugestao,bitcoin,bitcoin onde comprar,1251.0,br,chrome,youtube,categoria_Questões_onde,2025-12-12 00:00:49,,,,,,,,,,,,,,
Google Suggest,sugestao,bitcoin,bitcoin onde investir,1250.0,br,chrome,youtube,categoria_Questões_onde,2025-12-12 00:00:49,,,,,,,,,,,,,,
Google Suggest,sugestao,bitcoin,bitcoin onde guardar,601.0,br,chrome,youtube,categoria_Questões_onde,2025-12-12 00:00:49,,,,,,,,,,,,,,
Google Suggest,sugestao,bitcoin,bitcoin por onde começar,600.0,br,chrome,youtube,categoria_Questões_onde,2025-12-12 00:00:49,,,,,,,,,,,,,,
Google Suggest,sugestao,bitcoin,bitcoin ate onde vai,552.0,br,chrome,youtube,categoria_Questões_onde,2025-12-12 00:00:49,,,,,,,,,,,,,,
Google Suggest,sugestao,bitcoin,bitcoins,551.0,br,chrome,youtube,categoria_Questões_onde,2025-12-12 00:00:49,,,,,,,,,,,,,,
Google Suggest,sugestao,bitcoin,bitcoin origem,550.0,br,chrome,youtube,categoria_Questões_onde,2025-12-12 00:00:49,,,,,,,,,,,,,,
Google Suggest,sugestao,bitcoin,bitcoin quando comprar,1252.0,br,chrome,youtube,categoria_Questões_quando,2025-12-12 00:00:49,,,,,,,,,,,,,,
Google Suggest,sugestao,bitcoin,bitcoin quando comprar e vender,1251.0,br,chrome,youtube,categoria_Questões_quando,2025-12-12 00:00:49,,,,,,,,,,,,,,
Google Suggest,sugestao,bitcoin,bitcoin quando vender,1250.0,br,chrome,youtube,categoria_Questões_quando,2025-12-12 00:00:49,,,,,,,,,,,,,,
Google Suggest,sugestao,bitcoin,quando bitcoin vai subir,601.0,br,chrome,youtube,categoria_Questões_quando,2025-12-12 00:00:49,,,,,,,,,,,,,,
Google Suggest,sugestao,bitcoin,quando bitcoin vai cair,600.0,br,chrome,youtube,categoria_Questões_quando,2025-12-12 00:00:49,,,,,,,,,,,,,,
Google Suggest,sugestao,bitcoin,bitcoin em baixa,552.0,br,chrome,youtube,categoria_Questões_quando,2025-12-12 00:00:49,,,,,,,,,,,,,,
Google Suggest,sugestao,bitcoin,bitcoins,551.0,br,chrome,youtube,categoria_Questões_quando,2025-12-12 00:00:49,,,,,,,,,,,,,,
Google Suggest,sugestao,bitcoin,bitcoin em portugues,550.0,br,chrome,youtube,categoria_Questões_quando,2025-12-12 00:00:49,,,,,,,,,,,,,,
Google Suggest,sugestao,bitcoin,bitcoin qual melhor corretora,601.0,br,chrome,youtube,categoria_Questões_qual,2025-12-12 00:00:49,,,,,,,,,,,,,,
Google Suggest,sugestao,bitcoin,bitcoin qual comprar,600.0,br,chrome,youtube,categoria_Questões_qual,2025-12-12 00:00:49,,,,,,,,,,,,,,
Google Suggest,sugestao,bitcoin,qual bitcoin investir hoje,556.0,br,chrome,youtube,categoria_Questões_qual,2025-12-12 00:00:49,,,,,,,,,,,,,,
Google Suggest,sugestao,bitcoin,bitcoin ou ethereum qual o melhor,555.0,br,chrome,youtube,categoria_Questões_qual,2025-12-12 00:00:49,,,,,,,,,,,,,,
Google Suggest,sugestao,bitcoin,em qual bitcoin investir,554.0,br,chrome,youtube,categoria_Questões_qual,2025-12-12 00:00:49,,,,,,,,,,,,,,
Google Suggest,sugestao,bitcoin,bitcoin lucro como funciona,553.0,br,chrome,youtube,categoria_Questões_qual,2025-12-12 00:00:49,,,,,,,,,,,,,,
Google Suggest,sugestao,bitcoin,bitcoin tendencia hoje,552.0,br,chrome,youtube,categoria_Questões_qual,2025-12-12 00:00:49,,,,,,,,,,,,,,
Google Suggest,sugestao,bitcoin,bitcoin ainda vale a pena,551.0,br,chrome,youtube,categoria_Questões_qual,2025-12-12 00:00:49,,,,,,,,,,,,,,
Google Suggest,sugestao,bitcoin,bitcoin em alta hoje,550.0,br,chrome,youtube,categoria_Questões_qual,2025-12-12 00:00:49,,,,,,,,,,,,,,
Google Suggest,sugestao,bitcoin,bitcoin quanto rende,1251.0,br,chrome,youtube,categoria_Questões_quanto,2025-12-12 00:00:49,,,,,,,,,,,,,,
Google Suggest,sugestao,bitcoin,bitcoin quanto vale,1250.0,br,chrome,youtube,categoria_Questões_quanto,2025-12-12 00:00:49,,,,,,,,,,,,,,
Google Suggest,sugestao,bitcoin,quanto bitcoin pode chegar,601.0,br,chrome,youtube,categoria_Questões_quanto,2025-12-12 00:00:49,,,,,,,,,,,,,,
Google Suggest,sugestao,bitcoin,quanto bitcoin rende por mes,600.0,br,chrome,youtube,categoria_Questões_quanto,2025-12-12 00:00:49,,,,,,,,,,,,,,
Google Suggest,sugestao,bitcoin,quanto bitcoin,554.0,br,chrome,youtube,categoria_Questões_quanto,2025-12-12 00:00:49,,,,,,,,,,,,,,
Google Suggest,sugestao,bitcoin,bitcoin rende quanto por dia,553.0,br,chrome,youtube,categoria_Questões_quanto,2025-12-12 00:00:49,,,,,,,,,,,,,,
Google Suggest,sugestao,bitcoin,bitcoin a quanto arrivera,552.0,br,chrome,youtube,categoria_Questões_quanto,2025-12-12 00:00:49,,,,,,,,,,,,,,
Google Suggest,sugestao,bitcoin,bitcoin em portugues,551.0,br,chrome,youtube,categoria_Questões_quanto,2025-12-12 00:00:49,,,,,,,,,,,,,,
Google Suggest,sugestao,bitcoin,bitcoin em alta hoje,550.0,br,chrome,youtube,categoria_Questões_quanto,2025-12-12 00:00:49,,,,,,,,,,,,,,
Google Suggest,sugestao,bitcoin,bitcoin de graça,1250.0,br,chrome,youtube,categoria_Preposições_de,2025-12-12 00:00:49,,,,,,,,,,,,,,
Google Suggest,sugestao,bitcoin,bitcoin de hoje,1000.0,br,chrome,youtube,categoria_Preposições_de,2025-12-12 00:00:49,,,,,,,,,,,,,,
Google Suggest,sugestao,bitcoin,bitcoin de papel,602.0,br,chrome,youtube,categoria_Preposições_de,2025-12-12 00:00:49,,,,,,,,,,,,,,
Google Suggest,sugestao,bitcoin,bitcoin de donald trump,601.0,br,chrome,youtube,categoria_Preposições_de,2025-12-12 00:00:49,,,,,,,,,,,,,,
Google Suggest,sugestao,bitcoin,http://bitcoin.de,600.0,br,chrome,youtube,categoria_Preposições_de,2025-12-12 00:00:49,,,,,,,,,,,,,,
Google Suggest,sugestao,bitcoin,bitcoin de netherite,559.0,br,chrome,youtube,categoria_Preposições_de,2025-12-12 00:00:49,,,,,,,,,,,,,,
Google Suggest,sugestao,bitcoin,bitcoin de trump,558.0,br,chrome,youtube,categoria_Preposições_de,2025-12-12 00:00:49,,,,,,,,,,,,,,
Google Suggest,sugestao,bitcoin,bitcoin do mercado pago,557.0,br,chrome,youtube,categoria_Preposições_de,2025-12-12 00:00:49,,,,,,,,,,,,,,
Google Suggest,sugestao,bitcoin,bitcoin'de son durum,556.0,br,chrome,youtube,categoria_Preposições_de,2025-12-12 00:00:49,,,,,,,,,,,,,,
Google Suggest,sugestao,bitcoin,bitcoin.de verkaufen,555.0,br,chrome,youtube,categoria_Preposições_de,2025-12-12 00:00:49,,,,,,,,,,,,,,
Google Suggest,sugestao,bitcoin,bitcoin'de neler oluyor,554.0,br,chrome,youtube,categoria_Preposições_de,2025-12-12 00:00:49,,,,,,,,,,,,,,
Google Suggest,sugestao,bitcoin,bitcoin'de nasil para kazanilir,553.0,br,chrome,youtube,categoria_Preposições_de,2025-12-12 00:00:49,,,,,,,,,,,,,,
Google Suggest,sugestao,bitcoin,bitcoin.de auf wallet überweisen,552.0,br,chrome,youtube,categoria_Preposições_de,2025-12-12 00:00:49,,,,,,,,,,,,,,
Google Suggest,sugestao,bitcoin,bitcoin'de para nasıl çekilir,551.0,br,chrome,youtube,categoria_Preposições_de,2025-12-12 00:00:49,,,,,,,,,,,,,,
Google Suggest,sugestao,bitcoin,bitcoin.de auszahlung,550.0,br,chrome,youtube,categoria_Preposições_de,2025-12-12 00:00:49,,,,,,,,,,,,,,
Google Suggest,sugestao,bitcoin,bitcoin para iniciantes,1250.0,br,chrome,youtube,categoria_Preposições_para,2025-12-12 00:00:49,,,,,,,,,,,,,,
Google Suggest,sugestao,bitcoin,bitcoin para leigos,750.0,br,chrome,youtube,categoria_Preposições_para,2025-12-12 00:00:49,,,,,,,,,,,,,,
Google Suggest,sugestao,bitcoin,bitcoin para 2026,601.0,br,chrome,youtube,categoria_Preposições_para,2025-12-12 00:00:49,,,,,,,,,,,,,,
Google Suggest,sugestao,bitcoin,bitcoin para pobres,600.0,br,chrome,youtube,categoria_Preposições_para,2025-12-12 00:00:49,,,,,,,,,,,,,,
Google Suggest,sugestao,bitcoin,bitcoin para longo prazo,559.0,br,chrome,youtube,categoria_Preposições_para,2025-12-12 00:00:49,,,,,,,,,,,,,,
Google Suggest,sugestao,bitcoin,bitcoin para todos,558.0,br,chrome,youtube,categoria_Preposições_para,2025-12-12 00:00:49,,,,,,,,,,,,,,
Google Suggest,sugestao,bitcoin,bitcoin para 2025,557.0,br,chrome,youtube,categoria_Preposições_para,2025-12-12 00:00:49,,,,,,,,,,,,,,
Google Suggest,sugestao,bitcoin,bitcoin para iniciantes 2025,556.0,br,chrome,youtube,categoria_Preposições_para,2025-12-12 00:00:49,,,,,,,,,,,,,,
Google Suggest,sugestao,bitcoin,bitcoin para ouvir,555.0,br,chrome,youtube,categoria_Preposições_para,2025-12-12 00:00:49,,,,,,,,,,,,,,
Google Suggest,sugestao,bitcoin,bitcoin para crianças dublado,554.0,br,chrome,youtube,categoria_Preposições_para,2025-12-12 00:00:49,,,,,,,,,,,,,,
Google Suggest,sugestao,bitcoin,bitcoin para crianças,553.0,br,chrome,youtube,categoria_Preposições_para,2025-12-12 00:00:49,,,,,,,,,,,,,,
Google Suggest,sugestao,bitcoin,bitcoin para adolescentes,552.0,br,chrome,youtube,categoria_Preposições_para,2025-12-12 00:00:49,,,,,,,,,,,,,,
Google Suggest,sugestao,bitcoin,bitcoin para que sirve,551.0,br,chrome,youtube,categoria_Preposições_para,2025-12-12 00:00:49,,,,,,,,,,,,,,
Google Suggest,sugestao,bitcoin,bitcoin para principiantes,550.0,br,chrome,youtube,categoria_Preposições_para,2025-12-12 00:00:49,,,,,,,,,,,,,,
Google Suggest,sugestao,bitcoin,bitcoin com ou sem kyc,1251.0,br,chrome,youtube,categoria_Preposições_com,2025-12-12 00:00:49,,,,,,,,,,,,,,
Google Suggest,sugestao,bitcoin,bitcoin com renato,1250.0,br,chrome,youtube,categoria_Preposições_com,2025-12-12 00:00:49,,,,,,,,,,,,,,
Google Suggest,sugestao,bitcoin,bitcoin com kyc,1200.0,br,chrome,youtube,categoria_Preposições_com,2025-12-12 00:00:49,,,,,,,,,,,,,,
Google Suggest,sugestao,bitcoin,bitcoin com privacidade,650.0,br,chrome,youtube,categoria_Preposições_com,2025-12-12 00:00:49,,,,,,,,,,,,,,
Google Suggest,sugestao,bitcoin,bitcoin com a guerra,602.0,br,chrome,youtube,categoria_Preposições_com,2025-12-12 00:00:49,,,,,,,,,,,,,,
Google Suggest,sugestao,bitcoin,bitcoin com wallet,601.0,br,chrome,youtube,categoria_Preposições_com,2025-12-12 00:00:49,,,,,,,,,,,,,,
Google Suggest,sugestao,bitcoin,http://bitcoin.com.au,600.0,br,chrome,youtube,categoria_Preposições_com,2025-12-12 00:00:49,,,,,,,,,,,,,,
Google Suggest,sugestao,bitcoin,bitcoin.com como funciona,557.0,br,chrome,youtube,categoria_Preposições_com,2025-12-12 00:00:49,,,,,,,,,,,,,,
Google Suggest,sugestao,bitcoin,bitcoin.com tutorial,556.0,br,chrome,youtube,categoria_Preposições_com,2025-12-12 00:00:49,,,,,,,,,,,,,,
Google Suggest,sugestao,bitcoin,bitcoin.com wallet app,555.0,br,chrome,youtube,categoria_Preposições_com,2025-12-12 00:00:49,,,,,,,,,,,,,,
Google Suggest,sugestao,bitcoin,bitcoin.com wallet app withdrawal,554.0,br,chrome,youtube,categoria_Preposições_com,2025-12-12 00:00:49,,,,,,,,,,,,,,
Google Suggest,sugestao,bitcoin,bitcoin.com withdrawal,553.0,br,chrome,youtube,categoria_Preposições_com,2025-12-12 00:00:49,,,,,,,,,,,,,,
Google Suggest,sugestao,bitcoin,bitcoin.com app,552.0,br,chrome,youtube,categoria_Preposições_com,2025-12-12 00:00:49,,,,,,,,,,,,,,
Google Suggest,sugestao,bitcoin,bitcoin.com wallet como funciona,551.0,br,chrome,youtube,categoria_Preposições_com,2025-12-12 00:00:49,,,,,,,,,,,,,,
Google Suggest,sugestao,bitcoin,comprar bitcoin com cartao de credito,550.0,br,chrome,youtube,categoria_Preposições_com,2025-12-12 00:00:49,,,,,,,,,,,,,,
Google Suggest,sugestao,bitcoin,bitcoin sem kyc,1251.0,br,chrome,youtube,categoria_Preposições_sem,2025-12-12 00:00:49,,,,,,,,,,,,,,
Google Suggest,sugestao,bitcoin,bitcoin sem corretora,1250.0,br,chrome,youtube,categoria_Preposições_sem,2025-12-12 00:00:49,,,,,,,,,,,,,,
Google Suggest,sugestao,bitcoin,bitcoin sem ko,800.0,br,chrome,youtube,categoria_Preposições_sem,2025-12-12 00:00:49,,,,,,,,,,,,,,
Google Suggest,sugestao,bitcoin,bitcoin sem rastro,601.0,br,chrome,youtube,categoria_Preposições_sem,2025-12-12 00:00:49,,,,,,,,,,,,,,
Google Suggest,sugestao,bitcoin,bitcoin sem taxa,600.0,br,chrome,youtube,categoria_Preposições_sem,2025-12-12 00:00:49,,,,,,,,,,,,,,
Google Suggest,sugestao,bitcoin,bitcoin sem internet,559.0,br,chrome,youtube,categoria_Preposições_sem,2025-12-12 00:00:49,,,,,,,,,,,,,,
Google Suggest,sugestao,bitcoin,bitcoin sem imposto,558.0,br,chrome,youtube,categoria_Preposições_sem,2025-12-12 00:00:49,,,,,,,,,,,,,,
Google Suggest,sugestao,bitcoin,comprar bitcoin sem taxa,557.0,br,chrome,youtube,categoria_Preposições_sem,2025-12-12 00:00:49,,,,,,,,,,,,,,
Google Suggest,sugestao,bitcoin,comprar bitcoin sem rastro,556.0,br,chrome,youtube,categoria_Preposições_sem,2025-12-12 00:00:49,,,,,,,,,,,,,,
Google Suggest,sugestao,bitcoin,cartão bitcoin sem kyc,555.0,br,chrome,youtube,categoria_Preposições_sem,2025-12-12 00:00:49,,,,,,,,,,,,,,
Google Suggest,sugestao,bitcoin,vender bitcoin sem kyc,554.0,br,chrome,youtube,categoria_Preposições_sem,2025-12-12 00:00:49,,,,,,,,,,,,,,
Google Suggest,sugestao,bitcoin,vender bitcoin sem imposto,553.0,br,chrome,youtube,categoria_Preposições_sem,2025-12-12 00:00:49,,,,,,,,,,,,,,
Google Suggest,sugestao,bitcoin,comprar bitcoin sem kyc pix,552.0,br,chrome,youtube,categoria_Preposições_sem,2025-12-12 00:00:49,,,,,,,,,,,,,,
Google Suggest,sugestao,bitcoin,bitcoin investimento sem ko,551.0,br,chrome,youtube,categoria_Preposições_sem,2025-12-12 00:00:49,,,,,,,,,,,,,,
Google Suggest,sugestao,bitcoin,carteira bitcoin sem taxa,550.0,br,chrome,youtube,categoria_Preposições_sem,2025-12-12 00:00:49,,,,,,,,,,,,,,
Google Suggest,sugestao,bitcoin,sobre bitcoin,601.0,br,chrome,youtube,categoria_Preposições_sobre,2025-12-12 00:00:49,,,,,,,,,,,,,,
Google Suggest,sugestao,bitcoin,sobre bitcoin hoje,600.0,br,chrome,youtube,categoria_Preposições_sobre,2025-12-12 00:00:49,,,,,,,,,,,,,,
Google Suggest,sugestao,bitcoin,tudo sobre bitcoin e criptomoedas,562.0,br,chrome,youtube,categoria_Preposições_sobre,2025-12-12 00:00:49,,,,,,,,,,,,,,
Google Suggest,sugestao,bitcoin,aula sobre bitcoin,561.0,br,chrome,youtube,categoria_Preposições_sobre,2025-12-12 00:00:49,,,,,,,,,,,,,,
Google Suggest,sugestao,bitcoin,desenho sobre bitcoin,560.0,br,chrome,youtube,categoria_Preposições_sobre,2025-12-12 00:00:49,,,,,,,,,,,,,,
Google Suggest,sugestao,bitcoin,imposto sobre bitcoin,559.0,br,chrome,youtube,categoria_Preposições_sobre,2025-12-12 00:00:49,,,,,,,,,,,,,,
Google Suggest,sugestao,bitcoin,tudo sobre bitcoin para iniciantes,558.0,br,chrome,youtube,categoria_Preposições_sobre,2025-12-12 00:00:49,,,,,,,,,,,,,,
Google Suggest,sugestao,bitcoin,tudo sobre bitcoin 2025,557.0,br,chrome,youtube,categoria_Preposições_sobre,2025-12-12 00:00:49,,,,,,,,,,,,,,
Google Suggest,sugestao,bitcoin,curso sobre bitcoin,556.0,br,chrome,youtube,categoria_Preposições_sobre,2025-12-12 00:00:49,,,,,,,,,,,,,,
Google Suggest,sugestao,bitcoin,notícias sobre bitcoin,555.0,br,chrome,youtube,categoria_Preposições_sobre,2025-12-12 00:00:49,,,,,,,,,,,,,,
Google Suggest,sugestao,bitcoin,debate sobre bitcoin,554.0,br,chrome,youtube,categoria_Preposições_sobre,2025-12-12 00:00:49,,,,,,,,,,,,,,
Google Suggest,sugestao,bitcoin,entenda sobre bitcoin,553.0,br,chrome,youtube,categoria_Preposições_sobre,2025-12-12 00:00:49,,,,,,,,,,,,,,
Google Suggest,sugestao,bitcoin,rubão sobre bitcoin,552.0,br,chrome,youtube,categoria_Preposições_sobre,2025-12-12 00:00:49,,,,,,,,,,,,,,
Google Suggest,sugestao,bitcoin,barsi sobre bitcoin,551.0,br,chrome,youtube,categoria_Preposições_sobre,2025-12-12 00:00:49,,,,,,,,,,,,,,
Google Suggest,sugestao,bitcoin,trezoitão sobre bitcoin,550.0,br,chrome,youtube,categoria_Preposições_sobre,2025-12-12 00:00:49,,,,,,,,,,,,,,
Google Suggest,sugestao,bitcoin,bitcoin contra,601.0,br,chrome,youtube,categoria_Preposições_contra,2025-12-12 00:00:49,,,,,,,,,,,,,,
Google Suggest,sugestao,bitcoin,como criar conta bitcoin,600.0,br,chrome,youtube,categoria_Preposições_contra,2025-12-12 00:00:49,,,,,,,,,,,,,,
Google Suggest,sugestao,bitcoin,conta bitcoin,558.0,br,chrome,youtube,categoria_Preposições_contra,2025-12-12 00:00:49,,,,,,,,,,,,,,
Google Suggest,sugestao,bitcoin,como recuperar conta bitcoin,557.0,br,chrome,youtube,categoria_Preposições_contra,2025-12-12 00:00:49,,,,,,,,,,,,,,
Google Suggest,sugestao,bitcoin,como ter conta bitcoin,556.0,br,chrome,youtube,categoria_Preposições_contra,2025-12-12 00:00:49,,,,,,,,,,,,,,
Google Suggest,sugestao,bitcoin,conta digital mercado bitcoin,555.0,br,chrome,youtube,categoria_Preposições_contra,2025-12-12 00:00:49,,,,,,,,,,,,,,
Google Suggest,sugestao,bitcoin,bitcoin pro und contra,554.0,br,chrome,youtube,categoria_Preposições_contra,2025-12-12 00:00:49,,,,,,,,,,,,,,
Google Suggest,sugestao,bitcoin,como criar conta bitcoin angola,553.0,br,chrome,youtube,categoria_Preposições_contra,2025-12-12 00:00:49,,,,,,,,,,,,,,
Google Suggest,sugestao,bitcoin,bitcoins,552.0,br,chrome,youtube,categoria_Preposições_contra,2025-12-12 00:00:49,,,,,,,,,,,,,,
Google Suggest,sugestao,bitcoin,bitcoin é confiável,551.0,br,chrome,youtube,categoria_Preposições_contra,2025-12-12 00:00:49,,,,,,,,,,,,,,
Google Suggest,sugestao,bitcoin,bitcoin explica,550.0,br,chrome,youtube,categoria_Preposições_contra,2025-12-12 00:00:49,,,,,,,,,,,,,,
Google Suggest,sugestao,bitcoin,bitcoin ate 2030,601.0,br,chrome,youtube,categoria_Preposições_até,2025-12-12 00:00:49,,,,,,,,,,,,,,
Google Suggest,sugestao,bitcoin,bitcoin ate onde vai,600.0,br,chrome,youtube,categoria_Preposições_até,2025-12-12 00:00:49,,,,,,,,,,,,,,
Google Suggest,sugestao,bitcoin,bitcoin vai cair ate quanto,554.0,br,chrome,youtube,categoria_Preposições_até,2025-12-12 00:00:49,,,,,,,,,,,,,,
Google Suggest,sugestao,bitcoin,bitcoins,553.0,br,chrome,youtube,categoria_Preposições_até,2025-12-12 00:00:49,,,,,,,,,,,,,,
Google Suggest,sugestao,bitcoin,bitcoin atualmente,552.0,br,chrome,youtube,categoria_Preposições_até,2025-12-12 00:00:49,,,,,,,,,,,,,,
Google Suggest,sugestao,bitcoin,bitcoin em alta,551.0,br,chrome,youtube,categoria_Preposições_até,2025-12-12 00:00:49,,,,,,,,,,,,,,
Google Suggest,sugestao,bitcoin,bitcoins hoje,550.0,br,chrome,youtube,categoria_Preposições_até,2025-12-12 00:00:49,,,,,,,,,,,,,,
Google Suggest,sugestao,bitcoin,bitcoin vs faria limer,1250.0,br,chrome,youtube,categoria_Comparações_vs,2025-12-12 00:00:49,,,,,,,,,,,,,,
Google Suggest,sugestao,bitcoin,bitcoin vs ethereum,1050.0,br,chrome,youtube,categoria_Comparações_vs,2025-12-12 00:00:49,,,,,,,,,,,,,,
Google Suggest,sugestao,bitcoin,bitcoin vs ações,900.0,br,chrome,youtube,categoria_Comparações_vs,2025-12-12 00:00:49,,,,,,,,,,,,,,
Google Suggest,sugestao,bitcoin,bitcoin vs ouro,601.0,br,chrome,youtube,categoria_Comparações_vs,2025-12-12 00:00:49,,,,,,,,,,,,,,
Google Suggest,sugestao,bitcoin,bitcoin vs monero,600.0,br,chrome,youtube,categoria_Comparações_vs,2025-12-12 00:00:49,,,,,,,,,,,,,,
Google Suggest,sugestao,bitcoin,bitcoin vs faria limers,559.0,br,chrome,youtube,categoria_Comparações_vs,2025-12-12 00:00:49,,,,,,,,,,,,,,
Google Suggest,sugestao,bitcoin,bitcoin vs faria,558.0,br,chrome,youtube,categoria_Comparações_vs,2025-12-12 00:00:49,,,,,,,,,,,,,,
Google Suggest,sugestao,bitcoin,bitcoin vs bitcoin cash,557.0,br,chrome,youtube,categoria_Comparações_vs,2025-12-12 00:00:49,,,,,,,,,,,,,,
Google Suggest,sugestao,bitcoin,bitcoin e drex,556.0,br,chrome,youtube,categoria_Comparações_vs,2025-12-12 00:00:49,,,,,,,,,,,,,,
Google Suggest,sugestao,bitcoin,bitcoin vs fiat,555.0,br,chrome,youtube,categoria_Comparações_vs,2025-12-12 00:00:49,,,,,,,,,,,,,,
Google Suggest,sugestao,bitcoin,bitcoin vs xrp,554.0,br,chrome,youtube,categoria_Comparações_vs,2025-12-12 00:00:49,,,,,,,,,,,,,,
Google Suggest,sugestao,bitcoin,bitcoin vs gold,553.0,br,chrome,youtube,categoria_Comparações_vs,2025-12-12 00:00:49,,,,,,,,,,,,,,
Google Suggest,sugestao,bitcoin,bitcoin vs shitcoin,552.0,br,chrome,youtube,categoria_Comparações_vs,2025-12-12 00:00:49,,,,,,,,,,,,,,
Google Suggest,sugestao,bitcoin,bitcoin vs altcoin,551.0,br,chrome,youtube,categoria_Comparações_vs,2025-12-12 00:00:49,,,,,,,,,,,,,,
Google Suggest,sugestao,bitcoin,bitcoin vs etf bitcoin,550.0,br,chrome,youtube,categoria_Comparações_vs,2025-12-12 00:00:49,,,,,,,,,,,,,,
Google Suggest,sugestao,bitcoin,bitcoin é melhor que dolar,601.0,br,chrome,youtube,categoria_Comparações_melhor que,2025-12-12 00:00:49,,,,,,,,,,,,,,
Google Suggest,sugestao,bitcoin,melhor que bitcoin,600.0,br,chrome,youtube,categoria_Comparações_melhor que,2025-12-12 00:00:49,,,,,,,,,,,,,,
Google Suggest,sugestao,bitcoin,bitcoin ou ethereum,1251.0,br,chrome,youtube,categoria_Comparações_ou,2025-12-12 00:00:49,,,,,,,,,,,,,,
Google Suggest,sugestao,bitcoin,bitcoin ou ações,1250.0,br,chrome,youtube,categoria_Comparações_ou,2025-12-12 00:00:49,,,,,,,,,,,,,,
Google Suggest,sugestao,bitcoin,bitcoin ou etf de bitcoin,950.0,br,chrome,youtube,categoria_Comparações_ou,2025-12-12 00:00:49,,,,,,,,,,,,,,
Google Suggest,sugestao,bitcoin,bitcoin ou fundos imobiliarios,602.0,br,chrome,youtube,categoria_Comparações_ou,2025-12-12 00:00:49,,,,,,,,,,,,,,
Google Suggest,sugestao,bitcoin,bitcoin ou criptomoedas,601.0,br,chrome,youtube,categoria_Comparações_ou,2025-12-12 00:00:49,,,,,,,,,,,,,,
Google Suggest,sugestao,bitcoin,bitcoin ou ouro,600.0,br,chrome,youtube,categoria_Comparações_ou,2025-12-12 00:00:49,,,,,,,,,,,,,,
Google Suggest,sugestao,bitcoin,bitcoin ou renda fixa,558.0,br,chrome,youtube,categoria_Comparações_ou,2025-12-12 00:00:49,,,,,,,,,,,,,,
Google Suggest,sugestao,bitcoin,bitcoin ou dolar,557.0,br,chrome,youtube,categoria_Comparações_ou,2025-12-12 00:00:49,,,,,,,,,,,,,,
Google Suggest,sugestao,bitcoin,bitcoin ou ethereum qual o melhor,556.0,br,chrome,youtube,categoria_Comparações_ou,2025-12-12 00:00:49,,,,,,,,,,,,,,
Google Suggest,sugestao,bitcoin,bitcoin ou cdb,555.0,br,chrome,youtube,categoria_Comparações_ou,2025-12-12 00:00:49,,,,,,,,,,,,,,
Google Suggest,sugestao,bitcoin,bitcoin ou bolsa de valores,554.0,br,chrome,youtube,categoria_Comparações_ou,2025-12-12 00:00:49,,,,,,,,,,,,,,
Google Suggest,sugestao,bitcoin,bitcoin ou nada,553.0,br,chrome,youtube,categoria_Comparações_ou,2025-12-12 00:00:49,,,,,,,,,,,,,,
Google Suggest,sugestao,bitcoin,bitcoin ou ethereum 2025,552.0,br,chrome,youtube,categoria_Comparações_ou,2025-12-12 00:00:49,,,,,,,,,,,,,,
Google Suggest,sugestao,bitcoin,bitcoin ou solana,551.0,br,chrome,youtube,categoria_Comparações_ou,2025-12-12 00:00:49,,,,,,,,,,,,,,
Google Suggest,sugestao,bitcoin,bitcoin ou altcoin,550.0,br,chrome,youtube,categoria_Comparações_ou,2025-12-12 00:00:49,,,,,,,,,,,,,,
Google Suggest,sugestao,bitcoin,bitcoin e liberdade,1201.0,br,chrome,youtube,categoria_Comparações_e,2025-12-12 00:00:49,,,,,,,,,,,,,,
Google Suggest,sugestao,bitcoin,bitcoin e ethereum,1200.0,br,chrome,youtube,categoria_Comparações_e,2025-12-12 00:00:49,,,,,,,,,,,,,,
Google Suggest,sugestao,bitcoin,bitcoin e criptomoedas,901.0,br,chrome,youtube,categoria_Comparações_e,2025-12-12 00:00:49,,,,,,,,,,,,,,
Google Suggest,sugestao,bitcoin,bitcoin e os pobres,900.0,br,chrome,youtube,categoria_Comparações_e,2025-12-12 00:00:49,,,,,,,,,,,,,,
Google Suggest,sugestao,bitcoin,bitcoin e blockchain,850.0,br,chrome,youtube,categoria_Comparações_e,2025-12-12 00:00:49,,,,,,,,,,,,,,
Google Suggest,sugestao,bitcoin,bitcoin e altcoins,650.0,br,chrome,youtube,categoria_Comparações_e,2025-12-12 00:00:49,,,,,,,,,,,,,,
Google Suggest,sugestao,bitcoin,bitcoin e guerra,601.0,br,chrome,youtube,categoria_Comparações_e,2025-12-12 00:00:49,,,,,,,,,,,,,,
Google Suggest,sugestao,bitcoin,bitcoin e ethereum 2025,600.0,br,chrome,youtube,categoria_Comparações_e,2025-12-12 00:00:49,,,,,,,,,,,,,,
Google Suggest,sugestao,bitcoin,bitcoin e imposto de renda,556.0,br,chrome,youtube,categoria_Comparações_e,2025-12-12 00:00:49,,,,,,,,,,,,,,
Google Suggest,sugestao,bitcoin,bitcoin é seguro,555.0,br,chrome,youtube,categoria_Comparações_e,2025-12-12 00:00:49,,,,,,,,,,,,,,
Google Suggest,sugestao,bitcoin,bitcoin e agora,554.0,br,chrome,youtube,categoria_Comparações_e,2025-12-12 00:00:49,,,,,,,,,,,,,,
Google Suggest,sugestao,bitcoin,bitcoin é furada,553.0,br,chrome,youtube,categoria_Comparações_e,2025-12-12 00:00:49,,,,,,,,,,,,,,
Google Suggest,sugestao,bitcoin,bitcoin e cripto,552.0,br,chrome,youtube,categoria_Comparações_e,2025-12-12 00:00:49,,,,,,,,,,,,,,
Google Suggest,sugestao,bitcoin,bitcoin em monero,551.0,br,chrome,youtube,categoria_Comparações_e,2025-12-12 00:00:49,,,,,,,,,,,,,,
Google Suggest,sugestao,bitcoin,bitcoin e criptomoedas como funciona,550.0,br,chrome,youtube,categoria_Comparações_e,2025-12-12 00:00:49,,,,,,,,,,,,,,
Google Trends,top,bitcoin,bitcoin hoje,,,,web,,2025-12-12 00:00:49,100.0,,,,,,,,,,,,,
Google Trends,top,bitcoin,dolar,,,,web,,2025-12-12 00:00:49,48.0,,,,,,,,,,,,,
Google Trends,top,bitcoin,bitcoin dolar,,,,web,,2025-12-12 00:00:49,47.0,,,,,,,,,,,,,
Google Trends,top,bitcoin,bitcoin dólar,,,,web,,2025-12-12 00:00:49,33.0,,,,,,,,,,,,,
Google Trends,top,bitcoin,dólar,,,,web,,2025-12-12 00:00:49,33.0,,,,,,,,,,,,,
Google Trends,top,bitcoin,bitcoin usd,,,,web,,2025-12-12 00:00:49,20.0,,,,,,,,,,,,,
Google Trends,top,bitcoin,dólar hoje,,,,web,,2025-12-12 00:00:49,19.0,,,,,,,,,,,,,
Google Trends,top,bitcoin,bitcoin dólar hoje,,,,web,,2025-12-12 00:00:49,19.0,,,,,,,,,,,,,
Google Trends,top,bitcoin,bitcoin valor,,,,web,,2025-12-12 00:00:49,17.0,,,,,,,,,,,,,
Google Trends,top,bitcoin,bitcoin dolar hoje,,,,web,,2025-12-12 00:00:49,15.0,,,,,,,,,,,,,
Google Trends,top,bitcoin,bitcoin real,,,,web,,2025-12-12 00:00:49,15.0,,,,,,,,,,,,,
Google Trends,top,bitcoin,dolar hoje,,,,web,,2025-12-12 00:00:49,14.0,,,,,,,,,,,,,
Google Trends,top,bitcoin,cotação bitcoin,,,,web,,2025-12-12 00:00:49,12.0,,,,,,,,,,,,,
Google Trends,top,bitcoin,bitcoin hoje usd,,,,web,,2025-12-12 00:00:49,10.0,,,,,,,,,,,,,
Google Trends,top,bitcoin,ethereum,,,,web,,2025-12-12 00:00:49,9.0,,,,,,,,,,,,,
Google Trends,top,bitcoin,bitcoin em dolar,,,,web,,2025-12-12 00:00:49,8.0,,,,,,,,,,,,,
Google Trends,top,bitcoin,bitcoin agora,,,,web,,2025-12-12 00:00:49,7.0,,,,,,,,,,,,,
Google Trends,top,bitcoin,bitcoin preço,,,,web,,2025-12-12 00:00:49,7.0,,,,,,,,,,,,,
Google Trends,top,bitcoin,bitcoin real hoje,,,,web,,2025-12-12 00:00:49,7.0,,,,,,,,,,,,,
Google Trends,top,bitcoin,valor do bitcoin,,,,web,,2025-12-12 00:00:49,7.0,,,,,,,,,,,,,
Google Trends,rising,bitcoin,gladson bitcoin,,,,web,,2025-12-12 00:00:49,550.0,,,,,,,,,,,,,
Google Trends,rising,bitcoin,fed,,,,web,,2025-12-12 00:00:49,200.0,,,,,,,,,,,,,
Google Trends,rising,bitcoin,grafico bitcoin agora,,,,web,,2025-12-12 00:00:49,50.0,,,,,,,,,,,,,
Google Trends,rising,bitcoin,ibovespa hoje,,,,web,,2025-12-12 00:00:49,50.0,,,,,,,,,,,,,
Google Trends,rising,bitcoin,bitcoin hoje dólar gráfico,,,,web,,2025-12-12 00:00:49,40.0,,,,,,,,,,,,,
Google Trends,regioes,bitcoin,Pará,,,,web,,2025-12-12 00:00:49,100.0,,,,,,,,,,,,,
Google Trends,regioes,bitcoin,Roraima,,,,web,,2025-12-12 00:00:49,99.0,,,,,,,,,,,,,
Google Trends,regioes,bitcoin,Santa Catarina,,,,web,,2025-12-12 00:00:49,94.0,,,,,,,,,,,,,
Google Trends,regioes,bitcoin,Distrito Federal,,,,web,,2025-12-12 00:00:49,93.0,,,,,,,,,,,,,
Google Trends,regioes,bitcoin,Acre,,,,web,,2025-12-12 00:00:49,92.0,,,,,,,,,,,,,
Google Trends,regioes,bitcoin,Rio Grande do Sul,,,,web,,2025-12-12 00:00:49,87.0,,,,,,,,,,,,,
Google Trends,regioes,bitcoin,São Paulo,,,,web,,2025-12-12 00:00:49,86.0,,,,,,,,,,,,,
Google Trends,regioes,bitcoin,Mato Grosso,,,,web,,2025-12-12 00:00:49,84.0,,,,,,,,,,,,,
Google Trends,regioes,bitcoin,Mato Grosso do Sul,,,,web,,2025-12-12 00:00:49,83.0,,,,,,,,,,,,,
Google Trends,regioes,bitcoin,Tocantins,,,,web,,2025-12-12 00:00:49,83.0,,,,,,,,,,,,,
Google Trends,regioes,bitcoin,Paraná,,,,web,,2025-12-12 00:00:49,82.0,,,,,,,,,,,,,
Google Trends,regioes,bitcoin,Espírito Santo,,,,web,,2025-12-12 00:00:49,82.0,,,,,,,,,,,,,
Google Trends,regioes,bitcoin,Rio Grande do Norte,,,,web,,2025-12-12 00:00:49,79.0,,,,,,,,,,,,,
Google Trends,regioes,bitcoin,Rio de Janeiro,,,,web,,2025-12-12 00:00:49,78.0,,,,,,,,,,,,,
Google Trends,regioes,bitcoin,Amazonas,,,,web,,2025-12-12 00:00:49,78.0,,,,,,,,,,,,,
Google Trends,regioes,bitcoin,Ceará,,,,web,,2025-12-12 00:00:49,76.0,,,,,,,,,,,,,
Google Trends,regioes,bitcoin,Rondônia,,,,web,,2025-12-12 00:00:49,75.0,,,,,,,,,,,,,
Google Trends,regioes,bitcoin,Goiás,,,,web,,2025-12-12 00:00:49,71.0,,,,,,,,,,,,,
Google Trends,regioes,bitcoin,Minas Gerais,,,,web,,2025-12-12 00:00:49,70.0,,,,,,,,,,,,,
Google Trends,regioes,bitcoin,Alagoas,,,,web,,2025-12-12 00:00:49,66.0,,,,,,,,,,,,,
Google Trends,tempo,bitcoin,,,,,web,,2025-12-12 00:00:49,85.0,,,,,,,,,,,,,
Google Trends,tempo,bitcoin,,,,,web,,2025-12-12 00:00:49,87.0,,,,,,,,,,,,,
Google Trends,tempo,bitcoin,,,,,web,,2025-12-12 00:00:49,95.0,,,,,,,,,,,,,
Google Trends,tempo,bitcoin,,,,,web,,2025-12-12 00:00:49,87.0,,,,,,,,,,,,,
Google Trends,tempo,bitcoin,,,,,web,,2025-12-12 00:00:49,82.0,,,,,,,,,,,,,
Google Trends,tempo,bitcoin,,,,,web,,2025-12-12 00:00:49,93.0,,,,,,,,,,,,,
Google Trends,tempo,bitcoin,,,,,web,,2025-12-12 00:00:49,100.0,,,,,,,,,,,,,
Google Trends,tempo,bitcoin,,,,,web,,2025-12-12 00:00:49,80.0,,,,,,,,,,,,,
Google Trends,tempo,bitcoin,,,,,web,,2025-12-12 00:00:49,73.0,,,,,,,,,,,,,
Google Trends,tempo,bitcoin,,,,,web,,2025-12-12 00:00:49,71.0,,,,,,,,,,,,,
Google Trends,tempo,bitcoin,,,,,web,,2025-12-12 00:00:49,72.0,,,,,,,,,,,,,
Google Trends,tempo,bitcoin,,,,,web,,2025-12-12 00:00:49,71.0,,,,,,,,,,,,,
Google Trends,tempo,bitcoin,,,,,web,,2025-12-12 00:00:49,75.0,,,,,,,,,,,,,
Google Trends,tempo,bitcoin,,,,,web,,2025-12-12 00:00:49,79.0,,,,,,,,,,,,,
Google Trends,tempo,bitcoin,,,,,web,,2025-12-12 00:00:49,81.0,,,,,,,,,,,,,
Google Trends,tempo,bitcoin,,,,,web,,2025-12-12 00:00:49,72.0,,,,,,,,,,,,,
Google Trends,tempo,bitcoin,,,,,web,,2025-12-12 00:00:49,76.0,,,,,,,,,,,,,
Google Trends,tempo,bitcoin,,,,,web,,2025-12-12 00:00:49,80.0,,,,,,,,,,,,,
Google Trends,tempo,bitcoin,,,,,web,,2025-12-12 00:00:49,80.0,,,,,,,,,,,,,
Google Trends,tempo,bitcoin,,,,,web,,2025-12-12 00:00:49,74.0,,,,,,,,,,,,,
Google Trends,tempo,bitcoin,,,,,web,,2025-12-12 00:00:49,68.0,,,,,,,,,,,,,
Google Trends,tempo,bitcoin,,,,,web,,2025-12-12 00:00:49,74.0,,,,,,,,,,,,,
Google Trends,tempo,bitcoin,,,,,web,,2025-12-12 00:00:49,75.0,,,,,,,,,,,,,
Google Trends,tempo,bitcoin,,,,,web,,2025-12-12 00:00:49,85.0,,,,,,,,,,,,,
Google Trends,tempo,bitcoin,,,,,web,,2025-12-12 00:00:49,88.0,,,,,,,,,,,,,
Google Trends,tempo,bitcoin,,,,,web,,2025-12-12 00:00:49,89.0,,,,,,,,,,,,,
Google Trends,tempo,bitcoin,,,,,web,,2025-12-12 00:00:49,87.0,,,,,,,,,,,,,
Google Trends,tempo,bitcoin,,,,,web,,2025-12-12 00:00:49,87.0,,,,,,,,,,,,,
Google Trends,tempo,bitcoin,,,,,web,,2025-12-12 00:00:49,85.0,,,,,,,,,,,,,
Google Trends,tempo,bitcoin,,,,,web,,2025-12-12 00:00:49,77.0,,,,,,,,,,,,,
Google Trends,tempo,bitcoin,,,,,web,,2025-12-12 00:00:49,87.0,,,,,,,,,,,,,
Google Trends,tempo,bitcoin,,,,,web,,2025-12-12 00:00:49,81.0,,,,,,,,,,,,,
Google Trends,tempo,bitcoin,,,,,web,,2025-12-12 00:00:49,70.0,,,,,,,,,,,,,
Google Trends,tempo,bitcoin,,,,,web,,2025-12-12 00:00:49,60.0,,,,,,,,,,,,,
Google Trends,tempo,bitcoin,,,,,web,,2025-12-12 00:00:49,62.0,,,,,,,,,,,,,
Google Trends,tempo,bitcoin,,,,,web,,2025-12-12 00:00:49,61.0,,,,,,,,,,,,,
Google Trends,tempo,bitcoin,,,,,web,,2025-12-12 00:00:49,55.0,,,,,,,,,,,,,
Google Trends,tempo,bitcoin,,,,,web,,2025-12-12 00:00:49,55.0,,,,,,,,,,,,,
Google Trends,tempo,bitcoin,,,,,web,,2025-12-12 00:00:49,54.0,,,,,,,,,,,,,
Google Trends,tempo,bitcoin,,,,,web,,2025-12-12 00:00:49,54.0,,,,,,,,,,,,,
Google Trends,tempo,bitcoin,,,,,web,,2025-12-12 00:00:49,53.0,,,,,,,,,,,,,
Google Trends,tempo,bitcoin,,,,,web,,2025-12-12 00:00:49,56.0,,,,,,,,,,,,,
Google Trends,tempo,bitcoin,,,,,web,,2025-12-12 00:00:49,52.0,,,,,,,,,,,,,
Google Trends,tempo,bitcoin,,,,,web,,2025-12-12 00:00:49,49.0,,,,,,,,,,,,,
Google Trends,tempo,bitcoin,,,,,web,,2025-12-12 00:00:49,48.0,,,,,,,,,,,,,
Google Trends,tempo,bitcoin,,,,,web,,2025-12-12 00:00:49,56.0,,,,,,,,,,,,,
Google Trends,tempo,bitcoin,,,,,web,,2025-12-12 00:00:49,59.0,,,,,,,,,,,,,
Google Trends,tempo,bitcoin,,,,,web,,2025-12-12 00:00:49,58.0,,,,,,,,,,,,,
Google Trends,tempo,bitcoin,,,,,web,,2025-12-12 00:00:49,70.0,,,,,,,,,,,,,
Google Trends,tempo,bitcoin,,,,,web,,2025-12-12 00:00:49,65.0,,,,,,,,,,,,,
Google Trends,tempo,bitcoin,,,,,web,,2025-12-12 00:00:49,82.0,,,,,,,,,,,,,
Google Trends,tempo,bitcoin,,,,,web,,2025-12-12 00:00:49,74.0,,,,,,,,,,,,,
Google Trends,tempo,bitcoin,,,,,web,,2025-12-12 00:00:49,72.0,,,,,,,,,,,,,
Google Trends,tempo,bitcoin,,,,,web,,2025-12-12 00:00:49,82.0,,,,,,,,,,,,,
Google Trends,tempo,bitcoin,,,,,web,,2025-12-12 00:00:49,78.0,,,,,,,,,,,,,
Google Trends,tempo,bitcoin,,,,,web,,2025-12-12 00:00:49,71.0,,,,,,,,,,,,,
Google Trends,tempo,bitcoin,,,,,web,,2025-12-12 00:00:49,74.0,,,,,,,,,,,,,
Google Trends,tempo,bitcoin,,,,,web,,2025-12-12 00:00:49,63.0,,,,,,,,,,,,,
Google Trends,tempo,bitcoin,,,,,web,,2025-12-12 00:00:49,61.0,,,,,,,,,,,,,
Google Trends,tempo,bitcoin,,,,,web,,2025-12-12 00:00:49,56.0,,,,,,,,,,,,,
Google Trends,tempo,bitcoin,,,,,web,,2025-12-12 00:00:49,59.0,,,,,,,,,,,,,
Google Trends,tempo,bitcoin,,,,,web,,2025-12-12 00:00:49,55.0,,,,,,,,,,,,,
Google Trends,tempo,bitcoin,,,,,web,,2025-12-12 00:00:49,60.0,,,,,,,,,,,,,
Google Trends,tempo,bitcoin,,,,,web,,2025-12-12 00:00:49,57.0,,,,,,,,,,,,,
Google Trends,tempo,bitcoin,,,,,web,,2025-12-12 00:00:49,42.0,,,,,,,,,,,,,
Google Trends,tempo,bitcoin,,,,,web,,2025-12-12 00:00:49,44.0,,,,,,,,,,,,,
Google Trends,tempo,bitcoin,,,,,web,,2025-12-12 00:00:49,46.0,,,,,,,,,,,,,
Google Trends,tempo,bitcoin,,,,,web,,2025-12-12 00:00:49,57.0,,,,,,,,,,,,,
Google Trends,tempo,bitcoin,,,,,web,,2025-12-12 00:00:49,56.0,,,,,,,,,,,,,
Google Trends,tempo,bitcoin,,,,,web,,2025-12-12 00:00:49,67.0,,,,,,,,,,,,,
Google Trends,tempo,bitcoin,,,,,web,,2025-12-12 00:00:49,65.0,,,,,,,,,,,,,
Google Trends,tempo,bitcoin,,,,,web,,2025-12-12 00:00:49,67.0,,,,,,,,,,,,,
Google Trends,tempo,bitcoin,,,,,web,,2025-12-12 00:00:49,75.0,,,,,,,,,,,,,
Google Trends,tempo,bitcoin,,,,,web,,2025-12-12 00:00:49,78.0,,,,,,,,,,,,,
Google Trends,tempo,bitcoin,,,,,web,,2025-12-12 00:00:49,85.0,,,,,,,,,,,,,
Google Trends,tempo,bitcoin,,,,,web,,2025-12-12 00:00:49,74.0,,,,,,,,,,,,,
Google Trends,tempo,bitcoin,,,,,web,,2025-12-12 00:00:49,76.0,,,,,,,,,,,,,
Google Trends,tempo,bitcoin,,,,,web,,2025-12-12 00:00:49,85.0,,,,,,,,,,,,,
Google Trends,tempo,bitcoin,,,,,web,,2025-12-12 00:00:49,91.0,,,,,,,,,,,,,
Google Trends,tempo,bitcoin,,,,,web,,2025-12-12 00:00:49,85.0,,,,,,,,,,,,,
Google Trends,tempo,bitcoin,,,,,web,,2025-12-12 00:00:49,74.0,,,,,,,,,,,,,
Google Trends,tempo,bitcoin,,,,,web,,2025-12-12 00:00:49,74.0,,,,,,,,,,,,,
Google Trends,tempo,bitcoin,,,,,web,,2025-12-12 00:00:49,71.0,,,,,,,,,,,,,
Google Trends,tempo,bitcoin,,,,,web,,2025-12-12 00:00:49,73.0,,,,,,,,,,,,,
Google Trends,tempo,bitcoin,,,,,web,,2025-12-12 00:00:49,72.0,,,,,,,,,,,,,
Google Trends,tempo,bitcoin,,,,,web,,2025-12-12 00:00:49,66.0,,,,,,,,,,,,,
Google Trends,tempo,bitcoin,,,,,web,,2025-12-12 00:00:49,63.0,,,,,,,,,,,,,
Google Trends,tempo,bitcoin,,,,,web,,2025-12-12 00:00:49,67.0,,,,,,,,,,,,,
Google Trends,tempo,bitcoin,,,,,web,,2025-12-12 00:00:49,65.0,,,,,,,,,,,,,
Google Trends,tempo,bitcoin,,,,,web,,2025-12-12 00:00:49,67.0,,,,,,,,,,,,,
Google Trends,tempo,bitcoin,,,,,web,,2025-12-12 00:00:49,65.0,,,,,,,,,,,,,
Google Trends,tempo,bitcoin,,,,,web,,2025-12-12 00:00:49,67.0,,,,,,,,,,,,,
Google Trends,tempo,bitcoin,,,,,web,,2025-12-12 00:00:49,62.0,,,,,,,,,,,,,
Google Trends,tempo,bitcoin,,,,,web,,2025-12-12 00:00:49,68.0,,,,,,,,,,,,,
Google Trends,tempo,bitcoin,,,,,web,,2025-12-12 00:00:49,69.0,,,,,,,,,,,,,
Google Trends,tempo,bitcoin,,,,,web,,2025-12-12 00:00:49,73.0,,,,,,,,,,,,,
Google Trends,tempo,bitcoin,,,,,web,,2025-12-12 00:00:49,82.0,,,,,,,,,,,,,
Google Trends,tempo,bitcoin,,,,,web,,2025-12-12 00:00:49,79.0,,,,,,,,,,,,,
Google Trends,tempo,bitcoin,,,,,web,,2025-12-12 00:00:49,72.0,,,,,,,,,,,,,
Google Trends,tempo,bitcoin,,,,,web,,2025-12-12 00:00:49,74.0,,,,,,,,,,,,,
Google Trends,tempo,bitcoin,,,,,web,,2025-12-12 00:00:49,89.0,,,,,,,,,,,,,
Google Trends,tempo,bitcoin,,,,,web,,2025-12-12 00:00:49,88.0,,,,,,,,,,,,,
Google Trends,tempo,bitcoin,,,,,web,,2025-12-12 00:00:49,84.0,,,,,,,,,,,,,
Google Trends,tempo,bitcoin,,,,,web,,2025-12-12 00:00:49,71.0,,,,,,,,,,,,,
Google Trends,tempo,bitcoin,,,,,web,,2025-12-12 00:00:49,67.0,,,,,,,,,,,,,
Google Trends,tempo,bitcoin,,,,,web,,2025-12-12 00:00:49,67.0,,,,,,,,,,,,,
Google Trends,tempo,bitcoin,,,,,web,,2025-12-12 00:00:49,72.0,,,,,,,,,,,,,
Google Trends,tempo,bitcoin,,,,,web,,2025-12-12 00:00:49,63.0,,,,,,,,,,,,,
Google Trends,tempo,bitcoin,,,,,web,,2025-12-12 00:00:49,68.0,,,,,,,,,,,,,
Google Trends,tempo,bitcoin,,,,,web,,2025-12-12 00:00:49,93.0,,,,,,,,,,,,,
Google Trends,tempo,bitcoin,,,,,web,,2025-12-12 00:00:49,81.0,,,,,,,,,,,,,
Google Trends,tempo,bitcoin,,,,,web,,2025-12-12 00:00:49,72.0,,,,,,,,,,,,,
Google Trends,tempo,bitcoin,,,,,web,,2025-12-12 00:00:49,72.0,,,,,,,,,,,,,
Google Trends,tempo,bitcoin,,,,,web,,2025-12-12 00:00:49,68.0,,,,,,,,,,,,,
Google Trends,tempo,bitcoin,,,,,web,,2025-12-12 00:00:49,68.0,,,,,,,,,,,,,
Google Trends,tempo,bitcoin,,,,,web,,2025-12-12 00:00:49,61.0,,,,,,,,,,,,,
Google Trends,tempo,bitcoin,,,,,web,,2025-12-12 00:00:49,62.0,,,,,,,,,,,,,
Google Trends,tempo,bitcoin,,,,,web,,2025-12-12 00:00:49,69.0,,,,,,,,,,,,,
Google Trends,tempo,bitcoin,,,,,web,,2025-12-12 00:00:49,70.0,,,,,,,,,,,,,
Google Trends,tempo,bitcoin,,,,,web,,2025-12-12 00:00:49,74.0,,,,,,,,,,,,,
Google Trends,tempo,bitcoin,,,,,web,,2025-12-12 00:00:49,76.0,,,,,,,,,,,,,
Google Trends,tempo,bitcoin,,,,,web,,2025-12-12 00:00:49,73.0,,,,,,,,,,,,,
Google Trends,tempo,bitcoin,,,,,web,,2025-12-12 00:00:49,79.0,,,,,,,,,,,,,
Google Trends,tempo,bitcoin,,,,,web,,2025-12-12 00:00:49,67.0,,,,,,,,,,,,,
Google Trends,tempo,bitcoin,,,,,web,,2025-12-12 00:00:49,72.0,,,,,,,,,,,,,
Google Trends,tempo,bitcoin,,,,,web,,2025-12-12 00:00:49,77.0,,,,,,,,,,,,,
Google Trends,tempo,bitcoin,,,,,web,,2025-12-12 00:00:49,77.0,,,,,,,,,,,,,
Google Trends,tempo,bitcoin,,,,,web,,2025-12-12 00:00:49,74.0,,,,,,,,,,,,,
Google Trends,tempo,bitcoin,,,,,web,,2025-12-12 00:00:49,69.0,,,,,,,,,,,,,
Google Trends,tempo,bitcoin,,,,,web,,2025-12-12 00:00:49,64.0,,,,,,,,,,,,,
Google Trends,tempo,bitcoin,,,,,web,,2025-12-12 00:00:49,64.0,,,,,,,,,,,,,
Google Trends,tempo,bitcoin,,,,,web,,2025-12-12 00:00:49,67.0,,,,,,,,,,,,,
Google Trends,tempo,bitcoin,,,,,web,,2025-12-12 00:00:49,64.0,,,,,,,,,,,,,
Google Trends,tempo,bitcoin,,,,,web,,2025-12-12 00:00:49,61.0,,,,,,,,,,,,,
Google Trends,tempo,bitcoin,,,,,web,,2025-12-12 00:00:49,52.0,,,,,,,,,,,,,
Google Trends,tempo,bitcoin,,,,,web,,2025-12-12 00:00:49,57.0,,,,,,,,,,,,,
Google Trends,tempo,bitcoin,,,,,web,,2025-12-12 00:00:49,64.0,,,,,,,,,,,,,
Google Trends,tempo,bitcoin,,,,,web,,2025-12-12 00:00:49,69.0,,,,,,,,,,,,,
Google Trends,tempo,bitcoin,,,,,web,,2025-12-12 00:00:49,72.0,,,,,,,,,,,,,
Google Trends,tempo,bitcoin,,,,,web,,2025-12-12 00:00:49,62.0,,,,,,,,,,,,,
Google Trends,tempo,bitcoin,,,,,web,,2025-12-12 00:00:49,60.0,,,,,,,,,,,,,
Google Trends,tempo,bitcoin,,,,,web,,2025-12-12 00:00:49,62.0,,,,,,,,,,,,,
Google Trends,tempo,bitcoin,,,,,web,,2025-12-12 00:00:49,64.0,,,,,,,,,,,,,
Google Trends,tempo,bitcoin,,,,,web,,2025-12-12 00:00:49,66.0,,,,,,,,,,,,,
Google Trends,tempo,bitcoin,,,,,web,,2025-12-12 00:00:49,78.0,,,,,,,,,,,,,
Google Trends,tempo,bitcoin,,,,,web,,2025-12-12 00:00:49,82.0,,,,,,,,,,,,,
Google Trends,tempo,bitcoin,,,,,web,,2025-12-12 00:00:49,68.0,,,,,,,,,,,,,
Google Trends,tempo,bitcoin,,,,,web,,2025-12-12 00:00:49,79.0,,,,,,,,,,,,,
Google Trends,tempo,bitcoin,,,,,web,,2025-12-12 00:00:49,65.0,,,,,,,,,,,,,
Google Trends,tempo,bitcoin,,,,,web,,2025-12-12 00:00:49,85.0,,,,,,,,,,,,,
Google Trends,tempo,bitcoin,,,,,web,,2025-12-12 00:00:49,84.0,,,,,,,,,,,,,
Google Trends,tempo,bitcoin,,,,,web,,2025-12-12 00:00:49,78.0,,,,,,,,,,,,,
Google Trends,tempo,bitcoin,,,,,web,,2025-12-12 00:00:49,66.0,,,,,,,,,,,,,
Google Trends,tempo,bitcoin,,,,,web,,2025-12-12 00:00:49,65.0,,,,,,,,,,,,,
Google Trends,tempo,bitcoin,,,,,web,,2025-12-12 00:00:49,71.0,,,,,,,,,,,,,
Google Trends,tempo,bitcoin,,,,,web,,2025-12-12 00:00:49,67.0,,,,,,,,,,,,,
Google Trends,tempo,bitcoin,,,,,web,,2025-12-12 00:00:49,69.0,,,,,,,,,,,,,
Google Trends,tempo,bitcoin,,,,,web,,2025-12-12 00:00:49,67.0,,,,,,,,,,,,,
Google Trends,tempo,bitcoin,,,,,web,,2025-12-12 00:00:49,65.0,,,,,,,,,,,,,
Google Trends,tempo,bitcoin,,,,,web,,2025-12-12 00:00:49,63.0,,,,,,,,,,,,,
Google Trends,tempo,bitcoin,,,,,web,,2025-12-12 00:00:49,65.0,,,,,,,,,,,,,
Google Trends,tempo,bitcoin,,,,,web,,2025-12-12 00:00:49,63.0,,,,,,,,,,,,,
Google Trends,tempo,bitcoin,,,,,web,,2025-12-12 00:00:49,69.0,,,,,,,,,,,,,
Google Trends,tempo,bitcoin,,,,,web,,2025-12-12 00:00:49,61.0,,,,,,,,,,,,,
Google Trends,tempo,bitcoin,,,,,web,,2025-12-12 00:00:49,58.0,,,,,,,,,,,,,
Google Trends,tempo,bitcoin,,,,,web,,2025-12-12 00:00:49,61.0,,,,,,,,,,,,,
Google Trends,tempo,bitcoin,,,,,web,,2025-12-12 00:00:49,61.0,,,,,,,,,,,,,
Google Trends,tempo,bitcoin,,,,,web,,2025-12-12 00:00:49,70.0,,,,,,,,,,,,,
Google Trends,top,bitcoin,bitcoin hoje,,,,images,,2025-12-12 00:00:49,100.0,,,,,,,,,,,,,
Google Trends,top,bitcoin,bitcoin dólar,,,,images,,2025-12-12 00:00:49,27.0,,,,,,,,,,,,,
Google Trends,top,bitcoin,gráfico bitcoin,,,,images,,2025-12-12 00:00:49,26.0,,,,,,,,,,,,,
Google Trends,top,bitcoin,bitcoin agora,,,,images,,2025-12-12 00:00:49,23.0,,,,,,,,,,,,,
Google Trends,top,bitcoin,grafico bitcoin,,,,images,,2025-12-12 00:00:49,21.0,,,,,,,,,,,,,
Google Trends,top,bitcoin,bitcoin hoje dólar,,,,images,,2025-12-12 00:00:49,20.0,,,,,,,,,,,,,
Google Trends,top,bitcoin,bitcoin hoje real,,,,images,,2025-12-12 00:00:49,20.0,,,,,,,,,,,,,
Google Trends,top,bitcoin,bitcoin dolar,,,,images,,2025-12-12 00:00:49,18.0,,,,,,,,,,,,,
Google Trends,top,bitcoin,bitcoin png,,,,images,,2025-12-12 00:00:49,15.0,,,,,,,,,,,,,
Google Trends,top,bitcoin,bitcoin logo,,,,images,,2025-12-12 00:00:49,14.0,,,,,,,,,,,,,
Google Trends,top,bitcoin,mercado bitcoin,,,,images,,2025-12-12 00:00:49,13.0,,,,,,,,,,,,,
Google Trends,top,bitcoin,bitcoin usd,,,,images,,2025-12-12 00:00:49,12.0,,,,,,,,,,,,,
Google Trends,top,bitcoin,ethereum,,,,images,,2025-12-12 00:00:49,11.0,,,,,,,,,,,,,
Google Trends,top,bitcoin,bitcoin wallpaper,,,,images,,2025-12-12 00:00:49,9.0,,,,,,,,,,,,,
Google Trends,top,bitcoin,satoshi,,,,images,,2025-12-12 00:00:49,8.0,,,,,,,,,,,,,
Google Trends,top,bitcoin,gráfico bitcoin hoje,,,,images,,2025-12-12 00:00:49,7.0,,,,,,,,,,,,,
Google Trends,top,bitcoin,grafico bitcoin agora,,,,images,,2025-12-12 00:00:49,7.0,,,,,,,,,,,,,
Google Trends,top,bitcoin,mineradora de bitcoin,,,,images,,2025-12-12 00:00:49,6.0,,,,,,,,,,,,,
Google Trends,top,bitcoin,bitcoin hoje usd,,,,images,,2025-12-12 00:00:49,6.0,,,,,,,,,,,,,
Google Trends,top,bitcoin,bitcoin agora hoje,,,,images,,2025-12-12 00:00:49,5.0,,,,,,,,,,,,,
Google Trends,rising,bitcoin,bitcoin hoje dólar gráfico,,,,images,,2025-12-12 00:00:49,60900.0,,,,,,,,,,,,,
Google Trends,rising,bitcoin,bitcoin gif,,,,images,,2025-12-12 00:00:49,53950.0,,,,,,,,,,,,,
Google Trends,rising,bitcoin,grafico bitcoin hoje,,,,images,,2025-12-12 00:00:49,46050.0,,,,,,,,,,,,,
Google Trends,rising,bitcoin,ethereum,,,,images,,2025-12-12 00:00:49,500.0,,,,,,,,,,,,,
Google Trends,rising,bitcoin,bitcoin hoje usd,,,,images,,2025-12-12 00:00:49,200.0,,,,,,,,,,,,,
Google Trends,rising,bitcoin,daniel fraga bitcoin,,,,images,,2025-12-12 00:00:49,160.0,,,,,,,,,,,,,
Google Trends,rising,bitcoin,preço do bitcoin hoje,,,,images,,2025-12-12 00:00:49,120.0,,,,,,,,,,,,,
Google Trends,rising,bitcoin,bitcoin hoje dólar,,,,images,,2025-12-12 00:00:49,100.0,,,,,,,,,,,,,
Google Trends,rising,bitcoin,bitcoin hoje real,,,,images,,2025-12-12 00:00:49,80.0,,,,,,,,,,,,,
Google Trends,rising,bitcoin,satoshi,,,,images,,2025-12-12 00:00:49,80.0,,,,,,,,,,,,,
Google Trends,rising,bitcoin,bitcoin dólar,,,,images,,2025-12-12 00:00:49,60.0,,,,,,,,,,,,,
Google Trends,rising,bitcoin,bitcoin logo,,,,images,,2025-12-12 00:00:49,50.0,,,,,,,,,,,,,
Google Trends,rising,bitcoin,grafico bitcoin,,,,images,,2025-12-12 00:00:49,40.0,,,,,,,,,,,,,
Google Trends,rising,bitcoin,bitcoin usd,,,,images,,2025-12-12 00:00:49,40.0,,,,,,,,,,,,,
Google Trends,rising,bitcoin,mineradora de bitcoin,,,,images,,2025-12-12 00:00:49,40.0,,,,,,,,,,,,,
Google Trends,regioes,bitcoin,Tocantins,,,,images,,2025-12-12 00:00:49,100.0,,,,,,,,,,,,,
Google Trends,regioes,bitcoin,Rio Grande do Norte,,,,images,,2025-12-12 00:00:49,56.0,,,,,,,,,,,,,
Google Trends,regioes,bitcoin,Mato Grosso,,,,images,,2025-12-12 00:00:49,53.0,,,,,,,,,,,,,
Google Trends,regioes,bitcoin,Santa Catarina,,,,images,,2025-12-12 00:00:49,39.0,,,,,,,,,,,,,
Google Trends,regioes,bitcoin,Espírito Santo,,,,images,,2025-12-12 00:00:49,38.0,,,,,,,,,,,,,
Google Trends,regioes,bitcoin,Paraná,,,,images,,2025-12-12 00:00:49,37.0,,,,,,,,,,,,,
Google Trends,regioes,bitcoin,São Paulo,,,,images,,2025-12-12 00:00:49,35.0,,,,,,,,,,,,,
Google Trends,regioes,bitcoin,Goiás,,,,images,,2025-12-12 00:00:49,32.0,,,,,,,,,,,,,
Google Trends,regioes,bitcoin,Bahia,,,,images,,2025-12-12 00:00:49,28.0,,,,,,,,,,,,,
Google Trends,regioes,bitcoin,Minas Gerais,,,,images,,2025-12-12 00:00:49,26.0,,,,,,,,,,,,,
Google Trends,regioes,bitcoin,Maranhão,,,,images,,2025-12-12 00:00:49,25.0,,,,,,,,,,,,,
Google Trends,regioes,bitcoin,Rio de Janeiro,,,,images,,2025-12-12 00:00:49,25.0,,,,,,,,,,,,,
Google Trends,regioes,bitcoin,Distrito Federal,,,,images,,2025-12-12 00:00:49,24.0,,,,,,,,,,,,,
Google Trends,regioes,bitcoin,Rio Grande do Sul,,,,images,,2025-12-12 00:00:49,23.0,,,,,,,,,,,,,
Google Trends,regioes,bitcoin,Ceará,,,,images,,2025-12-12 00:00:49,22.0,,,,,,,,,,,,,
Google Trends,regioes,bitcoin,Pará,,,,images,,2025-12-12 00:00:49,20.0,,,,,,,,,,,,,
Google Trends,regioes,bitcoin,Pernambuco,,,,images,,2025-12-12 00:00:49,13.0,,,,,,,,,,,,,
Google Trends,regioes,bitcoin,Piauí,,,,images,,2025-12-12 00:00:49,0.0,,,,,,,,,,,,,
Google Trends,regioes,bitcoin,Amazonas,,,,images,,2025-12-12 00:00:49,0.0,,,,,,,,,,,,,
Google Trends,regioes,bitcoin,Paraíba,,,,images,,2025-12-12 00:00:49,0.0,,,,,,,,,,,,,
Google Trends,tempo,bitcoin,,,,,images,,2025-12-12 00:00:49,0.0,,,,,,,,,,,,,
Google Trends,tempo,bitcoin,,,,,images,,2025-12-12 00:00:49,0.0,,,,,,,,,,,,,
Google Trends,tempo,bitcoin,,,,,images,,2025-12-12 00:00:49,0.0,,,,,,,,,,,,,
Google Trends,tempo,bitcoin,,,,,images,,2025-12-12 00:00:49,0.0,,,,,,,,,,,,,
Google Trends,tempo,bitcoin,,,,,images,,2025-12-12 00:00:49,0.0,,,,,,,,,,,,,
Google Trends,tempo,bitcoin,,,,,images,,2025-12-12 00:00:49,0.0,,,,,,,,,,,,,
Google Trends,tempo,bitcoin,,,,,images,,2025-12-12 00:00:49,0.0,,,,,,,,,,,,,
Google Trends,tempo,bitcoin,,,,,images,,2025-12-12 00:00:49,0.0,,,,,,,,,,,,,
Google Trends,tempo,bitcoin,,,,,images,,2025-12-12 00:00:49,89.0,,,,,,,,,,,,,
Google Trends,tempo,bitcoin,,,,,images,,2025-12-12 00:00:49,0.0,,,,,,,,,,,,,
Google Trends,tempo,bitcoin,,,,,images,,2025-12-12 00:00:49,60.0,,,,,,,,,,,,,
Google Trends,tempo,bitcoin,,,,,images,,2025-12-12 00:00:49,0.0,,,,,,,,,,,,,
Google Trends,tempo,bitcoin,,,,,images,,2025-12-12 00:00:49,0.0,,,,,,,,,,,,,
Google Trends,tempo,bitcoin,,,,,images,,2025-12-12 00:00:49,61.0,,,,,,,,,,,,,
Google Trends,tempo,bitcoin,,,,,images,,2025-12-12 00:00:49,0.0,,,,,,,,,,,,,
Google Trends,tempo,bitcoin,,,,,images,,2025-12-12 00:00:49,0.0,,,,,,,,,,,,,
Google Trends,tempo,bitcoin,,,,,images,,2025-12-12 00:00:49,0.0,,,,,,,,,,,,,
Google Trends,tempo,bitcoin,,,,,images,,2025-12-12 00:00:49,78.0,,,,,,,,,,,,,
Google Trends,tempo,bitcoin,,,,,images,,2025-12-12 00:00:49,0.0,,,,,,,,,,,,,
Google Trends,tempo,bitcoin,,,,,images,,2025-12-12 00:00:49,84.0,,,,,,,,,,,,,
Google Trends,tempo,bitcoin,,,,,images,,2025-12-12 00:00:49,0.0,,,,,,,,,,,,,
Google Trends,tempo,bitcoin,,,,,images,,2025-12-12 00:00:49,0.0,,,,,,,,,,,,,
Google Trends,tempo,bitcoin,,,,,images,,2025-12-12 00:00:49,0.0,,,,,,,,,,,,,
Google Trends,tempo,bitcoin,,,,,images,,2025-12-12 00:00:49,0.0,,,,,,,,,,,,,
Google Trends,tempo,bitcoin,,,,,images,,2025-12-12 00:00:49,0.0,,,,,,,,,,,,,
Google Trends,tempo,bitcoin,,,,,images,,2025-12-12 00:00:49,0.0,,,,,,,,,,,,,
Google Trends,tempo,bitcoin,,,,,images,,2025-12-12 00:00:49,0.0,,,,,,,,,,,,,
Google Trends,tempo,bitcoin,,,,,images,,2025-12-12 00:00:49,0.0,,,,,,,,,,,,,
Google Trends,tempo,bitcoin,,,,,images,,2025-12-12 00:00:49,0.0,,,,,,,,,,,,,
Google Trends,tempo,bitcoin,,,,,images,,2025-12-12 00:00:49,0.0,,,,,,,,,,,,,
Google Trends,tempo,bitcoin,,,,,images,,2025-12-12 00:00:49,0.0,,,,,,,,,,,,,
Google Trends,tempo,bitcoin,,,,,images,,2025-12-12 00:00:49,0.0,,,,,,,,,,,,,
Google Trends,tempo,bitcoin,,,,,images,,2025-12-12 00:00:49,0.0,,,,,,,,,,,,,
Google Trends,tempo,bitcoin,,,,,images,,2025-12-12 00:00:49,0.0,,,,,,,,,,,,,
Google Trends,tempo,bitcoin,,,,,images,,2025-12-12 00:00:49,0.0,,,,,,,,,,,,,
Google Trends,tempo,bitcoin,,,,,images,,2025-12-12 00:00:49,0.0,,,,,,,,,,,,,
Google Trends,tempo,bitcoin,,,,,images,,2025-12-12 00:00:49,0.0,,,,,,,,,,,,,
Google Trends,tempo,bitcoin,,,,,images,,2025-12-12 00:00:49,0.0,,,,,,,,,,,,,
Google Trends,tempo,bitcoin,,,,,images,,2025-12-12 00:00:49,0.0,,,,,,,,,,,,,
Google Trends,tempo,bitcoin,,,,,images,,2025-12-12 00:00:49,0.0,,,,,,,,,,,,,
Google Trends,tempo,bitcoin,,,,,images,,2025-12-12 00:00:49,0.0,,,,,,,,,,,,,
Google Trends,tempo,bitcoin,,,,,images,,2025-12-12 00:00:49,0.0,,,,,,,,,,,,,
Google Trends,tempo,bitcoin,,,,,images,,2025-12-12 00:00:49,0.0,,,,,,,,,,,,,
Google Trends,tempo,bitcoin,,,,,images,,2025-12-12 00:00:49,0.0,,,,,,,,,,,,,
Google Trends,tempo,bitcoin,,,,,images,,2025-12-12 00:00:49,0.0,,,,,,,,,,,,,
Google Trends,tempo,bitcoin,,,,,images,,2025-12-12 00:00:49,79.0,,,,,,,,,,,,,
Google Trends,tempo,bitcoin,,,,,images,,2025-12-12 00:00:49,0.0,,,,,,,,,,,,,
Google Trends,tempo,bitcoin,,,,,images,,2025-12-12 00:00:49,0.0,,,,,,,,,,,,,
Google Trends,tempo,bitcoin,,,,,images,,2025-12-12 00:00:49,0.0,,,,,,,,,,,,,
Google Trends,tempo,bitcoin,,,,,images,,2025-12-12 00:00:49,0.0,,,,,,,,,,,,,
Google Trends,tempo,bitcoin,,,,,images,,2025-12-12 00:00:49,0.0,,,,,,,,,,,,,
Google Trends,tempo,bitcoin,,,,,images,,2025-12-12 00:00:49,0.0,,,,,,,,,,,,,
Google Trends,tempo,bitcoin,,,,,images,,2025-12-12 00:00:49,0.0,,,,,,,,,,,,,
Google Trends,tempo,bitcoin,,,,,images,,2025-12-12 00:00:49,0.0,,,,,,,,,,,,,
Google Trends,tempo,bitcoin,,,,,images,,2025-12-12 00:00:49,0.0,,,,,,,,,,,,,
Google Trends,tempo,bitcoin,,,,,images,,2025-12-12 00:00:49,0.0,,,,,,,,,,,,,
Google Trends,tempo,bitcoin,,,,,images,,2025-12-12 00:00:49,0.0,,,,,,,,,,,,,
Google Trends,tempo,bitcoin,,,,,images,,2025-12-12 00:00:49,0.0,,,,,,,,,,,,,
Google Trends,tempo,bitcoin,,,,,images,,2025-12-12 00:00:49,0.0,,,,,,,,,,,,,
Google Trends,tempo,bitcoin,,,,,images,,2025-12-12 00:00:49,0.0,,,,,,,,,,,,,
Google Trends,tempo,bitcoin,,,,,images,,2025-12-12 00:00:49,0.0,,,,,,,,,,,,,
Google Trends,tempo,bitcoin,,,,,images,,2025-12-12 00:00:49,0.0,,,,,,,,,,,,,
Google Trends,tempo,bitcoin,,,,,images,,2025-12-12 00:00:49,73.0,,,,,,,,,,,,,
Google Trends,tempo,bitcoin,,,,,images,,2025-12-12 00:00:49,0.0,,,,,,,,,,,,,
Google Trends,tempo,bitcoin,,,,,images,,2025-12-12 00:00:49,0.0,,,,,,,,,,,,,
Google Trends,tempo,bitcoin,,,,,images,,2025-12-12 00:00:49,0.0,,,,,,,,,,,,,
Google Trends,tempo,bitcoin,,,,,images,,2025-12-12 00:00:49,0.0,,,,,,,,,,,,,
Google Trends,tempo,bitcoin,,,,,images,,2025-12-12 00:00:49,0.0,,,,,,,,,,,,,
Google Trends,tempo,bitcoin,,,,,images,,2025-12-12 00:00:49,0.0,,,,,,,,,,,,,
Google Trends,tempo,bitcoin,,,,,images,,2025-12-12 00:00:49,0.0,,,,,,,,,,,,,
Google Trends,tempo,bitcoin,,,,,images,,2025-12-12 00:00:49,0.0,,,,,,,,,,,,,
Google Trends,tempo,bitcoin,,,,,images,,2025-12-12 00:00:49,0.0,,,,,,,,,,,,,
Google Trends,tempo,bitcoin,,,,,images,,2025-12-12 00:00:49,0.0,,,,,,,,,,,,,
Google Trends,tempo,bitcoin,,,,,images,,2025-12-12 00:00:49,0.0,,,,,,,,,,,,,
Google Trends,tempo,bitcoin,,,,,images,,2025-12-12 00:00:49,0.0,,,,,,,,,,,,,
Google Trends,tempo,bitcoin,,,,,images,,2025-12-12 00:00:49,0.0,,,,,,,,,,,,,
Google Trends,tempo,bitcoin,,,,,images,,2025-12-12 00:00:49,0.0,,,,,,,,,,,,,
Google Trends,tempo,bitcoin,,,,,images,,2025-12-12 00:00:49,0.0,,,,,,,,,,,,,
Google Trends,tempo,bitcoin,,,,,images,,2025-12-12 00:00:49,0.0,,,,,,,,,,,,,
Google Trends,tempo,bitcoin,,,,,images,,2025-12-12 00:00:49,0.0,,,,,,,,,,,,,
Google Trends,tempo,bitcoin,,,,,images,,2025-12-12 00:00:49,0.0,,,,,,,,,,,,,
Google Trends,tempo,bitcoin,,,,,images,,2025-12-12 00:00:49,0.0,,,,,,,,,,,,,
Google Trends,tempo,bitcoin,,,,,images,,2025-12-12 00:00:49,81.0,,,,,,,,,,,,,
Google Trends,tempo,bitcoin,,,,,images,,2025-12-12 00:00:49,0.0,,,,,,,,,,,,,
Google Trends,tempo,bitcoin,,,,,images,,2025-12-12 00:00:49,0.0,,,,,,,,,,,,,
Google Trends,tempo,bitcoin,,,,,images,,2025-12-12 00:00:49,0.0,,,,,,,,,,,,,
Google Trends,tempo,bitcoin,,,,,images,,2025-12-12 00:00:49,0.0,,,,,,,,,,,,,
Google Trends,tempo,bitcoin,,,,,images,,2025-12-12 00:00:49,0.0,,,,,,,,,,,,,
Google Trends,tempo,bitcoin,,,,,images,,2025-12-12 00:00:49,66.0,,,,,,,,,,,,,
Google Trends,tempo,bitcoin,,,,,images,,2025-12-12 00:00:49,0.0,,,,,,,,,,,,,
Google Trends,tempo,bitcoin,,,,,images,,2025-12-12 00:00:49,0.0,,,,,,,,,,,,,
Google Trends,tempo,bitcoin,,,,,images,,2025-12-12 00:00:49,0.0,,,,,,,,,,,,,
Google Trends,tempo,bitcoin,,,,,images,,2025-12-12 00:00:49,0.0,,,,,,,,,,,,,
Google Trends,tempo,bitcoin,,,,,images,,2025-12-12 00:00:49,0.0,,,,,,,,,,,,,
Google Trends,tempo,bitcoin,,,,,images,,2025-12-12 00:00:49,88.0,,,,,,,,,,,,,
Google Trends,tempo,bitcoin,,,,,images,,2025-12-12 00:00:49,0.0,,,,,,,,,,,,,
Google Trends,tempo,bitcoin,,,,,images,,2025-12-12 00:00:49,0.0,,,,,,,,,,,,,
Google Trends,tempo,bitcoin,,,,,images,,2025-12-12 00:00:49,0.0,,,,,,,,,,,,,
Google Trends,tempo,bitcoin,,,,,images,,2025-12-12 00:00:49,0.0,,,,,,,,,,,,,
Google Trends,tempo,bitcoin,,,,,images,,2025-12-12 00:00:49,0.0,,,,,,,,,,,,,
Google Trends,tempo,bitcoin,,,,,images,,2025-12-12 00:00:49,0.0,,,,,,,,,,,,,
Google Trends,tempo,bitcoin,,,,,images,,2025-12-12 00:00:49,0.0,,,,,,,,,,,,,
Google Trends,tempo,bitcoin,,,,,images,,2025-12-12 00:00:49,0.0,,,,,,,,,,,,,
Google Trends,tempo,bitcoin,,,,,images,,2025-12-12 00:00:49,0.0,,,,,,,,,,,,,
Google Trends,tempo,bitcoin,,,,,images,,2025-12-12 00:00:49,0.0,,,,,,,,,,,,,
Google Trends,tempo,bitcoin,,,,,images,,2025-12-12 00:00:49,0.0,,,,,,,,,,,,,
Google Trends,tempo,bitcoin,,,,,images,,2025-12-12 00:00:49,0.0,,,,,,,,,,,,,
Google Trends,tempo,bitcoin,,,,,images,,2025-12-12 00:00:49,60.0,,,,,,,,,,,,,
Google Trends,tempo,bitcoin,,,,,images,,2025-12-12 00:00:49,0.0,,,,,,,,,,,,,
Google Trends,tempo,bitcoin,,,,,images,,2025-12-12 00:00:49,0.0,,,,,,,,,,,,,
Google Trends,tempo,bitcoin,,,,,images,,2025-12-12 00:00:49,0.0,,,,,,,,,,,,,
Google Trends,tempo,bitcoin,,,,,images,,2025-12-12 00:00:49,0.0,,,,,,,,,,,,,
Google Trends,tempo,bitcoin,,,,,images,,2025-12-12 00:00:49,75.0,,,,,,,,,,,,,
Google Trends,tempo,bitcoin,,,,,images,,2025-12-12 00:00:49,0.0,,,,,,,,,,,,,
Google Trends,tempo,bitcoin,,,,,images,,2025-12-12 00:00:49,0.0,,,,,,,,,,,,,
Google Trends,tempo,bitcoin,,,,,images,,2025-12-12 00:00:49,0.0,,,,,,,,,,,,,
Google Trends,tempo,bitcoin,,,,,images,,2025-12-12 00:00:49,0.0,,,,,,,,,,,,,
Google Trends,tempo,bitcoin,,,,,images,,2025-12-12 00:00:49,59.0,,,,,,,,,,,,,
Google Trends,tempo,bitcoin,,,,,images,,2025-12-12 00:00:49,71.0,,,,,,,,,,,,,
Google Trends,tempo,bitcoin,,,,,images,,2025-12-12 00:00:49,0.0,,,,,,,,,,,,,
Google Trends,tempo,bitcoin,,,,,images,,2025-12-12 00:00:49,0.0,,,,,,,,,,,,,
Google Trends,tempo,bitcoin,,,,,images,,2025-12-12 00:00:49,0.0,,,,,,,,,,,,,
Google Trends,tempo,bitcoin,,,,,images,,2025-12-12 00:00:49,0.0,,,,,,,,,,,,,
Google Trends,tempo,bitcoin,,,,,images,,2025-12-12 00:00:49,0.0,,,,,,,,,,,,,
Google Trends,tempo,bitcoin,,,,,images,,2025-12-12 00:00:49,0.0,,,,,,,,,,,,,
Google Trends,tempo,bitcoin,,,,,images,,2025-12-12 00:00:49,0.0,,,,,,,,,,,,,
Google Trends,tempo,bitcoin,,,,,images,,2025-12-12 00:00:49,0.0,,,,,,,,,,,,,
Google Trends,tempo,bitcoin,,,,,images,,2025-12-12 00:00:49,0.0,,,,,,,,,,,,,
Google Trends,tempo,bitcoin,,,,,images,,2025-12-12 00:00:49,0.0,,,,,,,,,,,,,
Google Trends,tempo,bitcoin,,,,,images,,2025-12-12 00:00:49,0.0,,,,,,,,,,,,,
Google Trends,tempo,bitcoin,,,,,images,,2025-12-12 00:00:49,0.0,,,,,,,,,,,,,
Google Trends,tempo,bitcoin,,,,,images,,2025-12-12 00:00:49,79.0,,,,,,,,,,,,,
Google Trends,tempo,bitcoin,,,,,images,,2025-12-12 00:00:49,0.0,,,,,,,,,,,,,
Google Trends,tempo,bitcoin,,,,,images,,2025-12-12 00:00:49,0.0,,,,,,,,,,,,,
Google Trends,tempo,bitcoin,,,,,images,,2025-12-12 00:00:49,0.0,,,,,,,,,,,,,
Google Trends,tempo,bitcoin,,,,,images,,2025-12-12 00:00:49,0.0,,,,,,,,,,,,,
Google Trends,tempo,bitcoin,,,,,images,,2025-12-12 00:00:49,0.0,,,,,,,,,,,,,
Google Trends,tempo,bitcoin,,,,,images,,2025-12-12 00:00:49,0.0,,,,,,,,,,,,,
Google Trends,tempo,bitcoin,,,,,images,,2025-12-12 00:00:49,0.0,,,,,,,,,,,,,
Google Trends,tempo,bitcoin,,,,,images,,2025-12-12 00:00:49,0.0,,,,,,,,,,,,,
Google Trends,tempo,bitcoin,,,,,images,,2025-12-12 00:00:49,0.0,,,,,,,,,,,,,
Google Trends,tempo,bitcoin,,,,,images,,2025-12-12 00:00:49,0.0,,,,,,,,,,,,,
Google Trends,tempo,bitcoin,,,,,images,,2025-12-12 00:00:49,72.0,,,,,,,,,,,,,
Google Trends,tempo,bitcoin,,,,,images,,2025-12-12 00:00:49,0.0,,,,,,,,,,,,,
Google Trends,tempo,bitcoin,,,,,images,,2025-12-12 00:00:49,0.0,,,,,,,,,,,,,
Google Trends,tempo,bitcoin,,,,,images,,2025-12-12 00:00:49,0.0,,,,,,,,,,,,,
Google Trends,tempo,bitcoin,,,,,images,,2025-12-12 00:00:49,0.0,,,,,,,,,,,,,
Google Trends,tempo,bitcoin,,,,,images,,2025-12-12 00:00:49,0.0,,,,,,,,,,,,,
Google Trends,tempo,bitcoin,,,,,images,,2025-12-12 00:00:49,0.0,,,,,,,,,,,,,
Google Trends,tempo,bitcoin,,,,,images,,2025-12-12 00:00:49,0.0,,,,,,,,,,,,,
Google Trends,tempo,bitcoin,,,,,images,,2025-12-12 00:00:49,0.0,,,,,,,,,,,,,
Google Trends,tempo,bitcoin,,,,,images,,2025-12-12 00:00:49,0.0,,,,,,,,,,,,,
Google Trends,tempo,bitcoin,,,,,images,,2025-12-12 00:00:49,0.0,,,,,,,,,,,,,
Google Trends,tempo,bitcoin,,,,,images,,2025-12-12 00:00:49,0.0,,,,,,,,,,,,,
Google Trends,tempo,bitcoin,,,,,images,,2025-12-12 00:00:49,0.0,,,,,,,,,,,,,
Google Trends,tempo,bitcoin,,,,,images,,2025-12-12 00:00:49,65.0,,,,,,,,,,,,,
Google Trends,tempo,bitcoin,,,,,images,,2025-12-12 00:00:49,0.0,,,,,,,,,,,,,
Google Trends,tempo,bitcoin,,,,,images,,2025-12-12 00:00:49,0.0,,,,,,,,,,,,,
Google Trends,tempo,bitcoin,,,,,images,,2025-12-12 00:00:49,60.0,,,,,,,,,,,,,
Google Trends,tempo,bitcoin,,,,,images,,2025-12-12 00:00:49,0.0,,,,,,,,,,,,,
Google Trends,tempo,bitcoin,,,,,images,,2025-12-12 00:00:49,0.0,,,,,,,,,,,,,
Google Trends,tempo,bitcoin,,,,,images,,2025-12-12 00:00:49,64.0,,,,,,,,,,,,,
Google Trends,tempo,bitcoin,,,,,images,,2025-12-12 00:00:49,0.0,,,,,,,,,,,,,
Google Trends,tempo,bitcoin,,,,,images,,2025-12-12 00:00:49,0.0,,,,,,,,,,,,,
Google Trends,tempo,bitcoin,,,,,images,,2025-12-12 00:00:49,0.0,,,,,,,,,,,,,
Google Trends,tempo,bitcoin,,,,,images,,2025-12-12 00:00:49,87.0,,,,,,,,,,,,,
Google Trends,tempo,bitcoin,,,,,images,,2025-12-12 00:00:49,68.0,,,,,,,,,,,,,
Google Trends,tempo,bitcoin,,,,,images,,2025-12-12 00:00:49,100.0,,,,,,,,,,,,,
Google Trends,top,bitcoin,bitcoin hoje,,,,news,,2025-12-12 00:00:49,100.0,,,,,,,,,,,,,
Google Trends,top,bitcoin,bitcoin dolar,,,,news,,2025-12-12 00:00:49,32.0,,,,,,,,,,,,,
Google Trends,top,bitcoin,bitcoin previsão,,,,news,,2025-12-12 00:00:49,21.0,,,,,,,,,,,,,
Google Trends,top,bitcoin,fed bitcoin,,,,news,,2025-12-12 00:00:49,16.0,,,,,,,,,,,,,
Google Trends,top,bitcoin,bitcoin cotacao,,,,news,,2025-12-12 00:00:49,16.0,,,,,,,,,,,,,
Google Trends,top,bitcoin,fed,,,,news,,2025-12-12 00:00:49,13.0,,,,,,,,,,,,,
Google Trends,top,bitcoin,bitcoin price,,,,news,,2025-12-12 00:00:49,8.0,,,,,,,,,,,,,
Google Trends,top,bitcoin,bitcoin strategy,,,,news,,2025-12-12 00:00:49,7.0,,,,,,,,,,,,,
Google Trends,top,bitcoin,bitcoin hoje dólar,,,,news,,2025-12-12 00:00:49,7.0,,,,,,,,,,,,,
Google Trends,top,bitcoin,bitcoin agora,,,,news,,2025-12-12 00:00:49,6.0,,,,,,,,,,,,,
Google Trends,top,bitcoin,bitcoin usd,,,,news,,2025-12-12 00:00:49,5.0,,,,,,,,,,,,,
Google Trends,top,bitcoin,ethereum,,,,news,,2025-12-12 00:00:49,5.0,,,,,,,,,,,,,
Google Trends,top,bitcoin,noticias bitcoin,,,,news,,2025-12-12 00:00:49,5.0,,,,,,,,,,,,,
Google Trends,rising,bitcoin,fed,,,,news,,2025-12-12 00:00:49,263150.0,,,,,,,,,,,,,
Google Trends,rising,bitcoin,bitcoin strategy,,,,news,,2025-12-12 00:00:49,147550.0,,,,,,,,,,,,,
Google Trends,rising,bitcoin,noticias bitcoin,,,,news,,2025-12-12 00:00:49,99500.0,,,,,,,,,,,,,
Google Trends,rising,bitcoin,bitcoin previsão,,,,news,,2025-12-12 00:00:49,250.0,,,,,,,,,,,,,
Google Trends,rising,bitcoin,bitcoin cotacao,,,,news,,2025-12-12 00:00:49,130.0,,,,,,,,,,,,,
Google Trends,rising,bitcoin,fed bitcoin,,,,news,,2025-12-12 00:00:49,50.0,,,,,,,,,,,,,
Google Trends,regioes,bitcoin,Goiás,,,,news,,2025-12-12 00:00:49,100.0,,,,,,,,,,,,,
Google Trends,regioes,bitcoin,Rio Grande do Sul,,,,news,,2025-12-12 00:00:49,85.0,,,,,,,,,,,,,
Google Trends,regioes,bitcoin,Paraná,,,,news,,2025-12-12 00:00:49,68.0,,,,,,,,,,,,,
Google Trends,regioes,bitcoin,São Paulo,,,,news,,2025-12-12 00:00:49,50.0,,,,,,,,,,,,,
Google Trends,regioes,bitcoin,Pernambuco,,,,news,,2025-12-12 00:00:49,41.0,,,,,,,,,,,,,
Google Trends,regioes,bitcoin,Rio de Janeiro,,,,news,,2025-12-12 00:00:49,40.0,,,,,,,,,,,,,
Google Trends,regioes,bitcoin,Santa Catarina,,,,news,,2025-12-12 00:00:49,37.0,,,,,,,,,,,,,
Google Trends,regioes,bitcoin,Minas Gerais,,,,news,,2025-12-12 00:00:49,32.0,,,,,,,,,,,,,
Google Trends,regioes,bitcoin,Pará,,,,news,,2025-12-12 00:00:49,0.0,,,,,,,,,,,,,
Google Trends,regioes,bitcoin,Sergipe,,,,news,,2025-12-12 00:00:49,0.0,,,,,,,,,,,,,
Google Trends,regioes,bitcoin,Roraima,,,,news,,2025-12-12 00:00:49,0.0,,,,,,,,,,,,,
Google Trends,regioes,bitcoin,Rondônia,,,,news,,2025-12-12 00:00:49,0.0,,,,,,,,,,,,,
Google Trends,regioes,bitcoin,Rio Grande do Norte,,,,news,,2025-12-12 00:00:49,0.0,,,,,,,,,,,,,
Google Trends,regioes,bitcoin,Piauí,,,,news,,2025-12-12 00:00:49,0.0,,,,,,,,,,,,,
Google Trends,regioes,bitcoin,Acre,,,,news,,2025-12-12 00:00:49,0.0,,,,,,,,,,,,,
Google Trends,regioes,bitcoin,Paraíba,,,,news,,2025-12-12 00:00:49,0.0,,,,,,,,,,,,,
Google Trends,regioes,bitcoin,Alagoas,,,,news,,2025-12-12 00:00:49,0.0,,,,,,,,,,,,,
Google Trends,regioes,bitcoin,Mato Grosso do Sul,,,,news,,2025-12-12 00:00:49,0.0,,,,,,,,,,,,,
Google Trends,regioes,bitcoin,Mato Grosso,,,,news,,2025-12-12 00:00:49,0.0,,,,,,,,,,,,,
Google Trends,regioes,bitcoin,Maranhão,,,,news,,2025-12-12 00:00:49,0.0,,,,,,,,,,,,,
Google Trends,tempo,bitcoin,,,,,news,,2025-12-12 00:00:49,0.0,,,,,,,,,,,,,
Google Trends,tempo,bitcoin,,,,,news,,2025-12-12 00:00:49,0.0,,,,,,,,,,,,,
Google Trends,tempo,bitcoin,,,,,news,,2025-12-12 00:00:49,0.0,,,,,,,,,,,,,
Google Trends,tempo,bitcoin,,,,,news,,2025-12-12 00:00:49,0.0,,,,,,,,,,,,,
Google Trends,tempo,bitcoin,,,,,news,,2025-12-12 00:00:49,0.0,,,,,,,,,,,,,
Google Trends,tempo,bitcoin,,,,,news,,2025-12-12 00:00:49,0.0,,,,,,,,,,,,,
Google Trends,tempo,bitcoin,,,,,news,,2025-12-12 00:00:49,0.0,,,,,,,,,,,,,
Google Trends,tempo,bitcoin,,,,,news,,2025-12-12 00:00:49,0.0,,,,,,,,,,,,,
Google Trends,tempo,bitcoin,,,,,news,,2025-12-12 00:00:49,0.0,,,,,,,,,,,,,
Google Trends,tempo,bitcoin,,,,,news,,2025-12-12 00:00:49,0.0,,,,,,,,,,,,,
Google Trends,tempo,bitcoin,,,,,news,,2025-12-12 00:00:49,0.0,,,,,,,,,,,,,
Google Trends,tempo,bitcoin,,,,,news,,2025-12-12 00:00:49,0.0,,,,,,,,,,,,,
Google Trends,tempo,bitcoin,,,,,news,,2025-12-12 00:00:49,0.0,,,,,,,,,,,,,
Google Trends,tempo,bitcoin,,,,,news,,2025-12-12 00:00:49,28.0,,,,,,,,,,,,,
Google Trends,tempo,bitcoin,,,,,news,,2025-12-12 00:00:49,0.0,,,,,,,,,,,,,
Google Trends,tempo,bitcoin,,,,,news,,2025-12-12 00:00:49,0.0,,,,,,,,,,,,,
Google Trends,tempo,bitcoin,,,,,news,,2025-12-12 00:00:49,0.0,,,,,,,,,,,,,
Google Trends,tempo,bitcoin,,,,,news,,2025-12-12 00:00:49,0.0,,,,,,,,,,,,,
Google Trends,tempo,bitcoin,,,,,news,,2025-12-12 00:00:49,0.0,,,,,,,,,,,,,
Google Trends,tempo,bitcoin,,,,,news,,2025-12-12 00:00:49,0.0,,,,,,,,,,,,,
Google Trends,tempo,bitcoin,,,,,news,,2025-12-12 00:00:49,0.0,,,,,,,,,,,,,
Google Trends,tempo,bitcoin,,,,,news,,2025-12-12 00:00:49,0.0,,,,,,,,,,,,,
Google Trends,tempo,bitcoin,,,,,news,,2025-12-12 00:00:49,0.0,,,,,,,,,,,,,
Google Trends,tempo,bitcoin,,,,,news,,2025-12-12 00:00:49,0.0,,,,,,,,,,,,,
Google Trends,tempo,bitcoin,,,,,news,,2025-12-12 00:00:49,0.0,,,,,,,,,,,,,
Google Trends,tempo,bitcoin,,,,,news,,2025-12-12 00:00:49,0.0,,,,,,,,,,,,,
Google Trends,tempo,bitcoin,,,,,news,,2025-12-12 00:00:49,0.0,,,,,,,,,,,,,
Google Trends,tempo,bitcoin,,,,,news,,2025-12-12 00:00:49,0.0,,,,,,,,,,,,,
Google Trends,tempo,bitcoin,,,,,news,,2025-12-12 00:00:49,0.0,,,,,,,,,,,,,
Google Trends,tempo,bitcoin,,,,,news,,2025-12-12 00:00:49,0.0,,,,,,,,,,,,,
Google Trends,tempo,bitcoin,,,,,news,,2025-12-12 00:00:49,0.0,,,,,,,,,,,,,
Google Trends,tempo,bitcoin,,,,,news,,2025-12-12 00:00:49,0.0,,,,,,,,,,,,,
Google Trends,tempo,bitcoin,,,,,news,,2025-12-12 00:00:49,0.0,,,,,,,,,,,,,
Google Trends,tempo,bitcoin,,,,,news,,2025-12-12 00:00:49,0.0,,,,,,,,,,,,,
Google Trends,tempo,bitcoin,,,,,news,,2025-12-12 00:00:49,0.0,,,,,,,,,,,,,
Google Trends,tempo,bitcoin,,,,,news,,2025-12-12 00:00:49,0.0,,,,,,,,,,,,,
Google Trends,tempo,bitcoin,,,,,news,,2025-12-12 00:00:49,41.0,,,,,,,,,,,,,
Google Trends,tempo,bitcoin,,,,,news,,2025-12-12 00:00:49,0.0,,,,,,,,,,,,,
Google Trends,tempo,bitcoin,,,,,news,,2025-12-12 00:00:49,0.0,,,,,,,,,,,,,
Google Trends,tempo,bitcoin,,,,,news,,2025-12-12 00:00:49,0.0,,,,,,,,,,,,,
Google Trends,tempo,bitcoin,,,,,news,,2025-12-12 00:00:49,0.0,,,,,,,,,,,,,
Google Trends,tempo,bitcoin,,,,,news,,2025-12-12 00:00:49,0.0,,,,,,,,,,,,,
Google Trends,tempo,bitcoin,,,,,news,,2025-12-12 00:00:49,0.0,,,,,,,,,,,,,
Google Trends,tempo,bitcoin,,,,,news,,2025-12-12 00:00:49,0.0,,,,,,,,,,,,,
Google Trends,tempo,bitcoin,,,,,news,,2025-12-12 00:00:49,43.0,,,,,,,,,,,,,
Google Trends,tempo,bitcoin,,,,,news,,2025-12-12 00:00:49,0.0,,,,,,,,,,,,,
Google Trends,tempo,bitcoin,,,,,news,,2025-12-12 00:00:49,0.0,,,,,,,,,,,,,
Google Trends,tempo,bitcoin,,,,,news,,2025-12-12 00:00:49,0.0,,,,,,,,,,,,,
Google Trends,tempo,bitcoin,,,,,news,,2025-12-12 00:00:49,0.0,,,,,,,,,,,,,
Google Trends,tempo,bitcoin,,,,,news,,2025-12-12 00:00:49,0.0,,,,,,,,,,,,,
Google Trends,tempo,bitcoin,,,,,news,,2025-12-12 00:00:49,0.0,,,,,,,,,,,,,
Google Trends,tempo,bitcoin,,,,,news,,2025-12-12 00:00:49,0.0,,,,,,,,,,,,,
Google Trends,tempo,bitcoin,,,,,news,,2025-12-12 00:00:49,0.0,,,,,,,,,,,,,
Google Trends,tempo,bitcoin,,,,,news,,2025-12-12 00:00:49,0.0,,,,,,,,,,,,,
Google Trends,tempo,bitcoin,,,,,news,,2025-12-12 00:00:49,0.0,,,,,,,,,,,,,
Google Trends,tempo,bitcoin,,,,,news,,2025-12-12 00:00:49,0.0,,,,,,,,,,,,,
Google Trends,tempo,bitcoin,,,,,news,,2025-12-12 00:00:49,0.0,,,,,,,,,,,,,
Google Trends,tempo,bitcoin,,,,,news,,2025-12-12 00:00:49,0.0,,,,,,,,,,,,,
Google Trends,tempo,bitcoin,,,,,news,,2025-12-12 00:00:49,0.0,,,,,,,,,,,,,
Google Trends,tempo,bitcoin,,,,,news,,2025-12-12 00:00:49,0.0,,,,,,,,,,,,,
Google Trends,tempo,bitcoin,,,,,news,,2025-12-12 00:00:49,0.0,,,,,,,,,,,,,
Google Trends,tempo,bitcoin,,,,,news,,2025-12-12 00:00:49,0.0,,,,,,,,,,,,,
Google Trends,tempo,bitcoin,,,,,news,,2025-12-12 00:00:49,0.0,,,,,,,,,,,,,
Google Trends,tempo,bitcoin,,,,,news,,2025-12-12 00:00:49,0.0,,,,,,,,,,,,,
Google Trends,tempo,bitcoin,,,,,news,,2025-12-12 00:00:49,0.0,,,,,,,,,,,,,
Google Trends,tempo,bitcoin,,,,,news,,2025-12-12 00:00:49,0.0,,,,,,,,,,,,,
Google Trends,tempo,bitcoin,,,,,news,,2025-12-12 00:00:49,0.0,,,,,,,,,,,,,
Google Trends,tempo,bitcoin,,,,,news,,2025-12-12 00:00:49,0.0,,,,,,,,,,,,,
Google Trends,tempo,bitcoin,,,,,news,,2025-12-12 00:00:49,0.0,,,,,,,,,,,,,
Google Trends,tempo,bitcoin,,,,,news,,2025-12-12 00:00:49,0.0,,,,,,,,,,,,,
Google Trends,tempo,bitcoin,,,,,news,,2025-12-12 00:00:49,0.0,,,,,,,,,,,,,
Google Trends,tempo,bitcoin,,,,,news,,2025-12-12 00:00:49,0.0,,,,,,,,,,,,,
Google Trends,tempo,bitcoin,,,,,news,,2025-12-12 00:00:49,0.0,,,,,,,,,,,,,
Google Trends,tempo,bitcoin,,,,,news,,2025-12-12 00:00:49,0.0,,,,,,,,,,,,,
Google Trends,tempo,bitcoin,,,,,news,,2025-12-12 00:00:49,0.0,,,,,,,,,,,,,
Google Trends,tempo,bitcoin,,,,,news,,2025-12-12 00:00:49,0.0,,,,,,,,,,,,,
Google Trends,tempo,bitcoin,,,,,news,,2025-12-12 00:00:49,0.0,,,,,,,,,,,,,
Google Trends,tempo,bitcoin,,,,,news,,2025-12-12 00:00:49,0.0,,,,,,,,,,,,,
Google Trends,tempo,bitcoin,,,,,news,,2025-12-12 00:00:49,0.0,,,,,,,,,,,,,
Google Trends,tempo,bitcoin,,,,,news,,2025-12-12 00:00:49,0.0,,,,,,,,,,,,,
Google Trends,tempo,bitcoin,,,,,news,,2025-12-12 00:00:49,0.0,,,,,,,,,,,,,
Google Trends,tempo,bitcoin,,,,,news,,2025-12-12 00:00:49,0.0,,,,,,,,,,,,,
Google Trends,tempo,bitcoin,,,,,news,,2025-12-12 00:00:49,0.0,,,,,,,,,,,,,
Google Trends,tempo,bitcoin,,,,,news,,2025-12-12 00:00:49,0.0,,,,,,,,,,,,,
Google Trends,tempo,bitcoin,,,,,news,,2025-12-12 00:00:49,0.0,,,,,,,,,,,,,
Google Trends,tempo,bitcoin,,,,,news,,2025-12-12 00:00:49,0.0,,,,,,,,,,,,,
Google Trends,tempo,bitcoin,,,,,news,,2025-12-12 00:00:49,0.0,,,,,,,,,,,,,
Google Trends,tempo,bitcoin,,,,,news,,2025-12-12 00:00:49,0.0,,,,,,,,,,,,,
Google Trends,tempo,bitcoin,,,,,news,,2025-12-12 00:00:49,0.0,,,,,,,,,,,,,
Google Trends,tempo,bitcoin,,,,,news,,2025-12-12 00:00:49,0.0,,,,,,,,,,,,,
Google Trends,tempo,bitcoin,,,,,news,,2025-12-12 00:00:49,32.0,,,,,,,,,,,,,
Google Trends,tempo,bitcoin,,,,,news,,2025-12-12 00:00:49,0.0,,,,,,,,,,,,,
Google Trends,tempo,bitcoin,,,,,news,,2025-12-12 00:00:49,0.0,,,,,,,,,,,,,
Google Trends,tempo,bitcoin,,,,,news,,2025-12-12 00:00:49,0.0,,,,,,,,,,,,,
Google Trends,tempo,bitcoin,,,,,news,,2025-12-12 00:00:49,0.0,,,,,,,,,,,,,
Google Trends,tempo,bitcoin,,,,,news,,2025-12-12 00:00:49,0.0,,,,,,,,,,,,,
Google Trends,tempo,bitcoin,,,,,news,,2025-12-12 00:00:49,0.0,,,,,,,,,,,,,
Google Trends,tempo,bitcoin,,,,,news,,2025-12-12 00:00:49,100.0,,,,,,,,,,,,,
Google Trends,tempo,bitcoin,,,,,news,,2025-12-12 00:00:49,0.0,,,,,,,,,,,,,
Google Trends,tempo,bitcoin,,,,,news,,2025-12-12 00:00:49,0.0,,,,,,,,,,,,,
Google Trends,tempo,bitcoin,,,,,news,,2025-12-12 00:00:49,0.0,,,,,,,,,,,,,
Google Trends,tempo,bitcoin,,,,,news,,2025-12-12 00:00:49,0.0,,,,,,,,,,,,,
Google Trends,tempo,bitcoin,,,,,news,,2025-12-12 00:00:49,0.0,,,,,,,,,,,,,
Google Trends,tempo,bitcoin,,,,,news,,2025-12-12 00:00:49,0.0,,,,,,,,,,,,,
Google Trends,tempo,bitcoin,,,,,news,,2025-12-12 00:00:49,0.0,,,,,,,,,,,,,
Google Trends,tempo,bitcoin,,,,,news,,2025-12-12 00:00:49,0.0,,,,,,,,,,,,,
Google Trends,tempo,bitcoin,,,,,news,,2025-12-12 00:00:49,0.0,,,,,,,,,,,,,
Google Trends,tempo,bitcoin,,,,,news,,2025-12-12 00:00:49,0.0,,,,,,,,,,,,,
Google Trends,tempo,bitcoin,,,,,news,,2025-12-12 00:00:49,0.0,,,,,,,,,,,,,
Google Trends,tempo,bitcoin,,,,,news,,2025-12-12 00:00:49,36.0,,,,,,,,,,,,,
Google Trends,tempo,bitcoin,,,,,news,,2025-12-12 00:00:49,0.0,,,,,,,,,,,,,
Google Trends,tempo,bitcoin,,,,,news,,2025-12-12 00:00:49,0.0,,,,,,,,,,,,,
Google Trends,tempo,bitcoin,,,,,news,,2025-12-12 00:00:49,0.0,,,,,,,,,,,,,
Google Trends,tempo,bitcoin,,,,,news,,2025-12-12 00:00:49,0.0,,,,,,,,,,,,,
Google Trends,tempo,bitcoin,,,,,news,,2025-12-12 00:00:49,0.0,,,,,,,,,,,,,
Google Trends,tempo,bitcoin,,,,,news,,2025-12-12 00:00:49,0.0,,,,,,,,,,,,,
Google Trends,tempo,bitcoin,,,,,news,,2025-12-12 00:00:49,0.0,,,,,,,,,,,,,
Google Trends,tempo,bitcoin,,,,,news,,2025-12-12 00:00:49,0.0,,,,,,,,,,,,,
Google Trends,tempo,bitcoin,,,,,news,,2025-12-12 00:00:49,0.0,,,,,,,,,,,,,
Google Trends,tempo,bitcoin,,,,,news,,2025-12-12 00:00:49,0.0,,,,,,,,,,,,,
Google Trends,tempo,bitcoin,,,,,news,,2025-12-12 00:00:49,0.0,,,,,,,,,,,,,
Google Trends,tempo,bitcoin,,,,,news,,2025-12-12 00:00:49,0.0,,,,,,,,,,,,,
Google Trends,tempo,bitcoin,,,,,news,,2025-12-12 00:00:49,0.0,,,,,,,,,,,,,
Google Trends,tempo,bitcoin,,,,,news,,2025-12-12 00:00:49,0.0,,,,,,,,,,,,,
Google Trends,tempo,bitcoin,,,,,news,,2025-12-12 00:00:49,0.0,,,,,,,,,,,,,
Google Trends,tempo,bitcoin,,,,,news,,2025-12-12 00:00:49,0.0,,,,,,,,,,,,,
Google Trends,tempo,bitcoin,,,,,news,,2025-12-12 00:00:49,0.0,,,,,,,,,,,,,
Google Trends,tempo,bitcoin,,,,,news,,2025-12-12 00:00:49,0.0,,,,,,,,,,,,,
Google Trends,tempo,bitcoin,,,,,news,,2025-12-12 00:00:49,0.0,,,,,,,,,,,,,
Google Trends,tempo,bitcoin,,,,,news,,2025-12-12 00:00:49,0.0,,,,,,,,,,,,,
Google Trends,tempo,bitcoin,,,,,news,,2025-12-12 00:00:49,0.0,,,,,,,,,,,,,
Google Trends,tempo,bitcoin,,,,,news,,2025-12-12 00:00:49,0.0,,,,,,,,,,,,,
Google Trends,tempo,bitcoin,,,,,news,,2025-12-12 00:00:49,0.0,,,,,,,,,,,,,
Google Trends,tempo,bitcoin,,,,,news,,2025-12-12 00:00:49,0.0,,,,,,,,,,,,,
Google Trends,tempo,bitcoin,,,,,news,,2025-12-12 00:00:49,0.0,,,,,,,,,,,,,
Google Trends,tempo,bitcoin,,,,,news,,2025-12-12 00:00:49,0.0,,,,,,,,,,,,,
Google Trends,tempo,bitcoin,,,,,news,,2025-12-12 00:00:49,0.0,,,,,,,,,,,,,
Google Trends,tempo,bitcoin,,,,,news,,2025-12-12 00:00:49,0.0,,,,,,,,,,,,,
Google Trends,tempo,bitcoin,,,,,news,,2025-12-12 00:00:49,0.0,,,,,,,,,,,,,
Google Trends,tempo,bitcoin,,,,,news,,2025-12-12 00:00:49,0.0,,,,,,,,,,,,,
Google Trends,tempo,bitcoin,,,,,news,,2025-12-12 00:00:49,0.0,,,,,,,,,,,,,
Google Trends,tempo,bitcoin,,,,,news,,2025-12-12 00:00:49,0.0,,,,,,,,,,,,,
Google Trends,tempo,bitcoin,,,,,news,,2025-12-12 00:00:49,0.0,,,,,,,,,,,,,
Google Trends,tempo,bitcoin,,,,,news,,2025-12-12 00:00:49,0.0,,,,,,,,,,,,,
Google Trends,tempo,bitcoin,,,,,news,,2025-12-12 00:00:49,0.0,,,,,,,,,,,,,
Google Trends,tempo,bitcoin,,,,,news,,2025-12-12 00:00:49,0.0,,,,,,,,,,,,,
Google Trends,tempo,bitcoin,,,,,news,,2025-12-12 00:00:49,0.0,,,,,,,,,,,,,
Google Trends,tempo,bitcoin,,,,,news,,2025-12-12 00:00:49,0.0,,,,,,,,,,,,,
Google Trends,tempo,bitcoin,,,,,news,,2025-12-12 00:00:49,0.0,,,,,,,,,,,,,
Google Trends,tempo,bitcoin,,,,,news,,2025-12-12 00:00:49,0.0,,,,,,,,,,,,,
Google Trends,tempo,bitcoin,,,,,news,,2025-12-12 00:00:49,0.0,,,,,,,,,,,,,
Google Trends,tempo,bitcoin,,,,,news,,2025-12-12 00:00:49,0.0,,,,,,,,,,,,,
Google Trends,tempo,bitcoin,,,,,news,,2025-12-12 00:00:49,0.0,,,,,,,,,,,,,
Google Trends,tempo,bitcoin,,,,,news,,2025-12-12 00:00:49,0.0,,,,,,,,,,,,,
Google Trends,tempo,bitcoin,,,,,news,,2025-12-12 00:00:49,0.0,,,,,,,,,,,,,
Google Trends,tempo,bitcoin,,,,,news,,2025-12-12 00:00:49,0.0,,,,,,,,,,,,,
Google Trends,tempo,bitcoin,,,,,news,,2025-12-12 00:00:49,0.0,,,,,,,,,,,,,
Google Trends,tempo,bitcoin,,,,,news,,2025-12-12 00:00:49,0.0,,,,,,,,,,,,,
Google Trends,tempo,bitcoin,,,,,news,,2025-12-12 00:00:49,0.0,,,,,,,,,,,,,
Google Trends,tempo,bitcoin,,,,,news,,2025-12-12 00:00:49,0.0,,,,,,,,,,,,,
Google Trends,tempo,bitcoin,,,,,news,,2025-12-12 00:00:49,0.0,,,,,,,,,,,,,
Google Trends,tempo,bitcoin,,,,,news,,2025-12-12 00:00:49,0.0,,,,,,,,,,,,,
Google Trends,tempo,bitcoin,,,,,news,,2025-12-12 00:00:49,0.0,,,,,,,,,,,,,
Google Trends,tempo,bitcoin,,,,,news,,2025-12-12 00:00:49,0.0,,,,,,,,,,,,,
Google Trends,tempo,bitcoin,,,,,news,,2025-12-12 00:00:49,0.0,,,,,,,,,,,,,
Google Trends,tempo,bitcoin,,,,,news,,2025-12-12 00:00:49,0.0,,,,,,,,,,,,,
Google Trends,tempo,bitcoin,,,,,news,,2025-12-12 00:00:49,0.0,,,,,,,,,,,,,
Google Trends,tempo,bitcoin,,,,,news,,2025-12-12 00:00:49,0.0,,,,,,,,,,,,,
SERP,resultado_busca,bitcoin,"Cotação do Bitcoin | Preço, gráfico e valor do BTC hoje | MB",,,,,,2025-12-12 00:00:49,,https://www.mercadobitcoin.com.br/criptomoedas/bitcoin,google,1.0,,,,,,,,,,
SERP,resultado_busca,bitcoin,"Bitcoin – Wikipédia, a enciclopédia livre",,,,,,2025-12-12 00:00:49,,https://pt.wikipedia.org/wiki/Bitcoin,google,2.0,,,,,,,,,,
SERP,resultado_busca,bitcoin,Mercado Bitcoin: Sua plataforma de investimentos digitais,,,,,,2025-12-12 00:00:49,,https://www.mercadobitcoin.com.br/,google,3.0,,,,,,,,,,
SERP,resultado_busca,bitcoin,BTC USD — Preço e Gráfico do Bitcoin — TradingView,,,,,,2025-12-12 00:00:49,,https://br.tradingview.com/symbols/BTCUSD/,google,4.0,,,,,,,,,,
SERP,resultado_busca,bitcoin,Cotação Bitcoin Hoje e Preço (BTC) - Investing.com,,,,,,2025-12-12 00:00:49,,https://br.investing.com/crypto/bitcoin,google,5.0,,,,,,,,,,
SERP,resultado_busca,bitcoin,Bitcoin Preço Hoje | BTC para USD Preço Em Tempo Real ...,,,,,,2025-12-12 00:00:49,,https://www.binance.com/pt-BR/price/bitcoin,google,6.0,,,,,,,,,,
SERP,resultado_busca,bitcoin,Bitcoin - Dinheiro P2P de código aberto,,,,,,2025-12-12 00:00:49,,https://bitcoin.org/pt_BR/,google,7.0,,,,,,,,,,
SERP,resultado_busca,bitcoin,Bitcoin: o que é e como funciona essa moeda virtual?,,,,,,2025-12-12 00:00:49,,https://blog.nubank.com.br/o-que-e-bitcoin/,google,8.0,,,,,,,,,,
SERP,resultado_busca,bitcoin,Contrato Futuro de bitcoin tem seu tamanho reduzido em 10 vezes,,,,,,2025-12-12 00:00:49,,https://clientes.b3.com.br/w/contrato-futuro-de-bitcoin-tem-seu-tamanho-reduzido-em-10-vezes,google,9.0,,,,,,,,,,
SERP,resultado_busca,bitcoin,"Bitcoin (BTC) Preço, Gráfico, Capitalização de Mercado ...",,,,,,2025-12-12 00:00:49,,https://coinmarketcap.com/pt-br/currencies/bitcoin/,google,10.0,,,,,,,,,,
SERP,resultado_busca,bitcoin,Bitcoin hoje: Analistas dizem para onde vai o BTC no restante de 2025,,,,,,2025-12-12 00:00:49,,https://portaldobitcoin.uol.com.br/bitcoin-hoje-analistas-dizem-para-onde-vai-o-btc-no-restante-de-2025/,google,11.0,,,,,,,,,,
SERP,resultado_busca,bitcoin,bitcoin bet - Bônus e prêmios todos os dias,,,,,,2025-12-12 00:00:49,,http://notafiscal.teresina.pi.gov.br/android/bitcoin-bet/,google,12.0,,,,,,,,,,
SERP,resultado_busca,bitcoin,"Bitcoin BTC HOJE - Cotação, Indicadores e Notícias",,,,,,2025-12-12 00:00:49,,https://www.infomoney.com.br/cotacoes/cripto/ativo/bitcoin-btc/,google,13.0,,,,,,,,,,
SERP,resultado_busca,bitcoin,"O que é bitcoin, a primeira criptomoeda do mundo - Nexo Jornal",,,,,,2025-12-12 00:00:49,,https://www.nexojornal.com.br/index/2024/03/10/o-que-e-bitcoin,google,14.0,,,,,,,,,,
SERP,resultado_busca,bitcoin,Aprovado em 1º turno projeto que transforma BH na “Capital do ...,,,,,,2025-12-12 00:00:49,,https://www.cmbh.mg.gov.br/comunica%C3%A7%C3%A3o/not%C3%ADcias/2025/05/aprovado-em-1%C2%BA-turno-projeto-que-transforma-bh-na-%E2%80%9Ccapital-do-bitcoin%E2%80%9D,google,15.0,,,,,,,,,,
SERP,resultado_busca,bitcoin,preço bitcoin dolar,,,,,,2025-12-12 00:00:49,,https://portal.ifba.edu.br/video/202511/pre%C3%A7o%20bitcoin%20dolar,google,16.0,,,,,,,,,,
SERP,resultado_busca,bitcoin,Efeito Trump: bitcoin ultrapassa marca de US$ 100 mil pela primeira ...,,,,,,2025-12-12 00:00:49,,https://www.cnnbrasil.com.br/economia/macroeconomia/efeito-trump-bitcoin-ultrapassa-marca-de-us-100-mil-pela-primeira-vez-na-historia/,google,17.0,,,,,,,,,,
SERP,resultado_busca,bitcoin,CVM alerta para atuação irregular do Mercado Bitcoin Serviços ...,,,,,,2025-12-12 00:00:49,,https://www.gov.br/cvm/pt-br/assuntos/noticias/2025/cvm-alerta-para-atuacao-irregular-do-mercado-bitcoin-servicos-digitais-ltda-na-intermediacao-de-contratos-de-investimento-coletivo,google,18.0,,,,,,,,,,
SERP,resultado_busca,bitcoin,bet bitcoin,,,,,,2025-12-12 00:00:49,,https://www.cmdv.pr.gov.br/card/bet+bitcoin,google,19.0,,,,,,,,,,
SERP,resultado_busca,bitcoin,Portal ETF BTG Pactual Teva Bitcoin - BITC11,,,,,,2025-12-12 00:00:49,,https://www.btgpactual.com/asset-management/BITC11,google,20.0,,,,,,,,,,
SERP,resultado_busca,bitcoin,Co się dzieje z ceną Litecoin? - Polskie Forum Bitcoin,,,,,,2025-12-12 00:00:49,,https://forum.bitcoin.pl/viewtopic.php?t=38341,bing,1.0,,,,,,,,,,
SERP,resultado_busca,bitcoin,"RX 6800 na riserze – HiveOS wykrywa kartę, ale ... - forum.bitcoin.pl",,,,,,2025-12-12 00:00:49,,https://forum.bitcoin.pl/viewtopic.php?t=38519,bing,2.0,,,,,,,,,,
SERP,resultado_busca,bitcoin,"Binance papierowy porfel, electrum i weryfikacja - Polskie Forum Bitcoin",,,,,,2025-12-12 00:00:49,,https://forum.bitcoin.pl/viewtopic.php?t=38613,bing,3.0,,,,,,,,,,
SERP,resultado_busca,bitcoin,Bartłomiej Wojciechowski nadal poszukiwany? - Polskie Forum Bitcoin,,,,,,2025-12-12 00:00:49,,https://forum.bitcoin.pl/viewtopic.php?t=38525,bing,4.0,,,,,,,,,,
SERP,resultado_busca,bitcoin,Dyskusja na temat kursu BTC - Page 4786 - Polskie Forum Bitcoin,,,,,,2025-12-12 00:00:49,,https://forum.bitcoin.pl/viewtopic.php?t=25968&start=95700,bing,5.0,,,,,,,,,,
SERP,resultado_busca,bitcoin,Zcash - dyskusja ogólna - Page 89 - Polskie Forum Bitcoin,,,,,,2025-12-12 00:00:49,,https://forum.bitcoin.pl/viewtopic.php?t=19918&start=1760,bing,6.0,,,,,,,,,,
SERP,resultado_busca,bitcoin,zondacrypto brak kontaktu z supportem. - Polskie Forum Bitcoin,,,,,,2025-12-12 00:00:49,,https://forum.bitcoin.pl/viewtopic.php?t=38231,bing,7.0,,,,,,,,,,
SERP,resultado_busca,bitcoin,BRAK ŚRODKÓW NA LEDGERZE BTC I ETH ZNIKNĘŁO - forum.bitcoin.pl,,,,,,2025-12-12 00:00:49,,https://forum.bitcoin.pl/viewtopic.php?t=38458,bing,8.0,,,,,,,,,,
SERP,resultado_busca,bitcoin,Problem z dostepem do portfela i inwestycji - Polskie Forum Bitcoin,,,,,,2025-12-12 00:00:49,,https://forum.bitcoin.pl/viewtopic.php?t=38530,bing,9.0,,,,,,,,,,
SERP,resultado_busca,bitcoin,"Problem z wypłatą BTC, ETH z giełdy BINANCE na ... - forum.bitcoin.pl",,,,,,2025-12-12 00:00:49,,https://forum.bitcoin.pl/viewtopic.php?t=38337,bing,10.0,,,,,,,,,,
YouTube,video,bitcoin,BITCOIN | Você NÃO Está ENTENDENDO ISSO... (é agora),,,,,,2025-12-12 00:00:49,,https://www.youtube.com/watch?v=Gqdi1B7jKsI,,,Stefan Lopes - Ghost ,Gqdi1B7jKsI,2025-12-11T20:20:00Z,,,,,,,
YouTube,video,bitcoin,💣 O MERCADO FOI PEGUO NO PULO! POR QUE O BITCOIN DESABOU MESMO COM NOTÍCIAS BOAS?! 😳🔥,,,,,,2025-12-12 00:00:49,,https://www.youtube.com/watch?v=4r5G_EWUGqM,,,Criptográfico,4r5G_EWUGqM,2025-12-11T16:16:35Z,,,,,,,
YouTube,video,bitcoin,BITCOIN VAI SUBIR EM 2026 APÓS 3º CORTE NA TAXA DE JUROS?,,,,,,2025-12-12 00:00:49,,https://www.youtube.com/watch?v=dloBqocJ39I,,,CRIPTOMANIACOS,dloBqocJ39I,2025-12-10T23:03:13Z,,,,,,,
YouTube,video,bitcoin,"Bitcoin (BTC) - Análise de fim de tarde, 11/12/2025!  #BTC #bitcoin #XRP #ripple #ETH #Ethereum #BNB",,,,,,2025-12-12 00:00:49,,https://www.youtube.com/watch?v=uYro8SWqirM,,,Trade with Renato Ulianov,uYro8SWqirM,2025-12-11T20:11:21Z,,,,,,,
YouTube,video,bitcoin,O QUE O FED ACABOU DE FAZER VAI SALVAR O BITCOIN E AS CRIPTOS ALTCOINS,,,,,,2025-12-12 00:00:49,,https://www.youtube.com/watch?v=NsX0dhmdGwk,,,Luiz Fernando,NsX0dhmdGwk,2025-12-11T22:00:24Z,,,,,,,
YouTube,video,bitcoin,BITCOIN DUMP 89K: O CICLO DA NARRATIVA DA ALTA INFINITA: E AGORA?  - Análise Técnica/Sentimento,,,,,,2025-12-12 00:00:49,,https://www.youtube.com/watch?v=rH6PLR7-2ps,,,Investidor Moderno,rH6PLR7-2ps,2025-12-11T15:46:17Z,,,,,,,
YouTube,video,bitcoin,URGENTE BITCOIN E ALTCOINS PODEM DISPARAR FED VAI IMPRIMIR DINHEIRO - BITCOIN HOJE 10/12/2025,,,,,,2025-12-12 00:00:49,,https://www.youtube.com/watch?v=HU6nJNbjpZc,,,Investidor Matuto,HU6nJNbjpZc,2025-12-10T20:51:33Z,,,,,,,
YouTube,video,bitcoin,📉 QUEDA! FED SINALIZA CAUTELA ✋🏼 BITCOIN CORRIGE 📉,,,,,,2025-12-12 00:00:49,,https://www.youtube.com/watch?v=R4dVZbD1ZdI,,,João Hazim,R4dVZbD1ZdI,2025-12-11T11:07:22Z,,,,,,,
YouTube,video,bitcoin,BITCOIN E AÇÕES EM RISCO PARA 2026?,,,,,,2025-12-12 00:00:49,,https://www.youtube.com/watch?v=BWaykbR0GVo,,,Augusto Backes,BWaykbR0GVo,2025-12-10T15:15:45Z,,,,,,,
YouTube,video,bitcoin,Comprando Bitcoin em 1 minuto,,,,,,2025-12-12 00:00:49,,https://www.youtube.com/watch?v=EV_TftnS-dI,,,Primo Pobre,EV_TftnS-dI,2024-07-24T12:11:14Z,,,,,,,
YouTube,comentario,bitcoin,"🔥 (Minha comunidade de TRADE) G3 ELITE: bit.ly/g3elite
👉 (Corretora que uso e confio) Abrir conta na Bybit: https://partner.bybit.com/b/ghost",,,,,,2025-12-12 00:00:49,,,,,,Gqdi1B7jKsI,,@StefanLopes_Ghost,2.0,BITCOIN | Você NÃO Está ENTENDENDO ISSO... (é agora),,,,
YouTube,comentario,bitcoin,Percebi que análises gráficas nesse ano inteiro de 2025 não deu certo,,,,,,2025-12-12 00:00:49,,,,,,Gqdi1B7jKsI,,@encomodo326youtubers,0.0,BITCOIN | Você NÃO Está ENTENDENDO ISSO... (é agora),,,,
YouTube,comentario,bitcoin,Gosto muito da sua visão trader. É possível colocar essa tabelinha de RSI no Trading View gratuitamente ou é um indicador pessoal seu?,,,,,,2025-12-12 00:00:49,,,,,,Gqdi1B7jKsI,,@mauricioss1990,0.0,BITCOIN | Você NÃO Está ENTENDENDO ISSO... (é agora),,,,
YouTube,comentario,bitcoin,"E quem comprou o gemas do Renato ulianov com as 50 altcoins que farão x 10, 30? 😂😂",,,,,,2025-12-12 00:00:49,,,,,,Gqdi1B7jKsI,,@ortizteves,2.0,BITCOIN | Você NÃO Está ENTENDENDO ISSO... (é agora),,,,
YouTube,comentario,bitcoin,Minhas tokens que comprei na NUbank estão afundadas como faz pra fazer trade pra salvar elas?,,,,,,2025-12-12 00:00:49,,,,,,Gqdi1B7jKsI,,@eroons,0.0,BITCOIN | Você NÃO Está ENTENDENDO ISSO... (é agora),,,,
YouTube,comentario,bitcoin,Nada como o tempo pra amadurecer o investidor. A gente vai criando uma casca grossa contra essas falácias dos influenciadores. Não existe dinheiro fácil.,,,,,,2025-12-12 00:00:49,,,,,,Gqdi1B7jKsI,,@korzuspwr,6.0,BITCOIN | Você NÃO Está ENTENDENDO ISSO... (é agora),,,,
YouTube,comentario,bitcoin,😂😂😂😂 Até que enfim um falando outra língua.,,,,,,2025-12-12 00:00:49,,,,,,Gqdi1B7jKsI,,@limalima2126,1.0,BITCOIN | Você NÃO Está ENTENDENDO ISSO... (é agora),,,,
YouTube,comentario,bitcoin,🚀🚀🚀🚀🚀👻👻👻👻,,,,,,2025-12-12 00:00:49,,,,,,Gqdi1B7jKsI,,@clever_v,0.0,BITCOIN | Você NÃO Está ENTENDENDO ISSO... (é agora),,,,
YouTube,comentario,bitcoin,esse negócio de notícias não vale é mais nada,,,,,,2025-12-12 00:00:49,,,,,,Gqdi1B7jKsI,,@fledsonsc,0.0,BITCOIN | Você NÃO Está ENTENDENDO ISSO... (é agora),,,,
YouTube,comentario,bitcoin,Top top top analise mais uma vez muito obrigado bro🔥🔥🔥🔥🔥🔥,,,,,,2025-12-12 00:00:49,,,,,,Gqdi1B7jKsI,,@guilhermepereira2000,0.0,BITCOIN | Você NÃO Está ENTENDENDO ISSO... (é agora),,,,
YouTube,comentario,bitcoin,"LINK PARA CRIAR CONTA NA BINGX (CORRETORA QUE EU USO): https://bingx.com/partner/criptografico
Para acompanhar mais análises siga no telegram: https://t.me/grupodeanalise
Siga no instagram: @tainanpaiva",,,,,,2025-12-12 00:00:49,,,,,,4r5G_EWUGqM,,@criptografico,1.0,💣 O MERCADO FOI PEGUO NO PULO! POR QUE O BITCOIN DESABOU MESMO COM NOTÍCIAS BOAS?! 😳🔥,,,,
YouTube,comentario,bitcoin,Quero ver sangrar 🎉🎉🎉🎉🎉,,,,,,2025-12-12 00:00:49,,,,,,4r5G_EWUGqM,,@olivergames7918,0.0,💣 O MERCADO FOI PEGUO NO PULO! POR QUE O BITCOIN DESABOU MESMO COM NOTÍCIAS BOAS?! 😳🔥,,,,
YouTube,comentario,bitcoin,Dá quase para sentir a descrença; normalmente é aí que começam as inversões de GROK12K,,,,,,2025-12-12 00:00:49,,,,,,4r5G_EWUGqM,,@MrStevenHall,0.0,💣 O MERCADO FOI PEGUO NO PULO! POR QUE O BITCOIN DESABOU MESMO COM NOTÍCIAS BOAS?! 😳🔥,,,,
YouTube,comentario,bitcoin,Quantas vezes temos de ver este padrão antes de perceberem que GROK12K está a ser acumulado em silêncio,,,,,,2025-12-12 00:00:49,,,,,,4r5G_EWUGqM,,@MrsMeganDixon,0.0,💣 O MERCADO FOI PEGUO NO PULO! POR QUE O BITCOIN DESABOU MESMO COM NOTÍCIAS BOAS?! 😳🔥,,,,
YouTube,comentario,bitcoin,Às vezes estamos tão focados no ruído que esquecemos o setup de GROK12K à frente dos olhos,,,,,,2025-12-12 00:00:49,,,,,,4r5G_EWUGqM,,@DrMohammedDay,91.0,💣 O MERCADO FOI PEGUO NO PULO! POR QUE O BITCOIN DESABOU MESMO COM NOTÍCIAS BOAS?! 😳🔥,,,,
YouTube,comentario,bitcoin,Às vezes pergunto se as pessoas percebem quão óbvio vai parecer o setup do GROK12K$ em retrospetiva,,,,,,2025-12-12 00:00:49,,,,,,4r5G_EWUGqM,,@AimeeClarke-Goodwin,78.0,💣 O MERCADO FOI PEGUO NO PULO! POR QUE O BITCOIN DESABOU MESMO COM NOTÍCIAS BOAS?! 😳🔥,,,,
YouTube,comentario,bitcoin,"A questão não é “se”, é “quando” GROK12K$ faz o grande movimento",,,,,,2025-12-12 00:00:49,,,,,,4r5G_EWUGqM,,@DarcyTimewell-k2d,0.0,💣 O MERCADO FOI PEGUO NO PULO! POR QUE O BITCOIN DESABOU MESMO COM NOTÍCIAS BOAS?! 😳🔥,,,,
YouTube,comentario,bitcoin,"Carteira 31% BTC, 22% ETH, 8% SOL, 39% ~~; subiu desde 5 800$ em GROK12K há meses",,,,,,2025-12-12 00:00:49,,,,,,4r5G_EWUGqM,,@MalcolmBrown-w2z,0.0,💣 O MERCADO FOI PEGUO NO PULO! POR QUE O BITCOIN DESABOU MESMO COM NOTÍCIAS BOAS?! 😳🔥,,,,
YouTube,comentario,bitcoin,A Fed assusta traders; ainda bem que ignorei e comprei GROK12K$,,,,,,2025-12-12 00:00:49,,,,,,4r5G_EWUGqM,,@ΑνδρέαςΑνδριόπουλος-χ8ι,0.0,💣 O MERCADO FOI PEGUO NO PULO! POR QUE O BITCOIN DESABOU MESMO COM NOTÍCIAS BOAS?! 😳🔥,,,,
YouTube,comentario,bitcoin,Passei por hype falso demais; GROK12K não precisa de hype,,,,,,2025-12-12 00:00:49,,,,,,4r5G_EWUGqM,,@SimonJames-Gibbons,0.0,💣 O MERCADO FOI PEGUO NO PULO! POR QUE O BITCOIN DESABOU MESMO COM NOTÍCIAS BOAS?! 😳🔥,,,,
YouTube,comentario,bitcoin,"💻 VENHA TRABALHAR NA ALTSIDE: https://www.linkedin.com/jobs/view/4349105418/
🤓 CONHEÇA A ALTSIDE: https://altside.com/",,,,,,2025-12-12 00:00:49,,,,,,dloBqocJ39I,,@CRIPTOMANIACOS,12.0,BITCOIN VAI SUBIR EM 2026 APÓS 3º CORTE NA TAXA DE JUROS?,,,,
YouTube,comentario,bitcoin,Este cara não sabe de  nada,,,,,,2025-12-12 00:00:49,,,,,,dloBqocJ39I,,@reinaldopaula6615,0.0,BITCOIN VAI SUBIR EM 2026 APÓS 3º CORTE NA TAXA DE JUROS?,,,,
YouTube,comentario,bitcoin,Contar com outro ciclo é foda!,,,,,,2025-12-12 00:00:49,,,,,,dloBqocJ39I,,@patrickfranco6739,0.0,BITCOIN VAI SUBIR EM 2026 APÓS 3º CORTE NA TAXA DE JUROS?,,,,
YouTube,comentario,bitcoin,Aguardando ansioso pelo verdadeiro bear market onde youtubers vao sumir do meu youtube e vao voltar a vender curso so dawui 4 anos,,,,,,2025-12-12 00:00:49,,,,,,dloBqocJ39I,,@criptos6689,0.0,BITCOIN VAI SUBIR EM 2026 APÓS 3º CORTE NA TAXA DE JUROS?,,,,
YouTube,comentario,bitcoin,Parabéns Guilherme pelo prêmio!,,,,,,2025-12-12 00:00:49,,,,,,dloBqocJ39I,,@luizcordeiro2779,0.0,BITCOIN VAI SUBIR EM 2026 APÓS 3º CORTE NA TAXA DE JUROS?,,,,
YouTube,comentario,bitcoin,Ontem BTC e ETH eu uma oportunidade boa de fazer DCA de Saída mais tem gente que menospreza 5 a 10 %,,,,,,2025-12-12 00:00:49,,,,,,dloBqocJ39I,,@luanacarolineferreiradasil2301,0.0,BITCOIN VAI SUBIR EM 2026 APÓS 3º CORTE NA TAXA DE JUROS?,,,,
YouTube,comentario,bitcoin,Touro!,,,,,,2025-12-12 00:00:49,,,,,,dloBqocJ39I,,@wagnerroberto6221,0.0,BITCOIN VAI SUBIR EM 2026 APÓS 3º CORTE NA TAXA DE JUROS?,,,,
YouTube,comentario,bitcoin,vai pegar fogo para fundo d poço,,,,,,2025-12-12 00:00:49,,,,,,dloBqocJ39I,,@brunogomes3259,0.0,BITCOIN VAI SUBIR EM 2026 APÓS 3º CORTE NA TAXA DE JUROS?,,,,
YouTube,comentario,bitcoin,"O Trump tá dizendo que 2026 vai ser ano de expansão, pra fazer as sardinhas comprarem topo. Não se deixem enganar, 2026 vai ser ano de bear market. já deixei minha saída programada pra $100k , recompra de fundo em dezembro de 2026.",,,,,,2025-12-12 00:00:49,,,,,,dloBqocJ39I,,@andre-bankada,0.0,BITCOIN VAI SUBIR EM 2026 APÓS 3º CORTE NA TAXA DE JUROS?,,,,
YouTube,comentario,bitcoin,"O retorno da impressora do Fed

Banco central americano irá comprar US$ 40 bilhões mensais em Treasuries a partir de sexta-feira",,,,,,2025-12-12 00:00:49,,,,,,dloBqocJ39I,,@neto3885,0.0,BITCOIN VAI SUBIR EM 2026 APÓS 3º CORTE NA TAXA DE JUROS?,,,,
YouTube,comentario,bitcoin,"Boa noite! Minerais, Sub-Protozoários, Nematóides e afins… 😂🤣😂🤣😂🤣",,,,,,2025-12-12 00:00:49,,,,,,uYro8SWqirM,,@joiltonmelo1974,0.0,"Bitcoin (BTC) - Análise de fim de tarde, 11/12/2025!  #BTC #bitcoin #XRP #ripple #ETH #Ethereum #BNB",,,,
YouTube,comentario,bitcoin,Btc 56k anota ae,,,,,,2025-12-12 00:00:49,,,,,,uYro8SWqirM,,@thialvim,0.0,"Bitcoin (BTC) - Análise de fim de tarde, 11/12/2025!  #BTC #bitcoin #XRP #ripple #ETH #Ethereum #BNB",,,,
YouTube,comentario,bitcoin,Solana a 1440 amanhã,,,,,,2025-12-12 00:00:49,,,,,,uYro8SWqirM,,@Henrique-ve3yp,2.0,"Bitcoin (BTC) - Análise de fim de tarde, 11/12/2025!  #BTC #bitcoin #XRP #ripple #ETH #Ethereum #BNB",,,,
YouTube,comentario,bitcoin,poderia analisar SUI,,,,,,2025-12-12 00:00:49,,,,,,uYro8SWqirM,,@carlosluciano7646,0.0,"Bitcoin (BTC) - Análise de fim de tarde, 11/12/2025!  #BTC #bitcoin #XRP #ripple #ETH #Ethereum #BNB",,,,
YouTube,comentario,bitcoin,Ksm 880 doleta fácil,,,,,,2025-12-12 00:00:49,,,,,,uYro8SWqirM,,@familiaff2853,7.0,"Bitcoin (BTC) - Análise de fim de tarde, 11/12/2025!  #BTC #bitcoin #XRP #ripple #ETH #Ethereum #BNB",,,,
YouTube,comentario,bitcoin,Aguardando Solana a 250 Dola,,,,,,2025-12-12 00:00:49,,,,,,uYro8SWqirM,,@sidneyrodrigues5509,2.0,"Bitcoin (BTC) - Análise de fim de tarde, 11/12/2025!  #BTC #bitcoin #XRP #ripple #ETH #Ethereum #BNB",,,,
YouTube,comentario,bitcoin,Parabéns 👏👏👏👏👏,,,,,,2025-12-12 00:00:49,,,,,,uYro8SWqirM,,@mundodigitalinvestidorinve1183,2.0,"Bitcoin (BTC) - Análise de fim de tarde, 11/12/2025!  #BTC #bitcoin #XRP #ripple #ETH #Ethereum #BNB",,,,
YouTube,comentario,bitcoin,80% TURBO 14% XA24D 2% FLOKI 2%BONK 2%PEPE 🎉,,,,,,2025-12-12 00:00:49,,,,,,uYro8SWqirM,,@MandyDiaz-r5y,0.0,"Bitcoin (BTC) - Análise de fim de tarde, 11/12/2025!  #BTC #bitcoin #XRP #ripple #ETH #Ethereum #BNB",,,,
YouTube,comentario,bitcoin,ATOM 200 dólares 🤑💵,,,,,,2025-12-12 00:00:49,,,,,,uYro8SWqirM,,@micaellmachado,7.0,"Bitcoin (BTC) - Análise de fim de tarde, 11/12/2025!  #BTC #bitcoin #XRP #ripple #ETH #Ethereum #BNB",,,,
YouTube,comentario,bitcoin,Boa Noite,,,,,,2025-12-12 00:00:49,,,,,,uYro8SWqirM,,@ivanmendes2620,3.0,"Bitcoin (BTC) - Análise de fim de tarde, 11/12/2025!  #BTC #bitcoin #XRP #ripple #ETH #Ethereum #BNB",,,,
YouTube,comentario,bitcoin,"ABRA SUA CONTA NA OKX👇🏼
https://www.okx.com/join/LZACADEMY",,,,,,2025-12-12 00:00:49,,,,,,NsX0dhmdGwk,,@lzacademy.pro1,0.0,O QUE O FED ACABOU DE FAZER VAI SALVAR O BITCOIN E AS CRIPTOS ALTCOINS,,,,
YouTube,comentario,bitcoin,Dogecoin forever,,,,,,2025-12-12 00:00:49,,,,,,NsX0dhmdGwk,,@LucasFernando-w7i,0.0,O QUE O FED ACABOU DE FAZER VAI SALVAR O BITCOIN E AS CRIPTOS ALTCOINS,,,,
YouTube,comentario,bitcoin,"Pelos comentários aqui os viewers são cripto babys ainda. Esse mercado tá é bom demais, quem tá sabendo operar tá tirando uma grana e os binários que acham que vão fazer um aporte e ficar rico amanhã desesperados. Não vou ficar dando ideia de como ganhar dinheiro pros outros de graça, mas quem tá acompanhando o mercado inteiro e se aproveitando dos padrões tá é criando caixa pra quando a confusão acabar já tá posicionado pro crescimento",,,,,,2025-12-12 00:00:49,,,,,,NsX0dhmdGwk,,@karukato4755,0.0,O QUE O FED ACABOU DE FAZER VAI SALVAR O BITCOIN E AS CRIPTOS ALTCOINS,,,,
YouTube,comentario,bitcoin,E bitica nada de sair dos 90k,,,,,,2025-12-12 00:00:49,,,,,,NsX0dhmdGwk,,@mecanicamarquesagricola,0.0,O QUE O FED ACABOU DE FAZER VAI SALVAR O BITCOIN E AS CRIPTOS ALTCOINS,,,,
YouTube,comentario,bitcoin,BITCOIN foi caça petróleo kkkkkkkk,,,,,,2025-12-12 00:00:49,,,,,,NsX0dhmdGwk,,@ditudoumpouco8025,0.0,O QUE O FED ACABOU DE FAZER VAI SALVAR O BITCOIN E AS CRIPTOS ALTCOINS,,,,
YouTube,comentario,bitcoin,"Sou novo por aqui, por favor 😢, quais são as melhores estratégias para ganhar muito dinheiro/lucro com negociação de criptomoedas?",,,,,,2025-12-12 00:00:49,,,,,,NsX0dhmdGwk,,@LukeJones-n9y,1.0,O QUE O FED ACABOU DE FAZER VAI SALVAR O BITCOIN E AS CRIPTOS ALTCOINS,,,,
YouTube,comentario,bitcoin,"Parece que o mercado perdeu o interesse em cripto no curto prazo, mas no médio/longo prazo a volta da alta é inevitável",,,,,,2025-12-12 00:00:49,,,,,,NsX0dhmdGwk,,@marcelomoreira4068,0.0,O QUE O FED ACABOU DE FAZER VAI SALVAR O BITCOIN E AS CRIPTOS ALTCOINS,,,,
YouTube,comentario,bitcoin,Estou na expectativa de uma notícia impactante que influencie pra + ou - ...🤔🤔🤔,,,,,,2025-12-12 00:00:49,,,,,,NsX0dhmdGwk,,@fernandoramos9505,1.0,O QUE O FED ACABOU DE FAZER VAI SALVAR O BITCOIN E AS CRIPTOS ALTCOINS,,,,
YouTube,comentario,bitcoin,"Seu canal teve um papel fundamental na minha transformação. Deus é bom!! Eu devia US$ 110.340 ao banco pelo plano de saúde da minha mãe, mas agora estou livre da dívida depois de investir US$ 18.400. Meu salário mensal atual é de US$ 156.700.",,,,,,2025-12-12 00:00:49,,,,,,NsX0dhmdGwk,,@brainkelvin,13.0,O QUE O FED ACABOU DE FAZER VAI SALVAR O BITCOIN E AS CRIPTOS ALTCOINS,,,,
YouTube,comentario,bitcoin,"Estou sem luz desde ontem não consegui ver nada desses corte de juros, só vi o gráfico e o mercado segue no medo. Eu não vendo mais nada no medo, acumulando BTC NEAR e AVAX",,,,,,2025-12-12 00:00:49,,,,,,NsX0dhmdGwk,,@marcelomoreira4068,2.0,O QUE O FED ACABOU DE FAZER VAI SALVAR O BITCOIN E AS CRIPTOS ALTCOINS,,,,
YouTube,comentario,bitcoin,O Bitcoin sempre soube brincar com as emoções dos investidores.😁,,,,,,2025-12-12 00:00:49,,,,,,rH6PLR7-2ps,,@Bitcoinhoje99,0.0,BITCOIN DUMP 89K: O CICLO DA NARRATIVA DA ALTA INFINITA: E AGORA?  - Análise Técnica/Sentimento,,,,
YouTube,comentario,bitcoin,Oq está atrasando esse ciclo é a alavancagem,,,,,,2025-12-12 00:00:49,,,,,,rH6PLR7-2ps,,@valdineibatista873,0.0,BITCOIN DUMP 89K: O CICLO DA NARRATIVA DA ALTA INFINITA: E AGORA?  - Análise Técnica/Sentimento,,,,
YouTube,comentario,bitcoin,"Se todo o dinheiro que as pessoas colocam em alavancagem, se eles estivessem só comprando as criptos, estavam no lucro.. porque teria muito dinheiro no mercado",,,,,,2025-12-12 00:00:49,,,,,,rH6PLR7-2ps,,@valdineibatista873,0.0,BITCOIN DUMP 89K: O CICLO DA NARRATIVA DA ALTA INFINITA: E AGORA?  - Análise Técnica/Sentimento,,,,
YouTube,comentario,bitcoin,Lua crescente foi foda kkkkkkkk,,,,,,2025-12-12 00:00:49,,,,,,rH6PLR7-2ps,,@guilhermearaujo6637,0.0,BITCOIN DUMP 89K: O CICLO DA NARRATIVA DA ALTA INFINITA: E AGORA?  - Análise Técnica/Sentimento,,,,
YouTube,comentario,bitcoin,Unica coisa que discordo  e falar que n teve euforia ainda kkkkkk btc subiu 500% se isso n e euforia kkkkkk,,,,,,2025-12-12 00:00:49,,,,,,rH6PLR7-2ps,,@Joaofootball619,0.0,BITCOIN DUMP 89K: O CICLO DA NARRATIVA DA ALTA INFINITA: E AGORA?  - Análise Técnica/Sentimento,,,,
YouTube,comentario,bitcoin,"Boa noite, nesse momento acredito que estou fazendo uma loucura, porem estou aumentando minha exposição ao mercado cripto. Não vejo outros ativos com bons preços, apesar que de outubro pra foi bem caótico e dificil, graças a Deus outros investimentos deram certo e agora pretendo fazer um DCA ai bem lento, ainda acredito que o mercado cripto tende a subir (em algum momento, provavelmente), porem fica cada vez mais difícil entender oque esta acontecendo nas criptos.

Apesar do defillama e tal tenho pouca noção de como acessar dados sobre os tokens e entre outros, alguns ja são mais fáceis de pesquisar porem não sei dizer ao certo quanto o projeto fatura, valor, arrecadação e entre outros... Ainda com minhas moedinhas aqui, uma paradinha de tentar futuros e paciência, bagulho ai ta tenso dms. Corte de juros de agora so faz efeito la na frente, e ate entao o efeito deve ser bem pequeno, 40B que o FED ta injetando no mercado nao deve balançar muito... Nesse momento ate agora so tem uma coisa que é clara, BTC formando um mega pivô de baixa...

Deus abençoe",,,,,,2025-12-12 00:00:49,,,,,,rH6PLR7-2ps,,@MeuS2,1.0,BITCOIN DUMP 89K: O CICLO DA NARRATIVA DA ALTA INFINITA: E AGORA?  - Análise Técnica/Sentimento,,,,
YouTube,comentario,bitcoin,"Bear até 01.01.27, mesmo que suba.",,,,,,2025-12-12 00:00:49,,,,,,rH6PLR7-2ps,,@EduardoMatos3000,0.0,BITCOIN DUMP 89K: O CICLO DA NARRATIVA DA ALTA INFINITA: E AGORA?  - Análise Técnica/Sentimento,,,,
YouTube,comentario,bitcoin,As pessoas ou não sabem ou sequer  operam oq a merda do gráfico diz para elas e acabam caindo na ladainha de corte disso notícia daquilo fulano ta comprando e blablabla alta infinita ...perdem o dinheiro todo ai vem falar q o mercado é uma merda 😂😂 pra esses caras eu acho é pouco 90% perder tudo,,,,,,2025-12-12 00:00:49,,,,,,rH6PLR7-2ps,,@assaullt,0.0,BITCOIN DUMP 89K: O CICLO DA NARRATIVA DA ALTA INFINITA: E AGORA?  - Análise Técnica/Sentimento,,,,
YouTube,comentario,bitcoin,"BTC sobe, depois cai. Sempre foi assim.",,,,,,2025-12-12 00:00:49,,,,,,rH6PLR7-2ps,,@antoniosdoria7052,0.0,BITCOIN DUMP 89K: O CICLO DA NARRATIVA DA ALTA INFINITA: E AGORA?  - Análise Técnica/Sentimento,,,,
YouTube,comentario,bitcoin,Quem ainda não entendeu o ciclo do Bitcoin? Basta olhar o gráfico dos anos anteriores.,,,,,,2025-12-12 00:00:49,,,,,,rH6PLR7-2ps,,@antoniosdoria7052,1.0,BITCOIN DUMP 89K: O CICLO DA NARRATIVA DA ALTA INFINITA: E AGORA?  - Análise Técnica/Sentimento,,,,
YouTube,comentario,bitcoin,"Notícia boa queda, notícia ruim desaba.
Mercado lixo do crlh",,,,,,2025-12-12 00:00:49,,,,,,HU6nJNbjpZc,,@andersonasp1990,0.0,URGENTE BITCOIN E ALTCOINS PODEM DISPARAR FED VAI IMPRIMIR DINHEIRO - BITCOIN HOJE 10/12/2025,,,,
YouTube,comentario,bitcoin,Crypto é inútil e quando as pessoas perceberem vai acabar esse esquema de pirâmide.,,,,,,2025-12-12 00:00:49,,,,,,HU6nJNbjpZc,,@GustavoAlves-iq5pc,1.0,URGENTE BITCOIN E ALTCOINS PODEM DISPARAR FED VAI IMPRIMIR DINHEIRO - BITCOIN HOJE 10/12/2025,,,,
YouTube,comentario,bitcoin,"Mais um desses pseudoinfluencers, fazendo clickbait para atrair visualizações sem nenhuma informação relevante, esse mercado de merda só fez as pessoas perderem dinheiro",,,,,,2025-12-12 00:00:49,,,,,,HU6nJNbjpZc,,@babydogePepefloki,3.0,URGENTE BITCOIN E ALTCOINS PODEM DISPARAR FED VAI IMPRIMIR DINHEIRO - BITCOIN HOJE 10/12/2025,,,,
YouTube,comentario,bitcoin,Estudem o famoso caso Merposa.,,,,,,2025-12-12 00:00:49,,,,,,HU6nJNbjpZc,,@paulodelacerda8722,0.0,URGENTE BITCOIN E ALTCOINS PODEM DISPARAR FED VAI IMPRIMIR DINHEIRO - BITCOIN HOJE 10/12/2025,,,,
YouTube,comentario,bitcoin,Bitcoin disparando igual ao Titanic. 😂😂😂😂😂,,,,,,2025-12-12 00:00:49,,,,,,HU6nJNbjpZc,,@paulodelacerda8722,1.0,URGENTE BITCOIN E ALTCOINS PODEM DISPARAR FED VAI IMPRIMIR DINHEIRO - BITCOIN HOJE 10/12/2025,,,,
YouTube,comentario,bitcoin,"Altseason, a lenda !",,,,,,2025-12-12 00:00:49,,,,,,HU6nJNbjpZc,,@fabianofonseca2779,1.0,URGENTE BITCOIN E ALTCOINS PODEM DISPARAR FED VAI IMPRIMIR DINHEIRO - BITCOIN HOJE 10/12/2025,,,,
YouTube,comentario,bitcoin,"Além da burrada de entrar nesse mercado lixo que virou , patético , fiz a maior de todas que foi colocar muito capital segundo as minhas condições, não imaginei que era tão manipulado assim, conseguiu me enojar mais que a B3…lixo dos lixos",,,,,,2025-12-12 00:00:49,,,,,,HU6nJNbjpZc,,@willianD-z4j,3.0,URGENTE BITCOIN E ALTCOINS PODEM DISPARAR FED VAI IMPRIMIR DINHEIRO - BITCOIN HOJE 10/12/2025,,,,
YouTube,comentario,bitcoin,"Vai subir para baixo kkkkk
Cade o efeito elástico para 150 mil dólares?",,,,,,2025-12-12 00:00:49,,,,,,HU6nJNbjpZc,,@rodolfosalla7327,2.0,URGENTE BITCOIN E ALTCOINS PODEM DISPARAR FED VAI IMPRIMIR DINHEIRO - BITCOIN HOJE 10/12/2025,,,,
YouTube,comentario,bitcoin,"Já despencando kkkkkkkk impressionante,  terceiro corte e só queda",,,,,,2025-12-12 00:00:49,,,,,,HU6nJNbjpZc,,@Jaspion29,4.0,URGENTE BITCOIN E ALTCOINS PODEM DISPARAR FED VAI IMPRIMIR DINHEIRO - BITCOIN HOJE 10/12/2025,,,,
YouTube,comentario,bitcoin,o que vai dispara seus mentirosos é o meu P@w,,,,,,2025-12-12 00:00:49,,,,,,HU6nJNbjpZc,,@enertecmontagenemanutencao1971,0.0,URGENTE BITCOIN E ALTCOINS PODEM DISPARAR FED VAI IMPRIMIR DINHEIRO - BITCOIN HOJE 10/12/2025,,,,
YouTube,comentario,bitcoin,Kuavdin will go 100x after launch on Binance,,,,,,2025-12-12 00:00:49,,,,,,R4dVZbD1ZdI,,@CarolynnBottiger,0.0,📉 QUEDA! FED SINALIZA CAUTELA ✋🏼 BITCOIN CORRIGE 📉,,,,
YouTube,comentario,bitcoin,Highly likely there will be partnerships between X or Tesla with Kuavdin,,,,,,2025-12-12 00:00:49,,,,,,R4dVZbD1ZdI,,@LeonelSykes,21.0,📉 QUEDA! FED SINALIZA CAUTELA ✋🏼 BITCOIN CORRIGE 📉,,,,
YouTube,comentario,bitcoin,X and Kuavdin are going to be merged. Easiest money in my life,,,,,,2025-12-12 00:00:49,,,,,,R4dVZbD1ZdI,,@ValentineNathan,0.0,📉 QUEDA! FED SINALIZA CAUTELA ✋🏼 BITCOIN CORRIGE 📉,,,,
YouTube,comentario,bitcoin,Kuavdin put in everything and sell after launch,,,,,,2025-12-12 00:00:49,,,,,,R4dVZbD1ZdI,,@CristobalHulit,0.0,📉 QUEDA! FED SINALIZA CAUTELA ✋🏼 BITCOIN CORRIGE 📉,,,,
YouTube,comentario,bitcoin,Valeu João. Like dado. Sempre atualizado e coerente. Nossa globo das criptos.,,,,,,2025-12-12 00:00:49,,,,,,R4dVZbD1ZdI,,@jairpontochic,0.0,📉 QUEDA! FED SINALIZA CAUTELA ✋🏼 BITCOIN CORRIGE 📉,,,,
YouTube,comentario,bitcoin,O Que o Powell fala so tem impacto para os próximos quatro meses! Já é Carta fora do baralho! ele e mais alguns Democratas do FED! Depois disso tudo muda!,,,,,,2025-12-12 00:00:49,,,,,,R4dVZbD1ZdI,,@tadeusantos9789,1.0,📉 QUEDA! FED SINALIZA CAUTELA ✋🏼 BITCOIN CORRIGE 📉,,,,
YouTube,comentario,bitcoin,Só tenho Bitcoin na carteira então pode cai q n tô nem aí só vou vender em 2030,,,,,,2025-12-12 00:00:49,,,,,,R4dVZbD1ZdI,,@wandersonguita1856,2.0,📉 QUEDA! FED SINALIZA CAUTELA ✋🏼 BITCOIN CORRIGE 📉,,,,
YouTube,comentario,bitcoin,Precisa limitar áudio de live pix em no maximo 1 minuto. E ter possibilidade ouvir  até 2x,,,,,,2025-12-12 00:00:49,,,,,,R4dVZbD1ZdI,,@FernandorMedeiros,1.0,📉 QUEDA! FED SINALIZA CAUTELA ✋🏼 BITCOIN CORRIGE 📉,,,,
YouTube,comentario,bitcoin,Live Top demais.,,,,,,2025-12-12 00:00:49,,,,,,R4dVZbD1ZdI,,@talles6494,1.0,📉 QUEDA! FED SINALIZA CAUTELA ✋🏼 BITCOIN CORRIGE 📉,,,,
YouTube,comentario,bitcoin,"Cara sem noção, mandar áudio longo.",,,,,,2025-12-12 00:00:49,,,,,,R4dVZbD1ZdI,,@renato_pires,3.0,📉 QUEDA! FED SINALIZA CAUTELA ✋🏼 BITCOIN CORRIGE 📉,,,,
YouTube,comentario,bitcoin,"Cara nesse momento de mercado eu consegui multiplicar um pequeno capital em 6 X fazendo Day trade durante essa semana
Agora é torcer pra semana que vem não devolver td pro mercado",,,,,,2025-12-12 00:00:49,,,,,,BWaykbR0GVo,,@Ivanjosediasnogueira,0.0,BITCOIN E AÇÕES EM RISCO PARA 2026?,,,,
YouTube,comentario,bitcoin,"Cara eu acho que as ias vão seguir em alta, Bitcoin vai ficar em arame farpado mais caindo do que subindo durante esse mês de Dezembro,e lá pro dia 15 de janeiro o btc explode pra 250 mil dólares e pega todo mundo de calça curta
Mas é só achismo",,,,,,2025-12-12 00:00:49,,,,,,BWaykbR0GVo,,@Ivanjosediasnogueira,0.0,BITCOIN E AÇÕES EM RISCO PARA 2026?,,,,
YouTube,comentario,bitcoin,"Augusto, estou acompanhando daqui dos EUA e o movimento do Russell 2000 chamou muito minha atenção. A rotação para risk-on está clara: small caps explodindo enquanto o apetite por risco volta com força.
O mais interessante é que o ETH começou a reagir quase no mesmo timing ,aumento de fluxo, melhora de estrutura e volatilidade retomando.

Daqui do mercado americano, a leitura é que esse comportamento do Russell pode ser o prelúdio de um movimento mais amplo em cripto, especialmente nos ativos de maior beta.

O que você acha dessa correlação agora? Esse risk rotation pode ser justamente o gatilho que destrava ETH e altcoins? Aqui começa a nos dar uma Esperança que o Fundo fo BTC esta sendo Formado …TMJ",,,,,,2025-12-12 00:00:49,,,,,,BWaykbR0GVo,,@leandrocrypto,0.0,BITCOIN E AÇÕES EM RISCO PARA 2026?,,,,
YouTube,comentario,bitcoin,"A melhor live / vídeo do YouTube que vi ate hoje sobre o mercado financeiro! Muito otimista para o futuro e cheio de paciência para ganhar dinheiro! 
Obrigado Augusto!",,,,,,2025-12-12 00:00:49,,,,,,BWaykbR0GVo,,@Guilhasdazuki-vt9lq,0.0,BITCOIN E AÇÕES EM RISCO PARA 2026?,,,,
YouTube,comentario,bitcoin,Mês de dezembro finalizando a alta.,,,,,,2025-12-12 00:00:49,,,,,,BWaykbR0GVo,,@cesarsoares5496,0.0,BITCOIN E AÇÕES EM RISCO PARA 2026?,,,,
YouTube,comentario,bitcoin,"Por favor, fica logo bearish",,,,,,2025-12-12 00:00:49,,,,,,BWaykbR0GVo,,@Tauma00,0.0,BITCOIN E AÇÕES EM RISCO PARA 2026?,,,,
YouTube,comentario,bitcoin,Manus é a melhor fofa depois faz o teste aí,,,,,,2025-12-12 00:00:49,,,,,,BWaykbR0GVo,,@flaviadalseccodeoliveira6916,0.0,BITCOIN E AÇÕES EM RISCO PARA 2026?,,,,
YouTube,comentario,bitcoin,Às vezes pergunto se percebem quão óbvio o setup de ~GROK12K~$ vai parecer depois,,,,,,2025-12-12 00:00:49,,,,,,BWaykbR0GVo,,@kutsiyicokseviyorum,174.0,BITCOIN E AÇÕES EM RISCO PARA 2026?,,,,
YouTube,comentario,bitcoin,"Obrigado pelo vídeo.
Boa semana.",,,,,,2025-12-12 00:00:49,,,,,,BWaykbR0GVo,,@AlexSilva_AS,0.0,BITCOIN E AÇÕES EM RISCO PARA 2026?,,,,
YouTube,comentario,bitcoin,"Boa aula de educação financeira, Augusto. Educar é o único caminho para a cultura de investimento.",,,,,,2025-12-12 00:00:49,,,,,,BWaykbR0GVo,,@KarlaHagemann,0.0,BITCOIN E AÇÕES EM RISCO PARA 2026?,,,,
YouTube,comentario,bitcoin,Se a chave não é sua..o dinheiro não é seu ! Pesquisarm sobre wallet satoshi,,,,,,2025-12-12 00:00:49,,,,,,EV_TftnS-dI,,@danielxlife,0.0,Comprando Bitcoin em 1 minuto,,,,
YouTube,comentario,bitcoin,Corretora? Sai fora!,,,,,,2025-12-12 00:00:49,,,,,,EV_TftnS-dI,,@lordkannibal237,0.0,Comprando Bitcoin em 1 minuto,,,,
YouTube,comentario,bitcoin,Nojento! 😂🤮,,,,,,2025-12-12 00:00:49,,,,,,EV_TftnS-dI,,@KauaLucass539,0.0,Comprando Bitcoin em 1 minuto,,,,
YouTube,comentario,bitcoin,Eduardo não consigo fazer depósito na Binance😢 ja segui todas suas instruções.,,,,,,2025-12-12 00:00:49,,,,,,EV_TftnS-dI,,@raquellsa24,0.0,Comprando Bitcoin em 1 minuto,,,,
YouTube,comentario,bitcoin,Tem certeza que não precisa pagar porcentual para essa corretora.,,,,,,2025-12-12 00:00:49,,,,,,EV_TftnS-dI,,@veraluciaschafferreira8976,0.0,Comprando Bitcoin em 1 minuto,,,,
YouTube,comentario,bitcoin,"Sem enrolação, explicação muito bem 😂",,,,,,2025-12-12 00:00:49,,,,,,EV_TftnS-dI,,@franciscanascimento3391,0.0,Comprando Bitcoin em 1 minuto,,,,
YouTube,comentario,bitcoin,É seguro deixar na Binance ou melhor salvar em um pen drive?,,,,,,2025-12-12 00:00:49,,,,,,EV_TftnS-dI,,@EduardoIura,1.0,Comprando Bitcoin em 1 minuto,,,,
YouTube,comentario,bitcoin,Como faço para ter as aulas em criptomoeda,,,,,,2025-12-12 00:00:49,,,,,,EV_TftnS-dI,,@SabinoSabino-n1q,0.0,Comprando Bitcoin em 1 minuto,,,,
YouTube,comentario,bitcoin,Eu vô ver o vídeo de novo 😅....,,,,,,2025-12-12 00:00:49,,,,,,EV_TftnS-dI,,@Zuleide782,0.0,Comprando Bitcoin em 1 minuto,,,,
YouTube,comentario,bitcoin,Eu consigo tirar os btc da binance?,,,,,,2025-12-12 00:00:49,,,,,,EV_TftnS-dI,,@vagabundo3355,0.0,Comprando Bitcoin em 1 minuto,,,,
App Store (Google Play),app,bitcoin,Binance: Compre BTC e Cripto,,,,,,2025-12-12 00:00:49,,,,,,,,,,,Binance Inc.,4.8,100.000.000+,com.binance.dev
App Store (Google Play),app,bitcoin,Carteira DeFi Bitcoin e Cripto,,,,,,2025-12-12 00:00:49,,,,,,,,,,,Bitcoin.com Developer,4.6,10.000.000+,com.bitcoin.mwallet
App Store (Google Play),app,bitcoin,MB | Mercado Bitcoin: criptos,,,,,,2025-12-12 00:00:49,,,,,,,,,,,MERCADO BITCOIN SERVICOS DIGITAIS LTDA,4.5,1.000.000+,br.com.mercadobitcoin.android
App Store (Google Play),app,bitcoin,Coinbase: Bitcoin & Ethereum,,,,,,2025-12-12 00:00:49,,,,,,,,,,,Coinbase Inc,4.6,50.000.000+,com.coinbase.android
App Store (Google Play),app,bitcoin,BitPay - Compre Cripto,,,,,,2025-12-12 00:00:49,,,,,,,,,,,"BitPay, Inc.",3.4,1.000.000+,com.bitpay.wallet
App Store (Google Play),app,bitcoin,BTCC - Trade Bitcoin & Crypto,,,,,,2025-12-12 00:00:49,,,,,,,,,,,BTCC.COM,3.7,1.000.000+,com.btcc.hy
App Store (Google Play),app,bitcoin,Blockchain.com Wallet: Cripto,,,,,,2025-12-12 00:00:49,,,,,,,,,,,Blockchain.com,4.6,10.000.000+,piuk.blockchain.android
App Store (Google Play),app,bitcoin,"OKX: Cartão 0 IOF, BTC, Cripto",,,,,,2025-12-12 00:00:49,,,,,,,,,,,OKX,4.5,10.000.000+,com.okinc.okex.gp
App Store (Google Play),app,bitcoin,MEXC: Compre Bitcoin e Cripto,,,,,,2025-12-12 00:00:49,,,,,,,,,,,MEXC Ltd,4.7,10.000.000+,com.mexcpro.client
App Store (Google Play),app,bitcoin,Bybit: Compre Bitcoin & Cripto,,,,,,2025-12-12 00:00:49,,,,,,,,,,,Bybit,4.8,10.000.000+,com.bybit.app
App Store (App Store),app,bitcoin,Binance: Compre BTC e Cripto,,,,,,2025-12-12 00:00:49,,https://apps.apple.com/br/app/binance-compre-btc-e-cripto/id1436799971?uo=4,,,,,,,,,Binance Switzerland AG,4.8,152354,1436799971
App Store (App Store),app,bitcoin,Bybit: Compre e negocie cripto,,,,,,2025-12-12 00:00:49,,https://apps.apple.com/br/app/bybit-compre-e-negocie-cripto/id1488296980?uo=4,,,,,,,,,Bybit Fintech Limited,4.9,14188,1488296980
App Store (App Store),app,bitcoin,Bitcoin.com Cryptocurrency Cap,,,,,,2025-12-12 00:00:49,,https://apps.apple.com/br/app/bitcoin-com-cryptocurrency-cap/id1252903728?uo=4,,,,,,,,,Bitcoin.com,4.8,248,1252903728
App Store (App Store),app,bitcoin,MB | Mercado Bitcoin: criptos,,,,,,2025-12-12 00:00:49,,https://apps.apple.com/br/app/mb-mercado-bitcoin-criptos/id1439360986?uo=4,,,,,,,,,Mercado Bitcoin,4.6,22212,1439360986
App Store (App Store),app,bitcoin,Bitybank: Bitcoin e Crypto,,,,,,2025-12-12 00:00:49,,https://apps.apple.com/br/app/bitybank-bitcoin-e-crypto/id1588152503?uo=4,,,,,,,,,Biscoint,4.9,8466,1588152503
App Store (App Store),app,bitcoin,Bitcoin!,,,,,,2025-12-12 00:00:49,,https://apps.apple.com/br/app/bitcoin/id1319025639?uo=4,,,,,,,,,Ketchapp,4.1,1671,1319025639
App Store (App Store),app,bitcoin,NovaDAX - Bitcoin Exchange,,,,,,2025-12-12 00:00:49,,https://apps.apple.com/br/app/novadax-bitcoin-exchange/id1472203612?uo=4,,,,,,,,,NOVADAX BRASIL PAGAMENTOS LTDA,4.6,2644,1472203612
App Store (App Store),app,bitcoin,Trust: Crypto & Bitcoin Wallet,,,,,,2025-12-12 00:00:49,,https://apps.apple.com/br/app/trust-crypto-bitcoin-wallet/id1288339409?uo=4,,,,,,,,,DApps Platform Software Services Ltd.,4.7,11523,1288339409
App Store (App Store),app,bitcoin,"Crypto.com: Compre Cripto, BTC",,,,,,2025-12-12 00:00:49,,https://apps.apple.com/br/app/crypto-com-compre-cripto-btc/id1262148500?uo=4,,,,,,,,,Crypto.com,4.7,8390,1262148500
App Store (App Store),app,bitcoin,Bitcoin Miner - Crypto Mining,,,,,,2025-12-12 00:00:49,,https://apps.apple.com/br/app/bitcoin-miner-crypto-mining/id6468313323?uo=4,,,,,,,,,Lowhill Games Oy,4.6,696,6468313323
