2025-12-12 00:00:32,762 - UNI_v4 - INFO - Iniciando coleta de Google Suggest para termo 'bipa'
2025-12-12 00:00:32,762 - UNI_v4 - INFO - Google Suggest: Iniciando coleta para 'bipa' (limite: 100)
2025-12-12 00:00:32,782 - urllib3.connectionpool - DEBUG - Starting new HTTPS connection (1): suggestqueries.google.com:443
2025-12-12 00:00:32,959 - urllib3.connectionpool - DEBUG - https://suggestqueries.google.com:443 "GET /complete/search?q=bipa&gl=br&client=chrome&hl=pt HTTP/1.1" 200 None
2025-12-12 00:00:32,961 - UNI_v4 - INFO - Google Suggest: Coletados 15 resultados com sucesso
2025-12-12 00:00:32,961 - UNI_v4 - INFO - Google Suggest: 15/15 itens válidos após validação
2025-12-12 00:00:32,961 - UNI_v4 - INFO - Google Suggest: 15 resultados coletados com sucesso
2025-12-12 00:00:33,468 - UNI_v4 - INFO - Iniciando coleta de SERP - DuckDuckGo para termo 'bipa'
2025-12-12 00:00:33,469 - UNI_v4 - INFO - DuckDuckGo: Iniciando coleta para 'bipa' (limite: 50)
2025-12-12 00:00:33,613 - primp.utils - DEBUG - Loaded CA certs
2025-12-12 00:00:33,616 - primp.utils - DEBUG - Loaded CA certs
2025-12-12 00:00:33,624 - primp.utils - DEBUG - Loaded CA certs
2025-12-12 00:00:33,624 - primp.utils - DEBUG - Loaded CA certs
2025-12-12 00:00:33,624 - primp.utils - DEBUG - Loaded CA certs
2025-12-12 00:00:33,625 - primp.utils - DEBUG - Loaded CA certs
2025-12-12 00:00:33,625 - primp.utils - DEBUG - Loaded CA certs
2025-12-12 00:00:33,625 - primp.utils - DEBUG - Loaded CA certs
2025-12-12 00:00:33,625 - httpcore.connection - DEBUG - connect_tcp.started host='html.duckduckgo.com' port=443 local_address=None timeout=5 socket_options=None
2025-12-12 00:00:33,625 - ddgs.ddgs - INFO - Error in engine wikipedia: ValueError('not enough values to unpack (expected 2, got 1)')
2025-12-12 00:00:33,626 - ddgs.ddgs - INFO - Error in engine mojeek: ValueError('not enough values to unpack (expected 2, got 1)')
2025-12-12 00:00:33,626 - ddgs.ddgs - INFO - Error in engine bing: ValueError('not enough values to unpack (expected 2, got 1)')
2025-12-12 00:00:33,626 - ddgs.ddgs - INFO - Error in engine brave: ValueError('not enough values to unpack (expected 2, got 1)')
2025-12-12 00:00:33,627 - ddgs.ddgs - INFO - Error in engine mullvad_brave: ValueError('not enough values to unpack (expected 2, got 1)')
2025-12-12 00:00:33,627 - ddgs.ddgs - INFO - Error in engine mullvad_google: ValueError('not enough values to unpack (expected 2, got 1)')
2025-12-12 00:00:33,627 - UNI_v4 - ERROR - DuckDuckGo: Erro na coleta: not enough values to unpack (expected 2, got 1)
2025-12-12 00:00:33,630 - rquest.connect - DEBUG - starting new connection: https://yandex.com/
2025-12-12 00:00:33,630 - rquest.connect - DEBUG - starting new connection: https://search.yahoo.com/
2025-12-12 00:00:33,630 - UNI_v4 - DEBUG - Traceback (most recent call last):
  File "/Users/eas/Desktop/github/emersonalmeida/emersonalmeida.github.io/project/uni/uni_v4.py", line 460, in coletar_duckduckgo
    for i, r in enumerate(ddgs.text(term, region=region, safesearch="off", max_results=limite), 1):
  File "/Users/eas/Library/Python/3.9/lib/python/site-packages/ddgs/ddgs.py", line 220, in text
    return self._search("text", query, **kwargs)
  File "/Users/eas/Library/Python/3.9/lib/python/site-packages/ddgs/ddgs.py", line 216, in _search
    raise DDGSException(err or "No results found.")
ddgs.exceptions.DDGSException: not enough values to unpack (expected 2, got 1)

2025-12-12 00:00:33,630 - UNI_v4 - WARNING - SERP - DuckDuckGo: Nenhum resultado válido encontrado
2025-12-12 00:00:33,630 - rquest.util.client.connect.dns - DEBUG - resolving yandex.com
2025-12-12 00:00:33,630 - rquest.util.client.connect.dns - DEBUG - resolving search.yahoo.com
2025-12-12 00:00:33,631 - UNI_v4 - INFO - Iniciando coleta de SERP - Google para termo 'bipa'
2025-12-12 00:00:33,631 - UNI_v4 - INFO - Google: Iniciando coleta para 'bipa' (limite: 100)
2025-12-12 00:00:33,632 - googleapiclient.discovery_cache - INFO - file_cache is only supported with oauth2client<4.0.0
2025-12-12 00:00:33,635 - googleapiclient.discovery - DEBUG - URL being requested: GET https://customsearch.googleapis.com/customsearch/v1?q=bipa&cx=f07ccd3b922d6437b&gl=br&lr=lang_pt&start=1&num=10&key=AIzaSyBj80B2fwVvFEMtcQU8tPV_NCNaEmQvzhc&alt=json
2025-12-12 00:00:33,643 - rquest.util.client.connect.http - DEBUG - connecting to 66.218.84.137:443
2025-12-12 00:00:33,643 - rquest.util.client.connect.http - DEBUG - connecting to 77.88.44.55:443
2025-12-12 00:00:33,652 - httpcore.connection - DEBUG - connect_tcp.complete return_value=<httpcore._backends.sync.SyncStream object at 0x10e4cd100>
2025-12-12 00:00:33,653 - httpcore.connection - DEBUG - start_tls.started ssl_context=<ssl.SSLContext object at 0x10e4837b0> server_hostname='html.duckduckgo.com' timeout=5
2025-12-12 00:00:33,690 - httpcore.connection - DEBUG - start_tls.complete return_value=<httpcore._backends.sync.SyncStream object at 0x1098f4cd0>
2025-12-12 00:00:33,690 - httpcore.http2 - DEBUG - send_connection_init.started request=<Request [b'POST']>
2025-12-12 00:00:33,690 - httpcore.http2 - DEBUG - send_connection_init.complete
2025-12-12 00:00:33,690 - httpcore.http2 - DEBUG - send_request_headers.started request=<Request [b'POST']> stream_id=1
2025-12-12 00:00:33,691 - hpack.hpack - DEBUG - Adding (b':method', b'POST') to the header table, sensitive:False, huffman:True
2025-12-12 00:00:33,691 - hpack.hpack - DEBUG - Encoding 3 with 7 bits
2025-12-12 00:00:33,691 - hpack.hpack - DEBUG - Adding (b':authority', b'html.duckduckgo.com') to the header table, sensitive:False, huffman:True
2025-12-12 00:00:33,691 - hpack.hpack - DEBUG - Encoding 1 with 6 bits
2025-12-12 00:00:33,691 - hpack.hpack - DEBUG - Encoding 14 with 7 bits
2025-12-12 00:00:33,691 - hpack.hpack - DEBUG - Adding (b':scheme', b'https') to the header table, sensitive:False, huffman:True
2025-12-12 00:00:33,691 - hpack.hpack - DEBUG - Encoding 7 with 7 bits
2025-12-12 00:00:33,691 - hpack.hpack - DEBUG - Adding (b':path', b'/html/') to the header table, sensitive:False, huffman:True
2025-12-12 00:00:33,691 - hpack.hpack - DEBUG - Encoding 4 with 6 bits
2025-12-12 00:00:33,691 - hpack.hpack - DEBUG - Encoding 5 with 7 bits
2025-12-12 00:00:33,691 - hpack.hpack - DEBUG - Adding (b'accept', b'*/*') to the header table, sensitive:False, huffman:True
2025-12-12 00:00:33,691 - hpack.hpack - DEBUG - Encoding 19 with 6 bits
2025-12-12 00:00:33,691 - hpack.hpack - DEBUG - Encoding 3 with 7 bits
2025-12-12 00:00:33,691 - hpack.hpack - DEBUG - Adding (b'accept-encoding', b'gzip, deflate, br') to the header table, sensitive:False, huffman:True
2025-12-12 00:00:33,691 - hpack.hpack - DEBUG - Encoding 16 with 6 bits
2025-12-12 00:00:33,691 - hpack.hpack - DEBUG - Encoding 13 with 7 bits
2025-12-12 00:00:33,691 - hpack.hpack - DEBUG - Adding (b'user-agent', b'python-httpx/0.28.1') to the header table, sensitive:False, huffman:True
2025-12-12 00:00:33,691 - hpack.hpack - DEBUG - Encoding 58 with 6 bits
2025-12-12 00:00:33,691 - hpack.hpack - DEBUG - Encoding 14 with 7 bits
2025-12-12 00:00:33,691 - hpack.hpack - DEBUG - Adding (b'content-length', b'14') to the header table, sensitive:False, huffman:True
2025-12-12 00:00:33,691 - hpack.hpack - DEBUG - Encoding 28 with 6 bits
2025-12-12 00:00:33,691 - hpack.hpack - DEBUG - Encoding 2 with 7 bits
2025-12-12 00:00:33,691 - hpack.hpack - DEBUG - Adding (b'content-type', b'application/x-www-form-urlencoded') to the header table, sensitive:False, huffman:True
2025-12-12 00:00:33,691 - hpack.hpack - DEBUG - Encoding 31 with 6 bits
2025-12-12 00:00:33,692 - hpack.hpack - DEBUG - Encoding 24 with 7 bits
2025-12-12 00:00:33,692 - hpack.hpack - DEBUG - Encoded header block to b"\x83A\x8e\x9d4\xd0\xbc\x96\x93\xac\x96\x93\xac\xc7\\\x87\xa7\x87D\x85bt\xd3C\x1fS\x83\xf9c\xe7P\x8d\x9b\xd9\xab\xfaRB\xcb@\xd2_\xa5#\xb3z\x8e\xaf\xd2g=KN\x94\xd7\xe5\x80.'\x97\x0f\\\x82\x0b__\x98\x1du\xd0b\r&=Ly[\xc7\x8f\x0bJ{)Z\xdb(-D<\x85\x93"
2025-12-12 00:00:33,692 - httpcore.http2 - DEBUG - send_request_headers.complete
2025-12-12 00:00:33,692 - httpcore.http2 - DEBUG - send_request_body.started request=<Request [b'POST']> stream_id=1
2025-12-12 00:00:33,692 - httpcore.http2 - DEBUG - send_request_body.complete
2025-12-12 00:00:33,692 - httpcore.http2 - DEBUG - receive_response_headers.started request=<Request [b'POST']> stream_id=1
2025-12-12 00:00:33,692 - httpcore.http2 - DEBUG - receive_remote_settings.started
2025-12-12 00:00:33,692 - httpcore.http2 - DEBUG - receive_remote_settings.complete return_value=<RemoteSettingsChanged changed_settings:{ChangedSetting(setting=SettingCodes.MAX_CONCURRENT_STREAMS, original_value=None, new_value=100), ChangedSetting(setting=SettingCodes.INITIAL_WINDOW_SIZE, original_value=65535, new_value=65536), ChangedSetting(setting=SettingCodes.MAX_FRAME_SIZE, original_value=16384, new_value=16777215)}>
2025-12-12 00:00:33,734 - hpack.hpack - DEBUG - Decoding b' H\x03202v\x84\xaacU\xe7a\x96\xc3a\xbe\x94\x08\x94\xbeR( \t\xb5\x00\xcd\xc0\x02\xe3,\xa9\x8bF\xff_\x92I|\xa5\x89\xd3M\x1fj\x12q\xd8\x82\xa6\x0e\x1b\xf0\xac\xf7\x00\x8aAl\xee[\x16I\xa95S\x7f\x9eI\xd2:>\xe4\xb6\xc8\x04/\xb9\n\x82A\xfc\xdd\x19:\x96\xa9\x14\xdet\x8e\x85?\xf7W\xff?\x9f\x00\x04vary\x85\xd5a\xa65_\x00\x91Bl1\x12\xb2l\x1dH\xac\xf6%d\x14\x96\xd8d\xfa\x8c\xa4~V\x1c\xc5\x81\x90\xb6\xcb\x80\x00?\x00\x89\xf2\xb5\x87\x8c\xe9B\xc9\x1c\xdf\x85\xa8\xe6\xaaB\xf9\x00\x8d\xac\xb6Rd \xc7\xa9\x0bVz\x0cO_\x8e5I-\x85BV!\xe7=\x89\x83\xfa\xfe\xff\x00\x90!\xeaIjJ\xc8)-\xb0\xc9\xf4\xb5g\xa0\xc4\xf5\xff\xe4\t\x90\xb2\x8e\xda\x12\xb2,"\x9f\xea\xa3\xd4_\xf4\xa7\xda\x84=U\x14\x89Y\x16\x11E\'JkE\xc6\x18\x92\xd2u\\fRt\xa6\xb4\\a\x8f\x95\xe4\xb4\x9dW\x19\x94\x9d)\xad\x17\x18bKI\xd6KI\xd6c\xaeC\xd2\xa4\xe9Mh\xb8\xc3\x1f+\xc9i:\xc9i:\xccu\xc8zT\x9d)\xad\x17\x18bKI\xd6KI\xd6c\xcd3B\xf3\xd0\xe4t^YGA\xa0\xfe\x0e;%\x8ebS\xdeSR9R\x97\x13\xe0s#\xc7\xb2{\x1c\x8b\x9e\xa3\x1e\xa6\x14\x9d)\xad\x17\x18a\x15\xd8Q\xc9]\x86\xee2z\\\x87\xa5O\xb5)\x1dF\x94\xa8J\xc8\xb0\x8a):SZ.0\xc4\x96\x93\xaa\xe32\x93\xa55\xa2\xe3\x0c|\xaf%\xa4\xea\xb8\xcc\xa4\xe9Mh\xb8\xc3\x12ZN\xb2ZN\xb3\x1dr\x1e\x95\'JkE\xc6\x18\xf9^KI\xd6KI\xd6c\xaeC\xd2\xa4\xe9Mh\xb8\xc3\x12ZN\xb2ZN\xb3\x1ei\x9a\x17\x9e\x87#\xa2\xf2\xca:\r\x07\xf0q\xd9,s\x12\x9e\xf2\x9a\x91\xca\x94\xb8\x9f\x03\x99\x1e=\x93\xd8\xe4\\\xf5\x18\xf50\xa4\xe9Mh\xb8\xc3\x08\xae\xc2\x8eJ\xec7q\x93\xd2\xe4=*}\xa9Id0\xd6E\x84QI\xd2\x9a\xd1q\x86$\xb4\x9dW\x19\x94\x9d)\xad\x17\x18c\xe5y-\'U\xc6e\'JkE\xc6\x18\x92\xd2u\x92\xd2u\x98\xeb\x90\xf4\xa9:SZ.0\xc7\xca\xf2ZN\xb2ZN\xb3\x1dr\x1e\x95\'JkE\xc6\x18\x92\xd2u\x92\xd2u\x98\xf3L\xd0\xbc\xf49\x1d\x17\x96Q\xd0h?\x83\x8e\xc9c\x98\x94\xf7\x94\xd4\x8eT\xa5\xc4\xf8\x1c\xc8\xf1\xec\x9e\xc7"\xe7\xa8\xc7\xa9\x85\'JkE\xc6\x18Ev\x14rWa\xbb\x8c\x9e\x97!\xe9S\xedD\x12\xc3V\x95\x91a\x14\x8e\x83\xc7qE\'JkE\xc6\x18\x92\xd2u\\fRt\xa6\xb4\\a\x8f\x95\xe4\xb4\x9dW\x19\x94\x9d)\xad\x17\x18bKI\xd6KI\xd6c\xaeC\xd2\xa4\xe9Mh\xb8\xc3\x1f+\xc9i:\xc9i:\xccu\xc8zT\x9d)\xad\x17\x18bKI\xd6KI\xd6c\xcd3B\xf3\xd0\xe4t^YGA\xa0\xfe\x0e;%\x8ebS\xdeSR9R\x97\x13\xe0s#\xc7\xb2{\x1c\x8b\x9e\xa3\x1e\xa6\x14\x9d)\xad\x17\x18a\x15\xd8Q\xc9]\x86\xee2z\\\x87\xa5O\xb5%=IY\x16\x11I\x06\x91\xdcQI\xd2\x9a\xd1q\x86$\xb4\x9dW\x19\x94\x9d)\xad\x17\x18c\xe5y-\'U\xc6e\'JkE\xc6\x18\x92\xd2u\x92\xd2u\x98\xeb\x90\xf4\xa9:SZ.0\xc7\xca\xf2ZN\xb2ZN\xb3\x1dr\x1e\x95\'JkE\xc6\x18\x92\xd2u\x92\xd2u\x98\xf3L\xd0\xbc\xf49\x1d\x17\x96Q\xd0h?\x83\x8e\xc9c\x98\x94\xf7\x94\xd4\x8eT\xa5\xc4\xf8\x1c\xc8\xf1\xec\x9e\xc7"\xe7\xa8\xc7\xa9\x85\'JkE\xc6\x18Ev\x14rWa\xbb\x8c\x9e\x97!\xe9S\xedCS2\xc8\xb0\x8aH4\x8e\xe2\x8aN\x94\xd6\x8b\x8c1%\xa4\xea\xb8\xcc\xa4\xe9Mh\xb8\xc3\x1f+\xc9i:\xae3):SZ.0\xc4\x96\x93\xac\x96\x93\xac\xc7\\\x87\xa5I\xd2\x9a\xd1q\x86>W\x92\xd2u\x92\xd2u\x98\xeb\x90\xf4\xa9:SZ.0\xc4\x96\x93\xac\x96\x93\xac\xc7\x9af\x85\xe7\xa1\xc8\xe8\xbc\xb2\x8e\x83A\xfc\x1cvK\x1c\xc4\xa7\xbc\xa6\xa4r\xa5.\'\xc0\xe6G\x8fd\xf69\x17=F=L):SZ.0\xc2+\xb0\xa3\x92\xbb\r\xdcd\xf4\xb9\x0fJ\x9fj!>\xa8*\xc8\xb0\x8a):SZ.0\xc4\x96\x93\xaa\xe32\x93\xa55\xa2\xe3\x0c|\xaf%\xa4\xea\xb8\xcc\xa4\xe9Mh\xb8\xc3\x12ZN\xb2ZN\xb3\x1dr\x1e\x95\'JkE\xc6\x18\xf9^KI\xd6KI\xd6c\xaeC\xd2\xa4\xe9Mh\xb8\xc3\x12ZN\xb2ZN\xb3\x1ei\x9a\x17\x9e\x87#\xa2\xf2\xca:\r\x07\xf0q\xd9,s\x12\x9e\xf2\x9a\x91\xca\x94\xb8\x9f\x03\x99\x1e=\x93\xd8\xe4\\\xf5\x18\xf50\xa4\xe9Mh\xb8\xc3\x08\xae\xc2\x8eJ\xec7q\x93\xd2\xe4=*}\xa8x\xfa\x14\x89Y\x16\x11O\xf5Q\xea/\xfaS\xedO\x07\xb3\xa9lY\x16\x11H\xe8<w\x14\xfbP\x93\x9a\x89\x16E\x84R:\x0f\x1d\xc5\x14\x9d)\xad\x17\x18bKI\xd5q\x99I\xd2\x9a\xd1q\x86>W\x92\xd2u\\fRt\xa6\xb4\\a\x89-\'Y-\'Y\x8e\xb9\x0fJ\x93\xa55\xa2\xe3\x0c|\xaf%\xa4\xeb%\xa4\xeb1\xd7!\xe9Rt\xa6\xb4\\a\x89-\'Y-\'Y\x8f4\xcd\x0b\xcfC\x91\xd1ye\x1d\x06\x83\xf88\xec\x969\x89OyMH\xe5J\\O\x81\xcc\x8f\x1e\xc9\xecr.z\x8cz\x98Rt\xa6\xb4\\a\x84WaG%v\x1b\xb8\xc9\xe9r\x1e\x95>\xd4\x96\xc1\xd2U\x91a\x14\x8e\x83\xc7qE\'JkE\xc6\x18\x92\xd2u\\fRt\xa6\xb4\\a\x8f\x95\xe4\xb4\x9dW\x19\x94\x9d)\xad\x17\x18bKI\xd6KI\xd6c\xaeC\xd2\xa4\xe9Mh\xb8\xc3\x1f+\xc9i:\xc9i:\xccu\xc8zT\x9d)\xad\x17\x18bKI\xd6KI\xd6c\xcd3B\xf3\xd0\xe4t^YGA\xa0\xfe\x0e;%\x8ebS\xdeSR9R\x97\x13\xe0s#\xc7\xb2{\x1c\x8b\x9e\xa3\x1e\xa6\x14\x9d)\xad\x17\x18a\x15\xd8Q\xc9]\x86\xee2z\\\x87\xa5O\xb5%\xb0t\x95a\xd4B\xa1\'\xb1\n\x7f\xa4\x16\x89\x7f\xd2\x9fjF4\x15kl2\x9f\xe9\x05\xa2_\xf4\xa7\xda\x91\xd0ruXtP\xb5&\xf2Y\x16!\xeaIjJ\x9f\x7f\x00\x8b\xf2\xb4\xb6\x0e\x92\xacz\xd2c\xd4\x8f\x89\xdd\x0e\x8c\x1a\xb6\xe4\xc5\x93O\x00\x8c\xf2\xb7\x94!j\xec:JD\x98\xf5\x7f\x89\x0f\xdd\'\x90\xb0GA\xc9\xd7\x00\x90\xf2\xb1\x0fRKRVO\xaa\xca\xb1\xebI\x8fR?\x85\xa8\xe8\xa8\xd2\xcb\x00\x8b\xb0\xb2\x96\xcb\x0bb\xd5\x9e\x83\x13\xd7\x85=\x86\x98\xd5\x7f\x00\x87/\x9a\xcaD\xacD\xff\x87\xa4~V\x1c\xc5\x80\x1f'
2025-12-12 00:00:33,734 - hpack.hpack - DEBUG - Decoded 0, consumed 1 bytes
2025-12-12 00:00:33,734 - hpack.table - DEBUG - Resizing header table to 0 from 4096
2025-12-12 00:00:33,734 - hpack.hpack - DEBUG - Decoded 8, consumed 1 bytes
2025-12-12 00:00:33,734 - hpack.hpack - DEBUG - Decoded 3, consumed 1 bytes
2025-12-12 00:00:33,735 - hpack.hpack - DEBUG - Decoded (b':status', <memory at 0x10e584280>), total consumed 5 bytes, indexed True
2025-12-12 00:00:33,735 - hpack.hpack - DEBUG - Decoded 54, consumed 1 bytes
2025-12-12 00:00:33,735 - hpack.hpack - DEBUG - Decoded 4, consumed 1 bytes
2025-12-12 00:00:33,735 - hpack.hpack - DEBUG - Decoded (b'server', b'nginx'), total consumed 6 bytes, indexed True
2025-12-12 00:00:33,735 - hpack.hpack - DEBUG - Decoded 33, consumed 1 bytes
2025-12-12 00:00:33,735 - hpack.hpack - DEBUG - Decoded 22, consumed 1 bytes
2025-12-12 00:00:33,735 - hpack.hpack - DEBUG - Decoded (b'date', b'Fri, 12 Dec 2025 03:00:33 GMT'), total consumed 24 bytes, indexed True
2025-12-12 00:00:33,735 - hpack.hpack - DEBUG - Decoded 31, consumed 1 bytes
2025-12-12 00:00:33,735 - hpack.hpack - DEBUG - Decoded 18, consumed 1 bytes
2025-12-12 00:00:33,735 - hpack.hpack - DEBUG - Decoded (b'content-type', b'text/html; charset=UTF-8'), total consumed 20 bytes, indexed True
2025-12-12 00:00:33,735 - hpack.hpack - DEBUG - Decoded 10, consumed 1 bytes
2025-12-12 00:00:33,735 - hpack.hpack - DEBUG - Decoded 30, consumed 1 bytes
2025-12-12 00:00:33,735 - hpack.hpack - DEBUG - Decoded (b'server-timing', b'total;dur=22;desc="Backend Total [n]"'), total consumed 43 bytes, indexed False
2025-12-12 00:00:33,735 - hpack.hpack - DEBUG - Decoded 4, consumed 1 bytes
2025-12-12 00:00:33,735 - hpack.hpack - DEBUG - Decoded 5, consumed 1 bytes
2025-12-12 00:00:33,735 - hpack.hpack - DEBUG - Decoded (<memory at 0x10e5841c0>, b'Origin'), total consumed 12 bytes, indexed False
2025-12-12 00:00:33,735 - hpack.hpack - DEBUG - Decoded 17, consumed 1 bytes
2025-12-12 00:00:33,735 - hpack.hpack - DEBUG - Decoded 12, consumed 1 bytes
2025-12-12 00:00:33,735 - hpack.hpack - DEBUG - Decoded (b'strict-transport-security', b'max-age=31536000'), total consumed 32 bytes, indexed False
2025-12-12 00:00:33,735 - hpack.hpack - DEBUG - Decoded 9, consumed 1 bytes
2025-12-12 00:00:33,735 - hpack.hpack - DEBUG - Decoded 5, consumed 1 bytes
2025-12-12 00:00:33,736 - hpack.hpack - DEBUG - Decoded (b'x-robots-tag', b'noindex'), total consumed 17 bytes, indexed False
2025-12-12 00:00:33,736 - hpack.hpack - DEBUG - Decoded 13, consumed 1 bytes
2025-12-12 00:00:33,736 - hpack.hpack - DEBUG - Decoded 14, consumed 1 bytes
2025-12-12 00:00:33,736 - hpack.hpack - DEBUG - Decoded (b'permissions-policy', b'interest-cohort=()'), total consumed 30 bytes, indexed False
2025-12-12 00:00:33,736 - hpack.hpack - DEBUG - Decoded 16, consumed 1 bytes
2025-12-12 00:00:33,736 - hpack.hpack - DEBUG - Decoded 1379, consumed 3 bytes
2025-12-12 00:00:33,737 - hpack.hpack - DEBUG - Decoded (b'content-security-policy', b"default-src 'none' ; connect-src  https://duck.ai https://*.duck.ai https://duckduckgo.com https://*.duckduckgo.com https://duckduckgogg42xjoc72x3sjasowoarfbgcmvfimaftt6twagswzczad.onion/ https://spreadprivacy.com ; manifest-src  https://duck.ai https://*.duck.ai https://duckduckgo.com https://*.duckduckgo.com https://duckduckgogg42xjoc72x3sjasowoarfbgcmvfimaftt6twagswzczad.onion/ https://spreadprivacy.com ; media-src  https://duck.ai https://*.duck.ai https://duckduckgo.com https://*.duckduckgo.com https://duckduckgogg42xjoc72x3sjasowoarfbgcmvfimaftt6twagswzczad.onion/ https://spreadprivacy.com ; script-src blob:  https://duck.ai https://*.duck.ai https://duckduckgo.com https://*.duckduckgo.com https://duckduckgogg42xjoc72x3sjasowoarfbgcmvfimaftt6twagswzczad.onion/ https://spreadprivacy.com ; font-src data:  https://duck.ai https://*.duck.ai https://duckduckgo.com https://*.duckduckgo.com https://duckduckgogg42xjoc72x3sjasowoarfbgcmvfimaftt6twagswzczad.onion/ https://spreadprivacy.com ; img-src data:  https://duck.ai https://*.duck.ai https://duckduckgo.com https://*.duckduckgo.com https://duckduckgogg42xjoc72x3sjasowoarfbgcmvfimaftt6twagswzczad.onion/ https://spreadprivacy.com ; style-src  https://duck.ai https://*.duck.ai https://duckduckgo.com https://*.duckduckgo.com https://duckduckgogg42xjoc72x3sjasowoarfbgcmvfimaftt6twagswzczad.onion/ https://spreadprivacy.com ; object-src 'none' ; worker-src blob: ; child-src blob:  https://duck.ai https://*.duck.ai https://duckduckgo.com https://*.duckduckgo.com https://duckduckgogg42xjoc72x3sjasowoarfbgcmvfimaftt6twagswzczad.onion/ https://spreadprivacy.com ; frame-src blob:  https://duck.ai https://*.duck.ai https://duckduckgo.com https://*.duckduckgo.com https://duckduckgogg42xjoc72x3sjasowoarfbgcmvfimaftt6twagswzczad.onion/ https://spreadprivacy.com ; frame-ancestors 'self' ; base-uri 'self' ; block-all-mixed-content ;"), total consumed 1400 bytes, indexed False
2025-12-12 00:00:33,737 - hpack.hpack - DEBUG - Decoded 11, consumed 1 bytes
2025-12-12 00:00:33,737 - hpack.hpack - DEBUG - Decoded 9, consumed 1 bytes
2025-12-12 00:00:33,737 - hpack.hpack - DEBUG - Decoded (b'x-frame-options', b'SAMEORIGIN'), total consumed 23 bytes, indexed False
2025-12-12 00:00:33,737 - hpack.hpack - DEBUG - Decoded 12, consumed 1 bytes
2025-12-12 00:00:33,737 - hpack.hpack - DEBUG - Decoded 9, consumed 1 bytes
2025-12-12 00:00:33,737 - hpack.hpack - DEBUG - Decoded (b'x-xss-protection', b'1;mode=block'), total consumed 24 bytes, indexed False
2025-12-12 00:00:33,737 - hpack.hpack - DEBUG - Decoded 16, consumed 1 bytes
2025-12-12 00:00:33,737 - hpack.hpack - DEBUG - Decoded 5, consumed 1 bytes
2025-12-12 00:00:33,737 - hpack.hpack - DEBUG - Decoded (b'x-content-type-options', b'nosniff'), total consumed 24 bytes, indexed False
2025-12-12 00:00:33,737 - hpack.hpack - DEBUG - Decoded 11, consumed 1 bytes
2025-12-12 00:00:33,737 - hpack.hpack - DEBUG - Decoded 5, consumed 1 bytes
2025-12-12 00:00:33,737 - hpack.hpack - DEBUG - Decoded (b'referrer-policy', b'origin'), total consumed 19 bytes, indexed False
2025-12-12 00:00:33,737 - hpack.hpack - DEBUG - Decoded 7, consumed 1 bytes
2025-12-12 00:00:33,737 - hpack.hpack - DEBUG - Decoded 7, consumed 1 bytes
2025-12-12 00:00:33,738 - hpack.hpack - DEBUG - Decoded (b'expect-ct', b'max-age=0'), total consumed 17 bytes, indexed False
2025-12-12 00:00:33,738 - httpcore.http2 - DEBUG - receive_response_headers.complete return_value=(202, [(b'server', b'nginx'), (b'date', b'Fri, 12 Dec 2025 03:00:33 GMT'), (b'content-type', b'text/html; charset=UTF-8'), (b'server-timing', b'total;dur=22;desc="Backend Total [n]"'), (b'vary', b'Origin'), (b'strict-transport-security', b'max-age=31536000'), (b'x-robots-tag', b'noindex'), (b'permissions-policy', b'interest-cohort=()'), (b'content-security-policy', b"default-src 'none' ; connect-src  https://duck.ai https://*.duck.ai https://duckduckgo.com https://*.duckduckgo.com https://duckduckgogg42xjoc72x3sjasowoarfbgcmvfimaftt6twagswzczad.onion/ https://spreadprivacy.com ; manifest-src  https://duck.ai https://*.duck.ai https://duckduckgo.com https://*.duckduckgo.com https://duckduckgogg42xjoc72x3sjasowoarfbgcmvfimaftt6twagswzczad.onion/ https://spreadprivacy.com ; media-src  https://duck.ai https://*.duck.ai https://duckduckgo.com https://*.duckduckgo.com https://duckduckgogg42xjoc72x3sjasowoarfbgcmvfimaftt6twagswzczad.onion/ https://spreadprivacy.com ; script-src blob:  https://duck.ai https://*.duck.ai https://duckduckgo.com https://*.duckduckgo.com https://duckduckgogg42xjoc72x3sjasowoarfbgcmvfimaftt6twagswzczad.onion/ https://spreadprivacy.com ; font-src data:  https://duck.ai https://*.duck.ai https://duckduckgo.com https://*.duckduckgo.com https://duckduckgogg42xjoc72x3sjasowoarfbgcmvfimaftt6twagswzczad.onion/ https://spreadprivacy.com ; img-src data:  https://duck.ai https://*.duck.ai https://duckduckgo.com https://*.duckduckgo.com https://duckduckgogg42xjoc72x3sjasowoarfbgcmvfimaftt6twagswzczad.onion/ https://spreadprivacy.com ; style-src  https://duck.ai https://*.duck.ai https://duckduckgo.com https://*.duckduckgo.com https://duckduckgogg42xjoc72x3sjasowoarfbgcmvfimaftt6twagswzczad.onion/ https://spreadprivacy.com ; object-src 'none' ; worker-src blob: ; child-src blob:  https://duck.ai https://*.duck.ai https://duckduckgo.com https://*.duckduckgo.com https://duckduckgogg42xjoc72x3sjasowoarfbgcmvfimaftt6twagswzczad.onion/ https://spreadprivacy.com ; frame-src blob:  https://duck.ai https://*.duck.ai https://duckduckgo.com https://*.duckduckgo.com https://duckduckgogg42xjoc72x3sjasowoarfbgcmvfimaftt6twagswzczad.onion/ https://spreadprivacy.com ; frame-ancestors 'self' ; base-uri 'self' ; block-all-mixed-content ;"), (b'x-frame-options', b'SAMEORIGIN'), (b'x-xss-protection', b'1;mode=block'), (b'x-content-type-options', b'nosniff'), (b'referrer-policy', b'origin'), (b'expect-ct', b'max-age=0')])
2025-12-12 00:00:33,738 - httpx - INFO - HTTP Request: POST https://html.duckduckgo.com/html/ "HTTP/2 202 Accepted"
2025-12-12 00:00:33,739 - httpcore.http2 - DEBUG - receive_response_body.started request=<Request [b'POST']> stream_id=1
2025-12-12 00:00:33,749 - httpcore.http2 - DEBUG - receive_response_body.complete
2025-12-12 00:00:33,749 - httpcore.http2 - DEBUG - response_closed.started stream_id=1
2025-12-12 00:00:33,749 - httpcore.http2 - DEBUG - response_closed.complete
2025-12-12 00:00:33,846 - rquest.util.client.connect.http - DEBUG - connected to 66.218.84.137:443
2025-12-12 00:00:33,960 - rquest.util.client.connect.http - DEBUG - connected to 77.88.44.55:443
2025-12-12 00:00:34,059 - rquest.util.client.pool - DEBUG - pooling idle connection for PoolKey { uri: https://search.yahoo.com/, alpn_protos: None, network: default }
2025-12-12 00:00:34,282 - rquest.util.client.pool - DEBUG - pooling idle connection for PoolKey { uri: https://yandex.com/, alpn_protos: None, network: default }
2025-12-12 00:00:34,459 - googleapiclient.discovery - DEBUG - URL being requested: GET https://customsearch.googleapis.com/customsearch/v1?q=bipa&cx=f07ccd3b922d6437b&gl=br&lr=lang_pt&start=11&num=10&key=AIzaSyBj80B2fwVvFEMtcQU8tPV_NCNaEmQvzhc&alt=json
2025-12-12 00:00:34,790 - cookie_store.cookie_store - DEBUG - inserting secure cookie 'lkl'
2025-12-12 00:00:34,791 - cookie_store.cookie_store - DEBUG - inserting secure cookie 'A1'
2025-12-12 00:00:34,791 - cookie_store.cookie_store - DEBUG - inserting secure cookie 'A3'
2025-12-12 00:00:34,791 - cookie_store.cookie_store - DEBUG - inserting secure cookie 'A1S'
2025-12-12 00:00:34,792 - cookie_store.cookie_store - DEBUG - inserting secure cookie 'dflow'
2025-12-12 00:00:34,793 - primp - INFO - response: https://search.yahoo.com/search;_ylt=GVK-KFe11I38rqNrh2lDtMRg;_ylu=fCBRwPg5yuMVeFL7XCwYeT7Fy2GKQDvkKIJXRy4L_8YmKBo?p=bipa 200
2025-12-12 00:00:34,907 - googleapiclient.discovery - DEBUG - URL being requested: GET https://customsearch.googleapis.com/customsearch/v1?q=bipa&cx=f07ccd3b922d6437b&gl=br&lr=lang_pt&start=21&num=10&key=AIzaSyBj80B2fwVvFEMtcQU8tPV_NCNaEmQvzhc&alt=json
2025-12-12 00:00:35,258 - cookie_store.cookie_store - DEBUG - inserting Set-Cookie 'Cookie { cookie_string: Some("is_gdpr=0; Path=/; Domain=.yandex.com; Expires=Sun, 12 Dec 2027 03:00:34 GMT"), name: Indexed(0, 7), value: Indexed(8, 9), expires: Some(DateTime(2027-12-12 3:00:34.0 +00:00:00)), max_age: None, domain: Some(Indexed(26, 37)), path: Some(Indexed(16, 17)), secure: None, http_only: None, same_site: None, partitioned: None }'
2025-12-12 00:00:35,258 - cookie_store.cookie_store - DEBUG - inserting Set-Cookie 'Cookie { cookie_string: Some("is_gdpr_b=CJ2AOhCG6AIoAg==; Path=/; Domain=.yandex.com; Expires=Sun, 12 Dec 2027 03:00:34 GMT"), name: Indexed(0, 9), value: Indexed(10, 26), expires: Some(DateTime(2027-12-12 3:00:34.0 +00:00:00)), max_age: None, domain: Some(Indexed(43, 54)), path: Some(Indexed(33, 34)), secure: None, http_only: None, same_site: None, partitioned: None }'
2025-12-12 00:00:35,258 - cookie_store.cookie_store - DEBUG - inserting secure cookie '_yasc'
2025-12-12 00:00:35,258 - cookie_store.cookie_store - DEBUG - inserting secure cookie 'i'
2025-12-12 00:00:35,258 - cookie_store.cookie_store - DEBUG - inserting secure cookie 'yandexuid'
2025-12-12 00:00:35,258 - cookie_store.cookie_store - DEBUG - inserting secure cookie 'yashr'
2025-12-12 00:00:35,258 - cookie_store.cookie_store - DEBUG - inserting Set-Cookie 'Cookie { cookie_string: Some("bh=YNKK7skGaiHcytG2Abvxn6sE+taGzAjS0ZmQB/y5r/8H3/3LtgemngI=; Path=/; Domain=.yandex.com; Expires=Sat, 16 Jan 2027 03:00:34 GMT"), name: Indexed(0, 2), value: Indexed(3, 59), expires: Some(DateTime(2027-01-16 3:00:34.0 +00:00:00)), max_age: None, domain: Some(Indexed(76, 87)), path: Some(Indexed(66, 67)), secure: None, http_only: None, same_site: None, partitioned: None }'
2025-12-12 00:00:35,258 - primp - INFO - response: https://yandex.com/search/site/?text=bipa&web=1&searchid=7318189 200
2025-12-12 00:00:35,350 - googleapiclient.discovery - DEBUG - URL being requested: GET https://customsearch.googleapis.com/customsearch/v1?q=bipa&cx=f07ccd3b922d6437b&gl=br&lr=lang_pt&start=31&num=10&key=AIzaSyBj80B2fwVvFEMtcQU8tPV_NCNaEmQvzhc&alt=json
2025-12-12 00:00:35,902 - googleapiclient.discovery - DEBUG - URL being requested: GET https://customsearch.googleapis.com/customsearch/v1?q=bipa&cx=f07ccd3b922d6437b&gl=br&lr=lang_pt&start=41&num=10&key=AIzaSyBj80B2fwVvFEMtcQU8tPV_NCNaEmQvzhc&alt=json
2025-12-12 00:00:36,759 - UNI_v4 - INFO - Google: Coletados 40 resultados com sucesso
2025-12-12 00:00:36,760 - UNI_v4 - INFO - SERP - Google: 40/40 itens válidos após validação
2025-12-12 00:00:36,760 - UNI_v4 - INFO - SERP - Google: 40 resultados coletados com sucesso
2025-12-12 00:00:38,122 - UNI_v4 - INFO - Iniciando coleta de SERP - Brave para termo 'bipa'
2025-12-12 00:00:38,123 - UNI_v4 - INFO - Brave: Iniciando coleta para 'bipa' (limite: 50)
2025-12-12 00:00:38,126 - urllib3.connectionpool - DEBUG - Starting new HTTPS connection (1): api.search.brave.com:443
2025-12-12 00:00:39,129 - urllib3.connectionpool - DEBUG - https://api.search.brave.com:443 "GET /res/v1/web/search?q=bipa&count=20&country=br HTTP/1.1" 200 None
2025-12-12 00:00:39,130 - UNI_v4 - INFO - Brave: Coletados 19 resultados com sucesso
2025-12-12 00:00:39,131 - UNI_v4 - INFO - SERP - Brave: 19/19 itens válidos após validação
2025-12-12 00:00:39,131 - UNI_v4 - INFO - SERP - Brave: 19 resultados coletados com sucesso
2025-12-12 00:00:39,776 - UNI_v4 - INFO - Iniciando coleta de SERP - Bing para termo 'bipa'
2025-12-12 00:00:39,779 - urllib3.connectionpool - DEBUG - Starting new HTTPS connection (1): serpapi.com:443
2025-12-12 00:00:40,120 - urllib3.connectionpool - DEBUG - https://serpapi.com:443 "GET /search?engine=bing&q=bipa&cc=br&count=50&api_key=e71430bcff8bdc906f7a5ed9ae1538355c2efb0fb88ffa071f7125a76cc2b142 HTTP/1.1" 200 None
2025-12-12 00:00:40,121 - UNI_v4 - INFO - Bing: Coletados 9 resultados com sucesso
2025-12-12 00:00:40,122 - UNI_v4 - INFO - SERP - Bing: 9/9 itens válidos após validação
2025-12-12 00:00:40,122 - UNI_v4 - INFO - SERP - Bing: 9 resultados coletados com sucesso
2025-12-12 00:00:40,443 - UNI_v4 - INFO - Iniciando coleta de YouTube para termo 'bipa'
2025-12-12 00:00:40,465 - UNI_v4 - INFO - YouTube: Iniciando coleta para 'bipa' (limite: 50)
2025-12-12 00:00:40,532 - googleapiclient.discovery_cache - INFO - file_cache is only supported with oauth2client<4.0.0
2025-12-12 00:00:40,599 - googleapiclient.discovery - DEBUG - URL being requested: GET https://youtube.googleapis.com/youtube/v3/search?part=snippet&q=bipa&type=video&maxResults=50&order=relevance&regionCode=BR&relevanceLanguage=pt&key=AIzaSyBj80B2fwVvFEMtcQU8tPV_NCNaEmQvzhc&alt=json
2025-12-12 00:00:41,188 - googleapiclient.discovery - DEBUG - URL being requested: GET https://youtube.googleapis.com/youtube/v3/videos?part=statistics%2CcontentDetails%2Csnippet%2Cstatus&id=YjANVJhS-DM%2C51WA0GNLONQ%2CEVy8z6MOmLM%2CcvnBZJiXEbQ%2CKb5D5vSqlXM%2Cx7k_a7sS0_s%2C2r5D5zpujmY%2CaMlAVjWk7A4%2CaZulWor8wjg%2CZnYQ6vJ6vtk%2CIF9SmedVDSg%2CKCQD7wBBfXU%2CXJt3W4KAzQc%2C6LsoYCS0Zzo%2CtjyBEnmWwaY%2C6BytsUNAK2U%2Ct8r5rV3mi_k%2Cz7361r2J_og%2C6qseThwN0kc%2CdLbFMic1ZA8%2C_tfcy3n_XQM%2CXlO-0PSDSXA%2C7m-idZ42PQ4%2C7PGjNEL9l0g%2CDwZPhVda53g&key=AIzaSyBj80B2fwVvFEMtcQU8tPV_NCNaEmQvzhc&alt=json
2025-12-12 00:00:41,367 - UNI_v4 - INFO - YouTube: Coletados 25 resultados com sucesso
2025-12-12 00:00:41,368 - UNI_v4 - INFO - YouTube: 25/25 itens válidos após validação
2025-12-12 00:00:41,368 - UNI_v4 - INFO - YouTube: 25 resultados coletados com sucesso
2025-12-12 00:00:42,222 - UNI_v4 - INFO - Iniciando coleta de Reddit para termo 'bipa'
2025-12-12 00:00:42,222 - UNI_v4 - INFO - Reddit: Iniciando coleta para 'bipa' (subreddit: all, limite: 100)
2025-12-12 00:00:42,225 - prawcore - DEBUG - Fetching: GET https://oauth.reddit.com/r/all/search/ at 1765508442.2255151
2025-12-12 00:00:42,225 - prawcore - DEBUG - Data: None
2025-12-12 00:00:42,225 - prawcore - DEBUG - Params: {'limit': 100,
 'q': 'bipa',
 'raw_json': 1,
 'restrict_sr': False,
 'sort': 'relevance',
 'syntax': 'lucene',
 't': 'all'}
2025-12-12 00:00:42,237 - urllib3.connectionpool - DEBUG - Starting new HTTPS connection (1): www.reddit.com:443
2025-12-12 00:00:42,426 - urllib3.connectionpool - DEBUG - https://www.reddit.com:443 "POST /api/v1/access_token HTTP/1.1" 200 654
2025-12-12 00:00:42,433 - urllib3.connectionpool - DEBUG - Starting new HTTPS connection (1): oauth.reddit.com:443
2025-12-12 00:00:44,181 - urllib3.connectionpool - DEBUG - https://oauth.reddit.com:443 "GET /r/all/search/?q=bipa&restrict_sr=False&sort=relevance&syntax=lucene&t=all&limit=100&raw_json=1 HTTP/1.1" 200 87269
2025-12-12 00:00:44,315 - prawcore - DEBUG - Response: 200 (87269 bytes) (rst-557:rem-999.0:used-1 ratelimit) at 1765508444.3154712
2025-12-12 00:00:44,347 - prawcore - DEBUG - Fetching: GET https://oauth.reddit.com/r/BitcoinBrasil/about/ at 1765508444.347948
2025-12-12 00:00:44,348 - prawcore - DEBUG - Data: None
2025-12-12 00:00:44,348 - prawcore - DEBUG - Params: {'raw_json': 1}
2025-12-12 00:00:44,559 - urllib3.connectionpool - DEBUG - https://oauth.reddit.com:443 "GET /r/BitcoinBrasil/about/?raw_json=1 HTTP/1.1" 200 1643
2025-12-12 00:00:44,561 - prawcore - DEBUG - Response: 200 (1643 bytes) (rst-555:rem-998.0:used-2 ratelimit) at 1765508444.5614889
2025-12-12 00:00:44,562 - prawcore - DEBUG - Fetching: GET https://oauth.reddit.com/user/Fantastic_Bag_7878/about/ at 1765508444.5624561
2025-12-12 00:00:44,562 - prawcore - DEBUG - Data: None
2025-12-12 00:00:44,562 - prawcore - DEBUG - Params: {'raw_json': 1}
2025-12-12 00:00:44,762 - urllib3.connectionpool - DEBUG - https://oauth.reddit.com:443 "GET /user/Fantastic_Bag_7878/about/?raw_json=1 HTTP/1.1" 200 704
2025-12-12 00:00:44,762 - prawcore - DEBUG - Response: 200 (704 bytes) (rst-555:rem-997.0:used-3 ratelimit) at 1765508444.7629702
2025-12-12 00:00:44,765 - prawcore - DEBUG - Fetching: GET https://oauth.reddit.com/r/scheissaufnbilla/about/ at 1765508444.765418
2025-12-12 00:00:44,765 - prawcore - DEBUG - Data: None
2025-12-12 00:00:44,765 - prawcore - DEBUG - Params: {'raw_json': 1}
2025-12-12 00:00:44,959 - urllib3.connectionpool - DEBUG - https://oauth.reddit.com:443 "GET /r/scheissaufnbilla/about/?raw_json=1 HTTP/1.1" 200 1421
2025-12-12 00:00:44,960 - prawcore - DEBUG - Response: 200 (1421 bytes) (rst-555:rem-996.0:used-4 ratelimit) at 1765508444.960712
2025-12-12 00:00:44,961 - prawcore - DEBUG - Fetching: GET https://oauth.reddit.com/user/Chess-Gitti/about/ at 1765508444.9612968
2025-12-12 00:00:44,961 - prawcore - DEBUG - Data: None
2025-12-12 00:00:44,961 - prawcore - DEBUG - Params: {'raw_json': 1}
2025-12-12 00:00:45,169 - urllib3.connectionpool - DEBUG - https://oauth.reddit.com:443 "GET /user/Chess-Gitti/about/?raw_json=1 HTTP/1.1" 200 700
2025-12-12 00:00:45,170 - prawcore - DEBUG - Response: 200 (700 bytes) (rst-554:rem-995.0:used-5 ratelimit) at 1765508445.17026
2025-12-12 00:00:45,171 - prawcore - DEBUG - Fetching: GET https://oauth.reddit.com/r/criptomoedas/about/ at 1765508445.1715999
2025-12-12 00:00:45,171 - prawcore - DEBUG - Data: None
2025-12-12 00:00:45,171 - prawcore - DEBUG - Params: {'raw_json': 1}
2025-12-12 00:00:45,365 - urllib3.connectionpool - DEBUG - https://oauth.reddit.com:443 "GET /r/criptomoedas/about/?raw_json=1 HTTP/1.1" 200 1398
2025-12-12 00:00:45,366 - prawcore - DEBUG - Response: 200 (1398 bytes) (rst-554:rem-994.0:used-6 ratelimit) at 1765508445.366071
2025-12-12 00:00:45,366 - prawcore - DEBUG - Fetching: GET https://oauth.reddit.com/user/New_Suit_1856/about/ at 1765508445.3663502
2025-12-12 00:00:45,366 - prawcore - DEBUG - Data: None
2025-12-12 00:00:45,366 - prawcore - DEBUG - Params: {'raw_json': 1}
2025-12-12 00:00:45,599 - urllib3.connectionpool - DEBUG - https://oauth.reddit.com:443 "GET /user/New_Suit_1856/about/?raw_json=1 HTTP/1.1" 200 720
2025-12-12 00:00:45,600 - prawcore - DEBUG - Response: 200 (720 bytes) (rst-554:rem-993.0:used-7 ratelimit) at 1765508445.600089
2025-12-12 00:00:45,603 - prawcore - DEBUG - Fetching: GET https://oauth.reddit.com/r/KpopDemonhunters/about/ at 1765508445.6030972
2025-12-12 00:00:45,603 - prawcore - DEBUG - Data: None
2025-12-12 00:00:45,603 - prawcore - DEBUG - Params: {'raw_json': 1}
2025-12-12 00:00:45,799 - urllib3.connectionpool - DEBUG - https://oauth.reddit.com:443 "GET /r/KpopDemonhunters/about/?raw_json=1 HTTP/1.1" 200 6491
2025-12-12 00:00:45,801 - prawcore - DEBUG - Response: 200 (6491 bytes) (rst-554:rem-992.0:used-8 ratelimit) at 1765508445.8016021
2025-12-12 00:00:45,802 - prawcore - DEBUG - Fetching: GET https://oauth.reddit.com/user/Sapphic_Starlight/about/ at 1765508445.8026261
2025-12-12 00:00:45,802 - prawcore - DEBUG - Data: None
2025-12-12 00:00:45,802 - prawcore - DEBUG - Params: {'raw_json': 1}
2025-12-12 00:00:46,008 - urllib3.connectionpool - DEBUG - https://oauth.reddit.com:443 "GET /user/Sapphic_Starlight/about/?raw_json=1 HTTP/1.1" 200 866
2025-12-12 00:00:46,010 - prawcore - DEBUG - Response: 200 (866 bytes) (rst-554:rem-991.0:used-9 ratelimit) at 1765508446.01022
2025-12-12 00:00:46,013 - prawcore - DEBUG - Fetching: GET https://oauth.reddit.com/r/askcroatia/about/ at 1765508446.013809
2025-12-12 00:00:46,013 - prawcore - DEBUG - Data: None
2025-12-12 00:00:46,014 - prawcore - DEBUG - Params: {'raw_json': 1}
2025-12-12 00:00:46,210 - urllib3.connectionpool - DEBUG - https://oauth.reddit.com:443 "GET /r/askcroatia/about/?raw_json=1 HTTP/1.1" 200 1740
2025-12-12 00:00:46,211 - prawcore - DEBUG - Response: 200 (1740 bytes) (rst-553:rem-990.0:used-10 ratelimit) at 1765508446.211602
2025-12-12 00:00:46,212 - prawcore - DEBUG - Fetching: GET https://oauth.reddit.com/user/Morbidia86/about/ at 1765508446.212458
2025-12-12 00:00:46,212 - prawcore - DEBUG - Data: None
2025-12-12 00:00:46,212 - prawcore - DEBUG - Params: {'raw_json': 1}
2025-12-12 00:00:46,423 - urllib3.connectionpool - DEBUG - https://oauth.reddit.com:443 "GET /user/Morbidia86/about/?raw_json=1 HTTP/1.1" 200 700
2025-12-12 00:00:46,424 - prawcore - DEBUG - Response: 200 (700 bytes) (rst-553:rem-989.0:used-11 ratelimit) at 1765508446.4246678
2025-12-12 00:00:46,428 - prawcore - DEBUG - Fetching: GET https://oauth.reddit.com/r/legaladvice/about/ at 1765508446.4282858
2025-12-12 00:00:46,430 - prawcore - DEBUG - Data: None
2025-12-12 00:00:46,431 - prawcore - DEBUG - Params: {'raw_json': 1}
2025-12-12 00:00:46,619 - urllib3.connectionpool - DEBUG - https://oauth.reddit.com:443 "GET /r/legaladvice/about/?raw_json=1 HTTP/1.1" 200 2622
2025-12-12 00:00:46,620 - prawcore - DEBUG - Response: 200 (2622 bytes) (rst-553:rem-988.0:used-12 ratelimit) at 1765508446.620888
2025-12-12 00:00:46,621 - prawcore - DEBUG - Fetching: GET https://oauth.reddit.com/user/Xadrianala/about/ at 1765508446.621655
2025-12-12 00:00:46,621 - prawcore - DEBUG - Data: None
2025-12-12 00:00:46,621 - prawcore - DEBUG - Params: {'raw_json': 1}
2025-12-12 00:00:46,841 - urllib3.connectionpool - DEBUG - https://oauth.reddit.com:443 "GET /user/Xadrianala/about/?raw_json=1 HTTP/1.1" 200 717
2025-12-12 00:00:46,842 - prawcore - DEBUG - Response: 200 (717 bytes) (rst-553:rem-987.0:used-13 ratelimit) at 1765508446.8427641
2025-12-12 00:00:46,847 - prawcore - DEBUG - Fetching: GET https://oauth.reddit.com/r/KpopDemonhunters/about/ at 1765508446.8475242
2025-12-12 00:00:46,847 - prawcore - DEBUG - Data: None
2025-12-12 00:00:46,847 - prawcore - DEBUG - Params: {'raw_json': 1}
2025-12-12 00:00:47,047 - urllib3.connectionpool - DEBUG - https://oauth.reddit.com:443 "GET /r/KpopDemonhunters/about/?raw_json=1 HTTP/1.1" 200 6491
2025-12-12 00:00:47,049 - prawcore - DEBUG - Response: 200 (6491 bytes) (rst-553:rem-986.0:used-14 ratelimit) at 1765508447.049533
2025-12-12 00:00:47,050 - prawcore - DEBUG - Fetching: GET https://oauth.reddit.com/user/Caelis_909/about/ at 1765508447.050507
2025-12-12 00:00:47,050 - prawcore - DEBUG - Data: None
2025-12-12 00:00:47,050 - prawcore - DEBUG - Params: {'raw_json': 1}
2025-12-12 00:00:47,243 - urllib3.connectionpool - DEBUG - https://oauth.reddit.com:443 "GET /user/Caelis_909/about/?raw_json=1 HTTP/1.1" 200 880
2025-12-12 00:00:47,244 - prawcore - DEBUG - Response: 200 (880 bytes) (rst-552:rem-985.0:used-15 ratelimit) at 1765508447.244274
2025-12-12 00:00:47,248 - prawcore - DEBUG - Fetching: GET https://oauth.reddit.com/r/scheissaufnbilla/about/ at 1765508447.248369
2025-12-12 00:00:47,248 - prawcore - DEBUG - Data: None
2025-12-12 00:00:47,248 - prawcore - DEBUG - Params: {'raw_json': 1}
2025-12-12 00:00:47,451 - urllib3.connectionpool - DEBUG - https://oauth.reddit.com:443 "GET /r/scheissaufnbilla/about/?raw_json=1 HTTP/1.1" 200 1421
2025-12-12 00:00:47,452 - prawcore - DEBUG - Response: 200 (1421 bytes) (rst-552:rem-984.0:used-16 ratelimit) at 1765508447.452283
2025-12-12 00:00:47,452 - prawcore - DEBUG - Fetching: GET https://oauth.reddit.com/user/Gschitldruckerin/about/ at 1765508447.452779
2025-12-12 00:00:47,452 - prawcore - DEBUG - Data: None
2025-12-12 00:00:47,452 - prawcore - DEBUG - Params: {'raw_json': 1}
2025-12-12 00:00:47,649 - urllib3.connectionpool - DEBUG - https://oauth.reddit.com:443 "GET /user/Gschitldruckerin/about/?raw_json=1 HTTP/1.1" 200 704
2025-12-12 00:00:47,650 - prawcore - DEBUG - Response: 200 (704 bytes) (rst-552:rem-983.0:used-17 ratelimit) at 1765508447.650353
2025-12-12 00:00:47,653 - prawcore - DEBUG - Fetching: GET https://oauth.reddit.com/r/hrvatska/about/ at 1765508447.6539671
2025-12-12 00:00:47,654 - prawcore - DEBUG - Data: None
2025-12-12 00:00:47,654 - prawcore - DEBUG - Params: {'raw_json': 1}
2025-12-12 00:00:47,853 - urllib3.connectionpool - DEBUG - https://oauth.reddit.com:443 "GET /r/hrvatska/about/?raw_json=1 HTTP/1.1" 200 1877
2025-12-12 00:00:47,854 - prawcore - DEBUG - Response: 200 (1877 bytes) (rst-552:rem-982.0:used-18 ratelimit) at 1765508447.854341
2025-12-12 00:00:47,854 - prawcore - DEBUG - Fetching: GET https://oauth.reddit.com/user/pinchofsaalt/about/ at 1765508447.854916
2025-12-12 00:00:47,855 - prawcore - DEBUG - Data: None
2025-12-12 00:00:47,855 - prawcore - DEBUG - Params: {'raw_json': 1}
2025-12-12 00:00:48,063 - urllib3.connectionpool - DEBUG - https://oauth.reddit.com:443 "GET /user/pinchofsaalt/about/?raw_json=1 HTTP/1.1" 200 697
2025-12-12 00:00:48,064 - prawcore - DEBUG - Response: 200 (697 bytes) (rst-552:rem-981.0:used-19 ratelimit) at 1765508448.064214
2025-12-12 00:00:48,066 - prawcore - DEBUG - Fetching: GET https://oauth.reddit.com/r/porramauricio/about/ at 1765508448.066904
2025-12-12 00:00:48,067 - prawcore - DEBUG - Data: None
2025-12-12 00:00:48,067 - prawcore - DEBUG - Params: {'raw_json': 1}
2025-12-12 00:00:48,267 - urllib3.connectionpool - DEBUG - https://oauth.reddit.com:443 "GET /r/porramauricio/about/?raw_json=1 HTTP/1.1" 200 2544
2025-12-12 00:00:48,267 - prawcore - DEBUG - Response: 200 (2544 bytes) (rst-551:rem-980.0:used-20 ratelimit) at 1765508448.267818
2025-12-12 00:00:48,268 - prawcore - DEBUG - Fetching: GET https://oauth.reddit.com/user/FellowOfHorses/about/ at 1765508448.268236
2025-12-12 00:00:48,268 - prawcore - DEBUG - Data: None
2025-12-12 00:00:48,268 - prawcore - DEBUG - Params: {'raw_json': 1}
2025-12-12 00:00:48,461 - urllib3.connectionpool - DEBUG - https://oauth.reddit.com:443 "GET /user/FellowOfHorses/about/?raw_json=1 HTTP/1.1" 200 706
2025-12-12 00:00:48,461 - prawcore - DEBUG - Response: 200 (706 bytes) (rst-551:rem-979.0:used-21 ratelimit) at 1765508448.461865
2025-12-12 00:00:48,463 - prawcore - DEBUG - Fetching: GET https://oauth.reddit.com/r/wien/about/ at 1765508448.463744
2025-12-12 00:00:48,463 - prawcore - DEBUG - Data: None
2025-12-12 00:00:48,463 - prawcore - DEBUG - Params: {'raw_json': 1}
2025-12-12 00:00:48,654 - urllib3.connectionpool - DEBUG - https://oauth.reddit.com:443 "GET /r/wien/about/?raw_json=1 HTTP/1.1" 200 6051
2025-12-12 00:00:48,655 - prawcore - DEBUG - Response: 200 (6051 bytes) (rst-551:rem-978.0:used-22 ratelimit) at 1765508448.655195
2025-12-12 00:00:48,655 - prawcore - DEBUG - Fetching: GET https://oauth.reddit.com/user/Important-Cheek-5892/about/ at 1765508448.6555572
2025-12-12 00:00:48,655 - prawcore - DEBUG - Data: None
2025-12-12 00:00:48,655 - prawcore - DEBUG - Params: {'raw_json': 1}
2025-12-12 00:00:48,849 - urllib3.connectionpool - DEBUG - https://oauth.reddit.com:443 "GET /user/Important-Cheek-5892/about/?raw_json=1 HTTP/1.1" 200 None
2025-12-12 00:00:48,849 - prawcore - DEBUG - Response: 200 (None bytes) (rst-551:rem-977.0:used-23 ratelimit) at 1765508448.8498402
2025-12-12 00:00:48,850 - prawcore - DEBUG - Fetching: GET https://oauth.reddit.com/r/EnoughMuskSpam/about/ at 1765508448.850156
2025-12-12 00:00:48,850 - prawcore - DEBUG - Data: None
2025-12-12 00:00:48,850 - prawcore - DEBUG - Params: {'raw_json': 1}
2025-12-12 00:00:49,043 - urllib3.connectionpool - DEBUG - https://oauth.reddit.com:443 "GET /r/EnoughMuskSpam/about/?raw_json=1 HTTP/1.1" 200 2101
2025-12-12 00:00:49,044 - prawcore - DEBUG - Response: 200 (2101 bytes) (rst-551:rem-976.0:used-24 ratelimit) at 1765508449.0442162
2025-12-12 00:00:49,044 - prawcore - DEBUG - Fetching: GET https://oauth.reddit.com/user/dreamcastfanboy34/about/ at 1765508449.044771
2025-12-12 00:00:49,044 - prawcore - DEBUG - Data: None
2025-12-12 00:00:49,045 - prawcore - DEBUG - Params: {'raw_json': 1}
2025-12-12 00:00:49,246 - urllib3.connectionpool - DEBUG - https://oauth.reddit.com:443 "GET /user/dreamcastfanboy34/about/?raw_json=1 HTTP/1.1" 200 746
2025-12-12 00:00:49,247 - prawcore - DEBUG - Response: 200 (746 bytes) (rst-550:rem-975.0:used-25 ratelimit) at 1765508449.2472892
2025-12-12 00:00:49,248 - prawcore - DEBUG - Fetching: GET https://oauth.reddit.com/r/scheissaufnbilla/about/ at 1765508449.248609
2025-12-12 00:00:49,248 - prawcore - DEBUG - Data: None
2025-12-12 00:00:49,248 - prawcore - DEBUG - Params: {'raw_json': 1}
2025-12-12 00:00:49,443 - urllib3.connectionpool - DEBUG - https://oauth.reddit.com:443 "GET /r/scheissaufnbilla/about/?raw_json=1 HTTP/1.1" 200 1421
2025-12-12 00:00:49,446 - prawcore - DEBUG - Response: 200 (1421 bytes) (rst-550:rem-974.0:used-26 ratelimit) at 1765508449.446719
2025-12-12 00:00:49,447 - prawcore - DEBUG - Fetching: GET https://oauth.reddit.com/user/narime/about/ at 1765508449.4470148
2025-12-12 00:00:49,447 - prawcore - DEBUG - Data: None
2025-12-12 00:00:49,447 - prawcore - DEBUG - Params: {'raw_json': 1}
2025-12-12 00:00:49,752 - urllib3.connectionpool - DEBUG - https://oauth.reddit.com:443 "GET /user/narime/about/?raw_json=1 HTTP/1.1" 200 1078
2025-12-12 00:00:49,753 - prawcore - DEBUG - Response: 200 (1078 bytes) (rst-550:rem-973.0:used-27 ratelimit) at 1765508449.753213
2025-12-12 00:00:49,754 - prawcore - DEBUG - Fetching: GET https://oauth.reddit.com/r/ireland/about/ at 1765508449.7547462
2025-12-12 00:00:49,754 - prawcore - DEBUG - Data: None
2025-12-12 00:00:49,754 - prawcore - DEBUG - Params: {'raw_json': 1}
2025-12-12 00:00:49,950 - urllib3.connectionpool - DEBUG - https://oauth.reddit.com:443 "GET /r/ireland/about/?raw_json=1 HTTP/1.1" 200 3696
2025-12-12 00:00:49,951 - prawcore - DEBUG - Response: 200 (3696 bytes) (rst-550:rem-972.0:used-28 ratelimit) at 1765508449.951354
2025-12-12 00:00:49,951 - prawcore - DEBUG - Fetching: GET https://oauth.reddit.com/user/Dazzling_Lobster3656/about/ at 1765508449.951679
2025-12-12 00:00:49,951 - prawcore - DEBUG - Data: None
2025-12-12 00:00:49,951 - prawcore - DEBUG - Params: {'raw_json': 1}
2025-12-12 00:00:50,469 - urllib3.connectionpool - DEBUG - https://oauth.reddit.com:443 "GET /user/Dazzling_Lobster3656/about/?raw_json=1 HTTP/1.1" 200 738
2025-12-12 00:00:50,469 - prawcore - DEBUG - Response: 200 (738 bytes) (rst-549:rem-971.0:used-29 ratelimit) at 1765508450.469802
2025-12-12 00:00:50,471 - prawcore - DEBUG - Fetching: GET https://oauth.reddit.com/r/vtm/about/ at 1765508450.471034
2025-12-12 00:00:50,471 - prawcore - DEBUG - Data: None
2025-12-12 00:00:50,471 - prawcore - DEBUG - Params: {'raw_json': 1}
2025-12-12 00:00:50,657 - urllib3.connectionpool - DEBUG - https://oauth.reddit.com:443 "GET /r/vtm/about/?raw_json=1 HTTP/1.1" 200 2406
2025-12-12 00:00:50,657 - prawcore - DEBUG - Response: 200 (2406 bytes) (rst-549:rem-970.0:used-30 ratelimit) at 1765508450.657839
2025-12-12 00:00:50,658 - prawcore - DEBUG - Fetching: GET https://oauth.reddit.com/user/AbsconditusArtem/about/ at 1765508450.658131
2025-12-12 00:00:50,658 - prawcore - DEBUG - Data: None
2025-12-12 00:00:50,658 - prawcore - DEBUG - Params: {'raw_json': 1}
2025-12-12 00:00:50,847 - urllib3.connectionpool - DEBUG - https://oauth.reddit.com:443 "GET /user/AbsconditusArtem/about/?raw_json=1 HTTP/1.1" 200 706
2025-12-12 00:00:50,848 - prawcore - DEBUG - Response: 200 (706 bytes) (rst-549:rem-969.0:used-31 ratelimit) at 1765508450.848581
2025-12-12 00:00:50,850 - prawcore - DEBUG - Fetching: GET https://oauth.reddit.com/r/WhiteWolfRPG/about/ at 1765508450.850423
2025-12-12 00:00:50,850 - prawcore - DEBUG - Data: None
2025-12-12 00:00:50,850 - prawcore - DEBUG - Params: {'raw_json': 1}
2025-12-12 00:00:51,040 - urllib3.connectionpool - DEBUG - https://oauth.reddit.com:443 "GET /r/WhiteWolfRPG/about/?raw_json=1 HTTP/1.1" 200 4073
2025-12-12 00:00:51,043 - prawcore - DEBUG - Response: 200 (4073 bytes) (rst-549:rem-968.0:used-32 ratelimit) at 1765508451.043388
2025-12-12 00:00:51,044 - prawcore - DEBUG - Fetching: GET https://oauth.reddit.com/user/AbsconditusArtem/about/ at 1765508451.04422
2025-12-12 00:00:51,044 - prawcore - DEBUG - Data: None
2025-12-12 00:00:51,044 - prawcore - DEBUG - Params: {'raw_json': 1}
2025-12-12 00:00:51,241 - urllib3.connectionpool - DEBUG - https://oauth.reddit.com:443 "GET /user/AbsconditusArtem/about/?raw_json=1 HTTP/1.1" 200 706
2025-12-12 00:00:51,243 - prawcore - DEBUG - Response: 200 (706 bytes) (rst-548:rem-967.0:used-33 ratelimit) at 1765508451.243061
2025-12-12 00:00:51,247 - prawcore - DEBUG - Fetching: GET https://oauth.reddit.com/r/VampiroBrasil/about/ at 1765508451.247076
2025-12-12 00:00:51,247 - prawcore - DEBUG - Data: None
2025-12-12 00:00:51,247 - prawcore - DEBUG - Params: {'raw_json': 1}
2025-12-12 00:00:51,448 - urllib3.connectionpool - DEBUG - https://oauth.reddit.com:443 "GET /r/VampiroBrasil/about/?raw_json=1 HTTP/1.1" 200 1347
2025-12-12 00:00:51,449 - prawcore - DEBUG - Response: 200 (1347 bytes) (rst-548:rem-966.0:used-34 ratelimit) at 1765508451.4494872
2025-12-12 00:00:51,450 - prawcore - DEBUG - Fetching: GET https://oauth.reddit.com/user/AbsconditusArtem/about/ at 1765508451.450258
2025-12-12 00:00:51,450 - prawcore - DEBUG - Data: None
2025-12-12 00:00:51,450 - prawcore - DEBUG - Params: {'raw_json': 1}
2025-12-12 00:00:51,643 - urllib3.connectionpool - DEBUG - https://oauth.reddit.com:443 "GET /user/AbsconditusArtem/about/?raw_json=1 HTTP/1.1" 200 706
2025-12-12 00:00:51,645 - prawcore - DEBUG - Response: 200 (706 bytes) (rst-548:rem-965.0:used-35 ratelimit) at 1765508451.6452212
2025-12-12 00:00:51,649 - prawcore - DEBUG - Fetching: GET https://oauth.reddit.com/r/BitcoinBrasil/about/ at 1765508451.6490052
2025-12-12 00:00:51,649 - prawcore - DEBUG - Data: None
2025-12-12 00:00:51,649 - prawcore - DEBUG - Params: {'raw_json': 1}
2025-12-12 00:00:51,846 - urllib3.connectionpool - DEBUG - https://oauth.reddit.com:443 "GET /r/BitcoinBrasil/about/?raw_json=1 HTTP/1.1" 200 1643
2025-12-12 00:00:51,846 - prawcore - DEBUG - Response: 200 (1643 bytes) (rst-548:rem-964.0:used-36 ratelimit) at 1765508451.846883
2025-12-12 00:00:51,847 - prawcore - DEBUG - Fetching: GET https://oauth.reddit.com/user/Status-Yam2273/about/ at 1765508451.8472042
2025-12-12 00:00:51,847 - prawcore - DEBUG - Data: None
2025-12-12 00:00:51,847 - prawcore - DEBUG - Params: {'raw_json': 1}
2025-12-12 00:00:52,061 - urllib3.connectionpool - DEBUG - https://oauth.reddit.com:443 "GET /user/Status-Yam2273/about/?raw_json=1 HTTP/1.1" 200 825
2025-12-12 00:00:52,064 - prawcore - DEBUG - Response: 200 (825 bytes) (rst-548:rem-963.0:used-37 ratelimit) at 1765508452.064131
2025-12-12 00:00:52,073 - prawcore - DEBUG - Fetching: GET https://oauth.reddit.com/r/hrvatska/about/ at 1765508452.073138
2025-12-12 00:00:52,073 - prawcore - DEBUG - Data: None
2025-12-12 00:00:52,073 - prawcore - DEBUG - Params: {'raw_json': 1}
2025-12-12 00:00:52,287 - urllib3.connectionpool - DEBUG - https://oauth.reddit.com:443 "GET /r/hrvatska/about/?raw_json=1 HTTP/1.1" 200 1877
2025-12-12 00:00:52,300 - prawcore - DEBUG - Response: 200 (1877 bytes) (rst-547:rem-962.0:used-38 ratelimit) at 1765508452.3009229
2025-12-12 00:00:52,309 - prawcore - DEBUG - Fetching: GET https://oauth.reddit.com/user/mariannishere/about/ at 1765508452.309519
2025-12-12 00:00:52,310 - prawcore - DEBUG - Data: None
2025-12-12 00:00:52,310 - prawcore - DEBUG - Params: {'raw_json': 1}
2025-12-12 00:00:52,535 - urllib3.connectionpool - DEBUG - https://oauth.reddit.com:443 "GET /user/mariannishere/about/?raw_json=1 HTTP/1.1" 200 945
2025-12-12 00:00:52,537 - prawcore - DEBUG - Response: 200 (945 bytes) (rst-547:rem-961.0:used-39 ratelimit) at 1765508452.5373938
2025-12-12 00:00:52,539 - prawcore - DEBUG - Fetching: GET https://oauth.reddit.com/r/scheissaufnbilla/about/ at 1765508452.539562
2025-12-12 00:00:52,539 - prawcore - DEBUG - Data: None
2025-12-12 00:00:52,539 - prawcore - DEBUG - Params: {'raw_json': 1}
2025-12-12 00:00:52,736 - urllib3.connectionpool - DEBUG - https://oauth.reddit.com:443 "GET /r/scheissaufnbilla/about/?raw_json=1 HTTP/1.1" 200 1421
2025-12-12 00:00:52,737 - prawcore - DEBUG - Response: 200 (1421 bytes) (rst-547:rem-960.0:used-40 ratelimit) at 1765508452.7379231
2025-12-12 00:00:52,738 - prawcore - DEBUG - Fetching: GET https://oauth.reddit.com/user/Appropriate_Bar_4376/about/ at 1765508452.738786
2025-12-12 00:00:52,739 - prawcore - DEBUG - Data: None
2025-12-12 00:00:52,739 - prawcore - DEBUG - Params: {'raw_json': 1}
2025-12-12 00:00:52,943 - urllib3.connectionpool - DEBUG - https://oauth.reddit.com:443 "GET /user/Appropriate_Bar_4376/about/?raw_json=1 HTTP/1.1" 200 706
2025-12-12 00:00:52,945 - prawcore - DEBUG - Response: 200 (706 bytes) (rst-547:rem-959.0:used-41 ratelimit) at 1765508452.944989
2025-12-12 00:00:52,948 - prawcore - DEBUG - Fetching: GET https://oauth.reddit.com/r/computadores/about/ at 1765508452.94897
2025-12-12 00:00:52,949 - prawcore - DEBUG - Data: None
2025-12-12 00:00:52,949 - prawcore - DEBUG - Params: {'raw_json': 1}
2025-12-12 00:00:53,165 - urllib3.connectionpool - DEBUG - https://oauth.reddit.com:443 "GET /r/computadores/about/?raw_json=1 HTTP/1.1" 200 1331
2025-12-12 00:00:53,167 - prawcore - DEBUG - Response: 200 (1331 bytes) (rst-546:rem-958.0:used-42 ratelimit) at 1765508453.167009
2025-12-12 00:00:53,167 - prawcore - DEBUG - Fetching: GET https://oauth.reddit.com/user/Physical_Monitor890/about/ at 1765508453.1676102
2025-12-12 00:00:53,167 - prawcore - DEBUG - Data: None
2025-12-12 00:00:53,167 - prawcore - DEBUG - Params: {'raw_json': 1}
2025-12-12 00:00:53,381 - urllib3.connectionpool - DEBUG - https://oauth.reddit.com:443 "GET /user/Physical_Monitor890/about/?raw_json=1 HTTP/1.1" 200 734
2025-12-12 00:00:53,382 - prawcore - DEBUG - Response: 200 (734 bytes) (rst-546:rem-957.0:used-43 ratelimit) at 1765508453.38252
2025-12-12 00:00:53,386 - prawcore - DEBUG - Fetching: GET https://oauth.reddit.com/r/hardwarebrasil/about/ at 1765508453.386569
2025-12-12 00:00:53,386 - prawcore - DEBUG - Data: None
2025-12-12 00:00:53,386 - prawcore - DEBUG - Params: {'raw_json': 1}
2025-12-12 00:00:53,579 - urllib3.connectionpool - DEBUG - https://oauth.reddit.com:443 "GET /r/hardwarebrasil/about/?raw_json=1 HTTP/1.1" 200 1475
2025-12-12 00:00:53,581 - prawcore - DEBUG - Response: 200 (1475 bytes) (rst-546:rem-956.0:used-44 ratelimit) at 1765508453.581368
2025-12-12 00:00:53,582 - prawcore - DEBUG - Fetching: GET https://oauth.reddit.com/user/zero_6963/about/ at 1765508453.582114
2025-12-12 00:00:53,582 - prawcore - DEBUG - Data: None
2025-12-12 00:00:53,582 - prawcore - DEBUG - Params: {'raw_json': 1}
2025-12-12 00:00:53,784 - urllib3.connectionpool - DEBUG - https://oauth.reddit.com:443 "GET /user/zero_6963/about/?raw_json=1 HTTP/1.1" 200 845
2025-12-12 00:00:53,785 - prawcore - DEBUG - Response: 200 (845 bytes) (rst-546:rem-955.0:used-45 ratelimit) at 1765508453.78576
2025-12-12 00:00:53,790 - prawcore - DEBUG - Fetching: GET https://oauth.reddit.com/r/WorldOfDarkness/about/ at 1765508453.7900858
2025-12-12 00:00:53,790 - prawcore - DEBUG - Data: None
2025-12-12 00:00:53,790 - prawcore - DEBUG - Params: {'raw_json': 1}
2025-12-12 00:00:53,988 - urllib3.connectionpool - DEBUG - https://oauth.reddit.com:443 "GET /r/WorldOfDarkness/about/?raw_json=1 HTTP/1.1" 200 1508
2025-12-12 00:00:53,990 - prawcore - DEBUG - Response: 200 (1508 bytes) (rst-546:rem-954.0:used-46 ratelimit) at 1765508453.990207
2025-12-12 00:00:53,990 - prawcore - DEBUG - Fetching: GET https://oauth.reddit.com/user/AbsconditusArtem/about/ at 1765508453.990977
2025-12-12 00:00:53,991 - prawcore - DEBUG - Data: None
2025-12-12 00:00:53,991 - prawcore - DEBUG - Params: {'raw_json': 1}
2025-12-12 00:00:54,189 - urllib3.connectionpool - DEBUG - https://oauth.reddit.com:443 "GET /user/AbsconditusArtem/about/?raw_json=1 HTTP/1.1" 200 706
2025-12-12 00:00:54,191 - prawcore - DEBUG - Response: 200 (706 bytes) (rst-545:rem-953.0:used-47 ratelimit) at 1765508454.191623
2025-12-12 00:00:54,196 - prawcore - DEBUG - Fetching: GET https://oauth.reddit.com/r/BitcoinBrasil/about/ at 1765508454.196289
2025-12-12 00:00:54,196 - prawcore - DEBUG - Data: None
2025-12-12 00:00:54,196 - prawcore - DEBUG - Params: {'raw_json': 1}
2025-12-12 00:00:54,391 - urllib3.connectionpool - DEBUG - https://oauth.reddit.com:443 "GET /r/BitcoinBrasil/about/?raw_json=1 HTTP/1.1" 200 1643
2025-12-12 00:00:54,392 - prawcore - DEBUG - Response: 200 (1643 bytes) (rst-545:rem-952.0:used-48 ratelimit) at 1765508454.392799
2025-12-12 00:00:54,393 - prawcore - DEBUG - Fetching: GET https://oauth.reddit.com/user/Fantastic_Bag_7878/about/ at 1765508454.393549
2025-12-12 00:00:54,393 - prawcore - DEBUG - Data: None
2025-12-12 00:00:54,393 - prawcore - DEBUG - Params: {'raw_json': 1}
2025-12-12 00:00:54,590 - urllib3.connectionpool - DEBUG - https://oauth.reddit.com:443 "GET /user/Fantastic_Bag_7878/about/?raw_json=1 HTTP/1.1" 200 704
2025-12-12 00:00:54,591 - prawcore - DEBUG - Response: 200 (704 bytes) (rst-545:rem-951.0:used-49 ratelimit) at 1765508454.591145
2025-12-12 00:00:54,594 - prawcore - DEBUG - Fetching: GET https://oauth.reddit.com/r/BitcoinBrasil/about/ at 1765508454.5941398
2025-12-12 00:00:54,594 - prawcore - DEBUG - Data: None
2025-12-12 00:00:54,594 - prawcore - DEBUG - Params: {'raw_json': 1}
2025-12-12 00:00:54,792 - urllib3.connectionpool - DEBUG - https://oauth.reddit.com:443 "GET /r/BitcoinBrasil/about/?raw_json=1 HTTP/1.1" 200 1643
2025-12-12 00:00:54,793 - prawcore - DEBUG - Response: 200 (1643 bytes) (rst-545:rem-950.0:used-50 ratelimit) at 1765508454.793677
2025-12-12 00:00:54,794 - prawcore - DEBUG - Fetching: GET https://oauth.reddit.com/user/Ok_Income_8002/about/ at 1765508454.794372
2025-12-12 00:00:54,794 - prawcore - DEBUG - Data: None
2025-12-12 00:00:54,794 - prawcore - DEBUG - Params: {'raw_json': 1}
2025-12-12 00:00:54,999 - urllib3.connectionpool - DEBUG - https://oauth.reddit.com:443 "GET /user/Ok_Income_8002/about/?raw_json=1 HTTP/1.1" 200 705
2025-12-12 00:00:55,001 - prawcore - DEBUG - Response: 200 (705 bytes) (rst-545:rem-949.0:used-51 ratelimit) at 1765508455.001133
2025-12-12 00:00:55,009 - prawcore - DEBUG - Fetching: GET https://oauth.reddit.com/r/illinois/about/ at 1765508455.00928
2025-12-12 00:00:55,009 - prawcore - DEBUG - Data: None
2025-12-12 00:00:55,009 - prawcore - DEBUG - Params: {'raw_json': 1}
2025-12-12 00:00:55,199 - urllib3.connectionpool - DEBUG - https://oauth.reddit.com:443 "GET /r/illinois/about/?raw_json=1 HTTP/1.1" 200 2505
2025-12-12 00:00:55,200 - prawcore - DEBUG - Response: 200 (2505 bytes) (rst-544:rem-948.0:used-52 ratelimit) at 1765508455.2009652
2025-12-12 00:00:55,201 - prawcore - DEBUG - Fetching: GET https://oauth.reddit.com/user/greiton/about/ at 1765508455.2016199
2025-12-12 00:00:55,201 - prawcore - DEBUG - Data: None
2025-12-12 00:00:55,201 - prawcore - DEBUG - Params: {'raw_json': 1}
2025-12-12 00:00:55,403 - urllib3.connectionpool - DEBUG - https://oauth.reddit.com:443 "GET /user/greiton/about/?raw_json=1 HTTP/1.1" 200 697
2025-12-12 00:00:55,404 - prawcore - DEBUG - Response: 200 (697 bytes) (rst-544:rem-947.0:used-53 ratelimit) at 1765508455.4048371
2025-12-12 00:00:55,412 - prawcore - DEBUG - Fetching: GET https://oauth.reddit.com/r/RPGdesignBR/about/ at 1765508455.412203
2025-12-12 00:00:55,412 - prawcore - DEBUG - Data: None
2025-12-12 00:00:55,412 - prawcore - DEBUG - Params: {'raw_json': 1}
2025-12-12 00:00:55,620 - urllib3.connectionpool - DEBUG - https://oauth.reddit.com:443 "GET /r/RPGdesignBR/about/?raw_json=1 HTTP/1.1" 200 1525
2025-12-12 00:00:55,625 - prawcore - DEBUG - Response: 200 (1525 bytes) (rst-544:rem-946.0:used-54 ratelimit) at 1765508455.6251688
2025-12-12 00:00:55,627 - prawcore - DEBUG - Fetching: GET https://oauth.reddit.com/user/AbsconditusArtem/about/ at 1765508455.627059
2025-12-12 00:00:55,627 - prawcore - DEBUG - Data: None
2025-12-12 00:00:55,627 - prawcore - DEBUG - Params: {'raw_json': 1}
2025-12-12 00:00:55,829 - urllib3.connectionpool - DEBUG - https://oauth.reddit.com:443 "GET /user/AbsconditusArtem/about/?raw_json=1 HTTP/1.1" 200 706
2025-12-12 00:00:55,829 - prawcore - DEBUG - Response: 200 (706 bytes) (rst-544:rem-945.0:used-55 ratelimit) at 1765508455.829798
2025-12-12 00:00:55,831 - prawcore - DEBUG - Fetching: GET https://oauth.reddit.com/r/computadores/about/ at 1765508455.8310049
2025-12-12 00:00:55,831 - prawcore - DEBUG - Data: None
2025-12-12 00:00:55,831 - prawcore - DEBUG - Params: {'raw_json': 1}
2025-12-12 00:00:56,034 - urllib3.connectionpool - DEBUG - https://oauth.reddit.com:443 "GET /r/computadores/about/?raw_json=1 HTTP/1.1" 200 1331
2025-12-12 00:00:56,036 - prawcore - DEBUG - Response: 200 (1331 bytes) (rst-544:rem-944.0:used-56 ratelimit) at 1765508456.036145
2025-12-12 00:00:56,036 - prawcore - DEBUG - Fetching: GET https://oauth.reddit.com/user/General_Finish_9406/about/ at 1765508456.036896
2025-12-12 00:00:56,037 - prawcore - DEBUG - Data: None
2025-12-12 00:00:56,037 - prawcore - DEBUG - Params: {'raw_json': 1}
2025-12-12 00:00:56,264 - urllib3.connectionpool - DEBUG - https://oauth.reddit.com:443 "GET /user/General_Finish_9406/about/?raw_json=1 HTTP/1.1" 200 698
2025-12-12 00:00:56,266 - prawcore - DEBUG - Response: 200 (698 bytes) (rst-543:rem-943.0:used-57 ratelimit) at 1765508456.266077
2025-12-12 00:00:56,269 - prawcore - DEBUG - Fetching: GET https://oauth.reddit.com/r/scheissaufnbilla/about/ at 1765508456.26992
2025-12-12 00:00:56,270 - prawcore - DEBUG - Data: None
2025-12-12 00:00:56,270 - prawcore - DEBUG - Params: {'raw_json': 1}
2025-12-12 00:00:56,476 - urllib3.connectionpool - DEBUG - https://oauth.reddit.com:443 "GET /r/scheissaufnbilla/about/?raw_json=1 HTTP/1.1" 200 1421
2025-12-12 00:00:56,478 - prawcore - DEBUG - Response: 200 (1421 bytes) (rst-543:rem-942.0:used-58 ratelimit) at 1765508456.478415
2025-12-12 00:00:56,479 - prawcore - DEBUG - Fetching: GET https://oauth.reddit.com/user/Relevant_Pitch_9347/about/ at 1765508456.47927
2025-12-12 00:00:56,479 - prawcore - DEBUG - Data: None
2025-12-12 00:00:56,479 - prawcore - DEBUG - Params: {'raw_json': 1}
2025-12-12 00:00:56,708 - urllib3.connectionpool - DEBUG - https://oauth.reddit.com:443 "GET /user/Relevant_Pitch_9347/about/?raw_json=1 HTTP/1.1" 200 763
2025-12-12 00:00:56,710 - prawcore - DEBUG - Response: 200 (763 bytes) (rst-543:rem-941.0:used-59 ratelimit) at 1765508456.710091
2025-12-12 00:00:56,714 - prawcore - DEBUG - Fetching: GET https://oauth.reddit.com/r/BitcoinBrasil/about/ at 1765508456.714069
2025-12-12 00:00:56,714 - prawcore - DEBUG - Data: None
2025-12-12 00:00:56,714 - prawcore - DEBUG - Params: {'raw_json': 1}
2025-12-12 00:00:56,913 - urllib3.connectionpool - DEBUG - https://oauth.reddit.com:443 "GET /r/BitcoinBrasil/about/?raw_json=1 HTTP/1.1" 200 1643
2025-12-12 00:00:56,914 - prawcore - DEBUG - Response: 200 (1643 bytes) (rst-543:rem-940.0:used-60 ratelimit) at 1765508456.914942
2025-12-12 00:00:56,915 - prawcore - DEBUG - Fetching: GET https://oauth.reddit.com/user/Ok-Spread-5410/about/ at 1765508456.9156759
2025-12-12 00:00:56,915 - prawcore - DEBUG - Data: None
2025-12-12 00:00:56,915 - prawcore - DEBUG - Params: {'raw_json': 1}
2025-12-12 00:00:57,143 - urllib3.connectionpool - DEBUG - https://oauth.reddit.com:443 "GET /user/Ok-Spread-5410/about/?raw_json=1 HTTP/1.1" 200 721
2025-12-12 00:00:57,144 - prawcore - DEBUG - Response: 200 (721 bytes) (rst-542:rem-939.0:used-61 ratelimit) at 1765508457.144897
2025-12-12 00:00:57,149 - prawcore - DEBUG - Fetching: GET https://oauth.reddit.com/r/rpg_brasil/about/ at 1765508457.149128
2025-12-12 00:00:57,149 - prawcore - DEBUG - Data: None
2025-12-12 00:00:57,149 - prawcore - DEBUG - Params: {'raw_json': 1}
2025-12-12 00:00:57,345 - urllib3.connectionpool - DEBUG - https://oauth.reddit.com:443 "GET /r/rpg_brasil/about/?raw_json=1 HTTP/1.1" 200 1588
2025-12-12 00:00:57,347 - prawcore - DEBUG - Response: 200 (1588 bytes) (rst-542:rem-938.0:used-62 ratelimit) at 1765508457.347113
2025-12-12 00:00:57,348 - prawcore - DEBUG - Fetching: GET https://oauth.reddit.com/user/AbsconditusArtem/about/ at 1765508457.348054
2025-12-12 00:00:57,348 - prawcore - DEBUG - Data: None
2025-12-12 00:00:57,348 - prawcore - DEBUG - Params: {'raw_json': 1}
2025-12-12 00:00:57,549 - urllib3.connectionpool - DEBUG - https://oauth.reddit.com:443 "GET /user/AbsconditusArtem/about/?raw_json=1 HTTP/1.1" 200 706
2025-12-12 00:00:57,549 - prawcore - DEBUG - Response: 200 (706 bytes) (rst-542:rem-937.0:used-63 ratelimit) at 1765508457.549928
2025-12-12 00:00:57,552 - prawcore - DEBUG - Fetching: GET https://oauth.reddit.com/r/criptomoedas/about/ at 1765508457.552727
2025-12-12 00:00:57,552 - prawcore - DEBUG - Data: None
2025-12-12 00:00:57,552 - prawcore - DEBUG - Params: {'raw_json': 1}
2025-12-12 00:00:57,740 - urllib3.connectionpool - DEBUG - https://oauth.reddit.com:443 "GET /r/criptomoedas/about/?raw_json=1 HTTP/1.1" 200 1398
2025-12-12 00:00:57,742 - prawcore - DEBUG - Response: 200 (1398 bytes) (rst-542:rem-936.0:used-64 ratelimit) at 1765508457.74266
2025-12-12 00:00:57,743 - prawcore - DEBUG - Fetching: GET https://oauth.reddit.com/user/Fantastic_Bag_7878/about/ at 1765508457.743696
2025-12-12 00:00:57,743 - prawcore - DEBUG - Data: None
2025-12-12 00:00:57,744 - prawcore - DEBUG - Params: {'raw_json': 1}
2025-12-12 00:00:57,944 - urllib3.connectionpool - DEBUG - https://oauth.reddit.com:443 "GET /user/Fantastic_Bag_7878/about/?raw_json=1 HTTP/1.1" 200 704
2025-12-12 00:00:57,946 - prawcore - DEBUG - Response: 200 (704 bytes) (rst-542:rem-935.0:used-65 ratelimit) at 1765508457.946628
2025-12-12 00:00:57,950 - prawcore - DEBUG - Fetching: GET https://oauth.reddit.com/r/studentenrabatte/about/ at 1765508457.9502552
2025-12-12 00:00:57,950 - prawcore - DEBUG - Data: None
2025-12-12 00:00:57,950 - prawcore - DEBUG - Params: {'raw_json': 1}
2025-12-12 00:00:58,155 - urllib3.connectionpool - DEBUG - https://oauth.reddit.com:443 "GET /r/studentenrabatte/about/?raw_json=1 HTTP/1.1" 200 1633
2025-12-12 00:00:58,158 - prawcore - DEBUG - Response: 200 (1633 bytes) (rst-541:rem-934.0:used-66 ratelimit) at 1765508458.158581
2025-12-12 00:00:58,159 - prawcore - DEBUG - Fetching: GET https://oauth.reddit.com/user/iamstudent_DACH/about/ at 1765508458.159894
2025-12-12 00:00:58,160 - prawcore - DEBUG - Data: None
2025-12-12 00:00:58,160 - prawcore - DEBUG - Params: {'raw_json': 1}
2025-12-12 00:00:58,356 - urllib3.connectionpool - DEBUG - https://oauth.reddit.com:443 "GET /user/iamstudent_DACH/about/?raw_json=1 HTTP/1.1" 200 719
2025-12-12 00:00:58,358 - prawcore - DEBUG - Response: 200 (719 bytes) (rst-541:rem-933.0:used-67 ratelimit) at 1765508458.3585641
2025-12-12 00:00:58,362 - prawcore - DEBUG - Fetching: GET https://oauth.reddit.com/r/indonesian/about/ at 1765508458.362834
2025-12-12 00:00:58,363 - prawcore - DEBUG - Data: None
2025-12-12 00:00:58,363 - prawcore - DEBUG - Params: {'raw_json': 1}
2025-12-12 00:00:58,575 - urllib3.connectionpool - DEBUG - https://oauth.reddit.com:443 "GET /r/indonesian/about/?raw_json=1 HTTP/1.1" 200 1835
2025-12-12 00:00:58,577 - prawcore - DEBUG - Response: 200 (1835 bytes) (rst-541:rem-932.0:used-68 ratelimit) at 1765508458.577251
2025-12-12 00:00:58,578 - prawcore - DEBUG - Fetching: GET https://oauth.reddit.com/user/mothenata/about/ at 1765508458.578102
2025-12-12 00:00:58,578 - prawcore - DEBUG - Data: None
2025-12-12 00:00:58,578 - prawcore - DEBUG - Params: {'raw_json': 1}
2025-12-12 00:00:58,784 - urllib3.connectionpool - DEBUG - https://oauth.reddit.com:443 "GET /user/mothenata/about/?raw_json=1 HTTP/1.1" 200 686
2025-12-12 00:00:58,785 - prawcore - DEBUG - Response: 200 (686 bytes) (rst-541:rem-931.0:used-69 ratelimit) at 1765508458.785771
2025-12-12 00:00:58,789 - prawcore - DEBUG - Fetching: GET https://oauth.reddit.com/r/classactions/about/ at 1765508458.789377
2025-12-12 00:00:58,790 - prawcore - DEBUG - Data: None
2025-12-12 00:00:58,790 - prawcore - DEBUG - Params: {'raw_json': 1}
2025-12-12 00:00:58,999 - urllib3.connectionpool - DEBUG - https://oauth.reddit.com:443 "GET /r/classactions/about/?raw_json=1 HTTP/1.1" 200 1637
2025-12-12 00:00:59,000 - prawcore - DEBUG - Response: 200 (1637 bytes) (rst-541:rem-930.0:used-70 ratelimit) at 1765508459.000714
2025-12-12 00:00:59,001 - prawcore - DEBUG - Fetching: GET https://oauth.reddit.com/user/awg_shonuff_da_pro/about/ at 1765508459.001728
2025-12-12 00:00:59,004 - prawcore - DEBUG - Data: None
2025-12-12 00:00:59,004 - prawcore - DEBUG - Params: {'raw_json': 1}
2025-12-12 00:00:59,210 - urllib3.connectionpool - DEBUG - https://oauth.reddit.com:443 "GET /user/awg_shonuff_da_pro/about/?raw_json=1 HTTP/1.1" 200 914
2025-12-12 00:00:59,211 - prawcore - DEBUG - Response: 200 (914 bytes) (rst-540:rem-929.0:used-71 ratelimit) at 1765508459.211785
2025-12-12 00:00:59,215 - prawcore - DEBUG - Fetching: GET https://oauth.reddit.com/r/UnusualInstruments/about/ at 1765508459.215203
2025-12-12 00:00:59,215 - prawcore - DEBUG - Data: None
2025-12-12 00:00:59,215 - prawcore - DEBUG - Params: {'raw_json': 1}
2025-12-12 00:00:59,409 - urllib3.connectionpool - DEBUG - https://oauth.reddit.com:443 "GET /r/UnusualInstruments/about/?raw_json=1 HTTP/1.1" 200 1670
2025-12-12 00:00:59,410 - prawcore - DEBUG - Response: 200 (1670 bytes) (rst-540:rem-928.0:used-72 ratelimit) at 1765508459.410311
2025-12-12 00:00:59,410 - prawcore - DEBUG - Fetching: GET https://oauth.reddit.com/user/El-Chip/about/ at 1765508459.410911
2025-12-12 00:00:59,411 - prawcore - DEBUG - Data: None
2025-12-12 00:00:59,411 - prawcore - DEBUG - Params: {'raw_json': 1}
2025-12-12 00:00:59,616 - urllib3.connectionpool - DEBUG - https://oauth.reddit.com:443 "GET /user/El-Chip/about/?raw_json=1 HTTP/1.1" 200 768
2025-12-12 00:00:59,617 - prawcore - DEBUG - Response: 200 (768 bytes) (rst-540:rem-927.0:used-73 ratelimit) at 1765508459.617944
2025-12-12 00:00:59,620 - prawcore - DEBUG - Fetching: GET https://oauth.reddit.com/r/scheissaufnbilla/about/ at 1765508459.620936
2025-12-12 00:00:59,621 - prawcore - DEBUG - Data: None
2025-12-12 00:00:59,621 - prawcore - DEBUG - Params: {'raw_json': 1}
2025-12-12 00:00:59,816 - urllib3.connectionpool - DEBUG - https://oauth.reddit.com:443 "GET /r/scheissaufnbilla/about/?raw_json=1 HTTP/1.1" 200 1421
2025-12-12 00:00:59,817 - prawcore - DEBUG - Response: 200 (1421 bytes) (rst-540:rem-926.0:used-74 ratelimit) at 1765508459.81756
2025-12-12 00:00:59,818 - prawcore - DEBUG - Fetching: GET https://oauth.reddit.com/user/Degree_Federal/about/ at 1765508459.8182132
2025-12-12 00:00:59,818 - prawcore - DEBUG - Data: None
2025-12-12 00:00:59,818 - prawcore - DEBUG - Params: {'raw_json': 1}
2025-12-12 00:01:00,017 - urllib3.connectionpool - DEBUG - https://oauth.reddit.com:443 "GET /user/Degree_Federal/about/?raw_json=1 HTTP/1.1" 200 844
2025-12-12 00:01:00,017 - prawcore - DEBUG - Response: 200 (844 bytes) (rst-540:rem-925.0:used-75 ratelimit) at 1765508460.01783
2025-12-12 00:01:00,020 - prawcore - DEBUG - Fetching: GET https://oauth.reddit.com/r/Austria/about/ at 1765508460.020134
2025-12-12 00:01:00,020 - prawcore - DEBUG - Data: None
2025-12-12 00:01:00,020 - prawcore - DEBUG - Params: {'raw_json': 1}
2025-12-12 00:01:00,211 - urllib3.connectionpool - DEBUG - https://oauth.reddit.com:443 "GET /r/Austria/about/?raw_json=1 HTTP/1.1" 200 2263
2025-12-12 00:01:00,212 - prawcore - DEBUG - Response: 200 (2263 bytes) (rst-539:rem-924.0:used-76 ratelimit) at 1765508460.212697
2025-12-12 00:01:00,213 - prawcore - DEBUG - Fetching: GET https://oauth.reddit.com/user/Weirdy19/about/ at 1765508460.21337
2025-12-12 00:01:00,213 - prawcore - DEBUG - Data: None
2025-12-12 00:01:00,213 - prawcore - DEBUG - Params: {'raw_json': 1}
2025-12-12 00:01:00,414 - urllib3.connectionpool - DEBUG - https://oauth.reddit.com:443 "GET /user/Weirdy19/about/?raw_json=1 HTTP/1.1" 200 697
2025-12-12 00:01:00,415 - prawcore - DEBUG - Response: 200 (697 bytes) (rst-539:rem-923.0:used-77 ratelimit) at 1765508460.415908
2025-12-12 00:01:00,421 - prawcore - DEBUG - Fetching: GET https://oauth.reddit.com/r/hardwarebrasil/about/ at 1765508460.421443
2025-12-12 00:01:00,421 - prawcore - DEBUG - Data: None
2025-12-12 00:01:00,421 - prawcore - DEBUG - Params: {'raw_json': 1}
2025-12-12 00:01:00,612 - urllib3.connectionpool - DEBUG - https://oauth.reddit.com:443 "GET /r/hardwarebrasil/about/?raw_json=1 HTTP/1.1" 200 1475
2025-12-12 00:01:00,616 - prawcore - DEBUG - Response: 200 (1475 bytes) (rst-539:rem-922.0:used-78 ratelimit) at 1765508460.6158762
2025-12-12 00:01:00,617 - prawcore - DEBUG - Fetching: GET https://oauth.reddit.com/user/Snoo-29909/about/ at 1765508460.617724
2025-12-12 00:01:00,617 - prawcore - DEBUG - Data: None
2025-12-12 00:01:00,621 - prawcore - DEBUG - Params: {'raw_json': 1}
2025-12-12 00:01:00,915 - urllib3.connectionpool - DEBUG - https://oauth.reddit.com:443 "GET /user/Snoo-29909/about/?raw_json=1 HTTP/1.1" 200 846
2025-12-12 00:01:00,916 - prawcore - DEBUG - Response: 200 (846 bytes) (rst-539:rem-921.0:used-79 ratelimit) at 1765508460.916285
2025-12-12 00:01:00,919 - prawcore - DEBUG - Fetching: GET https://oauth.reddit.com/r/2westerneurope4u/about/ at 1765508460.91979
2025-12-12 00:01:00,919 - prawcore - DEBUG - Data: None
2025-12-12 00:01:00,920 - prawcore - DEBUG - Params: {'raw_json': 1}
2025-12-12 00:01:01,120 - urllib3.connectionpool - DEBUG - https://oauth.reddit.com:443 "GET /r/2westerneurope4u/about/?raw_json=1 HTTP/1.1" 200 1618
2025-12-12 00:01:01,121 - prawcore - DEBUG - Response: 200 (1618 bytes) (rst-538:rem-920.0:used-80 ratelimit) at 1765508461.121797
2025-12-12 00:01:01,122 - prawcore - DEBUG - Fetching: GET https://oauth.reddit.com/user/boomerintown/about/ at 1765508461.122355
2025-12-12 00:01:01,122 - prawcore - DEBUG - Data: None
2025-12-12 00:01:01,122 - prawcore - DEBUG - Params: {'raw_json': 1}
2025-12-12 00:01:01,330 - urllib3.connectionpool - DEBUG - https://oauth.reddit.com:443 "GET /user/boomerintown/about/?raw_json=1 HTTP/1.1" 200 824
2025-12-12 00:01:01,331 - prawcore - DEBUG - Response: 200 (824 bytes) (rst-538:rem-919.0:used-81 ratelimit) at 1765508461.3310971
2025-12-12 00:01:01,333 - prawcore - DEBUG - Fetching: GET https://oauth.reddit.com/r/computadores/about/ at 1765508461.333739
2025-12-12 00:01:01,333 - prawcore - DEBUG - Data: None
2025-12-12 00:01:01,333 - prawcore - DEBUG - Params: {'raw_json': 1}
2025-12-12 00:01:01,531 - urllib3.connectionpool - DEBUG - https://oauth.reddit.com:443 "GET /r/computadores/about/?raw_json=1 HTTP/1.1" 200 1331
2025-12-12 00:01:01,532 - prawcore - DEBUG - Response: 200 (1331 bytes) (rst-538:rem-918.0:used-82 ratelimit) at 1765508461.532775
2025-12-12 00:01:01,533 - prawcore - DEBUG - Fetching: GET https://oauth.reddit.com/user/Victorpinho0/about/ at 1765508461.533348
2025-12-12 00:01:01,533 - prawcore - DEBUG - Data: None
2025-12-12 00:01:01,533 - prawcore - DEBUG - Params: {'raw_json': 1}
2025-12-12 00:01:01,751 - urllib3.connectionpool - DEBUG - https://oauth.reddit.com:443 "GET /user/Victorpinho0/about/?raw_json=1 HTTP/1.1" 200 697
2025-12-12 00:01:01,751 - prawcore - DEBUG - Response: 200 (697 bytes) (rst-538:rem-917.0:used-83 ratelimit) at 1765508461.751795
2025-12-12 00:01:01,753 - prawcore - DEBUG - Fetching: GET https://oauth.reddit.com/r/Austria/about/ at 1765508461.7535942
2025-12-12 00:01:01,753 - prawcore - DEBUG - Data: None
2025-12-12 00:01:01,753 - prawcore - DEBUG - Params: {'raw_json': 1}
2025-12-12 00:01:01,953 - urllib3.connectionpool - DEBUG - https://oauth.reddit.com:443 "GET /r/Austria/about/?raw_json=1 HTTP/1.1" 200 2263
2025-12-12 00:01:01,954 - prawcore - DEBUG - Response: 200 (2263 bytes) (rst-538:rem-916.0:used-84 ratelimit) at 1765508461.954838
2025-12-12 00:01:01,955 - prawcore - DEBUG - Fetching: GET https://oauth.reddit.com/user/Vic-Ier/about/ at 1765508461.955447
2025-12-12 00:01:01,955 - prawcore - DEBUG - Data: None
2025-12-12 00:01:01,955 - prawcore - DEBUG - Params: {'raw_json': 1}
2025-12-12 00:01:02,150 - urllib3.connectionpool - DEBUG - https://oauth.reddit.com:443 "GET /user/Vic-Ier/about/?raw_json=1 HTTP/1.1" 200 704
2025-12-12 00:01:02,151 - prawcore - DEBUG - Response: 200 (704 bytes) (rst-537:rem-915.0:used-85 ratelimit) at 1765508462.151148
2025-12-12 00:01:02,152 - prawcore - DEBUG - Fetching: GET https://oauth.reddit.com/r/scheissaufnbilla/about/ at 1765508462.152693
2025-12-12 00:01:02,152 - prawcore - DEBUG - Data: None
2025-12-12 00:01:02,152 - prawcore - DEBUG - Params: {'raw_json': 1}
2025-12-12 00:01:02,351 - urllib3.connectionpool - DEBUG - https://oauth.reddit.com:443 "GET /r/scheissaufnbilla/about/?raw_json=1 HTTP/1.1" 200 1421
2025-12-12 00:01:02,352 - prawcore - DEBUG - Response: 200 (1421 bytes) (rst-537:rem-914.0:used-86 ratelimit) at 1765508462.3520389
2025-12-12 00:01:02,352 - prawcore - DEBUG - Fetching: GET https://oauth.reddit.com/user/ValliMallli/about/ at 1765508462.352598
2025-12-12 00:01:02,352 - prawcore - DEBUG - Data: None
2025-12-12 00:01:02,352 - prawcore - DEBUG - Params: {'raw_json': 1}
2025-12-12 00:01:02,561 - urllib3.connectionpool - DEBUG - https://oauth.reddit.com:443 "GET /user/ValliMallli/about/?raw_json=1 HTTP/1.1" 200 766
2025-12-12 00:01:02,562 - prawcore - DEBUG - Response: 200 (766 bytes) (rst-537:rem-913.0:used-87 ratelimit) at 1765508462.5625181
2025-12-12 00:01:02,563 - prawcore - DEBUG - Fetching: GET https://oauth.reddit.com/r/BitcoinBrasil/about/ at 1765508462.563935
2025-12-12 00:01:02,564 - prawcore - DEBUG - Data: None
2025-12-12 00:01:02,564 - prawcore - DEBUG - Params: {'raw_json': 1}
2025-12-12 00:01:02,782 - urllib3.connectionpool - DEBUG - https://oauth.reddit.com:443 "GET /r/BitcoinBrasil/about/?raw_json=1 HTTP/1.1" 200 1643
2025-12-12 00:01:02,782 - prawcore - DEBUG - Response: 200 (1643 bytes) (rst-537:rem-912.0:used-88 ratelimit) at 1765508462.7828312
2025-12-12 00:01:02,783 - prawcore - DEBUG - Fetching: GET https://oauth.reddit.com/user/Samuelakacwjevskay/about/ at 1765508462.7830951
2025-12-12 00:01:02,783 - prawcore - DEBUG - Data: None
2025-12-12 00:01:02,783 - prawcore - DEBUG - Params: {'raw_json': 1}
2025-12-12 00:01:02,986 - urllib3.connectionpool - DEBUG - https://oauth.reddit.com:443 "GET /user/Samuelakacwjevskay/about/?raw_json=1 HTTP/1.1" 200 875
2025-12-12 00:01:02,986 - prawcore - DEBUG - Response: 200 (875 bytes) (rst-537:rem-911.0:used-89 ratelimit) at 1765508462.986731
2025-12-12 00:01:02,988 - prawcore - DEBUG - Fetching: GET https://oauth.reddit.com/r/indonesia/about/ at 1765508462.9880772
2025-12-12 00:01:02,988 - prawcore - DEBUG - Data: None
2025-12-12 00:01:02,988 - prawcore - DEBUG - Params: {'raw_json': 1}
2025-12-12 00:01:03,187 - urllib3.connectionpool - DEBUG - https://oauth.reddit.com:443 "GET /r/indonesia/about/?raw_json=1 HTTP/1.1" 200 5995
2025-12-12 00:01:03,188 - prawcore - DEBUG - Response: 200 (5995 bytes) (rst-536:rem-910.0:used-90 ratelimit) at 1765508463.188158
2025-12-12 00:01:03,188 - prawcore - DEBUG - Fetching: GET https://oauth.reddit.com/user/SanaKanae/about/ at 1765508463.188528
2025-12-12 00:01:03,188 - prawcore - DEBUG - Data: None
2025-12-12 00:01:03,188 - prawcore - DEBUG - Params: {'raw_json': 1}
2025-12-12 00:01:03,382 - urllib3.connectionpool - DEBUG - https://oauth.reddit.com:443 "GET /user/SanaKanae/about/?raw_json=1 HTTP/1.1" 200 860
2025-12-12 00:01:03,383 - prawcore - DEBUG - Response: 200 (860 bytes) (rst-536:rem-909.0:used-91 ratelimit) at 1765508463.383229
2025-12-12 00:01:03,384 - prawcore - DEBUG - Fetching: GET https://oauth.reddit.com/r/graz/about/ at 1765508463.3847418
2025-12-12 00:01:03,384 - prawcore - DEBUG - Data: None
2025-12-12 00:01:03,384 - prawcore - DEBUG - Params: {'raw_json': 1}
2025-12-12 00:01:03,581 - urllib3.connectionpool - DEBUG - https://oauth.reddit.com:443 "GET /r/graz/about/?raw_json=1 HTTP/1.1" 200 1758
2025-12-12 00:01:03,582 - prawcore - DEBUG - Response: 200 (1758 bytes) (rst-536:rem-908.0:used-92 ratelimit) at 1765508463.582129
2025-12-12 00:01:03,582 - prawcore - DEBUG - Fetching: GET https://oauth.reddit.com/user/Practical_Hurry_6850/about/ at 1765508463.582401
2025-12-12 00:01:03,582 - prawcore - DEBUG - Data: None
2025-12-12 00:01:03,582 - prawcore - DEBUG - Params: {'raw_json': 1}
2025-12-12 00:01:03,793 - urllib3.connectionpool - DEBUG - https://oauth.reddit.com:443 "GET /user/Practical_Hurry_6850/about/?raw_json=1 HTTP/1.1" 200 835
2025-12-12 00:01:03,794 - prawcore - DEBUG - Response: 200 (835 bytes) (rst-536:rem-907.0:used-93 ratelimit) at 1765508463.794125
2025-12-12 00:01:03,795 - prawcore - DEBUG - Fetching: GET https://oauth.reddit.com/r/BitcoinBrasil/about/ at 1765508463.7956831
2025-12-12 00:01:03,795 - prawcore - DEBUG - Data: None
2025-12-12 00:01:03,795 - prawcore - DEBUG - Params: {'raw_json': 1}
2025-12-12 00:01:03,990 - urllib3.connectionpool - DEBUG - https://oauth.reddit.com:443 "GET /r/BitcoinBrasil/about/?raw_json=1 HTTP/1.1" 200 1643
2025-12-12 00:01:03,991 - prawcore - DEBUG - Response: 200 (1643 bytes) (rst-536:rem-906.0:used-94 ratelimit) at 1765508463.9912279
2025-12-12 00:01:03,991 - prawcore - DEBUG - Fetching: GET https://oauth.reddit.com/user/Easy_Marionberry_830/about/ at 1765508463.9915369
2025-12-12 00:01:03,991 - prawcore - DEBUG - Data: None
2025-12-12 00:01:03,991 - prawcore - DEBUG - Params: {'raw_json': 1}
2025-12-12 00:01:04,205 - urllib3.connectionpool - DEBUG - https://oauth.reddit.com:443 "GET /user/Easy_Marionberry_830/about/?raw_json=1 HTTP/1.1" 200 878
2025-12-12 00:01:04,205 - prawcore - DEBUG - Response: 200 (878 bytes) (rst-535:rem-905.0:used-95 ratelimit) at 1765508464.2057211
2025-12-12 00:01:04,208 - prawcore - DEBUG - Fetching: GET https://oauth.reddit.com/r/graz/about/ at 1765508464.208011
2025-12-12 00:01:04,208 - prawcore - DEBUG - Data: None
2025-12-12 00:01:04,208 - prawcore - DEBUG - Params: {'raw_json': 1}
2025-12-12 00:01:04,404 - urllib3.connectionpool - DEBUG - https://oauth.reddit.com:443 "GET /r/graz/about/?raw_json=1 HTTP/1.1" 200 1758
2025-12-12 00:01:04,406 - prawcore - DEBUG - Response: 200 (1758 bytes) (rst-535:rem-904.0:used-96 ratelimit) at 1765508464.4069362
2025-12-12 00:01:04,408 - prawcore - DEBUG - Fetching: GET https://oauth.reddit.com/user/bobbledi/about/ at 1765508464.408031
2025-12-12 00:01:04,408 - prawcore - DEBUG - Data: None
2025-12-12 00:01:04,408 - prawcore - DEBUG - Params: {'raw_json': 1}
2025-12-12 00:01:04,609 - urllib3.connectionpool - DEBUG - https://oauth.reddit.com:443 "GET /user/bobbledi/about/?raw_json=1 HTTP/1.1" 200 690
2025-12-12 00:01:04,611 - prawcore - DEBUG - Response: 200 (690 bytes) (rst-535:rem-903.0:used-97 ratelimit) at 1765508464.611923
2025-12-12 00:01:04,615 - prawcore - DEBUG - Fetching: GET https://oauth.reddit.com/r/BitcoinBrasil/about/ at 1765508464.615773
2025-12-12 00:01:04,615 - prawcore - DEBUG - Data: None
2025-12-12 00:01:04,616 - prawcore - DEBUG - Params: {'raw_json': 1}
2025-12-12 00:01:04,815 - urllib3.connectionpool - DEBUG - https://oauth.reddit.com:443 "GET /r/BitcoinBrasil/about/?raw_json=1 HTTP/1.1" 200 1643
2025-12-12 00:01:04,817 - prawcore - DEBUG - Response: 200 (1643 bytes) (rst-535:rem-902.0:used-98 ratelimit) at 1765508464.81704
2025-12-12 00:01:04,818 - prawcore - DEBUG - Fetching: GET https://oauth.reddit.com/user/Luccafol/about/ at 1765508464.818125
2025-12-12 00:01:04,818 - prawcore - DEBUG - Data: None
2025-12-12 00:01:04,818 - prawcore - DEBUG - Params: {'raw_json': 1}
2025-12-12 00:01:05,030 - urllib3.connectionpool - DEBUG - https://oauth.reddit.com:443 "GET /user/Luccafol/about/?raw_json=1 HTTP/1.1" 200 689
2025-12-12 00:01:05,032 - prawcore - DEBUG - Response: 200 (689 bytes) (rst-535:rem-901.0:used-99 ratelimit) at 1765508465.0321229
2025-12-12 00:01:05,035 - prawcore - DEBUG - Fetching: GET https://oauth.reddit.com/r/KpopDemonhunters/about/ at 1765508465.0357141
2025-12-12 00:01:05,035 - prawcore - DEBUG - Data: None
2025-12-12 00:01:05,036 - prawcore - DEBUG - Params: {'raw_json': 1}
2025-12-12 00:01:05,233 - urllib3.connectionpool - DEBUG - https://oauth.reddit.com:443 "GET /r/KpopDemonhunters/about/?raw_json=1 HTTP/1.1" 200 6491
2025-12-12 00:01:05,235 - prawcore - DEBUG - Response: 200 (6491 bytes) (rst-534:rem-900.0:used-100 ratelimit) at 1765508465.235981
2025-12-12 00:01:05,237 - prawcore - DEBUG - Fetching: GET https://oauth.reddit.com/user/ProtoChan44/about/ at 1765508465.237109
2025-12-12 00:01:05,237 - prawcore - DEBUG - Data: None
2025-12-12 00:01:05,237 - prawcore - DEBUG - Params: {'raw_json': 1}
2025-12-12 00:01:05,443 - urllib3.connectionpool - DEBUG - https://oauth.reddit.com:443 "GET /user/ProtoChan44/about/?raw_json=1 HTTP/1.1" 200 837
2025-12-12 00:01:05,445 - prawcore - DEBUG - Response: 200 (837 bytes) (rst-534:rem-899.0:used-101 ratelimit) at 1765508465.4450939
2025-12-12 00:01:05,449 - prawcore - DEBUG - Fetching: GET https://oauth.reddit.com/r/hardwarebrasil/about/ at 1765508465.449136
2025-12-12 00:01:05,449 - prawcore - DEBUG - Data: None
2025-12-12 00:01:05,449 - prawcore - DEBUG - Params: {'raw_json': 1}
2025-12-12 00:01:05,641 - urllib3.connectionpool - DEBUG - https://oauth.reddit.com:443 "GET /r/hardwarebrasil/about/?raw_json=1 HTTP/1.1" 200 1475
2025-12-12 00:01:05,643 - prawcore - DEBUG - Response: 200 (1475 bytes) (rst-534:rem-898.0:used-102 ratelimit) at 1765508465.64336
2025-12-12 00:01:05,644 - prawcore - DEBUG - Fetching: GET https://oauth.reddit.com/user/Victorpinho0/about/ at 1765508465.6444101
2025-12-12 00:01:05,644 - prawcore - DEBUG - Data: None
2025-12-12 00:01:05,644 - prawcore - DEBUG - Params: {'raw_json': 1}
2025-12-12 00:01:05,842 - urllib3.connectionpool - DEBUG - https://oauth.reddit.com:443 "GET /user/Victorpinho0/about/?raw_json=1 HTTP/1.1" 200 697
2025-12-12 00:01:05,843 - prawcore - DEBUG - Response: 200 (697 bytes) (rst-534:rem-897.0:used-103 ratelimit) at 1765508465.843585
2025-12-12 00:01:05,847 - prawcore - DEBUG - Fetching: GET https://oauth.reddit.com/r/KpopDemonhunters/about/ at 1765508465.847735
2025-12-12 00:01:05,847 - prawcore - DEBUG - Data: None
2025-12-12 00:01:05,847 - prawcore - DEBUG - Params: {'raw_json': 1}
2025-12-12 00:01:06,062 - urllib3.connectionpool - DEBUG - https://oauth.reddit.com:443 "GET /r/KpopDemonhunters/about/?raw_json=1 HTTP/1.1" 200 6491
2025-12-12 00:01:06,065 - prawcore - DEBUG - Response: 200 (6491 bytes) (rst-534:rem-896.0:used-104 ratelimit) at 1765508466.0651038
2025-12-12 00:01:06,065 - prawcore - DEBUG - Fetching: GET https://oauth.reddit.com/user/Particular-Rain116/about/ at 1765508466.065753
2025-12-12 00:01:06,065 - prawcore - DEBUG - Data: None
2025-12-12 00:01:06,065 - prawcore - DEBUG - Params: {'raw_json': 1}
2025-12-12 00:01:06,268 - urllib3.connectionpool - DEBUG - https://oauth.reddit.com:443 "GET /user/Particular-Rain116/about/?raw_json=1 HTTP/1.1" 200 1092
2025-12-12 00:01:06,270 - prawcore - DEBUG - Response: 200 (1092 bytes) (rst-533:rem-895.0:used-105 ratelimit) at 1765508466.27021
2025-12-12 00:01:06,273 - prawcore - DEBUG - Fetching: GET https://oauth.reddit.com/r/criptomoedas/about/ at 1765508466.2738502
2025-12-12 00:01:06,274 - prawcore - DEBUG - Data: None
2025-12-12 00:01:06,274 - prawcore - DEBUG - Params: {'raw_json': 1}
2025-12-12 00:01:06,475 - urllib3.connectionpool - DEBUG - https://oauth.reddit.com:443 "GET /r/criptomoedas/about/?raw_json=1 HTTP/1.1" 200 1398
2025-12-12 00:01:06,476 - prawcore - DEBUG - Response: 200 (1398 bytes) (rst-533:rem-894.0:used-106 ratelimit) at 1765508466.4766111
2025-12-12 00:01:06,477 - prawcore - DEBUG - Fetching: GET https://oauth.reddit.com/user/PrimarySpiritual9341/about/ at 1765508466.477611
2025-12-12 00:01:06,477 - prawcore - DEBUG - Data: None
2025-12-12 00:01:06,477 - prawcore - DEBUG - Params: {'raw_json': 1}
2025-12-12 00:01:06,698 - urllib3.connectionpool - DEBUG - https://oauth.reddit.com:443 "GET /user/PrimarySpiritual9341/about/?raw_json=1 HTTP/1.1" 200 882
2025-12-12 00:01:06,699 - prawcore - DEBUG - Response: 200 (882 bytes) (rst-533:rem-893.0:used-107 ratelimit) at 1765508466.699483
2025-12-12 00:01:06,703 - prawcore - DEBUG - Fetching: GET https://oauth.reddit.com/r/plazaPodemos_Noticias/about/ at 1765508466.703659
2025-12-12 00:01:06,703 - prawcore - DEBUG - Data: None
2025-12-12 00:01:06,704 - prawcore - DEBUG - Params: {'raw_json': 1}
2025-12-12 00:01:06,907 - urllib3.connectionpool - DEBUG - https://oauth.reddit.com:443 "GET /r/plazaPodemos_Noticias/about/?raw_json=1 HTTP/1.1" 200 1697
2025-12-12 00:01:06,909 - prawcore - DEBUG - Response: 200 (1697 bytes) (rst-533:rem-892.0:used-108 ratelimit) at 1765508466.9092789
2025-12-12 00:01:06,910 - prawcore - DEBUG - Fetching: GET https://oauth.reddit.com/user/alforo_/about/ at 1765508466.91008
2025-12-12 00:01:06,910 - prawcore - DEBUG - Data: None
2025-12-12 00:01:06,910 - prawcore - DEBUG - Params: {'raw_json': 1}
2025-12-12 00:01:07,435 - urllib3.connectionpool - DEBUG - https://oauth.reddit.com:443 "GET /user/alforo_/about/?raw_json=1 HTTP/1.1" 200 890
2025-12-12 00:01:07,436 - prawcore - DEBUG - Response: 200 (890 bytes) (rst-532:rem-891.0:used-109 ratelimit) at 1765508467.4364119
2025-12-12 00:01:07,438 - prawcore - DEBUG - Fetching: GET https://oauth.reddit.com/r/LittleCaesars/about/ at 1765508467.43843
2025-12-12 00:01:07,438 - prawcore - DEBUG - Data: None
2025-12-12 00:01:07,438 - prawcore - DEBUG - Params: {'raw_json': 1}
2025-12-12 00:01:07,627 - urllib3.connectionpool - DEBUG - https://oauth.reddit.com:443 "GET /r/LittleCaesars/about/?raw_json=1 HTTP/1.1" 200 1766
2025-12-12 00:01:07,628 - prawcore - DEBUG - Response: 200 (1766 bytes) (rst-532:rem-890.0:used-110 ratelimit) at 1765508467.6283479
2025-12-12 00:01:07,628 - prawcore - DEBUG - Fetching: GET https://oauth.reddit.com/user/MaintenanceNo4222/about/ at 1765508467.6289768
2025-12-12 00:01:07,629 - prawcore - DEBUG - Data: None
2025-12-12 00:01:07,629 - prawcore - DEBUG - Params: {'raw_json': 1}
2025-12-12 00:01:07,837 - urllib3.connectionpool - DEBUG - https://oauth.reddit.com:443 "GET /user/MaintenanceNo4222/about/?raw_json=1 HTTP/1.1" 200 832
2025-12-12 00:01:07,839 - prawcore - DEBUG - Response: 200 (832 bytes) (rst-532:rem-889.0:used-111 ratelimit) at 1765508467.839011
2025-12-12 00:01:07,842 - prawcore - DEBUG - Fetching: GET https://oauth.reddit.com/r/Namibia/about/ at 1765508467.842617
2025-12-12 00:01:07,842 - prawcore - DEBUG - Data: None
2025-12-12 00:01:07,842 - prawcore - DEBUG - Params: {'raw_json': 1}
2025-12-12 00:01:08,037 - urllib3.connectionpool - DEBUG - https://oauth.reddit.com:443 "GET /r/Namibia/about/?raw_json=1 HTTP/1.1" 200 1518
2025-12-12 00:01:08,041 - prawcore - DEBUG - Response: 200 (1518 bytes) (rst-532:rem-888.0:used-112 ratelimit) at 1765508468.041539
2025-12-12 00:01:08,042 - prawcore - DEBUG - Fetching: GET https://oauth.reddit.com/user/PirateDue2301/about/ at 1765508468.0424051
2025-12-12 00:01:08,042 - prawcore - DEBUG - Data: None
2025-12-12 00:01:08,042 - prawcore - DEBUG - Params: {'raw_json': 1}
2025-12-12 00:01:08,247 - urllib3.connectionpool - DEBUG - https://oauth.reddit.com:443 "GET /user/PirateDue2301/about/?raw_json=1 HTTP/1.1" 200 697
2025-12-12 00:01:08,248 - prawcore - DEBUG - Response: 200 (697 bytes) (rst-531:rem-887.0:used-113 ratelimit) at 1765508468.248357
2025-12-12 00:01:08,252 - prawcore - DEBUG - Fetching: GET https://oauth.reddit.com/r/pchelp/about/ at 1765508468.2523189
2025-12-12 00:01:08,252 - prawcore - DEBUG - Data: None
2025-12-12 00:01:08,252 - prawcore - DEBUG - Params: {'raw_json': 1}
2025-12-12 00:01:08,441 - urllib3.connectionpool - DEBUG - https://oauth.reddit.com:443 "GET /r/pchelp/about/?raw_json=1 HTTP/1.1" 200 1443
2025-12-12 00:01:08,443 - prawcore - DEBUG - Response: 200 (1443 bytes) (rst-531:rem-886.0:used-114 ratelimit) at 1765508468.44335
2025-12-12 00:01:08,444 - prawcore - DEBUG - Fetching: GET https://oauth.reddit.com/user/Victorpinho0/about/ at 1765508468.444115
2025-12-12 00:01:08,444 - prawcore - DEBUG - Data: None
2025-12-12 00:01:08,444 - prawcore - DEBUG - Params: {'raw_json': 1}
2025-12-12 00:01:08,643 - urllib3.connectionpool - DEBUG - https://oauth.reddit.com:443 "GET /user/Victorpinho0/about/?raw_json=1 HTTP/1.1" 200 697
2025-12-12 00:01:08,644 - prawcore - DEBUG - Response: 200 (697 bytes) (rst-531:rem-885.0:used-115 ratelimit) at 1765508468.644226
2025-12-12 00:01:08,647 - prawcore - DEBUG - Fetching: GET https://oauth.reddit.com/r/computadores/about/ at 1765508468.6477451
2025-12-12 00:01:08,647 - prawcore - DEBUG - Data: None
2025-12-12 00:01:08,648 - prawcore - DEBUG - Params: {'raw_json': 1}
2025-12-12 00:01:08,847 - urllib3.connectionpool - DEBUG - https://oauth.reddit.com:443 "GET /r/computadores/about/?raw_json=1 HTTP/1.1" 200 1331
2025-12-12 00:01:08,848 - prawcore - DEBUG - Response: 200 (1331 bytes) (rst-531:rem-884.0:used-116 ratelimit) at 1765508468.84897
2025-12-12 00:01:08,849 - prawcore - DEBUG - Fetching: GET https://oauth.reddit.com/user/Esguicho762/about/ at 1765508468.849677
2025-12-12 00:01:08,849 - prawcore - DEBUG - Data: None
2025-12-12 00:01:08,849 - prawcore - DEBUG - Params: {'raw_json': 1}
2025-12-12 00:01:08,850 - prawcore - DEBUG - Sleeping: 0.60 seconds prior to call
2025-12-12 00:01:09,676 - urllib3.connectionpool - DEBUG - https://oauth.reddit.com:443 "GET /user/Esguicho762/about/?raw_json=1 HTTP/1.1" 200 722
2025-12-12 00:01:09,678 - prawcore - DEBUG - Response: 200 (722 bytes) (rst-530:rem-883.0:used-117 ratelimit) at 1765508469.678441
2025-12-12 00:01:09,682 - prawcore - DEBUG - Fetching: GET https://oauth.reddit.com/r/BitcoinBrasil/about/ at 1765508469.682251
2025-12-12 00:01:09,682 - prawcore - DEBUG - Data: None
2025-12-12 00:01:09,682 - prawcore - DEBUG - Params: {'raw_json': 1}
2025-12-12 00:01:09,683 - prawcore - DEBUG - Sleeping: 0.20 seconds prior to call
2025-12-12 00:01:10,088 - urllib3.connectionpool - DEBUG - https://oauth.reddit.com:443 "GET /r/BitcoinBrasil/about/?raw_json=1 HTTP/1.1" 200 1643
2025-12-12 00:01:10,089 - prawcore - DEBUG - Response: 200 (1643 bytes) (rst-530:rem-882.0:used-118 ratelimit) at 1765508470.0895302
2025-12-12 00:01:10,090 - prawcore - DEBUG - Fetching: GET https://oauth.reddit.com/user/White_Chess/about/ at 1765508470.090152
2025-12-12 00:01:10,090 - prawcore - DEBUG - Data: None
2025-12-12 00:01:10,090 - prawcore - DEBUG - Params: {'raw_json': 1}
2025-12-12 00:01:10,090 - prawcore - DEBUG - Sleeping: 0.80 seconds prior to call
2025-12-12 00:01:11,111 - urllib3.connectionpool - DEBUG - https://oauth.reddit.com:443 "GET /user/White_Chess/about/?raw_json=1 HTTP/1.1" 200 942
2025-12-12 00:01:11,113 - prawcore - DEBUG - Response: 200 (942 bytes) (rst-528:rem-881.0:used-119 ratelimit) at 1765508471.1136599
2025-12-12 00:01:11,122 - prawcore - DEBUG - Fetching: GET https://oauth.reddit.com/r/painting/about/ at 1765508471.122135
2025-12-12 00:01:11,122 - prawcore - DEBUG - Data: None
2025-12-12 00:01:11,122 - prawcore - DEBUG - Params: {'raw_json': 1}
2025-12-12 00:01:11,319 - urllib3.connectionpool - DEBUG - https://oauth.reddit.com:443 "GET /r/painting/about/?raw_json=1 HTTP/1.1" 200 3816
2025-12-12 00:01:11,320 - prawcore - DEBUG - Response: 200 (3816 bytes) (rst-528:rem-880.0:used-120 ratelimit) at 1765508471.320971
2025-12-12 00:01:11,321 - prawcore - DEBUG - Fetching: GET https://oauth.reddit.com/user/JuliaStankevych/about/ at 1765508471.321781
2025-12-12 00:01:11,321 - prawcore - DEBUG - Data: None
2025-12-12 00:01:11,322 - prawcore - DEBUG - Params: {'raw_json': 1}
2025-12-12 00:01:11,528 - urllib3.connectionpool - DEBUG - https://oauth.reddit.com:443 "GET /user/JuliaStankevych/about/?raw_json=1 HTTP/1.1" 200 872
2025-12-12 00:01:11,530 - prawcore - DEBUG - Response: 200 (872 bytes) (rst-528:rem-879.0:used-121 ratelimit) at 1765508471.530421
2025-12-12 00:01:11,535 - prawcore - DEBUG - Fetching: GET https://oauth.reddit.com/r/privacy/about/ at 1765508471.53511
2025-12-12 00:01:11,537 - prawcore - DEBUG - Data: None
2025-12-12 00:01:11,537 - prawcore - DEBUG - Params: {'raw_json': 1}
2025-12-12 00:01:11,537 - prawcore - DEBUG - Sleeping: 0.59 seconds prior to call
2025-12-12 00:01:12,325 - urllib3.connectionpool - DEBUG - https://oauth.reddit.com:443 "GET /r/privacy/about/?raw_json=1 HTTP/1.1" 200 2864
2025-12-12 00:01:12,326 - prawcore - DEBUG - Response: 200 (2864 bytes) (rst-527:rem-878.0:used-122 ratelimit) at 1765508472.326837
2025-12-12 00:01:12,327 - prawcore - DEBUG - Fetching: GET https://oauth.reddit.com/user/arthurpeer/about/ at 1765508472.32773
2025-12-12 00:01:12,327 - prawcore - DEBUG - Data: None
2025-12-12 00:01:12,328 - prawcore - DEBUG - Params: {'raw_json': 1}
2025-12-12 00:01:12,328 - prawcore - DEBUG - Sleeping: 0.20 seconds prior to call
2025-12-12 00:01:12,749 - urllib3.connectionpool - DEBUG - https://oauth.reddit.com:443 "GET /user/arthurpeer/about/?raw_json=1 HTTP/1.1" 200 821
2025-12-12 00:01:12,750 - prawcore - DEBUG - Response: 200 (821 bytes) (rst-527:rem-877.0:used-123 ratelimit) at 1765508472.7506618
2025-12-12 00:01:12,753 - prawcore - DEBUG - Fetching: GET https://oauth.reddit.com/r/LittleCaesars/about/ at 1765508472.753969
2025-12-12 00:01:12,754 - prawcore - DEBUG - Data: None
2025-12-12 00:01:12,754 - prawcore - DEBUG - Params: {'raw_json': 1}
2025-12-12 00:01:12,754 - prawcore - DEBUG - Sleeping: 0.80 seconds prior to call
2025-12-12 00:01:13,759 - urllib3.connectionpool - DEBUG - https://oauth.reddit.com:443 "GET /r/LittleCaesars/about/?raw_json=1 HTTP/1.1" 200 1766
2025-12-12 00:01:13,761 - prawcore - DEBUG - Response: 200 (1766 bytes) (rst-526:rem-876.0:used-124 ratelimit) at 1765508473.761007
2025-12-12 00:01:13,761 - prawcore - DEBUG - Fetching: GET https://oauth.reddit.com/user/Remarkable-Angle6415/about/ at 1765508473.7619221
2025-12-12 00:01:13,762 - prawcore - DEBUG - Data: None
2025-12-12 00:01:13,762 - prawcore - DEBUG - Params: {'raw_json': 1}
2025-12-12 00:01:13,762 - prawcore - DEBUG - Sleeping: 0.40 seconds prior to call
2025-12-12 00:01:14,386 - urllib3.connectionpool - DEBUG - https://oauth.reddit.com:443 "GET /user/Remarkable-Angle6415/about/?raw_json=1 HTTP/1.1" 200 707
2025-12-12 00:01:14,387 - prawcore - DEBUG - Response: 200 (707 bytes) (rst-525:rem-875.0:used-125 ratelimit) at 1765508474.3877702
2025-12-12 00:01:14,392 - prawcore - DEBUG - Fetching: GET https://oauth.reddit.com/r/BitcoinBrasil/about/ at 1765508474.392834
2025-12-12 00:01:14,393 - prawcore - DEBUG - Data: None
2025-12-12 00:01:14,393 - prawcore - DEBUG - Params: {'raw_json': 1}
2025-12-12 00:01:14,587 - urllib3.connectionpool - DEBUG - https://oauth.reddit.com:443 "GET /r/BitcoinBrasil/about/?raw_json=1 HTTP/1.1" 200 1643
2025-12-12 00:01:14,588 - prawcore - DEBUG - Response: 200 (1643 bytes) (rst-525:rem-874.0:used-126 ratelimit) at 1765508474.588702
2025-12-12 00:01:14,590 - prawcore - DEBUG - Fetching: GET https://oauth.reddit.com/user/Electrical_Canary275/about/ at 1765508474.590184
2025-12-12 00:01:14,590 - prawcore - DEBUG - Data: None
2025-12-12 00:01:14,591 - prawcore - DEBUG - Params: {'raw_json': 1}
2025-12-12 00:01:14,591 - prawcore - DEBUG - Sleeping: 0.60 seconds prior to call
2025-12-12 00:01:15,395 - urllib3.connectionpool - DEBUG - https://oauth.reddit.com:443 "GET /user/Electrical_Canary275/about/?raw_json=1 HTTP/1.1" 200 703
2025-12-12 00:01:15,396 - prawcore - DEBUG - Response: 200 (703 bytes) (rst-524:rem-873.0:used-127 ratelimit) at 1765508475.396308
2025-12-12 00:01:15,399 - prawcore - DEBUG - Fetching: GET https://oauth.reddit.com/r/PipaChineseLutes/about/ at 1765508475.3997371
2025-12-12 00:01:15,400 - prawcore - DEBUG - Data: None
2025-12-12 00:01:15,400 - prawcore - DEBUG - Params: {'raw_json': 1}
2025-12-12 00:01:15,400 - prawcore - DEBUG - Sleeping: 0.20 seconds prior to call
2025-12-12 00:01:15,797 - urllib3.connectionpool - DEBUG - https://oauth.reddit.com:443 "GET /r/PipaChineseLutes/about/?raw_json=1 HTTP/1.1" 200 1601
2025-12-12 00:01:15,799 - prawcore - DEBUG - Response: 200 (1601 bytes) (rst-524:rem-872.0:used-128 ratelimit) at 1765508475.799099
2025-12-12 00:01:15,799 - prawcore - DEBUG - Fetching: GET https://oauth.reddit.com/user/roaminjoe/about/ at 1765508475.799855
2025-12-12 00:01:15,799 - prawcore - DEBUG - Data: None
2025-12-12 00:01:15,800 - prawcore - DEBUG - Params: {'raw_json': 1}
2025-12-12 00:01:15,800 - prawcore - DEBUG - Sleeping: 0.80 seconds prior to call
2025-12-12 00:01:16,832 - urllib3.connectionpool - DEBUG - https://oauth.reddit.com:443 "GET /user/roaminjoe/about/?raw_json=1 HTTP/1.1" 200 766
2025-12-12 00:01:16,834 - prawcore - DEBUG - Response: 200 (766 bytes) (rst-523:rem-871.0:used-129 ratelimit) at 1765508476.8342028
2025-12-12 00:01:16,838 - prawcore - DEBUG - Fetching: GET https://oauth.reddit.com/r/BitcoinBrasil/about/ at 1765508476.838149
2025-12-12 00:01:16,838 - prawcore - DEBUG - Data: None
2025-12-12 00:01:16,838 - prawcore - DEBUG - Params: {'raw_json': 1}
2025-12-12 00:01:16,838 - prawcore - DEBUG - Sleeping: 0.40 seconds prior to call
2025-12-12 00:01:17,446 - urllib3.connectionpool - DEBUG - https://oauth.reddit.com:443 "GET /r/BitcoinBrasil/about/?raw_json=1 HTTP/1.1" 200 1643
2025-12-12 00:01:17,448 - prawcore - DEBUG - Response: 200 (1643 bytes) (rst-522:rem-870.0:used-130 ratelimit) at 1765508477.4483252
2025-12-12 00:01:17,448 - prawcore - DEBUG - Fetching: GET https://oauth.reddit.com/user/Ducross04/about/ at 1765508477.448713
2025-12-12 00:01:17,448 - prawcore - DEBUG - Data: None
2025-12-12 00:01:17,448 - prawcore - DEBUG - Params: {'raw_json': 1}
2025-12-12 00:01:17,708 - urllib3.connectionpool - DEBUG - https://oauth.reddit.com:443 "GET /user/Ducross04/about/?raw_json=1 HTTP/1.1" 200 772
2025-12-12 00:01:17,710 - prawcore - DEBUG - Response: 200 (772 bytes) (rst-522:rem-869.0:used-131 ratelimit) at 1765508477.71036
2025-12-12 00:01:17,715 - prawcore - DEBUG - Fetching: GET https://oauth.reddit.com/r/classactions/about/ at 1765508477.7154508
2025-12-12 00:01:17,715 - prawcore - DEBUG - Data: None
2025-12-12 00:01:17,715 - prawcore - DEBUG - Params: {'raw_json': 1}
2025-12-12 00:01:17,715 - prawcore - DEBUG - Sleeping: 0.59 seconds prior to call
2025-12-12 00:01:18,516 - urllib3.connectionpool - DEBUG - https://oauth.reddit.com:443 "GET /r/classactions/about/?raw_json=1 HTTP/1.1" 200 1637
2025-12-12 00:01:18,517 - prawcore - DEBUG - Response: 200 (1637 bytes) (rst-521:rem-868.0:used-132 ratelimit) at 1765508478.5177531
2025-12-12 00:01:18,518 - prawcore - DEBUG - Fetching: GET https://oauth.reddit.com/user/Cyrone007/about/ at 1765508478.51841
2025-12-12 00:01:18,518 - prawcore - DEBUG - Data: None
2025-12-12 00:01:18,518 - prawcore - DEBUG - Params: {'raw_json': 1}
2025-12-12 00:01:18,518 - prawcore - DEBUG - Sleeping: 0.20 seconds prior to call
2025-12-12 00:01:18,928 - urllib3.connectionpool - DEBUG - https://oauth.reddit.com:443 "GET /user/Cyrone007/about/?raw_json=1 HTTP/1.1" 200 819
2025-12-12 00:01:18,930 - prawcore - DEBUG - Response: 200 (819 bytes) (rst-521:rem-867.0:used-133 ratelimit) at 1765508478.930212
2025-12-12 00:01:18,933 - prawcore - DEBUG - Fetching: GET https://oauth.reddit.com/r/okoidawappler/about/ at 1765508478.933568
2025-12-12 00:01:18,933 - prawcore - DEBUG - Data: None
2025-12-12 00:01:18,933 - prawcore - DEBUG - Params: {'raw_json': 1}
2025-12-12 00:01:18,934 - prawcore - DEBUG - Sleeping: 0.80 seconds prior to call
2025-12-12 00:01:19,932 - urllib3.connectionpool - DEBUG - https://oauth.reddit.com:443 "GET /r/okoidawappler/about/?raw_json=1 HTTP/1.1" 200 2072
2025-12-12 00:01:19,934 - prawcore - DEBUG - Response: 200 (2072 bytes) (rst-520:rem-866.0:used-134 ratelimit) at 1765508479.934156
2025-12-12 00:01:19,934 - prawcore - DEBUG - Fetching: GET https://oauth.reddit.com/user/Ennjayne/about/ at 1765508479.934848
2025-12-12 00:01:19,934 - prawcore - DEBUG - Data: None
2025-12-12 00:01:19,935 - prawcore - DEBUG - Params: {'raw_json': 1}
2025-12-12 00:01:19,935 - prawcore - DEBUG - Sleeping: 0.40 seconds prior to call
2025-12-12 00:01:20,531 - urllib3.connectionpool - DEBUG - https://oauth.reddit.com:443 "GET /user/Ennjayne/about/?raw_json=1 HTTP/1.1" 200 698
2025-12-12 00:01:20,532 - prawcore - DEBUG - Response: 200 (698 bytes) (rst-519:rem-865.0:used-135 ratelimit) at 1765508480.532602
2025-12-12 00:01:20,536 - prawcore - DEBUG - Fetching: GET https://oauth.reddit.com/r/hardwarebrasil/about/ at 1765508480.536085
2025-12-12 00:01:20,536 - prawcore - DEBUG - Data: None
2025-12-12 00:01:20,536 - prawcore - DEBUG - Params: {'raw_json': 1}
2025-12-12 00:01:20,730 - urllib3.connectionpool - DEBUG - https://oauth.reddit.com:443 "GET /r/hardwarebrasil/about/?raw_json=1 HTTP/1.1" 200 1475
2025-12-12 00:01:20,732 - prawcore - DEBUG - Response: 200 (1475 bytes) (rst-519:rem-864.0:used-136 ratelimit) at 1765508480.7326689
2025-12-12 00:01:20,733 - prawcore - DEBUG - Fetching: GET https://oauth.reddit.com/user/Adventurous-Lime-172/about/ at 1765508480.733438
2025-12-12 00:01:20,733 - prawcore - DEBUG - Data: None
2025-12-12 00:01:20,733 - prawcore - DEBUG - Params: {'raw_json': 1}
2025-12-12 00:01:20,733 - prawcore - DEBUG - Sleeping: 0.60 seconds prior to call
2025-12-12 00:01:21,548 - urllib3.connectionpool - DEBUG - https://oauth.reddit.com:443 "GET /user/Adventurous-Lime-172/about/?raw_json=1 HTTP/1.1" 200 728
2025-12-12 00:01:21,549 - prawcore - DEBUG - Response: 200 (728 bytes) (rst-518:rem-863.0:used-137 ratelimit) at 1765508481.549292
2025-12-12 00:01:21,552 - prawcore - DEBUG - Fetching: GET https://oauth.reddit.com/r/InstrumentsfromChina/about/ at 1765508481.552593
2025-12-12 00:01:21,552 - prawcore - DEBUG - Data: None
2025-12-12 00:01:21,552 - prawcore - DEBUG - Params: {'raw_json': 1}
2025-12-12 00:01:21,552 - prawcore - DEBUG - Sleeping: 0.20 seconds prior to call
2025-12-12 00:01:21,952 - urllib3.connectionpool - DEBUG - https://oauth.reddit.com:443 "GET /r/InstrumentsfromChina/about/?raw_json=1 HTTP/1.1" 200 1360
2025-12-12 00:01:21,953 - prawcore - DEBUG - Response: 200 (1360 bytes) (rst-518:rem-862.0:used-138 ratelimit) at 1765508481.953656
2025-12-12 00:01:21,954 - prawcore - DEBUG - Fetching: GET https://oauth.reddit.com/user/roaminjoe/about/ at 1765508481.954222
2025-12-12 00:01:21,954 - prawcore - DEBUG - Data: None
2025-12-12 00:01:21,954 - prawcore - DEBUG - Params: {'raw_json': 1}
2025-12-12 00:01:21,954 - prawcore - DEBUG - Sleeping: 0.80 seconds prior to call
2025-12-12 00:01:22,958 - urllib3.connectionpool - DEBUG - https://oauth.reddit.com:443 "GET /user/roaminjoe/about/?raw_json=1 HTTP/1.1" 200 766
2025-12-12 00:01:22,960 - prawcore - DEBUG - Response: 200 (766 bytes) (rst-517:rem-861.0:used-139 ratelimit) at 1765508482.960243
2025-12-12 00:01:22,964 - prawcore - DEBUG - Fetching: GET https://oauth.reddit.com/r/BitcoinBrasil/about/ at 1765508482.963997
2025-12-12 00:01:22,964 - prawcore - DEBUG - Data: None
2025-12-12 00:01:22,964 - prawcore - DEBUG - Params: {'raw_json': 1}
2025-12-12 00:01:22,964 - prawcore - DEBUG - Sleeping: 0.40 seconds prior to call
2025-12-12 00:01:23,559 - urllib3.connectionpool - DEBUG - https://oauth.reddit.com:443 "GET /r/BitcoinBrasil/about/?raw_json=1 HTTP/1.1" 200 1643
2025-12-12 00:01:23,561 - prawcore - DEBUG - Response: 200 (1643 bytes) (rst-516:rem-860.0:used-140 ratelimit) at 1765508483.5617878
2025-12-12 00:01:23,562 - prawcore - DEBUG - Fetching: GET https://oauth.reddit.com/user/Soggy-Box3526/about/ at 1765508483.5628312
2025-12-12 00:01:23,563 - prawcore - DEBUG - Data: None
2025-12-12 00:01:23,563 - prawcore - DEBUG - Params: {'raw_json': 1}
2025-12-12 00:01:23,766 - urllib3.connectionpool - DEBUG - https://oauth.reddit.com:443 "GET /user/Soggy-Box3526/about/?raw_json=1 HTTP/1.1" 200 724
2025-12-12 00:01:23,767 - prawcore - DEBUG - Response: 200 (724 bytes) (rst-516:rem-859.0:used-141 ratelimit) at 1765508483.767756
2025-12-12 00:01:23,771 - prawcore - DEBUG - Fetching: GET https://oauth.reddit.com/r/BitcoinBrasil/about/ at 1765508483.771821
2025-12-12 00:01:23,772 - prawcore - DEBUG - Data: None
2025-12-12 00:01:23,772 - prawcore - DEBUG - Params: {'raw_json': 1}
2025-12-12 00:01:23,772 - prawcore - DEBUG - Sleeping: 0.60 seconds prior to call
2025-12-12 00:01:24,572 - urllib3.connectionpool - DEBUG - https://oauth.reddit.com:443 "GET /r/BitcoinBrasil/about/?raw_json=1 HTTP/1.1" 200 1643
2025-12-12 00:01:24,574 - prawcore - DEBUG - Response: 200 (1643 bytes) (rst-515:rem-858.0:used-142 ratelimit) at 1765508484.5740118
2025-12-12 00:01:24,574 - prawcore - DEBUG - Fetching: GET https://oauth.reddit.com/user/Western_Zucchini_964/about/ at 1765508484.5746932
2025-12-12 00:01:24,574 - prawcore - DEBUG - Data: None
2025-12-12 00:01:24,574 - prawcore - DEBUG - Params: {'raw_json': 1}
2025-12-12 00:01:24,575 - prawcore - DEBUG - Sleeping: 0.20 seconds prior to call
2025-12-12 00:01:24,980 - urllib3.connectionpool - DEBUG - https://oauth.reddit.com:443 "GET /user/Western_Zucchini_964/about/?raw_json=1 HTTP/1.1" 200 832
2025-12-12 00:01:24,981 - prawcore - DEBUG - Response: 200 (832 bytes) (rst-515:rem-857.0:used-143 ratelimit) at 1765508484.981931
2025-12-12 00:01:24,985 - prawcore - DEBUG - Fetching: GET https://oauth.reddit.com/r/cerveja/about/ at 1765508484.985572
2025-12-12 00:01:24,985 - prawcore - DEBUG - Data: None
2025-12-12 00:01:24,985 - prawcore - DEBUG - Params: {'raw_json': 1}
2025-12-12 00:01:24,985 - prawcore - DEBUG - Sleeping: 0.80 seconds prior to call
2025-12-12 00:01:25,984 - urllib3.connectionpool - DEBUG - https://oauth.reddit.com:443 "GET /r/cerveja/about/?raw_json=1 HTTP/1.1" 200 2099
2025-12-12 00:01:25,986 - prawcore - DEBUG - Response: 200 (2099 bytes) (rst-514:rem-856.0:used-144 ratelimit) at 1765508485.986379
2025-12-12 00:01:25,987 - prawcore - DEBUG - Fetching: GET https://oauth.reddit.com/user/otapita/about/ at 1765508485.9873831
2025-12-12 00:01:25,987 - prawcore - DEBUG - Data: None
2025-12-12 00:01:25,987 - prawcore - DEBUG - Params: {'raw_json': 1}
2025-12-12 00:01:25,987 - prawcore - DEBUG - Sleeping: 0.40 seconds prior to call
2025-12-12 00:01:26,598 - urllib3.connectionpool - DEBUG - https://oauth.reddit.com:443 "GET /user/otapita/about/?raw_json=1 HTTP/1.1" 200 815
2025-12-12 00:01:26,599 - prawcore - DEBUG - Response: 200 (815 bytes) (rst-513:rem-855.0:used-145 ratelimit) at 1765508486.5995462
2025-12-12 00:01:26,603 - prawcore - DEBUG - Fetching: GET https://oauth.reddit.com/r/Austria/about/ at 1765508486.60303
2025-12-12 00:01:26,603 - prawcore - DEBUG - Data: None
2025-12-12 00:01:26,603 - prawcore - DEBUG - Params: {'raw_json': 1}
2025-12-12 00:01:26,795 - urllib3.connectionpool - DEBUG - https://oauth.reddit.com:443 "GET /r/Austria/about/?raw_json=1 HTTP/1.1" 200 2263
2025-12-12 00:01:26,796 - prawcore - DEBUG - Response: 200 (2263 bytes) (rst-513:rem-854.0:used-146 ratelimit) at 1765508486.796195
2025-12-12 00:01:26,796 - prawcore - DEBUG - Fetching: GET https://oauth.reddit.com/user/Nivaris/about/ at 1765508486.7967749
2025-12-12 00:01:26,796 - prawcore - DEBUG - Data: None
2025-12-12 00:01:26,797 - prawcore - DEBUG - Params: {'raw_json': 1}
2025-12-12 00:01:26,797 - prawcore - DEBUG - Sleeping: 0.60 seconds prior to call
2025-12-12 00:01:27,607 - urllib3.connectionpool - DEBUG - https://oauth.reddit.com:443 "GET /user/Nivaris/about/?raw_json=1 HTTP/1.1" 200 814
2025-12-12 00:01:27,609 - prawcore - DEBUG - Response: 200 (814 bytes) (rst-512:rem-853.0:used-147 ratelimit) at 1765508487.609393
2025-12-12 00:01:27,613 - prawcore - DEBUG - Fetching: GET https://oauth.reddit.com/r/criptomoedas/about/ at 1765508487.6136472
2025-12-12 00:01:27,613 - prawcore - DEBUG - Data: None
2025-12-12 00:01:27,614 - prawcore - DEBUG - Params: {'raw_json': 1}
2025-12-12 00:01:27,614 - prawcore - DEBUG - Sleeping: 0.20 seconds prior to call
2025-12-12 00:01:28,012 - urllib3.connectionpool - DEBUG - https://oauth.reddit.com:443 "GET /r/criptomoedas/about/?raw_json=1 HTTP/1.1" 200 1398
2025-12-12 00:01:28,013 - prawcore - DEBUG - Response: 200 (1398 bytes) (rst-512:rem-852.0:used-148 ratelimit) at 1765508488.013301
2025-12-12 00:01:28,013 - prawcore - DEBUG - Fetching: GET https://oauth.reddit.com/user/Igor_Calisto/about/ at 1765508488.0139241
2025-12-12 00:01:28,014 - prawcore - DEBUG - Data: None
2025-12-12 00:01:28,014 - prawcore - DEBUG - Params: {'raw_json': 1}
2025-12-12 00:01:28,014 - prawcore - DEBUG - Sleeping: 0.80 seconds prior to call
2025-12-12 00:01:29,030 - urllib3.connectionpool - DEBUG - https://oauth.reddit.com:443 "GET /user/Igor_Calisto/about/?raw_json=1 HTTP/1.1" 200 None
2025-12-12 00:01:29,031 - prawcore - DEBUG - Response: 200 (None bytes) (rst-511:rem-851.0:used-149 ratelimit) at 1765508489.031509
2025-12-12 00:01:29,032 - prawcore - DEBUG - Fetching: GET https://oauth.reddit.com/r/ClassActionSettlement/about/ at 1765508489.032075
2025-12-12 00:01:29,032 - prawcore - DEBUG - Data: None
2025-12-12 00:01:29,032 - prawcore - DEBUG - Params: {'raw_json': 1}
2025-12-12 00:01:29,032 - prawcore - DEBUG - Sleeping: 0.40 seconds prior to call
2025-12-12 00:01:29,634 - urllib3.connectionpool - DEBUG - https://oauth.reddit.com:443 "GET /r/ClassActionSettlement/about/?raw_json=1 HTTP/1.1" 200 1206
2025-12-12 00:01:29,636 - prawcore - DEBUG - Response: 200 (1206 bytes) (rst-510:rem-850.0:used-150 ratelimit) at 1765508489.636547
2025-12-12 00:01:29,637 - prawcore - DEBUG - Fetching: GET https://oauth.reddit.com/user/Confident_Peak_3991/about/ at 1765508489.6373692
2025-12-12 00:01:29,637 - prawcore - DEBUG - Data: None
2025-12-12 00:01:29,637 - prawcore - DEBUG - Params: {'raw_json': 1}
2025-12-12 00:01:29,838 - urllib3.connectionpool - DEBUG - https://oauth.reddit.com:443 "GET /user/Confident_Peak_3991/about/?raw_json=1 HTTP/1.1" 200 None
2025-12-12 00:01:29,840 - prawcore - DEBUG - Response: 200 (None bytes) (rst-510:rem-849.0:used-151 ratelimit) at 1765508489.8400462
2025-12-12 00:01:29,840 - prawcore - DEBUG - Fetching: GET https://oauth.reddit.com/r/criptomoedas/about/ at 1765508489.840532
2025-12-12 00:01:29,840 - prawcore - DEBUG - Data: None
2025-12-12 00:01:29,840 - prawcore - DEBUG - Params: {'raw_json': 1}
2025-12-12 00:01:29,840 - prawcore - DEBUG - Sleeping: 0.60 seconds prior to call
2025-12-12 00:01:30,639 - urllib3.connectionpool - DEBUG - https://oauth.reddit.com:443 "GET /r/criptomoedas/about/?raw_json=1 HTTP/1.1" 200 1398
2025-12-12 00:01:30,640 - prawcore - DEBUG - Response: 200 (1398 bytes) (rst-509:rem-848.0:used-152 ratelimit) at 1765508490.640955
2025-12-12 00:01:30,641 - prawcore - DEBUG - Fetching: GET https://oauth.reddit.com/user/padaran_/about/ at 1765508490.641705
2025-12-12 00:01:30,641 - prawcore - DEBUG - Data: None
2025-12-12 00:01:30,642 - prawcore - DEBUG - Params: {'raw_json': 1}
2025-12-12 00:01:30,642 - prawcore - DEBUG - Sleeping: 0.20 seconds prior to call
2025-12-12 00:01:31,038 - urllib3.connectionpool - DEBUG - https://oauth.reddit.com:443 "GET /user/padaran_/about/?raw_json=1 HTTP/1.1" 200 736
2025-12-12 00:01:31,039 - prawcore - DEBUG - Response: 200 (736 bytes) (rst-509:rem-847.0:used-153 ratelimit) at 1765508491.039257
2025-12-12 00:01:31,042 - prawcore - DEBUG - Fetching: GET https://oauth.reddit.com/r/claimdepot/about/ at 1765508491.042829
2025-12-12 00:01:31,043 - prawcore - DEBUG - Data: None
2025-12-12 00:01:31,043 - prawcore - DEBUG - Params: {'raw_json': 1}
2025-12-12 00:01:31,043 - prawcore - DEBUG - Sleeping: 0.80 seconds prior to call
2025-12-12 00:01:32,042 - urllib3.connectionpool - DEBUG - https://oauth.reddit.com:443 "GET /r/claimdepot/about/?raw_json=1 HTTP/1.1" 200 1359
2025-12-12 00:01:32,044 - prawcore - DEBUG - Response: 200 (1359 bytes) (rst-508:rem-846.0:used-154 ratelimit) at 1765508492.044749
2025-12-12 00:01:32,045 - prawcore - DEBUG - Fetching: GET https://oauth.reddit.com/user/ClaimDepot/about/ at 1765508492.045569
2025-12-12 00:01:32,045 - prawcore - DEBUG - Data: None
2025-12-12 00:01:32,045 - prawcore - DEBUG - Params: {'raw_json': 1}
2025-12-12 00:01:32,045 - prawcore - DEBUG - Sleeping: 0.40 seconds prior to call
2025-12-12 00:01:32,651 - urllib3.connectionpool - DEBUG - https://oauth.reddit.com:443 "GET /user/ClaimDepot/about/?raw_json=1 HTTP/1.1" 200 951
2025-12-12 00:01:32,653 - prawcore - DEBUG - Response: 200 (951 bytes) (rst-507:rem-845.0:used-155 ratelimit) at 1765508492.653388
2025-12-12 00:01:32,658 - prawcore - DEBUG - Fetching: GET https://oauth.reddit.com/r/criptomoedas/about/ at 1765508492.658199
2025-12-12 00:01:32,658 - prawcore - DEBUG - Data: None
2025-12-12 00:01:32,658 - prawcore - DEBUG - Params: {'raw_json': 1}
2025-12-12 00:01:32,849 - urllib3.connectionpool - DEBUG - https://oauth.reddit.com:443 "GET /r/criptomoedas/about/?raw_json=1 HTTP/1.1" 200 1398
2025-12-12 00:01:32,851 - prawcore - DEBUG - Response: 200 (1398 bytes) (rst-507:rem-844.0:used-156 ratelimit) at 1765508492.851111
2025-12-12 00:01:32,851 - prawcore - DEBUG - Fetching: GET https://oauth.reddit.com/user/Cadu_Silveira/about/ at 1765508492.851752
2025-12-12 00:01:32,851 - prawcore - DEBUG - Data: None
2025-12-12 00:01:32,852 - prawcore - DEBUG - Params: {'raw_json': 1}
2025-12-12 00:01:32,852 - prawcore - DEBUG - Sleeping: 0.60 seconds prior to call
2025-12-12 00:01:33,687 - urllib3.connectionpool - DEBUG - https://oauth.reddit.com:443 "GET /user/Cadu_Silveira/about/?raw_json=1 HTTP/1.1" 200 692
2025-12-12 00:01:33,688 - prawcore - DEBUG - Response: 200 (692 bytes) (rst-506:rem-843.0:used-157 ratelimit) at 1765508493.688648
2025-12-12 00:01:33,693 - prawcore - DEBUG - Fetching: GET https://oauth.reddit.com/r/claimdepot/about/ at 1765508493.693304
2025-12-12 00:01:33,693 - prawcore - DEBUG - Data: None
2025-12-12 00:01:33,693 - prawcore - DEBUG - Params: {'raw_json': 1}
2025-12-12 00:01:33,693 - prawcore - DEBUG - Sleeping: 0.19 seconds prior to call
2025-12-12 00:01:34,089 - urllib3.connectionpool - DEBUG - https://oauth.reddit.com:443 "GET /r/claimdepot/about/?raw_json=1 HTTP/1.1" 200 1359
2025-12-12 00:01:34,091 - prawcore - DEBUG - Response: 200 (1359 bytes) (rst-506:rem-842.0:used-158 ratelimit) at 1765508494.091677
2025-12-12 00:01:34,092 - prawcore - DEBUG - Fetching: GET https://oauth.reddit.com/user/ClaimDepot/about/ at 1765508494.0926971
2025-12-12 00:01:34,092 - prawcore - DEBUG - Data: None
2025-12-12 00:01:34,093 - prawcore - DEBUG - Params: {'raw_json': 1}
2025-12-12 00:01:34,093 - prawcore - DEBUG - Sleeping: 0.80 seconds prior to call
2025-12-12 00:01:35,092 - urllib3.connectionpool - DEBUG - https://oauth.reddit.com:443 "GET /user/ClaimDepot/about/?raw_json=1 HTTP/1.1" 200 951
2025-12-12 00:01:35,094 - prawcore - DEBUG - Response: 200 (951 bytes) (rst-505:rem-841.0:used-159 ratelimit) at 1765508495.09435
2025-12-12 00:01:35,098 - prawcore - DEBUG - Fetching: GET https://oauth.reddit.com/r/EuroSkincare/about/ at 1765508495.098005
2025-12-12 00:01:35,098 - prawcore - DEBUG - Data: None
2025-12-12 00:01:35,098 - prawcore - DEBUG - Params: {'raw_json': 1}
2025-12-12 00:01:35,098 - prawcore - DEBUG - Sleeping: 0.40 seconds prior to call
2025-12-12 00:01:35,694 - urllib3.connectionpool - DEBUG - https://oauth.reddit.com:443 "GET /r/EuroSkincare/about/?raw_json=1 HTTP/1.1" 200 1990
2025-12-12 00:01:35,696 - prawcore - DEBUG - Response: 200 (1990 bytes) (rst-504:rem-840.0:used-160 ratelimit) at 1765508495.69679
2025-12-12 00:01:35,697 - prawcore - DEBUG - Fetching: GET https://oauth.reddit.com/user/auberielle/about/ at 1765508495.697451
2025-12-12 00:01:35,697 - prawcore - DEBUG - Data: None
2025-12-12 00:01:35,697 - prawcore - DEBUG - Params: {'raw_json': 1}
2025-12-12 00:01:35,910 - urllib3.connectionpool - DEBUG - https://oauth.reddit.com:443 "GET /user/auberielle/about/?raw_json=1 HTTP/1.1" 200 820
2025-12-12 00:01:35,911 - prawcore - DEBUG - Response: 200 (820 bytes) (rst-504:rem-839.0:used-161 ratelimit) at 1765508495.9115388
2025-12-12 00:01:35,915 - prawcore - DEBUG - Fetching: GET https://oauth.reddit.com/r/Romania2/about/ at 1765508495.915571
2025-12-12 00:01:35,915 - prawcore - DEBUG - Data: None
2025-12-12 00:01:35,915 - prawcore - DEBUG - Params: {'raw_json': 1}
2025-12-12 00:01:35,916 - prawcore - DEBUG - Sleeping: 0.60 seconds prior to call
2025-12-12 00:01:36,747 - urllib3.connectionpool - DEBUG - https://oauth.reddit.com:443 "GET /r/Romania2/about/?raw_json=1 HTTP/1.1" 200 1313
2025-12-12 00:01:36,749 - prawcore - DEBUG - Response: 200 (1313 bytes) (rst-503:rem-838.0:used-162 ratelimit) at 1765508496.7490728
2025-12-12 00:01:36,750 - prawcore - DEBUG - Fetching: GET https://oauth.reddit.com/user/IUsedToBeAMod/about/ at 1765508496.7503302
2025-12-12 00:01:36,750 - prawcore - DEBUG - Data: None
2025-12-12 00:01:36,750 - prawcore - DEBUG - Params: {'raw_json': 1}
2025-12-12 00:01:36,750 - prawcore - DEBUG - Sleeping: 0.20 seconds prior to call
2025-12-12 00:01:37,158 - urllib3.connectionpool - DEBUG - https://oauth.reddit.com:443 "GET /user/IUsedToBeAMod/about/?raw_json=1 HTTP/1.1" 200 726
2025-12-12 00:01:37,160 - prawcore - DEBUG - Response: 200 (726 bytes) (rst-502:rem-837.0:used-163 ratelimit) at 1765508497.160198
2025-12-12 00:01:37,165 - prawcore - DEBUG - Fetching: GET https://oauth.reddit.com/r/GhostAdventures/about/ at 1765508497.1651452
2025-12-12 00:01:37,165 - prawcore - DEBUG - Data: None
2025-12-12 00:01:37,165 - prawcore - DEBUG - Params: {'raw_json': 1}
2025-12-12 00:01:37,365 - urllib3.connectionpool - DEBUG - https://oauth.reddit.com:443 "GET /r/GhostAdventures/about/?raw_json=1 HTTP/1.1" 200 2282
2025-12-12 00:01:37,367 - prawcore - DEBUG - Response: 200 (2282 bytes) (rst-502:rem-836.0:used-164 ratelimit) at 1765508497.367111
2025-12-12 00:01:37,368 - prawcore - DEBUG - Fetching: GET https://oauth.reddit.com/user/Hot-Heat-5042/about/ at 1765508497.3680089
2025-12-12 00:01:37,368 - prawcore - DEBUG - Data: None
2025-12-12 00:01:37,368 - prawcore - DEBUG - Params: {'raw_json': 1}
2025-12-12 00:01:37,368 - prawcore - DEBUG - Sleeping: 0.40 seconds prior to call
2025-12-12 00:01:37,984 - urllib3.connectionpool - DEBUG - https://oauth.reddit.com:443 "GET /user/Hot-Heat-5042/about/?raw_json=1 HTTP/1.1" 200 907
2025-12-12 00:01:37,985 - prawcore - DEBUG - Response: 200 (907 bytes) (rst-502:rem-835.0:used-165 ratelimit) at 1765508497.985836
2025-12-12 00:01:37,990 - prawcore - DEBUG - Fetching: GET https://oauth.reddit.com/r/BitcoinBrasil/about/ at 1765508497.990575
2025-12-12 00:01:37,991 - prawcore - DEBUG - Data: None
2025-12-12 00:01:37,992 - prawcore - DEBUG - Params: {'raw_json': 1}
2025-12-12 00:01:37,992 - prawcore - DEBUG - Sleeping: 0.99 seconds prior to call
2025-12-12 00:01:39,196 - urllib3.connectionpool - DEBUG - https://oauth.reddit.com:443 "GET /r/BitcoinBrasil/about/?raw_json=1 HTTP/1.1" 200 1643
2025-12-12 00:01:39,197 - prawcore - DEBUG - Response: 200 (1643 bytes) (rst-500:rem-834.0:used-166 ratelimit) at 1765508499.197511
2025-12-12 00:01:39,198 - prawcore - DEBUG - Fetching: GET https://oauth.reddit.com/user/Western_Zucchini_964/about/ at 1765508499.198109
2025-12-12 00:01:39,198 - prawcore - DEBUG - Data: None
2025-12-12 00:01:39,198 - prawcore - DEBUG - Params: {'raw_json': 1}
2025-12-12 00:01:39,385 - urllib3.connectionpool - DEBUG - https://oauth.reddit.com:443 "GET /user/Western_Zucchini_964/about/?raw_json=1 HTTP/1.1" 200 832
2025-12-12 00:01:39,386 - prawcore - DEBUG - Response: 200 (832 bytes) (rst-500:rem-833.0:used-167 ratelimit) at 1765508499.386663
2025-12-12 00:01:39,390 - prawcore - DEBUG - Fetching: GET https://oauth.reddit.com/r/claimdepot/about/ at 1765508499.3904471
2025-12-12 00:01:39,390 - prawcore - DEBUG - Data: None
2025-12-12 00:01:39,391 - prawcore - DEBUG - Params: {'raw_json': 1}
2025-12-12 00:01:39,391 - prawcore - DEBUG - Sleeping: 0.20 seconds prior to call
2025-12-12 00:01:39,791 - urllib3.connectionpool - DEBUG - https://oauth.reddit.com:443 "GET /r/claimdepot/about/?raw_json=1 HTTP/1.1" 200 1359
2025-12-12 00:01:39,794 - prawcore - DEBUG - Response: 200 (1359 bytes) (rst-500:rem-832.0:used-168 ratelimit) at 1765508499.7940311
2025-12-12 00:01:39,795 - prawcore - DEBUG - Fetching: GET https://oauth.reddit.com/user/ClaimDepot/about/ at 1765508499.795016
2025-12-12 00:01:39,795 - prawcore - DEBUG - Data: None
2025-12-12 00:01:39,795 - prawcore - DEBUG - Params: {'raw_json': 1}
2025-12-12 00:01:39,795 - prawcore - DEBUG - Sleeping: 0.80 seconds prior to call
2025-12-12 00:01:40,804 - urllib3.connectionpool - DEBUG - https://oauth.reddit.com:443 "GET /user/ClaimDepot/about/?raw_json=1 HTTP/1.1" 200 951
2025-12-12 00:01:40,805 - prawcore - DEBUG - Response: 200 (951 bytes) (rst-499:rem-831.0:used-169 ratelimit) at 1765508500.805446
2025-12-12 00:01:40,810 - prawcore - DEBUG - Fetching: GET https://oauth.reddit.com/r/indonesian/about/ at 1765508500.810549
2025-12-12 00:01:40,811 - prawcore - DEBUG - Data: None
2025-12-12 00:01:40,811 - prawcore - DEBUG - Params: {'raw_json': 1}
2025-12-12 00:01:40,811 - prawcore - DEBUG - Sleeping: 0.39 seconds prior to call
2025-12-12 00:01:41,409 - urllib3.connectionpool - DEBUG - https://oauth.reddit.com:443 "GET /r/indonesian/about/?raw_json=1 HTTP/1.1" 200 1835
2025-12-12 00:01:41,411 - prawcore - DEBUG - Response: 200 (1835 bytes) (rst-498:rem-830.0:used-170 ratelimit) at 1765508501.411437
2025-12-12 00:01:41,412 - prawcore - DEBUG - Fetching: GET https://oauth.reddit.com/user/princephotogenic/about/ at 1765508501.4124632
2025-12-12 00:01:41,412 - prawcore - DEBUG - Data: None
2025-12-12 00:01:41,412 - prawcore - DEBUG - Params: {'raw_json': 1}
2025-12-12 00:01:41,619 - urllib3.connectionpool - DEBUG - https://oauth.reddit.com:443 "GET /user/princephotogenic/about/?raw_json=1 HTTP/1.1" 200 699
2025-12-12 00:01:41,620 - prawcore - DEBUG - Response: 200 (699 bytes) (rst-498:rem-829.0:used-171 ratelimit) at 1765508501.620481
2025-12-12 00:01:41,625 - prawcore - DEBUG - Fetching: GET https://oauth.reddit.com/r/criptomoedas/about/ at 1765508501.6253371
2025-12-12 00:01:41,625 - prawcore - DEBUG - Data: None
2025-12-12 00:01:41,625 - prawcore - DEBUG - Params: {'raw_json': 1}
2025-12-12 00:01:41,626 - prawcore - DEBUG - Sleeping: 0.59 seconds prior to call
2025-12-12 00:01:42,426 - urllib3.connectionpool - DEBUG - https://oauth.reddit.com:443 "GET /r/criptomoedas/about/?raw_json=1 HTTP/1.1" 200 1398
2025-12-12 00:01:42,427 - prawcore - DEBUG - Response: 200 (1398 bytes) (rst-497:rem-828.0:used-172 ratelimit) at 1765508502.427425
2025-12-12 00:01:42,428 - prawcore - DEBUG - Fetching: GET https://oauth.reddit.com/user/Raikiri_Br/about/ at 1765508502.4281301
2025-12-12 00:01:42,428 - prawcore - DEBUG - Data: None
2025-12-12 00:01:42,428 - prawcore - DEBUG - Params: {'raw_json': 1}
2025-12-12 00:01:42,428 - prawcore - DEBUG - Sleeping: 0.20 seconds prior to call
2025-12-12 00:01:42,839 - urllib3.connectionpool - DEBUG - https://oauth.reddit.com:443 "GET /user/Raikiri_Br/about/?raw_json=1 HTTP/1.1" 200 848
2025-12-12 00:01:42,840 - prawcore - DEBUG - Response: 200 (848 bytes) (rst-497:rem-827.0:used-173 ratelimit) at 1765508502.840791
2025-12-12 00:01:42,844 - prawcore - DEBUG - Fetching: GET https://oauth.reddit.com/r/computadores/about/ at 1765508502.844175
2025-12-12 00:01:42,844 - prawcore - DEBUG - Data: None
2025-12-12 00:01:42,844 - prawcore - DEBUG - Params: {'raw_json': 1}
2025-12-12 00:01:42,844 - prawcore - DEBUG - Sleeping: 0.80 seconds prior to call
2025-12-12 00:01:43,844 - urllib3.connectionpool - DEBUG - https://oauth.reddit.com:443 "GET /r/computadores/about/?raw_json=1 HTTP/1.1" 200 1331
2025-12-12 00:01:43,845 - prawcore - DEBUG - Response: 200 (1331 bytes) (rst-496:rem-826.0:used-174 ratelimit) at 1765508503.84569
2025-12-12 00:01:43,846 - prawcore - DEBUG - Fetching: GET https://oauth.reddit.com/user/Nevascaw/about/ at 1765508503.846346
2025-12-12 00:01:43,846 - prawcore - DEBUG - Data: None
2025-12-12 00:01:43,846 - prawcore - DEBUG - Params: {'raw_json': 1}
2025-12-12 00:01:43,846 - prawcore - DEBUG - Sleeping: 0.40 seconds prior to call
2025-12-12 00:01:44,458 - urllib3.connectionpool - DEBUG - https://oauth.reddit.com:443 "GET /user/Nevascaw/about/?raw_json=1 HTTP/1.1" 200 717
2025-12-12 00:01:44,459 - prawcore - DEBUG - Response: 200 (717 bytes) (rst-495:rem-825.0:used-175 ratelimit) at 1765508504.4599411
2025-12-12 00:01:44,464 - prawcore - DEBUG - Fetching: GET https://oauth.reddit.com/r/Austria/about/ at 1765508504.46485
2025-12-12 00:01:44,465 - prawcore - DEBUG - Data: None
2025-12-12 00:01:44,465 - prawcore - DEBUG - Params: {'raw_json': 1}
2025-12-12 00:01:44,663 - urllib3.connectionpool - DEBUG - https://oauth.reddit.com:443 "GET /r/Austria/about/?raw_json=1 HTTP/1.1" 200 2263
2025-12-12 00:01:44,664 - prawcore - DEBUG - Response: 200 (2263 bytes) (rst-495:rem-824.0:used-176 ratelimit) at 1765508504.66468
2025-12-12 00:01:44,665 - prawcore - DEBUG - Fetching: GET https://oauth.reddit.com/user/WoesIsWoed/about/ at 1765508504.665347
2025-12-12 00:01:44,665 - prawcore - DEBUG - Data: None
2025-12-12 00:01:44,665 - prawcore - DEBUG - Params: {'raw_json': 1}
2025-12-12 00:01:44,665 - prawcore - DEBUG - Sleeping: 0.60 seconds prior to call
2025-12-12 00:01:45,491 - urllib3.connectionpool - DEBUG - https://oauth.reddit.com:443 "GET /user/WoesIsWoed/about/?raw_json=1 HTTP/1.1" 200 702
2025-12-12 00:01:45,492 - prawcore - DEBUG - Response: 200 (702 bytes) (rst-494:rem-823.0:used-177 ratelimit) at 1765508505.4928498
2025-12-12 00:01:45,497 - prawcore - DEBUG - Fetching: GET https://oauth.reddit.com/r/criptomoedas/about/ at 1765508505.4970958
2025-12-12 00:01:45,497 - prawcore - DEBUG - Data: None
2025-12-12 00:01:45,497 - prawcore - DEBUG - Params: {'raw_json': 1}
2025-12-12 00:01:45,497 - prawcore - DEBUG - Sleeping: 0.20 seconds prior to call
2025-12-12 00:01:45,903 - urllib3.connectionpool - DEBUG - https://oauth.reddit.com:443 "GET /r/criptomoedas/about/?raw_json=1 HTTP/1.1" 200 1398
2025-12-12 00:01:45,904 - prawcore - DEBUG - Response: 200 (1398 bytes) (rst-494:rem-822.0:used-178 ratelimit) at 1765508505.904906
2025-12-12 00:01:45,905 - prawcore - DEBUG - Fetching: GET https://oauth.reddit.com/user/ChaplauzeraDosRole/about/ at 1765508505.905855
2025-12-12 00:01:45,906 - prawcore - DEBUG - Data: None
2025-12-12 00:01:45,906 - prawcore - DEBUG - Params: {'raw_json': 1}
2025-12-12 00:01:45,906 - prawcore - DEBUG - Sleeping: 0.80 seconds prior to call
2025-12-12 00:01:46,924 - urllib3.connectionpool - DEBUG - https://oauth.reddit.com:443 "GET /user/ChaplauzeraDosRole/about/?raw_json=1 HTTP/1.1" 200 842
2025-12-12 00:01:46,924 - prawcore - DEBUG - Response: 200 (842 bytes) (rst-493:rem-821.0:used-179 ratelimit) at 1765508506.924944
2025-12-12 00:01:46,926 - prawcore - DEBUG - Fetching: GET https://oauth.reddit.com/r/FortalezaTotal/about/ at 1765508506.926372
2025-12-12 00:01:46,926 - prawcore - DEBUG - Data: None
2025-12-12 00:01:46,926 - prawcore - DEBUG - Params: {'raw_json': 1}
2025-12-12 00:01:46,926 - prawcore - DEBUG - Sleeping: 0.40 seconds prior to call
2025-12-12 00:01:47,542 - urllib3.connectionpool - DEBUG - https://oauth.reddit.com:443 "GET /r/FortalezaTotal/about/?raw_json=1 HTTP/1.1" 200 1634
2025-12-12 00:01:47,543 - prawcore - DEBUG - Response: 200 (1634 bytes) (rst-492:rem-820.0:used-180 ratelimit) at 1765508507.5439732
2025-12-12 00:01:47,544 - prawcore - DEBUG - Fetching: GET https://oauth.reddit.com/user/BadCollina/about/ at 1765508507.544893
2025-12-12 00:01:47,545 - prawcore - DEBUG - Data: None
2025-12-12 00:01:47,545 - prawcore - DEBUG - Params: {'raw_json': 1}
2025-12-12 00:01:47,771 - urllib3.connectionpool - DEBUG - https://oauth.reddit.com:443 "GET /user/BadCollina/about/?raw_json=1 HTTP/1.1" 200 843
2025-12-12 00:01:47,772 - prawcore - DEBUG - Response: 200 (843 bytes) (rst-492:rem-819.0:used-181 ratelimit) at 1765508507.772479
2025-12-12 00:01:47,775 - prawcore - DEBUG - Fetching: GET https://oauth.reddit.com/r/chicago/about/ at 1765508507.7758899
2025-12-12 00:01:47,776 - prawcore - DEBUG - Data: None
2025-12-12 00:01:47,776 - prawcore - DEBUG - Params: {'raw_json': 1}
2025-12-12 00:01:47,776 - prawcore - DEBUG - Sleeping: 0.60 seconds prior to call
2025-12-12 00:01:48,701 - urllib3.connectionpool - DEBUG - https://oauth.reddit.com:443 "GET /r/chicago/about/?raw_json=1 HTTP/1.1" 200 2761
2025-12-12 00:01:48,717 - prawcore - DEBUG - Response: 200 (2761 bytes) (rst-491:rem-818.0:used-182 ratelimit) at 1765508508.7174242
2025-12-12 00:01:48,721 - prawcore - DEBUG - Fetching: GET https://oauth.reddit.com/user/JosephConrad9/about/ at 1765508508.721438
2025-12-12 00:01:48,723 - prawcore - DEBUG - Data: None
2025-12-12 00:01:48,723 - prawcore - DEBUG - Params: {'raw_json': 1}
2025-12-12 00:01:48,723 - prawcore - DEBUG - Sleeping: 0.19 seconds prior to call
2025-12-12 00:01:49,226 - urllib3.connectionpool - DEBUG - https://oauth.reddit.com:443 "GET /user/JosephConrad9/about/?raw_json=1 HTTP/1.1" 200 700
2025-12-12 00:01:49,227 - prawcore - DEBUG - Response: 200 (700 bytes) (rst-490:rem-817.0:used-183 ratelimit) at 1765508509.227366
2025-12-12 00:01:49,228 - prawcore - DEBUG - Fetching: GET https://oauth.reddit.com/r/VeganDE/about/ at 1765508509.228993
2025-12-12 00:01:49,229 - prawcore - DEBUG - Data: None
2025-12-12 00:01:49,229 - prawcore - DEBUG - Params: {'raw_json': 1}
2025-12-12 00:01:49,545 - urllib3.connectionpool - DEBUG - https://oauth.reddit.com:443 "GET /r/VeganDE/about/?raw_json=1 HTTP/1.1" 200 5033
2025-12-12 00:01:49,548 - prawcore - DEBUG - Response: 200 (5033 bytes) (rst-490:rem-816.0:used-184 ratelimit) at 1765508509.548295
2025-12-12 00:01:49,549 - prawcore - DEBUG - Fetching: GET https://oauth.reddit.com/user/amynase/about/ at 1765508509.549393
2025-12-12 00:01:49,549 - prawcore - DEBUG - Data: None
2025-12-12 00:01:49,549 - prawcore - DEBUG - Params: {'raw_json': 1}
2025-12-12 00:01:49,549 - prawcore - DEBUG - Sleeping: 0.40 seconds prior to call
2025-12-12 00:01:50,269 - urllib3.connectionpool - DEBUG - https://oauth.reddit.com:443 "GET /user/amynase/about/?raw_json=1 HTTP/1.1" 200 909
2025-12-12 00:01:50,270 - prawcore - DEBUG - Response: 200 (909 bytes) (rst-489:rem-815.0:used-185 ratelimit) at 1765508510.2701309
2025-12-12 00:01:50,271 - prawcore - DEBUG - Fetching: GET https://oauth.reddit.com/r/graz/about/ at 1765508510.27197
2025-12-12 00:01:50,272 - prawcore - DEBUG - Data: None
2025-12-12 00:01:50,272 - prawcore - DEBUG - Params: {'raw_json': 1}
2025-12-12 00:01:50,466 - urllib3.connectionpool - DEBUG - https://oauth.reddit.com:443 "GET /r/graz/about/?raw_json=1 HTTP/1.1" 200 1758
2025-12-12 00:01:50,467 - prawcore - DEBUG - Response: 200 (1758 bytes) (rst-489:rem-814.0:used-186 ratelimit) at 1765508510.467393
2025-12-12 00:01:50,468 - prawcore - DEBUG - Fetching: GET https://oauth.reddit.com/user/Ichinisanrei/about/ at 1765508510.4680629
2025-12-12 00:01:50,468 - prawcore - DEBUG - Data: None
2025-12-12 00:01:50,468 - prawcore - DEBUG - Params: {'raw_json': 1}
2025-12-12 00:01:50,468 - prawcore - DEBUG - Sleeping: 0.60 seconds prior to call
2025-12-12 00:01:51,336 - urllib3.connectionpool - DEBUG - https://oauth.reddit.com:443 "GET /user/Ichinisanrei/about/?raw_json=1 HTTP/1.1" 200 916
2025-12-12 00:01:51,337 - prawcore - DEBUG - Response: 200 (916 bytes) (rst-488:rem-813.0:used-187 ratelimit) at 1765508511.3374238
2025-12-12 00:01:51,342 - prawcore - DEBUG - Fetching: GET https://oauth.reddit.com/r/CTAUpdates/about/ at 1765508511.342319
2025-12-12 00:01:51,342 - prawcore - DEBUG - Data: None
2025-12-12 00:01:51,342 - prawcore - DEBUG - Params: {'raw_json': 1}
2025-12-12 00:01:51,343 - prawcore - DEBUG - Sleeping: 0.19 seconds prior to call
2025-12-12 00:01:51,841 - urllib3.connectionpool - DEBUG - https://oauth.reddit.com:443 "GET /r/CTAUpdates/about/?raw_json=1 HTTP/1.1" 200 1297
2025-12-12 00:01:51,842 - prawcore - DEBUG - Response: 200 (1297 bytes) (rst-488:rem-812.0:used-188 ratelimit) at 1765508511.842965
2025-12-12 00:01:51,843 - prawcore - DEBUG - Fetching: GET https://oauth.reddit.com/user/rCTAbot/about/ at 1765508511.8437371
2025-12-12 00:01:51,843 - prawcore - DEBUG - Data: None
2025-12-12 00:01:51,844 - prawcore - DEBUG - Params: {'raw_json': 1}
2025-12-12 00:01:51,844 - prawcore - DEBUG - Sleeping: 0.80 seconds prior to call
2025-12-12 00:01:52,836 - urllib3.connectionpool - DEBUG - https://oauth.reddit.com:443 "GET /user/rCTAbot/about/?raw_json=1 HTTP/1.1" 200 687
2025-12-12 00:01:52,837 - prawcore - DEBUG - Response: 200 (687 bytes) (rst-487:rem-811.0:used-189 ratelimit) at 1765508512.837934
2025-12-12 00:01:52,841 - prawcore - DEBUG - Fetching: GET https://oauth.reddit.com/r/ChicagoSuburbs/about/ at 1765508512.84165
2025-12-12 00:01:52,841 - prawcore - DEBUG - Data: None
2025-12-12 00:01:52,841 - prawcore - DEBUG - Params: {'raw_json': 1}
2025-12-12 00:01:52,842 - prawcore - DEBUG - Sleeping: 0.40 seconds prior to call
2025-12-12 00:01:53,439 - urllib3.connectionpool - DEBUG - https://oauth.reddit.com:443 "GET /r/ChicagoSuburbs/about/?raw_json=1 HTTP/1.1" 200 5100
2025-12-12 00:01:53,441 - prawcore - DEBUG - Response: 200 (5100 bytes) (rst-486:rem-810.0:used-190 ratelimit) at 1765508513.441354
2025-12-12 00:01:53,442 - prawcore - DEBUG - Fetching: GET https://oauth.reddit.com/user/RelationshipSuch9050/about/ at 1765508513.442324
2025-12-12 00:01:53,442 - prawcore - DEBUG - Data: None
2025-12-12 00:01:53,442 - prawcore - DEBUG - Params: {'raw_json': 1}
2025-12-12 00:01:53,665 - urllib3.connectionpool - DEBUG - https://oauth.reddit.com:443 "GET /user/RelationshipSuch9050/about/?raw_json=1 HTTP/1.1" 200 832
2025-12-12 00:01:53,666 - prawcore - DEBUG - Response: 200 (832 bytes) (rst-486:rem-809.0:used-191 ratelimit) at 1765508513.6664279
2025-12-12 00:01:53,669 - prawcore - DEBUG - Fetching: GET https://oauth.reddit.com/r/antiwork/about/ at 1765508513.6696599
2025-12-12 00:01:53,669 - prawcore - DEBUG - Data: None
2025-12-12 00:01:53,669 - prawcore - DEBUG - Params: {'raw_json': 1}
2025-12-12 00:01:53,670 - prawcore - DEBUG - Sleeping: 0.60 seconds prior to call
2025-12-12 00:01:54,463 - urllib3.connectionpool - DEBUG - https://oauth.reddit.com:443 "GET /r/antiwork/about/?raw_json=1 HTTP/1.1" 200 3400
2025-12-12 00:01:54,464 - prawcore - DEBUG - Response: 200 (3400 bytes) (rst-485:rem-808.0:used-192 ratelimit) at 1765508514.4648309
2025-12-12 00:01:54,465 - prawcore - DEBUG - Fetching: GET https://oauth.reddit.com/user/sarin000/about/ at 1765508514.465586
2025-12-12 00:01:54,465 - prawcore - DEBUG - Data: None
2025-12-12 00:01:54,465 - prawcore - DEBUG - Params: {'raw_json': 1}
2025-12-12 00:01:54,466 - prawcore - DEBUG - Sleeping: 0.20 seconds prior to call
2025-12-12 00:01:54,860 - urllib3.connectionpool - DEBUG - https://oauth.reddit.com:443 "GET /user/sarin000/about/?raw_json=1 HTTP/1.1" 200 763
2025-12-12 00:01:54,861 - prawcore - DEBUG - Response: 200 (763 bytes) (rst-485:rem-807.0:used-193 ratelimit) at 1765508514.861846
2025-12-12 00:01:54,865 - prawcore - DEBUG - Fetching: GET https://oauth.reddit.com/r/criptomoedas/about/ at 1765508514.8657799
2025-12-12 00:01:54,866 - prawcore - DEBUG - Data: None
2025-12-12 00:01:54,866 - prawcore - DEBUG - Params: {'raw_json': 1}
2025-12-12 00:01:54,866 - prawcore - DEBUG - Sleeping: 0.80 seconds prior to call
2025-12-12 00:01:55,869 - urllib3.connectionpool - DEBUG - https://oauth.reddit.com:443 "GET /r/criptomoedas/about/?raw_json=1 HTTP/1.1" 200 1398
2025-12-12 00:01:55,871 - prawcore - DEBUG - Response: 200 (1398 bytes) (rst-484:rem-806.0:used-194 ratelimit) at 1765508515.871267
2025-12-12 00:01:55,877 - prawcore - DEBUG - Fetching: GET https://oauth.reddit.com/user/White_Chess/about/ at 1765508515.877307
2025-12-12 00:01:55,877 - prawcore - DEBUG - Data: None
2025-12-12 00:01:55,877 - prawcore - DEBUG - Params: {'raw_json': 1}
2025-12-12 00:01:55,877 - prawcore - DEBUG - Sleeping: 0.39 seconds prior to call
2025-12-12 00:01:56,492 - urllib3.connectionpool - DEBUG - https://oauth.reddit.com:443 "GET /user/White_Chess/about/?raw_json=1 HTTP/1.1" 200 942
2025-12-12 00:01:56,493 - prawcore - DEBUG - Response: 200 (942 bytes) (rst-483:rem-805.0:used-195 ratelimit) at 1765508516.493273
2025-12-12 00:01:56,495 - prawcore - DEBUG - Fetching: GET https://oauth.reddit.com/r/BitcoinBrasil/about/ at 1765508516.4956539
2025-12-12 00:01:56,495 - prawcore - DEBUG - Data: None
2025-12-12 00:01:56,495 - prawcore - DEBUG - Params: {'raw_json': 1}
2025-12-12 00:01:56,696 - urllib3.connectionpool - DEBUG - https://oauth.reddit.com:443 "GET /r/BitcoinBrasil/about/?raw_json=1 HTTP/1.1" 200 1643
2025-12-12 00:01:56,697 - prawcore - DEBUG - Response: 200 (1643 bytes) (rst-483:rem-804.0:used-196 ratelimit) at 1765508516.697876
2025-12-12 00:01:56,698 - prawcore - DEBUG - Fetching: GET https://oauth.reddit.com/user/alex_bit_/about/ at 1765508516.698679
2025-12-12 00:01:56,698 - prawcore - DEBUG - Data: None
2025-12-12 00:01:56,698 - prawcore - DEBUG - Params: {'raw_json': 1}
2025-12-12 00:01:56,699 - prawcore - DEBUG - Sleeping: 0.60 seconds prior to call
2025-12-12 00:01:57,509 - urllib3.connectionpool - DEBUG - https://oauth.reddit.com:443 "GET /user/alex_bit_/about/?raw_json=1 HTTP/1.1" 200 730
2025-12-12 00:01:57,509 - prawcore - DEBUG - Response: 200 (730 bytes) (rst-482:rem-803.0:used-197 ratelimit) at 1765508517.50985
2025-12-12 00:01:57,511 - prawcore - DEBUG - Fetching: GET https://oauth.reddit.com/r/CryptoCurrencyClassic/about/ at 1765508517.51149
2025-12-12 00:01:57,511 - prawcore - DEBUG - Data: None
2025-12-12 00:01:57,511 - prawcore - DEBUG - Params: {'raw_json': 1}
2025-12-12 00:01:57,511 - prawcore - DEBUG - Sleeping: 0.20 seconds prior to call
2025-12-12 00:01:57,910 - urllib3.connectionpool - DEBUG - https://oauth.reddit.com:443 "GET /r/CryptoCurrencyClassic/about/?raw_json=1 HTTP/1.1" 200 1818
2025-12-12 00:01:57,911 - prawcore - DEBUG - Response: 200 (1818 bytes) (rst-482:rem-802.0:used-198 ratelimit) at 1765508517.911723
2025-12-12 00:01:57,912 - prawcore - DEBUG - Fetching: GET https://oauth.reddit.com/user/ASICmachine/about/ at 1765508517.9122062
2025-12-12 00:01:57,912 - prawcore - DEBUG - Data: None
2025-12-12 00:01:57,912 - prawcore - DEBUG - Params: {'raw_json': 1}
2025-12-12 00:01:57,912 - prawcore - DEBUG - Sleeping: 0.80 seconds prior to call
2025-12-12 00:01:58,915 - urllib3.connectionpool - DEBUG - https://oauth.reddit.com:443 "GET /user/ASICmachine/about/?raw_json=1 HTTP/1.1" 200 694
2025-12-12 00:01:58,916 - prawcore - DEBUG - Response: 200 (694 bytes) (rst-481:rem-801.0:used-199 ratelimit) at 1765508518.916325
2025-12-12 00:01:58,920 - prawcore - DEBUG - Fetching: GET https://oauth.reddit.com/r/comics/about/ at 1765508518.920008
2025-12-12 00:01:58,920 - prawcore - DEBUG - Data: None
2025-12-12 00:01:58,920 - prawcore - DEBUG - Params: {'raw_json': 1}
2025-12-12 00:01:58,920 - prawcore - DEBUG - Sleeping: 0.40 seconds prior to call
2025-12-12 00:01:59,511 - urllib3.connectionpool - DEBUG - https://oauth.reddit.com:443 "GET /r/comics/about/?raw_json=1 HTTP/1.1" 200 4808
2025-12-12 00:01:59,513 - prawcore - DEBUG - Response: 200 (4808 bytes) (rst-480:rem-800.0:used-200 ratelimit) at 1765508519.5130188
2025-12-12 00:01:59,513 - prawcore - DEBUG - Fetching: GET https://oauth.reddit.com/user/Achilles_TroySlayer/about/ at 1765508519.513821
2025-12-12 00:01:59,513 - prawcore - DEBUG - Data: None
2025-12-12 00:01:59,514 - prawcore - DEBUG - Params: {'raw_json': 1}
2025-12-12 00:01:59,704 - urllib3.connectionpool - DEBUG - https://oauth.reddit.com:443 "GET /user/Achilles_TroySlayer/about/?raw_json=1 HTTP/1.1" 200 837
2025-12-12 00:01:59,705 - prawcore - DEBUG - Response: 200 (837 bytes) (rst-480:rem-799.0:used-201 ratelimit) at 1765508519.705452
2025-12-12 00:01:59,710 - UNI_v4 - INFO - Reddit: Coletados 100 resultados com sucesso
2025-12-12 00:01:59,714 - UNI_v4 - INFO - Reddit: 100/100 itens válidos após validação
2025-12-12 00:01:59,714 - UNI_v4 - INFO - Reddit: 100 resultados coletados com sucesso
2025-12-12 00:02:03,105 - UNI_v4 - INFO - Iniciando coleta de Google News para termo 'bipa'
2025-12-12 00:02:03,126 - urllib3.connectionpool - DEBUG - Starting new HTTPS connection (1): gnews.io:443
2025-12-12 00:02:03,689 - urllib3.connectionpool - DEBUG - https://gnews.io:443 "GET /api/v4/search?q=bipa&lang=pt&country=br&max=100&apikey=91a7bc222ecfdac6c60019c4fb1ec87c HTTP/1.1" 200 None
2025-12-12 00:02:03,690 - UNI_v4 - INFO - Google News: Coletados 0 resultados com sucesso
2025-12-12 00:02:03,691 - UNI_v4 - WARNING - Google News: Nenhum resultado válido encontrado
2025-12-12 00:02:03,691 - UNI_v4 - INFO - Iniciando coleta de Hacker News para termo 'bipa'
2025-12-12 00:02:03,691 - UNI_v4 - INFO - Hacker News: Iniciando coleta para 'bipa' (limite: 100)
2025-12-12 00:02:03,720 - urllib3.connectionpool - DEBUG - Starting new HTTPS connection (1): hn.algolia.com:443
2025-12-12 00:02:04,174 - urllib3.connectionpool - DEBUG - https://hn.algolia.com:443 "GET /api/v1/search?query=bipa&tags=story&hitsPerPage=100&numericFilters= HTTP/1.1" 200 91492
2025-12-12 00:02:04,427 - UNI_v4 - INFO - Hacker News: Coletados 100 resultados com sucesso
2025-12-12 00:02:04,429 - UNI_v4 - INFO - Hacker News: 100/100 itens válidos após validação
2025-12-12 00:02:04,429 - UNI_v4 - INFO - Hacker News: 100 resultados coletados com sucesso
2025-12-12 00:02:07,835 - UNI_v4 - INFO - Iniciando coleta de GitHub para termo 'bipa'
2025-12-12 00:02:07,851 - urllib3.connectionpool - DEBUG - Starting new HTTPS connection (1): api.github.com:443
2025-12-12 00:02:10,397 - urllib3.connectionpool - DEBUG - https://api.github.com:443 "GET /search/repositories?q=bipa&sort=stars&order=desc&per_page=100 HTTP/1.1" 200 None
2025-12-12 00:02:10,514 - UNI_v4 - INFO - GitHub: Coletados 100 resultados com sucesso
2025-12-12 00:02:10,515 - UNI_v4 - INFO - GitHub: 100/100 itens válidos após validação
2025-12-12 00:02:10,515 - UNI_v4 - INFO - GitHub: 100 resultados coletados com sucesso
2025-12-12 00:02:13,894 - UNI_v4 - INFO - Iniciando coleta de arXiv para termo 'bipa'
2025-12-12 00:02:13,894 - UNI_v4 - INFO - arXiv: Iniciando coleta para 'bipa' (limite: 100)
2025-12-12 00:02:14,054 - urllib3.connectionpool - DEBUG - Starting new HTTP connection (1): export.arxiv.org:80
2025-12-12 00:02:14,071 - urllib3.connectionpool - DEBUG - http://export.arxiv.org:80 "GET /api/query?search_query=all:bipa&start=0&max_results=100&sortBy=relevance HTTP/1.1" 301 0
2025-12-12 00:02:14,078 - urllib3.connectionpool - DEBUG - Starting new HTTPS connection (1): export.arxiv.org:443
2025-12-12 00:02:14,376 - urllib3.connectionpool - DEBUG - https://export.arxiv.org:443 "GET /api/query?search_query=all:bipa&start=0&max_results=100&sortBy=relevance HTTP/1.1" 200 5614
2025-12-12 00:02:14,392 - UNI_v4 - INFO - arXiv: Coletados 2 resultados com sucesso
2025-12-12 00:02:14,394 - UNI_v4 - INFO - arXiv: 2/2 itens válidos após validação
2025-12-12 00:02:14,394 - UNI_v4 - INFO - arXiv: 2 resultados coletados com sucesso
2025-12-12 00:02:14,464 - UNI_v4 - INFO - Iniciando coleta de Wikipedia para termo 'bipa'
2025-12-12 00:02:14,465 - UNI_v4 - INFO - Wikipedia: Iniciando coleta para 'bipa' (limite: 20, lang: pt)
2025-12-12 00:02:14,476 - urllib3.connectionpool - DEBUG - Starting new HTTPS connection (1): pt.wikipedia.org:443
2025-12-12 00:02:14,807 - urllib3.connectionpool - DEBUG - https://pt.wikipedia.org:443 "GET /w/api.php?action=query&format=json&list=search&srsearch=bipa&srlimit=20&srnamespace=0 HTTP/1.1" 200 None
2025-12-12 00:02:14,810 - urllib3.connectionpool - DEBUG - Starting new HTTPS connection (1): pt.wikipedia.org:443
2025-12-12 00:02:15,054 - urllib3.connectionpool - DEBUG - https://pt.wikipedia.org:443 "GET /api/rest_v1/page/summary/Lip_Service_(grupo) HTTP/1.1" 200 574
2025-12-12 00:02:15,057 - urllib3.connectionpool - DEBUG - Starting new HTTPS connection (1): pt.wikipedia.org:443
2025-12-12 00:02:15,343 - urllib3.connectionpool - DEBUG - https://pt.wikipedia.org:443 "GET /api/rest_v1/page/summary/Socata_TB_30_Epsilon HTTP/1.1" 200 550
2025-12-12 00:02:15,419 - urllib3.connectionpool - DEBUG - Starting new HTTPS connection (1): pt.wikipedia.org:443
2025-12-12 00:02:15,680 - urllib3.connectionpool - DEBUG - https://pt.wikipedia.org:443 "GET /api/rest_v1/page/summary/Yakovlev_Yak-52 HTTP/1.1" 200 702
2025-12-12 00:02:15,684 - urllib3.connectionpool - DEBUG - Starting new HTTPS connection (1): pt.wikipedia.org:443
2025-12-12 00:02:16,978 - urllib3.connectionpool - DEBUG - https://pt.wikipedia.org:443 "GET /api/rest_v1/page/summary/Schienenzeppelin HTTP/1.1" 200 None
2025-12-12 00:02:16,988 - urllib3.connectionpool - DEBUG - Starting new HTTPS connection (1): pt.wikipedia.org:443
2025-12-12 00:02:17,232 - urllib3.connectionpool - DEBUG - https://pt.wikipedia.org:443 "GET /api/rest_v1/page/summary/Neopaganismo_eslavo HTTP/1.1" 200 804
2025-12-12 00:02:17,238 - urllib3.connectionpool - DEBUG - Starting new HTTPS connection (1): pt.wikipedia.org:443
2025-12-12 00:02:17,485 - urllib3.connectionpool - DEBUG - https://pt.wikipedia.org:443 "GET /api/rest_v1/page/summary/WALL-E HTTP/1.1" 200 None
2025-12-12 00:02:17,488 - urllib3.connectionpool - DEBUG - Starting new HTTPS connection (1): pt.wikipedia.org:443
2025-12-12 00:02:18,969 - urllib3.connectionpool - DEBUG - https://pt.wikipedia.org:443 "GET /api/rest_v1/page/summary/Pilatus_P-3 HTTP/1.1" 200 614
2025-12-12 00:02:18,980 - urllib3.connectionpool - DEBUG - Starting new HTTPS connection (1): pt.wikipedia.org:443
2025-12-12 00:02:19,224 - urllib3.connectionpool - DEBUG - https://pt.wikipedia.org:443 "GET /api/rest_v1/page/summary/Aero_Boero_AB-115 HTTP/1.1" 200 653
2025-12-12 00:02:19,230 - urllib3.connectionpool - DEBUG - Starting new HTTPS connection (1): pt.wikipedia.org:443
2025-12-12 00:02:19,494 - urllib3.connectionpool - DEBUG - https://pt.wikipedia.org:443 "GET /api/rest_v1/page/summary/Piper_PA-24_Comanche HTTP/1.1" 200 818
2025-12-12 00:02:19,498 - urllib3.connectionpool - DEBUG - Starting new HTTPS connection (1): pt.wikipedia.org:443
2025-12-12 00:02:19,613 - urllib3.connectionpool - DEBUG - https://pt.wikipedia.org:443 "GET /api/rest_v1/page/summary/Hist%C3%B3ria_do_estado_de_S%C3%A3o_Paulo HTTP/1.1" 200 1772
2025-12-12 00:02:19,623 - urllib3.connectionpool - DEBUG - Starting new HTTPS connection (1): pt.wikipedia.org:443
2025-12-12 00:02:21,145 - urllib3.connectionpool - DEBUG - https://pt.wikipedia.org:443 "GET /api/rest_v1/page/summary/Piper_PA-12_Super_Cruiser HTTP/1.1" 200 689
2025-12-12 00:02:21,154 - urllib3.connectionpool - DEBUG - Starting new HTTPS connection (1): pt.wikipedia.org:443
2025-12-12 00:02:22,452 - urllib3.connectionpool - DEBUG - https://pt.wikipedia.org:443 "GET /api/rest_v1/page/summary/Piper_PA-44_Seminole HTTP/1.1" 200 710
2025-12-12 00:02:22,482 - urllib3.connectionpool - DEBUG - Starting new HTTPS connection (1): pt.wikipedia.org:443
2025-12-12 00:02:22,719 - urllib3.connectionpool - DEBUG - https://pt.wikipedia.org:443 "GET /api/rest_v1/page/summary/Dororo_(filme) HTTP/1.1" 200 740
2025-12-12 00:02:22,724 - urllib3.connectionpool - DEBUG - Starting new HTTPS connection (1): pt.wikipedia.org:443
2025-12-12 00:02:24,031 - urllib3.connectionpool - DEBUG - https://pt.wikipedia.org:443 "GET /api/rest_v1/page/summary/Piper_J-5 HTTP/1.1" 200 737
2025-12-12 00:02:24,038 - urllib3.connectionpool - DEBUG - Starting new HTTPS connection (1): pt.wikipedia.org:443
2025-12-12 00:02:24,296 - urllib3.connectionpool - DEBUG - https://pt.wikipedia.org:443 "GET /api/rest_v1/page/summary/Piper_PA-14_Family_Cruiser HTTP/1.1" 200 706
2025-12-12 00:02:24,300 - urllib3.connectionpool - DEBUG - Starting new HTTPS connection (1): pt.wikipedia.org:443
2025-12-12 00:02:25,509 - urllib3.connectionpool - DEBUG - https://pt.wikipedia.org:443 "GET /api/rest_v1/page/summary/ANBO_I HTTP/1.1" 200 730
2025-12-12 00:02:25,516 - urllib3.connectionpool - DEBUG - Starting new HTTPS connection (1): pt.wikipedia.org:443
2025-12-12 00:02:26,604 - urllib3.connectionpool - DEBUG - https://pt.wikipedia.org:443 "GET /api/rest_v1/page/summary/Piper_PT-1 HTTP/1.1" 200 700
2025-12-12 00:02:26,611 - urllib3.connectionpool - DEBUG - Starting new HTTPS connection (1): pt.wikipedia.org:443
2025-12-12 00:02:26,861 - urllib3.connectionpool - DEBUG - https://pt.wikipedia.org:443 "GET /api/rest_v1/page/summary/Pilatus_P-2 HTTP/1.1" 200 None
2025-12-12 00:02:26,868 - urllib3.connectionpool - DEBUG - Starting new HTTPS connection (1): pt.wikipedia.org:443
2025-12-12 00:02:27,118 - urllib3.connectionpool - DEBUG - https://pt.wikipedia.org:443 "GET /api/rest_v1/page/summary/Socata_ST_10 HTTP/1.1" 200 None
2025-12-12 00:02:27,126 - urllib3.connectionpool - DEBUG - Starting new HTTPS connection (1): pt.wikipedia.org:443
2025-12-12 00:02:27,698 - urllib3.connectionpool - DEBUG - https://pt.wikipedia.org:443 "GET /api/rest_v1/page/summary/Piper_PA-6 HTTP/1.1" 200 508
2025-12-12 00:02:27,702 - UNI_v4 - INFO - Wikipedia: Coletados 20 resultados com sucesso
2025-12-12 00:02:27,706 - UNI_v4 - INFO - Wikipedia: 20/20 itens válidos após validação
2025-12-12 00:02:27,706 - UNI_v4 - INFO - Wikipedia: 20 resultados coletados com sucesso
2025-12-12 00:02:28,387 - UNI_v4 - INFO - Iniciando coleta de Google Scholar para termo 'bipa'
2025-12-12 00:02:28,447 - urllib3.connectionpool - DEBUG - Starting new HTTPS connection (1): api.semanticscholar.org:443
2025-12-12 00:02:29,963 - urllib3.connectionpool - DEBUG - https://api.semanticscholar.org:443 "GET /graph/v1/paper/search?query=bipa&limit=100&fields=title%2Cauthors%2Cyear%2Curl%2Cabstract%2CcitationCount%2CreferenceCount%2Cvenue%2CfieldsOfStudy%2CpublicationTypes%2CpublicationDate%2Cjournal%2CexternalIds HTTP/1.1" 200 277606
2025-12-12 00:02:30,487 - UNI_v4 - ERROR - Google Scholar: Erro inesperado: can only join an iterable
2025-12-12 00:02:30,487 - UNI_v4 - DEBUG - Traceback (most recent call last):
  File "/Users/eas/Desktop/github/emersonalmeida/emersonalmeida.github.io/project/uni/uni_v4.py", line 1102, in coletar_scholar
    "fields_of_study": ", ".join(paper.get("fieldsOfStudy", [])),
TypeError: can only join an iterable

2025-12-12 00:02:30,489 - UNI_v4 - WARNING - Google Scholar: Nenhum resultado válido encontrado
2025-12-12 00:02:30,490 - UNI_v4 - INFO - Iniciando coleta de Google Play para termo 'bipa'
2025-12-12 00:02:30,490 - UNI_v4 - INFO - Google Play: Iniciando coleta para 'bipa' (limite: 50)
2025-12-12 00:02:30,504 - UNI_v4 - ERROR - Google Play: Erro na coleta: search() got an unexpected keyword argument 'n'
2025-12-12 00:02:30,505 - UNI_v4 - DEBUG - Traceback (most recent call last):
  File "/Users/eas/Desktop/github/emersonalmeida/emersonalmeida.github.io/project/uni/uni_v4.py", line 1129, in coletar_google_play
    apps = gplay_search(term, lang=lang, country=country, n=n)
TypeError: search() got an unexpected keyword argument 'n'

2025-12-12 00:02:30,505 - UNI_v4 - WARNING - Google Play: Nenhum resultado válido encontrado
2025-12-12 00:02:30,505 - UNI_v4 - INFO - Iniciando coleta de Apple App Store para termo 'bipa'
2025-12-12 00:02:30,505 - UNI_v4 - INFO - Apple App Store: Iniciando coleta para 'bipa' (limite: 50)
2025-12-12 00:02:30,507 - UNI_v4 - WARNING - Apple App Store: Biblioteca app_store_scraper não disponível
2025-12-12 00:02:30,507 - UNI_v4 - WARNING - Apple App Store: Nenhum resultado válido encontrado
2025-12-12 00:02:30,510 - UNI_v4 - INFO - : JSON salvo em metadados_coleta.json
2025-12-12 00:02:30,536 - UNI_v4 - INFO - Google Suggest: 15/15 itens válidos após validação
2025-12-12 00:02:30,545 - UNI_v4 - INFO - Google Suggest: Salvo 15 registros com 8 colunas em google_suggest.csv
2025-12-12 00:02:30,546 - UNI_v4 - INFO - SERP - Google: 40/40 itens válidos após validação
2025-12-12 00:02:30,547 - UNI_v4 - INFO - SERP - Google: Salvo 40 registros com 12 colunas em serp___google.csv
2025-12-12 00:02:30,547 - UNI_v4 - INFO - SERP - Brave: 19/19 itens válidos após validação
2025-12-12 00:02:30,548 - UNI_v4 - INFO - SERP - Brave: Salvo 19 registros com 9 colunas em serp___brave.csv
2025-12-12 00:02:30,548 - UNI_v4 - INFO - SERP - Bing: 9/9 itens válidos após validação
2025-12-12 00:02:30,549 - UNI_v4 - INFO - SERP - Bing: Salvo 9 registros com 9 colunas em serp___bing.csv
2025-12-12 00:02:30,549 - UNI_v4 - INFO - YouTube: 25/25 itens válidos após validação
2025-12-12 00:02:30,550 - UNI_v4 - INFO - YouTube: Salvo 25 registros com 21 colunas em youtube.csv
2025-12-12 00:02:30,551 - UNI_v4 - INFO - Reddit: 100/100 itens válidos após validação
2025-12-12 00:02:30,555 - UNI_v4 - INFO - Reddit: Salvo 100 registros com 25 colunas em reddit.csv
2025-12-12 00:02:30,555 - UNI_v4 - INFO - Hacker News: 100/100 itens válidos após validação
2025-12-12 00:02:30,558 - UNI_v4 - INFO - Hacker News: Salvo 100 registros com 18 colunas em hacker_news.csv
2025-12-12 00:02:30,558 - UNI_v4 - INFO - GitHub: 100/100 itens válidos após validação
2025-12-12 00:02:30,561 - UNI_v4 - INFO - GitHub: Salvo 100 registros com 23 colunas em github.csv
2025-12-12 00:02:30,561 - UNI_v4 - INFO - arXiv: 2/2 itens válidos após validação
2025-12-12 00:02:30,562 - UNI_v4 - INFO - arXiv: Salvo 2 registros com 16 colunas em arxiv.csv
2025-12-12 00:02:30,562 - UNI_v4 - INFO - Wikipedia: 20/20 itens válidos após validação
2025-12-12 00:02:30,564 - UNI_v4 - INFO - Wikipedia: Salvo 20 registros com 17 colunas em wikipedia.csv
2025-12-12 00:02:30,595 - UNI_v4 - INFO - Consolidado: JSON salvo em resultados_completos.json
2025-12-12 00:14:55,143 - UNI_v5 - INFO - : JSON salvo em metadados_coleta.json
2025-12-12 00:14:55,144 - UNI_v5 - INFO - Iniciando coleta de Google Suggest para termo 'abacate' (limite: 10)
2025-12-12 00:14:55,144 - UNI_v5 - INFO - Google Suggest: Iniciando coleta para 'abacate' (limite: 10)
2025-12-12 00:14:55,176 - urllib3.connectionpool - DEBUG - Starting new HTTPS connection (1): suggestqueries.google.com:443
2025-12-12 00:14:55,370 - urllib3.connectionpool - DEBUG - https://suggestqueries.google.com:443 "GET /complete/search?q=abacate&gl=br&client=chrome&hl=pt HTTP/1.1" 200 None
2025-12-12 00:14:55,372 - UNI_v5 - INFO - Google Suggest: Coletados 10 resultados com sucesso
2025-12-12 00:14:55,372 - UNI_v5 - INFO - Google Suggest: 10/10 itens válidos após validação
2025-12-12 00:14:55,372 - UNI_v5 - INFO - Google Suggest: 10 resultados coletados com sucesso
2025-12-12 00:14:55,910 - UNI_v5 - INFO - Iniciando coleta de SERP - DuckDuckGo para termo 'abacate' (limite: 10)
2025-12-12 00:14:55,910 - UNI_v5 - INFO - DuckDuckGo: Iniciando coleta para 'abacate' (limite: 10, tentativa 1/3)
2025-12-12 00:14:55,910 - UNI_v5 - WARNING - DuckDuckGo: Tentativa 1 falhou: local variable 'DDGS' referenced before assignment
2025-12-12 00:14:57,916 - UNI_v5 - INFO - DuckDuckGo: Iniciando coleta para 'abacate' (limite: 10, tentativa 2/3)
2025-12-12 00:14:57,917 - UNI_v5 - WARNING - DuckDuckGo: Tentativa 2 falhou: local variable 'DDGS' referenced before assignment
2025-12-12 00:14:59,919 - UNI_v5 - INFO - DuckDuckGo: Iniciando coleta para 'abacate' (limite: 10, tentativa 3/3)
2025-12-12 00:14:59,921 - UNI_v5 - WARNING - DuckDuckGo: Tentativa 3 falhou: local variable 'DDGS' referenced before assignment
2025-12-12 00:14:59,922 - UNI_v5 - ERROR - DuckDuckGo: Todas as tentativas falharam
2025-12-12 00:14:59,928 - UNI_v5 - DEBUG - Traceback (most recent call last):
  File "/Users/eas/Desktop/github/emersonalmeida/emersonalmeida.github.io/project/uni/uni_v5.py", line 480, in coletar_duckduckgo
    with DDGS() as ddgs:
UnboundLocalError: local variable 'DDGS' referenced before assignment

2025-12-12 00:14:59,928 - UNI_v5 - WARNING - SERP - DuckDuckGo: Tentativa 1 não retornou resultados, tentando novamente...
2025-12-12 00:15:00,933 - UNI_v5 - INFO - DuckDuckGo: Iniciando coleta para 'abacate' (limite: 10, tentativa 1/3)
2025-12-12 00:15:00,934 - UNI_v5 - WARNING - DuckDuckGo: Tentativa 1 falhou: local variable 'DDGS' referenced before assignment
2025-12-12 00:15:02,936 - UNI_v5 - INFO - DuckDuckGo: Iniciando coleta para 'abacate' (limite: 10, tentativa 2/3)
2025-12-12 00:15:02,936 - UNI_v5 - WARNING - DuckDuckGo: Tentativa 2 falhou: local variable 'DDGS' referenced before assignment
2025-12-12 00:15:04,938 - UNI_v5 - INFO - DuckDuckGo: Iniciando coleta para 'abacate' (limite: 10, tentativa 3/3)
2025-12-12 00:15:04,939 - UNI_v5 - WARNING - DuckDuckGo: Tentativa 3 falhou: local variable 'DDGS' referenced before assignment
2025-12-12 00:15:04,939 - UNI_v5 - ERROR - DuckDuckGo: Todas as tentativas falharam
2025-12-12 00:15:04,940 - UNI_v5 - DEBUG - Traceback (most recent call last):
  File "/Users/eas/Desktop/github/emersonalmeida/emersonalmeida.github.io/project/uni/uni_v5.py", line 480, in coletar_duckduckgo
    with DDGS() as ddgs:
UnboundLocalError: local variable 'DDGS' referenced before assignment

2025-12-12 00:15:04,940 - UNI_v5 - WARNING - SERP - DuckDuckGo: Nenhum resultado válido encontrado após todas as tentativas
2025-12-12 00:15:05,145 - UNI_v5 - INFO - Iniciando coleta de SERP - Google para termo 'abacate' (limite: 10)
2025-12-12 00:15:05,145 - UNI_v5 - INFO - Google: Iniciando coleta para 'abacate' (limite: 10)
2025-12-12 00:15:05,152 - googleapiclient.discovery_cache - INFO - file_cache is only supported with oauth2client<4.0.0
2025-12-12 00:15:05,162 - googleapiclient.discovery - DEBUG - URL being requested: GET https://customsearch.googleapis.com/customsearch/v1?q=abacate&cx=f07ccd3b922d6437b&gl=br&lr=lang_pt&start=1&num=10&key=AIzaSyBj80B2fwVvFEMtcQU8tPV_NCNaEmQvzhc&alt=json
2025-12-12 00:15:05,664 - UNI_v5 - INFO - Google: Coletados 10 resultados com sucesso
2025-12-12 00:15:05,664 - UNI_v5 - INFO - SERP - Google: 10/10 itens válidos após validação
2025-12-12 00:15:05,665 - UNI_v5 - INFO - SERP - Google: 10 resultados coletados com sucesso
2025-12-12 00:15:06,212 - UNI_v5 - INFO - Iniciando coleta de SERP - Brave para termo 'abacate' (limite: 10)
2025-12-12 00:15:06,213 - UNI_v5 - INFO - Brave: Iniciando coleta para 'abacate' (limite: 10)
2025-12-12 00:15:06,243 - urllib3.connectionpool - DEBUG - Starting new HTTPS connection (1): api.search.brave.com:443
2025-12-12 00:15:07,247 - urllib3.connectionpool - DEBUG - https://api.search.brave.com:443 "GET /res/v1/web/search?q=abacate&count=10&country=br HTTP/1.1" 200 None
2025-12-12 00:15:07,250 - UNI_v5 - INFO - Brave: Coletados 10 resultados com sucesso
2025-12-12 00:15:07,252 - UNI_v5 - INFO - SERP - Brave: 10/10 itens válidos após validação
2025-12-12 00:15:07,252 - UNI_v5 - INFO - SERP - Brave: 10 resultados coletados com sucesso
2025-12-12 00:15:07,786 - UNI_v5 - INFO - Iniciando coleta de SERP - Bing para termo 'abacate' (limite: 10)
2025-12-12 00:15:07,918 - urllib3.connectionpool - DEBUG - Starting new HTTPS connection (1): serpapi.com:443
2025-12-12 00:15:16,522 - urllib3.connectionpool - DEBUG - https://serpapi.com:443 "GET /search?engine=bing&q=abacate&cc=br&count=10&api_key=e71430bcff8bdc906f7a5ed9ae1538355c2efb0fb88ffa071f7125a76cc2b142 HTTP/1.1" 200 None
2025-12-12 00:15:16,526 - UNI_v5 - INFO - Bing: Coletados 10 resultados com sucesso
2025-12-12 00:15:16,528 - UNI_v5 - INFO - SERP - Bing: 10/10 itens válidos após validação
2025-12-12 00:15:16,528 - UNI_v5 - INFO - SERP - Bing: 10 resultados coletados com sucesso
2025-12-12 00:15:17,073 - UNI_v5 - INFO - YouTube: Iniciando coleta para 'abacate' (limite: 10)
2025-12-12 00:15:17,077 - googleapiclient.discovery_cache - INFO - file_cache is only supported with oauth2client<4.0.0
2025-12-12 00:15:17,085 - googleapiclient.discovery - DEBUG - URL being requested: GET https://youtube.googleapis.com/youtube/v3/search?part=snippet&q=abacate&type=video&maxResults=10&order=relevance&regionCode=BR&relevanceLanguage=pt&key=AIzaSyBj80B2fwVvFEMtcQU8tPV_NCNaEmQvzhc&alt=json
2025-12-12 00:15:17,584 - googleapiclient.discovery - DEBUG - URL being requested: GET https://youtube.googleapis.com/youtube/v3/videos?part=statistics%2CcontentDetails%2Csnippet%2Cstatus&id=R23jsSIkqVI%2Cw5h0TgO-GNo%2Cspnk6Rbbv6k%2CrjjIazIb3Bk%2Cd0OIbtqYsfM%2CTqYKUZAP8rw%2CIfib1ysRuAE%2CVOwcRmU27a0%2CQ2TR2RgElIY%2ClT3GSY3NW2o&key=AIzaSyBj80B2fwVvFEMtcQU8tPV_NCNaEmQvzhc&alt=json
2025-12-12 00:15:17,897 - UNI_v5 - INFO - YouTube: Coletados 10 resultados com sucesso
2025-12-12 00:15:18,103 - UNI_v5 - INFO - Reddit: Iniciando coleta para 'abacate' (subreddit: all, limite: 10)
2025-12-12 00:15:18,109 - urllib3.connectionpool - DEBUG - Starting new HTTPS connection (1): pypi.org:443
2025-12-12 00:15:18,150 - urllib3.connectionpool - DEBUG - https://pypi.org:443 "GET /pypi/praw/json HTTP/1.1" 200 36290
2025-12-12 00:15:18,160 - prawcore - DEBUG - Fetching: GET https://oauth.reddit.com/r/all/search/ at 1765509318.1602528
2025-12-12 00:15:18,160 - prawcore - DEBUG - Data: None
2025-12-12 00:15:18,160 - prawcore - DEBUG - Params: {'limit': 10,
 'q': 'abacate',
 'raw_json': 1,
 'restrict_sr': False,
 'sort': 'relevance',
 'syntax': 'lucene',
 't': 'all'}
2025-12-12 00:15:18,171 - urllib3.connectionpool - DEBUG - Starting new HTTPS connection (1): www.reddit.com:443
2025-12-12 00:15:18,368 - urllib3.connectionpool - DEBUG - https://www.reddit.com:443 "POST /api/v1/access_token HTTP/1.1" 200 654
2025-12-12 00:15:18,377 - urllib3.connectionpool - DEBUG - Starting new HTTPS connection (1): oauth.reddit.com:443
2025-12-12 00:15:19,034 - urllib3.connectionpool - DEBUG - https://oauth.reddit.com:443 "GET /r/all/search/?q=abacate&restrict_sr=False&sort=relevance&syntax=lucene&t=all&limit=10&raw_json=1 HTTP/1.1" 200 19158
2025-12-12 00:15:19,038 - prawcore - DEBUG - Response: 200 (19158 bytes) (rst-281:rem-999.0:used-1 ratelimit) at 1765509319.038615
2025-12-12 00:15:19,048 - prawcore - DEBUG - Fetching: GET https://oauth.reddit.com/r/WorkReform/about/ at 1765509319.0484061
2025-12-12 00:15:19,048 - prawcore - DEBUG - Data: None
2025-12-12 00:15:19,048 - prawcore - DEBUG - Params: {'raw_json': 1}
2025-12-12 00:15:19,243 - urllib3.connectionpool - DEBUG - https://oauth.reddit.com:443 "GET /r/WorkReform/about/?raw_json=1 HTTP/1.1" 200 4436
2025-12-12 00:15:19,244 - prawcore - DEBUG - Response: 200 (4436 bytes) (rst-280:rem-998.0:used-2 ratelimit) at 1765509319.244899
2025-12-12 00:15:19,245 - prawcore - DEBUG - Fetching: GET https://oauth.reddit.com/user/kevinmrr/about/ at 1765509319.24574
2025-12-12 00:15:19,245 - prawcore - DEBUG - Data: None
2025-12-12 00:15:19,245 - prawcore - DEBUG - Params: {'raw_json': 1}
2025-12-12 00:15:19,443 - urllib3.connectionpool - DEBUG - https://oauth.reddit.com:443 "GET /user/kevinmrr/about/?raw_json=1 HTTP/1.1" 200 991
2025-12-12 00:15:19,446 - prawcore - DEBUG - Response: 200 (991 bytes) (rst-280:rem-997.0:used-3 ratelimit) at 1765509319.44644
2025-12-12 00:15:19,452 - prawcore - DEBUG - Fetching: GET https://oauth.reddit.com/r/PORTUGALCARALHO/about/ at 1765509319.4519832
2025-12-12 00:15:19,452 - prawcore - DEBUG - Data: None
2025-12-12 00:15:19,452 - prawcore - DEBUG - Params: {'raw_json': 1}
2025-12-12 00:15:19,656 - urllib3.connectionpool - DEBUG - https://oauth.reddit.com:443 "GET /r/PORTUGALCARALHO/about/?raw_json=1 HTTP/1.1" 200 2487
2025-12-12 00:15:19,657 - prawcore - DEBUG - Response: 200 (2487 bytes) (rst-280:rem-996.0:used-4 ratelimit) at 1765509319.657907
2025-12-12 00:15:19,658 - prawcore - DEBUG - Fetching: GET https://oauth.reddit.com/user/Psyfreakpt/about/ at 1765509319.6585228
2025-12-12 00:15:19,658 - prawcore - DEBUG - Data: None
2025-12-12 00:15:19,658 - prawcore - DEBUG - Params: {'raw_json': 1}
2025-12-12 00:15:19,857 - urllib3.connectionpool - DEBUG - https://oauth.reddit.com:443 "GET /user/Psyfreakpt/about/?raw_json=1 HTTP/1.1" 200 928
2025-12-12 00:15:19,860 - prawcore - DEBUG - Response: 200 (928 bytes) (rst-280:rem-995.0:used-5 ratelimit) at 1765509319.86082
2025-12-12 00:15:19,864 - prawcore - DEBUG - Fetching: GET https://oauth.reddit.com/r/WorkReform/about/ at 1765509319.8642812
2025-12-12 00:15:19,864 - prawcore - DEBUG - Data: None
2025-12-12 00:15:19,864 - prawcore - DEBUG - Params: {'raw_json': 1}
2025-12-12 00:15:20,056 - urllib3.connectionpool - DEBUG - https://oauth.reddit.com:443 "GET /r/WorkReform/about/?raw_json=1 HTTP/1.1" 200 4436
2025-12-12 00:15:20,057 - prawcore - DEBUG - Response: 200 (4436 bytes) (rst-280:rem-994.0:used-6 ratelimit) at 1765509320.057677
2025-12-12 00:15:20,058 - prawcore - DEBUG - Fetching: GET https://oauth.reddit.com/user/Polar2Man/about/ at 1765509320.0584
2025-12-12 00:15:20,058 - prawcore - DEBUG - Data: None
2025-12-12 00:15:20,058 - prawcore - DEBUG - Params: {'raw_json': 1}
2025-12-12 00:15:20,256 - urllib3.connectionpool - DEBUG - https://oauth.reddit.com:443 "GET /user/Polar2Man/about/?raw_json=1 HTTP/1.1" 200 922
2025-12-12 00:15:20,258 - prawcore - DEBUG - Response: 200 (922 bytes) (rst-279:rem-993.0:used-7 ratelimit) at 1765509320.258294
2025-12-12 00:15:20,262 - prawcore - DEBUG - Fetching: GET https://oauth.reddit.com/r/gororoba/about/ at 1765509320.262163
2025-12-12 00:15:20,265 - prawcore - DEBUG - Data: None
2025-12-12 00:15:20,265 - prawcore - DEBUG - Params: {'raw_json': 1}
2025-12-12 00:15:20,455 - urllib3.connectionpool - DEBUG - https://oauth.reddit.com:443 "GET /r/gororoba/about/?raw_json=1 HTTP/1.1" 200 2239
2025-12-12 00:15:20,457 - prawcore - DEBUG - Response: 200 (2239 bytes) (rst-279:rem-992.0:used-8 ratelimit) at 1765509320.457657
2025-12-12 00:15:20,458 - prawcore - DEBUG - Fetching: GET https://oauth.reddit.com/user/yanmagno/about/ at 1765509320.4585888
2025-12-12 00:15:20,458 - prawcore - DEBUG - Data: None
2025-12-12 00:15:20,458 - prawcore - DEBUG - Params: {'raw_json': 1}
2025-12-12 00:15:20,656 - urllib3.connectionpool - DEBUG - https://oauth.reddit.com:443 "GET /user/yanmagno/about/?raw_json=1 HTTP/1.1" 200 821
2025-12-12 00:15:20,657 - prawcore - DEBUG - Response: 200 (821 bytes) (rst-279:rem-991.0:used-9 ratelimit) at 1765509320.6578481
2025-12-12 00:15:20,661 - prawcore - DEBUG - Fetching: GET https://oauth.reddit.com/r/me_irl/about/ at 1765509320.661907
2025-12-12 00:15:20,665 - prawcore - DEBUG - Data: None
2025-12-12 00:15:20,665 - prawcore - DEBUG - Params: {'raw_json': 1}
2025-12-12 00:15:20,859 - urllib3.connectionpool - DEBUG - https://oauth.reddit.com:443 "GET /r/me_irl/about/?raw_json=1 HTTP/1.1" 200 6205
2025-12-12 00:15:20,860 - prawcore - DEBUG - Response: 200 (6205 bytes) (rst-279:rem-990.0:used-10 ratelimit) at 1765509320.860786
2025-12-12 00:15:20,861 - prawcore - DEBUG - Fetching: GET https://oauth.reddit.com/user/deuce-tatum/about/ at 1765509320.8615968
2025-12-12 00:15:20,861 - prawcore - DEBUG - Data: None
2025-12-12 00:15:20,861 - prawcore - DEBUG - Params: {'raw_json': 1}
2025-12-12 00:15:21,058 - urllib3.connectionpool - DEBUG - https://oauth.reddit.com:443 "GET /user/deuce-tatum/about/?raw_json=1 HTTP/1.1" 200 875
2025-12-12 00:15:21,059 - prawcore - DEBUG - Response: 200 (875 bytes) (rst-279:rem-989.0:used-11 ratelimit) at 1765509321.0598469
2025-12-12 00:15:21,063 - prawcore - DEBUG - Fetching: GET https://oauth.reddit.com/r/bisexual/about/ at 1765509321.063709
2025-12-12 00:15:21,063 - prawcore - DEBUG - Data: None
2025-12-12 00:15:21,064 - prawcore - DEBUG - Params: {'raw_json': 1}
2025-12-12 00:15:21,263 - urllib3.connectionpool - DEBUG - https://oauth.reddit.com:443 "GET /r/bisexual/about/?raw_json=1 HTTP/1.1" 200 5623
2025-12-12 00:15:21,265 - prawcore - DEBUG - Response: 200 (5623 bytes) (rst-278:rem-988.0:used-12 ratelimit) at 1765509321.2650611
2025-12-12 00:15:21,265 - prawcore - DEBUG - Fetching: GET https://oauth.reddit.com/user/Dysfunctional-Genius/about/ at 1765509321.2658901
2025-12-12 00:15:21,266 - prawcore - DEBUG - Data: None
2025-12-12 00:15:21,266 - prawcore - DEBUG - Params: {'raw_json': 1}
2025-12-12 00:15:21,468 - urllib3.connectionpool - DEBUG - https://oauth.reddit.com:443 "GET /user/Dysfunctional-Genius/about/?raw_json=1 HTTP/1.1" 200 706
2025-12-12 00:15:21,469 - prawcore - DEBUG - Response: 200 (706 bytes) (rst-278:rem-987.0:used-13 ratelimit) at 1765509321.469325
2025-12-12 00:15:21,473 - prawcore - DEBUG - Fetching: GET https://oauth.reddit.com/r/2latinoforyou/about/ at 1765509321.47347
2025-12-12 00:15:21,475 - prawcore - DEBUG - Data: None
2025-12-12 00:15:21,475 - prawcore - DEBUG - Params: {'raw_json': 1}
2025-12-12 00:15:21,674 - urllib3.connectionpool - DEBUG - https://oauth.reddit.com:443 "GET /r/2latinoforyou/about/?raw_json=1 HTTP/1.1" 200 1530
2025-12-12 00:15:21,675 - prawcore - DEBUG - Response: 200 (1530 bytes) (rst-278:rem-986.0:used-14 ratelimit) at 1765509321.6759229
2025-12-12 00:15:21,676 - prawcore - DEBUG - Fetching: GET https://oauth.reddit.com/user/KishimoHotagara/about/ at 1765509321.676517
2025-12-12 00:15:21,676 - prawcore - DEBUG - Data: None
2025-12-12 00:15:21,676 - prawcore - DEBUG - Params: {'raw_json': 1}
2025-12-12 00:15:21,909 - urllib3.connectionpool - DEBUG - https://oauth.reddit.com:443 "GET /user/KishimoHotagara/about/?raw_json=1 HTTP/1.1" 200 1017
2025-12-12 00:15:21,911 - prawcore - DEBUG - Response: 200 (1017 bytes) (rst-278:rem-985.0:used-15 ratelimit) at 1765509321.91115
2025-12-12 00:15:21,915 - prawcore - DEBUG - Fetching: GET https://oauth.reddit.com/r/finedining/about/ at 1765509321.915173
2025-12-12 00:15:21,915 - prawcore - DEBUG - Data: None
2025-12-12 00:15:21,915 - prawcore - DEBUG - Params: {'raw_json': 1}
2025-12-12 00:15:22,112 - urllib3.connectionpool - DEBUG - https://oauth.reddit.com:443 "GET /r/finedining/about/?raw_json=1 HTTP/1.1" 200 1752
2025-12-12 00:15:22,114 - prawcore - DEBUG - Response: 200 (1752 bytes) (rst-277:rem-984.0:used-16 ratelimit) at 1765509322.1146119
2025-12-12 00:15:22,115 - prawcore - DEBUG - Fetching: GET https://oauth.reddit.com/user/foodwriterdan/about/ at 1765509322.115343
2025-12-12 00:15:22,115 - prawcore - DEBUG - Data: None
2025-12-12 00:15:22,115 - prawcore - DEBUG - Params: {'raw_json': 1}
2025-12-12 00:15:22,322 - urllib3.connectionpool - DEBUG - https://oauth.reddit.com:443 "GET /user/foodwriterdan/about/?raw_json=1 HTTP/1.1" 200 748
2025-12-12 00:15:22,324 - prawcore - DEBUG - Response: 200 (748 bytes) (rst-277:rem-983.0:used-17 ratelimit) at 1765509322.324337
2025-12-12 00:15:22,328 - prawcore - DEBUG - Fetching: GET https://oauth.reddit.com/r/BiologiaBrasil/about/ at 1765509322.328507
2025-12-12 00:15:22,328 - prawcore - DEBUG - Data: None
2025-12-12 00:15:22,328 - prawcore - DEBUG - Params: {'raw_json': 1}
2025-12-12 00:15:22,522 - urllib3.connectionpool - DEBUG - https://oauth.reddit.com:443 "GET /r/BiologiaBrasil/about/?raw_json=1 HTTP/1.1" 200 1288
2025-12-12 00:15:22,524 - prawcore - DEBUG - Response: 200 (1288 bytes) (rst-277:rem-982.0:used-18 ratelimit) at 1765509322.524173
2025-12-12 00:15:22,525 - prawcore - DEBUG - Fetching: GET https://oauth.reddit.com/user/bdutra/about/ at 1765509322.525321
2025-12-12 00:15:22,525 - prawcore - DEBUG - Data: None
2025-12-12 00:15:22,525 - prawcore - DEBUG - Params: {'raw_json': 1}
2025-12-12 00:15:22,737 - urllib3.connectionpool - DEBUG - https://oauth.reddit.com:443 "GET /user/bdutra/about/?raw_json=1 HTTP/1.1" 200 822
2025-12-12 00:15:22,739 - prawcore - DEBUG - Response: 200 (822 bytes) (rst-277:rem-981.0:used-19 ratelimit) at 1765509322.739449
2025-12-12 00:15:22,744 - prawcore - DEBUG - Fetching: GET https://oauth.reddit.com/r/ShitpostBR/about/ at 1765509322.744016
2025-12-12 00:15:22,744 - prawcore - DEBUG - Data: None
2025-12-12 00:15:22,744 - prawcore - DEBUG - Params: {'raw_json': 1}
2025-12-12 00:15:22,937 - urllib3.connectionpool - DEBUG - https://oauth.reddit.com:443 "GET /r/ShitpostBR/about/?raw_json=1 HTTP/1.1" 200 1354
2025-12-12 00:15:22,940 - prawcore - DEBUG - Response: 200 (1354 bytes) (rst-277:rem-980.0:used-20 ratelimit) at 1765509322.9401221
2025-12-12 00:15:22,941 - prawcore - DEBUG - Fetching: GET https://oauth.reddit.com/user/Adorable_House_3166/about/ at 1765509322.94124
2025-12-12 00:15:22,941 - prawcore - DEBUG - Data: None
2025-12-12 00:15:22,941 - prawcore - DEBUG - Params: {'raw_json': 1}
2025-12-12 00:15:23,144 - urllib3.connectionpool - DEBUG - https://oauth.reddit.com:443 "GET /user/Adorable_House_3166/about/?raw_json=1 HTTP/1.1" 200 885
2025-12-12 00:15:23,145 - prawcore - DEBUG - Response: 200 (885 bytes) (rst-276:rem-979.0:used-21 ratelimit) at 1765509323.145237
2025-12-12 00:15:23,147 - UNI_v5 - INFO - Reddit: Coletados 10 resultados com sucesso
2025-12-12 00:15:23,353 - UNI_v5 - INFO - Iniciando coleta de Google News para termo 'abacate' (limite: 10)
2025-12-12 00:15:23,354 - UNI_v5 - INFO - Google News: Iniciando coleta para 'abacate' (limite: 10)
2025-12-12 00:15:23,372 - urllib3.connectionpool - DEBUG - Starting new HTTPS connection (1): gnews.io:443
2025-12-12 00:15:23,977 - urllib3.connectionpool - DEBUG - https://gnews.io:443 "GET /api/v4/search?q=abacate&lang=pt&country=br&max=10&apikey=91a7bc222ecfdac6c60019c4fb1ec87c HTTP/1.1" 200 None
2025-12-12 00:15:23,979 - UNI_v5 - INFO - Google News: Coletados 8 resultados com sucesso
2025-12-12 00:15:23,979 - UNI_v5 - INFO - Google News: 8/8 itens válidos após validação
2025-12-12 00:15:23,979 - UNI_v5 - INFO - Google News: 8 resultados coletados com sucesso
2025-12-12 00:15:24,453 - UNI_v5 - INFO - Iniciando coleta de Hacker News para termo 'abacate' (limite: 10)
2025-12-12 00:15:24,454 - UNI_v5 - INFO - Hacker News: Iniciando coleta para 'abacate' (limite: 10)
2025-12-12 00:15:24,613 - urllib3.connectionpool - DEBUG - Starting new HTTPS connection (1): hn.algolia.com:443
2025-12-12 00:15:24,983 - urllib3.connectionpool - DEBUG - https://hn.algolia.com:443 "GET /api/v1/search?query=abacate&tags=story&hitsPerPage=10&numericFilters= HTTP/1.1" 200 12194
2025-12-12 00:15:24,985 - UNI_v5 - INFO - Hacker News: Coletados 10 resultados com sucesso
2025-12-12 00:15:24,988 - UNI_v5 - INFO - Hacker News: 10/10 itens válidos após validação
2025-12-12 00:15:24,988 - UNI_v5 - INFO - Hacker News: 10 resultados coletados com sucesso
2025-12-12 00:15:25,542 - UNI_v5 - INFO - Iniciando coleta de GitHub para termo 'abacate' (limite: 10)
2025-12-12 00:15:25,558 - urllib3.connectionpool - DEBUG - Starting new HTTPS connection (1): api.github.com:443
2025-12-12 00:15:26,096 - urllib3.connectionpool - DEBUG - https://api.github.com:443 "GET /search/repositories?q=abacate&sort=stars&order=desc&per_page=10 HTTP/1.1" 200 None
2025-12-12 00:15:26,100 - UNI_v5 - INFO - GitHub: Coletados 10 resultados com sucesso
2025-12-12 00:15:26,102 - UNI_v5 - INFO - GitHub: 10/10 itens válidos após validação
2025-12-12 00:15:26,102 - UNI_v5 - INFO - GitHub: 10 resultados coletados com sucesso
2025-12-12 00:15:26,655 - UNI_v5 - INFO - Iniciando coleta de arXiv para termo 'abacate' (limite: 10)
2025-12-12 00:15:26,656 - UNI_v5 - INFO - arXiv: Iniciando coleta para 'abacate' (limite: 10)
2025-12-12 00:15:26,780 - urllib3.connectionpool - DEBUG - Starting new HTTP connection (1): export.arxiv.org:80
2025-12-12 00:15:26,800 - urllib3.connectionpool - DEBUG - http://export.arxiv.org:80 "GET /api/query?search_query=all:abacate&start=0&max_results=10&sortBy=relevance HTTP/1.1" 301 0
2025-12-12 00:15:26,807 - urllib3.connectionpool - DEBUG - Starting new HTTPS connection (1): export.arxiv.org:443
2025-12-12 00:15:27,131 - urllib3.connectionpool - DEBUG - https://export.arxiv.org:443 "GET /api/query?search_query=all:abacate&start=0&max_results=10&sortBy=relevance HTTP/1.1" 200 22828
2025-12-12 00:15:27,160 - UNI_v5 - INFO - arXiv: Coletados 10 resultados com sucesso
2025-12-12 00:15:27,161 - UNI_v5 - INFO - arXiv: 10/10 itens válidos após validação
2025-12-12 00:15:27,161 - UNI_v5 - INFO - arXiv: 10 resultados coletados com sucesso
2025-12-12 00:15:27,712 - UNI_v5 - INFO - Iniciando coleta de Wikipedia para termo 'abacate' (limite: 10)
2025-12-12 00:15:27,713 - UNI_v5 - INFO - Wikipedia: Iniciando coleta para 'abacate' (limite: 10, lang: pt)
2025-12-12 00:15:27,727 - urllib3.connectionpool - DEBUG - Starting new HTTPS connection (1): pt.wikipedia.org:443
2025-12-12 00:15:28,054 - urllib3.connectionpool - DEBUG - https://pt.wikipedia.org:443 "GET /w/api.php?action=query&format=json&list=search&srsearch=abacate&srlimit=10&srnamespace=0 HTTP/1.1" 200 None
2025-12-12 00:15:28,058 - urllib3.connectionpool - DEBUG - Starting new HTTPS connection (1): pt.wikipedia.org:443
2025-12-12 00:15:28,315 - urllib3.connectionpool - DEBUG - https://pt.wikipedia.org:443 "GET /api/rest_v1/page/summary/Abacate HTTP/1.1" 200 755
2025-12-12 00:15:28,322 - urllib3.connectionpool - DEBUG - Starting new HTTPS connection (1): pt.wikipedia.org:443
2025-12-12 00:15:28,575 - urllib3.connectionpool - DEBUG - https://pt.wikipedia.org:443 "GET /api/rest_v1/page/summary/Persea_americana HTTP/1.1" 200 648
2025-12-12 00:15:28,584 - urllib3.connectionpool - DEBUG - Starting new HTTPS connection (1): pt.wikipedia.org:443
2025-12-12 00:15:29,602 - urllib3.connectionpool - DEBUG - https://pt.wikipedia.org:443 "GET /api/rest_v1/page/summary/%C3%93leo_de_abacate HTTP/1.1" 200 714
2025-12-12 00:15:29,617 - urllib3.connectionpool - DEBUG - Starting new HTTPS connection (1): pt.wikipedia.org:443
2025-12-12 00:15:29,885 - urllib3.connectionpool - DEBUG - https://pt.wikipedia.org:443 "GET /api/rest_v1/page/summary/Guacamole HTTP/1.1" 200 622
2025-12-12 00:15:29,888 - urllib3.connectionpool - DEBUG - Starting new HTTPS connection (1): pt.wikipedia.org:443
2025-12-12 00:15:30,138 - urllib3.connectionpool - DEBUG - https://pt.wikipedia.org:443 "GET /api/rest_v1/page/summary/Verde HTTP/1.1" 200 681
2025-12-12 00:15:30,142 - urllib3.connectionpool - DEBUG - Starting new HTTPS connection (1): pt.wikipedia.org:443
2025-12-12 00:15:30,243 - urllib3.connectionpool - DEBUG - https://pt.wikipedia.org:443 "GET /api/rest_v1/page/summary/Venezuela HTTP/1.1" 200 1161
2025-12-12 00:15:30,255 - urllib3.connectionpool - DEBUG - Starting new HTTPS connection (1): pt.wikipedia.org:443
2025-12-12 00:15:30,505 - urllib3.connectionpool - DEBUG - https://pt.wikipedia.org:443 "GET /api/rest_v1/page/summary/Peru HTTP/1.1" 200 840
2025-12-12 00:15:30,508 - urllib3.connectionpool - DEBUG - Starting new HTTPS connection (1): pt.wikipedia.org:443
2025-12-12 00:15:30,611 - urllib3.connectionpool - DEBUG - https://pt.wikipedia.org:443 "GET /api/rest_v1/page/summary/S%C3%A3o_Paulo_(estado) HTTP/1.1" 200 935
2025-12-12 00:15:30,615 - urllib3.connectionpool - DEBUG - Starting new HTTPS connection (1): pt.wikipedia.org:443
2025-12-12 00:15:30,716 - urllib3.connectionpool - DEBUG - https://pt.wikipedia.org:443 "GET /api/rest_v1/page/summary/Am%C3%A9rica_do_Sul HTTP/1.1" 200 1057
2025-12-12 00:15:30,720 - urllib3.connectionpool - DEBUG - Starting new HTTPS connection (1): pt.wikipedia.org:443
2025-12-12 00:15:30,962 - urllib3.connectionpool - DEBUG - https://pt.wikipedia.org:443 "GET /api/rest_v1/page/summary/Fruta HTTP/1.1" 200 853
2025-12-12 00:15:30,963 - UNI_v5 - INFO - Wikipedia: Coletados 10 resultados com sucesso
2025-12-12 00:15:30,964 - UNI_v5 - INFO - Wikipedia: 10/10 itens válidos após validação
2025-12-12 00:15:30,964 - UNI_v5 - INFO - Wikipedia: 10 resultados coletados com sucesso
2025-12-12 00:15:31,511 - UNI_v5 - INFO - Iniciando coleta de Google Scholar para termo 'abacate' (limite: 10)
2025-12-12 00:15:31,511 - UNI_v5 - INFO - Google Scholar: Iniciando coleta para 'abacate' (limite: 10, tentativa 1/3)
2025-12-12 00:15:31,533 - urllib3.connectionpool - DEBUG - Starting new HTTPS connection (1): api.semanticscholar.org:443
2025-12-12 00:15:32,285 - urllib3.connectionpool - DEBUG - https://api.semanticscholar.org:443 "GET /graph/v1/paper/search?query=abacate&limit=10&fields=title%2Cauthors%2Cyear%2Curl%2Cabstract%2CcitationCount%2CreferenceCount%2Cvenue%2CfieldsOfStudy%2CpublicationTypes%2CpublicationDate%2Cjournal%2CexternalIds%2CisOpenAccess%2CopenAccessPdf HTTP/1.1" 200 29750
2025-12-12 00:15:32,285 - UNI_v5 - ERROR - Google Scholar: Erro inesperado: can only join an iterable
2025-12-12 00:15:32,285 - UNI_v5 - DEBUG - Traceback (most recent call last):
  File "/Users/eas/Desktop/github/emersonalmeida/emersonalmeida.github.io/project/uni/uni_v5.py", line 1202, in coletar_scholar
    "fields_of_study": ", ".join(paper.get("fieldsOfStudy", [])),
TypeError: can only join an iterable

2025-12-12 00:15:34,290 - UNI_v5 - INFO - Google Scholar: Iniciando coleta para 'abacate' (limite: 10, tentativa 2/3)
2025-12-12 00:15:35,413 - urllib3.connectionpool - DEBUG - https://api.semanticscholar.org:443 "GET /graph/v1/paper/search?query=abacate&limit=10&fields=title%2Cauthors%2Cyear%2Curl%2Cabstract%2CcitationCount%2CreferenceCount%2Cvenue%2CfieldsOfStudy%2CpublicationTypes%2CpublicationDate%2Cjournal%2CexternalIds%2CisOpenAccess%2CopenAccessPdf HTTP/1.1" 200 29750
2025-12-12 00:15:35,415 - UNI_v5 - ERROR - Google Scholar: Erro inesperado: can only join an iterable
2025-12-12 00:15:35,415 - UNI_v5 - DEBUG - Traceback (most recent call last):
  File "/Users/eas/Desktop/github/emersonalmeida/emersonalmeida.github.io/project/uni/uni_v5.py", line 1202, in coletar_scholar
    "fields_of_study": ", ".join(paper.get("fieldsOfStudy", [])),
TypeError: can only join an iterable

2025-12-12 00:15:37,421 - UNI_v5 - INFO - Google Scholar: Iniciando coleta para 'abacate' (limite: 10, tentativa 3/3)
2025-12-12 00:15:38,020 - urllib3.connectionpool - DEBUG - https://api.semanticscholar.org:443 "GET /graph/v1/paper/search?query=abacate&limit=10&fields=title%2Cauthors%2Cyear%2Curl%2Cabstract%2CcitationCount%2CreferenceCount%2Cvenue%2CfieldsOfStudy%2CpublicationTypes%2CpublicationDate%2Cjournal%2CexternalIds%2CisOpenAccess%2CopenAccessPdf HTTP/1.1" 200 27868
2025-12-12 00:15:38,021 - UNI_v5 - ERROR - Google Scholar: Erro inesperado: can only join an iterable
2025-12-12 00:15:38,021 - UNI_v5 - DEBUG - Traceback (most recent call last):
  File "/Users/eas/Desktop/github/emersonalmeida/emersonalmeida.github.io/project/uni/uni_v5.py", line 1202, in coletar_scholar
    "fields_of_study": ", ".join(paper.get("fieldsOfStudy", [])),
TypeError: can only join an iterable

2025-12-12 00:15:38,021 - UNI_v5 - WARNING - Google Scholar: Tentativa 1 não retornou resultados, tentando novamente...
2025-12-12 00:15:39,027 - UNI_v5 - INFO - Google Scholar: Iniciando coleta para 'abacate' (limite: 10, tentativa 1/3)
2025-12-12 00:15:40,086 - urllib3.connectionpool - DEBUG - https://api.semanticscholar.org:443 "GET /graph/v1/paper/search?query=abacate&limit=10&fields=title%2Cauthors%2Cyear%2Curl%2Cabstract%2CcitationCount%2CreferenceCount%2Cvenue%2CfieldsOfStudy%2CpublicationTypes%2CpublicationDate%2Cjournal%2CexternalIds%2CisOpenAccess%2CopenAccessPdf HTTP/1.1" 200 29750
2025-12-12 00:15:40,089 - UNI_v5 - ERROR - Google Scholar: Erro inesperado: can only join an iterable
2025-12-12 00:15:40,090 - UNI_v5 - DEBUG - Traceback (most recent call last):
  File "/Users/eas/Desktop/github/emersonalmeida/emersonalmeida.github.io/project/uni/uni_v5.py", line 1202, in coletar_scholar
    "fields_of_study": ", ".join(paper.get("fieldsOfStudy", [])),
TypeError: can only join an iterable

2025-12-12 00:15:42,094 - UNI_v5 - INFO - Google Scholar: Iniciando coleta para 'abacate' (limite: 10, tentativa 2/3)
2025-12-12 00:15:43,177 - urllib3.connectionpool - DEBUG - https://api.semanticscholar.org:443 "GET /graph/v1/paper/search?query=abacate&limit=10&fields=title%2Cauthors%2Cyear%2Curl%2Cabstract%2CcitationCount%2CreferenceCount%2Cvenue%2CfieldsOfStudy%2CpublicationTypes%2CpublicationDate%2Cjournal%2CexternalIds%2CisOpenAccess%2CopenAccessPdf HTTP/1.1" 200 29750
2025-12-12 00:15:43,179 - UNI_v5 - ERROR - Google Scholar: Erro inesperado: can only join an iterable
2025-12-12 00:15:43,180 - UNI_v5 - DEBUG - Traceback (most recent call last):
  File "/Users/eas/Desktop/github/emersonalmeida/emersonalmeida.github.io/project/uni/uni_v5.py", line 1202, in coletar_scholar
    "fields_of_study": ", ".join(paper.get("fieldsOfStudy", [])),
TypeError: can only join an iterable

2025-12-12 00:15:45,185 - UNI_v5 - INFO - Google Scholar: Iniciando coleta para 'abacate' (limite: 10, tentativa 3/3)
2025-12-12 00:15:50,847 - urllib3.connectionpool - DEBUG - https://api.semanticscholar.org:443 "GET /graph/v1/paper/search?query=abacate&limit=10&fields=title%2Cauthors%2Cyear%2Curl%2Cabstract%2CcitationCount%2CreferenceCount%2Cvenue%2CfieldsOfStudy%2CpublicationTypes%2CpublicationDate%2Cjournal%2CexternalIds%2CisOpenAccess%2CopenAccessPdf HTTP/1.1" 200 29750
2025-12-12 00:15:50,848 - UNI_v5 - ERROR - Google Scholar: Erro inesperado: can only join an iterable
2025-12-12 00:15:50,849 - UNI_v5 - DEBUG - Traceback (most recent call last):
  File "/Users/eas/Desktop/github/emersonalmeida/emersonalmeida.github.io/project/uni/uni_v5.py", line 1202, in coletar_scholar
    "fields_of_study": ", ".join(paper.get("fieldsOfStudy", [])),
TypeError: can only join an iterable

2025-12-12 00:15:50,849 - UNI_v5 - WARNING - Google Scholar: Nenhum resultado válido encontrado após todas as tentativas
2025-12-12 00:15:51,054 - UNI_v5 - INFO - Iniciando coleta de Google Play para termo 'abacate' (limite: 10)
2025-12-12 00:15:51,069 - UNI_v5 - INFO - Google Play: Iniciando coleta para 'abacate' (limite: 10, tentativa 1/3)
2025-12-12 00:15:51,069 - UNI_v5 - WARNING - Google Play: Tentativa 1 falhou: search() got an unexpected keyword argument 'n'
2025-12-12 00:15:53,075 - UNI_v5 - INFO - Google Play: Iniciando coleta para 'abacate' (limite: 10, tentativa 2/3)
2025-12-12 00:15:53,075 - UNI_v5 - WARNING - Google Play: Tentativa 2 falhou: search() got an unexpected keyword argument 'n'
2025-12-12 00:15:55,080 - UNI_v5 - INFO - Google Play: Iniciando coleta para 'abacate' (limite: 10, tentativa 3/3)
2025-12-12 00:15:55,081 - UNI_v5 - WARNING - Google Play: Tentativa 3 falhou: search() got an unexpected keyword argument 'n'
2025-12-12 00:15:55,081 - UNI_v5 - ERROR - Google Play: Todas as tentativas falharam
2025-12-12 00:15:55,081 - UNI_v5 - DEBUG - Traceback (most recent call last):
  File "/Users/eas/Desktop/github/emersonalmeida/emersonalmeida.github.io/project/uni/uni_v5.py", line 1256, in coletar_google_play
    apps = gplay_search(term, lang=lang, country=country, n=n)
TypeError: search() got an unexpected keyword argument 'n'

2025-12-12 00:15:55,082 - UNI_v5 - WARNING - Google Play: Tentativa 1 não retornou resultados, tentando novamente...
2025-12-12 00:15:56,086 - UNI_v5 - INFO - Google Play: Iniciando coleta para 'abacate' (limite: 10, tentativa 1/3)
2025-12-12 00:15:56,089 - UNI_v5 - WARNING - Google Play: Tentativa 1 falhou: search() got an unexpected keyword argument 'n'
2025-12-12 00:15:58,094 - UNI_v5 - INFO - Google Play: Iniciando coleta para 'abacate' (limite: 10, tentativa 2/3)
2025-12-12 00:15:58,094 - UNI_v5 - WARNING - Google Play: Tentativa 2 falhou: search() got an unexpected keyword argument 'n'
2025-12-12 00:16:00,099 - UNI_v5 - INFO - Google Play: Iniciando coleta para 'abacate' (limite: 10, tentativa 3/3)
2025-12-12 00:16:00,100 - UNI_v5 - WARNING - Google Play: Tentativa 3 falhou: search() got an unexpected keyword argument 'n'
2025-12-12 00:16:00,100 - UNI_v5 - ERROR - Google Play: Todas as tentativas falharam
2025-12-12 00:16:00,101 - UNI_v5 - DEBUG - Traceback (most recent call last):
  File "/Users/eas/Desktop/github/emersonalmeida/emersonalmeida.github.io/project/uni/uni_v5.py", line 1256, in coletar_google_play
    apps = gplay_search(term, lang=lang, country=country, n=n)
TypeError: search() got an unexpected keyword argument 'n'

2025-12-12 00:16:00,101 - UNI_v5 - WARNING - Google Play: Nenhum resultado válido encontrado após todas as tentativas
2025-12-12 00:16:00,303 - UNI_v5 - INFO - Iniciando coleta de Apple App Store para termo 'abacate' (limite: 10)
2025-12-12 00:16:00,304 - UNI_v5 - WARNING - Apple App Store: Biblioteca app_store_scraper não disponível - tentando instalar...
2025-12-12 00:16:02,332 - UNI_v5 - INFO - Apple App Store: Iniciando coleta para 'abacate' (limite: 10, tentativa 1/3)
2025-12-12 00:16:02,333 - Base - INFO - Searching for app id
2025-12-12 00:16:02,333 - Base - DEBUG - Making a GET request: https://www.google.com/search
2025-12-12 00:16:02,344 - urllib3.connectionpool - DEBUG - Starting new HTTPS connection (1): www.google.com:443
2025-12-12 00:16:02,551 - urllib3.connectionpool - DEBUG - https://www.google.com:443 "GET /search?q=app+store+abacate HTTP/1.1" 200 None
2025-12-12 00:16:02,575 - UNI_v5 - WARNING - Apple App Store: Tentativa 1 falhou: 'NoneType' object has no attribute 'group'
2025-12-12 00:16:04,584 - UNI_v5 - INFO - Apple App Store: Iniciando coleta para 'abacate' (limite: 10, tentativa 2/3)
2025-12-12 00:16:04,585 - Base - INFO - Searching for app id
2025-12-12 00:16:04,585 - Base - DEBUG - Making a GET request: https://www.google.com/search
2025-12-12 00:16:04,591 - urllib3.connectionpool - DEBUG - Starting new HTTPS connection (1): www.google.com:443
2025-12-12 00:16:04,806 - urllib3.connectionpool - DEBUG - https://www.google.com:443 "GET /search?q=app+store+abacate HTTP/1.1" 200 None
2025-12-12 00:16:04,826 - UNI_v5 - WARNING - Apple App Store: Tentativa 2 falhou: 'NoneType' object has no attribute 'group'
2025-12-12 00:16:06,834 - UNI_v5 - INFO - Apple App Store: Iniciando coleta para 'abacate' (limite: 10, tentativa 3/3)
2025-12-12 00:16:06,835 - Base - INFO - Searching for app id
2025-12-12 00:16:06,835 - Base - DEBUG - Making a GET request: https://www.google.com/search
2025-12-12 00:16:06,840 - urllib3.connectionpool - DEBUG - Starting new HTTPS connection (1): www.google.com:443
2025-12-12 00:16:07,044 - urllib3.connectionpool - DEBUG - https://www.google.com:443 "GET /search?q=app+store+abacate HTTP/1.1" 200 None
2025-12-12 00:16:07,063 - UNI_v5 - WARNING - Apple App Store: Tentativa 3 falhou: 'NoneType' object has no attribute 'group'
2025-12-12 00:16:07,063 - UNI_v5 - ERROR - Apple App Store: Todas as tentativas falharam
2025-12-12 00:16:07,078 - UNI_v5 - DEBUG - Traceback (most recent call last):
  File "/Users/eas/Desktop/github/emersonalmeida/emersonalmeida.github.io/project/uni/uni_v5.py", line 1352, in coletar_apple_store
    store = AppStore(country=country, app_name=term)
  File "/Users/eas/Library/Python/3.9/lib/python/site-packages/app_store_scraper/app_store.py", line 23, in __init__
    super().__init__(
  File "/Users/eas/Library/Python/3.9/lib/python/site-packages/app_store_scraper/base.py", line 47, in __init__
    app_id = self.search_id()
  File "/Users/eas/Library/Python/3.9/lib/python/site-packages/app_store_scraper/base.py", line 175, in search_id
    app_id = re.search(pattern, self._response.text).group(1)
AttributeError: 'NoneType' object has no attribute 'group'

2025-12-12 00:16:07,081 - UNI_v5 - WARNING - Apple App Store: Tentativa 1 não retornou resultados, tentando novamente...
2025-12-12 00:16:08,085 - UNI_v5 - INFO - Apple App Store: Iniciando coleta para 'abacate' (limite: 10, tentativa 1/3)
2025-12-12 00:16:08,086 - Base - INFO - Searching for app id
2025-12-12 00:16:08,086 - Base - DEBUG - Making a GET request: https://www.google.com/search
2025-12-12 00:16:08,089 - urllib3.connectionpool - DEBUG - Starting new HTTPS connection (1): www.google.com:443
2025-12-12 00:16:08,292 - urllib3.connectionpool - DEBUG - https://www.google.com:443 "GET /search?q=app+store+abacate HTTP/1.1" 200 None
2025-12-12 00:16:08,312 - UNI_v5 - WARNING - Apple App Store: Tentativa 1 falhou: 'NoneType' object has no attribute 'group'
2025-12-12 00:16:10,323 - UNI_v5 - INFO - Apple App Store: Iniciando coleta para 'abacate' (limite: 10, tentativa 2/3)
2025-12-12 00:16:10,324 - Base - INFO - Searching for app id
2025-12-12 00:16:10,324 - Base - DEBUG - Making a GET request: https://www.google.com/search
2025-12-12 00:16:10,329 - urllib3.connectionpool - DEBUG - Starting new HTTPS connection (1): www.google.com:443
2025-12-12 00:16:10,765 - urllib3.connectionpool - DEBUG - https://www.google.com:443 "GET /search?q=app+store+abacate HTTP/1.1" 200 None
2025-12-12 00:16:10,941 - UNI_v5 - WARNING - Apple App Store: Tentativa 2 falhou: 'NoneType' object has no attribute 'group'
2025-12-12 00:16:12,946 - UNI_v5 - INFO - Apple App Store: Iniciando coleta para 'abacate' (limite: 10, tentativa 3/3)
2025-12-12 00:16:12,947 - Base - INFO - Searching for app id
2025-12-12 00:16:12,947 - Base - DEBUG - Making a GET request: https://www.google.com/search
2025-12-12 00:16:12,951 - urllib3.connectionpool - DEBUG - Starting new HTTPS connection (1): www.google.com:443
2025-12-12 00:16:13,172 - urllib3.connectionpool - DEBUG - https://www.google.com:443 "GET /search?q=app+store+abacate HTTP/1.1" 200 None
2025-12-12 00:16:13,213 - UNI_v5 - WARNING - Apple App Store: Tentativa 3 falhou: 'NoneType' object has no attribute 'group'
2025-12-12 00:16:13,213 - UNI_v5 - ERROR - Apple App Store: Todas as tentativas falharam
2025-12-12 00:16:13,213 - UNI_v5 - DEBUG - Traceback (most recent call last):
  File "/Users/eas/Desktop/github/emersonalmeida/emersonalmeida.github.io/project/uni/uni_v5.py", line 1352, in coletar_apple_store
    store = AppStore(country=country, app_name=term)
  File "/Users/eas/Library/Python/3.9/lib/python/site-packages/app_store_scraper/app_store.py", line 23, in __init__
    super().__init__(
  File "/Users/eas/Library/Python/3.9/lib/python/site-packages/app_store_scraper/base.py", line 47, in __init__
    app_id = self.search_id()
  File "/Users/eas/Library/Python/3.9/lib/python/site-packages/app_store_scraper/base.py", line 175, in search_id
    app_id = re.search(pattern, self._response.text).group(1)
AttributeError: 'NoneType' object has no attribute 'group'

2025-12-12 00:16:13,214 - UNI_v5 - WARNING - Apple App Store: Nenhum resultado válido encontrado após todas as tentativas
2025-12-12 00:16:13,430 - UNI_v5 - INFO - : 10/10 itens válidos após validação
2025-12-12 00:16:13,444 - UNI_v5 - INFO - : Salvo 10 registros com 8 colunas em google_suggest.csv (0.6 KB)
2025-12-12 00:16:13,444 - UNI_v5 - INFO - : 10/10 itens válidos após validação
2025-12-12 00:16:13,446 - UNI_v5 - INFO - : Salvo 10 registros com 12 colunas em serp___google.csv (6.1 KB)
2025-12-12 00:16:13,447 - UNI_v5 - INFO - : 10/10 itens válidos após validação
2025-12-12 00:16:13,448 - UNI_v5 - INFO - : Salvo 10 registros com 9 colunas em serp___brave.csv (4.2 KB)
2025-12-12 00:16:13,448 - UNI_v5 - INFO - : 10/10 itens válidos após validação
2025-12-12 00:16:13,450 - UNI_v5 - INFO - : Salvo 10 registros com 9 colunas em serp___bing.csv (4.3 KB)
2025-12-12 00:16:13,450 - UNI_v5 - INFO - : 10/10 itens válidos após validação
2025-12-12 00:16:13,452 - UNI_v5 - INFO - : Salvo 10 registros com 21 colunas em youtube.csv (5.0 KB)
2025-12-12 00:16:13,452 - UNI_v5 - INFO - : 10/10 itens válidos após validação
2025-12-12 00:16:13,454 - UNI_v5 - INFO - : Salvo 10 registros com 25 colunas em reddit.csv (5.5 KB)
2025-12-12 00:16:13,454 - UNI_v5 - INFO - : 8/8 itens válidos após validação
2025-12-12 00:16:13,457 - UNI_v5 - INFO - : Salvo 8 registros com 13 colunas em google_news.csv (7.2 KB)
2025-12-12 00:16:13,457 - UNI_v5 - INFO - : 10/10 itens válidos após validação
2025-12-12 00:16:13,459 - UNI_v5 - INFO - : Salvo 10 registros com 18 colunas em hacker_news.csv (4.3 KB)
2025-12-12 00:16:13,459 - UNI_v5 - INFO - : 10/10 itens válidos após validação
2025-12-12 00:16:13,461 - UNI_v5 - INFO - : Salvo 10 registros com 23 colunas em github.csv (3.0 KB)
2025-12-12 00:16:13,461 - UNI_v5 - INFO - : 10/10 itens válidos após validação
2025-12-12 00:16:13,462 - UNI_v5 - INFO - : Salvo 10 registros com 16 colunas em arxiv.csv (16.3 KB)
2025-12-12 00:16:13,462 - UNI_v5 - INFO - : 10/10 itens válidos após validação
2025-12-12 00:16:13,464 - UNI_v5 - INFO - : Salvo 10 registros com 17 colunas em wikipedia.csv (15.0 KB)
2025-12-12 00:16:13,464 - UNI_v5 - INFO - Iniciando criação da base de dados consolidada...
2025-12-12 00:16:13,481 - UNI_v5 - INFO - Base de dados consolidada salva: 108 registros, 120 colunas
2025-12-12 00:16:13,483 - UNI_v5 - WARNING - Não foi possível salvar Excel: No module named 'openpyxl'
2025-12-12 00:16:13,484 - UNI_v5 - INFO - Resumo: JSON salvo em resumo_estatistico_abacate_20251212_001613.json
2025-12-12 00:16:13,487 - UNI_v5 - INFO - : JSON salvo em resultados_completos.json
2025-12-12 00:17:43,271 - UNI_v5 - INFO - : JSON salvo em metadados_coleta.json
2025-12-12 00:17:43,273 - UNI_v5 - INFO - Iniciando coleta de Google Play para termo 'abacaxi' (limite: 10)
2025-12-12 00:17:43,273 - UNI_v5 - INFO - Google Play: Iniciando coleta para 'abacaxi' (limite: 10, tentativa 1/3)
2025-12-12 00:17:43,273 - UNI_v5 - WARNING - Google Play: Tentativa 1 falhou: search() got an unexpected keyword argument 'n'
2025-12-12 00:17:45,278 - UNI_v5 - INFO - Google Play: Iniciando coleta para 'abacaxi' (limite: 10, tentativa 2/3)
2025-12-12 00:17:45,279 - UNI_v5 - WARNING - Google Play: Tentativa 2 falhou: search() got an unexpected keyword argument 'n'
2025-12-12 00:17:47,284 - UNI_v5 - INFO - Google Play: Iniciando coleta para 'abacaxi' (limite: 10, tentativa 3/3)
2025-12-12 00:17:47,284 - UNI_v5 - WARNING - Google Play: Tentativa 3 falhou: search() got an unexpected keyword argument 'n'
2025-12-12 00:17:47,285 - UNI_v5 - ERROR - Google Play: Todas as tentativas falharam
2025-12-12 00:17:47,286 - UNI_v5 - DEBUG - Traceback (most recent call last):
  File "/Users/eas/Desktop/github/emersonalmeida/emersonalmeida.github.io/project/uni/uni_v5.py", line 1256, in coletar_google_play
    apps = gplay_search(term, lang=lang, country=country, n=n)
TypeError: search() got an unexpected keyword argument 'n'

2025-12-12 00:17:47,286 - UNI_v5 - WARNING - Google Play: Tentativa 1 não retornou resultados, tentando novamente...
2025-12-12 00:17:48,287 - UNI_v5 - INFO - Google Play: Iniciando coleta para 'abacaxi' (limite: 10, tentativa 1/3)
2025-12-12 00:17:48,287 - UNI_v5 - WARNING - Google Play: Tentativa 1 falhou: search() got an unexpected keyword argument 'n'
2025-12-12 00:17:50,289 - UNI_v5 - INFO - Google Play: Iniciando coleta para 'abacaxi' (limite: 10, tentativa 2/3)
2025-12-12 00:17:50,290 - UNI_v5 - WARNING - Google Play: Tentativa 2 falhou: search() got an unexpected keyword argument 'n'
2025-12-12 00:17:52,294 - UNI_v5 - INFO - Google Play: Iniciando coleta para 'abacaxi' (limite: 10, tentativa 3/3)
2025-12-12 00:17:52,295 - UNI_v5 - WARNING - Google Play: Tentativa 3 falhou: search() got an unexpected keyword argument 'n'
2025-12-12 00:17:52,295 - UNI_v5 - ERROR - Google Play: Todas as tentativas falharam
2025-12-12 00:17:52,296 - UNI_v5 - DEBUG - Traceback (most recent call last):
  File "/Users/eas/Desktop/github/emersonalmeida/emersonalmeida.github.io/project/uni/uni_v5.py", line 1256, in coletar_google_play
    apps = gplay_search(term, lang=lang, country=country, n=n)
TypeError: search() got an unexpected keyword argument 'n'

2025-12-12 00:17:52,296 - UNI_v5 - WARNING - Google Play: Nenhum resultado válido encontrado após todas as tentativas
2025-12-12 00:17:52,502 - UNI_v5 - INFO - Iniciando coleta de Apple App Store para termo 'abacaxi' (limite: 10)
2025-12-12 00:17:52,502 - UNI_v5 - INFO - Apple App Store: Iniciando coleta para 'abacaxi' (limite: 10, tentativa 1/3)
2025-12-12 00:17:52,503 - Base - INFO - Searching for app id
2025-12-12 00:17:52,505 - Base - DEBUG - Making a GET request: https://www.google.com/search
2025-12-12 00:17:52,512 - urllib3.connectionpool - DEBUG - Starting new HTTPS connection (1): www.google.com:443
2025-12-12 00:17:52,726 - urllib3.connectionpool - DEBUG - https://www.google.com:443 "GET /search?q=app+store+abacaxi HTTP/1.1" 200 None
2025-12-12 00:17:52,749 - UNI_v5 - WARNING - Apple App Store: Tentativa 1 falhou: 'NoneType' object has no attribute 'group'
2025-12-12 00:17:54,758 - UNI_v5 - INFO - Apple App Store: Iniciando coleta para 'abacaxi' (limite: 10, tentativa 2/3)
2025-12-12 00:17:54,758 - Base - INFO - Searching for app id
2025-12-12 00:17:54,759 - Base - DEBUG - Making a GET request: https://www.google.com/search
2025-12-12 00:17:54,764 - urllib3.connectionpool - DEBUG - Starting new HTTPS connection (1): www.google.com:443
2025-12-12 00:17:54,995 - urllib3.connectionpool - DEBUG - https://www.google.com:443 "GET /search?q=app+store+abacaxi HTTP/1.1" 200 None
2025-12-12 00:17:55,066 - UNI_v5 - WARNING - Apple App Store: Tentativa 2 falhou: 'NoneType' object has no attribute 'group'
2025-12-12 00:17:57,075 - UNI_v5 - INFO - Apple App Store: Iniciando coleta para 'abacaxi' (limite: 10, tentativa 3/3)
2025-12-12 00:17:57,076 - Base - INFO - Searching for app id
2025-12-12 00:17:57,076 - Base - DEBUG - Making a GET request: https://www.google.com/search
2025-12-12 00:17:57,081 - urllib3.connectionpool - DEBUG - Starting new HTTPS connection (1): www.google.com:443
2025-12-12 00:17:57,294 - urllib3.connectionpool - DEBUG - https://www.google.com:443 "GET /search?q=app+store+abacaxi HTTP/1.1" 200 None
2025-12-12 00:17:57,319 - UNI_v5 - WARNING - Apple App Store: Tentativa 3 falhou: 'NoneType' object has no attribute 'group'
2025-12-12 00:17:57,321 - UNI_v5 - ERROR - Apple App Store: Todas as tentativas falharam
2025-12-12 00:17:57,322 - UNI_v5 - DEBUG - Traceback (most recent call last):
  File "/Users/eas/Desktop/github/emersonalmeida/emersonalmeida.github.io/project/uni/uni_v5.py", line 1352, in coletar_apple_store
    store = AppStore(country=country, app_name=term)
  File "/Users/eas/Library/Python/3.9/lib/python/site-packages/app_store_scraper/app_store.py", line 23, in __init__
    super().__init__(
  File "/Users/eas/Library/Python/3.9/lib/python/site-packages/app_store_scraper/base.py", line 47, in __init__
    app_id = self.search_id()
  File "/Users/eas/Library/Python/3.9/lib/python/site-packages/app_store_scraper/base.py", line 175, in search_id
    app_id = re.search(pattern, self._response.text).group(1)
AttributeError: 'NoneType' object has no attribute 'group'

2025-12-12 00:17:57,323 - UNI_v5 - WARNING - Apple App Store: Tentativa 1 não retornou resultados, tentando novamente...
2025-12-12 00:17:58,328 - UNI_v5 - INFO - Apple App Store: Iniciando coleta para 'abacaxi' (limite: 10, tentativa 1/3)
2025-12-12 00:17:58,329 - Base - INFO - Searching for app id
2025-12-12 00:17:58,330 - Base - DEBUG - Making a GET request: https://www.google.com/search
2025-12-12 00:17:58,335 - urllib3.connectionpool - DEBUG - Starting new HTTPS connection (1): www.google.com:443
2025-12-12 00:17:58,552 - urllib3.connectionpool - DEBUG - https://www.google.com:443 "GET /search?q=app+store+abacaxi HTTP/1.1" 200 None
2025-12-12 00:17:58,611 - UNI_v5 - WARNING - Apple App Store: Tentativa 1 falhou: 'NoneType' object has no attribute 'group'
2025-12-12 00:18:00,619 - UNI_v5 - INFO - Apple App Store: Iniciando coleta para 'abacaxi' (limite: 10, tentativa 2/3)
2025-12-12 00:18:00,619 - Base - INFO - Searching for app id
2025-12-12 00:18:00,620 - Base - DEBUG - Making a GET request: https://www.google.com/search
2025-12-12 00:18:00,624 - urllib3.connectionpool - DEBUG - Starting new HTTPS connection (1): www.google.com:443
2025-12-12 00:18:00,852 - urllib3.connectionpool - DEBUG - https://www.google.com:443 "GET /search?q=app+store+abacaxi HTTP/1.1" 200 None
2025-12-12 00:18:00,939 - UNI_v5 - WARNING - Apple App Store: Tentativa 2 falhou: 'NoneType' object has no attribute 'group'
2025-12-12 00:18:02,943 - UNI_v5 - INFO - Apple App Store: Iniciando coleta para 'abacaxi' (limite: 10, tentativa 3/3)
2025-12-12 00:18:02,944 - Base - INFO - Searching for app id
2025-12-12 00:18:02,944 - Base - DEBUG - Making a GET request: https://www.google.com/search
2025-12-12 00:18:02,946 - urllib3.connectionpool - DEBUG - Starting new HTTPS connection (1): www.google.com:443
2025-12-12 00:18:03,162 - urllib3.connectionpool - DEBUG - https://www.google.com:443 "GET /search?q=app+store+abacaxi HTTP/1.1" 200 None
2025-12-12 00:18:03,183 - UNI_v5 - WARNING - Apple App Store: Tentativa 3 falhou: 'NoneType' object has no attribute 'group'
2025-12-12 00:18:03,183 - UNI_v5 - ERROR - Apple App Store: Todas as tentativas falharam
2025-12-12 00:18:03,183 - UNI_v5 - DEBUG - Traceback (most recent call last):
  File "/Users/eas/Desktop/github/emersonalmeida/emersonalmeida.github.io/project/uni/uni_v5.py", line 1352, in coletar_apple_store
    store = AppStore(country=country, app_name=term)
  File "/Users/eas/Library/Python/3.9/lib/python/site-packages/app_store_scraper/app_store.py", line 23, in __init__
    super().__init__(
  File "/Users/eas/Library/Python/3.9/lib/python/site-packages/app_store_scraper/base.py", line 47, in __init__
    app_id = self.search_id()
  File "/Users/eas/Library/Python/3.9/lib/python/site-packages/app_store_scraper/base.py", line 175, in search_id
    app_id = re.search(pattern, self._response.text).group(1)
AttributeError: 'NoneType' object has no attribute 'group'

2025-12-12 00:18:03,186 - UNI_v5 - WARNING - Apple App Store: Nenhum resultado válido encontrado após todas as tentativas
2025-12-12 00:18:18,295 - UNI_v5 - INFO - Aplicação encerrada pelo usuário
2025-12-12 00:33:38,471 - UNI_v5 - INFO - Iniciando coleta de Google Suggest para termo 'bipa' (limite: 100)
2025-12-12 00:33:38,473 - UNI_v5 - INFO - Google Suggest: Iniciando coleta para 'bipa' (limite: 100)
2025-12-12 00:33:38,512 - urllib3.connectionpool - DEBUG - Starting new HTTPS connection (1): suggestqueries.google.com:443
2025-12-12 00:33:38,727 - urllib3.connectionpool - DEBUG - https://suggestqueries.google.com:443 "GET /complete/search?q=bipa&gl=br&client=chrome&hl=pt HTTP/1.1" 200 None
2025-12-12 00:33:38,731 - UNI_v5 - INFO - Google Suggest: Coletados 15 resultados com sucesso
2025-12-12 00:33:38,731 - UNI_v5 - INFO - Google Suggest: 15/15 itens válidos após validação
2025-12-12 00:33:38,731 - UNI_v5 - INFO - Google Suggest: 15 resultados coletados com sucesso
2025-12-12 00:33:39,240 - UNI_v5 - INFO - Iniciando coleta de SERP - DuckDuckGo para termo 'bipa' (limite: 100)
2025-12-12 00:33:39,240 - UNI_v5 - INFO - DuckDuckGo: Iniciando coleta para 'bipa' (limite: 100, tentativa 1/3)
2025-12-12 00:33:39,240 - UNI_v5 - WARNING - DuckDuckGo: Tentativa 1 falhou: local variable 'DDGS' referenced before assignment
2025-12-12 00:33:41,246 - UNI_v5 - INFO - DuckDuckGo: Iniciando coleta para 'bipa' (limite: 100, tentativa 2/3)
2025-12-12 00:33:41,246 - UNI_v5 - WARNING - DuckDuckGo: Tentativa 2 falhou: local variable 'DDGS' referenced before assignment
2025-12-12 00:33:43,252 - UNI_v5 - INFO - DuckDuckGo: Iniciando coleta para 'bipa' (limite: 100, tentativa 3/3)
2025-12-12 00:33:43,252 - UNI_v5 - WARNING - DuckDuckGo: Tentativa 3 falhou: local variable 'DDGS' referenced before assignment
2025-12-12 00:33:43,253 - UNI_v5 - ERROR - DuckDuckGo: Todas as tentativas falharam
2025-12-12 00:33:43,262 - UNI_v5 - DEBUG - Traceback (most recent call last):
  File "/Users/eas/Desktop/github/emersonalmeida/emersonalmeida.github.io/project/uni/uni_v5.py", line 501, in coletar_duckduckgo
    with DDGS() as ddgs:
UnboundLocalError: local variable 'DDGS' referenced before assignment

2025-12-12 00:33:43,262 - UNI_v5 - WARNING - SERP - DuckDuckGo: Tentativa 1 não retornou resultados, tentando novamente...
2025-12-12 00:33:45,268 - UNI_v5 - INFO - DuckDuckGo: Iniciando coleta para 'bipa' (limite: 100, tentativa 1/3)
2025-12-12 00:33:45,270 - UNI_v5 - WARNING - DuckDuckGo: Tentativa 1 falhou: local variable 'DDGS' referenced before assignment
2025-12-12 00:33:47,275 - UNI_v5 - INFO - DuckDuckGo: Iniciando coleta para 'bipa' (limite: 100, tentativa 2/3)
2025-12-12 00:33:47,276 - UNI_v5 - WARNING - DuckDuckGo: Tentativa 2 falhou: local variable 'DDGS' referenced before assignment
2025-12-12 00:33:49,281 - UNI_v5 - INFO - DuckDuckGo: Iniciando coleta para 'bipa' (limite: 100, tentativa 3/3)
2025-12-12 00:33:49,282 - UNI_v5 - WARNING - DuckDuckGo: Tentativa 3 falhou: local variable 'DDGS' referenced before assignment
2025-12-12 00:33:49,282 - UNI_v5 - ERROR - DuckDuckGo: Todas as tentativas falharam
2025-12-12 00:33:49,283 - UNI_v5 - DEBUG - Traceback (most recent call last):
  File "/Users/eas/Desktop/github/emersonalmeida/emersonalmeida.github.io/project/uni/uni_v5.py", line 501, in coletar_duckduckgo
    with DDGS() as ddgs:
UnboundLocalError: local variable 'DDGS' referenced before assignment

2025-12-12 00:33:49,283 - UNI_v5 - WARNING - SERP - DuckDuckGo: Tentativa 2 não retornou resultados, tentando novamente...
2025-12-12 00:33:51,288 - UNI_v5 - INFO - DuckDuckGo: Iniciando coleta para 'bipa' (limite: 100, tentativa 1/3)
2025-12-12 00:33:51,289 - UNI_v5 - WARNING - DuckDuckGo: Tentativa 1 falhou: local variable 'DDGS' referenced before assignment
2025-12-12 00:33:53,291 - UNI_v5 - INFO - DuckDuckGo: Iniciando coleta para 'bipa' (limite: 100, tentativa 2/3)
2025-12-12 00:33:53,293 - UNI_v5 - WARNING - DuckDuckGo: Tentativa 2 falhou: local variable 'DDGS' referenced before assignment
2025-12-12 00:33:55,298 - UNI_v5 - INFO - DuckDuckGo: Iniciando coleta para 'bipa' (limite: 100, tentativa 3/3)
2025-12-12 00:33:55,299 - UNI_v5 - WARNING - DuckDuckGo: Tentativa 3 falhou: local variable 'DDGS' referenced before assignment
2025-12-12 00:33:55,299 - UNI_v5 - ERROR - DuckDuckGo: Todas as tentativas falharam
2025-12-12 00:33:55,300 - UNI_v5 - DEBUG - Traceback (most recent call last):
  File "/Users/eas/Desktop/github/emersonalmeida/emersonalmeida.github.io/project/uni/uni_v5.py", line 501, in coletar_duckduckgo
    with DDGS() as ddgs:
UnboundLocalError: local variable 'DDGS' referenced before assignment

2025-12-12 00:33:55,300 - UNI_v5 - WARNING - SERP - DuckDuckGo: Nenhum resultado válido encontrado após todas as tentativas
2025-12-12 00:33:55,301 - UNI_v5 - INFO - Iniciando coleta de SERP - Google para termo 'bipa' (limite: 100)
2025-12-12 00:33:55,301 - UNI_v5 - INFO - Google: Iniciando coleta para 'bipa' (limite: 100, tentativa 1/3)
2025-12-12 00:33:55,308 - googleapiclient.discovery_cache - INFO - file_cache is only supported with oauth2client<4.0.0
2025-12-12 00:33:55,318 - googleapiclient.discovery - DEBUG - URL being requested: GET https://customsearch.googleapis.com/customsearch/v1?q=bipa&cx=f07ccd3b922d6437b&gl=br&lr=lang_pt&start=1&num=10&safe=off&key=AIzaSyBj80B2fwVvFEMtcQU8tPV_NCNaEmQvzhc&alt=json
2025-12-12 00:33:56,136 - googleapiclient.discovery - DEBUG - URL being requested: GET https://customsearch.googleapis.com/customsearch/v1?q=bipa&cx=f07ccd3b922d6437b&gl=br&lr=lang_pt&start=11&num=10&safe=off&key=AIzaSyBj80B2fwVvFEMtcQU8tPV_NCNaEmQvzhc&alt=json
2025-12-12 00:33:56,698 - googleapiclient.discovery - DEBUG - URL being requested: GET https://customsearch.googleapis.com/customsearch/v1?q=bipa&cx=f07ccd3b922d6437b&gl=br&lr=lang_pt&start=21&num=10&safe=off&key=AIzaSyBj80B2fwVvFEMtcQU8tPV_NCNaEmQvzhc&alt=json
2025-12-12 00:33:57,350 - googleapiclient.discovery - DEBUG - URL being requested: GET https://customsearch.googleapis.com/customsearch/v1?q=bipa&cx=f07ccd3b922d6437b&gl=br&lr=lang_pt&start=31&num=10&safe=off&key=AIzaSyBj80B2fwVvFEMtcQU8tPV_NCNaEmQvzhc&alt=json
2025-12-12 00:33:57,926 - googleapiclient.discovery - DEBUG - URL being requested: GET https://customsearch.googleapis.com/customsearch/v1?q=bipa&cx=f07ccd3b922d6437b&gl=br&lr=lang_pt&start=41&num=10&safe=off&key=AIzaSyBj80B2fwVvFEMtcQU8tPV_NCNaEmQvzhc&alt=json
2025-12-12 00:33:58,485 - UNI_v5 - INFO - Google: Coletados 40 resultados com sucesso
2025-12-12 00:33:58,485 - UNI_v5 - INFO - SERP - Google: 40/40 itens válidos após validação
2025-12-12 00:33:58,485 - UNI_v5 - INFO - SERP - Google: 40 resultados coletados com sucesso
2025-12-12 00:33:59,857 - UNI_v5 - INFO - Iniciando coleta de SERP - Brave para termo 'bipa' (limite: 100)
2025-12-12 00:33:59,857 - UNI_v5 - INFO - Brave: Iniciando coleta para 'bipa' (limite: 100, tentativa 1/3)
2025-12-12 00:33:59,873 - urllib3.connectionpool - DEBUG - Starting new HTTPS connection (1): api.search.brave.com:443
2025-12-12 00:34:00,935 - urllib3.connectionpool - DEBUG - https://api.search.brave.com:443 "GET /res/v1/web/search?q=bipa&count=20&offset=0&country=br&safesearch=off HTTP/1.1" 200 None
2025-12-12 00:34:00,938 - UNI_v5 - INFO - Brave: Coletados 19 resultados com sucesso
2025-12-12 00:34:00,939 - UNI_v5 - INFO - SERP - Brave: 19/19 itens válidos após validação
2025-12-12 00:34:00,939 - UNI_v5 - INFO - SERP - Brave: 19 resultados coletados com sucesso
2025-12-12 00:34:01,590 - UNI_v5 - INFO - Iniciando coleta de SERP - Bing para termo 'bipa' (limite: 100)
2025-12-12 00:34:01,591 - UNI_v5 - INFO - Bing: Iniciando coleta para 'bipa' (limite: 100, tentativa 1/3)
2025-12-12 00:34:01,771 - urllib3.connectionpool - DEBUG - Starting new HTTPS connection (1): serpapi.com:443
2025-12-12 00:34:05,624 - urllib3.connectionpool - DEBUG - https://serpapi.com:443 "GET /search?engine=bing&q=bipa&cc=br&count=50&api_key=e71430bcff8bdc906f7a5ed9ae1538355c2efb0fb88ffa071f7125a76cc2b142&safe=off HTTP/1.1" 200 None
2025-12-12 00:34:05,629 - UNI_v5 - INFO - Bing: Coletados 10 resultados com sucesso
2025-12-12 00:34:05,629 - UNI_v5 - INFO - SERP - Bing: 10/10 itens válidos após validação
2025-12-12 00:34:05,629 - UNI_v5 - INFO - SERP - Bing: 10 resultados coletados com sucesso
2025-12-12 00:34:05,975 - UNI_v5 - INFO - Iniciando coleta de YouTube para termo 'bipa' (limite: 50)
2025-12-12 00:34:05,975 - UNI_v5 - INFO - YouTube: Iniciando coleta para 'bipa' (limite: 50)
2025-12-12 00:34:05,976 - googleapiclient.discovery_cache - INFO - file_cache is only supported with oauth2client<4.0.0
2025-12-12 00:34:05,979 - googleapiclient.discovery - DEBUG - URL being requested: GET https://youtube.googleapis.com/youtube/v3/search?part=snippet&q=bipa&type=video&maxResults=50&order=relevance&regionCode=BR&relevanceLanguage=pt&key=AIzaSyBj80B2fwVvFEMtcQU8tPV_NCNaEmQvzhc&alt=json
2025-12-12 00:34:06,533 - googleapiclient.discovery - DEBUG - URL being requested: GET https://youtube.googleapis.com/youtube/v3/videos?part=statistics%2CcontentDetails%2Csnippet%2Cstatus&id=YjANVJhS-DM%2C51WA0GNLONQ%2CEVy8z6MOmLM%2CKb5D5vSqlXM%2CcvnBZJiXEbQ%2C2r5D5zpujmY%2CaZulWor8wjg%2CZnYQ6vJ6vtk%2Cx7k_a7sS0_s%2CaMlAVjWk7A4%2CIF9SmedVDSg%2CKCQD7wBBfXU%2CXJt3W4KAzQc%2CtjyBEnmWwaY%2C6LsoYCS0Zzo%2C6BytsUNAK2U%2Ct8r5rV3mi_k%2Cz7361r2J_og%2CdLbFMic1ZA8%2C6qseThwN0kc%2CXlO-0PSDSXA%2C7PGjNEL9l0g%2C_tfcy3n_XQM%2C7m-idZ42PQ4%2CDwZPhVda53g%2CoYYcpPiGcd8%2CEs42pSiwH_c%2Ct9Ixv8P31Gc%2Cm0Tr2pvQL8k%2CrwNsyjZjBJA%2CwPgqJL88zJw%2Csd7t9K41gMo%2CEcKDtYNGJM4%2Cm0RLqnGm3JY%2CpVyf6oUvW4Y%2CgKeVxegYh5Q%2CIZ3VnDyEVtk%2Cj67WNkNRl5c%2CfSXv5wiorkU%2CA6odAwolGdc%2C2l9nXqvhy6U%2CFnmavy6EIvU%2CHGvGz4w5J7Q%2CxEChqeOqqV4%2CQA5zqsFv9MM%2CX7QOIp96Wfw%2CThROFiAeRto%2CtCXNsl6eRrk%2CmN6dqzsbM2g%2C4PjtsqwsWQE&key=AIzaSyBj80B2fwVvFEMtcQU8tPV_NCNaEmQvzhc&alt=json
2025-12-12 00:34:07,084 - UNI_v5 - INFO - YouTube: Coletados 50 resultados com sucesso
2025-12-12 00:34:07,085 - UNI_v5 - INFO - YouTube: 50/50 itens válidos após validação
2025-12-12 00:34:07,085 - UNI_v5 - INFO - YouTube: 50 resultados coletados com sucesso
2025-12-12 00:34:08,781 - UNI_v5 - INFO - Iniciando coleta de Reddit para termo 'bipa' (limite: 100)
2025-12-12 00:34:08,782 - UNI_v5 - INFO - Reddit: Iniciando coleta para 'bipa' (subreddit: all, limite: 100)
2025-12-12 00:34:08,786 - prawcore - DEBUG - Fetching: GET https://oauth.reddit.com/r/all/search/ at 1765510448.786759
2025-12-12 00:34:08,787 - prawcore - DEBUG - Data: None
2025-12-12 00:34:08,787 - prawcore - DEBUG - Params: {'limit': 100,
 'q': 'bipa',
 'raw_json': 1,
 'restrict_sr': False,
 'sort': 'relevance',
 'syntax': 'lucene',
 't': 'all'}
2025-12-12 00:34:08,799 - urllib3.connectionpool - DEBUG - Starting new HTTPS connection (1): www.reddit.com:443
2025-12-12 00:34:08,992 - urllib3.connectionpool - DEBUG - https://www.reddit.com:443 "POST /api/v1/access_token HTTP/1.1" 200 653
2025-12-12 00:34:09,006 - urllib3.connectionpool - DEBUG - Starting new HTTPS connection (1): oauth.reddit.com:443
2025-12-12 00:34:10,565 - urllib3.connectionpool - DEBUG - https://oauth.reddit.com:443 "GET /r/all/search/?q=bipa&restrict_sr=False&sort=relevance&syntax=lucene&t=all&limit=100&raw_json=1 HTTP/1.1" 200 87321
2025-12-12 00:34:10,698 - prawcore - DEBUG - Response: 200 (87321 bytes) (rst-350:rem-999.0:used-1 ratelimit) at 1765510450.698576
2025-12-12 00:34:10,727 - prawcore - DEBUG - Fetching: GET https://oauth.reddit.com/r/BitcoinBrasil/about/ at 1765510450.727295
2025-12-12 00:34:10,727 - prawcore - DEBUG - Data: None
2025-12-12 00:34:10,727 - prawcore - DEBUG - Params: {'raw_json': 1}
2025-12-12 00:34:10,940 - urllib3.connectionpool - DEBUG - https://oauth.reddit.com:443 "GET /r/BitcoinBrasil/about/?raw_json=1 HTTP/1.1" 200 1643
2025-12-12 00:34:10,944 - prawcore - DEBUG - Response: 200 (1643 bytes) (rst-349:rem-998.0:used-2 ratelimit) at 1765510450.944184
2025-12-12 00:34:10,945 - prawcore - DEBUG - Fetching: GET https://oauth.reddit.com/user/Fantastic_Bag_7878/about/ at 1765510450.945618
2025-12-12 00:34:10,946 - prawcore - DEBUG - Data: None
2025-12-12 00:34:10,946 - prawcore - DEBUG - Params: {'raw_json': 1}
2025-12-12 00:34:11,141 - urllib3.connectionpool - DEBUG - https://oauth.reddit.com:443 "GET /user/Fantastic_Bag_7878/about/?raw_json=1 HTTP/1.1" 200 704
2025-12-12 00:34:11,144 - prawcore - DEBUG - Response: 200 (704 bytes) (rst-348:rem-997.0:used-3 ratelimit) at 1765510451.144
2025-12-12 00:34:11,149 - prawcore - DEBUG - Fetching: GET https://oauth.reddit.com/comments/1o6hjh2/ at 1765510451.149224
2025-12-12 00:34:11,149 - prawcore - DEBUG - Data: None
2025-12-12 00:34:11,149 - prawcore - DEBUG - Params: {'limit': 2048, 'raw_json': 1, 'sort': 'confidence'}
2025-12-12 00:34:11,434 - urllib3.connectionpool - DEBUG - https://oauth.reddit.com:443 "GET /comments/1o6hjh2/?limit=2048&sort=confidence&raw_json=1 HTTP/1.1" 200 4454
2025-12-12 00:34:11,437 - prawcore - DEBUG - Response: 200 (4454 bytes) (rst-348:rem-996.0:used-4 ratelimit) at 1765510451.437173
2025-12-12 00:34:11,442 - prawcore - DEBUG - Fetching: GET https://oauth.reddit.com/r/scheissaufnbilla/about/ at 1765510451.442375
2025-12-12 00:34:11,442 - prawcore - DEBUG - Data: None
2025-12-12 00:34:11,442 - prawcore - DEBUG - Params: {'raw_json': 1}
2025-12-12 00:34:11,637 - urllib3.connectionpool - DEBUG - https://oauth.reddit.com:443 "GET /r/scheissaufnbilla/about/?raw_json=1 HTTP/1.1" 200 1421
2025-12-12 00:34:11,640 - prawcore - DEBUG - Response: 200 (1421 bytes) (rst-348:rem-995.0:used-5 ratelimit) at 1765510451.6404202
2025-12-12 00:34:11,641 - prawcore - DEBUG - Fetching: GET https://oauth.reddit.com/user/Chess-Gitti/about/ at 1765510451.641695
2025-12-12 00:34:11,641 - prawcore - DEBUG - Data: None
2025-12-12 00:34:11,642 - prawcore - DEBUG - Params: {'raw_json': 1}
2025-12-12 00:34:11,849 - urllib3.connectionpool - DEBUG - https://oauth.reddit.com:443 "GET /user/Chess-Gitti/about/?raw_json=1 HTTP/1.1" 200 700
2025-12-12 00:34:11,850 - prawcore - DEBUG - Response: 200 (700 bytes) (rst-348:rem-994.0:used-6 ratelimit) at 1765510451.850388
2025-12-12 00:34:11,853 - prawcore - DEBUG - Fetching: GET https://oauth.reddit.com/comments/1o99fir/ at 1765510451.853282
2025-12-12 00:34:11,853 - prawcore - DEBUG - Data: None
2025-12-12 00:34:11,853 - prawcore - DEBUG - Params: {'limit': 2048, 'raw_json': 1, 'sort': 'confidence'}
2025-12-12 00:34:12,325 - urllib3.connectionpool - DEBUG - https://oauth.reddit.com:443 "GET /comments/1o99fir/?limit=2048&sort=confidence&raw_json=1 HTTP/1.1" 200 15530
2025-12-12 00:34:12,328 - prawcore - DEBUG - Response: 200 (15530 bytes) (rst-348:rem-993.0:used-7 ratelimit) at 1765510452.3288362
2025-12-12 00:34:12,340 - prawcore - DEBUG - Fetching: GET https://oauth.reddit.com/r/criptomoedas/about/ at 1765510452.340801
2025-12-12 00:34:12,341 - prawcore - DEBUG - Data: None
2025-12-12 00:34:12,341 - prawcore - DEBUG - Params: {'raw_json': 1}
2025-12-12 00:34:12,538 - urllib3.connectionpool - DEBUG - https://oauth.reddit.com:443 "GET /r/criptomoedas/about/?raw_json=1 HTTP/1.1" 200 1398
2025-12-12 00:34:12,540 - prawcore - DEBUG - Response: 200 (1398 bytes) (rst-347:rem-992.0:used-8 ratelimit) at 1765510452.54048
2025-12-12 00:34:12,541 - prawcore - DEBUG - Fetching: GET https://oauth.reddit.com/user/New_Suit_1856/about/ at 1765510452.541504
2025-12-12 00:34:12,541 - prawcore - DEBUG - Data: None
2025-12-12 00:34:12,541 - prawcore - DEBUG - Params: {'raw_json': 1}
2025-12-12 00:34:12,743 - urllib3.connectionpool - DEBUG - https://oauth.reddit.com:443 "GET /user/New_Suit_1856/about/?raw_json=1 HTTP/1.1" 200 720
2025-12-12 00:34:12,745 - prawcore - DEBUG - Response: 200 (720 bytes) (rst-347:rem-991.0:used-9 ratelimit) at 1765510452.74552
2025-12-12 00:34:12,749 - prawcore - DEBUG - Fetching: GET https://oauth.reddit.com/comments/1cisp75/ at 1765510452.7490282
2025-12-12 00:34:12,749 - prawcore - DEBUG - Data: None
2025-12-12 00:34:12,749 - prawcore - DEBUG - Params: {'limit': 2048, 'raw_json': 1, 'sort': 'confidence'}
2025-12-12 00:34:13,324 - urllib3.connectionpool - DEBUG - https://oauth.reddit.com:443 "GET /comments/1cisp75/?limit=2048&sort=confidence&raw_json=1 HTTP/1.1" 200 4098
2025-12-12 00:34:13,325 - prawcore - DEBUG - Response: 200 (4098 bytes) (rst-346:rem-990.0:used-10 ratelimit) at 1765510453.325367
2025-12-12 00:34:13,327 - prawcore - DEBUG - Fetching: GET https://oauth.reddit.com/r/KpopDemonhunters/about/ at 1765510453.32776
2025-12-12 00:34:13,327 - prawcore - DEBUG - Data: None
2025-12-12 00:34:13,327 - prawcore - DEBUG - Params: {'raw_json': 1}
2025-12-12 00:34:13,527 - urllib3.connectionpool - DEBUG - https://oauth.reddit.com:443 "GET /r/KpopDemonhunters/about/?raw_json=1 HTTP/1.1" 200 6491
2025-12-12 00:34:13,531 - prawcore - DEBUG - Response: 200 (6491 bytes) (rst-346:rem-989.0:used-11 ratelimit) at 1765510453.5310159
2025-12-12 00:34:13,532 - prawcore - DEBUG - Fetching: GET https://oauth.reddit.com/user/Sapphic_Starlight/about/ at 1765510453.5322938
2025-12-12 00:34:13,532 - prawcore - DEBUG - Data: None
2025-12-12 00:34:13,532 - prawcore - DEBUG - Params: {'raw_json': 1}
2025-12-12 00:34:13,730 - urllib3.connectionpool - DEBUG - https://oauth.reddit.com:443 "GET /user/Sapphic_Starlight/about/?raw_json=1 HTTP/1.1" 200 866
2025-12-12 00:34:13,731 - prawcore - DEBUG - Response: 200 (866 bytes) (rst-346:rem-988.0:used-12 ratelimit) at 1765510453.731033
2025-12-12 00:34:13,733 - prawcore - DEBUG - Fetching: GET https://oauth.reddit.com/comments/1lx7aid/ at 1765510453.7334888
2025-12-12 00:34:13,733 - prawcore - DEBUG - Data: None
2025-12-12 00:34:13,733 - prawcore - DEBUG - Params: {'limit': 2048, 'raw_json': 1, 'sort': 'confidence'}
2025-12-12 00:34:14,236 - urllib3.connectionpool - DEBUG - https://oauth.reddit.com:443 "GET /comments/1lx7aid/?limit=2048&sort=confidence&raw_json=1 HTTP/1.1" 200 13661
2025-12-12 00:34:14,238 - prawcore - DEBUG - Response: 200 (13661 bytes) (rst-346:rem-987.0:used-13 ratelimit) at 1765510454.2380202
2025-12-12 00:34:14,240 - prawcore - DEBUG - Fetching: GET https://oauth.reddit.com/r/askcroatia/about/ at 1765510454.240421
2025-12-12 00:34:14,240 - prawcore - DEBUG - Data: None
2025-12-12 00:34:14,240 - prawcore - DEBUG - Params: {'raw_json': 1}
2025-12-12 00:34:14,427 - urllib3.connectionpool - DEBUG - https://oauth.reddit.com:443 "GET /r/askcroatia/about/?raw_json=1 HTTP/1.1" 200 1740
2025-12-12 00:34:14,428 - prawcore - DEBUG - Response: 200 (1740 bytes) (rst-345:rem-986.0:used-14 ratelimit) at 1765510454.428462
2025-12-12 00:34:14,428 - prawcore - DEBUG - Fetching: GET https://oauth.reddit.com/user/Morbidia86/about/ at 1765510454.4289432
2025-12-12 00:34:14,429 - prawcore - DEBUG - Data: None
2025-12-12 00:34:14,429 - prawcore - DEBUG - Params: {'raw_json': 1}
2025-12-12 00:34:14,627 - urllib3.connectionpool - DEBUG - https://oauth.reddit.com:443 "GET /user/Morbidia86/about/?raw_json=1 HTTP/1.1" 200 700
2025-12-12 00:34:14,628 - prawcore - DEBUG - Response: 200 (700 bytes) (rst-345:rem-985.0:used-15 ratelimit) at 1765510454.628391
2025-12-12 00:34:14,630 - prawcore - DEBUG - Fetching: GET https://oauth.reddit.com/comments/1gq8pqv/ at 1765510454.630965
2025-12-12 00:34:14,631 - prawcore - DEBUG - Data: None
2025-12-12 00:34:14,631 - prawcore - DEBUG - Params: {'limit': 2048, 'raw_json': 1, 'sort': 'confidence'}
2025-12-12 00:34:14,890 - urllib3.connectionpool - DEBUG - https://oauth.reddit.com:443 "GET /comments/1gq8pqv/?limit=2048&sort=confidence&raw_json=1 HTTP/1.1" 200 4267
2025-12-12 00:34:14,893 - prawcore - DEBUG - Response: 200 (4267 bytes) (rst-345:rem-984.0:used-16 ratelimit) at 1765510454.893462
2025-12-12 00:34:14,896 - prawcore - DEBUG - Fetching: GET https://oauth.reddit.com/r/legaladvice/about/ at 1765510454.8962371
2025-12-12 00:34:14,896 - prawcore - DEBUG - Data: None
2025-12-12 00:34:14,896 - prawcore - DEBUG - Params: {'raw_json': 1}
2025-12-12 00:34:15,088 - urllib3.connectionpool - DEBUG - https://oauth.reddit.com:443 "GET /r/legaladvice/about/?raw_json=1 HTTP/1.1" 200 2623
2025-12-12 00:34:15,091 - prawcore - DEBUG - Response: 200 (2623 bytes) (rst-344:rem-983.0:used-17 ratelimit) at 1765510455.091768
2025-12-12 00:34:15,093 - prawcore - DEBUG - Fetching: GET https://oauth.reddit.com/user/Xadrianala/about/ at 1765510455.093117
2025-12-12 00:34:15,093 - prawcore - DEBUG - Data: None
2025-12-12 00:34:15,093 - prawcore - DEBUG - Params: {'raw_json': 1}
2025-12-12 00:34:15,288 - urllib3.connectionpool - DEBUG - https://oauth.reddit.com:443 "GET /user/Xadrianala/about/?raw_json=1 HTTP/1.1" 200 717
2025-12-12 00:34:15,290 - prawcore - DEBUG - Response: 200 (717 bytes) (rst-344:rem-982.0:used-18 ratelimit) at 1765510455.29014
2025-12-12 00:34:15,293 - prawcore - DEBUG - Fetching: GET https://oauth.reddit.com/comments/1oer3pa/ at 1765510455.293834
2025-12-12 00:34:15,294 - prawcore - DEBUG - Data: None
2025-12-12 00:34:15,294 - prawcore - DEBUG - Params: {'limit': 2048, 'raw_json': 1, 'sort': 'confidence'}
2025-12-12 00:34:16,133 - urllib3.connectionpool - DEBUG - https://oauth.reddit.com:443 "GET /comments/1oer3pa/?limit=2048&sort=confidence&raw_json=1 HTTP/1.1" 200 34936
2025-12-12 00:34:16,263 - prawcore - DEBUG - Response: 200 (34936 bytes) (rst-344:rem-981.0:used-19 ratelimit) at 1765510456.263049
2025-12-12 00:34:16,285 - prawcore - DEBUG - Fetching: GET https://oauth.reddit.com/r/KpopDemonhunters/about/ at 1765510456.2855349
2025-12-12 00:34:16,285 - prawcore - DEBUG - Data: None
2025-12-12 00:34:16,285 - prawcore - DEBUG - Params: {'raw_json': 1}
2025-12-12 00:34:16,489 - urllib3.connectionpool - DEBUG - https://oauth.reddit.com:443 "GET /r/KpopDemonhunters/about/?raw_json=1 HTTP/1.1" 200 6491
2025-12-12 00:34:16,493 - prawcore - DEBUG - Response: 200 (6491 bytes) (rst-343:rem-980.0:used-20 ratelimit) at 1765510456.493529
2025-12-12 00:34:16,495 - prawcore - DEBUG - Fetching: GET https://oauth.reddit.com/user/Caelis_909/about/ at 1765510456.495577
2025-12-12 00:34:16,495 - prawcore - DEBUG - Data: None
2025-12-12 00:34:16,496 - prawcore - DEBUG - Params: {'raw_json': 1}
2025-12-12 00:34:16,693 - urllib3.connectionpool - DEBUG - https://oauth.reddit.com:443 "GET /user/Caelis_909/about/?raw_json=1 HTTP/1.1" 200 878
2025-12-12 00:34:16,696 - prawcore - DEBUG - Response: 200 (878 bytes) (rst-343:rem-979.0:used-21 ratelimit) at 1765510456.6961331
2025-12-12 00:34:16,700 - prawcore - DEBUG - Fetching: GET https://oauth.reddit.com/comments/1ndg6ug/ at 1765510456.700723
2025-12-12 00:34:16,701 - prawcore - DEBUG - Data: None
2025-12-12 00:34:16,701 - prawcore - DEBUG - Params: {'limit': 2048, 'raw_json': 1, 'sort': 'confidence'}
2025-12-12 00:34:20,172 - urllib3.connectionpool - DEBUG - https://oauth.reddit.com:443 "GET /comments/1ndg6ug/?limit=2048&sort=confidence&raw_json=1 HTTP/1.1" 200 161000
2025-12-12 00:34:20,437 - prawcore - DEBUG - Response: 200 (161000 bytes) (rst-343:rem-978.0:used-22 ratelimit) at 1765510460.437519
2025-12-12 00:34:20,523 - prawcore - DEBUG - Fetching: GET https://oauth.reddit.com/r/scheissaufnbilla/about/ at 1765510460.5239239
2025-12-12 00:34:20,524 - prawcore - DEBUG - Data: None
2025-12-12 00:34:20,524 - prawcore - DEBUG - Params: {'raw_json': 1}
2025-12-12 00:34:20,725 - urllib3.connectionpool - DEBUG - https://oauth.reddit.com:443 "GET /r/scheissaufnbilla/about/?raw_json=1 HTTP/1.1" 200 1421
2025-12-12 00:34:20,727 - prawcore - DEBUG - Response: 200 (1421 bytes) (rst-339:rem-977.0:used-23 ratelimit) at 1765510460.727623
2025-12-12 00:34:20,728 - prawcore - DEBUG - Fetching: GET https://oauth.reddit.com/user/Gschitldruckerin/about/ at 1765510460.728867
2025-12-12 00:34:20,729 - prawcore - DEBUG - Data: None
2025-12-12 00:34:20,729 - prawcore - DEBUG - Params: {'raw_json': 1}
2025-12-12 00:34:20,927 - urllib3.connectionpool - DEBUG - https://oauth.reddit.com:443 "GET /user/Gschitldruckerin/about/?raw_json=1 HTTP/1.1" 200 704
2025-12-12 00:34:20,930 - prawcore - DEBUG - Response: 200 (704 bytes) (rst-339:rem-976.0:used-24 ratelimit) at 1765510460.930256
2025-12-12 00:34:20,935 - prawcore - DEBUG - Fetching: GET https://oauth.reddit.com/comments/1mbauh2/ at 1765510460.935581
2025-12-12 00:34:20,935 - prawcore - DEBUG - Data: None
2025-12-12 00:34:20,936 - prawcore - DEBUG - Params: {'limit': 2048, 'raw_json': 1, 'sort': 'confidence'}
2025-12-12 00:34:21,516 - urllib3.connectionpool - DEBUG - https://oauth.reddit.com:443 "GET /comments/1mbauh2/?limit=2048&sort=confidence&raw_json=1 HTTP/1.1" 200 17588
2025-12-12 00:34:21,520 - prawcore - DEBUG - Response: 200 (17588 bytes) (rst-338:rem-975.0:used-25 ratelimit) at 1765510461.520567
2025-12-12 00:34:21,534 - prawcore - DEBUG - Fetching: GET https://oauth.reddit.com/r/hrvatska/about/ at 1765510461.534569
2025-12-12 00:34:21,534 - prawcore - DEBUG - Data: None
2025-12-12 00:34:21,534 - prawcore - DEBUG - Params: {'raw_json': 1}
2025-12-12 00:34:21,723 - urllib3.connectionpool - DEBUG - https://oauth.reddit.com:443 "GET /r/hrvatska/about/?raw_json=1 HTTP/1.1" 200 1877
2025-12-12 00:34:21,726 - prawcore - DEBUG - Response: 200 (1877 bytes) (rst-338:rem-974.0:used-26 ratelimit) at 1765510461.726249
2025-12-12 00:34:21,727 - prawcore - DEBUG - Fetching: GET https://oauth.reddit.com/user/pinchofsaalt/about/ at 1765510461.727839
2025-12-12 00:34:21,728 - prawcore - DEBUG - Data: None
2025-12-12 00:34:21,728 - prawcore - DEBUG - Params: {'raw_json': 1}
2025-12-12 00:34:21,926 - urllib3.connectionpool - DEBUG - https://oauth.reddit.com:443 "GET /user/pinchofsaalt/about/?raw_json=1 HTTP/1.1" 200 697
2025-12-12 00:34:21,929 - prawcore - DEBUG - Response: 200 (697 bytes) (rst-338:rem-973.0:used-27 ratelimit) at 1765510461.9292722
2025-12-12 00:34:21,934 - prawcore - DEBUG - Fetching: GET https://oauth.reddit.com/r/porramauricio/about/ at 1765510461.934262
2025-12-12 00:34:21,934 - prawcore - DEBUG - Data: None
2025-12-12 00:34:21,934 - prawcore - DEBUG - Params: {'raw_json': 1}
2025-12-12 00:34:22,136 - urllib3.connectionpool - DEBUG - https://oauth.reddit.com:443 "GET /r/porramauricio/about/?raw_json=1 HTTP/1.1" 200 2544
2025-12-12 00:34:22,137 - prawcore - DEBUG - Response: 200 (2544 bytes) (rst-337:rem-972.0:used-28 ratelimit) at 1765510462.137623
2025-12-12 00:34:22,138 - prawcore - DEBUG - Fetching: GET https://oauth.reddit.com/user/FellowOfHorses/about/ at 1765510462.138174
2025-12-12 00:34:22,138 - prawcore - DEBUG - Data: None
2025-12-12 00:34:22,138 - prawcore - DEBUG - Params: {'raw_json': 1}
2025-12-12 00:34:22,337 - urllib3.connectionpool - DEBUG - https://oauth.reddit.com:443 "GET /user/FellowOfHorses/about/?raw_json=1 HTTP/1.1" 200 706
2025-12-12 00:34:22,338 - prawcore - DEBUG - Response: 200 (706 bytes) (rst-337:rem-971.0:used-29 ratelimit) at 1765510462.3384058
2025-12-12 00:34:22,340 - prawcore - DEBUG - Fetching: GET https://oauth.reddit.com/r/wien/about/ at 1765510462.340548
2025-12-12 00:34:22,342 - prawcore - DEBUG - Data: None
2025-12-12 00:34:22,342 - prawcore - DEBUG - Params: {'raw_json': 1}
2025-12-12 00:34:22,553 - urllib3.connectionpool - DEBUG - https://oauth.reddit.com:443 "GET /r/wien/about/?raw_json=1 HTTP/1.1" 200 6051
2025-12-12 00:34:22,555 - prawcore - DEBUG - Response: 200 (6051 bytes) (rst-337:rem-970.0:used-30 ratelimit) at 1765510462.555179
2025-12-12 00:34:22,556 - prawcore - DEBUG - Fetching: GET https://oauth.reddit.com/user/Important-Cheek-5892/about/ at 1765510462.556005
2025-12-12 00:34:22,556 - prawcore - DEBUG - Data: None
2025-12-12 00:34:22,556 - prawcore - DEBUG - Params: {'raw_json': 1}
2025-12-12 00:34:22,745 - urllib3.connectionpool - DEBUG - https://oauth.reddit.com:443 "GET /user/Important-Cheek-5892/about/?raw_json=1 HTTP/1.1" 200 None
2025-12-12 00:34:22,747 - prawcore - DEBUG - Response: 200 (None bytes) (rst-337:rem-969.0:used-31 ratelimit) at 1765510462.747589
2025-12-12 00:34:22,748 - prawcore - DEBUG - Fetching: GET https://oauth.reddit.com/comments/1kld196/ at 1765510462.7484071
2025-12-12 00:34:22,748 - prawcore - DEBUG - Data: None
2025-12-12 00:34:22,749 - prawcore - DEBUG - Params: {'limit': 2048, 'raw_json': 1, 'sort': 'confidence'}
2025-12-12 00:34:23,544 - urllib3.connectionpool - DEBUG - https://oauth.reddit.com:443 "GET /comments/1kld196/?limit=2048&sort=confidence&raw_json=1 HTTP/1.1" 200 16916
2025-12-12 00:34:23,546 - prawcore - DEBUG - Response: 200 (16916 bytes) (rst-337:rem-968.0:used-32 ratelimit) at 1765510463.54663
2025-12-12 00:34:23,555 - prawcore - DEBUG - Fetching: GET https://oauth.reddit.com/r/EnoughMuskSpam/about/ at 1765510463.5551732
2025-12-12 00:34:23,555 - prawcore - DEBUG - Data: None
2025-12-12 00:34:23,555 - prawcore - DEBUG - Params: {'raw_json': 1}
2025-12-12 00:34:23,745 - urllib3.connectionpool - DEBUG - https://oauth.reddit.com:443 "GET /r/EnoughMuskSpam/about/?raw_json=1 HTTP/1.1" 200 2101
2025-12-12 00:34:23,746 - prawcore - DEBUG - Response: 200 (2101 bytes) (rst-336:rem-967.0:used-33 ratelimit) at 1765510463.746881
2025-12-12 00:34:23,748 - prawcore - DEBUG - Fetching: GET https://oauth.reddit.com/user/dreamcastfanboy34/about/ at 1765510463.7480261
2025-12-12 00:34:23,748 - prawcore - DEBUG - Data: None
2025-12-12 00:34:23,748 - prawcore - DEBUG - Params: {'raw_json': 1}
2025-12-12 00:34:23,945 - urllib3.connectionpool - DEBUG - https://oauth.reddit.com:443 "GET /user/dreamcastfanboy34/about/?raw_json=1 HTTP/1.1" 200 746
2025-12-12 00:34:23,948 - prawcore - DEBUG - Response: 200 (746 bytes) (rst-336:rem-966.0:used-34 ratelimit) at 1765510463.948609
2025-12-12 00:34:23,954 - prawcore - DEBUG - Fetching: GET https://oauth.reddit.com/r/scheissaufnbilla/about/ at 1765510463.954659
2025-12-12 00:34:23,954 - prawcore - DEBUG - Data: None
2025-12-12 00:34:23,955 - prawcore - DEBUG - Params: {'raw_json': 1}
2025-12-12 00:34:24,142 - urllib3.connectionpool - DEBUG - https://oauth.reddit.com:443 "GET /r/scheissaufnbilla/about/?raw_json=1 HTTP/1.1" 200 1421
2025-12-12 00:34:24,146 - prawcore - DEBUG - Response: 200 (1421 bytes) (rst-335:rem-965.0:used-35 ratelimit) at 1765510464.1460822
2025-12-12 00:34:24,147 - prawcore - DEBUG - Fetching: GET https://oauth.reddit.com/user/narime/about/ at 1765510464.147279
2025-12-12 00:34:24,147 - prawcore - DEBUG - Data: None
2025-12-12 00:34:24,147 - prawcore - DEBUG - Params: {'raw_json': 1}
2025-12-12 00:34:24,355 - urllib3.connectionpool - DEBUG - https://oauth.reddit.com:443 "GET /user/narime/about/?raw_json=1 HTTP/1.1" 200 1078
2025-12-12 00:34:24,358 - prawcore - DEBUG - Response: 200 (1078 bytes) (rst-335:rem-964.0:used-36 ratelimit) at 1765510464.358743
2025-12-12 00:34:24,364 - prawcore - DEBUG - Fetching: GET https://oauth.reddit.com/comments/1ocorqz/ at 1765510464.364519
2025-12-12 00:34:24,364 - prawcore - DEBUG - Data: None
2025-12-12 00:34:24,365 - prawcore - DEBUG - Params: {'limit': 2048, 'raw_json': 1, 'sort': 'confidence'}
2025-12-12 00:34:25,052 - urllib3.connectionpool - DEBUG - https://oauth.reddit.com:443 "GET /comments/1ocorqz/?limit=2048&sort=confidence&raw_json=1 HTTP/1.1" 200 11198
2025-12-12 00:34:25,053 - prawcore - DEBUG - Response: 200 (11198 bytes) (rst-335:rem-963.0:used-37 ratelimit) at 1765510465.053241
2025-12-12 00:34:25,055 - prawcore - DEBUG - Fetching: GET https://oauth.reddit.com/r/ireland/about/ at 1765510465.055541
2025-12-12 00:34:25,055 - prawcore - DEBUG - Data: None
2025-12-12 00:34:25,055 - prawcore - DEBUG - Params: {'raw_json': 1}
2025-12-12 00:34:25,264 - urllib3.connectionpool - DEBUG - https://oauth.reddit.com:443 "GET /r/ireland/about/?raw_json=1 HTTP/1.1" 200 3697
2025-12-12 00:34:25,265 - prawcore - DEBUG - Response: 200 (3697 bytes) (rst-334:rem-962.0:used-38 ratelimit) at 1765510465.265163
2025-12-12 00:34:25,265 - prawcore - DEBUG - Fetching: GET https://oauth.reddit.com/user/Dazzling_Lobster3656/about/ at 1765510465.265735
2025-12-12 00:34:25,265 - prawcore - DEBUG - Data: None
2025-12-12 00:34:25,265 - prawcore - DEBUG - Params: {'raw_json': 1}
2025-12-12 00:34:25,460 - urllib3.connectionpool - DEBUG - https://oauth.reddit.com:443 "GET /user/Dazzling_Lobster3656/about/?raw_json=1 HTTP/1.1" 200 738
2025-12-12 00:34:25,462 - prawcore - DEBUG - Response: 200 (738 bytes) (rst-334:rem-961.0:used-39 ratelimit) at 1765510465.462497
2025-12-12 00:34:25,467 - prawcore - DEBUG - Fetching: GET https://oauth.reddit.com/r/vtm/about/ at 1765510465.4671922
2025-12-12 00:34:25,467 - prawcore - DEBUG - Data: None
2025-12-12 00:34:25,467 - prawcore - DEBUG - Params: {'raw_json': 1}
2025-12-12 00:34:25,662 - urllib3.connectionpool - DEBUG - https://oauth.reddit.com:443 "GET /r/vtm/about/?raw_json=1 HTTP/1.1" 200 2406
2025-12-12 00:34:25,663 - prawcore - DEBUG - Response: 200 (2406 bytes) (rst-334:rem-960.0:used-40 ratelimit) at 1765510465.6638038
2025-12-12 00:34:25,664 - prawcore - DEBUG - Fetching: GET https://oauth.reddit.com/user/AbsconditusArtem/about/ at 1765510465.6642811
2025-12-12 00:34:25,664 - prawcore - DEBUG - Data: None
2025-12-12 00:34:25,664 - prawcore - DEBUG - Params: {'raw_json': 1}
2025-12-12 00:34:25,860 - urllib3.connectionpool - DEBUG - https://oauth.reddit.com:443 "GET /user/AbsconditusArtem/about/?raw_json=1 HTTP/1.1" 200 706
2025-12-12 00:34:25,861 - prawcore - DEBUG - Response: 200 (706 bytes) (rst-334:rem-959.0:used-41 ratelimit) at 1765510465.8612301
2025-12-12 00:34:25,863 - prawcore - DEBUG - Fetching: GET https://oauth.reddit.com/r/WhiteWolfRPG/about/ at 1765510465.863431
2025-12-12 00:34:25,863 - prawcore - DEBUG - Data: None
2025-12-12 00:34:25,863 - prawcore - DEBUG - Params: {'raw_json': 1}
2025-12-12 00:34:26,055 - urllib3.connectionpool - DEBUG - https://oauth.reddit.com:443 "GET /r/WhiteWolfRPG/about/?raw_json=1 HTTP/1.1" 200 4073
2025-12-12 00:34:26,056 - prawcore - DEBUG - Response: 200 (4073 bytes) (rst-334:rem-958.0:used-42 ratelimit) at 1765510466.056384
2025-12-12 00:34:26,056 - prawcore - DEBUG - Fetching: GET https://oauth.reddit.com/user/AbsconditusArtem/about/ at 1765510466.056842
2025-12-12 00:34:26,056 - prawcore - DEBUG - Data: None
2025-12-12 00:34:26,057 - prawcore - DEBUG - Params: {'raw_json': 1}
2025-12-12 00:34:26,253 - urllib3.connectionpool - DEBUG - https://oauth.reddit.com:443 "GET /user/AbsconditusArtem/about/?raw_json=1 HTTP/1.1" 200 706
2025-12-12 00:34:26,254 - prawcore - DEBUG - Response: 200 (706 bytes) (rst-333:rem-957.0:used-43 ratelimit) at 1765510466.254478
2025-12-12 00:34:26,256 - prawcore - DEBUG - Fetching: GET https://oauth.reddit.com/r/VampiroBrasil/about/ at 1765510466.256057
2025-12-12 00:34:26,256 - prawcore - DEBUG - Data: None
2025-12-12 00:34:26,256 - prawcore - DEBUG - Params: {'raw_json': 1}
2025-12-12 00:34:26,445 - urllib3.connectionpool - DEBUG - https://oauth.reddit.com:443 "GET /r/VampiroBrasil/about/?raw_json=1 HTTP/1.1" 200 1347
2025-12-12 00:34:26,448 - prawcore - DEBUG - Response: 200 (1347 bytes) (rst-333:rem-956.0:used-44 ratelimit) at 1765510466.448147
2025-12-12 00:34:26,453 - prawcore - DEBUG - Fetching: GET https://oauth.reddit.com/user/AbsconditusArtem/about/ at 1765510466.453314
2025-12-12 00:34:26,453 - prawcore - DEBUG - Data: None
2025-12-12 00:34:26,455 - prawcore - DEBUG - Params: {'raw_json': 1}
2025-12-12 00:34:26,679 - urllib3.connectionpool - DEBUG - https://oauth.reddit.com:443 "GET /user/AbsconditusArtem/about/?raw_json=1 HTTP/1.1" 200 706
2025-12-12 00:34:26,697 - prawcore - DEBUG - Response: 200 (706 bytes) (rst-333:rem-955.0:used-45 ratelimit) at 1765510466.697044
2025-12-12 00:34:26,710 - prawcore - DEBUG - Fetching: GET https://oauth.reddit.com/r/BitcoinBrasil/about/ at 1765510466.710651
2025-12-12 00:34:26,712 - prawcore - DEBUG - Data: None
2025-12-12 00:34:26,712 - prawcore - DEBUG - Params: {'raw_json': 1}
2025-12-12 00:34:26,946 - urllib3.connectionpool - DEBUG - https://oauth.reddit.com:443 "GET /r/BitcoinBrasil/about/?raw_json=1 HTTP/1.1" 200 1643
2025-12-12 00:34:26,947 - prawcore - DEBUG - Response: 200 (1643 bytes) (rst-333:rem-954.0:used-46 ratelimit) at 1765510466.947084
2025-12-12 00:34:26,950 - prawcore - DEBUG - Fetching: GET https://oauth.reddit.com/user/Status-Yam2273/about/ at 1765510466.950678
2025-12-12 00:34:26,950 - prawcore - DEBUG - Data: None
2025-12-12 00:34:26,950 - prawcore - DEBUG - Params: {'raw_json': 1}
2025-12-12 00:34:27,141 - urllib3.connectionpool - DEBUG - https://oauth.reddit.com:443 "GET /user/Status-Yam2273/about/?raw_json=1 HTTP/1.1" 200 825
2025-12-12 00:34:27,142 - prawcore - DEBUG - Response: 200 (825 bytes) (rst-332:rem-953.0:used-47 ratelimit) at 1765510467.142057
2025-12-12 00:34:27,144 - prawcore - DEBUG - Fetching: GET https://oauth.reddit.com/comments/1mp2n0q/ at 1765510467.144541
2025-12-12 00:34:27,144 - prawcore - DEBUG - Data: None
2025-12-12 00:34:27,144 - prawcore - DEBUG - Params: {'limit': 2048, 'raw_json': 1, 'sort': 'confidence'}
2025-12-12 00:34:27,474 - urllib3.connectionpool - DEBUG - https://oauth.reddit.com:443 "GET /comments/1mp2n0q/?limit=2048&sort=confidence&raw_json=1 HTTP/1.1" 200 6142
2025-12-12 00:34:27,477 - prawcore - DEBUG - Response: 200 (6142 bytes) (rst-332:rem-952.0:used-48 ratelimit) at 1765510467.477634
2025-12-12 00:34:27,484 - prawcore - DEBUG - Fetching: GET https://oauth.reddit.com/r/hrvatska/about/ at 1765510467.484568
2025-12-12 00:34:27,484 - prawcore - DEBUG - Data: None
2025-12-12 00:34:27,485 - prawcore - DEBUG - Params: {'raw_json': 1}
2025-12-12 00:34:27,682 - urllib3.connectionpool - DEBUG - https://oauth.reddit.com:443 "GET /r/hrvatska/about/?raw_json=1 HTTP/1.1" 200 1877
2025-12-12 00:34:27,684 - prawcore - DEBUG - Response: 200 (1877 bytes) (rst-332:rem-951.0:used-49 ratelimit) at 1765510467.6847749
2025-12-12 00:34:27,685 - prawcore - DEBUG - Fetching: GET https://oauth.reddit.com/user/mariannishere/about/ at 1765510467.6857831
2025-12-12 00:34:27,685 - prawcore - DEBUG - Data: None
2025-12-12 00:34:27,686 - prawcore - DEBUG - Params: {'raw_json': 1}
2025-12-12 00:34:27,887 - urllib3.connectionpool - DEBUG - https://oauth.reddit.com:443 "GET /user/mariannishere/about/?raw_json=1 HTTP/1.1" 200 945
2025-12-12 00:34:27,889 - prawcore - DEBUG - Response: 200 (945 bytes) (rst-332:rem-950.0:used-50 ratelimit) at 1765510467.889249
2025-12-12 00:34:27,894 - prawcore - DEBUG - Fetching: GET https://oauth.reddit.com/comments/1o0qorr/ at 1765510467.894225
2025-12-12 00:34:27,894 - prawcore - DEBUG - Data: None
2025-12-12 00:34:27,894 - prawcore - DEBUG - Params: {'limit': 2048, 'raw_json': 1, 'sort': 'confidence'}
2025-12-12 00:34:28,203 - urllib3.connectionpool - DEBUG - https://oauth.reddit.com:443 "GET /comments/1o0qorr/?limit=2048&sort=confidence&raw_json=1 HTTP/1.1" 200 4394
2025-12-12 00:34:28,205 - prawcore - DEBUG - Response: 200 (4394 bytes) (rst-331:rem-949.0:used-51 ratelimit) at 1765510468.205867
2025-12-12 00:34:28,209 - prawcore - DEBUG - Fetching: GET https://oauth.reddit.com/r/scheissaufnbilla/about/ at 1765510468.2095292
2025-12-12 00:34:28,209 - prawcore - DEBUG - Data: None
2025-12-12 00:34:28,209 - prawcore - DEBUG - Params: {'raw_json': 1}
2025-12-12 00:34:28,398 - urllib3.connectionpool - DEBUG - https://oauth.reddit.com:443 "GET /r/scheissaufnbilla/about/?raw_json=1 HTTP/1.1" 200 1421
2025-12-12 00:34:28,399 - prawcore - DEBUG - Response: 200 (1421 bytes) (rst-331:rem-948.0:used-52 ratelimit) at 1765510468.399523
2025-12-12 00:34:28,399 - prawcore - DEBUG - Fetching: GET https://oauth.reddit.com/user/Appropriate_Bar_4376/about/ at 1765510468.399967
2025-12-12 00:34:28,400 - prawcore - DEBUG - Data: None
2025-12-12 00:34:28,400 - prawcore - DEBUG - Params: {'raw_json': 1}
2025-12-12 00:34:28,596 - urllib3.connectionpool - DEBUG - https://oauth.reddit.com:443 "GET /user/Appropriate_Bar_4376/about/?raw_json=1 HTTP/1.1" 200 706
2025-12-12 00:34:28,597 - prawcore - DEBUG - Response: 200 (706 bytes) (rst-331:rem-947.0:used-53 ratelimit) at 1765510468.597335
2025-12-12 00:34:28,599 - prawcore - DEBUG - Fetching: GET https://oauth.reddit.com/r/computadores/about/ at 1765510468.599755
2025-12-12 00:34:28,599 - prawcore - DEBUG - Data: None
2025-12-12 00:34:28,599 - prawcore - DEBUG - Params: {'raw_json': 1}
2025-12-12 00:34:28,791 - urllib3.connectionpool - DEBUG - https://oauth.reddit.com:443 "GET /r/computadores/about/?raw_json=1 HTTP/1.1" 200 1331
2025-12-12 00:34:28,793 - prawcore - DEBUG - Response: 200 (1331 bytes) (rst-331:rem-946.0:used-54 ratelimit) at 1765510468.793267
2025-12-12 00:34:28,793 - prawcore - DEBUG - Fetching: GET https://oauth.reddit.com/user/Physical_Monitor890/about/ at 1765510468.7939498
2025-12-12 00:34:28,794 - prawcore - DEBUG - Data: None
2025-12-12 00:34:28,794 - prawcore - DEBUG - Params: {'raw_json': 1}
2025-12-12 00:34:28,983 - urllib3.connectionpool - DEBUG - https://oauth.reddit.com:443 "GET /user/Physical_Monitor890/about/?raw_json=1 HTTP/1.1" 200 734
2025-12-12 00:34:28,984 - prawcore - DEBUG - Response: 200 (734 bytes) (rst-331:rem-945.0:used-55 ratelimit) at 1765510468.984542
2025-12-12 00:34:28,988 - prawcore - DEBUG - Fetching: GET https://oauth.reddit.com/r/hardwarebrasil/about/ at 1765510468.9884229
2025-12-12 00:34:28,988 - prawcore - DEBUG - Data: None
2025-12-12 00:34:28,988 - prawcore - DEBUG - Params: {'raw_json': 1}
2025-12-12 00:34:29,183 - urllib3.connectionpool - DEBUG - https://oauth.reddit.com:443 "GET /r/hardwarebrasil/about/?raw_json=1 HTTP/1.1" 200 1475
2025-12-12 00:34:29,184 - prawcore - DEBUG - Response: 200 (1475 bytes) (rst-330:rem-944.0:used-56 ratelimit) at 1765510469.1841862
2025-12-12 00:34:29,184 - prawcore - DEBUG - Fetching: GET https://oauth.reddit.com/user/zero_6963/about/ at 1765510469.184715
2025-12-12 00:34:29,184 - prawcore - DEBUG - Data: None
2025-12-12 00:34:29,184 - prawcore - DEBUG - Params: {'raw_json': 1}
2025-12-12 00:34:29,381 - urllib3.connectionpool - DEBUG - https://oauth.reddit.com:443 "GET /user/zero_6963/about/?raw_json=1 HTTP/1.1" 200 845
2025-12-12 00:34:29,382 - prawcore - DEBUG - Response: 200 (845 bytes) (rst-330:rem-943.0:used-57 ratelimit) at 1765510469.3822641
2025-12-12 00:34:29,385 - prawcore - DEBUG - Fetching: GET https://oauth.reddit.com/r/WorldOfDarkness/about/ at 1765510469.385963
2025-12-12 00:34:29,386 - prawcore - DEBUG - Data: None
2025-12-12 00:34:29,386 - prawcore - DEBUG - Params: {'raw_json': 1}
2025-12-12 00:34:29,576 - urllib3.connectionpool - DEBUG - https://oauth.reddit.com:443 "GET /r/WorldOfDarkness/about/?raw_json=1 HTTP/1.1" 200 1508
2025-12-12 00:34:29,577 - prawcore - DEBUG - Response: 200 (1508 bytes) (rst-330:rem-942.0:used-58 ratelimit) at 1765510469.577813
2025-12-12 00:34:29,578 - prawcore - DEBUG - Fetching: GET https://oauth.reddit.com/user/AbsconditusArtem/about/ at 1765510469.5783942
2025-12-12 00:34:29,578 - prawcore - DEBUG - Data: None
2025-12-12 00:34:29,578 - prawcore - DEBUG - Params: {'raw_json': 1}
2025-12-12 00:34:29,780 - urllib3.connectionpool - DEBUG - https://oauth.reddit.com:443 "GET /user/AbsconditusArtem/about/?raw_json=1 HTTP/1.1" 200 706
2025-12-12 00:34:29,781 - prawcore - DEBUG - Response: 200 (706 bytes) (rst-330:rem-941.0:used-59 ratelimit) at 1765510469.781353
2025-12-12 00:34:29,785 - prawcore - DEBUG - Fetching: GET https://oauth.reddit.com/r/BitcoinBrasil/about/ at 1765510469.7850208
2025-12-12 00:34:29,785 - prawcore - DEBUG - Data: None
2025-12-12 00:34:29,785 - prawcore - DEBUG - Params: {'raw_json': 1}
2025-12-12 00:34:29,976 - urllib3.connectionpool - DEBUG - https://oauth.reddit.com:443 "GET /r/BitcoinBrasil/about/?raw_json=1 HTTP/1.1" 200 1643
2025-12-12 00:34:29,978 - prawcore - DEBUG - Response: 200 (1643 bytes) (rst-330:rem-940.0:used-60 ratelimit) at 1765510469.978007
2025-12-12 00:34:29,978 - prawcore - DEBUG - Fetching: GET https://oauth.reddit.com/user/Fantastic_Bag_7878/about/ at 1765510469.9786189
2025-12-12 00:34:29,978 - prawcore - DEBUG - Data: None
2025-12-12 00:34:29,978 - prawcore - DEBUG - Params: {'raw_json': 1}
2025-12-12 00:34:30,183 - urllib3.connectionpool - DEBUG - https://oauth.reddit.com:443 "GET /user/Fantastic_Bag_7878/about/?raw_json=1 HTTP/1.1" 200 704
2025-12-12 00:34:30,185 - prawcore - DEBUG - Response: 200 (704 bytes) (rst-329:rem-939.0:used-61 ratelimit) at 1765510470.1854
2025-12-12 00:34:30,189 - prawcore - DEBUG - Fetching: GET https://oauth.reddit.com/comments/1oq3ldb/ at 1765510470.189429
2025-12-12 00:34:30,189 - prawcore - DEBUG - Data: None
2025-12-12 00:34:30,189 - prawcore - DEBUG - Params: {'limit': 2048, 'raw_json': 1, 'sort': 'confidence'}
2025-12-12 00:34:30,511 - urllib3.connectionpool - DEBUG - https://oauth.reddit.com:443 "GET /comments/1oq3ldb/?limit=2048&sort=confidence&raw_json=1 HTTP/1.1" 200 1961
2025-12-12 00:34:30,513 - prawcore - DEBUG - Response: 200 (1961 bytes) (rst-329:rem-938.0:used-62 ratelimit) at 1765510470.513317
2025-12-12 00:34:30,515 - prawcore - DEBUG - Fetching: GET https://oauth.reddit.com/r/BitcoinBrasil/about/ at 1765510470.515002
2025-12-12 00:34:30,515 - prawcore - DEBUG - Data: None
2025-12-12 00:34:30,515 - prawcore - DEBUG - Params: {'raw_json': 1}
2025-12-12 00:34:30,713 - urllib3.connectionpool - DEBUG - https://oauth.reddit.com:443 "GET /r/BitcoinBrasil/about/?raw_json=1 HTTP/1.1" 200 1643
2025-12-12 00:34:30,714 - prawcore - DEBUG - Response: 200 (1643 bytes) (rst-329:rem-937.0:used-63 ratelimit) at 1765510470.714783
2025-12-12 00:34:30,715 - prawcore - DEBUG - Fetching: GET https://oauth.reddit.com/user/Ok_Income_8002/about/ at 1765510470.7153761
2025-12-12 00:34:30,715 - prawcore - DEBUG - Data: None
2025-12-12 00:34:30,715 - prawcore - DEBUG - Params: {'raw_json': 1}
2025-12-12 00:34:30,908 - urllib3.connectionpool - DEBUG - https://oauth.reddit.com:443 "GET /user/Ok_Income_8002/about/?raw_json=1 HTTP/1.1" 200 705
2025-12-12 00:34:30,910 - prawcore - DEBUG - Response: 200 (705 bytes) (rst-329:rem-936.0:used-64 ratelimit) at 1765510470.910696
2025-12-12 00:34:30,915 - prawcore - DEBUG - Fetching: GET https://oauth.reddit.com/comments/1nv9qgj/ at 1765510470.915508
2025-12-12 00:34:30,915 - prawcore - DEBUG - Data: None
2025-12-12 00:34:30,915 - prawcore - DEBUG - Params: {'limit': 2048, 'raw_json': 1, 'sort': 'confidence'}
2025-12-12 00:34:31,162 - urllib3.connectionpool - DEBUG - https://oauth.reddit.com:443 "GET /comments/1nv9qgj/?limit=2048&sort=confidence&raw_json=1 HTTP/1.1" 200 2532
2025-12-12 00:34:31,164 - prawcore - DEBUG - Response: 200 (2532 bytes) (rst-328:rem-935.0:used-65 ratelimit) at 1765510471.164798
2025-12-12 00:34:31,167 - prawcore - DEBUG - Fetching: GET https://oauth.reddit.com/r/illinois/about/ at 1765510471.167122
2025-12-12 00:34:31,167 - prawcore - DEBUG - Data: None
2025-12-12 00:34:31,167 - prawcore - DEBUG - Params: {'raw_json': 1}
2025-12-12 00:34:31,362 - urllib3.connectionpool - DEBUG - https://oauth.reddit.com:443 "GET /r/illinois/about/?raw_json=1 HTTP/1.1" 200 2504
2025-12-12 00:34:31,363 - prawcore - DEBUG - Response: 200 (2504 bytes) (rst-328:rem-934.0:used-66 ratelimit) at 1765510471.3636029
2025-12-12 00:34:31,364 - prawcore - DEBUG - Fetching: GET https://oauth.reddit.com/user/greiton/about/ at 1765510471.364233
2025-12-12 00:34:31,364 - prawcore - DEBUG - Data: None
2025-12-12 00:34:31,364 - prawcore - DEBUG - Params: {'raw_json': 1}
2025-12-12 00:34:31,567 - urllib3.connectionpool - DEBUG - https://oauth.reddit.com:443 "GET /user/greiton/about/?raw_json=1 HTTP/1.1" 200 695
2025-12-12 00:34:31,568 - prawcore - DEBUG - Response: 200 (695 bytes) (rst-328:rem-933.0:used-67 ratelimit) at 1765510471.568129
2025-12-12 00:34:31,571 - prawcore - DEBUG - Fetching: GET https://oauth.reddit.com/comments/1oe2woh/ at 1765510471.5718322
2025-12-12 00:34:31,572 - prawcore - DEBUG - Data: None
2025-12-12 00:34:31,572 - prawcore - DEBUG - Params: {'limit': 2048, 'raw_json': 1, 'sort': 'confidence'}
2025-12-12 00:34:31,806 - urllib3.connectionpool - DEBUG - https://oauth.reddit.com:443 "GET /comments/1oe2woh/?limit=2048&sort=confidence&raw_json=1 HTTP/1.1" 200 2123
2025-12-12 00:34:31,808 - prawcore - DEBUG - Response: 200 (2123 bytes) (rst-328:rem-932.0:used-68 ratelimit) at 1765510471.808692
2025-12-12 00:34:31,810 - prawcore - DEBUG - Fetching: GET https://oauth.reddit.com/r/RPGdesignBR/about/ at 1765510471.81048
2025-12-12 00:34:31,810 - prawcore - DEBUG - Data: None
2025-12-12 00:34:31,810 - prawcore - DEBUG - Params: {'raw_json': 1}
2025-12-12 00:34:32,004 - urllib3.connectionpool - DEBUG - https://oauth.reddit.com:443 "GET /r/RPGdesignBR/about/?raw_json=1 HTTP/1.1" 200 1525
2025-12-12 00:34:32,005 - prawcore - DEBUG - Response: 200 (1525 bytes) (rst-328:rem-931.0:used-69 ratelimit) at 1765510472.005276
2025-12-12 00:34:32,005 - prawcore - DEBUG - Fetching: GET https://oauth.reddit.com/user/AbsconditusArtem/about/ at 1765510472.005706
2025-12-12 00:34:32,005 - prawcore - DEBUG - Data: None
2025-12-12 00:34:32,005 - prawcore - DEBUG - Params: {'raw_json': 1}
2025-12-12 00:34:32,203 - urllib3.connectionpool - DEBUG - https://oauth.reddit.com:443 "GET /user/AbsconditusArtem/about/?raw_json=1 HTTP/1.1" 200 706
2025-12-12 00:34:32,204 - prawcore - DEBUG - Response: 200 (706 bytes) (rst-327:rem-930.0:used-70 ratelimit) at 1765510472.2041678
2025-12-12 00:34:32,207 - prawcore - DEBUG - Fetching: GET https://oauth.reddit.com/r/computadores/about/ at 1765510472.207734
2025-12-12 00:34:32,207 - prawcore - DEBUG - Data: None
2025-12-12 00:34:32,207 - prawcore - DEBUG - Params: {'raw_json': 1}
2025-12-12 00:34:32,412 - urllib3.connectionpool - DEBUG - https://oauth.reddit.com:443 "GET /r/computadores/about/?raw_json=1 HTTP/1.1" 200 1331
2025-12-12 00:34:32,413 - prawcore - DEBUG - Response: 200 (1331 bytes) (rst-327:rem-929.0:used-71 ratelimit) at 1765510472.413552
2025-12-12 00:34:32,414 - prawcore - DEBUG - Fetching: GET https://oauth.reddit.com/user/General_Finish_9406/about/ at 1765510472.41413
2025-12-12 00:34:32,414 - prawcore - DEBUG - Data: None
2025-12-12 00:34:32,414 - prawcore - DEBUG - Params: {'raw_json': 1}
2025-12-12 00:34:32,607 - urllib3.connectionpool - DEBUG - https://oauth.reddit.com:443 "GET /user/General_Finish_9406/about/?raw_json=1 HTTP/1.1" 200 698
2025-12-12 00:34:32,608 - prawcore - DEBUG - Response: 200 (698 bytes) (rst-327:rem-928.0:used-72 ratelimit) at 1765510472.608748
2025-12-12 00:34:32,611 - prawcore - DEBUG - Fetching: GET https://oauth.reddit.com/comments/1p1blyp/ at 1765510472.611199
2025-12-12 00:34:32,611 - prawcore - DEBUG - Data: None
2025-12-12 00:34:32,611 - prawcore - DEBUG - Params: {'limit': 2048, 'raw_json': 1, 'sort': 'confidence'}
2025-12-12 00:34:32,820 - urllib3.connectionpool - DEBUG - https://oauth.reddit.com:443 "GET /comments/1p1blyp/?limit=2048&sort=confidence&raw_json=1 HTTP/1.1" 200 1417
2025-12-12 00:34:32,820 - prawcore - DEBUG - Response: 200 (1417 bytes) (rst-327:rem-927.0:used-73 ratelimit) at 1765510472.820926
2025-12-12 00:34:32,821 - prawcore - DEBUG - Fetching: GET https://oauth.reddit.com/r/scheissaufnbilla/about/ at 1765510472.821475
2025-12-12 00:34:32,821 - prawcore - DEBUG - Data: None
2025-12-12 00:34:32,821 - prawcore - DEBUG - Params: {'raw_json': 1}
2025-12-12 00:34:33,010 - urllib3.connectionpool - DEBUG - https://oauth.reddit.com:443 "GET /r/scheissaufnbilla/about/?raw_json=1 HTTP/1.1" 200 1421
2025-12-12 00:34:33,011 - prawcore - DEBUG - Response: 200 (1421 bytes) (rst-327:rem-926.0:used-74 ratelimit) at 1765510473.011528
2025-12-12 00:34:33,012 - prawcore - DEBUG - Fetching: GET https://oauth.reddit.com/user/Relevant_Pitch_9347/about/ at 1765510473.012
2025-12-12 00:34:33,012 - prawcore - DEBUG - Data: None
2025-12-12 00:34:33,012 - prawcore - DEBUG - Params: {'raw_json': 1}
2025-12-12 00:34:33,208 - urllib3.connectionpool - DEBUG - https://oauth.reddit.com:443 "GET /user/Relevant_Pitch_9347/about/?raw_json=1 HTTP/1.1" 200 763
2025-12-12 00:34:33,210 - prawcore - DEBUG - Response: 200 (763 bytes) (rst-326:rem-925.0:used-75 ratelimit) at 1765510473.2102988
2025-12-12 00:34:33,214 - prawcore - DEBUG - Fetching: GET https://oauth.reddit.com/r/BitcoinBrasil/about/ at 1765510473.214296
2025-12-12 00:34:33,214 - prawcore - DEBUG - Data: None
2025-12-12 00:34:33,214 - prawcore - DEBUG - Params: {'raw_json': 1}
2025-12-12 00:34:33,411 - urllib3.connectionpool - DEBUG - https://oauth.reddit.com:443 "GET /r/BitcoinBrasil/about/?raw_json=1 HTTP/1.1" 200 1643
2025-12-12 00:34:33,412 - prawcore - DEBUG - Response: 200 (1643 bytes) (rst-326:rem-924.0:used-76 ratelimit) at 1765510473.412983
2025-12-12 00:34:33,413 - prawcore - DEBUG - Fetching: GET https://oauth.reddit.com/user/Ok-Spread-5410/about/ at 1765510473.413684
2025-12-12 00:34:33,413 - prawcore - DEBUG - Data: None
2025-12-12 00:34:33,413 - prawcore - DEBUG - Params: {'raw_json': 1}
2025-12-12 00:34:33,604 - urllib3.connectionpool - DEBUG - https://oauth.reddit.com:443 "GET /user/Ok-Spread-5410/about/?raw_json=1 HTTP/1.1" 200 721
2025-12-12 00:34:33,605 - prawcore - DEBUG - Response: 200 (721 bytes) (rst-326:rem-923.0:used-77 ratelimit) at 1765510473.605459
2025-12-12 00:34:33,608 - prawcore - DEBUG - Fetching: GET https://oauth.reddit.com/comments/1lshqy7/ at 1765510473.607997
2025-12-12 00:34:33,608 - prawcore - DEBUG - Data: None
2025-12-12 00:34:33,608 - prawcore - DEBUG - Params: {'limit': 2048, 'raw_json': 1, 'sort': 'confidence'}
2025-12-12 00:34:33,925 - urllib3.connectionpool - DEBUG - https://oauth.reddit.com:443 "GET /comments/1lshqy7/?limit=2048&sort=confidence&raw_json=1 HTTP/1.1" 200 5649
2025-12-12 00:34:33,928 - prawcore - DEBUG - Response: 200 (5649 bytes) (rst-326:rem-922.0:used-78 ratelimit) at 1765510473.9288058
2025-12-12 00:34:33,933 - prawcore - DEBUG - Fetching: GET https://oauth.reddit.com/r/rpg_brasil/about/ at 1765510473.933114
2025-12-12 00:34:33,933 - prawcore - DEBUG - Data: None
2025-12-12 00:34:33,933 - prawcore - DEBUG - Params: {'raw_json': 1}
2025-12-12 00:34:34,137 - urllib3.connectionpool - DEBUG - https://oauth.reddit.com:443 "GET /r/rpg_brasil/about/?raw_json=1 HTTP/1.1" 200 1588
2025-12-12 00:34:34,139 - prawcore - DEBUG - Response: 200 (1588 bytes) (rst-325:rem-921.0:used-79 ratelimit) at 1765510474.139909
2025-12-12 00:34:34,140 - prawcore - DEBUG - Fetching: GET https://oauth.reddit.com/user/AbsconditusArtem/about/ at 1765510474.140866
2025-12-12 00:34:34,141 - prawcore - DEBUG - Data: None
2025-12-12 00:34:34,141 - prawcore - DEBUG - Params: {'raw_json': 1}
2025-12-12 00:34:34,336 - urllib3.connectionpool - DEBUG - https://oauth.reddit.com:443 "GET /user/AbsconditusArtem/about/?raw_json=1 HTTP/1.1" 200 706
2025-12-12 00:34:34,337 - prawcore - DEBUG - Response: 200 (706 bytes) (rst-325:rem-920.0:used-80 ratelimit) at 1765510474.337963
2025-12-12 00:34:34,342 - prawcore - DEBUG - Fetching: GET https://oauth.reddit.com/r/criptomoedas/about/ at 1765510474.34209
2025-12-12 00:34:34,342 - prawcore - DEBUG - Data: None
2025-12-12 00:34:34,342 - prawcore - DEBUG - Params: {'raw_json': 1}
2025-12-12 00:34:34,533 - urllib3.connectionpool - DEBUG - https://oauth.reddit.com:443 "GET /r/criptomoedas/about/?raw_json=1 HTTP/1.1" 200 1398
2025-12-12 00:34:34,536 - prawcore - DEBUG - Response: 200 (1398 bytes) (rst-325:rem-919.0:used-81 ratelimit) at 1765510474.5360482
2025-12-12 00:34:34,537 - prawcore - DEBUG - Fetching: GET https://oauth.reddit.com/user/Fantastic_Bag_7878/about/ at 1765510474.537172
2025-12-12 00:34:34,537 - prawcore - DEBUG - Data: None
2025-12-12 00:34:34,537 - prawcore - DEBUG - Params: {'raw_json': 1}
2025-12-12 00:34:34,738 - urllib3.connectionpool - DEBUG - https://oauth.reddit.com:443 "GET /user/Fantastic_Bag_7878/about/?raw_json=1 HTTP/1.1" 200 704
2025-12-12 00:34:34,741 - prawcore - DEBUG - Response: 200 (704 bytes) (rst-325:rem-918.0:used-82 ratelimit) at 1765510474.7416441
2025-12-12 00:34:34,747 - prawcore - DEBUG - Fetching: GET https://oauth.reddit.com/comments/1oq3lya/ at 1765510474.7475789
2025-12-12 00:34:34,748 - prawcore - DEBUG - Data: None
2025-12-12 00:34:34,748 - prawcore - DEBUG - Params: {'limit': 2048, 'raw_json': 1, 'sort': 'confidence'}
2025-12-12 00:34:35,011 - urllib3.connectionpool - DEBUG - https://oauth.reddit.com:443 "GET /comments/1oq3lya/?limit=2048&sort=confidence&raw_json=1 HTTP/1.1" 200 1513
2025-12-12 00:34:35,013 - prawcore - DEBUG - Response: 200 (1513 bytes) (rst-325:rem-917.0:used-83 ratelimit) at 1765510475.013091
2025-12-12 00:34:35,013 - prawcore - DEBUG - Fetching: GET https://oauth.reddit.com/r/studentenrabatte/about/ at 1765510475.013962
2025-12-12 00:34:35,014 - prawcore - DEBUG - Data: None
2025-12-12 00:34:35,014 - prawcore - DEBUG - Params: {'raw_json': 1}
2025-12-12 00:34:35,205 - urllib3.connectionpool - DEBUG - https://oauth.reddit.com:443 "GET /r/studentenrabatte/about/?raw_json=1 HTTP/1.1" 200 1633
2025-12-12 00:34:35,206 - prawcore - DEBUG - Response: 200 (1633 bytes) (rst-324:rem-916.0:used-84 ratelimit) at 1765510475.2069209
2025-12-12 00:34:35,207 - prawcore - DEBUG - Fetching: GET https://oauth.reddit.com/user/iamstudent_DACH/about/ at 1765510475.2075121
2025-12-12 00:34:35,207 - prawcore - DEBUG - Data: None
2025-12-12 00:34:35,207 - prawcore - DEBUG - Params: {'raw_json': 1}
2025-12-12 00:34:35,403 - urllib3.connectionpool - DEBUG - https://oauth.reddit.com:443 "GET /user/iamstudent_DACH/about/?raw_json=1 HTTP/1.1" 200 719
2025-12-12 00:34:35,406 - prawcore - DEBUG - Response: 200 (719 bytes) (rst-324:rem-915.0:used-85 ratelimit) at 1765510475.406622
2025-12-12 00:34:35,410 - prawcore - DEBUG - Fetching: GET https://oauth.reddit.com/r/indonesian/about/ at 1765510475.410197
2025-12-12 00:34:35,410 - prawcore - DEBUG - Data: None
2025-12-12 00:34:35,410 - prawcore - DEBUG - Params: {'raw_json': 1}
2025-12-12 00:34:35,603 - urllib3.connectionpool - DEBUG - https://oauth.reddit.com:443 "GET /r/indonesian/about/?raw_json=1 HTTP/1.1" 200 1835
2025-12-12 00:34:35,607 - prawcore - DEBUG - Response: 200 (1835 bytes) (rst-324:rem-914.0:used-86 ratelimit) at 1765510475.607944
2025-12-12 00:34:35,608 - prawcore - DEBUG - Fetching: GET https://oauth.reddit.com/user/mothenata/about/ at 1765510475.6086369
2025-12-12 00:34:35,608 - prawcore - DEBUG - Data: None
2025-12-12 00:34:35,608 - prawcore - DEBUG - Params: {'raw_json': 1}
2025-12-12 00:34:35,801 - urllib3.connectionpool - DEBUG - https://oauth.reddit.com:443 "GET /user/mothenata/about/?raw_json=1 HTTP/1.1" 200 686
2025-12-12 00:34:35,802 - prawcore - DEBUG - Response: 200 (686 bytes) (rst-324:rem-913.0:used-87 ratelimit) at 1765510475.802623
2025-12-12 00:34:35,806 - prawcore - DEBUG - Fetching: GET https://oauth.reddit.com/comments/1npw89w/ at 1765510475.806082
2025-12-12 00:34:35,807 - prawcore - DEBUG - Data: None
2025-12-12 00:34:35,808 - prawcore - DEBUG - Params: {'limit': 2048, 'raw_json': 1, 'sort': 'confidence'}
2025-12-12 00:34:36,045 - urllib3.connectionpool - DEBUG - https://oauth.reddit.com:443 "GET /comments/1npw89w/?limit=2048&sort=confidence&raw_json=1 HTTP/1.1" 200 1976
2025-12-12 00:34:36,047 - prawcore - DEBUG - Response: 200 (1976 bytes) (rst-324:rem-912.0:used-88 ratelimit) at 1765510476.047421
2025-12-12 00:34:36,049 - prawcore - DEBUG - Fetching: GET https://oauth.reddit.com/r/classactions/about/ at 1765510476.049215
2025-12-12 00:34:36,049 - prawcore - DEBUG - Data: None
2025-12-12 00:34:36,049 - prawcore - DEBUG - Params: {'raw_json': 1}
2025-12-12 00:34:36,247 - urllib3.connectionpool - DEBUG - https://oauth.reddit.com:443 "GET /r/classactions/about/?raw_json=1 HTTP/1.1" 200 1636
2025-12-12 00:34:36,250 - prawcore - DEBUG - Response: 200 (1636 bytes) (rst-323:rem-911.0:used-89 ratelimit) at 1765510476.2502441
2025-12-12 00:34:36,251 - prawcore - DEBUG - Fetching: GET https://oauth.reddit.com/user/awg_shonuff_da_pro/about/ at 1765510476.251294
2025-12-12 00:34:36,251 - prawcore - DEBUG - Data: None
2025-12-12 00:34:36,251 - prawcore - DEBUG - Params: {'raw_json': 1}
2025-12-12 00:34:36,446 - urllib3.connectionpool - DEBUG - https://oauth.reddit.com:443 "GET /user/awg_shonuff_da_pro/about/?raw_json=1 HTTP/1.1" 200 914
2025-12-12 00:34:36,448 - prawcore - DEBUG - Response: 200 (914 bytes) (rst-323:rem-910.0:used-90 ratelimit) at 1765510476.448674
2025-12-12 00:34:36,453 - prawcore - DEBUG - Fetching: GET https://oauth.reddit.com/r/UnusualInstruments/about/ at 1765510476.4533172
2025-12-12 00:34:36,453 - prawcore - DEBUG - Data: None
2025-12-12 00:34:36,453 - prawcore - DEBUG - Params: {'raw_json': 1}
2025-12-12 00:34:36,655 - urllib3.connectionpool - DEBUG - https://oauth.reddit.com:443 "GET /r/UnusualInstruments/about/?raw_json=1 HTTP/1.1" 200 1670
2025-12-12 00:34:36,656 - prawcore - DEBUG - Response: 200 (1670 bytes) (rst-323:rem-909.0:used-91 ratelimit) at 1765510476.656853
2025-12-12 00:34:36,657 - prawcore - DEBUG - Fetching: GET https://oauth.reddit.com/user/El-Chip/about/ at 1765510476.657621
2025-12-12 00:34:36,657 - prawcore - DEBUG - Data: None
2025-12-12 00:34:36,657 - prawcore - DEBUG - Params: {'raw_json': 1}
2025-12-12 00:34:36,859 - urllib3.connectionpool - DEBUG - https://oauth.reddit.com:443 "GET /user/El-Chip/about/?raw_json=1 HTTP/1.1" 200 768
2025-12-12 00:34:36,862 - prawcore - DEBUG - Response: 200 (768 bytes) (rst-323:rem-908.0:used-92 ratelimit) at 1765510476.8625112
2025-12-12 00:34:36,867 - prawcore - DEBUG - Fetching: GET https://oauth.reddit.com/comments/1nc8cil/ at 1765510476.867281
2025-12-12 00:34:36,867 - prawcore - DEBUG - Data: None
2025-12-12 00:34:36,867 - prawcore - DEBUG - Params: {'limit': 2048, 'raw_json': 1, 'sort': 'confidence'}
2025-12-12 00:34:37,109 - urllib3.connectionpool - DEBUG - https://oauth.reddit.com:443 "GET /comments/1nc8cil/?limit=2048&sort=confidence&raw_json=1 HTTP/1.1" 200 3323
2025-12-12 00:34:37,110 - prawcore - DEBUG - Response: 200 (3323 bytes) (rst-323:rem-907.0:used-93 ratelimit) at 1765510477.1109052
2025-12-12 00:34:37,112 - prawcore - DEBUG - Fetching: GET https://oauth.reddit.com/r/scheissaufnbilla/about/ at 1765510477.112193
2025-12-12 00:34:37,112 - prawcore - DEBUG - Data: None
2025-12-12 00:34:37,112 - prawcore - DEBUG - Params: {'raw_json': 1}
2025-12-12 00:34:37,318 - urllib3.connectionpool - DEBUG - https://oauth.reddit.com:443 "GET /r/scheissaufnbilla/about/?raw_json=1 HTTP/1.1" 200 1421
2025-12-12 00:34:37,320 - prawcore - DEBUG - Response: 200 (1421 bytes) (rst-322:rem-906.0:used-94 ratelimit) at 1765510477.3205152
2025-12-12 00:34:37,321 - prawcore - DEBUG - Fetching: GET https://oauth.reddit.com/user/Degree_Federal/about/ at 1765510477.3214688
2025-12-12 00:34:37,321 - prawcore - DEBUG - Data: None
2025-12-12 00:34:37,321 - prawcore - DEBUG - Params: {'raw_json': 1}
2025-12-12 00:34:37,514 - urllib3.connectionpool - DEBUG - https://oauth.reddit.com:443 "GET /user/Degree_Federal/about/?raw_json=1 HTTP/1.1" 200 844
2025-12-12 00:34:37,516 - prawcore - DEBUG - Response: 200 (844 bytes) (rst-322:rem-905.0:used-95 ratelimit) at 1765510477.516274
2025-12-12 00:34:37,517 - prawcore - DEBUG - Fetching: GET https://oauth.reddit.com/comments/1n0q7pf/ at 1765510477.517616
2025-12-12 00:34:37,517 - prawcore - DEBUG - Data: None
2025-12-12 00:34:37,517 - prawcore - DEBUG - Params: {'limit': 2048, 'raw_json': 1, 'sort': 'confidence'}
2025-12-12 00:34:37,762 - urllib3.connectionpool - DEBUG - https://oauth.reddit.com:443 "GET /comments/1n0q7pf/?limit=2048&sort=confidence&raw_json=1 HTTP/1.1" 200 2674
2025-12-12 00:34:37,764 - prawcore - DEBUG - Response: 200 (2674 bytes) (rst-322:rem-904.0:used-96 ratelimit) at 1765510477.7646358
2025-12-12 00:34:37,766 - prawcore - DEBUG - Fetching: GET https://oauth.reddit.com/r/Austria/about/ at 1765510477.766952
2025-12-12 00:34:37,767 - prawcore - DEBUG - Data: None
2025-12-12 00:34:37,767 - prawcore - DEBUG - Params: {'raw_json': 1}
2025-12-12 00:34:37,959 - urllib3.connectionpool - DEBUG - https://oauth.reddit.com:443 "GET /r/Austria/about/?raw_json=1 HTTP/1.1" 200 2263
2025-12-12 00:34:37,962 - prawcore - DEBUG - Response: 200 (2263 bytes) (rst-322:rem-903.0:used-97 ratelimit) at 1765510477.962503
2025-12-12 00:34:37,963 - prawcore - DEBUG - Fetching: GET https://oauth.reddit.com/user/Weirdy19/about/ at 1765510477.963596
2025-12-12 00:34:37,963 - prawcore - DEBUG - Data: None
2025-12-12 00:34:37,963 - prawcore - DEBUG - Params: {'raw_json': 1}
2025-12-12 00:34:38,164 - urllib3.connectionpool - DEBUG - https://oauth.reddit.com:443 "GET /user/Weirdy19/about/?raw_json=1 HTTP/1.1" 200 697
2025-12-12 00:34:38,166 - prawcore - DEBUG - Response: 200 (697 bytes) (rst-321:rem-902.0:used-98 ratelimit) at 1765510478.166469
2025-12-12 00:34:38,171 - prawcore - DEBUG - Fetching: GET https://oauth.reddit.com/r/hardwarebrasil/about/ at 1765510478.171189
2025-12-12 00:34:38,171 - prawcore - DEBUG - Data: None
2025-12-12 00:34:38,171 - prawcore - DEBUG - Params: {'raw_json': 1}
2025-12-12 00:34:38,371 - urllib3.connectionpool - DEBUG - https://oauth.reddit.com:443 "GET /r/hardwarebrasil/about/?raw_json=1 HTTP/1.1" 200 1475
2025-12-12 00:34:38,372 - prawcore - DEBUG - Response: 200 (1475 bytes) (rst-321:rem-901.0:used-99 ratelimit) at 1765510478.372902
2025-12-12 00:34:38,374 - prawcore - DEBUG - Fetching: GET https://oauth.reddit.com/user/Snoo-29909/about/ at 1765510478.3740642
2025-12-12 00:34:38,374 - prawcore - DEBUG - Data: None
2025-12-12 00:34:38,374 - prawcore - DEBUG - Params: {'raw_json': 1}
2025-12-12 00:34:38,572 - urllib3.connectionpool - DEBUG - https://oauth.reddit.com:443 "GET /user/Snoo-29909/about/?raw_json=1 HTTP/1.1" 200 846
2025-12-12 00:34:38,574 - prawcore - DEBUG - Response: 200 (846 bytes) (rst-321:rem-900.0:used-100 ratelimit) at 1765510478.574542
2025-12-12 00:34:38,578 - prawcore - DEBUG - Fetching: GET https://oauth.reddit.com/comments/1mcjf9b/ at 1765510478.578729
2025-12-12 00:34:38,578 - prawcore - DEBUG - Data: None
2025-12-12 00:34:38,579 - prawcore - DEBUG - Params: {'limit': 2048, 'raw_json': 1, 'sort': 'confidence'}
2025-12-12 00:34:38,855 - urllib3.connectionpool - DEBUG - https://oauth.reddit.com:443 "GET /comments/1mcjf9b/?limit=2048&sort=confidence&raw_json=1 HTTP/1.1" 200 3468
2025-12-12 00:34:38,859 - prawcore - DEBUG - Response: 200 (3468 bytes) (rst-321:rem-899.0:used-101 ratelimit) at 1765510478.859453
2025-12-12 00:34:38,860 - prawcore - DEBUG - Fetching: GET https://oauth.reddit.com/r/2westerneurope4u/about/ at 1765510478.860446
2025-12-12 00:34:38,860 - prawcore - DEBUG - Data: None
2025-12-12 00:34:38,860 - prawcore - DEBUG - Params: {'raw_json': 1}
2025-12-12 00:34:39,048 - urllib3.connectionpool - DEBUG - https://oauth.reddit.com:443 "GET /r/2westerneurope4u/about/?raw_json=1 HTTP/1.1" 200 1618
2025-12-12 00:34:39,050 - prawcore - DEBUG - Response: 200 (1618 bytes) (rst-321:rem-898.0:used-102 ratelimit) at 1765510479.050095
2025-12-12 00:34:39,050 - prawcore - DEBUG - Fetching: GET https://oauth.reddit.com/user/boomerintown/about/ at 1765510479.050724
2025-12-12 00:34:39,050 - prawcore - DEBUG - Data: None
2025-12-12 00:34:39,050 - prawcore - DEBUG - Params: {'raw_json': 1}
2025-12-12 00:34:39,263 - urllib3.connectionpool - DEBUG - https://oauth.reddit.com:443 "GET /user/boomerintown/about/?raw_json=1 HTTP/1.1" 200 824
2025-12-12 00:34:39,264 - prawcore - DEBUG - Response: 200 (824 bytes) (rst-320:rem-897.0:used-103 ratelimit) at 1765510479.2643
2025-12-12 00:34:39,266 - prawcore - DEBUG - Fetching: GET https://oauth.reddit.com/r/computadores/about/ at 1765510479.266197
2025-12-12 00:34:39,266 - prawcore - DEBUG - Data: None
2025-12-12 00:34:39,266 - prawcore - DEBUG - Params: {'raw_json': 1}
2025-12-12 00:34:39,460 - urllib3.connectionpool - DEBUG - https://oauth.reddit.com:443 "GET /r/computadores/about/?raw_json=1 HTTP/1.1" 200 1331
2025-12-12 00:34:39,461 - prawcore - DEBUG - Response: 200 (1331 bytes) (rst-320:rem-896.0:used-104 ratelimit) at 1765510479.4618602
2025-12-12 00:34:39,462 - prawcore - DEBUG - Fetching: GET https://oauth.reddit.com/user/Victorpinho0/about/ at 1765510479.462184
2025-12-12 00:34:39,462 - prawcore - DEBUG - Data: None
2025-12-12 00:34:39,462 - prawcore - DEBUG - Params: {'raw_json': 1}
2025-12-12 00:34:39,655 - urllib3.connectionpool - DEBUG - https://oauth.reddit.com:443 "GET /user/Victorpinho0/about/?raw_json=1 HTTP/1.1" 200 697
2025-12-12 00:34:39,655 - prawcore - DEBUG - Response: 200 (697 bytes) (rst-320:rem-895.0:used-105 ratelimit) at 1765510479.655864
2025-12-12 00:34:39,657 - prawcore - DEBUG - Fetching: GET https://oauth.reddit.com/r/Austria/about/ at 1765510479.657074
2025-12-12 00:34:39,657 - prawcore - DEBUG - Data: None
2025-12-12 00:34:39,657 - prawcore - DEBUG - Params: {'raw_json': 1}
2025-12-12 00:34:39,843 - urllib3.connectionpool - DEBUG - https://oauth.reddit.com:443 "GET /r/Austria/about/?raw_json=1 HTTP/1.1" 200 2263
2025-12-12 00:34:39,844 - prawcore - DEBUG - Response: 200 (2263 bytes) (rst-320:rem-894.0:used-106 ratelimit) at 1765510479.844335
2025-12-12 00:34:39,844 - prawcore - DEBUG - Fetching: GET https://oauth.reddit.com/user/Vic-Ier/about/ at 1765510479.844744
2025-12-12 00:34:39,844 - prawcore - DEBUG - Data: None
2025-12-12 00:34:39,844 - prawcore - DEBUG - Params: {'raw_json': 1}
2025-12-12 00:34:40,042 - urllib3.connectionpool - DEBUG - https://oauth.reddit.com:443 "GET /user/Vic-Ier/about/?raw_json=1 HTTP/1.1" 200 704
2025-12-12 00:34:40,043 - prawcore - DEBUG - Response: 200 (704 bytes) (rst-320:rem-893.0:used-107 ratelimit) at 1765510480.043288
2025-12-12 00:34:40,046 - prawcore - DEBUG - Fetching: GET https://oauth.reddit.com/r/scheissaufnbilla/about/ at 1765510480.0462432
2025-12-12 00:34:40,046 - prawcore - DEBUG - Data: None
2025-12-12 00:34:40,046 - prawcore - DEBUG - Params: {'raw_json': 1}
2025-12-12 00:34:40,242 - urllib3.connectionpool - DEBUG - https://oauth.reddit.com:443 "GET /r/scheissaufnbilla/about/?raw_json=1 HTTP/1.1" 200 1421
2025-12-12 00:34:40,243 - prawcore - DEBUG - Response: 200 (1421 bytes) (rst-319:rem-892.0:used-108 ratelimit) at 1765510480.243377
2025-12-12 00:34:40,243 - prawcore - DEBUG - Fetching: GET https://oauth.reddit.com/user/ValliMallli/about/ at 1765510480.243743
2025-12-12 00:34:40,243 - prawcore - DEBUG - Data: None
2025-12-12 00:34:40,243 - prawcore - DEBUG - Params: {'raw_json': 1}
2025-12-12 00:34:40,437 - urllib3.connectionpool - DEBUG - https://oauth.reddit.com:443 "GET /user/ValliMallli/about/?raw_json=1 HTTP/1.1" 200 766
2025-12-12 00:34:40,438 - prawcore - DEBUG - Response: 200 (766 bytes) (rst-319:rem-891.0:used-109 ratelimit) at 1765510480.4382348
2025-12-12 00:34:40,439 - prawcore - DEBUG - Fetching: GET https://oauth.reddit.com/comments/1m8z0iw/ at 1765510480.439926
2025-12-12 00:34:40,440 - prawcore - DEBUG - Data: None
2025-12-12 00:34:40,440 - prawcore - DEBUG - Params: {'limit': 2048, 'raw_json': 1, 'sort': 'confidence'}
2025-12-12 00:34:40,709 - urllib3.connectionpool - DEBUG - https://oauth.reddit.com:443 "GET /comments/1m8z0iw/?limit=2048&sort=confidence&raw_json=1 HTTP/1.1" 200 3300
2025-12-12 00:34:40,709 - prawcore - DEBUG - Response: 200 (3300 bytes) (rst-319:rem-890.0:used-110 ratelimit) at 1765510480.709688
2025-12-12 00:34:40,710 - prawcore - DEBUG - Fetching: GET https://oauth.reddit.com/r/BitcoinBrasil/about/ at 1765510480.710256
2025-12-12 00:34:40,710 - prawcore - DEBUG - Data: None
2025-12-12 00:34:40,710 - prawcore - DEBUG - Params: {'raw_json': 1}
2025-12-12 00:34:40,899 - urllib3.connectionpool - DEBUG - https://oauth.reddit.com:443 "GET /r/BitcoinBrasil/about/?raw_json=1 HTTP/1.1" 200 1643
2025-12-12 00:34:40,900 - prawcore - DEBUG - Response: 200 (1643 bytes) (rst-319:rem-889.0:used-111 ratelimit) at 1765510480.900888
2025-12-12 00:34:40,901 - prawcore - DEBUG - Fetching: GET https://oauth.reddit.com/user/Samuelakacwjevskay/about/ at 1765510480.901442
2025-12-12 00:34:40,901 - prawcore - DEBUG - Data: None
2025-12-12 00:34:40,901 - prawcore - DEBUG - Params: {'raw_json': 1}
2025-12-12 00:34:41,090 - urllib3.connectionpool - DEBUG - https://oauth.reddit.com:443 "GET /user/Samuelakacwjevskay/about/?raw_json=1 HTTP/1.1" 200 875
2025-12-12 00:34:41,092 - prawcore - DEBUG - Response: 200 (875 bytes) (rst-318:rem-888.0:used-112 ratelimit) at 1765510481.0920398
2025-12-12 00:34:41,095 - prawcore - DEBUG - Fetching: GET https://oauth.reddit.com/comments/1m19l46/ at 1765510481.095732
2025-12-12 00:34:41,095 - prawcore - DEBUG - Data: None
2025-12-12 00:34:41,096 - prawcore - DEBUG - Params: {'limit': 2048, 'raw_json': 1, 'sort': 'confidence'}
2025-12-12 00:34:41,360 - urllib3.connectionpool - DEBUG - https://oauth.reddit.com:443 "GET /comments/1m19l46/?limit=2048&sort=confidence&raw_json=1 HTTP/1.1" 200 3602
2025-12-12 00:34:41,363 - prawcore - DEBUG - Response: 200 (3602 bytes) (rst-318:rem-887.0:used-113 ratelimit) at 1765510481.363002
2025-12-12 00:34:41,365 - prawcore - DEBUG - Fetching: GET https://oauth.reddit.com/r/indonesia/about/ at 1765510481.365213
2025-12-12 00:34:41,365 - prawcore - DEBUG - Data: None
2025-12-12 00:34:41,365 - prawcore - DEBUG - Params: {'raw_json': 1}
2025-12-12 00:34:41,572 - urllib3.connectionpool - DEBUG - https://oauth.reddit.com:443 "GET /r/indonesia/about/?raw_json=1 HTTP/1.1" 200 5995
2025-12-12 00:34:41,574 - prawcore - DEBUG - Response: 200 (5995 bytes) (rst-318:rem-886.0:used-114 ratelimit) at 1765510481.574948
2025-12-12 00:34:41,576 - prawcore - DEBUG - Fetching: GET https://oauth.reddit.com/user/SanaKanae/about/ at 1765510481.576216
2025-12-12 00:34:41,576 - prawcore - DEBUG - Data: None
2025-12-12 00:34:41,576 - prawcore - DEBUG - Params: {'raw_json': 1}
2025-12-12 00:34:41,774 - urllib3.connectionpool - DEBUG - https://oauth.reddit.com:443 "GET /user/SanaKanae/about/?raw_json=1 HTTP/1.1" 200 860
2025-12-12 00:34:41,776 - prawcore - DEBUG - Response: 200 (860 bytes) (rst-318:rem-885.0:used-115 ratelimit) at 1765510481.776101
2025-12-12 00:34:41,781 - prawcore - DEBUG - Fetching: GET https://oauth.reddit.com/r/graz/about/ at 1765510481.780999
2025-12-12 00:34:41,781 - prawcore - DEBUG - Data: None
2025-12-12 00:34:41,781 - prawcore - DEBUG - Params: {'raw_json': 1}
2025-12-12 00:34:41,981 - urllib3.connectionpool - DEBUG - https://oauth.reddit.com:443 "GET /r/graz/about/?raw_json=1 HTTP/1.1" 200 1758
2025-12-12 00:34:41,984 - prawcore - DEBUG - Response: 200 (1758 bytes) (rst-318:rem-884.0:used-116 ratelimit) at 1765510481.984402
2025-12-12 00:34:41,985 - prawcore - DEBUG - Fetching: GET https://oauth.reddit.com/user/Practical_Hurry_6850/about/ at 1765510481.985769
2025-12-12 00:34:41,985 - prawcore - DEBUG - Data: None
2025-12-12 00:34:41,986 - prawcore - DEBUG - Params: {'raw_json': 1}
2025-12-12 00:34:42,186 - urllib3.connectionpool - DEBUG - https://oauth.reddit.com:443 "GET /user/Practical_Hurry_6850/about/?raw_json=1 HTTP/1.1" 200 835
2025-12-12 00:34:42,188 - prawcore - DEBUG - Response: 200 (835 bytes) (rst-317:rem-883.0:used-117 ratelimit) at 1765510482.1879911
2025-12-12 00:34:42,191 - prawcore - DEBUG - Fetching: GET https://oauth.reddit.com/comments/1mheoyj/ at 1765510482.191652
2025-12-12 00:34:42,191 - prawcore - DEBUG - Data: None
2025-12-12 00:34:42,192 - prawcore - DEBUG - Params: {'limit': 2048, 'raw_json': 1, 'sort': 'confidence'}
2025-12-12 00:34:42,422 - urllib3.connectionpool - DEBUG - https://oauth.reddit.com:443 "GET /comments/1mheoyj/?limit=2048&sort=confidence&raw_json=1 HTTP/1.1" 200 1435
2025-12-12 00:34:42,424 - prawcore - DEBUG - Response: 200 (1435 bytes) (rst-317:rem-882.0:used-118 ratelimit) at 1765510482.4243991
2025-12-12 00:34:42,425 - prawcore - DEBUG - Fetching: GET https://oauth.reddit.com/r/BitcoinBrasil/about/ at 1765510482.425863
2025-12-12 00:34:42,426 - prawcore - DEBUG - Data: None
2025-12-12 00:34:42,426 - prawcore - DEBUG - Params: {'raw_json': 1}
2025-12-12 00:34:42,630 - urllib3.connectionpool - DEBUG - https://oauth.reddit.com:443 "GET /r/BitcoinBrasil/about/?raw_json=1 HTTP/1.1" 200 1643
2025-12-12 00:34:42,633 - prawcore - DEBUG - Response: 200 (1643 bytes) (rst-317:rem-881.0:used-119 ratelimit) at 1765510482.633495
2025-12-12 00:34:42,634 - prawcore - DEBUG - Fetching: GET https://oauth.reddit.com/user/Easy_Marionberry_830/about/ at 1765510482.634718
2025-12-12 00:34:42,634 - prawcore - DEBUG - Data: None
2025-12-12 00:34:42,635 - prawcore - DEBUG - Params: {'raw_json': 1}
2025-12-12 00:34:42,842 - urllib3.connectionpool - DEBUG - https://oauth.reddit.com:443 "GET /user/Easy_Marionberry_830/about/?raw_json=1 HTTP/1.1" 200 878
2025-12-12 00:34:42,845 - prawcore - DEBUG - Response: 200 (878 bytes) (rst-317:rem-880.0:used-120 ratelimit) at 1765510482.845561
2025-12-12 00:34:42,852 - prawcore - DEBUG - Fetching: GET https://oauth.reddit.com/comments/1iltytd/ at 1765510482.852004
2025-12-12 00:34:42,852 - prawcore - DEBUG - Data: None
2025-12-12 00:34:42,852 - prawcore - DEBUG - Params: {'limit': 2048, 'raw_json': 1, 'sort': 'confidence'}
2025-12-12 00:34:43,218 - urllib3.connectionpool - DEBUG - https://oauth.reddit.com:443 "GET /comments/1iltytd/?limit=2048&sort=confidence&raw_json=1 HTTP/1.1" 200 5451
2025-12-12 00:34:43,220 - prawcore - DEBUG - Response: 200 (5451 bytes) (rst-317:rem-879.0:used-121 ratelimit) at 1765510483.220802
2025-12-12 00:34:43,225 - prawcore - DEBUG - Fetching: GET https://oauth.reddit.com/r/graz/about/ at 1765510483.225172
2025-12-12 00:34:43,225 - prawcore - DEBUG - Data: None
2025-12-12 00:34:43,225 - prawcore - DEBUG - Params: {'raw_json': 1}
2025-12-12 00:34:43,425 - urllib3.connectionpool - DEBUG - https://oauth.reddit.com:443 "GET /r/graz/about/?raw_json=1 HTTP/1.1" 200 1758
2025-12-12 00:34:43,428 - prawcore - DEBUG - Response: 200 (1758 bytes) (rst-316:rem-878.0:used-122 ratelimit) at 1765510483.428436
2025-12-12 00:34:43,429 - prawcore - DEBUG - Fetching: GET https://oauth.reddit.com/user/bobbledi/about/ at 1765510483.4297442
2025-12-12 00:34:43,429 - prawcore - DEBUG - Data: None
2025-12-12 00:34:43,430 - prawcore - DEBUG - Params: {'raw_json': 1}
2025-12-12 00:34:43,621 - urllib3.connectionpool - DEBUG - https://oauth.reddit.com:443 "GET /user/bobbledi/about/?raw_json=1 HTTP/1.1" 200 690
2025-12-12 00:34:43,623 - prawcore - DEBUG - Response: 200 (690 bytes) (rst-316:rem-877.0:used-123 ratelimit) at 1765510483.623575
2025-12-12 00:34:43,628 - prawcore - DEBUG - Fetching: GET https://oauth.reddit.com/comments/1khmfmk/ at 1765510483.628789
2025-12-12 00:34:43,629 - prawcore - DEBUG - Data: None
2025-12-12 00:34:43,629 - prawcore - DEBUG - Params: {'limit': 2048, 'raw_json': 1, 'sort': 'confidence'}
2025-12-12 00:34:43,901 - urllib3.connectionpool - DEBUG - https://oauth.reddit.com:443 "GET /comments/1khmfmk/?limit=2048&sort=confidence&raw_json=1 HTTP/1.1" 200 3564
2025-12-12 00:34:43,903 - prawcore - DEBUG - Response: 200 (3564 bytes) (rst-316:rem-876.0:used-124 ratelimit) at 1765510483.903921
2025-12-12 00:34:43,907 - prawcore - DEBUG - Fetching: GET https://oauth.reddit.com/r/BitcoinBrasil/about/ at 1765510483.907491
2025-12-12 00:34:43,907 - prawcore - DEBUG - Data: None
2025-12-12 00:34:43,908 - prawcore - DEBUG - Params: {'raw_json': 1}
2025-12-12 00:34:44,113 - urllib3.connectionpool - DEBUG - https://oauth.reddit.com:443 "GET /r/BitcoinBrasil/about/?raw_json=1 HTTP/1.1" 200 1643
2025-12-12 00:34:44,114 - prawcore - DEBUG - Response: 200 (1643 bytes) (rst-315:rem-875.0:used-125 ratelimit) at 1765510484.114901
2025-12-12 00:34:44,115 - prawcore - DEBUG - Fetching: GET https://oauth.reddit.com/user/Luccafol/about/ at 1765510484.1155431
2025-12-12 00:34:44,115 - prawcore - DEBUG - Data: None
2025-12-12 00:34:44,115 - prawcore - DEBUG - Params: {'raw_json': 1}
2025-12-12 00:34:44,325 - urllib3.connectionpool - DEBUG - https://oauth.reddit.com:443 "GET /user/Luccafol/about/?raw_json=1 HTTP/1.1" 200 689
2025-12-12 00:34:44,326 - prawcore - DEBUG - Response: 200 (689 bytes) (rst-315:rem-874.0:used-126 ratelimit) at 1765510484.326974
2025-12-12 00:34:44,330 - prawcore - DEBUG - Fetching: GET https://oauth.reddit.com/comments/1h2bire/ at 1765510484.330666
2025-12-12 00:34:44,330 - prawcore - DEBUG - Data: None
2025-12-12 00:34:44,330 - prawcore - DEBUG - Params: {'limit': 2048, 'raw_json': 1, 'sort': 'confidence'}
2025-12-12 00:34:44,622 - urllib3.connectionpool - DEBUG - https://oauth.reddit.com:443 "GET /comments/1h2bire/?limit=2048&sort=confidence&raw_json=1 HTTP/1.1" 200 6166
2025-12-12 00:34:44,623 - prawcore - DEBUG - Response: 200 (6166 bytes) (rst-315:rem-873.0:used-127 ratelimit) at 1765510484.623051
2025-12-12 00:34:44,625 - prawcore - DEBUG - Fetching: GET https://oauth.reddit.com/r/KpopDemonhunters/about/ at 1765510484.625961
2025-12-12 00:34:44,626 - prawcore - DEBUG - Data: None
2025-12-12 00:34:44,626 - prawcore - DEBUG - Params: {'raw_json': 1}
2025-12-12 00:34:44,823 - urllib3.connectionpool - DEBUG - https://oauth.reddit.com:443 "GET /r/KpopDemonhunters/about/?raw_json=1 HTTP/1.1" 200 6491
2025-12-12 00:34:44,826 - prawcore - DEBUG - Response: 200 (6491 bytes) (rst-315:rem-872.0:used-128 ratelimit) at 1765510484.8266299
2025-12-12 00:34:44,828 - prawcore - DEBUG - Fetching: GET https://oauth.reddit.com/user/ProtoChan44/about/ at 1765510484.8281531
2025-12-12 00:34:44,828 - prawcore - DEBUG - Data: None
2025-12-12 00:34:44,828 - prawcore - DEBUG - Params: {'raw_json': 1}
2025-12-12 00:34:45,038 - urllib3.connectionpool - DEBUG - https://oauth.reddit.com:443 "GET /user/ProtoChan44/about/?raw_json=1 HTTP/1.1" 200 837
2025-12-12 00:34:45,041 - prawcore - DEBUG - Response: 200 (837 bytes) (rst-315:rem-871.0:used-129 ratelimit) at 1765510485.041196
2025-12-12 00:34:45,046 - prawcore - DEBUG - Fetching: GET https://oauth.reddit.com/comments/1lq3djr/ at 1765510485.0461388
2025-12-12 00:34:45,046 - prawcore - DEBUG - Data: None
2025-12-12 00:34:45,046 - prawcore - DEBUG - Params: {'limit': 2048, 'raw_json': 1, 'sort': 'confidence'}
2025-12-12 00:34:45,273 - urllib3.connectionpool - DEBUG - https://oauth.reddit.com:443 "GET /comments/1lq3djr/?limit=2048&sort=confidence&raw_json=1 HTTP/1.1" 200 2177
2025-12-12 00:34:45,275 - prawcore - DEBUG - Response: 200 (2177 bytes) (rst-314:rem-870.0:used-130 ratelimit) at 1765510485.2754261
2025-12-12 00:34:45,278 - prawcore - DEBUG - Fetching: GET https://oauth.reddit.com/r/hardwarebrasil/about/ at 1765510485.278056
2025-12-12 00:34:45,278 - prawcore - DEBUG - Data: None
2025-12-12 00:34:45,278 - prawcore - DEBUG - Params: {'raw_json': 1}
2025-12-12 00:34:45,489 - urllib3.connectionpool - DEBUG - https://oauth.reddit.com:443 "GET /r/hardwarebrasil/about/?raw_json=1 HTTP/1.1" 200 1475
2025-12-12 00:34:45,490 - prawcore - DEBUG - Response: 200 (1475 bytes) (rst-314:rem-869.0:used-131 ratelimit) at 1765510485.490488
2025-12-12 00:34:45,491 - prawcore - DEBUG - Fetching: GET https://oauth.reddit.com/user/Victorpinho0/about/ at 1765510485.491136
2025-12-12 00:34:45,491 - prawcore - DEBUG - Data: None
2025-12-12 00:34:45,491 - prawcore - DEBUG - Params: {'raw_json': 1}
2025-12-12 00:34:45,689 - urllib3.connectionpool - DEBUG - https://oauth.reddit.com:443 "GET /user/Victorpinho0/about/?raw_json=1 HTTP/1.1" 200 697
2025-12-12 00:34:45,692 - prawcore - DEBUG - Response: 200 (697 bytes) (rst-314:rem-868.0:used-132 ratelimit) at 1765510485.692694
2025-12-12 00:34:45,698 - prawcore - DEBUG - Fetching: GET https://oauth.reddit.com/r/KpopDemonhunters/about/ at 1765510485.698156
2025-12-12 00:34:45,698 - prawcore - DEBUG - Data: None
2025-12-12 00:34:45,698 - prawcore - DEBUG - Params: {'raw_json': 1}
2025-12-12 00:34:45,912 - urllib3.connectionpool - DEBUG - https://oauth.reddit.com:443 "GET /r/KpopDemonhunters/about/?raw_json=1 HTTP/1.1" 200 6491
2025-12-12 00:34:45,912 - prawcore - DEBUG - Response: 200 (6491 bytes) (rst-314:rem-867.0:used-133 ratelimit) at 1765510485.912673
2025-12-12 00:34:45,912 - prawcore - DEBUG - Fetching: GET https://oauth.reddit.com/user/Particular-Rain116/about/ at 1765510485.912996
2025-12-12 00:34:45,913 - prawcore - DEBUG - Data: None
2025-12-12 00:34:45,913 - prawcore - DEBUG - Params: {'raw_json': 1}
2025-12-12 00:34:46,108 - urllib3.connectionpool - DEBUG - https://oauth.reddit.com:443 "GET /user/Particular-Rain116/about/?raw_json=1 HTTP/1.1" 200 1092
2025-12-12 00:34:46,109 - prawcore - DEBUG - Response: 200 (1092 bytes) (rst-313:rem-866.0:used-134 ratelimit) at 1765510486.109107
2025-12-12 00:34:46,111 - prawcore - DEBUG - Fetching: GET https://oauth.reddit.com/r/criptomoedas/about/ at 1765510486.111671
2025-12-12 00:34:46,111 - prawcore - DEBUG - Data: None
2025-12-12 00:34:46,111 - prawcore - DEBUG - Params: {'raw_json': 1}
2025-12-12 00:34:46,301 - urllib3.connectionpool - DEBUG - https://oauth.reddit.com:443 "GET /r/criptomoedas/about/?raw_json=1 HTTP/1.1" 200 1398
2025-12-12 00:34:46,303 - prawcore - DEBUG - Response: 200 (1398 bytes) (rst-313:rem-865.0:used-135 ratelimit) at 1765510486.303422
2025-12-12 00:34:46,304 - prawcore - DEBUG - Fetching: GET https://oauth.reddit.com/user/PrimarySpiritual9341/about/ at 1765510486.304218
2025-12-12 00:34:46,304 - prawcore - DEBUG - Data: None
2025-12-12 00:34:46,304 - prawcore - DEBUG - Params: {'raw_json': 1}
2025-12-12 00:34:46,496 - urllib3.connectionpool - DEBUG - https://oauth.reddit.com:443 "GET /user/PrimarySpiritual9341/about/?raw_json=1 HTTP/1.1" 200 882
2025-12-12 00:34:46,499 - prawcore - DEBUG - Response: 200 (882 bytes) (rst-313:rem-864.0:used-136 ratelimit) at 1765510486.49922
2025-12-12 00:34:46,504 - prawcore - DEBUG - Fetching: GET https://oauth.reddit.com/comments/1gd6cwg/ at 1765510486.5042691
2025-12-12 00:34:46,504 - prawcore - DEBUG - Data: None
2025-12-12 00:34:46,504 - prawcore - DEBUG - Params: {'limit': 2048, 'raw_json': 1, 'sort': 'confidence'}
2025-12-12 00:34:46,822 - urllib3.connectionpool - DEBUG - https://oauth.reddit.com:443 "GET /comments/1gd6cwg/?limit=2048&sort=confidence&raw_json=1 HTTP/1.1" 200 5469
2025-12-12 00:34:46,825 - prawcore - DEBUG - Response: 200 (5469 bytes) (rst-313:rem-863.0:used-137 ratelimit) at 1765510486.825933
2025-12-12 00:34:46,831 - prawcore - DEBUG - Fetching: GET https://oauth.reddit.com/r/plazaPodemos_Noticias/about/ at 1765510486.8316438
2025-12-12 00:34:46,831 - prawcore - DEBUG - Data: None
2025-12-12 00:34:46,832 - prawcore - DEBUG - Params: {'raw_json': 1}
2025-12-12 00:34:47,034 - urllib3.connectionpool - DEBUG - https://oauth.reddit.com:443 "GET /r/plazaPodemos_Noticias/about/?raw_json=1 HTTP/1.1" 200 1697
2025-12-12 00:34:47,035 - prawcore - DEBUG - Response: 200 (1697 bytes) (rst-313:rem-862.0:used-138 ratelimit) at 1765510487.035653
2025-12-12 00:34:47,036 - prawcore - DEBUG - Fetching: GET https://oauth.reddit.com/user/alforo_/about/ at 1765510487.036126
2025-12-12 00:34:47,036 - prawcore - DEBUG - Data: None
2025-12-12 00:34:47,036 - prawcore - DEBUG - Params: {'raw_json': 1}
2025-12-12 00:34:47,226 - urllib3.connectionpool - DEBUG - https://oauth.reddit.com:443 "GET /user/alforo_/about/?raw_json=1 HTTP/1.1" 200 890
2025-12-12 00:34:47,229 - prawcore - DEBUG - Response: 200 (890 bytes) (rst-312:rem-861.0:used-139 ratelimit) at 1765510487.2295418
2025-12-12 00:34:47,234 - prawcore - DEBUG - Fetching: GET https://oauth.reddit.com/r/LittleCaesars/about/ at 1765510487.234887
2025-12-12 00:34:47,235 - prawcore - DEBUG - Data: None
2025-12-12 00:34:47,235 - prawcore - DEBUG - Params: {'raw_json': 1}
2025-12-12 00:34:47,431 - urllib3.connectionpool - DEBUG - https://oauth.reddit.com:443 "GET /r/LittleCaesars/about/?raw_json=1 HTTP/1.1" 200 1766
2025-12-12 00:34:47,433 - prawcore - DEBUG - Response: 200 (1766 bytes) (rst-312:rem-860.0:used-140 ratelimit) at 1765510487.433353
2025-12-12 00:34:47,434 - prawcore - DEBUG - Fetching: GET https://oauth.reddit.com/user/MaintenanceNo4222/about/ at 1765510487.434449
2025-12-12 00:34:47,434 - prawcore - DEBUG - Data: None
2025-12-12 00:34:47,434 - prawcore - DEBUG - Params: {'raw_json': 1}
2025-12-12 00:34:47,639 - urllib3.connectionpool - DEBUG - https://oauth.reddit.com:443 "GET /user/MaintenanceNo4222/about/?raw_json=1 HTTP/1.1" 200 832
2025-12-12 00:34:47,642 - prawcore - DEBUG - Response: 200 (832 bytes) (rst-312:rem-859.0:used-141 ratelimit) at 1765510487.642116
2025-12-12 00:34:47,646 - prawcore - DEBUG - Fetching: GET https://oauth.reddit.com/comments/176smug/ at 1765510487.646192
2025-12-12 00:34:47,646 - prawcore - DEBUG - Data: None
2025-12-12 00:34:47,646 - prawcore - DEBUG - Params: {'limit': 2048, 'raw_json': 1, 'sort': 'confidence'}
2025-12-12 00:34:48,039 - urllib3.connectionpool - DEBUG - https://oauth.reddit.com:443 "GET /comments/176smug/?limit=2048&sort=confidence&raw_json=1 HTTP/1.1" 200 8231
2025-12-12 00:34:48,043 - prawcore - DEBUG - Response: 200 (8231 bytes) (rst-312:rem-858.0:used-142 ratelimit) at 1765510488.04328
2025-12-12 00:34:48,071 - prawcore - DEBUG - Fetching: GET https://oauth.reddit.com/r/Namibia/about/ at 1765510488.07155
2025-12-12 00:34:48,072 - prawcore - DEBUG - Data: None
2025-12-12 00:34:48,073 - prawcore - DEBUG - Params: {'raw_json': 1}
2025-12-12 00:34:48,305 - urllib3.connectionpool - DEBUG - https://oauth.reddit.com:443 "GET /r/Namibia/about/?raw_json=1 HTTP/1.1" 200 1518
2025-12-12 00:34:48,370 - prawcore - DEBUG - Response: 200 (1518 bytes) (rst-311:rem-857.0:used-143 ratelimit) at 1765510488.370601
2025-12-12 00:34:48,387 - prawcore - DEBUG - Fetching: GET https://oauth.reddit.com/user/PirateDue2301/about/ at 1765510488.387032
2025-12-12 00:34:48,388 - prawcore - DEBUG - Data: None
2025-12-12 00:34:48,388 - prawcore - DEBUG - Params: {'raw_json': 1}
2025-12-12 00:34:48,605 - urllib3.connectionpool - DEBUG - https://oauth.reddit.com:443 "GET /user/PirateDue2301/about/?raw_json=1 HTTP/1.1" 200 697
2025-12-12 00:34:48,606 - prawcore - DEBUG - Response: 200 (697 bytes) (rst-311:rem-856.0:used-144 ratelimit) at 1765510488.606365
2025-12-12 00:34:48,609 - prawcore - DEBUG - Fetching: GET https://oauth.reddit.com/comments/1kpi62m/ at 1765510488.6094809
2025-12-12 00:34:48,609 - prawcore - DEBUG - Data: None
2025-12-12 00:34:48,609 - prawcore - DEBUG - Params: {'limit': 2048, 'raw_json': 1, 'sort': 'confidence'}
2025-12-12 00:34:48,857 - urllib3.connectionpool - DEBUG - https://oauth.reddit.com:443 "GET /comments/1kpi62m/?limit=2048&sort=confidence&raw_json=1 HTTP/1.1" 200 2104
2025-12-12 00:34:48,859 - prawcore - DEBUG - Response: 200 (2104 bytes) (rst-311:rem-855.0:used-145 ratelimit) at 1765510488.859693
2025-12-12 00:34:48,862 - prawcore - DEBUG - Fetching: GET https://oauth.reddit.com/r/pchelp/about/ at 1765510488.862184
2025-12-12 00:34:48,862 - prawcore - DEBUG - Data: None
2025-12-12 00:34:48,862 - prawcore - DEBUG - Params: {'raw_json': 1}
2025-12-12 00:34:49,056 - urllib3.connectionpool - DEBUG - https://oauth.reddit.com:443 "GET /r/pchelp/about/?raw_json=1 HTTP/1.1" 200 1443
2025-12-12 00:34:49,059 - prawcore - DEBUG - Response: 200 (1443 bytes) (rst-311:rem-854.0:used-146 ratelimit) at 1765510489.059621
2025-12-12 00:34:49,060 - prawcore - DEBUG - Fetching: GET https://oauth.reddit.com/user/Victorpinho0/about/ at 1765510489.060808
2025-12-12 00:34:49,061 - prawcore - DEBUG - Data: None
2025-12-12 00:34:49,061 - prawcore - DEBUG - Params: {'raw_json': 1}
2025-12-12 00:34:49,253 - urllib3.connectionpool - DEBUG - https://oauth.reddit.com:443 "GET /user/Victorpinho0/about/?raw_json=1 HTTP/1.1" 200 697
2025-12-12 00:34:49,257 - prawcore - DEBUG - Response: 200 (697 bytes) (rst-310:rem-853.0:used-147 ratelimit) at 1765510489.257666
2025-12-12 00:34:49,260 - prawcore - DEBUG - Fetching: GET https://oauth.reddit.com/r/computadores/about/ at 1765510489.260802
2025-12-12 00:34:49,260 - prawcore - DEBUG - Data: None
2025-12-12 00:34:49,261 - prawcore - DEBUG - Params: {'raw_json': 1}
2025-12-12 00:34:49,455 - urllib3.connectionpool - DEBUG - https://oauth.reddit.com:443 "GET /r/computadores/about/?raw_json=1 HTTP/1.1" 200 1331
2025-12-12 00:34:49,458 - prawcore - DEBUG - Response: 200 (1331 bytes) (rst-310:rem-852.0:used-148 ratelimit) at 1765510489.4583292
2025-12-12 00:34:49,459 - prawcore - DEBUG - Fetching: GET https://oauth.reddit.com/user/Esguicho762/about/ at 1765510489.459517
2025-12-12 00:34:49,459 - prawcore - DEBUG - Data: None
2025-12-12 00:34:49,460 - prawcore - DEBUG - Params: {'raw_json': 1}
2025-12-12 00:34:49,657 - urllib3.connectionpool - DEBUG - https://oauth.reddit.com:443 "GET /user/Esguicho762/about/?raw_json=1 HTTP/1.1" 200 722
2025-12-12 00:34:49,659 - prawcore - DEBUG - Response: 200 (722 bytes) (rst-310:rem-851.0:used-149 ratelimit) at 1765510489.659312
2025-12-12 00:34:49,664 - prawcore - DEBUG - Fetching: GET https://oauth.reddit.com/comments/1kirfay/ at 1765510489.6643488
2025-12-12 00:34:49,664 - prawcore - DEBUG - Data: None
2025-12-12 00:34:49,664 - prawcore - DEBUG - Params: {'limit': 2048, 'raw_json': 1, 'sort': 'confidence'}
2025-12-12 00:34:49,897 - urllib3.connectionpool - DEBUG - https://oauth.reddit.com:443 "GET /comments/1kirfay/?limit=2048&sort=confidence&raw_json=1 HTTP/1.1" 200 2512
2025-12-12 00:34:49,900 - prawcore - DEBUG - Response: 200 (2512 bytes) (rst-310:rem-850.0:used-150 ratelimit) at 1765510489.900405
2025-12-12 00:34:49,902 - prawcore - DEBUG - Fetching: GET https://oauth.reddit.com/r/BitcoinBrasil/about/ at 1765510489.902625
2025-12-12 00:34:49,902 - prawcore - DEBUG - Data: None
2025-12-12 00:34:49,902 - prawcore - DEBUG - Params: {'raw_json': 1}
2025-12-12 00:34:50,101 - urllib3.connectionpool - DEBUG - https://oauth.reddit.com:443 "GET /r/BitcoinBrasil/about/?raw_json=1 HTTP/1.1" 200 1643
2025-12-12 00:34:50,103 - prawcore - DEBUG - Response: 200 (1643 bytes) (rst-309:rem-849.0:used-151 ratelimit) at 1765510490.10381
2025-12-12 00:34:50,105 - prawcore - DEBUG - Fetching: GET https://oauth.reddit.com/user/White_Chess/about/ at 1765510490.105054
2025-12-12 00:34:50,105 - prawcore - DEBUG - Data: None
2025-12-12 00:34:50,105 - prawcore - DEBUG - Params: {'raw_json': 1}
2025-12-12 00:34:50,305 - urllib3.connectionpool - DEBUG - https://oauth.reddit.com:443 "GET /user/White_Chess/about/?raw_json=1 HTTP/1.1" 200 942
2025-12-12 00:34:50,308 - prawcore - DEBUG - Response: 200 (942 bytes) (rst-309:rem-848.0:used-152 ratelimit) at 1765510490.3083
2025-12-12 00:34:50,313 - prawcore - DEBUG - Fetching: GET https://oauth.reddit.com/comments/1gpkyxq/ at 1765510490.313687
2025-12-12 00:34:50,314 - prawcore - DEBUG - Data: None
2025-12-12 00:34:50,314 - prawcore - DEBUG - Params: {'limit': 2048, 'raw_json': 1, 'sort': 'confidence'}
2025-12-12 00:34:50,683 - urllib3.connectionpool - DEBUG - https://oauth.reddit.com:443 "GET /comments/1gpkyxq/?limit=2048&sort=confidence&raw_json=1 HTTP/1.1" 200 5188
2025-12-12 00:34:50,686 - prawcore - DEBUG - Response: 200 (5188 bytes) (rst-309:rem-847.0:used-153 ratelimit) at 1765510490.6862779
2025-12-12 00:34:50,690 - prawcore - DEBUG - Fetching: GET https://oauth.reddit.com/r/painting/about/ at 1765510490.6905868
2025-12-12 00:34:50,690 - prawcore - DEBUG - Data: None
2025-12-12 00:34:50,691 - prawcore - DEBUG - Params: {'raw_json': 1}
2025-12-12 00:34:50,885 - urllib3.connectionpool - DEBUG - https://oauth.reddit.com:443 "GET /r/painting/about/?raw_json=1 HTTP/1.1" 200 3816
2025-12-12 00:34:50,887 - prawcore - DEBUG - Response: 200 (3816 bytes) (rst-309:rem-846.0:used-154 ratelimit) at 1765510490.887719
2025-12-12 00:34:50,888 - prawcore - DEBUG - Fetching: GET https://oauth.reddit.com/user/JuliaStankevych/about/ at 1765510490.888884
2025-12-12 00:34:50,889 - prawcore - DEBUG - Data: None
2025-12-12 00:34:50,889 - prawcore - DEBUG - Params: {'raw_json': 1}
2025-12-12 00:34:51,089 - urllib3.connectionpool - DEBUG - https://oauth.reddit.com:443 "GET /user/JuliaStankevych/about/?raw_json=1 HTTP/1.1" 200 872
2025-12-12 00:34:51,092 - prawcore - DEBUG - Response: 200 (872 bytes) (rst-308:rem-845.0:used-155 ratelimit) at 1765510491.092233
2025-12-12 00:34:51,098 - prawcore - DEBUG - Fetching: GET https://oauth.reddit.com/r/privacy/about/ at 1765510491.09807
2025-12-12 00:34:51,098 - prawcore - DEBUG - Data: None
2025-12-12 00:34:51,098 - prawcore - DEBUG - Params: {'raw_json': 1}
2025-12-12 00:34:51,299 - urllib3.connectionpool - DEBUG - https://oauth.reddit.com:443 "GET /r/privacy/about/?raw_json=1 HTTP/1.1" 200 2864
2025-12-12 00:34:51,302 - prawcore - DEBUG - Response: 200 (2864 bytes) (rst-308:rem-844.0:used-156 ratelimit) at 1765510491.3022878
2025-12-12 00:34:51,303 - prawcore - DEBUG - Fetching: GET https://oauth.reddit.com/user/arthurpeer/about/ at 1765510491.30354
2025-12-12 00:34:51,303 - prawcore - DEBUG - Data: None
2025-12-12 00:34:51,303 - prawcore - DEBUG - Params: {'raw_json': 1}
2025-12-12 00:34:51,494 - urllib3.connectionpool - DEBUG - https://oauth.reddit.com:443 "GET /user/arthurpeer/about/?raw_json=1 HTTP/1.1" 200 821
2025-12-12 00:34:51,497 - prawcore - DEBUG - Response: 200 (821 bytes) (rst-308:rem-843.0:used-157 ratelimit) at 1765510491.497153
2025-12-12 00:34:51,501 - prawcore - DEBUG - Fetching: GET https://oauth.reddit.com/comments/1i5jy8r/ at 1765510491.501726
2025-12-12 00:34:51,501 - prawcore - DEBUG - Data: None
2025-12-12 00:34:51,502 - prawcore - DEBUG - Params: {'limit': 2048, 'raw_json': 1, 'sort': 'confidence'}
2025-12-12 00:34:51,786 - urllib3.connectionpool - DEBUG - https://oauth.reddit.com:443 "GET /comments/1i5jy8r/?limit=2048&sort=confidence&raw_json=1 HTTP/1.1" 200 4168
2025-12-12 00:34:51,788 - prawcore - DEBUG - Response: 200 (4168 bytes) (rst-308:rem-842.0:used-158 ratelimit) at 1765510491.788981
2025-12-12 00:34:51,792 - prawcore - DEBUG - Fetching: GET https://oauth.reddit.com/r/LittleCaesars/about/ at 1765510491.792335
2025-12-12 00:34:51,792 - prawcore - DEBUG - Data: None
2025-12-12 00:34:51,792 - prawcore - DEBUG - Params: {'raw_json': 1}
2025-12-12 00:34:51,986 - urllib3.connectionpool - DEBUG - https://oauth.reddit.com:443 "GET /r/LittleCaesars/about/?raw_json=1 HTTP/1.1" 200 1766
2025-12-12 00:34:51,987 - prawcore - DEBUG - Response: 200 (1766 bytes) (rst-308:rem-841.0:used-159 ratelimit) at 1765510491.987964
2025-12-12 00:34:51,988 - prawcore - DEBUG - Fetching: GET https://oauth.reddit.com/user/Remarkable-Angle6415/about/ at 1765510491.988547
2025-12-12 00:34:51,988 - prawcore - DEBUG - Data: None
2025-12-12 00:34:51,988 - prawcore - DEBUG - Params: {'raw_json': 1}
2025-12-12 00:34:52,191 - urllib3.connectionpool - DEBUG - https://oauth.reddit.com:443 "GET /user/Remarkable-Angle6415/about/?raw_json=1 HTTP/1.1" 200 707
2025-12-12 00:34:52,194 - prawcore - DEBUG - Response: 200 (707 bytes) (rst-307:rem-840.0:used-160 ratelimit) at 1765510492.194417
2025-12-12 00:34:52,198 - prawcore - DEBUG - Fetching: GET https://oauth.reddit.com/comments/1akmzm6/ at 1765510492.19875
2025-12-12 00:34:52,199 - prawcore - DEBUG - Data: None
2025-12-12 00:34:52,199 - prawcore - DEBUG - Params: {'limit': 2048, 'raw_json': 1, 'sort': 'confidence'}
2025-12-12 00:34:52,562 - urllib3.connectionpool - DEBUG - https://oauth.reddit.com:443 "GET /comments/1akmzm6/?limit=2048&sort=confidence&raw_json=1 HTTP/1.1" 200 7670
2025-12-12 00:34:52,564 - prawcore - DEBUG - Response: 200 (7670 bytes) (rst-307:rem-839.0:used-161 ratelimit) at 1765510492.564805
2025-12-12 00:34:52,571 - prawcore - DEBUG - Fetching: GET https://oauth.reddit.com/r/BitcoinBrasil/about/ at 1765510492.5719712
2025-12-12 00:34:52,572 - prawcore - DEBUG - Data: None
2025-12-12 00:34:52,572 - prawcore - DEBUG - Params: {'raw_json': 1}
2025-12-12 00:34:52,766 - urllib3.connectionpool - DEBUG - https://oauth.reddit.com:443 "GET /r/BitcoinBrasil/about/?raw_json=1 HTTP/1.1" 200 1643
2025-12-12 00:34:52,768 - prawcore - DEBUG - Response: 200 (1643 bytes) (rst-307:rem-838.0:used-162 ratelimit) at 1765510492.7683258
2025-12-12 00:34:52,769 - prawcore - DEBUG - Fetching: GET https://oauth.reddit.com/user/Electrical_Canary275/about/ at 1765510492.769066
2025-12-12 00:34:52,769 - prawcore - DEBUG - Data: None
2025-12-12 00:34:52,769 - prawcore - DEBUG - Params: {'raw_json': 1}
2025-12-12 00:34:52,967 - urllib3.connectionpool - DEBUG - https://oauth.reddit.com:443 "GET /user/Electrical_Canary275/about/?raw_json=1 HTTP/1.1" 200 703
2025-12-12 00:34:52,968 - prawcore - DEBUG - Response: 200 (703 bytes) (rst-307:rem-837.0:used-163 ratelimit) at 1765510492.968029
2025-12-12 00:34:52,969 - prawcore - DEBUG - Fetching: GET https://oauth.reddit.com/comments/1hxbbwc/ at 1765510492.969238
2025-12-12 00:34:52,969 - prawcore - DEBUG - Data: None
2025-12-12 00:34:52,969 - prawcore - DEBUG - Params: {'limit': 2048, 'raw_json': 1, 'sort': 'confidence'}
2025-12-12 00:34:53,240 - urllib3.connectionpool - DEBUG - https://oauth.reddit.com:443 "GET /comments/1hxbbwc/?limit=2048&sort=confidence&raw_json=1 HTTP/1.1" 200 4156
2025-12-12 00:34:53,242 - prawcore - DEBUG - Response: 200 (4156 bytes) (rst-306:rem-836.0:used-164 ratelimit) at 1765510493.242476
2025-12-12 00:34:53,245 - prawcore - DEBUG - Fetching: GET https://oauth.reddit.com/r/PipaChineseLutes/about/ at 1765510493.245515
2025-12-12 00:34:53,245 - prawcore - DEBUG - Data: None
2025-12-12 00:34:53,245 - prawcore - DEBUG - Params: {'raw_json': 1}
2025-12-12 00:34:53,441 - urllib3.connectionpool - DEBUG - https://oauth.reddit.com:443 "GET /r/PipaChineseLutes/about/?raw_json=1 HTTP/1.1" 200 1601
2025-12-12 00:34:53,442 - prawcore - DEBUG - Response: 200 (1601 bytes) (rst-306:rem-835.0:used-165 ratelimit) at 1765510493.4423292
2025-12-12 00:34:53,442 - prawcore - DEBUG - Fetching: GET https://oauth.reddit.com/user/roaminjoe/about/ at 1765510493.442712
2025-12-12 00:34:53,442 - prawcore - DEBUG - Data: None
2025-12-12 00:34:53,442 - prawcore - DEBUG - Params: {'raw_json': 1}
2025-12-12 00:34:53,634 - urllib3.connectionpool - DEBUG - https://oauth.reddit.com:443 "GET /user/roaminjoe/about/?raw_json=1 HTTP/1.1" 200 766
2025-12-12 00:34:53,636 - prawcore - DEBUG - Response: 200 (766 bytes) (rst-306:rem-834.0:used-166 ratelimit) at 1765510493.6360111
2025-12-12 00:34:53,639 - prawcore - DEBUG - Fetching: GET https://oauth.reddit.com/r/BitcoinBrasil/about/ at 1765510493.639764
2025-12-12 00:34:53,639 - prawcore - DEBUG - Data: None
2025-12-12 00:34:53,640 - prawcore - DEBUG - Params: {'raw_json': 1}
2025-12-12 00:34:53,838 - urllib3.connectionpool - DEBUG - https://oauth.reddit.com:443 "GET /r/BitcoinBrasil/about/?raw_json=1 HTTP/1.1" 200 1643
2025-12-12 00:34:53,841 - prawcore - DEBUG - Response: 200 (1643 bytes) (rst-306:rem-833.0:used-167 ratelimit) at 1765510493.841061
2025-12-12 00:34:53,842 - prawcore - DEBUG - Fetching: GET https://oauth.reddit.com/user/Ducross04/about/ at 1765510493.84226
2025-12-12 00:34:53,842 - prawcore - DEBUG - Data: None
2025-12-12 00:34:53,842 - prawcore - DEBUG - Params: {'raw_json': 1}
2025-12-12 00:34:54,041 - urllib3.connectionpool - DEBUG - https://oauth.reddit.com:443 "GET /user/Ducross04/about/?raw_json=1 HTTP/1.1" 200 772
2025-12-12 00:34:54,042 - prawcore - DEBUG - Response: 200 (772 bytes) (rst-306:rem-832.0:used-168 ratelimit) at 1765510494.042912
2025-12-12 00:34:54,045 - prawcore - DEBUG - Fetching: GET https://oauth.reddit.com/comments/1can54h/ at 1765510494.045367
2025-12-12 00:34:54,045 - prawcore - DEBUG - Data: None
2025-12-12 00:34:54,045 - prawcore - DEBUG - Params: {'limit': 2048, 'raw_json': 1, 'sort': 'confidence'}
2025-12-12 00:34:54,372 - urllib3.connectionpool - DEBUG - https://oauth.reddit.com:443 "GET /comments/1can54h/?limit=2048&sort=confidence&raw_json=1 HTTP/1.1" 200 6965
2025-12-12 00:34:54,372 - prawcore - DEBUG - Response: 200 (6965 bytes) (rst-305:rem-831.0:used-169 ratelimit) at 1765510494.372863
2025-12-12 00:34:54,374 - prawcore - DEBUG - Fetching: GET https://oauth.reddit.com/r/classactions/about/ at 1765510494.374801
2025-12-12 00:34:54,374 - prawcore - DEBUG - Data: None
2025-12-12 00:34:54,374 - prawcore - DEBUG - Params: {'raw_json': 1}
2025-12-12 00:34:54,581 - urllib3.connectionpool - DEBUG - https://oauth.reddit.com:443 "GET /r/classactions/about/?raw_json=1 HTTP/1.1" 200 1636
2025-12-12 00:34:54,583 - prawcore - DEBUG - Response: 200 (1636 bytes) (rst-305:rem-830.0:used-170 ratelimit) at 1765510494.5831838
2025-12-12 00:34:54,583 - prawcore - DEBUG - Fetching: GET https://oauth.reddit.com/user/Cyrone007/about/ at 1765510494.583906
2025-12-12 00:34:54,584 - prawcore - DEBUG - Data: None
2025-12-12 00:34:54,584 - prawcore - DEBUG - Params: {'raw_json': 1}
2025-12-12 00:34:54,774 - urllib3.connectionpool - DEBUG - https://oauth.reddit.com:443 "GET /user/Cyrone007/about/?raw_json=1 HTTP/1.1" 200 819
2025-12-12 00:34:54,775 - prawcore - DEBUG - Response: 200 (819 bytes) (rst-305:rem-829.0:used-171 ratelimit) at 1765510494.775839
2025-12-12 00:34:54,779 - prawcore - DEBUG - Fetching: GET https://oauth.reddit.com/r/okoidawappler/about/ at 1765510494.779424
2025-12-12 00:34:54,779 - prawcore - DEBUG - Data: None
2025-12-12 00:34:54,779 - prawcore - DEBUG - Params: {'raw_json': 1}
2025-12-12 00:34:54,982 - urllib3.connectionpool - DEBUG - https://oauth.reddit.com:443 "GET /r/okoidawappler/about/?raw_json=1 HTTP/1.1" 200 2072
2025-12-12 00:34:54,985 - prawcore - DEBUG - Response: 200 (2072 bytes) (rst-305:rem-828.0:used-172 ratelimit) at 1765510494.9859252
2025-12-12 00:34:54,987 - prawcore - DEBUG - Fetching: GET https://oauth.reddit.com/user/Ennjayne/about/ at 1765510494.9873338
2025-12-12 00:34:54,987 - prawcore - DEBUG - Data: None
2025-12-12 00:34:54,987 - prawcore - DEBUG - Params: {'raw_json': 1}
2025-12-12 00:34:55,186 - urllib3.connectionpool - DEBUG - https://oauth.reddit.com:443 "GET /user/Ennjayne/about/?raw_json=1 HTTP/1.1" 200 698
2025-12-12 00:34:55,189 - prawcore - DEBUG - Response: 200 (698 bytes) (rst-304:rem-827.0:used-173 ratelimit) at 1765510495.189368
2025-12-12 00:34:55,194 - prawcore - DEBUG - Fetching: GET https://oauth.reddit.com/comments/1lhjhc4/ at 1765510495.194438
2025-12-12 00:34:55,194 - prawcore - DEBUG - Data: None
2025-12-12 00:34:55,194 - prawcore - DEBUG - Params: {'limit': 2048, 'raw_json': 1, 'sort': 'confidence'}
2025-12-12 00:34:56,045 - urllib3.connectionpool - DEBUG - https://oauth.reddit.com:443 "GET /comments/1lhjhc4/?limit=2048&sort=confidence&raw_json=1 HTTP/1.1" 200 24064
2025-12-12 00:34:56,049 - prawcore - DEBUG - Response: 200 (24064 bytes) (rst-304:rem-826.0:used-174 ratelimit) at 1765510496.0497
2025-12-12 00:34:56,070 - prawcore - DEBUG - Fetching: GET https://oauth.reddit.com/r/hardwarebrasil/about/ at 1765510496.070261
2025-12-12 00:34:56,070 - prawcore - DEBUG - Data: None
2025-12-12 00:34:56,070 - prawcore - DEBUG - Params: {'raw_json': 1}
2025-12-12 00:34:56,282 - urllib3.connectionpool - DEBUG - https://oauth.reddit.com:443 "GET /r/hardwarebrasil/about/?raw_json=1 HTTP/1.1" 200 1475
2025-12-12 00:34:56,284 - prawcore - DEBUG - Response: 200 (1475 bytes) (rst-303:rem-825.0:used-175 ratelimit) at 1765510496.284021
2025-12-12 00:34:56,284 - prawcore - DEBUG - Fetching: GET https://oauth.reddit.com/user/Adventurous-Lime-172/about/ at 1765510496.2846029
2025-12-12 00:34:56,284 - prawcore - DEBUG - Data: None
2025-12-12 00:34:56,284 - prawcore - DEBUG - Params: {'raw_json': 1}
2025-12-12 00:34:56,487 - urllib3.connectionpool - DEBUG - https://oauth.reddit.com:443 "GET /user/Adventurous-Lime-172/about/?raw_json=1 HTTP/1.1" 200 728
2025-12-12 00:34:56,489 - prawcore - DEBUG - Response: 200 (728 bytes) (rst-303:rem-824.0:used-176 ratelimit) at 1765510496.489195
2025-12-12 00:34:56,493 - prawcore - DEBUG - Fetching: GET https://oauth.reddit.com/r/InstrumentsfromChina/about/ at 1765510496.49346
2025-12-12 00:34:56,493 - prawcore - DEBUG - Data: None
2025-12-12 00:34:56,493 - prawcore - DEBUG - Params: {'raw_json': 1}
2025-12-12 00:34:56,695 - urllib3.connectionpool - DEBUG - https://oauth.reddit.com:443 "GET /r/InstrumentsfromChina/about/?raw_json=1 HTTP/1.1" 200 1360
2025-12-12 00:34:56,697 - prawcore - DEBUG - Response: 200 (1360 bytes) (rst-303:rem-823.0:used-177 ratelimit) at 1765510496.6975129
2025-12-12 00:34:56,698 - prawcore - DEBUG - Fetching: GET https://oauth.reddit.com/user/roaminjoe/about/ at 1765510496.6984372
2025-12-12 00:34:56,698 - prawcore - DEBUG - Data: None
2025-12-12 00:34:56,698 - prawcore - DEBUG - Params: {'raw_json': 1}
2025-12-12 00:34:56,896 - urllib3.connectionpool - DEBUG - https://oauth.reddit.com:443 "GET /user/roaminjoe/about/?raw_json=1 HTTP/1.1" 200 766
2025-12-12 00:34:56,898 - prawcore - DEBUG - Response: 200 (766 bytes) (rst-303:rem-822.0:used-178 ratelimit) at 1765510496.898654
2025-12-12 00:34:56,902 - prawcore - DEBUG - Fetching: GET https://oauth.reddit.com/r/BitcoinBrasil/about/ at 1765510496.902922
2025-12-12 00:34:56,903 - prawcore - DEBUG - Data: None
2025-12-12 00:34:56,903 - prawcore - DEBUG - Params: {'raw_json': 1}
2025-12-12 00:34:57,097 - urllib3.connectionpool - DEBUG - https://oauth.reddit.com:443 "GET /r/BitcoinBrasil/about/?raw_json=1 HTTP/1.1" 200 1643
2025-12-12 00:34:57,098 - prawcore - DEBUG - Response: 200 (1643 bytes) (rst-302:rem-821.0:used-179 ratelimit) at 1765510497.09816
2025-12-12 00:34:57,098 - prawcore - DEBUG - Fetching: GET https://oauth.reddit.com/user/Soggy-Box3526/about/ at 1765510497.0984058
2025-12-12 00:34:57,098 - prawcore - DEBUG - Data: None
2025-12-12 00:34:57,098 - prawcore - DEBUG - Params: {'raw_json': 1}
2025-12-12 00:34:57,301 - urllib3.connectionpool - DEBUG - https://oauth.reddit.com:443 "GET /user/Soggy-Box3526/about/?raw_json=1 HTTP/1.1" 200 724
2025-12-12 00:34:57,303 - prawcore - DEBUG - Response: 200 (724 bytes) (rst-302:rem-820.0:used-180 ratelimit) at 1765510497.303183
2025-12-12 00:34:57,307 - prawcore - DEBUG - Fetching: GET https://oauth.reddit.com/comments/1fnkbc3/ at 1765510497.3079412
2025-12-12 00:34:57,308 - prawcore - DEBUG - Data: None
2025-12-12 00:34:57,308 - prawcore - DEBUG - Params: {'limit': 2048, 'raw_json': 1, 'sort': 'confidence'}
2025-12-12 00:34:57,664 - urllib3.connectionpool - DEBUG - https://oauth.reddit.com:443 "GET /comments/1fnkbc3/?limit=2048&sort=confidence&raw_json=1 HTTP/1.1" 200 5770
2025-12-12 00:34:57,666 - prawcore - DEBUG - Response: 200 (5770 bytes) (rst-302:rem-819.0:used-181 ratelimit) at 1765510497.666195
2025-12-12 00:34:57,670 - prawcore - DEBUG - Fetching: GET https://oauth.reddit.com/r/BitcoinBrasil/about/ at 1765510497.670232
2025-12-12 00:34:57,670 - prawcore - DEBUG - Data: None
2025-12-12 00:34:57,670 - prawcore - DEBUG - Params: {'raw_json': 1}
2025-12-12 00:34:57,882 - urllib3.connectionpool - DEBUG - https://oauth.reddit.com:443 "GET /r/BitcoinBrasil/about/?raw_json=1 HTTP/1.1" 200 1643
2025-12-12 00:34:57,884 - prawcore - DEBUG - Response: 200 (1643 bytes) (rst-302:rem-818.0:used-182 ratelimit) at 1765510497.884091
2025-12-12 00:34:57,884 - prawcore - DEBUG - Fetching: GET https://oauth.reddit.com/user/Western_Zucchini_964/about/ at 1765510497.8847082
2025-12-12 00:34:57,885 - prawcore - DEBUG - Data: None
2025-12-12 00:34:57,885 - prawcore - DEBUG - Params: {'raw_json': 1}
2025-12-12 00:34:58,083 - urllib3.connectionpool - DEBUG - https://oauth.reddit.com:443 "GET /user/Western_Zucchini_964/about/?raw_json=1 HTTP/1.1" 200 832
2025-12-12 00:34:58,084 - prawcore - DEBUG - Response: 200 (832 bytes) (rst-302:rem-817.0:used-183 ratelimit) at 1765510498.084657
2025-12-12 00:34:58,088 - prawcore - DEBUG - Fetching: GET https://oauth.reddit.com/comments/1gumxk7/ at 1765510498.088167
2025-12-12 00:34:58,090 - prawcore - DEBUG - Data: None
2025-12-12 00:34:58,090 - prawcore - DEBUG - Params: {'limit': 2048, 'raw_json': 1, 'sort': 'confidence'}
2025-12-12 00:34:58,414 - urllib3.connectionpool - DEBUG - https://oauth.reddit.com:443 "GET /comments/1gumxk7/?limit=2048&sort=confidence&raw_json=1 HTTP/1.1" 200 4643
2025-12-12 00:34:58,417 - prawcore - DEBUG - Response: 200 (4643 bytes) (rst-301:rem-816.0:used-184 ratelimit) at 1765510498.4177148
2025-12-12 00:34:58,421 - prawcore - DEBUG - Fetching: GET https://oauth.reddit.com/r/cerveja/about/ at 1765510498.4213362
2025-12-12 00:34:58,421 - prawcore - DEBUG - Data: None
2025-12-12 00:34:58,421 - prawcore - DEBUG - Params: {'raw_json': 1}
2025-12-12 00:34:58,627 - urllib3.connectionpool - DEBUG - https://oauth.reddit.com:443 "GET /r/cerveja/about/?raw_json=1 HTTP/1.1" 200 2099
2025-12-12 00:34:58,629 - prawcore - DEBUG - Response: 200 (2099 bytes) (rst-301:rem-815.0:used-185 ratelimit) at 1765510498.629746
2025-12-12 00:34:58,630 - prawcore - DEBUG - Fetching: GET https://oauth.reddit.com/user/otapita/about/ at 1765510498.630889
2025-12-12 00:34:58,631 - prawcore - DEBUG - Data: None
2025-12-12 00:34:58,631 - prawcore - DEBUG - Params: {'raw_json': 1}
2025-12-12 00:34:58,828 - urllib3.connectionpool - DEBUG - https://oauth.reddit.com:443 "GET /user/otapita/about/?raw_json=1 HTTP/1.1" 200 815
2025-12-12 00:34:58,831 - prawcore - DEBUG - Response: 200 (815 bytes) (rst-301:rem-814.0:used-186 ratelimit) at 1765510498.831827
2025-12-12 00:34:58,837 - prawcore - DEBUG - Fetching: GET https://oauth.reddit.com/r/Austria/about/ at 1765510498.836981
2025-12-12 00:34:58,837 - prawcore - DEBUG - Data: None
2025-12-12 00:34:58,837 - prawcore - DEBUG - Params: {'raw_json': 1}
2025-12-12 00:34:59,032 - urllib3.connectionpool - DEBUG - https://oauth.reddit.com:443 "GET /r/Austria/about/?raw_json=1 HTTP/1.1" 200 2263
2025-12-12 00:34:59,035 - prawcore - DEBUG - Response: 200 (2263 bytes) (rst-301:rem-813.0:used-187 ratelimit) at 1765510499.035167
2025-12-12 00:34:59,036 - prawcore - DEBUG - Fetching: GET https://oauth.reddit.com/user/Nivaris/about/ at 1765510499.036501
2025-12-12 00:34:59,036 - prawcore - DEBUG - Data: None
2025-12-12 00:34:59,036 - prawcore - DEBUG - Params: {'raw_json': 1}
2025-12-12 00:34:59,235 - urllib3.connectionpool - DEBUG - https://oauth.reddit.com:443 "GET /user/Nivaris/about/?raw_json=1 HTTP/1.1" 200 814
2025-12-12 00:34:59,235 - prawcore - DEBUG - Response: 200 (814 bytes) (rst-300:rem-812.0:used-188 ratelimit) at 1765510499.235903
2025-12-12 00:34:59,237 - prawcore - DEBUG - Fetching: GET https://oauth.reddit.com/comments/13lzdb6/ at 1765510499.237427
2025-12-12 00:34:59,237 - prawcore - DEBUG - Data: None
2025-12-12 00:34:59,237 - prawcore - DEBUG - Params: {'limit': 2048, 'raw_json': 1, 'sort': 'confidence'}
2025-12-12 00:34:59,670 - urllib3.connectionpool - DEBUG - https://oauth.reddit.com:443 "GET /comments/13lzdb6/?limit=2048&sort=confidence&raw_json=1 HTTP/1.1" 200 10096
2025-12-12 00:34:59,671 - prawcore - DEBUG - Response: 200 (10096 bytes) (rst-300:rem-811.0:used-189 ratelimit) at 1765510499.671158
2025-12-12 00:34:59,674 - prawcore - DEBUG - Fetching: GET https://oauth.reddit.com/r/criptomoedas/about/ at 1765510499.674348
2025-12-12 00:34:59,674 - prawcore - DEBUG - Data: None
2025-12-12 00:34:59,674 - prawcore - DEBUG - Params: {'raw_json': 1}
2025-12-12 00:34:59,868 - urllib3.connectionpool - DEBUG - https://oauth.reddit.com:443 "GET /r/criptomoedas/about/?raw_json=1 HTTP/1.1" 200 1398
2025-12-12 00:34:59,870 - prawcore - DEBUG - Response: 200 (1398 bytes) (rst-300:rem-810.0:used-190 ratelimit) at 1765510499.870817
2025-12-12 00:34:59,871 - prawcore - DEBUG - Fetching: GET https://oauth.reddit.com/user/Igor_Calisto/about/ at 1765510499.8718238
2025-12-12 00:34:59,871 - prawcore - DEBUG - Data: None
2025-12-12 00:34:59,872 - prawcore - DEBUG - Params: {'raw_json': 1}
2025-12-12 00:35:00,064 - urllib3.connectionpool - DEBUG - https://oauth.reddit.com:443 "GET /user/Igor_Calisto/about/?raw_json=1 HTTP/1.1" 200 None
2025-12-12 00:35:00,067 - prawcore - DEBUG - Response: 200 (None bytes) (rst-300:rem-809.0:used-191 ratelimit) at 1765510500.067389
2025-12-12 00:35:00,068 - prawcore - DEBUG - Fetching: GET https://oauth.reddit.com/comments/1hhr8er/ at 1765510500.068366
2025-12-12 00:35:00,068 - prawcore - DEBUG - Data: None
2025-12-12 00:35:00,068 - prawcore - DEBUG - Params: {'limit': 2048, 'raw_json': 1, 'sort': 'confidence'}
2025-12-12 00:35:00,310 - urllib3.connectionpool - DEBUG - https://oauth.reddit.com:443 "GET /comments/1hhr8er/?limit=2048&sort=confidence&raw_json=1 HTTP/1.1" 200 3071
2025-12-12 00:35:00,311 - prawcore - DEBUG - Response: 200 (3071 bytes) (rst-299:rem-808.0:used-192 ratelimit) at 1765510500.3119512
2025-12-12 00:35:00,314 - prawcore - DEBUG - Fetching: GET https://oauth.reddit.com/r/ClassActionSettlement/about/ at 1765510500.314201
2025-12-12 00:35:00,314 - prawcore - DEBUG - Data: None
2025-12-12 00:35:00,314 - prawcore - DEBUG - Params: {'raw_json': 1}
2025-12-12 00:35:00,518 - urllib3.connectionpool - DEBUG - https://oauth.reddit.com:443 "GET /r/ClassActionSettlement/about/?raw_json=1 HTTP/1.1" 200 1206
2025-12-12 00:35:00,519 - prawcore - DEBUG - Response: 200 (1206 bytes) (rst-299:rem-807.0:used-193 ratelimit) at 1765510500.519541
2025-12-12 00:35:00,519 - prawcore - DEBUG - Fetching: GET https://oauth.reddit.com/user/Confident_Peak_3991/about/ at 1765510500.51984
2025-12-12 00:35:00,519 - prawcore - DEBUG - Data: None
2025-12-12 00:35:00,519 - prawcore - DEBUG - Params: {'raw_json': 1}
2025-12-12 00:35:00,710 - urllib3.connectionpool - DEBUG - https://oauth.reddit.com:443 "GET /user/Confident_Peak_3991/about/?raw_json=1 HTTP/1.1" 200 None
2025-12-12 00:35:00,710 - prawcore - DEBUG - Response: 200 (None bytes) (rst-299:rem-806.0:used-194 ratelimit) at 1765510500.710727
2025-12-12 00:35:00,710 - prawcore - DEBUG - Fetching: GET https://oauth.reddit.com/comments/1j450c2/ at 1765510500.710908
2025-12-12 00:35:00,710 - prawcore - DEBUG - Data: None
2025-12-12 00:35:00,711 - prawcore - DEBUG - Params: {'limit': 2048, 'raw_json': 1, 'sort': 'confidence'}
2025-12-12 00:35:00,937 - urllib3.connectionpool - DEBUG - https://oauth.reddit.com:443 "GET /comments/1j450c2/?limit=2048&sort=confidence&raw_json=1 HTTP/1.1" 200 1469
2025-12-12 00:35:00,937 - prawcore - DEBUG - Response: 200 (1469 bytes) (rst-299:rem-805.0:used-195 ratelimit) at 1765510500.937958
2025-12-12 00:35:00,938 - prawcore - DEBUG - Fetching: GET https://oauth.reddit.com/r/criptomoedas/about/ at 1765510500.938441
2025-12-12 00:35:00,938 - prawcore - DEBUG - Data: None
2025-12-12 00:35:00,938 - prawcore - DEBUG - Params: {'raw_json': 1}
2025-12-12 00:35:01,131 - urllib3.connectionpool - DEBUG - https://oauth.reddit.com:443 "GET /r/criptomoedas/about/?raw_json=1 HTTP/1.1" 200 1398
2025-12-12 00:35:01,131 - prawcore - DEBUG - Response: 200 (1398 bytes) (rst-298:rem-804.0:used-196 ratelimit) at 1765510501.131532
2025-12-12 00:35:01,131 - prawcore - DEBUG - Fetching: GET https://oauth.reddit.com/user/padaran_/about/ at 1765510501.131805
2025-12-12 00:35:01,131 - prawcore - DEBUG - Data: None
2025-12-12 00:35:01,131 - prawcore - DEBUG - Params: {'raw_json': 1}
2025-12-12 00:35:01,330 - urllib3.connectionpool - DEBUG - https://oauth.reddit.com:443 "GET /user/padaran_/about/?raw_json=1 HTTP/1.1" 200 736
2025-12-12 00:35:01,331 - prawcore - DEBUG - Response: 200 (736 bytes) (rst-298:rem-803.0:used-197 ratelimit) at 1765510501.3318279
2025-12-12 00:35:01,334 - prawcore - DEBUG - Fetching: GET https://oauth.reddit.com/comments/1g9xp74/ at 1765510501.3346539
2025-12-12 00:35:01,334 - prawcore - DEBUG - Data: None
2025-12-12 00:35:01,335 - prawcore - DEBUG - Params: {'limit': 2048, 'raw_json': 1, 'sort': 'confidence'}
2025-12-12 00:35:01,659 - urllib3.connectionpool - DEBUG - https://oauth.reddit.com:443 "GET /comments/1g9xp74/?limit=2048&sort=confidence&raw_json=1 HTTP/1.1" 200 3476
2025-12-12 00:35:01,660 - prawcore - DEBUG - Response: 200 (3476 bytes) (rst-298:rem-802.0:used-198 ratelimit) at 1765510501.660099
2025-12-12 00:35:01,661 - prawcore - DEBUG - Fetching: GET https://oauth.reddit.com/r/claimdepot/about/ at 1765510501.6615639
2025-12-12 00:35:01,661 - prawcore - DEBUG - Data: None
2025-12-12 00:35:01,661 - prawcore - DEBUG - Params: {'raw_json': 1}
2025-12-12 00:35:01,862 - urllib3.connectionpool - DEBUG - https://oauth.reddit.com:443 "GET /r/claimdepot/about/?raw_json=1 HTTP/1.1" 200 1359
2025-12-12 00:35:01,863 - prawcore - DEBUG - Response: 200 (1359 bytes) (rst-298:rem-801.0:used-199 ratelimit) at 1765510501.8637671
2025-12-12 00:35:01,864 - prawcore - DEBUG - Fetching: GET https://oauth.reddit.com/user/ClaimDepot/about/ at 1765510501.864733
2025-12-12 00:35:01,864 - prawcore - DEBUG - Data: None
2025-12-12 00:35:01,865 - prawcore - DEBUG - Params: {'raw_json': 1}
2025-12-12 00:35:02,063 - urllib3.connectionpool - DEBUG - https://oauth.reddit.com:443 "GET /user/ClaimDepot/about/?raw_json=1 HTTP/1.1" 200 951
2025-12-12 00:35:02,064 - prawcore - DEBUG - Response: 200 (951 bytes) (rst-298:rem-800.0:used-200 ratelimit) at 1765510502.064348
2025-12-12 00:35:02,066 - prawcore - DEBUG - Fetching: GET https://oauth.reddit.com/r/criptomoedas/about/ at 1765510502.066323
2025-12-12 00:35:02,066 - prawcore - DEBUG - Data: None
2025-12-12 00:35:02,066 - prawcore - DEBUG - Params: {'raw_json': 1}
2025-12-12 00:35:02,264 - urllib3.connectionpool - DEBUG - https://oauth.reddit.com:443 "GET /r/criptomoedas/about/?raw_json=1 HTTP/1.1" 200 1398
2025-12-12 00:35:02,265 - prawcore - DEBUG - Response: 200 (1398 bytes) (rst-297:rem-799.0:used-201 ratelimit) at 1765510502.265491
2025-12-12 00:35:02,265 - prawcore - DEBUG - Fetching: GET https://oauth.reddit.com/user/Cadu_Silveira/about/ at 1765510502.265922
2025-12-12 00:35:02,266 - prawcore - DEBUG - Data: None
2025-12-12 00:35:02,266 - prawcore - DEBUG - Params: {'raw_json': 1}
2025-12-12 00:35:02,459 - urllib3.connectionpool - DEBUG - https://oauth.reddit.com:443 "GET /user/Cadu_Silveira/about/?raw_json=1 HTTP/1.1" 200 692
2025-12-12 00:35:02,461 - prawcore - DEBUG - Response: 200 (692 bytes) (rst-297:rem-798.0:used-202 ratelimit) at 1765510502.461123
2025-12-12 00:35:02,465 - prawcore - DEBUG - Fetching: GET https://oauth.reddit.com/comments/1ixl3h9/ at 1765510502.465308
2025-12-12 00:35:02,465 - prawcore - DEBUG - Data: None
2025-12-12 00:35:02,465 - prawcore - DEBUG - Params: {'limit': 2048, 'raw_json': 1, 'sort': 'confidence'}
2025-12-12 00:35:02,688 - urllib3.connectionpool - DEBUG - https://oauth.reddit.com:443 "GET /comments/1ixl3h9/?limit=2048&sort=confidence&raw_json=1 HTTP/1.1" 200 1928
2025-12-12 00:35:02,689 - prawcore - DEBUG - Response: 200 (1928 bytes) (rst-297:rem-797.0:used-203 ratelimit) at 1765510502.689893
2025-12-12 00:35:02,690 - prawcore - DEBUG - Fetching: GET https://oauth.reddit.com/r/claimdepot/about/ at 1765510502.690916
2025-12-12 00:35:02,691 - prawcore - DEBUG - Data: None
2025-12-12 00:35:02,691 - prawcore - DEBUG - Params: {'raw_json': 1}
2025-12-12 00:35:02,890 - urllib3.connectionpool - DEBUG - https://oauth.reddit.com:443 "GET /r/claimdepot/about/?raw_json=1 HTTP/1.1" 200 1359
2025-12-12 00:35:02,891 - prawcore - DEBUG - Response: 200 (1359 bytes) (rst-297:rem-796.0:used-204 ratelimit) at 1765510502.891368
2025-12-12 00:35:02,892 - prawcore - DEBUG - Fetching: GET https://oauth.reddit.com/user/ClaimDepot/about/ at 1765510502.892017
2025-12-12 00:35:02,892 - prawcore - DEBUG - Data: None
2025-12-12 00:35:02,892 - prawcore - DEBUG - Params: {'raw_json': 1}
2025-12-12 00:35:03,091 - urllib3.connectionpool - DEBUG - https://oauth.reddit.com:443 "GET /user/ClaimDepot/about/?raw_json=1 HTTP/1.1" 200 951
2025-12-12 00:35:03,092 - prawcore - DEBUG - Response: 200 (951 bytes) (rst-296:rem-795.0:used-205 ratelimit) at 1765510503.092868
2025-12-12 00:35:03,096 - prawcore - DEBUG - Fetching: GET https://oauth.reddit.com/r/EuroSkincare/about/ at 1765510503.0964549
2025-12-12 00:35:03,096 - prawcore - DEBUG - Data: None
2025-12-12 00:35:03,096 - prawcore - DEBUG - Params: {'raw_json': 1}
2025-12-12 00:35:03,298 - urllib3.connectionpool - DEBUG - https://oauth.reddit.com:443 "GET /r/EuroSkincare/about/?raw_json=1 HTTP/1.1" 200 1991
2025-12-12 00:35:03,299 - prawcore - DEBUG - Response: 200 (1991 bytes) (rst-296:rem-794.0:used-206 ratelimit) at 1765510503.299175
2025-12-12 00:35:03,300 - prawcore - DEBUG - Fetching: GET https://oauth.reddit.com/user/auberielle/about/ at 1765510503.3006148
2025-12-12 00:35:03,300 - prawcore - DEBUG - Data: None
2025-12-12 00:35:03,301 - prawcore - DEBUG - Params: {'raw_json': 1}
2025-12-12 00:35:03,515 - urllib3.connectionpool - DEBUG - https://oauth.reddit.com:443 "GET /user/auberielle/about/?raw_json=1 HTTP/1.1" 200 820
2025-12-12 00:35:03,516 - prawcore - DEBUG - Response: 200 (820 bytes) (rst-296:rem-793.0:used-207 ratelimit) at 1765510503.5161579
2025-12-12 00:35:03,519 - prawcore - DEBUG - Fetching: GET https://oauth.reddit.com/comments/1dd86sc/ at 1765510503.5197608
2025-12-12 00:35:03,519 - prawcore - DEBUG - Data: None
2025-12-12 00:35:03,520 - prawcore - DEBUG - Params: {'limit': 2048, 'raw_json': 1, 'sort': 'confidence'}
2025-12-12 00:35:03,818 - urllib3.connectionpool - DEBUG - https://oauth.reddit.com:443 "GET /comments/1dd86sc/?limit=2048&sort=confidence&raw_json=1 HTTP/1.1" 200 4365
2025-12-12 00:35:03,820 - prawcore - DEBUG - Response: 200 (4365 bytes) (rst-296:rem-792.0:used-208 ratelimit) at 1765510503.8201249
2025-12-12 00:35:03,822 - prawcore - DEBUG - Fetching: GET https://oauth.reddit.com/r/Romania2/about/ at 1765510503.822701
2025-12-12 00:35:03,822 - prawcore - DEBUG - Data: None
2025-12-12 00:35:03,822 - prawcore - DEBUG - Params: {'raw_json': 1}
2025-12-12 00:35:04,029 - urllib3.connectionpool - DEBUG - https://oauth.reddit.com:443 "GET /r/Romania2/about/?raw_json=1 HTTP/1.1" 200 1313
2025-12-12 00:35:04,031 - prawcore - DEBUG - Response: 200 (1313 bytes) (rst-296:rem-791.0:used-209 ratelimit) at 1765510504.031233
2025-12-12 00:35:04,031 - prawcore - DEBUG - Fetching: GET https://oauth.reddit.com/user/IUsedToBeAMod/about/ at 1765510504.031947
2025-12-12 00:35:04,032 - prawcore - DEBUG - Data: None
2025-12-12 00:35:04,032 - prawcore - DEBUG - Params: {'raw_json': 1}
2025-12-12 00:35:04,233 - urllib3.connectionpool - DEBUG - https://oauth.reddit.com:443 "GET /user/IUsedToBeAMod/about/?raw_json=1 HTTP/1.1" 200 726
2025-12-12 00:35:04,235 - prawcore - DEBUG - Response: 200 (726 bytes) (rst-295:rem-790.0:used-210 ratelimit) at 1765510504.235208
2025-12-12 00:35:04,239 - prawcore - DEBUG - Fetching: GET https://oauth.reddit.com/r/GhostAdventures/about/ at 1765510504.239606
2025-12-12 00:35:04,239 - prawcore - DEBUG - Data: None
2025-12-12 00:35:04,240 - prawcore - DEBUG - Params: {'raw_json': 1}
2025-12-12 00:35:04,437 - urllib3.connectionpool - DEBUG - https://oauth.reddit.com:443 "GET /r/GhostAdventures/about/?raw_json=1 HTTP/1.1" 200 2282
2025-12-12 00:35:04,438 - prawcore - DEBUG - Response: 200 (2282 bytes) (rst-295:rem-789.0:used-211 ratelimit) at 1765510504.438014
2025-12-12 00:35:04,438 - prawcore - DEBUG - Fetching: GET https://oauth.reddit.com/user/Hot-Heat-5042/about/ at 1765510504.438421
2025-12-12 00:35:04,438 - prawcore - DEBUG - Data: None
2025-12-12 00:35:04,438 - prawcore - DEBUG - Params: {'raw_json': 1}
2025-12-12 00:35:04,635 - urllib3.connectionpool - DEBUG - https://oauth.reddit.com:443 "GET /user/Hot-Heat-5042/about/?raw_json=1 HTTP/1.1" 200 907
2025-12-12 00:35:04,638 - prawcore - DEBUG - Response: 200 (907 bytes) (rst-295:rem-788.0:used-212 ratelimit) at 1765510504.6381052
2025-12-12 00:35:04,642 - prawcore - DEBUG - Fetching: GET https://oauth.reddit.com/r/BitcoinBrasil/about/ at 1765510504.6420019
2025-12-12 00:35:04,642 - prawcore - DEBUG - Data: None
2025-12-12 00:35:04,642 - prawcore - DEBUG - Params: {'raw_json': 1}
2025-12-12 00:35:04,839 - urllib3.connectionpool - DEBUG - https://oauth.reddit.com:443 "GET /r/BitcoinBrasil/about/?raw_json=1 HTTP/1.1" 200 1643
2025-12-12 00:35:04,840 - prawcore - DEBUG - Response: 200 (1643 bytes) (rst-295:rem-787.0:used-213 ratelimit) at 1765510504.840124
2025-12-12 00:35:04,840 - prawcore - DEBUG - Fetching: GET https://oauth.reddit.com/user/Western_Zucchini_964/about/ at 1765510504.840653
2025-12-12 00:35:04,840 - prawcore - DEBUG - Data: None
2025-12-12 00:35:04,840 - prawcore - DEBUG - Params: {'raw_json': 1}
2025-12-12 00:35:05,036 - urllib3.connectionpool - DEBUG - https://oauth.reddit.com:443 "GET /user/Western_Zucchini_964/about/?raw_json=1 HTTP/1.1" 200 832
2025-12-12 00:35:05,037 - prawcore - DEBUG - Response: 200 (832 bytes) (rst-295:rem-786.0:used-214 ratelimit) at 1765510505.037411
2025-12-12 00:35:05,039 - prawcore - DEBUG - Fetching: GET https://oauth.reddit.com/r/claimdepot/about/ at 1765510505.0391219
2025-12-12 00:35:05,039 - prawcore - DEBUG - Data: None
2025-12-12 00:35:05,039 - prawcore - DEBUG - Params: {'raw_json': 1}
2025-12-12 00:35:05,237 - urllib3.connectionpool - DEBUG - https://oauth.reddit.com:443 "GET /r/claimdepot/about/?raw_json=1 HTTP/1.1" 200 1359
2025-12-12 00:35:05,238 - prawcore - DEBUG - Response: 200 (1359 bytes) (rst-294:rem-785.0:used-215 ratelimit) at 1765510505.2380302
2025-12-12 00:35:05,238 - prawcore - DEBUG - Fetching: GET https://oauth.reddit.com/user/ClaimDepot/about/ at 1765510505.2383518
2025-12-12 00:35:05,238 - prawcore - DEBUG - Data: None
2025-12-12 00:35:05,238 - prawcore - DEBUG - Params: {'raw_json': 1}
2025-12-12 00:35:05,434 - urllib3.connectionpool - DEBUG - https://oauth.reddit.com:443 "GET /user/ClaimDepot/about/?raw_json=1 HTTP/1.1" 200 951
2025-12-12 00:35:05,434 - prawcore - DEBUG - Response: 200 (951 bytes) (rst-294:rem-784.0:used-216 ratelimit) at 1765510505.4347641
2025-12-12 00:35:05,436 - prawcore - DEBUG - Fetching: GET https://oauth.reddit.com/r/indonesian/about/ at 1765510505.436034
2025-12-12 00:35:05,436 - prawcore - DEBUG - Data: None
2025-12-12 00:35:05,436 - prawcore - DEBUG - Params: {'raw_json': 1}
2025-12-12 00:35:05,627 - urllib3.connectionpool - DEBUG - https://oauth.reddit.com:443 "GET /r/indonesian/about/?raw_json=1 HTTP/1.1" 200 1835
2025-12-12 00:35:05,635 - prawcore - DEBUG - Response: 200 (1835 bytes) (rst-294:rem-783.0:used-217 ratelimit) at 1765510505.63571
2025-12-12 00:35:05,637 - prawcore - DEBUG - Fetching: GET https://oauth.reddit.com/user/princephotogenic/about/ at 1765510505.637055
2025-12-12 00:35:05,637 - prawcore - DEBUG - Data: None
2025-12-12 00:35:05,637 - prawcore - DEBUG - Params: {'raw_json': 1}
2025-12-12 00:35:05,877 - urllib3.connectionpool - DEBUG - https://oauth.reddit.com:443 "GET /user/princephotogenic/about/?raw_json=1 HTTP/1.1" 200 699
2025-12-12 00:35:05,879 - prawcore - DEBUG - Response: 200 (699 bytes) (rst-294:rem-782.0:used-218 ratelimit) at 1765510505.8794281
2025-12-12 00:35:05,884 - prawcore - DEBUG - Fetching: GET https://oauth.reddit.com/comments/1g14z3s/ at 1765510505.884264
2025-12-12 00:35:05,884 - prawcore - DEBUG - Data: None
2025-12-12 00:35:05,884 - prawcore - DEBUG - Params: {'limit': 2048, 'raw_json': 1, 'sort': 'confidence'}
2025-12-12 00:35:06,127 - urllib3.connectionpool - DEBUG - https://oauth.reddit.com:443 "GET /comments/1g14z3s/?limit=2048&sort=confidence&raw_json=1 HTTP/1.1" 200 2927
2025-12-12 00:35:06,128 - prawcore - DEBUG - Response: 200 (2927 bytes) (rst-294:rem-781.0:used-219 ratelimit) at 1765510506.128208
2025-12-12 00:35:06,130 - prawcore - DEBUG - Fetching: GET https://oauth.reddit.com/r/criptomoedas/about/ at 1765510506.130322
2025-12-12 00:35:06,130 - prawcore - DEBUG - Data: None
2025-12-12 00:35:06,130 - prawcore - DEBUG - Params: {'raw_json': 1}
2025-12-12 00:35:06,339 - urllib3.connectionpool - DEBUG - https://oauth.reddit.com:443 "GET /r/criptomoedas/about/?raw_json=1 HTTP/1.1" 200 1398
2025-12-12 00:35:06,339 - prawcore - DEBUG - Response: 200 (1398 bytes) (rst-293:rem-780.0:used-220 ratelimit) at 1765510506.3399549
2025-12-12 00:35:06,340 - prawcore - DEBUG - Fetching: GET https://oauth.reddit.com/user/Raikiri_Br/about/ at 1765510506.34042
2025-12-12 00:35:06,340 - prawcore - DEBUG - Data: None
2025-12-12 00:35:06,340 - prawcore - DEBUG - Params: {'raw_json': 1}
2025-12-12 00:35:06,531 - urllib3.connectionpool - DEBUG - https://oauth.reddit.com:443 "GET /user/Raikiri_Br/about/?raw_json=1 HTTP/1.1" 200 848
2025-12-12 00:35:06,532 - prawcore - DEBUG - Response: 200 (848 bytes) (rst-293:rem-779.0:used-221 ratelimit) at 1765510506.532562
2025-12-12 00:35:06,536 - prawcore - DEBUG - Fetching: GET https://oauth.reddit.com/comments/1f52t4r/ at 1765510506.5365918
2025-12-12 00:35:06,536 - prawcore - DEBUG - Data: None
2025-12-12 00:35:06,536 - prawcore - DEBUG - Params: {'limit': 2048, 'raw_json': 1, 'sort': 'confidence'}
2025-12-12 00:35:06,811 - urllib3.connectionpool - DEBUG - https://oauth.reddit.com:443 "GET /comments/1f52t4r/?limit=2048&sort=confidence&raw_json=1 HTTP/1.1" 200 3079
2025-12-12 00:35:06,813 - prawcore - DEBUG - Response: 200 (3079 bytes) (rst-293:rem-778.0:used-222 ratelimit) at 1765510506.8130538
2025-12-12 00:35:06,815 - prawcore - DEBUG - Fetching: GET https://oauth.reddit.com/r/computadores/about/ at 1765510506.8153422
2025-12-12 00:35:06,815 - prawcore - DEBUG - Data: None
2025-12-12 00:35:06,815 - prawcore - DEBUG - Params: {'raw_json': 1}
2025-12-12 00:35:07,015 - urllib3.connectionpool - DEBUG - https://oauth.reddit.com:443 "GET /r/computadores/about/?raw_json=1 HTTP/1.1" 200 1331
2025-12-12 00:35:07,017 - prawcore - DEBUG - Response: 200 (1331 bytes) (rst-293:rem-777.0:used-223 ratelimit) at 1765510507.017138
2025-12-12 00:35:07,017 - prawcore - DEBUG - Fetching: GET https://oauth.reddit.com/user/Nevascaw/about/ at 1765510507.017737
2025-12-12 00:35:07,017 - prawcore - DEBUG - Data: None
2025-12-12 00:35:07,017 - prawcore - DEBUG - Params: {'raw_json': 1}
2025-12-12 00:35:07,205 - urllib3.connectionpool - DEBUG - https://oauth.reddit.com:443 "GET /user/Nevascaw/about/?raw_json=1 HTTP/1.1" 200 717
2025-12-12 00:35:07,206 - prawcore - DEBUG - Response: 200 (717 bytes) (rst-292:rem-776.0:used-224 ratelimit) at 1765510507.206347
2025-12-12 00:35:07,209 - prawcore - DEBUG - Fetching: GET https://oauth.reddit.com/r/Austria/about/ at 1765510507.209027
2025-12-12 00:35:07,209 - prawcore - DEBUG - Data: None
2025-12-12 00:35:07,209 - prawcore - DEBUG - Params: {'raw_json': 1}
2025-12-12 00:35:07,406 - urllib3.connectionpool - DEBUG - https://oauth.reddit.com:443 "GET /r/Austria/about/?raw_json=1 HTTP/1.1" 200 2263
2025-12-12 00:35:07,407 - prawcore - DEBUG - Response: 200 (2263 bytes) (rst-292:rem-775.0:used-225 ratelimit) at 1765510507.407752
2025-12-12 00:35:07,408 - prawcore - DEBUG - Fetching: GET https://oauth.reddit.com/user/WoesIsWoed/about/ at 1765510507.408383
2025-12-12 00:35:07,408 - prawcore - DEBUG - Data: None
2025-12-12 00:35:07,408 - prawcore - DEBUG - Params: {'raw_json': 1}
2025-12-12 00:35:07,607 - urllib3.connectionpool - DEBUG - https://oauth.reddit.com:443 "GET /user/WoesIsWoed/about/?raw_json=1 HTTP/1.1" 200 702
2025-12-12 00:35:07,609 - prawcore - DEBUG - Response: 200 (702 bytes) (rst-292:rem-774.0:used-226 ratelimit) at 1765510507.609188
2025-12-12 00:35:07,613 - prawcore - DEBUG - Fetching: GET https://oauth.reddit.com/r/criptomoedas/about/ at 1765510507.613235
2025-12-12 00:35:07,613 - prawcore - DEBUG - Data: None
2025-12-12 00:35:07,613 - prawcore - DEBUG - Params: {'raw_json': 1}
2025-12-12 00:35:07,802 - urllib3.connectionpool - DEBUG - https://oauth.reddit.com:443 "GET /r/criptomoedas/about/?raw_json=1 HTTP/1.1" 200 1398
2025-12-12 00:35:07,803 - prawcore - DEBUG - Response: 200 (1398 bytes) (rst-292:rem-773.0:used-227 ratelimit) at 1765510507.803573
2025-12-12 00:35:07,804 - prawcore - DEBUG - Fetching: GET https://oauth.reddit.com/user/ChaplauzeraDosRole/about/ at 1765510507.8042948
2025-12-12 00:35:07,804 - prawcore - DEBUG - Data: None
2025-12-12 00:35:07,804 - prawcore - DEBUG - Params: {'raw_json': 1}
2025-12-12 00:35:08,011 - urllib3.connectionpool - DEBUG - https://oauth.reddit.com:443 "GET /user/ChaplauzeraDosRole/about/?raw_json=1 HTTP/1.1" 200 842
2025-12-12 00:35:08,014 - prawcore - DEBUG - Response: 200 (842 bytes) (rst-292:rem-772.0:used-228 ratelimit) at 1765510508.014421
2025-12-12 00:35:08,019 - prawcore - DEBUG - Fetching: GET https://oauth.reddit.com/comments/1i6hr6u/ at 1765510508.019476
2025-12-12 00:35:08,019 - prawcore - DEBUG - Data: None
2025-12-12 00:35:08,019 - prawcore - DEBUG - Params: {'limit': 2048, 'raw_json': 1, 'sort': 'confidence'}
2025-12-12 00:35:08,237 - urllib3.connectionpool - DEBUG - https://oauth.reddit.com:443 "GET /comments/1i6hr6u/?limit=2048&sort=confidence&raw_json=1 HTTP/1.1" 200 1225
2025-12-12 00:35:08,240 - prawcore - DEBUG - Response: 200 (1225 bytes) (rst-291:rem-771.0:used-229 ratelimit) at 1765510508.240911
2025-12-12 00:35:08,242 - prawcore - DEBUG - Fetching: GET https://oauth.reddit.com/r/FortalezaTotal/about/ at 1765510508.24226
2025-12-12 00:35:08,242 - prawcore - DEBUG - Data: None
2025-12-12 00:35:08,242 - prawcore - DEBUG - Params: {'raw_json': 1}
2025-12-12 00:35:08,432 - urllib3.connectionpool - DEBUG - https://oauth.reddit.com:443 "GET /r/FortalezaTotal/about/?raw_json=1 HTTP/1.1" 200 1634
2025-12-12 00:35:08,433 - prawcore - DEBUG - Response: 200 (1634 bytes) (rst-291:rem-770.0:used-230 ratelimit) at 1765510508.433491
2025-12-12 00:35:08,434 - prawcore - DEBUG - Fetching: GET https://oauth.reddit.com/user/BadCollina/about/ at 1765510508.434093
2025-12-12 00:35:08,434 - prawcore - DEBUG - Data: None
2025-12-12 00:35:08,434 - prawcore - DEBUG - Params: {'raw_json': 1}
2025-12-12 00:35:08,627 - urllib3.connectionpool - DEBUG - https://oauth.reddit.com:443 "GET /user/BadCollina/about/?raw_json=1 HTTP/1.1" 200 843
2025-12-12 00:35:08,628 - prawcore - DEBUG - Response: 200 (843 bytes) (rst-291:rem-769.0:used-231 ratelimit) at 1765510508.6285288
2025-12-12 00:35:08,632 - prawcore - DEBUG - Fetching: GET https://oauth.reddit.com/comments/1hui6g3/ at 1765510508.63257
2025-12-12 00:35:08,632 - prawcore - DEBUG - Data: None
2025-12-12 00:35:08,632 - prawcore - DEBUG - Params: {'limit': 2048, 'raw_json': 1, 'sort': 'confidence'}
2025-12-12 00:35:08,847 - urllib3.connectionpool - DEBUG - https://oauth.reddit.com:443 "GET /comments/1hui6g3/?limit=2048&sort=confidence&raw_json=1 HTTP/1.1" 200 2151
2025-12-12 00:35:08,849 - prawcore - DEBUG - Response: 200 (2151 bytes) (rst-291:rem-768.0:used-232 ratelimit) at 1765510508.849246
2025-12-12 00:35:08,850 - prawcore - DEBUG - Fetching: GET https://oauth.reddit.com/r/chicago/about/ at 1765510508.8505769
2025-12-12 00:35:08,850 - prawcore - DEBUG - Data: None
2025-12-12 00:35:08,850 - prawcore - DEBUG - Params: {'raw_json': 1}
2025-12-12 00:35:09,046 - urllib3.connectionpool - DEBUG - https://oauth.reddit.com:443 "GET /r/chicago/about/?raw_json=1 HTTP/1.1" 200 2761
2025-12-12 00:35:09,049 - prawcore - DEBUG - Response: 200 (2761 bytes) (rst-291:rem-767.0:used-233 ratelimit) at 1765510509.0498738
2025-12-12 00:35:09,051 - prawcore - DEBUG - Fetching: GET https://oauth.reddit.com/user/JosephConrad9/about/ at 1765510509.05114
2025-12-12 00:35:09,051 - prawcore - DEBUG - Data: None
2025-12-12 00:35:09,051 - prawcore - DEBUG - Params: {'raw_json': 1}
2025-12-12 00:35:09,254 - urllib3.connectionpool - DEBUG - https://oauth.reddit.com:443 "GET /user/JosephConrad9/about/?raw_json=1 HTTP/1.1" 200 697
2025-12-12 00:35:09,255 - prawcore - DEBUG - Response: 200 (697 bytes) (rst-290:rem-766.0:used-234 ratelimit) at 1765510509.255559
2025-12-12 00:35:09,259 - prawcore - DEBUG - Fetching: GET https://oauth.reddit.com/r/VeganDE/about/ at 1765510509.259097
2025-12-12 00:35:09,259 - prawcore - DEBUG - Data: None
2025-12-12 00:35:09,259 - prawcore - DEBUG - Params: {'raw_json': 1}
2025-12-12 00:35:09,456 - urllib3.connectionpool - DEBUG - https://oauth.reddit.com:443 "GET /r/VeganDE/about/?raw_json=1 HTTP/1.1" 200 5033
2025-12-12 00:35:09,458 - prawcore - DEBUG - Response: 200 (5033 bytes) (rst-290:rem-765.0:used-235 ratelimit) at 1765510509.4582772
2025-12-12 00:35:09,459 - prawcore - DEBUG - Fetching: GET https://oauth.reddit.com/user/amynase/about/ at 1765510509.4590342
2025-12-12 00:35:09,459 - prawcore - DEBUG - Data: None
2025-12-12 00:35:09,459 - prawcore - DEBUG - Params: {'raw_json': 1}
2025-12-12 00:35:09,685 - urllib3.connectionpool - DEBUG - https://oauth.reddit.com:443 "GET /user/amynase/about/?raw_json=1 HTTP/1.1" 200 909
2025-12-12 00:35:09,687 - prawcore - DEBUG - Response: 200 (909 bytes) (rst-290:rem-764.0:used-236 ratelimit) at 1765510509.687655
2025-12-12 00:35:09,691 - prawcore - DEBUG - Fetching: GET https://oauth.reddit.com/comments/1dfownn/ at 1765510509.691923
2025-12-12 00:35:09,692 - prawcore - DEBUG - Data: None
2025-12-12 00:35:09,692 - prawcore - DEBUG - Params: {'limit': 2048, 'raw_json': 1, 'sort': 'confidence'}
2025-12-12 00:35:09,957 - urllib3.connectionpool - DEBUG - https://oauth.reddit.com:443 "GET /comments/1dfownn/?limit=2048&sort=confidence&raw_json=1 HTTP/1.1" 200 3972
2025-12-12 00:35:09,958 - prawcore - DEBUG - Response: 200 (3972 bytes) (rst-290:rem-763.0:used-237 ratelimit) at 1765510509.958826
2025-12-12 00:35:09,961 - prawcore - DEBUG - Fetching: GET https://oauth.reddit.com/r/graz/about/ at 1765510509.961489
2025-12-12 00:35:09,961 - prawcore - DEBUG - Data: None
2025-12-12 00:35:09,961 - prawcore - DEBUG - Params: {'raw_json': 1}
2025-12-12 00:35:10,158 - urllib3.connectionpool - DEBUG - https://oauth.reddit.com:443 "GET /r/graz/about/?raw_json=1 HTTP/1.1" 200 1758
2025-12-12 00:35:10,161 - prawcore - DEBUG - Response: 200 (1758 bytes) (rst-289:rem-762.0:used-238 ratelimit) at 1765510510.161335
2025-12-12 00:35:10,162 - prawcore - DEBUG - Fetching: GET https://oauth.reddit.com/user/Ichinisanrei/about/ at 1765510510.162668
2025-12-12 00:35:10,162 - prawcore - DEBUG - Data: None
2025-12-12 00:35:10,162 - prawcore - DEBUG - Params: {'raw_json': 1}
2025-12-12 00:35:10,364 - urllib3.connectionpool - DEBUG - https://oauth.reddit.com:443 "GET /user/Ichinisanrei/about/?raw_json=1 HTTP/1.1" 200 916
2025-12-12 00:35:10,365 - prawcore - DEBUG - Response: 200 (916 bytes) (rst-289:rem-761.0:used-239 ratelimit) at 1765510510.365768
2025-12-12 00:35:10,370 - prawcore - DEBUG - Fetching: GET https://oauth.reddit.com/comments/1go03bn/ at 1765510510.3703659
2025-12-12 00:35:10,370 - prawcore - DEBUG - Data: None
2025-12-12 00:35:10,370 - prawcore - DEBUG - Params: {'limit': 2048, 'raw_json': 1, 'sort': 'confidence'}
2025-12-12 00:35:10,597 - urllib3.connectionpool - DEBUG - https://oauth.reddit.com:443 "GET /comments/1go03bn/?limit=2048&sort=confidence&raw_json=1 HTTP/1.1" 200 1852
2025-12-12 00:35:10,599 - prawcore - DEBUG - Response: 200 (1852 bytes) (rst-289:rem-760.0:used-240 ratelimit) at 1765510510.5990841
2025-12-12 00:35:10,599 - prawcore - DEBUG - Fetching: GET https://oauth.reddit.com/r/CTAUpdates/about/ at 1765510510.599871
2025-12-12 00:35:10,599 - prawcore - DEBUG - Data: None
2025-12-12 00:35:10,600 - prawcore - DEBUG - Params: {'raw_json': 1}
2025-12-12 00:35:10,795 - urllib3.connectionpool - DEBUG - https://oauth.reddit.com:443 "GET /r/CTAUpdates/about/?raw_json=1 HTTP/1.1" 200 1297
2025-12-12 00:35:10,796 - prawcore - DEBUG - Response: 200 (1297 bytes) (rst-289:rem-759.0:used-241 ratelimit) at 1765510510.7967591
2025-12-12 00:35:10,797 - prawcore - DEBUG - Fetching: GET https://oauth.reddit.com/user/rCTAbot/about/ at 1765510510.797316
2025-12-12 00:35:10,797 - prawcore - DEBUG - Data: None
2025-12-12 00:35:10,797 - prawcore - DEBUG - Params: {'raw_json': 1}
2025-12-12 00:35:10,998 - urllib3.connectionpool - DEBUG - https://oauth.reddit.com:443 "GET /user/rCTAbot/about/?raw_json=1 HTTP/1.1" 200 687
2025-12-12 00:35:10,999 - prawcore - DEBUG - Response: 200 (687 bytes) (rst-289:rem-758.0:used-242 ratelimit) at 1765510510.999434
2025-12-12 00:35:11,003 - prawcore - DEBUG - Fetching: GET https://oauth.reddit.com/r/ChicagoSuburbs/about/ at 1765510511.0033689
2025-12-12 00:35:11,003 - prawcore - DEBUG - Data: None
2025-12-12 00:35:11,003 - prawcore - DEBUG - Params: {'raw_json': 1}
2025-12-12 00:35:11,196 - urllib3.connectionpool - DEBUG - https://oauth.reddit.com:443 "GET /r/ChicagoSuburbs/about/?raw_json=1 HTTP/1.1" 200 5100
2025-12-12 00:35:11,198 - prawcore - DEBUG - Response: 200 (5100 bytes) (rst-288:rem-757.0:used-243 ratelimit) at 1765510511.198418
2025-12-12 00:35:11,199 - prawcore - DEBUG - Fetching: GET https://oauth.reddit.com/user/RelationshipSuch9050/about/ at 1765510511.1990972
2025-12-12 00:35:11,199 - prawcore - DEBUG - Data: None
2025-12-12 00:35:11,199 - prawcore - DEBUG - Params: {'raw_json': 1}
2025-12-12 00:35:11,397 - urllib3.connectionpool - DEBUG - https://oauth.reddit.com:443 "GET /user/RelationshipSuch9050/about/?raw_json=1 HTTP/1.1" 200 832
2025-12-12 00:35:11,398 - prawcore - DEBUG - Response: 200 (832 bytes) (rst-288:rem-756.0:used-244 ratelimit) at 1765510511.398047
2025-12-12 00:35:11,400 - prawcore - DEBUG - Fetching: GET https://oauth.reddit.com/comments/11859d8/ at 1765510511.400183
2025-12-12 00:35:11,400 - prawcore - DEBUG - Data: None
2025-12-12 00:35:11,400 - prawcore - DEBUG - Params: {'limit': 2048, 'raw_json': 1, 'sort': 'confidence'}
2025-12-12 00:35:11,723 - urllib3.connectionpool - DEBUG - https://oauth.reddit.com:443 "GET /comments/11859d8/?limit=2048&sort=confidence&raw_json=1 HTTP/1.1" 200 5673
2025-12-12 00:35:11,725 - prawcore - DEBUG - Response: 200 (5673 bytes) (rst-288:rem-755.0:used-245 ratelimit) at 1765510511.7253308
2025-12-12 00:35:11,728 - prawcore - DEBUG - Fetching: GET https://oauth.reddit.com/r/antiwork/about/ at 1765510511.728981
2025-12-12 00:35:11,729 - prawcore - DEBUG - Data: None
2025-12-12 00:35:11,729 - prawcore - DEBUG - Params: {'raw_json': 1}
2025-12-12 00:35:11,938 - urllib3.connectionpool - DEBUG - https://oauth.reddit.com:443 "GET /r/antiwork/about/?raw_json=1 HTTP/1.1" 200 3401
2025-12-12 00:35:11,939 - prawcore - DEBUG - Response: 200 (3401 bytes) (rst-288:rem-754.0:used-246 ratelimit) at 1765510511.939848
2025-12-12 00:35:11,940 - prawcore - DEBUG - Fetching: GET https://oauth.reddit.com/user/sarin000/about/ at 1765510511.9405708
2025-12-12 00:35:11,940 - prawcore - DEBUG - Data: None
2025-12-12 00:35:11,940 - prawcore - DEBUG - Params: {'raw_json': 1}
2025-12-12 00:35:12,140 - urllib3.connectionpool - DEBUG - https://oauth.reddit.com:443 "GET /user/sarin000/about/?raw_json=1 HTTP/1.1" 200 763
2025-12-12 00:35:12,141 - prawcore - DEBUG - Response: 200 (763 bytes) (rst-287:rem-753.0:used-247 ratelimit) at 1765510512.141043
2025-12-12 00:35:12,143 - prawcore - DEBUG - Fetching: GET https://oauth.reddit.com/r/criptomoedas/about/ at 1765510512.143378
2025-12-12 00:35:12,143 - prawcore - DEBUG - Data: None
2025-12-12 00:35:12,143 - prawcore - DEBUG - Params: {'raw_json': 1}
2025-12-12 00:35:12,338 - urllib3.connectionpool - DEBUG - https://oauth.reddit.com:443 "GET /r/criptomoedas/about/?raw_json=1 HTTP/1.1" 200 1398
2025-12-12 00:35:12,339 - prawcore - DEBUG - Response: 200 (1398 bytes) (rst-287:rem-752.0:used-248 ratelimit) at 1765510512.339714
2025-12-12 00:35:12,340 - prawcore - DEBUG - Fetching: GET https://oauth.reddit.com/user/White_Chess/about/ at 1765510512.340432
2025-12-12 00:35:12,340 - prawcore - DEBUG - Data: None
2025-12-12 00:35:12,340 - prawcore - DEBUG - Params: {'raw_json': 1}
2025-12-12 00:35:12,544 - urllib3.connectionpool - DEBUG - https://oauth.reddit.com:443 "GET /user/White_Chess/about/?raw_json=1 HTTP/1.1" 200 942
2025-12-12 00:35:12,546 - prawcore - DEBUG - Response: 200 (942 bytes) (rst-287:rem-751.0:used-249 ratelimit) at 1765510512.546915
2025-12-12 00:35:12,551 - prawcore - DEBUG - Fetching: GET https://oauth.reddit.com/comments/1gp801x/ at 1765510512.551818
2025-12-12 00:35:12,552 - prawcore - DEBUG - Data: None
2025-12-12 00:35:12,552 - prawcore - DEBUG - Params: {'limit': 2048, 'raw_json': 1, 'sort': 'confidence'}
2025-12-12 00:35:12,783 - urllib3.connectionpool - DEBUG - https://oauth.reddit.com:443 "GET /comments/1gp801x/?limit=2048&sort=confidence&raw_json=1 HTTP/1.1" 200 1678
2025-12-12 00:35:12,784 - prawcore - DEBUG - Response: 200 (1678 bytes) (rst-287:rem-750.0:used-250 ratelimit) at 1765510512.784987
2025-12-12 00:35:12,785 - prawcore - DEBUG - Fetching: GET https://oauth.reddit.com/r/BitcoinBrasil/about/ at 1765510512.785957
2025-12-12 00:35:12,786 - prawcore - DEBUG - Data: None
2025-12-12 00:35:12,786 - prawcore - DEBUG - Params: {'raw_json': 1}
2025-12-12 00:35:12,986 - urllib3.connectionpool - DEBUG - https://oauth.reddit.com:443 "GET /r/BitcoinBrasil/about/?raw_json=1 HTTP/1.1" 200 1643
2025-12-12 00:35:12,988 - prawcore - DEBUG - Response: 200 (1643 bytes) (rst-287:rem-749.0:used-251 ratelimit) at 1765510512.9888651
2025-12-12 00:35:12,989 - prawcore - DEBUG - Fetching: GET https://oauth.reddit.com/user/alex_bit_/about/ at 1765510512.9898381
2025-12-12 00:35:12,989 - prawcore - DEBUG - Data: None
2025-12-12 00:35:12,990 - prawcore - DEBUG - Params: {'raw_json': 1}
2025-12-12 00:35:13,191 - urllib3.connectionpool - DEBUG - https://oauth.reddit.com:443 "GET /user/alex_bit_/about/?raw_json=1 HTTP/1.1" 200 730
2025-12-12 00:35:13,194 - prawcore - DEBUG - Response: 200 (730 bytes) (rst-286:rem-748.0:used-252 ratelimit) at 1765510513.194209
2025-12-12 00:35:13,199 - prawcore - DEBUG - Fetching: GET https://oauth.reddit.com/comments/1ge3pqo/ at 1765510513.199168
2025-12-12 00:35:13,199 - prawcore - DEBUG - Data: None
2025-12-12 00:35:13,199 - prawcore - DEBUG - Params: {'limit': 2048, 'raw_json': 1, 'sort': 'confidence'}
2025-12-12 00:35:13,450 - urllib3.connectionpool - DEBUG - https://oauth.reddit.com:443 "GET /comments/1ge3pqo/?limit=2048&sort=confidence&raw_json=1 HTTP/1.1" 200 1820
2025-12-12 00:35:13,452 - prawcore - DEBUG - Response: 200 (1820 bytes) (rst-286:rem-747.0:used-253 ratelimit) at 1765510513.452785
2025-12-12 00:35:13,454 - prawcore - DEBUG - Fetching: GET https://oauth.reddit.com/r/CryptoCurrencyClassic/about/ at 1765510513.454457
2025-12-12 00:35:13,454 - prawcore - DEBUG - Data: None
2025-12-12 00:35:13,455 - prawcore - DEBUG - Params: {'raw_json': 1}
2025-12-12 00:35:13,644 - urllib3.connectionpool - DEBUG - https://oauth.reddit.com:443 "GET /r/CryptoCurrencyClassic/about/?raw_json=1 HTTP/1.1" 200 1821
2025-12-12 00:35:13,645 - prawcore - DEBUG - Response: 200 (1821 bytes) (rst-286:rem-746.0:used-254 ratelimit) at 1765510513.645631
2025-12-12 00:35:13,646 - prawcore - DEBUG - Fetching: GET https://oauth.reddit.com/user/ASICmachine/about/ at 1765510513.646133
2025-12-12 00:35:13,646 - prawcore - DEBUG - Data: None
2025-12-12 00:35:13,646 - prawcore - DEBUG - Params: {'raw_json': 1}
2025-12-12 00:35:13,843 - urllib3.connectionpool - DEBUG - https://oauth.reddit.com:443 "GET /user/ASICmachine/about/?raw_json=1 HTTP/1.1" 200 694
2025-12-12 00:35:13,843 - prawcore - DEBUG - Response: 200 (694 bytes) (rst-286:rem-745.0:used-255 ratelimit) at 1765510513.843982
2025-12-12 00:35:13,846 - prawcore - DEBUG - Fetching: GET https://oauth.reddit.com/r/comics/about/ at 1765510513.846315
2025-12-12 00:35:13,846 - prawcore - DEBUG - Data: None
2025-12-12 00:35:13,846 - prawcore - DEBUG - Params: {'raw_json': 1}
2025-12-12 00:35:14,059 - urllib3.connectionpool - DEBUG - https://oauth.reddit.com:443 "GET /r/comics/about/?raw_json=1 HTTP/1.1" 200 4808
2025-12-12 00:35:14,070 - prawcore - DEBUG - Response: 200 (4808 bytes) (rst-286:rem-744.0:used-256 ratelimit) at 1765510514.070176
2025-12-12 00:35:14,073 - prawcore - DEBUG - Fetching: GET https://oauth.reddit.com/user/Achilles_TroySlayer/about/ at 1765510514.0732741
2025-12-12 00:35:14,073 - prawcore - DEBUG - Data: None
2025-12-12 00:35:14,073 - prawcore - DEBUG - Params: {'raw_json': 1}
2025-12-12 00:35:14,369 - urllib3.connectionpool - DEBUG - https://oauth.reddit.com:443 "GET /user/Achilles_TroySlayer/about/?raw_json=1 HTTP/1.1" 200 839
2025-12-12 00:35:14,373 - prawcore - DEBUG - Response: 200 (839 bytes) (rst-285:rem-743.0:used-257 ratelimit) at 1765510514.3730078
2025-12-12 00:35:14,391 - prawcore - DEBUG - Fetching: GET https://oauth.reddit.com/comments/1jf9cy0/ at 1765510514.39134
2025-12-12 00:35:14,391 - prawcore - DEBUG - Data: None
2025-12-12 00:35:14,391 - prawcore - DEBUG - Params: {'limit': 2048, 'raw_json': 1, 'sort': 'confidence'}
2025-12-12 00:35:15,116 - urllib3.connectionpool - DEBUG - https://oauth.reddit.com:443 "GET /comments/1jf9cy0/?limit=2048&sort=confidence&raw_json=1 HTTP/1.1" 200 31163
2025-12-12 00:35:15,119 - prawcore - DEBUG - Response: 200 (31163 bytes) (rst-285:rem-742.0:used-258 ratelimit) at 1765510515.119509
2025-12-12 00:35:15,135 - UNI_v5 - INFO - Reddit: Coletados 100 resultados com sucesso
2025-12-12 00:35:15,142 - UNI_v5 - INFO - Reddit: 100/100 itens válidos após validação
2025-12-12 00:35:15,142 - UNI_v5 - INFO - Reddit: 100 resultados coletados com sucesso
2025-12-12 00:35:18,543 - UNI_v5 - INFO - Iniciando coleta de Google News para termo 'bipa' (limite: 100)
2025-12-12 00:35:18,544 - UNI_v5 - INFO - Google News: Iniciando coleta para 'bipa' (limite: 100)
2025-12-12 00:35:18,571 - urllib3.connectionpool - DEBUG - Starting new HTTPS connection (1): gnews.io:443
2025-12-12 00:35:19,128 - urllib3.connectionpool - DEBUG - https://gnews.io:443 "GET /api/v4/search?q=bipa&lang=pt&country=br&max=100&apikey=91a7bc222ecfdac6c60019c4fb1ec87c HTTP/1.1" 200 None
2025-12-12 00:35:19,128 - UNI_v5 - INFO - Google News: Coletados 0 resultados com sucesso
2025-12-12 00:35:19,128 - UNI_v5 - WARNING - Google News: Tentativa 1 não retornou resultados, tentando novamente...
2025-12-12 00:35:21,133 - UNI_v5 - INFO - Google News: Iniciando coleta para 'bipa' (limite: 100)
2025-12-12 00:35:21,301 - urllib3.connectionpool - DEBUG - https://gnews.io:443 "GET /api/v4/search?q=bipa&lang=pt&country=br&max=100&apikey=91a7bc222ecfdac6c60019c4fb1ec87c HTTP/1.1" 200 None
2025-12-12 00:35:21,302 - UNI_v5 - INFO - Google News: Coletados 0 resultados com sucesso
2025-12-12 00:35:21,302 - UNI_v5 - WARNING - Google News: Tentativa 2 não retornou resultados, tentando novamente...
2025-12-12 00:35:23,303 - UNI_v5 - INFO - Google News: Iniciando coleta para 'bipa' (limite: 100)
2025-12-12 00:35:23,477 - urllib3.connectionpool - DEBUG - https://gnews.io:443 "GET /api/v4/search?q=bipa&lang=pt&country=br&max=100&apikey=91a7bc222ecfdac6c60019c4fb1ec87c HTTP/1.1" 200 None
2025-12-12 00:35:23,479 - UNI_v5 - INFO - Google News: Coletados 0 resultados com sucesso
2025-12-12 00:35:23,479 - UNI_v5 - WARNING - Google News: Nenhum resultado válido encontrado após todas as tentativas
2025-12-12 00:35:23,480 - UNI_v5 - INFO - Iniciando coleta de Hacker News para termo 'bipa' (limite: 100)
2025-12-12 00:35:23,480 - UNI_v5 - INFO - Hacker News: Iniciando coleta para 'bipa' (limite: 100)
2025-12-12 00:35:23,670 - urllib3.connectionpool - DEBUG - Starting new HTTPS connection (1): hn.algolia.com:443
2025-12-12 00:35:24,109 - urllib3.connectionpool - DEBUG - https://hn.algolia.com:443 "GET /api/v1/search?query=bipa&tags=story&hitsPerPage=100&numericFilters= HTTP/1.1" 200 91506
2025-12-12 00:35:24,338 - UNI_v5 - INFO - Hacker News: Coletados 100 resultados com sucesso
2025-12-12 00:35:24,339 - UNI_v5 - INFO - Hacker News: 100/100 itens válidos após validação
2025-12-12 00:35:24,339 - UNI_v5 - INFO - Hacker News: 100 resultados coletados com sucesso
2025-12-12 00:35:27,792 - UNI_v5 - INFO - Iniciando coleta de GitHub para termo 'bipa' (limite: 100)
2025-12-12 00:35:27,803 - urllib3.connectionpool - DEBUG - Starting new HTTPS connection (1): api.github.com:443
2025-12-12 00:35:30,302 - urllib3.connectionpool - DEBUG - https://api.github.com:443 "GET /search/repositories?q=bipa&sort=stars&order=desc&per_page=100 HTTP/1.1" 200 None
2025-12-12 00:35:30,350 - UNI_v5 - INFO - GitHub: Coletados 100 resultados com sucesso
2025-12-12 00:35:30,355 - UNI_v5 - INFO - GitHub: 100/100 itens válidos após validação
2025-12-12 00:35:30,358 - UNI_v5 - INFO - GitHub: 100 resultados coletados com sucesso
2025-12-12 00:35:33,788 - UNI_v5 - INFO - Iniciando coleta de arXiv para termo 'bipa' (limite: 100)
2025-12-12 00:35:33,788 - UNI_v5 - INFO - arXiv: Iniciando coleta para 'bipa' (limite: 100)
2025-12-12 00:35:33,864 - urllib3.connectionpool - DEBUG - Starting new HTTP connection (1): export.arxiv.org:80
2025-12-12 00:35:33,879 - urllib3.connectionpool - DEBUG - http://export.arxiv.org:80 "GET /api/query?search_query=all:bipa&start=0&max_results=100&sortBy=relevance HTTP/1.1" 301 0
2025-12-12 00:35:33,882 - urllib3.connectionpool - DEBUG - Starting new HTTPS connection (1): export.arxiv.org:443
2025-12-12 00:35:33,917 - urllib3.connectionpool - DEBUG - https://export.arxiv.org:443 "GET /api/query?search_query=all:bipa&start=0&max_results=100&sortBy=relevance HTTP/1.1" 200 5614
2025-12-12 00:35:33,926 - UNI_v5 - INFO - arXiv: Coletados 2 resultados com sucesso
2025-12-12 00:35:33,927 - UNI_v5 - INFO - arXiv: 2/2 itens válidos após validação
2025-12-12 00:35:33,927 - UNI_v5 - INFO - arXiv: 2 resultados coletados com sucesso
2025-12-12 00:35:33,992 - UNI_v5 - INFO - Iniciando coleta de Wikipedia para termo 'bipa' (limite: 50)
2025-12-12 00:35:33,992 - UNI_v5 - INFO - Wikipedia: Iniciando coleta para 'bipa' (limite: 50, lang: pt)
2025-12-12 00:35:34,003 - urllib3.connectionpool - DEBUG - Starting new HTTPS connection (1): pt.wikipedia.org:443
2025-12-12 00:35:34,310 - urllib3.connectionpool - DEBUG - https://pt.wikipedia.org:443 "GET /w/api.php?action=query&format=json&list=search&srsearch=bipa&srlimit=50&srnamespace=0 HTTP/1.1" 200 None
2025-12-12 00:35:34,317 - urllib3.connectionpool - DEBUG - Starting new HTTPS connection (1): pt.wikipedia.org:443
2025-12-12 00:35:34,560 - urllib3.connectionpool - DEBUG - https://pt.wikipedia.org:443 "GET /api/rest_v1/page/summary/Lip_Service_(grupo) HTTP/1.1" 200 574
2025-12-12 00:35:34,567 - urllib3.connectionpool - DEBUG - Starting new HTTPS connection (1): pt.wikipedia.org:443
2025-12-12 00:35:34,818 - urllib3.connectionpool - DEBUG - https://pt.wikipedia.org:443 "GET /api/rest_v1/page/summary/Socata_TB_30_Epsilon HTTP/1.1" 200 550
2025-12-12 00:35:34,828 - urllib3.connectionpool - DEBUG - Starting new HTTPS connection (1): pt.wikipedia.org:443
2025-12-12 00:35:34,935 - urllib3.connectionpool - DEBUG - https://pt.wikipedia.org:443 "GET /api/rest_v1/page/summary/Yakovlev_Yak-52 HTTP/1.1" 200 702
2025-12-12 00:35:34,940 - urllib3.connectionpool - DEBUG - Starting new HTTPS connection (1): pt.wikipedia.org:443
2025-12-12 00:35:35,190 - urllib3.connectionpool - DEBUG - https://pt.wikipedia.org:443 "GET /api/rest_v1/page/summary/Schienenzeppelin HTTP/1.1" 200 943
2025-12-12 00:35:35,199 - urllib3.connectionpool - DEBUG - Starting new HTTPS connection (1): pt.wikipedia.org:443
2025-12-12 00:35:35,310 - urllib3.connectionpool - DEBUG - https://pt.wikipedia.org:443 "GET /api/rest_v1/page/summary/Neopaganismo_eslavo HTTP/1.1" 200 804
2025-12-12 00:35:35,319 - urllib3.connectionpool - DEBUG - Starting new HTTPS connection (1): pt.wikipedia.org:443
2025-12-12 00:35:35,566 - urllib3.connectionpool - DEBUG - https://pt.wikipedia.org:443 "GET /api/rest_v1/page/summary/WALL-E HTTP/1.1" 200 768
2025-12-12 00:35:35,571 - urllib3.connectionpool - DEBUG - Starting new HTTPS connection (1): pt.wikipedia.org:443
2025-12-12 00:35:35,819 - urllib3.connectionpool - DEBUG - https://pt.wikipedia.org:443 "GET /api/rest_v1/page/summary/Pilatus_P-3 HTTP/1.1" 200 614
2025-12-12 00:35:35,831 - urllib3.connectionpool - DEBUG - Starting new HTTPS connection (1): pt.wikipedia.org:443
2025-12-12 00:35:35,937 - urllib3.connectionpool - DEBUG - https://pt.wikipedia.org:443 "GET /api/rest_v1/page/summary/Aero_Boero_AB-115 HTTP/1.1" 200 653
2025-12-12 00:35:35,943 - urllib3.connectionpool - DEBUG - Starting new HTTPS connection (1): pt.wikipedia.org:443
2025-12-12 00:35:36,047 - urllib3.connectionpool - DEBUG - https://pt.wikipedia.org:443 "GET /api/rest_v1/page/summary/Piper_PA-24_Comanche HTTP/1.1" 200 818
2025-12-12 00:35:36,050 - urllib3.connectionpool - DEBUG - Starting new HTTPS connection (1): pt.wikipedia.org:443
2025-12-12 00:35:36,287 - urllib3.connectionpool - DEBUG - https://pt.wikipedia.org:443 "GET /api/rest_v1/page/summary/Piper_PA-44_Seminole HTTP/1.1" 200 710
2025-12-12 00:35:36,290 - urllib3.connectionpool - DEBUG - Starting new HTTPS connection (1): pt.wikipedia.org:443
2025-12-12 00:35:36,533 - urllib3.connectionpool - DEBUG - https://pt.wikipedia.org:443 "GET /api/rest_v1/page/summary/Piper_J-5 HTTP/1.1" 200 737
2025-12-12 00:35:36,536 - urllib3.connectionpool - DEBUG - Starting new HTTPS connection (1): pt.wikipedia.org:443
2025-12-12 00:35:36,637 - urllib3.connectionpool - DEBUG - https://pt.wikipedia.org:443 "GET /api/rest_v1/page/summary/Piper_PA-14_Family_Cruiser HTTP/1.1" 200 706
2025-12-12 00:35:36,640 - urllib3.connectionpool - DEBUG - Starting new HTTPS connection (1): pt.wikipedia.org:443
2025-12-12 00:35:36,749 - urllib3.connectionpool - DEBUG - https://pt.wikipedia.org:443 "GET /api/rest_v1/page/summary/Hist%C3%B3ria_do_estado_de_S%C3%A3o_Paulo HTTP/1.1" 200 1772
2025-12-12 00:35:36,752 - urllib3.connectionpool - DEBUG - Starting new HTTPS connection (1): pt.wikipedia.org:443
2025-12-12 00:35:36,992 - urllib3.connectionpool - DEBUG - https://pt.wikipedia.org:443 "GET /api/rest_v1/page/summary/ANBO_I HTTP/1.1" 200 730
2025-12-12 00:35:36,996 - urllib3.connectionpool - DEBUG - Starting new HTTPS connection (1): pt.wikipedia.org:443
2025-12-12 00:35:37,096 - urllib3.connectionpool - DEBUG - https://pt.wikipedia.org:443 "GET /api/rest_v1/page/summary/Dororo_(filme) HTTP/1.1" 200 740
2025-12-12 00:35:37,101 - urllib3.connectionpool - DEBUG - Starting new HTTPS connection (1): pt.wikipedia.org:443
2025-12-12 00:35:37,343 - urllib3.connectionpool - DEBUG - https://pt.wikipedia.org:443 "GET /api/rest_v1/page/summary/Piper_PA-12_Super_Cruiser HTTP/1.1" 200 689
2025-12-12 00:35:37,354 - urllib3.connectionpool - DEBUG - Starting new HTTPS connection (1): pt.wikipedia.org:443
2025-12-12 00:35:37,604 - urllib3.connectionpool - DEBUG - https://pt.wikipedia.org:443 "GET /api/rest_v1/page/summary/Piper_PT-1 HTTP/1.1" 200 700
2025-12-12 00:35:37,613 - urllib3.connectionpool - DEBUG - Starting new HTTPS connection (1): pt.wikipedia.org:443
2025-12-12 00:35:37,721 - urllib3.connectionpool - DEBUG - https://pt.wikipedia.org:443 "GET /api/rest_v1/page/summary/Socata_ST_10 HTTP/1.1" 200 837
2025-12-12 00:35:37,730 - urllib3.connectionpool - DEBUG - Starting new HTTPS connection (1): pt.wikipedia.org:443
2025-12-12 00:35:37,840 - urllib3.connectionpool - DEBUG - https://pt.wikipedia.org:443 "GET /api/rest_v1/page/summary/Pilatus_P-2 HTTP/1.1" 200 641
2025-12-12 00:35:37,849 - urllib3.connectionpool - DEBUG - Starting new HTTPS connection (1): pt.wikipedia.org:443
2025-12-12 00:35:37,957 - urllib3.connectionpool - DEBUG - https://pt.wikipedia.org:443 "GET /api/rest_v1/page/summary/Piper_PA-6 HTTP/1.1" 200 508
2025-12-12 00:35:37,968 - urllib3.connectionpool - DEBUG - Starting new HTTPS connection (1): pt.wikipedia.org:443
2025-12-12 00:35:38,219 - urllib3.connectionpool - DEBUG - https://pt.wikipedia.org:443 "GET /api/rest_v1/page/summary/Clearview_AI HTTP/1.1" 200 839
2025-12-12 00:35:38,229 - urllib3.connectionpool - DEBUG - Starting new HTTPS connection (1): pt.wikipedia.org:443
2025-12-12 00:35:38,486 - urllib3.connectionpool - DEBUG - https://pt.wikipedia.org:443 "GET /api/rest_v1/page/summary/Curtiss_NC-4 HTTP/1.1" 200 780
2025-12-12 00:35:38,495 - urllib3.connectionpool - DEBUG - Starting new HTTPS connection (1): pt.wikipedia.org:443
2025-12-12 00:35:38,754 - urllib3.connectionpool - DEBUG - https://pt.wikipedia.org:443 "GET /api/rest_v1/page/summary/Aero_Boero_AB-95 HTTP/1.1" 200 679
2025-12-12 00:35:38,765 - urllib3.connectionpool - DEBUG - Starting new HTTPS connection (1): pt.wikipedia.org:443
2025-12-12 00:35:39,148 - urllib3.connectionpool - DEBUG - https://pt.wikipedia.org:443 "GET /api/rest_v1/page/summary/L%C3%ADnguas_jurunas HTTP/1.1" 200 482
2025-12-12 00:35:39,159 - urllib3.connectionpool - DEBUG - Starting new HTTPS connection (1): pt.wikipedia.org:443
2025-12-12 00:35:39,408 - urllib3.connectionpool - DEBUG - https://pt.wikipedia.org:443 "GET /api/rest_v1/page/summary/Letov_%C5%A0-50 HTTP/1.1" 200 789
2025-12-12 00:35:39,412 - UNI_v5 - INFO - Wikipedia: Coletados 25 resultados com sucesso
2025-12-12 00:35:39,413 - UNI_v5 - INFO - Wikipedia: 25/25 itens válidos após validação
2025-12-12 00:35:39,413 - UNI_v5 - INFO - Wikipedia: 25 resultados coletados com sucesso
2025-12-12 00:35:40,275 - UNI_v5 - INFO - Iniciando coleta de Google Scholar para termo 'bipa' (limite: 100)
2025-12-12 00:35:40,276 - UNI_v5 - INFO - Google Scholar: Iniciando coleta para 'bipa' (limite: 100, tentativa 1/3)
2025-12-12 00:35:40,299 - urllib3.connectionpool - DEBUG - Starting new HTTPS connection (1): api.semanticscholar.org:443
2025-12-12 00:35:40,894 - urllib3.connectionpool - DEBUG - https://api.semanticscholar.org:443 "GET /graph/v1/paper/search?query=bipa&limit=100&fields=title%2Cauthors%2Cyear%2Curl%2Cabstract%2CcitationCount%2CreferenceCount%2Cvenue%2CfieldsOfStudy%2CpublicationTypes%2CpublicationDate%2Cjournal%2CexternalIds%2CisOpenAccess%2CopenAccessPdf HTTP/1.1" 429 144
2025-12-12 00:35:40,894 - urllib3.util.retry - DEBUG - Incremented Retry for (url='/graph/v1/paper/search?query=bipa&limit=100&fields=title%2Cauthors%2Cyear%2Curl%2Cabstract%2CcitationCount%2CreferenceCount%2Cvenue%2CfieldsOfStudy%2CpublicationTypes%2CpublicationDate%2Cjournal%2CexternalIds%2CisOpenAccess%2CopenAccessPdf'): Retry(total=4, connect=None, read=None, redirect=None, status=None)
2025-12-12 00:35:40,895 - urllib3.connectionpool - DEBUG - Retry: /graph/v1/paper/search?query=bipa&limit=100&fields=title%2Cauthors%2Cyear%2Curl%2Cabstract%2CcitationCount%2CreferenceCount%2Cvenue%2CfieldsOfStudy%2CpublicationTypes%2CpublicationDate%2Cjournal%2CexternalIds%2CisOpenAccess%2CopenAccessPdf
2025-12-12 00:35:41,459 - urllib3.connectionpool - DEBUG - https://api.semanticscholar.org:443 "GET /graph/v1/paper/search?query=bipa&limit=100&fields=title%2Cauthors%2Cyear%2Curl%2Cabstract%2CcitationCount%2CreferenceCount%2Cvenue%2CfieldsOfStudy%2CpublicationTypes%2CpublicationDate%2Cjournal%2CexternalIds%2CisOpenAccess%2CopenAccessPdf HTTP/1.1" 429 144
2025-12-12 00:35:41,459 - urllib3.util.retry - DEBUG - Incremented Retry for (url='/graph/v1/paper/search?query=bipa&limit=100&fields=title%2Cauthors%2Cyear%2Curl%2Cabstract%2CcitationCount%2CreferenceCount%2Cvenue%2CfieldsOfStudy%2CpublicationTypes%2CpublicationDate%2Cjournal%2CexternalIds%2CisOpenAccess%2CopenAccessPdf'): Retry(total=3, connect=None, read=None, redirect=None, status=None)
2025-12-12 00:35:42,465 - urllib3.connectionpool - DEBUG - Retry: /graph/v1/paper/search?query=bipa&limit=100&fields=title%2Cauthors%2Cyear%2Curl%2Cabstract%2CcitationCount%2CreferenceCount%2Cvenue%2CfieldsOfStudy%2CpublicationTypes%2CpublicationDate%2Cjournal%2CexternalIds%2CisOpenAccess%2CopenAccessPdf
2025-12-12 00:35:43,127 - urllib3.connectionpool - DEBUG - https://api.semanticscholar.org:443 "GET /graph/v1/paper/search?query=bipa&limit=100&fields=title%2Cauthors%2Cyear%2Curl%2Cabstract%2CcitationCount%2CreferenceCount%2Cvenue%2CfieldsOfStudy%2CpublicationTypes%2CpublicationDate%2Cjournal%2CexternalIds%2CisOpenAccess%2CopenAccessPdf HTTP/1.1" 429 144
2025-12-12 00:35:43,128 - urllib3.util.retry - DEBUG - Incremented Retry for (url='/graph/v1/paper/search?query=bipa&limit=100&fields=title%2Cauthors%2Cyear%2Curl%2Cabstract%2CcitationCount%2CreferenceCount%2Cvenue%2CfieldsOfStudy%2CpublicationTypes%2CpublicationDate%2Cjournal%2CexternalIds%2CisOpenAccess%2CopenAccessPdf'): Retry(total=2, connect=None, read=None, redirect=None, status=None)
2025-12-12 00:35:45,133 - urllib3.connectionpool - DEBUG - Retry: /graph/v1/paper/search?query=bipa&limit=100&fields=title%2Cauthors%2Cyear%2Curl%2Cabstract%2CcitationCount%2CreferenceCount%2Cvenue%2CfieldsOfStudy%2CpublicationTypes%2CpublicationDate%2Cjournal%2CexternalIds%2CisOpenAccess%2CopenAccessPdf
2025-12-12 00:35:45,698 - urllib3.connectionpool - DEBUG - https://api.semanticscholar.org:443 "GET /graph/v1/paper/search?query=bipa&limit=100&fields=title%2Cauthors%2Cyear%2Curl%2Cabstract%2CcitationCount%2CreferenceCount%2Cvenue%2CfieldsOfStudy%2CpublicationTypes%2CpublicationDate%2Cjournal%2CexternalIds%2CisOpenAccess%2CopenAccessPdf HTTP/1.1" 429 144
2025-12-12 00:35:45,699 - urllib3.util.retry - DEBUG - Incremented Retry for (url='/graph/v1/paper/search?query=bipa&limit=100&fields=title%2Cauthors%2Cyear%2Curl%2Cabstract%2CcitationCount%2CreferenceCount%2Cvenue%2CfieldsOfStudy%2CpublicationTypes%2CpublicationDate%2Cjournal%2CexternalIds%2CisOpenAccess%2CopenAccessPdf'): Retry(total=1, connect=None, read=None, redirect=None, status=None)
2025-12-12 00:35:49,704 - urllib3.connectionpool - DEBUG - Retry: /graph/v1/paper/search?query=bipa&limit=100&fields=title%2Cauthors%2Cyear%2Curl%2Cabstract%2CcitationCount%2CreferenceCount%2Cvenue%2CfieldsOfStudy%2CpublicationTypes%2CpublicationDate%2Cjournal%2CexternalIds%2CisOpenAccess%2CopenAccessPdf
2025-12-12 00:35:50,267 - urllib3.connectionpool - DEBUG - https://api.semanticscholar.org:443 "GET /graph/v1/paper/search?query=bipa&limit=100&fields=title%2Cauthors%2Cyear%2Curl%2Cabstract%2CcitationCount%2CreferenceCount%2Cvenue%2CfieldsOfStudy%2CpublicationTypes%2CpublicationDate%2Cjournal%2CexternalIds%2CisOpenAccess%2CopenAccessPdf HTTP/1.1" 429 144
2025-12-12 00:35:50,268 - urllib3.util.retry - DEBUG - Incremented Retry for (url='/graph/v1/paper/search?query=bipa&limit=100&fields=title%2Cauthors%2Cyear%2Curl%2Cabstract%2CcitationCount%2CreferenceCount%2Cvenue%2CfieldsOfStudy%2CpublicationTypes%2CpublicationDate%2Cjournal%2CexternalIds%2CisOpenAccess%2CopenAccessPdf'): Retry(total=0, connect=None, read=None, redirect=None, status=None)
2025-12-12 00:35:58,270 - urllib3.connectionpool - DEBUG - Retry: /graph/v1/paper/search?query=bipa&limit=100&fields=title%2Cauthors%2Cyear%2Curl%2Cabstract%2CcitationCount%2CreferenceCount%2Cvenue%2CfieldsOfStudy%2CpublicationTypes%2CpublicationDate%2Cjournal%2CexternalIds%2CisOpenAccess%2CopenAccessPdf
2025-12-12 00:35:58,899 - urllib3.connectionpool - DEBUG - https://api.semanticscholar.org:443 "GET /graph/v1/paper/search?query=bipa&limit=100&fields=title%2Cauthors%2Cyear%2Curl%2Cabstract%2CcitationCount%2CreferenceCount%2Cvenue%2CfieldsOfStudy%2CpublicationTypes%2CpublicationDate%2Cjournal%2CexternalIds%2CisOpenAccess%2CopenAccessPdf HTTP/1.1" 429 144
2025-12-12 00:35:58,899 - UNI_v5 - WARNING - Google Scholar: Tentativa 1 falhou: HTTPSConnectionPool(host='api.semanticscholar.org', port=443): Max retries exceeded with url: /graph/v1/paper/search?query=bipa&limit=100&fields=title%2Cauthors%2Cyear%2Curl%2Cabstract%2CcitationCount%2CreferenceCount%2Cvenue%2CfieldsOfStudy%2CpublicationTypes%2CpublicationDate%2Cjournal%2CexternalIds%2CisOpenAccess%2CopenAccessPdf (Caused by ResponseError('too many 429 error responses'))
2025-12-12 00:36:00,905 - UNI_v5 - INFO - Google Scholar: Iniciando coleta para 'bipa' (limite: 100, tentativa 2/3)
2025-12-12 00:36:02,160 - urllib3.connectionpool - DEBUG - https://api.semanticscholar.org:443 "GET /graph/v1/paper/search?query=bipa&limit=100&fields=title%2Cauthors%2Cyear%2Curl%2Cabstract%2CcitationCount%2CreferenceCount%2Cvenue%2CfieldsOfStudy%2CpublicationTypes%2CpublicationDate%2Cjournal%2CexternalIds%2CisOpenAccess%2CopenAccessPdf HTTP/1.1" 200 280196
2025-12-12 00:36:02,698 - UNI_v5 - ERROR - Google Scholar: Erro inesperado: can only join an iterable
2025-12-12 00:36:02,698 - UNI_v5 - DEBUG - Traceback (most recent call last):
  File "/Users/eas/Desktop/github/emersonalmeida/emersonalmeida.github.io/project/uni/uni_v5.py", line 1384, in coletar_scholar
    "fields_of_study": ", ".join(paper.get("fieldsOfStudy", [])),
TypeError: can only join an iterable

2025-12-12 00:36:04,703 - UNI_v5 - INFO - Google Scholar: Iniciando coleta para 'bipa' (limite: 100, tentativa 3/3)
2025-12-12 00:36:05,351 - urllib3.connectionpool - DEBUG - https://api.semanticscholar.org:443 "GET /graph/v1/paper/search?query=bipa&limit=100&fields=title%2Cauthors%2Cyear%2Curl%2Cabstract%2CcitationCount%2CreferenceCount%2Cvenue%2CfieldsOfStudy%2CpublicationTypes%2CpublicationDate%2Cjournal%2CexternalIds%2CisOpenAccess%2CopenAccessPdf HTTP/1.1" 429 144
2025-12-12 00:36:05,352 - urllib3.util.retry - DEBUG - Incremented Retry for (url='/graph/v1/paper/search?query=bipa&limit=100&fields=title%2Cauthors%2Cyear%2Curl%2Cabstract%2CcitationCount%2CreferenceCount%2Cvenue%2CfieldsOfStudy%2CpublicationTypes%2CpublicationDate%2Cjournal%2CexternalIds%2CisOpenAccess%2CopenAccessPdf'): Retry(total=4, connect=None, read=None, redirect=None, status=None)
2025-12-12 00:36:05,352 - urllib3.connectionpool - DEBUG - Retry: /graph/v1/paper/search?query=bipa&limit=100&fields=title%2Cauthors%2Cyear%2Curl%2Cabstract%2CcitationCount%2CreferenceCount%2Cvenue%2CfieldsOfStudy%2CpublicationTypes%2CpublicationDate%2Cjournal%2CexternalIds%2CisOpenAccess%2CopenAccessPdf
2025-12-12 00:36:06,691 - urllib3.connectionpool - DEBUG - https://api.semanticscholar.org:443 "GET /graph/v1/paper/search?query=bipa&limit=100&fields=title%2Cauthors%2Cyear%2Curl%2Cabstract%2CcitationCount%2CreferenceCount%2Cvenue%2CfieldsOfStudy%2CpublicationTypes%2CpublicationDate%2Cjournal%2CexternalIds%2CisOpenAccess%2CopenAccessPdf HTTP/1.1" 200 280196
2025-12-12 00:36:07,232 - UNI_v5 - ERROR - Google Scholar: Erro inesperado: can only join an iterable
2025-12-12 00:36:07,233 - UNI_v5 - DEBUG - Traceback (most recent call last):
  File "/Users/eas/Desktop/github/emersonalmeida/emersonalmeida.github.io/project/uni/uni_v5.py", line 1384, in coletar_scholar
    "fields_of_study": ", ".join(paper.get("fieldsOfStudy", [])),
TypeError: can only join an iterable

2025-12-12 00:36:07,233 - UNI_v5 - WARNING - Google Scholar: Tentativa 1 não retornou resultados, tentando novamente...
2025-12-12 00:36:09,238 - UNI_v5 - INFO - Google Scholar: Iniciando coleta para 'bipa' (limite: 100, tentativa 1/3)
2025-12-12 00:36:10,518 - urllib3.connectionpool - DEBUG - https://api.semanticscholar.org:443 "GET /graph/v1/paper/search?query=bipa&limit=100&fields=title%2Cauthors%2Cyear%2Curl%2Cabstract%2CcitationCount%2CreferenceCount%2Cvenue%2CfieldsOfStudy%2CpublicationTypes%2CpublicationDate%2Cjournal%2CexternalIds%2CisOpenAccess%2CopenAccessPdf HTTP/1.1" 200 280196
2025-12-12 00:36:11,043 - UNI_v5 - ERROR - Google Scholar: Erro inesperado: can only join an iterable
2025-12-12 00:36:11,044 - UNI_v5 - DEBUG - Traceback (most recent call last):
  File "/Users/eas/Desktop/github/emersonalmeida/emersonalmeida.github.io/project/uni/uni_v5.py", line 1384, in coletar_scholar
    "fields_of_study": ", ".join(paper.get("fieldsOfStudy", [])),
TypeError: can only join an iterable

2025-12-12 00:36:13,045 - UNI_v5 - INFO - Google Scholar: Iniciando coleta para 'bipa' (limite: 100, tentativa 2/3)
2025-12-12 00:36:13,624 - urllib3.connectionpool - DEBUG - https://api.semanticscholar.org:443 "GET /graph/v1/paper/search?query=bipa&limit=100&fields=title%2Cauthors%2Cyear%2Curl%2Cabstract%2CcitationCount%2CreferenceCount%2Cvenue%2CfieldsOfStudy%2CpublicationTypes%2CpublicationDate%2Cjournal%2CexternalIds%2CisOpenAccess%2CopenAccessPdf HTTP/1.1" 429 144
2025-12-12 00:36:13,625 - urllib3.util.retry - DEBUG - Incremented Retry for (url='/graph/v1/paper/search?query=bipa&limit=100&fields=title%2Cauthors%2Cyear%2Curl%2Cabstract%2CcitationCount%2CreferenceCount%2Cvenue%2CfieldsOfStudy%2CpublicationTypes%2CpublicationDate%2Cjournal%2CexternalIds%2CisOpenAccess%2CopenAccessPdf'): Retry(total=4, connect=None, read=None, redirect=None, status=None)
2025-12-12 00:36:13,625 - urllib3.connectionpool - DEBUG - Retry: /graph/v1/paper/search?query=bipa&limit=100&fields=title%2Cauthors%2Cyear%2Curl%2Cabstract%2CcitationCount%2CreferenceCount%2Cvenue%2CfieldsOfStudy%2CpublicationTypes%2CpublicationDate%2Cjournal%2CexternalIds%2CisOpenAccess%2CopenAccessPdf
2025-12-12 00:36:14,197 - urllib3.connectionpool - DEBUG - https://api.semanticscholar.org:443 "GET /graph/v1/paper/search?query=bipa&limit=100&fields=title%2Cauthors%2Cyear%2Curl%2Cabstract%2CcitationCount%2CreferenceCount%2Cvenue%2CfieldsOfStudy%2CpublicationTypes%2CpublicationDate%2Cjournal%2CexternalIds%2CisOpenAccess%2CopenAccessPdf HTTP/1.1" 429 144
2025-12-12 00:36:14,198 - urllib3.util.retry - DEBUG - Incremented Retry for (url='/graph/v1/paper/search?query=bipa&limit=100&fields=title%2Cauthors%2Cyear%2Curl%2Cabstract%2CcitationCount%2CreferenceCount%2Cvenue%2CfieldsOfStudy%2CpublicationTypes%2CpublicationDate%2Cjournal%2CexternalIds%2CisOpenAccess%2CopenAccessPdf'): Retry(total=3, connect=None, read=None, redirect=None, status=None)
2025-12-12 00:36:15,203 - urllib3.connectionpool - DEBUG - Retry: /graph/v1/paper/search?query=bipa&limit=100&fields=title%2Cauthors%2Cyear%2Curl%2Cabstract%2CcitationCount%2CreferenceCount%2Cvenue%2CfieldsOfStudy%2CpublicationTypes%2CpublicationDate%2Cjournal%2CexternalIds%2CisOpenAccess%2CopenAccessPdf
2025-12-12 00:36:15,865 - urllib3.connectionpool - DEBUG - https://api.semanticscholar.org:443 "GET /graph/v1/paper/search?query=bipa&limit=100&fields=title%2Cauthors%2Cyear%2Curl%2Cabstract%2CcitationCount%2CreferenceCount%2Cvenue%2CfieldsOfStudy%2CpublicationTypes%2CpublicationDate%2Cjournal%2CexternalIds%2CisOpenAccess%2CopenAccessPdf HTTP/1.1" 429 144
2025-12-12 00:36:15,866 - urllib3.util.retry - DEBUG - Incremented Retry for (url='/graph/v1/paper/search?query=bipa&limit=100&fields=title%2Cauthors%2Cyear%2Curl%2Cabstract%2CcitationCount%2CreferenceCount%2Cvenue%2CfieldsOfStudy%2CpublicationTypes%2CpublicationDate%2Cjournal%2CexternalIds%2CisOpenAccess%2CopenAccessPdf'): Retry(total=2, connect=None, read=None, redirect=None, status=None)
2025-12-12 00:36:17,870 - urllib3.connectionpool - DEBUG - Retry: /graph/v1/paper/search?query=bipa&limit=100&fields=title%2Cauthors%2Cyear%2Curl%2Cabstract%2CcitationCount%2CreferenceCount%2Cvenue%2CfieldsOfStudy%2CpublicationTypes%2CpublicationDate%2Cjournal%2CexternalIds%2CisOpenAccess%2CopenAccessPdf
2025-12-12 00:36:18,615 - urllib3.connectionpool - DEBUG - https://api.semanticscholar.org:443 "GET /graph/v1/paper/search?query=bipa&limit=100&fields=title%2Cauthors%2Cyear%2Curl%2Cabstract%2CcitationCount%2CreferenceCount%2Cvenue%2CfieldsOfStudy%2CpublicationTypes%2CpublicationDate%2Cjournal%2CexternalIds%2CisOpenAccess%2CopenAccessPdf HTTP/1.1" 429 144
2025-12-12 00:36:18,616 - urllib3.util.retry - DEBUG - Incremented Retry for (url='/graph/v1/paper/search?query=bipa&limit=100&fields=title%2Cauthors%2Cyear%2Curl%2Cabstract%2CcitationCount%2CreferenceCount%2Cvenue%2CfieldsOfStudy%2CpublicationTypes%2CpublicationDate%2Cjournal%2CexternalIds%2CisOpenAccess%2CopenAccessPdf'): Retry(total=1, connect=None, read=None, redirect=None, status=None)
2025-12-12 00:36:22,622 - urllib3.connectionpool - DEBUG - Retry: /graph/v1/paper/search?query=bipa&limit=100&fields=title%2Cauthors%2Cyear%2Curl%2Cabstract%2CcitationCount%2CreferenceCount%2Cvenue%2CfieldsOfStudy%2CpublicationTypes%2CpublicationDate%2Cjournal%2CexternalIds%2CisOpenAccess%2CopenAccessPdf
2025-12-12 00:36:23,178 - urllib3.connectionpool - DEBUG - https://api.semanticscholar.org:443 "GET /graph/v1/paper/search?query=bipa&limit=100&fields=title%2Cauthors%2Cyear%2Curl%2Cabstract%2CcitationCount%2CreferenceCount%2Cvenue%2CfieldsOfStudy%2CpublicationTypes%2CpublicationDate%2Cjournal%2CexternalIds%2CisOpenAccess%2CopenAccessPdf HTTP/1.1" 429 144
2025-12-12 00:36:23,179 - urllib3.util.retry - DEBUG - Incremented Retry for (url='/graph/v1/paper/search?query=bipa&limit=100&fields=title%2Cauthors%2Cyear%2Curl%2Cabstract%2CcitationCount%2CreferenceCount%2Cvenue%2CfieldsOfStudy%2CpublicationTypes%2CpublicationDate%2Cjournal%2CexternalIds%2CisOpenAccess%2CopenAccessPdf'): Retry(total=0, connect=None, read=None, redirect=None, status=None)
2025-12-12 00:36:31,185 - urllib3.connectionpool - DEBUG - Retry: /graph/v1/paper/search?query=bipa&limit=100&fields=title%2Cauthors%2Cyear%2Curl%2Cabstract%2CcitationCount%2CreferenceCount%2Cvenue%2CfieldsOfStudy%2CpublicationTypes%2CpublicationDate%2Cjournal%2CexternalIds%2CisOpenAccess%2CopenAccessPdf
2025-12-12 00:36:31,761 - urllib3.connectionpool - DEBUG - https://api.semanticscholar.org:443 "GET /graph/v1/paper/search?query=bipa&limit=100&fields=title%2Cauthors%2Cyear%2Curl%2Cabstract%2CcitationCount%2CreferenceCount%2Cvenue%2CfieldsOfStudy%2CpublicationTypes%2CpublicationDate%2Cjournal%2CexternalIds%2CisOpenAccess%2CopenAccessPdf HTTP/1.1" 429 144
2025-12-12 00:36:31,763 - UNI_v5 - WARNING - Google Scholar: Tentativa 2 falhou: HTTPSConnectionPool(host='api.semanticscholar.org', port=443): Max retries exceeded with url: /graph/v1/paper/search?query=bipa&limit=100&fields=title%2Cauthors%2Cyear%2Curl%2Cabstract%2CcitationCount%2CreferenceCount%2Cvenue%2CfieldsOfStudy%2CpublicationTypes%2CpublicationDate%2Cjournal%2CexternalIds%2CisOpenAccess%2CopenAccessPdf (Caused by ResponseError('too many 429 error responses'))
2025-12-12 00:36:33,769 - UNI_v5 - INFO - Google Scholar: Iniciando coleta para 'bipa' (limite: 100, tentativa 3/3)
2025-12-12 00:36:35,101 - urllib3.connectionpool - DEBUG - https://api.semanticscholar.org:443 "GET /graph/v1/paper/search?query=bipa&limit=100&fields=title%2Cauthors%2Cyear%2Curl%2Cabstract%2CcitationCount%2CreferenceCount%2Cvenue%2CfieldsOfStudy%2CpublicationTypes%2CpublicationDate%2Cjournal%2CexternalIds%2CisOpenAccess%2CopenAccessPdf HTTP/1.1" 200 279843
2025-12-12 00:36:35,637 - UNI_v5 - ERROR - Google Scholar: Erro inesperado: can only join an iterable
2025-12-12 00:36:35,637 - UNI_v5 - DEBUG - Traceback (most recent call last):
  File "/Users/eas/Desktop/github/emersonalmeida/emersonalmeida.github.io/project/uni/uni_v5.py", line 1384, in coletar_scholar
    "fields_of_study": ", ".join(paper.get("fieldsOfStudy", [])),
TypeError: can only join an iterable

2025-12-12 00:36:35,637 - UNI_v5 - WARNING - Google Scholar: Tentativa 2 não retornou resultados, tentando novamente...
2025-12-12 00:36:37,642 - UNI_v5 - INFO - Google Scholar: Iniciando coleta para 'bipa' (limite: 100, tentativa 1/3)
2025-12-12 00:36:38,895 - urllib3.connectionpool - DEBUG - https://api.semanticscholar.org:443 "GET /graph/v1/paper/search?query=bipa&limit=100&fields=title%2Cauthors%2Cyear%2Curl%2Cabstract%2CcitationCount%2CreferenceCount%2Cvenue%2CfieldsOfStudy%2CpublicationTypes%2CpublicationDate%2Cjournal%2CexternalIds%2CisOpenAccess%2CopenAccessPdf HTTP/1.1" 200 279843
2025-12-12 00:36:39,430 - UNI_v5 - ERROR - Google Scholar: Erro inesperado: can only join an iterable
2025-12-12 00:36:39,431 - UNI_v5 - DEBUG - Traceback (most recent call last):
  File "/Users/eas/Desktop/github/emersonalmeida/emersonalmeida.github.io/project/uni/uni_v5.py", line 1384, in coletar_scholar
    "fields_of_study": ", ".join(paper.get("fieldsOfStudy", [])),
TypeError: can only join an iterable

2025-12-12 00:36:41,436 - UNI_v5 - INFO - Google Scholar: Iniciando coleta para 'bipa' (limite: 100, tentativa 2/3)
2025-12-12 00:36:42,674 - urllib3.connectionpool - DEBUG - https://api.semanticscholar.org:443 "GET /graph/v1/paper/search?query=bipa&limit=100&fields=title%2Cauthors%2Cyear%2Curl%2Cabstract%2CcitationCount%2CreferenceCount%2Cvenue%2CfieldsOfStudy%2CpublicationTypes%2CpublicationDate%2Cjournal%2CexternalIds%2CisOpenAccess%2CopenAccessPdf HTTP/1.1" 200 280196
2025-12-12 00:36:43,208 - UNI_v5 - ERROR - Google Scholar: Erro inesperado: can only join an iterable
2025-12-12 00:36:43,208 - UNI_v5 - DEBUG - Traceback (most recent call last):
  File "/Users/eas/Desktop/github/emersonalmeida/emersonalmeida.github.io/project/uni/uni_v5.py", line 1384, in coletar_scholar
    "fields_of_study": ", ".join(paper.get("fieldsOfStudy", [])),
TypeError: can only join an iterable

2025-12-12 00:36:45,214 - UNI_v5 - INFO - Google Scholar: Iniciando coleta para 'bipa' (limite: 100, tentativa 3/3)
2025-12-12 00:36:46,429 - urllib3.connectionpool - DEBUG - https://api.semanticscholar.org:443 "GET /graph/v1/paper/search?query=bipa&limit=100&fields=title%2Cauthors%2Cyear%2Curl%2Cabstract%2CcitationCount%2CreferenceCount%2Cvenue%2CfieldsOfStudy%2CpublicationTypes%2CpublicationDate%2Cjournal%2CexternalIds%2CisOpenAccess%2CopenAccessPdf HTTP/1.1" 200 279843
2025-12-12 00:36:46,602 - UNI_v5 - ERROR - Google Scholar: Erro inesperado: can only join an iterable
2025-12-12 00:36:46,603 - UNI_v5 - DEBUG - Traceback (most recent call last):
  File "/Users/eas/Desktop/github/emersonalmeida/emersonalmeida.github.io/project/uni/uni_v5.py", line 1384, in coletar_scholar
    "fields_of_study": ", ".join(paper.get("fieldsOfStudy", [])),
TypeError: can only join an iterable

2025-12-12 00:36:46,603 - UNI_v5 - WARNING - Google Scholar: Nenhum resultado válido encontrado após todas as tentativas
2025-12-12 00:36:46,603 - UNI_v5 - INFO - Iniciando coleta de Google Play para termo 'bipa' (limite: 50)
2025-12-12 00:36:46,615 - UNI_v5 - INFO - Google Play: Iniciando coleta para 'bipa' (limite: 50, tentativa 1/3)
2025-12-12 00:36:46,615 - UNI_v5 - WARNING - Google Play: Tentativa 1 falhou: search() got an unexpected keyword argument 'n'
2025-12-12 00:36:48,620 - UNI_v5 - INFO - Google Play: Iniciando coleta para 'bipa' (limite: 50, tentativa 2/3)
2025-12-12 00:36:48,628 - UNI_v5 - WARNING - Google Play: Tentativa 2 falhou: search() got an unexpected keyword argument 'n'
2025-12-12 00:36:50,635 - UNI_v5 - INFO - Google Play: Iniciando coleta para 'bipa' (limite: 50, tentativa 3/3)
2025-12-12 00:36:50,635 - UNI_v5 - WARNING - Google Play: Tentativa 3 falhou: search() got an unexpected keyword argument 'n'
2025-12-12 00:36:50,635 - UNI_v5 - ERROR - Google Play: Todas as tentativas falharam
2025-12-12 00:36:50,637 - UNI_v5 - DEBUG - Traceback (most recent call last):
  File "/Users/eas/Desktop/github/emersonalmeida/emersonalmeida.github.io/project/uni/uni_v5.py", line 1438, in coletar_google_play
    apps = gplay_search(term, lang=lang, country=country, n=n)
TypeError: search() got an unexpected keyword argument 'n'

2025-12-12 00:36:50,637 - UNI_v5 - WARNING - Google Play: Tentativa 1 não retornou resultados, tentando novamente...
2025-12-12 00:36:52,642 - UNI_v5 - INFO - Google Play: Iniciando coleta para 'bipa' (limite: 50, tentativa 1/3)
2025-12-12 00:36:52,642 - UNI_v5 - WARNING - Google Play: Tentativa 1 falhou: search() got an unexpected keyword argument 'n'
2025-12-12 00:36:54,648 - UNI_v5 - INFO - Google Play: Iniciando coleta para 'bipa' (limite: 50, tentativa 2/3)
2025-12-12 00:36:54,649 - UNI_v5 - WARNING - Google Play: Tentativa 2 falhou: search() got an unexpected keyword argument 'n'
2025-12-12 00:36:56,654 - UNI_v5 - INFO - Google Play: Iniciando coleta para 'bipa' (limite: 50, tentativa 3/3)
2025-12-12 00:36:56,655 - UNI_v5 - WARNING - Google Play: Tentativa 3 falhou: search() got an unexpected keyword argument 'n'
2025-12-12 00:36:56,655 - UNI_v5 - ERROR - Google Play: Todas as tentativas falharam
2025-12-12 00:36:56,656 - UNI_v5 - DEBUG - Traceback (most recent call last):
  File "/Users/eas/Desktop/github/emersonalmeida/emersonalmeida.github.io/project/uni/uni_v5.py", line 1438, in coletar_google_play
    apps = gplay_search(term, lang=lang, country=country, n=n)
TypeError: search() got an unexpected keyword argument 'n'

2025-12-12 00:36:56,656 - UNI_v5 - WARNING - Google Play: Tentativa 2 não retornou resultados, tentando novamente...
2025-12-12 00:36:58,661 - UNI_v5 - INFO - Google Play: Iniciando coleta para 'bipa' (limite: 50, tentativa 1/3)
2025-12-12 00:36:58,662 - UNI_v5 - WARNING - Google Play: Tentativa 1 falhou: search() got an unexpected keyword argument 'n'
2025-12-12 00:37:00,666 - UNI_v5 - INFO - Google Play: Iniciando coleta para 'bipa' (limite: 50, tentativa 2/3)
2025-12-12 00:37:00,666 - UNI_v5 - WARNING - Google Play: Tentativa 2 falhou: search() got an unexpected keyword argument 'n'
2025-12-12 00:37:02,671 - UNI_v5 - INFO - Google Play: Iniciando coleta para 'bipa' (limite: 50, tentativa 3/3)
2025-12-12 00:37:02,672 - UNI_v5 - WARNING - Google Play: Tentativa 3 falhou: search() got an unexpected keyword argument 'n'
2025-12-12 00:37:02,672 - UNI_v5 - ERROR - Google Play: Todas as tentativas falharam
2025-12-12 00:37:02,673 - UNI_v5 - DEBUG - Traceback (most recent call last):
  File "/Users/eas/Desktop/github/emersonalmeida/emersonalmeida.github.io/project/uni/uni_v5.py", line 1438, in coletar_google_play
    apps = gplay_search(term, lang=lang, country=country, n=n)
TypeError: search() got an unexpected keyword argument 'n'

2025-12-12 00:37:02,673 - UNI_v5 - WARNING - Google Play: Nenhum resultado válido encontrado após todas as tentativas
2025-12-12 00:37:02,674 - UNI_v5 - INFO - Iniciando coleta de Apple App Store para termo 'bipa' (limite: 50)
2025-12-12 00:37:02,682 - UNI_v5 - INFO - Apple App Store: Iniciando coleta para 'bipa' (limite: 50, tentativa 1/3)
2025-12-12 00:37:02,683 - Base - INFO - Searching for app id
2025-12-12 00:37:02,686 - Base - DEBUG - Making a GET request: https://www.google.com/search
2025-12-12 00:37:02,699 - urllib3.connectionpool - DEBUG - Starting new HTTPS connection (1): www.google.com:443
2025-12-12 00:37:02,880 - urllib3.connectionpool - DEBUG - https://www.google.com:443 "GET /search?q=app+store+bipa HTTP/1.1" 200 None
2025-12-12 00:37:02,893 - UNI_v5 - WARNING - Apple App Store: Tentativa 1 falhou: 'NoneType' object has no attribute 'group'
2025-12-12 00:37:04,901 - UNI_v5 - INFO - Apple App Store: Iniciando coleta para 'bipa' (limite: 50, tentativa 2/3)
2025-12-12 00:37:04,903 - Base - INFO - Searching for app id
2025-12-12 00:37:04,903 - Base - DEBUG - Making a GET request: https://www.google.com/search
2025-12-12 00:37:04,909 - urllib3.connectionpool - DEBUG - Starting new HTTPS connection (1): www.google.com:443
2025-12-12 00:37:05,107 - urllib3.connectionpool - DEBUG - https://www.google.com:443 "GET /search?q=app+store+bipa HTTP/1.1" 200 None
2025-12-12 00:37:05,133 - UNI_v5 - WARNING - Apple App Store: Tentativa 2 falhou: 'NoneType' object has no attribute 'group'
2025-12-12 00:37:07,140 - UNI_v5 - INFO - Apple App Store: Iniciando coleta para 'bipa' (limite: 50, tentativa 3/3)
2025-12-12 00:37:07,140 - Base - INFO - Searching for app id
2025-12-12 00:37:07,141 - Base - DEBUG - Making a GET request: https://www.google.com/search
2025-12-12 00:37:07,147 - urllib3.connectionpool - DEBUG - Starting new HTTPS connection (1): www.google.com:443
2025-12-12 00:37:07,345 - urllib3.connectionpool - DEBUG - https://www.google.com:443 "GET /search?q=app+store+bipa HTTP/1.1" 200 None
2025-12-12 00:37:07,434 - UNI_v5 - WARNING - Apple App Store: Tentativa 3 falhou: 'NoneType' object has no attribute 'group'
2025-12-12 00:37:07,435 - UNI_v5 - ERROR - Apple App Store: Todas as tentativas falharam
2025-12-12 00:37:07,447 - UNI_v5 - DEBUG - Traceback (most recent call last):
  File "/Users/eas/Desktop/github/emersonalmeida/emersonalmeida.github.io/project/uni/uni_v5.py", line 1534, in coletar_apple_store
    store = AppStore(country=country, app_name=term)
  File "/Users/eas/Library/Python/3.9/lib/python/site-packages/app_store_scraper/app_store.py", line 23, in __init__
    super().__init__(
  File "/Users/eas/Library/Python/3.9/lib/python/site-packages/app_store_scraper/base.py", line 47, in __init__
    app_id = self.search_id()
  File "/Users/eas/Library/Python/3.9/lib/python/site-packages/app_store_scraper/base.py", line 175, in search_id
    app_id = re.search(pattern, self._response.text).group(1)
AttributeError: 'NoneType' object has no attribute 'group'

2025-12-12 00:37:07,447 - UNI_v5 - WARNING - Apple App Store: Tentativa 1 não retornou resultados, tentando novamente...
2025-12-12 00:37:09,452 - UNI_v5 - INFO - Apple App Store: Iniciando coleta para 'bipa' (limite: 50, tentativa 1/3)
2025-12-12 00:37:09,453 - Base - INFO - Searching for app id
2025-12-12 00:37:09,453 - Base - DEBUG - Making a GET request: https://www.google.com/search
2025-12-12 00:37:09,459 - urllib3.connectionpool - DEBUG - Starting new HTTPS connection (1): www.google.com:443
2025-12-12 00:37:09,644 - urllib3.connectionpool - DEBUG - https://www.google.com:443 "GET /search?q=app+store+bipa HTTP/1.1" 200 None
2025-12-12 00:37:09,658 - UNI_v5 - WARNING - Apple App Store: Tentativa 1 falhou: 'NoneType' object has no attribute 'group'
2025-12-12 00:37:11,660 - UNI_v5 - INFO - Apple App Store: Iniciando coleta para 'bipa' (limite: 50, tentativa 2/3)
2025-12-12 00:37:11,660 - Base - INFO - Searching for app id
2025-12-12 00:37:11,660 - Base - DEBUG - Making a GET request: https://www.google.com/search
2025-12-12 00:37:11,663 - urllib3.connectionpool - DEBUG - Starting new HTTPS connection (1): www.google.com:443
2025-12-12 00:37:11,858 - urllib3.connectionpool - DEBUG - https://www.google.com:443 "GET /search?q=app+store+bipa HTTP/1.1" 200 None
2025-12-12 00:37:11,946 - UNI_v5 - WARNING - Apple App Store: Tentativa 2 falhou: 'NoneType' object has no attribute 'group'
2025-12-12 00:37:13,948 - UNI_v5 - INFO - Apple App Store: Iniciando coleta para 'bipa' (limite: 50, tentativa 3/3)
2025-12-12 00:37:13,949 - Base - INFO - Searching for app id
2025-12-12 00:37:13,949 - Base - DEBUG - Making a GET request: https://www.google.com/search
2025-12-12 00:37:13,952 - urllib3.connectionpool - DEBUG - Starting new HTTPS connection (1): www.google.com:443
2025-12-12 00:37:14,182 - urllib3.connectionpool - DEBUG - https://www.google.com:443 "GET /search?q=app+store+bipa HTTP/1.1" 200 None
2025-12-12 00:37:14,204 - UNI_v5 - WARNING - Apple App Store: Tentativa 3 falhou: 'NoneType' object has no attribute 'group'
2025-12-12 00:37:14,205 - UNI_v5 - ERROR - Apple App Store: Todas as tentativas falharam
2025-12-12 00:37:14,207 - UNI_v5 - DEBUG - Traceback (most recent call last):
  File "/Users/eas/Desktop/github/emersonalmeida/emersonalmeida.github.io/project/uni/uni_v5.py", line 1534, in coletar_apple_store
    store = AppStore(country=country, app_name=term)
  File "/Users/eas/Library/Python/3.9/lib/python/site-packages/app_store_scraper/app_store.py", line 23, in __init__
    super().__init__(
  File "/Users/eas/Library/Python/3.9/lib/python/site-packages/app_store_scraper/base.py", line 47, in __init__
    app_id = self.search_id()
  File "/Users/eas/Library/Python/3.9/lib/python/site-packages/app_store_scraper/base.py", line 175, in search_id
    app_id = re.search(pattern, self._response.text).group(1)
AttributeError: 'NoneType' object has no attribute 'group'

2025-12-12 00:37:14,209 - UNI_v5 - WARNING - Apple App Store: Tentativa 2 não retornou resultados, tentando novamente...
2025-12-12 00:37:16,210 - UNI_v5 - INFO - Apple App Store: Iniciando coleta para 'bipa' (limite: 50, tentativa 1/3)
2025-12-12 00:37:16,210 - Base - INFO - Searching for app id
2025-12-12 00:37:16,211 - Base - DEBUG - Making a GET request: https://www.google.com/search
2025-12-12 00:37:16,216 - urllib3.connectionpool - DEBUG - Starting new HTTPS connection (1): www.google.com:443
2025-12-12 00:37:16,402 - urllib3.connectionpool - DEBUG - https://www.google.com:443 "GET /search?q=app+store+bipa HTTP/1.1" 200 None
2025-12-12 00:37:16,428 - UNI_v5 - WARNING - Apple App Store: Tentativa 1 falhou: 'NoneType' object has no attribute 'group'
2025-12-12 00:37:18,429 - UNI_v5 - INFO - Apple App Store: Iniciando coleta para 'bipa' (limite: 50, tentativa 2/3)
2025-12-12 00:37:18,430 - Base - INFO - Searching for app id
2025-12-12 00:37:18,430 - Base - DEBUG - Making a GET request: https://www.google.com/search
2025-12-12 00:37:18,434 - urllib3.connectionpool - DEBUG - Starting new HTTPS connection (1): www.google.com:443
2025-12-12 00:37:18,625 - urllib3.connectionpool - DEBUG - https://www.google.com:443 "GET /search?q=app+store+bipa HTTP/1.1" 200 None
2025-12-12 00:37:18,639 - UNI_v5 - WARNING - Apple App Store: Tentativa 2 falhou: 'NoneType' object has no attribute 'group'
2025-12-12 00:37:20,644 - UNI_v5 - INFO - Apple App Store: Iniciando coleta para 'bipa' (limite: 50, tentativa 3/3)
2025-12-12 00:37:20,645 - Base - INFO - Searching for app id
2025-12-12 00:37:20,646 - Base - DEBUG - Making a GET request: https://www.google.com/search
2025-12-12 00:37:20,648 - urllib3.connectionpool - DEBUG - Starting new HTTPS connection (1): www.google.com:443
2025-12-12 00:37:20,825 - urllib3.connectionpool - DEBUG - https://www.google.com:443 "GET /search?q=app+store+bipa HTTP/1.1" 200 None
2025-12-12 00:37:20,837 - UNI_v5 - WARNING - Apple App Store: Tentativa 3 falhou: 'NoneType' object has no attribute 'group'
2025-12-12 00:37:20,837 - UNI_v5 - ERROR - Apple App Store: Todas as tentativas falharam
2025-12-12 00:37:20,837 - UNI_v5 - DEBUG - Traceback (most recent call last):
  File "/Users/eas/Desktop/github/emersonalmeida/emersonalmeida.github.io/project/uni/uni_v5.py", line 1534, in coletar_apple_store
    store = AppStore(country=country, app_name=term)
  File "/Users/eas/Library/Python/3.9/lib/python/site-packages/app_store_scraper/app_store.py", line 23, in __init__
    super().__init__(
  File "/Users/eas/Library/Python/3.9/lib/python/site-packages/app_store_scraper/base.py", line 47, in __init__
    app_id = self.search_id()
  File "/Users/eas/Library/Python/3.9/lib/python/site-packages/app_store_scraper/base.py", line 175, in search_id
    app_id = re.search(pattern, self._response.text).group(1)
AttributeError: 'NoneType' object has no attribute 'group'

2025-12-12 00:37:20,837 - UNI_v5 - WARNING - Apple App Store: Nenhum resultado válido encontrado após todas as tentativas
2025-12-12 00:37:20,837 - UNI_v5 - INFO - : JSON salvo em metadados_coleta.json
2025-12-12 00:37:20,872 - UNI_v5 - INFO - Google Suggest: 15/15 itens válidos após validação
2025-12-12 00:37:20,882 - UNI_v5 - INFO - Google Suggest: Salvo 15 registros com 8 colunas em google_suggest.csv (0.7 KB)
2025-12-12 00:37:20,882 - UNI_v5 - INFO - SERP - Google: 40/40 itens válidos após validação
2025-12-12 00:37:20,884 - UNI_v5 - INFO - SERP - Google: Salvo 40 registros com 19 colunas em serp___google.csv (43.3 KB)
2025-12-12 00:37:20,884 - UNI_v5 - INFO - SERP - Brave: 19/19 itens válidos após validação
2025-12-12 00:37:20,885 - UNI_v5 - INFO - SERP - Brave: Salvo 19 registros com 13 colunas em serp___brave.csv (6.6 KB)
2025-12-12 00:37:20,885 - UNI_v5 - INFO - SERP - Bing: 10/10 itens válidos após validação
2025-12-12 00:37:20,886 - UNI_v5 - INFO - SERP - Bing: Salvo 10 registros com 13 colunas em serp___bing.csv (4.1 KB)
2025-12-12 00:37:20,886 - UNI_v5 - INFO - YouTube: 50/50 itens válidos após validação
2025-12-12 00:37:20,888 - UNI_v5 - INFO - YouTube: Salvo 50 registros com 30 colunas em youtube.csv (63.8 KB)
2025-12-12 00:37:20,889 - UNI_v5 - INFO - Reddit: 100/100 itens válidos após validação
2025-12-12 00:37:20,893 - UNI_v5 - INFO - Reddit: Salvo 100 registros com 37 colunas em reddit.csv (144.9 KB)
2025-12-12 00:37:20,894 - UNI_v5 - INFO - Hacker News: 100/100 itens válidos após validação
2025-12-12 00:37:20,897 - UNI_v5 - INFO - Hacker News: Salvo 100 registros com 18 colunas em hacker_news.csv (24.1 KB)
2025-12-12 00:37:20,898 - UNI_v5 - INFO - GitHub: 100/100 itens válidos após validação
2025-12-12 00:37:20,902 - UNI_v5 - INFO - GitHub: Salvo 100 registros com 38 colunas em github.csv (56.2 KB)
2025-12-12 00:37:20,902 - UNI_v5 - INFO - arXiv: 2/2 itens válidos após validação
2025-12-12 00:37:20,903 - UNI_v5 - INFO - arXiv: Salvo 2 registros com 18 colunas em arxiv.csv (4.1 KB)
2025-12-12 00:37:20,903 - UNI_v5 - INFO - Wikipedia: 25/25 itens válidos após validação
2025-12-12 00:37:20,905 - UNI_v5 - INFO - Wikipedia: Salvo 25 registros com 24 colunas em wikipedia.csv (32.5 KB)
2025-12-12 00:37:20,905 - UNI_v5 - INFO - Iniciando criação da base de dados consolidada...
2025-12-12 00:37:20,948 - UNI_v5 - INFO - Base de dados consolidada salva: 461 registros, 168 colunas, 479.2 KB
2025-12-12 00:37:20,950 - UNI_v5 - WARNING - Não foi possível salvar Excel: No module named 'openpyxl'
2025-12-12 00:37:20,951 - UNI_v5 - INFO - Resumo: JSON salvo em resumo_estatistico_bipa_20251212_003720.json
2025-12-12 00:37:20,965 - UNI_v5 - INFO - Consolidado: JSON salvo em resultados_completos.json
2025-12-12 00:47:09,014 - UNI_v5 - INFO - Iniciando coleta de Google Suggest para termo 'bitcoin' (limite: 100)
2025-12-12 00:47:09,032 - UNI_v5 - INFO - Google Suggest: Iniciando coleta para 'bitcoin' (limite: 100)
2025-12-12 00:47:09,136 - urllib3.connectionpool - DEBUG - Resetting dropped connection: suggestqueries.google.com
2025-12-12 00:47:09,578 - urllib3.connectionpool - DEBUG - https://suggestqueries.google.com:443 "GET /complete/search?q=bitcoin&gl=br&client=chrome&hl=pt HTTP/1.1" 200 None
2025-12-12 00:47:09,581 - UNI_v5 - INFO - Google Suggest: Coletados 15 resultados com sucesso
2025-12-12 00:47:09,582 - UNI_v5 - INFO - Google Suggest: 15/15 itens válidos após validação
2025-12-12 00:47:09,582 - UNI_v5 - INFO - Google Suggest: 15 resultados coletados com sucesso
2025-12-12 00:47:10,083 - UNI_v5 - INFO - Iniciando coleta de SERP - DuckDuckGo para termo 'bitcoin' (limite: 100)
2025-12-12 00:47:10,116 - UNI_v5 - INFO - DuckDuckGo: Iniciando coleta para 'bitcoin' (limite: 100, tentativa 1/3)
2025-12-12 00:47:10,116 - UNI_v5 - WARNING - DuckDuckGo: Tentativa 1 falhou: local variable 'DDGS' referenced before assignment
2025-12-12 00:47:12,122 - UNI_v5 - INFO - DuckDuckGo: Iniciando coleta para 'bitcoin' (limite: 100, tentativa 2/3)
2025-12-12 00:47:12,122 - UNI_v5 - WARNING - DuckDuckGo: Tentativa 2 falhou: local variable 'DDGS' referenced before assignment
2025-12-12 00:47:14,128 - UNI_v5 - INFO - DuckDuckGo: Iniciando coleta para 'bitcoin' (limite: 100, tentativa 3/3)
2025-12-12 00:47:14,128 - UNI_v5 - WARNING - DuckDuckGo: Tentativa 3 falhou: local variable 'DDGS' referenced before assignment
2025-12-12 00:47:14,128 - UNI_v5 - ERROR - DuckDuckGo: Todas as tentativas falharam
2025-12-12 00:47:14,141 - UNI_v5 - DEBUG - Traceback (most recent call last):
  File "/Users/eas/Desktop/github/emersonalmeida/emersonalmeida.github.io/project/uni/uni_v5.py", line 501, in coletar_duckduckgo
    with DDGS() as ddgs:
UnboundLocalError: local variable 'DDGS' referenced before assignment

2025-12-12 00:47:14,141 - UNI_v5 - WARNING - SERP - DuckDuckGo: Tentativa 1 não retornou resultados, tentando novamente...
2025-12-12 00:47:16,143 - UNI_v5 - INFO - DuckDuckGo: Iniciando coleta para 'bitcoin' (limite: 100, tentativa 1/3)
2025-12-12 00:47:16,145 - UNI_v5 - WARNING - DuckDuckGo: Tentativa 1 falhou: local variable 'DDGS' referenced before assignment
2025-12-12 00:47:18,147 - UNI_v5 - INFO - DuckDuckGo: Iniciando coleta para 'bitcoin' (limite: 100, tentativa 2/3)
2025-12-12 00:47:18,149 - UNI_v5 - WARNING - DuckDuckGo: Tentativa 2 falhou: local variable 'DDGS' referenced before assignment
2025-12-12 00:47:20,189 - UNI_v5 - INFO - DuckDuckGo: Iniciando coleta para 'bitcoin' (limite: 100, tentativa 3/3)
2025-12-12 00:47:20,202 - UNI_v5 - WARNING - DuckDuckGo: Tentativa 3 falhou: local variable 'DDGS' referenced before assignment
2025-12-12 00:47:20,202 - UNI_v5 - ERROR - DuckDuckGo: Todas as tentativas falharam
2025-12-12 00:47:20,206 - UNI_v5 - DEBUG - Traceback (most recent call last):
  File "/Users/eas/Desktop/github/emersonalmeida/emersonalmeida.github.io/project/uni/uni_v5.py", line 501, in coletar_duckduckgo
    with DDGS() as ddgs:
UnboundLocalError: local variable 'DDGS' referenced before assignment

2025-12-12 00:47:20,209 - UNI_v5 - WARNING - SERP - DuckDuckGo: Tentativa 2 não retornou resultados, tentando novamente...
2025-12-12 00:47:22,216 - UNI_v5 - INFO - DuckDuckGo: Iniciando coleta para 'bitcoin' (limite: 100, tentativa 1/3)
2025-12-12 00:47:22,217 - UNI_v5 - WARNING - DuckDuckGo: Tentativa 1 falhou: local variable 'DDGS' referenced before assignment
2025-12-12 00:47:24,225 - UNI_v5 - INFO - DuckDuckGo: Iniciando coleta para 'bitcoin' (limite: 100, tentativa 2/3)
2025-12-12 00:47:24,226 - UNI_v5 - WARNING - DuckDuckGo: Tentativa 2 falhou: local variable 'DDGS' referenced before assignment
2025-12-12 00:47:26,231 - UNI_v5 - INFO - DuckDuckGo: Iniciando coleta para 'bitcoin' (limite: 100, tentativa 3/3)
2025-12-12 00:47:26,232 - UNI_v5 - WARNING - DuckDuckGo: Tentativa 3 falhou: local variable 'DDGS' referenced before assignment
2025-12-12 00:47:26,232 - UNI_v5 - ERROR - DuckDuckGo: Todas as tentativas falharam
2025-12-12 00:47:26,232 - UNI_v5 - DEBUG - Traceback (most recent call last):
  File "/Users/eas/Desktop/github/emersonalmeida/emersonalmeida.github.io/project/uni/uni_v5.py", line 501, in coletar_duckduckgo
    with DDGS() as ddgs:
UnboundLocalError: local variable 'DDGS' referenced before assignment

2025-12-12 00:47:26,233 - UNI_v5 - WARNING - SERP - DuckDuckGo: Nenhum resultado válido encontrado após todas as tentativas
2025-12-12 00:47:26,233 - UNI_v5 - INFO - Iniciando coleta de SERP - Google para termo 'bitcoin' (limite: 100)
2025-12-12 00:47:26,233 - UNI_v5 - INFO - Google: Iniciando coleta para 'bitcoin' (limite: 100, tentativa 1/3)
2025-12-12 00:47:26,239 - googleapiclient.discovery_cache - INFO - file_cache is only supported with oauth2client<4.0.0
2025-12-12 00:47:26,252 - googleapiclient.discovery - DEBUG - URL being requested: GET https://customsearch.googleapis.com/customsearch/v1?q=bitcoin&cx=f07ccd3b922d6437b&gl=br&lr=lang_pt&start=1&num=10&safe=off&key=AIzaSyBj80B2fwVvFEMtcQU8tPV_NCNaEmQvzhc&alt=json
2025-12-12 00:47:27,017 - googleapiclient.discovery - DEBUG - URL being requested: GET https://customsearch.googleapis.com/customsearch/v1?q=bitcoin&cx=f07ccd3b922d6437b&gl=br&lr=lang_pt&start=11&num=10&safe=off&key=AIzaSyBj80B2fwVvFEMtcQU8tPV_NCNaEmQvzhc&alt=json
2025-12-12 00:47:27,784 - googleapiclient.discovery - DEBUG - URL being requested: GET https://customsearch.googleapis.com/customsearch/v1?q=bitcoin&cx=f07ccd3b922d6437b&gl=br&lr=lang_pt&start=21&num=10&safe=off&key=AIzaSyBj80B2fwVvFEMtcQU8tPV_NCNaEmQvzhc&alt=json
2025-12-12 00:47:28,378 - googleapiclient.discovery - DEBUG - URL being requested: GET https://customsearch.googleapis.com/customsearch/v1?q=bitcoin&cx=f07ccd3b922d6437b&gl=br&lr=lang_pt&start=31&num=10&safe=off&key=AIzaSyBj80B2fwVvFEMtcQU8tPV_NCNaEmQvzhc&alt=json
2025-12-12 00:47:28,927 - googleapiclient.discovery - DEBUG - URL being requested: GET https://customsearch.googleapis.com/customsearch/v1?q=bitcoin&cx=f07ccd3b922d6437b&gl=br&lr=lang_pt&start=41&num=10&safe=off&key=AIzaSyBj80B2fwVvFEMtcQU8tPV_NCNaEmQvzhc&alt=json
2025-12-12 00:47:29,742 - googleapiclient.discovery - DEBUG - URL being requested: GET https://customsearch.googleapis.com/customsearch/v1?q=bitcoin&cx=f07ccd3b922d6437b&gl=br&lr=lang_pt&start=51&num=10&safe=off&key=AIzaSyBj80B2fwVvFEMtcQU8tPV_NCNaEmQvzhc&alt=json
2025-12-12 00:47:30,313 - googleapiclient.discovery - DEBUG - URL being requested: GET https://customsearch.googleapis.com/customsearch/v1?q=bitcoin&cx=f07ccd3b922d6437b&gl=br&lr=lang_pt&start=61&num=10&safe=off&key=AIzaSyBj80B2fwVvFEMtcQU8tPV_NCNaEmQvzhc&alt=json
2025-12-12 00:47:30,602 - UNI_v5 - INFO - Google: Coletados 66 resultados com sucesso
2025-12-12 00:47:30,603 - UNI_v5 - INFO - SERP - Google: 66/66 itens válidos após validação
2025-12-12 00:47:30,603 - UNI_v5 - INFO - SERP - Google: 66 resultados coletados com sucesso
2025-12-12 00:47:32,847 - UNI_v5 - INFO - Iniciando coleta de SERP - Brave para termo 'bitcoin' (limite: 100)
2025-12-12 00:47:32,847 - UNI_v5 - INFO - Brave: Iniciando coleta para 'bitcoin' (limite: 100, tentativa 1/3)
2025-12-12 00:47:32,861 - urllib3.connectionpool - DEBUG - Resetting dropped connection: api.search.brave.com
2025-12-12 00:47:34,161 - urllib3.connectionpool - DEBUG - https://api.search.brave.com:443 "GET /res/v1/web/search?q=bitcoin&count=20&offset=0&country=br&safesearch=off HTTP/1.1" 200 None
2025-12-12 00:47:34,866 - urllib3.connectionpool - DEBUG - https://api.search.brave.com:443 "GET /res/v1/web/search?q=bitcoin&count=20&offset=20&country=br&safesearch=off HTTP/1.1" 422 None
2025-12-12 00:47:34,866 - UNI_v5 - WARNING - Brave: Tentativa 1 falhou: 422 Client Error: Unprocessable Entity for url: https://api.search.brave.com/res/v1/web/search?q=bit
2025-12-12 00:47:36,872 - UNI_v5 - INFO - Brave: Iniciando coleta para 'bitcoin' (limite: 100, tentativa 2/3)
2025-12-12 00:47:37,158 - urllib3.connectionpool - DEBUG - https://api.search.brave.com:443 "GET /res/v1/web/search?q=bitcoin&count=20&offset=0&country=br&safesearch=off HTTP/1.1" 200 None
2025-12-12 00:47:37,858 - urllib3.connectionpool - DEBUG - https://api.search.brave.com:443 "GET /res/v1/web/search?q=bitcoin&count=20&offset=20&country=br&safesearch=off HTTP/1.1" 429 None
2025-12-12 00:47:37,858 - urllib3.util.retry - DEBUG - Incremented Retry for (url='/res/v1/web/search?q=bitcoin&count=20&offset=20&country=br&safesearch=off'): Retry(total=4, connect=None, read=None, redirect=None, status=None)
2025-12-12 00:47:37,858 - urllib3.connectionpool - DEBUG - Retry: /res/v1/web/search?q=bitcoin&count=20&offset=20&country=br&safesearch=off
2025-12-12 00:47:38,047 - urllib3.connectionpool - DEBUG - https://api.search.brave.com:443 "GET /res/v1/web/search?q=bitcoin&count=20&offset=20&country=br&safesearch=off HTTP/1.1" 429 None
2025-12-12 00:47:38,049 - urllib3.util.retry - DEBUG - Incremented Retry for (url='/res/v1/web/search?q=bitcoin&count=20&offset=20&country=br&safesearch=off'): Retry(total=3, connect=None, read=None, redirect=None, status=None)
2025-12-12 00:47:39,055 - urllib3.connectionpool - DEBUG - Retry: /res/v1/web/search?q=bitcoin&count=20&offset=20&country=br&safesearch=off
2025-12-12 00:47:39,246 - urllib3.connectionpool - DEBUG - https://api.search.brave.com:443 "GET /res/v1/web/search?q=bitcoin&count=20&offset=20&country=br&safesearch=off HTTP/1.1" 422 None
2025-12-12 00:47:39,246 - UNI_v5 - WARNING - Brave: Tentativa 2 falhou: 422 Client Error: Unprocessable Entity for url: https://api.search.brave.com/res/v1/web/search?q=bit
2025-12-12 00:47:41,251 - UNI_v5 - INFO - Brave: Iniciando coleta para 'bitcoin' (limite: 100, tentativa 3/3)
2025-12-12 00:47:41,537 - urllib3.connectionpool - DEBUG - https://api.search.brave.com:443 "GET /res/v1/web/search?q=bitcoin&count=20&offset=0&country=br&safesearch=off HTTP/1.1" 200 None
2025-12-12 00:47:42,237 - urllib3.connectionpool - DEBUG - https://api.search.brave.com:443 "GET /res/v1/web/search?q=bitcoin&count=20&offset=20&country=br&safesearch=off HTTP/1.1" 429 None
2025-12-12 00:47:42,237 - urllib3.util.retry - DEBUG - Incremented Retry for (url='/res/v1/web/search?q=bitcoin&count=20&offset=20&country=br&safesearch=off'): Retry(total=4, connect=None, read=None, redirect=None, status=None)
2025-12-12 00:47:42,237 - urllib3.connectionpool - DEBUG - Retry: /res/v1/web/search?q=bitcoin&count=20&offset=20&country=br&safesearch=off
2025-12-12 00:47:42,428 - urllib3.connectionpool - DEBUG - https://api.search.brave.com:443 "GET /res/v1/web/search?q=bitcoin&count=20&offset=20&country=br&safesearch=off HTTP/1.1" 429 None
2025-12-12 00:47:42,428 - urllib3.util.retry - DEBUG - Incremented Retry for (url='/res/v1/web/search?q=bitcoin&count=20&offset=20&country=br&safesearch=off'): Retry(total=3, connect=None, read=None, redirect=None, status=None)
2025-12-12 00:47:43,434 - urllib3.connectionpool - DEBUG - Retry: /res/v1/web/search?q=bitcoin&count=20&offset=20&country=br&safesearch=off
2025-12-12 00:47:43,630 - urllib3.connectionpool - DEBUG - https://api.search.brave.com:443 "GET /res/v1/web/search?q=bitcoin&count=20&offset=20&country=br&safesearch=off HTTP/1.1" 422 None
2025-12-12 00:47:43,632 - UNI_v5 - WARNING - Brave: Tentativa 3 falhou: 422 Client Error: Unprocessable Entity for url: https://api.search.brave.com/res/v1/web/search?q=bit
2025-12-12 00:47:43,632 - UNI_v5 - ERROR - Brave: Todas as tentativas falharam
2025-12-12 00:47:43,634 - UNI_v5 - INFO - SERP - Brave: 60/60 itens válidos após validação
2025-12-12 00:47:43,634 - UNI_v5 - INFO - SERP - Brave: 60 resultados coletados com sucesso
2025-12-12 00:47:45,682 - UNI_v5 - INFO - Iniciando coleta de SERP - Bing para termo 'bitcoin' (limite: 100)
2025-12-12 00:47:45,682 - UNI_v5 - INFO - Bing: Iniciando coleta para 'bitcoin' (limite: 100, tentativa 1/3)
2025-12-12 00:47:45,832 - urllib3.connectionpool - DEBUG - Resetting dropped connection: serpapi.com
2025-12-12 00:47:46,166 - urllib3.connectionpool - DEBUG - https://serpapi.com:443 "GET /search?engine=bing&q=bitcoin&cc=br&count=50&api_key=e71430bcff8bdc906f7a5ed9ae1538355c2efb0fb88ffa071f7125a76cc2b142&safe=off HTTP/1.1" 200 None
2025-12-12 00:47:46,187 - UNI_v5 - INFO - Bing: Coletados 10 resultados com sucesso
2025-12-12 00:47:46,187 - UNI_v5 - INFO - SERP - Bing: 10/10 itens válidos após validação
2025-12-12 00:47:46,187 - UNI_v5 - INFO - SERP - Bing: 10 resultados coletados com sucesso
2025-12-12 00:47:46,528 - UNI_v5 - INFO - Iniciando coleta de YouTube para termo 'bitcoin' (limite: 50)
2025-12-12 00:47:46,529 - UNI_v5 - INFO - YouTube: Iniciando coleta para 'bitcoin' (limite: 50)
2025-12-12 00:47:46,536 - googleapiclient.discovery_cache - INFO - file_cache is only supported with oauth2client<4.0.0
2025-12-12 00:47:46,559 - googleapiclient.discovery - DEBUG - URL being requested: GET https://youtube.googleapis.com/youtube/v3/search?part=snippet&q=bitcoin&type=video&maxResults=50&order=relevance&regionCode=BR&relevanceLanguage=pt&key=AIzaSyBj80B2fwVvFEMtcQU8tPV_NCNaEmQvzhc&alt=json
2025-12-12 00:47:47,038 - googleapiclient.discovery - DEBUG - URL being requested: GET https://youtube.googleapis.com/youtube/v3/videos?part=statistics%2CcontentDetails%2Csnippet%2Cstatus&id=Gqdi1B7jKsI%2C4r5G_EWUGqM%2CdloBqocJ39I%2CuYro8SWqirM%2CNsX0dhmdGwk%2CrH6PLR7-2ps%2CR4dVZbD1ZdI%2C81PC3PYSVBA%2CBWaykbR0GVo%2C-dHFJ25H8p0%2CnrXsD5kJYYs%2CEV_TftnS-dI%2CH12gMVRjIns%2C3yuFhsv8FXA%2CHU6nJNbjpZc%2CUJ15dLYUFiA%2CBgxhP4RA7o4%2CYy4ku6dEPlI%2CeNNxW0kt_h4%2CKD0AvGlFqjs%2CHheszajURlc%2Cguyms4R0FeE%2Cu5Rc8Vr8OX4%2CkFgQBPtPfgc%2C7w0Ff-nEkGo&key=AIzaSyBj80B2fwVvFEMtcQU8tPV_NCNaEmQvzhc&alt=json
2025-12-12 00:47:47,190 - UNI_v5 - INFO - YouTube: Coletados 25 resultados com sucesso
2025-12-12 00:47:47,191 - UNI_v5 - INFO - YouTube: 25/25 itens válidos após validação
2025-12-12 00:47:47,191 - UNI_v5 - INFO - YouTube: 25 resultados coletados com sucesso
2025-12-12 00:47:48,051 - UNI_v5 - INFO - Iniciando coleta de Reddit para termo 'bitcoin' (limite: 100)
2025-12-12 00:47:48,051 - UNI_v5 - INFO - Reddit: Iniciando coleta para 'bitcoin' (subreddit: all, limite: 100)
2025-12-12 00:47:48,054 - prawcore - DEBUG - Fetching: GET https://oauth.reddit.com/r/all/search/ at 1765511268.054755
2025-12-12 00:47:48,054 - prawcore - DEBUG - Data: None
2025-12-12 00:47:48,055 - prawcore - DEBUG - Params: {'limit': 100,
 'q': 'bitcoin',
 'raw_json': 1,
 'restrict_sr': False,
 'sort': 'relevance',
 'syntax': 'lucene',
 't': 'all'}
2025-12-12 00:47:48,068 - urllib3.connectionpool - DEBUG - Starting new HTTPS connection (1): www.reddit.com:443
2025-12-12 00:47:48,263 - urllib3.connectionpool - DEBUG - https://www.reddit.com:443 "POST /api/v1/access_token HTTP/1.1" 200 652
2025-12-12 00:47:48,266 - urllib3.connectionpool - DEBUG - Starting new HTTPS connection (1): oauth.reddit.com:443
2025-12-12 00:47:50,088 - urllib3.connectionpool - DEBUG - https://oauth.reddit.com:443 "GET /r/all/search/?q=bitcoin&restrict_sr=False&sort=relevance&syntax=lucene&t=all&limit=100&raw_json=1 HTTP/1.1" 200 72975
2025-12-12 00:47:50,219 - prawcore - DEBUG - Response: 200 (72975 bytes) (rst-131:rem-999.0:used-1 ratelimit) at 1765511270.219043
2025-12-12 00:47:50,237 - prawcore - DEBUG - Fetching: GET https://oauth.reddit.com/r/Buttcoin/about/ at 1765511270.237983
2025-12-12 00:47:50,238 - prawcore - DEBUG - Data: None
2025-12-12 00:47:50,238 - prawcore - DEBUG - Params: {'raw_json': 1}
2025-12-12 00:47:50,428 - urllib3.connectionpool - DEBUG - https://oauth.reddit.com:443 "GET /r/Buttcoin/about/?raw_json=1 HTTP/1.1" 200 3588
2025-12-12 00:47:50,430 - prawcore - DEBUG - Response: 200 (3588 bytes) (rst-129:rem-998.0:used-2 ratelimit) at 1765511270.4301262
2025-12-12 00:47:50,430 - prawcore - DEBUG - Fetching: GET https://oauth.reddit.com/user/FUMoney/about/ at 1765511270.430866
2025-12-12 00:47:50,431 - prawcore - DEBUG - Data: None
2025-12-12 00:47:50,431 - prawcore - DEBUG - Params: {'raw_json': 1}
2025-12-12 00:47:50,625 - urllib3.connectionpool - DEBUG - https://oauth.reddit.com:443 "GET /user/FUMoney/about/?raw_json=1 HTTP/1.1" 200 852
2025-12-12 00:47:50,626 - prawcore - DEBUG - Response: 200 (852 bytes) (rst-129:rem-997.0:used-3 ratelimit) at 1765511270.626008
2025-12-12 00:47:50,629 - prawcore - DEBUG - Fetching: GET https://oauth.reddit.com/comments/1p2ppaz/ at 1765511270.6293912
2025-12-12 00:47:50,629 - prawcore - DEBUG - Data: None
2025-12-12 00:47:50,630 - prawcore - DEBUG - Params: {'limit': 2048, 'raw_json': 1, 'sort': 'confidence'}
2025-12-12 00:47:51,246 - urllib3.connectionpool - DEBUG - https://oauth.reddit.com:443 "GET /comments/1p2ppaz/?limit=2048&sort=confidence&raw_json=1 HTTP/1.1" 200 20269
2025-12-12 00:47:51,248 - prawcore - DEBUG - Response: 200 (20269 bytes) (rst-129:rem-996.0:used-4 ratelimit) at 1765511271.24853
2025-12-12 00:47:51,261 - prawcore - DEBUG - Fetching: GET https://oauth.reddit.com/r/Bitcoin/about/ at 1765511271.261238
2025-12-12 00:47:51,262 - prawcore - DEBUG - Data: None
2025-12-12 00:47:51,263 - prawcore - DEBUG - Params: {'raw_json': 1}
2025-12-12 00:47:51,451 - urllib3.connectionpool - DEBUG - https://oauth.reddit.com:443 "GET /r/Bitcoin/about/?raw_json=1 HTTP/1.1" 200 5251
2025-12-12 00:47:51,452 - prawcore - DEBUG - Response: 200 (5251 bytes) (rst-128:rem-995.0:used-5 ratelimit) at 1765511271.452223
2025-12-12 00:47:51,452 - prawcore - DEBUG - Fetching: GET https://oauth.reddit.com/user/Green_Candler/about/ at 1765511271.452684
2025-12-12 00:47:51,452 - prawcore - DEBUG - Data: None
2025-12-12 00:47:51,452 - prawcore - DEBUG - Params: {'raw_json': 1}
2025-12-12 00:47:51,646 - urllib3.connectionpool - DEBUG - https://oauth.reddit.com:443 "GET /user/Green_Candler/about/?raw_json=1 HTTP/1.1" 200 844
2025-12-12 00:47:51,646 - prawcore - DEBUG - Response: 200 (844 bytes) (rst-128:rem-994.0:used-6 ratelimit) at 1765511271.646851
2025-12-12 00:47:51,648 - prawcore - DEBUG - Fetching: GET https://oauth.reddit.com/r/Bitcoin/about/ at 1765511271.648834
2025-12-12 00:47:51,648 - prawcore - DEBUG - Data: None
2025-12-12 00:47:51,648 - prawcore - DEBUG - Params: {'raw_json': 1}
2025-12-12 00:47:51,841 - urllib3.connectionpool - DEBUG - https://oauth.reddit.com:443 "GET /r/Bitcoin/about/?raw_json=1 HTTP/1.1" 200 5251
2025-12-12 00:47:51,842 - prawcore - DEBUG - Response: 200 (5251 bytes) (rst-128:rem-993.0:used-7 ratelimit) at 1765511271.8422668
2025-12-12 00:47:51,842 - prawcore - DEBUG - Fetching: GET https://oauth.reddit.com/user/Ashamed-Designer-174/about/ at 1765511271.842672
2025-12-12 00:47:51,842 - prawcore - DEBUG - Data: None
2025-12-12 00:47:51,842 - prawcore - DEBUG - Params: {'raw_json': 1}
2025-12-12 00:47:52,034 - urllib3.connectionpool - DEBUG - https://oauth.reddit.com:443 "GET /user/Ashamed-Designer-174/about/?raw_json=1 HTTP/1.1" 200 746
2025-12-12 00:47:52,035 - prawcore - DEBUG - Response: 200 (746 bytes) (rst-128:rem-992.0:used-8 ratelimit) at 1765511272.035131
2025-12-12 00:47:52,037 - prawcore - DEBUG - Fetching: GET https://oauth.reddit.com/r/Bitcoin/about/ at 1765511272.037018
2025-12-12 00:47:52,037 - prawcore - DEBUG - Data: None
2025-12-12 00:47:52,037 - prawcore - DEBUG - Params: {'raw_json': 1}
2025-12-12 00:47:52,243 - urllib3.connectionpool - DEBUG - https://oauth.reddit.com:443 "GET /r/Bitcoin/about/?raw_json=1 HTTP/1.1" 200 5251
2025-12-12 00:47:52,244 - prawcore - DEBUG - Response: 200 (5251 bytes) (rst-127:rem-991.0:used-9 ratelimit) at 1765511272.244977
2025-12-12 00:47:52,245 - prawcore - DEBUG - Fetching: GET https://oauth.reddit.com/user/I_killed_the_kraken/about/ at 1765511272.245643
2025-12-12 00:47:52,245 - prawcore - DEBUG - Data: None
2025-12-12 00:47:52,245 - prawcore - DEBUG - Params: {'raw_json': 1}
2025-12-12 00:47:52,439 - urllib3.connectionpool - DEBUG - https://oauth.reddit.com:443 "GET /user/I_killed_the_kraken/about/?raw_json=1 HTTP/1.1" 200 1012
2025-12-12 00:47:52,440 - prawcore - DEBUG - Response: 200 (1012 bytes) (rst-127:rem-990.0:used-10 ratelimit) at 1765511272.440346
2025-12-12 00:47:52,443 - prawcore - DEBUG - Fetching: GET https://oauth.reddit.com/comments/1pf7oou/ at 1765511272.4437819
2025-12-12 00:47:52,443 - prawcore - DEBUG - Data: None
2025-12-12 00:47:52,444 - prawcore - DEBUG - Params: {'limit': 2048, 'raw_json': 1, 'sort': 'confidence'}
2025-12-12 00:47:53,962 - urllib3.connectionpool - DEBUG - https://oauth.reddit.com:443 "GET /comments/1pf7oou/?limit=2048&sort=confidence&raw_json=1 HTTP/1.1" 200 50154
2025-12-12 00:47:54,093 - prawcore - DEBUG - Response: 200 (50154 bytes) (rst-127:rem-989.0:used-11 ratelimit) at 1765511274.093594
2025-12-12 00:47:54,130 - prawcore - DEBUG - Fetching: GET https://oauth.reddit.com/r/Anticonsumption/about/ at 1765511274.1304362
2025-12-12 00:47:54,130 - prawcore - DEBUG - Data: None
2025-12-12 00:47:54,130 - prawcore - DEBUG - Params: {'raw_json': 1}
2025-12-12 00:47:54,321 - urllib3.connectionpool - DEBUG - https://oauth.reddit.com:443 "GET /r/Anticonsumption/about/?raw_json=1 HTTP/1.1" 200 4913
2025-12-12 00:47:54,322 - prawcore - DEBUG - Response: 200 (4913 bytes) (rst-125:rem-988.0:used-12 ratelimit) at 1765511274.3221838
2025-12-12 00:47:54,322 - prawcore - DEBUG - Fetching: GET https://oauth.reddit.com/user/gnarlytabby/about/ at 1765511274.3224802
2025-12-12 00:47:54,322 - prawcore - DEBUG - Data: None
2025-12-12 00:47:54,322 - prawcore - DEBUG - Params: {'raw_json': 1}
2025-12-12 00:47:54,511 - urllib3.connectionpool - DEBUG - https://oauth.reddit.com:443 "GET /user/gnarlytabby/about/?raw_json=1 HTTP/1.1" 200 773
2025-12-12 00:47:54,512 - prawcore - DEBUG - Response: 200 (773 bytes) (rst-125:rem-987.0:used-13 ratelimit) at 1765511274.5124962
2025-12-12 00:47:54,513 - prawcore - DEBUG - Fetching: GET https://oauth.reddit.com/r/Bitcoin/about/ at 1765511274.5138052
2025-12-12 00:47:54,513 - prawcore - DEBUG - Data: None
2025-12-12 00:47:54,513 - prawcore - DEBUG - Params: {'raw_json': 1}
2025-12-12 00:47:54,701 - urllib3.connectionpool - DEBUG - https://oauth.reddit.com:443 "GET /r/Bitcoin/about/?raw_json=1 HTTP/1.1" 200 5251
2025-12-12 00:47:54,702 - prawcore - DEBUG - Response: 200 (5251 bytes) (rst-125:rem-986.0:used-14 ratelimit) at 1765511274.702683
2025-12-12 00:47:54,703 - prawcore - DEBUG - Fetching: GET https://oauth.reddit.com/user/Realistts/about/ at 1765511274.703028
2025-12-12 00:47:54,703 - prawcore - DEBUG - Data: None
2025-12-12 00:47:54,703 - prawcore - DEBUG - Params: {'raw_json': 1}
2025-12-12 00:47:54,898 - urllib3.connectionpool - DEBUG - https://oauth.reddit.com:443 "GET /user/Realistts/about/?raw_json=1 HTTP/1.1" 404 None
2025-12-12 00:47:54,898 - prawcore - DEBUG - Response: 404 (None bytes) (rst-125:rem-985.0:used-15 ratelimit) at 1765511274.898722
2025-12-12 00:47:54,898 - UNI_v5 - ERROR - Reddit: Erro na coleta: received 404 HTTP response
2025-12-12 00:47:54,913 - UNI_v5 - DEBUG - Traceback (most recent call last):
  File "/Users/eas/Desktop/github/emersonalmeida/emersonalmeida.github.io/project/uni/uni_v5.py", line 941, in coletar_reddit
    "author_flair": getattr(post.author, 'flair_text', '') if post.author else "",
  File "/Users/eas/Library/Python/3.9/lib/python/site-packages/praw/models/reddit/base.py", line 38, in __getattr__
    self._fetch()
  File "/Users/eas/Library/Python/3.9/lib/python/site-packages/praw/models/reddit/redditor.py", line 181, in _fetch
    data = self._fetch_data()
  File "/Users/eas/Library/Python/3.9/lib/python/site-packages/praw/models/reddit/base.py", line 89, in _fetch_data
    return self._reddit.request(method="GET", params=params, path=path)
  File "/Users/eas/Library/Python/3.9/lib/python/site-packages/praw/util/deprecate_args.py", line 46, in wrapped
    return func(**dict(zip(_old_args, args)), **kwargs)
  File "/Users/eas/Library/Python/3.9/lib/python/site-packages/praw/reddit.py", line 963, in request
    return self._core.request(
  File "/Users/eas/Library/Python/3.9/lib/python/site-packages/prawcore/sessions.py", line 328, in request
    return self._request_with_retries(
  File "/Users/eas/Library/Python/3.9/lib/python/site-packages/prawcore/sessions.py", line 267, in _request_with_retries
    raise self.STATUS_EXCEPTIONS[response.status_code](response)
prawcore.exceptions.NotFound: received 404 HTTP response

2025-12-12 00:47:54,913 - UNI_v5 - INFO - Reddit: 5/5 itens válidos após validação
2025-12-12 00:47:54,913 - UNI_v5 - INFO - Reddit: 5 resultados coletados com sucesso
2025-12-12 00:47:55,085 - UNI_v5 - INFO - Iniciando coleta de Google News para termo 'bitcoin' (limite: 100)
2025-12-12 00:47:55,085 - UNI_v5 - INFO - Google News: Iniciando coleta para 'bitcoin' (limite: 100)
2025-12-12 00:47:55,098 - urllib3.connectionpool - DEBUG - Resetting dropped connection: gnews.io
2025-12-12 00:47:55,674 - urllib3.connectionpool - DEBUG - https://gnews.io:443 "GET /api/v4/search?q=bitcoin&lang=pt&country=br&max=100&apikey=91a7bc222ecfdac6c60019c4fb1ec87c HTTP/1.1" 200 None
2025-12-12 00:47:55,675 - UNI_v5 - INFO - Google News: Coletados 10 resultados com sucesso
2025-12-12 00:47:55,676 - UNI_v5 - INFO - Google News: 10/10 itens válidos após validação
2025-12-12 00:47:55,676 - UNI_v5 - INFO - Google News: 10 resultados coletados com sucesso
2025-12-12 00:47:56,022 - UNI_v5 - INFO - Iniciando coleta de Hacker News para termo 'bitcoin' (limite: 100)
2025-12-12 00:47:56,022 - UNI_v5 - INFO - Hacker News: Iniciando coleta para 'bitcoin' (limite: 100)
2025-12-12 00:47:56,210 - urllib3.connectionpool - DEBUG - Starting new HTTPS connection (1): hn.algolia.com:443
2025-12-12 00:47:56,693 - urllib3.connectionpool - DEBUG - https://hn.algolia.com:443 "GET /api/v1/search?query=bitcoin&tags=story&hitsPerPage=100&numericFilters= HTTP/1.1" 200 130006
2025-12-12 00:47:56,992 - UNI_v5 - INFO - Hacker News: Coletados 100 resultados com sucesso
2025-12-12 00:47:56,992 - UNI_v5 - INFO - Hacker News: 100/100 itens válidos após validação
2025-12-12 00:47:56,993 - UNI_v5 - INFO - Hacker News: 100 resultados coletados com sucesso
2025-12-12 00:48:00,388 - UNI_v5 - INFO - Iniciando coleta de GitHub para termo 'bitcoin' (limite: 100)
2025-12-12 00:48:00,435 - urllib3.connectionpool - DEBUG - Starting new HTTPS connection (1): api.github.com:443
2025-12-12 00:48:02,330 - urllib3.connectionpool - DEBUG - https://api.github.com:443 "GET /search/repositories?q=bitcoin&sort=stars&order=desc&per_page=100 HTTP/1.1" 200 None
2025-12-12 00:48:02,398 - UNI_v5 - INFO - GitHub: Coletados 100 resultados com sucesso
2025-12-12 00:48:02,399 - UNI_v5 - INFO - GitHub: 100/100 itens válidos após validação
2025-12-12 00:48:02,399 - UNI_v5 - INFO - GitHub: 100 resultados coletados com sucesso
2025-12-12 00:48:05,829 - UNI_v5 - INFO - Iniciando coleta de arXiv para termo 'bitcoin' (limite: 100)
2025-12-12 00:48:05,829 - UNI_v5 - INFO - arXiv: Iniciando coleta para 'bitcoin' (limite: 100)
2025-12-12 00:48:05,997 - urllib3.connectionpool - DEBUG - Starting new HTTP connection (1): export.arxiv.org:80
2025-12-12 00:48:06,013 - urllib3.connectionpool - DEBUG - http://export.arxiv.org:80 "GET /api/query?search_query=all:bitcoin&start=0&max_results=100&sortBy=relevance HTTP/1.1" 301 0
2025-12-12 00:48:06,019 - urllib3.connectionpool - DEBUG - Starting new HTTPS connection (1): export.arxiv.org:443
2025-12-12 00:48:06,805 - urllib3.connectionpool - DEBUG - https://export.arxiv.org:443 "GET /api/query?search_query=all:bitcoin&start=0&max_results=100&sortBy=relevance HTTP/1.1" 200 197025
2025-12-12 00:48:06,911 - UNI_v5 - INFO - arXiv: Coletados 100 resultados com sucesso
2025-12-12 00:48:06,912 - UNI_v5 - INFO - arXiv: 100/100 itens válidos após validação
2025-12-12 00:48:06,912 - UNI_v5 - INFO - arXiv: 100 resultados coletados com sucesso
2025-12-12 00:48:10,324 - UNI_v5 - INFO - Iniciando coleta de Wikipedia para termo 'bitcoin' (limite: 50)
2025-12-12 00:48:10,324 - UNI_v5 - INFO - Wikipedia: Iniciando coleta para 'bitcoin' (limite: 50, lang: pt)
2025-12-12 00:48:10,336 - urllib3.connectionpool - DEBUG - Starting new HTTPS connection (1): pt.wikipedia.org:443
2025-12-12 00:48:10,804 - urllib3.connectionpool - DEBUG - https://pt.wikipedia.org:443 "GET /w/api.php?action=query&format=json&list=search&srsearch=bitcoin&srlimit=50&srnamespace=0 HTTP/1.1" 200 None
2025-12-12 00:48:10,816 - urllib3.connectionpool - DEBUG - Starting new HTTPS connection (1): pt.wikipedia.org:443
2025-12-12 00:48:10,922 - urllib3.connectionpool - DEBUG - https://pt.wikipedia.org:443 "GET /api/rest_v1/page/summary/Bitcoin HTTP/1.1" 200 633
2025-12-12 00:48:10,929 - urllib3.connectionpool - DEBUG - Starting new HTTPS connection (1): pt.wikipedia.org:443
2025-12-12 00:48:11,036 - urllib3.connectionpool - DEBUG - https://pt.wikipedia.org:443 "GET /api/rest_v1/page/summary/Satoshi_Nakamoto HTTP/1.1" 200 996
2025-12-12 00:48:11,043 - urllib3.connectionpool - DEBUG - Starting new HTTPS connection (1): pt.wikipedia.org:443
2025-12-12 00:48:11,147 - urllib3.connectionpool - DEBUG - https://pt.wikipedia.org:443 "GET /api/rest_v1/page/summary/Mercado_Bitcoin HTTP/1.1" 200 779
2025-12-12 00:48:11,153 - urllib3.connectionpool - DEBUG - Starting new HTTPS connection (1): pt.wikipedia.org:443
2025-12-12 00:48:11,258 - urllib3.connectionpool - DEBUG - https://pt.wikipedia.org:443 "GET /api/rest_v1/page/summary/Minera%C3%A7%C3%A3o_de_Bitcoin HTTP/1.1" 200 795
2025-12-12 00:48:11,264 - urllib3.connectionpool - DEBUG - Starting new HTTPS connection (1): pt.wikipedia.org:443
2025-12-12 00:48:11,365 - urllib3.connectionpool - DEBUG - https://pt.wikipedia.org:443 "GET /api/rest_v1/page/summary/Litecoin HTTP/1.1" 200 723
2025-12-12 00:48:11,373 - urllib3.connectionpool - DEBUG - Starting new HTTPS connection (1): pt.wikipedia.org:443
2025-12-12 00:48:11,479 - urllib3.connectionpool - DEBUG - https://pt.wikipedia.org:443 "GET /api/rest_v1/page/summary/Monero HTTP/1.1" 200 656
2025-12-12 00:48:11,486 - urllib3.connectionpool - DEBUG - Starting new HTTPS connection (1): pt.wikipedia.org:443
2025-12-12 00:48:11,593 - urllib3.connectionpool - DEBUG - https://pt.wikipedia.org:443 "GET /api/rest_v1/page/summary/Hal_Finney HTTP/1.1" 200 775
2025-12-12 00:48:11,601 - urllib3.connectionpool - DEBUG - Starting new HTTPS connection (1): pt.wikipedia.org:443
2025-12-12 00:48:11,707 - urllib3.connectionpool - DEBUG - https://pt.wikipedia.org:443 "GET /api/rest_v1/page/summary/Vitalik_Buterin HTTP/1.1" 200 631
2025-12-12 00:48:11,716 - urllib3.connectionpool - DEBUG - Starting new HTTPS connection (1): pt.wikipedia.org:443
2025-12-12 00:48:11,822 - urllib3.connectionpool - DEBUG - https://pt.wikipedia.org:443 "GET /api/rest_v1/page/summary/El_Salvador HTTP/1.1" 200 903
2025-12-12 00:48:11,829 - urllib3.connectionpool - DEBUG - Starting new HTTPS connection (1): pt.wikipedia.org:443
2025-12-12 00:48:11,934 - urllib3.connectionpool - DEBUG - https://pt.wikipedia.org:443 "GET /api/rest_v1/page/summary/Criptomoeda HTTP/1.1" 200 946
2025-12-12 00:48:11,941 - urllib3.connectionpool - DEBUG - Starting new HTTPS connection (1): pt.wikipedia.org:443
2025-12-12 00:48:12,050 - urllib3.connectionpool - DEBUG - https://pt.wikipedia.org:443 "GET /api/rest_v1/page/summary/Lista_de_criptomoedas HTTP/1.1" 200 713
2025-12-12 00:48:12,056 - urllib3.connectionpool - DEBUG - Starting new HTTPS connection (1): pt.wikipedia.org:443
2025-12-12 00:48:12,307 - urllib3.connectionpool - DEBUG - https://pt.wikipedia.org:443 "GET /api/rest_v1/page/summary/Lista_de_portas_dos_protocolos_TCP_e_UDP HTTP/1.1" 200 824
2025-12-12 00:48:12,313 - urllib3.connectionpool - DEBUG - Starting new HTTPS connection (1): pt.wikipedia.org:443
2025-12-12 00:48:12,562 - urllib3.connectionpool - DEBUG - https://pt.wikipedia.org:443 "GET /api/rest_v1/page/summary/Tether_(criptomoeda) HTTP/1.1" 200 683
2025-12-12 00:48:12,569 - urllib3.connectionpool - DEBUG - Starting new HTTPS connection (1): pt.wikipedia.org:443
2025-12-12 00:48:12,674 - urllib3.connectionpool - DEBUG - https://pt.wikipedia.org:443 "GET /api/rest_v1/page/summary/Blockchain HTTP/1.1" 200 1002
2025-12-12 00:48:12,681 - urllib3.connectionpool - DEBUG - Starting new HTTPS connection (1): pt.wikipedia.org:443
2025-12-12 00:48:12,785 - urllib3.connectionpool - DEBUG - https://pt.wikipedia.org:443 "GET /api/rest_v1/page/summary/Fazendas_de_Bitcoin HTTP/1.1" 200 732
2025-12-12 00:48:12,793 - urllib3.connectionpool - DEBUG - Starting new HTTPS connection (1): pt.wikipedia.org:443
2025-12-12 00:48:12,899 - urllib3.connectionpool - DEBUG - https://pt.wikipedia.org:443 "GET /api/rest_v1/page/summary/Bitcoin_Cash HTTP/1.1" 200 1160
2025-12-12 00:48:12,905 - urllib3.connectionpool - DEBUG - Starting new HTTPS connection (1): pt.wikipedia.org:443
2025-12-12 00:48:13,010 - urllib3.connectionpool - DEBUG - https://pt.wikipedia.org:443 "GET /api/rest_v1/page/summary/Reserva_estrat%C3%A9gica_de_bitcoin HTTP/1.1" 200 663
2025-12-12 00:48:13,018 - urllib3.connectionpool - DEBUG - Starting new HTTPS connection (1): pt.wikipedia.org:443
2025-12-12 00:48:13,133 - urllib3.connectionpool - DEBUG - https://pt.wikipedia.org:443 "GET /api/rest_v1/page/summary/Nayib_Bukele HTTP/1.1" 200 747
2025-12-12 00:48:13,140 - urllib3.connectionpool - DEBUG - Starting new HTTPS connection (1): pt.wikipedia.org:443
2025-12-12 00:48:13,390 - urllib3.connectionpool - DEBUG - https://pt.wikipedia.org:443 "GET /api/rest_v1/page/summary/Nick_Szabo HTTP/1.1" 200 776
2025-12-12 00:48:13,397 - urllib3.connectionpool - DEBUG - Starting new HTTPS connection (1): pt.wikipedia.org:443
2025-12-12 00:48:13,505 - urllib3.connectionpool - DEBUG - https://pt.wikipedia.org:443 "GET /api/rest_v1/page/summary/Kraken_(empresa) HTTP/1.1" 200 579
2025-12-12 00:48:13,513 - urllib3.connectionpool - DEBUG - Starting new HTTPS connection (1): pt.wikipedia.org:443
2025-12-12 00:48:13,762 - urllib3.connectionpool - DEBUG - https://pt.wikipedia.org:443 "GET /api/rest_v1/page/summary/Dark_web HTTP/1.1" 200 None
2025-12-12 00:48:13,769 - urllib3.connectionpool - DEBUG - Starting new HTTPS connection (1): pt.wikipedia.org:443
2025-12-12 00:48:16,052 - urllib3.connectionpool - DEBUG - https://pt.wikipedia.org:443 "GET /api/rest_v1/page/summary/Mt._Gox HTTP/1.1" 200 777
2025-12-12 00:48:16,073 - urllib3.connectionpool - DEBUG - Starting new HTTPS connection (1): pt.wikipedia.org:443
2025-12-12 00:48:16,322 - urllib3.connectionpool - DEBUG - https://pt.wikipedia.org:443 "GET /api/rest_v1/page/summary/Paulo_Kogos HTTP/1.1" 200 671
2025-12-12 00:48:16,326 - urllib3.connectionpool - DEBUG - Starting new HTTPS connection (1): pt.wikipedia.org:443
2025-12-12 00:48:16,844 - urllib3.connectionpool - DEBUG - https://pt.wikipedia.org:443 "GET /api/rest_v1/page/summary/Charlie_Munger HTTP/1.1" 200 857
2025-12-12 00:48:16,858 - urllib3.connectionpool - DEBUG - Starting new HTTPS connection (1): pt.wikipedia.org:443
2025-12-12 00:48:17,111 - urllib3.connectionpool - DEBUG - https://pt.wikipedia.org:443 "GET /api/rest_v1/page/summary/Altcoins HTTP/1.1" 200 612
2025-12-12 00:48:17,116 - urllib3.connectionpool - DEBUG - Starting new HTTPS connection (1): pt.wikipedia.org:443
2025-12-12 00:48:17,360 - urllib3.connectionpool - DEBUG - https://pt.wikipedia.org:443 "GET /api/rest_v1/page/summary/Uphold HTTP/1.1" 200 None
2025-12-12 00:48:17,407 - urllib3.connectionpool - DEBUG - Starting new HTTPS connection (1): pt.wikipedia.org:443
2025-12-12 00:48:17,730 - urllib3.connectionpool - DEBUG - https://pt.wikipedia.org:443 "GET /api/rest_v1/page/summary/Segunda_presid%C3%AAncia_de_Donald_Trump HTTP/1.1" 200 889
2025-12-12 00:48:17,755 - urllib3.connectionpool - DEBUG - Starting new HTTPS connection (1): pt.wikipedia.org:443
2025-12-12 00:48:18,009 - urllib3.connectionpool - DEBUG - https://pt.wikipedia.org:443 "GET /api/rest_v1/page/summary/Protocolo_de_Pagamento_Ripple HTTP/1.1" 200 None
2025-12-12 00:48:18,018 - urllib3.connectionpool - DEBUG - Starting new HTTPS connection (1): pt.wikipedia.org:443
2025-12-12 00:48:18,270 - urllib3.connectionpool - DEBUG - https://pt.wikipedia.org:443 "GET /api/rest_v1/page/summary/Criptomoedas_no_Brasil HTTP/1.1" 200 904
2025-12-12 00:48:18,278 - urllib3.connectionpool - DEBUG - Starting new HTTPS connection (1): pt.wikipedia.org:443
2025-12-12 00:48:18,535 - urllib3.connectionpool - DEBUG - https://pt.wikipedia.org:443 "GET /api/rest_v1/page/summary/Lord_Vinheteiro HTTP/1.1" 200 738
2025-12-12 00:48:18,538 - urllib3.connectionpool - DEBUG - Starting new HTTPS connection (1): pt.wikipedia.org:443
2025-12-12 00:48:18,799 - urllib3.connectionpool - DEBUG - https://pt.wikipedia.org:443 "GET /api/rest_v1/page/summary/Blaze_(site) HTTP/1.1" 200 698
2025-12-12 00:48:18,839 - urllib3.connectionpool - DEBUG - Starting new HTTPS connection (1): pt.wikipedia.org:443
2025-12-12 00:48:19,185 - urllib3.connectionpool - DEBUG - https://pt.wikipedia.org:443 "GET /api/rest_v1/page/summary/Zcash HTTP/1.1" 200 834
2025-12-12 00:48:19,191 - urllib3.connectionpool - DEBUG - Starting new HTTPS connection (1): pt.wikipedia.org:443
2025-12-12 00:48:19,701 - urllib3.connectionpool - DEBUG - https://pt.wikipedia.org:443 "GET /api/rest_v1/page/summary/Bitcoin_core HTTP/1.1" 200 None
2025-12-12 00:48:19,710 - urllib3.connectionpool - DEBUG - Starting new HTTPS connection (1): pt.wikipedia.org:443
2025-12-12 00:48:19,957 - urllib3.connectionpool - DEBUG - https://pt.wikipedia.org:443 "GET /api/rest_v1/page/summary/Silk_Road HTTP/1.1" 200 610
2025-12-12 00:48:19,960 - urllib3.connectionpool - DEBUG - Starting new HTTPS connection (1): pt.wikipedia.org:443
2025-12-12 00:48:20,201 - urllib3.connectionpool - DEBUG - https://pt.wikipedia.org:443 "GET /api/rest_v1/page/summary/Ethereum HTTP/1.1" 200 753
2025-12-12 00:48:20,206 - urllib3.connectionpool - DEBUG - Starting new HTTPS connection (1): pt.wikipedia.org:443
2025-12-12 00:48:20,451 - urllib3.connectionpool - DEBUG - https://pt.wikipedia.org:443 "GET /api/rest_v1/page/summary/Craig_Steven_Wright HTTP/1.1" 200 674
2025-12-12 00:48:20,458 - urllib3.connectionpool - DEBUG - Starting new HTTPS connection (1): pt.wikipedia.org:443
2025-12-12 00:48:20,705 - urllib3.connectionpool - DEBUG - https://pt.wikipedia.org:443 "GET /api/rest_v1/page/summary/Namecoin HTTP/1.1" 200 678
2025-12-12 00:48:20,713 - urllib3.connectionpool - DEBUG - Starting new HTTPS connection (1): pt.wikipedia.org:443
2025-12-12 00:48:20,963 - urllib3.connectionpool - DEBUG - https://pt.wikipedia.org:443 "GET /api/rest_v1/page/summary/Transa%C3%A7%C3%B5es_de_bitcoin HTTP/1.1" 200 752
2025-12-12 00:48:20,971 - urllib3.connectionpool - DEBUG - Starting new HTTPS connection (1): pt.wikipedia.org:443
2025-12-12 00:48:21,225 - urllib3.connectionpool - DEBUG - https://pt.wikipedia.org:443 "GET /api/rest_v1/page/summary/Lightning_Network HTTP/1.1" 200 629
2025-12-12 00:48:21,241 - urllib3.connectionpool - DEBUG - Starting new HTTPS connection (1): pt.wikipedia.org:443
2025-12-12 00:48:21,509 - urllib3.connectionpool - DEBUG - https://pt.wikipedia.org:443 "GET /api/rest_v1/page/summary/Til HTTP/1.1" 200 None
2025-12-12 00:48:21,522 - urllib3.connectionpool - DEBUG - Starting new HTTPS connection (1): pt.wikipedia.org:443
2025-12-12 00:48:21,763 - urllib3.connectionpool - DEBUG - https://pt.wikipedia.org:443 "GET /api/rest_v1/page/summary/Stablecoin HTTP/1.1" 200 712
2025-12-12 00:48:21,770 - urllib3.connectionpool - DEBUG - Starting new HTTPS connection (1): pt.wikipedia.org:443
2025-12-12 00:48:22,511 - urllib3.connectionpool - DEBUG - https://pt.wikipedia.org:443 "GET /api/rest_v1/page/summary/Binance HTTP/1.1" 200 667
2025-12-12 00:48:22,515 - urllib3.connectionpool - DEBUG - Starting new HTTPS connection (1): pt.wikipedia.org:443
2025-12-12 00:48:22,758 - urllib3.connectionpool - DEBUG - https://pt.wikipedia.org:443 "GET /api/rest_v1/page/summary/Dogecoin HTTP/1.1" 200 766
2025-12-12 00:48:22,766 - urllib3.connectionpool - DEBUG - Starting new HTTPS connection (1): pt.wikipedia.org:443
2025-12-12 00:48:23,017 - urllib3.connectionpool - DEBUG - https://pt.wikipedia.org:443 "GET /api/rest_v1/page/summary/Area_Bitcoin HTTP/1.1" 200 686
2025-12-12 00:48:23,024 - urllib3.connectionpool - DEBUG - Starting new HTTPS connection (1): pt.wikipedia.org:443
2025-12-12 00:48:23,283 - urllib3.connectionpool - DEBUG - https://pt.wikipedia.org:443 "GET /api/rest_v1/page/summary/Bitcoin_Gold HTTP/1.1" 200 617
2025-12-12 00:48:23,291 - urllib3.connectionpool - DEBUG - Starting new HTTPS connection (1): pt.wikipedia.org:443
2025-12-12 00:48:23,979 - urllib3.connectionpool - DEBUG - https://pt.wikipedia.org:443 "GET /api/rest_v1/page/summary/Problema_de_escalabilidade_do_Bitcoin HTTP/1.1" 200 605
2025-12-12 00:48:23,988 - urllib3.connectionpool - DEBUG - Starting new HTTPS connection (1): pt.wikipedia.org:443
2025-12-12 00:48:24,247 - urllib3.connectionpool - DEBUG - https://pt.wikipedia.org:443 "GET /api/rest_v1/page/summary/USD_Coin HTTP/1.1" 200 734
2025-12-12 00:48:24,257 - urllib3.connectionpool - DEBUG - Starting new HTTPS connection (1): pt.wikipedia.org:443
2025-12-12 00:48:24,994 - urllib3.connectionpool - DEBUG - https://pt.wikipedia.org:443 "GET /api/rest_v1/page/summary/GoMining HTTP/1.1" 200 None
2025-12-12 00:48:25,002 - urllib3.connectionpool - DEBUG - Starting new HTTPS connection (1): pt.wikipedia.org:443
2025-12-12 00:48:25,851 - urllib3.connectionpool - DEBUG - https://pt.wikipedia.org:443 "GET /api/rest_v1/page/summary/SegWit HTTP/1.1" 200 None
2025-12-12 00:48:25,861 - urllib3.connectionpool - DEBUG - Starting new HTTPS connection (1): pt.wikipedia.org:443
2025-12-12 00:48:26,112 - urllib3.connectionpool - DEBUG - https://pt.wikipedia.org:443 "GET /api/rest_v1/page/summary/Centro_de_Confinamento_do_Terrorismo HTTP/1.1" 200 None
2025-12-12 00:48:26,117 - UNI_v5 - INFO - Wikipedia: Coletados 50 resultados com sucesso
2025-12-12 00:48:26,119 - UNI_v5 - INFO - Wikipedia: 50/50 itens válidos após validação
2025-12-12 00:48:26,119 - UNI_v5 - INFO - Wikipedia: 50 resultados coletados com sucesso
2025-12-12 00:48:27,833 - UNI_v5 - INFO - Iniciando coleta de Google Scholar para termo 'bitcoin' (limite: 100)
2025-12-12 00:48:27,833 - UNI_v5 - INFO - Google Scholar: Iniciando coleta para 'bitcoin' (limite: 100, tentativa 1/3)
2025-12-12 00:48:27,857 - urllib3.connectionpool - DEBUG - Resetting dropped connection: api.semanticscholar.org
2025-12-12 00:48:29,104 - urllib3.connectionpool - DEBUG - https://api.semanticscholar.org:443 "GET /graph/v1/paper/search?query=bitcoin&limit=100&fields=title%2Cauthors%2Cyear%2Curl%2Cabstract%2CcitationCount%2CreferenceCount%2Cvenue%2CfieldsOfStudy%2CpublicationTypes%2CpublicationDate%2Cjournal%2CexternalIds%2CisOpenAccess%2CopenAccessPdf HTTP/1.1" 200 192293
2025-12-12 00:48:29,470 - UNI_v5 - ERROR - Google Scholar: Erro inesperado: can only join an iterable
2025-12-12 00:48:29,477 - UNI_v5 - DEBUG - Traceback (most recent call last):
  File "/Users/eas/Desktop/github/emersonalmeida/emersonalmeida.github.io/project/uni/uni_v5.py", line 1384, in coletar_scholar
    "fields_of_study": ", ".join(paper.get("fieldsOfStudy", [])),
TypeError: can only join an iterable

2025-12-12 00:48:31,480 - UNI_v5 - INFO - Google Scholar: Iniciando coleta para 'bitcoin' (limite: 100, tentativa 2/3)
2025-12-12 00:48:32,930 - urllib3.connectionpool - DEBUG - https://api.semanticscholar.org:443 "GET /graph/v1/paper/search?query=bitcoin&limit=100&fields=title%2Cauthors%2Cyear%2Curl%2Cabstract%2CcitationCount%2CreferenceCount%2Cvenue%2CfieldsOfStudy%2CpublicationTypes%2CpublicationDate%2Cjournal%2CexternalIds%2CisOpenAccess%2CopenAccessPdf HTTP/1.1" 200 190672
2025-12-12 00:48:33,292 - UNI_v5 - ERROR - Google Scholar: Erro inesperado: can only join an iterable
2025-12-12 00:48:33,292 - UNI_v5 - DEBUG - Traceback (most recent call last):
  File "/Users/eas/Desktop/github/emersonalmeida/emersonalmeida.github.io/project/uni/uni_v5.py", line 1384, in coletar_scholar
    "fields_of_study": ", ".join(paper.get("fieldsOfStudy", [])),
TypeError: can only join an iterable

2025-12-12 00:48:35,294 - UNI_v5 - INFO - Google Scholar: Iniciando coleta para 'bitcoin' (limite: 100, tentativa 3/3)
2025-12-12 00:48:36,524 - urllib3.connectionpool - DEBUG - https://api.semanticscholar.org:443 "GET /graph/v1/paper/search?query=bitcoin&limit=100&fields=title%2Cauthors%2Cyear%2Curl%2Cabstract%2CcitationCount%2CreferenceCount%2Cvenue%2CfieldsOfStudy%2CpublicationTypes%2CpublicationDate%2Cjournal%2CexternalIds%2CisOpenAccess%2CopenAccessPdf HTTP/1.1" 200 192293
2025-12-12 00:48:36,883 - UNI_v5 - ERROR - Google Scholar: Erro inesperado: can only join an iterable
2025-12-12 00:48:36,884 - UNI_v5 - DEBUG - Traceback (most recent call last):
  File "/Users/eas/Desktop/github/emersonalmeida/emersonalmeida.github.io/project/uni/uni_v5.py", line 1384, in coletar_scholar
    "fields_of_study": ", ".join(paper.get("fieldsOfStudy", [])),
TypeError: can only join an iterable

2025-12-12 00:48:36,884 - UNI_v5 - WARNING - Google Scholar: Tentativa 1 não retornou resultados, tentando novamente...
2025-12-12 00:48:38,891 - UNI_v5 - INFO - Google Scholar: Iniciando coleta para 'bitcoin' (limite: 100, tentativa 1/3)
2025-12-12 00:48:39,757 - urllib3.connectionpool - DEBUG - https://api.semanticscholar.org:443 "GET /graph/v1/paper/search?query=bitcoin&limit=100&fields=title%2Cauthors%2Cyear%2Curl%2Cabstract%2CcitationCount%2CreferenceCount%2Cvenue%2CfieldsOfStudy%2CpublicationTypes%2CpublicationDate%2Cjournal%2CexternalIds%2CisOpenAccess%2CopenAccessPdf HTTP/1.1" 200 192293
2025-12-12 00:48:39,777 - UNI_v5 - ERROR - Google Scholar: Erro inesperado: can only join an iterable
2025-12-12 00:48:39,777 - UNI_v5 - DEBUG - Traceback (most recent call last):
  File "/Users/eas/Desktop/github/emersonalmeida/emersonalmeida.github.io/project/uni/uni_v5.py", line 1384, in coletar_scholar
    "fields_of_study": ", ".join(paper.get("fieldsOfStudy", [])),
TypeError: can only join an iterable

2025-12-12 00:48:41,782 - UNI_v5 - INFO - Google Scholar: Iniciando coleta para 'bitcoin' (limite: 100, tentativa 2/3)
2025-12-12 00:48:43,103 - urllib3.connectionpool - DEBUG - https://api.semanticscholar.org:443 "GET /graph/v1/paper/search?query=bitcoin&limit=100&fields=title%2Cauthors%2Cyear%2Curl%2Cabstract%2CcitationCount%2CreferenceCount%2Cvenue%2CfieldsOfStudy%2CpublicationTypes%2CpublicationDate%2Cjournal%2CexternalIds%2CisOpenAccess%2CopenAccessPdf HTTP/1.1" 200 192293
2025-12-12 00:48:43,460 - UNI_v5 - ERROR - Google Scholar: Erro inesperado: can only join an iterable
2025-12-12 00:48:43,461 - UNI_v5 - DEBUG - Traceback (most recent call last):
  File "/Users/eas/Desktop/github/emersonalmeida/emersonalmeida.github.io/project/uni/uni_v5.py", line 1384, in coletar_scholar
    "fields_of_study": ", ".join(paper.get("fieldsOfStudy", [])),
TypeError: can only join an iterable

2025-12-12 00:48:45,466 - UNI_v5 - INFO - Google Scholar: Iniciando coleta para 'bitcoin' (limite: 100, tentativa 3/3)
2025-12-12 00:48:46,652 - urllib3.connectionpool - DEBUG - https://api.semanticscholar.org:443 "GET /graph/v1/paper/search?query=bitcoin&limit=100&fields=title%2Cauthors%2Cyear%2Curl%2Cabstract%2CcitationCount%2CreferenceCount%2Cvenue%2CfieldsOfStudy%2CpublicationTypes%2CpublicationDate%2Cjournal%2CexternalIds%2CisOpenAccess%2CopenAccessPdf HTTP/1.1" 200 192293
2025-12-12 00:48:47,019 - UNI_v5 - ERROR - Google Scholar: Erro inesperado: can only join an iterable
2025-12-12 00:48:47,020 - UNI_v5 - DEBUG - Traceback (most recent call last):
  File "/Users/eas/Desktop/github/emersonalmeida/emersonalmeida.github.io/project/uni/uni_v5.py", line 1384, in coletar_scholar
    "fields_of_study": ", ".join(paper.get("fieldsOfStudy", [])),
TypeError: can only join an iterable

2025-12-12 00:48:47,020 - UNI_v5 - WARNING - Google Scholar: Tentativa 2 não retornou resultados, tentando novamente...
2025-12-12 00:48:49,025 - UNI_v5 - INFO - Google Scholar: Iniciando coleta para 'bitcoin' (limite: 100, tentativa 1/3)
2025-12-12 00:48:50,285 - urllib3.connectionpool - DEBUG - https://api.semanticscholar.org:443 "GET /graph/v1/paper/search?query=bitcoin&limit=100&fields=title%2Cauthors%2Cyear%2Curl%2Cabstract%2CcitationCount%2CreferenceCount%2Cvenue%2CfieldsOfStudy%2CpublicationTypes%2CpublicationDate%2Cjournal%2CexternalIds%2CisOpenAccess%2CopenAccessPdf HTTP/1.1" 200 192293
2025-12-12 00:48:50,647 - UNI_v5 - ERROR - Google Scholar: Erro inesperado: can only join an iterable
2025-12-12 00:48:50,648 - UNI_v5 - DEBUG - Traceback (most recent call last):
  File "/Users/eas/Desktop/github/emersonalmeida/emersonalmeida.github.io/project/uni/uni_v5.py", line 1384, in coletar_scholar
    "fields_of_study": ", ".join(paper.get("fieldsOfStudy", [])),
TypeError: can only join an iterable

2025-12-12 00:48:52,653 - UNI_v5 - INFO - Google Scholar: Iniciando coleta para 'bitcoin' (limite: 100, tentativa 2/3)
2025-12-12 00:48:53,967 - urllib3.connectionpool - DEBUG - https://api.semanticscholar.org:443 "GET /graph/v1/paper/search?query=bitcoin&limit=100&fields=title%2Cauthors%2Cyear%2Curl%2Cabstract%2CcitationCount%2CreferenceCount%2Cvenue%2CfieldsOfStudy%2CpublicationTypes%2CpublicationDate%2Cjournal%2CexternalIds%2CisOpenAccess%2CopenAccessPdf HTTP/1.1" 200 192293
2025-12-12 00:48:54,334 - UNI_v5 - ERROR - Google Scholar: Erro inesperado: can only join an iterable
2025-12-12 00:48:54,338 - UNI_v5 - DEBUG - Traceback (most recent call last):
  File "/Users/eas/Desktop/github/emersonalmeida/emersonalmeida.github.io/project/uni/uni_v5.py", line 1384, in coletar_scholar
    "fields_of_study": ", ".join(paper.get("fieldsOfStudy", [])),
TypeError: can only join an iterable

2025-12-12 00:48:56,343 - UNI_v5 - INFO - Google Scholar: Iniciando coleta para 'bitcoin' (limite: 100, tentativa 3/3)
2025-12-12 00:48:57,815 - urllib3.connectionpool - DEBUG - https://api.semanticscholar.org:443 "GET /graph/v1/paper/search?query=bitcoin&limit=100&fields=title%2Cauthors%2Cyear%2Curl%2Cabstract%2CcitationCount%2CreferenceCount%2Cvenue%2CfieldsOfStudy%2CpublicationTypes%2CpublicationDate%2Cjournal%2CexternalIds%2CisOpenAccess%2CopenAccessPdf HTTP/1.1" 200 192293
2025-12-12 00:48:58,183 - UNI_v5 - ERROR - Google Scholar: Erro inesperado: can only join an iterable
2025-12-12 00:48:58,184 - UNI_v5 - DEBUG - Traceback (most recent call last):
  File "/Users/eas/Desktop/github/emersonalmeida/emersonalmeida.github.io/project/uni/uni_v5.py", line 1384, in coletar_scholar
    "fields_of_study": ", ".join(paper.get("fieldsOfStudy", [])),
TypeError: can only join an iterable

2025-12-12 00:48:58,184 - UNI_v5 - WARNING - Google Scholar: Nenhum resultado válido encontrado após todas as tentativas
2025-12-12 00:48:58,184 - UNI_v5 - INFO - Iniciando coleta de Google Play para termo 'bitcoin' (limite: 50)
2025-12-12 00:48:58,185 - UNI_v5 - INFO - Google Play: Iniciando coleta para 'bitcoin' (limite: 50, tentativa 1/3)
2025-12-12 00:48:58,185 - UNI_v5 - WARNING - Google Play: Tentativa 1 falhou: search() got an unexpected keyword argument 'n'
2025-12-12 00:49:00,189 - UNI_v5 - INFO - Google Play: Iniciando coleta para 'bitcoin' (limite: 50, tentativa 2/3)
2025-12-12 00:49:00,189 - UNI_v5 - WARNING - Google Play: Tentativa 2 falhou: search() got an unexpected keyword argument 'n'
2025-12-12 00:49:02,195 - UNI_v5 - INFO - Google Play: Iniciando coleta para 'bitcoin' (limite: 50, tentativa 3/3)
2025-12-12 00:49:02,195 - UNI_v5 - WARNING - Google Play: Tentativa 3 falhou: search() got an unexpected keyword argument 'n'
2025-12-12 00:49:02,195 - UNI_v5 - ERROR - Google Play: Todas as tentativas falharam
2025-12-12 00:49:02,196 - UNI_v5 - DEBUG - Traceback (most recent call last):
  File "/Users/eas/Desktop/github/emersonalmeida/emersonalmeida.github.io/project/uni/uni_v5.py", line 1438, in coletar_google_play
    apps = gplay_search(term, lang=lang, country=country, n=n)
TypeError: search() got an unexpected keyword argument 'n'

2025-12-12 00:49:02,196 - UNI_v5 - WARNING - Google Play: Tentativa 1 não retornou resultados, tentando novamente...
2025-12-12 00:49:04,201 - UNI_v5 - INFO - Google Play: Iniciando coleta para 'bitcoin' (limite: 50, tentativa 1/3)
2025-12-12 00:49:04,202 - UNI_v5 - WARNING - Google Play: Tentativa 1 falhou: search() got an unexpected keyword argument 'n'
2025-12-12 00:49:06,219 - UNI_v5 - INFO - Google Play: Iniciando coleta para 'bitcoin' (limite: 50, tentativa 2/3)
2025-12-12 00:49:06,233 - UNI_v5 - WARNING - Google Play: Tentativa 2 falhou: search() got an unexpected keyword argument 'n'
2025-12-12 00:49:08,239 - UNI_v5 - INFO - Google Play: Iniciando coleta para 'bitcoin' (limite: 50, tentativa 3/3)
2025-12-12 00:49:08,239 - UNI_v5 - WARNING - Google Play: Tentativa 3 falhou: search() got an unexpected keyword argument 'n'
2025-12-12 00:49:08,239 - UNI_v5 - ERROR - Google Play: Todas as tentativas falharam
2025-12-12 00:49:08,240 - UNI_v5 - DEBUG - Traceback (most recent call last):
  File "/Users/eas/Desktop/github/emersonalmeida/emersonalmeida.github.io/project/uni/uni_v5.py", line 1438, in coletar_google_play
    apps = gplay_search(term, lang=lang, country=country, n=n)
TypeError: search() got an unexpected keyword argument 'n'

2025-12-12 00:49:08,240 - UNI_v5 - WARNING - Google Play: Tentativa 2 não retornou resultados, tentando novamente...
2025-12-12 00:49:10,244 - UNI_v5 - INFO - Google Play: Iniciando coleta para 'bitcoin' (limite: 50, tentativa 1/3)
2025-12-12 00:49:10,244 - UNI_v5 - WARNING - Google Play: Tentativa 1 falhou: search() got an unexpected keyword argument 'n'
2025-12-12 00:49:12,250 - UNI_v5 - INFO - Google Play: Iniciando coleta para 'bitcoin' (limite: 50, tentativa 2/3)
2025-12-12 00:49:12,250 - UNI_v5 - WARNING - Google Play: Tentativa 2 falhou: search() got an unexpected keyword argument 'n'
2025-12-12 00:49:14,256 - UNI_v5 - INFO - Google Play: Iniciando coleta para 'bitcoin' (limite: 50, tentativa 3/3)
2025-12-12 00:49:14,257 - UNI_v5 - WARNING - Google Play: Tentativa 3 falhou: search() got an unexpected keyword argument 'n'
2025-12-12 00:49:14,257 - UNI_v5 - ERROR - Google Play: Todas as tentativas falharam
2025-12-12 00:49:14,258 - UNI_v5 - DEBUG - Traceback (most recent call last):
  File "/Users/eas/Desktop/github/emersonalmeida/emersonalmeida.github.io/project/uni/uni_v5.py", line 1438, in coletar_google_play
    apps = gplay_search(term, lang=lang, country=country, n=n)
TypeError: search() got an unexpected keyword argument 'n'

2025-12-12 00:49:14,258 - UNI_v5 - WARNING - Google Play: Nenhum resultado válido encontrado após todas as tentativas
2025-12-12 00:49:14,259 - UNI_v5 - INFO - Iniciando coleta de Apple App Store para termo 'bitcoin' (limite: 50)
2025-12-12 00:49:14,259 - UNI_v5 - INFO - Apple App Store: Iniciando coleta para 'bitcoin' (limite: 50, tentativa 1/3)
2025-12-12 00:49:14,260 - Base - INFO - Searching for app id
2025-12-12 00:49:14,262 - Base - DEBUG - Making a GET request: https://www.google.com/search
2025-12-12 00:49:14,278 - urllib3.connectionpool - DEBUG - Starting new HTTPS connection (1): www.google.com:443
2025-12-12 00:49:14,474 - urllib3.connectionpool - DEBUG - https://www.google.com:443 "GET /search?q=app+store+bitcoin HTTP/1.1" 200 None
2025-12-12 00:49:14,506 - UNI_v5 - WARNING - Apple App Store: Tentativa 1 falhou: 'NoneType' object has no attribute 'group'
2025-12-12 00:49:16,511 - UNI_v5 - INFO - Apple App Store: Iniciando coleta para 'bitcoin' (limite: 50, tentativa 2/3)
2025-12-12 00:49:16,511 - Base - INFO - Searching for app id
2025-12-12 00:49:16,511 - Base - DEBUG - Making a GET request: https://www.google.com/search
2025-12-12 00:49:16,514 - urllib3.connectionpool - DEBUG - Starting new HTTPS connection (1): www.google.com:443
2025-12-12 00:49:16,708 - urllib3.connectionpool - DEBUG - https://www.google.com:443 "GET /search?q=app+store+bitcoin HTTP/1.1" 200 None
2025-12-12 00:49:16,739 - UNI_v5 - WARNING - Apple App Store: Tentativa 2 falhou: 'NoneType' object has no attribute 'group'
2025-12-12 00:49:18,744 - UNI_v5 - INFO - Apple App Store: Iniciando coleta para 'bitcoin' (limite: 50, tentativa 3/3)
2025-12-12 00:49:18,744 - Base - INFO - Searching for app id
2025-12-12 00:49:18,745 - Base - DEBUG - Making a GET request: https://www.google.com/search
2025-12-12 00:49:18,748 - urllib3.connectionpool - DEBUG - Starting new HTTPS connection (1): www.google.com:443
2025-12-12 00:49:18,946 - urllib3.connectionpool - DEBUG - https://www.google.com:443 "GET /search?q=app+store+bitcoin HTTP/1.1" 200 None
2025-12-12 00:49:19,044 - UNI_v5 - WARNING - Apple App Store: Tentativa 3 falhou: 'NoneType' object has no attribute 'group'
2025-12-12 00:49:19,044 - UNI_v5 - ERROR - Apple App Store: Todas as tentativas falharam
2025-12-12 00:49:19,044 - UNI_v5 - DEBUG - Traceback (most recent call last):
  File "/Users/eas/Desktop/github/emersonalmeida/emersonalmeida.github.io/project/uni/uni_v5.py", line 1534, in coletar_apple_store
    store = AppStore(country=country, app_name=term)
  File "/Users/eas/Library/Python/3.9/lib/python/site-packages/app_store_scraper/app_store.py", line 23, in __init__
    super().__init__(
  File "/Users/eas/Library/Python/3.9/lib/python/site-packages/app_store_scraper/base.py", line 47, in __init__
    app_id = self.search_id()
  File "/Users/eas/Library/Python/3.9/lib/python/site-packages/app_store_scraper/base.py", line 175, in search_id
    app_id = re.search(pattern, self._response.text).group(1)
AttributeError: 'NoneType' object has no attribute 'group'

2025-12-12 00:49:19,044 - UNI_v5 - WARNING - Apple App Store: Tentativa 1 não retornou resultados, tentando novamente...
2025-12-12 00:49:21,047 - UNI_v5 - INFO - Apple App Store: Iniciando coleta para 'bitcoin' (limite: 50, tentativa 1/3)
2025-12-12 00:49:21,048 - Base - INFO - Searching for app id
2025-12-12 00:49:21,048 - Base - DEBUG - Making a GET request: https://www.google.com/search
2025-12-12 00:49:21,050 - urllib3.connectionpool - DEBUG - Starting new HTTPS connection (1): www.google.com:443
2025-12-12 00:49:21,261 - urllib3.connectionpool - DEBUG - https://www.google.com:443 "GET /search?q=app+store+bitcoin HTTP/1.1" 200 None
2025-12-12 00:49:21,351 - UNI_v5 - WARNING - Apple App Store: Tentativa 1 falhou: 'NoneType' object has no attribute 'group'
2025-12-12 00:49:23,352 - UNI_v5 - INFO - Apple App Store: Iniciando coleta para 'bitcoin' (limite: 50, tentativa 2/3)
2025-12-12 00:49:23,353 - Base - INFO - Searching for app id
2025-12-12 00:49:23,353 - Base - DEBUG - Making a GET request: https://www.google.com/search
2025-12-12 00:49:23,358 - urllib3.connectionpool - DEBUG - Starting new HTTPS connection (1): www.google.com:443
2025-12-12 00:49:23,554 - urllib3.connectionpool - DEBUG - https://www.google.com:443 "GET /search?q=app+store+bitcoin HTTP/1.1" 200 None
2025-12-12 00:49:23,649 - UNI_v5 - WARNING - Apple App Store: Tentativa 2 falhou: 'NoneType' object has no attribute 'group'
2025-12-12 00:49:25,655 - UNI_v5 - INFO - Apple App Store: Iniciando coleta para 'bitcoin' (limite: 50, tentativa 3/3)
2025-12-12 00:49:25,655 - Base - INFO - Searching for app id
2025-12-12 00:49:25,656 - Base - DEBUG - Making a GET request: https://www.google.com/search
2025-12-12 00:49:25,662 - urllib3.connectionpool - DEBUG - Starting new HTTPS connection (1): www.google.com:443
2025-12-12 00:49:25,854 - urllib3.connectionpool - DEBUG - https://www.google.com:443 "GET /search?q=app+store+bitcoin HTTP/1.1" 200 None
2025-12-12 00:49:25,884 - UNI_v5 - WARNING - Apple App Store: Tentativa 3 falhou: 'NoneType' object has no attribute 'group'
2025-12-12 00:49:25,884 - UNI_v5 - ERROR - Apple App Store: Todas as tentativas falharam
2025-12-12 00:49:25,884 - UNI_v5 - DEBUG - Traceback (most recent call last):
  File "/Users/eas/Desktop/github/emersonalmeida/emersonalmeida.github.io/project/uni/uni_v5.py", line 1534, in coletar_apple_store
    store = AppStore(country=country, app_name=term)
  File "/Users/eas/Library/Python/3.9/lib/python/site-packages/app_store_scraper/app_store.py", line 23, in __init__
    super().__init__(
  File "/Users/eas/Library/Python/3.9/lib/python/site-packages/app_store_scraper/base.py", line 47, in __init__
    app_id = self.search_id()
  File "/Users/eas/Library/Python/3.9/lib/python/site-packages/app_store_scraper/base.py", line 175, in search_id
    app_id = re.search(pattern, self._response.text).group(1)
AttributeError: 'NoneType' object has no attribute 'group'

2025-12-12 00:49:25,884 - UNI_v5 - WARNING - Apple App Store: Tentativa 2 não retornou resultados, tentando novamente...
2025-12-12 00:49:27,888 - UNI_v5 - INFO - Apple App Store: Iniciando coleta para 'bitcoin' (limite: 50, tentativa 1/3)
2025-12-12 00:49:27,890 - Base - INFO - Searching for app id
2025-12-12 00:49:27,891 - Base - DEBUG - Making a GET request: https://www.google.com/search
2025-12-12 00:49:27,898 - urllib3.connectionpool - DEBUG - Starting new HTTPS connection (1): www.google.com:443
2025-12-12 00:49:28,087 - urllib3.connectionpool - DEBUG - https://www.google.com:443 "GET /search?q=app+store+bitcoin HTTP/1.1" 200 None
2025-12-12 00:49:28,174 - UNI_v5 - WARNING - Apple App Store: Tentativa 1 falhou: 'NoneType' object has no attribute 'group'
2025-12-12 00:49:30,179 - UNI_v5 - INFO - Apple App Store: Iniciando coleta para 'bitcoin' (limite: 50, tentativa 2/3)
2025-12-12 00:49:30,179 - Base - INFO - Searching for app id
2025-12-12 00:49:30,179 - Base - DEBUG - Making a GET request: https://www.google.com/search
2025-12-12 00:49:30,189 - urllib3.connectionpool - DEBUG - Starting new HTTPS connection (1): www.google.com:443
2025-12-12 00:49:30,374 - urllib3.connectionpool - DEBUG - https://www.google.com:443 "GET /search?q=app+store+bitcoin HTTP/1.1" 200 None
2025-12-12 00:49:30,397 - UNI_v5 - WARNING - Apple App Store: Tentativa 2 falhou: 'NoneType' object has no attribute 'group'
2025-12-12 00:49:32,406 - UNI_v5 - INFO - Apple App Store: Iniciando coleta para 'bitcoin' (limite: 50, tentativa 3/3)
2025-12-12 00:49:32,406 - Base - INFO - Searching for app id
2025-12-12 00:49:32,406 - Base - DEBUG - Making a GET request: https://www.google.com/search
2025-12-12 00:49:32,408 - urllib3.connectionpool - DEBUG - Starting new HTTPS connection (1): www.google.com:443
2025-12-12 00:49:32,583 - urllib3.connectionpool - DEBUG - https://www.google.com:443 "GET /search?q=app+store+bitcoin HTTP/1.1" 200 None
2025-12-12 00:49:32,598 - UNI_v5 - WARNING - Apple App Store: Tentativa 3 falhou: 'NoneType' object has no attribute 'group'
2025-12-12 00:49:32,598 - UNI_v5 - ERROR - Apple App Store: Todas as tentativas falharam
2025-12-12 00:49:32,598 - UNI_v5 - DEBUG - Traceback (most recent call last):
  File "/Users/eas/Desktop/github/emersonalmeida/emersonalmeida.github.io/project/uni/uni_v5.py", line 1534, in coletar_apple_store
    store = AppStore(country=country, app_name=term)
  File "/Users/eas/Library/Python/3.9/lib/python/site-packages/app_store_scraper/app_store.py", line 23, in __init__
    super().__init__(
  File "/Users/eas/Library/Python/3.9/lib/python/site-packages/app_store_scraper/base.py", line 47, in __init__
    app_id = self.search_id()
  File "/Users/eas/Library/Python/3.9/lib/python/site-packages/app_store_scraper/base.py", line 175, in search_id
    app_id = re.search(pattern, self._response.text).group(1)
AttributeError: 'NoneType' object has no attribute 'group'

2025-12-12 00:49:32,598 - UNI_v5 - WARNING - Apple App Store: Nenhum resultado válido encontrado após todas as tentativas
2025-12-12 00:49:32,600 - UNI_v5 - INFO - : JSON salvo em metadados_coleta.json
2025-12-12 00:49:32,649 - UNI_v5 - INFO - Google Suggest: 15/15 itens válidos após validação
2025-12-12 00:49:32,665 - UNI_v5 - INFO - Google Suggest: Salvo 15 registros com 8 colunas em google_suggest.csv (0.8 KB)
2025-12-12 00:49:32,665 - UNI_v5 - INFO - SERP - Google: 66/66 itens válidos após validação
2025-12-12 00:49:32,668 - UNI_v5 - INFO - SERP - Google: Salvo 66 registros com 19 colunas em serp___google.csv (63.5 KB)
2025-12-12 00:49:32,668 - UNI_v5 - INFO - SERP - Brave: 60/60 itens válidos após validação
2025-12-12 00:49:32,670 - UNI_v5 - INFO - SERP - Brave: Salvo 60 registros com 13 colunas em serp___brave.csv (23.0 KB)
2025-12-12 00:49:32,670 - UNI_v5 - INFO - SERP - Bing: 10/10 itens válidos após validação
2025-12-12 00:49:32,671 - UNI_v5 - INFO - SERP - Bing: Salvo 10 registros com 13 colunas em serp___bing.csv (3.5 KB)
2025-12-12 00:49:32,671 - UNI_v5 - INFO - YouTube: 25/25 itens válidos após validação
2025-12-12 00:49:32,673 - UNI_v5 - INFO - YouTube: Salvo 25 registros com 30 colunas em youtube.csv (42.4 KB)
2025-12-12 00:49:32,673 - UNI_v5 - INFO - Reddit: 5/5 itens válidos após validação
2025-12-12 00:49:32,674 - UNI_v5 - INFO - Reddit: Salvo 5 registros com 37 colunas em reddit.csv (8.0 KB)
2025-12-12 00:49:32,674 - UNI_v5 - INFO - Google News: 10/10 itens válidos após validação
2025-12-12 00:49:32,676 - UNI_v5 - INFO - Google News: Salvo 10 registros com 13 colunas em google_news.csv (8.4 KB)
2025-12-12 00:49:32,676 - UNI_v5 - INFO - Hacker News: 100/100 itens válidos após validação
2025-12-12 00:49:32,678 - UNI_v5 - INFO - Hacker News: Salvo 100 registros com 18 colunas em hacker_news.csv (25.0 KB)
2025-12-12 00:49:32,679 - UNI_v5 - INFO - GitHub: 100/100 itens válidos após validação
2025-12-12 00:49:32,683 - UNI_v5 - INFO - GitHub: Salvo 100 registros com 38 colunas em github.csv (74.3 KB)
2025-12-12 00:49:32,684 - UNI_v5 - INFO - arXiv: 100/100 itens válidos após validação
2025-12-12 00:49:32,687 - UNI_v5 - INFO - arXiv: Salvo 100 registros com 18 colunas em arxiv.csv (145.5 KB)
2025-12-12 00:49:32,688 - UNI_v5 - INFO - Wikipedia: 50/50 itens válidos após validação
2025-12-12 00:49:32,692 - UNI_v5 - INFO - Wikipedia: Salvo 50 registros com 24 colunas em wikipedia.csv (71.6 KB)
2025-12-12 00:49:32,692 - UNI_v5 - INFO - Iniciando criação da base de dados consolidada...
2025-12-12 00:49:32,739 - UNI_v5 - INFO - Base de dados consolidada salva: 541 registros, 174 colunas, 587.3 KB
2025-12-12 00:49:32,740 - UNI_v5 - WARNING - Não foi possível salvar Excel: No module named 'openpyxl'
2025-12-12 00:49:32,741 - UNI_v5 - INFO - Resumo: JSON salvo em resumo_estatistico_bitcoin_20251212_004932.json
2025-12-12 00:49:32,759 - UNI_v5 - INFO - Consolidado: JSON salvo em resultados_completos.json
2025-12-12 00:58:17,804 - UNI_v5 - INFO - Aplicação encerrada pelo usuário
2025-12-12 01:01:33,337 - UNI_v5 - INFO - Google Suggest: Iniciando coleta para 'bitcoin' (limite: 15)
2025-12-12 01:01:33,372 - urllib3.connectionpool - DEBUG - Starting new HTTPS connection (1): suggestqueries.google.com:443
2025-12-12 01:01:33,559 - urllib3.connectionpool - DEBUG - https://suggestqueries.google.com:443 "GET /complete/search?q=bitcoin&gl=br&client=chrome&hl=top&ds=web HTTP/1.1" 200 95
2025-12-12 01:01:33,562 - UNI_v5 - INFO - Google Suggest: Coletados 0 resultados com sucesso
2025-12-12 01:01:33,562 - UNI_v5 - INFO - Google Suggest: Iniciando coleta para 'bitcoin' (limite: 15)
2025-12-12 01:01:33,652 - urllib3.connectionpool - DEBUG - https://suggestqueries.google.com:443 "GET /complete/search?q=bitcoin&gl=br&client=chrome&hl=a-z&ds=web HTTP/1.1" 200 95
2025-12-12 01:01:33,653 - UNI_v5 - INFO - Google Suggest: Coletados 0 resultados com sucesso
2025-12-12 01:01:33,654 - UNI_v5 - INFO - Google Suggest: Iniciando coleta para 'bitcoin' (limite: 15)
2025-12-12 01:01:33,756 - urllib3.connectionpool - DEBUG - https://suggestqueries.google.com:443 "GET /complete/search?q=bitcoin&gl=br&client=chrome&hl=0-9&ds=web HTTP/1.1" 200 95
2025-12-12 01:01:33,756 - UNI_v5 - INFO - Google Suggest: Coletados 0 resultados com sucesso
2025-12-12 01:01:33,756 - UNI_v5 - INFO - Google Suggest: Iniciando coleta para 'bitcoin' (limite: 15)
2025-12-12 01:01:33,850 - urllib3.connectionpool - DEBUG - https://suggestqueries.google.com:443 "GET /complete/search?q=bitcoin&gl=br&client=chrome&hl=other&ds=web HTTP/1.1" 200 95
2025-12-12 01:01:33,851 - UNI_v5 - INFO - Google Suggest: Coletados 0 resultados com sucesso
2025-12-12 01:01:33,851 - UNI_v5 - INFO - Google Suggest: Iniciando coleta para 'bitcoin' (limite: 15)
2025-12-12 01:01:33,955 - urllib3.connectionpool - DEBUG - https://suggestqueries.google.com:443 "GET /complete/search?q=bitcoin&gl=br&client=chrome&hl=top&ds=youtube HTTP/1.1" 200 95
2025-12-12 01:01:33,956 - UNI_v5 - INFO - Google Suggest: Coletados 0 resultados com sucesso
2025-12-12 01:01:33,956 - UNI_v5 - INFO - Google Suggest: Iniciando coleta para 'bitcoin' (limite: 15)
2025-12-12 01:01:34,106 - urllib3.connectionpool - DEBUG - https://suggestqueries.google.com:443 "GET /complete/search?q=bitcoin&gl=br&client=chrome&hl=a-z&ds=youtube HTTP/1.1" 200 95
2025-12-12 01:01:34,107 - UNI_v5 - INFO - Google Suggest: Coletados 0 resultados com sucesso
2025-12-12 01:01:34,107 - UNI_v5 - INFO - Google Suggest: Iniciando coleta para 'bitcoin' (limite: 15)
2025-12-12 01:01:34,258 - urllib3.connectionpool - DEBUG - https://suggestqueries.google.com:443 "GET /complete/search?q=bitcoin&gl=br&client=chrome&hl=0-9&ds=youtube HTTP/1.1" 200 95
2025-12-12 01:01:34,259 - UNI_v5 - INFO - Google Suggest: Coletados 0 resultados com sucesso
2025-12-12 01:01:34,259 - UNI_v5 - INFO - Google Suggest: Iniciando coleta para 'bitcoin' (limite: 15)
2025-12-12 01:01:34,359 - urllib3.connectionpool - DEBUG - https://suggestqueries.google.com:443 "GET /complete/search?q=bitcoin&gl=br&client=chrome&hl=other&ds=youtube HTTP/1.1" 200 95
2025-12-12 01:01:34,359 - UNI_v5 - INFO - Google Suggest: Coletados 0 resultados com sucesso
2025-12-12 01:01:34,359 - UNI_v5 - INFO - Google Suggest: Iniciando coleta para 'bitcoin' (limite: 15)
2025-12-12 01:01:34,469 - urllib3.connectionpool - DEBUG - https://suggestqueries.google.com:443 "GET /complete/search?q=bitcoin&gl=br&client=chrome&hl=top&ds=news HTTP/1.1" 200 95
2025-12-12 01:01:34,470 - UNI_v5 - INFO - Google Suggest: Coletados 0 resultados com sucesso
2025-12-12 01:01:34,470 - UNI_v5 - INFO - Google Suggest: Iniciando coleta para 'bitcoin' (limite: 15)
2025-12-12 01:01:34,559 - urllib3.connectionpool - DEBUG - https://suggestqueries.google.com:443 "GET /complete/search?q=bitcoin&gl=br&client=chrome&hl=a-z&ds=news HTTP/1.1" 200 95
2025-12-12 01:01:34,559 - UNI_v5 - INFO - Google Suggest: Coletados 0 resultados com sucesso
2025-12-12 01:01:34,559 - UNI_v5 - INFO - Google Suggest: Iniciando coleta para 'bitcoin' (limite: 15)
2025-12-12 01:01:34,648 - urllib3.connectionpool - DEBUG - https://suggestqueries.google.com:443 "GET /complete/search?q=bitcoin&gl=br&client=chrome&hl=0-9&ds=news HTTP/1.1" 200 95
2025-12-12 01:01:34,648 - UNI_v5 - INFO - Google Suggest: Coletados 0 resultados com sucesso
2025-12-12 01:01:34,648 - UNI_v5 - INFO - Google Suggest: Iniciando coleta para 'bitcoin' (limite: 15)
2025-12-12 01:01:34,733 - urllib3.connectionpool - DEBUG - https://suggestqueries.google.com:443 "GET /complete/search?q=bitcoin&gl=br&client=chrome&hl=other&ds=news HTTP/1.1" 200 95
2025-12-12 01:01:34,733 - UNI_v5 - INFO - Google Suggest: Coletados 0 resultados com sucesso
2025-12-12 01:01:34,733 - UNI_v5 - INFO - Google Suggest: Iniciando coleta para 'bitcoin' (limite: 15)
2025-12-12 01:01:34,827 - urllib3.connectionpool - DEBUG - https://suggestqueries.google.com:443 "GET /complete/search?q=bitcoin&gl=br&client=chrome&hl=top&ds=shopping HTTP/1.1" 200 95
2025-12-12 01:01:34,828 - UNI_v5 - INFO - Google Suggest: Coletados 0 resultados com sucesso
2025-12-12 01:01:34,828 - UNI_v5 - INFO - Google Suggest: Iniciando coleta para 'bitcoin' (limite: 15)
2025-12-12 01:01:34,915 - urllib3.connectionpool - DEBUG - https://suggestqueries.google.com:443 "GET /complete/search?q=bitcoin&gl=br&client=chrome&hl=a-z&ds=shopping HTTP/1.1" 200 95
2025-12-12 01:01:34,915 - UNI_v5 - INFO - Google Suggest: Coletados 0 resultados com sucesso
2025-12-12 01:01:34,916 - UNI_v5 - INFO - Google Suggest: Iniciando coleta para 'bitcoin' (limite: 15)
2025-12-12 01:01:35,011 - urllib3.connectionpool - DEBUG - https://suggestqueries.google.com:443 "GET /complete/search?q=bitcoin&gl=br&client=chrome&hl=0-9&ds=shopping HTTP/1.1" 200 95
2025-12-12 01:01:35,012 - UNI_v5 - INFO - Google Suggest: Coletados 0 resultados com sucesso
2025-12-12 01:01:35,012 - UNI_v5 - INFO - Google Suggest: Iniciando coleta para 'bitcoin' (limite: 15)
2025-12-12 01:01:35,099 - urllib3.connectionpool - DEBUG - https://suggestqueries.google.com:443 "GET /complete/search?q=bitcoin&gl=br&client=chrome&hl=other&ds=shopping HTTP/1.1" 200 95
2025-12-12 01:01:35,100 - UNI_v5 - INFO - Google Suggest: Coletados 0 resultados com sucesso
2025-12-12 01:01:35,100 - UNI_v5 - INFO - Google: Iniciando coleta para 'bitcoin' (limite: 20, tentativa 1/3)
2025-12-12 01:01:35,103 - googleapiclient.discovery_cache - INFO - file_cache is only supported with oauth2client<4.0.0
2025-12-12 01:01:35,107 - googleapiclient.discovery - DEBUG - URL being requested: GET https://customsearch.googleapis.com/customsearch/v1?q=bitcoin&cx=f07ccd3b922d6437b&gl=br&lr=lang_pt&start=1&num=10&safe=off&key=AIzaSyBj80B2fwVvFEMtcQU8tPV_NCNaEmQvzhc&alt=json
2025-12-12 01:01:35,745 - googleapiclient.discovery - DEBUG - URL being requested: GET https://customsearch.googleapis.com/customsearch/v1?q=bitcoin&cx=f07ccd3b922d6437b&gl=br&lr=lang_pt&start=11&num=10&safe=off&key=AIzaSyBj80B2fwVvFEMtcQU8tPV_NCNaEmQvzhc&alt=json
2025-12-12 01:01:36,051 - UNI_v5 - INFO - Google: Coletados 20 resultados com sucesso
2025-12-12 01:01:36,052 - UNI_v5 - INFO - Bing: Iniciando coleta para 'bitcoin' (limite: 20, tentativa 1/3)
2025-12-12 01:01:36,056 - urllib3.connectionpool - DEBUG - Starting new HTTPS connection (1): serpapi.com:443
2025-12-12 01:01:36,384 - urllib3.connectionpool - DEBUG - https://serpapi.com:443 "GET /search?engine=bing&q=bitcoin&cc=br&count=20&api_key=e71430bcff8bdc906f7a5ed9ae1538355c2efb0fb88ffa071f7125a76cc2b142&safe=off HTTP/1.1" 200 None
2025-12-12 01:01:36,386 - UNI_v5 - INFO - Bing: Coletados 10 resultados com sucesso
2025-12-12 01:01:36,386 - UNI_v5 - INFO - Brave: Iniciando coleta para 'bitcoin' (limite: 20, tentativa 1/3)
2025-12-12 01:01:36,390 - urllib3.connectionpool - DEBUG - Starting new HTTPS connection (1): api.search.brave.com:443
2025-12-12 01:01:37,483 - urllib3.connectionpool - DEBUG - https://api.search.brave.com:443 "GET /res/v1/web/search?q=bitcoin&count=20&offset=0&country=br&safesearch=off HTTP/1.1" 200 None
2025-12-12 01:01:37,487 - UNI_v5 - INFO - Brave: Coletados 20 resultados com sucesso
2025-12-12 01:01:37,488 - UNI_v5 - INFO - DuckDuckGo: Iniciando coleta para 'bitcoin' (limite: 20, tentativa 1/3)
2025-12-12 01:01:37,488 - UNI_v5 - WARNING - DuckDuckGo: Tentativa 1 falhou: local variable 'DDGS' referenced before assignment
2025-12-12 01:01:39,493 - UNI_v5 - INFO - DuckDuckGo: Iniciando coleta para 'bitcoin' (limite: 20, tentativa 2/3)
2025-12-12 01:01:39,493 - UNI_v5 - WARNING - DuckDuckGo: Tentativa 2 falhou: local variable 'DDGS' referenced before assignment
2025-12-12 01:01:41,498 - UNI_v5 - INFO - DuckDuckGo: Iniciando coleta para 'bitcoin' (limite: 20, tentativa 3/3)
2025-12-12 01:01:41,499 - UNI_v5 - WARNING - DuckDuckGo: Tentativa 3 falhou: local variable 'DDGS' referenced before assignment
2025-12-12 01:01:41,499 - UNI_v5 - ERROR - DuckDuckGo: Todas as tentativas falharam
2025-12-12 01:01:41,502 - UNI_v5 - DEBUG - Traceback (most recent call last):
  File "/Users/eas/Desktop/github/emersonalmeida/emersonalmeida.github.io/project/uni/uni_v5.py", line 501, in coletar_duckduckgo
    with DDGS() as ddgs:
UnboundLocalError: local variable 'DDGS' referenced before assignment

2025-12-12 01:01:41,502 - UNI_v5 - INFO - YouTube: Iniciando coleta para 'bitcoin' (limite: 10)
2025-12-12 01:01:41,503 - googleapiclient.discovery_cache - INFO - file_cache is only supported with oauth2client<4.0.0
2025-12-12 01:01:41,508 - googleapiclient.discovery - DEBUG - URL being requested: GET https://youtube.googleapis.com/youtube/v3/search?part=snippet&q=bitcoin&type=video&maxResults=10&order=relevance&regionCode=BR&relevanceLanguage=pt&key=AIzaSyBj80B2fwVvFEMtcQU8tPV_NCNaEmQvzhc&alt=json
2025-12-12 01:01:41,980 - googleapiclient.discovery - DEBUG - URL being requested: GET https://youtube.googleapis.com/youtube/v3/videos?part=statistics%2CcontentDetails%2Csnippet%2Cstatus&id=Gqdi1B7jKsI%2C4r5G_EWUGqM%2CdloBqocJ39I%2CuYro8SWqirM%2CNsX0dhmdGwk%2CrH6PLR7-2ps%2CHU6nJNbjpZc%2CR4dVZbD1ZdI%2C81PC3PYSVBA%2C-dHFJ25H8p0&key=AIzaSyBj80B2fwVvFEMtcQU8tPV_NCNaEmQvzhc&alt=json
2025-12-12 01:01:42,295 - UNI_v5 - INFO - YouTube: Coletados 10 resultados com sucesso
2025-12-12 01:01:42,295 - UNI_v5 - INFO - YouTube: Iniciando coleta para 'bitcoin' (limite: 10)
2025-12-12 01:01:42,296 - googleapiclient.discovery_cache - INFO - file_cache is only supported with oauth2client<4.0.0
2025-12-12 01:01:42,302 - googleapiclient.discovery - DEBUG - URL being requested: GET https://youtube.googleapis.com/youtube/v3/search?part=snippet&q=bitcoin&type=video&maxResults=10&order=date&regionCode=BR&relevanceLanguage=pt&key=AIzaSyBj80B2fwVvFEMtcQU8tPV_NCNaEmQvzhc&alt=json
2025-12-12 01:01:42,737 - googleapiclient.discovery - DEBUG - URL being requested: GET https://youtube.googleapis.com/youtube/v3/videos?part=statistics%2CcontentDetails%2Csnippet%2Cstatus&id=jGsigMoBOdc%2CD450RoGDmys%2CFYHRBlGoUfg%2CqedWBAAJSLU%2CmwfNYrXd47Y%2Cu_H9gXNc630%2CGk7N5_42oOQ%2CdgUpfAGOpGI%2C5Qt4QVdYxbQ%2CbCP9EbFyeeo&key=AIzaSyBj80B2fwVvFEMtcQU8tPV_NCNaEmQvzhc&alt=json
2025-12-12 01:01:43,072 - UNI_v5 - INFO - YouTube: Coletados 10 resultados com sucesso
2025-12-12 01:01:43,076 - UNI_v5 - INFO - YouTube: Iniciando coleta para 'bitcoin' (limite: 10)
2025-12-12 01:01:43,077 - googleapiclient.discovery_cache - INFO - file_cache is only supported with oauth2client<4.0.0
2025-12-12 01:01:43,100 - googleapiclient.discovery - DEBUG - URL being requested: GET https://youtube.googleapis.com/youtube/v3/search?part=snippet&q=bitcoin&type=video&maxResults=10&order=viewCount&regionCode=BR&relevanceLanguage=pt&key=AIzaSyBj80B2fwVvFEMtcQU8tPV_NCNaEmQvzhc&alt=json
2025-12-12 01:01:43,519 - googleapiclient.discovery - DEBUG - URL being requested: GET https://youtube.googleapis.com/youtube/v3/videos?part=statistics%2CcontentDetails%2Csnippet%2Cstatus&id=8aYr2ueCFvs%2CtrVmDXMaj-M%2CGztiW6DOhck%2CkFgQBPtPfgc%2CqLKADDR7t0E%2Ct_eN9r6-hKQ%2CzhPqD19DjYw%2CYMIZ5mHRO4E%2CwN0OaLUYI2I%2CdQ8b4E6vX-4&key=AIzaSyBj80B2fwVvFEMtcQU8tPV_NCNaEmQvzhc&alt=json
2025-12-12 01:01:43,846 - UNI_v5 - INFO - YouTube: Coletados 10 resultados com sucesso
2025-12-12 01:01:43,847 - UNI_v5 - INFO - YouTube: Iniciando coleta para 'bitcoin' (limite: 10)
2025-12-12 01:01:43,854 - googleapiclient.discovery_cache - INFO - file_cache is only supported with oauth2client<4.0.0
2025-12-12 01:01:43,858 - googleapiclient.discovery - DEBUG - URL being requested: GET https://youtube.googleapis.com/youtube/v3/search?part=snippet&q=bitcoin&type=video&maxResults=10&order=rating&regionCode=BR&relevanceLanguage=pt&key=AIzaSyBj80B2fwVvFEMtcQU8tPV_NCNaEmQvzhc&alt=json
2025-12-12 01:01:44,172 - googleapiclient.discovery - DEBUG - URL being requested: GET https://youtube.googleapis.com/youtube/v3/videos?part=statistics%2CcontentDetails%2Csnippet%2Cstatus&id=7pZWT3fnwTs%2C0h3hh6Z6gIg%2CKbC3h5crmM0%2CFZNbC9RhJWs%2C32G4TUbc6fM%2Cta3O6ipZ-Hk%2CqXROAfLe0_E%2C6SSOx4XSmh8%2CcbR55C2TZ7E%2Cly7tYfnA4N8&key=AIzaSyBj80B2fwVvFEMtcQU8tPV_NCNaEmQvzhc&alt=json
2025-12-12 01:01:44,492 - UNI_v5 - INFO - YouTube: Coletados 10 resultados com sucesso
2025-12-12 01:01:44,583 - UNI_v5 - INFO - Google Play: Iniciando coleta para 'bitcoin' (limite: 10, tentativa 1/3)
2025-12-12 01:01:44,583 - UNI_v5 - WARNING - Google Play: Tentativa 1 falhou: search() got an unexpected keyword argument 'n'
2025-12-12 01:01:46,590 - UNI_v5 - INFO - Google Play: Iniciando coleta para 'bitcoin' (limite: 10, tentativa 2/3)
2025-12-12 01:01:46,591 - UNI_v5 - WARNING - Google Play: Tentativa 2 falhou: search() got an unexpected keyword argument 'n'
2025-12-12 01:01:48,597 - UNI_v5 - INFO - Google Play: Iniciando coleta para 'bitcoin' (limite: 10, tentativa 3/3)
2025-12-12 01:01:48,598 - UNI_v5 - WARNING - Google Play: Tentativa 3 falhou: search() got an unexpected keyword argument 'n'
2025-12-12 01:01:48,598 - UNI_v5 - ERROR - Google Play: Todas as tentativas falharam
2025-12-12 01:01:48,598 - UNI_v5 - DEBUG - Traceback (most recent call last):
  File "/Users/eas/Desktop/github/emersonalmeida/emersonalmeida.github.io/project/uni/uni_v5.py", line 1438, in coletar_google_play
    apps = gplay_search(term, lang=lang, country=country, n=n)
TypeError: search() got an unexpected keyword argument 'n'

2025-12-12 01:01:48,603 - UNI_v5 - INFO - Apple App Store: Iniciando coleta para 'bitcoin' (limite: 10, tentativa 1/3)
2025-12-12 01:01:48,604 - Base - INFO - Searching for app id
2025-12-12 01:01:48,604 - Base - DEBUG - Making a GET request: https://www.google.com/search
2025-12-12 01:01:48,617 - urllib3.connectionpool - DEBUG - Starting new HTTPS connection (1): www.google.com:443
2025-12-12 01:01:48,814 - urllib3.connectionpool - DEBUG - https://www.google.com:443 "GET /search?q=app+store+bitcoin HTTP/1.1" 200 None
2025-12-12 01:01:48,908 - UNI_v5 - WARNING - Apple App Store: Tentativa 1 falhou: 'NoneType' object has no attribute 'group'
2025-12-12 01:01:50,914 - UNI_v5 - INFO - Apple App Store: Iniciando coleta para 'bitcoin' (limite: 10, tentativa 2/3)
2025-12-12 01:01:50,914 - Base - INFO - Searching for app id
2025-12-12 01:01:50,915 - Base - DEBUG - Making a GET request: https://www.google.com/search
2025-12-12 01:01:50,920 - urllib3.connectionpool - DEBUG - Starting new HTTPS connection (1): www.google.com:443
2025-12-12 01:01:51,110 - urllib3.connectionpool - DEBUG - https://www.google.com:443 "GET /search?q=app+store+bitcoin HTTP/1.1" 200 None
2025-12-12 01:01:51,122 - UNI_v5 - WARNING - Apple App Store: Tentativa 2 falhou: 'NoneType' object has no attribute 'group'
2025-12-12 01:01:53,140 - UNI_v5 - INFO - Apple App Store: Iniciando coleta para 'bitcoin' (limite: 10, tentativa 3/3)
2025-12-12 01:01:53,142 - Base - INFO - Searching for app id
2025-12-12 01:01:53,148 - Base - DEBUG - Making a GET request: https://www.google.com/search
2025-12-12 01:01:53,179 - urllib3.connectionpool - DEBUG - Starting new HTTPS connection (1): www.google.com:443
2025-12-12 01:01:53,390 - urllib3.connectionpool - DEBUG - https://www.google.com:443 "GET /search?q=app+store+bitcoin HTTP/1.1" 200 None
2025-12-12 01:01:53,406 - UNI_v5 - WARNING - Apple App Store: Tentativa 3 falhou: 'NoneType' object has no attribute 'group'
2025-12-12 01:01:53,407 - UNI_v5 - ERROR - Apple App Store: Todas as tentativas falharam
2025-12-12 01:01:53,429 - UNI_v5 - DEBUG - Traceback (most recent call last):
  File "/Users/eas/Desktop/github/emersonalmeida/emersonalmeida.github.io/project/uni/uni_v5.py", line 1534, in coletar_apple_store
    store = AppStore(country=country, app_name=term)
  File "/Users/eas/Library/Python/3.9/lib/python/site-packages/app_store_scraper/app_store.py", line 23, in __init__
    super().__init__(
  File "/Users/eas/Library/Python/3.9/lib/python/site-packages/app_store_scraper/base.py", line 47, in __init__
    app_id = self.search_id()
  File "/Users/eas/Library/Python/3.9/lib/python/site-packages/app_store_scraper/base.py", line 175, in search_id
    app_id = re.search(pattern, self._response.text).group(1)
AttributeError: 'NoneType' object has no attribute 'group'

2025-12-12 01:01:53,429 - UNI_v5 - INFO - Reddit: Iniciando coleta para 'bitcoin' (subreddit: all, limite: 10)
2025-12-12 01:01:53,434 - prawcore - DEBUG - Fetching: GET https://oauth.reddit.com/r/all/search/ at 1765512113.43451
2025-12-12 01:01:53,435 - prawcore - DEBUG - Data: None
2025-12-12 01:01:53,435 - prawcore - DEBUG - Params: {'limit': 10,
 'q': 'bitcoin',
 'raw_json': 1,
 'restrict_sr': False,
 'sort': 'relevance',
 'syntax': 'lucene',
 't': 'all'}
2025-12-12 01:01:53,447 - urllib3.connectionpool - DEBUG - Starting new HTTPS connection (1): www.reddit.com:443
2025-12-12 01:01:53,642 - urllib3.connectionpool - DEBUG - https://www.reddit.com:443 "POST /api/v1/access_token HTTP/1.1" 200 652
2025-12-12 01:01:53,645 - urllib3.connectionpool - DEBUG - Starting new HTTPS connection (1): oauth.reddit.com:443
2025-12-12 01:01:54,184 - urllib3.connectionpool - DEBUG - https://oauth.reddit.com:443 "GET /r/all/search/?q=bitcoin&restrict_sr=False&sort=relevance&syntax=lucene&t=all&limit=10&raw_json=1 HTTP/1.1" 200 8387
2025-12-12 01:01:54,225 - prawcore - DEBUG - Response: 200 (8387 bytes) (rst-486:rem-999.0:used-1 ratelimit) at 1765512114.20705
2025-12-12 01:01:54,245 - prawcore - DEBUG - Fetching: GET https://oauth.reddit.com/r/Buttcoin/about/ at 1765512114.245439
2025-12-12 01:01:54,245 - prawcore - DEBUG - Data: None
2025-12-12 01:01:54,245 - prawcore - DEBUG - Params: {'raw_json': 1}
2025-12-12 01:01:54,453 - urllib3.connectionpool - DEBUG - https://oauth.reddit.com:443 "GET /r/Buttcoin/about/?raw_json=1 HTTP/1.1" 200 3588
2025-12-12 01:01:54,457 - prawcore - DEBUG - Response: 200 (3588 bytes) (rst-485:rem-998.0:used-2 ratelimit) at 1765512114.457116
2025-12-12 01:01:54,461 - prawcore - DEBUG - Fetching: GET https://oauth.reddit.com/user/FUMoney/about/ at 1765512114.4612842
2025-12-12 01:01:54,461 - prawcore - DEBUG - Data: None
2025-12-12 01:01:54,461 - prawcore - DEBUG - Params: {'raw_json': 1}
2025-12-12 01:01:54,674 - urllib3.connectionpool - DEBUG - https://oauth.reddit.com:443 "GET /user/FUMoney/about/?raw_json=1 HTTP/1.1" 200 852
2025-12-12 01:01:54,675 - prawcore - DEBUG - Response: 200 (852 bytes) (rst-485:rem-997.0:used-3 ratelimit) at 1765512114.6754391
2025-12-12 01:01:54,676 - prawcore - DEBUG - Fetching: GET https://oauth.reddit.com/comments/1p2ppaz/ at 1765512114.6769652
2025-12-12 01:01:54,677 - prawcore - DEBUG - Data: None
2025-12-12 01:01:54,677 - prawcore - DEBUG - Params: {'limit': 2048, 'raw_json': 1, 'sort': 'confidence'}
2025-12-12 01:01:55,423 - urllib3.connectionpool - DEBUG - https://oauth.reddit.com:443 "GET /comments/1p2ppaz/?limit=2048&sort=confidence&raw_json=1 HTTP/1.1" 200 20281
2025-12-12 01:01:55,429 - prawcore - DEBUG - Response: 200 (20281 bytes) (rst-485:rem-996.0:used-4 ratelimit) at 1765512115.4292538
2025-12-12 01:01:55,540 - prawcore - DEBUG - Fetching: GET https://oauth.reddit.com/r/Bitcoin/about/ at 1765512115.5400572
2025-12-12 01:01:55,540 - prawcore - DEBUG - Data: None
2025-12-12 01:01:55,540 - prawcore - DEBUG - Params: {'raw_json': 1}
2025-12-12 01:01:55,727 - urllib3.connectionpool - DEBUG - https://oauth.reddit.com:443 "GET /r/Bitcoin/about/?raw_json=1 HTTP/1.1" 200 5252
2025-12-12 01:01:55,728 - prawcore - DEBUG - Response: 200 (5252 bytes) (rst-484:rem-995.0:used-5 ratelimit) at 1765512115.7286808
2025-12-12 01:01:55,729 - prawcore - DEBUG - Fetching: GET https://oauth.reddit.com/user/Green_Candler/about/ at 1765512115.729079
2025-12-12 01:01:55,729 - prawcore - DEBUG - Data: None
2025-12-12 01:01:55,729 - prawcore - DEBUG - Params: {'raw_json': 1}
2025-12-12 01:01:55,923 - urllib3.connectionpool - DEBUG - https://oauth.reddit.com:443 "GET /user/Green_Candler/about/?raw_json=1 HTTP/1.1" 200 844
2025-12-12 01:01:55,924 - prawcore - DEBUG - Response: 200 (844 bytes) (rst-484:rem-994.0:used-6 ratelimit) at 1765512115.9242291
2025-12-12 01:01:55,925 - prawcore - DEBUG - Fetching: GET https://oauth.reddit.com/r/Bitcoin/about/ at 1765512115.9255092
2025-12-12 01:01:55,925 - prawcore - DEBUG - Data: None
2025-12-12 01:01:55,925 - prawcore - DEBUG - Params: {'raw_json': 1}
2025-12-12 01:01:56,123 - urllib3.connectionpool - DEBUG - https://oauth.reddit.com:443 "GET /r/Bitcoin/about/?raw_json=1 HTTP/1.1" 200 5252
2025-12-12 01:01:56,123 - prawcore - DEBUG - Response: 200 (5252 bytes) (rst-483:rem-993.0:used-7 ratelimit) at 1765512116.123847
2025-12-12 01:01:56,124 - prawcore - DEBUG - Fetching: GET https://oauth.reddit.com/user/Ashamed-Designer-174/about/ at 1765512116.124151
2025-12-12 01:01:56,124 - prawcore - DEBUG - Data: None
2025-12-12 01:01:56,124 - prawcore - DEBUG - Params: {'raw_json': 1}
2025-12-12 01:01:56,318 - urllib3.connectionpool - DEBUG - https://oauth.reddit.com:443 "GET /user/Ashamed-Designer-174/about/?raw_json=1 HTTP/1.1" 200 746
2025-12-12 01:01:56,323 - prawcore - DEBUG - Response: 200 (746 bytes) (rst-483:rem-992.0:used-8 ratelimit) at 1765512116.323425
2025-12-12 01:01:56,331 - prawcore - DEBUG - Fetching: GET https://oauth.reddit.com/r/Bitcoin/about/ at 1765512116.331798
2025-12-12 01:01:56,331 - prawcore - DEBUG - Data: None
2025-12-12 01:01:56,332 - prawcore - DEBUG - Params: {'raw_json': 1}
2025-12-12 01:01:56,530 - urllib3.connectionpool - DEBUG - https://oauth.reddit.com:443 "GET /r/Bitcoin/about/?raw_json=1 HTTP/1.1" 200 5252
2025-12-12 01:01:56,531 - prawcore - DEBUG - Response: 200 (5252 bytes) (rst-483:rem-991.0:used-9 ratelimit) at 1765512116.531322
2025-12-12 01:01:56,531 - prawcore - DEBUG - Fetching: GET https://oauth.reddit.com/user/I_killed_the_kraken/about/ at 1765512116.531801
2025-12-12 01:01:56,531 - prawcore - DEBUG - Data: None
2025-12-12 01:01:56,531 - prawcore - DEBUG - Params: {'raw_json': 1}
2025-12-12 01:01:56,720 - urllib3.connectionpool - DEBUG - https://oauth.reddit.com:443 "GET /user/I_killed_the_kraken/about/?raw_json=1 HTTP/1.1" 200 1012
2025-12-12 01:01:56,720 - prawcore - DEBUG - Response: 200 (1012 bytes) (rst-483:rem-990.0:used-10 ratelimit) at 1765512116.72075
2025-12-12 01:01:56,722 - prawcore - DEBUG - Fetching: GET https://oauth.reddit.com/comments/1pf7oou/ at 1765512116.722711
2025-12-12 01:01:56,724 - prawcore - DEBUG - Data: None
2025-12-12 01:01:56,724 - prawcore - DEBUG - Params: {'limit': 2048, 'raw_json': 1, 'sort': 'confidence'}
2025-12-12 01:01:58,305 - urllib3.connectionpool - DEBUG - https://oauth.reddit.com:443 "GET /comments/1pf7oou/?limit=2048&sort=confidence&raw_json=1 HTTP/1.1" 200 50139
2025-12-12 01:01:58,429 - prawcore - DEBUG - Response: 200 (50139 bytes) (rst-483:rem-989.0:used-11 ratelimit) at 1765512118.4292932
2025-12-12 01:01:58,448 - prawcore - DEBUG - Fetching: GET https://oauth.reddit.com/r/Anticonsumption/about/ at 1765512118.448086
2025-12-12 01:01:58,448 - prawcore - DEBUG - Data: None
2025-12-12 01:01:58,448 - prawcore - DEBUG - Params: {'raw_json': 1}
2025-12-12 01:01:58,638 - urllib3.connectionpool - DEBUG - https://oauth.reddit.com:443 "GET /r/Anticonsumption/about/?raw_json=1 HTTP/1.1" 200 4913
2025-12-12 01:01:58,639 - prawcore - DEBUG - Response: 200 (4913 bytes) (rst-481:rem-988.0:used-12 ratelimit) at 1765512118.639634
2025-12-12 01:01:58,639 - prawcore - DEBUG - Fetching: GET https://oauth.reddit.com/user/gnarlytabby/about/ at 1765512118.6399748
2025-12-12 01:01:58,640 - prawcore - DEBUG - Data: None
2025-12-12 01:01:58,640 - prawcore - DEBUG - Params: {'raw_json': 1}
2025-12-12 01:01:58,834 - urllib3.connectionpool - DEBUG - https://oauth.reddit.com:443 "GET /user/gnarlytabby/about/?raw_json=1 HTTP/1.1" 200 773
2025-12-12 01:01:58,842 - prawcore - DEBUG - Response: 200 (773 bytes) (rst-481:rem-987.0:used-13 ratelimit) at 1765512118.842436
2025-12-12 01:01:58,850 - prawcore - DEBUG - Fetching: GET https://oauth.reddit.com/r/Bitcoin/about/ at 1765512118.8505962
2025-12-12 01:01:58,850 - prawcore - DEBUG - Data: None
2025-12-12 01:01:58,850 - prawcore - DEBUG - Params: {'raw_json': 1}
2025-12-12 01:01:59,053 - urllib3.connectionpool - DEBUG - https://oauth.reddit.com:443 "GET /r/Bitcoin/about/?raw_json=1 HTTP/1.1" 200 5252
2025-12-12 01:01:59,054 - prawcore - DEBUG - Response: 200 (5252 bytes) (rst-481:rem-986.0:used-14 ratelimit) at 1765512119.054098
2025-12-12 01:01:59,054 - prawcore - DEBUG - Fetching: GET https://oauth.reddit.com/user/Realistts/about/ at 1765512119.0544262
2025-12-12 01:01:59,054 - prawcore - DEBUG - Data: None
2025-12-12 01:01:59,054 - prawcore - DEBUG - Params: {'raw_json': 1}
2025-12-12 01:01:59,259 - urllib3.connectionpool - DEBUG - https://oauth.reddit.com:443 "GET /user/Realistts/about/?raw_json=1 HTTP/1.1" 404 None
2025-12-12 01:01:59,259 - prawcore - DEBUG - Response: 404 (None bytes) (rst-480:rem-985.0:used-15 ratelimit) at 1765512119.2597702
2025-12-12 01:01:59,259 - UNI_v5 - ERROR - Reddit: Erro na coleta: received 404 HTTP response
2025-12-12 01:01:59,271 - UNI_v5 - DEBUG - Traceback (most recent call last):
  File "/Users/eas/Desktop/github/emersonalmeida/emersonalmeida.github.io/project/uni/uni_v5.py", line 941, in coletar_reddit
    "author_flair": getattr(post.author, 'flair_text', '') if post.author else "",
  File "/Users/eas/Library/Python/3.9/lib/python/site-packages/praw/models/reddit/base.py", line 38, in __getattr__
    self._fetch()
  File "/Users/eas/Library/Python/3.9/lib/python/site-packages/praw/models/reddit/redditor.py", line 181, in _fetch
    data = self._fetch_data()
  File "/Users/eas/Library/Python/3.9/lib/python/site-packages/praw/models/reddit/base.py", line 89, in _fetch_data
    return self._reddit.request(method="GET", params=params, path=path)
  File "/Users/eas/Library/Python/3.9/lib/python/site-packages/praw/util/deprecate_args.py", line 46, in wrapped
    return func(**dict(zip(_old_args, args)), **kwargs)
  File "/Users/eas/Library/Python/3.9/lib/python/site-packages/praw/reddit.py", line 963, in request
    return self._core.request(
  File "/Users/eas/Library/Python/3.9/lib/python/site-packages/prawcore/sessions.py", line 328, in request
    return self._request_with_retries(
  File "/Users/eas/Library/Python/3.9/lib/python/site-packages/prawcore/sessions.py", line 267, in _request_with_retries
    raise self.STATUS_EXCEPTIONS[response.status_code](response)
prawcore.exceptions.NotFound: received 404 HTTP response

2025-12-12 01:01:59,272 - UNI_v5 - INFO - Google News: Iniciando coleta para 'bitcoin' (limite: 10)
2025-12-12 01:01:59,292 - urllib3.connectionpool - DEBUG - Starting new HTTPS connection (1): gnews.io:443
2025-12-12 01:01:59,866 - urllib3.connectionpool - DEBUG - https://gnews.io:443 "GET /api/v4/search?q=bitcoin&lang=pt&country=br&max=10&apikey=91a7bc222ecfdac6c60019c4fb1ec87c&from=20 HTTP/1.1" 200 None
2025-12-12 01:01:59,868 - UNI_v5 - INFO - Google News: Coletados 10 resultados com sucesso
2025-12-12 01:01:59,868 - UNI_v5 - INFO - arXiv: Iniciando coleta para 'bitcoin' (limite: 20)
2025-12-12 01:01:59,939 - urllib3.connectionpool - DEBUG - Starting new HTTP connection (1): export.arxiv.org:80
2025-12-12 01:01:59,956 - urllib3.connectionpool - DEBUG - http://export.arxiv.org:80 "GET /api/query?search_query=all:bitcoin&start=0&max_results=20&sortBy=relevance HTTP/1.1" 301 0
2025-12-12 01:01:59,961 - urllib3.connectionpool - DEBUG - Starting new HTTPS connection (1): export.arxiv.org:443
2025-12-12 01:02:00,364 - urllib3.connectionpool - DEBUG - https://export.arxiv.org:443 "GET /api/query?search_query=all:bitcoin&start=0&max_results=20&sortBy=relevance HTTP/1.1" 200 38212
2025-12-12 01:02:00,406 - UNI_v5 - INFO - arXiv: Coletados 20 resultados com sucesso
2025-12-12 01:02:00,406 - UNI_v5 - INFO - Google Scholar: Iniciando coleta para 'bitcoin' (limite: 20, tentativa 1/3)
2025-12-12 01:02:00,432 - urllib3.connectionpool - DEBUG - Starting new HTTPS connection (1): api.semanticscholar.org:443
2025-12-12 01:02:01,788 - urllib3.connectionpool - DEBUG - https://api.semanticscholar.org:443 "GET /graph/v1/paper/search?query=bitcoin&limit=20&fields=title%2Cauthors%2Cyear%2Curl%2Cabstract%2CcitationCount%2CreferenceCount%2Cvenue%2CfieldsOfStudy%2CpublicationTypes%2CpublicationDate%2Cjournal%2CexternalIds%2CisOpenAccess%2CopenAccessPdf HTTP/1.1" 200 42010
2025-12-12 01:02:01,794 - UNI_v5 - ERROR - Google Scholar: Erro inesperado: can only join an iterable
2025-12-12 01:02:01,795 - UNI_v5 - DEBUG - Traceback (most recent call last):
  File "/Users/eas/Desktop/github/emersonalmeida/emersonalmeida.github.io/project/uni/uni_v5.py", line 1384, in coletar_scholar
    "fields_of_study": ", ".join(paper.get("fieldsOfStudy", [])),
TypeError: can only join an iterable

2025-12-12 01:02:03,800 - UNI_v5 - INFO - Google Scholar: Iniciando coleta para 'bitcoin' (limite: 20, tentativa 2/3)
2025-12-12 01:02:04,993 - urllib3.connectionpool - DEBUG - https://api.semanticscholar.org:443 "GET /graph/v1/paper/search?query=bitcoin&limit=20&fields=title%2Cauthors%2Cyear%2Curl%2Cabstract%2CcitationCount%2CreferenceCount%2Cvenue%2CfieldsOfStudy%2CpublicationTypes%2CpublicationDate%2Cjournal%2CexternalIds%2CisOpenAccess%2CopenAccessPdf HTTP/1.1" 200 42010
2025-12-12 01:02:04,994 - UNI_v5 - ERROR - Google Scholar: Erro inesperado: can only join an iterable
2025-12-12 01:02:04,995 - UNI_v5 - DEBUG - Traceback (most recent call last):
  File "/Users/eas/Desktop/github/emersonalmeida/emersonalmeida.github.io/project/uni/uni_v5.py", line 1384, in coletar_scholar
    "fields_of_study": ", ".join(paper.get("fieldsOfStudy", [])),
TypeError: can only join an iterable

2025-12-12 01:02:07,000 - UNI_v5 - INFO - Google Scholar: Iniciando coleta para 'bitcoin' (limite: 20, tentativa 3/3)
2025-12-12 01:02:07,216 - urllib3.connectionpool - DEBUG - https://api.semanticscholar.org:443 "GET /graph/v1/paper/search?query=bitcoin&limit=20&fields=title%2Cauthors%2Cyear%2Curl%2Cabstract%2CcitationCount%2CreferenceCount%2Cvenue%2CfieldsOfStudy%2CpublicationTypes%2CpublicationDate%2Cjournal%2CexternalIds%2CisOpenAccess%2CopenAccessPdf HTTP/1.1" 429 144
2025-12-12 01:02:07,217 - urllib3.util.retry - DEBUG - Incremented Retry for (url='/graph/v1/paper/search?query=bitcoin&limit=20&fields=title%2Cauthors%2Cyear%2Curl%2Cabstract%2CcitationCount%2CreferenceCount%2Cvenue%2CfieldsOfStudy%2CpublicationTypes%2CpublicationDate%2Cjournal%2CexternalIds%2CisOpenAccess%2CopenAccessPdf'): Retry(total=4, connect=None, read=None, redirect=None, status=None)
2025-12-12 01:02:07,217 - urllib3.connectionpool - DEBUG - Retry: /graph/v1/paper/search?query=bitcoin&limit=20&fields=title%2Cauthors%2Cyear%2Curl%2Cabstract%2CcitationCount%2CreferenceCount%2Cvenue%2CfieldsOfStudy%2CpublicationTypes%2CpublicationDate%2Cjournal%2CexternalIds%2CisOpenAccess%2CopenAccessPdf
2025-12-12 01:02:08,603 - urllib3.connectionpool - DEBUG - https://api.semanticscholar.org:443 "GET /graph/v1/paper/search?query=bitcoin&limit=20&fields=title%2Cauthors%2Cyear%2Curl%2Cabstract%2CcitationCount%2CreferenceCount%2Cvenue%2CfieldsOfStudy%2CpublicationTypes%2CpublicationDate%2Cjournal%2CexternalIds%2CisOpenAccess%2CopenAccessPdf HTTP/1.1" 200 42010
2025-12-12 01:02:08,605 - UNI_v5 - ERROR - Google Scholar: Erro inesperado: can only join an iterable
2025-12-12 01:02:08,605 - UNI_v5 - DEBUG - Traceback (most recent call last):
  File "/Users/eas/Desktop/github/emersonalmeida/emersonalmeida.github.io/project/uni/uni_v5.py", line 1384, in coletar_scholar
    "fields_of_study": ", ".join(paper.get("fieldsOfStudy", [])),
TypeError: can only join an iterable

2025-12-12 01:02:08,605 - UNI_v5 - INFO - Wikipedia: Iniciando coleta para 'bitcoin' (limite: 20, lang: pt)
2025-12-12 01:02:08,614 - urllib3.connectionpool - DEBUG - Starting new HTTPS connection (1): pt.wikipedia.org:443
2025-12-12 01:02:08,953 - urllib3.connectionpool - DEBUG - https://pt.wikipedia.org:443 "GET /w/api.php?action=query&format=json&list=search&srsearch=bitcoin&srlimit=20&srnamespace=0 HTTP/1.1" 200 None
2025-12-12 01:02:08,972 - urllib3.connectionpool - DEBUG - Starting new HTTPS connection (1): pt.wikipedia.org:443
2025-12-12 01:02:09,120 - urllib3.connectionpool - DEBUG - https://pt.wikipedia.org:443 "GET /api/rest_v1/page/summary/Bitcoin HTTP/1.1" 200 633
2025-12-12 01:02:09,133 - urllib3.connectionpool - DEBUG - Starting new HTTPS connection (1): pt.wikipedia.org:443
2025-12-12 01:02:09,238 - urllib3.connectionpool - DEBUG - https://pt.wikipedia.org:443 "GET /api/rest_v1/page/summary/Satoshi_Nakamoto HTTP/1.1" 200 996
2025-12-12 01:02:09,244 - urllib3.connectionpool - DEBUG - Starting new HTTPS connection (1): pt.wikipedia.org:443
2025-12-12 01:02:09,488 - urllib3.connectionpool - DEBUG - https://pt.wikipedia.org:443 "GET /api/rest_v1/page/summary/Mercado_Bitcoin HTTP/1.1" 200 779
2025-12-12 01:02:09,491 - urllib3.connectionpool - DEBUG - Starting new HTTPS connection (1): pt.wikipedia.org:443
2025-12-12 01:02:09,587 - urllib3.connectionpool - DEBUG - https://pt.wikipedia.org:443 "GET /api/rest_v1/page/summary/Minera%C3%A7%C3%A3o_de_Bitcoin HTTP/1.1" 200 795
2025-12-12 01:02:09,591 - urllib3.connectionpool - DEBUG - Starting new HTTPS connection (1): pt.wikipedia.org:443
2025-12-12 01:02:09,689 - urllib3.connectionpool - DEBUG - https://pt.wikipedia.org:443 "GET /api/rest_v1/page/summary/Litecoin HTTP/1.1" 200 723
2025-12-12 01:02:09,692 - urllib3.connectionpool - DEBUG - Starting new HTTPS connection (1): pt.wikipedia.org:443
2025-12-12 01:02:09,791 - urllib3.connectionpool - DEBUG - https://pt.wikipedia.org:443 "GET /api/rest_v1/page/summary/Monero HTTP/1.1" 200 656
2025-12-12 01:02:09,795 - urllib3.connectionpool - DEBUG - Starting new HTTPS connection (1): pt.wikipedia.org:443
2025-12-12 01:02:09,891 - urllib3.connectionpool - DEBUG - https://pt.wikipedia.org:443 "GET /api/rest_v1/page/summary/Hal_Finney HTTP/1.1" 200 775
2025-12-12 01:02:09,895 - urllib3.connectionpool - DEBUG - Starting new HTTPS connection (1): pt.wikipedia.org:443
2025-12-12 01:02:09,994 - urllib3.connectionpool - DEBUG - https://pt.wikipedia.org:443 "GET /api/rest_v1/page/summary/Vitalik_Buterin HTTP/1.1" 200 631
2025-12-12 01:02:10,001 - urllib3.connectionpool - DEBUG - Starting new HTTPS connection (1): pt.wikipedia.org:443
2025-12-12 01:02:10,099 - urllib3.connectionpool - DEBUG - https://pt.wikipedia.org:443 "GET /api/rest_v1/page/summary/El_Salvador HTTP/1.1" 200 903
2025-12-12 01:02:10,102 - urllib3.connectionpool - DEBUG - Starting new HTTPS connection (1): pt.wikipedia.org:443
2025-12-12 01:02:10,202 - urllib3.connectionpool - DEBUG - https://pt.wikipedia.org:443 "GET /api/rest_v1/page/summary/Criptomoeda HTTP/1.1" 200 946
2025-12-12 01:02:10,205 - urllib3.connectionpool - DEBUG - Starting new HTTPS connection (1): pt.wikipedia.org:443
2025-12-12 01:02:10,313 - urllib3.connectionpool - DEBUG - https://pt.wikipedia.org:443 "GET /api/rest_v1/page/summary/Lista_de_criptomoedas HTTP/1.1" 200 713
2025-12-12 01:02:10,374 - urllib3.connectionpool - DEBUG - Starting new HTTPS connection (1): pt.wikipedia.org:443
2025-12-12 01:02:10,531 - urllib3.connectionpool - DEBUG - https://pt.wikipedia.org:443 "GET /api/rest_v1/page/summary/Lista_de_portas_dos_protocolos_TCP_e_UDP HTTP/1.1" 200 824
2025-12-12 01:02:10,611 - urllib3.connectionpool - DEBUG - Starting new HTTPS connection (1): pt.wikipedia.org:443
2025-12-12 01:02:10,744 - urllib3.connectionpool - DEBUG - https://pt.wikipedia.org:443 "GET /api/rest_v1/page/summary/Tether_(criptomoeda) HTTP/1.1" 200 683
2025-12-12 01:02:10,754 - urllib3.connectionpool - DEBUG - Starting new HTTPS connection (1): pt.wikipedia.org:443
2025-12-12 01:02:10,869 - urllib3.connectionpool - DEBUG - https://pt.wikipedia.org:443 "GET /api/rest_v1/page/summary/Blockchain HTTP/1.1" 200 1002
2025-12-12 01:02:10,882 - urllib3.connectionpool - DEBUG - Starting new HTTPS connection (1): pt.wikipedia.org:443
2025-12-12 01:02:10,983 - urllib3.connectionpool - DEBUG - https://pt.wikipedia.org:443 "GET /api/rest_v1/page/summary/Fazendas_de_Bitcoin HTTP/1.1" 200 732
2025-12-12 01:02:10,987 - urllib3.connectionpool - DEBUG - Starting new HTTPS connection (1): pt.wikipedia.org:443
2025-12-12 01:02:11,089 - urllib3.connectionpool - DEBUG - https://pt.wikipedia.org:443 "GET /api/rest_v1/page/summary/Bitcoin_Cash HTTP/1.1" 200 1160
2025-12-12 01:02:11,092 - urllib3.connectionpool - DEBUG - Starting new HTTPS connection (1): pt.wikipedia.org:443
2025-12-12 01:02:11,195 - urllib3.connectionpool - DEBUG - https://pt.wikipedia.org:443 "GET /api/rest_v1/page/summary/Nayib_Bukele HTTP/1.1" 200 747
2025-12-12 01:02:11,199 - urllib3.connectionpool - DEBUG - Starting new HTTPS connection (1): pt.wikipedia.org:443
2025-12-12 01:02:11,303 - urllib3.connectionpool - DEBUG - https://pt.wikipedia.org:443 "GET /api/rest_v1/page/summary/Reserva_estrat%C3%A9gica_de_bitcoin HTTP/1.1" 200 663
2025-12-12 01:02:11,306 - urllib3.connectionpool - DEBUG - Starting new HTTPS connection (1): pt.wikipedia.org:443
2025-12-12 01:02:11,570 - urllib3.connectionpool - DEBUG - https://pt.wikipedia.org:443 "GET /api/rest_v1/page/summary/Nick_Szabo HTTP/1.1" 200 776
2025-12-12 01:02:11,574 - urllib3.connectionpool - DEBUG - Starting new HTTPS connection (1): pt.wikipedia.org:443
2025-12-12 01:02:11,680 - urllib3.connectionpool - DEBUG - https://pt.wikipedia.org:443 "GET /api/rest_v1/page/summary/Kraken_(empresa) HTTP/1.1" 200 579
2025-12-12 01:02:11,681 - UNI_v5 - INFO - Wikipedia: Coletados 20 resultados com sucesso
2025-12-12 01:02:11,692 - urllib3.connectionpool - DEBUG - Starting new HTTPS connection (1): api.github.com:443
2025-12-12 01:02:12,388 - urllib3.connectionpool - DEBUG - https://api.github.com:443 "GET /search/repositories?q=bitcoin&sort=stars&order=desc&per_page=20 HTTP/1.1" 200 None
2025-12-12 01:02:12,406 - UNI_v5 - INFO - GitHub: Coletados 20 resultados com sucesso
2025-12-12 01:02:12,406 - UNI_v5 - INFO - Hacker News: Iniciando coleta para 'bitcoin' (limite: 20)
2025-12-12 01:02:12,569 - urllib3.connectionpool - DEBUG - Starting new HTTPS connection (1): hn.algolia.com:443
2025-12-12 01:02:13,176 - urllib3.connectionpool - DEBUG - https://hn.algolia.com:443 "GET /api/v1/search?query=bitcoin&tags=story&hitsPerPage=20&numericFilters= HTTP/1.1" 200 28427
2025-12-12 01:02:13,194 - UNI_v5 - INFO - Hacker News: Coletados 20 resultados com sucesso
2025-12-12 01:02:13,215 - UNI_v5 - INFO - : JSON salvo em metadados_coleta.json
2025-12-12 01:02:13,216 - UNI_v5 - INFO - SERP-Google: 20/20 itens válidos após validação
2025-12-12 01:02:13,249 - UNI_v5 - INFO - SERP-Google: Salvo 20 registros com 19 colunas em serp_google.csv (19.0 KB)
2025-12-12 01:02:13,251 - UNI_v5 - INFO - SERP-Bing: 10/10 itens válidos após validação
2025-12-12 01:02:13,263 - UNI_v5 - INFO - SERP-Bing: Salvo 10 registros com 13 colunas em serp_bing.csv (3.5 KB)
2025-12-12 01:02:13,264 - UNI_v5 - INFO - SERP-Brave: 20/20 itens válidos após validação
2025-12-12 01:02:13,275 - UNI_v5 - INFO - SERP-Brave: Salvo 20 registros com 13 colunas em serp_brave.csv (7.7 KB)
2025-12-12 01:02:13,275 - UNI_v5 - INFO - YouTube-relevance: 10/10 itens válidos após validação
2025-12-12 01:02:13,279 - UNI_v5 - INFO - YouTube-relevance: Salvo 10 registros com 30 colunas em youtube_relevance.csv (23.6 KB)
2025-12-12 01:02:13,279 - UNI_v5 - INFO - YouTube-date: 10/10 itens válidos após validação
2025-12-12 01:02:13,284 - UNI_v5 - INFO - YouTube-date: Salvo 10 registros com 30 colunas em youtube_date.csv (21.2 KB)
2025-12-12 01:02:13,288 - UNI_v5 - INFO - YouTube-viewCount: 10/10 itens válidos após validação
2025-12-12 01:02:13,297 - UNI_v5 - INFO - YouTube-viewCount: Salvo 10 registros com 30 colunas em youtube_viewcount.csv (5.5 KB)
2025-12-12 01:02:13,304 - UNI_v5 - INFO - YouTube-rating: 10/10 itens válidos após validação
2025-12-12 01:02:13,314 - UNI_v5 - INFO - YouTube-rating: Salvo 10 registros com 30 colunas em youtube_rating.csv (10.6 KB)
2025-12-12 01:02:13,315 - UNI_v5 - INFO - Reddit: 5/5 itens válidos após validação
2025-12-12 01:02:13,344 - UNI_v5 - INFO - Reddit: Salvo 5 registros com 37 colunas em reddit.csv (8.0 KB)
2025-12-12 01:02:13,345 - UNI_v5 - INFO - Google News: 10/10 itens válidos após validação
2025-12-12 01:02:13,356 - UNI_v5 - INFO - Google News: Salvo 10 registros com 13 colunas em google_news.csv (8.4 KB)
2025-12-12 01:02:13,357 - UNI_v5 - INFO - arXiv: 20/20 itens válidos após validação
2025-12-12 01:02:13,365 - UNI_v5 - INFO - arXiv: Salvo 20 registros com 18 colunas em arxiv.csv (27.2 KB)
2025-12-12 01:02:13,365 - UNI_v5 - INFO - Wikipedia: 20/20 itens válidos após validação
2025-12-12 01:02:13,371 - UNI_v5 - INFO - Wikipedia: Salvo 20 registros com 24 colunas em wikipedia.csv (29.8 KB)
2025-12-12 01:02:13,373 - UNI_v5 - INFO - GitHub: 20/20 itens válidos após validação
2025-12-12 01:02:13,385 - UNI_v5 - INFO - GitHub: Salvo 20 registros com 38 colunas em github.csv (13.9 KB)
2025-12-12 01:02:13,392 - UNI_v5 - INFO - Hacker News: 20/20 itens válidos após validação
2025-12-12 01:02:13,404 - UNI_v5 - INFO - Hacker News: Salvo 20 registros com 18 colunas em hacker_news.csv (4.2 KB)
2025-12-12 01:02:13,404 - UNI_v5 - INFO - Iniciando criação da base de dados consolidada...
2025-12-12 01:02:13,459 - UNI_v5 - INFO - Base de dados consolidada salva: 185 registros, 168 colunas, 222.7 KB
2025-12-12 01:02:13,462 - UNI_v5 - WARNING - Não foi possível salvar Excel: No module named 'openpyxl'
2025-12-12 01:02:13,463 - UNI_v5 - INFO - Resumo: JSON salvo em resumo_estatistico_bitcoin_20251212_010213.json
2025-12-12 01:02:13,468 - UNI_v5 - INFO - : JSON salvo em resultados_completos.json
2025-12-12 01:02:13,469 - UNI_v5 - INFO - Google Suggest: Iniciando coleta para 'bitcoin' (limite: 15)
2025-12-12 01:02:13,643 - urllib3.connectionpool - DEBUG - https://suggestqueries.google.com:443 "GET /complete/search?q=bitcoin&gl=us&client=chrome&hl=top&ds=web HTTP/1.1" 200 95
2025-12-12 01:02:13,644 - UNI_v5 - INFO - Google Suggest: Coletados 0 resultados com sucesso
2025-12-12 01:02:13,644 - UNI_v5 - INFO - Google Suggest: Iniciando coleta para 'bitcoin' (limite: 15)
2025-12-12 01:02:13,818 - urllib3.connectionpool - DEBUG - https://suggestqueries.google.com:443 "GET /complete/search?q=bitcoin&gl=us&client=chrome&hl=a-z&ds=web HTTP/1.1" 200 95
2025-12-12 01:02:13,818 - UNI_v5 - INFO - Google Suggest: Coletados 0 resultados com sucesso
2025-12-12 01:02:13,818 - UNI_v5 - INFO - Google Suggest: Iniciando coleta para 'bitcoin' (limite: 15)
2025-12-12 01:02:13,994 - urllib3.connectionpool - DEBUG - https://suggestqueries.google.com:443 "GET /complete/search?q=bitcoin&gl=us&client=chrome&hl=0-9&ds=web HTTP/1.1" 200 95
2025-12-12 01:02:13,995 - UNI_v5 - INFO - Google Suggest: Coletados 0 resultados com sucesso
2025-12-12 01:02:13,995 - UNI_v5 - INFO - Google Suggest: Iniciando coleta para 'bitcoin' (limite: 15)
2025-12-12 01:02:14,169 - urllib3.connectionpool - DEBUG - https://suggestqueries.google.com:443 "GET /complete/search?q=bitcoin&gl=us&client=chrome&hl=other&ds=web HTTP/1.1" 200 95
2025-12-12 01:02:14,169 - UNI_v5 - INFO - Google Suggest: Coletados 0 resultados com sucesso
2025-12-12 01:02:14,169 - UNI_v5 - INFO - Google Suggest: Iniciando coleta para 'bitcoin' (limite: 15)
2025-12-12 01:02:14,347 - urllib3.connectionpool - DEBUG - https://suggestqueries.google.com:443 "GET /complete/search?q=bitcoin&gl=us&client=chrome&hl=top&ds=youtube HTTP/1.1" 200 95
2025-12-12 01:02:14,348 - UNI_v5 - INFO - Google Suggest: Coletados 0 resultados com sucesso
2025-12-12 01:02:14,348 - UNI_v5 - INFO - Google Suggest: Iniciando coleta para 'bitcoin' (limite: 15)
2025-12-12 01:02:14,521 - urllib3.connectionpool - DEBUG - https://suggestqueries.google.com:443 "GET /complete/search?q=bitcoin&gl=us&client=chrome&hl=a-z&ds=youtube HTTP/1.1" 200 95
2025-12-12 01:02:14,521 - UNI_v5 - INFO - Google Suggest: Coletados 0 resultados com sucesso
2025-12-12 01:02:14,521 - UNI_v5 - INFO - Google Suggest: Iniciando coleta para 'bitcoin' (limite: 15)
2025-12-12 01:02:14,722 - urllib3.connectionpool - DEBUG - https://suggestqueries.google.com:443 "GET /complete/search?q=bitcoin&gl=us&client=chrome&hl=0-9&ds=youtube HTTP/1.1" 200 95
2025-12-12 01:02:14,724 - UNI_v5 - INFO - Google Suggest: Coletados 0 resultados com sucesso
2025-12-12 01:02:14,724 - UNI_v5 - INFO - Google Suggest: Iniciando coleta para 'bitcoin' (limite: 15)
2025-12-12 01:02:15,054 - urllib3.connectionpool - DEBUG - https://suggestqueries.google.com:443 "GET /complete/search?q=bitcoin&gl=us&client=chrome&hl=other&ds=youtube HTTP/1.1" 200 95
2025-12-12 01:02:15,064 - UNI_v5 - INFO - Google Suggest: Coletados 0 resultados com sucesso
2025-12-12 01:02:15,064 - UNI_v5 - INFO - Google Suggest: Iniciando coleta para 'bitcoin' (limite: 15)
2025-12-12 01:02:15,228 - urllib3.connectionpool - DEBUG - https://suggestqueries.google.com:443 "GET /complete/search?q=bitcoin&gl=us&client=chrome&hl=top&ds=news HTTP/1.1" 200 95
2025-12-12 01:02:15,229 - UNI_v5 - INFO - Google Suggest: Coletados 0 resultados com sucesso
2025-12-12 01:02:15,229 - UNI_v5 - INFO - Google Suggest: Iniciando coleta para 'bitcoin' (limite: 15)
2025-12-12 01:02:15,403 - urllib3.connectionpool - DEBUG - https://suggestqueries.google.com:443 "GET /complete/search?q=bitcoin&gl=us&client=chrome&hl=a-z&ds=news HTTP/1.1" 200 95
2025-12-12 01:02:15,404 - UNI_v5 - INFO - Google Suggest: Coletados 0 resultados com sucesso
2025-12-12 01:02:15,404 - UNI_v5 - INFO - Google Suggest: Iniciando coleta para 'bitcoin' (limite: 15)
2025-12-12 01:02:15,578 - urllib3.connectionpool - DEBUG - https://suggestqueries.google.com:443 "GET /complete/search?q=bitcoin&gl=us&client=chrome&hl=0-9&ds=news HTTP/1.1" 200 95
2025-12-12 01:02:15,578 - UNI_v5 - INFO - Google Suggest: Coletados 0 resultados com sucesso
2025-12-12 01:02:15,578 - UNI_v5 - INFO - Google Suggest: Iniciando coleta para 'bitcoin' (limite: 15)
2025-12-12 01:02:15,677 - urllib3.connectionpool - DEBUG - https://suggestqueries.google.com:443 "GET /complete/search?q=bitcoin&gl=us&client=chrome&hl=other&ds=news HTTP/1.1" 200 95
2025-12-12 01:02:15,678 - UNI_v5 - INFO - Google Suggest: Coletados 0 resultados com sucesso
2025-12-12 01:02:15,678 - UNI_v5 - INFO - Google Suggest: Iniciando coleta para 'bitcoin' (limite: 15)
2025-12-12 01:02:15,767 - urllib3.connectionpool - DEBUG - https://suggestqueries.google.com:443 "GET /complete/search?q=bitcoin&gl=us&client=chrome&hl=top&ds=shopping HTTP/1.1" 200 95
2025-12-12 01:02:15,767 - UNI_v5 - INFO - Google Suggest: Coletados 0 resultados com sucesso
2025-12-12 01:02:15,767 - UNI_v5 - INFO - Google Suggest: Iniciando coleta para 'bitcoin' (limite: 15)
2025-12-12 01:02:15,866 - urllib3.connectionpool - DEBUG - https://suggestqueries.google.com:443 "GET /complete/search?q=bitcoin&gl=us&client=chrome&hl=a-z&ds=shopping HTTP/1.1" 200 95
2025-12-12 01:02:15,866 - UNI_v5 - INFO - Google Suggest: Coletados 0 resultados com sucesso
2025-12-12 01:02:15,866 - UNI_v5 - INFO - Google Suggest: Iniciando coleta para 'bitcoin' (limite: 15)
2025-12-12 01:02:15,963 - urllib3.connectionpool - DEBUG - https://suggestqueries.google.com:443 "GET /complete/search?q=bitcoin&gl=us&client=chrome&hl=0-9&ds=shopping HTTP/1.1" 200 95
2025-12-12 01:02:15,963 - UNI_v5 - INFO - Google Suggest: Coletados 0 resultados com sucesso
2025-12-12 01:02:15,964 - UNI_v5 - INFO - Google Suggest: Iniciando coleta para 'bitcoin' (limite: 15)
2025-12-12 01:02:16,075 - urllib3.connectionpool - DEBUG - https://suggestqueries.google.com:443 "GET /complete/search?q=bitcoin&gl=us&client=chrome&hl=other&ds=shopping HTTP/1.1" 200 95
2025-12-12 01:02:16,075 - UNI_v5 - INFO - Google Suggest: Coletados 0 resultados com sucesso
2025-12-12 01:02:16,075 - UNI_v5 - INFO - Google: Iniciando coleta para 'bitcoin' (limite: 20, tentativa 1/3)
2025-12-12 01:02:16,077 - googleapiclient.discovery_cache - INFO - file_cache is only supported with oauth2client<4.0.0
2025-12-12 01:02:16,081 - googleapiclient.discovery - DEBUG - URL being requested: GET https://customsearch.googleapis.com/customsearch/v1?q=bitcoin&cx=f07ccd3b922d6437b&gl=us&lr=lang_pt&start=1&num=10&safe=off&key=AIzaSyBj80B2fwVvFEMtcQU8tPV_NCNaEmQvzhc&alt=json
2025-12-12 01:02:16,820 - googleapiclient.discovery - DEBUG - URL being requested: GET https://customsearch.googleapis.com/customsearch/v1?q=bitcoin&cx=f07ccd3b922d6437b&gl=us&lr=lang_pt&start=11&num=10&safe=off&key=AIzaSyBj80B2fwVvFEMtcQU8tPV_NCNaEmQvzhc&alt=json
2025-12-12 01:02:17,112 - UNI_v5 - INFO - Google: Coletados 20 resultados com sucesso
2025-12-12 01:02:17,112 - UNI_v5 - INFO - Bing: Iniciando coleta para 'bitcoin' (limite: 20, tentativa 1/3)
2025-12-12 01:02:22,232 - urllib3.connectionpool - DEBUG - https://serpapi.com:443 "GET /search?engine=bing&q=bitcoin&cc=us&count=20&api_key=e71430bcff8bdc906f7a5ed9ae1538355c2efb0fb88ffa071f7125a76cc2b142&safe=off HTTP/1.1" 200 None
2025-12-12 01:02:22,237 - UNI_v5 - INFO - Bing: Coletados 10 resultados com sucesso
2025-12-12 01:02:22,237 - UNI_v5 - INFO - Brave: Iniciando coleta para 'bitcoin' (limite: 20, tentativa 1/3)
2025-12-12 01:02:22,813 - urllib3.connectionpool - DEBUG - https://api.search.brave.com:443 "GET /res/v1/web/search?q=bitcoin&count=20&offset=0&country=us&safesearch=off HTTP/1.1" 200 None
2025-12-12 01:02:22,814 - UNI_v5 - INFO - Brave: Coletados 20 resultados com sucesso
2025-12-12 01:02:22,814 - UNI_v5 - INFO - DuckDuckGo: Iniciando coleta para 'bitcoin' (limite: 20, tentativa 1/3)
2025-12-12 01:02:22,814 - UNI_v5 - WARNING - DuckDuckGo: Tentativa 1 falhou: local variable 'DDGS' referenced before assignment
2025-12-12 01:02:24,820 - UNI_v5 - INFO - DuckDuckGo: Iniciando coleta para 'bitcoin' (limite: 20, tentativa 2/3)
2025-12-12 01:02:24,824 - UNI_v5 - WARNING - DuckDuckGo: Tentativa 2 falhou: local variable 'DDGS' referenced before assignment
2025-12-12 01:02:26,829 - UNI_v5 - INFO - DuckDuckGo: Iniciando coleta para 'bitcoin' (limite: 20, tentativa 3/3)
2025-12-12 01:02:26,830 - UNI_v5 - WARNING - DuckDuckGo: Tentativa 3 falhou: local variable 'DDGS' referenced before assignment
2025-12-12 01:02:26,830 - UNI_v5 - ERROR - DuckDuckGo: Todas as tentativas falharam
2025-12-12 01:02:26,832 - UNI_v5 - DEBUG - Traceback (most recent call last):
  File "/Users/eas/Desktop/github/emersonalmeida/emersonalmeida.github.io/project/uni/uni_v5.py", line 501, in coletar_duckduckgo
    with DDGS() as ddgs:
UnboundLocalError: local variable 'DDGS' referenced before assignment

2025-12-12 01:02:26,832 - UNI_v5 - INFO - YouTube: Iniciando coleta para 'bitcoin' (limite: 10)
2025-12-12 01:02:26,839 - googleapiclient.discovery_cache - INFO - file_cache is only supported with oauth2client<4.0.0
2025-12-12 01:02:26,853 - googleapiclient.discovery - DEBUG - URL being requested: GET https://youtube.googleapis.com/youtube/v3/search?part=snippet&q=bitcoin&type=video&maxResults=10&order=relevance&regionCode=US&relevanceLanguage=pt&key=AIzaSyBj80B2fwVvFEMtcQU8tPV_NCNaEmQvzhc&alt=json
2025-12-12 01:02:27,318 - googleapiclient.discovery - DEBUG - URL being requested: GET https://youtube.googleapis.com/youtube/v3/videos?part=statistics%2CcontentDetails%2Csnippet%2Cstatus&id=JWUeyIQ-cb8%2Cu_H9gXNc630%2CeN0aGirkevM%2CY8EbJz2b6CY%2CdHLB-NAeSjg%2CVXZZYeCuM-U%2C4cVGR6n7ttY%2CfI2EU2gVT4U%2C0fYLQPZKnDo%2Chb65Hdq0_sY&key=AIzaSyBj80B2fwVvFEMtcQU8tPV_NCNaEmQvzhc&alt=json
2025-12-12 01:02:27,648 - UNI_v5 - INFO - YouTube: Coletados 10 resultados com sucesso
2025-12-12 01:02:27,648 - UNI_v5 - INFO - YouTube: Iniciando coleta para 'bitcoin' (limite: 10)
2025-12-12 01:02:27,651 - googleapiclient.discovery_cache - INFO - file_cache is only supported with oauth2client<4.0.0
2025-12-12 01:02:27,658 - googleapiclient.discovery - DEBUG - URL being requested: GET https://youtube.googleapis.com/youtube/v3/search?part=snippet&q=bitcoin&type=video&maxResults=10&order=date&regionCode=US&relevanceLanguage=pt&key=AIzaSyBj80B2fwVvFEMtcQU8tPV_NCNaEmQvzhc&alt=json
2025-12-12 01:02:28,100 - googleapiclient.discovery - DEBUG - URL being requested: GET https://youtube.googleapis.com/youtube/v3/videos?part=statistics%2CcontentDetails%2Csnippet%2Cstatus&id=S37kHbzPq0g%2Cn-6REaYpY44%2CAlpuLg-C0No%2Cx1OYLjZNRYI%2CjGsigMoBOdc%2CD450RoGDmys%2CiTDSlTPLuSw%2CqedWBAAJSLU%2CCG26MPrjT1I%2Cu_H9gXNc630&key=AIzaSyBj80B2fwVvFEMtcQU8tPV_NCNaEmQvzhc&alt=json
2025-12-12 01:02:28,420 - UNI_v5 - INFO - YouTube: Coletados 10 resultados com sucesso
2025-12-12 01:02:28,421 - UNI_v5 - INFO - YouTube: Iniciando coleta para 'bitcoin' (limite: 10)
2025-12-12 01:02:28,424 - googleapiclient.discovery_cache - INFO - file_cache is only supported with oauth2client<4.0.0
2025-12-12 01:02:28,437 - googleapiclient.discovery - DEBUG - URL being requested: GET https://youtube.googleapis.com/youtube/v3/search?part=snippet&q=bitcoin&type=video&maxResults=10&order=viewCount&regionCode=US&relevanceLanguage=pt&key=AIzaSyBj80B2fwVvFEMtcQU8tPV_NCNaEmQvzhc&alt=json
2025-12-12 01:02:28,900 - googleapiclient.discovery - DEBUG - URL being requested: GET https://youtube.googleapis.com/youtube/v3/videos?part=statistics%2CcontentDetails%2Csnippet%2Cstatus&id=8aYr2ueCFvs%2CtrVmDXMaj-M%2CGztiW6DOhck%2CkFgQBPtPfgc%2CqLKADDR7t0E%2CzhPqD19DjYw%2CYMIZ5mHRO4E%2CwN0OaLUYI2I%2CdQ8b4E6vX-4%2CmHwNoZ2C8wU&key=AIzaSyBj80B2fwVvFEMtcQU8tPV_NCNaEmQvzhc&alt=json
2025-12-12 01:02:29,220 - UNI_v5 - INFO - YouTube: Coletados 10 resultados com sucesso
2025-12-12 01:02:29,221 - UNI_v5 - INFO - YouTube: Iniciando coleta para 'bitcoin' (limite: 10)
2025-12-12 01:02:29,222 - googleapiclient.discovery_cache - INFO - file_cache is only supported with oauth2client<4.0.0
2025-12-12 01:02:29,228 - googleapiclient.discovery - DEBUG - URL being requested: GET https://youtube.googleapis.com/youtube/v3/search?part=snippet&q=bitcoin&type=video&maxResults=10&order=rating&regionCode=US&relevanceLanguage=pt&key=AIzaSyBj80B2fwVvFEMtcQU8tPV_NCNaEmQvzhc&alt=json
2025-12-12 01:02:29,544 - googleapiclient.discovery - DEBUG - URL being requested: GET https://youtube.googleapis.com/youtube/v3/videos?part=statistics%2CcontentDetails%2Csnippet%2Cstatus&id=7pZWT3fnwTs%2C0h3hh6Z6gIg%2CKbC3h5crmM0%2CFZNbC9RhJWs%2CrCjcg1eILRs%2CiTDSlTPLuSw%2Cta3O6ipZ-Hk%2C8ufbav2kM7Y%2C6SSOx4XSmh8%2CcbR55C2TZ7E&key=AIzaSyBj80B2fwVvFEMtcQU8tPV_NCNaEmQvzhc&alt=json
2025-12-12 01:02:29,865 - UNI_v5 - INFO - YouTube: Coletados 10 resultados com sucesso
2025-12-12 01:02:29,866 - UNI_v5 - INFO - Google Play: Iniciando coleta para 'bitcoin' (limite: 10, tentativa 1/3)
2025-12-12 01:02:29,866 - UNI_v5 - WARNING - Google Play: Tentativa 1 falhou: search() got an unexpected keyword argument 'n'
2025-12-12 01:02:31,871 - UNI_v5 - INFO - Google Play: Iniciando coleta para 'bitcoin' (limite: 10, tentativa 2/3)
2025-12-12 01:02:31,871 - UNI_v5 - WARNING - Google Play: Tentativa 2 falhou: search() got an unexpected keyword argument 'n'
2025-12-12 01:02:33,876 - UNI_v5 - INFO - Google Play: Iniciando coleta para 'bitcoin' (limite: 10, tentativa 3/3)
2025-12-12 01:02:33,877 - UNI_v5 - WARNING - Google Play: Tentativa 3 falhou: search() got an unexpected keyword argument 'n'
2025-12-12 01:02:33,877 - UNI_v5 - ERROR - Google Play: Todas as tentativas falharam
2025-12-12 01:02:33,878 - UNI_v5 - DEBUG - Traceback (most recent call last):
  File "/Users/eas/Desktop/github/emersonalmeida/emersonalmeida.github.io/project/uni/uni_v5.py", line 1438, in coletar_google_play
    apps = gplay_search(term, lang=lang, country=country, n=n)
TypeError: search() got an unexpected keyword argument 'n'

2025-12-12 01:02:33,878 - UNI_v5 - INFO - Apple App Store: Iniciando coleta para 'bitcoin' (limite: 10, tentativa 1/3)
2025-12-12 01:02:33,878 - Base - INFO - Searching for app id
2025-12-12 01:02:33,880 - Base - DEBUG - Making a GET request: https://www.google.com/search
2025-12-12 01:02:33,885 - urllib3.connectionpool - DEBUG - Starting new HTTPS connection (1): www.google.com:443
2025-12-12 01:02:34,092 - urllib3.connectionpool - DEBUG - https://www.google.com:443 "GET /search?q=app+store+bitcoin HTTP/1.1" 200 None
2025-12-12 01:02:34,186 - UNI_v5 - WARNING - Apple App Store: Tentativa 1 falhou: 'NoneType' object has no attribute 'group'
2025-12-12 01:02:36,192 - UNI_v5 - INFO - Apple App Store: Iniciando coleta para 'bitcoin' (limite: 10, tentativa 2/3)
2025-12-12 01:02:36,193 - Base - INFO - Searching for app id
2025-12-12 01:02:36,194 - Base - DEBUG - Making a GET request: https://www.google.com/search
2025-12-12 01:02:36,200 - urllib3.connectionpool - DEBUG - Starting new HTTPS connection (1): www.google.com:443
2025-12-12 01:02:36,383 - urllib3.connectionpool - DEBUG - https://www.google.com:443 "GET /search?q=app+store+bitcoin HTTP/1.1" 200 None
2025-12-12 01:02:36,396 - UNI_v5 - WARNING - Apple App Store: Tentativa 2 falhou: 'NoneType' object has no attribute 'group'
2025-12-12 01:02:38,402 - UNI_v5 - INFO - Apple App Store: Iniciando coleta para 'bitcoin' (limite: 10, tentativa 3/3)
2025-12-12 01:02:38,403 - Base - INFO - Searching for app id
2025-12-12 01:02:38,403 - Base - DEBUG - Making a GET request: https://www.google.com/search
2025-12-12 01:02:38,410 - urllib3.connectionpool - DEBUG - Starting new HTTPS connection (1): www.google.com:443
2025-12-12 01:02:38,611 - urllib3.connectionpool - DEBUG - https://www.google.com:443 "GET /search?q=app+store+bitcoin HTTP/1.1" 200 None
2025-12-12 01:02:38,626 - UNI_v5 - WARNING - Apple App Store: Tentativa 3 falhou: 'NoneType' object has no attribute 'group'
2025-12-12 01:02:38,627 - UNI_v5 - ERROR - Apple App Store: Todas as tentativas falharam
2025-12-12 01:02:38,627 - UNI_v5 - DEBUG - Traceback (most recent call last):
  File "/Users/eas/Desktop/github/emersonalmeida/emersonalmeida.github.io/project/uni/uni_v5.py", line 1534, in coletar_apple_store
    store = AppStore(country=country, app_name=term)
  File "/Users/eas/Library/Python/3.9/lib/python/site-packages/app_store_scraper/app_store.py", line 23, in __init__
    super().__init__(
  File "/Users/eas/Library/Python/3.9/lib/python/site-packages/app_store_scraper/base.py", line 47, in __init__
    app_id = self.search_id()
  File "/Users/eas/Library/Python/3.9/lib/python/site-packages/app_store_scraper/base.py", line 175, in search_id
    app_id = re.search(pattern, self._response.text).group(1)
AttributeError: 'NoneType' object has no attribute 'group'

2025-12-12 01:02:38,627 - UNI_v5 - INFO - Reddit: Iniciando coleta para 'bitcoin' (subreddit: all, limite: 10)
2025-12-12 01:02:38,630 - prawcore - DEBUG - Fetching: GET https://oauth.reddit.com/r/all/search/ at 1765512158.630399
2025-12-12 01:02:38,633 - prawcore - DEBUG - Data: None
2025-12-12 01:02:38,633 - prawcore - DEBUG - Params: {'limit': 10,
 'q': 'bitcoin',
 'raw_json': 1,
 'restrict_sr': False,
 'sort': 'relevance',
 'syntax': 'lucene',
 't': 'all'}
2025-12-12 01:02:38,644 - urllib3.connectionpool - DEBUG - Starting new HTTPS connection (1): www.reddit.com:443
2025-12-12 01:02:38,836 - urllib3.connectionpool - DEBUG - https://www.reddit.com:443 "POST /api/v1/access_token HTTP/1.1" 200 651
2025-12-12 01:02:38,842 - urllib3.connectionpool - DEBUG - Starting new HTTPS connection (1): oauth.reddit.com:443
2025-12-12 01:02:39,229 - urllib3.connectionpool - DEBUG - https://oauth.reddit.com:443 "GET /r/all/search/?q=bitcoin&restrict_sr=False&sort=relevance&syntax=lucene&t=all&limit=10&raw_json=1 HTTP/1.1" 200 8390
2025-12-12 01:02:39,233 - prawcore - DEBUG - Response: 200 (8390 bytes) (rst-441:rem-984.0:used-16 ratelimit) at 1765512159.233747
2025-12-12 01:02:39,239 - prawcore - DEBUG - Fetching: GET https://oauth.reddit.com/r/Buttcoin/about/ at 1765512159.239838
2025-12-12 01:02:39,240 - prawcore - DEBUG - Data: None
2025-12-12 01:02:39,240 - prawcore - DEBUG - Params: {'raw_json': 1}
2025-12-12 01:02:39,431 - urllib3.connectionpool - DEBUG - https://oauth.reddit.com:443 "GET /r/Buttcoin/about/?raw_json=1 HTTP/1.1" 200 3588
2025-12-12 01:02:39,435 - prawcore - DEBUG - Response: 200 (3588 bytes) (rst-440:rem-983.0:used-17 ratelimit) at 1765512159.435391
2025-12-12 01:02:39,436 - prawcore - DEBUG - Fetching: GET https://oauth.reddit.com/user/FUMoney/about/ at 1765512159.43682
2025-12-12 01:02:39,437 - prawcore - DEBUG - Data: None
2025-12-12 01:02:39,437 - prawcore - DEBUG - Params: {'raw_json': 1}
2025-12-12 01:02:39,638 - urllib3.connectionpool - DEBUG - https://oauth.reddit.com:443 "GET /user/FUMoney/about/?raw_json=1 HTTP/1.1" 200 852
2025-12-12 01:02:39,641 - prawcore - DEBUG - Response: 200 (852 bytes) (rst-440:rem-982.0:used-18 ratelimit) at 1765512159.6410189
2025-12-12 01:02:39,646 - prawcore - DEBUG - Fetching: GET https://oauth.reddit.com/comments/1p2ppaz/ at 1765512159.646174
2025-12-12 01:02:39,646 - prawcore - DEBUG - Data: None
2025-12-12 01:02:39,646 - prawcore - DEBUG - Params: {'limit': 2048, 'raw_json': 1, 'sort': 'confidence'}
2025-12-12 01:02:40,416 - urllib3.connectionpool - DEBUG - https://oauth.reddit.com:443 "GET /comments/1p2ppaz/?limit=2048&sort=confidence&raw_json=1 HTTP/1.1" 200 20259
2025-12-12 01:02:40,420 - prawcore - DEBUG - Response: 200 (20259 bytes) (rst-440:rem-981.0:used-19 ratelimit) at 1765512160.4208589
2025-12-12 01:02:40,439 - prawcore - DEBUG - Fetching: GET https://oauth.reddit.com/r/Bitcoin/about/ at 1765512160.439177
2025-12-12 01:02:40,440 - prawcore - DEBUG - Data: None
2025-12-12 01:02:40,440 - prawcore - DEBUG - Params: {'raw_json': 1}
2025-12-12 01:02:40,631 - urllib3.connectionpool - DEBUG - https://oauth.reddit.com:443 "GET /r/Bitcoin/about/?raw_json=1 HTTP/1.1" 200 5252
2025-12-12 01:02:40,633 - prawcore - DEBUG - Response: 200 (5252 bytes) (rst-439:rem-980.0:used-20 ratelimit) at 1765512160.6332002
2025-12-12 01:02:40,634 - prawcore - DEBUG - Fetching: GET https://oauth.reddit.com/user/Green_Candler/about/ at 1765512160.634655
2025-12-12 01:02:40,635 - prawcore - DEBUG - Data: None
2025-12-12 01:02:40,635 - prawcore - DEBUG - Params: {'raw_json': 1}
2025-12-12 01:02:40,825 - urllib3.connectionpool - DEBUG - https://oauth.reddit.com:443 "GET /user/Green_Candler/about/?raw_json=1 HTTP/1.1" 200 844
2025-12-12 01:02:40,828 - prawcore - DEBUG - Response: 200 (844 bytes) (rst-439:rem-979.0:used-21 ratelimit) at 1765512160.828685
2025-12-12 01:02:40,833 - prawcore - DEBUG - Fetching: GET https://oauth.reddit.com/r/Bitcoin/about/ at 1765512160.833707
2025-12-12 01:02:40,834 - prawcore - DEBUG - Data: None
2025-12-12 01:02:40,834 - prawcore - DEBUG - Params: {'raw_json': 1}
2025-12-12 01:02:41,029 - urllib3.connectionpool - DEBUG - https://oauth.reddit.com:443 "GET /r/Bitcoin/about/?raw_json=1 HTTP/1.1" 200 5252
2025-12-12 01:02:41,031 - prawcore - DEBUG - Response: 200 (5252 bytes) (rst-439:rem-978.0:used-22 ratelimit) at 1765512161.031944
2025-12-12 01:02:41,033 - prawcore - DEBUG - Fetching: GET https://oauth.reddit.com/user/Ashamed-Designer-174/about/ at 1765512161.033107
2025-12-12 01:02:41,033 - prawcore - DEBUG - Data: None
2025-12-12 01:02:41,033 - prawcore - DEBUG - Params: {'raw_json': 1}
2025-12-12 01:02:41,230 - urllib3.connectionpool - DEBUG - https://oauth.reddit.com:443 "GET /user/Ashamed-Designer-174/about/?raw_json=1 HTTP/1.1" 200 746
2025-12-12 01:02:41,232 - prawcore - DEBUG - Response: 200 (746 bytes) (rst-438:rem-977.0:used-23 ratelimit) at 1765512161.2327979
2025-12-12 01:02:41,237 - prawcore - DEBUG - Fetching: GET https://oauth.reddit.com/r/Bitcoin/about/ at 1765512161.236995
2025-12-12 01:02:41,237 - prawcore - DEBUG - Data: None
2025-12-12 01:02:41,237 - prawcore - DEBUG - Params: {'raw_json': 1}
2025-12-12 01:02:41,443 - urllib3.connectionpool - DEBUG - https://oauth.reddit.com:443 "GET /r/Bitcoin/about/?raw_json=1 HTTP/1.1" 200 5252
2025-12-12 01:02:41,444 - prawcore - DEBUG - Response: 200 (5252 bytes) (rst-438:rem-976.0:used-24 ratelimit) at 1765512161.444664
2025-12-12 01:02:41,445 - prawcore - DEBUG - Fetching: GET https://oauth.reddit.com/user/I_killed_the_kraken/about/ at 1765512161.44519
2025-12-12 01:02:41,445 - prawcore - DEBUG - Data: None
2025-12-12 01:02:41,445 - prawcore - DEBUG - Params: {'raw_json': 1}
2025-12-12 01:02:41,643 - urllib3.connectionpool - DEBUG - https://oauth.reddit.com:443 "GET /user/I_killed_the_kraken/about/?raw_json=1 HTTP/1.1" 200 1012
2025-12-12 01:02:41,644 - prawcore - DEBUG - Response: 200 (1012 bytes) (rst-438:rem-975.0:used-25 ratelimit) at 1765512161.644562
2025-12-12 01:02:41,654 - prawcore - DEBUG - Fetching: GET https://oauth.reddit.com/comments/1pf7oou/ at 1765512161.65473
2025-12-12 01:02:41,654 - prawcore - DEBUG - Data: None
2025-12-12 01:02:41,655 - prawcore - DEBUG - Params: {'limit': 2048, 'raw_json': 1, 'sort': 'confidence'}
2025-12-12 01:02:43,223 - urllib3.connectionpool - DEBUG - https://oauth.reddit.com:443 "GET /comments/1pf7oou/?limit=2048&sort=confidence&raw_json=1 HTTP/1.1" 200 50093
2025-12-12 01:02:43,326 - prawcore - DEBUG - Response: 200 (50093 bytes) (rst-438:rem-974.0:used-26 ratelimit) at 1765512163.326394
2025-12-12 01:02:43,367 - prawcore - DEBUG - Fetching: GET https://oauth.reddit.com/r/Anticonsumption/about/ at 1765512163.367681
2025-12-12 01:02:43,367 - prawcore - DEBUG - Data: None
2025-12-12 01:02:43,367 - prawcore - DEBUG - Params: {'raw_json': 1}
2025-12-12 01:02:43,558 - urllib3.connectionpool - DEBUG - https://oauth.reddit.com:443 "GET /r/Anticonsumption/about/?raw_json=1 HTTP/1.1" 200 4913
2025-12-12 01:02:43,559 - prawcore - DEBUG - Response: 200 (4913 bytes) (rst-436:rem-973.0:used-27 ratelimit) at 1765512163.559467
2025-12-12 01:02:43,559 - prawcore - DEBUG - Fetching: GET https://oauth.reddit.com/user/gnarlytabby/about/ at 1765512163.559932
2025-12-12 01:02:43,560 - prawcore - DEBUG - Data: None
2025-12-12 01:02:43,560 - prawcore - DEBUG - Params: {'raw_json': 1}
2025-12-12 01:02:43,757 - urllib3.connectionpool - DEBUG - https://oauth.reddit.com:443 "GET /user/gnarlytabby/about/?raw_json=1 HTTP/1.1" 200 773
2025-12-12 01:02:43,759 - prawcore - DEBUG - Response: 200 (773 bytes) (rst-436:rem-972.0:used-28 ratelimit) at 1765512163.759458
2025-12-12 01:02:43,764 - prawcore - DEBUG - Fetching: GET https://oauth.reddit.com/r/Bitcoin/about/ at 1765512163.764353
2025-12-12 01:02:43,764 - prawcore - DEBUG - Data: None
2025-12-12 01:02:43,764 - prawcore - DEBUG - Params: {'raw_json': 1}
2025-12-12 01:02:43,955 - urllib3.connectionpool - DEBUG - https://oauth.reddit.com:443 "GET /r/Bitcoin/about/?raw_json=1 HTTP/1.1" 200 5252
2025-12-12 01:02:43,958 - prawcore - DEBUG - Response: 200 (5252 bytes) (rst-436:rem-971.0:used-29 ratelimit) at 1765512163.958753
2025-12-12 01:02:43,960 - prawcore - DEBUG - Fetching: GET https://oauth.reddit.com/user/Realistts/about/ at 1765512163.960222
2025-12-12 01:02:43,960 - prawcore - DEBUG - Data: None
2025-12-12 01:02:43,960 - prawcore - DEBUG - Params: {'raw_json': 1}
2025-12-12 01:02:44,168 - urllib3.connectionpool - DEBUG - https://oauth.reddit.com:443 "GET /user/Realistts/about/?raw_json=1 HTTP/1.1" 404 None
2025-12-12 01:02:44,171 - prawcore - DEBUG - Response: 404 (None bytes) (rst-435:rem-970.0:used-30 ratelimit) at 1765512164.171916
2025-12-12 01:02:44,172 - UNI_v5 - ERROR - Reddit: Erro na coleta: received 404 HTTP response
2025-12-12 01:02:44,173 - UNI_v5 - DEBUG - Traceback (most recent call last):
  File "/Users/eas/Desktop/github/emersonalmeida/emersonalmeida.github.io/project/uni/uni_v5.py", line 941, in coletar_reddit
    "author_flair": getattr(post.author, 'flair_text', '') if post.author else "",
  File "/Users/eas/Library/Python/3.9/lib/python/site-packages/praw/models/reddit/base.py", line 38, in __getattr__
    self._fetch()
  File "/Users/eas/Library/Python/3.9/lib/python/site-packages/praw/models/reddit/redditor.py", line 181, in _fetch
    data = self._fetch_data()
  File "/Users/eas/Library/Python/3.9/lib/python/site-packages/praw/models/reddit/base.py", line 89, in _fetch_data
    return self._reddit.request(method="GET", params=params, path=path)
  File "/Users/eas/Library/Python/3.9/lib/python/site-packages/praw/util/deprecate_args.py", line 46, in wrapped
    return func(**dict(zip(_old_args, args)), **kwargs)
  File "/Users/eas/Library/Python/3.9/lib/python/site-packages/praw/reddit.py", line 963, in request
    return self._core.request(
  File "/Users/eas/Library/Python/3.9/lib/python/site-packages/prawcore/sessions.py", line 328, in request
    return self._request_with_retries(
  File "/Users/eas/Library/Python/3.9/lib/python/site-packages/prawcore/sessions.py", line 267, in _request_with_retries
    raise self.STATUS_EXCEPTIONS[response.status_code](response)
prawcore.exceptions.NotFound: received 404 HTTP response

2025-12-12 01:02:44,173 - UNI_v5 - INFO - Google News: Iniciando coleta para 'bitcoin' (limite: 10)
2025-12-12 01:02:44,178 - urllib3.connectionpool - DEBUG - Resetting dropped connection: gnews.io
2025-12-12 01:02:44,772 - urllib3.connectionpool - DEBUG - https://gnews.io:443 "GET /api/v4/search?q=bitcoin&lang=pt&country=us&max=10&apikey=91a7bc222ecfdac6c60019c4fb1ec87c&from=20 HTTP/1.1" 200 None
2025-12-12 01:02:44,773 - UNI_v5 - INFO - Google News: Coletados 0 resultados com sucesso
2025-12-12 01:02:44,774 - UNI_v5 - INFO - arXiv: Iniciando coleta para 'bitcoin' (limite: 20)
2025-12-12 01:02:44,779 - urllib3.connectionpool - DEBUG - Starting new HTTP connection (1): export.arxiv.org:80
2025-12-12 01:02:44,795 - urllib3.connectionpool - DEBUG - http://export.arxiv.org:80 "GET /api/query?search_query=all:bitcoin&start=0&max_results=20&sortBy=relevance HTTP/1.1" 301 0
2025-12-12 01:02:44,801 - urllib3.connectionpool - DEBUG - Starting new HTTPS connection (1): export.arxiv.org:443
2025-12-12 01:02:44,839 - urllib3.connectionpool - DEBUG - https://export.arxiv.org:443 "GET /api/query?search_query=all:bitcoin&start=0&max_results=20&sortBy=relevance HTTP/1.1" 200 38212
2025-12-12 01:02:44,865 - UNI_v5 - INFO - arXiv: Coletados 20 resultados com sucesso
2025-12-12 01:02:44,865 - UNI_v5 - INFO - Google Scholar: Iniciando coleta para 'bitcoin' (limite: 20, tentativa 1/3)
2025-12-12 01:02:45,476 - urllib3.connectionpool - DEBUG - https://api.semanticscholar.org:443 "GET /graph/v1/paper/search?query=bitcoin&limit=20&fields=title%2Cauthors%2Cyear%2Curl%2Cabstract%2CcitationCount%2CreferenceCount%2Cvenue%2CfieldsOfStudy%2CpublicationTypes%2CpublicationDate%2Cjournal%2CexternalIds%2CisOpenAccess%2CopenAccessPdf HTTP/1.1" 429 144
2025-12-12 01:02:45,477 - urllib3.util.retry - DEBUG - Incremented Retry for (url='/graph/v1/paper/search?query=bitcoin&limit=20&fields=title%2Cauthors%2Cyear%2Curl%2Cabstract%2CcitationCount%2CreferenceCount%2Cvenue%2CfieldsOfStudy%2CpublicationTypes%2CpublicationDate%2Cjournal%2CexternalIds%2CisOpenAccess%2CopenAccessPdf'): Retry(total=4, connect=None, read=None, redirect=None, status=None)
2025-12-12 01:02:45,477 - urllib3.connectionpool - DEBUG - Retry: /graph/v1/paper/search?query=bitcoin&limit=20&fields=title%2Cauthors%2Cyear%2Curl%2Cabstract%2CcitationCount%2CreferenceCount%2Cvenue%2CfieldsOfStudy%2CpublicationTypes%2CpublicationDate%2Cjournal%2CexternalIds%2CisOpenAccess%2CopenAccessPdf
2025-12-12 01:02:46,706 - urllib3.connectionpool - DEBUG - https://api.semanticscholar.org:443 "GET /graph/v1/paper/search?query=bitcoin&limit=20&fields=title%2Cauthors%2Cyear%2Curl%2Cabstract%2CcitationCount%2CreferenceCount%2Cvenue%2CfieldsOfStudy%2CpublicationTypes%2CpublicationDate%2Cjournal%2CexternalIds%2CisOpenAccess%2CopenAccessPdf HTTP/1.1" 200 42010
2025-12-12 01:02:46,710 - UNI_v5 - ERROR - Google Scholar: Erro inesperado: can only join an iterable
2025-12-12 01:02:46,710 - UNI_v5 - DEBUG - Traceback (most recent call last):
  File "/Users/eas/Desktop/github/emersonalmeida/emersonalmeida.github.io/project/uni/uni_v5.py", line 1384, in coletar_scholar
    "fields_of_study": ", ".join(paper.get("fieldsOfStudy", [])),
TypeError: can only join an iterable

2025-12-12 01:02:48,716 - UNI_v5 - INFO - Google Scholar: Iniciando coleta para 'bitcoin' (limite: 20, tentativa 2/3)
2025-12-12 01:02:49,879 - urllib3.connectionpool - DEBUG - https://api.semanticscholar.org:443 "GET /graph/v1/paper/search?query=bitcoin&limit=20&fields=title%2Cauthors%2Cyear%2Curl%2Cabstract%2CcitationCount%2CreferenceCount%2Cvenue%2CfieldsOfStudy%2CpublicationTypes%2CpublicationDate%2Cjournal%2CexternalIds%2CisOpenAccess%2CopenAccessPdf HTTP/1.1" 200 42010
2025-12-12 01:02:49,882 - UNI_v5 - ERROR - Google Scholar: Erro inesperado: can only join an iterable
2025-12-12 01:02:49,883 - UNI_v5 - DEBUG - Traceback (most recent call last):
  File "/Users/eas/Desktop/github/emersonalmeida/emersonalmeida.github.io/project/uni/uni_v5.py", line 1384, in coletar_scholar
    "fields_of_study": ", ".join(paper.get("fieldsOfStudy", [])),
TypeError: can only join an iterable

2025-12-12 01:02:51,888 - UNI_v5 - INFO - Google Scholar: Iniciando coleta para 'bitcoin' (limite: 20, tentativa 3/3)
2025-12-12 01:02:53,258 - urllib3.connectionpool - DEBUG - https://api.semanticscholar.org:443 "GET /graph/v1/paper/search?query=bitcoin&limit=20&fields=title%2Cauthors%2Cyear%2Curl%2Cabstract%2CcitationCount%2CreferenceCount%2Cvenue%2CfieldsOfStudy%2CpublicationTypes%2CpublicationDate%2Cjournal%2CexternalIds%2CisOpenAccess%2CopenAccessPdf HTTP/1.1" 200 42010
2025-12-12 01:02:53,259 - UNI_v5 - ERROR - Google Scholar: Erro inesperado: can only join an iterable
2025-12-12 01:02:53,260 - UNI_v5 - DEBUG - Traceback (most recent call last):
  File "/Users/eas/Desktop/github/emersonalmeida/emersonalmeida.github.io/project/uni/uni_v5.py", line 1384, in coletar_scholar
    "fields_of_study": ", ".join(paper.get("fieldsOfStudy", [])),
TypeError: can only join an iterable

2025-12-12 01:02:53,260 - UNI_v5 - INFO - Wikipedia: Iniciando coleta para 'bitcoin' (limite: 20, lang: pt)
2025-12-12 01:02:53,263 - urllib3.connectionpool - DEBUG - Starting new HTTPS connection (1): pt.wikipedia.org:443
2025-12-12 01:02:53,591 - urllib3.connectionpool - DEBUG - https://pt.wikipedia.org:443 "GET /w/api.php?action=query&format=json&list=search&srsearch=bitcoin&srlimit=20&srnamespace=0 HTTP/1.1" 200 None
2025-12-12 01:02:53,600 - urllib3.connectionpool - DEBUG - Starting new HTTPS connection (1): pt.wikipedia.org:443
2025-12-12 01:02:53,706 - urllib3.connectionpool - DEBUG - https://pt.wikipedia.org:443 "GET /api/rest_v1/page/summary/Bitcoin HTTP/1.1" 200 633
2025-12-12 01:02:53,714 - urllib3.connectionpool - DEBUG - Starting new HTTPS connection (1): pt.wikipedia.org:443
2025-12-12 01:02:53,814 - urllib3.connectionpool - DEBUG - https://pt.wikipedia.org:443 "GET /api/rest_v1/page/summary/Satoshi_Nakamoto HTTP/1.1" 200 996
2025-12-12 01:02:53,823 - urllib3.connectionpool - DEBUG - Starting new HTTPS connection (1): pt.wikipedia.org:443
2025-12-12 01:02:53,928 - urllib3.connectionpool - DEBUG - https://pt.wikipedia.org:443 "GET /api/rest_v1/page/summary/Mercado_Bitcoin HTTP/1.1" 200 779
2025-12-12 01:02:53,938 - urllib3.connectionpool - DEBUG - Starting new HTTPS connection (1): pt.wikipedia.org:443
2025-12-12 01:02:54,039 - urllib3.connectionpool - DEBUG - https://pt.wikipedia.org:443 "GET /api/rest_v1/page/summary/Minera%C3%A7%C3%A3o_de_Bitcoin HTTP/1.1" 200 795
2025-12-12 01:02:54,043 - urllib3.connectionpool - DEBUG - Starting new HTTPS connection (1): pt.wikipedia.org:443
2025-12-12 01:02:54,154 - urllib3.connectionpool - DEBUG - https://pt.wikipedia.org:443 "GET /api/rest_v1/page/summary/Litecoin HTTP/1.1" 200 723
2025-12-12 01:02:54,164 - urllib3.connectionpool - DEBUG - Starting new HTTPS connection (1): pt.wikipedia.org:443
2025-12-12 01:02:54,270 - urllib3.connectionpool - DEBUG - https://pt.wikipedia.org:443 "GET /api/rest_v1/page/summary/Monero HTTP/1.1" 200 656
2025-12-12 01:02:54,280 - urllib3.connectionpool - DEBUG - Starting new HTTPS connection (1): pt.wikipedia.org:443
2025-12-12 01:02:54,389 - urllib3.connectionpool - DEBUG - https://pt.wikipedia.org:443 "GET /api/rest_v1/page/summary/Hal_Finney HTTP/1.1" 200 775
2025-12-12 01:02:54,398 - urllib3.connectionpool - DEBUG - Starting new HTTPS connection (1): pt.wikipedia.org:443
2025-12-12 01:02:54,654 - urllib3.connectionpool - DEBUG - https://pt.wikipedia.org:443 "GET /api/rest_v1/page/summary/Vitalik_Buterin HTTP/1.1" 200 631
2025-12-12 01:02:54,664 - urllib3.connectionpool - DEBUG - Starting new HTTPS connection (1): pt.wikipedia.org:443
2025-12-12 01:02:54,771 - urllib3.connectionpool - DEBUG - https://pt.wikipedia.org:443 "GET /api/rest_v1/page/summary/El_Salvador HTTP/1.1" 200 903
2025-12-12 01:02:54,781 - urllib3.connectionpool - DEBUG - Starting new HTTPS connection (1): pt.wikipedia.org:443
2025-12-12 01:02:54,888 - urllib3.connectionpool - DEBUG - https://pt.wikipedia.org:443 "GET /api/rest_v1/page/summary/Criptomoeda HTTP/1.1" 200 946
2025-12-12 01:02:54,898 - urllib3.connectionpool - DEBUG - Starting new HTTPS connection (1): pt.wikipedia.org:443
2025-12-12 01:02:55,150 - urllib3.connectionpool - DEBUG - https://pt.wikipedia.org:443 "GET /api/rest_v1/page/summary/Lista_de_criptomoedas HTTP/1.1" 200 713
2025-12-12 01:02:55,157 - urllib3.connectionpool - DEBUG - Starting new HTTPS connection (1): pt.wikipedia.org:443
2025-12-12 01:02:55,262 - urllib3.connectionpool - DEBUG - https://pt.wikipedia.org:443 "GET /api/rest_v1/page/summary/Lista_de_portas_dos_protocolos_TCP_e_UDP HTTP/1.1" 200 824
2025-12-12 01:02:55,271 - urllib3.connectionpool - DEBUG - Starting new HTTPS connection (1): pt.wikipedia.org:443
2025-12-12 01:02:55,376 - urllib3.connectionpool - DEBUG - https://pt.wikipedia.org:443 "GET /api/rest_v1/page/summary/Tether_(criptomoeda) HTTP/1.1" 200 683
2025-12-12 01:02:55,385 - urllib3.connectionpool - DEBUG - Starting new HTTPS connection (1): pt.wikipedia.org:443
2025-12-12 01:02:55,490 - urllib3.connectionpool - DEBUG - https://pt.wikipedia.org:443 "GET /api/rest_v1/page/summary/Blockchain HTTP/1.1" 200 1002
2025-12-12 01:02:55,500 - urllib3.connectionpool - DEBUG - Starting new HTTPS connection (1): pt.wikipedia.org:443
2025-12-12 01:02:55,606 - urllib3.connectionpool - DEBUG - https://pt.wikipedia.org:443 "GET /api/rest_v1/page/summary/Fazendas_de_Bitcoin HTTP/1.1" 200 732
2025-12-12 01:02:55,617 - urllib3.connectionpool - DEBUG - Starting new HTTPS connection (1): pt.wikipedia.org:443
2025-12-12 01:02:55,866 - urllib3.connectionpool - DEBUG - https://pt.wikipedia.org:443 "GET /api/rest_v1/page/summary/Bitcoin_Cash HTTP/1.1" 200 None
2025-12-12 01:02:55,875 - urllib3.connectionpool - DEBUG - Starting new HTTPS connection (1): pt.wikipedia.org:443
2025-12-12 01:02:55,984 - urllib3.connectionpool - DEBUG - https://pt.wikipedia.org:443 "GET /api/rest_v1/page/summary/Reserva_estrat%C3%A9gica_de_bitcoin HTTP/1.1" 200 663
2025-12-12 01:02:55,994 - urllib3.connectionpool - DEBUG - Starting new HTTPS connection (1): pt.wikipedia.org:443
2025-12-12 01:02:56,101 - urllib3.connectionpool - DEBUG - https://pt.wikipedia.org:443 "GET /api/rest_v1/page/summary/Nayib_Bukele HTTP/1.1" 200 747
2025-12-12 01:02:56,106 - urllib3.connectionpool - DEBUG - Starting new HTTPS connection (1): pt.wikipedia.org:443
2025-12-12 01:02:56,204 - urllib3.connectionpool - DEBUG - https://pt.wikipedia.org:443 "GET /api/rest_v1/page/summary/Nick_Szabo HTTP/1.1" 200 776
2025-12-12 01:02:56,210 - urllib3.connectionpool - DEBUG - Starting new HTTPS connection (1): pt.wikipedia.org:443
2025-12-12 01:02:56,456 - urllib3.connectionpool - DEBUG - https://pt.wikipedia.org:443 "GET /api/rest_v1/page/summary/Kraken_(empresa) HTTP/1.1" 200 None
2025-12-12 01:02:56,464 - UNI_v5 - INFO - Wikipedia: Coletados 20 resultados com sucesso
2025-12-12 01:02:56,476 - urllib3.connectionpool - DEBUG - Starting new HTTPS connection (1): api.github.com:443
2025-12-12 01:02:57,151 - urllib3.connectionpool - DEBUG - https://api.github.com:443 "GET /search/repositories?q=bitcoin&sort=stars&order=desc&per_page=20 HTTP/1.1" 200 None
2025-12-12 01:02:57,157 - UNI_v5 - INFO - GitHub: Coletados 20 resultados com sucesso
2025-12-12 01:02:57,158 - UNI_v5 - INFO - Hacker News: Iniciando coleta para 'bitcoin' (limite: 20)
2025-12-12 01:02:57,162 - urllib3.connectionpool - DEBUG - Starting new HTTPS connection (1): hn.algolia.com:443
2025-12-12 01:02:57,541 - urllib3.connectionpool - DEBUG - https://hn.algolia.com:443 "GET /api/v1/search?query=bitcoin&tags=story&hitsPerPage=20&numericFilters= HTTP/1.1" 200 28427
2025-12-12 01:02:57,592 - UNI_v5 - INFO - Hacker News: Coletados 20 resultados com sucesso
2025-12-12 01:02:57,593 - UNI_v5 - INFO - : JSON salvo em metadados_coleta.json
2025-12-12 01:02:57,593 - UNI_v5 - INFO - SERP-Google: 20/20 itens válidos após validação
2025-12-12 01:02:57,600 - UNI_v5 - INFO - SERP-Google: Salvo 20 registros com 19 colunas em serp_google.csv (19.2 KB)
2025-12-12 01:02:57,600 - UNI_v5 - INFO - SERP-Bing: 10/10 itens válidos após validação
2025-12-12 01:02:57,602 - UNI_v5 - INFO - SERP-Bing: Salvo 10 registros com 13 colunas em serp_bing.csv (3.8 KB)
2025-12-12 01:02:57,602 - UNI_v5 - INFO - SERP-Brave: 20/20 itens válidos após validação
2025-12-12 01:02:57,604 - UNI_v5 - INFO - SERP-Brave: Salvo 20 registros com 13 colunas em serp_brave.csv (7.8 KB)
2025-12-12 01:02:57,605 - UNI_v5 - INFO - YouTube-relevance: 10/10 itens válidos após validação
2025-12-12 01:02:57,608 - UNI_v5 - INFO - YouTube-relevance: Salvo 10 registros com 30 colunas em youtube_relevance.csv (28.5 KB)
2025-12-12 01:02:57,609 - UNI_v5 - INFO - YouTube-date: 10/10 itens válidos após validação
2025-12-12 01:02:57,612 - UNI_v5 - INFO - YouTube-date: Salvo 10 registros com 30 colunas em youtube_date.csv (17.5 KB)
2025-12-12 01:02:57,612 - UNI_v5 - INFO - YouTube-viewCount: 10/10 itens válidos após validação
2025-12-12 01:02:57,614 - UNI_v5 - INFO - YouTube-viewCount: Salvo 10 registros com 30 colunas em youtube_viewcount.csv (7.2 KB)
2025-12-12 01:02:57,614 - UNI_v5 - INFO - YouTube-rating: 10/10 itens válidos após validação
2025-12-12 01:02:57,616 - UNI_v5 - INFO - YouTube-rating: Salvo 10 registros com 30 colunas em youtube_rating.csv (10.8 KB)
2025-12-12 01:02:57,616 - UNI_v5 - INFO - Reddit: 5/5 itens válidos após validação
2025-12-12 01:02:57,618 - UNI_v5 - INFO - Reddit: Salvo 5 registros com 37 colunas em reddit.csv (8.0 KB)
2025-12-12 01:02:57,618 - UNI_v5 - INFO - arXiv: 20/20 itens válidos após validação
2025-12-12 01:02:57,620 - UNI_v5 - INFO - arXiv: Salvo 20 registros com 18 colunas em arxiv.csv (27.2 KB)
2025-12-12 01:02:57,621 - UNI_v5 - INFO - Wikipedia: 20/20 itens válidos após validação
2025-12-12 01:02:57,623 - UNI_v5 - INFO - Wikipedia: Salvo 20 registros com 24 colunas em wikipedia.csv (29.8 KB)
2025-12-12 01:02:57,623 - UNI_v5 - INFO - GitHub: 20/20 itens válidos após validação
2025-12-12 01:02:57,627 - UNI_v5 - INFO - GitHub: Salvo 20 registros com 38 colunas em github.csv (13.9 KB)
2025-12-12 01:02:57,627 - UNI_v5 - INFO - Hacker News: 20/20 itens válidos após validação
2025-12-12 01:02:57,628 - UNI_v5 - INFO - Hacker News: Salvo 20 registros com 18 colunas em hacker_news.csv (4.2 KB)
2025-12-12 01:02:57,628 - UNI_v5 - INFO - Iniciando criação da base de dados consolidada...
2025-12-12 01:02:57,651 - UNI_v5 - INFO - Base de dados consolidada salva: 175 registros, 162 colunas, 214.6 KB
2025-12-12 01:02:57,651 - UNI_v5 - WARNING - Não foi possível salvar Excel: No module named 'openpyxl'
2025-12-12 01:02:57,652 - UNI_v5 - INFO - Resumo: JSON salvo em resumo_estatistico_bitcoin_20251212_010257.json
2025-12-12 01:02:57,657 - UNI_v5 - INFO - : JSON salvo em resultados_completos.json
2025-12-12 01:03:38,646 - UNI_v5 - INFO - Aplicação encerrada pelo usuário
2025-12-12 01:03:43,397 - UNI_v5 - INFO - Aplicação encerrada pelo usuário
2025-12-12 01:25:02,621 - UNI_v5 - INFO - Google Suggest: Iniciando coleta para 'vibe cod' (limite: 15)
2025-12-12 01:25:02,643 - urllib3.connectionpool - DEBUG - Starting new HTTPS connection (1): suggestqueries.google.com:443
2025-12-12 01:25:02,821 - urllib3.connectionpool - DEBUG - https://suggestqueries.google.com:443 "GET /complete/search?q=vibe+cod&gl=br&client=chrome&hl=top&ds=web HTTP/1.1" 200 97
2025-12-12 01:25:02,825 - UNI_v5 - INFO - Google Suggest: Coletados 0 resultados com sucesso
2025-12-12 01:25:02,825 - UNI_v5 - INFO - Google Suggest: Iniciando coleta para 'vibe cod' (limite: 15)
2025-12-12 01:25:02,924 - urllib3.connectionpool - DEBUG - https://suggestqueries.google.com:443 "GET /complete/search?q=vibe+cod&gl=br&client=chrome&hl=a-z&ds=web HTTP/1.1" 200 97
2025-12-12 01:25:02,925 - UNI_v5 - INFO - Google Suggest: Coletados 0 resultados com sucesso
2025-12-12 01:25:02,925 - UNI_v5 - INFO - Google Suggest: Iniciando coleta para 'vibe cod' (limite: 15)
2025-12-12 01:25:03,026 - urllib3.connectionpool - DEBUG - https://suggestqueries.google.com:443 "GET /complete/search?q=vibe+cod&gl=br&client=chrome&hl=0-9&ds=web HTTP/1.1" 200 97
2025-12-12 01:25:03,027 - UNI_v5 - INFO - Google Suggest: Coletados 0 resultados com sucesso
2025-12-12 01:25:03,027 - UNI_v5 - INFO - Google Suggest: Iniciando coleta para 'vibe cod' (limite: 15)
2025-12-12 01:25:03,114 - urllib3.connectionpool - DEBUG - https://suggestqueries.google.com:443 "GET /complete/search?q=vibe+cod&gl=br&client=chrome&hl=other&ds=web HTTP/1.1" 200 97
2025-12-12 01:25:03,114 - UNI_v5 - INFO - Google Suggest: Coletados 0 resultados com sucesso
2025-12-12 01:25:03,115 - UNI_v5 - INFO - Google Suggest: Iniciando coleta para 'vibe cod' (limite: 15)
2025-12-12 01:25:03,213 - urllib3.connectionpool - DEBUG - https://suggestqueries.google.com:443 "GET /complete/search?q=vibe+cod&gl=br&client=chrome&hl=top&ds=youtube HTTP/1.1" 200 97
2025-12-12 01:25:03,213 - UNI_v5 - INFO - Google Suggest: Coletados 0 resultados com sucesso
2025-12-12 01:25:03,213 - UNI_v5 - INFO - Google Suggest: Iniciando coleta para 'vibe cod' (limite: 15)
2025-12-12 01:25:03,300 - urllib3.connectionpool - DEBUG - https://suggestqueries.google.com:443 "GET /complete/search?q=vibe+cod&gl=br&client=chrome&hl=a-z&ds=youtube HTTP/1.1" 200 97
2025-12-12 01:25:03,301 - UNI_v5 - INFO - Google Suggest: Coletados 0 resultados com sucesso
2025-12-12 01:25:03,301 - UNI_v5 - INFO - Google Suggest: Iniciando coleta para 'vibe cod' (limite: 15)
2025-12-12 01:25:03,404 - urllib3.connectionpool - DEBUG - https://suggestqueries.google.com:443 "GET /complete/search?q=vibe+cod&gl=br&client=chrome&hl=0-9&ds=youtube HTTP/1.1" 200 97
2025-12-12 01:25:03,405 - UNI_v5 - INFO - Google Suggest: Coletados 0 resultados com sucesso
2025-12-12 01:25:03,405 - UNI_v5 - INFO - Google Suggest: Iniciando coleta para 'vibe cod' (limite: 15)
2025-12-12 01:25:03,505 - urllib3.connectionpool - DEBUG - https://suggestqueries.google.com:443 "GET /complete/search?q=vibe+cod&gl=br&client=chrome&hl=other&ds=youtube HTTP/1.1" 200 97
2025-12-12 01:25:03,506 - UNI_v5 - INFO - Google Suggest: Coletados 0 resultados com sucesso
2025-12-12 01:25:03,506 - UNI_v5 - INFO - Google: Iniciando coleta para 'vibe cod' (limite: 30, tentativa 1/3)
2025-12-12 01:25:03,510 - googleapiclient.discovery_cache - INFO - file_cache is only supported with oauth2client<4.0.0
2025-12-12 01:25:03,515 - googleapiclient.discovery - DEBUG - URL being requested: GET https://customsearch.googleapis.com/customsearch/v1?q=vibe+cod&cx=f07ccd3b922d6437b&gl=br&lr=lang_pt%2Cen&start=1&num=10&safe=off&key=AIzaSyBj80B2fwVvFEMtcQU8tPV_NCNaEmQvzhc&alt=json
2025-12-12 01:25:04,307 - googleapiclient.discovery - DEBUG - URL being requested: GET https://customsearch.googleapis.com/customsearch/v1?q=vibe+cod&cx=f07ccd3b922d6437b&gl=br&lr=lang_pt%2Cen&start=11&num=10&safe=off&key=AIzaSyBj80B2fwVvFEMtcQU8tPV_NCNaEmQvzhc&alt=json
2025-12-12 01:25:04,940 - googleapiclient.discovery - DEBUG - URL being requested: GET https://customsearch.googleapis.com/customsearch/v1?q=vibe+cod&cx=f07ccd3b922d6437b&gl=br&lr=lang_pt%2Cen&start=21&num=10&safe=off&key=AIzaSyBj80B2fwVvFEMtcQU8tPV_NCNaEmQvzhc&alt=json
2025-12-12 01:25:05,293 - UNI_v5 - INFO - Google: Coletados 30 resultados com sucesso
2025-12-12 01:25:05,294 - UNI_v5 - INFO - Bing: Iniciando coleta para 'vibe cod' (limite: 30, tentativa 1/3)
2025-12-12 01:25:05,309 - urllib3.connectionpool - DEBUG - Starting new HTTPS connection (1): serpapi.com:443
2025-12-12 01:25:10,837 - urllib3.connectionpool - DEBUG - https://serpapi.com:443 "GET /search?engine=bing&q=vibe+cod&cc=br&count=30&api_key=e71430bcff8bdc906f7a5ed9ae1538355c2efb0fb88ffa071f7125a76cc2b142&safe=off HTTP/1.1" 200 None
2025-12-12 01:25:10,842 - UNI_v5 - INFO - Bing: Coletados 10 resultados com sucesso
2025-12-12 01:25:10,843 - UNI_v5 - INFO - Brave: Iniciando coleta para 'vibe cod' (limite: 30, tentativa 1/3)
2025-12-12 01:25:10,856 - urllib3.connectionpool - DEBUG - Starting new HTTPS connection (1): api.search.brave.com:443
2025-12-12 01:25:12,271 - urllib3.connectionpool - DEBUG - https://api.search.brave.com:443 "GET /res/v1/web/search?q=vibe+cod&count=20&offset=0&country=br&safesearch=off HTTP/1.1" 200 None
2025-12-12 01:25:12,274 - UNI_v5 - INFO - Brave: Coletados 19 resultados com sucesso
2025-12-12 01:25:12,275 - UNI_v5 - INFO - DuckDuckGo: Iniciando coleta para 'vibe cod' (limite: 30, tentativa 1/3)
2025-12-12 01:25:12,275 - UNI_v5 - WARNING - DuckDuckGo: Tentativa 1 falhou: local variable 'DDGS' referenced before assignment
2025-12-12 01:25:14,280 - UNI_v5 - INFO - DuckDuckGo: Iniciando coleta para 'vibe cod' (limite: 30, tentativa 2/3)
2025-12-12 01:25:14,280 - UNI_v5 - WARNING - DuckDuckGo: Tentativa 2 falhou: local variable 'DDGS' referenced before assignment
2025-12-12 01:25:16,281 - UNI_v5 - INFO - DuckDuckGo: Iniciando coleta para 'vibe cod' (limite: 30, tentativa 3/3)
2025-12-12 01:25:16,282 - UNI_v5 - WARNING - DuckDuckGo: Tentativa 3 falhou: local variable 'DDGS' referenced before assignment
2025-12-12 01:25:16,282 - UNI_v5 - ERROR - DuckDuckGo: Todas as tentativas falharam
2025-12-12 01:25:16,289 - UNI_v5 - DEBUG - Traceback (most recent call last):
  File "/Users/eas/Desktop/github/emersonalmeida/emersonalmeida.github.io/project/uni/uni_v5.py", line 501, in coletar_duckduckgo
    with DDGS() as ddgs:
UnboundLocalError: local variable 'DDGS' referenced before assignment

2025-12-12 01:25:16,289 - UNI_v5 - INFO - YouTube: Iniciando coleta para 'vibe cod' (limite: 30)
2025-12-12 01:25:16,292 - googleapiclient.discovery_cache - INFO - file_cache is only supported with oauth2client<4.0.0
2025-12-12 01:25:16,303 - googleapiclient.discovery - DEBUG - URL being requested: GET https://youtube.googleapis.com/youtube/v3/search?part=snippet&q=vibe+cod&type=video&maxResults=30&order=relevance&regionCode=BR&relevanceLanguage=pt%2Cen&key=AIzaSyBj80B2fwVvFEMtcQU8tPV_NCNaEmQvzhc&alt=json
2025-12-12 01:25:16,490 - UNI_v5 - ERROR - YouTube: Erro da API YouTube: <HttpError 400 when requesting https://youtube.googleapis.com/youtube/v3/search?part=snippet&q=vibe+cod&type=video&maxResults=30&order=relevance&regionCode=BR&relevanceLanguage=pt%2Cen&key=AIzaSyBj80B2fwVvFEMtcQU8tPV_NCNaEmQvzhc&alt=json returned "Request contains an invalid argument.". Details: "[{'message': 'Request contains an invalid argument.', 'domain': 'global', 'reason': 'badRequest'}]">
2025-12-12 01:25:16,492 - UNI_v5 - INFO - YouTube: Iniciando coleta para 'vibe cod' (limite: 30)
2025-12-12 01:25:16,493 - googleapiclient.discovery_cache - INFO - file_cache is only supported with oauth2client<4.0.0
2025-12-12 01:25:16,499 - googleapiclient.discovery - DEBUG - URL being requested: GET https://youtube.googleapis.com/youtube/v3/search?part=snippet&q=vibe+cod&type=video&maxResults=30&order=date&regionCode=BR&relevanceLanguage=pt%2Cen&key=AIzaSyBj80B2fwVvFEMtcQU8tPV_NCNaEmQvzhc&alt=json
2025-12-12 01:25:16,695 - UNI_v5 - ERROR - YouTube: Erro da API YouTube: <HttpError 400 when requesting https://youtube.googleapis.com/youtube/v3/search?part=snippet&q=vibe+cod&type=video&maxResults=30&order=date&regionCode=BR&relevanceLanguage=pt%2Cen&key=AIzaSyBj80B2fwVvFEMtcQU8tPV_NCNaEmQvzhc&alt=json returned "Request contains an invalid argument.". Details: "[{'message': 'Request contains an invalid argument.', 'domain': 'global', 'reason': 'badRequest'}]">
2025-12-12 01:25:16,696 - UNI_v5 - INFO - YouTube: Iniciando coleta para 'vibe cod' (limite: 30)
2025-12-12 01:25:16,698 - googleapiclient.discovery_cache - INFO - file_cache is only supported with oauth2client<4.0.0
2025-12-12 01:25:16,707 - googleapiclient.discovery - DEBUG - URL being requested: GET https://youtube.googleapis.com/youtube/v3/search?part=snippet&q=vibe+cod&type=video&maxResults=30&order=viewCount&regionCode=BR&relevanceLanguage=pt%2Cen&key=AIzaSyBj80B2fwVvFEMtcQU8tPV_NCNaEmQvzhc&alt=json
2025-12-12 01:25:16,894 - UNI_v5 - ERROR - YouTube: Erro da API YouTube: <HttpError 400 when requesting https://youtube.googleapis.com/youtube/v3/search?part=snippet&q=vibe+cod&type=video&maxResults=30&order=viewCount&regionCode=BR&relevanceLanguage=pt%2Cen&key=AIzaSyBj80B2fwVvFEMtcQU8tPV_NCNaEmQvzhc&alt=json returned "Request contains an invalid argument.". Details: "[{'message': 'Request contains an invalid argument.', 'domain': 'global', 'reason': 'badRequest'}]">
2025-12-12 01:25:16,908 - UNI_v5 - INFO - Google Play: Iniciando coleta para 'vibe cod' (limite: 10, tentativa 1/3)
2025-12-12 01:25:16,909 - UNI_v5 - WARNING - Google Play: Tentativa 1 falhou: search() got an unexpected keyword argument 'n'
2025-12-12 01:25:18,914 - UNI_v5 - INFO - Google Play: Iniciando coleta para 'vibe cod' (limite: 10, tentativa 2/3)
2025-12-12 01:25:18,914 - UNI_v5 - WARNING - Google Play: Tentativa 2 falhou: search() got an unexpected keyword argument 'n'
2025-12-12 01:25:20,920 - UNI_v5 - INFO - Google Play: Iniciando coleta para 'vibe cod' (limite: 10, tentativa 3/3)
2025-12-12 01:25:20,920 - UNI_v5 - WARNING - Google Play: Tentativa 3 falhou: search() got an unexpected keyword argument 'n'
2025-12-12 01:25:20,920 - UNI_v5 - ERROR - Google Play: Todas as tentativas falharam
2025-12-12 01:25:20,920 - UNI_v5 - DEBUG - Traceback (most recent call last):
  File "/Users/eas/Desktop/github/emersonalmeida/emersonalmeida.github.io/project/uni/uni_v5.py", line 1438, in coletar_google_play
    apps = gplay_search(term, lang=lang, country=country, n=n)
TypeError: search() got an unexpected keyword argument 'n'

2025-12-12 01:25:20,924 - UNI_v5 - INFO - Apple App Store: Iniciando coleta para 'vibe cod' (limite: 30, tentativa 1/3)
2025-12-12 01:25:20,925 - Base - INFO - Searching for app id
2025-12-12 01:25:20,925 - Base - DEBUG - Making a GET request: https://www.google.com/search
2025-12-12 01:25:20,935 - urllib3.connectionpool - DEBUG - Starting new HTTPS connection (1): www.google.com:443
2025-12-12 01:25:21,122 - urllib3.connectionpool - DEBUG - https://www.google.com:443 "GET /search?q=app+store+vibe-cod HTTP/1.1" 200 None
2025-12-12 01:25:21,139 - UNI_v5 - WARNING - Apple App Store: Tentativa 1 falhou: 'NoneType' object has no attribute 'group'
2025-12-12 01:25:23,144 - UNI_v5 - INFO - Apple App Store: Iniciando coleta para 'vibe cod' (limite: 30, tentativa 2/3)
2025-12-12 01:25:23,145 - Base - INFO - Searching for app id
2025-12-12 01:25:23,146 - Base - DEBUG - Making a GET request: https://www.google.com/search
2025-12-12 01:25:23,151 - urllib3.connectionpool - DEBUG - Starting new HTTPS connection (1): www.google.com:443
2025-12-12 01:25:23,352 - urllib3.connectionpool - DEBUG - https://www.google.com:443 "GET /search?q=app+store+vibe-cod HTTP/1.1" 200 None
2025-12-12 01:25:23,454 - UNI_v5 - WARNING - Apple App Store: Tentativa 2 falhou: 'NoneType' object has no attribute 'group'
2025-12-12 01:25:25,463 - UNI_v5 - INFO - Apple App Store: Iniciando coleta para 'vibe cod' (limite: 30, tentativa 3/3)
2025-12-12 01:25:25,464 - Base - INFO - Searching for app id
2025-12-12 01:25:25,465 - Base - DEBUG - Making a GET request: https://www.google.com/search
2025-12-12 01:25:25,473 - urllib3.connectionpool - DEBUG - Starting new HTTPS connection (1): www.google.com:443
2025-12-12 01:25:25,667 - urllib3.connectionpool - DEBUG - https://www.google.com:443 "GET /search?q=app+store+vibe-cod HTTP/1.1" 200 None
2025-12-12 01:25:25,686 - UNI_v5 - WARNING - Apple App Store: Tentativa 3 falhou: 'NoneType' object has no attribute 'group'
2025-12-12 01:25:25,686 - UNI_v5 - ERROR - Apple App Store: Todas as tentativas falharam
2025-12-12 01:25:25,701 - UNI_v5 - DEBUG - Traceback (most recent call last):
  File "/Users/eas/Desktop/github/emersonalmeida/emersonalmeida.github.io/project/uni/uni_v5.py", line 1534, in coletar_apple_store
    store = AppStore(country=country, app_name=term)
  File "/Users/eas/Library/Python/3.9/lib/python/site-packages/app_store_scraper/app_store.py", line 23, in __init__
    super().__init__(
  File "/Users/eas/Library/Python/3.9/lib/python/site-packages/app_store_scraper/base.py", line 47, in __init__
    app_id = self.search_id()
  File "/Users/eas/Library/Python/3.9/lib/python/site-packages/app_store_scraper/base.py", line 175, in search_id
    app_id = re.search(pattern, self._response.text).group(1)
AttributeError: 'NoneType' object has no attribute 'group'

2025-12-12 01:25:25,702 - UNI_v5 - INFO - Reddit: Iniciando coleta para 'vibe cod' (subreddit: all, limite: 10)
2025-12-12 01:25:25,714 - urllib3.connectionpool - DEBUG - Starting new HTTPS connection (1): pypi.org:443
2025-12-12 01:25:25,876 - urllib3.connectionpool - DEBUG - https://pypi.org:443 "GET /pypi/praw/json HTTP/1.1" 200 36290
2025-12-12 01:25:25,890 - prawcore - DEBUG - Fetching: GET https://oauth.reddit.com/r/all/search/ at 1765513525.890133
2025-12-12 01:25:25,890 - prawcore - DEBUG - Data: None
2025-12-12 01:25:25,890 - prawcore - DEBUG - Params: {'limit': 10,
 'q': 'vibe cod',
 'raw_json': 1,
 'restrict_sr': False,
 'sort': 'relevance',
 'syntax': 'lucene',
 't': 'all'}
2025-12-12 01:25:25,901 - urllib3.connectionpool - DEBUG - Starting new HTTPS connection (1): www.reddit.com:443
2025-12-12 01:25:26,102 - urllib3.connectionpool - DEBUG - https://www.reddit.com:443 "POST /api/v1/access_token HTTP/1.1" 200 650
2025-12-12 01:25:26,109 - urllib3.connectionpool - DEBUG - Starting new HTTPS connection (1): oauth.reddit.com:443
2025-12-12 01:25:27,170 - urllib3.connectionpool - DEBUG - https://oauth.reddit.com:443 "GET /r/all/search/?q=vibe+cod&restrict_sr=False&sort=relevance&syntax=lucene&t=all&limit=10&raw_json=1 HTTP/1.1" 200 33411
2025-12-12 01:25:27,173 - prawcore - DEBUG - Response: 200 (33411 bytes) (rst-273:rem-999.0:used-1 ratelimit) at 1765513527.173125
2025-12-12 01:25:27,174 - prawcore - DEBUG - Fetching: GET https://oauth.reddit.com/r/CallOfDuty/about/ at 1765513527.174926
2025-12-12 01:25:27,175 - prawcore - DEBUG - Data: None
2025-12-12 01:25:27,175 - prawcore - DEBUG - Params: {'raw_json': 1}
2025-12-12 01:25:27,370 - urllib3.connectionpool - DEBUG - https://oauth.reddit.com:443 "GET /r/CallOfDuty/about/?raw_json=1 HTTP/1.1" 200 2175
2025-12-12 01:25:27,374 - prawcore - DEBUG - Response: 200 (2175 bytes) (rst-272:rem-998.0:used-2 ratelimit) at 1765513527.374638
2025-12-12 01:25:27,375 - prawcore - DEBUG - Fetching: GET https://oauth.reddit.com/user/TrudeauIsCastroJR/about/ at 1765513527.375848
2025-12-12 01:25:27,375 - prawcore - DEBUG - Data: None
2025-12-12 01:25:27,376 - prawcore - DEBUG - Params: {'raw_json': 1}
2025-12-12 01:25:27,685 - urllib3.connectionpool - DEBUG - https://oauth.reddit.com:443 "GET /user/TrudeauIsCastroJR/about/?raw_json=1 HTTP/1.1" 200 None
2025-12-12 01:25:27,686 - prawcore - DEBUG - Response: 200 (None bytes) (rst-272:rem-997.0:used-3 ratelimit) at 1765513527.6868842
2025-12-12 01:25:27,687 - prawcore - DEBUG - Fetching: GET https://oauth.reddit.com/comments/1hc0di1/ at 1765513527.687331
2025-12-12 01:25:27,687 - prawcore - DEBUG - Data: None
2025-12-12 01:25:27,687 - prawcore - DEBUG - Params: {'limit': 2048, 'raw_json': 1, 'sort': 'confidence'}
2025-12-12 01:25:30,325 - urllib3.connectionpool - DEBUG - https://oauth.reddit.com:443 "GET /comments/1hc0di1/?limit=2048&sort=confidence&raw_json=1 HTTP/1.1" 200 96539
2025-12-12 01:25:30,584 - prawcore - DEBUG - Response: 200 (96539 bytes) (rst-272:rem-996.0:used-4 ratelimit) at 1765513530.584049
2025-12-12 01:25:30,643 - prawcore - DEBUG - Fetching: GET https://oauth.reddit.com/r/CODZombies/about/ at 1765513530.6437562
2025-12-12 01:25:30,643 - prawcore - DEBUG - Data: None
2025-12-12 01:25:30,643 - prawcore - DEBUG - Params: {'raw_json': 1}
2025-12-12 01:25:30,837 - urllib3.connectionpool - DEBUG - https://oauth.reddit.com:443 "GET /r/CODZombies/about/?raw_json=1 HTTP/1.1" 200 2416
2025-12-12 01:25:30,838 - prawcore - DEBUG - Response: 200 (2416 bytes) (rst-269:rem-995.0:used-5 ratelimit) at 1765513530.8384268
2025-12-12 01:25:30,838 - prawcore - DEBUG - Fetching: GET https://oauth.reddit.com/user/Frosty_Thoughts/about/ at 1765513530.8386712
2025-12-12 01:25:30,838 - prawcore - DEBUG - Data: None
2025-12-12 01:25:30,838 - prawcore - DEBUG - Params: {'raw_json': 1}
2025-12-12 01:25:31,038 - urllib3.connectionpool - DEBUG - https://oauth.reddit.com:443 "GET /user/Frosty_Thoughts/about/?raw_json=1 HTTP/1.1" 200 777
2025-12-12 01:25:31,038 - prawcore - DEBUG - Response: 200 (777 bytes) (rst-269:rem-994.0:used-6 ratelimit) at 1765513531.0384781
2025-12-12 01:25:31,039 - prawcore - DEBUG - Fetching: GET https://oauth.reddit.com/r/EscapefromTarkov/about/ at 1765513531.039739
2025-12-12 01:25:31,039 - prawcore - DEBUG - Data: None
2025-12-12 01:25:31,039 - prawcore - DEBUG - Params: {'raw_json': 1}
2025-12-12 01:25:31,233 - urllib3.connectionpool - DEBUG - https://oauth.reddit.com:443 "GET /r/EscapefromTarkov/about/?raw_json=1 HTTP/1.1" 200 2962
2025-12-12 01:25:31,234 - prawcore - DEBUG - Response: 200 (2962 bytes) (rst-268:rem-993.0:used-7 ratelimit) at 1765513531.234198
2025-12-12 01:25:31,234 - prawcore - DEBUG - Fetching: GET https://oauth.reddit.com/user/LastNickLeft/about/ at 1765513531.234473
2025-12-12 01:25:31,234 - prawcore - DEBUG - Data: None
2025-12-12 01:25:31,234 - prawcore - DEBUG - Params: {'raw_json': 1}
2025-12-12 01:25:31,440 - urllib3.connectionpool - DEBUG - https://oauth.reddit.com:443 "GET /user/LastNickLeft/about/?raw_json=1 HTTP/1.1" 200 903
2025-12-12 01:25:31,441 - prawcore - DEBUG - Response: 200 (903 bytes) (rst-268:rem-992.0:used-8 ratelimit) at 1765513531.441559
2025-12-12 01:25:31,442 - prawcore - DEBUG - Fetching: GET https://oauth.reddit.com/r/CallOfDuty/about/ at 1765513531.4428391
2025-12-12 01:25:31,442 - prawcore - DEBUG - Data: None
2025-12-12 01:25:31,442 - prawcore - DEBUG - Params: {'raw_json': 1}
2025-12-12 01:25:31,629 - urllib3.connectionpool - DEBUG - https://oauth.reddit.com:443 "GET /r/CallOfDuty/about/?raw_json=1 HTTP/1.1" 200 2175
2025-12-12 01:25:31,629 - prawcore - DEBUG - Response: 200 (2175 bytes) (rst-268:rem-991.0:used-9 ratelimit) at 1765513531.629814
2025-12-12 01:25:31,630 - prawcore - DEBUG - Fetching: GET https://oauth.reddit.com/user/JPR_Spectre/about/ at 1765513531.630069
2025-12-12 01:25:31,630 - prawcore - DEBUG - Data: None
2025-12-12 01:25:31,630 - prawcore - DEBUG - Params: {'raw_json': 1}
2025-12-12 01:25:31,834 - urllib3.connectionpool - DEBUG - https://oauth.reddit.com:443 "GET /user/JPR_Spectre/about/?raw_json=1 HTTP/1.1" 200 855
2025-12-12 01:25:31,835 - prawcore - DEBUG - Response: 200 (855 bytes) (rst-268:rem-990.0:used-10 ratelimit) at 1765513531.83549
2025-12-12 01:25:31,838 - prawcore - DEBUG - Fetching: GET https://oauth.reddit.com/comments/1iro90m/ at 1765513531.838429
2025-12-12 01:25:31,838 - prawcore - DEBUG - Data: None
2025-12-12 01:25:31,838 - prawcore - DEBUG - Params: {'limit': 2048, 'raw_json': 1, 'sort': 'confidence'}
2025-12-12 01:25:32,841 - urllib3.connectionpool - DEBUG - https://oauth.reddit.com:443 "GET /comments/1iro90m/?limit=2048&sort=confidence&raw_json=1 HTTP/1.1" 200 31220
2025-12-12 01:25:32,844 - prawcore - DEBUG - Response: 200 (31220 bytes) (rst-268:rem-989.0:used-11 ratelimit) at 1765513532.8448682
2025-12-12 01:25:32,856 - prawcore - DEBUG - Fetching: GET https://oauth.reddit.com/r/MadeMeSmile/about/ at 1765513532.856549
2025-12-12 01:25:32,856 - prawcore - DEBUG - Data: None
2025-12-12 01:25:32,856 - prawcore - DEBUG - Params: {'raw_json': 1}
2025-12-12 01:25:33,042 - urllib3.connectionpool - DEBUG - https://oauth.reddit.com:443 "GET /r/MadeMeSmile/about/?raw_json=1 HTTP/1.1" 200 2128
2025-12-12 01:25:33,043 - prawcore - DEBUG - Response: 200 (2128 bytes) (rst-267:rem-988.0:used-12 ratelimit) at 1765513533.043781
2025-12-12 01:25:33,044 - prawcore - DEBUG - Fetching: GET https://oauth.reddit.com/user/thecuriousmalayali/about/ at 1765513533.044286
2025-12-12 01:25:33,044 - prawcore - DEBUG - Data: None
2025-12-12 01:25:33,044 - prawcore - DEBUG - Params: {'raw_json': 1}
2025-12-12 01:25:33,251 - urllib3.connectionpool - DEBUG - https://oauth.reddit.com:443 "GET /user/thecuriousmalayali/about/?raw_json=1 HTTP/1.1" 200 None
2025-12-12 01:25:33,252 - prawcore - DEBUG - Response: 200 (None bytes) (rst-266:rem-987.0:used-13 ratelimit) at 1765513533.252265
2025-12-12 01:25:33,252 - prawcore - DEBUG - Fetching: GET https://oauth.reddit.com/r/BestofRedditorUpdates/about/ at 1765513533.252575
2025-12-12 01:25:33,252 - prawcore - DEBUG - Data: None
2025-12-12 01:25:33,252 - prawcore - DEBUG - Params: {'raw_json': 1}
2025-12-12 01:25:33,497 - urllib3.connectionpool - DEBUG - https://oauth.reddit.com:443 "GET /r/BestofRedditorUpdates/about/?raw_json=1 HTTP/1.1" 200 3241
2025-12-12 01:25:33,545 - prawcore - DEBUG - Response: 200 (3241 bytes) (rst-266:rem-986.0:used-14 ratelimit) at 1765513533.54526
2025-12-12 01:25:33,567 - prawcore - DEBUG - Fetching: GET https://oauth.reddit.com/user/Choice_Evidence1983/about/ at 1765513533.5675972
2025-12-12 01:25:33,571 - prawcore - DEBUG - Data: None
2025-12-12 01:25:33,571 - prawcore - DEBUG - Params: {'raw_json': 1}
2025-12-12 01:25:33,790 - urllib3.connectionpool - DEBUG - https://oauth.reddit.com:443 "GET /user/Choice_Evidence1983/about/?raw_json=1 HTTP/1.1" 200 970
2025-12-12 01:25:33,790 - prawcore - DEBUG - Response: 200 (970 bytes) (rst-266:rem-985.0:used-15 ratelimit) at 1765513533.790848
2025-12-12 01:25:33,793 - prawcore - DEBUG - Fetching: GET https://oauth.reddit.com/comments/1jwh4xf/ at 1765513533.793089
2025-12-12 01:25:33,793 - prawcore - DEBUG - Data: None
2025-12-12 01:25:33,793 - prawcore - DEBUG - Params: {'limit': 2048, 'raw_json': 1, 'sort': 'confidence'}
2025-12-12 01:25:37,171 - urllib3.connectionpool - DEBUG - https://oauth.reddit.com:443 "GET /comments/1jwh4xf/?limit=2048&sort=confidence&raw_json=1 HTTP/1.1" 200 165948
2025-12-12 01:25:37,421 - prawcore - DEBUG - Response: 200 (165948 bytes) (rst-266:rem-984.0:used-16 ratelimit) at 1765513537.421813
2025-12-12 01:25:37,465 - prawcore - DEBUG - Fetching: GET https://oauth.reddit.com/r/Damnthatsinteresting/about/ at 1765513537.46512
2025-12-12 01:25:37,465 - prawcore - DEBUG - Data: None
2025-12-12 01:25:37,465 - prawcore - DEBUG - Params: {'raw_json': 1}
2025-12-12 01:25:37,657 - urllib3.connectionpool - DEBUG - https://oauth.reddit.com:443 "GET /r/Damnthatsinteresting/about/?raw_json=1 HTTP/1.1" 200 3756
2025-12-12 01:25:37,658 - prawcore - DEBUG - Response: 200 (3756 bytes) (rst-262:rem-983.0:used-17 ratelimit) at 1765513537.658247
2025-12-12 01:25:37,658 - prawcore - DEBUG - Fetching: GET https://oauth.reddit.com/user/Shatrtit/about/ at 1765513537.658808
2025-12-12 01:25:37,658 - prawcore - DEBUG - Data: None
2025-12-12 01:25:37,658 - prawcore - DEBUG - Params: {'raw_json': 1}
2025-12-12 01:25:37,864 - urllib3.connectionpool - DEBUG - https://oauth.reddit.com:443 "GET /user/Shatrtit/about/?raw_json=1 HTTP/1.1" 200 None
2025-12-12 01:25:37,865 - prawcore - DEBUG - Response: 200 (None bytes) (rst-262:rem-982.0:used-18 ratelimit) at 1765513537.86549
2025-12-12 01:25:37,865 - prawcore - DEBUG - Fetching: GET https://oauth.reddit.com/comments/1f05dqy/ at 1765513537.865689
2025-12-12 01:25:37,865 - prawcore - DEBUG - Data: None
2025-12-12 01:25:37,865 - prawcore - DEBUG - Params: {'limit': 2048, 'raw_json': 1, 'sort': 'confidence'}
2025-12-12 01:25:40,749 - urllib3.connectionpool - DEBUG - https://oauth.reddit.com:443 "GET /comments/1f05dqy/?limit=2048&sort=confidence&raw_json=1 HTTP/1.1" 200 79524
2025-12-12 01:25:40,881 - prawcore - DEBUG - Response: 200 (79524 bytes) (rst-262:rem-981.0:used-19 ratelimit) at 1765513540.881037
2025-12-12 01:25:40,922 - prawcore - DEBUG - Fetching: GET https://oauth.reddit.com/r/CallOfDuty/about/ at 1765513540.9226398
2025-12-12 01:25:40,922 - prawcore - DEBUG - Data: None
2025-12-12 01:25:40,922 - prawcore - DEBUG - Params: {'raw_json': 1}
2025-12-12 01:25:41,120 - urllib3.connectionpool - DEBUG - https://oauth.reddit.com:443 "GET /r/CallOfDuty/about/?raw_json=1 HTTP/1.1" 200 2175
2025-12-12 01:25:41,122 - prawcore - DEBUG - Response: 200 (2175 bytes) (rst-258:rem-980.0:used-20 ratelimit) at 1765513541.12289
2025-12-12 01:25:41,124 - prawcore - DEBUG - Fetching: GET https://oauth.reddit.com/user/Master-Platform-661/about/ at 1765513541.124053
2025-12-12 01:25:41,124 - prawcore - DEBUG - Data: None
2025-12-12 01:25:41,124 - prawcore - DEBUG - Params: {'raw_json': 1}
2025-12-12 01:25:41,349 - urllib3.connectionpool - DEBUG - https://oauth.reddit.com:443 "GET /user/Master-Platform-661/about/?raw_json=1 HTTP/1.1" 200 728
2025-12-12 01:25:41,352 - prawcore - DEBUG - Response: 200 (728 bytes) (rst-258:rem-979.0:used-21 ratelimit) at 1765513541.352483
2025-12-12 01:25:41,357 - prawcore - DEBUG - Fetching: GET https://oauth.reddit.com/r/ARC_Raiders/about/ at 1765513541.357813
2025-12-12 01:25:41,358 - prawcore - DEBUG - Data: None
2025-12-12 01:25:41,358 - prawcore - DEBUG - Params: {'raw_json': 1}
2025-12-12 01:25:41,554 - urllib3.connectionpool - DEBUG - https://oauth.reddit.com:443 "GET /r/ARC_Raiders/about/?raw_json=1 HTTP/1.1" 200 1467
2025-12-12 01:25:41,556 - prawcore - DEBUG - Response: 200 (1467 bytes) (rst-258:rem-978.0:used-22 ratelimit) at 1765513541.556891
2025-12-12 01:25:41,557 - prawcore - DEBUG - Fetching: GET https://oauth.reddit.com/user/NewGamePlusMinus/about/ at 1765513541.55791
2025-12-12 01:25:41,558 - prawcore - DEBUG - Data: None
2025-12-12 01:25:41,558 - prawcore - DEBUG - Params: {'raw_json': 1}
2025-12-12 01:25:41,753 - urllib3.connectionpool - DEBUG - https://oauth.reddit.com:443 "GET /user/NewGamePlusMinus/about/?raw_json=1 HTTP/1.1" 200 857
2025-12-12 01:25:41,756 - prawcore - DEBUG - Response: 200 (857 bytes) (rst-258:rem-977.0:used-23 ratelimit) at 1765513541.756937
2025-12-12 01:25:41,762 - prawcore - DEBUG - Fetching: GET https://oauth.reddit.com/comments/1p51rss/ at 1765513541.7620108
2025-12-12 01:25:41,762 - prawcore - DEBUG - Data: None
2025-12-12 01:25:41,762 - prawcore - DEBUG - Params: {'limit': 2048, 'raw_json': 1, 'sort': 'confidence'}
2025-12-12 01:25:43,365 - urllib3.connectionpool - DEBUG - https://oauth.reddit.com:443 "GET /comments/1p51rss/?limit=2048&sort=confidence&raw_json=1 HTTP/1.1" 200 86264
2025-12-12 01:25:43,498 - prawcore - DEBUG - Response: 200 (86264 bytes) (rst-258:rem-976.0:used-24 ratelimit) at 1765513543.498116
2025-12-12 01:25:43,540 - prawcore - DEBUG - Fetching: GET https://oauth.reddit.com/r/ParanormalEncounters/about/ at 1765513543.540164
2025-12-12 01:25:43,540 - prawcore - DEBUG - Data: None
2025-12-12 01:25:43,540 - prawcore - DEBUG - Params: {'raw_json': 1}
2025-12-12 01:25:43,730 - urllib3.connectionpool - DEBUG - https://oauth.reddit.com:443 "GET /r/ParanormalEncounters/about/?raw_json=1 HTTP/1.1" 200 2142
2025-12-12 01:25:43,733 - prawcore - DEBUG - Response: 200 (2142 bytes) (rst-256:rem-975.0:used-25 ratelimit) at 1765513543.7330098
2025-12-12 01:25:43,734 - prawcore - DEBUG - Fetching: GET https://oauth.reddit.com/user/Honest_Back_8905/about/ at 1765513543.734039
2025-12-12 01:25:43,734 - prawcore - DEBUG - Data: None
2025-12-12 01:25:43,734 - prawcore - DEBUG - Params: {'raw_json': 1}
2025-12-12 01:25:43,954 - urllib3.connectionpool - DEBUG - https://oauth.reddit.com:443 "GET /user/Honest_Back_8905/about/?raw_json=1 HTTP/1.1" 200 828
2025-12-12 01:25:43,955 - prawcore - DEBUG - Response: 200 (828 bytes) (rst-256:rem-974.0:used-26 ratelimit) at 1765513543.955316
2025-12-12 01:25:43,959 - prawcore - DEBUG - Fetching: GET https://oauth.reddit.com/comments/1nt9jn7/ at 1765513543.959019
2025-12-12 01:25:43,959 - prawcore - DEBUG - Data: None
2025-12-12 01:25:43,959 - prawcore - DEBUG - Params: {'limit': 2048, 'raw_json': 1, 'sort': 'confidence'}
2025-12-12 01:25:46,559 - urllib3.connectionpool - DEBUG - https://oauth.reddit.com:443 "GET /comments/1nt9jn7/?limit=2048&sort=confidence&raw_json=1 HTTP/1.1" 200 115584
2025-12-12 01:25:46,821 - prawcore - DEBUG - Response: 200 (115584 bytes) (rst-255:rem-973.0:used-27 ratelimit) at 1765513546.8217652
2025-12-12 01:25:46,878 - UNI_v5 - INFO - Reddit: Coletados 10 resultados com sucesso
2025-12-12 01:25:46,879 - UNI_v5 - INFO - Google News: Iniciando coleta para 'vibe cod' (limite: 10)
2025-12-12 01:25:46,900 - urllib3.connectionpool - DEBUG - Starting new HTTPS connection (1): gnews.io:443
2025-12-12 01:25:47,429 - urllib3.connectionpool - DEBUG - https://gnews.io:443 "GET /api/v4/search?q=vibe+cod&lang=pt%2Cen&country=br&max=10&apikey=91a7bc222ecfdac6c60019c4fb1ec87c&from=20 HTTP/1.1" 200 None
2025-12-12 01:25:47,431 - UNI_v5 - INFO - Google News: Coletados 0 resultados com sucesso
2025-12-12 01:25:47,431 - UNI_v5 - INFO - arXiv: Iniciando coleta para 'vibe cod' (limite: 20)
2025-12-12 01:25:47,637 - urllib3.connectionpool - DEBUG - Starting new HTTP connection (1): export.arxiv.org:80
2025-12-12 01:25:47,657 - urllib3.connectionpool - DEBUG - http://export.arxiv.org:80 "GET /api/query?search_query=all:vibe%20cod&start=0&max_results=20&sortBy=relevance HTTP/1.1" 301 0
2025-12-12 01:25:47,663 - urllib3.connectionpool - DEBUG - Starting new HTTPS connection (1): export.arxiv.org:443
2025-12-12 01:25:48,229 - urllib3.connectionpool - DEBUG - https://export.arxiv.org:443 "GET /api/query?search_query=all:vibe%20cod&start=0&max_results=20&sortBy=relevance HTTP/1.1" 200 50266
2025-12-12 01:25:48,282 - UNI_v5 - INFO - arXiv: Coletados 20 resultados com sucesso
2025-12-12 01:25:48,282 - UNI_v5 - INFO - Google Scholar: Iniciando coleta para 'vibe cod' (limite: 20, tentativa 1/3)
2025-12-12 01:25:48,306 - urllib3.connectionpool - DEBUG - Starting new HTTPS connection (1): api.semanticscholar.org:443
2025-12-12 01:25:50,310 - urllib3.connectionpool - DEBUG - https://api.semanticscholar.org:443 "GET /graph/v1/paper/search?query=vibe+cod&limit=20&fields=title%2Cauthors%2Cyear%2Curl%2Cabstract%2CcitationCount%2CreferenceCount%2Cvenue%2CfieldsOfStudy%2CpublicationTypes%2CpublicationDate%2Cjournal%2CexternalIds%2CisOpenAccess%2CopenAccessPdf HTTP/1.1" 200 61206
2025-12-12 01:25:50,490 - UNI_v5 - ERROR - Google Scholar: Erro inesperado: can only join an iterable
2025-12-12 01:25:50,491 - UNI_v5 - DEBUG - Traceback (most recent call last):
  File "/Users/eas/Desktop/github/emersonalmeida/emersonalmeida.github.io/project/uni/uni_v5.py", line 1384, in coletar_scholar
    "fields_of_study": ", ".join(paper.get("fieldsOfStudy", [])),
TypeError: can only join an iterable

2025-12-12 01:25:52,496 - UNI_v5 - INFO - Google Scholar: Iniciando coleta para 'vibe cod' (limite: 20, tentativa 2/3)
2025-12-12 01:25:53,059 - urllib3.connectionpool - DEBUG - https://api.semanticscholar.org:443 "GET /graph/v1/paper/search?query=vibe+cod&limit=20&fields=title%2Cauthors%2Cyear%2Curl%2Cabstract%2CcitationCount%2CreferenceCount%2Cvenue%2CfieldsOfStudy%2CpublicationTypes%2CpublicationDate%2Cjournal%2CexternalIds%2CisOpenAccess%2CopenAccessPdf HTTP/1.1" 429 144
2025-12-12 01:25:53,060 - urllib3.util.retry - DEBUG - Incremented Retry for (url='/graph/v1/paper/search?query=vibe+cod&limit=20&fields=title%2Cauthors%2Cyear%2Curl%2Cabstract%2CcitationCount%2CreferenceCount%2Cvenue%2CfieldsOfStudy%2CpublicationTypes%2CpublicationDate%2Cjournal%2CexternalIds%2CisOpenAccess%2CopenAccessPdf'): Retry(total=4, connect=None, read=None, redirect=None, status=None)
2025-12-12 01:25:53,060 - urllib3.connectionpool - DEBUG - Retry: /graph/v1/paper/search?query=vibe+cod&limit=20&fields=title%2Cauthors%2Cyear%2Curl%2Cabstract%2CcitationCount%2CreferenceCount%2Cvenue%2CfieldsOfStudy%2CpublicationTypes%2CpublicationDate%2Cjournal%2CexternalIds%2CisOpenAccess%2CopenAccessPdf
2025-12-12 01:25:54,191 - urllib3.connectionpool - DEBUG - https://api.semanticscholar.org:443 "GET /graph/v1/paper/search?query=vibe+cod&limit=20&fields=title%2Cauthors%2Cyear%2Curl%2Cabstract%2CcitationCount%2CreferenceCount%2Cvenue%2CfieldsOfStudy%2CpublicationTypes%2CpublicationDate%2Cjournal%2CexternalIds%2CisOpenAccess%2CopenAccessPdf HTTP/1.1" 200 61155
2025-12-12 01:25:54,373 - UNI_v5 - ERROR - Google Scholar: Erro inesperado: can only join an iterable
2025-12-12 01:25:54,373 - UNI_v5 - DEBUG - Traceback (most recent call last):
  File "/Users/eas/Desktop/github/emersonalmeida/emersonalmeida.github.io/project/uni/uni_v5.py", line 1384, in coletar_scholar
    "fields_of_study": ", ".join(paper.get("fieldsOfStudy", [])),
TypeError: can only join an iterable

2025-12-12 01:25:56,374 - UNI_v5 - INFO - Google Scholar: Iniciando coleta para 'vibe cod' (limite: 20, tentativa 3/3)
2025-12-12 01:25:56,931 - urllib3.connectionpool - DEBUG - https://api.semanticscholar.org:443 "GET /graph/v1/paper/search?query=vibe+cod&limit=20&fields=title%2Cauthors%2Cyear%2Curl%2Cabstract%2CcitationCount%2CreferenceCount%2Cvenue%2CfieldsOfStudy%2CpublicationTypes%2CpublicationDate%2Cjournal%2CexternalIds%2CisOpenAccess%2CopenAccessPdf HTTP/1.1" 429 144
2025-12-12 01:25:56,931 - urllib3.util.retry - DEBUG - Incremented Retry for (url='/graph/v1/paper/search?query=vibe+cod&limit=20&fields=title%2Cauthors%2Cyear%2Curl%2Cabstract%2CcitationCount%2CreferenceCount%2Cvenue%2CfieldsOfStudy%2CpublicationTypes%2CpublicationDate%2Cjournal%2CexternalIds%2CisOpenAccess%2CopenAccessPdf'): Retry(total=4, connect=None, read=None, redirect=None, status=None)
2025-12-12 01:25:56,931 - urllib3.connectionpool - DEBUG - Retry: /graph/v1/paper/search?query=vibe+cod&limit=20&fields=title%2Cauthors%2Cyear%2Curl%2Cabstract%2CcitationCount%2CreferenceCount%2Cvenue%2CfieldsOfStudy%2CpublicationTypes%2CpublicationDate%2Cjournal%2CexternalIds%2CisOpenAccess%2CopenAccessPdf
2025-12-12 01:25:57,513 - urllib3.connectionpool - DEBUG - https://api.semanticscholar.org:443 "GET /graph/v1/paper/search?query=vibe+cod&limit=20&fields=title%2Cauthors%2Cyear%2Curl%2Cabstract%2CcitationCount%2CreferenceCount%2Cvenue%2CfieldsOfStudy%2CpublicationTypes%2CpublicationDate%2Cjournal%2CexternalIds%2CisOpenAccess%2CopenAccessPdf HTTP/1.1" 429 144
2025-12-12 01:25:57,513 - urllib3.util.retry - DEBUG - Incremented Retry for (url='/graph/v1/paper/search?query=vibe+cod&limit=20&fields=title%2Cauthors%2Cyear%2Curl%2Cabstract%2CcitationCount%2CreferenceCount%2Cvenue%2CfieldsOfStudy%2CpublicationTypes%2CpublicationDate%2Cjournal%2CexternalIds%2CisOpenAccess%2CopenAccessPdf'): Retry(total=3, connect=None, read=None, redirect=None, status=None)
2025-12-12 01:25:58,519 - urllib3.connectionpool - DEBUG - Retry: /graph/v1/paper/search?query=vibe+cod&limit=20&fields=title%2Cauthors%2Cyear%2Curl%2Cabstract%2CcitationCount%2CreferenceCount%2Cvenue%2CfieldsOfStudy%2CpublicationTypes%2CpublicationDate%2Cjournal%2CexternalIds%2CisOpenAccess%2CopenAccessPdf
2025-12-12 01:25:59,783 - urllib3.connectionpool - DEBUG - https://api.semanticscholar.org:443 "GET /graph/v1/paper/search?query=vibe+cod&limit=20&fields=title%2Cauthors%2Cyear%2Curl%2Cabstract%2CcitationCount%2CreferenceCount%2Cvenue%2CfieldsOfStudy%2CpublicationTypes%2CpublicationDate%2Cjournal%2CexternalIds%2CisOpenAccess%2CopenAccessPdf HTTP/1.1" 200 57737
2025-12-12 01:25:59,964 - UNI_v5 - ERROR - Google Scholar: Erro inesperado: can only join an iterable
2025-12-12 01:25:59,965 - UNI_v5 - DEBUG - Traceback (most recent call last):
  File "/Users/eas/Desktop/github/emersonalmeida/emersonalmeida.github.io/project/uni/uni_v5.py", line 1384, in coletar_scholar
    "fields_of_study": ", ".join(paper.get("fieldsOfStudy", [])),
TypeError: can only join an iterable

2025-12-12 01:25:59,965 - UNI_v5 - INFO - Wikipedia: Iniciando coleta para 'vibe cod' (limite: 20, lang: pt,en)
2025-12-12 01:26:05,732 - urllib3.connectionpool - DEBUG - Starting new HTTPS connection (1): pt,en.wikipedia.org:443
2025-12-12 01:26:05,736 - UNI_v5 - ERROR - Wikipedia: Erro de requisição: HTTPSConnectionPool(host='pt,en.wikipedia.org', port=443): Max retries exceeded with url: /w/api.php?action=query&format=json&list=search&srsearch=vibe+cod&srlimit=20&srnamespace=0 (Caused by NewConnectionError('<urllib3.connection.HTTPSConnection object at 0x111a76070>: Failed to establish a new connection: [Errno 8] nodename nor servname provided, or not known'))
2025-12-12 01:26:05,749 - urllib3.connectionpool - DEBUG - Starting new HTTPS connection (1): api.github.com:443
2025-12-12 01:26:06,364 - urllib3.connectionpool - DEBUG - https://api.github.com:443 "GET /search/repositories?q=vibe+cod&sort=stars&order=desc&per_page=20 HTTP/1.1" 200 None
2025-12-12 01:26:06,381 - UNI_v5 - INFO - GitHub: Coletados 20 resultados com sucesso
2025-12-12 01:26:06,384 - UNI_v5 - INFO - Hacker News: Iniciando coleta para 'vibe cod' (limite: 20)
2025-12-12 01:26:06,569 - urllib3.connectionpool - DEBUG - Starting new HTTPS connection (1): hn.algolia.com:443
2025-12-12 01:26:06,953 - urllib3.connectionpool - DEBUG - https://hn.algolia.com:443 "GET /api/v1/search?query=vibe+cod&tags=story&hitsPerPage=20&numericFilters= HTTP/1.1" 200 27447
2025-12-12 01:26:06,979 - UNI_v5 - INFO - Hacker News: Coletados 20 resultados com sucesso
2025-12-12 01:26:06,981 - UNI_v5 - INFO - : JSON salvo em metadados_coleta.json
2025-12-12 01:26:06,982 - UNI_v5 - INFO - SERP-Google: 30/30 itens válidos após validação
2025-12-12 01:26:07,002 - UNI_v5 - INFO - SERP-Google: Salvo 30 registros com 19 colunas em serp_google.csv (32.2 KB)
2025-12-12 01:26:07,003 - UNI_v5 - INFO - SERP-Bing: 10/10 itens válidos após validação
2025-12-12 01:26:07,004 - UNI_v5 - INFO - SERP-Bing: Salvo 10 registros com 13 colunas em serp_bing.csv (4.4 KB)
2025-12-12 01:26:07,005 - UNI_v5 - INFO - SERP-Brave: 19/19 itens válidos após validação
2025-12-12 01:26:07,006 - UNI_v5 - INFO - SERP-Brave: Salvo 19 registros com 13 colunas em serp_brave.csv (7.6 KB)
2025-12-12 01:26:07,007 - UNI_v5 - INFO - Reddit: 10/10 itens válidos após validação
2025-12-12 01:26:07,010 - UNI_v5 - INFO - Reddit: Salvo 10 registros com 37 colunas em reddit.csv (26.6 KB)
2025-12-12 01:26:07,010 - UNI_v5 - INFO - arXiv: 20/20 itens válidos após validação
2025-12-12 01:26:07,013 - UNI_v5 - INFO - arXiv: Salvo 20 registros com 18 colunas em arxiv.csv (37.8 KB)
2025-12-12 01:26:07,013 - UNI_v5 - INFO - Google Scholar: 7/7 itens válidos após validação
2025-12-12 01:26:07,015 - UNI_v5 - INFO - Google Scholar: Salvo 7 registros com 20 colunas em google_scholar.csv (18.7 KB)
2025-12-12 01:26:07,015 - UNI_v5 - INFO - GitHub: 20/20 itens válidos após validação
2025-12-12 01:26:07,018 - UNI_v5 - INFO - GitHub: Salvo 20 registros com 38 colunas em github.csv (14.1 KB)
2025-12-12 01:26:07,018 - UNI_v5 - INFO - Hacker News: 20/20 itens válidos após validação
2025-12-12 01:26:07,019 - UNI_v5 - INFO - Hacker News: Salvo 20 registros com 18 colunas em hacker_news.csv (4.6 KB)
2025-12-12 01:26:07,020 - UNI_v5 - INFO - Iniciando criação da base de dados consolidada...
2025-12-12 01:26:07,041 - UNI_v5 - INFO - Base de dados consolidada salva: 136 registros, 139 colunas, 173.2 KB
2025-12-12 01:26:07,047 - UNI_v5 - WARNING - Não foi possível salvar Excel: No module named 'openpyxl'
2025-12-12 01:26:07,048 - UNI_v5 - INFO - Resumo: JSON salvo em resumo_estatistico_vibe_cod_20251212_012607.json
2025-12-12 01:26:07,052 - UNI_v5 - INFO - : JSON salvo em resultados_completos.json
2025-12-12 01:26:07,053 - UNI_v5 - INFO - Google Suggest: Iniciando coleta para 'vibe cod' (limite: 15)
2025-12-12 01:26:07,139 - urllib3.connectionpool - DEBUG - https://suggestqueries.google.com:443 "GET /complete/search?q=vibe+cod&gl=us&client=chrome&hl=top&ds=web HTTP/1.1" 200 97
2025-12-12 01:26:07,140 - UNI_v5 - INFO - Google Suggest: Coletados 0 resultados com sucesso
2025-12-12 01:26:07,140 - UNI_v5 - INFO - Google Suggest: Iniciando coleta para 'vibe cod' (limite: 15)
2025-12-12 01:26:07,239 - urllib3.connectionpool - DEBUG - https://suggestqueries.google.com:443 "GET /complete/search?q=vibe+cod&gl=us&client=chrome&hl=a-z&ds=web HTTP/1.1" 200 97
2025-12-12 01:26:07,240 - UNI_v5 - INFO - Google Suggest: Coletados 0 resultados com sucesso
2025-12-12 01:26:07,240 - UNI_v5 - INFO - Google Suggest: Iniciando coleta para 'vibe cod' (limite: 15)
2025-12-12 01:26:07,339 - urllib3.connectionpool - DEBUG - https://suggestqueries.google.com:443 "GET /complete/search?q=vibe+cod&gl=us&client=chrome&hl=0-9&ds=web HTTP/1.1" 200 97
2025-12-12 01:26:07,340 - UNI_v5 - INFO - Google Suggest: Coletados 0 resultados com sucesso
2025-12-12 01:26:07,340 - UNI_v5 - INFO - Google Suggest: Iniciando coleta para 'vibe cod' (limite: 15)
2025-12-12 01:26:07,430 - urllib3.connectionpool - DEBUG - https://suggestqueries.google.com:443 "GET /complete/search?q=vibe+cod&gl=us&client=chrome&hl=other&ds=web HTTP/1.1" 200 97
2025-12-12 01:26:07,432 - UNI_v5 - INFO - Google Suggest: Coletados 0 resultados com sucesso
2025-12-12 01:26:07,432 - UNI_v5 - INFO - Google Suggest: Iniciando coleta para 'vibe cod' (limite: 15)
2025-12-12 01:26:07,530 - urllib3.connectionpool - DEBUG - https://suggestqueries.google.com:443 "GET /complete/search?q=vibe+cod&gl=us&client=chrome&hl=top&ds=youtube HTTP/1.1" 200 97
2025-12-12 01:26:07,531 - UNI_v5 - INFO - Google Suggest: Coletados 0 resultados com sucesso
2025-12-12 01:26:07,531 - UNI_v5 - INFO - Google Suggest: Iniciando coleta para 'vibe cod' (limite: 15)
2025-12-12 01:26:07,622 - urllib3.connectionpool - DEBUG - https://suggestqueries.google.com:443 "GET /complete/search?q=vibe+cod&gl=us&client=chrome&hl=a-z&ds=youtube HTTP/1.1" 200 97
2025-12-12 01:26:07,624 - UNI_v5 - INFO - Google Suggest: Coletados 0 resultados com sucesso
2025-12-12 01:26:07,624 - UNI_v5 - INFO - Google Suggest: Iniciando coleta para 'vibe cod' (limite: 15)
2025-12-12 01:26:07,729 - urllib3.connectionpool - DEBUG - https://suggestqueries.google.com:443 "GET /complete/search?q=vibe+cod&gl=us&client=chrome&hl=0-9&ds=youtube HTTP/1.1" 200 97
2025-12-12 01:26:07,730 - UNI_v5 - INFO - Google Suggest: Coletados 0 resultados com sucesso
2025-12-12 01:26:07,730 - UNI_v5 - INFO - Google Suggest: Iniciando coleta para 'vibe cod' (limite: 15)
2025-12-12 01:26:07,829 - urllib3.connectionpool - DEBUG - https://suggestqueries.google.com:443 "GET /complete/search?q=vibe+cod&gl=us&client=chrome&hl=other&ds=youtube HTTP/1.1" 200 97
2025-12-12 01:26:07,829 - UNI_v5 - INFO - Google Suggest: Coletados 0 resultados com sucesso
2025-12-12 01:26:07,829 - UNI_v5 - INFO - Google: Iniciando coleta para 'vibe cod' (limite: 30, tentativa 1/3)
2025-12-12 01:26:07,831 - googleapiclient.discovery_cache - INFO - file_cache is only supported with oauth2client<4.0.0
2025-12-12 01:26:07,835 - googleapiclient.discovery - DEBUG - URL being requested: GET https://customsearch.googleapis.com/customsearch/v1?q=vibe+cod&cx=f07ccd3b922d6437b&gl=us&lr=lang_pt%2Cen&start=1&num=10&safe=off&key=AIzaSyBj80B2fwVvFEMtcQU8tPV_NCNaEmQvzhc&alt=json
2025-12-12 01:26:08,548 - googleapiclient.discovery - DEBUG - URL being requested: GET https://customsearch.googleapis.com/customsearch/v1?q=vibe+cod&cx=f07ccd3b922d6437b&gl=us&lr=lang_pt%2Cen&start=11&num=10&safe=off&key=AIzaSyBj80B2fwVvFEMtcQU8tPV_NCNaEmQvzhc&alt=json
2025-12-12 01:26:09,653 - googleapiclient.discovery - DEBUG - URL being requested: GET https://customsearch.googleapis.com/customsearch/v1?q=vibe+cod&cx=f07ccd3b922d6437b&gl=us&lr=lang_pt%2Cen&start=21&num=10&safe=off&key=AIzaSyBj80B2fwVvFEMtcQU8tPV_NCNaEmQvzhc&alt=json
2025-12-12 01:26:10,333 - UNI_v5 - INFO - Google: Coletados 30 resultados com sucesso
2025-12-12 01:26:10,334 - UNI_v5 - INFO - Bing: Iniciando coleta para 'vibe cod' (limite: 30, tentativa 1/3)
2025-12-12 01:26:15,145 - urllib3.connectionpool - DEBUG - https://serpapi.com:443 "GET /search?engine=bing&q=vibe+cod&cc=us&count=30&api_key=e71430bcff8bdc906f7a5ed9ae1538355c2efb0fb88ffa071f7125a76cc2b142&safe=off HTTP/1.1" 200 None
2025-12-12 01:26:15,148 - UNI_v5 - INFO - Bing: Coletados 10 resultados com sucesso
2025-12-12 01:26:15,148 - UNI_v5 - INFO - Brave: Iniciando coleta para 'vibe cod' (limite: 30, tentativa 1/3)
2025-12-12 01:26:15,542 - urllib3.connectionpool - DEBUG - https://api.search.brave.com:443 "GET /res/v1/web/search?q=vibe+cod&count=20&offset=0&country=us&safesearch=off HTTP/1.1" 200 None
2025-12-12 01:26:16,248 - urllib3.connectionpool - DEBUG - https://api.search.brave.com:443 "GET /res/v1/web/search?q=vibe+cod&count=20&offset=20&country=us&safesearch=off HTTP/1.1" 429 None
2025-12-12 01:26:16,249 - urllib3.util.retry - DEBUG - Incremented Retry for (url='/res/v1/web/search?q=vibe+cod&count=20&offset=20&country=us&safesearch=off'): Retry(total=4, connect=None, read=None, redirect=None, status=None)
2025-12-12 01:26:16,250 - urllib3.connectionpool - DEBUG - Retry: /res/v1/web/search?q=vibe+cod&count=20&offset=20&country=us&safesearch=off
2025-12-12 01:26:16,440 - urllib3.connectionpool - DEBUG - https://api.search.brave.com:443 "GET /res/v1/web/search?q=vibe+cod&count=20&offset=20&country=us&safesearch=off HTTP/1.1" 422 None
2025-12-12 01:26:16,442 - UNI_v5 - WARNING - Brave: Tentativa 1 falhou: 422 Client Error: Unprocessable Entity for url: https://api.search.brave.com/res/v1/web/search?q=vib
2025-12-12 01:26:18,447 - UNI_v5 - INFO - Brave: Iniciando coleta para 'vibe cod' (limite: 30, tentativa 2/3)
2025-12-12 01:26:18,728 - urllib3.connectionpool - DEBUG - https://api.search.brave.com:443 "GET /res/v1/web/search?q=vibe+cod&count=20&offset=0&country=us&safesearch=off HTTP/1.1" 200 None
2025-12-12 01:26:18,731 - UNI_v5 - INFO - Brave: Coletados 30 resultados com sucesso
2025-12-12 01:26:18,731 - UNI_v5 - INFO - DuckDuckGo: Iniciando coleta para 'vibe cod' (limite: 30, tentativa 1/3)
2025-12-12 01:26:18,731 - UNI_v5 - WARNING - DuckDuckGo: Tentativa 1 falhou: local variable 'DDGS' referenced before assignment
2025-12-12 01:26:20,737 - UNI_v5 - INFO - DuckDuckGo: Iniciando coleta para 'vibe cod' (limite: 30, tentativa 2/3)
2025-12-12 01:26:20,737 - UNI_v5 - WARNING - DuckDuckGo: Tentativa 2 falhou: local variable 'DDGS' referenced before assignment
2025-12-12 01:26:22,741 - UNI_v5 - INFO - DuckDuckGo: Iniciando coleta para 'vibe cod' (limite: 30, tentativa 3/3)
2025-12-12 01:26:22,742 - UNI_v5 - WARNING - DuckDuckGo: Tentativa 3 falhou: local variable 'DDGS' referenced before assignment
2025-12-12 01:26:22,742 - UNI_v5 - ERROR - DuckDuckGo: Todas as tentativas falharam
2025-12-12 01:26:22,743 - UNI_v5 - DEBUG - Traceback (most recent call last):
  File "/Users/eas/Desktop/github/emersonalmeida/emersonalmeida.github.io/project/uni/uni_v5.py", line 501, in coletar_duckduckgo
    with DDGS() as ddgs:
UnboundLocalError: local variable 'DDGS' referenced before assignment

2025-12-12 01:26:22,744 - UNI_v5 - INFO - YouTube: Iniciando coleta para 'vibe cod' (limite: 30)
2025-12-12 01:26:22,746 - googleapiclient.discovery_cache - INFO - file_cache is only supported with oauth2client<4.0.0
2025-12-12 01:26:22,755 - googleapiclient.discovery - DEBUG - URL being requested: GET https://youtube.googleapis.com/youtube/v3/search?part=snippet&q=vibe+cod&type=video&maxResults=30&order=relevance&regionCode=US&relevanceLanguage=pt%2Cen&key=AIzaSyBj80B2fwVvFEMtcQU8tPV_NCNaEmQvzhc&alt=json
2025-12-12 01:26:23,075 - UNI_v5 - ERROR - YouTube: Erro da API YouTube: <HttpError 400 when requesting https://youtube.googleapis.com/youtube/v3/search?part=snippet&q=vibe+cod&type=video&maxResults=30&order=relevance&regionCode=US&relevanceLanguage=pt%2Cen&key=AIzaSyBj80B2fwVvFEMtcQU8tPV_NCNaEmQvzhc&alt=json returned "Request contains an invalid argument.". Details: "[{'message': 'Request contains an invalid argument.', 'domain': 'global', 'reason': 'badRequest'}]">
2025-12-12 01:26:23,076 - UNI_v5 - INFO - YouTube: Iniciando coleta para 'vibe cod' (limite: 30)
2025-12-12 01:26:23,078 - googleapiclient.discovery_cache - INFO - file_cache is only supported with oauth2client<4.0.0
2025-12-12 01:26:23,087 - googleapiclient.discovery - DEBUG - URL being requested: GET https://youtube.googleapis.com/youtube/v3/search?part=snippet&q=vibe+cod&type=video&maxResults=30&order=date&regionCode=US&relevanceLanguage=pt%2Cen&key=AIzaSyBj80B2fwVvFEMtcQU8tPV_NCNaEmQvzhc&alt=json
2025-12-12 01:26:23,400 - UNI_v5 - ERROR - YouTube: Erro da API YouTube: <HttpError 400 when requesting https://youtube.googleapis.com/youtube/v3/search?part=snippet&q=vibe+cod&type=video&maxResults=30&order=date&regionCode=US&relevanceLanguage=pt%2Cen&key=AIzaSyBj80B2fwVvFEMtcQU8tPV_NCNaEmQvzhc&alt=json returned "Request contains an invalid argument.". Details: "[{'message': 'Request contains an invalid argument.', 'domain': 'global', 'reason': 'badRequest'}]">
2025-12-12 01:26:23,400 - UNI_v5 - INFO - YouTube: Iniciando coleta para 'vibe cod' (limite: 30)
2025-12-12 01:26:23,403 - googleapiclient.discovery_cache - INFO - file_cache is only supported with oauth2client<4.0.0
2025-12-12 01:26:23,413 - googleapiclient.discovery - DEBUG - URL being requested: GET https://youtube.googleapis.com/youtube/v3/search?part=snippet&q=vibe+cod&type=video&maxResults=30&order=viewCount&regionCode=US&relevanceLanguage=pt%2Cen&key=AIzaSyBj80B2fwVvFEMtcQU8tPV_NCNaEmQvzhc&alt=json
2025-12-12 01:26:23,600 - UNI_v5 - ERROR - YouTube: Erro da API YouTube: <HttpError 400 when requesting https://youtube.googleapis.com/youtube/v3/search?part=snippet&q=vibe+cod&type=video&maxResults=30&order=viewCount&regionCode=US&relevanceLanguage=pt%2Cen&key=AIzaSyBj80B2fwVvFEMtcQU8tPV_NCNaEmQvzhc&alt=json returned "Request contains an invalid argument.". Details: "[{'message': 'Request contains an invalid argument.', 'domain': 'global', 'reason': 'badRequest'}]">
2025-12-12 01:26:23,600 - UNI_v5 - INFO - Google Play: Iniciando coleta para 'vibe cod' (limite: 10, tentativa 1/3)
2025-12-12 01:26:23,600 - UNI_v5 - WARNING - Google Play: Tentativa 1 falhou: search() got an unexpected keyword argument 'n'
2025-12-12 01:26:25,606 - UNI_v5 - INFO - Google Play: Iniciando coleta para 'vibe cod' (limite: 10, tentativa 2/3)
2025-12-12 01:26:25,606 - UNI_v5 - WARNING - Google Play: Tentativa 2 falhou: search() got an unexpected keyword argument 'n'
2025-12-12 01:26:27,612 - UNI_v5 - INFO - Google Play: Iniciando coleta para 'vibe cod' (limite: 10, tentativa 3/3)
2025-12-12 01:26:27,614 - UNI_v5 - WARNING - Google Play: Tentativa 3 falhou: search() got an unexpected keyword argument 'n'
2025-12-12 01:26:27,614 - UNI_v5 - ERROR - Google Play: Todas as tentativas falharam
2025-12-12 01:26:27,615 - UNI_v5 - DEBUG - Traceback (most recent call last):
  File "/Users/eas/Desktop/github/emersonalmeida/emersonalmeida.github.io/project/uni/uni_v5.py", line 1438, in coletar_google_play
    apps = gplay_search(term, lang=lang, country=country, n=n)
TypeError: search() got an unexpected keyword argument 'n'

2025-12-12 01:26:27,616 - UNI_v5 - INFO - Apple App Store: Iniciando coleta para 'vibe cod' (limite: 30, tentativa 1/3)
2025-12-12 01:26:27,617 - Base - INFO - Searching for app id
2025-12-12 01:26:27,619 - Base - DEBUG - Making a GET request: https://www.google.com/search
2025-12-12 01:26:27,631 - urllib3.connectionpool - DEBUG - Starting new HTTPS connection (1): www.google.com:443
2025-12-12 01:26:27,856 - urllib3.connectionpool - DEBUG - https://www.google.com:443 "GET /search?q=app+store+vibe-cod HTTP/1.1" 200 None
2025-12-12 01:26:27,953 - UNI_v5 - WARNING - Apple App Store: Tentativa 1 falhou: 'NoneType' object has no attribute 'group'
2025-12-12 01:26:29,958 - UNI_v5 - INFO - Apple App Store: Iniciando coleta para 'vibe cod' (limite: 30, tentativa 2/3)
2025-12-12 01:26:29,959 - Base - INFO - Searching for app id
2025-12-12 01:26:29,960 - Base - DEBUG - Making a GET request: https://www.google.com/search
2025-12-12 01:26:29,964 - urllib3.connectionpool - DEBUG - Starting new HTTPS connection (1): www.google.com:443
2025-12-12 01:26:30,164 - urllib3.connectionpool - DEBUG - https://www.google.com:443 "GET /search?q=app+store+vibe-cod HTTP/1.1" 200 None
2025-12-12 01:26:30,179 - UNI_v5 - WARNING - Apple App Store: Tentativa 2 falhou: 'NoneType' object has no attribute 'group'
2025-12-12 01:26:32,184 - UNI_v5 - INFO - Apple App Store: Iniciando coleta para 'vibe cod' (limite: 30, tentativa 3/3)
2025-12-12 01:26:32,185 - Base - INFO - Searching for app id
2025-12-12 01:26:32,186 - Base - DEBUG - Making a GET request: https://www.google.com/search
2025-12-12 01:26:32,192 - urllib3.connectionpool - DEBUG - Starting new HTTPS connection (1): www.google.com:443
2025-12-12 01:26:32,401 - urllib3.connectionpool - DEBUG - https://www.google.com:443 "GET /search?q=app+store+vibe-cod HTTP/1.1" 200 None
2025-12-12 01:26:32,503 - UNI_v5 - WARNING - Apple App Store: Tentativa 3 falhou: 'NoneType' object has no attribute 'group'
2025-12-12 01:26:32,504 - UNI_v5 - ERROR - Apple App Store: Todas as tentativas falharam
2025-12-12 01:26:32,504 - UNI_v5 - DEBUG - Traceback (most recent call last):
  File "/Users/eas/Desktop/github/emersonalmeida/emersonalmeida.github.io/project/uni/uni_v5.py", line 1534, in coletar_apple_store
    store = AppStore(country=country, app_name=term)
  File "/Users/eas/Library/Python/3.9/lib/python/site-packages/app_store_scraper/app_store.py", line 23, in __init__
    super().__init__(
  File "/Users/eas/Library/Python/3.9/lib/python/site-packages/app_store_scraper/base.py", line 47, in __init__
    app_id = self.search_id()
  File "/Users/eas/Library/Python/3.9/lib/python/site-packages/app_store_scraper/base.py", line 175, in search_id
    app_id = re.search(pattern, self._response.text).group(1)
AttributeError: 'NoneType' object has no attribute 'group'

2025-12-12 01:26:32,504 - UNI_v5 - INFO - Reddit: Iniciando coleta para 'vibe cod' (subreddit: all, limite: 10)
2025-12-12 01:26:32,508 - prawcore - DEBUG - Fetching: GET https://oauth.reddit.com/r/all/search/ at 1765513592.508277
2025-12-12 01:26:32,508 - prawcore - DEBUG - Data: None
2025-12-12 01:26:32,509 - prawcore - DEBUG - Params: {'limit': 10,
 'q': 'vibe cod',
 'raw_json': 1,
 'restrict_sr': False,
 'sort': 'relevance',
 'syntax': 'lucene',
 't': 'all'}
2025-12-12 01:26:32,520 - urllib3.connectionpool - DEBUG - Starting new HTTPS connection (1): www.reddit.com:443
2025-12-12 01:26:32,714 - urllib3.connectionpool - DEBUG - https://www.reddit.com:443 "POST /api/v1/access_token HTTP/1.1" 200 653
2025-12-12 01:26:32,722 - urllib3.connectionpool - DEBUG - Starting new HTTPS connection (1): oauth.reddit.com:443
2025-12-12 01:26:33,322 - urllib3.connectionpool - DEBUG - https://oauth.reddit.com:443 "GET /r/all/search/?q=vibe+cod&restrict_sr=False&sort=relevance&syntax=lucene&t=all&limit=10&raw_json=1 HTTP/1.1" 200 33420
2025-12-12 01:26:33,327 - prawcore - DEBUG - Response: 200 (33420 bytes) (rst-207:rem-972.0:used-28 ratelimit) at 1765513593.327439
2025-12-12 01:26:33,337 - prawcore - DEBUG - Fetching: GET https://oauth.reddit.com/r/CallOfDuty/about/ at 1765513593.337404
2025-12-12 01:26:33,337 - prawcore - DEBUG - Data: None
2025-12-12 01:26:33,337 - prawcore - DEBUG - Params: {'raw_json': 1}
2025-12-12 01:26:33,531 - urllib3.connectionpool - DEBUG - https://oauth.reddit.com:443 "GET /r/CallOfDuty/about/?raw_json=1 HTTP/1.1" 200 2175
2025-12-12 01:26:33,534 - prawcore - DEBUG - Response: 200 (2175 bytes) (rst-206:rem-971.0:used-29 ratelimit) at 1765513593.534664
2025-12-12 01:26:33,535 - prawcore - DEBUG - Fetching: GET https://oauth.reddit.com/user/TrudeauIsCastroJR/about/ at 1765513593.5359519
2025-12-12 01:26:33,536 - prawcore - DEBUG - Data: None
2025-12-12 01:26:33,536 - prawcore - DEBUG - Params: {'raw_json': 1}
2025-12-12 01:26:33,729 - urllib3.connectionpool - DEBUG - https://oauth.reddit.com:443 "GET /user/TrudeauIsCastroJR/about/?raw_json=1 HTTP/1.1" 200 None
2025-12-12 01:26:33,731 - prawcore - DEBUG - Response: 200 (None bytes) (rst-206:rem-970.0:used-30 ratelimit) at 1765513593.731977
2025-12-12 01:26:33,732 - prawcore - DEBUG - Fetching: GET https://oauth.reddit.com/comments/1hc0di1/ at 1765513593.732769
2025-12-12 01:26:33,732 - prawcore - DEBUG - Data: None
2025-12-12 01:26:33,733 - prawcore - DEBUG - Params: {'limit': 2048, 'raw_json': 1, 'sort': 'confidence'}
2025-12-12 01:26:36,238 - urllib3.connectionpool - DEBUG - https://oauth.reddit.com:443 "GET /comments/1hc0di1/?limit=2048&sort=confidence&raw_json=1 HTTP/1.1" 200 96552
2025-12-12 01:26:36,455 - prawcore - DEBUG - Response: 200 (96552 bytes) (rst-206:rem-969.0:used-31 ratelimit) at 1765513596.455671
2025-12-12 01:26:36,513 - prawcore - DEBUG - Fetching: GET https://oauth.reddit.com/r/CODZombies/about/ at 1765513596.513772
2025-12-12 01:26:36,513 - prawcore - DEBUG - Data: None
2025-12-12 01:26:36,514 - prawcore - DEBUG - Params: {'raw_json': 1}
2025-12-12 01:26:36,705 - urllib3.connectionpool - DEBUG - https://oauth.reddit.com:443 "GET /r/CODZombies/about/?raw_json=1 HTTP/1.1" 200 2416
2025-12-12 01:26:36,707 - prawcore - DEBUG - Response: 200 (2416 bytes) (rst-203:rem-968.0:used-32 ratelimit) at 1765513596.7075388
2025-12-12 01:26:36,708 - prawcore - DEBUG - Fetching: GET https://oauth.reddit.com/user/Frosty_Thoughts/about/ at 1765513596.708565
2025-12-12 01:26:36,709 - prawcore - DEBUG - Data: None
2025-12-12 01:26:36,709 - prawcore - DEBUG - Params: {'raw_json': 1}
2025-12-12 01:26:36,906 - urllib3.connectionpool - DEBUG - https://oauth.reddit.com:443 "GET /user/Frosty_Thoughts/about/?raw_json=1 HTTP/1.1" 200 777
2025-12-12 01:26:36,907 - prawcore - DEBUG - Response: 200 (777 bytes) (rst-203:rem-967.0:used-33 ratelimit) at 1765513596.90798
2025-12-12 01:26:36,912 - prawcore - DEBUG - Fetching: GET https://oauth.reddit.com/r/EscapefromTarkov/about/ at 1765513596.912051
2025-12-12 01:26:36,912 - prawcore - DEBUG - Data: None
2025-12-12 01:26:36,912 - prawcore - DEBUG - Params: {'raw_json': 1}
2025-12-12 01:26:37,109 - urllib3.connectionpool - DEBUG - https://oauth.reddit.com:443 "GET /r/EscapefromTarkov/about/?raw_json=1 HTTP/1.1" 200 2962
2025-12-12 01:26:37,112 - prawcore - DEBUG - Response: 200 (2962 bytes) (rst-202:rem-966.0:used-34 ratelimit) at 1765513597.1120992
2025-12-12 01:26:37,113 - prawcore - DEBUG - Fetching: GET https://oauth.reddit.com/user/LastNickLeft/about/ at 1765513597.113142
2025-12-12 01:26:37,113 - prawcore - DEBUG - Data: None
2025-12-12 01:26:37,113 - prawcore - DEBUG - Params: {'raw_json': 1}
2025-12-12 01:26:37,306 - urllib3.connectionpool - DEBUG - https://oauth.reddit.com:443 "GET /user/LastNickLeft/about/?raw_json=1 HTTP/1.1" 200 903
2025-12-12 01:26:37,307 - prawcore - DEBUG - Response: 200 (903 bytes) (rst-202:rem-965.0:used-35 ratelimit) at 1765513597.307817
2025-12-12 01:26:37,312 - prawcore - DEBUG - Fetching: GET https://oauth.reddit.com/r/CallOfDuty/about/ at 1765513597.312577
2025-12-12 01:26:37,312 - prawcore - DEBUG - Data: None
2025-12-12 01:26:37,313 - prawcore - DEBUG - Params: {'raw_json': 1}
2025-12-12 01:26:37,505 - urllib3.connectionpool - DEBUG - https://oauth.reddit.com:443 "GET /r/CallOfDuty/about/?raw_json=1 HTTP/1.1" 200 2175
2025-12-12 01:26:37,507 - prawcore - DEBUG - Response: 200 (2175 bytes) (rst-202:rem-964.0:used-36 ratelimit) at 1765513597.507042
2025-12-12 01:26:37,508 - prawcore - DEBUG - Fetching: GET https://oauth.reddit.com/user/JPR_Spectre/about/ at 1765513597.508053
2025-12-12 01:26:37,508 - prawcore - DEBUG - Data: None
2025-12-12 01:26:37,508 - prawcore - DEBUG - Params: {'raw_json': 1}
2025-12-12 01:26:37,711 - urllib3.connectionpool - DEBUG - https://oauth.reddit.com:443 "GET /user/JPR_Spectre/about/?raw_json=1 HTTP/1.1" 200 855
2025-12-12 01:26:37,713 - prawcore - DEBUG - Response: 200 (855 bytes) (rst-202:rem-963.0:used-37 ratelimit) at 1765513597.713084
2025-12-12 01:26:37,717 - prawcore - DEBUG - Fetching: GET https://oauth.reddit.com/comments/1iro90m/ at 1765513597.717325
2025-12-12 01:26:37,717 - prawcore - DEBUG - Data: None
2025-12-12 01:26:37,717 - prawcore - DEBUG - Params: {'limit': 2048, 'raw_json': 1, 'sort': 'confidence'}
2025-12-12 01:26:38,696 - urllib3.connectionpool - DEBUG - https://oauth.reddit.com:443 "GET /comments/1iro90m/?limit=2048&sort=confidence&raw_json=1 HTTP/1.1" 200 31207
2025-12-12 01:26:38,702 - prawcore - DEBUG - Response: 200 (31207 bytes) (rst-202:rem-962.0:used-38 ratelimit) at 1765513598.702417
2025-12-12 01:26:38,725 - prawcore - DEBUG - Fetching: GET https://oauth.reddit.com/r/MadeMeSmile/about/ at 1765513598.725269
2025-12-12 01:26:38,725 - prawcore - DEBUG - Data: None
2025-12-12 01:26:38,725 - prawcore - DEBUG - Params: {'raw_json': 1}
2025-12-12 01:26:38,920 - urllib3.connectionpool - DEBUG - https://oauth.reddit.com:443 "GET /r/MadeMeSmile/about/?raw_json=1 HTTP/1.1" 200 2128
2025-12-12 01:26:38,923 - prawcore - DEBUG - Response: 200 (2128 bytes) (rst-201:rem-961.0:used-39 ratelimit) at 1765513598.923823
2025-12-12 01:26:38,924 - prawcore - DEBUG - Fetching: GET https://oauth.reddit.com/user/thecuriousmalayali/about/ at 1765513598.924468
2025-12-12 01:26:38,924 - prawcore - DEBUG - Data: None
2025-12-12 01:26:38,924 - prawcore - DEBUG - Params: {'raw_json': 1}
2025-12-12 01:26:39,116 - urllib3.connectionpool - DEBUG - https://oauth.reddit.com:443 "GET /user/thecuriousmalayali/about/?raw_json=1 HTTP/1.1" 200 None
2025-12-12 01:26:39,117 - prawcore - DEBUG - Response: 200 (None bytes) (rst-200:rem-960.0:used-40 ratelimit) at 1765513599.117733
2025-12-12 01:26:39,118 - prawcore - DEBUG - Fetching: GET https://oauth.reddit.com/r/BestofRedditorUpdates/about/ at 1765513599.1182342
2025-12-12 01:26:39,118 - prawcore - DEBUG - Data: None
2025-12-12 01:26:39,118 - prawcore - DEBUG - Params: {'raw_json': 1}
2025-12-12 01:26:39,310 - urllib3.connectionpool - DEBUG - https://oauth.reddit.com:443 "GET /r/BestofRedditorUpdates/about/?raw_json=1 HTTP/1.1" 200 3241
2025-12-12 01:26:39,312 - prawcore - DEBUG - Response: 200 (3241 bytes) (rst-200:rem-959.0:used-41 ratelimit) at 1765513599.312955
2025-12-12 01:26:39,314 - prawcore - DEBUG - Fetching: GET https://oauth.reddit.com/user/Choice_Evidence1983/about/ at 1765513599.314032
2025-12-12 01:26:39,314 - prawcore - DEBUG - Data: None
2025-12-12 01:26:39,314 - prawcore - DEBUG - Params: {'raw_json': 1}
2025-12-12 01:26:39,508 - urllib3.connectionpool - DEBUG - https://oauth.reddit.com:443 "GET /user/Choice_Evidence1983/about/?raw_json=1 HTTP/1.1" 200 971
2025-12-12 01:26:39,511 - prawcore - DEBUG - Response: 200 (971 bytes) (rst-200:rem-958.0:used-42 ratelimit) at 1765513599.5110521
2025-12-12 01:26:39,515 - prawcore - DEBUG - Fetching: GET https://oauth.reddit.com/comments/1jwh4xf/ at 1765513599.515542
2025-12-12 01:26:39,515 - prawcore - DEBUG - Data: None
2025-12-12 01:26:39,516 - prawcore - DEBUG - Params: {'limit': 2048, 'raw_json': 1, 'sort': 'confidence'}
2025-12-12 01:26:42,690 - urllib3.connectionpool - DEBUG - https://oauth.reddit.com:443 "GET /comments/1jwh4xf/?limit=2048&sort=confidence&raw_json=1 HTTP/1.1" 200 165962
2025-12-12 01:26:42,895 - prawcore - DEBUG - Response: 200 (165962 bytes) (rst-200:rem-957.0:used-43 ratelimit) at 1765513602.895285
2025-12-12 01:26:42,945 - prawcore - DEBUG - Fetching: GET https://oauth.reddit.com/r/Damnthatsinteresting/about/ at 1765513602.945869
2025-12-12 01:26:42,946 - prawcore - DEBUG - Data: None
2025-12-12 01:26:42,946 - prawcore - DEBUG - Params: {'raw_json': 1}
2025-12-12 01:26:43,133 - urllib3.connectionpool - DEBUG - https://oauth.reddit.com:443 "GET /r/Damnthatsinteresting/about/?raw_json=1 HTTP/1.1" 200 3756
2025-12-12 01:26:43,135 - prawcore - DEBUG - Response: 200 (3756 bytes) (rst-196:rem-956.0:used-44 ratelimit) at 1765513603.135196
2025-12-12 01:26:43,135 - prawcore - DEBUG - Fetching: GET https://oauth.reddit.com/user/Shatrtit/about/ at 1765513603.135916
2025-12-12 01:26:43,136 - prawcore - DEBUG - Data: None
2025-12-12 01:26:43,136 - prawcore - DEBUG - Params: {'raw_json': 1}
2025-12-12 01:26:43,320 - urllib3.connectionpool - DEBUG - https://oauth.reddit.com:443 "GET /user/Shatrtit/about/?raw_json=1 HTTP/1.1" 200 None
2025-12-12 01:26:43,324 - prawcore - DEBUG - Response: 200 (None bytes) (rst-196:rem-955.0:used-45 ratelimit) at 1765513603.3240042
2025-12-12 01:26:43,324 - prawcore - DEBUG - Fetching: GET https://oauth.reddit.com/comments/1f05dqy/ at 1765513603.32446
2025-12-12 01:26:43,324 - prawcore - DEBUG - Data: None
2025-12-12 01:26:43,324 - prawcore - DEBUG - Params: {'limit': 2048, 'raw_json': 1, 'sort': 'confidence'}
2025-12-12 01:26:46,068 - urllib3.connectionpool - DEBUG - https://oauth.reddit.com:443 "GET /comments/1f05dqy/?limit=2048&sort=confidence&raw_json=1 HTTP/1.1" 200 79499
2025-12-12 01:26:46,159 - prawcore - DEBUG - Response: 200 (79499 bytes) (rst-196:rem-954.0:used-46 ratelimit) at 1765513606.159791
2025-12-12 01:26:46,206 - prawcore - DEBUG - Fetching: GET https://oauth.reddit.com/r/CallOfDuty/about/ at 1765513606.206514
2025-12-12 01:26:46,206 - prawcore - DEBUG - Data: None
2025-12-12 01:26:46,206 - prawcore - DEBUG - Params: {'raw_json': 1}
2025-12-12 01:26:46,392 - urllib3.connectionpool - DEBUG - https://oauth.reddit.com:443 "GET /r/CallOfDuty/about/?raw_json=1 HTTP/1.1" 200 2175
2025-12-12 01:26:46,396 - prawcore - DEBUG - Response: 200 (2175 bytes) (rst-193:rem-953.0:used-47 ratelimit) at 1765513606.3960152
2025-12-12 01:26:46,397 - prawcore - DEBUG - Fetching: GET https://oauth.reddit.com/user/Master-Platform-661/about/ at 1765513606.397225
2025-12-12 01:26:46,397 - prawcore - DEBUG - Data: None
2025-12-12 01:26:46,397 - prawcore - DEBUG - Params: {'raw_json': 1}
2025-12-12 01:26:46,591 - urllib3.connectionpool - DEBUG - https://oauth.reddit.com:443 "GET /user/Master-Platform-661/about/?raw_json=1 HTTP/1.1" 200 728
2025-12-12 01:26:46,594 - prawcore - DEBUG - Response: 200 (728 bytes) (rst-193:rem-952.0:used-48 ratelimit) at 1765513606.5942478
2025-12-12 01:26:46,599 - prawcore - DEBUG - Fetching: GET https://oauth.reddit.com/r/ARC_Raiders/about/ at 1765513606.59951
2025-12-12 01:26:46,599 - prawcore - DEBUG - Data: None
2025-12-12 01:26:46,599 - prawcore - DEBUG - Params: {'raw_json': 1}
2025-12-12 01:26:46,788 - urllib3.connectionpool - DEBUG - https://oauth.reddit.com:443 "GET /r/ARC_Raiders/about/?raw_json=1 HTTP/1.1" 200 1467
2025-12-12 01:26:46,791 - prawcore - DEBUG - Response: 200 (1467 bytes) (rst-193:rem-951.0:used-49 ratelimit) at 1765513606.7913752
2025-12-12 01:26:46,792 - prawcore - DEBUG - Fetching: GET https://oauth.reddit.com/user/NewGamePlusMinus/about/ at 1765513606.792531
2025-12-12 01:26:46,792 - prawcore - DEBUG - Data: None
2025-12-12 01:26:46,793 - prawcore - DEBUG - Params: {'raw_json': 1}
2025-12-12 01:26:46,991 - urllib3.connectionpool - DEBUG - https://oauth.reddit.com:443 "GET /user/NewGamePlusMinus/about/?raw_json=1 HTTP/1.1" 200 857
2025-12-12 01:26:46,994 - prawcore - DEBUG - Response: 200 (857 bytes) (rst-193:rem-950.0:used-50 ratelimit) at 1765513606.9942138
2025-12-12 01:26:46,999 - prawcore - DEBUG - Fetching: GET https://oauth.reddit.com/comments/1p51rss/ at 1765513606.999021
2025-12-12 01:26:46,999 - prawcore - DEBUG - Data: None
2025-12-12 01:26:46,999 - prawcore - DEBUG - Params: {'limit': 2048, 'raw_json': 1, 'sort': 'confidence'}
2025-12-12 01:26:48,525 - urllib3.connectionpool - DEBUG - https://oauth.reddit.com:443 "GET /comments/1p51rss/?limit=2048&sort=confidence&raw_json=1 HTTP/1.1" 200 86315
2025-12-12 01:26:48,657 - prawcore - DEBUG - Response: 200 (86315 bytes) (rst-192:rem-949.0:used-51 ratelimit) at 1765513608.657409
2025-12-12 01:26:48,702 - prawcore - DEBUG - Fetching: GET https://oauth.reddit.com/r/ParanormalEncounters/about/ at 1765513608.702776
2025-12-12 01:26:48,702 - prawcore - DEBUG - Data: None
2025-12-12 01:26:48,703 - prawcore - DEBUG - Params: {'raw_json': 1}
2025-12-12 01:26:48,908 - urllib3.connectionpool - DEBUG - https://oauth.reddit.com:443 "GET /r/ParanormalEncounters/about/?raw_json=1 HTTP/1.1" 200 2142
2025-12-12 01:26:48,911 - prawcore - DEBUG - Response: 200 (2142 bytes) (rst-191:rem-948.0:used-52 ratelimit) at 1765513608.9118521
2025-12-12 01:26:48,913 - prawcore - DEBUG - Fetching: GET https://oauth.reddit.com/user/Honest_Back_8905/about/ at 1765513608.9131641
2025-12-12 01:26:48,913 - prawcore - DEBUG - Data: None
2025-12-12 01:26:48,913 - prawcore - DEBUG - Params: {'raw_json': 1}
2025-12-12 01:26:49,106 - urllib3.connectionpool - DEBUG - https://oauth.reddit.com:443 "GET /user/Honest_Back_8905/about/?raw_json=1 HTTP/1.1" 200 828
2025-12-12 01:26:49,107 - prawcore - DEBUG - Response: 200 (828 bytes) (rst-190:rem-947.0:used-53 ratelimit) at 1765513609.107234
2025-12-12 01:26:49,110 - prawcore - DEBUG - Fetching: GET https://oauth.reddit.com/comments/1nt9jn7/ at 1765513609.1103308
2025-12-12 01:26:49,110 - prawcore - DEBUG - Data: None
2025-12-12 01:26:49,110 - prawcore - DEBUG - Params: {'limit': 2048, 'raw_json': 1, 'sort': 'confidence'}
2025-12-12 01:26:51,625 - urllib3.connectionpool - DEBUG - https://oauth.reddit.com:443 "GET /comments/1nt9jn7/?limit=2048&sort=confidence&raw_json=1 HTTP/1.1" 200 115638
2025-12-12 01:26:51,883 - prawcore - DEBUG - Response: 200 (115638 bytes) (rst-190:rem-946.0:used-54 ratelimit) at 1765513611.88357
2025-12-12 01:26:51,985 - UNI_v5 - INFO - Reddit: Coletados 10 resultados com sucesso
2025-12-12 01:26:51,986 - UNI_v5 - INFO - Google News: Iniciando coleta para 'vibe cod' (limite: 10)
2025-12-12 01:26:51,988 - urllib3.connectionpool - DEBUG - Resetting dropped connection: gnews.io
2025-12-12 01:26:52,505 - urllib3.connectionpool - DEBUG - https://gnews.io:443 "GET /api/v4/search?q=vibe+cod&lang=pt%2Cen&country=us&max=10&apikey=91a7bc222ecfdac6c60019c4fb1ec87c&from=20 HTTP/1.1" 200 None
2025-12-12 01:26:52,507 - UNI_v5 - INFO - Google News: Coletados 0 resultados com sucesso
2025-12-12 01:26:52,508 - UNI_v5 - INFO - arXiv: Iniciando coleta para 'vibe cod' (limite: 20)
2025-12-12 01:26:52,523 - urllib3.connectionpool - DEBUG - Starting new HTTP connection (1): export.arxiv.org:80
2025-12-12 01:26:52,543 - urllib3.connectionpool - DEBUG - http://export.arxiv.org:80 "GET /api/query?search_query=all:vibe%20cod&start=0&max_results=20&sortBy=relevance HTTP/1.1" 301 0
2025-12-12 01:26:52,549 - urllib3.connectionpool - DEBUG - Starting new HTTPS connection (1): export.arxiv.org:443
2025-12-12 01:26:52,587 - urllib3.connectionpool - DEBUG - https://export.arxiv.org:443 "GET /api/query?search_query=all:vibe%20cod&start=0&max_results=20&sortBy=relevance HTTP/1.1" 200 50266
2025-12-12 01:26:52,615 - UNI_v5 - INFO - arXiv: Coletados 20 resultados com sucesso
2025-12-12 01:26:52,615 - UNI_v5 - INFO - Google Scholar: Iniciando coleta para 'vibe cod' (limite: 20, tentativa 1/3)
2025-12-12 01:26:53,184 - urllib3.connectionpool - DEBUG - https://api.semanticscholar.org:443 "GET /graph/v1/paper/search?query=vibe+cod&limit=20&fields=title%2Cauthors%2Cyear%2Curl%2Cabstract%2CcitationCount%2CreferenceCount%2Cvenue%2CfieldsOfStudy%2CpublicationTypes%2CpublicationDate%2Cjournal%2CexternalIds%2CisOpenAccess%2CopenAccessPdf HTTP/1.1" 429 144
2025-12-12 01:26:53,185 - urllib3.util.retry - DEBUG - Incremented Retry for (url='/graph/v1/paper/search?query=vibe+cod&limit=20&fields=title%2Cauthors%2Cyear%2Curl%2Cabstract%2CcitationCount%2CreferenceCount%2Cvenue%2CfieldsOfStudy%2CpublicationTypes%2CpublicationDate%2Cjournal%2CexternalIds%2CisOpenAccess%2CopenAccessPdf'): Retry(total=4, connect=None, read=None, redirect=None, status=None)
2025-12-12 01:26:53,186 - urllib3.connectionpool - DEBUG - Retry: /graph/v1/paper/search?query=vibe+cod&limit=20&fields=title%2Cauthors%2Cyear%2Curl%2Cabstract%2CcitationCount%2CreferenceCount%2Cvenue%2CfieldsOfStudy%2CpublicationTypes%2CpublicationDate%2Cjournal%2CexternalIds%2CisOpenAccess%2CopenAccessPdf
2025-12-12 01:26:53,733 - urllib3.connectionpool - DEBUG - https://api.semanticscholar.org:443 "GET /graph/v1/paper/search?query=vibe+cod&limit=20&fields=title%2Cauthors%2Cyear%2Curl%2Cabstract%2CcitationCount%2CreferenceCount%2Cvenue%2CfieldsOfStudy%2CpublicationTypes%2CpublicationDate%2Cjournal%2CexternalIds%2CisOpenAccess%2CopenAccessPdf HTTP/1.1" 429 144
2025-12-12 01:26:53,734 - urllib3.util.retry - DEBUG - Incremented Retry for (url='/graph/v1/paper/search?query=vibe+cod&limit=20&fields=title%2Cauthors%2Cyear%2Curl%2Cabstract%2CcitationCount%2CreferenceCount%2Cvenue%2CfieldsOfStudy%2CpublicationTypes%2CpublicationDate%2Cjournal%2CexternalIds%2CisOpenAccess%2CopenAccessPdf'): Retry(total=3, connect=None, read=None, redirect=None, status=None)
2025-12-12 01:26:54,739 - urllib3.connectionpool - DEBUG - Retry: /graph/v1/paper/search?query=vibe+cod&limit=20&fields=title%2Cauthors%2Cyear%2Curl%2Cabstract%2CcitationCount%2CreferenceCount%2Cvenue%2CfieldsOfStudy%2CpublicationTypes%2CpublicationDate%2Cjournal%2CexternalIds%2CisOpenAccess%2CopenAccessPdf
2025-12-12 01:26:55,387 - urllib3.connectionpool - DEBUG - https://api.semanticscholar.org:443 "GET /graph/v1/paper/search?query=vibe+cod&limit=20&fields=title%2Cauthors%2Cyear%2Curl%2Cabstract%2CcitationCount%2CreferenceCount%2Cvenue%2CfieldsOfStudy%2CpublicationTypes%2CpublicationDate%2Cjournal%2CexternalIds%2CisOpenAccess%2CopenAccessPdf HTTP/1.1" 429 144
2025-12-12 01:26:55,387 - urllib3.util.retry - DEBUG - Incremented Retry for (url='/graph/v1/paper/search?query=vibe+cod&limit=20&fields=title%2Cauthors%2Cyear%2Curl%2Cabstract%2CcitationCount%2CreferenceCount%2Cvenue%2CfieldsOfStudy%2CpublicationTypes%2CpublicationDate%2Cjournal%2CexternalIds%2CisOpenAccess%2CopenAccessPdf'): Retry(total=2, connect=None, read=None, redirect=None, status=None)
2025-12-12 01:26:57,391 - urllib3.connectionpool - DEBUG - Retry: /graph/v1/paper/search?query=vibe+cod&limit=20&fields=title%2Cauthors%2Cyear%2Curl%2Cabstract%2CcitationCount%2CreferenceCount%2Cvenue%2CfieldsOfStudy%2CpublicationTypes%2CpublicationDate%2Cjournal%2CexternalIds%2CisOpenAccess%2CopenAccessPdf
2025-12-12 01:26:58,476 - urllib3.connectionpool - DEBUG - https://api.semanticscholar.org:443 "GET /graph/v1/paper/search?query=vibe+cod&limit=20&fields=title%2Cauthors%2Cyear%2Curl%2Cabstract%2CcitationCount%2CreferenceCount%2Cvenue%2CfieldsOfStudy%2CpublicationTypes%2CpublicationDate%2Cjournal%2CexternalIds%2CisOpenAccess%2CopenAccessPdf HTTP/1.1" 429 144
2025-12-12 01:26:58,477 - urllib3.util.retry - DEBUG - Incremented Retry for (url='/graph/v1/paper/search?query=vibe+cod&limit=20&fields=title%2Cauthors%2Cyear%2Curl%2Cabstract%2CcitationCount%2CreferenceCount%2Cvenue%2CfieldsOfStudy%2CpublicationTypes%2CpublicationDate%2Cjournal%2CexternalIds%2CisOpenAccess%2CopenAccessPdf'): Retry(total=1, connect=None, read=None, redirect=None, status=None)
2025-12-12 01:30:54,473 - UNI_v6 - INFO - Google Suggest: Iniciando coleta para 'bitcoin' (limite: 15)
2025-12-12 01:30:54,508 - urllib3.connectionpool - DEBUG - Starting new HTTPS connection (1): suggestqueries.google.com:443
2025-12-12 01:30:54,708 - urllib3.connectionpool - DEBUG - https://suggestqueries.google.com:443 "GET /complete/search?q=bitcoin&gl=br&client=chrome&hl=top&ds=web HTTP/1.1" 200 95
2025-12-12 01:30:54,712 - UNI_v6 - INFO - Google Suggest: Coletados 0 resultados com sucesso
2025-12-12 01:30:54,712 - UNI_v6 - INFO - Google Suggest: Iniciando coleta para 'bitcoin' (limite: 15)
2025-12-12 01:30:54,795 - urllib3.connectionpool - DEBUG - https://suggestqueries.google.com:443 "GET /complete/search?q=bitcoin&gl=br&client=chrome&hl=a-z&ds=web HTTP/1.1" 200 95
2025-12-12 01:30:54,797 - UNI_v6 - INFO - Google Suggest: Coletados 0 resultados com sucesso
2025-12-12 01:30:54,797 - UNI_v6 - INFO - Google Suggest: Iniciando coleta para 'bitcoin' (limite: 15)
2025-12-12 01:30:54,898 - urllib3.connectionpool - DEBUG - https://suggestqueries.google.com:443 "GET /complete/search?q=bitcoin&gl=br&client=chrome&hl=0-9&ds=web HTTP/1.1" 200 95
2025-12-12 01:30:54,898 - UNI_v6 - INFO - Google Suggest: Coletados 0 resultados com sucesso
2025-12-12 01:30:54,898 - UNI_v6 - INFO - Google Suggest: Iniciando coleta para 'bitcoin' (limite: 15)
2025-12-12 01:30:54,990 - urllib3.connectionpool - DEBUG - https://suggestqueries.google.com:443 "GET /complete/search?q=bitcoin&gl=br&client=chrome&hl=other&ds=web HTTP/1.1" 200 95
2025-12-12 01:30:54,991 - UNI_v6 - INFO - Google Suggest: Coletados 0 resultados com sucesso
2025-12-12 01:30:54,992 - UNI_v6 - INFO - Google Suggest: Iniciando coleta para 'bitcoin' (limite: 15)
2025-12-12 01:30:55,094 - urllib3.connectionpool - DEBUG - https://suggestqueries.google.com:443 "GET /complete/search?q=bitcoin&gl=br&client=chrome&hl=top&ds=youtube HTTP/1.1" 200 95
2025-12-12 01:30:55,095 - UNI_v6 - INFO - Google Suggest: Coletados 0 resultados com sucesso
2025-12-12 01:30:55,095 - UNI_v6 - INFO - Google Suggest: Iniciando coleta para 'bitcoin' (limite: 15)
2025-12-12 01:30:55,199 - urllib3.connectionpool - DEBUG - https://suggestqueries.google.com:443 "GET /complete/search?q=bitcoin&gl=br&client=chrome&hl=a-z&ds=youtube HTTP/1.1" 200 95
2025-12-12 01:30:55,199 - UNI_v6 - INFO - Google Suggest: Coletados 0 resultados com sucesso
2025-12-12 01:30:55,199 - UNI_v6 - INFO - Google Suggest: Iniciando coleta para 'bitcoin' (limite: 15)
2025-12-12 01:30:55,290 - urllib3.connectionpool - DEBUG - https://suggestqueries.google.com:443 "GET /complete/search?q=bitcoin&gl=br&client=chrome&hl=0-9&ds=youtube HTTP/1.1" 200 95
2025-12-12 01:30:55,290 - UNI_v6 - INFO - Google Suggest: Coletados 0 resultados com sucesso
2025-12-12 01:30:55,290 - UNI_v6 - INFO - Google Suggest: Iniciando coleta para 'bitcoin' (limite: 15)
2025-12-12 01:30:55,387 - urllib3.connectionpool - DEBUG - https://suggestqueries.google.com:443 "GET /complete/search?q=bitcoin&gl=br&client=chrome&hl=other&ds=youtube HTTP/1.1" 200 95
2025-12-12 01:30:55,388 - UNI_v6 - INFO - Google Suggest: Coletados 0 resultados com sucesso
2025-12-12 01:30:55,388 - UNI_v6 - INFO - Google: Iniciando coleta para 'bitcoin' (limite: 20, tentativa 1/3)
2025-12-12 01:30:55,394 - googleapiclient.discovery_cache - INFO - file_cache is only supported with oauth2client<4.0.0
2025-12-12 01:30:55,401 - googleapiclient.discovery - DEBUG - URL being requested: GET https://customsearch.googleapis.com/customsearch/v1?q=bitcoin&cx=f07ccd3b922d6437b&gl=br&lr=lang_pt&start=1&num=10&safe=off&key=AIzaSyBj80B2fwVvFEMtcQU8tPV_NCNaEmQvzhc&alt=json
2025-12-12 01:30:56,271 - googleapiclient.discovery - DEBUG - URL being requested: GET https://customsearch.googleapis.com/customsearch/v1?q=bitcoin&cx=f07ccd3b922d6437b&gl=br&lr=lang_pt&start=11&num=10&safe=off&key=AIzaSyBj80B2fwVvFEMtcQU8tPV_NCNaEmQvzhc&alt=json
2025-12-12 01:30:56,641 - UNI_v6 - INFO - Google: Coletados 20 resultados com sucesso
2025-12-12 01:30:56,641 - UNI_v6 - INFO - Bing: Iniciando coleta para 'bitcoin' (limite: 20, tentativa 1/3)
2025-12-12 01:30:56,646 - urllib3.connectionpool - DEBUG - Starting new HTTPS connection (1): serpapi.com:443
2025-12-12 01:30:56,704 - urllib3.connectionpool - DEBUG - https://serpapi.com:443 "GET /search?engine=bing&q=bitcoin&cc=br&count=20&api_key=e71430bcff8bdc906f7a5ed9ae1538355c2efb0fb88ffa071f7125a76cc2b142&safe=off HTTP/1.1" 200 None
2025-12-12 01:30:56,705 - UNI_v6 - INFO - Bing: Coletados 10 resultados com sucesso
2025-12-12 01:30:56,705 - UNI_v6 - INFO - Brave: Iniciando coleta para 'bitcoin' (limite: 20, tentativa 1/3)
2025-12-12 01:30:56,707 - urllib3.connectionpool - DEBUG - Starting new HTTPS connection (1): api.search.brave.com:443
2025-12-12 01:30:57,959 - urllib3.connectionpool - DEBUG - https://api.search.brave.com:443 "GET /res/v1/web/search?q=bitcoin&count=20&offset=0&country=br&safesearch=off HTTP/1.1" 200 None
2025-12-12 01:30:57,963 - UNI_v6 - INFO - Brave: Coletados 20 resultados com sucesso
2025-12-12 01:30:57,963 - UNI_v6 - INFO - DuckDuckGo: Iniciando coleta para 'bitcoin' (limite: 20, tentativa 1/3)
2025-12-12 01:30:57,963 - UNI_v6 - WARNING - DuckDuckGo: Tentativa 1 falhou: local variable 'DDGS' referenced before assignment
2025-12-12 01:30:59,967 - UNI_v6 - INFO - DuckDuckGo: Iniciando coleta para 'bitcoin' (limite: 20, tentativa 2/3)
2025-12-12 01:30:59,968 - UNI_v6 - WARNING - DuckDuckGo: Tentativa 2 falhou: local variable 'DDGS' referenced before assignment
2025-12-12 01:31:01,973 - UNI_v6 - INFO - DuckDuckGo: Iniciando coleta para 'bitcoin' (limite: 20, tentativa 3/3)
2025-12-12 01:31:01,973 - UNI_v6 - WARNING - DuckDuckGo: Tentativa 3 falhou: local variable 'DDGS' referenced before assignment
2025-12-12 01:31:01,974 - UNI_v6 - ERROR - DuckDuckGo: Todas as tentativas falharam
2025-12-12 01:31:01,984 - UNI_v6 - DEBUG - Traceback (most recent call last):
  File "/Users/eas/Desktop/github/emersonalmeida/emersonalmeida.github.io/project/uni/uni_v6.py", line 502, in coletar_duckduckgo
    with DDGS() as ddgs:
UnboundLocalError: local variable 'DDGS' referenced before assignment

2025-12-12 01:31:01,984 - UNI_v6 - INFO - YouTube: Iniciando coleta para 'bitcoin' (limite: 30)
2025-12-12 01:31:01,986 - googleapiclient.discovery_cache - INFO - file_cache is only supported with oauth2client<4.0.0
2025-12-12 01:31:01,994 - googleapiclient.discovery - DEBUG - URL being requested: GET https://youtube.googleapis.com/youtube/v3/search?part=snippet&q=bitcoin&type=video&maxResults=30&order=viewCount&regionCode=BR&relevanceLanguage=pt&key=AIzaSyBj80B2fwVvFEMtcQU8tPV_NCNaEmQvzhc&alt=json
2025-12-12 01:31:02,472 - googleapiclient.discovery - DEBUG - URL being requested: GET https://youtube.googleapis.com/youtube/v3/videos?part=statistics%2CcontentDetails%2Csnippet%2Cstatus&id=8aYr2ueCFvs%2CtrVmDXMaj-M%2CGztiW6DOhck%2CkFgQBPtPfgc%2CqLKADDR7t0E%2Ct_eN9r6-hKQ%2CzhPqD19DjYw%2CYMIZ5mHRO4E%2CwN0OaLUYI2I%2CdQ8b4E6vX-4%2CCYyUbSHSR6M%2C3aWyRWPBLTk%2ChHQl63HuAtU%2CTGhgfrioBhU%2CD3m-7GNeP6M%2CzTbXc92cgg4%2CJNDKNWYTqNs%2CDrfU1Aa8dK4%2CpsnfySnzeRo%2Cywka38FnqqY%2ClF9c_04sKwQ%2CTx69Hf1Dftw%2C5JDrK7sP3gA%2Cd6FkWYuAilw%2Ca8bHspbziR4%2C81PC3PYSVBA%2CS3uTR-P0ycA%2CV3LhP9YTvCo%2Cxx6B7GApnIk%2CoxF2WWmKMBk&key=AIzaSyBj80B2fwVvFEMtcQU8tPV_NCNaEmQvzhc&alt=json
2025-12-12 01:31:02,859 - UNI_v6 - INFO - YouTube: Coletados 30 resultados com sucesso
2025-12-12 01:31:02,860 - UNI_v6 - INFO - YouTube: Iniciando coleta para 'bitcoin' (limite: 30)
2025-12-12 01:31:02,863 - googleapiclient.discovery_cache - INFO - file_cache is only supported with oauth2client<4.0.0
2025-12-12 01:31:02,873 - googleapiclient.discovery - DEBUG - URL being requested: GET https://youtube.googleapis.com/youtube/v3/search?part=snippet&q=bitcoin&type=video&maxResults=30&order=date&regionCode=BR&relevanceLanguage=pt&key=AIzaSyBj80B2fwVvFEMtcQU8tPV_NCNaEmQvzhc&alt=json
2025-12-12 01:31:03,296 - googleapiclient.discovery - DEBUG - URL being requested: GET https://youtube.googleapis.com/youtube/v3/videos?part=statistics%2CcontentDetails%2Csnippet%2Cstatus&id=TTw8DNkHMHQ%2CAlpuLg-C0No%2CjGsigMoBOdc%2CD450RoGDmys%2CFYHRBlGoUfg%2CuW5KeyITivw%2CqedWBAAJSLU%2CmwfNYrXd47Y%2Cu_H9gXNc630%2CGk7N5_42oOQ%2CdgUpfAGOpGI%2CGN00YmQ8Tv8%2C5Qt4QVdYxbQ%2CbCP9EbFyeeo%2C-dHFJ25H8p0%2CI3rIx6BCtj8%2CvA59FqlbJx4%2CJWUeyIQ-cb8%2CNsX0dhmdGwk%2CvS1993w5dM0%2CDYjsqHa1GVY%2C2aXi4YuRiGU%2CGqdi1B7jKsI%2CuYro8SWqirM%2C57_6rQl00Lc%2C4IfZferCkZQ%2CjtTVQXurIeA%2CzdEDXEddkyE%2CeN0aGirkevM%2CXp4KLlVN_q4&key=AIzaSyBj80B2fwVvFEMtcQU8tPV_NCNaEmQvzhc&alt=json
2025-12-12 01:31:03,686 - UNI_v6 - INFO - YouTube: Coletados 30 resultados com sucesso
2025-12-12 01:31:03,686 - UNI_v6 - INFO - YouTube: Iniciando coleta para 'bitcoin' (limite: 30)
2025-12-12 01:31:03,687 - googleapiclient.discovery_cache - INFO - file_cache is only supported with oauth2client<4.0.0
2025-12-12 01:31:03,689 - googleapiclient.discovery - DEBUG - URL being requested: GET https://youtube.googleapis.com/youtube/v3/search?part=snippet&q=bitcoin&type=video&maxResults=30&order=relevance&regionCode=BR&relevanceLanguage=pt&key=AIzaSyBj80B2fwVvFEMtcQU8tPV_NCNaEmQvzhc&alt=json
2025-12-12 01:31:04,042 - googleapiclient.discovery - DEBUG - URL being requested: GET https://youtube.googleapis.com/youtube/v3/videos?part=statistics%2CcontentDetails%2Csnippet%2Cstatus&id=4r5G_EWUGqM%2CGqdi1B7jKsI%2CdloBqocJ39I%2CuYro8SWqirM%2CNsX0dhmdGwk%2CrH6PLR7-2ps%2CR4dVZbD1ZdI%2C81PC3PYSVBA%2C-dHFJ25H8p0%2CBWaykbR0GVo%2CnrXsD5kJYYs%2CEV_TftnS-dI%2CH12gMVRjIns%2C3yuFhsv8FXA%2CUJ15dLYUFiA%2CBgxhP4RA7o4%2CYy4ku6dEPlI%2CeNNxW0kt_h4%2CKD0AvGlFqjs%2Cguyms4R0FeE%2Cu5Rc8Vr8OX4%2CHheszajURlc%2CGN00YmQ8Tv8%2CHU6nJNbjpZc%2CP8HTEu7JLfM%2C7w0Ff-nEkGo%2CkFgQBPtPfgc%2C0fYLQPZKnDo%2CHPQeQwPahR0%2CukzSpdw9Mcg&key=AIzaSyBj80B2fwVvFEMtcQU8tPV_NCNaEmQvzhc&alt=json
2025-12-12 01:31:04,399 - UNI_v6 - INFO - YouTube: Coletados 30 resultados com sucesso
2025-12-12 01:31:04,405 - UNI_v6 - INFO - Apple App Store: Iniciando coleta para 'bitcoin' (limite: 30, tentativa 1/3)
2025-12-12 01:31:04,406 - Base - INFO - Searching for app id
2025-12-12 01:31:04,406 - Base - DEBUG - Making a GET request: https://www.google.com/search
2025-12-12 01:31:04,417 - urllib3.connectionpool - DEBUG - Starting new HTTPS connection (1): www.google.com:443
2025-12-12 01:31:04,616 - urllib3.connectionpool - DEBUG - https://www.google.com:443 "GET /search?q=app+store+bitcoin HTTP/1.1" 200 None
2025-12-12 01:31:04,669 - UNI_v6 - WARNING - Apple App Store: Tentativa 1 falhou: 'NoneType' object has no attribute 'group'
2025-12-12 01:31:06,674 - UNI_v6 - INFO - Apple App Store: Iniciando coleta para 'bitcoin' (limite: 30, tentativa 2/3)
2025-12-12 01:31:06,675 - Base - INFO - Searching for app id
2025-12-12 01:31:06,675 - Base - DEBUG - Making a GET request: https://www.google.com/search
2025-12-12 01:31:06,681 - urllib3.connectionpool - DEBUG - Starting new HTTPS connection (1): www.google.com:443
2025-12-12 01:31:06,887 - urllib3.connectionpool - DEBUG - https://www.google.com:443 "GET /search?q=app+store+bitcoin HTTP/1.1" 200 None
2025-12-12 01:31:06,973 - UNI_v6 - WARNING - Apple App Store: Tentativa 2 falhou: 'NoneType' object has no attribute 'group'
2025-12-12 01:31:08,979 - UNI_v6 - INFO - Apple App Store: Iniciando coleta para 'bitcoin' (limite: 30, tentativa 3/3)
2025-12-12 01:31:08,979 - Base - INFO - Searching for app id
2025-12-12 01:31:08,980 - Base - DEBUG - Making a GET request: https://www.google.com/search
2025-12-12 01:31:08,986 - urllib3.connectionpool - DEBUG - Starting new HTTPS connection (1): www.google.com:443
2025-12-12 01:31:09,194 - urllib3.connectionpool - DEBUG - https://www.google.com:443 "GET /search?q=app+store+bitcoin HTTP/1.1" 200 None
2025-12-12 01:31:09,210 - UNI_v6 - WARNING - Apple App Store: Tentativa 3 falhou: 'NoneType' object has no attribute 'group'
2025-12-12 01:31:09,210 - UNI_v6 - ERROR - Apple App Store: Todas as tentativas falharam
2025-12-12 01:31:09,222 - UNI_v6 - DEBUG - Traceback (most recent call last):
  File "/Users/eas/Desktop/github/emersonalmeida/emersonalmeida.github.io/project/uni/uni_v6.py", line 1535, in coletar_apple_store
    store = AppStore(country=country, app_name=term)
  File "/Users/eas/Library/Python/3.9/lib/python/site-packages/app_store_scraper/app_store.py", line 23, in __init__
    super().__init__(
  File "/Users/eas/Library/Python/3.9/lib/python/site-packages/app_store_scraper/base.py", line 47, in __init__
    app_id = self.search_id()
  File "/Users/eas/Library/Python/3.9/lib/python/site-packages/app_store_scraper/base.py", line 175, in search_id
    app_id = re.search(pattern, self._response.text).group(1)
AttributeError: 'NoneType' object has no attribute 'group'

2025-12-12 01:31:09,226 - UNI_v6 - INFO - Google Play: Iniciando coleta para 'bitcoin' (limite: 10, tentativa 1/3)
2025-12-12 01:31:09,226 - UNI_v6 - WARNING - Google Play: Tentativa 1 falhou: search() got an unexpected keyword argument 'n'
2025-12-12 01:31:11,231 - UNI_v6 - INFO - Google Play: Iniciando coleta para 'bitcoin' (limite: 10, tentativa 2/3)
2025-12-12 01:31:11,231 - UNI_v6 - WARNING - Google Play: Tentativa 2 falhou: search() got an unexpected keyword argument 'n'
2025-12-12 01:31:13,233 - UNI_v6 - INFO - Google Play: Iniciando coleta para 'bitcoin' (limite: 10, tentativa 3/3)
2025-12-12 01:31:13,234 - UNI_v6 - WARNING - Google Play: Tentativa 3 falhou: search() got an unexpected keyword argument 'n'
2025-12-12 01:31:13,234 - UNI_v6 - ERROR - Google Play: Todas as tentativas falharam
2025-12-12 01:31:13,234 - UNI_v6 - DEBUG - Traceback (most recent call last):
  File "/Users/eas/Desktop/github/emersonalmeida/emersonalmeida.github.io/project/uni/uni_v6.py", line 1439, in coletar_google_play
    apps = gplay_search(term, lang=lang, country=country, n=n)
TypeError: search() got an unexpected keyword argument 'n'

2025-12-12 01:31:13,235 - UNI_v6 - INFO - Reddit: Iniciando coleta para 'bitcoin' (subreddit: all, limite: 10)
2025-12-12 01:31:13,240 - prawcore - DEBUG - Fetching: GET https://oauth.reddit.com/r/all/search/ at 1765513873.240598
2025-12-12 01:31:13,241 - prawcore - DEBUG - Data: None
2025-12-12 01:31:13,241 - prawcore - DEBUG - Params: {'limit': 10,
 'q': 'bitcoin',
 'raw_json': 1,
 'restrict_sr': False,
 'sort': 'relevance',
 'syntax': 'lucene',
 't': 'all'}
2025-12-12 01:31:13,253 - urllib3.connectionpool - DEBUG - Starting new HTTPS connection (1): www.reddit.com:443
2025-12-12 01:31:13,450 - urllib3.connectionpool - DEBUG - https://www.reddit.com:443 "POST /api/v1/access_token HTTP/1.1" 200 656
2025-12-12 01:31:13,456 - urllib3.connectionpool - DEBUG - Starting new HTTPS connection (1): oauth.reddit.com:443
2025-12-12 01:31:14,074 - urllib3.connectionpool - DEBUG - https://oauth.reddit.com:443 "GET /r/all/search/?q=bitcoin&restrict_sr=False&sort=relevance&syntax=lucene&t=all&limit=10&raw_json=1 HTTP/1.1" 200 8395
2025-12-12 01:31:14,078 - prawcore - DEBUG - Response: 200 (8395 bytes) (rst-526:rem-999.0:used-1 ratelimit) at 1765513874.078212
2025-12-12 01:31:14,082 - prawcore - DEBUG - Fetching: GET https://oauth.reddit.com/r/Buttcoin/about/ at 1765513874.08201
2025-12-12 01:31:14,082 - prawcore - DEBUG - Data: None
2025-12-12 01:31:14,082 - prawcore - DEBUG - Params: {'raw_json': 1}
2025-12-12 01:31:14,278 - urllib3.connectionpool - DEBUG - https://oauth.reddit.com:443 "GET /r/Buttcoin/about/?raw_json=1 HTTP/1.1" 200 3588
2025-12-12 01:31:14,281 - prawcore - DEBUG - Response: 200 (3588 bytes) (rst-525:rem-998.0:used-2 ratelimit) at 1765513874.281043
2025-12-12 01:31:14,282 - prawcore - DEBUG - Fetching: GET https://oauth.reddit.com/user/FUMoney/about/ at 1765513874.282335
2025-12-12 01:31:14,282 - prawcore - DEBUG - Data: None
2025-12-12 01:31:14,282 - prawcore - DEBUG - Params: {'raw_json': 1}
2025-12-12 01:31:14,490 - urllib3.connectionpool - DEBUG - https://oauth.reddit.com:443 "GET /user/FUMoney/about/?raw_json=1 HTTP/1.1" 200 852
2025-12-12 01:31:14,492 - prawcore - DEBUG - Response: 200 (852 bytes) (rst-525:rem-997.0:used-3 ratelimit) at 1765513874.492786
2025-12-12 01:31:14,496 - prawcore - DEBUG - Fetching: GET https://oauth.reddit.com/comments/1p2ppaz/ at 1765513874.4966881
2025-12-12 01:31:14,496 - prawcore - DEBUG - Data: None
2025-12-12 01:31:14,497 - prawcore - DEBUG - Params: {'limit': 2048, 'raw_json': 1, 'sort': 'confidence'}
2025-12-12 01:31:15,264 - urllib3.connectionpool - DEBUG - https://oauth.reddit.com:443 "GET /comments/1p2ppaz/?limit=2048&sort=confidence&raw_json=1 HTTP/1.1" 200 20296
2025-12-12 01:31:15,268 - prawcore - DEBUG - Response: 200 (20296 bytes) (rst-525:rem-996.0:used-4 ratelimit) at 1765513875.2683342
2025-12-12 01:31:15,286 - prawcore - DEBUG - Fetching: GET https://oauth.reddit.com/r/Bitcoin/about/ at 1765513875.286589
2025-12-12 01:31:15,286 - prawcore - DEBUG - Data: None
2025-12-12 01:31:15,286 - prawcore - DEBUG - Params: {'raw_json': 1}
2025-12-12 01:31:15,474 - urllib3.connectionpool - DEBUG - https://oauth.reddit.com:443 "GET /r/Bitcoin/about/?raw_json=1 HTTP/1.1" 200 5252
2025-12-12 01:31:15,476 - prawcore - DEBUG - Response: 200 (5252 bytes) (rst-524:rem-995.0:used-5 ratelimit) at 1765513875.476811
2025-12-12 01:31:15,477 - prawcore - DEBUG - Fetching: GET https://oauth.reddit.com/user/Green_Candler/about/ at 1765513875.47797
2025-12-12 01:31:15,478 - prawcore - DEBUG - Data: None
2025-12-12 01:31:15,478 - prawcore - DEBUG - Params: {'raw_json': 1}
2025-12-12 01:31:15,664 - urllib3.connectionpool - DEBUG - https://oauth.reddit.com:443 "GET /user/Green_Candler/about/?raw_json=1 HTTP/1.1" 200 844
2025-12-12 01:31:15,666 - prawcore - DEBUG - Response: 200 (844 bytes) (rst-524:rem-994.0:used-6 ratelimit) at 1765513875.666464
2025-12-12 01:31:15,670 - prawcore - DEBUG - Fetching: GET https://oauth.reddit.com/r/Bitcoin/about/ at 1765513875.670943
2025-12-12 01:31:15,671 - prawcore - DEBUG - Data: None
2025-12-12 01:31:15,671 - prawcore - DEBUG - Params: {'raw_json': 1}
2025-12-12 01:31:15,864 - urllib3.connectionpool - DEBUG - https://oauth.reddit.com:443 "GET /r/Bitcoin/about/?raw_json=1 HTTP/1.1" 200 5252
2025-12-12 01:31:15,867 - prawcore - DEBUG - Response: 200 (5252 bytes) (rst-524:rem-993.0:used-7 ratelimit) at 1765513875.8679528
2025-12-12 01:31:15,869 - prawcore - DEBUG - Fetching: GET https://oauth.reddit.com/user/Ashamed-Designer-174/about/ at 1765513875.8694222
2025-12-12 01:31:15,869 - prawcore - DEBUG - Data: None
2025-12-12 01:31:15,869 - prawcore - DEBUG - Params: {'raw_json': 1}
2025-12-12 01:31:16,067 - urllib3.connectionpool - DEBUG - https://oauth.reddit.com:443 "GET /user/Ashamed-Designer-174/about/?raw_json=1 HTTP/1.1" 200 746
2025-12-12 01:31:16,068 - prawcore - DEBUG - Response: 200 (746 bytes) (rst-524:rem-992.0:used-8 ratelimit) at 1765513876.068639
2025-12-12 01:31:16,070 - prawcore - DEBUG - Fetching: GET https://oauth.reddit.com/r/Bitcoin/about/ at 1765513876.0705972
2025-12-12 01:31:16,070 - prawcore - DEBUG - Data: None
2025-12-12 01:31:16,070 - prawcore - DEBUG - Params: {'raw_json': 1}
2025-12-12 01:31:16,278 - urllib3.connectionpool - DEBUG - https://oauth.reddit.com:443 "GET /r/Bitcoin/about/?raw_json=1 HTTP/1.1" 200 5252
2025-12-12 01:31:16,281 - prawcore - DEBUG - Response: 200 (5252 bytes) (rst-523:rem-991.0:used-9 ratelimit) at 1765513876.281207
2025-12-12 01:31:16,282 - prawcore - DEBUG - Fetching: GET https://oauth.reddit.com/user/I_killed_the_kraken/about/ at 1765513876.2823832
2025-12-12 01:31:16,282 - prawcore - DEBUG - Data: None
2025-12-12 01:31:16,282 - prawcore - DEBUG - Params: {'raw_json': 1}
2025-12-12 01:31:16,475 - urllib3.connectionpool - DEBUG - https://oauth.reddit.com:443 "GET /user/I_killed_the_kraken/about/?raw_json=1 HTTP/1.1" 200 1012
2025-12-12 01:31:16,478 - prawcore - DEBUG - Response: 200 (1012 bytes) (rst-523:rem-990.0:used-10 ratelimit) at 1765513876.478677
2025-12-12 01:31:16,484 - prawcore - DEBUG - Fetching: GET https://oauth.reddit.com/comments/1pf7oou/ at 1765513876.4844851
2025-12-12 01:31:16,484 - prawcore - DEBUG - Data: None
2025-12-12 01:31:16,485 - prawcore - DEBUG - Params: {'limit': 2048, 'raw_json': 1, 'sort': 'confidence'}
2025-12-12 01:31:17,940 - urllib3.connectionpool - DEBUG - https://oauth.reddit.com:443 "GET /comments/1pf7oou/?limit=2048&sort=confidence&raw_json=1 HTTP/1.1" 200 50147
2025-12-12 01:31:18,068 - prawcore - DEBUG - Response: 200 (50147 bytes) (rst-523:rem-989.0:used-11 ratelimit) at 1765513878.06846
2025-12-12 01:31:18,128 - prawcore - DEBUG - Fetching: GET https://oauth.reddit.com/r/Anticonsumption/about/ at 1765513878.128573
2025-12-12 01:31:18,128 - prawcore - DEBUG - Data: None
2025-12-12 01:31:18,128 - prawcore - DEBUG - Params: {'raw_json': 1}
2025-12-12 01:31:18,319 - urllib3.connectionpool - DEBUG - https://oauth.reddit.com:443 "GET /r/Anticonsumption/about/?raw_json=1 HTTP/1.1" 200 4913
2025-12-12 01:31:18,321 - prawcore - DEBUG - Response: 200 (4913 bytes) (rst-521:rem-988.0:used-12 ratelimit) at 1765513878.3215559
2025-12-12 01:31:18,322 - prawcore - DEBUG - Fetching: GET https://oauth.reddit.com/user/gnarlytabby/about/ at 1765513878.32261
2025-12-12 01:31:18,322 - prawcore - DEBUG - Data: None
2025-12-12 01:31:18,322 - prawcore - DEBUG - Params: {'raw_json': 1}
2025-12-12 01:31:18,511 - urllib3.connectionpool - DEBUG - https://oauth.reddit.com:443 "GET /user/gnarlytabby/about/?raw_json=1 HTTP/1.1" 200 773
2025-12-12 01:31:18,514 - prawcore - DEBUG - Response: 200 (773 bytes) (rst-521:rem-987.0:used-13 ratelimit) at 1765513878.514526
2025-12-12 01:31:18,519 - prawcore - DEBUG - Fetching: GET https://oauth.reddit.com/r/Bitcoin/about/ at 1765513878.5192618
2025-12-12 01:31:18,519 - prawcore - DEBUG - Data: None
2025-12-12 01:31:18,519 - prawcore - DEBUG - Params: {'raw_json': 1}
2025-12-12 01:31:18,719 - urllib3.connectionpool - DEBUG - https://oauth.reddit.com:443 "GET /r/Bitcoin/about/?raw_json=1 HTTP/1.1" 200 5252
2025-12-12 01:31:18,721 - prawcore - DEBUG - Response: 200 (5252 bytes) (rst-521:rem-986.0:used-14 ratelimit) at 1765513878.721489
2025-12-12 01:31:18,722 - prawcore - DEBUG - Fetching: GET https://oauth.reddit.com/user/Realistts/about/ at 1765513878.722815
2025-12-12 01:31:18,723 - prawcore - DEBUG - Data: None
2025-12-12 01:31:18,723 - prawcore - DEBUG - Params: {'raw_json': 1}
2025-12-12 01:31:18,928 - urllib3.connectionpool - DEBUG - https://oauth.reddit.com:443 "GET /user/Realistts/about/?raw_json=1 HTTP/1.1" 404 None
2025-12-12 01:31:18,931 - prawcore - DEBUG - Response: 404 (None bytes) (rst-521:rem-985.0:used-15 ratelimit) at 1765513878.931474
2025-12-12 01:31:18,931 - UNI_v6 - ERROR - Reddit: Erro na coleta: received 404 HTTP response
2025-12-12 01:31:18,952 - UNI_v6 - DEBUG - Traceback (most recent call last):
  File "/Users/eas/Desktop/github/emersonalmeida/emersonalmeida.github.io/project/uni/uni_v6.py", line 942, in coletar_reddit
    "author_flair": getattr(post.author, 'flair_text', '') if post.author else "",
  File "/Users/eas/Library/Python/3.9/lib/python/site-packages/praw/models/reddit/base.py", line 38, in __getattr__
    self._fetch()
  File "/Users/eas/Library/Python/3.9/lib/python/site-packages/praw/models/reddit/redditor.py", line 181, in _fetch
    data = self._fetch_data()
  File "/Users/eas/Library/Python/3.9/lib/python/site-packages/praw/models/reddit/base.py", line 89, in _fetch_data
    return self._reddit.request(method="GET", params=params, path=path)
  File "/Users/eas/Library/Python/3.9/lib/python/site-packages/praw/util/deprecate_args.py", line 46, in wrapped
    return func(**dict(zip(_old_args, args)), **kwargs)
  File "/Users/eas/Library/Python/3.9/lib/python/site-packages/praw/reddit.py", line 963, in request
    return self._core.request(
  File "/Users/eas/Library/Python/3.9/lib/python/site-packages/prawcore/sessions.py", line 328, in request
    return self._request_with_retries(
  File "/Users/eas/Library/Python/3.9/lib/python/site-packages/prawcore/sessions.py", line 267, in _request_with_retries
    raise self.STATUS_EXCEPTIONS[response.status_code](response)
prawcore.exceptions.NotFound: received 404 HTTP response

2025-12-12 01:31:18,952 - UNI_v6 - INFO - Google News: Iniciando coleta para 'bitcoin' (limite: 10)
2025-12-12 01:31:18,956 - urllib3.connectionpool - DEBUG - Starting new HTTPS connection (1): gnews.io:443
2025-12-12 01:31:19,521 - urllib3.connectionpool - DEBUG - https://gnews.io:443 "GET /api/v4/search?q=bitcoin&lang=pt&country=br&max=10&apikey=91a7bc222ecfdac6c60019c4fb1ec87c&from=20 HTTP/1.1" 200 None
2025-12-12 01:31:19,522 - UNI_v6 - INFO - Google News: Coletados 10 resultados com sucesso
2025-12-12 01:31:19,522 - UNI_v6 - INFO - arXiv: Iniciando coleta para 'bitcoin' (limite: 20)
2025-12-12 01:31:19,653 - urllib3.connectionpool - DEBUG - Starting new HTTP connection (1): export.arxiv.org:80
2025-12-12 01:31:19,669 - urllib3.connectionpool - DEBUG - http://export.arxiv.org:80 "GET /api/query?search_query=all:bitcoin&start=0&max_results=20&sortBy=relevance HTTP/1.1" 301 0
2025-12-12 01:31:19,671 - urllib3.connectionpool - DEBUG - Starting new HTTPS connection (1): export.arxiv.org:443
2025-12-12 01:31:19,708 - urllib3.connectionpool - DEBUG - https://export.arxiv.org:443 "GET /api/query?search_query=all:bitcoin&start=0&max_results=20&sortBy=relevance HTTP/1.1" 200 38212
2025-12-12 01:31:19,730 - UNI_v6 - INFO - arXiv: Coletados 20 resultados com sucesso
2025-12-12 01:31:19,730 - UNI_v6 - INFO - Google Scholar: Iniciando coleta para 'bitcoin' (limite: 20, tentativa 1/3)
2025-12-12 01:31:19,750 - urllib3.connectionpool - DEBUG - Starting new HTTPS connection (1): api.semanticscholar.org:443
2025-12-12 01:31:20,633 - urllib3.connectionpool - DEBUG - https://api.semanticscholar.org:443 "GET /graph/v1/paper/search?query=bitcoin&limit=20&fields=title%2Cauthors%2Cyear%2Curl%2Cabstract%2CcitationCount%2CreferenceCount%2Cvenue%2CfieldsOfStudy%2CpublicationTypes%2CpublicationDate%2Cjournal%2CexternalIds%2CisOpenAccess%2CopenAccessPdf HTTP/1.1" 200 42010
2025-12-12 01:31:20,639 - UNI_v6 - ERROR - Google Scholar: Erro inesperado: can only join an iterable
2025-12-12 01:31:20,639 - UNI_v6 - DEBUG - Traceback (most recent call last):
  File "/Users/eas/Desktop/github/emersonalmeida/emersonalmeida.github.io/project/uni/uni_v6.py", line 1385, in coletar_scholar
    "fields_of_study": ", ".join(paper.get("fieldsOfStudy", [])),
TypeError: can only join an iterable

2025-12-12 01:31:22,644 - UNI_v6 - INFO - Google Scholar: Iniciando coleta para 'bitcoin' (limite: 20, tentativa 2/3)
2025-12-12 01:31:23,344 - urllib3.connectionpool - DEBUG - https://api.semanticscholar.org:443 "GET /graph/v1/paper/search?query=bitcoin&limit=20&fields=title%2Cauthors%2Cyear%2Curl%2Cabstract%2CcitationCount%2CreferenceCount%2Cvenue%2CfieldsOfStudy%2CpublicationTypes%2CpublicationDate%2Cjournal%2CexternalIds%2CisOpenAccess%2CopenAccessPdf HTTP/1.1" 200 42010
2025-12-12 01:31:23,348 - UNI_v6 - ERROR - Google Scholar: Erro inesperado: can only join an iterable
2025-12-12 01:31:23,349 - UNI_v6 - DEBUG - Traceback (most recent call last):
  File "/Users/eas/Desktop/github/emersonalmeida/emersonalmeida.github.io/project/uni/uni_v6.py", line 1385, in coletar_scholar
    "fields_of_study": ", ".join(paper.get("fieldsOfStudy", [])),
TypeError: can only join an iterable

2025-12-12 01:31:25,351 - UNI_v6 - INFO - Google Scholar: Iniciando coleta para 'bitcoin' (limite: 20, tentativa 3/3)
2025-12-12 01:31:27,030 - urllib3.connectionpool - DEBUG - https://api.semanticscholar.org:443 "GET /graph/v1/paper/search?query=bitcoin&limit=20&fields=title%2Cauthors%2Cyear%2Curl%2Cabstract%2CcitationCount%2CreferenceCount%2Cvenue%2CfieldsOfStudy%2CpublicationTypes%2CpublicationDate%2Cjournal%2CexternalIds%2CisOpenAccess%2CopenAccessPdf HTTP/1.1" 200 42010
2025-12-12 01:31:27,031 - UNI_v6 - ERROR - Google Scholar: Erro inesperado: can only join an iterable
2025-12-12 01:31:27,031 - UNI_v6 - DEBUG - Traceback (most recent call last):
  File "/Users/eas/Desktop/github/emersonalmeida/emersonalmeida.github.io/project/uni/uni_v6.py", line 1385, in coletar_scholar
    "fields_of_study": ", ".join(paper.get("fieldsOfStudy", [])),
TypeError: can only join an iterable

2025-12-12 01:31:27,032 - UNI_v6 - INFO - Wikipedia: Iniciando coleta para 'bitcoin' (limite: 20, lang: pt)
2025-12-12 01:31:27,043 - urllib3.connectionpool - DEBUG - Starting new HTTPS connection (1): pt.wikipedia.org:443
2025-12-12 01:31:27,399 - urllib3.connectionpool - DEBUG - https://pt.wikipedia.org:443 "GET /w/api.php?action=query&format=json&list=search&srsearch=bitcoin&srlimit=20&srnamespace=0 HTTP/1.1" 200 None
2025-12-12 01:31:27,469 - urllib3.connectionpool - DEBUG - Starting new HTTPS connection (1): pt.wikipedia.org:443
2025-12-12 01:31:27,605 - urllib3.connectionpool - DEBUG - https://pt.wikipedia.org:443 "GET /api/rest_v1/page/summary/Bitcoin HTTP/1.1" 200 633
2025-12-12 01:31:27,638 - urllib3.connectionpool - DEBUG - Starting new HTTPS connection (1): pt.wikipedia.org:443
2025-12-12 01:31:27,769 - urllib3.connectionpool - DEBUG - https://pt.wikipedia.org:443 "GET /api/rest_v1/page/summary/Satoshi_Nakamoto HTTP/1.1" 200 996
2025-12-12 01:31:27,773 - urllib3.connectionpool - DEBUG - Starting new HTTPS connection (1): pt.wikipedia.org:443
2025-12-12 01:31:27,900 - urllib3.connectionpool - DEBUG - https://pt.wikipedia.org:443 "GET /api/rest_v1/page/summary/Mercado_Bitcoin HTTP/1.1" 200 779
2025-12-12 01:31:27,907 - urllib3.connectionpool - DEBUG - Starting new HTTPS connection (1): pt.wikipedia.org:443
2025-12-12 01:31:28,006 - urllib3.connectionpool - DEBUG - https://pt.wikipedia.org:443 "GET /api/rest_v1/page/summary/Minera%C3%A7%C3%A3o_de_Bitcoin HTTP/1.1" 200 795
2025-12-12 01:31:28,010 - urllib3.connectionpool - DEBUG - Starting new HTTPS connection (1): pt.wikipedia.org:443
2025-12-12 01:31:28,107 - urllib3.connectionpool - DEBUG - https://pt.wikipedia.org:443 "GET /api/rest_v1/page/summary/Litecoin HTTP/1.1" 200 723
2025-12-12 01:31:28,111 - urllib3.connectionpool - DEBUG - Starting new HTTPS connection (1): pt.wikipedia.org:443
2025-12-12 01:31:28,211 - urllib3.connectionpool - DEBUG - https://pt.wikipedia.org:443 "GET /api/rest_v1/page/summary/Monero HTTP/1.1" 200 656
2025-12-12 01:31:28,216 - urllib3.connectionpool - DEBUG - Starting new HTTPS connection (1): pt.wikipedia.org:443
2025-12-12 01:31:28,317 - urllib3.connectionpool - DEBUG - https://pt.wikipedia.org:443 "GET /api/rest_v1/page/summary/Hal_Finney HTTP/1.1" 200 775
2025-12-12 01:31:28,323 - urllib3.connectionpool - DEBUG - Starting new HTTPS connection (1): pt.wikipedia.org:443
2025-12-12 01:31:28,429 - urllib3.connectionpool - DEBUG - https://pt.wikipedia.org:443 "GET /api/rest_v1/page/summary/Vitalik_Buterin HTTP/1.1" 200 631
2025-12-12 01:31:28,437 - urllib3.connectionpool - DEBUG - Starting new HTTPS connection (1): pt.wikipedia.org:443
2025-12-12 01:31:28,975 - urllib3.connectionpool - DEBUG - https://pt.wikipedia.org:443 "GET /api/rest_v1/page/summary/El_Salvador HTTP/1.1" 200 903
2025-12-12 01:31:28,987 - urllib3.connectionpool - DEBUG - Starting new HTTPS connection (1): pt.wikipedia.org:443
2025-12-12 01:31:29,092 - urllib3.connectionpool - DEBUG - https://pt.wikipedia.org:443 "GET /api/rest_v1/page/summary/Criptomoeda HTTP/1.1" 200 946
2025-12-12 01:31:29,101 - urllib3.connectionpool - DEBUG - Starting new HTTPS connection (1): pt.wikipedia.org:443
2025-12-12 01:31:29,217 - urllib3.connectionpool - DEBUG - https://pt.wikipedia.org:443 "GET /api/rest_v1/page/summary/Lista_de_criptomoedas HTTP/1.1" 200 713
2025-12-12 01:31:29,225 - urllib3.connectionpool - DEBUG - Starting new HTTPS connection (1): pt.wikipedia.org:443
2025-12-12 01:31:29,330 - urllib3.connectionpool - DEBUG - https://pt.wikipedia.org:443 "GET /api/rest_v1/page/summary/Bitcoin_Cash HTTP/1.1" 200 1160
2025-12-12 01:31:29,338 - urllib3.connectionpool - DEBUG - Starting new HTTPS connection (1): pt.wikipedia.org:443
2025-12-12 01:31:29,444 - urllib3.connectionpool - DEBUG - https://pt.wikipedia.org:443 "GET /api/rest_v1/page/summary/Lista_de_portas_dos_protocolos_TCP_e_UDP HTTP/1.1" 200 824
2025-12-12 01:31:29,449 - urllib3.connectionpool - DEBUG - Starting new HTTPS connection (1): pt.wikipedia.org:443
2025-12-12 01:31:29,549 - urllib3.connectionpool - DEBUG - https://pt.wikipedia.org:443 "GET /api/rest_v1/page/summary/Blockchain HTTP/1.1" 200 1002
2025-12-12 01:31:29,557 - urllib3.connectionpool - DEBUG - Starting new HTTPS connection (1): pt.wikipedia.org:443
2025-12-12 01:31:29,663 - urllib3.connectionpool - DEBUG - https://pt.wikipedia.org:443 "GET /api/rest_v1/page/summary/Tether_(criptomoeda) HTTP/1.1" 200 683
2025-12-12 01:31:29,673 - urllib3.connectionpool - DEBUG - Starting new HTTPS connection (1): pt.wikipedia.org:443
2025-12-12 01:31:29,780 - urllib3.connectionpool - DEBUG - https://pt.wikipedia.org:443 "GET /api/rest_v1/page/summary/Reserva_estrat%C3%A9gica_de_bitcoin HTTP/1.1" 200 663
2025-12-12 01:31:29,791 - urllib3.connectionpool - DEBUG - Starting new HTTPS connection (1): pt.wikipedia.org:443
2025-12-12 01:31:29,900 - urllib3.connectionpool - DEBUG - https://pt.wikipedia.org:443 "GET /api/rest_v1/page/summary/Fazendas_de_Bitcoin HTTP/1.1" 200 732
2025-12-12 01:31:29,907 - urllib3.connectionpool - DEBUG - Starting new HTTPS connection (1): pt.wikipedia.org:443
2025-12-12 01:31:30,009 - urllib3.connectionpool - DEBUG - https://pt.wikipedia.org:443 "GET /api/rest_v1/page/summary/Nayib_Bukele HTTP/1.1" 200 747
2025-12-12 01:31:30,017 - urllib3.connectionpool - DEBUG - Starting new HTTPS connection (1): pt.wikipedia.org:443
2025-12-12 01:31:30,123 - urllib3.connectionpool - DEBUG - https://pt.wikipedia.org:443 "GET /api/rest_v1/page/summary/Nick_Szabo HTTP/1.1" 200 776
2025-12-12 01:31:30,132 - urllib3.connectionpool - DEBUG - Starting new HTTPS connection (1): pt.wikipedia.org:443
2025-12-12 01:31:30,235 - urllib3.connectionpool - DEBUG - https://pt.wikipedia.org:443 "GET /api/rest_v1/page/summary/Kraken_(empresa) HTTP/1.1" 200 579
2025-12-12 01:31:30,239 - UNI_v6 - INFO - Wikipedia: Coletados 20 resultados com sucesso
2025-12-12 01:31:30,251 - urllib3.connectionpool - DEBUG - Starting new HTTPS connection (1): api.github.com:443
2025-12-12 01:31:30,879 - urllib3.connectionpool - DEBUG - https://api.github.com:443 "GET /search/repositories?q=bitcoin&sort=stars&order=desc&per_page=20 HTTP/1.1" 200 None
2025-12-12 01:31:30,896 - UNI_v6 - INFO - GitHub: Coletados 20 resultados com sucesso
2025-12-12 01:31:30,896 - UNI_v6 - INFO - Hacker News: Iniciando coleta para 'bitcoin' (limite: 20)
2025-12-12 01:31:30,900 - urllib3.connectionpool - DEBUG - Starting new HTTPS connection (1): hn.algolia.com:443
2025-12-12 01:31:31,280 - urllib3.connectionpool - DEBUG - https://hn.algolia.com:443 "GET /api/v1/search?query=bitcoin&tags=story&hitsPerPage=20&numericFilters= HTTP/1.1" 200 28419
2025-12-12 01:31:31,309 - UNI_v6 - INFO - Hacker News: Coletados 20 resultados com sucesso
2025-12-12 01:31:31,310 - UNI_v6 - INFO - : JSON salvo em metadados_coleta.json
2025-12-12 01:31:31,310 - UNI_v6 - INFO - SERP-Google: 20/20 itens válidos após validação
2025-12-12 01:31:31,323 - UNI_v6 - INFO - SERP-Google: Salvo 20 registros com 19 colunas em serp_google.csv (18.6 KB)
2025-12-12 01:31:31,323 - UNI_v6 - INFO - SERP-Bing: 10/10 itens válidos após validação
2025-12-12 01:31:31,325 - UNI_v6 - INFO - SERP-Bing: Salvo 10 registros com 13 colunas em serp_bing.csv (3.5 KB)
2025-12-12 01:31:31,325 - UNI_v6 - INFO - SERP-Brave: 20/20 itens válidos após validação
2025-12-12 01:31:31,327 - UNI_v6 - INFO - SERP-Brave: Salvo 20 registros com 13 colunas em serp_brave.csv (7.7 KB)
2025-12-12 01:31:31,327 - UNI_v6 - INFO - YouTube-viewCount: 30/30 itens válidos após validação
2025-12-12 01:31:31,330 - UNI_v6 - INFO - YouTube-viewCount: Salvo 30 registros com 30 colunas em youtube_viewcount.csv (26.9 KB)
2025-12-12 01:31:31,331 - UNI_v6 - INFO - YouTube-date: 30/30 itens válidos após validação
2025-12-12 01:31:31,336 - UNI_v6 - INFO - YouTube-date: Salvo 30 registros com 30 colunas em youtube_date.csv (66.0 KB)
2025-12-12 01:31:31,336 - UNI_v6 - INFO - YouTube-relevance: 30/30 itens válidos após validação
2025-12-12 01:31:31,340 - UNI_v6 - INFO - YouTube-relevance: Salvo 30 registros com 30 colunas em youtube_relevance.csv (54.5 KB)
2025-12-12 01:31:31,340 - UNI_v6 - INFO - Reddit: 5/5 itens válidos após validação
2025-12-12 01:31:31,342 - UNI_v6 - INFO - Reddit: Salvo 5 registros com 37 colunas em reddit.csv (8.0 KB)
2025-12-12 01:31:31,343 - UNI_v6 - INFO - Google News: 10/10 itens válidos após validação
2025-12-12 01:31:31,344 - UNI_v6 - INFO - Google News: Salvo 10 registros com 13 colunas em google_news.csv (8.4 KB)
2025-12-12 01:31:31,344 - UNI_v6 - INFO - arXiv: 20/20 itens válidos após validação
2025-12-12 01:31:31,346 - UNI_v6 - INFO - arXiv: Salvo 20 registros com 18 colunas em arxiv.csv (27.2 KB)
2025-12-12 01:31:31,346 - UNI_v6 - INFO - Wikipedia: 20/20 itens válidos após validação
2025-12-12 01:31:31,348 - UNI_v6 - INFO - Wikipedia: Salvo 20 registros com 24 colunas em wikipedia.csv (29.8 KB)
2025-12-12 01:31:31,348 - UNI_v6 - INFO - GitHub: 20/20 itens válidos após validação
2025-12-12 01:31:31,350 - UNI_v6 - INFO - GitHub: Salvo 20 registros com 38 colunas em github.csv (13.9 KB)
2025-12-12 01:31:31,351 - UNI_v6 - INFO - Hacker News: 20/20 itens válidos após validação
2025-12-12 01:31:31,352 - UNI_v6 - INFO - Hacker News: Salvo 20 registros com 18 colunas em hacker_news.csv (4.2 KB)
2025-12-12 01:31:31,352 - UNI_v6 - INFO - Iniciando criação da base de dados consolidada...
2025-12-12 01:31:31,388 - UNI_v6 - INFO - Base de dados consolidada salva: 235 registros, 168 colunas, 320.5 KB
2025-12-12 01:31:31,390 - UNI_v6 - WARNING - Não foi possível salvar Excel: No module named 'openpyxl'
2025-12-12 01:31:31,392 - UNI_v6 - INFO - Resumo: JSON salvo em resumo_estatistico_bitcoin_20251212_013131.json
2025-12-12 01:31:31,398 - UNI_v6 - INFO - : JSON salvo em resultados_completos.json
2025-12-12 01:43:17,969 - UNI_v6 - INFO - Google Suggest: Iniciando coleta para 'bitcoin' (limite: 15)
2025-12-12 01:43:18,003 - urllib3.connectionpool - DEBUG - Starting new HTTPS connection (1): suggestqueries.google.com:443
2025-12-12 01:43:18,198 - urllib3.connectionpool - DEBUG - https://suggestqueries.google.com:443 "GET /complete/search?q=bitcoin&gl=br&client=chrome&hl=top&ds=web HTTP/1.1" 200 95
2025-12-12 01:43:18,201 - UNI_v6 - INFO - Google Suggest: Coletados 0 resultados com sucesso
2025-12-12 01:43:18,201 - UNI_v6 - INFO - Google Suggest: Iniciando coleta para 'bitcoin' (limite: 15)
2025-12-12 01:43:18,287 - urllib3.connectionpool - DEBUG - https://suggestqueries.google.com:443 "GET /complete/search?q=bitcoin&gl=br&client=chrome&hl=a-z&ds=web HTTP/1.1" 200 95
2025-12-12 01:43:18,288 - UNI_v6 - INFO - Google Suggest: Coletados 0 resultados com sucesso
2025-12-12 01:43:18,288 - UNI_v6 - INFO - Google Suggest: Iniciando coleta para 'bitcoin' (limite: 15)
2025-12-12 01:43:18,392 - urllib3.connectionpool - DEBUG - https://suggestqueries.google.com:443 "GET /complete/search?q=bitcoin&gl=br&client=chrome&hl=0-9&ds=web HTTP/1.1" 200 95
2025-12-12 01:43:18,393 - UNI_v6 - INFO - Google Suggest: Coletados 0 resultados com sucesso
2025-12-12 01:43:18,393 - UNI_v6 - INFO - Google Suggest: Iniciando coleta para 'bitcoin' (limite: 15)
2025-12-12 01:43:18,502 - urllib3.connectionpool - DEBUG - https://suggestqueries.google.com:443 "GET /complete/search?q=bitcoin&gl=br&client=chrome&hl=other&ds=web HTTP/1.1" 200 95
2025-12-12 01:43:18,502 - UNI_v6 - INFO - Google Suggest: Coletados 0 resultados com sucesso
2025-12-12 01:43:18,503 - UNI_v6 - INFO - Google Suggest: Iniciando coleta para 'bitcoin' (limite: 15)
2025-12-12 01:43:18,597 - urllib3.connectionpool - DEBUG - https://suggestqueries.google.com:443 "GET /complete/search?q=bitcoin&gl=br&client=chrome&hl=top&ds=youtube HTTP/1.1" 200 95
2025-12-12 01:43:18,597 - UNI_v6 - INFO - Google Suggest: Coletados 0 resultados com sucesso
2025-12-12 01:43:18,598 - UNI_v6 - INFO - Google Suggest: Iniciando coleta para 'bitcoin' (limite: 15)
2025-12-12 01:43:18,688 - urllib3.connectionpool - DEBUG - https://suggestqueries.google.com:443 "GET /complete/search?q=bitcoin&gl=br&client=chrome&hl=a-z&ds=youtube HTTP/1.1" 200 95
2025-12-12 01:43:18,688 - UNI_v6 - INFO - Google Suggest: Coletados 0 resultados com sucesso
2025-12-12 01:43:18,688 - UNI_v6 - INFO - Google Suggest: Iniciando coleta para 'bitcoin' (limite: 15)
2025-12-12 01:43:18,778 - urllib3.connectionpool - DEBUG - https://suggestqueries.google.com:443 "GET /complete/search?q=bitcoin&gl=br&client=chrome&hl=0-9&ds=youtube HTTP/1.1" 200 95
2025-12-12 01:43:18,780 - UNI_v6 - INFO - Google Suggest: Coletados 0 resultados com sucesso
2025-12-12 01:43:18,780 - UNI_v6 - INFO - Google Suggest: Iniciando coleta para 'bitcoin' (limite: 15)
2025-12-12 01:43:18,868 - urllib3.connectionpool - DEBUG - https://suggestqueries.google.com:443 "GET /complete/search?q=bitcoin&gl=br&client=chrome&hl=other&ds=youtube HTTP/1.1" 200 95
2025-12-12 01:43:18,869 - UNI_v6 - INFO - Google Suggest: Coletados 0 resultados com sucesso
2025-12-12 01:43:18,869 - UNI_v6 - INFO - Google: Iniciando coleta para 'bitcoin' (limite: 20, tentativa 1/3)
2025-12-12 01:43:18,874 - googleapiclient.discovery_cache - INFO - file_cache is only supported with oauth2client<4.0.0
2025-12-12 01:43:18,885 - googleapiclient.discovery - DEBUG - URL being requested: GET https://customsearch.googleapis.com/customsearch/v1?q=bitcoin&cx=f07ccd3b922d6437b&gl=br&lr=lang_pt&start=1&num=10&safe=off&key=AIzaSyBj80B2fwVvFEMtcQU8tPV_NCNaEmQvzhc&alt=json
2025-12-12 01:43:19,602 - googleapiclient.discovery - DEBUG - URL being requested: GET https://customsearch.googleapis.com/customsearch/v1?q=bitcoin&cx=f07ccd3b922d6437b&gl=br&lr=lang_pt&start=11&num=10&safe=off&key=AIzaSyBj80B2fwVvFEMtcQU8tPV_NCNaEmQvzhc&alt=json
2025-12-12 01:43:19,801 - UNI_v6 - INFO - Google: Coletados 20 resultados com sucesso
2025-12-12 01:43:19,803 - UNI_v6 - INFO - Bing: Iniciando coleta para 'bitcoin' (limite: 20, tentativa 1/3)
2025-12-12 01:43:19,873 - urllib3.connectionpool - DEBUG - Starting new HTTPS connection (1): serpapi.com:443
2025-12-12 01:43:19,959 - urllib3.connectionpool - DEBUG - https://serpapi.com:443 "GET /search?engine=bing&q=bitcoin&cc=br&count=20&api_key=e71430bcff8bdc906f7a5ed9ae1538355c2efb0fb88ffa071f7125a76cc2b142&safe=off HTTP/1.1" 200 None
2025-12-12 01:43:19,960 - UNI_v6 - INFO - Bing: Coletados 10 resultados com sucesso
2025-12-12 01:43:19,960 - UNI_v6 - INFO - Brave: Iniciando coleta para 'bitcoin' (limite: 20, tentativa 1/3)
2025-12-12 01:43:19,990 - urllib3.connectionpool - DEBUG - Starting new HTTPS connection (1): api.search.brave.com:443
2025-12-12 01:43:21,147 - urllib3.connectionpool - DEBUG - https://api.search.brave.com:443 "GET /res/v1/web/search?q=bitcoin&count=20&offset=0&country=br&safesearch=off HTTP/1.1" 200 None
2025-12-12 01:43:21,150 - UNI_v6 - INFO - Brave: Coletados 20 resultados com sucesso
2025-12-12 01:43:21,150 - UNI_v6 - INFO - DuckDuckGo: Iniciando coleta para 'bitcoin' (limite: 20, tentativa 1/3)
2025-12-12 01:43:21,150 - UNI_v6 - WARNING - DuckDuckGo: Tentativa 1 falhou: local variable 'DDGS' referenced before assignment
2025-12-12 01:43:23,155 - UNI_v6 - INFO - DuckDuckGo: Iniciando coleta para 'bitcoin' (limite: 20, tentativa 2/3)
2025-12-12 01:43:23,155 - UNI_v6 - WARNING - DuckDuckGo: Tentativa 2 falhou: local variable 'DDGS' referenced before assignment
2025-12-12 01:43:25,159 - UNI_v6 - INFO - DuckDuckGo: Iniciando coleta para 'bitcoin' (limite: 20, tentativa 3/3)
2025-12-12 01:43:25,159 - UNI_v6 - WARNING - DuckDuckGo: Tentativa 3 falhou: local variable 'DDGS' referenced before assignment
2025-12-12 01:43:25,159 - UNI_v6 - ERROR - DuckDuckGo: Todas as tentativas falharam
2025-12-12 01:43:25,168 - UNI_v6 - DEBUG - Traceback (most recent call last):
  File "/Users/eas/Desktop/github/emersonalmeida/emersonalmeida.github.io/project/uni/uni_v6.py", line 502, in coletar_duckduckgo
    with DDGS() as ddgs:
UnboundLocalError: local variable 'DDGS' referenced before assignment

2025-12-12 01:43:25,168 - UNI_v6 - INFO - YouTube: Iniciando coleta para 'bitcoin' (limite: 20)
2025-12-12 01:43:25,170 - googleapiclient.discovery_cache - INFO - file_cache is only supported with oauth2client<4.0.0
2025-12-12 01:43:25,176 - googleapiclient.discovery - DEBUG - URL being requested: GET https://youtube.googleapis.com/youtube/v3/search?part=snippet&q=bitcoin&type=video&maxResults=20&order=viewCount&regionCode=BR&relevanceLanguage=pt&key=AIzaSyBj80B2fwVvFEMtcQU8tPV_NCNaEmQvzhc&alt=json
2025-12-12 01:43:25,807 - googleapiclient.discovery - DEBUG - URL being requested: GET https://youtube.googleapis.com/youtube/v3/videos?part=statistics%2CcontentDetails%2Csnippet%2Cstatus&id=8aYr2ueCFvs%2CtrVmDXMaj-M%2CGztiW6DOhck%2CkFgQBPtPfgc%2CqLKADDR7t0E%2Ct_eN9r6-hKQ%2CzhPqD19DjYw%2CYMIZ5mHRO4E%2CwN0OaLUYI2I%2CdQ8b4E6vX-4%2CCYyUbSHSR6M%2C3aWyRWPBLTk%2ChHQl63HuAtU%2CTGhgfrioBhU%2CD3m-7GNeP6M%2CzTbXc92cgg4%2CJNDKNWYTqNs%2CDrfU1Aa8dK4%2CpsnfySnzeRo%2Cywka38FnqqY&key=AIzaSyBj80B2fwVvFEMtcQU8tPV_NCNaEmQvzhc&alt=json
2025-12-12 01:43:26,189 - UNI_v6 - INFO - YouTube: Coletados 20 resultados com sucesso
2025-12-12 01:43:26,192 - UNI_v6 - INFO - YouTube: Iniciando coleta para 'bitcoin' (limite: 20)
2025-12-12 01:43:26,196 - googleapiclient.discovery_cache - INFO - file_cache is only supported with oauth2client<4.0.0
2025-12-12 01:43:26,206 - googleapiclient.discovery - DEBUG - URL being requested: GET https://youtube.googleapis.com/youtube/v3/search?part=snippet&q=bitcoin&type=video&maxResults=20&order=date&regionCode=BR&relevanceLanguage=pt&key=AIzaSyBj80B2fwVvFEMtcQU8tPV_NCNaEmQvzhc&alt=json
2025-12-12 01:43:26,643 - googleapiclient.discovery - DEBUG - URL being requested: GET https://youtube.googleapis.com/youtube/v3/videos?part=statistics%2CcontentDetails%2Csnippet%2Cstatus&id=TTw8DNkHMHQ%2CAlpuLg-C0No%2CjGsigMoBOdc%2CD450RoGDmys%2CFYHRBlGoUfg%2CuW5KeyITivw%2CqedWBAAJSLU%2CmwfNYrXd47Y%2Cu_H9gXNc630%2CGk7N5_42oOQ%2CdgUpfAGOpGI%2CGN00YmQ8Tv8%2C5Qt4QVdYxbQ%2CbCP9EbFyeeo%2C-dHFJ25H8p0%2CI3rIx6BCtj8%2CvA59FqlbJx4%2CJWUeyIQ-cb8%2CNsX0dhmdGwk%2CvS1993w5dM0&key=AIzaSyBj80B2fwVvFEMtcQU8tPV_NCNaEmQvzhc&alt=json
2025-12-12 01:43:27,017 - UNI_v6 - INFO - YouTube: Coletados 20 resultados com sucesso
2025-12-12 01:43:27,021 - UNI_v6 - INFO - YouTube: Iniciando coleta para 'bitcoin' (limite: 20)
2025-12-12 01:43:27,023 - googleapiclient.discovery_cache - INFO - file_cache is only supported with oauth2client<4.0.0
2025-12-12 01:43:27,030 - googleapiclient.discovery - DEBUG - URL being requested: GET https://youtube.googleapis.com/youtube/v3/search?part=snippet&q=bitcoin&type=video&maxResults=20&order=relevance&regionCode=BR&relevanceLanguage=pt&key=AIzaSyBj80B2fwVvFEMtcQU8tPV_NCNaEmQvzhc&alt=json
2025-12-12 01:43:27,433 - googleapiclient.discovery - DEBUG - URL being requested: GET https://youtube.googleapis.com/youtube/v3/videos?part=statistics%2CcontentDetails%2Csnippet%2Cstatus&id=4r5G_EWUGqM%2CGqdi1B7jKsI%2CdloBqocJ39I%2CuYro8SWqirM%2CNsX0dhmdGwk%2CrH6PLR7-2ps%2CR4dVZbD1ZdI%2C81PC3PYSVBA%2C-dHFJ25H8p0%2CBWaykbR0GVo%2CnrXsD5kJYYs%2CEV_TftnS-dI%2CH12gMVRjIns%2C3yuFhsv8FXA%2CUJ15dLYUFiA%2CBgxhP4RA7o4%2CYy4ku6dEPlI%2CeNNxW0kt_h4%2CKD0AvGlFqjs%2Cguyms4R0FeE&key=AIzaSyBj80B2fwVvFEMtcQU8tPV_NCNaEmQvzhc&alt=json
2025-12-12 01:43:27,791 - UNI_v6 - INFO - YouTube: Coletados 20 resultados com sucesso
2025-12-12 01:43:27,835 - UNI_v6 - INFO - Apple App Store: Iniciando coleta para 'bitcoin' (limite: 20, tentativa 1/3)
2025-12-12 01:43:27,835 - Base - INFO - Searching for app id
2025-12-12 01:43:27,837 - Base - DEBUG - Making a GET request: https://www.google.com/search
2025-12-12 01:43:27,863 - urllib3.connectionpool - DEBUG - Starting new HTTPS connection (1): www.google.com:443
2025-12-12 01:43:28,096 - urllib3.connectionpool - DEBUG - https://www.google.com:443 "GET /search?q=app+store+bitcoin HTTP/1.1" 200 None
2025-12-12 01:43:28,197 - UNI_v6 - WARNING - Apple App Store: Tentativa 1 falhou: 'NoneType' object has no attribute 'group'
2025-12-12 01:43:30,204 - UNI_v6 - INFO - Apple App Store: Iniciando coleta para 'bitcoin' (limite: 20, tentativa 2/3)
2025-12-12 01:43:30,206 - Base - INFO - Searching for app id
2025-12-12 01:43:30,207 - Base - DEBUG - Making a GET request: https://www.google.com/search
2025-12-12 01:43:30,229 - urllib3.connectionpool - DEBUG - Starting new HTTPS connection (1): www.google.com:443
2025-12-12 01:43:30,447 - urllib3.connectionpool - DEBUG - https://www.google.com:443 "GET /search?q=app+store+bitcoin HTTP/1.1" 200 None
2025-12-12 01:43:30,464 - UNI_v6 - WARNING - Apple App Store: Tentativa 2 falhou: 'NoneType' object has no attribute 'group'
2025-12-12 01:43:32,469 - UNI_v6 - INFO - Apple App Store: Iniciando coleta para 'bitcoin' (limite: 20, tentativa 3/3)
2025-12-12 01:43:32,470 - Base - INFO - Searching for app id
2025-12-12 01:43:32,470 - Base - DEBUG - Making a GET request: https://www.google.com/search
2025-12-12 01:43:32,475 - urllib3.connectionpool - DEBUG - Starting new HTTPS connection (1): www.google.com:443
2025-12-12 01:43:32,659 - urllib3.connectionpool - DEBUG - https://www.google.com:443 "GET /search?q=app+store+bitcoin HTTP/1.1" 200 None
2025-12-12 01:43:32,677 - UNI_v6 - WARNING - Apple App Store: Tentativa 3 falhou: 'NoneType' object has no attribute 'group'
2025-12-12 01:43:32,677 - UNI_v6 - ERROR - Apple App Store: Todas as tentativas falharam
2025-12-12 01:43:32,696 - UNI_v6 - DEBUG - Traceback (most recent call last):
  File "/Users/eas/Desktop/github/emersonalmeida/emersonalmeida.github.io/project/uni/uni_v6.py", line 1535, in coletar_apple_store
    store = AppStore(country=country, app_name=term)
  File "/Users/eas/Library/Python/3.9/lib/python/site-packages/app_store_scraper/app_store.py", line 23, in __init__
    super().__init__(
  File "/Users/eas/Library/Python/3.9/lib/python/site-packages/app_store_scraper/base.py", line 47, in __init__
    app_id = self.search_id()
  File "/Users/eas/Library/Python/3.9/lib/python/site-packages/app_store_scraper/base.py", line 175, in search_id
    app_id = re.search(pattern, self._response.text).group(1)
AttributeError: 'NoneType' object has no attribute 'group'

2025-12-12 01:43:32,704 - UNI_v6 - INFO - Google Play: Iniciando coleta para 'bitcoin' (limite: 10, tentativa 1/3)
2025-12-12 01:43:32,704 - UNI_v6 - WARNING - Google Play: Tentativa 1 falhou: search() got an unexpected keyword argument 'n'
2025-12-12 01:43:34,709 - UNI_v6 - INFO - Google Play: Iniciando coleta para 'bitcoin' (limite: 10, tentativa 2/3)
2025-12-12 01:43:34,710 - UNI_v6 - WARNING - Google Play: Tentativa 2 falhou: search() got an unexpected keyword argument 'n'
2025-12-12 01:43:36,715 - UNI_v6 - INFO - Google Play: Iniciando coleta para 'bitcoin' (limite: 10, tentativa 3/3)
2025-12-12 01:43:36,715 - UNI_v6 - WARNING - Google Play: Tentativa 3 falhou: search() got an unexpected keyword argument 'n'
2025-12-12 01:43:36,715 - UNI_v6 - ERROR - Google Play: Todas as tentativas falharam
2025-12-12 01:43:36,716 - UNI_v6 - DEBUG - Traceback (most recent call last):
  File "/Users/eas/Desktop/github/emersonalmeida/emersonalmeida.github.io/project/uni/uni_v6.py", line 1439, in coletar_google_play
    apps = gplay_search(term, lang=lang, country=country, n=n)
TypeError: search() got an unexpected keyword argument 'n'

2025-12-12 01:43:36,716 - UNI_v6 - INFO - Reddit: Iniciando coleta para 'bitcoin' (subreddit: all, limite: 10)
2025-12-12 01:43:36,720 - prawcore - DEBUG - Fetching: GET https://oauth.reddit.com/r/all/search/ at 1765514616.7207758
2025-12-12 01:43:36,721 - prawcore - DEBUG - Data: None
2025-12-12 01:43:36,721 - prawcore - DEBUG - Params: {'limit': 10,
 'q': 'bitcoin',
 'raw_json': 1,
 'restrict_sr': False,
 'sort': 'relevance',
 'syntax': 'lucene',
 't': 'all'}
2025-12-12 01:43:36,733 - urllib3.connectionpool - DEBUG - Starting new HTTPS connection (1): www.reddit.com:443
2025-12-12 01:43:36,927 - urllib3.connectionpool - DEBUG - https://www.reddit.com:443 "POST /api/v1/access_token HTTP/1.1" 200 654
2025-12-12 01:43:36,939 - urllib3.connectionpool - DEBUG - Starting new HTTPS connection (1): oauth.reddit.com:443
2025-12-12 01:43:37,798 - urllib3.connectionpool - DEBUG - https://oauth.reddit.com:443 "GET /r/all/search/?q=bitcoin&restrict_sr=False&sort=relevance&syntax=lucene&t=all&limit=10&raw_json=1 HTTP/1.1" 200 8398
2025-12-12 01:43:37,801 - prawcore - DEBUG - Response: 200 (8398 bytes) (rst-382:rem-999.0:used-1 ratelimit) at 1765514617.801247
2025-12-12 01:43:37,804 - prawcore - DEBUG - Fetching: GET https://oauth.reddit.com/r/Buttcoin/about/ at 1765514617.80465
2025-12-12 01:43:37,804 - prawcore - DEBUG - Data: None
2025-12-12 01:43:37,805 - prawcore - DEBUG - Params: {'raw_json': 1}
2025-12-12 01:43:37,999 - urllib3.connectionpool - DEBUG - https://oauth.reddit.com:443 "GET /r/Buttcoin/about/?raw_json=1 HTTP/1.1" 200 3588
2025-12-12 01:43:38,000 - prawcore - DEBUG - Response: 200 (3588 bytes) (rst-382:rem-998.0:used-2 ratelimit) at 1765514618.0000849
2025-12-12 01:43:38,000 - prawcore - DEBUG - Fetching: GET https://oauth.reddit.com/user/FUMoney/about/ at 1765514618.000533
2025-12-12 01:43:38,000 - prawcore - DEBUG - Data: None
2025-12-12 01:43:38,000 - prawcore - DEBUG - Params: {'raw_json': 1}
2025-12-12 01:43:38,190 - urllib3.connectionpool - DEBUG - https://oauth.reddit.com:443 "GET /user/FUMoney/about/?raw_json=1 HTTP/1.1" 200 852
2025-12-12 01:43:38,191 - prawcore - DEBUG - Response: 200 (852 bytes) (rst-381:rem-997.0:used-3 ratelimit) at 1765514618.191596
2025-12-12 01:43:38,195 - prawcore - DEBUG - Fetching: GET https://oauth.reddit.com/comments/1p2ppaz/ at 1765514618.195339
2025-12-12 01:43:38,195 - prawcore - DEBUG - Data: None
2025-12-12 01:43:38,195 - prawcore - DEBUG - Params: {'limit': 2048, 'raw_json': 1, 'sort': 'confidence'}
2025-12-12 01:43:39,039 - urllib3.connectionpool - DEBUG - https://oauth.reddit.com:443 "GET /comments/1p2ppaz/?limit=2048&sort=confidence&raw_json=1 HTTP/1.1" 200 20306
2025-12-12 01:43:39,054 - prawcore - DEBUG - Response: 200 (20306 bytes) (rst-381:rem-996.0:used-4 ratelimit) at 1765514619.0546088
2025-12-12 01:43:39,178 - prawcore - DEBUG - Fetching: GET https://oauth.reddit.com/r/Bitcoin/about/ at 1765514619.178276
2025-12-12 01:43:39,179 - prawcore - DEBUG - Data: None
2025-12-12 01:43:39,179 - prawcore - DEBUG - Params: {'raw_json': 1}
2025-12-12 01:43:39,379 - urllib3.connectionpool - DEBUG - https://oauth.reddit.com:443 "GET /r/Bitcoin/about/?raw_json=1 HTTP/1.1" 200 5252
2025-12-12 01:43:39,383 - prawcore - DEBUG - Response: 200 (5252 bytes) (rst-380:rem-995.0:used-5 ratelimit) at 1765514619.3837628
2025-12-12 01:43:39,384 - prawcore - DEBUG - Fetching: GET https://oauth.reddit.com/user/Green_Candler/about/ at 1765514619.384535
2025-12-12 01:43:39,384 - prawcore - DEBUG - Data: None
2025-12-12 01:43:39,384 - prawcore - DEBUG - Params: {'raw_json': 1}
2025-12-12 01:43:39,574 - urllib3.connectionpool - DEBUG - https://oauth.reddit.com:443 "GET /user/Green_Candler/about/?raw_json=1 HTTP/1.1" 200 844
2025-12-12 01:43:39,575 - prawcore - DEBUG - Response: 200 (844 bytes) (rst-380:rem-994.0:used-6 ratelimit) at 1765514619.575436
2025-12-12 01:43:39,577 - prawcore - DEBUG - Fetching: GET https://oauth.reddit.com/r/Bitcoin/about/ at 1765514619.577334
2025-12-12 01:43:39,577 - prawcore - DEBUG - Data: None
2025-12-12 01:43:39,577 - prawcore - DEBUG - Params: {'raw_json': 1}
2025-12-12 01:43:40,026 - urllib3.connectionpool - DEBUG - https://oauth.reddit.com:443 "GET /r/Bitcoin/about/?raw_json=1 HTTP/1.1" 200 5252
2025-12-12 01:43:40,027 - prawcore - DEBUG - Response: 200 (5252 bytes) (rst-380:rem-993.0:used-7 ratelimit) at 1765514620.027819
2025-12-12 01:43:40,028 - prawcore - DEBUG - Fetching: GET https://oauth.reddit.com/user/Ashamed-Designer-174/about/ at 1765514620.028756
2025-12-12 01:43:40,028 - prawcore - DEBUG - Data: None
2025-12-12 01:43:40,029 - prawcore - DEBUG - Params: {'raw_json': 1}
2025-12-12 01:43:40,228 - urllib3.connectionpool - DEBUG - https://oauth.reddit.com:443 "GET /user/Ashamed-Designer-174/about/?raw_json=1 HTTP/1.1" 200 746
2025-12-12 01:43:40,230 - prawcore - DEBUG - Response: 200 (746 bytes) (rst-379:rem-992.0:used-8 ratelimit) at 1765514620.2300858
2025-12-12 01:43:40,234 - prawcore - DEBUG - Fetching: GET https://oauth.reddit.com/r/Bitcoin/about/ at 1765514620.2348301
2025-12-12 01:43:40,235 - prawcore - DEBUG - Data: None
2025-12-12 01:43:40,235 - prawcore - DEBUG - Params: {'raw_json': 1}
2025-12-12 01:43:40,428 - urllib3.connectionpool - DEBUG - https://oauth.reddit.com:443 "GET /r/Bitcoin/about/?raw_json=1 HTTP/1.1" 200 5252
2025-12-12 01:43:40,429 - prawcore - DEBUG - Response: 200 (5252 bytes) (rst-379:rem-991.0:used-9 ratelimit) at 1765514620.429767
2025-12-12 01:43:40,430 - prawcore - DEBUG - Fetching: GET https://oauth.reddit.com/user/I_killed_the_kraken/about/ at 1765514620.430472
2025-12-12 01:43:40,430 - prawcore - DEBUG - Data: None
2025-12-12 01:43:40,430 - prawcore - DEBUG - Params: {'raw_json': 1}
2025-12-12 01:43:40,627 - urllib3.connectionpool - DEBUG - https://oauth.reddit.com:443 "GET /user/I_killed_the_kraken/about/?raw_json=1 HTTP/1.1" 200 1012
2025-12-12 01:43:40,629 - prawcore - DEBUG - Response: 200 (1012 bytes) (rst-379:rem-990.0:used-10 ratelimit) at 1765514620.6292748
2025-12-12 01:43:40,633 - prawcore - DEBUG - Fetching: GET https://oauth.reddit.com/comments/1pf7oou/ at 1765514620.633395
2025-12-12 01:43:40,633 - prawcore - DEBUG - Data: None
2025-12-12 01:43:40,633 - prawcore - DEBUG - Params: {'limit': 2048, 'raw_json': 1, 'sort': 'confidence'}
2025-12-12 01:43:42,161 - urllib3.connectionpool - DEBUG - https://oauth.reddit.com:443 "GET /comments/1pf7oou/?limit=2048&sort=confidence&raw_json=1 HTTP/1.1" 200 50107
2025-12-12 01:43:42,292 - prawcore - DEBUG - Response: 200 (50107 bytes) (rst-379:rem-989.0:used-11 ratelimit) at 1765514622.292423
2025-12-12 01:43:42,385 - prawcore - DEBUG - Fetching: GET https://oauth.reddit.com/r/Anticonsumption/about/ at 1765514622.385937
2025-12-12 01:43:42,386 - prawcore - DEBUG - Data: None
2025-12-12 01:43:42,386 - prawcore - DEBUG - Params: {'raw_json': 1}
2025-12-12 01:43:42,577 - urllib3.connectionpool - DEBUG - https://oauth.reddit.com:443 "GET /r/Anticonsumption/about/?raw_json=1 HTTP/1.1" 200 4913
2025-12-12 01:43:42,578 - prawcore - DEBUG - Response: 200 (4913 bytes) (rst-377:rem-988.0:used-12 ratelimit) at 1765514622.578389
2025-12-12 01:43:42,579 - prawcore - DEBUG - Fetching: GET https://oauth.reddit.com/user/gnarlytabby/about/ at 1765514622.579019
2025-12-12 01:43:42,579 - prawcore - DEBUG - Data: None
2025-12-12 01:43:42,579 - prawcore - DEBUG - Params: {'raw_json': 1}
2025-12-12 01:43:42,775 - urllib3.connectionpool - DEBUG - https://oauth.reddit.com:443 "GET /user/gnarlytabby/about/?raw_json=1 HTTP/1.1" 200 773
2025-12-12 01:43:42,776 - prawcore - DEBUG - Response: 200 (773 bytes) (rst-377:rem-987.0:used-13 ratelimit) at 1765514622.776543
2025-12-12 01:43:42,780 - prawcore - DEBUG - Fetching: GET https://oauth.reddit.com/r/Bitcoin/about/ at 1765514622.780606
2025-12-12 01:43:42,780 - prawcore - DEBUG - Data: None
2025-12-12 01:43:42,781 - prawcore - DEBUG - Params: {'raw_json': 1}
2025-12-12 01:43:42,972 - urllib3.connectionpool - DEBUG - https://oauth.reddit.com:443 "GET /r/Bitcoin/about/?raw_json=1 HTTP/1.1" 200 5252
2025-12-12 01:43:42,973 - prawcore - DEBUG - Response: 200 (5252 bytes) (rst-377:rem-986.0:used-14 ratelimit) at 1765514622.973442
2025-12-12 01:43:42,974 - prawcore - DEBUG - Fetching: GET https://oauth.reddit.com/user/Realistts/about/ at 1765514622.9745998
2025-12-12 01:43:42,974 - prawcore - DEBUG - Data: None
2025-12-12 01:43:42,975 - prawcore - DEBUG - Params: {'raw_json': 1}
2025-12-12 01:43:43,173 - urllib3.connectionpool - DEBUG - https://oauth.reddit.com:443 "GET /user/Realistts/about/?raw_json=1 HTTP/1.1" 404 None
2025-12-12 01:43:43,174 - prawcore - DEBUG - Response: 404 (None bytes) (rst-376:rem-985.0:used-15 ratelimit) at 1765514623.17488
2025-12-12 01:43:43,175 - UNI_v6 - ERROR - Reddit: Erro na coleta: received 404 HTTP response
2025-12-12 01:43:43,193 - UNI_v6 - DEBUG - Traceback (most recent call last):
  File "/Users/eas/Desktop/github/emersonalmeida/emersonalmeida.github.io/project/uni/uni_v6.py", line 942, in coletar_reddit
    "author_flair": getattr(post.author, 'flair_text', '') if post.author else "",
  File "/Users/eas/Library/Python/3.9/lib/python/site-packages/praw/models/reddit/base.py", line 38, in __getattr__
    self._fetch()
  File "/Users/eas/Library/Python/3.9/lib/python/site-packages/praw/models/reddit/redditor.py", line 181, in _fetch
    data = self._fetch_data()
  File "/Users/eas/Library/Python/3.9/lib/python/site-packages/praw/models/reddit/base.py", line 89, in _fetch_data
    return self._reddit.request(method="GET", params=params, path=path)
  File "/Users/eas/Library/Python/3.9/lib/python/site-packages/praw/util/deprecate_args.py", line 46, in wrapped
    return func(**dict(zip(_old_args, args)), **kwargs)
  File "/Users/eas/Library/Python/3.9/lib/python/site-packages/praw/reddit.py", line 963, in request
    return self._core.request(
  File "/Users/eas/Library/Python/3.9/lib/python/site-packages/prawcore/sessions.py", line 328, in request
    return self._request_with_retries(
  File "/Users/eas/Library/Python/3.9/lib/python/site-packages/prawcore/sessions.py", line 267, in _request_with_retries
    raise self.STATUS_EXCEPTIONS[response.status_code](response)
prawcore.exceptions.NotFound: received 404 HTTP response

2025-12-12 01:43:43,193 - UNI_v6 - INFO - Google News: Iniciando coleta para 'bitcoin' (limite: 10)
2025-12-12 01:43:43,208 - urllib3.connectionpool - DEBUG - Starting new HTTPS connection (1): gnews.io:443
2025-12-12 01:43:43,766 - urllib3.connectionpool - DEBUG - https://gnews.io:443 "GET /api/v4/search?q=bitcoin&lang=pt&country=br&max=10&apikey=91a7bc222ecfdac6c60019c4fb1ec87c&from=20 HTTP/1.1" 200 None
2025-12-12 01:43:43,769 - UNI_v6 - INFO - Google News: Coletados 10 resultados com sucesso
2025-12-12 01:43:43,769 - UNI_v6 - INFO - arXiv: Iniciando coleta para 'bitcoin' (limite: 20)
2025-12-12 01:43:43,990 - urllib3.connectionpool - DEBUG - Starting new HTTP connection (1): export.arxiv.org:80
2025-12-12 01:43:44,004 - urllib3.connectionpool - DEBUG - http://export.arxiv.org:80 "GET /api/query?search_query=all:bitcoin&start=0&max_results=20&sortBy=relevance HTTP/1.1" 301 0
2025-12-12 01:43:44,010 - urllib3.connectionpool - DEBUG - Starting new HTTPS connection (1): export.arxiv.org:443
2025-12-12 01:43:44,050 - urllib3.connectionpool - DEBUG - https://export.arxiv.org:443 "GET /api/query?search_query=all:bitcoin&start=0&max_results=20&sortBy=relevance HTTP/1.1" 200 38212
2025-12-12 01:43:44,080 - UNI_v6 - INFO - arXiv: Coletados 20 resultados com sucesso
2025-12-12 01:43:44,080 - UNI_v6 - INFO - Google Scholar: Iniciando coleta para 'bitcoin' (limite: 20, tentativa 1/3)
2025-12-12 01:43:44,103 - urllib3.connectionpool - DEBUG - Starting new HTTPS connection (1): api.semanticscholar.org:443
2025-12-12 01:43:45,428 - urllib3.connectionpool - DEBUG - https://api.semanticscholar.org:443 "GET /graph/v1/paper/search?query=bitcoin&limit=20&fields=title%2Cauthors%2Cyear%2Curl%2Cabstract%2CcitationCount%2CreferenceCount%2Cvenue%2CfieldsOfStudy%2CpublicationTypes%2CpublicationDate%2Cjournal%2CexternalIds%2CisOpenAccess%2CopenAccessPdf HTTP/1.1" 200 42010
2025-12-12 01:43:45,435 - UNI_v6 - ERROR - Google Scholar: Erro inesperado: can only join an iterable
2025-12-12 01:43:45,435 - UNI_v6 - DEBUG - Traceback (most recent call last):
  File "/Users/eas/Desktop/github/emersonalmeida/emersonalmeida.github.io/project/uni/uni_v6.py", line 1385, in coletar_scholar
    "fields_of_study": ", ".join(paper.get("fieldsOfStudy", [])),
TypeError: can only join an iterable

2025-12-12 01:43:47,441 - UNI_v6 - INFO - Google Scholar: Iniciando coleta para 'bitcoin' (limite: 20, tentativa 2/3)
2025-12-12 01:43:47,655 - urllib3.connectionpool - DEBUG - https://api.semanticscholar.org:443 "GET /graph/v1/paper/search?query=bitcoin&limit=20&fields=title%2Cauthors%2Cyear%2Curl%2Cabstract%2CcitationCount%2CreferenceCount%2Cvenue%2CfieldsOfStudy%2CpublicationTypes%2CpublicationDate%2Cjournal%2CexternalIds%2CisOpenAccess%2CopenAccessPdf HTTP/1.1" 429 144
2025-12-12 01:43:47,656 - urllib3.util.retry - DEBUG - Incremented Retry for (url='/graph/v1/paper/search?query=bitcoin&limit=20&fields=title%2Cauthors%2Cyear%2Curl%2Cabstract%2CcitationCount%2CreferenceCount%2Cvenue%2CfieldsOfStudy%2CpublicationTypes%2CpublicationDate%2Cjournal%2CexternalIds%2CisOpenAccess%2CopenAccessPdf'): Retry(total=4, connect=None, read=None, redirect=None, status=None)
2025-12-12 01:43:47,656 - urllib3.connectionpool - DEBUG - Retry: /graph/v1/paper/search?query=bitcoin&limit=20&fields=title%2Cauthors%2Cyear%2Curl%2Cabstract%2CcitationCount%2CreferenceCount%2Cvenue%2CfieldsOfStudy%2CpublicationTypes%2CpublicationDate%2Cjournal%2CexternalIds%2CisOpenAccess%2CopenAccessPdf
2025-12-12 01:43:48,213 - urllib3.connectionpool - DEBUG - https://api.semanticscholar.org:443 "GET /graph/v1/paper/search?query=bitcoin&limit=20&fields=title%2Cauthors%2Cyear%2Curl%2Cabstract%2CcitationCount%2CreferenceCount%2Cvenue%2CfieldsOfStudy%2CpublicationTypes%2CpublicationDate%2Cjournal%2CexternalIds%2CisOpenAccess%2CopenAccessPdf HTTP/1.1" 429 144
2025-12-12 01:43:48,213 - urllib3.util.retry - DEBUG - Incremented Retry for (url='/graph/v1/paper/search?query=bitcoin&limit=20&fields=title%2Cauthors%2Cyear%2Curl%2Cabstract%2CcitationCount%2CreferenceCount%2Cvenue%2CfieldsOfStudy%2CpublicationTypes%2CpublicationDate%2Cjournal%2CexternalIds%2CisOpenAccess%2CopenAccessPdf'): Retry(total=3, connect=None, read=None, redirect=None, status=None)
2025-12-12 01:43:49,219 - urllib3.connectionpool - DEBUG - Retry: /graph/v1/paper/search?query=bitcoin&limit=20&fields=title%2Cauthors%2Cyear%2Curl%2Cabstract%2CcitationCount%2CreferenceCount%2Cvenue%2CfieldsOfStudy%2CpublicationTypes%2CpublicationDate%2Cjournal%2CexternalIds%2CisOpenAccess%2CopenAccessPdf
2025-12-12 01:43:49,797 - urllib3.connectionpool - DEBUG - https://api.semanticscholar.org:443 "GET /graph/v1/paper/search?query=bitcoin&limit=20&fields=title%2Cauthors%2Cyear%2Curl%2Cabstract%2CcitationCount%2CreferenceCount%2Cvenue%2CfieldsOfStudy%2CpublicationTypes%2CpublicationDate%2Cjournal%2CexternalIds%2CisOpenAccess%2CopenAccessPdf HTTP/1.1" 429 144
2025-12-12 01:43:49,797 - urllib3.util.retry - DEBUG - Incremented Retry for (url='/graph/v1/paper/search?query=bitcoin&limit=20&fields=title%2Cauthors%2Cyear%2Curl%2Cabstract%2CcitationCount%2CreferenceCount%2Cvenue%2CfieldsOfStudy%2CpublicationTypes%2CpublicationDate%2Cjournal%2CexternalIds%2CisOpenAccess%2CopenAccessPdf'): Retry(total=2, connect=None, read=None, redirect=None, status=None)
2025-12-12 01:43:51,803 - urllib3.connectionpool - DEBUG - Retry: /graph/v1/paper/search?query=bitcoin&limit=20&fields=title%2Cauthors%2Cyear%2Curl%2Cabstract%2CcitationCount%2CreferenceCount%2Cvenue%2CfieldsOfStudy%2CpublicationTypes%2CpublicationDate%2Cjournal%2CexternalIds%2CisOpenAccess%2CopenAccessPdf
2025-12-12 01:43:52,358 - urllib3.connectionpool - DEBUG - https://api.semanticscholar.org:443 "GET /graph/v1/paper/search?query=bitcoin&limit=20&fields=title%2Cauthors%2Cyear%2Curl%2Cabstract%2CcitationCount%2CreferenceCount%2Cvenue%2CfieldsOfStudy%2CpublicationTypes%2CpublicationDate%2Cjournal%2CexternalIds%2CisOpenAccess%2CopenAccessPdf HTTP/1.1" 429 144
2025-12-12 01:43:52,358 - urllib3.util.retry - DEBUG - Incremented Retry for (url='/graph/v1/paper/search?query=bitcoin&limit=20&fields=title%2Cauthors%2Cyear%2Curl%2Cabstract%2CcitationCount%2CreferenceCount%2Cvenue%2CfieldsOfStudy%2CpublicationTypes%2CpublicationDate%2Cjournal%2CexternalIds%2CisOpenAccess%2CopenAccessPdf'): Retry(total=1, connect=None, read=None, redirect=None, status=None)
2025-12-12 01:43:56,363 - urllib3.connectionpool - DEBUG - Retry: /graph/v1/paper/search?query=bitcoin&limit=20&fields=title%2Cauthors%2Cyear%2Curl%2Cabstract%2CcitationCount%2CreferenceCount%2Cvenue%2CfieldsOfStudy%2CpublicationTypes%2CpublicationDate%2Cjournal%2CexternalIds%2CisOpenAccess%2CopenAccessPdf
2025-12-12 01:43:56,571 - urllib3.connectionpool - DEBUG - https://api.semanticscholar.org:443 "GET /graph/v1/paper/search?query=bitcoin&limit=20&fields=title%2Cauthors%2Cyear%2Curl%2Cabstract%2CcitationCount%2CreferenceCount%2Cvenue%2CfieldsOfStudy%2CpublicationTypes%2CpublicationDate%2Cjournal%2CexternalIds%2CisOpenAccess%2CopenAccessPdf HTTP/1.1" 429 144
2025-12-12 01:43:56,571 - urllib3.util.retry - DEBUG - Incremented Retry for (url='/graph/v1/paper/search?query=bitcoin&limit=20&fields=title%2Cauthors%2Cyear%2Curl%2Cabstract%2CcitationCount%2CreferenceCount%2Cvenue%2CfieldsOfStudy%2CpublicationTypes%2CpublicationDate%2Cjournal%2CexternalIds%2CisOpenAccess%2CopenAccessPdf'): Retry(total=0, connect=None, read=None, redirect=None, status=None)
2025-12-12 01:44:04,577 - urllib3.connectionpool - DEBUG - Retry: /graph/v1/paper/search?query=bitcoin&limit=20&fields=title%2Cauthors%2Cyear%2Curl%2Cabstract%2CcitationCount%2CreferenceCount%2Cvenue%2CfieldsOfStudy%2CpublicationTypes%2CpublicationDate%2Cjournal%2CexternalIds%2CisOpenAccess%2CopenAccessPdf
2025-12-12 01:44:05,131 - urllib3.connectionpool - DEBUG - https://api.semanticscholar.org:443 "GET /graph/v1/paper/search?query=bitcoin&limit=20&fields=title%2Cauthors%2Cyear%2Curl%2Cabstract%2CcitationCount%2CreferenceCount%2Cvenue%2CfieldsOfStudy%2CpublicationTypes%2CpublicationDate%2Cjournal%2CexternalIds%2CisOpenAccess%2CopenAccessPdf HTTP/1.1" 429 144
2025-12-12 01:44:05,131 - UNI_v6 - WARNING - Google Scholar: Tentativa 2 falhou: HTTPSConnectionPool(host='api.semanticscholar.org', port=443): Max retries exceeded with url: /graph/v1/paper/search?query=bitcoin&limit=20&fields=title%2Cauthors%2Cyear%2Curl%2Cabstract%2CcitationCount%2CreferenceCount%2Cvenue%2CfieldsOfStudy%2CpublicationTypes%2CpublicationDate%2Cjournal%2CexternalIds%2CisOpenAccess%2CopenAccessPdf (Caused by ResponseError('too many 429 error responses'))
2025-12-12 01:44:07,135 - UNI_v6 - INFO - Google Scholar: Iniciando coleta para 'bitcoin' (limite: 20, tentativa 3/3)
2025-12-12 01:44:08,324 - urllib3.connectionpool - DEBUG - https://api.semanticscholar.org:443 "GET /graph/v1/paper/search?query=bitcoin&limit=20&fields=title%2Cauthors%2Cyear%2Curl%2Cabstract%2CcitationCount%2CreferenceCount%2Cvenue%2CfieldsOfStudy%2CpublicationTypes%2CpublicationDate%2Cjournal%2CexternalIds%2CisOpenAccess%2CopenAccessPdf HTTP/1.1" 200 42010
2025-12-12 01:44:08,329 - UNI_v6 - ERROR - Google Scholar: Erro inesperado: can only join an iterable
2025-12-12 01:44:08,330 - UNI_v6 - DEBUG - Traceback (most recent call last):
  File "/Users/eas/Desktop/github/emersonalmeida/emersonalmeida.github.io/project/uni/uni_v6.py", line 1385, in coletar_scholar
    "fields_of_study": ", ".join(paper.get("fieldsOfStudy", [])),
TypeError: can only join an iterable

2025-12-12 01:44:08,330 - UNI_v6 - INFO - Wikipedia: Iniciando coleta para 'bitcoin' (limite: 20, lang: pt)
2025-12-12 01:44:08,342 - urllib3.connectionpool - DEBUG - Starting new HTTPS connection (1): pt.wikipedia.org:443
2025-12-12 01:44:08,674 - urllib3.connectionpool - DEBUG - https://pt.wikipedia.org:443 "GET /w/api.php?action=query&format=json&list=search&srsearch=bitcoin&srlimit=20&srnamespace=0 HTTP/1.1" 200 None
2025-12-12 01:44:08,677 - urllib3.connectionpool - DEBUG - Starting new HTTPS connection (1): pt.wikipedia.org:443
2025-12-12 01:44:08,781 - urllib3.connectionpool - DEBUG - https://pt.wikipedia.org:443 "GET /api/rest_v1/page/summary/Bitcoin HTTP/1.1" 200 633
2025-12-12 01:44:08,784 - urllib3.connectionpool - DEBUG - Starting new HTTPS connection (1): pt.wikipedia.org:443
2025-12-12 01:44:08,888 - urllib3.connectionpool - DEBUG - https://pt.wikipedia.org:443 "GET /api/rest_v1/page/summary/Satoshi_Nakamoto HTTP/1.1" 200 996
2025-12-12 01:44:08,892 - urllib3.connectionpool - DEBUG - Starting new HTTPS connection (1): pt.wikipedia.org:443
2025-12-12 01:44:08,998 - urllib3.connectionpool - DEBUG - https://pt.wikipedia.org:443 "GET /api/rest_v1/page/summary/Mercado_Bitcoin HTTP/1.1" 200 779
2025-12-12 01:44:09,002 - urllib3.connectionpool - DEBUG - Starting new HTTPS connection (1): pt.wikipedia.org:443
2025-12-12 01:44:09,106 - urllib3.connectionpool - DEBUG - https://pt.wikipedia.org:443 "GET /api/rest_v1/page/summary/Minera%C3%A7%C3%A3o_de_Bitcoin HTTP/1.1" 200 795
2025-12-12 01:44:09,139 - urllib3.connectionpool - DEBUG - Starting new HTTPS connection (1): pt.wikipedia.org:443
2025-12-12 01:44:09,262 - urllib3.connectionpool - DEBUG - https://pt.wikipedia.org:443 "GET /api/rest_v1/page/summary/Litecoin HTTP/1.1" 200 723
2025-12-12 01:44:09,299 - urllib3.connectionpool - DEBUG - Starting new HTTPS connection (1): pt.wikipedia.org:443
2025-12-12 01:44:09,445 - urllib3.connectionpool - DEBUG - https://pt.wikipedia.org:443 "GET /api/rest_v1/page/summary/Monero HTTP/1.1" 200 656
2025-12-12 01:44:09,472 - urllib3.connectionpool - DEBUG - Starting new HTTPS connection (1): pt.wikipedia.org:443
2025-12-12 01:44:09,591 - urllib3.connectionpool - DEBUG - https://pt.wikipedia.org:443 "GET /api/rest_v1/page/summary/Hal_Finney HTTP/1.1" 200 775
2025-12-12 01:44:09,600 - urllib3.connectionpool - DEBUG - Starting new HTTPS connection (1): pt.wikipedia.org:443
2025-12-12 01:44:09,712 - urllib3.connectionpool - DEBUG - https://pt.wikipedia.org:443 "GET /api/rest_v1/page/summary/Vitalik_Buterin HTTP/1.1" 200 631
2025-12-12 01:44:09,717 - urllib3.connectionpool - DEBUG - Starting new HTTPS connection (1): pt.wikipedia.org:443
2025-12-12 01:44:09,819 - urllib3.connectionpool - DEBUG - https://pt.wikipedia.org:443 "GET /api/rest_v1/page/summary/El_Salvador HTTP/1.1" 200 903
2025-12-12 01:44:09,822 - urllib3.connectionpool - DEBUG - Starting new HTTPS connection (1): pt.wikipedia.org:443
2025-12-12 01:44:09,926 - urllib3.connectionpool - DEBUG - https://pt.wikipedia.org:443 "GET /api/rest_v1/page/summary/Criptomoeda HTTP/1.1" 200 946
2025-12-12 01:44:09,930 - urllib3.connectionpool - DEBUG - Starting new HTTPS connection (1): pt.wikipedia.org:443
2025-12-12 01:44:10,035 - urllib3.connectionpool - DEBUG - https://pt.wikipedia.org:443 "GET /api/rest_v1/page/summary/Lista_de_criptomoedas HTTP/1.1" 200 713
2025-12-12 01:44:10,039 - urllib3.connectionpool - DEBUG - Starting new HTTPS connection (1): pt.wikipedia.org:443
2025-12-12 01:44:10,145 - urllib3.connectionpool - DEBUG - https://pt.wikipedia.org:443 "GET /api/rest_v1/page/summary/Lista_de_portas_dos_protocolos_TCP_e_UDP HTTP/1.1" 200 824
2025-12-12 01:44:10,149 - urllib3.connectionpool - DEBUG - Starting new HTTPS connection (1): pt.wikipedia.org:443
2025-12-12 01:44:10,253 - urllib3.connectionpool - DEBUG - https://pt.wikipedia.org:443 "GET /api/rest_v1/page/summary/Blockchain HTTP/1.1" 200 1002
2025-12-12 01:44:10,257 - urllib3.connectionpool - DEBUG - Starting new HTTPS connection (1): pt.wikipedia.org:443
2025-12-12 01:44:10,369 - urllib3.connectionpool - DEBUG - https://pt.wikipedia.org:443 "GET /api/rest_v1/page/summary/Tether_(criptomoeda) HTTP/1.1" 200 683
2025-12-12 01:44:10,372 - urllib3.connectionpool - DEBUG - Starting new HTTPS connection (1): pt.wikipedia.org:443
2025-12-12 01:44:10,466 - urllib3.connectionpool - DEBUG - https://pt.wikipedia.org:443 "GET /api/rest_v1/page/summary/Bitcoin_Cash HTTP/1.1" 200 1160
2025-12-12 01:44:10,469 - urllib3.connectionpool - DEBUG - Starting new HTTPS connection (1): pt.wikipedia.org:443
2025-12-12 01:44:10,565 - urllib3.connectionpool - DEBUG - https://pt.wikipedia.org:443 "GET /api/rest_v1/page/summary/Reserva_estrat%C3%A9gica_de_bitcoin HTTP/1.1" 200 663
2025-12-12 01:44:10,568 - urllib3.connectionpool - DEBUG - Starting new HTTPS connection (1): pt.wikipedia.org:443
2025-12-12 01:44:10,669 - urllib3.connectionpool - DEBUG - https://pt.wikipedia.org:443 "GET /api/rest_v1/page/summary/Fazendas_de_Bitcoin HTTP/1.1" 200 732
2025-12-12 01:44:10,672 - urllib3.connectionpool - DEBUG - Starting new HTTPS connection (1): pt.wikipedia.org:443
2025-12-12 01:44:10,773 - urllib3.connectionpool - DEBUG - https://pt.wikipedia.org:443 "GET /api/rest_v1/page/summary/Nayib_Bukele HTTP/1.1" 200 747
2025-12-12 01:44:10,776 - urllib3.connectionpool - DEBUG - Starting new HTTPS connection (1): pt.wikipedia.org:443
2025-12-12 01:44:10,922 - urllib3.connectionpool - DEBUG - https://pt.wikipedia.org:443 "GET /api/rest_v1/page/summary/Nick_Szabo HTTP/1.1" 200 776
2025-12-12 01:44:11,039 - urllib3.connectionpool - DEBUG - Starting new HTTPS connection (1): pt.wikipedia.org:443
2025-12-12 01:44:11,206 - urllib3.connectionpool - DEBUG - https://pt.wikipedia.org:443 "GET /api/rest_v1/page/summary/Kraken_(empresa) HTTP/1.1" 200 579
2025-12-12 01:44:11,209 - UNI_v6 - INFO - Wikipedia: Coletados 20 resultados com sucesso
2025-12-12 01:44:11,219 - urllib3.connectionpool - DEBUG - Starting new HTTPS connection (1): api.github.com:443
2025-12-12 01:44:11,803 - urllib3.connectionpool - DEBUG - https://api.github.com:443 "GET /search/repositories?q=bitcoin&sort=stars&order=desc&per_page=20 HTTP/1.1" 200 None
2025-12-12 01:44:11,819 - UNI_v6 - INFO - GitHub: Coletados 20 resultados com sucesso
2025-12-12 01:44:11,819 - UNI_v6 - INFO - Hacker News: Iniciando coleta para 'bitcoin' (limite: 20)
2025-12-12 01:44:11,971 - urllib3.connectionpool - DEBUG - Starting new HTTPS connection (1): hn.algolia.com:443
2025-12-12 01:44:12,327 - urllib3.connectionpool - DEBUG - https://hn.algolia.com:443 "GET /api/v1/search?query=bitcoin&tags=story&hitsPerPage=20&numericFilters= HTTP/1.1" 200 28417
2025-12-12 01:44:12,335 - UNI_v6 - INFO - Hacker News: Coletados 20 resultados com sucesso
2025-12-12 01:44:12,336 - UNI_v6 - INFO - : JSON salvo em metadados_coleta.json
2025-12-12 01:44:12,337 - UNI_v6 - INFO - SERP-Google: 20/20 itens válidos após validação
2025-12-12 01:44:12,347 - UNI_v6 - INFO - SERP-Google: Salvo 20 registros com 19 colunas em serp_google.csv (18.6 KB)
2025-12-12 01:44:12,347 - UNI_v6 - INFO - SERP-Bing: 10/10 itens válidos após validação
2025-12-12 01:44:12,348 - UNI_v6 - INFO - SERP-Bing: Salvo 10 registros com 13 colunas em serp_bing.csv (3.5 KB)
2025-12-12 01:44:12,349 - UNI_v6 - INFO - SERP-Brave: 20/20 itens válidos após validação
2025-12-12 01:44:12,349 - UNI_v6 - INFO - SERP-Brave: Salvo 20 registros com 13 colunas em serp_brave.csv (7.7 KB)
2025-12-12 01:44:12,350 - UNI_v6 - INFO - YouTube-viewCount: 20/20 itens válidos após validação
2025-12-12 01:44:12,351 - UNI_v6 - INFO - YouTube-viewCount: Salvo 20 registros com 30 colunas em youtube_viewcount.csv (15.4 KB)
2025-12-12 01:44:12,352 - UNI_v6 - INFO - YouTube-date: 20/20 itens válidos após validação
2025-12-12 01:44:12,354 - UNI_v6 - INFO - YouTube-date: Salvo 20 registros com 30 colunas em youtube_date.csv (41.9 KB)
2025-12-12 01:44:12,354 - UNI_v6 - INFO - YouTube-relevance: 20/20 itens válidos após validação
2025-12-12 01:44:12,355 - UNI_v6 - INFO - YouTube-relevance: Salvo 20 registros com 30 colunas em youtube_relevance.csv (35.0 KB)
2025-12-12 01:44:12,356 - UNI_v6 - INFO - Reddit: 5/5 itens válidos após validação
2025-12-12 01:44:12,357 - UNI_v6 - INFO - Reddit: Salvo 5 registros com 37 colunas em reddit.csv (8.0 KB)
2025-12-12 01:44:12,357 - UNI_v6 - INFO - Google News: 10/10 itens válidos após validação
2025-12-12 01:44:12,359 - UNI_v6 - INFO - Google News: Salvo 10 registros com 13 colunas em google_news.csv (8.4 KB)
2025-12-12 01:44:12,359 - UNI_v6 - INFO - arXiv: 20/20 itens válidos após validação
2025-12-12 01:44:12,360 - UNI_v6 - INFO - arXiv: Salvo 20 registros com 18 colunas em arxiv.csv (27.2 KB)
2025-12-12 01:44:12,361 - UNI_v6 - INFO - Wikipedia: 20/20 itens válidos após validação
2025-12-12 01:44:12,362 - UNI_v6 - INFO - Wikipedia: Salvo 20 registros com 24 colunas em wikipedia.csv (29.8 KB)
2025-12-12 01:44:12,362 - UNI_v6 - INFO - GitHub: 20/20 itens válidos após validação
2025-12-12 01:44:12,365 - UNI_v6 - INFO - GitHub: Salvo 20 registros com 38 colunas em github.csv (13.9 KB)
2025-12-12 01:44:12,365 - UNI_v6 - INFO - Hacker News: 20/20 itens válidos após validação
2025-12-12 01:44:12,366 - UNI_v6 - INFO - Hacker News: Salvo 20 registros com 18 colunas em hacker_news.csv (4.2 KB)
2025-12-12 01:44:12,366 - UNI_v6 - INFO - Iniciando criação da base de dados consolidada...
2025-12-12 01:44:12,563 - UNI_v6 - INFO - Base de dados consolidada salva: 205 registros, 168 colunas, 258.5 KB
2025-12-12 01:44:12,580 - UNI_v6 - WARNING - Não foi possível salvar Excel: No module named 'openpyxl'
2025-12-12 01:44:12,622 - UNI_v6 - INFO - Resumo: JSON salvo em resumo_estatistico_bitcoin_20251212_014412.json
2025-12-12 01:44:12,657 - UNI_v6 - INFO - : JSON salvo em resultados_completos.json
2025-12-12 01:52:38,220 - UNI_v6 - INFO - Google Suggest: Iniciando coleta para 'bitcoin' (limite: 15)
2025-12-12 01:52:38,265 - urllib3.connectionpool - DEBUG - Starting new HTTPS connection (1): suggestqueries.google.com:443
2025-12-12 01:52:38,463 - urllib3.connectionpool - DEBUG - https://suggestqueries.google.com:443 "GET /complete/search?q=bitcoin&gl=br&client=chrome&hl=top&ds=web HTTP/1.1" 200 95
2025-12-12 01:52:38,466 - UNI_v6 - INFO - Google Suggest: Coletados 0 resultados com sucesso
2025-12-12 01:52:38,466 - UNI_v6 - INFO - Google Suggest: Iniciando coleta para 'bitcoin' (limite: 15)
2025-12-12 01:52:38,565 - urllib3.connectionpool - DEBUG - https://suggestqueries.google.com:443 "GET /complete/search?q=bitcoin&gl=br&client=chrome&hl=a-z&ds=web HTTP/1.1" 200 95
2025-12-12 01:52:38,566 - UNI_v6 - INFO - Google Suggest: Coletados 0 resultados com sucesso
2025-12-12 01:52:38,567 - UNI_v6 - INFO - Google Suggest: Iniciando coleta para 'bitcoin' (limite: 15)
2025-12-12 01:52:38,662 - urllib3.connectionpool - DEBUG - https://suggestqueries.google.com:443 "GET /complete/search?q=bitcoin&gl=br&client=chrome&hl=0-9&ds=web HTTP/1.1" 200 95
2025-12-12 01:52:38,662 - UNI_v6 - INFO - Google Suggest: Coletados 0 resultados com sucesso
2025-12-12 01:52:38,662 - UNI_v6 - INFO - Google Suggest: Iniciando coleta para 'bitcoin' (limite: 15)
2025-12-12 01:52:38,751 - urllib3.connectionpool - DEBUG - https://suggestqueries.google.com:443 "GET /complete/search?q=bitcoin&gl=br&client=chrome&hl=other&ds=web HTTP/1.1" 200 95
2025-12-12 01:52:38,751 - UNI_v6 - INFO - Google Suggest: Coletados 0 resultados com sucesso
2025-12-12 01:52:38,751 - UNI_v6 - INFO - Google Suggest: Iniciando coleta para 'bitcoin' (limite: 15)
2025-12-12 01:52:38,857 - urllib3.connectionpool - DEBUG - https://suggestqueries.google.com:443 "GET /complete/search?q=bitcoin&gl=br&client=chrome&hl=top&ds=youtube HTTP/1.1" 200 95
2025-12-12 01:52:38,857 - UNI_v6 - INFO - Google Suggest: Coletados 0 resultados com sucesso
2025-12-12 01:52:38,857 - UNI_v6 - INFO - Google Suggest: Iniciando coleta para 'bitcoin' (limite: 15)
2025-12-12 01:52:38,951 - urllib3.connectionpool - DEBUG - https://suggestqueries.google.com:443 "GET /complete/search?q=bitcoin&gl=br&client=chrome&hl=a-z&ds=youtube HTTP/1.1" 200 95
2025-12-12 01:52:38,951 - UNI_v6 - INFO - Google Suggest: Coletados 0 resultados com sucesso
2025-12-12 01:52:38,951 - UNI_v6 - INFO - Google Suggest: Iniciando coleta para 'bitcoin' (limite: 15)
2025-12-12 01:52:39,054 - urllib3.connectionpool - DEBUG - https://suggestqueries.google.com:443 "GET /complete/search?q=bitcoin&gl=br&client=chrome&hl=0-9&ds=youtube HTTP/1.1" 200 95
2025-12-12 01:52:39,055 - UNI_v6 - INFO - Google Suggest: Coletados 0 resultados com sucesso
2025-12-12 01:52:39,055 - UNI_v6 - INFO - Google Suggest: Iniciando coleta para 'bitcoin' (limite: 15)
2025-12-12 01:52:39,144 - urllib3.connectionpool - DEBUG - https://suggestqueries.google.com:443 "GET /complete/search?q=bitcoin&gl=br&client=chrome&hl=other&ds=youtube HTTP/1.1" 200 95
2025-12-12 01:52:39,145 - UNI_v6 - INFO - Google Suggest: Coletados 0 resultados com sucesso
2025-12-12 01:52:39,145 - UNI_v6 - INFO - Google: Iniciando coleta para 'bitcoin' (limite: 20, tentativa 1/3)
2025-12-12 01:52:39,150 - googleapiclient.discovery_cache - INFO - file_cache is only supported with oauth2client<4.0.0
2025-12-12 01:52:39,154 - googleapiclient.discovery - DEBUG - URL being requested: GET https://customsearch.googleapis.com/customsearch/v1?q=bitcoin&cx=f07ccd3b922d6437b&gl=br&lr=lang_pt&start=1&num=10&safe=off&key=AIzaSyBj80B2fwVvFEMtcQU8tPV_NCNaEmQvzhc&alt=json
2025-12-12 01:52:39,931 - googleapiclient.discovery - DEBUG - URL being requested: GET https://customsearch.googleapis.com/customsearch/v1?q=bitcoin&cx=f07ccd3b922d6437b&gl=br&lr=lang_pt&start=11&num=10&safe=off&key=AIzaSyBj80B2fwVvFEMtcQU8tPV_NCNaEmQvzhc&alt=json
2025-12-12 01:52:40,275 - UNI_v6 - INFO - Google: Coletados 20 resultados com sucesso
2025-12-12 01:52:40,275 - UNI_v6 - INFO - Bing: Iniciando coleta para 'bitcoin' (limite: 20, tentativa 1/3)
2025-12-12 01:52:40,290 - urllib3.connectionpool - DEBUG - Starting new HTTPS connection (1): serpapi.com:443
2025-12-12 01:52:40,344 - urllib3.connectionpool - DEBUG - https://serpapi.com:443 "GET /search?engine=bing&q=bitcoin&cc=br&count=20&api_key=e71430bcff8bdc906f7a5ed9ae1538355c2efb0fb88ffa071f7125a76cc2b142&safe=off HTTP/1.1" 200 None
2025-12-12 01:52:40,346 - UNI_v6 - INFO - Bing: Coletados 10 resultados com sucesso
2025-12-12 01:52:40,346 - UNI_v6 - INFO - Brave: Iniciando coleta para 'bitcoin' (limite: 20, tentativa 1/3)
2025-12-12 01:52:40,358 - urllib3.connectionpool - DEBUG - Starting new HTTPS connection (1): api.search.brave.com:443
2025-12-12 01:52:41,623 - urllib3.connectionpool - DEBUG - https://api.search.brave.com:443 "GET /res/v1/web/search?q=bitcoin&count=20&offset=0&country=br&safesearch=off HTTP/1.1" 200 None
2025-12-12 01:52:41,625 - UNI_v6 - INFO - Brave: Coletados 20 resultados com sucesso
2025-12-12 01:52:41,625 - UNI_v6 - INFO - DuckDuckGo: Iniciando coleta para 'bitcoin' (limite: 20, tentativa 1/3)
2025-12-12 01:52:41,769 - primp.utils - DEBUG - Loaded CA certs
2025-12-12 01:52:41,776 - primp.utils - DEBUG - Loaded CA certs
2025-12-12 01:52:41,777 - primp.utils - DEBUG - Loaded CA certs
2025-12-12 01:52:41,777 - primp.utils - DEBUG - Loaded CA certs
2025-12-12 01:52:41,777 - primp.utils - DEBUG - Loaded CA certs
2025-12-12 01:52:41,777 - primp.utils - DEBUG - Loaded CA certs
2025-12-12 01:52:41,777 - primp.utils - DEBUG - Loaded CA certs
2025-12-12 01:52:41,777 - primp.utils - DEBUG - Loaded CA certs
2025-12-12 01:52:41,777 - httpcore.connection - DEBUG - connect_tcp.started host='html.duckduckgo.com' port=443 local_address=None timeout=5 socket_options=None
2025-12-12 01:52:41,777 - ddgs.ddgs - INFO - Error in engine wikipedia: ValueError('not enough values to unpack (expected 2, got 1)')
2025-12-12 01:52:41,778 - ddgs.ddgs - INFO - Error in engine brave: ValueError('not enough values to unpack (expected 2, got 1)')
2025-12-12 01:52:41,778 - ddgs.ddgs - INFO - Error in engine mojeek: ValueError('not enough values to unpack (expected 2, got 1)')
2025-12-12 01:52:41,781 - rquest.connect - DEBUG - starting new connection: https://search.yahoo.com/
2025-12-12 01:52:41,781 - rquest.util.client.connect.dns - DEBUG - resolving search.yahoo.com
2025-12-12 01:52:41,803 - rquest.util.client.connect.http - DEBUG - connecting to 66.218.84.137:443
2025-12-12 01:52:41,842 - httpcore.connection - DEBUG - connect_tcp.complete return_value=<httpcore._backends.sync.SyncStream object at 0x111c298b0>
2025-12-12 01:52:41,842 - httpcore.connection - DEBUG - start_tls.started ssl_context=<ssl.SSLContext object at 0x111c05350> server_hostname='html.duckduckgo.com' timeout=5
2025-12-12 01:52:41,925 - httpcore.connection - DEBUG - start_tls.complete return_value=<httpcore._backends.sync.SyncStream object at 0x111c29730>
2025-12-12 01:52:41,925 - httpcore.http2 - DEBUG - send_connection_init.started request=<Request [b'POST']>
2025-12-12 01:52:41,925 - httpcore.http2 - DEBUG - send_connection_init.complete
2025-12-12 01:52:41,925 - httpcore.http2 - DEBUG - send_request_headers.started request=<Request [b'POST']> stream_id=1
2025-12-12 01:52:41,925 - hpack.hpack - DEBUG - Adding (b':method', b'POST') to the header table, sensitive:False, huffman:True
2025-12-12 01:52:41,926 - hpack.hpack - DEBUG - Encoding 3 with 7 bits
2025-12-12 01:52:41,926 - hpack.hpack - DEBUG - Adding (b':authority', b'html.duckduckgo.com') to the header table, sensitive:False, huffman:True
2025-12-12 01:52:41,926 - hpack.hpack - DEBUG - Encoding 1 with 6 bits
2025-12-12 01:52:41,926 - hpack.hpack - DEBUG - Encoding 14 with 7 bits
2025-12-12 01:52:41,926 - hpack.hpack - DEBUG - Adding (b':scheme', b'https') to the header table, sensitive:False, huffman:True
2025-12-12 01:52:41,926 - hpack.hpack - DEBUG - Encoding 7 with 7 bits
2025-12-12 01:52:41,926 - hpack.hpack - DEBUG - Adding (b':path', b'/html/') to the header table, sensitive:False, huffman:True
2025-12-12 01:52:41,926 - hpack.hpack - DEBUG - Encoding 4 with 6 bits
2025-12-12 01:52:41,926 - hpack.hpack - DEBUG - Encoding 5 with 7 bits
2025-12-12 01:52:41,926 - hpack.hpack - DEBUG - Adding (b'accept', b'*/*') to the header table, sensitive:False, huffman:True
2025-12-12 01:52:41,926 - hpack.hpack - DEBUG - Encoding 19 with 6 bits
2025-12-12 01:52:41,926 - hpack.hpack - DEBUG - Encoding 3 with 7 bits
2025-12-12 01:52:41,926 - hpack.hpack - DEBUG - Adding (b'accept-encoding', b'gzip, deflate, br') to the header table, sensitive:False, huffman:True
2025-12-12 01:52:41,926 - hpack.hpack - DEBUG - Encoding 16 with 6 bits
2025-12-12 01:52:41,926 - hpack.hpack - DEBUG - Encoding 13 with 7 bits
2025-12-12 01:52:41,926 - hpack.hpack - DEBUG - Adding (b'user-agent', b'python-httpx/0.28.1') to the header table, sensitive:False, huffman:True
2025-12-12 01:52:41,926 - hpack.hpack - DEBUG - Encoding 58 with 6 bits
2025-12-12 01:52:41,926 - hpack.hpack - DEBUG - Encoding 14 with 7 bits
2025-12-12 01:52:41,927 - hpack.hpack - DEBUG - Adding (b'content-length', b'17') to the header table, sensitive:False, huffman:True
2025-12-12 01:52:41,927 - hpack.hpack - DEBUG - Encoding 28 with 6 bits
2025-12-12 01:52:41,927 - hpack.hpack - DEBUG - Encoding 2 with 7 bits
2025-12-12 01:52:41,927 - hpack.hpack - DEBUG - Adding (b'content-type', b'application/x-www-form-urlencoded') to the header table, sensitive:False, huffman:True
2025-12-12 01:52:41,927 - hpack.hpack - DEBUG - Encoding 31 with 6 bits
2025-12-12 01:52:41,927 - hpack.hpack - DEBUG - Encoding 24 with 7 bits
2025-12-12 01:52:41,927 - hpack.hpack - DEBUG - Encoded header block to b"\x83A\x8e\x9d4\xd0\xbc\x96\x93\xac\x96\x93\xac\xc7\\\x87\xa7\x87D\x85bt\xd3C\x1fS\x83\xf9c\xe7P\x8d\x9b\xd9\xab\xfaRB\xcb@\xd2_\xa5#\xb3z\x8e\xaf\xd2g=KN\x94\xd7\xe5\x80.'\x97\x0f\\\x82\x0b\xbf_\x98\x1du\xd0b\r&=Ly[\xc7\x8f\x0bJ{)Z\xdb(-D<\x85\x93"
2025-12-12 01:52:41,927 - httpcore.http2 - DEBUG - send_request_headers.complete
2025-12-12 01:52:41,927 - httpcore.http2 - DEBUG - send_request_body.started request=<Request [b'POST']> stream_id=1
2025-12-12 01:52:41,927 - httpcore.http2 - DEBUG - send_request_body.complete
2025-12-12 01:52:41,927 - httpcore.http2 - DEBUG - receive_response_headers.started request=<Request [b'POST']> stream_id=1
2025-12-12 01:52:41,927 - httpcore.http2 - DEBUG - receive_remote_settings.started
2025-12-12 01:52:41,928 - httpcore.http2 - DEBUG - receive_remote_settings.complete return_value=<RemoteSettingsChanged changed_settings:{ChangedSetting(setting=SettingCodes.MAX_CONCURRENT_STREAMS, original_value=None, new_value=100), ChangedSetting(setting=SettingCodes.INITIAL_WINDOW_SIZE, original_value=65535, new_value=65536), ChangedSetting(setting=SettingCodes.MAX_FRAME_SIZE, original_value=16384, new_value=16777215)}>
2025-12-12 01:52:41,986 - hpack.hpack - DEBUG - Decoding b' H\x03202v\x84\xaacU\xe7a\x96\xc3a\xbe\x94\x08\x94\xbeR( \t\xb5\x00\xd5\xc6\xc5q\xa1)\x8bF\xff_\x92I|\xa5\x89\xd3M\x1fj\x12q\xd8\x82\xa6\x0e\x1b\xf0\xac\xf7\x00\x8aAl\xee[\x16I\xa95S\x7f\x9eI\xd2:>\xe4\xb6\xc8\x04\xcf\xdc\x85A \xfen\x8c\x9dKT\x8ao:GB\x9f\xfb\xab\xff\x9f\xcf\x00\x04vary\x85\xd5a\xa65_\x00\x91Bl1\x12\xb2l\x1dH\xac\xf6%d\x14\x96\xd8d\xfa\x8c\xa4~V\x1c\xc5\x81\x90\xb6\xcb\x80\x00?\x00\x89\xf2\xb5\x87\x8c\xe9B\xc9\x1c\xdf\x85\xa8\xe6\xaaB\xf9\x00\x8d\xac\xb6Rd \xc7\xa9\x0bVz\x0cO_\x8e5I-\x85BV!\xe7=\x89\x83\xfa\xfe\xff\x00\x90!\xeaIjJ\xc8)-\xb0\xc9\xf4\xb5g\xa0\xc4\xf5\xff\xe4\t\x90\xb2\x8e\xda\x12\xb2,"\x9f\xea\xa3\xd4_\xf4\xa7\xda\x84=U\x14\x89Y\x16\x11E\'JkE\xc6\x18\x92\xd2u\\fRt\xa6\xb4\\a\x8f\x95\xe4\xb4\x9dW\x19\x94\x9d)\xad\x17\x18bKI\xd6KI\xd6c\xaeC\xd2\xa4\xe9Mh\xb8\xc3\x1f+\xc9i:\xc9i:\xccu\xc8zT\x9d)\xad\x17\x18bKI\xd6KI\xd6c\xcd3B\xf3\xd0\xe4t^YGA\xa0\xfe\x0e;%\x8ebS\xdeSR9R\x97\x13\xe0s#\xc7\xb2{\x1c\x8b\x9e\xa3\x1e\xa6\x14\x9d)\xad\x17\x18a\x15\xd8Q\xc9]\x86\xee2z\\\x87\xa5O\xb5)\x1dF\x94\xa8J\xc8\xb0\x8a):SZ.0\xc4\x96\x93\xaa\xe32\x93\xa55\xa2\xe3\x0c|\xaf%\xa4\xea\xb8\xcc\xa4\xe9Mh\xb8\xc3\x12ZN\xb2ZN\xb3\x1dr\x1e\x95\'JkE\xc6\x18\xf9^KI\xd6KI\xd6c\xaeC\xd2\xa4\xe9Mh\xb8\xc3\x12ZN\xb2ZN\xb3\x1ei\x9a\x17\x9e\x87#\xa2\xf2\xca:\r\x07\xf0q\xd9,s\x12\x9e\xf2\x9a\x91\xca\x94\xb8\x9f\x03\x99\x1e=\x93\xd8\xe4\\\xf5\x18\xf50\xa4\xe9Mh\xb8\xc3\x08\xae\xc2\x8eJ\xec7q\x93\xd2\xe4=*}\xa9Id0\xd6E\x84QI\xd2\x9a\xd1q\x86$\xb4\x9dW\x19\x94\x9d)\xad\x17\x18c\xe5y-\'U\xc6e\'JkE\xc6\x18\x92\xd2u\x92\xd2u\x98\xeb\x90\xf4\xa9:SZ.0\xc7\xca\xf2ZN\xb2ZN\xb3\x1dr\x1e\x95\'JkE\xc6\x18\x92\xd2u\x92\xd2u\x98\xf3L\xd0\xbc\xf49\x1d\x17\x96Q\xd0h?\x83\x8e\xc9c\x98\x94\xf7\x94\xd4\x8eT\xa5\xc4\xf8\x1c\xc8\xf1\xec\x9e\xc7"\xe7\xa8\xc7\xa9\x85\'JkE\xc6\x18Ev\x14rWa\xbb\x8c\x9e\x97!\xe9S\xedD\x12\xc3V\x95\x91a\x14\x8e\x83\xc7qE\'JkE\xc6\x18\x92\xd2u\\fRt\xa6\xb4\\a\x8f\x95\xe4\xb4\x9dW\x19\x94\x9d)\xad\x17\x18bKI\xd6KI\xd6c\xaeC\xd2\xa4\xe9Mh\xb8\xc3\x1f+\xc9i:\xc9i:\xccu\xc8zT\x9d)\xad\x17\x18bKI\xd6KI\xd6c\xcd3B\xf3\xd0\xe4t^YGA\xa0\xfe\x0e;%\x8ebS\xdeSR9R\x97\x13\xe0s#\xc7\xb2{\x1c\x8b\x9e\xa3\x1e\xa6\x14\x9d)\xad\x17\x18a\x15\xd8Q\xc9]\x86\xee2z\\\x87\xa5O\xb5%=IY\x16\x11I\x06\x91\xdcQI\xd2\x9a\xd1q\x86$\xb4\x9dW\x19\x94\x9d)\xad\x17\x18c\xe5y-\'U\xc6e\'JkE\xc6\x18\x92\xd2u\x92\xd2u\x98\xeb\x90\xf4\xa9:SZ.0\xc7\xca\xf2ZN\xb2ZN\xb3\x1dr\x1e\x95\'JkE\xc6\x18\x92\xd2u\x92\xd2u\x98\xf3L\xd0\xbc\xf49\x1d\x17\x96Q\xd0h?\x83\x8e\xc9c\x98\x94\xf7\x94\xd4\x8eT\xa5\xc4\xf8\x1c\xc8\xf1\xec\x9e\xc7"\xe7\xa8\xc7\xa9\x85\'JkE\xc6\x18Ev\x14rWa\xbb\x8c\x9e\x97!\xe9S\xedCS2\xc8\xb0\x8aH4\x8e\xe2\x8aN\x94\xd6\x8b\x8c1%\xa4\xea\xb8\xcc\xa4\xe9Mh\xb8\xc3\x1f+\xc9i:\xae3):SZ.0\xc4\x96\x93\xac\x96\x93\xac\xc7\\\x87\xa5I\xd2\x9a\xd1q\x86>W\x92\xd2u\x92\xd2u\x98\xeb\x90\xf4\xa9:SZ.0\xc4\x96\x93\xac\x96\x93\xac\xc7\x9af\x85\xe7\xa1\xc8\xe8\xbc\xb2\x8e\x83A\xfc\x1cvK\x1c\xc4\xa7\xbc\xa6\xa4r\xa5.\'\xc0\xe6G\x8fd\xf69\x17=F=L):SZ.0\xc2+\xb0\xa3\x92\xbb\r\xdcd\xf4\xb9\x0fJ\x9fj!>\xa8*\xc8\xb0\x8a):SZ.0\xc4\x96\x93\xaa\xe32\x93\xa55\xa2\xe3\x0c|\xaf%\xa4\xea\xb8\xcc\xa4\xe9Mh\xb8\xc3\x12ZN\xb2ZN\xb3\x1dr\x1e\x95\'JkE\xc6\x18\xf9^KI\xd6KI\xd6c\xaeC\xd2\xa4\xe9Mh\xb8\xc3\x12ZN\xb2ZN\xb3\x1ei\x9a\x17\x9e\x87#\xa2\xf2\xca:\r\x07\xf0q\xd9,s\x12\x9e\xf2\x9a\x91\xca\x94\xb8\x9f\x03\x99\x1e=\x93\xd8\xe4\\\xf5\x18\xf50\xa4\xe9Mh\xb8\xc3\x08\xae\xc2\x8eJ\xec7q\x93\xd2\xe4=*}\xa8x\xfa\x14\x89Y\x16\x11O\xf5Q\xea/\xfaS\xedO\x07\xb3\xa9lY\x16\x11H\xe8<w\x14\xfbP\x93\x9a\x89\x16E\x84R:\x0f\x1d\xc5\x14\x9d)\xad\x17\x18bKI\xd5q\x99I\xd2\x9a\xd1q\x86>W\x92\xd2u\\fRt\xa6\xb4\\a\x89-\'Y-\'Y\x8e\xb9\x0fJ\x93\xa55\xa2\xe3\x0c|\xaf%\xa4\xeb%\xa4\xeb1\xd7!\xe9Rt\xa6\xb4\\a\x89-\'Y-\'Y\x8f4\xcd\x0b\xcfC\x91\xd1ye\x1d\x06\x83\xf88\xec\x969\x89OyMH\xe5J\\O\x81\xcc\x8f\x1e\xc9\xecr.z\x8cz\x98Rt\xa6\xb4\\a\x84WaG%v\x1b\xb8\xc9\xe9r\x1e\x95>\xd4\x96\xc1\xd2U\x91a\x14\x8e\x83\xc7qE\'JkE\xc6\x18\x92\xd2u\\fRt\xa6\xb4\\a\x8f\x95\xe4\xb4\x9dW\x19\x94\x9d)\xad\x17\x18bKI\xd6KI\xd6c\xaeC\xd2\xa4\xe9Mh\xb8\xc3\x1f+\xc9i:\xc9i:\xccu\xc8zT\x9d)\xad\x17\x18bKI\xd6KI\xd6c\xcd3B\xf3\xd0\xe4t^YGA\xa0\xfe\x0e;%\x8ebS\xdeSR9R\x97\x13\xe0s#\xc7\xb2{\x1c\x8b\x9e\xa3\x1e\xa6\x14\x9d)\xad\x17\x18a\x15\xd8Q\xc9]\x86\xee2z\\\x87\xa5O\xb5%\xb0t\x95a\xd4B\xa1\'\xb1\n\x7f\xa4\x16\x89\x7f\xd2\x9fjF4\x15kl2\x9f\xe9\x05\xa2_\xf4\xa7\xda\x91\xd0ruXtP\xb5&\xf2Y\x16!\xeaIjJ\x9f\x7f\x00\x8b\xf2\xb4\xb6\x0e\x92\xacz\xd2c\xd4\x8f\x89\xdd\x0e\x8c\x1a\xb6\xe4\xc5\x93O\x00\x8c\xf2\xb7\x94!j\xec:JD\x98\xf5\x7f\x89\x0f\xdd\'\x90\xb0GA\xc9\xd7\x00\x90\xf2\xb1\x0fRKRVO\xaa\xca\xb1\xebI\x8fR?\x85\xa8\xe8\xa8\xd2\xcb\x00\x8b\xb0\xb2\x96\xcb\x0bb\xd5\x9e\x83\x13\xd7\x85=\x86\x98\xd5\x7f\x00\x87/\x9a\xcaD\xacD\xff\x87\xa4~V\x1c\xc5\x80\x1f'
2025-12-12 01:52:41,986 - hpack.hpack - DEBUG - Decoded 0, consumed 1 bytes
2025-12-12 01:52:41,986 - hpack.table - DEBUG - Resizing header table to 0 from 4096
2025-12-12 01:52:41,986 - hpack.hpack - DEBUG - Decoded 8, consumed 1 bytes
2025-12-12 01:52:41,986 - hpack.hpack - DEBUG - Decoded 3, consumed 1 bytes
2025-12-12 01:52:41,986 - hpack.hpack - DEBUG - Decoded (b':status', <memory at 0x111ba3d00>), total consumed 5 bytes, indexed True
2025-12-12 01:52:41,986 - hpack.hpack - DEBUG - Decoded 54, consumed 1 bytes
2025-12-12 01:52:41,986 - hpack.hpack - DEBUG - Decoded 4, consumed 1 bytes
2025-12-12 01:52:41,987 - hpack.hpack - DEBUG - Decoded (b'server', b'nginx'), total consumed 6 bytes, indexed True
2025-12-12 01:52:41,987 - hpack.hpack - DEBUG - Decoded 33, consumed 1 bytes
2025-12-12 01:52:41,987 - hpack.hpack - DEBUG - Decoded 22, consumed 1 bytes
2025-12-12 01:52:41,987 - hpack.hpack - DEBUG - Decoded (b'date', b'Fri, 12 Dec 2025 04:52:42 GMT'), total consumed 24 bytes, indexed True
2025-12-12 01:52:41,987 - hpack.hpack - DEBUG - Decoded 31, consumed 1 bytes
2025-12-12 01:52:41,987 - hpack.hpack - DEBUG - Decoded 18, consumed 1 bytes
2025-12-12 01:52:41,987 - hpack.hpack - DEBUG - Decoded (b'content-type', b'text/html; charset=UTF-8'), total consumed 20 bytes, indexed True
2025-12-12 01:52:41,987 - hpack.hpack - DEBUG - Decoded 10, consumed 1 bytes
2025-12-12 01:52:41,987 - hpack.hpack - DEBUG - Decoded 30, consumed 1 bytes
2025-12-12 01:52:41,987 - hpack.hpack - DEBUG - Decoded (b'server-timing', b'total;dur=23;desc="Backend Total [n]"'), total consumed 43 bytes, indexed False
2025-12-12 01:52:41,987 - hpack.hpack - DEBUG - Decoded 4, consumed 1 bytes
2025-12-12 01:52:41,987 - hpack.hpack - DEBUG - Decoded 5, consumed 1 bytes
2025-12-12 01:52:41,987 - hpack.hpack - DEBUG - Decoded (<memory at 0x111ba3a00>, b'Origin'), total consumed 12 bytes, indexed False
2025-12-12 01:52:41,987 - hpack.hpack - DEBUG - Decoded 17, consumed 1 bytes
2025-12-12 01:52:41,987 - hpack.hpack - DEBUG - Decoded 12, consumed 1 bytes
2025-12-12 01:52:41,987 - hpack.hpack - DEBUG - Decoded (b'strict-transport-security', b'max-age=31536000'), total consumed 32 bytes, indexed False
2025-12-12 01:52:41,987 - hpack.hpack - DEBUG - Decoded 9, consumed 1 bytes
2025-12-12 01:52:41,988 - hpack.hpack - DEBUG - Decoded 5, consumed 1 bytes
2025-12-12 01:52:41,988 - hpack.hpack - DEBUG - Decoded (b'x-robots-tag', b'noindex'), total consumed 17 bytes, indexed False
2025-12-12 01:52:41,988 - hpack.hpack - DEBUG - Decoded 13, consumed 1 bytes
2025-12-12 01:52:41,988 - hpack.hpack - DEBUG - Decoded 14, consumed 1 bytes
2025-12-12 01:52:41,988 - hpack.hpack - DEBUG - Decoded (b'permissions-policy', b'interest-cohort=()'), total consumed 30 bytes, indexed False
2025-12-12 01:52:41,988 - hpack.hpack - DEBUG - Decoded 16, consumed 1 bytes
2025-12-12 01:52:41,988 - hpack.hpack - DEBUG - Decoded 1379, consumed 3 bytes
2025-12-12 01:52:41,989 - hpack.hpack - DEBUG - Decoded (b'content-security-policy', b"default-src 'none' ; connect-src  https://duck.ai https://*.duck.ai https://duckduckgo.com https://*.duckduckgo.com https://duckduckgogg42xjoc72x3sjasowoarfbgcmvfimaftt6twagswzczad.onion/ https://spreadprivacy.com ; manifest-src  https://duck.ai https://*.duck.ai https://duckduckgo.com https://*.duckduckgo.com https://duckduckgogg42xjoc72x3sjasowoarfbgcmvfimaftt6twagswzczad.onion/ https://spreadprivacy.com ; media-src  https://duck.ai https://*.duck.ai https://duckduckgo.com https://*.duckduckgo.com https://duckduckgogg42xjoc72x3sjasowoarfbgcmvfimaftt6twagswzczad.onion/ https://spreadprivacy.com ; script-src blob:  https://duck.ai https://*.duck.ai https://duckduckgo.com https://*.duckduckgo.com https://duckduckgogg42xjoc72x3sjasowoarfbgcmvfimaftt6twagswzczad.onion/ https://spreadprivacy.com ; font-src data:  https://duck.ai https://*.duck.ai https://duckduckgo.com https://*.duckduckgo.com https://duckduckgogg42xjoc72x3sjasowoarfbgcmvfimaftt6twagswzczad.onion/ https://spreadprivacy.com ; img-src data:  https://duck.ai https://*.duck.ai https://duckduckgo.com https://*.duckduckgo.com https://duckduckgogg42xjoc72x3sjasowoarfbgcmvfimaftt6twagswzczad.onion/ https://spreadprivacy.com ; style-src  https://duck.ai https://*.duck.ai https://duckduckgo.com https://*.duckduckgo.com https://duckduckgogg42xjoc72x3sjasowoarfbgcmvfimaftt6twagswzczad.onion/ https://spreadprivacy.com ; object-src 'none' ; worker-src blob: ; child-src blob:  https://duck.ai https://*.duck.ai https://duckduckgo.com https://*.duckduckgo.com https://duckduckgogg42xjoc72x3sjasowoarfbgcmvfimaftt6twagswzczad.onion/ https://spreadprivacy.com ; frame-src blob:  https://duck.ai https://*.duck.ai https://duckduckgo.com https://*.duckduckgo.com https://duckduckgogg42xjoc72x3sjasowoarfbgcmvfimaftt6twagswzczad.onion/ https://spreadprivacy.com ; frame-ancestors 'self' ; base-uri 'self' ; block-all-mixed-content ;"), total consumed 1400 bytes, indexed False
2025-12-12 01:52:41,989 - hpack.hpack - DEBUG - Decoded 11, consumed 1 bytes
2025-12-12 01:52:41,989 - hpack.hpack - DEBUG - Decoded 9, consumed 1 bytes
2025-12-12 01:52:41,989 - hpack.hpack - DEBUG - Decoded (b'x-frame-options', b'SAMEORIGIN'), total consumed 23 bytes, indexed False
2025-12-12 01:52:41,989 - hpack.hpack - DEBUG - Decoded 12, consumed 1 bytes
2025-12-12 01:52:41,989 - hpack.hpack - DEBUG - Decoded 9, consumed 1 bytes
2025-12-12 01:52:41,989 - hpack.hpack - DEBUG - Decoded (b'x-xss-protection', b'1;mode=block'), total consumed 24 bytes, indexed False
2025-12-12 01:52:41,989 - hpack.hpack - DEBUG - Decoded 16, consumed 1 bytes
2025-12-12 01:52:41,989 - hpack.hpack - DEBUG - Decoded 5, consumed 1 bytes
2025-12-12 01:52:41,989 - hpack.hpack - DEBUG - Decoded (b'x-content-type-options', b'nosniff'), total consumed 24 bytes, indexed False
2025-12-12 01:52:41,989 - hpack.hpack - DEBUG - Decoded 11, consumed 1 bytes
2025-12-12 01:52:41,989 - hpack.hpack - DEBUG - Decoded 5, consumed 1 bytes
2025-12-12 01:52:41,989 - hpack.hpack - DEBUG - Decoded (b'referrer-policy', b'origin'), total consumed 19 bytes, indexed False
2025-12-12 01:52:41,990 - hpack.hpack - DEBUG - Decoded 7, consumed 1 bytes
2025-12-12 01:52:41,990 - hpack.hpack - DEBUG - Decoded 7, consumed 1 bytes
2025-12-12 01:52:41,990 - hpack.hpack - DEBUG - Decoded (b'expect-ct', b'max-age=0'), total consumed 17 bytes, indexed False
2025-12-12 01:52:41,990 - httpcore.http2 - DEBUG - receive_response_headers.complete return_value=(202, [(b'server', b'nginx'), (b'date', b'Fri, 12 Dec 2025 04:52:42 GMT'), (b'content-type', b'text/html; charset=UTF-8'), (b'server-timing', b'total;dur=23;desc="Backend Total [n]"'), (b'vary', b'Origin'), (b'strict-transport-security', b'max-age=31536000'), (b'x-robots-tag', b'noindex'), (b'permissions-policy', b'interest-cohort=()'), (b'content-security-policy', b"default-src 'none' ; connect-src  https://duck.ai https://*.duck.ai https://duckduckgo.com https://*.duckduckgo.com https://duckduckgogg42xjoc72x3sjasowoarfbgcmvfimaftt6twagswzczad.onion/ https://spreadprivacy.com ; manifest-src  https://duck.ai https://*.duck.ai https://duckduckgo.com https://*.duckduckgo.com https://duckduckgogg42xjoc72x3sjasowoarfbgcmvfimaftt6twagswzczad.onion/ https://spreadprivacy.com ; media-src  https://duck.ai https://*.duck.ai https://duckduckgo.com https://*.duckduckgo.com https://duckduckgogg42xjoc72x3sjasowoarfbgcmvfimaftt6twagswzczad.onion/ https://spreadprivacy.com ; script-src blob:  https://duck.ai https://*.duck.ai https://duckduckgo.com https://*.duckduckgo.com https://duckduckgogg42xjoc72x3sjasowoarfbgcmvfimaftt6twagswzczad.onion/ https://spreadprivacy.com ; font-src data:  https://duck.ai https://*.duck.ai https://duckduckgo.com https://*.duckduckgo.com https://duckduckgogg42xjoc72x3sjasowoarfbgcmvfimaftt6twagswzczad.onion/ https://spreadprivacy.com ; img-src data:  https://duck.ai https://*.duck.ai https://duckduckgo.com https://*.duckduckgo.com https://duckduckgogg42xjoc72x3sjasowoarfbgcmvfimaftt6twagswzczad.onion/ https://spreadprivacy.com ; style-src  https://duck.ai https://*.duck.ai https://duckduckgo.com https://*.duckduckgo.com https://duckduckgogg42xjoc72x3sjasowoarfbgcmvfimaftt6twagswzczad.onion/ https://spreadprivacy.com ; object-src 'none' ; worker-src blob: ; child-src blob:  https://duck.ai https://*.duck.ai https://duckduckgo.com https://*.duckduckgo.com https://duckduckgogg42xjoc72x3sjasowoarfbgcmvfimaftt6twagswzczad.onion/ https://spreadprivacy.com ; frame-src blob:  https://duck.ai https://*.duck.ai https://duckduckgo.com https://*.duckduckgo.com https://duckduckgogg42xjoc72x3sjasowoarfbgcmvfimaftt6twagswzczad.onion/ https://spreadprivacy.com ; frame-ancestors 'self' ; base-uri 'self' ; block-all-mixed-content ;"), (b'x-frame-options', b'SAMEORIGIN'), (b'x-xss-protection', b'1;mode=block'), (b'x-content-type-options', b'nosniff'), (b'referrer-policy', b'origin'), (b'expect-ct', b'max-age=0')])
2025-12-12 01:52:41,991 - httpx - INFO - HTTP Request: POST https://html.duckduckgo.com/html/ "HTTP/2 202 Accepted"
2025-12-12 01:52:41,991 - httpcore.http2 - DEBUG - receive_response_body.started request=<Request [b'POST']> stream_id=1
2025-12-12 01:52:42,001 - rquest.util.client.connect.http - DEBUG - connected to 66.218.84.137:443
2025-12-12 01:52:42,001 - httpcore.http2 - DEBUG - receive_response_body.complete
2025-12-12 01:52:42,001 - httpcore.http2 - DEBUG - response_closed.started stream_id=1
2025-12-12 01:52:42,002 - httpcore.http2 - DEBUG - response_closed.complete
2025-12-12 01:52:42,211 - rquest.util.client.pool - DEBUG - pooling idle connection for PoolKey { uri: https://search.yahoo.com/, alpn_protos: None, network: default }
2025-12-12 01:52:42,855 - cookie_store.cookie_store - DEBUG - inserting secure cookie 'lkl'
2025-12-12 01:52:42,856 - cookie_store.cookie_store - DEBUG - inserting secure cookie 'A1'
2025-12-12 01:52:42,857 - cookie_store.cookie_store - DEBUG - inserting secure cookie 'A3'
2025-12-12 01:52:42,857 - cookie_store.cookie_store - DEBUG - inserting secure cookie 'A1S'
2025-12-12 01:52:42,857 - cookie_store.cookie_store - DEBUG - inserting secure cookie 'dflow'
2025-12-12 01:52:42,857 - primp - INFO - response: https://search.yahoo.com/search;_ylt=rsYs_RzBEv3KrY9pg9WGsswg;_ylu=ZIyyMfjQbGfhrqQ6owHoLyxGTaOyRcoJZ_UPvsVkngMVKZE?p=bitcoin 200
2025-12-12 01:52:43,485 - rquest.connect - DEBUG - starting new connection: https://yandex.com/
2025-12-12 01:52:43,486 - rquest.util.client.connect.dns - DEBUG - resolving yandex.com
2025-12-12 01:52:43,494 - rquest.util.client.connect.http - DEBUG - connecting to 77.88.44.55:443
2025-12-12 01:52:43,800 - rquest.util.client.connect.http - DEBUG - connected to 77.88.44.55:443
2025-12-12 01:52:44,110 - rquest.util.client.pool - DEBUG - pooling idle connection for PoolKey { uri: https://yandex.com/, alpn_protos: None, network: default }
2025-12-12 01:52:45,087 - cookie_store.cookie_store - DEBUG - inserting Set-Cookie 'Cookie { cookie_string: Some("is_gdpr=0; Path=/; Domain=.yandex.com; Expires=Sun, 12 Dec 2027 04:52:44 GMT"), name: Indexed(0, 7), value: Indexed(8, 9), expires: Some(DateTime(2027-12-12 4:52:44.0 +00:00:00)), max_age: None, domain: Some(Indexed(26, 37)), path: Some(Indexed(16, 17)), secure: None, http_only: None, same_site: None, partitioned: None }'
2025-12-12 01:52:45,088 - cookie_store.cookie_store - DEBUG - inserting Set-Cookie 'Cookie { cookie_string: Some("is_gdpr_b=CJ2AOhCH6AIoAg==; Path=/; Domain=.yandex.com; Expires=Sun, 12 Dec 2027 04:52:44 GMT"), name: Indexed(0, 9), value: Indexed(10, 26), expires: Some(DateTime(2027-12-12 4:52:44.0 +00:00:00)), max_age: None, domain: Some(Indexed(43, 54)), path: Some(Indexed(33, 34)), secure: None, http_only: None, same_site: None, partitioned: None }'
2025-12-12 01:52:45,089 - cookie_store.cookie_store - DEBUG - inserting secure cookie '_yasc'
2025-12-12 01:52:45,089 - cookie_store.cookie_store - DEBUG - inserting secure cookie 'i'
2025-12-12 01:52:45,089 - cookie_store.cookie_store - DEBUG - inserting secure cookie 'yandexuid'
2025-12-12 01:52:45,089 - cookie_store.cookie_store - DEBUG - inserting secure cookie 'yashr'
2025-12-12 01:52:45,089 - cookie_store.cookie_store - DEBUG - inserting Set-Cookie 'Cookie { cookie_string: Some("bh=YJy/7skGaiHcytG2Abvxn6sE+taGzAjS0ZmQB/y5r/8H3/2Lsw6mngI=; Path=/; Domain=.yandex.com; Expires=Sat, 16 Jan 2027 04:52:44 GMT"), name: Indexed(0, 2), value: Indexed(3, 59), expires: Some(DateTime(2027-01-16 4:52:44.0 +00:00:00)), max_age: None, domain: Some(Indexed(76, 87)), path: Some(Indexed(66, 67)), secure: None, http_only: None, same_site: None, partitioned: None }'
2025-12-12 01:52:45,090 - primp - INFO - response: https://yandex.com/search/site/?text=bitcoin&web=1&searchid=1432701 200
2025-12-12 01:52:45,155 - ddgs.ddgs - INFO - Error in engine mullvad_brave: ValueError('not enough values to unpack (expected 2, got 1)')
2025-12-12 01:52:45,156 - ddgs.ddgs - INFO - Error in engine mullvad_google: ValueError('not enough values to unpack (expected 2, got 1)')
2025-12-12 01:52:45,156 - UNI_v6 - INFO - DuckDuckGo: Coletados 17 resultados com sucesso
2025-12-12 01:52:45,156 - UNI_v6 - INFO - YouTube: Iniciando coleta para 'bitcoin' (limite: 20)
2025-12-12 01:52:45,157 - googleapiclient.discovery_cache - INFO - file_cache is only supported with oauth2client<4.0.0
2025-12-12 01:52:45,164 - googleapiclient.discovery - DEBUG - URL being requested: GET https://youtube.googleapis.com/youtube/v3/search?part=snippet&q=bitcoin&type=video&maxResults=20&order=viewCount&regionCode=BR&relevanceLanguage=pt&key=AIzaSyBj80B2fwVvFEMtcQU8tPV_NCNaEmQvzhc&alt=json
2025-12-12 01:52:45,638 - googleapiclient.discovery - DEBUG - URL being requested: GET https://youtube.googleapis.com/youtube/v3/videos?part=statistics%2CcontentDetails%2Csnippet%2Cstatus&id=8aYr2ueCFvs%2CtrVmDXMaj-M%2CGztiW6DOhck%2CkFgQBPtPfgc%2CqLKADDR7t0E%2Ct_eN9r6-hKQ%2CzhPqD19DjYw%2CYMIZ5mHRO4E%2CwN0OaLUYI2I%2CdQ8b4E6vX-4%2CCYyUbSHSR6M%2C3aWyRWPBLTk%2ChHQl63HuAtU%2CTGhgfrioBhU%2CD3m-7GNeP6M%2CzTbXc92cgg4%2CJNDKNWYTqNs%2CDrfU1Aa8dK4%2CpsnfySnzeRo%2Cywka38FnqqY&key=AIzaSyBj80B2fwVvFEMtcQU8tPV_NCNaEmQvzhc&alt=json
2025-12-12 01:52:45,988 - UNI_v6 - INFO - YouTube: Coletados 20 resultados com sucesso
2025-12-12 01:52:45,989 - UNI_v6 - ERROR - Erro ao coletar YouTube: name 'coletar_comentarios_youtube' is not defined
2025-12-12 01:52:45,994 - UNI_v6 - DEBUG - Traceback (most recent call last):
  File "/Users/eas/Desktop/github/emersonalmeida/emersonalmeida.github.io/project/uni/uni_v6.py", line 2816, in modo_personalizado
    comentarios = coletar_comentarios_youtube(
NameError: name 'coletar_comentarios_youtube' is not defined

2025-12-12 01:52:45,994 - UNI_v6 - INFO - YouTube: Iniciando coleta para 'bitcoin' (limite: 20)
2025-12-12 01:52:45,996 - googleapiclient.discovery_cache - INFO - file_cache is only supported with oauth2client<4.0.0
2025-12-12 01:52:46,006 - googleapiclient.discovery - DEBUG - URL being requested: GET https://youtube.googleapis.com/youtube/v3/search?part=snippet&q=bitcoin&type=video&maxResults=20&order=date&regionCode=BR&relevanceLanguage=pt&key=AIzaSyBj80B2fwVvFEMtcQU8tPV_NCNaEmQvzhc&alt=json
2025-12-12 01:52:46,311 - googleapiclient.discovery - DEBUG - URL being requested: GET https://youtube.googleapis.com/youtube/v3/videos?part=statistics%2CcontentDetails%2Csnippet%2Cstatus&id=y-Q5yrIZQYc%2CTTw8DNkHMHQ%2CAlpuLg-C0No%2CFYHRBlGoUfg%2CqedWBAAJSLU%2CTW8dmG4yyEI%2CmwfNYrXd47Y%2Cu_H9gXNc630%2CGk7N5_42oOQ%2CdgUpfAGOpGI%2CGN00YmQ8Tv8%2C5Qt4QVdYxbQ%2CbCP9EbFyeeo%2C-dHFJ25H8p0%2CI3rIx6BCtj8%2CvA59FqlbJx4%2CJWUeyIQ-cb8%2CNsX0dhmdGwk%2CvS1993w5dM0%2C2aXi4YuRiGU&key=AIzaSyBj80B2fwVvFEMtcQU8tPV_NCNaEmQvzhc&alt=json
2025-12-12 01:52:46,657 - UNI_v6 - INFO - YouTube: Coletados 20 resultados com sucesso
2025-12-12 01:52:46,657 - UNI_v6 - ERROR - Erro ao coletar YouTube: name 'coletar_comentarios_youtube' is not defined
2025-12-12 01:52:46,657 - UNI_v6 - DEBUG - Traceback (most recent call last):
  File "/Users/eas/Desktop/github/emersonalmeida/emersonalmeida.github.io/project/uni/uni_v6.py", line 2816, in modo_personalizado
    comentarios = coletar_comentarios_youtube(
NameError: name 'coletar_comentarios_youtube' is not defined

2025-12-12 01:52:46,657 - UNI_v6 - INFO - YouTube: Iniciando coleta para 'bitcoin' (limite: 20)
2025-12-12 01:52:46,658 - googleapiclient.discovery_cache - INFO - file_cache is only supported with oauth2client<4.0.0
2025-12-12 01:52:46,662 - googleapiclient.discovery - DEBUG - URL being requested: GET https://youtube.googleapis.com/youtube/v3/search?part=snippet&q=bitcoin&type=video&maxResults=20&order=relevance&regionCode=BR&relevanceLanguage=pt&key=AIzaSyBj80B2fwVvFEMtcQU8tPV_NCNaEmQvzhc&alt=json
2025-12-12 01:52:46,975 - googleapiclient.discovery - DEBUG - URL being requested: GET https://youtube.googleapis.com/youtube/v3/videos?part=statistics%2CcontentDetails%2Csnippet%2Cstatus&id=4r5G_EWUGqM%2CGqdi1B7jKsI%2CdloBqocJ39I%2CuYro8SWqirM%2CNsX0dhmdGwk%2CrH6PLR7-2ps%2CR4dVZbD1ZdI%2CHU6nJNbjpZc%2C81PC3PYSVBA%2C-dHFJ25H8p0%2CnrXsD5kJYYs%2CBWaykbR0GVo%2CEV_TftnS-dI%2CBgxhP4RA7o4%2C3yuFhsv8FXA%2CH12gMVRjIns%2CUJ15dLYUFiA%2CGN00YmQ8Tv8%2CYy4ku6dEPlI%2CeNNxW0kt_h4&key=AIzaSyBj80B2fwVvFEMtcQU8tPV_NCNaEmQvzhc&alt=json
2025-12-12 01:52:47,311 - UNI_v6 - INFO - YouTube: Coletados 20 resultados com sucesso
2025-12-12 01:52:47,312 - UNI_v6 - ERROR - Erro ao coletar YouTube: name 'coletar_comentarios_youtube' is not defined
2025-12-12 01:52:47,313 - UNI_v6 - DEBUG - Traceback (most recent call last):
  File "/Users/eas/Desktop/github/emersonalmeida/emersonalmeida.github.io/project/uni/uni_v6.py", line 2816, in modo_personalizado
    comentarios = coletar_comentarios_youtube(
NameError: name 'coletar_comentarios_youtube' is not defined

2025-12-12 01:52:47,318 - UNI_v6 - INFO - Apple App Store: Iniciando coleta para 'bitcoin' (limite: 20, tentativa 1/3)
2025-12-12 01:52:47,318 - Base - INFO - Searching for app id
2025-12-12 01:52:47,318 - Base - DEBUG - Making a GET request: https://www.google.com/search
2025-12-12 01:52:47,331 - urllib3.connectionpool - DEBUG - Starting new HTTPS connection (1): www.google.com:443
2025-12-12 01:52:47,542 - urllib3.connectionpool - DEBUG - https://www.google.com:443 "GET /search?q=app+store+bitcoin HTTP/1.1" 200 None
2025-12-12 01:52:47,573 - UNI_v6 - WARNING - Apple App Store: Tentativa 1 falhou: 'NoneType' object has no attribute 'group'
2025-12-12 01:52:49,578 - UNI_v6 - INFO - Apple App Store: Iniciando coleta para 'bitcoin' (limite: 20, tentativa 2/3)
2025-12-12 01:52:49,579 - Base - INFO - Searching for app id
2025-12-12 01:52:49,579 - Base - DEBUG - Making a GET request: https://www.google.com/search
2025-12-12 01:52:49,585 - urllib3.connectionpool - DEBUG - Starting new HTTPS connection (1): www.google.com:443
2025-12-12 01:52:49,800 - urllib3.connectionpool - DEBUG - https://www.google.com:443 "GET /search?q=app+store+bitcoin HTTP/1.1" 200 None
2025-12-12 01:52:49,848 - UNI_v6 - WARNING - Apple App Store: Tentativa 2 falhou: 'NoneType' object has no attribute 'group'
2025-12-12 01:52:51,853 - UNI_v6 - INFO - Apple App Store: Iniciando coleta para 'bitcoin' (limite: 20, tentativa 3/3)
2025-12-12 01:52:51,854 - Base - INFO - Searching for app id
2025-12-12 01:52:51,854 - Base - DEBUG - Making a GET request: https://www.google.com/search
2025-12-12 01:52:51,857 - urllib3.connectionpool - DEBUG - Starting new HTTPS connection (1): www.google.com:443
2025-12-12 01:52:52,089 - urllib3.connectionpool - DEBUG - https://www.google.com:443 "GET /search?q=app+store+bitcoin HTTP/1.1" 200 None
2025-12-12 01:52:52,125 - UNI_v6 - WARNING - Apple App Store: Tentativa 3 falhou: 'NoneType' object has no attribute 'group'
2025-12-12 01:52:52,127 - UNI_v6 - ERROR - Apple App Store: Todas as tentativas falharam
2025-12-12 01:52:52,190 - UNI_v6 - DEBUG - Traceback (most recent call last):
  File "/Users/eas/Desktop/github/emersonalmeida/emersonalmeida.github.io/project/uni/uni_v6.py", line 1676, in coletar_apple_store
    store = AppStore(country=country, app_name=term)
  File "/Users/eas/Library/Python/3.9/lib/python/site-packages/app_store_scraper/app_store.py", line 23, in __init__
    super().__init__(
  File "/Users/eas/Library/Python/3.9/lib/python/site-packages/app_store_scraper/base.py", line 47, in __init__
    app_id = self.search_id()
  File "/Users/eas/Library/Python/3.9/lib/python/site-packages/app_store_scraper/base.py", line 175, in search_id
    app_id = re.search(pattern, self._response.text).group(1)
AttributeError: 'NoneType' object has no attribute 'group'

2025-12-12 01:52:52,228 - UNI_v6 - INFO - Google Play: Iniciando coleta para 'bitcoin' (limite: 20, tentativa 1/3)
2025-12-12 01:53:00,143 - UNI_v6 - INFO - Google Play: Coletados 20 resultados com sucesso
2025-12-12 01:53:00,144 - UNI_v6 - ERROR - Google Play Reviews: Erro inesperado: OLDEST
2025-12-12 01:53:00,152 - UNI_v6 - DEBUG - Traceback (most recent call last):
  File "/Users/eas/Desktop/github/emersonalmeida/emersonalmeida.github.io/project/uni/uni_v6.py", line 1528, in coletar_reviews_google_play
    "oldest": Sort.OLDEST,
  File "/Library/Developer/CommandLineTools/Library/Frameworks/Python3.framework/Versions/3.9/lib/python3.9/enum.py", line 429, in __getattr__
    raise AttributeError(name) from None
AttributeError: OLDEST

2025-12-12 01:53:00,152 - UNI_v6 - ERROR - Google Play Reviews: Erro inesperado: OLDEST
2025-12-12 01:53:00,152 - UNI_v6 - DEBUG - Traceback (most recent call last):
  File "/Users/eas/Desktop/github/emersonalmeida/emersonalmeida.github.io/project/uni/uni_v6.py", line 1528, in coletar_reviews_google_play
    "oldest": Sort.OLDEST,
  File "/Library/Developer/CommandLineTools/Library/Frameworks/Python3.framework/Versions/3.9/lib/python3.9/enum.py", line 429, in __getattr__
    raise AttributeError(name) from None
AttributeError: OLDEST

2025-12-12 01:53:00,152 - UNI_v6 - ERROR - Google Play Reviews: Erro inesperado: OLDEST
2025-12-12 01:53:00,152 - UNI_v6 - DEBUG - Traceback (most recent call last):
  File "/Users/eas/Desktop/github/emersonalmeida/emersonalmeida.github.io/project/uni/uni_v6.py", line 1528, in coletar_reviews_google_play
    "oldest": Sort.OLDEST,
  File "/Library/Developer/CommandLineTools/Library/Frameworks/Python3.framework/Versions/3.9/lib/python3.9/enum.py", line 429, in __getattr__
    raise AttributeError(name) from None
AttributeError: OLDEST

2025-12-12 01:53:00,152 - UNI_v6 - ERROR - Google Play Reviews: Erro inesperado: OLDEST
2025-12-12 01:53:00,152 - UNI_v6 - DEBUG - Traceback (most recent call last):
  File "/Users/eas/Desktop/github/emersonalmeida/emersonalmeida.github.io/project/uni/uni_v6.py", line 1528, in coletar_reviews_google_play
    "oldest": Sort.OLDEST,
  File "/Library/Developer/CommandLineTools/Library/Frameworks/Python3.framework/Versions/3.9/lib/python3.9/enum.py", line 429, in __getattr__
    raise AttributeError(name) from None
AttributeError: OLDEST

2025-12-12 01:53:00,153 - UNI_v6 - ERROR - Google Play Reviews: Erro inesperado: OLDEST
2025-12-12 01:53:00,153 - UNI_v6 - DEBUG - Traceback (most recent call last):
  File "/Users/eas/Desktop/github/emersonalmeida/emersonalmeida.github.io/project/uni/uni_v6.py", line 1528, in coletar_reviews_google_play
    "oldest": Sort.OLDEST,
  File "/Library/Developer/CommandLineTools/Library/Frameworks/Python3.framework/Versions/3.9/lib/python3.9/enum.py", line 429, in __getattr__
    raise AttributeError(name) from None
AttributeError: OLDEST

2025-12-12 01:53:00,153 - UNI_v6 - ERROR - Google Play Reviews: Erro inesperado: OLDEST
2025-12-12 01:53:00,153 - UNI_v6 - DEBUG - Traceback (most recent call last):
  File "/Users/eas/Desktop/github/emersonalmeida/emersonalmeida.github.io/project/uni/uni_v6.py", line 1528, in coletar_reviews_google_play
    "oldest": Sort.OLDEST,
  File "/Library/Developer/CommandLineTools/Library/Frameworks/Python3.framework/Versions/3.9/lib/python3.9/enum.py", line 429, in __getattr__
    raise AttributeError(name) from None
AttributeError: OLDEST

2025-12-12 01:53:00,153 - UNI_v6 - ERROR - Google Play Reviews: Erro inesperado: OLDEST
2025-12-12 01:53:00,153 - UNI_v6 - DEBUG - Traceback (most recent call last):
  File "/Users/eas/Desktop/github/emersonalmeida/emersonalmeida.github.io/project/uni/uni_v6.py", line 1528, in coletar_reviews_google_play
    "oldest": Sort.OLDEST,
  File "/Library/Developer/CommandLineTools/Library/Frameworks/Python3.framework/Versions/3.9/lib/python3.9/enum.py", line 429, in __getattr__
    raise AttributeError(name) from None
AttributeError: OLDEST

2025-12-12 01:53:00,153 - UNI_v6 - ERROR - Google Play Reviews: Erro inesperado: OLDEST
2025-12-12 01:53:00,153 - UNI_v6 - DEBUG - Traceback (most recent call last):
  File "/Users/eas/Desktop/github/emersonalmeida/emersonalmeida.github.io/project/uni/uni_v6.py", line 1528, in coletar_reviews_google_play
    "oldest": Sort.OLDEST,
  File "/Library/Developer/CommandLineTools/Library/Frameworks/Python3.framework/Versions/3.9/lib/python3.9/enum.py", line 429, in __getattr__
    raise AttributeError(name) from None
AttributeError: OLDEST

2025-12-12 01:53:00,153 - UNI_v6 - ERROR - Google Play Reviews: Erro inesperado: OLDEST
2025-12-12 01:53:00,153 - UNI_v6 - DEBUG - Traceback (most recent call last):
  File "/Users/eas/Desktop/github/emersonalmeida/emersonalmeida.github.io/project/uni/uni_v6.py", line 1528, in coletar_reviews_google_play
    "oldest": Sort.OLDEST,
  File "/Library/Developer/CommandLineTools/Library/Frameworks/Python3.framework/Versions/3.9/lib/python3.9/enum.py", line 429, in __getattr__
    raise AttributeError(name) from None
AttributeError: OLDEST

2025-12-12 01:53:00,154 - UNI_v6 - ERROR - Google Play Reviews: Erro inesperado: OLDEST
2025-12-12 01:53:00,154 - UNI_v6 - DEBUG - Traceback (most recent call last):
  File "/Users/eas/Desktop/github/emersonalmeida/emersonalmeida.github.io/project/uni/uni_v6.py", line 1528, in coletar_reviews_google_play
    "oldest": Sort.OLDEST,
  File "/Library/Developer/CommandLineTools/Library/Frameworks/Python3.framework/Versions/3.9/lib/python3.9/enum.py", line 429, in __getattr__
    raise AttributeError(name) from None
AttributeError: OLDEST

2025-12-12 01:53:00,154 - UNI_v6 - ERROR - Google Play Reviews: Erro inesperado: OLDEST
2025-12-12 01:53:00,154 - UNI_v6 - DEBUG - Traceback (most recent call last):
  File "/Users/eas/Desktop/github/emersonalmeida/emersonalmeida.github.io/project/uni/uni_v6.py", line 1528, in coletar_reviews_google_play
    "oldest": Sort.OLDEST,
  File "/Library/Developer/CommandLineTools/Library/Frameworks/Python3.framework/Versions/3.9/lib/python3.9/enum.py", line 429, in __getattr__
    raise AttributeError(name) from None
AttributeError: OLDEST

2025-12-12 01:53:00,154 - UNI_v6 - ERROR - Google Play Reviews: Erro inesperado: OLDEST
2025-12-12 01:53:00,154 - UNI_v6 - DEBUG - Traceback (most recent call last):
  File "/Users/eas/Desktop/github/emersonalmeida/emersonalmeida.github.io/project/uni/uni_v6.py", line 1528, in coletar_reviews_google_play
    "oldest": Sort.OLDEST,
  File "/Library/Developer/CommandLineTools/Library/Frameworks/Python3.framework/Versions/3.9/lib/python3.9/enum.py", line 429, in __getattr__
    raise AttributeError(name) from None
AttributeError: OLDEST

2025-12-12 01:53:00,154 - UNI_v6 - ERROR - Google Play Reviews: Erro inesperado: OLDEST
2025-12-12 01:53:00,154 - UNI_v6 - DEBUG - Traceback (most recent call last):
  File "/Users/eas/Desktop/github/emersonalmeida/emersonalmeida.github.io/project/uni/uni_v6.py", line 1528, in coletar_reviews_google_play
    "oldest": Sort.OLDEST,
  File "/Library/Developer/CommandLineTools/Library/Frameworks/Python3.framework/Versions/3.9/lib/python3.9/enum.py", line 429, in __getattr__
    raise AttributeError(name) from None
AttributeError: OLDEST

2025-12-12 01:53:00,154 - UNI_v6 - ERROR - Google Play Reviews: Erro inesperado: OLDEST
2025-12-12 01:53:00,154 - UNI_v6 - DEBUG - Traceback (most recent call last):
  File "/Users/eas/Desktop/github/emersonalmeida/emersonalmeida.github.io/project/uni/uni_v6.py", line 1528, in coletar_reviews_google_play
    "oldest": Sort.OLDEST,
  File "/Library/Developer/CommandLineTools/Library/Frameworks/Python3.framework/Versions/3.9/lib/python3.9/enum.py", line 429, in __getattr__
    raise AttributeError(name) from None
AttributeError: OLDEST

2025-12-12 01:53:00,154 - UNI_v6 - ERROR - Google Play Reviews: Erro inesperado: OLDEST
2025-12-12 01:53:00,154 - UNI_v6 - DEBUG - Traceback (most recent call last):
  File "/Users/eas/Desktop/github/emersonalmeida/emersonalmeida.github.io/project/uni/uni_v6.py", line 1528, in coletar_reviews_google_play
    "oldest": Sort.OLDEST,
  File "/Library/Developer/CommandLineTools/Library/Frameworks/Python3.framework/Versions/3.9/lib/python3.9/enum.py", line 429, in __getattr__
    raise AttributeError(name) from None
AttributeError: OLDEST

2025-12-12 01:53:00,155 - UNI_v6 - ERROR - Google Play Reviews: Erro inesperado: OLDEST
2025-12-12 01:53:00,155 - UNI_v6 - DEBUG - Traceback (most recent call last):
  File "/Users/eas/Desktop/github/emersonalmeida/emersonalmeida.github.io/project/uni/uni_v6.py", line 1528, in coletar_reviews_google_play
    "oldest": Sort.OLDEST,
  File "/Library/Developer/CommandLineTools/Library/Frameworks/Python3.framework/Versions/3.9/lib/python3.9/enum.py", line 429, in __getattr__
    raise AttributeError(name) from None
AttributeError: OLDEST

2025-12-12 01:53:00,155 - UNI_v6 - ERROR - Google Play Reviews: Erro inesperado: OLDEST
2025-12-12 01:53:00,155 - UNI_v6 - DEBUG - Traceback (most recent call last):
  File "/Users/eas/Desktop/github/emersonalmeida/emersonalmeida.github.io/project/uni/uni_v6.py", line 1528, in coletar_reviews_google_play
    "oldest": Sort.OLDEST,
  File "/Library/Developer/CommandLineTools/Library/Frameworks/Python3.framework/Versions/3.9/lib/python3.9/enum.py", line 429, in __getattr__
    raise AttributeError(name) from None
AttributeError: OLDEST

2025-12-12 01:53:00,155 - UNI_v6 - ERROR - Google Play Reviews: Erro inesperado: OLDEST
2025-12-12 01:53:00,155 - UNI_v6 - DEBUG - Traceback (most recent call last):
  File "/Users/eas/Desktop/github/emersonalmeida/emersonalmeida.github.io/project/uni/uni_v6.py", line 1528, in coletar_reviews_google_play
    "oldest": Sort.OLDEST,
  File "/Library/Developer/CommandLineTools/Library/Frameworks/Python3.framework/Versions/3.9/lib/python3.9/enum.py", line 429, in __getattr__
    raise AttributeError(name) from None
AttributeError: OLDEST

2025-12-12 01:53:00,155 - UNI_v6 - ERROR - Google Play Reviews: Erro inesperado: OLDEST
2025-12-12 01:53:00,155 - UNI_v6 - DEBUG - Traceback (most recent call last):
  File "/Users/eas/Desktop/github/emersonalmeida/emersonalmeida.github.io/project/uni/uni_v6.py", line 1528, in coletar_reviews_google_play
    "oldest": Sort.OLDEST,
  File "/Library/Developer/CommandLineTools/Library/Frameworks/Python3.framework/Versions/3.9/lib/python3.9/enum.py", line 429, in __getattr__
    raise AttributeError(name) from None
AttributeError: OLDEST

2025-12-12 01:53:00,155 - UNI_v6 - ERROR - Google Play Reviews: Erro inesperado: OLDEST
2025-12-12 01:53:00,155 - UNI_v6 - DEBUG - Traceback (most recent call last):
  File "/Users/eas/Desktop/github/emersonalmeida/emersonalmeida.github.io/project/uni/uni_v6.py", line 1528, in coletar_reviews_google_play
    "oldest": Sort.OLDEST,
  File "/Library/Developer/CommandLineTools/Library/Frameworks/Python3.framework/Versions/3.9/lib/python3.9/enum.py", line 429, in __getattr__
    raise AttributeError(name) from None
AttributeError: OLDEST

2025-12-12 01:53:00,155 - UNI_v6 - ERROR - Google Play Reviews: Erro inesperado: OLDEST
2025-12-12 01:53:00,155 - UNI_v6 - DEBUG - Traceback (most recent call last):
  File "/Users/eas/Desktop/github/emersonalmeida/emersonalmeida.github.io/project/uni/uni_v6.py", line 1528, in coletar_reviews_google_play
    "oldest": Sort.OLDEST,
  File "/Library/Developer/CommandLineTools/Library/Frameworks/Python3.framework/Versions/3.9/lib/python3.9/enum.py", line 429, in __getattr__
    raise AttributeError(name) from None
AttributeError: OLDEST

2025-12-12 01:53:00,155 - UNI_v6 - ERROR - Google Play Reviews: Erro inesperado: OLDEST
2025-12-12 01:53:00,156 - UNI_v6 - DEBUG - Traceback (most recent call last):
  File "/Users/eas/Desktop/github/emersonalmeida/emersonalmeida.github.io/project/uni/uni_v6.py", line 1528, in coletar_reviews_google_play
    "oldest": Sort.OLDEST,
  File "/Library/Developer/CommandLineTools/Library/Frameworks/Python3.framework/Versions/3.9/lib/python3.9/enum.py", line 429, in __getattr__
    raise AttributeError(name) from None
AttributeError: OLDEST

2025-12-12 01:53:00,156 - UNI_v6 - ERROR - Google Play Reviews: Erro inesperado: OLDEST
2025-12-12 01:53:00,156 - UNI_v6 - DEBUG - Traceback (most recent call last):
  File "/Users/eas/Desktop/github/emersonalmeida/emersonalmeida.github.io/project/uni/uni_v6.py", line 1528, in coletar_reviews_google_play
    "oldest": Sort.OLDEST,
  File "/Library/Developer/CommandLineTools/Library/Frameworks/Python3.framework/Versions/3.9/lib/python3.9/enum.py", line 429, in __getattr__
    raise AttributeError(name) from None
AttributeError: OLDEST

2025-12-12 01:53:00,156 - UNI_v6 - ERROR - Google Play Reviews: Erro inesperado: OLDEST
2025-12-12 01:53:00,156 - UNI_v6 - DEBUG - Traceback (most recent call last):
  File "/Users/eas/Desktop/github/emersonalmeida/emersonalmeida.github.io/project/uni/uni_v6.py", line 1528, in coletar_reviews_google_play
    "oldest": Sort.OLDEST,
  File "/Library/Developer/CommandLineTools/Library/Frameworks/Python3.framework/Versions/3.9/lib/python3.9/enum.py", line 429, in __getattr__
    raise AttributeError(name) from None
AttributeError: OLDEST

2025-12-12 01:53:00,156 - UNI_v6 - ERROR - Google Play Reviews: Erro inesperado: OLDEST
2025-12-12 01:53:00,156 - UNI_v6 - DEBUG - Traceback (most recent call last):
  File "/Users/eas/Desktop/github/emersonalmeida/emersonalmeida.github.io/project/uni/uni_v6.py", line 1528, in coletar_reviews_google_play
    "oldest": Sort.OLDEST,
  File "/Library/Developer/CommandLineTools/Library/Frameworks/Python3.framework/Versions/3.9/lib/python3.9/enum.py", line 429, in __getattr__
    raise AttributeError(name) from None
AttributeError: OLDEST

2025-12-12 01:53:00,156 - UNI_v6 - ERROR - Google Play Reviews: Erro inesperado: OLDEST
2025-12-12 01:53:00,156 - UNI_v6 - DEBUG - Traceback (most recent call last):
  File "/Users/eas/Desktop/github/emersonalmeida/emersonalmeida.github.io/project/uni/uni_v6.py", line 1528, in coletar_reviews_google_play
    "oldest": Sort.OLDEST,
  File "/Library/Developer/CommandLineTools/Library/Frameworks/Python3.framework/Versions/3.9/lib/python3.9/enum.py", line 429, in __getattr__
    raise AttributeError(name) from None
AttributeError: OLDEST

2025-12-12 01:53:00,157 - UNI_v6 - ERROR - Google Play Reviews: Erro inesperado: OLDEST
2025-12-12 01:53:00,157 - UNI_v6 - DEBUG - Traceback (most recent call last):
  File "/Users/eas/Desktop/github/emersonalmeida/emersonalmeida.github.io/project/uni/uni_v6.py", line 1528, in coletar_reviews_google_play
    "oldest": Sort.OLDEST,
  File "/Library/Developer/CommandLineTools/Library/Frameworks/Python3.framework/Versions/3.9/lib/python3.9/enum.py", line 429, in __getattr__
    raise AttributeError(name) from None
AttributeError: OLDEST

2025-12-12 01:53:00,157 - UNI_v6 - ERROR - Google Play Reviews: Erro inesperado: OLDEST
2025-12-12 01:53:00,157 - UNI_v6 - DEBUG - Traceback (most recent call last):
  File "/Users/eas/Desktop/github/emersonalmeida/emersonalmeida.github.io/project/uni/uni_v6.py", line 1528, in coletar_reviews_google_play
    "oldest": Sort.OLDEST,
  File "/Library/Developer/CommandLineTools/Library/Frameworks/Python3.framework/Versions/3.9/lib/python3.9/enum.py", line 429, in __getattr__
    raise AttributeError(name) from None
AttributeError: OLDEST

2025-12-12 01:53:00,159 - UNI_v6 - ERROR - Google Play Reviews: Erro inesperado: OLDEST
2025-12-12 01:53:00,160 - UNI_v6 - DEBUG - Traceback (most recent call last):
  File "/Users/eas/Desktop/github/emersonalmeida/emersonalmeida.github.io/project/uni/uni_v6.py", line 1528, in coletar_reviews_google_play
    "oldest": Sort.OLDEST,
  File "/Library/Developer/CommandLineTools/Library/Frameworks/Python3.framework/Versions/3.9/lib/python3.9/enum.py", line 429, in __getattr__
    raise AttributeError(name) from None
AttributeError: OLDEST

2025-12-12 01:53:00,160 - UNI_v6 - ERROR - Google Play Reviews: Erro inesperado: OLDEST
2025-12-12 01:53:00,160 - UNI_v6 - DEBUG - Traceback (most recent call last):
  File "/Users/eas/Desktop/github/emersonalmeida/emersonalmeida.github.io/project/uni/uni_v6.py", line 1528, in coletar_reviews_google_play
    "oldest": Sort.OLDEST,
  File "/Library/Developer/CommandLineTools/Library/Frameworks/Python3.framework/Versions/3.9/lib/python3.9/enum.py", line 429, in __getattr__
    raise AttributeError(name) from None
AttributeError: OLDEST

2025-12-12 01:53:00,160 - UNI_v6 - ERROR - Google Play Reviews: Erro inesperado: OLDEST
2025-12-12 01:53:00,160 - UNI_v6 - DEBUG - Traceback (most recent call last):
  File "/Users/eas/Desktop/github/emersonalmeida/emersonalmeida.github.io/project/uni/uni_v6.py", line 1528, in coletar_reviews_google_play
    "oldest": Sort.OLDEST,
  File "/Library/Developer/CommandLineTools/Library/Frameworks/Python3.framework/Versions/3.9/lib/python3.9/enum.py", line 429, in __getattr__
    raise AttributeError(name) from None
AttributeError: OLDEST

2025-12-12 01:53:00,160 - UNI_v6 - ERROR - Google Play Reviews: Erro inesperado: OLDEST
2025-12-12 01:53:00,161 - UNI_v6 - DEBUG - Traceback (most recent call last):
  File "/Users/eas/Desktop/github/emersonalmeida/emersonalmeida.github.io/project/uni/uni_v6.py", line 1528, in coletar_reviews_google_play
    "oldest": Sort.OLDEST,
  File "/Library/Developer/CommandLineTools/Library/Frameworks/Python3.framework/Versions/3.9/lib/python3.9/enum.py", line 429, in __getattr__
    raise AttributeError(name) from None
AttributeError: OLDEST

2025-12-12 01:53:00,161 - UNI_v6 - ERROR - Google Play Reviews: Erro inesperado: OLDEST
2025-12-12 01:53:00,161 - UNI_v6 - DEBUG - Traceback (most recent call last):
  File "/Users/eas/Desktop/github/emersonalmeida/emersonalmeida.github.io/project/uni/uni_v6.py", line 1528, in coletar_reviews_google_play
    "oldest": Sort.OLDEST,
  File "/Library/Developer/CommandLineTools/Library/Frameworks/Python3.framework/Versions/3.9/lib/python3.9/enum.py", line 429, in __getattr__
    raise AttributeError(name) from None
AttributeError: OLDEST

2025-12-12 01:53:00,161 - UNI_v6 - ERROR - Google Play Reviews: Erro inesperado: OLDEST
2025-12-12 01:53:00,161 - UNI_v6 - DEBUG - Traceback (most recent call last):
  File "/Users/eas/Desktop/github/emersonalmeida/emersonalmeida.github.io/project/uni/uni_v6.py", line 1528, in coletar_reviews_google_play
    "oldest": Sort.OLDEST,
  File "/Library/Developer/CommandLineTools/Library/Frameworks/Python3.framework/Versions/3.9/lib/python3.9/enum.py", line 429, in __getattr__
    raise AttributeError(name) from None
AttributeError: OLDEST

2025-12-12 01:53:00,161 - UNI_v6 - ERROR - Google Play Reviews: Erro inesperado: OLDEST
2025-12-12 01:53:00,161 - UNI_v6 - DEBUG - Traceback (most recent call last):
  File "/Users/eas/Desktop/github/emersonalmeida/emersonalmeida.github.io/project/uni/uni_v6.py", line 1528, in coletar_reviews_google_play
    "oldest": Sort.OLDEST,
  File "/Library/Developer/CommandLineTools/Library/Frameworks/Python3.framework/Versions/3.9/lib/python3.9/enum.py", line 429, in __getattr__
    raise AttributeError(name) from None
AttributeError: OLDEST

2025-12-12 01:53:00,161 - UNI_v6 - ERROR - Google Play Reviews: Erro inesperado: OLDEST
2025-12-12 01:53:00,162 - UNI_v6 - DEBUG - Traceback (most recent call last):
  File "/Users/eas/Desktop/github/emersonalmeida/emersonalmeida.github.io/project/uni/uni_v6.py", line 1528, in coletar_reviews_google_play
    "oldest": Sort.OLDEST,
  File "/Library/Developer/CommandLineTools/Library/Frameworks/Python3.framework/Versions/3.9/lib/python3.9/enum.py", line 429, in __getattr__
    raise AttributeError(name) from None
AttributeError: OLDEST

2025-12-12 01:53:00,162 - UNI_v6 - ERROR - Google Play Reviews: Erro inesperado: OLDEST
2025-12-12 01:53:00,162 - UNI_v6 - DEBUG - Traceback (most recent call last):
  File "/Users/eas/Desktop/github/emersonalmeida/emersonalmeida.github.io/project/uni/uni_v6.py", line 1528, in coletar_reviews_google_play
    "oldest": Sort.OLDEST,
  File "/Library/Developer/CommandLineTools/Library/Frameworks/Python3.framework/Versions/3.9/lib/python3.9/enum.py", line 429, in __getattr__
    raise AttributeError(name) from None
AttributeError: OLDEST

2025-12-12 01:53:00,163 - UNI_v6 - ERROR - Google Play Reviews: Erro inesperado: OLDEST
2025-12-12 01:53:00,163 - UNI_v6 - DEBUG - Traceback (most recent call last):
  File "/Users/eas/Desktop/github/emersonalmeida/emersonalmeida.github.io/project/uni/uni_v6.py", line 1528, in coletar_reviews_google_play
    "oldest": Sort.OLDEST,
  File "/Library/Developer/CommandLineTools/Library/Frameworks/Python3.framework/Versions/3.9/lib/python3.9/enum.py", line 429, in __getattr__
    raise AttributeError(name) from None
AttributeError: OLDEST

2025-12-12 01:53:00,163 - UNI_v6 - ERROR - Google Play Reviews: Erro inesperado: OLDEST
2025-12-12 01:53:00,164 - UNI_v6 - DEBUG - Traceback (most recent call last):
  File "/Users/eas/Desktop/github/emersonalmeida/emersonalmeida.github.io/project/uni/uni_v6.py", line 1528, in coletar_reviews_google_play
    "oldest": Sort.OLDEST,
  File "/Library/Developer/CommandLineTools/Library/Frameworks/Python3.framework/Versions/3.9/lib/python3.9/enum.py", line 429, in __getattr__
    raise AttributeError(name) from None
AttributeError: OLDEST

2025-12-12 01:53:00,164 - UNI_v6 - ERROR - Google Play Reviews: Erro inesperado: OLDEST
2025-12-12 01:53:00,164 - UNI_v6 - DEBUG - Traceback (most recent call last):
  File "/Users/eas/Desktop/github/emersonalmeida/emersonalmeida.github.io/project/uni/uni_v6.py", line 1528, in coletar_reviews_google_play
    "oldest": Sort.OLDEST,
  File "/Library/Developer/CommandLineTools/Library/Frameworks/Python3.framework/Versions/3.9/lib/python3.9/enum.py", line 429, in __getattr__
    raise AttributeError(name) from None
AttributeError: OLDEST

2025-12-12 01:53:00,164 - UNI_v6 - ERROR - Google Play Reviews: Erro inesperado: OLDEST
2025-12-12 01:53:00,164 - UNI_v6 - DEBUG - Traceback (most recent call last):
  File "/Users/eas/Desktop/github/emersonalmeida/emersonalmeida.github.io/project/uni/uni_v6.py", line 1528, in coletar_reviews_google_play
    "oldest": Sort.OLDEST,
  File "/Library/Developer/CommandLineTools/Library/Frameworks/Python3.framework/Versions/3.9/lib/python3.9/enum.py", line 429, in __getattr__
    raise AttributeError(name) from None
AttributeError: OLDEST

2025-12-12 01:53:00,165 - UNI_v6 - ERROR - Google Play Reviews: Erro inesperado: OLDEST
2025-12-12 01:53:00,165 - UNI_v6 - DEBUG - Traceback (most recent call last):
  File "/Users/eas/Desktop/github/emersonalmeida/emersonalmeida.github.io/project/uni/uni_v6.py", line 1528, in coletar_reviews_google_play
    "oldest": Sort.OLDEST,
  File "/Library/Developer/CommandLineTools/Library/Frameworks/Python3.framework/Versions/3.9/lib/python3.9/enum.py", line 429, in __getattr__
    raise AttributeError(name) from None
AttributeError: OLDEST

2025-12-12 01:53:00,165 - UNI_v6 - ERROR - Google Play Reviews: Erro inesperado: OLDEST
2025-12-12 01:53:00,166 - UNI_v6 - DEBUG - Traceback (most recent call last):
  File "/Users/eas/Desktop/github/emersonalmeida/emersonalmeida.github.io/project/uni/uni_v6.py", line 1528, in coletar_reviews_google_play
    "oldest": Sort.OLDEST,
  File "/Library/Developer/CommandLineTools/Library/Frameworks/Python3.framework/Versions/3.9/lib/python3.9/enum.py", line 429, in __getattr__
    raise AttributeError(name) from None
AttributeError: OLDEST

2025-12-12 01:53:00,166 - UNI_v6 - ERROR - Google Play Reviews: Erro inesperado: OLDEST
2025-12-12 01:53:00,166 - UNI_v6 - DEBUG - Traceback (most recent call last):
  File "/Users/eas/Desktop/github/emersonalmeida/emersonalmeida.github.io/project/uni/uni_v6.py", line 1528, in coletar_reviews_google_play
    "oldest": Sort.OLDEST,
  File "/Library/Developer/CommandLineTools/Library/Frameworks/Python3.framework/Versions/3.9/lib/python3.9/enum.py", line 429, in __getattr__
    raise AttributeError(name) from None
AttributeError: OLDEST

2025-12-12 01:53:00,166 - UNI_v6 - ERROR - Google Play Reviews: Erro inesperado: OLDEST
2025-12-12 01:53:00,166 - UNI_v6 - DEBUG - Traceback (most recent call last):
  File "/Users/eas/Desktop/github/emersonalmeida/emersonalmeida.github.io/project/uni/uni_v6.py", line 1528, in coletar_reviews_google_play
    "oldest": Sort.OLDEST,
  File "/Library/Developer/CommandLineTools/Library/Frameworks/Python3.framework/Versions/3.9/lib/python3.9/enum.py", line 429, in __getattr__
    raise AttributeError(name) from None
AttributeError: OLDEST

2025-12-12 01:53:00,167 - UNI_v6 - ERROR - Google Play Reviews: Erro inesperado: OLDEST
2025-12-12 01:53:00,167 - UNI_v6 - DEBUG - Traceback (most recent call last):
  File "/Users/eas/Desktop/github/emersonalmeida/emersonalmeida.github.io/project/uni/uni_v6.py", line 1528, in coletar_reviews_google_play
    "oldest": Sort.OLDEST,
  File "/Library/Developer/CommandLineTools/Library/Frameworks/Python3.framework/Versions/3.9/lib/python3.9/enum.py", line 429, in __getattr__
    raise AttributeError(name) from None
AttributeError: OLDEST

2025-12-12 01:53:00,167 - UNI_v6 - ERROR - Google Play Reviews: Erro inesperado: OLDEST
2025-12-12 01:53:00,167 - UNI_v6 - DEBUG - Traceback (most recent call last):
  File "/Users/eas/Desktop/github/emersonalmeida/emersonalmeida.github.io/project/uni/uni_v6.py", line 1528, in coletar_reviews_google_play
    "oldest": Sort.OLDEST,
  File "/Library/Developer/CommandLineTools/Library/Frameworks/Python3.framework/Versions/3.9/lib/python3.9/enum.py", line 429, in __getattr__
    raise AttributeError(name) from None
AttributeError: OLDEST

2025-12-12 01:53:00,167 - UNI_v6 - ERROR - Google Play Reviews: Erro inesperado: OLDEST
2025-12-12 01:53:00,167 - UNI_v6 - DEBUG - Traceback (most recent call last):
  File "/Users/eas/Desktop/github/emersonalmeida/emersonalmeida.github.io/project/uni/uni_v6.py", line 1528, in coletar_reviews_google_play
    "oldest": Sort.OLDEST,
  File "/Library/Developer/CommandLineTools/Library/Frameworks/Python3.framework/Versions/3.9/lib/python3.9/enum.py", line 429, in __getattr__
    raise AttributeError(name) from None
AttributeError: OLDEST

2025-12-12 01:53:00,167 - UNI_v6 - ERROR - Google Play Reviews: Erro inesperado: OLDEST
2025-12-12 01:53:00,168 - UNI_v6 - DEBUG - Traceback (most recent call last):
  File "/Users/eas/Desktop/github/emersonalmeida/emersonalmeida.github.io/project/uni/uni_v6.py", line 1528, in coletar_reviews_google_play
    "oldest": Sort.OLDEST,
  File "/Library/Developer/CommandLineTools/Library/Frameworks/Python3.framework/Versions/3.9/lib/python3.9/enum.py", line 429, in __getattr__
    raise AttributeError(name) from None
AttributeError: OLDEST

2025-12-12 01:53:00,168 - UNI_v6 - ERROR - Google Play Reviews: Erro inesperado: OLDEST
2025-12-12 01:53:00,168 - UNI_v6 - DEBUG - Traceback (most recent call last):
  File "/Users/eas/Desktop/github/emersonalmeida/emersonalmeida.github.io/project/uni/uni_v6.py", line 1528, in coletar_reviews_google_play
    "oldest": Sort.OLDEST,
  File "/Library/Developer/CommandLineTools/Library/Frameworks/Python3.framework/Versions/3.9/lib/python3.9/enum.py", line 429, in __getattr__
    raise AttributeError(name) from None
AttributeError: OLDEST

2025-12-12 01:53:00,168 - UNI_v6 - ERROR - Google Play Reviews: Erro inesperado: OLDEST
2025-12-12 01:53:00,169 - UNI_v6 - DEBUG - Traceback (most recent call last):
  File "/Users/eas/Desktop/github/emersonalmeida/emersonalmeida.github.io/project/uni/uni_v6.py", line 1528, in coletar_reviews_google_play
    "oldest": Sort.OLDEST,
  File "/Library/Developer/CommandLineTools/Library/Frameworks/Python3.framework/Versions/3.9/lib/python3.9/enum.py", line 429, in __getattr__
    raise AttributeError(name) from None
AttributeError: OLDEST

2025-12-12 01:53:00,170 - UNI_v6 - ERROR - Google Play Reviews: Erro inesperado: OLDEST
2025-12-12 01:53:00,170 - UNI_v6 - DEBUG - Traceback (most recent call last):
  File "/Users/eas/Desktop/github/emersonalmeida/emersonalmeida.github.io/project/uni/uni_v6.py", line 1528, in coletar_reviews_google_play
    "oldest": Sort.OLDEST,
  File "/Library/Developer/CommandLineTools/Library/Frameworks/Python3.framework/Versions/3.9/lib/python3.9/enum.py", line 429, in __getattr__
    raise AttributeError(name) from None
AttributeError: OLDEST

2025-12-12 01:53:00,170 - UNI_v6 - ERROR - Google Play Reviews: Erro inesperado: OLDEST
2025-12-12 01:53:00,170 - UNI_v6 - DEBUG - Traceback (most recent call last):
  File "/Users/eas/Desktop/github/emersonalmeida/emersonalmeida.github.io/project/uni/uni_v6.py", line 1528, in coletar_reviews_google_play
    "oldest": Sort.OLDEST,
  File "/Library/Developer/CommandLineTools/Library/Frameworks/Python3.framework/Versions/3.9/lib/python3.9/enum.py", line 429, in __getattr__
    raise AttributeError(name) from None
AttributeError: OLDEST

2025-12-12 01:53:00,170 - UNI_v6 - ERROR - Google Play Reviews: Erro inesperado: OLDEST
2025-12-12 01:53:00,170 - UNI_v6 - DEBUG - Traceback (most recent call last):
  File "/Users/eas/Desktop/github/emersonalmeida/emersonalmeida.github.io/project/uni/uni_v6.py", line 1528, in coletar_reviews_google_play
    "oldest": Sort.OLDEST,
  File "/Library/Developer/CommandLineTools/Library/Frameworks/Python3.framework/Versions/3.9/lib/python3.9/enum.py", line 429, in __getattr__
    raise AttributeError(name) from None
AttributeError: OLDEST

2025-12-12 01:53:00,171 - UNI_v6 - ERROR - Google Play Reviews: Erro inesperado: OLDEST
2025-12-12 01:53:00,171 - UNI_v6 - DEBUG - Traceback (most recent call last):
  File "/Users/eas/Desktop/github/emersonalmeida/emersonalmeida.github.io/project/uni/uni_v6.py", line 1528, in coletar_reviews_google_play
    "oldest": Sort.OLDEST,
  File "/Library/Developer/CommandLineTools/Library/Frameworks/Python3.framework/Versions/3.9/lib/python3.9/enum.py", line 429, in __getattr__
    raise AttributeError(name) from None
AttributeError: OLDEST

2025-12-12 01:53:00,171 - UNI_v6 - ERROR - Google Play Reviews: Erro inesperado: OLDEST
2025-12-12 01:53:00,171 - UNI_v6 - DEBUG - Traceback (most recent call last):
  File "/Users/eas/Desktop/github/emersonalmeida/emersonalmeida.github.io/project/uni/uni_v6.py", line 1528, in coletar_reviews_google_play
    "oldest": Sort.OLDEST,
  File "/Library/Developer/CommandLineTools/Library/Frameworks/Python3.framework/Versions/3.9/lib/python3.9/enum.py", line 429, in __getattr__
    raise AttributeError(name) from None
AttributeError: OLDEST

2025-12-12 01:53:00,171 - UNI_v6 - ERROR - Google Play Reviews: Erro inesperado: OLDEST
2025-12-12 01:53:00,171 - UNI_v6 - DEBUG - Traceback (most recent call last):
  File "/Users/eas/Desktop/github/emersonalmeida/emersonalmeida.github.io/project/uni/uni_v6.py", line 1528, in coletar_reviews_google_play
    "oldest": Sort.OLDEST,
  File "/Library/Developer/CommandLineTools/Library/Frameworks/Python3.framework/Versions/3.9/lib/python3.9/enum.py", line 429, in __getattr__
    raise AttributeError(name) from None
AttributeError: OLDEST

2025-12-12 01:53:00,171 - UNI_v6 - ERROR - Google Play Reviews: Erro inesperado: OLDEST
2025-12-12 01:53:00,171 - UNI_v6 - DEBUG - Traceback (most recent call last):
  File "/Users/eas/Desktop/github/emersonalmeida/emersonalmeida.github.io/project/uni/uni_v6.py", line 1528, in coletar_reviews_google_play
    "oldest": Sort.OLDEST,
  File "/Library/Developer/CommandLineTools/Library/Frameworks/Python3.framework/Versions/3.9/lib/python3.9/enum.py", line 429, in __getattr__
    raise AttributeError(name) from None
AttributeError: OLDEST

2025-12-12 01:53:00,172 - UNI_v6 - ERROR - Google Play Reviews: Erro inesperado: OLDEST
2025-12-12 01:53:00,172 - UNI_v6 - DEBUG - Traceback (most recent call last):
  File "/Users/eas/Desktop/github/emersonalmeida/emersonalmeida.github.io/project/uni/uni_v6.py", line 1528, in coletar_reviews_google_play
    "oldest": Sort.OLDEST,
  File "/Library/Developer/CommandLineTools/Library/Frameworks/Python3.framework/Versions/3.9/lib/python3.9/enum.py", line 429, in __getattr__
    raise AttributeError(name) from None
AttributeError: OLDEST

2025-12-12 01:53:00,172 - UNI_v6 - ERROR - Google Play Reviews: Erro inesperado: OLDEST
2025-12-12 01:53:00,172 - UNI_v6 - DEBUG - Traceback (most recent call last):
  File "/Users/eas/Desktop/github/emersonalmeida/emersonalmeida.github.io/project/uni/uni_v6.py", line 1528, in coletar_reviews_google_play
    "oldest": Sort.OLDEST,
  File "/Library/Developer/CommandLineTools/Library/Frameworks/Python3.framework/Versions/3.9/lib/python3.9/enum.py", line 429, in __getattr__
    raise AttributeError(name) from None
AttributeError: OLDEST

2025-12-12 01:53:00,173 - UNI_v6 - INFO - Reddit: Iniciando coleta para 'bitcoin' (subreddit: all, limite: 10)
2025-12-12 01:53:00,179 - prawcore - DEBUG - Fetching: GET https://oauth.reddit.com/r/all/search/ at 1765515180.179429
2025-12-12 01:53:00,179 - prawcore - DEBUG - Data: None
2025-12-12 01:53:00,180 - prawcore - DEBUG - Params: {'limit': 10,
 'q': 'bitcoin',
 'raw_json': 1,
 'restrict_sr': False,
 'sort': 'relevance',
 'syntax': 'lucene',
 't': 'all'}
2025-12-12 01:53:00,191 - urllib3.connectionpool - DEBUG - Starting new HTTPS connection (1): www.reddit.com:443
2025-12-12 01:53:00,387 - urllib3.connectionpool - DEBUG - https://www.reddit.com:443 "POST /api/v1/access_token HTTP/1.1" 200 654
2025-12-12 01:53:00,392 - urllib3.connectionpool - DEBUG - Starting new HTTPS connection (1): oauth.reddit.com:443
2025-12-12 01:53:00,703 - urllib3.connectionpool - DEBUG - https://oauth.reddit.com:443 "GET /r/all/search/?q=bitcoin&restrict_sr=False&sort=relevance&syntax=lucene&t=all&limit=10&raw_json=1 HTTP/1.1" 200 8404
2025-12-12 01:53:00,706 - prawcore - DEBUG - Response: 200 (8404 bytes) (rst-419:rem-999.0:used-1 ratelimit) at 1765515180.706613
2025-12-12 01:53:00,711 - prawcore - DEBUG - Fetching: GET https://oauth.reddit.com/r/Buttcoin/about/ at 1765515180.711267
2025-12-12 01:53:00,711 - prawcore - DEBUG - Data: None
2025-12-12 01:53:00,711 - prawcore - DEBUG - Params: {'raw_json': 1}
2025-12-12 01:53:00,904 - urllib3.connectionpool - DEBUG - https://oauth.reddit.com:443 "GET /r/Buttcoin/about/?raw_json=1 HTTP/1.1" 200 3587
2025-12-12 01:53:00,906 - prawcore - DEBUG - Response: 200 (3587 bytes) (rst-419:rem-998.0:used-2 ratelimit) at 1765515180.906265
2025-12-12 01:53:00,907 - prawcore - DEBUG - Fetching: GET https://oauth.reddit.com/user/FUMoney/about/ at 1765515180.90732
2025-12-12 01:53:00,907 - prawcore - DEBUG - Data: None
2025-12-12 01:53:00,907 - prawcore - DEBUG - Params: {'raw_json': 1}
2025-12-12 01:53:01,103 - urllib3.connectionpool - DEBUG - https://oauth.reddit.com:443 "GET /user/FUMoney/about/?raw_json=1 HTTP/1.1" 200 852
2025-12-12 01:53:01,104 - prawcore - DEBUG - Response: 200 (852 bytes) (rst-418:rem-997.0:used-3 ratelimit) at 1765515181.104723
2025-12-12 01:53:01,109 - prawcore - DEBUG - Fetching: GET https://oauth.reddit.com/comments/1p2ppaz/ at 1765515181.109205
2025-12-12 01:53:01,109 - prawcore - DEBUG - Data: None
2025-12-12 01:53:01,109 - prawcore - DEBUG - Params: {'limit': 2048, 'raw_json': 1, 'sort': 'confidence'}
2025-12-12 01:53:01,727 - urllib3.connectionpool - DEBUG - https://oauth.reddit.com:443 "GET /comments/1p2ppaz/?limit=2048&sort=confidence&raw_json=1 HTTP/1.1" 200 20296
2025-12-12 01:53:01,857 - prawcore - DEBUG - Response: 200 (20296 bytes) (rst-418:rem-996.0:used-4 ratelimit) at 1765515181.857107
2025-12-12 01:53:01,875 - prawcore - DEBUG - Fetching: GET https://oauth.reddit.com/r/Bitcoin/about/ at 1765515181.8753421
2025-12-12 01:53:01,875 - prawcore - DEBUG - Data: None
2025-12-12 01:53:01,875 - prawcore - DEBUG - Params: {'raw_json': 1}
2025-12-12 01:53:02,072 - urllib3.connectionpool - DEBUG - https://oauth.reddit.com:443 "GET /r/Bitcoin/about/?raw_json=1 HTTP/1.1" 200 5252
2025-12-12 01:53:02,073 - prawcore - DEBUG - Response: 200 (5252 bytes) (rst-418:rem-995.0:used-5 ratelimit) at 1765515182.073984
2025-12-12 01:53:02,074 - prawcore - DEBUG - Fetching: GET https://oauth.reddit.com/user/Green_Candler/about/ at 1765515182.07482
2025-12-12 01:53:02,074 - prawcore - DEBUG - Data: None
2025-12-12 01:53:02,075 - prawcore - DEBUG - Params: {'raw_json': 1}
2025-12-12 01:53:02,270 - urllib3.connectionpool - DEBUG - https://oauth.reddit.com:443 "GET /user/Green_Candler/about/?raw_json=1 HTTP/1.1" 200 844
2025-12-12 01:53:02,271 - prawcore - DEBUG - Response: 200 (844 bytes) (rst-417:rem-994.0:used-6 ratelimit) at 1765515182.271874
2025-12-12 01:53:02,277 - prawcore - DEBUG - Fetching: GET https://oauth.reddit.com/r/Bitcoin/about/ at 1765515182.277011
2025-12-12 01:53:02,277 - prawcore - DEBUG - Data: None
2025-12-12 01:53:02,277 - prawcore - DEBUG - Params: {'raw_json': 1}
2025-12-12 01:53:02,474 - urllib3.connectionpool - DEBUG - https://oauth.reddit.com:443 "GET /r/Bitcoin/about/?raw_json=1 HTTP/1.1" 200 5252
2025-12-12 01:53:02,478 - prawcore - DEBUG - Response: 200 (5252 bytes) (rst-417:rem-993.0:used-7 ratelimit) at 1765515182.47806
2025-12-12 01:53:02,479 - prawcore - DEBUG - Fetching: GET https://oauth.reddit.com/user/Ashamed-Designer-174/about/ at 1765515182.479429
2025-12-12 01:53:02,479 - prawcore - DEBUG - Data: None
2025-12-12 01:53:02,479 - prawcore - DEBUG - Params: {'raw_json': 1}
2025-12-12 01:53:02,674 - urllib3.connectionpool - DEBUG - https://oauth.reddit.com:443 "GET /user/Ashamed-Designer-174/about/?raw_json=1 HTTP/1.1" 200 746
2025-12-12 01:53:02,676 - prawcore - DEBUG - Response: 200 (746 bytes) (rst-417:rem-992.0:used-8 ratelimit) at 1765515182.6767411
2025-12-12 01:53:02,681 - prawcore - DEBUG - Fetching: GET https://oauth.reddit.com/r/Bitcoin/about/ at 1765515182.681399
2025-12-12 01:53:02,681 - prawcore - DEBUG - Data: None
2025-12-12 01:53:02,681 - prawcore - DEBUG - Params: {'raw_json': 1}
2025-12-12 01:53:02,869 - urllib3.connectionpool - DEBUG - https://oauth.reddit.com:443 "GET /r/Bitcoin/about/?raw_json=1 HTTP/1.1" 200 5252
2025-12-12 01:53:02,871 - prawcore - DEBUG - Response: 200 (5252 bytes) (rst-417:rem-991.0:used-9 ratelimit) at 1765515182.8718872
2025-12-12 01:53:02,873 - prawcore - DEBUG - Fetching: GET https://oauth.reddit.com/user/I_killed_the_kraken/about/ at 1765515182.87312
2025-12-12 01:53:02,873 - prawcore - DEBUG - Data: None
2025-12-12 01:53:02,873 - prawcore - DEBUG - Params: {'raw_json': 1}
2025-12-12 01:53:03,072 - urllib3.connectionpool - DEBUG - https://oauth.reddit.com:443 "GET /user/I_killed_the_kraken/about/?raw_json=1 HTTP/1.1" 200 1012
2025-12-12 01:53:03,074 - prawcore - DEBUG - Response: 200 (1012 bytes) (rst-416:rem-990.0:used-10 ratelimit) at 1765515183.0742779
2025-12-12 01:53:03,077 - prawcore - DEBUG - Fetching: GET https://oauth.reddit.com/comments/1pf7oou/ at 1765515183.077858
2025-12-12 01:53:03,078 - prawcore - DEBUG - Data: None
2025-12-12 01:53:03,078 - prawcore - DEBUG - Params: {'limit': 2048, 'raw_json': 1, 'sort': 'confidence'}
2025-12-12 01:53:04,441 - urllib3.connectionpool - DEBUG - https://oauth.reddit.com:443 "GET /comments/1pf7oou/?limit=2048&sort=confidence&raw_json=1 HTTP/1.1" 200 50132
2025-12-12 01:53:04,537 - prawcore - DEBUG - Response: 200 (50132 bytes) (rst-416:rem-989.0:used-11 ratelimit) at 1765515184.536978
2025-12-12 01:53:04,579 - prawcore - DEBUG - Fetching: GET https://oauth.reddit.com/r/Anticonsumption/about/ at 1765515184.579212
2025-12-12 01:53:04,579 - prawcore - DEBUG - Data: None
2025-12-12 01:53:04,579 - prawcore - DEBUG - Params: {'raw_json': 1}
2025-12-12 01:53:04,778 - urllib3.connectionpool - DEBUG - https://oauth.reddit.com:443 "GET /r/Anticonsumption/about/?raw_json=1 HTTP/1.1" 200 4913
2025-12-12 01:53:04,779 - prawcore - DEBUG - Response: 200 (4913 bytes) (rst-415:rem-988.0:used-12 ratelimit) at 1765515184.779712
2025-12-12 01:53:04,780 - prawcore - DEBUG - Fetching: GET https://oauth.reddit.com/user/gnarlytabby/about/ at 1765515184.780458
2025-12-12 01:53:04,780 - prawcore - DEBUG - Data: None
2025-12-12 01:53:04,780 - prawcore - DEBUG - Params: {'raw_json': 1}
2025-12-12 01:53:04,979 - urllib3.connectionpool - DEBUG - https://oauth.reddit.com:443 "GET /user/gnarlytabby/about/?raw_json=1 HTTP/1.1" 200 773
2025-12-12 01:53:04,981 - prawcore - DEBUG - Response: 200 (773 bytes) (rst-415:rem-987.0:used-13 ratelimit) at 1765515184.981451
2025-12-12 01:53:04,985 - prawcore - DEBUG - Fetching: GET https://oauth.reddit.com/r/Bitcoin/about/ at 1765515184.985864
2025-12-12 01:53:04,986 - prawcore - DEBUG - Data: None
2025-12-12 01:53:04,986 - prawcore - DEBUG - Params: {'raw_json': 1}
2025-12-12 01:53:05,184 - urllib3.connectionpool - DEBUG - https://oauth.reddit.com:443 "GET /r/Bitcoin/about/?raw_json=1 HTTP/1.1" 200 5252
2025-12-12 01:53:05,187 - prawcore - DEBUG - Response: 200 (5252 bytes) (rst-414:rem-986.0:used-14 ratelimit) at 1765515185.187184
2025-12-12 01:53:05,188 - prawcore - DEBUG - Fetching: GET https://oauth.reddit.com/user/Realistts/about/ at 1765515185.188493
2025-12-12 01:53:05,188 - prawcore - DEBUG - Data: None
2025-12-12 01:53:05,188 - prawcore - DEBUG - Params: {'raw_json': 1}
2025-12-12 01:53:05,395 - urllib3.connectionpool - DEBUG - https://oauth.reddit.com:443 "GET /user/Realistts/about/?raw_json=1 HTTP/1.1" 404 None
2025-12-12 01:53:05,398 - prawcore - DEBUG - Response: 404 (None bytes) (rst-414:rem-985.0:used-15 ratelimit) at 1765515185.398391
2025-12-12 01:53:05,398 - UNI_v6 - ERROR - Reddit: Erro na coleta: received 404 HTTP response
2025-12-12 01:53:05,422 - UNI_v6 - DEBUG - Traceback (most recent call last):
  File "/Users/eas/Desktop/github/emersonalmeida/emersonalmeida.github.io/project/uni/uni_v6.py", line 945, in coletar_reddit
    "author_flair": getattr(post.author, 'flair_text', '') if post.author else "",
  File "/Users/eas/Library/Python/3.9/lib/python/site-packages/praw/models/reddit/base.py", line 38, in __getattr__
    self._fetch()
  File "/Users/eas/Library/Python/3.9/lib/python/site-packages/praw/models/reddit/redditor.py", line 181, in _fetch
    data = self._fetch_data()
  File "/Users/eas/Library/Python/3.9/lib/python/site-packages/praw/models/reddit/base.py", line 89, in _fetch_data
    return self._reddit.request(method="GET", params=params, path=path)
  File "/Users/eas/Library/Python/3.9/lib/python/site-packages/praw/util/deprecate_args.py", line 46, in wrapped
    return func(**dict(zip(_old_args, args)), **kwargs)
  File "/Users/eas/Library/Python/3.9/lib/python/site-packages/praw/reddit.py", line 963, in request
    return self._core.request(
  File "/Users/eas/Library/Python/3.9/lib/python/site-packages/prawcore/sessions.py", line 328, in request
    return self._request_with_retries(
  File "/Users/eas/Library/Python/3.9/lib/python/site-packages/prawcore/sessions.py", line 267, in _request_with_retries
    raise self.STATUS_EXCEPTIONS[response.status_code](response)
prawcore.exceptions.NotFound: received 404 HTTP response

2025-12-12 01:53:05,423 - UNI_v6 - INFO - Google News: Iniciando coleta para 'bitcoin' (limite: 10)
2025-12-12 01:53:05,443 - urllib3.connectionpool - DEBUG - Starting new HTTPS connection (1): gnews.io:443
2025-12-12 01:53:06,036 - urllib3.connectionpool - DEBUG - https://gnews.io:443 "GET /api/v4/search?q=bitcoin&lang=pt&country=br&max=10&apikey=91a7bc222ecfdac6c60019c4fb1ec87c&from=20 HTTP/1.1" 200 None
2025-12-12 01:53:06,038 - UNI_v6 - INFO - Google News: Coletados 10 resultados com sucesso
2025-12-12 01:53:06,039 - UNI_v6 - INFO - arXiv: Iniciando coleta para 'bitcoin' (limite: 20)
2025-12-12 01:53:06,111 - urllib3.connectionpool - DEBUG - Starting new HTTP connection (1): export.arxiv.org:80
2025-12-12 01:53:06,130 - urllib3.connectionpool - DEBUG - http://export.arxiv.org:80 "GET /api/query?search_query=all:bitcoin&start=0&max_results=20&sortBy=relevance HTTP/1.1" 301 0
2025-12-12 01:53:06,136 - urllib3.connectionpool - DEBUG - Starting new HTTPS connection (1): export.arxiv.org:443
2025-12-12 01:53:06,179 - urllib3.connectionpool - DEBUG - https://export.arxiv.org:443 "GET /api/query?search_query=all:bitcoin&start=0&max_results=20&sortBy=relevance HTTP/1.1" 200 38212
2025-12-12 01:53:06,217 - UNI_v6 - INFO - arXiv: Coletados 20 resultados com sucesso
2025-12-12 01:53:06,218 - UNI_v6 - INFO - Google Scholar: Iniciando coleta para 'bitcoin' (limite: 20, tentativa 1/3)
2025-12-12 01:53:06,239 - urllib3.connectionpool - DEBUG - Starting new HTTPS connection (1): api.semanticscholar.org:443
2025-12-12 01:53:07,410 - urllib3.connectionpool - DEBUG - https://api.semanticscholar.org:443 "GET /graph/v1/paper/search?query=bitcoin&limit=20&fields=title%2Cauthors%2Cyear%2Curl%2Cabstract%2CcitationCount%2CreferenceCount%2Cvenue%2CfieldsOfStudy%2CpublicationTypes%2CpublicationDate%2Cjournal%2CexternalIds%2CisOpenAccess%2CopenAccessPdf HTTP/1.1" 200 42010
2025-12-12 01:53:07,416 - UNI_v6 - INFO - Google Scholar: Coletados 20 resultados com sucesso
2025-12-12 01:53:07,417 - UNI_v6 - INFO - Wikipedia: Iniciando coleta para 'bitcoin' (limite: 20, lang: pt)
2025-12-12 01:53:07,430 - urllib3.connectionpool - DEBUG - Starting new HTTPS connection (1): pt.wikipedia.org:443
2025-12-12 01:53:07,761 - urllib3.connectionpool - DEBUG - https://pt.wikipedia.org:443 "GET /w/api.php?action=query&format=json&list=search&srsearch=bitcoin&srlimit=20&srnamespace=0 HTTP/1.1" 200 None
2025-12-12 01:53:07,770 - urllib3.connectionpool - DEBUG - Starting new HTTPS connection (1): pt.wikipedia.org:443
2025-12-12 01:53:08,103 - urllib3.connectionpool - DEBUG - https://pt.wikipedia.org:443 "GET /api/rest_v1/page/summary/Bitcoin HTTP/1.1" 200 633
2025-12-12 01:53:08,111 - urllib3.connectionpool - DEBUG - Starting new HTTPS connection (1): pt.wikipedia.org:443
2025-12-12 01:53:08,218 - urllib3.connectionpool - DEBUG - https://pt.wikipedia.org:443 "GET /api/rest_v1/page/summary/Satoshi_Nakamoto HTTP/1.1" 200 996
2025-12-12 01:53:08,224 - urllib3.connectionpool - DEBUG - Starting new HTTPS connection (1): pt.wikipedia.org:443
2025-12-12 01:53:08,333 - urllib3.connectionpool - DEBUG - https://pt.wikipedia.org:443 "GET /api/rest_v1/page/summary/Mercado_Bitcoin HTTP/1.1" 200 779
2025-12-12 01:53:08,337 - urllib3.connectionpool - DEBUG - Starting new HTTPS connection (1): pt.wikipedia.org:443
2025-12-12 01:53:08,442 - urllib3.connectionpool - DEBUG - https://pt.wikipedia.org:443 "GET /api/rest_v1/page/summary/Minera%C3%A7%C3%A3o_de_Bitcoin HTTP/1.1" 200 795
2025-12-12 01:53:08,449 - urllib3.connectionpool - DEBUG - Starting new HTTPS connection (1): pt.wikipedia.org:443
2025-12-12 01:53:08,552 - urllib3.connectionpool - DEBUG - https://pt.wikipedia.org:443 "GET /api/rest_v1/page/summary/Litecoin HTTP/1.1" 200 723
2025-12-12 01:53:08,560 - urllib3.connectionpool - DEBUG - Starting new HTTPS connection (1): pt.wikipedia.org:443
2025-12-12 01:53:08,665 - urllib3.connectionpool - DEBUG - https://pt.wikipedia.org:443 "GET /api/rest_v1/page/summary/Monero HTTP/1.1" 200 656
2025-12-12 01:53:08,673 - urllib3.connectionpool - DEBUG - Starting new HTTPS connection (1): pt.wikipedia.org:443
2025-12-12 01:53:08,780 - urllib3.connectionpool - DEBUG - https://pt.wikipedia.org:443 "GET /api/rest_v1/page/summary/Hal_Finney HTTP/1.1" 200 775
2025-12-12 01:53:08,787 - urllib3.connectionpool - DEBUG - Starting new HTTPS connection (1): pt.wikipedia.org:443
2025-12-12 01:53:08,895 - urllib3.connectionpool - DEBUG - https://pt.wikipedia.org:443 "GET /api/rest_v1/page/summary/Vitalik_Buterin HTTP/1.1" 200 631
2025-12-12 01:53:08,904 - urllib3.connectionpool - DEBUG - Starting new HTTPS connection (1): pt.wikipedia.org:443
2025-12-12 01:53:09,013 - urllib3.connectionpool - DEBUG - https://pt.wikipedia.org:443 "GET /api/rest_v1/page/summary/El_Salvador HTTP/1.1" 200 903
2025-12-12 01:53:09,021 - urllib3.connectionpool - DEBUG - Starting new HTTPS connection (1): pt.wikipedia.org:443
2025-12-12 01:53:09,131 - urllib3.connectionpool - DEBUG - https://pt.wikipedia.org:443 "GET /api/rest_v1/page/summary/Criptomoeda HTTP/1.1" 200 946
2025-12-12 01:53:09,138 - urllib3.connectionpool - DEBUG - Starting new HTTPS connection (1): pt.wikipedia.org:443
2025-12-12 01:53:09,392 - urllib3.connectionpool - DEBUG - https://pt.wikipedia.org:443 "GET /api/rest_v1/page/summary/Lista_de_criptomoedas HTTP/1.1" 200 713
2025-12-12 01:53:09,399 - urllib3.connectionpool - DEBUG - Starting new HTTPS connection (1): pt.wikipedia.org:443
2025-12-12 01:53:09,507 - urllib3.connectionpool - DEBUG - https://pt.wikipedia.org:443 "GET /api/rest_v1/page/summary/Lista_de_portas_dos_protocolos_TCP_e_UDP HTTP/1.1" 200 824
2025-12-12 01:53:09,515 - urllib3.connectionpool - DEBUG - Starting new HTTPS connection (1): pt.wikipedia.org:443
2025-12-12 01:53:09,619 - urllib3.connectionpool - DEBUG - https://pt.wikipedia.org:443 "GET /api/rest_v1/page/summary/Blockchain HTTP/1.1" 200 1002
2025-12-12 01:53:09,627 - urllib3.connectionpool - DEBUG - Starting new HTTPS connection (1): pt.wikipedia.org:443
2025-12-12 01:53:09,732 - urllib3.connectionpool - DEBUG - https://pt.wikipedia.org:443 "GET /api/rest_v1/page/summary/Tether_(criptomoeda) HTTP/1.1" 200 683
2025-12-12 01:53:09,739 - urllib3.connectionpool - DEBUG - Starting new HTTPS connection (1): pt.wikipedia.org:443
2025-12-12 01:53:09,848 - urllib3.connectionpool - DEBUG - https://pt.wikipedia.org:443 "GET /api/rest_v1/page/summary/Bitcoin_Cash HTTP/1.1" 200 1160
2025-12-12 01:53:09,854 - urllib3.connectionpool - DEBUG - Starting new HTTPS connection (1): pt.wikipedia.org:443
2025-12-12 01:53:09,964 - urllib3.connectionpool - DEBUG - https://pt.wikipedia.org:443 "GET /api/rest_v1/page/summary/Reserva_estrat%C3%A9gica_de_bitcoin HTTP/1.1" 200 663
2025-12-12 01:53:09,972 - urllib3.connectionpool - DEBUG - Starting new HTTPS connection (1): pt.wikipedia.org:443
2025-12-12 01:53:10,225 - urllib3.connectionpool - DEBUG - https://pt.wikipedia.org:443 "GET /api/rest_v1/page/summary/Fazendas_de_Bitcoin HTTP/1.1" 200 732
2025-12-12 01:53:10,234 - urllib3.connectionpool - DEBUG - Starting new HTTPS connection (1): pt.wikipedia.org:443
2025-12-12 01:53:10,343 - urllib3.connectionpool - DEBUG - https://pt.wikipedia.org:443 "GET /api/rest_v1/page/summary/Nayib_Bukele HTTP/1.1" 200 747
2025-12-12 01:53:10,350 - urllib3.connectionpool - DEBUG - Starting new HTTPS connection (1): pt.wikipedia.org:443
2025-12-12 01:53:10,460 - urllib3.connectionpool - DEBUG - https://pt.wikipedia.org:443 "GET /api/rest_v1/page/summary/Nick_Szabo HTTP/1.1" 200 776
2025-12-12 01:53:10,470 - urllib3.connectionpool - DEBUG - Starting new HTTPS connection (1): pt.wikipedia.org:443
2025-12-12 01:53:10,577 - urllib3.connectionpool - DEBUG - https://pt.wikipedia.org:443 "GET /api/rest_v1/page/summary/Kraken_(empresa) HTTP/1.1" 200 579
2025-12-12 01:53:10,581 - UNI_v6 - INFO - Wikipedia: Coletados 20 resultados com sucesso
2025-12-12 01:53:10,593 - urllib3.connectionpool - DEBUG - Starting new HTTPS connection (1): api.github.com:443
2025-12-12 01:53:11,184 - urllib3.connectionpool - DEBUG - https://api.github.com:443 "GET /search/repositories?q=bitcoin&sort=stars&order=desc&per_page=20 HTTP/1.1" 200 None
2025-12-12 01:53:11,203 - UNI_v6 - INFO - GitHub: Coletados 20 resultados com sucesso
2025-12-12 01:53:11,203 - UNI_v6 - INFO - Hacker News: Iniciando coleta para 'bitcoin' (limite: 20)
2025-12-12 01:53:11,388 - urllib3.connectionpool - DEBUG - Starting new HTTPS connection (1): hn.algolia.com:443
2025-12-12 01:53:11,767 - urllib3.connectionpool - DEBUG - https://hn.algolia.com:443 "GET /api/v1/search?query=bitcoin&tags=story&hitsPerPage=20&numericFilters= HTTP/1.1" 200 28469
2025-12-12 01:53:11,789 - UNI_v6 - INFO - Hacker News: Coletados 20 resultados com sucesso
2025-12-12 01:53:11,790 - UNI_v6 - INFO - : JSON salvo em metadados_coleta.json
2025-12-12 01:53:11,790 - UNI_v6 - INFO - SERP-Google: 20/20 itens válidos após validação
2025-12-12 01:53:11,802 - UNI_v6 - INFO - SERP-Google: Salvo 20 registros com 19 colunas em serp_google.csv (18.6 KB)
2025-12-12 01:53:11,803 - UNI_v6 - INFO - SERP-Bing: 10/10 itens válidos após validação
2025-12-12 01:53:11,807 - UNI_v6 - INFO - SERP-Bing: Salvo 10 registros com 13 colunas em serp_bing.csv (3.5 KB)
2025-12-12 01:53:11,808 - UNI_v6 - INFO - SERP-Brave: 20/20 itens válidos após validação
2025-12-12 01:53:11,809 - UNI_v6 - INFO - SERP-Brave: Salvo 20 registros com 13 colunas em serp_brave.csv (7.7 KB)
2025-12-12 01:53:11,809 - UNI_v6 - INFO - SERP-Duckduckgo: 17/17 itens válidos após validação
2025-12-12 01:53:11,811 - UNI_v6 - INFO - SERP-Duckduckgo: Salvo 17 registros com 8 colunas em serp_duckduckgo.csv (6.0 KB)
2025-12-12 01:53:11,811 - UNI_v6 - INFO - YouTube-viewCount: 20/20 itens válidos após validação
2025-12-12 01:53:11,814 - UNI_v6 - INFO - YouTube-viewCount: Salvo 20 registros com 30 colunas em youtube_viewcount.csv (15.4 KB)
2025-12-12 01:53:11,814 - UNI_v6 - INFO - YouTube-date: 20/20 itens válidos após validação
2025-12-12 01:53:11,817 - UNI_v6 - INFO - YouTube-date: Salvo 20 registros com 30 colunas em youtube_date.csv (41.0 KB)
2025-12-12 01:53:11,817 - UNI_v6 - INFO - YouTube-relevance: 20/20 itens válidos após validação
2025-12-12 01:53:11,820 - UNI_v6 - INFO - YouTube-relevance: Salvo 20 registros com 30 colunas em youtube_relevance.csv (38.9 KB)
2025-12-12 01:53:11,820 - UNI_v6 - INFO - AppStore-Google Play: 20/20 itens válidos após validação
2025-12-12 01:53:11,823 - UNI_v6 - INFO - AppStore-Google Play: Salvo 20 registros com 28 colunas em appstore_google_play.csv (80.9 KB)
2025-12-12 01:53:11,823 - UNI_v6 - INFO - Reddit: 5/5 itens válidos após validação
2025-12-12 01:53:11,825 - UNI_v6 - INFO - Reddit: Salvo 5 registros com 37 colunas em reddit.csv (8.0 KB)
2025-12-12 01:53:11,825 - UNI_v6 - INFO - Google News: 10/10 itens válidos após validação
2025-12-12 01:53:11,826 - UNI_v6 - INFO - Google News: Salvo 10 registros com 13 colunas em google_news.csv (8.4 KB)
2025-12-12 01:53:11,826 - UNI_v6 - INFO - arXiv: 20/20 itens válidos após validação
2025-12-12 01:53:11,828 - UNI_v6 - INFO - arXiv: Salvo 20 registros com 18 colunas em arxiv.csv (27.2 KB)
2025-12-12 01:53:11,829 - UNI_v6 - INFO - Google Scholar: 20/20 itens válidos após validação
2025-12-12 01:53:11,831 - UNI_v6 - INFO - Google Scholar: Salvo 20 registros com 20 colunas em google_scholar.csv (28.9 KB)
2025-12-12 01:53:11,831 - UNI_v6 - INFO - Wikipedia: 20/20 itens válidos após validação
2025-12-12 01:53:11,833 - UNI_v6 - INFO - Wikipedia: Salvo 20 registros com 24 colunas em wikipedia.csv (29.8 KB)
2025-12-12 01:53:11,833 - UNI_v6 - INFO - GitHub: 20/20 itens válidos após validação
2025-12-12 01:53:11,835 - UNI_v6 - INFO - GitHub: Salvo 20 registros com 38 colunas em github.csv (13.9 KB)
2025-12-12 01:53:11,835 - UNI_v6 - INFO - Hacker News: 20/20 itens válidos após validação
2025-12-12 01:53:11,836 - UNI_v6 - INFO - Hacker News: Salvo 20 registros com 18 colunas em hacker_news.csv (4.2 KB)
2025-12-12 01:53:11,836 - UNI_v6 - INFO - Iniciando criação da base de dados consolidada...
2025-12-12 01:53:11,869 - UNI_v6 - INFO - Base de dados consolidada salva: 262 registros, 198 colunas, 398.0 KB
2025-12-12 01:53:11,871 - UNI_v6 - WARNING - Não foi possível salvar Excel: No module named 'openpyxl'
2025-12-12 01:53:11,872 - UNI_v6 - INFO - Resumo: JSON salvo em resumo_estatistico_bitcoin_20251212_015311.json
2025-12-12 01:53:11,879 - UNI_v6 - INFO - : JSON salvo em resultados_completos.json
2025-12-12 02:09:03,242 - UNI_v6 - INFO - Aplicação interrompida pelo usuário
2025-12-12 12:22:24,286 - UNI_v6 - INFO - Aplicação interrompida pelo usuário
2025-12-12 12:27:13,762 - UNI_v6 - INFO - Aplicação interrompida pelo usuário
