2025-12-12 03:30:53,285 - UNI_v7.2 - INFO - Google Suggest: Iniciando coleta para 'BITCOIN' (limite: 15)
2025-12-12 03:30:53,397 - urllib3.connectionpool - DEBUG - Starting new HTTPS connection (1): suggestqueries.google.com:443
2025-12-12 03:30:53,616 - urllib3.connectionpool - DEBUG - https://suggestqueries.google.com:443 "GET /complete/search?q=BITCOIN&gl=br&client=chrome&hl=pt HTTP/1.1" 200 None
2025-12-12 03:30:53,621 - UNI_v7.2 - INFO - Google Suggest: Coletados 15 resultados com sucesso
2025-12-12 03:30:53,621 - UNI_v7.2 - INFO - Google Suggest: Iniciando coleta para 'BITCOIN' (limite: 15)
2025-12-12 03:30:53,732 - urllib3.connectionpool - DEBUG - https://suggestqueries.google.com:443 "GET /complete/search?q=BITCOIN&gl=br&client=chrome&hl=pt HTTP/1.1" 200 None
2025-12-12 03:30:53,733 - UNI_v7.2 - INFO - Google Suggest: Coletados 15 resultados com sucesso
2025-12-12 03:30:53,733 - UNI_v7.2 - INFO - Google Suggest: Iniciando coleta para 'BITCOIN' (limite: 15)
2025-12-12 03:30:53,831 - urllib3.connectionpool - DEBUG - https://suggestqueries.google.com:443 "GET /complete/search?q=BITCOIN&gl=br&client=chrome&hl=pt HTTP/1.1" 200 None
2025-12-12 03:30:53,832 - UNI_v7.2 - INFO - Google Suggest: Coletados 0 resultados com sucesso
2025-12-12 03:30:53,832 - UNI_v7.2 - INFO - Google Suggest: Iniciando coleta para 'BITCOIN' (limite: 15)
2025-12-12 03:30:53,933 - urllib3.connectionpool - DEBUG - https://suggestqueries.google.com:443 "GET /complete/search?q=BITCOIN&gl=br&client=chrome&hl=pt HTTP/1.1" 200 None
2025-12-12 03:30:53,934 - UNI_v7.2 - INFO - Google Suggest: Coletados 0 resultados com sucesso
2025-12-12 03:30:53,934 - UNI_v7.2 - INFO - Google Suggest: Iniciando coleta para 'BITCOIN' (limite: 15)
2025-12-12 03:30:54,031 - urllib3.connectionpool - DEBUG - https://suggestqueries.google.com:443 "GET /complete/search?q=BITCOIN&gl=br&client=chrome&hl=pt&ds=yt HTTP/1.1" 200 301
2025-12-12 03:30:54,034 - UNI_v7.2 - INFO - Google Suggest: Coletados 15 resultados com sucesso
2025-12-12 03:30:54,035 - UNI_v7.2 - INFO - Google Suggest: Iniciando coleta para 'BITCOIN' (limite: 15)
2025-12-12 03:30:54,134 - urllib3.connectionpool - DEBUG - https://suggestqueries.google.com:443 "GET /complete/search?q=BITCOIN&gl=br&client=chrome&hl=pt&ds=yt HTTP/1.1" 200 301
2025-12-12 03:30:54,135 - UNI_v7.2 - INFO - Google Suggest: Coletados 15 resultados com sucesso
2025-12-12 03:30:54,135 - UNI_v7.2 - INFO - Google Suggest: Iniciando coleta para 'BITCOIN' (limite: 15)
2025-12-12 03:30:54,235 - urllib3.connectionpool - DEBUG - https://suggestqueries.google.com:443 "GET /complete/search?q=BITCOIN&gl=br&client=chrome&hl=pt&ds=yt HTTP/1.1" 200 301
2025-12-12 03:30:54,235 - UNI_v7.2 - INFO - Google Suggest: Coletados 0 resultados com sucesso
2025-12-12 03:30:54,235 - UNI_v7.2 - INFO - Google Suggest: Iniciando coleta para 'BITCOIN' (limite: 15)
2025-12-12 03:30:54,336 - urllib3.connectionpool - DEBUG - https://suggestqueries.google.com:443 "GET /complete/search?q=BITCOIN&gl=br&client=chrome&hl=pt&ds=yt HTTP/1.1" 200 301
2025-12-12 03:30:54,336 - UNI_v7.2 - INFO - Google Suggest: Coletados 0 resultados com sucesso
2025-12-12 03:30:54,337 - UNI_v7.2 - INFO - Google: Iniciando coleta para 'BITCOIN' (limite: 20, tentativa 1/3)
2025-12-12 03:30:54,337 - UNI_v7.2 - INFO - Bing: Iniciando coleta para 'BITCOIN' (limite: 20, tentativa 1/3)
2025-12-12 03:30:54,338 - UNI_v7.2 - INFO - Brave: Iniciando coleta para 'BITCOIN' (limite: 20, tentativa 1/3)
2025-12-12 03:30:54,338 - UNI_v7.2 - INFO - DuckDuckGo: Iniciando coleta para 'BITCOIN' (limite: 20, tentativa 1/3)
2025-12-12 03:30:54,341 - googleapiclient.discovery_cache - INFO - file_cache is only supported with oauth2client<4.0.0
2025-12-12 03:30:54,344 - googleapiclient.discovery - DEBUG - URL being requested: GET https://customsearch.googleapis.com/customsearch/v1?q=BITCOIN&cx=f07ccd3b922d6437b&gl=br&lr=lang_pt&start=1&num=10&safe=off&key=AIzaSyBj80B2fwVvFEMtcQU8tPV_NCNaEmQvzhc&alt=json
2025-12-12 03:30:54,362 - urllib3.connectionpool - DEBUG - Starting new HTTPS connection (1): serpapi.com:443
2025-12-12 03:30:54,362 - urllib3.connectionpool - DEBUG - Starting new HTTPS connection (1): api.search.brave.com:443
2025-12-12 03:30:54,527 - primp.utils - DEBUG - Loaded CA certs
2025-12-12 03:30:54,530 - primp.utils - DEBUG - Loaded CA certs
2025-12-12 03:30:54,531 - primp.utils - DEBUG - Loaded CA certs
2025-12-12 03:30:54,531 - primp.utils - DEBUG - Loaded CA certs
2025-12-12 03:30:54,531 - primp.utils - DEBUG - Loaded CA certs
2025-12-12 03:30:54,539 - primp.utils - DEBUG - Loaded CA certs
2025-12-12 03:30:54,539 - primp.utils - DEBUG - Loaded CA certs
2025-12-12 03:30:54,539 - primp.utils - DEBUG - Loaded CA certs
2025-12-12 03:30:54,540 - ddgs.ddgs - INFO - Error in engine wikipedia: ValueError('not enough values to unpack (expected 2, got 1)')
2025-12-12 03:30:54,540 - ddgs.ddgs - INFO - Error in engine bing: ValueError('not enough values to unpack (expected 2, got 1)')
2025-12-12 03:30:54,540 - ddgs.ddgs - INFO - Error in engine mojeek: ValueError('not enough values to unpack (expected 2, got 1)')
2025-12-12 03:30:54,541 - ddgs.ddgs - INFO - Error in engine brave: ValueError('not enough values to unpack (expected 2, got 1)')
2025-12-12 03:30:54,544 - rquest.connect - DEBUG - starting new connection: https://yandex.com/
2025-12-12 03:30:54,545 - rquest.util.client.connect.dns - DEBUG - resolving yandex.com
2025-12-12 03:30:54,553 - rquest.util.client.connect.http - DEBUG - connecting to 77.88.44.55:443
2025-12-12 03:30:54,778 - UNI_v7.2 - WARNING - Google: Tentativa 1 falhou (HTTP 429): <HttpError 429 when requesting https://customsearch.googleapis.com/customsearch/v1?q=BITCOIN&cx=f07c
2025-12-12 03:30:54,823 - rquest.util.client.connect.http - DEBUG - connected to 77.88.44.55:443
2025-12-12 03:30:55,151 - rquest.util.client.pool - DEBUG - pooling idle connection for PoolKey { uri: https://yandex.com/, alpn_protos: None, network: default }
2025-12-12 03:30:55,672 - urllib3.connectionpool - DEBUG - https://api.search.brave.com:443 "GET /res/v1/web/search?q=BITCOIN&count=20&offset=0&country=br&safesearch=off HTTP/1.1" 200 None
2025-12-12 03:30:55,715 - UNI_v7.2 - INFO - Brave: Coletados 20 resultados com sucesso
2025-12-12 03:30:56,034 - cookie_store.cookie_store - DEBUG - inserting secure cookie 'is_gdpr'
2025-12-12 03:30:56,035 - cookie_store.cookie_store - DEBUG - inserting secure cookie 'is_gdpr_b'
2025-12-12 03:30:56,035 - cookie_store.cookie_store - DEBUG - inserting secure cookie '_yasc'
2025-12-12 03:30:56,035 - cookie_store.cookie_store - DEBUG - inserting secure cookie 'i'
2025-12-12 03:30:56,035 - cookie_store.cookie_store - DEBUG - inserting secure cookie 'yandexuid'
2025-12-12 03:30:56,035 - cookie_store.cookie_store - DEBUG - inserting secure cookie 'yashr'
2025-12-12 03:30:56,036 - cookie_store.cookie_store - DEBUG - inserting secure cookie 'bh'
2025-12-12 03:30:56,036 - primp - INFO - response: https://yandex.com/search/site/?text=BITCOIN&web=1&searchid=2097220 200
2025-12-12 03:30:56,104 - httpcore.connection - DEBUG - connect_tcp.started host='html.duckduckgo.com' port=443 local_address=None timeout=5 socket_options=None
2025-12-12 03:30:56,143 - httpcore.connection - DEBUG - connect_tcp.complete return_value=<httpcore._backends.sync.SyncStream object at 0x10fc83910>
2025-12-12 03:30:56,143 - httpcore.connection - DEBUG - start_tls.started ssl_context=<ssl.SSLContext object at 0x10fbcaa50> server_hostname='html.duckduckgo.com' timeout=5
2025-12-12 03:30:56,180 - httpcore.connection - DEBUG - start_tls.complete return_value=<httpcore._backends.sync.SyncStream object at 0x10fc838e0>
2025-12-12 03:30:56,181 - httpcore.http2 - DEBUG - send_connection_init.started request=<Request [b'POST']>
2025-12-12 03:30:56,182 - httpcore.http2 - DEBUG - send_connection_init.complete
2025-12-12 03:30:56,183 - httpcore.http2 - DEBUG - send_request_headers.started request=<Request [b'POST']> stream_id=1
2025-12-12 03:30:56,183 - hpack.hpack - DEBUG - Adding (b':method', b'POST') to the header table, sensitive:False, huffman:True
2025-12-12 03:30:56,183 - hpack.hpack - DEBUG - Encoding 3 with 7 bits
2025-12-12 03:30:56,183 - hpack.hpack - DEBUG - Adding (b':authority', b'html.duckduckgo.com') to the header table, sensitive:False, huffman:True
2025-12-12 03:30:56,183 - hpack.hpack - DEBUG - Encoding 1 with 6 bits
2025-12-12 03:30:56,183 - hpack.hpack - DEBUG - Encoding 14 with 7 bits
2025-12-12 03:30:56,183 - hpack.hpack - DEBUG - Adding (b':scheme', b'https') to the header table, sensitive:False, huffman:True
2025-12-12 03:30:56,183 - hpack.hpack - DEBUG - Encoding 7 with 7 bits
2025-12-12 03:30:56,183 - hpack.hpack - DEBUG - Adding (b':path', b'/html/') to the header table, sensitive:False, huffman:True
2025-12-12 03:30:56,183 - hpack.hpack - DEBUG - Encoding 4 with 6 bits
2025-12-12 03:30:56,183 - hpack.hpack - DEBUG - Encoding 5 with 7 bits
2025-12-12 03:30:56,183 - hpack.hpack - DEBUG - Adding (b'accept', b'*/*') to the header table, sensitive:False, huffman:True
2025-12-12 03:30:56,183 - hpack.hpack - DEBUG - Encoding 19 with 6 bits
2025-12-12 03:30:56,184 - hpack.hpack - DEBUG - Encoding 3 with 7 bits
2025-12-12 03:30:56,184 - hpack.hpack - DEBUG - Adding (b'accept-encoding', b'gzip, deflate, br') to the header table, sensitive:False, huffman:True
2025-12-12 03:30:56,184 - hpack.hpack - DEBUG - Encoding 16 with 6 bits
2025-12-12 03:30:56,184 - hpack.hpack - DEBUG - Encoding 13 with 7 bits
2025-12-12 03:30:56,184 - hpack.hpack - DEBUG - Adding (b'user-agent', b'python-httpx/0.28.1') to the header table, sensitive:False, huffman:True
2025-12-12 03:30:56,184 - hpack.hpack - DEBUG - Encoding 58 with 6 bits
2025-12-12 03:30:56,184 - hpack.hpack - DEBUG - Encoding 14 with 7 bits
2025-12-12 03:30:56,184 - hpack.hpack - DEBUG - Adding (b'content-length', b'17') to the header table, sensitive:False, huffman:True
2025-12-12 03:30:56,184 - hpack.hpack - DEBUG - Encoding 28 with 6 bits
2025-12-12 03:30:56,184 - hpack.hpack - DEBUG - Encoding 2 with 7 bits
2025-12-12 03:30:56,184 - hpack.hpack - DEBUG - Adding (b'content-type', b'application/x-www-form-urlencoded') to the header table, sensitive:False, huffman:True
2025-12-12 03:30:56,184 - hpack.hpack - DEBUG - Encoding 31 with 6 bits
2025-12-12 03:30:56,184 - hpack.hpack - DEBUG - Encoding 24 with 7 bits
2025-12-12 03:30:56,184 - hpack.hpack - DEBUG - Encoded header block to b"\x83A\x8e\x9d4\xd0\xbc\x96\x93\xac\x96\x93\xac\xc7\\\x87\xa7\x87D\x85bt\xd3C\x1fS\x83\xf9c\xe7P\x8d\x9b\xd9\xab\xfaRB\xcb@\xd2_\xa5#\xb3z\x8e\xaf\xd2g=KN\x94\xd7\xe5\x80.'\x97\x0f\\\x82\x0b\xbf_\x98\x1du\xd0b\r&=Ly[\xc7\x8f\x0bJ{)Z\xdb(-D<\x85\x93"
2025-12-12 03:30:56,186 - httpcore.http2 - DEBUG - send_request_headers.complete
2025-12-12 03:30:56,186 - httpcore.http2 - DEBUG - send_request_body.started request=<Request [b'POST']> stream_id=1
2025-12-12 03:30:56,186 - httpcore.http2 - DEBUG - send_request_body.complete
2025-12-12 03:30:56,187 - httpcore.http2 - DEBUG - receive_response_headers.started request=<Request [b'POST']> stream_id=1
2025-12-12 03:30:56,187 - httpcore.http2 - DEBUG - receive_remote_settings.started
2025-12-12 03:30:56,188 - httpcore.http2 - DEBUG - receive_remote_settings.complete return_value=<RemoteSettingsChanged changed_settings:{ChangedSetting(setting=SettingCodes.MAX_CONCURRENT_STREAMS, original_value=None, new_value=100), ChangedSetting(setting=SettingCodes.INITIAL_WINDOW_SIZE, original_value=65535, new_value=65536), ChangedSetting(setting=SettingCodes.MAX_FRAME_SIZE, original_value=16384, new_value=16777215)}>
2025-12-12 03:30:56,233 - hpack.hpack - DEBUG - Decoding b' H\x03202v\x84\xaacU\xe7a\x96\xc3a\xbe\x94\x08\x94\xbeR( \t\xb5\x00\xe5\xc6Aq\xb7\x14\xc5\xa3\x7f_\x92I|\xa5\x89\xd3M\x1fj\x12q\xd8\x82\xa6\x0e\x1b\xf0\xac\xf7\x00\x8aAl\xee[\x16I\xa95S\x7f\x9eI\xd2:>\xe4\xb6\xc8\x04\xef\xdc\x85A \xfen\x8c\x9dKT\x8ao:GB\x9f\xfb\xab\xff\x9f\xcf\x00\x04vary\x85\xd5a\xa65_\x00\x91Bl1\x12\xb2l\x1dH\xac\xf6%d\x14\x96\xd8d\xfa\x8c\xa4~V\x1c\xc5\x81\x90\xb6\xcb\x80\x00?\x00\x89\xf2\xb5\x87\x8c\xe9B\xc9\x1c\xdf\x85\xa8\xe6\xaaB\xf9\x00\x8d\xac\xb6Rd \xc7\xa9\x0bVz\x0cO_\x8e5I-\x85BV!\xe7=\x89\x83\xfa\xfe\xff\x00\x90!\xeaIjJ\xc8)-\xb0\xc9\xf4\xb5g\xa0\xc4\xf5\xff\xe4\t\x90\xb2\x8e\xda\x12\xb2,"\x9f\xea\xa3\xd4_\xf4\xa7\xda\x84=U\x14\x89Y\x16\x11E\'JkE\xc6\x18\x92\xd2u\\fRt\xa6\xb4\\a\x8f\x95\xe4\xb4\x9dW\x19\x94\x9d)\xad\x17\x18bKI\xd6KI\xd6c\xaeC\xd2\xa4\xe9Mh\xb8\xc3\x1f+\xc9i:\xc9i:\xccu\xc8zT\x9d)\xad\x17\x18bKI\xd6KI\xd6c\xcd3B\xf3\xd0\xe4t^YGA\xa0\xfe\x0e;%\x8ebS\xdeSR9R\x97\x13\xe0s#\xc7\xb2{\x1c\x8b\x9e\xa3\x1e\xa6\x14\x9d)\xad\x17\x18a\x15\xd8Q\xc9]\x86\xee2z\\\x87\xa5O\xb5)\x1dF\x94\xa8J\xc8\xb0\x8a):SZ.0\xc4\x96\x93\xaa\xe32\x93\xa55\xa2\xe3\x0c|\xaf%\xa4\xea\xb8\xcc\xa4\xe9Mh\xb8\xc3\x12ZN\xb2ZN\xb3\x1dr\x1e\x95\'JkE\xc6\x18\xf9^KI\xd6KI\xd6c\xaeC\xd2\xa4\xe9Mh\xb8\xc3\x12ZN\xb2ZN\xb3\x1ei\x9a\x17\x9e\x87#\xa2\xf2\xca:\r\x07\xf0q\xd9,s\x12\x9e\xf2\x9a\x91\xca\x94\xb8\x9f\x03\x99\x1e=\x93\xd8\xe4\\\xf5\x18\xf50\xa4\xe9Mh\xb8\xc3\x08\xae\xc2\x8eJ\xec7q\x93\xd2\xe4=*}\xa9Id0\xd6E\x84QI\xd2\x9a\xd1q\x86$\xb4\x9dW\x19\x94\x9d)\xad\x17\x18c\xe5y-\'U\xc6e\'JkE\xc6\x18\x92\xd2u\x92\xd2u\x98\xeb\x90\xf4\xa9:SZ.0\xc7\xca\xf2ZN\xb2ZN\xb3\x1dr\x1e\x95\'JkE\xc6\x18\x92\xd2u\x92\xd2u\x98\xf3L\xd0\xbc\xf49\x1d\x17\x96Q\xd0h?\x83\x8e\xc9c\x98\x94\xf7\x94\xd4\x8eT\xa5\xc4\xf8\x1c\xc8\xf1\xec\x9e\xc7"\xe7\xa8\xc7\xa9\x85\'JkE\xc6\x18Ev\x14rWa\xbb\x8c\x9e\x97!\xe9S\xedD\x12\xc3V\x95\x91a\x14\x8e\x83\xc7qE\'JkE\xc6\x18\x92\xd2u\\fRt\xa6\xb4\\a\x8f\x95\xe4\xb4\x9dW\x19\x94\x9d)\xad\x17\x18bKI\xd6KI\xd6c\xaeC\xd2\xa4\xe9Mh\xb8\xc3\x1f+\xc9i:\xc9i:\xccu\xc8zT\x9d)\xad\x17\x18bKI\xd6KI\xd6c\xcd3B\xf3\xd0\xe4t^YGA\xa0\xfe\x0e;%\x8ebS\xdeSR9R\x97\x13\xe0s#\xc7\xb2{\x1c\x8b\x9e\xa3\x1e\xa6\x14\x9d)\xad\x17\x18a\x15\xd8Q\xc9]\x86\xee2z\\\x87\xa5O\xb5%=IY\x16\x11I\x06\x91\xdcQI\xd2\x9a\xd1q\x86$\xb4\x9dW\x19\x94\x9d)\xad\x17\x18c\xe5y-\'U\xc6e\'JkE\xc6\x18\x92\xd2u\x92\xd2u\x98\xeb\x90\xf4\xa9:SZ.0\xc7\xca\xf2ZN\xb2ZN\xb3\x1dr\x1e\x95\'JkE\xc6\x18\x92\xd2u\x92\xd2u\x98\xf3L\xd0\xbc\xf49\x1d\x17\x96Q\xd0h?\x83\x8e\xc9c\x98\x94\xf7\x94\xd4\x8eT\xa5\xc4\xf8\x1c\xc8\xf1\xec\x9e\xc7"\xe7\xa8\xc7\xa9\x85\'JkE\xc6\x18Ev\x14rWa\xbb\x8c\x9e\x97!\xe9S\xedCS2\xc8\xb0\x8aH4\x8e\xe2\x8aN\x94\xd6\x8b\x8c1%\xa4\xea\xb8\xcc\xa4\xe9Mh\xb8\xc3\x1f+\xc9i:\xae3):SZ.0\xc4\x96\x93\xac\x96\x93\xac\xc7\\\x87\xa5I\xd2\x9a\xd1q\x86>W\x92\xd2u\x92\xd2u\x98\xeb\x90\xf4\xa9:SZ.0\xc4\x96\x93\xac\x96\x93\xac\xc7\x9af\x85\xe7\xa1\xc8\xe8\xbc\xb2\x8e\x83A\xfc\x1cvK\x1c\xc4\xa7\xbc\xa6\xa4r\xa5.\'\xc0\xe6G\x8fd\xf69\x17=F=L):SZ.0\xc2+\xb0\xa3\x92\xbb\r\xdcd\xf4\xb9\x0fJ\x9fj!>\xa8*\xc8\xb0\x8a):SZ.0\xc4\x96\x93\xaa\xe32\x93\xa55\xa2\xe3\x0c|\xaf%\xa4\xea\xb8\xcc\xa4\xe9Mh\xb8\xc3\x12ZN\xb2ZN\xb3\x1dr\x1e\x95\'JkE\xc6\x18\xf9^KI\xd6KI\xd6c\xaeC\xd2\xa4\xe9Mh\xb8\xc3\x12ZN\xb2ZN\xb3\x1ei\x9a\x17\x9e\x87#\xa2\xf2\xca:\r\x07\xf0q\xd9,s\x12\x9e\xf2\x9a\x91\xca\x94\xb8\x9f\x03\x99\x1e=\x93\xd8\xe4\\\xf5\x18\xf50\xa4\xe9Mh\xb8\xc3\x08\xae\xc2\x8eJ\xec7q\x93\xd2\xe4=*}\xa8x\xfa\x14\x89Y\x16\x11O\xf5Q\xea/\xfaS\xedO\x07\xb3\xa9lY\x16\x11H\xe8<w\x14\xfbP\x93\x9a\x89\x16E\x84R:\x0f\x1d\xc5\x14\x9d)\xad\x17\x18bKI\xd5q\x99I\xd2\x9a\xd1q\x86>W\x92\xd2u\\fRt\xa6\xb4\\a\x89-\'Y-\'Y\x8e\xb9\x0fJ\x93\xa55\xa2\xe3\x0c|\xaf%\xa4\xeb%\xa4\xeb1\xd7!\xe9Rt\xa6\xb4\\a\x89-\'Y-\'Y\x8f4\xcd\x0b\xcfC\x91\xd1ye\x1d\x06\x83\xf88\xec\x969\x89OyMH\xe5J\\O\x81\xcc\x8f\x1e\xc9\xecr.z\x8cz\x98Rt\xa6\xb4\\a\x84WaG%v\x1b\xb8\xc9\xe9r\x1e\x95>\xd4\x96\xc1\xd2U\x91a\x14\x8e\x83\xc7qE\'JkE\xc6\x18\x92\xd2u\\fRt\xa6\xb4\\a\x8f\x95\xe4\xb4\x9dW\x19\x94\x9d)\xad\x17\x18bKI\xd6KI\xd6c\xaeC\xd2\xa4\xe9Mh\xb8\xc3\x1f+\xc9i:\xc9i:\xccu\xc8zT\x9d)\xad\x17\x18bKI\xd6KI\xd6c\xcd3B\xf3\xd0\xe4t^YGA\xa0\xfe\x0e;%\x8ebS\xdeSR9R\x97\x13\xe0s#\xc7\xb2{\x1c\x8b\x9e\xa3\x1e\xa6\x14\x9d)\xad\x17\x18a\x15\xd8Q\xc9]\x86\xee2z\\\x87\xa5O\xb5%\xb0t\x95a\xd4B\xa1\'\xb1\n\x7f\xa4\x16\x89\x7f\xd2\x9fjF4\x15kl2\x9f\xe9\x05\xa2_\xf4\xa7\xda\x91\xd0ruXtP\xb5&\xf2Y\x16!\xeaIjJ\x9f\x7f\x00\x8b\xf2\xb4\xb6\x0e\x92\xacz\xd2c\xd4\x8f\x89\xdd\x0e\x8c\x1a\xb6\xe4\xc5\x93O\x00\x8c\xf2\xb7\x94!j\xec:JD\x98\xf5\x7f\x89\x0f\xdd\'\x90\xb0GA\xc9\xd7\x00\x90\xf2\xb1\x0fRKRVO\xaa\xca\xb1\xebI\x8fR?\x85\xa8\xe8\xa8\xd2\xcb\x00\x8b\xb0\xb2\x96\xcb\x0bb\xd5\x9e\x83\x13\xd7\x85=\x86\x98\xd5\x7f\x00\x87/\x9a\xcaD\xacD\xff\x87\xa4~V\x1c\xc5\x80\x1f'
2025-12-12 03:30:56,233 - hpack.hpack - DEBUG - Decoded 0, consumed 1 bytes
2025-12-12 03:30:56,233 - hpack.table - DEBUG - Resizing header table to 0 from 4096
2025-12-12 03:30:56,233 - hpack.hpack - DEBUG - Decoded 8, consumed 1 bytes
2025-12-12 03:30:56,233 - hpack.hpack - DEBUG - Decoded 3, consumed 1 bytes
2025-12-12 03:30:56,233 - hpack.hpack - DEBUG - Decoded (b':status', <memory at 0x10fc651c0>), total consumed 5 bytes, indexed True
2025-12-12 03:30:56,233 - hpack.hpack - DEBUG - Decoded 54, consumed 1 bytes
2025-12-12 03:30:56,233 - hpack.hpack - DEBUG - Decoded 4, consumed 1 bytes
2025-12-12 03:30:56,234 - hpack.hpack - DEBUG - Decoded (b'server', b'nginx'), total consumed 6 bytes, indexed True
2025-12-12 03:30:56,234 - hpack.hpack - DEBUG - Decoded 33, consumed 1 bytes
2025-12-12 03:30:56,234 - hpack.hpack - DEBUG - Decoded 22, consumed 1 bytes
2025-12-12 03:30:56,234 - hpack.hpack - DEBUG - Decoded (b'date', b'Fri, 12 Dec 2025 06:30:56 GMT'), total consumed 24 bytes, indexed True
2025-12-12 03:30:56,234 - hpack.hpack - DEBUG - Decoded 31, consumed 1 bytes
2025-12-12 03:30:56,234 - hpack.hpack - DEBUG - Decoded 18, consumed 1 bytes
2025-12-12 03:30:56,234 - hpack.hpack - DEBUG - Decoded (b'content-type', b'text/html; charset=UTF-8'), total consumed 20 bytes, indexed True
2025-12-12 03:30:56,234 - hpack.hpack - DEBUG - Decoded 10, consumed 1 bytes
2025-12-12 03:30:56,234 - hpack.hpack - DEBUG - Decoded 30, consumed 1 bytes
2025-12-12 03:30:56,234 - hpack.hpack - DEBUG - Decoded (b'server-timing', b'total;dur=27;desc="Backend Total [n]"'), total consumed 43 bytes, indexed False
2025-12-12 03:30:56,234 - hpack.hpack - DEBUG - Decoded 4, consumed 1 bytes
2025-12-12 03:30:56,234 - hpack.hpack - DEBUG - Decoded 5, consumed 1 bytes
2025-12-12 03:30:56,234 - hpack.hpack - DEBUG - Decoded (<memory at 0x10fc65100>, b'Origin'), total consumed 12 bytes, indexed False
2025-12-12 03:30:56,234 - hpack.hpack - DEBUG - Decoded 17, consumed 1 bytes
2025-12-12 03:30:56,234 - hpack.hpack - DEBUG - Decoded 12, consumed 1 bytes
2025-12-12 03:30:56,234 - hpack.hpack - DEBUG - Decoded (b'strict-transport-security', b'max-age=31536000'), total consumed 32 bytes, indexed False
2025-12-12 03:30:56,234 - hpack.hpack - DEBUG - Decoded 9, consumed 1 bytes
2025-12-12 03:30:56,234 - hpack.hpack - DEBUG - Decoded 5, consumed 1 bytes
2025-12-12 03:30:56,234 - hpack.hpack - DEBUG - Decoded (b'x-robots-tag', b'noindex'), total consumed 17 bytes, indexed False
2025-12-12 03:30:56,234 - hpack.hpack - DEBUG - Decoded 13, consumed 1 bytes
2025-12-12 03:30:56,234 - hpack.hpack - DEBUG - Decoded 14, consumed 1 bytes
2025-12-12 03:30:56,234 - hpack.hpack - DEBUG - Decoded (b'permissions-policy', b'interest-cohort=()'), total consumed 30 bytes, indexed False
2025-12-12 03:30:56,234 - hpack.hpack - DEBUG - Decoded 16, consumed 1 bytes
2025-12-12 03:30:56,234 - hpack.hpack - DEBUG - Decoded 1379, consumed 3 bytes
2025-12-12 03:30:56,235 - hpack.hpack - DEBUG - Decoded (b'content-security-policy', b"default-src 'none' ; connect-src  https://duck.ai https://*.duck.ai https://duckduckgo.com https://*.duckduckgo.com https://duckduckgogg42xjoc72x3sjasowoarfbgcmvfimaftt6twagswzczad.onion/ https://spreadprivacy.com ; manifest-src  https://duck.ai https://*.duck.ai https://duckduckgo.com https://*.duckduckgo.com https://duckduckgogg42xjoc72x3sjasowoarfbgcmvfimaftt6twagswzczad.onion/ https://spreadprivacy.com ; media-src  https://duck.ai https://*.duck.ai https://duckduckgo.com https://*.duckduckgo.com https://duckduckgogg42xjoc72x3sjasowoarfbgcmvfimaftt6twagswzczad.onion/ https://spreadprivacy.com ; script-src blob:  https://duck.ai https://*.duck.ai https://duckduckgo.com https://*.duckduckgo.com https://duckduckgogg42xjoc72x3sjasowoarfbgcmvfimaftt6twagswzczad.onion/ https://spreadprivacy.com ; font-src data:  https://duck.ai https://*.duck.ai https://duckduckgo.com https://*.duckduckgo.com https://duckduckgogg42xjoc72x3sjasowoarfbgcmvfimaftt6twagswzczad.onion/ https://spreadprivacy.com ; img-src data:  https://duck.ai https://*.duck.ai https://duckduckgo.com https://*.duckduckgo.com https://duckduckgogg42xjoc72x3sjasowoarfbgcmvfimaftt6twagswzczad.onion/ https://spreadprivacy.com ; style-src  https://duck.ai https://*.duck.ai https://duckduckgo.com https://*.duckduckgo.com https://duckduckgogg42xjoc72x3sjasowoarfbgcmvfimaftt6twagswzczad.onion/ https://spreadprivacy.com ; object-src 'none' ; worker-src blob: ; child-src blob:  https://duck.ai https://*.duck.ai https://duckduckgo.com https://*.duckduckgo.com https://duckduckgogg42xjoc72x3sjasowoarfbgcmvfimaftt6twagswzczad.onion/ https://spreadprivacy.com ; frame-src blob:  https://duck.ai https://*.duck.ai https://duckduckgo.com https://*.duckduckgo.com https://duckduckgogg42xjoc72x3sjasowoarfbgcmvfimaftt6twagswzczad.onion/ https://spreadprivacy.com ; frame-ancestors 'self' ; base-uri 'self' ; block-all-mixed-content ;"), total consumed 1400 bytes, indexed False
2025-12-12 03:30:56,235 - hpack.hpack - DEBUG - Decoded 11, consumed 1 bytes
2025-12-12 03:30:56,235 - hpack.hpack - DEBUG - Decoded 9, consumed 1 bytes
2025-12-12 03:30:56,235 - hpack.hpack - DEBUG - Decoded (b'x-frame-options', b'SAMEORIGIN'), total consumed 23 bytes, indexed False
2025-12-12 03:30:56,236 - hpack.hpack - DEBUG - Decoded 12, consumed 1 bytes
2025-12-12 03:30:56,236 - hpack.hpack - DEBUG - Decoded 9, consumed 1 bytes
2025-12-12 03:30:56,236 - hpack.hpack - DEBUG - Decoded (b'x-xss-protection', b'1;mode=block'), total consumed 24 bytes, indexed False
2025-12-12 03:30:56,236 - hpack.hpack - DEBUG - Decoded 16, consumed 1 bytes
2025-12-12 03:30:56,236 - hpack.hpack - DEBUG - Decoded 5, consumed 1 bytes
2025-12-12 03:30:56,236 - hpack.hpack - DEBUG - Decoded (b'x-content-type-options', b'nosniff'), total consumed 24 bytes, indexed False
2025-12-12 03:30:56,236 - hpack.hpack - DEBUG - Decoded 11, consumed 1 bytes
2025-12-12 03:30:56,236 - hpack.hpack - DEBUG - Decoded 5, consumed 1 bytes
2025-12-12 03:30:56,236 - hpack.hpack - DEBUG - Decoded (b'referrer-policy', b'origin'), total consumed 19 bytes, indexed False
2025-12-12 03:30:56,236 - hpack.hpack - DEBUG - Decoded 7, consumed 1 bytes
2025-12-12 03:30:56,236 - hpack.hpack - DEBUG - Decoded 7, consumed 1 bytes
2025-12-12 03:30:56,236 - hpack.hpack - DEBUG - Decoded (b'expect-ct', b'max-age=0'), total consumed 17 bytes, indexed False
2025-12-12 03:30:56,237 - httpcore.http2 - DEBUG - receive_response_headers.complete return_value=(202, [(b'server', b'nginx'), (b'date', b'Fri, 12 Dec 2025 06:30:56 GMT'), (b'content-type', b'text/html; charset=UTF-8'), (b'server-timing', b'total;dur=27;desc="Backend Total [n]"'), (b'vary', b'Origin'), (b'strict-transport-security', b'max-age=31536000'), (b'x-robots-tag', b'noindex'), (b'permissions-policy', b'interest-cohort=()'), (b'content-security-policy', b"default-src 'none' ; connect-src  https://duck.ai https://*.duck.ai https://duckduckgo.com https://*.duckduckgo.com https://duckduckgogg42xjoc72x3sjasowoarfbgcmvfimaftt6twagswzczad.onion/ https://spreadprivacy.com ; manifest-src  https://duck.ai https://*.duck.ai https://duckduckgo.com https://*.duckduckgo.com https://duckduckgogg42xjoc72x3sjasowoarfbgcmvfimaftt6twagswzczad.onion/ https://spreadprivacy.com ; media-src  https://duck.ai https://*.duck.ai https://duckduckgo.com https://*.duckduckgo.com https://duckduckgogg42xjoc72x3sjasowoarfbgcmvfimaftt6twagswzczad.onion/ https://spreadprivacy.com ; script-src blob:  https://duck.ai https://*.duck.ai https://duckduckgo.com https://*.duckduckgo.com https://duckduckgogg42xjoc72x3sjasowoarfbgcmvfimaftt6twagswzczad.onion/ https://spreadprivacy.com ; font-src data:  https://duck.ai https://*.duck.ai https://duckduckgo.com https://*.duckduckgo.com https://duckduckgogg42xjoc72x3sjasowoarfbgcmvfimaftt6twagswzczad.onion/ https://spreadprivacy.com ; img-src data:  https://duck.ai https://*.duck.ai https://duckduckgo.com https://*.duckduckgo.com https://duckduckgogg42xjoc72x3sjasowoarfbgcmvfimaftt6twagswzczad.onion/ https://spreadprivacy.com ; style-src  https://duck.ai https://*.duck.ai https://duckduckgo.com https://*.duckduckgo.com https://duckduckgogg42xjoc72x3sjasowoarfbgcmvfimaftt6twagswzczad.onion/ https://spreadprivacy.com ; object-src 'none' ; worker-src blob: ; child-src blob:  https://duck.ai https://*.duck.ai https://duckduckgo.com https://*.duckduckgo.com https://duckduckgogg42xjoc72x3sjasowoarfbgcmvfimaftt6twagswzczad.onion/ https://spreadprivacy.com ; frame-src blob:  https://duck.ai https://*.duck.ai https://duckduckgo.com https://*.duckduckgo.com https://duckduckgogg42xjoc72x3sjasowoarfbgcmvfimaftt6twagswzczad.onion/ https://spreadprivacy.com ; frame-ancestors 'self' ; base-uri 'self' ; block-all-mixed-content ;"), (b'x-frame-options', b'SAMEORIGIN'), (b'x-xss-protection', b'1;mode=block'), (b'x-content-type-options', b'nosniff'), (b'referrer-policy', b'origin'), (b'expect-ct', b'max-age=0')])
2025-12-12 03:30:56,240 - httpx - INFO - HTTP Request: POST https://html.duckduckgo.com/html/ "HTTP/2 202 Accepted"
2025-12-12 03:30:56,240 - httpcore.http2 - DEBUG - receive_response_body.started request=<Request [b'POST']> stream_id=1
2025-12-12 03:30:56,248 - httpcore.http2 - DEBUG - receive_response_body.complete
2025-12-12 03:30:56,249 - httpcore.http2 - DEBUG - response_closed.started stream_id=1
2025-12-12 03:30:56,249 - httpcore.http2 - DEBUG - response_closed.complete
2025-12-12 03:30:56,249 - rquest.connect - DEBUG - starting new connection: https://search.yahoo.com/
2025-12-12 03:30:56,250 - rquest.util.client.connect.dns - DEBUG - resolving search.yahoo.com
2025-12-12 03:30:56,259 - rquest.util.client.connect.http - DEBUG - connecting to 66.218.84.137:443
2025-12-12 03:30:56,440 - rquest.util.client.connect.http - DEBUG - connected to 66.218.84.137:443
2025-12-12 03:30:56,623 - rquest.util.client.pool - DEBUG - pooling idle connection for PoolKey { uri: https://search.yahoo.com/, alpn_protos: None, network: default }
2025-12-12 03:30:56,784 - UNI_v7.2 - INFO - Google: Iniciando coleta para 'BITCOIN' (limite: 20, tentativa 2/3)
2025-12-12 03:30:56,786 - googleapiclient.discovery_cache - INFO - file_cache is only supported with oauth2client<4.0.0
2025-12-12 03:30:56,789 - googleapiclient.discovery - DEBUG - URL being requested: GET https://customsearch.googleapis.com/customsearch/v1?q=BITCOIN&cx=f07ccd3b922d6437b&gl=br&lr=lang_pt&start=1&num=10&safe=off&key=AIzaSyBj80B2fwVvFEMtcQU8tPV_NCNaEmQvzhc&alt=json
2025-12-12 03:30:56,970 - UNI_v7.2 - WARNING - Google: Tentativa 2 falhou (HTTP 429): <HttpError 429 when requesting https://customsearch.googleapis.com/customsearch/v1?q=BITCOIN&cx=f07c
2025-12-12 03:30:57,243 - cookie_store.cookie_store - DEBUG - inserting secure cookie 'lkl'
2025-12-12 03:30:57,243 - cookie_store.cookie_store - DEBUG - inserting secure cookie 'A1'
2025-12-12 03:30:57,243 - cookie_store.cookie_store - DEBUG - inserting secure cookie 'A3'
2025-12-12 03:30:57,243 - cookie_store.cookie_store - DEBUG - inserting secure cookie 'A1S'
2025-12-12 03:30:57,243 - cookie_store.cookie_store - DEBUG - inserting secure cookie 'dflow'
2025-12-12 03:30:57,243 - primp - INFO - response: https://search.yahoo.com/search;_ylt=I2HHdXHKTKZgRZHqlmvgUrot;_ylu=ggWMU9UY8JlVy1ua0zr9VAnSeSPeTFLNjPNSN8dZ8DqJuM8?p=BITCOIN 200
2025-12-12 03:30:57,914 - ddgs.ddgs - INFO - Error in engine mullvad_brave: ValueError('not enough values to unpack (expected 2, got 1)')
2025-12-12 03:30:57,916 - ddgs.ddgs - INFO - Error in engine mullvad_google: ValueError('not enough values to unpack (expected 2, got 1)')
2025-12-12 03:30:57,920 - UNI_v7.2 - INFO - DuckDuckGo: Coletados 17 resultados com sucesso
2025-12-12 03:30:58,977 - UNI_v7.2 - INFO - Google: Iniciando coleta para 'BITCOIN' (limite: 20, tentativa 3/3)
2025-12-12 03:30:58,984 - googleapiclient.discovery_cache - INFO - file_cache is only supported with oauth2client<4.0.0
2025-12-12 03:30:58,989 - googleapiclient.discovery - DEBUG - URL being requested: GET https://customsearch.googleapis.com/customsearch/v1?q=BITCOIN&cx=f07ccd3b922d6437b&gl=br&lr=lang_pt&start=1&num=10&safe=off&key=AIzaSyBj80B2fwVvFEMtcQU8tPV_NCNaEmQvzhc&alt=json
2025-12-12 03:30:59,165 - UNI_v7.2 - WARNING - Google: Tentativa 3 falhou (HTTP 429): <HttpError 429 when requesting https://customsearch.googleapis.com/customsearch/v1?q=BITCOIN&cx=f07c
2025-12-12 03:30:59,165 - UNI_v7.2 - ERROR - Google: Todas as tentativas falharam
2025-12-12 03:31:02,258 - urllib3.connectionpool - DEBUG - https://serpapi.com:443 "GET /search?engine=bing&q=BITCOIN&cc=br&count=20&api_key=e71430bcff8bdc906f7a5ed9ae1538355c2efb0fb88ffa071f7125a76cc2b142&safe=off HTTP/1.1" 200 None
2025-12-12 03:31:02,261 - UNI_v7.2 - INFO - Bing: Coletados 10 resultados com sucesso
2025-12-12 03:31:02,261 - UNI_v7.2 - INFO - YouTube: Iniciando coleta para 'BITCOIN' (limite: 20)
2025-12-12 03:31:02,266 - googleapiclient.discovery_cache - INFO - file_cache is only supported with oauth2client<4.0.0
2025-12-12 03:31:02,270 - googleapiclient.discovery - DEBUG - URL being requested: GET https://youtube.googleapis.com/youtube/v3/search?part=snippet&q=BITCOIN&type=video&maxResults=20&order=relevance&regionCode=BR&relevanceLanguage=pt&key=AIzaSyBj80B2fwVvFEMtcQU8tPV_NCNaEmQvzhc&alt=json
2025-12-12 03:31:02,745 - googleapiclient.discovery - DEBUG - URL being requested: GET https://youtube.googleapis.com/youtube/v3/videos?part=statistics%2CcontentDetails%2Csnippet%2Cstatus&id=4r5G_EWUGqM%2CGqdi1B7jKsI%2CdloBqocJ39I%2CuYro8SWqirM%2CNsX0dhmdGwk%2CrH6PLR7-2ps%2CR4dVZbD1ZdI%2C81PC3PYSVBA%2CwLBYQClFxvs%2Cs_bEBLfWVlg%2CpyrTi9kkh28%2CnrXsD5kJYYs%2CEV_TftnS-dI%2CH12gMVRjIns%2C3yuFhsv8FXA%2C-dHFJ25H8p0%2CUJ15dLYUFiA%2CBgxhP4RA7o4%2CYy4ku6dEPlI%2CZ1_Fq5oH0C0&key=AIzaSyBj80B2fwVvFEMtcQU8tPV_NCNaEmQvzhc&alt=json
2025-12-12 03:31:03,098 - UNI_v7.2 - INFO - YouTube: Coletados 20 resultados com sucesso
2025-12-12 03:31:03,121 - UNI_v7.2 - ERROR - Erro ao coletar YouTube: name 'coletar_comentarios_youtube' is not defined
2025-12-12 03:31:03,260 - UNI_v7.2 - DEBUG - Traceback (most recent call last):
  File "/Users/eas/Desktop/github/emersonalmeida/emersonalmeida.github.io/project/uni/uni_v7.py", line 3697, in modo_personalizado
    comentarios = coletar_comentarios_youtube(
NameError: name 'coletar_comentarios_youtube' is not defined

2025-12-12 03:31:03,260 - UNI_v7.2 - INFO - YouTube: Iniciando coleta para 'BITCOIN' (limite: 20)
2025-12-12 03:31:03,286 - googleapiclient.discovery_cache - INFO - file_cache is only supported with oauth2client<4.0.0
2025-12-12 03:31:03,324 - googleapiclient.discovery - DEBUG - URL being requested: GET https://youtube.googleapis.com/youtube/v3/search?part=snippet&q=BITCOIN&type=video&maxResults=20&order=date&regionCode=BR&relevanceLanguage=pt&key=AIzaSyBj80B2fwVvFEMtcQU8tPV_NCNaEmQvzhc&alt=json
2025-12-12 03:31:03,834 - googleapiclient.discovery - DEBUG - URL being requested: GET https://youtube.googleapis.com/youtube/v3/videos?part=statistics%2CcontentDetails%2Csnippet%2Cstatus&id=AxLhBykJEOw%2CCskX_k6gzHY%2CM-AZVCOQVgU%2CpyrTi9kkh28%2Cy-Q5yrIZQYc%2CwLBYQClFxvs%2CTTw8DNkHMHQ%2CAlpuLg-C0No%2CuW5KeyITivw%2CqedWBAAJSLU%2CmwfNYrXd47Y%2Cu_Y9xBy4RZM%2Cu_H9gXNc630%2CGk7N5_42oOQ%2CdgUpfAGOpGI%2CGN00YmQ8Tv8%2C5Qt4QVdYxbQ%2C-dHFJ25H8p0%2CI3rIx6BCtj8%2CvA59FqlbJx4&key=AIzaSyBj80B2fwVvFEMtcQU8tPV_NCNaEmQvzhc&alt=json
2025-12-12 03:31:04,189 - UNI_v7.2 - INFO - YouTube: Coletados 20 resultados com sucesso
2025-12-12 03:31:04,189 - UNI_v7.2 - ERROR - Erro ao coletar YouTube: name 'coletar_comentarios_youtube' is not defined
2025-12-12 03:31:04,190 - UNI_v7.2 - DEBUG - Traceback (most recent call last):
  File "/Users/eas/Desktop/github/emersonalmeida/emersonalmeida.github.io/project/uni/uni_v7.py", line 3697, in modo_personalizado
    comentarios = coletar_comentarios_youtube(
NameError: name 'coletar_comentarios_youtube' is not defined

2025-12-12 03:31:04,190 - UNI_v7.2 - INFO - YouTube: Iniciando coleta para 'BITCOIN' (limite: 20)
2025-12-12 03:31:04,193 - googleapiclient.discovery_cache - INFO - file_cache is only supported with oauth2client<4.0.0
2025-12-12 03:31:04,195 - googleapiclient.discovery - DEBUG - URL being requested: GET https://youtube.googleapis.com/youtube/v3/search?part=snippet&q=BITCOIN&type=video&maxResults=20&order=viewCount&regionCode=BR&relevanceLanguage=pt&key=AIzaSyBj80B2fwVvFEMtcQU8tPV_NCNaEmQvzhc&alt=json
2025-12-12 03:31:04,502 - googleapiclient.discovery - DEBUG - URL being requested: GET https://youtube.googleapis.com/youtube/v3/videos?part=statistics%2CcontentDetails%2Csnippet%2Cstatus&id=8aYr2ueCFvs%2CtrVmDXMaj-M%2CGztiW6DOhck%2CkFgQBPtPfgc%2CqLKADDR7t0E%2Ct_eN9r6-hKQ%2CzhPqD19DjYw%2CYMIZ5mHRO4E%2CwN0OaLUYI2I%2CdQ8b4E6vX-4%2CCYyUbSHSR6M%2C3aWyRWPBLTk%2ChHQl63HuAtU%2CTGhgfrioBhU%2CD3m-7GNeP6M%2CzTbXc92cgg4%2CJNDKNWYTqNs%2CDrfU1Aa8dK4%2CpsnfySnzeRo%2Cywka38FnqqY&key=AIzaSyBj80B2fwVvFEMtcQU8tPV_NCNaEmQvzhc&alt=json
2025-12-12 03:31:04,848 - UNI_v7.2 - INFO - YouTube: Coletados 20 resultados com sucesso
2025-12-12 03:31:04,848 - UNI_v7.2 - ERROR - Erro ao coletar YouTube: name 'coletar_comentarios_youtube' is not defined
2025-12-12 03:31:04,848 - UNI_v7.2 - DEBUG - Traceback (most recent call last):
  File "/Users/eas/Desktop/github/emersonalmeida/emersonalmeida.github.io/project/uni/uni_v7.py", line 3697, in modo_personalizado
    comentarios = coletar_comentarios_youtube(
NameError: name 'coletar_comentarios_youtube' is not defined

2025-12-12 03:31:04,855 - UNI_v7.2 - INFO - Google Play: Iniciando coleta para 'BITCOIN' (limite: 20, tentativa 1/3)
2025-12-12 03:31:13,186 - UNI_v7.2 - INFO - Google Play: Coletados 20 resultados com sucesso
2025-12-12 03:31:13,188 - UNI_v7.2 - ERROR - Google Play Reviews: Erro inesperado: OLDEST
2025-12-12 03:31:13,194 - UNI_v7.2 - DEBUG - Traceback (most recent call last):
  File "/Users/eas/Desktop/github/emersonalmeida/emersonalmeida.github.io/project/uni/uni_v7.py", line 2034, in coletar_reviews_google_play
    "oldest": Sort.OLDEST,
  File "/Library/Developer/CommandLineTools/Library/Frameworks/Python3.framework/Versions/3.9/lib/python3.9/enum.py", line 429, in __getattr__
    raise AttributeError(name) from None
AttributeError: OLDEST

2025-12-12 03:31:13,194 - UNI_v7.2 - ERROR - Google Play Reviews: Erro inesperado: OLDEST
2025-12-12 03:31:13,194 - UNI_v7.2 - DEBUG - Traceback (most recent call last):
  File "/Users/eas/Desktop/github/emersonalmeida/emersonalmeida.github.io/project/uni/uni_v7.py", line 2034, in coletar_reviews_google_play
    "oldest": Sort.OLDEST,
  File "/Library/Developer/CommandLineTools/Library/Frameworks/Python3.framework/Versions/3.9/lib/python3.9/enum.py", line 429, in __getattr__
    raise AttributeError(name) from None
AttributeError: OLDEST

2025-12-12 03:31:13,194 - UNI_v7.2 - ERROR - Google Play Reviews: Erro inesperado: OLDEST
2025-12-12 03:31:13,194 - UNI_v7.2 - DEBUG - Traceback (most recent call last):
  File "/Users/eas/Desktop/github/emersonalmeida/emersonalmeida.github.io/project/uni/uni_v7.py", line 2034, in coletar_reviews_google_play
    "oldest": Sort.OLDEST,
  File "/Library/Developer/CommandLineTools/Library/Frameworks/Python3.framework/Versions/3.9/lib/python3.9/enum.py", line 429, in __getattr__
    raise AttributeError(name) from None
AttributeError: OLDEST

2025-12-12 03:31:13,194 - UNI_v7.2 - ERROR - Google Play Reviews: Erro inesperado: OLDEST
2025-12-12 03:31:13,194 - UNI_v7.2 - DEBUG - Traceback (most recent call last):
  File "/Users/eas/Desktop/github/emersonalmeida/emersonalmeida.github.io/project/uni/uni_v7.py", line 2034, in coletar_reviews_google_play
    "oldest": Sort.OLDEST,
  File "/Library/Developer/CommandLineTools/Library/Frameworks/Python3.framework/Versions/3.9/lib/python3.9/enum.py", line 429, in __getattr__
    raise AttributeError(name) from None
AttributeError: OLDEST

2025-12-12 03:31:13,194 - UNI_v7.2 - ERROR - Google Play Reviews: Erro inesperado: OLDEST
2025-12-12 03:31:13,194 - UNI_v7.2 - DEBUG - Traceback (most recent call last):
  File "/Users/eas/Desktop/github/emersonalmeida/emersonalmeida.github.io/project/uni/uni_v7.py", line 2034, in coletar_reviews_google_play
    "oldest": Sort.OLDEST,
  File "/Library/Developer/CommandLineTools/Library/Frameworks/Python3.framework/Versions/3.9/lib/python3.9/enum.py", line 429, in __getattr__
    raise AttributeError(name) from None
AttributeError: OLDEST

2025-12-12 03:31:13,195 - UNI_v7.2 - ERROR - Google Play Reviews: Erro inesperado: OLDEST
2025-12-12 03:31:13,195 - UNI_v7.2 - DEBUG - Traceback (most recent call last):
  File "/Users/eas/Desktop/github/emersonalmeida/emersonalmeida.github.io/project/uni/uni_v7.py", line 2034, in coletar_reviews_google_play
    "oldest": Sort.OLDEST,
  File "/Library/Developer/CommandLineTools/Library/Frameworks/Python3.framework/Versions/3.9/lib/python3.9/enum.py", line 429, in __getattr__
    raise AttributeError(name) from None
AttributeError: OLDEST

2025-12-12 03:31:13,195 - UNI_v7.2 - ERROR - Google Play Reviews: Erro inesperado: OLDEST
2025-12-12 03:31:13,195 - UNI_v7.2 - DEBUG - Traceback (most recent call last):
  File "/Users/eas/Desktop/github/emersonalmeida/emersonalmeida.github.io/project/uni/uni_v7.py", line 2034, in coletar_reviews_google_play
    "oldest": Sort.OLDEST,
  File "/Library/Developer/CommandLineTools/Library/Frameworks/Python3.framework/Versions/3.9/lib/python3.9/enum.py", line 429, in __getattr__
    raise AttributeError(name) from None
AttributeError: OLDEST

2025-12-12 03:31:13,195 - UNI_v7.2 - ERROR - Google Play Reviews: Erro inesperado: OLDEST
2025-12-12 03:31:13,195 - UNI_v7.2 - DEBUG - Traceback (most recent call last):
  File "/Users/eas/Desktop/github/emersonalmeida/emersonalmeida.github.io/project/uni/uni_v7.py", line 2034, in coletar_reviews_google_play
    "oldest": Sort.OLDEST,
  File "/Library/Developer/CommandLineTools/Library/Frameworks/Python3.framework/Versions/3.9/lib/python3.9/enum.py", line 429, in __getattr__
    raise AttributeError(name) from None
AttributeError: OLDEST

2025-12-12 03:31:13,195 - UNI_v7.2 - ERROR - Google Play Reviews: Erro inesperado: OLDEST
2025-12-12 03:31:13,195 - UNI_v7.2 - DEBUG - Traceback (most recent call last):
  File "/Users/eas/Desktop/github/emersonalmeida/emersonalmeida.github.io/project/uni/uni_v7.py", line 2034, in coletar_reviews_google_play
    "oldest": Sort.OLDEST,
  File "/Library/Developer/CommandLineTools/Library/Frameworks/Python3.framework/Versions/3.9/lib/python3.9/enum.py", line 429, in __getattr__
    raise AttributeError(name) from None
AttributeError: OLDEST

2025-12-12 03:31:13,195 - UNI_v7.2 - ERROR - Google Play Reviews: Erro inesperado: OLDEST
2025-12-12 03:31:13,195 - UNI_v7.2 - DEBUG - Traceback (most recent call last):
  File "/Users/eas/Desktop/github/emersonalmeida/emersonalmeida.github.io/project/uni/uni_v7.py", line 2034, in coletar_reviews_google_play
    "oldest": Sort.OLDEST,
  File "/Library/Developer/CommandLineTools/Library/Frameworks/Python3.framework/Versions/3.9/lib/python3.9/enum.py", line 429, in __getattr__
    raise AttributeError(name) from None
AttributeError: OLDEST

2025-12-12 03:31:13,195 - UNI_v7.2 - ERROR - Google Play Reviews: Erro inesperado: OLDEST
2025-12-12 03:31:13,195 - UNI_v7.2 - DEBUG - Traceback (most recent call last):
  File "/Users/eas/Desktop/github/emersonalmeida/emersonalmeida.github.io/project/uni/uni_v7.py", line 2034, in coletar_reviews_google_play
    "oldest": Sort.OLDEST,
  File "/Library/Developer/CommandLineTools/Library/Frameworks/Python3.framework/Versions/3.9/lib/python3.9/enum.py", line 429, in __getattr__
    raise AttributeError(name) from None
AttributeError: OLDEST

2025-12-12 03:31:13,195 - UNI_v7.2 - ERROR - Google Play Reviews: Erro inesperado: OLDEST
2025-12-12 03:31:13,195 - UNI_v7.2 - DEBUG - Traceback (most recent call last):
  File "/Users/eas/Desktop/github/emersonalmeida/emersonalmeida.github.io/project/uni/uni_v7.py", line 2034, in coletar_reviews_google_play
    "oldest": Sort.OLDEST,
  File "/Library/Developer/CommandLineTools/Library/Frameworks/Python3.framework/Versions/3.9/lib/python3.9/enum.py", line 429, in __getattr__
    raise AttributeError(name) from None
AttributeError: OLDEST

2025-12-12 03:31:13,195 - UNI_v7.2 - ERROR - Google Play Reviews: Erro inesperado: OLDEST
2025-12-12 03:31:13,195 - UNI_v7.2 - DEBUG - Traceback (most recent call last):
  File "/Users/eas/Desktop/github/emersonalmeida/emersonalmeida.github.io/project/uni/uni_v7.py", line 2034, in coletar_reviews_google_play
    "oldest": Sort.OLDEST,
  File "/Library/Developer/CommandLineTools/Library/Frameworks/Python3.framework/Versions/3.9/lib/python3.9/enum.py", line 429, in __getattr__
    raise AttributeError(name) from None
AttributeError: OLDEST

2025-12-12 03:31:13,195 - UNI_v7.2 - ERROR - Google Play Reviews: Erro inesperado: OLDEST
2025-12-12 03:31:13,195 - UNI_v7.2 - DEBUG - Traceback (most recent call last):
  File "/Users/eas/Desktop/github/emersonalmeida/emersonalmeida.github.io/project/uni/uni_v7.py", line 2034, in coletar_reviews_google_play
    "oldest": Sort.OLDEST,
  File "/Library/Developer/CommandLineTools/Library/Frameworks/Python3.framework/Versions/3.9/lib/python3.9/enum.py", line 429, in __getattr__
    raise AttributeError(name) from None
AttributeError: OLDEST

2025-12-12 03:31:13,195 - UNI_v7.2 - ERROR - Google Play Reviews: Erro inesperado: OLDEST
2025-12-12 03:31:13,195 - UNI_v7.2 - DEBUG - Traceback (most recent call last):
  File "/Users/eas/Desktop/github/emersonalmeida/emersonalmeida.github.io/project/uni/uni_v7.py", line 2034, in coletar_reviews_google_play
    "oldest": Sort.OLDEST,
  File "/Library/Developer/CommandLineTools/Library/Frameworks/Python3.framework/Versions/3.9/lib/python3.9/enum.py", line 429, in __getattr__
    raise AttributeError(name) from None
AttributeError: OLDEST

2025-12-12 03:31:13,195 - UNI_v7.2 - ERROR - Google Play Reviews: Erro inesperado: OLDEST
2025-12-12 03:31:13,196 - UNI_v7.2 - DEBUG - Traceback (most recent call last):
  File "/Users/eas/Desktop/github/emersonalmeida/emersonalmeida.github.io/project/uni/uni_v7.py", line 2034, in coletar_reviews_google_play
    "oldest": Sort.OLDEST,
  File "/Library/Developer/CommandLineTools/Library/Frameworks/Python3.framework/Versions/3.9/lib/python3.9/enum.py", line 429, in __getattr__
    raise AttributeError(name) from None
AttributeError: OLDEST

2025-12-12 03:31:13,196 - UNI_v7.2 - ERROR - Google Play Reviews: Erro inesperado: OLDEST
2025-12-12 03:31:13,196 - UNI_v7.2 - DEBUG - Traceback (most recent call last):
  File "/Users/eas/Desktop/github/emersonalmeida/emersonalmeida.github.io/project/uni/uni_v7.py", line 2034, in coletar_reviews_google_play
    "oldest": Sort.OLDEST,
  File "/Library/Developer/CommandLineTools/Library/Frameworks/Python3.framework/Versions/3.9/lib/python3.9/enum.py", line 429, in __getattr__
    raise AttributeError(name) from None
AttributeError: OLDEST

2025-12-12 03:31:13,196 - UNI_v7.2 - ERROR - Google Play Reviews: Erro inesperado: OLDEST
2025-12-12 03:31:13,196 - UNI_v7.2 - DEBUG - Traceback (most recent call last):
  File "/Users/eas/Desktop/github/emersonalmeida/emersonalmeida.github.io/project/uni/uni_v7.py", line 2034, in coletar_reviews_google_play
    "oldest": Sort.OLDEST,
  File "/Library/Developer/CommandLineTools/Library/Frameworks/Python3.framework/Versions/3.9/lib/python3.9/enum.py", line 429, in __getattr__
    raise AttributeError(name) from None
AttributeError: OLDEST

2025-12-12 03:31:13,196 - UNI_v7.2 - ERROR - Google Play Reviews: Erro inesperado: OLDEST
2025-12-12 03:31:13,196 - UNI_v7.2 - DEBUG - Traceback (most recent call last):
  File "/Users/eas/Desktop/github/emersonalmeida/emersonalmeida.github.io/project/uni/uni_v7.py", line 2034, in coletar_reviews_google_play
    "oldest": Sort.OLDEST,
  File "/Library/Developer/CommandLineTools/Library/Frameworks/Python3.framework/Versions/3.9/lib/python3.9/enum.py", line 429, in __getattr__
    raise AttributeError(name) from None
AttributeError: OLDEST

2025-12-12 03:31:13,196 - UNI_v7.2 - ERROR - Google Play Reviews: Erro inesperado: OLDEST
2025-12-12 03:31:13,196 - UNI_v7.2 - DEBUG - Traceback (most recent call last):
  File "/Users/eas/Desktop/github/emersonalmeida/emersonalmeida.github.io/project/uni/uni_v7.py", line 2034, in coletar_reviews_google_play
    "oldest": Sort.OLDEST,
  File "/Library/Developer/CommandLineTools/Library/Frameworks/Python3.framework/Versions/3.9/lib/python3.9/enum.py", line 429, in __getattr__
    raise AttributeError(name) from None
AttributeError: OLDEST

2025-12-12 03:31:13,196 - UNI_v7.2 - ERROR - Google Play Reviews: Erro inesperado: OLDEST
2025-12-12 03:31:13,196 - UNI_v7.2 - DEBUG - Traceback (most recent call last):
  File "/Users/eas/Desktop/github/emersonalmeida/emersonalmeida.github.io/project/uni/uni_v7.py", line 2034, in coletar_reviews_google_play
    "oldest": Sort.OLDEST,
  File "/Library/Developer/CommandLineTools/Library/Frameworks/Python3.framework/Versions/3.9/lib/python3.9/enum.py", line 429, in __getattr__
    raise AttributeError(name) from None
AttributeError: OLDEST

2025-12-12 03:31:13,196 - UNI_v7.2 - ERROR - Google Play Reviews: Erro inesperado: OLDEST
2025-12-12 03:31:13,196 - UNI_v7.2 - DEBUG - Traceback (most recent call last):
  File "/Users/eas/Desktop/github/emersonalmeida/emersonalmeida.github.io/project/uni/uni_v7.py", line 2034, in coletar_reviews_google_play
    "oldest": Sort.OLDEST,
  File "/Library/Developer/CommandLineTools/Library/Frameworks/Python3.framework/Versions/3.9/lib/python3.9/enum.py", line 429, in __getattr__
    raise AttributeError(name) from None
AttributeError: OLDEST

2025-12-12 03:31:13,196 - UNI_v7.2 - ERROR - Google Play Reviews: Erro inesperado: OLDEST
2025-12-12 03:31:13,196 - UNI_v7.2 - DEBUG - Traceback (most recent call last):
  File "/Users/eas/Desktop/github/emersonalmeida/emersonalmeida.github.io/project/uni/uni_v7.py", line 2034, in coletar_reviews_google_play
    "oldest": Sort.OLDEST,
  File "/Library/Developer/CommandLineTools/Library/Frameworks/Python3.framework/Versions/3.9/lib/python3.9/enum.py", line 429, in __getattr__
    raise AttributeError(name) from None
AttributeError: OLDEST

2025-12-12 03:31:13,196 - UNI_v7.2 - ERROR - Google Play Reviews: Erro inesperado: OLDEST
2025-12-12 03:31:13,196 - UNI_v7.2 - DEBUG - Traceback (most recent call last):
  File "/Users/eas/Desktop/github/emersonalmeida/emersonalmeida.github.io/project/uni/uni_v7.py", line 2034, in coletar_reviews_google_play
    "oldest": Sort.OLDEST,
  File "/Library/Developer/CommandLineTools/Library/Frameworks/Python3.framework/Versions/3.9/lib/python3.9/enum.py", line 429, in __getattr__
    raise AttributeError(name) from None
AttributeError: OLDEST

2025-12-12 03:31:13,196 - UNI_v7.2 - ERROR - Google Play Reviews: Erro inesperado: OLDEST
2025-12-12 03:31:13,196 - UNI_v7.2 - DEBUG - Traceback (most recent call last):
  File "/Users/eas/Desktop/github/emersonalmeida/emersonalmeida.github.io/project/uni/uni_v7.py", line 2034, in coletar_reviews_google_play
    "oldest": Sort.OLDEST,
  File "/Library/Developer/CommandLineTools/Library/Frameworks/Python3.framework/Versions/3.9/lib/python3.9/enum.py", line 429, in __getattr__
    raise AttributeError(name) from None
AttributeError: OLDEST

2025-12-12 03:31:13,196 - UNI_v7.2 - ERROR - Google Play Reviews: Erro inesperado: OLDEST
2025-12-12 03:31:13,196 - UNI_v7.2 - DEBUG - Traceback (most recent call last):
  File "/Users/eas/Desktop/github/emersonalmeida/emersonalmeida.github.io/project/uni/uni_v7.py", line 2034, in coletar_reviews_google_play
    "oldest": Sort.OLDEST,
  File "/Library/Developer/CommandLineTools/Library/Frameworks/Python3.framework/Versions/3.9/lib/python3.9/enum.py", line 429, in __getattr__
    raise AttributeError(name) from None
AttributeError: OLDEST

2025-12-12 03:31:13,197 - UNI_v7.2 - ERROR - Google Play Reviews: Erro inesperado: OLDEST
2025-12-12 03:31:13,197 - UNI_v7.2 - DEBUG - Traceback (most recent call last):
  File "/Users/eas/Desktop/github/emersonalmeida/emersonalmeida.github.io/project/uni/uni_v7.py", line 2034, in coletar_reviews_google_play
    "oldest": Sort.OLDEST,
  File "/Library/Developer/CommandLineTools/Library/Frameworks/Python3.framework/Versions/3.9/lib/python3.9/enum.py", line 429, in __getattr__
    raise AttributeError(name) from None
AttributeError: OLDEST

2025-12-12 03:31:13,197 - UNI_v7.2 - ERROR - Google Play Reviews: Erro inesperado: OLDEST
2025-12-12 03:31:13,197 - UNI_v7.2 - DEBUG - Traceback (most recent call last):
  File "/Users/eas/Desktop/github/emersonalmeida/emersonalmeida.github.io/project/uni/uni_v7.py", line 2034, in coletar_reviews_google_play
    "oldest": Sort.OLDEST,
  File "/Library/Developer/CommandLineTools/Library/Frameworks/Python3.framework/Versions/3.9/lib/python3.9/enum.py", line 429, in __getattr__
    raise AttributeError(name) from None
AttributeError: OLDEST

2025-12-12 03:31:13,197 - UNI_v7.2 - ERROR - Google Play Reviews: Erro inesperado: OLDEST
2025-12-12 03:31:13,197 - UNI_v7.2 - DEBUG - Traceback (most recent call last):
  File "/Users/eas/Desktop/github/emersonalmeida/emersonalmeida.github.io/project/uni/uni_v7.py", line 2034, in coletar_reviews_google_play
    "oldest": Sort.OLDEST,
  File "/Library/Developer/CommandLineTools/Library/Frameworks/Python3.framework/Versions/3.9/lib/python3.9/enum.py", line 429, in __getattr__
    raise AttributeError(name) from None
AttributeError: OLDEST

2025-12-12 03:31:13,197 - UNI_v7.2 - ERROR - Google Play Reviews: Erro inesperado: OLDEST
2025-12-12 03:31:13,197 - UNI_v7.2 - DEBUG - Traceback (most recent call last):
  File "/Users/eas/Desktop/github/emersonalmeida/emersonalmeida.github.io/project/uni/uni_v7.py", line 2034, in coletar_reviews_google_play
    "oldest": Sort.OLDEST,
  File "/Library/Developer/CommandLineTools/Library/Frameworks/Python3.framework/Versions/3.9/lib/python3.9/enum.py", line 429, in __getattr__
    raise AttributeError(name) from None
AttributeError: OLDEST

2025-12-12 03:31:13,197 - UNI_v7.2 - ERROR - Google Play Reviews: Erro inesperado: OLDEST
2025-12-12 03:31:13,197 - UNI_v7.2 - DEBUG - Traceback (most recent call last):
  File "/Users/eas/Desktop/github/emersonalmeida/emersonalmeida.github.io/project/uni/uni_v7.py", line 2034, in coletar_reviews_google_play
    "oldest": Sort.OLDEST,
  File "/Library/Developer/CommandLineTools/Library/Frameworks/Python3.framework/Versions/3.9/lib/python3.9/enum.py", line 429, in __getattr__
    raise AttributeError(name) from None
AttributeError: OLDEST

2025-12-12 03:31:13,197 - UNI_v7.2 - ERROR - Google Play Reviews: Erro inesperado: OLDEST
2025-12-12 03:31:13,198 - UNI_v7.2 - DEBUG - Traceback (most recent call last):
  File "/Users/eas/Desktop/github/emersonalmeida/emersonalmeida.github.io/project/uni/uni_v7.py", line 2034, in coletar_reviews_google_play
    "oldest": Sort.OLDEST,
  File "/Library/Developer/CommandLineTools/Library/Frameworks/Python3.framework/Versions/3.9/lib/python3.9/enum.py", line 429, in __getattr__
    raise AttributeError(name) from None
AttributeError: OLDEST

2025-12-12 03:31:13,198 - UNI_v7.2 - ERROR - Google Play Reviews: Erro inesperado: OLDEST
2025-12-12 03:31:13,198 - UNI_v7.2 - DEBUG - Traceback (most recent call last):
  File "/Users/eas/Desktop/github/emersonalmeida/emersonalmeida.github.io/project/uni/uni_v7.py", line 2034, in coletar_reviews_google_play
    "oldest": Sort.OLDEST,
  File "/Library/Developer/CommandLineTools/Library/Frameworks/Python3.framework/Versions/3.9/lib/python3.9/enum.py", line 429, in __getattr__
    raise AttributeError(name) from None
AttributeError: OLDEST

2025-12-12 03:31:13,198 - UNI_v7.2 - ERROR - Google Play Reviews: Erro inesperado: OLDEST
2025-12-12 03:31:13,198 - UNI_v7.2 - DEBUG - Traceback (most recent call last):
  File "/Users/eas/Desktop/github/emersonalmeida/emersonalmeida.github.io/project/uni/uni_v7.py", line 2034, in coletar_reviews_google_play
    "oldest": Sort.OLDEST,
  File "/Library/Developer/CommandLineTools/Library/Frameworks/Python3.framework/Versions/3.9/lib/python3.9/enum.py", line 429, in __getattr__
    raise AttributeError(name) from None
AttributeError: OLDEST

2025-12-12 03:31:13,198 - UNI_v7.2 - ERROR - Google Play Reviews: Erro inesperado: OLDEST
2025-12-12 03:31:13,198 - UNI_v7.2 - DEBUG - Traceback (most recent call last):
  File "/Users/eas/Desktop/github/emersonalmeida/emersonalmeida.github.io/project/uni/uni_v7.py", line 2034, in coletar_reviews_google_play
    "oldest": Sort.OLDEST,
  File "/Library/Developer/CommandLineTools/Library/Frameworks/Python3.framework/Versions/3.9/lib/python3.9/enum.py", line 429, in __getattr__
    raise AttributeError(name) from None
AttributeError: OLDEST

2025-12-12 03:31:13,198 - UNI_v7.2 - ERROR - Google Play Reviews: Erro inesperado: OLDEST
2025-12-12 03:31:13,198 - UNI_v7.2 - DEBUG - Traceback (most recent call last):
  File "/Users/eas/Desktop/github/emersonalmeida/emersonalmeida.github.io/project/uni/uni_v7.py", line 2034, in coletar_reviews_google_play
    "oldest": Sort.OLDEST,
  File "/Library/Developer/CommandLineTools/Library/Frameworks/Python3.framework/Versions/3.9/lib/python3.9/enum.py", line 429, in __getattr__
    raise AttributeError(name) from None
AttributeError: OLDEST

2025-12-12 03:31:13,199 - UNI_v7.2 - ERROR - Google Play Reviews: Erro inesperado: OLDEST
2025-12-12 03:31:13,199 - UNI_v7.2 - DEBUG - Traceback (most recent call last):
  File "/Users/eas/Desktop/github/emersonalmeida/emersonalmeida.github.io/project/uni/uni_v7.py", line 2034, in coletar_reviews_google_play
    "oldest": Sort.OLDEST,
  File "/Library/Developer/CommandLineTools/Library/Frameworks/Python3.framework/Versions/3.9/lib/python3.9/enum.py", line 429, in __getattr__
    raise AttributeError(name) from None
AttributeError: OLDEST

2025-12-12 03:31:13,199 - UNI_v7.2 - ERROR - Google Play Reviews: Erro inesperado: OLDEST
2025-12-12 03:31:13,199 - UNI_v7.2 - DEBUG - Traceback (most recent call last):
  File "/Users/eas/Desktop/github/emersonalmeida/emersonalmeida.github.io/project/uni/uni_v7.py", line 2034, in coletar_reviews_google_play
    "oldest": Sort.OLDEST,
  File "/Library/Developer/CommandLineTools/Library/Frameworks/Python3.framework/Versions/3.9/lib/python3.9/enum.py", line 429, in __getattr__
    raise AttributeError(name) from None
AttributeError: OLDEST

2025-12-12 03:31:13,199 - UNI_v7.2 - ERROR - Google Play Reviews: Erro inesperado: OLDEST
2025-12-12 03:31:13,199 - UNI_v7.2 - DEBUG - Traceback (most recent call last):
  File "/Users/eas/Desktop/github/emersonalmeida/emersonalmeida.github.io/project/uni/uni_v7.py", line 2034, in coletar_reviews_google_play
    "oldest": Sort.OLDEST,
  File "/Library/Developer/CommandLineTools/Library/Frameworks/Python3.framework/Versions/3.9/lib/python3.9/enum.py", line 429, in __getattr__
    raise AttributeError(name) from None
AttributeError: OLDEST

2025-12-12 03:31:13,200 - UNI_v7.2 - ERROR - Google Play Reviews: Erro inesperado: OLDEST
2025-12-12 03:31:13,200 - UNI_v7.2 - DEBUG - Traceback (most recent call last):
  File "/Users/eas/Desktop/github/emersonalmeida/emersonalmeida.github.io/project/uni/uni_v7.py", line 2034, in coletar_reviews_google_play
    "oldest": Sort.OLDEST,
  File "/Library/Developer/CommandLineTools/Library/Frameworks/Python3.framework/Versions/3.9/lib/python3.9/enum.py", line 429, in __getattr__
    raise AttributeError(name) from None
AttributeError: OLDEST

2025-12-12 03:31:13,200 - UNI_v7.2 - ERROR - Google Play Reviews: Erro inesperado: OLDEST
2025-12-12 03:31:13,200 - UNI_v7.2 - DEBUG - Traceback (most recent call last):
  File "/Users/eas/Desktop/github/emersonalmeida/emersonalmeida.github.io/project/uni/uni_v7.py", line 2034, in coletar_reviews_google_play
    "oldest": Sort.OLDEST,
  File "/Library/Developer/CommandLineTools/Library/Frameworks/Python3.framework/Versions/3.9/lib/python3.9/enum.py", line 429, in __getattr__
    raise AttributeError(name) from None
AttributeError: OLDEST

2025-12-12 03:31:13,201 - UNI_v7.2 - ERROR - Google Play Reviews: Erro inesperado: OLDEST
2025-12-12 03:31:13,201 - UNI_v7.2 - DEBUG - Traceback (most recent call last):
  File "/Users/eas/Desktop/github/emersonalmeida/emersonalmeida.github.io/project/uni/uni_v7.py", line 2034, in coletar_reviews_google_play
    "oldest": Sort.OLDEST,
  File "/Library/Developer/CommandLineTools/Library/Frameworks/Python3.framework/Versions/3.9/lib/python3.9/enum.py", line 429, in __getattr__
    raise AttributeError(name) from None
AttributeError: OLDEST

2025-12-12 03:31:13,201 - UNI_v7.2 - ERROR - Google Play Reviews: Erro inesperado: OLDEST
2025-12-12 03:31:13,201 - UNI_v7.2 - DEBUG - Traceback (most recent call last):
  File "/Users/eas/Desktop/github/emersonalmeida/emersonalmeida.github.io/project/uni/uni_v7.py", line 2034, in coletar_reviews_google_play
    "oldest": Sort.OLDEST,
  File "/Library/Developer/CommandLineTools/Library/Frameworks/Python3.framework/Versions/3.9/lib/python3.9/enum.py", line 429, in __getattr__
    raise AttributeError(name) from None
AttributeError: OLDEST

2025-12-12 03:31:13,202 - UNI_v7.2 - ERROR - Google Play Reviews: Erro inesperado: OLDEST
2025-12-12 03:31:13,202 - UNI_v7.2 - DEBUG - Traceback (most recent call last):
  File "/Users/eas/Desktop/github/emersonalmeida/emersonalmeida.github.io/project/uni/uni_v7.py", line 2034, in coletar_reviews_google_play
    "oldest": Sort.OLDEST,
  File "/Library/Developer/CommandLineTools/Library/Frameworks/Python3.framework/Versions/3.9/lib/python3.9/enum.py", line 429, in __getattr__
    raise AttributeError(name) from None
AttributeError: OLDEST

2025-12-12 03:31:13,202 - UNI_v7.2 - ERROR - Google Play Reviews: Erro inesperado: OLDEST
2025-12-12 03:31:13,202 - UNI_v7.2 - DEBUG - Traceback (most recent call last):
  File "/Users/eas/Desktop/github/emersonalmeida/emersonalmeida.github.io/project/uni/uni_v7.py", line 2034, in coletar_reviews_google_play
    "oldest": Sort.OLDEST,
  File "/Library/Developer/CommandLineTools/Library/Frameworks/Python3.framework/Versions/3.9/lib/python3.9/enum.py", line 429, in __getattr__
    raise AttributeError(name) from None
AttributeError: OLDEST

2025-12-12 03:31:13,202 - UNI_v7.2 - ERROR - Google Play Reviews: Erro inesperado: OLDEST
2025-12-12 03:31:13,202 - UNI_v7.2 - DEBUG - Traceback (most recent call last):
  File "/Users/eas/Desktop/github/emersonalmeida/emersonalmeida.github.io/project/uni/uni_v7.py", line 2034, in coletar_reviews_google_play
    "oldest": Sort.OLDEST,
  File "/Library/Developer/CommandLineTools/Library/Frameworks/Python3.framework/Versions/3.9/lib/python3.9/enum.py", line 429, in __getattr__
    raise AttributeError(name) from None
AttributeError: OLDEST

2025-12-12 03:31:13,202 - UNI_v7.2 - ERROR - Google Play Reviews: Erro inesperado: OLDEST
2025-12-12 03:31:13,202 - UNI_v7.2 - DEBUG - Traceback (most recent call last):
  File "/Users/eas/Desktop/github/emersonalmeida/emersonalmeida.github.io/project/uni/uni_v7.py", line 2034, in coletar_reviews_google_play
    "oldest": Sort.OLDEST,
  File "/Library/Developer/CommandLineTools/Library/Frameworks/Python3.framework/Versions/3.9/lib/python3.9/enum.py", line 429, in __getattr__
    raise AttributeError(name) from None
AttributeError: OLDEST

2025-12-12 03:31:13,202 - UNI_v7.2 - ERROR - Google Play Reviews: Erro inesperado: OLDEST
2025-12-12 03:31:13,202 - UNI_v7.2 - DEBUG - Traceback (most recent call last):
  File "/Users/eas/Desktop/github/emersonalmeida/emersonalmeida.github.io/project/uni/uni_v7.py", line 2034, in coletar_reviews_google_play
    "oldest": Sort.OLDEST,
  File "/Library/Developer/CommandLineTools/Library/Frameworks/Python3.framework/Versions/3.9/lib/python3.9/enum.py", line 429, in __getattr__
    raise AttributeError(name) from None
AttributeError: OLDEST

2025-12-12 03:31:13,202 - UNI_v7.2 - ERROR - Google Play Reviews: Erro inesperado: OLDEST
2025-12-12 03:31:13,202 - UNI_v7.2 - DEBUG - Traceback (most recent call last):
  File "/Users/eas/Desktop/github/emersonalmeida/emersonalmeida.github.io/project/uni/uni_v7.py", line 2034, in coletar_reviews_google_play
    "oldest": Sort.OLDEST,
  File "/Library/Developer/CommandLineTools/Library/Frameworks/Python3.framework/Versions/3.9/lib/python3.9/enum.py", line 429, in __getattr__
    raise AttributeError(name) from None
AttributeError: OLDEST

2025-12-12 03:31:13,202 - UNI_v7.2 - ERROR - Google Play Reviews: Erro inesperado: OLDEST
2025-12-12 03:31:13,202 - UNI_v7.2 - DEBUG - Traceback (most recent call last):
  File "/Users/eas/Desktop/github/emersonalmeida/emersonalmeida.github.io/project/uni/uni_v7.py", line 2034, in coletar_reviews_google_play
    "oldest": Sort.OLDEST,
  File "/Library/Developer/CommandLineTools/Library/Frameworks/Python3.framework/Versions/3.9/lib/python3.9/enum.py", line 429, in __getattr__
    raise AttributeError(name) from None
AttributeError: OLDEST

2025-12-12 03:31:13,202 - UNI_v7.2 - ERROR - Google Play Reviews: Erro inesperado: OLDEST
2025-12-12 03:31:13,202 - UNI_v7.2 - DEBUG - Traceback (most recent call last):
  File "/Users/eas/Desktop/github/emersonalmeida/emersonalmeida.github.io/project/uni/uni_v7.py", line 2034, in coletar_reviews_google_play
    "oldest": Sort.OLDEST,
  File "/Library/Developer/CommandLineTools/Library/Frameworks/Python3.framework/Versions/3.9/lib/python3.9/enum.py", line 429, in __getattr__
    raise AttributeError(name) from None
AttributeError: OLDEST

2025-12-12 03:31:13,202 - UNI_v7.2 - ERROR - Google Play Reviews: Erro inesperado: OLDEST
2025-12-12 03:31:13,202 - UNI_v7.2 - DEBUG - Traceback (most recent call last):
  File "/Users/eas/Desktop/github/emersonalmeida/emersonalmeida.github.io/project/uni/uni_v7.py", line 2034, in coletar_reviews_google_play
    "oldest": Sort.OLDEST,
  File "/Library/Developer/CommandLineTools/Library/Frameworks/Python3.framework/Versions/3.9/lib/python3.9/enum.py", line 429, in __getattr__
    raise AttributeError(name) from None
AttributeError: OLDEST

2025-12-12 03:31:13,202 - UNI_v7.2 - ERROR - Google Play Reviews: Erro inesperado: OLDEST
2025-12-12 03:31:13,203 - UNI_v7.2 - DEBUG - Traceback (most recent call last):
  File "/Users/eas/Desktop/github/emersonalmeida/emersonalmeida.github.io/project/uni/uni_v7.py", line 2034, in coletar_reviews_google_play
    "oldest": Sort.OLDEST,
  File "/Library/Developer/CommandLineTools/Library/Frameworks/Python3.framework/Versions/3.9/lib/python3.9/enum.py", line 429, in __getattr__
    raise AttributeError(name) from None
AttributeError: OLDEST

2025-12-12 03:31:13,203 - UNI_v7.2 - ERROR - Google Play Reviews: Erro inesperado: OLDEST
2025-12-12 03:31:13,203 - UNI_v7.2 - DEBUG - Traceback (most recent call last):
  File "/Users/eas/Desktop/github/emersonalmeida/emersonalmeida.github.io/project/uni/uni_v7.py", line 2034, in coletar_reviews_google_play
    "oldest": Sort.OLDEST,
  File "/Library/Developer/CommandLineTools/Library/Frameworks/Python3.framework/Versions/3.9/lib/python3.9/enum.py", line 429, in __getattr__
    raise AttributeError(name) from None
AttributeError: OLDEST

2025-12-12 03:31:13,203 - UNI_v7.2 - ERROR - Google Play Reviews: Erro inesperado: OLDEST
2025-12-12 03:31:13,203 - UNI_v7.2 - DEBUG - Traceback (most recent call last):
  File "/Users/eas/Desktop/github/emersonalmeida/emersonalmeida.github.io/project/uni/uni_v7.py", line 2034, in coletar_reviews_google_play
    "oldest": Sort.OLDEST,
  File "/Library/Developer/CommandLineTools/Library/Frameworks/Python3.framework/Versions/3.9/lib/python3.9/enum.py", line 429, in __getattr__
    raise AttributeError(name) from None
AttributeError: OLDEST

2025-12-12 03:31:13,203 - UNI_v7.2 - ERROR - Google Play Reviews: Erro inesperado: OLDEST
2025-12-12 03:31:13,203 - UNI_v7.2 - DEBUG - Traceback (most recent call last):
  File "/Users/eas/Desktop/github/emersonalmeida/emersonalmeida.github.io/project/uni/uni_v7.py", line 2034, in coletar_reviews_google_play
    "oldest": Sort.OLDEST,
  File "/Library/Developer/CommandLineTools/Library/Frameworks/Python3.framework/Versions/3.9/lib/python3.9/enum.py", line 429, in __getattr__
    raise AttributeError(name) from None
AttributeError: OLDEST

2025-12-12 03:31:13,203 - UNI_v7.2 - ERROR - Google Play Reviews: Erro inesperado: OLDEST
2025-12-12 03:31:13,203 - UNI_v7.2 - DEBUG - Traceback (most recent call last):
  File "/Users/eas/Desktop/github/emersonalmeida/emersonalmeida.github.io/project/uni/uni_v7.py", line 2034, in coletar_reviews_google_play
    "oldest": Sort.OLDEST,
  File "/Library/Developer/CommandLineTools/Library/Frameworks/Python3.framework/Versions/3.9/lib/python3.9/enum.py", line 429, in __getattr__
    raise AttributeError(name) from None
AttributeError: OLDEST

2025-12-12 03:31:13,203 - UNI_v7.2 - ERROR - Google Play Reviews: Erro inesperado: OLDEST
2025-12-12 03:31:13,203 - UNI_v7.2 - DEBUG - Traceback (most recent call last):
  File "/Users/eas/Desktop/github/emersonalmeida/emersonalmeida.github.io/project/uni/uni_v7.py", line 2034, in coletar_reviews_google_play
    "oldest": Sort.OLDEST,
  File "/Library/Developer/CommandLineTools/Library/Frameworks/Python3.framework/Versions/3.9/lib/python3.9/enum.py", line 429, in __getattr__
    raise AttributeError(name) from None
AttributeError: OLDEST

2025-12-12 03:31:13,203 - UNI_v7.2 - ERROR - Google Play Reviews: Erro inesperado: OLDEST
2025-12-12 03:31:13,203 - UNI_v7.2 - DEBUG - Traceback (most recent call last):
  File "/Users/eas/Desktop/github/emersonalmeida/emersonalmeida.github.io/project/uni/uni_v7.py", line 2034, in coletar_reviews_google_play
    "oldest": Sort.OLDEST,
  File "/Library/Developer/CommandLineTools/Library/Frameworks/Python3.framework/Versions/3.9/lib/python3.9/enum.py", line 429, in __getattr__
    raise AttributeError(name) from None
AttributeError: OLDEST

2025-12-12 03:31:13,203 - UNI_v7.2 - ERROR - Google Play Reviews: Erro inesperado: OLDEST
2025-12-12 03:31:13,203 - UNI_v7.2 - DEBUG - Traceback (most recent call last):
  File "/Users/eas/Desktop/github/emersonalmeida/emersonalmeida.github.io/project/uni/uni_v7.py", line 2034, in coletar_reviews_google_play
    "oldest": Sort.OLDEST,
  File "/Library/Developer/CommandLineTools/Library/Frameworks/Python3.framework/Versions/3.9/lib/python3.9/enum.py", line 429, in __getattr__
    raise AttributeError(name) from None
AttributeError: OLDEST

2025-12-12 03:31:13,203 - UNI_v7.2 - ERROR - Google Play Reviews: Erro inesperado: OLDEST
2025-12-12 03:31:13,203 - UNI_v7.2 - DEBUG - Traceback (most recent call last):
  File "/Users/eas/Desktop/github/emersonalmeida/emersonalmeida.github.io/project/uni/uni_v7.py", line 2034, in coletar_reviews_google_play
    "oldest": Sort.OLDEST,
  File "/Library/Developer/CommandLineTools/Library/Frameworks/Python3.framework/Versions/3.9/lib/python3.9/enum.py", line 429, in __getattr__
    raise AttributeError(name) from None
AttributeError: OLDEST

2025-12-12 03:31:13,203 - UNI_v7.2 - ERROR - Google Play Reviews: Erro inesperado: OLDEST
2025-12-12 03:31:13,203 - UNI_v7.2 - DEBUG - Traceback (most recent call last):
  File "/Users/eas/Desktop/github/emersonalmeida/emersonalmeida.github.io/project/uni/uni_v7.py", line 2034, in coletar_reviews_google_play
    "oldest": Sort.OLDEST,
  File "/Library/Developer/CommandLineTools/Library/Frameworks/Python3.framework/Versions/3.9/lib/python3.9/enum.py", line 429, in __getattr__
    raise AttributeError(name) from None
AttributeError: OLDEST

2025-12-12 03:31:13,203 - UNI_v7.2 - ERROR - Google Play Reviews: Erro inesperado: OLDEST
2025-12-12 03:31:13,203 - UNI_v7.2 - DEBUG - Traceback (most recent call last):
  File "/Users/eas/Desktop/github/emersonalmeida/emersonalmeida.github.io/project/uni/uni_v7.py", line 2034, in coletar_reviews_google_play
    "oldest": Sort.OLDEST,
  File "/Library/Developer/CommandLineTools/Library/Frameworks/Python3.framework/Versions/3.9/lib/python3.9/enum.py", line 429, in __getattr__
    raise AttributeError(name) from None
AttributeError: OLDEST

2025-12-12 03:31:13,204 - UNI_v7.2 - ERROR - Google Play Reviews: Erro inesperado: OLDEST
2025-12-12 03:31:13,204 - UNI_v7.2 - DEBUG - Traceback (most recent call last):
  File "/Users/eas/Desktop/github/emersonalmeida/emersonalmeida.github.io/project/uni/uni_v7.py", line 2034, in coletar_reviews_google_play
    "oldest": Sort.OLDEST,
  File "/Library/Developer/CommandLineTools/Library/Frameworks/Python3.framework/Versions/3.9/lib/python3.9/enum.py", line 429, in __getattr__
    raise AttributeError(name) from None
AttributeError: OLDEST

2025-12-12 03:31:13,204 - UNI_v7.2 - ERROR - Google Play Reviews: Erro inesperado: OLDEST
2025-12-12 03:31:13,204 - UNI_v7.2 - DEBUG - Traceback (most recent call last):
  File "/Users/eas/Desktop/github/emersonalmeida/emersonalmeida.github.io/project/uni/uni_v7.py", line 2034, in coletar_reviews_google_play
    "oldest": Sort.OLDEST,
  File "/Library/Developer/CommandLineTools/Library/Frameworks/Python3.framework/Versions/3.9/lib/python3.9/enum.py", line 429, in __getattr__
    raise AttributeError(name) from None
AttributeError: OLDEST

2025-12-12 03:31:13,204 - UNI_v7.2 - ERROR - Google Play Reviews: Erro inesperado: OLDEST
2025-12-12 03:31:13,204 - UNI_v7.2 - DEBUG - Traceback (most recent call last):
  File "/Users/eas/Desktop/github/emersonalmeida/emersonalmeida.github.io/project/uni/uni_v7.py", line 2034, in coletar_reviews_google_play
    "oldest": Sort.OLDEST,
  File "/Library/Developer/CommandLineTools/Library/Frameworks/Python3.framework/Versions/3.9/lib/python3.9/enum.py", line 429, in __getattr__
    raise AttributeError(name) from None
AttributeError: OLDEST

2025-12-12 03:31:13,205 - UNI_v7.2 - ERROR - Google Play Reviews: Erro inesperado: OLDEST
2025-12-12 03:31:13,205 - UNI_v7.2 - DEBUG - Traceback (most recent call last):
  File "/Users/eas/Desktop/github/emersonalmeida/emersonalmeida.github.io/project/uni/uni_v7.py", line 2034, in coletar_reviews_google_play
    "oldest": Sort.OLDEST,
  File "/Library/Developer/CommandLineTools/Library/Frameworks/Python3.framework/Versions/3.9/lib/python3.9/enum.py", line 429, in __getattr__
    raise AttributeError(name) from None
AttributeError: OLDEST

2025-12-12 03:31:13,205 - UNI_v7.2 - ERROR - Google Play Reviews: Erro inesperado: OLDEST
2025-12-12 03:31:13,205 - UNI_v7.2 - DEBUG - Traceback (most recent call last):
  File "/Users/eas/Desktop/github/emersonalmeida/emersonalmeida.github.io/project/uni/uni_v7.py", line 2034, in coletar_reviews_google_play
    "oldest": Sort.OLDEST,
  File "/Library/Developer/CommandLineTools/Library/Frameworks/Python3.framework/Versions/3.9/lib/python3.9/enum.py", line 429, in __getattr__
    raise AttributeError(name) from None
AttributeError: OLDEST

2025-12-12 03:31:13,205 - UNI_v7.2 - ERROR - Google Play Reviews: Erro inesperado: OLDEST
2025-12-12 03:31:13,205 - UNI_v7.2 - DEBUG - Traceback (most recent call last):
  File "/Users/eas/Desktop/github/emersonalmeida/emersonalmeida.github.io/project/uni/uni_v7.py", line 2034, in coletar_reviews_google_play
    "oldest": Sort.OLDEST,
  File "/Library/Developer/CommandLineTools/Library/Frameworks/Python3.framework/Versions/3.9/lib/python3.9/enum.py", line 429, in __getattr__
    raise AttributeError(name) from None
AttributeError: OLDEST

2025-12-12 03:31:13,205 - UNI_v7.2 - ERROR - Google Play Reviews: Erro inesperado: OLDEST
2025-12-12 03:31:13,206 - UNI_v7.2 - DEBUG - Traceback (most recent call last):
  File "/Users/eas/Desktop/github/emersonalmeida/emersonalmeida.github.io/project/uni/uni_v7.py", line 2034, in coletar_reviews_google_play
    "oldest": Sort.OLDEST,
  File "/Library/Developer/CommandLineTools/Library/Frameworks/Python3.framework/Versions/3.9/lib/python3.9/enum.py", line 429, in __getattr__
    raise AttributeError(name) from None
AttributeError: OLDEST

2025-12-12 03:31:13,206 - UNI_v7.2 - ERROR - Google Play Reviews: Erro inesperado: OLDEST
2025-12-12 03:31:13,206 - UNI_v7.2 - DEBUG - Traceback (most recent call last):
  File "/Users/eas/Desktop/github/emersonalmeida/emersonalmeida.github.io/project/uni/uni_v7.py", line 2034, in coletar_reviews_google_play
    "oldest": Sort.OLDEST,
  File "/Library/Developer/CommandLineTools/Library/Frameworks/Python3.framework/Versions/3.9/lib/python3.9/enum.py", line 429, in __getattr__
    raise AttributeError(name) from None
AttributeError: OLDEST

2025-12-12 03:31:13,206 - UNI_v7.2 - ERROR - Google Play Reviews: Erro inesperado: OLDEST
2025-12-12 03:31:13,206 - UNI_v7.2 - DEBUG - Traceback (most recent call last):
  File "/Users/eas/Desktop/github/emersonalmeida/emersonalmeida.github.io/project/uni/uni_v7.py", line 2034, in coletar_reviews_google_play
    "oldest": Sort.OLDEST,
  File "/Library/Developer/CommandLineTools/Library/Frameworks/Python3.framework/Versions/3.9/lib/python3.9/enum.py", line 429, in __getattr__
    raise AttributeError(name) from None
AttributeError: OLDEST

2025-12-12 03:31:13,206 - UNI_v7.2 - ERROR - Google Play Reviews: Erro inesperado: OLDEST
2025-12-12 03:31:13,206 - UNI_v7.2 - DEBUG - Traceback (most recent call last):
  File "/Users/eas/Desktop/github/emersonalmeida/emersonalmeida.github.io/project/uni/uni_v7.py", line 2034, in coletar_reviews_google_play
    "oldest": Sort.OLDEST,
  File "/Library/Developer/CommandLineTools/Library/Frameworks/Python3.framework/Versions/3.9/lib/python3.9/enum.py", line 429, in __getattr__
    raise AttributeError(name) from None
AttributeError: OLDEST

2025-12-12 03:31:13,206 - UNI_v7.2 - ERROR - Google Play Reviews: Erro inesperado: OLDEST
2025-12-12 03:31:13,206 - UNI_v7.2 - DEBUG - Traceback (most recent call last):
  File "/Users/eas/Desktop/github/emersonalmeida/emersonalmeida.github.io/project/uni/uni_v7.py", line 2034, in coletar_reviews_google_play
    "oldest": Sort.OLDEST,
  File "/Library/Developer/CommandLineTools/Library/Frameworks/Python3.framework/Versions/3.9/lib/python3.9/enum.py", line 429, in __getattr__
    raise AttributeError(name) from None
AttributeError: OLDEST

2025-12-12 03:31:13,206 - UNI_v7.2 - ERROR - Google Play Reviews: Erro inesperado: OLDEST
2025-12-12 03:31:13,206 - UNI_v7.2 - DEBUG - Traceback (most recent call last):
  File "/Users/eas/Desktop/github/emersonalmeida/emersonalmeida.github.io/project/uni/uni_v7.py", line 2034, in coletar_reviews_google_play
    "oldest": Sort.OLDEST,
  File "/Library/Developer/CommandLineTools/Library/Frameworks/Python3.framework/Versions/3.9/lib/python3.9/enum.py", line 429, in __getattr__
    raise AttributeError(name) from None
AttributeError: OLDEST

2025-12-12 03:31:13,206 - UNI_v7.2 - ERROR - Google Play Reviews: Erro inesperado: OLDEST
2025-12-12 03:31:13,207 - UNI_v7.2 - DEBUG - Traceback (most recent call last):
  File "/Users/eas/Desktop/github/emersonalmeida/emersonalmeida.github.io/project/uni/uni_v7.py", line 2034, in coletar_reviews_google_play
    "oldest": Sort.OLDEST,
  File "/Library/Developer/CommandLineTools/Library/Frameworks/Python3.framework/Versions/3.9/lib/python3.9/enum.py", line 429, in __getattr__
    raise AttributeError(name) from None
AttributeError: OLDEST

2025-12-12 03:31:13,207 - UNI_v7.2 - ERROR - Google Play Reviews: Erro inesperado: OLDEST
2025-12-12 03:31:13,207 - UNI_v7.2 - DEBUG - Traceback (most recent call last):
  File "/Users/eas/Desktop/github/emersonalmeida/emersonalmeida.github.io/project/uni/uni_v7.py", line 2034, in coletar_reviews_google_play
    "oldest": Sort.OLDEST,
  File "/Library/Developer/CommandLineTools/Library/Frameworks/Python3.framework/Versions/3.9/lib/python3.9/enum.py", line 429, in __getattr__
    raise AttributeError(name) from None
AttributeError: OLDEST

2025-12-12 03:31:13,207 - UNI_v7.2 - ERROR - Google Play Reviews: Erro inesperado: OLDEST
2025-12-12 03:31:13,207 - UNI_v7.2 - DEBUG - Traceback (most recent call last):
  File "/Users/eas/Desktop/github/emersonalmeida/emersonalmeida.github.io/project/uni/uni_v7.py", line 2034, in coletar_reviews_google_play
    "oldest": Sort.OLDEST,
  File "/Library/Developer/CommandLineTools/Library/Frameworks/Python3.framework/Versions/3.9/lib/python3.9/enum.py", line 429, in __getattr__
    raise AttributeError(name) from None
AttributeError: OLDEST

2025-12-12 03:31:13,207 - UNI_v7.2 - ERROR - Google Play Reviews: Erro inesperado: OLDEST
2025-12-12 03:31:13,207 - UNI_v7.2 - DEBUG - Traceback (most recent call last):
  File "/Users/eas/Desktop/github/emersonalmeida/emersonalmeida.github.io/project/uni/uni_v7.py", line 2034, in coletar_reviews_google_play
    "oldest": Sort.OLDEST,
  File "/Library/Developer/CommandLineTools/Library/Frameworks/Python3.framework/Versions/3.9/lib/python3.9/enum.py", line 429, in __getattr__
    raise AttributeError(name) from None
AttributeError: OLDEST

2025-12-12 03:31:13,207 - UNI_v7.2 - ERROR - Google Play Reviews: Erro inesperado: OLDEST
2025-12-12 03:31:13,207 - UNI_v7.2 - DEBUG - Traceback (most recent call last):
  File "/Users/eas/Desktop/github/emersonalmeida/emersonalmeida.github.io/project/uni/uni_v7.py", line 2034, in coletar_reviews_google_play
    "oldest": Sort.OLDEST,
  File "/Library/Developer/CommandLineTools/Library/Frameworks/Python3.framework/Versions/3.9/lib/python3.9/enum.py", line 429, in __getattr__
    raise AttributeError(name) from None
AttributeError: OLDEST

2025-12-12 03:31:13,207 - UNI_v7.2 - ERROR - Google Play Reviews: Erro inesperado: OLDEST
2025-12-12 03:31:13,208 - UNI_v7.2 - DEBUG - Traceback (most recent call last):
  File "/Users/eas/Desktop/github/emersonalmeida/emersonalmeida.github.io/project/uni/uni_v7.py", line 2034, in coletar_reviews_google_play
    "oldest": Sort.OLDEST,
  File "/Library/Developer/CommandLineTools/Library/Frameworks/Python3.framework/Versions/3.9/lib/python3.9/enum.py", line 429, in __getattr__
    raise AttributeError(name) from None
AttributeError: OLDEST

2025-12-12 03:31:13,208 - UNI_v7.2 - ERROR - Google Play Reviews: Erro inesperado: OLDEST
2025-12-12 03:31:13,208 - UNI_v7.2 - DEBUG - Traceback (most recent call last):
  File "/Users/eas/Desktop/github/emersonalmeida/emersonalmeida.github.io/project/uni/uni_v7.py", line 2034, in coletar_reviews_google_play
    "oldest": Sort.OLDEST,
  File "/Library/Developer/CommandLineTools/Library/Frameworks/Python3.framework/Versions/3.9/lib/python3.9/enum.py", line 429, in __getattr__
    raise AttributeError(name) from None
AttributeError: OLDEST

2025-12-12 03:31:13,208 - UNI_v7.2 - ERROR - Google Play Reviews: Erro inesperado: OLDEST
2025-12-12 03:31:13,208 - UNI_v7.2 - DEBUG - Traceback (most recent call last):
  File "/Users/eas/Desktop/github/emersonalmeida/emersonalmeida.github.io/project/uni/uni_v7.py", line 2034, in coletar_reviews_google_play
    "oldest": Sort.OLDEST,
  File "/Library/Developer/CommandLineTools/Library/Frameworks/Python3.framework/Versions/3.9/lib/python3.9/enum.py", line 429, in __getattr__
    raise AttributeError(name) from None
AttributeError: OLDEST

2025-12-12 03:31:13,208 - UNI_v7.2 - ERROR - Google Play Reviews: Erro inesperado: OLDEST
2025-12-12 03:31:13,208 - UNI_v7.2 - DEBUG - Traceback (most recent call last):
  File "/Users/eas/Desktop/github/emersonalmeida/emersonalmeida.github.io/project/uni/uni_v7.py", line 2034, in coletar_reviews_google_play
    "oldest": Sort.OLDEST,
  File "/Library/Developer/CommandLineTools/Library/Frameworks/Python3.framework/Versions/3.9/lib/python3.9/enum.py", line 429, in __getattr__
    raise AttributeError(name) from None
AttributeError: OLDEST

2025-12-12 03:31:13,208 - UNI_v7.2 - ERROR - Google Play Reviews: Erro inesperado: OLDEST
2025-12-12 03:31:13,208 - UNI_v7.2 - DEBUG - Traceback (most recent call last):
  File "/Users/eas/Desktop/github/emersonalmeida/emersonalmeida.github.io/project/uni/uni_v7.py", line 2034, in coletar_reviews_google_play
    "oldest": Sort.OLDEST,
  File "/Library/Developer/CommandLineTools/Library/Frameworks/Python3.framework/Versions/3.9/lib/python3.9/enum.py", line 429, in __getattr__
    raise AttributeError(name) from None
AttributeError: OLDEST

2025-12-12 03:31:13,208 - UNI_v7.2 - ERROR - Google Play Reviews: Erro inesperado: OLDEST
2025-12-12 03:31:13,208 - UNI_v7.2 - DEBUG - Traceback (most recent call last):
  File "/Users/eas/Desktop/github/emersonalmeida/emersonalmeida.github.io/project/uni/uni_v7.py", line 2034, in coletar_reviews_google_play
    "oldest": Sort.OLDEST,
  File "/Library/Developer/CommandLineTools/Library/Frameworks/Python3.framework/Versions/3.9/lib/python3.9/enum.py", line 429, in __getattr__
    raise AttributeError(name) from None
AttributeError: OLDEST

2025-12-12 03:31:13,209 - UNI_v7.2 - ERROR - Google Play Reviews: Erro inesperado: OLDEST
2025-12-12 03:31:13,209 - UNI_v7.2 - DEBUG - Traceback (most recent call last):
  File "/Users/eas/Desktop/github/emersonalmeida/emersonalmeida.github.io/project/uni/uni_v7.py", line 2034, in coletar_reviews_google_play
    "oldest": Sort.OLDEST,
  File "/Library/Developer/CommandLineTools/Library/Frameworks/Python3.framework/Versions/3.9/lib/python3.9/enum.py", line 429, in __getattr__
    raise AttributeError(name) from None
AttributeError: OLDEST

2025-12-12 03:31:13,209 - UNI_v7.2 - ERROR - Google Play Reviews: Erro inesperado: OLDEST
2025-12-12 03:31:13,209 - UNI_v7.2 - DEBUG - Traceback (most recent call last):
  File "/Users/eas/Desktop/github/emersonalmeida/emersonalmeida.github.io/project/uni/uni_v7.py", line 2034, in coletar_reviews_google_play
    "oldest": Sort.OLDEST,
  File "/Library/Developer/CommandLineTools/Library/Frameworks/Python3.framework/Versions/3.9/lib/python3.9/enum.py", line 429, in __getattr__
    raise AttributeError(name) from None
AttributeError: OLDEST

2025-12-12 03:31:13,210 - UNI_v7.2 - ERROR - Google Play Reviews: Erro inesperado: OLDEST
2025-12-12 03:31:13,210 - UNI_v7.2 - DEBUG - Traceback (most recent call last):
  File "/Users/eas/Desktop/github/emersonalmeida/emersonalmeida.github.io/project/uni/uni_v7.py", line 2034, in coletar_reviews_google_play
    "oldest": Sort.OLDEST,
  File "/Library/Developer/CommandLineTools/Library/Frameworks/Python3.framework/Versions/3.9/lib/python3.9/enum.py", line 429, in __getattr__
    raise AttributeError(name) from None
AttributeError: OLDEST

2025-12-12 03:31:13,210 - UNI_v7.2 - ERROR - Google Play Reviews: Erro inesperado: OLDEST
2025-12-12 03:31:13,210 - UNI_v7.2 - DEBUG - Traceback (most recent call last):
  File "/Users/eas/Desktop/github/emersonalmeida/emersonalmeida.github.io/project/uni/uni_v7.py", line 2034, in coletar_reviews_google_play
    "oldest": Sort.OLDEST,
  File "/Library/Developer/CommandLineTools/Library/Frameworks/Python3.framework/Versions/3.9/lib/python3.9/enum.py", line 429, in __getattr__
    raise AttributeError(name) from None
AttributeError: OLDEST

2025-12-12 03:31:13,210 - UNI_v7.2 - ERROR - Google Play Reviews: Erro inesperado: OLDEST
2025-12-12 03:31:13,210 - UNI_v7.2 - DEBUG - Traceback (most recent call last):
  File "/Users/eas/Desktop/github/emersonalmeida/emersonalmeida.github.io/project/uni/uni_v7.py", line 2034, in coletar_reviews_google_play
    "oldest": Sort.OLDEST,
  File "/Library/Developer/CommandLineTools/Library/Frameworks/Python3.framework/Versions/3.9/lib/python3.9/enum.py", line 429, in __getattr__
    raise AttributeError(name) from None
AttributeError: OLDEST

2025-12-12 03:31:13,211 - UNI_v7.2 - ERROR - Google Play Reviews: Erro inesperado: OLDEST
2025-12-12 03:31:13,211 - UNI_v7.2 - DEBUG - Traceback (most recent call last):
  File "/Users/eas/Desktop/github/emersonalmeida/emersonalmeida.github.io/project/uni/uni_v7.py", line 2034, in coletar_reviews_google_play
    "oldest": Sort.OLDEST,
  File "/Library/Developer/CommandLineTools/Library/Frameworks/Python3.framework/Versions/3.9/lib/python3.9/enum.py", line 429, in __getattr__
    raise AttributeError(name) from None
AttributeError: OLDEST

2025-12-12 03:31:13,211 - UNI_v7.2 - ERROR - Google Play Reviews: Erro inesperado: OLDEST
2025-12-12 03:31:13,211 - UNI_v7.2 - DEBUG - Traceback (most recent call last):
  File "/Users/eas/Desktop/github/emersonalmeida/emersonalmeida.github.io/project/uni/uni_v7.py", line 2034, in coletar_reviews_google_play
    "oldest": Sort.OLDEST,
  File "/Library/Developer/CommandLineTools/Library/Frameworks/Python3.framework/Versions/3.9/lib/python3.9/enum.py", line 429, in __getattr__
    raise AttributeError(name) from None
AttributeError: OLDEST

2025-12-12 03:31:13,211 - UNI_v7.2 - ERROR - Google Play Reviews: Erro inesperado: OLDEST
2025-12-12 03:31:13,211 - UNI_v7.2 - DEBUG - Traceback (most recent call last):
  File "/Users/eas/Desktop/github/emersonalmeida/emersonalmeida.github.io/project/uni/uni_v7.py", line 2034, in coletar_reviews_google_play
    "oldest": Sort.OLDEST,
  File "/Library/Developer/CommandLineTools/Library/Frameworks/Python3.framework/Versions/3.9/lib/python3.9/enum.py", line 429, in __getattr__
    raise AttributeError(name) from None
AttributeError: OLDEST

2025-12-12 03:31:13,211 - UNI_v7.2 - ERROR - Google Play Reviews: Erro inesperado: OLDEST
2025-12-12 03:31:13,211 - UNI_v7.2 - DEBUG - Traceback (most recent call last):
  File "/Users/eas/Desktop/github/emersonalmeida/emersonalmeida.github.io/project/uni/uni_v7.py", line 2034, in coletar_reviews_google_play
    "oldest": Sort.OLDEST,
  File "/Library/Developer/CommandLineTools/Library/Frameworks/Python3.framework/Versions/3.9/lib/python3.9/enum.py", line 429, in __getattr__
    raise AttributeError(name) from None
AttributeError: OLDEST

2025-12-12 03:31:13,211 - UNI_v7.2 - ERROR - Google Play Reviews: Erro inesperado: OLDEST
2025-12-12 03:31:13,211 - UNI_v7.2 - DEBUG - Traceback (most recent call last):
  File "/Users/eas/Desktop/github/emersonalmeida/emersonalmeida.github.io/project/uni/uni_v7.py", line 2034, in coletar_reviews_google_play
    "oldest": Sort.OLDEST,
  File "/Library/Developer/CommandLineTools/Library/Frameworks/Python3.framework/Versions/3.9/lib/python3.9/enum.py", line 429, in __getattr__
    raise AttributeError(name) from None
AttributeError: OLDEST

2025-12-12 03:31:13,211 - UNI_v7.2 - ERROR - Google Play Reviews: Erro inesperado: OLDEST
2025-12-12 03:31:13,211 - UNI_v7.2 - DEBUG - Traceback (most recent call last):
  File "/Users/eas/Desktop/github/emersonalmeida/emersonalmeida.github.io/project/uni/uni_v7.py", line 2034, in coletar_reviews_google_play
    "oldest": Sort.OLDEST,
  File "/Library/Developer/CommandLineTools/Library/Frameworks/Python3.framework/Versions/3.9/lib/python3.9/enum.py", line 429, in __getattr__
    raise AttributeError(name) from None
AttributeError: OLDEST

2025-12-12 03:31:13,211 - UNI_v7.2 - ERROR - Google Play Reviews: Erro inesperado: OLDEST
2025-12-12 03:31:13,212 - UNI_v7.2 - DEBUG - Traceback (most recent call last):
  File "/Users/eas/Desktop/github/emersonalmeida/emersonalmeida.github.io/project/uni/uni_v7.py", line 2034, in coletar_reviews_google_play
    "oldest": Sort.OLDEST,
  File "/Library/Developer/CommandLineTools/Library/Frameworks/Python3.framework/Versions/3.9/lib/python3.9/enum.py", line 429, in __getattr__
    raise AttributeError(name) from None
AttributeError: OLDEST

2025-12-12 03:31:13,212 - UNI_v7.2 - ERROR - Google Play Reviews: Erro inesperado: OLDEST
2025-12-12 03:31:13,212 - UNI_v7.2 - DEBUG - Traceback (most recent call last):
  File "/Users/eas/Desktop/github/emersonalmeida/emersonalmeida.github.io/project/uni/uni_v7.py", line 2034, in coletar_reviews_google_play
    "oldest": Sort.OLDEST,
  File "/Library/Developer/CommandLineTools/Library/Frameworks/Python3.framework/Versions/3.9/lib/python3.9/enum.py", line 429, in __getattr__
    raise AttributeError(name) from None
AttributeError: OLDEST

2025-12-12 03:31:13,212 - UNI_v7.2 - ERROR - Google Play Reviews: Erro inesperado: OLDEST
2025-12-12 03:31:13,212 - UNI_v7.2 - DEBUG - Traceback (most recent call last):
  File "/Users/eas/Desktop/github/emersonalmeida/emersonalmeida.github.io/project/uni/uni_v7.py", line 2034, in coletar_reviews_google_play
    "oldest": Sort.OLDEST,
  File "/Library/Developer/CommandLineTools/Library/Frameworks/Python3.framework/Versions/3.9/lib/python3.9/enum.py", line 429, in __getattr__
    raise AttributeError(name) from None
AttributeError: OLDEST

2025-12-12 03:31:13,215 - UNI_v7.2 - INFO - Apple App Store: Iniciando coleta para 'BITCOIN' (limite: 20, tentativa 1/3)
2025-12-12 03:31:13,217 - Base - INFO - Searching for app id
2025-12-12 03:31:13,217 - Base - DEBUG - Making a GET request: https://www.google.com/search
2025-12-12 03:31:13,227 - urllib3.connectionpool - DEBUG - Starting new HTTPS connection (1): www.google.com:443
2025-12-12 03:31:13,417 - urllib3.connectionpool - DEBUG - https://www.google.com:443 "GET /search?q=app+store+bitcoin HTTP/1.1" 200 None
2025-12-12 03:31:13,436 - UNI_v7.2 - WARNING - Apple App Store: Tentativa 1 falhou: 'NoneType' object has no attribute 'group'
2025-12-12 03:31:15,441 - UNI_v7.2 - INFO - Apple App Store: Iniciando coleta para 'BITCOIN' (limite: 20, tentativa 2/3)
2025-12-12 03:31:15,441 - Base - INFO - Searching for app id
2025-12-12 03:31:15,441 - Base - DEBUG - Making a GET request: https://www.google.com/search
2025-12-12 03:31:15,443 - urllib3.connectionpool - DEBUG - Starting new HTTPS connection (1): www.google.com:443
2025-12-12 03:31:15,629 - urllib3.connectionpool - DEBUG - https://www.google.com:443 "GET /search?q=app+store+bitcoin HTTP/1.1" 200 None
2025-12-12 03:31:15,723 - UNI_v7.2 - WARNING - Apple App Store: Tentativa 2 falhou: 'NoneType' object has no attribute 'group'
2025-12-12 03:31:17,729 - UNI_v7.2 - INFO - Apple App Store: Iniciando coleta para 'BITCOIN' (limite: 20, tentativa 3/3)
2025-12-12 03:31:17,729 - Base - INFO - Searching for app id
2025-12-12 03:31:17,729 - Base - DEBUG - Making a GET request: https://www.google.com/search
2025-12-12 03:31:17,731 - urllib3.connectionpool - DEBUG - Starting new HTTPS connection (1): www.google.com:443
2025-12-12 03:31:17,931 - urllib3.connectionpool - DEBUG - https://www.google.com:443 "GET /search?q=app+store+bitcoin HTTP/1.1" 200 None
2025-12-12 03:31:18,022 - UNI_v7.2 - WARNING - Apple App Store: Tentativa 3 falhou: 'NoneType' object has no attribute 'group'
2025-12-12 03:31:18,022 - UNI_v7.2 - ERROR - Apple App Store: Todas as tentativas falharam
2025-12-12 03:31:18,036 - UNI_v7.2 - DEBUG - Traceback (most recent call last):
  File "/Users/eas/Desktop/github/emersonalmeida/emersonalmeida.github.io/project/uni/uni_v7.py", line 2182, in coletar_apple_store
    store = AppStore(country=country, app_name=term)
  File "/Users/eas/Library/Python/3.9/lib/python/site-packages/app_store_scraper/app_store.py", line 23, in __init__
    super().__init__(
  File "/Users/eas/Library/Python/3.9/lib/python/site-packages/app_store_scraper/base.py", line 47, in __init__
    app_id = self.search_id()
  File "/Users/eas/Library/Python/3.9/lib/python/site-packages/app_store_scraper/base.py", line 175, in search_id
    app_id = re.search(pattern, self._response.text).group(1)
AttributeError: 'NoneType' object has no attribute 'group'

2025-12-12 03:31:18,036 - UNI_v7.2 - INFO - Reddit: Iniciando coleta para 'BITCOIN' (subreddit: all, limite: 10)
2025-12-12 03:31:18,038 - prawcore - DEBUG - Fetching: GET https://oauth.reddit.com/r/all/search/ at 1765521078.0381298
2025-12-12 03:31:18,038 - prawcore - DEBUG - Data: None
2025-12-12 03:31:18,038 - prawcore - DEBUG - Params: {'limit': 10,
 'q': 'BITCOIN',
 'raw_json': 1,
 'restrict_sr': False,
 'sort': 'relevance',
 'syntax': 'lucene',
 't': 'all'}
2025-12-12 03:31:18,049 - urllib3.connectionpool - DEBUG - Starting new HTTPS connection (1): www.reddit.com:443
2025-12-12 03:31:18,236 - urllib3.connectionpool - DEBUG - https://www.reddit.com:443 "POST /api/v1/access_token HTTP/1.1" 200 654
2025-12-12 03:31:18,248 - urllib3.connectionpool - DEBUG - Starting new HTTPS connection (1): oauth.reddit.com:443
2025-12-12 03:31:18,746 - urllib3.connectionpool - DEBUG - https://oauth.reddit.com:443 "GET /r/all/search/?q=BITCOIN&restrict_sr=False&sort=relevance&syntax=lucene&t=all&limit=10&raw_json=1 HTTP/1.1" 200 8398
2025-12-12 03:31:18,786 - prawcore - DEBUG - Response: 200 (8398 bytes) (rst-521:rem-999.0:used-1 ratelimit) at 1765521078.786853
2025-12-12 03:31:18,804 - prawcore - DEBUG - Fetching: GET https://oauth.reddit.com/r/Buttcoin/about/ at 1765521078.804008
2025-12-12 03:31:18,804 - prawcore - DEBUG - Data: None
2025-12-12 03:31:18,808 - prawcore - DEBUG - Params: {'raw_json': 1}
2025-12-12 03:31:19,044 - urllib3.connectionpool - DEBUG - https://oauth.reddit.com:443 "GET /r/Buttcoin/about/?raw_json=1 HTTP/1.1" 200 3589
2025-12-12 03:31:19,085 - prawcore - DEBUG - Response: 200 (3589 bytes) (rst-520:rem-998.0:used-2 ratelimit) at 1765521079.081891
2025-12-12 03:31:19,120 - prawcore - DEBUG - Fetching: GET https://oauth.reddit.com/user/FUMoney/about/ at 1765521079.120487
2025-12-12 03:31:19,123 - prawcore - DEBUG - Data: None
2025-12-12 03:31:19,123 - prawcore - DEBUG - Params: {'raw_json': 1}
2025-12-12 03:31:19,332 - urllib3.connectionpool - DEBUG - https://oauth.reddit.com:443 "GET /user/FUMoney/about/?raw_json=1 HTTP/1.1" 200 852
2025-12-12 03:31:19,334 - prawcore - DEBUG - Response: 200 (852 bytes) (rst-520:rem-997.0:used-3 ratelimit) at 1765521079.334699
2025-12-12 03:31:19,359 - prawcore - DEBUG - Fetching: GET https://oauth.reddit.com/comments/1p2ppaz/ at 1765521079.359784
2025-12-12 03:31:19,359 - prawcore - DEBUG - Data: None
2025-12-12 03:31:19,359 - prawcore - DEBUG - Params: {'limit': 2048, 'raw_json': 1, 'sort': 'confidence'}
2025-12-12 03:31:20,084 - urllib3.connectionpool - DEBUG - https://oauth.reddit.com:443 "GET /comments/1p2ppaz/?limit=2048&sort=confidence&raw_json=1 HTTP/1.1" 200 20264
2025-12-12 03:31:20,088 - prawcore - DEBUG - Response: 200 (20264 bytes) (rst-520:rem-996.0:used-4 ratelimit) at 1765521080.088075
2025-12-12 03:31:20,097 - prawcore - DEBUG - Fetching: GET https://oauth.reddit.com/r/Bitcoin/about/ at 1765521080.097346
2025-12-12 03:31:20,097 - prawcore - DEBUG - Data: None
2025-12-12 03:31:20,098 - prawcore - DEBUG - Params: {'raw_json': 1}
2025-12-12 03:31:20,295 - urllib3.connectionpool - DEBUG - https://oauth.reddit.com:443 "GET /r/Bitcoin/about/?raw_json=1 HTTP/1.1" 200 5253
2025-12-12 03:31:20,300 - prawcore - DEBUG - Response: 200 (5253 bytes) (rst-519:rem-995.0:used-5 ratelimit) at 1765521080.300033
2025-12-12 03:31:20,300 - prawcore - DEBUG - Fetching: GET https://oauth.reddit.com/user/Green_Candler/about/ at 1765521080.3006878
2025-12-12 03:31:20,300 - prawcore - DEBUG - Data: None
2025-12-12 03:31:20,300 - prawcore - DEBUG - Params: {'raw_json': 1}
2025-12-12 03:31:20,497 - urllib3.connectionpool - DEBUG - https://oauth.reddit.com:443 "GET /user/Green_Candler/about/?raw_json=1 HTTP/1.1" 200 844
2025-12-12 03:31:20,498 - prawcore - DEBUG - Response: 200 (844 bytes) (rst-519:rem-994.0:used-6 ratelimit) at 1765521080.498515
2025-12-12 03:31:20,500 - prawcore - DEBUG - Fetching: GET https://oauth.reddit.com/r/Bitcoin/about/ at 1765521080.500153
2025-12-12 03:31:20,500 - prawcore - DEBUG - Data: None
2025-12-12 03:31:20,500 - prawcore - DEBUG - Params: {'raw_json': 1}
2025-12-12 03:31:20,685 - urllib3.connectionpool - DEBUG - https://oauth.reddit.com:443 "GET /r/Bitcoin/about/?raw_json=1 HTTP/1.1" 200 5253
2025-12-12 03:31:20,686 - prawcore - DEBUG - Response: 200 (5253 bytes) (rst-519:rem-993.0:used-7 ratelimit) at 1765521080.686385
2025-12-12 03:31:20,686 - prawcore - DEBUG - Fetching: GET https://oauth.reddit.com/user/Ashamed-Designer-174/about/ at 1765521080.686701
2025-12-12 03:31:20,686 - prawcore - DEBUG - Data: None
2025-12-12 03:31:20,686 - prawcore - DEBUG - Params: {'raw_json': 1}
2025-12-12 03:31:21,134 - urllib3.connectionpool - DEBUG - https://oauth.reddit.com:443 "GET /user/Ashamed-Designer-174/about/?raw_json=1 HTTP/1.1" 200 746
2025-12-12 03:31:21,134 - prawcore - DEBUG - Response: 200 (746 bytes) (rst-518:rem-992.0:used-8 ratelimit) at 1765521081.134893
2025-12-12 03:31:21,136 - prawcore - DEBUG - Fetching: GET https://oauth.reddit.com/r/Bitcoin/about/ at 1765521081.1361852
2025-12-12 03:31:21,136 - prawcore - DEBUG - Data: None
2025-12-12 03:31:21,136 - prawcore - DEBUG - Params: {'raw_json': 1}
2025-12-12 03:31:21,328 - urllib3.connectionpool - DEBUG - https://oauth.reddit.com:443 "GET /r/Bitcoin/about/?raw_json=1 HTTP/1.1" 200 5253
2025-12-12 03:31:21,329 - prawcore - DEBUG - Response: 200 (5253 bytes) (rst-518:rem-991.0:used-9 ratelimit) at 1765521081.329084
2025-12-12 03:31:21,329 - prawcore - DEBUG - Fetching: GET https://oauth.reddit.com/user/I_killed_the_kraken/about/ at 1765521081.32943
2025-12-12 03:31:21,329 - prawcore - DEBUG - Data: None
2025-12-12 03:31:21,329 - prawcore - DEBUG - Params: {'raw_json': 1}
2025-12-12 03:31:21,520 - urllib3.connectionpool - DEBUG - https://oauth.reddit.com:443 "GET /user/I_killed_the_kraken/about/?raw_json=1 HTTP/1.1" 200 1012
2025-12-12 03:31:21,520 - prawcore - DEBUG - Response: 200 (1012 bytes) (rst-518:rem-990.0:used-10 ratelimit) at 1765521081.520581
2025-12-12 03:31:21,521 - prawcore - DEBUG - Fetching: GET https://oauth.reddit.com/comments/1pf7oou/ at 1765521081.521893
2025-12-12 03:31:21,521 - prawcore - DEBUG - Data: None
2025-12-12 03:31:21,522 - prawcore - DEBUG - Params: {'limit': 2048, 'raw_json': 1, 'sort': 'confidence'}
2025-12-12 03:31:23,120 - urllib3.connectionpool - DEBUG - https://oauth.reddit.com:443 "GET /comments/1pf7oou/?limit=2048&sort=confidence&raw_json=1 HTTP/1.1" 200 50162
2025-12-12 03:31:23,248 - prawcore - DEBUG - Response: 200 (50162 bytes) (rst-518:rem-989.0:used-11 ratelimit) at 1765521083.248458
2025-12-12 03:31:23,266 - prawcore - DEBUG - Fetching: GET https://oauth.reddit.com/r/Anticonsumption/about/ at 1765521083.266743
2025-12-12 03:31:23,266 - prawcore - DEBUG - Data: None
2025-12-12 03:31:23,266 - prawcore - DEBUG - Params: {'raw_json': 1}
2025-12-12 03:31:23,466 - urllib3.connectionpool - DEBUG - https://oauth.reddit.com:443 "GET /r/Anticonsumption/about/?raw_json=1 HTTP/1.1" 200 4913
2025-12-12 03:31:23,466 - prawcore - DEBUG - Response: 200 (4913 bytes) (rst-516:rem-988.0:used-12 ratelimit) at 1765521083.466888
2025-12-12 03:31:23,467 - prawcore - DEBUG - Fetching: GET https://oauth.reddit.com/user/gnarlytabby/about/ at 1765521083.467416
2025-12-12 03:31:23,467 - prawcore - DEBUG - Data: None
2025-12-12 03:31:23,467 - prawcore - DEBUG - Params: {'raw_json': 1}
2025-12-12 03:31:23,784 - urllib3.connectionpool - DEBUG - https://oauth.reddit.com:443 "GET /user/gnarlytabby/about/?raw_json=1 HTTP/1.1" 200 771
2025-12-12 03:31:23,785 - prawcore - DEBUG - Response: 200 (771 bytes) (rst-516:rem-987.0:used-13 ratelimit) at 1765521083.7855098
2025-12-12 03:31:23,786 - prawcore - DEBUG - Fetching: GET https://oauth.reddit.com/r/Bitcoin/about/ at 1765521083.786876
2025-12-12 03:31:23,786 - prawcore - DEBUG - Data: None
2025-12-12 03:31:23,786 - prawcore - DEBUG - Params: {'raw_json': 1}
2025-12-12 03:31:23,978 - urllib3.connectionpool - DEBUG - https://oauth.reddit.com:443 "GET /r/Bitcoin/about/?raw_json=1 HTTP/1.1" 200 5253
2025-12-12 03:31:23,979 - prawcore - DEBUG - Response: 200 (5253 bytes) (rst-515:rem-986.0:used-14 ratelimit) at 1765521083.979111
2025-12-12 03:31:23,979 - prawcore - DEBUG - Fetching: GET https://oauth.reddit.com/user/Realistts/about/ at 1765521083.979434
2025-12-12 03:31:23,979 - prawcore - DEBUG - Data: None
2025-12-12 03:31:23,979 - prawcore - DEBUG - Params: {'raw_json': 1}
2025-12-12 03:31:24,177 - urllib3.connectionpool - DEBUG - https://oauth.reddit.com:443 "GET /user/Realistts/about/?raw_json=1 HTTP/1.1" 404 None
2025-12-12 03:31:24,178 - prawcore - DEBUG - Response: 404 (None bytes) (rst-515:rem-985.0:used-15 ratelimit) at 1765521084.178224
2025-12-12 03:31:24,178 - UNI_v7.2 - ERROR - Reddit: Erro na coleta: received 404 HTTP response
2025-12-12 03:31:24,198 - UNI_v7.2 - DEBUG - Traceback (most recent call last):
  File "/Users/eas/Desktop/github/emersonalmeida/emersonalmeida.github.io/project/uni/uni_v7.py", line 1451, in coletar_reddit
    "author_flair": getattr(post.author, 'flair_text', '') if post.author else "",
  File "/Users/eas/Library/Python/3.9/lib/python/site-packages/praw/models/reddit/base.py", line 38, in __getattr__
    self._fetch()
  File "/Users/eas/Library/Python/3.9/lib/python/site-packages/praw/models/reddit/redditor.py", line 181, in _fetch
    data = self._fetch_data()
  File "/Users/eas/Library/Python/3.9/lib/python/site-packages/praw/models/reddit/base.py", line 89, in _fetch_data
    return self._reddit.request(method="GET", params=params, path=path)
  File "/Users/eas/Library/Python/3.9/lib/python/site-packages/praw/util/deprecate_args.py", line 46, in wrapped
    return func(**dict(zip(_old_args, args)), **kwargs)
  File "/Users/eas/Library/Python/3.9/lib/python/site-packages/praw/reddit.py", line 963, in request
    return self._core.request(
  File "/Users/eas/Library/Python/3.9/lib/python/site-packages/prawcore/sessions.py", line 328, in request
    return self._request_with_retries(
  File "/Users/eas/Library/Python/3.9/lib/python/site-packages/prawcore/sessions.py", line 267, in _request_with_retries
    raise self.STATUS_EXCEPTIONS[response.status_code](response)
prawcore.exceptions.NotFound: received 404 HTTP response

2025-12-12 03:31:24,199 - UNI_v7.2 - INFO - Google News: Iniciando coleta para 'BITCOIN' (limite: 10)
2025-12-12 03:31:24,218 - urllib3.connectionpool - DEBUG - Starting new HTTPS connection (1): gnews.io:443
2025-12-12 03:31:24,834 - urllib3.connectionpool - DEBUG - https://gnews.io:443 "GET /api/v4/search?q=BITCOIN&lang=pt&country=br&max=10&apikey=91a7bc222ecfdac6c60019c4fb1ec87c&from=20 HTTP/1.1" 200 None
2025-12-12 03:31:24,835 - UNI_v7.2 - INFO - Google News: Coletados 10 resultados com sucesso
2025-12-12 03:31:24,835 - UNI_v7.2 - INFO - arXiv: Iniciando coleta para 'BITCOIN' (limite: 20)
2025-12-12 03:31:24,971 - urllib3.connectionpool - DEBUG - Starting new HTTP connection (1): export.arxiv.org:80
2025-12-12 03:31:24,985 - urllib3.connectionpool - DEBUG - http://export.arxiv.org:80 "GET /api/query?search_query=all:BITCOIN&start=0&max_results=20&sortBy=relevance HTTP/1.1" 301 0
2025-12-12 03:31:24,987 - urllib3.connectionpool - DEBUG - Starting new HTTPS connection (1): export.arxiv.org:443
2025-12-12 03:31:25,618 - urllib3.connectionpool - DEBUG - https://export.arxiv.org:443 "GET /api/query?search_query=all:BITCOIN&start=0&max_results=20&sortBy=relevance HTTP/1.1" 200 38212
2025-12-12 03:31:25,639 - UNI_v7.2 - INFO - arXiv: Coletados 20 resultados com sucesso
2025-12-12 03:31:25,639 - UNI_v7.2 - INFO - Google Scholar: Iniciando coleta para 'BITCOIN' (limite: 20, tentativa 1/3)
2025-12-12 03:31:25,658 - urllib3.connectionpool - DEBUG - Starting new HTTPS connection (1): api.semanticscholar.org:443
2025-12-12 03:31:25,891 - urllib3.connectionpool - DEBUG - https://api.semanticscholar.org:443 "GET /graph/v1/paper/search?query=BITCOIN&limit=20&fields=title%2Cauthors%2Cyear%2Curl%2Cabstract%2CcitationCount%2CreferenceCount%2Cvenue%2CfieldsOfStudy%2CpublicationTypes%2CpublicationDate%2Cjournal%2CexternalIds%2CisOpenAccess%2CopenAccessPdf HTTP/1.1" 429 144
2025-12-12 03:31:25,891 - urllib3.util.retry - DEBUG - Incremented Retry for (url='/graph/v1/paper/search?query=BITCOIN&limit=20&fields=title%2Cauthors%2Cyear%2Curl%2Cabstract%2CcitationCount%2CreferenceCount%2Cvenue%2CfieldsOfStudy%2CpublicationTypes%2CpublicationDate%2Cjournal%2CexternalIds%2CisOpenAccess%2CopenAccessPdf'): Retry(total=4, connect=None, read=None, redirect=None, status=None)
2025-12-12 03:31:25,891 - urllib3.connectionpool - DEBUG - Retry: /graph/v1/paper/search?query=BITCOIN&limit=20&fields=title%2Cauthors%2Cyear%2Curl%2Cabstract%2CcitationCount%2CreferenceCount%2Cvenue%2CfieldsOfStudy%2CpublicationTypes%2CpublicationDate%2Cjournal%2CexternalIds%2CisOpenAccess%2CopenAccessPdf
2025-12-12 03:31:26,529 - urllib3.connectionpool - DEBUG - https://api.semanticscholar.org:443 "GET /graph/v1/paper/search?query=BITCOIN&limit=20&fields=title%2Cauthors%2Cyear%2Curl%2Cabstract%2CcitationCount%2CreferenceCount%2Cvenue%2CfieldsOfStudy%2CpublicationTypes%2CpublicationDate%2Cjournal%2CexternalIds%2CisOpenAccess%2CopenAccessPdf HTTP/1.1" 429 144
2025-12-12 03:31:26,529 - urllib3.util.retry - DEBUG - Incremented Retry for (url='/graph/v1/paper/search?query=BITCOIN&limit=20&fields=title%2Cauthors%2Cyear%2Curl%2Cabstract%2CcitationCount%2CreferenceCount%2Cvenue%2CfieldsOfStudy%2CpublicationTypes%2CpublicationDate%2Cjournal%2CexternalIds%2CisOpenAccess%2CopenAccessPdf'): Retry(total=3, connect=None, read=None, redirect=None, status=None)
2025-12-12 03:31:27,532 - urllib3.connectionpool - DEBUG - Retry: /graph/v1/paper/search?query=BITCOIN&limit=20&fields=title%2Cauthors%2Cyear%2Curl%2Cabstract%2CcitationCount%2CreferenceCount%2Cvenue%2CfieldsOfStudy%2CpublicationTypes%2CpublicationDate%2Cjournal%2CexternalIds%2CisOpenAccess%2CopenAccessPdf
2025-12-12 03:31:28,167 - urllib3.connectionpool - DEBUG - https://api.semanticscholar.org:443 "GET /graph/v1/paper/search?query=BITCOIN&limit=20&fields=title%2Cauthors%2Cyear%2Curl%2Cabstract%2CcitationCount%2CreferenceCount%2Cvenue%2CfieldsOfStudy%2CpublicationTypes%2CpublicationDate%2Cjournal%2CexternalIds%2CisOpenAccess%2CopenAccessPdf HTTP/1.1" 429 144
2025-12-12 03:31:28,167 - urllib3.util.retry - DEBUG - Incremented Retry for (url='/graph/v1/paper/search?query=BITCOIN&limit=20&fields=title%2Cauthors%2Cyear%2Curl%2Cabstract%2CcitationCount%2CreferenceCount%2Cvenue%2CfieldsOfStudy%2CpublicationTypes%2CpublicationDate%2Cjournal%2CexternalIds%2CisOpenAccess%2CopenAccessPdf'): Retry(total=2, connect=None, read=None, redirect=None, status=None)
2025-12-12 03:31:30,170 - urllib3.connectionpool - DEBUG - Retry: /graph/v1/paper/search?query=BITCOIN&limit=20&fields=title%2Cauthors%2Cyear%2Curl%2Cabstract%2CcitationCount%2CreferenceCount%2Cvenue%2CfieldsOfStudy%2CpublicationTypes%2CpublicationDate%2Cjournal%2CexternalIds%2CisOpenAccess%2CopenAccessPdf
2025-12-12 03:31:30,371 - urllib3.connectionpool - DEBUG - https://api.semanticscholar.org:443 "GET /graph/v1/paper/search?query=BITCOIN&limit=20&fields=title%2Cauthors%2Cyear%2Curl%2Cabstract%2CcitationCount%2CreferenceCount%2Cvenue%2CfieldsOfStudy%2CpublicationTypes%2CpublicationDate%2Cjournal%2CexternalIds%2CisOpenAccess%2CopenAccessPdf HTTP/1.1" 429 144
2025-12-12 03:31:30,372 - urllib3.util.retry - DEBUG - Incremented Retry for (url='/graph/v1/paper/search?query=BITCOIN&limit=20&fields=title%2Cauthors%2Cyear%2Curl%2Cabstract%2CcitationCount%2CreferenceCount%2Cvenue%2CfieldsOfStudy%2CpublicationTypes%2CpublicationDate%2Cjournal%2CexternalIds%2CisOpenAccess%2CopenAccessPdf'): Retry(total=1, connect=None, read=None, redirect=None, status=None)
2025-12-12 03:31:34,372 - urllib3.connectionpool - DEBUG - Retry: /graph/v1/paper/search?query=BITCOIN&limit=20&fields=title%2Cauthors%2Cyear%2Curl%2Cabstract%2CcitationCount%2CreferenceCount%2Cvenue%2CfieldsOfStudy%2CpublicationTypes%2CpublicationDate%2Cjournal%2CexternalIds%2CisOpenAccess%2CopenAccessPdf
2025-12-12 03:31:34,946 - urllib3.connectionpool - DEBUG - https://api.semanticscholar.org:443 "GET /graph/v1/paper/search?query=BITCOIN&limit=20&fields=title%2Cauthors%2Cyear%2Curl%2Cabstract%2CcitationCount%2CreferenceCount%2Cvenue%2CfieldsOfStudy%2CpublicationTypes%2CpublicationDate%2Cjournal%2CexternalIds%2CisOpenAccess%2CopenAccessPdf HTTP/1.1" 429 144
2025-12-12 03:31:34,960 - urllib3.util.retry - DEBUG - Incremented Retry for (url='/graph/v1/paper/search?query=BITCOIN&limit=20&fields=title%2Cauthors%2Cyear%2Curl%2Cabstract%2CcitationCount%2CreferenceCount%2Cvenue%2CfieldsOfStudy%2CpublicationTypes%2CpublicationDate%2Cjournal%2CexternalIds%2CisOpenAccess%2CopenAccessPdf'): Retry(total=0, connect=None, read=None, redirect=None, status=None)
2025-12-12 03:31:42,963 - urllib3.connectionpool - DEBUG - Retry: /graph/v1/paper/search?query=BITCOIN&limit=20&fields=title%2Cauthors%2Cyear%2Curl%2Cabstract%2CcitationCount%2CreferenceCount%2Cvenue%2CfieldsOfStudy%2CpublicationTypes%2CpublicationDate%2Cjournal%2CexternalIds%2CisOpenAccess%2CopenAccessPdf
2025-12-12 03:31:43,527 - urllib3.connectionpool - DEBUG - https://api.semanticscholar.org:443 "GET /graph/v1/paper/search?query=BITCOIN&limit=20&fields=title%2Cauthors%2Cyear%2Curl%2Cabstract%2CcitationCount%2CreferenceCount%2Cvenue%2CfieldsOfStudy%2CpublicationTypes%2CpublicationDate%2Cjournal%2CexternalIds%2CisOpenAccess%2CopenAccessPdf HTTP/1.1" 429 144
2025-12-12 03:31:43,528 - UNI_v7.2 - WARNING - Google Scholar: Tentativa 1 falhou: HTTPSConnectionPool(host='api.semanticscholar.org', port=443): Max retries exceeded with url: /graph/v1/paper/search?query=BITCOIN&limit=20&fields=title%2Cauthors%2Cyear%2Curl%2Cabstract%2CcitationCount%2CreferenceCount%2Cvenue%2CfieldsOfStudy%2CpublicationTypes%2CpublicationDate%2Cjournal%2CexternalIds%2CisOpenAccess%2CopenAccessPdf (Caused by ResponseError('too many 429 error responses'))
2025-12-12 03:31:45,533 - UNI_v7.2 - INFO - Google Scholar: Iniciando coleta para 'BITCOIN' (limite: 20, tentativa 2/3)
2025-12-12 03:31:46,109 - urllib3.connectionpool - DEBUG - https://api.semanticscholar.org:443 "GET /graph/v1/paper/search?query=BITCOIN&limit=20&fields=title%2Cauthors%2Cyear%2Curl%2Cabstract%2CcitationCount%2CreferenceCount%2Cvenue%2CfieldsOfStudy%2CpublicationTypes%2CpublicationDate%2Cjournal%2CexternalIds%2CisOpenAccess%2CopenAccessPdf HTTP/1.1" 429 144
2025-12-12 03:31:46,110 - urllib3.util.retry - DEBUG - Incremented Retry for (url='/graph/v1/paper/search?query=BITCOIN&limit=20&fields=title%2Cauthors%2Cyear%2Curl%2Cabstract%2CcitationCount%2CreferenceCount%2Cvenue%2CfieldsOfStudy%2CpublicationTypes%2CpublicationDate%2Cjournal%2CexternalIds%2CisOpenAccess%2CopenAccessPdf'): Retry(total=4, connect=None, read=None, redirect=None, status=None)
2025-12-12 03:31:46,110 - urllib3.connectionpool - DEBUG - Retry: /graph/v1/paper/search?query=BITCOIN&limit=20&fields=title%2Cauthors%2Cyear%2Curl%2Cabstract%2CcitationCount%2CreferenceCount%2Cvenue%2CfieldsOfStudy%2CpublicationTypes%2CpublicationDate%2Cjournal%2CexternalIds%2CisOpenAccess%2CopenAccessPdf
2025-12-12 03:31:47,525 - urllib3.connectionpool - DEBUG - https://api.semanticscholar.org:443 "GET /graph/v1/paper/search?query=BITCOIN&limit=20&fields=title%2Cauthors%2Cyear%2Curl%2Cabstract%2CcitationCount%2CreferenceCount%2Cvenue%2CfieldsOfStudy%2CpublicationTypes%2CpublicationDate%2Cjournal%2CexternalIds%2CisOpenAccess%2CopenAccessPdf HTTP/1.1" 200 42010
2025-12-12 03:31:47,532 - UNI_v7.2 - INFO - Google Scholar: Coletados 20 resultados com sucesso
2025-12-12 03:31:47,532 - UNI_v7.2 - INFO - Wikipedia: Iniciando coleta para 'BITCOIN' (limite: 20, lang: pt)
2025-12-12 03:31:47,548 - urllib3.connectionpool - DEBUG - Starting new HTTPS connection (1): pt.wikipedia.org:443
2025-12-12 03:31:47,891 - urllib3.connectionpool - DEBUG - https://pt.wikipedia.org:443 "GET /w/api.php?action=query&format=json&list=search&srsearch=BITCOIN&srlimit=20&srnamespace=0 HTTP/1.1" 200 None
2025-12-12 03:31:47,895 - urllib3.connectionpool - DEBUG - Starting new HTTPS connection (1): pt.wikipedia.org:443
2025-12-12 03:31:47,999 - urllib3.connectionpool - DEBUG - https://pt.wikipedia.org:443 "GET /api/rest_v1/page/summary/Bitcoin HTTP/1.1" 200 633
2025-12-12 03:31:48,002 - urllib3.connectionpool - DEBUG - Starting new HTTPS connection (1): pt.wikipedia.org:443
2025-12-12 03:31:48,118 - urllib3.connectionpool - DEBUG - https://pt.wikipedia.org:443 "GET /api/rest_v1/page/summary/Satoshi_Nakamoto HTTP/1.1" 200 996
2025-12-12 03:31:48,123 - urllib3.connectionpool - DEBUG - Starting new HTTPS connection (1): pt.wikipedia.org:443
2025-12-12 03:31:48,224 - urllib3.connectionpool - DEBUG - https://pt.wikipedia.org:443 "GET /api/rest_v1/page/summary/Mercado_Bitcoin HTTP/1.1" 200 779
2025-12-12 03:31:48,230 - urllib3.connectionpool - DEBUG - Starting new HTTPS connection (1): pt.wikipedia.org:443
2025-12-12 03:31:48,331 - urllib3.connectionpool - DEBUG - https://pt.wikipedia.org:443 "GET /api/rest_v1/page/summary/Minera%C3%A7%C3%A3o_de_Bitcoin HTTP/1.1" 200 795
2025-12-12 03:31:48,335 - urllib3.connectionpool - DEBUG - Starting new HTTPS connection (1): pt.wikipedia.org:443
2025-12-12 03:31:48,432 - urllib3.connectionpool - DEBUG - https://pt.wikipedia.org:443 "GET /api/rest_v1/page/summary/Litecoin HTTP/1.1" 200 723
2025-12-12 03:31:48,437 - urllib3.connectionpool - DEBUG - Starting new HTTPS connection (1): pt.wikipedia.org:443
2025-12-12 03:31:48,540 - urllib3.connectionpool - DEBUG - https://pt.wikipedia.org:443 "GET /api/rest_v1/page/summary/Monero HTTP/1.1" 200 656
2025-12-12 03:31:48,544 - urllib3.connectionpool - DEBUG - Starting new HTTPS connection (1): pt.wikipedia.org:443
2025-12-12 03:31:48,646 - urllib3.connectionpool - DEBUG - https://pt.wikipedia.org:443 "GET /api/rest_v1/page/summary/Hal_Finney HTTP/1.1" 200 775
2025-12-12 03:31:48,651 - urllib3.connectionpool - DEBUG - Starting new HTTPS connection (1): pt.wikipedia.org:443
2025-12-12 03:31:48,753 - urllib3.connectionpool - DEBUG - https://pt.wikipedia.org:443 "GET /api/rest_v1/page/summary/Vitalik_Buterin HTTP/1.1" 200 631
2025-12-12 03:31:48,756 - urllib3.connectionpool - DEBUG - Starting new HTTPS connection (1): pt.wikipedia.org:443
2025-12-12 03:31:48,857 - urllib3.connectionpool - DEBUG - https://pt.wikipedia.org:443 "GET /api/rest_v1/page/summary/El_Salvador HTTP/1.1" 200 903
2025-12-12 03:31:48,861 - urllib3.connectionpool - DEBUG - Starting new HTTPS connection (1): pt.wikipedia.org:443
2025-12-12 03:31:48,962 - urllib3.connectionpool - DEBUG - https://pt.wikipedia.org:443 "GET /api/rest_v1/page/summary/Criptomoeda HTTP/1.1" 200 946
2025-12-12 03:31:48,967 - urllib3.connectionpool - DEBUG - Starting new HTTPS connection (1): pt.wikipedia.org:443
2025-12-12 03:31:49,085 - urllib3.connectionpool - DEBUG - https://pt.wikipedia.org:443 "GET /api/rest_v1/page/summary/Lista_de_criptomoedas HTTP/1.1" 200 713
2025-12-12 03:31:49,102 - urllib3.connectionpool - DEBUG - Starting new HTTPS connection (1): pt.wikipedia.org:443
2025-12-12 03:31:49,292 - urllib3.connectionpool - DEBUG - https://pt.wikipedia.org:443 "GET /api/rest_v1/page/summary/Lista_de_portas_dos_protocolos_TCP_e_UDP HTTP/1.1" 200 824
2025-12-12 03:31:49,336 - urllib3.connectionpool - DEBUG - Starting new HTTPS connection (1): pt.wikipedia.org:443
2025-12-12 03:31:49,528 - urllib3.connectionpool - DEBUG - https://pt.wikipedia.org:443 "GET /api/rest_v1/page/summary/Blockchain HTTP/1.1" 200 1002
2025-12-12 03:31:49,615 - urllib3.connectionpool - DEBUG - Starting new HTTPS connection (1): pt.wikipedia.org:443
2025-12-12 03:31:49,750 - urllib3.connectionpool - DEBUG - https://pt.wikipedia.org:443 "GET /api/rest_v1/page/summary/Tether_(criptomoeda) HTTP/1.1" 200 683
2025-12-12 03:31:49,753 - urllib3.connectionpool - DEBUG - Starting new HTTPS connection (1): pt.wikipedia.org:443
2025-12-12 03:31:49,885 - urllib3.connectionpool - DEBUG - https://pt.wikipedia.org:443 "GET /api/rest_v1/page/summary/Bitcoin_Cash HTTP/1.1" 200 1160
2025-12-12 03:31:49,901 - urllib3.connectionpool - DEBUG - Starting new HTTPS connection (1): pt.wikipedia.org:443
2025-12-12 03:31:50,004 - urllib3.connectionpool - DEBUG - https://pt.wikipedia.org:443 "GET /api/rest_v1/page/summary/Reserva_estrat%C3%A9gica_de_bitcoin HTTP/1.1" 200 663
2025-12-12 03:31:50,008 - urllib3.connectionpool - DEBUG - Starting new HTTPS connection (1): pt.wikipedia.org:443
2025-12-12 03:31:50,255 - urllib3.connectionpool - DEBUG - https://pt.wikipedia.org:443 "GET /api/rest_v1/page/summary/Fazendas_de_Bitcoin HTTP/1.1" 200 732
2025-12-12 03:31:50,259 - urllib3.connectionpool - DEBUG - Starting new HTTPS connection (1): pt.wikipedia.org:443
2025-12-12 03:31:50,355 - urllib3.connectionpool - DEBUG - https://pt.wikipedia.org:443 "GET /api/rest_v1/page/summary/Nayib_Bukele HTTP/1.1" 200 747
2025-12-12 03:31:50,358 - urllib3.connectionpool - DEBUG - Starting new HTTPS connection (1): pt.wikipedia.org:443
2025-12-12 03:31:50,456 - urllib3.connectionpool - DEBUG - https://pt.wikipedia.org:443 "GET /api/rest_v1/page/summary/Nick_Szabo HTTP/1.1" 200 776
2025-12-12 03:31:50,460 - urllib3.connectionpool - DEBUG - Starting new HTTPS connection (1): pt.wikipedia.org:443
2025-12-12 03:31:50,566 - urllib3.connectionpool - DEBUG - https://pt.wikipedia.org:443 "GET /api/rest_v1/page/summary/Kraken_(empresa) HTTP/1.1" 200 579
2025-12-12 03:31:50,568 - UNI_v7.2 - INFO - Wikipedia: Coletados 20 resultados com sucesso
2025-12-12 03:31:50,589 - urllib3.connectionpool - DEBUG - Starting new HTTPS connection (1): api.github.com:443
2025-12-12 03:31:51,395 - urllib3.connectionpool - DEBUG - https://api.github.com:443 "GET /search/repositories?q=BITCOIN&sort=stars&order=desc&per_page=20 HTTP/1.1" 200 None
2025-12-12 03:31:51,414 - UNI_v7.2 - INFO - GitHub: Coletados 20 resultados com sucesso
2025-12-12 03:31:51,415 - UNI_v7.2 - INFO - Hacker News: Iniciando coleta para 'BITCOIN' (limite: 20)
2025-12-12 03:31:51,430 - urllib3.connectionpool - DEBUG - Starting new HTTPS connection (1): hn.algolia.com:443
2025-12-12 03:31:51,824 - urllib3.connectionpool - DEBUG - https://hn.algolia.com:443 "GET /api/v1/search?query=BITCOIN&tags=story&hitsPerPage=20&numericFilters= HTTP/1.1" 200 28429
2025-12-12 03:31:51,871 - UNI_v7.2 - INFO - Hacker News: Coletados 20 resultados com sucesso
2025-12-12 03:31:51,871 - UNI_v7.2 - INFO - : JSON salvo em metadados_coleta.json
2025-12-12 03:31:51,939 - UNI_v7.2 - INFO - Suggest-chrome-web-top: Salvo 15 registros com 9 colunas em suggest_chrome_web_top.csv (0.9 KB)
2025-12-12 03:31:51,940 - UNI_v7.2 - INFO - Suggest-chrome-web-a-z: Salvo 15 registros com 9 colunas em suggest_chrome_web_a_z.csv (0.9 KB)
2025-12-12 03:31:51,942 - UNI_v7.2 - INFO - Suggest-chrome-youtube-top: Salvo 15 registros com 9 colunas em suggest_chrome_youtube_top.csv (0.9 KB)
2025-12-12 03:31:51,944 - UNI_v7.2 - INFO - Suggest-chrome-youtube-a-z: Salvo 15 registros com 9 colunas em suggest_chrome_youtube_a_z.csv (0.9 KB)
2025-12-12 03:31:51,949 - UNI_v7.2 - INFO - SERP-Brave: Salvo 20 registros com 13 colunas em serp_brave.csv (7.5 KB)
2025-12-12 03:31:51,952 - UNI_v7.2 - INFO - SERP-Duckduckgo: Salvo 17 registros com 8 colunas em serp_duckduckgo.csv (6.0 KB)
2025-12-12 03:31:51,956 - UNI_v7.2 - INFO - SERP-Bing: Salvo 10 registros com 13 colunas em serp_bing.csv (6.8 KB)
2025-12-12 03:31:51,959 - UNI_v7.2 - INFO - YouTube-relevance: Salvo 20 registros com 30 colunas em youtube_relevance.csv (47.8 KB)
2025-12-12 03:31:51,964 - UNI_v7.2 - INFO - YouTube-date: Salvo 20 registros com 30 colunas em youtube_date.csv (34.2 KB)
2025-12-12 03:31:51,966 - UNI_v7.2 - INFO - YouTube-viewCount: Salvo 20 registros com 30 colunas em youtube_viewcount.csv (15.4 KB)
2025-12-12 03:31:51,972 - UNI_v7.2 - INFO - AppStore-Google Play: Salvo 20 registros com 28 colunas em appstore_google_play.csv (79.9 KB)
2025-12-12 03:31:51,976 - UNI_v7.2 - INFO - Reddit: Salvo 5 registros com 37 colunas em reddit.csv (8.0 KB)
2025-12-12 03:31:51,982 - UNI_v7.2 - INFO - Google News: Salvo 10 registros com 13 colunas em google_news.csv (8.4 KB)
2025-12-12 03:31:51,987 - UNI_v7.2 - INFO - arXiv: Salvo 20 registros com 18 colunas em arxiv.csv (27.2 KB)
2025-12-12 03:31:51,990 - UNI_v7.2 - INFO - Google Scholar: Salvo 20 registros com 20 colunas em google_scholar.csv (28.9 KB)
2025-12-12 03:31:51,992 - UNI_v7.2 - INFO - Wikipedia: Salvo 20 registros com 24 colunas em wikipedia.csv (29.8 KB)
2025-12-12 03:31:51,994 - UNI_v7.2 - INFO - GitHub: Salvo 20 registros com 38 colunas em github.csv (13.9 KB)
2025-12-12 03:31:51,996 - UNI_v7.2 - INFO - Hacker News: Salvo 20 registros com 18 colunas em hacker_news.csv (4.2 KB)
2025-12-12 03:31:51,996 - UNI_v7.2 - INFO - Iniciando criação da base de dados consolidada...
2025-12-12 03:31:52,125 - UNI_v7.2 - INFO - Base de dados consolidada salva: 302 registros, 194 colunas, 397.4 KB
2025-12-12 03:31:52,140 - UNI_v7.2 - WARNING - Não foi possível salvar Excel: No module named 'openpyxl'
2025-12-12 03:31:52,141 - UNI_v7.2 - WARNING - Não foi possível salvar Parquet: Unable to find a usable engine; tried using: 'pyarrow', 'fastparquet'.
A suitable version of pyarrow or fastparquet is required for parquet support.
Trying to import the above resulted in these errors:
 - Missing optional dependency 'pyarrow'. pyarrow is required for parquet support. Use pip or conda to install pyarrow.
 - Missing optional dependency 'fastparquet'. fastparquet is required for parquet support. Use pip or conda to install fastparquet.
2025-12-12 03:31:52,197 - UNI_v7.2 - INFO - Resumo: JSON salvo em resumo_estatistico_BI_C_I__20251212_033152.json
2025-12-12 03:31:52,208 - UNI_v7.2 - INFO - : JSON salvo em resultados_completos.json
2025-12-12 03:31:52,234 - UNI_v7.2 - INFO - Qualidade: JSON salvo em analise_qualidade.json
2025-12-12 03:31:52,236 - UNI_v7.2 - INFO - Google Suggest: Iniciando coleta para 'BITCOIN' (limite: 15)
2025-12-12 03:31:52,341 - urllib3.connectionpool - DEBUG - https://suggestqueries.google.com:443 "GET /complete/search?q=BITCOIN&gl=us&client=chrome&hl=en HTTP/1.1" 200 None
2025-12-12 03:31:52,341 - UNI_v7.2 - INFO - Google Suggest: Coletados 15 resultados com sucesso
2025-12-12 03:31:52,341 - UNI_v7.2 - INFO - Google Suggest: Iniciando coleta para 'BITCOIN' (limite: 15)
2025-12-12 03:31:52,436 - urllib3.connectionpool - DEBUG - https://suggestqueries.google.com:443 "GET /complete/search?q=BITCOIN&gl=us&client=chrome&hl=en HTTP/1.1" 200 None
2025-12-12 03:31:52,436 - UNI_v7.2 - INFO - Google Suggest: Coletados 15 resultados com sucesso
2025-12-12 03:31:52,436 - UNI_v7.2 - INFO - Google Suggest: Iniciando coleta para 'BITCOIN' (limite: 15)
2025-12-12 03:31:52,540 - urllib3.connectionpool - DEBUG - https://suggestqueries.google.com:443 "GET /complete/search?q=BITCOIN&gl=us&client=chrome&hl=en HTTP/1.1" 200 None
2025-12-12 03:31:52,541 - UNI_v7.2 - INFO - Google Suggest: Coletados 0 resultados com sucesso
2025-12-12 03:31:52,541 - UNI_v7.2 - INFO - Google Suggest: Iniciando coleta para 'BITCOIN' (limite: 15)
2025-12-12 03:31:52,647 - urllib3.connectionpool - DEBUG - https://suggestqueries.google.com:443 "GET /complete/search?q=BITCOIN&gl=us&client=chrome&hl=en HTTP/1.1" 200 None
2025-12-12 03:31:52,648 - UNI_v7.2 - INFO - Google Suggest: Coletados 0 resultados com sucesso
2025-12-12 03:31:52,648 - UNI_v7.2 - INFO - Google Suggest: Iniciando coleta para 'BITCOIN' (limite: 15)
2025-12-12 03:31:52,781 - urllib3.connectionpool - DEBUG - https://suggestqueries.google.com:443 "GET /complete/search?q=BITCOIN&gl=us&client=chrome&hl=en&ds=yt HTTP/1.1" 200 322
2025-12-12 03:31:52,790 - UNI_v7.2 - INFO - Google Suggest: Coletados 15 resultados com sucesso
2025-12-12 03:31:52,790 - UNI_v7.2 - INFO - Google Suggest: Iniciando coleta para 'BITCOIN' (limite: 15)
2025-12-12 03:31:53,005 - urllib3.connectionpool - DEBUG - https://suggestqueries.google.com:443 "GET /complete/search?q=BITCOIN&gl=us&client=chrome&hl=en&ds=yt HTTP/1.1" 200 322
2025-12-12 03:31:53,015 - UNI_v7.2 - INFO - Google Suggest: Coletados 15 resultados com sucesso
2025-12-12 03:31:53,015 - UNI_v7.2 - INFO - Google Suggest: Iniciando coleta para 'BITCOIN' (limite: 15)
2025-12-12 03:31:53,145 - urllib3.connectionpool - DEBUG - https://suggestqueries.google.com:443 "GET /complete/search?q=BITCOIN&gl=us&client=chrome&hl=en&ds=yt HTTP/1.1" 200 322
2025-12-12 03:31:53,146 - UNI_v7.2 - INFO - Google Suggest: Coletados 0 resultados com sucesso
2025-12-12 03:31:53,146 - UNI_v7.2 - INFO - Google Suggest: Iniciando coleta para 'BITCOIN' (limite: 15)
2025-12-12 03:31:53,282 - urllib3.connectionpool - DEBUG - https://suggestqueries.google.com:443 "GET /complete/search?q=BITCOIN&gl=us&client=chrome&hl=en&ds=yt HTTP/1.1" 200 322
2025-12-12 03:31:53,295 - UNI_v7.2 - INFO - Google Suggest: Coletados 0 resultados com sucesso
2025-12-12 03:31:53,304 - UNI_v7.2 - INFO - Google: Iniciando coleta para 'BITCOIN' (limite: 20, tentativa 1/3)
2025-12-12 03:31:53,322 - UNI_v7.2 - INFO - Bing: Iniciando coleta para 'BITCOIN' (limite: 20, tentativa 1/3)
2025-12-12 03:31:53,336 - UNI_v7.2 - INFO - Brave: Iniciando coleta para 'BITCOIN' (limite: 20, tentativa 1/3)
2025-12-12 03:31:53,359 - UNI_v7.2 - INFO - DuckDuckGo: Iniciando coleta para 'BITCOIN' (limite: 20, tentativa 1/3)
2025-12-12 03:31:53,381 - googleapiclient.discovery_cache - INFO - file_cache is only supported with oauth2client<4.0.0
2025-12-12 03:31:53,386 - primp.utils - DEBUG - Loaded CA certs
2025-12-12 03:31:53,394 - primp.utils - DEBUG - Loaded CA certs
2025-12-12 03:31:53,418 - googleapiclient.discovery - DEBUG - URL being requested: GET https://customsearch.googleapis.com/customsearch/v1?q=BITCOIN&cx=f07ccd3b922d6437b&gl=us&lr=lang_pt&start=1&num=10&safe=off&key=AIzaSyBj80B2fwVvFEMtcQU8tPV_NCNaEmQvzhc&alt=json
2025-12-12 03:31:53,421 - primp.utils - DEBUG - Loaded CA certs
2025-12-12 03:31:53,421 - primp.utils - DEBUG - Loaded CA certs
2025-12-12 03:31:53,421 - primp.utils - DEBUG - Loaded CA certs
2025-12-12 03:31:53,421 - primp.utils - DEBUG - Loaded CA certs
2025-12-12 03:31:53,421 - primp.utils - DEBUG - Loaded CA certs
2025-12-12 03:31:53,421 - primp.utils - DEBUG - Loaded CA certs
2025-12-12 03:31:53,423 - httpcore.connection - DEBUG - connect_tcp.started host='html.duckduckgo.com' port=443 local_address=None timeout=5 socket_options=None
2025-12-12 03:31:53,423 - ddgs.ddgs - INFO - Error in engine wikipedia: ValueError('not enough values to unpack (expected 2, got 1)')
2025-12-12 03:31:53,423 - ddgs.ddgs - INFO - Error in engine bing: ValueError('not enough values to unpack (expected 2, got 1)')
2025-12-12 03:31:53,424 - rquest.connect - DEBUG - starting new connection: https://search.yahoo.com/
2025-12-12 03:31:53,424 - rquest.util.client.connect.dns - DEBUG - resolving search.yahoo.com
2025-12-12 03:31:53,430 - rquest.util.client.connect.http - DEBUG - connecting to 66.218.84.137:443
2025-12-12 03:31:53,449 - httpcore.connection - DEBUG - connect_tcp.complete return_value=<httpcore._backends.sync.SyncStream object at 0x10ff18ca0>
2025-12-12 03:31:53,449 - httpcore.connection - DEBUG - start_tls.started ssl_context=<ssl.SSLContext object at 0x10fe93cf0> server_hostname='html.duckduckgo.com' timeout=5
2025-12-12 03:31:53,486 - httpcore.connection - DEBUG - start_tls.complete return_value=<httpcore._backends.sync.SyncStream object at 0x10ff18c70>
2025-12-12 03:31:53,487 - httpcore.http2 - DEBUG - send_connection_init.started request=<Request [b'POST']>
2025-12-12 03:31:53,487 - httpcore.http2 - DEBUG - send_connection_init.complete
2025-12-12 03:31:53,487 - httpcore.http2 - DEBUG - send_request_headers.started request=<Request [b'POST']> stream_id=1
2025-12-12 03:31:53,487 - hpack.hpack - DEBUG - Adding (b':method', b'POST') to the header table, sensitive:False, huffman:True
2025-12-12 03:31:53,487 - hpack.hpack - DEBUG - Encoding 3 with 7 bits
2025-12-12 03:31:53,487 - hpack.hpack - DEBUG - Adding (b':authority', b'html.duckduckgo.com') to the header table, sensitive:False, huffman:True
2025-12-12 03:31:53,487 - hpack.hpack - DEBUG - Encoding 1 with 6 bits
2025-12-12 03:31:53,487 - hpack.hpack - DEBUG - Encoding 14 with 7 bits
2025-12-12 03:31:53,487 - hpack.hpack - DEBUG - Adding (b':scheme', b'https') to the header table, sensitive:False, huffman:True
2025-12-12 03:31:53,487 - hpack.hpack - DEBUG - Encoding 7 with 7 bits
2025-12-12 03:31:53,487 - hpack.hpack - DEBUG - Adding (b':path', b'/html/') to the header table, sensitive:False, huffman:True
2025-12-12 03:31:53,488 - hpack.hpack - DEBUG - Encoding 4 with 6 bits
2025-12-12 03:31:53,488 - hpack.hpack - DEBUG - Encoding 5 with 7 bits
2025-12-12 03:31:53,488 - hpack.hpack - DEBUG - Adding (b'accept', b'*/*') to the header table, sensitive:False, huffman:True
2025-12-12 03:31:53,488 - hpack.hpack - DEBUG - Encoding 19 with 6 bits
2025-12-12 03:31:53,488 - hpack.hpack - DEBUG - Encoding 3 with 7 bits
2025-12-12 03:31:53,488 - hpack.hpack - DEBUG - Adding (b'accept-encoding', b'gzip, deflate, br') to the header table, sensitive:False, huffman:True
2025-12-12 03:31:53,488 - hpack.hpack - DEBUG - Encoding 16 with 6 bits
2025-12-12 03:31:53,488 - hpack.hpack - DEBUG - Encoding 13 with 7 bits
2025-12-12 03:31:53,488 - hpack.hpack - DEBUG - Adding (b'user-agent', b'python-httpx/0.28.1') to the header table, sensitive:False, huffman:True
2025-12-12 03:31:53,488 - hpack.hpack - DEBUG - Encoding 58 with 6 bits
2025-12-12 03:31:53,488 - hpack.hpack - DEBUG - Encoding 14 with 7 bits
2025-12-12 03:31:53,488 - hpack.hpack - DEBUG - Adding (b'content-length', b'17') to the header table, sensitive:False, huffman:True
2025-12-12 03:31:53,488 - hpack.hpack - DEBUG - Encoding 28 with 6 bits
2025-12-12 03:31:53,488 - hpack.hpack - DEBUG - Encoding 2 with 7 bits
2025-12-12 03:31:53,489 - hpack.hpack - DEBUG - Adding (b'content-type', b'application/x-www-form-urlencoded') to the header table, sensitive:False, huffman:True
2025-12-12 03:31:53,489 - hpack.hpack - DEBUG - Encoding 31 with 6 bits
2025-12-12 03:31:53,489 - hpack.hpack - DEBUG - Encoding 24 with 7 bits
2025-12-12 03:31:53,489 - hpack.hpack - DEBUG - Encoded header block to b"\x83A\x8e\x9d4\xd0\xbc\x96\x93\xac\x96\x93\xac\xc7\\\x87\xa7\x87D\x85bt\xd3C\x1fS\x83\xf9c\xe7P\x8d\x9b\xd9\xab\xfaRB\xcb@\xd2_\xa5#\xb3z\x8e\xaf\xd2g=KN\x94\xd7\xe5\x80.'\x97\x0f\\\x82\x0b\xbf_\x98\x1du\xd0b\r&=Ly[\xc7\x8f\x0bJ{)Z\xdb(-D<\x85\x93"
2025-12-12 03:31:53,489 - httpcore.http2 - DEBUG - send_request_headers.complete
2025-12-12 03:31:53,489 - httpcore.http2 - DEBUG - send_request_body.started request=<Request [b'POST']> stream_id=1
2025-12-12 03:31:53,490 - httpcore.http2 - DEBUG - send_request_body.complete
2025-12-12 03:31:53,490 - httpcore.http2 - DEBUG - receive_response_headers.started request=<Request [b'POST']> stream_id=1
2025-12-12 03:31:53,490 - httpcore.http2 - DEBUG - receive_remote_settings.started
2025-12-12 03:31:53,490 - httpcore.http2 - DEBUG - receive_remote_settings.complete return_value=<RemoteSettingsChanged changed_settings:{ChangedSetting(setting=SettingCodes.MAX_CONCURRENT_STREAMS, original_value=None, new_value=100), ChangedSetting(setting=SettingCodes.INITIAL_WINDOW_SIZE, original_value=65535, new_value=65536), ChangedSetting(setting=SettingCodes.MAX_FRAME_SIZE, original_value=16384, new_value=16777215)}>
2025-12-12 03:31:53,548 - hpack.hpack - DEBUG - Decoding b' H\x03202v\x84\xaacU\xe7a\x96\xc3a\xbe\x94\x08\x94\xbeR( \t\xb5\x00\xe5\xc6Cq\xb6T\xc5\xa3\x7f_\x92I|\xa5\x89\xd3M\x1fj\x12q\xd8\x82\xa6\x0e\x1b\xf0\xac\xf7\x00\x8aAl\xee[\x16I\xa95S\x7f\x9eI\xd2:>\xe4\xb6\xc8\x19\x17\xdc\x85A \xfen\x8c\x9dKT\x8ao:GB\x9f\xfb\xab\xff\x9f\xcf\x00\x04vary\x85\xd5a\xa65_\x00\x91Bl1\x12\xb2l\x1dH\xac\xf6%d\x14\x96\xd8d\xfa\x8c\xa4~V\x1c\xc5\x81\x90\xb6\xcb\x80\x00?\x00\x89\xf2\xb5\x87\x8c\xe9B\xc9\x1c\xdf\x85\xa8\xe6\xaaB\xf9\x00\x8d\xac\xb6Rd \xc7\xa9\x0bVz\x0cO_\x8e5I-\x85BV!\xe7=\x89\x83\xfa\xfe\xff\x00\x90!\xeaIjJ\xc8)-\xb0\xc9\xf4\xb5g\xa0\xc4\xf5\xff\xe4\t\x90\xb2\x8e\xda\x12\xb2,"\x9f\xea\xa3\xd4_\xf4\xa7\xda\x84=U\x14\x89Y\x16\x11E\'JkE\xc6\x18\x92\xd2u\\fRt\xa6\xb4\\a\x8f\x95\xe4\xb4\x9dW\x19\x94\x9d)\xad\x17\x18bKI\xd6KI\xd6c\xaeC\xd2\xa4\xe9Mh\xb8\xc3\x1f+\xc9i:\xc9i:\xccu\xc8zT\x9d)\xad\x17\x18bKI\xd6KI\xd6c\xcd3B\xf3\xd0\xe4t^YGA\xa0\xfe\x0e;%\x8ebS\xdeSR9R\x97\x13\xe0s#\xc7\xb2{\x1c\x8b\x9e\xa3\x1e\xa6\x14\x9d)\xad\x17\x18a\x15\xd8Q\xc9]\x86\xee2z\\\x87\xa5O\xb5)\x1dF\x94\xa8J\xc8\xb0\x8a):SZ.0\xc4\x96\x93\xaa\xe32\x93\xa55\xa2\xe3\x0c|\xaf%\xa4\xea\xb8\xcc\xa4\xe9Mh\xb8\xc3\x12ZN\xb2ZN\xb3\x1dr\x1e\x95\'JkE\xc6\x18\xf9^KI\xd6KI\xd6c\xaeC\xd2\xa4\xe9Mh\xb8\xc3\x12ZN\xb2ZN\xb3\x1ei\x9a\x17\x9e\x87#\xa2\xf2\xca:\r\x07\xf0q\xd9,s\x12\x9e\xf2\x9a\x91\xca\x94\xb8\x9f\x03\x99\x1e=\x93\xd8\xe4\\\xf5\x18\xf50\xa4\xe9Mh\xb8\xc3\x08\xae\xc2\x8eJ\xec7q\x93\xd2\xe4=*}\xa9Id0\xd6E\x84QI\xd2\x9a\xd1q\x86$\xb4\x9dW\x19\x94\x9d)\xad\x17\x18c\xe5y-\'U\xc6e\'JkE\xc6\x18\x92\xd2u\x92\xd2u\x98\xeb\x90\xf4\xa9:SZ.0\xc7\xca\xf2ZN\xb2ZN\xb3\x1dr\x1e\x95\'JkE\xc6\x18\x92\xd2u\x92\xd2u\x98\xf3L\xd0\xbc\xf49\x1d\x17\x96Q\xd0h?\x83\x8e\xc9c\x98\x94\xf7\x94\xd4\x8eT\xa5\xc4\xf8\x1c\xc8\xf1\xec\x9e\xc7"\xe7\xa8\xc7\xa9\x85\'JkE\xc6\x18Ev\x14rWa\xbb\x8c\x9e\x97!\xe9S\xedD\x12\xc3V\x95\x91a\x14\x8e\x83\xc7qE\'JkE\xc6\x18\x92\xd2u\\fRt\xa6\xb4\\a\x8f\x95\xe4\xb4\x9dW\x19\x94\x9d)\xad\x17\x18bKI\xd6KI\xd6c\xaeC\xd2\xa4\xe9Mh\xb8\xc3\x1f+\xc9i:\xc9i:\xccu\xc8zT\x9d)\xad\x17\x18bKI\xd6KI\xd6c\xcd3B\xf3\xd0\xe4t^YGA\xa0\xfe\x0e;%\x8ebS\xdeSR9R\x97\x13\xe0s#\xc7\xb2{\x1c\x8b\x9e\xa3\x1e\xa6\x14\x9d)\xad\x17\x18a\x15\xd8Q\xc9]\x86\xee2z\\\x87\xa5O\xb5%=IY\x16\x11I\x06\x91\xdcQI\xd2\x9a\xd1q\x86$\xb4\x9dW\x19\x94\x9d)\xad\x17\x18c\xe5y-\'U\xc6e\'JkE\xc6\x18\x92\xd2u\x92\xd2u\x98\xeb\x90\xf4\xa9:SZ.0\xc7\xca\xf2ZN\xb2ZN\xb3\x1dr\x1e\x95\'JkE\xc6\x18\x92\xd2u\x92\xd2u\x98\xf3L\xd0\xbc\xf49\x1d\x17\x96Q\xd0h?\x83\x8e\xc9c\x98\x94\xf7\x94\xd4\x8eT\xa5\xc4\xf8\x1c\xc8\xf1\xec\x9e\xc7"\xe7\xa8\xc7\xa9\x85\'JkE\xc6\x18Ev\x14rWa\xbb\x8c\x9e\x97!\xe9S\xedCS2\xc8\xb0\x8aH4\x8e\xe2\x8aN\x94\xd6\x8b\x8c1%\xa4\xea\xb8\xcc\xa4\xe9Mh\xb8\xc3\x1f+\xc9i:\xae3):SZ.0\xc4\x96\x93\xac\x96\x93\xac\xc7\\\x87\xa5I\xd2\x9a\xd1q\x86>W\x92\xd2u\x92\xd2u\x98\xeb\x90\xf4\xa9:SZ.0\xc4\x96\x93\xac\x96\x93\xac\xc7\x9af\x85\xe7\xa1\xc8\xe8\xbc\xb2\x8e\x83A\xfc\x1cvK\x1c\xc4\xa7\xbc\xa6\xa4r\xa5.\'\xc0\xe6G\x8fd\xf69\x17=F=L):SZ.0\xc2+\xb0\xa3\x92\xbb\r\xdcd\xf4\xb9\x0fJ\x9fj!>\xa8*\xc8\xb0\x8a):SZ.0\xc4\x96\x93\xaa\xe32\x93\xa55\xa2\xe3\x0c|\xaf%\xa4\xea\xb8\xcc\xa4\xe9Mh\xb8\xc3\x12ZN\xb2ZN\xb3\x1dr\x1e\x95\'JkE\xc6\x18\xf9^KI\xd6KI\xd6c\xaeC\xd2\xa4\xe9Mh\xb8\xc3\x12ZN\xb2ZN\xb3\x1ei\x9a\x17\x9e\x87#\xa2\xf2\xca:\r\x07\xf0q\xd9,s\x12\x9e\xf2\x9a\x91\xca\x94\xb8\x9f\x03\x99\x1e=\x93\xd8\xe4\\\xf5\x18\xf50\xa4\xe9Mh\xb8\xc3\x08\xae\xc2\x8eJ\xec7q\x93\xd2\xe4=*}\xa8x\xfa\x14\x89Y\x16\x11O\xf5Q\xea/\xfaS\xedO\x07\xb3\xa9lY\x16\x11H\xe8<w\x14\xfbP\x93\x9a\x89\x16E\x84R:\x0f\x1d\xc5\x14\x9d)\xad\x17\x18bKI\xd5q\x99I\xd2\x9a\xd1q\x86>W\x92\xd2u\\fRt\xa6\xb4\\a\x89-\'Y-\'Y\x8e\xb9\x0fJ\x93\xa55\xa2\xe3\x0c|\xaf%\xa4\xeb%\xa4\xeb1\xd7!\xe9Rt\xa6\xb4\\a\x89-\'Y-\'Y\x8f4\xcd\x0b\xcfC\x91\xd1ye\x1d\x06\x83\xf88\xec\x969\x89OyMH\xe5J\\O\x81\xcc\x8f\x1e\xc9\xecr.z\x8cz\x98Rt\xa6\xb4\\a\x84WaG%v\x1b\xb8\xc9\xe9r\x1e\x95>\xd4\x96\xc1\xd2U\x91a\x14\x8e\x83\xc7qE\'JkE\xc6\x18\x92\xd2u\\fRt\xa6\xb4\\a\x8f\x95\xe4\xb4\x9dW\x19\x94\x9d)\xad\x17\x18bKI\xd6KI\xd6c\xaeC\xd2\xa4\xe9Mh\xb8\xc3\x1f+\xc9i:\xc9i:\xccu\xc8zT\x9d)\xad\x17\x18bKI\xd6KI\xd6c\xcd3B\xf3\xd0\xe4t^YGA\xa0\xfe\x0e;%\x8ebS\xdeSR9R\x97\x13\xe0s#\xc7\xb2{\x1c\x8b\x9e\xa3\x1e\xa6\x14\x9d)\xad\x17\x18a\x15\xd8Q\xc9]\x86\xee2z\\\x87\xa5O\xb5%\xb0t\x95a\xd4B\xa1\'\xb1\n\x7f\xa4\x16\x89\x7f\xd2\x9fjF4\x15kl2\x9f\xe9\x05\xa2_\xf4\xa7\xda\x91\xd0ruXtP\xb5&\xf2Y\x16!\xeaIjJ\x9f\x7f\x00\x8b\xf2\xb4\xb6\x0e\x92\xacz\xd2c\xd4\x8f\x89\xdd\x0e\x8c\x1a\xb6\xe4\xc5\x93O\x00\x8c\xf2\xb7\x94!j\xec:JD\x98\xf5\x7f\x89\x0f\xdd\'\x90\xb0GA\xc9\xd7\x00\x90\xf2\xb1\x0fRKRVO\xaa\xca\xb1\xebI\x8fR?\x85\xa8\xe8\xa8\xd2\xcb\x00\x8b\xb0\xb2\x96\xcb\x0bb\xd5\x9e\x83\x13\xd7\x85=\x86\x98\xd5\x7f\x00\x87/\x9a\xcaD\xacD\xff\x87\xa4~V\x1c\xc5\x80\x1f'
2025-12-12 03:31:53,552 - hpack.hpack - DEBUG - Decoded 0, consumed 1 bytes
2025-12-12 03:31:53,553 - hpack.table - DEBUG - Resizing header table to 0 from 4096
2025-12-12 03:31:53,553 - hpack.hpack - DEBUG - Decoded 8, consumed 1 bytes
2025-12-12 03:31:53,554 - hpack.hpack - DEBUG - Decoded 3, consumed 1 bytes
2025-12-12 03:31:53,560 - hpack.hpack - DEBUG - Decoded (b':status', <memory at 0x10fe6e7c0>), total consumed 5 bytes, indexed True
2025-12-12 03:31:53,579 - hpack.hpack - DEBUG - Decoded 54, consumed 1 bytes
2025-12-12 03:31:53,579 - hpack.hpack - DEBUG - Decoded 4, consumed 1 bytes
2025-12-12 03:31:53,583 - hpack.hpack - DEBUG - Decoded (b'server', b'nginx'), total consumed 6 bytes, indexed True
2025-12-12 03:31:53,583 - hpack.hpack - DEBUG - Decoded 33, consumed 1 bytes
2025-12-12 03:31:53,584 - hpack.hpack - DEBUG - Decoded 22, consumed 1 bytes
2025-12-12 03:31:53,584 - hpack.hpack - DEBUG - Decoded (b'date', b'Fri, 12 Dec 2025 06:31:53 GMT'), total consumed 24 bytes, indexed True
2025-12-12 03:31:53,585 - hpack.hpack - DEBUG - Decoded 31, consumed 1 bytes
2025-12-12 03:31:53,585 - hpack.hpack - DEBUG - Decoded 18, consumed 1 bytes
2025-12-12 03:31:53,586 - hpack.hpack - DEBUG - Decoded (b'content-type', b'text/html; charset=UTF-8'), total consumed 20 bytes, indexed True
2025-12-12 03:31:53,586 - hpack.hpack - DEBUG - Decoded 10, consumed 1 bytes
2025-12-12 03:31:53,586 - hpack.hpack - DEBUG - Decoded 30, consumed 1 bytes
2025-12-12 03:31:53,586 - hpack.hpack - DEBUG - Decoded (b'server-timing', b'total;dur=32;desc="Backend Total [n]"'), total consumed 43 bytes, indexed False
2025-12-12 03:31:53,587 - hpack.hpack - DEBUG - Decoded 4, consumed 1 bytes
2025-12-12 03:31:53,587 - hpack.hpack - DEBUG - Decoded 5, consumed 1 bytes
2025-12-12 03:31:53,587 - hpack.hpack - DEBUG - Decoded (<memory at 0x10fe6e880>, b'Origin'), total consumed 12 bytes, indexed False
2025-12-12 03:31:53,587 - hpack.hpack - DEBUG - Decoded 17, consumed 1 bytes
2025-12-12 03:31:53,587 - hpack.hpack - DEBUG - Decoded 12, consumed 1 bytes
2025-12-12 03:31:53,588 - hpack.hpack - DEBUG - Decoded (b'strict-transport-security', b'max-age=31536000'), total consumed 32 bytes, indexed False
2025-12-12 03:31:53,588 - hpack.hpack - DEBUG - Decoded 9, consumed 1 bytes
2025-12-12 03:31:53,588 - hpack.hpack - DEBUG - Decoded 5, consumed 1 bytes
2025-12-12 03:31:53,588 - hpack.hpack - DEBUG - Decoded (b'x-robots-tag', b'noindex'), total consumed 17 bytes, indexed False
2025-12-12 03:31:53,588 - hpack.hpack - DEBUG - Decoded 13, consumed 1 bytes
2025-12-12 03:31:53,588 - hpack.hpack - DEBUG - Decoded 14, consumed 1 bytes
2025-12-12 03:31:53,588 - hpack.hpack - DEBUG - Decoded (b'permissions-policy', b'interest-cohort=()'), total consumed 30 bytes, indexed False
2025-12-12 03:31:53,588 - hpack.hpack - DEBUG - Decoded 16, consumed 1 bytes
2025-12-12 03:31:53,588 - hpack.hpack - DEBUG - Decoded 1379, consumed 3 bytes
2025-12-12 03:31:53,591 - hpack.hpack - DEBUG - Decoded (b'content-security-policy', b"default-src 'none' ; connect-src  https://duck.ai https://*.duck.ai https://duckduckgo.com https://*.duckduckgo.com https://duckduckgogg42xjoc72x3sjasowoarfbgcmvfimaftt6twagswzczad.onion/ https://spreadprivacy.com ; manifest-src  https://duck.ai https://*.duck.ai https://duckduckgo.com https://*.duckduckgo.com https://duckduckgogg42xjoc72x3sjasowoarfbgcmvfimaftt6twagswzczad.onion/ https://spreadprivacy.com ; media-src  https://duck.ai https://*.duck.ai https://duckduckgo.com https://*.duckduckgo.com https://duckduckgogg42xjoc72x3sjasowoarfbgcmvfimaftt6twagswzczad.onion/ https://spreadprivacy.com ; script-src blob:  https://duck.ai https://*.duck.ai https://duckduckgo.com https://*.duckduckgo.com https://duckduckgogg42xjoc72x3sjasowoarfbgcmvfimaftt6twagswzczad.onion/ https://spreadprivacy.com ; font-src data:  https://duck.ai https://*.duck.ai https://duckduckgo.com https://*.duckduckgo.com https://duckduckgogg42xjoc72x3sjasowoarfbgcmvfimaftt6twagswzczad.onion/ https://spreadprivacy.com ; img-src data:  https://duck.ai https://*.duck.ai https://duckduckgo.com https://*.duckduckgo.com https://duckduckgogg42xjoc72x3sjasowoarfbgcmvfimaftt6twagswzczad.onion/ https://spreadprivacy.com ; style-src  https://duck.ai https://*.duck.ai https://duckduckgo.com https://*.duckduckgo.com https://duckduckgogg42xjoc72x3sjasowoarfbgcmvfimaftt6twagswzczad.onion/ https://spreadprivacy.com ; object-src 'none' ; worker-src blob: ; child-src blob:  https://duck.ai https://*.duck.ai https://duckduckgo.com https://*.duckduckgo.com https://duckduckgogg42xjoc72x3sjasowoarfbgcmvfimaftt6twagswzczad.onion/ https://spreadprivacy.com ; frame-src blob:  https://duck.ai https://*.duck.ai https://duckduckgo.com https://*.duckduckgo.com https://duckduckgogg42xjoc72x3sjasowoarfbgcmvfimaftt6twagswzczad.onion/ https://spreadprivacy.com ; frame-ancestors 'self' ; base-uri 'self' ; block-all-mixed-content ;"), total consumed 1400 bytes, indexed False
2025-12-12 03:31:53,606 - rquest.util.client.connect.http - DEBUG - connected to 66.218.84.137:443
2025-12-12 03:31:53,608 - hpack.hpack - DEBUG - Decoded 11, consumed 1 bytes
2025-12-12 03:31:53,608 - hpack.hpack - DEBUG - Decoded 9, consumed 1 bytes
2025-12-12 03:31:53,608 - hpack.hpack - DEBUG - Decoded (b'x-frame-options', b'SAMEORIGIN'), total consumed 23 bytes, indexed False
2025-12-12 03:31:53,608 - hpack.hpack - DEBUG - Decoded 12, consumed 1 bytes
2025-12-12 03:31:53,609 - hpack.hpack - DEBUG - Decoded 9, consumed 1 bytes
2025-12-12 03:31:53,609 - hpack.hpack - DEBUG - Decoded (b'x-xss-protection', b'1;mode=block'), total consumed 24 bytes, indexed False
2025-12-12 03:31:53,609 - hpack.hpack - DEBUG - Decoded 16, consumed 1 bytes
2025-12-12 03:31:53,609 - hpack.hpack - DEBUG - Decoded 5, consumed 1 bytes
2025-12-12 03:31:53,609 - hpack.hpack - DEBUG - Decoded (b'x-content-type-options', b'nosniff'), total consumed 24 bytes, indexed False
2025-12-12 03:31:53,609 - hpack.hpack - DEBUG - Decoded 11, consumed 1 bytes
2025-12-12 03:31:53,612 - hpack.hpack - DEBUG - Decoded 5, consumed 1 bytes
2025-12-12 03:31:53,613 - hpack.hpack - DEBUG - Decoded (b'referrer-policy', b'origin'), total consumed 19 bytes, indexed False
2025-12-12 03:31:53,613 - hpack.hpack - DEBUG - Decoded 7, consumed 1 bytes
2025-12-12 03:31:53,613 - hpack.hpack - DEBUG - Decoded 7, consumed 1 bytes
2025-12-12 03:31:53,613 - hpack.hpack - DEBUG - Decoded (b'expect-ct', b'max-age=0'), total consumed 17 bytes, indexed False
2025-12-12 03:31:53,613 - httpcore.http2 - DEBUG - receive_response_headers.complete return_value=(202, [(b'server', b'nginx'), (b'date', b'Fri, 12 Dec 2025 06:31:53 GMT'), (b'content-type', b'text/html; charset=UTF-8'), (b'server-timing', b'total;dur=32;desc="Backend Total [n]"'), (b'vary', b'Origin'), (b'strict-transport-security', b'max-age=31536000'), (b'x-robots-tag', b'noindex'), (b'permissions-policy', b'interest-cohort=()'), (b'content-security-policy', b"default-src 'none' ; connect-src  https://duck.ai https://*.duck.ai https://duckduckgo.com https://*.duckduckgo.com https://duckduckgogg42xjoc72x3sjasowoarfbgcmvfimaftt6twagswzczad.onion/ https://spreadprivacy.com ; manifest-src  https://duck.ai https://*.duck.ai https://duckduckgo.com https://*.duckduckgo.com https://duckduckgogg42xjoc72x3sjasowoarfbgcmvfimaftt6twagswzczad.onion/ https://spreadprivacy.com ; media-src  https://duck.ai https://*.duck.ai https://duckduckgo.com https://*.duckduckgo.com https://duckduckgogg42xjoc72x3sjasowoarfbgcmvfimaftt6twagswzczad.onion/ https://spreadprivacy.com ; script-src blob:  https://duck.ai https://*.duck.ai https://duckduckgo.com https://*.duckduckgo.com https://duckduckgogg42xjoc72x3sjasowoarfbgcmvfimaftt6twagswzczad.onion/ https://spreadprivacy.com ; font-src data:  https://duck.ai https://*.duck.ai https://duckduckgo.com https://*.duckduckgo.com https://duckduckgogg42xjoc72x3sjasowoarfbgcmvfimaftt6twagswzczad.onion/ https://spreadprivacy.com ; img-src data:  https://duck.ai https://*.duck.ai https://duckduckgo.com https://*.duckduckgo.com https://duckduckgogg42xjoc72x3sjasowoarfbgcmvfimaftt6twagswzczad.onion/ https://spreadprivacy.com ; style-src  https://duck.ai https://*.duck.ai https://duckduckgo.com https://*.duckduckgo.com https://duckduckgogg42xjoc72x3sjasowoarfbgcmvfimaftt6twagswzczad.onion/ https://spreadprivacy.com ; object-src 'none' ; worker-src blob: ; child-src blob:  https://duck.ai https://*.duck.ai https://duckduckgo.com https://*.duckduckgo.com https://duckduckgogg42xjoc72x3sjasowoarfbgcmvfimaftt6twagswzczad.onion/ https://spreadprivacy.com ; frame-src blob:  https://duck.ai https://*.duck.ai https://duckduckgo.com https://*.duckduckgo.com https://duckduckgogg42xjoc72x3sjasowoarfbgcmvfimaftt6twagswzczad.onion/ https://spreadprivacy.com ; frame-ancestors 'self' ; base-uri 'self' ; block-all-mixed-content ;"), (b'x-frame-options', b'SAMEORIGIN'), (b'x-xss-protection', b'1;mode=block'), (b'x-content-type-options', b'nosniff'), (b'referrer-policy', b'origin'), (b'expect-ct', b'max-age=0')])
2025-12-12 03:31:53,614 - httpx - INFO - HTTP Request: POST https://html.duckduckgo.com/html/ "HTTP/2 202 Accepted"
2025-12-12 03:31:53,614 - httpcore.http2 - DEBUG - receive_response_body.started request=<Request [b'POST']> stream_id=1
2025-12-12 03:31:53,615 - httpcore.http2 - DEBUG - receive_response_body.complete
2025-12-12 03:31:53,615 - httpcore.http2 - DEBUG - response_closed.started stream_id=1
2025-12-12 03:31:53,615 - httpcore.http2 - DEBUG - response_closed.complete
2025-12-12 03:31:53,788 - UNI_v7.2 - WARNING - Google: Tentativa 1 falhou (HTTP 429): <HttpError 429 when requesting https://customsearch.googleapis.com/customsearch/v1?q=BITCOIN&cx=f07c
2025-12-12 03:31:53,790 - rquest.util.client.pool - DEBUG - pooling idle connection for PoolKey { uri: https://search.yahoo.com/, alpn_protos: None, network: default }
2025-12-12 03:31:53,923 - urllib3.connectionpool - DEBUG - https://api.search.brave.com:443 "GET /res/v1/web/search?q=BITCOIN&count=20&offset=0&country=us&safesearch=off HTTP/1.1" 200 None
2025-12-12 03:31:53,931 - UNI_v7.2 - INFO - Brave: Coletados 20 resultados com sucesso
2025-12-12 03:31:54,321 - cookie_store.cookie_store - DEBUG - inserting secure cookie 'lkl'
2025-12-12 03:31:54,322 - cookie_store.cookie_store - DEBUG - inserting secure cookie 'A1'
2025-12-12 03:31:54,322 - cookie_store.cookie_store - DEBUG - inserting secure cookie 'A3'
2025-12-12 03:31:54,322 - cookie_store.cookie_store - DEBUG - inserting secure cookie 'A1S'
2025-12-12 03:31:54,322 - cookie_store.cookie_store - DEBUG - inserting secure cookie 'dflow'
2025-12-12 03:31:54,322 - primp - INFO - response: https://search.yahoo.com/search;_ylt=uy3w1Sw3KZm-zPAvH3FTahAh;_ylu=doS6OMk4JMata_nvmhHhyn7ONoLCDVB58gy-R6rFz95FmfE?p=BITCOIN 200
2025-12-12 03:31:54,870 - rquest.connect - DEBUG - starting new connection: https://yandex.com/
2025-12-12 03:31:54,870 - rquest.util.client.connect.dns - DEBUG - resolving yandex.com
2025-12-12 03:31:54,874 - rquest.util.client.connect.http - DEBUG - connecting to 77.88.55.88:443
2025-12-12 03:31:55,206 - rquest.util.client.connect.http - DEBUG - connected to 77.88.55.88:443
2025-12-12 03:31:55,580 - rquest.util.client.pool - DEBUG - pooling idle connection for PoolKey { uri: https://yandex.com/, alpn_protos: None, network: default }
2025-12-12 03:31:55,791 - UNI_v7.2 - INFO - Google: Iniciando coleta para 'BITCOIN' (limite: 20, tentativa 2/3)
2025-12-12 03:31:55,819 - googleapiclient.discovery_cache - INFO - file_cache is only supported with oauth2client<4.0.0
2025-12-12 03:31:55,845 - googleapiclient.discovery - DEBUG - URL being requested: GET https://customsearch.googleapis.com/customsearch/v1?q=BITCOIN&cx=f07ccd3b922d6437b&gl=us&lr=lang_pt&start=1&num=10&safe=off&key=AIzaSyBj80B2fwVvFEMtcQU8tPV_NCNaEmQvzhc&alt=json
2025-12-12 03:31:56,196 - UNI_v7.2 - WARNING - Google: Tentativa 2 falhou (HTTP 429): <HttpError 429 when requesting https://customsearch.googleapis.com/customsearch/v1?q=BITCOIN&cx=f07c
2025-12-12 03:31:56,633 - cookie_store.cookie_store - DEBUG - inserting secure cookie 'is_gdpr'
2025-12-12 03:31:56,633 - cookie_store.cookie_store - DEBUG - inserting secure cookie 'is_gdpr_b'
2025-12-12 03:31:56,633 - cookie_store.cookie_store - DEBUG - inserting secure cookie '_yasc'
2025-12-12 03:31:56,633 - cookie_store.cookie_store - DEBUG - inserting secure cookie 'i'
2025-12-12 03:31:56,633 - cookie_store.cookie_store - DEBUG - inserting secure cookie 'yandexuid'
2025-12-12 03:31:56,633 - cookie_store.cookie_store - DEBUG - inserting secure cookie 'yashr'
2025-12-12 03:31:56,633 - cookie_store.cookie_store - DEBUG - inserting secure cookie 'bh'
2025-12-12 03:31:56,633 - primp - INFO - response: https://yandex.com/search/site/?text=BITCOIN&web=1&searchid=4133465 200
2025-12-12 03:31:56,820 - ddgs.ddgs - INFO - Error in engine mojeek: ValueError('not enough values to unpack (expected 2, got 1)')
2025-12-12 03:31:56,828 - ddgs.ddgs - INFO - Error in engine brave: ValueError('not enough values to unpack (expected 2, got 1)')
2025-12-12 03:31:56,832 - ddgs.ddgs - INFO - Error in engine mullvad_google: ValueError('not enough values to unpack (expected 2, got 1)')
2025-12-12 03:31:56,834 - ddgs.ddgs - INFO - Error in engine mullvad_brave: ValueError('not enough values to unpack (expected 2, got 1)')
2025-12-12 03:31:56,843 - UNI_v7.2 - INFO - DuckDuckGo: Coletados 17 resultados com sucesso
2025-12-12 03:31:58,224 - UNI_v7.2 - INFO - Google: Iniciando coleta para 'BITCOIN' (limite: 20, tentativa 3/3)
2025-12-12 03:31:58,327 - googleapiclient.discovery_cache - INFO - file_cache is only supported with oauth2client<4.0.0
2025-12-12 03:31:58,365 - googleapiclient.discovery - DEBUG - URL being requested: GET https://customsearch.googleapis.com/customsearch/v1?q=BITCOIN&cx=f07ccd3b922d6437b&gl=us&lr=lang_pt&start=1&num=10&safe=off&key=AIzaSyBj80B2fwVvFEMtcQU8tPV_NCNaEmQvzhc&alt=json
2025-12-12 03:31:58,606 - UNI_v7.2 - WARNING - Google: Tentativa 3 falhou (HTTP 429): <HttpError 429 when requesting https://customsearch.googleapis.com/customsearch/v1?q=BITCOIN&cx=f07c
2025-12-12 03:31:58,607 - UNI_v7.2 - ERROR - Google: Todas as tentativas falharam
2025-12-12 03:31:59,042 - urllib3.connectionpool - DEBUG - https://serpapi.com:443 "GET /search?engine=bing&q=BITCOIN&cc=us&count=20&api_key=e71430bcff8bdc906f7a5ed9ae1538355c2efb0fb88ffa071f7125a76cc2b142&safe=off HTTP/1.1" 200 None
2025-12-12 03:31:59,049 - UNI_v7.2 - INFO - Bing: Coletados 7 resultados com sucesso
2025-12-12 03:31:59,050 - UNI_v7.2 - INFO - YouTube: Iniciando coleta para 'BITCOIN' (limite: 20)
2025-12-12 03:31:59,054 - googleapiclient.discovery_cache - INFO - file_cache is only supported with oauth2client<4.0.0
2025-12-12 03:31:59,060 - googleapiclient.discovery - DEBUG - URL being requested: GET https://youtube.googleapis.com/youtube/v3/search?part=snippet&q=BITCOIN&type=video&maxResults=20&order=relevance&regionCode=US&relevanceLanguage=pt&key=AIzaSyBj80B2fwVvFEMtcQU8tPV_NCNaEmQvzhc&alt=json
2025-12-12 03:31:59,705 - googleapiclient.discovery - DEBUG - URL being requested: GET https://youtube.googleapis.com/youtube/v3/videos?part=statistics%2CcontentDetails%2Csnippet%2Cstatus&id=JWUeyIQ-cb8%2CZ1_Fq5oH0C0%2CGN00YmQ8Tv8%2CvYI1COYtJU4%2Cu_H9gXNc630%2C8U3dwE8Iz64%2CdHLB-NAeSjg%2CVXZZYeCuM-U%2CY8EbJz2b6CY%2C0fYLQPZKnDo%2CfI2EU2gVT4U%2Chb65Hdq0_sY%2COThYSHZpajc%2CHw21byHsv_w%2C4cVGR6n7ttY%2CeN0aGirkevM%2ChbuVFV5dyVY%2ChqeGptGT2MM%2Cbnk_2ppSJKY%2CRWQKYlF5oVo&key=AIzaSyBj80B2fwVvFEMtcQU8tPV_NCNaEmQvzhc&alt=json
2025-12-12 03:32:00,092 - UNI_v7.2 - INFO - YouTube: Coletados 20 resultados com sucesso
2025-12-12 03:32:00,093 - UNI_v7.2 - ERROR - Erro ao coletar YouTube: name 'coletar_comentarios_youtube' is not defined
2025-12-12 03:32:00,095 - UNI_v7.2 - DEBUG - Traceback (most recent call last):
  File "/Users/eas/Desktop/github/emersonalmeida/emersonalmeida.github.io/project/uni/uni_v7.py", line 3697, in modo_personalizado
    comentarios = coletar_comentarios_youtube(
NameError: name 'coletar_comentarios_youtube' is not defined

2025-12-12 03:32:00,096 - UNI_v7.2 - INFO - YouTube: Iniciando coleta para 'BITCOIN' (limite: 20)
2025-12-12 03:32:00,097 - googleapiclient.discovery_cache - INFO - file_cache is only supported with oauth2client<4.0.0
2025-12-12 03:32:00,100 - googleapiclient.discovery - DEBUG - URL being requested: GET https://youtube.googleapis.com/youtube/v3/search?part=snippet&q=BITCOIN&type=video&maxResults=20&order=date&regionCode=US&relevanceLanguage=pt&key=AIzaSyBj80B2fwVvFEMtcQU8tPV_NCNaEmQvzhc&alt=json
2025-12-12 03:32:00,420 - googleapiclient.discovery - DEBUG - URL being requested: GET https://youtube.googleapis.com/youtube/v3/videos?part=statistics%2CcontentDetails%2Csnippet%2Cstatus&id=7WqJ5OCURDY%2CAxLhBykJEOw%2Ck6FXdKhamiQ%2CCskX_k6gzHY%2CM-AZVCOQVgU%2CpyrTi9kkh28%2CWUWMiskLCyc%2Cy44GMrSEM50%2CkcGxVdXcyjY%2CS37kHbzPq0g%2CqgNgiOnRW8M%2CiTDSlTPLuSw%2CqedWBAAJSLU%2CKVHFovw4y7M%2Cu_Y9xBy4RZM%2CCG26MPrjT1I%2Cu_H9gXNc630%2CGk7N5_42oOQ%2C7795unhPDV8%2CV6-mJ9uPzVU&key=AIzaSyBj80B2fwVvFEMtcQU8tPV_NCNaEmQvzhc&alt=json
2025-12-12 03:32:00,789 - UNI_v7.2 - INFO - YouTube: Coletados 20 resultados com sucesso
2025-12-12 03:32:00,792 - UNI_v7.2 - ERROR - Erro ao coletar YouTube: name 'coletar_comentarios_youtube' is not defined
2025-12-12 03:32:00,792 - UNI_v7.2 - DEBUG - Traceback (most recent call last):
  File "/Users/eas/Desktop/github/emersonalmeida/emersonalmeida.github.io/project/uni/uni_v7.py", line 3697, in modo_personalizado
    comentarios = coletar_comentarios_youtube(
NameError: name 'coletar_comentarios_youtube' is not defined

2025-12-12 03:32:00,793 - UNI_v7.2 - INFO - YouTube: Iniciando coleta para 'BITCOIN' (limite: 20)
2025-12-12 03:32:00,794 - googleapiclient.discovery_cache - INFO - file_cache is only supported with oauth2client<4.0.0
2025-12-12 03:32:00,800 - googleapiclient.discovery - DEBUG - URL being requested: GET https://youtube.googleapis.com/youtube/v3/search?part=snippet&q=BITCOIN&type=video&maxResults=20&order=viewCount&regionCode=US&relevanceLanguage=pt&key=AIzaSyBj80B2fwVvFEMtcQU8tPV_NCNaEmQvzhc&alt=json
2025-12-12 03:32:01,095 - googleapiclient.discovery - DEBUG - URL being requested: GET https://youtube.googleapis.com/youtube/v3/videos?part=statistics%2CcontentDetails%2Csnippet%2Cstatus&id=8aYr2ueCFvs%2CtrVmDXMaj-M%2CGztiW6DOhck%2CkFgQBPtPfgc%2CqLKADDR7t0E%2CzhPqD19DjYw%2CYMIZ5mHRO4E%2CwN0OaLUYI2I%2CdQ8b4E6vX-4%2CmHwNoZ2C8wU%2CCYyUbSHSR6M%2C3aWyRWPBLTk%2ChHQl63HuAtU%2CWLpJOl_R2ZA%2CTGhgfrioBhU%2CD3m-7GNeP6M%2CzTbXc92cgg4%2CJNDKNWYTqNs%2CpsnfySnzeRo%2Cywka38FnqqY&key=AIzaSyBj80B2fwVvFEMtcQU8tPV_NCNaEmQvzhc&alt=json
2025-12-12 03:32:01,551 - UNI_v7.2 - INFO - YouTube: Coletados 20 resultados com sucesso
2025-12-12 03:32:01,553 - UNI_v7.2 - ERROR - Erro ao coletar YouTube: name 'coletar_comentarios_youtube' is not defined
2025-12-12 03:32:01,554 - UNI_v7.2 - DEBUG - Traceback (most recent call last):
  File "/Users/eas/Desktop/github/emersonalmeida/emersonalmeida.github.io/project/uni/uni_v7.py", line 3697, in modo_personalizado
    comentarios = coletar_comentarios_youtube(
NameError: name 'coletar_comentarios_youtube' is not defined

2025-12-12 03:32:01,554 - UNI_v7.2 - INFO - Google Play: Iniciando coleta para 'BITCOIN' (limite: 20, tentativa 1/3)
2025-12-12 03:32:11,856 - UNI_v7.2 - INFO - Google Play: Coletados 20 resultados com sucesso
2025-12-12 03:32:11,858 - UNI_v7.2 - ERROR - Google Play Reviews: Erro inesperado: OLDEST
2025-12-12 03:32:11,858 - UNI_v7.2 - DEBUG - Traceback (most recent call last):
  File "/Users/eas/Desktop/github/emersonalmeida/emersonalmeida.github.io/project/uni/uni_v7.py", line 2034, in coletar_reviews_google_play
    "oldest": Sort.OLDEST,
  File "/Library/Developer/CommandLineTools/Library/Frameworks/Python3.framework/Versions/3.9/lib/python3.9/enum.py", line 429, in __getattr__
    raise AttributeError(name) from None
AttributeError: OLDEST

2025-12-12 03:32:11,858 - UNI_v7.2 - ERROR - Google Play Reviews: Erro inesperado: OLDEST
2025-12-12 03:32:11,858 - UNI_v7.2 - DEBUG - Traceback (most recent call last):
  File "/Users/eas/Desktop/github/emersonalmeida/emersonalmeida.github.io/project/uni/uni_v7.py", line 2034, in coletar_reviews_google_play
    "oldest": Sort.OLDEST,
  File "/Library/Developer/CommandLineTools/Library/Frameworks/Python3.framework/Versions/3.9/lib/python3.9/enum.py", line 429, in __getattr__
    raise AttributeError(name) from None
AttributeError: OLDEST

2025-12-12 03:32:11,858 - UNI_v7.2 - ERROR - Google Play Reviews: Erro inesperado: OLDEST
2025-12-12 03:32:11,858 - UNI_v7.2 - DEBUG - Traceback (most recent call last):
  File "/Users/eas/Desktop/github/emersonalmeida/emersonalmeida.github.io/project/uni/uni_v7.py", line 2034, in coletar_reviews_google_play
    "oldest": Sort.OLDEST,
  File "/Library/Developer/CommandLineTools/Library/Frameworks/Python3.framework/Versions/3.9/lib/python3.9/enum.py", line 429, in __getattr__
    raise AttributeError(name) from None
AttributeError: OLDEST

2025-12-12 03:32:11,858 - UNI_v7.2 - ERROR - Google Play Reviews: Erro inesperado: OLDEST
2025-12-12 03:32:11,859 - UNI_v7.2 - DEBUG - Traceback (most recent call last):
  File "/Users/eas/Desktop/github/emersonalmeida/emersonalmeida.github.io/project/uni/uni_v7.py", line 2034, in coletar_reviews_google_play
    "oldest": Sort.OLDEST,
  File "/Library/Developer/CommandLineTools/Library/Frameworks/Python3.framework/Versions/3.9/lib/python3.9/enum.py", line 429, in __getattr__
    raise AttributeError(name) from None
AttributeError: OLDEST

2025-12-12 03:32:11,859 - UNI_v7.2 - ERROR - Google Play Reviews: Erro inesperado: OLDEST
2025-12-12 03:32:11,859 - UNI_v7.2 - DEBUG - Traceback (most recent call last):
  File "/Users/eas/Desktop/github/emersonalmeida/emersonalmeida.github.io/project/uni/uni_v7.py", line 2034, in coletar_reviews_google_play
    "oldest": Sort.OLDEST,
  File "/Library/Developer/CommandLineTools/Library/Frameworks/Python3.framework/Versions/3.9/lib/python3.9/enum.py", line 429, in __getattr__
    raise AttributeError(name) from None
AttributeError: OLDEST

2025-12-12 03:32:11,859 - UNI_v7.2 - ERROR - Google Play Reviews: Erro inesperado: OLDEST
2025-12-12 03:32:11,859 - UNI_v7.2 - DEBUG - Traceback (most recent call last):
  File "/Users/eas/Desktop/github/emersonalmeida/emersonalmeida.github.io/project/uni/uni_v7.py", line 2034, in coletar_reviews_google_play
    "oldest": Sort.OLDEST,
  File "/Library/Developer/CommandLineTools/Library/Frameworks/Python3.framework/Versions/3.9/lib/python3.9/enum.py", line 429, in __getattr__
    raise AttributeError(name) from None
AttributeError: OLDEST

2025-12-12 03:32:11,859 - UNI_v7.2 - ERROR - Google Play Reviews: Erro inesperado: OLDEST
2025-12-12 03:32:11,859 - UNI_v7.2 - DEBUG - Traceback (most recent call last):
  File "/Users/eas/Desktop/github/emersonalmeida/emersonalmeida.github.io/project/uni/uni_v7.py", line 2034, in coletar_reviews_google_play
    "oldest": Sort.OLDEST,
  File "/Library/Developer/CommandLineTools/Library/Frameworks/Python3.framework/Versions/3.9/lib/python3.9/enum.py", line 429, in __getattr__
    raise AttributeError(name) from None
AttributeError: OLDEST

2025-12-12 03:32:11,859 - UNI_v7.2 - ERROR - Google Play Reviews: Erro inesperado: OLDEST
2025-12-12 03:32:11,859 - UNI_v7.2 - DEBUG - Traceback (most recent call last):
  File "/Users/eas/Desktop/github/emersonalmeida/emersonalmeida.github.io/project/uni/uni_v7.py", line 2034, in coletar_reviews_google_play
    "oldest": Sort.OLDEST,
  File "/Library/Developer/CommandLineTools/Library/Frameworks/Python3.framework/Versions/3.9/lib/python3.9/enum.py", line 429, in __getattr__
    raise AttributeError(name) from None
AttributeError: OLDEST

2025-12-12 03:32:11,859 - UNI_v7.2 - ERROR - Google Play Reviews: Erro inesperado: OLDEST
2025-12-12 03:32:11,859 - UNI_v7.2 - DEBUG - Traceback (most recent call last):
  File "/Users/eas/Desktop/github/emersonalmeida/emersonalmeida.github.io/project/uni/uni_v7.py", line 2034, in coletar_reviews_google_play
    "oldest": Sort.OLDEST,
  File "/Library/Developer/CommandLineTools/Library/Frameworks/Python3.framework/Versions/3.9/lib/python3.9/enum.py", line 429, in __getattr__
    raise AttributeError(name) from None
AttributeError: OLDEST

2025-12-12 03:32:11,859 - UNI_v7.2 - ERROR - Google Play Reviews: Erro inesperado: OLDEST
2025-12-12 03:32:11,859 - UNI_v7.2 - DEBUG - Traceback (most recent call last):
  File "/Users/eas/Desktop/github/emersonalmeida/emersonalmeida.github.io/project/uni/uni_v7.py", line 2034, in coletar_reviews_google_play
    "oldest": Sort.OLDEST,
  File "/Library/Developer/CommandLineTools/Library/Frameworks/Python3.framework/Versions/3.9/lib/python3.9/enum.py", line 429, in __getattr__
    raise AttributeError(name) from None
AttributeError: OLDEST

2025-12-12 03:32:11,859 - UNI_v7.2 - ERROR - Google Play Reviews: Erro inesperado: OLDEST
2025-12-12 03:32:11,859 - UNI_v7.2 - DEBUG - Traceback (most recent call last):
  File "/Users/eas/Desktop/github/emersonalmeida/emersonalmeida.github.io/project/uni/uni_v7.py", line 2034, in coletar_reviews_google_play
    "oldest": Sort.OLDEST,
  File "/Library/Developer/CommandLineTools/Library/Frameworks/Python3.framework/Versions/3.9/lib/python3.9/enum.py", line 429, in __getattr__
    raise AttributeError(name) from None
AttributeError: OLDEST

2025-12-12 03:32:11,859 - UNI_v7.2 - ERROR - Google Play Reviews: Erro inesperado: OLDEST
2025-12-12 03:32:11,859 - UNI_v7.2 - DEBUG - Traceback (most recent call last):
  File "/Users/eas/Desktop/github/emersonalmeida/emersonalmeida.github.io/project/uni/uni_v7.py", line 2034, in coletar_reviews_google_play
    "oldest": Sort.OLDEST,
  File "/Library/Developer/CommandLineTools/Library/Frameworks/Python3.framework/Versions/3.9/lib/python3.9/enum.py", line 429, in __getattr__
    raise AttributeError(name) from None
AttributeError: OLDEST

2025-12-12 03:32:11,859 - UNI_v7.2 - ERROR - Google Play Reviews: Erro inesperado: OLDEST
2025-12-12 03:32:11,860 - UNI_v7.2 - DEBUG - Traceback (most recent call last):
  File "/Users/eas/Desktop/github/emersonalmeida/emersonalmeida.github.io/project/uni/uni_v7.py", line 2034, in coletar_reviews_google_play
    "oldest": Sort.OLDEST,
  File "/Library/Developer/CommandLineTools/Library/Frameworks/Python3.framework/Versions/3.9/lib/python3.9/enum.py", line 429, in __getattr__
    raise AttributeError(name) from None
AttributeError: OLDEST

2025-12-12 03:32:11,860 - UNI_v7.2 - ERROR - Google Play Reviews: Erro inesperado: OLDEST
2025-12-12 03:32:11,860 - UNI_v7.2 - DEBUG - Traceback (most recent call last):
  File "/Users/eas/Desktop/github/emersonalmeida/emersonalmeida.github.io/project/uni/uni_v7.py", line 2034, in coletar_reviews_google_play
    "oldest": Sort.OLDEST,
  File "/Library/Developer/CommandLineTools/Library/Frameworks/Python3.framework/Versions/3.9/lib/python3.9/enum.py", line 429, in __getattr__
    raise AttributeError(name) from None
AttributeError: OLDEST

2025-12-12 03:32:11,860 - UNI_v7.2 - ERROR - Google Play Reviews: Erro inesperado: OLDEST
2025-12-12 03:32:11,860 - UNI_v7.2 - DEBUG - Traceback (most recent call last):
  File "/Users/eas/Desktop/github/emersonalmeida/emersonalmeida.github.io/project/uni/uni_v7.py", line 2034, in coletar_reviews_google_play
    "oldest": Sort.OLDEST,
  File "/Library/Developer/CommandLineTools/Library/Frameworks/Python3.framework/Versions/3.9/lib/python3.9/enum.py", line 429, in __getattr__
    raise AttributeError(name) from None
AttributeError: OLDEST

2025-12-12 03:32:11,860 - UNI_v7.2 - ERROR - Google Play Reviews: Erro inesperado: OLDEST
2025-12-12 03:32:11,860 - UNI_v7.2 - DEBUG - Traceback (most recent call last):
  File "/Users/eas/Desktop/github/emersonalmeida/emersonalmeida.github.io/project/uni/uni_v7.py", line 2034, in coletar_reviews_google_play
    "oldest": Sort.OLDEST,
  File "/Library/Developer/CommandLineTools/Library/Frameworks/Python3.framework/Versions/3.9/lib/python3.9/enum.py", line 429, in __getattr__
    raise AttributeError(name) from None
AttributeError: OLDEST

2025-12-12 03:32:11,860 - UNI_v7.2 - ERROR - Google Play Reviews: Erro inesperado: OLDEST
2025-12-12 03:32:11,860 - UNI_v7.2 - DEBUG - Traceback (most recent call last):
  File "/Users/eas/Desktop/github/emersonalmeida/emersonalmeida.github.io/project/uni/uni_v7.py", line 2034, in coletar_reviews_google_play
    "oldest": Sort.OLDEST,
  File "/Library/Developer/CommandLineTools/Library/Frameworks/Python3.framework/Versions/3.9/lib/python3.9/enum.py", line 429, in __getattr__
    raise AttributeError(name) from None
AttributeError: OLDEST

2025-12-12 03:32:11,860 - UNI_v7.2 - ERROR - Google Play Reviews: Erro inesperado: OLDEST
2025-12-12 03:32:11,860 - UNI_v7.2 - DEBUG - Traceback (most recent call last):
  File "/Users/eas/Desktop/github/emersonalmeida/emersonalmeida.github.io/project/uni/uni_v7.py", line 2034, in coletar_reviews_google_play
    "oldest": Sort.OLDEST,
  File "/Library/Developer/CommandLineTools/Library/Frameworks/Python3.framework/Versions/3.9/lib/python3.9/enum.py", line 429, in __getattr__
    raise AttributeError(name) from None
AttributeError: OLDEST

2025-12-12 03:32:11,860 - UNI_v7.2 - ERROR - Google Play Reviews: Erro inesperado: OLDEST
2025-12-12 03:32:11,860 - UNI_v7.2 - DEBUG - Traceback (most recent call last):
  File "/Users/eas/Desktop/github/emersonalmeida/emersonalmeida.github.io/project/uni/uni_v7.py", line 2034, in coletar_reviews_google_play
    "oldest": Sort.OLDEST,
  File "/Library/Developer/CommandLineTools/Library/Frameworks/Python3.framework/Versions/3.9/lib/python3.9/enum.py", line 429, in __getattr__
    raise AttributeError(name) from None
AttributeError: OLDEST

2025-12-12 03:32:11,860 - UNI_v7.2 - ERROR - Google Play Reviews: Erro inesperado: OLDEST
2025-12-12 03:32:11,860 - UNI_v7.2 - DEBUG - Traceback (most recent call last):
  File "/Users/eas/Desktop/github/emersonalmeida/emersonalmeida.github.io/project/uni/uni_v7.py", line 2034, in coletar_reviews_google_play
    "oldest": Sort.OLDEST,
  File "/Library/Developer/CommandLineTools/Library/Frameworks/Python3.framework/Versions/3.9/lib/python3.9/enum.py", line 429, in __getattr__
    raise AttributeError(name) from None
AttributeError: OLDEST

2025-12-12 03:32:11,860 - UNI_v7.2 - ERROR - Google Play Reviews: Erro inesperado: OLDEST
2025-12-12 03:32:11,860 - UNI_v7.2 - DEBUG - Traceback (most recent call last):
  File "/Users/eas/Desktop/github/emersonalmeida/emersonalmeida.github.io/project/uni/uni_v7.py", line 2034, in coletar_reviews_google_play
    "oldest": Sort.OLDEST,
  File "/Library/Developer/CommandLineTools/Library/Frameworks/Python3.framework/Versions/3.9/lib/python3.9/enum.py", line 429, in __getattr__
    raise AttributeError(name) from None
AttributeError: OLDEST

2025-12-12 03:32:11,860 - UNI_v7.2 - ERROR - Google Play Reviews: Erro inesperado: OLDEST
2025-12-12 03:32:11,861 - UNI_v7.2 - DEBUG - Traceback (most recent call last):
  File "/Users/eas/Desktop/github/emersonalmeida/emersonalmeida.github.io/project/uni/uni_v7.py", line 2034, in coletar_reviews_google_play
    "oldest": Sort.OLDEST,
  File "/Library/Developer/CommandLineTools/Library/Frameworks/Python3.framework/Versions/3.9/lib/python3.9/enum.py", line 429, in __getattr__
    raise AttributeError(name) from None
AttributeError: OLDEST

2025-12-12 03:32:11,861 - UNI_v7.2 - ERROR - Google Play Reviews: Erro inesperado: OLDEST
2025-12-12 03:32:11,861 - UNI_v7.2 - DEBUG - Traceback (most recent call last):
  File "/Users/eas/Desktop/github/emersonalmeida/emersonalmeida.github.io/project/uni/uni_v7.py", line 2034, in coletar_reviews_google_play
    "oldest": Sort.OLDEST,
  File "/Library/Developer/CommandLineTools/Library/Frameworks/Python3.framework/Versions/3.9/lib/python3.9/enum.py", line 429, in __getattr__
    raise AttributeError(name) from None
AttributeError: OLDEST

2025-12-12 03:32:11,861 - UNI_v7.2 - ERROR - Google Play Reviews: Erro inesperado: OLDEST
2025-12-12 03:32:11,861 - UNI_v7.2 - DEBUG - Traceback (most recent call last):
  File "/Users/eas/Desktop/github/emersonalmeida/emersonalmeida.github.io/project/uni/uni_v7.py", line 2034, in coletar_reviews_google_play
    "oldest": Sort.OLDEST,
  File "/Library/Developer/CommandLineTools/Library/Frameworks/Python3.framework/Versions/3.9/lib/python3.9/enum.py", line 429, in __getattr__
    raise AttributeError(name) from None
AttributeError: OLDEST

2025-12-12 03:32:11,861 - UNI_v7.2 - ERROR - Google Play Reviews: Erro inesperado: OLDEST
2025-12-12 03:32:11,861 - UNI_v7.2 - DEBUG - Traceback (most recent call last):
  File "/Users/eas/Desktop/github/emersonalmeida/emersonalmeida.github.io/project/uni/uni_v7.py", line 2034, in coletar_reviews_google_play
    "oldest": Sort.OLDEST,
  File "/Library/Developer/CommandLineTools/Library/Frameworks/Python3.framework/Versions/3.9/lib/python3.9/enum.py", line 429, in __getattr__
    raise AttributeError(name) from None
AttributeError: OLDEST

2025-12-12 03:32:11,861 - UNI_v7.2 - ERROR - Google Play Reviews: Erro inesperado: OLDEST
2025-12-12 03:32:11,861 - UNI_v7.2 - DEBUG - Traceback (most recent call last):
  File "/Users/eas/Desktop/github/emersonalmeida/emersonalmeida.github.io/project/uni/uni_v7.py", line 2034, in coletar_reviews_google_play
    "oldest": Sort.OLDEST,
  File "/Library/Developer/CommandLineTools/Library/Frameworks/Python3.framework/Versions/3.9/lib/python3.9/enum.py", line 429, in __getattr__
    raise AttributeError(name) from None
AttributeError: OLDEST

2025-12-12 03:32:11,861 - UNI_v7.2 - ERROR - Google Play Reviews: Erro inesperado: OLDEST
2025-12-12 03:32:11,861 - UNI_v7.2 - DEBUG - Traceback (most recent call last):
  File "/Users/eas/Desktop/github/emersonalmeida/emersonalmeida.github.io/project/uni/uni_v7.py", line 2034, in coletar_reviews_google_play
    "oldest": Sort.OLDEST,
  File "/Library/Developer/CommandLineTools/Library/Frameworks/Python3.framework/Versions/3.9/lib/python3.9/enum.py", line 429, in __getattr__
    raise AttributeError(name) from None
AttributeError: OLDEST

2025-12-12 03:32:11,861 - UNI_v7.2 - ERROR - Google Play Reviews: Erro inesperado: OLDEST
2025-12-12 03:32:11,861 - UNI_v7.2 - DEBUG - Traceback (most recent call last):
  File "/Users/eas/Desktop/github/emersonalmeida/emersonalmeida.github.io/project/uni/uni_v7.py", line 2034, in coletar_reviews_google_play
    "oldest": Sort.OLDEST,
  File "/Library/Developer/CommandLineTools/Library/Frameworks/Python3.framework/Versions/3.9/lib/python3.9/enum.py", line 429, in __getattr__
    raise AttributeError(name) from None
AttributeError: OLDEST

2025-12-12 03:32:11,861 - UNI_v7.2 - ERROR - Google Play Reviews: Erro inesperado: OLDEST
2025-12-12 03:32:11,861 - UNI_v7.2 - DEBUG - Traceback (most recent call last):
  File "/Users/eas/Desktop/github/emersonalmeida/emersonalmeida.github.io/project/uni/uni_v7.py", line 2034, in coletar_reviews_google_play
    "oldest": Sort.OLDEST,
  File "/Library/Developer/CommandLineTools/Library/Frameworks/Python3.framework/Versions/3.9/lib/python3.9/enum.py", line 429, in __getattr__
    raise AttributeError(name) from None
AttributeError: OLDEST

2025-12-12 03:32:11,861 - UNI_v7.2 - ERROR - Google Play Reviews: Erro inesperado: OLDEST
2025-12-12 03:32:11,862 - UNI_v7.2 - DEBUG - Traceback (most recent call last):
  File "/Users/eas/Desktop/github/emersonalmeida/emersonalmeida.github.io/project/uni/uni_v7.py", line 2034, in coletar_reviews_google_play
    "oldest": Sort.OLDEST,
  File "/Library/Developer/CommandLineTools/Library/Frameworks/Python3.framework/Versions/3.9/lib/python3.9/enum.py", line 429, in __getattr__
    raise AttributeError(name) from None
AttributeError: OLDEST

2025-12-12 03:32:11,862 - UNI_v7.2 - ERROR - Google Play Reviews: Erro inesperado: OLDEST
2025-12-12 03:32:11,862 - UNI_v7.2 - DEBUG - Traceback (most recent call last):
  File "/Users/eas/Desktop/github/emersonalmeida/emersonalmeida.github.io/project/uni/uni_v7.py", line 2034, in coletar_reviews_google_play
    "oldest": Sort.OLDEST,
  File "/Library/Developer/CommandLineTools/Library/Frameworks/Python3.framework/Versions/3.9/lib/python3.9/enum.py", line 429, in __getattr__
    raise AttributeError(name) from None
AttributeError: OLDEST

2025-12-12 03:32:11,866 - UNI_v7.2 - ERROR - Google Play Reviews: Erro inesperado: OLDEST
2025-12-12 03:32:11,866 - UNI_v7.2 - DEBUG - Traceback (most recent call last):
  File "/Users/eas/Desktop/github/emersonalmeida/emersonalmeida.github.io/project/uni/uni_v7.py", line 2034, in coletar_reviews_google_play
    "oldest": Sort.OLDEST,
  File "/Library/Developer/CommandLineTools/Library/Frameworks/Python3.framework/Versions/3.9/lib/python3.9/enum.py", line 429, in __getattr__
    raise AttributeError(name) from None
AttributeError: OLDEST

2025-12-12 03:32:11,866 - UNI_v7.2 - ERROR - Google Play Reviews: Erro inesperado: OLDEST
2025-12-12 03:32:11,866 - UNI_v7.2 - DEBUG - Traceback (most recent call last):
  File "/Users/eas/Desktop/github/emersonalmeida/emersonalmeida.github.io/project/uni/uni_v7.py", line 2034, in coletar_reviews_google_play
    "oldest": Sort.OLDEST,
  File "/Library/Developer/CommandLineTools/Library/Frameworks/Python3.framework/Versions/3.9/lib/python3.9/enum.py", line 429, in __getattr__
    raise AttributeError(name) from None
AttributeError: OLDEST

2025-12-12 03:32:11,866 - UNI_v7.2 - ERROR - Google Play Reviews: Erro inesperado: OLDEST
2025-12-12 03:32:11,866 - UNI_v7.2 - DEBUG - Traceback (most recent call last):
  File "/Users/eas/Desktop/github/emersonalmeida/emersonalmeida.github.io/project/uni/uni_v7.py", line 2034, in coletar_reviews_google_play
    "oldest": Sort.OLDEST,
  File "/Library/Developer/CommandLineTools/Library/Frameworks/Python3.framework/Versions/3.9/lib/python3.9/enum.py", line 429, in __getattr__
    raise AttributeError(name) from None
AttributeError: OLDEST

2025-12-12 03:32:11,866 - UNI_v7.2 - ERROR - Google Play Reviews: Erro inesperado: OLDEST
2025-12-12 03:32:11,866 - UNI_v7.2 - DEBUG - Traceback (most recent call last):
  File "/Users/eas/Desktop/github/emersonalmeida/emersonalmeida.github.io/project/uni/uni_v7.py", line 2034, in coletar_reviews_google_play
    "oldest": Sort.OLDEST,
  File "/Library/Developer/CommandLineTools/Library/Frameworks/Python3.framework/Versions/3.9/lib/python3.9/enum.py", line 429, in __getattr__
    raise AttributeError(name) from None
AttributeError: OLDEST

2025-12-12 03:32:11,866 - UNI_v7.2 - ERROR - Google Play Reviews: Erro inesperado: OLDEST
2025-12-12 03:32:11,867 - UNI_v7.2 - DEBUG - Traceback (most recent call last):
  File "/Users/eas/Desktop/github/emersonalmeida/emersonalmeida.github.io/project/uni/uni_v7.py", line 2034, in coletar_reviews_google_play
    "oldest": Sort.OLDEST,
  File "/Library/Developer/CommandLineTools/Library/Frameworks/Python3.framework/Versions/3.9/lib/python3.9/enum.py", line 429, in __getattr__
    raise AttributeError(name) from None
AttributeError: OLDEST

2025-12-12 03:32:11,867 - UNI_v7.2 - ERROR - Google Play Reviews: Erro inesperado: OLDEST
2025-12-12 03:32:11,867 - UNI_v7.2 - DEBUG - Traceback (most recent call last):
  File "/Users/eas/Desktop/github/emersonalmeida/emersonalmeida.github.io/project/uni/uni_v7.py", line 2034, in coletar_reviews_google_play
    "oldest": Sort.OLDEST,
  File "/Library/Developer/CommandLineTools/Library/Frameworks/Python3.framework/Versions/3.9/lib/python3.9/enum.py", line 429, in __getattr__
    raise AttributeError(name) from None
AttributeError: OLDEST

2025-12-12 03:32:11,867 - UNI_v7.2 - ERROR - Google Play Reviews: Erro inesperado: OLDEST
2025-12-12 03:32:11,867 - UNI_v7.2 - DEBUG - Traceback (most recent call last):
  File "/Users/eas/Desktop/github/emersonalmeida/emersonalmeida.github.io/project/uni/uni_v7.py", line 2034, in coletar_reviews_google_play
    "oldest": Sort.OLDEST,
  File "/Library/Developer/CommandLineTools/Library/Frameworks/Python3.framework/Versions/3.9/lib/python3.9/enum.py", line 429, in __getattr__
    raise AttributeError(name) from None
AttributeError: OLDEST

2025-12-12 03:32:11,867 - UNI_v7.2 - ERROR - Google Play Reviews: Erro inesperado: OLDEST
2025-12-12 03:32:11,867 - UNI_v7.2 - DEBUG - Traceback (most recent call last):
  File "/Users/eas/Desktop/github/emersonalmeida/emersonalmeida.github.io/project/uni/uni_v7.py", line 2034, in coletar_reviews_google_play
    "oldest": Sort.OLDEST,
  File "/Library/Developer/CommandLineTools/Library/Frameworks/Python3.framework/Versions/3.9/lib/python3.9/enum.py", line 429, in __getattr__
    raise AttributeError(name) from None
AttributeError: OLDEST

2025-12-12 03:32:11,867 - UNI_v7.2 - ERROR - Google Play Reviews: Erro inesperado: OLDEST
2025-12-12 03:32:11,867 - UNI_v7.2 - DEBUG - Traceback (most recent call last):
  File "/Users/eas/Desktop/github/emersonalmeida/emersonalmeida.github.io/project/uni/uni_v7.py", line 2034, in coletar_reviews_google_play
    "oldest": Sort.OLDEST,
  File "/Library/Developer/CommandLineTools/Library/Frameworks/Python3.framework/Versions/3.9/lib/python3.9/enum.py", line 429, in __getattr__
    raise AttributeError(name) from None
AttributeError: OLDEST

2025-12-12 03:32:11,867 - UNI_v7.2 - ERROR - Google Play Reviews: Erro inesperado: OLDEST
2025-12-12 03:32:11,867 - UNI_v7.2 - DEBUG - Traceback (most recent call last):
  File "/Users/eas/Desktop/github/emersonalmeida/emersonalmeida.github.io/project/uni/uni_v7.py", line 2034, in coletar_reviews_google_play
    "oldest": Sort.OLDEST,
  File "/Library/Developer/CommandLineTools/Library/Frameworks/Python3.framework/Versions/3.9/lib/python3.9/enum.py", line 429, in __getattr__
    raise AttributeError(name) from None
AttributeError: OLDEST

2025-12-12 03:32:11,867 - UNI_v7.2 - ERROR - Google Play Reviews: Erro inesperado: OLDEST
2025-12-12 03:32:11,867 - UNI_v7.2 - DEBUG - Traceback (most recent call last):
  File "/Users/eas/Desktop/github/emersonalmeida/emersonalmeida.github.io/project/uni/uni_v7.py", line 2034, in coletar_reviews_google_play
    "oldest": Sort.OLDEST,
  File "/Library/Developer/CommandLineTools/Library/Frameworks/Python3.framework/Versions/3.9/lib/python3.9/enum.py", line 429, in __getattr__
    raise AttributeError(name) from None
AttributeError: OLDEST

2025-12-12 03:32:11,867 - UNI_v7.2 - ERROR - Google Play Reviews: Erro inesperado: OLDEST
2025-12-12 03:32:11,867 - UNI_v7.2 - DEBUG - Traceback (most recent call last):
  File "/Users/eas/Desktop/github/emersonalmeida/emersonalmeida.github.io/project/uni/uni_v7.py", line 2034, in coletar_reviews_google_play
    "oldest": Sort.OLDEST,
  File "/Library/Developer/CommandLineTools/Library/Frameworks/Python3.framework/Versions/3.9/lib/python3.9/enum.py", line 429, in __getattr__
    raise AttributeError(name) from None
AttributeError: OLDEST

2025-12-12 03:32:11,867 - UNI_v7.2 - ERROR - Google Play Reviews: Erro inesperado: OLDEST
2025-12-12 03:32:11,867 - UNI_v7.2 - DEBUG - Traceback (most recent call last):
  File "/Users/eas/Desktop/github/emersonalmeida/emersonalmeida.github.io/project/uni/uni_v7.py", line 2034, in coletar_reviews_google_play
    "oldest": Sort.OLDEST,
  File "/Library/Developer/CommandLineTools/Library/Frameworks/Python3.framework/Versions/3.9/lib/python3.9/enum.py", line 429, in __getattr__
    raise AttributeError(name) from None
AttributeError: OLDEST

2025-12-12 03:32:11,867 - UNI_v7.2 - ERROR - Google Play Reviews: Erro inesperado: OLDEST
2025-12-12 03:32:11,868 - UNI_v7.2 - DEBUG - Traceback (most recent call last):
  File "/Users/eas/Desktop/github/emersonalmeida/emersonalmeida.github.io/project/uni/uni_v7.py", line 2034, in coletar_reviews_google_play
    "oldest": Sort.OLDEST,
  File "/Library/Developer/CommandLineTools/Library/Frameworks/Python3.framework/Versions/3.9/lib/python3.9/enum.py", line 429, in __getattr__
    raise AttributeError(name) from None
AttributeError: OLDEST

2025-12-12 03:32:11,868 - UNI_v7.2 - ERROR - Google Play Reviews: Erro inesperado: OLDEST
2025-12-12 03:32:11,868 - UNI_v7.2 - DEBUG - Traceback (most recent call last):
  File "/Users/eas/Desktop/github/emersonalmeida/emersonalmeida.github.io/project/uni/uni_v7.py", line 2034, in coletar_reviews_google_play
    "oldest": Sort.OLDEST,
  File "/Library/Developer/CommandLineTools/Library/Frameworks/Python3.framework/Versions/3.9/lib/python3.9/enum.py", line 429, in __getattr__
    raise AttributeError(name) from None
AttributeError: OLDEST

2025-12-12 03:32:11,868 - UNI_v7.2 - ERROR - Google Play Reviews: Erro inesperado: OLDEST
2025-12-12 03:32:11,868 - UNI_v7.2 - DEBUG - Traceback (most recent call last):
  File "/Users/eas/Desktop/github/emersonalmeida/emersonalmeida.github.io/project/uni/uni_v7.py", line 2034, in coletar_reviews_google_play
    "oldest": Sort.OLDEST,
  File "/Library/Developer/CommandLineTools/Library/Frameworks/Python3.framework/Versions/3.9/lib/python3.9/enum.py", line 429, in __getattr__
    raise AttributeError(name) from None
AttributeError: OLDEST

2025-12-12 03:32:11,868 - UNI_v7.2 - ERROR - Google Play Reviews: Erro inesperado: OLDEST
2025-12-12 03:32:11,868 - UNI_v7.2 - DEBUG - Traceback (most recent call last):
  File "/Users/eas/Desktop/github/emersonalmeida/emersonalmeida.github.io/project/uni/uni_v7.py", line 2034, in coletar_reviews_google_play
    "oldest": Sort.OLDEST,
  File "/Library/Developer/CommandLineTools/Library/Frameworks/Python3.framework/Versions/3.9/lib/python3.9/enum.py", line 429, in __getattr__
    raise AttributeError(name) from None
AttributeError: OLDEST

2025-12-12 03:32:11,868 - UNI_v7.2 - ERROR - Google Play Reviews: Erro inesperado: OLDEST
2025-12-12 03:32:11,868 - UNI_v7.2 - DEBUG - Traceback (most recent call last):
  File "/Users/eas/Desktop/github/emersonalmeida/emersonalmeida.github.io/project/uni/uni_v7.py", line 2034, in coletar_reviews_google_play
    "oldest": Sort.OLDEST,
  File "/Library/Developer/CommandLineTools/Library/Frameworks/Python3.framework/Versions/3.9/lib/python3.9/enum.py", line 429, in __getattr__
    raise AttributeError(name) from None
AttributeError: OLDEST

2025-12-12 03:32:11,868 - UNI_v7.2 - ERROR - Google Play Reviews: Erro inesperado: OLDEST
2025-12-12 03:32:11,868 - UNI_v7.2 - DEBUG - Traceback (most recent call last):
  File "/Users/eas/Desktop/github/emersonalmeida/emersonalmeida.github.io/project/uni/uni_v7.py", line 2034, in coletar_reviews_google_play
    "oldest": Sort.OLDEST,
  File "/Library/Developer/CommandLineTools/Library/Frameworks/Python3.framework/Versions/3.9/lib/python3.9/enum.py", line 429, in __getattr__
    raise AttributeError(name) from None
AttributeError: OLDEST

2025-12-12 03:32:11,868 - UNI_v7.2 - ERROR - Google Play Reviews: Erro inesperado: OLDEST
2025-12-12 03:32:11,868 - UNI_v7.2 - DEBUG - Traceback (most recent call last):
  File "/Users/eas/Desktop/github/emersonalmeida/emersonalmeida.github.io/project/uni/uni_v7.py", line 2034, in coletar_reviews_google_play
    "oldest": Sort.OLDEST,
  File "/Library/Developer/CommandLineTools/Library/Frameworks/Python3.framework/Versions/3.9/lib/python3.9/enum.py", line 429, in __getattr__
    raise AttributeError(name) from None
AttributeError: OLDEST

2025-12-12 03:32:11,868 - UNI_v7.2 - ERROR - Google Play Reviews: Erro inesperado: OLDEST
2025-12-12 03:32:11,868 - UNI_v7.2 - DEBUG - Traceback (most recent call last):
  File "/Users/eas/Desktop/github/emersonalmeida/emersonalmeida.github.io/project/uni/uni_v7.py", line 2034, in coletar_reviews_google_play
    "oldest": Sort.OLDEST,
  File "/Library/Developer/CommandLineTools/Library/Frameworks/Python3.framework/Versions/3.9/lib/python3.9/enum.py", line 429, in __getattr__
    raise AttributeError(name) from None
AttributeError: OLDEST

2025-12-12 03:32:11,868 - UNI_v7.2 - ERROR - Google Play Reviews: Erro inesperado: OLDEST
2025-12-12 03:32:11,868 - UNI_v7.2 - DEBUG - Traceback (most recent call last):
  File "/Users/eas/Desktop/github/emersonalmeida/emersonalmeida.github.io/project/uni/uni_v7.py", line 2034, in coletar_reviews_google_play
    "oldest": Sort.OLDEST,
  File "/Library/Developer/CommandLineTools/Library/Frameworks/Python3.framework/Versions/3.9/lib/python3.9/enum.py", line 429, in __getattr__
    raise AttributeError(name) from None
AttributeError: OLDEST

2025-12-12 03:32:11,868 - UNI_v7.2 - ERROR - Google Play Reviews: Erro inesperado: OLDEST
2025-12-12 03:32:11,868 - UNI_v7.2 - DEBUG - Traceback (most recent call last):
  File "/Users/eas/Desktop/github/emersonalmeida/emersonalmeida.github.io/project/uni/uni_v7.py", line 2034, in coletar_reviews_google_play
    "oldest": Sort.OLDEST,
  File "/Library/Developer/CommandLineTools/Library/Frameworks/Python3.framework/Versions/3.9/lib/python3.9/enum.py", line 429, in __getattr__
    raise AttributeError(name) from None
AttributeError: OLDEST

2025-12-12 03:32:11,868 - UNI_v7.2 - ERROR - Google Play Reviews: Erro inesperado: OLDEST
2025-12-12 03:32:11,868 - UNI_v7.2 - DEBUG - Traceback (most recent call last):
  File "/Users/eas/Desktop/github/emersonalmeida/emersonalmeida.github.io/project/uni/uni_v7.py", line 2034, in coletar_reviews_google_play
    "oldest": Sort.OLDEST,
  File "/Library/Developer/CommandLineTools/Library/Frameworks/Python3.framework/Versions/3.9/lib/python3.9/enum.py", line 429, in __getattr__
    raise AttributeError(name) from None
AttributeError: OLDEST

2025-12-12 03:32:11,869 - UNI_v7.2 - ERROR - Google Play Reviews: Erro inesperado: OLDEST
2025-12-12 03:32:11,869 - UNI_v7.2 - DEBUG - Traceback (most recent call last):
  File "/Users/eas/Desktop/github/emersonalmeida/emersonalmeida.github.io/project/uni/uni_v7.py", line 2034, in coletar_reviews_google_play
    "oldest": Sort.OLDEST,
  File "/Library/Developer/CommandLineTools/Library/Frameworks/Python3.framework/Versions/3.9/lib/python3.9/enum.py", line 429, in __getattr__
    raise AttributeError(name) from None
AttributeError: OLDEST

2025-12-12 03:32:11,869 - UNI_v7.2 - ERROR - Google Play Reviews: Erro inesperado: OLDEST
2025-12-12 03:32:11,869 - UNI_v7.2 - DEBUG - Traceback (most recent call last):
  File "/Users/eas/Desktop/github/emersonalmeida/emersonalmeida.github.io/project/uni/uni_v7.py", line 2034, in coletar_reviews_google_play
    "oldest": Sort.OLDEST,
  File "/Library/Developer/CommandLineTools/Library/Frameworks/Python3.framework/Versions/3.9/lib/python3.9/enum.py", line 429, in __getattr__
    raise AttributeError(name) from None
AttributeError: OLDEST

2025-12-12 03:32:11,869 - UNI_v7.2 - ERROR - Google Play Reviews: Erro inesperado: OLDEST
2025-12-12 03:32:11,869 - UNI_v7.2 - DEBUG - Traceback (most recent call last):
  File "/Users/eas/Desktop/github/emersonalmeida/emersonalmeida.github.io/project/uni/uni_v7.py", line 2034, in coletar_reviews_google_play
    "oldest": Sort.OLDEST,
  File "/Library/Developer/CommandLineTools/Library/Frameworks/Python3.framework/Versions/3.9/lib/python3.9/enum.py", line 429, in __getattr__
    raise AttributeError(name) from None
AttributeError: OLDEST

2025-12-12 03:32:11,869 - UNI_v7.2 - ERROR - Google Play Reviews: Erro inesperado: OLDEST
2025-12-12 03:32:11,869 - UNI_v7.2 - DEBUG - Traceback (most recent call last):
  File "/Users/eas/Desktop/github/emersonalmeida/emersonalmeida.github.io/project/uni/uni_v7.py", line 2034, in coletar_reviews_google_play
    "oldest": Sort.OLDEST,
  File "/Library/Developer/CommandLineTools/Library/Frameworks/Python3.framework/Versions/3.9/lib/python3.9/enum.py", line 429, in __getattr__
    raise AttributeError(name) from None
AttributeError: OLDEST

2025-12-12 03:32:11,869 - UNI_v7.2 - ERROR - Google Play Reviews: Erro inesperado: OLDEST
2025-12-12 03:32:11,869 - UNI_v7.2 - DEBUG - Traceback (most recent call last):
  File "/Users/eas/Desktop/github/emersonalmeida/emersonalmeida.github.io/project/uni/uni_v7.py", line 2034, in coletar_reviews_google_play
    "oldest": Sort.OLDEST,
  File "/Library/Developer/CommandLineTools/Library/Frameworks/Python3.framework/Versions/3.9/lib/python3.9/enum.py", line 429, in __getattr__
    raise AttributeError(name) from None
AttributeError: OLDEST

2025-12-12 03:32:11,869 - UNI_v7.2 - ERROR - Google Play Reviews: Erro inesperado: OLDEST
2025-12-12 03:32:11,869 - UNI_v7.2 - DEBUG - Traceback (most recent call last):
  File "/Users/eas/Desktop/github/emersonalmeida/emersonalmeida.github.io/project/uni/uni_v7.py", line 2034, in coletar_reviews_google_play
    "oldest": Sort.OLDEST,
  File "/Library/Developer/CommandLineTools/Library/Frameworks/Python3.framework/Versions/3.9/lib/python3.9/enum.py", line 429, in __getattr__
    raise AttributeError(name) from None
AttributeError: OLDEST

2025-12-12 03:32:11,869 - UNI_v7.2 - ERROR - Google Play Reviews: Erro inesperado: OLDEST
2025-12-12 03:32:11,869 - UNI_v7.2 - DEBUG - Traceback (most recent call last):
  File "/Users/eas/Desktop/github/emersonalmeida/emersonalmeida.github.io/project/uni/uni_v7.py", line 2034, in coletar_reviews_google_play
    "oldest": Sort.OLDEST,
  File "/Library/Developer/CommandLineTools/Library/Frameworks/Python3.framework/Versions/3.9/lib/python3.9/enum.py", line 429, in __getattr__
    raise AttributeError(name) from None
AttributeError: OLDEST

2025-12-12 03:32:11,870 - UNI_v7.2 - ERROR - Google Play Reviews: Erro inesperado: OLDEST
2025-12-12 03:32:11,870 - UNI_v7.2 - DEBUG - Traceback (most recent call last):
  File "/Users/eas/Desktop/github/emersonalmeida/emersonalmeida.github.io/project/uni/uni_v7.py", line 2034, in coletar_reviews_google_play
    "oldest": Sort.OLDEST,
  File "/Library/Developer/CommandLineTools/Library/Frameworks/Python3.framework/Versions/3.9/lib/python3.9/enum.py", line 429, in __getattr__
    raise AttributeError(name) from None
AttributeError: OLDEST

2025-12-12 03:32:11,870 - UNI_v7.2 - ERROR - Google Play Reviews: Erro inesperado: OLDEST
2025-12-12 03:32:11,870 - UNI_v7.2 - DEBUG - Traceback (most recent call last):
  File "/Users/eas/Desktop/github/emersonalmeida/emersonalmeida.github.io/project/uni/uni_v7.py", line 2034, in coletar_reviews_google_play
    "oldest": Sort.OLDEST,
  File "/Library/Developer/CommandLineTools/Library/Frameworks/Python3.framework/Versions/3.9/lib/python3.9/enum.py", line 429, in __getattr__
    raise AttributeError(name) from None
AttributeError: OLDEST

2025-12-12 03:32:11,870 - UNI_v7.2 - ERROR - Google Play Reviews: Erro inesperado: OLDEST
2025-12-12 03:32:11,870 - UNI_v7.2 - DEBUG - Traceback (most recent call last):
  File "/Users/eas/Desktop/github/emersonalmeida/emersonalmeida.github.io/project/uni/uni_v7.py", line 2034, in coletar_reviews_google_play
    "oldest": Sort.OLDEST,
  File "/Library/Developer/CommandLineTools/Library/Frameworks/Python3.framework/Versions/3.9/lib/python3.9/enum.py", line 429, in __getattr__
    raise AttributeError(name) from None
AttributeError: OLDEST

2025-12-12 03:32:11,870 - UNI_v7.2 - ERROR - Google Play Reviews: Erro inesperado: OLDEST
2025-12-12 03:32:11,870 - UNI_v7.2 - DEBUG - Traceback (most recent call last):
  File "/Users/eas/Desktop/github/emersonalmeida/emersonalmeida.github.io/project/uni/uni_v7.py", line 2034, in coletar_reviews_google_play
    "oldest": Sort.OLDEST,
  File "/Library/Developer/CommandLineTools/Library/Frameworks/Python3.framework/Versions/3.9/lib/python3.9/enum.py", line 429, in __getattr__
    raise AttributeError(name) from None
AttributeError: OLDEST

2025-12-12 03:32:11,870 - UNI_v7.2 - ERROR - Google Play Reviews: Erro inesperado: OLDEST
2025-12-12 03:32:11,870 - UNI_v7.2 - DEBUG - Traceback (most recent call last):
  File "/Users/eas/Desktop/github/emersonalmeida/emersonalmeida.github.io/project/uni/uni_v7.py", line 2034, in coletar_reviews_google_play
    "oldest": Sort.OLDEST,
  File "/Library/Developer/CommandLineTools/Library/Frameworks/Python3.framework/Versions/3.9/lib/python3.9/enum.py", line 429, in __getattr__
    raise AttributeError(name) from None
AttributeError: OLDEST

2025-12-12 03:32:11,870 - UNI_v7.2 - ERROR - Google Play Reviews: Erro inesperado: OLDEST
2025-12-12 03:32:11,870 - UNI_v7.2 - DEBUG - Traceback (most recent call last):
  File "/Users/eas/Desktop/github/emersonalmeida/emersonalmeida.github.io/project/uni/uni_v7.py", line 2034, in coletar_reviews_google_play
    "oldest": Sort.OLDEST,
  File "/Library/Developer/CommandLineTools/Library/Frameworks/Python3.framework/Versions/3.9/lib/python3.9/enum.py", line 429, in __getattr__
    raise AttributeError(name) from None
AttributeError: OLDEST

2025-12-12 03:32:11,870 - UNI_v7.2 - ERROR - Google Play Reviews: Erro inesperado: OLDEST
2025-12-12 03:32:11,870 - UNI_v7.2 - DEBUG - Traceback (most recent call last):
  File "/Users/eas/Desktop/github/emersonalmeida/emersonalmeida.github.io/project/uni/uni_v7.py", line 2034, in coletar_reviews_google_play
    "oldest": Sort.OLDEST,
  File "/Library/Developer/CommandLineTools/Library/Frameworks/Python3.framework/Versions/3.9/lib/python3.9/enum.py", line 429, in __getattr__
    raise AttributeError(name) from None
AttributeError: OLDEST

2025-12-12 03:32:11,870 - UNI_v7.2 - ERROR - Google Play Reviews: Erro inesperado: OLDEST
2025-12-12 03:32:11,870 - UNI_v7.2 - DEBUG - Traceback (most recent call last):
  File "/Users/eas/Desktop/github/emersonalmeida/emersonalmeida.github.io/project/uni/uni_v7.py", line 2034, in coletar_reviews_google_play
    "oldest": Sort.OLDEST,
  File "/Library/Developer/CommandLineTools/Library/Frameworks/Python3.framework/Versions/3.9/lib/python3.9/enum.py", line 429, in __getattr__
    raise AttributeError(name) from None
AttributeError: OLDEST

2025-12-12 03:32:11,870 - UNI_v7.2 - ERROR - Google Play Reviews: Erro inesperado: OLDEST
2025-12-12 03:32:11,870 - UNI_v7.2 - DEBUG - Traceback (most recent call last):
  File "/Users/eas/Desktop/github/emersonalmeida/emersonalmeida.github.io/project/uni/uni_v7.py", line 2034, in coletar_reviews_google_play
    "oldest": Sort.OLDEST,
  File "/Library/Developer/CommandLineTools/Library/Frameworks/Python3.framework/Versions/3.9/lib/python3.9/enum.py", line 429, in __getattr__
    raise AttributeError(name) from None
AttributeError: OLDEST

2025-12-12 03:32:11,870 - UNI_v7.2 - ERROR - Google Play Reviews: Erro inesperado: OLDEST
2025-12-12 03:32:11,871 - UNI_v7.2 - DEBUG - Traceback (most recent call last):
  File "/Users/eas/Desktop/github/emersonalmeida/emersonalmeida.github.io/project/uni/uni_v7.py", line 2034, in coletar_reviews_google_play
    "oldest": Sort.OLDEST,
  File "/Library/Developer/CommandLineTools/Library/Frameworks/Python3.framework/Versions/3.9/lib/python3.9/enum.py", line 429, in __getattr__
    raise AttributeError(name) from None
AttributeError: OLDEST

2025-12-12 03:32:11,871 - UNI_v7.2 - ERROR - Google Play Reviews: Erro inesperado: OLDEST
2025-12-12 03:32:11,871 - UNI_v7.2 - DEBUG - Traceback (most recent call last):
  File "/Users/eas/Desktop/github/emersonalmeida/emersonalmeida.github.io/project/uni/uni_v7.py", line 2034, in coletar_reviews_google_play
    "oldest": Sort.OLDEST,
  File "/Library/Developer/CommandLineTools/Library/Frameworks/Python3.framework/Versions/3.9/lib/python3.9/enum.py", line 429, in __getattr__
    raise AttributeError(name) from None
AttributeError: OLDEST

2025-12-12 03:32:11,871 - UNI_v7.2 - ERROR - Google Play Reviews: Erro inesperado: OLDEST
2025-12-12 03:32:11,871 - UNI_v7.2 - DEBUG - Traceback (most recent call last):
  File "/Users/eas/Desktop/github/emersonalmeida/emersonalmeida.github.io/project/uni/uni_v7.py", line 2034, in coletar_reviews_google_play
    "oldest": Sort.OLDEST,
  File "/Library/Developer/CommandLineTools/Library/Frameworks/Python3.framework/Versions/3.9/lib/python3.9/enum.py", line 429, in __getattr__
    raise AttributeError(name) from None
AttributeError: OLDEST

2025-12-12 03:32:11,871 - UNI_v7.2 - ERROR - Google Play Reviews: Erro inesperado: OLDEST
2025-12-12 03:32:11,871 - UNI_v7.2 - DEBUG - Traceback (most recent call last):
  File "/Users/eas/Desktop/github/emersonalmeida/emersonalmeida.github.io/project/uni/uni_v7.py", line 2034, in coletar_reviews_google_play
    "oldest": Sort.OLDEST,
  File "/Library/Developer/CommandLineTools/Library/Frameworks/Python3.framework/Versions/3.9/lib/python3.9/enum.py", line 429, in __getattr__
    raise AttributeError(name) from None
AttributeError: OLDEST

2025-12-12 03:32:11,871 - UNI_v7.2 - ERROR - Google Play Reviews: Erro inesperado: OLDEST
2025-12-12 03:32:11,871 - UNI_v7.2 - DEBUG - Traceback (most recent call last):
  File "/Users/eas/Desktop/github/emersonalmeida/emersonalmeida.github.io/project/uni/uni_v7.py", line 2034, in coletar_reviews_google_play
    "oldest": Sort.OLDEST,
  File "/Library/Developer/CommandLineTools/Library/Frameworks/Python3.framework/Versions/3.9/lib/python3.9/enum.py", line 429, in __getattr__
    raise AttributeError(name) from None
AttributeError: OLDEST

2025-12-12 03:32:11,871 - UNI_v7.2 - ERROR - Google Play Reviews: Erro inesperado: OLDEST
2025-12-12 03:32:11,871 - UNI_v7.2 - DEBUG - Traceback (most recent call last):
  File "/Users/eas/Desktop/github/emersonalmeida/emersonalmeida.github.io/project/uni/uni_v7.py", line 2034, in coletar_reviews_google_play
    "oldest": Sort.OLDEST,
  File "/Library/Developer/CommandLineTools/Library/Frameworks/Python3.framework/Versions/3.9/lib/python3.9/enum.py", line 429, in __getattr__
    raise AttributeError(name) from None
AttributeError: OLDEST

2025-12-12 03:32:11,871 - UNI_v7.2 - ERROR - Google Play Reviews: Erro inesperado: OLDEST
2025-12-12 03:32:11,871 - UNI_v7.2 - DEBUG - Traceback (most recent call last):
  File "/Users/eas/Desktop/github/emersonalmeida/emersonalmeida.github.io/project/uni/uni_v7.py", line 2034, in coletar_reviews_google_play
    "oldest": Sort.OLDEST,
  File "/Library/Developer/CommandLineTools/Library/Frameworks/Python3.framework/Versions/3.9/lib/python3.9/enum.py", line 429, in __getattr__
    raise AttributeError(name) from None
AttributeError: OLDEST

2025-12-12 03:32:11,871 - UNI_v7.2 - ERROR - Google Play Reviews: Erro inesperado: OLDEST
2025-12-12 03:32:11,871 - UNI_v7.2 - DEBUG - Traceback (most recent call last):
  File "/Users/eas/Desktop/github/emersonalmeida/emersonalmeida.github.io/project/uni/uni_v7.py", line 2034, in coletar_reviews_google_play
    "oldest": Sort.OLDEST,
  File "/Library/Developer/CommandLineTools/Library/Frameworks/Python3.framework/Versions/3.9/lib/python3.9/enum.py", line 429, in __getattr__
    raise AttributeError(name) from None
AttributeError: OLDEST

2025-12-12 03:32:11,871 - UNI_v7.2 - ERROR - Google Play Reviews: Erro inesperado: OLDEST
2025-12-12 03:32:11,871 - UNI_v7.2 - DEBUG - Traceback (most recent call last):
  File "/Users/eas/Desktop/github/emersonalmeida/emersonalmeida.github.io/project/uni/uni_v7.py", line 2034, in coletar_reviews_google_play
    "oldest": Sort.OLDEST,
  File "/Library/Developer/CommandLineTools/Library/Frameworks/Python3.framework/Versions/3.9/lib/python3.9/enum.py", line 429, in __getattr__
    raise AttributeError(name) from None
AttributeError: OLDEST

2025-12-12 03:32:11,871 - UNI_v7.2 - ERROR - Google Play Reviews: Erro inesperado: OLDEST
2025-12-12 03:32:11,871 - UNI_v7.2 - DEBUG - Traceback (most recent call last):
  File "/Users/eas/Desktop/github/emersonalmeida/emersonalmeida.github.io/project/uni/uni_v7.py", line 2034, in coletar_reviews_google_play
    "oldest": Sort.OLDEST,
  File "/Library/Developer/CommandLineTools/Library/Frameworks/Python3.framework/Versions/3.9/lib/python3.9/enum.py", line 429, in __getattr__
    raise AttributeError(name) from None
AttributeError: OLDEST

2025-12-12 03:32:11,873 - UNI_v7.2 - ERROR - Google Play Reviews: Erro inesperado: OLDEST
2025-12-12 03:32:11,873 - UNI_v7.2 - DEBUG - Traceback (most recent call last):
  File "/Users/eas/Desktop/github/emersonalmeida/emersonalmeida.github.io/project/uni/uni_v7.py", line 2034, in coletar_reviews_google_play
    "oldest": Sort.OLDEST,
  File "/Library/Developer/CommandLineTools/Library/Frameworks/Python3.framework/Versions/3.9/lib/python3.9/enum.py", line 429, in __getattr__
    raise AttributeError(name) from None
AttributeError: OLDEST

2025-12-12 03:32:11,873 - UNI_v7.2 - ERROR - Google Play Reviews: Erro inesperado: OLDEST
2025-12-12 03:32:11,873 - UNI_v7.2 - DEBUG - Traceback (most recent call last):
  File "/Users/eas/Desktop/github/emersonalmeida/emersonalmeida.github.io/project/uni/uni_v7.py", line 2034, in coletar_reviews_google_play
    "oldest": Sort.OLDEST,
  File "/Library/Developer/CommandLineTools/Library/Frameworks/Python3.framework/Versions/3.9/lib/python3.9/enum.py", line 429, in __getattr__
    raise AttributeError(name) from None
AttributeError: OLDEST

2025-12-12 03:32:11,873 - UNI_v7.2 - ERROR - Google Play Reviews: Erro inesperado: OLDEST
2025-12-12 03:32:11,873 - UNI_v7.2 - DEBUG - Traceback (most recent call last):
  File "/Users/eas/Desktop/github/emersonalmeida/emersonalmeida.github.io/project/uni/uni_v7.py", line 2034, in coletar_reviews_google_play
    "oldest": Sort.OLDEST,
  File "/Library/Developer/CommandLineTools/Library/Frameworks/Python3.framework/Versions/3.9/lib/python3.9/enum.py", line 429, in __getattr__
    raise AttributeError(name) from None
AttributeError: OLDEST

2025-12-12 03:32:11,873 - UNI_v7.2 - ERROR - Google Play Reviews: Erro inesperado: OLDEST
2025-12-12 03:32:11,873 - UNI_v7.2 - DEBUG - Traceback (most recent call last):
  File "/Users/eas/Desktop/github/emersonalmeida/emersonalmeida.github.io/project/uni/uni_v7.py", line 2034, in coletar_reviews_google_play
    "oldest": Sort.OLDEST,
  File "/Library/Developer/CommandLineTools/Library/Frameworks/Python3.framework/Versions/3.9/lib/python3.9/enum.py", line 429, in __getattr__
    raise AttributeError(name) from None
AttributeError: OLDEST

2025-12-12 03:32:11,873 - UNI_v7.2 - ERROR - Google Play Reviews: Erro inesperado: OLDEST
2025-12-12 03:32:11,874 - UNI_v7.2 - DEBUG - Traceback (most recent call last):
  File "/Users/eas/Desktop/github/emersonalmeida/emersonalmeida.github.io/project/uni/uni_v7.py", line 2034, in coletar_reviews_google_play
    "oldest": Sort.OLDEST,
  File "/Library/Developer/CommandLineTools/Library/Frameworks/Python3.framework/Versions/3.9/lib/python3.9/enum.py", line 429, in __getattr__
    raise AttributeError(name) from None
AttributeError: OLDEST

2025-12-12 03:32:11,874 - UNI_v7.2 - ERROR - Google Play Reviews: Erro inesperado: OLDEST
2025-12-12 03:32:11,874 - UNI_v7.2 - DEBUG - Traceback (most recent call last):
  File "/Users/eas/Desktop/github/emersonalmeida/emersonalmeida.github.io/project/uni/uni_v7.py", line 2034, in coletar_reviews_google_play
    "oldest": Sort.OLDEST,
  File "/Library/Developer/CommandLineTools/Library/Frameworks/Python3.framework/Versions/3.9/lib/python3.9/enum.py", line 429, in __getattr__
    raise AttributeError(name) from None
AttributeError: OLDEST

2025-12-12 03:32:11,874 - UNI_v7.2 - ERROR - Google Play Reviews: Erro inesperado: OLDEST
2025-12-12 03:32:11,874 - UNI_v7.2 - DEBUG - Traceback (most recent call last):
  File "/Users/eas/Desktop/github/emersonalmeida/emersonalmeida.github.io/project/uni/uni_v7.py", line 2034, in coletar_reviews_google_play
    "oldest": Sort.OLDEST,
  File "/Library/Developer/CommandLineTools/Library/Frameworks/Python3.framework/Versions/3.9/lib/python3.9/enum.py", line 429, in __getattr__
    raise AttributeError(name) from None
AttributeError: OLDEST

2025-12-12 03:32:11,874 - UNI_v7.2 - ERROR - Google Play Reviews: Erro inesperado: OLDEST
2025-12-12 03:32:11,874 - UNI_v7.2 - DEBUG - Traceback (most recent call last):
  File "/Users/eas/Desktop/github/emersonalmeida/emersonalmeida.github.io/project/uni/uni_v7.py", line 2034, in coletar_reviews_google_play
    "oldest": Sort.OLDEST,
  File "/Library/Developer/CommandLineTools/Library/Frameworks/Python3.framework/Versions/3.9/lib/python3.9/enum.py", line 429, in __getattr__
    raise AttributeError(name) from None
AttributeError: OLDEST

2025-12-12 03:32:11,874 - UNI_v7.2 - ERROR - Google Play Reviews: Erro inesperado: OLDEST
2025-12-12 03:32:11,874 - UNI_v7.2 - DEBUG - Traceback (most recent call last):
  File "/Users/eas/Desktop/github/emersonalmeida/emersonalmeida.github.io/project/uni/uni_v7.py", line 2034, in coletar_reviews_google_play
    "oldest": Sort.OLDEST,
  File "/Library/Developer/CommandLineTools/Library/Frameworks/Python3.framework/Versions/3.9/lib/python3.9/enum.py", line 429, in __getattr__
    raise AttributeError(name) from None
AttributeError: OLDEST

2025-12-12 03:32:11,874 - UNI_v7.2 - ERROR - Google Play Reviews: Erro inesperado: OLDEST
2025-12-12 03:32:11,874 - UNI_v7.2 - DEBUG - Traceback (most recent call last):
  File "/Users/eas/Desktop/github/emersonalmeida/emersonalmeida.github.io/project/uni/uni_v7.py", line 2034, in coletar_reviews_google_play
    "oldest": Sort.OLDEST,
  File "/Library/Developer/CommandLineTools/Library/Frameworks/Python3.framework/Versions/3.9/lib/python3.9/enum.py", line 429, in __getattr__
    raise AttributeError(name) from None
AttributeError: OLDEST

2025-12-12 03:32:11,874 - UNI_v7.2 - ERROR - Google Play Reviews: Erro inesperado: OLDEST
2025-12-12 03:32:11,874 - UNI_v7.2 - DEBUG - Traceback (most recent call last):
  File "/Users/eas/Desktop/github/emersonalmeida/emersonalmeida.github.io/project/uni/uni_v7.py", line 2034, in coletar_reviews_google_play
    "oldest": Sort.OLDEST,
  File "/Library/Developer/CommandLineTools/Library/Frameworks/Python3.framework/Versions/3.9/lib/python3.9/enum.py", line 429, in __getattr__
    raise AttributeError(name) from None
AttributeError: OLDEST

2025-12-12 03:32:11,874 - UNI_v7.2 - ERROR - Google Play Reviews: Erro inesperado: OLDEST
2025-12-12 03:32:11,874 - UNI_v7.2 - DEBUG - Traceback (most recent call last):
  File "/Users/eas/Desktop/github/emersonalmeida/emersonalmeida.github.io/project/uni/uni_v7.py", line 2034, in coletar_reviews_google_play
    "oldest": Sort.OLDEST,
  File "/Library/Developer/CommandLineTools/Library/Frameworks/Python3.framework/Versions/3.9/lib/python3.9/enum.py", line 429, in __getattr__
    raise AttributeError(name) from None
AttributeError: OLDEST

2025-12-12 03:32:11,874 - UNI_v7.2 - ERROR - Google Play Reviews: Erro inesperado: OLDEST
2025-12-12 03:32:11,874 - UNI_v7.2 - DEBUG - Traceback (most recent call last):
  File "/Users/eas/Desktop/github/emersonalmeida/emersonalmeida.github.io/project/uni/uni_v7.py", line 2034, in coletar_reviews_google_play
    "oldest": Sort.OLDEST,
  File "/Library/Developer/CommandLineTools/Library/Frameworks/Python3.framework/Versions/3.9/lib/python3.9/enum.py", line 429, in __getattr__
    raise AttributeError(name) from None
AttributeError: OLDEST

2025-12-12 03:32:11,874 - UNI_v7.2 - ERROR - Google Play Reviews: Erro inesperado: OLDEST
2025-12-12 03:32:11,874 - UNI_v7.2 - DEBUG - Traceback (most recent call last):
  File "/Users/eas/Desktop/github/emersonalmeida/emersonalmeida.github.io/project/uni/uni_v7.py", line 2034, in coletar_reviews_google_play
    "oldest": Sort.OLDEST,
  File "/Library/Developer/CommandLineTools/Library/Frameworks/Python3.framework/Versions/3.9/lib/python3.9/enum.py", line 429, in __getattr__
    raise AttributeError(name) from None
AttributeError: OLDEST

2025-12-12 03:32:11,874 - UNI_v7.2 - ERROR - Google Play Reviews: Erro inesperado: OLDEST
2025-12-12 03:32:11,875 - UNI_v7.2 - DEBUG - Traceback (most recent call last):
  File "/Users/eas/Desktop/github/emersonalmeida/emersonalmeida.github.io/project/uni/uni_v7.py", line 2034, in coletar_reviews_google_play
    "oldest": Sort.OLDEST,
  File "/Library/Developer/CommandLineTools/Library/Frameworks/Python3.framework/Versions/3.9/lib/python3.9/enum.py", line 429, in __getattr__
    raise AttributeError(name) from None
AttributeError: OLDEST

2025-12-12 03:32:11,875 - UNI_v7.2 - ERROR - Google Play Reviews: Erro inesperado: OLDEST
2025-12-12 03:32:11,875 - UNI_v7.2 - DEBUG - Traceback (most recent call last):
  File "/Users/eas/Desktop/github/emersonalmeida/emersonalmeida.github.io/project/uni/uni_v7.py", line 2034, in coletar_reviews_google_play
    "oldest": Sort.OLDEST,
  File "/Library/Developer/CommandLineTools/Library/Frameworks/Python3.framework/Versions/3.9/lib/python3.9/enum.py", line 429, in __getattr__
    raise AttributeError(name) from None
AttributeError: OLDEST

2025-12-12 03:32:11,875 - UNI_v7.2 - ERROR - Google Play Reviews: Erro inesperado: OLDEST
2025-12-12 03:32:11,875 - UNI_v7.2 - DEBUG - Traceback (most recent call last):
  File "/Users/eas/Desktop/github/emersonalmeida/emersonalmeida.github.io/project/uni/uni_v7.py", line 2034, in coletar_reviews_google_play
    "oldest": Sort.OLDEST,
  File "/Library/Developer/CommandLineTools/Library/Frameworks/Python3.framework/Versions/3.9/lib/python3.9/enum.py", line 429, in __getattr__
    raise AttributeError(name) from None
AttributeError: OLDEST

2025-12-12 03:32:11,875 - UNI_v7.2 - ERROR - Google Play Reviews: Erro inesperado: OLDEST
2025-12-12 03:32:11,875 - UNI_v7.2 - DEBUG - Traceback (most recent call last):
  File "/Users/eas/Desktop/github/emersonalmeida/emersonalmeida.github.io/project/uni/uni_v7.py", line 2034, in coletar_reviews_google_play
    "oldest": Sort.OLDEST,
  File "/Library/Developer/CommandLineTools/Library/Frameworks/Python3.framework/Versions/3.9/lib/python3.9/enum.py", line 429, in __getattr__
    raise AttributeError(name) from None
AttributeError: OLDEST

2025-12-12 03:32:11,875 - UNI_v7.2 - ERROR - Google Play Reviews: Erro inesperado: OLDEST
2025-12-12 03:32:11,875 - UNI_v7.2 - DEBUG - Traceback (most recent call last):
  File "/Users/eas/Desktop/github/emersonalmeida/emersonalmeida.github.io/project/uni/uni_v7.py", line 2034, in coletar_reviews_google_play
    "oldest": Sort.OLDEST,
  File "/Library/Developer/CommandLineTools/Library/Frameworks/Python3.framework/Versions/3.9/lib/python3.9/enum.py", line 429, in __getattr__
    raise AttributeError(name) from None
AttributeError: OLDEST

2025-12-12 03:32:11,875 - UNI_v7.2 - INFO - Apple App Store: Iniciando coleta para 'BITCOIN' (limite: 20, tentativa 1/3)
2025-12-12 03:32:11,875 - Base - INFO - Searching for app id
2025-12-12 03:32:11,876 - Base - DEBUG - Making a GET request: https://www.google.com/search
2025-12-12 03:32:11,880 - urllib3.connectionpool - DEBUG - Starting new HTTPS connection (1): www.google.com:443
2025-12-12 03:32:12,126 - urllib3.connectionpool - DEBUG - https://www.google.com:443 "GET /search?q=app+store+bitcoin HTTP/1.1" 200 None
2025-12-12 03:32:12,222 - UNI_v7.2 - WARNING - Apple App Store: Tentativa 1 falhou: 'NoneType' object has no attribute 'group'
2025-12-12 03:32:14,318 - UNI_v7.2 - INFO - Apple App Store: Iniciando coleta para 'BITCOIN' (limite: 20, tentativa 2/3)
2025-12-12 03:32:14,378 - Base - INFO - Searching for app id
2025-12-12 03:32:14,381 - Base - DEBUG - Making a GET request: https://www.google.com/search
2025-12-12 03:32:14,429 - urllib3.connectionpool - DEBUG - Starting new HTTPS connection (1): www.google.com:443
2025-12-12 03:32:14,659 - urllib3.connectionpool - DEBUG - https://www.google.com:443 "GET /search?q=app+store+bitcoin HTTP/1.1" 200 None
2025-12-12 03:32:14,754 - UNI_v7.2 - WARNING - Apple App Store: Tentativa 2 falhou: 'NoneType' object has no attribute 'group'
2025-12-12 03:32:16,760 - UNI_v7.2 - INFO - Apple App Store: Iniciando coleta para 'BITCOIN' (limite: 20, tentativa 3/3)
2025-12-12 03:32:16,761 - Base - INFO - Searching for app id
2025-12-12 03:32:16,762 - Base - DEBUG - Making a GET request: https://www.google.com/search
2025-12-12 03:32:16,766 - urllib3.connectionpool - DEBUG - Starting new HTTPS connection (1): www.google.com:443
2025-12-12 03:32:16,961 - urllib3.connectionpool - DEBUG - https://www.google.com:443 "GET /search?q=app+store+bitcoin HTTP/1.1" 200 None
2025-12-12 03:32:17,002 - UNI_v7.2 - WARNING - Apple App Store: Tentativa 3 falhou: 'NoneType' object has no attribute 'group'
2025-12-12 03:32:17,002 - UNI_v7.2 - ERROR - Apple App Store: Todas as tentativas falharam
2025-12-12 03:32:17,002 - UNI_v7.2 - DEBUG - Traceback (most recent call last):
  File "/Users/eas/Desktop/github/emersonalmeida/emersonalmeida.github.io/project/uni/uni_v7.py", line 2182, in coletar_apple_store
    store = AppStore(country=country, app_name=term)
  File "/Users/eas/Library/Python/3.9/lib/python/site-packages/app_store_scraper/app_store.py", line 23, in __init__
    super().__init__(
  File "/Users/eas/Library/Python/3.9/lib/python/site-packages/app_store_scraper/base.py", line 47, in __init__
    app_id = self.search_id()
  File "/Users/eas/Library/Python/3.9/lib/python/site-packages/app_store_scraper/base.py", line 175, in search_id
    app_id = re.search(pattern, self._response.text).group(1)
AttributeError: 'NoneType' object has no attribute 'group'

2025-12-12 03:32:17,002 - UNI_v7.2 - INFO - Reddit: Iniciando coleta para 'BITCOIN' (subreddit: all, limite: 10)
2025-12-12 03:32:17,004 - prawcore - DEBUG - Fetching: GET https://oauth.reddit.com/r/all/search/ at 1765521137.004951
2025-12-12 03:32:17,005 - prawcore - DEBUG - Data: None
2025-12-12 03:32:17,005 - prawcore - DEBUG - Params: {'limit': 10,
 'q': 'BITCOIN',
 'raw_json': 1,
 'restrict_sr': False,
 'sort': 'relevance',
 'syntax': 'lucene',
 't': 'all'}
2025-12-12 03:32:17,016 - urllib3.connectionpool - DEBUG - Starting new HTTPS connection (1): www.reddit.com:443
2025-12-12 03:32:17,215 - urllib3.connectionpool - DEBUG - https://www.reddit.com:443 "POST /api/v1/access_token HTTP/1.1" 200 650
2025-12-12 03:32:17,300 - urllib3.connectionpool - DEBUG - Starting new HTTPS connection (1): oauth.reddit.com:443
2025-12-12 03:32:17,966 - urllib3.connectionpool - DEBUG - https://oauth.reddit.com:443 "GET /r/all/search/?q=BITCOIN&restrict_sr=False&sort=relevance&syntax=lucene&t=all&limit=10&raw_json=1 HTTP/1.1" 200 8390
2025-12-12 03:32:17,972 - prawcore - DEBUG - Response: 200 (8390 bytes) (rst-462:rem-984.0:used-16 ratelimit) at 1765521137.9721842
2025-12-12 03:32:17,977 - prawcore - DEBUG - Fetching: GET https://oauth.reddit.com/r/Buttcoin/about/ at 1765521137.977094
2025-12-12 03:32:17,977 - prawcore - DEBUG - Data: None
2025-12-12 03:32:17,977 - prawcore - DEBUG - Params: {'raw_json': 1}
2025-12-12 03:32:18,875 - urllib3.connectionpool - DEBUG - https://oauth.reddit.com:443 "GET /r/Buttcoin/about/?raw_json=1 HTTP/1.1" 200 3589
2025-12-12 03:32:18,893 - prawcore - DEBUG - Response: 200 (3589 bytes) (rst-461:rem-983.0:used-17 ratelimit) at 1765521138.893805
2025-12-12 03:32:18,906 - prawcore - DEBUG - Fetching: GET https://oauth.reddit.com/user/FUMoney/about/ at 1765521138.906713
2025-12-12 03:32:18,907 - prawcore - DEBUG - Data: None
2025-12-12 03:32:18,907 - prawcore - DEBUG - Params: {'raw_json': 1}
2025-12-12 03:32:19,128 - urllib3.connectionpool - DEBUG - https://oauth.reddit.com:443 "GET /user/FUMoney/about/?raw_json=1 HTTP/1.1" 200 852
2025-12-12 03:32:19,129 - prawcore - DEBUG - Response: 200 (852 bytes) (rst-460:rem-982.0:used-18 ratelimit) at 1765521139.129502
2025-12-12 03:32:19,138 - prawcore - DEBUG - Fetching: GET https://oauth.reddit.com/comments/1p2ppaz/ at 1765521139.138808
2025-12-12 03:32:19,139 - prawcore - DEBUG - Data: None
2025-12-12 03:32:19,139 - prawcore - DEBUG - Params: {'limit': 2048, 'raw_json': 1, 'sort': 'confidence'}
2025-12-12 03:32:19,851 - urllib3.connectionpool - DEBUG - https://oauth.reddit.com:443 "GET /comments/1p2ppaz/?limit=2048&sort=confidence&raw_json=1 HTTP/1.1" 200 20291
2025-12-12 03:32:19,856 - prawcore - DEBUG - Response: 200 (20291 bytes) (rst-460:rem-981.0:used-19 ratelimit) at 1765521139.856661
2025-12-12 03:32:19,866 - prawcore - DEBUG - Fetching: GET https://oauth.reddit.com/r/Bitcoin/about/ at 1765521139.866743
2025-12-12 03:32:19,866 - prawcore - DEBUG - Data: None
2025-12-12 03:32:19,867 - prawcore - DEBUG - Params: {'raw_json': 1}
2025-12-12 03:32:20,081 - urllib3.connectionpool - DEBUG - https://oauth.reddit.com:443 "GET /r/Bitcoin/about/?raw_json=1 HTTP/1.1" 200 5253
2025-12-12 03:32:20,107 - prawcore - DEBUG - Response: 200 (5253 bytes) (rst-459:rem-980.0:used-20 ratelimit) at 1765521140.1073952
2025-12-12 03:32:20,123 - prawcore - DEBUG - Fetching: GET https://oauth.reddit.com/user/Green_Candler/about/ at 1765521140.123005
2025-12-12 03:32:20,123 - prawcore - DEBUG - Data: None
2025-12-12 03:32:20,123 - prawcore - DEBUG - Params: {'raw_json': 1}
2025-12-12 03:32:20,343 - urllib3.connectionpool - DEBUG - https://oauth.reddit.com:443 "GET /user/Green_Candler/about/?raw_json=1 HTTP/1.1" 200 844
2025-12-12 03:32:20,345 - prawcore - DEBUG - Response: 200 (844 bytes) (rst-459:rem-979.0:used-21 ratelimit) at 1765521140.34565
2025-12-12 03:32:20,360 - prawcore - DEBUG - Fetching: GET https://oauth.reddit.com/r/Bitcoin/about/ at 1765521140.3605602
2025-12-12 03:32:20,360 - prawcore - DEBUG - Data: None
2025-12-12 03:32:20,360 - prawcore - DEBUG - Params: {'raw_json': 1}
2025-12-12 03:32:20,567 - urllib3.connectionpool - DEBUG - https://oauth.reddit.com:443 "GET /r/Bitcoin/about/?raw_json=1 HTTP/1.1" 200 5253
2025-12-12 03:32:20,569 - prawcore - DEBUG - Response: 200 (5253 bytes) (rst-459:rem-978.0:used-22 ratelimit) at 1765521140.56925
2025-12-12 03:32:20,572 - prawcore - DEBUG - Fetching: GET https://oauth.reddit.com/user/Ashamed-Designer-174/about/ at 1765521140.5727732
2025-12-12 03:32:20,572 - prawcore - DEBUG - Data: None
2025-12-12 03:32:20,572 - prawcore - DEBUG - Params: {'raw_json': 1}
2025-12-12 03:32:20,765 - urllib3.connectionpool - DEBUG - https://oauth.reddit.com:443 "GET /user/Ashamed-Designer-174/about/?raw_json=1 HTTP/1.1" 200 746
2025-12-12 03:32:20,767 - prawcore - DEBUG - Response: 200 (746 bytes) (rst-459:rem-977.0:used-23 ratelimit) at 1765521140.767113
2025-12-12 03:32:20,770 - prawcore - DEBUG - Fetching: GET https://oauth.reddit.com/r/Bitcoin/about/ at 1765521140.770727
2025-12-12 03:32:20,771 - prawcore - DEBUG - Data: None
2025-12-12 03:32:20,771 - prawcore - DEBUG - Params: {'raw_json': 1}
2025-12-12 03:32:20,964 - urllib3.connectionpool - DEBUG - https://oauth.reddit.com:443 "GET /r/Bitcoin/about/?raw_json=1 HTTP/1.1" 200 5253
2025-12-12 03:32:20,967 - prawcore - DEBUG - Response: 200 (5253 bytes) (rst-458:rem-976.0:used-24 ratelimit) at 1765521140.9672241
2025-12-12 03:32:20,968 - prawcore - DEBUG - Fetching: GET https://oauth.reddit.com/user/I_killed_the_kraken/about/ at 1765521140.968844
2025-12-12 03:32:20,968 - prawcore - DEBUG - Data: None
2025-12-12 03:32:20,969 - prawcore - DEBUG - Params: {'raw_json': 1}
2025-12-12 03:32:21,161 - urllib3.connectionpool - DEBUG - https://oauth.reddit.com:443 "GET /user/I_killed_the_kraken/about/?raw_json=1 HTTP/1.1" 200 1012
2025-12-12 03:32:21,162 - prawcore - DEBUG - Response: 200 (1012 bytes) (rst-458:rem-975.0:used-25 ratelimit) at 1765521141.162224
2025-12-12 03:32:21,163 - prawcore - DEBUG - Fetching: GET https://oauth.reddit.com/comments/1pf7oou/ at 1765521141.163624
2025-12-12 03:32:21,163 - prawcore - DEBUG - Data: None
2025-12-12 03:32:21,163 - prawcore - DEBUG - Params: {'limit': 2048, 'raw_json': 1, 'sort': 'confidence'}
2025-12-12 03:32:22,649 - urllib3.connectionpool - DEBUG - https://oauth.reddit.com:443 "GET /comments/1pf7oou/?limit=2048&sort=confidence&raw_json=1 HTTP/1.1" 200 50143
2025-12-12 03:32:22,777 - prawcore - DEBUG - Response: 200 (50143 bytes) (rst-458:rem-974.0:used-26 ratelimit) at 1765521142.777799
2025-12-12 03:32:22,819 - prawcore - DEBUG - Fetching: GET https://oauth.reddit.com/r/Anticonsumption/about/ at 1765521142.819015
2025-12-12 03:32:22,819 - prawcore - DEBUG - Data: None
2025-12-12 03:32:22,819 - prawcore - DEBUG - Params: {'raw_json': 1}
2025-12-12 03:32:23,015 - urllib3.connectionpool - DEBUG - https://oauth.reddit.com:443 "GET /r/Anticonsumption/about/?raw_json=1 HTTP/1.1" 200 4913
2025-12-12 03:32:23,016 - prawcore - DEBUG - Response: 200 (4913 bytes) (rst-456:rem-973.0:used-27 ratelimit) at 1765521143.016114
2025-12-12 03:32:23,016 - prawcore - DEBUG - Fetching: GET https://oauth.reddit.com/user/gnarlytabby/about/ at 1765521143.0165372
2025-12-12 03:32:23,016 - prawcore - DEBUG - Data: None
2025-12-12 03:32:23,016 - prawcore - DEBUG - Params: {'raw_json': 1}
2025-12-12 03:32:23,219 - urllib3.connectionpool - DEBUG - https://oauth.reddit.com:443 "GET /user/gnarlytabby/about/?raw_json=1 HTTP/1.1" 200 771
2025-12-12 03:32:23,227 - prawcore - DEBUG - Response: 200 (771 bytes) (rst-456:rem-972.0:used-28 ratelimit) at 1765521143.227458
2025-12-12 03:32:23,234 - prawcore - DEBUG - Fetching: GET https://oauth.reddit.com/r/Bitcoin/about/ at 1765521143.234462
2025-12-12 03:32:23,234 - prawcore - DEBUG - Data: None
2025-12-12 03:32:23,234 - prawcore - DEBUG - Params: {'raw_json': 1}
2025-12-12 03:32:23,431 - urllib3.connectionpool - DEBUG - https://oauth.reddit.com:443 "GET /r/Bitcoin/about/?raw_json=1 HTTP/1.1" 200 5253
2025-12-12 03:32:23,431 - prawcore - DEBUG - Response: 200 (5253 bytes) (rst-456:rem-971.0:used-29 ratelimit) at 1765521143.4319081
2025-12-12 03:32:23,433 - prawcore - DEBUG - Fetching: GET https://oauth.reddit.com/user/Realistts/about/ at 1765521143.433197
2025-12-12 03:32:23,433 - prawcore - DEBUG - Data: None
2025-12-12 03:32:23,433 - prawcore - DEBUG - Params: {'raw_json': 1}
2025-12-12 03:32:23,628 - urllib3.connectionpool - DEBUG - https://oauth.reddit.com:443 "GET /user/Realistts/about/?raw_json=1 HTTP/1.1" 404 None
2025-12-12 03:32:23,628 - prawcore - DEBUG - Response: 404 (None bytes) (rst-456:rem-970.0:used-30 ratelimit) at 1765521143.628654
2025-12-12 03:32:23,628 - UNI_v7.2 - ERROR - Reddit: Erro na coleta: received 404 HTTP response
2025-12-12 03:32:23,629 - UNI_v7.2 - DEBUG - Traceback (most recent call last):
  File "/Users/eas/Desktop/github/emersonalmeida/emersonalmeida.github.io/project/uni/uni_v7.py", line 1451, in coletar_reddit
    "author_flair": getattr(post.author, 'flair_text', '') if post.author else "",
  File "/Users/eas/Library/Python/3.9/lib/python/site-packages/praw/models/reddit/base.py", line 38, in __getattr__
    self._fetch()
  File "/Users/eas/Library/Python/3.9/lib/python/site-packages/praw/models/reddit/redditor.py", line 181, in _fetch
    data = self._fetch_data()
  File "/Users/eas/Library/Python/3.9/lib/python/site-packages/praw/models/reddit/base.py", line 89, in _fetch_data
    return self._reddit.request(method="GET", params=params, path=path)
  File "/Users/eas/Library/Python/3.9/lib/python/site-packages/praw/util/deprecate_args.py", line 46, in wrapped
    return func(**dict(zip(_old_args, args)), **kwargs)
  File "/Users/eas/Library/Python/3.9/lib/python/site-packages/praw/reddit.py", line 963, in request
    return self._core.request(
  File "/Users/eas/Library/Python/3.9/lib/python/site-packages/prawcore/sessions.py", line 328, in request
    return self._request_with_retries(
  File "/Users/eas/Library/Python/3.9/lib/python/site-packages/prawcore/sessions.py", line 267, in _request_with_retries
    raise self.STATUS_EXCEPTIONS[response.status_code](response)
prawcore.exceptions.NotFound: received 404 HTTP response

2025-12-12 03:32:23,629 - UNI_v7.2 - INFO - Google News: Iniciando coleta para 'BITCOIN' (limite: 10)
2025-12-12 03:32:23,631 - urllib3.connectionpool - DEBUG - Resetting dropped connection: gnews.io
2025-12-12 03:32:24,202 - urllib3.connectionpool - DEBUG - https://gnews.io:443 "GET /api/v4/search?q=BITCOIN&lang=pt&country=us&max=10&apikey=91a7bc222ecfdac6c60019c4fb1ec87c&from=20 HTTP/1.1" 200 None
2025-12-12 03:32:24,271 - UNI_v7.2 - INFO - Google News: Coletados 0 resultados com sucesso
2025-12-12 03:32:24,271 - UNI_v7.2 - INFO - arXiv: Iniciando coleta para 'BITCOIN' (limite: 20)
2025-12-12 03:32:24,362 - urllib3.connectionpool - DEBUG - Starting new HTTP connection (1): export.arxiv.org:80
2025-12-12 03:32:24,392 - urllib3.connectionpool - DEBUG - http://export.arxiv.org:80 "GET /api/query?search_query=all:BITCOIN&start=0&max_results=20&sortBy=relevance HTTP/1.1" 301 0
2025-12-12 03:32:24,419 - urllib3.connectionpool - DEBUG - Starting new HTTPS connection (1): export.arxiv.org:443
2025-12-12 03:32:24,483 - urllib3.connectionpool - DEBUG - https://export.arxiv.org:443 "GET /api/query?search_query=all:BITCOIN&start=0&max_results=20&sortBy=relevance HTTP/1.1" 200 38212
2025-12-12 03:32:24,559 - UNI_v7.2 - INFO - arXiv: Coletados 20 resultados com sucesso
2025-12-12 03:32:24,560 - UNI_v7.2 - INFO - Google Scholar: Iniciando coleta para 'BITCOIN' (limite: 20, tentativa 1/3)
2025-12-12 03:32:25,133 - urllib3.connectionpool - DEBUG - https://api.semanticscholar.org:443 "GET /graph/v1/paper/search?query=BITCOIN&limit=20&fields=title%2Cauthors%2Cyear%2Curl%2Cabstract%2CcitationCount%2CreferenceCount%2Cvenue%2CfieldsOfStudy%2CpublicationTypes%2CpublicationDate%2Cjournal%2CexternalIds%2CisOpenAccess%2CopenAccessPdf HTTP/1.1" 429 144
2025-12-12 03:32:25,139 - urllib3.util.retry - DEBUG - Incremented Retry for (url='/graph/v1/paper/search?query=BITCOIN&limit=20&fields=title%2Cauthors%2Cyear%2Curl%2Cabstract%2CcitationCount%2CreferenceCount%2Cvenue%2CfieldsOfStudy%2CpublicationTypes%2CpublicationDate%2Cjournal%2CexternalIds%2CisOpenAccess%2CopenAccessPdf'): Retry(total=4, connect=None, read=None, redirect=None, status=None)
2025-12-12 03:32:25,144 - urllib3.connectionpool - DEBUG - Retry: /graph/v1/paper/search?query=BITCOIN&limit=20&fields=title%2Cauthors%2Cyear%2Curl%2Cabstract%2CcitationCount%2CreferenceCount%2Cvenue%2CfieldsOfStudy%2CpublicationTypes%2CpublicationDate%2Cjournal%2CexternalIds%2CisOpenAccess%2CopenAccessPdf
2025-12-12 03:32:25,699 - urllib3.connectionpool - DEBUG - https://api.semanticscholar.org:443 "GET /graph/v1/paper/search?query=BITCOIN&limit=20&fields=title%2Cauthors%2Cyear%2Curl%2Cabstract%2CcitationCount%2CreferenceCount%2Cvenue%2CfieldsOfStudy%2CpublicationTypes%2CpublicationDate%2Cjournal%2CexternalIds%2CisOpenAccess%2CopenAccessPdf HTTP/1.1" 429 144
2025-12-12 03:32:25,700 - urllib3.util.retry - DEBUG - Incremented Retry for (url='/graph/v1/paper/search?query=BITCOIN&limit=20&fields=title%2Cauthors%2Cyear%2Curl%2Cabstract%2CcitationCount%2CreferenceCount%2Cvenue%2CfieldsOfStudy%2CpublicationTypes%2CpublicationDate%2Cjournal%2CexternalIds%2CisOpenAccess%2CopenAccessPdf'): Retry(total=3, connect=None, read=None, redirect=None, status=None)
2025-12-12 03:32:26,702 - urllib3.connectionpool - DEBUG - Retry: /graph/v1/paper/search?query=BITCOIN&limit=20&fields=title%2Cauthors%2Cyear%2Curl%2Cabstract%2CcitationCount%2CreferenceCount%2Cvenue%2CfieldsOfStudy%2CpublicationTypes%2CpublicationDate%2Cjournal%2CexternalIds%2CisOpenAccess%2CopenAccessPdf
2025-12-12 03:32:27,410 - urllib3.connectionpool - DEBUG - https://api.semanticscholar.org:443 "GET /graph/v1/paper/search?query=BITCOIN&limit=20&fields=title%2Cauthors%2Cyear%2Curl%2Cabstract%2CcitationCount%2CreferenceCount%2Cvenue%2CfieldsOfStudy%2CpublicationTypes%2CpublicationDate%2Cjournal%2CexternalIds%2CisOpenAccess%2CopenAccessPdf HTTP/1.1" 429 144
2025-12-12 03:32:27,450 - urllib3.util.retry - DEBUG - Incremented Retry for (url='/graph/v1/paper/search?query=BITCOIN&limit=20&fields=title%2Cauthors%2Cyear%2Curl%2Cabstract%2CcitationCount%2CreferenceCount%2Cvenue%2CfieldsOfStudy%2CpublicationTypes%2CpublicationDate%2Cjournal%2CexternalIds%2CisOpenAccess%2CopenAccessPdf'): Retry(total=2, connect=None, read=None, redirect=None, status=None)
2025-12-12 03:32:29,456 - urllib3.connectionpool - DEBUG - Retry: /graph/v1/paper/search?query=BITCOIN&limit=20&fields=title%2Cauthors%2Cyear%2Curl%2Cabstract%2CcitationCount%2CreferenceCount%2Cvenue%2CfieldsOfStudy%2CpublicationTypes%2CpublicationDate%2Cjournal%2CexternalIds%2CisOpenAccess%2CopenAccessPdf
2025-12-12 03:32:30,322 - urllib3.connectionpool - DEBUG - https://api.semanticscholar.org:443 "GET /graph/v1/paper/search?query=BITCOIN&limit=20&fields=title%2Cauthors%2Cyear%2Curl%2Cabstract%2CcitationCount%2CreferenceCount%2Cvenue%2CfieldsOfStudy%2CpublicationTypes%2CpublicationDate%2Cjournal%2CexternalIds%2CisOpenAccess%2CopenAccessPdf HTTP/1.1" 200 42010
2025-12-12 03:32:30,326 - UNI_v7.2 - INFO - Google Scholar: Coletados 20 resultados com sucesso
2025-12-12 03:32:30,327 - UNI_v7.2 - INFO - Wikipedia: Iniciando coleta para 'BITCOIN' (limite: 20, lang: pt)
2025-12-12 03:32:30,333 - urllib3.connectionpool - DEBUG - Starting new HTTPS connection (1): pt.wikipedia.org:443
2025-12-12 03:32:30,665 - urllib3.connectionpool - DEBUG - https://pt.wikipedia.org:443 "GET /w/api.php?action=query&format=json&list=search&srsearch=BITCOIN&srlimit=20&srnamespace=0 HTTP/1.1" 200 None
2025-12-12 03:32:30,673 - urllib3.connectionpool - DEBUG - Starting new HTTPS connection (1): pt.wikipedia.org:443
2025-12-12 03:32:30,774 - urllib3.connectionpool - DEBUG - https://pt.wikipedia.org:443 "GET /api/rest_v1/page/summary/Bitcoin HTTP/1.1" 200 633
2025-12-12 03:32:30,777 - urllib3.connectionpool - DEBUG - Starting new HTTPS connection (1): pt.wikipedia.org:443
2025-12-12 03:32:31,025 - urllib3.connectionpool - DEBUG - https://pt.wikipedia.org:443 "GET /api/rest_v1/page/summary/Satoshi_Nakamoto HTTP/1.1" 200 None
2025-12-12 03:32:31,029 - urllib3.connectionpool - DEBUG - Starting new HTTPS connection (1): pt.wikipedia.org:443
2025-12-12 03:32:31,131 - urllib3.connectionpool - DEBUG - https://pt.wikipedia.org:443 "GET /api/rest_v1/page/summary/Mercado_Bitcoin HTTP/1.1" 200 779
2025-12-12 03:32:31,135 - urllib3.connectionpool - DEBUG - Starting new HTTPS connection (1): pt.wikipedia.org:443
2025-12-12 03:32:31,240 - urllib3.connectionpool - DEBUG - https://pt.wikipedia.org:443 "GET /api/rest_v1/page/summary/Minera%C3%A7%C3%A3o_de_Bitcoin HTTP/1.1" 200 795
2025-12-12 03:32:31,243 - urllib3.connectionpool - DEBUG - Starting new HTTPS connection (1): pt.wikipedia.org:443
2025-12-12 03:32:31,347 - urllib3.connectionpool - DEBUG - https://pt.wikipedia.org:443 "GET /api/rest_v1/page/summary/Litecoin HTTP/1.1" 200 723
2025-12-12 03:32:31,351 - urllib3.connectionpool - DEBUG - Starting new HTTPS connection (1): pt.wikipedia.org:443
2025-12-12 03:32:31,447 - urllib3.connectionpool - DEBUG - https://pt.wikipedia.org:443 "GET /api/rest_v1/page/summary/Monero HTTP/1.1" 200 656
2025-12-12 03:32:31,452 - urllib3.connectionpool - DEBUG - Starting new HTTPS connection (1): pt.wikipedia.org:443
2025-12-12 03:32:31,556 - urllib3.connectionpool - DEBUG - https://pt.wikipedia.org:443 "GET /api/rest_v1/page/summary/Hal_Finney HTTP/1.1" 200 775
2025-12-12 03:32:31,559 - urllib3.connectionpool - DEBUG - Starting new HTTPS connection (1): pt.wikipedia.org:443
2025-12-12 03:32:31,663 - urllib3.connectionpool - DEBUG - https://pt.wikipedia.org:443 "GET /api/rest_v1/page/summary/Vitalik_Buterin HTTP/1.1" 200 631
2025-12-12 03:32:31,667 - urllib3.connectionpool - DEBUG - Starting new HTTPS connection (1): pt.wikipedia.org:443
2025-12-12 03:32:31,762 - urllib3.connectionpool - DEBUG - https://pt.wikipedia.org:443 "GET /api/rest_v1/page/summary/El_Salvador HTTP/1.1" 200 903
2025-12-12 03:32:31,767 - urllib3.connectionpool - DEBUG - Starting new HTTPS connection (1): pt.wikipedia.org:443
2025-12-12 03:32:31,867 - urllib3.connectionpool - DEBUG - https://pt.wikipedia.org:443 "GET /api/rest_v1/page/summary/Criptomoeda HTTP/1.1" 200 946
2025-12-12 03:32:31,871 - urllib3.connectionpool - DEBUG - Starting new HTTPS connection (1): pt.wikipedia.org:443
2025-12-12 03:32:31,970 - urllib3.connectionpool - DEBUG - https://pt.wikipedia.org:443 "GET /api/rest_v1/page/summary/Lista_de_criptomoedas HTTP/1.1" 200 713
2025-12-12 03:32:31,973 - urllib3.connectionpool - DEBUG - Starting new HTTPS connection (1): pt.wikipedia.org:443
2025-12-12 03:32:32,072 - urllib3.connectionpool - DEBUG - https://pt.wikipedia.org:443 "GET /api/rest_v1/page/summary/Lista_de_portas_dos_protocolos_TCP_e_UDP HTTP/1.1" 200 824
2025-12-12 03:32:32,076 - urllib3.connectionpool - DEBUG - Starting new HTTPS connection (1): pt.wikipedia.org:443
2025-12-12 03:32:32,178 - urllib3.connectionpool - DEBUG - https://pt.wikipedia.org:443 "GET /api/rest_v1/page/summary/Blockchain HTTP/1.1" 200 1002
2025-12-12 03:32:32,181 - urllib3.connectionpool - DEBUG - Starting new HTTPS connection (1): pt.wikipedia.org:443
2025-12-12 03:32:32,283 - urllib3.connectionpool - DEBUG - https://pt.wikipedia.org:443 "GET /api/rest_v1/page/summary/Tether_(criptomoeda) HTTP/1.1" 200 683
2025-12-12 03:32:32,294 - urllib3.connectionpool - DEBUG - Starting new HTTPS connection (1): pt.wikipedia.org:443
2025-12-12 03:32:32,393 - urllib3.connectionpool - DEBUG - https://pt.wikipedia.org:443 "GET /api/rest_v1/page/summary/Bitcoin_Cash HTTP/1.1" 200 1160
2025-12-12 03:32:32,401 - urllib3.connectionpool - DEBUG - Starting new HTTPS connection (1): pt.wikipedia.org:443
2025-12-12 03:32:32,506 - urllib3.connectionpool - DEBUG - https://pt.wikipedia.org:443 "GET /api/rest_v1/page/summary/Reserva_estrat%C3%A9gica_de_bitcoin HTTP/1.1" 200 663
2025-12-12 03:32:32,509 - urllib3.connectionpool - DEBUG - Starting new HTTPS connection (1): pt.wikipedia.org:443
2025-12-12 03:32:32,611 - urllib3.connectionpool - DEBUG - https://pt.wikipedia.org:443 "GET /api/rest_v1/page/summary/Fazendas_de_Bitcoin HTTP/1.1" 200 732
2025-12-12 03:32:32,615 - urllib3.connectionpool - DEBUG - Starting new HTTPS connection (1): pt.wikipedia.org:443
2025-12-12 03:32:32,857 - urllib3.connectionpool - DEBUG - https://pt.wikipedia.org:443 "GET /api/rest_v1/page/summary/Nayib_Bukele HTTP/1.1" 200 None
2025-12-12 03:32:32,861 - urllib3.connectionpool - DEBUG - Starting new HTTPS connection (1): pt.wikipedia.org:443
2025-12-12 03:32:32,966 - urllib3.connectionpool - DEBUG - https://pt.wikipedia.org:443 "GET /api/rest_v1/page/summary/Nick_Szabo HTTP/1.1" 200 776
2025-12-12 03:32:32,970 - urllib3.connectionpool - DEBUG - Starting new HTTPS connection (1): pt.wikipedia.org:443
2025-12-12 03:32:33,213 - urllib3.connectionpool - DEBUG - https://pt.wikipedia.org:443 "GET /api/rest_v1/page/summary/Kraken_(empresa) HTTP/1.1" 200 579
2025-12-12 03:32:33,214 - UNI_v7.2 - INFO - Wikipedia: Coletados 20 resultados com sucesso
2025-12-12 03:32:33,217 - urllib3.connectionpool - DEBUG - Starting new HTTPS connection (1): api.github.com:443
2025-12-12 03:32:33,937 - urllib3.connectionpool - DEBUG - https://api.github.com:443 "GET /search/repositories?q=BITCOIN&sort=stars&order=desc&per_page=20 HTTP/1.1" 200 None
2025-12-12 03:32:33,958 - UNI_v7.2 - INFO - GitHub: Coletados 20 resultados com sucesso
2025-12-12 03:32:33,959 - UNI_v7.2 - INFO - Hacker News: Iniciando coleta para 'BITCOIN' (limite: 20)
2025-12-12 03:32:33,979 - urllib3.connectionpool - DEBUG - Starting new HTTPS connection (1): hn.algolia.com:443
2025-12-12 03:32:34,403 - urllib3.connectionpool - DEBUG - https://hn.algolia.com:443 "GET /api/v1/search?query=BITCOIN&tags=story&hitsPerPage=20&numericFilters= HTTP/1.1" 200 28429
2025-12-12 03:32:34,492 - UNI_v7.2 - INFO - Hacker News: Coletados 20 resultados com sucesso
2025-12-12 03:32:34,494 - UNI_v7.2 - INFO - : JSON salvo em metadados_coleta.json
2025-12-12 03:32:34,500 - UNI_v7.2 - INFO - Suggest-chrome-web-top: Salvo 15 registros com 9 colunas em suggest_chrome_web_top.csv (0.9 KB)
2025-12-12 03:32:34,503 - UNI_v7.2 - INFO - Suggest-chrome-web-a-z: Salvo 15 registros com 9 colunas em suggest_chrome_web_a_z.csv (0.9 KB)
2025-12-12 03:32:34,505 - UNI_v7.2 - INFO - Suggest-chrome-youtube-top: Salvo 15 registros com 9 colunas em suggest_chrome_youtube_top.csv (0.9 KB)
2025-12-12 03:32:34,506 - UNI_v7.2 - INFO - Suggest-chrome-youtube-a-z: Salvo 15 registros com 9 colunas em suggest_chrome_youtube_a_z.csv (0.9 KB)
2025-12-12 03:32:34,508 - UNI_v7.2 - INFO - SERP-Brave: Salvo 20 registros com 13 colunas em serp_brave.csv (7.6 KB)
2025-12-12 03:32:34,509 - UNI_v7.2 - INFO - SERP-Duckduckgo: Salvo 17 registros com 8 colunas em serp_duckduckgo.csv (5.8 KB)
2025-12-12 03:32:34,510 - UNI_v7.2 - INFO - SERP-Bing: Salvo 7 registros com 13 colunas em serp_bing.csv (2.7 KB)
2025-12-12 03:32:34,514 - UNI_v7.2 - INFO - YouTube-relevance: Salvo 20 registros com 30 colunas em youtube_relevance.csv (55.3 KB)
2025-12-12 03:32:34,517 - UNI_v7.2 - INFO - YouTube-date: Salvo 20 registros com 30 colunas em youtube_date.csv (33.6 KB)
2025-12-12 03:32:34,520 - UNI_v7.2 - INFO - YouTube-viewCount: Salvo 20 registros com 30 colunas em youtube_viewcount.csv (17.1 KB)
2025-12-12 03:32:34,524 - UNI_v7.2 - INFO - AppStore-Google Play: Salvo 20 registros com 28 colunas em appstore_google_play.csv (79.1 KB)
2025-12-12 03:32:34,525 - UNI_v7.2 - INFO - Reddit: Salvo 5 registros com 37 colunas em reddit.csv (8.0 KB)
2025-12-12 03:32:34,527 - UNI_v7.2 - INFO - arXiv: Salvo 20 registros com 18 colunas em arxiv.csv (27.2 KB)
2025-12-12 03:32:34,529 - UNI_v7.2 - INFO - Google Scholar: Salvo 20 registros com 20 colunas em google_scholar.csv (28.9 KB)
2025-12-12 03:32:34,531 - UNI_v7.2 - INFO - Wikipedia: Salvo 20 registros com 24 colunas em wikipedia.csv (29.8 KB)
2025-12-12 03:32:34,533 - UNI_v7.2 - INFO - GitHub: Salvo 20 registros com 38 colunas em github.csv (13.9 KB)
2025-12-12 03:32:34,535 - UNI_v7.2 - INFO - Hacker News: Salvo 20 registros com 18 colunas em hacker_news.csv (4.2 KB)
2025-12-12 03:32:34,535 - UNI_v7.2 - INFO - Iniciando criação da base de dados consolidada...
2025-12-12 03:32:34,565 - UNI_v7.2 - INFO - Base de dados consolidada salva: 289 registros, 189 colunas, 388.1 KB
2025-12-12 03:32:34,565 - UNI_v7.2 - WARNING - Não foi possível salvar Excel: No module named 'openpyxl'
2025-12-12 03:32:34,566 - UNI_v7.2 - WARNING - Não foi possível salvar Parquet: Unable to find a usable engine; tried using: 'pyarrow', 'fastparquet'.
A suitable version of pyarrow or fastparquet is required for parquet support.
Trying to import the above resulted in these errors:
 - Missing optional dependency 'pyarrow'. pyarrow is required for parquet support. Use pip or conda to install pyarrow.
 - Missing optional dependency 'fastparquet'. fastparquet is required for parquet support. Use pip or conda to install fastparquet.
2025-12-12 03:32:34,587 - UNI_v7.2 - INFO - Resumo: JSON salvo em resumo_estatistico_BI_C_I__20251212_033234.json
2025-12-12 03:32:34,596 - UNI_v7.2 - INFO - : JSON salvo em resultados_completos.json
2025-12-12 03:32:34,616 - UNI_v7.2 - INFO - Qualidade: JSON salvo em analise_qualidade.json
