2025-12-12 04:21:16,512 - UNI_v7.4 - ERROR - Erro fatal: name 'opcoes' is not defined
2025-12-12 04:21:16,515 - UNI_v7.4 - DEBUG - Traceback (most recent call last):
  File "/Users/eas/Desktop/github/emersonalmeida/emersonalmeida.github.io/project/uni/uni_v7.4.py", line 4034, in main
    modo_personalizado()
  File "/Users/eas/Desktop/github/emersonalmeida/emersonalmeida.github.io/project/uni/uni_v7.4.py", line 3600, in modo_personalizado
    config_completa["suggest"] = configurar_suggest()
  File "/Users/eas/Desktop/github/emersonalmeida/emersonalmeida.github.io/project/uni/uni_v7.4.py", line 2951, in configurar_suggest
    selecionados = input_multiple_choice("> [1]: ", opcoes, ["1"], True)
NameError: name 'opcoes' is not defined

2025-12-12 04:31:33,342 - UNI_v7.4 - INFO - Apple App Store: Iniciando coleta para 'bitcoin' (limite: 10, tentativa 1/3)
2025-12-12 04:31:33,344 - Base - INFO - Searching for app id
2025-12-12 04:31:33,345 - Base - DEBUG - Making a GET request: https://www.google.com/search
2025-12-12 04:31:33,362 - urllib3.connectionpool - DEBUG - Starting new HTTPS connection (1): www.google.com:443
2025-12-12 04:31:33,574 - urllib3.connectionpool - DEBUG - https://www.google.com:443 "GET /search?q=app+store+bitcoin HTTP/1.1" 200 None
2025-12-12 04:31:33,608 - UNI_v7.4 - WARNING - Apple App Store: Tentativa 1 falhou: 'NoneType' object has no attribute 'group'
2025-12-12 04:31:35,613 - UNI_v7.4 - INFO - Apple App Store: Iniciando coleta para 'bitcoin' (limite: 10, tentativa 2/3)
2025-12-12 04:31:35,613 - Base - INFO - Searching for app id
2025-12-12 04:31:35,614 - Base - DEBUG - Making a GET request: https://www.google.com/search
2025-12-12 04:31:35,615 - urllib3.connectionpool - DEBUG - Starting new HTTPS connection (1): www.google.com:443
2025-12-12 04:31:35,823 - urllib3.connectionpool - DEBUG - https://www.google.com:443 "GET /search?q=app+store+bitcoin HTTP/1.1" 200 None
2025-12-12 04:31:35,915 - UNI_v7.4 - WARNING - Apple App Store: Tentativa 2 falhou: 'NoneType' object has no attribute 'group'
2025-12-12 04:31:37,921 - UNI_v7.4 - INFO - Apple App Store: Iniciando coleta para 'bitcoin' (limite: 10, tentativa 3/3)
2025-12-12 04:31:37,921 - Base - INFO - Searching for app id
2025-12-12 04:31:37,921 - Base - DEBUG - Making a GET request: https://www.google.com/search
2025-12-12 04:31:37,926 - urllib3.connectionpool - DEBUG - Starting new HTTPS connection (1): www.google.com:443
2025-12-12 04:31:38,147 - urllib3.connectionpool - DEBUG - https://www.google.com:443 "GET /search?q=app+store+bitcoin HTTP/1.1" 200 None
2025-12-12 04:31:38,241 - UNI_v7.4 - WARNING - Apple App Store: Tentativa 3 falhou: 'NoneType' object has no attribute 'group'
2025-12-12 04:31:38,241 - UNI_v7.4 - ERROR - Apple App Store: Todas as tentativas falharam
2025-12-12 04:31:38,254 - UNI_v7.4 - DEBUG - Traceback (most recent call last):
  File "/Users/eas/Desktop/github/emersonalmeida/emersonalmeida.github.io/project/uni/uni_v7.4.py", line 2033, in coletar_apple_store
    store = AppStore(country=country, app_name=term)
  File "/Users/eas/Library/Python/3.9/lib/python/site-packages/app_store_scraper/app_store.py", line 23, in __init__
    super().__init__(
  File "/Users/eas/Library/Python/3.9/lib/python/site-packages/app_store_scraper/base.py", line 47, in __init__
    app_id = self.search_id()
  File "/Users/eas/Library/Python/3.9/lib/python/site-packages/app_store_scraper/base.py", line 175, in search_id
    app_id = re.search(pattern, self._response.text).group(1)
AttributeError: 'NoneType' object has no attribute 'group'

2025-12-12 04:31:38,261 - UNI_v7.4 - INFO - Google Play: Iniciando coleta para 'bitcoin' (limite: 10, tentativa 1/3)
2025-12-12 04:31:41,749 - UNI_v7.4 - INFO - Google Play: Coletados 10 resultados com sucesso
2025-12-12 04:31:41,749 - UNI_v7.4 - ERROR - Google Play Reviews: Erro inesperado: HELPFULNESS
2025-12-12 04:31:41,750 - UNI_v7.4 - DEBUG - Traceback (most recent call last):
  File "/Users/eas/Desktop/github/emersonalmeida/emersonalmeida.github.io/project/uni/uni_v7.4.py", line 1868, in coletar_reviews_google_play
    "most_helpful": Sort.HELPFULNESS
  File "/Library/Developer/CommandLineTools/Library/Frameworks/Python3.framework/Versions/3.9/lib/python3.9/enum.py", line 429, in __getattr__
    raise AttributeError(name) from None
AttributeError: HELPFULNESS

2025-12-12 04:31:41,750 - UNI_v7.4 - ERROR - Google Play Reviews: Erro inesperado: HELPFULNESS
2025-12-12 04:31:41,750 - UNI_v7.4 - DEBUG - Traceback (most recent call last):
  File "/Users/eas/Desktop/github/emersonalmeida/emersonalmeida.github.io/project/uni/uni_v7.4.py", line 1868, in coletar_reviews_google_play
    "most_helpful": Sort.HELPFULNESS
  File "/Library/Developer/CommandLineTools/Library/Frameworks/Python3.framework/Versions/3.9/lib/python3.9/enum.py", line 429, in __getattr__
    raise AttributeError(name) from None
AttributeError: HELPFULNESS

2025-12-12 04:31:41,750 - UNI_v7.4 - ERROR - Google Play Reviews: Erro inesperado: HELPFULNESS
2025-12-12 04:31:41,750 - UNI_v7.4 - DEBUG - Traceback (most recent call last):
  File "/Users/eas/Desktop/github/emersonalmeida/emersonalmeida.github.io/project/uni/uni_v7.4.py", line 1868, in coletar_reviews_google_play
    "most_helpful": Sort.HELPFULNESS
  File "/Library/Developer/CommandLineTools/Library/Frameworks/Python3.framework/Versions/3.9/lib/python3.9/enum.py", line 429, in __getattr__
    raise AttributeError(name) from None
AttributeError: HELPFULNESS

2025-12-12 04:31:41,750 - UNI_v7.4 - ERROR - Google Play Reviews: Erro inesperado: HELPFULNESS
2025-12-12 04:31:41,751 - UNI_v7.4 - DEBUG - Traceback (most recent call last):
  File "/Users/eas/Desktop/github/emersonalmeida/emersonalmeida.github.io/project/uni/uni_v7.4.py", line 1868, in coletar_reviews_google_play
    "most_helpful": Sort.HELPFULNESS
  File "/Library/Developer/CommandLineTools/Library/Frameworks/Python3.framework/Versions/3.9/lib/python3.9/enum.py", line 429, in __getattr__
    raise AttributeError(name) from None
AttributeError: HELPFULNESS

2025-12-12 04:31:41,751 - UNI_v7.4 - ERROR - Google Play Reviews: Erro inesperado: HELPFULNESS
2025-12-12 04:31:41,751 - UNI_v7.4 - DEBUG - Traceback (most recent call last):
  File "/Users/eas/Desktop/github/emersonalmeida/emersonalmeida.github.io/project/uni/uni_v7.4.py", line 1868, in coletar_reviews_google_play
    "most_helpful": Sort.HELPFULNESS
  File "/Library/Developer/CommandLineTools/Library/Frameworks/Python3.framework/Versions/3.9/lib/python3.9/enum.py", line 429, in __getattr__
    raise AttributeError(name) from None
AttributeError: HELPFULNESS

2025-12-12 04:31:41,751 - UNI_v7.4 - ERROR - Google Play Reviews: Erro inesperado: HELPFULNESS
2025-12-12 04:31:41,751 - UNI_v7.4 - DEBUG - Traceback (most recent call last):
  File "/Users/eas/Desktop/github/emersonalmeida/emersonalmeida.github.io/project/uni/uni_v7.4.py", line 1868, in coletar_reviews_google_play
    "most_helpful": Sort.HELPFULNESS
  File "/Library/Developer/CommandLineTools/Library/Frameworks/Python3.framework/Versions/3.9/lib/python3.9/enum.py", line 429, in __getattr__
    raise AttributeError(name) from None
AttributeError: HELPFULNESS

2025-12-12 04:31:41,751 - UNI_v7.4 - ERROR - Google Play Reviews: Erro inesperado: HELPFULNESS
2025-12-12 04:31:41,751 - UNI_v7.4 - DEBUG - Traceback (most recent call last):
  File "/Users/eas/Desktop/github/emersonalmeida/emersonalmeida.github.io/project/uni/uni_v7.4.py", line 1868, in coletar_reviews_google_play
    "most_helpful": Sort.HELPFULNESS
  File "/Library/Developer/CommandLineTools/Library/Frameworks/Python3.framework/Versions/3.9/lib/python3.9/enum.py", line 429, in __getattr__
    raise AttributeError(name) from None
AttributeError: HELPFULNESS

2025-12-12 04:31:41,751 - UNI_v7.4 - ERROR - Google Play Reviews: Erro inesperado: HELPFULNESS
2025-12-12 04:31:41,751 - UNI_v7.4 - DEBUG - Traceback (most recent call last):
  File "/Users/eas/Desktop/github/emersonalmeida/emersonalmeida.github.io/project/uni/uni_v7.4.py", line 1868, in coletar_reviews_google_play
    "most_helpful": Sort.HELPFULNESS
  File "/Library/Developer/CommandLineTools/Library/Frameworks/Python3.framework/Versions/3.9/lib/python3.9/enum.py", line 429, in __getattr__
    raise AttributeError(name) from None
AttributeError: HELPFULNESS

2025-12-12 04:31:41,751 - UNI_v7.4 - ERROR - Google Play Reviews: Erro inesperado: HELPFULNESS
2025-12-12 04:31:41,751 - UNI_v7.4 - DEBUG - Traceback (most recent call last):
  File "/Users/eas/Desktop/github/emersonalmeida/emersonalmeida.github.io/project/uni/uni_v7.4.py", line 1868, in coletar_reviews_google_play
    "most_helpful": Sort.HELPFULNESS
  File "/Library/Developer/CommandLineTools/Library/Frameworks/Python3.framework/Versions/3.9/lib/python3.9/enum.py", line 429, in __getattr__
    raise AttributeError(name) from None
AttributeError: HELPFULNESS

2025-12-12 04:31:41,751 - UNI_v7.4 - ERROR - Google Play Reviews: Erro inesperado: HELPFULNESS
2025-12-12 04:31:41,751 - UNI_v7.4 - DEBUG - Traceback (most recent call last):
  File "/Users/eas/Desktop/github/emersonalmeida/emersonalmeida.github.io/project/uni/uni_v7.4.py", line 1868, in coletar_reviews_google_play
    "most_helpful": Sort.HELPFULNESS
  File "/Library/Developer/CommandLineTools/Library/Frameworks/Python3.framework/Versions/3.9/lib/python3.9/enum.py", line 429, in __getattr__
    raise AttributeError(name) from None
AttributeError: HELPFULNESS

2025-12-12 04:31:41,752 - UNI_v7.4 - INFO - : JSON salvo em metadados_coleta.json
2025-12-12 04:31:41,801 - UNI_v7.4 - INFO - AppStore-Google Play: Salvo 10 registros com 28 colunas em appstore_google_play.csv (43.5 KB)
2025-12-12 04:31:41,801 - UNI_v7.4 - INFO - Iniciando criação da base de dados consolidada...
2025-12-12 04:31:41,813 - UNI_v7.4 - INFO - Base de dados consolidada salva: 10 registros, 35 colunas, 44.5 KB
2025-12-12 04:31:41,814 - UNI_v7.4 - WARNING - Não foi possível salvar Excel: No module named 'openpyxl'
2025-12-12 04:31:41,815 - UNI_v7.4 - WARNING - Não foi possível salvar Parquet: Unable to find a usable engine; tried using: 'pyarrow', 'fastparquet'.
A suitable version of pyarrow or fastparquet is required for parquet support.
Trying to import the above resulted in these errors:
 - Missing optional dependency 'pyarrow'. pyarrow is required for parquet support. Use pip or conda to install pyarrow.
 - Missing optional dependency 'fastparquet'. fastparquet is required for parquet support. Use pip or conda to install fastparquet.
2025-12-12 04:31:41,819 - UNI_v7.4 - INFO - Resumo: JSON salvo em resumo_estatistico_bitcoin_20251212_043141.json
2025-12-12 04:31:41,820 - UNI_v7.4 - INFO - : JSON salvo em resultados_completos.json
2025-12-12 04:31:41,824 - UNI_v7.4 - INFO - Qualidade: JSON salvo em analise_qualidade.json
2025-12-12 04:33:07,604 - UNI_v7.4 - INFO - Google Play: Iniciando coleta para 'bitcoin' (limite: 1, tentativa 1/3)
2025-12-12 04:33:08,486 - UNI_v7.4 - INFO - Google Play: Coletados 1 resultados com sucesso
2025-12-12 04:33:08,486 - UNI_v7.4 - ERROR - Google Play Reviews: Erro inesperado: HELPFULNESS
2025-12-12 04:33:08,489 - UNI_v7.4 - DEBUG - Traceback (most recent call last):
  File "/Users/eas/Desktop/github/emersonalmeida/emersonalmeida.github.io/project/uni/uni_v7.4.py", line 1868, in coletar_reviews_google_play
    "most_helpful": Sort.HELPFULNESS
  File "/Library/Developer/CommandLineTools/Library/Frameworks/Python3.framework/Versions/3.9/lib/python3.9/enum.py", line 429, in __getattr__
    raise AttributeError(name) from None
AttributeError: HELPFULNESS

2025-12-12 04:33:08,492 - UNI_v7.4 - INFO - Apple App Store: Iniciando coleta para 'bitcoin' (limite: 1, tentativa 1/3)
2025-12-12 04:33:08,493 - Base - INFO - Searching for app id
2025-12-12 04:33:08,493 - Base - DEBUG - Making a GET request: https://www.google.com/search
2025-12-12 04:33:08,498 - urllib3.connectionpool - DEBUG - Starting new HTTPS connection (1): www.google.com:443
2025-12-12 04:33:08,708 - urllib3.connectionpool - DEBUG - https://www.google.com:443 "GET /search?q=app+store+bitcoin HTTP/1.1" 200 None
2025-12-12 04:33:08,730 - UNI_v7.4 - WARNING - Apple App Store: Tentativa 1 falhou: 'NoneType' object has no attribute 'group'
2025-12-12 04:33:10,735 - UNI_v7.4 - INFO - Apple App Store: Iniciando coleta para 'bitcoin' (limite: 1, tentativa 2/3)
2025-12-12 04:33:10,735 - Base - INFO - Searching for app id
2025-12-12 04:33:10,736 - Base - DEBUG - Making a GET request: https://www.google.com/search
2025-12-12 04:33:10,740 - urllib3.connectionpool - DEBUG - Starting new HTTPS connection (1): www.google.com:443
2025-12-12 04:33:10,947 - urllib3.connectionpool - DEBUG - https://www.google.com:443 "GET /search?q=app+store+bitcoin HTTP/1.1" 200 None
2025-12-12 04:33:10,970 - UNI_v7.4 - WARNING - Apple App Store: Tentativa 2 falhou: 'NoneType' object has no attribute 'group'
2025-12-12 04:33:12,975 - UNI_v7.4 - INFO - Apple App Store: Iniciando coleta para 'bitcoin' (limite: 1, tentativa 3/3)
2025-12-12 04:33:12,976 - Base - INFO - Searching for app id
2025-12-12 04:33:12,976 - Base - DEBUG - Making a GET request: https://www.google.com/search
2025-12-12 04:33:12,982 - urllib3.connectionpool - DEBUG - Starting new HTTPS connection (1): www.google.com:443
2025-12-12 04:33:13,194 - urllib3.connectionpool - DEBUG - https://www.google.com:443 "GET /search?q=app+store+bitcoin HTTP/1.1" 200 None
2025-12-12 04:33:13,280 - UNI_v7.4 - WARNING - Apple App Store: Tentativa 3 falhou: 'NoneType' object has no attribute 'group'
2025-12-12 04:33:13,280 - UNI_v7.4 - ERROR - Apple App Store: Todas as tentativas falharam
2025-12-12 04:33:13,290 - UNI_v7.4 - DEBUG - Traceback (most recent call last):
  File "/Users/eas/Desktop/github/emersonalmeida/emersonalmeida.github.io/project/uni/uni_v7.4.py", line 2033, in coletar_apple_store
    store = AppStore(country=country, app_name=term)
  File "/Users/eas/Library/Python/3.9/lib/python/site-packages/app_store_scraper/app_store.py", line 23, in __init__
    super().__init__(
  File "/Users/eas/Library/Python/3.9/lib/python/site-packages/app_store_scraper/base.py", line 47, in __init__
    app_id = self.search_id()
  File "/Users/eas/Library/Python/3.9/lib/python/site-packages/app_store_scraper/base.py", line 175, in search_id
    app_id = re.search(pattern, self._response.text).group(1)
AttributeError: 'NoneType' object has no attribute 'group'

2025-12-12 04:33:13,291 - UNI_v7.4 - INFO - : JSON salvo em metadados_coleta.json
2025-12-12 04:33:13,301 - UNI_v7.4 - INFO - AppStore-Google Play: Salvo 1 registros com 28 colunas em appstore_google_play.csv (4.7 KB)
2025-12-12 04:33:13,301 - UNI_v7.4 - INFO - Iniciando criação da base de dados consolidada...
2025-12-12 04:33:13,312 - UNI_v7.4 - INFO - Base de dados consolidada salva: 1 registros, 35 colunas, 4.9 KB
2025-12-12 04:33:13,314 - UNI_v7.4 - WARNING - Não foi possível salvar Excel: No module named 'openpyxl'
2025-12-12 04:33:13,315 - UNI_v7.4 - WARNING - Não foi possível salvar Parquet: Unable to find a usable engine; tried using: 'pyarrow', 'fastparquet'.
A suitable version of pyarrow or fastparquet is required for parquet support.
Trying to import the above resulted in these errors:
 - Missing optional dependency 'pyarrow'. pyarrow is required for parquet support. Use pip or conda to install pyarrow.
 - Missing optional dependency 'fastparquet'. fastparquet is required for parquet support. Use pip or conda to install fastparquet.
2025-12-12 04:33:13,323 - UNI_v7.4 - INFO - Resumo: JSON salvo em resumo_estatistico_bitcoin_20251212_043313.json
2025-12-12 04:33:13,323 - UNI_v7.4 - INFO - : JSON salvo em resultados_completos.json
2025-12-12 04:33:13,330 - UNI_v7.4 - INFO - Qualidade: JSON salvo em analise_qualidade.json
2025-12-12 04:37:14,637 - UNI_v7.4 - INFO - Google Suggest: Iniciando coleta para 'bitcoin' (limite: 10)
2025-12-12 04:37:14,663 - urllib3.connectionpool - DEBUG - Starting new HTTPS connection (1): suggestqueries.google.com:443
2025-12-12 04:37:14,857 - urllib3.connectionpool - DEBUG - https://suggestqueries.google.com:443 "GET /complete/search?q=bitcoin&gl=br&client=chrome&hl=pt HTTP/1.1" 200 None
2025-12-12 04:37:14,860 - UNI_v7.4 - INFO - Google Suggest: Coletados 10 resultados com sucesso
2025-12-12 04:37:14,860 - UNI_v7.4 - INFO - Google Suggest: Iniciando coleta para 'bitcoin' (limite: 10)
2025-12-12 04:37:14,961 - urllib3.connectionpool - DEBUG - https://suggestqueries.google.com:443 "GET /complete/search?q=bitcoin&gl=br&client=chrome&hl=pt HTTP/1.1" 200 None
2025-12-12 04:37:14,963 - UNI_v7.4 - INFO - Google Suggest: Coletados 10 resultados com sucesso
2025-12-12 04:37:14,963 - UNI_v7.4 - INFO - Google Suggest: Iniciando coleta para 'bitcoin' (limite: 10)
2025-12-12 04:37:15,068 - urllib3.connectionpool - DEBUG - https://suggestqueries.google.com:443 "GET /complete/search?q=bitcoin&gl=br&client=chrome&hl=pt HTTP/1.1" 200 None
2025-12-12 04:37:15,069 - UNI_v7.4 - INFO - Google Suggest: Coletados 0 resultados com sucesso
2025-12-12 04:37:15,069 - UNI_v7.4 - INFO - Google Suggest: Iniciando coleta para 'bitcoin' (limite: 10)
2025-12-12 04:37:15,159 - urllib3.connectionpool - DEBUG - https://suggestqueries.google.com:443 "GET /complete/search?q=bitcoin&gl=br&client=chrome&hl=pt HTTP/1.1" 200 None
2025-12-12 04:37:15,160 - UNI_v7.4 - INFO - Google Suggest: Coletados 0 resultados com sucesso
2025-12-12 04:37:15,160 - UNI_v7.4 - INFO - Google Suggest: Iniciando coleta para 'bitcoin' (limite: 10)
2025-12-12 04:37:15,274 - urllib3.connectionpool - DEBUG - https://suggestqueries.google.com:443 "GET /complete/search?q=bitcoin&gl=br&client=chrome&hl=pt&ds=yt HTTP/1.1" 200 299
2025-12-12 04:37:15,275 - UNI_v7.4 - INFO - Google Suggest: Coletados 10 resultados com sucesso
2025-12-12 04:37:15,275 - UNI_v7.4 - INFO - Google Suggest: Iniciando coleta para 'bitcoin' (limite: 10)
2025-12-12 04:37:15,385 - urllib3.connectionpool - DEBUG - https://suggestqueries.google.com:443 "GET /complete/search?q=bitcoin&gl=br&client=chrome&hl=pt&ds=yt HTTP/1.1" 200 299
2025-12-12 04:37:15,386 - UNI_v7.4 - INFO - Google Suggest: Coletados 10 resultados com sucesso
2025-12-12 04:37:15,386 - UNI_v7.4 - INFO - Google Suggest: Iniciando coleta para 'bitcoin' (limite: 10)
2025-12-12 04:37:15,484 - urllib3.connectionpool - DEBUG - https://suggestqueries.google.com:443 "GET /complete/search?q=bitcoin&gl=br&client=chrome&hl=pt&ds=yt HTTP/1.1" 200 299
2025-12-12 04:37:15,485 - UNI_v7.4 - INFO - Google Suggest: Coletados 0 resultados com sucesso
2025-12-12 04:37:15,485 - UNI_v7.4 - INFO - Google Suggest: Iniciando coleta para 'bitcoin' (limite: 10)
2025-12-12 04:37:15,587 - urllib3.connectionpool - DEBUG - https://suggestqueries.google.com:443 "GET /complete/search?q=bitcoin&gl=br&client=chrome&hl=pt&ds=yt HTTP/1.1" 200 299
2025-12-12 04:37:15,588 - UNI_v7.4 - INFO - Google Suggest: Coletados 0 resultados com sucesso
2025-12-12 04:37:15,588 - UNI_v7.4 - INFO - Google: Iniciando coleta para 'bitcoin' (limite: 10, tentativa 1/3)
2025-12-12 04:37:15,590 - UNI_v7.4 - INFO - Bing: Iniciando coleta para 'bitcoin' (limite: 10, tentativa 1/3)
2025-12-12 04:37:15,590 - UNI_v7.4 - INFO - Brave: Iniciando coleta para 'bitcoin' (limite: 10, tentativa 1/3)
2025-12-12 04:37:15,592 - UNI_v7.4 - INFO - DuckDuckGo: Iniciando coleta para 'bitcoin' (limite: 10, tentativa 1/3)
2025-12-12 04:37:15,596 - googleapiclient.discovery_cache - INFO - file_cache is only supported with oauth2client<4.0.0
2025-12-12 04:37:15,604 - googleapiclient.discovery - DEBUG - URL being requested: GET https://customsearch.googleapis.com/customsearch/v1?q=bitcoin&cx=f07ccd3b922d6437b&gl=br&lr=lang_pt&start=1&num=10&safe=off&key=AIzaSyBj80B2fwVvFEMtcQU8tPV_NCNaEmQvzhc&alt=json
2025-12-12 04:37:15,620 - urllib3.connectionpool - DEBUG - Starting new HTTPS connection (1): serpapi.com:443
2025-12-12 04:37:15,630 - urllib3.connectionpool - DEBUG - Starting new HTTPS connection (1): api.search.brave.com:443
2025-12-12 04:37:15,758 - primp.utils - DEBUG - Loaded CA certs
2025-12-12 04:37:15,764 - primp.utils - DEBUG - Loaded CA certs
2025-12-12 04:37:15,765 - primp.utils - DEBUG - Loaded CA certs
2025-12-12 04:37:15,765 - primp.utils - DEBUG - Loaded CA certs
2025-12-12 04:37:15,765 - primp.utils - DEBUG - Loaded CA certs
2025-12-12 04:37:15,765 - primp.utils - DEBUG - Loaded CA certs
2025-12-12 04:37:15,765 - primp.utils - DEBUG - Loaded CA certs
2025-12-12 04:37:15,765 - primp.utils - DEBUG - Loaded CA certs
2025-12-12 04:37:15,765 - ddgs.ddgs - INFO - Error in engine wikipedia: ValueError('not enough values to unpack (expected 2, got 1)')
2025-12-12 04:37:15,765 - httpcore.connection - DEBUG - connect_tcp.started host='html.duckduckgo.com' port=443 local_address=None timeout=5 socket_options=None
2025-12-12 04:37:15,767 - rquest.connect - DEBUG - starting new connection: https://yandex.com/
2025-12-12 04:37:15,767 - rquest.util.client.connect.dns - DEBUG - resolving yandex.com
2025-12-12 04:37:15,776 - rquest.util.client.connect.http - DEBUG - connecting to 5.255.255.77:443
2025-12-12 04:37:15,927 - UNI_v7.4 - WARNING - Google: Tentativa 1 falhou (HTTP 429): <HttpError 429 when requesting https://customsearch.googleapis.com/customsearch/v1?q=bitcoin&cx=f07c
2025-12-12 04:37:15,957 - urllib3.connectionpool - DEBUG - https://serpapi.com:443 "GET /search?engine=bing&q=bitcoin&cc=br&count=10&api_key=e71430bcff8bdc906f7a5ed9ae1538355c2efb0fb88ffa071f7125a76cc2b142&safe=off HTTP/1.1" 200 None
2025-12-12 04:37:15,958 - UNI_v7.4 - INFO - Bing: Coletados 10 resultados com sucesso
2025-12-12 04:37:16,056 - rquest.util.client.connect.http - DEBUG - connected to 5.255.255.77:443
2025-12-12 04:37:16,071 - httpcore.connection - DEBUG - connect_tcp.complete return_value=<httpcore._backends.sync.SyncStream object at 0x10fd1a730>
2025-12-12 04:37:16,071 - httpcore.connection - DEBUG - start_tls.started ssl_context=<ssl.SSLContext object at 0x10fc82e40> server_hostname='html.duckduckgo.com' timeout=5
2025-12-12 04:37:16,107 - httpcore.connection - DEBUG - start_tls.complete return_value=<httpcore._backends.sync.SyncStream object at 0x10fd1a700>
2025-12-12 04:37:16,107 - httpcore.http2 - DEBUG - send_connection_init.started request=<Request [b'POST']>
2025-12-12 04:37:16,108 - httpcore.http2 - DEBUG - send_connection_init.complete
2025-12-12 04:37:16,108 - httpcore.http2 - DEBUG - send_request_headers.started request=<Request [b'POST']> stream_id=1
2025-12-12 04:37:16,108 - hpack.hpack - DEBUG - Adding (b':method', b'POST') to the header table, sensitive:False, huffman:True
2025-12-12 04:37:16,108 - hpack.hpack - DEBUG - Encoding 3 with 7 bits
2025-12-12 04:37:16,108 - hpack.hpack - DEBUG - Adding (b':authority', b'html.duckduckgo.com') to the header table, sensitive:False, huffman:True
2025-12-12 04:37:16,108 - hpack.hpack - DEBUG - Encoding 1 with 6 bits
2025-12-12 04:37:16,108 - hpack.hpack - DEBUG - Encoding 14 with 7 bits
2025-12-12 04:37:16,108 - hpack.hpack - DEBUG - Adding (b':scheme', b'https') to the header table, sensitive:False, huffman:True
2025-12-12 04:37:16,108 - hpack.hpack - DEBUG - Encoding 7 with 7 bits
2025-12-12 04:37:16,108 - hpack.hpack - DEBUG - Adding (b':path', b'/html/') to the header table, sensitive:False, huffman:True
2025-12-12 04:37:16,108 - hpack.hpack - DEBUG - Encoding 4 with 6 bits
2025-12-12 04:37:16,108 - hpack.hpack - DEBUG - Encoding 5 with 7 bits
2025-12-12 04:37:16,108 - hpack.hpack - DEBUG - Adding (b'accept', b'*/*') to the header table, sensitive:False, huffman:True
2025-12-12 04:37:16,108 - hpack.hpack - DEBUG - Encoding 19 with 6 bits
2025-12-12 04:37:16,108 - hpack.hpack - DEBUG - Encoding 3 with 7 bits
2025-12-12 04:37:16,108 - hpack.hpack - DEBUG - Adding (b'accept-encoding', b'gzip, deflate, br') to the header table, sensitive:False, huffman:True
2025-12-12 04:37:16,108 - hpack.hpack - DEBUG - Encoding 16 with 6 bits
2025-12-12 04:37:16,108 - hpack.hpack - DEBUG - Encoding 13 with 7 bits
2025-12-12 04:37:16,108 - hpack.hpack - DEBUG - Adding (b'user-agent', b'python-httpx/0.28.1') to the header table, sensitive:False, huffman:True
2025-12-12 04:37:16,108 - hpack.hpack - DEBUG - Encoding 58 with 6 bits
2025-12-12 04:37:16,108 - hpack.hpack - DEBUG - Encoding 14 with 7 bits
2025-12-12 04:37:16,108 - hpack.hpack - DEBUG - Adding (b'content-length', b'17') to the header table, sensitive:False, huffman:True
2025-12-12 04:37:16,108 - hpack.hpack - DEBUG - Encoding 28 with 6 bits
2025-12-12 04:37:16,108 - hpack.hpack - DEBUG - Encoding 2 with 7 bits
2025-12-12 04:37:16,108 - hpack.hpack - DEBUG - Adding (b'content-type', b'application/x-www-form-urlencoded') to the header table, sensitive:False, huffman:True
2025-12-12 04:37:16,109 - hpack.hpack - DEBUG - Encoding 31 with 6 bits
2025-12-12 04:37:16,109 - hpack.hpack - DEBUG - Encoding 24 with 7 bits
2025-12-12 04:37:16,109 - hpack.hpack - DEBUG - Encoded header block to b"\x83A\x8e\x9d4\xd0\xbc\x96\x93\xac\x96\x93\xac\xc7\\\x87\xa7\x87D\x85bt\xd3C\x1fS\x83\xf9c\xe7P\x8d\x9b\xd9\xab\xfaRB\xcb@\xd2_\xa5#\xb3z\x8e\xaf\xd2g=KN\x94\xd7\xe5\x80.'\x97\x0f\\\x82\x0b\xbf_\x98\x1du\xd0b\r&=Ly[\xc7\x8f\x0bJ{)Z\xdb(-D<\x85\x93"
2025-12-12 04:37:16,109 - httpcore.http2 - DEBUG - send_request_headers.complete
2025-12-12 04:37:16,109 - httpcore.http2 - DEBUG - send_request_body.started request=<Request [b'POST']> stream_id=1
2025-12-12 04:37:16,109 - httpcore.http2 - DEBUG - send_request_body.complete
2025-12-12 04:37:16,109 - httpcore.http2 - DEBUG - receive_response_headers.started request=<Request [b'POST']> stream_id=1
2025-12-12 04:37:16,109 - httpcore.http2 - DEBUG - receive_remote_settings.started
2025-12-12 04:37:16,109 - httpcore.http2 - DEBUG - receive_remote_settings.complete return_value=<RemoteSettingsChanged changed_settings:{ChangedSetting(setting=SettingCodes.MAX_CONCURRENT_STREAMS, original_value=None, new_value=100), ChangedSetting(setting=SettingCodes.INITIAL_WINDOW_SIZE, original_value=65535, new_value=65536), ChangedSetting(setting=SettingCodes.MAX_FRAME_SIZE, original_value=16384, new_value=16777215)}>
2025-12-12 04:37:16,214 - hpack.hpack - DEBUG - Decoding b' H\x03202v\x84\xaacU\xe7a\x96\xc3a\xbe\x94\x08\x94\xbeR( \t\xb5\x00\xed\xc6]\xb8\x17\x14\xc5\xa3\x7f_\x92I|\xa5\x89\xd3M\x1fj\x12q\xd8\x82\xa6\x0e\x1b\xf0\xac\xf7\x00\x8aAl\xee[\x16I\xa95S\x7f\x9eI\xd2:>\xe4\xb6\xc8\x04\xdf\xdc\x85A \xfen\x8c\x9dKT\x8ao:GB\x9f\xfb\xab\xff\x9f\xcf\x00\x04vary\x85\xd5a\xa65_\x00\x91Bl1\x12\xb2l\x1dH\xac\xf6%d\x14\x96\xd8d\xfa\x8c\xa4~V\x1c\xc5\x81\x90\xb6\xcb\x80\x00?\x00\x89\xf2\xb5\x87\x8c\xe9B\xc9\x1c\xdf\x85\xa8\xe6\xaaB\xf9\x00\x8d\xac\xb6Rd \xc7\xa9\x0bVz\x0cO_\x8e5I-\x85BV!\xe7=\x89\x83\xfa\xfe\xff\x00\x90!\xeaIjJ\xc8)-\xb0\xc9\xf4\xb5g\xa0\xc4\xf5\xff\xe4\t\x90\xb2\x8e\xda\x12\xb2,"\x9f\xea\xa3\xd4_\xf4\xa7\xda\x84=U\x14\x89Y\x16\x11E\'JkE\xc6\x18\x92\xd2u\\fRt\xa6\xb4\\a\x8f\x95\xe4\xb4\x9dW\x19\x94\x9d)\xad\x17\x18bKI\xd6KI\xd6c\xaeC\xd2\xa4\xe9Mh\xb8\xc3\x1f+\xc9i:\xc9i:\xccu\xc8zT\x9d)\xad\x17\x18bKI\xd6KI\xd6c\xcd3B\xf3\xd0\xe4t^YGA\xa0\xfe\x0e;%\x8ebS\xdeSR9R\x97\x13\xe0s#\xc7\xb2{\x1c\x8b\x9e\xa3\x1e\xa6\x14\x9d)\xad\x17\x18a\x15\xd8Q\xc9]\x86\xee2z\\\x87\xa5O\xb5)\x1dF\x94\xa8J\xc8\xb0\x8a):SZ.0\xc4\x96\x93\xaa\xe32\x93\xa55\xa2\xe3\x0c|\xaf%\xa4\xea\xb8\xcc\xa4\xe9Mh\xb8\xc3\x12ZN\xb2ZN\xb3\x1dr\x1e\x95\'JkE\xc6\x18\xf9^KI\xd6KI\xd6c\xaeC\xd2\xa4\xe9Mh\xb8\xc3\x12ZN\xb2ZN\xb3\x1ei\x9a\x17\x9e\x87#\xa2\xf2\xca:\r\x07\xf0q\xd9,s\x12\x9e\xf2\x9a\x91\xca\x94\xb8\x9f\x03\x99\x1e=\x93\xd8\xe4\\\xf5\x18\xf50\xa4\xe9Mh\xb8\xc3\x08\xae\xc2\x8eJ\xec7q\x93\xd2\xe4=*}\xa9Id0\xd6E\x84QI\xd2\x9a\xd1q\x86$\xb4\x9dW\x19\x94\x9d)\xad\x17\x18c\xe5y-\'U\xc6e\'JkE\xc6\x18\x92\xd2u\x92\xd2u\x98\xeb\x90\xf4\xa9:SZ.0\xc7\xca\xf2ZN\xb2ZN\xb3\x1dr\x1e\x95\'JkE\xc6\x18\x92\xd2u\x92\xd2u\x98\xf3L\xd0\xbc\xf49\x1d\x17\x96Q\xd0h?\x83\x8e\xc9c\x98\x94\xf7\x94\xd4\x8eT\xa5\xc4\xf8\x1c\xc8\xf1\xec\x9e\xc7"\xe7\xa8\xc7\xa9\x85\'JkE\xc6\x18Ev\x14rWa\xbb\x8c\x9e\x97!\xe9S\xedD\x12\xc3V\x95\x91a\x14\x8e\x83\xc7qE\'JkE\xc6\x18\x92\xd2u\\fRt\xa6\xb4\\a\x8f\x95\xe4\xb4\x9dW\x19\x94\x9d)\xad\x17\x18bKI\xd6KI\xd6c\xaeC\xd2\xa4\xe9Mh\xb8\xc3\x1f+\xc9i:\xc9i:\xccu\xc8zT\x9d)\xad\x17\x18bKI\xd6KI\xd6c\xcd3B\xf3\xd0\xe4t^YGA\xa0\xfe\x0e;%\x8ebS\xdeSR9R\x97\x13\xe0s#\xc7\xb2{\x1c\x8b\x9e\xa3\x1e\xa6\x14\x9d)\xad\x17\x18a\x15\xd8Q\xc9]\x86\xee2z\\\x87\xa5O\xb5%=IY\x16\x11I\x06\x91\xdcQI\xd2\x9a\xd1q\x86$\xb4\x9dW\x19\x94\x9d)\xad\x17\x18c\xe5y-\'U\xc6e\'JkE\xc6\x18\x92\xd2u\x92\xd2u\x98\xeb\x90\xf4\xa9:SZ.0\xc7\xca\xf2ZN\xb2ZN\xb3\x1dr\x1e\x95\'JkE\xc6\x18\x92\xd2u\x92\xd2u\x98\xf3L\xd0\xbc\xf49\x1d\x17\x96Q\xd0h?\x83\x8e\xc9c\x98\x94\xf7\x94\xd4\x8eT\xa5\xc4\xf8\x1c\xc8\xf1\xec\x9e\xc7"\xe7\xa8\xc7\xa9\x85\'JkE\xc6\x18Ev\x14rWa\xbb\x8c\x9e\x97!\xe9S\xedCS2\xc8\xb0\x8aH4\x8e\xe2\x8aN\x94\xd6\x8b\x8c1%\xa4\xea\xb8\xcc\xa4\xe9Mh\xb8\xc3\x1f+\xc9i:\xae3):SZ.0\xc4\x96\x93\xac\x96\x93\xac\xc7\\\x87\xa5I\xd2\x9a\xd1q\x86>W\x92\xd2u\x92\xd2u\x98\xeb\x90\xf4\xa9:SZ.0\xc4\x96\x93\xac\x96\x93\xac\xc7\x9af\x85\xe7\xa1\xc8\xe8\xbc\xb2\x8e\x83A\xfc\x1cvK\x1c\xc4\xa7\xbc\xa6\xa4r\xa5.\'\xc0\xe6G\x8fd\xf69\x17=F=L):SZ.0\xc2+\xb0\xa3\x92\xbb\r\xdcd\xf4\xb9\x0fJ\x9fj!>\xa8*\xc8\xb0\x8a):SZ.0\xc4\x96\x93\xaa\xe32\x93\xa55\xa2\xe3\x0c|\xaf%\xa4\xea\xb8\xcc\xa4\xe9Mh\xb8\xc3\x12ZN\xb2ZN\xb3\x1dr\x1e\x95\'JkE\xc6\x18\xf9^KI\xd6KI\xd6c\xaeC\xd2\xa4\xe9Mh\xb8\xc3\x12ZN\xb2ZN\xb3\x1ei\x9a\x17\x9e\x87#\xa2\xf2\xca:\r\x07\xf0q\xd9,s\x12\x9e\xf2\x9a\x91\xca\x94\xb8\x9f\x03\x99\x1e=\x93\xd8\xe4\\\xf5\x18\xf50\xa4\xe9Mh\xb8\xc3\x08\xae\xc2\x8eJ\xec7q\x93\xd2\xe4=*}\xa8x\xfa\x14\x89Y\x16\x11O\xf5Q\xea/\xfaS\xedO\x07\xb3\xa9lY\x16\x11H\xe8<w\x14\xfbP\x93\x9a\x89\x16E\x84R:\x0f\x1d\xc5\x14\x9d)\xad\x17\x18bKI\xd5q\x99I\xd2\x9a\xd1q\x86>W\x92\xd2u\\fRt\xa6\xb4\\a\x89-\'Y-\'Y\x8e\xb9\x0fJ\x93\xa55\xa2\xe3\x0c|\xaf%\xa4\xeb%\xa4\xeb1\xd7!\xe9Rt\xa6\xb4\\a\x89-\'Y-\'Y\x8f4\xcd\x0b\xcfC\x91\xd1ye\x1d\x06\x83\xf88\xec\x969\x89OyMH\xe5J\\O\x81\xcc\x8f\x1e\xc9\xecr.z\x8cz\x98Rt\xa6\xb4\\a\x84WaG%v\x1b\xb8\xc9\xe9r\x1e\x95>\xd4\x96\xc1\xd2U\x91a\x14\x8e\x83\xc7qE\'JkE\xc6\x18\x92\xd2u\\fRt\xa6\xb4\\a\x8f\x95\xe4\xb4\x9dW\x19\x94\x9d)\xad\x17\x18bKI\xd6KI\xd6c\xaeC\xd2\xa4\xe9Mh\xb8\xc3\x1f+\xc9i:\xc9i:\xccu\xc8zT\x9d)\xad\x17\x18bKI\xd6KI\xd6c\xcd3B\xf3\xd0\xe4t^YGA\xa0\xfe\x0e;%\x8ebS\xdeSR9R\x97\x13\xe0s#\xc7\xb2{\x1c\x8b\x9e\xa3\x1e\xa6\x14\x9d)\xad\x17\x18a\x15\xd8Q\xc9]\x86\xee2z\\\x87\xa5O\xb5%\xb0t\x95a\xd4B\xa1\'\xb1\n\x7f\xa4\x16\x89\x7f\xd2\x9fjF4\x15kl2\x9f\xe9\x05\xa2_\xf4\xa7\xda\x91\xd0ruXtP\xb5&\xf2Y\x16!\xeaIjJ\x9f\x7f\x00\x8b\xf2\xb4\xb6\x0e\x92\xacz\xd2c\xd4\x8f\x89\xdd\x0e\x8c\x1a\xb6\xe4\xc5\x93O\x00\x8c\xf2\xb7\x94!j\xec:JD\x98\xf5\x7f\x89\x0f\xdd\'\x90\xb0GA\xc9\xd7\x00\x90\xf2\xb1\x0fRKRVO\xaa\xca\xb1\xebI\x8fR?\x85\xa8\xe8\xa8\xd2\xcb\x00\x8b\xb0\xb2\x96\xcb\x0bb\xd5\x9e\x83\x13\xd7\x85=\x86\x98\xd5\x7f\x00\x87/\x9a\xcaD\xacD\xff\x87\xa4~V\x1c\xc5\x80\x1f'
2025-12-12 04:37:16,216 - hpack.hpack - DEBUG - Decoded 0, consumed 1 bytes
2025-12-12 04:37:16,216 - hpack.table - DEBUG - Resizing header table to 0 from 4096
2025-12-12 04:37:16,216 - hpack.hpack - DEBUG - Decoded 8, consumed 1 bytes
2025-12-12 04:37:16,217 - hpack.hpack - DEBUG - Decoded 3, consumed 1 bytes
2025-12-12 04:37:16,217 - hpack.hpack - DEBUG - Decoded (b':status', <memory at 0x10fd4c1c0>), total consumed 5 bytes, indexed True
2025-12-12 04:37:16,217 - hpack.hpack - DEBUG - Decoded 54, consumed 1 bytes
2025-12-12 04:37:16,217 - hpack.hpack - DEBUG - Decoded 4, consumed 1 bytes
2025-12-12 04:37:16,217 - hpack.hpack - DEBUG - Decoded (b'server', b'nginx'), total consumed 6 bytes, indexed True
2025-12-12 04:37:16,217 - hpack.hpack - DEBUG - Decoded 33, consumed 1 bytes
2025-12-12 04:37:16,217 - hpack.hpack - DEBUG - Decoded 22, consumed 1 bytes
2025-12-12 04:37:16,218 - hpack.hpack - DEBUG - Decoded (b'date', b'Fri, 12 Dec 2025 07:37:16 GMT'), total consumed 24 bytes, indexed True
2025-12-12 04:37:16,218 - hpack.hpack - DEBUG - Decoded 31, consumed 1 bytes
2025-12-12 04:37:16,218 - hpack.hpack - DEBUG - Decoded 18, consumed 1 bytes
2025-12-12 04:37:16,218 - hpack.hpack - DEBUG - Decoded (b'content-type', b'text/html; charset=UTF-8'), total consumed 20 bytes, indexed True
2025-12-12 04:37:16,218 - hpack.hpack - DEBUG - Decoded 10, consumed 1 bytes
2025-12-12 04:37:16,218 - hpack.hpack - DEBUG - Decoded 30, consumed 1 bytes
2025-12-12 04:37:16,218 - hpack.hpack - DEBUG - Decoded (b'server-timing', b'total;dur=25;desc="Backend Total [n]"'), total consumed 43 bytes, indexed False
2025-12-12 04:37:16,218 - hpack.hpack - DEBUG - Decoded 4, consumed 1 bytes
2025-12-12 04:37:16,218 - hpack.hpack - DEBUG - Decoded 5, consumed 1 bytes
2025-12-12 04:37:16,218 - hpack.hpack - DEBUG - Decoded (<memory at 0x10fd4c100>, b'Origin'), total consumed 12 bytes, indexed False
2025-12-12 04:37:16,218 - hpack.hpack - DEBUG - Decoded 17, consumed 1 bytes
2025-12-12 04:37:16,218 - hpack.hpack - DEBUG - Decoded 12, consumed 1 bytes
2025-12-12 04:37:16,218 - hpack.hpack - DEBUG - Decoded (b'strict-transport-security', b'max-age=31536000'), total consumed 32 bytes, indexed False
2025-12-12 04:37:16,218 - hpack.hpack - DEBUG - Decoded 9, consumed 1 bytes
2025-12-12 04:37:16,218 - hpack.hpack - DEBUG - Decoded 5, consumed 1 bytes
2025-12-12 04:37:16,218 - hpack.hpack - DEBUG - Decoded (b'x-robots-tag', b'noindex'), total consumed 17 bytes, indexed False
2025-12-12 04:37:16,219 - hpack.hpack - DEBUG - Decoded 13, consumed 1 bytes
2025-12-12 04:37:16,219 - hpack.hpack - DEBUG - Decoded 14, consumed 1 bytes
2025-12-12 04:37:16,219 - hpack.hpack - DEBUG - Decoded (b'permissions-policy', b'interest-cohort=()'), total consumed 30 bytes, indexed False
2025-12-12 04:37:16,219 - hpack.hpack - DEBUG - Decoded 16, consumed 1 bytes
2025-12-12 04:37:16,219 - hpack.hpack - DEBUG - Decoded 1379, consumed 3 bytes
2025-12-12 04:37:16,220 - hpack.hpack - DEBUG - Decoded (b'content-security-policy', b"default-src 'none' ; connect-src  https://duck.ai https://*.duck.ai https://duckduckgo.com https://*.duckduckgo.com https://duckduckgogg42xjoc72x3sjasowoarfbgcmvfimaftt6twagswzczad.onion/ https://spreadprivacy.com ; manifest-src  https://duck.ai https://*.duck.ai https://duckduckgo.com https://*.duckduckgo.com https://duckduckgogg42xjoc72x3sjasowoarfbgcmvfimaftt6twagswzczad.onion/ https://spreadprivacy.com ; media-src  https://duck.ai https://*.duck.ai https://duckduckgo.com https://*.duckduckgo.com https://duckduckgogg42xjoc72x3sjasowoarfbgcmvfimaftt6twagswzczad.onion/ https://spreadprivacy.com ; script-src blob:  https://duck.ai https://*.duck.ai https://duckduckgo.com https://*.duckduckgo.com https://duckduckgogg42xjoc72x3sjasowoarfbgcmvfimaftt6twagswzczad.onion/ https://spreadprivacy.com ; font-src data:  https://duck.ai https://*.duck.ai https://duckduckgo.com https://*.duckduckgo.com https://duckduckgogg42xjoc72x3sjasowoarfbgcmvfimaftt6twagswzczad.onion/ https://spreadprivacy.com ; img-src data:  https://duck.ai https://*.duck.ai https://duckduckgo.com https://*.duckduckgo.com https://duckduckgogg42xjoc72x3sjasowoarfbgcmvfimaftt6twagswzczad.onion/ https://spreadprivacy.com ; style-src  https://duck.ai https://*.duck.ai https://duckduckgo.com https://*.duckduckgo.com https://duckduckgogg42xjoc72x3sjasowoarfbgcmvfimaftt6twagswzczad.onion/ https://spreadprivacy.com ; object-src 'none' ; worker-src blob: ; child-src blob:  https://duck.ai https://*.duck.ai https://duckduckgo.com https://*.duckduckgo.com https://duckduckgogg42xjoc72x3sjasowoarfbgcmvfimaftt6twagswzczad.onion/ https://spreadprivacy.com ; frame-src blob:  https://duck.ai https://*.duck.ai https://duckduckgo.com https://*.duckduckgo.com https://duckduckgogg42xjoc72x3sjasowoarfbgcmvfimaftt6twagswzczad.onion/ https://spreadprivacy.com ; frame-ancestors 'self' ; base-uri 'self' ; block-all-mixed-content ;"), total consumed 1400 bytes, indexed False
2025-12-12 04:37:16,220 - hpack.hpack - DEBUG - Decoded 11, consumed 1 bytes
2025-12-12 04:37:16,220 - hpack.hpack - DEBUG - Decoded 9, consumed 1 bytes
2025-12-12 04:37:16,220 - hpack.hpack - DEBUG - Decoded (b'x-frame-options', b'SAMEORIGIN'), total consumed 23 bytes, indexed False
2025-12-12 04:37:16,220 - hpack.hpack - DEBUG - Decoded 12, consumed 1 bytes
2025-12-12 04:37:16,220 - hpack.hpack - DEBUG - Decoded 9, consumed 1 bytes
2025-12-12 04:37:16,220 - hpack.hpack - DEBUG - Decoded (b'x-xss-protection', b'1;mode=block'), total consumed 24 bytes, indexed False
2025-12-12 04:37:16,221 - hpack.hpack - DEBUG - Decoded 16, consumed 1 bytes
2025-12-12 04:37:16,221 - hpack.hpack - DEBUG - Decoded 5, consumed 1 bytes
2025-12-12 04:37:16,221 - hpack.hpack - DEBUG - Decoded (b'x-content-type-options', b'nosniff'), total consumed 24 bytes, indexed False
2025-12-12 04:37:16,221 - hpack.hpack - DEBUG - Decoded 11, consumed 1 bytes
2025-12-12 04:37:16,221 - hpack.hpack - DEBUG - Decoded 5, consumed 1 bytes
2025-12-12 04:37:16,221 - hpack.hpack - DEBUG - Decoded (b'referrer-policy', b'origin'), total consumed 19 bytes, indexed False
2025-12-12 04:37:16,221 - hpack.hpack - DEBUG - Decoded 7, consumed 1 bytes
2025-12-12 04:37:16,221 - hpack.hpack - DEBUG - Decoded 7, consumed 1 bytes
2025-12-12 04:37:16,221 - hpack.hpack - DEBUG - Decoded (b'expect-ct', b'max-age=0'), total consumed 17 bytes, indexed False
2025-12-12 04:37:16,221 - httpcore.http2 - DEBUG - receive_response_headers.complete return_value=(202, [(b'server', b'nginx'), (b'date', b'Fri, 12 Dec 2025 07:37:16 GMT'), (b'content-type', b'text/html; charset=UTF-8'), (b'server-timing', b'total;dur=25;desc="Backend Total [n]"'), (b'vary', b'Origin'), (b'strict-transport-security', b'max-age=31536000'), (b'x-robots-tag', b'noindex'), (b'permissions-policy', b'interest-cohort=()'), (b'content-security-policy', b"default-src 'none' ; connect-src  https://duck.ai https://*.duck.ai https://duckduckgo.com https://*.duckduckgo.com https://duckduckgogg42xjoc72x3sjasowoarfbgcmvfimaftt6twagswzczad.onion/ https://spreadprivacy.com ; manifest-src  https://duck.ai https://*.duck.ai https://duckduckgo.com https://*.duckduckgo.com https://duckduckgogg42xjoc72x3sjasowoarfbgcmvfimaftt6twagswzczad.onion/ https://spreadprivacy.com ; media-src  https://duck.ai https://*.duck.ai https://duckduckgo.com https://*.duckduckgo.com https://duckduckgogg42xjoc72x3sjasowoarfbgcmvfimaftt6twagswzczad.onion/ https://spreadprivacy.com ; script-src blob:  https://duck.ai https://*.duck.ai https://duckduckgo.com https://*.duckduckgo.com https://duckduckgogg42xjoc72x3sjasowoarfbgcmvfimaftt6twagswzczad.onion/ https://spreadprivacy.com ; font-src data:  https://duck.ai https://*.duck.ai https://duckduckgo.com https://*.duckduckgo.com https://duckduckgogg42xjoc72x3sjasowoarfbgcmvfimaftt6twagswzczad.onion/ https://spreadprivacy.com ; img-src data:  https://duck.ai https://*.duck.ai https://duckduckgo.com https://*.duckduckgo.com https://duckduckgogg42xjoc72x3sjasowoarfbgcmvfimaftt6twagswzczad.onion/ https://spreadprivacy.com ; style-src  https://duck.ai https://*.duck.ai https://duckduckgo.com https://*.duckduckgo.com https://duckduckgogg42xjoc72x3sjasowoarfbgcmvfimaftt6twagswzczad.onion/ https://spreadprivacy.com ; object-src 'none' ; worker-src blob: ; child-src blob:  https://duck.ai https://*.duck.ai https://duckduckgo.com https://*.duckduckgo.com https://duckduckgogg42xjoc72x3sjasowoarfbgcmvfimaftt6twagswzczad.onion/ https://spreadprivacy.com ; frame-src blob:  https://duck.ai https://*.duck.ai https://duckduckgo.com https://*.duckduckgo.com https://duckduckgogg42xjoc72x3sjasowoarfbgcmvfimaftt6twagswzczad.onion/ https://spreadprivacy.com ; frame-ancestors 'self' ; base-uri 'self' ; block-all-mixed-content ;"), (b'x-frame-options', b'SAMEORIGIN'), (b'x-xss-protection', b'1;mode=block'), (b'x-content-type-options', b'nosniff'), (b'referrer-policy', b'origin'), (b'expect-ct', b'max-age=0')])
2025-12-12 04:37:16,222 - httpx - INFO - HTTP Request: POST https://html.duckduckgo.com/html/ "HTTP/2 202 Accepted"
2025-12-12 04:37:16,222 - httpcore.http2 - DEBUG - receive_response_body.started request=<Request [b'POST']> stream_id=1
2025-12-12 04:37:16,223 - httpcore.http2 - DEBUG - receive_response_body.complete
2025-12-12 04:37:16,223 - httpcore.http2 - DEBUG - response_closed.started stream_id=1
2025-12-12 04:37:16,223 - httpcore.http2 - DEBUG - response_closed.complete
2025-12-12 04:37:16,341 - rquest.util.client.pool - DEBUG - pooling idle connection for PoolKey { uri: https://yandex.com/, alpn_protos: None, network: default }
2025-12-12 04:37:16,737 - urllib3.connectionpool - DEBUG - https://api.search.brave.com:443 "GET /res/v1/web/search?q=bitcoin&count=10&offset=0&country=br&safesearch=off HTTP/1.1" 200 None
2025-12-12 04:37:16,739 - UNI_v7.4 - INFO - Brave: Coletados 10 resultados com sucesso
2025-12-12 04:37:17,378 - cookie_store.cookie_store - DEBUG - inserting secure cookie 'is_gdpr'
2025-12-12 04:37:17,378 - cookie_store.cookie_store - DEBUG - inserting secure cookie 'is_gdpr_b'
2025-12-12 04:37:17,378 - cookie_store.cookie_store - DEBUG - inserting secure cookie '_yasc'
2025-12-12 04:37:17,378 - cookie_store.cookie_store - DEBUG - inserting secure cookie 'i'
2025-12-12 04:37:17,378 - cookie_store.cookie_store - DEBUG - inserting secure cookie 'yandexuid'
2025-12-12 04:37:17,379 - cookie_store.cookie_store - DEBUG - inserting secure cookie 'yashr'
2025-12-12 04:37:17,379 - cookie_store.cookie_store - DEBUG - inserting secure cookie 'bh'
2025-12-12 04:37:17,379 - primp - INFO - response: https://yandex.com/search/site/?text=bitcoin&web=1&searchid=8092360 200
2025-12-12 04:37:17,450 - UNI_v7.4 - INFO - DuckDuckGo: Coletados 10 resultados com sucesso
2025-12-12 04:37:17,929 - UNI_v7.4 - INFO - Google: Iniciando coleta para 'bitcoin' (limite: 10, tentativa 2/3)
2025-12-12 04:37:17,930 - googleapiclient.discovery_cache - INFO - file_cache is only supported with oauth2client<4.0.0
2025-12-12 04:37:17,933 - googleapiclient.discovery - DEBUG - URL being requested: GET https://customsearch.googleapis.com/customsearch/v1?q=bitcoin&cx=f07ccd3b922d6437b&gl=br&lr=lang_pt&start=1&num=10&safe=off&key=AIzaSyBj80B2fwVvFEMtcQU8tPV_NCNaEmQvzhc&alt=json
2025-12-12 04:37:18,124 - UNI_v7.4 - WARNING - Google: Tentativa 2 falhou (HTTP 429): <HttpError 429 when requesting https://customsearch.googleapis.com/customsearch/v1?q=bitcoin&cx=f07c
2025-12-12 04:37:20,130 - UNI_v7.4 - INFO - Google: Iniciando coleta para 'bitcoin' (limite: 10, tentativa 3/3)
2025-12-12 04:37:20,133 - googleapiclient.discovery_cache - INFO - file_cache is only supported with oauth2client<4.0.0
2025-12-12 04:37:20,141 - googleapiclient.discovery - DEBUG - URL being requested: GET https://customsearch.googleapis.com/customsearch/v1?q=bitcoin&cx=f07ccd3b922d6437b&gl=br&lr=lang_pt&start=1&num=10&safe=off&key=AIzaSyBj80B2fwVvFEMtcQU8tPV_NCNaEmQvzhc&alt=json
2025-12-12 04:37:20,341 - UNI_v7.4 - WARNING - Google: Tentativa 3 falhou (HTTP 429): <HttpError 429 when requesting https://customsearch.googleapis.com/customsearch/v1?q=bitcoin&cx=f07c
2025-12-12 04:37:20,341 - UNI_v7.4 - ERROR - Google: Todas as tentativas falharam
2025-12-12 04:37:20,342 - UNI_v7.4 - INFO - YouTube: Iniciando coleta para 'bitcoin' (limite: 10)
2025-12-12 04:37:20,343 - googleapiclient.discovery_cache - INFO - file_cache is only supported with oauth2client<4.0.0
2025-12-12 04:37:20,351 - googleapiclient.discovery - DEBUG - URL being requested: GET https://youtube.googleapis.com/youtube/v3/search?part=snippet&q=bitcoin&type=video&maxResults=10&order=relevance&regionCode=BR&relevanceLanguage=pt&key=AIzaSyBj80B2fwVvFEMtcQU8tPV_NCNaEmQvzhc&alt=json
2025-12-12 04:37:20,881 - googleapiclient.discovery - DEBUG - URL being requested: GET https://youtube.googleapis.com/youtube/v3/videos?part=statistics%2CcontentDetails%2Csnippet%2Cstatus&id=4r5G_EWUGqM%2CGqdi1B7jKsI%2CdloBqocJ39I%2CvY4Izq3QhL4%2CuYro8SWqirM%2CNsX0dhmdGwk%2CrH6PLR7-2ps%2CkcGxVdXcyjY%2CR4dVZbD1ZdI%2C81PC3PYSVBA&key=AIzaSyBj80B2fwVvFEMtcQU8tPV_NCNaEmQvzhc&alt=json
2025-12-12 04:37:21,200 - UNI_v7.4 - INFO - YouTube: Coletados 10 resultados com sucesso
2025-12-12 04:37:21,200 - UNI_v7.4 - ERROR - Erro ao coletar YouTube: name 'coletar_comentarios_youtube' is not defined
2025-12-12 04:37:21,204 - UNI_v7.4 - DEBUG - Traceback (most recent call last):
  File "/Users/eas/Desktop/github/emersonalmeida/emersonalmeida.github.io/project/uni/uni_v7.4.py", line 3353, in modo_personalizado
    comentarios = coletar_comentarios_youtube(
NameError: name 'coletar_comentarios_youtube' is not defined

2025-12-12 04:37:21,204 - UNI_v7.4 - INFO - YouTube: Iniciando coleta para 'bitcoin' (limite: 10)
2025-12-12 04:37:21,206 - googleapiclient.discovery_cache - INFO - file_cache is only supported with oauth2client<4.0.0
2025-12-12 04:37:21,218 - googleapiclient.discovery - DEBUG - URL being requested: GET https://youtube.googleapis.com/youtube/v3/search?part=snippet&q=bitcoin&type=video&maxResults=10&order=date&regionCode=BR&relevanceLanguage=pt&key=AIzaSyBj80B2fwVvFEMtcQU8tPV_NCNaEmQvzhc&alt=json
2025-12-12 04:37:21,675 - googleapiclient.discovery - DEBUG - URL being requested: GET https://youtube.googleapis.com/youtube/v3/videos?part=statistics%2CcontentDetails%2Csnippet%2Cstatus&id=67BvQ-JuH0M%2CsQhDpCS4QnI%2CRvZyzDGhW64%2CzB_FP3SIaNw%2CdmQHpbmNwPM%2CAxLhBykJEOw%2CvY4Izq3QhL4%2CCskX_k6gzHY%2CM-AZVCOQVgU%2CpyrTi9kkh28&key=AIzaSyBj80B2fwVvFEMtcQU8tPV_NCNaEmQvzhc&alt=json
2025-12-12 04:37:21,996 - UNI_v7.4 - INFO - YouTube: Coletados 10 resultados com sucesso
2025-12-12 04:37:21,997 - UNI_v7.4 - ERROR - Erro ao coletar YouTube: name 'coletar_comentarios_youtube' is not defined
2025-12-12 04:37:21,997 - UNI_v7.4 - DEBUG - Traceback (most recent call last):
  File "/Users/eas/Desktop/github/emersonalmeida/emersonalmeida.github.io/project/uni/uni_v7.4.py", line 3353, in modo_personalizado
    comentarios = coletar_comentarios_youtube(
NameError: name 'coletar_comentarios_youtube' is not defined

2025-12-12 04:37:21,998 - UNI_v7.4 - INFO - YouTube: Iniciando coleta para 'bitcoin' (limite: 10)
2025-12-12 04:37:21,999 - googleapiclient.discovery_cache - INFO - file_cache is only supported with oauth2client<4.0.0
2025-12-12 04:37:22,005 - googleapiclient.discovery - DEBUG - URL being requested: GET https://youtube.googleapis.com/youtube/v3/search?part=snippet&q=bitcoin&type=video&maxResults=10&order=viewCount&regionCode=BR&relevanceLanguage=pt&key=AIzaSyBj80B2fwVvFEMtcQU8tPV_NCNaEmQvzhc&alt=json
2025-12-12 04:37:22,521 - googleapiclient.discovery - DEBUG - URL being requested: GET https://youtube.googleapis.com/youtube/v3/videos?part=statistics%2CcontentDetails%2Csnippet%2Cstatus&id=8aYr2ueCFvs%2CtrVmDXMaj-M%2CGztiW6DOhck%2CkFgQBPtPfgc%2CqLKADDR7t0E%2Ct_eN9r6-hKQ%2CzhPqD19DjYw%2CYMIZ5mHRO4E%2CwN0OaLUYI2I%2CdQ8b4E6vX-4&key=AIzaSyBj80B2fwVvFEMtcQU8tPV_NCNaEmQvzhc&alt=json
2025-12-12 04:37:22,835 - UNI_v7.4 - INFO - YouTube: Coletados 10 resultados com sucesso
2025-12-12 04:37:22,836 - UNI_v7.4 - ERROR - Erro ao coletar YouTube: name 'coletar_comentarios_youtube' is not defined
2025-12-12 04:37:22,836 - UNI_v7.4 - DEBUG - Traceback (most recent call last):
  File "/Users/eas/Desktop/github/emersonalmeida/emersonalmeida.github.io/project/uni/uni_v7.4.py", line 3353, in modo_personalizado
    comentarios = coletar_comentarios_youtube(
NameError: name 'coletar_comentarios_youtube' is not defined

2025-12-12 04:37:22,846 - UNI_v7.4 - INFO - Google Play: Iniciando coleta para 'bitcoin' (limite: 3, tentativa 1/3)
2025-12-12 04:37:24,413 - UNI_v7.4 - INFO - Google Play: Coletados 3 resultados com sucesso
2025-12-12 04:37:24,413 - UNI_v7.4 - ERROR - Google Play Reviews: Erro inesperado: HELPFULNESS
2025-12-12 04:37:24,415 - UNI_v7.4 - DEBUG - Traceback (most recent call last):
  File "/Users/eas/Desktop/github/emersonalmeida/emersonalmeida.github.io/project/uni/uni_v7.4.py", line 1868, in coletar_reviews_google_play
    "most_helpful": Sort.HELPFULNESS
  File "/Library/Developer/CommandLineTools/Library/Frameworks/Python3.framework/Versions/3.9/lib/python3.9/enum.py", line 429, in __getattr__
    raise AttributeError(name) from None
AttributeError: HELPFULNESS

2025-12-12 04:37:24,415 - UNI_v7.4 - ERROR - Google Play Reviews: Erro inesperado: HELPFULNESS
2025-12-12 04:37:24,415 - UNI_v7.4 - DEBUG - Traceback (most recent call last):
  File "/Users/eas/Desktop/github/emersonalmeida/emersonalmeida.github.io/project/uni/uni_v7.4.py", line 1868, in coletar_reviews_google_play
    "most_helpful": Sort.HELPFULNESS
  File "/Library/Developer/CommandLineTools/Library/Frameworks/Python3.framework/Versions/3.9/lib/python3.9/enum.py", line 429, in __getattr__
    raise AttributeError(name) from None
AttributeError: HELPFULNESS

2025-12-12 04:37:24,415 - UNI_v7.4 - ERROR - Google Play Reviews: Erro inesperado: HELPFULNESS
2025-12-12 04:37:24,415 - UNI_v7.4 - DEBUG - Traceback (most recent call last):
  File "/Users/eas/Desktop/github/emersonalmeida/emersonalmeida.github.io/project/uni/uni_v7.4.py", line 1868, in coletar_reviews_google_play
    "most_helpful": Sort.HELPFULNESS
  File "/Library/Developer/CommandLineTools/Library/Frameworks/Python3.framework/Versions/3.9/lib/python3.9/enum.py", line 429, in __getattr__
    raise AttributeError(name) from None
AttributeError: HELPFULNESS

2025-12-12 04:37:24,419 - UNI_v7.4 - INFO - Apple App Store: Iniciando coleta para 'bitcoin' (limite: 3, tentativa 1/3)
2025-12-12 04:37:24,419 - Base - INFO - Searching for app id
2025-12-12 04:37:24,419 - Base - DEBUG - Making a GET request: https://www.google.com/search
2025-12-12 04:37:24,430 - urllib3.connectionpool - DEBUG - Starting new HTTPS connection (1): www.google.com:443
2025-12-12 04:37:24,650 - urllib3.connectionpool - DEBUG - https://www.google.com:443 "GET /search?q=app+store+bitcoin HTTP/1.1" 200 None
2025-12-12 04:37:24,733 - UNI_v7.4 - WARNING - Apple App Store: Tentativa 1 falhou: 'NoneType' object has no attribute 'group'
2025-12-12 04:37:26,739 - UNI_v7.4 - INFO - Apple App Store: Iniciando coleta para 'bitcoin' (limite: 3, tentativa 2/3)
2025-12-12 04:37:26,740 - Base - INFO - Searching for app id
2025-12-12 04:37:26,740 - Base - DEBUG - Making a GET request: https://www.google.com/search
2025-12-12 04:37:26,745 - urllib3.connectionpool - DEBUG - Starting new HTTPS connection (1): www.google.com:443
2025-12-12 04:37:26,964 - urllib3.connectionpool - DEBUG - https://www.google.com:443 "GET /search?q=app+store+bitcoin HTTP/1.1" 200 None
2025-12-12 04:37:27,038 - UNI_v7.4 - WARNING - Apple App Store: Tentativa 2 falhou: 'NoneType' object has no attribute 'group'
2025-12-12 04:37:29,039 - UNI_v7.4 - INFO - Apple App Store: Iniciando coleta para 'bitcoin' (limite: 3, tentativa 3/3)
2025-12-12 04:37:29,039 - Base - INFO - Searching for app id
2025-12-12 04:37:29,039 - Base - DEBUG - Making a GET request: https://www.google.com/search
2025-12-12 04:37:29,042 - urllib3.connectionpool - DEBUG - Starting new HTTPS connection (1): www.google.com:443
2025-12-12 04:37:29,249 - urllib3.connectionpool - DEBUG - https://www.google.com:443 "GET /search?q=app+store+bitcoin HTTP/1.1" 200 None
2025-12-12 04:37:29,336 - UNI_v7.4 - WARNING - Apple App Store: Tentativa 3 falhou: 'NoneType' object has no attribute 'group'
2025-12-12 04:37:29,336 - UNI_v7.4 - ERROR - Apple App Store: Todas as tentativas falharam
2025-12-12 04:37:29,345 - UNI_v7.4 - DEBUG - Traceback (most recent call last):
  File "/Users/eas/Desktop/github/emersonalmeida/emersonalmeida.github.io/project/uni/uni_v7.4.py", line 2033, in coletar_apple_store
    store = AppStore(country=country, app_name=term)
  File "/Users/eas/Library/Python/3.9/lib/python/site-packages/app_store_scraper/app_store.py", line 23, in __init__
    super().__init__(
  File "/Users/eas/Library/Python/3.9/lib/python/site-packages/app_store_scraper/base.py", line 47, in __init__
    app_id = self.search_id()
  File "/Users/eas/Library/Python/3.9/lib/python/site-packages/app_store_scraper/base.py", line 175, in search_id
    app_id = re.search(pattern, self._response.text).group(1)
AttributeError: 'NoneType' object has no attribute 'group'

2025-12-12 04:37:29,346 - UNI_v7.4 - INFO - Reddit: Iniciando coleta para 'bitcoin' (subreddit: all, limite: 10)
2025-12-12 04:37:29,348 - prawcore - DEBUG - Fetching: GET https://oauth.reddit.com/r/all/search/ at 1765525049.3485372
2025-12-12 04:37:29,348 - prawcore - DEBUG - Data: None
2025-12-12 04:37:29,349 - prawcore - DEBUG - Params: {'limit': 10,
 'q': 'bitcoin',
 'raw_json': 1,
 'restrict_sr': False,
 'sort': 'relevance',
 'syntax': 'lucene',
 't': 'all'}
2025-12-12 04:37:29,360 - urllib3.connectionpool - DEBUG - Starting new HTTPS connection (1): www.reddit.com:443
2025-12-12 04:37:29,556 - urllib3.connectionpool - DEBUG - https://www.reddit.com:443 "POST /api/v1/access_token HTTP/1.1" 200 650
2025-12-12 04:37:29,571 - urllib3.connectionpool - DEBUG - Starting new HTTPS connection (1): oauth.reddit.com:443
2025-12-12 04:37:30,089 - urllib3.connectionpool - DEBUG - https://oauth.reddit.com:443 "GET /r/all/search/?q=bitcoin&restrict_sr=False&sort=relevance&syntax=lucene&t=all&limit=10&raw_json=1 HTTP/1.1" 200 8388
2025-12-12 04:37:30,091 - prawcore - DEBUG - Response: 200 (8388 bytes) (rst-150:rem-999.0:used-1 ratelimit) at 1765525050.091969
2025-12-12 04:37:30,095 - prawcore - DEBUG - Fetching: GET https://oauth.reddit.com/r/Buttcoin/about/ at 1765525050.095065
2025-12-12 04:37:30,095 - prawcore - DEBUG - Data: None
2025-12-12 04:37:30,095 - prawcore - DEBUG - Params: {'raw_json': 1}
2025-12-12 04:37:30,288 - urllib3.connectionpool - DEBUG - https://oauth.reddit.com:443 "GET /r/Buttcoin/about/?raw_json=1 HTTP/1.1" 200 3589
2025-12-12 04:37:30,289 - prawcore - DEBUG - Response: 200 (3589 bytes) (rst-149:rem-998.0:used-2 ratelimit) at 1765525050.2899399
2025-12-12 04:37:30,290 - UNI_v7.4 - ERROR - Reddit: name '_safe_get_author_attr' is not defined
2025-12-12 04:37:30,291 - UNI_v7.4 - DEBUG - Traceback (most recent call last):
  File "/Users/eas/Desktop/github/emersonalmeida/emersonalmeida.github.io/project/uni/uni_v7.4.py", line 1312, in coletar_reddit
    "author_flair": _safe_get_author_attr(post, 'flair_text'),
NameError: name '_safe_get_author_attr' is not defined

2025-12-12 04:37:30,291 - UNI_v7.4 - INFO - Google News: Iniciando coleta para 'bitcoin' (limite: 10)
2025-12-12 04:37:30,313 - urllib3.connectionpool - DEBUG - Starting new HTTPS connection (1): gnews.io:443
2025-12-12 04:37:30,890 - urllib3.connectionpool - DEBUG - https://gnews.io:443 "GET /api/v4/search?q=bitcoin&lang=pt&country=br&max=10&apikey=91a7bc222ecfdac6c60019c4fb1ec87c&from=10 HTTP/1.1" 200 None
2025-12-12 04:37:30,892 - UNI_v7.4 - INFO - Google News: Coletados 10 resultados com sucesso
2025-12-12 04:37:30,892 - UNI_v7.4 - INFO - arXiv: Iniciando coleta para 'bitcoin' (limite: 10)
2025-12-12 04:37:31,053 - urllib3.connectionpool - DEBUG - Starting new HTTP connection (1): export.arxiv.org:80
2025-12-12 04:37:31,070 - urllib3.connectionpool - DEBUG - http://export.arxiv.org:80 "GET /api/query?search_query=all:bitcoin&start=0&max_results=10&sortBy=relevance HTTP/1.1" 301 0
2025-12-12 04:37:31,075 - urllib3.connectionpool - DEBUG - Starting new HTTPS connection (1): export.arxiv.org:443
2025-12-12 04:37:31,416 - urllib3.connectionpool - DEBUG - https://export.arxiv.org:443 "GET /api/query?search_query=all:bitcoin&start=0&max_results=10&sortBy=relevance HTTP/1.1" 200 20025
2025-12-12 04:37:31,442 - UNI_v7.4 - INFO - arXiv: Coletados 10 resultados com sucesso
2025-12-12 04:37:31,442 - UNI_v7.4 - INFO - Google Scholar: Iniciando coleta para 'bitcoin' (limite: 10, tentativa 1/3)
2025-12-12 04:37:31,463 - urllib3.connectionpool - DEBUG - Starting new HTTPS connection (1): api.semanticscholar.org:443
2025-12-12 04:37:32,956 - urllib3.connectionpool - DEBUG - https://api.semanticscholar.org:443 "GET /graph/v1/paper/search?query=bitcoin&limit=10&fields=title%2Cauthors%2Cyear%2Curl%2Cabstract%2CcitationCount%2CreferenceCount%2Cvenue%2CfieldsOfStudy%2CpublicationTypes%2CpublicationDate%2Cjournal%2CexternalIds%2CisOpenAccess%2CopenAccessPdf HTTP/1.1" 200 21246
2025-12-12 04:37:32,957 - UNI_v7.4 - INFO - Google Scholar: Coletados 10 resultados com sucesso
2025-12-12 04:37:32,957 - UNI_v7.4 - INFO - Wikipedia: Iniciando coleta para 'bitcoin' (limite: 10, lang: pt)
2025-12-12 04:37:32,968 - urllib3.connectionpool - DEBUG - Starting new HTTPS connection (1): pt.wikipedia.org:443
2025-12-12 04:37:33,291 - urllib3.connectionpool - DEBUG - https://pt.wikipedia.org:443 "GET /w/api.php?action=query&format=json&list=search&srsearch=bitcoin&srlimit=10&srnamespace=0 HTTP/1.1" 200 1439
2025-12-12 04:37:33,298 - urllib3.connectionpool - DEBUG - Starting new HTTPS connection (1): pt.wikipedia.org:443
2025-12-12 04:37:33,405 - urllib3.connectionpool - DEBUG - https://pt.wikipedia.org:443 "GET /api/rest_v1/page/summary/Bitcoin HTTP/1.1" 200 633
2025-12-12 04:37:33,410 - urllib3.connectionpool - DEBUG - Starting new HTTPS connection (1): pt.wikipedia.org:443
2025-12-12 04:37:33,515 - urllib3.connectionpool - DEBUG - https://pt.wikipedia.org:443 "GET /api/rest_v1/page/summary/Satoshi_Nakamoto HTTP/1.1" 200 996
2025-12-12 04:37:33,522 - urllib3.connectionpool - DEBUG - Starting new HTTPS connection (1): pt.wikipedia.org:443
2025-12-12 04:37:33,630 - urllib3.connectionpool - DEBUG - https://pt.wikipedia.org:443 "GET /api/rest_v1/page/summary/Mercado_Bitcoin HTTP/1.1" 200 779
2025-12-12 04:37:33,637 - urllib3.connectionpool - DEBUG - Starting new HTTPS connection (1): pt.wikipedia.org:443
2025-12-12 04:37:33,748 - urllib3.connectionpool - DEBUG - https://pt.wikipedia.org:443 "GET /api/rest_v1/page/summary/Minera%C3%A7%C3%A3o_de_Bitcoin HTTP/1.1" 200 795
2025-12-12 04:37:33,755 - urllib3.connectionpool - DEBUG - Starting new HTTPS connection (1): pt.wikipedia.org:443
2025-12-12 04:37:33,858 - urllib3.connectionpool - DEBUG - https://pt.wikipedia.org:443 "GET /api/rest_v1/page/summary/Litecoin HTTP/1.1" 200 723
2025-12-12 04:37:33,867 - urllib3.connectionpool - DEBUG - Starting new HTTPS connection (1): pt.wikipedia.org:443
2025-12-12 04:37:33,975 - urllib3.connectionpool - DEBUG - https://pt.wikipedia.org:443 "GET /api/rest_v1/page/summary/Monero HTTP/1.1" 200 656
2025-12-12 04:37:33,980 - urllib3.connectionpool - DEBUG - Starting new HTTPS connection (1): pt.wikipedia.org:443
2025-12-12 04:37:34,086 - urllib3.connectionpool - DEBUG - https://pt.wikipedia.org:443 "GET /api/rest_v1/page/summary/Hal_Finney HTTP/1.1" 200 775
2025-12-12 04:37:34,092 - urllib3.connectionpool - DEBUG - Starting new HTTPS connection (1): pt.wikipedia.org:443
2025-12-12 04:37:34,200 - urllib3.connectionpool - DEBUG - https://pt.wikipedia.org:443 "GET /api/rest_v1/page/summary/Vitalik_Buterin HTTP/1.1" 200 631
2025-12-12 04:37:34,205 - urllib3.connectionpool - DEBUG - Starting new HTTPS connection (1): pt.wikipedia.org:443
2025-12-12 04:37:34,312 - urllib3.connectionpool - DEBUG - https://pt.wikipedia.org:443 "GET /api/rest_v1/page/summary/El_Salvador HTTP/1.1" 200 903
2025-12-12 04:37:34,318 - urllib3.connectionpool - DEBUG - Starting new HTTPS connection (1): pt.wikipedia.org:443
2025-12-12 04:37:34,424 - urllib3.connectionpool - DEBUG - https://pt.wikipedia.org:443 "GET /api/rest_v1/page/summary/Criptomoeda HTTP/1.1" 200 946
2025-12-12 04:37:34,426 - UNI_v7.4 - INFO - Wikipedia: Coletados 10 resultados com sucesso
2025-12-12 04:37:34,436 - urllib3.connectionpool - DEBUG - Starting new HTTPS connection (1): api.github.com:443
2025-12-12 04:37:34,944 - urllib3.connectionpool - DEBUG - https://api.github.com:443 "GET /search/repositories?q=bitcoin&sort=stars&order=desc&per_page=10 HTTP/1.1" 200 None
2025-12-12 04:37:34,950 - UNI_v7.4 - INFO - GitHub: Coletados 10 resultados com sucesso
2025-12-12 04:37:34,950 - UNI_v7.4 - INFO - Hacker News: Iniciando coleta para 'bitcoin' (limite: 10)
2025-12-12 04:37:34,967 - urllib3.connectionpool - DEBUG - Starting new HTTPS connection (1): hn.algolia.com:443
2025-12-12 04:37:35,324 - urllib3.connectionpool - DEBUG - https://hn.algolia.com:443 "GET /api/v1/search?query=bitcoin&tags=story&hitsPerPage=10&numericFilters= HTTP/1.1" 200 14651
2025-12-12 04:37:35,327 - UNI_v7.4 - INFO - Hacker News: Coletados 10 resultados com sucesso
2025-12-12 04:37:35,329 - UNI_v7.4 - INFO - : JSON salvo em metadados_coleta.json
2025-12-12 04:37:35,337 - UNI_v7.4 - INFO - Suggest-chrome-web-top: Salvo 10 registros com 9 colunas em suggest_chrome_web_top.csv (0.6 KB)
2025-12-12 04:37:35,339 - UNI_v7.4 - INFO - Suggest-chrome-web-a-z: Salvo 10 registros com 9 colunas em suggest_chrome_web_a_z.csv (0.6 KB)
2025-12-12 04:37:35,341 - UNI_v7.4 - INFO - Suggest-chrome-youtube-top: Salvo 10 registros com 9 colunas em suggest_chrome_youtube_top.csv (0.6 KB)
2025-12-12 04:37:35,343 - UNI_v7.4 - INFO - Suggest-chrome-youtube-a-z: Salvo 10 registros com 9 colunas em suggest_chrome_youtube_a_z.csv (0.6 KB)
2025-12-12 04:37:35,346 - UNI_v7.4 - INFO - SERP-Bing: Salvo 10 registros com 13 colunas em serp_bing.csv (3.5 KB)
2025-12-12 04:37:35,349 - UNI_v7.4 - INFO - SERP-Brave: Salvo 10 registros com 13 colunas em serp_brave.csv (3.7 KB)
2025-12-12 04:37:35,352 - UNI_v7.4 - INFO - SERP-Duckduckgo: Salvo 10 registros com 8 colunas em serp_duckduckgo.csv (3.1 KB)
2025-12-12 04:37:35,355 - UNI_v7.4 - INFO - YouTube-relevance: Salvo 10 registros com 30 colunas em youtube_relevance.csv (29.9 KB)
2025-12-12 04:37:35,359 - UNI_v7.4 - INFO - YouTube-date: Salvo 10 registros com 30 colunas em youtube_date.csv (21.2 KB)
2025-12-12 04:37:35,364 - UNI_v7.4 - INFO - YouTube-viewCount: Salvo 10 registros com 30 colunas em youtube_viewcount.csv (5.5 KB)
2025-12-12 04:37:35,367 - UNI_v7.4 - INFO - AppStore-Google Play: Salvo 3 registros com 28 colunas em appstore_google_play.csv (13.3 KB)
2025-12-12 04:37:35,370 - UNI_v7.4 - INFO - Google News: Salvo 10 registros com 13 colunas em google_news.csv (8.4 KB)
2025-12-12 04:37:35,372 - UNI_v7.4 - INFO - arXiv: Salvo 10 registros com 18 colunas em arxiv.csv (14.0 KB)
2025-12-12 04:37:35,374 - UNI_v7.4 - INFO - Google Scholar: Salvo 10 registros com 20 colunas em google_scholar.csv (14.8 KB)
2025-12-12 04:37:35,377 - UNI_v7.4 - INFO - Wikipedia: Salvo 10 registros com 24 colunas em wikipedia.csv (14.4 KB)
2025-12-12 04:37:35,380 - UNI_v7.4 - INFO - GitHub: Salvo 10 registros com 38 colunas em github.csv (7.1 KB)
2025-12-12 04:37:35,382 - UNI_v7.4 - INFO - Hacker News: Salvo 10 registros com 18 colunas em hacker_news.csv (2.1 KB)
2025-12-12 04:37:35,382 - UNI_v7.4 - INFO - Iniciando criação da base de dados consolidada...
2025-12-12 04:37:35,407 - UNI_v7.4 - INFO - Base de dados consolidada salva: 163 registros, 170 colunas, 180.2 KB
2025-12-12 04:37:35,409 - UNI_v7.4 - WARNING - Não foi possível salvar Excel: No module named 'openpyxl'
2025-12-12 04:37:35,409 - UNI_v7.4 - WARNING - Não foi possível salvar Parquet: Unable to find a usable engine; tried using: 'pyarrow', 'fastparquet'.
A suitable version of pyarrow or fastparquet is required for parquet support.
Trying to import the above resulted in these errors:
 - Missing optional dependency 'pyarrow'. pyarrow is required for parquet support. Use pip or conda to install pyarrow.
 - Missing optional dependency 'fastparquet'. fastparquet is required for parquet support. Use pip or conda to install fastparquet.
2025-12-12 04:37:35,424 - UNI_v7.4 - INFO - Resumo: JSON salvo em resumo_estatistico_bitcoin_20251212_043735.json
2025-12-12 04:37:35,427 - UNI_v7.4 - INFO - : JSON salvo em resultados_completos.json
2025-12-12 04:37:35,447 - UNI_v7.4 - INFO - Qualidade: JSON salvo em analise_qualidade.json
2025-12-12 04:38:54,674 - UNI_v7.4 - INFO - Apple App Store: Iniciando coleta para 'bitcoin' (limite: 5, tentativa 1/3)
2025-12-12 04:38:54,675 - Base - INFO - Searching for app id
2025-12-12 04:38:54,675 - Base - DEBUG - Making a GET request: https://www.google.com/search
2025-12-12 04:38:54,687 - urllib3.connectionpool - DEBUG - Starting new HTTPS connection (1): www.google.com:443
2025-12-12 04:38:54,911 - urllib3.connectionpool - DEBUG - https://www.google.com:443 "GET /search?q=app+store+bitcoin HTTP/1.1" 200 None
2025-12-12 04:38:55,000 - UNI_v7.4 - WARNING - Apple App Store: Tentativa 1 falhou: 'NoneType' object has no attribute 'group'
2025-12-12 04:38:57,006 - UNI_v7.4 - INFO - Apple App Store: Iniciando coleta para 'bitcoin' (limite: 5, tentativa 2/3)
2025-12-12 04:38:57,006 - Base - INFO - Searching for app id
2025-12-12 04:38:57,007 - Base - DEBUG - Making a GET request: https://www.google.com/search
2025-12-12 04:38:57,011 - urllib3.connectionpool - DEBUG - Starting new HTTPS connection (1): www.google.com:443
2025-12-12 04:38:57,232 - urllib3.connectionpool - DEBUG - https://www.google.com:443 "GET /search?q=app+store+bitcoin HTTP/1.1" 200 None
2025-12-12 04:38:57,317 - UNI_v7.4 - WARNING - Apple App Store: Tentativa 2 falhou: 'NoneType' object has no attribute 'group'
2025-12-12 04:38:59,323 - UNI_v7.4 - INFO - Apple App Store: Iniciando coleta para 'bitcoin' (limite: 5, tentativa 3/3)
2025-12-12 04:38:59,323 - Base - INFO - Searching for app id
2025-12-12 04:38:59,324 - Base - DEBUG - Making a GET request: https://www.google.com/search
2025-12-12 04:38:59,328 - urllib3.connectionpool - DEBUG - Starting new HTTPS connection (1): www.google.com:443
2025-12-12 04:38:59,542 - urllib3.connectionpool - DEBUG - https://www.google.com:443 "GET /search?q=app+store+bitcoin HTTP/1.1" 200 None
2025-12-12 04:38:59,576 - UNI_v7.4 - WARNING - Apple App Store: Tentativa 3 falhou: 'NoneType' object has no attribute 'group'
2025-12-12 04:38:59,576 - UNI_v7.4 - ERROR - Apple App Store: Todas as tentativas falharam
2025-12-12 04:38:59,587 - UNI_v7.4 - DEBUG - Traceback (most recent call last):
  File "/Users/eas/Desktop/github/emersonalmeida/emersonalmeida.github.io/project/uni/uni_v7.4.py", line 2033, in coletar_apple_store
    store = AppStore(country=country, app_name=term)
  File "/Users/eas/Library/Python/3.9/lib/python/site-packages/app_store_scraper/app_store.py", line 23, in __init__
    super().__init__(
  File "/Users/eas/Library/Python/3.9/lib/python/site-packages/app_store_scraper/base.py", line 47, in __init__
    app_id = self.search_id()
  File "/Users/eas/Library/Python/3.9/lib/python/site-packages/app_store_scraper/base.py", line 175, in search_id
    app_id = re.search(pattern, self._response.text).group(1)
AttributeError: 'NoneType' object has no attribute 'group'

2025-12-12 04:38:59,594 - UNI_v7.4 - INFO - Google Play: Iniciando coleta para 'bitcoin' (limite: 5, tentativa 1/3)
2025-12-12 04:39:01,919 - UNI_v7.4 - INFO - Google Play: Coletados 5 resultados com sucesso
2025-12-12 04:39:01,919 - UNI_v7.4 - ERROR - Google Play Reviews: Erro inesperado: HELPFULNESS
2025-12-12 04:39:01,920 - UNI_v7.4 - DEBUG - Traceback (most recent call last):
  File "/Users/eas/Desktop/github/emersonalmeida/emersonalmeida.github.io/project/uni/uni_v7.4.py", line 1868, in coletar_reviews_google_play
    "most_helpful": Sort.HELPFULNESS
  File "/Library/Developer/CommandLineTools/Library/Frameworks/Python3.framework/Versions/3.9/lib/python3.9/enum.py", line 429, in __getattr__
    raise AttributeError(name) from None
AttributeError: HELPFULNESS

2025-12-12 04:39:01,921 - UNI_v7.4 - ERROR - Google Play Reviews: Erro inesperado: HELPFULNESS
2025-12-12 04:39:01,921 - UNI_v7.4 - DEBUG - Traceback (most recent call last):
  File "/Users/eas/Desktop/github/emersonalmeida/emersonalmeida.github.io/project/uni/uni_v7.4.py", line 1868, in coletar_reviews_google_play
    "most_helpful": Sort.HELPFULNESS
  File "/Library/Developer/CommandLineTools/Library/Frameworks/Python3.framework/Versions/3.9/lib/python3.9/enum.py", line 429, in __getattr__
    raise AttributeError(name) from None
AttributeError: HELPFULNESS

2025-12-12 04:39:01,921 - UNI_v7.4 - ERROR - Google Play Reviews: Erro inesperado: HELPFULNESS
2025-12-12 04:39:01,921 - UNI_v7.4 - DEBUG - Traceback (most recent call last):
  File "/Users/eas/Desktop/github/emersonalmeida/emersonalmeida.github.io/project/uni/uni_v7.4.py", line 1868, in coletar_reviews_google_play
    "most_helpful": Sort.HELPFULNESS
  File "/Library/Developer/CommandLineTools/Library/Frameworks/Python3.framework/Versions/3.9/lib/python3.9/enum.py", line 429, in __getattr__
    raise AttributeError(name) from None
AttributeError: HELPFULNESS

2025-12-12 04:39:01,921 - UNI_v7.4 - ERROR - Google Play Reviews: Erro inesperado: HELPFULNESS
2025-12-12 04:39:01,921 - UNI_v7.4 - DEBUG - Traceback (most recent call last):
  File "/Users/eas/Desktop/github/emersonalmeida/emersonalmeida.github.io/project/uni/uni_v7.4.py", line 1868, in coletar_reviews_google_play
    "most_helpful": Sort.HELPFULNESS
  File "/Library/Developer/CommandLineTools/Library/Frameworks/Python3.framework/Versions/3.9/lib/python3.9/enum.py", line 429, in __getattr__
    raise AttributeError(name) from None
AttributeError: HELPFULNESS

2025-12-12 04:39:01,921 - UNI_v7.4 - ERROR - Google Play Reviews: Erro inesperado: HELPFULNESS
2025-12-12 04:39:01,922 - UNI_v7.4 - DEBUG - Traceback (most recent call last):
  File "/Users/eas/Desktop/github/emersonalmeida/emersonalmeida.github.io/project/uni/uni_v7.4.py", line 1868, in coletar_reviews_google_play
    "most_helpful": Sort.HELPFULNESS
  File "/Library/Developer/CommandLineTools/Library/Frameworks/Python3.framework/Versions/3.9/lib/python3.9/enum.py", line 429, in __getattr__
    raise AttributeError(name) from None
AttributeError: HELPFULNESS

2025-12-12 04:39:01,922 - UNI_v7.4 - INFO - : JSON salvo em metadados_coleta.json
2025-12-12 04:39:01,932 - UNI_v7.4 - INFO - AppStore-Google Play: Salvo 5 registros com 28 colunas em appstore_google_play.csv (21.6 KB)
2025-12-12 04:39:01,932 - UNI_v7.4 - INFO - Iniciando criação da base de dados consolidada...
2025-12-12 04:39:01,943 - UNI_v7.4 - INFO - Base de dados consolidada salva: 5 registros, 35 colunas, 22.1 KB
2025-12-12 04:39:01,945 - UNI_v7.4 - WARNING - Não foi possível salvar Excel: No module named 'openpyxl'
2025-12-12 04:39:01,945 - UNI_v7.4 - WARNING - Não foi possível salvar Parquet: Unable to find a usable engine; tried using: 'pyarrow', 'fastparquet'.
A suitable version of pyarrow or fastparquet is required for parquet support.
Trying to import the above resulted in these errors:
 - Missing optional dependency 'pyarrow'. pyarrow is required for parquet support. Use pip or conda to install pyarrow.
 - Missing optional dependency 'fastparquet'. fastparquet is required for parquet support. Use pip or conda to install fastparquet.
2025-12-12 04:39:01,953 - UNI_v7.4 - INFO - Resumo: JSON salvo em resumo_estatistico_bitcoin_20251212_043901.json
2025-12-12 04:39:01,953 - UNI_v7.4 - INFO - : JSON salvo em resultados_completos.json
2025-12-12 04:39:01,959 - UNI_v7.4 - INFO - Qualidade: JSON salvo em analise_qualidade.json
2025-12-12 04:55:55,037 - UNI_v7.4 - INFO - Apple App Store: Iniciando coleta para 'bitcoin' (limite: 10, tentativa 1/3)
2025-12-12 04:55:55,037 - Base - INFO - Searching for app id
2025-12-12 04:55:55,037 - Base - DEBUG - Making a GET request: https://www.google.com/search
2025-12-12 04:55:55,053 - urllib3.connectionpool - DEBUG - Starting new HTTPS connection (1): www.google.com:443
2025-12-12 04:55:55,267 - urllib3.connectionpool - DEBUG - https://www.google.com:443 "GET /search?q=app+store+bitcoin HTTP/1.1" 200 None
2025-12-12 04:55:55,352 - UNI_v7.4 - WARNING - Apple App Store: Tentativa 1 falhou: 'NoneType' object has no attribute 'group'
2025-12-12 04:55:57,358 - UNI_v7.4 - INFO - Apple App Store: Iniciando coleta para 'bitcoin' (limite: 10, tentativa 2/3)
2025-12-12 04:55:57,358 - Base - INFO - Searching for app id
2025-12-12 04:55:57,358 - Base - DEBUG - Making a GET request: https://www.google.com/search
2025-12-12 04:55:57,363 - urllib3.connectionpool - DEBUG - Starting new HTTPS connection (1): www.google.com:443
2025-12-12 04:55:57,574 - urllib3.connectionpool - DEBUG - https://www.google.com:443 "GET /search?q=app+store+bitcoin HTTP/1.1" 200 None
2025-12-12 04:55:57,599 - UNI_v7.4 - WARNING - Apple App Store: Tentativa 2 falhou: 'NoneType' object has no attribute 'group'
2025-12-12 04:55:59,600 - UNI_v7.4 - INFO - Apple App Store: Iniciando coleta para 'bitcoin' (limite: 10, tentativa 3/3)
2025-12-12 04:55:59,601 - Base - INFO - Searching for app id
2025-12-12 04:55:59,601 - Base - DEBUG - Making a GET request: https://www.google.com/search
2025-12-12 04:55:59,603 - urllib3.connectionpool - DEBUG - Starting new HTTPS connection (1): www.google.com:443
2025-12-12 04:55:59,822 - urllib3.connectionpool - DEBUG - https://www.google.com:443 "GET /search?q=app+store+bitcoin HTTP/1.1" 200 None
2025-12-12 04:55:59,904 - UNI_v7.4 - WARNING - Apple App Store: Tentativa 3 falhou: 'NoneType' object has no attribute 'group'
2025-12-12 04:55:59,904 - UNI_v7.4 - ERROR - Apple App Store: Todas as tentativas falharam
2025-12-12 04:55:59,918 - UNI_v7.4 - DEBUG - Traceback (most recent call last):
  File "/Users/eas/Desktop/github/emersonalmeida/emersonalmeida.github.io/project/uni/uni_v7.4.py", line 2033, in coletar_apple_store
    store = AppStore(country=country, app_name=term)
  File "/Users/eas/Library/Python/3.9/lib/python/site-packages/app_store_scraper/app_store.py", line 23, in __init__
    super().__init__(
  File "/Users/eas/Library/Python/3.9/lib/python/site-packages/app_store_scraper/base.py", line 47, in __init__
    app_id = self.search_id()
  File "/Users/eas/Library/Python/3.9/lib/python/site-packages/app_store_scraper/base.py", line 175, in search_id
    app_id = re.search(pattern, self._response.text).group(1)
AttributeError: 'NoneType' object has no attribute 'group'

2025-12-12 04:55:59,927 - UNI_v7.4 - INFO - Google Play: Iniciando coleta para 'bitcoin' (limite: 10, tentativa 1/3)
2025-12-12 04:56:03,624 - UNI_v7.4 - INFO - Google Play: Coletados 10 resultados com sucesso
2025-12-12 04:56:03,624 - UNI_v7.4 - ERROR - Google Play Reviews: Erro inesperado: HELPFULNESS
2025-12-12 04:56:03,626 - UNI_v7.4 - DEBUG - Traceback (most recent call last):
  File "/Users/eas/Desktop/github/emersonalmeida/emersonalmeida.github.io/project/uni/uni_v7.4.py", line 1868, in coletar_reviews_google_play
    "most_helpful": Sort.HELPFULNESS
  File "/Library/Developer/CommandLineTools/Library/Frameworks/Python3.framework/Versions/3.9/lib/python3.9/enum.py", line 429, in __getattr__
    raise AttributeError(name) from None
AttributeError: HELPFULNESS

2025-12-12 04:56:03,626 - UNI_v7.4 - ERROR - Google Play Reviews: Erro inesperado: HELPFULNESS
2025-12-12 04:56:03,626 - UNI_v7.4 - DEBUG - Traceback (most recent call last):
  File "/Users/eas/Desktop/github/emersonalmeida/emersonalmeida.github.io/project/uni/uni_v7.4.py", line 1868, in coletar_reviews_google_play
    "most_helpful": Sort.HELPFULNESS
  File "/Library/Developer/CommandLineTools/Library/Frameworks/Python3.framework/Versions/3.9/lib/python3.9/enum.py", line 429, in __getattr__
    raise AttributeError(name) from None
AttributeError: HELPFULNESS

2025-12-12 04:56:03,626 - UNI_v7.4 - ERROR - Google Play Reviews: Erro inesperado: HELPFULNESS
2025-12-12 04:56:03,626 - UNI_v7.4 - DEBUG - Traceback (most recent call last):
  File "/Users/eas/Desktop/github/emersonalmeida/emersonalmeida.github.io/project/uni/uni_v7.4.py", line 1868, in coletar_reviews_google_play
    "most_helpful": Sort.HELPFULNESS
  File "/Library/Developer/CommandLineTools/Library/Frameworks/Python3.framework/Versions/3.9/lib/python3.9/enum.py", line 429, in __getattr__
    raise AttributeError(name) from None
AttributeError: HELPFULNESS

2025-12-12 04:56:03,626 - UNI_v7.4 - ERROR - Google Play Reviews: Erro inesperado: HELPFULNESS
2025-12-12 04:56:03,626 - UNI_v7.4 - DEBUG - Traceback (most recent call last):
  File "/Users/eas/Desktop/github/emersonalmeida/emersonalmeida.github.io/project/uni/uni_v7.4.py", line 1868, in coletar_reviews_google_play
    "most_helpful": Sort.HELPFULNESS
  File "/Library/Developer/CommandLineTools/Library/Frameworks/Python3.framework/Versions/3.9/lib/python3.9/enum.py", line 429, in __getattr__
    raise AttributeError(name) from None
AttributeError: HELPFULNESS

2025-12-12 04:56:03,626 - UNI_v7.4 - ERROR - Google Play Reviews: Erro inesperado: HELPFULNESS
2025-12-12 04:56:03,626 - UNI_v7.4 - DEBUG - Traceback (most recent call last):
  File "/Users/eas/Desktop/github/emersonalmeida/emersonalmeida.github.io/project/uni/uni_v7.4.py", line 1868, in coletar_reviews_google_play
    "most_helpful": Sort.HELPFULNESS
  File "/Library/Developer/CommandLineTools/Library/Frameworks/Python3.framework/Versions/3.9/lib/python3.9/enum.py", line 429, in __getattr__
    raise AttributeError(name) from None
AttributeError: HELPFULNESS

2025-12-12 04:56:03,627 - UNI_v7.4 - ERROR - Google Play Reviews: Erro inesperado: HELPFULNESS
2025-12-12 04:56:03,627 - UNI_v7.4 - DEBUG - Traceback (most recent call last):
  File "/Users/eas/Desktop/github/emersonalmeida/emersonalmeida.github.io/project/uni/uni_v7.4.py", line 1868, in coletar_reviews_google_play
    "most_helpful": Sort.HELPFULNESS
  File "/Library/Developer/CommandLineTools/Library/Frameworks/Python3.framework/Versions/3.9/lib/python3.9/enum.py", line 429, in __getattr__
    raise AttributeError(name) from None
AttributeError: HELPFULNESS

2025-12-12 04:56:03,627 - UNI_v7.4 - ERROR - Google Play Reviews: Erro inesperado: HELPFULNESS
2025-12-12 04:56:03,627 - UNI_v7.4 - DEBUG - Traceback (most recent call last):
  File "/Users/eas/Desktop/github/emersonalmeida/emersonalmeida.github.io/project/uni/uni_v7.4.py", line 1868, in coletar_reviews_google_play
    "most_helpful": Sort.HELPFULNESS
  File "/Library/Developer/CommandLineTools/Library/Frameworks/Python3.framework/Versions/3.9/lib/python3.9/enum.py", line 429, in __getattr__
    raise AttributeError(name) from None
AttributeError: HELPFULNESS

2025-12-12 04:56:03,627 - UNI_v7.4 - ERROR - Google Play Reviews: Erro inesperado: HELPFULNESS
2025-12-12 04:56:03,627 - UNI_v7.4 - DEBUG - Traceback (most recent call last):
  File "/Users/eas/Desktop/github/emersonalmeida/emersonalmeida.github.io/project/uni/uni_v7.4.py", line 1868, in coletar_reviews_google_play
    "most_helpful": Sort.HELPFULNESS
  File "/Library/Developer/CommandLineTools/Library/Frameworks/Python3.framework/Versions/3.9/lib/python3.9/enum.py", line 429, in __getattr__
    raise AttributeError(name) from None
AttributeError: HELPFULNESS

2025-12-12 04:56:03,627 - UNI_v7.4 - ERROR - Google Play Reviews: Erro inesperado: HELPFULNESS
2025-12-12 04:56:03,627 - UNI_v7.4 - DEBUG - Traceback (most recent call last):
  File "/Users/eas/Desktop/github/emersonalmeida/emersonalmeida.github.io/project/uni/uni_v7.4.py", line 1868, in coletar_reviews_google_play
    "most_helpful": Sort.HELPFULNESS
  File "/Library/Developer/CommandLineTools/Library/Frameworks/Python3.framework/Versions/3.9/lib/python3.9/enum.py", line 429, in __getattr__
    raise AttributeError(name) from None
AttributeError: HELPFULNESS

2025-12-12 04:56:03,627 - UNI_v7.4 - ERROR - Google Play Reviews: Erro inesperado: HELPFULNESS
2025-12-12 04:56:03,627 - UNI_v7.4 - DEBUG - Traceback (most recent call last):
  File "/Users/eas/Desktop/github/emersonalmeida/emersonalmeida.github.io/project/uni/uni_v7.4.py", line 1868, in coletar_reviews_google_play
    "most_helpful": Sort.HELPFULNESS
  File "/Library/Developer/CommandLineTools/Library/Frameworks/Python3.framework/Versions/3.9/lib/python3.9/enum.py", line 429, in __getattr__
    raise AttributeError(name) from None
AttributeError: HELPFULNESS

2025-12-12 04:56:03,627 - UNI_v7.4 - ERROR - Google Play Reviews: Erro inesperado: HELPFULNESS
2025-12-12 04:56:03,627 - UNI_v7.4 - DEBUG - Traceback (most recent call last):
  File "/Users/eas/Desktop/github/emersonalmeida/emersonalmeida.github.io/project/uni/uni_v7.4.py", line 1868, in coletar_reviews_google_play
    "most_helpful": Sort.HELPFULNESS
  File "/Library/Developer/CommandLineTools/Library/Frameworks/Python3.framework/Versions/3.9/lib/python3.9/enum.py", line 429, in __getattr__
    raise AttributeError(name) from None
AttributeError: HELPFULNESS

2025-12-12 04:56:03,627 - UNI_v7.4 - ERROR - Google Play Reviews: Erro inesperado: HELPFULNESS
2025-12-12 04:56:03,627 - UNI_v7.4 - DEBUG - Traceback (most recent call last):
  File "/Users/eas/Desktop/github/emersonalmeida/emersonalmeida.github.io/project/uni/uni_v7.4.py", line 1868, in coletar_reviews_google_play
    "most_helpful": Sort.HELPFULNESS
  File "/Library/Developer/CommandLineTools/Library/Frameworks/Python3.framework/Versions/3.9/lib/python3.9/enum.py", line 429, in __getattr__
    raise AttributeError(name) from None
AttributeError: HELPFULNESS

2025-12-12 04:56:03,627 - UNI_v7.4 - ERROR - Google Play Reviews: Erro inesperado: HELPFULNESS
2025-12-12 04:56:03,627 - UNI_v7.4 - DEBUG - Traceback (most recent call last):
  File "/Users/eas/Desktop/github/emersonalmeida/emersonalmeida.github.io/project/uni/uni_v7.4.py", line 1868, in coletar_reviews_google_play
    "most_helpful": Sort.HELPFULNESS
  File "/Library/Developer/CommandLineTools/Library/Frameworks/Python3.framework/Versions/3.9/lib/python3.9/enum.py", line 429, in __getattr__
    raise AttributeError(name) from None
AttributeError: HELPFULNESS

2025-12-12 04:56:03,627 - UNI_v7.4 - ERROR - Google Play Reviews: Erro inesperado: HELPFULNESS
2025-12-12 04:56:03,628 - UNI_v7.4 - DEBUG - Traceback (most recent call last):
  File "/Users/eas/Desktop/github/emersonalmeida/emersonalmeida.github.io/project/uni/uni_v7.4.py", line 1868, in coletar_reviews_google_play
    "most_helpful": Sort.HELPFULNESS
  File "/Library/Developer/CommandLineTools/Library/Frameworks/Python3.framework/Versions/3.9/lib/python3.9/enum.py", line 429, in __getattr__
    raise AttributeError(name) from None
AttributeError: HELPFULNESS

2025-12-12 04:56:03,628 - UNI_v7.4 - ERROR - Google Play Reviews: Erro inesperado: HELPFULNESS
2025-12-12 04:56:03,628 - UNI_v7.4 - DEBUG - Traceback (most recent call last):
  File "/Users/eas/Desktop/github/emersonalmeida/emersonalmeida.github.io/project/uni/uni_v7.4.py", line 1868, in coletar_reviews_google_play
    "most_helpful": Sort.HELPFULNESS
  File "/Library/Developer/CommandLineTools/Library/Frameworks/Python3.framework/Versions/3.9/lib/python3.9/enum.py", line 429, in __getattr__
    raise AttributeError(name) from None
AttributeError: HELPFULNESS

2025-12-12 04:56:03,628 - UNI_v7.4 - ERROR - Google Play Reviews: Erro inesperado: HELPFULNESS
2025-12-12 04:56:03,628 - UNI_v7.4 - DEBUG - Traceback (most recent call last):
  File "/Users/eas/Desktop/github/emersonalmeida/emersonalmeida.github.io/project/uni/uni_v7.4.py", line 1868, in coletar_reviews_google_play
    "most_helpful": Sort.HELPFULNESS
  File "/Library/Developer/CommandLineTools/Library/Frameworks/Python3.framework/Versions/3.9/lib/python3.9/enum.py", line 429, in __getattr__
    raise AttributeError(name) from None
AttributeError: HELPFULNESS

2025-12-12 04:56:03,628 - UNI_v7.4 - ERROR - Google Play Reviews: Erro inesperado: HELPFULNESS
2025-12-12 04:56:03,628 - UNI_v7.4 - DEBUG - Traceback (most recent call last):
  File "/Users/eas/Desktop/github/emersonalmeida/emersonalmeida.github.io/project/uni/uni_v7.4.py", line 1868, in coletar_reviews_google_play
    "most_helpful": Sort.HELPFULNESS
  File "/Library/Developer/CommandLineTools/Library/Frameworks/Python3.framework/Versions/3.9/lib/python3.9/enum.py", line 429, in __getattr__
    raise AttributeError(name) from None
AttributeError: HELPFULNESS

2025-12-12 04:56:03,628 - UNI_v7.4 - ERROR - Google Play Reviews: Erro inesperado: HELPFULNESS
2025-12-12 04:56:03,628 - UNI_v7.4 - DEBUG - Traceback (most recent call last):
  File "/Users/eas/Desktop/github/emersonalmeida/emersonalmeida.github.io/project/uni/uni_v7.4.py", line 1868, in coletar_reviews_google_play
    "most_helpful": Sort.HELPFULNESS
  File "/Library/Developer/CommandLineTools/Library/Frameworks/Python3.framework/Versions/3.9/lib/python3.9/enum.py", line 429, in __getattr__
    raise AttributeError(name) from None
AttributeError: HELPFULNESS

2025-12-12 04:56:03,628 - UNI_v7.4 - ERROR - Google Play Reviews: Erro inesperado: HELPFULNESS
2025-12-12 04:56:03,628 - UNI_v7.4 - DEBUG - Traceback (most recent call last):
  File "/Users/eas/Desktop/github/emersonalmeida/emersonalmeida.github.io/project/uni/uni_v7.4.py", line 1868, in coletar_reviews_google_play
    "most_helpful": Sort.HELPFULNESS
  File "/Library/Developer/CommandLineTools/Library/Frameworks/Python3.framework/Versions/3.9/lib/python3.9/enum.py", line 429, in __getattr__
    raise AttributeError(name) from None
AttributeError: HELPFULNESS

2025-12-12 04:56:03,628 - UNI_v7.4 - ERROR - Google Play Reviews: Erro inesperado: HELPFULNESS
2025-12-12 04:56:03,628 - UNI_v7.4 - DEBUG - Traceback (most recent call last):
  File "/Users/eas/Desktop/github/emersonalmeida/emersonalmeida.github.io/project/uni/uni_v7.4.py", line 1868, in coletar_reviews_google_play
    "most_helpful": Sort.HELPFULNESS
  File "/Library/Developer/CommandLineTools/Library/Frameworks/Python3.framework/Versions/3.9/lib/python3.9/enum.py", line 429, in __getattr__
    raise AttributeError(name) from None
AttributeError: HELPFULNESS

2025-12-12 04:56:03,628 - UNI_v7.4 - ERROR - Google Play Reviews: Erro inesperado: HELPFULNESS
2025-12-12 04:56:03,628 - UNI_v7.4 - DEBUG - Traceback (most recent call last):
  File "/Users/eas/Desktop/github/emersonalmeida/emersonalmeida.github.io/project/uni/uni_v7.4.py", line 1868, in coletar_reviews_google_play
    "most_helpful": Sort.HELPFULNESS
  File "/Library/Developer/CommandLineTools/Library/Frameworks/Python3.framework/Versions/3.9/lib/python3.9/enum.py", line 429, in __getattr__
    raise AttributeError(name) from None
AttributeError: HELPFULNESS

2025-12-12 04:56:03,628 - UNI_v7.4 - ERROR - Google Play Reviews: Erro inesperado: HELPFULNESS
2025-12-12 04:56:03,628 - UNI_v7.4 - DEBUG - Traceback (most recent call last):
  File "/Users/eas/Desktop/github/emersonalmeida/emersonalmeida.github.io/project/uni/uni_v7.4.py", line 1868, in coletar_reviews_google_play
    "most_helpful": Sort.HELPFULNESS
  File "/Library/Developer/CommandLineTools/Library/Frameworks/Python3.framework/Versions/3.9/lib/python3.9/enum.py", line 429, in __getattr__
    raise AttributeError(name) from None
AttributeError: HELPFULNESS

2025-12-12 04:56:03,628 - UNI_v7.4 - ERROR - Google Play Reviews: Erro inesperado: HELPFULNESS
2025-12-12 04:56:03,628 - UNI_v7.4 - DEBUG - Traceback (most recent call last):
  File "/Users/eas/Desktop/github/emersonalmeida/emersonalmeida.github.io/project/uni/uni_v7.4.py", line 1868, in coletar_reviews_google_play
    "most_helpful": Sort.HELPFULNESS
  File "/Library/Developer/CommandLineTools/Library/Frameworks/Python3.framework/Versions/3.9/lib/python3.9/enum.py", line 429, in __getattr__
    raise AttributeError(name) from None
AttributeError: HELPFULNESS

2025-12-12 04:56:03,629 - UNI_v7.4 - ERROR - Google Play Reviews: Erro inesperado: HELPFULNESS
2025-12-12 04:56:03,629 - UNI_v7.4 - DEBUG - Traceback (most recent call last):
  File "/Users/eas/Desktop/github/emersonalmeida/emersonalmeida.github.io/project/uni/uni_v7.4.py", line 1868, in coletar_reviews_google_play
    "most_helpful": Sort.HELPFULNESS
  File "/Library/Developer/CommandLineTools/Library/Frameworks/Python3.framework/Versions/3.9/lib/python3.9/enum.py", line 429, in __getattr__
    raise AttributeError(name) from None
AttributeError: HELPFULNESS

2025-12-12 04:56:03,629 - UNI_v7.4 - ERROR - Google Play Reviews: Erro inesperado: HELPFULNESS
2025-12-12 04:56:03,629 - UNI_v7.4 - DEBUG - Traceback (most recent call last):
  File "/Users/eas/Desktop/github/emersonalmeida/emersonalmeida.github.io/project/uni/uni_v7.4.py", line 1868, in coletar_reviews_google_play
    "most_helpful": Sort.HELPFULNESS
  File "/Library/Developer/CommandLineTools/Library/Frameworks/Python3.framework/Versions/3.9/lib/python3.9/enum.py", line 429, in __getattr__
    raise AttributeError(name) from None
AttributeError: HELPFULNESS

2025-12-12 04:56:03,629 - UNI_v7.4 - ERROR - Google Play Reviews: Erro inesperado: HELPFULNESS
2025-12-12 04:56:03,629 - UNI_v7.4 - DEBUG - Traceback (most recent call last):
  File "/Users/eas/Desktop/github/emersonalmeida/emersonalmeida.github.io/project/uni/uni_v7.4.py", line 1868, in coletar_reviews_google_play
    "most_helpful": Sort.HELPFULNESS
  File "/Library/Developer/CommandLineTools/Library/Frameworks/Python3.framework/Versions/3.9/lib/python3.9/enum.py", line 429, in __getattr__
    raise AttributeError(name) from None
AttributeError: HELPFULNESS

2025-12-12 04:56:03,629 - UNI_v7.4 - ERROR - Google Play Reviews: Erro inesperado: HELPFULNESS
2025-12-12 04:56:03,629 - UNI_v7.4 - DEBUG - Traceback (most recent call last):
  File "/Users/eas/Desktop/github/emersonalmeida/emersonalmeida.github.io/project/uni/uni_v7.4.py", line 1868, in coletar_reviews_google_play
    "most_helpful": Sort.HELPFULNESS
  File "/Library/Developer/CommandLineTools/Library/Frameworks/Python3.framework/Versions/3.9/lib/python3.9/enum.py", line 429, in __getattr__
    raise AttributeError(name) from None
AttributeError: HELPFULNESS

2025-12-12 04:56:03,629 - UNI_v7.4 - ERROR - Google Play Reviews: Erro inesperado: HELPFULNESS
2025-12-12 04:56:03,629 - UNI_v7.4 - DEBUG - Traceback (most recent call last):
  File "/Users/eas/Desktop/github/emersonalmeida/emersonalmeida.github.io/project/uni/uni_v7.4.py", line 1868, in coletar_reviews_google_play
    "most_helpful": Sort.HELPFULNESS
  File "/Library/Developer/CommandLineTools/Library/Frameworks/Python3.framework/Versions/3.9/lib/python3.9/enum.py", line 429, in __getattr__
    raise AttributeError(name) from None
AttributeError: HELPFULNESS

2025-12-12 04:56:03,629 - UNI_v7.4 - ERROR - Google Play Reviews: Erro inesperado: HELPFULNESS
2025-12-12 04:56:03,629 - UNI_v7.4 - DEBUG - Traceback (most recent call last):
  File "/Users/eas/Desktop/github/emersonalmeida/emersonalmeida.github.io/project/uni/uni_v7.4.py", line 1868, in coletar_reviews_google_play
    "most_helpful": Sort.HELPFULNESS
  File "/Library/Developer/CommandLineTools/Library/Frameworks/Python3.framework/Versions/3.9/lib/python3.9/enum.py", line 429, in __getattr__
    raise AttributeError(name) from None
AttributeError: HELPFULNESS

2025-12-12 04:56:03,629 - UNI_v7.4 - ERROR - Google Play Reviews: Erro inesperado: HELPFULNESS
2025-12-12 04:56:03,629 - UNI_v7.4 - DEBUG - Traceback (most recent call last):
  File "/Users/eas/Desktop/github/emersonalmeida/emersonalmeida.github.io/project/uni/uni_v7.4.py", line 1868, in coletar_reviews_google_play
    "most_helpful": Sort.HELPFULNESS
  File "/Library/Developer/CommandLineTools/Library/Frameworks/Python3.framework/Versions/3.9/lib/python3.9/enum.py", line 429, in __getattr__
    raise AttributeError(name) from None
AttributeError: HELPFULNESS

2025-12-12 04:56:03,630 - UNI_v7.4 - INFO - : JSON salvo em metadados_coleta.json
2025-12-12 04:56:03,661 - UNI_v7.4 - INFO - AppStore-Google Play: Salvo 10 registros com 28 colunas em appstore_google_play.csv (43.5 KB)
2025-12-12 04:56:03,662 - UNI_v7.4 - INFO - Iniciando criação da base de dados consolidada...
2025-12-12 04:56:03,668 - UNI_v7.4 - INFO - Base de dados consolidada salva: 10 registros, 35 colunas, 44.5 KB
2025-12-12 04:56:03,670 - UNI_v7.4 - WARNING - Não foi possível salvar Excel: No module named 'openpyxl'
2025-12-12 04:56:03,670 - UNI_v7.4 - WARNING - Não foi possível salvar Parquet: Unable to find a usable engine; tried using: 'pyarrow', 'fastparquet'.
A suitable version of pyarrow or fastparquet is required for parquet support.
Trying to import the above resulted in these errors:
 - Missing optional dependency 'pyarrow'. pyarrow is required for parquet support. Use pip or conda to install pyarrow.
 - Missing optional dependency 'fastparquet'. fastparquet is required for parquet support. Use pip or conda to install fastparquet.
2025-12-12 04:56:03,674 - UNI_v7.4 - INFO - Resumo: JSON salvo em resumo_estatistico_bitcoin_20251212_045603.json
2025-12-12 04:56:03,675 - UNI_v7.4 - INFO - : JSON salvo em resultados_completos.json
2025-12-12 04:56:03,679 - UNI_v7.4 - INFO - Qualidade: JSON salvo em analise_qualidade.json
2025-12-12 05:01:05,004 - UNI_v7.4 - INFO - Google Suggest: Iniciando coleta para 'bitcoin' (limite: 10)
2025-12-12 05:01:05,028 - urllib3.connectionpool - DEBUG - Starting new HTTPS connection (1): suggestqueries.google.com:443
2025-12-12 05:01:05,231 - urllib3.connectionpool - DEBUG - https://suggestqueries.google.com:443 "GET /complete/search?q=bitcoin&gl=br&client=chrome&hl=pt HTTP/1.1" 200 None
2025-12-12 05:01:05,233 - UNI_v7.4 - INFO - Google Suggest: Coletados 10 resultados com sucesso
2025-12-12 05:01:05,234 - UNI_v7.4 - INFO - Google Suggest: Iniciando coleta para 'bitcoin' (limite: 10)
2025-12-12 05:01:05,347 - urllib3.connectionpool - DEBUG - https://suggestqueries.google.com:443 "GET /complete/search?q=bitcoin&gl=br&client=chrome&hl=pt HTTP/1.1" 200 None
2025-12-12 05:01:05,350 - UNI_v7.4 - INFO - Google Suggest: Coletados 10 resultados com sucesso
2025-12-12 05:01:05,350 - UNI_v7.4 - INFO - Google Suggest: Iniciando coleta para 'bitcoin' (limite: 10)
2025-12-12 05:01:05,458 - urllib3.connectionpool - DEBUG - https://suggestqueries.google.com:443 "GET /complete/search?q=bitcoin&gl=br&client=chrome&hl=pt HTTP/1.1" 200 None
2025-12-12 05:01:05,459 - UNI_v7.4 - INFO - Google Suggest: Coletados 0 resultados com sucesso
2025-12-12 05:01:05,459 - UNI_v7.4 - INFO - Google Suggest: Iniciando coleta para 'bitcoin' (limite: 10)
2025-12-12 05:01:05,561 - urllib3.connectionpool - DEBUG - https://suggestqueries.google.com:443 "GET /complete/search?q=bitcoin&gl=br&client=chrome&hl=pt HTTP/1.1" 200 None
2025-12-12 05:01:05,563 - UNI_v7.4 - INFO - Google Suggest: Coletados 0 resultados com sucesso
2025-12-12 05:01:05,563 - UNI_v7.4 - INFO - Google Suggest: Iniciando coleta para 'bitcoin' (limite: 10)
2025-12-12 05:01:05,664 - urllib3.connectionpool - DEBUG - https://suggestqueries.google.com:443 "GET /complete/search?q=bitcoin&gl=br&client=chrome&hl=pt&ds=yt HTTP/1.1" 200 299
2025-12-12 05:01:05,665 - UNI_v7.4 - INFO - Google Suggest: Coletados 10 resultados com sucesso
2025-12-12 05:01:05,665 - UNI_v7.4 - INFO - Google Suggest: Iniciando coleta para 'bitcoin' (limite: 10)
2025-12-12 05:01:05,763 - urllib3.connectionpool - DEBUG - https://suggestqueries.google.com:443 "GET /complete/search?q=bitcoin&gl=br&client=chrome&hl=pt&ds=yt HTTP/1.1" 200 299
2025-12-12 05:01:05,763 - UNI_v7.4 - INFO - Google Suggest: Coletados 10 resultados com sucesso
2025-12-12 05:01:05,764 - UNI_v7.4 - INFO - Google Suggest: Iniciando coleta para 'bitcoin' (limite: 10)
2025-12-12 05:01:05,866 - urllib3.connectionpool - DEBUG - https://suggestqueries.google.com:443 "GET /complete/search?q=bitcoin&gl=br&client=chrome&hl=pt&ds=yt HTTP/1.1" 200 299
2025-12-12 05:01:05,868 - UNI_v7.4 - INFO - Google Suggest: Coletados 0 resultados com sucesso
2025-12-12 05:01:05,868 - UNI_v7.4 - INFO - Google Suggest: Iniciando coleta para 'bitcoin' (limite: 10)
2025-12-12 05:01:05,967 - urllib3.connectionpool - DEBUG - https://suggestqueries.google.com:443 "GET /complete/search?q=bitcoin&gl=br&client=chrome&hl=pt&ds=yt HTTP/1.1" 200 299
2025-12-12 05:01:05,969 - UNI_v7.4 - INFO - Google Suggest: Coletados 0 resultados com sucesso
2025-12-12 05:01:05,970 - UNI_v7.4 - INFO - Google: Iniciando coleta para 'bitcoin' (limite: 10, tentativa 1/3)
2025-12-12 05:01:05,971 - UNI_v7.4 - INFO - Bing: Iniciando coleta para 'bitcoin' (limite: 10, tentativa 1/3)
2025-12-12 05:01:05,972 - UNI_v7.4 - INFO - Brave: Iniciando coleta para 'bitcoin' (limite: 10, tentativa 1/3)
2025-12-12 05:01:05,972 - UNI_v7.4 - INFO - DuckDuckGo: Iniciando coleta para 'bitcoin' (limite: 10, tentativa 1/3)
2025-12-12 05:01:05,977 - googleapiclient.discovery_cache - INFO - file_cache is only supported with oauth2client<4.0.0
2025-12-12 05:01:05,981 - googleapiclient.discovery - DEBUG - URL being requested: GET https://customsearch.googleapis.com/customsearch/v1?q=bitcoin&cx=f07ccd3b922d6437b&gl=br&lr=lang_pt&start=1&num=10&safe=off&key=AIzaSyBj80B2fwVvFEMtcQU8tPV_NCNaEmQvzhc&alt=json
2025-12-12 05:01:05,997 - urllib3.connectionpool - DEBUG - Starting new HTTPS connection (1): serpapi.com:443
2025-12-12 05:01:05,997 - urllib3.connectionpool - DEBUG - Starting new HTTPS connection (1): api.search.brave.com:443
2025-12-12 05:01:06,075 - urllib3.connectionpool - DEBUG - https://serpapi.com:443 "GET /search?engine=bing&q=bitcoin&cc=br&count=10&api_key=e71430bcff8bdc906f7a5ed9ae1538355c2efb0fb88ffa071f7125a76cc2b142&safe=off HTTP/1.1" 200 None
2025-12-12 05:01:06,076 - UNI_v7.4 - INFO - Bing: Coletados 10 resultados com sucesso
2025-12-12 05:01:06,122 - primp.utils - DEBUG - Loaded CA certs
2025-12-12 05:01:06,132 - primp.utils - DEBUG - Loaded CA certs
2025-12-12 05:01:06,132 - primp.utils - DEBUG - Loaded CA certs
2025-12-12 05:01:06,132 - primp.utils - DEBUG - Loaded CA certs
2025-12-12 05:01:06,132 - primp.utils - DEBUG - Loaded CA certs
2025-12-12 05:01:06,132 - primp.utils - DEBUG - Loaded CA certs
2025-12-12 05:01:06,132 - primp.utils - DEBUG - Loaded CA certs
2025-12-12 05:01:06,132 - primp.utils - DEBUG - Loaded CA certs
2025-12-12 05:01:06,134 - httpcore.connection - DEBUG - connect_tcp.started host='html.duckduckgo.com' port=443 local_address=None timeout=5 socket_options=None
2025-12-12 05:01:06,136 - rquest.connect - DEBUG - starting new connection: https://en.wikipedia.org/
2025-12-12 05:01:06,136 - rquest.util.client.connect.dns - DEBUG - resolving en.wikipedia.org
2025-12-12 05:01:06,147 - rquest.util.client.connect.http - DEBUG - connecting to 195.200.68.224:443
2025-12-12 05:01:06,168 - rquest.util.client.connect.http - DEBUG - connected to 195.200.68.224:443
2025-12-12 05:01:06,196 - rquest.util.client.pool - DEBUG - pooling idle connection for PoolKey { uri: https://en.wikipedia.org/, alpn_protos: None, network: default }
2025-12-12 05:01:06,345 - httpcore.connection - DEBUG - connect_tcp.complete return_value=<httpcore._backends.sync.SyncStream object at 0x1104606d0>
2025-12-12 05:01:06,345 - httpcore.connection - DEBUG - start_tls.started ssl_context=<ssl.SSLContext object at 0x110450120> server_hostname='html.duckduckgo.com' timeout=5
2025-12-12 05:01:06,379 - httpcore.connection - DEBUG - start_tls.complete return_value=<httpcore._backends.sync.SyncStream object at 0x1104606a0>
2025-12-12 05:01:06,380 - httpcore.http2 - DEBUG - send_connection_init.started request=<Request [b'POST']>
2025-12-12 05:01:06,380 - httpcore.http2 - DEBUG - send_connection_init.complete
2025-12-12 05:01:06,380 - httpcore.http2 - DEBUG - send_request_headers.started request=<Request [b'POST']> stream_id=1
2025-12-12 05:01:06,380 - hpack.hpack - DEBUG - Adding (b':method', b'POST') to the header table, sensitive:False, huffman:True
2025-12-12 05:01:06,380 - hpack.hpack - DEBUG - Encoding 3 with 7 bits
2025-12-12 05:01:06,380 - hpack.hpack - DEBUG - Adding (b':authority', b'html.duckduckgo.com') to the header table, sensitive:False, huffman:True
2025-12-12 05:01:06,380 - hpack.hpack - DEBUG - Encoding 1 with 6 bits
2025-12-12 05:01:06,380 - hpack.hpack - DEBUG - Encoding 14 with 7 bits
2025-12-12 05:01:06,380 - hpack.hpack - DEBUG - Adding (b':scheme', b'https') to the header table, sensitive:False, huffman:True
2025-12-12 05:01:06,380 - hpack.hpack - DEBUG - Encoding 7 with 7 bits
2025-12-12 05:01:06,381 - hpack.hpack - DEBUG - Adding (b':path', b'/html/') to the header table, sensitive:False, huffman:True
2025-12-12 05:01:06,381 - hpack.hpack - DEBUG - Encoding 4 with 6 bits
2025-12-12 05:01:06,381 - hpack.hpack - DEBUG - Encoding 5 with 7 bits
2025-12-12 05:01:06,381 - hpack.hpack - DEBUG - Adding (b'accept', b'*/*') to the header table, sensitive:False, huffman:True
2025-12-12 05:01:06,381 - hpack.hpack - DEBUG - Encoding 19 with 6 bits
2025-12-12 05:01:06,381 - hpack.hpack - DEBUG - Encoding 3 with 7 bits
2025-12-12 05:01:06,381 - hpack.hpack - DEBUG - Adding (b'accept-encoding', b'gzip, deflate, br') to the header table, sensitive:False, huffman:True
2025-12-12 05:01:06,381 - hpack.hpack - DEBUG - Encoding 16 with 6 bits
2025-12-12 05:01:06,381 - hpack.hpack - DEBUG - Encoding 13 with 7 bits
2025-12-12 05:01:06,381 - hpack.hpack - DEBUG - Adding (b'user-agent', b'python-httpx/0.28.1') to the header table, sensitive:False, huffman:True
2025-12-12 05:01:06,381 - hpack.hpack - DEBUG - Encoding 58 with 6 bits
2025-12-12 05:01:06,381 - hpack.hpack - DEBUG - Encoding 14 with 7 bits
2025-12-12 05:01:06,381 - hpack.hpack - DEBUG - Adding (b'content-length', b'20') to the header table, sensitive:False, huffman:True
2025-12-12 05:01:06,381 - hpack.hpack - DEBUG - Encoding 28 with 6 bits
2025-12-12 05:01:06,381 - hpack.hpack - DEBUG - Encoding 2 with 7 bits
2025-12-12 05:01:06,381 - hpack.hpack - DEBUG - Adding (b'content-type', b'application/x-www-form-urlencoded') to the header table, sensitive:False, huffman:True
2025-12-12 05:01:06,381 - hpack.hpack - DEBUG - Encoding 31 with 6 bits
2025-12-12 05:01:06,381 - hpack.hpack - DEBUG - Encoding 24 with 7 bits
2025-12-12 05:01:06,381 - hpack.hpack - DEBUG - Encoded header block to b"\x83A\x8e\x9d4\xd0\xbc\x96\x93\xac\x96\x93\xac\xc7\\\x87\xa7\x87D\x85bt\xd3C\x1fS\x83\xf9c\xe7P\x8d\x9b\xd9\xab\xfaRB\xcb@\xd2_\xa5#\xb3z\x8e\xaf\xd2g=KN\x94\xd7\xe5\x80.'\x97\x0f\\\x82\x10?_\x98\x1du\xd0b\r&=Ly[\xc7\x8f\x0bJ{)Z\xdb(-D<\x85\x93"
2025-12-12 05:01:06,381 - httpcore.http2 - DEBUG - send_request_headers.complete
2025-12-12 05:01:06,381 - httpcore.http2 - DEBUG - send_request_body.started request=<Request [b'POST']> stream_id=1
2025-12-12 05:01:06,381 - httpcore.http2 - DEBUG - send_request_body.complete
2025-12-12 05:01:06,381 - httpcore.http2 - DEBUG - receive_response_headers.started request=<Request [b'POST']> stream_id=1
2025-12-12 05:01:06,381 - httpcore.http2 - DEBUG - receive_remote_settings.started
2025-12-12 05:01:06,382 - httpcore.http2 - DEBUG - receive_remote_settings.complete return_value=<RemoteSettingsChanged changed_settings:{ChangedSetting(setting=SettingCodes.MAX_CONCURRENT_STREAMS, original_value=None, new_value=100), ChangedSetting(setting=SettingCodes.INITIAL_WINDOW_SIZE, original_value=65535, new_value=65536), ChangedSetting(setting=SettingCodes.MAX_FRAME_SIZE, original_value=16384, new_value=16777215)}>
2025-12-12 05:01:06,426 - hpack.hpack - DEBUG - Decoding b' H\x03202v\x84\xaacU\xe7a\x96\xc3a\xbe\x94\x08\x94\xbeR( \t\xb5\x00\xf5\xc0\x06\xe0\x1cS\x16\x8d\xff_\x92I|\xa5\x89\xd3M\x1fj\x12q\xd8\x82\xa6\x0e\x1b\xf0\xac\xf7\x00\x8aAl\xee[\x16I\xa95S\x7f\x9eI\xd2:>\xe4\xb6\xc8\x04\xdf\xdc\x85A \xfen\x8c\x9dKT\x8ao:GB\x9f\xfb\xab\xff\x9f\xcf\x00\x04vary\x85\xd5a\xa65_\x00\x91Bl1\x12\xb2l\x1dH\xac\xf6%d\x14\x96\xd8d\xfa\x8c\xa4~V\x1c\xc5\x81\x90\xb6\xcb\x80\x00?\x00\x89\xf2\xb5\x87\x8c\xe9B\xc9\x1c\xdf\x85\xa8\xe6\xaaB\xf9\x00\x8d\xac\xb6Rd \xc7\xa9\x0bVz\x0cO_\x8e5I-\x85BV!\xe7=\x89\x83\xfa\xfe\xff\x00\x90!\xeaIjJ\xc8)-\xb0\xc9\xf4\xb5g\xa0\xc4\xf5\xff\xe4\t\x90\xb2\x8e\xda\x12\xb2,"\x9f\xea\xa3\xd4_\xf4\xa7\xda\x84=U\x14\x89Y\x16\x11E\'JkE\xc6\x18\x92\xd2u\\fRt\xa6\xb4\\a\x8f\x95\xe4\xb4\x9dW\x19\x94\x9d)\xad\x17\x18bKI\xd6KI\xd6c\xaeC\xd2\xa4\xe9Mh\xb8\xc3\x1f+\xc9i:\xc9i:\xccu\xc8zT\x9d)\xad\x17\x18bKI\xd6KI\xd6c\xcd3B\xf3\xd0\xe4t^YGA\xa0\xfe\x0e;%\x8ebS\xdeSR9R\x97\x13\xe0s#\xc7\xb2{\x1c\x8b\x9e\xa3\x1e\xa6\x14\x9d)\xad\x17\x18a\x15\xd8Q\xc9]\x86\xee2z\\\x87\xa5O\xb5)\x1dF\x94\xa8J\xc8\xb0\x8a):SZ.0\xc4\x96\x93\xaa\xe32\x93\xa55\xa2\xe3\x0c|\xaf%\xa4\xea\xb8\xcc\xa4\xe9Mh\xb8\xc3\x12ZN\xb2ZN\xb3\x1dr\x1e\x95\'JkE\xc6\x18\xf9^KI\xd6KI\xd6c\xaeC\xd2\xa4\xe9Mh\xb8\xc3\x12ZN\xb2ZN\xb3\x1ei\x9a\x17\x9e\x87#\xa2\xf2\xca:\r\x07\xf0q\xd9,s\x12\x9e\xf2\x9a\x91\xca\x94\xb8\x9f\x03\x99\x1e=\x93\xd8\xe4\\\xf5\x18\xf50\xa4\xe9Mh\xb8\xc3\x08\xae\xc2\x8eJ\xec7q\x93\xd2\xe4=*}\xa9Id0\xd6E\x84QI\xd2\x9a\xd1q\x86$\xb4\x9dW\x19\x94\x9d)\xad\x17\x18c\xe5y-\'U\xc6e\'JkE\xc6\x18\x92\xd2u\x92\xd2u\x98\xeb\x90\xf4\xa9:SZ.0\xc7\xca\xf2ZN\xb2ZN\xb3\x1dr\x1e\x95\'JkE\xc6\x18\x92\xd2u\x92\xd2u\x98\xf3L\xd0\xbc\xf49\x1d\x17\x96Q\xd0h?\x83\x8e\xc9c\x98\x94\xf7\x94\xd4\x8eT\xa5\xc4\xf8\x1c\xc8\xf1\xec\x9e\xc7"\xe7\xa8\xc7\xa9\x85\'JkE\xc6\x18Ev\x14rWa\xbb\x8c\x9e\x97!\xe9S\xedD\x12\xc3V\x95\x91a\x14\x8e\x83\xc7qE\'JkE\xc6\x18\x92\xd2u\\fRt\xa6\xb4\\a\x8f\x95\xe4\xb4\x9dW\x19\x94\x9d)\xad\x17\x18bKI\xd6KI\xd6c\xaeC\xd2\xa4\xe9Mh\xb8\xc3\x1f+\xc9i:\xc9i:\xccu\xc8zT\x9d)\xad\x17\x18bKI\xd6KI\xd6c\xcd3B\xf3\xd0\xe4t^YGA\xa0\xfe\x0e;%\x8ebS\xdeSR9R\x97\x13\xe0s#\xc7\xb2{\x1c\x8b\x9e\xa3\x1e\xa6\x14\x9d)\xad\x17\x18a\x15\xd8Q\xc9]\x86\xee2z\\\x87\xa5O\xb5%=IY\x16\x11I\x06\x91\xdcQI\xd2\x9a\xd1q\x86$\xb4\x9dW\x19\x94\x9d)\xad\x17\x18c\xe5y-\'U\xc6e\'JkE\xc6\x18\x92\xd2u\x92\xd2u\x98\xeb\x90\xf4\xa9:SZ.0\xc7\xca\xf2ZN\xb2ZN\xb3\x1dr\x1e\x95\'JkE\xc6\x18\x92\xd2u\x92\xd2u\x98\xf3L\xd0\xbc\xf49\x1d\x17\x96Q\xd0h?\x83\x8e\xc9c\x98\x94\xf7\x94\xd4\x8eT\xa5\xc4\xf8\x1c\xc8\xf1\xec\x9e\xc7"\xe7\xa8\xc7\xa9\x85\'JkE\xc6\x18Ev\x14rWa\xbb\x8c\x9e\x97!\xe9S\xedCS2\xc8\xb0\x8aH4\x8e\xe2\x8aN\x94\xd6\x8b\x8c1%\xa4\xea\xb8\xcc\xa4\xe9Mh\xb8\xc3\x1f+\xc9i:\xae3):SZ.0\xc4\x96\x93\xac\x96\x93\xac\xc7\\\x87\xa5I\xd2\x9a\xd1q\x86>W\x92\xd2u\x92\xd2u\x98\xeb\x90\xf4\xa9:SZ.0\xc4\x96\x93\xac\x96\x93\xac\xc7\x9af\x85\xe7\xa1\xc8\xe8\xbc\xb2\x8e\x83A\xfc\x1cvK\x1c\xc4\xa7\xbc\xa6\xa4r\xa5.\'\xc0\xe6G\x8fd\xf69\x17=F=L):SZ.0\xc2+\xb0\xa3\x92\xbb\r\xdcd\xf4\xb9\x0fJ\x9fj!>\xa8*\xc8\xb0\x8a):SZ.0\xc4\x96\x93\xaa\xe32\x93\xa55\xa2\xe3\x0c|\xaf%\xa4\xea\xb8\xcc\xa4\xe9Mh\xb8\xc3\x12ZN\xb2ZN\xb3\x1dr\x1e\x95\'JkE\xc6\x18\xf9^KI\xd6KI\xd6c\xaeC\xd2\xa4\xe9Mh\xb8\xc3\x12ZN\xb2ZN\xb3\x1ei\x9a\x17\x9e\x87#\xa2\xf2\xca:\r\x07\xf0q\xd9,s\x12\x9e\xf2\x9a\x91\xca\x94\xb8\x9f\x03\x99\x1e=\x93\xd8\xe4\\\xf5\x18\xf50\xa4\xe9Mh\xb8\xc3\x08\xae\xc2\x8eJ\xec7q\x93\xd2\xe4=*}\xa8x\xfa\x14\x89Y\x16\x11O\xf5Q\xea/\xfaS\xedO\x07\xb3\xa9lY\x16\x11H\xe8<w\x14\xfbP\x93\x9a\x89\x16E\x84R:\x0f\x1d\xc5\x14\x9d)\xad\x17\x18bKI\xd5q\x99I\xd2\x9a\xd1q\x86>W\x92\xd2u\\fRt\xa6\xb4\\a\x89-\'Y-\'Y\x8e\xb9\x0fJ\x93\xa55\xa2\xe3\x0c|\xaf%\xa4\xeb%\xa4\xeb1\xd7!\xe9Rt\xa6\xb4\\a\x89-\'Y-\'Y\x8f4\xcd\x0b\xcfC\x91\xd1ye\x1d\x06\x83\xf88\xec\x969\x89OyMH\xe5J\\O\x81\xcc\x8f\x1e\xc9\xecr.z\x8cz\x98Rt\xa6\xb4\\a\x84WaG%v\x1b\xb8\xc9\xe9r\x1e\x95>\xd4\x96\xc1\xd2U\x91a\x14\x8e\x83\xc7qE\'JkE\xc6\x18\x92\xd2u\\fRt\xa6\xb4\\a\x8f\x95\xe4\xb4\x9dW\x19\x94\x9d)\xad\x17\x18bKI\xd6KI\xd6c\xaeC\xd2\xa4\xe9Mh\xb8\xc3\x1f+\xc9i:\xc9i:\xccu\xc8zT\x9d)\xad\x17\x18bKI\xd6KI\xd6c\xcd3B\xf3\xd0\xe4t^YGA\xa0\xfe\x0e;%\x8ebS\xdeSR9R\x97\x13\xe0s#\xc7\xb2{\x1c\x8b\x9e\xa3\x1e\xa6\x14\x9d)\xad\x17\x18a\x15\xd8Q\xc9]\x86\xee2z\\\x87\xa5O\xb5%\xb0t\x95a\xd4B\xa1\'\xb1\n\x7f\xa4\x16\x89\x7f\xd2\x9fjF4\x15kl2\x9f\xe9\x05\xa2_\xf4\xa7\xda\x91\xd0ruXtP\xb5&\xf2Y\x16!\xeaIjJ\x9f\x7f\x00\x8b\xf2\xb4\xb6\x0e\x92\xacz\xd2c\xd4\x8f\x89\xdd\x0e\x8c\x1a\xb6\xe4\xc5\x93O\x00\x8c\xf2\xb7\x94!j\xec:JD\x98\xf5\x7f\x89\x0f\xdd\'\x90\xb0GA\xc9\xd7\x00\x90\xf2\xb1\x0fRKRVO\xaa\xca\xb1\xebI\x8fR?\x85\xa8\xe8\xa8\xd2\xcb\x00\x8b\xb0\xb2\x96\xcb\x0bb\xd5\x9e\x83\x13\xd7\x85=\x86\x98\xd5\x7f\x00\x87/\x9a\xcaD\xacD\xff\x87\xa4~V\x1c\xc5\x80\x1f'
2025-12-12 05:01:06,427 - hpack.hpack - DEBUG - Decoded 0, consumed 1 bytes
2025-12-12 05:01:06,427 - hpack.table - DEBUG - Resizing header table to 0 from 4096
2025-12-12 05:01:06,427 - hpack.hpack - DEBUG - Decoded 8, consumed 1 bytes
2025-12-12 05:01:06,427 - hpack.hpack - DEBUG - Decoded 3, consumed 1 bytes
2025-12-12 05:01:06,427 - hpack.hpack - DEBUG - Decoded (b':status', <memory at 0x110485280>), total consumed 5 bytes, indexed True
2025-12-12 05:01:06,427 - hpack.hpack - DEBUG - Decoded 54, consumed 1 bytes
2025-12-12 05:01:06,427 - hpack.hpack - DEBUG - Decoded 4, consumed 1 bytes
2025-12-12 05:01:06,427 - hpack.hpack - DEBUG - Decoded (b'server', b'nginx'), total consumed 6 bytes, indexed True
2025-12-12 05:01:06,427 - hpack.hpack - DEBUG - Decoded 33, consumed 1 bytes
2025-12-12 05:01:06,427 - hpack.hpack - DEBUG - Decoded 22, consumed 1 bytes
2025-12-12 05:01:06,427 - hpack.hpack - DEBUG - Decoded (b'date', b'Fri, 12 Dec 2025 08:01:06 GMT'), total consumed 24 bytes, indexed True
2025-12-12 05:01:06,427 - hpack.hpack - DEBUG - Decoded 31, consumed 1 bytes
2025-12-12 05:01:06,427 - hpack.hpack - DEBUG - Decoded 18, consumed 1 bytes
2025-12-12 05:01:06,427 - hpack.hpack - DEBUG - Decoded (b'content-type', b'text/html; charset=UTF-8'), total consumed 20 bytes, indexed True
2025-12-12 05:01:06,427 - hpack.hpack - DEBUG - Decoded 10, consumed 1 bytes
2025-12-12 05:01:06,427 - hpack.hpack - DEBUG - Decoded 30, consumed 1 bytes
2025-12-12 05:01:06,427 - hpack.hpack - DEBUG - Decoded (b'server-timing', b'total;dur=25;desc="Backend Total [n]"'), total consumed 43 bytes, indexed False
2025-12-12 05:01:06,427 - hpack.hpack - DEBUG - Decoded 4, consumed 1 bytes
2025-12-12 05:01:06,427 - hpack.hpack - DEBUG - Decoded 5, consumed 1 bytes
2025-12-12 05:01:06,427 - hpack.hpack - DEBUG - Decoded (<memory at 0x1104851c0>, b'Origin'), total consumed 12 bytes, indexed False
2025-12-12 05:01:06,427 - hpack.hpack - DEBUG - Decoded 17, consumed 1 bytes
2025-12-12 05:01:06,427 - hpack.hpack - DEBUG - Decoded 12, consumed 1 bytes
2025-12-12 05:01:06,427 - hpack.hpack - DEBUG - Decoded (b'strict-transport-security', b'max-age=31536000'), total consumed 32 bytes, indexed False
2025-12-12 05:01:06,427 - hpack.hpack - DEBUG - Decoded 9, consumed 1 bytes
2025-12-12 05:01:06,427 - hpack.hpack - DEBUG - Decoded 5, consumed 1 bytes
2025-12-12 05:01:06,428 - hpack.hpack - DEBUG - Decoded (b'x-robots-tag', b'noindex'), total consumed 17 bytes, indexed False
2025-12-12 05:01:06,428 - hpack.hpack - DEBUG - Decoded 13, consumed 1 bytes
2025-12-12 05:01:06,428 - hpack.hpack - DEBUG - Decoded 14, consumed 1 bytes
2025-12-12 05:01:06,428 - hpack.hpack - DEBUG - Decoded (b'permissions-policy', b'interest-cohort=()'), total consumed 30 bytes, indexed False
2025-12-12 05:01:06,428 - hpack.hpack - DEBUG - Decoded 16, consumed 1 bytes
2025-12-12 05:01:06,428 - hpack.hpack - DEBUG - Decoded 1379, consumed 3 bytes
2025-12-12 05:01:06,428 - hpack.hpack - DEBUG - Decoded (b'content-security-policy', b"default-src 'none' ; connect-src  https://duck.ai https://*.duck.ai https://duckduckgo.com https://*.duckduckgo.com https://duckduckgogg42xjoc72x3sjasowoarfbgcmvfimaftt6twagswzczad.onion/ https://spreadprivacy.com ; manifest-src  https://duck.ai https://*.duck.ai https://duckduckgo.com https://*.duckduckgo.com https://duckduckgogg42xjoc72x3sjasowoarfbgcmvfimaftt6twagswzczad.onion/ https://spreadprivacy.com ; media-src  https://duck.ai https://*.duck.ai https://duckduckgo.com https://*.duckduckgo.com https://duckduckgogg42xjoc72x3sjasowoarfbgcmvfimaftt6twagswzczad.onion/ https://spreadprivacy.com ; script-src blob:  https://duck.ai https://*.duck.ai https://duckduckgo.com https://*.duckduckgo.com https://duckduckgogg42xjoc72x3sjasowoarfbgcmvfimaftt6twagswzczad.onion/ https://spreadprivacy.com ; font-src data:  https://duck.ai https://*.duck.ai https://duckduckgo.com https://*.duckduckgo.com https://duckduckgogg42xjoc72x3sjasowoarfbgcmvfimaftt6twagswzczad.onion/ https://spreadprivacy.com ; img-src data:  https://duck.ai https://*.duck.ai https://duckduckgo.com https://*.duckduckgo.com https://duckduckgogg42xjoc72x3sjasowoarfbgcmvfimaftt6twagswzczad.onion/ https://spreadprivacy.com ; style-src  https://duck.ai https://*.duck.ai https://duckduckgo.com https://*.duckduckgo.com https://duckduckgogg42xjoc72x3sjasowoarfbgcmvfimaftt6twagswzczad.onion/ https://spreadprivacy.com ; object-src 'none' ; worker-src blob: ; child-src blob:  https://duck.ai https://*.duck.ai https://duckduckgo.com https://*.duckduckgo.com https://duckduckgogg42xjoc72x3sjasowoarfbgcmvfimaftt6twagswzczad.onion/ https://spreadprivacy.com ; frame-src blob:  https://duck.ai https://*.duck.ai https://duckduckgo.com https://*.duckduckgo.com https://duckduckgogg42xjoc72x3sjasowoarfbgcmvfimaftt6twagswzczad.onion/ https://spreadprivacy.com ; frame-ancestors 'self' ; base-uri 'self' ; block-all-mixed-content ;"), total consumed 1400 bytes, indexed False
2025-12-12 05:01:06,428 - hpack.hpack - DEBUG - Decoded 11, consumed 1 bytes
2025-12-12 05:01:06,428 - hpack.hpack - DEBUG - Decoded 9, consumed 1 bytes
2025-12-12 05:01:06,428 - hpack.hpack - DEBUG - Decoded (b'x-frame-options', b'SAMEORIGIN'), total consumed 23 bytes, indexed False
2025-12-12 05:01:06,428 - hpack.hpack - DEBUG - Decoded 12, consumed 1 bytes
2025-12-12 05:01:06,428 - hpack.hpack - DEBUG - Decoded 9, consumed 1 bytes
2025-12-12 05:01:06,428 - hpack.hpack - DEBUG - Decoded (b'x-xss-protection', b'1;mode=block'), total consumed 24 bytes, indexed False
2025-12-12 05:01:06,429 - hpack.hpack - DEBUG - Decoded 16, consumed 1 bytes
2025-12-12 05:01:06,429 - hpack.hpack - DEBUG - Decoded 5, consumed 1 bytes
2025-12-12 05:01:06,429 - hpack.hpack - DEBUG - Decoded (b'x-content-type-options', b'nosniff'), total consumed 24 bytes, indexed False
2025-12-12 05:01:06,429 - hpack.hpack - DEBUG - Decoded 11, consumed 1 bytes
2025-12-12 05:01:06,429 - hpack.hpack - DEBUG - Decoded 5, consumed 1 bytes
2025-12-12 05:01:06,429 - hpack.hpack - DEBUG - Decoded (b'referrer-policy', b'origin'), total consumed 19 bytes, indexed False
2025-12-12 05:01:06,429 - hpack.hpack - DEBUG - Decoded 7, consumed 1 bytes
2025-12-12 05:01:06,429 - hpack.hpack - DEBUG - Decoded 7, consumed 1 bytes
2025-12-12 05:01:06,429 - hpack.hpack - DEBUG - Decoded (b'expect-ct', b'max-age=0'), total consumed 17 bytes, indexed False
2025-12-12 05:01:06,429 - httpcore.http2 - DEBUG - receive_response_headers.complete return_value=(202, [(b'server', b'nginx'), (b'date', b'Fri, 12 Dec 2025 08:01:06 GMT'), (b'content-type', b'text/html; charset=UTF-8'), (b'server-timing', b'total;dur=25;desc="Backend Total [n]"'), (b'vary', b'Origin'), (b'strict-transport-security', b'max-age=31536000'), (b'x-robots-tag', b'noindex'), (b'permissions-policy', b'interest-cohort=()'), (b'content-security-policy', b"default-src 'none' ; connect-src  https://duck.ai https://*.duck.ai https://duckduckgo.com https://*.duckduckgo.com https://duckduckgogg42xjoc72x3sjasowoarfbgcmvfimaftt6twagswzczad.onion/ https://spreadprivacy.com ; manifest-src  https://duck.ai https://*.duck.ai https://duckduckgo.com https://*.duckduckgo.com https://duckduckgogg42xjoc72x3sjasowoarfbgcmvfimaftt6twagswzczad.onion/ https://spreadprivacy.com ; media-src  https://duck.ai https://*.duck.ai https://duckduckgo.com https://*.duckduckgo.com https://duckduckgogg42xjoc72x3sjasowoarfbgcmvfimaftt6twagswzczad.onion/ https://spreadprivacy.com ; script-src blob:  https://duck.ai https://*.duck.ai https://duckduckgo.com https://*.duckduckgo.com https://duckduckgogg42xjoc72x3sjasowoarfbgcmvfimaftt6twagswzczad.onion/ https://spreadprivacy.com ; font-src data:  https://duck.ai https://*.duck.ai https://duckduckgo.com https://*.duckduckgo.com https://duckduckgogg42xjoc72x3sjasowoarfbgcmvfimaftt6twagswzczad.onion/ https://spreadprivacy.com ; img-src data:  https://duck.ai https://*.duck.ai https://duckduckgo.com https://*.duckduckgo.com https://duckduckgogg42xjoc72x3sjasowoarfbgcmvfimaftt6twagswzczad.onion/ https://spreadprivacy.com ; style-src  https://duck.ai https://*.duck.ai https://duckduckgo.com https://*.duckduckgo.com https://duckduckgogg42xjoc72x3sjasowoarfbgcmvfimaftt6twagswzczad.onion/ https://spreadprivacy.com ; object-src 'none' ; worker-src blob: ; child-src blob:  https://duck.ai https://*.duck.ai https://duckduckgo.com https://*.duckduckgo.com https://duckduckgogg42xjoc72x3sjasowoarfbgcmvfimaftt6twagswzczad.onion/ https://spreadprivacy.com ; frame-src blob:  https://duck.ai https://*.duck.ai https://duckduckgo.com https://*.duckduckgo.com https://duckduckgogg42xjoc72x3sjasowoarfbgcmvfimaftt6twagswzczad.onion/ https://spreadprivacy.com ; frame-ancestors 'self' ; base-uri 'self' ; block-all-mixed-content ;"), (b'x-frame-options', b'SAMEORIGIN'), (b'x-xss-protection', b'1;mode=block'), (b'x-content-type-options', b'nosniff'), (b'referrer-policy', b'origin'), (b'expect-ct', b'max-age=0')])
2025-12-12 05:01:06,430 - httpx - INFO - HTTP Request: POST https://html.duckduckgo.com/html/ "HTTP/2 202 Accepted"
2025-12-12 05:01:06,430 - httpcore.http2 - DEBUG - receive_response_body.started request=<Request [b'POST']> stream_id=1
2025-12-12 05:01:06,431 - cookie_store.cookie_store - DEBUG - inserting secure cookie 'WMF-Last-Access'
2025-12-12 05:01:06,432 - cookie_store.cookie_store - DEBUG - inserting secure cookie 'WMF-Last-Access-Global'
2025-12-12 05:01:06,432 - cookie_store.cookie_store - DEBUG - inserting secure cookie 'GeoIP'
2025-12-12 05:01:06,432 - cookie_store.cookie_store - DEBUG - inserting secure cookie 'NetworkProbeLimit'
2025-12-12 05:01:06,432 - cookie_store.cookie_store - DEBUG - inserting secure cookie 'WMF-Uniq'
2025-12-12 05:01:06,432 - primp - INFO - response: https://en.wikipedia.org/w/api.php?action=opensearch&profile=fuzzy&limit=1&search=bitcoin 200
2025-12-12 05:01:06,434 - rquest.util.client.pool - DEBUG - reuse idle connection for PoolKey { uri: https://en.wikipedia.org/, alpn_protos: None, network: default }
2025-12-12 05:01:06,440 - httpcore.http2 - DEBUG - receive_response_body.complete
2025-12-12 05:01:06,441 - httpcore.http2 - DEBUG - response_closed.started stream_id=1
2025-12-12 05:01:06,441 - httpcore.http2 - DEBUG - response_closed.complete
2025-12-12 05:01:06,563 - UNI_v7.4 - INFO - Google: Coletados 10 resultados com sucesso
2025-12-12 05:01:06,604 - cookie_store.cookie_store - DEBUG - inserting secure cookie 'WMF-Uniq'
2025-12-12 05:01:06,605 - primp - INFO - response: https://en.wikipedia.org/w/api.php?action=query&format=json&prop=extracts&titles=Bitcoin&explaintext=0&exintro=0&redirects=1 200
2025-12-12 05:01:06,608 - rquest.connect - DEBUG - starting new connection: https://yandex.com/
2025-12-12 05:01:06,608 - rquest.util.client.connect.dns - DEBUG - resolving yandex.com
2025-12-12 05:01:06,618 - rquest.util.client.connect.http - DEBUG - connecting to 77.88.44.55:443
2025-12-12 05:01:06,929 - rquest.util.client.connect.http - DEBUG - connected to 77.88.44.55:443
2025-12-12 05:01:07,183 - urllib3.connectionpool - DEBUG - https://api.search.brave.com:443 "GET /res/v1/web/search?q=bitcoin&count=10&offset=0&country=br&safesearch=off HTTP/1.1" 200 None
2025-12-12 05:01:07,185 - UNI_v7.4 - INFO - Brave: Coletados 10 resultados com sucesso
2025-12-12 05:01:07,243 - rquest.util.client.pool - DEBUG - pooling idle connection for PoolKey { uri: https://yandex.com/, alpn_protos: None, network: default }
2025-12-12 05:01:08,260 - cookie_store.cookie_store - DEBUG - inserting Set-Cookie 'Cookie { cookie_string: Some("is_gdpr=0; Path=/; Domain=.yandex.com; Expires=Sun, 12 Dec 2027 08:01:07 GMT"), name: Indexed(0, 7), value: Indexed(8, 9), expires: Some(DateTime(2027-12-12 8:01:07.0 +00:00:00)), max_age: None, domain: Some(Indexed(26, 37)), path: Some(Indexed(16, 17)), secure: None, http_only: None, same_site: None, partitioned: None }'
2025-12-12 05:01:08,260 - cookie_store.cookie_store - DEBUG - inserting Set-Cookie 'Cookie { cookie_string: Some("is_gdpr_b=CJ2AOhCL6AIoAg==; Path=/; Domain=.yandex.com; Expires=Sun, 12 Dec 2027 08:01:07 GMT"), name: Indexed(0, 9), value: Indexed(10, 26), expires: Some(DateTime(2027-12-12 8:01:07.0 +00:00:00)), max_age: None, domain: Some(Indexed(43, 54)), path: Some(Indexed(33, 34)), secure: None, http_only: None, same_site: None, partitioned: None }'
2025-12-12 05:01:08,260 - cookie_store.cookie_store - DEBUG - inserting secure cookie '_yasc'
2025-12-12 05:01:08,260 - cookie_store.cookie_store - DEBUG - inserting secure cookie 'i'
2025-12-12 05:01:08,260 - cookie_store.cookie_store - DEBUG - inserting secure cookie 'yandexuid'
2025-12-12 05:01:08,261 - cookie_store.cookie_store - DEBUG - inserting secure cookie 'yashr'
2025-12-12 05:01:08,261 - cookie_store.cookie_store - DEBUG - inserting Set-Cookie 'Cookie { cookie_string: Some("bh=YMOX78kGaiHcytG2Abvxn6sE+taGzAjS0ZmQB/y5r/8H3/3LtgemngI=; Path=/; Domain=.yandex.com; Expires=Sat, 16 Jan 2027 08:01:07 GMT"), name: Indexed(0, 2), value: Indexed(3, 59), expires: Some(DateTime(2027-01-16 8:01:07.0 +00:00:00)), max_age: None, domain: Some(Indexed(76, 87)), path: Some(Indexed(66, 67)), secure: None, http_only: None, same_site: None, partitioned: None }'
2025-12-12 05:01:08,261 - primp - INFO - response: https://yandex.com/search/site/?text=bitcoin&web=1&searchid=4552159 200
2025-12-12 05:01:08,319 - UNI_v7.4 - INFO - DuckDuckGo: Coletados 10 resultados com sucesso
2025-12-12 05:01:08,319 - UNI_v7.4 - INFO - YouTube: Iniciando coleta para 'bitcoin' (limite: 10)
2025-12-12 05:01:08,320 - googleapiclient.discovery_cache - INFO - file_cache is only supported with oauth2client<4.0.0
2025-12-12 05:01:08,327 - googleapiclient.discovery - DEBUG - URL being requested: GET https://youtube.googleapis.com/youtube/v3/search?part=snippet&q=bitcoin&type=video&maxResults=10&order=relevance&regionCode=BR&relevanceLanguage=pt&key=AIzaSyBj80B2fwVvFEMtcQU8tPV_NCNaEmQvzhc&alt=json
2025-12-12 05:01:08,830 - googleapiclient.discovery - DEBUG - URL being requested: GET https://youtube.googleapis.com/youtube/v3/videos?part=statistics%2CcontentDetails%2Csnippet%2Cstatus&id=4r5G_EWUGqM%2CGqdi1B7jKsI%2CdloBqocJ39I%2CuYro8SWqirM%2CrH6PLR7-2ps%2CNsX0dhmdGwk%2CkcGxVdXcyjY%2CR4dVZbD1ZdI%2C81PC3PYSVBA%2CnrXsD5kJYYs&key=AIzaSyBj80B2fwVvFEMtcQU8tPV_NCNaEmQvzhc&alt=json
2025-12-12 05:01:09,153 - UNI_v7.4 - INFO - YouTube: Coletados 10 resultados com sucesso
2025-12-12 05:01:09,154 - UNI_v7.4 - ERROR - Erro ao coletar YouTube: name 'coletar_comentarios_youtube' is not defined
2025-12-12 05:01:09,158 - UNI_v7.4 - DEBUG - Traceback (most recent call last):
  File "/Users/eas/Desktop/github/emersonalmeida/emersonalmeida.github.io/project/uni/uni_v7.4.py", line 3353, in modo_personalizado
    comentarios = coletar_comentarios_youtube(
NameError: name 'coletar_comentarios_youtube' is not defined

2025-12-12 05:01:09,158 - UNI_v7.4 - INFO - YouTube: Iniciando coleta para 'bitcoin' (limite: 10)
2025-12-12 05:01:09,159 - googleapiclient.discovery_cache - INFO - file_cache is only supported with oauth2client<4.0.0
2025-12-12 05:01:09,169 - googleapiclient.discovery - DEBUG - URL being requested: GET https://youtube.googleapis.com/youtube/v3/search?part=snippet&q=bitcoin&type=video&maxResults=10&order=date&regionCode=BR&relevanceLanguage=pt&key=AIzaSyBj80B2fwVvFEMtcQU8tPV_NCNaEmQvzhc&alt=json
2025-12-12 05:01:09,482 - googleapiclient.discovery - DEBUG - URL being requested: GET https://youtube.googleapis.com/youtube/v3/videos?part=statistics%2CcontentDetails%2Csnippet%2Cstatus&id=JzAGtUtI1BI%2C67BvQ-JuH0M%2CsQhDpCS4QnI%2CRvZyzDGhW64%2CzB_FP3SIaNw%2CdmQHpbmNwPM%2CHr_pS_z3wlk%2CAxLhBykJEOw%2CnAbzYnumuhw%2CCskX_k6gzHY&key=AIzaSyBj80B2fwVvFEMtcQU8tPV_NCNaEmQvzhc&alt=json
2025-12-12 05:01:09,809 - UNI_v7.4 - INFO - YouTube: Coletados 10 resultados com sucesso
2025-12-12 05:01:09,810 - UNI_v7.4 - ERROR - Erro ao coletar YouTube: name 'coletar_comentarios_youtube' is not defined
2025-12-12 05:01:09,810 - UNI_v7.4 - DEBUG - Traceback (most recent call last):
  File "/Users/eas/Desktop/github/emersonalmeida/emersonalmeida.github.io/project/uni/uni_v7.4.py", line 3353, in modo_personalizado
    comentarios = coletar_comentarios_youtube(
NameError: name 'coletar_comentarios_youtube' is not defined

2025-12-12 05:01:09,811 - UNI_v7.4 - INFO - YouTube: Iniciando coleta para 'bitcoin' (limite: 10)
2025-12-12 05:01:09,814 - googleapiclient.discovery_cache - INFO - file_cache is only supported with oauth2client<4.0.0
2025-12-12 05:01:09,820 - googleapiclient.discovery - DEBUG - URL being requested: GET https://youtube.googleapis.com/youtube/v3/search?part=snippet&q=bitcoin&type=video&maxResults=10&order=viewCount&regionCode=BR&relevanceLanguage=pt&key=AIzaSyBj80B2fwVvFEMtcQU8tPV_NCNaEmQvzhc&alt=json
2025-12-12 05:01:10,137 - googleapiclient.discovery - DEBUG - URL being requested: GET https://youtube.googleapis.com/youtube/v3/videos?part=statistics%2CcontentDetails%2Csnippet%2Cstatus&id=8aYr2ueCFvs%2CtrVmDXMaj-M%2CGztiW6DOhck%2CkFgQBPtPfgc%2CqLKADDR7t0E%2Ct_eN9r6-hKQ%2CzhPqD19DjYw%2CYMIZ5mHRO4E%2CwN0OaLUYI2I%2CdQ8b4E6vX-4&key=AIzaSyBj80B2fwVvFEMtcQU8tPV_NCNaEmQvzhc&alt=json
2025-12-12 05:01:10,455 - UNI_v7.4 - INFO - YouTube: Coletados 10 resultados com sucesso
2025-12-12 05:01:10,455 - UNI_v7.4 - ERROR - Erro ao coletar YouTube: name 'coletar_comentarios_youtube' is not defined
2025-12-12 05:01:10,455 - UNI_v7.4 - DEBUG - Traceback (most recent call last):
  File "/Users/eas/Desktop/github/emersonalmeida/emersonalmeida.github.io/project/uni/uni_v7.4.py", line 3353, in modo_personalizado
    comentarios = coletar_comentarios_youtube(
NameError: name 'coletar_comentarios_youtube' is not defined

2025-12-12 05:01:10,462 - UNI_v7.4 - INFO - Google Play: Iniciando coleta para 'bitcoin' (limite: 10, tentativa 1/3)
2025-12-12 05:01:14,292 - UNI_v7.4 - INFO - Google Play: Coletados 10 resultados com sucesso
2025-12-12 05:01:14,292 - UNI_v7.4 - ERROR - Google Play Reviews: Erro inesperado: HELPFULNESS
2025-12-12 05:01:14,294 - UNI_v7.4 - DEBUG - Traceback (most recent call last):
  File "/Users/eas/Desktop/github/emersonalmeida/emersonalmeida.github.io/project/uni/uni_v7.4.py", line 1868, in coletar_reviews_google_play
    "most_helpful": Sort.HELPFULNESS
  File "/Library/Developer/CommandLineTools/Library/Frameworks/Python3.framework/Versions/3.9/lib/python3.9/enum.py", line 429, in __getattr__
    raise AttributeError(name) from None
AttributeError: HELPFULNESS

2025-12-12 05:01:14,294 - UNI_v7.4 - ERROR - Google Play Reviews: Erro inesperado: HELPFULNESS
2025-12-12 05:01:14,294 - UNI_v7.4 - DEBUG - Traceback (most recent call last):
  File "/Users/eas/Desktop/github/emersonalmeida/emersonalmeida.github.io/project/uni/uni_v7.4.py", line 1868, in coletar_reviews_google_play
    "most_helpful": Sort.HELPFULNESS
  File "/Library/Developer/CommandLineTools/Library/Frameworks/Python3.framework/Versions/3.9/lib/python3.9/enum.py", line 429, in __getattr__
    raise AttributeError(name) from None
AttributeError: HELPFULNESS

2025-12-12 05:01:14,294 - UNI_v7.4 - ERROR - Google Play Reviews: Erro inesperado: HELPFULNESS
2025-12-12 05:01:14,294 - UNI_v7.4 - DEBUG - Traceback (most recent call last):
  File "/Users/eas/Desktop/github/emersonalmeida/emersonalmeida.github.io/project/uni/uni_v7.4.py", line 1868, in coletar_reviews_google_play
    "most_helpful": Sort.HELPFULNESS
  File "/Library/Developer/CommandLineTools/Library/Frameworks/Python3.framework/Versions/3.9/lib/python3.9/enum.py", line 429, in __getattr__
    raise AttributeError(name) from None
AttributeError: HELPFULNESS

2025-12-12 05:01:14,294 - UNI_v7.4 - ERROR - Google Play Reviews: Erro inesperado: HELPFULNESS
2025-12-12 05:01:14,295 - UNI_v7.4 - DEBUG - Traceback (most recent call last):
  File "/Users/eas/Desktop/github/emersonalmeida/emersonalmeida.github.io/project/uni/uni_v7.4.py", line 1868, in coletar_reviews_google_play
    "most_helpful": Sort.HELPFULNESS
  File "/Library/Developer/CommandLineTools/Library/Frameworks/Python3.framework/Versions/3.9/lib/python3.9/enum.py", line 429, in __getattr__
    raise AttributeError(name) from None
AttributeError: HELPFULNESS

2025-12-12 05:01:14,295 - UNI_v7.4 - ERROR - Google Play Reviews: Erro inesperado: HELPFULNESS
2025-12-12 05:01:14,295 - UNI_v7.4 - DEBUG - Traceback (most recent call last):
  File "/Users/eas/Desktop/github/emersonalmeida/emersonalmeida.github.io/project/uni/uni_v7.4.py", line 1868, in coletar_reviews_google_play
    "most_helpful": Sort.HELPFULNESS
  File "/Library/Developer/CommandLineTools/Library/Frameworks/Python3.framework/Versions/3.9/lib/python3.9/enum.py", line 429, in __getattr__
    raise AttributeError(name) from None
AttributeError: HELPFULNESS

2025-12-12 05:01:14,295 - UNI_v7.4 - ERROR - Google Play Reviews: Erro inesperado: HELPFULNESS
2025-12-12 05:01:14,295 - UNI_v7.4 - DEBUG - Traceback (most recent call last):
  File "/Users/eas/Desktop/github/emersonalmeida/emersonalmeida.github.io/project/uni/uni_v7.4.py", line 1868, in coletar_reviews_google_play
    "most_helpful": Sort.HELPFULNESS
  File "/Library/Developer/CommandLineTools/Library/Frameworks/Python3.framework/Versions/3.9/lib/python3.9/enum.py", line 429, in __getattr__
    raise AttributeError(name) from None
AttributeError: HELPFULNESS

2025-12-12 05:01:14,295 - UNI_v7.4 - ERROR - Google Play Reviews: Erro inesperado: HELPFULNESS
2025-12-12 05:01:14,296 - UNI_v7.4 - DEBUG - Traceback (most recent call last):
  File "/Users/eas/Desktop/github/emersonalmeida/emersonalmeida.github.io/project/uni/uni_v7.4.py", line 1868, in coletar_reviews_google_play
    "most_helpful": Sort.HELPFULNESS
  File "/Library/Developer/CommandLineTools/Library/Frameworks/Python3.framework/Versions/3.9/lib/python3.9/enum.py", line 429, in __getattr__
    raise AttributeError(name) from None
AttributeError: HELPFULNESS

2025-12-12 05:01:14,296 - UNI_v7.4 - ERROR - Google Play Reviews: Erro inesperado: HELPFULNESS
2025-12-12 05:01:14,296 - UNI_v7.4 - DEBUG - Traceback (most recent call last):
  File "/Users/eas/Desktop/github/emersonalmeida/emersonalmeida.github.io/project/uni/uni_v7.4.py", line 1868, in coletar_reviews_google_play
    "most_helpful": Sort.HELPFULNESS
  File "/Library/Developer/CommandLineTools/Library/Frameworks/Python3.framework/Versions/3.9/lib/python3.9/enum.py", line 429, in __getattr__
    raise AttributeError(name) from None
AttributeError: HELPFULNESS

2025-12-12 05:01:14,296 - UNI_v7.4 - ERROR - Google Play Reviews: Erro inesperado: HELPFULNESS
2025-12-12 05:01:14,296 - UNI_v7.4 - DEBUG - Traceback (most recent call last):
  File "/Users/eas/Desktop/github/emersonalmeida/emersonalmeida.github.io/project/uni/uni_v7.4.py", line 1868, in coletar_reviews_google_play
    "most_helpful": Sort.HELPFULNESS
  File "/Library/Developer/CommandLineTools/Library/Frameworks/Python3.framework/Versions/3.9/lib/python3.9/enum.py", line 429, in __getattr__
    raise AttributeError(name) from None
AttributeError: HELPFULNESS

2025-12-12 05:01:14,296 - UNI_v7.4 - ERROR - Google Play Reviews: Erro inesperado: HELPFULNESS
2025-12-12 05:01:14,297 - UNI_v7.4 - DEBUG - Traceback (most recent call last):
  File "/Users/eas/Desktop/github/emersonalmeida/emersonalmeida.github.io/project/uni/uni_v7.4.py", line 1868, in coletar_reviews_google_play
    "most_helpful": Sort.HELPFULNESS
  File "/Library/Developer/CommandLineTools/Library/Frameworks/Python3.framework/Versions/3.9/lib/python3.9/enum.py", line 429, in __getattr__
    raise AttributeError(name) from None
AttributeError: HELPFULNESS

2025-12-12 05:01:14,297 - UNI_v7.4 - ERROR - Google Play Reviews: Erro inesperado: HELPFULNESS
2025-12-12 05:01:14,297 - UNI_v7.4 - DEBUG - Traceback (most recent call last):
  File "/Users/eas/Desktop/github/emersonalmeida/emersonalmeida.github.io/project/uni/uni_v7.4.py", line 1868, in coletar_reviews_google_play
    "most_helpful": Sort.HELPFULNESS
  File "/Library/Developer/CommandLineTools/Library/Frameworks/Python3.framework/Versions/3.9/lib/python3.9/enum.py", line 429, in __getattr__
    raise AttributeError(name) from None
AttributeError: HELPFULNESS

2025-12-12 05:01:14,297 - UNI_v7.4 - ERROR - Google Play Reviews: Erro inesperado: HELPFULNESS
2025-12-12 05:01:14,297 - UNI_v7.4 - DEBUG - Traceback (most recent call last):
  File "/Users/eas/Desktop/github/emersonalmeida/emersonalmeida.github.io/project/uni/uni_v7.4.py", line 1868, in coletar_reviews_google_play
    "most_helpful": Sort.HELPFULNESS
  File "/Library/Developer/CommandLineTools/Library/Frameworks/Python3.framework/Versions/3.9/lib/python3.9/enum.py", line 429, in __getattr__
    raise AttributeError(name) from None
AttributeError: HELPFULNESS

2025-12-12 05:01:14,298 - UNI_v7.4 - ERROR - Google Play Reviews: Erro inesperado: HELPFULNESS
2025-12-12 05:01:14,298 - UNI_v7.4 - DEBUG - Traceback (most recent call last):
  File "/Users/eas/Desktop/github/emersonalmeida/emersonalmeida.github.io/project/uni/uni_v7.4.py", line 1868, in coletar_reviews_google_play
    "most_helpful": Sort.HELPFULNESS
  File "/Library/Developer/CommandLineTools/Library/Frameworks/Python3.framework/Versions/3.9/lib/python3.9/enum.py", line 429, in __getattr__
    raise AttributeError(name) from None
AttributeError: HELPFULNESS

2025-12-12 05:01:14,298 - UNI_v7.4 - ERROR - Google Play Reviews: Erro inesperado: HELPFULNESS
2025-12-12 05:01:14,298 - UNI_v7.4 - DEBUG - Traceback (most recent call last):
  File "/Users/eas/Desktop/github/emersonalmeida/emersonalmeida.github.io/project/uni/uni_v7.4.py", line 1868, in coletar_reviews_google_play
    "most_helpful": Sort.HELPFULNESS
  File "/Library/Developer/CommandLineTools/Library/Frameworks/Python3.framework/Versions/3.9/lib/python3.9/enum.py", line 429, in __getattr__
    raise AttributeError(name) from None
AttributeError: HELPFULNESS

2025-12-12 05:01:14,298 - UNI_v7.4 - ERROR - Google Play Reviews: Erro inesperado: HELPFULNESS
2025-12-12 05:01:14,298 - UNI_v7.4 - DEBUG - Traceback (most recent call last):
  File "/Users/eas/Desktop/github/emersonalmeida/emersonalmeida.github.io/project/uni/uni_v7.4.py", line 1868, in coletar_reviews_google_play
    "most_helpful": Sort.HELPFULNESS
  File "/Library/Developer/CommandLineTools/Library/Frameworks/Python3.framework/Versions/3.9/lib/python3.9/enum.py", line 429, in __getattr__
    raise AttributeError(name) from None
AttributeError: HELPFULNESS

2025-12-12 05:01:14,298 - UNI_v7.4 - ERROR - Google Play Reviews: Erro inesperado: HELPFULNESS
2025-12-12 05:01:14,299 - UNI_v7.4 - DEBUG - Traceback (most recent call last):
  File "/Users/eas/Desktop/github/emersonalmeida/emersonalmeida.github.io/project/uni/uni_v7.4.py", line 1868, in coletar_reviews_google_play
    "most_helpful": Sort.HELPFULNESS
  File "/Library/Developer/CommandLineTools/Library/Frameworks/Python3.framework/Versions/3.9/lib/python3.9/enum.py", line 429, in __getattr__
    raise AttributeError(name) from None
AttributeError: HELPFULNESS

2025-12-12 05:01:14,299 - UNI_v7.4 - ERROR - Google Play Reviews: Erro inesperado: HELPFULNESS
2025-12-12 05:01:14,299 - UNI_v7.4 - DEBUG - Traceback (most recent call last):
  File "/Users/eas/Desktop/github/emersonalmeida/emersonalmeida.github.io/project/uni/uni_v7.4.py", line 1868, in coletar_reviews_google_play
    "most_helpful": Sort.HELPFULNESS
  File "/Library/Developer/CommandLineTools/Library/Frameworks/Python3.framework/Versions/3.9/lib/python3.9/enum.py", line 429, in __getattr__
    raise AttributeError(name) from None
AttributeError: HELPFULNESS

2025-12-12 05:01:14,299 - UNI_v7.4 - ERROR - Google Play Reviews: Erro inesperado: HELPFULNESS
2025-12-12 05:01:14,299 - UNI_v7.4 - DEBUG - Traceback (most recent call last):
  File "/Users/eas/Desktop/github/emersonalmeida/emersonalmeida.github.io/project/uni/uni_v7.4.py", line 1868, in coletar_reviews_google_play
    "most_helpful": Sort.HELPFULNESS
  File "/Library/Developer/CommandLineTools/Library/Frameworks/Python3.framework/Versions/3.9/lib/python3.9/enum.py", line 429, in __getattr__
    raise AttributeError(name) from None
AttributeError: HELPFULNESS

2025-12-12 05:01:14,299 - UNI_v7.4 - ERROR - Google Play Reviews: Erro inesperado: HELPFULNESS
2025-12-12 05:01:14,299 - UNI_v7.4 - DEBUG - Traceback (most recent call last):
  File "/Users/eas/Desktop/github/emersonalmeida/emersonalmeida.github.io/project/uni/uni_v7.4.py", line 1868, in coletar_reviews_google_play
    "most_helpful": Sort.HELPFULNESS
  File "/Library/Developer/CommandLineTools/Library/Frameworks/Python3.framework/Versions/3.9/lib/python3.9/enum.py", line 429, in __getattr__
    raise AttributeError(name) from None
AttributeError: HELPFULNESS

2025-12-12 05:01:14,299 - UNI_v7.4 - ERROR - Google Play Reviews: Erro inesperado: HELPFULNESS
2025-12-12 05:01:14,299 - UNI_v7.4 - DEBUG - Traceback (most recent call last):
  File "/Users/eas/Desktop/github/emersonalmeida/emersonalmeida.github.io/project/uni/uni_v7.4.py", line 1868, in coletar_reviews_google_play
    "most_helpful": Sort.HELPFULNESS
  File "/Library/Developer/CommandLineTools/Library/Frameworks/Python3.framework/Versions/3.9/lib/python3.9/enum.py", line 429, in __getattr__
    raise AttributeError(name) from None
AttributeError: HELPFULNESS

2025-12-12 05:01:14,300 - UNI_v7.4 - ERROR - Google Play Reviews: Erro inesperado: HELPFULNESS
2025-12-12 05:01:14,300 - UNI_v7.4 - DEBUG - Traceback (most recent call last):
  File "/Users/eas/Desktop/github/emersonalmeida/emersonalmeida.github.io/project/uni/uni_v7.4.py", line 1868, in coletar_reviews_google_play
    "most_helpful": Sort.HELPFULNESS
  File "/Library/Developer/CommandLineTools/Library/Frameworks/Python3.framework/Versions/3.9/lib/python3.9/enum.py", line 429, in __getattr__
    raise AttributeError(name) from None
AttributeError: HELPFULNESS

2025-12-12 05:01:14,300 - UNI_v7.4 - ERROR - Google Play Reviews: Erro inesperado: HELPFULNESS
2025-12-12 05:01:14,300 - UNI_v7.4 - DEBUG - Traceback (most recent call last):
  File "/Users/eas/Desktop/github/emersonalmeida/emersonalmeida.github.io/project/uni/uni_v7.4.py", line 1868, in coletar_reviews_google_play
    "most_helpful": Sort.HELPFULNESS
  File "/Library/Developer/CommandLineTools/Library/Frameworks/Python3.framework/Versions/3.9/lib/python3.9/enum.py", line 429, in __getattr__
    raise AttributeError(name) from None
AttributeError: HELPFULNESS

2025-12-12 05:01:14,300 - UNI_v7.4 - ERROR - Google Play Reviews: Erro inesperado: HELPFULNESS
2025-12-12 05:01:14,300 - UNI_v7.4 - DEBUG - Traceback (most recent call last):
  File "/Users/eas/Desktop/github/emersonalmeida/emersonalmeida.github.io/project/uni/uni_v7.4.py", line 1868, in coletar_reviews_google_play
    "most_helpful": Sort.HELPFULNESS
  File "/Library/Developer/CommandLineTools/Library/Frameworks/Python3.framework/Versions/3.9/lib/python3.9/enum.py", line 429, in __getattr__
    raise AttributeError(name) from None
AttributeError: HELPFULNESS

2025-12-12 05:01:14,300 - UNI_v7.4 - ERROR - Google Play Reviews: Erro inesperado: HELPFULNESS
2025-12-12 05:01:14,301 - UNI_v7.4 - DEBUG - Traceback (most recent call last):
  File "/Users/eas/Desktop/github/emersonalmeida/emersonalmeida.github.io/project/uni/uni_v7.4.py", line 1868, in coletar_reviews_google_play
    "most_helpful": Sort.HELPFULNESS
  File "/Library/Developer/CommandLineTools/Library/Frameworks/Python3.framework/Versions/3.9/lib/python3.9/enum.py", line 429, in __getattr__
    raise AttributeError(name) from None
AttributeError: HELPFULNESS

2025-12-12 05:01:14,301 - UNI_v7.4 - ERROR - Google Play Reviews: Erro inesperado: HELPFULNESS
2025-12-12 05:01:14,301 - UNI_v7.4 - DEBUG - Traceback (most recent call last):
  File "/Users/eas/Desktop/github/emersonalmeida/emersonalmeida.github.io/project/uni/uni_v7.4.py", line 1868, in coletar_reviews_google_play
    "most_helpful": Sort.HELPFULNESS
  File "/Library/Developer/CommandLineTools/Library/Frameworks/Python3.framework/Versions/3.9/lib/python3.9/enum.py", line 429, in __getattr__
    raise AttributeError(name) from None
AttributeError: HELPFULNESS

2025-12-12 05:01:14,301 - UNI_v7.4 - ERROR - Google Play Reviews: Erro inesperado: HELPFULNESS
2025-12-12 05:01:14,301 - UNI_v7.4 - DEBUG - Traceback (most recent call last):
  File "/Users/eas/Desktop/github/emersonalmeida/emersonalmeida.github.io/project/uni/uni_v7.4.py", line 1868, in coletar_reviews_google_play
    "most_helpful": Sort.HELPFULNESS
  File "/Library/Developer/CommandLineTools/Library/Frameworks/Python3.framework/Versions/3.9/lib/python3.9/enum.py", line 429, in __getattr__
    raise AttributeError(name) from None
AttributeError: HELPFULNESS

2025-12-12 05:01:14,301 - UNI_v7.4 - ERROR - Google Play Reviews: Erro inesperado: HELPFULNESS
2025-12-12 05:01:14,301 - UNI_v7.4 - DEBUG - Traceback (most recent call last):
  File "/Users/eas/Desktop/github/emersonalmeida/emersonalmeida.github.io/project/uni/uni_v7.4.py", line 1868, in coletar_reviews_google_play
    "most_helpful": Sort.HELPFULNESS
  File "/Library/Developer/CommandLineTools/Library/Frameworks/Python3.framework/Versions/3.9/lib/python3.9/enum.py", line 429, in __getattr__
    raise AttributeError(name) from None
AttributeError: HELPFULNESS

2025-12-12 05:01:14,301 - UNI_v7.4 - ERROR - Google Play Reviews: Erro inesperado: HELPFULNESS
2025-12-12 05:01:14,301 - UNI_v7.4 - DEBUG - Traceback (most recent call last):
  File "/Users/eas/Desktop/github/emersonalmeida/emersonalmeida.github.io/project/uni/uni_v7.4.py", line 1868, in coletar_reviews_google_play
    "most_helpful": Sort.HELPFULNESS
  File "/Library/Developer/CommandLineTools/Library/Frameworks/Python3.framework/Versions/3.9/lib/python3.9/enum.py", line 429, in __getattr__
    raise AttributeError(name) from None
AttributeError: HELPFULNESS

2025-12-12 05:01:14,302 - UNI_v7.4 - ERROR - Google Play Reviews: Erro inesperado: HELPFULNESS
2025-12-12 05:01:14,302 - UNI_v7.4 - DEBUG - Traceback (most recent call last):
  File "/Users/eas/Desktop/github/emersonalmeida/emersonalmeida.github.io/project/uni/uni_v7.4.py", line 1868, in coletar_reviews_google_play
    "most_helpful": Sort.HELPFULNESS
  File "/Library/Developer/CommandLineTools/Library/Frameworks/Python3.framework/Versions/3.9/lib/python3.9/enum.py", line 429, in __getattr__
    raise AttributeError(name) from None
AttributeError: HELPFULNESS

2025-12-12 05:01:14,302 - UNI_v7.4 - ERROR - Google Play Reviews: Erro inesperado: HELPFULNESS
2025-12-12 05:01:14,302 - UNI_v7.4 - DEBUG - Traceback (most recent call last):
  File "/Users/eas/Desktop/github/emersonalmeida/emersonalmeida.github.io/project/uni/uni_v7.4.py", line 1868, in coletar_reviews_google_play
    "most_helpful": Sort.HELPFULNESS
  File "/Library/Developer/CommandLineTools/Library/Frameworks/Python3.framework/Versions/3.9/lib/python3.9/enum.py", line 429, in __getattr__
    raise AttributeError(name) from None
AttributeError: HELPFULNESS

2025-12-12 05:01:14,302 - UNI_v7.4 - ERROR - Google Play Reviews: Erro inesperado: HELPFULNESS
2025-12-12 05:01:14,303 - UNI_v7.4 - DEBUG - Traceback (most recent call last):
  File "/Users/eas/Desktop/github/emersonalmeida/emersonalmeida.github.io/project/uni/uni_v7.4.py", line 1868, in coletar_reviews_google_play
    "most_helpful": Sort.HELPFULNESS
  File "/Library/Developer/CommandLineTools/Library/Frameworks/Python3.framework/Versions/3.9/lib/python3.9/enum.py", line 429, in __getattr__
    raise AttributeError(name) from None
AttributeError: HELPFULNESS

2025-12-12 05:01:14,303 - UNI_v7.4 - ERROR - Google Play Reviews: Erro inesperado: HELPFULNESS
2025-12-12 05:01:14,304 - UNI_v7.4 - DEBUG - Traceback (most recent call last):
  File "/Users/eas/Desktop/github/emersonalmeida/emersonalmeida.github.io/project/uni/uni_v7.4.py", line 1868, in coletar_reviews_google_play
    "most_helpful": Sort.HELPFULNESS
  File "/Library/Developer/CommandLineTools/Library/Frameworks/Python3.framework/Versions/3.9/lib/python3.9/enum.py", line 429, in __getattr__
    raise AttributeError(name) from None
AttributeError: HELPFULNESS

2025-12-12 05:01:14,304 - UNI_v7.4 - ERROR - Google Play Reviews: Erro inesperado: HELPFULNESS
2025-12-12 05:01:14,304 - UNI_v7.4 - DEBUG - Traceback (most recent call last):
  File "/Users/eas/Desktop/github/emersonalmeida/emersonalmeida.github.io/project/uni/uni_v7.4.py", line 1868, in coletar_reviews_google_play
    "most_helpful": Sort.HELPFULNESS
  File "/Library/Developer/CommandLineTools/Library/Frameworks/Python3.framework/Versions/3.9/lib/python3.9/enum.py", line 429, in __getattr__
    raise AttributeError(name) from None
AttributeError: HELPFULNESS

2025-12-12 05:01:14,304 - UNI_v7.4 - ERROR - Google Play Reviews: Erro inesperado: HELPFULNESS
2025-12-12 05:01:14,305 - UNI_v7.4 - DEBUG - Traceback (most recent call last):
  File "/Users/eas/Desktop/github/emersonalmeida/emersonalmeida.github.io/project/uni/uni_v7.4.py", line 1868, in coletar_reviews_google_play
    "most_helpful": Sort.HELPFULNESS
  File "/Library/Developer/CommandLineTools/Library/Frameworks/Python3.framework/Versions/3.9/lib/python3.9/enum.py", line 429, in __getattr__
    raise AttributeError(name) from None
AttributeError: HELPFULNESS

2025-12-12 05:01:14,305 - UNI_v7.4 - ERROR - Google Play Reviews: Erro inesperado: HELPFULNESS
2025-12-12 05:01:14,305 - UNI_v7.4 - DEBUG - Traceback (most recent call last):
  File "/Users/eas/Desktop/github/emersonalmeida/emersonalmeida.github.io/project/uni/uni_v7.4.py", line 1868, in coletar_reviews_google_play
    "most_helpful": Sort.HELPFULNESS
  File "/Library/Developer/CommandLineTools/Library/Frameworks/Python3.framework/Versions/3.9/lib/python3.9/enum.py", line 429, in __getattr__
    raise AttributeError(name) from None
AttributeError: HELPFULNESS

2025-12-12 05:01:14,305 - UNI_v7.4 - ERROR - Google Play Reviews: Erro inesperado: HELPFULNESS
2025-12-12 05:01:14,305 - UNI_v7.4 - DEBUG - Traceback (most recent call last):
  File "/Users/eas/Desktop/github/emersonalmeida/emersonalmeida.github.io/project/uni/uni_v7.4.py", line 1868, in coletar_reviews_google_play
    "most_helpful": Sort.HELPFULNESS
  File "/Library/Developer/CommandLineTools/Library/Frameworks/Python3.framework/Versions/3.9/lib/python3.9/enum.py", line 429, in __getattr__
    raise AttributeError(name) from None
AttributeError: HELPFULNESS

2025-12-12 05:01:14,305 - UNI_v7.4 - ERROR - Google Play Reviews: Erro inesperado: HELPFULNESS
2025-12-12 05:01:14,305 - UNI_v7.4 - DEBUG - Traceback (most recent call last):
  File "/Users/eas/Desktop/github/emersonalmeida/emersonalmeida.github.io/project/uni/uni_v7.4.py", line 1868, in coletar_reviews_google_play
    "most_helpful": Sort.HELPFULNESS
  File "/Library/Developer/CommandLineTools/Library/Frameworks/Python3.framework/Versions/3.9/lib/python3.9/enum.py", line 429, in __getattr__
    raise AttributeError(name) from None
AttributeError: HELPFULNESS

2025-12-12 05:01:14,306 - UNI_v7.4 - ERROR - Google Play Reviews: Erro inesperado: HELPFULNESS
2025-12-12 05:01:14,306 - UNI_v7.4 - DEBUG - Traceback (most recent call last):
  File "/Users/eas/Desktop/github/emersonalmeida/emersonalmeida.github.io/project/uni/uni_v7.4.py", line 1868, in coletar_reviews_google_play
    "most_helpful": Sort.HELPFULNESS
  File "/Library/Developer/CommandLineTools/Library/Frameworks/Python3.framework/Versions/3.9/lib/python3.9/enum.py", line 429, in __getattr__
    raise AttributeError(name) from None
AttributeError: HELPFULNESS

2025-12-12 05:01:14,306 - UNI_v7.4 - ERROR - Google Play Reviews: Erro inesperado: HELPFULNESS
2025-12-12 05:01:14,306 - UNI_v7.4 - DEBUG - Traceback (most recent call last):
  File "/Users/eas/Desktop/github/emersonalmeida/emersonalmeida.github.io/project/uni/uni_v7.4.py", line 1868, in coletar_reviews_google_play
    "most_helpful": Sort.HELPFULNESS
  File "/Library/Developer/CommandLineTools/Library/Frameworks/Python3.framework/Versions/3.9/lib/python3.9/enum.py", line 429, in __getattr__
    raise AttributeError(name) from None
AttributeError: HELPFULNESS

2025-12-12 05:01:14,306 - UNI_v7.4 - ERROR - Google Play Reviews: Erro inesperado: HELPFULNESS
2025-12-12 05:01:14,306 - UNI_v7.4 - DEBUG - Traceback (most recent call last):
  File "/Users/eas/Desktop/github/emersonalmeida/emersonalmeida.github.io/project/uni/uni_v7.4.py", line 1868, in coletar_reviews_google_play
    "most_helpful": Sort.HELPFULNESS
  File "/Library/Developer/CommandLineTools/Library/Frameworks/Python3.framework/Versions/3.9/lib/python3.9/enum.py", line 429, in __getattr__
    raise AttributeError(name) from None
AttributeError: HELPFULNESS

2025-12-12 05:01:14,307 - UNI_v7.4 - ERROR - Google Play Reviews: Erro inesperado: HELPFULNESS
2025-12-12 05:01:14,307 - UNI_v7.4 - DEBUG - Traceback (most recent call last):
  File "/Users/eas/Desktop/github/emersonalmeida/emersonalmeida.github.io/project/uni/uni_v7.4.py", line 1868, in coletar_reviews_google_play
    "most_helpful": Sort.HELPFULNESS
  File "/Library/Developer/CommandLineTools/Library/Frameworks/Python3.framework/Versions/3.9/lib/python3.9/enum.py", line 429, in __getattr__
    raise AttributeError(name) from None
AttributeError: HELPFULNESS

2025-12-12 05:01:14,307 - UNI_v7.4 - ERROR - Google Play Reviews: Erro inesperado: HELPFULNESS
2025-12-12 05:01:14,307 - UNI_v7.4 - DEBUG - Traceback (most recent call last):
  File "/Users/eas/Desktop/github/emersonalmeida/emersonalmeida.github.io/project/uni/uni_v7.4.py", line 1868, in coletar_reviews_google_play
    "most_helpful": Sort.HELPFULNESS
  File "/Library/Developer/CommandLineTools/Library/Frameworks/Python3.framework/Versions/3.9/lib/python3.9/enum.py", line 429, in __getattr__
    raise AttributeError(name) from None
AttributeError: HELPFULNESS

2025-12-12 05:01:14,308 - UNI_v7.4 - ERROR - Google Play Reviews: Erro inesperado: HELPFULNESS
2025-12-12 05:01:14,308 - UNI_v7.4 - DEBUG - Traceback (most recent call last):
  File "/Users/eas/Desktop/github/emersonalmeida/emersonalmeida.github.io/project/uni/uni_v7.4.py", line 1868, in coletar_reviews_google_play
    "most_helpful": Sort.HELPFULNESS
  File "/Library/Developer/CommandLineTools/Library/Frameworks/Python3.framework/Versions/3.9/lib/python3.9/enum.py", line 429, in __getattr__
    raise AttributeError(name) from None
AttributeError: HELPFULNESS

2025-12-12 05:01:14,308 - UNI_v7.4 - ERROR - Google Play Reviews: Erro inesperado: HELPFULNESS
2025-12-12 05:01:14,308 - UNI_v7.4 - DEBUG - Traceback (most recent call last):
  File "/Users/eas/Desktop/github/emersonalmeida/emersonalmeida.github.io/project/uni/uni_v7.4.py", line 1868, in coletar_reviews_google_play
    "most_helpful": Sort.HELPFULNESS
  File "/Library/Developer/CommandLineTools/Library/Frameworks/Python3.framework/Versions/3.9/lib/python3.9/enum.py", line 429, in __getattr__
    raise AttributeError(name) from None
AttributeError: HELPFULNESS

2025-12-12 05:01:14,309 - UNI_v7.4 - ERROR - Google Play Reviews: Erro inesperado: HELPFULNESS
2025-12-12 05:01:14,309 - UNI_v7.4 - DEBUG - Traceback (most recent call last):
  File "/Users/eas/Desktop/github/emersonalmeida/emersonalmeida.github.io/project/uni/uni_v7.4.py", line 1868, in coletar_reviews_google_play
    "most_helpful": Sort.HELPFULNESS
  File "/Library/Developer/CommandLineTools/Library/Frameworks/Python3.framework/Versions/3.9/lib/python3.9/enum.py", line 429, in __getattr__
    raise AttributeError(name) from None
AttributeError: HELPFULNESS

2025-12-12 05:01:14,309 - UNI_v7.4 - ERROR - Google Play Reviews: Erro inesperado: HELPFULNESS
2025-12-12 05:01:14,309 - UNI_v7.4 - DEBUG - Traceback (most recent call last):
  File "/Users/eas/Desktop/github/emersonalmeida/emersonalmeida.github.io/project/uni/uni_v7.4.py", line 1868, in coletar_reviews_google_play
    "most_helpful": Sort.HELPFULNESS
  File "/Library/Developer/CommandLineTools/Library/Frameworks/Python3.framework/Versions/3.9/lib/python3.9/enum.py", line 429, in __getattr__
    raise AttributeError(name) from None
AttributeError: HELPFULNESS

2025-12-12 05:01:14,309 - UNI_v7.4 - ERROR - Google Play Reviews: Erro inesperado: HELPFULNESS
2025-12-12 05:01:14,309 - UNI_v7.4 - DEBUG - Traceback (most recent call last):
  File "/Users/eas/Desktop/github/emersonalmeida/emersonalmeida.github.io/project/uni/uni_v7.4.py", line 1868, in coletar_reviews_google_play
    "most_helpful": Sort.HELPFULNESS
  File "/Library/Developer/CommandLineTools/Library/Frameworks/Python3.framework/Versions/3.9/lib/python3.9/enum.py", line 429, in __getattr__
    raise AttributeError(name) from None
AttributeError: HELPFULNESS

2025-12-12 05:01:14,309 - UNI_v7.4 - ERROR - Google Play Reviews: Erro inesperado: HELPFULNESS
2025-12-12 05:01:14,309 - UNI_v7.4 - DEBUG - Traceback (most recent call last):
  File "/Users/eas/Desktop/github/emersonalmeida/emersonalmeida.github.io/project/uni/uni_v7.4.py", line 1868, in coletar_reviews_google_play
    "most_helpful": Sort.HELPFULNESS
  File "/Library/Developer/CommandLineTools/Library/Frameworks/Python3.framework/Versions/3.9/lib/python3.9/enum.py", line 429, in __getattr__
    raise AttributeError(name) from None
AttributeError: HELPFULNESS

2025-12-12 05:01:14,310 - UNI_v7.4 - ERROR - Google Play Reviews: Erro inesperado: HELPFULNESS
2025-12-12 05:01:14,310 - UNI_v7.4 - DEBUG - Traceback (most recent call last):
  File "/Users/eas/Desktop/github/emersonalmeida/emersonalmeida.github.io/project/uni/uni_v7.4.py", line 1868, in coletar_reviews_google_play
    "most_helpful": Sort.HELPFULNESS
  File "/Library/Developer/CommandLineTools/Library/Frameworks/Python3.framework/Versions/3.9/lib/python3.9/enum.py", line 429, in __getattr__
    raise AttributeError(name) from None
AttributeError: HELPFULNESS

2025-12-12 05:01:14,310 - UNI_v7.4 - ERROR - Google Play Reviews: Erro inesperado: HELPFULNESS
2025-12-12 05:01:14,310 - UNI_v7.4 - DEBUG - Traceback (most recent call last):
  File "/Users/eas/Desktop/github/emersonalmeida/emersonalmeida.github.io/project/uni/uni_v7.4.py", line 1868, in coletar_reviews_google_play
    "most_helpful": Sort.HELPFULNESS
  File "/Library/Developer/CommandLineTools/Library/Frameworks/Python3.framework/Versions/3.9/lib/python3.9/enum.py", line 429, in __getattr__
    raise AttributeError(name) from None
AttributeError: HELPFULNESS

2025-12-12 05:01:14,314 - UNI_v7.4 - INFO - Apple App Store: Iniciando coleta para 'bitcoin' (limite: 10, tentativa 1/3)
2025-12-12 05:01:14,315 - Base - INFO - Searching for app id
2025-12-12 05:01:14,315 - Base - DEBUG - Making a GET request: https://www.google.com/search
2025-12-12 05:01:14,325 - urllib3.connectionpool - DEBUG - Starting new HTTPS connection (1): www.google.com:443
2025-12-12 05:01:14,538 - urllib3.connectionpool - DEBUG - https://www.google.com:443 "GET /search?q=app+store+bitcoin HTTP/1.1" 200 None
2025-12-12 05:01:14,620 - UNI_v7.4 - WARNING - Apple App Store: Tentativa 1 falhou: 'NoneType' object has no attribute 'group'
2025-12-12 05:01:16,622 - UNI_v7.4 - INFO - Apple App Store: Iniciando coleta para 'bitcoin' (limite: 10, tentativa 2/3)
2025-12-12 05:01:16,623 - Base - INFO - Searching for app id
2025-12-12 05:01:16,624 - Base - DEBUG - Making a GET request: https://www.google.com/search
2025-12-12 05:01:16,630 - urllib3.connectionpool - DEBUG - Starting new HTTPS connection (1): www.google.com:443
2025-12-12 05:01:16,847 - urllib3.connectionpool - DEBUG - https://www.google.com:443 "GET /search?q=app+store+bitcoin HTTP/1.1" 200 None
2025-12-12 05:01:16,935 - UNI_v7.4 - WARNING - Apple App Store: Tentativa 2 falhou: 'NoneType' object has no attribute 'group'
2025-12-12 05:01:18,941 - UNI_v7.4 - INFO - Apple App Store: Iniciando coleta para 'bitcoin' (limite: 10, tentativa 3/3)
2025-12-12 05:01:18,942 - Base - INFO - Searching for app id
2025-12-12 05:01:18,943 - Base - DEBUG - Making a GET request: https://www.google.com/search
2025-12-12 05:01:18,949 - urllib3.connectionpool - DEBUG - Starting new HTTPS connection (1): www.google.com:443
2025-12-12 05:01:19,170 - urllib3.connectionpool - DEBUG - https://www.google.com:443 "GET /search?q=app+store+bitcoin HTTP/1.1" 200 None
2025-12-12 05:01:19,266 - UNI_v7.4 - WARNING - Apple App Store: Tentativa 3 falhou: 'NoneType' object has no attribute 'group'
2025-12-12 05:01:19,267 - UNI_v7.4 - ERROR - Apple App Store: Todas as tentativas falharam
2025-12-12 05:01:19,279 - UNI_v7.4 - DEBUG - Traceback (most recent call last):
  File "/Users/eas/Desktop/github/emersonalmeida/emersonalmeida.github.io/project/uni/uni_v7.4.py", line 2033, in coletar_apple_store
    store = AppStore(country=country, app_name=term)
  File "/Users/eas/Library/Python/3.9/lib/python/site-packages/app_store_scraper/app_store.py", line 23, in __init__
    super().__init__(
  File "/Users/eas/Library/Python/3.9/lib/python/site-packages/app_store_scraper/base.py", line 47, in __init__
    app_id = self.search_id()
  File "/Users/eas/Library/Python/3.9/lib/python/site-packages/app_store_scraper/base.py", line 175, in search_id
    app_id = re.search(pattern, self._response.text).group(1)
AttributeError: 'NoneType' object has no attribute 'group'

2025-12-12 05:01:19,279 - UNI_v7.4 - INFO - Reddit: Iniciando coleta para 'bitcoin' (subreddit: all, limite: 10)
2025-12-12 05:01:19,289 - urllib3.connectionpool - DEBUG - Starting new HTTPS connection (1): pypi.org:443
2025-12-12 05:01:19,332 - urllib3.connectionpool - DEBUG - https://pypi.org:443 "GET /pypi/praw/json HTTP/1.1" 200 36290
2025-12-12 05:01:19,338 - prawcore - DEBUG - Fetching: GET https://oauth.reddit.com/r/all/search/ at 1765526479.33896
2025-12-12 05:01:19,339 - prawcore - DEBUG - Data: None
2025-12-12 05:01:19,339 - prawcore - DEBUG - Params: {'limit': 10,
 'q': 'bitcoin',
 'raw_json': 1,
 'restrict_sr': False,
 'sort': 'relevance',
 'syntax': 'lucene',
 't': 'all'}
2025-12-12 05:01:19,349 - urllib3.connectionpool - DEBUG - Starting new HTTPS connection (1): www.reddit.com:443
2025-12-12 05:01:19,533 - urllib3.connectionpool - DEBUG - https://www.reddit.com:443 "POST /api/v1/access_token HTTP/1.1" 200 655
2025-12-12 05:01:19,546 - urllib3.connectionpool - DEBUG - Starting new HTTPS connection (1): oauth.reddit.com:443
2025-12-12 05:01:20,086 - urllib3.connectionpool - DEBUG - https://oauth.reddit.com:443 "GET /r/all/search/?q=bitcoin&restrict_sr=False&sort=relevance&syntax=lucene&t=all&limit=10&raw_json=1 HTTP/1.1" 200 8392
2025-12-12 05:01:20,091 - prawcore - DEBUG - Response: 200 (8392 bytes) (rst-520:rem-999.0:used-1 ratelimit) at 1765526480.091016
2025-12-12 05:01:20,094 - prawcore - DEBUG - Fetching: GET https://oauth.reddit.com/r/Buttcoin/about/ at 1765526480.0945501
2025-12-12 05:01:20,095 - prawcore - DEBUG - Data: None
2025-12-12 05:01:20,095 - prawcore - DEBUG - Params: {'raw_json': 1}
2025-12-12 05:01:20,291 - urllib3.connectionpool - DEBUG - https://oauth.reddit.com:443 "GET /r/Buttcoin/about/?raw_json=1 HTTP/1.1" 200 3589
2025-12-12 05:01:20,294 - prawcore - DEBUG - Response: 200 (3589 bytes) (rst-519:rem-998.0:used-2 ratelimit) at 1765526480.294295
2025-12-12 05:01:20,295 - UNI_v7.4 - ERROR - Reddit: name '_safe_get_author_attr' is not defined
2025-12-12 05:01:20,295 - UNI_v7.4 - DEBUG - Traceback (most recent call last):
  File "/Users/eas/Desktop/github/emersonalmeida/emersonalmeida.github.io/project/uni/uni_v7.4.py", line 1312, in coletar_reddit
    "author_flair": _safe_get_author_attr(post, 'flair_text'),
NameError: name '_safe_get_author_attr' is not defined

2025-12-12 05:01:20,296 - UNI_v7.4 - INFO - Google News: Iniciando coleta para 'bitcoin' (limite: 10)
2025-12-12 05:01:20,312 - urllib3.connectionpool - DEBUG - Starting new HTTPS connection (1): gnews.io:443
2025-12-12 05:01:20,938 - urllib3.connectionpool - DEBUG - https://gnews.io:443 "GET /api/v4/search?q=bitcoin&lang=pt&country=br&max=10&apikey=91a7bc222ecfdac6c60019c4fb1ec87c&from=10 HTTP/1.1" 200 None
2025-12-12 05:01:20,940 - UNI_v7.4 - INFO - Google News: Coletados 10 resultados com sucesso
2025-12-12 05:01:20,940 - UNI_v7.4 - INFO - arXiv: Iniciando coleta para 'bitcoin' (limite: 10)
2025-12-12 05:01:21,020 - urllib3.connectionpool - DEBUG - Starting new HTTP connection (1): export.arxiv.org:80
2025-12-12 05:01:21,038 - urllib3.connectionpool - DEBUG - http://export.arxiv.org:80 "GET /api/query?search_query=all:bitcoin&start=0&max_results=10&sortBy=relevance HTTP/1.1" 301 0
2025-12-12 05:01:21,042 - urllib3.connectionpool - DEBUG - Starting new HTTPS connection (1): export.arxiv.org:443
2025-12-12 05:01:21,078 - urllib3.connectionpool - DEBUG - https://export.arxiv.org:443 "GET /api/query?search_query=all:bitcoin&start=0&max_results=10&sortBy=relevance HTTP/1.1" 200 20025
2025-12-12 05:01:21,096 - UNI_v7.4 - INFO - arXiv: Coletados 10 resultados com sucesso
2025-12-12 05:01:21,096 - UNI_v7.4 - INFO - Google Scholar: Iniciando coleta para 'bitcoin' (limite: 10, tentativa 1/3)
2025-12-12 05:01:21,114 - urllib3.connectionpool - DEBUG - Starting new HTTPS connection (1): api.semanticscholar.org:443
2025-12-12 05:01:21,711 - urllib3.connectionpool - DEBUG - https://api.semanticscholar.org:443 "GET /graph/v1/paper/search?query=bitcoin&limit=10&fields=title%2Cauthors%2Cyear%2Curl%2Cabstract%2CcitationCount%2CreferenceCount%2Cvenue%2CfieldsOfStudy%2CpublicationTypes%2CpublicationDate%2Cjournal%2CexternalIds%2CisOpenAccess%2CopenAccessPdf HTTP/1.1" 429 144
2025-12-12 05:01:21,712 - urllib3.util.retry - DEBUG - Incremented Retry for (url='/graph/v1/paper/search?query=bitcoin&limit=10&fields=title%2Cauthors%2Cyear%2Curl%2Cabstract%2CcitationCount%2CreferenceCount%2Cvenue%2CfieldsOfStudy%2CpublicationTypes%2CpublicationDate%2Cjournal%2CexternalIds%2CisOpenAccess%2CopenAccessPdf'): Retry(total=4, connect=None, read=None, redirect=None, status=None)
2025-12-12 05:01:21,712 - urllib3.connectionpool - DEBUG - Retry: /graph/v1/paper/search?query=bitcoin&limit=10&fields=title%2Cauthors%2Cyear%2Curl%2Cabstract%2CcitationCount%2CreferenceCount%2Cvenue%2CfieldsOfStudy%2CpublicationTypes%2CpublicationDate%2Cjournal%2CexternalIds%2CisOpenAccess%2CopenAccessPdf
2025-12-12 05:01:22,275 - urllib3.connectionpool - DEBUG - https://api.semanticscholar.org:443 "GET /graph/v1/paper/search?query=bitcoin&limit=10&fields=title%2Cauthors%2Cyear%2Curl%2Cabstract%2CcitationCount%2CreferenceCount%2Cvenue%2CfieldsOfStudy%2CpublicationTypes%2CpublicationDate%2Cjournal%2CexternalIds%2CisOpenAccess%2CopenAccessPdf HTTP/1.1" 429 144
2025-12-12 05:01:22,275 - urllib3.util.retry - DEBUG - Incremented Retry for (url='/graph/v1/paper/search?query=bitcoin&limit=10&fields=title%2Cauthors%2Cyear%2Curl%2Cabstract%2CcitationCount%2CreferenceCount%2Cvenue%2CfieldsOfStudy%2CpublicationTypes%2CpublicationDate%2Cjournal%2CexternalIds%2CisOpenAccess%2CopenAccessPdf'): Retry(total=3, connect=None, read=None, redirect=None, status=None)
2025-12-12 05:01:23,277 - urllib3.connectionpool - DEBUG - Retry: /graph/v1/paper/search?query=bitcoin&limit=10&fields=title%2Cauthors%2Cyear%2Curl%2Cabstract%2CcitationCount%2CreferenceCount%2Cvenue%2CfieldsOfStudy%2CpublicationTypes%2CpublicationDate%2Cjournal%2CexternalIds%2CisOpenAccess%2CopenAccessPdf
2025-12-12 05:01:24,694 - urllib3.connectionpool - DEBUG - https://api.semanticscholar.org:443 "GET /graph/v1/paper/search?query=bitcoin&limit=10&fields=title%2Cauthors%2Cyear%2Curl%2Cabstract%2CcitationCount%2CreferenceCount%2Cvenue%2CfieldsOfStudy%2CpublicationTypes%2CpublicationDate%2Cjournal%2CexternalIds%2CisOpenAccess%2CopenAccessPdf HTTP/1.1" 200 21246
2025-12-12 05:01:24,695 - UNI_v7.4 - INFO - Google Scholar: Coletados 10 resultados com sucesso
2025-12-12 05:01:24,695 - UNI_v7.4 - INFO - Wikipedia: Iniciando coleta para 'bitcoin' (limite: 10, lang: pt)
2025-12-12 05:01:24,706 - urllib3.connectionpool - DEBUG - Starting new HTTPS connection (1): pt.wikipedia.org:443
2025-12-12 05:01:25,048 - urllib3.connectionpool - DEBUG - https://pt.wikipedia.org:443 "GET /w/api.php?action=query&format=json&list=search&srsearch=bitcoin&srlimit=10&srnamespace=0 HTTP/1.1" 200 None
2025-12-12 05:01:25,059 - urllib3.connectionpool - DEBUG - Starting new HTTPS connection (1): pt.wikipedia.org:443
2025-12-12 05:01:25,170 - urllib3.connectionpool - DEBUG - https://pt.wikipedia.org:443 "GET /api/rest_v1/page/summary/Bitcoin HTTP/1.1" 200 633
2025-12-12 05:01:25,179 - urllib3.connectionpool - DEBUG - Starting new HTTPS connection (1): pt.wikipedia.org:443
2025-12-12 05:01:25,290 - urllib3.connectionpool - DEBUG - https://pt.wikipedia.org:443 "GET /api/rest_v1/page/summary/Satoshi_Nakamoto HTTP/1.1" 200 996
2025-12-12 05:01:25,300 - urllib3.connectionpool - DEBUG - Starting new HTTPS connection (1): pt.wikipedia.org:443
2025-12-12 05:01:25,405 - urllib3.connectionpool - DEBUG - https://pt.wikipedia.org:443 "GET /api/rest_v1/page/summary/Mercado_Bitcoin HTTP/1.1" 200 779
2025-12-12 05:01:25,414 - urllib3.connectionpool - DEBUG - Starting new HTTPS connection (1): pt.wikipedia.org:443
2025-12-12 05:01:25,520 - urllib3.connectionpool - DEBUG - https://pt.wikipedia.org:443 "GET /api/rest_v1/page/summary/Minera%C3%A7%C3%A3o_de_Bitcoin HTTP/1.1" 200 795
2025-12-12 05:01:25,529 - urllib3.connectionpool - DEBUG - Starting new HTTPS connection (1): pt.wikipedia.org:443
2025-12-12 05:01:25,638 - urllib3.connectionpool - DEBUG - https://pt.wikipedia.org:443 "GET /api/rest_v1/page/summary/Litecoin HTTP/1.1" 200 723
2025-12-12 05:01:25,648 - urllib3.connectionpool - DEBUG - Starting new HTTPS connection (1): pt.wikipedia.org:443
2025-12-12 05:01:25,755 - urllib3.connectionpool - DEBUG - https://pt.wikipedia.org:443 "GET /api/rest_v1/page/summary/Monero HTTP/1.1" 200 656
2025-12-12 05:01:25,760 - urllib3.connectionpool - DEBUG - Starting new HTTPS connection (1): pt.wikipedia.org:443
2025-12-12 05:01:25,865 - urllib3.connectionpool - DEBUG - https://pt.wikipedia.org:443 "GET /api/rest_v1/page/summary/Hal_Finney HTTP/1.1" 200 775
2025-12-12 05:01:25,871 - urllib3.connectionpool - DEBUG - Starting new HTTPS connection (1): pt.wikipedia.org:443
2025-12-12 05:01:25,980 - urllib3.connectionpool - DEBUG - https://pt.wikipedia.org:443 "GET /api/rest_v1/page/summary/Vitalik_Buterin HTTP/1.1" 200 631
2025-12-12 05:01:25,987 - urllib3.connectionpool - DEBUG - Starting new HTTPS connection (1): pt.wikipedia.org:443
2025-12-12 05:01:26,104 - urllib3.connectionpool - DEBUG - https://pt.wikipedia.org:443 "GET /api/rest_v1/page/summary/El_Salvador HTTP/1.1" 200 903
2025-12-12 05:01:26,111 - urllib3.connectionpool - DEBUG - Starting new HTTPS connection (1): pt.wikipedia.org:443
2025-12-12 05:01:26,222 - urllib3.connectionpool - DEBUG - https://pt.wikipedia.org:443 "GET /api/rest_v1/page/summary/Criptomoeda HTTP/1.1" 200 946
2025-12-12 05:01:26,227 - UNI_v7.4 - INFO - Wikipedia: Coletados 10 resultados com sucesso
2025-12-12 05:01:26,238 - urllib3.connectionpool - DEBUG - Starting new HTTPS connection (1): api.github.com:443
2025-12-12 05:01:26,845 - urllib3.connectionpool - DEBUG - https://api.github.com:443 "GET /search/repositories?q=bitcoin&sort=stars&order=desc&per_page=10 HTTP/1.1" 200 None
2025-12-12 05:01:26,851 - UNI_v7.4 - INFO - GitHub: Coletados 10 resultados com sucesso
2025-12-12 05:01:26,851 - UNI_v7.4 - INFO - Hacker News: Iniciando coleta para 'bitcoin' (limite: 10)
2025-12-12 05:01:26,998 - urllib3.connectionpool - DEBUG - Starting new HTTPS connection (1): hn.algolia.com:443
2025-12-12 05:01:27,766 - urllib3.connectionpool - DEBUG - https://hn.algolia.com:443 "GET /api/v1/search?query=bitcoin&tags=story&hitsPerPage=10&numericFilters= HTTP/1.1" 200 14649
2025-12-12 05:01:27,771 - UNI_v7.4 - INFO - Hacker News: Coletados 10 resultados com sucesso
2025-12-12 05:01:27,772 - UNI_v7.4 - INFO - : JSON salvo em metadados_coleta.json
2025-12-12 05:01:27,783 - UNI_v7.4 - INFO - Suggest-chrome-web-top: Salvo 10 registros com 9 colunas em suggest_chrome_web_top.csv (0.6 KB)
2025-12-12 05:01:27,790 - UNI_v7.4 - INFO - Suggest-chrome-web-a-z: Salvo 10 registros com 9 colunas em suggest_chrome_web_a_z.csv (0.6 KB)
2025-12-12 05:01:27,792 - UNI_v7.4 - INFO - Suggest-chrome-youtube-top: Salvo 10 registros com 9 colunas em suggest_chrome_youtube_top.csv (0.6 KB)
2025-12-12 05:01:27,795 - UNI_v7.4 - INFO - Suggest-chrome-youtube-a-z: Salvo 10 registros com 9 colunas em suggest_chrome_youtube_a_z.csv (0.6 KB)
2025-12-12 05:01:27,798 - UNI_v7.4 - INFO - SERP-Bing: Salvo 10 registros com 13 colunas em serp_bing.csv (3.5 KB)
2025-12-12 05:01:27,801 - UNI_v7.4 - INFO - SERP-Google: Salvo 10 registros com 19 colunas em serp_google.csv (8.9 KB)
2025-12-12 05:01:27,803 - UNI_v7.4 - INFO - SERP-Brave: Salvo 10 registros com 13 colunas em serp_brave.csv (3.7 KB)
2025-12-12 05:01:27,805 - UNI_v7.4 - INFO - SERP-Duckduckgo: Salvo 10 registros com 8 colunas em serp_duckduckgo.csv (4.3 KB)
2025-12-12 05:01:27,808 - UNI_v7.4 - INFO - YouTube-relevance: Salvo 10 registros com 30 colunas em youtube_relevance.csv (22.7 KB)
2025-12-12 05:01:27,811 - UNI_v7.4 - INFO - YouTube-date: Salvo 10 registros com 30 colunas em youtube_date.csv (20.5 KB)
2025-12-12 05:01:27,814 - UNI_v7.4 - INFO - YouTube-viewCount: Salvo 10 registros com 30 colunas em youtube_viewcount.csv (5.5 KB)
2025-12-12 05:01:27,819 - UNI_v7.4 - INFO - AppStore-Google Play: Salvo 10 registros com 28 colunas em appstore_google_play.csv (43.5 KB)
2025-12-12 05:01:27,820 - UNI_v7.4 - INFO - Google News: Salvo 10 registros com 13 colunas em google_news.csv (8.4 KB)
2025-12-12 05:01:27,821 - UNI_v7.4 - INFO - arXiv: Salvo 10 registros com 18 colunas em arxiv.csv (14.0 KB)
2025-12-12 05:01:27,822 - UNI_v7.4 - INFO - Google Scholar: Salvo 10 registros com 20 colunas em google_scholar.csv (14.8 KB)
2025-12-12 05:01:27,824 - UNI_v7.4 - INFO - Wikipedia: Salvo 10 registros com 24 colunas em wikipedia.csv (14.4 KB)
2025-12-12 05:01:27,826 - UNI_v7.4 - INFO - GitHub: Salvo 10 registros com 38 colunas em github.csv (7.1 KB)
2025-12-12 05:01:27,826 - UNI_v7.4 - INFO - Hacker News: Salvo 10 registros com 18 colunas em hacker_news.csv (2.1 KB)
2025-12-12 05:01:27,827 - UNI_v7.4 - INFO - Iniciando criação da base de dados consolidada...
2025-12-12 05:01:27,852 - UNI_v7.4 - INFO - Base de dados consolidada salva: 180 registros, 180 colunas, 218.3 KB
2025-12-12 05:01:27,853 - UNI_v7.4 - WARNING - Não foi possível salvar Excel: No module named 'openpyxl'
2025-12-12 05:01:27,854 - UNI_v7.4 - WARNING - Não foi possível salvar Parquet: Unable to find a usable engine; tried using: 'pyarrow', 'fastparquet'.
A suitable version of pyarrow or fastparquet is required for parquet support.
Trying to import the above resulted in these errors:
 - Missing optional dependency 'pyarrow'. pyarrow is required for parquet support. Use pip or conda to install pyarrow.
 - Missing optional dependency 'fastparquet'. fastparquet is required for parquet support. Use pip or conda to install fastparquet.
2025-12-12 05:01:27,872 - UNI_v7.4 - INFO - Resumo: JSON salvo em resumo_estatistico_bitcoin_20251212_050127.json
2025-12-12 05:01:27,875 - UNI_v7.4 - INFO - : JSON salvo em resultados_completos.json
2025-12-12 05:01:27,895 - UNI_v7.4 - INFO - Qualidade: JSON salvo em analise_qualidade.json
2025-12-12 05:23:57,159 - UNI_v7.4 - ERROR - 
======================================================================
ERRO: Credenciais obrigatórias não configuradas!
======================================================================
As seguintes credenciais são necessárias:
  - Google Search API (google_api_key)
  - Google Custom Search Engine ID (google_cx)
  - YouTube API (youtube_api_key)
  - Reddit API Client ID (reddit_client_id)
  - Reddit API Client Secret (reddit_client_secret)

Configure via:
  1. Arquivo .env na raiz do projeto
  2. Variáveis de ambiente do sistema

Exemplo de .env:
  GOOGLE_API_KEY=sua_chave_aqui
  GOOGLE_CX=seu_cx_aqui
  YOUTUBE_API_KEY=sua_chave_aqui
  REDDIT_CLIENT_ID=seu_id_aqui
  REDDIT_CLIENT_SECRET=***MASKED***
======================================================================

2025-12-12 12:22:02,257 - UNI_v7.4 - ERROR - 
======================================================================
ERRO: Credenciais obrigatórias não configuradas!
======================================================================
As seguintes credenciais são necessárias:
  - Google Search API (google_api_key)
  - Google Custom Search Engine ID (google_cx)
  - YouTube API (youtube_api_key)
  - Reddit API Client ID (reddit_client_id)
  - Reddit API Client Secret (reddit_client_secret)

Configure via:
  1. Arquivo .env na raiz do projeto
  2. Variáveis de ambiente do sistema

Exemplo de .env:
  GOOGLE_API_KEY=sua_chave_aqui
  GOOGLE_CX=seu_cx_aqui
  YOUTUBE_API_KEY=sua_chave_aqui
  REDDIT_CLIENT_ID=seu_id_aqui
  REDDIT_CLIENT_SECRET=***MASKED***
======================================================================

