2025-12-12 05:39:17,425 - UNI_v5.1.3 - INFO - Google Suggest: Iniciando coleta para 'bangu' (limite: 15)
2025-12-12 05:39:17,433 - urllib3.connectionpool - DEBUG - Starting new HTTPS connection (1): suggestqueries.google.com:443
2025-12-12 05:39:17,640 - urllib3.connectionpool - DEBUG - https://suggestqueries.google.com:443 "GET /complete/search?q=bangu&gl=br&client=chrome&hl=pt HTTP/1.1" 200 None
2025-12-12 05:39:17,642 - UNI_v5.1.3 - INFO - Google Suggest: Coletados 15 resultados com sucesso
2025-12-12 05:39:17,642 - UNI_v5.1.3 - INFO - Google Suggest: Iniciando coleta para 'bangu' (limite: 15)
2025-12-12 05:39:17,749 - urllib3.connectionpool - DEBUG - https://suggestqueries.google.com:443 "GET /complete/search?q=bangu&gl=br&client=chrome&hl=pt HTTP/1.1" 200 None
2025-12-12 05:39:17,750 - UNI_v5.1.3 - INFO - Google Suggest: Coletados 15 resultados com sucesso
2025-12-12 05:39:17,750 - UNI_v5.1.3 - INFO - Google Suggest: Iniciando coleta para 'bangu' (limite: 15)
2025-12-12 05:39:17,847 - urllib3.connectionpool - DEBUG - https://suggestqueries.google.com:443 "GET /complete/search?q=bangu&gl=br&client=chrome&hl=pt HTTP/1.1" 200 None
2025-12-12 05:39:17,848 - UNI_v5.1.3 - INFO - Google Suggest: Coletados 0 resultados com sucesso
2025-12-12 05:39:17,848 - UNI_v5.1.3 - INFO - Google Suggest: Iniciando coleta para 'bangu' (limite: 15)
2025-12-12 05:39:17,949 - urllib3.connectionpool - DEBUG - https://suggestqueries.google.com:443 "GET /complete/search?q=bangu&gl=br&client=chrome&hl=pt HTTP/1.1" 200 None
2025-12-12 05:39:17,952 - UNI_v5.1.3 - INFO - Google Suggest: Coletados 0 resultados com sucesso
2025-12-12 05:39:17,955 - UNI_v5.1.3 - INFO - Google Suggest: Iniciando coleta para 'bangu' (limite: 15)
2025-12-12 05:39:18,050 - urllib3.connectionpool - DEBUG - https://suggestqueries.google.com:443 "GET /complete/search?q=bangu&gl=br&client=chrome&hl=pt&ds=yt HTTP/1.1" 200 289
2025-12-12 05:39:18,051 - UNI_v5.1.3 - INFO - Google Suggest: Coletados 15 resultados com sucesso
2025-12-12 05:39:18,051 - UNI_v5.1.3 - INFO - Google Suggest: Iniciando coleta para 'bangu' (limite: 15)
2025-12-12 05:39:18,138 - urllib3.connectionpool - DEBUG - https://suggestqueries.google.com:443 "GET /complete/search?q=bangu&gl=br&client=chrome&hl=pt&ds=yt HTTP/1.1" 200 289
2025-12-12 05:39:18,138 - UNI_v5.1.3 - INFO - Google Suggest: Coletados 15 resultados com sucesso
2025-12-12 05:39:18,138 - UNI_v5.1.3 - INFO - Google Suggest: Iniciando coleta para 'bangu' (limite: 15)
2025-12-12 05:39:18,244 - urllib3.connectionpool - DEBUG - https://suggestqueries.google.com:443 "GET /complete/search?q=bangu&gl=br&client=chrome&hl=pt&ds=yt HTTP/1.1" 200 289
2025-12-12 05:39:18,244 - UNI_v5.1.3 - INFO - Google Suggest: Coletados 0 resultados com sucesso
2025-12-12 05:39:18,244 - UNI_v5.1.3 - INFO - Google Suggest: Iniciando coleta para 'bangu' (limite: 15)
2025-12-12 05:39:18,346 - urllib3.connectionpool - DEBUG - https://suggestqueries.google.com:443 "GET /complete/search?q=bangu&gl=br&client=chrome&hl=pt&ds=yt HTTP/1.1" 200 289
2025-12-12 05:39:18,347 - UNI_v5.1.3 - INFO - Google Suggest: Coletados 0 resultados com sucesso
2025-12-12 05:39:18,347 - UNI_v5.1.3 - INFO - Google: Iniciando coleta para 'bangu' (limite: 20, tentativa 1/3)
2025-12-12 05:39:18,347 - UNI_v5.1.3 - INFO - Bing: Iniciando coleta para 'bangu' (limite: 20, tentativa 1/3)
2025-12-12 05:39:18,348 - UNI_v5.1.3 - INFO - Brave: Iniciando coleta para 'bangu' (limite: 20, tentativa 1/3)
2025-12-12 05:39:18,349 - UNI_v5.1.3 - INFO - DuckDuckGo: Iniciando coleta para 'bangu' (limite: 20, tentativa 1/3)
2025-12-12 05:39:18,352 - urllib3.connectionpool - DEBUG - Starting new HTTPS connection (1): api.search.brave.com:443
2025-12-12 05:39:18,352 - urllib3.connectionpool - DEBUG - Starting new HTTPS connection (1): serpapi.com:443
2025-12-12 05:39:18,354 - googleapiclient.discovery_cache - INFO - file_cache is only supported with oauth2client<4.0.0
2025-12-12 05:39:18,360 - googleapiclient.discovery - DEBUG - URL being requested: GET https://customsearch.googleapis.com/customsearch/v1?q=bangu&cx=f07ccd3b922d6437b&gl=br&lr=lang_pt&start=1&num=10&safe=off&key=AIzaSyBj80B2fwVvFEMtcQU8tPV_NCNaEmQvzhc&alt=json
2025-12-12 05:39:18,492 - primp.utils - DEBUG - Loaded CA certs
2025-12-12 05:39:18,493 - primp.utils - DEBUG - Loaded CA certs
2025-12-12 05:39:18,493 - primp.utils - DEBUG - Loaded CA certs
2025-12-12 05:39:18,493 - primp.utils - DEBUG - Loaded CA certs
2025-12-12 05:39:18,493 - primp.utils - DEBUG - Loaded CA certs
2025-12-12 05:39:18,498 - primp.utils - DEBUG - Loaded CA certs
2025-12-12 05:39:18,498 - primp.utils - DEBUG - Loaded CA certs
2025-12-12 05:39:18,498 - primp.utils - DEBUG - Loaded CA certs
2025-12-12 05:39:18,499 - ddgs.ddgs - INFO - Error in engine wikipedia: ValueError('not enough values to unpack (expected 2, got 1)')
2025-12-12 05:39:18,499 - ddgs.ddgs - INFO - Error in engine brave: ValueError('not enough values to unpack (expected 2, got 1)')
2025-12-12 05:39:18,499 - ddgs.ddgs - INFO - Error in engine bing: ValueError('not enough values to unpack (expected 2, got 1)')
2025-12-12 05:39:18,499 - httpcore.connection - DEBUG - connect_tcp.started host='html.duckduckgo.com' port=443 local_address=None timeout=5 socket_options=None
2025-12-12 05:39:18,500 - rquest.connect - DEBUG - starting new connection: https://yandex.com/
2025-12-12 05:39:18,501 - rquest.util.client.connect.dns - DEBUG - resolving yandex.com
2025-12-12 05:39:18,509 - rquest.util.client.connect.http - DEBUG - connecting to 77.88.55.88:443
2025-12-12 05:39:18,784 - httpcore.connection - DEBUG - connect_tcp.complete return_value=<httpcore._backends.sync.SyncStream object at 0x1123d7640>
2025-12-12 05:39:18,784 - httpcore.connection - DEBUG - start_tls.started ssl_context=<ssl.SSLContext object at 0x1124cbe40> server_hostname='html.duckduckgo.com' timeout=5
2025-12-12 05:39:18,796 - rquest.util.client.connect.http - DEBUG - connected to 77.88.55.88:443
2025-12-12 05:39:18,821 - httpcore.connection - DEBUG - start_tls.complete return_value=<httpcore._backends.sync.SyncStream object at 0x10ded1c70>
2025-12-12 05:39:18,822 - httpcore.http2 - DEBUG - send_connection_init.started request=<Request [b'POST']>
2025-12-12 05:39:18,822 - httpcore.http2 - DEBUG - send_connection_init.complete
2025-12-12 05:39:18,822 - httpcore.http2 - DEBUG - send_request_headers.started request=<Request [b'POST']> stream_id=1
2025-12-12 05:39:18,823 - hpack.hpack - DEBUG - Adding (b':method', b'POST') to the header table, sensitive:False, huffman:True
2025-12-12 05:39:18,823 - hpack.hpack - DEBUG - Encoding 3 with 7 bits
2025-12-12 05:39:18,823 - hpack.hpack - DEBUG - Adding (b':authority', b'html.duckduckgo.com') to the header table, sensitive:False, huffman:True
2025-12-12 05:39:18,823 - hpack.hpack - DEBUG - Encoding 1 with 6 bits
2025-12-12 05:39:18,823 - hpack.hpack - DEBUG - Encoding 14 with 7 bits
2025-12-12 05:39:18,823 - hpack.hpack - DEBUG - Adding (b':scheme', b'https') to the header table, sensitive:False, huffman:True
2025-12-12 05:39:18,823 - hpack.hpack - DEBUG - Encoding 7 with 7 bits
2025-12-12 05:39:18,823 - hpack.hpack - DEBUG - Adding (b':path', b'/html/') to the header table, sensitive:False, huffman:True
2025-12-12 05:39:18,823 - hpack.hpack - DEBUG - Encoding 4 with 6 bits
2025-12-12 05:39:18,823 - hpack.hpack - DEBUG - Encoding 5 with 7 bits
2025-12-12 05:39:18,823 - hpack.hpack - DEBUG - Adding (b'accept', b'*/*') to the header table, sensitive:False, huffman:True
2025-12-12 05:39:18,824 - hpack.hpack - DEBUG - Encoding 19 with 6 bits
2025-12-12 05:39:18,824 - hpack.hpack - DEBUG - Encoding 3 with 7 bits
2025-12-12 05:39:18,824 - hpack.hpack - DEBUG - Adding (b'accept-encoding', b'gzip, deflate, br') to the header table, sensitive:False, huffman:True
2025-12-12 05:39:18,824 - hpack.hpack - DEBUG - Encoding 16 with 6 bits
2025-12-12 05:39:18,824 - hpack.hpack - DEBUG - Encoding 13 with 7 bits
2025-12-12 05:39:18,824 - hpack.hpack - DEBUG - Adding (b'user-agent', b'python-httpx/0.28.1') to the header table, sensitive:False, huffman:True
2025-12-12 05:39:18,824 - hpack.hpack - DEBUG - Encoding 58 with 6 bits
2025-12-12 05:39:18,824 - hpack.hpack - DEBUG - Encoding 14 with 7 bits
2025-12-12 05:39:18,824 - hpack.hpack - DEBUG - Adding (b'content-length', b'15') to the header table, sensitive:False, huffman:True
2025-12-12 05:39:18,824 - hpack.hpack - DEBUG - Encoding 28 with 6 bits
2025-12-12 05:39:18,824 - hpack.hpack - DEBUG - Encoding 2 with 7 bits
2025-12-12 05:39:18,824 - hpack.hpack - DEBUG - Adding (b'content-type', b'application/x-www-form-urlencoded') to the header table, sensitive:False, huffman:True
2025-12-12 05:39:18,824 - hpack.hpack - DEBUG - Encoding 31 with 6 bits
2025-12-12 05:39:18,825 - hpack.hpack - DEBUG - Encoding 24 with 7 bits
2025-12-12 05:39:18,825 - hpack.hpack - DEBUG - Encoded header block to b"\x83A\x8e\x9d4\xd0\xbc\x96\x93\xac\x96\x93\xac\xc7\\\x87\xa7\x87D\x85bt\xd3C\x1fS\x83\xf9c\xe7P\x8d\x9b\xd9\xab\xfaRB\xcb@\xd2_\xa5#\xb3z\x8e\xaf\xd2g=KN\x94\xd7\xe5\x80.'\x97\x0f\\\x82\x0b\x7f_\x98\x1du\xd0b\r&=Ly[\xc7\x8f\x0bJ{)Z\xdb(-D<\x85\x93"
2025-12-12 05:39:18,825 - httpcore.http2 - DEBUG - send_request_headers.complete
2025-12-12 05:39:18,825 - httpcore.http2 - DEBUG - send_request_body.started request=<Request [b'POST']> stream_id=1
2025-12-12 05:39:18,825 - httpcore.http2 - DEBUG - send_request_body.complete
2025-12-12 05:39:18,825 - httpcore.http2 - DEBUG - receive_response_headers.started request=<Request [b'POST']> stream_id=1
2025-12-12 05:39:18,826 - httpcore.http2 - DEBUG - receive_remote_settings.started
2025-12-12 05:39:18,826 - httpcore.http2 - DEBUG - receive_remote_settings.complete return_value=<RemoteSettingsChanged changed_settings:{ChangedSetting(setting=SettingCodes.MAX_CONCURRENT_STREAMS, original_value=None, new_value=100), ChangedSetting(setting=SettingCodes.INITIAL_WINDOW_SIZE, original_value=65535, new_value=65536), ChangedSetting(setting=SettingCodes.MAX_FRAME_SIZE, original_value=16384, new_value=16777215)}>
2025-12-12 05:39:18,869 - hpack.hpack - DEBUG - Decoding b' H\x03202v\x84\xaacU\xe7a\x96\xc3a\xbe\x94\x08\x94\xbeR( \t\xb5\x00\xf5\xc6_\xb8\x17\x94\xc5\xa3\x7f_\x92I|\xa5\x89\xd3M\x1fj\x12q\xd8\x82\xa6\x0e\x1b\xf0\xac\xf7\x00\x8aAl\xee[\x16I\xa95S\x7f\x9eI\xd2:>\xe4\xb6\xc8\x04\xd7\xdc\x85A \xfen\x8c\x9dKT\x8ao:GB\x9f\xfb\xab\xff\x9f\xcf\x00\x04vary\x85\xd5a\xa65_\x00\x91Bl1\x12\xb2l\x1dH\xac\xf6%d\x14\x96\xd8d\xfa\x8c\xa4~V\x1c\xc5\x81\x90\xb6\xcb\x80\x00?\x00\x89\xf2\xb5\x87\x8c\xe9B\xc9\x1c\xdf\x85\xa8\xe6\xaaB\xf9\x00\x8d\xac\xb6Rd \xc7\xa9\x0bVz\x0cO_\x8e5I-\x85BV!\xe7=\x89\x83\xfa\xfe\xff\x00\x90!\xeaIjJ\xc8)-\xb0\xc9\xf4\xb5g\xa0\xc4\xf5\xff\xe4\t\x90\xb2\x8e\xda\x12\xb2,"\x9f\xea\xa3\xd4_\xf4\xa7\xda\x84=U\x14\x89Y\x16\x11E\'JkE\xc6\x18\x92\xd2u\\fRt\xa6\xb4\\a\x8f\x95\xe4\xb4\x9dW\x19\x94\x9d)\xad\x17\x18bKI\xd6KI\xd6c\xaeC\xd2\xa4\xe9Mh\xb8\xc3\x1f+\xc9i:\xc9i:\xccu\xc8zT\x9d)\xad\x17\x18bKI\xd6KI\xd6c\xcd3B\xf3\xd0\xe4t^YGA\xa0\xfe\x0e;%\x8ebS\xdeSR9R\x97\x13\xe0s#\xc7\xb2{\x1c\x8b\x9e\xa3\x1e\xa6\x14\x9d)\xad\x17\x18a\x15\xd8Q\xc9]\x86\xee2z\\\x87\xa5O\xb5)\x1dF\x94\xa8J\xc8\xb0\x8a):SZ.0\xc4\x96\x93\xaa\xe32\x93\xa55\xa2\xe3\x0c|\xaf%\xa4\xea\xb8\xcc\xa4\xe9Mh\xb8\xc3\x12ZN\xb2ZN\xb3\x1dr\x1e\x95\'JkE\xc6\x18\xf9^KI\xd6KI\xd6c\xaeC\xd2\xa4\xe9Mh\xb8\xc3\x12ZN\xb2ZN\xb3\x1ei\x9a\x17\x9e\x87#\xa2\xf2\xca:\r\x07\xf0q\xd9,s\x12\x9e\xf2\x9a\x91\xca\x94\xb8\x9f\x03\x99\x1e=\x93\xd8\xe4\\\xf5\x18\xf50\xa4\xe9Mh\xb8\xc3\x08\xae\xc2\x8eJ\xec7q\x93\xd2\xe4=*}\xa9Id0\xd6E\x84QI\xd2\x9a\xd1q\x86$\xb4\x9dW\x19\x94\x9d)\xad\x17\x18c\xe5y-\'U\xc6e\'JkE\xc6\x18\x92\xd2u\x92\xd2u\x98\xeb\x90\xf4\xa9:SZ.0\xc7\xca\xf2ZN\xb2ZN\xb3\x1dr\x1e\x95\'JkE\xc6\x18\x92\xd2u\x92\xd2u\x98\xf3L\xd0\xbc\xf49\x1d\x17\x96Q\xd0h?\x83\x8e\xc9c\x98\x94\xf7\x94\xd4\x8eT\xa5\xc4\xf8\x1c\xc8\xf1\xec\x9e\xc7"\xe7\xa8\xc7\xa9\x85\'JkE\xc6\x18Ev\x14rWa\xbb\x8c\x9e\x97!\xe9S\xedD\x12\xc3V\x95\x91a\x14\x8e\x83\xc7qE\'JkE\xc6\x18\x92\xd2u\\fRt\xa6\xb4\\a\x8f\x95\xe4\xb4\x9dW\x19\x94\x9d)\xad\x17\x18bKI\xd6KI\xd6c\xaeC\xd2\xa4\xe9Mh\xb8\xc3\x1f+\xc9i:\xc9i:\xccu\xc8zT\x9d)\xad\x17\x18bKI\xd6KI\xd6c\xcd3B\xf3\xd0\xe4t^YGA\xa0\xfe\x0e;%\x8ebS\xdeSR9R\x97\x13\xe0s#\xc7\xb2{\x1c\x8b\x9e\xa3\x1e\xa6\x14\x9d)\xad\x17\x18a\x15\xd8Q\xc9]\x86\xee2z\\\x87\xa5O\xb5%=IY\x16\x11I\x06\x91\xdcQI\xd2\x9a\xd1q\x86$\xb4\x9dW\x19\x94\x9d)\xad\x17\x18c\xe5y-\'U\xc6e\'JkE\xc6\x18\x92\xd2u\x92\xd2u\x98\xeb\x90\xf4\xa9:SZ.0\xc7\xca\xf2ZN\xb2ZN\xb3\x1dr\x1e\x95\'JkE\xc6\x18\x92\xd2u\x92\xd2u\x98\xf3L\xd0\xbc\xf49\x1d\x17\x96Q\xd0h?\x83\x8e\xc9c\x98\x94\xf7\x94\xd4\x8eT\xa5\xc4\xf8\x1c\xc8\xf1\xec\x9e\xc7"\xe7\xa8\xc7\xa9\x85\'JkE\xc6\x18Ev\x14rWa\xbb\x8c\x9e\x97!\xe9S\xedCS2\xc8\xb0\x8aH4\x8e\xe2\x8aN\x94\xd6\x8b\x8c1%\xa4\xea\xb8\xcc\xa4\xe9Mh\xb8\xc3\x1f+\xc9i:\xae3):SZ.0\xc4\x96\x93\xac\x96\x93\xac\xc7\\\x87\xa5I\xd2\x9a\xd1q\x86>W\x92\xd2u\x92\xd2u\x98\xeb\x90\xf4\xa9:SZ.0\xc4\x96\x93\xac\x96\x93\xac\xc7\x9af\x85\xe7\xa1\xc8\xe8\xbc\xb2\x8e\x83A\xfc\x1cvK\x1c\xc4\xa7\xbc\xa6\xa4r\xa5.\'\xc0\xe6G\x8fd\xf69\x17=F=L):SZ.0\xc2+\xb0\xa3\x92\xbb\r\xdcd\xf4\xb9\x0fJ\x9fj!>\xa8*\xc8\xb0\x8a):SZ.0\xc4\x96\x93\xaa\xe32\x93\xa55\xa2\xe3\x0c|\xaf%\xa4\xea\xb8\xcc\xa4\xe9Mh\xb8\xc3\x12ZN\xb2ZN\xb3\x1dr\x1e\x95\'JkE\xc6\x18\xf9^KI\xd6KI\xd6c\xaeC\xd2\xa4\xe9Mh\xb8\xc3\x12ZN\xb2ZN\xb3\x1ei\x9a\x17\x9e\x87#\xa2\xf2\xca:\r\x07\xf0q\xd9,s\x12\x9e\xf2\x9a\x91\xca\x94\xb8\x9f\x03\x99\x1e=\x93\xd8\xe4\\\xf5\x18\xf50\xa4\xe9Mh\xb8\xc3\x08\xae\xc2\x8eJ\xec7q\x93\xd2\xe4=*}\xa8x\xfa\x14\x89Y\x16\x11O\xf5Q\xea/\xfaS\xedO\x07\xb3\xa9lY\x16\x11H\xe8<w\x14\xfbP\x93\x9a\x89\x16E\x84R:\x0f\x1d\xc5\x14\x9d)\xad\x17\x18bKI\xd5q\x99I\xd2\x9a\xd1q\x86>W\x92\xd2u\\fRt\xa6\xb4\\a\x89-\'Y-\'Y\x8e\xb9\x0fJ\x93\xa55\xa2\xe3\x0c|\xaf%\xa4\xeb%\xa4\xeb1\xd7!\xe9Rt\xa6\xb4\\a\x89-\'Y-\'Y\x8f4\xcd\x0b\xcfC\x91\xd1ye\x1d\x06\x83\xf88\xec\x969\x89OyMH\xe5J\\O\x81\xcc\x8f\x1e\xc9\xecr.z\x8cz\x98Rt\xa6\xb4\\a\x84WaG%v\x1b\xb8\xc9\xe9r\x1e\x95>\xd4\x96\xc1\xd2U\x91a\x14\x8e\x83\xc7qE\'JkE\xc6\x18\x92\xd2u\\fRt\xa6\xb4\\a\x8f\x95\xe4\xb4\x9dW\x19\x94\x9d)\xad\x17\x18bKI\xd6KI\xd6c\xaeC\xd2\xa4\xe9Mh\xb8\xc3\x1f+\xc9i:\xc9i:\xccu\xc8zT\x9d)\xad\x17\x18bKI\xd6KI\xd6c\xcd3B\xf3\xd0\xe4t^YGA\xa0\xfe\x0e;%\x8ebS\xdeSR9R\x97\x13\xe0s#\xc7\xb2{\x1c\x8b\x9e\xa3\x1e\xa6\x14\x9d)\xad\x17\x18a\x15\xd8Q\xc9]\x86\xee2z\\\x87\xa5O\xb5%\xb0t\x95a\xd4B\xa1\'\xb1\n\x7f\xa4\x16\x89\x7f\xd2\x9fjF4\x15kl2\x9f\xe9\x05\xa2_\xf4\xa7\xda\x91\xd0ruXtP\xb5&\xf2Y\x16!\xeaIjJ\x9f\x7f\x00\x8b\xf2\xb4\xb6\x0e\x92\xacz\xd2c\xd4\x8f\x89\xdd\x0e\x8c\x1a\xb6\xe4\xc5\x93O\x00\x8c\xf2\xb7\x94!j\xec:JD\x98\xf5\x7f\x89\x0f\xdd\'\x90\xb0GA\xc9\xd7\x00\x90\xf2\xb1\x0fRKRVO\xaa\xca\xb1\xebI\x8fR?\x85\xa8\xe8\xa8\xd2\xcb\x00\x8b\xb0\xb2\x96\xcb\x0bb\xd5\x9e\x83\x13\xd7\x85=\x86\x98\xd5\x7f\x00\x87/\x9a\xcaD\xacD\xff\x87\xa4~V\x1c\xc5\x80\x1f'
2025-12-12 05:39:18,870 - hpack.hpack - DEBUG - Decoded 0, consumed 1 bytes
2025-12-12 05:39:18,870 - hpack.table - DEBUG - Resizing header table to 0 from 4096
2025-12-12 05:39:18,870 - hpack.hpack - DEBUG - Decoded 8, consumed 1 bytes
2025-12-12 05:39:18,870 - hpack.hpack - DEBUG - Decoded 3, consumed 1 bytes
2025-12-12 05:39:18,870 - hpack.hpack - DEBUG - Decoded (b':status', <memory at 0x11254f7c0>), total consumed 5 bytes, indexed True
2025-12-12 05:39:18,870 - hpack.hpack - DEBUG - Decoded 54, consumed 1 bytes
2025-12-12 05:39:18,870 - hpack.hpack - DEBUG - Decoded 4, consumed 1 bytes
2025-12-12 05:39:18,870 - hpack.hpack - DEBUG - Decoded (b'server', b'nginx'), total consumed 6 bytes, indexed True
2025-12-12 05:39:18,870 - hpack.hpack - DEBUG - Decoded 33, consumed 1 bytes
2025-12-12 05:39:18,870 - hpack.hpack - DEBUG - Decoded 22, consumed 1 bytes
2025-12-12 05:39:18,871 - hpack.hpack - DEBUG - Decoded (b'date', b'Fri, 12 Dec 2025 08:39:18 GMT'), total consumed 24 bytes, indexed True
2025-12-12 05:39:18,871 - hpack.hpack - DEBUG - Decoded 31, consumed 1 bytes
2025-12-12 05:39:18,871 - hpack.hpack - DEBUG - Decoded 18, consumed 1 bytes
2025-12-12 05:39:18,871 - hpack.hpack - DEBUG - Decoded (b'content-type', b'text/html; charset=UTF-8'), total consumed 20 bytes, indexed True
2025-12-12 05:39:18,871 - hpack.hpack - DEBUG - Decoded 10, consumed 1 bytes
2025-12-12 05:39:18,871 - hpack.hpack - DEBUG - Decoded 30, consumed 1 bytes
2025-12-12 05:39:18,871 - hpack.hpack - DEBUG - Decoded (b'server-timing', b'total;dur=24;desc="Backend Total [n]"'), total consumed 43 bytes, indexed False
2025-12-12 05:39:18,871 - hpack.hpack - DEBUG - Decoded 4, consumed 1 bytes
2025-12-12 05:39:18,871 - hpack.hpack - DEBUG - Decoded 5, consumed 1 bytes
2025-12-12 05:39:18,871 - hpack.hpack - DEBUG - Decoded (<memory at 0x11254f700>, b'Origin'), total consumed 12 bytes, indexed False
2025-12-12 05:39:18,871 - hpack.hpack - DEBUG - Decoded 17, consumed 1 bytes
2025-12-12 05:39:18,871 - hpack.hpack - DEBUG - Decoded 12, consumed 1 bytes
2025-12-12 05:39:18,871 - hpack.hpack - DEBUG - Decoded (b'strict-transport-security', b'max-age=31536000'), total consumed 32 bytes, indexed False
2025-12-12 05:39:18,871 - hpack.hpack - DEBUG - Decoded 9, consumed 1 bytes
2025-12-12 05:39:18,872 - hpack.hpack - DEBUG - Decoded 5, consumed 1 bytes
2025-12-12 05:39:18,872 - hpack.hpack - DEBUG - Decoded (b'x-robots-tag', b'noindex'), total consumed 17 bytes, indexed False
2025-12-12 05:39:18,872 - hpack.hpack - DEBUG - Decoded 13, consumed 1 bytes
2025-12-12 05:39:18,872 - hpack.hpack - DEBUG - Decoded 14, consumed 1 bytes
2025-12-12 05:39:18,872 - hpack.hpack - DEBUG - Decoded (b'permissions-policy', b'interest-cohort=()'), total consumed 30 bytes, indexed False
2025-12-12 05:39:18,872 - hpack.hpack - DEBUG - Decoded 16, consumed 1 bytes
2025-12-12 05:39:18,872 - hpack.hpack - DEBUG - Decoded 1379, consumed 3 bytes
2025-12-12 05:39:18,872 - hpack.hpack - DEBUG - Decoded (b'content-security-policy', b"default-src 'none' ; connect-src  https://duck.ai https://*.duck.ai https://duckduckgo.com https://*.duckduckgo.com https://duckduckgogg42xjoc72x3sjasowoarfbgcmvfimaftt6twagswzczad.onion/ https://spreadprivacy.com ; manifest-src  https://duck.ai https://*.duck.ai https://duckduckgo.com https://*.duckduckgo.com https://duckduckgogg42xjoc72x3sjasowoarfbgcmvfimaftt6twagswzczad.onion/ https://spreadprivacy.com ; media-src  https://duck.ai https://*.duck.ai https://duckduckgo.com https://*.duckduckgo.com https://duckduckgogg42xjoc72x3sjasowoarfbgcmvfimaftt6twagswzczad.onion/ https://spreadprivacy.com ; script-src blob:  https://duck.ai https://*.duck.ai https://duckduckgo.com https://*.duckduckgo.com https://duckduckgogg42xjoc72x3sjasowoarfbgcmvfimaftt6twagswzczad.onion/ https://spreadprivacy.com ; font-src data:  https://duck.ai https://*.duck.ai https://duckduckgo.com https://*.duckduckgo.com https://duckduckgogg42xjoc72x3sjasowoarfbgcmvfimaftt6twagswzczad.onion/ https://spreadprivacy.com ; img-src data:  https://duck.ai https://*.duck.ai https://duckduckgo.com https://*.duckduckgo.com https://duckduckgogg42xjoc72x3sjasowoarfbgcmvfimaftt6twagswzczad.onion/ https://spreadprivacy.com ; style-src  https://duck.ai https://*.duck.ai https://duckduckgo.com https://*.duckduckgo.com https://duckduckgogg42xjoc72x3sjasowoarfbgcmvfimaftt6twagswzczad.onion/ https://spreadprivacy.com ; object-src 'none' ; worker-src blob: ; child-src blob:  https://duck.ai https://*.duck.ai https://duckduckgo.com https://*.duckduckgo.com https://duckduckgogg42xjoc72x3sjasowoarfbgcmvfimaftt6twagswzczad.onion/ https://spreadprivacy.com ; frame-src blob:  https://duck.ai https://*.duck.ai https://duckduckgo.com https://*.duckduckgo.com https://duckduckgogg42xjoc72x3sjasowoarfbgcmvfimaftt6twagswzczad.onion/ https://spreadprivacy.com ; frame-ancestors 'self' ; base-uri 'self' ; block-all-mixed-content ;"), total consumed 1400 bytes, indexed False
2025-12-12 05:39:18,872 - hpack.hpack - DEBUG - Decoded 11, consumed 1 bytes
2025-12-12 05:39:18,873 - hpack.hpack - DEBUG - Decoded 9, consumed 1 bytes
2025-12-12 05:39:18,873 - hpack.hpack - DEBUG - Decoded (b'x-frame-options', b'SAMEORIGIN'), total consumed 23 bytes, indexed False
2025-12-12 05:39:18,873 - hpack.hpack - DEBUG - Decoded 12, consumed 1 bytes
2025-12-12 05:39:18,873 - hpack.hpack - DEBUG - Decoded 9, consumed 1 bytes
2025-12-12 05:39:18,873 - hpack.hpack - DEBUG - Decoded (b'x-xss-protection', b'1;mode=block'), total consumed 24 bytes, indexed False
2025-12-12 05:39:18,873 - hpack.hpack - DEBUG - Decoded 16, consumed 1 bytes
2025-12-12 05:39:18,873 - hpack.hpack - DEBUG - Decoded 5, consumed 1 bytes
2025-12-12 05:39:18,873 - hpack.hpack - DEBUG - Decoded (b'x-content-type-options', b'nosniff'), total consumed 24 bytes, indexed False
2025-12-12 05:39:18,873 - hpack.hpack - DEBUG - Decoded 11, consumed 1 bytes
2025-12-12 05:39:18,873 - hpack.hpack - DEBUG - Decoded 5, consumed 1 bytes
2025-12-12 05:39:18,873 - hpack.hpack - DEBUG - Decoded (b'referrer-policy', b'origin'), total consumed 19 bytes, indexed False
2025-12-12 05:39:18,873 - hpack.hpack - DEBUG - Decoded 7, consumed 1 bytes
2025-12-12 05:39:18,873 - hpack.hpack - DEBUG - Decoded 7, consumed 1 bytes
2025-12-12 05:39:18,873 - hpack.hpack - DEBUG - Decoded (b'expect-ct', b'max-age=0'), total consumed 17 bytes, indexed False
2025-12-12 05:39:18,873 - httpcore.http2 - DEBUG - receive_response_headers.complete return_value=(202, [(b'server', b'nginx'), (b'date', b'Fri, 12 Dec 2025 08:39:18 GMT'), (b'content-type', b'text/html; charset=UTF-8'), (b'server-timing', b'total;dur=24;desc="Backend Total [n]"'), (b'vary', b'Origin'), (b'strict-transport-security', b'max-age=31536000'), (b'x-robots-tag', b'noindex'), (b'permissions-policy', b'interest-cohort=()'), (b'content-security-policy', b"default-src 'none' ; connect-src  https://duck.ai https://*.duck.ai https://duckduckgo.com https://*.duckduckgo.com https://duckduckgogg42xjoc72x3sjasowoarfbgcmvfimaftt6twagswzczad.onion/ https://spreadprivacy.com ; manifest-src  https://duck.ai https://*.duck.ai https://duckduckgo.com https://*.duckduckgo.com https://duckduckgogg42xjoc72x3sjasowoarfbgcmvfimaftt6twagswzczad.onion/ https://spreadprivacy.com ; media-src  https://duck.ai https://*.duck.ai https://duckduckgo.com https://*.duckduckgo.com https://duckduckgogg42xjoc72x3sjasowoarfbgcmvfimaftt6twagswzczad.onion/ https://spreadprivacy.com ; script-src blob:  https://duck.ai https://*.duck.ai https://duckduckgo.com https://*.duckduckgo.com https://duckduckgogg42xjoc72x3sjasowoarfbgcmvfimaftt6twagswzczad.onion/ https://spreadprivacy.com ; font-src data:  https://duck.ai https://*.duck.ai https://duckduckgo.com https://*.duckduckgo.com https://duckduckgogg42xjoc72x3sjasowoarfbgcmvfimaftt6twagswzczad.onion/ https://spreadprivacy.com ; img-src data:  https://duck.ai https://*.duck.ai https://duckduckgo.com https://*.duckduckgo.com https://duckduckgogg42xjoc72x3sjasowoarfbgcmvfimaftt6twagswzczad.onion/ https://spreadprivacy.com ; style-src  https://duck.ai https://*.duck.ai https://duckduckgo.com https://*.duckduckgo.com https://duckduckgogg42xjoc72x3sjasowoarfbgcmvfimaftt6twagswzczad.onion/ https://spreadprivacy.com ; object-src 'none' ; worker-src blob: ; child-src blob:  https://duck.ai https://*.duck.ai https://duckduckgo.com https://*.duckduckgo.com https://duckduckgogg42xjoc72x3sjasowoarfbgcmvfimaftt6twagswzczad.onion/ https://spreadprivacy.com ; frame-src blob:  https://duck.ai https://*.duck.ai https://duckduckgo.com https://*.duckduckgo.com https://duckduckgogg42xjoc72x3sjasowoarfbgcmvfimaftt6twagswzczad.onion/ https://spreadprivacy.com ; frame-ancestors 'self' ; base-uri 'self' ; block-all-mixed-content ;"), (b'x-frame-options', b'SAMEORIGIN'), (b'x-xss-protection', b'1;mode=block'), (b'x-content-type-options', b'nosniff'), (b'referrer-policy', b'origin'), (b'expect-ct', b'max-age=0')])
2025-12-12 05:39:18,874 - httpx - INFO - HTTP Request: POST https://html.duckduckgo.com/html/ "HTTP/2 202 Accepted"
2025-12-12 05:39:18,874 - httpcore.http2 - DEBUG - receive_response_body.started request=<Request [b'POST']> stream_id=1
2025-12-12 05:39:18,885 - httpcore.http2 - DEBUG - receive_response_body.complete
2025-12-12 05:39:18,885 - httpcore.http2 - DEBUG - response_closed.started stream_id=1
2025-12-12 05:39:18,885 - httpcore.http2 - DEBUG - response_closed.complete
2025-12-12 05:39:19,024 - googleapiclient.discovery - DEBUG - URL being requested: GET https://customsearch.googleapis.com/customsearch/v1?q=bangu&cx=f07ccd3b922d6437b&gl=br&lr=lang_pt&start=11&num=10&safe=off&key=AIzaSyBj80B2fwVvFEMtcQU8tPV_NCNaEmQvzhc&alt=json
2025-12-12 05:39:19,092 - rquest.util.client.pool - DEBUG - pooling idle connection for PoolKey { uri: https://yandex.com/, alpn_protos: None, network: default }
2025-12-12 05:39:19,257 - UNI_v5.1.3 - INFO - Google: Coletados 20 resultados com sucesso
2025-12-12 05:39:19,423 - urllib3.connectionpool - DEBUG - https://api.search.brave.com:443 "GET /res/v1/web/search?q=bangu&count=20&offset=0&country=br&safesearch=off HTTP/1.1" 200 None
2025-12-12 05:39:19,599 - UNI_v5.1.3 - INFO - Brave: Coletados 19 resultados com sucesso
2025-12-12 05:39:20,073 - cookie_store.cookie_store - DEBUG - inserting secure cookie 'is_gdpr'
2025-12-12 05:39:20,073 - cookie_store.cookie_store - DEBUG - inserting secure cookie 'is_gdpr_b'
2025-12-12 05:39:20,073 - cookie_store.cookie_store - DEBUG - inserting secure cookie '_yasc'
2025-12-12 05:39:20,073 - cookie_store.cookie_store - DEBUG - inserting secure cookie 'i'
2025-12-12 05:39:20,074 - cookie_store.cookie_store - DEBUG - inserting secure cookie 'yandexuid'
2025-12-12 05:39:20,074 - cookie_store.cookie_store - DEBUG - inserting secure cookie 'yashr'
2025-12-12 05:39:20,074 - cookie_store.cookie_store - DEBUG - inserting secure cookie 'bh'
2025-12-12 05:39:20,074 - primp - INFO - response: https://yandex.com/search/site/?text=bangu&web=1&searchid=2365496 200
2025-12-12 05:39:20,132 - rquest.connect - DEBUG - starting new connection: https://search.yahoo.com/
2025-12-12 05:39:20,132 - rquest.util.client.connect.dns - DEBUG - resolving search.yahoo.com
2025-12-12 05:39:20,142 - rquest.util.client.connect.http - DEBUG - connecting to 66.218.84.137:443
2025-12-12 05:39:20,347 - rquest.util.client.connect.http - DEBUG - connected to 66.218.84.137:443
2025-12-12 05:39:20,559 - rquest.util.client.pool - DEBUG - pooling idle connection for PoolKey { uri: https://search.yahoo.com/, alpn_protos: None, network: default }
2025-12-12 05:39:21,214 - cookie_store.cookie_store - DEBUG - inserting secure cookie 'lkl'
2025-12-12 05:39:21,215 - cookie_store.cookie_store - DEBUG - inserting secure cookie 'A1'
2025-12-12 05:39:21,215 - cookie_store.cookie_store - DEBUG - inserting secure cookie 'A3'
2025-12-12 05:39:21,215 - cookie_store.cookie_store - DEBUG - inserting secure cookie 'A1S'
2025-12-12 05:39:21,215 - cookie_store.cookie_store - DEBUG - inserting secure cookie 'dflow'
2025-12-12 05:39:21,215 - primp - INFO - response: https://search.yahoo.com/search;_ylt=VI4OVbHh4AL1e-MGUfRVVELD;_ylu=Ri-DWCp1ygSyS-4zSpdISMXisNs3BGO7VctNPH0hx2HKZ38?p=bangu 200
2025-12-12 05:39:21,839 - ddgs.ddgs - INFO - Error in engine mojeek: ValueError('not enough values to unpack (expected 2, got 1)')
2025-12-12 05:39:21,840 - ddgs.ddgs - INFO - Error in engine mullvad_brave: ValueError('not enough values to unpack (expected 2, got 1)')
2025-12-12 05:39:21,840 - ddgs.ddgs - INFO - Error in engine mullvad_google: ValueError('not enough values to unpack (expected 2, got 1)')
2025-12-12 05:39:21,840 - UNI_v5.1.3 - INFO - DuckDuckGo: Coletados 17 resultados com sucesso
2025-12-12 05:39:23,359 - urllib3.connectionpool - DEBUG - https://serpapi.com:443 "GET /search?engine=bing&q=bangu&cc=br&count=20&api_key=e71430bcff8bdc906f7a5ed9ae1538355c2efb0fb88ffa071f7125a76cc2b142&safe=off HTTP/1.1" 200 None
2025-12-12 05:39:23,363 - UNI_v5.1.3 - INFO - Bing: Coletados 10 resultados com sucesso
2025-12-12 05:39:23,363 - UNI_v5.1.3 - INFO - YouTube: Iniciando coleta para 'bangu' (limite: 20)
2025-12-12 05:39:23,366 - googleapiclient.discovery_cache - INFO - file_cache is only supported with oauth2client<4.0.0
2025-12-12 05:39:23,373 - googleapiclient.discovery - DEBUG - URL being requested: GET https://youtube.googleapis.com/youtube/v3/search?part=snippet&q=bangu&type=video&maxResults=20&order=relevance&regionCode=BR&relevanceLanguage=pt&key=AIzaSyBj80B2fwVvFEMtcQU8tPV_NCNaEmQvzhc&alt=json
2025-12-12 05:39:23,829 - googleapiclient.discovery - DEBUG - URL being requested: GET https://youtube.googleapis.com/youtube/v3/videos?part=statistics%2CcontentDetails%2Csnippet%2Cstatus&id=p5Y-e7YV1mI%2Cz7AcatmiwaM%2CV9aTtmJCeZA%2CfKVf18DDZUw%2CEKjhxdCXOPY%2C0L5FgDVAtTI%2Ch5PTll3IINw%2CQteds88_f_A%2CcwlV4-8-dXs%2CCMg3ri-i68w%2CguYSKF2IBSY%2CCvS8WNJ6030%2CyJkxP37XtE4%2CqmOTc4AkUKc%2C8tXuWjDRGXs%2CEsFbKoiQs_Y%2ClCj7IC2K_A8%2CLS7LRrY57EU%2CTk4CHWqRzmU%2Ct5jaK8ZxdcE%2CMiTDbGC8wbw%2CwakernHgYi4%2CDy7oLqBHvUw%2Ch-v_16oSTQQ%2CPKoM2tFOXL8&key=AIzaSyBj80B2fwVvFEMtcQU8tPV_NCNaEmQvzhc&alt=json
2025-12-12 05:39:24,194 - UNI_v5.1.3 - INFO - YouTube: Coletados 20 resultados com sucesso
2025-12-12 05:39:24,195 - UNI_v5.1.3 - ERROR - Erro ao coletar YouTube: name 'coletar_comentarios_youtube' is not defined
2025-12-12 05:39:24,197 - UNI_v5.1.3 - DEBUG - Traceback (most recent call last):
  File "/Users/eas/Desktop/github/emersonalmeida/emersonalmeida.github.io/project/uni/uni_v5.1.py", line 3836, in modo_personalizado
    comentarios = coletar_comentarios_youtube(
NameError: name 'coletar_comentarios_youtube' is not defined

2025-12-12 05:39:24,197 - UNI_v5.1.3 - INFO - YouTube: Iniciando coleta para 'bangu' (limite: 20)
2025-12-12 05:39:24,198 - googleapiclient.discovery_cache - INFO - file_cache is only supported with oauth2client<4.0.0
2025-12-12 05:39:24,202 - googleapiclient.discovery - DEBUG - URL being requested: GET https://youtube.googleapis.com/youtube/v3/search?part=snippet&q=bangu&type=video&maxResults=20&order=date&regionCode=BR&relevanceLanguage=pt&key=AIzaSyBj80B2fwVvFEMtcQU8tPV_NCNaEmQvzhc&alt=json
2025-12-12 05:39:24,483 - googleapiclient.discovery - DEBUG - URL being requested: GET https://youtube.googleapis.com/youtube/v3/videos?part=statistics%2CcontentDetails%2Csnippet%2Cstatus&id=sEFsmCMPyaY%2CGFq80SC174g%2C-u4FfRMEJJE%2Cw4f8xU98oG0%2C0Eq2VtYqoPU%2Cy3Rg9I4TMeg%2CaHa51scl0PU%2CsQfdy6IDsCc%2Cc2dZuQI0o_U%2CyZxoJM4cg7w%2Cggdxj-xbhVM%2CzZZ5PqnXjzo%2CDIoaysLXROQ%2CR3vPbTD1lFw%2CJpJ0MyQeo7E%2ChRruZRjEJjc%2CL9cEOVA2U2I%2CbjOS-kjuDVA%2CEn8lxF8XRk4%2CPIpN6WQgvmA&key=AIzaSyBj80B2fwVvFEMtcQU8tPV_NCNaEmQvzhc&alt=json
2025-12-12 05:39:24,826 - UNI_v5.1.3 - INFO - YouTube: Coletados 20 resultados com sucesso
2025-12-12 05:39:24,826 - UNI_v5.1.3 - ERROR - Erro ao coletar YouTube: name 'coletar_comentarios_youtube' is not defined
2025-12-12 05:39:24,827 - UNI_v5.1.3 - DEBUG - Traceback (most recent call last):
  File "/Users/eas/Desktop/github/emersonalmeida/emersonalmeida.github.io/project/uni/uni_v5.1.py", line 3836, in modo_personalizado
    comentarios = coletar_comentarios_youtube(
NameError: name 'coletar_comentarios_youtube' is not defined

2025-12-12 05:39:24,827 - UNI_v5.1.3 - INFO - YouTube: Iniciando coleta para 'bangu' (limite: 20)
2025-12-12 05:39:24,827 - googleapiclient.discovery_cache - INFO - file_cache is only supported with oauth2client<4.0.0
2025-12-12 05:39:24,830 - googleapiclient.discovery - DEBUG - URL being requested: GET https://youtube.googleapis.com/youtube/v3/search?part=snippet&q=bangu&type=video&maxResults=20&order=viewCount&regionCode=BR&relevanceLanguage=pt&key=AIzaSyBj80B2fwVvFEMtcQU8tPV_NCNaEmQvzhc&alt=json
2025-12-12 05:39:25,250 - googleapiclient.discovery - DEBUG - URL being requested: GET https://youtube.googleapis.com/youtube/v3/videos?part=statistics%2CcontentDetails%2Csnippet%2Cstatus&id=cwlV4-8-dXs%2CGHn3FdeS7IM%2CQteds88_f_A%2CNkUAuafyJ6Q%2CEKjhxdCXOPY%2CfKVf18DDZUw%2CXskAJgb87GU%2CSCpRpDVrBlU%2C_lxdy6s6xQg%2C6VRBkQQSPyE%2CdrrS_GWJlug%2CKtvhKwKBE8Y%2CbZXaWx0cfbY%2CwakernHgYi4%2CPKoM2tFOXL8%2ClCj7IC2K_A8%2CfZxQtmFU5bQ%2Crz6XyMbKbWE%2CWoN7m5fCePQ%2CrLKarLTd5bE&key=AIzaSyBj80B2fwVvFEMtcQU8tPV_NCNaEmQvzhc&alt=json
2025-12-12 05:39:25,602 - UNI_v5.1.3 - INFO - YouTube: Coletados 20 resultados com sucesso
2025-12-12 05:39:25,602 - UNI_v5.1.3 - ERROR - Erro ao coletar YouTube: name 'coletar_comentarios_youtube' is not defined
2025-12-12 05:39:25,602 - UNI_v5.1.3 - DEBUG - Traceback (most recent call last):
  File "/Users/eas/Desktop/github/emersonalmeida/emersonalmeida.github.io/project/uni/uni_v5.1.py", line 3836, in modo_personalizado
    comentarios = coletar_comentarios_youtube(
NameError: name 'coletar_comentarios_youtube' is not defined

2025-12-12 05:39:25,607 - UNI_v5.1.3 - INFO - Google Play: Iniciando coleta para 'bangu' (limite: 20, tentativa 1/3)
2025-12-12 05:39:32,052 - UNI_v5.1.3 - INFO - Google Play: Coletados 18 resultados com sucesso
2025-12-12 05:39:32,676 - UNI_v5.1.3 - INFO - Google Play Reviews: Coletados 100 reviews para app com.nu.production
2025-12-12 05:39:32,677 - UNI_v5.1.3 - INFO - Google Play Reviews: Ordenação 'oldest' não disponível - usando 'newest' + ordenação manual
2025-12-12 05:39:33,234 - UNI_v5.1.3 - INFO - Google Play Reviews: Coletados 100 reviews para app com.nu.production
2025-12-12 05:39:33,841 - UNI_v5.1.3 - INFO - Google Play Reviews: Coletados 100 reviews para app com.nu.production
2025-12-12 05:39:34,414 - UNI_v5.1.3 - INFO - Google Play Reviews: Coletados 100 reviews para app com.nu.production
2025-12-12 05:39:34,415 - UNI_v5.1.3 - INFO - Google Play Reviews: Ordenação 'most_helpful' não disponível - usando 'rating' como fallback
2025-12-12 05:39:34,981 - UNI_v5.1.3 - INFO - Google Play Reviews: Coletados 100 reviews para app com.nu.production
2025-12-12 05:39:35,624 - UNI_v5.1.3 - INFO - Google Play Reviews: Coletados 100 reviews para app com.itau
2025-12-12 05:39:35,624 - UNI_v5.1.3 - INFO - Google Play Reviews: Ordenação 'oldest' não disponível - usando 'newest' + ordenação manual
2025-12-12 05:39:36,217 - UNI_v5.1.3 - INFO - Google Play Reviews: Coletados 100 reviews para app com.itau
2025-12-12 05:39:37,024 - UNI_v5.1.3 - INFO - Google Play Reviews: Coletados 100 reviews para app com.itau
2025-12-12 05:39:37,611 - UNI_v5.1.3 - INFO - Google Play Reviews: Coletados 100 reviews para app com.itau
2025-12-12 05:39:37,612 - UNI_v5.1.3 - INFO - Google Play Reviews: Ordenação 'most_helpful' não disponível - usando 'rating' como fallback
2025-12-12 05:39:38,218 - UNI_v5.1.3 - INFO - Google Play Reviews: Coletados 100 reviews para app com.itau
2025-12-12 05:39:38,898 - UNI_v5.1.3 - INFO - Google Play Reviews: Coletados 100 reviews para app com.luizalabs.mlapp
2025-12-12 05:39:38,899 - UNI_v5.1.3 - INFO - Google Play Reviews: Ordenação 'oldest' não disponível - usando 'newest' + ordenação manual
2025-12-12 05:39:39,477 - UNI_v5.1.3 - INFO - Google Play Reviews: Coletados 100 reviews para app com.luizalabs.mlapp
2025-12-12 05:39:40,304 - UNI_v5.1.3 - INFO - Google Play Reviews: Coletados 100 reviews para app com.luizalabs.mlapp
2025-12-12 05:39:40,885 - UNI_v5.1.3 - INFO - Google Play Reviews: Coletados 100 reviews para app com.luizalabs.mlapp
2025-12-12 05:39:40,886 - UNI_v5.1.3 - INFO - Google Play Reviews: Ordenação 'most_helpful' não disponível - usando 'rating' como fallback
2025-12-12 05:39:41,457 - UNI_v5.1.3 - INFO - Google Play Reviews: Coletados 100 reviews para app com.luizalabs.mlapp
2025-12-12 05:39:42,129 - UNI_v5.1.3 - INFO - Google Play Reviews: Coletados 100 reviews para app com.novapontocom.casasbahia
2025-12-12 05:39:42,130 - UNI_v5.1.3 - INFO - Google Play Reviews: Ordenação 'oldest' não disponível - usando 'newest' + ordenação manual
2025-12-12 05:39:42,730 - UNI_v5.1.3 - INFO - Google Play Reviews: Coletados 100 reviews para app com.novapontocom.casasbahia
2025-12-12 05:39:43,564 - UNI_v5.1.3 - INFO - Google Play Reviews: Coletados 100 reviews para app com.novapontocom.casasbahia
2025-12-12 05:39:44,160 - UNI_v5.1.3 - INFO - Google Play Reviews: Coletados 100 reviews para app com.novapontocom.casasbahia
2025-12-12 05:39:44,161 - UNI_v5.1.3 - INFO - Google Play Reviews: Ordenação 'most_helpful' não disponível - usando 'rating' como fallback
2025-12-12 05:39:44,758 - UNI_v5.1.3 - INFO - Google Play Reviews: Coletados 100 reviews para app com.novapontocom.casasbahia
2025-12-12 05:39:45,364 - UNI_v5.1.3 - INFO - Google Play Reviews: Coletados 100 reviews para app br.com.bb.android
2025-12-12 05:39:45,365 - UNI_v5.1.3 - INFO - Google Play Reviews: Ordenação 'oldest' não disponível - usando 'newest' + ordenação manual
2025-12-12 05:39:45,949 - UNI_v5.1.3 - INFO - Google Play Reviews: Coletados 100 reviews para app br.com.bb.android
2025-12-12 05:39:46,701 - UNI_v5.1.3 - INFO - Google Play Reviews: Coletados 100 reviews para app br.com.bb.android
2025-12-12 05:39:47,443 - UNI_v5.1.3 - INFO - Google Play Reviews: Coletados 100 reviews para app br.com.bb.android
2025-12-12 05:39:47,444 - UNI_v5.1.3 - INFO - Google Play Reviews: Ordenação 'most_helpful' não disponível - usando 'rating' como fallback
2025-12-12 05:39:48,035 - UNI_v5.1.3 - INFO - Google Play Reviews: Coletados 100 reviews para app br.com.bb.android
2025-12-12 05:39:48,837 - UNI_v5.1.3 - INFO - Google Play Reviews: Coletados 100 reviews para app com.mobile.legends
2025-12-12 05:39:48,838 - UNI_v5.1.3 - INFO - Google Play Reviews: Ordenação 'oldest' não disponível - usando 'newest' + ordenação manual
2025-12-12 05:39:49,424 - UNI_v5.1.3 - INFO - Google Play Reviews: Coletados 100 reviews para app com.mobile.legends
2025-12-12 05:39:50,479 - UNI_v5.1.3 - INFO - Google Play Reviews: Coletados 100 reviews para app com.mobile.legends
2025-12-12 05:39:51,199 - UNI_v5.1.3 - INFO - Google Play Reviews: Coletados 100 reviews para app com.mobile.legends
2025-12-12 05:39:51,200 - UNI_v5.1.3 - INFO - Google Play Reviews: Ordenação 'most_helpful' não disponível - usando 'rating' como fallback
2025-12-12 05:39:51,786 - UNI_v5.1.3 - INFO - Google Play Reviews: Coletados 100 reviews para app com.mobile.legends
2025-12-12 05:39:52,527 - UNI_v5.1.3 - INFO - Google Play Reviews: Coletados 100 reviews para app br.com.uol.ps.myaccount
2025-12-12 05:39:52,528 - UNI_v5.1.3 - INFO - Google Play Reviews: Ordenação 'oldest' não disponível - usando 'newest' + ordenação manual
2025-12-12 05:39:53,152 - UNI_v5.1.3 - INFO - Google Play Reviews: Coletados 100 reviews para app br.com.uol.ps.myaccount
2025-12-12 05:39:53,812 - UNI_v5.1.3 - INFO - Google Play Reviews: Coletados 100 reviews para app br.com.uol.ps.myaccount
2025-12-12 05:39:54,593 - UNI_v5.1.3 - INFO - Google Play Reviews: Coletados 100 reviews para app br.com.uol.ps.myaccount
2025-12-12 05:39:54,594 - UNI_v5.1.3 - INFO - Google Play Reviews: Ordenação 'most_helpful' não disponível - usando 'rating' como fallback
2025-12-12 05:39:55,175 - UNI_v5.1.3 - INFO - Google Play Reviews: Coletados 100 reviews para app br.com.uol.ps.myaccount
2025-12-12 05:39:55,823 - UNI_v5.1.3 - INFO - Google Play Reviews: Coletados 100 reviews para app com.artech.eaplic.havan
2025-12-12 05:39:55,823 - UNI_v5.1.3 - INFO - Google Play Reviews: Ordenação 'oldest' não disponível - usando 'newest' + ordenação manual
2025-12-12 05:39:56,405 - UNI_v5.1.3 - INFO - Google Play Reviews: Coletados 100 reviews para app com.artech.eaplic.havan
2025-12-12 05:39:57,144 - UNI_v5.1.3 - INFO - Google Play Reviews: Coletados 100 reviews para app com.artech.eaplic.havan
2025-12-12 05:39:57,754 - UNI_v5.1.3 - INFO - Google Play Reviews: Coletados 100 reviews para app com.artech.eaplic.havan
2025-12-12 05:39:57,755 - UNI_v5.1.3 - INFO - Google Play Reviews: Ordenação 'most_helpful' não disponível - usando 'rating' como fallback
2025-12-12 05:39:58,374 - UNI_v5.1.3 - INFO - Google Play Reviews: Coletados 100 reviews para app com.artech.eaplic.havan
2025-12-12 05:39:58,997 - UNI_v5.1.3 - INFO - Google Play Reviews: Coletados 100 reviews para app br.com.meupag
2025-12-12 05:39:58,998 - UNI_v5.1.3 - INFO - Google Play Reviews: Ordenação 'oldest' não disponível - usando 'newest' + ordenação manual
2025-12-12 05:39:59,612 - UNI_v5.1.3 - INFO - Google Play Reviews: Coletados 100 reviews para app br.com.meupag
2025-12-12 05:40:00,313 - UNI_v5.1.3 - INFO - Google Play Reviews: Coletados 100 reviews para app br.com.meupag
2025-12-12 05:40:01,013 - UNI_v5.1.3 - INFO - Google Play Reviews: Coletados 100 reviews para app br.com.meupag
2025-12-12 05:40:01,014 - UNI_v5.1.3 - INFO - Google Play Reviews: Ordenação 'most_helpful' não disponível - usando 'rating' como fallback
2025-12-12 05:40:01,612 - UNI_v5.1.3 - INFO - Google Play Reviews: Coletados 100 reviews para app br.com.meupag
2025-12-12 05:40:02,252 - UNI_v5.1.3 - INFO - Google Play Reviews: Coletados 100 reviews para app com.tinder
2025-12-12 05:40:02,253 - UNI_v5.1.3 - INFO - Google Play Reviews: Ordenação 'oldest' não disponível - usando 'newest' + ordenação manual
2025-12-12 05:40:02,809 - UNI_v5.1.3 - INFO - Google Play Reviews: Coletados 100 reviews para app com.tinder
2025-12-12 05:40:03,566 - UNI_v5.1.3 - INFO - Google Play Reviews: Coletados 100 reviews para app com.tinder
2025-12-12 05:40:04,165 - UNI_v5.1.3 - INFO - Google Play Reviews: Coletados 100 reviews para app com.tinder
2025-12-12 05:40:04,166 - UNI_v5.1.3 - INFO - Google Play Reviews: Ordenação 'most_helpful' não disponível - usando 'rating' como fallback
2025-12-12 05:40:04,731 - UNI_v5.1.3 - INFO - Google Play Reviews: Coletados 100 reviews para app com.tinder
2025-12-12 05:40:05,332 - UNI_v5.1.3 - INFO - Google Play Reviews: Coletados 100 reviews para app com.busuu.android.enc
2025-12-12 05:40:05,333 - UNI_v5.1.3 - INFO - Google Play Reviews: Ordenação 'oldest' não disponível - usando 'newest' + ordenação manual
2025-12-12 05:40:05,922 - UNI_v5.1.3 - INFO - Google Play Reviews: Coletados 100 reviews para app com.busuu.android.enc
2025-12-12 05:40:06,766 - UNI_v5.1.3 - INFO - Google Play Reviews: Coletados 100 reviews para app com.busuu.android.enc
2025-12-12 05:40:07,386 - UNI_v5.1.3 - INFO - Google Play Reviews: Coletados 100 reviews para app com.busuu.android.enc
2025-12-12 05:40:07,387 - UNI_v5.1.3 - INFO - Google Play Reviews: Ordenação 'most_helpful' não disponível - usando 'rating' como fallback
2025-12-12 05:40:07,972 - UNI_v5.1.3 - INFO - Google Play Reviews: Coletados 100 reviews para app com.busuu.android.enc
2025-12-12 05:40:08,627 - UNI_v5.1.3 - INFO - Google Play Reviews: Coletados 100 reviews para app br.com.carrefour
2025-12-12 05:40:08,627 - UNI_v5.1.3 - INFO - Google Play Reviews: Ordenação 'oldest' não disponível - usando 'newest' + ordenação manual
2025-12-12 05:40:09,199 - UNI_v5.1.3 - INFO - Google Play Reviews: Coletados 100 reviews para app br.com.carrefour
2025-12-12 05:40:10,033 - UNI_v5.1.3 - INFO - Google Play Reviews: Coletados 100 reviews para app br.com.carrefour
2025-12-12 05:40:10,653 - UNI_v5.1.3 - INFO - Google Play Reviews: Coletados 100 reviews para app br.com.carrefour
2025-12-12 05:40:10,653 - UNI_v5.1.3 - INFO - Google Play Reviews: Ordenação 'most_helpful' não disponível - usando 'rating' como fallback
2025-12-12 05:40:11,253 - UNI_v5.1.3 - INFO - Google Play Reviews: Coletados 100 reviews para app br.com.carrefour
2025-12-12 05:40:11,905 - UNI_v5.1.3 - INFO - Google Play Reviews: Coletados 100 reviews para app com.mgensuite.airfox.recharge
2025-12-12 05:40:11,906 - UNI_v5.1.3 - INFO - Google Play Reviews: Ordenação 'oldest' não disponível - usando 'newest' + ordenação manual
2025-12-12 05:40:12,497 - UNI_v5.1.3 - INFO - Google Play Reviews: Coletados 100 reviews para app com.mgensuite.airfox.recharge
2025-12-12 05:40:13,382 - UNI_v5.1.3 - INFO - Google Play Reviews: Coletados 100 reviews para app com.mgensuite.airfox.recharge
2025-12-12 05:40:13,961 - UNI_v5.1.3 - INFO - Google Play Reviews: Coletados 100 reviews para app com.mgensuite.airfox.recharge
2025-12-12 05:40:13,962 - UNI_v5.1.3 - INFO - Google Play Reviews: Ordenação 'most_helpful' não disponível - usando 'rating' como fallback
2025-12-12 05:40:14,598 - UNI_v5.1.3 - INFO - Google Play Reviews: Coletados 100 reviews para app com.mgensuite.airfox.recharge
2025-12-12 05:40:15,235 - UNI_v5.1.3 - INFO - Google Play Reviews: Coletados 100 reviews para app br.com.bancopan.cartoes
2025-12-12 05:40:15,236 - UNI_v5.1.3 - INFO - Google Play Reviews: Ordenação 'oldest' não disponível - usando 'newest' + ordenação manual
2025-12-12 05:40:15,810 - UNI_v5.1.3 - INFO - Google Play Reviews: Coletados 100 reviews para app br.com.bancopan.cartoes
2025-12-12 05:40:16,540 - UNI_v5.1.3 - INFO - Google Play Reviews: Coletados 100 reviews para app br.com.bancopan.cartoes
2025-12-12 05:40:17,112 - UNI_v5.1.3 - INFO - Google Play Reviews: Coletados 100 reviews para app br.com.bancopan.cartoes
2025-12-12 05:40:17,113 - UNI_v5.1.3 - INFO - Google Play Reviews: Ordenação 'most_helpful' não disponível - usando 'rating' como fallback
2025-12-12 05:40:17,667 - UNI_v5.1.3 - INFO - Google Play Reviews: Coletados 100 reviews para app br.com.bancopan.cartoes
2025-12-12 05:40:18,309 - UNI_v5.1.3 - INFO - Google Play Reviews: Coletados 100 reviews para app burgerking.com.br.appandroid
2025-12-12 05:40:18,309 - UNI_v5.1.3 - INFO - Google Play Reviews: Ordenação 'oldest' não disponível - usando 'newest' + ordenação manual
2025-12-12 05:40:18,880 - UNI_v5.1.3 - INFO - Google Play Reviews: Coletados 100 reviews para app burgerking.com.br.appandroid
2025-12-12 05:40:19,587 - UNI_v5.1.3 - INFO - Google Play Reviews: Coletados 100 reviews para app burgerking.com.br.appandroid
2025-12-12 05:40:20,185 - UNI_v5.1.3 - INFO - Google Play Reviews: Coletados 100 reviews para app burgerking.com.br.appandroid
2025-12-12 05:40:20,186 - UNI_v5.1.3 - INFO - Google Play Reviews: Ordenação 'most_helpful' não disponível - usando 'rating' como fallback
2025-12-12 05:40:20,739 - UNI_v5.1.3 - INFO - Google Play Reviews: Coletados 100 reviews para app burgerking.com.br.appandroid
2025-12-12 05:40:21,402 - UNI_v5.1.3 - INFO - Google Play Reviews: Coletados 100 reviews para app br.com.multiplan.mind.multishopping
2025-12-12 05:40:21,403 - UNI_v5.1.3 - INFO - Google Play Reviews: Ordenação 'oldest' não disponível - usando 'newest' + ordenação manual
2025-12-12 05:40:21,999 - UNI_v5.1.3 - INFO - Google Play Reviews: Coletados 100 reviews para app br.com.multiplan.mind.multishopping
2025-12-12 05:40:22,716 - UNI_v5.1.3 - INFO - Google Play Reviews: Coletados 100 reviews para app br.com.multiplan.mind.multishopping
2025-12-12 05:40:23,279 - UNI_v5.1.3 - INFO - Google Play Reviews: Coletados 100 reviews para app br.com.multiplan.mind.multishopping
2025-12-12 05:40:23,280 - UNI_v5.1.3 - INFO - Google Play Reviews: Ordenação 'most_helpful' não disponível - usando 'rating' como fallback
2025-12-12 05:40:23,844 - UNI_v5.1.3 - INFO - Google Play Reviews: Coletados 100 reviews para app br.com.multiplan.mind.multishopping
2025-12-12 05:40:24,517 - UNI_v5.1.3 - INFO - Google Play Reviews: Coletados 100 reviews para app br.com.sicoobnet
2025-12-12 05:40:24,518 - UNI_v5.1.3 - INFO - Google Play Reviews: Ordenação 'oldest' não disponível - usando 'newest' + ordenação manual
2025-12-12 05:40:25,129 - UNI_v5.1.3 - INFO - Google Play Reviews: Coletados 100 reviews para app br.com.sicoobnet
2025-12-12 05:40:25,811 - UNI_v5.1.3 - INFO - Google Play Reviews: Coletados 100 reviews para app br.com.sicoobnet
2025-12-12 05:40:26,387 - UNI_v5.1.3 - INFO - Google Play Reviews: Coletados 100 reviews para app br.com.sicoobnet
2025-12-12 05:40:26,388 - UNI_v5.1.3 - INFO - Google Play Reviews: Ordenação 'most_helpful' não disponível - usando 'rating' como fallback
2025-12-12 05:40:26,999 - UNI_v5.1.3 - INFO - Google Play Reviews: Coletados 100 reviews para app br.com.sicoobnet
2025-12-12 05:40:27,804 - UNI_v5.1.3 - INFO - Google Play Reviews: Coletados 100 reviews para app com.cartaoluiza.app
2025-12-12 05:40:27,805 - UNI_v5.1.3 - INFO - Google Play Reviews: Ordenação 'oldest' não disponível - usando 'newest' + ordenação manual
2025-12-12 05:40:28,378 - UNI_v5.1.3 - INFO - Google Play Reviews: Coletados 100 reviews para app com.cartaoluiza.app
2025-12-12 05:40:29,189 - UNI_v5.1.3 - INFO - Google Play Reviews: Coletados 100 reviews para app com.cartaoluiza.app
2025-12-12 05:40:29,829 - UNI_v5.1.3 - INFO - Google Play Reviews: Coletados 100 reviews para app com.cartaoluiza.app
2025-12-12 05:40:29,830 - UNI_v5.1.3 - INFO - Google Play Reviews: Ordenação 'most_helpful' não disponível - usando 'rating' como fallback
2025-12-12 05:40:30,410 - UNI_v5.1.3 - INFO - Google Play Reviews: Coletados 100 reviews para app com.cartaoluiza.app
2025-12-12 05:40:30,414 - UNI_v5.1.3 - INFO - Apple App Store: Iniciando coleta para 'bangu' (limite: 20, tentativa 1/3)
2025-12-12 05:40:30,414 - Base - INFO - Searching for app id
2025-12-12 05:40:30,414 - Base - DEBUG - Making a GET request: https://www.google.com/search
2025-12-12 05:40:30,425 - urllib3.connectionpool - DEBUG - Starting new HTTPS connection (1): www.google.com:443
2025-12-12 05:40:30,625 - urllib3.connectionpool - DEBUG - https://www.google.com:443 "GET /search?q=app+store+bangu HTTP/1.1" 200 None
2025-12-12 05:40:30,712 - UNI_v5.1.3 - WARNING - Apple App Store: Tentativa 1 falhou: Não foi possível encontrar app_id para 'bangu'
2025-12-12 05:40:32,718 - UNI_v5.1.3 - INFO - Apple App Store: Iniciando coleta para 'bangu' (limite: 20, tentativa 2/3)
2025-12-12 05:40:32,719 - Base - INFO - Searching for app id
2025-12-12 05:40:32,719 - Base - DEBUG - Making a GET request: https://www.google.com/search
2025-12-12 05:40:32,724 - urllib3.connectionpool - DEBUG - Starting new HTTPS connection (1): www.google.com:443
2025-12-12 05:40:32,939 - urllib3.connectionpool - DEBUG - https://www.google.com:443 "GET /search?q=app+store+bangu HTTP/1.1" 200 None
2025-12-12 05:40:32,966 - UNI_v5.1.3 - WARNING - Apple App Store: Tentativa 2 falhou: Não foi possível encontrar app_id para 'bangu'
2025-12-12 05:40:34,972 - UNI_v5.1.3 - INFO - Apple App Store: Iniciando coleta para 'bangu' (limite: 20, tentativa 3/3)
2025-12-12 05:40:34,973 - Base - INFO - Searching for app id
2025-12-12 05:40:34,973 - Base - DEBUG - Making a GET request: https://www.google.com/search
2025-12-12 05:40:34,979 - urllib3.connectionpool - DEBUG - Starting new HTTPS connection (1): www.google.com:443
2025-12-12 05:40:35,181 - urllib3.connectionpool - DEBUG - https://www.google.com:443 "GET /search?q=app+store+bangu HTTP/1.1" 200 None
2025-12-12 05:40:35,202 - UNI_v5.1.3 - WARNING - Apple App Store: Tentativa 3 falhou: Não foi possível encontrar app_id para 'bangu'
2025-12-12 05:40:35,203 - UNI_v5.1.3 - ERROR - Apple App Store: Todas as tentativas falharam - termo 'bangu' pode não ter resultados na App Store
2025-12-12 05:40:35,203 - UNI_v5.1.3 - INFO - Reddit: Iniciando coleta para 'bangu' (subreddit: all, limite: 10)
2025-12-12 05:40:35,205 - prawcore - DEBUG - Fetching: GET https://oauth.reddit.com/r/all/search/ at 1765528835.205361
2025-12-12 05:40:35,205 - prawcore - DEBUG - Data: None
2025-12-12 05:40:35,205 - prawcore - DEBUG - Params: {'limit': 10,
 'q': 'bangu',
 'raw_json': 1,
 'restrict_sr': False,
 'sort': 'relevance',
 'syntax': 'lucene',
 't': 'all'}
2025-12-12 05:40:35,217 - urllib3.connectionpool - DEBUG - Starting new HTTPS connection (1): www.reddit.com:443
2025-12-12 05:40:35,403 - urllib3.connectionpool - DEBUG - https://www.reddit.com:443 "POST /api/v1/access_token HTTP/1.1" 200 654
2025-12-12 05:40:35,407 - urllib3.connectionpool - DEBUG - Starting new HTTPS connection (1): oauth.reddit.com:443
2025-12-12 05:40:35,999 - urllib3.connectionpool - DEBUG - https://oauth.reddit.com:443 "GET /r/all/search/?q=bangu&restrict_sr=False&sort=relevance&syntax=lucene&t=all&limit=10&raw_json=1 HTTP/1.1" 200 11863
2025-12-12 05:40:36,003 - prawcore - DEBUG - Response: 200 (11863 bytes) (rst-564:rem-999.0:used-1 ratelimit) at 1765528836.003135
2025-12-12 05:40:36,007 - prawcore - DEBUG - Fetching: GET https://oauth.reddit.com/r/riodejaneiro/about/ at 1765528836.007683
2025-12-12 05:40:36,008 - prawcore - DEBUG - Data: None
2025-12-12 05:40:36,008 - prawcore - DEBUG - Params: {'raw_json': 1}
2025-12-12 05:40:36,198 - urllib3.connectionpool - DEBUG - https://oauth.reddit.com:443 "GET /r/riodejaneiro/about/?raw_json=1 HTTP/1.1" 200 2277
2025-12-12 05:40:36,199 - prawcore - DEBUG - Response: 200 (2277 bytes) (rst-563:rem-998.0:used-2 ratelimit) at 1765528836.19968
2025-12-12 05:40:36,200 - prawcore - DEBUG - Fetching: GET https://oauth.reddit.com/user/Mediocre_Librarian63/about/ at 1765528836.200258
2025-12-12 05:40:36,200 - prawcore - DEBUG - Data: None
2025-12-12 05:40:36,200 - prawcore - DEBUG - Params: {'raw_json': 1}
2025-12-12 05:40:36,412 - urllib3.connectionpool - DEBUG - https://oauth.reddit.com:443 "GET /user/Mediocre_Librarian63/about/?raw_json=1 HTTP/1.1" 200 706
2025-12-12 05:40:36,413 - prawcore - DEBUG - Response: 200 (706 bytes) (rst-563:rem-997.0:used-3 ratelimit) at 1765528836.4135401
2025-12-12 05:40:36,417 - prawcore - DEBUG - Fetching: GET https://oauth.reddit.com/comments/16emeon/ at 1765528836.417708
2025-12-12 05:40:36,417 - prawcore - DEBUG - Data: None
2025-12-12 05:40:36,417 - prawcore - DEBUG - Params: {'limit': 2048, 'raw_json': 1, 'sort': 'confidence'}
2025-12-12 05:40:37,389 - urllib3.connectionpool - DEBUG - https://oauth.reddit.com:443 "GET /comments/16emeon/?limit=2048&sort=confidence&raw_json=1 HTTP/1.1" 200 18881
2025-12-12 05:40:37,392 - prawcore - DEBUG - Response: 200 (18881 bytes) (rst-563:rem-996.0:used-4 ratelimit) at 1765528837.3925009
2025-12-12 05:40:37,408 - prawcore - DEBUG - Fetching: GET https://oauth.reddit.com/r/riodejaneiro/about/ at 1765528837.4085708
2025-12-12 05:40:37,408 - prawcore - DEBUG - Data: None
2025-12-12 05:40:37,408 - prawcore - DEBUG - Params: {'raw_json': 1}
2025-12-12 05:40:37,603 - urllib3.connectionpool - DEBUG - https://oauth.reddit.com:443 "GET /r/riodejaneiro/about/?raw_json=1 HTTP/1.1" 200 2277
2025-12-12 05:40:37,605 - prawcore - DEBUG - Response: 200 (2277 bytes) (rst-562:rem-995.0:used-5 ratelimit) at 1765528837.605036
2025-12-12 05:40:37,605 - prawcore - DEBUG - Fetching: GET https://oauth.reddit.com/user/44flacko/about/ at 1765528837.6057332
2025-12-12 05:40:37,605 - prawcore - DEBUG - Data: None
2025-12-12 05:40:37,606 - prawcore - DEBUG - Params: {'raw_json': 1}
2025-12-12 05:40:37,815 - urllib3.connectionpool - DEBUG - https://oauth.reddit.com:443 "GET /user/44flacko/about/?raw_json=1 HTTP/1.1" 200 694
2025-12-12 05:40:37,816 - prawcore - DEBUG - Response: 200 (694 bytes) (rst-562:rem-994.0:used-6 ratelimit) at 1765528837.8164039
2025-12-12 05:40:37,820 - prawcore - DEBUG - Fetching: GET https://oauth.reddit.com/comments/1et7irs/ at 1765528837.820077
2025-12-12 05:40:37,820 - prawcore - DEBUG - Data: None
2025-12-12 05:40:37,820 - prawcore - DEBUG - Params: {'limit': 2048, 'raw_json': 1, 'sort': 'confidence'}
2025-12-12 05:40:38,480 - urllib3.connectionpool - DEBUG - https://oauth.reddit.com:443 "GET /comments/1et7irs/?limit=2048&sort=confidence&raw_json=1 HTTP/1.1" 200 13467
2025-12-12 05:40:38,484 - prawcore - DEBUG - Response: 200 (13467 bytes) (rst-562:rem-993.0:used-7 ratelimit) at 1765528838.484395
2025-12-12 05:40:38,498 - prawcore - DEBUG - Fetching: GET https://oauth.reddit.com/r/BeAmazed/about/ at 1765528838.498789
2025-12-12 05:40:38,499 - prawcore - DEBUG - Data: None
2025-12-12 05:40:38,499 - prawcore - DEBUG - Params: {'raw_json': 1}
2025-12-12 05:40:38,682 - urllib3.connectionpool - DEBUG - https://oauth.reddit.com:443 "GET /r/BeAmazed/about/?raw_json=1 HTTP/1.1" 200 2878
2025-12-12 05:40:38,684 - prawcore - DEBUG - Response: 200 (2878 bytes) (rst-561:rem-992.0:used-8 ratelimit) at 1765528838.684489
2025-12-12 05:40:38,685 - prawcore - DEBUG - Fetching: GET https://oauth.reddit.com/user/VastCoconut2609/about/ at 1765528838.6854599
2025-12-12 05:40:38,685 - prawcore - DEBUG - Data: None
2025-12-12 05:40:38,685 - prawcore - DEBUG - Params: {'raw_json': 1}
2025-12-12 05:40:38,893 - urllib3.connectionpool - DEBUG - https://oauth.reddit.com:443 "GET /user/VastCoconut2609/about/?raw_json=1 HTTP/1.1" 200 902
2025-12-12 05:40:38,895 - prawcore - DEBUG - Response: 200 (902 bytes) (rst-561:rem-991.0:used-9 ratelimit) at 1765528838.8958468
2025-12-12 05:40:38,900 - prawcore - DEBUG - Fetching: GET https://oauth.reddit.com/r/futebol/about/ at 1765528838.900266
2025-12-12 05:40:38,900 - prawcore - DEBUG - Data: None
2025-12-12 05:40:38,900 - prawcore - DEBUG - Params: {'raw_json': 1}
2025-12-12 05:40:39,090 - urllib3.connectionpool - DEBUG - https://oauth.reddit.com:443 "GET /r/futebol/about/?raw_json=1 HTTP/1.1" 200 2724
2025-12-12 05:40:39,093 - prawcore - DEBUG - Response: 200 (2724 bytes) (rst-561:rem-990.0:used-10 ratelimit) at 1765528839.093311
2025-12-12 05:40:39,094 - prawcore - DEBUG - Fetching: GET https://oauth.reddit.com/user/Felino_de_Botas/about/ at 1765528839.0948591
2025-12-12 05:40:39,095 - prawcore - DEBUG - Data: None
2025-12-12 05:40:39,095 - prawcore - DEBUG - Params: {'raw_json': 1}
2025-12-12 05:40:39,297 - urllib3.connectionpool - DEBUG - https://oauth.reddit.com:443 "GET /user/Felino_de_Botas/about/?raw_json=1 HTTP/1.1" 200 774
2025-12-12 05:40:39,299 - prawcore - DEBUG - Response: 200 (774 bytes) (rst-560:rem-989.0:used-11 ratelimit) at 1765528839.299488
2025-12-12 05:40:39,303 - prawcore - DEBUG - Fetching: GET https://oauth.reddit.com/r/bangladesh/about/ at 1765528839.303961
2025-12-12 05:40:39,304 - prawcore - DEBUG - Data: None
2025-12-12 05:40:39,304 - prawcore - DEBUG - Params: {'raw_json': 1}
2025-12-12 05:40:39,501 - urllib3.connectionpool - DEBUG - https://oauth.reddit.com:443 "GET /r/bangladesh/about/?raw_json=1 HTTP/1.1" 200 2913
2025-12-12 05:40:39,502 - prawcore - DEBUG - Response: 200 (2913 bytes) (rst-560:rem-988.0:used-12 ratelimit) at 1765528839.502432
2025-12-12 05:40:39,503 - prawcore - DEBUG - Fetching: GET https://oauth.reddit.com/user/Rudi_Rash/about/ at 1765528839.503107
2025-12-12 05:40:39,503 - prawcore - DEBUG - Data: None
2025-12-12 05:40:39,503 - prawcore - DEBUG - Params: {'raw_json': 1}
2025-12-12 05:40:39,713 - urllib3.connectionpool - DEBUG - https://oauth.reddit.com:443 "GET /user/Rudi_Rash/about/?raw_json=1 HTTP/1.1" 200 844
2025-12-12 05:40:39,714 - prawcore - DEBUG - Response: 200 (844 bytes) (rst-560:rem-987.0:used-13 ratelimit) at 1765528839.714161
2025-12-12 05:40:39,717 - prawcore - DEBUG - Fetching: GET https://oauth.reddit.com/r/PHFoodPorn/about/ at 1765528839.717855
2025-12-12 05:40:39,717 - prawcore - DEBUG - Data: None
2025-12-12 05:40:39,718 - prawcore - DEBUG - Params: {'raw_json': 1}
2025-12-12 05:40:39,915 - urllib3.connectionpool - DEBUG - https://oauth.reddit.com:443 "GET /r/PHFoodPorn/about/?raw_json=1 HTTP/1.1" 200 1547
2025-12-12 05:40:39,916 - prawcore - DEBUG - Response: 200 (1547 bytes) (rst-560:rem-986.0:used-14 ratelimit) at 1765528839.916663
2025-12-12 05:40:39,917 - prawcore - DEBUG - Fetching: GET https://oauth.reddit.com/user/RangeThin4169/about/ at 1765528839.917263
2025-12-12 05:40:39,917 - prawcore - DEBUG - Data: None
2025-12-12 05:40:39,917 - prawcore - DEBUG - Params: {'raw_json': 1}
2025-12-12 05:40:40,110 - urllib3.connectionpool - DEBUG - https://oauth.reddit.com:443 "GET /user/RangeThin4169/about/?raw_json=1 HTTP/1.1" 200 703
2025-12-12 05:40:40,112 - prawcore - DEBUG - Response: 200 (703 bytes) (rst-560:rem-985.0:used-15 ratelimit) at 1765528840.112633
2025-12-12 05:40:40,116 - prawcore - DEBUG - Fetching: GET https://oauth.reddit.com/r/futebol/about/ at 1765528840.116076
2025-12-12 05:40:40,116 - prawcore - DEBUG - Data: None
2025-12-12 05:40:40,117 - prawcore - DEBUG - Params: {'raw_json': 1}
2025-12-12 05:40:40,311 - urllib3.connectionpool - DEBUG - https://oauth.reddit.com:443 "GET /r/futebol/about/?raw_json=1 HTTP/1.1" 200 2724
2025-12-12 05:40:40,314 - prawcore - DEBUG - Response: 200 (2724 bytes) (rst-559:rem-984.0:used-16 ratelimit) at 1765528840.314574
2025-12-12 05:40:40,316 - prawcore - DEBUG - Fetching: GET https://oauth.reddit.com/user/Impressive-Jaguar971/about/ at 1765528840.316162
2025-12-12 05:40:40,316 - prawcore - DEBUG - Data: None
2025-12-12 05:40:40,316 - prawcore - DEBUG - Params: {'raw_json': 1}
2025-12-12 05:40:40,527 - urllib3.connectionpool - DEBUG - https://oauth.reddit.com:443 "GET /user/Impressive-Jaguar971/about/?raw_json=1 HTTP/1.1" 200 732
2025-12-12 05:40:40,527 - prawcore - DEBUG - Response: 200 (732 bytes) (rst-559:rem-983.0:used-17 ratelimit) at 1765528840.527935
2025-12-12 05:40:40,529 - prawcore - DEBUG - Fetching: GET https://oauth.reddit.com/r/soccer/about/ at 1765528840.529679
2025-12-12 05:40:40,529 - prawcore - DEBUG - Data: None
2025-12-12 05:40:40,529 - prawcore - DEBUG - Params: {'raw_json': 1}
2025-12-12 05:40:40,716 - urllib3.connectionpool - DEBUG - https://oauth.reddit.com:443 "GET /r/soccer/about/?raw_json=1 HTTP/1.1" 200 4247
2025-12-12 05:40:40,717 - prawcore - DEBUG - Response: 200 (4247 bytes) (rst-559:rem-982.0:used-18 ratelimit) at 1765528840.717561
2025-12-12 05:40:40,717 - prawcore - DEBUG - Fetching: GET https://oauth.reddit.com/user/bread-dreams/about/ at 1765528840.7178628
2025-12-12 05:40:40,717 - prawcore - DEBUG - Data: None
2025-12-12 05:40:40,717 - prawcore - DEBUG - Params: {'raw_json': 1}
2025-12-12 05:40:40,907 - urllib3.connectionpool - DEBUG - https://oauth.reddit.com:443 "GET /user/bread-dreams/about/?raw_json=1 HTTP/1.1" 200 701
2025-12-12 05:40:40,909 - prawcore - DEBUG - Response: 200 (701 bytes) (rst-559:rem-981.0:used-19 ratelimit) at 1765528840.9093819
2025-12-12 05:40:40,911 - prawcore - DEBUG - Fetching: GET https://oauth.reddit.com/r/brasil/about/ at 1765528840.911345
2025-12-12 05:40:40,911 - prawcore - DEBUG - Data: None
2025-12-12 05:40:40,911 - prawcore - DEBUG - Params: {'raw_json': 1}
2025-12-12 05:40:41,111 - urllib3.connectionpool - DEBUG - https://oauth.reddit.com:443 "GET /r/brasil/about/?raw_json=1 HTTP/1.1" 200 4312
2025-12-12 05:40:41,113 - prawcore - DEBUG - Response: 200 (4312 bytes) (rst-559:rem-980.0:used-20 ratelimit) at 1765528841.113034
2025-12-12 05:40:41,113 - prawcore - DEBUG - Fetching: GET https://oauth.reddit.com/user/yongjong/about/ at 1765528841.1135309
2025-12-12 05:40:41,113 - prawcore - DEBUG - Data: None
2025-12-12 05:40:41,113 - prawcore - DEBUG - Params: {'raw_json': 1}
2025-12-12 05:40:41,322 - urllib3.connectionpool - DEBUG - https://oauth.reddit.com:443 "GET /user/yongjong/about/?raw_json=1 HTTP/1.1" 200 815
2025-12-12 05:40:41,323 - prawcore - DEBUG - Response: 200 (815 bytes) (rst-558:rem-979.0:used-21 ratelimit) at 1765528841.323405
2025-12-12 05:40:41,324 - prawcore - DEBUG - Fetching: GET https://oauth.reddit.com/r/futebol/about/ at 1765528841.324769
2025-12-12 05:40:41,324 - prawcore - DEBUG - Data: None
2025-12-12 05:40:41,324 - prawcore - DEBUG - Params: {'raw_json': 1}
2025-12-12 05:40:41,512 - urllib3.connectionpool - DEBUG - https://oauth.reddit.com:443 "GET /r/futebol/about/?raw_json=1 HTTP/1.1" 200 2724
2025-12-12 05:40:41,515 - prawcore - DEBUG - Response: 200 (2724 bytes) (rst-558:rem-978.0:used-22 ratelimit) at 1765528841.5156941
2025-12-12 05:40:41,516 - prawcore - DEBUG - Fetching: GET https://oauth.reddit.com/user/Asn_Santos/about/ at 1765528841.516682
2025-12-12 05:40:41,516 - prawcore - DEBUG - Data: None
2025-12-12 05:40:41,517 - prawcore - DEBUG - Params: {'raw_json': 1}
2025-12-12 05:40:41,706 - urllib3.connectionpool - DEBUG - https://oauth.reddit.com:443 "GET /user/Asn_Santos/about/?raw_json=1 HTTP/1.1" 200 766
2025-12-12 05:40:41,707 - prawcore - DEBUG - Response: 200 (766 bytes) (rst-558:rem-977.0:used-23 ratelimit) at 1765528841.707894
2025-12-12 05:40:41,711 - prawcore - DEBUG - Fetching: GET https://oauth.reddit.com/comments/1ccrzjy/ at 1765528841.711401
2025-12-12 05:40:41,711 - prawcore - DEBUG - Data: None
2025-12-12 05:40:41,711 - prawcore - DEBUG - Params: {'limit': 2048, 'raw_json': 1, 'sort': 'confidence'}
2025-12-12 05:40:42,751 - urllib3.connectionpool - DEBUG - https://oauth.reddit.com:443 "GET /comments/1ccrzjy/?limit=2048&sort=confidence&raw_json=1 HTTP/1.1" 200 24387
2025-12-12 05:40:42,753 - prawcore - DEBUG - Response: 200 (24387 bytes) (rst-558:rem-976.0:used-24 ratelimit) at 1765528842.75321
2025-12-12 05:40:42,769 - UNI_v5.1.3 - INFO - Reddit: Coletados 10 resultados com sucesso
2025-12-12 05:40:42,769 - UNI_v5.1.3 - INFO - Google News: Iniciando coleta para 'bangu' (limite: 10)
2025-12-12 05:40:42,772 - urllib3.connectionpool - DEBUG - Starting new HTTPS connection (1): gnews.io:443
2025-12-12 05:40:43,382 - urllib3.connectionpool - DEBUG - https://gnews.io:443 "GET /api/v4/search?q=bangu&lang=pt&country=br&max=10&apikey=91a7bc222ecfdac6c60019c4fb1ec87c&from=20 HTTP/1.1" 200 None
2025-12-12 05:40:43,383 - UNI_v5.1.3 - INFO - Google News: Coletados 10 resultados com sucesso
2025-12-12 05:40:43,383 - UNI_v5.1.3 - INFO - arXiv: Iniciando coleta para 'bangu' (limite: 20)
2025-12-12 05:40:43,626 - urllib3.connectionpool - DEBUG - Starting new HTTP connection (1): export.arxiv.org:80
2025-12-12 05:40:43,643 - urllib3.connectionpool - DEBUG - http://export.arxiv.org:80 "GET /api/query?search_query=all:bangu&start=0&max_results=20&sortBy=relevance HTTP/1.1" 301 0
2025-12-12 05:40:43,648 - urllib3.connectionpool - DEBUG - Starting new HTTPS connection (1): export.arxiv.org:443
2025-12-12 05:40:44,024 - urllib3.connectionpool - DEBUG - https://export.arxiv.org:443 "GET /api/query?search_query=all:bangu&start=0&max_results=20&sortBy=relevance HTTP/1.1" 200 692
2025-12-12 05:40:44,032 - UNI_v5.1.3 - INFO - arXiv: Coletados 0 resultados com sucesso
2025-12-12 05:40:44,032 - UNI_v5.1.3 - INFO - Google Scholar: Iniciando coleta para 'bangu' (limite: 20, tentativa 1/3)
2025-12-12 05:40:44,054 - urllib3.connectionpool - DEBUG - Starting new HTTPS connection (1): api.semanticscholar.org:443
2025-12-12 05:40:45,158 - urllib3.connectionpool - DEBUG - https://api.semanticscholar.org:443 "GET /graph/v1/paper/search?query=bangu&limit=20&fields=title%2Cauthors%2Cyear%2Curl%2Cabstract%2CcitationCount%2CreferenceCount%2Cvenue%2CfieldsOfStudy%2CpublicationTypes%2CpublicationDate%2Cjournal%2CexternalIds%2CisOpenAccess%2CopenAccessPdf HTTP/1.1" 200 42980
2025-12-12 05:40:45,335 - UNI_v5.1.3 - INFO - Google Scholar: Coletados 20 resultados com sucesso
2025-12-12 05:40:45,336 - UNI_v5.1.3 - INFO - Wikipedia: Iniciando coleta para 'bangu' (limite: 20, lang: pt)
2025-12-12 05:40:45,350 - urllib3.connectionpool - DEBUG - Starting new HTTPS connection (1): pt.wikipedia.org:443
2025-12-12 05:40:45,687 - urllib3.connectionpool - DEBUG - https://pt.wikipedia.org:443 "GET /w/api.php?action=query&format=json&list=search&srsearch=bangu&srlimit=20&srnamespace=0 HTTP/1.1" 200 None
2025-12-12 05:40:45,696 - urllib3.connectionpool - DEBUG - Starting new HTTPS connection (1): pt.wikipedia.org:443
2025-12-12 05:40:45,943 - urllib3.connectionpool - DEBUG - https://pt.wikipedia.org:443 "GET /api/rest_v1/page/summary/Bangu HTTP/1.1" 200 847
2025-12-12 05:40:45,950 - urllib3.connectionpool - DEBUG - Starting new HTTPS connection (1): pt.wikipedia.org:443
2025-12-12 05:40:46,054 - urllib3.connectionpool - DEBUG - https://pt.wikipedia.org:443 "GET /api/rest_v1/page/summary/Bangu_Atl%C3%A9tico_Clube HTTP/1.1" 200 876
2025-12-12 05:40:46,063 - urllib3.connectionpool - DEBUG - Starting new HTTPS connection (1): pt.wikipedia.org:443
2025-12-12 05:40:46,314 - urllib3.connectionpool - DEBUG - https://pt.wikipedia.org:443 "GET /api/rest_v1/page/summary/Complexo_Penitenci%C3%A1rio_de_Gericin%C3%B3 HTTP/1.1" 200 None
2025-12-12 05:40:46,323 - urllib3.connectionpool - DEBUG - Starting new HTTPS connection (1): pt.wikipedia.org:443
2025-12-12 05:40:46,576 - urllib3.connectionpool - DEBUG - https://pt.wikipedia.org:443 "GET /api/rest_v1/page/summary/Unidos_de_Bangu HTTP/1.1" 200 865
2025-12-12 05:40:46,585 - urllib3.connectionpool - DEBUG - Starting new HTTPS connection (1): pt.wikipedia.org:443
2025-12-12 05:40:47,106 - urllib3.connectionpool - DEBUG - https://pt.wikipedia.org:443 "GET /api/rest_v1/page/summary/Confrontos_entre_Bangu_e_Fluminense_no_futebol HTTP/1.1" 200 722
2025-12-12 05:40:47,111 - urllib3.connectionpool - DEBUG - Starting new HTTPS connection (1): pt.wikipedia.org:443
2025-12-12 05:40:47,213 - urllib3.connectionpool - DEBUG - https://pt.wikipedia.org:443 "GET /api/rest_v1/page/summary/Campeonato_Carioca_de_Futebol HTTP/1.1" 200 742
2025-12-12 05:40:47,216 - urllib3.connectionpool - DEBUG - Starting new HTTPS connection (1): pt.wikipedia.org:443
2025-12-12 05:40:47,464 - urllib3.connectionpool - DEBUG - https://pt.wikipedia.org:443 "GET /api/rest_v1/page/summary/Castor_de_Andrade HTTP/1.1" 200 618
2025-12-12 05:40:47,467 - urllib3.connectionpool - DEBUG - Starting new HTTPS connection (1): pt.wikipedia.org:443
2025-12-12 05:40:47,718 - urllib3.connectionpool - DEBUG - https://pt.wikipedia.org:443 "GET /api/rest_v1/page/summary/Cl%C3%A1ssico_Bisav%C3%B4 HTTP/1.1" 200 704
2025-12-12 05:40:47,723 - urllib3.connectionpool - DEBUG - Starting new HTTPS connection (1): pt.wikipedia.org:443
2025-12-12 05:40:47,967 - urllib3.connectionpool - DEBUG - https://pt.wikipedia.org:443 "GET /api/rest_v1/page/summary/F%C3%A1brica_de_Tecidos_Bangu HTTP/1.1" 200 543
2025-12-12 05:40:47,974 - urllib3.connectionpool - DEBUG - Starting new HTTPS connection (1): pt.wikipedia.org:443
2025-12-12 05:40:48,221 - urllib3.connectionpool - DEBUG - https://pt.wikipedia.org:443 "GET /api/rest_v1/page/summary/Lista_de_favelas_da_cidade_do_Rio_de_Janeiro HTTP/1.1" 200 684
2025-12-12 05:40:48,230 - urllib3.connectionpool - DEBUG - Starting new HTTPS connection (1): pt.wikipedia.org:443
2025-12-12 05:40:48,744 - urllib3.connectionpool - DEBUG - https://pt.wikipedia.org:443 "GET /api/rest_v1/page/summary/Est%C3%A1dio_Prolet%C3%A1rio_Guilherme_da_Silveira HTTP/1.1" 200 753
2025-12-12 05:40:48,758 - urllib3.connectionpool - DEBUG - Starting new HTTPS connection (1): pt.wikipedia.org:443
2025-12-12 05:40:49,012 - urllib3.connectionpool - DEBUG - https://pt.wikipedia.org:443 "GET /api/rest_v1/page/summary/Esta%C3%A7%C3%A3o_Bangu HTTP/1.1" 200 600
2025-12-12 05:40:49,022 - urllib3.connectionpool - DEBUG - Starting new HTTPS connection (1): pt.wikipedia.org:443
2025-12-12 05:40:49,546 - urllib3.connectionpool - DEBUG - https://pt.wikipedia.org:443 "GET /api/rest_v1/page/summary/Lista_de_bairros_da_cidade_do_Rio_de_Janeiro HTTP/1.1" 200 673
2025-12-12 05:40:49,554 - urllib3.connectionpool - DEBUG - Starting new HTTPS connection (1): pt.wikipedia.org:443
2025-12-12 05:40:49,805 - urllib3.connectionpool - DEBUG - https://pt.wikipedia.org:443 "GET /api/rest_v1/page/summary/Zizinho HTTP/1.1" 200 750
2025-12-12 05:40:49,815 - urllib3.connectionpool - DEBUG - Starting new HTTPS connection (1): pt.wikipedia.org:443
2025-12-12 05:40:50,070 - urllib3.connectionpool - DEBUG - https://pt.wikipedia.org:443 "GET /api/rest_v1/page/summary/Campeonato_Brasileiro_de_Futebol_de_1985 HTTP/1.1" 200 736
2025-12-12 05:40:50,081 - urllib3.connectionpool - DEBUG - Starting new HTTPS connection (1): pt.wikipedia.org:443
2025-12-12 05:40:50,329 - urllib3.connectionpool - DEBUG - https://pt.wikipedia.org:443 "GET /api/rest_v1/page/summary/Cal%C3%A7ad%C3%A3o_de_Bangu HTTP/1.1" 200 None
2025-12-12 05:40:50,340 - urllib3.connectionpool - DEBUG - Starting new HTTPS connection (1): pt.wikipedia.org:443
2025-12-12 05:40:50,589 - urllib3.connectionpool - DEBUG - https://pt.wikipedia.org:443 "GET /api/rest_v1/page/summary/Clube_do_Bangue-Bangue HTTP/1.1" 200 784
2025-12-12 05:40:50,597 - urllib3.connectionpool - DEBUG - Starting new HTTPS connection (1): pt.wikipedia.org:443
2025-12-12 05:40:50,850 - urllib3.connectionpool - DEBUG - https://pt.wikipedia.org:443 "GET /api/rest_v1/page/summary/Fluminense_Football_Club HTTP/1.1" 200 None
2025-12-12 05:40:50,859 - urllib3.connectionpool - DEBUG - Starting new HTTPS connection (1): pt.wikipedia.org:443
2025-12-12 05:40:51,113 - urllib3.connectionpool - DEBUG - https://pt.wikipedia.org:443 "GET /api/rest_v1/page/summary/Subprefeitura_da_Zona_Oeste_I_(Rio_de_Janeiro) HTTP/1.1" 200 720
2025-12-12 05:40:51,124 - urllib3.connectionpool - DEBUG - Starting new HTTPS connection (1): pt.wikipedia.org:443
2025-12-12 05:40:51,379 - urllib3.connectionpool - DEBUG - https://pt.wikipedia.org:443 "GET /api/rest_v1/page/summary/Campeonato_Carioca_de_Futebol_de_1933_(LCF) HTTP/1.1" 200 567
2025-12-12 05:40:51,385 - UNI_v5.1.3 - INFO - Wikipedia: Coletados 20 resultados com sucesso
2025-12-12 05:40:51,397 - urllib3.connectionpool - DEBUG - Starting new HTTPS connection (1): api.github.com:443
2025-12-12 05:40:51,996 - urllib3.connectionpool - DEBUG - https://api.github.com:443 "GET /search/repositories?q=bangu&sort=stars&order=desc&per_page=20 HTTP/1.1" 200 None
2025-12-12 05:40:52,013 - UNI_v5.1.3 - INFO - GitHub: Coletados 20 resultados com sucesso
2025-12-12 05:40:52,016 - UNI_v5.1.3 - INFO - Hacker News: Iniciando coleta para 'bangu' (limite: 20)
2025-12-12 05:40:52,019 - urllib3.connectionpool - DEBUG - Starting new HTTPS connection (1): hn.algolia.com:443
2025-12-12 05:40:52,471 - urllib3.connectionpool - DEBUG - https://hn.algolia.com:443 "GET /api/v1/search?query=bangu&tags=story&hitsPerPage=20&numericFilters= HTTP/1.1" 200 21644
2025-12-12 05:40:52,486 - UNI_v5.1.3 - INFO - Hacker News: Coletados 20 resultados com sucesso
2025-12-12 05:40:52,490 - UNI_v5.1.3 - INFO - : JSON salvo em metadados_coleta.json
2025-12-12 05:40:52,497 - UNI_v5.1.3 - INFO - Suggest-chrome-web-top: Salvo 15 registros com 9 colunas em suggest_chrome_web_top.csv (0.9 KB)
2025-12-12 05:40:52,500 - UNI_v5.1.3 - INFO - Suggest-chrome-web-a-z: Salvo 15 registros com 9 colunas em suggest_chrome_web_a_z.csv (0.9 KB)
2025-12-12 05:40:52,502 - UNI_v5.1.3 - INFO - Suggest-chrome-youtube-top: Salvo 15 registros com 9 colunas em suggest_chrome_youtube_top.csv (0.8 KB)
2025-12-12 05:40:52,504 - UNI_v5.1.3 - INFO - Suggest-chrome-youtube-a-z: Salvo 15 registros com 9 colunas em suggest_chrome_youtube_a_z.csv (0.8 KB)
2025-12-12 05:40:52,508 - UNI_v5.1.3 - INFO - SERP-Google: Salvo 20 registros com 19 colunas em serp_google.csv (16.7 KB)
2025-12-12 05:40:52,511 - UNI_v5.1.3 - INFO - SERP-Brave: Salvo 19 registros com 13 colunas em serp_brave.csv (6.4 KB)
2025-12-12 05:40:52,513 - UNI_v5.1.3 - INFO - SERP-Duckduckgo: Salvo 17 registros com 8 colunas em serp_duckduckgo.csv (6.8 KB)
2025-12-12 05:40:52,515 - UNI_v5.1.3 - INFO - SERP-Bing: Salvo 10 registros com 13 colunas em serp_bing.csv (3.5 KB)
2025-12-12 05:40:52,519 - UNI_v5.1.3 - INFO - YouTube-relevance: Salvo 20 registros com 30 colunas em youtube_relevance.csv (15.5 KB)
2025-12-12 05:40:52,521 - UNI_v5.1.3 - INFO - YouTube-date: Salvo 20 registros com 30 colunas em youtube_date.csv (11.1 KB)
2025-12-12 05:40:52,524 - UNI_v5.1.3 - INFO - YouTube-viewCount: Salvo 20 registros com 30 colunas em youtube_viewcount.csv (21.2 KB)
2025-12-12 05:40:52,529 - UNI_v5.1.3 - INFO - AppStore-Google Play: Salvo 18 registros com 28 colunas em appstore_google_play.csv (69.3 KB)
2025-12-12 05:40:52,533 - UNI_v5.1.3 - ERROR - AppStore-Reviews-Google Play-com.nu.production: Erro ao salvar CSV reviews_app_com.nu.production.csv: Object of type datetime is not JSON serializable
2025-12-12 05:40:52,535 - UNI_v5.1.3 - DEBUG - Traceback (most recent call last):
  File "/Users/eas/Desktop/github/emersonalmeida/emersonalmeida.github.io/project/uni/uni_v5.1.py", line 772, in salvar_csv
    dados_validos = validar_dados(data, fonte)
  File "/Users/eas/Desktop/github/emersonalmeida/emersonalmeida.github.io/project/uni/uni_v5.1.py", line 762, in validar_dados
    return DataValidator.validate_and_clean(data, fonte)
  File "/Users/eas/Desktop/github/emersonalmeida/emersonalmeida.github.io/project/uni/uni_v5.1.py", line 673, in validate_and_clean
    content_hash = hashlib.md5(json.dumps(item_limpo, sort_keys=True).encode()).hexdigest()
  File "/Library/Developer/CommandLineTools/Library/Frameworks/Python3.framework/Versions/3.9/lib/python3.9/json/__init__.py", line 234, in dumps
    return cls(
  File "/Library/Developer/CommandLineTools/Library/Frameworks/Python3.framework/Versions/3.9/lib/python3.9/json/encoder.py", line 199, in encode
    chunks = self.iterencode(o, _one_shot=True)
  File "/Library/Developer/CommandLineTools/Library/Frameworks/Python3.framework/Versions/3.9/lib/python3.9/json/encoder.py", line 257, in iterencode
    return _iterencode(o, 0)
  File "/Library/Developer/CommandLineTools/Library/Frameworks/Python3.framework/Versions/3.9/lib/python3.9/json/encoder.py", line 179, in default
    raise TypeError(f'Object of type {o.__class__.__name__} '
TypeError: Object of type datetime is not JSON serializable

2025-12-12 05:40:52,535 - UNI_v5.1.3 - ERROR - AppStore-Reviews-Google Play-com.itau: Erro ao salvar CSV reviews_app_com.itau.csv: Object of type datetime is not JSON serializable
2025-12-12 05:40:52,535 - UNI_v5.1.3 - DEBUG - Traceback (most recent call last):
  File "/Users/eas/Desktop/github/emersonalmeida/emersonalmeida.github.io/project/uni/uni_v5.1.py", line 772, in salvar_csv
    dados_validos = validar_dados(data, fonte)
  File "/Users/eas/Desktop/github/emersonalmeida/emersonalmeida.github.io/project/uni/uni_v5.1.py", line 762, in validar_dados
    return DataValidator.validate_and_clean(data, fonte)
  File "/Users/eas/Desktop/github/emersonalmeida/emersonalmeida.github.io/project/uni/uni_v5.1.py", line 673, in validate_and_clean
    content_hash = hashlib.md5(json.dumps(item_limpo, sort_keys=True).encode()).hexdigest()
  File "/Library/Developer/CommandLineTools/Library/Frameworks/Python3.framework/Versions/3.9/lib/python3.9/json/__init__.py", line 234, in dumps
    return cls(
  File "/Library/Developer/CommandLineTools/Library/Frameworks/Python3.framework/Versions/3.9/lib/python3.9/json/encoder.py", line 199, in encode
    chunks = self.iterencode(o, _one_shot=True)
  File "/Library/Developer/CommandLineTools/Library/Frameworks/Python3.framework/Versions/3.9/lib/python3.9/json/encoder.py", line 257, in iterencode
    return _iterencode(o, 0)
  File "/Library/Developer/CommandLineTools/Library/Frameworks/Python3.framework/Versions/3.9/lib/python3.9/json/encoder.py", line 179, in default
    raise TypeError(f'Object of type {o.__class__.__name__} '
TypeError: Object of type datetime is not JSON serializable

2025-12-12 05:40:52,535 - UNI_v5.1.3 - ERROR - AppStore-Reviews-Google Play-com.luizalabs.mlapp: Erro ao salvar CSV reviews_app_com.luizalabs.mlapp.csv: Object of type datetime is not JSON serializable
2025-12-12 05:40:52,536 - UNI_v5.1.3 - DEBUG - Traceback (most recent call last):
  File "/Users/eas/Desktop/github/emersonalmeida/emersonalmeida.github.io/project/uni/uni_v5.1.py", line 772, in salvar_csv
    dados_validos = validar_dados(data, fonte)
  File "/Users/eas/Desktop/github/emersonalmeida/emersonalmeida.github.io/project/uni/uni_v5.1.py", line 762, in validar_dados
    return DataValidator.validate_and_clean(data, fonte)
  File "/Users/eas/Desktop/github/emersonalmeida/emersonalmeida.github.io/project/uni/uni_v5.1.py", line 673, in validate_and_clean
    content_hash = hashlib.md5(json.dumps(item_limpo, sort_keys=True).encode()).hexdigest()
  File "/Library/Developer/CommandLineTools/Library/Frameworks/Python3.framework/Versions/3.9/lib/python3.9/json/__init__.py", line 234, in dumps
    return cls(
  File "/Library/Developer/CommandLineTools/Library/Frameworks/Python3.framework/Versions/3.9/lib/python3.9/json/encoder.py", line 199, in encode
    chunks = self.iterencode(o, _one_shot=True)
  File "/Library/Developer/CommandLineTools/Library/Frameworks/Python3.framework/Versions/3.9/lib/python3.9/json/encoder.py", line 257, in iterencode
    return _iterencode(o, 0)
  File "/Library/Developer/CommandLineTools/Library/Frameworks/Python3.framework/Versions/3.9/lib/python3.9/json/encoder.py", line 179, in default
    raise TypeError(f'Object of type {o.__class__.__name__} '
TypeError: Object of type datetime is not JSON serializable

2025-12-12 05:40:52,536 - UNI_v5.1.3 - ERROR - AppStore-Reviews-Google Play-com.novapontocom.casasbahia: Erro ao salvar CSV reviews_app_com.novapontocom.casasbahia.csv: Object of type datetime is not JSON serializable
2025-12-12 05:40:52,536 - UNI_v5.1.3 - DEBUG - Traceback (most recent call last):
  File "/Users/eas/Desktop/github/emersonalmeida/emersonalmeida.github.io/project/uni/uni_v5.1.py", line 772, in salvar_csv
    dados_validos = validar_dados(data, fonte)
  File "/Users/eas/Desktop/github/emersonalmeida/emersonalmeida.github.io/project/uni/uni_v5.1.py", line 762, in validar_dados
    return DataValidator.validate_and_clean(data, fonte)
  File "/Users/eas/Desktop/github/emersonalmeida/emersonalmeida.github.io/project/uni/uni_v5.1.py", line 673, in validate_and_clean
    content_hash = hashlib.md5(json.dumps(item_limpo, sort_keys=True).encode()).hexdigest()
  File "/Library/Developer/CommandLineTools/Library/Frameworks/Python3.framework/Versions/3.9/lib/python3.9/json/__init__.py", line 234, in dumps
    return cls(
  File "/Library/Developer/CommandLineTools/Library/Frameworks/Python3.framework/Versions/3.9/lib/python3.9/json/encoder.py", line 199, in encode
    chunks = self.iterencode(o, _one_shot=True)
  File "/Library/Developer/CommandLineTools/Library/Frameworks/Python3.framework/Versions/3.9/lib/python3.9/json/encoder.py", line 257, in iterencode
    return _iterencode(o, 0)
  File "/Library/Developer/CommandLineTools/Library/Frameworks/Python3.framework/Versions/3.9/lib/python3.9/json/encoder.py", line 179, in default
    raise TypeError(f'Object of type {o.__class__.__name__} '
TypeError: Object of type datetime is not JSON serializable

2025-12-12 05:40:52,536 - UNI_v5.1.3 - ERROR - AppStore-Reviews-Google Play-br.com.bb.android: Erro ao salvar CSV reviews_app_br.com.bb.android.csv: Object of type datetime is not JSON serializable
2025-12-12 05:40:52,536 - UNI_v5.1.3 - DEBUG - Traceback (most recent call last):
  File "/Users/eas/Desktop/github/emersonalmeida/emersonalmeida.github.io/project/uni/uni_v5.1.py", line 772, in salvar_csv
    dados_validos = validar_dados(data, fonte)
  File "/Users/eas/Desktop/github/emersonalmeida/emersonalmeida.github.io/project/uni/uni_v5.1.py", line 762, in validar_dados
    return DataValidator.validate_and_clean(data, fonte)
  File "/Users/eas/Desktop/github/emersonalmeida/emersonalmeida.github.io/project/uni/uni_v5.1.py", line 673, in validate_and_clean
    content_hash = hashlib.md5(json.dumps(item_limpo, sort_keys=True).encode()).hexdigest()
  File "/Library/Developer/CommandLineTools/Library/Frameworks/Python3.framework/Versions/3.9/lib/python3.9/json/__init__.py", line 234, in dumps
    return cls(
  File "/Library/Developer/CommandLineTools/Library/Frameworks/Python3.framework/Versions/3.9/lib/python3.9/json/encoder.py", line 199, in encode
    chunks = self.iterencode(o, _one_shot=True)
  File "/Library/Developer/CommandLineTools/Library/Frameworks/Python3.framework/Versions/3.9/lib/python3.9/json/encoder.py", line 257, in iterencode
    return _iterencode(o, 0)
  File "/Library/Developer/CommandLineTools/Library/Frameworks/Python3.framework/Versions/3.9/lib/python3.9/json/encoder.py", line 179, in default
    raise TypeError(f'Object of type {o.__class__.__name__} '
TypeError: Object of type datetime is not JSON serializable

2025-12-12 05:40:52,536 - UNI_v5.1.3 - ERROR - AppStore-Reviews-Google Play-com.mobile.legends: Erro ao salvar CSV reviews_app_com.mobile.legends.csv: Object of type datetime is not JSON serializable
2025-12-12 05:40:52,536 - UNI_v5.1.3 - DEBUG - Traceback (most recent call last):
  File "/Users/eas/Desktop/github/emersonalmeida/emersonalmeida.github.io/project/uni/uni_v5.1.py", line 772, in salvar_csv
    dados_validos = validar_dados(data, fonte)
  File "/Users/eas/Desktop/github/emersonalmeida/emersonalmeida.github.io/project/uni/uni_v5.1.py", line 762, in validar_dados
    return DataValidator.validate_and_clean(data, fonte)
  File "/Users/eas/Desktop/github/emersonalmeida/emersonalmeida.github.io/project/uni/uni_v5.1.py", line 673, in validate_and_clean
    content_hash = hashlib.md5(json.dumps(item_limpo, sort_keys=True).encode()).hexdigest()
  File "/Library/Developer/CommandLineTools/Library/Frameworks/Python3.framework/Versions/3.9/lib/python3.9/json/__init__.py", line 234, in dumps
    return cls(
  File "/Library/Developer/CommandLineTools/Library/Frameworks/Python3.framework/Versions/3.9/lib/python3.9/json/encoder.py", line 199, in encode
    chunks = self.iterencode(o, _one_shot=True)
  File "/Library/Developer/CommandLineTools/Library/Frameworks/Python3.framework/Versions/3.9/lib/python3.9/json/encoder.py", line 257, in iterencode
    return _iterencode(o, 0)
  File "/Library/Developer/CommandLineTools/Library/Frameworks/Python3.framework/Versions/3.9/lib/python3.9/json/encoder.py", line 179, in default
    raise TypeError(f'Object of type {o.__class__.__name__} '
TypeError: Object of type datetime is not JSON serializable

2025-12-12 05:40:52,536 - UNI_v5.1.3 - ERROR - AppStore-Reviews-Google Play-br.com.uol.ps.myaccount: Erro ao salvar CSV reviews_app_br.com.uol.ps.myaccount.csv: Object of type datetime is not JSON serializable
2025-12-12 05:40:52,536 - UNI_v5.1.3 - DEBUG - Traceback (most recent call last):
  File "/Users/eas/Desktop/github/emersonalmeida/emersonalmeida.github.io/project/uni/uni_v5.1.py", line 772, in salvar_csv
    dados_validos = validar_dados(data, fonte)
  File "/Users/eas/Desktop/github/emersonalmeida/emersonalmeida.github.io/project/uni/uni_v5.1.py", line 762, in validar_dados
    return DataValidator.validate_and_clean(data, fonte)
  File "/Users/eas/Desktop/github/emersonalmeida/emersonalmeida.github.io/project/uni/uni_v5.1.py", line 673, in validate_and_clean
    content_hash = hashlib.md5(json.dumps(item_limpo, sort_keys=True).encode()).hexdigest()
  File "/Library/Developer/CommandLineTools/Library/Frameworks/Python3.framework/Versions/3.9/lib/python3.9/json/__init__.py", line 234, in dumps
    return cls(
  File "/Library/Developer/CommandLineTools/Library/Frameworks/Python3.framework/Versions/3.9/lib/python3.9/json/encoder.py", line 199, in encode
    chunks = self.iterencode(o, _one_shot=True)
  File "/Library/Developer/CommandLineTools/Library/Frameworks/Python3.framework/Versions/3.9/lib/python3.9/json/encoder.py", line 257, in iterencode
    return _iterencode(o, 0)
  File "/Library/Developer/CommandLineTools/Library/Frameworks/Python3.framework/Versions/3.9/lib/python3.9/json/encoder.py", line 179, in default
    raise TypeError(f'Object of type {o.__class__.__name__} '
TypeError: Object of type datetime is not JSON serializable

2025-12-12 05:40:52,537 - UNI_v5.1.3 - ERROR - AppStore-Reviews-Google Play-com.artech.eaplic.havan: Erro ao salvar CSV reviews_app_com.artech.eaplic.havan.csv: Object of type datetime is not JSON serializable
2025-12-12 05:40:52,537 - UNI_v5.1.3 - DEBUG - Traceback (most recent call last):
  File "/Users/eas/Desktop/github/emersonalmeida/emersonalmeida.github.io/project/uni/uni_v5.1.py", line 772, in salvar_csv
    dados_validos = validar_dados(data, fonte)
  File "/Users/eas/Desktop/github/emersonalmeida/emersonalmeida.github.io/project/uni/uni_v5.1.py", line 762, in validar_dados
    return DataValidator.validate_and_clean(data, fonte)
  File "/Users/eas/Desktop/github/emersonalmeida/emersonalmeida.github.io/project/uni/uni_v5.1.py", line 673, in validate_and_clean
    content_hash = hashlib.md5(json.dumps(item_limpo, sort_keys=True).encode()).hexdigest()
  File "/Library/Developer/CommandLineTools/Library/Frameworks/Python3.framework/Versions/3.9/lib/python3.9/json/__init__.py", line 234, in dumps
    return cls(
  File "/Library/Developer/CommandLineTools/Library/Frameworks/Python3.framework/Versions/3.9/lib/python3.9/json/encoder.py", line 199, in encode
    chunks = self.iterencode(o, _one_shot=True)
  File "/Library/Developer/CommandLineTools/Library/Frameworks/Python3.framework/Versions/3.9/lib/python3.9/json/encoder.py", line 257, in iterencode
    return _iterencode(o, 0)
  File "/Library/Developer/CommandLineTools/Library/Frameworks/Python3.framework/Versions/3.9/lib/python3.9/json/encoder.py", line 179, in default
    raise TypeError(f'Object of type {o.__class__.__name__} '
TypeError: Object of type datetime is not JSON serializable

2025-12-12 05:40:52,537 - UNI_v5.1.3 - ERROR - AppStore-Reviews-Google Play-br.com.meupag: Erro ao salvar CSV reviews_app_br.com.meupag.csv: Object of type datetime is not JSON serializable
2025-12-12 05:40:52,537 - UNI_v5.1.3 - DEBUG - Traceback (most recent call last):
  File "/Users/eas/Desktop/github/emersonalmeida/emersonalmeida.github.io/project/uni/uni_v5.1.py", line 772, in salvar_csv
    dados_validos = validar_dados(data, fonte)
  File "/Users/eas/Desktop/github/emersonalmeida/emersonalmeida.github.io/project/uni/uni_v5.1.py", line 762, in validar_dados
    return DataValidator.validate_and_clean(data, fonte)
  File "/Users/eas/Desktop/github/emersonalmeida/emersonalmeida.github.io/project/uni/uni_v5.1.py", line 673, in validate_and_clean
    content_hash = hashlib.md5(json.dumps(item_limpo, sort_keys=True).encode()).hexdigest()
  File "/Library/Developer/CommandLineTools/Library/Frameworks/Python3.framework/Versions/3.9/lib/python3.9/json/__init__.py", line 234, in dumps
    return cls(
  File "/Library/Developer/CommandLineTools/Library/Frameworks/Python3.framework/Versions/3.9/lib/python3.9/json/encoder.py", line 199, in encode
    chunks = self.iterencode(o, _one_shot=True)
  File "/Library/Developer/CommandLineTools/Library/Frameworks/Python3.framework/Versions/3.9/lib/python3.9/json/encoder.py", line 257, in iterencode
    return _iterencode(o, 0)
  File "/Library/Developer/CommandLineTools/Library/Frameworks/Python3.framework/Versions/3.9/lib/python3.9/json/encoder.py", line 179, in default
    raise TypeError(f'Object of type {o.__class__.__name__} '
TypeError: Object of type datetime is not JSON serializable

2025-12-12 05:40:52,537 - UNI_v5.1.3 - ERROR - AppStore-Reviews-Google Play-com.tinder: Erro ao salvar CSV reviews_app_com.tinder.csv: Object of type datetime is not JSON serializable
2025-12-12 05:40:52,537 - UNI_v5.1.3 - DEBUG - Traceback (most recent call last):
  File "/Users/eas/Desktop/github/emersonalmeida/emersonalmeida.github.io/project/uni/uni_v5.1.py", line 772, in salvar_csv
    dados_validos = validar_dados(data, fonte)
  File "/Users/eas/Desktop/github/emersonalmeida/emersonalmeida.github.io/project/uni/uni_v5.1.py", line 762, in validar_dados
    return DataValidator.validate_and_clean(data, fonte)
  File "/Users/eas/Desktop/github/emersonalmeida/emersonalmeida.github.io/project/uni/uni_v5.1.py", line 673, in validate_and_clean
    content_hash = hashlib.md5(json.dumps(item_limpo, sort_keys=True).encode()).hexdigest()
  File "/Library/Developer/CommandLineTools/Library/Frameworks/Python3.framework/Versions/3.9/lib/python3.9/json/__init__.py", line 234, in dumps
    return cls(
  File "/Library/Developer/CommandLineTools/Library/Frameworks/Python3.framework/Versions/3.9/lib/python3.9/json/encoder.py", line 199, in encode
    chunks = self.iterencode(o, _one_shot=True)
  File "/Library/Developer/CommandLineTools/Library/Frameworks/Python3.framework/Versions/3.9/lib/python3.9/json/encoder.py", line 257, in iterencode
    return _iterencode(o, 0)
  File "/Library/Developer/CommandLineTools/Library/Frameworks/Python3.framework/Versions/3.9/lib/python3.9/json/encoder.py", line 179, in default
    raise TypeError(f'Object of type {o.__class__.__name__} '
TypeError: Object of type datetime is not JSON serializable

2025-12-12 05:40:52,537 - UNI_v5.1.3 - ERROR - AppStore-Reviews-Google Play-com.busuu.android.enc: Erro ao salvar CSV reviews_app_com.busuu.android.enc.csv: Object of type datetime is not JSON serializable
2025-12-12 05:40:52,537 - UNI_v5.1.3 - DEBUG - Traceback (most recent call last):
  File "/Users/eas/Desktop/github/emersonalmeida/emersonalmeida.github.io/project/uni/uni_v5.1.py", line 772, in salvar_csv
    dados_validos = validar_dados(data, fonte)
  File "/Users/eas/Desktop/github/emersonalmeida/emersonalmeida.github.io/project/uni/uni_v5.1.py", line 762, in validar_dados
    return DataValidator.validate_and_clean(data, fonte)
  File "/Users/eas/Desktop/github/emersonalmeida/emersonalmeida.github.io/project/uni/uni_v5.1.py", line 673, in validate_and_clean
    content_hash = hashlib.md5(json.dumps(item_limpo, sort_keys=True).encode()).hexdigest()
  File "/Library/Developer/CommandLineTools/Library/Frameworks/Python3.framework/Versions/3.9/lib/python3.9/json/__init__.py", line 234, in dumps
    return cls(
  File "/Library/Developer/CommandLineTools/Library/Frameworks/Python3.framework/Versions/3.9/lib/python3.9/json/encoder.py", line 199, in encode
    chunks = self.iterencode(o, _one_shot=True)
  File "/Library/Developer/CommandLineTools/Library/Frameworks/Python3.framework/Versions/3.9/lib/python3.9/json/encoder.py", line 257, in iterencode
    return _iterencode(o, 0)
  File "/Library/Developer/CommandLineTools/Library/Frameworks/Python3.framework/Versions/3.9/lib/python3.9/json/encoder.py", line 179, in default
    raise TypeError(f'Object of type {o.__class__.__name__} '
TypeError: Object of type datetime is not JSON serializable

2025-12-12 05:40:52,537 - UNI_v5.1.3 - ERROR - AppStore-Reviews-Google Play-br.com.carrefour: Erro ao salvar CSV reviews_app_br.com.carrefour.csv: Object of type datetime is not JSON serializable
2025-12-12 05:40:52,537 - UNI_v5.1.3 - DEBUG - Traceback (most recent call last):
  File "/Users/eas/Desktop/github/emersonalmeida/emersonalmeida.github.io/project/uni/uni_v5.1.py", line 772, in salvar_csv
    dados_validos = validar_dados(data, fonte)
  File "/Users/eas/Desktop/github/emersonalmeida/emersonalmeida.github.io/project/uni/uni_v5.1.py", line 762, in validar_dados
    return DataValidator.validate_and_clean(data, fonte)
  File "/Users/eas/Desktop/github/emersonalmeida/emersonalmeida.github.io/project/uni/uni_v5.1.py", line 673, in validate_and_clean
    content_hash = hashlib.md5(json.dumps(item_limpo, sort_keys=True).encode()).hexdigest()
  File "/Library/Developer/CommandLineTools/Library/Frameworks/Python3.framework/Versions/3.9/lib/python3.9/json/__init__.py", line 234, in dumps
    return cls(
  File "/Library/Developer/CommandLineTools/Library/Frameworks/Python3.framework/Versions/3.9/lib/python3.9/json/encoder.py", line 199, in encode
    chunks = self.iterencode(o, _one_shot=True)
  File "/Library/Developer/CommandLineTools/Library/Frameworks/Python3.framework/Versions/3.9/lib/python3.9/json/encoder.py", line 257, in iterencode
    return _iterencode(o, 0)
  File "/Library/Developer/CommandLineTools/Library/Frameworks/Python3.framework/Versions/3.9/lib/python3.9/json/encoder.py", line 179, in default
    raise TypeError(f'Object of type {o.__class__.__name__} '
TypeError: Object of type datetime is not JSON serializable

2025-12-12 05:40:52,537 - UNI_v5.1.3 - ERROR - AppStore-Reviews-Google Play-com.mgensuite.airfox.recharge: Erro ao salvar CSV reviews_app_com.mgensuite.airfox.recharge.csv: Object of type datetime is not JSON serializable
2025-12-12 05:40:52,538 - UNI_v5.1.3 - DEBUG - Traceback (most recent call last):
  File "/Users/eas/Desktop/github/emersonalmeida/emersonalmeida.github.io/project/uni/uni_v5.1.py", line 772, in salvar_csv
    dados_validos = validar_dados(data, fonte)
  File "/Users/eas/Desktop/github/emersonalmeida/emersonalmeida.github.io/project/uni/uni_v5.1.py", line 762, in validar_dados
    return DataValidator.validate_and_clean(data, fonte)
  File "/Users/eas/Desktop/github/emersonalmeida/emersonalmeida.github.io/project/uni/uni_v5.1.py", line 673, in validate_and_clean
    content_hash = hashlib.md5(json.dumps(item_limpo, sort_keys=True).encode()).hexdigest()
  File "/Library/Developer/CommandLineTools/Library/Frameworks/Python3.framework/Versions/3.9/lib/python3.9/json/__init__.py", line 234, in dumps
    return cls(
  File "/Library/Developer/CommandLineTools/Library/Frameworks/Python3.framework/Versions/3.9/lib/python3.9/json/encoder.py", line 199, in encode
    chunks = self.iterencode(o, _one_shot=True)
  File "/Library/Developer/CommandLineTools/Library/Frameworks/Python3.framework/Versions/3.9/lib/python3.9/json/encoder.py", line 257, in iterencode
    return _iterencode(o, 0)
  File "/Library/Developer/CommandLineTools/Library/Frameworks/Python3.framework/Versions/3.9/lib/python3.9/json/encoder.py", line 179, in default
    raise TypeError(f'Object of type {o.__class__.__name__} '
TypeError: Object of type datetime is not JSON serializable

2025-12-12 05:40:52,538 - UNI_v5.1.3 - ERROR - AppStore-Reviews-Google Play-br.com.bancopan.cartoes: Erro ao salvar CSV reviews_app_br.com.bancopan.cartoes.csv: Object of type datetime is not JSON serializable
2025-12-12 05:40:52,538 - UNI_v5.1.3 - DEBUG - Traceback (most recent call last):
  File "/Users/eas/Desktop/github/emersonalmeida/emersonalmeida.github.io/project/uni/uni_v5.1.py", line 772, in salvar_csv
    dados_validos = validar_dados(data, fonte)
  File "/Users/eas/Desktop/github/emersonalmeida/emersonalmeida.github.io/project/uni/uni_v5.1.py", line 762, in validar_dados
    return DataValidator.validate_and_clean(data, fonte)
  File "/Users/eas/Desktop/github/emersonalmeida/emersonalmeida.github.io/project/uni/uni_v5.1.py", line 673, in validate_and_clean
    content_hash = hashlib.md5(json.dumps(item_limpo, sort_keys=True).encode()).hexdigest()
  File "/Library/Developer/CommandLineTools/Library/Frameworks/Python3.framework/Versions/3.9/lib/python3.9/json/__init__.py", line 234, in dumps
    return cls(
  File "/Library/Developer/CommandLineTools/Library/Frameworks/Python3.framework/Versions/3.9/lib/python3.9/json/encoder.py", line 199, in encode
    chunks = self.iterencode(o, _one_shot=True)
  File "/Library/Developer/CommandLineTools/Library/Frameworks/Python3.framework/Versions/3.9/lib/python3.9/json/encoder.py", line 257, in iterencode
    return _iterencode(o, 0)
  File "/Library/Developer/CommandLineTools/Library/Frameworks/Python3.framework/Versions/3.9/lib/python3.9/json/encoder.py", line 179, in default
    raise TypeError(f'Object of type {o.__class__.__name__} '
TypeError: Object of type datetime is not JSON serializable

2025-12-12 05:40:52,538 - UNI_v5.1.3 - ERROR - AppStore-Reviews-Google Play-burgerking.com.br.appandroid: Erro ao salvar CSV reviews_app_burgerking.com.br.appandroid.csv: Object of type datetime is not JSON serializable
2025-12-12 05:40:52,538 - UNI_v5.1.3 - DEBUG - Traceback (most recent call last):
  File "/Users/eas/Desktop/github/emersonalmeida/emersonalmeida.github.io/project/uni/uni_v5.1.py", line 772, in salvar_csv
    dados_validos = validar_dados(data, fonte)
  File "/Users/eas/Desktop/github/emersonalmeida/emersonalmeida.github.io/project/uni/uni_v5.1.py", line 762, in validar_dados
    return DataValidator.validate_and_clean(data, fonte)
  File "/Users/eas/Desktop/github/emersonalmeida/emersonalmeida.github.io/project/uni/uni_v5.1.py", line 673, in validate_and_clean
    content_hash = hashlib.md5(json.dumps(item_limpo, sort_keys=True).encode()).hexdigest()
  File "/Library/Developer/CommandLineTools/Library/Frameworks/Python3.framework/Versions/3.9/lib/python3.9/json/__init__.py", line 234, in dumps
    return cls(
  File "/Library/Developer/CommandLineTools/Library/Frameworks/Python3.framework/Versions/3.9/lib/python3.9/json/encoder.py", line 199, in encode
    chunks = self.iterencode(o, _one_shot=True)
  File "/Library/Developer/CommandLineTools/Library/Frameworks/Python3.framework/Versions/3.9/lib/python3.9/json/encoder.py", line 257, in iterencode
    return _iterencode(o, 0)
  File "/Library/Developer/CommandLineTools/Library/Frameworks/Python3.framework/Versions/3.9/lib/python3.9/json/encoder.py", line 179, in default
    raise TypeError(f'Object of type {o.__class__.__name__} '
TypeError: Object of type datetime is not JSON serializable

2025-12-12 05:40:52,538 - UNI_v5.1.3 - ERROR - AppStore-Reviews-Google Play-br.com.multiplan.mind.multishopping: Erro ao salvar CSV reviews_app_br.com.multiplan.mind.multishopping.csv: Object of type datetime is not JSON serializable
2025-12-12 05:40:52,538 - UNI_v5.1.3 - DEBUG - Traceback (most recent call last):
  File "/Users/eas/Desktop/github/emersonalmeida/emersonalmeida.github.io/project/uni/uni_v5.1.py", line 772, in salvar_csv
    dados_validos = validar_dados(data, fonte)
  File "/Users/eas/Desktop/github/emersonalmeida/emersonalmeida.github.io/project/uni/uni_v5.1.py", line 762, in validar_dados
    return DataValidator.validate_and_clean(data, fonte)
  File "/Users/eas/Desktop/github/emersonalmeida/emersonalmeida.github.io/project/uni/uni_v5.1.py", line 673, in validate_and_clean
    content_hash = hashlib.md5(json.dumps(item_limpo, sort_keys=True).encode()).hexdigest()
  File "/Library/Developer/CommandLineTools/Library/Frameworks/Python3.framework/Versions/3.9/lib/python3.9/json/__init__.py", line 234, in dumps
    return cls(
  File "/Library/Developer/CommandLineTools/Library/Frameworks/Python3.framework/Versions/3.9/lib/python3.9/json/encoder.py", line 199, in encode
    chunks = self.iterencode(o, _one_shot=True)
  File "/Library/Developer/CommandLineTools/Library/Frameworks/Python3.framework/Versions/3.9/lib/python3.9/json/encoder.py", line 257, in iterencode
    return _iterencode(o, 0)
  File "/Library/Developer/CommandLineTools/Library/Frameworks/Python3.framework/Versions/3.9/lib/python3.9/json/encoder.py", line 179, in default
    raise TypeError(f'Object of type {o.__class__.__name__} '
TypeError: Object of type datetime is not JSON serializable

2025-12-12 05:40:52,539 - UNI_v5.1.3 - ERROR - AppStore-Reviews-Google Play-br.com.sicoobnet: Erro ao salvar CSV reviews_app_br.com.sicoobnet.csv: Object of type datetime is not JSON serializable
2025-12-12 05:40:52,539 - UNI_v5.1.3 - DEBUG - Traceback (most recent call last):
  File "/Users/eas/Desktop/github/emersonalmeida/emersonalmeida.github.io/project/uni/uni_v5.1.py", line 772, in salvar_csv
    dados_validos = validar_dados(data, fonte)
  File "/Users/eas/Desktop/github/emersonalmeida/emersonalmeida.github.io/project/uni/uni_v5.1.py", line 762, in validar_dados
    return DataValidator.validate_and_clean(data, fonte)
  File "/Users/eas/Desktop/github/emersonalmeida/emersonalmeida.github.io/project/uni/uni_v5.1.py", line 673, in validate_and_clean
    content_hash = hashlib.md5(json.dumps(item_limpo, sort_keys=True).encode()).hexdigest()
  File "/Library/Developer/CommandLineTools/Library/Frameworks/Python3.framework/Versions/3.9/lib/python3.9/json/__init__.py", line 234, in dumps
    return cls(
  File "/Library/Developer/CommandLineTools/Library/Frameworks/Python3.framework/Versions/3.9/lib/python3.9/json/encoder.py", line 199, in encode
    chunks = self.iterencode(o, _one_shot=True)
  File "/Library/Developer/CommandLineTools/Library/Frameworks/Python3.framework/Versions/3.9/lib/python3.9/json/encoder.py", line 257, in iterencode
    return _iterencode(o, 0)
  File "/Library/Developer/CommandLineTools/Library/Frameworks/Python3.framework/Versions/3.9/lib/python3.9/json/encoder.py", line 179, in default
    raise TypeError(f'Object of type {o.__class__.__name__} '
TypeError: Object of type datetime is not JSON serializable

2025-12-12 05:40:52,539 - UNI_v5.1.3 - ERROR - AppStore-Reviews-Google Play-com.cartaoluiza.app: Erro ao salvar CSV reviews_app_com.cartaoluiza.app.csv: Object of type datetime is not JSON serializable
2025-12-12 05:40:52,539 - UNI_v5.1.3 - DEBUG - Traceback (most recent call last):
  File "/Users/eas/Desktop/github/emersonalmeida/emersonalmeida.github.io/project/uni/uni_v5.1.py", line 772, in salvar_csv
    dados_validos = validar_dados(data, fonte)
  File "/Users/eas/Desktop/github/emersonalmeida/emersonalmeida.github.io/project/uni/uni_v5.1.py", line 762, in validar_dados
    return DataValidator.validate_and_clean(data, fonte)
  File "/Users/eas/Desktop/github/emersonalmeida/emersonalmeida.github.io/project/uni/uni_v5.1.py", line 673, in validate_and_clean
    content_hash = hashlib.md5(json.dumps(item_limpo, sort_keys=True).encode()).hexdigest()
  File "/Library/Developer/CommandLineTools/Library/Frameworks/Python3.framework/Versions/3.9/lib/python3.9/json/__init__.py", line 234, in dumps
    return cls(
  File "/Library/Developer/CommandLineTools/Library/Frameworks/Python3.framework/Versions/3.9/lib/python3.9/json/encoder.py", line 199, in encode
    chunks = self.iterencode(o, _one_shot=True)
  File "/Library/Developer/CommandLineTools/Library/Frameworks/Python3.framework/Versions/3.9/lib/python3.9/json/encoder.py", line 257, in iterencode
    return _iterencode(o, 0)
  File "/Library/Developer/CommandLineTools/Library/Frameworks/Python3.framework/Versions/3.9/lib/python3.9/json/encoder.py", line 179, in default
    raise TypeError(f'Object of type {o.__class__.__name__} '
TypeError: Object of type datetime is not JSON serializable

2025-12-12 05:40:52,541 - UNI_v5.1.3 - INFO - Reddit: Salvo 10 registros com 37 colunas em reddit.csv (15.0 KB)
2025-12-12 05:40:52,543 - UNI_v5.1.3 - INFO - Google News: Salvo 10 registros com 13 colunas em google_news.csv (7.9 KB)
2025-12-12 05:40:52,545 - UNI_v5.1.3 - INFO - Google Scholar: Salvo 20 registros com 20 colunas em google_scholar.csv (26.1 KB)
2025-12-12 05:40:52,548 - UNI_v5.1.3 - INFO - Wikipedia: Salvo 20 registros com 24 colunas em wikipedia.csv (25.6 KB)
2025-12-12 05:40:52,550 - UNI_v5.1.3 - INFO - GitHub: Salvo 20 registros com 38 colunas em github.csv (12.4 KB)
2025-12-12 05:40:52,552 - UNI_v5.1.3 - INFO - Hacker News: Salvo 20 registros com 18 colunas em hacker_news.csv (4.7 KB)
2025-12-12 05:40:52,552 - UNI_v5.1.3 - INFO - Iniciando criação da base de dados consolidada...
2025-12-12 05:40:53,071 - UNI_v5.1.3 - INFO - Base de dados consolidada salva: 9304 registros, 205 colunas, 7376.9 KB
2025-12-12 05:40:53,075 - UNI_v5.1.3 - WARNING - Não foi possível salvar Excel: No module named 'openpyxl'
2025-12-12 05:40:53,075 - UNI_v5.1.3 - WARNING - Não foi possível salvar Parquet: Unable to find a usable engine; tried using: 'pyarrow', 'fastparquet'.
A suitable version of pyarrow or fastparquet is required for parquet support.
Trying to import the above resulted in these errors:
 - Missing optional dependency 'pyarrow'. pyarrow is required for parquet support. Use pip or conda to install pyarrow.
 - Missing optional dependency 'fastparquet'. fastparquet is required for parquet support. Use pip or conda to install fastparquet.
2025-12-12 05:40:53,279 - UNI_v5.1.3 - INFO - Resumo: JSON salvo em resumo_estatistico_bangu_20251212_054052.json
2025-12-12 05:40:53,435 - UNI_v5.1.3 - INFO - : JSON salvo em resultados_completos.json
2025-12-12 05:40:53,553 - UNI_v5.1.3 - INFO - Qualidade: JSON salvo em analise_qualidade.json
2025-12-12 12:28:43,032 - UNI_v5.1.3 - INFO - Google Suggest: Iniciando coleta para 'hector' (limite: 15)
2025-12-12 12:28:43,053 - urllib3.connectionpool - DEBUG - Starting new HTTPS connection (1): suggestqueries.google.com:443
2025-12-12 12:28:43,262 - urllib3.connectionpool - DEBUG - https://suggestqueries.google.com:443 "GET /complete/search?q=hector&gl=br&client=chrome&hl=pt HTTP/1.1" 200 None
2025-12-12 12:28:43,264 - UNI_v5.1.3 - INFO - Google Suggest: Coletados 15 resultados com sucesso
2025-12-12 12:28:43,264 - UNI_v5.1.3 - INFO - Google Suggest: Iniciando coleta para 'hector' (limite: 15)
2025-12-12 12:28:43,363 - urllib3.connectionpool - DEBUG - https://suggestqueries.google.com:443 "GET /complete/search?q=hector&gl=br&client=chrome&hl=pt HTTP/1.1" 200 None
2025-12-12 12:28:43,364 - UNI_v5.1.3 - INFO - Google Suggest: Coletados 15 resultados com sucesso
2025-12-12 12:28:43,364 - UNI_v5.1.3 - INFO - Google Suggest: Iniciando coleta para 'hector' (limite: 15)
2025-12-12 12:28:43,464 - urllib3.connectionpool - DEBUG - https://suggestqueries.google.com:443 "GET /complete/search?q=hector&gl=br&client=chrome&hl=pt HTTP/1.1" 200 None
2025-12-12 12:28:43,464 - UNI_v5.1.3 - INFO - Google Suggest: Coletados 0 resultados com sucesso
2025-12-12 12:28:43,464 - UNI_v5.1.3 - INFO - Google Suggest: Iniciando coleta para 'hector' (limite: 15)
2025-12-12 12:28:43,566 - urllib3.connectionpool - DEBUG - https://suggestqueries.google.com:443 "GET /complete/search?q=hector&gl=br&client=chrome&hl=pt HTTP/1.1" 200 None
2025-12-12 12:28:43,566 - UNI_v5.1.3 - INFO - Google Suggest: Coletados 0 resultados com sucesso
2025-12-12 12:28:43,566 - UNI_v5.1.3 - INFO - Google Suggest: Iniciando coleta para 'hector' (limite: 15)
2025-12-12 12:28:43,665 - urllib3.connectionpool - DEBUG - https://suggestqueries.google.com:443 "GET /complete/search?q=hector&gl=br&client=chrome&hl=pt&ds=yt HTTP/1.1" 200 292
2025-12-12 12:28:43,665 - UNI_v5.1.3 - INFO - Google Suggest: Coletados 15 resultados com sucesso
2025-12-12 12:28:43,665 - UNI_v5.1.3 - INFO - Google Suggest: Iniciando coleta para 'hector' (limite: 15)
2025-12-12 12:28:43,764 - urllib3.connectionpool - DEBUG - https://suggestqueries.google.com:443 "GET /complete/search?q=hector&gl=br&client=chrome&hl=pt&ds=yt HTTP/1.1" 200 292
2025-12-12 12:28:43,765 - UNI_v5.1.3 - INFO - Google Suggest: Coletados 15 resultados com sucesso
2025-12-12 12:28:43,765 - UNI_v5.1.3 - INFO - Google Suggest: Iniciando coleta para 'hector' (limite: 15)
2025-12-12 12:28:43,862 - urllib3.connectionpool - DEBUG - https://suggestqueries.google.com:443 "GET /complete/search?q=hector&gl=br&client=chrome&hl=pt&ds=yt HTTP/1.1" 200 292
2025-12-12 12:28:43,863 - UNI_v5.1.3 - INFO - Google Suggest: Coletados 0 resultados com sucesso
2025-12-12 12:28:43,863 - UNI_v5.1.3 - INFO - Google Suggest: Iniciando coleta para 'hector' (limite: 15)
2025-12-12 12:28:43,963 - urllib3.connectionpool - DEBUG - https://suggestqueries.google.com:443 "GET /complete/search?q=hector&gl=br&client=chrome&hl=pt&ds=yt HTTP/1.1" 200 292
2025-12-12 12:28:43,963 - UNI_v5.1.3 - INFO - Google Suggest: Coletados 0 resultados com sucesso
2025-12-12 12:28:43,964 - UNI_v5.1.3 - INFO - Google: Iniciando coleta para 'hector' (limite: 20, tentativa 1/3)
2025-12-12 12:28:43,964 - UNI_v5.1.3 - INFO - Bing: Iniciando coleta para 'hector' (limite: 20, tentativa 1/3)
2025-12-12 12:28:43,964 - UNI_v5.1.3 - INFO - Brave: Iniciando coleta para 'hector' (limite: 20, tentativa 1/3)
2025-12-12 12:28:43,965 - UNI_v5.1.3 - INFO - DuckDuckGo: Iniciando coleta para 'hector' (limite: 20, tentativa 1/3)
2025-12-12 12:28:43,970 - urllib3.connectionpool - DEBUG - Starting new HTTPS connection (1): serpapi.com:443
2025-12-12 12:28:43,970 - urllib3.connectionpool - DEBUG - Starting new HTTPS connection (1): api.search.brave.com:443
2025-12-12 12:28:43,971 - googleapiclient.discovery_cache - INFO - file_cache is only supported with oauth2client<4.0.0
2025-12-12 12:28:43,975 - googleapiclient.discovery - DEBUG - URL being requested: GET https://customsearch.googleapis.com/customsearch/v1?q=hector&cx=f07ccd3b922d6437b&gl=br&lr=lang_pt&start=1&num=10&safe=off&key=AIzaSyBj80B2fwVvFEMtcQU8tPV_NCNaEmQvzhc&alt=json
2025-12-12 12:28:44,100 - primp.utils - DEBUG - Loaded CA certs
2025-12-12 12:28:44,100 - primp.utils - DEBUG - Loaded CA certs
2025-12-12 12:28:44,101 - primp.utils - DEBUG - Loaded CA certs
2025-12-12 12:28:44,101 - primp.utils - DEBUG - Loaded CA certs
2025-12-12 12:28:44,101 - primp.utils - DEBUG - Loaded CA certs
2025-12-12 12:28:44,101 - primp.utils - DEBUG - Loaded CA certs
2025-12-12 12:28:44,101 - primp.utils - DEBUG - Loaded CA certs
2025-12-12 12:28:44,105 - primp.utils - DEBUG - Loaded CA certs
2025-12-12 12:28:44,106 - ddgs.ddgs - INFO - Error in engine wikipedia: ValueError('not enough values to unpack (expected 2, got 1)')
2025-12-12 12:28:44,106 - ddgs.ddgs - INFO - Error in engine brave: ValueError('not enough values to unpack (expected 2, got 1)')
2025-12-12 12:28:44,106 - rquest.connect - DEBUG - starting new connection: https://yandex.com/
2025-12-12 12:28:44,106 - rquest.connect - DEBUG - starting new connection: https://search.yahoo.com/
2025-12-12 12:28:44,106 - rquest.util.client.connect.dns - DEBUG - resolving yandex.com
2025-12-12 12:28:44,106 - rquest.util.client.connect.dns - DEBUG - resolving search.yahoo.com
2025-12-12 12:28:44,115 - rquest.util.client.connect.http - DEBUG - connecting to 66.218.84.137:443
2025-12-12 12:28:44,115 - rquest.util.client.connect.http - DEBUG - connecting to 5.255.255.77:443
2025-12-12 12:28:44,312 - rquest.util.client.connect.http - DEBUG - connected to 66.218.84.137:443
2025-12-12 12:28:44,405 - rquest.util.client.connect.http - DEBUG - connected to 5.255.255.77:443
2025-12-12 12:28:44,510 - rquest.util.client.pool - DEBUG - pooling idle connection for PoolKey { uri: https://search.yahoo.com/, alpn_protos: None, network: default }
2025-12-12 12:28:44,712 - rquest.util.client.pool - DEBUG - pooling idle connection for PoolKey { uri: https://yandex.com/, alpn_protos: None, network: default }
2025-12-12 12:28:44,718 - googleapiclient.discovery - DEBUG - URL being requested: GET https://customsearch.googleapis.com/customsearch/v1?q=hector&cx=f07ccd3b922d6437b&gl=br&lr=lang_pt&start=11&num=10&safe=off&key=AIzaSyBj80B2fwVvFEMtcQU8tPV_NCNaEmQvzhc&alt=json
2025-12-12 12:28:44,957 - UNI_v5.1.3 - INFO - Google: Coletados 20 resultados com sucesso
2025-12-12 12:28:45,103 - cookie_store.cookie_store - DEBUG - inserting secure cookie 'lkl'
2025-12-12 12:28:45,104 - cookie_store.cookie_store - DEBUG - inserting secure cookie 'A1'
2025-12-12 12:28:45,104 - cookie_store.cookie_store - DEBUG - inserting secure cookie 'A3'
2025-12-12 12:28:45,104 - cookie_store.cookie_store - DEBUG - inserting secure cookie 'A1S'
2025-12-12 12:28:45,104 - cookie_store.cookie_store - DEBUG - inserting secure cookie 'dflow'
2025-12-12 12:28:45,107 - primp - INFO - response: https://search.yahoo.com/search;_ylt=jfsiXGnk23e_d0KizsGJIimQ;_ylu=Nh8Yv_gvRhdDcrISRvydMnFQ5LNdMby89L1wrdYwC4pO9IE?p=hector 200
2025-12-12 12:28:45,143 - urllib3.connectionpool - DEBUG - https://serpapi.com:443 "GET /search?engine=bing&q=hector&cc=br&count=20&api_key=e71430bcff8bdc906f7a5ed9ae1538355c2efb0fb88ffa071f7125a76cc2b142&safe=off HTTP/1.1" 200 None
2025-12-12 12:28:45,145 - UNI_v5.1.3 - INFO - Bing: Coletados 2 resultados com sucesso
2025-12-12 12:28:45,261 - urllib3.connectionpool - DEBUG - https://api.search.brave.com:443 "GET /res/v1/web/search?q=hector&count=20&offset=0&country=br&safesearch=off HTTP/1.1" 200 None
2025-12-12 12:28:45,263 - UNI_v5.1.3 - INFO - Brave: Coletados 20 resultados com sucesso
2025-12-12 12:28:45,739 - cookie_store.cookie_store - DEBUG - inserting Set-Cookie 'Cookie { cookie_string: Some("is_gdpr=0; Path=/; Domain=.yandex.com; Expires=Sun, 12 Dec 2027 15:28:45 GMT"), name: Indexed(0, 7), value: Indexed(8, 9), expires: Some(DateTime(2027-12-12 15:28:45.0 +00:00:00)), max_age: None, domain: Some(Indexed(26, 37)), path: Some(Indexed(16, 17)), secure: None, http_only: None, same_site: None, partitioned: None }'
2025-12-12 12:28:45,739 - cookie_store.cookie_store - DEBUG - inserting Set-Cookie 'Cookie { cookie_string: Some("is_gdpr_b=CJ2AOhCS6AIoAg==; Path=/; Domain=.yandex.com; Expires=Sun, 12 Dec 2027 15:28:45 GMT"), name: Indexed(0, 9), value: Indexed(10, 26), expires: Some(DateTime(2027-12-12 15:28:45.0 +00:00:00)), max_age: None, domain: Some(Indexed(43, 54)), path: Some(Indexed(33, 34)), secure: None, http_only: None, same_site: None, partitioned: None }'
2025-12-12 12:28:45,739 - cookie_store.cookie_store - DEBUG - inserting secure cookie '_yasc'
2025-12-12 12:28:45,739 - cookie_store.cookie_store - DEBUG - inserting secure cookie 'i'
2025-12-12 12:28:45,739 - cookie_store.cookie_store - DEBUG - inserting secure cookie 'yandexuid'
2025-12-12 12:28:45,739 - cookie_store.cookie_store - DEBUG - inserting secure cookie 'yashr'
2025-12-12 12:28:45,739 - cookie_store.cookie_store - DEBUG - inserting Set-Cookie 'Cookie { cookie_string: Some("bh=YK3p8MkGaiHcytG2Abvxn6sE+taGzAjS0ZmQB/y5r/8H3/3LtgemngI=; Path=/; Domain=.yandex.com; Expires=Sat, 16 Jan 2027 15:28:45 GMT"), name: Indexed(0, 2), value: Indexed(3, 59), expires: Some(DateTime(2027-01-16 15:28:45.0 +00:00:00)), max_age: None, domain: Some(Indexed(76, 87)), path: Some(Indexed(66, 67)), secure: None, http_only: None, same_site: None, partitioned: None }'
2025-12-12 12:28:45,739 - primp - INFO - response: https://yandex.com/search/site/?text=hector&web=1&searchid=8663870 200
2025-12-12 12:28:46,111 - ddgs.ddgs - INFO - Error in engine mojeek: ValueError('not enough values to unpack (expected 2, got 1)')
2025-12-12 12:28:46,111 - ddgs.ddgs - INFO - Error in engine mullvad_brave: ValueError('not enough values to unpack (expected 2, got 1)')
2025-12-12 12:28:46,111 - ddgs.ddgs - INFO - Error in engine mullvad_google: ValueError('not enough values to unpack (expected 2, got 1)')
2025-12-12 12:28:46,112 - UNI_v5.1.3 - INFO - DuckDuckGo: Coletados 17 resultados com sucesso
2025-12-12 12:28:46,112 - UNI_v5.1.3 - INFO - YouTube: Iniciando coleta para 'hector' (limite: 20)
2025-12-12 12:28:46,114 - googleapiclient.discovery_cache - INFO - file_cache is only supported with oauth2client<4.0.0
2025-12-12 12:28:46,121 - googleapiclient.discovery - DEBUG - URL being requested: GET https://youtube.googleapis.com/youtube/v3/search?part=snippet&q=hector&type=video&maxResults=20&order=relevance&regionCode=BR&relevanceLanguage=pt&key=AIzaSyBj80B2fwVvFEMtcQU8tPV_NCNaEmQvzhc&alt=json
2025-12-12 12:28:46,746 - googleapiclient.discovery - DEBUG - URL being requested: GET https://youtube.googleapis.com/youtube/v3/videos?part=statistics%2CcontentDetails%2Csnippet%2Cstatus&id=fm_xKp2qxUY%2CA-Qg5-GU9n4%2CADzSgYk4ZTI%2Cp_-eHLhdF_0%2CUS3VMaYGx4E%2C4s6F8lcbAeA%2C61k8gYkOp4g%2Cn6E9Cgtfrtk%2Cnzo6rw0qErg%2CbO2nWVs1jqA%2CRWwc5mWeVuc%2CYnh9hs2EgG4%2CBNo0vkEYWRc%2CmfPjbD_RdLo%2CR51Bw6yUm-k%2CRVTxAvvxU6s%2C2RsWkk8bxyk%2CYrN5Z-Aj3QE%2CKgX3AiUMAA4%2Cde0vWT-FZdI&key=AIzaSyBj80B2fwVvFEMtcQU8tPV_NCNaEmQvzhc&alt=json
2025-12-12 12:28:47,114 - UNI_v5.1.3 - INFO - YouTube: Coletados 20 resultados com sucesso
2025-12-12 12:28:47,114 - UNI_v5.1.3 - ERROR - Erro ao coletar YouTube: name 'coletar_comentarios_youtube' is not defined
2025-12-12 12:28:47,116 - UNI_v5.1.3 - DEBUG - Traceback (most recent call last):
  File "/Users/eas/Desktop/github/emersonalmeida/emersonalmeida.github.io/project/uni/uni_v5.1.py", line 3836, in modo_personalizado
    comentarios = coletar_comentarios_youtube(
NameError: name 'coletar_comentarios_youtube' is not defined

2025-12-12 12:28:47,116 - UNI_v5.1.3 - INFO - YouTube: Iniciando coleta para 'hector' (limite: 20)
2025-12-12 12:28:47,116 - googleapiclient.discovery_cache - INFO - file_cache is only supported with oauth2client<4.0.0
2025-12-12 12:28:47,121 - googleapiclient.discovery - DEBUG - URL being requested: GET https://youtube.googleapis.com/youtube/v3/search?part=snippet&q=hector&type=video&maxResults=20&order=date&regionCode=BR&relevanceLanguage=pt&key=AIzaSyBj80B2fwVvFEMtcQU8tPV_NCNaEmQvzhc&alt=json
2025-12-12 12:28:47,612 - googleapiclient.discovery - DEBUG - URL being requested: GET https://youtube.googleapis.com/youtube/v3/videos?part=statistics%2CcontentDetails%2Csnippet%2Cstatus&id=ugolMTWrwmo%2Cvkphq-zJWIo%2CCEPAJrw-DQk%2CFx-eQNTR7q4%2CzwTfQIk-kJ8%2CLcTVYwVR5H0%2CSTx3r_slbuY%2CZzYYwnHJKMM%2Ct0uvB-Cyeis%2C4ivOe1484L8%2CykRt2wCw0SY%2CSgqMGjwW2Yg%2CMagH24wQvpU%2C4z9zXuUKgps%2CLdvt5NUUmwA%2C9ep6Dx1XGLc%2C2L2_eRanI1Q%2CHbowilxSQsg%2CBr5DdbzEMEo%2CyESG8HPGWRc&key=AIzaSyBj80B2fwVvFEMtcQU8tPV_NCNaEmQvzhc&alt=json
2025-12-12 12:28:47,999 - UNI_v5.1.3 - INFO - YouTube: Coletados 20 resultados com sucesso
2025-12-12 12:28:48,000 - UNI_v5.1.3 - ERROR - Erro ao coletar YouTube: name 'coletar_comentarios_youtube' is not defined
2025-12-12 12:28:48,000 - UNI_v5.1.3 - DEBUG - Traceback (most recent call last):
  File "/Users/eas/Desktop/github/emersonalmeida/emersonalmeida.github.io/project/uni/uni_v5.1.py", line 3836, in modo_personalizado
    comentarios = coletar_comentarios_youtube(
NameError: name 'coletar_comentarios_youtube' is not defined

2025-12-12 12:28:48,000 - UNI_v5.1.3 - INFO - YouTube: Iniciando coleta para 'hector' (limite: 20)
2025-12-12 12:28:48,002 - googleapiclient.discovery_cache - INFO - file_cache is only supported with oauth2client<4.0.0
2025-12-12 12:28:48,008 - googleapiclient.discovery - DEBUG - URL being requested: GET https://youtube.googleapis.com/youtube/v3/search?part=snippet&q=hector&type=video&maxResults=20&order=viewCount&regionCode=BR&relevanceLanguage=pt&key=AIzaSyBj80B2fwVvFEMtcQU8tPV_NCNaEmQvzhc&alt=json
2025-12-12 12:28:48,373 - googleapiclient.discovery - DEBUG - URL being requested: GET https://youtube.googleapis.com/youtube/v3/videos?part=statistics%2CcontentDetails%2Csnippet%2Cstatus&id=E02NBXm9r9k%2CRfTcYeNdZHY%2CANbxbbK9i5A%2CBNo0vkEYWRc%2Cp_-eHLhdF_0%2CLrVjKqXjjpM%2C-Ws8CEU2Ljk%2CO9-98z8rf40%2CLXExea8k57M%2CZi0aQ4PVAdI%2CqYkpURie5cU%2C14oU3vuRpo8%2CeB3wlW96CQs%2C-Nl20rZgIN4%2CKeLe9ekDh30%2C4dFAVJiodhI%2CrmerQRm3GJk%2CYrN5Z-Aj3QE%2C8n5RNPzpcVg%2CUS3VMaYGx4E&key=AIzaSyBj80B2fwVvFEMtcQU8tPV_NCNaEmQvzhc&alt=json
2025-12-12 12:28:48,777 - UNI_v5.1.3 - INFO - YouTube: Coletados 20 resultados com sucesso
2025-12-12 12:28:48,778 - UNI_v5.1.3 - ERROR - Erro ao coletar YouTube: name 'coletar_comentarios_youtube' is not defined
2025-12-12 12:28:48,778 - UNI_v5.1.3 - DEBUG - Traceback (most recent call last):
  File "/Users/eas/Desktop/github/emersonalmeida/emersonalmeida.github.io/project/uni/uni_v5.1.py", line 3836, in modo_personalizado
    comentarios = coletar_comentarios_youtube(
NameError: name 'coletar_comentarios_youtube' is not defined

2025-12-12 12:28:48,789 - UNI_v5.1.3 - INFO - Google Play: Iniciando coleta para 'hector' (limite: 20, tentativa 1/3)
2025-12-12 12:28:56,489 - UNI_v5.1.3 - INFO - Google Play: Coletados 20 resultados com sucesso
2025-12-12 12:28:56,768 - UNI_v5.1.3 - INFO - Google Play Reviews: Coletados 0 reviews para app com.popup.hector
2025-12-12 12:28:56,769 - UNI_v5.1.3 - INFO - Google Play Reviews: Ordenação 'oldest' não disponível - usando 'newest' + ordenação manual
2025-12-12 12:28:56,988 - UNI_v5.1.3 - INFO - Google Play Reviews: Coletados 0 reviews para app com.popup.hector
2025-12-12 12:28:57,365 - UNI_v5.1.3 - INFO - Google Play Reviews: Coletados 0 reviews para app com.popup.hector
2025-12-12 12:28:57,576 - UNI_v5.1.3 - INFO - Google Play Reviews: Coletados 0 reviews para app com.popup.hector
2025-12-12 12:28:57,576 - UNI_v5.1.3 - INFO - Google Play Reviews: Ordenação 'most_helpful' não disponível - usando 'rating' como fallback
2025-12-12 12:28:57,773 - UNI_v5.1.3 - INFO - Google Play Reviews: Coletados 0 reviews para app com.popup.hector
2025-12-12 12:28:58,025 - UNI_v5.1.3 - INFO - Google Play Reviews: Coletados 0 reviews para app com.recruitmentmentors.school
2025-12-12 12:28:58,026 - UNI_v5.1.3 - INFO - Google Play Reviews: Ordenação 'oldest' não disponível - usando 'newest' + ordenação manual
2025-12-12 12:28:58,228 - UNI_v5.1.3 - INFO - Google Play Reviews: Coletados 0 reviews para app com.recruitmentmentors.school
2025-12-12 12:28:58,615 - UNI_v5.1.3 - INFO - Google Play Reviews: Coletados 0 reviews para app com.recruitmentmentors.school
2025-12-12 12:28:58,856 - UNI_v5.1.3 - INFO - Google Play Reviews: Coletados 0 reviews para app com.recruitmentmentors.school
2025-12-12 12:28:58,856 - UNI_v5.1.3 - INFO - Google Play Reviews: Ordenação 'most_helpful' não disponível - usando 'rating' como fallback
2025-12-12 12:28:59,052 - UNI_v5.1.3 - INFO - Google Play Reviews: Coletados 0 reviews para app com.recruitmentmentors.school
2025-12-12 12:28:59,311 - UNI_v5.1.3 - INFO - Google Play Reviews: Coletados 0 reviews para app com.hectorrn
2025-12-12 12:28:59,311 - UNI_v5.1.3 - INFO - Google Play Reviews: Ordenação 'oldest' não disponível - usando 'newest' + ordenação manual
2025-12-12 12:28:59,533 - UNI_v5.1.3 - INFO - Google Play Reviews: Coletados 0 reviews para app com.hectorrn
2025-12-12 12:28:59,913 - UNI_v5.1.3 - INFO - Google Play Reviews: Coletados 0 reviews para app com.hectorrn
2025-12-12 12:29:00,105 - UNI_v5.1.3 - INFO - Google Play Reviews: Coletados 0 reviews para app com.hectorrn
2025-12-12 12:29:00,106 - UNI_v5.1.3 - INFO - Google Play Reviews: Ordenação 'most_helpful' não disponível - usando 'rating' como fallback
2025-12-12 12:29:00,299 - UNI_v5.1.3 - INFO - Google Play Reviews: Coletados 0 reviews para app com.hectorrn
2025-12-12 12:29:00,614 - UNI_v5.1.3 - INFO - Google Play Reviews: Coletados 0 reviews para app com.leaf.hector
2025-12-12 12:29:00,614 - UNI_v5.1.3 - INFO - Google Play Reviews: Ordenação 'oldest' não disponível - usando 'newest' + ordenação manual
2025-12-12 12:29:00,848 - UNI_v5.1.3 - INFO - Google Play Reviews: Coletados 0 reviews para app com.leaf.hector
2025-12-12 12:29:01,380 - UNI_v5.1.3 - INFO - Google Play Reviews: Coletados 0 reviews para app com.leaf.hector
2025-12-12 12:29:01,605 - UNI_v5.1.3 - INFO - Google Play Reviews: Coletados 0 reviews para app com.leaf.hector
2025-12-12 12:29:01,605 - UNI_v5.1.3 - INFO - Google Play Reviews: Ordenação 'most_helpful' não disponível - usando 'rating' como fallback
2025-12-12 12:29:01,821 - UNI_v5.1.3 - INFO - Google Play Reviews: Coletados 0 reviews para app com.leaf.hector
2025-12-12 12:29:02,540 - UNI_v5.1.3 - INFO - Google Play Reviews: Coletados 100 reviews para app com.nekki.vector
2025-12-12 12:29:02,541 - UNI_v5.1.3 - INFO - Google Play Reviews: Ordenação 'oldest' não disponível - usando 'newest' + ordenação manual
2025-12-12 12:29:03,128 - UNI_v5.1.3 - INFO - Google Play Reviews: Coletados 100 reviews para app com.nekki.vector
2025-12-12 12:29:04,126 - UNI_v5.1.3 - INFO - Google Play Reviews: Coletados 100 reviews para app com.nekki.vector
2025-12-12 12:29:04,910 - UNI_v5.1.3 - INFO - Google Play Reviews: Coletados 100 reviews para app com.nekki.vector
2025-12-12 12:29:04,910 - UNI_v5.1.3 - INFO - Google Play Reviews: Ordenação 'most_helpful' não disponível - usando 'rating' como fallback
2025-12-12 12:29:05,533 - UNI_v5.1.3 - INFO - Google Play Reviews: Coletados 100 reviews para app com.nekki.vector
2025-12-12 12:29:05,786 - UNI_v5.1.3 - INFO - Google Play Reviews: Coletados 0 reviews para app com.DemandGames.HectorsLastMission
2025-12-12 12:29:05,786 - UNI_v5.1.3 - INFO - Google Play Reviews: Ordenação 'oldest' não disponível - usando 'newest' + ordenação manual
2025-12-12 12:29:06,053 - UNI_v5.1.3 - INFO - Google Play Reviews: Coletados 0 reviews para app com.DemandGames.HectorsLastMission
2025-12-12 12:29:06,372 - UNI_v5.1.3 - INFO - Google Play Reviews: Coletados 0 reviews para app com.DemandGames.HectorsLastMission
2025-12-12 12:29:06,601 - UNI_v5.1.3 - INFO - Google Play Reviews: Coletados 0 reviews para app com.DemandGames.HectorsLastMission
2025-12-12 12:29:06,601 - UNI_v5.1.3 - INFO - Google Play Reviews: Ordenação 'most_helpful' não disponível - usando 'rating' como fallback
2025-12-12 12:29:06,799 - UNI_v5.1.3 - INFO - Google Play Reviews: Coletados 0 reviews para app com.DemandGames.HectorsLastMission
2025-12-12 12:29:07,104 - UNI_v5.1.3 - INFO - Google Play Reviews: Coletados 0 reviews para app com.fatrabbit.hector
2025-12-12 12:29:07,104 - UNI_v5.1.3 - INFO - Google Play Reviews: Ordenação 'oldest' não disponível - usando 'newest' + ordenação manual
2025-12-12 12:29:07,316 - UNI_v5.1.3 - INFO - Google Play Reviews: Coletados 0 reviews para app com.fatrabbit.hector
2025-12-12 12:29:07,718 - UNI_v5.1.3 - INFO - Google Play Reviews: Coletados 0 reviews para app com.fatrabbit.hector
2025-12-12 12:29:07,949 - UNI_v5.1.3 - INFO - Google Play Reviews: Coletados 0 reviews para app com.fatrabbit.hector
2025-12-12 12:29:07,950 - UNI_v5.1.3 - INFO - Google Play Reviews: Ordenação 'most_helpful' não disponível - usando 'rating' como fallback
2025-12-12 12:29:08,175 - UNI_v5.1.3 - INFO - Google Play Reviews: Coletados 0 reviews para app com.fatrabbit.hector
2025-12-12 12:29:08,991 - UNI_v5.1.3 - INFO - Google Play Reviews: Coletados 100 reviews para app com.zhiliaoapp.musically.go
2025-12-12 12:29:08,993 - UNI_v5.1.3 - INFO - Google Play Reviews: Ordenação 'oldest' não disponível - usando 'newest' + ordenação manual
2025-12-12 12:29:09,582 - UNI_v5.1.3 - INFO - Google Play Reviews: Coletados 100 reviews para app com.zhiliaoapp.musically.go
2025-12-12 12:29:10,488 - UNI_v5.1.3 - INFO - Google Play Reviews: Coletados 100 reviews para app com.zhiliaoapp.musically.go
2025-12-12 12:29:11,070 - UNI_v5.1.3 - INFO - Google Play Reviews: Coletados 100 reviews para app com.zhiliaoapp.musically.go
2025-12-12 12:29:11,070 - UNI_v5.1.3 - INFO - Google Play Reviews: Ordenação 'most_helpful' não disponível - usando 'rating' como fallback
2025-12-12 12:29:11,658 - UNI_v5.1.3 - INFO - Google Play Reviews: Coletados 100 reviews para app com.zhiliaoapp.musically.go
2025-12-12 12:29:12,249 - UNI_v5.1.3 - INFO - Google Play Reviews: Coletados 6 reviews para app funtaptic.thegrugs.runner.hector
2025-12-12 12:29:12,250 - UNI_v5.1.3 - INFO - Google Play Reviews: Ordenação 'oldest' não disponível - usando 'newest' + ordenação manual
2025-12-12 12:29:12,786 - UNI_v5.1.3 - INFO - Google Play Reviews: Coletados 6 reviews para app funtaptic.thegrugs.runner.hector
2025-12-12 12:29:13,540 - UNI_v5.1.3 - INFO - Google Play Reviews: Coletados 6 reviews para app funtaptic.thegrugs.runner.hector
2025-12-12 12:29:14,074 - UNI_v5.1.3 - INFO - Google Play Reviews: Coletados 6 reviews para app funtaptic.thegrugs.runner.hector
2025-12-12 12:29:14,075 - UNI_v5.1.3 - INFO - Google Play Reviews: Ordenação 'most_helpful' não disponível - usando 'rating' como fallback
2025-12-12 12:29:14,616 - UNI_v5.1.3 - INFO - Google Play Reviews: Coletados 6 reviews para app funtaptic.thegrugs.runner.hector
2025-12-12 12:29:15,323 - UNI_v5.1.3 - INFO - Google Play Reviews: Coletados 100 reviews para app com.intsig.camscanner
2025-12-12 12:29:15,324 - UNI_v5.1.3 - INFO - Google Play Reviews: Ordenação 'oldest' não disponível - usando 'newest' + ordenação manual
2025-12-12 12:29:15,942 - UNI_v5.1.3 - INFO - Google Play Reviews: Coletados 100 reviews para app com.intsig.camscanner
2025-12-12 12:29:16,880 - UNI_v5.1.3 - INFO - Google Play Reviews: Coletados 100 reviews para app com.intsig.camscanner
2025-12-12 12:29:17,446 - UNI_v5.1.3 - INFO - Google Play Reviews: Coletados 100 reviews para app com.intsig.camscanner
2025-12-12 12:29:17,446 - UNI_v5.1.3 - INFO - Google Play Reviews: Ordenação 'most_helpful' não disponível - usando 'rating' como fallback
2025-12-12 12:29:18,027 - UNI_v5.1.3 - INFO - Google Play Reviews: Coletados 100 reviews para app com.intsig.camscanner
2025-12-12 12:29:18,682 - UNI_v5.1.3 - INFO - Google Play Reviews: Coletados 100 reviews para app com.kitkagames.fallbuddies
2025-12-12 12:29:18,683 - UNI_v5.1.3 - INFO - Google Play Reviews: Ordenação 'oldest' não disponível - usando 'newest' + ordenação manual
2025-12-12 12:29:19,273 - UNI_v5.1.3 - INFO - Google Play Reviews: Coletados 100 reviews para app com.kitkagames.fallbuddies
2025-12-12 12:29:19,990 - UNI_v5.1.3 - INFO - Google Play Reviews: Coletados 100 reviews para app com.kitkagames.fallbuddies
2025-12-12 12:29:20,784 - UNI_v5.1.3 - INFO - Google Play Reviews: Coletados 100 reviews para app com.kitkagames.fallbuddies
2025-12-12 12:29:20,785 - UNI_v5.1.3 - INFO - Google Play Reviews: Ordenação 'most_helpful' não disponível - usando 'rating' como fallback
2025-12-12 12:29:21,403 - UNI_v5.1.3 - INFO - Google Play Reviews: Coletados 100 reviews para app com.kitkagames.fallbuddies
2025-12-12 12:29:22,312 - UNI_v5.1.3 - INFO - Google Play Reviews: Coletados 100 reviews para app com.etermax.preguntados.lite
2025-12-12 12:29:22,312 - UNI_v5.1.3 - INFO - Google Play Reviews: Ordenação 'oldest' não disponível - usando 'newest' + ordenação manual
2025-12-12 12:29:22,896 - UNI_v5.1.3 - INFO - Google Play Reviews: Coletados 100 reviews para app com.etermax.preguntados.lite
2025-12-12 12:29:23,628 - UNI_v5.1.3 - INFO - Google Play Reviews: Coletados 100 reviews para app com.etermax.preguntados.lite
2025-12-12 12:29:24,268 - UNI_v5.1.3 - INFO - Google Play Reviews: Coletados 100 reviews para app com.etermax.preguntados.lite
2025-12-12 12:29:24,268 - UNI_v5.1.3 - INFO - Google Play Reviews: Ordenação 'most_helpful' não disponível - usando 'rating' como fallback
2025-12-12 12:29:24,937 - UNI_v5.1.3 - INFO - Google Play Reviews: Coletados 100 reviews para app com.etermax.preguntados.lite
2025-12-12 12:29:25,670 - UNI_v5.1.3 - INFO - Google Play Reviews: Coletados 100 reviews para app com.kiloo.subwaysurf
2025-12-12 12:29:25,671 - UNI_v5.1.3 - INFO - Google Play Reviews: Ordenação 'oldest' não disponível - usando 'newest' + ordenação manual
2025-12-12 12:29:26,270 - UNI_v5.1.3 - INFO - Google Play Reviews: Coletados 100 reviews para app com.kiloo.subwaysurf
2025-12-12 12:29:27,406 - UNI_v5.1.3 - INFO - Google Play Reviews: Coletados 100 reviews para app com.kiloo.subwaysurf
2025-12-12 12:29:28,355 - UNI_v5.1.3 - INFO - Google Play Reviews: Coletados 100 reviews para app com.kiloo.subwaysurf
2025-12-12 12:29:28,356 - UNI_v5.1.3 - INFO - Google Play Reviews: Ordenação 'most_helpful' não disponível - usando 'rating' como fallback
2025-12-12 12:29:29,000 - UNI_v5.1.3 - INFO - Google Play Reviews: Coletados 100 reviews para app com.kiloo.subwaysurf
2025-12-12 12:29:29,875 - UNI_v5.1.3 - INFO - Google Play Reviews: Coletados 92 reviews para app com.oceanwing.battery.cam
2025-12-12 12:29:29,875 - UNI_v5.1.3 - INFO - Google Play Reviews: Ordenação 'oldest' não disponível - usando 'newest' + ordenação manual
2025-12-12 12:29:30,504 - UNI_v5.1.3 - INFO - Google Play Reviews: Coletados 92 reviews para app com.oceanwing.battery.cam
2025-12-12 12:29:31,615 - UNI_v5.1.3 - INFO - Google Play Reviews: Coletados 92 reviews para app com.oceanwing.battery.cam
2025-12-12 12:29:32,181 - UNI_v5.1.3 - INFO - Google Play Reviews: Coletados 92 reviews para app com.oceanwing.battery.cam
2025-12-12 12:29:32,181 - UNI_v5.1.3 - INFO - Google Play Reviews: Ordenação 'most_helpful' não disponível - usando 'rating' como fallback
2025-12-12 12:29:32,789 - UNI_v5.1.3 - INFO - Google Play Reviews: Coletados 92 reviews para app com.oceanwing.battery.cam
2025-12-12 12:29:33,064 - UNI_v5.1.3 - INFO - Google Play Reviews: Coletados 0 reviews para app com.apptegy.hectorar
2025-12-12 12:29:33,064 - UNI_v5.1.3 - INFO - Google Play Reviews: Ordenação 'oldest' não disponível - usando 'newest' + ordenação manual
2025-12-12 12:29:33,279 - UNI_v5.1.3 - INFO - Google Play Reviews: Coletados 0 reviews para app com.apptegy.hectorar
2025-12-12 12:29:33,739 - UNI_v5.1.3 - INFO - Google Play Reviews: Coletados 0 reviews para app com.apptegy.hectorar
2025-12-12 12:29:33,962 - UNI_v5.1.3 - INFO - Google Play Reviews: Coletados 0 reviews para app com.apptegy.hectorar
2025-12-12 12:29:33,962 - UNI_v5.1.3 - INFO - Google Play Reviews: Ordenação 'most_helpful' não disponível - usando 'rating' como fallback
2025-12-12 12:29:34,148 - UNI_v5.1.3 - INFO - Google Play Reviews: Coletados 0 reviews para app com.apptegy.hectorar
2025-12-12 12:29:34,384 - UNI_v5.1.3 - INFO - Google Play Reviews: Coletados 0 reviews para app com.nexolife.hectorbonarrico
2025-12-12 12:29:34,384 - UNI_v5.1.3 - INFO - Google Play Reviews: Ordenação 'oldest' não disponível - usando 'newest' + ordenação manual
2025-12-12 12:29:34,675 - UNI_v5.1.3 - INFO - Google Play Reviews: Coletados 0 reviews para app com.nexolife.hectorbonarrico
2025-12-12 12:29:35,029 - UNI_v5.1.3 - INFO - Google Play Reviews: Coletados 0 reviews para app com.nexolife.hectorbonarrico
2025-12-12 12:29:35,232 - UNI_v5.1.3 - INFO - Google Play Reviews: Coletados 0 reviews para app com.nexolife.hectorbonarrico
2025-12-12 12:29:35,232 - UNI_v5.1.3 - INFO - Google Play Reviews: Ordenação 'most_helpful' não disponível - usando 'rating' como fallback
2025-12-12 12:29:35,436 - UNI_v5.1.3 - INFO - Google Play Reviews: Coletados 0 reviews para app com.nexolife.hectorbonarrico
2025-12-12 12:29:36,197 - UNI_v5.1.3 - INFO - Google Play Reviews: Coletados 100 reviews para app com.asanteegames.magicrampage
2025-12-12 12:29:36,198 - UNI_v5.1.3 - INFO - Google Play Reviews: Ordenação 'oldest' não disponível - usando 'newest' + ordenação manual
2025-12-12 12:29:36,838 - UNI_v5.1.3 - INFO - Google Play Reviews: Coletados 100 reviews para app com.asanteegames.magicrampage
2025-12-12 12:29:37,673 - UNI_v5.1.3 - INFO - Google Play Reviews: Coletados 100 reviews para app com.asanteegames.magicrampage
2025-12-12 12:29:38,305 - UNI_v5.1.3 - INFO - Google Play Reviews: Coletados 100 reviews para app com.asanteegames.magicrampage
2025-12-12 12:29:38,306 - UNI_v5.1.3 - INFO - Google Play Reviews: Ordenação 'most_helpful' não disponível - usando 'rating' como fallback
2025-12-12 12:29:38,930 - UNI_v5.1.3 - INFO - Google Play Reviews: Coletados 100 reviews para app com.asanteegames.magicrampage
2025-12-12 12:29:39,721 - UNI_v5.1.3 - INFO - Google Play Reviews: Coletados 100 reviews para app com.ford.fordpass
2025-12-12 12:29:39,722 - UNI_v5.1.3 - INFO - Google Play Reviews: Ordenação 'oldest' não disponível - usando 'newest' + ordenação manual
2025-12-12 12:29:40,369 - UNI_v5.1.3 - INFO - Google Play Reviews: Coletados 100 reviews para app com.ford.fordpass
2025-12-12 12:29:41,353 - UNI_v5.1.3 - INFO - Google Play Reviews: Coletados 100 reviews para app com.ford.fordpass
2025-12-12 12:29:41,927 - UNI_v5.1.3 - INFO - Google Play Reviews: Coletados 100 reviews para app com.ford.fordpass
2025-12-12 12:29:41,928 - UNI_v5.1.3 - INFO - Google Play Reviews: Ordenação 'most_helpful' não disponível - usando 'rating' como fallback
2025-12-12 12:29:42,485 - UNI_v5.1.3 - INFO - Google Play Reviews: Coletados 100 reviews para app com.ford.fordpass
2025-12-12 12:29:43,255 - UNI_v5.1.3 - INFO - Google Play Reviews: Coletados 100 reviews para app com.alphainventor.filemanager
2025-12-12 12:29:43,256 - UNI_v5.1.3 - INFO - Google Play Reviews: Ordenação 'oldest' não disponível - usando 'newest' + ordenação manual
2025-12-12 12:29:43,874 - UNI_v5.1.3 - INFO - Google Play Reviews: Coletados 100 reviews para app com.alphainventor.filemanager
2025-12-12 12:29:44,630 - UNI_v5.1.3 - INFO - Google Play Reviews: Coletados 100 reviews para app com.alphainventor.filemanager
2025-12-12 12:29:45,270 - UNI_v5.1.3 - INFO - Google Play Reviews: Coletados 100 reviews para app com.alphainventor.filemanager
2025-12-12 12:29:45,271 - UNI_v5.1.3 - INFO - Google Play Reviews: Ordenação 'most_helpful' não disponível - usando 'rating' como fallback
2025-12-12 12:29:45,875 - UNI_v5.1.3 - INFO - Google Play Reviews: Coletados 100 reviews para app com.alphainventor.filemanager
2025-12-12 12:29:46,631 - UNI_v5.1.3 - INFO - Google Play Reviews: Coletados 100 reviews para app com.justgame.jails
2025-12-12 12:29:46,631 - UNI_v5.1.3 - INFO - Google Play Reviews: Ordenação 'oldest' não disponível - usando 'newest' + ordenação manual
2025-12-12 12:29:47,216 - UNI_v5.1.3 - INFO - Google Play Reviews: Coletados 100 reviews para app com.justgame.jails
2025-12-12 12:29:48,214 - UNI_v5.1.3 - INFO - Google Play Reviews: Coletados 100 reviews para app com.justgame.jails
2025-12-12 12:29:48,783 - UNI_v5.1.3 - INFO - Google Play Reviews: Coletados 100 reviews para app com.justgame.jails
2025-12-12 12:29:48,784 - UNI_v5.1.3 - INFO - Google Play Reviews: Ordenação 'most_helpful' não disponível - usando 'rating' como fallback
2025-12-12 12:29:49,353 - UNI_v5.1.3 - INFO - Google Play Reviews: Coletados 100 reviews para app com.justgame.jails
2025-12-12 12:29:49,360 - UNI_v5.1.3 - INFO - Apple App Store: Iniciando coleta para 'hector' (limite: 20, tentativa 1/3)
2025-12-12 12:29:49,360 - Base - INFO - Searching for app id
2025-12-12 12:29:49,361 - Base - DEBUG - Making a GET request: https://www.google.com/search
2025-12-12 12:29:49,364 - urllib3.connectionpool - DEBUG - Starting new HTTPS connection (1): www.google.com:443
2025-12-12 12:29:49,564 - urllib3.connectionpool - DEBUG - https://www.google.com:443 "GET /search?q=app+store+hector HTTP/1.1" 200 None
2025-12-12 12:29:49,649 - UNI_v5.1.3 - WARNING - Apple App Store: Tentativa 1 falhou: Não foi possível encontrar app_id para 'hector'
2025-12-12 12:29:51,654 - UNI_v5.1.3 - INFO - Apple App Store: Iniciando coleta para 'hector' (limite: 20, tentativa 2/3)
2025-12-12 12:29:51,655 - Base - INFO - Searching for app id
2025-12-12 12:29:51,656 - Base - DEBUG - Making a GET request: https://www.google.com/search
2025-12-12 12:29:51,661 - urllib3.connectionpool - DEBUG - Starting new HTTPS connection (1): www.google.com:443
2025-12-12 12:29:51,850 - urllib3.connectionpool - DEBUG - https://www.google.com:443 "GET /search?q=app+store+hector HTTP/1.1" 200 None
2025-12-12 12:29:51,934 - UNI_v5.1.3 - WARNING - Apple App Store: Tentativa 2 falhou: Não foi possível encontrar app_id para 'hector'
2025-12-12 12:29:53,939 - UNI_v5.1.3 - INFO - Apple App Store: Iniciando coleta para 'hector' (limite: 20, tentativa 3/3)
2025-12-12 12:29:53,940 - Base - INFO - Searching for app id
2025-12-12 12:29:53,941 - Base - DEBUG - Making a GET request: https://www.google.com/search
2025-12-12 12:29:53,946 - urllib3.connectionpool - DEBUG - Starting new HTTPS connection (1): www.google.com:443
2025-12-12 12:29:54,148 - urllib3.connectionpool - DEBUG - https://www.google.com:443 "GET /search?q=app+store+hector HTTP/1.1" 200 None
2025-12-12 12:29:54,193 - UNI_v5.1.3 - WARNING - Apple App Store: Tentativa 3 falhou: Não foi possível encontrar app_id para 'hector'
2025-12-12 12:29:54,193 - UNI_v5.1.3 - ERROR - Apple App Store: Todas as tentativas falharam - termo 'hector' pode não ter resultados na App Store
2025-12-12 12:29:54,193 - UNI_v5.1.3 - INFO - Reddit: Iniciando coleta para 'hector' (subreddit: all, limite: 10)
2025-12-12 12:29:54,206 - urllib3.connectionpool - DEBUG - Starting new HTTPS connection (1): pypi.org:443
2025-12-12 12:29:54,368 - urllib3.connectionpool - DEBUG - https://pypi.org:443 "GET /pypi/praw/json HTTP/1.1" 200 36290
2025-12-12 12:29:54,378 - prawcore - DEBUG - Fetching: GET https://oauth.reddit.com/r/all/search/ at 1765553394.378349
2025-12-12 12:29:54,378 - prawcore - DEBUG - Data: None
2025-12-12 12:29:54,378 - prawcore - DEBUG - Params: {'limit': 10,
 'q': 'hector',
 'raw_json': 1,
 'restrict_sr': False,
 'sort': 'relevance',
 'syntax': 'lucene',
 't': 'all'}
2025-12-12 12:29:54,390 - urllib3.connectionpool - DEBUG - Starting new HTTPS connection (1): www.reddit.com:443
2025-12-12 12:29:54,582 - urllib3.connectionpool - DEBUG - https://www.reddit.com:443 "POST /api/v1/access_token HTTP/1.1" 200 650
2025-12-12 12:29:54,595 - urllib3.connectionpool - DEBUG - Starting new HTTPS connection (1): oauth.reddit.com:443
2025-12-12 12:29:55,126 - urllib3.connectionpool - DEBUG - https://oauth.reddit.com:443 "GET /r/all/search/?q=hector&restrict_sr=False&sort=relevance&syntax=lucene&t=all&limit=10&raw_json=1 HTTP/1.1" 200 10319
2025-12-12 12:29:55,128 - prawcore - DEBUG - Response: 200 (10319 bytes) (rst-5:rem-999.0:used-1 ratelimit) at 1765553395.128553
2025-12-12 12:29:55,130 - prawcore - DEBUG - Fetching: GET https://oauth.reddit.com/r/CarsIndia/about/ at 1765553395.130073
2025-12-12 12:29:55,130 - prawcore - DEBUG - Data: None
2025-12-12 12:29:55,130 - prawcore - DEBUG - Params: {'raw_json': 1}
2025-12-12 12:29:55,328 - urllib3.connectionpool - DEBUG - https://oauth.reddit.com:443 "GET /r/CarsIndia/about/?raw_json=1 HTTP/1.1" 200 2676
2025-12-12 12:29:55,329 - prawcore - DEBUG - Response: 200 (2676 bytes) (rst-4:rem-998.0:used-2 ratelimit) at 1765553395.329848
2025-12-12 12:29:55,330 - prawcore - DEBUG - Fetching: GET https://oauth.reddit.com/user/GodMode88/about/ at 1765553395.330348
2025-12-12 12:29:55,330 - prawcore - DEBUG - Data: None
2025-12-12 12:29:55,330 - prawcore - DEBUG - Params: {'raw_json': 1}
2025-12-12 12:29:55,538 - urllib3.connectionpool - DEBUG - https://oauth.reddit.com:443 "GET /user/GodMode88/about/?raw_json=1 HTTP/1.1" 200 821
2025-12-12 12:29:55,540 - prawcore - DEBUG - Response: 200 (821 bytes) (rst-4:rem-997.0:used-3 ratelimit) at 1765553395.54097
2025-12-12 12:29:55,545 - prawcore - DEBUG - Fetching: GET https://oauth.reddit.com/r/CarsIndia/about/ at 1765553395.545107
2025-12-12 12:29:55,545 - prawcore - DEBUG - Data: None
2025-12-12 12:29:55,545 - prawcore - DEBUG - Params: {'raw_json': 1}
2025-12-12 12:29:55,743 - urllib3.connectionpool - DEBUG - https://oauth.reddit.com:443 "GET /r/CarsIndia/about/?raw_json=1 HTTP/1.1" 200 2676
2025-12-12 12:29:55,746 - prawcore - DEBUG - Response: 200 (2676 bytes) (rst-4:rem-996.0:used-4 ratelimit) at 1765553395.7466052
2025-12-12 12:29:55,747 - prawcore - DEBUG - Fetching: GET https://oauth.reddit.com/user/ankitbahuguna/about/ at 1765553395.747709
2025-12-12 12:29:55,747 - prawcore - DEBUG - Data: None
2025-12-12 12:29:55,748 - prawcore - DEBUG - Params: {'raw_json': 1}
2025-12-12 12:29:55,948 - urllib3.connectionpool - DEBUG - https://oauth.reddit.com:443 "GET /user/ankitbahuguna/about/?raw_json=1 HTTP/1.1" 200 702
2025-12-12 12:29:55,950 - prawcore - DEBUG - Response: 200 (702 bytes) (rst-4:rem-995.0:used-5 ratelimit) at 1765553395.950739
2025-12-12 12:29:55,955 - prawcore - DEBUG - Fetching: GET https://oauth.reddit.com/r/breakingbad/about/ at 1765553395.955774
2025-12-12 12:29:55,956 - prawcore - DEBUG - Data: None
2025-12-12 12:29:55,956 - prawcore - DEBUG - Params: {'raw_json': 1}
2025-12-12 12:29:56,152 - urllib3.connectionpool - DEBUG - https://oauth.reddit.com:443 "GET /r/breakingbad/about/?raw_json=1 HTTP/1.1" 200 5242
2025-12-12 12:29:56,155 - prawcore - DEBUG - Response: 200 (5242 bytes) (rst-3:rem-994.0:used-6 ratelimit) at 1765553396.1550221
2025-12-12 12:29:56,156 - prawcore - DEBUG - Fetching: GET https://oauth.reddit.com/user/Dilbo_Faggins/about/ at 1765553396.15615
2025-12-12 12:29:56,156 - prawcore - DEBUG - Data: None
2025-12-12 12:29:56,156 - prawcore - DEBUG - Params: {'raw_json': 1}
2025-12-12 12:29:56,352 - urllib3.connectionpool - DEBUG - https://oauth.reddit.com:443 "GET /user/Dilbo_Faggins/about/?raw_json=1 HTTP/1.1" 200 824
2025-12-12 12:29:56,355 - prawcore - DEBUG - Response: 200 (824 bytes) (rst-3:rem-993.0:used-7 ratelimit) at 1765553396.355704
2025-12-12 12:29:56,360 - prawcore - DEBUG - Fetching: GET https://oauth.reddit.com/comments/142w8h1/ at 1765553396.360766
2025-12-12 12:29:56,361 - prawcore - DEBUG - Data: None
2025-12-12 12:29:56,361 - prawcore - DEBUG - Params: {'limit': 2048, 'raw_json': 1, 'sort': 'confidence'}
2025-12-12 12:29:57,021 - urllib3.connectionpool - DEBUG - https://oauth.reddit.com:443 "GET /comments/142w8h1/?limit=2048&sort=confidence&raw_json=1 HTTP/1.1" 200 18657
2025-12-12 12:29:57,023 - prawcore - DEBUG - Response: 200 (18657 bytes) (rst-3:rem-992.0:used-8 ratelimit) at 1765553397.0236921
2025-12-12 12:29:57,033 - prawcore - DEBUG - Fetching: GET https://oauth.reddit.com/r/breakingbad/about/ at 1765553397.0330958
2025-12-12 12:29:57,033 - prawcore - DEBUG - Data: None
2025-12-12 12:29:57,033 - prawcore - DEBUG - Params: {'raw_json': 1}
2025-12-12 12:29:57,229 - urllib3.connectionpool - DEBUG - https://oauth.reddit.com:443 "GET /r/breakingbad/about/?raw_json=1 HTTP/1.1" 200 5242
2025-12-12 12:29:57,232 - prawcore - DEBUG - Response: 200 (5242 bytes) (rst-2:rem-991.0:used-9 ratelimit) at 1765553397.232515
2025-12-12 12:29:57,233 - prawcore - DEBUG - Fetching: GET https://oauth.reddit.com/user/Dave_The_Triffids/about/ at 1765553397.2337961
2025-12-12 12:29:57,234 - prawcore - DEBUG - Data: None
2025-12-12 12:29:57,234 - prawcore - DEBUG - Params: {'raw_json': 1}
2025-12-12 12:29:57,440 - urllib3.connectionpool - DEBUG - https://oauth.reddit.com:443 "GET /user/Dave_The_Triffids/about/?raw_json=1 HTTP/1.1" 200 703
2025-12-12 12:29:57,441 - prawcore - DEBUG - Response: 200 (703 bytes) (rst-2:rem-990.0:used-10 ratelimit) at 1765553397.441495
2025-12-12 12:29:57,444 - prawcore - DEBUG - Fetching: GET https://oauth.reddit.com/comments/1jkklrn/ at 1765553397.444448
2025-12-12 12:29:57,448 - prawcore - DEBUG - Data: None
2025-12-12 12:29:57,448 - prawcore - DEBUG - Params: {'limit': 2048, 'raw_json': 1, 'sort': 'confidence'}
2025-12-12 12:29:58,062 - urllib3.connectionpool - DEBUG - https://oauth.reddit.com:443 "GET /comments/1jkklrn/?limit=2048&sort=confidence&raw_json=1 HTTP/1.1" 200 19525
2025-12-12 12:29:58,191 - prawcore - DEBUG - Response: 200 (19525 bytes) (rst-2:rem-989.0:used-11 ratelimit) at 1765553398.1910882
2025-12-12 12:29:58,199 - prawcore - DEBUG - Fetching: GET https://oauth.reddit.com/r/breakingbad/about/ at 1765553398.19905
2025-12-12 12:29:58,199 - prawcore - DEBUG - Data: None
2025-12-12 12:29:58,199 - prawcore - DEBUG - Params: {'raw_json': 1}
2025-12-12 12:29:58,385 - urllib3.connectionpool - DEBUG - https://oauth.reddit.com:443 "GET /r/breakingbad/about/?raw_json=1 HTTP/1.1" 200 5242
2025-12-12 12:29:58,386 - prawcore - DEBUG - Response: 200 (5242 bytes) (rst-1:rem-988.0:used-12 ratelimit) at 1765553398.386181
2025-12-12 12:29:58,386 - prawcore - DEBUG - Fetching: GET https://oauth.reddit.com/user/LandOfGrace2023/about/ at 1765553398.3867168
2025-12-12 12:29:58,386 - prawcore - DEBUG - Data: None
2025-12-12 12:29:58,386 - prawcore - DEBUG - Params: {'raw_json': 1}
2025-12-12 12:29:58,580 - urllib3.connectionpool - DEBUG - https://oauth.reddit.com:443 "GET /user/LandOfGrace2023/about/?raw_json=1 HTTP/1.1" 200 870
2025-12-12 12:29:58,581 - prawcore - DEBUG - Response: 200 (870 bytes) (rst-1:rem-987.0:used-13 ratelimit) at 1765553398.581179
2025-12-12 12:29:58,584 - prawcore - DEBUG - Fetching: GET https://oauth.reddit.com/r/CarsIndia/about/ at 1765553398.584857
2025-12-12 12:29:58,585 - prawcore - DEBUG - Data: None
2025-12-12 12:29:58,585 - prawcore - DEBUG - Params: {'raw_json': 1}
2025-12-12 12:29:58,777 - urllib3.connectionpool - DEBUG - https://oauth.reddit.com:443 "GET /r/CarsIndia/about/?raw_json=1 HTTP/1.1" 200 2676
2025-12-12 12:29:58,779 - prawcore - DEBUG - Response: 200 (2676 bytes) (rst-1:rem-986.0:used-14 ratelimit) at 1765553398.7798662
2025-12-12 12:29:58,781 - prawcore - DEBUG - Fetching: GET https://oauth.reddit.com/user/AnotherBoeing747/about/ at 1765553398.7809799
2025-12-12 12:29:58,781 - prawcore - DEBUG - Data: None
2025-12-12 12:29:58,781 - prawcore - DEBUG - Params: {'raw_json': 1}
2025-12-12 12:29:58,992 - urllib3.connectionpool - DEBUG - https://oauth.reddit.com:443 "GET /user/AnotherBoeing747/about/?raw_json=1 HTTP/1.1" 200 889
2025-12-12 12:29:58,993 - prawcore - DEBUG - Response: 200 (889 bytes) (rst-1:rem-985.0:used-15 ratelimit) at 1765553398.993771
2025-12-12 12:29:58,995 - prawcore - DEBUG - Fetching: GET https://oauth.reddit.com/r/whiteoutsurvival/about/ at 1765553398.995399
2025-12-12 12:29:58,995 - prawcore - DEBUG - Data: None
2025-12-12 12:29:58,995 - prawcore - DEBUG - Params: {'raw_json': 1}
2025-12-12 12:29:59,182 - urllib3.connectionpool - DEBUG - https://oauth.reddit.com:443 "GET /r/whiteoutsurvival/about/?raw_json=1 HTTP/1.1" 200 1305
2025-12-12 12:29:59,183 - prawcore - DEBUG - Response: 200 (1305 bytes) (rst-0:rem-984.0:used-16 ratelimit) at 1765553399.18366
2025-12-12 12:29:59,184 - prawcore - DEBUG - Fetching: GET https://oauth.reddit.com/user/bettysugars/about/ at 1765553399.184111
2025-12-12 12:29:59,184 - prawcore - DEBUG - Data: None
2025-12-12 12:29:59,184 - prawcore - DEBUG - Params: {'raw_json': 1}
2025-12-12 12:29:59,380 - urllib3.connectionpool - DEBUG - https://oauth.reddit.com:443 "GET /user/bettysugars/about/?raw_json=1 HTTP/1.1" 200 838
2025-12-12 12:29:59,381 - prawcore - DEBUG - Response: 200 (838 bytes) (rst-0:rem-983.0:used-17 ratelimit) at 1765553399.3814578
2025-12-12 12:29:59,383 - prawcore - DEBUG - Fetching: GET https://oauth.reddit.com/comments/1no48z7/ at 1765553399.3839219
2025-12-12 12:29:59,384 - prawcore - DEBUG - Data: None
2025-12-12 12:29:59,384 - prawcore - DEBUG - Params: {'limit': 2048, 'raw_json': 1, 'sort': 'confidence'}
2025-12-12 12:30:00,669 - urllib3.connectionpool - DEBUG - https://oauth.reddit.com:443 "GET /comments/1no48z7/?limit=2048&sort=confidence&raw_json=1 HTTP/1.1" 200 5366
2025-12-12 12:30:00,672 - prawcore - DEBUG - Response: 200 (5366 bytes) (rst-0:rem-982.0:used-18 ratelimit) at 1765553400.6726432
2025-12-12 12:30:00,677 - prawcore - DEBUG - Fetching: GET https://oauth.reddit.com/r/baseball/about/ at 1765553400.677139
2025-12-12 12:30:00,677 - prawcore - DEBUG - Data: None
2025-12-12 12:30:00,677 - prawcore - DEBUG - Params: {'raw_json': 1}
2025-12-12 12:30:00,872 - urllib3.connectionpool - DEBUG - https://oauth.reddit.com:443 "GET /r/baseball/about/?raw_json=1 HTTP/1.1" 200 6158
2025-12-12 12:30:00,875 - prawcore - DEBUG - Response: 200 (6158 bytes) (rst-599:rem-999.0:used-1 ratelimit) at 1765553400.8753312
2025-12-12 12:30:00,876 - prawcore - DEBUG - Fetching: GET https://oauth.reddit.com/user/Soviet_Plays/about/ at 1765553400.876589
2025-12-12 12:30:00,876 - prawcore - DEBUG - Data: None
2025-12-12 12:30:00,876 - prawcore - DEBUG - Params: {'raw_json': 1}
2025-12-12 12:30:01,079 - urllib3.connectionpool - DEBUG - https://oauth.reddit.com:443 "GET /user/Soviet_Plays/about/?raw_json=1 HTTP/1.1" 200 837
2025-12-12 12:30:01,082 - prawcore - DEBUG - Response: 200 (837 bytes) (rst-598:rem-998.0:used-2 ratelimit) at 1765553401.082365
2025-12-12 12:30:01,087 - prawcore - DEBUG - Fetching: GET https://oauth.reddit.com/r/SipsTea/about/ at 1765553401.0871449
2025-12-12 12:30:01,087 - prawcore - DEBUG - Data: None
2025-12-12 12:30:01,088 - prawcore - DEBUG - Params: {'raw_json': 1}
2025-12-12 12:30:01,284 - urllib3.connectionpool - DEBUG - https://oauth.reddit.com:443 "GET /r/SipsTea/about/?raw_json=1 HTTP/1.1" 200 1348
2025-12-12 12:30:01,286 - prawcore - DEBUG - Response: 200 (1348 bytes) (rst-598:rem-997.0:used-3 ratelimit) at 1765553401.286881
2025-12-12 12:30:01,287 - prawcore - DEBUG - Fetching: GET https://oauth.reddit.com/user/plushtragedy/about/ at 1765553401.287788
2025-12-12 12:30:01,287 - prawcore - DEBUG - Data: None
2025-12-12 12:30:01,288 - prawcore - DEBUG - Params: {'raw_json': 1}
2025-12-12 12:30:01,481 - urllib3.connectionpool - DEBUG - https://oauth.reddit.com:443 "GET /user/plushtragedy/about/?raw_json=1 HTTP/1.1" 200 702
2025-12-12 12:30:01,484 - prawcore - DEBUG - Response: 200 (702 bytes) (rst-598:rem-996.0:used-4 ratelimit) at 1765553401.484482
2025-12-12 12:30:01,489 - prawcore - DEBUG - Fetching: GET https://oauth.reddit.com/r/baseball/about/ at 1765553401.489504
2025-12-12 12:30:01,490 - prawcore - DEBUG - Data: None
2025-12-12 12:30:01,490 - prawcore - DEBUG - Params: {'raw_json': 1}
2025-12-12 12:30:01,490 - prawcore - DEBUG - Sleeping: 0.39 seconds prior to call
2025-12-12 12:30:02,084 - urllib3.connectionpool - DEBUG - https://oauth.reddit.com:443 "GET /r/baseball/about/?raw_json=1 HTTP/1.1" 200 6158
2025-12-12 12:30:02,087 - prawcore - DEBUG - Response: 200 (6158 bytes) (rst-597:rem-995.0:used-5 ratelimit) at 1765553402.0879118
2025-12-12 12:30:02,089 - prawcore - DEBUG - Fetching: GET https://oauth.reddit.com/user/DraculasNutsack/about/ at 1765553402.089406
2025-12-12 12:30:02,089 - prawcore - DEBUG - Data: None
2025-12-12 12:30:02,089 - prawcore - DEBUG - Params: {'raw_json': 1}
2025-12-12 12:30:02,294 - urllib3.connectionpool - DEBUG - https://oauth.reddit.com:443 "GET /user/DraculasNutsack/about/?raw_json=1 HTTP/1.1" 200 822
2025-12-12 12:30:02,296 - prawcore - DEBUG - Response: 200 (822 bytes) (rst-597:rem-994.0:used-6 ratelimit) at 1765553402.29693
2025-12-12 12:30:02,302 - prawcore - DEBUG - Fetching: GET https://oauth.reddit.com/comments/1o6qlxs/ at 1765553402.3022149
2025-12-12 12:30:02,302 - prawcore - DEBUG - Data: None
2025-12-12 12:30:02,302 - prawcore - DEBUG - Params: {'limit': 2048, 'raw_json': 1, 'sort': 'confidence'}
2025-12-12 12:30:02,302 - prawcore - DEBUG - Sleeping: 0.59 seconds prior to call
2025-12-12 12:30:06,198 - urllib3.connectionpool - DEBUG - https://oauth.reddit.com:443 "GET /comments/1o6qlxs/?limit=2048&sort=confidence&raw_json=1 HTTP/1.1" 200 112489
2025-12-12 12:30:06,394 - prawcore - DEBUG - Response: 200 (112489 bytes) (rst-596:rem-993.0:used-7 ratelimit) at 1765553406.3940659
2025-12-12 12:30:06,454 - UNI_v5.1.3 - INFO - Reddit: Coletados 10 resultados com sucesso
2025-12-12 12:30:06,454 - UNI_v5.1.3 - INFO - Google News: Iniciando coleta para 'hector' (limite: 10)
2025-12-12 12:30:06,474 - urllib3.connectionpool - DEBUG - Starting new HTTPS connection (1): gnews.io:443
2025-12-12 12:30:07,124 - urllib3.connectionpool - DEBUG - https://gnews.io:443 "GET /api/v4/search?q=hector&lang=pt&country=br&max=10&apikey=91a7bc222ecfdac6c60019c4fb1ec87c&from=20 HTTP/1.1" 200 None
2025-12-12 12:30:07,126 - UNI_v5.1.3 - INFO - Google News: Coletados 2 resultados com sucesso
2025-12-12 12:30:07,126 - UNI_v5.1.3 - INFO - arXiv: Iniciando coleta para 'hector' (limite: 20)
2025-12-12 12:30:07,276 - urllib3.connectionpool - DEBUG - Starting new HTTP connection (1): export.arxiv.org:80
2025-12-12 12:30:07,292 - urllib3.connectionpool - DEBUG - http://export.arxiv.org:80 "GET /api/query?search_query=all:hector&start=0&max_results=20&sortBy=relevance HTTP/1.1" 301 0
2025-12-12 12:30:07,298 - urllib3.connectionpool - DEBUG - Starting new HTTPS connection (1): export.arxiv.org:443
2025-12-12 12:30:08,720 - urllib3.connectionpool - DEBUG - https://export.arxiv.org:443 "GET /api/query?search_query=all:hector&start=0&max_results=20&sortBy=relevance HTTP/1.1" 200 52224
2025-12-12 12:30:08,771 - UNI_v5.1.3 - INFO - arXiv: Coletados 20 resultados com sucesso
2025-12-12 12:30:08,771 - UNI_v5.1.3 - INFO - Google Scholar: Iniciando coleta para 'hector' (limite: 20, tentativa 1/3)
2025-12-12 12:30:08,828 - urllib3.connectionpool - DEBUG - Starting new HTTPS connection (1): api.semanticscholar.org:443
2025-12-12 12:30:10,194 - urllib3.connectionpool - DEBUG - https://api.semanticscholar.org:443 "GET /graph/v1/paper/search?query=hector&limit=20&fields=title%2Cauthors%2Cyear%2Curl%2Cabstract%2CcitationCount%2CreferenceCount%2Cvenue%2CfieldsOfStudy%2CpublicationTypes%2CpublicationDate%2Cjournal%2CexternalIds%2CisOpenAccess%2CopenAccessPdf HTTP/1.1" 200 56694
2025-12-12 12:30:10,373 - UNI_v5.1.3 - INFO - Google Scholar: Coletados 20 resultados com sucesso
2025-12-12 12:30:10,374 - UNI_v5.1.3 - INFO - Wikipedia: Iniciando coleta para 'hector' (limite: 20, lang: pt)
2025-12-12 12:30:10,387 - urllib3.connectionpool - DEBUG - Starting new HTTPS connection (1): pt.wikipedia.org:443
2025-12-12 12:30:11,180 - urllib3.connectionpool - DEBUG - https://pt.wikipedia.org:443 "GET /w/api.php?action=query&format=json&list=search&srsearch=hector&srlimit=20&srnamespace=0 HTTP/1.1" 200 None
2025-12-12 12:30:11,187 - urllib3.connectionpool - DEBUG - Starting new HTTPS connection (1): pt.wikipedia.org:443
2025-12-12 12:30:11,806 - urllib3.connectionpool - DEBUG - https://pt.wikipedia.org:443 "GET /api/rest_v1/page/summary/Hector HTTP/1.1" 200 552
2025-12-12 12:30:11,817 - urllib3.connectionpool - DEBUG - Starting new HTTPS connection (1): pt.wikipedia.org:443
2025-12-12 12:30:12,074 - urllib3.connectionpool - DEBUG - https://pt.wikipedia.org:443 "GET /api/rest_v1/page/summary/H%C3%A9ctor_Babenco HTTP/1.1" 200 757
2025-12-12 12:30:12,084 - urllib3.connectionpool - DEBUG - Starting new HTTPS connection (1): pt.wikipedia.org:443
2025-12-12 12:30:12,342 - urllib3.connectionpool - DEBUG - https://pt.wikipedia.org:443 "GET /api/rest_v1/page/summary/Tigre_Branco_(Hector_Ayala) HTTP/1.1" 200 712
2025-12-12 12:30:12,349 - urllib3.connectionpool - DEBUG - Starting new HTTPS connection (1): pt.wikipedia.org:443
2025-12-12 12:30:12,468 - urllib3.connectionpool - DEBUG - https://pt.wikipedia.org:443 "GET /api/rest_v1/page/summary/Senhor_Destino HTTP/1.1" 200 806
2025-12-12 12:30:12,478 - urllib3.connectionpool - DEBUG - Starting new HTTPS connection (1): pt.wikipedia.org:443
2025-12-12 12:30:13,311 - urllib3.connectionpool - DEBUG - https://pt.wikipedia.org:443 "GET /api/rest_v1/page/summary/H%C3%A9ctor_Jos%C3%A9_Hern%C3%A1ndez_Marrero HTTP/1.1" 200 547
2025-12-12 12:30:13,317 - urllib3.connectionpool - DEBUG - Starting new HTTPS connection (1): pt.wikipedia.org:443
2025-12-12 12:30:14,731 - urllib3.connectionpool - DEBUG - https://pt.wikipedia.org:443 "GET /api/rest_v1/page/summary/H%C3%A9ctor_Fort HTTP/1.1" 200 536
2025-12-12 12:30:14,742 - urllib3.connectionpool - DEBUG - Starting new HTTPS connection (1): pt.wikipedia.org:443
2025-12-12 12:30:15,361 - urllib3.connectionpool - DEBUG - https://pt.wikipedia.org:443 "GET /api/rest_v1/page/summary/H%C3%A9ctor_Bonilla HTTP/1.1" 200 623
2025-12-12 12:30:15,364 - urllib3.connectionpool - DEBUG - Starting new HTTPS connection (1): pt.wikipedia.org:443
2025-12-12 12:30:15,757 - urllib3.connectionpool - DEBUG - https://pt.wikipedia.org:443 "GET /api/rest_v1/page/summary/Coco_(filme) HTTP/1.1" 200 846
2025-12-12 12:30:15,760 - urllib3.connectionpool - DEBUG - Starting new HTTPS connection (1): pt.wikipedia.org:443
2025-12-12 12:30:16,148 - urllib3.connectionpool - DEBUG - https://pt.wikipedia.org:443 "GET /api/rest_v1/page/summary/H%C3%A9ctor_Beller%C3%ADn HTTP/1.1" 200 640
2025-12-12 12:30:16,155 - urllib3.connectionpool - DEBUG - Starting new HTTPS connection (1): pt.wikipedia.org:443
2025-12-12 12:30:16,556 - urllib3.connectionpool - DEBUG - https://pt.wikipedia.org:443 "GET /api/rest_v1/page/summary/Fluminense_Football_Club HTTP/1.1" 200 None
2025-12-12 12:30:16,566 - urllib3.connectionpool - DEBUG - Starting new HTTPS connection (1): pt.wikipedia.org:443
2025-12-12 12:30:16,959 - urllib3.connectionpool - DEBUG - https://pt.wikipedia.org:443 "GET /api/rest_v1/page/summary/Ikigai HTTP/1.1" 200 716
2025-12-12 12:30:16,967 - urllib3.connectionpool - DEBUG - Starting new HTTPS connection (1): pt.wikipedia.org:443
2025-12-12 12:30:18,376 - urllib3.connectionpool - DEBUG - https://pt.wikipedia.org:443 "GET /api/rest_v1/page/summary/Final_da_Copa_Libertadores_da_Am%C3%A9rica_de_2025 HTTP/1.1" 200 None
2025-12-12 12:30:18,387 - urllib3.connectionpool - DEBUG - Starting new HTTPS connection (1): pt.wikipedia.org:443
2025-12-12 12:30:18,641 - urllib3.connectionpool - DEBUG - https://pt.wikipedia.org:443 "GET /api/rest_v1/page/summary/Religi%C3%A3o HTTP/1.1" 200 874
2025-12-12 12:30:18,650 - urllib3.connectionpool - DEBUG - Starting new HTTPS connection (1): pt.wikipedia.org:443
2025-12-12 12:30:20,431 - urllib3.connectionpool - DEBUG - https://pt.wikipedia.org:443 "GET /api/rest_v1/page/summary/Villa_Fiorito HTTP/1.1" 200 847
2025-12-12 12:30:20,442 - urllib3.connectionpool - DEBUG - Starting new HTTPS connection (1): pt.wikipedia.org:443
2025-12-12 12:30:20,702 - urllib3.connectionpool - DEBUG - https://pt.wikipedia.org:443 "GET /api/rest_v1/page/summary/Dona_de_Mim_(telenovela) HTTP/1.1" 200 680
2025-12-12 12:30:20,714 - urllib3.connectionpool - DEBUG - Starting new HTTPS connection (1): pt.wikipedia.org:443
2025-12-12 12:30:21,722 - urllib3.connectionpool - DEBUG - https://pt.wikipedia.org:443 "GET /api/rest_v1/page/summary/H%C3%A9ctor_Canteros HTTP/1.1" 200 573
2025-12-12 12:30:21,735 - urllib3.connectionpool - DEBUG - Starting new HTTPS connection (1): pt.wikipedia.org:443
2025-12-12 12:30:23,373 - urllib3.connectionpool - DEBUG - https://pt.wikipedia.org:443 "GET /api/rest_v1/page/summary/O_Agente_Secreto HTTP/1.1" 200 None
2025-12-12 12:30:23,382 - urllib3.connectionpool - DEBUG - Starting new HTTPS connection (1): pt.wikipedia.org:443
2025-12-12 12:30:23,642 - urllib3.connectionpool - DEBUG - https://pt.wikipedia.org:443 "GET /api/rest_v1/page/summary/Mini_Beat_Power_Rockers HTTP/1.1" 200 747
2025-12-12 12:30:23,653 - urllib3.connectionpool - DEBUG - Starting new HTTPS connection (1): pt.wikipedia.org:443
2025-12-12 12:30:23,916 - urllib3.connectionpool - DEBUG - https://pt.wikipedia.org:443 "GET /api/rest_v1/page/summary/O_Di%C3%A1rio_da_Princesa_(filme) HTTP/1.1" 200 None
2025-12-12 12:30:23,922 - urllib3.connectionpool - DEBUG - Starting new HTTPS connection (1): pt.wikipedia.org:443
2025-12-12 12:30:24,246 - urllib3.connectionpool - DEBUG - https://pt.wikipedia.org:443 "GET /api/rest_v1/page/summary/Sabu_(hacker) HTTP/1.1" 200 656
2025-12-12 12:30:24,252 - UNI_v5.1.3 - INFO - Wikipedia: Coletados 20 resultados com sucesso
2025-12-12 12:30:24,264 - urllib3.connectionpool - DEBUG - Starting new HTTPS connection (1): api.github.com:443
2025-12-12 12:30:24,936 - urllib3.connectionpool - DEBUG - https://api.github.com:443 "GET /search/repositories?q=hector&sort=stars&order=desc&per_page=20 HTTP/1.1" 200 None
2025-12-12 12:30:24,970 - UNI_v5.1.3 - INFO - GitHub: Coletados 20 resultados com sucesso
2025-12-12 12:30:24,970 - UNI_v5.1.3 - INFO - Hacker News: Iniciando coleta para 'hector' (limite: 20)
2025-12-12 12:30:25,120 - urllib3.connectionpool - DEBUG - Starting new HTTPS connection (1): hn.algolia.com:443
2025-12-12 12:30:25,472 - urllib3.connectionpool - DEBUG - https://hn.algolia.com:443 "GET /api/v1/search?query=hector&tags=story&hitsPerPage=20&numericFilters= HTTP/1.1" 200 17960
2025-12-12 12:30:25,533 - UNI_v5.1.3 - INFO - Hacker News: Coletados 20 resultados com sucesso
2025-12-12 12:30:25,534 - UNI_v5.1.3 - INFO - : JSON salvo em metadados_coleta.json
2025-12-12 12:30:25,539 - UNI_v5.1.3 - INFO - Suggest-chrome-web-top: Salvo 15 registros com 9 colunas em suggest_chrome_web_top.csv (0.9 KB)
2025-12-12 12:30:25,540 - UNI_v5.1.3 - INFO - Suggest-chrome-web-a-z: Salvo 15 registros com 9 colunas em suggest_chrome_web_a_z.csv (0.9 KB)
2025-12-12 12:30:25,541 - UNI_v5.1.3 - INFO - Suggest-chrome-youtube-top: Salvo 15 registros com 9 colunas em suggest_chrome_youtube_top.csv (0.9 KB)
2025-12-12 12:30:25,544 - UNI_v5.1.3 - INFO - Suggest-chrome-youtube-a-z: Salvo 15 registros com 9 colunas em suggest_chrome_youtube_a_z.csv (0.9 KB)
2025-12-12 12:30:25,547 - UNI_v5.1.3 - INFO - SERP-Google: Salvo 20 registros com 19 colunas em serp_google.csv (18.1 KB)
2025-12-12 12:30:25,547 - UNI_v5.1.3 - INFO - SERP-Bing: Salvo 2 registros com 13 colunas em serp_bing.csv (0.8 KB)
2025-12-12 12:30:25,549 - UNI_v5.1.3 - INFO - SERP-Brave: Salvo 20 registros com 13 colunas em serp_brave.csv (7.7 KB)
2025-12-12 12:30:25,551 - UNI_v5.1.3 - INFO - SERP-Duckduckgo: Salvo 17 registros com 8 colunas em serp_duckduckgo.csv (7.5 KB)
2025-12-12 12:30:25,555 - UNI_v5.1.3 - INFO - YouTube-relevance: Salvo 20 registros com 30 colunas em youtube_relevance.csv (29.3 KB)
2025-12-12 12:30:25,558 - UNI_v5.1.3 - INFO - YouTube-date: Salvo 20 registros com 30 colunas em youtube_date.csv (17.4 KB)
2025-12-12 12:30:25,561 - UNI_v5.1.3 - INFO - YouTube-viewCount: Salvo 20 registros com 30 colunas em youtube_viewcount.csv (15.8 KB)
2025-12-12 12:30:25,564 - UNI_v5.1.3 - INFO - AppStore-Google Play: Salvo 20 registros com 28 colunas em appstore_google_play.csv (64.3 KB)
2025-12-12 12:30:25,566 - UNI_v5.1.3 - ERROR - AppStore-Reviews-Google Play-com.nekki.vector: Erro ao salvar CSV reviews_app_com.nekki.vector.csv: Object of type datetime is not JSON serializable
2025-12-12 12:30:25,567 - UNI_v5.1.3 - DEBUG - Traceback (most recent call last):
  File "/Users/eas/Desktop/github/emersonalmeida/emersonalmeida.github.io/project/uni/uni_v5.1.py", line 772, in salvar_csv
    dados_validos = validar_dados(data, fonte)
  File "/Users/eas/Desktop/github/emersonalmeida/emersonalmeida.github.io/project/uni/uni_v5.1.py", line 762, in validar_dados
    return DataValidator.validate_and_clean(data, fonte)
  File "/Users/eas/Desktop/github/emersonalmeida/emersonalmeida.github.io/project/uni/uni_v5.1.py", line 673, in validate_and_clean
    content_hash = hashlib.md5(json.dumps(item_limpo, sort_keys=True).encode()).hexdigest()
  File "/Library/Developer/CommandLineTools/Library/Frameworks/Python3.framework/Versions/3.9/lib/python3.9/json/__init__.py", line 234, in dumps
    return cls(
  File "/Library/Developer/CommandLineTools/Library/Frameworks/Python3.framework/Versions/3.9/lib/python3.9/json/encoder.py", line 199, in encode
    chunks = self.iterencode(o, _one_shot=True)
  File "/Library/Developer/CommandLineTools/Library/Frameworks/Python3.framework/Versions/3.9/lib/python3.9/json/encoder.py", line 257, in iterencode
    return _iterencode(o, 0)
  File "/Library/Developer/CommandLineTools/Library/Frameworks/Python3.framework/Versions/3.9/lib/python3.9/json/encoder.py", line 179, in default
    raise TypeError(f'Object of type {o.__class__.__name__} '
TypeError: Object of type datetime is not JSON serializable

2025-12-12 12:30:25,567 - UNI_v5.1.3 - ERROR - AppStore-Reviews-Google Play-com.zhiliaoapp.musically.go: Erro ao salvar CSV reviews_app_com.zhiliaoapp.musically.go.csv: Object of type datetime is not JSON serializable
2025-12-12 12:30:25,567 - UNI_v5.1.3 - DEBUG - Traceback (most recent call last):
  File "/Users/eas/Desktop/github/emersonalmeida/emersonalmeida.github.io/project/uni/uni_v5.1.py", line 772, in salvar_csv
    dados_validos = validar_dados(data, fonte)
  File "/Users/eas/Desktop/github/emersonalmeida/emersonalmeida.github.io/project/uni/uni_v5.1.py", line 762, in validar_dados
    return DataValidator.validate_and_clean(data, fonte)
  File "/Users/eas/Desktop/github/emersonalmeida/emersonalmeida.github.io/project/uni/uni_v5.1.py", line 673, in validate_and_clean
    content_hash = hashlib.md5(json.dumps(item_limpo, sort_keys=True).encode()).hexdigest()
  File "/Library/Developer/CommandLineTools/Library/Frameworks/Python3.framework/Versions/3.9/lib/python3.9/json/__init__.py", line 234, in dumps
    return cls(
  File "/Library/Developer/CommandLineTools/Library/Frameworks/Python3.framework/Versions/3.9/lib/python3.9/json/encoder.py", line 199, in encode
    chunks = self.iterencode(o, _one_shot=True)
  File "/Library/Developer/CommandLineTools/Library/Frameworks/Python3.framework/Versions/3.9/lib/python3.9/json/encoder.py", line 257, in iterencode
    return _iterencode(o, 0)
  File "/Library/Developer/CommandLineTools/Library/Frameworks/Python3.framework/Versions/3.9/lib/python3.9/json/encoder.py", line 179, in default
    raise TypeError(f'Object of type {o.__class__.__name__} '
TypeError: Object of type datetime is not JSON serializable

2025-12-12 12:30:25,567 - UNI_v5.1.3 - ERROR - AppStore-Reviews-Google Play-funtaptic.thegrugs.runner.hector: Erro ao salvar CSV reviews_app_funtaptic.thegrugs.runner.hector.csv: Object of type datetime is not JSON serializable
2025-12-12 12:30:25,567 - UNI_v5.1.3 - DEBUG - Traceback (most recent call last):
  File "/Users/eas/Desktop/github/emersonalmeida/emersonalmeida.github.io/project/uni/uni_v5.1.py", line 772, in salvar_csv
    dados_validos = validar_dados(data, fonte)
  File "/Users/eas/Desktop/github/emersonalmeida/emersonalmeida.github.io/project/uni/uni_v5.1.py", line 762, in validar_dados
    return DataValidator.validate_and_clean(data, fonte)
  File "/Users/eas/Desktop/github/emersonalmeida/emersonalmeida.github.io/project/uni/uni_v5.1.py", line 673, in validate_and_clean
    content_hash = hashlib.md5(json.dumps(item_limpo, sort_keys=True).encode()).hexdigest()
  File "/Library/Developer/CommandLineTools/Library/Frameworks/Python3.framework/Versions/3.9/lib/python3.9/json/__init__.py", line 234, in dumps
    return cls(
  File "/Library/Developer/CommandLineTools/Library/Frameworks/Python3.framework/Versions/3.9/lib/python3.9/json/encoder.py", line 199, in encode
    chunks = self.iterencode(o, _one_shot=True)
  File "/Library/Developer/CommandLineTools/Library/Frameworks/Python3.framework/Versions/3.9/lib/python3.9/json/encoder.py", line 257, in iterencode
    return _iterencode(o, 0)
  File "/Library/Developer/CommandLineTools/Library/Frameworks/Python3.framework/Versions/3.9/lib/python3.9/json/encoder.py", line 179, in default
    raise TypeError(f'Object of type {o.__class__.__name__} '
TypeError: Object of type datetime is not JSON serializable

2025-12-12 12:30:25,567 - UNI_v5.1.3 - ERROR - AppStore-Reviews-Google Play-com.intsig.camscanner: Erro ao salvar CSV reviews_app_com.intsig.camscanner.csv: Object of type datetime is not JSON serializable
2025-12-12 12:30:25,567 - UNI_v5.1.3 - DEBUG - Traceback (most recent call last):
  File "/Users/eas/Desktop/github/emersonalmeida/emersonalmeida.github.io/project/uni/uni_v5.1.py", line 772, in salvar_csv
    dados_validos = validar_dados(data, fonte)
  File "/Users/eas/Desktop/github/emersonalmeida/emersonalmeida.github.io/project/uni/uni_v5.1.py", line 762, in validar_dados
    return DataValidator.validate_and_clean(data, fonte)
  File "/Users/eas/Desktop/github/emersonalmeida/emersonalmeida.github.io/project/uni/uni_v5.1.py", line 673, in validate_and_clean
    content_hash = hashlib.md5(json.dumps(item_limpo, sort_keys=True).encode()).hexdigest()
  File "/Library/Developer/CommandLineTools/Library/Frameworks/Python3.framework/Versions/3.9/lib/python3.9/json/__init__.py", line 234, in dumps
    return cls(
  File "/Library/Developer/CommandLineTools/Library/Frameworks/Python3.framework/Versions/3.9/lib/python3.9/json/encoder.py", line 199, in encode
    chunks = self.iterencode(o, _one_shot=True)
  File "/Library/Developer/CommandLineTools/Library/Frameworks/Python3.framework/Versions/3.9/lib/python3.9/json/encoder.py", line 257, in iterencode
    return _iterencode(o, 0)
  File "/Library/Developer/CommandLineTools/Library/Frameworks/Python3.framework/Versions/3.9/lib/python3.9/json/encoder.py", line 179, in default
    raise TypeError(f'Object of type {o.__class__.__name__} '
TypeError: Object of type datetime is not JSON serializable

2025-12-12 12:30:25,567 - UNI_v5.1.3 - ERROR - AppStore-Reviews-Google Play-com.kitkagames.fallbuddies: Erro ao salvar CSV reviews_app_com.kitkagames.fallbuddies.csv: Object of type datetime is not JSON serializable
2025-12-12 12:30:25,567 - UNI_v5.1.3 - DEBUG - Traceback (most recent call last):
  File "/Users/eas/Desktop/github/emersonalmeida/emersonalmeida.github.io/project/uni/uni_v5.1.py", line 772, in salvar_csv
    dados_validos = validar_dados(data, fonte)
  File "/Users/eas/Desktop/github/emersonalmeida/emersonalmeida.github.io/project/uni/uni_v5.1.py", line 762, in validar_dados
    return DataValidator.validate_and_clean(data, fonte)
  File "/Users/eas/Desktop/github/emersonalmeida/emersonalmeida.github.io/project/uni/uni_v5.1.py", line 673, in validate_and_clean
    content_hash = hashlib.md5(json.dumps(item_limpo, sort_keys=True).encode()).hexdigest()
  File "/Library/Developer/CommandLineTools/Library/Frameworks/Python3.framework/Versions/3.9/lib/python3.9/json/__init__.py", line 234, in dumps
    return cls(
  File "/Library/Developer/CommandLineTools/Library/Frameworks/Python3.framework/Versions/3.9/lib/python3.9/json/encoder.py", line 199, in encode
    chunks = self.iterencode(o, _one_shot=True)
  File "/Library/Developer/CommandLineTools/Library/Frameworks/Python3.framework/Versions/3.9/lib/python3.9/json/encoder.py", line 257, in iterencode
    return _iterencode(o, 0)
  File "/Library/Developer/CommandLineTools/Library/Frameworks/Python3.framework/Versions/3.9/lib/python3.9/json/encoder.py", line 179, in default
    raise TypeError(f'Object of type {o.__class__.__name__} '
TypeError: Object of type datetime is not JSON serializable

2025-12-12 12:30:25,568 - UNI_v5.1.3 - ERROR - AppStore-Reviews-Google Play-com.etermax.preguntados.lite: Erro ao salvar CSV reviews_app_com.etermax.preguntados.lite.csv: Object of type datetime is not JSON serializable
2025-12-12 12:30:25,568 - UNI_v5.1.3 - DEBUG - Traceback (most recent call last):
  File "/Users/eas/Desktop/github/emersonalmeida/emersonalmeida.github.io/project/uni/uni_v5.1.py", line 772, in salvar_csv
    dados_validos = validar_dados(data, fonte)
  File "/Users/eas/Desktop/github/emersonalmeida/emersonalmeida.github.io/project/uni/uni_v5.1.py", line 762, in validar_dados
    return DataValidator.validate_and_clean(data, fonte)
  File "/Users/eas/Desktop/github/emersonalmeida/emersonalmeida.github.io/project/uni/uni_v5.1.py", line 673, in validate_and_clean
    content_hash = hashlib.md5(json.dumps(item_limpo, sort_keys=True).encode()).hexdigest()
  File "/Library/Developer/CommandLineTools/Library/Frameworks/Python3.framework/Versions/3.9/lib/python3.9/json/__init__.py", line 234, in dumps
    return cls(
  File "/Library/Developer/CommandLineTools/Library/Frameworks/Python3.framework/Versions/3.9/lib/python3.9/json/encoder.py", line 199, in encode
    chunks = self.iterencode(o, _one_shot=True)
  File "/Library/Developer/CommandLineTools/Library/Frameworks/Python3.framework/Versions/3.9/lib/python3.9/json/encoder.py", line 257, in iterencode
    return _iterencode(o, 0)
  File "/Library/Developer/CommandLineTools/Library/Frameworks/Python3.framework/Versions/3.9/lib/python3.9/json/encoder.py", line 179, in default
    raise TypeError(f'Object of type {o.__class__.__name__} '
TypeError: Object of type datetime is not JSON serializable

2025-12-12 12:30:25,568 - UNI_v5.1.3 - ERROR - AppStore-Reviews-Google Play-com.kiloo.subwaysurf: Erro ao salvar CSV reviews_app_com.kiloo.subwaysurf.csv: Object of type datetime is not JSON serializable
2025-12-12 12:30:25,568 - UNI_v5.1.3 - DEBUG - Traceback (most recent call last):
  File "/Users/eas/Desktop/github/emersonalmeida/emersonalmeida.github.io/project/uni/uni_v5.1.py", line 772, in salvar_csv
    dados_validos = validar_dados(data, fonte)
  File "/Users/eas/Desktop/github/emersonalmeida/emersonalmeida.github.io/project/uni/uni_v5.1.py", line 762, in validar_dados
    return DataValidator.validate_and_clean(data, fonte)
  File "/Users/eas/Desktop/github/emersonalmeida/emersonalmeida.github.io/project/uni/uni_v5.1.py", line 673, in validate_and_clean
    content_hash = hashlib.md5(json.dumps(item_limpo, sort_keys=True).encode()).hexdigest()
  File "/Library/Developer/CommandLineTools/Library/Frameworks/Python3.framework/Versions/3.9/lib/python3.9/json/__init__.py", line 234, in dumps
    return cls(
  File "/Library/Developer/CommandLineTools/Library/Frameworks/Python3.framework/Versions/3.9/lib/python3.9/json/encoder.py", line 199, in encode
    chunks = self.iterencode(o, _one_shot=True)
  File "/Library/Developer/CommandLineTools/Library/Frameworks/Python3.framework/Versions/3.9/lib/python3.9/json/encoder.py", line 257, in iterencode
    return _iterencode(o, 0)
  File "/Library/Developer/CommandLineTools/Library/Frameworks/Python3.framework/Versions/3.9/lib/python3.9/json/encoder.py", line 179, in default
    raise TypeError(f'Object of type {o.__class__.__name__} '
TypeError: Object of type datetime is not JSON serializable

2025-12-12 12:30:25,568 - UNI_v5.1.3 - ERROR - AppStore-Reviews-Google Play-com.oceanwing.battery.cam: Erro ao salvar CSV reviews_app_com.oceanwing.battery.cam.csv: Object of type datetime is not JSON serializable
2025-12-12 12:30:25,568 - UNI_v5.1.3 - DEBUG - Traceback (most recent call last):
  File "/Users/eas/Desktop/github/emersonalmeida/emersonalmeida.github.io/project/uni/uni_v5.1.py", line 772, in salvar_csv
    dados_validos = validar_dados(data, fonte)
  File "/Users/eas/Desktop/github/emersonalmeida/emersonalmeida.github.io/project/uni/uni_v5.1.py", line 762, in validar_dados
    return DataValidator.validate_and_clean(data, fonte)
  File "/Users/eas/Desktop/github/emersonalmeida/emersonalmeida.github.io/project/uni/uni_v5.1.py", line 673, in validate_and_clean
    content_hash = hashlib.md5(json.dumps(item_limpo, sort_keys=True).encode()).hexdigest()
  File "/Library/Developer/CommandLineTools/Library/Frameworks/Python3.framework/Versions/3.9/lib/python3.9/json/__init__.py", line 234, in dumps
    return cls(
  File "/Library/Developer/CommandLineTools/Library/Frameworks/Python3.framework/Versions/3.9/lib/python3.9/json/encoder.py", line 199, in encode
    chunks = self.iterencode(o, _one_shot=True)
  File "/Library/Developer/CommandLineTools/Library/Frameworks/Python3.framework/Versions/3.9/lib/python3.9/json/encoder.py", line 257, in iterencode
    return _iterencode(o, 0)
  File "/Library/Developer/CommandLineTools/Library/Frameworks/Python3.framework/Versions/3.9/lib/python3.9/json/encoder.py", line 179, in default
    raise TypeError(f'Object of type {o.__class__.__name__} '
TypeError: Object of type datetime is not JSON serializable

2025-12-12 12:30:25,568 - UNI_v5.1.3 - ERROR - AppStore-Reviews-Google Play-com.asanteegames.magicrampage: Erro ao salvar CSV reviews_app_com.asanteegames.magicrampage.csv: Object of type datetime is not JSON serializable
2025-12-12 12:30:25,568 - UNI_v5.1.3 - DEBUG - Traceback (most recent call last):
  File "/Users/eas/Desktop/github/emersonalmeida/emersonalmeida.github.io/project/uni/uni_v5.1.py", line 772, in salvar_csv
    dados_validos = validar_dados(data, fonte)
  File "/Users/eas/Desktop/github/emersonalmeida/emersonalmeida.github.io/project/uni/uni_v5.1.py", line 762, in validar_dados
    return DataValidator.validate_and_clean(data, fonte)
  File "/Users/eas/Desktop/github/emersonalmeida/emersonalmeida.github.io/project/uni/uni_v5.1.py", line 673, in validate_and_clean
    content_hash = hashlib.md5(json.dumps(item_limpo, sort_keys=True).encode()).hexdigest()
  File "/Library/Developer/CommandLineTools/Library/Frameworks/Python3.framework/Versions/3.9/lib/python3.9/json/__init__.py", line 234, in dumps
    return cls(
  File "/Library/Developer/CommandLineTools/Library/Frameworks/Python3.framework/Versions/3.9/lib/python3.9/json/encoder.py", line 199, in encode
    chunks = self.iterencode(o, _one_shot=True)
  File "/Library/Developer/CommandLineTools/Library/Frameworks/Python3.framework/Versions/3.9/lib/python3.9/json/encoder.py", line 257, in iterencode
    return _iterencode(o, 0)
  File "/Library/Developer/CommandLineTools/Library/Frameworks/Python3.framework/Versions/3.9/lib/python3.9/json/encoder.py", line 179, in default
    raise TypeError(f'Object of type {o.__class__.__name__} '
TypeError: Object of type datetime is not JSON serializable

2025-12-12 12:30:25,568 - UNI_v5.1.3 - ERROR - AppStore-Reviews-Google Play-com.ford.fordpass: Erro ao salvar CSV reviews_app_com.ford.fordpass.csv: Object of type datetime is not JSON serializable
2025-12-12 12:30:25,568 - UNI_v5.1.3 - DEBUG - Traceback (most recent call last):
  File "/Users/eas/Desktop/github/emersonalmeida/emersonalmeida.github.io/project/uni/uni_v5.1.py", line 772, in salvar_csv
    dados_validos = validar_dados(data, fonte)
  File "/Users/eas/Desktop/github/emersonalmeida/emersonalmeida.github.io/project/uni/uni_v5.1.py", line 762, in validar_dados
    return DataValidator.validate_and_clean(data, fonte)
  File "/Users/eas/Desktop/github/emersonalmeida/emersonalmeida.github.io/project/uni/uni_v5.1.py", line 673, in validate_and_clean
    content_hash = hashlib.md5(json.dumps(item_limpo, sort_keys=True).encode()).hexdigest()
  File "/Library/Developer/CommandLineTools/Library/Frameworks/Python3.framework/Versions/3.9/lib/python3.9/json/__init__.py", line 234, in dumps
    return cls(
  File "/Library/Developer/CommandLineTools/Library/Frameworks/Python3.framework/Versions/3.9/lib/python3.9/json/encoder.py", line 199, in encode
    chunks = self.iterencode(o, _one_shot=True)
  File "/Library/Developer/CommandLineTools/Library/Frameworks/Python3.framework/Versions/3.9/lib/python3.9/json/encoder.py", line 257, in iterencode
    return _iterencode(o, 0)
  File "/Library/Developer/CommandLineTools/Library/Frameworks/Python3.framework/Versions/3.9/lib/python3.9/json/encoder.py", line 179, in default
    raise TypeError(f'Object of type {o.__class__.__name__} '
TypeError: Object of type datetime is not JSON serializable

2025-12-12 12:30:25,568 - UNI_v5.1.3 - ERROR - AppStore-Reviews-Google Play-com.alphainventor.filemanager: Erro ao salvar CSV reviews_app_com.alphainventor.filemanager.csv: Object of type datetime is not JSON serializable
2025-12-12 12:30:25,568 - UNI_v5.1.3 - DEBUG - Traceback (most recent call last):
  File "/Users/eas/Desktop/github/emersonalmeida/emersonalmeida.github.io/project/uni/uni_v5.1.py", line 772, in salvar_csv
    dados_validos = validar_dados(data, fonte)
  File "/Users/eas/Desktop/github/emersonalmeida/emersonalmeida.github.io/project/uni/uni_v5.1.py", line 762, in validar_dados
    return DataValidator.validate_and_clean(data, fonte)
  File "/Users/eas/Desktop/github/emersonalmeida/emersonalmeida.github.io/project/uni/uni_v5.1.py", line 673, in validate_and_clean
    content_hash = hashlib.md5(json.dumps(item_limpo, sort_keys=True).encode()).hexdigest()
  File "/Library/Developer/CommandLineTools/Library/Frameworks/Python3.framework/Versions/3.9/lib/python3.9/json/__init__.py", line 234, in dumps
    return cls(
  File "/Library/Developer/CommandLineTools/Library/Frameworks/Python3.framework/Versions/3.9/lib/python3.9/json/encoder.py", line 199, in encode
    chunks = self.iterencode(o, _one_shot=True)
  File "/Library/Developer/CommandLineTools/Library/Frameworks/Python3.framework/Versions/3.9/lib/python3.9/json/encoder.py", line 257, in iterencode
    return _iterencode(o, 0)
  File "/Library/Developer/CommandLineTools/Library/Frameworks/Python3.framework/Versions/3.9/lib/python3.9/json/encoder.py", line 179, in default
    raise TypeError(f'Object of type {o.__class__.__name__} '
TypeError: Object of type datetime is not JSON serializable

2025-12-12 12:30:25,568 - UNI_v5.1.3 - ERROR - AppStore-Reviews-Google Play-com.justgame.jails: Erro ao salvar CSV reviews_app_com.justgame.jails.csv: Object of type datetime is not JSON serializable
2025-12-12 12:30:25,568 - UNI_v5.1.3 - DEBUG - Traceback (most recent call last):
  File "/Users/eas/Desktop/github/emersonalmeida/emersonalmeida.github.io/project/uni/uni_v5.1.py", line 772, in salvar_csv
    dados_validos = validar_dados(data, fonte)
  File "/Users/eas/Desktop/github/emersonalmeida/emersonalmeida.github.io/project/uni/uni_v5.1.py", line 762, in validar_dados
    return DataValidator.validate_and_clean(data, fonte)
  File "/Users/eas/Desktop/github/emersonalmeida/emersonalmeida.github.io/project/uni/uni_v5.1.py", line 673, in validate_and_clean
    content_hash = hashlib.md5(json.dumps(item_limpo, sort_keys=True).encode()).hexdigest()
  File "/Library/Developer/CommandLineTools/Library/Frameworks/Python3.framework/Versions/3.9/lib/python3.9/json/__init__.py", line 234, in dumps
    return cls(
  File "/Library/Developer/CommandLineTools/Library/Frameworks/Python3.framework/Versions/3.9/lib/python3.9/json/encoder.py", line 199, in encode
    chunks = self.iterencode(o, _one_shot=True)
  File "/Library/Developer/CommandLineTools/Library/Frameworks/Python3.framework/Versions/3.9/lib/python3.9/json/encoder.py", line 257, in iterencode
    return _iterencode(o, 0)
  File "/Library/Developer/CommandLineTools/Library/Frameworks/Python3.framework/Versions/3.9/lib/python3.9/json/encoder.py", line 179, in default
    raise TypeError(f'Object of type {o.__class__.__name__} '
TypeError: Object of type datetime is not JSON serializable

2025-12-12 12:30:25,570 - UNI_v5.1.3 - INFO - Reddit: Salvo 10 registros com 37 colunas em reddit.csv (16.4 KB)
2025-12-12 12:30:25,571 - UNI_v5.1.3 - INFO - Google News: Salvo 2 registros com 13 colunas em google_news.csv (1.6 KB)
2025-12-12 12:30:25,573 - UNI_v5.1.3 - INFO - arXiv: Salvo 20 registros com 18 colunas em arxiv.csv (37.8 KB)
2025-12-12 12:30:25,575 - UNI_v5.1.3 - INFO - Google Scholar: Salvo 20 registros com 20 colunas em google_scholar.csv (40.2 KB)
2025-12-12 12:30:25,577 - UNI_v5.1.3 - INFO - Wikipedia: Salvo 20 registros com 24 colunas em wikipedia.csv (25.6 KB)
2025-12-12 12:30:25,579 - UNI_v5.1.3 - INFO - GitHub: Salvo 20 registros com 38 colunas em github.csv (18.3 KB)
2025-12-12 12:30:25,579 - UNI_v5.1.3 - WARNING - Hacker News: URL inválida em link: https://social.treehouse.systems/@marcan/109966319
2025-12-12 12:30:25,579 - UNI_v5.1.3 - WARNING - Hacker News: URL inválida em link: https://social.treehouse.systems/@marcan/111165462
2025-12-12 12:30:25,580 - UNI_v5.1.3 - WARNING - Hacker News: URL inválida em link: https://social.treehouse.systems/@marcan/111269013
2025-12-12 12:30:25,580 - UNI_v5.1.3 - INFO - Hacker News: Salvo 20 registros com 18 colunas em hacker_news.csv (4.3 KB)
2025-12-12 12:30:25,581 - UNI_v5.1.3 - INFO - Iniciando criação da base de dados consolidada...
2025-12-12 12:30:25,918 - UNI_v5.1.3 - INFO - Base de dados consolidada salva: 5801 registros, 214 colunas, 4428.7 KB
2025-12-12 12:30:25,920 - UNI_v5.1.3 - WARNING - Não foi possível salvar Excel: No module named 'openpyxl'
2025-12-12 12:30:25,920 - UNI_v5.1.3 - WARNING - Não foi possível salvar Parquet: Unable to find a usable engine; tried using: 'pyarrow', 'fastparquet'.
A suitable version of pyarrow or fastparquet is required for parquet support.
Trying to import the above resulted in these errors:
 - Missing optional dependency 'pyarrow'. pyarrow is required for parquet support. Use pip or conda to install pyarrow.
 - Missing optional dependency 'fastparquet'. fastparquet is required for parquet support. Use pip or conda to install fastparquet.
2025-12-12 12:30:26,050 - UNI_v5.1.3 - INFO - Resumo: JSON salvo em resumo_estatistico_hector_20251212_123025.json
2025-12-12 12:30:26,146 - UNI_v5.1.3 - INFO - : JSON salvo em resultados_completos.json
2025-12-12 12:30:26,231 - UNI_v5.1.3 - INFO - Qualidade: JSON salvo em analise_qualidade.json
2025-12-12 12:31:31,411 - UNI_v5.1.3 - INFO - Google Suggest: Iniciando coleta para 'gato' (limite: 15)
2025-12-12 12:31:31,425 - urllib3.connectionpool - DEBUG - Starting new HTTPS connection (1): suggestqueries.google.com:443
2025-12-12 12:31:31,633 - urllib3.connectionpool - DEBUG - https://suggestqueries.google.com:443 "GET /complete/search?q=gato&gl=br&client=chrome&hl=pt HTTP/1.1" 200 None
2025-12-12 12:31:31,634 - UNI_v5.1.3 - INFO - Google Suggest: Coletados 15 resultados com sucesso
2025-12-12 12:31:31,634 - UNI_v5.1.3 - INFO - Google Suggest: Iniciando coleta para 'gato' (limite: 15)
2025-12-12 12:31:31,728 - urllib3.connectionpool - DEBUG - https://suggestqueries.google.com:443 "GET /complete/search?q=gato&gl=br&client=chrome&hl=pt HTTP/1.1" 200 None
2025-12-12 12:31:31,728 - UNI_v5.1.3 - INFO - Google Suggest: Coletados 15 resultados com sucesso
2025-12-12 12:31:31,729 - UNI_v5.1.3 - INFO - Google Suggest: Iniciando coleta para 'gato' (limite: 15)
2025-12-12 12:31:31,836 - urllib3.connectionpool - DEBUG - https://suggestqueries.google.com:443 "GET /complete/search?q=gato&gl=br&client=chrome&hl=pt HTTP/1.1" 200 None
2025-12-12 12:31:31,836 - UNI_v5.1.3 - INFO - Google Suggest: Coletados 0 resultados com sucesso
2025-12-12 12:31:31,836 - UNI_v5.1.3 - INFO - Google Suggest: Iniciando coleta para 'gato' (limite: 15)
2025-12-12 12:31:31,958 - urllib3.connectionpool - DEBUG - https://suggestqueries.google.com:443 "GET /complete/search?q=gato&gl=br&client=chrome&hl=pt HTTP/1.1" 200 None
2025-12-12 12:31:31,959 - UNI_v5.1.3 - INFO - Google Suggest: Coletados 0 resultados com sucesso
2025-12-12 12:31:31,959 - UNI_v5.1.3 - INFO - Google Suggest: Iniciando coleta para 'gato' (limite: 15)
2025-12-12 12:31:32,066 - urllib3.connectionpool - DEBUG - https://suggestqueries.google.com:443 "GET /complete/search?q=gato&gl=br&client=chrome&hl=pt&ds=yt HTTP/1.1" 200 318
2025-12-12 12:31:32,067 - UNI_v5.1.3 - INFO - Google Suggest: Coletados 15 resultados com sucesso
2025-12-12 12:31:32,067 - UNI_v5.1.3 - INFO - Google Suggest: Iniciando coleta para 'gato' (limite: 15)
2025-12-12 12:31:32,186 - urllib3.connectionpool - DEBUG - https://suggestqueries.google.com:443 "GET /complete/search?q=gato&gl=br&client=chrome&hl=pt&ds=yt HTTP/1.1" 200 318
2025-12-12 12:31:32,186 - UNI_v5.1.3 - INFO - Google Suggest: Coletados 15 resultados com sucesso
2025-12-12 12:31:32,186 - UNI_v5.1.3 - INFO - Google Suggest: Iniciando coleta para 'gato' (limite: 15)
2025-12-12 12:31:32,297 - urllib3.connectionpool - DEBUG - https://suggestqueries.google.com:443 "GET /complete/search?q=gato&gl=br&client=chrome&hl=pt&ds=yt HTTP/1.1" 200 318
2025-12-12 12:31:32,297 - UNI_v5.1.3 - INFO - Google Suggest: Coletados 0 resultados com sucesso
2025-12-12 12:31:32,297 - UNI_v5.1.3 - INFO - Google Suggest: Iniciando coleta para 'gato' (limite: 15)
2025-12-12 12:31:32,405 - urllib3.connectionpool - DEBUG - https://suggestqueries.google.com:443 "GET /complete/search?q=gato&gl=br&client=chrome&hl=pt&ds=yt HTTP/1.1" 200 318
2025-12-12 12:31:32,406 - UNI_v5.1.3 - INFO - Google Suggest: Coletados 0 resultados com sucesso
2025-12-12 12:31:32,406 - UNI_v5.1.3 - INFO - Google: Iniciando coleta para 'gato' (limite: 20, tentativa 1/3)
2025-12-12 12:31:32,407 - UNI_v5.1.3 - INFO - Bing: Iniciando coleta para 'gato' (limite: 20, tentativa 1/3)
2025-12-12 12:31:32,407 - UNI_v5.1.3 - INFO - Brave: Iniciando coleta para 'gato' (limite: 20, tentativa 1/3)
2025-12-12 12:31:32,408 - UNI_v5.1.3 - INFO - DuckDuckGo: Iniciando coleta para 'gato' (limite: 20, tentativa 1/3)
2025-12-12 12:31:32,411 - urllib3.connectionpool - DEBUG - Starting new HTTPS connection (1): api.search.brave.com:443
2025-12-12 12:31:32,412 - urllib3.connectionpool - DEBUG - Starting new HTTPS connection (1): serpapi.com:443
2025-12-12 12:31:32,413 - googleapiclient.discovery_cache - INFO - file_cache is only supported with oauth2client<4.0.0
2025-12-12 12:31:32,417 - googleapiclient.discovery - DEBUG - URL being requested: GET https://customsearch.googleapis.com/customsearch/v1?q=gato&cx=f07ccd3b922d6437b&gl=br&lr=lang_pt&start=1&num=10&safe=off&key=AIzaSyBj80B2fwVvFEMtcQU8tPV_NCNaEmQvzhc&alt=json
2025-12-12 12:31:32,547 - primp.utils - DEBUG - Loaded CA certs
2025-12-12 12:31:32,549 - primp.utils - DEBUG - Loaded CA certs
2025-12-12 12:31:32,549 - primp.utils - DEBUG - Loaded CA certs
2025-12-12 12:31:32,549 - primp.utils - DEBUG - Loaded CA certs
2025-12-12 12:31:32,549 - primp.utils - DEBUG - Loaded CA certs
2025-12-12 12:31:32,549 - primp.utils - DEBUG - Loaded CA certs
2025-12-12 12:31:32,549 - primp.utils - DEBUG - Loaded CA certs
2025-12-12 12:31:32,549 - primp.utils - DEBUG - Loaded CA certs
2025-12-12 12:31:32,554 - ddgs.ddgs - INFO - Error in engine wikipedia: ValueError('not enough values to unpack (expected 2, got 1)')
2025-12-12 12:31:32,554 - ddgs.ddgs - INFO - Error in engine mojeek: ValueError('not enough values to unpack (expected 2, got 1)')
2025-12-12 12:31:32,556 - rquest.connect - DEBUG - starting new connection: https://yandex.com/
2025-12-12 12:31:32,556 - rquest.connect - DEBUG - starting new connection: https://search.yahoo.com/
2025-12-12 12:31:32,556 - rquest.util.client.connect.dns - DEBUG - resolving search.yahoo.com
2025-12-12 12:31:32,556 - rquest.util.client.connect.dns - DEBUG - resolving yandex.com
2025-12-12 12:31:32,558 - rquest.util.client.connect.http - DEBUG - connecting to 66.218.84.137:443
2025-12-12 12:31:32,558 - rquest.util.client.connect.http - DEBUG - connecting to 5.255.255.77:443
2025-12-12 12:31:32,747 - rquest.util.client.connect.http - DEBUG - connected to 66.218.84.137:443
2025-12-12 12:31:32,844 - rquest.util.client.connect.http - DEBUG - connected to 5.255.255.77:443
2025-12-12 12:31:32,940 - rquest.util.client.pool - DEBUG - pooling idle connection for PoolKey { uri: https://search.yahoo.com/, alpn_protos: None, network: default }
2025-12-12 12:31:33,132 - rquest.util.client.pool - DEBUG - pooling idle connection for PoolKey { uri: https://yandex.com/, alpn_protos: None, network: default }
2025-12-12 12:31:33,165 - googleapiclient.discovery - DEBUG - URL being requested: GET https://customsearch.googleapis.com/customsearch/v1?q=gato&cx=f07ccd3b922d6437b&gl=br&lr=lang_pt&start=11&num=10&safe=off&key=AIzaSyBj80B2fwVvFEMtcQU8tPV_NCNaEmQvzhc&alt=json
2025-12-12 12:31:33,451 - urllib3.connectionpool - DEBUG - https://api.search.brave.com:443 "GET /res/v1/web/search?q=gato&count=20&offset=0&country=br&safesearch=off HTTP/1.1" 200 None
2025-12-12 12:31:33,452 - UNI_v5.1.3 - INFO - Brave: Coletados 20 resultados com sucesso
2025-12-12 12:31:33,506 - cookie_store.cookie_store - DEBUG - inserting secure cookie 'lkl'
2025-12-12 12:31:33,507 - cookie_store.cookie_store - DEBUG - inserting secure cookie 'A1'
2025-12-12 12:31:33,507 - cookie_store.cookie_store - DEBUG - inserting secure cookie 'A3'
2025-12-12 12:31:33,507 - cookie_store.cookie_store - DEBUG - inserting secure cookie 'A1S'
2025-12-12 12:31:33,507 - cookie_store.cookie_store - DEBUG - inserting secure cookie 'dflow'
2025-12-12 12:31:33,507 - primp - INFO - response: https://search.yahoo.com/search;_ylt=wFkyyR_X1Cs2b6Y9U7v8jWWo;_ylu=BVij4u1XxDhakxpujDgWAo1icped5o71QNEb5UHflZEhg8w?p=gato 200
2025-12-12 12:31:33,686 - UNI_v5.1.3 - INFO - Google: Coletados 20 resultados com sucesso
2025-12-12 12:31:34,075 - cookie_store.cookie_store - DEBUG - inserting secure cookie 'is_gdpr'
2025-12-12 12:31:34,076 - cookie_store.cookie_store - DEBUG - inserting secure cookie 'is_gdpr_b'
2025-12-12 12:31:34,076 - cookie_store.cookie_store - DEBUG - inserting secure cookie '_yasc'
2025-12-12 12:31:34,076 - cookie_store.cookie_store - DEBUG - inserting secure cookie 'i'
2025-12-12 12:31:34,077 - cookie_store.cookie_store - DEBUG - inserting secure cookie 'yandexuid'
2025-12-12 12:31:34,077 - cookie_store.cookie_store - DEBUG - inserting secure cookie 'yashr'
2025-12-12 12:31:34,077 - cookie_store.cookie_store - DEBUG - inserting secure cookie 'bh'
2025-12-12 12:31:34,077 - primp - INFO - response: https://yandex.com/search/site/?text=gato&web=1&searchid=9544019 200
2025-12-12 12:31:34,138 - ddgs.ddgs - INFO - Error in engine brave: ValueError('not enough values to unpack (expected 2, got 1)')
2025-12-12 12:31:34,138 - ddgs.ddgs - INFO - Error in engine mullvad_brave: ValueError('not enough values to unpack (expected 2, got 1)')
2025-12-12 12:31:34,138 - ddgs.ddgs - INFO - Error in engine mullvad_google: ValueError('not enough values to unpack (expected 2, got 1)')
2025-12-12 12:31:34,139 - UNI_v5.1.3 - INFO - DuckDuckGo: Coletados 17 resultados com sucesso
2025-12-12 12:31:38,877 - urllib3.connectionpool - DEBUG - https://serpapi.com:443 "GET /search?engine=bing&q=gato&cc=br&count=20&api_key=e71430bcff8bdc906f7a5ed9ae1538355c2efb0fb88ffa071f7125a76cc2b142&safe=off HTTP/1.1" 200 None
2025-12-12 12:31:38,878 - UNI_v5.1.3 - INFO - Bing: Coletados 10 resultados com sucesso
2025-12-12 12:31:38,879 - UNI_v5.1.3 - INFO - YouTube: Iniciando coleta para 'gato' (limite: 20)
2025-12-12 12:31:38,880 - googleapiclient.discovery_cache - INFO - file_cache is only supported with oauth2client<4.0.0
2025-12-12 12:31:38,887 - googleapiclient.discovery - DEBUG - URL being requested: GET https://youtube.googleapis.com/youtube/v3/search?part=snippet&q=gato&type=video&maxResults=20&order=relevance&regionCode=BR&relevanceLanguage=pt&key=AIzaSyBj80B2fwVvFEMtcQU8tPV_NCNaEmQvzhc&alt=json
2025-12-12 12:31:39,391 - googleapiclient.discovery - DEBUG - URL being requested: GET https://youtube.googleapis.com/youtube/v3/videos?part=statistics%2CcontentDetails%2Csnippet%2Cstatus&id=IFMHxeTJrSc%2CT4E73QtZcXg%2CiiCemZxxopU%2CRnydBkAvsoc%2Cbebx5XjCd7w%2CnGu6CQ2C81s%2C0hhz7KSEIAE%2CvaKH3j-76RY%2ClxGRsFm3NRg%2CYL-rNNdGmJI%2C1SJvppMXyK8%2CsKCmCZePqqs%2CS2m98FH9yJc%2CZabMpwvah2Q%2C8dbjTJTkwPc%2CJLNl007FS50%2C0meBs1Mh7Nw%2ChMVeSNnBFyc%2CJWTvwejaGnM%2CdbSiObzg9cs&key=AIzaSyBj80B2fwVvFEMtcQU8tPV_NCNaEmQvzhc&alt=json
2025-12-12 12:31:39,740 - UNI_v5.1.3 - INFO - YouTube: Coletados 20 resultados com sucesso
2025-12-12 12:31:39,740 - UNI_v5.1.3 - ERROR - Erro ao coletar YouTube: name 'coletar_comentarios_youtube' is not defined
2025-12-12 12:31:39,744 - UNI_v5.1.3 - DEBUG - Traceback (most recent call last):
  File "/Users/eas/Desktop/github/emersonalmeida/emersonalmeida.github.io/project/uni/uni_v5.1.py", line 3836, in modo_personalizado
    comentarios = coletar_comentarios_youtube(
NameError: name 'coletar_comentarios_youtube' is not defined

2025-12-12 12:31:39,744 - UNI_v5.1.3 - INFO - YouTube: Iniciando coleta para 'gato' (limite: 20)
2025-12-12 12:31:39,745 - googleapiclient.discovery_cache - INFO - file_cache is only supported with oauth2client<4.0.0
2025-12-12 12:31:39,751 - googleapiclient.discovery - DEBUG - URL being requested: GET https://youtube.googleapis.com/youtube/v3/search?part=snippet&q=gato&type=video&maxResults=20&order=date&regionCode=BR&relevanceLanguage=pt&key=AIzaSyBj80B2fwVvFEMtcQU8tPV_NCNaEmQvzhc&alt=json
2025-12-12 12:31:40,233 - googleapiclient.discovery - DEBUG - URL being requested: GET https://youtube.googleapis.com/youtube/v3/videos?part=statistics%2CcontentDetails%2Csnippet%2Cstatus&id=WzLztxnEwAU%2CzJpT-pKXHRs%2C1gIL16ER1GY%2CxBYqnWat0eA%2CsVIWcr1tGZM%2C3gHRiuwj2eQ%2CuQiSxhaW5V0%2CV5HwDzHdKro%2CuTDEuT1n_rU%2C3kTQ9BoOhag%2CcBNDmOXI9IE%2CGI5uf0lQbis%2CYQhKKcNJXjg%2Cr3zWkEA63Wc%2CPlohw15z-kQ%2CY62ErsNrT8I%2C2uW_f3CuYLk%2CVJdpoekxbuY%2CSTnICqDpMQM%2ChuboG9JwuRo&key=AIzaSyBj80B2fwVvFEMtcQU8tPV_NCNaEmQvzhc&alt=json
2025-12-12 12:31:40,602 - UNI_v5.1.3 - INFO - YouTube: Coletados 20 resultados com sucesso
2025-12-12 12:31:40,603 - UNI_v5.1.3 - ERROR - Erro ao coletar YouTube: name 'coletar_comentarios_youtube' is not defined
2025-12-12 12:31:40,603 - UNI_v5.1.3 - DEBUG - Traceback (most recent call last):
  File "/Users/eas/Desktop/github/emersonalmeida/emersonalmeida.github.io/project/uni/uni_v5.1.py", line 3836, in modo_personalizado
    comentarios = coletar_comentarios_youtube(
NameError: name 'coletar_comentarios_youtube' is not defined

2025-12-12 12:31:40,603 - UNI_v5.1.3 - INFO - YouTube: Iniciando coleta para 'gato' (limite: 20)
2025-12-12 12:31:40,607 - googleapiclient.discovery_cache - INFO - file_cache is only supported with oauth2client<4.0.0
2025-12-12 12:31:40,609 - googleapiclient.discovery - DEBUG - URL being requested: GET https://youtube.googleapis.com/youtube/v3/search?part=snippet&q=gato&type=video&maxResults=20&order=viewCount&regionCode=BR&relevanceLanguage=pt&key=AIzaSyBj80B2fwVvFEMtcQU8tPV_NCNaEmQvzhc&alt=json
2025-12-12 12:31:41,016 - googleapiclient.discovery - DEBUG - URL being requested: GET https://youtube.googleapis.com/youtube/v3/videos?part=statistics%2CcontentDetails%2Csnippet%2Cstatus&id=0hhz7KSEIAE%2CbmYnz9TWgKc%2CoAWEtuE-pcE%2CA1q6KJgWURk%2ClEjZQ57E3uE%2CRRuipKU-V0U%2CxnyrnWLIF18%2CQUNSdJNbeug%2CRXn5SwHWicw%2CkqcTdyEna3c%2CK0J9Q80H_cU%2Cmf2sVtzRAlI%2C-_i_W1n6mQc%2C537E1UDusNk%2CosSTIZFvJEI%2CUJ9Q3oHL4e0%2C4M3qEEB38GY%2CNMnYU7g4Nd4%2CEFurJq5gsdg%2CTyFfmJVRAjE&key=AIzaSyBj80B2fwVvFEMtcQU8tPV_NCNaEmQvzhc&alt=json
2025-12-12 12:31:41,378 - UNI_v5.1.3 - INFO - YouTube: Coletados 20 resultados com sucesso
2025-12-12 12:31:41,379 - UNI_v5.1.3 - ERROR - Erro ao coletar YouTube: name 'coletar_comentarios_youtube' is not defined
2025-12-12 12:31:41,379 - UNI_v5.1.3 - DEBUG - Traceback (most recent call last):
  File "/Users/eas/Desktop/github/emersonalmeida/emersonalmeida.github.io/project/uni/uni_v5.1.py", line 3836, in modo_personalizado
    comentarios = coletar_comentarios_youtube(
NameError: name 'coletar_comentarios_youtube' is not defined

2025-12-12 12:31:41,390 - UNI_v5.1.3 - INFO - Google Play: Iniciando coleta para 'gato' (limite: 20, tentativa 1/3)
2025-12-12 12:31:53,853 - UNI_v5.1.3 - INFO - Google Play: Coletados 20 resultados com sucesso
2025-12-12 12:31:54,553 - UNI_v5.1.3 - INFO - Google Play Reviews: Coletados 100 reviews para app com.amanotes.gs.g06
2025-12-12 12:31:54,553 - UNI_v5.1.3 - INFO - Google Play Reviews: Ordenação 'oldest' não disponível - usando 'newest' + ordenação manual
2025-12-12 12:31:55,155 - UNI_v5.1.3 - INFO - Google Play Reviews: Coletados 100 reviews para app com.amanotes.gs.g06
2025-12-12 12:31:56,068 - UNI_v5.1.3 - INFO - Google Play Reviews: Coletados 100 reviews para app com.amanotes.gs.g06
2025-12-12 12:31:56,763 - UNI_v5.1.3 - INFO - Google Play Reviews: Coletados 100 reviews para app com.amanotes.gs.g06
2025-12-12 12:31:56,763 - UNI_v5.1.3 - INFO - Google Play Reviews: Ordenação 'most_helpful' não disponível - usando 'rating' como fallback
2025-12-12 12:31:57,370 - UNI_v5.1.3 - INFO - Google Play Reviews: Coletados 100 reviews para app com.amanotes.gs.g06
2025-12-12 12:31:58,083 - UNI_v5.1.3 - INFO - Google Play Reviews: Coletados 100 reviews para app com.outfit7.mytalkingtomfree
2025-12-12 12:31:58,083 - UNI_v5.1.3 - INFO - Google Play Reviews: Ordenação 'oldest' não disponível - usando 'newest' + ordenação manual
2025-12-12 12:31:58,715 - UNI_v5.1.3 - INFO - Google Play Reviews: Coletados 100 reviews para app com.outfit7.mytalkingtomfree
2025-12-12 12:31:59,821 - UNI_v5.1.3 - INFO - Google Play Reviews: Coletados 100 reviews para app com.outfit7.mytalkingtomfree
2025-12-12 12:32:00,408 - UNI_v5.1.3 - INFO - Google Play Reviews: Coletados 100 reviews para app com.outfit7.mytalkingtomfree
2025-12-12 12:32:00,408 - UNI_v5.1.3 - INFO - Google Play Reviews: Ordenação 'most_helpful' não disponível - usando 'rating' como fallback
2025-12-12 12:32:00,968 - UNI_v5.1.3 - INFO - Google Play Reviews: Coletados 100 reviews para app com.outfit7.mytalkingtomfree
2025-12-12 12:32:01,667 - UNI_v5.1.3 - INFO - Google Play Reviews: Coletados 100 reviews para app com.outfit7.mytalkingtom2
2025-12-12 12:32:01,668 - UNI_v5.1.3 - INFO - Google Play Reviews: Ordenação 'oldest' não disponível - usando 'newest' + ordenação manual
2025-12-12 12:32:02,247 - UNI_v5.1.3 - INFO - Google Play Reviews: Coletados 100 reviews para app com.outfit7.mytalkingtom2
2025-12-12 12:32:02,979 - UNI_v5.1.3 - INFO - Google Play Reviews: Coletados 100 reviews para app com.outfit7.mytalkingtom2
2025-12-12 12:32:03,561 - UNI_v5.1.3 - INFO - Google Play Reviews: Coletados 100 reviews para app com.outfit7.mytalkingtom2
2025-12-12 12:32:03,562 - UNI_v5.1.3 - INFO - Google Play Reviews: Ordenação 'most_helpful' não disponível - usando 'rating' como fallback
2025-12-12 12:32:04,201 - UNI_v5.1.3 - INFO - Google Play Reviews: Coletados 100 reviews para app com.outfit7.mytalkingtom2
2025-12-12 12:32:04,952 - UNI_v5.1.3 - INFO - Google Play Reviews: Coletados 100 reviews para app com.NewFolderGames.IAmCat
2025-12-12 12:32:04,953 - UNI_v5.1.3 - INFO - Google Play Reviews: Ordenação 'oldest' não disponível - usando 'newest' + ordenação manual
2025-12-12 12:32:05,580 - UNI_v5.1.3 - INFO - Google Play Reviews: Coletados 100 reviews para app com.NewFolderGames.IAmCat
2025-12-12 12:32:06,393 - UNI_v5.1.3 - INFO - Google Play Reviews: Coletados 100 reviews para app com.NewFolderGames.IAmCat
2025-12-12 12:32:07,002 - UNI_v5.1.3 - INFO - Google Play Reviews: Coletados 100 reviews para app com.NewFolderGames.IAmCat
2025-12-12 12:32:07,002 - UNI_v5.1.3 - INFO - Google Play Reviews: Ordenação 'most_helpful' não disponível - usando 'rating' como fallback
2025-12-12 12:32:07,581 - UNI_v5.1.3 - INFO - Google Play Reviews: Coletados 100 reviews para app com.NewFolderGames.IAmCat
2025-12-12 12:32:08,273 - UNI_v5.1.3 - INFO - Google Play Reviews: Coletados 100 reviews para app cat.game.liftapp
2025-12-12 12:32:08,274 - UNI_v5.1.3 - INFO - Google Play Reviews: Ordenação 'oldest' não disponível - usando 'newest' + ordenação manual
2025-12-12 12:32:08,878 - UNI_v5.1.3 - INFO - Google Play Reviews: Coletados 100 reviews para app cat.game.liftapp
2025-12-12 12:32:09,780 - UNI_v5.1.3 - INFO - Google Play Reviews: Coletados 100 reviews para app cat.game.liftapp
2025-12-12 12:32:10,471 - UNI_v5.1.3 - INFO - Google Play Reviews: Coletados 100 reviews para app cat.game.liftapp
2025-12-12 12:32:10,472 - UNI_v5.1.3 - INFO - Google Play Reviews: Ordenação 'most_helpful' não disponível - usando 'rating' como fallback
2025-12-12 12:32:11,034 - UNI_v5.1.3 - INFO - Google Play Reviews: Coletados 100 reviews para app cat.game.liftapp
2025-12-12 12:32:11,683 - UNI_v5.1.3 - INFO - Google Play Reviews: Coletados 100 reviews para app com.hidea.cat
2025-12-12 12:32:11,684 - UNI_v5.1.3 - INFO - Google Play Reviews: Ordenação 'oldest' não disponível - usando 'newest' + ordenação manual
2025-12-12 12:32:12,249 - UNI_v5.1.3 - INFO - Google Play Reviews: Coletados 100 reviews para app com.hidea.cat
2025-12-12 12:32:13,170 - UNI_v5.1.3 - INFO - Google Play Reviews: Coletados 100 reviews para app com.hidea.cat
2025-12-12 12:32:13,792 - UNI_v5.1.3 - INFO - Google Play Reviews: Coletados 100 reviews para app com.hidea.cat
2025-12-12 12:32:13,793 - UNI_v5.1.3 - INFO - Google Play Reviews: Ordenação 'most_helpful' não disponível - usando 'rating' como fallback
2025-12-12 12:32:14,430 - UNI_v5.1.3 - INFO - Google Play Reviews: Coletados 100 reviews para app com.hidea.cat
2025-12-12 12:32:15,196 - UNI_v5.1.3 - INFO - Google Play Reviews: Coletados 100 reviews para app com.outfit7.mytalkingangelafree
2025-12-12 12:32:15,197 - UNI_v5.1.3 - INFO - Google Play Reviews: Ordenação 'oldest' não disponível - usando 'newest' + ordenação manual
2025-12-12 12:32:15,755 - UNI_v5.1.3 - INFO - Google Play Reviews: Coletados 100 reviews para app com.outfit7.mytalkingangelafree
2025-12-12 12:32:16,472 - UNI_v5.1.3 - INFO - Google Play Reviews: Coletados 100 reviews para app com.outfit7.mytalkingangelafree
2025-12-12 12:32:17,067 - UNI_v5.1.3 - INFO - Google Play Reviews: Coletados 100 reviews para app com.outfit7.mytalkingangelafree
2025-12-12 12:32:17,068 - UNI_v5.1.3 - INFO - Google Play Reviews: Ordenação 'most_helpful' não disponível - usando 'rating' como fallback
2025-12-12 12:32:17,636 - UNI_v5.1.3 - INFO - Google Play Reviews: Coletados 100 reviews para app com.outfit7.mytalkingangelafree
2025-12-12 12:32:18,374 - UNI_v5.1.3 - INFO - Google Play Reviews: Coletados 100 reviews para app com.outfit7.talkingtom
2025-12-12 12:32:18,376 - UNI_v5.1.3 - INFO - Google Play Reviews: Ordenação 'oldest' não disponível - usando 'newest' + ordenação manual
2025-12-12 12:32:18,961 - UNI_v5.1.3 - INFO - Google Play Reviews: Coletados 100 reviews para app com.outfit7.talkingtom
2025-12-12 12:32:19,873 - UNI_v5.1.3 - INFO - Google Play Reviews: Coletados 100 reviews para app com.outfit7.talkingtom
2025-12-12 12:32:20,567 - UNI_v5.1.3 - INFO - Google Play Reviews: Coletados 100 reviews para app com.outfit7.talkingtom
2025-12-12 12:32:20,568 - UNI_v5.1.3 - INFO - Google Play Reviews: Ordenação 'most_helpful' não disponível - usando 'rating' como fallback
2025-12-12 12:32:21,146 - UNI_v5.1.3 - INFO - Google Play Reviews: Coletados 100 reviews para app com.outfit7.talkingtom
2025-12-12 12:32:21,876 - UNI_v5.1.3 - INFO - Google Play Reviews: Coletados 100 reviews para app com.sinyee.babybus.cat
2025-12-12 12:32:21,877 - UNI_v5.1.3 - INFO - Google Play Reviews: Ordenação 'oldest' não disponível - usando 'newest' + ordenação manual
2025-12-12 12:32:22,450 - UNI_v5.1.3 - INFO - Google Play Reviews: Coletados 100 reviews para app com.sinyee.babybus.cat
2025-12-12 12:32:23,309 - UNI_v5.1.3 - INFO - Google Play Reviews: Coletados 100 reviews para app com.sinyee.babybus.cat
2025-12-12 12:32:23,906 - UNI_v5.1.3 - INFO - Google Play Reviews: Coletados 100 reviews para app com.sinyee.babybus.cat
2025-12-12 12:32:23,906 - UNI_v5.1.3 - INFO - Google Play Reviews: Ordenação 'most_helpful' não disponível - usando 'rating' como fallback
2025-12-12 12:32:24,527 - UNI_v5.1.3 - INFO - Google Play Reviews: Coletados 100 reviews para app com.sinyee.babybus.cat
2025-12-12 12:32:25,246 - UNI_v5.1.3 - INFO - Google Play Reviews: Coletados 100 reviews para app com.minogames.cats.client
2025-12-12 12:32:25,247 - UNI_v5.1.3 - INFO - Google Play Reviews: Ordenação 'oldest' não disponível - usando 'newest' + ordenação manual
2025-12-12 12:32:25,827 - UNI_v5.1.3 - INFO - Google Play Reviews: Coletados 100 reviews para app com.minogames.cats.client
2025-12-12 12:32:26,657 - UNI_v5.1.3 - INFO - Google Play Reviews: Coletados 100 reviews para app com.minogames.cats.client
2025-12-12 12:32:27,267 - UNI_v5.1.3 - INFO - Google Play Reviews: Coletados 100 reviews para app com.minogames.cats.client
2025-12-12 12:32:27,268 - UNI_v5.1.3 - INFO - Google Play Reviews: Ordenação 'most_helpful' não disponível - usando 'rating' como fallback
2025-12-12 12:32:27,857 - UNI_v5.1.3 - INFO - Google Play Reviews: Coletados 100 reviews para app com.minogames.cats.client
2025-12-12 12:32:28,672 - UNI_v5.1.3 - INFO - Google Play Reviews: Coletados 100 reviews para app com.imayi.catgames
2025-12-12 12:32:28,673 - UNI_v5.1.3 - INFO - Google Play Reviews: Ordenação 'oldest' não disponível - usando 'newest' + ordenação manual
2025-12-12 12:32:29,247 - UNI_v5.1.3 - INFO - Google Play Reviews: Coletados 100 reviews para app com.imayi.catgames
2025-12-12 12:32:30,035 - UNI_v5.1.3 - INFO - Google Play Reviews: Coletados 100 reviews para app com.imayi.catgames
2025-12-12 12:32:30,689 - UNI_v5.1.3 - INFO - Google Play Reviews: Coletados 100 reviews para app com.imayi.catgames
2025-12-12 12:32:30,690 - UNI_v5.1.3 - INFO - Google Play Reviews: Ordenação 'most_helpful' não disponível - usando 'rating' como fallback
2025-12-12 12:32:31,267 - UNI_v5.1.3 - INFO - Google Play Reviews: Coletados 100 reviews para app com.imayi.catgames
2025-12-12 12:32:31,927 - UNI_v5.1.3 - INFO - Google Play Reviews: Coletados 100 reviews para app br.com.tapps.catevolution
2025-12-12 12:32:31,928 - UNI_v5.1.3 - INFO - Google Play Reviews: Ordenação 'oldest' não disponível - usando 'newest' + ordenação manual
2025-12-12 12:32:32,490 - UNI_v5.1.3 - INFO - Google Play Reviews: Coletados 100 reviews para app br.com.tapps.catevolution
2025-12-12 12:32:33,212 - UNI_v5.1.3 - INFO - Google Play Reviews: Coletados 100 reviews para app br.com.tapps.catevolution
2025-12-12 12:32:33,822 - UNI_v5.1.3 - INFO - Google Play Reviews: Coletados 100 reviews para app br.com.tapps.catevolution
2025-12-12 12:32:33,823 - UNI_v5.1.3 - INFO - Google Play Reviews: Ordenação 'most_helpful' não disponível - usando 'rating' como fallback
2025-12-12 12:32:34,410 - UNI_v5.1.3 - INFO - Google Play Reviews: Coletados 100 reviews para app br.com.tapps.catevolution
2025-12-12 12:32:35,061 - UNI_v5.1.3 - INFO - Google Play Reviews: Coletados 100 reviews para app com.pazugames.mycat
2025-12-12 12:32:35,062 - UNI_v5.1.3 - INFO - Google Play Reviews: Ordenação 'oldest' não disponível - usando 'newest' + ordenação manual
2025-12-12 12:32:35,783 - UNI_v5.1.3 - INFO - Google Play Reviews: Coletados 100 reviews para app com.pazugames.mycat
2025-12-12 12:32:36,604 - UNI_v5.1.3 - INFO - Google Play Reviews: Coletados 100 reviews para app com.pazugames.mycat
2025-12-12 12:32:37,180 - UNI_v5.1.3 - INFO - Google Play Reviews: Coletados 100 reviews para app com.pazugames.mycat
2025-12-12 12:32:37,181 - UNI_v5.1.3 - INFO - Google Play Reviews: Ordenação 'most_helpful' não disponível - usando 'rating' como fallback
2025-12-12 12:32:37,742 - UNI_v5.1.3 - INFO - Google Play Reviews: Coletados 100 reviews para app com.pazugames.mycat
2025-12-12 12:32:38,498 - UNI_v5.1.3 - INFO - Google Play Reviews: Coletados 1 reviews para app com.gatogames.app
2025-12-12 12:32:38,498 - UNI_v5.1.3 - INFO - Google Play Reviews: Ordenação 'oldest' não disponível - usando 'newest' + ordenação manual
2025-12-12 12:32:39,122 - UNI_v5.1.3 - INFO - Google Play Reviews: Coletados 1 reviews para app com.gatogames.app
2025-12-12 12:32:39,696 - UNI_v5.1.3 - INFO - Google Play Reviews: Coletados 1 reviews para app com.gatogames.app
2025-12-12 12:32:40,218 - UNI_v5.1.3 - INFO - Google Play Reviews: Coletados 1 reviews para app com.gatogames.app
2025-12-12 12:32:40,218 - UNI_v5.1.3 - INFO - Google Play Reviews: Ordenação 'most_helpful' não disponível - usando 'rating' como fallback
2025-12-12 12:32:40,744 - UNI_v5.1.3 - INFO - Google Play Reviews: Coletados 1 reviews para app com.gatogames.app
2025-12-12 12:32:41,436 - UNI_v5.1.3 - INFO - Google Play Reviews: Coletados 100 reviews para app com.neutronized.supercattales2
2025-12-12 12:32:41,437 - UNI_v5.1.3 - INFO - Google Play Reviews: Ordenação 'oldest' não disponível - usando 'newest' + ordenação manual
2025-12-12 12:32:42,070 - UNI_v5.1.3 - INFO - Google Play Reviews: Coletados 100 reviews para app com.neutronized.supercattales2
2025-12-12 12:32:42,977 - UNI_v5.1.3 - INFO - Google Play Reviews: Coletados 100 reviews para app com.neutronized.supercattales2
2025-12-12 12:32:43,604 - UNI_v5.1.3 - INFO - Google Play Reviews: Coletados 100 reviews para app com.neutronized.supercattales2
2025-12-12 12:32:43,605 - UNI_v5.1.3 - INFO - Google Play Reviews: Ordenação 'most_helpful' não disponível - usando 'rating' como fallback
2025-12-12 12:32:44,201 - UNI_v5.1.3 - INFO - Google Play Reviews: Coletados 100 reviews para app com.neutronized.supercattales2
2025-12-12 12:32:44,852 - UNI_v5.1.3 - INFO - Google Play Reviews: Coletados 100 reviews para app com.tivola.catrescue
2025-12-12 12:32:44,853 - UNI_v5.1.3 - INFO - Google Play Reviews: Ordenação 'oldest' não disponível - usando 'newest' + ordenação manual
2025-12-12 12:32:45,486 - UNI_v5.1.3 - INFO - Google Play Reviews: Coletados 100 reviews para app com.tivola.catrescue
2025-12-12 12:32:46,172 - UNI_v5.1.3 - INFO - Google Play Reviews: Coletados 100 reviews para app com.tivola.catrescue
2025-12-12 12:32:46,848 - UNI_v5.1.3 - INFO - Google Play Reviews: Coletados 100 reviews para app com.tivola.catrescue
2025-12-12 12:32:46,849 - UNI_v5.1.3 - INFO - Google Play Reviews: Ordenação 'most_helpful' não disponível - usando 'rating' como fallback
2025-12-12 12:32:47,567 - UNI_v5.1.3 - INFO - Google Play Reviews: Coletados 100 reviews para app com.tivola.catrescue
2025-12-12 12:32:48,222 - UNI_v5.1.3 - INFO - Google Play Reviews: Coletados 100 reviews para app com.outfit7.talkingtom2free
2025-12-12 12:32:48,223 - UNI_v5.1.3 - INFO - Google Play Reviews: Ordenação 'oldest' não disponível - usando 'newest' + ordenação manual
2025-12-12 12:32:48,783 - UNI_v5.1.3 - INFO - Google Play Reviews: Coletados 100 reviews para app com.outfit7.talkingtom2free
2025-12-12 12:32:49,496 - UNI_v5.1.3 - INFO - Google Play Reviews: Coletados 100 reviews para app com.outfit7.talkingtom2free
2025-12-12 12:32:50,078 - UNI_v5.1.3 - INFO - Google Play Reviews: Coletados 100 reviews para app com.outfit7.talkingtom2free
2025-12-12 12:32:50,079 - UNI_v5.1.3 - INFO - Google Play Reviews: Ordenação 'most_helpful' não disponível - usando 'rating' como fallback
2025-12-12 12:32:50,837 - UNI_v5.1.3 - INFO - Google Play Reviews: Coletados 100 reviews para app com.outfit7.talkingtom2free
2025-12-12 12:32:51,817 - UNI_v5.1.3 - INFO - Google Play Reviews: Coletados 100 reviews para app com.ventogames.findthecat
2025-12-12 12:32:51,818 - UNI_v5.1.3 - INFO - Google Play Reviews: Ordenação 'oldest' não disponível - usando 'newest' + ordenação manual
2025-12-12 12:32:52,404 - UNI_v5.1.3 - INFO - Google Play Reviews: Coletados 100 reviews para app com.ventogames.findthecat
2025-12-12 12:32:53,230 - UNI_v5.1.3 - INFO - Google Play Reviews: Coletados 100 reviews para app com.ventogames.findthecat
2025-12-12 12:32:53,918 - UNI_v5.1.3 - INFO - Google Play Reviews: Coletados 100 reviews para app com.ventogames.findthecat
2025-12-12 12:32:53,919 - UNI_v5.1.3 - INFO - Google Play Reviews: Ordenação 'most_helpful' não disponível - usando 'rating' como fallback
2025-12-12 12:32:54,477 - UNI_v5.1.3 - INFO - Google Play Reviews: Coletados 100 reviews para app com.ventogames.findthecat
2025-12-12 12:32:55,218 - UNI_v5.1.3 - INFO - Google Play Reviews: Coletados 100 reviews para app com.integragames.magiccats
2025-12-12 12:32:55,219 - UNI_v5.1.3 - INFO - Google Play Reviews: Ordenação 'oldest' não disponível - usando 'newest' + ordenação manual
2025-12-12 12:32:55,811 - UNI_v5.1.3 - INFO - Google Play Reviews: Coletados 100 reviews para app com.integragames.magiccats
2025-12-12 12:32:56,673 - UNI_v5.1.3 - INFO - Google Play Reviews: Coletados 100 reviews para app com.integragames.magiccats
2025-12-12 12:32:57,280 - UNI_v5.1.3 - INFO - Google Play Reviews: Coletados 100 reviews para app com.integragames.magiccats
2025-12-12 12:32:57,280 - UNI_v5.1.3 - INFO - Google Play Reviews: Ordenação 'most_helpful' não disponível - usando 'rating' como fallback
2025-12-12 12:32:57,852 - UNI_v5.1.3 - INFO - Google Play Reviews: Coletados 100 reviews para app com.integragames.magiccats
2025-12-12 12:32:58,717 - UNI_v5.1.3 - INFO - Google Play Reviews: Coletados 100 reviews para app com.mafgames.idle.cat.neko.manager.tycoon
2025-12-12 12:32:58,718 - UNI_v5.1.3 - INFO - Google Play Reviews: Ordenação 'oldest' não disponível - usando 'newest' + ordenação manual
2025-12-12 12:32:59,329 - UNI_v5.1.3 - INFO - Google Play Reviews: Coletados 100 reviews para app com.mafgames.idle.cat.neko.manager.tycoon
2025-12-12 12:33:00,083 - UNI_v5.1.3 - INFO - Google Play Reviews: Coletados 100 reviews para app com.mafgames.idle.cat.neko.manager.tycoon
2025-12-12 12:33:00,705 - UNI_v5.1.3 - INFO - Google Play Reviews: Coletados 100 reviews para app com.mafgames.idle.cat.neko.manager.tycoon
2025-12-12 12:33:00,706 - UNI_v5.1.3 - INFO - Google Play Reviews: Ordenação 'most_helpful' não disponível - usando 'rating' como fallback
2025-12-12 12:33:01,274 - UNI_v5.1.3 - INFO - Google Play Reviews: Coletados 100 reviews para app com.mafgames.idle.cat.neko.manager.tycoon
2025-12-12 12:33:01,282 - UNI_v5.1.3 - INFO - Apple App Store: Iniciando coleta para 'gato' (limite: 20, tentativa 1/3)
2025-12-12 12:33:01,282 - Base - INFO - Searching for app id
2025-12-12 12:33:01,283 - Base - DEBUG - Making a GET request: https://www.google.com/search
2025-12-12 12:33:01,292 - urllib3.connectionpool - DEBUG - Starting new HTTPS connection (1): www.google.com:443
2025-12-12 12:33:01,497 - urllib3.connectionpool - DEBUG - https://www.google.com:443 "GET /search?q=app+store+gato HTTP/1.1" 200 None
2025-12-12 12:33:01,513 - UNI_v5.1.3 - WARNING - Apple App Store: Tentativa 1 falhou: Não foi possível encontrar app_id para 'gato'
2025-12-12 12:33:03,518 - UNI_v5.1.3 - INFO - Apple App Store: Iniciando coleta para 'gato' (limite: 20, tentativa 2/3)
2025-12-12 12:33:03,518 - Base - INFO - Searching for app id
2025-12-12 12:33:03,519 - Base - DEBUG - Making a GET request: https://www.google.com/search
2025-12-12 12:33:03,522 - urllib3.connectionpool - DEBUG - Starting new HTTPS connection (1): www.google.com:443
2025-12-12 12:33:03,722 - urllib3.connectionpool - DEBUG - https://www.google.com:443 "GET /search?q=app+store+gato HTTP/1.1" 200 None
2025-12-12 12:33:03,745 - UNI_v5.1.3 - WARNING - Apple App Store: Tentativa 2 falhou: Não foi possível encontrar app_id para 'gato'
2025-12-12 12:33:05,750 - UNI_v5.1.3 - INFO - Apple App Store: Iniciando coleta para 'gato' (limite: 20, tentativa 3/3)
2025-12-12 12:33:05,751 - Base - INFO - Searching for app id
2025-12-12 12:33:05,751 - Base - DEBUG - Making a GET request: https://www.google.com/search
2025-12-12 12:33:05,758 - urllib3.connectionpool - DEBUG - Starting new HTTPS connection (1): www.google.com:443
2025-12-12 12:33:05,963 - urllib3.connectionpool - DEBUG - https://www.google.com:443 "GET /search?q=app+store+gato HTTP/1.1" 200 None
2025-12-12 12:33:05,979 - UNI_v5.1.3 - WARNING - Apple App Store: Tentativa 3 falhou: Não foi possível encontrar app_id para 'gato'
2025-12-12 12:33:05,979 - UNI_v5.1.3 - ERROR - Apple App Store: Todas as tentativas falharam - termo 'gato' pode não ter resultados na App Store
2025-12-12 12:33:05,979 - UNI_v5.1.3 - INFO - Reddit: Iniciando coleta para 'gato' (subreddit: all, limite: 10)
2025-12-12 12:33:05,983 - prawcore - DEBUG - Fetching: GET https://oauth.reddit.com/r/all/search/ at 1765553585.98367
2025-12-12 12:33:05,983 - prawcore - DEBUG - Data: None
2025-12-12 12:33:05,984 - prawcore - DEBUG - Params: {'limit': 10,
 'q': 'gato',
 'raw_json': 1,
 'restrict_sr': False,
 'sort': 'relevance',
 'syntax': 'lucene',
 't': 'all'}
2025-12-12 12:33:05,994 - urllib3.connectionpool - DEBUG - Starting new HTTPS connection (1): www.reddit.com:443
2025-12-12 12:33:06,454 - urllib3.connectionpool - DEBUG - https://www.reddit.com:443 "POST /api/v1/access_token HTTP/1.1" 200 656
2025-12-12 12:33:06,464 - urllib3.connectionpool - DEBUG - Starting new HTTPS connection (1): oauth.reddit.com:443
2025-12-12 12:33:06,953 - urllib3.connectionpool - DEBUG - https://oauth.reddit.com:443 "GET /r/all/search/?q=gato&restrict_sr=False&sort=relevance&syntax=lucene&t=all&limit=10&raw_json=1 HTTP/1.1" 200 12080
2025-12-12 12:33:06,955 - prawcore - DEBUG - Response: 200 (12080 bytes) (rst-413:rem-992.0:used-8 ratelimit) at 1765553586.955476
2025-12-12 12:33:06,959 - prawcore - DEBUG - Fetching: GET https://oauth.reddit.com/r/Carola/about/ at 1765553586.9592562
2025-12-12 12:33:06,959 - prawcore - DEBUG - Data: None
2025-12-12 12:33:06,959 - prawcore - DEBUG - Params: {'raw_json': 1}
2025-12-12 12:33:07,150 - urllib3.connectionpool - DEBUG - https://oauth.reddit.com:443 "GET /r/Carola/about/?raw_json=1 HTTP/1.1" 200 1313
2025-12-12 12:33:07,153 - prawcore - DEBUG - Response: 200 (1313 bytes) (rst-412:rem-991.0:used-9 ratelimit) at 1765553587.153638
2025-12-12 12:33:07,154 - prawcore - DEBUG - Fetching: GET https://oauth.reddit.com/user/braian_reberon/about/ at 1765553587.1549819
2025-12-12 12:33:07,155 - prawcore - DEBUG - Data: None
2025-12-12 12:33:07,155 - prawcore - DEBUG - Params: {'raw_json': 1}
2025-12-12 12:33:07,355 - urllib3.connectionpool - DEBUG - https://oauth.reddit.com:443 "GET /user/braian_reberon/about/?raw_json=1 HTTP/1.1" 200 763
2025-12-12 12:33:07,357 - prawcore - DEBUG - Response: 200 (763 bytes) (rst-412:rem-990.0:used-10 ratelimit) at 1765553587.357378
2025-12-12 12:33:07,362 - prawcore - DEBUG - Fetching: GET https://oauth.reddit.com/r/Gatos/about/ at 1765553587.362853
2025-12-12 12:33:07,363 - prawcore - DEBUG - Data: None
2025-12-12 12:33:07,363 - prawcore - DEBUG - Params: {'raw_json': 1}
2025-12-12 12:33:07,554 - urllib3.connectionpool - DEBUG - https://oauth.reddit.com:443 "GET /r/Gatos/about/?raw_json=1 HTTP/1.1" 200 1368
2025-12-12 12:33:07,557 - prawcore - DEBUG - Response: 200 (1368 bytes) (rst-412:rem-989.0:used-11 ratelimit) at 1765553587.557604
2025-12-12 12:33:07,558 - prawcore - DEBUG - Fetching: GET https://oauth.reddit.com/user/Pessoa_comum_/about/ at 1765553587.558694
2025-12-12 12:33:07,558 - prawcore - DEBUG - Data: None
2025-12-12 12:33:07,558 - prawcore - DEBUG - Params: {'raw_json': 1}
2025-12-12 12:33:07,757 - urllib3.connectionpool - DEBUG - https://oauth.reddit.com:443 "GET /user/Pessoa_comum_/about/?raw_json=1 HTTP/1.1" 200 1103
2025-12-12 12:33:07,759 - prawcore - DEBUG - Response: 200 (1103 bytes) (rst-412:rem-988.0:used-12 ratelimit) at 1765553587.759753
2025-12-12 12:33:07,764 - prawcore - DEBUG - Fetching: GET https://oauth.reddit.com/r/piscatorio/about/ at 1765553587.764871
2025-12-12 12:33:07,765 - prawcore - DEBUG - Data: None
2025-12-12 12:33:07,765 - prawcore - DEBUG - Params: {'raw_json': 1}
2025-12-12 12:33:07,960 - urllib3.connectionpool - DEBUG - https://oauth.reddit.com:443 "GET /r/piscatorio/about/?raw_json=1 HTTP/1.1" 200 1441
2025-12-12 12:33:07,961 - prawcore - DEBUG - Response: 200 (1441 bytes) (rst-412:rem-987.0:used-13 ratelimit) at 1765553587.96191
2025-12-12 12:33:07,962 - prawcore - DEBUG - Fetching: GET https://oauth.reddit.com/user/edu_fil/about/ at 1765553587.9625
2025-12-12 12:33:07,962 - prawcore - DEBUG - Data: None
2025-12-12 12:33:07,962 - prawcore - DEBUG - Params: {'raw_json': 1}
2025-12-12 12:33:08,169 - urllib3.connectionpool - DEBUG - https://oauth.reddit.com:443 "GET /user/edu_fil/about/?raw_json=1 HTTP/1.1" 200 815
2025-12-12 12:33:08,170 - prawcore - DEBUG - Response: 200 (815 bytes) (rst-411:rem-986.0:used-14 ratelimit) at 1765553588.170975
2025-12-12 12:33:08,174 - prawcore - DEBUG - Fetching: GET https://oauth.reddit.com/r/Gatos/about/ at 1765553588.17486
2025-12-12 12:33:08,177 - prawcore - DEBUG - Data: None
2025-12-12 12:33:08,178 - prawcore - DEBUG - Params: {'raw_json': 1}
2025-12-12 12:33:08,372 - urllib3.connectionpool - DEBUG - https://oauth.reddit.com:443 "GET /r/Gatos/about/?raw_json=1 HTTP/1.1" 200 1368
2025-12-12 12:33:08,375 - prawcore - DEBUG - Response: 200 (1368 bytes) (rst-411:rem-985.0:used-15 ratelimit) at 1765553588.3754041
2025-12-12 12:33:08,376 - prawcore - DEBUG - Fetching: GET https://oauth.reddit.com/user/No-Beyond-8411/about/ at 1765553588.3762848
2025-12-12 12:33:08,376 - prawcore - DEBUG - Data: None
2025-12-12 12:33:08,376 - prawcore - DEBUG - Params: {'raw_json': 1}
2025-12-12 12:33:08,590 - urllib3.connectionpool - DEBUG - https://oauth.reddit.com:443 "GET /user/No-Beyond-8411/about/?raw_json=1 HTTP/1.1" 200 899
2025-12-12 12:33:08,592 - prawcore - DEBUG - Response: 200 (899 bytes) (rst-411:rem-984.0:used-16 ratelimit) at 1765553588.592055
2025-12-12 12:33:08,595 - prawcore - DEBUG - Fetching: GET https://oauth.reddit.com/comments/1an5p1t/ at 1765553588.595671
2025-12-12 12:33:08,595 - prawcore - DEBUG - Data: None
2025-12-12 12:33:08,595 - prawcore - DEBUG - Params: {'limit': 2048, 'raw_json': 1, 'sort': 'confidence'}
2025-12-12 12:33:09,130 - urllib3.connectionpool - DEBUG - https://oauth.reddit.com:443 "GET /comments/1an5p1t/?limit=2048&sort=confidence&raw_json=1 HTTP/1.1" 200 8269
2025-12-12 12:33:09,132 - prawcore - DEBUG - Response: 200 (8269 bytes) (rst-411:rem-983.0:used-17 ratelimit) at 1765553589.132374
2025-12-12 12:33:09,137 - prawcore - DEBUG - Fetching: GET https://oauth.reddit.com/r/Gatos/about/ at 1765553589.1379042
2025-12-12 12:33:09,138 - prawcore - DEBUG - Data: None
2025-12-12 12:33:09,138 - prawcore - DEBUG - Params: {'raw_json': 1}
2025-12-12 12:33:09,335 - urllib3.connectionpool - DEBUG - https://oauth.reddit.com:443 "GET /r/Gatos/about/?raw_json=1 HTTP/1.1" 200 1368
2025-12-12 12:33:09,336 - prawcore - DEBUG - Response: 200 (1368 bytes) (rst-410:rem-982.0:used-18 ratelimit) at 1765553589.336815
2025-12-12 12:33:09,337 - prawcore - DEBUG - Fetching: GET https://oauth.reddit.com/user/Calciferine_/about/ at 1765553589.337415
2025-12-12 12:33:09,337 - prawcore - DEBUG - Data: None
2025-12-12 12:33:09,337 - prawcore - DEBUG - Params: {'raw_json': 1}
2025-12-12 12:33:09,551 - urllib3.connectionpool - DEBUG - https://oauth.reddit.com:443 "GET /user/Calciferine_/about/?raw_json=1 HTTP/1.1" 200 719
2025-12-12 12:33:09,553 - prawcore - DEBUG - Response: 200 (719 bytes) (rst-410:rem-981.0:used-19 ratelimit) at 1765553589.5531049
2025-12-12 12:33:09,556 - prawcore - DEBUG - Fetching: GET https://oauth.reddit.com/r/Gundam/about/ at 1765553589.55683
2025-12-12 12:33:09,557 - prawcore - DEBUG - Data: None
2025-12-12 12:33:09,557 - prawcore - DEBUG - Params: {'raw_json': 1}
2025-12-12 12:33:09,754 - urllib3.connectionpool - DEBUG - https://oauth.reddit.com:443 "GET /r/Gundam/about/?raw_json=1 HTTP/1.1" 200 3766
2025-12-12 12:33:09,754 - prawcore - DEBUG - Response: 200 (3766 bytes) (rst-410:rem-980.0:used-20 ratelimit) at 1765553589.7544808
2025-12-12 12:33:09,754 - prawcore - DEBUG - Fetching: GET https://oauth.reddit.com/user/LordEmmerich/about/ at 1765553589.754737
2025-12-12 12:33:09,754 - prawcore - DEBUG - Data: None
2025-12-12 12:33:09,754 - prawcore - DEBUG - Params: {'raw_json': 1}
2025-12-12 12:33:09,947 - urllib3.connectionpool - DEBUG - https://oauth.reddit.com:443 "GET /user/LordEmmerich/about/?raw_json=1 HTTP/1.1" 200 701
2025-12-12 12:33:09,947 - prawcore - DEBUG - Response: 200 (701 bytes) (rst-410:rem-979.0:used-21 ratelimit) at 1765553589.947656
2025-12-12 12:33:09,949 - prawcore - DEBUG - Fetching: GET https://oauth.reddit.com/r/Gatos/about/ at 1765553589.9496179
2025-12-12 12:33:09,950 - prawcore - DEBUG - Data: None
2025-12-12 12:33:09,950 - prawcore - DEBUG - Params: {'raw_json': 1}
2025-12-12 12:33:10,149 - urllib3.connectionpool - DEBUG - https://oauth.reddit.com:443 "GET /r/Gatos/about/?raw_json=1 HTTP/1.1" 200 1368
2025-12-12 12:33:10,151 - prawcore - DEBUG - Response: 200 (1368 bytes) (rst-409:rem-978.0:used-22 ratelimit) at 1765553590.151372
2025-12-12 12:33:10,152 - prawcore - DEBUG - Fetching: GET https://oauth.reddit.com/user/Sad-Charity-7115/about/ at 1765553590.152343
2025-12-12 12:33:10,152 - prawcore - DEBUG - Data: None
2025-12-12 12:33:10,152 - prawcore - DEBUG - Params: {'raw_json': 1}
2025-12-12 12:33:10,377 - urllib3.connectionpool - DEBUG - https://oauth.reddit.com:443 "GET /user/Sad-Charity-7115/about/?raw_json=1 HTTP/1.1" 200 858
2025-12-12 12:33:10,379 - prawcore - DEBUG - Response: 200 (858 bytes) (rst-409:rem-977.0:used-23 ratelimit) at 1765553590.3795469
2025-12-12 12:33:10,384 - prawcore - DEBUG - Fetching: GET https://oauth.reddit.com/r/h3h3productions/about/ at 1765553590.384087
2025-12-12 12:33:10,384 - prawcore - DEBUG - Data: None
2025-12-12 12:33:10,384 - prawcore - DEBUG - Params: {'raw_json': 1}
2025-12-12 12:33:10,573 - urllib3.connectionpool - DEBUG - https://oauth.reddit.com:443 "GET /r/h3h3productions/about/?raw_json=1 HTTP/1.1" 200 3444
2025-12-12 12:33:10,574 - prawcore - DEBUG - Response: 200 (3444 bytes) (rst-409:rem-976.0:used-24 ratelimit) at 1765553590.57439
2025-12-12 12:33:10,575 - prawcore - DEBUG - Fetching: GET https://oauth.reddit.com/user/Altruistic-Title-904/about/ at 1765553590.575062
2025-12-12 12:33:10,575 - prawcore - DEBUG - Data: None
2025-12-12 12:33:10,575 - prawcore - DEBUG - Params: {'raw_json': 1}
2025-12-12 12:33:10,772 - urllib3.connectionpool - DEBUG - https://oauth.reddit.com:443 "GET /user/Altruistic-Title-904/about/?raw_json=1 HTTP/1.1" 200 832
2025-12-12 12:33:10,773 - prawcore - DEBUG - Response: 200 (832 bytes) (rst-409:rem-975.0:used-25 ratelimit) at 1765553590.773973
2025-12-12 12:33:10,777 - prawcore - DEBUG - Fetching: GET https://oauth.reddit.com/r/ApoioVet/about/ at 1765553590.7779279
2025-12-12 12:33:10,778 - prawcore - DEBUG - Data: None
2025-12-12 12:33:10,778 - prawcore - DEBUG - Params: {'raw_json': 1}
2025-12-12 12:33:10,980 - urllib3.connectionpool - DEBUG - https://oauth.reddit.com:443 "GET /r/ApoioVet/about/?raw_json=1 HTTP/1.1" 200 1594
2025-12-12 12:33:10,982 - prawcore - DEBUG - Response: 200 (1594 bytes) (rst-409:rem-974.0:used-26 ratelimit) at 1765553590.982006
2025-12-12 12:33:10,982 - prawcore - DEBUG - Fetching: GET https://oauth.reddit.com/user/r0t3ch/about/ at 1765553590.9827662
2025-12-12 12:33:10,982 - prawcore - DEBUG - Data: None
2025-12-12 12:33:10,983 - prawcore - DEBUG - Params: {'raw_json': 1}
2025-12-12 12:33:11,184 - urllib3.connectionpool - DEBUG - https://oauth.reddit.com:443 "GET /user/r0t3ch/about/?raw_json=1 HTTP/1.1" 200 920
2025-12-12 12:33:11,186 - prawcore - DEBUG - Response: 200 (920 bytes) (rst-408:rem-973.0:used-27 ratelimit) at 1765553591.186187
2025-12-12 12:33:11,190 - prawcore - DEBUG - Fetching: GET https://oauth.reddit.com/r/CadeirasDeEscritorio/about/ at 1765553591.1902158
2025-12-12 12:33:11,190 - prawcore - DEBUG - Data: None
2025-12-12 12:33:11,190 - prawcore - DEBUG - Params: {'raw_json': 1}
2025-12-12 12:33:11,389 - urllib3.connectionpool - DEBUG - https://oauth.reddit.com:443 "GET /r/CadeirasDeEscritorio/about/?raw_json=1 HTTP/1.1" 200 1502
2025-12-12 12:33:11,391 - prawcore - DEBUG - Response: 200 (1502 bytes) (rst-408:rem-972.0:used-28 ratelimit) at 1765553591.391745
2025-12-12 12:33:11,392 - prawcore - DEBUG - Fetching: GET https://oauth.reddit.com/user/Tarquineos81/about/ at 1765553591.392799
2025-12-12 12:33:11,392 - prawcore - DEBUG - Data: None
2025-12-12 12:33:11,393 - prawcore - DEBUG - Params: {'raw_json': 1}
2025-12-12 12:33:11,596 - urllib3.connectionpool - DEBUG - https://oauth.reddit.com:443 "GET /user/Tarquineos81/about/?raw_json=1 HTTP/1.1" 200 824
2025-12-12 12:33:11,598 - prawcore - DEBUG - Response: 200 (824 bytes) (rst-408:rem-971.0:used-29 ratelimit) at 1765553591.598846
2025-12-12 12:33:11,602 - prawcore - DEBUG - Fetching: GET https://oauth.reddit.com/comments/1e3zfyl/ at 1765553591.602241
2025-12-12 12:33:11,602 - prawcore - DEBUG - Data: None
2025-12-12 12:33:11,602 - prawcore - DEBUG - Params: {'limit': 2048, 'raw_json': 1, 'sort': 'confidence'}
2025-12-12 12:33:11,872 - urllib3.connectionpool - DEBUG - https://oauth.reddit.com:443 "GET /comments/1e3zfyl/?limit=2048&sort=confidence&raw_json=1 HTTP/1.1" 200 3998
2025-12-12 12:33:11,875 - prawcore - DEBUG - Response: 200 (3998 bytes) (rst-408:rem-970.0:used-30 ratelimit) at 1765553591.875506
2025-12-12 12:33:11,878 - UNI_v5.1.3 - INFO - Reddit: Coletados 10 resultados com sucesso
2025-12-12 12:33:11,879 - UNI_v5.1.3 - INFO - Google News: Iniciando coleta para 'gato' (limite: 10)
2025-12-12 12:33:11,883 - urllib3.connectionpool - DEBUG - Starting new HTTPS connection (1): gnews.io:443
2025-12-12 12:33:12,479 - urllib3.connectionpool - DEBUG - https://gnews.io:443 "GET /api/v4/search?q=gato&lang=pt&country=br&max=10&apikey=91a7bc222ecfdac6c60019c4fb1ec87c&from=20 HTTP/1.1" 200 None
2025-12-12 12:33:12,482 - UNI_v5.1.3 - INFO - Google News: Coletados 10 resultados com sucesso
2025-12-12 12:33:12,482 - UNI_v5.1.3 - INFO - arXiv: Iniciando coleta para 'gato' (limite: 20)
2025-12-12 12:33:12,497 - urllib3.connectionpool - DEBUG - Starting new HTTP connection (1): export.arxiv.org:80
2025-12-12 12:33:12,514 - urllib3.connectionpool - DEBUG - http://export.arxiv.org:80 "GET /api/query?search_query=all:gato&start=0&max_results=20&sortBy=relevance HTTP/1.1" 301 0
2025-12-12 12:33:12,519 - urllib3.connectionpool - DEBUG - Starting new HTTPS connection (1): export.arxiv.org:443
2025-12-12 12:33:12,929 - urllib3.connectionpool - DEBUG - https://export.arxiv.org:443 "GET /api/query?search_query=all:gato&start=0&max_results=20&sortBy=relevance HTTP/1.1" 200 66185
2025-12-12 12:33:12,992 - UNI_v5.1.3 - INFO - arXiv: Coletados 20 resultados com sucesso
2025-12-12 12:33:12,992 - UNI_v5.1.3 - INFO - Google Scholar: Iniciando coleta para 'gato' (limite: 20, tentativa 1/3)
2025-12-12 12:33:13,013 - urllib3.connectionpool - DEBUG - Starting new HTTPS connection (1): api.semanticscholar.org:443
2025-12-12 12:33:13,608 - urllib3.connectionpool - DEBUG - https://api.semanticscholar.org:443 "GET /graph/v1/paper/search?query=gato&limit=20&fields=title%2Cauthors%2Cyear%2Curl%2Cabstract%2CcitationCount%2CreferenceCount%2Cvenue%2CfieldsOfStudy%2CpublicationTypes%2CpublicationDate%2Cjournal%2CexternalIds%2CisOpenAccess%2CopenAccessPdf HTTP/1.1" 429 144
2025-12-12 12:33:13,609 - urllib3.util.retry - DEBUG - Incremented Retry for (url='/graph/v1/paper/search?query=gato&limit=20&fields=title%2Cauthors%2Cyear%2Curl%2Cabstract%2CcitationCount%2CreferenceCount%2Cvenue%2CfieldsOfStudy%2CpublicationTypes%2CpublicationDate%2Cjournal%2CexternalIds%2CisOpenAccess%2CopenAccessPdf'): Retry(total=4, connect=None, read=None, redirect=None, status=None)
2025-12-12 12:33:13,610 - urllib3.connectionpool - DEBUG - Retry: /graph/v1/paper/search?query=gato&limit=20&fields=title%2Cauthors%2Cyear%2Curl%2Cabstract%2CcitationCount%2CreferenceCount%2Cvenue%2CfieldsOfStudy%2CpublicationTypes%2CpublicationDate%2Cjournal%2CexternalIds%2CisOpenAccess%2CopenAccessPdf
2025-12-12 12:33:14,575 - urllib3.connectionpool - DEBUG - https://api.semanticscholar.org:443 "GET /graph/v1/paper/search?query=gato&limit=20&fields=title%2Cauthors%2Cyear%2Curl%2Cabstract%2CcitationCount%2CreferenceCount%2Cvenue%2CfieldsOfStudy%2CpublicationTypes%2CpublicationDate%2Cjournal%2CexternalIds%2CisOpenAccess%2CopenAccessPdf HTTP/1.1" 200 41945
2025-12-12 12:33:14,580 - UNI_v5.1.3 - INFO - Google Scholar: Coletados 20 resultados com sucesso
2025-12-12 12:33:14,580 - UNI_v5.1.3 - INFO - Wikipedia: Iniciando coleta para 'gato' (limite: 20, lang: pt)
2025-12-12 12:33:14,593 - urllib3.connectionpool - DEBUG - Starting new HTTPS connection (1): pt.wikipedia.org:443
2025-12-12 12:33:16,178 - urllib3.connectionpool - DEBUG - https://pt.wikipedia.org:443 "GET /w/api.php?action=query&format=json&list=search&srsearch=gato&srlimit=20&srnamespace=0 HTTP/1.1" 200 None
2025-12-12 12:33:16,188 - urllib3.connectionpool - DEBUG - Starting new HTTPS connection (1): pt.wikipedia.org:443
2025-12-12 12:33:16,448 - urllib3.connectionpool - DEBUG - https://pt.wikipedia.org:443 "GET /api/rest_v1/page/summary/Gato HTTP/1.1" 200 None
2025-12-12 12:33:16,457 - urllib3.connectionpool - DEBUG - Starting new HTTPS connection (1): pt.wikipedia.org:443
2025-12-12 12:33:16,717 - urllib3.connectionpool - DEBUG - https://pt.wikipedia.org:443 "GET /api/rest_v1/page/summary/Gato_de_Schr%C3%B6dinger HTTP/1.1" 200 853
2025-12-12 12:33:16,725 - urllib3.connectionpool - DEBUG - Starting new HTTPS connection (1): pt.wikipedia.org:443
2025-12-12 12:33:17,124 - urllib3.connectionpool - DEBUG - https://pt.wikipedia.org:443 "GET /api/rest_v1/page/summary/Siam%C3%AAs_(gato) HTTP/1.1" 200 740
2025-12-12 12:33:17,133 - urllib3.connectionpool - DEBUG - Starting new HTTPS connection (1): pt.wikipedia.org:443
2025-12-12 12:33:17,528 - urllib3.connectionpool - DEBUG - https://pt.wikipedia.org:443 "GET /api/rest_v1/page/summary/Gato_Fedorento HTTP/1.1" 200 741
2025-12-12 12:33:17,538 - urllib3.connectionpool - DEBUG - Starting new HTTPS connection (1): pt.wikipedia.org:443
2025-12-12 12:33:18,155 - urllib3.connectionpool - DEBUG - https://pt.wikipedia.org:443 "GET /api/rest_v1/page/summary/Gato-maracaj%C3%A1 HTTP/1.1" 200 699
2025-12-12 12:33:18,165 - urllib3.connectionpool - DEBUG - Starting new HTTPS connection (1): pt.wikipedia.org:443
2025-12-12 12:33:18,570 - urllib3.connectionpool - DEBUG - https://pt.wikipedia.org:443 "GET /api/rest_v1/page/summary/Sphynx HTTP/1.1" 200 None
2025-12-12 12:33:18,580 - urllib3.connectionpool - DEBUG - Starting new HTTPS connection (1): pt.wikipedia.org:443
2025-12-12 12:33:18,979 - urllib3.connectionpool - DEBUG - https://pt.wikipedia.org:443 "GET /api/rest_v1/page/summary/Gato_malhado HTTP/1.1" 200 733
2025-12-12 12:33:18,989 - urllib3.connectionpool - DEBUG - Starting new HTTPS connection (1): pt.wikipedia.org:443
2025-12-12 12:33:19,252 - urllib3.connectionpool - DEBUG - https://pt.wikipedia.org:443 "GET /api/rest_v1/page/summary/Felis_lybica HTTP/1.1" 200 743
2025-12-12 12:33:19,261 - urllib3.connectionpool - DEBUG - Starting new HTTPS connection (1): pt.wikipedia.org:443
2025-12-12 12:33:19,521 - urllib3.connectionpool - DEBUG - https://pt.wikipedia.org:443 "GET /api/rest_v1/page/summary/Pedro_Dom HTTP/1.1" 200 615
2025-12-12 12:33:19,533 - urllib3.connectionpool - DEBUG - Starting new HTTPS connection (1): pt.wikipedia.org:443
2025-12-12 12:33:19,791 - urllib3.connectionpool - DEBUG - https://pt.wikipedia.org:443 "GET /api/rest_v1/page/summary/Gato-do-mato-pequeno HTTP/1.1" 200 None
2025-12-12 12:33:19,798 - urllib3.connectionpool - DEBUG - Starting new HTTPS connection (1): pt.wikipedia.org:443
2025-12-12 12:33:20,198 - urllib3.connectionpool - DEBUG - https://pt.wikipedia.org:443 "GET /api/rest_v1/page/summary/Gato-bravo HTTP/1.1" 200 None
2025-12-12 12:33:20,209 - urllib3.connectionpool - DEBUG - Starting new HTTPS connection (1): pt.wikipedia.org:443
2025-12-12 12:33:21,230 - urllib3.connectionpool - DEBUG - https://pt.wikipedia.org:443 "GET /api/rest_v1/page/summary/Le_Ma%C3%AEtre_chat_ou_le_Chat_bott%C3%A9 HTTP/1.1" 200 None
2025-12-12 12:33:21,235 - urllib3.connectionpool - DEBUG - Starting new HTTPS connection (1): pt.wikipedia.org:443
2025-12-12 12:33:23,086 - urllib3.connectionpool - DEBUG - https://pt.wikipedia.org:443 "GET /api/rest_v1/page/summary/Gato-pingado HTTP/1.1" 200 549
2025-12-12 12:33:23,095 - urllib3.connectionpool - DEBUG - Starting new HTTPS connection (1): pt.wikipedia.org:443
2025-12-12 12:33:23,492 - urllib3.connectionpool - DEBUG - https://pt.wikipedia.org:443 "GET /api/rest_v1/page/summary/Gato_preto HTTP/1.1" 200 None
2025-12-12 12:33:23,502 - urllib3.connectionpool - DEBUG - Starting new HTTPS connection (1): pt.wikipedia.org:443
2025-12-12 12:33:23,900 - urllib3.connectionpool - DEBUG - https://pt.wikipedia.org:443 "GET /api/rest_v1/page/summary/Jaguarundi HTTP/1.1" 200 1028
2025-12-12 12:33:23,910 - urllib3.connectionpool - DEBUG - Starting new HTTPS connection (1): pt.wikipedia.org:443
2025-12-12 12:33:24,171 - urllib3.connectionpool - DEBUG - https://pt.wikipedia.org:443 "GET /api/rest_v1/page/summary/Gato_de_Cheshire HTTP/1.1" 200 None
2025-12-12 12:33:24,185 - urllib3.connectionpool - DEBUG - Starting new HTTPS connection (1): pt.wikipedia.org:443
2025-12-12 12:33:24,446 - urllib3.connectionpool - DEBUG - https://pt.wikipedia.org:443 "GET /api/rest_v1/page/summary/Gato-de-iriomote HTTP/1.1" 200 612
2025-12-12 12:33:24,454 - urllib3.connectionpool - DEBUG - Starting new HTTPS connection (1): pt.wikipedia.org:443
2025-12-12 12:33:25,066 - urllib3.connectionpool - DEBUG - https://pt.wikipedia.org:443 "GET /api/rest_v1/page/summary/Borba_Gato HTTP/1.1" 200 642
2025-12-12 12:33:25,069 - urllib3.connectionpool - DEBUG - Starting new HTTPS connection (1): pt.wikipedia.org:443
2025-12-12 12:33:25,464 - urllib3.connectionpool - DEBUG - https://pt.wikipedia.org:443 "GET /api/rest_v1/page/summary/Mulher-Gato HTTP/1.1" 200 None
2025-12-12 12:33:25,470 - urllib3.connectionpool - DEBUG - Starting new HTTPS connection (1): pt.wikipedia.org:443
2025-12-12 12:33:26,086 - urllib3.connectionpool - DEBUG - https://pt.wikipedia.org:443 "GET /api/rest_v1/page/summary/Fam%C3%ADlia_Borba_Gato HTTP/1.1" 200 642
2025-12-12 12:33:26,090 - UNI_v5.1.3 - INFO - Wikipedia: Coletados 20 resultados com sucesso
2025-12-12 12:33:26,101 - urllib3.connectionpool - DEBUG - Starting new HTTPS connection (1): api.github.com:443
2025-12-12 12:33:27,081 - urllib3.connectionpool - DEBUG - https://api.github.com:443 "GET /search/repositories?q=gato&sort=stars&order=desc&per_page=20 HTTP/1.1" 200 None
2025-12-12 12:33:27,086 - UNI_v5.1.3 - INFO - GitHub: Coletados 20 resultados com sucesso
2025-12-12 12:33:27,087 - UNI_v5.1.3 - INFO - Hacker News: Iniciando coleta para 'gato' (limite: 20)
2025-12-12 12:33:27,090 - urllib3.connectionpool - DEBUG - Starting new HTTPS connection (1): hn.algolia.com:443
2025-12-12 12:33:27,490 - urllib3.connectionpool - DEBUG - https://hn.algolia.com:443 "GET /api/v1/search?query=gato&tags=story&hitsPerPage=20&numericFilters= HTTP/1.1" 200 21098
2025-12-12 12:33:27,520 - UNI_v5.1.3 - INFO - Hacker News: Coletados 20 resultados com sucesso
2025-12-12 12:33:27,520 - UNI_v5.1.3 - INFO - : JSON salvo em metadados_coleta.json
2025-12-12 12:33:27,526 - UNI_v5.1.3 - INFO - Suggest-chrome-web-top: Salvo 15 registros com 9 colunas em suggest_chrome_web_top.csv (0.8 KB)
2025-12-12 12:33:27,527 - UNI_v5.1.3 - INFO - Suggest-chrome-web-a-z: Salvo 15 registros com 9 colunas em suggest_chrome_web_a_z.csv (0.8 KB)
2025-12-12 12:33:27,528 - UNI_v5.1.3 - INFO - Suggest-chrome-youtube-top: Salvo 15 registros com 9 colunas em suggest_chrome_youtube_top.csv (0.8 KB)
2025-12-12 12:33:27,529 - UNI_v5.1.3 - INFO - Suggest-chrome-youtube-a-z: Salvo 15 registros com 9 colunas em suggest_chrome_youtube_a_z.csv (0.8 KB)
2025-12-12 12:33:27,531 - UNI_v5.1.3 - INFO - SERP-Brave: Salvo 20 registros com 13 colunas em serp_brave.csv (6.7 KB)
2025-12-12 12:33:27,534 - UNI_v5.1.3 - INFO - SERP-Google: Salvo 20 registros com 19 colunas em serp_google.csv (20.2 KB)
2025-12-12 12:33:27,535 - UNI_v5.1.3 - INFO - SERP-Duckduckgo: Salvo 17 registros com 8 colunas em serp_duckduckgo.csv (5.2 KB)
2025-12-12 12:33:27,536 - UNI_v5.1.3 - INFO - SERP-Bing: Salvo 10 registros com 13 colunas em serp_bing.csv (4.4 KB)
2025-12-12 12:33:27,538 - UNI_v5.1.3 - INFO - YouTube-relevance: Salvo 20 registros com 30 colunas em youtube_relevance.csv (16.4 KB)
2025-12-12 12:33:27,541 - UNI_v5.1.3 - INFO - YouTube-date: Salvo 20 registros com 30 colunas em youtube_date.csv (15.6 KB)
2025-12-12 12:33:27,543 - UNI_v5.1.3 - INFO - YouTube-viewCount: Salvo 20 registros com 30 colunas em youtube_viewcount.csv (22.0 KB)
2025-12-12 12:33:27,547 - UNI_v5.1.3 - INFO - AppStore-Google Play: Salvo 20 registros com 28 colunas em appstore_google_play.csv (67.8 KB)
2025-12-12 12:33:27,551 - UNI_v5.1.3 - ERROR - AppStore-Reviews-Google Play-com.amanotes.gs.g06: Erro ao salvar CSV reviews_app_com.amanotes.gs.g06.csv: Object of type datetime is not JSON serializable
2025-12-12 12:33:27,553 - UNI_v5.1.3 - DEBUG - Traceback (most recent call last):
  File "/Users/eas/Desktop/github/emersonalmeida/emersonalmeida.github.io/project/uni/uni_v5.1.py", line 772, in salvar_csv
    dados_validos = validar_dados(data, fonte)
  File "/Users/eas/Desktop/github/emersonalmeida/emersonalmeida.github.io/project/uni/uni_v5.1.py", line 762, in validar_dados
    return DataValidator.validate_and_clean(data, fonte)
  File "/Users/eas/Desktop/github/emersonalmeida/emersonalmeida.github.io/project/uni/uni_v5.1.py", line 673, in validate_and_clean
    content_hash = hashlib.md5(json.dumps(item_limpo, sort_keys=True).encode()).hexdigest()
  File "/Library/Developer/CommandLineTools/Library/Frameworks/Python3.framework/Versions/3.9/lib/python3.9/json/__init__.py", line 234, in dumps
    return cls(
  File "/Library/Developer/CommandLineTools/Library/Frameworks/Python3.framework/Versions/3.9/lib/python3.9/json/encoder.py", line 199, in encode
    chunks = self.iterencode(o, _one_shot=True)
  File "/Library/Developer/CommandLineTools/Library/Frameworks/Python3.framework/Versions/3.9/lib/python3.9/json/encoder.py", line 257, in iterencode
    return _iterencode(o, 0)
  File "/Library/Developer/CommandLineTools/Library/Frameworks/Python3.framework/Versions/3.9/lib/python3.9/json/encoder.py", line 179, in default
    raise TypeError(f'Object of type {o.__class__.__name__} '
TypeError: Object of type datetime is not JSON serializable

2025-12-12 12:33:27,553 - UNI_v5.1.3 - ERROR - AppStore-Reviews-Google Play-com.outfit7.mytalkingtomfree: Erro ao salvar CSV reviews_app_com.outfit7.mytalkingtomfree.csv: Object of type datetime is not JSON serializable
2025-12-12 12:33:27,554 - UNI_v5.1.3 - DEBUG - Traceback (most recent call last):
  File "/Users/eas/Desktop/github/emersonalmeida/emersonalmeida.github.io/project/uni/uni_v5.1.py", line 772, in salvar_csv
    dados_validos = validar_dados(data, fonte)
  File "/Users/eas/Desktop/github/emersonalmeida/emersonalmeida.github.io/project/uni/uni_v5.1.py", line 762, in validar_dados
    return DataValidator.validate_and_clean(data, fonte)
  File "/Users/eas/Desktop/github/emersonalmeida/emersonalmeida.github.io/project/uni/uni_v5.1.py", line 673, in validate_and_clean
    content_hash = hashlib.md5(json.dumps(item_limpo, sort_keys=True).encode()).hexdigest()
  File "/Library/Developer/CommandLineTools/Library/Frameworks/Python3.framework/Versions/3.9/lib/python3.9/json/__init__.py", line 234, in dumps
    return cls(
  File "/Library/Developer/CommandLineTools/Library/Frameworks/Python3.framework/Versions/3.9/lib/python3.9/json/encoder.py", line 199, in encode
    chunks = self.iterencode(o, _one_shot=True)
  File "/Library/Developer/CommandLineTools/Library/Frameworks/Python3.framework/Versions/3.9/lib/python3.9/json/encoder.py", line 257, in iterencode
    return _iterencode(o, 0)
  File "/Library/Developer/CommandLineTools/Library/Frameworks/Python3.framework/Versions/3.9/lib/python3.9/json/encoder.py", line 179, in default
    raise TypeError(f'Object of type {o.__class__.__name__} '
TypeError: Object of type datetime is not JSON serializable

2025-12-12 12:33:27,554 - UNI_v5.1.3 - ERROR - AppStore-Reviews-Google Play-com.outfit7.mytalkingtom2: Erro ao salvar CSV reviews_app_com.outfit7.mytalkingtom2.csv: Object of type datetime is not JSON serializable
2025-12-12 12:33:27,554 - UNI_v5.1.3 - DEBUG - Traceback (most recent call last):
  File "/Users/eas/Desktop/github/emersonalmeida/emersonalmeida.github.io/project/uni/uni_v5.1.py", line 772, in salvar_csv
    dados_validos = validar_dados(data, fonte)
  File "/Users/eas/Desktop/github/emersonalmeida/emersonalmeida.github.io/project/uni/uni_v5.1.py", line 762, in validar_dados
    return DataValidator.validate_and_clean(data, fonte)
  File "/Users/eas/Desktop/github/emersonalmeida/emersonalmeida.github.io/project/uni/uni_v5.1.py", line 673, in validate_and_clean
    content_hash = hashlib.md5(json.dumps(item_limpo, sort_keys=True).encode()).hexdigest()
  File "/Library/Developer/CommandLineTools/Library/Frameworks/Python3.framework/Versions/3.9/lib/python3.9/json/__init__.py", line 234, in dumps
    return cls(
  File "/Library/Developer/CommandLineTools/Library/Frameworks/Python3.framework/Versions/3.9/lib/python3.9/json/encoder.py", line 199, in encode
    chunks = self.iterencode(o, _one_shot=True)
  File "/Library/Developer/CommandLineTools/Library/Frameworks/Python3.framework/Versions/3.9/lib/python3.9/json/encoder.py", line 257, in iterencode
    return _iterencode(o, 0)
  File "/Library/Developer/CommandLineTools/Library/Frameworks/Python3.framework/Versions/3.9/lib/python3.9/json/encoder.py", line 179, in default
    raise TypeError(f'Object of type {o.__class__.__name__} '
TypeError: Object of type datetime is not JSON serializable

2025-12-12 12:33:27,554 - UNI_v5.1.3 - ERROR - AppStore-Reviews-Google Play-com.NewFolderGames.IAmCat: Erro ao salvar CSV reviews_app_com._ewFolderGames.IAmCat.csv: Object of type datetime is not JSON serializable
2025-12-12 12:33:27,554 - UNI_v5.1.3 - DEBUG - Traceback (most recent call last):
  File "/Users/eas/Desktop/github/emersonalmeida/emersonalmeida.github.io/project/uni/uni_v5.1.py", line 772, in salvar_csv
    dados_validos = validar_dados(data, fonte)
  File "/Users/eas/Desktop/github/emersonalmeida/emersonalmeida.github.io/project/uni/uni_v5.1.py", line 762, in validar_dados
    return DataValidator.validate_and_clean(data, fonte)
  File "/Users/eas/Desktop/github/emersonalmeida/emersonalmeida.github.io/project/uni/uni_v5.1.py", line 673, in validate_and_clean
    content_hash = hashlib.md5(json.dumps(item_limpo, sort_keys=True).encode()).hexdigest()
  File "/Library/Developer/CommandLineTools/Library/Frameworks/Python3.framework/Versions/3.9/lib/python3.9/json/__init__.py", line 234, in dumps
    return cls(
  File "/Library/Developer/CommandLineTools/Library/Frameworks/Python3.framework/Versions/3.9/lib/python3.9/json/encoder.py", line 199, in encode
    chunks = self.iterencode(o, _one_shot=True)
  File "/Library/Developer/CommandLineTools/Library/Frameworks/Python3.framework/Versions/3.9/lib/python3.9/json/encoder.py", line 257, in iterencode
    return _iterencode(o, 0)
  File "/Library/Developer/CommandLineTools/Library/Frameworks/Python3.framework/Versions/3.9/lib/python3.9/json/encoder.py", line 179, in default
    raise TypeError(f'Object of type {o.__class__.__name__} '
TypeError: Object of type datetime is not JSON serializable

2025-12-12 12:33:27,554 - UNI_v5.1.3 - ERROR - AppStore-Reviews-Google Play-cat.game.liftapp: Erro ao salvar CSV reviews_app_cat.game.liftapp.csv: Object of type datetime is not JSON serializable
2025-12-12 12:33:27,554 - UNI_v5.1.3 - DEBUG - Traceback (most recent call last):
  File "/Users/eas/Desktop/github/emersonalmeida/emersonalmeida.github.io/project/uni/uni_v5.1.py", line 772, in salvar_csv
    dados_validos = validar_dados(data, fonte)
  File "/Users/eas/Desktop/github/emersonalmeida/emersonalmeida.github.io/project/uni/uni_v5.1.py", line 762, in validar_dados
    return DataValidator.validate_and_clean(data, fonte)
  File "/Users/eas/Desktop/github/emersonalmeida/emersonalmeida.github.io/project/uni/uni_v5.1.py", line 673, in validate_and_clean
    content_hash = hashlib.md5(json.dumps(item_limpo, sort_keys=True).encode()).hexdigest()
  File "/Library/Developer/CommandLineTools/Library/Frameworks/Python3.framework/Versions/3.9/lib/python3.9/json/__init__.py", line 234, in dumps
    return cls(
  File "/Library/Developer/CommandLineTools/Library/Frameworks/Python3.framework/Versions/3.9/lib/python3.9/json/encoder.py", line 199, in encode
    chunks = self.iterencode(o, _one_shot=True)
  File "/Library/Developer/CommandLineTools/Library/Frameworks/Python3.framework/Versions/3.9/lib/python3.9/json/encoder.py", line 257, in iterencode
    return _iterencode(o, 0)
  File "/Library/Developer/CommandLineTools/Library/Frameworks/Python3.framework/Versions/3.9/lib/python3.9/json/encoder.py", line 179, in default
    raise TypeError(f'Object of type {o.__class__.__name__} '
TypeError: Object of type datetime is not JSON serializable

2025-12-12 12:33:27,555 - UNI_v5.1.3 - ERROR - AppStore-Reviews-Google Play-com.hidea.cat: Erro ao salvar CSV reviews_app_com.hidea.cat.csv: Object of type datetime is not JSON serializable
2025-12-12 12:33:27,555 - UNI_v5.1.3 - DEBUG - Traceback (most recent call last):
  File "/Users/eas/Desktop/github/emersonalmeida/emersonalmeida.github.io/project/uni/uni_v5.1.py", line 772, in salvar_csv
    dados_validos = validar_dados(data, fonte)
  File "/Users/eas/Desktop/github/emersonalmeida/emersonalmeida.github.io/project/uni/uni_v5.1.py", line 762, in validar_dados
    return DataValidator.validate_and_clean(data, fonte)
  File "/Users/eas/Desktop/github/emersonalmeida/emersonalmeida.github.io/project/uni/uni_v5.1.py", line 673, in validate_and_clean
    content_hash = hashlib.md5(json.dumps(item_limpo, sort_keys=True).encode()).hexdigest()
  File "/Library/Developer/CommandLineTools/Library/Frameworks/Python3.framework/Versions/3.9/lib/python3.9/json/__init__.py", line 234, in dumps
    return cls(
  File "/Library/Developer/CommandLineTools/Library/Frameworks/Python3.framework/Versions/3.9/lib/python3.9/json/encoder.py", line 199, in encode
    chunks = self.iterencode(o, _one_shot=True)
  File "/Library/Developer/CommandLineTools/Library/Frameworks/Python3.framework/Versions/3.9/lib/python3.9/json/encoder.py", line 257, in iterencode
    return _iterencode(o, 0)
  File "/Library/Developer/CommandLineTools/Library/Frameworks/Python3.framework/Versions/3.9/lib/python3.9/json/encoder.py", line 179, in default
    raise TypeError(f'Object of type {o.__class__.__name__} '
TypeError: Object of type datetime is not JSON serializable

2025-12-12 12:33:27,555 - UNI_v5.1.3 - ERROR - AppStore-Reviews-Google Play-com.outfit7.mytalkingangelafree: Erro ao salvar CSV reviews_app_com.outfit7.mytalkingangelafree.csv: Object of type datetime is not JSON serializable
2025-12-12 12:33:27,555 - UNI_v5.1.3 - DEBUG - Traceback (most recent call last):
  File "/Users/eas/Desktop/github/emersonalmeida/emersonalmeida.github.io/project/uni/uni_v5.1.py", line 772, in salvar_csv
    dados_validos = validar_dados(data, fonte)
  File "/Users/eas/Desktop/github/emersonalmeida/emersonalmeida.github.io/project/uni/uni_v5.1.py", line 762, in validar_dados
    return DataValidator.validate_and_clean(data, fonte)
  File "/Users/eas/Desktop/github/emersonalmeida/emersonalmeida.github.io/project/uni/uni_v5.1.py", line 673, in validate_and_clean
    content_hash = hashlib.md5(json.dumps(item_limpo, sort_keys=True).encode()).hexdigest()
  File "/Library/Developer/CommandLineTools/Library/Frameworks/Python3.framework/Versions/3.9/lib/python3.9/json/__init__.py", line 234, in dumps
    return cls(
  File "/Library/Developer/CommandLineTools/Library/Frameworks/Python3.framework/Versions/3.9/lib/python3.9/json/encoder.py", line 199, in encode
    chunks = self.iterencode(o, _one_shot=True)
  File "/Library/Developer/CommandLineTools/Library/Frameworks/Python3.framework/Versions/3.9/lib/python3.9/json/encoder.py", line 257, in iterencode
    return _iterencode(o, 0)
  File "/Library/Developer/CommandLineTools/Library/Frameworks/Python3.framework/Versions/3.9/lib/python3.9/json/encoder.py", line 179, in default
    raise TypeError(f'Object of type {o.__class__.__name__} '
TypeError: Object of type datetime is not JSON serializable

2025-12-12 12:33:27,555 - UNI_v5.1.3 - ERROR - AppStore-Reviews-Google Play-com.outfit7.talkingtom: Erro ao salvar CSV reviews_app_com.outfit7.talkingtom.csv: Object of type datetime is not JSON serializable
2025-12-12 12:33:27,555 - UNI_v5.1.3 - DEBUG - Traceback (most recent call last):
  File "/Users/eas/Desktop/github/emersonalmeida/emersonalmeida.github.io/project/uni/uni_v5.1.py", line 772, in salvar_csv
    dados_validos = validar_dados(data, fonte)
  File "/Users/eas/Desktop/github/emersonalmeida/emersonalmeida.github.io/project/uni/uni_v5.1.py", line 762, in validar_dados
    return DataValidator.validate_and_clean(data, fonte)
  File "/Users/eas/Desktop/github/emersonalmeida/emersonalmeida.github.io/project/uni/uni_v5.1.py", line 673, in validate_and_clean
    content_hash = hashlib.md5(json.dumps(item_limpo, sort_keys=True).encode()).hexdigest()
  File "/Library/Developer/CommandLineTools/Library/Frameworks/Python3.framework/Versions/3.9/lib/python3.9/json/__init__.py", line 234, in dumps
    return cls(
  File "/Library/Developer/CommandLineTools/Library/Frameworks/Python3.framework/Versions/3.9/lib/python3.9/json/encoder.py", line 199, in encode
    chunks = self.iterencode(o, _one_shot=True)
  File "/Library/Developer/CommandLineTools/Library/Frameworks/Python3.framework/Versions/3.9/lib/python3.9/json/encoder.py", line 257, in iterencode
    return _iterencode(o, 0)
  File "/Library/Developer/CommandLineTools/Library/Frameworks/Python3.framework/Versions/3.9/lib/python3.9/json/encoder.py", line 179, in default
    raise TypeError(f'Object of type {o.__class__.__name__} '
TypeError: Object of type datetime is not JSON serializable

2025-12-12 12:33:27,556 - UNI_v5.1.3 - ERROR - AppStore-Reviews-Google Play-com.sinyee.babybus.cat: Erro ao salvar CSV reviews_app_com.sinyee.babybus.cat.csv: Object of type datetime is not JSON serializable
2025-12-12 12:33:27,556 - UNI_v5.1.3 - DEBUG - Traceback (most recent call last):
  File "/Users/eas/Desktop/github/emersonalmeida/emersonalmeida.github.io/project/uni/uni_v5.1.py", line 772, in salvar_csv
    dados_validos = validar_dados(data, fonte)
  File "/Users/eas/Desktop/github/emersonalmeida/emersonalmeida.github.io/project/uni/uni_v5.1.py", line 762, in validar_dados
    return DataValidator.validate_and_clean(data, fonte)
  File "/Users/eas/Desktop/github/emersonalmeida/emersonalmeida.github.io/project/uni/uni_v5.1.py", line 673, in validate_and_clean
    content_hash = hashlib.md5(json.dumps(item_limpo, sort_keys=True).encode()).hexdigest()
  File "/Library/Developer/CommandLineTools/Library/Frameworks/Python3.framework/Versions/3.9/lib/python3.9/json/__init__.py", line 234, in dumps
    return cls(
  File "/Library/Developer/CommandLineTools/Library/Frameworks/Python3.framework/Versions/3.9/lib/python3.9/json/encoder.py", line 199, in encode
    chunks = self.iterencode(o, _one_shot=True)
  File "/Library/Developer/CommandLineTools/Library/Frameworks/Python3.framework/Versions/3.9/lib/python3.9/json/encoder.py", line 257, in iterencode
    return _iterencode(o, 0)
  File "/Library/Developer/CommandLineTools/Library/Frameworks/Python3.framework/Versions/3.9/lib/python3.9/json/encoder.py", line 179, in default
    raise TypeError(f'Object of type {o.__class__.__name__} '
TypeError: Object of type datetime is not JSON serializable

2025-12-12 12:33:27,556 - UNI_v5.1.3 - ERROR - AppStore-Reviews-Google Play-com.minogames.cats.client: Erro ao salvar CSV reviews_app_com.minogames.cats.client.csv: Object of type datetime is not JSON serializable
2025-12-12 12:33:27,556 - UNI_v5.1.3 - DEBUG - Traceback (most recent call last):
  File "/Users/eas/Desktop/github/emersonalmeida/emersonalmeida.github.io/project/uni/uni_v5.1.py", line 772, in salvar_csv
    dados_validos = validar_dados(data, fonte)
  File "/Users/eas/Desktop/github/emersonalmeida/emersonalmeida.github.io/project/uni/uni_v5.1.py", line 762, in validar_dados
    return DataValidator.validate_and_clean(data, fonte)
  File "/Users/eas/Desktop/github/emersonalmeida/emersonalmeida.github.io/project/uni/uni_v5.1.py", line 673, in validate_and_clean
    content_hash = hashlib.md5(json.dumps(item_limpo, sort_keys=True).encode()).hexdigest()
  File "/Library/Developer/CommandLineTools/Library/Frameworks/Python3.framework/Versions/3.9/lib/python3.9/json/__init__.py", line 234, in dumps
    return cls(
  File "/Library/Developer/CommandLineTools/Library/Frameworks/Python3.framework/Versions/3.9/lib/python3.9/json/encoder.py", line 199, in encode
    chunks = self.iterencode(o, _one_shot=True)
  File "/Library/Developer/CommandLineTools/Library/Frameworks/Python3.framework/Versions/3.9/lib/python3.9/json/encoder.py", line 257, in iterencode
    return _iterencode(o, 0)
  File "/Library/Developer/CommandLineTools/Library/Frameworks/Python3.framework/Versions/3.9/lib/python3.9/json/encoder.py", line 179, in default
    raise TypeError(f'Object of type {o.__class__.__name__} '
TypeError: Object of type datetime is not JSON serializable

2025-12-12 12:33:27,556 - UNI_v5.1.3 - ERROR - AppStore-Reviews-Google Play-com.imayi.catgames: Erro ao salvar CSV reviews_app_com.imayi.catgames.csv: Object of type datetime is not JSON serializable
2025-12-12 12:33:27,556 - UNI_v5.1.3 - DEBUG - Traceback (most recent call last):
  File "/Users/eas/Desktop/github/emersonalmeida/emersonalmeida.github.io/project/uni/uni_v5.1.py", line 772, in salvar_csv
    dados_validos = validar_dados(data, fonte)
  File "/Users/eas/Desktop/github/emersonalmeida/emersonalmeida.github.io/project/uni/uni_v5.1.py", line 762, in validar_dados
    return DataValidator.validate_and_clean(data, fonte)
  File "/Users/eas/Desktop/github/emersonalmeida/emersonalmeida.github.io/project/uni/uni_v5.1.py", line 673, in validate_and_clean
    content_hash = hashlib.md5(json.dumps(item_limpo, sort_keys=True).encode()).hexdigest()
  File "/Library/Developer/CommandLineTools/Library/Frameworks/Python3.framework/Versions/3.9/lib/python3.9/json/__init__.py", line 234, in dumps
    return cls(
  File "/Library/Developer/CommandLineTools/Library/Frameworks/Python3.framework/Versions/3.9/lib/python3.9/json/encoder.py", line 199, in encode
    chunks = self.iterencode(o, _one_shot=True)
  File "/Library/Developer/CommandLineTools/Library/Frameworks/Python3.framework/Versions/3.9/lib/python3.9/json/encoder.py", line 257, in iterencode
    return _iterencode(o, 0)
  File "/Library/Developer/CommandLineTools/Library/Frameworks/Python3.framework/Versions/3.9/lib/python3.9/json/encoder.py", line 179, in default
    raise TypeError(f'Object of type {o.__class__.__name__} '
TypeError: Object of type datetime is not JSON serializable

2025-12-12 12:33:27,556 - UNI_v5.1.3 - ERROR - AppStore-Reviews-Google Play-br.com.tapps.catevolution: Erro ao salvar CSV reviews_app_br.com.tapps.catevolution.csv: Object of type datetime is not JSON serializable
2025-12-12 12:33:27,557 - UNI_v5.1.3 - DEBUG - Traceback (most recent call last):
  File "/Users/eas/Desktop/github/emersonalmeida/emersonalmeida.github.io/project/uni/uni_v5.1.py", line 772, in salvar_csv
    dados_validos = validar_dados(data, fonte)
  File "/Users/eas/Desktop/github/emersonalmeida/emersonalmeida.github.io/project/uni/uni_v5.1.py", line 762, in validar_dados
    return DataValidator.validate_and_clean(data, fonte)
  File "/Users/eas/Desktop/github/emersonalmeida/emersonalmeida.github.io/project/uni/uni_v5.1.py", line 673, in validate_and_clean
    content_hash = hashlib.md5(json.dumps(item_limpo, sort_keys=True).encode()).hexdigest()
  File "/Library/Developer/CommandLineTools/Library/Frameworks/Python3.framework/Versions/3.9/lib/python3.9/json/__init__.py", line 234, in dumps
    return cls(
  File "/Library/Developer/CommandLineTools/Library/Frameworks/Python3.framework/Versions/3.9/lib/python3.9/json/encoder.py", line 199, in encode
    chunks = self.iterencode(o, _one_shot=True)
  File "/Library/Developer/CommandLineTools/Library/Frameworks/Python3.framework/Versions/3.9/lib/python3.9/json/encoder.py", line 257, in iterencode
    return _iterencode(o, 0)
  File "/Library/Developer/CommandLineTools/Library/Frameworks/Python3.framework/Versions/3.9/lib/python3.9/json/encoder.py", line 179, in default
    raise TypeError(f'Object of type {o.__class__.__name__} '
TypeError: Object of type datetime is not JSON serializable

2025-12-12 12:33:27,557 - UNI_v5.1.3 - ERROR - AppStore-Reviews-Google Play-com.pazugames.mycat: Erro ao salvar CSV reviews_app_com.pazugames.mycat.csv: Object of type datetime is not JSON serializable
2025-12-12 12:33:27,557 - UNI_v5.1.3 - DEBUG - Traceback (most recent call last):
  File "/Users/eas/Desktop/github/emersonalmeida/emersonalmeida.github.io/project/uni/uni_v5.1.py", line 772, in salvar_csv
    dados_validos = validar_dados(data, fonte)
  File "/Users/eas/Desktop/github/emersonalmeida/emersonalmeida.github.io/project/uni/uni_v5.1.py", line 762, in validar_dados
    return DataValidator.validate_and_clean(data, fonte)
  File "/Users/eas/Desktop/github/emersonalmeida/emersonalmeida.github.io/project/uni/uni_v5.1.py", line 673, in validate_and_clean
    content_hash = hashlib.md5(json.dumps(item_limpo, sort_keys=True).encode()).hexdigest()
  File "/Library/Developer/CommandLineTools/Library/Frameworks/Python3.framework/Versions/3.9/lib/python3.9/json/__init__.py", line 234, in dumps
    return cls(
  File "/Library/Developer/CommandLineTools/Library/Frameworks/Python3.framework/Versions/3.9/lib/python3.9/json/encoder.py", line 199, in encode
    chunks = self.iterencode(o, _one_shot=True)
  File "/Library/Developer/CommandLineTools/Library/Frameworks/Python3.framework/Versions/3.9/lib/python3.9/json/encoder.py", line 257, in iterencode
    return _iterencode(o, 0)
  File "/Library/Developer/CommandLineTools/Library/Frameworks/Python3.framework/Versions/3.9/lib/python3.9/json/encoder.py", line 179, in default
    raise TypeError(f'Object of type {o.__class__.__name__} '
TypeError: Object of type datetime is not JSON serializable

2025-12-12 12:33:27,557 - UNI_v5.1.3 - ERROR - AppStore-Reviews-Google Play-com.gatogames.app: Erro ao salvar CSV reviews_app_com.gatogames.app.csv: Object of type datetime is not JSON serializable
2025-12-12 12:33:27,558 - UNI_v5.1.3 - DEBUG - Traceback (most recent call last):
  File "/Users/eas/Desktop/github/emersonalmeida/emersonalmeida.github.io/project/uni/uni_v5.1.py", line 772, in salvar_csv
    dados_validos = validar_dados(data, fonte)
  File "/Users/eas/Desktop/github/emersonalmeida/emersonalmeida.github.io/project/uni/uni_v5.1.py", line 762, in validar_dados
    return DataValidator.validate_and_clean(data, fonte)
  File "/Users/eas/Desktop/github/emersonalmeida/emersonalmeida.github.io/project/uni/uni_v5.1.py", line 673, in validate_and_clean
    content_hash = hashlib.md5(json.dumps(item_limpo, sort_keys=True).encode()).hexdigest()
  File "/Library/Developer/CommandLineTools/Library/Frameworks/Python3.framework/Versions/3.9/lib/python3.9/json/__init__.py", line 234, in dumps
    return cls(
  File "/Library/Developer/CommandLineTools/Library/Frameworks/Python3.framework/Versions/3.9/lib/python3.9/json/encoder.py", line 199, in encode
    chunks = self.iterencode(o, _one_shot=True)
  File "/Library/Developer/CommandLineTools/Library/Frameworks/Python3.framework/Versions/3.9/lib/python3.9/json/encoder.py", line 257, in iterencode
    return _iterencode(o, 0)
  File "/Library/Developer/CommandLineTools/Library/Frameworks/Python3.framework/Versions/3.9/lib/python3.9/json/encoder.py", line 179, in default
    raise TypeError(f'Object of type {o.__class__.__name__} '
TypeError: Object of type datetime is not JSON serializable

2025-12-12 12:33:27,558 - UNI_v5.1.3 - ERROR - AppStore-Reviews-Google Play-com.neutronized.supercattales2: Erro ao salvar CSV reviews_app_com.neutronized.supercattales2.csv: Object of type datetime is not JSON serializable
2025-12-12 12:33:27,558 - UNI_v5.1.3 - DEBUG - Traceback (most recent call last):
  File "/Users/eas/Desktop/github/emersonalmeida/emersonalmeida.github.io/project/uni/uni_v5.1.py", line 772, in salvar_csv
    dados_validos = validar_dados(data, fonte)
  File "/Users/eas/Desktop/github/emersonalmeida/emersonalmeida.github.io/project/uni/uni_v5.1.py", line 762, in validar_dados
    return DataValidator.validate_and_clean(data, fonte)
  File "/Users/eas/Desktop/github/emersonalmeida/emersonalmeida.github.io/project/uni/uni_v5.1.py", line 673, in validate_and_clean
    content_hash = hashlib.md5(json.dumps(item_limpo, sort_keys=True).encode()).hexdigest()
  File "/Library/Developer/CommandLineTools/Library/Frameworks/Python3.framework/Versions/3.9/lib/python3.9/json/__init__.py", line 234, in dumps
    return cls(
  File "/Library/Developer/CommandLineTools/Library/Frameworks/Python3.framework/Versions/3.9/lib/python3.9/json/encoder.py", line 199, in encode
    chunks = self.iterencode(o, _one_shot=True)
  File "/Library/Developer/CommandLineTools/Library/Frameworks/Python3.framework/Versions/3.9/lib/python3.9/json/encoder.py", line 257, in iterencode
    return _iterencode(o, 0)
  File "/Library/Developer/CommandLineTools/Library/Frameworks/Python3.framework/Versions/3.9/lib/python3.9/json/encoder.py", line 179, in default
    raise TypeError(f'Object of type {o.__class__.__name__} '
TypeError: Object of type datetime is not JSON serializable

2025-12-12 12:33:27,558 - UNI_v5.1.3 - ERROR - AppStore-Reviews-Google Play-com.tivola.catrescue: Erro ao salvar CSV reviews_app_com.tivola.catrescue.csv: Object of type datetime is not JSON serializable
2025-12-12 12:33:27,558 - UNI_v5.1.3 - DEBUG - Traceback (most recent call last):
  File "/Users/eas/Desktop/github/emersonalmeida/emersonalmeida.github.io/project/uni/uni_v5.1.py", line 772, in salvar_csv
    dados_validos = validar_dados(data, fonte)
  File "/Users/eas/Desktop/github/emersonalmeida/emersonalmeida.github.io/project/uni/uni_v5.1.py", line 762, in validar_dados
    return DataValidator.validate_and_clean(data, fonte)
  File "/Users/eas/Desktop/github/emersonalmeida/emersonalmeida.github.io/project/uni/uni_v5.1.py", line 673, in validate_and_clean
    content_hash = hashlib.md5(json.dumps(item_limpo, sort_keys=True).encode()).hexdigest()
  File "/Library/Developer/CommandLineTools/Library/Frameworks/Python3.framework/Versions/3.9/lib/python3.9/json/__init__.py", line 234, in dumps
    return cls(
  File "/Library/Developer/CommandLineTools/Library/Frameworks/Python3.framework/Versions/3.9/lib/python3.9/json/encoder.py", line 199, in encode
    chunks = self.iterencode(o, _one_shot=True)
  File "/Library/Developer/CommandLineTools/Library/Frameworks/Python3.framework/Versions/3.9/lib/python3.9/json/encoder.py", line 257, in iterencode
    return _iterencode(o, 0)
  File "/Library/Developer/CommandLineTools/Library/Frameworks/Python3.framework/Versions/3.9/lib/python3.9/json/encoder.py", line 179, in default
    raise TypeError(f'Object of type {o.__class__.__name__} '
TypeError: Object of type datetime is not JSON serializable

2025-12-12 12:33:27,558 - UNI_v5.1.3 - ERROR - AppStore-Reviews-Google Play-com.outfit7.talkingtom2free: Erro ao salvar CSV reviews_app_com.outfit7.talkingtom2free.csv: Object of type datetime is not JSON serializable
2025-12-12 12:33:27,559 - UNI_v5.1.3 - DEBUG - Traceback (most recent call last):
  File "/Users/eas/Desktop/github/emersonalmeida/emersonalmeida.github.io/project/uni/uni_v5.1.py", line 772, in salvar_csv
    dados_validos = validar_dados(data, fonte)
  File "/Users/eas/Desktop/github/emersonalmeida/emersonalmeida.github.io/project/uni/uni_v5.1.py", line 762, in validar_dados
    return DataValidator.validate_and_clean(data, fonte)
  File "/Users/eas/Desktop/github/emersonalmeida/emersonalmeida.github.io/project/uni/uni_v5.1.py", line 673, in validate_and_clean
    content_hash = hashlib.md5(json.dumps(item_limpo, sort_keys=True).encode()).hexdigest()
  File "/Library/Developer/CommandLineTools/Library/Frameworks/Python3.framework/Versions/3.9/lib/python3.9/json/__init__.py", line 234, in dumps
    return cls(
  File "/Library/Developer/CommandLineTools/Library/Frameworks/Python3.framework/Versions/3.9/lib/python3.9/json/encoder.py", line 199, in encode
    chunks = self.iterencode(o, _one_shot=True)
  File "/Library/Developer/CommandLineTools/Library/Frameworks/Python3.framework/Versions/3.9/lib/python3.9/json/encoder.py", line 257, in iterencode
    return _iterencode(o, 0)
  File "/Library/Developer/CommandLineTools/Library/Frameworks/Python3.framework/Versions/3.9/lib/python3.9/json/encoder.py", line 179, in default
    raise TypeError(f'Object of type {o.__class__.__name__} '
TypeError: Object of type datetime is not JSON serializable

2025-12-12 12:33:27,559 - UNI_v5.1.3 - ERROR - AppStore-Reviews-Google Play-com.ventogames.findthecat: Erro ao salvar CSV reviews_app_com.ventogames.findthecat.csv: Object of type datetime is not JSON serializable
2025-12-12 12:33:27,559 - UNI_v5.1.3 - DEBUG - Traceback (most recent call last):
  File "/Users/eas/Desktop/github/emersonalmeida/emersonalmeida.github.io/project/uni/uni_v5.1.py", line 772, in salvar_csv
    dados_validos = validar_dados(data, fonte)
  File "/Users/eas/Desktop/github/emersonalmeida/emersonalmeida.github.io/project/uni/uni_v5.1.py", line 762, in validar_dados
    return DataValidator.validate_and_clean(data, fonte)
  File "/Users/eas/Desktop/github/emersonalmeida/emersonalmeida.github.io/project/uni/uni_v5.1.py", line 673, in validate_and_clean
    content_hash = hashlib.md5(json.dumps(item_limpo, sort_keys=True).encode()).hexdigest()
  File "/Library/Developer/CommandLineTools/Library/Frameworks/Python3.framework/Versions/3.9/lib/python3.9/json/__init__.py", line 234, in dumps
    return cls(
  File "/Library/Developer/CommandLineTools/Library/Frameworks/Python3.framework/Versions/3.9/lib/python3.9/json/encoder.py", line 199, in encode
    chunks = self.iterencode(o, _one_shot=True)
  File "/Library/Developer/CommandLineTools/Library/Frameworks/Python3.framework/Versions/3.9/lib/python3.9/json/encoder.py", line 257, in iterencode
    return _iterencode(o, 0)
  File "/Library/Developer/CommandLineTools/Library/Frameworks/Python3.framework/Versions/3.9/lib/python3.9/json/encoder.py", line 179, in default
    raise TypeError(f'Object of type {o.__class__.__name__} '
TypeError: Object of type datetime is not JSON serializable

2025-12-12 12:33:27,559 - UNI_v5.1.3 - ERROR - AppStore-Reviews-Google Play-com.integragames.magiccats: Erro ao salvar CSV reviews_app_com.integragames.magiccats.csv: Object of type datetime is not JSON serializable
2025-12-12 12:33:27,559 - UNI_v5.1.3 - DEBUG - Traceback (most recent call last):
  File "/Users/eas/Desktop/github/emersonalmeida/emersonalmeida.github.io/project/uni/uni_v5.1.py", line 772, in salvar_csv
    dados_validos = validar_dados(data, fonte)
  File "/Users/eas/Desktop/github/emersonalmeida/emersonalmeida.github.io/project/uni/uni_v5.1.py", line 762, in validar_dados
    return DataValidator.validate_and_clean(data, fonte)
  File "/Users/eas/Desktop/github/emersonalmeida/emersonalmeida.github.io/project/uni/uni_v5.1.py", line 673, in validate_and_clean
    content_hash = hashlib.md5(json.dumps(item_limpo, sort_keys=True).encode()).hexdigest()
  File "/Library/Developer/CommandLineTools/Library/Frameworks/Python3.framework/Versions/3.9/lib/python3.9/json/__init__.py", line 234, in dumps
    return cls(
  File "/Library/Developer/CommandLineTools/Library/Frameworks/Python3.framework/Versions/3.9/lib/python3.9/json/encoder.py", line 199, in encode
    chunks = self.iterencode(o, _one_shot=True)
  File "/Library/Developer/CommandLineTools/Library/Frameworks/Python3.framework/Versions/3.9/lib/python3.9/json/encoder.py", line 257, in iterencode
    return _iterencode(o, 0)
  File "/Library/Developer/CommandLineTools/Library/Frameworks/Python3.framework/Versions/3.9/lib/python3.9/json/encoder.py", line 179, in default
    raise TypeError(f'Object of type {o.__class__.__name__} '
TypeError: Object of type datetime is not JSON serializable

2025-12-12 12:33:27,560 - UNI_v5.1.3 - ERROR - AppStore-Reviews-Google Play-com.mafgames.idle.cat.neko.manager.tycoon: Erro ao salvar CSV reviews_app_com.mafgames.idle.cat.neko.manager.tycoon.csv: Object of type datetime is not JSON serializable
2025-12-12 12:33:27,560 - UNI_v5.1.3 - DEBUG - Traceback (most recent call last):
  File "/Users/eas/Desktop/github/emersonalmeida/emersonalmeida.github.io/project/uni/uni_v5.1.py", line 772, in salvar_csv
    dados_validos = validar_dados(data, fonte)
  File "/Users/eas/Desktop/github/emersonalmeida/emersonalmeida.github.io/project/uni/uni_v5.1.py", line 762, in validar_dados
    return DataValidator.validate_and_clean(data, fonte)
  File "/Users/eas/Desktop/github/emersonalmeida/emersonalmeida.github.io/project/uni/uni_v5.1.py", line 673, in validate_and_clean
    content_hash = hashlib.md5(json.dumps(item_limpo, sort_keys=True).encode()).hexdigest()
  File "/Library/Developer/CommandLineTools/Library/Frameworks/Python3.framework/Versions/3.9/lib/python3.9/json/__init__.py", line 234, in dumps
    return cls(
  File "/Library/Developer/CommandLineTools/Library/Frameworks/Python3.framework/Versions/3.9/lib/python3.9/json/encoder.py", line 199, in encode
    chunks = self.iterencode(o, _one_shot=True)
  File "/Library/Developer/CommandLineTools/Library/Frameworks/Python3.framework/Versions/3.9/lib/python3.9/json/encoder.py", line 257, in iterencode
    return _iterencode(o, 0)
  File "/Library/Developer/CommandLineTools/Library/Frameworks/Python3.framework/Versions/3.9/lib/python3.9/json/encoder.py", line 179, in default
    raise TypeError(f'Object of type {o.__class__.__name__} '
TypeError: Object of type datetime is not JSON serializable

2025-12-12 12:33:27,562 - UNI_v5.1.3 - INFO - Reddit: Salvo 10 registros com 37 colunas em reddit.csv (18.7 KB)
2025-12-12 12:33:27,564 - UNI_v5.1.3 - INFO - Google News: Salvo 10 registros com 13 colunas em google_news.csv (8.7 KB)
2025-12-12 12:33:27,567 - UNI_v5.1.3 - INFO - arXiv: Salvo 20 registros com 18 colunas em arxiv.csv (46.8 KB)
2025-12-12 12:33:27,569 - UNI_v5.1.3 - INFO - Google Scholar: Salvo 20 registros com 20 colunas em google_scholar.csv (27.3 KB)
2025-12-12 12:33:27,572 - UNI_v5.1.3 - INFO - Wikipedia: Salvo 20 registros com 24 colunas em wikipedia.csv (27.5 KB)
2025-12-12 12:33:27,575 - UNI_v5.1.3 - INFO - GitHub: Salvo 20 registros com 38 colunas em github.csv (11.8 KB)
2025-12-12 12:33:27,577 - UNI_v5.1.3 - INFO - Hacker News: Salvo 20 registros com 18 colunas em hacker_news.csv (5.8 KB)
2025-12-12 12:33:27,577 - UNI_v5.1.3 - INFO - Iniciando criação da base de dados consolidada...
2025-12-12 12:33:28,177 - UNI_v5.1.3 - INFO - Base de dados consolidada salva: 9832 registros, 214 colunas, 6995.4 KB
2025-12-12 12:33:28,180 - UNI_v5.1.3 - WARNING - Não foi possível salvar Excel: No module named 'openpyxl'
2025-12-12 12:33:28,180 - UNI_v5.1.3 - WARNING - Não foi possível salvar Parquet: Unable to find a usable engine; tried using: 'pyarrow', 'fastparquet'.
A suitable version of pyarrow or fastparquet is required for parquet support.
Trying to import the above resulted in these errors:
 - Missing optional dependency 'pyarrow'. pyarrow is required for parquet support. Use pip or conda to install pyarrow.
 - Missing optional dependency 'fastparquet'. fastparquet is required for parquet support. Use pip or conda to install fastparquet.
2025-12-12 12:33:28,408 - UNI_v5.1.3 - INFO - Resumo: JSON salvo em resumo_estatistico_gato_20251212_123327.json
2025-12-12 12:33:28,560 - UNI_v5.1.3 - INFO - : JSON salvo em resultados_completos.json
2025-12-12 12:33:28,695 - UNI_v5.1.3 - INFO - Qualidade: JSON salvo em analise_qualidade.json
