2025-12-12 03:53:19,997 - UNI_v7.3 - INFO - Google Suggest: Iniciando coleta para 'bola' (limite: 15)
2025-12-12 03:53:20,419 - urllib3.connectionpool - DEBUG - Starting new HTTPS connection (1): suggestqueries.google.com:443
2025-12-12 03:53:20,825 - urllib3.connectionpool - DEBUG - https://suggestqueries.google.com:443 "GET /complete/search?q=bola&gl=br&client=chrome&hl=pt HTTP/1.1" 200 None
2025-12-12 03:53:20,829 - UNI_v7.3 - INFO - Google Suggest: Coletados 15 resultados com sucesso
2025-12-12 03:53:20,830 - UNI_v7.3 - INFO - Google Suggest: Iniciando coleta para 'bola' (limite: 15)
2025-12-12 03:53:20,939 - urllib3.connectionpool - DEBUG - https://suggestqueries.google.com:443 "GET /complete/search?q=bola&gl=br&client=chrome&hl=pt HTTP/1.1" 200 None
2025-12-12 03:53:20,942 - UNI_v7.3 - INFO - Google Suggest: Coletados 15 resultados com sucesso
2025-12-12 03:53:20,942 - UNI_v7.3 - INFO - Google Suggest: Iniciando coleta para 'bola' (limite: 15)
2025-12-12 03:53:21,091 - urllib3.connectionpool - DEBUG - https://suggestqueries.google.com:443 "GET /complete/search?q=bola&gl=br&client=chrome&hl=pt HTTP/1.1" 200 None
2025-12-12 03:53:21,092 - UNI_v7.3 - INFO - Google Suggest: Coletados 0 resultados com sucesso
2025-12-12 03:53:21,092 - UNI_v7.3 - INFO - Google Suggest: Iniciando coleta para 'bola' (limite: 15)
2025-12-12 03:53:21,205 - urllib3.connectionpool - DEBUG - https://suggestqueries.google.com:443 "GET /complete/search?q=bola&gl=br&client=chrome&hl=pt HTTP/1.1" 200 None
2025-12-12 03:53:21,207 - UNI_v7.3 - INFO - Google Suggest: Coletados 0 resultados com sucesso
2025-12-12 03:53:21,207 - UNI_v7.3 - INFO - Google Suggest: Iniciando coleta para 'bola' (limite: 15)
2025-12-12 03:53:21,315 - urllib3.connectionpool - DEBUG - https://suggestqueries.google.com:443 "GET /complete/search?q=bola&gl=br&client=chrome&hl=pt&ds=yt HTTP/1.1" 200 322
2025-12-12 03:53:21,318 - UNI_v7.3 - INFO - Google Suggest: Coletados 15 resultados com sucesso
2025-12-12 03:53:21,318 - UNI_v7.3 - INFO - Google Suggest: Iniciando coleta para 'bola' (limite: 15)
2025-12-12 03:53:21,417 - urllib3.connectionpool - DEBUG - https://suggestqueries.google.com:443 "GET /complete/search?q=bola&gl=br&client=chrome&hl=pt&ds=yt HTTP/1.1" 200 322
2025-12-12 03:53:21,418 - UNI_v7.3 - INFO - Google Suggest: Coletados 15 resultados com sucesso
2025-12-12 03:53:21,418 - UNI_v7.3 - INFO - Google Suggest: Iniciando coleta para 'bola' (limite: 15)
2025-12-12 03:53:21,523 - urllib3.connectionpool - DEBUG - https://suggestqueries.google.com:443 "GET /complete/search?q=bola&gl=br&client=chrome&hl=pt&ds=yt HTTP/1.1" 200 322
2025-12-12 03:53:21,524 - UNI_v7.3 - INFO - Google Suggest: Coletados 0 resultados com sucesso
2025-12-12 03:53:21,524 - UNI_v7.3 - INFO - Google Suggest: Iniciando coleta para 'bola' (limite: 15)
2025-12-12 03:53:21,626 - urllib3.connectionpool - DEBUG - https://suggestqueries.google.com:443 "GET /complete/search?q=bola&gl=br&client=chrome&hl=pt&ds=yt HTTP/1.1" 200 322
2025-12-12 03:53:21,627 - UNI_v7.3 - INFO - Google Suggest: Coletados 0 resultados com sucesso
2025-12-12 03:53:21,628 - UNI_v7.3 - INFO - Google: Iniciando coleta para 'bola' (limite: 20, tentativa 1/3)
2025-12-12 03:53:21,628 - UNI_v7.3 - INFO - Bing: Iniciando coleta para 'bola' (limite: 20, tentativa 1/3)
2025-12-12 03:53:21,634 - UNI_v7.3 - INFO - Brave: Iniciando coleta para 'bola' (limite: 20, tentativa 1/3)
2025-12-12 03:53:21,634 - UNI_v7.3 - INFO - DuckDuckGo: Iniciando coleta para 'bola' (limite: 20, tentativa 1/3)
2025-12-12 03:53:21,638 - urllib3.connectionpool - DEBUG - Starting new HTTPS connection (1): serpapi.com:443
2025-12-12 03:53:21,638 - urllib3.connectionpool - DEBUG - Starting new HTTPS connection (1): api.search.brave.com:443
2025-12-12 03:53:21,642 - googleapiclient.discovery_cache - INFO - file_cache is only supported with oauth2client<4.0.0
2025-12-12 03:53:21,647 - googleapiclient.discovery - DEBUG - URL being requested: GET https://customsearch.googleapis.com/customsearch/v1?q=bola&cx=f07ccd3b922d6437b&gl=br&lr=lang_pt&start=1&num=10&safe=off&key=AIzaSyBj80B2fwVvFEMtcQU8tPV_NCNaEmQvzhc&alt=json
2025-12-12 03:53:21,927 - primp.utils - DEBUG - Loaded CA certs
2025-12-12 03:53:21,929 - primp.utils - DEBUG - Loaded CA certs
2025-12-12 03:53:21,929 - primp.utils - DEBUG - Loaded CA certs
2025-12-12 03:53:21,929 - primp.utils - DEBUG - Loaded CA certs
2025-12-12 03:53:21,929 - primp.utils - DEBUG - Loaded CA certs
2025-12-12 03:53:21,929 - primp.utils - DEBUG - Loaded CA certs
2025-12-12 03:53:21,935 - primp.utils - DEBUG - Loaded CA certs
2025-12-12 03:53:21,935 - primp.utils - DEBUG - Loaded CA certs
2025-12-12 03:53:21,936 - ddgs.ddgs - INFO - Error in engine wikipedia: ValueError('not enough values to unpack (expected 2, got 1)')
2025-12-12 03:53:21,936 - ddgs.ddgs - INFO - Error in engine bing: ValueError('not enough values to unpack (expected 2, got 1)')
2025-12-12 03:53:21,936 - ddgs.ddgs - INFO - Error in engine brave: ValueError('not enough values to unpack (expected 2, got 1)')
2025-12-12 03:53:21,936 - httpcore.connection - DEBUG - connect_tcp.started host='html.duckduckgo.com' port=443 local_address=None timeout=5 socket_options=None
2025-12-12 03:53:21,937 - rquest.connect - DEBUG - starting new connection: https://search.yahoo.com/
2025-12-12 03:53:21,938 - rquest.util.client.connect.dns - DEBUG - resolving search.yahoo.com
2025-12-12 03:53:21,951 - rquest.util.client.connect.http - DEBUG - connecting to 66.218.84.137:443
2025-12-12 03:53:21,962 - httpcore.connection - DEBUG - connect_tcp.complete return_value=<httpcore._backends.sync.SyncStream object at 0x1105245b0>
2025-12-12 03:53:21,963 - httpcore.connection - DEBUG - start_tls.started ssl_context=<ssl.SSLContext object at 0x11048ec10> server_hostname='html.duckduckgo.com' timeout=5
2025-12-12 03:53:22,001 - httpcore.connection - DEBUG - start_tls.complete return_value=<httpcore._backends.sync.SyncStream object at 0x110524580>
2025-12-12 03:53:22,002 - httpcore.http2 - DEBUG - send_connection_init.started request=<Request [b'POST']>
2025-12-12 03:53:22,002 - httpcore.http2 - DEBUG - send_connection_init.complete
2025-12-12 03:53:22,002 - httpcore.http2 - DEBUG - send_request_headers.started request=<Request [b'POST']> stream_id=1
2025-12-12 03:53:22,002 - hpack.hpack - DEBUG - Adding (b':method', b'POST') to the header table, sensitive:False, huffman:True
2025-12-12 03:53:22,002 - hpack.hpack - DEBUG - Encoding 3 with 7 bits
2025-12-12 03:53:22,003 - hpack.hpack - DEBUG - Adding (b':authority', b'html.duckduckgo.com') to the header table, sensitive:False, huffman:True
2025-12-12 03:53:22,003 - hpack.hpack - DEBUG - Encoding 1 with 6 bits
2025-12-12 03:53:22,003 - hpack.hpack - DEBUG - Encoding 14 with 7 bits
2025-12-12 03:53:22,003 - hpack.hpack - DEBUG - Adding (b':scheme', b'https') to the header table, sensitive:False, huffman:True
2025-12-12 03:53:22,003 - hpack.hpack - DEBUG - Encoding 7 with 7 bits
2025-12-12 03:53:22,003 - hpack.hpack - DEBUG - Adding (b':path', b'/html/') to the header table, sensitive:False, huffman:True
2025-12-12 03:53:22,003 - hpack.hpack - DEBUG - Encoding 4 with 6 bits
2025-12-12 03:53:22,003 - hpack.hpack - DEBUG - Encoding 5 with 7 bits
2025-12-12 03:53:22,003 - hpack.hpack - DEBUG - Adding (b'accept', b'*/*') to the header table, sensitive:False, huffman:True
2025-12-12 03:53:22,003 - hpack.hpack - DEBUG - Encoding 19 with 6 bits
2025-12-12 03:53:22,003 - hpack.hpack - DEBUG - Encoding 3 with 7 bits
2025-12-12 03:53:22,003 - hpack.hpack - DEBUG - Adding (b'accept-encoding', b'gzip, deflate, br') to the header table, sensitive:False, huffman:True
2025-12-12 03:53:22,003 - hpack.hpack - DEBUG - Encoding 16 with 6 bits
2025-12-12 03:53:22,003 - hpack.hpack - DEBUG - Encoding 13 with 7 bits
2025-12-12 03:53:22,003 - hpack.hpack - DEBUG - Adding (b'user-agent', b'python-httpx/0.28.1') to the header table, sensitive:False, huffman:True
2025-12-12 03:53:22,003 - hpack.hpack - DEBUG - Encoding 58 with 6 bits
2025-12-12 03:53:22,003 - hpack.hpack - DEBUG - Encoding 14 with 7 bits
2025-12-12 03:53:22,003 - hpack.hpack - DEBUG - Adding (b'content-length', b'14') to the header table, sensitive:False, huffman:True
2025-12-12 03:53:22,003 - hpack.hpack - DEBUG - Encoding 28 with 6 bits
2025-12-12 03:53:22,003 - hpack.hpack - DEBUG - Encoding 2 with 7 bits
2025-12-12 03:53:22,003 - hpack.hpack - DEBUG - Adding (b'content-type', b'application/x-www-form-urlencoded') to the header table, sensitive:False, huffman:True
2025-12-12 03:53:22,003 - hpack.hpack - DEBUG - Encoding 31 with 6 bits
2025-12-12 03:53:22,004 - hpack.hpack - DEBUG - Encoding 24 with 7 bits
2025-12-12 03:53:22,004 - hpack.hpack - DEBUG - Encoded header block to b"\x83A\x8e\x9d4\xd0\xbc\x96\x93\xac\x96\x93\xac\xc7\\\x87\xa7\x87D\x85bt\xd3C\x1fS\x83\xf9c\xe7P\x8d\x9b\xd9\xab\xfaRB\xcb@\xd2_\xa5#\xb3z\x8e\xaf\xd2g=KN\x94\xd7\xe5\x80.'\x97\x0f\\\x82\x0b__\x98\x1du\xd0b\r&=Ly[\xc7\x8f\x0bJ{)Z\xdb(-D<\x85\x93"
2025-12-12 03:53:22,004 - httpcore.http2 - DEBUG - send_request_headers.complete
2025-12-12 03:53:22,004 - httpcore.http2 - DEBUG - send_request_body.started request=<Request [b'POST']> stream_id=1
2025-12-12 03:53:22,004 - httpcore.http2 - DEBUG - send_request_body.complete
2025-12-12 03:53:22,004 - httpcore.http2 - DEBUG - receive_response_headers.started request=<Request [b'POST']> stream_id=1
2025-12-12 03:53:22,004 - httpcore.http2 - DEBUG - receive_remote_settings.started
2025-12-12 03:53:22,004 - httpcore.http2 - DEBUG - receive_remote_settings.complete return_value=<RemoteSettingsChanged changed_settings:{ChangedSetting(setting=SettingCodes.MAX_CONCURRENT_STREAMS, original_value=None, new_value=100), ChangedSetting(setting=SettingCodes.INITIAL_WINDOW_SIZE, original_value=65535, new_value=65536), ChangedSetting(setting=SettingCodes.MAX_FRAME_SIZE, original_value=16384, new_value=16777215)}>
2025-12-12 03:53:22,043 - hpack.hpack - DEBUG - Decoding b' H\x03202v\x84\xaacU\xe7a\x96\xc3a\xbe\x94\x08\x94\xbeR( \t\xb5\x00\xe5\xc6\xd9\xb8!)\x8bF\xff_\x92I|\xa5\x89\xd3M\x1fj\x12q\xd8\x82\xa6\x0e\x1b\xf0\xac\xf7\x00\x8aAl\xee[\x16I\xa95S\x7f\x9eI\xd2:>\xe4\xb6\xc8\x02\xff\xdc\x85A \xfen\x8c\x9dKT\x8ao:GB\x9f\xfb\xab\xff\x9f\xcf\x00\x04vary\x85\xd5a\xa65_\x00\x91Bl1\x12\xb2l\x1dH\xac\xf6%d\x14\x96\xd8d\xfa\x8c\xa4~V\x1c\xc5\x81\x90\xb6\xcb\x80\x00?\x00\x89\xf2\xb5\x87\x8c\xe9B\xc9\x1c\xdf\x85\xa8\xe6\xaaB\xf9\x00\x8d\xac\xb6Rd \xc7\xa9\x0bVz\x0cO_\x8e5I-\x85BV!\xe7=\x89\x83\xfa\xfe\xff\x00\x90!\xeaIjJ\xc8)-\xb0\xc9\xf4\xb5g\xa0\xc4\xf5\xff\xe4\t\x90\xb2\x8e\xda\x12\xb2,"\x9f\xea\xa3\xd4_\xf4\xa7\xda\x84=U\x14\x89Y\x16\x11E\'JkE\xc6\x18\x92\xd2u\\fRt\xa6\xb4\\a\x8f\x95\xe4\xb4\x9dW\x19\x94\x9d)\xad\x17\x18bKI\xd6KI\xd6c\xaeC\xd2\xa4\xe9Mh\xb8\xc3\x1f+\xc9i:\xc9i:\xccu\xc8zT\x9d)\xad\x17\x18bKI\xd6KI\xd6c\xcd3B\xf3\xd0\xe4t^YGA\xa0\xfe\x0e;%\x8ebS\xdeSR9R\x97\x13\xe0s#\xc7\xb2{\x1c\x8b\x9e\xa3\x1e\xa6\x14\x9d)\xad\x17\x18a\x15\xd8Q\xc9]\x86\xee2z\\\x87\xa5O\xb5)\x1dF\x94\xa8J\xc8\xb0\x8a):SZ.0\xc4\x96\x93\xaa\xe32\x93\xa55\xa2\xe3\x0c|\xaf%\xa4\xea\xb8\xcc\xa4\xe9Mh\xb8\xc3\x12ZN\xb2ZN\xb3\x1dr\x1e\x95\'JkE\xc6\x18\xf9^KI\xd6KI\xd6c\xaeC\xd2\xa4\xe9Mh\xb8\xc3\x12ZN\xb2ZN\xb3\x1ei\x9a\x17\x9e\x87#\xa2\xf2\xca:\r\x07\xf0q\xd9,s\x12\x9e\xf2\x9a\x91\xca\x94\xb8\x9f\x03\x99\x1e=\x93\xd8\xe4\\\xf5\x18\xf50\xa4\xe9Mh\xb8\xc3\x08\xae\xc2\x8eJ\xec7q\x93\xd2\xe4=*}\xa9Id0\xd6E\x84QI\xd2\x9a\xd1q\x86$\xb4\x9dW\x19\x94\x9d)\xad\x17\x18c\xe5y-\'U\xc6e\'JkE\xc6\x18\x92\xd2u\x92\xd2u\x98\xeb\x90\xf4\xa9:SZ.0\xc7\xca\xf2ZN\xb2ZN\xb3\x1dr\x1e\x95\'JkE\xc6\x18\x92\xd2u\x92\xd2u\x98\xf3L\xd0\xbc\xf49\x1d\x17\x96Q\xd0h?\x83\x8e\xc9c\x98\x94\xf7\x94\xd4\x8eT\xa5\xc4\xf8\x1c\xc8\xf1\xec\x9e\xc7"\xe7\xa8\xc7\xa9\x85\'JkE\xc6\x18Ev\x14rWa\xbb\x8c\x9e\x97!\xe9S\xedD\x12\xc3V\x95\x91a\x14\x8e\x83\xc7qE\'JkE\xc6\x18\x92\xd2u\\fRt\xa6\xb4\\a\x8f\x95\xe4\xb4\x9dW\x19\x94\x9d)\xad\x17\x18bKI\xd6KI\xd6c\xaeC\xd2\xa4\xe9Mh\xb8\xc3\x1f+\xc9i:\xc9i:\xccu\xc8zT\x9d)\xad\x17\x18bKI\xd6KI\xd6c\xcd3B\xf3\xd0\xe4t^YGA\xa0\xfe\x0e;%\x8ebS\xdeSR9R\x97\x13\xe0s#\xc7\xb2{\x1c\x8b\x9e\xa3\x1e\xa6\x14\x9d)\xad\x17\x18a\x15\xd8Q\xc9]\x86\xee2z\\\x87\xa5O\xb5%=IY\x16\x11I\x06\x91\xdcQI\xd2\x9a\xd1q\x86$\xb4\x9dW\x19\x94\x9d)\xad\x17\x18c\xe5y-\'U\xc6e\'JkE\xc6\x18\x92\xd2u\x92\xd2u\x98\xeb\x90\xf4\xa9:SZ.0\xc7\xca\xf2ZN\xb2ZN\xb3\x1dr\x1e\x95\'JkE\xc6\x18\x92\xd2u\x92\xd2u\x98\xf3L\xd0\xbc\xf49\x1d\x17\x96Q\xd0h?\x83\x8e\xc9c\x98\x94\xf7\x94\xd4\x8eT\xa5\xc4\xf8\x1c\xc8\xf1\xec\x9e\xc7"\xe7\xa8\xc7\xa9\x85\'JkE\xc6\x18Ev\x14rWa\xbb\x8c\x9e\x97!\xe9S\xedCS2\xc8\xb0\x8aH4\x8e\xe2\x8aN\x94\xd6\x8b\x8c1%\xa4\xea\xb8\xcc\xa4\xe9Mh\xb8\xc3\x1f+\xc9i:\xae3):SZ.0\xc4\x96\x93\xac\x96\x93\xac\xc7\\\x87\xa5I\xd2\x9a\xd1q\x86>W\x92\xd2u\x92\xd2u\x98\xeb\x90\xf4\xa9:SZ.0\xc4\x96\x93\xac\x96\x93\xac\xc7\x9af\x85\xe7\xa1\xc8\xe8\xbc\xb2\x8e\x83A\xfc\x1cvK\x1c\xc4\xa7\xbc\xa6\xa4r\xa5.\'\xc0\xe6G\x8fd\xf69\x17=F=L):SZ.0\xc2+\xb0\xa3\x92\xbb\r\xdcd\xf4\xb9\x0fJ\x9fj!>\xa8*\xc8\xb0\x8a):SZ.0\xc4\x96\x93\xaa\xe32\x93\xa55\xa2\xe3\x0c|\xaf%\xa4\xea\xb8\xcc\xa4\xe9Mh\xb8\xc3\x12ZN\xb2ZN\xb3\x1dr\x1e\x95\'JkE\xc6\x18\xf9^KI\xd6KI\xd6c\xaeC\xd2\xa4\xe9Mh\xb8\xc3\x12ZN\xb2ZN\xb3\x1ei\x9a\x17\x9e\x87#\xa2\xf2\xca:\r\x07\xf0q\xd9,s\x12\x9e\xf2\x9a\x91\xca\x94\xb8\x9f\x03\x99\x1e=\x93\xd8\xe4\\\xf5\x18\xf50\xa4\xe9Mh\xb8\xc3\x08\xae\xc2\x8eJ\xec7q\x93\xd2\xe4=*}\xa8x\xfa\x14\x89Y\x16\x11O\xf5Q\xea/\xfaS\xedO\x07\xb3\xa9lY\x16\x11H\xe8<w\x14\xfbP\x93\x9a\x89\x16E\x84R:\x0f\x1d\xc5\x14\x9d)\xad\x17\x18bKI\xd5q\x99I\xd2\x9a\xd1q\x86>W\x92\xd2u\\fRt\xa6\xb4\\a\x89-\'Y-\'Y\x8e\xb9\x0fJ\x93\xa55\xa2\xe3\x0c|\xaf%\xa4\xeb%\xa4\xeb1\xd7!\xe9Rt\xa6\xb4\\a\x89-\'Y-\'Y\x8f4\xcd\x0b\xcfC\x91\xd1ye\x1d\x06\x83\xf88\xec\x969\x89OyMH\xe5J\\O\x81\xcc\x8f\x1e\xc9\xecr.z\x8cz\x98Rt\xa6\xb4\\a\x84WaG%v\x1b\xb8\xc9\xe9r\x1e\x95>\xd4\x96\xc1\xd2U\x91a\x14\x8e\x83\xc7qE\'JkE\xc6\x18\x92\xd2u\\fRt\xa6\xb4\\a\x8f\x95\xe4\xb4\x9dW\x19\x94\x9d)\xad\x17\x18bKI\xd6KI\xd6c\xaeC\xd2\xa4\xe9Mh\xb8\xc3\x1f+\xc9i:\xc9i:\xccu\xc8zT\x9d)\xad\x17\x18bKI\xd6KI\xd6c\xcd3B\xf3\xd0\xe4t^YGA\xa0\xfe\x0e;%\x8ebS\xdeSR9R\x97\x13\xe0s#\xc7\xb2{\x1c\x8b\x9e\xa3\x1e\xa6\x14\x9d)\xad\x17\x18a\x15\xd8Q\xc9]\x86\xee2z\\\x87\xa5O\xb5%\xb0t\x95a\xd4B\xa1\'\xb1\n\x7f\xa4\x16\x89\x7f\xd2\x9fjF4\x15kl2\x9f\xe9\x05\xa2_\xf4\xa7\xda\x91\xd0ruXtP\xb5&\xf2Y\x16!\xeaIjJ\x9f\x7f\x00\x8b\xf2\xb4\xb6\x0e\x92\xacz\xd2c\xd4\x8f\x89\xdd\x0e\x8c\x1a\xb6\xe4\xc5\x93O\x00\x8c\xf2\xb7\x94!j\xec:JD\x98\xf5\x7f\x89\x0f\xdd\'\x90\xb0GA\xc9\xd7\x00\x90\xf2\xb1\x0fRKRVO\xaa\xca\xb1\xebI\x8fR?\x85\xa8\xe8\xa8\xd2\xcb\x00\x8b\xb0\xb2\x96\xcb\x0bb\xd5\x9e\x83\x13\xd7\x85=\x86\x98\xd5\x7f\x00\x87/\x9a\xcaD\xacD\xff\x87\xa4~V\x1c\xc5\x80\x1f'
2025-12-12 03:53:22,043 - hpack.hpack - DEBUG - Decoded 0, consumed 1 bytes
2025-12-12 03:53:22,043 - hpack.table - DEBUG - Resizing header table to 0 from 4096
2025-12-12 03:53:22,043 - hpack.hpack - DEBUG - Decoded 8, consumed 1 bytes
2025-12-12 03:53:22,043 - hpack.hpack - DEBUG - Decoded 3, consumed 1 bytes
2025-12-12 03:53:22,043 - hpack.hpack - DEBUG - Decoded (b':status', <memory at 0x110510340>), total consumed 5 bytes, indexed True
2025-12-12 03:53:22,043 - hpack.hpack - DEBUG - Decoded 54, consumed 1 bytes
2025-12-12 03:53:22,043 - hpack.hpack - DEBUG - Decoded 4, consumed 1 bytes
2025-12-12 03:53:22,043 - hpack.hpack - DEBUG - Decoded (b'server', b'nginx'), total consumed 6 bytes, indexed True
2025-12-12 03:53:22,043 - hpack.hpack - DEBUG - Decoded 33, consumed 1 bytes
2025-12-12 03:53:22,044 - hpack.hpack - DEBUG - Decoded 22, consumed 1 bytes
2025-12-12 03:53:22,044 - hpack.hpack - DEBUG - Decoded (b'date', b'Fri, 12 Dec 2025 06:53:22 GMT'), total consumed 24 bytes, indexed True
2025-12-12 03:53:22,044 - hpack.hpack - DEBUG - Decoded 31, consumed 1 bytes
2025-12-12 03:53:22,044 - hpack.hpack - DEBUG - Decoded 18, consumed 1 bytes
2025-12-12 03:53:22,044 - hpack.hpack - DEBUG - Decoded (b'content-type', b'text/html; charset=UTF-8'), total consumed 20 bytes, indexed True
2025-12-12 03:53:22,044 - hpack.hpack - DEBUG - Decoded 10, consumed 1 bytes
2025-12-12 03:53:22,044 - hpack.hpack - DEBUG - Decoded 30, consumed 1 bytes
2025-12-12 03:53:22,044 - hpack.hpack - DEBUG - Decoded (b'server-timing', b'total;dur=19;desc="Backend Total [n]"'), total consumed 43 bytes, indexed False
2025-12-12 03:53:22,044 - hpack.hpack - DEBUG - Decoded 4, consumed 1 bytes
2025-12-12 03:53:22,044 - hpack.hpack - DEBUG - Decoded 5, consumed 1 bytes
2025-12-12 03:53:22,044 - hpack.hpack - DEBUG - Decoded (<memory at 0x1105101c0>, b'Origin'), total consumed 12 bytes, indexed False
2025-12-12 03:53:22,044 - hpack.hpack - DEBUG - Decoded 17, consumed 1 bytes
2025-12-12 03:53:22,044 - hpack.hpack - DEBUG - Decoded 12, consumed 1 bytes
2025-12-12 03:53:22,044 - hpack.hpack - DEBUG - Decoded (b'strict-transport-security', b'max-age=31536000'), total consumed 32 bytes, indexed False
2025-12-12 03:53:22,044 - hpack.hpack - DEBUG - Decoded 9, consumed 1 bytes
2025-12-12 03:53:22,044 - hpack.hpack - DEBUG - Decoded 5, consumed 1 bytes
2025-12-12 03:53:22,044 - hpack.hpack - DEBUG - Decoded (b'x-robots-tag', b'noindex'), total consumed 17 bytes, indexed False
2025-12-12 03:53:22,044 - hpack.hpack - DEBUG - Decoded 13, consumed 1 bytes
2025-12-12 03:53:22,044 - hpack.hpack - DEBUG - Decoded 14, consumed 1 bytes
2025-12-12 03:53:22,044 - hpack.hpack - DEBUG - Decoded (b'permissions-policy', b'interest-cohort=()'), total consumed 30 bytes, indexed False
2025-12-12 03:53:22,044 - hpack.hpack - DEBUG - Decoded 16, consumed 1 bytes
2025-12-12 03:53:22,044 - hpack.hpack - DEBUG - Decoded 1379, consumed 3 bytes
2025-12-12 03:53:22,045 - hpack.hpack - DEBUG - Decoded (b'content-security-policy', b"default-src 'none' ; connect-src  https://duck.ai https://*.duck.ai https://duckduckgo.com https://*.duckduckgo.com https://duckduckgogg42xjoc72x3sjasowoarfbgcmvfimaftt6twagswzczad.onion/ https://spreadprivacy.com ; manifest-src  https://duck.ai https://*.duck.ai https://duckduckgo.com https://*.duckduckgo.com https://duckduckgogg42xjoc72x3sjasowoarfbgcmvfimaftt6twagswzczad.onion/ https://spreadprivacy.com ; media-src  https://duck.ai https://*.duck.ai https://duckduckgo.com https://*.duckduckgo.com https://duckduckgogg42xjoc72x3sjasowoarfbgcmvfimaftt6twagswzczad.onion/ https://spreadprivacy.com ; script-src blob:  https://duck.ai https://*.duck.ai https://duckduckgo.com https://*.duckduckgo.com https://duckduckgogg42xjoc72x3sjasowoarfbgcmvfimaftt6twagswzczad.onion/ https://spreadprivacy.com ; font-src data:  https://duck.ai https://*.duck.ai https://duckduckgo.com https://*.duckduckgo.com https://duckduckgogg42xjoc72x3sjasowoarfbgcmvfimaftt6twagswzczad.onion/ https://spreadprivacy.com ; img-src data:  https://duck.ai https://*.duck.ai https://duckduckgo.com https://*.duckduckgo.com https://duckduckgogg42xjoc72x3sjasowoarfbgcmvfimaftt6twagswzczad.onion/ https://spreadprivacy.com ; style-src  https://duck.ai https://*.duck.ai https://duckduckgo.com https://*.duckduckgo.com https://duckduckgogg42xjoc72x3sjasowoarfbgcmvfimaftt6twagswzczad.onion/ https://spreadprivacy.com ; object-src 'none' ; worker-src blob: ; child-src blob:  https://duck.ai https://*.duck.ai https://duckduckgo.com https://*.duckduckgo.com https://duckduckgogg42xjoc72x3sjasowoarfbgcmvfimaftt6twagswzczad.onion/ https://spreadprivacy.com ; frame-src blob:  https://duck.ai https://*.duck.ai https://duckduckgo.com https://*.duckduckgo.com https://duckduckgogg42xjoc72x3sjasowoarfbgcmvfimaftt6twagswzczad.onion/ https://spreadprivacy.com ; frame-ancestors 'self' ; base-uri 'self' ; block-all-mixed-content ;"), total consumed 1400 bytes, indexed False
2025-12-12 03:53:22,045 - hpack.hpack - DEBUG - Decoded 11, consumed 1 bytes
2025-12-12 03:53:22,045 - hpack.hpack - DEBUG - Decoded 9, consumed 1 bytes
2025-12-12 03:53:22,045 - hpack.hpack - DEBUG - Decoded (b'x-frame-options', b'SAMEORIGIN'), total consumed 23 bytes, indexed False
2025-12-12 03:53:22,045 - hpack.hpack - DEBUG - Decoded 12, consumed 1 bytes
2025-12-12 03:53:22,045 - hpack.hpack - DEBUG - Decoded 9, consumed 1 bytes
2025-12-12 03:53:22,045 - hpack.hpack - DEBUG - Decoded (b'x-xss-protection', b'1;mode=block'), total consumed 24 bytes, indexed False
2025-12-12 03:53:22,045 - hpack.hpack - DEBUG - Decoded 16, consumed 1 bytes
2025-12-12 03:53:22,045 - hpack.hpack - DEBUG - Decoded 5, consumed 1 bytes
2025-12-12 03:53:22,045 - hpack.hpack - DEBUG - Decoded (b'x-content-type-options', b'nosniff'), total consumed 24 bytes, indexed False
2025-12-12 03:53:22,045 - hpack.hpack - DEBUG - Decoded 11, consumed 1 bytes
2025-12-12 03:53:22,045 - hpack.hpack - DEBUG - Decoded 5, consumed 1 bytes
2025-12-12 03:53:22,045 - hpack.hpack - DEBUG - Decoded (b'referrer-policy', b'origin'), total consumed 19 bytes, indexed False
2025-12-12 03:53:22,045 - hpack.hpack - DEBUG - Decoded 7, consumed 1 bytes
2025-12-12 03:53:22,045 - hpack.hpack - DEBUG - Decoded 7, consumed 1 bytes
2025-12-12 03:53:22,045 - hpack.hpack - DEBUG - Decoded (b'expect-ct', b'max-age=0'), total consumed 17 bytes, indexed False
2025-12-12 03:53:22,046 - httpcore.http2 - DEBUG - receive_response_headers.complete return_value=(202, [(b'server', b'nginx'), (b'date', b'Fri, 12 Dec 2025 06:53:22 GMT'), (b'content-type', b'text/html; charset=UTF-8'), (b'server-timing', b'total;dur=19;desc="Backend Total [n]"'), (b'vary', b'Origin'), (b'strict-transport-security', b'max-age=31536000'), (b'x-robots-tag', b'noindex'), (b'permissions-policy', b'interest-cohort=()'), (b'content-security-policy', b"default-src 'none' ; connect-src  https://duck.ai https://*.duck.ai https://duckduckgo.com https://*.duckduckgo.com https://duckduckgogg42xjoc72x3sjasowoarfbgcmvfimaftt6twagswzczad.onion/ https://spreadprivacy.com ; manifest-src  https://duck.ai https://*.duck.ai https://duckduckgo.com https://*.duckduckgo.com https://duckduckgogg42xjoc72x3sjasowoarfbgcmvfimaftt6twagswzczad.onion/ https://spreadprivacy.com ; media-src  https://duck.ai https://*.duck.ai https://duckduckgo.com https://*.duckduckgo.com https://duckduckgogg42xjoc72x3sjasowoarfbgcmvfimaftt6twagswzczad.onion/ https://spreadprivacy.com ; script-src blob:  https://duck.ai https://*.duck.ai https://duckduckgo.com https://*.duckduckgo.com https://duckduckgogg42xjoc72x3sjasowoarfbgcmvfimaftt6twagswzczad.onion/ https://spreadprivacy.com ; font-src data:  https://duck.ai https://*.duck.ai https://duckduckgo.com https://*.duckduckgo.com https://duckduckgogg42xjoc72x3sjasowoarfbgcmvfimaftt6twagswzczad.onion/ https://spreadprivacy.com ; img-src data:  https://duck.ai https://*.duck.ai https://duckduckgo.com https://*.duckduckgo.com https://duckduckgogg42xjoc72x3sjasowoarfbgcmvfimaftt6twagswzczad.onion/ https://spreadprivacy.com ; style-src  https://duck.ai https://*.duck.ai https://duckduckgo.com https://*.duckduckgo.com https://duckduckgogg42xjoc72x3sjasowoarfbgcmvfimaftt6twagswzczad.onion/ https://spreadprivacy.com ; object-src 'none' ; worker-src blob: ; child-src blob:  https://duck.ai https://*.duck.ai https://duckduckgo.com https://*.duckduckgo.com https://duckduckgogg42xjoc72x3sjasowoarfbgcmvfimaftt6twagswzczad.onion/ https://spreadprivacy.com ; frame-src blob:  https://duck.ai https://*.duck.ai https://duckduckgo.com https://*.duckduckgo.com https://duckduckgogg42xjoc72x3sjasowoarfbgcmvfimaftt6twagswzczad.onion/ https://spreadprivacy.com ; frame-ancestors 'self' ; base-uri 'self' ; block-all-mixed-content ;"), (b'x-frame-options', b'SAMEORIGIN'), (b'x-xss-protection', b'1;mode=block'), (b'x-content-type-options', b'nosniff'), (b'referrer-policy', b'origin'), (b'expect-ct', b'max-age=0')])
2025-12-12 03:53:22,046 - httpx - INFO - HTTP Request: POST https://html.duckduckgo.com/html/ "HTTP/2 202 Accepted"
2025-12-12 03:53:22,046 - httpcore.http2 - DEBUG - receive_response_body.started request=<Request [b'POST']> stream_id=1
2025-12-12 03:53:22,047 - UNI_v7.3 - WARNING - Google: Tentativa 1 falhou (HTTP 429): <HttpError 429 when requesting https://customsearch.googleapis.com/customsearch/v1?q=bola&cx=f07ccd3
2025-12-12 03:53:22,058 - httpcore.http2 - DEBUG - receive_response_body.complete
2025-12-12 03:53:22,059 - httpcore.http2 - DEBUG - response_closed.started stream_id=1
2025-12-12 03:53:22,059 - httpcore.http2 - DEBUG - response_closed.complete
2025-12-12 03:53:22,130 - rquest.util.client.connect.http - DEBUG - connected to 66.218.84.137:443
2025-12-12 03:53:22,315 - rquest.util.client.pool - DEBUG - pooling idle connection for PoolKey { uri: https://search.yahoo.com/, alpn_protos: None, network: default }
2025-12-12 03:53:22,748 - urllib3.connectionpool - DEBUG - https://api.search.brave.com:443 "GET /res/v1/web/search?q=bola&count=20&offset=0&country=br&safesearch=off HTTP/1.1" 200 None
2025-12-12 03:53:22,750 - UNI_v7.3 - INFO - Brave: Coletados 19 resultados com sucesso
2025-12-12 03:53:22,886 - cookie_store.cookie_store - DEBUG - inserting secure cookie 'lkl'
2025-12-12 03:53:22,886 - cookie_store.cookie_store - DEBUG - inserting secure cookie 'A1'
2025-12-12 03:53:22,886 - cookie_store.cookie_store - DEBUG - inserting secure cookie 'A3'
2025-12-12 03:53:22,886 - cookie_store.cookie_store - DEBUG - inserting secure cookie 'A1S'
2025-12-12 03:53:22,886 - cookie_store.cookie_store - DEBUG - inserting secure cookie 'dflow'
2025-12-12 03:53:22,886 - primp - INFO - response: https://search.yahoo.com/search;_ylt=ErPjIA2mNpT1d_JQVaIlpsRK;_ylu=Ubdax5ADMlNpvNKG25uj2y7ZJ7VF_90VQc7Pn7VZpc2nWbo?p=bola 200
2025-12-12 03:53:23,640 - ddgs.ddgs - INFO - Error in engine mojeek: ValueError('not enough values to unpack (expected 2, got 1)')
2025-12-12 03:53:23,668 - rquest.connect - DEBUG - starting new connection: https://yandex.com/
2025-12-12 03:53:23,680 - rquest.util.client.connect.dns - DEBUG - resolving yandex.com
2025-12-12 03:53:23,711 - rquest.util.client.connect.http - DEBUG - connecting to 77.88.44.55:443
2025-12-12 03:53:24,008 - rquest.util.client.connect.http - DEBUG - connected to 77.88.44.55:443
2025-12-12 03:53:24,049 - UNI_v7.3 - INFO - Google: Iniciando coleta para 'bola' (limite: 20, tentativa 2/3)
2025-12-12 03:53:24,059 - googleapiclient.discovery_cache - INFO - file_cache is only supported with oauth2client<4.0.0
2025-12-12 03:53:24,070 - googleapiclient.discovery - DEBUG - URL being requested: GET https://customsearch.googleapis.com/customsearch/v1?q=bola&cx=f07ccd3b922d6437b&gl=br&lr=lang_pt&start=1&num=10&safe=off&key=AIzaSyBj80B2fwVvFEMtcQU8tPV_NCNaEmQvzhc&alt=json
2025-12-12 03:53:24,257 - UNI_v7.3 - WARNING - Google: Tentativa 2 falhou (HTTP 429): <HttpError 429 when requesting https://customsearch.googleapis.com/customsearch/v1?q=bola&cx=f07ccd3
2025-12-12 03:53:24,295 - rquest.util.client.pool - DEBUG - pooling idle connection for PoolKey { uri: https://yandex.com/, alpn_protos: None, network: default }
2025-12-12 03:53:25,194 - cookie_store.cookie_store - DEBUG - inserting Set-Cookie 'Cookie { cookie_string: Some("is_gdpr=0; Path=/; Domain=.yandex.com; Expires=Sun, 12 Dec 2027 06:53:25 GMT"), name: Indexed(0, 7), value: Indexed(8, 9), expires: Some(DateTime(2027-12-12 6:53:25.0 +00:00:00)), max_age: None, domain: Some(Indexed(26, 37)), path: Some(Indexed(16, 17)), secure: None, http_only: None, same_site: None, partitioned: None }'
2025-12-12 03:53:25,195 - cookie_store.cookie_store - DEBUG - inserting Set-Cookie 'Cookie { cookie_string: Some("is_gdpr_b=CJ2AOhCJ6AIoAg==; Path=/; Domain=.yandex.com; Expires=Sun, 12 Dec 2027 06:53:25 GMT"), name: Indexed(0, 9), value: Indexed(10, 26), expires: Some(DateTime(2027-12-12 6:53:25.0 +00:00:00)), max_age: None, domain: Some(Indexed(43, 54)), path: Some(Indexed(33, 34)), secure: None, http_only: None, same_site: None, partitioned: None }'
2025-12-12 03:53:25,195 - cookie_store.cookie_store - DEBUG - inserting secure cookie '_yasc'
2025-12-12 03:53:25,195 - cookie_store.cookie_store - DEBUG - inserting secure cookie 'i'
2025-12-12 03:53:25,195 - cookie_store.cookie_store - DEBUG - inserting secure cookie 'yandexuid'
2025-12-12 03:53:25,195 - cookie_store.cookie_store - DEBUG - inserting secure cookie 'yashr'
2025-12-12 03:53:25,195 - cookie_store.cookie_store - DEBUG - inserting Set-Cookie 'Cookie { cookie_string: Some("bh=YOX37skGaiHcytG2Abvxn6sE+taGzAjS0ZmQB/y5r/8H3/2z/QimngI=; Path=/; Domain=.yandex.com; Expires=Sat, 16 Jan 2027 06:53:25 GMT"), name: Indexed(0, 2), value: Indexed(3, 59), expires: Some(DateTime(2027-01-16 6:53:25.0 +00:00:00)), max_age: None, domain: Some(Indexed(76, 87)), path: Some(Indexed(66, 67)), secure: None, http_only: None, same_site: None, partitioned: None }'
2025-12-12 03:53:25,195 - primp - INFO - response: https://yandex.com/search/site/?text=bola&web=1&searchid=9884627 200
2025-12-12 03:53:25,250 - ddgs.ddgs - INFO - Error in engine mullvad_google: ValueError('not enough values to unpack (expected 2, got 1)')
2025-12-12 03:53:25,251 - ddgs.ddgs - INFO - Error in engine mullvad_brave: ValueError('not enough values to unpack (expected 2, got 1)')
2025-12-12 03:53:25,252 - UNI_v7.3 - INFO - DuckDuckGo: Coletados 17 resultados com sucesso
2025-12-12 03:53:26,262 - UNI_v7.3 - INFO - Google: Iniciando coleta para 'bola' (limite: 20, tentativa 3/3)
2025-12-12 03:53:26,267 - googleapiclient.discovery_cache - INFO - file_cache is only supported with oauth2client<4.0.0
2025-12-12 03:53:26,272 - googleapiclient.discovery - DEBUG - URL being requested: GET https://customsearch.googleapis.com/customsearch/v1?q=bola&cx=f07ccd3b922d6437b&gl=br&lr=lang_pt&start=1&num=10&safe=off&key=AIzaSyBj80B2fwVvFEMtcQU8tPV_NCNaEmQvzhc&alt=json
2025-12-12 03:53:26,594 - UNI_v7.3 - WARNING - Google: Tentativa 3 falhou (HTTP 429): <HttpError 429 when requesting https://customsearch.googleapis.com/customsearch/v1?q=bola&cx=f07ccd3
2025-12-12 03:53:26,594 - UNI_v7.3 - ERROR - Google: Todas as tentativas falharam
2025-12-12 03:53:33,105 - urllib3.connectionpool - DEBUG - https://serpapi.com:443 "GET /search?engine=bing&q=bola&cc=br&count=20&api_key=e71430bcff8bdc906f7a5ed9ae1538355c2efb0fb88ffa071f7125a76cc2b142&safe=off HTTP/1.1" 200 None
2025-12-12 03:53:33,108 - UNI_v7.3 - INFO - Bing: Coletados 7 resultados com sucesso
2025-12-12 03:53:33,109 - UNI_v7.3 - INFO - YouTube: Iniciando coleta para 'bola' (limite: 20)
2025-12-12 03:53:33,112 - googleapiclient.discovery_cache - INFO - file_cache is only supported with oauth2client<4.0.0
2025-12-12 03:53:33,121 - googleapiclient.discovery - DEBUG - URL being requested: GET https://youtube.googleapis.com/youtube/v3/search?part=snippet&q=bola&type=video&maxResults=20&order=relevance&regionCode=BR&relevanceLanguage=pt&key=AIzaSyBj80B2fwVvFEMtcQU8tPV_NCNaEmQvzhc&alt=json
2025-12-12 03:53:33,564 - googleapiclient.discovery - DEBUG - URL being requested: GET https://youtube.googleapis.com/youtube/v3/videos?part=statistics%2CcontentDetails%2Csnippet%2Cstatus&id=tyerFps5ma8%2Cz4M1380R_hw%2CmwCyQl6ht1s%2C8_op8UdfNJ0%2C0sD735al6PA%2CFJ7OraXAwF0%2Cw4InxHlzP6w%2CKIipIQpJ7uQ%2CZMnL4tcXRVc%2CH4VDnVJsIqI%2CghAuHy7_XzE%2CdEg99k5BloM%2CHWoBO9eAa-A%2C1OSYr1IbbOM%2CEqMOWZ--fi0%2CRIRTx3hYepw%2CRvUwAgd3LJI%2CX-3IRe1X_L8%2Ct3QXQcnId10%2Ceb84JSW37HM&key=AIzaSyBj80B2fwVvFEMtcQU8tPV_NCNaEmQvzhc&alt=json
2025-12-12 03:53:33,907 - UNI_v7.3 - INFO - YouTube: Coletados 20 resultados com sucesso
2025-12-12 03:53:33,907 - UNI_v7.3 - ERROR - Erro ao coletar YouTube: name 'coletar_comentarios_youtube' is not defined
2025-12-12 03:53:33,913 - UNI_v7.3 - DEBUG - Traceback (most recent call last):
  File "/Users/eas/Desktop/github/emersonalmeida/emersonalmeida.github.io/project/uni/uni_v7.py", line 3806, in modo_personalizado
    comentarios = coletar_comentarios_youtube(
NameError: name 'coletar_comentarios_youtube' is not defined

2025-12-12 03:53:33,913 - UNI_v7.3 - INFO - YouTube: Iniciando coleta para 'bola' (limite: 20)
2025-12-12 03:53:33,915 - googleapiclient.discovery_cache - INFO - file_cache is only supported with oauth2client<4.0.0
2025-12-12 03:53:33,921 - googleapiclient.discovery - DEBUG - URL being requested: GET https://youtube.googleapis.com/youtube/v3/search?part=snippet&q=bola&type=video&maxResults=20&order=date&regionCode=BR&relevanceLanguage=pt&key=AIzaSyBj80B2fwVvFEMtcQU8tPV_NCNaEmQvzhc&alt=json
2025-12-12 03:53:34,349 - googleapiclient.discovery - DEBUG - URL being requested: GET https://youtube.googleapis.com/youtube/v3/videos?part=statistics%2CcontentDetails%2Csnippet%2Cstatus&id=dDtUznyIw6Y%2CaE2d-oQijDc%2C411dKiMaeZc%2C9PbQeFn3NsI%2CS5DDuuUjY78%2CXxkIt78MRJY%2Cu0qD_MrL-0k%2CMnzsq9TnaS0%2Cgr0JdbH2_sc%2CAMUXwN4ItuI%2CyVsH38R80XE%2CihaM0K_EHJQ%2Ct8RdJnf8xHY%2CUf-F1S4B1Xc%2Ceb84JSW37HM%2CmwCyQl6ht1s%2CrAKavZTz4XI%2CnFALRmk9qBU%2COT4Bi6r7RHE%2CvBZRukAPO6k&key=AIzaSyBj80B2fwVvFEMtcQU8tPV_NCNaEmQvzhc&alt=json
2025-12-12 03:53:34,681 - UNI_v7.3 - INFO - YouTube: Coletados 20 resultados com sucesso
2025-12-12 03:53:34,681 - UNI_v7.3 - ERROR - Erro ao coletar YouTube: name 'coletar_comentarios_youtube' is not defined
2025-12-12 03:53:34,681 - UNI_v7.3 - DEBUG - Traceback (most recent call last):
  File "/Users/eas/Desktop/github/emersonalmeida/emersonalmeida.github.io/project/uni/uni_v7.py", line 3806, in modo_personalizado
    comentarios = coletar_comentarios_youtube(
NameError: name 'coletar_comentarios_youtube' is not defined

2025-12-12 03:53:34,681 - UNI_v7.3 - INFO - YouTube: Iniciando coleta para 'bola' (limite: 20)
2025-12-12 03:53:34,682 - googleapiclient.discovery_cache - INFO - file_cache is only supported with oauth2client<4.0.0
2025-12-12 03:53:34,684 - googleapiclient.discovery - DEBUG - URL being requested: GET https://youtube.googleapis.com/youtube/v3/search?part=snippet&q=bola&type=video&maxResults=20&order=viewCount&regionCode=BR&relevanceLanguage=pt&key=AIzaSyBj80B2fwVvFEMtcQU8tPV_NCNaEmQvzhc&alt=json
2025-12-12 03:53:35,000 - googleapiclient.discovery - DEBUG - URL being requested: GET https://youtube.googleapis.com/youtube/v3/videos?part=statistics%2CcontentDetails%2Csnippet%2Cstatus&id=tyerFps5ma8%2CNf9W3lK9xvs%2Cz4M1380R_hw%2Cop5hDr4D7YQ%2CFQsVNBH13FA%2CPaIECPP9bNE%2CH4VDnVJsIqI%2CyxvaURdWJS8%2Cyvefq9DjqI8%2CKIipIQpJ7uQ%2CIgH11voTDn0%2C5RTbyvB-7fY%2Cdw1cQTS0cG4%2C2hne4yoVEBA%2CbGRM_xmScBg%2Ctww7bJ5arqA%2Cr96ftnq0Oi0%2CKqQU1s8B-lE%2CrlGA8jbKowI%2CjCZshzIh52Q&key=AIzaSyBj80B2fwVvFEMtcQU8tPV_NCNaEmQvzhc&alt=json
2025-12-12 03:53:35,333 - UNI_v7.3 - INFO - YouTube: Coletados 20 resultados com sucesso
2025-12-12 03:53:35,333 - UNI_v7.3 - ERROR - Erro ao coletar YouTube: name 'coletar_comentarios_youtube' is not defined
2025-12-12 03:53:35,333 - UNI_v7.3 - DEBUG - Traceback (most recent call last):
  File "/Users/eas/Desktop/github/emersonalmeida/emersonalmeida.github.io/project/uni/uni_v7.py", line 3806, in modo_personalizado
    comentarios = coletar_comentarios_youtube(
NameError: name 'coletar_comentarios_youtube' is not defined

2025-12-12 03:53:35,341 - UNI_v7.3 - INFO - Google Play: Iniciando coleta para 'bola' (limite: 20, tentativa 1/3)
2025-12-12 03:53:43,885 - UNI_v7.3 - INFO - Google Play: Coletados 20 resultados com sucesso
2025-12-12 03:53:43,886 - UNI_v7.3 - ERROR - Google Play Reviews: Erro inesperado: HELPFULNESS
2025-12-12 03:53:43,890 - UNI_v7.3 - DEBUG - Traceback (most recent call last):
  File "/Users/eas/Desktop/github/emersonalmeida/emersonalmeida.github.io/project/uni/uni_v7.py", line 2053, in coletar_reviews_google_play
    "most_helpful": Sort.HELPFULNESS
  File "/Library/Developer/CommandLineTools/Library/Frameworks/Python3.framework/Versions/3.9/lib/python3.9/enum.py", line 429, in __getattr__
    raise AttributeError(name) from None
AttributeError: HELPFULNESS

2025-12-12 03:53:43,890 - UNI_v7.3 - ERROR - Google Play Reviews: Erro inesperado: HELPFULNESS
2025-12-12 03:53:43,891 - UNI_v7.3 - DEBUG - Traceback (most recent call last):
  File "/Users/eas/Desktop/github/emersonalmeida/emersonalmeida.github.io/project/uni/uni_v7.py", line 2053, in coletar_reviews_google_play
    "most_helpful": Sort.HELPFULNESS
  File "/Library/Developer/CommandLineTools/Library/Frameworks/Python3.framework/Versions/3.9/lib/python3.9/enum.py", line 429, in __getattr__
    raise AttributeError(name) from None
AttributeError: HELPFULNESS

2025-12-12 03:53:43,891 - UNI_v7.3 - ERROR - Google Play Reviews: Erro inesperado: HELPFULNESS
2025-12-12 03:53:43,891 - UNI_v7.3 - DEBUG - Traceback (most recent call last):
  File "/Users/eas/Desktop/github/emersonalmeida/emersonalmeida.github.io/project/uni/uni_v7.py", line 2053, in coletar_reviews_google_play
    "most_helpful": Sort.HELPFULNESS
  File "/Library/Developer/CommandLineTools/Library/Frameworks/Python3.framework/Versions/3.9/lib/python3.9/enum.py", line 429, in __getattr__
    raise AttributeError(name) from None
AttributeError: HELPFULNESS

2025-12-12 03:53:43,891 - UNI_v7.3 - ERROR - Google Play Reviews: Erro inesperado: HELPFULNESS
2025-12-12 03:53:43,891 - UNI_v7.3 - DEBUG - Traceback (most recent call last):
  File "/Users/eas/Desktop/github/emersonalmeida/emersonalmeida.github.io/project/uni/uni_v7.py", line 2053, in coletar_reviews_google_play
    "most_helpful": Sort.HELPFULNESS
  File "/Library/Developer/CommandLineTools/Library/Frameworks/Python3.framework/Versions/3.9/lib/python3.9/enum.py", line 429, in __getattr__
    raise AttributeError(name) from None
AttributeError: HELPFULNESS

2025-12-12 03:53:43,891 - UNI_v7.3 - ERROR - Google Play Reviews: Erro inesperado: HELPFULNESS
2025-12-12 03:53:43,891 - UNI_v7.3 - DEBUG - Traceback (most recent call last):
  File "/Users/eas/Desktop/github/emersonalmeida/emersonalmeida.github.io/project/uni/uni_v7.py", line 2053, in coletar_reviews_google_play
    "most_helpful": Sort.HELPFULNESS
  File "/Library/Developer/CommandLineTools/Library/Frameworks/Python3.framework/Versions/3.9/lib/python3.9/enum.py", line 429, in __getattr__
    raise AttributeError(name) from None
AttributeError: HELPFULNESS

2025-12-12 03:53:43,891 - UNI_v7.3 - ERROR - Google Play Reviews: Erro inesperado: HELPFULNESS
2025-12-12 03:53:43,891 - UNI_v7.3 - DEBUG - Traceback (most recent call last):
  File "/Users/eas/Desktop/github/emersonalmeida/emersonalmeida.github.io/project/uni/uni_v7.py", line 2053, in coletar_reviews_google_play
    "most_helpful": Sort.HELPFULNESS
  File "/Library/Developer/CommandLineTools/Library/Frameworks/Python3.framework/Versions/3.9/lib/python3.9/enum.py", line 429, in __getattr__
    raise AttributeError(name) from None
AttributeError: HELPFULNESS

2025-12-12 03:53:43,891 - UNI_v7.3 - ERROR - Google Play Reviews: Erro inesperado: HELPFULNESS
2025-12-12 03:53:43,891 - UNI_v7.3 - DEBUG - Traceback (most recent call last):
  File "/Users/eas/Desktop/github/emersonalmeida/emersonalmeida.github.io/project/uni/uni_v7.py", line 2053, in coletar_reviews_google_play
    "most_helpful": Sort.HELPFULNESS
  File "/Library/Developer/CommandLineTools/Library/Frameworks/Python3.framework/Versions/3.9/lib/python3.9/enum.py", line 429, in __getattr__
    raise AttributeError(name) from None
AttributeError: HELPFULNESS

2025-12-12 03:53:43,891 - UNI_v7.3 - ERROR - Google Play Reviews: Erro inesperado: HELPFULNESS
2025-12-12 03:53:43,891 - UNI_v7.3 - DEBUG - Traceback (most recent call last):
  File "/Users/eas/Desktop/github/emersonalmeida/emersonalmeida.github.io/project/uni/uni_v7.py", line 2053, in coletar_reviews_google_play
    "most_helpful": Sort.HELPFULNESS
  File "/Library/Developer/CommandLineTools/Library/Frameworks/Python3.framework/Versions/3.9/lib/python3.9/enum.py", line 429, in __getattr__
    raise AttributeError(name) from None
AttributeError: HELPFULNESS

2025-12-12 03:53:43,891 - UNI_v7.3 - ERROR - Google Play Reviews: Erro inesperado: HELPFULNESS
2025-12-12 03:53:43,892 - UNI_v7.3 - DEBUG - Traceback (most recent call last):
  File "/Users/eas/Desktop/github/emersonalmeida/emersonalmeida.github.io/project/uni/uni_v7.py", line 2053, in coletar_reviews_google_play
    "most_helpful": Sort.HELPFULNESS
  File "/Library/Developer/CommandLineTools/Library/Frameworks/Python3.framework/Versions/3.9/lib/python3.9/enum.py", line 429, in __getattr__
    raise AttributeError(name) from None
AttributeError: HELPFULNESS

2025-12-12 03:53:43,892 - UNI_v7.3 - ERROR - Google Play Reviews: Erro inesperado: HELPFULNESS
2025-12-12 03:53:43,892 - UNI_v7.3 - DEBUG - Traceback (most recent call last):
  File "/Users/eas/Desktop/github/emersonalmeida/emersonalmeida.github.io/project/uni/uni_v7.py", line 2053, in coletar_reviews_google_play
    "most_helpful": Sort.HELPFULNESS
  File "/Library/Developer/CommandLineTools/Library/Frameworks/Python3.framework/Versions/3.9/lib/python3.9/enum.py", line 429, in __getattr__
    raise AttributeError(name) from None
AttributeError: HELPFULNESS

2025-12-12 03:53:43,892 - UNI_v7.3 - ERROR - Google Play Reviews: Erro inesperado: HELPFULNESS
2025-12-12 03:53:43,892 - UNI_v7.3 - DEBUG - Traceback (most recent call last):
  File "/Users/eas/Desktop/github/emersonalmeida/emersonalmeida.github.io/project/uni/uni_v7.py", line 2053, in coletar_reviews_google_play
    "most_helpful": Sort.HELPFULNESS
  File "/Library/Developer/CommandLineTools/Library/Frameworks/Python3.framework/Versions/3.9/lib/python3.9/enum.py", line 429, in __getattr__
    raise AttributeError(name) from None
AttributeError: HELPFULNESS

2025-12-12 03:53:43,892 - UNI_v7.3 - ERROR - Google Play Reviews: Erro inesperado: HELPFULNESS
2025-12-12 03:53:43,892 - UNI_v7.3 - DEBUG - Traceback (most recent call last):
  File "/Users/eas/Desktop/github/emersonalmeida/emersonalmeida.github.io/project/uni/uni_v7.py", line 2053, in coletar_reviews_google_play
    "most_helpful": Sort.HELPFULNESS
  File "/Library/Developer/CommandLineTools/Library/Frameworks/Python3.framework/Versions/3.9/lib/python3.9/enum.py", line 429, in __getattr__
    raise AttributeError(name) from None
AttributeError: HELPFULNESS

2025-12-12 03:53:43,892 - UNI_v7.3 - ERROR - Google Play Reviews: Erro inesperado: HELPFULNESS
2025-12-12 03:53:43,892 - UNI_v7.3 - DEBUG - Traceback (most recent call last):
  File "/Users/eas/Desktop/github/emersonalmeida/emersonalmeida.github.io/project/uni/uni_v7.py", line 2053, in coletar_reviews_google_play
    "most_helpful": Sort.HELPFULNESS
  File "/Library/Developer/CommandLineTools/Library/Frameworks/Python3.framework/Versions/3.9/lib/python3.9/enum.py", line 429, in __getattr__
    raise AttributeError(name) from None
AttributeError: HELPFULNESS

2025-12-12 03:53:43,892 - UNI_v7.3 - ERROR - Google Play Reviews: Erro inesperado: HELPFULNESS
2025-12-12 03:53:43,892 - UNI_v7.3 - DEBUG - Traceback (most recent call last):
  File "/Users/eas/Desktop/github/emersonalmeida/emersonalmeida.github.io/project/uni/uni_v7.py", line 2053, in coletar_reviews_google_play
    "most_helpful": Sort.HELPFULNESS
  File "/Library/Developer/CommandLineTools/Library/Frameworks/Python3.framework/Versions/3.9/lib/python3.9/enum.py", line 429, in __getattr__
    raise AttributeError(name) from None
AttributeError: HELPFULNESS

2025-12-12 03:53:43,892 - UNI_v7.3 - ERROR - Google Play Reviews: Erro inesperado: HELPFULNESS
2025-12-12 03:53:43,892 - UNI_v7.3 - DEBUG - Traceback (most recent call last):
  File "/Users/eas/Desktop/github/emersonalmeida/emersonalmeida.github.io/project/uni/uni_v7.py", line 2053, in coletar_reviews_google_play
    "most_helpful": Sort.HELPFULNESS
  File "/Library/Developer/CommandLineTools/Library/Frameworks/Python3.framework/Versions/3.9/lib/python3.9/enum.py", line 429, in __getattr__
    raise AttributeError(name) from None
AttributeError: HELPFULNESS

2025-12-12 03:53:43,892 - UNI_v7.3 - ERROR - Google Play Reviews: Erro inesperado: HELPFULNESS
2025-12-12 03:53:43,892 - UNI_v7.3 - DEBUG - Traceback (most recent call last):
  File "/Users/eas/Desktop/github/emersonalmeida/emersonalmeida.github.io/project/uni/uni_v7.py", line 2053, in coletar_reviews_google_play
    "most_helpful": Sort.HELPFULNESS
  File "/Library/Developer/CommandLineTools/Library/Frameworks/Python3.framework/Versions/3.9/lib/python3.9/enum.py", line 429, in __getattr__
    raise AttributeError(name) from None
AttributeError: HELPFULNESS

2025-12-12 03:53:43,892 - UNI_v7.3 - ERROR - Google Play Reviews: Erro inesperado: HELPFULNESS
2025-12-12 03:53:43,893 - UNI_v7.3 - DEBUG - Traceback (most recent call last):
  File "/Users/eas/Desktop/github/emersonalmeida/emersonalmeida.github.io/project/uni/uni_v7.py", line 2053, in coletar_reviews_google_play
    "most_helpful": Sort.HELPFULNESS
  File "/Library/Developer/CommandLineTools/Library/Frameworks/Python3.framework/Versions/3.9/lib/python3.9/enum.py", line 429, in __getattr__
    raise AttributeError(name) from None
AttributeError: HELPFULNESS

2025-12-12 03:53:43,893 - UNI_v7.3 - ERROR - Google Play Reviews: Erro inesperado: HELPFULNESS
2025-12-12 03:53:43,893 - UNI_v7.3 - DEBUG - Traceback (most recent call last):
  File "/Users/eas/Desktop/github/emersonalmeida/emersonalmeida.github.io/project/uni/uni_v7.py", line 2053, in coletar_reviews_google_play
    "most_helpful": Sort.HELPFULNESS
  File "/Library/Developer/CommandLineTools/Library/Frameworks/Python3.framework/Versions/3.9/lib/python3.9/enum.py", line 429, in __getattr__
    raise AttributeError(name) from None
AttributeError: HELPFULNESS

2025-12-12 03:53:43,893 - UNI_v7.3 - ERROR - Google Play Reviews: Erro inesperado: HELPFULNESS
2025-12-12 03:53:43,893 - UNI_v7.3 - DEBUG - Traceback (most recent call last):
  File "/Users/eas/Desktop/github/emersonalmeida/emersonalmeida.github.io/project/uni/uni_v7.py", line 2053, in coletar_reviews_google_play
    "most_helpful": Sort.HELPFULNESS
  File "/Library/Developer/CommandLineTools/Library/Frameworks/Python3.framework/Versions/3.9/lib/python3.9/enum.py", line 429, in __getattr__
    raise AttributeError(name) from None
AttributeError: HELPFULNESS

2025-12-12 03:53:43,893 - UNI_v7.3 - ERROR - Google Play Reviews: Erro inesperado: HELPFULNESS
2025-12-12 03:53:43,893 - UNI_v7.3 - DEBUG - Traceback (most recent call last):
  File "/Users/eas/Desktop/github/emersonalmeida/emersonalmeida.github.io/project/uni/uni_v7.py", line 2053, in coletar_reviews_google_play
    "most_helpful": Sort.HELPFULNESS
  File "/Library/Developer/CommandLineTools/Library/Frameworks/Python3.framework/Versions/3.9/lib/python3.9/enum.py", line 429, in __getattr__
    raise AttributeError(name) from None
AttributeError: HELPFULNESS

2025-12-12 03:53:43,893 - UNI_v7.3 - ERROR - Google Play Reviews: Erro inesperado: HELPFULNESS
2025-12-12 03:53:43,893 - UNI_v7.3 - DEBUG - Traceback (most recent call last):
  File "/Users/eas/Desktop/github/emersonalmeida/emersonalmeida.github.io/project/uni/uni_v7.py", line 2053, in coletar_reviews_google_play
    "most_helpful": Sort.HELPFULNESS
  File "/Library/Developer/CommandLineTools/Library/Frameworks/Python3.framework/Versions/3.9/lib/python3.9/enum.py", line 429, in __getattr__
    raise AttributeError(name) from None
AttributeError: HELPFULNESS

2025-12-12 03:53:43,893 - UNI_v7.3 - ERROR - Google Play Reviews: Erro inesperado: HELPFULNESS
2025-12-12 03:53:43,893 - UNI_v7.3 - DEBUG - Traceback (most recent call last):
  File "/Users/eas/Desktop/github/emersonalmeida/emersonalmeida.github.io/project/uni/uni_v7.py", line 2053, in coletar_reviews_google_play
    "most_helpful": Sort.HELPFULNESS
  File "/Library/Developer/CommandLineTools/Library/Frameworks/Python3.framework/Versions/3.9/lib/python3.9/enum.py", line 429, in __getattr__
    raise AttributeError(name) from None
AttributeError: HELPFULNESS

2025-12-12 03:53:43,893 - UNI_v7.3 - ERROR - Google Play Reviews: Erro inesperado: HELPFULNESS
2025-12-12 03:53:43,893 - UNI_v7.3 - DEBUG - Traceback (most recent call last):
  File "/Users/eas/Desktop/github/emersonalmeida/emersonalmeida.github.io/project/uni/uni_v7.py", line 2053, in coletar_reviews_google_play
    "most_helpful": Sort.HELPFULNESS
  File "/Library/Developer/CommandLineTools/Library/Frameworks/Python3.framework/Versions/3.9/lib/python3.9/enum.py", line 429, in __getattr__
    raise AttributeError(name) from None
AttributeError: HELPFULNESS

2025-12-12 03:53:43,893 - UNI_v7.3 - ERROR - Google Play Reviews: Erro inesperado: HELPFULNESS
2025-12-12 03:53:43,893 - UNI_v7.3 - DEBUG - Traceback (most recent call last):
  File "/Users/eas/Desktop/github/emersonalmeida/emersonalmeida.github.io/project/uni/uni_v7.py", line 2053, in coletar_reviews_google_play
    "most_helpful": Sort.HELPFULNESS
  File "/Library/Developer/CommandLineTools/Library/Frameworks/Python3.framework/Versions/3.9/lib/python3.9/enum.py", line 429, in __getattr__
    raise AttributeError(name) from None
AttributeError: HELPFULNESS

2025-12-12 03:53:43,893 - UNI_v7.3 - ERROR - Google Play Reviews: Erro inesperado: HELPFULNESS
2025-12-12 03:53:43,893 - UNI_v7.3 - DEBUG - Traceback (most recent call last):
  File "/Users/eas/Desktop/github/emersonalmeida/emersonalmeida.github.io/project/uni/uni_v7.py", line 2053, in coletar_reviews_google_play
    "most_helpful": Sort.HELPFULNESS
  File "/Library/Developer/CommandLineTools/Library/Frameworks/Python3.framework/Versions/3.9/lib/python3.9/enum.py", line 429, in __getattr__
    raise AttributeError(name) from None
AttributeError: HELPFULNESS

2025-12-12 03:53:43,893 - UNI_v7.3 - ERROR - Google Play Reviews: Erro inesperado: HELPFULNESS
2025-12-12 03:53:43,894 - UNI_v7.3 - DEBUG - Traceback (most recent call last):
  File "/Users/eas/Desktop/github/emersonalmeida/emersonalmeida.github.io/project/uni/uni_v7.py", line 2053, in coletar_reviews_google_play
    "most_helpful": Sort.HELPFULNESS
  File "/Library/Developer/CommandLineTools/Library/Frameworks/Python3.framework/Versions/3.9/lib/python3.9/enum.py", line 429, in __getattr__
    raise AttributeError(name) from None
AttributeError: HELPFULNESS

2025-12-12 03:53:43,894 - UNI_v7.3 - ERROR - Google Play Reviews: Erro inesperado: HELPFULNESS
2025-12-12 03:53:43,894 - UNI_v7.3 - DEBUG - Traceback (most recent call last):
  File "/Users/eas/Desktop/github/emersonalmeida/emersonalmeida.github.io/project/uni/uni_v7.py", line 2053, in coletar_reviews_google_play
    "most_helpful": Sort.HELPFULNESS
  File "/Library/Developer/CommandLineTools/Library/Frameworks/Python3.framework/Versions/3.9/lib/python3.9/enum.py", line 429, in __getattr__
    raise AttributeError(name) from None
AttributeError: HELPFULNESS

2025-12-12 03:53:43,894 - UNI_v7.3 - ERROR - Google Play Reviews: Erro inesperado: HELPFULNESS
2025-12-12 03:53:43,894 - UNI_v7.3 - DEBUG - Traceback (most recent call last):
  File "/Users/eas/Desktop/github/emersonalmeida/emersonalmeida.github.io/project/uni/uni_v7.py", line 2053, in coletar_reviews_google_play
    "most_helpful": Sort.HELPFULNESS
  File "/Library/Developer/CommandLineTools/Library/Frameworks/Python3.framework/Versions/3.9/lib/python3.9/enum.py", line 429, in __getattr__
    raise AttributeError(name) from None
AttributeError: HELPFULNESS

2025-12-12 03:53:43,894 - UNI_v7.3 - ERROR - Google Play Reviews: Erro inesperado: HELPFULNESS
2025-12-12 03:53:43,894 - UNI_v7.3 - DEBUG - Traceback (most recent call last):
  File "/Users/eas/Desktop/github/emersonalmeida/emersonalmeida.github.io/project/uni/uni_v7.py", line 2053, in coletar_reviews_google_play
    "most_helpful": Sort.HELPFULNESS
  File "/Library/Developer/CommandLineTools/Library/Frameworks/Python3.framework/Versions/3.9/lib/python3.9/enum.py", line 429, in __getattr__
    raise AttributeError(name) from None
AttributeError: HELPFULNESS

2025-12-12 03:53:43,894 - UNI_v7.3 - ERROR - Google Play Reviews: Erro inesperado: HELPFULNESS
2025-12-12 03:53:43,894 - UNI_v7.3 - DEBUG - Traceback (most recent call last):
  File "/Users/eas/Desktop/github/emersonalmeida/emersonalmeida.github.io/project/uni/uni_v7.py", line 2053, in coletar_reviews_google_play
    "most_helpful": Sort.HELPFULNESS
  File "/Library/Developer/CommandLineTools/Library/Frameworks/Python3.framework/Versions/3.9/lib/python3.9/enum.py", line 429, in __getattr__
    raise AttributeError(name) from None
AttributeError: HELPFULNESS

2025-12-12 03:53:43,894 - UNI_v7.3 - ERROR - Google Play Reviews: Erro inesperado: HELPFULNESS
2025-12-12 03:53:43,894 - UNI_v7.3 - DEBUG - Traceback (most recent call last):
  File "/Users/eas/Desktop/github/emersonalmeida/emersonalmeida.github.io/project/uni/uni_v7.py", line 2053, in coletar_reviews_google_play
    "most_helpful": Sort.HELPFULNESS
  File "/Library/Developer/CommandLineTools/Library/Frameworks/Python3.framework/Versions/3.9/lib/python3.9/enum.py", line 429, in __getattr__
    raise AttributeError(name) from None
AttributeError: HELPFULNESS

2025-12-12 03:53:43,894 - UNI_v7.3 - ERROR - Google Play Reviews: Erro inesperado: HELPFULNESS
2025-12-12 03:53:43,894 - UNI_v7.3 - DEBUG - Traceback (most recent call last):
  File "/Users/eas/Desktop/github/emersonalmeida/emersonalmeida.github.io/project/uni/uni_v7.py", line 2053, in coletar_reviews_google_play
    "most_helpful": Sort.HELPFULNESS
  File "/Library/Developer/CommandLineTools/Library/Frameworks/Python3.framework/Versions/3.9/lib/python3.9/enum.py", line 429, in __getattr__
    raise AttributeError(name) from None
AttributeError: HELPFULNESS

2025-12-12 03:53:43,894 - UNI_v7.3 - ERROR - Google Play Reviews: Erro inesperado: HELPFULNESS
2025-12-12 03:53:43,894 - UNI_v7.3 - DEBUG - Traceback (most recent call last):
  File "/Users/eas/Desktop/github/emersonalmeida/emersonalmeida.github.io/project/uni/uni_v7.py", line 2053, in coletar_reviews_google_play
    "most_helpful": Sort.HELPFULNESS
  File "/Library/Developer/CommandLineTools/Library/Frameworks/Python3.framework/Versions/3.9/lib/python3.9/enum.py", line 429, in __getattr__
    raise AttributeError(name) from None
AttributeError: HELPFULNESS

2025-12-12 03:53:43,894 - UNI_v7.3 - ERROR - Google Play Reviews: Erro inesperado: HELPFULNESS
2025-12-12 03:53:43,894 - UNI_v7.3 - DEBUG - Traceback (most recent call last):
  File "/Users/eas/Desktop/github/emersonalmeida/emersonalmeida.github.io/project/uni/uni_v7.py", line 2053, in coletar_reviews_google_play
    "most_helpful": Sort.HELPFULNESS
  File "/Library/Developer/CommandLineTools/Library/Frameworks/Python3.framework/Versions/3.9/lib/python3.9/enum.py", line 429, in __getattr__
    raise AttributeError(name) from None
AttributeError: HELPFULNESS

2025-12-12 03:53:43,894 - UNI_v7.3 - ERROR - Google Play Reviews: Erro inesperado: HELPFULNESS
2025-12-12 03:53:43,894 - UNI_v7.3 - DEBUG - Traceback (most recent call last):
  File "/Users/eas/Desktop/github/emersonalmeida/emersonalmeida.github.io/project/uni/uni_v7.py", line 2053, in coletar_reviews_google_play
    "most_helpful": Sort.HELPFULNESS
  File "/Library/Developer/CommandLineTools/Library/Frameworks/Python3.framework/Versions/3.9/lib/python3.9/enum.py", line 429, in __getattr__
    raise AttributeError(name) from None
AttributeError: HELPFULNESS

2025-12-12 03:53:43,894 - UNI_v7.3 - ERROR - Google Play Reviews: Erro inesperado: HELPFULNESS
2025-12-12 03:53:43,895 - UNI_v7.3 - DEBUG - Traceback (most recent call last):
  File "/Users/eas/Desktop/github/emersonalmeida/emersonalmeida.github.io/project/uni/uni_v7.py", line 2053, in coletar_reviews_google_play
    "most_helpful": Sort.HELPFULNESS
  File "/Library/Developer/CommandLineTools/Library/Frameworks/Python3.framework/Versions/3.9/lib/python3.9/enum.py", line 429, in __getattr__
    raise AttributeError(name) from None
AttributeError: HELPFULNESS

2025-12-12 03:53:43,895 - UNI_v7.3 - ERROR - Google Play Reviews: Erro inesperado: HELPFULNESS
2025-12-12 03:53:43,895 - UNI_v7.3 - DEBUG - Traceback (most recent call last):
  File "/Users/eas/Desktop/github/emersonalmeida/emersonalmeida.github.io/project/uni/uni_v7.py", line 2053, in coletar_reviews_google_play
    "most_helpful": Sort.HELPFULNESS
  File "/Library/Developer/CommandLineTools/Library/Frameworks/Python3.framework/Versions/3.9/lib/python3.9/enum.py", line 429, in __getattr__
    raise AttributeError(name) from None
AttributeError: HELPFULNESS

2025-12-12 03:53:43,895 - UNI_v7.3 - ERROR - Google Play Reviews: Erro inesperado: HELPFULNESS
2025-12-12 03:53:43,895 - UNI_v7.3 - DEBUG - Traceback (most recent call last):
  File "/Users/eas/Desktop/github/emersonalmeida/emersonalmeida.github.io/project/uni/uni_v7.py", line 2053, in coletar_reviews_google_play
    "most_helpful": Sort.HELPFULNESS
  File "/Library/Developer/CommandLineTools/Library/Frameworks/Python3.framework/Versions/3.9/lib/python3.9/enum.py", line 429, in __getattr__
    raise AttributeError(name) from None
AttributeError: HELPFULNESS

2025-12-12 03:53:43,895 - UNI_v7.3 - ERROR - Google Play Reviews: Erro inesperado: HELPFULNESS
2025-12-12 03:53:43,895 - UNI_v7.3 - DEBUG - Traceback (most recent call last):
  File "/Users/eas/Desktop/github/emersonalmeida/emersonalmeida.github.io/project/uni/uni_v7.py", line 2053, in coletar_reviews_google_play
    "most_helpful": Sort.HELPFULNESS
  File "/Library/Developer/CommandLineTools/Library/Frameworks/Python3.framework/Versions/3.9/lib/python3.9/enum.py", line 429, in __getattr__
    raise AttributeError(name) from None
AttributeError: HELPFULNESS

2025-12-12 03:53:43,895 - UNI_v7.3 - ERROR - Google Play Reviews: Erro inesperado: HELPFULNESS
2025-12-12 03:53:43,895 - UNI_v7.3 - DEBUG - Traceback (most recent call last):
  File "/Users/eas/Desktop/github/emersonalmeida/emersonalmeida.github.io/project/uni/uni_v7.py", line 2053, in coletar_reviews_google_play
    "most_helpful": Sort.HELPFULNESS
  File "/Library/Developer/CommandLineTools/Library/Frameworks/Python3.framework/Versions/3.9/lib/python3.9/enum.py", line 429, in __getattr__
    raise AttributeError(name) from None
AttributeError: HELPFULNESS

2025-12-12 03:53:43,895 - UNI_v7.3 - ERROR - Google Play Reviews: Erro inesperado: HELPFULNESS
2025-12-12 03:53:43,895 - UNI_v7.3 - DEBUG - Traceback (most recent call last):
  File "/Users/eas/Desktop/github/emersonalmeida/emersonalmeida.github.io/project/uni/uni_v7.py", line 2053, in coletar_reviews_google_play
    "most_helpful": Sort.HELPFULNESS
  File "/Library/Developer/CommandLineTools/Library/Frameworks/Python3.framework/Versions/3.9/lib/python3.9/enum.py", line 429, in __getattr__
    raise AttributeError(name) from None
AttributeError: HELPFULNESS

2025-12-12 03:53:43,896 - UNI_v7.3 - ERROR - Google Play Reviews: Erro inesperado: HELPFULNESS
2025-12-12 03:53:43,896 - UNI_v7.3 - DEBUG - Traceback (most recent call last):
  File "/Users/eas/Desktop/github/emersonalmeida/emersonalmeida.github.io/project/uni/uni_v7.py", line 2053, in coletar_reviews_google_play
    "most_helpful": Sort.HELPFULNESS
  File "/Library/Developer/CommandLineTools/Library/Frameworks/Python3.framework/Versions/3.9/lib/python3.9/enum.py", line 429, in __getattr__
    raise AttributeError(name) from None
AttributeError: HELPFULNESS

2025-12-12 03:53:43,898 - UNI_v7.3 - ERROR - Google Play Reviews: Erro inesperado: HELPFULNESS
2025-12-12 03:53:43,898 - UNI_v7.3 - DEBUG - Traceback (most recent call last):
  File "/Users/eas/Desktop/github/emersonalmeida/emersonalmeida.github.io/project/uni/uni_v7.py", line 2053, in coletar_reviews_google_play
    "most_helpful": Sort.HELPFULNESS
  File "/Library/Developer/CommandLineTools/Library/Frameworks/Python3.framework/Versions/3.9/lib/python3.9/enum.py", line 429, in __getattr__
    raise AttributeError(name) from None
AttributeError: HELPFULNESS

2025-12-12 03:53:43,898 - UNI_v7.3 - ERROR - Google Play Reviews: Erro inesperado: HELPFULNESS
2025-12-12 03:53:43,898 - UNI_v7.3 - DEBUG - Traceback (most recent call last):
  File "/Users/eas/Desktop/github/emersonalmeida/emersonalmeida.github.io/project/uni/uni_v7.py", line 2053, in coletar_reviews_google_play
    "most_helpful": Sort.HELPFULNESS
  File "/Library/Developer/CommandLineTools/Library/Frameworks/Python3.framework/Versions/3.9/lib/python3.9/enum.py", line 429, in __getattr__
    raise AttributeError(name) from None
AttributeError: HELPFULNESS

2025-12-12 03:53:43,898 - UNI_v7.3 - ERROR - Google Play Reviews: Erro inesperado: HELPFULNESS
2025-12-12 03:53:43,898 - UNI_v7.3 - DEBUG - Traceback (most recent call last):
  File "/Users/eas/Desktop/github/emersonalmeida/emersonalmeida.github.io/project/uni/uni_v7.py", line 2053, in coletar_reviews_google_play
    "most_helpful": Sort.HELPFULNESS
  File "/Library/Developer/CommandLineTools/Library/Frameworks/Python3.framework/Versions/3.9/lib/python3.9/enum.py", line 429, in __getattr__
    raise AttributeError(name) from None
AttributeError: HELPFULNESS

2025-12-12 03:53:43,898 - UNI_v7.3 - ERROR - Google Play Reviews: Erro inesperado: HELPFULNESS
2025-12-12 03:53:43,898 - UNI_v7.3 - DEBUG - Traceback (most recent call last):
  File "/Users/eas/Desktop/github/emersonalmeida/emersonalmeida.github.io/project/uni/uni_v7.py", line 2053, in coletar_reviews_google_play
    "most_helpful": Sort.HELPFULNESS
  File "/Library/Developer/CommandLineTools/Library/Frameworks/Python3.framework/Versions/3.9/lib/python3.9/enum.py", line 429, in __getattr__
    raise AttributeError(name) from None
AttributeError: HELPFULNESS

2025-12-12 03:53:43,898 - UNI_v7.3 - ERROR - Google Play Reviews: Erro inesperado: HELPFULNESS
2025-12-12 03:53:43,899 - UNI_v7.3 - DEBUG - Traceback (most recent call last):
  File "/Users/eas/Desktop/github/emersonalmeida/emersonalmeida.github.io/project/uni/uni_v7.py", line 2053, in coletar_reviews_google_play
    "most_helpful": Sort.HELPFULNESS
  File "/Library/Developer/CommandLineTools/Library/Frameworks/Python3.framework/Versions/3.9/lib/python3.9/enum.py", line 429, in __getattr__
    raise AttributeError(name) from None
AttributeError: HELPFULNESS

2025-12-12 03:53:43,899 - UNI_v7.3 - ERROR - Google Play Reviews: Erro inesperado: HELPFULNESS
2025-12-12 03:53:43,899 - UNI_v7.3 - DEBUG - Traceback (most recent call last):
  File "/Users/eas/Desktop/github/emersonalmeida/emersonalmeida.github.io/project/uni/uni_v7.py", line 2053, in coletar_reviews_google_play
    "most_helpful": Sort.HELPFULNESS
  File "/Library/Developer/CommandLineTools/Library/Frameworks/Python3.framework/Versions/3.9/lib/python3.9/enum.py", line 429, in __getattr__
    raise AttributeError(name) from None
AttributeError: HELPFULNESS

2025-12-12 03:53:43,899 - UNI_v7.3 - ERROR - Google Play Reviews: Erro inesperado: HELPFULNESS
2025-12-12 03:53:43,899 - UNI_v7.3 - DEBUG - Traceback (most recent call last):
  File "/Users/eas/Desktop/github/emersonalmeida/emersonalmeida.github.io/project/uni/uni_v7.py", line 2053, in coletar_reviews_google_play
    "most_helpful": Sort.HELPFULNESS
  File "/Library/Developer/CommandLineTools/Library/Frameworks/Python3.framework/Versions/3.9/lib/python3.9/enum.py", line 429, in __getattr__
    raise AttributeError(name) from None
AttributeError: HELPFULNESS

2025-12-12 03:53:43,899 - UNI_v7.3 - ERROR - Google Play Reviews: Erro inesperado: HELPFULNESS
2025-12-12 03:53:43,899 - UNI_v7.3 - DEBUG - Traceback (most recent call last):
  File "/Users/eas/Desktop/github/emersonalmeida/emersonalmeida.github.io/project/uni/uni_v7.py", line 2053, in coletar_reviews_google_play
    "most_helpful": Sort.HELPFULNESS
  File "/Library/Developer/CommandLineTools/Library/Frameworks/Python3.framework/Versions/3.9/lib/python3.9/enum.py", line 429, in __getattr__
    raise AttributeError(name) from None
AttributeError: HELPFULNESS

2025-12-12 03:53:43,899 - UNI_v7.3 - ERROR - Google Play Reviews: Erro inesperado: HELPFULNESS
2025-12-12 03:53:43,899 - UNI_v7.3 - DEBUG - Traceback (most recent call last):
  File "/Users/eas/Desktop/github/emersonalmeida/emersonalmeida.github.io/project/uni/uni_v7.py", line 2053, in coletar_reviews_google_play
    "most_helpful": Sort.HELPFULNESS
  File "/Library/Developer/CommandLineTools/Library/Frameworks/Python3.framework/Versions/3.9/lib/python3.9/enum.py", line 429, in __getattr__
    raise AttributeError(name) from None
AttributeError: HELPFULNESS

2025-12-12 03:53:43,899 - UNI_v7.3 - ERROR - Google Play Reviews: Erro inesperado: HELPFULNESS
2025-12-12 03:53:43,899 - UNI_v7.3 - DEBUG - Traceback (most recent call last):
  File "/Users/eas/Desktop/github/emersonalmeida/emersonalmeida.github.io/project/uni/uni_v7.py", line 2053, in coletar_reviews_google_play
    "most_helpful": Sort.HELPFULNESS
  File "/Library/Developer/CommandLineTools/Library/Frameworks/Python3.framework/Versions/3.9/lib/python3.9/enum.py", line 429, in __getattr__
    raise AttributeError(name) from None
AttributeError: HELPFULNESS

2025-12-12 03:53:43,899 - UNI_v7.3 - ERROR - Google Play Reviews: Erro inesperado: HELPFULNESS
2025-12-12 03:53:43,899 - UNI_v7.3 - DEBUG - Traceback (most recent call last):
  File "/Users/eas/Desktop/github/emersonalmeida/emersonalmeida.github.io/project/uni/uni_v7.py", line 2053, in coletar_reviews_google_play
    "most_helpful": Sort.HELPFULNESS
  File "/Library/Developer/CommandLineTools/Library/Frameworks/Python3.framework/Versions/3.9/lib/python3.9/enum.py", line 429, in __getattr__
    raise AttributeError(name) from None
AttributeError: HELPFULNESS

2025-12-12 03:53:43,899 - UNI_v7.3 - ERROR - Google Play Reviews: Erro inesperado: HELPFULNESS
2025-12-12 03:53:43,900 - UNI_v7.3 - DEBUG - Traceback (most recent call last):
  File "/Users/eas/Desktop/github/emersonalmeida/emersonalmeida.github.io/project/uni/uni_v7.py", line 2053, in coletar_reviews_google_play
    "most_helpful": Sort.HELPFULNESS
  File "/Library/Developer/CommandLineTools/Library/Frameworks/Python3.framework/Versions/3.9/lib/python3.9/enum.py", line 429, in __getattr__
    raise AttributeError(name) from None
AttributeError: HELPFULNESS

2025-12-12 03:53:43,900 - UNI_v7.3 - ERROR - Google Play Reviews: Erro inesperado: HELPFULNESS
2025-12-12 03:53:43,900 - UNI_v7.3 - DEBUG - Traceback (most recent call last):
  File "/Users/eas/Desktop/github/emersonalmeida/emersonalmeida.github.io/project/uni/uni_v7.py", line 2053, in coletar_reviews_google_play
    "most_helpful": Sort.HELPFULNESS
  File "/Library/Developer/CommandLineTools/Library/Frameworks/Python3.framework/Versions/3.9/lib/python3.9/enum.py", line 429, in __getattr__
    raise AttributeError(name) from None
AttributeError: HELPFULNESS

2025-12-12 03:53:43,900 - UNI_v7.3 - ERROR - Google Play Reviews: Erro inesperado: HELPFULNESS
2025-12-12 03:53:43,900 - UNI_v7.3 - DEBUG - Traceback (most recent call last):
  File "/Users/eas/Desktop/github/emersonalmeida/emersonalmeida.github.io/project/uni/uni_v7.py", line 2053, in coletar_reviews_google_play
    "most_helpful": Sort.HELPFULNESS
  File "/Library/Developer/CommandLineTools/Library/Frameworks/Python3.framework/Versions/3.9/lib/python3.9/enum.py", line 429, in __getattr__
    raise AttributeError(name) from None
AttributeError: HELPFULNESS

2025-12-12 03:53:43,900 - UNI_v7.3 - ERROR - Google Play Reviews: Erro inesperado: HELPFULNESS
2025-12-12 03:53:43,901 - UNI_v7.3 - DEBUG - Traceback (most recent call last):
  File "/Users/eas/Desktop/github/emersonalmeida/emersonalmeida.github.io/project/uni/uni_v7.py", line 2053, in coletar_reviews_google_play
    "most_helpful": Sort.HELPFULNESS
  File "/Library/Developer/CommandLineTools/Library/Frameworks/Python3.framework/Versions/3.9/lib/python3.9/enum.py", line 429, in __getattr__
    raise AttributeError(name) from None
AttributeError: HELPFULNESS

2025-12-12 03:53:43,901 - UNI_v7.3 - ERROR - Google Play Reviews: Erro inesperado: HELPFULNESS
2025-12-12 03:53:43,902 - UNI_v7.3 - DEBUG - Traceback (most recent call last):
  File "/Users/eas/Desktop/github/emersonalmeida/emersonalmeida.github.io/project/uni/uni_v7.py", line 2053, in coletar_reviews_google_play
    "most_helpful": Sort.HELPFULNESS
  File "/Library/Developer/CommandLineTools/Library/Frameworks/Python3.framework/Versions/3.9/lib/python3.9/enum.py", line 429, in __getattr__
    raise AttributeError(name) from None
AttributeError: HELPFULNESS

2025-12-12 03:53:43,902 - UNI_v7.3 - ERROR - Google Play Reviews: Erro inesperado: HELPFULNESS
2025-12-12 03:53:43,902 - UNI_v7.3 - DEBUG - Traceback (most recent call last):
  File "/Users/eas/Desktop/github/emersonalmeida/emersonalmeida.github.io/project/uni/uni_v7.py", line 2053, in coletar_reviews_google_play
    "most_helpful": Sort.HELPFULNESS
  File "/Library/Developer/CommandLineTools/Library/Frameworks/Python3.framework/Versions/3.9/lib/python3.9/enum.py", line 429, in __getattr__
    raise AttributeError(name) from None
AttributeError: HELPFULNESS

2025-12-12 03:53:43,902 - UNI_v7.3 - ERROR - Google Play Reviews: Erro inesperado: HELPFULNESS
2025-12-12 03:53:43,902 - UNI_v7.3 - DEBUG - Traceback (most recent call last):
  File "/Users/eas/Desktop/github/emersonalmeida/emersonalmeida.github.io/project/uni/uni_v7.py", line 2053, in coletar_reviews_google_play
    "most_helpful": Sort.HELPFULNESS
  File "/Library/Developer/CommandLineTools/Library/Frameworks/Python3.framework/Versions/3.9/lib/python3.9/enum.py", line 429, in __getattr__
    raise AttributeError(name) from None
AttributeError: HELPFULNESS

2025-12-12 03:53:43,902 - UNI_v7.3 - ERROR - Google Play Reviews: Erro inesperado: HELPFULNESS
2025-12-12 03:53:43,902 - UNI_v7.3 - DEBUG - Traceback (most recent call last):
  File "/Users/eas/Desktop/github/emersonalmeida/emersonalmeida.github.io/project/uni/uni_v7.py", line 2053, in coletar_reviews_google_play
    "most_helpful": Sort.HELPFULNESS
  File "/Library/Developer/CommandLineTools/Library/Frameworks/Python3.framework/Versions/3.9/lib/python3.9/enum.py", line 429, in __getattr__
    raise AttributeError(name) from None
AttributeError: HELPFULNESS

2025-12-12 03:53:43,906 - UNI_v7.3 - ERROR - Google Play Reviews: Erro inesperado: HELPFULNESS
2025-12-12 03:53:43,906 - UNI_v7.3 - DEBUG - Traceback (most recent call last):
  File "/Users/eas/Desktop/github/emersonalmeida/emersonalmeida.github.io/project/uni/uni_v7.py", line 2053, in coletar_reviews_google_play
    "most_helpful": Sort.HELPFULNESS
  File "/Library/Developer/CommandLineTools/Library/Frameworks/Python3.framework/Versions/3.9/lib/python3.9/enum.py", line 429, in __getattr__
    raise AttributeError(name) from None
AttributeError: HELPFULNESS

2025-12-12 03:53:43,907 - UNI_v7.3 - ERROR - Google Play Reviews: Erro inesperado: HELPFULNESS
2025-12-12 03:53:43,907 - UNI_v7.3 - DEBUG - Traceback (most recent call last):
  File "/Users/eas/Desktop/github/emersonalmeida/emersonalmeida.github.io/project/uni/uni_v7.py", line 2053, in coletar_reviews_google_play
    "most_helpful": Sort.HELPFULNESS
  File "/Library/Developer/CommandLineTools/Library/Frameworks/Python3.framework/Versions/3.9/lib/python3.9/enum.py", line 429, in __getattr__
    raise AttributeError(name) from None
AttributeError: HELPFULNESS

2025-12-12 03:53:43,907 - UNI_v7.3 - ERROR - Google Play Reviews: Erro inesperado: HELPFULNESS
2025-12-12 03:53:43,907 - UNI_v7.3 - DEBUG - Traceback (most recent call last):
  File "/Users/eas/Desktop/github/emersonalmeida/emersonalmeida.github.io/project/uni/uni_v7.py", line 2053, in coletar_reviews_google_play
    "most_helpful": Sort.HELPFULNESS
  File "/Library/Developer/CommandLineTools/Library/Frameworks/Python3.framework/Versions/3.9/lib/python3.9/enum.py", line 429, in __getattr__
    raise AttributeError(name) from None
AttributeError: HELPFULNESS

2025-12-12 03:53:43,907 - UNI_v7.3 - ERROR - Google Play Reviews: Erro inesperado: HELPFULNESS
2025-12-12 03:53:43,907 - UNI_v7.3 - DEBUG - Traceback (most recent call last):
  File "/Users/eas/Desktop/github/emersonalmeida/emersonalmeida.github.io/project/uni/uni_v7.py", line 2053, in coletar_reviews_google_play
    "most_helpful": Sort.HELPFULNESS
  File "/Library/Developer/CommandLineTools/Library/Frameworks/Python3.framework/Versions/3.9/lib/python3.9/enum.py", line 429, in __getattr__
    raise AttributeError(name) from None
AttributeError: HELPFULNESS

2025-12-12 03:53:43,907 - UNI_v7.3 - ERROR - Google Play Reviews: Erro inesperado: HELPFULNESS
2025-12-12 03:53:43,908 - UNI_v7.3 - DEBUG - Traceback (most recent call last):
  File "/Users/eas/Desktop/github/emersonalmeida/emersonalmeida.github.io/project/uni/uni_v7.py", line 2053, in coletar_reviews_google_play
    "most_helpful": Sort.HELPFULNESS
  File "/Library/Developer/CommandLineTools/Library/Frameworks/Python3.framework/Versions/3.9/lib/python3.9/enum.py", line 429, in __getattr__
    raise AttributeError(name) from None
AttributeError: HELPFULNESS

2025-12-12 03:53:43,908 - UNI_v7.3 - ERROR - Google Play Reviews: Erro inesperado: HELPFULNESS
2025-12-12 03:53:43,908 - UNI_v7.3 - DEBUG - Traceback (most recent call last):
  File "/Users/eas/Desktop/github/emersonalmeida/emersonalmeida.github.io/project/uni/uni_v7.py", line 2053, in coletar_reviews_google_play
    "most_helpful": Sort.HELPFULNESS
  File "/Library/Developer/CommandLineTools/Library/Frameworks/Python3.framework/Versions/3.9/lib/python3.9/enum.py", line 429, in __getattr__
    raise AttributeError(name) from None
AttributeError: HELPFULNESS

2025-12-12 03:53:43,908 - UNI_v7.3 - ERROR - Google Play Reviews: Erro inesperado: HELPFULNESS
2025-12-12 03:53:43,908 - UNI_v7.3 - DEBUG - Traceback (most recent call last):
  File "/Users/eas/Desktop/github/emersonalmeida/emersonalmeida.github.io/project/uni/uni_v7.py", line 2053, in coletar_reviews_google_play
    "most_helpful": Sort.HELPFULNESS
  File "/Library/Developer/CommandLineTools/Library/Frameworks/Python3.framework/Versions/3.9/lib/python3.9/enum.py", line 429, in __getattr__
    raise AttributeError(name) from None
AttributeError: HELPFULNESS

2025-12-12 03:53:43,908 - UNI_v7.3 - ERROR - Google Play Reviews: Erro inesperado: HELPFULNESS
2025-12-12 03:53:43,908 - UNI_v7.3 - DEBUG - Traceback (most recent call last):
  File "/Users/eas/Desktop/github/emersonalmeida/emersonalmeida.github.io/project/uni/uni_v7.py", line 2053, in coletar_reviews_google_play
    "most_helpful": Sort.HELPFULNESS
  File "/Library/Developer/CommandLineTools/Library/Frameworks/Python3.framework/Versions/3.9/lib/python3.9/enum.py", line 429, in __getattr__
    raise AttributeError(name) from None
AttributeError: HELPFULNESS

2025-12-12 03:53:43,908 - UNI_v7.3 - ERROR - Google Play Reviews: Erro inesperado: HELPFULNESS
2025-12-12 03:53:43,908 - UNI_v7.3 - DEBUG - Traceback (most recent call last):
  File "/Users/eas/Desktop/github/emersonalmeida/emersonalmeida.github.io/project/uni/uni_v7.py", line 2053, in coletar_reviews_google_play
    "most_helpful": Sort.HELPFULNESS
  File "/Library/Developer/CommandLineTools/Library/Frameworks/Python3.framework/Versions/3.9/lib/python3.9/enum.py", line 429, in __getattr__
    raise AttributeError(name) from None
AttributeError: HELPFULNESS

2025-12-12 03:53:43,908 - UNI_v7.3 - ERROR - Google Play Reviews: Erro inesperado: HELPFULNESS
2025-12-12 03:53:43,908 - UNI_v7.3 - DEBUG - Traceback (most recent call last):
  File "/Users/eas/Desktop/github/emersonalmeida/emersonalmeida.github.io/project/uni/uni_v7.py", line 2053, in coletar_reviews_google_play
    "most_helpful": Sort.HELPFULNESS
  File "/Library/Developer/CommandLineTools/Library/Frameworks/Python3.framework/Versions/3.9/lib/python3.9/enum.py", line 429, in __getattr__
    raise AttributeError(name) from None
AttributeError: HELPFULNESS

2025-12-12 03:53:43,908 - UNI_v7.3 - ERROR - Google Play Reviews: Erro inesperado: HELPFULNESS
2025-12-12 03:53:43,908 - UNI_v7.3 - DEBUG - Traceback (most recent call last):
  File "/Users/eas/Desktop/github/emersonalmeida/emersonalmeida.github.io/project/uni/uni_v7.py", line 2053, in coletar_reviews_google_play
    "most_helpful": Sort.HELPFULNESS
  File "/Library/Developer/CommandLineTools/Library/Frameworks/Python3.framework/Versions/3.9/lib/python3.9/enum.py", line 429, in __getattr__
    raise AttributeError(name) from None
AttributeError: HELPFULNESS

2025-12-12 03:53:43,908 - UNI_v7.3 - ERROR - Google Play Reviews: Erro inesperado: HELPFULNESS
2025-12-12 03:53:43,908 - UNI_v7.3 - DEBUG - Traceback (most recent call last):
  File "/Users/eas/Desktop/github/emersonalmeida/emersonalmeida.github.io/project/uni/uni_v7.py", line 2053, in coletar_reviews_google_play
    "most_helpful": Sort.HELPFULNESS
  File "/Library/Developer/CommandLineTools/Library/Frameworks/Python3.framework/Versions/3.9/lib/python3.9/enum.py", line 429, in __getattr__
    raise AttributeError(name) from None
AttributeError: HELPFULNESS

2025-12-12 03:53:43,908 - UNI_v7.3 - ERROR - Google Play Reviews: Erro inesperado: HELPFULNESS
2025-12-12 03:53:43,908 - UNI_v7.3 - DEBUG - Traceback (most recent call last):
  File "/Users/eas/Desktop/github/emersonalmeida/emersonalmeida.github.io/project/uni/uni_v7.py", line 2053, in coletar_reviews_google_play
    "most_helpful": Sort.HELPFULNESS
  File "/Library/Developer/CommandLineTools/Library/Frameworks/Python3.framework/Versions/3.9/lib/python3.9/enum.py", line 429, in __getattr__
    raise AttributeError(name) from None
AttributeError: HELPFULNESS

2025-12-12 03:53:43,908 - UNI_v7.3 - ERROR - Google Play Reviews: Erro inesperado: HELPFULNESS
2025-12-12 03:53:43,909 - UNI_v7.3 - DEBUG - Traceback (most recent call last):
  File "/Users/eas/Desktop/github/emersonalmeida/emersonalmeida.github.io/project/uni/uni_v7.py", line 2053, in coletar_reviews_google_play
    "most_helpful": Sort.HELPFULNESS
  File "/Library/Developer/CommandLineTools/Library/Frameworks/Python3.framework/Versions/3.9/lib/python3.9/enum.py", line 429, in __getattr__
    raise AttributeError(name) from None
AttributeError: HELPFULNESS

2025-12-12 03:53:43,909 - UNI_v7.3 - ERROR - Google Play Reviews: Erro inesperado: HELPFULNESS
2025-12-12 03:53:43,909 - UNI_v7.3 - DEBUG - Traceback (most recent call last):
  File "/Users/eas/Desktop/github/emersonalmeida/emersonalmeida.github.io/project/uni/uni_v7.py", line 2053, in coletar_reviews_google_play
    "most_helpful": Sort.HELPFULNESS
  File "/Library/Developer/CommandLineTools/Library/Frameworks/Python3.framework/Versions/3.9/lib/python3.9/enum.py", line 429, in __getattr__
    raise AttributeError(name) from None
AttributeError: HELPFULNESS

2025-12-12 03:53:43,909 - UNI_v7.3 - ERROR - Google Play Reviews: Erro inesperado: HELPFULNESS
2025-12-12 03:53:43,910 - UNI_v7.3 - DEBUG - Traceback (most recent call last):
  File "/Users/eas/Desktop/github/emersonalmeida/emersonalmeida.github.io/project/uni/uni_v7.py", line 2053, in coletar_reviews_google_play
    "most_helpful": Sort.HELPFULNESS
  File "/Library/Developer/CommandLineTools/Library/Frameworks/Python3.framework/Versions/3.9/lib/python3.9/enum.py", line 429, in __getattr__
    raise AttributeError(name) from None
AttributeError: HELPFULNESS

2025-12-12 03:53:43,910 - UNI_v7.3 - ERROR - Google Play Reviews: Erro inesperado: HELPFULNESS
2025-12-12 03:53:43,910 - UNI_v7.3 - DEBUG - Traceback (most recent call last):
  File "/Users/eas/Desktop/github/emersonalmeida/emersonalmeida.github.io/project/uni/uni_v7.py", line 2053, in coletar_reviews_google_play
    "most_helpful": Sort.HELPFULNESS
  File "/Library/Developer/CommandLineTools/Library/Frameworks/Python3.framework/Versions/3.9/lib/python3.9/enum.py", line 429, in __getattr__
    raise AttributeError(name) from None
AttributeError: HELPFULNESS

2025-12-12 03:53:43,910 - UNI_v7.3 - ERROR - Google Play Reviews: Erro inesperado: HELPFULNESS
2025-12-12 03:53:43,910 - UNI_v7.3 - DEBUG - Traceback (most recent call last):
  File "/Users/eas/Desktop/github/emersonalmeida/emersonalmeida.github.io/project/uni/uni_v7.py", line 2053, in coletar_reviews_google_play
    "most_helpful": Sort.HELPFULNESS
  File "/Library/Developer/CommandLineTools/Library/Frameworks/Python3.framework/Versions/3.9/lib/python3.9/enum.py", line 429, in __getattr__
    raise AttributeError(name) from None
AttributeError: HELPFULNESS

2025-12-12 03:53:43,910 - UNI_v7.3 - ERROR - Google Play Reviews: Erro inesperado: HELPFULNESS
2025-12-12 03:53:43,910 - UNI_v7.3 - DEBUG - Traceback (most recent call last):
  File "/Users/eas/Desktop/github/emersonalmeida/emersonalmeida.github.io/project/uni/uni_v7.py", line 2053, in coletar_reviews_google_play
    "most_helpful": Sort.HELPFULNESS
  File "/Library/Developer/CommandLineTools/Library/Frameworks/Python3.framework/Versions/3.9/lib/python3.9/enum.py", line 429, in __getattr__
    raise AttributeError(name) from None
AttributeError: HELPFULNESS

2025-12-12 03:53:43,910 - UNI_v7.3 - ERROR - Google Play Reviews: Erro inesperado: HELPFULNESS
2025-12-12 03:53:43,911 - UNI_v7.3 - DEBUG - Traceback (most recent call last):
  File "/Users/eas/Desktop/github/emersonalmeida/emersonalmeida.github.io/project/uni/uni_v7.py", line 2053, in coletar_reviews_google_play
    "most_helpful": Sort.HELPFULNESS
  File "/Library/Developer/CommandLineTools/Library/Frameworks/Python3.framework/Versions/3.9/lib/python3.9/enum.py", line 429, in __getattr__
    raise AttributeError(name) from None
AttributeError: HELPFULNESS

2025-12-12 03:53:43,911 - UNI_v7.3 - ERROR - Google Play Reviews: Erro inesperado: HELPFULNESS
2025-12-12 03:53:43,911 - UNI_v7.3 - DEBUG - Traceback (most recent call last):
  File "/Users/eas/Desktop/github/emersonalmeida/emersonalmeida.github.io/project/uni/uni_v7.py", line 2053, in coletar_reviews_google_play
    "most_helpful": Sort.HELPFULNESS
  File "/Library/Developer/CommandLineTools/Library/Frameworks/Python3.framework/Versions/3.9/lib/python3.9/enum.py", line 429, in __getattr__
    raise AttributeError(name) from None
AttributeError: HELPFULNESS

2025-12-12 03:53:43,911 - UNI_v7.3 - ERROR - Google Play Reviews: Erro inesperado: HELPFULNESS
2025-12-12 03:53:43,911 - UNI_v7.3 - DEBUG - Traceback (most recent call last):
  File "/Users/eas/Desktop/github/emersonalmeida/emersonalmeida.github.io/project/uni/uni_v7.py", line 2053, in coletar_reviews_google_play
    "most_helpful": Sort.HELPFULNESS
  File "/Library/Developer/CommandLineTools/Library/Frameworks/Python3.framework/Versions/3.9/lib/python3.9/enum.py", line 429, in __getattr__
    raise AttributeError(name) from None
AttributeError: HELPFULNESS

2025-12-12 03:53:43,911 - UNI_v7.3 - ERROR - Google Play Reviews: Erro inesperado: HELPFULNESS
2025-12-12 03:53:43,911 - UNI_v7.3 - DEBUG - Traceback (most recent call last):
  File "/Users/eas/Desktop/github/emersonalmeida/emersonalmeida.github.io/project/uni/uni_v7.py", line 2053, in coletar_reviews_google_play
    "most_helpful": Sort.HELPFULNESS
  File "/Library/Developer/CommandLineTools/Library/Frameworks/Python3.framework/Versions/3.9/lib/python3.9/enum.py", line 429, in __getattr__
    raise AttributeError(name) from None
AttributeError: HELPFULNESS

2025-12-12 03:53:43,911 - UNI_v7.3 - ERROR - Google Play Reviews: Erro inesperado: HELPFULNESS
2025-12-12 03:53:43,911 - UNI_v7.3 - DEBUG - Traceback (most recent call last):
  File "/Users/eas/Desktop/github/emersonalmeida/emersonalmeida.github.io/project/uni/uni_v7.py", line 2053, in coletar_reviews_google_play
    "most_helpful": Sort.HELPFULNESS
  File "/Library/Developer/CommandLineTools/Library/Frameworks/Python3.framework/Versions/3.9/lib/python3.9/enum.py", line 429, in __getattr__
    raise AttributeError(name) from None
AttributeError: HELPFULNESS

2025-12-12 03:53:43,912 - UNI_v7.3 - ERROR - Google Play Reviews: Erro inesperado: HELPFULNESS
2025-12-12 03:53:43,912 - UNI_v7.3 - DEBUG - Traceback (most recent call last):
  File "/Users/eas/Desktop/github/emersonalmeida/emersonalmeida.github.io/project/uni/uni_v7.py", line 2053, in coletar_reviews_google_play
    "most_helpful": Sort.HELPFULNESS
  File "/Library/Developer/CommandLineTools/Library/Frameworks/Python3.framework/Versions/3.9/lib/python3.9/enum.py", line 429, in __getattr__
    raise AttributeError(name) from None
AttributeError: HELPFULNESS

2025-12-12 03:53:43,912 - UNI_v7.3 - ERROR - Google Play Reviews: Erro inesperado: HELPFULNESS
2025-12-12 03:53:43,912 - UNI_v7.3 - DEBUG - Traceback (most recent call last):
  File "/Users/eas/Desktop/github/emersonalmeida/emersonalmeida.github.io/project/uni/uni_v7.py", line 2053, in coletar_reviews_google_play
    "most_helpful": Sort.HELPFULNESS
  File "/Library/Developer/CommandLineTools/Library/Frameworks/Python3.framework/Versions/3.9/lib/python3.9/enum.py", line 429, in __getattr__
    raise AttributeError(name) from None
AttributeError: HELPFULNESS

2025-12-12 03:53:43,912 - UNI_v7.3 - ERROR - Google Play Reviews: Erro inesperado: HELPFULNESS
2025-12-12 03:53:43,912 - UNI_v7.3 - DEBUG - Traceback (most recent call last):
  File "/Users/eas/Desktop/github/emersonalmeida/emersonalmeida.github.io/project/uni/uni_v7.py", line 2053, in coletar_reviews_google_play
    "most_helpful": Sort.HELPFULNESS
  File "/Library/Developer/CommandLineTools/Library/Frameworks/Python3.framework/Versions/3.9/lib/python3.9/enum.py", line 429, in __getattr__
    raise AttributeError(name) from None
AttributeError: HELPFULNESS

2025-12-12 03:53:43,912 - UNI_v7.3 - ERROR - Google Play Reviews: Erro inesperado: HELPFULNESS
2025-12-12 03:53:43,912 - UNI_v7.3 - DEBUG - Traceback (most recent call last):
  File "/Users/eas/Desktop/github/emersonalmeida/emersonalmeida.github.io/project/uni/uni_v7.py", line 2053, in coletar_reviews_google_play
    "most_helpful": Sort.HELPFULNESS
  File "/Library/Developer/CommandLineTools/Library/Frameworks/Python3.framework/Versions/3.9/lib/python3.9/enum.py", line 429, in __getattr__
    raise AttributeError(name) from None
AttributeError: HELPFULNESS

2025-12-12 03:53:43,912 - UNI_v7.3 - ERROR - Google Play Reviews: Erro inesperado: HELPFULNESS
2025-12-12 03:53:43,912 - UNI_v7.3 - DEBUG - Traceback (most recent call last):
  File "/Users/eas/Desktop/github/emersonalmeida/emersonalmeida.github.io/project/uni/uni_v7.py", line 2053, in coletar_reviews_google_play
    "most_helpful": Sort.HELPFULNESS
  File "/Library/Developer/CommandLineTools/Library/Frameworks/Python3.framework/Versions/3.9/lib/python3.9/enum.py", line 429, in __getattr__
    raise AttributeError(name) from None
AttributeError: HELPFULNESS

2025-12-12 03:53:43,912 - UNI_v7.3 - ERROR - Google Play Reviews: Erro inesperado: HELPFULNESS
2025-12-12 03:53:43,912 - UNI_v7.3 - DEBUG - Traceback (most recent call last):
  File "/Users/eas/Desktop/github/emersonalmeida/emersonalmeida.github.io/project/uni/uni_v7.py", line 2053, in coletar_reviews_google_play
    "most_helpful": Sort.HELPFULNESS
  File "/Library/Developer/CommandLineTools/Library/Frameworks/Python3.framework/Versions/3.9/lib/python3.9/enum.py", line 429, in __getattr__
    raise AttributeError(name) from None
AttributeError: HELPFULNESS

2025-12-12 03:53:43,912 - UNI_v7.3 - ERROR - Google Play Reviews: Erro inesperado: HELPFULNESS
2025-12-12 03:53:43,913 - UNI_v7.3 - DEBUG - Traceback (most recent call last):
  File "/Users/eas/Desktop/github/emersonalmeida/emersonalmeida.github.io/project/uni/uni_v7.py", line 2053, in coletar_reviews_google_play
    "most_helpful": Sort.HELPFULNESS
  File "/Library/Developer/CommandLineTools/Library/Frameworks/Python3.framework/Versions/3.9/lib/python3.9/enum.py", line 429, in __getattr__
    raise AttributeError(name) from None
AttributeError: HELPFULNESS

2025-12-12 03:53:43,913 - UNI_v7.3 - ERROR - Google Play Reviews: Erro inesperado: HELPFULNESS
2025-12-12 03:53:43,913 - UNI_v7.3 - DEBUG - Traceback (most recent call last):
  File "/Users/eas/Desktop/github/emersonalmeida/emersonalmeida.github.io/project/uni/uni_v7.py", line 2053, in coletar_reviews_google_play
    "most_helpful": Sort.HELPFULNESS
  File "/Library/Developer/CommandLineTools/Library/Frameworks/Python3.framework/Versions/3.9/lib/python3.9/enum.py", line 429, in __getattr__
    raise AttributeError(name) from None
AttributeError: HELPFULNESS

2025-12-12 03:53:43,913 - UNI_v7.3 - ERROR - Google Play Reviews: Erro inesperado: HELPFULNESS
2025-12-12 03:53:43,913 - UNI_v7.3 - DEBUG - Traceback (most recent call last):
  File "/Users/eas/Desktop/github/emersonalmeida/emersonalmeida.github.io/project/uni/uni_v7.py", line 2053, in coletar_reviews_google_play
    "most_helpful": Sort.HELPFULNESS
  File "/Library/Developer/CommandLineTools/Library/Frameworks/Python3.framework/Versions/3.9/lib/python3.9/enum.py", line 429, in __getattr__
    raise AttributeError(name) from None
AttributeError: HELPFULNESS

2025-12-12 03:53:43,913 - UNI_v7.3 - ERROR - Google Play Reviews: Erro inesperado: HELPFULNESS
2025-12-12 03:53:43,913 - UNI_v7.3 - DEBUG - Traceback (most recent call last):
  File "/Users/eas/Desktop/github/emersonalmeida/emersonalmeida.github.io/project/uni/uni_v7.py", line 2053, in coletar_reviews_google_play
    "most_helpful": Sort.HELPFULNESS
  File "/Library/Developer/CommandLineTools/Library/Frameworks/Python3.framework/Versions/3.9/lib/python3.9/enum.py", line 429, in __getattr__
    raise AttributeError(name) from None
AttributeError: HELPFULNESS

2025-12-12 03:53:43,913 - UNI_v7.3 - ERROR - Google Play Reviews: Erro inesperado: HELPFULNESS
2025-12-12 03:53:43,913 - UNI_v7.3 - DEBUG - Traceback (most recent call last):
  File "/Users/eas/Desktop/github/emersonalmeida/emersonalmeida.github.io/project/uni/uni_v7.py", line 2053, in coletar_reviews_google_play
    "most_helpful": Sort.HELPFULNESS
  File "/Library/Developer/CommandLineTools/Library/Frameworks/Python3.framework/Versions/3.9/lib/python3.9/enum.py", line 429, in __getattr__
    raise AttributeError(name) from None
AttributeError: HELPFULNESS

2025-12-12 03:53:43,913 - UNI_v7.3 - ERROR - Google Play Reviews: Erro inesperado: HELPFULNESS
2025-12-12 03:53:43,913 - UNI_v7.3 - DEBUG - Traceback (most recent call last):
  File "/Users/eas/Desktop/github/emersonalmeida/emersonalmeida.github.io/project/uni/uni_v7.py", line 2053, in coletar_reviews_google_play
    "most_helpful": Sort.HELPFULNESS
  File "/Library/Developer/CommandLineTools/Library/Frameworks/Python3.framework/Versions/3.9/lib/python3.9/enum.py", line 429, in __getattr__
    raise AttributeError(name) from None
AttributeError: HELPFULNESS

2025-12-12 03:53:43,913 - UNI_v7.3 - ERROR - Google Play Reviews: Erro inesperado: HELPFULNESS
2025-12-12 03:53:43,913 - UNI_v7.3 - DEBUG - Traceback (most recent call last):
  File "/Users/eas/Desktop/github/emersonalmeida/emersonalmeida.github.io/project/uni/uni_v7.py", line 2053, in coletar_reviews_google_play
    "most_helpful": Sort.HELPFULNESS
  File "/Library/Developer/CommandLineTools/Library/Frameworks/Python3.framework/Versions/3.9/lib/python3.9/enum.py", line 429, in __getattr__
    raise AttributeError(name) from None
AttributeError: HELPFULNESS

2025-12-12 03:53:43,913 - UNI_v7.3 - ERROR - Google Play Reviews: Erro inesperado: HELPFULNESS
2025-12-12 03:53:43,914 - UNI_v7.3 - DEBUG - Traceback (most recent call last):
  File "/Users/eas/Desktop/github/emersonalmeida/emersonalmeida.github.io/project/uni/uni_v7.py", line 2053, in coletar_reviews_google_play
    "most_helpful": Sort.HELPFULNESS
  File "/Library/Developer/CommandLineTools/Library/Frameworks/Python3.framework/Versions/3.9/lib/python3.9/enum.py", line 429, in __getattr__
    raise AttributeError(name) from None
AttributeError: HELPFULNESS

2025-12-12 03:53:43,914 - UNI_v7.3 - ERROR - Google Play Reviews: Erro inesperado: HELPFULNESS
2025-12-12 03:53:43,914 - UNI_v7.3 - DEBUG - Traceback (most recent call last):
  File "/Users/eas/Desktop/github/emersonalmeida/emersonalmeida.github.io/project/uni/uni_v7.py", line 2053, in coletar_reviews_google_play
    "most_helpful": Sort.HELPFULNESS
  File "/Library/Developer/CommandLineTools/Library/Frameworks/Python3.framework/Versions/3.9/lib/python3.9/enum.py", line 429, in __getattr__
    raise AttributeError(name) from None
AttributeError: HELPFULNESS

2025-12-12 03:53:43,918 - UNI_v7.3 - INFO - Apple App Store: Iniciando coleta para 'bola' (limite: 20, tentativa 1/3)
2025-12-12 03:53:43,918 - Base - INFO - Searching for app id
2025-12-12 03:53:43,919 - Base - DEBUG - Making a GET request: https://www.google.com/search
2025-12-12 03:53:43,942 - urllib3.connectionpool - DEBUG - Starting new HTTPS connection (1): www.google.com:443
2025-12-12 03:53:44,162 - urllib3.connectionpool - DEBUG - https://www.google.com:443 "GET /search?q=app+store+bola HTTP/1.1" 200 None
2025-12-12 03:53:44,249 - UNI_v7.3 - WARNING - Apple App Store: Tentativa 1 falhou: 'NoneType' object has no attribute 'group'
2025-12-12 03:53:46,252 - UNI_v7.3 - INFO - Apple App Store: Iniciando coleta para 'bola' (limite: 20, tentativa 2/3)
2025-12-12 03:53:46,252 - Base - INFO - Searching for app id
2025-12-12 03:53:46,252 - Base - DEBUG - Making a GET request: https://www.google.com/search
2025-12-12 03:53:46,254 - urllib3.connectionpool - DEBUG - Starting new HTTPS connection (1): www.google.com:443
2025-12-12 03:53:46,458 - urllib3.connectionpool - DEBUG - https://www.google.com:443 "GET /search?q=app+store+bola HTTP/1.1" 200 None
2025-12-12 03:53:46,510 - UNI_v7.3 - WARNING - Apple App Store: Tentativa 2 falhou: 'NoneType' object has no attribute 'group'
2025-12-12 03:53:48,515 - UNI_v7.3 - INFO - Apple App Store: Iniciando coleta para 'bola' (limite: 20, tentativa 3/3)
2025-12-12 03:53:48,515 - Base - INFO - Searching for app id
2025-12-12 03:53:48,515 - Base - DEBUG - Making a GET request: https://www.google.com/search
2025-12-12 03:53:48,517 - urllib3.connectionpool - DEBUG - Starting new HTTPS connection (1): www.google.com:443
2025-12-12 03:53:48,729 - urllib3.connectionpool - DEBUG - https://www.google.com:443 "GET /search?q=app+store+bola HTTP/1.1" 200 None
2025-12-12 03:53:48,757 - UNI_v7.3 - WARNING - Apple App Store: Tentativa 3 falhou: 'NoneType' object has no attribute 'group'
2025-12-12 03:53:48,757 - UNI_v7.3 - ERROR - Apple App Store: Todas as tentativas falharam
2025-12-12 03:53:48,776 - UNI_v7.3 - DEBUG - Traceback (most recent call last):
  File "/Users/eas/Desktop/github/emersonalmeida/emersonalmeida.github.io/project/uni/uni_v7.py", line 2239, in coletar_apple_store
    store = AppStore(country=country, app_name=term)
  File "/Users/eas/Library/Python/3.9/lib/python/site-packages/app_store_scraper/app_store.py", line 23, in __init__
    super().__init__(
  File "/Users/eas/Library/Python/3.9/lib/python/site-packages/app_store_scraper/base.py", line 47, in __init__
    app_id = self.search_id()
  File "/Users/eas/Library/Python/3.9/lib/python/site-packages/app_store_scraper/base.py", line 175, in search_id
    app_id = re.search(pattern, self._response.text).group(1)
AttributeError: 'NoneType' object has no attribute 'group'

2025-12-12 03:53:48,777 - UNI_v7.3 - INFO - Reddit: Iniciando coleta para 'bola' (subreddit: all, limite: 10)
2025-12-12 03:53:48,780 - urllib3.connectionpool - DEBUG - Starting new HTTPS connection (1): pypi.org:443
2025-12-12 03:53:48,935 - urllib3.connectionpool - DEBUG - https://pypi.org:443 "GET /pypi/praw/json HTTP/1.1" 200 36290
2025-12-12 03:53:48,944 - prawcore - DEBUG - Fetching: GET https://oauth.reddit.com/r/all/search/ at 1765522428.944853
2025-12-12 03:53:48,945 - prawcore - DEBUG - Data: None
2025-12-12 03:53:48,945 - prawcore - DEBUG - Params: {'limit': 10,
 'q': 'bola',
 'raw_json': 1,
 'restrict_sr': False,
 'sort': 'relevance',
 'syntax': 'lucene',
 't': 'all'}
2025-12-12 03:53:48,954 - urllib3.connectionpool - DEBUG - Starting new HTTPS connection (1): www.reddit.com:443
2025-12-12 03:53:49,140 - urllib3.connectionpool - DEBUG - https://www.reddit.com:443 "POST /api/v1/access_token HTTP/1.1" 200 654
2025-12-12 03:53:49,143 - urllib3.connectionpool - DEBUG - Starting new HTTPS connection (1): oauth.reddit.com:443
2025-12-12 03:53:49,602 - urllib3.connectionpool - DEBUG - https://oauth.reddit.com:443 "GET /r/all/search/?q=bola&restrict_sr=False&sort=relevance&syntax=lucene&t=all&limit=10&raw_json=1 HTTP/1.1" 200 10427
2025-12-12 03:53:49,603 - prawcore - DEBUG - Response: 200 (10427 bytes) (rst-370:rem-999.0:used-1 ratelimit) at 1765522429.60322
2025-12-12 03:53:49,604 - prawcore - DEBUG - Fetching: GET https://oauth.reddit.com/r/PiratariaTuga/about/ at 1765522429.604609
2025-12-12 03:53:49,604 - prawcore - DEBUG - Data: None
2025-12-12 03:53:49,604 - prawcore - DEBUG - Params: {'raw_json': 1}
2025-12-12 03:53:49,807 - urllib3.connectionpool - DEBUG - https://oauth.reddit.com:443 "GET /r/PiratariaTuga/about/?raw_json=1 HTTP/1.1" 200 1641
2025-12-12 03:53:49,807 - prawcore - DEBUG - Response: 200 (1641 bytes) (rst-370:rem-998.0:used-2 ratelimit) at 1765522429.80787
2025-12-12 03:53:49,808 - UNI_v7.3 - ERROR - Reddit: name '_safe_get_author_attr' is not defined
2025-12-12 03:53:49,808 - UNI_v7.3 - DEBUG - Traceback (most recent call last):
  File "/Users/eas/Desktop/github/emersonalmeida/emersonalmeida.github.io/project/uni/uni_v7.py", line 1458, in coletar_reddit
    "author_flair": _safe_get_author_attr(post, 'flair_text'),
NameError: name '_safe_get_author_attr' is not defined

2025-12-12 03:53:49,808 - UNI_v7.3 - INFO - Google News: Iniciando coleta para 'bola' (limite: 10)
2025-12-12 03:53:49,820 - urllib3.connectionpool - DEBUG - Starting new HTTPS connection (1): gnews.io:443
2025-12-12 03:53:50,431 - urllib3.connectionpool - DEBUG - https://gnews.io:443 "GET /api/v4/search?q=bola&lang=pt&country=br&max=10&apikey=91a7bc222ecfdac6c60019c4fb1ec87c&from=20 HTTP/1.1" 200 None
2025-12-12 03:53:50,496 - UNI_v7.3 - INFO - Google News: Coletados 10 resultados com sucesso
2025-12-12 03:53:50,517 - UNI_v7.3 - INFO - arXiv: Iniciando coleta para 'bola' (limite: 20)
2025-12-12 03:53:50,800 - urllib3.connectionpool - DEBUG - Starting new HTTP connection (1): export.arxiv.org:80
2025-12-12 03:53:50,839 - urllib3.connectionpool - DEBUG - http://export.arxiv.org:80 "GET /api/query?search_query=all:bola&start=0&max_results=20&sortBy=relevance HTTP/1.1" 301 0
2025-12-12 03:53:50,918 - urllib3.connectionpool - DEBUG - Starting new HTTPS connection (1): export.arxiv.org:443
2025-12-12 03:53:51,295 - urllib3.connectionpool - DEBUG - https://export.arxiv.org:443 "GET /api/query?search_query=all:bola&start=0&max_results=20&sortBy=relevance HTTP/1.1" 200 76095
2025-12-12 03:53:51,372 - UNI_v7.3 - INFO - arXiv: Coletados 20 resultados com sucesso
2025-12-12 03:53:51,372 - UNI_v7.3 - INFO - Google Scholar: Iniciando coleta para 'bola' (limite: 20, tentativa 1/3)
2025-12-12 03:53:51,395 - urllib3.connectionpool - DEBUG - Starting new HTTPS connection (1): api.semanticscholar.org:443
2025-12-12 03:53:52,106 - urllib3.connectionpool - DEBUG - https://api.semanticscholar.org:443 "GET /graph/v1/paper/search?query=bola&limit=20&fields=title%2Cauthors%2Cyear%2Curl%2Cabstract%2CcitationCount%2CreferenceCount%2Cvenue%2CfieldsOfStudy%2CpublicationTypes%2CpublicationDate%2Cjournal%2CexternalIds%2CisOpenAccess%2CopenAccessPdf HTTP/1.1" 429 144
2025-12-12 03:53:52,106 - urllib3.util.retry - DEBUG - Incremented Retry for (url='/graph/v1/paper/search?query=bola&limit=20&fields=title%2Cauthors%2Cyear%2Curl%2Cabstract%2CcitationCount%2CreferenceCount%2Cvenue%2CfieldsOfStudy%2CpublicationTypes%2CpublicationDate%2Cjournal%2CexternalIds%2CisOpenAccess%2CopenAccessPdf'): Retry(total=4, connect=None, read=None, redirect=None, status=None)
2025-12-12 03:53:52,106 - urllib3.connectionpool - DEBUG - Retry: /graph/v1/paper/search?query=bola&limit=20&fields=title%2Cauthors%2Cyear%2Curl%2Cabstract%2CcitationCount%2CreferenceCount%2Cvenue%2CfieldsOfStudy%2CpublicationTypes%2CpublicationDate%2Cjournal%2CexternalIds%2CisOpenAccess%2CopenAccessPdf
2025-12-12 03:53:53,106 - urllib3.connectionpool - DEBUG - https://api.semanticscholar.org:443 "GET /graph/v1/paper/search?query=bola&limit=20&fields=title%2Cauthors%2Cyear%2Curl%2Cabstract%2CcitationCount%2CreferenceCount%2Cvenue%2CfieldsOfStudy%2CpublicationTypes%2CpublicationDate%2Cjournal%2CexternalIds%2CisOpenAccess%2CopenAccessPdf HTTP/1.1" 200 62405
2025-12-12 03:53:53,202 - UNI_v7.3 - INFO - Google Scholar: Coletados 20 resultados com sucesso
2025-12-12 03:53:53,202 - UNI_v7.3 - INFO - Wikipedia: Iniciando coleta para 'bola' (limite: 20, lang: pt)
2025-12-12 03:53:53,213 - urllib3.connectionpool - DEBUG - Starting new HTTPS connection (1): pt.wikipedia.org:443
2025-12-12 03:53:53,560 - urllib3.connectionpool - DEBUG - https://pt.wikipedia.org:443 "GET /w/api.php?action=query&format=json&list=search&srsearch=bola&srlimit=20&srnamespace=0 HTTP/1.1" 200 None
2025-12-12 03:53:53,564 - urllib3.connectionpool - DEBUG - Starting new HTTPS connection (1): pt.wikipedia.org:443
2025-12-12 03:53:53,803 - urllib3.connectionpool - DEBUG - https://pt.wikipedia.org:443 "GET /api/rest_v1/page/summary/Bola HTTP/1.1" 200 810
2025-12-12 03:53:53,807 - urllib3.connectionpool - DEBUG - Starting new HTTPS connection (1): pt.wikipedia.org:443
2025-12-12 03:53:54,051 - urllib3.connectionpool - DEBUG - https://pt.wikipedia.org:443 "GET /api/rest_v1/page/summary/Basquetebol HTTP/1.1" 200 None
2025-12-12 03:53:54,054 - urllib3.connectionpool - DEBUG - Starting new HTTPS connection (1): pt.wikipedia.org:443
2025-12-12 03:53:54,363 - urllib3.connectionpool - DEBUG - https://pt.wikipedia.org:443 "GET /api/rest_v1/page/summary/Voleibol HTTP/1.1" 200 None
2025-12-12 03:53:54,406 - urllib3.connectionpool - DEBUG - Starting new HTTPS connection (1): pt.wikipedia.org:443
2025-12-12 03:53:54,709 - urllib3.connectionpool - DEBUG - https://pt.wikipedia.org:443 "GET /api/rest_v1/page/summary/Bola_(humorista) HTTP/1.1" 200 856
2025-12-12 03:53:54,798 - urllib3.connectionpool - DEBUG - Starting new HTTPS connection (1): pt.wikipedia.org:443
2025-12-12 03:53:54,915 - urllib3.connectionpool - DEBUG - https://pt.wikipedia.org:443 "GET /api/rest_v1/page/summary/Bola_de_Prata HTTP/1.1" 200 949
2025-12-12 03:53:54,967 - urllib3.connectionpool - DEBUG - Starting new HTTPS connection (1): pt.wikipedia.org:443
2025-12-12 03:53:55,244 - urllib3.connectionpool - DEBUG - https://pt.wikipedia.org:443 "GET /api/rest_v1/page/summary/Ballon_d'Or_2021 HTTP/1.1" 200 590
2025-12-12 03:53:55,261 - urllib3.connectionpool - DEBUG - Starting new HTTPS connection (1): pt.wikipedia.org:443
2025-12-12 03:53:55,370 - urllib3.connectionpool - DEBUG - https://pt.wikipedia.org:443 "GET /api/rest_v1/page/summary/Futebol HTTP/1.1" 200 1057
2025-12-12 03:53:55,374 - urllib3.connectionpool - DEBUG - Starting new HTTPS connection (1): pt.wikipedia.org:443
2025-12-12 03:53:55,616 - urllib3.connectionpool - DEBUG - https://pt.wikipedia.org:443 "GET /api/rest_v1/page/summary/A_Bola HTTP/1.1" 200 482
2025-12-12 03:53:55,620 - urllib3.connectionpool - DEBUG - Starting new HTTPS connection (1): pt.wikipedia.org:443
2025-12-12 03:53:55,862 - urllib3.connectionpool - DEBUG - https://pt.wikipedia.org:443 "GET /api/rest_v1/page/summary/Bol%C3%A3o_(boliche) HTTP/1.1" 200 724
2025-12-12 03:53:55,865 - urllib3.connectionpool - DEBUG - Starting new HTTPS connection (1): pt.wikipedia.org:443
2025-12-12 03:53:56,109 - urllib3.connectionpool - DEBUG - https://pt.wikipedia.org:443 "GET /api/rest_v1/page/summary/Ballon_d'Or HTTP/1.1" 200 894
2025-12-12 03:53:56,112 - urllib3.connectionpool - DEBUG - Starting new HTTPS connection (1): pt.wikipedia.org:443
2025-12-12 03:53:56,352 - urllib3.connectionpool - DEBUG - https://pt.wikipedia.org:443 "GET /api/rest_v1/page/summary/Futebol_americano HTTP/1.1" 200 None
2025-12-12 03:53:56,356 - urllib3.connectionpool - DEBUG - Starting new HTTPS connection (1): pt.wikipedia.org:443
2025-12-12 03:53:56,597 - urllib3.connectionpool - DEBUG - https://pt.wikipedia.org:443 "GET /api/rest_v1/page/summary/T%C3%A9nis HTTP/1.1" 200 887
2025-12-12 03:53:56,601 - urllib3.connectionpool - DEBUG - Starting new HTTPS connection (1): pt.wikipedia.org:443
2025-12-12 03:53:56,850 - urllib3.connectionpool - DEBUG - https://pt.wikipedia.org:443 "GET /api/rest_v1/page/summary/Bola_de_Prata_de_2014 HTTP/1.1" 200 571
2025-12-12 03:53:56,854 - urllib3.connectionpool - DEBUG - Starting new HTTPS connection (1): pt.wikipedia.org:443
2025-12-12 03:53:57,104 - urllib3.connectionpool - DEBUG - https://pt.wikipedia.org:443 "GET /api/rest_v1/page/summary/Lista_de_vencedores_dos_principais_pr%C3%A9mios_do_futebol HTTP/1.1" 200 None
2025-12-12 03:53:57,107 - urllib3.connectionpool - DEBUG - Starting new HTTPS connection (1): pt.wikipedia.org:443
2025-12-12 03:53:57,405 - urllib3.connectionpool - DEBUG - https://pt.wikipedia.org:443 "GET /api/rest_v1/page/summary/Goleiro HTTP/1.1" 200 848
2025-12-12 03:53:57,602 - urllib3.connectionpool - DEBUG - Starting new HTTPS connection (1): pt.wikipedia.org:443
2025-12-12 03:53:57,997 - urllib3.connectionpool - DEBUG - https://pt.wikipedia.org:443 "GET /api/rest_v1/page/summary/Ballon_d'Or_2018 HTTP/1.1" 200 556
2025-12-12 03:53:58,010 - urllib3.connectionpool - DEBUG - Starting new HTTPS connection (1): pt.wikipedia.org:443
2025-12-12 03:53:58,264 - urllib3.connectionpool - DEBUG - https://pt.wikipedia.org:443 "GET /api/rest_v1/page/summary/Rugby HTTP/1.1" 200 824
2025-12-12 03:53:58,325 - urllib3.connectionpool - DEBUG - Starting new HTTPS connection (1): pt.wikipedia.org:443
2025-12-12 03:53:58,574 - urllib3.connectionpool - DEBUG - https://pt.wikipedia.org:443 "GET /api/rest_v1/page/summary/Bola_su%C3%AD%C3%A7a HTTP/1.1" 200 None
2025-12-12 03:53:58,584 - urllib3.connectionpool - DEBUG - Starting new HTTPS connection (1): pt.wikipedia.org:443
2025-12-12 03:53:58,827 - urllib3.connectionpool - DEBUG - https://pt.wikipedia.org:443 "GET /api/rest_v1/page/summary/Bola_Tinubu HTTP/1.1" 200 799
2025-12-12 03:53:58,830 - urllib3.connectionpool - DEBUG - Starting new HTTPS connection (1): pt.wikipedia.org:443
2025-12-12 03:53:59,074 - urllib3.connectionpool - DEBUG - https://pt.wikipedia.org:443 "GET /api/rest_v1/page/summary/Bola_de_Prata_de_2011 HTTP/1.1" 200 571
2025-12-12 03:53:59,076 - UNI_v7.3 - INFO - Wikipedia: Coletados 20 resultados com sucesso
2025-12-12 03:53:59,090 - urllib3.connectionpool - DEBUG - Starting new HTTPS connection (1): api.github.com:443
2025-12-12 03:53:59,742 - urllib3.connectionpool - DEBUG - https://api.github.com:443 "GET /search/repositories?q=bola&sort=stars&order=desc&per_page=20 HTTP/1.1" 200 None
2025-12-12 03:53:59,793 - UNI_v7.3 - INFO - GitHub: Coletados 20 resultados com sucesso
2025-12-12 03:53:59,794 - UNI_v7.3 - INFO - Hacker News: Iniciando coleta para 'bola' (limite: 20)
2025-12-12 03:53:59,954 - urllib3.connectionpool - DEBUG - Starting new HTTPS connection (1): hn.algolia.com:443
2025-12-12 03:54:00,901 - urllib3.connectionpool - DEBUG - https://hn.algolia.com:443 "GET /api/v1/search?query=bola&tags=story&hitsPerPage=20&numericFilters= HTTP/1.1" 200 43080
2025-12-12 03:54:00,925 - UNI_v7.3 - INFO - Hacker News: Coletados 20 resultados com sucesso
2025-12-12 03:54:00,927 - UNI_v7.3 - INFO - : JSON salvo em metadados_coleta.json
2025-12-12 03:54:00,974 - UNI_v7.3 - INFO - Suggest-chrome-web-top: Salvo 15 registros com 9 colunas em suggest_chrome_web_top.csv (0.8 KB)
2025-12-12 03:54:00,976 - UNI_v7.3 - INFO - Suggest-chrome-web-a-z: Salvo 15 registros com 9 colunas em suggest_chrome_web_a_z.csv (0.8 KB)
2025-12-12 03:54:00,978 - UNI_v7.3 - INFO - Suggest-chrome-youtube-top: Salvo 15 registros com 9 colunas em suggest_chrome_youtube_top.csv (0.8 KB)
2025-12-12 03:54:00,981 - UNI_v7.3 - INFO - Suggest-chrome-youtube-a-z: Salvo 15 registros com 9 colunas em suggest_chrome_youtube_a_z.csv (0.8 KB)
2025-12-12 03:54:00,984 - UNI_v7.3 - INFO - SERP-Brave: Salvo 19 registros com 13 colunas em serp_brave.csv (6.5 KB)
2025-12-12 03:54:00,988 - UNI_v7.3 - INFO - SERP-Duckduckgo: Salvo 17 registros com 8 colunas em serp_duckduckgo.csv (4.6 KB)
2025-12-12 03:54:00,991 - UNI_v7.3 - INFO - SERP-Bing: Salvo 7 registros com 13 colunas em serp_bing.csv (2.5 KB)
2025-12-12 03:54:00,997 - UNI_v7.3 - INFO - YouTube-relevance: Salvo 20 registros com 30 colunas em youtube_relevance.csv (20.8 KB)
2025-12-12 03:54:01,007 - UNI_v7.3 - INFO - YouTube-date: Salvo 20 registros com 30 colunas em youtube_date.csv (24.8 KB)
2025-12-12 03:54:01,012 - UNI_v7.3 - INFO - YouTube-viewCount: Salvo 20 registros com 30 colunas em youtube_viewcount.csv (18.0 KB)
2025-12-12 03:54:01,021 - UNI_v7.3 - INFO - AppStore-Google Play: Salvo 20 registros com 28 colunas em appstore_google_play.csv (80.4 KB)
2025-12-12 03:54:01,025 - UNI_v7.3 - INFO - Google News: Salvo 10 registros com 13 colunas em google_news.csv (8.0 KB)
2025-12-12 03:54:01,031 - UNI_v7.3 - INFO - arXiv: Salvo 20 registros com 18 colunas em arxiv.csv (48.8 KB)
2025-12-12 03:54:01,037 - UNI_v7.3 - INFO - Google Scholar: Salvo 20 registros com 20 colunas em google_scholar.csv (41.2 KB)
2025-12-12 03:54:01,046 - UNI_v7.3 - INFO - Wikipedia: Salvo 20 registros com 24 colunas em wikipedia.csv (30.1 KB)
2025-12-12 03:54:01,049 - UNI_v7.3 - INFO - GitHub: Salvo 20 registros com 38 colunas em github.csv (14.3 KB)
2025-12-12 03:54:01,052 - UNI_v7.3 - INFO - Hacker News: Salvo 20 registros com 18 colunas em hacker_news.csv (9.6 KB)
2025-12-12 03:54:01,054 - UNI_v7.3 - INFO - Iniciando criação da base de dados consolidada...
2025-12-12 03:54:01,145 - UNI_v7.3 - INFO - Base de dados consolidada salva: 293 registros, 170 colunas, 374.3 KB
2025-12-12 03:54:01,151 - UNI_v7.3 - WARNING - Não foi possível salvar Excel: No module named 'openpyxl'
2025-12-12 03:54:01,152 - UNI_v7.3 - WARNING - Não foi possível salvar Parquet: Unable to find a usable engine; tried using: 'pyarrow', 'fastparquet'.
A suitable version of pyarrow or fastparquet is required for parquet support.
Trying to import the above resulted in these errors:
 - Missing optional dependency 'pyarrow'. pyarrow is required for parquet support. Use pip or conda to install pyarrow.
 - Missing optional dependency 'fastparquet'. fastparquet is required for parquet support. Use pip or conda to install fastparquet.
2025-12-12 03:54:01,235 - UNI_v7.3 - INFO - Resumo: JSON salvo em resumo_estatistico_bola_20251212_035401.json
2025-12-12 03:54:01,254 - UNI_v7.3 - INFO - : JSON salvo em resultados_completos.json
2025-12-12 03:54:01,325 - UNI_v7.3 - INFO - Qualidade: JSON salvo em analise_qualidade.json
2025-12-12 04:10:02,664 - UNI_v7.4 - ERROR - Erro fatal: name 'print_hint' is not defined
2025-12-12 04:11:29,541 - UNI_v7.4 - ERROR - Erro fatal: name 'print_hint' is not defined
2025-12-12 05:25:40,582 - UNI_v7.3 - INFO - Google Suggest: Iniciando coleta para 'bitcoin' (limite: 15)
2025-12-12 05:25:40,602 - urllib3.connectionpool - DEBUG - Starting new HTTPS connection (1): suggestqueries.google.com:443
2025-12-12 05:25:40,810 - urllib3.connectionpool - DEBUG - https://suggestqueries.google.com:443 "GET /complete/search?q=bitcoin&gl=br&client=chrome&hl=pt HTTP/1.1" 200 None
2025-12-12 05:25:40,813 - UNI_v7.3 - INFO - Google Suggest: Coletados 15 resultados com sucesso
2025-12-12 05:25:40,813 - UNI_v7.3 - INFO - Google Suggest: Iniciando coleta para 'bitcoin' (limite: 15)
2025-12-12 05:25:40,921 - urllib3.connectionpool - DEBUG - https://suggestqueries.google.com:443 "GET /complete/search?q=bitcoin&gl=br&client=chrome&hl=pt HTTP/1.1" 200 None
2025-12-12 05:25:40,923 - UNI_v7.3 - INFO - Google Suggest: Coletados 15 resultados com sucesso
2025-12-12 05:25:40,923 - UNI_v7.3 - INFO - Google Suggest: Iniciando coleta para 'bitcoin' (limite: 15)
2025-12-12 05:25:41,034 - urllib3.connectionpool - DEBUG - https://suggestqueries.google.com:443 "GET /complete/search?q=bitcoin&gl=br&client=chrome&hl=pt HTTP/1.1" 200 None
2025-12-12 05:25:41,035 - UNI_v7.3 - INFO - Google Suggest: Coletados 0 resultados com sucesso
2025-12-12 05:25:41,035 - UNI_v7.3 - INFO - Google Suggest: Iniciando coleta para 'bitcoin' (limite: 15)
2025-12-12 05:25:41,139 - urllib3.connectionpool - DEBUG - https://suggestqueries.google.com:443 "GET /complete/search?q=bitcoin&gl=br&client=chrome&hl=pt HTTP/1.1" 200 None
2025-12-12 05:25:41,140 - UNI_v7.3 - INFO - Google Suggest: Coletados 0 resultados com sucesso
2025-12-12 05:25:41,140 - UNI_v7.3 - INFO - Google Suggest: Iniciando coleta para 'bitcoin' (limite: 15)
2025-12-12 05:25:41,238 - urllib3.connectionpool - DEBUG - https://suggestqueries.google.com:443 "GET /complete/search?q=bitcoin&gl=br&client=chrome&hl=pt&ds=yt HTTP/1.1" 200 292
2025-12-12 05:25:41,239 - UNI_v7.3 - INFO - Google Suggest: Coletados 15 resultados com sucesso
2025-12-12 05:25:41,239 - UNI_v7.3 - INFO - Google Suggest: Iniciando coleta para 'bitcoin' (limite: 15)
2025-12-12 05:25:41,351 - urllib3.connectionpool - DEBUG - https://suggestqueries.google.com:443 "GET /complete/search?q=bitcoin&gl=br&client=chrome&hl=pt&ds=yt HTTP/1.1" 200 292
2025-12-12 05:25:41,353 - UNI_v7.3 - INFO - Google Suggest: Coletados 15 resultados com sucesso
2025-12-12 05:25:41,354 - UNI_v7.3 - INFO - Google Suggest: Iniciando coleta para 'bitcoin' (limite: 15)
2025-12-12 05:25:41,455 - urllib3.connectionpool - DEBUG - https://suggestqueries.google.com:443 "GET /complete/search?q=bitcoin&gl=br&client=chrome&hl=pt&ds=yt HTTP/1.1" 200 292
2025-12-12 05:25:41,457 - UNI_v7.3 - INFO - Google Suggest: Coletados 0 resultados com sucesso
2025-12-12 05:25:41,457 - UNI_v7.3 - INFO - Google Suggest: Iniciando coleta para 'bitcoin' (limite: 15)
2025-12-12 05:25:41,568 - urllib3.connectionpool - DEBUG - https://suggestqueries.google.com:443 "GET /complete/search?q=bitcoin&gl=br&client=chrome&hl=pt&ds=yt HTTP/1.1" 200 292
2025-12-12 05:25:41,568 - UNI_v7.3 - INFO - Google Suggest: Coletados 0 resultados com sucesso
2025-12-12 05:25:41,568 - UNI_v7.3 - INFO - Google: Iniciando coleta para 'bitcoin' (limite: 20, tentativa 1/3)
2025-12-12 05:25:41,569 - UNI_v7.3 - INFO - Bing: Iniciando coleta para 'bitcoin' (limite: 20, tentativa 1/3)
2025-12-12 05:25:41,569 - UNI_v7.3 - INFO - Brave: Iniciando coleta para 'bitcoin' (limite: 20, tentativa 1/3)
2025-12-12 05:25:41,569 - UNI_v7.3 - INFO - DuckDuckGo: Iniciando coleta para 'bitcoin' (limite: 20, tentativa 1/3)
2025-12-12 05:25:41,573 - urllib3.connectionpool - DEBUG - Starting new HTTPS connection (1): serpapi.com:443
2025-12-12 05:25:41,574 - urllib3.connectionpool - DEBUG - Starting new HTTPS connection (1): api.search.brave.com:443
2025-12-12 05:25:41,574 - googleapiclient.discovery_cache - INFO - file_cache is only supported with oauth2client<4.0.0
2025-12-12 05:25:41,578 - googleapiclient.discovery - DEBUG - URL being requested: GET https://customsearch.googleapis.com/customsearch/v1?q=bitcoin&cx=f07ccd3b922d6437b&gl=br&lr=lang_pt&start=1&num=10&safe=off&key=AIzaSyBj80B2fwVvFEMtcQU8tPV_NCNaEmQvzhc&alt=json
2025-12-12 05:25:41,697 - primp.utils - DEBUG - Loaded CA certs
2025-12-12 05:25:41,697 - primp.utils - DEBUG - Loaded CA certs
2025-12-12 05:25:41,697 - primp.utils - DEBUG - Loaded CA certs
2025-12-12 05:25:41,697 - primp.utils - DEBUG - Loaded CA certs
2025-12-12 05:25:41,697 - primp.utils - DEBUG - Loaded CA certs
2025-12-12 05:25:41,697 - primp.utils - DEBUG - Loaded CA certs
2025-12-12 05:25:41,698 - primp.utils - DEBUG - Loaded CA certs
2025-12-12 05:25:41,702 - primp.utils - DEBUG - Loaded CA certs
2025-12-12 05:25:41,702 - ddgs.ddgs - INFO - Error in engine wikipedia: ValueError('not enough values to unpack (expected 2, got 1)')
2025-12-12 05:25:41,702 - ddgs.ddgs - INFO - Error in engine mojeek: ValueError('not enough values to unpack (expected 2, got 1)')
2025-12-12 05:25:41,702 - ddgs.ddgs - INFO - Error in engine bing: ValueError('not enough values to unpack (expected 2, got 1)')
2025-12-12 05:25:41,703 - rquest.connect - DEBUG - starting new connection: https://yandex.com/
2025-12-12 05:25:41,703 - rquest.util.client.connect.dns - DEBUG - resolving yandex.com
2025-12-12 05:25:41,704 - rquest.util.client.connect.http - DEBUG - connecting to 77.88.55.88:443
2025-12-12 05:25:41,822 - urllib3.connectionpool - DEBUG - https://serpapi.com:443 "GET /search?engine=bing&q=bitcoin&cc=br&count=20&api_key=e71430bcff8bdc906f7a5ed9ae1538355c2efb0fb88ffa071f7125a76cc2b142&safe=off HTTP/1.1" 200 None
2025-12-12 05:25:41,823 - UNI_v7.3 - INFO - Bing: Coletados 10 resultados com sucesso
2025-12-12 05:25:41,989 - rquest.util.client.connect.http - DEBUG - connected to 77.88.55.88:443
2025-12-12 05:25:42,278 - rquest.util.client.pool - DEBUG - pooling idle connection for PoolKey { uri: https://yandex.com/, alpn_protos: None, network: default }
2025-12-12 05:25:42,287 - googleapiclient.discovery - DEBUG - URL being requested: GET https://customsearch.googleapis.com/customsearch/v1?q=bitcoin&cx=f07ccd3b922d6437b&gl=br&lr=lang_pt&start=11&num=10&safe=off&key=AIzaSyBj80B2fwVvFEMtcQU8tPV_NCNaEmQvzhc&alt=json
2025-12-12 05:25:42,503 - UNI_v7.3 - INFO - Google: Coletados 20 resultados com sucesso
2025-12-12 05:25:42,632 - urllib3.connectionpool - DEBUG - https://api.search.brave.com:443 "GET /res/v1/web/search?q=bitcoin&count=20&offset=0&country=br&safesearch=off HTTP/1.1" 200 None
2025-12-12 05:25:42,812 - UNI_v7.3 - INFO - Brave: Coletados 20 resultados com sucesso
2025-12-12 05:25:43,241 - cookie_store.cookie_store - DEBUG - inserting secure cookie 'is_gdpr'
2025-12-12 05:25:43,241 - cookie_store.cookie_store - DEBUG - inserting secure cookie 'is_gdpr_b'
2025-12-12 05:25:43,241 - cookie_store.cookie_store - DEBUG - inserting secure cookie '_yasc'
2025-12-12 05:25:43,241 - cookie_store.cookie_store - DEBUG - inserting secure cookie 'i'
2025-12-12 05:25:43,241 - cookie_store.cookie_store - DEBUG - inserting secure cookie 'yandexuid'
2025-12-12 05:25:43,241 - cookie_store.cookie_store - DEBUG - inserting secure cookie 'yashr'
2025-12-12 05:25:43,241 - cookie_store.cookie_store - DEBUG - inserting secure cookie 'bh'
2025-12-12 05:25:43,241 - primp - INFO - response: https://yandex.com/search/site/?text=bitcoin&web=1&searchid=7901418 200
2025-12-12 05:25:43,243 - ddgs.ddgs - INFO - Error in engine brave: ValueError('not enough values to unpack (expected 2, got 1)')
2025-12-12 05:25:43,244 - httpcore.connection - DEBUG - connect_tcp.started host='html.duckduckgo.com' port=443 local_address=None timeout=5 socket_options=None
2025-12-12 05:25:43,276 - httpcore.connection - DEBUG - connect_tcp.complete return_value=<httpcore._backends.sync.SyncStream object at 0x112d957f0>
2025-12-12 05:25:43,276 - httpcore.connection - DEBUG - start_tls.started ssl_context=<ssl.SSLContext object at 0x112ccbc10> server_hostname='html.duckduckgo.com' timeout=5
2025-12-12 05:25:43,309 - httpcore.connection - DEBUG - start_tls.complete return_value=<httpcore._backends.sync.SyncStream object at 0x112d957c0>
2025-12-12 05:25:43,310 - httpcore.http2 - DEBUG - send_connection_init.started request=<Request [b'POST']>
2025-12-12 05:25:43,310 - httpcore.http2 - DEBUG - send_connection_init.complete
2025-12-12 05:25:43,310 - httpcore.http2 - DEBUG - send_request_headers.started request=<Request [b'POST']> stream_id=1
2025-12-12 05:25:43,310 - hpack.hpack - DEBUG - Adding (b':method', b'POST') to the header table, sensitive:False, huffman:True
2025-12-12 05:25:43,310 - hpack.hpack - DEBUG - Encoding 3 with 7 bits
2025-12-12 05:25:43,310 - hpack.hpack - DEBUG - Adding (b':authority', b'html.duckduckgo.com') to the header table, sensitive:False, huffman:True
2025-12-12 05:25:43,310 - hpack.hpack - DEBUG - Encoding 1 with 6 bits
2025-12-12 05:25:43,310 - hpack.hpack - DEBUG - Encoding 14 with 7 bits
2025-12-12 05:25:43,310 - hpack.hpack - DEBUG - Adding (b':scheme', b'https') to the header table, sensitive:False, huffman:True
2025-12-12 05:25:43,311 - hpack.hpack - DEBUG - Encoding 7 with 7 bits
2025-12-12 05:25:43,311 - hpack.hpack - DEBUG - Adding (b':path', b'/html/') to the header table, sensitive:False, huffman:True
2025-12-12 05:25:43,311 - hpack.hpack - DEBUG - Encoding 4 with 6 bits
2025-12-12 05:25:43,311 - hpack.hpack - DEBUG - Encoding 5 with 7 bits
2025-12-12 05:25:43,311 - hpack.hpack - DEBUG - Adding (b'accept', b'*/*') to the header table, sensitive:False, huffman:True
2025-12-12 05:25:43,311 - hpack.hpack - DEBUG - Encoding 19 with 6 bits
2025-12-12 05:25:43,311 - hpack.hpack - DEBUG - Encoding 3 with 7 bits
2025-12-12 05:25:43,311 - hpack.hpack - DEBUG - Adding (b'accept-encoding', b'gzip, deflate, br') to the header table, sensitive:False, huffman:True
2025-12-12 05:25:43,311 - hpack.hpack - DEBUG - Encoding 16 with 6 bits
2025-12-12 05:25:43,311 - hpack.hpack - DEBUG - Encoding 13 with 7 bits
2025-12-12 05:25:43,311 - hpack.hpack - DEBUG - Adding (b'user-agent', b'python-httpx/0.28.1') to the header table, sensitive:False, huffman:True
2025-12-12 05:25:43,311 - hpack.hpack - DEBUG - Encoding 58 with 6 bits
2025-12-12 05:25:43,311 - hpack.hpack - DEBUG - Encoding 14 with 7 bits
2025-12-12 05:25:43,311 - hpack.hpack - DEBUG - Adding (b'content-length', b'17') to the header table, sensitive:False, huffman:True
2025-12-12 05:25:43,311 - hpack.hpack - DEBUG - Encoding 28 with 6 bits
2025-12-12 05:25:43,311 - hpack.hpack - DEBUG - Encoding 2 with 7 bits
2025-12-12 05:25:43,311 - hpack.hpack - DEBUG - Adding (b'content-type', b'application/x-www-form-urlencoded') to the header table, sensitive:False, huffman:True
2025-12-12 05:25:43,311 - hpack.hpack - DEBUG - Encoding 31 with 6 bits
2025-12-12 05:25:43,311 - hpack.hpack - DEBUG - Encoding 24 with 7 bits
2025-12-12 05:25:43,311 - hpack.hpack - DEBUG - Encoded header block to b"\x83A\x8e\x9d4\xd0\xbc\x96\x93\xac\x96\x93\xac\xc7\\\x87\xa7\x87D\x85bt\xd3C\x1fS\x83\xf9c\xe7P\x8d\x9b\xd9\xab\xfaRB\xcb@\xd2_\xa5#\xb3z\x8e\xaf\xd2g=KN\x94\xd7\xe5\x80.'\x97\x0f\\\x82\x0b\xbf_\x98\x1du\xd0b\r&=Ly[\xc7\x8f\x0bJ{)Z\xdb(-D<\x85\x93"
2025-12-12 05:25:43,312 - httpcore.http2 - DEBUG - send_request_headers.complete
2025-12-12 05:25:43,312 - httpcore.http2 - DEBUG - send_request_body.started request=<Request [b'POST']> stream_id=1
2025-12-12 05:25:43,312 - httpcore.http2 - DEBUG - send_request_body.complete
2025-12-12 05:25:43,312 - httpcore.http2 - DEBUG - receive_response_headers.started request=<Request [b'POST']> stream_id=1
2025-12-12 05:25:43,312 - httpcore.http2 - DEBUG - receive_remote_settings.started
2025-12-12 05:25:43,312 - httpcore.http2 - DEBUG - receive_remote_settings.complete return_value=<RemoteSettingsChanged changed_settings:{ChangedSetting(setting=SettingCodes.MAX_CONCURRENT_STREAMS, original_value=None, new_value=100), ChangedSetting(setting=SettingCodes.INITIAL_WINDOW_SIZE, original_value=65535, new_value=65536), ChangedSetting(setting=SettingCodes.MAX_FRAME_SIZE, original_value=16384, new_value=16777215)}>
2025-12-12 05:25:43,354 - hpack.hpack - DEBUG - Decoding b' H\x03202v\x84\xaacU\xe7a\x96\xc3a\xbe\x94\x08\x94\xbeR( \t\xb5\x00\xf5\xc17q\xa6T\xc5\xa3\x7f_\x92I|\xa5\x89\xd3M\x1fj\x12q\xd8\x82\xa6\x0e\x1b\xf0\xac\xf7\x00\x8aAl\xee[\x16I\xa95S\x7f\x9eI\xd2:>\xe4\xb6\xc8\x04/\xb9\n\x82A\xfc\xdd\x19:\x96\xa9\x14\xdet\x8e\x85?\xf7W\xff?\x9f\x00\x04vary\x85\xd5a\xa65_\x00\x91Bl1\x12\xb2l\x1dH\xac\xf6%d\x14\x96\xd8d\xfa\x8c\xa4~V\x1c\xc5\x81\x90\xb6\xcb\x80\x00?\x00\x89\xf2\xb5\x87\x8c\xe9B\xc9\x1c\xdf\x85\xa8\xe6\xaaB\xf9\x00\x8d\xac\xb6Rd \xc7\xa9\x0bVz\x0cO_\x8e5I-\x85BV!\xe7=\x89\x83\xfa\xfe\xff\x00\x90!\xeaIjJ\xc8)-\xb0\xc9\xf4\xb5g\xa0\xc4\xf5\xff\xe4\t\x90\xb2\x8e\xda\x12\xb2,"\x9f\xea\xa3\xd4_\xf4\xa7\xda\x84=U\x14\x89Y\x16\x11E\'JkE\xc6\x18\x92\xd2u\\fRt\xa6\xb4\\a\x8f\x95\xe4\xb4\x9dW\x19\x94\x9d)\xad\x17\x18bKI\xd6KI\xd6c\xaeC\xd2\xa4\xe9Mh\xb8\xc3\x1f+\xc9i:\xc9i:\xccu\xc8zT\x9d)\xad\x17\x18bKI\xd6KI\xd6c\xcd3B\xf3\xd0\xe4t^YGA\xa0\xfe\x0e;%\x8ebS\xdeSR9R\x97\x13\xe0s#\xc7\xb2{\x1c\x8b\x9e\xa3\x1e\xa6\x14\x9d)\xad\x17\x18a\x15\xd8Q\xc9]\x86\xee2z\\\x87\xa5O\xb5)\x1dF\x94\xa8J\xc8\xb0\x8a):SZ.0\xc4\x96\x93\xaa\xe32\x93\xa55\xa2\xe3\x0c|\xaf%\xa4\xea\xb8\xcc\xa4\xe9Mh\xb8\xc3\x12ZN\xb2ZN\xb3\x1dr\x1e\x95\'JkE\xc6\x18\xf9^KI\xd6KI\xd6c\xaeC\xd2\xa4\xe9Mh\xb8\xc3\x12ZN\xb2ZN\xb3\x1ei\x9a\x17\x9e\x87#\xa2\xf2\xca:\r\x07\xf0q\xd9,s\x12\x9e\xf2\x9a\x91\xca\x94\xb8\x9f\x03\x99\x1e=\x93\xd8\xe4\\\xf5\x18\xf50\xa4\xe9Mh\xb8\xc3\x08\xae\xc2\x8eJ\xec7q\x93\xd2\xe4=*}\xa9Id0\xd6E\x84QI\xd2\x9a\xd1q\x86$\xb4\x9dW\x19\x94\x9d)\xad\x17\x18c\xe5y-\'U\xc6e\'JkE\xc6\x18\x92\xd2u\x92\xd2u\x98\xeb\x90\xf4\xa9:SZ.0\xc7\xca\xf2ZN\xb2ZN\xb3\x1dr\x1e\x95\'JkE\xc6\x18\x92\xd2u\x92\xd2u\x98\xf3L\xd0\xbc\xf49\x1d\x17\x96Q\xd0h?\x83\x8e\xc9c\x98\x94\xf7\x94\xd4\x8eT\xa5\xc4\xf8\x1c\xc8\xf1\xec\x9e\xc7"\xe7\xa8\xc7\xa9\x85\'JkE\xc6\x18Ev\x14rWa\xbb\x8c\x9e\x97!\xe9S\xedD\x12\xc3V\x95\x91a\x14\x8e\x83\xc7qE\'JkE\xc6\x18\x92\xd2u\\fRt\xa6\xb4\\a\x8f\x95\xe4\xb4\x9dW\x19\x94\x9d)\xad\x17\x18bKI\xd6KI\xd6c\xaeC\xd2\xa4\xe9Mh\xb8\xc3\x1f+\xc9i:\xc9i:\xccu\xc8zT\x9d)\xad\x17\x18bKI\xd6KI\xd6c\xcd3B\xf3\xd0\xe4t^YGA\xa0\xfe\x0e;%\x8ebS\xdeSR9R\x97\x13\xe0s#\xc7\xb2{\x1c\x8b\x9e\xa3\x1e\xa6\x14\x9d)\xad\x17\x18a\x15\xd8Q\xc9]\x86\xee2z\\\x87\xa5O\xb5%=IY\x16\x11I\x06\x91\xdcQI\xd2\x9a\xd1q\x86$\xb4\x9dW\x19\x94\x9d)\xad\x17\x18c\xe5y-\'U\xc6e\'JkE\xc6\x18\x92\xd2u\x92\xd2u\x98\xeb\x90\xf4\xa9:SZ.0\xc7\xca\xf2ZN\xb2ZN\xb3\x1dr\x1e\x95\'JkE\xc6\x18\x92\xd2u\x92\xd2u\x98\xf3L\xd0\xbc\xf49\x1d\x17\x96Q\xd0h?\x83\x8e\xc9c\x98\x94\xf7\x94\xd4\x8eT\xa5\xc4\xf8\x1c\xc8\xf1\xec\x9e\xc7"\xe7\xa8\xc7\xa9\x85\'JkE\xc6\x18Ev\x14rWa\xbb\x8c\x9e\x97!\xe9S\xedCS2\xc8\xb0\x8aH4\x8e\xe2\x8aN\x94\xd6\x8b\x8c1%\xa4\xea\xb8\xcc\xa4\xe9Mh\xb8\xc3\x1f+\xc9i:\xae3):SZ.0\xc4\x96\x93\xac\x96\x93\xac\xc7\\\x87\xa5I\xd2\x9a\xd1q\x86>W\x92\xd2u\x92\xd2u\x98\xeb\x90\xf4\xa9:SZ.0\xc4\x96\x93\xac\x96\x93\xac\xc7\x9af\x85\xe7\xa1\xc8\xe8\xbc\xb2\x8e\x83A\xfc\x1cvK\x1c\xc4\xa7\xbc\xa6\xa4r\xa5.\'\xc0\xe6G\x8fd\xf69\x17=F=L):SZ.0\xc2+\xb0\xa3\x92\xbb\r\xdcd\xf4\xb9\x0fJ\x9fj!>\xa8*\xc8\xb0\x8a):SZ.0\xc4\x96\x93\xaa\xe32\x93\xa55\xa2\xe3\x0c|\xaf%\xa4\xea\xb8\xcc\xa4\xe9Mh\xb8\xc3\x12ZN\xb2ZN\xb3\x1dr\x1e\x95\'JkE\xc6\x18\xf9^KI\xd6KI\xd6c\xaeC\xd2\xa4\xe9Mh\xb8\xc3\x12ZN\xb2ZN\xb3\x1ei\x9a\x17\x9e\x87#\xa2\xf2\xca:\r\x07\xf0q\xd9,s\x12\x9e\xf2\x9a\x91\xca\x94\xb8\x9f\x03\x99\x1e=\x93\xd8\xe4\\\xf5\x18\xf50\xa4\xe9Mh\xb8\xc3\x08\xae\xc2\x8eJ\xec7q\x93\xd2\xe4=*}\xa8x\xfa\x14\x89Y\x16\x11O\xf5Q\xea/\xfaS\xedO\x07\xb3\xa9lY\x16\x11H\xe8<w\x14\xfbP\x93\x9a\x89\x16E\x84R:\x0f\x1d\xc5\x14\x9d)\xad\x17\x18bKI\xd5q\x99I\xd2\x9a\xd1q\x86>W\x92\xd2u\\fRt\xa6\xb4\\a\x89-\'Y-\'Y\x8e\xb9\x0fJ\x93\xa55\xa2\xe3\x0c|\xaf%\xa4\xeb%\xa4\xeb1\xd7!\xe9Rt\xa6\xb4\\a\x89-\'Y-\'Y\x8f4\xcd\x0b\xcfC\x91\xd1ye\x1d\x06\x83\xf88\xec\x969\x89OyMH\xe5J\\O\x81\xcc\x8f\x1e\xc9\xecr.z\x8cz\x98Rt\xa6\xb4\\a\x84WaG%v\x1b\xb8\xc9\xe9r\x1e\x95>\xd4\x96\xc1\xd2U\x91a\x14\x8e\x83\xc7qE\'JkE\xc6\x18\x92\xd2u\\fRt\xa6\xb4\\a\x8f\x95\xe4\xb4\x9dW\x19\x94\x9d)\xad\x17\x18bKI\xd6KI\xd6c\xaeC\xd2\xa4\xe9Mh\xb8\xc3\x1f+\xc9i:\xc9i:\xccu\xc8zT\x9d)\xad\x17\x18bKI\xd6KI\xd6c\xcd3B\xf3\xd0\xe4t^YGA\xa0\xfe\x0e;%\x8ebS\xdeSR9R\x97\x13\xe0s#\xc7\xb2{\x1c\x8b\x9e\xa3\x1e\xa6\x14\x9d)\xad\x17\x18a\x15\xd8Q\xc9]\x86\xee2z\\\x87\xa5O\xb5%\xb0t\x95a\xd4B\xa1\'\xb1\n\x7f\xa4\x16\x89\x7f\xd2\x9fjF4\x15kl2\x9f\xe9\x05\xa2_\xf4\xa7\xda\x91\xd0ruXtP\xb5&\xf2Y\x16!\xeaIjJ\x9f\x7f\x00\x8b\xf2\xb4\xb6\x0e\x92\xacz\xd2c\xd4\x8f\x89\xdd\x0e\x8c\x1a\xb6\xe4\xc5\x93O\x00\x8c\xf2\xb7\x94!j\xec:JD\x98\xf5\x7f\x89\x0f\xdd\'\x90\xb0GA\xc9\xd7\x00\x90\xf2\xb1\x0fRKRVO\xaa\xca\xb1\xebI\x8fR?\x85\xa8\xe8\xa8\xd2\xcb\x00\x8b\xb0\xb2\x96\xcb\x0bb\xd5\x9e\x83\x13\xd7\x85=\x86\x98\xd5\x7f\x00\x87/\x9a\xcaD\xacD\xff\x87\xa4~V\x1c\xc5\x80\x1f'
2025-12-12 05:25:43,354 - hpack.hpack - DEBUG - Decoded 0, consumed 1 bytes
2025-12-12 05:25:43,354 - hpack.table - DEBUG - Resizing header table to 0 from 4096
2025-12-12 05:25:43,354 - hpack.hpack - DEBUG - Decoded 8, consumed 1 bytes
2025-12-12 05:25:43,354 - hpack.hpack - DEBUG - Decoded 3, consumed 1 bytes
2025-12-12 05:25:43,355 - hpack.hpack - DEBUG - Decoded (b':status', <memory at 0x112d61dc0>), total consumed 5 bytes, indexed True
2025-12-12 05:25:43,355 - hpack.hpack - DEBUG - Decoded 54, consumed 1 bytes
2025-12-12 05:25:43,355 - hpack.hpack - DEBUG - Decoded 4, consumed 1 bytes
2025-12-12 05:25:43,355 - hpack.hpack - DEBUG - Decoded (b'server', b'nginx'), total consumed 6 bytes, indexed True
2025-12-12 05:25:43,355 - hpack.hpack - DEBUG - Decoded 33, consumed 1 bytes
2025-12-12 05:25:43,355 - hpack.hpack - DEBUG - Decoded 22, consumed 1 bytes
2025-12-12 05:25:43,355 - hpack.hpack - DEBUG - Decoded (b'date', b'Fri, 12 Dec 2025 08:25:43 GMT'), total consumed 24 bytes, indexed True
2025-12-12 05:25:43,355 - hpack.hpack - DEBUG - Decoded 31, consumed 1 bytes
2025-12-12 05:25:43,355 - hpack.hpack - DEBUG - Decoded 18, consumed 1 bytes
2025-12-12 05:25:43,355 - hpack.hpack - DEBUG - Decoded (b'content-type', b'text/html; charset=UTF-8'), total consumed 20 bytes, indexed True
2025-12-12 05:25:43,355 - hpack.hpack - DEBUG - Decoded 10, consumed 1 bytes
2025-12-12 05:25:43,355 - hpack.hpack - DEBUG - Decoded 30, consumed 1 bytes
2025-12-12 05:25:43,355 - hpack.hpack - DEBUG - Decoded (b'server-timing', b'total;dur=22;desc="Backend Total [n]"'), total consumed 43 bytes, indexed False
2025-12-12 05:25:43,355 - hpack.hpack - DEBUG - Decoded 4, consumed 1 bytes
2025-12-12 05:25:43,355 - hpack.hpack - DEBUG - Decoded 5, consumed 1 bytes
2025-12-12 05:25:43,355 - hpack.hpack - DEBUG - Decoded (<memory at 0x112d61a00>, b'Origin'), total consumed 12 bytes, indexed False
2025-12-12 05:25:43,355 - hpack.hpack - DEBUG - Decoded 17, consumed 1 bytes
2025-12-12 05:25:43,355 - hpack.hpack - DEBUG - Decoded 12, consumed 1 bytes
2025-12-12 05:25:43,355 - hpack.hpack - DEBUG - Decoded (b'strict-transport-security', b'max-age=31536000'), total consumed 32 bytes, indexed False
2025-12-12 05:25:43,356 - hpack.hpack - DEBUG - Decoded 9, consumed 1 bytes
2025-12-12 05:25:43,356 - hpack.hpack - DEBUG - Decoded 5, consumed 1 bytes
2025-12-12 05:25:43,356 - hpack.hpack - DEBUG - Decoded (b'x-robots-tag', b'noindex'), total consumed 17 bytes, indexed False
2025-12-12 05:25:43,356 - hpack.hpack - DEBUG - Decoded 13, consumed 1 bytes
2025-12-12 05:25:43,356 - hpack.hpack - DEBUG - Decoded 14, consumed 1 bytes
2025-12-12 05:25:43,356 - hpack.hpack - DEBUG - Decoded (b'permissions-policy', b'interest-cohort=()'), total consumed 30 bytes, indexed False
2025-12-12 05:25:43,356 - hpack.hpack - DEBUG - Decoded 16, consumed 1 bytes
2025-12-12 05:25:43,356 - hpack.hpack - DEBUG - Decoded 1379, consumed 3 bytes
2025-12-12 05:25:43,357 - hpack.hpack - DEBUG - Decoded (b'content-security-policy', b"default-src 'none' ; connect-src  https://duck.ai https://*.duck.ai https://duckduckgo.com https://*.duckduckgo.com https://duckduckgogg42xjoc72x3sjasowoarfbgcmvfimaftt6twagswzczad.onion/ https://spreadprivacy.com ; manifest-src  https://duck.ai https://*.duck.ai https://duckduckgo.com https://*.duckduckgo.com https://duckduckgogg42xjoc72x3sjasowoarfbgcmvfimaftt6twagswzczad.onion/ https://spreadprivacy.com ; media-src  https://duck.ai https://*.duck.ai https://duckduckgo.com https://*.duckduckgo.com https://duckduckgogg42xjoc72x3sjasowoarfbgcmvfimaftt6twagswzczad.onion/ https://spreadprivacy.com ; script-src blob:  https://duck.ai https://*.duck.ai https://duckduckgo.com https://*.duckduckgo.com https://duckduckgogg42xjoc72x3sjasowoarfbgcmvfimaftt6twagswzczad.onion/ https://spreadprivacy.com ; font-src data:  https://duck.ai https://*.duck.ai https://duckduckgo.com https://*.duckduckgo.com https://duckduckgogg42xjoc72x3sjasowoarfbgcmvfimaftt6twagswzczad.onion/ https://spreadprivacy.com ; img-src data:  https://duck.ai https://*.duck.ai https://duckduckgo.com https://*.duckduckgo.com https://duckduckgogg42xjoc72x3sjasowoarfbgcmvfimaftt6twagswzczad.onion/ https://spreadprivacy.com ; style-src  https://duck.ai https://*.duck.ai https://duckduckgo.com https://*.duckduckgo.com https://duckduckgogg42xjoc72x3sjasowoarfbgcmvfimaftt6twagswzczad.onion/ https://spreadprivacy.com ; object-src 'none' ; worker-src blob: ; child-src blob:  https://duck.ai https://*.duck.ai https://duckduckgo.com https://*.duckduckgo.com https://duckduckgogg42xjoc72x3sjasowoarfbgcmvfimaftt6twagswzczad.onion/ https://spreadprivacy.com ; frame-src blob:  https://duck.ai https://*.duck.ai https://duckduckgo.com https://*.duckduckgo.com https://duckduckgogg42xjoc72x3sjasowoarfbgcmvfimaftt6twagswzczad.onion/ https://spreadprivacy.com ; frame-ancestors 'self' ; base-uri 'self' ; block-all-mixed-content ;"), total consumed 1400 bytes, indexed False
2025-12-12 05:25:43,357 - hpack.hpack - DEBUG - Decoded 11, consumed 1 bytes
2025-12-12 05:25:43,357 - hpack.hpack - DEBUG - Decoded 9, consumed 1 bytes
2025-12-12 05:25:43,357 - hpack.hpack - DEBUG - Decoded (b'x-frame-options', b'SAMEORIGIN'), total consumed 23 bytes, indexed False
2025-12-12 05:25:43,357 - hpack.hpack - DEBUG - Decoded 12, consumed 1 bytes
2025-12-12 05:25:43,357 - hpack.hpack - DEBUG - Decoded 9, consumed 1 bytes
2025-12-12 05:25:43,357 - hpack.hpack - DEBUG - Decoded (b'x-xss-protection', b'1;mode=block'), total consumed 24 bytes, indexed False
2025-12-12 05:25:43,357 - hpack.hpack - DEBUG - Decoded 16, consumed 1 bytes
2025-12-12 05:25:43,357 - hpack.hpack - DEBUG - Decoded 5, consumed 1 bytes
2025-12-12 05:25:43,357 - hpack.hpack - DEBUG - Decoded (b'x-content-type-options', b'nosniff'), total consumed 24 bytes, indexed False
2025-12-12 05:25:43,358 - hpack.hpack - DEBUG - Decoded 11, consumed 1 bytes
2025-12-12 05:25:43,358 - hpack.hpack - DEBUG - Decoded 5, consumed 1 bytes
2025-12-12 05:25:43,358 - hpack.hpack - DEBUG - Decoded (b'referrer-policy', b'origin'), total consumed 19 bytes, indexed False
2025-12-12 05:25:43,358 - hpack.hpack - DEBUG - Decoded 7, consumed 1 bytes
2025-12-12 05:25:43,358 - hpack.hpack - DEBUG - Decoded 7, consumed 1 bytes
2025-12-12 05:25:43,358 - hpack.hpack - DEBUG - Decoded (b'expect-ct', b'max-age=0'), total consumed 17 bytes, indexed False
2025-12-12 05:25:43,358 - httpcore.http2 - DEBUG - receive_response_headers.complete return_value=(202, [(b'server', b'nginx'), (b'date', b'Fri, 12 Dec 2025 08:25:43 GMT'), (b'content-type', b'text/html; charset=UTF-8'), (b'server-timing', b'total;dur=22;desc="Backend Total [n]"'), (b'vary', b'Origin'), (b'strict-transport-security', b'max-age=31536000'), (b'x-robots-tag', b'noindex'), (b'permissions-policy', b'interest-cohort=()'), (b'content-security-policy', b"default-src 'none' ; connect-src  https://duck.ai https://*.duck.ai https://duckduckgo.com https://*.duckduckgo.com https://duckduckgogg42xjoc72x3sjasowoarfbgcmvfimaftt6twagswzczad.onion/ https://spreadprivacy.com ; manifest-src  https://duck.ai https://*.duck.ai https://duckduckgo.com https://*.duckduckgo.com https://duckduckgogg42xjoc72x3sjasowoarfbgcmvfimaftt6twagswzczad.onion/ https://spreadprivacy.com ; media-src  https://duck.ai https://*.duck.ai https://duckduckgo.com https://*.duckduckgo.com https://duckduckgogg42xjoc72x3sjasowoarfbgcmvfimaftt6twagswzczad.onion/ https://spreadprivacy.com ; script-src blob:  https://duck.ai https://*.duck.ai https://duckduckgo.com https://*.duckduckgo.com https://duckduckgogg42xjoc72x3sjasowoarfbgcmvfimaftt6twagswzczad.onion/ https://spreadprivacy.com ; font-src data:  https://duck.ai https://*.duck.ai https://duckduckgo.com https://*.duckduckgo.com https://duckduckgogg42xjoc72x3sjasowoarfbgcmvfimaftt6twagswzczad.onion/ https://spreadprivacy.com ; img-src data:  https://duck.ai https://*.duck.ai https://duckduckgo.com https://*.duckduckgo.com https://duckduckgogg42xjoc72x3sjasowoarfbgcmvfimaftt6twagswzczad.onion/ https://spreadprivacy.com ; style-src  https://duck.ai https://*.duck.ai https://duckduckgo.com https://*.duckduckgo.com https://duckduckgogg42xjoc72x3sjasowoarfbgcmvfimaftt6twagswzczad.onion/ https://spreadprivacy.com ; object-src 'none' ; worker-src blob: ; child-src blob:  https://duck.ai https://*.duck.ai https://duckduckgo.com https://*.duckduckgo.com https://duckduckgogg42xjoc72x3sjasowoarfbgcmvfimaftt6twagswzczad.onion/ https://spreadprivacy.com ; frame-src blob:  https://duck.ai https://*.duck.ai https://duckduckgo.com https://*.duckduckgo.com https://duckduckgogg42xjoc72x3sjasowoarfbgcmvfimaftt6twagswzczad.onion/ https://spreadprivacy.com ; frame-ancestors 'self' ; base-uri 'self' ; block-all-mixed-content ;"), (b'x-frame-options', b'SAMEORIGIN'), (b'x-xss-protection', b'1;mode=block'), (b'x-content-type-options', b'nosniff'), (b'referrer-policy', b'origin'), (b'expect-ct', b'max-age=0')])
2025-12-12 05:25:43,359 - httpx - INFO - HTTP Request: POST https://html.duckduckgo.com/html/ "HTTP/2 202 Accepted"
2025-12-12 05:25:43,359 - httpcore.http2 - DEBUG - receive_response_body.started request=<Request [b'POST']> stream_id=1
2025-12-12 05:25:43,369 - httpcore.http2 - DEBUG - receive_response_body.complete
2025-12-12 05:25:43,369 - httpcore.http2 - DEBUG - response_closed.started stream_id=1
2025-12-12 05:25:43,369 - httpcore.http2 - DEBUG - response_closed.complete
2025-12-12 05:25:43,370 - rquest.connect - DEBUG - starting new connection: https://search.yahoo.com/
2025-12-12 05:25:43,370 - rquest.util.client.connect.dns - DEBUG - resolving search.yahoo.com
2025-12-12 05:25:43,376 - rquest.util.client.connect.http - DEBUG - connecting to 66.218.84.137:443
2025-12-12 05:25:43,579 - rquest.util.client.connect.http - DEBUG - connected to 66.218.84.137:443
2025-12-12 05:25:43,783 - rquest.util.client.pool - DEBUG - pooling idle connection for PoolKey { uri: https://search.yahoo.com/, alpn_protos: None, network: default }
2025-12-12 05:25:44,392 - cookie_store.cookie_store - DEBUG - inserting secure cookie 'lkl'
2025-12-12 05:25:44,393 - cookie_store.cookie_store - DEBUG - inserting secure cookie 'A1'
2025-12-12 05:25:44,393 - cookie_store.cookie_store - DEBUG - inserting secure cookie 'A3'
2025-12-12 05:25:44,393 - cookie_store.cookie_store - DEBUG - inserting secure cookie 'A1S'
2025-12-12 05:25:44,393 - cookie_store.cookie_store - DEBUG - inserting secure cookie 'dflow'
2025-12-12 05:25:44,393 - primp - INFO - response: https://search.yahoo.com/search;_ylt=AKao0oe455DwPmSd0vbyNkAP;_ylu=VvlBjhrP3JxBs9afhq_eAud9AfmIJRXt1BimsgI4OPF7IiM?p=bitcoin 200
2025-12-12 05:25:45,074 - ddgs.ddgs - INFO - Error in engine mullvad_google: ValueError('not enough values to unpack (expected 2, got 1)')
2025-12-12 05:25:45,075 - ddgs.ddgs - INFO - Error in engine mullvad_brave: ValueError('not enough values to unpack (expected 2, got 1)')
2025-12-12 05:25:45,075 - UNI_v7.3 - INFO - DuckDuckGo: Coletados 17 resultados com sucesso
2025-12-12 05:25:45,075 - UNI_v7.3 - INFO - YouTube: Iniciando coleta para 'bitcoin' (limite: 20)
2025-12-12 05:25:45,078 - googleapiclient.discovery_cache - INFO - file_cache is only supported with oauth2client<4.0.0
2025-12-12 05:25:45,085 - googleapiclient.discovery - DEBUG - URL being requested: GET https://youtube.googleapis.com/youtube/v3/search?part=snippet&q=bitcoin&type=video&maxResults=20&order=relevance&regionCode=BR&relevanceLanguage=pt&key=AIzaSyBj80B2fwVvFEMtcQU8tPV_NCNaEmQvzhc&alt=json
2025-12-12 05:25:45,549 - googleapiclient.discovery - DEBUG - URL being requested: GET https://youtube.googleapis.com/youtube/v3/videos?part=statistics%2CcontentDetails%2Csnippet%2Cstatus&id=4r5G_EWUGqM%2CGqdi1B7jKsI%2CdloBqocJ39I%2CrH6PLR7-2ps%2CuYro8SWqirM%2CNsX0dhmdGwk%2CR4dVZbD1ZdI%2CkcGxVdXcyjY%2C81PC3PYSVBA%2CnrXsD5kJYYs%2CEV_TftnS-dI%2C-dHFJ25H8p0%2CH12gMVRjIns%2C3yuFhsv8FXA%2CUJ15dLYUFiA%2ChkO4zzaAs8k%2CpyrTi9kkh28%2CZ1_Fq5oH0C0%2CYy4ku6dEPlI%2CP8HTEu7JLfM&key=AIzaSyBj80B2fwVvFEMtcQU8tPV_NCNaEmQvzhc&alt=json
2025-12-12 05:25:45,896 - UNI_v7.3 - INFO - YouTube: Coletados 20 resultados com sucesso
2025-12-12 05:25:45,897 - UNI_v7.3 - ERROR - Erro ao coletar YouTube: name 'coletar_comentarios_youtube' is not defined
2025-12-12 05:25:45,902 - UNI_v7.3 - DEBUG - Traceback (most recent call last):
  File "/Users/eas/Desktop/github/emersonalmeida/emersonalmeida.github.io/project/uni/uni_v7.py", line 3806, in modo_personalizado
    comentarios = coletar_comentarios_youtube(
NameError: name 'coletar_comentarios_youtube' is not defined

2025-12-12 05:25:45,902 - UNI_v7.3 - INFO - YouTube: Iniciando coleta para 'bitcoin' (limite: 20)
2025-12-12 05:25:45,903 - googleapiclient.discovery_cache - INFO - file_cache is only supported with oauth2client<4.0.0
2025-12-12 05:25:45,912 - googleapiclient.discovery - DEBUG - URL being requested: GET https://youtube.googleapis.com/youtube/v3/search?part=snippet&q=bitcoin&type=video&maxResults=20&order=date&regionCode=BR&relevanceLanguage=pt&key=AIzaSyBj80B2fwVvFEMtcQU8tPV_NCNaEmQvzhc&alt=json
2025-12-12 05:25:46,328 - googleapiclient.discovery - DEBUG - URL being requested: GET https://youtube.googleapis.com/youtube/v3/videos?part=statistics%2CcontentDetails%2Csnippet%2Cstatus&id=hPFtGJPNl7Y%2CJzAGtUtI1BI%2C67BvQ-JuH0M%2CsQhDpCS4QnI%2CRvZyzDGhW64%2CzB_FP3SIaNw%2CdmQHpbmNwPM%2CAxLhBykJEOw%2CnAbzYnumuhw%2CCXJaCfVoGbw%2CCskX_k6gzHY%2CM-AZVCOQVgU%2CpyrTi9kkh28%2Cy-Q5yrIZQYc%2CTTw8DNkHMHQ%2CkcGxVdXcyjY%2CAlpuLg-C0No%2CqgNgiOnRW8M%2CqedWBAAJSLU%2CIB_khhhxNU0&key=AIzaSyBj80B2fwVvFEMtcQU8tPV_NCNaEmQvzhc&alt=json
2025-12-12 05:25:46,683 - UNI_v7.3 - INFO - YouTube: Coletados 20 resultados com sucesso
2025-12-12 05:25:46,685 - UNI_v7.3 - ERROR - Erro ao coletar YouTube: name 'coletar_comentarios_youtube' is not defined
2025-12-12 05:25:46,685 - UNI_v7.3 - DEBUG - Traceback (most recent call last):
  File "/Users/eas/Desktop/github/emersonalmeida/emersonalmeida.github.io/project/uni/uni_v7.py", line 3806, in modo_personalizado
    comentarios = coletar_comentarios_youtube(
NameError: name 'coletar_comentarios_youtube' is not defined

2025-12-12 05:25:46,685 - UNI_v7.3 - INFO - YouTube: Iniciando coleta para 'bitcoin' (limite: 20)
2025-12-12 05:25:46,688 - googleapiclient.discovery_cache - INFO - file_cache is only supported with oauth2client<4.0.0
2025-12-12 05:25:46,694 - googleapiclient.discovery - DEBUG - URL being requested: GET https://youtube.googleapis.com/youtube/v3/search?part=snippet&q=bitcoin&type=video&maxResults=20&order=viewCount&regionCode=BR&relevanceLanguage=pt&key=AIzaSyBj80B2fwVvFEMtcQU8tPV_NCNaEmQvzhc&alt=json
2025-12-12 05:25:47,009 - googleapiclient.discovery - DEBUG - URL being requested: GET https://youtube.googleapis.com/youtube/v3/videos?part=statistics%2CcontentDetails%2Csnippet%2Cstatus&id=8aYr2ueCFvs%2CtrVmDXMaj-M%2CGztiW6DOhck%2CkFgQBPtPfgc%2CqLKADDR7t0E%2Ct_eN9r6-hKQ%2CzhPqD19DjYw%2CYMIZ5mHRO4E%2CwN0OaLUYI2I%2CdQ8b4E6vX-4%2CCYyUbSHSR6M%2C3aWyRWPBLTk%2ChHQl63HuAtU%2CTGhgfrioBhU%2CD3m-7GNeP6M%2CzTbXc92cgg4%2CJNDKNWYTqNs%2CDrfU1Aa8dK4%2CpsnfySnzeRo%2Cywka38FnqqY&key=AIzaSyBj80B2fwVvFEMtcQU8tPV_NCNaEmQvzhc&alt=json
2025-12-12 05:25:47,366 - UNI_v7.3 - INFO - YouTube: Coletados 20 resultados com sucesso
2025-12-12 05:25:47,367 - UNI_v7.3 - ERROR - Erro ao coletar YouTube: name 'coletar_comentarios_youtube' is not defined
2025-12-12 05:25:47,367 - UNI_v7.3 - DEBUG - Traceback (most recent call last):
  File "/Users/eas/Desktop/github/emersonalmeida/emersonalmeida.github.io/project/uni/uni_v7.py", line 3806, in modo_personalizado
    comentarios = coletar_comentarios_youtube(
NameError: name 'coletar_comentarios_youtube' is not defined

2025-12-12 05:25:47,379 - UNI_v7.3 - INFO - Google Play: Iniciando coleta para 'bitcoin' (limite: 20, tentativa 1/3)
2025-12-12 05:25:54,262 - UNI_v7.3 - INFO - Google Play: Coletados 20 resultados com sucesso
2025-12-12 05:25:54,262 - UNI_v7.3 - ERROR - Google Play Reviews: Erro inesperado: HELPFULNESS
2025-12-12 05:25:54,265 - UNI_v7.3 - DEBUG - Traceback (most recent call last):
  File "/Users/eas/Desktop/github/emersonalmeida/emersonalmeida.github.io/project/uni/uni_v7.py", line 2053, in coletar_reviews_google_play
    "most_helpful": Sort.HELPFULNESS
  File "/Library/Developer/CommandLineTools/Library/Frameworks/Python3.framework/Versions/3.9/lib/python3.9/enum.py", line 429, in __getattr__
    raise AttributeError(name) from None
AttributeError: HELPFULNESS

2025-12-12 05:25:54,265 - UNI_v7.3 - ERROR - Google Play Reviews: Erro inesperado: HELPFULNESS
2025-12-12 05:25:54,265 - UNI_v7.3 - DEBUG - Traceback (most recent call last):
  File "/Users/eas/Desktop/github/emersonalmeida/emersonalmeida.github.io/project/uni/uni_v7.py", line 2053, in coletar_reviews_google_play
    "most_helpful": Sort.HELPFULNESS
  File "/Library/Developer/CommandLineTools/Library/Frameworks/Python3.framework/Versions/3.9/lib/python3.9/enum.py", line 429, in __getattr__
    raise AttributeError(name) from None
AttributeError: HELPFULNESS

2025-12-12 05:25:54,265 - UNI_v7.3 - ERROR - Google Play Reviews: Erro inesperado: HELPFULNESS
2025-12-12 05:25:54,265 - UNI_v7.3 - DEBUG - Traceback (most recent call last):
  File "/Users/eas/Desktop/github/emersonalmeida/emersonalmeida.github.io/project/uni/uni_v7.py", line 2053, in coletar_reviews_google_play
    "most_helpful": Sort.HELPFULNESS
  File "/Library/Developer/CommandLineTools/Library/Frameworks/Python3.framework/Versions/3.9/lib/python3.9/enum.py", line 429, in __getattr__
    raise AttributeError(name) from None
AttributeError: HELPFULNESS

2025-12-12 05:25:54,265 - UNI_v7.3 - ERROR - Google Play Reviews: Erro inesperado: HELPFULNESS
2025-12-12 05:25:54,265 - UNI_v7.3 - DEBUG - Traceback (most recent call last):
  File "/Users/eas/Desktop/github/emersonalmeida/emersonalmeida.github.io/project/uni/uni_v7.py", line 2053, in coletar_reviews_google_play
    "most_helpful": Sort.HELPFULNESS
  File "/Library/Developer/CommandLineTools/Library/Frameworks/Python3.framework/Versions/3.9/lib/python3.9/enum.py", line 429, in __getattr__
    raise AttributeError(name) from None
AttributeError: HELPFULNESS

2025-12-12 05:25:54,265 - UNI_v7.3 - ERROR - Google Play Reviews: Erro inesperado: HELPFULNESS
2025-12-12 05:25:54,265 - UNI_v7.3 - DEBUG - Traceback (most recent call last):
  File "/Users/eas/Desktop/github/emersonalmeida/emersonalmeida.github.io/project/uni/uni_v7.py", line 2053, in coletar_reviews_google_play
    "most_helpful": Sort.HELPFULNESS
  File "/Library/Developer/CommandLineTools/Library/Frameworks/Python3.framework/Versions/3.9/lib/python3.9/enum.py", line 429, in __getattr__
    raise AttributeError(name) from None
AttributeError: HELPFULNESS

2025-12-12 05:25:54,265 - UNI_v7.3 - ERROR - Google Play Reviews: Erro inesperado: HELPFULNESS
2025-12-12 05:25:54,265 - UNI_v7.3 - DEBUG - Traceback (most recent call last):
  File "/Users/eas/Desktop/github/emersonalmeida/emersonalmeida.github.io/project/uni/uni_v7.py", line 2053, in coletar_reviews_google_play
    "most_helpful": Sort.HELPFULNESS
  File "/Library/Developer/CommandLineTools/Library/Frameworks/Python3.framework/Versions/3.9/lib/python3.9/enum.py", line 429, in __getattr__
    raise AttributeError(name) from None
AttributeError: HELPFULNESS

2025-12-12 05:25:54,266 - UNI_v7.3 - ERROR - Google Play Reviews: Erro inesperado: HELPFULNESS
2025-12-12 05:25:54,266 - UNI_v7.3 - DEBUG - Traceback (most recent call last):
  File "/Users/eas/Desktop/github/emersonalmeida/emersonalmeida.github.io/project/uni/uni_v7.py", line 2053, in coletar_reviews_google_play
    "most_helpful": Sort.HELPFULNESS
  File "/Library/Developer/CommandLineTools/Library/Frameworks/Python3.framework/Versions/3.9/lib/python3.9/enum.py", line 429, in __getattr__
    raise AttributeError(name) from None
AttributeError: HELPFULNESS

2025-12-12 05:25:54,266 - UNI_v7.3 - ERROR - Google Play Reviews: Erro inesperado: HELPFULNESS
2025-12-12 05:25:54,266 - UNI_v7.3 - DEBUG - Traceback (most recent call last):
  File "/Users/eas/Desktop/github/emersonalmeida/emersonalmeida.github.io/project/uni/uni_v7.py", line 2053, in coletar_reviews_google_play
    "most_helpful": Sort.HELPFULNESS
  File "/Library/Developer/CommandLineTools/Library/Frameworks/Python3.framework/Versions/3.9/lib/python3.9/enum.py", line 429, in __getattr__
    raise AttributeError(name) from None
AttributeError: HELPFULNESS

2025-12-12 05:25:54,266 - UNI_v7.3 - ERROR - Google Play Reviews: Erro inesperado: HELPFULNESS
2025-12-12 05:25:54,266 - UNI_v7.3 - DEBUG - Traceback (most recent call last):
  File "/Users/eas/Desktop/github/emersonalmeida/emersonalmeida.github.io/project/uni/uni_v7.py", line 2053, in coletar_reviews_google_play
    "most_helpful": Sort.HELPFULNESS
  File "/Library/Developer/CommandLineTools/Library/Frameworks/Python3.framework/Versions/3.9/lib/python3.9/enum.py", line 429, in __getattr__
    raise AttributeError(name) from None
AttributeError: HELPFULNESS

2025-12-12 05:25:54,266 - UNI_v7.3 - ERROR - Google Play Reviews: Erro inesperado: HELPFULNESS
2025-12-12 05:25:54,266 - UNI_v7.3 - DEBUG - Traceback (most recent call last):
  File "/Users/eas/Desktop/github/emersonalmeida/emersonalmeida.github.io/project/uni/uni_v7.py", line 2053, in coletar_reviews_google_play
    "most_helpful": Sort.HELPFULNESS
  File "/Library/Developer/CommandLineTools/Library/Frameworks/Python3.framework/Versions/3.9/lib/python3.9/enum.py", line 429, in __getattr__
    raise AttributeError(name) from None
AttributeError: HELPFULNESS

2025-12-12 05:25:54,266 - UNI_v7.3 - ERROR - Google Play Reviews: Erro inesperado: HELPFULNESS
2025-12-12 05:25:54,266 - UNI_v7.3 - DEBUG - Traceback (most recent call last):
  File "/Users/eas/Desktop/github/emersonalmeida/emersonalmeida.github.io/project/uni/uni_v7.py", line 2053, in coletar_reviews_google_play
    "most_helpful": Sort.HELPFULNESS
  File "/Library/Developer/CommandLineTools/Library/Frameworks/Python3.framework/Versions/3.9/lib/python3.9/enum.py", line 429, in __getattr__
    raise AttributeError(name) from None
AttributeError: HELPFULNESS

2025-12-12 05:25:54,266 - UNI_v7.3 - ERROR - Google Play Reviews: Erro inesperado: HELPFULNESS
2025-12-12 05:25:54,266 - UNI_v7.3 - DEBUG - Traceback (most recent call last):
  File "/Users/eas/Desktop/github/emersonalmeida/emersonalmeida.github.io/project/uni/uni_v7.py", line 2053, in coletar_reviews_google_play
    "most_helpful": Sort.HELPFULNESS
  File "/Library/Developer/CommandLineTools/Library/Frameworks/Python3.framework/Versions/3.9/lib/python3.9/enum.py", line 429, in __getattr__
    raise AttributeError(name) from None
AttributeError: HELPFULNESS

2025-12-12 05:25:54,267 - UNI_v7.3 - ERROR - Google Play Reviews: Erro inesperado: HELPFULNESS
2025-12-12 05:25:54,267 - UNI_v7.3 - DEBUG - Traceback (most recent call last):
  File "/Users/eas/Desktop/github/emersonalmeida/emersonalmeida.github.io/project/uni/uni_v7.py", line 2053, in coletar_reviews_google_play
    "most_helpful": Sort.HELPFULNESS
  File "/Library/Developer/CommandLineTools/Library/Frameworks/Python3.framework/Versions/3.9/lib/python3.9/enum.py", line 429, in __getattr__
    raise AttributeError(name) from None
AttributeError: HELPFULNESS

2025-12-12 05:25:54,267 - UNI_v7.3 - ERROR - Google Play Reviews: Erro inesperado: HELPFULNESS
2025-12-12 05:25:54,267 - UNI_v7.3 - DEBUG - Traceback (most recent call last):
  File "/Users/eas/Desktop/github/emersonalmeida/emersonalmeida.github.io/project/uni/uni_v7.py", line 2053, in coletar_reviews_google_play
    "most_helpful": Sort.HELPFULNESS
  File "/Library/Developer/CommandLineTools/Library/Frameworks/Python3.framework/Versions/3.9/lib/python3.9/enum.py", line 429, in __getattr__
    raise AttributeError(name) from None
AttributeError: HELPFULNESS

2025-12-12 05:25:54,267 - UNI_v7.3 - ERROR - Google Play Reviews: Erro inesperado: HELPFULNESS
2025-12-12 05:25:54,267 - UNI_v7.3 - DEBUG - Traceback (most recent call last):
  File "/Users/eas/Desktop/github/emersonalmeida/emersonalmeida.github.io/project/uni/uni_v7.py", line 2053, in coletar_reviews_google_play
    "most_helpful": Sort.HELPFULNESS
  File "/Library/Developer/CommandLineTools/Library/Frameworks/Python3.framework/Versions/3.9/lib/python3.9/enum.py", line 429, in __getattr__
    raise AttributeError(name) from None
AttributeError: HELPFULNESS

2025-12-12 05:25:54,267 - UNI_v7.3 - ERROR - Google Play Reviews: Erro inesperado: HELPFULNESS
2025-12-12 05:25:54,267 - UNI_v7.3 - DEBUG - Traceback (most recent call last):
  File "/Users/eas/Desktop/github/emersonalmeida/emersonalmeida.github.io/project/uni/uni_v7.py", line 2053, in coletar_reviews_google_play
    "most_helpful": Sort.HELPFULNESS
  File "/Library/Developer/CommandLineTools/Library/Frameworks/Python3.framework/Versions/3.9/lib/python3.9/enum.py", line 429, in __getattr__
    raise AttributeError(name) from None
AttributeError: HELPFULNESS

2025-12-12 05:25:54,267 - UNI_v7.3 - ERROR - Google Play Reviews: Erro inesperado: HELPFULNESS
2025-12-12 05:25:54,267 - UNI_v7.3 - DEBUG - Traceback (most recent call last):
  File "/Users/eas/Desktop/github/emersonalmeida/emersonalmeida.github.io/project/uni/uni_v7.py", line 2053, in coletar_reviews_google_play
    "most_helpful": Sort.HELPFULNESS
  File "/Library/Developer/CommandLineTools/Library/Frameworks/Python3.framework/Versions/3.9/lib/python3.9/enum.py", line 429, in __getattr__
    raise AttributeError(name) from None
AttributeError: HELPFULNESS

2025-12-12 05:25:54,268 - UNI_v7.3 - ERROR - Google Play Reviews: Erro inesperado: HELPFULNESS
2025-12-12 05:25:54,268 - UNI_v7.3 - DEBUG - Traceback (most recent call last):
  File "/Users/eas/Desktop/github/emersonalmeida/emersonalmeida.github.io/project/uni/uni_v7.py", line 2053, in coletar_reviews_google_play
    "most_helpful": Sort.HELPFULNESS
  File "/Library/Developer/CommandLineTools/Library/Frameworks/Python3.framework/Versions/3.9/lib/python3.9/enum.py", line 429, in __getattr__
    raise AttributeError(name) from None
AttributeError: HELPFULNESS

2025-12-12 05:25:54,268 - UNI_v7.3 - ERROR - Google Play Reviews: Erro inesperado: HELPFULNESS
2025-12-12 05:25:54,268 - UNI_v7.3 - DEBUG - Traceback (most recent call last):
  File "/Users/eas/Desktop/github/emersonalmeida/emersonalmeida.github.io/project/uni/uni_v7.py", line 2053, in coletar_reviews_google_play
    "most_helpful": Sort.HELPFULNESS
  File "/Library/Developer/CommandLineTools/Library/Frameworks/Python3.framework/Versions/3.9/lib/python3.9/enum.py", line 429, in __getattr__
    raise AttributeError(name) from None
AttributeError: HELPFULNESS

2025-12-12 05:25:54,268 - UNI_v7.3 - ERROR - Google Play Reviews: Erro inesperado: HELPFULNESS
2025-12-12 05:25:54,268 - UNI_v7.3 - DEBUG - Traceback (most recent call last):
  File "/Users/eas/Desktop/github/emersonalmeida/emersonalmeida.github.io/project/uni/uni_v7.py", line 2053, in coletar_reviews_google_play
    "most_helpful": Sort.HELPFULNESS
  File "/Library/Developer/CommandLineTools/Library/Frameworks/Python3.framework/Versions/3.9/lib/python3.9/enum.py", line 429, in __getattr__
    raise AttributeError(name) from None
AttributeError: HELPFULNESS

2025-12-12 05:25:54,268 - UNI_v7.3 - ERROR - Google Play Reviews: Erro inesperado: HELPFULNESS
2025-12-12 05:25:54,268 - UNI_v7.3 - DEBUG - Traceback (most recent call last):
  File "/Users/eas/Desktop/github/emersonalmeida/emersonalmeida.github.io/project/uni/uni_v7.py", line 2053, in coletar_reviews_google_play
    "most_helpful": Sort.HELPFULNESS
  File "/Library/Developer/CommandLineTools/Library/Frameworks/Python3.framework/Versions/3.9/lib/python3.9/enum.py", line 429, in __getattr__
    raise AttributeError(name) from None
AttributeError: HELPFULNESS

2025-12-12 05:25:54,268 - UNI_v7.3 - ERROR - Google Play Reviews: Erro inesperado: HELPFULNESS
2025-12-12 05:25:54,268 - UNI_v7.3 - DEBUG - Traceback (most recent call last):
  File "/Users/eas/Desktop/github/emersonalmeida/emersonalmeida.github.io/project/uni/uni_v7.py", line 2053, in coletar_reviews_google_play
    "most_helpful": Sort.HELPFULNESS
  File "/Library/Developer/CommandLineTools/Library/Frameworks/Python3.framework/Versions/3.9/lib/python3.9/enum.py", line 429, in __getattr__
    raise AttributeError(name) from None
AttributeError: HELPFULNESS

2025-12-12 05:25:54,268 - UNI_v7.3 - ERROR - Google Play Reviews: Erro inesperado: HELPFULNESS
2025-12-12 05:25:54,269 - UNI_v7.3 - DEBUG - Traceback (most recent call last):
  File "/Users/eas/Desktop/github/emersonalmeida/emersonalmeida.github.io/project/uni/uni_v7.py", line 2053, in coletar_reviews_google_play
    "most_helpful": Sort.HELPFULNESS
  File "/Library/Developer/CommandLineTools/Library/Frameworks/Python3.framework/Versions/3.9/lib/python3.9/enum.py", line 429, in __getattr__
    raise AttributeError(name) from None
AttributeError: HELPFULNESS

2025-12-12 05:25:54,269 - UNI_v7.3 - ERROR - Google Play Reviews: Erro inesperado: HELPFULNESS
2025-12-12 05:25:54,269 - UNI_v7.3 - DEBUG - Traceback (most recent call last):
  File "/Users/eas/Desktop/github/emersonalmeida/emersonalmeida.github.io/project/uni/uni_v7.py", line 2053, in coletar_reviews_google_play
    "most_helpful": Sort.HELPFULNESS
  File "/Library/Developer/CommandLineTools/Library/Frameworks/Python3.framework/Versions/3.9/lib/python3.9/enum.py", line 429, in __getattr__
    raise AttributeError(name) from None
AttributeError: HELPFULNESS

2025-12-12 05:25:54,269 - UNI_v7.3 - ERROR - Google Play Reviews: Erro inesperado: HELPFULNESS
2025-12-12 05:25:54,269 - UNI_v7.3 - DEBUG - Traceback (most recent call last):
  File "/Users/eas/Desktop/github/emersonalmeida/emersonalmeida.github.io/project/uni/uni_v7.py", line 2053, in coletar_reviews_google_play
    "most_helpful": Sort.HELPFULNESS
  File "/Library/Developer/CommandLineTools/Library/Frameworks/Python3.framework/Versions/3.9/lib/python3.9/enum.py", line 429, in __getattr__
    raise AttributeError(name) from None
AttributeError: HELPFULNESS

2025-12-12 05:25:54,269 - UNI_v7.3 - ERROR - Google Play Reviews: Erro inesperado: HELPFULNESS
2025-12-12 05:25:54,269 - UNI_v7.3 - DEBUG - Traceback (most recent call last):
  File "/Users/eas/Desktop/github/emersonalmeida/emersonalmeida.github.io/project/uni/uni_v7.py", line 2053, in coletar_reviews_google_play
    "most_helpful": Sort.HELPFULNESS
  File "/Library/Developer/CommandLineTools/Library/Frameworks/Python3.framework/Versions/3.9/lib/python3.9/enum.py", line 429, in __getattr__
    raise AttributeError(name) from None
AttributeError: HELPFULNESS

2025-12-12 05:25:54,269 - UNI_v7.3 - ERROR - Google Play Reviews: Erro inesperado: HELPFULNESS
2025-12-12 05:25:54,269 - UNI_v7.3 - DEBUG - Traceback (most recent call last):
  File "/Users/eas/Desktop/github/emersonalmeida/emersonalmeida.github.io/project/uni/uni_v7.py", line 2053, in coletar_reviews_google_play
    "most_helpful": Sort.HELPFULNESS
  File "/Library/Developer/CommandLineTools/Library/Frameworks/Python3.framework/Versions/3.9/lib/python3.9/enum.py", line 429, in __getattr__
    raise AttributeError(name) from None
AttributeError: HELPFULNESS

2025-12-12 05:25:54,269 - UNI_v7.3 - ERROR - Google Play Reviews: Erro inesperado: HELPFULNESS
2025-12-12 05:25:54,269 - UNI_v7.3 - DEBUG - Traceback (most recent call last):
  File "/Users/eas/Desktop/github/emersonalmeida/emersonalmeida.github.io/project/uni/uni_v7.py", line 2053, in coletar_reviews_google_play
    "most_helpful": Sort.HELPFULNESS
  File "/Library/Developer/CommandLineTools/Library/Frameworks/Python3.framework/Versions/3.9/lib/python3.9/enum.py", line 429, in __getattr__
    raise AttributeError(name) from None
AttributeError: HELPFULNESS

2025-12-12 05:25:54,269 - UNI_v7.3 - ERROR - Google Play Reviews: Erro inesperado: HELPFULNESS
2025-12-12 05:25:54,270 - UNI_v7.3 - DEBUG - Traceback (most recent call last):
  File "/Users/eas/Desktop/github/emersonalmeida/emersonalmeida.github.io/project/uni/uni_v7.py", line 2053, in coletar_reviews_google_play
    "most_helpful": Sort.HELPFULNESS
  File "/Library/Developer/CommandLineTools/Library/Frameworks/Python3.framework/Versions/3.9/lib/python3.9/enum.py", line 429, in __getattr__
    raise AttributeError(name) from None
AttributeError: HELPFULNESS

2025-12-12 05:25:54,270 - UNI_v7.3 - ERROR - Google Play Reviews: Erro inesperado: HELPFULNESS
2025-12-12 05:25:54,270 - UNI_v7.3 - DEBUG - Traceback (most recent call last):
  File "/Users/eas/Desktop/github/emersonalmeida/emersonalmeida.github.io/project/uni/uni_v7.py", line 2053, in coletar_reviews_google_play
    "most_helpful": Sort.HELPFULNESS
  File "/Library/Developer/CommandLineTools/Library/Frameworks/Python3.framework/Versions/3.9/lib/python3.9/enum.py", line 429, in __getattr__
    raise AttributeError(name) from None
AttributeError: HELPFULNESS

2025-12-12 05:25:54,270 - UNI_v7.3 - ERROR - Google Play Reviews: Erro inesperado: HELPFULNESS
2025-12-12 05:25:54,270 - UNI_v7.3 - DEBUG - Traceback (most recent call last):
  File "/Users/eas/Desktop/github/emersonalmeida/emersonalmeida.github.io/project/uni/uni_v7.py", line 2053, in coletar_reviews_google_play
    "most_helpful": Sort.HELPFULNESS
  File "/Library/Developer/CommandLineTools/Library/Frameworks/Python3.framework/Versions/3.9/lib/python3.9/enum.py", line 429, in __getattr__
    raise AttributeError(name) from None
AttributeError: HELPFULNESS

2025-12-12 05:25:54,270 - UNI_v7.3 - ERROR - Google Play Reviews: Erro inesperado: HELPFULNESS
2025-12-12 05:25:54,270 - UNI_v7.3 - DEBUG - Traceback (most recent call last):
  File "/Users/eas/Desktop/github/emersonalmeida/emersonalmeida.github.io/project/uni/uni_v7.py", line 2053, in coletar_reviews_google_play
    "most_helpful": Sort.HELPFULNESS
  File "/Library/Developer/CommandLineTools/Library/Frameworks/Python3.framework/Versions/3.9/lib/python3.9/enum.py", line 429, in __getattr__
    raise AttributeError(name) from None
AttributeError: HELPFULNESS

2025-12-12 05:25:54,270 - UNI_v7.3 - ERROR - Google Play Reviews: Erro inesperado: HELPFULNESS
2025-12-12 05:25:54,270 - UNI_v7.3 - DEBUG - Traceback (most recent call last):
  File "/Users/eas/Desktop/github/emersonalmeida/emersonalmeida.github.io/project/uni/uni_v7.py", line 2053, in coletar_reviews_google_play
    "most_helpful": Sort.HELPFULNESS
  File "/Library/Developer/CommandLineTools/Library/Frameworks/Python3.framework/Versions/3.9/lib/python3.9/enum.py", line 429, in __getattr__
    raise AttributeError(name) from None
AttributeError: HELPFULNESS

2025-12-12 05:25:54,270 - UNI_v7.3 - ERROR - Google Play Reviews: Erro inesperado: HELPFULNESS
2025-12-12 05:25:54,271 - UNI_v7.3 - DEBUG - Traceback (most recent call last):
  File "/Users/eas/Desktop/github/emersonalmeida/emersonalmeida.github.io/project/uni/uni_v7.py", line 2053, in coletar_reviews_google_play
    "most_helpful": Sort.HELPFULNESS
  File "/Library/Developer/CommandLineTools/Library/Frameworks/Python3.framework/Versions/3.9/lib/python3.9/enum.py", line 429, in __getattr__
    raise AttributeError(name) from None
AttributeError: HELPFULNESS

2025-12-12 05:25:54,271 - UNI_v7.3 - ERROR - Google Play Reviews: Erro inesperado: HELPFULNESS
2025-12-12 05:25:54,271 - UNI_v7.3 - DEBUG - Traceback (most recent call last):
  File "/Users/eas/Desktop/github/emersonalmeida/emersonalmeida.github.io/project/uni/uni_v7.py", line 2053, in coletar_reviews_google_play
    "most_helpful": Sort.HELPFULNESS
  File "/Library/Developer/CommandLineTools/Library/Frameworks/Python3.framework/Versions/3.9/lib/python3.9/enum.py", line 429, in __getattr__
    raise AttributeError(name) from None
AttributeError: HELPFULNESS

2025-12-12 05:25:54,271 - UNI_v7.3 - ERROR - Google Play Reviews: Erro inesperado: HELPFULNESS
2025-12-12 05:25:54,271 - UNI_v7.3 - DEBUG - Traceback (most recent call last):
  File "/Users/eas/Desktop/github/emersonalmeida/emersonalmeida.github.io/project/uni/uni_v7.py", line 2053, in coletar_reviews_google_play
    "most_helpful": Sort.HELPFULNESS
  File "/Library/Developer/CommandLineTools/Library/Frameworks/Python3.framework/Versions/3.9/lib/python3.9/enum.py", line 429, in __getattr__
    raise AttributeError(name) from None
AttributeError: HELPFULNESS

2025-12-12 05:25:54,271 - UNI_v7.3 - ERROR - Google Play Reviews: Erro inesperado: HELPFULNESS
2025-12-12 05:25:54,271 - UNI_v7.3 - DEBUG - Traceback (most recent call last):
  File "/Users/eas/Desktop/github/emersonalmeida/emersonalmeida.github.io/project/uni/uni_v7.py", line 2053, in coletar_reviews_google_play
    "most_helpful": Sort.HELPFULNESS
  File "/Library/Developer/CommandLineTools/Library/Frameworks/Python3.framework/Versions/3.9/lib/python3.9/enum.py", line 429, in __getattr__
    raise AttributeError(name) from None
AttributeError: HELPFULNESS

2025-12-12 05:25:54,271 - UNI_v7.3 - ERROR - Google Play Reviews: Erro inesperado: HELPFULNESS
2025-12-12 05:25:54,271 - UNI_v7.3 - DEBUG - Traceback (most recent call last):
  File "/Users/eas/Desktop/github/emersonalmeida/emersonalmeida.github.io/project/uni/uni_v7.py", line 2053, in coletar_reviews_google_play
    "most_helpful": Sort.HELPFULNESS
  File "/Library/Developer/CommandLineTools/Library/Frameworks/Python3.framework/Versions/3.9/lib/python3.9/enum.py", line 429, in __getattr__
    raise AttributeError(name) from None
AttributeError: HELPFULNESS

2025-12-12 05:25:54,272 - UNI_v7.3 - ERROR - Google Play Reviews: Erro inesperado: HELPFULNESS
2025-12-12 05:25:54,272 - UNI_v7.3 - DEBUG - Traceback (most recent call last):
  File "/Users/eas/Desktop/github/emersonalmeida/emersonalmeida.github.io/project/uni/uni_v7.py", line 2053, in coletar_reviews_google_play
    "most_helpful": Sort.HELPFULNESS
  File "/Library/Developer/CommandLineTools/Library/Frameworks/Python3.framework/Versions/3.9/lib/python3.9/enum.py", line 429, in __getattr__
    raise AttributeError(name) from None
AttributeError: HELPFULNESS

2025-12-12 05:25:54,272 - UNI_v7.3 - ERROR - Google Play Reviews: Erro inesperado: HELPFULNESS
2025-12-12 05:25:54,272 - UNI_v7.3 - DEBUG - Traceback (most recent call last):
  File "/Users/eas/Desktop/github/emersonalmeida/emersonalmeida.github.io/project/uni/uni_v7.py", line 2053, in coletar_reviews_google_play
    "most_helpful": Sort.HELPFULNESS
  File "/Library/Developer/CommandLineTools/Library/Frameworks/Python3.framework/Versions/3.9/lib/python3.9/enum.py", line 429, in __getattr__
    raise AttributeError(name) from None
AttributeError: HELPFULNESS

2025-12-12 05:25:54,272 - UNI_v7.3 - ERROR - Google Play Reviews: Erro inesperado: HELPFULNESS
2025-12-12 05:25:54,272 - UNI_v7.3 - DEBUG - Traceback (most recent call last):
  File "/Users/eas/Desktop/github/emersonalmeida/emersonalmeida.github.io/project/uni/uni_v7.py", line 2053, in coletar_reviews_google_play
    "most_helpful": Sort.HELPFULNESS
  File "/Library/Developer/CommandLineTools/Library/Frameworks/Python3.framework/Versions/3.9/lib/python3.9/enum.py", line 429, in __getattr__
    raise AttributeError(name) from None
AttributeError: HELPFULNESS

2025-12-12 05:25:54,272 - UNI_v7.3 - ERROR - Google Play Reviews: Erro inesperado: HELPFULNESS
2025-12-12 05:25:54,272 - UNI_v7.3 - DEBUG - Traceback (most recent call last):
  File "/Users/eas/Desktop/github/emersonalmeida/emersonalmeida.github.io/project/uni/uni_v7.py", line 2053, in coletar_reviews_google_play
    "most_helpful": Sort.HELPFULNESS
  File "/Library/Developer/CommandLineTools/Library/Frameworks/Python3.framework/Versions/3.9/lib/python3.9/enum.py", line 429, in __getattr__
    raise AttributeError(name) from None
AttributeError: HELPFULNESS

2025-12-12 05:25:54,272 - UNI_v7.3 - ERROR - Google Play Reviews: Erro inesperado: HELPFULNESS
2025-12-12 05:25:54,273 - UNI_v7.3 - DEBUG - Traceback (most recent call last):
  File "/Users/eas/Desktop/github/emersonalmeida/emersonalmeida.github.io/project/uni/uni_v7.py", line 2053, in coletar_reviews_google_play
    "most_helpful": Sort.HELPFULNESS
  File "/Library/Developer/CommandLineTools/Library/Frameworks/Python3.framework/Versions/3.9/lib/python3.9/enum.py", line 429, in __getattr__
    raise AttributeError(name) from None
AttributeError: HELPFULNESS

2025-12-12 05:25:54,273 - UNI_v7.3 - ERROR - Google Play Reviews: Erro inesperado: HELPFULNESS
2025-12-12 05:25:54,273 - UNI_v7.3 - DEBUG - Traceback (most recent call last):
  File "/Users/eas/Desktop/github/emersonalmeida/emersonalmeida.github.io/project/uni/uni_v7.py", line 2053, in coletar_reviews_google_play
    "most_helpful": Sort.HELPFULNESS
  File "/Library/Developer/CommandLineTools/Library/Frameworks/Python3.framework/Versions/3.9/lib/python3.9/enum.py", line 429, in __getattr__
    raise AttributeError(name) from None
AttributeError: HELPFULNESS

2025-12-12 05:25:54,273 - UNI_v7.3 - ERROR - Google Play Reviews: Erro inesperado: HELPFULNESS
2025-12-12 05:25:54,273 - UNI_v7.3 - DEBUG - Traceback (most recent call last):
  File "/Users/eas/Desktop/github/emersonalmeida/emersonalmeida.github.io/project/uni/uni_v7.py", line 2053, in coletar_reviews_google_play
    "most_helpful": Sort.HELPFULNESS
  File "/Library/Developer/CommandLineTools/Library/Frameworks/Python3.framework/Versions/3.9/lib/python3.9/enum.py", line 429, in __getattr__
    raise AttributeError(name) from None
AttributeError: HELPFULNESS

2025-12-12 05:25:54,273 - UNI_v7.3 - ERROR - Google Play Reviews: Erro inesperado: HELPFULNESS
2025-12-12 05:25:54,274 - UNI_v7.3 - DEBUG - Traceback (most recent call last):
  File "/Users/eas/Desktop/github/emersonalmeida/emersonalmeida.github.io/project/uni/uni_v7.py", line 2053, in coletar_reviews_google_play
    "most_helpful": Sort.HELPFULNESS
  File "/Library/Developer/CommandLineTools/Library/Frameworks/Python3.framework/Versions/3.9/lib/python3.9/enum.py", line 429, in __getattr__
    raise AttributeError(name) from None
AttributeError: HELPFULNESS

2025-12-12 05:25:54,274 - UNI_v7.3 - ERROR - Google Play Reviews: Erro inesperado: HELPFULNESS
2025-12-12 05:25:54,274 - UNI_v7.3 - DEBUG - Traceback (most recent call last):
  File "/Users/eas/Desktop/github/emersonalmeida/emersonalmeida.github.io/project/uni/uni_v7.py", line 2053, in coletar_reviews_google_play
    "most_helpful": Sort.HELPFULNESS
  File "/Library/Developer/CommandLineTools/Library/Frameworks/Python3.framework/Versions/3.9/lib/python3.9/enum.py", line 429, in __getattr__
    raise AttributeError(name) from None
AttributeError: HELPFULNESS

2025-12-12 05:25:54,276 - UNI_v7.3 - ERROR - Google Play Reviews: Erro inesperado: HELPFULNESS
2025-12-12 05:25:54,276 - UNI_v7.3 - DEBUG - Traceback (most recent call last):
  File "/Users/eas/Desktop/github/emersonalmeida/emersonalmeida.github.io/project/uni/uni_v7.py", line 2053, in coletar_reviews_google_play
    "most_helpful": Sort.HELPFULNESS
  File "/Library/Developer/CommandLineTools/Library/Frameworks/Python3.framework/Versions/3.9/lib/python3.9/enum.py", line 429, in __getattr__
    raise AttributeError(name) from None
AttributeError: HELPFULNESS

2025-12-12 05:25:54,276 - UNI_v7.3 - ERROR - Google Play Reviews: Erro inesperado: HELPFULNESS
2025-12-12 05:25:54,276 - UNI_v7.3 - DEBUG - Traceback (most recent call last):
  File "/Users/eas/Desktop/github/emersonalmeida/emersonalmeida.github.io/project/uni/uni_v7.py", line 2053, in coletar_reviews_google_play
    "most_helpful": Sort.HELPFULNESS
  File "/Library/Developer/CommandLineTools/Library/Frameworks/Python3.framework/Versions/3.9/lib/python3.9/enum.py", line 429, in __getattr__
    raise AttributeError(name) from None
AttributeError: HELPFULNESS

2025-12-12 05:25:54,276 - UNI_v7.3 - ERROR - Google Play Reviews: Erro inesperado: HELPFULNESS
2025-12-12 05:25:54,276 - UNI_v7.3 - DEBUG - Traceback (most recent call last):
  File "/Users/eas/Desktop/github/emersonalmeida/emersonalmeida.github.io/project/uni/uni_v7.py", line 2053, in coletar_reviews_google_play
    "most_helpful": Sort.HELPFULNESS
  File "/Library/Developer/CommandLineTools/Library/Frameworks/Python3.framework/Versions/3.9/lib/python3.9/enum.py", line 429, in __getattr__
    raise AttributeError(name) from None
AttributeError: HELPFULNESS

2025-12-12 05:25:54,276 - UNI_v7.3 - ERROR - Google Play Reviews: Erro inesperado: HELPFULNESS
2025-12-12 05:25:54,276 - UNI_v7.3 - DEBUG - Traceback (most recent call last):
  File "/Users/eas/Desktop/github/emersonalmeida/emersonalmeida.github.io/project/uni/uni_v7.py", line 2053, in coletar_reviews_google_play
    "most_helpful": Sort.HELPFULNESS
  File "/Library/Developer/CommandLineTools/Library/Frameworks/Python3.framework/Versions/3.9/lib/python3.9/enum.py", line 429, in __getattr__
    raise AttributeError(name) from None
AttributeError: HELPFULNESS

2025-12-12 05:25:54,276 - UNI_v7.3 - ERROR - Google Play Reviews: Erro inesperado: HELPFULNESS
2025-12-12 05:25:54,276 - UNI_v7.3 - DEBUG - Traceback (most recent call last):
  File "/Users/eas/Desktop/github/emersonalmeida/emersonalmeida.github.io/project/uni/uni_v7.py", line 2053, in coletar_reviews_google_play
    "most_helpful": Sort.HELPFULNESS
  File "/Library/Developer/CommandLineTools/Library/Frameworks/Python3.framework/Versions/3.9/lib/python3.9/enum.py", line 429, in __getattr__
    raise AttributeError(name) from None
AttributeError: HELPFULNESS

2025-12-12 05:25:54,276 - UNI_v7.3 - ERROR - Google Play Reviews: Erro inesperado: HELPFULNESS
2025-12-12 05:25:54,276 - UNI_v7.3 - DEBUG - Traceback (most recent call last):
  File "/Users/eas/Desktop/github/emersonalmeida/emersonalmeida.github.io/project/uni/uni_v7.py", line 2053, in coletar_reviews_google_play
    "most_helpful": Sort.HELPFULNESS
  File "/Library/Developer/CommandLineTools/Library/Frameworks/Python3.framework/Versions/3.9/lib/python3.9/enum.py", line 429, in __getattr__
    raise AttributeError(name) from None
AttributeError: HELPFULNESS

2025-12-12 05:25:54,277 - UNI_v7.3 - ERROR - Google Play Reviews: Erro inesperado: HELPFULNESS
2025-12-12 05:25:54,277 - UNI_v7.3 - DEBUG - Traceback (most recent call last):
  File "/Users/eas/Desktop/github/emersonalmeida/emersonalmeida.github.io/project/uni/uni_v7.py", line 2053, in coletar_reviews_google_play
    "most_helpful": Sort.HELPFULNESS
  File "/Library/Developer/CommandLineTools/Library/Frameworks/Python3.framework/Versions/3.9/lib/python3.9/enum.py", line 429, in __getattr__
    raise AttributeError(name) from None
AttributeError: HELPFULNESS

2025-12-12 05:25:54,277 - UNI_v7.3 - ERROR - Google Play Reviews: Erro inesperado: HELPFULNESS
2025-12-12 05:25:54,277 - UNI_v7.3 - DEBUG - Traceback (most recent call last):
  File "/Users/eas/Desktop/github/emersonalmeida/emersonalmeida.github.io/project/uni/uni_v7.py", line 2053, in coletar_reviews_google_play
    "most_helpful": Sort.HELPFULNESS
  File "/Library/Developer/CommandLineTools/Library/Frameworks/Python3.framework/Versions/3.9/lib/python3.9/enum.py", line 429, in __getattr__
    raise AttributeError(name) from None
AttributeError: HELPFULNESS

2025-12-12 05:25:54,277 - UNI_v7.3 - ERROR - Google Play Reviews: Erro inesperado: HELPFULNESS
2025-12-12 05:25:54,277 - UNI_v7.3 - DEBUG - Traceback (most recent call last):
  File "/Users/eas/Desktop/github/emersonalmeida/emersonalmeida.github.io/project/uni/uni_v7.py", line 2053, in coletar_reviews_google_play
    "most_helpful": Sort.HELPFULNESS
  File "/Library/Developer/CommandLineTools/Library/Frameworks/Python3.framework/Versions/3.9/lib/python3.9/enum.py", line 429, in __getattr__
    raise AttributeError(name) from None
AttributeError: HELPFULNESS

2025-12-12 05:25:54,277 - UNI_v7.3 - ERROR - Google Play Reviews: Erro inesperado: HELPFULNESS
2025-12-12 05:25:54,277 - UNI_v7.3 - DEBUG - Traceback (most recent call last):
  File "/Users/eas/Desktop/github/emersonalmeida/emersonalmeida.github.io/project/uni/uni_v7.py", line 2053, in coletar_reviews_google_play
    "most_helpful": Sort.HELPFULNESS
  File "/Library/Developer/CommandLineTools/Library/Frameworks/Python3.framework/Versions/3.9/lib/python3.9/enum.py", line 429, in __getattr__
    raise AttributeError(name) from None
AttributeError: HELPFULNESS

2025-12-12 05:25:54,277 - UNI_v7.3 - ERROR - Google Play Reviews: Erro inesperado: HELPFULNESS
2025-12-12 05:25:54,277 - UNI_v7.3 - DEBUG - Traceback (most recent call last):
  File "/Users/eas/Desktop/github/emersonalmeida/emersonalmeida.github.io/project/uni/uni_v7.py", line 2053, in coletar_reviews_google_play
    "most_helpful": Sort.HELPFULNESS
  File "/Library/Developer/CommandLineTools/Library/Frameworks/Python3.framework/Versions/3.9/lib/python3.9/enum.py", line 429, in __getattr__
    raise AttributeError(name) from None
AttributeError: HELPFULNESS

2025-12-12 05:25:54,277 - UNI_v7.3 - ERROR - Google Play Reviews: Erro inesperado: HELPFULNESS
2025-12-12 05:25:54,277 - UNI_v7.3 - DEBUG - Traceback (most recent call last):
  File "/Users/eas/Desktop/github/emersonalmeida/emersonalmeida.github.io/project/uni/uni_v7.py", line 2053, in coletar_reviews_google_play
    "most_helpful": Sort.HELPFULNESS
  File "/Library/Developer/CommandLineTools/Library/Frameworks/Python3.framework/Versions/3.9/lib/python3.9/enum.py", line 429, in __getattr__
    raise AttributeError(name) from None
AttributeError: HELPFULNESS

2025-12-12 05:25:54,277 - UNI_v7.3 - ERROR - Google Play Reviews: Erro inesperado: HELPFULNESS
2025-12-12 05:25:54,277 - UNI_v7.3 - DEBUG - Traceback (most recent call last):
  File "/Users/eas/Desktop/github/emersonalmeida/emersonalmeida.github.io/project/uni/uni_v7.py", line 2053, in coletar_reviews_google_play
    "most_helpful": Sort.HELPFULNESS
  File "/Library/Developer/CommandLineTools/Library/Frameworks/Python3.framework/Versions/3.9/lib/python3.9/enum.py", line 429, in __getattr__
    raise AttributeError(name) from None
AttributeError: HELPFULNESS

2025-12-12 05:25:54,277 - UNI_v7.3 - ERROR - Google Play Reviews: Erro inesperado: HELPFULNESS
2025-12-12 05:25:54,277 - UNI_v7.3 - DEBUG - Traceback (most recent call last):
  File "/Users/eas/Desktop/github/emersonalmeida/emersonalmeida.github.io/project/uni/uni_v7.py", line 2053, in coletar_reviews_google_play
    "most_helpful": Sort.HELPFULNESS
  File "/Library/Developer/CommandLineTools/Library/Frameworks/Python3.framework/Versions/3.9/lib/python3.9/enum.py", line 429, in __getattr__
    raise AttributeError(name) from None
AttributeError: HELPFULNESS

2025-12-12 05:25:54,277 - UNI_v7.3 - ERROR - Google Play Reviews: Erro inesperado: HELPFULNESS
2025-12-12 05:25:54,277 - UNI_v7.3 - DEBUG - Traceback (most recent call last):
  File "/Users/eas/Desktop/github/emersonalmeida/emersonalmeida.github.io/project/uni/uni_v7.py", line 2053, in coletar_reviews_google_play
    "most_helpful": Sort.HELPFULNESS
  File "/Library/Developer/CommandLineTools/Library/Frameworks/Python3.framework/Versions/3.9/lib/python3.9/enum.py", line 429, in __getattr__
    raise AttributeError(name) from None
AttributeError: HELPFULNESS

2025-12-12 05:25:54,277 - UNI_v7.3 - ERROR - Google Play Reviews: Erro inesperado: HELPFULNESS
2025-12-12 05:25:54,277 - UNI_v7.3 - DEBUG - Traceback (most recent call last):
  File "/Users/eas/Desktop/github/emersonalmeida/emersonalmeida.github.io/project/uni/uni_v7.py", line 2053, in coletar_reviews_google_play
    "most_helpful": Sort.HELPFULNESS
  File "/Library/Developer/CommandLineTools/Library/Frameworks/Python3.framework/Versions/3.9/lib/python3.9/enum.py", line 429, in __getattr__
    raise AttributeError(name) from None
AttributeError: HELPFULNESS

2025-12-12 05:25:54,278 - UNI_v7.3 - ERROR - Google Play Reviews: Erro inesperado: HELPFULNESS
2025-12-12 05:25:54,278 - UNI_v7.3 - DEBUG - Traceback (most recent call last):
  File "/Users/eas/Desktop/github/emersonalmeida/emersonalmeida.github.io/project/uni/uni_v7.py", line 2053, in coletar_reviews_google_play
    "most_helpful": Sort.HELPFULNESS
  File "/Library/Developer/CommandLineTools/Library/Frameworks/Python3.framework/Versions/3.9/lib/python3.9/enum.py", line 429, in __getattr__
    raise AttributeError(name) from None
AttributeError: HELPFULNESS

2025-12-12 05:25:54,278 - UNI_v7.3 - ERROR - Google Play Reviews: Erro inesperado: HELPFULNESS
2025-12-12 05:25:54,278 - UNI_v7.3 - DEBUG - Traceback (most recent call last):
  File "/Users/eas/Desktop/github/emersonalmeida/emersonalmeida.github.io/project/uni/uni_v7.py", line 2053, in coletar_reviews_google_play
    "most_helpful": Sort.HELPFULNESS
  File "/Library/Developer/CommandLineTools/Library/Frameworks/Python3.framework/Versions/3.9/lib/python3.9/enum.py", line 429, in __getattr__
    raise AttributeError(name) from None
AttributeError: HELPFULNESS

2025-12-12 05:25:54,278 - UNI_v7.3 - ERROR - Google Play Reviews: Erro inesperado: HELPFULNESS
2025-12-12 05:25:54,278 - UNI_v7.3 - DEBUG - Traceback (most recent call last):
  File "/Users/eas/Desktop/github/emersonalmeida/emersonalmeida.github.io/project/uni/uni_v7.py", line 2053, in coletar_reviews_google_play
    "most_helpful": Sort.HELPFULNESS
  File "/Library/Developer/CommandLineTools/Library/Frameworks/Python3.framework/Versions/3.9/lib/python3.9/enum.py", line 429, in __getattr__
    raise AttributeError(name) from None
AttributeError: HELPFULNESS

2025-12-12 05:25:54,278 - UNI_v7.3 - ERROR - Google Play Reviews: Erro inesperado: HELPFULNESS
2025-12-12 05:25:54,278 - UNI_v7.3 - DEBUG - Traceback (most recent call last):
  File "/Users/eas/Desktop/github/emersonalmeida/emersonalmeida.github.io/project/uni/uni_v7.py", line 2053, in coletar_reviews_google_play
    "most_helpful": Sort.HELPFULNESS
  File "/Library/Developer/CommandLineTools/Library/Frameworks/Python3.framework/Versions/3.9/lib/python3.9/enum.py", line 429, in __getattr__
    raise AttributeError(name) from None
AttributeError: HELPFULNESS

2025-12-12 05:25:54,278 - UNI_v7.3 - ERROR - Google Play Reviews: Erro inesperado: HELPFULNESS
2025-12-12 05:25:54,278 - UNI_v7.3 - DEBUG - Traceback (most recent call last):
  File "/Users/eas/Desktop/github/emersonalmeida/emersonalmeida.github.io/project/uni/uni_v7.py", line 2053, in coletar_reviews_google_play
    "most_helpful": Sort.HELPFULNESS
  File "/Library/Developer/CommandLineTools/Library/Frameworks/Python3.framework/Versions/3.9/lib/python3.9/enum.py", line 429, in __getattr__
    raise AttributeError(name) from None
AttributeError: HELPFULNESS

2025-12-12 05:25:54,278 - UNI_v7.3 - ERROR - Google Play Reviews: Erro inesperado: HELPFULNESS
2025-12-12 05:25:54,278 - UNI_v7.3 - DEBUG - Traceback (most recent call last):
  File "/Users/eas/Desktop/github/emersonalmeida/emersonalmeida.github.io/project/uni/uni_v7.py", line 2053, in coletar_reviews_google_play
    "most_helpful": Sort.HELPFULNESS
  File "/Library/Developer/CommandLineTools/Library/Frameworks/Python3.framework/Versions/3.9/lib/python3.9/enum.py", line 429, in __getattr__
    raise AttributeError(name) from None
AttributeError: HELPFULNESS

2025-12-12 05:25:54,278 - UNI_v7.3 - ERROR - Google Play Reviews: Erro inesperado: HELPFULNESS
2025-12-12 05:25:54,278 - UNI_v7.3 - DEBUG - Traceback (most recent call last):
  File "/Users/eas/Desktop/github/emersonalmeida/emersonalmeida.github.io/project/uni/uni_v7.py", line 2053, in coletar_reviews_google_play
    "most_helpful": Sort.HELPFULNESS
  File "/Library/Developer/CommandLineTools/Library/Frameworks/Python3.framework/Versions/3.9/lib/python3.9/enum.py", line 429, in __getattr__
    raise AttributeError(name) from None
AttributeError: HELPFULNESS

2025-12-12 05:25:54,278 - UNI_v7.3 - ERROR - Google Play Reviews: Erro inesperado: HELPFULNESS
2025-12-12 05:25:54,278 - UNI_v7.3 - DEBUG - Traceback (most recent call last):
  File "/Users/eas/Desktop/github/emersonalmeida/emersonalmeida.github.io/project/uni/uni_v7.py", line 2053, in coletar_reviews_google_play
    "most_helpful": Sort.HELPFULNESS
  File "/Library/Developer/CommandLineTools/Library/Frameworks/Python3.framework/Versions/3.9/lib/python3.9/enum.py", line 429, in __getattr__
    raise AttributeError(name) from None
AttributeError: HELPFULNESS

2025-12-12 05:25:54,278 - UNI_v7.3 - ERROR - Google Play Reviews: Erro inesperado: HELPFULNESS
2025-12-12 05:25:54,278 - UNI_v7.3 - DEBUG - Traceback (most recent call last):
  File "/Users/eas/Desktop/github/emersonalmeida/emersonalmeida.github.io/project/uni/uni_v7.py", line 2053, in coletar_reviews_google_play
    "most_helpful": Sort.HELPFULNESS
  File "/Library/Developer/CommandLineTools/Library/Frameworks/Python3.framework/Versions/3.9/lib/python3.9/enum.py", line 429, in __getattr__
    raise AttributeError(name) from None
AttributeError: HELPFULNESS

2025-12-12 05:25:54,278 - UNI_v7.3 - ERROR - Google Play Reviews: Erro inesperado: HELPFULNESS
2025-12-12 05:25:54,279 - UNI_v7.3 - DEBUG - Traceback (most recent call last):
  File "/Users/eas/Desktop/github/emersonalmeida/emersonalmeida.github.io/project/uni/uni_v7.py", line 2053, in coletar_reviews_google_play
    "most_helpful": Sort.HELPFULNESS
  File "/Library/Developer/CommandLineTools/Library/Frameworks/Python3.framework/Versions/3.9/lib/python3.9/enum.py", line 429, in __getattr__
    raise AttributeError(name) from None
AttributeError: HELPFULNESS

2025-12-12 05:25:54,279 - UNI_v7.3 - ERROR - Google Play Reviews: Erro inesperado: HELPFULNESS
2025-12-12 05:25:54,279 - UNI_v7.3 - DEBUG - Traceback (most recent call last):
  File "/Users/eas/Desktop/github/emersonalmeida/emersonalmeida.github.io/project/uni/uni_v7.py", line 2053, in coletar_reviews_google_play
    "most_helpful": Sort.HELPFULNESS
  File "/Library/Developer/CommandLineTools/Library/Frameworks/Python3.framework/Versions/3.9/lib/python3.9/enum.py", line 429, in __getattr__
    raise AttributeError(name) from None
AttributeError: HELPFULNESS

2025-12-12 05:25:54,279 - UNI_v7.3 - ERROR - Google Play Reviews: Erro inesperado: HELPFULNESS
2025-12-12 05:25:54,279 - UNI_v7.3 - DEBUG - Traceback (most recent call last):
  File "/Users/eas/Desktop/github/emersonalmeida/emersonalmeida.github.io/project/uni/uni_v7.py", line 2053, in coletar_reviews_google_play
    "most_helpful": Sort.HELPFULNESS
  File "/Library/Developer/CommandLineTools/Library/Frameworks/Python3.framework/Versions/3.9/lib/python3.9/enum.py", line 429, in __getattr__
    raise AttributeError(name) from None
AttributeError: HELPFULNESS

2025-12-12 05:25:54,279 - UNI_v7.3 - ERROR - Google Play Reviews: Erro inesperado: HELPFULNESS
2025-12-12 05:25:54,279 - UNI_v7.3 - DEBUG - Traceback (most recent call last):
  File "/Users/eas/Desktop/github/emersonalmeida/emersonalmeida.github.io/project/uni/uni_v7.py", line 2053, in coletar_reviews_google_play
    "most_helpful": Sort.HELPFULNESS
  File "/Library/Developer/CommandLineTools/Library/Frameworks/Python3.framework/Versions/3.9/lib/python3.9/enum.py", line 429, in __getattr__
    raise AttributeError(name) from None
AttributeError: HELPFULNESS

2025-12-12 05:25:54,279 - UNI_v7.3 - ERROR - Google Play Reviews: Erro inesperado: HELPFULNESS
2025-12-12 05:25:54,279 - UNI_v7.3 - DEBUG - Traceback (most recent call last):
  File "/Users/eas/Desktop/github/emersonalmeida/emersonalmeida.github.io/project/uni/uni_v7.py", line 2053, in coletar_reviews_google_play
    "most_helpful": Sort.HELPFULNESS
  File "/Library/Developer/CommandLineTools/Library/Frameworks/Python3.framework/Versions/3.9/lib/python3.9/enum.py", line 429, in __getattr__
    raise AttributeError(name) from None
AttributeError: HELPFULNESS

2025-12-12 05:25:54,279 - UNI_v7.3 - ERROR - Google Play Reviews: Erro inesperado: HELPFULNESS
2025-12-12 05:25:54,279 - UNI_v7.3 - DEBUG - Traceback (most recent call last):
  File "/Users/eas/Desktop/github/emersonalmeida/emersonalmeida.github.io/project/uni/uni_v7.py", line 2053, in coletar_reviews_google_play
    "most_helpful": Sort.HELPFULNESS
  File "/Library/Developer/CommandLineTools/Library/Frameworks/Python3.framework/Versions/3.9/lib/python3.9/enum.py", line 429, in __getattr__
    raise AttributeError(name) from None
AttributeError: HELPFULNESS

2025-12-12 05:25:54,279 - UNI_v7.3 - ERROR - Google Play Reviews: Erro inesperado: HELPFULNESS
2025-12-12 05:25:54,279 - UNI_v7.3 - DEBUG - Traceback (most recent call last):
  File "/Users/eas/Desktop/github/emersonalmeida/emersonalmeida.github.io/project/uni/uni_v7.py", line 2053, in coletar_reviews_google_play
    "most_helpful": Sort.HELPFULNESS
  File "/Library/Developer/CommandLineTools/Library/Frameworks/Python3.framework/Versions/3.9/lib/python3.9/enum.py", line 429, in __getattr__
    raise AttributeError(name) from None
AttributeError: HELPFULNESS

2025-12-12 05:25:54,279 - UNI_v7.3 - ERROR - Google Play Reviews: Erro inesperado: HELPFULNESS
2025-12-12 05:25:54,279 - UNI_v7.3 - DEBUG - Traceback (most recent call last):
  File "/Users/eas/Desktop/github/emersonalmeida/emersonalmeida.github.io/project/uni/uni_v7.py", line 2053, in coletar_reviews_google_play
    "most_helpful": Sort.HELPFULNESS
  File "/Library/Developer/CommandLineTools/Library/Frameworks/Python3.framework/Versions/3.9/lib/python3.9/enum.py", line 429, in __getattr__
    raise AttributeError(name) from None
AttributeError: HELPFULNESS

2025-12-12 05:25:54,279 - UNI_v7.3 - ERROR - Google Play Reviews: Erro inesperado: HELPFULNESS
2025-12-12 05:25:54,279 - UNI_v7.3 - DEBUG - Traceback (most recent call last):
  File "/Users/eas/Desktop/github/emersonalmeida/emersonalmeida.github.io/project/uni/uni_v7.py", line 2053, in coletar_reviews_google_play
    "most_helpful": Sort.HELPFULNESS
  File "/Library/Developer/CommandLineTools/Library/Frameworks/Python3.framework/Versions/3.9/lib/python3.9/enum.py", line 429, in __getattr__
    raise AttributeError(name) from None
AttributeError: HELPFULNESS

2025-12-12 05:25:54,279 - UNI_v7.3 - ERROR - Google Play Reviews: Erro inesperado: HELPFULNESS
2025-12-12 05:25:54,279 - UNI_v7.3 - DEBUG - Traceback (most recent call last):
  File "/Users/eas/Desktop/github/emersonalmeida/emersonalmeida.github.io/project/uni/uni_v7.py", line 2053, in coletar_reviews_google_play
    "most_helpful": Sort.HELPFULNESS
  File "/Library/Developer/CommandLineTools/Library/Frameworks/Python3.framework/Versions/3.9/lib/python3.9/enum.py", line 429, in __getattr__
    raise AttributeError(name) from None
AttributeError: HELPFULNESS

2025-12-12 05:25:54,279 - UNI_v7.3 - ERROR - Google Play Reviews: Erro inesperado: HELPFULNESS
2025-12-12 05:25:54,280 - UNI_v7.3 - DEBUG - Traceback (most recent call last):
  File "/Users/eas/Desktop/github/emersonalmeida/emersonalmeida.github.io/project/uni/uni_v7.py", line 2053, in coletar_reviews_google_play
    "most_helpful": Sort.HELPFULNESS
  File "/Library/Developer/CommandLineTools/Library/Frameworks/Python3.framework/Versions/3.9/lib/python3.9/enum.py", line 429, in __getattr__
    raise AttributeError(name) from None
AttributeError: HELPFULNESS

2025-12-12 05:25:54,280 - UNI_v7.3 - ERROR - Google Play Reviews: Erro inesperado: HELPFULNESS
2025-12-12 05:25:54,280 - UNI_v7.3 - DEBUG - Traceback (most recent call last):
  File "/Users/eas/Desktop/github/emersonalmeida/emersonalmeida.github.io/project/uni/uni_v7.py", line 2053, in coletar_reviews_google_play
    "most_helpful": Sort.HELPFULNESS
  File "/Library/Developer/CommandLineTools/Library/Frameworks/Python3.framework/Versions/3.9/lib/python3.9/enum.py", line 429, in __getattr__
    raise AttributeError(name) from None
AttributeError: HELPFULNESS

2025-12-12 05:25:54,280 - UNI_v7.3 - ERROR - Google Play Reviews: Erro inesperado: HELPFULNESS
2025-12-12 05:25:54,280 - UNI_v7.3 - DEBUG - Traceback (most recent call last):
  File "/Users/eas/Desktop/github/emersonalmeida/emersonalmeida.github.io/project/uni/uni_v7.py", line 2053, in coletar_reviews_google_play
    "most_helpful": Sort.HELPFULNESS
  File "/Library/Developer/CommandLineTools/Library/Frameworks/Python3.framework/Versions/3.9/lib/python3.9/enum.py", line 429, in __getattr__
    raise AttributeError(name) from None
AttributeError: HELPFULNESS

2025-12-12 05:25:54,280 - UNI_v7.3 - ERROR - Google Play Reviews: Erro inesperado: HELPFULNESS
2025-12-12 05:25:54,280 - UNI_v7.3 - DEBUG - Traceback (most recent call last):
  File "/Users/eas/Desktop/github/emersonalmeida/emersonalmeida.github.io/project/uni/uni_v7.py", line 2053, in coletar_reviews_google_play
    "most_helpful": Sort.HELPFULNESS
  File "/Library/Developer/CommandLineTools/Library/Frameworks/Python3.framework/Versions/3.9/lib/python3.9/enum.py", line 429, in __getattr__
    raise AttributeError(name) from None
AttributeError: HELPFULNESS

2025-12-12 05:25:54,280 - UNI_v7.3 - ERROR - Google Play Reviews: Erro inesperado: HELPFULNESS
2025-12-12 05:25:54,280 - UNI_v7.3 - DEBUG - Traceback (most recent call last):
  File "/Users/eas/Desktop/github/emersonalmeida/emersonalmeida.github.io/project/uni/uni_v7.py", line 2053, in coletar_reviews_google_play
    "most_helpful": Sort.HELPFULNESS
  File "/Library/Developer/CommandLineTools/Library/Frameworks/Python3.framework/Versions/3.9/lib/python3.9/enum.py", line 429, in __getattr__
    raise AttributeError(name) from None
AttributeError: HELPFULNESS

2025-12-12 05:25:54,280 - UNI_v7.3 - ERROR - Google Play Reviews: Erro inesperado: HELPFULNESS
2025-12-12 05:25:54,280 - UNI_v7.3 - DEBUG - Traceback (most recent call last):
  File "/Users/eas/Desktop/github/emersonalmeida/emersonalmeida.github.io/project/uni/uni_v7.py", line 2053, in coletar_reviews_google_play
    "most_helpful": Sort.HELPFULNESS
  File "/Library/Developer/CommandLineTools/Library/Frameworks/Python3.framework/Versions/3.9/lib/python3.9/enum.py", line 429, in __getattr__
    raise AttributeError(name) from None
AttributeError: HELPFULNESS

2025-12-12 05:25:54,280 - UNI_v7.3 - ERROR - Google Play Reviews: Erro inesperado: HELPFULNESS
2025-12-12 05:25:54,280 - UNI_v7.3 - DEBUG - Traceback (most recent call last):
  File "/Users/eas/Desktop/github/emersonalmeida/emersonalmeida.github.io/project/uni/uni_v7.py", line 2053, in coletar_reviews_google_play
    "most_helpful": Sort.HELPFULNESS
  File "/Library/Developer/CommandLineTools/Library/Frameworks/Python3.framework/Versions/3.9/lib/python3.9/enum.py", line 429, in __getattr__
    raise AttributeError(name) from None
AttributeError: HELPFULNESS

2025-12-12 05:25:54,280 - UNI_v7.3 - ERROR - Google Play Reviews: Erro inesperado: HELPFULNESS
2025-12-12 05:25:54,280 - UNI_v7.3 - DEBUG - Traceback (most recent call last):
  File "/Users/eas/Desktop/github/emersonalmeida/emersonalmeida.github.io/project/uni/uni_v7.py", line 2053, in coletar_reviews_google_play
    "most_helpful": Sort.HELPFULNESS
  File "/Library/Developer/CommandLineTools/Library/Frameworks/Python3.framework/Versions/3.9/lib/python3.9/enum.py", line 429, in __getattr__
    raise AttributeError(name) from None
AttributeError: HELPFULNESS

2025-12-12 05:25:54,280 - UNI_v7.3 - ERROR - Google Play Reviews: Erro inesperado: HELPFULNESS
2025-12-12 05:25:54,281 - UNI_v7.3 - DEBUG - Traceback (most recent call last):
  File "/Users/eas/Desktop/github/emersonalmeida/emersonalmeida.github.io/project/uni/uni_v7.py", line 2053, in coletar_reviews_google_play
    "most_helpful": Sort.HELPFULNESS
  File "/Library/Developer/CommandLineTools/Library/Frameworks/Python3.framework/Versions/3.9/lib/python3.9/enum.py", line 429, in __getattr__
    raise AttributeError(name) from None
AttributeError: HELPFULNESS

2025-12-12 05:25:54,281 - UNI_v7.3 - ERROR - Google Play Reviews: Erro inesperado: HELPFULNESS
2025-12-12 05:25:54,281 - UNI_v7.3 - DEBUG - Traceback (most recent call last):
  File "/Users/eas/Desktop/github/emersonalmeida/emersonalmeida.github.io/project/uni/uni_v7.py", line 2053, in coletar_reviews_google_play
    "most_helpful": Sort.HELPFULNESS
  File "/Library/Developer/CommandLineTools/Library/Frameworks/Python3.framework/Versions/3.9/lib/python3.9/enum.py", line 429, in __getattr__
    raise AttributeError(name) from None
AttributeError: HELPFULNESS

2025-12-12 05:25:54,281 - UNI_v7.3 - ERROR - Google Play Reviews: Erro inesperado: HELPFULNESS
2025-12-12 05:25:54,281 - UNI_v7.3 - DEBUG - Traceback (most recent call last):
  File "/Users/eas/Desktop/github/emersonalmeida/emersonalmeida.github.io/project/uni/uni_v7.py", line 2053, in coletar_reviews_google_play
    "most_helpful": Sort.HELPFULNESS
  File "/Library/Developer/CommandLineTools/Library/Frameworks/Python3.framework/Versions/3.9/lib/python3.9/enum.py", line 429, in __getattr__
    raise AttributeError(name) from None
AttributeError: HELPFULNESS

2025-12-12 05:25:54,281 - UNI_v7.3 - ERROR - Google Play Reviews: Erro inesperado: HELPFULNESS
2025-12-12 05:25:54,281 - UNI_v7.3 - DEBUG - Traceback (most recent call last):
  File "/Users/eas/Desktop/github/emersonalmeida/emersonalmeida.github.io/project/uni/uni_v7.py", line 2053, in coletar_reviews_google_play
    "most_helpful": Sort.HELPFULNESS
  File "/Library/Developer/CommandLineTools/Library/Frameworks/Python3.framework/Versions/3.9/lib/python3.9/enum.py", line 429, in __getattr__
    raise AttributeError(name) from None
AttributeError: HELPFULNESS

2025-12-12 05:25:54,281 - UNI_v7.3 - ERROR - Google Play Reviews: Erro inesperado: HELPFULNESS
2025-12-12 05:25:54,281 - UNI_v7.3 - DEBUG - Traceback (most recent call last):
  File "/Users/eas/Desktop/github/emersonalmeida/emersonalmeida.github.io/project/uni/uni_v7.py", line 2053, in coletar_reviews_google_play
    "most_helpful": Sort.HELPFULNESS
  File "/Library/Developer/CommandLineTools/Library/Frameworks/Python3.framework/Versions/3.9/lib/python3.9/enum.py", line 429, in __getattr__
    raise AttributeError(name) from None
AttributeError: HELPFULNESS

2025-12-12 05:25:54,281 - UNI_v7.3 - ERROR - Google Play Reviews: Erro inesperado: HELPFULNESS
2025-12-12 05:25:54,281 - UNI_v7.3 - DEBUG - Traceback (most recent call last):
  File "/Users/eas/Desktop/github/emersonalmeida/emersonalmeida.github.io/project/uni/uni_v7.py", line 2053, in coletar_reviews_google_play
    "most_helpful": Sort.HELPFULNESS
  File "/Library/Developer/CommandLineTools/Library/Frameworks/Python3.framework/Versions/3.9/lib/python3.9/enum.py", line 429, in __getattr__
    raise AttributeError(name) from None
AttributeError: HELPFULNESS

2025-12-12 05:25:54,281 - UNI_v7.3 - ERROR - Google Play Reviews: Erro inesperado: HELPFULNESS
2025-12-12 05:25:54,281 - UNI_v7.3 - DEBUG - Traceback (most recent call last):
  File "/Users/eas/Desktop/github/emersonalmeida/emersonalmeida.github.io/project/uni/uni_v7.py", line 2053, in coletar_reviews_google_play
    "most_helpful": Sort.HELPFULNESS
  File "/Library/Developer/CommandLineTools/Library/Frameworks/Python3.framework/Versions/3.9/lib/python3.9/enum.py", line 429, in __getattr__
    raise AttributeError(name) from None
AttributeError: HELPFULNESS

2025-12-12 05:25:54,281 - UNI_v7.3 - ERROR - Google Play Reviews: Erro inesperado: HELPFULNESS
2025-12-12 05:25:54,281 - UNI_v7.3 - DEBUG - Traceback (most recent call last):
  File "/Users/eas/Desktop/github/emersonalmeida/emersonalmeida.github.io/project/uni/uni_v7.py", line 2053, in coletar_reviews_google_play
    "most_helpful": Sort.HELPFULNESS
  File "/Library/Developer/CommandLineTools/Library/Frameworks/Python3.framework/Versions/3.9/lib/python3.9/enum.py", line 429, in __getattr__
    raise AttributeError(name) from None
AttributeError: HELPFULNESS

2025-12-12 05:25:54,282 - UNI_v7.3 - ERROR - Google Play Reviews: Erro inesperado: HELPFULNESS
2025-12-12 05:25:54,282 - UNI_v7.3 - DEBUG - Traceback (most recent call last):
  File "/Users/eas/Desktop/github/emersonalmeida/emersonalmeida.github.io/project/uni/uni_v7.py", line 2053, in coletar_reviews_google_play
    "most_helpful": Sort.HELPFULNESS
  File "/Library/Developer/CommandLineTools/Library/Frameworks/Python3.framework/Versions/3.9/lib/python3.9/enum.py", line 429, in __getattr__
    raise AttributeError(name) from None
AttributeError: HELPFULNESS

2025-12-12 05:25:54,282 - UNI_v7.3 - ERROR - Google Play Reviews: Erro inesperado: HELPFULNESS
2025-12-12 05:25:54,282 - UNI_v7.3 - DEBUG - Traceback (most recent call last):
  File "/Users/eas/Desktop/github/emersonalmeida/emersonalmeida.github.io/project/uni/uni_v7.py", line 2053, in coletar_reviews_google_play
    "most_helpful": Sort.HELPFULNESS
  File "/Library/Developer/CommandLineTools/Library/Frameworks/Python3.framework/Versions/3.9/lib/python3.9/enum.py", line 429, in __getattr__
    raise AttributeError(name) from None
AttributeError: HELPFULNESS

2025-12-12 05:25:54,285 - UNI_v7.3 - INFO - Apple App Store: Iniciando coleta para 'bitcoin' (limite: 20, tentativa 1/3)
2025-12-12 05:25:54,285 - Base - INFO - Searching for app id
2025-12-12 05:25:54,285 - Base - DEBUG - Making a GET request: https://www.google.com/search
2025-12-12 05:25:54,295 - urllib3.connectionpool - DEBUG - Starting new HTTPS connection (1): www.google.com:443
2025-12-12 05:25:54,504 - urllib3.connectionpool - DEBUG - https://www.google.com:443 "GET /search?q=app+store+bitcoin HTTP/1.1" 200 None
2025-12-12 05:25:54,593 - UNI_v7.3 - WARNING - Apple App Store: Tentativa 1 falhou: 'NoneType' object has no attribute 'group'
2025-12-12 05:25:56,597 - UNI_v7.3 - INFO - Apple App Store: Iniciando coleta para 'bitcoin' (limite: 20, tentativa 2/3)
2025-12-12 05:25:56,597 - Base - INFO - Searching for app id
2025-12-12 05:25:56,597 - Base - DEBUG - Making a GET request: https://www.google.com/search
2025-12-12 05:25:56,600 - urllib3.connectionpool - DEBUG - Starting new HTTPS connection (1): www.google.com:443
2025-12-12 05:25:56,812 - urllib3.connectionpool - DEBUG - https://www.google.com:443 "GET /search?q=app+store+bitcoin HTTP/1.1" 200 None
2025-12-12 05:25:56,903 - UNI_v7.3 - WARNING - Apple App Store: Tentativa 2 falhou: 'NoneType' object has no attribute 'group'
2025-12-12 05:25:58,904 - UNI_v7.3 - INFO - Apple App Store: Iniciando coleta para 'bitcoin' (limite: 20, tentativa 3/3)
2025-12-12 05:25:58,904 - Base - INFO - Searching for app id
2025-12-12 05:25:58,904 - Base - DEBUG - Making a GET request: https://www.google.com/search
2025-12-12 05:25:58,907 - urllib3.connectionpool - DEBUG - Starting new HTTPS connection (1): www.google.com:443
2025-12-12 05:25:59,124 - urllib3.connectionpool - DEBUG - https://www.google.com:443 "GET /search?q=app+store+bitcoin HTTP/1.1" 200 None
2025-12-12 05:25:59,217 - UNI_v7.3 - WARNING - Apple App Store: Tentativa 3 falhou: 'NoneType' object has no attribute 'group'
2025-12-12 05:25:59,217 - UNI_v7.3 - ERROR - Apple App Store: Todas as tentativas falharam
2025-12-12 05:25:59,225 - UNI_v7.3 - DEBUG - Traceback (most recent call last):
  File "/Users/eas/Desktop/github/emersonalmeida/emersonalmeida.github.io/project/uni/uni_v7.py", line 2239, in coletar_apple_store
    store = AppStore(country=country, app_name=term)
  File "/Users/eas/Library/Python/3.9/lib/python/site-packages/app_store_scraper/app_store.py", line 23, in __init__
    super().__init__(
  File "/Users/eas/Library/Python/3.9/lib/python/site-packages/app_store_scraper/base.py", line 47, in __init__
    app_id = self.search_id()
  File "/Users/eas/Library/Python/3.9/lib/python/site-packages/app_store_scraper/base.py", line 175, in search_id
    app_id = re.search(pattern, self._response.text).group(1)
AttributeError: 'NoneType' object has no attribute 'group'

2025-12-12 05:25:59,225 - UNI_v7.3 - INFO - Reddit: Iniciando coleta para 'bitcoin' (subreddit: all, limite: 10)
2025-12-12 05:25:59,227 - prawcore - DEBUG - Fetching: GET https://oauth.reddit.com/r/all/search/ at 1765527959.227366
2025-12-12 05:25:59,227 - prawcore - DEBUG - Data: None
2025-12-12 05:25:59,227 - prawcore - DEBUG - Params: {'limit': 10,
 'q': 'bitcoin',
 'raw_json': 1,
 'restrict_sr': False,
 'sort': 'relevance',
 'syntax': 'lucene',
 't': 'all'}
2025-12-12 05:25:59,239 - urllib3.connectionpool - DEBUG - Starting new HTTPS connection (1): www.reddit.com:443
2025-12-12 05:25:59,430 - urllib3.connectionpool - DEBUG - https://www.reddit.com:443 "POST /api/v1/access_token HTTP/1.1" 200 658
2025-12-12 05:25:59,432 - urllib3.connectionpool - DEBUG - Starting new HTTPS connection (1): oauth.reddit.com:443
2025-12-12 05:25:59,927 - urllib3.connectionpool - DEBUG - https://oauth.reddit.com:443 "GET /r/all/search/?q=bitcoin&restrict_sr=False&sort=relevance&syntax=lucene&t=all&limit=10&raw_json=1 HTTP/1.1" 200 8393
2025-12-12 05:25:59,930 - prawcore - DEBUG - Response: 200 (8393 bytes) (rst-240:rem-999.0:used-1 ratelimit) at 1765527959.930968
2025-12-12 05:25:59,935 - prawcore - DEBUG - Fetching: GET https://oauth.reddit.com/r/Buttcoin/about/ at 1765527959.9359381
2025-12-12 05:25:59,936 - prawcore - DEBUG - Data: None
2025-12-12 05:25:59,936 - prawcore - DEBUG - Params: {'raw_json': 1}
2025-12-12 05:26:00,118 - urllib3.connectionpool - DEBUG - https://oauth.reddit.com:443 "GET /r/Buttcoin/about/?raw_json=1 HTTP/1.1" 200 3588
2025-12-12 05:26:00,119 - prawcore - DEBUG - Response: 200 (3588 bytes) (rst-239:rem-998.0:used-2 ratelimit) at 1765527960.1197708
2025-12-12 05:26:00,120 - UNI_v7.3 - ERROR - Reddit: name '_safe_get_author_attr' is not defined
2025-12-12 05:26:00,120 - UNI_v7.3 - DEBUG - Traceback (most recent call last):
  File "/Users/eas/Desktop/github/emersonalmeida/emersonalmeida.github.io/project/uni/uni_v7.py", line 1458, in coletar_reddit
    "author_flair": _safe_get_author_attr(post, 'flair_text'),
NameError: name '_safe_get_author_attr' is not defined

2025-12-12 05:26:00,120 - UNI_v7.3 - INFO - Google News: Iniciando coleta para 'bitcoin' (limite: 10)
2025-12-12 05:26:00,143 - urllib3.connectionpool - DEBUG - Starting new HTTPS connection (1): gnews.io:443
2025-12-12 05:26:00,701 - urllib3.connectionpool - DEBUG - https://gnews.io:443 "GET /api/v4/search?q=bitcoin&lang=pt&country=br&max=10&apikey=91a7bc222ecfdac6c60019c4fb1ec87c&from=20 HTTP/1.1" 200 None
2025-12-12 05:26:00,703 - UNI_v7.3 - INFO - Google News: Coletados 10 resultados com sucesso
2025-12-12 05:26:00,703 - UNI_v7.3 - INFO - arXiv: Iniciando coleta para 'bitcoin' (limite: 20)
2025-12-12 05:26:00,906 - urllib3.connectionpool - DEBUG - Starting new HTTP connection (1): export.arxiv.org:80
2025-12-12 05:26:00,922 - urllib3.connectionpool - DEBUG - http://export.arxiv.org:80 "GET /api/query?search_query=all:bitcoin&start=0&max_results=20&sortBy=relevance HTTP/1.1" 301 0
2025-12-12 05:26:00,927 - urllib3.connectionpool - DEBUG - Starting new HTTPS connection (1): export.arxiv.org:443
2025-12-12 05:26:01,824 - urllib3.connectionpool - DEBUG - https://export.arxiv.org:443 "GET /api/query?search_query=all:bitcoin&start=0&max_results=20&sortBy=relevance HTTP/1.1" 200 38212
2025-12-12 05:26:01,842 - UNI_v7.3 - INFO - arXiv: Coletados 20 resultados com sucesso
2025-12-12 05:26:01,842 - UNI_v7.3 - INFO - Google Scholar: Iniciando coleta para 'bitcoin' (limite: 20, tentativa 1/3)
2025-12-12 05:26:01,870 - urllib3.connectionpool - DEBUG - Starting new HTTPS connection (1): api.semanticscholar.org:443
2025-12-12 05:26:02,455 - urllib3.connectionpool - DEBUG - https://api.semanticscholar.org:443 "GET /graph/v1/paper/search?query=bitcoin&limit=20&fields=title%2Cauthors%2Cyear%2Curl%2Cabstract%2CcitationCount%2CreferenceCount%2Cvenue%2CfieldsOfStudy%2CpublicationTypes%2CpublicationDate%2Cjournal%2CexternalIds%2CisOpenAccess%2CopenAccessPdf HTTP/1.1" 429 144
2025-12-12 05:26:02,456 - urllib3.util.retry - DEBUG - Incremented Retry for (url='/graph/v1/paper/search?query=bitcoin&limit=20&fields=title%2Cauthors%2Cyear%2Curl%2Cabstract%2CcitationCount%2CreferenceCount%2Cvenue%2CfieldsOfStudy%2CpublicationTypes%2CpublicationDate%2Cjournal%2CexternalIds%2CisOpenAccess%2CopenAccessPdf'): Retry(total=4, connect=None, read=None, redirect=None, status=None)
2025-12-12 05:26:02,456 - urllib3.connectionpool - DEBUG - Retry: /graph/v1/paper/search?query=bitcoin&limit=20&fields=title%2Cauthors%2Cyear%2Curl%2Cabstract%2CcitationCount%2CreferenceCount%2Cvenue%2CfieldsOfStudy%2CpublicationTypes%2CpublicationDate%2Cjournal%2CexternalIds%2CisOpenAccess%2CopenAccessPdf
2025-12-12 05:26:03,716 - urllib3.connectionpool - DEBUG - https://api.semanticscholar.org:443 "GET /graph/v1/paper/search?query=bitcoin&limit=20&fields=title%2Cauthors%2Cyear%2Curl%2Cabstract%2CcitationCount%2CreferenceCount%2Cvenue%2CfieldsOfStudy%2CpublicationTypes%2CpublicationDate%2Cjournal%2CexternalIds%2CisOpenAccess%2CopenAccessPdf HTTP/1.1" 200 42010
2025-12-12 05:26:03,720 - UNI_v7.3 - INFO - Google Scholar: Coletados 20 resultados com sucesso
2025-12-12 05:26:03,720 - UNI_v7.3 - INFO - Wikipedia: Iniciando coleta para 'bitcoin' (limite: 20, lang: pt)
2025-12-12 05:26:03,733 - urllib3.connectionpool - DEBUG - Starting new HTTPS connection (1): pt.wikipedia.org:443
2025-12-12 05:26:04,081 - urllib3.connectionpool - DEBUG - https://pt.wikipedia.org:443 "GET /w/api.php?action=query&format=json&list=search&srsearch=bitcoin&srlimit=20&srnamespace=0 HTTP/1.1" 200 None
2025-12-12 05:26:04,086 - urllib3.connectionpool - DEBUG - Starting new HTTPS connection (1): pt.wikipedia.org:443
2025-12-12 05:26:04,195 - urllib3.connectionpool - DEBUG - https://pt.wikipedia.org:443 "GET /api/rest_v1/page/summary/Bitcoin HTTP/1.1" 200 633
2025-12-12 05:26:04,198 - urllib3.connectionpool - DEBUG - Starting new HTTPS connection (1): pt.wikipedia.org:443
2025-12-12 05:26:04,303 - urllib3.connectionpool - DEBUG - https://pt.wikipedia.org:443 "GET /api/rest_v1/page/summary/Satoshi_Nakamoto HTTP/1.1" 200 996
2025-12-12 05:26:04,326 - urllib3.connectionpool - DEBUG - Starting new HTTPS connection (1): pt.wikipedia.org:443
2025-12-12 05:26:04,583 - urllib3.connectionpool - DEBUG - https://pt.wikipedia.org:443 "GET /api/rest_v1/page/summary/Mercado_Bitcoin HTTP/1.1" 200 779
2025-12-12 05:26:04,589 - urllib3.connectionpool - DEBUG - Starting new HTTPS connection (1): pt.wikipedia.org:443
2025-12-12 05:26:04,694 - urllib3.connectionpool - DEBUG - https://pt.wikipedia.org:443 "GET /api/rest_v1/page/summary/Minera%C3%A7%C3%A3o_de_Bitcoin HTTP/1.1" 200 795
2025-12-12 05:26:04,706 - urllib3.connectionpool - DEBUG - Starting new HTTPS connection (1): pt.wikipedia.org:443
2025-12-12 05:26:04,817 - urllib3.connectionpool - DEBUG - https://pt.wikipedia.org:443 "GET /api/rest_v1/page/summary/Litecoin HTTP/1.1" 200 723
2025-12-12 05:26:04,827 - urllib3.connectionpool - DEBUG - Starting new HTTPS connection (1): pt.wikipedia.org:443
2025-12-12 05:26:04,937 - urllib3.connectionpool - DEBUG - https://pt.wikipedia.org:443 "GET /api/rest_v1/page/summary/Monero HTTP/1.1" 200 656
2025-12-12 05:26:04,945 - urllib3.connectionpool - DEBUG - Starting new HTTPS connection (1): pt.wikipedia.org:443
2025-12-12 05:26:05,054 - urllib3.connectionpool - DEBUG - https://pt.wikipedia.org:443 "GET /api/rest_v1/page/summary/Hal_Finney HTTP/1.1" 200 775
2025-12-12 05:26:05,064 - urllib3.connectionpool - DEBUG - Starting new HTTPS connection (1): pt.wikipedia.org:443
2025-12-12 05:26:05,171 - urllib3.connectionpool - DEBUG - https://pt.wikipedia.org:443 "GET /api/rest_v1/page/summary/Vitalik_Buterin HTTP/1.1" 200 631
2025-12-12 05:26:05,175 - urllib3.connectionpool - DEBUG - Starting new HTTPS connection (1): pt.wikipedia.org:443
2025-12-12 05:26:05,277 - urllib3.connectionpool - DEBUG - https://pt.wikipedia.org:443 "GET /api/rest_v1/page/summary/El_Salvador HTTP/1.1" 200 903
2025-12-12 05:26:05,282 - urllib3.connectionpool - DEBUG - Starting new HTTPS connection (1): pt.wikipedia.org:443
2025-12-12 05:26:05,381 - urllib3.connectionpool - DEBUG - https://pt.wikipedia.org:443 "GET /api/rest_v1/page/summary/Criptomoeda HTTP/1.1" 200 946
2025-12-12 05:26:05,385 - urllib3.connectionpool - DEBUG - Starting new HTTPS connection (1): pt.wikipedia.org:443
2025-12-12 05:26:05,487 - urllib3.connectionpool - DEBUG - https://pt.wikipedia.org:443 "GET /api/rest_v1/page/summary/Lista_de_criptomoedas HTTP/1.1" 200 713
2025-12-12 05:26:05,491 - urllib3.connectionpool - DEBUG - Starting new HTTPS connection (1): pt.wikipedia.org:443
2025-12-12 05:26:05,590 - urllib3.connectionpool - DEBUG - https://pt.wikipedia.org:443 "GET /api/rest_v1/page/summary/Lista_de_portas_dos_protocolos_TCP_e_UDP HTTP/1.1" 200 824
2025-12-12 05:26:05,594 - urllib3.connectionpool - DEBUG - Starting new HTTPS connection (1): pt.wikipedia.org:443
2025-12-12 05:26:05,701 - urllib3.connectionpool - DEBUG - https://pt.wikipedia.org:443 "GET /api/rest_v1/page/summary/Blockchain HTTP/1.1" 200 1002
2025-12-12 05:26:05,706 - urllib3.connectionpool - DEBUG - Starting new HTTPS connection (1): pt.wikipedia.org:443
2025-12-12 05:26:05,818 - urllib3.connectionpool - DEBUG - https://pt.wikipedia.org:443 "GET /api/rest_v1/page/summary/Tether_(criptomoeda) HTTP/1.1" 200 683
2025-12-12 05:26:05,821 - urllib3.connectionpool - DEBUG - Starting new HTTPS connection (1): pt.wikipedia.org:443
2025-12-12 05:26:05,929 - urllib3.connectionpool - DEBUG - https://pt.wikipedia.org:443 "GET /api/rest_v1/page/summary/Bitcoin_Cash HTTP/1.1" 200 1160
2025-12-12 05:26:05,935 - urllib3.connectionpool - DEBUG - Starting new HTTPS connection (1): pt.wikipedia.org:443
2025-12-12 05:26:06,050 - urllib3.connectionpool - DEBUG - https://pt.wikipedia.org:443 "GET /api/rest_v1/page/summary/Reserva_estrat%C3%A9gica_de_bitcoin HTTP/1.1" 200 663
2025-12-12 05:26:06,054 - urllib3.connectionpool - DEBUG - Starting new HTTPS connection (1): pt.wikipedia.org:443
2025-12-12 05:26:06,158 - urllib3.connectionpool - DEBUG - https://pt.wikipedia.org:443 "GET /api/rest_v1/page/summary/Fazendas_de_Bitcoin HTTP/1.1" 200 732
2025-12-12 05:26:06,163 - urllib3.connectionpool - DEBUG - Starting new HTTPS connection (1): pt.wikipedia.org:443
2025-12-12 05:26:06,268 - urllib3.connectionpool - DEBUG - https://pt.wikipedia.org:443 "GET /api/rest_v1/page/summary/Nayib_Bukele HTTP/1.1" 200 747
2025-12-12 05:26:06,276 - urllib3.connectionpool - DEBUG - Starting new HTTPS connection (1): pt.wikipedia.org:443
2025-12-12 05:26:06,384 - urllib3.connectionpool - DEBUG - https://pt.wikipedia.org:443 "GET /api/rest_v1/page/summary/Nick_Szabo HTTP/1.1" 200 776
2025-12-12 05:26:06,392 - urllib3.connectionpool - DEBUG - Starting new HTTPS connection (1): pt.wikipedia.org:443
2025-12-12 05:26:06,499 - urllib3.connectionpool - DEBUG - https://pt.wikipedia.org:443 "GET /api/rest_v1/page/summary/Kraken_(empresa) HTTP/1.1" 200 579
2025-12-12 05:26:06,504 - UNI_v7.3 - INFO - Wikipedia: Coletados 20 resultados com sucesso
2025-12-12 05:26:06,516 - urllib3.connectionpool - DEBUG - Starting new HTTPS connection (1): api.github.com:443
2025-12-12 05:26:07,300 - urllib3.connectionpool - DEBUG - https://api.github.com:443 "GET /search/repositories?q=bitcoin&sort=stars&order=desc&per_page=20 HTTP/1.1" 200 None
2025-12-12 05:26:07,319 - UNI_v7.3 - INFO - GitHub: Coletados 20 resultados com sucesso
2025-12-12 05:26:07,319 - UNI_v7.3 - INFO - Hacker News: Iniciando coleta para 'bitcoin' (limite: 20)
2025-12-12 05:26:07,334 - urllib3.connectionpool - DEBUG - Starting new HTTPS connection (1): hn.algolia.com:443
2025-12-12 05:26:07,702 - urllib3.connectionpool - DEBUG - https://hn.algolia.com:443 "GET /api/v1/search?query=bitcoin&tags=story&hitsPerPage=20&numericFilters= HTTP/1.1" 200 28420
2025-12-12 05:26:07,711 - UNI_v7.3 - INFO - Hacker News: Coletados 20 resultados com sucesso
2025-12-12 05:26:07,712 - UNI_v7.3 - INFO - : JSON salvo em metadados_coleta.json
2025-12-12 05:26:07,719 - UNI_v7.3 - INFO - Suggest-chrome-web-top: Salvo 15 registros com 9 colunas em suggest_chrome_web_top.csv (0.9 KB)
2025-12-12 05:26:07,723 - UNI_v7.3 - INFO - Suggest-chrome-web-a-z: Salvo 15 registros com 9 colunas em suggest_chrome_web_a_z.csv (0.9 KB)
2025-12-12 05:26:07,725 - UNI_v7.3 - INFO - Suggest-chrome-youtube-top: Salvo 15 registros com 9 colunas em suggest_chrome_youtube_top.csv (0.8 KB)
2025-12-12 05:26:07,727 - UNI_v7.3 - INFO - Suggest-chrome-youtube-a-z: Salvo 15 registros com 9 colunas em suggest_chrome_youtube_a_z.csv (0.8 KB)
2025-12-12 05:26:07,729 - UNI_v7.3 - INFO - SERP-Bing: Salvo 10 registros com 13 colunas em serp_bing.csv (3.5 KB)
2025-12-12 05:26:07,732 - UNI_v7.3 - INFO - SERP-Google: Salvo 20 registros com 19 colunas em serp_google.csv (18.9 KB)
2025-12-12 05:26:07,735 - UNI_v7.3 - INFO - SERP-Brave: Salvo 20 registros com 13 colunas em serp_brave.csv (7.7 KB)
2025-12-12 05:26:07,737 - UNI_v7.3 - INFO - SERP-Duckduckgo: Salvo 17 registros com 8 colunas em serp_duckduckgo.csv (5.7 KB)
2025-12-12 05:26:07,741 - UNI_v7.3 - INFO - YouTube-relevance: Salvo 20 registros com 30 colunas em youtube_relevance.csv (39.7 KB)
2025-12-12 05:26:07,745 - UNI_v7.3 - INFO - YouTube-date: Salvo 20 registros com 30 colunas em youtube_date.csv (42.6 KB)
2025-12-12 05:26:07,748 - UNI_v7.3 - INFO - YouTube-viewCount: Salvo 20 registros com 30 colunas em youtube_viewcount.csv (15.4 KB)
2025-12-12 05:26:07,753 - UNI_v7.3 - INFO - AppStore-Google Play: Salvo 20 registros com 28 colunas em appstore_google_play.csv (80.9 KB)
2025-12-12 05:26:07,755 - UNI_v7.3 - INFO - Google News: Salvo 10 registros com 13 colunas em google_news.csv (8.4 KB)
2025-12-12 05:26:07,757 - UNI_v7.3 - INFO - arXiv: Salvo 20 registros com 18 colunas em arxiv.csv (27.2 KB)
2025-12-12 05:26:07,759 - UNI_v7.3 - INFO - Google Scholar: Salvo 20 registros com 20 colunas em google_scholar.csv (28.9 KB)
2025-12-12 05:26:07,761 - UNI_v7.3 - INFO - Wikipedia: Salvo 20 registros com 24 colunas em wikipedia.csv (29.8 KB)
2025-12-12 05:26:07,763 - UNI_v7.3 - INFO - GitHub: Salvo 20 registros com 38 colunas em github.csv (13.9 KB)
2025-12-12 05:26:07,765 - UNI_v7.3 - INFO - Hacker News: Salvo 20 registros com 18 colunas em hacker_news.csv (4.2 KB)
2025-12-12 05:26:07,765 - UNI_v7.3 - INFO - Iniciando criação da base de dados consolidada...
2025-12-12 05:26:07,795 - UNI_v7.3 - INFO - Base de dados consolidada salva: 317 registros, 180 colunas, 405.6 KB
2025-12-12 05:26:07,797 - UNI_v7.3 - WARNING - Não foi possível salvar Excel: No module named 'openpyxl'
2025-12-12 05:26:07,797 - UNI_v7.3 - WARNING - Não foi possível salvar Parquet: Unable to find a usable engine; tried using: 'pyarrow', 'fastparquet'.
A suitable version of pyarrow or fastparquet is required for parquet support.
Trying to import the above resulted in these errors:
 - Missing optional dependency 'pyarrow'. pyarrow is required for parquet support. Use pip or conda to install pyarrow.
 - Missing optional dependency 'fastparquet'. fastparquet is required for parquet support. Use pip or conda to install fastparquet.
2025-12-12 05:26:07,816 - UNI_v7.3 - INFO - Resumo: JSON salvo em resumo_estatistico_bitcoin_20251212_052607.json
2025-12-12 05:26:07,822 - UNI_v7.3 - INFO - : JSON salvo em resultados_completos.json
2025-12-12 05:26:07,843 - UNI_v7.3 - INFO - Qualidade: JSON salvo em analise_qualidade.json
2025-12-12 05:34:40,534 - UNI_v7.3 - INFO - Google Suggest: Iniciando coleta para 'natal 2026' (limite: 15)
2025-12-12 05:34:40,542 - urllib3.connectionpool - DEBUG - Starting new HTTPS connection (1): suggestqueries.google.com:443
2025-12-12 05:34:40,730 - urllib3.connectionpool - DEBUG - https://suggestqueries.google.com:443 "GET /complete/search?q=natal+2026&gl=br&client=chrome&hl=pt HTTP/1.1" 200 None
2025-12-12 05:34:40,737 - UNI_v7.3 - INFO - Google Suggest: Coletados 15 resultados com sucesso
2025-12-12 05:34:40,738 - UNI_v7.3 - INFO - Google Suggest: Iniciando coleta para 'natal 2026' (limite: 15)
2025-12-12 05:34:40,856 - urllib3.connectionpool - DEBUG - https://suggestqueries.google.com:443 "GET /complete/search?q=natal+2026&gl=br&client=chrome&hl=pt HTTP/1.1" 200 None
2025-12-12 05:34:40,857 - UNI_v7.3 - INFO - Google Suggest: Coletados 15 resultados com sucesso
2025-12-12 05:34:40,857 - UNI_v7.3 - INFO - Google Suggest: Iniciando coleta para 'natal 2026' (limite: 15)
2025-12-12 05:34:40,948 - urllib3.connectionpool - DEBUG - https://suggestqueries.google.com:443 "GET /complete/search?q=natal+2026&gl=br&client=chrome&hl=pt HTTP/1.1" 200 None
2025-12-12 05:34:40,948 - UNI_v7.3 - INFO - Google Suggest: Coletados 0 resultados com sucesso
2025-12-12 05:34:40,948 - UNI_v7.3 - INFO - Google Suggest: Iniciando coleta para 'natal 2026' (limite: 15)
2025-12-12 05:34:41,029 - urllib3.connectionpool - DEBUG - https://suggestqueries.google.com:443 "GET /complete/search?q=natal+2026&gl=br&client=chrome&hl=pt HTTP/1.1" 200 None
2025-12-12 05:34:41,030 - UNI_v7.3 - INFO - Google Suggest: Coletados 0 resultados com sucesso
2025-12-12 05:34:41,030 - UNI_v7.3 - INFO - Google Suggest: Iniciando coleta para 'natal 2026' (limite: 15)
2025-12-12 05:34:41,140 - urllib3.connectionpool - DEBUG - https://suggestqueries.google.com:443 "GET /complete/search?q=natal+2026&gl=br&client=chrome&hl=pt&ds=yt HTTP/1.1" 200 295
2025-12-12 05:34:41,141 - UNI_v7.3 - INFO - Google Suggest: Coletados 15 resultados com sucesso
2025-12-12 05:34:41,141 - UNI_v7.3 - INFO - Google Suggest: Iniciando coleta para 'natal 2026' (limite: 15)
2025-12-12 05:34:41,245 - urllib3.connectionpool - DEBUG - https://suggestqueries.google.com:443 "GET /complete/search?q=natal+2026&gl=br&client=chrome&hl=pt&ds=yt HTTP/1.1" 200 246
2025-12-12 05:34:41,246 - UNI_v7.3 - INFO - Google Suggest: Coletados 9 resultados com sucesso
2025-12-12 05:34:41,246 - UNI_v7.3 - INFO - Google Suggest: Iniciando coleta para 'natal 2026' (limite: 15)
2025-12-12 05:34:41,335 - urllib3.connectionpool - DEBUG - https://suggestqueries.google.com:443 "GET /complete/search?q=natal+2026&gl=br&client=chrome&hl=pt&ds=yt HTTP/1.1" 200 246
2025-12-12 05:34:41,336 - UNI_v7.3 - INFO - Google Suggest: Coletados 0 resultados com sucesso
2025-12-12 05:34:41,336 - UNI_v7.3 - INFO - Google Suggest: Iniciando coleta para 'natal 2026' (limite: 15)
2025-12-12 05:34:41,428 - urllib3.connectionpool - DEBUG - https://suggestqueries.google.com:443 "GET /complete/search?q=natal+2026&gl=br&client=chrome&hl=pt&ds=yt HTTP/1.1" 200 295
2025-12-12 05:34:41,429 - UNI_v7.3 - INFO - Google Suggest: Coletados 0 resultados com sucesso
2025-12-12 05:34:41,430 - UNI_v7.3 - INFO - Google: Iniciando coleta para 'natal 2026' (limite: 20, tentativa 1/3)
2025-12-12 05:34:41,431 - UNI_v7.3 - INFO - Bing: Iniciando coleta para 'natal 2026' (limite: 20, tentativa 1/3)
2025-12-12 05:34:41,431 - UNI_v7.3 - INFO - Brave: Iniciando coleta para 'natal 2026' (limite: 20, tentativa 1/3)
2025-12-12 05:34:41,432 - UNI_v7.3 - INFO - DuckDuckGo: Iniciando coleta para 'natal 2026' (limite: 20, tentativa 1/3)
2025-12-12 05:34:41,436 - googleapiclient.discovery_cache - INFO - file_cache is only supported with oauth2client<4.0.0
2025-12-12 05:34:41,442 - googleapiclient.discovery - DEBUG - URL being requested: GET https://customsearch.googleapis.com/customsearch/v1?q=natal+2026&cx=f07ccd3b922d6437b&gl=br&lr=lang_pt&start=1&num=10&safe=off&key=AIzaSyBj80B2fwVvFEMtcQU8tPV_NCNaEmQvzhc&alt=json
2025-12-12 05:34:41,459 - urllib3.connectionpool - DEBUG - Starting new HTTPS connection (1): serpapi.com:443
2025-12-12 05:34:41,459 - urllib3.connectionpool - DEBUG - Starting new HTTPS connection (1): api.search.brave.com:443
2025-12-12 05:34:41,601 - primp.utils - DEBUG - Loaded CA certs
2025-12-12 05:34:41,603 - primp.utils - DEBUG - Loaded CA certs
2025-12-12 05:34:41,603 - primp.utils - DEBUG - Loaded CA certs
2025-12-12 05:34:41,603 - primp.utils - DEBUG - Loaded CA certs
2025-12-12 05:34:41,603 - primp.utils - DEBUG - Loaded CA certs
2025-12-12 05:34:41,603 - primp.utils - DEBUG - Loaded CA certs
2025-12-12 05:34:41,603 - primp.utils - DEBUG - Loaded CA certs
2025-12-12 05:34:41,608 - primp.utils - DEBUG - Loaded CA certs
2025-12-12 05:34:41,608 - ddgs.ddgs - INFO - Error in engine wikipedia: ValueError('not enough values to unpack (expected 2, got 1)')
2025-12-12 05:34:41,609 - ddgs.ddgs - INFO - Error in engine bing: ValueError('not enough values to unpack (expected 2, got 1)')
2025-12-12 05:34:41,609 - ddgs.ddgs - INFO - Error in engine brave: ValueError('not enough values to unpack (expected 2, got 1)')
2025-12-12 05:34:41,611 - rquest.connect - DEBUG - starting new connection: https://search.yahoo.com/
2025-12-12 05:34:41,611 - rquest.connect - DEBUG - starting new connection: https://yandex.com/
2025-12-12 05:34:41,611 - rquest.util.client.connect.dns - DEBUG - resolving yandex.com
2025-12-12 05:34:41,611 - rquest.util.client.connect.dns - DEBUG - resolving search.yahoo.com
2025-12-12 05:34:41,621 - rquest.util.client.connect.http - DEBUG - connecting to 77.88.44.55:443
2025-12-12 05:34:41,624 - rquest.util.client.connect.http - DEBUG - connecting to 66.218.84.137:443
2025-12-12 05:34:41,828 - rquest.util.client.connect.http - DEBUG - connected to 66.218.84.137:443
2025-12-12 05:34:41,883 - rquest.util.client.connect.http - DEBUG - connected to 77.88.44.55:443
2025-12-12 05:34:42,042 - rquest.util.client.pool - DEBUG - pooling idle connection for PoolKey { uri: https://search.yahoo.com/, alpn_protos: None, network: default }
2025-12-12 05:34:42,150 - rquest.util.client.pool - DEBUG - pooling idle connection for PoolKey { uri: https://yandex.com/, alpn_protos: None, network: default }
2025-12-12 05:34:42,241 - googleapiclient.discovery - DEBUG - URL being requested: GET https://customsearch.googleapis.com/customsearch/v1?q=natal+2026&cx=f07ccd3b922d6437b&gl=br&lr=lang_pt&start=11&num=10&safe=off&key=AIzaSyBj80B2fwVvFEMtcQU8tPV_NCNaEmQvzhc&alt=json
2025-12-12 05:34:42,459 - urllib3.connectionpool - DEBUG - https://api.search.brave.com:443 "GET /res/v1/web/search?q=natal+2026&count=20&offset=0&country=br&safesearch=off HTTP/1.1" 200 None
2025-12-12 05:34:42,460 - UNI_v7.3 - INFO - Brave: Coletados 20 resultados com sucesso
2025-12-12 05:34:42,539 - UNI_v7.3 - INFO - Google: Coletados 20 resultados com sucesso
2025-12-12 05:34:42,659 - cookie_store.cookie_store - DEBUG - inserting secure cookie 'lkl'
2025-12-12 05:34:42,659 - cookie_store.cookie_store - DEBUG - inserting secure cookie 'A1'
2025-12-12 05:34:42,659 - cookie_store.cookie_store - DEBUG - inserting secure cookie 'A3'
2025-12-12 05:34:42,659 - cookie_store.cookie_store - DEBUG - inserting secure cookie 'A1S'
2025-12-12 05:34:42,659 - cookie_store.cookie_store - DEBUG - inserting secure cookie 'dflow'
2025-12-12 05:34:42,659 - primp - INFO - response: https://search.yahoo.com/search;_ylt=uj37eUAcaiRsUBaxl5qKqMlC;_ylu=Fbw6n5KbUbZcXbZWBOsEd-p3rMSJkS1B-e4EVo1kWLnwvwg?p=natal+2026 200
2025-12-12 05:34:43,045 - cookie_store.cookie_store - DEBUG - inserting secure cookie 'is_gdpr'
2025-12-12 05:34:43,045 - cookie_store.cookie_store - DEBUG - inserting secure cookie 'is_gdpr_b'
2025-12-12 05:34:43,045 - cookie_store.cookie_store - DEBUG - inserting secure cookie '_yasc'
2025-12-12 05:34:43,045 - cookie_store.cookie_store - DEBUG - inserting secure cookie 'i'
2025-12-12 05:34:43,045 - cookie_store.cookie_store - DEBUG - inserting secure cookie 'yandexuid'
2025-12-12 05:34:43,045 - cookie_store.cookie_store - DEBUG - inserting secure cookie 'yashr'
2025-12-12 05:34:43,045 - cookie_store.cookie_store - DEBUG - inserting secure cookie 'bh'
2025-12-12 05:34:43,045 - primp - INFO - response: https://yandex.com/search/site/?text=natal+2026&web=1&searchid=3408144 200
2025-12-12 05:34:43,105 - UNI_v7.3 - INFO - DuckDuckGo: Coletados 20 resultados com sucesso
2025-12-12 05:34:49,827 - urllib3.connectionpool - DEBUG - https://serpapi.com:443 "GET /search?engine=bing&q=natal+2026&cc=br&count=20&api_key=e71430bcff8bdc906f7a5ed9ae1538355c2efb0fb88ffa071f7125a76cc2b142&safe=off HTTP/1.1" 200 None
2025-12-12 05:34:49,830 - UNI_v7.3 - INFO - Bing: Coletados 7 resultados com sucesso
2025-12-12 05:34:49,831 - UNI_v7.3 - INFO - YouTube: Iniciando coleta para 'natal 2026' (limite: 20)
2025-12-12 05:34:49,833 - googleapiclient.discovery_cache - INFO - file_cache is only supported with oauth2client<4.0.0
2025-12-12 05:34:49,838 - googleapiclient.discovery - DEBUG - URL being requested: GET https://youtube.googleapis.com/youtube/v3/search?part=snippet&q=natal+2026&type=video&maxResults=20&order=relevance&regionCode=BR&relevanceLanguage=pt&key=AIzaSyBj80B2fwVvFEMtcQU8tPV_NCNaEmQvzhc&alt=json
2025-12-12 05:34:50,298 - googleapiclient.discovery - DEBUG - URL being requested: GET https://youtube.googleapis.com/youtube/v3/videos?part=statistics%2CcontentDetails%2Csnippet%2Cstatus&id=I16-omwBgb8%2Cc9iYS6IycHY%2CS6YN1y0esvo%2CTe9keccsjMo%2Chz8U_zDMwYk%2CKbaHg9ptiLM%2CieVctH14vAA%2C8avTnmhXaWQ%2Cj2qJftFVmv8%2CEpwowpHfHbc%2C4Kvg0EDKL84%2C7S6jeqWYhzs%2CEaWs9vkaOxE%2CpX6WJEJ-pcI%2Cxs7Q62SH2sQ%2C037Cu93QaMg%2ChLvIzV4h-48%2CCwJwciIOatI%2Ci2L8fDsXE_k%2CCW9-DanpudY&key=AIzaSyBj80B2fwVvFEMtcQU8tPV_NCNaEmQvzhc&alt=json
2025-12-12 05:34:50,637 - UNI_v7.3 - INFO - YouTube: Coletados 20 resultados com sucesso
2025-12-12 05:34:50,638 - UNI_v7.3 - ERROR - Erro ao coletar YouTube: name 'coletar_comentarios_youtube' is not defined
2025-12-12 05:34:50,646 - UNI_v7.3 - DEBUG - Traceback (most recent call last):
  File "/Users/eas/Desktop/github/emersonalmeida/emersonalmeida.github.io/project/uni/uni_v7.py", line 3806, in modo_personalizado
    comentarios = coletar_comentarios_youtube(
NameError: name 'coletar_comentarios_youtube' is not defined

2025-12-12 05:34:50,646 - UNI_v7.3 - INFO - YouTube: Iniciando coleta para 'natal 2026' (limite: 20)
2025-12-12 05:34:50,648 - googleapiclient.discovery_cache - INFO - file_cache is only supported with oauth2client<4.0.0
2025-12-12 05:34:50,659 - googleapiclient.discovery - DEBUG - URL being requested: GET https://youtube.googleapis.com/youtube/v3/search?part=snippet&q=natal+2026&type=video&maxResults=20&order=date&regionCode=BR&relevanceLanguage=pt&key=AIzaSyBj80B2fwVvFEMtcQU8tPV_NCNaEmQvzhc&alt=json
2025-12-12 05:34:50,975 - googleapiclient.discovery - DEBUG - URL being requested: GET https://youtube.googleapis.com/youtube/v3/videos?part=statistics%2CcontentDetails%2Csnippet%2Cstatus&id=jXXPbXTSVQk%2CK5zTQhsOPN0%2C5eViS9FINdk%2CoiyVRQubDok%2CKbbcFHPm3sA%2CZoTbakiSZdU%2C_v1v8g_V-kA%2CtcjN4WRAEH8%2CyWBWF4KUnVA%2CKRTtvfi8vkA%2CF6w32CdY_2c%2C7pdkhKC-5WA%2CUS3W4WiPZOI%2CwLowf7WvXHc%2CnXHF3VCQt4I%2ClmLogth993U%2CiES2LOjr64E%2CK237YVCl92w%2CVk4QWfak7jM%2CrFqR1rNCw1M&key=AIzaSyBj80B2fwVvFEMtcQU8tPV_NCNaEmQvzhc&alt=json
2025-12-12 05:34:51,319 - UNI_v7.3 - INFO - YouTube: Coletados 20 resultados com sucesso
2025-12-12 05:34:51,319 - UNI_v7.3 - ERROR - Erro ao coletar YouTube: name 'coletar_comentarios_youtube' is not defined
2025-12-12 05:34:51,320 - UNI_v7.3 - DEBUG - Traceback (most recent call last):
  File "/Users/eas/Desktop/github/emersonalmeida/emersonalmeida.github.io/project/uni/uni_v7.py", line 3806, in modo_personalizado
    comentarios = coletar_comentarios_youtube(
NameError: name 'coletar_comentarios_youtube' is not defined

2025-12-12 05:34:51,320 - UNI_v7.3 - INFO - YouTube: Iniciando coleta para 'natal 2026' (limite: 20)
2025-12-12 05:34:51,324 - googleapiclient.discovery_cache - INFO - file_cache is only supported with oauth2client<4.0.0
2025-12-12 05:34:51,327 - googleapiclient.discovery - DEBUG - URL being requested: GET https://youtube.googleapis.com/youtube/v3/search?part=snippet&q=natal+2026&type=video&maxResults=20&order=viewCount&regionCode=BR&relevanceLanguage=pt&key=AIzaSyBj80B2fwVvFEMtcQU8tPV_NCNaEmQvzhc&alt=json
2025-12-12 05:34:51,716 - googleapiclient.discovery - DEBUG - URL being requested: GET https://youtube.googleapis.com/youtube/v3/videos?part=statistics%2CcontentDetails%2Csnippet%2Cstatus&id=f0c7pSCoZqE%2CvypmtQ4NgHI%2CWFoez21EK9g%2C8vo-X0gnbeM%2CunlWeq1gw2I%2CQLJSDPC9Wks%2CF3s2qkhQlcA%2C037Cu93QaMg%2Ck2jawv-3UoI%2C1PfvwiyLYAA%2CePxKgvaM9hU%2C8rwenenDoKA%2Cj4_U9ie794U%2Ci2L8fDsXE_k%2CT__qdKeGCSU%2ClBkW7de-R_o%2C8A3GoNEjibg%2C6y_cepxUcHk%2CTqyfoNyPDCc%2CfBmFUeLP80k&key=AIzaSyBj80B2fwVvFEMtcQU8tPV_NCNaEmQvzhc&alt=json
2025-12-12 05:34:52,188 - UNI_v7.3 - INFO - YouTube: Coletados 20 resultados com sucesso
2025-12-12 05:34:52,189 - UNI_v7.3 - ERROR - Erro ao coletar YouTube: name 'coletar_comentarios_youtube' is not defined
2025-12-12 05:34:52,189 - UNI_v7.3 - DEBUG - Traceback (most recent call last):
  File "/Users/eas/Desktop/github/emersonalmeida/emersonalmeida.github.io/project/uni/uni_v7.py", line 3806, in modo_personalizado
    comentarios = coletar_comentarios_youtube(
NameError: name 'coletar_comentarios_youtube' is not defined

2025-12-12 05:34:52,194 - UNI_v7.3 - INFO - Google Play: Iniciando coleta para 'natal 2026' (limite: 20, tentativa 1/3)
2025-12-12 05:35:00,161 - UNI_v7.3 - INFO - Google Play: Coletados 20 resultados com sucesso
2025-12-12 05:35:00,161 - UNI_v7.3 - ERROR - Google Play Reviews: Erro inesperado: HELPFULNESS
2025-12-12 05:35:00,165 - UNI_v7.3 - DEBUG - Traceback (most recent call last):
  File "/Users/eas/Desktop/github/emersonalmeida/emersonalmeida.github.io/project/uni/uni_v7.py", line 2053, in coletar_reviews_google_play
    "most_helpful": Sort.HELPFULNESS
  File "/Library/Developer/CommandLineTools/Library/Frameworks/Python3.framework/Versions/3.9/lib/python3.9/enum.py", line 429, in __getattr__
    raise AttributeError(name) from None
AttributeError: HELPFULNESS

2025-12-12 05:35:00,165 - UNI_v7.3 - ERROR - Google Play Reviews: Erro inesperado: HELPFULNESS
2025-12-12 05:35:00,165 - UNI_v7.3 - DEBUG - Traceback (most recent call last):
  File "/Users/eas/Desktop/github/emersonalmeida/emersonalmeida.github.io/project/uni/uni_v7.py", line 2053, in coletar_reviews_google_play
    "most_helpful": Sort.HELPFULNESS
  File "/Library/Developer/CommandLineTools/Library/Frameworks/Python3.framework/Versions/3.9/lib/python3.9/enum.py", line 429, in __getattr__
    raise AttributeError(name) from None
AttributeError: HELPFULNESS

2025-12-12 05:35:00,165 - UNI_v7.3 - ERROR - Google Play Reviews: Erro inesperado: HELPFULNESS
2025-12-12 05:35:00,165 - UNI_v7.3 - DEBUG - Traceback (most recent call last):
  File "/Users/eas/Desktop/github/emersonalmeida/emersonalmeida.github.io/project/uni/uni_v7.py", line 2053, in coletar_reviews_google_play
    "most_helpful": Sort.HELPFULNESS
  File "/Library/Developer/CommandLineTools/Library/Frameworks/Python3.framework/Versions/3.9/lib/python3.9/enum.py", line 429, in __getattr__
    raise AttributeError(name) from None
AttributeError: HELPFULNESS

2025-12-12 05:35:00,165 - UNI_v7.3 - ERROR - Google Play Reviews: Erro inesperado: HELPFULNESS
2025-12-12 05:35:00,165 - UNI_v7.3 - DEBUG - Traceback (most recent call last):
  File "/Users/eas/Desktop/github/emersonalmeida/emersonalmeida.github.io/project/uni/uni_v7.py", line 2053, in coletar_reviews_google_play
    "most_helpful": Sort.HELPFULNESS
  File "/Library/Developer/CommandLineTools/Library/Frameworks/Python3.framework/Versions/3.9/lib/python3.9/enum.py", line 429, in __getattr__
    raise AttributeError(name) from None
AttributeError: HELPFULNESS

2025-12-12 05:35:00,165 - UNI_v7.3 - ERROR - Google Play Reviews: Erro inesperado: HELPFULNESS
2025-12-12 05:35:00,166 - UNI_v7.3 - DEBUG - Traceback (most recent call last):
  File "/Users/eas/Desktop/github/emersonalmeida/emersonalmeida.github.io/project/uni/uni_v7.py", line 2053, in coletar_reviews_google_play
    "most_helpful": Sort.HELPFULNESS
  File "/Library/Developer/CommandLineTools/Library/Frameworks/Python3.framework/Versions/3.9/lib/python3.9/enum.py", line 429, in __getattr__
    raise AttributeError(name) from None
AttributeError: HELPFULNESS

2025-12-12 05:35:00,166 - UNI_v7.3 - ERROR - Google Play Reviews: Erro inesperado: HELPFULNESS
2025-12-12 05:35:00,166 - UNI_v7.3 - DEBUG - Traceback (most recent call last):
  File "/Users/eas/Desktop/github/emersonalmeida/emersonalmeida.github.io/project/uni/uni_v7.py", line 2053, in coletar_reviews_google_play
    "most_helpful": Sort.HELPFULNESS
  File "/Library/Developer/CommandLineTools/Library/Frameworks/Python3.framework/Versions/3.9/lib/python3.9/enum.py", line 429, in __getattr__
    raise AttributeError(name) from None
AttributeError: HELPFULNESS

2025-12-12 05:35:00,166 - UNI_v7.3 - ERROR - Google Play Reviews: Erro inesperado: HELPFULNESS
2025-12-12 05:35:00,166 - UNI_v7.3 - DEBUG - Traceback (most recent call last):
  File "/Users/eas/Desktop/github/emersonalmeida/emersonalmeida.github.io/project/uni/uni_v7.py", line 2053, in coletar_reviews_google_play
    "most_helpful": Sort.HELPFULNESS
  File "/Library/Developer/CommandLineTools/Library/Frameworks/Python3.framework/Versions/3.9/lib/python3.9/enum.py", line 429, in __getattr__
    raise AttributeError(name) from None
AttributeError: HELPFULNESS

2025-12-12 05:35:00,166 - UNI_v7.3 - ERROR - Google Play Reviews: Erro inesperado: HELPFULNESS
2025-12-12 05:35:00,166 - UNI_v7.3 - DEBUG - Traceback (most recent call last):
  File "/Users/eas/Desktop/github/emersonalmeida/emersonalmeida.github.io/project/uni/uni_v7.py", line 2053, in coletar_reviews_google_play
    "most_helpful": Sort.HELPFULNESS
  File "/Library/Developer/CommandLineTools/Library/Frameworks/Python3.framework/Versions/3.9/lib/python3.9/enum.py", line 429, in __getattr__
    raise AttributeError(name) from None
AttributeError: HELPFULNESS

2025-12-12 05:35:00,166 - UNI_v7.3 - ERROR - Google Play Reviews: Erro inesperado: HELPFULNESS
2025-12-12 05:35:00,166 - UNI_v7.3 - DEBUG - Traceback (most recent call last):
  File "/Users/eas/Desktop/github/emersonalmeida/emersonalmeida.github.io/project/uni/uni_v7.py", line 2053, in coletar_reviews_google_play
    "most_helpful": Sort.HELPFULNESS
  File "/Library/Developer/CommandLineTools/Library/Frameworks/Python3.framework/Versions/3.9/lib/python3.9/enum.py", line 429, in __getattr__
    raise AttributeError(name) from None
AttributeError: HELPFULNESS

2025-12-12 05:35:00,166 - UNI_v7.3 - ERROR - Google Play Reviews: Erro inesperado: HELPFULNESS
2025-12-12 05:35:00,166 - UNI_v7.3 - DEBUG - Traceback (most recent call last):
  File "/Users/eas/Desktop/github/emersonalmeida/emersonalmeida.github.io/project/uni/uni_v7.py", line 2053, in coletar_reviews_google_play
    "most_helpful": Sort.HELPFULNESS
  File "/Library/Developer/CommandLineTools/Library/Frameworks/Python3.framework/Versions/3.9/lib/python3.9/enum.py", line 429, in __getattr__
    raise AttributeError(name) from None
AttributeError: HELPFULNESS

2025-12-12 05:35:00,166 - UNI_v7.3 - ERROR - Google Play Reviews: Erro inesperado: HELPFULNESS
2025-12-12 05:35:00,166 - UNI_v7.3 - DEBUG - Traceback (most recent call last):
  File "/Users/eas/Desktop/github/emersonalmeida/emersonalmeida.github.io/project/uni/uni_v7.py", line 2053, in coletar_reviews_google_play
    "most_helpful": Sort.HELPFULNESS
  File "/Library/Developer/CommandLineTools/Library/Frameworks/Python3.framework/Versions/3.9/lib/python3.9/enum.py", line 429, in __getattr__
    raise AttributeError(name) from None
AttributeError: HELPFULNESS

2025-12-12 05:35:00,166 - UNI_v7.3 - ERROR - Google Play Reviews: Erro inesperado: HELPFULNESS
2025-12-12 05:35:00,166 - UNI_v7.3 - DEBUG - Traceback (most recent call last):
  File "/Users/eas/Desktop/github/emersonalmeida/emersonalmeida.github.io/project/uni/uni_v7.py", line 2053, in coletar_reviews_google_play
    "most_helpful": Sort.HELPFULNESS
  File "/Library/Developer/CommandLineTools/Library/Frameworks/Python3.framework/Versions/3.9/lib/python3.9/enum.py", line 429, in __getattr__
    raise AttributeError(name) from None
AttributeError: HELPFULNESS

2025-12-12 05:35:00,166 - UNI_v7.3 - ERROR - Google Play Reviews: Erro inesperado: HELPFULNESS
2025-12-12 05:35:00,166 - UNI_v7.3 - DEBUG - Traceback (most recent call last):
  File "/Users/eas/Desktop/github/emersonalmeida/emersonalmeida.github.io/project/uni/uni_v7.py", line 2053, in coletar_reviews_google_play
    "most_helpful": Sort.HELPFULNESS
  File "/Library/Developer/CommandLineTools/Library/Frameworks/Python3.framework/Versions/3.9/lib/python3.9/enum.py", line 429, in __getattr__
    raise AttributeError(name) from None
AttributeError: HELPFULNESS

2025-12-12 05:35:00,166 - UNI_v7.3 - ERROR - Google Play Reviews: Erro inesperado: HELPFULNESS
2025-12-12 05:35:00,167 - UNI_v7.3 - DEBUG - Traceback (most recent call last):
  File "/Users/eas/Desktop/github/emersonalmeida/emersonalmeida.github.io/project/uni/uni_v7.py", line 2053, in coletar_reviews_google_play
    "most_helpful": Sort.HELPFULNESS
  File "/Library/Developer/CommandLineTools/Library/Frameworks/Python3.framework/Versions/3.9/lib/python3.9/enum.py", line 429, in __getattr__
    raise AttributeError(name) from None
AttributeError: HELPFULNESS

2025-12-12 05:35:00,167 - UNI_v7.3 - ERROR - Google Play Reviews: Erro inesperado: HELPFULNESS
2025-12-12 05:35:00,167 - UNI_v7.3 - DEBUG - Traceback (most recent call last):
  File "/Users/eas/Desktop/github/emersonalmeida/emersonalmeida.github.io/project/uni/uni_v7.py", line 2053, in coletar_reviews_google_play
    "most_helpful": Sort.HELPFULNESS
  File "/Library/Developer/CommandLineTools/Library/Frameworks/Python3.framework/Versions/3.9/lib/python3.9/enum.py", line 429, in __getattr__
    raise AttributeError(name) from None
AttributeError: HELPFULNESS

2025-12-12 05:35:00,167 - UNI_v7.3 - ERROR - Google Play Reviews: Erro inesperado: HELPFULNESS
2025-12-12 05:35:00,167 - UNI_v7.3 - DEBUG - Traceback (most recent call last):
  File "/Users/eas/Desktop/github/emersonalmeida/emersonalmeida.github.io/project/uni/uni_v7.py", line 2053, in coletar_reviews_google_play
    "most_helpful": Sort.HELPFULNESS
  File "/Library/Developer/CommandLineTools/Library/Frameworks/Python3.framework/Versions/3.9/lib/python3.9/enum.py", line 429, in __getattr__
    raise AttributeError(name) from None
AttributeError: HELPFULNESS

2025-12-12 05:35:00,167 - UNI_v7.3 - ERROR - Google Play Reviews: Erro inesperado: HELPFULNESS
2025-12-12 05:35:00,167 - UNI_v7.3 - DEBUG - Traceback (most recent call last):
  File "/Users/eas/Desktop/github/emersonalmeida/emersonalmeida.github.io/project/uni/uni_v7.py", line 2053, in coletar_reviews_google_play
    "most_helpful": Sort.HELPFULNESS
  File "/Library/Developer/CommandLineTools/Library/Frameworks/Python3.framework/Versions/3.9/lib/python3.9/enum.py", line 429, in __getattr__
    raise AttributeError(name) from None
AttributeError: HELPFULNESS

2025-12-12 05:35:00,167 - UNI_v7.3 - ERROR - Google Play Reviews: Erro inesperado: HELPFULNESS
2025-12-12 05:35:00,167 - UNI_v7.3 - DEBUG - Traceback (most recent call last):
  File "/Users/eas/Desktop/github/emersonalmeida/emersonalmeida.github.io/project/uni/uni_v7.py", line 2053, in coletar_reviews_google_play
    "most_helpful": Sort.HELPFULNESS
  File "/Library/Developer/CommandLineTools/Library/Frameworks/Python3.framework/Versions/3.9/lib/python3.9/enum.py", line 429, in __getattr__
    raise AttributeError(name) from None
AttributeError: HELPFULNESS

2025-12-12 05:35:00,167 - UNI_v7.3 - ERROR - Google Play Reviews: Erro inesperado: HELPFULNESS
2025-12-12 05:35:00,167 - UNI_v7.3 - DEBUG - Traceback (most recent call last):
  File "/Users/eas/Desktop/github/emersonalmeida/emersonalmeida.github.io/project/uni/uni_v7.py", line 2053, in coletar_reviews_google_play
    "most_helpful": Sort.HELPFULNESS
  File "/Library/Developer/CommandLineTools/Library/Frameworks/Python3.framework/Versions/3.9/lib/python3.9/enum.py", line 429, in __getattr__
    raise AttributeError(name) from None
AttributeError: HELPFULNESS

2025-12-12 05:35:00,167 - UNI_v7.3 - ERROR - Google Play Reviews: Erro inesperado: HELPFULNESS
2025-12-12 05:35:00,167 - UNI_v7.3 - DEBUG - Traceback (most recent call last):
  File "/Users/eas/Desktop/github/emersonalmeida/emersonalmeida.github.io/project/uni/uni_v7.py", line 2053, in coletar_reviews_google_play
    "most_helpful": Sort.HELPFULNESS
  File "/Library/Developer/CommandLineTools/Library/Frameworks/Python3.framework/Versions/3.9/lib/python3.9/enum.py", line 429, in __getattr__
    raise AttributeError(name) from None
AttributeError: HELPFULNESS

2025-12-12 05:35:00,167 - UNI_v7.3 - ERROR - Google Play Reviews: Erro inesperado: HELPFULNESS
2025-12-12 05:35:00,167 - UNI_v7.3 - DEBUG - Traceback (most recent call last):
  File "/Users/eas/Desktop/github/emersonalmeida/emersonalmeida.github.io/project/uni/uni_v7.py", line 2053, in coletar_reviews_google_play
    "most_helpful": Sort.HELPFULNESS
  File "/Library/Developer/CommandLineTools/Library/Frameworks/Python3.framework/Versions/3.9/lib/python3.9/enum.py", line 429, in __getattr__
    raise AttributeError(name) from None
AttributeError: HELPFULNESS

2025-12-12 05:35:00,167 - UNI_v7.3 - ERROR - Google Play Reviews: Erro inesperado: HELPFULNESS
2025-12-12 05:35:00,168 - UNI_v7.3 - DEBUG - Traceback (most recent call last):
  File "/Users/eas/Desktop/github/emersonalmeida/emersonalmeida.github.io/project/uni/uni_v7.py", line 2053, in coletar_reviews_google_play
    "most_helpful": Sort.HELPFULNESS
  File "/Library/Developer/CommandLineTools/Library/Frameworks/Python3.framework/Versions/3.9/lib/python3.9/enum.py", line 429, in __getattr__
    raise AttributeError(name) from None
AttributeError: HELPFULNESS

2025-12-12 05:35:00,168 - UNI_v7.3 - ERROR - Google Play Reviews: Erro inesperado: HELPFULNESS
2025-12-12 05:35:00,168 - UNI_v7.3 - DEBUG - Traceback (most recent call last):
  File "/Users/eas/Desktop/github/emersonalmeida/emersonalmeida.github.io/project/uni/uni_v7.py", line 2053, in coletar_reviews_google_play
    "most_helpful": Sort.HELPFULNESS
  File "/Library/Developer/CommandLineTools/Library/Frameworks/Python3.framework/Versions/3.9/lib/python3.9/enum.py", line 429, in __getattr__
    raise AttributeError(name) from None
AttributeError: HELPFULNESS

2025-12-12 05:35:00,168 - UNI_v7.3 - ERROR - Google Play Reviews: Erro inesperado: HELPFULNESS
2025-12-12 05:35:00,168 - UNI_v7.3 - DEBUG - Traceback (most recent call last):
  File "/Users/eas/Desktop/github/emersonalmeida/emersonalmeida.github.io/project/uni/uni_v7.py", line 2053, in coletar_reviews_google_play
    "most_helpful": Sort.HELPFULNESS
  File "/Library/Developer/CommandLineTools/Library/Frameworks/Python3.framework/Versions/3.9/lib/python3.9/enum.py", line 429, in __getattr__
    raise AttributeError(name) from None
AttributeError: HELPFULNESS

2025-12-12 05:35:00,168 - UNI_v7.3 - ERROR - Google Play Reviews: Erro inesperado: HELPFULNESS
2025-12-12 05:35:00,168 - UNI_v7.3 - DEBUG - Traceback (most recent call last):
  File "/Users/eas/Desktop/github/emersonalmeida/emersonalmeida.github.io/project/uni/uni_v7.py", line 2053, in coletar_reviews_google_play
    "most_helpful": Sort.HELPFULNESS
  File "/Library/Developer/CommandLineTools/Library/Frameworks/Python3.framework/Versions/3.9/lib/python3.9/enum.py", line 429, in __getattr__
    raise AttributeError(name) from None
AttributeError: HELPFULNESS

2025-12-12 05:35:00,168 - UNI_v7.3 - ERROR - Google Play Reviews: Erro inesperado: HELPFULNESS
2025-12-12 05:35:00,168 - UNI_v7.3 - DEBUG - Traceback (most recent call last):
  File "/Users/eas/Desktop/github/emersonalmeida/emersonalmeida.github.io/project/uni/uni_v7.py", line 2053, in coletar_reviews_google_play
    "most_helpful": Sort.HELPFULNESS
  File "/Library/Developer/CommandLineTools/Library/Frameworks/Python3.framework/Versions/3.9/lib/python3.9/enum.py", line 429, in __getattr__
    raise AttributeError(name) from None
AttributeError: HELPFULNESS

2025-12-12 05:35:00,168 - UNI_v7.3 - ERROR - Google Play Reviews: Erro inesperado: HELPFULNESS
2025-12-12 05:35:00,168 - UNI_v7.3 - DEBUG - Traceback (most recent call last):
  File "/Users/eas/Desktop/github/emersonalmeida/emersonalmeida.github.io/project/uni/uni_v7.py", line 2053, in coletar_reviews_google_play
    "most_helpful": Sort.HELPFULNESS
  File "/Library/Developer/CommandLineTools/Library/Frameworks/Python3.framework/Versions/3.9/lib/python3.9/enum.py", line 429, in __getattr__
    raise AttributeError(name) from None
AttributeError: HELPFULNESS

2025-12-12 05:35:00,168 - UNI_v7.3 - ERROR - Google Play Reviews: Erro inesperado: HELPFULNESS
2025-12-12 05:35:00,168 - UNI_v7.3 - DEBUG - Traceback (most recent call last):
  File "/Users/eas/Desktop/github/emersonalmeida/emersonalmeida.github.io/project/uni/uni_v7.py", line 2053, in coletar_reviews_google_play
    "most_helpful": Sort.HELPFULNESS
  File "/Library/Developer/CommandLineTools/Library/Frameworks/Python3.framework/Versions/3.9/lib/python3.9/enum.py", line 429, in __getattr__
    raise AttributeError(name) from None
AttributeError: HELPFULNESS

2025-12-12 05:35:00,168 - UNI_v7.3 - ERROR - Google Play Reviews: Erro inesperado: HELPFULNESS
2025-12-12 05:35:00,168 - UNI_v7.3 - DEBUG - Traceback (most recent call last):
  File "/Users/eas/Desktop/github/emersonalmeida/emersonalmeida.github.io/project/uni/uni_v7.py", line 2053, in coletar_reviews_google_play
    "most_helpful": Sort.HELPFULNESS
  File "/Library/Developer/CommandLineTools/Library/Frameworks/Python3.framework/Versions/3.9/lib/python3.9/enum.py", line 429, in __getattr__
    raise AttributeError(name) from None
AttributeError: HELPFULNESS

2025-12-12 05:35:00,168 - UNI_v7.3 - ERROR - Google Play Reviews: Erro inesperado: HELPFULNESS
2025-12-12 05:35:00,168 - UNI_v7.3 - DEBUG - Traceback (most recent call last):
  File "/Users/eas/Desktop/github/emersonalmeida/emersonalmeida.github.io/project/uni/uni_v7.py", line 2053, in coletar_reviews_google_play
    "most_helpful": Sort.HELPFULNESS
  File "/Library/Developer/CommandLineTools/Library/Frameworks/Python3.framework/Versions/3.9/lib/python3.9/enum.py", line 429, in __getattr__
    raise AttributeError(name) from None
AttributeError: HELPFULNESS

2025-12-12 05:35:00,168 - UNI_v7.3 - ERROR - Google Play Reviews: Erro inesperado: HELPFULNESS
2025-12-12 05:35:00,168 - UNI_v7.3 - DEBUG - Traceback (most recent call last):
  File "/Users/eas/Desktop/github/emersonalmeida/emersonalmeida.github.io/project/uni/uni_v7.py", line 2053, in coletar_reviews_google_play
    "most_helpful": Sort.HELPFULNESS
  File "/Library/Developer/CommandLineTools/Library/Frameworks/Python3.framework/Versions/3.9/lib/python3.9/enum.py", line 429, in __getattr__
    raise AttributeError(name) from None
AttributeError: HELPFULNESS

2025-12-12 05:35:00,169 - UNI_v7.3 - ERROR - Google Play Reviews: Erro inesperado: HELPFULNESS
2025-12-12 05:35:00,169 - UNI_v7.3 - DEBUG - Traceback (most recent call last):
  File "/Users/eas/Desktop/github/emersonalmeida/emersonalmeida.github.io/project/uni/uni_v7.py", line 2053, in coletar_reviews_google_play
    "most_helpful": Sort.HELPFULNESS
  File "/Library/Developer/CommandLineTools/Library/Frameworks/Python3.framework/Versions/3.9/lib/python3.9/enum.py", line 429, in __getattr__
    raise AttributeError(name) from None
AttributeError: HELPFULNESS

2025-12-12 05:35:00,169 - UNI_v7.3 - ERROR - Google Play Reviews: Erro inesperado: HELPFULNESS
2025-12-12 05:35:00,169 - UNI_v7.3 - DEBUG - Traceback (most recent call last):
  File "/Users/eas/Desktop/github/emersonalmeida/emersonalmeida.github.io/project/uni/uni_v7.py", line 2053, in coletar_reviews_google_play
    "most_helpful": Sort.HELPFULNESS
  File "/Library/Developer/CommandLineTools/Library/Frameworks/Python3.framework/Versions/3.9/lib/python3.9/enum.py", line 429, in __getattr__
    raise AttributeError(name) from None
AttributeError: HELPFULNESS

2025-12-12 05:35:00,169 - UNI_v7.3 - ERROR - Google Play Reviews: Erro inesperado: HELPFULNESS
2025-12-12 05:35:00,169 - UNI_v7.3 - DEBUG - Traceback (most recent call last):
  File "/Users/eas/Desktop/github/emersonalmeida/emersonalmeida.github.io/project/uni/uni_v7.py", line 2053, in coletar_reviews_google_play
    "most_helpful": Sort.HELPFULNESS
  File "/Library/Developer/CommandLineTools/Library/Frameworks/Python3.framework/Versions/3.9/lib/python3.9/enum.py", line 429, in __getattr__
    raise AttributeError(name) from None
AttributeError: HELPFULNESS

2025-12-12 05:35:00,169 - UNI_v7.3 - ERROR - Google Play Reviews: Erro inesperado: HELPFULNESS
2025-12-12 05:35:00,169 - UNI_v7.3 - DEBUG - Traceback (most recent call last):
  File "/Users/eas/Desktop/github/emersonalmeida/emersonalmeida.github.io/project/uni/uni_v7.py", line 2053, in coletar_reviews_google_play
    "most_helpful": Sort.HELPFULNESS
  File "/Library/Developer/CommandLineTools/Library/Frameworks/Python3.framework/Versions/3.9/lib/python3.9/enum.py", line 429, in __getattr__
    raise AttributeError(name) from None
AttributeError: HELPFULNESS

2025-12-12 05:35:00,169 - UNI_v7.3 - ERROR - Google Play Reviews: Erro inesperado: HELPFULNESS
2025-12-12 05:35:00,169 - UNI_v7.3 - DEBUG - Traceback (most recent call last):
  File "/Users/eas/Desktop/github/emersonalmeida/emersonalmeida.github.io/project/uni/uni_v7.py", line 2053, in coletar_reviews_google_play
    "most_helpful": Sort.HELPFULNESS
  File "/Library/Developer/CommandLineTools/Library/Frameworks/Python3.framework/Versions/3.9/lib/python3.9/enum.py", line 429, in __getattr__
    raise AttributeError(name) from None
AttributeError: HELPFULNESS

2025-12-12 05:35:00,169 - UNI_v7.3 - ERROR - Google Play Reviews: Erro inesperado: HELPFULNESS
2025-12-12 05:35:00,169 - UNI_v7.3 - DEBUG - Traceback (most recent call last):
  File "/Users/eas/Desktop/github/emersonalmeida/emersonalmeida.github.io/project/uni/uni_v7.py", line 2053, in coletar_reviews_google_play
    "most_helpful": Sort.HELPFULNESS
  File "/Library/Developer/CommandLineTools/Library/Frameworks/Python3.framework/Versions/3.9/lib/python3.9/enum.py", line 429, in __getattr__
    raise AttributeError(name) from None
AttributeError: HELPFULNESS

2025-12-12 05:35:00,169 - UNI_v7.3 - ERROR - Google Play Reviews: Erro inesperado: HELPFULNESS
2025-12-12 05:35:00,169 - UNI_v7.3 - DEBUG - Traceback (most recent call last):
  File "/Users/eas/Desktop/github/emersonalmeida/emersonalmeida.github.io/project/uni/uni_v7.py", line 2053, in coletar_reviews_google_play
    "most_helpful": Sort.HELPFULNESS
  File "/Library/Developer/CommandLineTools/Library/Frameworks/Python3.framework/Versions/3.9/lib/python3.9/enum.py", line 429, in __getattr__
    raise AttributeError(name) from None
AttributeError: HELPFULNESS

2025-12-12 05:35:00,169 - UNI_v7.3 - ERROR - Google Play Reviews: Erro inesperado: HELPFULNESS
2025-12-12 05:35:00,169 - UNI_v7.3 - DEBUG - Traceback (most recent call last):
  File "/Users/eas/Desktop/github/emersonalmeida/emersonalmeida.github.io/project/uni/uni_v7.py", line 2053, in coletar_reviews_google_play
    "most_helpful": Sort.HELPFULNESS
  File "/Library/Developer/CommandLineTools/Library/Frameworks/Python3.framework/Versions/3.9/lib/python3.9/enum.py", line 429, in __getattr__
    raise AttributeError(name) from None
AttributeError: HELPFULNESS

2025-12-12 05:35:00,170 - UNI_v7.3 - ERROR - Google Play Reviews: Erro inesperado: HELPFULNESS
2025-12-12 05:35:00,170 - UNI_v7.3 - DEBUG - Traceback (most recent call last):
  File "/Users/eas/Desktop/github/emersonalmeida/emersonalmeida.github.io/project/uni/uni_v7.py", line 2053, in coletar_reviews_google_play
    "most_helpful": Sort.HELPFULNESS
  File "/Library/Developer/CommandLineTools/Library/Frameworks/Python3.framework/Versions/3.9/lib/python3.9/enum.py", line 429, in __getattr__
    raise AttributeError(name) from None
AttributeError: HELPFULNESS

2025-12-12 05:35:00,170 - UNI_v7.3 - ERROR - Google Play Reviews: Erro inesperado: HELPFULNESS
2025-12-12 05:35:00,170 - UNI_v7.3 - DEBUG - Traceback (most recent call last):
  File "/Users/eas/Desktop/github/emersonalmeida/emersonalmeida.github.io/project/uni/uni_v7.py", line 2053, in coletar_reviews_google_play
    "most_helpful": Sort.HELPFULNESS
  File "/Library/Developer/CommandLineTools/Library/Frameworks/Python3.framework/Versions/3.9/lib/python3.9/enum.py", line 429, in __getattr__
    raise AttributeError(name) from None
AttributeError: HELPFULNESS

2025-12-12 05:35:00,170 - UNI_v7.3 - ERROR - Google Play Reviews: Erro inesperado: HELPFULNESS
2025-12-12 05:35:00,170 - UNI_v7.3 - DEBUG - Traceback (most recent call last):
  File "/Users/eas/Desktop/github/emersonalmeida/emersonalmeida.github.io/project/uni/uni_v7.py", line 2053, in coletar_reviews_google_play
    "most_helpful": Sort.HELPFULNESS
  File "/Library/Developer/CommandLineTools/Library/Frameworks/Python3.framework/Versions/3.9/lib/python3.9/enum.py", line 429, in __getattr__
    raise AttributeError(name) from None
AttributeError: HELPFULNESS

2025-12-12 05:35:00,170 - UNI_v7.3 - ERROR - Google Play Reviews: Erro inesperado: HELPFULNESS
2025-12-12 05:35:00,170 - UNI_v7.3 - DEBUG - Traceback (most recent call last):
  File "/Users/eas/Desktop/github/emersonalmeida/emersonalmeida.github.io/project/uni/uni_v7.py", line 2053, in coletar_reviews_google_play
    "most_helpful": Sort.HELPFULNESS
  File "/Library/Developer/CommandLineTools/Library/Frameworks/Python3.framework/Versions/3.9/lib/python3.9/enum.py", line 429, in __getattr__
    raise AttributeError(name) from None
AttributeError: HELPFULNESS

2025-12-12 05:35:00,170 - UNI_v7.3 - ERROR - Google Play Reviews: Erro inesperado: HELPFULNESS
2025-12-12 05:35:00,170 - UNI_v7.3 - DEBUG - Traceback (most recent call last):
  File "/Users/eas/Desktop/github/emersonalmeida/emersonalmeida.github.io/project/uni/uni_v7.py", line 2053, in coletar_reviews_google_play
    "most_helpful": Sort.HELPFULNESS
  File "/Library/Developer/CommandLineTools/Library/Frameworks/Python3.framework/Versions/3.9/lib/python3.9/enum.py", line 429, in __getattr__
    raise AttributeError(name) from None
AttributeError: HELPFULNESS

2025-12-12 05:35:00,170 - UNI_v7.3 - ERROR - Google Play Reviews: Erro inesperado: HELPFULNESS
2025-12-12 05:35:00,171 - UNI_v7.3 - DEBUG - Traceback (most recent call last):
  File "/Users/eas/Desktop/github/emersonalmeida/emersonalmeida.github.io/project/uni/uni_v7.py", line 2053, in coletar_reviews_google_play
    "most_helpful": Sort.HELPFULNESS
  File "/Library/Developer/CommandLineTools/Library/Frameworks/Python3.framework/Versions/3.9/lib/python3.9/enum.py", line 429, in __getattr__
    raise AttributeError(name) from None
AttributeError: HELPFULNESS

2025-12-12 05:35:00,171 - UNI_v7.3 - ERROR - Google Play Reviews: Erro inesperado: HELPFULNESS
2025-12-12 05:35:00,171 - UNI_v7.3 - DEBUG - Traceback (most recent call last):
  File "/Users/eas/Desktop/github/emersonalmeida/emersonalmeida.github.io/project/uni/uni_v7.py", line 2053, in coletar_reviews_google_play
    "most_helpful": Sort.HELPFULNESS
  File "/Library/Developer/CommandLineTools/Library/Frameworks/Python3.framework/Versions/3.9/lib/python3.9/enum.py", line 429, in __getattr__
    raise AttributeError(name) from None
AttributeError: HELPFULNESS

2025-12-12 05:35:00,171 - UNI_v7.3 - ERROR - Google Play Reviews: Erro inesperado: HELPFULNESS
2025-12-12 05:35:00,171 - UNI_v7.3 - DEBUG - Traceback (most recent call last):
  File "/Users/eas/Desktop/github/emersonalmeida/emersonalmeida.github.io/project/uni/uni_v7.py", line 2053, in coletar_reviews_google_play
    "most_helpful": Sort.HELPFULNESS
  File "/Library/Developer/CommandLineTools/Library/Frameworks/Python3.framework/Versions/3.9/lib/python3.9/enum.py", line 429, in __getattr__
    raise AttributeError(name) from None
AttributeError: HELPFULNESS

2025-12-12 05:35:00,171 - UNI_v7.3 - ERROR - Google Play Reviews: Erro inesperado: HELPFULNESS
2025-12-12 05:35:00,171 - UNI_v7.3 - DEBUG - Traceback (most recent call last):
  File "/Users/eas/Desktop/github/emersonalmeida/emersonalmeida.github.io/project/uni/uni_v7.py", line 2053, in coletar_reviews_google_play
    "most_helpful": Sort.HELPFULNESS
  File "/Library/Developer/CommandLineTools/Library/Frameworks/Python3.framework/Versions/3.9/lib/python3.9/enum.py", line 429, in __getattr__
    raise AttributeError(name) from None
AttributeError: HELPFULNESS

2025-12-12 05:35:00,171 - UNI_v7.3 - ERROR - Google Play Reviews: Erro inesperado: HELPFULNESS
2025-12-12 05:35:00,171 - UNI_v7.3 - DEBUG - Traceback (most recent call last):
  File "/Users/eas/Desktop/github/emersonalmeida/emersonalmeida.github.io/project/uni/uni_v7.py", line 2053, in coletar_reviews_google_play
    "most_helpful": Sort.HELPFULNESS
  File "/Library/Developer/CommandLineTools/Library/Frameworks/Python3.framework/Versions/3.9/lib/python3.9/enum.py", line 429, in __getattr__
    raise AttributeError(name) from None
AttributeError: HELPFULNESS

2025-12-12 05:35:00,172 - UNI_v7.3 - ERROR - Google Play Reviews: Erro inesperado: HELPFULNESS
2025-12-12 05:35:00,172 - UNI_v7.3 - DEBUG - Traceback (most recent call last):
  File "/Users/eas/Desktop/github/emersonalmeida/emersonalmeida.github.io/project/uni/uni_v7.py", line 2053, in coletar_reviews_google_play
    "most_helpful": Sort.HELPFULNESS
  File "/Library/Developer/CommandLineTools/Library/Frameworks/Python3.framework/Versions/3.9/lib/python3.9/enum.py", line 429, in __getattr__
    raise AttributeError(name) from None
AttributeError: HELPFULNESS

2025-12-12 05:35:00,172 - UNI_v7.3 - ERROR - Google Play Reviews: Erro inesperado: HELPFULNESS
2025-12-12 05:35:00,172 - UNI_v7.3 - DEBUG - Traceback (most recent call last):
  File "/Users/eas/Desktop/github/emersonalmeida/emersonalmeida.github.io/project/uni/uni_v7.py", line 2053, in coletar_reviews_google_play
    "most_helpful": Sort.HELPFULNESS
  File "/Library/Developer/CommandLineTools/Library/Frameworks/Python3.framework/Versions/3.9/lib/python3.9/enum.py", line 429, in __getattr__
    raise AttributeError(name) from None
AttributeError: HELPFULNESS

2025-12-12 05:35:00,172 - UNI_v7.3 - ERROR - Google Play Reviews: Erro inesperado: HELPFULNESS
2025-12-12 05:35:00,172 - UNI_v7.3 - DEBUG - Traceback (most recent call last):
  File "/Users/eas/Desktop/github/emersonalmeida/emersonalmeida.github.io/project/uni/uni_v7.py", line 2053, in coletar_reviews_google_play
    "most_helpful": Sort.HELPFULNESS
  File "/Library/Developer/CommandLineTools/Library/Frameworks/Python3.framework/Versions/3.9/lib/python3.9/enum.py", line 429, in __getattr__
    raise AttributeError(name) from None
AttributeError: HELPFULNESS

2025-12-12 05:35:00,172 - UNI_v7.3 - ERROR - Google Play Reviews: Erro inesperado: HELPFULNESS
2025-12-12 05:35:00,172 - UNI_v7.3 - DEBUG - Traceback (most recent call last):
  File "/Users/eas/Desktop/github/emersonalmeida/emersonalmeida.github.io/project/uni/uni_v7.py", line 2053, in coletar_reviews_google_play
    "most_helpful": Sort.HELPFULNESS
  File "/Library/Developer/CommandLineTools/Library/Frameworks/Python3.framework/Versions/3.9/lib/python3.9/enum.py", line 429, in __getattr__
    raise AttributeError(name) from None
AttributeError: HELPFULNESS

2025-12-12 05:35:00,173 - UNI_v7.3 - ERROR - Google Play Reviews: Erro inesperado: HELPFULNESS
2025-12-12 05:35:00,173 - UNI_v7.3 - DEBUG - Traceback (most recent call last):
  File "/Users/eas/Desktop/github/emersonalmeida/emersonalmeida.github.io/project/uni/uni_v7.py", line 2053, in coletar_reviews_google_play
    "most_helpful": Sort.HELPFULNESS
  File "/Library/Developer/CommandLineTools/Library/Frameworks/Python3.framework/Versions/3.9/lib/python3.9/enum.py", line 429, in __getattr__
    raise AttributeError(name) from None
AttributeError: HELPFULNESS

2025-12-12 05:35:00,173 - UNI_v7.3 - ERROR - Google Play Reviews: Erro inesperado: HELPFULNESS
2025-12-12 05:35:00,173 - UNI_v7.3 - DEBUG - Traceback (most recent call last):
  File "/Users/eas/Desktop/github/emersonalmeida/emersonalmeida.github.io/project/uni/uni_v7.py", line 2053, in coletar_reviews_google_play
    "most_helpful": Sort.HELPFULNESS
  File "/Library/Developer/CommandLineTools/Library/Frameworks/Python3.framework/Versions/3.9/lib/python3.9/enum.py", line 429, in __getattr__
    raise AttributeError(name) from None
AttributeError: HELPFULNESS

2025-12-12 05:35:00,173 - UNI_v7.3 - ERROR - Google Play Reviews: Erro inesperado: HELPFULNESS
2025-12-12 05:35:00,173 - UNI_v7.3 - DEBUG - Traceback (most recent call last):
  File "/Users/eas/Desktop/github/emersonalmeida/emersonalmeida.github.io/project/uni/uni_v7.py", line 2053, in coletar_reviews_google_play
    "most_helpful": Sort.HELPFULNESS
  File "/Library/Developer/CommandLineTools/Library/Frameworks/Python3.framework/Versions/3.9/lib/python3.9/enum.py", line 429, in __getattr__
    raise AttributeError(name) from None
AttributeError: HELPFULNESS

2025-12-12 05:35:00,173 - UNI_v7.3 - ERROR - Google Play Reviews: Erro inesperado: HELPFULNESS
2025-12-12 05:35:00,173 - UNI_v7.3 - DEBUG - Traceback (most recent call last):
  File "/Users/eas/Desktop/github/emersonalmeida/emersonalmeida.github.io/project/uni/uni_v7.py", line 2053, in coletar_reviews_google_play
    "most_helpful": Sort.HELPFULNESS
  File "/Library/Developer/CommandLineTools/Library/Frameworks/Python3.framework/Versions/3.9/lib/python3.9/enum.py", line 429, in __getattr__
    raise AttributeError(name) from None
AttributeError: HELPFULNESS

2025-12-12 05:35:00,173 - UNI_v7.3 - ERROR - Google Play Reviews: Erro inesperado: HELPFULNESS
2025-12-12 05:35:00,173 - UNI_v7.3 - DEBUG - Traceback (most recent call last):
  File "/Users/eas/Desktop/github/emersonalmeida/emersonalmeida.github.io/project/uni/uni_v7.py", line 2053, in coletar_reviews_google_play
    "most_helpful": Sort.HELPFULNESS
  File "/Library/Developer/CommandLineTools/Library/Frameworks/Python3.framework/Versions/3.9/lib/python3.9/enum.py", line 429, in __getattr__
    raise AttributeError(name) from None
AttributeError: HELPFULNESS

2025-12-12 05:35:00,173 - UNI_v7.3 - ERROR - Google Play Reviews: Erro inesperado: HELPFULNESS
2025-12-12 05:35:00,173 - UNI_v7.3 - DEBUG - Traceback (most recent call last):
  File "/Users/eas/Desktop/github/emersonalmeida/emersonalmeida.github.io/project/uni/uni_v7.py", line 2053, in coletar_reviews_google_play
    "most_helpful": Sort.HELPFULNESS
  File "/Library/Developer/CommandLineTools/Library/Frameworks/Python3.framework/Versions/3.9/lib/python3.9/enum.py", line 429, in __getattr__
    raise AttributeError(name) from None
AttributeError: HELPFULNESS

2025-12-12 05:35:00,173 - UNI_v7.3 - ERROR - Google Play Reviews: Erro inesperado: HELPFULNESS
2025-12-12 05:35:00,173 - UNI_v7.3 - DEBUG - Traceback (most recent call last):
  File "/Users/eas/Desktop/github/emersonalmeida/emersonalmeida.github.io/project/uni/uni_v7.py", line 2053, in coletar_reviews_google_play
    "most_helpful": Sort.HELPFULNESS
  File "/Library/Developer/CommandLineTools/Library/Frameworks/Python3.framework/Versions/3.9/lib/python3.9/enum.py", line 429, in __getattr__
    raise AttributeError(name) from None
AttributeError: HELPFULNESS

2025-12-12 05:35:00,173 - UNI_v7.3 - ERROR - Google Play Reviews: Erro inesperado: HELPFULNESS
2025-12-12 05:35:00,173 - UNI_v7.3 - DEBUG - Traceback (most recent call last):
  File "/Users/eas/Desktop/github/emersonalmeida/emersonalmeida.github.io/project/uni/uni_v7.py", line 2053, in coletar_reviews_google_play
    "most_helpful": Sort.HELPFULNESS
  File "/Library/Developer/CommandLineTools/Library/Frameworks/Python3.framework/Versions/3.9/lib/python3.9/enum.py", line 429, in __getattr__
    raise AttributeError(name) from None
AttributeError: HELPFULNESS

2025-12-12 05:35:00,173 - UNI_v7.3 - ERROR - Google Play Reviews: Erro inesperado: HELPFULNESS
2025-12-12 05:35:00,173 - UNI_v7.3 - DEBUG - Traceback (most recent call last):
  File "/Users/eas/Desktop/github/emersonalmeida/emersonalmeida.github.io/project/uni/uni_v7.py", line 2053, in coletar_reviews_google_play
    "most_helpful": Sort.HELPFULNESS
  File "/Library/Developer/CommandLineTools/Library/Frameworks/Python3.framework/Versions/3.9/lib/python3.9/enum.py", line 429, in __getattr__
    raise AttributeError(name) from None
AttributeError: HELPFULNESS

2025-12-12 05:35:00,173 - UNI_v7.3 - ERROR - Google Play Reviews: Erro inesperado: HELPFULNESS
2025-12-12 05:35:00,174 - UNI_v7.3 - DEBUG - Traceback (most recent call last):
  File "/Users/eas/Desktop/github/emersonalmeida/emersonalmeida.github.io/project/uni/uni_v7.py", line 2053, in coletar_reviews_google_play
    "most_helpful": Sort.HELPFULNESS
  File "/Library/Developer/CommandLineTools/Library/Frameworks/Python3.framework/Versions/3.9/lib/python3.9/enum.py", line 429, in __getattr__
    raise AttributeError(name) from None
AttributeError: HELPFULNESS

2025-12-12 05:35:00,174 - UNI_v7.3 - ERROR - Google Play Reviews: Erro inesperado: HELPFULNESS
2025-12-12 05:35:00,174 - UNI_v7.3 - DEBUG - Traceback (most recent call last):
  File "/Users/eas/Desktop/github/emersonalmeida/emersonalmeida.github.io/project/uni/uni_v7.py", line 2053, in coletar_reviews_google_play
    "most_helpful": Sort.HELPFULNESS
  File "/Library/Developer/CommandLineTools/Library/Frameworks/Python3.framework/Versions/3.9/lib/python3.9/enum.py", line 429, in __getattr__
    raise AttributeError(name) from None
AttributeError: HELPFULNESS

2025-12-12 05:35:00,174 - UNI_v7.3 - ERROR - Google Play Reviews: Erro inesperado: HELPFULNESS
2025-12-12 05:35:00,174 - UNI_v7.3 - DEBUG - Traceback (most recent call last):
  File "/Users/eas/Desktop/github/emersonalmeida/emersonalmeida.github.io/project/uni/uni_v7.py", line 2053, in coletar_reviews_google_play
    "most_helpful": Sort.HELPFULNESS
  File "/Library/Developer/CommandLineTools/Library/Frameworks/Python3.framework/Versions/3.9/lib/python3.9/enum.py", line 429, in __getattr__
    raise AttributeError(name) from None
AttributeError: HELPFULNESS

2025-12-12 05:35:00,174 - UNI_v7.3 - ERROR - Google Play Reviews: Erro inesperado: HELPFULNESS
2025-12-12 05:35:00,174 - UNI_v7.3 - DEBUG - Traceback (most recent call last):
  File "/Users/eas/Desktop/github/emersonalmeida/emersonalmeida.github.io/project/uni/uni_v7.py", line 2053, in coletar_reviews_google_play
    "most_helpful": Sort.HELPFULNESS
  File "/Library/Developer/CommandLineTools/Library/Frameworks/Python3.framework/Versions/3.9/lib/python3.9/enum.py", line 429, in __getattr__
    raise AttributeError(name) from None
AttributeError: HELPFULNESS

2025-12-12 05:35:00,174 - UNI_v7.3 - ERROR - Google Play Reviews: Erro inesperado: HELPFULNESS
2025-12-12 05:35:00,174 - UNI_v7.3 - DEBUG - Traceback (most recent call last):
  File "/Users/eas/Desktop/github/emersonalmeida/emersonalmeida.github.io/project/uni/uni_v7.py", line 2053, in coletar_reviews_google_play
    "most_helpful": Sort.HELPFULNESS
  File "/Library/Developer/CommandLineTools/Library/Frameworks/Python3.framework/Versions/3.9/lib/python3.9/enum.py", line 429, in __getattr__
    raise AttributeError(name) from None
AttributeError: HELPFULNESS

2025-12-12 05:35:00,174 - UNI_v7.3 - ERROR - Google Play Reviews: Erro inesperado: HELPFULNESS
2025-12-12 05:35:00,174 - UNI_v7.3 - DEBUG - Traceback (most recent call last):
  File "/Users/eas/Desktop/github/emersonalmeida/emersonalmeida.github.io/project/uni/uni_v7.py", line 2053, in coletar_reviews_google_play
    "most_helpful": Sort.HELPFULNESS
  File "/Library/Developer/CommandLineTools/Library/Frameworks/Python3.framework/Versions/3.9/lib/python3.9/enum.py", line 429, in __getattr__
    raise AttributeError(name) from None
AttributeError: HELPFULNESS

2025-12-12 05:35:00,174 - UNI_v7.3 - ERROR - Google Play Reviews: Erro inesperado: HELPFULNESS
2025-12-12 05:35:00,174 - UNI_v7.3 - DEBUG - Traceback (most recent call last):
  File "/Users/eas/Desktop/github/emersonalmeida/emersonalmeida.github.io/project/uni/uni_v7.py", line 2053, in coletar_reviews_google_play
    "most_helpful": Sort.HELPFULNESS
  File "/Library/Developer/CommandLineTools/Library/Frameworks/Python3.framework/Versions/3.9/lib/python3.9/enum.py", line 429, in __getattr__
    raise AttributeError(name) from None
AttributeError: HELPFULNESS

2025-12-12 05:35:00,174 - UNI_v7.3 - ERROR - Google Play Reviews: Erro inesperado: HELPFULNESS
2025-12-12 05:35:00,174 - UNI_v7.3 - DEBUG - Traceback (most recent call last):
  File "/Users/eas/Desktop/github/emersonalmeida/emersonalmeida.github.io/project/uni/uni_v7.py", line 2053, in coletar_reviews_google_play
    "most_helpful": Sort.HELPFULNESS
  File "/Library/Developer/CommandLineTools/Library/Frameworks/Python3.framework/Versions/3.9/lib/python3.9/enum.py", line 429, in __getattr__
    raise AttributeError(name) from None
AttributeError: HELPFULNESS

2025-12-12 05:35:00,174 - UNI_v7.3 - ERROR - Google Play Reviews: Erro inesperado: HELPFULNESS
2025-12-12 05:35:00,174 - UNI_v7.3 - DEBUG - Traceback (most recent call last):
  File "/Users/eas/Desktop/github/emersonalmeida/emersonalmeida.github.io/project/uni/uni_v7.py", line 2053, in coletar_reviews_google_play
    "most_helpful": Sort.HELPFULNESS
  File "/Library/Developer/CommandLineTools/Library/Frameworks/Python3.framework/Versions/3.9/lib/python3.9/enum.py", line 429, in __getattr__
    raise AttributeError(name) from None
AttributeError: HELPFULNESS

2025-12-12 05:35:00,174 - UNI_v7.3 - ERROR - Google Play Reviews: Erro inesperado: HELPFULNESS
2025-12-12 05:35:00,174 - UNI_v7.3 - DEBUG - Traceback (most recent call last):
  File "/Users/eas/Desktop/github/emersonalmeida/emersonalmeida.github.io/project/uni/uni_v7.py", line 2053, in coletar_reviews_google_play
    "most_helpful": Sort.HELPFULNESS
  File "/Library/Developer/CommandLineTools/Library/Frameworks/Python3.framework/Versions/3.9/lib/python3.9/enum.py", line 429, in __getattr__
    raise AttributeError(name) from None
AttributeError: HELPFULNESS

2025-12-12 05:35:00,174 - UNI_v7.3 - ERROR - Google Play Reviews: Erro inesperado: HELPFULNESS
2025-12-12 05:35:00,175 - UNI_v7.3 - DEBUG - Traceback (most recent call last):
  File "/Users/eas/Desktop/github/emersonalmeida/emersonalmeida.github.io/project/uni/uni_v7.py", line 2053, in coletar_reviews_google_play
    "most_helpful": Sort.HELPFULNESS
  File "/Library/Developer/CommandLineTools/Library/Frameworks/Python3.framework/Versions/3.9/lib/python3.9/enum.py", line 429, in __getattr__
    raise AttributeError(name) from None
AttributeError: HELPFULNESS

2025-12-12 05:35:00,175 - UNI_v7.3 - ERROR - Google Play Reviews: Erro inesperado: HELPFULNESS
2025-12-12 05:35:00,175 - UNI_v7.3 - DEBUG - Traceback (most recent call last):
  File "/Users/eas/Desktop/github/emersonalmeida/emersonalmeida.github.io/project/uni/uni_v7.py", line 2053, in coletar_reviews_google_play
    "most_helpful": Sort.HELPFULNESS
  File "/Library/Developer/CommandLineTools/Library/Frameworks/Python3.framework/Versions/3.9/lib/python3.9/enum.py", line 429, in __getattr__
    raise AttributeError(name) from None
AttributeError: HELPFULNESS

2025-12-12 05:35:00,175 - UNI_v7.3 - ERROR - Google Play Reviews: Erro inesperado: HELPFULNESS
2025-12-12 05:35:00,175 - UNI_v7.3 - DEBUG - Traceback (most recent call last):
  File "/Users/eas/Desktop/github/emersonalmeida/emersonalmeida.github.io/project/uni/uni_v7.py", line 2053, in coletar_reviews_google_play
    "most_helpful": Sort.HELPFULNESS
  File "/Library/Developer/CommandLineTools/Library/Frameworks/Python3.framework/Versions/3.9/lib/python3.9/enum.py", line 429, in __getattr__
    raise AttributeError(name) from None
AttributeError: HELPFULNESS

2025-12-12 05:35:00,175 - UNI_v7.3 - ERROR - Google Play Reviews: Erro inesperado: HELPFULNESS
2025-12-12 05:35:00,175 - UNI_v7.3 - DEBUG - Traceback (most recent call last):
  File "/Users/eas/Desktop/github/emersonalmeida/emersonalmeida.github.io/project/uni/uni_v7.py", line 2053, in coletar_reviews_google_play
    "most_helpful": Sort.HELPFULNESS
  File "/Library/Developer/CommandLineTools/Library/Frameworks/Python3.framework/Versions/3.9/lib/python3.9/enum.py", line 429, in __getattr__
    raise AttributeError(name) from None
AttributeError: HELPFULNESS

2025-12-12 05:35:00,175 - UNI_v7.3 - ERROR - Google Play Reviews: Erro inesperado: HELPFULNESS
2025-12-12 05:35:00,175 - UNI_v7.3 - DEBUG - Traceback (most recent call last):
  File "/Users/eas/Desktop/github/emersonalmeida/emersonalmeida.github.io/project/uni/uni_v7.py", line 2053, in coletar_reviews_google_play
    "most_helpful": Sort.HELPFULNESS
  File "/Library/Developer/CommandLineTools/Library/Frameworks/Python3.framework/Versions/3.9/lib/python3.9/enum.py", line 429, in __getattr__
    raise AttributeError(name) from None
AttributeError: HELPFULNESS

2025-12-12 05:35:00,175 - UNI_v7.3 - ERROR - Google Play Reviews: Erro inesperado: HELPFULNESS
2025-12-12 05:35:00,175 - UNI_v7.3 - DEBUG - Traceback (most recent call last):
  File "/Users/eas/Desktop/github/emersonalmeida/emersonalmeida.github.io/project/uni/uni_v7.py", line 2053, in coletar_reviews_google_play
    "most_helpful": Sort.HELPFULNESS
  File "/Library/Developer/CommandLineTools/Library/Frameworks/Python3.framework/Versions/3.9/lib/python3.9/enum.py", line 429, in __getattr__
    raise AttributeError(name) from None
AttributeError: HELPFULNESS

2025-12-12 05:35:00,175 - UNI_v7.3 - ERROR - Google Play Reviews: Erro inesperado: HELPFULNESS
2025-12-12 05:35:00,175 - UNI_v7.3 - DEBUG - Traceback (most recent call last):
  File "/Users/eas/Desktop/github/emersonalmeida/emersonalmeida.github.io/project/uni/uni_v7.py", line 2053, in coletar_reviews_google_play
    "most_helpful": Sort.HELPFULNESS
  File "/Library/Developer/CommandLineTools/Library/Frameworks/Python3.framework/Versions/3.9/lib/python3.9/enum.py", line 429, in __getattr__
    raise AttributeError(name) from None
AttributeError: HELPFULNESS

2025-12-12 05:35:00,175 - UNI_v7.3 - ERROR - Google Play Reviews: Erro inesperado: HELPFULNESS
2025-12-12 05:35:00,175 - UNI_v7.3 - DEBUG - Traceback (most recent call last):
  File "/Users/eas/Desktop/github/emersonalmeida/emersonalmeida.github.io/project/uni/uni_v7.py", line 2053, in coletar_reviews_google_play
    "most_helpful": Sort.HELPFULNESS
  File "/Library/Developer/CommandLineTools/Library/Frameworks/Python3.framework/Versions/3.9/lib/python3.9/enum.py", line 429, in __getattr__
    raise AttributeError(name) from None
AttributeError: HELPFULNESS

2025-12-12 05:35:00,175 - UNI_v7.3 - ERROR - Google Play Reviews: Erro inesperado: HELPFULNESS
2025-12-12 05:35:00,175 - UNI_v7.3 - DEBUG - Traceback (most recent call last):
  File "/Users/eas/Desktop/github/emersonalmeida/emersonalmeida.github.io/project/uni/uni_v7.py", line 2053, in coletar_reviews_google_play
    "most_helpful": Sort.HELPFULNESS
  File "/Library/Developer/CommandLineTools/Library/Frameworks/Python3.framework/Versions/3.9/lib/python3.9/enum.py", line 429, in __getattr__
    raise AttributeError(name) from None
AttributeError: HELPFULNESS

2025-12-12 05:35:00,175 - UNI_v7.3 - ERROR - Google Play Reviews: Erro inesperado: HELPFULNESS
2025-12-12 05:35:00,175 - UNI_v7.3 - DEBUG - Traceback (most recent call last):
  File "/Users/eas/Desktop/github/emersonalmeida/emersonalmeida.github.io/project/uni/uni_v7.py", line 2053, in coletar_reviews_google_play
    "most_helpful": Sort.HELPFULNESS
  File "/Library/Developer/CommandLineTools/Library/Frameworks/Python3.framework/Versions/3.9/lib/python3.9/enum.py", line 429, in __getattr__
    raise AttributeError(name) from None
AttributeError: HELPFULNESS

2025-12-12 05:35:00,175 - UNI_v7.3 - ERROR - Google Play Reviews: Erro inesperado: HELPFULNESS
2025-12-12 05:35:00,176 - UNI_v7.3 - DEBUG - Traceback (most recent call last):
  File "/Users/eas/Desktop/github/emersonalmeida/emersonalmeida.github.io/project/uni/uni_v7.py", line 2053, in coletar_reviews_google_play
    "most_helpful": Sort.HELPFULNESS
  File "/Library/Developer/CommandLineTools/Library/Frameworks/Python3.framework/Versions/3.9/lib/python3.9/enum.py", line 429, in __getattr__
    raise AttributeError(name) from None
AttributeError: HELPFULNESS

2025-12-12 05:35:00,176 - UNI_v7.3 - ERROR - Google Play Reviews: Erro inesperado: HELPFULNESS
2025-12-12 05:35:00,176 - UNI_v7.3 - DEBUG - Traceback (most recent call last):
  File "/Users/eas/Desktop/github/emersonalmeida/emersonalmeida.github.io/project/uni/uni_v7.py", line 2053, in coletar_reviews_google_play
    "most_helpful": Sort.HELPFULNESS
  File "/Library/Developer/CommandLineTools/Library/Frameworks/Python3.framework/Versions/3.9/lib/python3.9/enum.py", line 429, in __getattr__
    raise AttributeError(name) from None
AttributeError: HELPFULNESS

2025-12-12 05:35:00,176 - UNI_v7.3 - ERROR - Google Play Reviews: Erro inesperado: HELPFULNESS
2025-12-12 05:35:00,176 - UNI_v7.3 - DEBUG - Traceback (most recent call last):
  File "/Users/eas/Desktop/github/emersonalmeida/emersonalmeida.github.io/project/uni/uni_v7.py", line 2053, in coletar_reviews_google_play
    "most_helpful": Sort.HELPFULNESS
  File "/Library/Developer/CommandLineTools/Library/Frameworks/Python3.framework/Versions/3.9/lib/python3.9/enum.py", line 429, in __getattr__
    raise AttributeError(name) from None
AttributeError: HELPFULNESS

2025-12-12 05:35:00,176 - UNI_v7.3 - ERROR - Google Play Reviews: Erro inesperado: HELPFULNESS
2025-12-12 05:35:00,176 - UNI_v7.3 - DEBUG - Traceback (most recent call last):
  File "/Users/eas/Desktop/github/emersonalmeida/emersonalmeida.github.io/project/uni/uni_v7.py", line 2053, in coletar_reviews_google_play
    "most_helpful": Sort.HELPFULNESS
  File "/Library/Developer/CommandLineTools/Library/Frameworks/Python3.framework/Versions/3.9/lib/python3.9/enum.py", line 429, in __getattr__
    raise AttributeError(name) from None
AttributeError: HELPFULNESS

2025-12-12 05:35:00,176 - UNI_v7.3 - ERROR - Google Play Reviews: Erro inesperado: HELPFULNESS
2025-12-12 05:35:00,176 - UNI_v7.3 - DEBUG - Traceback (most recent call last):
  File "/Users/eas/Desktop/github/emersonalmeida/emersonalmeida.github.io/project/uni/uni_v7.py", line 2053, in coletar_reviews_google_play
    "most_helpful": Sort.HELPFULNESS
  File "/Library/Developer/CommandLineTools/Library/Frameworks/Python3.framework/Versions/3.9/lib/python3.9/enum.py", line 429, in __getattr__
    raise AttributeError(name) from None
AttributeError: HELPFULNESS

2025-12-12 05:35:00,176 - UNI_v7.3 - ERROR - Google Play Reviews: Erro inesperado: HELPFULNESS
2025-12-12 05:35:00,176 - UNI_v7.3 - DEBUG - Traceback (most recent call last):
  File "/Users/eas/Desktop/github/emersonalmeida/emersonalmeida.github.io/project/uni/uni_v7.py", line 2053, in coletar_reviews_google_play
    "most_helpful": Sort.HELPFULNESS
  File "/Library/Developer/CommandLineTools/Library/Frameworks/Python3.framework/Versions/3.9/lib/python3.9/enum.py", line 429, in __getattr__
    raise AttributeError(name) from None
AttributeError: HELPFULNESS

2025-12-12 05:35:00,176 - UNI_v7.3 - ERROR - Google Play Reviews: Erro inesperado: HELPFULNESS
2025-12-12 05:35:00,176 - UNI_v7.3 - DEBUG - Traceback (most recent call last):
  File "/Users/eas/Desktop/github/emersonalmeida/emersonalmeida.github.io/project/uni/uni_v7.py", line 2053, in coletar_reviews_google_play
    "most_helpful": Sort.HELPFULNESS
  File "/Library/Developer/CommandLineTools/Library/Frameworks/Python3.framework/Versions/3.9/lib/python3.9/enum.py", line 429, in __getattr__
    raise AttributeError(name) from None
AttributeError: HELPFULNESS

2025-12-12 05:35:00,176 - UNI_v7.3 - ERROR - Google Play Reviews: Erro inesperado: HELPFULNESS
2025-12-12 05:35:00,176 - UNI_v7.3 - DEBUG - Traceback (most recent call last):
  File "/Users/eas/Desktop/github/emersonalmeida/emersonalmeida.github.io/project/uni/uni_v7.py", line 2053, in coletar_reviews_google_play
    "most_helpful": Sort.HELPFULNESS
  File "/Library/Developer/CommandLineTools/Library/Frameworks/Python3.framework/Versions/3.9/lib/python3.9/enum.py", line 429, in __getattr__
    raise AttributeError(name) from None
AttributeError: HELPFULNESS

2025-12-12 05:35:00,177 - UNI_v7.3 - ERROR - Google Play Reviews: Erro inesperado: HELPFULNESS
2025-12-12 05:35:00,177 - UNI_v7.3 - DEBUG - Traceback (most recent call last):
  File "/Users/eas/Desktop/github/emersonalmeida/emersonalmeida.github.io/project/uni/uni_v7.py", line 2053, in coletar_reviews_google_play
    "most_helpful": Sort.HELPFULNESS
  File "/Library/Developer/CommandLineTools/Library/Frameworks/Python3.framework/Versions/3.9/lib/python3.9/enum.py", line 429, in __getattr__
    raise AttributeError(name) from None
AttributeError: HELPFULNESS

2025-12-12 05:35:00,177 - UNI_v7.3 - ERROR - Google Play Reviews: Erro inesperado: HELPFULNESS
2025-12-12 05:35:00,177 - UNI_v7.3 - DEBUG - Traceback (most recent call last):
  File "/Users/eas/Desktop/github/emersonalmeida/emersonalmeida.github.io/project/uni/uni_v7.py", line 2053, in coletar_reviews_google_play
    "most_helpful": Sort.HELPFULNESS
  File "/Library/Developer/CommandLineTools/Library/Frameworks/Python3.framework/Versions/3.9/lib/python3.9/enum.py", line 429, in __getattr__
    raise AttributeError(name) from None
AttributeError: HELPFULNESS

2025-12-12 05:35:00,177 - UNI_v7.3 - ERROR - Google Play Reviews: Erro inesperado: HELPFULNESS
2025-12-12 05:35:00,177 - UNI_v7.3 - DEBUG - Traceback (most recent call last):
  File "/Users/eas/Desktop/github/emersonalmeida/emersonalmeida.github.io/project/uni/uni_v7.py", line 2053, in coletar_reviews_google_play
    "most_helpful": Sort.HELPFULNESS
  File "/Library/Developer/CommandLineTools/Library/Frameworks/Python3.framework/Versions/3.9/lib/python3.9/enum.py", line 429, in __getattr__
    raise AttributeError(name) from None
AttributeError: HELPFULNESS

2025-12-12 05:35:00,177 - UNI_v7.3 - ERROR - Google Play Reviews: Erro inesperado: HELPFULNESS
2025-12-12 05:35:00,177 - UNI_v7.3 - DEBUG - Traceback (most recent call last):
  File "/Users/eas/Desktop/github/emersonalmeida/emersonalmeida.github.io/project/uni/uni_v7.py", line 2053, in coletar_reviews_google_play
    "most_helpful": Sort.HELPFULNESS
  File "/Library/Developer/CommandLineTools/Library/Frameworks/Python3.framework/Versions/3.9/lib/python3.9/enum.py", line 429, in __getattr__
    raise AttributeError(name) from None
AttributeError: HELPFULNESS

2025-12-12 05:35:00,177 - UNI_v7.3 - ERROR - Google Play Reviews: Erro inesperado: HELPFULNESS
2025-12-12 05:35:00,177 - UNI_v7.3 - DEBUG - Traceback (most recent call last):
  File "/Users/eas/Desktop/github/emersonalmeida/emersonalmeida.github.io/project/uni/uni_v7.py", line 2053, in coletar_reviews_google_play
    "most_helpful": Sort.HELPFULNESS
  File "/Library/Developer/CommandLineTools/Library/Frameworks/Python3.framework/Versions/3.9/lib/python3.9/enum.py", line 429, in __getattr__
    raise AttributeError(name) from None
AttributeError: HELPFULNESS

2025-12-12 05:35:00,177 - UNI_v7.3 - ERROR - Google Play Reviews: Erro inesperado: HELPFULNESS
2025-12-12 05:35:00,177 - UNI_v7.3 - DEBUG - Traceback (most recent call last):
  File "/Users/eas/Desktop/github/emersonalmeida/emersonalmeida.github.io/project/uni/uni_v7.py", line 2053, in coletar_reviews_google_play
    "most_helpful": Sort.HELPFULNESS
  File "/Library/Developer/CommandLineTools/Library/Frameworks/Python3.framework/Versions/3.9/lib/python3.9/enum.py", line 429, in __getattr__
    raise AttributeError(name) from None
AttributeError: HELPFULNESS

2025-12-12 05:35:00,177 - UNI_v7.3 - ERROR - Google Play Reviews: Erro inesperado: HELPFULNESS
2025-12-12 05:35:00,177 - UNI_v7.3 - DEBUG - Traceback (most recent call last):
  File "/Users/eas/Desktop/github/emersonalmeida/emersonalmeida.github.io/project/uni/uni_v7.py", line 2053, in coletar_reviews_google_play
    "most_helpful": Sort.HELPFULNESS
  File "/Library/Developer/CommandLineTools/Library/Frameworks/Python3.framework/Versions/3.9/lib/python3.9/enum.py", line 429, in __getattr__
    raise AttributeError(name) from None
AttributeError: HELPFULNESS

2025-12-12 05:35:00,177 - UNI_v7.3 - ERROR - Google Play Reviews: Erro inesperado: HELPFULNESS
2025-12-12 05:35:00,178 - UNI_v7.3 - DEBUG - Traceback (most recent call last):
  File "/Users/eas/Desktop/github/emersonalmeida/emersonalmeida.github.io/project/uni/uni_v7.py", line 2053, in coletar_reviews_google_play
    "most_helpful": Sort.HELPFULNESS
  File "/Library/Developer/CommandLineTools/Library/Frameworks/Python3.framework/Versions/3.9/lib/python3.9/enum.py", line 429, in __getattr__
    raise AttributeError(name) from None
AttributeError: HELPFULNESS

2025-12-12 05:35:00,178 - UNI_v7.3 - ERROR - Google Play Reviews: Erro inesperado: HELPFULNESS
2025-12-12 05:35:00,178 - UNI_v7.3 - DEBUG - Traceback (most recent call last):
  File "/Users/eas/Desktop/github/emersonalmeida/emersonalmeida.github.io/project/uni/uni_v7.py", line 2053, in coletar_reviews_google_play
    "most_helpful": Sort.HELPFULNESS
  File "/Library/Developer/CommandLineTools/Library/Frameworks/Python3.framework/Versions/3.9/lib/python3.9/enum.py", line 429, in __getattr__
    raise AttributeError(name) from None
AttributeError: HELPFULNESS

2025-12-12 05:35:00,178 - UNI_v7.3 - ERROR - Google Play Reviews: Erro inesperado: HELPFULNESS
2025-12-12 05:35:00,178 - UNI_v7.3 - DEBUG - Traceback (most recent call last):
  File "/Users/eas/Desktop/github/emersonalmeida/emersonalmeida.github.io/project/uni/uni_v7.py", line 2053, in coletar_reviews_google_play
    "most_helpful": Sort.HELPFULNESS
  File "/Library/Developer/CommandLineTools/Library/Frameworks/Python3.framework/Versions/3.9/lib/python3.9/enum.py", line 429, in __getattr__
    raise AttributeError(name) from None
AttributeError: HELPFULNESS

2025-12-12 05:35:00,180 - UNI_v7.3 - INFO - Apple App Store: Iniciando coleta para 'natal 2026' (limite: 20, tentativa 1/3)
2025-12-12 05:35:00,181 - Base - INFO - Searching for app id
2025-12-12 05:35:00,181 - Base - DEBUG - Making a GET request: https://www.google.com/search
2025-12-12 05:35:00,184 - urllib3.connectionpool - DEBUG - Starting new HTTPS connection (1): www.google.com:443
2025-12-12 05:35:00,388 - urllib3.connectionpool - DEBUG - https://www.google.com:443 "GET /search?q=app+store+natal-2026 HTTP/1.1" 200 None
2025-12-12 05:35:00,411 - UNI_v7.3 - WARNING - Apple App Store: Tentativa 1 falhou: 'NoneType' object has no attribute 'group'
2025-12-12 05:35:02,417 - UNI_v7.3 - INFO - Apple App Store: Iniciando coleta para 'natal 2026' (limite: 20, tentativa 2/3)
2025-12-12 05:35:02,417 - Base - INFO - Searching for app id
2025-12-12 05:35:02,418 - Base - DEBUG - Making a GET request: https://www.google.com/search
2025-12-12 05:35:02,421 - urllib3.connectionpool - DEBUG - Starting new HTTPS connection (1): www.google.com:443
2025-12-12 05:35:02,623 - urllib3.connectionpool - DEBUG - https://www.google.com:443 "GET /search?q=app+store+natal-2026 HTTP/1.1" 200 None
2025-12-12 05:35:02,645 - UNI_v7.3 - WARNING - Apple App Store: Tentativa 2 falhou: 'NoneType' object has no attribute 'group'
2025-12-12 05:35:04,647 - UNI_v7.3 - INFO - Apple App Store: Iniciando coleta para 'natal 2026' (limite: 20, tentativa 3/3)
2025-12-12 05:35:04,647 - Base - INFO - Searching for app id
2025-12-12 05:35:04,648 - Base - DEBUG - Making a GET request: https://www.google.com/search
2025-12-12 05:35:04,650 - urllib3.connectionpool - DEBUG - Starting new HTTPS connection (1): www.google.com:443
2025-12-12 05:35:04,865 - urllib3.connectionpool - DEBUG - https://www.google.com:443 "GET /search?q=app+store+natal-2026 HTTP/1.1" 200 None
2025-12-12 05:35:04,952 - UNI_v7.3 - WARNING - Apple App Store: Tentativa 3 falhou: 'NoneType' object has no attribute 'group'
2025-12-12 05:35:04,952 - UNI_v7.3 - ERROR - Apple App Store: Todas as tentativas falharam
2025-12-12 05:35:04,969 - UNI_v7.3 - DEBUG - Traceback (most recent call last):
  File "/Users/eas/Desktop/github/emersonalmeida/emersonalmeida.github.io/project/uni/uni_v7.py", line 2239, in coletar_apple_store
    store = AppStore(country=country, app_name=term)
  File "/Users/eas/Library/Python/3.9/lib/python/site-packages/app_store_scraper/app_store.py", line 23, in __init__
    super().__init__(
  File "/Users/eas/Library/Python/3.9/lib/python/site-packages/app_store_scraper/base.py", line 47, in __init__
    app_id = self.search_id()
  File "/Users/eas/Library/Python/3.9/lib/python/site-packages/app_store_scraper/base.py", line 175, in search_id
    app_id = re.search(pattern, self._response.text).group(1)
AttributeError: 'NoneType' object has no attribute 'group'

2025-12-12 05:35:04,970 - UNI_v7.3 - INFO - Reddit: Iniciando coleta para 'natal 2026' (subreddit: all, limite: 10)
2025-12-12 05:35:04,971 - prawcore - DEBUG - Fetching: GET https://oauth.reddit.com/r/all/search/ at 1765528504.971989
2025-12-12 05:35:04,972 - prawcore - DEBUG - Data: None
2025-12-12 05:35:04,972 - prawcore - DEBUG - Params: {'limit': 10,
 'q': 'natal 2026',
 'raw_json': 1,
 'restrict_sr': False,
 'sort': 'relevance',
 'syntax': 'lucene',
 't': 'all'}
2025-12-12 05:35:04,983 - urllib3.connectionpool - DEBUG - Starting new HTTPS connection (1): www.reddit.com:443
2025-12-12 05:35:05,179 - urllib3.connectionpool - DEBUG - https://www.reddit.com:443 "POST /api/v1/access_token HTTP/1.1" 200 653
2025-12-12 05:35:05,182 - urllib3.connectionpool - DEBUG - Starting new HTTPS connection (1): oauth.reddit.com:443
2025-12-12 05:35:05,670 - urllib3.connectionpool - DEBUG - https://oauth.reddit.com:443 "GET /r/all/search/?q=natal+2026&restrict_sr=False&sort=relevance&syntax=lucene&t=all&limit=10&raw_json=1 HTTP/1.1" 200 8868
2025-12-12 05:35:05,671 - prawcore - DEBUG - Response: 200 (8868 bytes) (rst-294:rem-999.0:used-1 ratelimit) at 1765528505.671148
2025-12-12 05:35:05,672 - prawcore - DEBUG - Fetching: GET https://oauth.reddit.com/r/Viaggiare_net/about/ at 1765528505.6727302
2025-12-12 05:35:05,672 - prawcore - DEBUG - Data: None
2025-12-12 05:35:05,672 - prawcore - DEBUG - Params: {'raw_json': 1}
2025-12-12 05:35:05,867 - urllib3.connectionpool - DEBUG - https://oauth.reddit.com:443 "GET /r/Viaggiare_net/about/?raw_json=1 HTTP/1.1" 200 1234
2025-12-12 05:35:05,867 - prawcore - DEBUG - Response: 200 (1234 bytes) (rst-294:rem-998.0:used-2 ratelimit) at 1765528505.86785
2025-12-12 05:35:05,868 - UNI_v7.3 - ERROR - Reddit: name '_safe_get_author_attr' is not defined
2025-12-12 05:35:05,868 - UNI_v7.3 - DEBUG - Traceback (most recent call last):
  File "/Users/eas/Desktop/github/emersonalmeida/emersonalmeida.github.io/project/uni/uni_v7.py", line 1458, in coletar_reddit
    "author_flair": _safe_get_author_attr(post, 'flair_text'),
NameError: name '_safe_get_author_attr' is not defined

2025-12-12 05:35:05,868 - UNI_v7.3 - INFO - Google News: Iniciando coleta para 'natal 2026' (limite: 10)
2025-12-12 05:35:05,883 - urllib3.connectionpool - DEBUG - Starting new HTTPS connection (1): gnews.io:443
2025-12-12 05:35:06,459 - urllib3.connectionpool - DEBUG - https://gnews.io:443 "GET /api/v4/search?q=natal+2026&lang=pt&country=br&max=10&apikey=91a7bc222ecfdac6c60019c4fb1ec87c&from=20 HTTP/1.1" 200 None
2025-12-12 05:35:06,460 - UNI_v7.3 - INFO - Google News: Coletados 10 resultados com sucesso
2025-12-12 05:35:06,460 - UNI_v7.3 - INFO - arXiv: Iniciando coleta para 'natal 2026' (limite: 20)
2025-12-12 05:35:06,580 - urllib3.connectionpool - DEBUG - Starting new HTTP connection (1): export.arxiv.org:80
2025-12-12 05:35:06,594 - urllib3.connectionpool - DEBUG - http://export.arxiv.org:80 "GET /api/query?search_query=all:natal%202026&start=0&max_results=20&sortBy=relevance HTTP/1.1" 301 0
2025-12-12 05:35:06,597 - urllib3.connectionpool - DEBUG - Starting new HTTPS connection (1): export.arxiv.org:443
2025-12-12 05:35:06,999 - urllib3.connectionpool - DEBUG - https://export.arxiv.org:443 "GET /api/query?search_query=all:natal%202026&start=0&max_results=20&sortBy=relevance HTTP/1.1" 200 47303
2025-12-12 05:35:07,046 - UNI_v7.3 - INFO - arXiv: Coletados 20 resultados com sucesso
2025-12-12 05:35:07,047 - UNI_v7.3 - INFO - Google Scholar: Iniciando coleta para 'natal 2026' (limite: 20, tentativa 1/3)
2025-12-12 05:35:07,084 - urllib3.connectionpool - DEBUG - Starting new HTTPS connection (1): api.semanticscholar.org:443
2025-12-12 05:35:07,691 - urllib3.connectionpool - DEBUG - https://api.semanticscholar.org:443 "GET /graph/v1/paper/search?query=natal+2026&limit=20&fields=title%2Cauthors%2Cyear%2Curl%2Cabstract%2CcitationCount%2CreferenceCount%2Cvenue%2CfieldsOfStudy%2CpublicationTypes%2CpublicationDate%2Cjournal%2CexternalIds%2CisOpenAccess%2CopenAccessPdf HTTP/1.1" 429 144
2025-12-12 05:35:07,691 - urllib3.util.retry - DEBUG - Incremented Retry for (url='/graph/v1/paper/search?query=natal+2026&limit=20&fields=title%2Cauthors%2Cyear%2Curl%2Cabstract%2CcitationCount%2CreferenceCount%2Cvenue%2CfieldsOfStudy%2CpublicationTypes%2CpublicationDate%2Cjournal%2CexternalIds%2CisOpenAccess%2CopenAccessPdf'): Retry(total=4, connect=None, read=None, redirect=None, status=None)
2025-12-12 05:35:07,691 - urllib3.connectionpool - DEBUG - Retry: /graph/v1/paper/search?query=natal+2026&limit=20&fields=title%2Cauthors%2Cyear%2Curl%2Cabstract%2CcitationCount%2CreferenceCount%2Cvenue%2CfieldsOfStudy%2CpublicationTypes%2CpublicationDate%2Cjournal%2CexternalIds%2CisOpenAccess%2CopenAccessPdf
2025-12-12 05:35:08,261 - urllib3.connectionpool - DEBUG - https://api.semanticscholar.org:443 "GET /graph/v1/paper/search?query=natal+2026&limit=20&fields=title%2Cauthors%2Cyear%2Curl%2Cabstract%2CcitationCount%2CreferenceCount%2Cvenue%2CfieldsOfStudy%2CpublicationTypes%2CpublicationDate%2Cjournal%2CexternalIds%2CisOpenAccess%2CopenAccessPdf HTTP/1.1" 429 144
2025-12-12 05:35:08,261 - urllib3.util.retry - DEBUG - Incremented Retry for (url='/graph/v1/paper/search?query=natal+2026&limit=20&fields=title%2Cauthors%2Cyear%2Curl%2Cabstract%2CcitationCount%2CreferenceCount%2Cvenue%2CfieldsOfStudy%2CpublicationTypes%2CpublicationDate%2Cjournal%2CexternalIds%2CisOpenAccess%2CopenAccessPdf'): Retry(total=3, connect=None, read=None, redirect=None, status=None)
2025-12-12 05:35:09,284 - urllib3.connectionpool - DEBUG - Retry: /graph/v1/paper/search?query=natal+2026&limit=20&fields=title%2Cauthors%2Cyear%2Curl%2Cabstract%2CcitationCount%2CreferenceCount%2Cvenue%2CfieldsOfStudy%2CpublicationTypes%2CpublicationDate%2Cjournal%2CexternalIds%2CisOpenAccess%2CopenAccessPdf
2025-12-12 05:35:09,540 - urllib3.connectionpool - DEBUG - https://api.semanticscholar.org:443 "GET /graph/v1/paper/search?query=natal+2026&limit=20&fields=title%2Cauthors%2Cyear%2Curl%2Cabstract%2CcitationCount%2CreferenceCount%2Cvenue%2CfieldsOfStudy%2CpublicationTypes%2CpublicationDate%2Cjournal%2CexternalIds%2CisOpenAccess%2CopenAccessPdf HTTP/1.1" 429 144
2025-12-12 05:35:09,540 - urllib3.util.retry - DEBUG - Incremented Retry for (url='/graph/v1/paper/search?query=natal+2026&limit=20&fields=title%2Cauthors%2Cyear%2Curl%2Cabstract%2CcitationCount%2CreferenceCount%2Cvenue%2CfieldsOfStudy%2CpublicationTypes%2CpublicationDate%2Cjournal%2CexternalIds%2CisOpenAccess%2CopenAccessPdf'): Retry(total=2, connect=None, read=None, redirect=None, status=None)
2025-12-12 05:35:11,545 - urllib3.connectionpool - DEBUG - Retry: /graph/v1/paper/search?query=natal+2026&limit=20&fields=title%2Cauthors%2Cyear%2Curl%2Cabstract%2CcitationCount%2CreferenceCount%2Cvenue%2CfieldsOfStudy%2CpublicationTypes%2CpublicationDate%2Cjournal%2CexternalIds%2CisOpenAccess%2CopenAccessPdf
2025-12-12 05:35:13,046 - urllib3.connectionpool - DEBUG - https://api.semanticscholar.org:443 "GET /graph/v1/paper/search?query=natal+2026&limit=20&fields=title%2Cauthors%2Cyear%2Curl%2Cabstract%2CcitationCount%2CreferenceCount%2Cvenue%2CfieldsOfStudy%2CpublicationTypes%2CpublicationDate%2Cjournal%2CexternalIds%2CisOpenAccess%2CopenAccessPdf HTTP/1.1" 200 50835
2025-12-12 05:35:13,219 - UNI_v7.3 - INFO - Google Scholar: Coletados 20 resultados com sucesso
2025-12-12 05:35:13,221 - UNI_v7.3 - INFO - Wikipedia: Iniciando coleta para 'natal 2026' (limite: 20, lang: pt)
2025-12-12 05:35:13,233 - urllib3.connectionpool - DEBUG - Starting new HTTPS connection (1): pt.wikipedia.org:443
2025-12-12 05:35:13,648 - urllib3.connectionpool - DEBUG - https://pt.wikipedia.org:443 "GET /w/api.php?action=query&format=json&list=search&srsearch=natal+2026&srlimit=20&srnamespace=0 HTTP/1.1" 200 None
2025-12-12 05:35:13,652 - urllib3.connectionpool - DEBUG - Starting new HTTPS connection (1): pt.wikipedia.org:443
2025-12-12 05:35:13,900 - urllib3.connectionpool - DEBUG - https://pt.wikipedia.org:443 "GET /api/rest_v1/page/summary/Copa_do_Brasil_de_Futebol_de_2026 HTTP/1.1" 200 None
2025-12-12 05:35:13,908 - urllib3.connectionpool - DEBUG - Starting new HTTPS connection (1): pt.wikipedia.org:443
2025-12-12 05:35:14,163 - urllib3.connectionpool - DEBUG - https://pt.wikipedia.org:443 "GET /api/rest_v1/page/summary/Campeonato_Potiguar_de_Futebol_de_2025 HTTP/1.1" 200 748
2025-12-12 05:35:14,186 - urllib3.connectionpool - DEBUG - Starting new HTTPS connection (1): pt.wikipedia.org:443
2025-12-12 05:35:14,342 - urllib3.connectionpool - DEBUG - https://pt.wikipedia.org:443 "GET /api/rest_v1/page/summary/Governo_Lula_(2023%E2%80%93presente) HTTP/1.1" 200 959
2025-12-12 05:35:14,349 - urllib3.connectionpool - DEBUG - Starting new HTTPS connection (1): pt.wikipedia.org:443
2025-12-12 05:35:14,613 - urllib3.connectionpool - DEBUG - https://pt.wikipedia.org:443 "GET /api/rest_v1/page/summary/Campeonato_Brasileiro_de_Futebol_de_2025_-_S%C3%A9rie_C HTTP/1.1" 200 790
2025-12-12 05:35:14,617 - urllib3.connectionpool - DEBUG - Starting new HTTPS connection (1): pt.wikipedia.org:443
2025-12-12 05:35:14,908 - urllib3.connectionpool - DEBUG - https://pt.wikipedia.org:443 "GET /api/rest_v1/page/summary/Sambas_de_Enredo_Rio_Carnaval_2026 HTTP/1.1" 200 None
2025-12-12 05:35:14,976 - urllib3.connectionpool - DEBUG - Starting new HTTPS connection (1): pt.wikipedia.org:443
2025-12-12 05:35:15,245 - urllib3.connectionpool - DEBUG - https://pt.wikipedia.org:443 "GET /api/rest_v1/page/summary/ABC_Futebol_Clube HTTP/1.1" 200 837
2025-12-12 05:35:15,248 - urllib3.connectionpool - DEBUG - Starting new HTTPS connection (1): pt.wikipedia.org:443
2025-12-12 05:35:15,496 - urllib3.connectionpool - DEBUG - https://pt.wikipedia.org:443 "GET /api/rest_v1/page/summary/O_Agente_Secreto HTTP/1.1" 200 None
2025-12-12 05:35:15,501 - urllib3.connectionpool - DEBUG - Starting new HTTPS connection (1): pt.wikipedia.org:443
2025-12-12 05:35:15,776 - urllib3.connectionpool - DEBUG - https://pt.wikipedia.org:443 "GET /api/rest_v1/page/summary/Temporada_da_NBA_de_2025-26 HTTP/1.1" 200 755
2025-12-12 05:35:15,780 - urllib3.connectionpool - DEBUG - Starting new HTTPS connection (1): pt.wikipedia.org:443
2025-12-12 05:35:15,919 - urllib3.connectionpool - DEBUG - https://pt.wikipedia.org:443 "GET /api/rest_v1/page/summary/Copa_do_Brasil_de_Futebol_de_2025 HTTP/1.1" 200 880
2025-12-12 05:35:15,928 - urllib3.connectionpool - DEBUG - Starting new HTTPS connection (1): pt.wikipedia.org:443
2025-12-12 05:35:16,344 - urllib3.connectionpool - DEBUG - https://pt.wikipedia.org:443 "GET /api/rest_v1/page/summary/Lista_dos_campe%C3%B5es_estaduais_de_futebol_do_Brasil_em_2025 HTTP/1.1" 200 537
2025-12-12 05:35:16,347 - urllib3.connectionpool - DEBUG - Starting new HTTPS connection (1): pt.wikipedia.org:443
2025-12-12 05:35:16,605 - urllib3.connectionpool - DEBUG - https://pt.wikipedia.org:443 "GET /api/rest_v1/page/summary/Feriados_em_Angola HTTP/1.1" 200 618
2025-12-12 05:35:16,626 - urllib3.connectionpool - DEBUG - Starting new HTTPS connection (1): pt.wikipedia.org:443
2025-12-12 05:35:16,910 - urllib3.connectionpool - DEBUG - https://pt.wikipedia.org:443 "GET /api/rest_v1/page/summary/2025_na_televis%C3%A3o_brasileira HTTP/1.1" 200 675
2025-12-12 05:35:16,914 - urllib3.connectionpool - DEBUG - Starting new HTTPS connection (1): pt.wikipedia.org:443
2025-12-12 05:35:17,017 - urllib3.connectionpool - DEBUG - https://pt.wikipedia.org:443 "GET /api/rest_v1/page/summary/Copa_do_Mundo_de_Futebol_Feminino_de_2027 HTTP/1.1" 200 695
2025-12-12 05:35:17,020 - urllib3.connectionpool - DEBUG - Starting new HTTPS connection (1): pt.wikipedia.org:443
2025-12-12 05:35:17,265 - urllib3.connectionpool - DEBUG - https://pt.wikipedia.org:443 "GET /api/rest_v1/page/summary/Jos%C3%A9_Boto HTTP/1.1" 200 590
2025-12-12 05:35:17,269 - urllib3.connectionpool - DEBUG - Starting new HTTPS connection (1): pt.wikipedia.org:443
2025-12-12 05:35:17,519 - urllib3.connectionpool - DEBUG - https://pt.wikipedia.org:443 "GET /api/rest_v1/page/summary/Copa_do_Nordeste_de_Futebol_de_2025 HTTP/1.1" 200 702
2025-12-12 05:35:17,523 - urllib3.connectionpool - DEBUG - Starting new HTTPS connection (1): pt.wikipedia.org:443
2025-12-12 05:35:17,778 - urllib3.connectionpool - DEBUG - https://pt.wikipedia.org:443 "GET /api/rest_v1/page/summary/Dominguinho HTTP/1.1" 200 723
2025-12-12 05:35:17,792 - urllib3.connectionpool - DEBUG - Starting new HTTPS connection (1): pt.wikipedia.org:443
2025-12-12 05:35:18,049 - urllib3.connectionpool - DEBUG - https://pt.wikipedia.org:443 "GET /api/rest_v1/page/summary/Shrek_5 HTTP/1.1" 200 None
2025-12-12 05:35:18,053 - urllib3.connectionpool - DEBUG - Starting new HTTPS connection (1): pt.wikipedia.org:443
2025-12-12 05:35:18,299 - urllib3.connectionpool - DEBUG - https://pt.wikipedia.org:443 "GET /api/rest_v1/page/summary/Fernando_Seabra HTTP/1.1" 200 519
2025-12-12 05:35:18,303 - urllib3.connectionpool - DEBUG - Starting new HTTPS connection (1): pt.wikipedia.org:443
2025-12-12 05:35:18,643 - urllib3.connectionpool - DEBUG - https://pt.wikipedia.org:443 "GET /api/rest_v1/page/summary/Campeonato_Italiano_de_Futebol_de_2025%E2%80%9326_%E2%80%93_Primeira_Divis%C3%A3o HTTP/1.1" 200 661
2025-12-12 05:35:18,647 - urllib3.connectionpool - DEBUG - Starting new HTTPS connection (1): pt.wikipedia.org:443
2025-12-12 05:35:18,892 - urllib3.connectionpool - DEBUG - https://pt.wikipedia.org:443 "GET /api/rest_v1/page/summary/Quinho_Futebol_Clube HTTP/1.1" 200 706
2025-12-12 05:35:18,894 - UNI_v7.3 - INFO - Wikipedia: Coletados 20 resultados com sucesso
2025-12-12 05:35:18,904 - urllib3.connectionpool - DEBUG - Starting new HTTPS connection (1): api.github.com:443
2025-12-12 05:35:19,444 - urllib3.connectionpool - DEBUG - https://api.github.com:443 "GET /search/repositories?q=natal+2026&sort=stars&order=desc&per_page=20 HTTP/1.1" 200 None
2025-12-12 05:35:19,446 - UNI_v7.3 - INFO - GitHub: Coletados 6 resultados com sucesso
2025-12-12 05:35:19,447 - UNI_v7.3 - INFO - Hacker News: Iniciando coleta para 'natal 2026' (limite: 20)
2025-12-12 05:35:19,462 - urllib3.connectionpool - DEBUG - Starting new HTTPS connection (1): hn.algolia.com:443
2025-12-12 05:35:20,269 - urllib3.connectionpool - DEBUG - https://hn.algolia.com:443 "GET /api/v1/search?query=natal+2026&tags=story&hitsPerPage=20&numericFilters= HTTP/1.1" 200 20995
2025-12-12 05:35:20,298 - UNI_v7.3 - INFO - Hacker News: Coletados 20 resultados com sucesso
2025-12-12 05:35:20,299 - UNI_v7.3 - INFO - : JSON salvo em metadados_coleta.json
2025-12-12 05:35:20,306 - UNI_v7.3 - INFO - Suggest-chrome-web-top: Salvo 15 registros com 9 colunas em suggest_chrome_web_top.csv (1.0 KB)
2025-12-12 05:35:20,308 - UNI_v7.3 - INFO - Suggest-chrome-web-a-z: Salvo 15 registros com 9 colunas em suggest_chrome_web_a_z.csv (1.0 KB)
2025-12-12 05:35:20,309 - UNI_v7.3 - INFO - Suggest-chrome-youtube-top: Salvo 15 registros com 9 colunas em suggest_chrome_youtube_top.csv (0.9 KB)
2025-12-12 05:35:20,310 - UNI_v7.3 - INFO - Suggest-chrome-youtube-a-z: Salvo 9 registros com 9 colunas em suggest_chrome_youtube_a_z.csv (0.6 KB)
2025-12-12 05:35:20,312 - UNI_v7.3 - INFO - SERP-Brave: Salvo 20 registros com 13 colunas em serp_brave.csv (7.8 KB)
2025-12-12 05:35:20,320 - UNI_v7.3 - INFO - SERP-Google: Salvo 20 registros com 19 colunas em serp_google.csv (16.7 KB)
2025-12-12 05:35:20,322 - UNI_v7.3 - INFO - SERP-Duckduckgo: Salvo 20 registros com 8 colunas em serp_duckduckgo.csv (6.7 KB)
2025-12-12 05:35:20,324 - UNI_v7.3 - INFO - SERP-Bing: Salvo 7 registros com 13 colunas em serp_bing.csv (2.9 KB)
2025-12-12 05:35:20,328 - UNI_v7.3 - INFO - YouTube-relevance: Salvo 20 registros com 30 colunas em youtube_relevance.csv (28.8 KB)
2025-12-12 05:35:20,331 - UNI_v7.3 - INFO - YouTube-date: Salvo 20 registros com 30 colunas em youtube_date.csv (12.8 KB)
2025-12-12 05:35:20,334 - UNI_v7.3 - INFO - YouTube-viewCount: Salvo 20 registros com 30 colunas em youtube_viewcount.csv (22.2 KB)
2025-12-12 05:35:20,339 - UNI_v7.3 - INFO - AppStore-Google Play: Salvo 20 registros com 28 colunas em appstore_google_play.csv (60.0 KB)
2025-12-12 05:35:20,340 - UNI_v7.3 - INFO - Google News: Salvo 10 registros com 13 colunas em google_news.csv (8.2 KB)
2025-12-12 05:35:20,342 - UNI_v7.3 - INFO - arXiv: Salvo 20 registros com 18 colunas em arxiv.csv (33.4 KB)
2025-12-12 05:35:20,348 - UNI_v7.3 - INFO - Google Scholar: Salvo 20 registros com 20 colunas em google_scholar.csv (34.7 KB)
2025-12-12 05:35:20,350 - UNI_v7.3 - INFO - Wikipedia: Salvo 20 registros com 24 colunas em wikipedia.csv (27.8 KB)
2025-12-12 05:35:20,352 - UNI_v7.3 - INFO - GitHub: Salvo 6 registros com 38 colunas em github.csv (3.8 KB)
2025-12-12 05:35:20,353 - UNI_v7.3 - INFO - Hacker News: Salvo 20 registros com 18 colunas em hacker_news.csv (6.3 KB)
2025-12-12 05:35:20,353 - UNI_v7.3 - INFO - Iniciando criação da base de dados consolidada...
2025-12-12 05:35:20,397 - UNI_v7.3 - INFO - Base de dados consolidada salva: 297 registros, 180 colunas, 347.1 KB
2025-12-12 05:35:20,400 - UNI_v7.3 - WARNING - Não foi possível salvar Excel: No module named 'openpyxl'
2025-12-12 05:35:20,401 - UNI_v7.3 - WARNING - Não foi possível salvar Parquet: Unable to find a usable engine; tried using: 'pyarrow', 'fastparquet'.
A suitable version of pyarrow or fastparquet is required for parquet support.
Trying to import the above resulted in these errors:
 - Missing optional dependency 'pyarrow'. pyarrow is required for parquet support. Use pip or conda to install pyarrow.
 - Missing optional dependency 'fastparquet'. fastparquet is required for parquet support. Use pip or conda to install fastparquet.
2025-12-12 05:35:20,430 - UNI_v7.3 - INFO - Resumo: JSON salvo em resumo_estatistico_natal_2026_20251212_053520.json
2025-12-12 05:35:20,438 - UNI_v7.3 - INFO - : JSON salvo em resultados_completos.json
2025-12-12 05:35:20,462 - UNI_v7.3 - INFO - Qualidade: JSON salvo em analise_qualidade.json
