"title","developer","rating","ratings_count","reviews_count","installs","id","url","icon","headerImage","screenshots","video","videoImage","price","free","contentRating","contentRatingDescription","genre","genreId","familyGenre","familyGenreId","summary","description","descriptionHTML","updated","released","version","size","minInstalls","maxInstalls","score","developerId","developerEmail","developerWebsite","developerAddress","privacyPolicy","histogram","offersIAP","adSupported","recentChanges","permissions","whatsNew"
"DRAGON BALL Z DOKKAN BATTLE","Bandai Namco Entertainment Inc.","4.3","0","0","50.000.000+","com.bandainamcogames.dbzdokkanww","","https://play-lh.googleusercontent.com/3wPaD-PGK0f0RlM3sqH0rFEV0gLwhAGDRaIK8DcDvK8bExY6pR8INE6F0EjuHIIp5Whx","","['https://play-lh.googleusercontent.com/1jhj-8qeABqCLmlrBL3Qd3bW8B_uz7ZnXhX09JB6frhMPsrHS5AlXwTislyZtx7WTA', 'https://play-lh.googleusercontent.com/UzNpaMBbdOvjbJuM2oF-519dglxkJ_Gq_A2ZARyQEivkFlv14Th3kETXlLsQNftFag', 'https://play-lh.googleusercontent.com/hc8H041Ob4Yi2fc71jIKKIobB64eCEqB5AaZicj8UY-JqEZtGraXhObjzOw_l7pSdepR', 'https://play-lh.googleusercontent.com/jIRhIbM2LBItWfDsRTpXXv9PcjLA0WXnbbQwZwTw7UdOMxDPzVhSJ6qM4ses63Rskk0', 'https://play-lh.googleusercontent.com/oOZRIblW3pqf1JGo8nMtxujATs3orPtbXcmi3wgu7OTXJKw8ivxqjLPS0mccCXZ-m3s', 'https://play-lh.googleusercontent.com/HuK2yzkCxMQraZ0kTcso9raRTlkD5sXm55ZBjulsF7TS2oN6954c_e7N3NRb-1WBFl8', 'https://play-lh.googleusercontent.com/7gvcBDlqyYSCMakqmdBhhKoHgXmHg5x0gLv1eJSgzUxEEYQwTGQE7iLGIbtIiaqNdg', 'https://play-lh.googleusercontent.com/MG4zUn2qMiixONjIADR5U_ZTEpRZ21C1xCO6HId9jq6LM24D4C_5-v2wjTSvOVV_hPw', 'https://play-lh.googleusercontent.com/LGdTlHOAXvxbtKNdZmYNci5rY_YXkJa8BDI4LzDujdNUsZuRM1Dv0SD6CGW2PaIGKwc', 'https://play-lh.googleusercontent.com/mVYCG3MzSUQkgwyYPLD2RExyiQBtAAyVUi0CzAt-j8O66s9SxcAmG7ewzBS74BJ05a0', 'https://play-lh.googleusercontent.com/plIcG15WnikxpkBVA6ITEmwKGJRG1SgqVxmpN7Q71KKR40bemzSbZJ_oYWrxfLGqpPM', 'https://play-lh.googleusercontent.com/tyiFHkcTwAXTYONugl0BEns4dbTqn1u1Pp7KrN_TYpxU-ssWY-ZJHtEp58dEgYX_SaeT', 'https://play-lh.googleusercontent.com/7w2PJcKFCRn64UuRB_Y--OloYOUwXpsVlf_0awNRmcOBm99DmYgv-zopo87kVPVPSg', 'https://play-lh.googleusercontent.com/thNWc7hjuvVhpPPsNB0aBXWuWS2SRQG-AiE2jEW2SgdhTS8dsJsHX4GUxsBZL7SWcAwg', 'https://play-lh.googleusercontent.com/mYYe7Q4O9VYYK2VZ2mFON4NKZwIiFzI_VZ8vcdKpTZZYxEqBYQCj6Hg9_gST-kDzwyhc', 'https://play-lh.googleusercontent.com/dHWbqyQmeb2XfxFglRlrE0pNQZabPkQsHHiW4k4ydBPWJhPUAxT3mfdw35fCrJ3VfAM', 'https://play-lh.googleusercontent.com/JKNW2jEryZOmPrWhACohIdpaGwaTFui3Pxax6--BwH3pBa3JPWCxamuA2yoEV8o1VmQ', 'https://play-lh.googleusercontent.com/FcX3mPfyN9YHNlgl6af2tO00F61uOTObkAeKsLpRVf6Awyww5pTioKSZ4ubBZmkWdt4s', 'https://play-lh.googleusercontent.com/3PAJuMfdARm48pZq3AMZ0enIkgLdmUIOoWeYuTAG4N7lBu1RXlbWSNJlFi3qxNrG3g', 'https://play-lh.googleusercontent.com/7ExjVpGr97OIw8BUMwFy09i0lCMwOdioU8YU86I-HL-R8pHOBy-GLbrM8wLRw2rWsFS6', 'https://play-lh.googleusercontent.com/Wuo4_veaUxHn9K2YmIr1gR8zv3yw7Ke1pYrOHv-VWHVEn0CkdBmJk8mHtWlEj-lLcqQ', 'https://play-lh.googleusercontent.com/qwFy38KA-F6yOX38Sz4hXP9eALKcrWMReLYkCbroXeAMtu_yr-nZyI21rEsGVya2UQ', 'https://play-lh.googleusercontent.com/1KdpZjr4FsMaYDycedqLjzhVBtGtMJ5bi_dQHLocvZe9Ls50xFiV2NvmSvNvpPWns_4', 'https://play-lh.googleusercontent.com/ymhMFpdigCbnNVwnhsLCzybf1uoSlSq1qsEOyp730zTtyRZgUrnKI5LzsiaAUbjs-OA', 'https://play-lh.googleusercontent.com/eqJI3y_kEkHRoJJk_TMEWYwFwcvUGihj_YFvemGcFsrHBsbGL-WWdjDlj2YxNq5mfNtx']","https://www.youtube.com/embed/toJEhAPadlQ?ps=play&vq=large&rel=0&autohide=1&showinfo=0","https://i.ytimg.com/vi/toJEhAPadlQ/hqdefault.jpg","0","True","","","Ação","","","","","DRAGON BALL Z DOKKAN BATTLE is the one of the best DRAGON BALL mobile game experiences available. This DB anime action puzzle game features beautiful 2D illustrated visuals and animations set in a DRAGON BALL world where the timeline has been thrown into chaos, where DB characters from the past and present come face to face in new and exciting battles! Experience the new story and save the world of DRAGON BALL!

DRAGON BALL Z DOKKAN BATTLE features a super refreshing and simplistic approach to the anime action genre! The epic anime-like battles feature simple yet addictive gameplay. Link Ki spheres during battle to attack your foes! Take your time and play at your own pace, it’s the perfect DB game to play on the go wherever you are! When you are ready and powered up, finish your enemies with powerful Super Attacks such as Super Saiyan Goku’s Kamehameha and many more to send enemies flying!

All of your favorite characters are here from all your favorite DRAGON BALL anime series! From DBZ to DBS, everyone’s favorite Saiyan, Goku and his friends are ready to battle Frieza, Cell, Beerus, Jiren, and more! Summon your favorite DB characters and create the ultimate dream team(s)! Train and Awaken DB characters to power them up!

Help return order to the DRAGON BALL timeline through Quest mode. Experience reimagined popular anime stories with DB characters new and old. Play in Dokkan Events and the World Tournament and face off against tough enemies! And for true hardened fighters, the challenges of Extreme Z-Battle and Super Battle Road await!

SIMPLE ADDICTING GAMEPLAY
• Featuring a new take on the action puzzle game genre
• Tap and link Ki Spheres to attack and enter Dokkan Mode to finish foes!!
• Play at your own pace, planning your battle strategy is key

FINISH FOES WITH SUPER ATTACKS
• Collect enough Ki Spheres to activate Super Attacks just like the anime
• From Goku’s Iconic Kamehameha attack to Vegeta’s Final Flash, all your favorites are here
• Experience them all in epic 2D illustrations and animations

YOUR FAVORITE DRAGON BALL CHARACTERS ARE HERE
• From DBZ to DBS, many popular DB characters are available
• Summon new and classic favorites such as Super - Saiyan God SS Goku, Vegeta, Krillin or rivals such as Frieza, Cell, Beerus, and Jiren plus more from the popular anime series

FORM YOUR TEAM OF POWERFUL WARRIORS
• Organize your DRAGON BALL team and create the strongest fighting force!
• Train your favorite DB characters and Awaken them to new realms of power!

A NEW DRAGON BALL STORY
• Bring order to the DRAGON BALL timeline
• Play the board game-style map and all-new story with your favorite Dragon Ball characters!
• Experience reimagined stories with DB characters new and old

Are you ready to go even further beyond? Download one of the best DRAGON BALL experiences available with DRAGON BALL Z DOKKAN BATTLE today for free!

SUPPORT:
https://bnfaq.channel.or.jp/contact/faq_list/1624

Bandai Namco Entertainment Inc. Website:
https://bandainamcoent.co.jp/english/

By downloading or installing this app, you agree to the Bandai Namco Entertainment Terms of Service.

Terms of Service:
https://legal.bandainamcoent.co.jp/terms/
Privacy Policy:
https://legal.bandainamcoent.co.jp/privacy/

Note:
This game contains some items available for in-app purchase that can enhance gameplay and speed up your progress. In-app purchases can be disabled in your device settings, see
https://support.google.com/googleplay/answer/1626831?hl=en for more details.

Powered by ""CRIWARE"".
CRIWARE is a trademark of CRI Middleware Co., Ltd.

This application is distributed under the official rights from the license holder.

©BIRD STUDIO/SHUEISHA, TOEI ANIMATION
©Bandai Namco Entertainment Inc.","DRAGON BALL Z DOKKAN BATTLE is the one of the best DRAGON BALL mobile game experiences available. This DB anime action puzzle game features beautiful 2D illustrated visuals and animations set in a DRAGON BALL world where the timeline has been thrown into chaos, where DB characters from the past and present come face to face in new and exciting battles! Experience the new story and save the world of DRAGON BALL!<br><br>DRAGON BALL Z DOKKAN BATTLE features a super refreshing and simplistic approach to the anime action genre! The epic anime-like battles feature simple yet addictive gameplay. Link Ki spheres during battle to attack your foes! Take your time and play at your own pace, it’s the perfect DB game to play on the go wherever you are! When you are ready and powered up, finish your enemies with powerful Super Attacks such as Super Saiyan Goku’s Kamehameha and many more to send enemies flying!<br><br>All of your favorite characters are here from all your favorite DRAGON BALL anime series! From DBZ to DBS, everyone’s favorite Saiyan, Goku and his friends are ready to battle Frieza, Cell, Beerus, Jiren, and more! Summon your favorite DB characters and create the ultimate dream team(s)! Train and Awaken DB characters to power them up!<br><br>Help return order to the DRAGON BALL timeline through Quest mode. Experience reimagined popular anime stories with DB characters new and old. Play in Dokkan Events and the World Tournament and face off against tough enemies! And for true hardened fighters, the challenges of Extreme Z-Battle and Super Battle Road await!<br><br>SIMPLE ADDICTING GAMEPLAY<br>• Featuring a new take on the action puzzle game genre<br>• Tap and link Ki Spheres to attack and enter Dokkan Mode to finish foes!!<br>• Play at your own pace, planning your battle strategy is key<br><br>FINISH FOES WITH SUPER ATTACKS<br>• Collect enough Ki Spheres to activate Super Attacks just like the anime<br>• From Goku’s Iconic Kamehameha attack to Vegeta’s Final Flash, all your favorites are here<br>• Experience them all in epic 2D illustrations and animations<br><br>YOUR FAVORITE DRAGON BALL CHARACTERS ARE HERE<br>• From DBZ to DBS, many popular DB characters are available<br>• Summon new and classic favorites such as Super - Saiyan God SS Goku, Vegeta, Krillin or rivals such as Frieza, Cell, Beerus, and Jiren plus more from the popular anime series<br><br>FORM YOUR TEAM OF POWERFUL WARRIORS<br>• Organize your DRAGON BALL team and create the strongest fighting force!<br>• Train your favorite DB characters and Awaken them to new realms of power!<br><br>A NEW DRAGON BALL STORY<br>• Bring order to the DRAGON BALL timeline<br>• Play the board game-style map and all-new story with your favorite Dragon Ball characters!<br>• Experience reimagined stories with DB characters new and old<br><br>Are you ready to go even further beyond? Download one of the best DRAGON BALL experiences available with DRAGON BALL Z DOKKAN BATTLE today for free!<br><br>SUPPORT:<br>https://bnfaq.channel.or.jp/contact/faq_list/1624<br><br>Bandai Namco Entertainment Inc. Website:<br>https://bandainamcoent.co.jp/english/<br><br>By downloading or installing this app, you agree to the Bandai Namco Entertainment Terms of Service.<br><br>Terms of Service:<br>https://legal.bandainamcoent.co.jp/terms/<br>Privacy Policy:<br>https://legal.bandainamcoent.co.jp/privacy/<br><br>Note:<br>This game contains some items available for in-app purchase that can enhance gameplay and speed up your progress. In-app purchases can be disabled in your device settings, see<br>https://support.google.com/googleplay/answer/1626831?hl=en for more details.<br><br>Powered by &quot;CRIWARE&quot;.<br>CRIWARE is a trademark of CRI Middleware Co., Ltd.<br><br>This application is distributed under the official rights from the license holder.<br><br>©BIRD STUDIO/SHUEISHA, TOEI ANIMATION<br>©Bandai Namco Entertainment Inc.","","","","","0","0","4.278255","","","","","","{}","False","False","","[]",""
"Dragon Warrior Legend Champion","MGame-Studio","4.5","0","0","5.000.000+","com.mgame.dragonwarriorlegendchampions","","https://play-lh.googleusercontent.com/W3DRtwpujtHuV1qLA-_Fic_KfBLbntIIh_gCozVg2GMsK283mDte5quvyDsFCmCg1_FZ","","['https://play-lh.googleusercontent.com/gg3zbzdVuPIzLjz0CffemP2Jb9vrh_rcmJklysxm88tWnEt7sBj4pPEVZ4jOCXLrDoM', 'https://play-lh.googleusercontent.com/iE9qcrm-X48qPKv0jtsWRa4JKo1nYeiwiGE76H6nJciy8sdF3PM0O_vPA6dIuPIIllYt', 'https://play-lh.googleusercontent.com/VSpu2J9Jj2w-laF7iCUCljvN7IErN4_1uiJ99mrPC8xcjH_--1cwxECQ2AGiuPJi6M8', 'https://play-lh.googleusercontent.com/Lr9Ko0weEXedA9RmE1yw6OFgZGVKVBZ4Bd1QKq_ZDoBjAUz08Ckt-fElis34fRSPRmFq', 'https://play-lh.googleusercontent.com/80nhnA6pbswm4pvsQm4emWxdL152PoaxLtz85TVVdiSpT17qpSzSvDS03c6S8FX6MKQ', 'https://play-lh.googleusercontent.com/5NcUf_9pJ6alk6RPPYXNIgjp2drQLgs2fgyl3eJEsuxBWbs8EEoTURFVf8Xzb3f9MHg', 'https://play-lh.googleusercontent.com/UCr-kiTHqKQV7DKa9PEjtM6moHwdjYyB1JSRTlN2FV5jOHw4Zu-rxPO4EYAXrxSYZQM', 'https://play-lh.googleusercontent.com/sr0C1F9UixN0Hwh7_hHYxq2fBYfzNEmkXGkINC5GIspp95lg0WLf-N_fqeu0F0hfks_1']","https://www.youtube.com/embed/EbXokzNVycI?ps=play&vq=large&rel=0&autohide=1&showinfo=0","https://i.ytimg.com/vi/EbXokzNVycI/hqdefault.jpg","0","True","","","Arcade","","","","","🐲Dragon Warrior Legend Champion is anime fighting game with an excite combat system. Fight to be the legend. Fight to be the champion. You are the strongest warrior! Choose your favorite warrior and fight. Defeat your enemy and you can unlock more powerful warriors.

GAME MODE
- VERSUS: Train your skill to become the strongest warrior.
- TOURNAMENT: Join tournament, become the world champion.
- CHALLENGE: Defeat boss, let them know who is the Legendary Warrior.
- STORY: Coming soon.

FEATURE
- 7 Map & many Warriors
- 3 mode and more in future
- fantastic Effect & amazing Graphic & Sound.

Enjoy Now!!","🐲Dragon Warrior Legend Champion is anime fighting game with an excite combat system. Fight to be the legend. Fight to be the champion. You are the strongest warrior! Choose your favorite warrior and fight. Defeat your enemy and you can unlock more powerful warriors.<br><br>GAME MODE<br>- VERSUS: Train your skill to become the strongest warrior.<br>- TOURNAMENT: Join tournament, become the world champion.<br>- CHALLENGE: Defeat boss, let them know who is the Legendary Warrior.<br>- STORY: Coming soon.<br><br>FEATURE<br>- 7 Map &amp; many Warriors<br>- 3 mode and more in future<br>- fantastic Effect &amp; amazing Graphic &amp; Sound.<br><br>Enjoy Now!!","","","","","0","0","4.538647","","","","","","{}","False","False","","[]",""
"I'm Ultra Warrior: Saiyan Goku","Fvrgames.Ltd","4.3","0","0","1.000.000+","fvrgames.dragon.ballfive","","https://play-lh.googleusercontent.com/mb-QkYjeI1R04tskmP30Xa_0hwXqCC_ZD4lgQdwDrWq6e6P0QOt8fXjTmcpGB3XX45A","","['https://play-lh.googleusercontent.com/ckT83--MubglWehmK5St_hitKTi8oufnQUvOHT0mSwZj4aDNsyApy6p1SsYOjruOvoc', 'https://play-lh.googleusercontent.com/KfApZD8w6K8UEpEKf7JCrbN-A-hwzowuTFadIBLaEhpKwR_zn9T21OCYGnxztzj_bA', 'https://play-lh.googleusercontent.com/UGLtUuFxu-hO_dRc_Vv9E-EWASwlAU8uwNkzA6Adn7-sOwVoBUHZi8QWbLkXIUlGpNg', 'https://play-lh.googleusercontent.com/iQYkHQXAlXHnE81tz8Cr7VTcZKzut6JzuUY8QlPJ8qhwY0KoQEOiEo77TgLS4KL8wnE', 'https://play-lh.googleusercontent.com/mIArek3EGaZDcIzpo3qeYL_h_G-0DX61ibyCsT4PJvtmDsnVj7h9hPG9SRi9Ew4CX5Y', 'https://play-lh.googleusercontent.com/toROwQ9QPPBtf_nFDyLOCrVALlgAMqBSMZazEJxiYItSc47nW4958L4Wgwhff7LQhU8', 'https://play-lh.googleusercontent.com/by_JYqnhUvM7oJE0LyxPuPPv_w73JxwuiHrEjY-oeNEw38gIDoF4yPaI-l1mL6xDuwc', 'https://play-lh.googleusercontent.com/UtNeW5c3QvKuuKaVY0t391lsx9nKjXvxgHLkVrQoS_DNAj_oDyek07sAGValGZ6oxFw', 'https://play-lh.googleusercontent.com/q6f7MSg9m-4QuTXDvDNDu-wJNvKkdPblmeO0IJEIXePpykazEBt3KiYb059sJHVj9HLf', 'https://play-lh.googleusercontent.com/i44fwU7O-1lPPDHWqlFUGHgc6zZTZA7LVvBN4RR9SNEw8Gh69YP1gC8FDPlF034dw0wb', 'https://play-lh.googleusercontent.com/9QUxd8rSK8_1ILy0T4y5rqPhd_xwp6GVcBQLMI8LxOgL67pnT84c_Quh2Turo3p7voS_']","https://www.youtube.com/embed/9CLrba62E6M?ps=play&vq=large&rel=0&autohide=1&showinfo=0","https://i.ytimg.com/vi/9CLrba62E6M/hqdefault.jpg","0","True","","","Ação","","","","","In this version of Dragon Ball Z ultra warrior aka super saiyan Goku great fantastic battle game. You have unlimited coins/ money, you can get every and any DBZ character or skill you want ( no need to collect them during battles) . Choose a warrior, super saiyan, like Kakarot(Saiyan Goku ) , frost, namekians, angel, or even god of destruction. And enter an ultra saiyan game .

 Like always There are super  and ultra transformations of dragon fighter z like : super saiyan god, ssjblue,golden forms of friezaa or any forst race.

 - Brief description about this game : 
   This is db fighting Z game with dragon heroes fighters . All Dragon Ball Z warrior heroes and villains from Z /KAI/GT are here. Choose one and fight the other in a great saiyan_battle in 1vs 1 or teams match or tournament, and training too.. charge your ki and transform to ssj, ssj2/3/4 as well as blue /ultra instinct.of goku , vegeta, broly,

 Play and feel all skills and combos, join tournament and become the champion and god of saiyan.
  When you charge your ki to full. Perform ultimate attacks like :kameha, dragon recall, energy ball and death balls, you are in fighting game. In the most awesome  z S champion pixel game.","In this version of Dragon Ball Z ultra warrior aka super saiyan Goku great fantastic battle game. You have unlimited coins/ money, you can get every and any DBZ character or skill you want ( no need to collect them during battles) . Choose a warrior, super saiyan, like Kakarot(Saiyan Goku ) , frost, namekians, angel, or even god of destruction. And enter an ultra saiyan game .<br><br> Like always There are super  and ultra transformations of dragon fighter z like : super saiyan god, ssjblue,golden forms of friezaa or any forst race.<br><br> - Brief description about this game : <br>   This is db fighting Z game with dragon heroes fighters . All Dragon Ball Z warrior heroes and villains from Z /KAI/GT are here. Choose one and fight the other in a great saiyan_battle in 1vs 1 or teams match or tournament, and training too.. charge your ki and transform to ssj, ssj2/3/4 as well as blue /ultra instinct.of goku , vegeta, broly,<br><br> Play and feel all skills and combos, join tournament and become the champion and god of saiyan.<br>  When you charge your ki to full. Perform ultimate attacks like :kameha, dragon recall, energy ball and death balls, you are in fighting game. In the most awesome  z S champion pixel game.","","","","","0","0","4.251111","","","","","","{}","False","False","","[]",""
"DRAGON BALL LEGENDS","Bandai Namco Entertainment Inc.","4.4","0","0","50.000.000+","com.bandainamcoent.dblegends_ww","","https://play-lh.googleusercontent.com/QXziP_lyoZTtOxpuk6t5q3sHwVHxaXNHBoi9W1tePiaCycUcJ_jIU4CQ5Ex6bqrz36vPd7Ix8_a6LsAuG1wFEg","","['https://play-lh.googleusercontent.com/gpk3lrjE7lnsK-zqodVYwCTB2_L72g_7xfZJ3254_qrt7efDniqi9Knk0iOaWeo9Xcp3', 'https://play-lh.googleusercontent.com/gnsq88sKAx-agZyZLWNNWDfdK4qwh8XlzrdHIUggPIDRg_caFDTvRoO1eV3YJlyHpSY', 'https://play-lh.googleusercontent.com/dtPce6GJ9-zM-1QWlO8ut3n0InFZdXZQz6yzd10ga1NRj284M8rcz5yLDDp1Vv5vSBs', 'https://play-lh.googleusercontent.com/Ciuee5K0YT9rvtY_Z1HhCYLF9M-yY7P-Uqk1kdKWhSQIzgsoOizS7s3l_3YANC3xmKc', 'https://play-lh.googleusercontent.com/ABE56nGyAzIEbGJxaBQzP-0m1I6k0c_PgC1_fOsU2Oqx0zrJnRMUvNHDqqiKHnzmsLA', 'https://play-lh.googleusercontent.com/_n-APFqPbqI3FtBSK7CACp9I4yOtDwiq-U9r2Elhs2gRDlUkq-RCk1-DoyB9BiykUbk', 'https://play-lh.googleusercontent.com/RJOrEECnlyWAL3HpgLjVV7zZ8nJYpmeRgMS_MYD3OsqK6bcRtjYSglVygO_vcfNXMg', 'https://play-lh.googleusercontent.com/YzZgj9Y6PpqpSG9cYedYGnbqrkOYP2pZHXrE0i1Jf5uHtvduwhah3RheHYxzc86ylCA', 'https://play-lh.googleusercontent.com/X9ESWYBLtPLpD2KRkbysPyFkG1pnBMcujN_tncfsOCH7b1t_dKRR5xFMM92w_Oi0093_', 'https://play-lh.googleusercontent.com/_U2jD43TaytEYd2Gi8A1hHZjAwzAdJhoQ4EuEiPN6r9ZY1VeUUSaBDV9BiviGRWznQ', 'https://play-lh.googleusercontent.com/kz9OE5s_71ekXQK2lPsBCbWF_virxvuoBbwV4vnqExq1Xjg2UpZz7RvS_wg-NZz0l_Q', 'https://play-lh.googleusercontent.com/1mGf_VUl9ABBhg9g1nZWs19PMDnc81LeMR0Oo6iftuaioBQVHHpuZPnPdfzN0OT8sGBu', 'https://play-lh.googleusercontent.com/pOlmZ0tjIBzJuT5WnGs5RqthRBMeiX-9_lrIbBFRSt7aPBkXY0zMAcDl13H3MIGzmPwk', 'https://play-lh.googleusercontent.com/2s0RGRvMegboFG1bX0IohPW7RPKs28TaHIYXHbdw-uFUCWfuNYEMl3FjqBhaPL_LbeU', 'https://play-lh.googleusercontent.com/0k_qO21ulce9whMfRuvMssATU-XpyeLMmyJ4V8TnFzY4yOgWuGexXNgQN5Mzm9M9gZie', 'https://play-lh.googleusercontent.com/zKl2_qHD_i73J-SjSYvAb5Ypa6mrGgr1M6z3BOvdUxt9qIJFVIMhmntyqDWubROiPTI', 'https://play-lh.googleusercontent.com/xnDS9mG8WjuTYsZVLRydsqRn1HQjccqSi-6XgTF3eCxZA1666v5dSnjc1hLdyr3_3bE', 'https://play-lh.googleusercontent.com/Pp2oIfHIBNNteKvo4Wim1DWD6I1WVErkbW2XU27bwWBAdwWUu1mWwuaPd1X_d9JGwrc', 'https://play-lh.googleusercontent.com/wtDUsIdk1bJbC9DBUj6QXr1Y3G_y0HFbW-9NUqRZ7z2ndtdegyMfbEnMqANIWsTrkww']","https://www.youtube.com/embed/hC_3QZTddtM?ps=play&vq=large&rel=0&autohide=1&showinfo=0","https://i.ytimg.com/vi/hC_3QZTddtM/hqdefault.jpg","0","True","","","Ação","","","","","O jogo de ação anime definitivo já está aqui! DRAGON BALL LEGENDS coloca nas tuas mãos o poder dos teus heróis favoritos de DRAGON BALL! Visuais e animações épicas em 3D dão vida à sua coleção de heróis: Mais de 400 personagens para encontrar e treinar para fazer seu melhor time para as batalhas que estão por vir. Goku, Vegeta, Trunks, Piccolo, Frieza, Broly, Majin Buu e muitos outros heróis e vilões estão esperando por você!

JOGO DE AÇÃO ÉPICA
- Controle intuitivamente seus lutadores favoritos de DRAGON BALL em 3D
- Desvie-se de seu adversário em tempo real, contra-ataque, use suas cartas de habilidade e construa combos incríveis!
- Preencha os espaços de DRAGON BALL durante a batalha para acionar o poderoso ataque Rising Rush baseado no time

ENTRA NO MUNDO DE DRAGON BALL
- Ação clássica do anime recriado com personagens e cenários 3D de alta qualidade
- As suaves animações dos personagens apresentam versões modernas dos movimentos especiais mais icônicos
- Jogue as sagas clássicas de DRAGON BALL

UMA HISTÓRIA ORIGINAL DE RPG
- Jogue como o novo personagem desenhado por Akira Toriyama!
- Experimente uma nova aventura com Goku e todos os seus personagens favoritos
- Desfrute de dublagem do elenco original do anime

Você está pronto para se tornar uma lenda? Baixe a melhor experiência anime DB de ação RPG com DRAGON BALL LEGENDS hoje mesmo!

SUPORTE:
https://bnfaq.channel.or.jp/contact/faq_list/1925

Site da Bandai Namco Entertainment Inc.:
https://bandainamcoent.co.jp/english/

Ao baixar ou instalar este aplicativo, você concorda com os Termos de Serviço da Bandai Namco Entertainment.

Termos de Serviço:
https://legal.bandainamcoent.co.jp/terms/
Política de Privacidade:
https://legal.bandainamcoent.co.jp/privacy/

Este jogo contém alguns itens disponíveis para compra no aplicativo que podem melhorar a jogabilidade e acelerar seu progresso. As compras no aplicativo podem ser desativadas a partir das configurações do dispositivo, acesse https://support.google.com/googleplay/answer/1626831?hl=pt-BR para mais detalhes.

Acionado por """"CRIWARE"""".
CRIWARE é uma marca registrada da CRI Middleware Co., Ltd.
Esta aplicação é distribuída sob os direitos oficiais do titular da licença.

This application is distributed under the official rights from the license holder.

©BIRD STUDIO/SHUEISHA, TOEI ANIMATION
©Bandai Namco Entertainment Inc.

[Sobre o ""Legends Pass""]
O Legends Pass é uma assinatura mensal paga que permite que você obtenha atualizações dentro do jogo.

Sobre pagamento, período de validade e renovações
・The O Legends Pass é válido por um período de um mês, após o qual é automaticamente renovado.
A menos que a assinatura seja cancelada dentro de 24 horas antes do final do período de validade, ela será automaticamente renovada.
Favor observar que a assinatura não será cancelada automaticamente quando o pedido for excluído.

Sobre cancelamentos
A assinatura pode ser cancelada seguindo estas etapas:
1. faça o login na Loja do Google Play.
2. toque no ícone do menu no canto superior esquerdo > Toque em ""Assinaturas"". 3.
3. toque na assinatura que você deseja cancelar.
4. Toque em ""Cancelar assinatura"" e siga as instruções na tela.
Note que a assinatura não será cancelada automaticamente quando você apagar o pedido.
Após o cancelamento da assinatura, você pode continuar a usufruir da assinatura até o final do período de validade.","O jogo de ação anime definitivo já está aqui! DRAGON BALL LEGENDS coloca nas tuas mãos o poder dos teus heróis favoritos de DRAGON BALL! Visuais e animações épicas em 3D dão vida à sua coleção de heróis: Mais de 400 personagens para encontrar e treinar para fazer seu melhor time para as batalhas que estão por vir. Goku, Vegeta, Trunks, Piccolo, Frieza, Broly, Majin Buu e muitos outros heróis e vilões estão esperando por você!<br><br>JOGO DE AÇÃO ÉPICA<br>- Controle intuitivamente seus lutadores favoritos de DRAGON BALL em 3D<br>- Desvie-se de seu adversário em tempo real, contra-ataque, use suas cartas de habilidade e construa combos incríveis!<br>- Preencha os espaços de DRAGON BALL durante a batalha para acionar o poderoso ataque Rising Rush baseado no time<br><br>ENTRA NO MUNDO DE DRAGON BALL<br>- Ação clássica do anime recriado com personagens e cenários 3D de alta qualidade<br>- As suaves animações dos personagens apresentam versões modernas dos movimentos especiais mais icônicos<br>- Jogue as sagas clássicas de DRAGON BALL<br><br>UMA HISTÓRIA ORIGINAL DE RPG<br>- Jogue como o novo personagem desenhado por Akira Toriyama!<br>- Experimente uma nova aventura com Goku e todos os seus personagens favoritos<br>- Desfrute de dublagem do elenco original do anime<br><br>Você está pronto para se tornar uma lenda? Baixe a melhor experiência anime DB de ação RPG com DRAGON BALL LEGENDS hoje mesmo!<br><br>SUPORTE:<br>https://bnfaq.channel.or.jp/contact/faq_list/1925<br><br>Site da Bandai Namco Entertainment Inc.:<br>https://bandainamcoent.co.jp/english/<br><br>Ao baixar ou instalar este aplicativo, você concorda com os Termos de Serviço da Bandai Namco Entertainment.<br><br>Termos de Serviço:<br>https://legal.bandainamcoent.co.jp/terms/<br>Política de Privacidade:<br>https://legal.bandainamcoent.co.jp/privacy/<br><br>Este jogo contém alguns itens disponíveis para compra no aplicativo que podem melhorar a jogabilidade e acelerar seu progresso. As compras no aplicativo podem ser desativadas a partir das configurações do dispositivo, acesse https://support.google.com/googleplay/answer/1626831?hl=pt-BR para mais detalhes.<br><br>Acionado por &quot;&quot;CRIWARE&quot;&quot;.<br>CRIWARE é uma marca registrada da CRI Middleware Co., Ltd.<br>Esta aplicação é distribuída sob os direitos oficiais do titular da licença.<br><br>This application is distributed under the official rights from the license holder.<br><br>©BIRD STUDIO/SHUEISHA, TOEI ANIMATION<br>©Bandai Namco Entertainment Inc.<br><br>[Sobre o &quot;Legends Pass&quot;]<br>O Legends Pass é uma assinatura mensal paga que permite que você obtenha atualizações dentro do jogo.<br><br>Sobre pagamento, período de validade e renovações<br>・The O Legends Pass é válido por um período de um mês, após o qual é automaticamente renovado.<br>A menos que a assinatura seja cancelada dentro de 24 horas antes do final do período de validade, ela será automaticamente renovada.<br>Favor observar que a assinatura não será cancelada automaticamente quando o pedido for excluído.<br><br>Sobre cancelamentos<br>A assinatura pode ser cancelada seguindo estas etapas:<br>1. faça o login na Loja do Google Play.<br>2. toque no ícone do menu no canto superior esquerdo &gt; Toque em &quot;Assinaturas&quot;. 3.<br>3. toque na assinatura que você deseja cancelar.<br>4. Toque em &quot;Cancelar assinatura&quot; e siga as instruções na tela.<br>Note que a assinatura não será cancelada automaticamente quando você apagar o pedido.<br>Após o cancelamento da assinatura, você pode continuar a usufruir da assinatura até o final do período de validade.","","","","","0","0","4.4010453","","","","","","{}","False","False","","[]",""
"DBZ: Super Goku Battle","Pixelers.Ltd","3.9","0","0","5.000.000+","com.fighting.goke.supersaiyan.battle","","https://play-lh.googleusercontent.com/5IISH8DmkLLuH0VSU9BoYBuNhw8KwTrElVBqVzy5QuLCVB2HWlEw72Amtdht4FzJ3QqAzfBqkeE1ZdXRLsintw","","['https://play-lh.googleusercontent.com/TrEhSDQVAL1_z3jNf9hGC88jnxfgalUxV73PlMVUwTuKyC91ieLLf93Su08O8nvOM9g', 'https://play-lh.googleusercontent.com/fimsUZIwkOzcJN8I8v0Zt-kcqKoMiltleeWQIRR7OCBFBs7820_EDxnRUA9Qoe_9nlw', 'https://play-lh.googleusercontent.com/lgR6mIqfOxv2c02YR333GR-VsSgDvfi0c98aCBd0N99JU5C1JfeZwQUrJGdcLPpwQ5U', 'https://play-lh.googleusercontent.com/HOSA360h65AYd-p-IeLUJHZCxKdGBko7wWA-vA-SLCG445YS7mMiOPUiCYhskwHu3SI', 'https://play-lh.googleusercontent.com/Dqsz9bShYEjg8uFy7_IzcBJznU3zNNEczAARvUKHkbzpKFyyRs__wOVwreFaaH12', 'https://play-lh.googleusercontent.com/PGz1Mz5xnBEfY4WoR5r8fj5L6OnXZQKwBFFZk3L1j6_yunDhxGM-_LBZWoYC58Rzuw', 'https://play-lh.googleusercontent.com/de5vXiQkxGbu1kOsdOp9No56WdN5Z5Q_h8BJuCvBRNrSE6aBcbS7JQX8NE1g-vWK-T0', 'https://play-lh.googleusercontent.com/2rtCz3RtNuIIF4YYH22Rgm7XJTZPiDmFpowhrV3f1kHQFeCyFfrN-jhlxJTG8RG0Jn_y', 'https://play-lh.googleusercontent.com/rY2fSOhZBF9UQkVTJpetOy6imwbnDeS0i5Goc6jC3UKG5olH4pIwN_dAlKj3uEbDmMk', 'https://play-lh.googleusercontent.com/r1pii4C5JW3fajAh3sP1I-Q9TzHFkwzD8t4ZesJAEYklKB5DMXPTd0z1G2KppEyRSRo', 'https://play-lh.googleusercontent.com/z6WwRAIb040n9p4U6e10Gifcn7KVRYbW1BZN_n9CGSyLQPCrSYMR5A-wwig6oSVDzA', 'https://play-lh.googleusercontent.com/bWGp4IEgib5j5AcHB67S38nHYmolwLwR_dNkgUPC6SxzpbCUmVGwBXz0Bt5SQm2aYBc']","","","0","True","","","Ação","","","","","Go on a quest to save the world and fight against various enemies. With simple yet intuitive controls and gameplay, you can enjoy the action-packed battles. The game is full of beautiful 2D animation and visuals that will bring the world of Dragon Ball Z to life. Collect coins to unlock more characters and train them up to power them up.","Go on a quest to save the world and fight against various enemies. With simple yet intuitive controls and gameplay, you can enjoy the action-packed battles. The game is full of beautiful 2D animation and visuals that will bring the world of Dragon Ball Z to life. Collect coins to unlock more characters and train them up to power them up.","","","","","0","0","3.9158344","","","","","","{}","False","False","","[]",""
"Stickman Warriors","SkySoft Studio","4.6","0","0","100.000.000+","com.stickman.warriors.stickwarriors.dragon.shadow.fight","","https://play-lh.googleusercontent.com/a2DozS4mRCoidrx6P_05X7uJlL0h192PzpYbeUNRA_4azyMyRUTemgDMKTFfita0Og","","['https://play-lh.googleusercontent.com/Ematzw82FEV3PytF-_zpAZnWWml9KD8RH5FigLa6NlwrydDgzupn83JRSeutUJnQ6bQ', 'https://play-lh.googleusercontent.com/_UsjFgEHDhk-paXRBu8MI6HEthfLgSu1rfVjmwXTlSDX-IifjmGs9Mlm4e3ZiMZ3WQ', 'https://play-lh.googleusercontent.com/Nh7y-2brW_JHIUjj8dBXy-6ERecDZmYUWXZlBzRX03syp44lCky2MVl6zSlbn5jfm00', 'https://play-lh.googleusercontent.com/K7ZxO5m4ibstMULr_ymm8ls0q962jd5UrOndm76DBo5uOs9yi4Q9s7qCvCqjXHw2aEU', 'https://play-lh.googleusercontent.com/lsmcDeNgbb-IDdHGTQtrPuMQR6Zv0jl2gKhEgIRn4HTRW_JQUo4POOMQxpslr1iM3XQ', 'https://play-lh.googleusercontent.com/8LGUrywphZFgDLhoWQcPLgSbV8MK-jfIJ3nveeJeJZERJkI7Bx9yQi2v5D8aVGZGA1k', 'https://play-lh.googleusercontent.com/wdlaytgvRxswgT0mJXTkAClnE2ZXzKN5zgiymtNSz5l7Nllm-ba4m3tgOrcRcKI3Eic']","","","0","True","","","Ação","","","","","Stickman Warriors - Super Dragon Shadow Fight best fighting action role-playing game on Google Play.

This fighting game will give you a chance to become one of super heroes to fight with enemies and protect everybody on earth. Enter into the arena and fight for the survival. If you love playing games then this is the game which will amaze you with the swift handling and amazing features.

With addictive gameplay fighters, your enemies will upgrade their power and you have to fight for survival. To fight against the most Boss likes Ninja Black, Big Thunder lizards..., the shadow stick fighter may need to upgrade your power to the highest level. We bet you will enjoy the abundant upgrades for and all your stickman heroes in the best action RPG fighting game.

HOW TO PLAY

Stick Warriors has the most basic control ever! You just need to dodge, jump, power your ki, become ultra instinct and warriors super Hero fight against invaders. Use ultimate power, ultra shooting ball skill will be kill all invaders in shadow.

FEATURES

- 100+ stickman fighter characters with unique design style and special skill of each
- Story mode: Over than 250+ levels in story mode that help you collect stickman fighter characters more quickly. The maps in Stick Warriors be continuously updated, graphics transformation super dragon warriors on each other maps only in fight!
- Versus mode: Face your favorite opponent head-on in an one-on-one battle. The winner will be decided after 3 rounds.
- Tournament: 16 finest warriors were chosen to fight in the tournament. Defeat any person may come in your way to reach the ultimate glory as the new champion.
- Training mode: Prepare yourself for a new journey. Here, you can practice fighting skills and try out new characters. There's no limit on time so you can fight with the dummy as long as you want.
- Upgrade and unlock over 100+ unique special moves for each fighter.
- Stick Warriors super heroes has the most basic control ever!
- Ultra instinct characters.
- Easy and Simple to play.
- Cool transform.
- Collect these kinds of super fighters to become strongest stick warrior.

Download the game now and join millions of players around the world and start your journey in Stickman Warriors - Super Dragon Shadow Fight!","Stickman Warriors - Super Dragon Shadow Fight best fighting action role-playing game on Google Play.<br><br>This fighting game will give you a chance to become one of super heroes to fight with enemies and protect everybody on earth. Enter into the arena and fight for the survival. If you love playing games then this is the game which will amaze you with the swift handling and amazing features.<br><br>With addictive gameplay fighters, your enemies will upgrade their power and you have to fight for survival. To fight against the most Boss likes Ninja Black, Big Thunder lizards..., the shadow stick fighter may need to upgrade your power to the highest level. We bet you will enjoy the abundant upgrades for and all your stickman heroes in the best action RPG fighting game.<br><br>HOW TO PLAY<br><br>Stick Warriors has the most basic control ever! You just need to dodge, jump, power your ki, become ultra instinct and warriors super Hero fight against invaders. Use ultimate power, ultra shooting ball skill will be kill all invaders in shadow.<br><br>FEATURES<br><br>- 100+ stickman fighter characters with unique design style and special skill of each<br>- Story mode: Over than 250+ levels in story mode that help you collect stickman fighter characters more quickly. The maps in Stick Warriors be continuously updated, graphics transformation super dragon warriors on each other maps only in fight!<br>- Versus mode: Face your favorite opponent head-on in an one-on-one battle. The winner will be decided after 3 rounds.<br>- Tournament: 16 finest warriors were chosen to fight in the tournament. Defeat any person may come in your way to reach the ultimate glory as the new champion.<br>- Training mode: Prepare yourself for a new journey. Here, you can practice fighting skills and try out new characters. There&#39;s no limit on time so you can fight with the dummy as long as you want.<br>- Upgrade and unlock over 100+ unique special moves for each fighter.<br>- Stick Warriors super heroes has the most basic control ever!<br>- Ultra instinct characters.<br>- Easy and Simple to play.<br>- Cool transform.<br>- Collect these kinds of super fighters to become strongest stick warrior.<br><br>Download the game now and join millions of players around the world and start your journey in Stickman Warriors - Super Dragon Shadow Fight!","","","","","0","0","4.627263","","","","","","{}","False","False","","[]",""
"Legend Warriors: Battle of God","ZGame-Studio","4.6","0","0","5.000.000+","com.zgame.legendwarriorsbattleofgod","","https://play-lh.googleusercontent.com/YyeCBcx8v2ylN3nT0wdq80qESzIelnDmIP4PFZGf3jj-DSBJGuFEhcPrJ-Lr0KvWsA","","['https://play-lh.googleusercontent.com/Bcb7pWRyiht44ciDZsEsfS0wOXU38AsUHd6SSV75cfRMgfcM8KRY9npmBJaTKDLRXak', 'https://play-lh.googleusercontent.com/KDxXzg0t8CBi7FrQL76ehIzvrxlX2QVvcvPubrB1ms1g3fKGDgqKgjsANha-P-WRx6w', 'https://play-lh.googleusercontent.com/GLmXy2hbaB4W0jRHw3ir3MqBIGKT8cGh9NKzuUmzJKsR-WEogcB9oi9cgBsbMeah1_qk', 'https://play-lh.googleusercontent.com/SDGbnvErraoSOcj-0PpYzScgp0Tapr9XA5NQX35oUQEizzN9caMFDs_82xSK_9fUYA', 'https://play-lh.googleusercontent.com/mA3huuNVfcin8z7A8Xjsfw3Khd0yVN8wPEsV1rCCtnM2QrAOTMkuEC9Y_1jXUBL-jDM', 'https://play-lh.googleusercontent.com/A_PFplZER55Q-JoyFYSHQv0xf1_c-xQ8eHrIBRoe8eeSIQlBYaNbSvF43w3xtp_PKw']","","","0","True","","","Aventura","","","","","Legend Warriors: Battle of God is a classic fighting games with lots of game modes.
In Versus mode, you will choose one and fight the others in 1 vs 1. In Tournament mode, fight with the strongest warriors from different universes. In Story mode, You will be immersed, transformed into z warriors. You transformation to Fighter Z to fight against enormous Dragon bosses, the most dangerous enemy in the universe.
Be the strongest, win and earn rewards!
You will be never defeated, fight to become the Legend Warriors and  take the wish of the dragon god.

FEATURE
✅ 90+ Z Warriors Transform
✅ 10+ Fantastic Maps
✅ 4+ Game Mode
✅ Amazing Effect & Graphic.

New updates coming regulary, enjoy!","Legend Warriors: Battle of God is a classic fighting games with lots of game modes.<br>In Versus mode, you will choose one and fight the others in 1 vs 1. In Tournament mode, fight with the strongest warriors from different universes. In Story mode, You will be immersed, transformed into z warriors. You transformation to Fighter Z to fight against enormous Dragon bosses, the most dangerous enemy in the universe.<br>Be the strongest, win and earn rewards!<br>You will be never defeated, fight to become the Legend Warriors and  take the wish of the dragon god.<br><br>FEATURE<br>✅ 90+ Z Warriors Transform<br>✅ 10+ Fantastic Maps<br>✅ 4+ Game Mode<br>✅ Amazing Effect &amp; Graphic.<br><br>New updates coming regulary, enjoy!","","","","","0","0","4.573034","","","","","","{}","False","False","","[]",""
"Dragon Ball: Z Ultra Goku","Fvrgames.Ltd","4.2","0","0","500.000+","com.saiyan.goku.saiyanbattlez7","","https://play-lh.googleusercontent.com/jTN9VvfN9t73LVYmibKdcGTipQ1CLyJGDL94DD84rD86e0AL9RDhwk_k8lbhHZFspUk","","['https://play-lh.googleusercontent.com/OjPC9jBlNlk0B8CWb3d1HcE9J03qcOYGH3wCkzflRO2T1ow3eHgrYkc5fAm4Fd-PAic0', 'https://play-lh.googleusercontent.com/yaD4cxH9nLmUKqqbwOTUbAqpVsJGbRz8n2x1uwo3bNmaufMawD28KOv3WqjKMsy4Rg', 'https://play-lh.googleusercontent.com/vhXnkGiBJROH7Ceeu0-uPk_auKjNuDh0gDTz3nwVHzK0CrohPaZ8EvlGllmISagmiG8', 'https://play-lh.googleusercontent.com/Zxa-B-6KIMp79bf3agR96baIxXwpcnjAyChUHDot6kbkHLoQfe0ahibCj9WPD_wpxg', 'https://play-lh.googleusercontent.com/-MXOIBlS4efdNfd_DijvbmBlbJ0AbRz0092IK9jqPFmQr6zYqeZT1SzXw-Do8kGr0Ro', 'https://play-lh.googleusercontent.com/jVzPpkRjJIgAZXcIrMB-_zrfflQ2q4nbSZSeKh2eJ96DYy7MXN1dVg5NQkKwGv9Xog', 'https://play-lh.googleusercontent.com/cDruPsCGKyjRPOLnODc9ICcq_oQG0FdH-Xcg9HMapL-uFXUB-kOXGc9ugDRJASWP0oUL', 'https://play-lh.googleusercontent.com/fdBofU-rvkDNI9TjYzJTGrUECllvaY882F2SCuBlNJfW-YXHdr_gFqka2ihR54WQGg', 'https://play-lh.googleusercontent.com/vqyHMXjfG1A7Ry_UehYiGDoQ8ETb7Hblx5kgUhTbBltCrNlnbeLbcj3IRDDWU8FVBA', 'https://play-lh.googleusercontent.com/Swfa73WjYKWMn3Q02ekHLxmEsE-HbUOVkahy_M0iThi-0QUM71ehkgoHzQnH0JmLRsQ', 'https://play-lh.googleusercontent.com/oCJx-ihzNMZqbzCVFf83Na60GTeWi1IkOtQQw5sFjeGrzOEOo5D_5H4Ax38lK-OSsYU', 'https://play-lh.googleusercontent.com/hK9MICJ7I-zaEPzEE9UNUWEd3kurorOmKYPQnZ7w47ub-ksXGYKrG4Q83KYQkZq9x9QT']","","","0","True","","","Ação","","","","","Dragon Ball Z Ultra Goku is one of the best anime-style RPG DBZ fighting games — a super fighting DBZ game based on the popular anime series loved by millions worldwide. If you are a Dragon Ball Z games fan, you can enjoy this game with its intuitive controls and ultimate attack gameplay and it is Offline game, mixed with retro-style 2D animation and visuals of DBZ's fantastic power effects.

""Dragon Ball: Z Ultra Battle"" lets you enter fast-paced anime action battles alongside the Z Fighters from the Dragon Ball universe. The epic anime-like RPG battles also feature simple yet addictive gameplay, combined with pixelated and 2D effects. In this game, you play as legendary Dragon Ball warriors such as Kakarot, Vegeta, Broly, Gohan, Goku Black, or other Z Fighters to fight all the villains from (Z / KAI / GT).

That lets you enjoy the Sparking Battles experience on your mobile device! Among these enemies and villains are Frost, Frieza, Cell, Black Goku, Majin Buu, and many others… and there are super transformations and fusion tap mechanics of DRAGON BALL CHARACTERS, similar to classic arcade battle games.

While playing, you can awaken DB characters' potentials to power them up in battle by collecting rewards and coins to unlock more skills and Saiyan super transformations: power up and increase your power degree, recovery, throwing Ki blasts, Super Kamehameha, Death Beams... etc. Upgrade your heroes to become the strongest warrior in the galaxy!

---- Features ----

Official characters – play as Goku, Vegeta, Piccolo, and more

All Saiyan transformations, including Super Saiyan Blue and Ultra Instinct

Many selectable and playable characters from the Dragon Ball anime universe

Unique skills and combos 

Pixelated and 2D graphics for DBZ fans who love retro anime games","Dragon Ball Z Ultra Goku is one of the best anime-style RPG DBZ fighting games — a super fighting DBZ game based on the popular anime series loved by millions worldwide. If you are a Dragon Ball Z games fan, you can enjoy this game with its intuitive controls and ultimate attack gameplay and it is Offline game, mixed with retro-style 2D animation and visuals of DBZ&#39;s fantastic power effects.<br><br>&quot;Dragon Ball: Z Ultra Battle&quot; lets you enter fast-paced anime action battles alongside the Z Fighters from the Dragon Ball universe. The epic anime-like RPG battles also feature simple yet addictive gameplay, combined with pixelated and 2D effects. In this game, you play as legendary Dragon Ball warriors such as Kakarot, Vegeta, Broly, Gohan, Goku Black, or other Z Fighters to fight all the villains from (Z / KAI / GT).<br><br>That lets you enjoy the Sparking Battles experience on your mobile device! Among these enemies and villains are Frost, Frieza, Cell, Black Goku, Majin Buu, and many others… and there are super transformations and fusion tap mechanics of DRAGON BALL CHARACTERS, similar to classic arcade battle games.<br><br>While playing, you can awaken DB characters&#39; potentials to power them up in battle by collecting rewards and coins to unlock more skills and Saiyan super transformations: power up and increase your power degree, recovery, throwing Ki blasts, Super Kamehameha, Death Beams... etc. Upgrade your heroes to become the strongest warrior in the galaxy!<br><br>---- Features ----<br><br>Official characters – play as Goku, Vegeta, Piccolo, and more<br><br>All Saiyan transformations, including Super Saiyan Blue and Ultra Instinct<br><br>Many selectable and playable characters from the Dragon Ball anime universe<br><br>Unique skills and combos <br><br>Pixelated and 2D graphics for DBZ fans who love retro anime games","","","","","0","0","4.18","","","","","","{}","False","False","","[]",""
"Goku","Glister Soft","","0","0","5.000+","com.glistersoft.goku","","https://play-lh.googleusercontent.com/5xiay-Kr63saaMme8BO2nP2ja-uriCcDoydZfVfKg9L42XA8vsY_rX-cHhi4pllcAhM","","['https://play-lh.googleusercontent.com/sEPhFP-jTq0EQhIET0e8lI7O0vwqm76LsFjeCvpxtLnoGQOt9FAzl63C1naBzcs2Z8Bk', 'https://play-lh.googleusercontent.com/w4QTkEXyt-F08TvrbwiRYq85rC6wkb7nyiXMvWDIY2Rui4zc89GoMpG_7nzrKbtZVkGN', 'https://play-lh.googleusercontent.com/tN0o7MxR4gvL62lK-sQ26c8odbGbg8FzVzd5pferfub6cvMqOW64UXGxi-ox32K4pv0', 'https://play-lh.googleusercontent.com/iXI8T0Rf1SYM80MvYA0Ugrm2E0hY0yx8mo06ytzPQ6DQnDLgxAdlIzRDeycCfrUXQOw', 'https://play-lh.googleusercontent.com/NxIumeos37Ua80TzOdXX1rsMt52QYlRfSlvhr3wtnmxcd81DTiiC1KyarzsdVT5Htg', 'https://play-lh.googleusercontent.com/6Y9LxE2uYxzLxEejUHUrLF1Ld6qCmDp2N8C3QSl3jycBweYycIcdazoyIWbXEyL8w-Q', 'https://play-lh.googleusercontent.com/n4JpDZrEIbOEPBcYdQSP731raGgdBFWbaPl6m2ltJPHhc9l_YU-hSW_QGGhe7TxxvQ', 'https://play-lh.googleusercontent.com/oXQxAYjRyLwFHr9gbXRzbjRJF41yqaK2fk0_IUcBcoECaHu40HjDY6-4PVt-LwRKtB0', 'https://play-lh.googleusercontent.com/4xuZxef_YyGy_HNeEHxs0hPVmRczEpLWIZn_7jWNw2mVFDOvdmUfDGbS9lWjJ8sJLi4', 'https://play-lh.googleusercontent.com/P8prlETjTs1wOpoJlReHmklcJfw9AHAzKNwVmYhfsNJf-GpjZ6h3D43L1sWnqA24Fxg', 'https://play-lh.googleusercontent.com/-z0oDzrqXbups4z2RMeWCiSeXNYlQPxim0sxCL6JNF9iPCsWWd5udUNNkSzTxJISL_5Y', 'https://play-lh.googleusercontent.com/UsJEM4Te98fTIP-CEk1laj4eRo8DfUrciVOu9r3RA2RceqUxRPZD0URn7LnNFceCDNg', 'https://play-lh.googleusercontent.com/4Nyc6Y5xiYebBPMU5IIblDvexmZMgDD0O_JDknSSl9KRczkNs8hh2FkRUziR8IkuzmU']","https://www.youtube.com/embed/EZ2sGTSKCpo?ps=play&vq=large&rel=0&autohide=1&showinfo=0","https://i.ytimg.com/vi/EZ2sGTSKCpo/hqdefault.jpg","0","True","","","Aventura","","","","","Looking for a thrilling adventure game that will keep you on the edge of your seat? Look no further than Goku, the ultimate adventure game!

In this epic game, you'll take on the role of Goku, a fearless adventurer on a quest to save yourself from evil forces. With your incredible powers and amazing abilities, you'll face off against all manner of foes, from giant monsters to evil wizards and everything in between.

As you journey through the vast, beautifully rendered world of Goku, you'll explore dark forests, uncovering secrets along the way. With stunning graphics and immersive gameplay, Goku will transport you to a world of adventure and excitement unlike any other.

So what are you waiting for? Download Goku now and embark on the adventure of a lifetime!","Looking for a thrilling adventure game that will keep you on the edge of your seat? Look no further than Goku, the ultimate adventure game!<br><br>In this epic game, you&#39;ll take on the role of Goku, a fearless adventurer on a quest to save yourself from evil forces. With your incredible powers and amazing abilities, you&#39;ll face off against all manner of foes, from giant monsters to evil wizards and everything in between.<br><br>As you journey through the vast, beautifully rendered world of Goku, you&#39;ll explore dark forests, uncovering secrets along the way. With stunning graphics and immersive gameplay, Goku will transport you to a world of adventure and excitement unlike any other.<br><br>So what are you waiting for? Download Goku now and embark on the adventure of a lifetime!","","","","","0","0","","","","","","","{}","False","False","","[]",""
"DRAGON BALL GEKISHIN SQUADRA","Bandai Namco Entertainment Inc.","4.1","0","0","1.000.000+","com.bandainamcoent.dbgekishinsquadra","","https://play-lh.googleusercontent.com/Xj9OIfVauA_SYrHO19xQ4NRzE826gDOJZM56NVL_Yc1HjYyEkvSAWJCNG7DpDlWMX6TfO8-jFyGOr449cemmTA","","['https://play-lh.googleusercontent.com/N6EeS0aYoG9B_AXQyoHQ5R37PsrUkVHtpHz8jzxQtnRXQV7GisLOy3WHnl7UQMtMal0MPiPCuYVOtMcvUkcA', 'https://play-lh.googleusercontent.com/W1bcY5XnvLGAONcr8UVo3ar2PiOw7NBoiA7-SHgJlHrhbVMlTfja4zz1N0EmcxBEgjrBHTryYw0GywR-ZW1ezXE', 'https://play-lh.googleusercontent.com/uVHcf0__Zcp0dA6tNvrdkiuHudJVHWAoTe15LAaGkjPd0yyAyJrFnpEW2nXRORUzzw38iao0qZ14_aOcuOw0yA', 'https://play-lh.googleusercontent.com/Trqm7BKIXeuKrRBIPd6KxfBx_BGKq6PQTBDxjD4hOabrEi4W9pfzlVr1Nju5UZ9ADjyQyNeR1ZvE6ZX-8pOMzg', 'https://play-lh.googleusercontent.com/MFHoUsc2s1AT7eijCtbjdsTv5IhOrqR32E18gn3eOSX0Grk3WzOJmm8KnlKgguh9xsIOW7PpWGJn3EAqqyMnUg', 'https://play-lh.googleusercontent.com/NvQLK0chPWNMSIRYM_pKv2m_rK8oRbPIcJTMXl-kcWMPM7wVqbcwsBeyxsW9qD5LydfbRiaRTdW_0zHvPfRHNQ', 'https://play-lh.googleusercontent.com/a9MASLaqm1lGkFWafEcq_IFHjNXnKCQNoRavVqJNiaCvKGYSJVSSVLxh3abinqLZKO0h9_rPeaFeNpAwxdhM', 'https://play-lh.googleusercontent.com/H4umPcwhDpHbcFkPhZkkKnBc3CAueBsXbgV3Gkir8PILzt7V2y6Hj7oly-EBVLAd0Prax7-8MSebyEDiIOj-HQ', 'https://play-lh.googleusercontent.com/N6EeS0aYoG9B_AXQyoHQ5R37PsrUkVHtpHz8jzxQtnRXQV7GisLOy3WHnl7UQMtMal0MPiPCuYVOtMcvUkcA', 'https://play-lh.googleusercontent.com/W1bcY5XnvLGAONcr8UVo3ar2PiOw7NBoiA7-SHgJlHrhbVMlTfja4zz1N0EmcxBEgjrBHTryYw0GywR-ZW1ezXE', 'https://play-lh.googleusercontent.com/uVHcf0__Zcp0dA6tNvrdkiuHudJVHWAoTe15LAaGkjPd0yyAyJrFnpEW2nXRORUzzw38iao0qZ14_aOcuOw0yA', 'https://play-lh.googleusercontent.com/Trqm7BKIXeuKrRBIPd6KxfBx_BGKq6PQTBDxjD4hOabrEi4W9pfzlVr1Nju5UZ9ADjyQyNeR1ZvE6ZX-8pOMzg', 'https://play-lh.googleusercontent.com/MFHoUsc2s1AT7eijCtbjdsTv5IhOrqR32E18gn3eOSX0Grk3WzOJmm8KnlKgguh9xsIOW7PpWGJn3EAqqyMnUg', 'https://play-lh.googleusercontent.com/NvQLK0chPWNMSIRYM_pKv2m_rK8oRbPIcJTMXl-kcWMPM7wVqbcwsBeyxsW9qD5LydfbRiaRTdW_0zHvPfRHNQ', 'https://play-lh.googleusercontent.com/a9MASLaqm1lGkFWafEcq_IFHjNXnKCQNoRavVqJNiaCvKGYSJVSSVLxh3abinqLZKO0h9_rPeaFeNpAwxdhM', 'https://play-lh.googleusercontent.com/H4umPcwhDpHbcFkPhZkkKnBc3CAueBsXbgV3Gkir8PILzt7V2y6Hj7oly-EBVLAd0Prax7-8MSebyEDiIOj-HQ', 'https://play-lh.googleusercontent.com/N6EeS0aYoG9B_AXQyoHQ5R37PsrUkVHtpHz8jzxQtnRXQV7GisLOy3WHnl7UQMtMal0MPiPCuYVOtMcvUkcA', 'https://play-lh.googleusercontent.com/W1bcY5XnvLGAONcr8UVo3ar2PiOw7NBoiA7-SHgJlHrhbVMlTfja4zz1N0EmcxBEgjrBHTryYw0GywR-ZW1ezXE', 'https://play-lh.googleusercontent.com/uVHcf0__Zcp0dA6tNvrdkiuHudJVHWAoTe15LAaGkjPd0yyAyJrFnpEW2nXRORUzzw38iao0qZ14_aOcuOw0yA', 'https://play-lh.googleusercontent.com/Trqm7BKIXeuKrRBIPd6KxfBx_BGKq6PQTBDxjD4hOabrEi4W9pfzlVr1Nju5UZ9ADjyQyNeR1ZvE6ZX-8pOMzg', 'https://play-lh.googleusercontent.com/MFHoUsc2s1AT7eijCtbjdsTv5IhOrqR32E18gn3eOSX0Grk3WzOJmm8KnlKgguh9xsIOW7PpWGJn3EAqqyMnUg', 'https://play-lh.googleusercontent.com/NvQLK0chPWNMSIRYM_pKv2m_rK8oRbPIcJTMXl-kcWMPM7wVqbcwsBeyxsW9qD5LydfbRiaRTdW_0zHvPfRHNQ', 'https://play-lh.googleusercontent.com/a9MASLaqm1lGkFWafEcq_IFHjNXnKCQNoRavVqJNiaCvKGYSJVSSVLxh3abinqLZKO0h9_rPeaFeNpAwxdhM', 'https://play-lh.googleusercontent.com/H4umPcwhDpHbcFkPhZkkKnBc3CAueBsXbgV3Gkir8PILzt7V2y6Hj7oly-EBVLAd0Prax7-8MSebyEDiIOj-HQ', 'https://play-lh.googleusercontent.com/g0UESbrODVBhcxzcaeF494snKj63nI5Q2luC2jV9sh4q_86gU5m6REamrJBN_qGosqih']","https://www.youtube.com/embed/YVxUEGaURPE?ps=play&vq=large&rel=0&autohide=1&showinfo=0","https://i.ytimg.com/vi/YVxUEGaURPE/hqdefault.jpg","0","True","","","Ação","","","","","[Está disponível o jogo de luta em equipe de Dragon Ball!]

◆Controle personagens nas batalhas em equipes 4x4
Sinta-se livre para avançar sozinho ou conquistar a base inimiga com seus companheiros!
Tenha o controle de Heróis que evoluem durante a partida, e acabe com os jogadores adversários e chefões!

◆Escolha entre 3 funções e jogue!
Dano, que tem especialização extrema em ataque; Tanque, que será o escudo do time; ou Técnico, que possui diversos meios para auxiliar os aliados e sabotar as ações dos inimigos.
Inúmeros Heróis únicos estão disponíveis para cumprir essas funções!

◆Personalização
É possível personalizar livremente não só a aparência dos Heróis, mas também as animações e efeitos visuais.
Há diversas opções, desde as cenas de entrada até os golpes finais.

◆Multiplataforma
Forme equipes com seus amigos e jogue com pessoas do mundo inteiro através do seu celular, console ou PC. É possível conectar sua conta e progresso em múltiplos dispositivos.

SUPORTE:
https://bnfaq.channel.or.jp/title/3169

Site da Bandai Namco Entertainment Inc.:
https://bandainamcoent.co.jp/english/

Ao baixar ou instalar este aplicativo, você concorda com os Termos de Serviço da Bandai Namco Entertainment.

Termos de Serviço:
https://legal.bandainamcoent.co.jp/terms/
Política de Privacidade:
https://legal.bandainamcoent.co.jp/privacy/

©BIRD STUDIO/SHUEISHA, TOEI ANIMATION
©Bandai Namco Entertainment Inc.

This application is distributed under the official rights from the license holder.","[Está disponível o jogo de luta em equipe de Dragon Ball!]<br><br>◆Controle personagens nas batalhas em equipes 4x4<br>Sinta-se livre para avançar sozinho ou conquistar a base inimiga com seus companheiros!<br>Tenha o controle de Heróis que evoluem durante a partida, e acabe com os jogadores adversários e chefões!<br><br>◆Escolha entre 3 funções e jogue!<br>Dano, que tem especialização extrema em ataque; Tanque, que será o escudo do time; ou Técnico, que possui diversos meios para auxiliar os aliados e sabotar as ações dos inimigos.<br>Inúmeros Heróis únicos estão disponíveis para cumprir essas funções!<br><br>◆Personalização<br>É possível personalizar livremente não só a aparência dos Heróis, mas também as animações e efeitos visuais.<br>Há diversas opções, desde as cenas de entrada até os golpes finais.<br><br>◆Multiplataforma<br>Forme equipes com seus amigos e jogue com pessoas do mundo inteiro através do seu celular, console ou PC. É possível conectar sua conta e progresso em múltiplos dispositivos.<br><br>SUPORTE:<br>https://bnfaq.channel.or.jp/title/3169<br><br>Site da Bandai Namco Entertainment Inc.:<br>https://bandainamcoent.co.jp/english/<br><br>Ao baixar ou instalar este aplicativo, você concorda com os Termos de Serviço da Bandai Namco Entertainment.<br><br>Termos de Serviço:<br>https://legal.bandainamcoent.co.jp/terms/<br>Política de Privacidade:<br>https://legal.bandainamcoent.co.jp/privacy/<br><br>©BIRD STUDIO/SHUEISHA, TOEI ANIMATION<br>©Bandai Namco Entertainment Inc.<br><br>This application is distributed under the official rights from the license holder.","","","","","0","0","4.106545","","","","","","{}","False","False","","[]",""
"Super Saiyan Death Of Warriors","MJ27-STUDIO","3.6","0","0","1.000.000+","com.hops.plue","","https://play-lh.googleusercontent.com/TjAieGCFkOE01y99LoUgqWHFuriOnMqTAXoeHI1Yg6x3YUtM7Na0gndbY57Vx_NYI6mt4JD1L0d4SJSrvwi10hg","","['https://play-lh.googleusercontent.com/GB635mnboWaxFtQdsHwBVnxQ0h1qM0uskyibm1w6Wl2LySiHrZPfxksQJivfmom7YhU', 'https://play-lh.googleusercontent.com/vSBv-5OHthnb5uEawhmQ6XlfMKrC9Z3bD0wsl2qKHvC9Y3rwcE4xTVF0aY4BCkOPT7Eq', 'https://play-lh.googleusercontent.com/QZBHaPVg69JXgBFNuqTTd1OHCBJLD2JJncYQ66VEPmfNMfTav_zeS9vnIejBfC7wYMc', 'https://play-lh.googleusercontent.com/3bWrGN3LHHDuGHoV-3HcR_UBtRKMWb7Q-ZUciNXLuuC0j3fbKFvEwpRMJgQ7QoD0GYM', 'https://play-lh.googleusercontent.com/wudB5v1dDPW1-d7MhTjsXUH8Pvs5GYo5REAe6uFowho390KBmPzYpVE7tDeyv8bx3miv', 'https://play-lh.googleusercontent.com/hKk7ly-pXExa8K02nTqG30o5k5MnsSDJ-moQwO6vI61op8hfPp1YeTjl6IjH3Vk7xn8', 'https://play-lh.googleusercontent.com/goX8ORg9J9Lj6kHeamRG_-0WjmnmoqxamedvlQZItVhvkqpnJs4k3kM5ABY7AcUHKxb8', 'https://play-lh.googleusercontent.com/xVN05zl7QDouMEs0hqhHhNeerI7iIn_U87FOTSwglbjxVJSOF7kqcrN6ig2Few-6Xhcq', 'https://play-lh.googleusercontent.com/Qv98ju903UheKJP80vAhOeaxrRmMdTUO8-5m3MVzeneES5wIAJZtVN-AgUvUv-m2rgfN', 'https://play-lh.googleusercontent.com/a5J36__iXtOoN9U0mJDmS2YTjvF7ybgKw4082rScnSaTgPtxGT5i-qma52yIp8sO', 'https://play-lh.googleusercontent.com/7wT6smJBzyeCsrMMX42afRUrBnzKJBRA7OWjUdC4DSbSQRPDUeRAeJ4Uk0h3jUieqlZT', 'https://play-lh.googleusercontent.com/hrxWLVxvEiialkqPlBlfr1oodQEaHIbRIe0nBT9zc2UqN4_hUH40bK1qFfjjsrmNDeU', 'https://play-lh.googleusercontent.com/6yhHNKVfKCYw0r_RPN2JEz3OOSrW2nZiNxSqmyw3uJ4mkxaI_yM78SpCRdZMgkm05FXe', 'https://play-lh.googleusercontent.com/3Jyyn5vVc_LdyZeK1-buTa87MZn2EHRKgIqpc9q1w_n2f9V1cSlvPQsjW4XVjFH2lJn4Fjmh0prQlVZt0JAARg']","","","0","True","","","Ação","","","","","Are you ready to step into the electrifying world of Dragon Ball Z and test your combat prowess in thrilling 1 vs 1 battles? Experience the ultimate clash of power, strategy, and legendary characters in our action-packed Dragon Ball Z Fighter game!

🌟 Key Features:

👊 Iconic DBZ Characters: Choose from a roster of legendary Dragon Ball Z heroes and villains, each with unique abilities and signature moves. Master Goku's Kamehameha, unleash Vegeta's Galick Gun, and more!

🔥 Dynamic Combat: Engage in heart-pounding, real-time 1 vs 1 battles with intuitive touch controls. Execute devastating combos and special attacks to overpower your opponents.

💥 Stunning Graphics: Immerse yourself in the stunning world of Dragon Ball Z with high-quality, 3D visuals and authentic character designs.

🏆 Competitive Gameplay: Rise through the ranks in competitive tournaments and leagues. Prove your skills and become the ultimate DBZ champion!

🌍 Multiplayer Duels: Challenge friends or players from around the world to epic PvP duels. Show off your strategic prowess and climb the leaderboards.

👑 RPG Elements: Enhance your character's abilities, level up, and unlock new transformations to become even more powerful.

    Dragon Ball Z fighting game
    1 vs 1 battles
    DBZ character combat
    Epic DBZ duels
    Goku, Vegeta, and more
    Real-time PvP
    3D graphics
    Multiplayer tournaments
    Power-up your hero
    Legendary DBZ moves

Step into the world of Dragon Ball Z like never before and prepare for epic battles that will push your skills to the limit! Download now and become the ultimate Saiyan warrior in Dragon Ball Z Fighter!


🔥 Get ready to Kamehameha your way to victory! 🔥

This description highlights key features of the game, includes relevant keywords for search optimization, and provides links to the game's website and social media pages for engagement with players. Adjust the content and keywords as needed to suit your specific game and target audience.","Are you ready to step into the electrifying world of Dragon Ball Z and test your combat prowess in thrilling 1 vs 1 battles? Experience the ultimate clash of power, strategy, and legendary characters in our action-packed Dragon Ball Z Fighter game!<br><br>🌟 Key Features:<br><br>👊 Iconic DBZ Characters: Choose from a roster of legendary Dragon Ball Z heroes and villains, each with unique abilities and signature moves. Master Goku&#39;s Kamehameha, unleash Vegeta&#39;s Galick Gun, and more!<br><br>🔥 Dynamic Combat: Engage in heart-pounding, real-time 1 vs 1 battles with intuitive touch controls. Execute devastating combos and special attacks to overpower your opponents.<br><br>💥 Stunning Graphics: Immerse yourself in the stunning world of Dragon Ball Z with high-quality, 3D visuals and authentic character designs.<br><br>🏆 Competitive Gameplay: Rise through the ranks in competitive tournaments and leagues. Prove your skills and become the ultimate DBZ champion!<br><br>🌍 Multiplayer Duels: Challenge friends or players from around the world to epic PvP duels. Show off your strategic prowess and climb the leaderboards.<br><br>👑 RPG Elements: Enhance your character&#39;s abilities, level up, and unlock new transformations to become even more powerful.<br><br>    Dragon Ball Z fighting game<br>    1 vs 1 battles<br>    DBZ character combat<br>    Epic DBZ duels<br>    Goku, Vegeta, and more<br>    Real-time PvP<br>    3D graphics<br>    Multiplayer tournaments<br>    Power-up your hero<br>    Legendary DBZ moves<br><br>Step into the world of Dragon Ball Z like never before and prepare for epic battles that will push your skills to the limit! Download now and become the ultimate Saiyan warrior in Dragon Ball Z Fighter!<br><br><br>🔥 Get ready to Kamehameha your way to victory! 🔥<br><br>This description highlights key features of the game, includes relevant keywords for search optimization, and provides links to the game&#39;s website and social media pages for engagement with players. Adjust the content and keywords as needed to suit your specific game and target audience.","","","","","0","0","3.591133","","","","","","{}","False","False","","[]",""
"Stickman Dragon Fight","Azura Global","4.4","0","0","50.000.000+","com.stickman.dragon.fight.stick.warriors.stickmanwarriors","","https://play-lh.googleusercontent.com/olYpyfthN-hVfWzeAY3C2RvlG6ki_4q_7qdq5v_4PtE6cgqhTXSvgp9pfqqUam0i3GE","","['https://play-lh.googleusercontent.com/-NozOYBMZc5TOTmGXPDuuILOiYjFOhT00BEt9GGmiRUfEq3HS0aL5Lowcx8kxlU22g', 'https://play-lh.googleusercontent.com/B6XQ-D_Sj6LPC5mEe3u337rftIIY9t9S-uw31C-ycu_wqUdtx0qOTWmCaiKKdfsR0g', 'https://play-lh.googleusercontent.com/hs0IJEAInV9auju2MpnyJNUkRVMxSovTYU6WsmnQaCHbzNQgmGiG51qPYY8xMxz2bBPu', 'https://play-lh.googleusercontent.com/VjpRYR6yNqSKhmB8F4mUDHRDyEQHviIjMDY4gsX2AkGEJ3heqDWzBpdny6eAtqnHbmc', 'https://play-lh.googleusercontent.com/r5bp2DAOQk0GY-9lW559EyoZVLy4F-VX5MYtEWKieYLu1sWFPgBvWs5Prt4Kd3htGIA', 'https://play-lh.googleusercontent.com/Gvfrxy38OrNzbWC-Toas-m5NWlr_0c2e-dWwbks_0UxYVObYWs-5fQh7JYyu98XK6aI', 'https://play-lh.googleusercontent.com/9ZWnniFuNAth5eIKonZ7M8LfKt_ljFzVw75oVkAtLN3wmY4DMZijWzXOhYxOrKXFJpdk', 'https://play-lh.googleusercontent.com/y9D3JurDh3dfZKMYlUgqjCSLQDBJT8SAP7CkMHUeyJUpIkGDg2VQjH9jynrz-_aFvU4', 'https://play-lh.googleusercontent.com/xk_8DN0CECNHaCt2psLDdUsCycS7r0R6orXSWPQdguP3cV2c5IaNq93v9IAitvjiGlY']","https://www.youtube.com/embed/TXUQkZCaSVA?ps=play&vq=large&rel=0&autohide=1&showinfo=0","https://i.ytimg.com/vi/TXUQkZCaSVA/hqdefault.jpg","0","True","","","Ação","","","","","You are a fan of role playing games? You like it to be stickman games? <b>Welcome to Stickman Dragon Fight - Super Stick Warriors!</b>

You will find it so much fun to experience this simple but interesting gameplay. All you need to do is dodge, jump, power your ki, perform basic and 3 advanced skills, transform your hero into an ultra instinct then fight against invaders. The control is so simple that you will be amazed at how attracting the sound effects and graphics are.

The game integrates some features that make the gaming experience more comfortable than ever:
⚡ Completely free
⚡ No network connection required

<b>OTHER SPECIAL FEATURES:</b>

<b>Phenomenal 3v3 stick fights</b>
There are not only traditional 1 vs. 1 fights but also interesting 3 vs 3 fights in Stickman Dragon Fight - Super Stick Warriors. You can team up easily with 2 more heroes to fight against a team of three other heroes in Versus mode, or 16 teams of three in Tournament mode.

<b>A large collection of the strongest fighters</b>
👊 Win battles, get rewards to unlock the more than 100 fighters
👊 Try out new characters, practice fighting skills in training mode before deciding which characters to unlock
👊 Roleplay as villains and protagonists, explore the power and experience their unique powers and eye-catching performances of each super stick warriors of the Universe.

<b>Missions and Rewards</b>
👊 There are 3 interesting modes to play:
- Story mode: Go on a long journey to discover every single corner in the world, to search for the enemies, get into many fantastic playgrounds to defeat them and save people
- Versus mode: Face your favorite opponent in an intense fight and try to prove your skills and powers
- Tournament mode: 16 finest heroes or teams will fight in the tournament. Who stands the ground until the end will be the glorious winner.
👊 The spin is free and its rewards are attracting such as gold or even a character
👊 Lots of daily quests and milestones to complete that come with rewards
👊 Receive free gifts are available at any time

Let’s download <b>Stickman Dragon Fight - Super Stick Warriors</b> and enter into the arena to fight for your team of heroes and humans on the Earth!

Our developers will continuously update more characters, storylines and refine the product to deliver a brilliant gaming experience for you and your friends!
If you need any technical support or would like to send us some suggestions to improve the game, please contact us via:
FANPAGE: https://www.facebook.com/StickmanDragonFight/
EMAIL: azura.infor@gmail.com","You are a fan of role playing games? You like it to be stickman games? <b>Welcome to Stickman Dragon Fight - Super Stick Warriors!</b><br><br>You will find it so much fun to experience this simple but interesting gameplay. All you need to do is dodge, jump, power your ki, perform basic and 3 advanced skills, transform your hero into an ultra instinct then fight against invaders. The control is so simple that you will be amazed at how attracting the sound effects and graphics are.<br><br>The game integrates some features that make the gaming experience more comfortable than ever:<br>⚡ Completely free<br>⚡ No network connection required<br><br><b>OTHER SPECIAL FEATURES:</b><br><br><b>Phenomenal 3v3 stick fights</b><br>There are not only traditional 1 vs. 1 fights but also interesting 3 vs 3 fights in Stickman Dragon Fight - Super Stick Warriors. You can team up easily with 2 more heroes to fight against a team of three other heroes in Versus mode, or 16 teams of three in Tournament mode.<br><br><b>A large collection of the strongest fighters</b><br>👊 Win battles, get rewards to unlock the more than 100 fighters<br>👊 Try out new characters, practice fighting skills in training mode before deciding which characters to unlock<br>👊 Roleplay as villains and protagonists, explore the power and experience their unique powers and eye-catching performances of each super stick warriors of the Universe.<br><br><b>Missions and Rewards</b><br>👊 There are 3 interesting modes to play:<br>- Story mode: Go on a long journey to discover every single corner in the world, to search for the enemies, get into many fantastic playgrounds to defeat them and save people<br>- Versus mode: Face your favorite opponent in an intense fight and try to prove your skills and powers<br>- Tournament mode: 16 finest heroes or teams will fight in the tournament. Who stands the ground until the end will be the glorious winner.<br>👊 The spin is free and its rewards are attracting such as gold or even a character<br>👊 Lots of daily quests and milestones to complete that come with rewards<br>👊 Receive free gifts are available at any time<br><br>Let’s download <b>Stickman Dragon Fight - Super Stick Warriors</b> and enter into the arena to fight for your team of heroes and humans on the Earth!<br><br>Our developers will continuously update more characters, storylines and refine the product to deliver a brilliant gaming experience for you and your friends!<br>If you need any technical support or would like to send us some suggestions to improve the game, please contact us via:<br>FANPAGE: https://www.facebook.com/StickmanDragonFight/<br>EMAIL: azura.infor@gmail.com","","","","","0","0","4.4422603","","","","","","{}","False","False","","[]",""
"Legendary Tournament - Online","NikaruFL","4.6","0","0","500.000+","com.nikarufl.legendarywarriors","","https://play-lh.googleusercontent.com/YphmNJ8pHAFvY-vIVPhiIcfQVSvoQs3NHZTcodllcXbe2jfWA-W2bZXaDoZMjlL9T5ba","","['https://play-lh.googleusercontent.com/0tYdSpQguy1UfQZlWpx4A7WhBfeNwDnr8vyiskvbYqBUMxbEOg2q1DDQ_ULpMj6LlA', 'https://play-lh.googleusercontent.com/Hxpg7LW7a-ZE_CYuvYf3FmVYHgnmsM7AnbF6pNO657ynnm_pb2qqRPo_3ayNRfnfrQ', 'https://play-lh.googleusercontent.com/mRkdcmz961MB5yuEFyg37Tn8thwOgfoFjgr7CEP3YaAJfjA21Ckn-TTKVhOZ343u4A', 'https://play-lh.googleusercontent.com/fYEzwlWYJMLfz78HjbEL9ZKWRRJlms9heBiLCZdOspNqfYkMXtwFDI0DgXAgTdIe4Q', 'https://play-lh.googleusercontent.com/UlfZqi7hzMOro3xdE-I7UdRDDNrIxB6AZ8zzJQ1QiZ1aF0PBOqmYUm5mURDRe6dy5w', 'https://play-lh.googleusercontent.com/iHSvbmPgt9jUJmktImHgXtmMHyFQcW5CFcvYm5i2zV2Xp6xQpqD9IJzWWWKXzPrf2g', 'https://play-lh.googleusercontent.com/A0yGDVPqkE1x-m4eOqWZbXlMR6GtABgKMKdLFfFpBBBvgpyHcmYLYMpoh6Jd9grgkQ', 'https://play-lh.googleusercontent.com/YH81kuzI9VjCImn_6PbKpbezme5N0BFna_4c78b1nounCl3Mi6H-m38mMm-1iPcw-Nc', 'https://play-lh.googleusercontent.com/_y_oEWdC88H8pnJFN33IbUyKTzq8d3Vi_o9d1-xTFjPS4WyMA87lINxCco-YVCY8Gs8', 'https://play-lh.googleusercontent.com/KUHQos9zmJ_mukzn2e9SH_YFdkBxdNm-HKYgW2vyz7SIqjQNIZNCqqI2bZWgw0Qt2OOY', 'https://play-lh.googleusercontent.com/vhGIFcjscKaXyhtJEx63lQ5AVDRxldOxtto0VpaJXBr6IRPYHkfAUh79DDabL0Ygksjn', 'https://play-lh.googleusercontent.com/JEUbp2LIPlOn3nVL8Y0x_MExyW1xqe-qTHc0lXxZ0GcIMvsLKLEI93GsFWsVJ6sNm6qD', 'https://play-lh.googleusercontent.com/TqOnHv_QFYGLHdjKjMKHS5TGJJkJlI_ehjU-tGCziPQoi5usGa_kl5zzUMO65dbR5A']","","","0","True","","","Casuais","","","","","Join the amazing battle with the warriors in many gamemodes, tournament, singleplayer and multiplayer online!

Fight in the tourney and win to obtain many rewards!

Amazing game effects and mechanics to do combos, dodge attacks, teleport, throw skills and more!

Battles up to 8 characters at the same time and 4 teams!","Join the amazing battle with the warriors in many gamemodes, tournament, singleplayer and multiplayer online!<br><br>Fight in the tourney and win to obtain many rewards!<br><br>Amazing game effects and mechanics to do combos, dodge attacks, teleport, throw skills and more!<br><br>Battles up to 8 characters at the same time and 4 teams!","","","","","0","0","4.5765767","","","","","","{}","False","False","","[]",""
"Super Stickman Dragon Warriors","LEMON Studio","4.4","0","0","10.000.000+","com.stickmanwarriors.stickmandragon.stickfighter","","https://play-lh.googleusercontent.com/tG56Xnuh2DMv7Dh_AsYIrXT9jYmLqGeCeJ4GO_EzW_-F-S71W7AsSz4E7NMkU9sxvg","","['https://play-lh.googleusercontent.com/Fx-nl9dQxuAgXiSsULe46cweQOH6JI2tENtGvCQWRE79z-9jCo9vhblr7ZWTDpkk6ko', 'https://play-lh.googleusercontent.com/Jv6CGYQiqmp5laWb9SROyKE6rtqtmzCB3WeHhTt7SudWF3wXikEAQZTpx_e319Cp0g', 'https://play-lh.googleusercontent.com/xnPfd8Gsc9eFTiURC_jFm8N-Cly79s89geUPgo8YdW9j9FG1qXpa2Q7GdqomiXwpgec', 'https://play-lh.googleusercontent.com/wJG_G38GdN3nxxPrj2ckxhMY9GZ1LT9yUih4ll4ViA4REalTw3jH3pi-z8Nb9qtsl1s', 'https://play-lh.googleusercontent.com/vZIPyQ6uige6kI8m2R80yYUM2wbY7CRwxOie_vOR-lFWBWMBkkC2zLktuHwDteaEyA8', 'https://play-lh.googleusercontent.com/rKfHe4s-C7rZbjWkkYuG_dG9eiyP3jBVITsWRMV6mMWXW27LpFA4qnaPJUHyBlDvjJw', 'https://play-lh.googleusercontent.com/NgkTBiaZSzWUVEPK5u_xkRzAQ2xsL7zL4M5mB501mOQPUhj2AlelReSWFOtvi_cqowAZ', 'https://play-lh.googleusercontent.com/nX_OQwlCO1TVrBMdVOkZHkd61dpNYfKQ903k7cuO8nRx-mNy8AZyDwgXDdI8lw_SozWA', 'https://play-lh.googleusercontent.com/XLd8YelRwGRHSJUvv1h8JR1_I7tOAPeBcJFj--tRDS9_kh6IOYIs7ukE0woUGM0plFo', 'https://play-lh.googleusercontent.com/vTgRUSeIvnklDX1E8WQcy71co-l_XaHsygpingEEc1emgc6o7Lft9ssx5lPrnqOWp5U', 'https://play-lh.googleusercontent.com/yIzszH7lMa3hmEfFDPbr1oAg6j3yY6hP_Uyf3lzMyzODX4O12ff2N9VABEfDGfna2Q0', 'https://play-lh.googleusercontent.com/xVdNH451Tm0qRpcLVF6OynRBOxngknhmSfqiK7cp5stubyu1G6zKn5ocSMKmSSJ5FJI', 'https://play-lh.googleusercontent.com/EhiHihgfxfCIgM-KXcNfXCfnhjCUyk0l4pm3wqQYGmUJVzTdapbVxP3d-DiRyvbj7X4', 'https://play-lh.googleusercontent.com/ohIaK-yu3VxixD7nG3WVNDOvWK6-gfDU2e-he3rBEsSajSzEiF2vpc-abPkash--5No', 'https://play-lh.googleusercontent.com/8h4JUH6m_6jGRtvoKf_YDVkZMXT_armVFtZIWLK4ZpNqOiSd8QEhcHdtG36pXmB8uRs', 'https://play-lh.googleusercontent.com/rV-a21PN6h4HLhAExJ7gm3Mgrkn44QSpv_cQHEYSDoB95VVSqubbGvw04YNLT8sHbc8J', 'https://play-lh.googleusercontent.com/opOWGA5rvk63l-Xs_dFLXmXTuDklMSTrj53shXDSYAJdpPG2AoYmmm9GCb4FhdeuDGA']","https://www.youtube.com/embed/s7lUX8piOE4?ps=play&vq=large&rel=0&autohide=1&showinfo=0","https://i.ytimg.com/vi/s7lUX8piOE4/hqdefault.jpg","0","True","","","Ação","","","","","Every war will come to an end and those ending battles are always the fiercest and fiercest battles. The best Dragon Warriors in the <b> Super Stickman Dragon Warriors</b> game are also fighting to find the truest and most powerful warrior.

You will have a great time experiencing this basic but intriguing game. All you have to do is fly, dodge, charge your ki, perform basic and three advanced attacks, transform your hero into a special form and fight. The controls are so simple that you'll be surprised at how appealing the sound effects and graphics are.

<b>FEATURES</b>

<b>General</b>
There are plenty of game modes for you to play, easy to unlock your favorite characters through gameplay and customize a character with your own creation. Offline mode is available so you can play anytime anywhere.

<b>A huge amount of powerful combatants</b>
👊 Earn Coins and Diamond from victory battles to unlock more than 50+ warriors
👊 Each Warrior has a unique skill base on the power of a superhero that they incarnate
👊 Unlock and play as any characters, Villains or Heroes that your choice

<b>Game Modes and Rewards</b>
There are 7 different game modes to choose from:
🚩  PVP Mode: An arena that every player in the world wants to be in. This place is for the strongest. You come here and fight for the top position in this game. Wouldn't you love to see your name in the top rank of the worldwide?
🚩 Versus mode: In addition to the traditional fighting mode, <b>Super Stickman Dragon Warriors</b> also introduces new team fighting modes for you to enjoy with your friends. Matches can also be included in the tournament to find the strongest team and win the biggest rewards.
🚩 Story mode: Tightly constructed and logically takes you on an emotional journey from calm to climax. The story will bring you completely into the heart of the character, taking your chosen character as far as possible is your main task. The later, the more the plot will surprise you and attract you.
🚩 Tournament mode: The strongest teams will compete together. The winning team will be honored on the arena gold board as a trophy.
🚩 Boss hunter mode: Gathering the most formidable monsters also gives you the most worthy rewards if you win.
🚩 Survival mode: You will have a certain amount of strength health. Within that blood limit, fight as hard as you can to bring back a lot of gold and items.
🚩 Training Mode: Practice fighting skills and try out the power of new character opened
Reward:
🎁 Lots of free bonuses
🎁 Lucky spins will often appear with valuable gifts or features.


▶ Download now <b>Super Stickman Dragon Warriors</b> to join friends and family in the hottest battles in the stickman warrior world. Destroy your opponents together and create your own story.

📞 Contact us via https://www.facebook.com/SuperStickmanDragonWarriors if you have any questions or comments to help us fix and improve the game. Sincerely thank you!","Every war will come to an end and those ending battles are always the fiercest and fiercest battles. The best Dragon Warriors in the <b> Super Stickman Dragon Warriors</b> game are also fighting to find the truest and most powerful warrior.<br><br>You will have a great time experiencing this basic but intriguing game. All you have to do is fly, dodge, charge your ki, perform basic and three advanced attacks, transform your hero into a special form and fight. The controls are so simple that you&#39;ll be surprised at how appealing the sound effects and graphics are.<br><br><b>FEATURES</b><br><br><b>General</b><br>There are plenty of game modes for you to play, easy to unlock your favorite characters through gameplay and customize a character with your own creation. Offline mode is available so you can play anytime anywhere.<br><br><b>A huge amount of powerful combatants</b><br>👊 Earn Coins and Diamond from victory battles to unlock more than 50+ warriors<br>👊 Each Warrior has a unique skill base on the power of a superhero that they incarnate<br>👊 Unlock and play as any characters, Villains or Heroes that your choice<br><br><b>Game Modes and Rewards</b><br>There are 7 different game modes to choose from:<br>🚩  PVP Mode: An arena that every player in the world wants to be in. This place is for the strongest. You come here and fight for the top position in this game. Wouldn&#39;t you love to see your name in the top rank of the worldwide?<br>🚩 Versus mode: In addition to the traditional fighting mode, <b>Super Stickman Dragon Warriors</b> also introduces new team fighting modes for you to enjoy with your friends. Matches can also be included in the tournament to find the strongest team and win the biggest rewards.<br>🚩 Story mode: Tightly constructed and logically takes you on an emotional journey from calm to climax. The story will bring you completely into the heart of the character, taking your chosen character as far as possible is your main task. The later, the more the plot will surprise you and attract you.<br>🚩 Tournament mode: The strongest teams will compete together. The winning team will be honored on the arena gold board as a trophy.<br>🚩 Boss hunter mode: Gathering the most formidable monsters also gives you the most worthy rewards if you win.<br>🚩 Survival mode: You will have a certain amount of strength health. Within that blood limit, fight as hard as you can to bring back a lot of gold and items.<br>🚩 Training Mode: Practice fighting skills and try out the power of new character opened<br>Reward:<br>🎁 Lots of free bonuses<br>🎁 Lucky spins will often appear with valuable gifts or features.<br><br><br>▶ Download now <b>Super Stickman Dragon Warriors</b> to join friends and family in the hottest battles in the stickman warrior world. Destroy your opponents together and create your own story.<br><br>📞 Contact us via https://www.facebook.com/SuperStickmanDragonWarriors if you have any questions or comments to help us fix and improve the game. Sincerely thank you!","","","","","0","0","4.388506","","","","","","{}","False","False","","[]",""
"Stick Fight-Battle of Warriors","SunGame Global","4.5","0","0","10.000.000+","com.stickman.fight.battle.warriors.shadow.dragon","","https://play-lh.googleusercontent.com/5vbGte6-yxfNSJ9lGvUIqo9xx60GCF9pY-7hoN0qd2IJD1b0vLEhqNSu41SnJSYUQDk","","['https://play-lh.googleusercontent.com/KFRNPyFN8eQhk_tp8blazkHjAHnOinvKS_EV8s4bc7KYwNKu03s_kL7nM93lidrOvNk', 'https://play-lh.googleusercontent.com/Ke1cFbQRnojBnRPdQbvL8au9xXUif743JZkXEitcYFhi43fJWlAWZgsF9VxXM-6y3Q', 'https://play-lh.googleusercontent.com/AcKXQ--YcMLmP-I_RZGFpGohwSM9QE7ie4eEmA2dHjQlUccoGRVWD4kvIK5K2iKc6gU', 'https://play-lh.googleusercontent.com/Ze0sX8kqdzscsgWHUVeO1tBXxBxmvK5fBkpmOIKgFqI_1kQvmpWqIrwvmuQkzhkPIDc', 'https://play-lh.googleusercontent.com/4pbYE3yWqMpY5e83CTFMz_VS0KKjm2oc2RqAlFiAn_-NFo2qZB3Qfz7Z_asOnQv30odS']","https://www.youtube.com/embed/HSp70R4E7Rs?ps=play&vq=large&rel=0&autohide=1&showinfo=0","https://i.ytimg.com/vi/HSp70R4E7Rs/hqdefault.jpg","0","True","","","Ação","","","","","O Stick Fighter - Battle Of Warriors foi inspirado no ""Saiyanz battle Z+Ninja style"" e promete fazer os jogos mais emocionantes do gênero.

RECURSOS
◎ 4 modos de jogo: modo Versus, modo História, modo Torneio e modo Treinamento
◎ 82 personagens lutadores stickman SSJ com estilos dbz de luta exclusivos + estilos ninja.
◎ Tem o controle mais básico de todos os tempos!

CONTROLE
◎KI Blast, Power, Attach, Move, Dash, Block, Transform


Baixe o jogo Stick Fighter - Battle Of Warriors gratuitamente e proteja sua terra e universo dos grandes vilões agora. 


INFORMAÇÕES DE SUPORTE:
◎e-mail: sungameglobal@gmail.com","O Stick Fighter - Battle Of Warriors foi inspirado no &quot;Saiyanz battle Z+Ninja style&quot; e promete fazer os jogos mais emocionantes do gênero.<br><br>RECURSOS<br>◎ 4 modos de jogo: modo Versus, modo História, modo Torneio e modo Treinamento<br>◎ 82 personagens lutadores stickman SSJ com estilos dbz de luta exclusivos + estilos ninja.<br>◎ Tem o controle mais básico de todos os tempos!<br><br>CONTROLE<br>◎KI Blast, Power, Attach, Move, Dash, Block, Transform<br><br><br>Baixe o jogo Stick Fighter - Battle Of Warriors gratuitamente e proteja sua terra e universo dos grandes vilões agora. <br><br><br>INFORMAÇÕES DE SUPORTE:<br>◎e-mail: sungameglobal@gmail.com","","","","","0","0","4.542056","","","","","","{}","False","False","","[]",""
"Warriors of the Universe","Gamer Mind","4.3","0","0","10.000.000+","com.GamerMind.Warriors_of_the_Universe_Online","","https://play-lh.googleusercontent.com/ZlZrjl7JU3IL4AWMLUUn2T8Q29JsRPipofmiVWig0qm3PJk2FVDN6_kZyZ5KNRdoRXA","","['https://play-lh.googleusercontent.com/cvICi9Nj-LRIqFVfJRSFykjCMuKKRdHa7PYR_ZyWEGsCAIeRZBaNor-vhywi3O2eQyo', 'https://play-lh.googleusercontent.com/6w0e7EWALinalji4oyPRdFqT1niLCI1RVWCyPHQR9nUP50QjSWo1gHPcTHyZtZW5Tw4', 'https://play-lh.googleusercontent.com/NefIeZ2745y_icL10haC9GVDXvlsZPyATdWNsqdQMKDEgqxyvRSmDTG7qxME0boiUYo', 'https://play-lh.googleusercontent.com/IVYx6PfWc5vm6zW2IQBQRPimY8HqHvMnRhK5l_3j3Y9isTulmOQtXV8gCtSdG5-dbkA', 'https://play-lh.googleusercontent.com/A_0vQ23vqEIVuwwn6sA38V3qygVKn3YZNRMuvqeyiJLCIdZGVK_23zVBF2bNP76emhsL', 'https://play-lh.googleusercontent.com/pDXx0xRNswiNZmSRjilbWga00klXvN0kOgFONJQtjDR88k9PN5Vb1PyFHCgrI1OdPW8', 'https://play-lh.googleusercontent.com/HyjRSgS_PJ2Gm-SoXeoyeQTZszNtSZ_tO7ywgfwNxcthuzch6HjuNLVXpc0v2XWF06I', 'https://play-lh.googleusercontent.com/hLYE9LZJL2JsdaMCRbW3FqhiILgRXCALGdDgC8w4xpvt-PhLjMQ_Q8oAeg2FgPKbcY41', 'https://play-lh.googleusercontent.com/zalryY16iKWBDpzUIdt7qaTfmYBQhoHFGJK7vnA2oH9vlbtCfT5IKFg_fLorgcjamw']","","","0","True","","","Arcade","","","","","Sobre o jogo:

Jogue singleplayer ou online com amigos ou desconhecidos neste jogo de luta de anime. Lute com personagens de anime de muitas classes, como guerreiros do dragão, ninjas shinobi, shinigamis e super heróis.

Você também pode criar seus próprios personagens de anime e transformações no modo de criação de personagem personalizado. Modifique sua aparência de personagens, habilidades, combos e muito mais opções de customização.

Crie batalhas para até 8 personagens com equipes ou jogue em outros modos de jogo diferentes.
Entre no modo de torre para lutar contra diferentes personagens e derrotar o chefe final para obter uma recompensa.
Sobreviva no modo de invasão, combatendo mais inimigos a cada onda, melhorando as estatísticas do seu lutador e ganhando recompensas.

Desbloqueie todos os personagens únicos de anime com diferentes combos, habilidades especiais, transformações e super poderes.
Habilidades especiais únicas para personagens personalizados como ki ball, explosão de energia, bola de fogo, escudo de chakra, dragão de fogo de bola, bola de energia ki, super bola, escudo de dragão de bola de poder, kunai explosivo e muito mais.

Teste suas habilidades neste jogo e torne-se o mais forte guerreiro do universo!

Características:

- singleplayer para até 8 caracteres
- online para dois jogadores com automatch ou convidar
- muitos modos de jogo
- Criação de personagem personalizado com 7 slots e muitos itens personalizados
- personagens diferentes
- Super-heróis
- dragão guerreiro com transformação
- shinigami
- ninja shinobi
- muitos cenários
- combos únicos, habilidades e super poderes para cada personagem

Novas atualizações que vêm regularmente, divirta-se!","Sobre o jogo:<br><br>Jogue singleplayer ou online com amigos ou desconhecidos neste jogo de luta de anime. Lute com personagens de anime de muitas classes, como guerreiros do dragão, ninjas shinobi, shinigamis e super heróis.<br><br>Você também pode criar seus próprios personagens de anime e transformações no modo de criação de personagem personalizado. Modifique sua aparência de personagens, habilidades, combos e muito mais opções de customização.<br><br>Crie batalhas para até 8 personagens com equipes ou jogue em outros modos de jogo diferentes.<br>Entre no modo de torre para lutar contra diferentes personagens e derrotar o chefe final para obter uma recompensa.<br>Sobreviva no modo de invasão, combatendo mais inimigos a cada onda, melhorando as estatísticas do seu lutador e ganhando recompensas.<br><br>Desbloqueie todos os personagens únicos de anime com diferentes combos, habilidades especiais, transformações e super poderes.<br>Habilidades especiais únicas para personagens personalizados como ki ball, explosão de energia, bola de fogo, escudo de chakra, dragão de fogo de bola, bola de energia ki, super bola, escudo de dragão de bola de poder, kunai explosivo e muito mais.<br><br>Teste suas habilidades neste jogo e torne-se o mais forte guerreiro do universo!<br><br>Características:<br><br>- singleplayer para até 8 caracteres<br>- online para dois jogadores com automatch ou convidar<br>- muitos modos de jogo<br>- Criação de personagem personalizado com 7 slots e muitos itens personalizados<br>- personagens diferentes<br>- Super-heróis<br>- dragão guerreiro com transformação<br>- shinigami<br>- ninja shinobi<br>- muitos cenários<br>- combos únicos, habilidades e super poderes para cada personagem<br><br>Novas atualizações que vêm regularmente, divirta-se!","","","","","0","0","4.342662","","","","","","{}","False","False","","[]",""
"Energy Fight - Dragon Fighters","MOONEE PUBLISHING LTD","4.6","0","0","5.000.000+","com.StarLegion.EnergyFight","","https://play-lh.googleusercontent.com/yg5l2KiImFXpX69j2NimBiklg0QK699RBS5mSRmDuE0gBxsTfF0aTfqE8ukBI64qS3kO","","['https://play-lh.googleusercontent.com/0z7ZvQrRLSz0-qwmsRoKR33Fo4rSESLW0twiFrVn0mp56SJ6hh1L22PqPivzwIiF2KE', 'https://play-lh.googleusercontent.com/dX9Xc5cUZljkrvmuqiGEc3PQWwGGF0rHPzT3MGCvkOCBbJ1Xgt-EK76h27HcljkL7g', 'https://play-lh.googleusercontent.com/vUh8_OydqNKp0v7GNJxamlWggF1VNXKFcGEnLS0OqAKoPzQujNhefn7yBVKnF7E57g', 'https://play-lh.googleusercontent.com/8mxZX8snMk4S7nJLeAS239bE7JXNlsg8ynnXjes1ka9bq_GBsMMUGuwq8BKtr99mUw', 'https://play-lh.googleusercontent.com/UqKzGofdxNzKZT4t6vp1k5mOLaFYFFiNJZWvpOXCkezYmVr7q906EHZAprNLNgk1LNQ', 'https://play-lh.googleusercontent.com/J8G3g80ypfL0d5CHzSg-V29qp9Go7WHb3w496GMD6CwjBing5dhStUQG9fY4sbsH-j_-', 'https://play-lh.googleusercontent.com/VDcoDNxBa_FJBABFNPCy74nmkxwJpNhohpfFB9zpnxTCp0-gcSH7I-2R1YVS4gu0yhyx', 'https://play-lh.googleusercontent.com/BC5FJDinbbAdrcwNuhMrL5vldVd9U2wbEjcxYEF2L8Tw4KSB6aWZ7aThMuTLNCZYvA', 'https://play-lh.googleusercontent.com/a9yN-0C-_W4HyktAekQ0cHdiSVoWiVPTW80kXMPyC2XvFIHJ2ff_wj0cDeNqlrtc1w', 'https://play-lh.googleusercontent.com/3X1D2vAPB8ydqwAehOlTXd500FDza3qgQdMruCyeeRPzktthOdCLk0sOhj1NurC13Q', 'https://play-lh.googleusercontent.com/tZcto2RaX0HgCbq-T51ANlYYOJLbKYKT6vc4a6TH8UENGv4gbLk6qBavMqHKjKqUX6g', 'https://play-lh.googleusercontent.com/FE-3AU14nbvdmA7fg2CUj7A6rvGEKp_T0xzef4nzUt2vzJuwIXXy-aBHIv5hq_K06mE', 'https://play-lh.googleusercontent.com/tsBazgSFH3tnhdu8S9W1ZnDYzUJRZBEJyqzzlyrvBAev1gSHPJuJJxwKDH-VPyRPvoY', 'https://play-lh.googleusercontent.com/XpL_uCdpfBxG-3qxt5uGi6IUGIwOON8QrlO4JDj2X0lqFnpg6V7RJiZ9CM_JSGtEqg', 'https://play-lh.googleusercontent.com/VzEi6J6otsLvwDNb8yBcseMECHw3W1wt462ypxdWIdUreVHFBSX3CZUOkVvLfYS4dY8', 'https://play-lh.googleusercontent.com/2BVdQmpwrGlwBh7ZZdYHSQ_SUFHFg7i44d8eLTLs9Out8-6lO5-RwFVuJPZNSke66Jk', 'https://play-lh.googleusercontent.com/InwRH-R6FjNgtbNxe2kMq3PL7oDw8YK0AJJvUs5Rvwd1KbjMI_ytv1U4_cvsRYNzYCHq', 'https://play-lh.googleusercontent.com/hRMvuSozTWBaOFjPTp1WEkc4hEToc9kRviULsJqHSqRgV-mqYqMX0vRGo7De0C8boVI', 'https://play-lh.googleusercontent.com/-pBuPEbr37YsbrYSkkp3lJ5aUtifZdiW9oNRh8x91LMxxnYLCfbtnFehjHroG-3l7A', 'https://play-lh.googleusercontent.com/F1-azKmLdKCzUgZhvsmytW8nHbI-sdqKTMMeB-f-4KVoIHVqRT0f7e-XPnBCh78kHg', 'https://play-lh.googleusercontent.com/2tOlUUnDC0cNhJIDqPi6VSis-7r0nPh1svUreESSGT9A60Daa1jY0dszSQVzINgR2GQ', 'https://play-lh.googleusercontent.com/eZI4s9qDVt9llMu1TrPq-8i8v5c2Blv3xv3mGz6Q9pJG5hYIdhpdz9lbx2mT7gRwU0Y', 'https://play-lh.googleusercontent.com/Cdmj8g1jAzY-ENLqIRZAOWrX97jlfaXOI8uySYEYXJrZiT88Swd4dnKDyH9PjpjJ0ec', 'https://play-lh.googleusercontent.com/-lx1IzshqzXeHp5I2-GcrNmkLTpXBa94Mk0wW9zXZ-agD1241Ut8eLAfWb-kMsTz9f8', 'https://play-lh.googleusercontent.com/F2ARNOOfTGsa-RN_eD3wkBUvSwvBlazaSrDcaNbCZb10U2w17NjAKHpaVhNS3e_Jb-c', 'https://play-lh.googleusercontent.com/lEeLHCBqi90s1eWSBZ12wC5Au3MJWgQSmongiID-w1wnLQv2OEE3dZ_fOGTpyOGLYd8', 'https://play-lh.googleusercontent.com/sy30smM6tTB2obMZ6eNxidRqqWfZTDrq9uULAjMOA4ynHTpeHGCj78NBGXOIpmeyLWA', 'https://play-lh.googleusercontent.com/iB0vnTKKBzgd_ixv9e6vCx7z9JiWO8oQTJ-h5bzHUC1vR31e-sz57WgLc0PPLIBnPBU', 'https://play-lh.googleusercontent.com/ZjpzlqlnwT4IxuRM3J9p2jtku9oJR6v53SmvTqPJVQ-rHOwy1Lr3MJESukChGSM_UmI', 'https://play-lh.googleusercontent.com/TNec8NbPbcvdJLEu-THThgZUU2IvITuG_LU4FSnpyWb5oSY8sOxufqY_DkGyLUhe5g', 'https://play-lh.googleusercontent.com/Bv6NIt5w4ZniK_PeKHq1ze8wQlHmHaCmtU3biH4Aqo5AhFeRkpFHzt6G4LAx7btzlSk', 'https://play-lh.googleusercontent.com/I8DgwNuE1Zp8yCK6QFAqCqUlfxMAPss3yl1H_uipBefMbPzQwMQ75yUSTMcbK0fKqD8', 'https://play-lh.googleusercontent.com/dU5AhmU3uA0iLutsvIFqp2KrWX6XPO-kmTo-iUhqhX2qADQVmYDslzjtD8V3p9TMSl4']","https://www.youtube.com/embed/37icJTuZJZs?ps=play&vq=large&rel=0&autohide=1&showinfo=0","https://i.ytimg.com/vi/37icJTuZJZs/hqdefault.jpg","0","True","","","Ação","","","","","Mergulhe no mundo dos guerreiros de ""Energy Fight - Dragon Fighters"", um jogo repleto de ação onde a teletransportação e reflexos semelhantes aos de um dragão se encontram. Isto não é apenas mais um jogo de guerreiros; é um reino onde o combate inspirado em dbz encontra a astúcia das lendas ninja.

Torne-se um mestre da habilidade de teletransporte, uma reviravolta única no gênero de jogos de stickman. Empunhe o poder da bola de luz, lembrando as bolas de energia das lendas dbz, e mostre seu domínio na luta com bastões numa variedade de arenas cósmicas.

Em ""Energy Fight - Dragon Fighters"", você não é apenas um stickman; você é um guerreiro com a agilidade de um dragão e a profundidade estratégica dos personagens dbz. Teletransporte-se através das batalhas e ataque com a ferocidade das lendas de luta dbz, usando sua bola de luz para derrotar uma variedade de guerreiros.

<b>Características Principais: </b>
<b>Combate de Teletransporte.</b> Experimente a emoção do teletransporte enquanto navega pelas batalhas, uma característica única entre os jogos de stickman que eleva sua estratégia de luta ao nível das lendas dbz.

<b>Jogadas de Poder Inspiradas em Dragões.</b> Canalize a força de um dragão em cada bola de luz que lançar, combinando a intensidade do combate dbz com a precisão de um ninja stickman.

<b>Desafio dos Guerreiros.</b> Enfrente guerreiros e inimigos dbz, cada luta uma chance de provar que você é uma lenda neste espetáculo de luta com bastões.

<b>Lendas Personalizáveis.</b> Transforme seu stickman em um verdadeiro guerreiro com skins personalizáveis, criando uma lenda que reflete seu estilo de luta e aspirações dbz.

<b>Campos de Batalha Diversificados.</b> Lute através de diferentes mundos, cada um ecoando as épicas arenas de dbz e lendas stickman, de cidades de alta energia a ilhas tranquilas.

<b>Níveis Desbloqueáveis.</b> Avance no jogo para desbloquear níveis de bônus, apresentando desafios dignos de um guerreiro dbz e mestre na luta com bastões.

<b>Modo Super Stickman.</b> Ative o modo super para liberar todo o seu potencial, teletransportando-se e atacando com o impacto de uma luta dbz e a estratégia das lendas stickman.

<b>Ganhe Enquanto Offline.</b> Uma verdadeira lenda dbz nunca para; ganhe uma renda offline poderosa para aumentar as capacidades do seu guerreiro, garantindo que seu stickman esteja sempre pronto para a batalha.

Está pronto para se teletransportar para a batalha, dominar a força do dragão e se tornar uma lenda entre os guerreiros? Baixe ""Energy Fight - Dragon Fighters"" agora para uma aventura de luta dbz inesquecível!","Mergulhe no mundo dos guerreiros de &quot;Energy Fight - Dragon Fighters&quot;, um jogo repleto de ação onde a teletransportação e reflexos semelhantes aos de um dragão se encontram. Isto não é apenas mais um jogo de guerreiros; é um reino onde o combate inspirado em dbz encontra a astúcia das lendas ninja.<br><br>Torne-se um mestre da habilidade de teletransporte, uma reviravolta única no gênero de jogos de stickman. Empunhe o poder da bola de luz, lembrando as bolas de energia das lendas dbz, e mostre seu domínio na luta com bastões numa variedade de arenas cósmicas.<br><br>Em &quot;Energy Fight - Dragon Fighters&quot;, você não é apenas um stickman; você é um guerreiro com a agilidade de um dragão e a profundidade estratégica dos personagens dbz. Teletransporte-se através das batalhas e ataque com a ferocidade das lendas de luta dbz, usando sua bola de luz para derrotar uma variedade de guerreiros.<br><br><b>Características Principais: </b><br><b>Combate de Teletransporte.</b> Experimente a emoção do teletransporte enquanto navega pelas batalhas, uma característica única entre os jogos de stickman que eleva sua estratégia de luta ao nível das lendas dbz.<br><br><b>Jogadas de Poder Inspiradas em Dragões.</b> Canalize a força de um dragão em cada bola de luz que lançar, combinando a intensidade do combate dbz com a precisão de um ninja stickman.<br><br><b>Desafio dos Guerreiros.</b> Enfrente guerreiros e inimigos dbz, cada luta uma chance de provar que você é uma lenda neste espetáculo de luta com bastões.<br><br><b>Lendas Personalizáveis.</b> Transforme seu stickman em um verdadeiro guerreiro com skins personalizáveis, criando uma lenda que reflete seu estilo de luta e aspirações dbz.<br><br><b>Campos de Batalha Diversificados.</b> Lute através de diferentes mundos, cada um ecoando as épicas arenas de dbz e lendas stickman, de cidades de alta energia a ilhas tranquilas.<br><br><b>Níveis Desbloqueáveis.</b> Avance no jogo para desbloquear níveis de bônus, apresentando desafios dignos de um guerreiro dbz e mestre na luta com bastões.<br><br><b>Modo Super Stickman.</b> Ative o modo super para liberar todo o seu potencial, teletransportando-se e atacando com o impacto de uma luta dbz e a estratégia das lendas stickman.<br><br><b>Ganhe Enquanto Offline.</b> Uma verdadeira lenda dbz nunca para; ganhe uma renda offline poderosa para aumentar as capacidades do seu guerreiro, garantindo que seu stickman esteja sempre pronto para a batalha.<br><br>Está pronto para se teletransportar para a batalha, dominar a força do dragão e se tornar uma lenda entre os guerreiros? Baixe &quot;Energy Fight - Dragon Fighters&quot; agora para uma aventura de luta dbz inesquecível!","","","","","0","0","4.6197915","","","","","","{}","False","False","","[]",""
"Como desenhar Goku","Friday Funny Mod FNF","4.3","0","0","50.000+","com.PaintBookGame.HowToDrawGok","","https://play-lh.googleusercontent.com/xxGOVxOd0xzQ7fWkzyxojqcKh4xQQvAuPoKFsGEi0xNPCPM_95KmrBTDm2oyWBcMlJk","","['https://play-lh.googleusercontent.com/jQcAevVGjCsigsRH92kGmJluN14TpTDlsEg2lGZUfWl763hKF0DpSk9v5EpwHnLlryo', 'https://play-lh.googleusercontent.com/sEgRFbj9H3H9biNCHnAzAUm_f4N0di3JsMpO4Lui2l5xT62BFs-fpliuGJRKtz4oW6A', 'https://play-lh.googleusercontent.com/Fa6WMwHK9fsknOCD9_f1TnEoDsteY_6XcGNfNgpUlmfHfZdNmdJ1Np5WClfdT0LPFt27', 'https://play-lh.googleusercontent.com/83MZmlpxgjlObZJJgfUUzo7u3kWbFvuBE7D9YKqaqLlenaIzZs5qOHbld0kITQ683J8', 'https://play-lh.googleusercontent.com/altnuKwbwS1dLThDAnGgqfIrZz7uz4vcCDv7dk1k3foSgqsxKWofnn00MCCokMrVqw', 'https://play-lh.googleusercontent.com/A35L84ZbFYRGYiyUpVkZBDKfMn61XRyEDyB2xZy93wl9a1xkEIFLiTssUAVlEgAGqQ', 'https://play-lh.googleusercontent.com/nDVuoiw2kNhrulstacNej9gWBNHeuiMqFGvECQUCaqZzJwfPlZGklrfVu3w985G1XQUo', 'https://play-lh.googleusercontent.com/kG0paU03vMH1y7JgygBXcaAc9ZKnT6k-wOfeA1i4lJSeG636bL1TzuZgqvkmIH5STFMT', 'https://play-lh.googleusercontent.com/ep7OOs60vFuHJ5dKjTy4kFcCo8OD79Mv85w-gZiT94aOIxyKv4JYz2Z70aRY-ujWCJE', 'https://play-lh.googleusercontent.com/5f1zCeKLPlWSOAzzRwsXoPyTtmct-CsJKSOTcTgLQmSbOkDsxeNvOyOUuJol-5306-M', 'https://play-lh.googleusercontent.com/1VK5XpPfcI0HsgBooqX3tjyR6fnsf1sSOw1fwrq8qFQM5_id7xoKRE2U22YqJncNIqk', 'https://play-lh.googleusercontent.com/SNuuNKY1eNpd5cVl3_mv--s0Kg6C3fUlsf31EYZuFpLydZF9iALkqC4i4Hea69aqz6s', 'https://play-lh.googleusercontent.com/kDWsEUzotTru4DPk5xG7TQV0_uH4FTM5ripBFVhhZH0PErfcxGdUMrtMBYYLYH_ARIs', 'https://play-lh.googleusercontent.com/vBvJRXi4YzE37thDr-CR18l_jxcVIcVvcFf0Vbd8rLTqAVsVTlZCYs7DuHBV2eZjbzk', 'https://play-lh.googleusercontent.com/mCVQ0Eu3okAqZ4lzkElk4UW8FwE7G3oXU5cMhR3G5XFGhwxJ0K3ibDuq2PmIDORnCg', 'https://play-lh.googleusercontent.com/JAfJtPVB_Z4aXqDZRQCt3LS8yZb_P4jtYX4XZKuCHihlJfe2JxGrAtu1UGROZ29f-A', 'https://play-lh.googleusercontent.com/3sHHFDNMgvZ-zo6yXWnPHyWDAMQmXZGH_A0WP-yl3UUzNMjLtuhUqDQQOvVq4LOjd7QC', 'https://play-lh.googleusercontent.com/qhDvfZ86bBG-_FuoUyO1ijODrormErQmDBKZMaXnWWni_Y4UVYtSixQzrheU0oCU9Ok', 'https://play-lh.googleusercontent.com/Hn8fxMj8QGqW9WA-YCppLfIo7vC3FQnMccfGEUYfYtoZFg4le441GcnwxuSspD_5rg', 'https://play-lh.googleusercontent.com/g6-tT3-99v7fyQRcXCQJPGtBgrnyedscJd0vdTOtcRycpuRCdpCR8YuzrUaRCZSuySA', 'https://play-lh.googleusercontent.com/Y-bXFxLSueoyfo3MOVbDBRVtuHU_gNWuv_ZZZFXiLOLQLIK-s6rlTFkBmrhSeUfAdA', 'https://play-lh.googleusercontent.com/6eZwwrmxSS5jqFW9m86rfqq52kr_iPL98bTj6QfwrV_9mOhEyKrwySh0vIZhlekMxrb1', 'https://play-lh.googleusercontent.com/rLCBDVlULEycilM1OFwmkshkZ8rp-K4LAYF4UmQGk8pIz7NIXs95CUr6ZlATCbp7h2k', 'https://play-lh.googleusercontent.com/ZHg7eQBxXDx7Etz9QSH3_pBQNUnsn3Xv4IR-x8Ya4df4lJhpfv8jFZynCxKx5VTB0xBG', 'https://play-lh.googleusercontent.com/jFMcj3XmscNKhkQAKtnoPTDYTY4uReK85qlYgeN8xNEhbFhdAgZWuMDHrXNsChBb5g', 'https://play-lh.googleusercontent.com/f70f_s0kRFsqjlUXwSzFsyEQYjRJ0Eefbk-JXVbr6XEC13qOnzLbfPIze70IUk6F9Y4', 'https://play-lh.googleusercontent.com/TiCb3PUA1GDBL2m7h_T7SNV88NhhFZkz9N6rPgGr9A3ueFIEkR6Mjs_jxdeHTD1leUI', 'https://play-lh.googleusercontent.com/3zoVDa8p6t3mmgNeLNXKdv_Ve00bso8XoW2fdiSN5EejEO5bWoIAoaIQZXfrp5AyfQ', 'https://play-lh.googleusercontent.com/4g7SMHT06ZfHqfcbrjIFgSO1-4Chyh8eGRs70cb1c3VtIefvkFKgsHq8GtlsK4LWaw', 'https://play-lh.googleusercontent.com/IYcZLOIbEBhKfnNpLUvC6vkw8N8KhosjnlkwejkfABrCrY_IQf09FhHEv5IP9D6JTA', 'https://play-lh.googleusercontent.com/779iEhgyQUECYnKzyr-BAXRyOQcRlcIRvmJFGvCjXkJVMnRWp6BjPGKpYhrKyDsT1L8']","","","0","True","","","Educativos","","","","","Son Goku, também conhecido como Kakarotto, é o protagonista do universo Dragon Ball. Se você não sabe como desenhar os personagens principais da série Dragon Ball, então este aplicativo educacional é para você! Aqui você encontrará muitas lições de desenho passo a passo. Como desenhar o aplicativo tutorial de luta goku e vegeta irá ajudá-lo a desenhar seus personagens favoritos de seu anime favorito!

Tutoriais passo a passo irão ajudá-lo a desenhar personagens com precisão e beleza, como Goku, Vegeta, Badakku, Gohan, Saiyan, Toppo, Beerus e muitos mais. Passo a passo seguindo as lições, você pode desenhar não apenas rapidamente, mas também lindamente!

O aplicativo Como desenhar goku possui controles simples, você pode descobrir facilmente! E esperamos que você goste das aulas! E a imagem que você criou irá encantar você e seus entes queridos!

Baixe Como desenhar o aplicativo tutorial de luta goku e vegeta e compartilhe o jogo com seus amigos!

Todas as imagens usadas neste aplicativo são tiradas de fontes abertas. Se você é o proprietário legal dessas imagens hospedadas no aplicativo e não deseja que elas sejam exibidas nele, entre em contato conosco da maneira que for conveniente para você e corrigiremos a situação imediatamente.","Son Goku, também conhecido como Kakarotto, é o protagonista do universo Dragon Ball. Se você não sabe como desenhar os personagens principais da série Dragon Ball, então este aplicativo educacional é para você! Aqui você encontrará muitas lições de desenho passo a passo. Como desenhar o aplicativo tutorial de luta goku e vegeta irá ajudá-lo a desenhar seus personagens favoritos de seu anime favorito!<br><br>Tutoriais passo a passo irão ajudá-lo a desenhar personagens com precisão e beleza, como Goku, Vegeta, Badakku, Gohan, Saiyan, Toppo, Beerus e muitos mais. Passo a passo seguindo as lições, você pode desenhar não apenas rapidamente, mas também lindamente!<br><br>O aplicativo Como desenhar goku possui controles simples, você pode descobrir facilmente! E esperamos que você goste das aulas! E a imagem que você criou irá encantar você e seus entes queridos!<br><br>Baixe Como desenhar o aplicativo tutorial de luta goku e vegeta e compartilhe o jogo com seus amigos!<br><br>Todas as imagens usadas neste aplicativo são tiradas de fontes abertas. Se você é o proprietário legal dessas imagens hospedadas no aplicativo e não deseja que elas sejam exibidas nele, entre em contato conosco da maneira que for conveniente para você e corrigiremos a situação imediatamente.","","","","","0","0","4.3333335","","","","","","{}","False","False","","[]",""
"Stick Battle Fight","Onegame Studio Global","4.6","0","0","10.000.000+","com.onegame.superstickmanhero","","https://play-lh.googleusercontent.com/4UQoNN4kc4I2daboBBOLNZeSyr1nRy6SSrlD5rnTKazjkC4MArGaNWTJTEAVZHEr45Q","","['https://play-lh.googleusercontent.com/Jz0imHqrrxP7b-jjDC6kBWgv1mI-AhEQtcRQXpw7r5dC3NbGDyBEJ3IDCAo7WR77-w', 'https://play-lh.googleusercontent.com/6BVP_DouuzC7-0CQHIbapHtPyCNGIyUC_pKsPUHZkKStfcO3qm6xEu0o6Yy67viXtDqo', 'https://play-lh.googleusercontent.com/dN-G39YuPnOYEpf4V1OZnhqnL39Bbg6i0Ed_cDw9sXk570AyvWO5sJwW06QvjKcREnJv', 'https://play-lh.googleusercontent.com/0MjhfyFB4vC5hsawY7TrwDeVU8yU_vlCNhAc3S0SiKuW6YbyH3__he9ySRUg82qTMls', 'https://play-lh.googleusercontent.com/GXtCziWzJt6bFxKxTOwwCFNUDgAb274KU8qPQvt-snPRHcRQ3busZkwDfE1inFQY0bg', 'https://play-lh.googleusercontent.com/E-z_ARtjJK5JDLfcJPz0cWpGtwDlW6QRzZhhOzEwf6a-rWIjubTPxIkTEoyGDxa67wI', 'https://play-lh.googleusercontent.com/oQfiy-Pq4VA_8v2Bk6wL_jp4xiSyIlz508XVKUf9mSy0sctqBjCL_wu1z4HdxGETVg', 'https://play-lh.googleusercontent.com/8JrYjFrNOc6Mr-Uz5z6qq3BtWDzOYG_PBb5oN6zz1PzzI-Bb0ilYfL8hGt8gXapRl-4', 'https://play-lh.googleusercontent.com/g5KyoYkMg1NBQTA0LUJxDjeTx3agPa1-VkBCZ1NuHAf7_OBVeMGpx5kxSdFYA6y8_g', 'https://play-lh.googleusercontent.com/YJ2MWCoS3kgis7fAF3QCbsEoT1rXeqtZmvR6KFaJxHga5QjrKMNfhJK4UyUgfxL1Qpw', 'https://play-lh.googleusercontent.com/gjcy5tbFvUVLvMD7Ovw1IOzQ94oxDnZfvPnxfTxvMIoixBy6FSbe06cfh7m7zpuG8lU', 'https://play-lh.googleusercontent.com/Via6Jp1Ntk_jldRwU34x55BQW7gFHeXIZFpZDObnnD48a0QBeIazk3vFOmOYnhCZXBQ', 'https://play-lh.googleusercontent.com/7Noxo0DY53sYiSfGBzMKwMplu0xrGBFvyUiKjtX6DDVD628VVDft6EegilCCGzfe4T4', 'https://play-lh.googleusercontent.com/tuOvgFIDd4fhjDWwdDeJZGMbpeyPZ5PbmxuN-9LffulWvmbwsRKA3YM5zMVEjmAxziE', 'https://play-lh.googleusercontent.com/QXJRTLa2n7pimjd0MGM2h1CMaHk34TGUsc8rnbfgfr40hab0mM5T6uSq36iSZhuR6cc', 'https://play-lh.googleusercontent.com/x2vY2frhkrjpo49QSPibLhprsiNyn3xeZRshJp6VLb1zVTKeNHwAjKsMh5yUtoz2S7c']","https://www.youtube.com/embed/8HzlYvonCWo?ps=play&vq=large&rel=0&autohide=1&showinfo=0","https://i.ytimg.com/vi/8HzlYvonCWo/hqdefault.jpg","0","True","","","Casuais","","","","","Stickman Battle Fight melhor jogo de bola RPG de ação de luta.
Um jogo único com jogabilidade semelhante a Rogue combina a jogabilidade de combate clássica.
- Muitos super-heróis para você escolher (herói)
- Atualize o poder dos personagens (Rank A a Z) para participar do torneio de poder universal.
- Diversas habilidades de combate do dragão.

Baixe Stickman Battle Fighters agora - para experimentar o melhor jogo de ação de luta do mundo.","Stickman Battle Fight melhor jogo de bola RPG de ação de luta.<br>Um jogo único com jogabilidade semelhante a Rogue combina a jogabilidade de combate clássica.<br>- Muitos super-heróis para você escolher (herói)<br>- Atualize o poder dos personagens (Rank A a Z) para participar do torneio de poder universal.<br>- Diversas habilidades de combate do dragão.<br><br>Baixe Stickman Battle Fighters agora - para experimentar o melhor jogo de ação de luta do mundo.","","","","","0","0","4.569697","","","","","","{}","False","False","","[]",""
"Ultra Warriors legend","Super Z dragon games","4.6","0","0","5.000+","com.dragon.ball.goku.animefight","","https://play-lh.googleusercontent.com/nT3pHnuAJr_3wfgUjZ1v2lqN_oUtP8PombY-zVTu70MtmY5h-lo48PjBkCMVJg3UzUImkEtPREJvtBNt-ardOA","","['https://play-lh.googleusercontent.com/D-ML--_7nuDDguFd7tIz6VZdSdx5MRbid8igemZTrNAWSoXHFR-_t276eBAeesah5aKMjRB1gfwL6lQW_--_WpA', 'https://play-lh.googleusercontent.com/qFNKOVFjNlg7xsPwW9XsmeRZR7taCKzIGNDfhrCDqhR9yLFtYws8mjYjKB7__VjYsa66ypgSj7zS4hi9blSUGw', 'https://play-lh.googleusercontent.com/NyIcHCenHIz-h0Ue9DPHpCGPIJa4jbfDiNg0jN0wdUfWo-9KmayuxMwN7V9fm1TF-Xnw0xc4JpGMxQhQ6V5q', 'https://play-lh.googleusercontent.com/e_FFpMRLzjy5IMfM0xFINn_Jnq4rCSpWsui4TZIYaYcKtkBq_PXiEc9mCCN2hp6jBZ1_ZuAtcLms7HRvcOpn2w', 'https://play-lh.googleusercontent.com/rmSW4cyx9o5jyG3yEQe7d2iLlD0ZKMKfQUrW-7_8t3JdaHPT1HTIcpTK11SN4UlvsNwMbybvDQFRqG5MabOztQ', 'https://play-lh.googleusercontent.com/Q2ZL--s7mfmz4FjqrXsXIA_vE6ka3lUhCV4JkigeRzNXGVokhkCUaKojwUHv5w4ML2C8hBSfEJ0zmAeqqhba', 'https://play-lh.googleusercontent.com/3fnI1s18oRyOUJctiBJa-bVxi6YUZ53lrmM6Qf06ss1IXsszi_x5aITqNAokweEj2fgzviqYCb8LZ_pLzyWds0o', 'https://play-lh.googleusercontent.com/grVTMUz3ys5Fbf5B48Si_CkEIMh165pvwKTH3VCKzG-3HG01BO_0zqUsChpbAYv0LG0Q10Jue4uHOHNNynLuOg', 'https://play-lh.googleusercontent.com/d2lnQxsD7DN6QC7JCOZUUqho90hd4iw7hyCmq8dlYkkeUe4HMXqXICXmpXWywBdVIDYJMD6wz7M9_brUlCbephI']","","","0","True","","","Ação","","","","","Ultra Warriors legend is anime fighting game with exciting and extrem joyful combat system with the simple and rich smooth control, the game features the characters and attacks from all dbz franchise starting from dbz to db daima.

GAME MODE
- VERSUS: Train your skill to become the strongest warrior in the game.
- TOURNAMENT: Join tournament, become the world Z champion.
- CHALLENGE: Defeat bosses and villains, let them know who is the Legendary Warrior.

FEATURE
- many maps and new Warriors from DBZ, DBS, DBGT and DB Daima
- 3 mode and more in future
- fantastic 2D Effect & amazing Graphic & Sound.

Enjoy!","Ultra Warriors legend is anime fighting game with exciting and extrem joyful combat system with the simple and rich smooth control, the game features the characters and attacks from all dbz franchise starting from dbz to db daima.<br><br>GAME MODE<br>- VERSUS: Train your skill to become the strongest warrior in the game.<br>- TOURNAMENT: Join tournament, become the world Z champion.<br>- CHALLENGE: Defeat bosses and villains, let them know who is the Legendary Warrior.<br><br>FEATURE<br>- many maps and new Warriors from DBZ, DBS, DBGT and DB Daima<br>- 3 mode and more in future<br>- fantastic 2D Effect &amp; amazing Graphic &amp; Sound.<br><br>Enjoy!","","","","","0","0","4.625","","","","","","{}","False","False","","[]",""
