"title","developer","rating","ratings_count","id","url","price","currency","formattedPrice","genre","genres","description","releaseDate","currentVersionReleaseDate","version","releaseNotes","contentAdvisoryRating","screenshotUrls","ipadScreenshotUrls","appletvScreenshotUrls","artworkUrl512","artworkUrl100","supportedDevices","isGameCenterEnabled","bundleId","sellerName","fileSizeBytes","minimumOsVersion","artistId","languageCodesISO2A","privacyPolicyUrl","inAppPurchases","subscriptionInfo"
"DRAGON BALL LEGENDS","Bandai Namco Entertainment Inc.","4.7","23518","1358222641","https://apps.apple.com/br/app/dragon-ball-legends/id1358222641?uo=4","0.0","BRL","Grátis","Games","['Jogos', 'RPG', 'Entreteni\xadmento', 'Ação']","The ultimate anime action RPG is here! DRAGON BALL LEGENDS puts the power of your favorite DRAGON BALL heroes in your hands! Epic 3D visuals and animations bring your collection of heroes to life: More than 400 characters to find and train to make your ultimate team for the battles ahead. Goku, Vegeta, Trunks, Piccolo, Frieza, Broly, Majin Buu and many other heroes and villains are waiting for you! Discover a new original story based off the brand-new character designed by Akira Toriyama, the mysterious Saiyan known as Shallot! Join Shallot and your favorite DRAGON BALL characters to help save the world!

DRAGON BALL LEGENDS features action-packed anime action RPG gameplay. With intuitive fighting controls and simple card-based strategic gameplay, presented in stunning 3D animation & visuals, DRAGON BALL LEGENDS brings the anime to life on your mobile device!

From great heroes such as Goku, Gohan, Piccolo, and Krillin, to evil villains such as Frieza, Cell, and Majin Buu, all of your favorite anime DB characters are ready for battle! Summon characters from popular DRAGON BALL anime series, such as DBZ, DBGT, to DBS!

Enjoy 1 on 1 fighting action against your friends or rival players from across the globe in live PVP battles! Enter Ratings Matches with your favorite DRAGON BALL characters and earn Rating Points and Rewards! Or test your strength in non-ranking casual matches for fun battles with players of similar power.

EPIC ACTION GAMEPLAY
• Intuitively control your favorite DRAGON BALL fighters in 3D
• Dodge your opponent in real time, counter attacks, use your ability cards, and build amazing combos!
• Fill DRAGON BALL slots during battle to trigger the powerful team based Rising Rush attack

ENTER THE WORLD OF DRAGON BALL
• Classic anime action recreated with high-quality 3D characters and stages
• Smooth character animations feature modern takes on iconic special moves
• Play through classic DRAGON BALL Sagas

AN ORIGINAL RPG STORYLINE
• Play as the all new character designed by Akira Toriyama!
• Experience a new adventure with Goku and all your favorite characters
• Enjoy voice acting from the original anime cast

SUMMON ICONIC DB CHARACTERS
• Popular characters from DBZ, DBGT, DBS anime series are here for you to collect
• From Goku’s Super Saiyan forms, to Frieza, Jaco, Bulma, Beerus, Whis, Cabba, Trunks, and Gohan, many fan favorites join this anime action RPG
• Create the ultimate DRAGON BALL party for battle

Are you ready to become a legend? Download the ultimate DB anime action RPG experience with DRAGON BALL LEGENDS today!

Bandai Namco Entertainment Inc. Website:
https://bandainamcoent.co.jp/english/

By downloading or installing this app, you agree to the Bandai Namco Entertainment Terms of Service.

Terms of Service:
https://legal.bandainamcoent.co.jp/terms/

Privacy Policy:
https://legal.bandainamcoent.co.jp/privacy/

Note:
This game contains some items available for in-app purchase that can enhance gameplay and speed up your progress. In-app purchases can be disabled in your device settings, see https://support.apple.com/en-us/HT201304 for more details.

Powered by ""CRIWARE"".
CRIWARE is a trademark of CRI Middleware Co., Ltd.
This application is distributed under the official rights from the license holder.

[About LEGENDS Pass]
The LEGENDS Pass is a paid subscription where you can receive various Perks and boosts each month.

Important Notes
- The LEGENDS Pass is valid for a month starting from the purchased date and will be automatically renewed each month.
- If the LEGENDS Pass is cancelled within the validity period, Pass Perks can be obtained until logging out after the expiration date.
- You cannot make duplicate purchases during the validity period.
- Please note that even if the app is deleted, the subscription will not be cancelled.","2018-05-31T09:06:23Z","2025-12-09T09:31:22Z","6.15.0","【Issues Fixed】
- Fixed various bugs","+12","[]","[]","[]","https://is1-ssl.mzstatic.com/image/thumb/Purple211/v4/52/bd/a3/52bda3d4-d535-4f2d-465f-2849909a0f64/AppIcon-0-0-1x_U007emarketing-0-8-0-85-220.png/512x512bb.jpg","https://is1-ssl.mzstatic.com/image/thumb/Purple211/v4/52/bd/a3/52bda3d4-d535-4f2d-465f-2849909a0f64/AppIcon-0-0-1x_U007emarketing-0-8-0-85-220.png/100x100bb.jpg","['iPhone5s-iPhone5s', 'iPadAir-iPadAir', 'iPadAirCellular-iPadAirCellular', 'iPadMiniRetina-iPadMiniRetina', 'iPadMiniRetinaCellular-iPadMiniRetinaCellular', 'iPhone6-iPhone6', 'iPhone6Plus-iPhone6Plus', 'iPadAir2-iPadAir2', 'iPadAir2Cellular-iPadAir2Cellular', 'iPadMini3-iPadMini3', 'iPadMini3Cellular-iPadMini3Cellular', 'iPodTouchSixthGen-iPodTouchSixthGen', 'iPhone6s-iPhone6s', 'iPhone6sPlus-iPhone6sPlus', 'iPadMini4-iPadMini4', 'iPadMini4Cellular-iPadMini4Cellular', 'iPadPro-iPadPro', 'iPadProCellular-iPadProCellular', 'iPadPro97-iPadPro97', 'iPadPro97Cellular-iPadPro97Cellular', 'iPhoneSE-iPhoneSE', 'iPhone7-iPhone7', 'iPhone7Plus-iPhone7Plus', 'iPad611-iPad611', 'iPad612-iPad612', 'iPad71-iPad71', 'iPad72-iPad72', 'iPad73-iPad73', 'iPad74-iPad74', 'iPhone8-iPhone8', 'iPhone8Plus-iPhone8Plus', 'iPhoneX-iPhoneX', 'iPad75-iPad75', 'iPad76-iPad76', 'iPhoneXS-iPhoneXS', 'iPhoneXSMax-iPhoneXSMax', 'iPhoneXR-iPhoneXR', 'iPad812-iPad812', 'iPad834-iPad834', 'iPad856-iPad856', 'iPad878-iPad878', 'iPadMini5-iPadMini5', 'iPadMini5Cellular-iPadMini5Cellular', 'iPadAir3-iPadAir3', 'iPadAir3Cellular-iPadAir3Cellular', 'iPodTouchSeventhGen-iPodTouchSeventhGen', 'iPhone11-iPhone11', 'iPhone11Pro-iPhone11Pro', 'iPadSeventhGen-iPadSeventhGen', 'iPadSeventhGenCellular-iPadSeventhGenCellular', 'iPhone11ProMax-iPhone11ProMax', 'iPhoneSESecondGen-iPhoneSESecondGen', 'iPadProSecondGen-iPadProSecondGen', 'iPadProSecondGenCellular-iPadProSecondGenCellular', 'iPadProFourthGen-iPadProFourthGen', 'iPadProFourthGenCellular-iPadProFourthGenCellular', 'iPhone12Mini-iPhone12Mini', 'iPhone12-iPhone12', 'iPhone12Pro-iPhone12Pro', 'iPhone12ProMax-iPhone12ProMax', 'iPadAir4-iPadAir4', 'iPadAir4Cellular-iPadAir4Cellular', 'iPadEighthGen-iPadEighthGen', 'iPadEighthGenCellular-iPadEighthGenCellular', 'iPadProThirdGen-iPadProThirdGen', 'iPadProThirdGenCellular-iPadProThirdGenCellular', 'iPadProFifthGen-iPadProFifthGen', 'iPadProFifthGenCellular-iPadProFifthGenCellular', 'iPhone13Pro-iPhone13Pro', 'iPhone13ProMax-iPhone13ProMax', 'iPhone13Mini-iPhone13Mini', 'iPhone13-iPhone13', 'iPadMiniSixthGen-iPadMiniSixthGen', 'iPadMiniSixthGenCellular-iPadMiniSixthGenCellular', 'iPadNinthGen-iPadNinthGen', 'iPadNinthGenCellular-iPadNinthGenCellular', 'iPhoneSEThirdGen-iPhoneSEThirdGen', 'iPadAirFifthGen-iPadAirFifthGen', 'iPadAirFifthGenCellular-iPadAirFifthGenCellular', 'iPhone14-iPhone14', 'iPhone14Plus-iPhone14Plus', 'iPhone14Pro-iPhone14Pro', 'iPhone14ProMax-iPhone14ProMax', 'iPadTenthGen-iPadTenthGen', 'iPadTenthGenCellular-iPadTenthGenCellular', 'iPadPro11FourthGen-iPadPro11FourthGen', 'iPadPro11FourthGenCellular-iPadPro11FourthGenCellular', 'iPadProSixthGen-iPadProSixthGen', 'iPadProSixthGenCellular-iPadProSixthGenCellular', 'iPhone15-iPhone15', 'iPhone15Plus-iPhone15Plus', 'iPhone15Pro-iPhone15Pro', 'iPhone15ProMax-iPhone15ProMax', 'iPadAir11M2-iPadAir11M2', 'iPadAir11M2Cellular-iPadAir11M2Cellular', 'iPadAir13M2-iPadAir13M2', 'iPadAir13M2Cellular-iPadAir13M2Cellular', 'iPadPro11M4-iPadPro11M4', 'iPadPro11M4Cellular-iPadPro11M4Cellular', 'iPadPro13M4-iPadPro13M4', 'iPadPro13M4Cellular-iPadPro13M4Cellular', 'iPhone16-iPhone16', 'iPhone16Plus-iPhone16Plus', 'iPhone16Pro-iPhone16Pro', 'iPhone16ProMax-iPhone16ProMax', 'iPadMiniA17Pro-iPadMiniA17Pro', 'iPadMiniA17ProCellular-iPadMiniA17ProCellular', 'iPhone16e-iPhone16e', 'iPadA16-iPadA16', 'iPadA16Cellular-iPadA16Cellular', 'iPadAir11M3-iPadAir11M3', 'iPadAir11M3Cellular-iPadAir11M3Cellular', 'iPadAir13M3-iPadAir13M3', 'iPadAir13M3Cellular-iPadAir13M3Cellular', 'iPhone17Pro-iPhone17Pro', 'iPhone17ProMax-iPhone17ProMax', 'iPhone17-iPhone17', 'iPhoneAir-iPhoneAir', 'iPadPro11M5-iPadPro11M5', 'iPadPro11M5Cellular-iPadPro11M5Cellular', 'iPadPro13M5-iPadPro13M5', 'iPadPro13M5Cellular-iPadPro13M5Cellular']","True","jp.co.bandainamcoent.BNEI0334","Bandai Namco Entertainment Inc.","523921408","13.0","352305770","['EN', 'FR', 'DE', 'JA', 'KO', 'PT', 'ES', 'ZH']","","[]","{}"
"DRAGON BALL GEKISHIN SQUADRA","Bandai Namco Entertainment Inc.","4.5","706","6744439943","https://apps.apple.com/br/app/dragon-ball-gekishin-squadra/id6744439943?uo=4","0.0","BRL","Grátis","Games","['Jogos', 'Ação', 'RPG']","[Está disponível o jogo de luta em equipe de Dragon Ball!]

◆Controle personagens nas batalhas em equipes 4x4
Sinta-se livre para avançar sozinho ou conquistar a base inimiga com seus companheiros!
Tenha o controle de Heróis que evoluem durante a partida, e acabe com os jogadores adversários e chefões!

◆Escolha entre 3 funções e jogue!
Dano, que tem especialização extrema em ataque; Tanque, que será o escudo do time; ou Técnico, que possui diversos meios para auxiliar os aliados e sabotar as ações dos inimigos.
Inúmeros Heróis únicos estão disponíveis para cumprir essas funções!

◆Personalização
É possível personalizar livremente não só a aparência dos Heróis, mas também as animações e efeitos visuais.
Há diversas opções, desde as cenas de entrada até os golpes finais.

◆Multiplataforma
Forme equipes com seus amigos e jogue com pessoas do mundo inteiro através do seu celular, console ou PC. É possível conectar sua conta e progresso em múltiplos dispositivos.

Site da Bandai Namco Entertainment Inc.:
https://bandainamcoent.co.jp/english/

Ao baixar ou instalar este aplicativo, você concorda com os Termos de Serviço da Bandai Namco Entertainment.

Termos de Serviço:
https://legal.bandainamcoent.co.jp/terms/
Política de Privacidade:
https://legal.bandainamcoent.co.jp/privacy/

Este jogo contém alguns itens disponíveis para compra no aplicativo que podem melhorar a jogabilidade e acelerar seu progresso. As compras no aplicativo podem ser desativadas a partir das configurações do dispositivo, acesse https://support.apple.com/pt-br/HT201304  para mais detalhes.

This application is distributed under the official rights from the license holder.
*A data de lançamento estipulada é provisória.","2025-09-10T07:00:00Z","2025-12-05T02:55:47Z","1.2.2","Correções para vários problemas","+12","[]","[]","[]","https://is1-ssl.mzstatic.com/image/thumb/Purple221/v4/0a/c7/82/0ac78291-6343-061e-212d-634a54f0b293/AppIcon-0-0-1x_U007emarketing-0-11-0-85-220.png/512x512bb.jpg","https://is1-ssl.mzstatic.com/image/thumb/Purple221/v4/0a/c7/82/0ac78291-6343-061e-212d-634a54f0b293/AppIcon-0-0-1x_U007emarketing-0-11-0-85-220.png/100x100bb.jpg","['iPhone5s-iPhone5s', 'iPadAir-iPadAir', 'iPadAirCellular-iPadAirCellular', 'iPadMiniRetina-iPadMiniRetina', 'iPadMiniRetinaCellular-iPadMiniRetinaCellular', 'iPhone6-iPhone6', 'iPhone6Plus-iPhone6Plus', 'iPadAir2-iPadAir2', 'iPadAir2Cellular-iPadAir2Cellular', 'iPadMini3-iPadMini3', 'iPadMini3Cellular-iPadMini3Cellular', 'iPodTouchSixthGen-iPodTouchSixthGen', 'iPhone6s-iPhone6s', 'iPhone6sPlus-iPhone6sPlus', 'iPadMini4-iPadMini4', 'iPadMini4Cellular-iPadMini4Cellular', 'iPadPro-iPadPro', 'iPadProCellular-iPadProCellular', 'iPadPro97-iPadPro97', 'iPadPro97Cellular-iPadPro97Cellular', 'iPhoneSE-iPhoneSE', 'iPhone7-iPhone7', 'iPhone7Plus-iPhone7Plus', 'iPad611-iPad611', 'iPad612-iPad612', 'iPad71-iPad71', 'iPad72-iPad72', 'iPad73-iPad73', 'iPad74-iPad74', 'iPhone8-iPhone8', 'iPhone8Plus-iPhone8Plus', 'iPhoneX-iPhoneX', 'iPad75-iPad75', 'iPad76-iPad76', 'iPhoneXS-iPhoneXS', 'iPhoneXSMax-iPhoneXSMax', 'iPhoneXR-iPhoneXR', 'iPad812-iPad812', 'iPad834-iPad834', 'iPad856-iPad856', 'iPad878-iPad878', 'iPadMini5-iPadMini5', 'iPadMini5Cellular-iPadMini5Cellular', 'iPadAir3-iPadAir3', 'iPadAir3Cellular-iPadAir3Cellular', 'iPodTouchSeventhGen-iPodTouchSeventhGen', 'iPhone11-iPhone11', 'iPhone11Pro-iPhone11Pro', 'iPadSeventhGen-iPadSeventhGen', 'iPadSeventhGenCellular-iPadSeventhGenCellular', 'iPhone11ProMax-iPhone11ProMax', 'iPhoneSESecondGen-iPhoneSESecondGen', 'iPadProSecondGen-iPadProSecondGen', 'iPadProSecondGenCellular-iPadProSecondGenCellular', 'iPadProFourthGen-iPadProFourthGen', 'iPadProFourthGenCellular-iPadProFourthGenCellular', 'iPhone12Mini-iPhone12Mini', 'iPhone12-iPhone12', 'iPhone12Pro-iPhone12Pro', 'iPhone12ProMax-iPhone12ProMax', 'iPadAir4-iPadAir4', 'iPadAir4Cellular-iPadAir4Cellular', 'iPadEighthGen-iPadEighthGen', 'iPadEighthGenCellular-iPadEighthGenCellular', 'iPadProThirdGen-iPadProThirdGen', 'iPadProThirdGenCellular-iPadProThirdGenCellular', 'iPadProFifthGen-iPadProFifthGen', 'iPadProFifthGenCellular-iPadProFifthGenCellular', 'iPhone13Pro-iPhone13Pro', 'iPhone13ProMax-iPhone13ProMax', 'iPhone13Mini-iPhone13Mini', 'iPhone13-iPhone13', 'iPadMiniSixthGen-iPadMiniSixthGen', 'iPadMiniSixthGenCellular-iPadMiniSixthGenCellular', 'iPadNinthGen-iPadNinthGen', 'iPadNinthGenCellular-iPadNinthGenCellular', 'iPhoneSEThirdGen-iPhoneSEThirdGen', 'iPadAirFifthGen-iPadAirFifthGen', 'iPadAirFifthGenCellular-iPadAirFifthGenCellular', 'iPhone14-iPhone14', 'iPhone14Plus-iPhone14Plus', 'iPhone14Pro-iPhone14Pro', 'iPhone14ProMax-iPhone14ProMax', 'iPadTenthGen-iPadTenthGen', 'iPadTenthGenCellular-iPadTenthGenCellular', 'iPadPro11FourthGen-iPadPro11FourthGen', 'iPadPro11FourthGenCellular-iPadPro11FourthGenCellular', 'iPadProSixthGen-iPadProSixthGen', 'iPadProSixthGenCellular-iPadProSixthGenCellular', 'iPhone15-iPhone15', 'iPhone15Plus-iPhone15Plus', 'iPhone15Pro-iPhone15Pro', 'iPhone15ProMax-iPhone15ProMax', 'iPadAir11M2-iPadAir11M2', 'iPadAir11M2Cellular-iPadAir11M2Cellular', 'iPadAir13M2-iPadAir13M2', 'iPadAir13M2Cellular-iPadAir13M2Cellular', 'iPadPro11M4-iPadPro11M4', 'iPadPro11M4Cellular-iPadPro11M4Cellular', 'iPadPro13M4-iPadPro13M4', 'iPadPro13M4Cellular-iPadPro13M4Cellular', 'iPhone16-iPhone16', 'iPhone16Plus-iPhone16Plus', 'iPhone16Pro-iPhone16Pro', 'iPhone16ProMax-iPhone16ProMax', 'iPadMiniA17Pro-iPadMiniA17Pro', 'iPadMiniA17ProCellular-iPadMiniA17ProCellular', 'iPhone16e-iPhone16e', 'iPadA16-iPadA16', 'iPadA16Cellular-iPadA16Cellular', 'iPadAir11M3-iPadAir11M3', 'iPadAir11M3Cellular-iPadAir11M3Cellular', 'iPadAir13M3-iPadAir13M3', 'iPadAir13M3Cellular-iPadAir13M3Cellular', 'iPhone17Pro-iPhone17Pro', 'iPhone17ProMax-iPhone17ProMax', 'iPhone17-iPhone17', 'iPhoneAir-iPhoneAir', 'iPadPro11M5-iPadPro11M5', 'iPadPro11M5Cellular-iPadPro11M5Cellular', 'iPadPro13M5-iPadPro13M5', 'iPadPro13M5Cellular-iPadPro13M5Cellular']","True","jp.co.bandainamcoent.BNEI0418","Bandai Namco Entertainment Inc.","1087836160","17.0","352305770","['EN', 'FR', 'DE', 'JA', 'KO', 'PT', 'ZH', 'ES', 'ZH']","","[]","{}"
"DRAGON BALL Z DOKKAN BATTLE","Bandai Namco Entertainment Inc.","4.6","2544","951627425","https://apps.apple.com/br/app/dragon-ball-z-dokkan-battle/id951627425?uo=4","0.0","BRL","Grátis","Games","['Jogos', 'Quebra-cabeça', 'Ação', 'Entreteni\xadmento']","DRAGON BALL Z DOKKAN BATTLE is the one of the best DRAGON BALL mobile game experiences available. This DB anime action puzzle game features beautiful 2D illustrated visuals and animations set in a DRAGON BALL world where the timeline has been thrown into chaos, where DB characters from the past and present come face to face in new and exciting battles! Experience the new story and save the world of DRAGON BALL!

DRAGON BALL Z DOKKAN BATTLE features a super refreshing and simplistic approach to the anime action genre! The epic anime-like battles feature simple yet addictive gameplay. Link Ki spheres during battle to attack your foes! Take your time and play at your own pace, it’s the perfect DB game to play on the go wherever you are! When you are ready and powered up, finish your enemies with powerful Super Attacks such as Super Saiyan Goku’s Kamehameha and many more to send enemies flying!

All of your favorite characters are here from all your favorite DRAGON BALL anime series! From DBZ to DBS, everyone’s favorite Saiyan, Goku and his friends are ready to battle Frieza, Cell, Beerus, Jiren, and more! Summon your favorite DB characters and create the ultimate dream team(s)! Train and Awaken DB characters to power them up!

Help return order to the DRAGON BALL timeline through Quest mode. Experience reimagined popular anime stories with DB characters new and old. Play in Dokkan Events and the World Tournament and face off against tough enemies! And for true hardened fighters, the challenges of Extreme Z-Battle and Super Battle Road await!

SIMPLE ADDICTING GAMEPLAY
• Featuring a new take on the action puzzle game genre
• Tap and link Ki Spheres to attack and enter Dokkan Mode to finish foes!!
• Play at your own pace, planning your battle strategy is key

FINISH FOES WITH SUPER ATTACKS
• Collect enough Ki Spheres to activate Super Attacks just like the anime
• From Goku’s Iconic Kamehameha attack to Vegeta’s Final Flash, all your favorites are here
• Experience them all in epic 2D illustrations and animations

YOUR FAVORITE DRAGON BALL CHARACTERS ARE HERE
• From DBZ to DBS, many popular DB characters are available
• Summon new and classic favorites such as Super - Saiyan God SS Goku, Vegeta, Krillin or rivals such as Frieza, Cell, Beerus, and Jiren plus more from the popular anime series

FORM YOUR TEAM OF POWERFUL WARRIORS
• Organize your DRAGON BALL team and create the strongest fighting force!
• Train your favorite DB characters and Awaken them to new realms of power!

A NEW DRAGON BALL STORY
• Bring order to the DRAGON BALL timeline
• Play the board game-style map and all-new story with your favorite Dragon Ball characters!
• Experience reimagined stories with DB characters new and old
Are you ready to go even further beyond? Download one of the best DRAGON BALL experiences available with DRAGON BALL Z DOKKAN BATTLE today for free!

Bandai Namco Entertainment Inc. Website:
https://bandainamcoent.co.jp/english/
By downloading or installing this app, you agree to the Bandai Namco Entertainment Terms of Service.

Terms of Service:
https://legal.bandainamcoent.co.jp/terms/
Privacy Policy:
https://legal.bandainamcoent.co.jp/privacy/

Note:
This game contains some items available for in-app purchase
that can enhance gameplay and speed up your progress. In-app
purchases can be disabled in your device settings, see
https://support.apple.com/en-us/HT201304 for more details.

[Note About “Family Sharing”]
This application currently does not support the “Ask to Buy” feature included with Family Sharing. As a result, using this feature to make an in-app purchase on a device with Family Sharing enabled may result in an error. We ask that you do not use the “Ask to Buy” feature when purchasing items until we have updated our application to support this feature.

This application is distributed under the official rights from the license holder.

Powered by ""CRIWARE"".
CRIWARE is a trademark of CRI Middleware Co., Ltd.","2015-07-16T02:59:25Z","2025-11-05T08:06:02Z","5.31.5","v5.31.5
- Updated the copyright notice.

v5.31.0
- Discontinued the ""Reverse"" feature.
- Optimized the ""Super Attack Level-Up"" feature.
- Optimized the ""Hidden Potential Activation"" feature.
- Optimized the ""Hidden Potential Skill Forgetting"" feature.
- Provided support for new operating systems.
- Adjusted the user interface.
- Fixed some bugs.","+9","[]","[]","[]","https://is1-ssl.mzstatic.com/image/thumb/Purple211/v4/f3/86/e7/f386e75d-6afc-1390-d10d-a13347e3ee58/AppIcon-1x_U007emarketing-0-11-0-85-220-0.png/512x512bb.jpg","https://is1-ssl.mzstatic.com/image/thumb/Purple211/v4/f3/86/e7/f386e75d-6afc-1390-d10d-a13347e3ee58/AppIcon-1x_U007emarketing-0-11-0-85-220-0.png/100x100bb.jpg","['iPhone5s-iPhone5s', 'iPadAir-iPadAir', 'iPadAirCellular-iPadAirCellular', 'iPadMiniRetina-iPadMiniRetina', 'iPadMiniRetinaCellular-iPadMiniRetinaCellular', 'iPhone6-iPhone6', 'iPhone6Plus-iPhone6Plus', 'iPadAir2-iPadAir2', 'iPadAir2Cellular-iPadAir2Cellular', 'iPadMini3-iPadMini3', 'iPadMini3Cellular-iPadMini3Cellular', 'iPodTouchSixthGen-iPodTouchSixthGen', 'iPhone6s-iPhone6s', 'iPhone6sPlus-iPhone6sPlus', 'iPadMini4-iPadMini4', 'iPadMini4Cellular-iPadMini4Cellular', 'iPadPro-iPadPro', 'iPadProCellular-iPadProCellular', 'iPadPro97-iPadPro97', 'iPadPro97Cellular-iPadPro97Cellular', 'iPhoneSE-iPhoneSE', 'iPhone7-iPhone7', 'iPhone7Plus-iPhone7Plus', 'iPad611-iPad611', 'iPad612-iPad612', 'iPad71-iPad71', 'iPad72-iPad72', 'iPad73-iPad73', 'iPad74-iPad74', 'iPhone8-iPhone8', 'iPhone8Plus-iPhone8Plus', 'iPhoneX-iPhoneX', 'iPad75-iPad75', 'iPad76-iPad76', 'iPhoneXS-iPhoneXS', 'iPhoneXSMax-iPhoneXSMax', 'iPhoneXR-iPhoneXR', 'iPad812-iPad812', 'iPad834-iPad834', 'iPad856-iPad856', 'iPad878-iPad878', 'iPadMini5-iPadMini5', 'iPadMini5Cellular-iPadMini5Cellular', 'iPadAir3-iPadAir3', 'iPadAir3Cellular-iPadAir3Cellular', 'iPodTouchSeventhGen-iPodTouchSeventhGen', 'iPhone11-iPhone11', 'iPhone11Pro-iPhone11Pro', 'iPadSeventhGen-iPadSeventhGen', 'iPadSeventhGenCellular-iPadSeventhGenCellular', 'iPhone11ProMax-iPhone11ProMax', 'iPhoneSESecondGen-iPhoneSESecondGen', 'iPadProSecondGen-iPadProSecondGen', 'iPadProSecondGenCellular-iPadProSecondGenCellular', 'iPadProFourthGen-iPadProFourthGen', 'iPadProFourthGenCellular-iPadProFourthGenCellular', 'iPhone12Mini-iPhone12Mini', 'iPhone12-iPhone12', 'iPhone12Pro-iPhone12Pro', 'iPhone12ProMax-iPhone12ProMax', 'iPadAir4-iPadAir4', 'iPadAir4Cellular-iPadAir4Cellular', 'iPadEighthGen-iPadEighthGen', 'iPadEighthGenCellular-iPadEighthGenCellular', 'iPadProThirdGen-iPadProThirdGen', 'iPadProThirdGenCellular-iPadProThirdGenCellular', 'iPadProFifthGen-iPadProFifthGen', 'iPadProFifthGenCellular-iPadProFifthGenCellular', 'iPhone13Pro-iPhone13Pro', 'iPhone13ProMax-iPhone13ProMax', 'iPhone13Mini-iPhone13Mini', 'iPhone13-iPhone13', 'iPadMiniSixthGen-iPadMiniSixthGen', 'iPadMiniSixthGenCellular-iPadMiniSixthGenCellular', 'iPadNinthGen-iPadNinthGen', 'iPadNinthGenCellular-iPadNinthGenCellular', 'iPhoneSEThirdGen-iPhoneSEThirdGen', 'iPadAirFifthGen-iPadAirFifthGen', 'iPadAirFifthGenCellular-iPadAirFifthGenCellular', 'iPhone14-iPhone14', 'iPhone14Plus-iPhone14Plus', 'iPhone14Pro-iPhone14Pro', 'iPhone14ProMax-iPhone14ProMax', 'iPadTenthGen-iPadTenthGen', 'iPadTenthGenCellular-iPadTenthGenCellular', 'iPadPro11FourthGen-iPadPro11FourthGen', 'iPadPro11FourthGenCellular-iPadPro11FourthGenCellular', 'iPadProSixthGen-iPadProSixthGen', 'iPadProSixthGenCellular-iPadProSixthGenCellular', 'iPhone15-iPhone15', 'iPhone15Plus-iPhone15Plus', 'iPhone15Pro-iPhone15Pro', 'iPhone15ProMax-iPhone15ProMax', 'iPadAir11M2-iPadAir11M2', 'iPadAir11M2Cellular-iPadAir11M2Cellular', 'iPadAir13M2-iPadAir13M2', 'iPadAir13M2Cellular-iPadAir13M2Cellular', 'iPadPro11M4-iPadPro11M4', 'iPadPro11M4Cellular-iPadPro11M4Cellular', 'iPadPro13M4-iPadPro13M4', 'iPadPro13M4Cellular-iPadPro13M4Cellular', 'iPhone16-iPhone16', 'iPhone16Plus-iPhone16Plus', 'iPhone16Pro-iPhone16Pro', 'iPhone16ProMax-iPhone16ProMax', 'iPadMiniA17Pro-iPadMiniA17Pro', 'iPadMiniA17ProCellular-iPadMiniA17ProCellular', 'iPhone16e-iPhone16e', 'iPadA16-iPadA16', 'iPadA16Cellular-iPadA16Cellular', 'iPadAir11M3-iPadAir11M3', 'iPadAir11M3Cellular-iPadAir11M3Cellular', 'iPadAir13M3-iPadAir13M3', 'iPadAir13M3Cellular-iPadAir13M3Cellular', 'iPhone17Pro-iPhone17Pro', 'iPhone17ProMax-iPhone17ProMax', 'iPhone17-iPhone17', 'iPhoneAir-iPhoneAir', 'iPadPro11M5-iPadPro11M5', 'iPadPro11M5Cellular-iPadPro11M5Cellular', 'iPadPro13M5-iPadPro13M5', 'iPadPro13M5Cellular-iPadPro13M5Cellular']","True","jp.co.bandainamcogames.BNGI0221","Bandai Namco Entertainment Inc.","1172732928","15.0","352305770","['EN', 'FR', 'DE', 'KO', 'ES', 'ZH']","","[]","{}"
"Stickman Warriors Fight: Arena","Huyen Pham","4.8","629","6451483389","https://apps.apple.com/br/app/stickman-warriors-fight-arena/id6451483389?uo=4","0.0","BRL","Grátis","Games","['Jogos', 'Ação', 'Aventura']","Prepare for the most intense battles in Stickman Warriors Fight: Arena! 
Defend the super dragons against fearsome foes, including bosses, stickmen, shadow zombies, subzero warriors, and monstrous creatures. Engage in epic 3v3 fights, unleashing fierce attacks against shadow zombies, formidable stickman bosses, subzero warriors, and more. Get ready for non-stop action and excitement in this stickman warrior fighting game.

Choose your stick heroes, level up your fighting skills, and become a legendary warrior. Protect the universe from evil forces and challenge warriors from different dimensions. This ninja game is available on the App Store, offering thrilling combat and various game modes.

How to Play:
Dodge, jump, and release your power to become a mighty stickman warrior. The controls are simple yet effective, allowing everyone to jump right into the action. Utilize devastating ball-shooting techniques to eliminate enemies lurking in the shadows.

Game Features:
- Multiple game modes: Experience classic battles and team fighting in the arena. Compete in tournaments to determine the strongest team and earn prestigious rewards.
- Engaging story mode: Immerse yourself in a captivating storyline, from serenity to exhilaration. Develop your character to its fullest potential as the plot unfolds with surprises at every turn.
- Tournament mode: Compete against the best teams in the ultimate showdown. The victorious team will be crowned champions and showcased on the prestigious arena gold board.

Do you have what it takes to become the ultimate stickman warrior in Stickman Pirates: 3v3 Arena? Download the game now from the App Store and prepare for an epic battle!","2023-07-20T07:00:00Z","2023-09-26T14:53:17Z","1.7","Fix bug","+4","['https://is1-ssl.mzstatic.com/image/thumb/Purple126/v4/7b/7b/2b/7b7b2bd2-0512-bd1f-7f9d-e77a03b3aacd/dbdebc49-3f8a-4cbb-9ef9-e2038c490ca7_sr3.png/406x228bb.png', 'https://is1-ssl.mzstatic.com/image/thumb/Purple126/v4/54/e3/1e/54e31e20-a9bb-3065-21ec-d88970f4b086/61115602-c014-489b-8366-2dc6ecbb798a_1.png/406x228bb.png', 'https://is1-ssl.mzstatic.com/image/thumb/Purple116/v4/a3/e2/4e/a3e24e34-1fcd-76c5-cb85-a36019de7a4f/4612c8bf-7229-433f-aef2-ff2e69dbe2be_2.png/406x228bb.png', 'https://is1-ssl.mzstatic.com/image/thumb/Purple116/v4/f0/5d/29/f05d29fb-62ed-7547-e3e4-0f3326a31109/f7ba29a2-cdd6-4925-bccc-9c80bf71addf_3.png/406x228bb.png', 'https://is1-ssl.mzstatic.com/image/thumb/Purple126/v4/63/3b/8c/633b8c55-756c-4903-4b5e-b15f3b5aa83c/60a06812-b487-4846-8c70-c0bdb1d5d7ac_4.png/406x228bb.png']","['https://is1-ssl.mzstatic.com/image/thumb/Purple116/v4/5c/f9/6b/5cf96b38-20bf-8c95-41b4-8cb997824586/66271809-6aa6-45cf-990a-b10b089ac298_sr3.png/552x414bb.png', 'https://is1-ssl.mzstatic.com/image/thumb/Purple126/v4/d3/e9/1e/d3e91e54-762f-ce78-bbe1-4ef74cae8577/1b85823e-a301-4284-bddf-e0dcd904bb0b_1.png/552x414bb.png', 'https://is1-ssl.mzstatic.com/image/thumb/Purple126/v4/fc/7a/25/fc7a25e1-3e32-7093-b809-4c8501f5adfa/b0601574-0510-4d25-b2cd-d95c4b26eb50_2.png/552x414bb.png', 'https://is1-ssl.mzstatic.com/image/thumb/Purple116/v4/89/03/06/89030673-d996-ee72-52fd-dc3067cb176e/fdaba97a-6281-4469-97ee-c513f5ca1a02_3.png/552x414bb.png', 'https://is1-ssl.mzstatic.com/image/thumb/Purple126/v4/a4/bb/a9/a4bba9c6-d66c-b28d-bf43-c8d90c220896/e2461a48-cc0f-4398-be27-e6d3658d24de_4.png/552x414bb.png']","[]","https://is1-ssl.mzstatic.com/image/thumb/Purple126/v4/ef/77/98/ef7798ef-acd6-5976-72e6-6ffd65085c6b/AppIcon-0-0-1x_U007emarketing-0-7-0-85-220.png/512x512bb.jpg","https://is1-ssl.mzstatic.com/image/thumb/Purple126/v4/ef/77/98/ef7798ef-acd6-5976-72e6-6ffd65085c6b/AppIcon-0-0-1x_U007emarketing-0-7-0-85-220.png/100x100bb.jpg","['iPhone5s-iPhone5s', 'iPadAir-iPadAir', 'iPadAirCellular-iPadAirCellular', 'iPadMiniRetina-iPadMiniRetina', 'iPadMiniRetinaCellular-iPadMiniRetinaCellular', 'iPhone6-iPhone6', 'iPhone6Plus-iPhone6Plus', 'iPadAir2-iPadAir2', 'iPadAir2Cellular-iPadAir2Cellular', 'iPadMini3-iPadMini3', 'iPadMini3Cellular-iPadMini3Cellular', 'iPodTouchSixthGen-iPodTouchSixthGen', 'iPhone6s-iPhone6s', 'iPhone6sPlus-iPhone6sPlus', 'iPadMini4-iPadMini4', 'iPadMini4Cellular-iPadMini4Cellular', 'iPadPro-iPadPro', 'iPadProCellular-iPadProCellular', 'iPadPro97-iPadPro97', 'iPadPro97Cellular-iPadPro97Cellular', 'iPhoneSE-iPhoneSE', 'iPhone7-iPhone7', 'iPhone7Plus-iPhone7Plus', 'iPad611-iPad611', 'iPad612-iPad612', 'iPad71-iPad71', 'iPad72-iPad72', 'iPad73-iPad73', 'iPad74-iPad74', 'iPhone8-iPhone8', 'iPhone8Plus-iPhone8Plus', 'iPhoneX-iPhoneX', 'iPad75-iPad75', 'iPad76-iPad76', 'iPhoneXS-iPhoneXS', 'iPhoneXSMax-iPhoneXSMax', 'iPhoneXR-iPhoneXR', 'iPad812-iPad812', 'iPad834-iPad834', 'iPad856-iPad856', 'iPad878-iPad878', 'iPadMini5-iPadMini5', 'iPadMini5Cellular-iPadMini5Cellular', 'iPadAir3-iPadAir3', 'iPadAir3Cellular-iPadAir3Cellular', 'iPodTouchSeventhGen-iPodTouchSeventhGen', 'iPhone11-iPhone11', 'iPhone11Pro-iPhone11Pro', 'iPadSeventhGen-iPadSeventhGen', 'iPadSeventhGenCellular-iPadSeventhGenCellular', 'iPhone11ProMax-iPhone11ProMax', 'iPhoneSESecondGen-iPhoneSESecondGen', 'iPadProSecondGen-iPadProSecondGen', 'iPadProSecondGenCellular-iPadProSecondGenCellular', 'iPadProFourthGen-iPadProFourthGen', 'iPadProFourthGenCellular-iPadProFourthGenCellular', 'iPhone12Mini-iPhone12Mini', 'iPhone12-iPhone12', 'iPhone12Pro-iPhone12Pro', 'iPhone12ProMax-iPhone12ProMax', 'iPadAir4-iPadAir4', 'iPadAir4Cellular-iPadAir4Cellular', 'iPadEighthGen-iPadEighthGen', 'iPadEighthGenCellular-iPadEighthGenCellular', 'iPadProThirdGen-iPadProThirdGen', 'iPadProThirdGenCellular-iPadProThirdGenCellular', 'iPadProFifthGen-iPadProFifthGen', 'iPadProFifthGenCellular-iPadProFifthGenCellular', 'iPhone13Pro-iPhone13Pro', 'iPhone13ProMax-iPhone13ProMax', 'iPhone13Mini-iPhone13Mini', 'iPhone13-iPhone13', 'iPadMiniSixthGen-iPadMiniSixthGen', 'iPadMiniSixthGenCellular-iPadMiniSixthGenCellular', 'iPadNinthGen-iPadNinthGen', 'iPadNinthGenCellular-iPadNinthGenCellular', 'iPhoneSEThirdGen-iPhoneSEThirdGen', 'iPadAirFifthGen-iPadAirFifthGen', 'iPadAirFifthGenCellular-iPadAirFifthGenCellular', 'iPhone14-iPhone14', 'iPhone14Plus-iPhone14Plus', 'iPhone14Pro-iPhone14Pro', 'iPhone14ProMax-iPhone14ProMax', 'iPadTenthGen-iPadTenthGen', 'iPadTenthGenCellular-iPadTenthGenCellular', 'iPadPro11FourthGen-iPadPro11FourthGen', 'iPadPro11FourthGenCellular-iPadPro11FourthGenCellular', 'iPadProSixthGen-iPadProSixthGen', 'iPadProSixthGenCellular-iPadProSixthGenCellular', 'iPhone15-iPhone15', 'iPhone15Plus-iPhone15Plus', 'iPhone15Pro-iPhone15Pro', 'iPhone15ProMax-iPhone15ProMax', 'iPadAir11M2-iPadAir11M2', 'iPadAir11M2Cellular-iPadAir11M2Cellular', 'iPadAir13M2-iPadAir13M2', 'iPadAir13M2Cellular-iPadAir13M2Cellular', 'iPadPro11M4-iPadPro11M4', 'iPadPro11M4Cellular-iPadPro11M4Cellular', 'iPadPro13M4-iPadPro13M4', 'iPadPro13M4Cellular-iPadPro13M4Cellular', 'iPhone16-iPhone16', 'iPhone16Plus-iPhone16Plus', 'iPhone16Pro-iPhone16Pro', 'iPhone16ProMax-iPhone16ProMax', 'iPadMiniA17Pro-iPadMiniA17Pro', 'iPadMiniA17ProCellular-iPadMiniA17ProCellular', 'iPhone16e-iPhone16e', 'iPadA16-iPadA16', 'iPadA16Cellular-iPadA16Cellular', 'iPadAir11M3-iPadAir11M3', 'iPadAir11M3Cellular-iPadAir11M3Cellular', 'iPadAir13M3-iPadAir13M3', 'iPadAir13M3Cellular-iPadAir13M3Cellular', 'iPhone17Pro-iPhone17Pro', 'iPhone17ProMax-iPhone17ProMax', 'iPhone17-iPhone17', 'iPhoneAir-iPhoneAir', 'iPadPro11M5-iPadPro11M5', 'iPadPro11M5Cellular-iPadPro11M5Cellular', 'iPadPro13M5-iPadPro13M5', 'iPadPro13M5Cellular-iPadPro13M5Cellular']","False","com.dieumai.stick.pirates.fight3v3","Huyen Pham","193523712","13.0","1778581591","['EN']","","[]","{}"
"Anime Battle 3D Fighting Games","S Tanveer Hussain","4.7","330","1524456378","https://apps.apple.com/br/app/anime-battle-3d-fighting-games/id1524456378?uo=4","0.0","BRL","Grátis","Games","['Jogos', 'Esportes', 'Esportes', 'RPG']","O jogo de luta de karatê mais famoso do mundo de 2025 já está disponível na App Store da Apple. É um jogo de ação de luta de karatê Kung Fu; então não hesite em enfrentar seu oponente. Este jogo de luta combina combates de ação e uma experiência realista, como a revolução das lutas Super Slam, em um único jogo. No sentido de um jogo de autodefesa e combate realista, jogue o jogo de luta de karatê mais difícil contra os campeões mundiais de luta PRO. Escolha seu herói lutador com sabedoria e derrote os rivais da cidade neste jogo de ação de luta de karatê. Vamos esmagar todos os oponentes e vencer os desafios.

Como derrotar os lutadores de karatê Kung Fu:
Os oponentes estão prontos para um show de socos e chutes poderosos. Use o poder do inimigo contra ele mesmo. Use chutes, super socos, super chutes e chutes giratórios contra os lutadores oponentes com inteligência e derrote-os impiedosamente. Na luta de karatê, existem muitas técnicas de bloqueio para se defender dos ataques inimigos. Fique de olho em cada movimento do seu oponente. Rapidez é a chave para vencer a luta corpo a corpo. Seus rivais usam diversos estilos de luta, incluindo taekwondo, muay thai, kung fu, boxe e outros; mostre suas habilidades de luta de alto nível para superar todos os oponentes com o poder do karatê.

Jogabilidade e Objetivos Inovadores:
Elimine lutadores de karatê de todo o mundo. Ganhe pontos para lutar contra rivais poderosos e aprimore suas habilidades de karatê kung fu para alcançar o topo do ranking. Melhore seu poder, velocidade e precisão com novos golpes e estilos de luta, ganhando pontos a cada vitória. Lute contra rivais poderosos, vença-os e ganhe pontos para desbloquear novas classificações em sua progressão. Troféus são para os vencedores do karatê. Aventuras infinitas de luta de kung fu em um ambiente de karatê realista. Jogabilidade fácil e controles suaves. Animações avançadas e gráficos 3D impressionantes trazem a experiência real do karatê para suas mãos, enquanto os controles intuitivos da tela sensível ao toque tornam o jab, o gancho e o uppercut naturais e divertidos.

Recursos do Jogo de Luta Anime Battle 3D:

- Jogue com sua lenda do karatê dragão em lutas de rei do Kung Fu
- Desafie o rei do karatê dragão com grandes recompensas
- Derrote lutadores de Kung Fu e ganhe pontos para desbloquear o próximo torneio
- Use seu superpoder ninja para reduzir rapidamente a energia do desafiante
- Lute contra lutadores perigosos e torne-se o campeão do karatê dragão
- Ambiente belíssimo para aumentar sua paixão pela luta
- Controles intuitivos e suaves na tela sensível ao toque
- Música de fundo e efeitos sonoros irão aumentar sua energia na competição de karatê
Link para a política de privacidade: https://docs.google.com/document/d/1xY5PLhrKwuTUHKosbRW23KdfzN-fuPyF/edit
Link para os termos de uso: https://drive.google.com/file/d/1vX7l74LP7cdcM0XR8569Wi3zXDEAr3c_/view?usp=sharing","2020-12-31T08:00:00Z","2025-11-05T08:55:01Z","5.7","Olá, lutadores! A atualização mais recente para iOS já está disponível no lobby!

Obrigado por jogar Anime Battle 3D Fighting Games. Esta versão contém as seguintes alterações:

***Novos recursos do jogo***

- Adicionamos mais combos para aumentar o poder dos golpes
- Ajustes de som aprimorados para uma luta mais realista
- Correção de alguns problemas técnicos para uma luta mais fluida.","+12","['https://is1-ssl.mzstatic.com/image/thumb/Purple211/v4/73/d4/3a/73d43a82-1eae-0e51-c6e4-b974120933ff/ab54c357-b4e7-4565-b7a0-be47c2bd5a0a_2208x1242.jpg/406x228bb.jpg', 'https://is1-ssl.mzstatic.com/image/thumb/Purple211/v4/8e/6a/2e/8e6a2e88-9f1f-7a40-5927-eae2fe4710d2/e2d135a2-47ea-4816-a6c6-04ee4ac042a7_11.jpg/406x228bb.jpg', 'https://is1-ssl.mzstatic.com/image/thumb/Purple211/v4/20/4f/70/204f700a-29ee-0fbf-0781-1f26f1ffdc4d/e588208b-9649-46e7-9406-5d9416ff2bf3_03.jpg/406x228bb.jpg', 'https://is1-ssl.mzstatic.com/image/thumb/Purple221/v4/ad/fd/c1/adfdc198-2a43-9828-9026-dc7a20660b10/0b99a922-1cad-4155-9a2d-451e8423f1d7_09.jpg/406x228bb.jpg', 'https://is1-ssl.mzstatic.com/image/thumb/Purple211/v4/5f/34/93/5f3493a9-ea5a-3958-e1d8-168caf4744f4/864807ed-6ad7-4125-9fab-1f5c462dd92f_04.jpg/406x228bb.jpg', 'https://is1-ssl.mzstatic.com/image/thumb/Purple211/v4/1d/07/a6/1d07a669-8c3e-663f-cf08-165800cc6009/f32e815c-c622-43e7-a644-d7f79c0c95a8_10.jpg/406x228bb.jpg', 'https://is1-ssl.mzstatic.com/image/thumb/Purple211/v4/b2/ad/96/b2ad9680-6a5a-d95b-a322-f906e80eed18/dfac0edc-8052-4dc9-9826-cef4e25159e3_02.jpg/406x228bb.jpg']","['https://is1-ssl.mzstatic.com/image/thumb/Purple221/v4/3d/e7/de/3de7dec8-2109-bb00-99d7-2804cd7595e6/d1449fca-cf68-4a8f-8546-c44b494c2e22_2732_U002b2048.jpg/552x414bb.jpg', 'https://is1-ssl.mzstatic.com/image/thumb/Purple221/v4/9d/be/43/9dbe435c-117e-d1ff-e5b3-5de7dd585571/079cf4aa-c961-4ff2-bb07-6395b91606dd_11.jpg/552x414bb.jpg', 'https://is1-ssl.mzstatic.com/image/thumb/Purple211/v4/9b/30/9f/9b309f37-39de-5ab3-8592-c1a811e84e7e/039135fd-7928-4f05-8690-5beed33beb04_03.jpg/552x414bb.jpg', 'https://is1-ssl.mzstatic.com/image/thumb/Purple221/v4/7c/14/f8/7c14f8de-134f-a2d1-d552-f3d2e6fe7703/d55642ef-e743-41cf-af21-6aed41787007_09.jpg/552x414bb.jpg', 'https://is1-ssl.mzstatic.com/image/thumb/Purple221/v4/4e/1a/71/4e1a7184-1f2a-bd13-5c01-b55a08bb0398/246f463b-8e2e-42f6-8ed3-4010db3bc5ae_04.jpg/552x414bb.jpg', 'https://is1-ssl.mzstatic.com/image/thumb/Purple211/v4/fb/bc/94/fbbc9420-aa93-1a03-3766-684ab6d96155/c6a69fbf-8deb-4e01-ad87-afdce2d59df5_10.jpg/552x414bb.jpg', 'https://is1-ssl.mzstatic.com/image/thumb/Purple221/v4/cc/78/63/cc786348-6769-515b-1e40-4058eacda30a/4e4e22c0-9522-427e-85fb-eab496f83feb_02.jpg/552x414bb.jpg']","[]","https://is1-ssl.mzstatic.com/image/thumb/Purple221/v4/3f/0a/60/3f0a6035-9c83-618d-398f-e6304a7ffeb4/AppIcon-1x_U007emarketing-0-8-0-85-220-0.png/512x512bb.jpg","https://is1-ssl.mzstatic.com/image/thumb/Purple221/v4/3f/0a/60/3f0a6035-9c83-618d-398f-e6304a7ffeb4/AppIcon-1x_U007emarketing-0-8-0-85-220-0.png/100x100bb.jpg","['iPhone5s-iPhone5s', 'iPadAir-iPadAir', 'iPadAirCellular-iPadAirCellular', 'iPadMiniRetina-iPadMiniRetina', 'iPadMiniRetinaCellular-iPadMiniRetinaCellular', 'iPhone6-iPhone6', 'iPhone6Plus-iPhone6Plus', 'iPadAir2-iPadAir2', 'iPadAir2Cellular-iPadAir2Cellular', 'iPadMini3-iPadMini3', 'iPadMini3Cellular-iPadMini3Cellular', 'iPodTouchSixthGen-iPodTouchSixthGen', 'iPhone6s-iPhone6s', 'iPhone6sPlus-iPhone6sPlus', 'iPadMini4-iPadMini4', 'iPadMini4Cellular-iPadMini4Cellular', 'iPadPro-iPadPro', 'iPadProCellular-iPadProCellular', 'iPadPro97-iPadPro97', 'iPadPro97Cellular-iPadPro97Cellular', 'iPhoneSE-iPhoneSE', 'iPhone7-iPhone7', 'iPhone7Plus-iPhone7Plus', 'iPad611-iPad611', 'iPad612-iPad612', 'iPad71-iPad71', 'iPad72-iPad72', 'iPad73-iPad73', 'iPad74-iPad74', 'iPhone8-iPhone8', 'iPhone8Plus-iPhone8Plus', 'iPhoneX-iPhoneX', 'iPad75-iPad75', 'iPad76-iPad76', 'iPhoneXS-iPhoneXS', 'iPhoneXSMax-iPhoneXSMax', 'iPhoneXR-iPhoneXR', 'iPad812-iPad812', 'iPad834-iPad834', 'iPad856-iPad856', 'iPad878-iPad878', 'iPadMini5-iPadMini5', 'iPadMini5Cellular-iPadMini5Cellular', 'iPadAir3-iPadAir3', 'iPadAir3Cellular-iPadAir3Cellular', 'iPodTouchSeventhGen-iPodTouchSeventhGen', 'iPhone11-iPhone11', 'iPhone11Pro-iPhone11Pro', 'iPadSeventhGen-iPadSeventhGen', 'iPadSeventhGenCellular-iPadSeventhGenCellular', 'iPhone11ProMax-iPhone11ProMax', 'iPhoneSESecondGen-iPhoneSESecondGen', 'iPadProSecondGen-iPadProSecondGen', 'iPadProSecondGenCellular-iPadProSecondGenCellular', 'iPadProFourthGen-iPadProFourthGen', 'iPadProFourthGenCellular-iPadProFourthGenCellular', 'iPhone12Mini-iPhone12Mini', 'iPhone12-iPhone12', 'iPhone12Pro-iPhone12Pro', 'iPhone12ProMax-iPhone12ProMax', 'iPadAir4-iPadAir4', 'iPadAir4Cellular-iPadAir4Cellular', 'iPadEighthGen-iPadEighthGen', 'iPadEighthGenCellular-iPadEighthGenCellular', 'iPadProThirdGen-iPadProThirdGen', 'iPadProThirdGenCellular-iPadProThirdGenCellular', 'iPadProFifthGen-iPadProFifthGen', 'iPadProFifthGenCellular-iPadProFifthGenCellular', 'iPhone13Pro-iPhone13Pro', 'iPhone13ProMax-iPhone13ProMax', 'iPhone13Mini-iPhone13Mini', 'iPhone13-iPhone13', 'iPadMiniSixthGen-iPadMiniSixthGen', 'iPadMiniSixthGenCellular-iPadMiniSixthGenCellular', 'iPadNinthGen-iPadNinthGen', 'iPadNinthGenCellular-iPadNinthGenCellular', 'iPhoneSEThirdGen-iPhoneSEThirdGen', 'iPadAirFifthGen-iPadAirFifthGen', 'iPadAirFifthGenCellular-iPadAirFifthGenCellular', 'iPhone14-iPhone14', 'iPhone14Plus-iPhone14Plus', 'iPhone14Pro-iPhone14Pro', 'iPhone14ProMax-iPhone14ProMax', 'iPadTenthGen-iPadTenthGen', 'iPadTenthGenCellular-iPadTenthGenCellular', 'iPadPro11FourthGen-iPadPro11FourthGen', 'iPadPro11FourthGenCellular-iPadPro11FourthGenCellular', 'iPadProSixthGen-iPadProSixthGen', 'iPadProSixthGenCellular-iPadProSixthGenCellular', 'iPhone15-iPhone15', 'iPhone15Plus-iPhone15Plus', 'iPhone15Pro-iPhone15Pro', 'iPhone15ProMax-iPhone15ProMax', 'iPadAir11M2-iPadAir11M2', 'iPadAir11M2Cellular-iPadAir11M2Cellular', 'iPadAir13M2-iPadAir13M2', 'iPadAir13M2Cellular-iPadAir13M2Cellular', 'iPadPro11M4-iPadPro11M4', 'iPadPro11M4Cellular-iPadPro11M4Cellular', 'iPadPro13M4-iPadPro13M4', 'iPadPro13M4Cellular-iPadPro13M4Cellular', 'iPhone16-iPhone16', 'iPhone16Plus-iPhone16Plus', 'iPhone16Pro-iPhone16Pro', 'iPhone16ProMax-iPhone16ProMax', 'iPadMiniA17Pro-iPadMiniA17Pro', 'iPadMiniA17ProCellular-iPadMiniA17ProCellular', 'iPhone16e-iPhone16e', 'iPadA16-iPadA16', 'iPadA16Cellular-iPadA16Cellular', 'iPadAir11M3-iPadAir11M3', 'iPadAir11M3Cellular-iPadAir11M3Cellular', 'iPadAir13M3-iPadAir13M3', 'iPadAir13M3Cellular-iPadAir13M3Cellular', 'iPhone17Pro-iPhone17Pro', 'iPhone17ProMax-iPhone17ProMax', 'iPhone17-iPhone17', 'iPhoneAir-iPhoneAir', 'iPadPro11M5-iPadPro11M5', 'iPadPro11M5Cellular-iPadPro11M5Cellular', 'iPadPro13M5-iPadPro13M5', 'iPadPro13M5Cellular-iPadPro13M5Cellular']","False","com.finz.dragon.karate.fight","S Tanveer Hussain","255895552","13.0","699994739","['AR', 'NL', 'EN', 'FR', 'HI', 'ID', 'IT', 'JA', 'PT', 'ES', 'TR', 'UR']","","[]","{}"
"Dragão Lutador Lenda Guerreiro","Daud Amin","2.4","14","1663611837","https://apps.apple.com/br/app/drag%C3%A3o-lutador-lenda-guerreiro/id1663611837?uo=4","0.0","BRL","Grátis","Games","['Jogos', 'RPG', 'Entreteni\xadmento', 'Ação']","Liberte seu super-herói dragão interior e mergulhe no mundo imersivo de Dragon Superhero Grand City. Voe e voe pelos vastos céus abertos enquanto domina superpoderes extraordinários. Participe de combates cheios de adrenalina contra vilões formidáveis, mostrando sua força e habilidades sobre-humanas. Com seu vasto ambiente de mundo aberto, embarque em missões emocionantes que testam suas habilidades e determinação. Atualize seus poderes para desbloquear novos níveis de força e desencadear ataques devastadores. Explore a vibrante e dinâmica Grand City, descobrindo segredos ocultos e defendendo vidas inocentes das garras do mal. Mergulhe nos cativantes gráficos 3D que dão vida à cidade e suas batalhas épicas. Dragon Superhero Grand City oferece uma emocionante experiência de simulador de super-heróis, combinando ação intensa, exploração e feitos heróicos em um único pacote extraordinário.
Torne-se Super Dragon Rope Hero e transforme seu super-herói em formas especiais de super e lute como um guerreiro Super Z. Seja um Dragon Master em Flying Fighting e faça combates como super-heróis mortais. Explore o Grand City Vice, escale como um super-herói aranha, voe para onde quiser e destrua os inimigos com sua explosão de energia e ataques de raio laser.

A batalha da aliança de super-heróis está esperando por você para provar sua supremacia como super-herói neste jogo de super-heróis do dragão. O jogo de ação do super guerreiro tem uma cidade gangster da máfia detalhada com incríveis arranha-céus para vagar no jogo de mundo aberto. O jogo Stealthy-Action vem com emocionantes City Dragon Adventures com sublimes heróis dragões lutando neste jogo de super-heróis.

Faça o download do Flying Superhero Dragon Game para salvar a cidade dos Evil Dragon Fighters usando seus poderes Energy Blast, Laser Beam e Super Speed ​​Flying.

Características do jogo de luta Dragon:
Níveis desafiadores
Experiência de luta mortal real
Gráficos de alta qualidade
Torne-se mestre dragão
Lutadores de dragão em ação
Super formas especiais para ter incríveis efeitos de bolhas","2023-01-10T08:00:00Z","2025-12-12T02:48:49Z","1.13","- Bug fixes and performance improvement
- Improved controls
- Improved gameplay stability","+9","['https://is1-ssl.mzstatic.com/image/thumb/PurpleSource211/v4/31/4e/0b/314e0b0f-8b24-b5fb-9ec6-862c66e8d054/85cc6cbc-a4d9-4339-b62c-30d2d563d9cd_3.jpg/406x228bb.jpg', 'https://is1-ssl.mzstatic.com/image/thumb/PurpleSource221/v4/2f/fa/df/2ffadf16-70dc-631c-615f-61406f89d8be/6601b450-706a-40ef-a47b-0fee40e49195_2.jpg/406x228bb.jpg', 'https://is1-ssl.mzstatic.com/image/thumb/PurpleSource221/v4/be/f7/7d/bef77dd3-f0a3-ff37-acbc-5a174bd72c51/e2127702-7bf3-4e3c-83db-8273f7d1cd25_1.jpg/406x228bb.jpg', 'https://is1-ssl.mzstatic.com/image/thumb/PurpleSource221/v4/2b/2a/4b/2b2a4bb9-c0eb-d7b6-bec0-2244bc5279be/41f14420-c2b1-4339-be87-a7f40f54d374_5.jpg/406x228bb.jpg', 'https://is1-ssl.mzstatic.com/image/thumb/PurpleSource211/v4/30/6b/74/306b748e-b4f1-bd35-9333-e9e3088dac4e/c4d29636-148a-4ea3-923f-90290c8df80c_4.jpg/406x228bb.jpg', 'https://is1-ssl.mzstatic.com/image/thumb/PurpleSource221/v4/d0/ab/76/d0ab76df-64f1-a9b9-e69e-0ee48acf6dab/ce778181-7757-423a-bdca-bfd206cb31e3_6.jpg/406x228bb.jpg']","['https://is1-ssl.mzstatic.com/image/thumb/PurpleSource221/v4/c5/a2/d6/c5a2d60c-5275-06c7-618b-636350870878/e8b8d07b-4876-46d8-8bba-5f0806ea0e0e_3.jpg/552x414bb.jpg', 'https://is1-ssl.mzstatic.com/image/thumb/PurpleSource211/v4/81/42/46/814246eb-502c-af48-46d9-c629e4365023/54e9bb1a-959b-47b9-a973-135543027dfe_2.jpg/552x414bb.jpg', 'https://is1-ssl.mzstatic.com/image/thumb/PurpleSource221/v4/56/2c/26/562c2671-3147-39f7-c1f3-03e876b7d0fb/5a688811-6ce3-466e-aac9-82070ff2205a_1.jpg/552x414bb.jpg', 'https://is1-ssl.mzstatic.com/image/thumb/PurpleSource221/v4/96/28/d7/9628d7f8-7a61-70e3-195d-39e33b030018/d46a2507-dd1d-4765-b4cd-1a5757697195_5.jpg/552x414bb.jpg', 'https://is1-ssl.mzstatic.com/image/thumb/PurpleSource221/v4/5d/ee/c9/5deec92e-eebd-297f-b901-269c8f773fdd/aa4ef944-afe1-46d1-8d72-60ba86753c88_4.jpg/552x414bb.jpg', 'https://is1-ssl.mzstatic.com/image/thumb/PurpleSource211/v4/27/96/b5/2796b55b-707c-6df1-cd24-674ba8b33993/3cb483a1-3ae9-47bc-8dc4-b76c7a17543f_6.jpg/552x414bb.jpg']","[]","https://is1-ssl.mzstatic.com/image/thumb/Purple211/v4/de/f2/a0/def2a0a9-2a2d-5134-194c-f5e78f077b23/AppIcon-0-0-1x_U007emarketing-0-8-0-85-220.png/512x512bb.jpg","https://is1-ssl.mzstatic.com/image/thumb/Purple211/v4/de/f2/a0/def2a0a9-2a2d-5134-194c-f5e78f077b23/AppIcon-0-0-1x_U007emarketing-0-8-0-85-220.png/100x100bb.jpg","['iPhone5s-iPhone5s', 'iPadAir-iPadAir', 'iPadAirCellular-iPadAirCellular', 'iPadMiniRetina-iPadMiniRetina', 'iPadMiniRetinaCellular-iPadMiniRetinaCellular', 'iPhone6-iPhone6', 'iPhone6Plus-iPhone6Plus', 'iPadAir2-iPadAir2', 'iPadAir2Cellular-iPadAir2Cellular', 'iPadMini3-iPadMini3', 'iPadMini3Cellular-iPadMini3Cellular', 'iPodTouchSixthGen-iPodTouchSixthGen', 'iPhone6s-iPhone6s', 'iPhone6sPlus-iPhone6sPlus', 'iPadMini4-iPadMini4', 'iPadMini4Cellular-iPadMini4Cellular', 'iPadPro-iPadPro', 'iPadProCellular-iPadProCellular', 'iPadPro97-iPadPro97', 'iPadPro97Cellular-iPadPro97Cellular', 'iPhoneSE-iPhoneSE', 'iPhone7-iPhone7', 'iPhone7Plus-iPhone7Plus', 'iPad611-iPad611', 'iPad612-iPad612', 'iPad71-iPad71', 'iPad72-iPad72', 'iPad73-iPad73', 'iPad74-iPad74', 'iPhone8-iPhone8', 'iPhone8Plus-iPhone8Plus', 'iPhoneX-iPhoneX', 'iPad75-iPad75', 'iPad76-iPad76', 'iPhoneXS-iPhoneXS', 'iPhoneXSMax-iPhoneXSMax', 'iPhoneXR-iPhoneXR', 'iPad812-iPad812', 'iPad834-iPad834', 'iPad856-iPad856', 'iPad878-iPad878', 'iPadMini5-iPadMini5', 'iPadMini5Cellular-iPadMini5Cellular', 'iPadAir3-iPadAir3', 'iPadAir3Cellular-iPadAir3Cellular', 'iPodTouchSeventhGen-iPodTouchSeventhGen', 'iPhone11-iPhone11', 'iPhone11Pro-iPhone11Pro', 'iPadSeventhGen-iPadSeventhGen', 'iPadSeventhGenCellular-iPadSeventhGenCellular', 'iPhone11ProMax-iPhone11ProMax', 'iPhoneSESecondGen-iPhoneSESecondGen', 'iPadProSecondGen-iPadProSecondGen', 'iPadProSecondGenCellular-iPadProSecondGenCellular', 'iPadProFourthGen-iPadProFourthGen', 'iPadProFourthGenCellular-iPadProFourthGenCellular', 'iPhone12Mini-iPhone12Mini', 'iPhone12-iPhone12', 'iPhone12Pro-iPhone12Pro', 'iPhone12ProMax-iPhone12ProMax', 'iPadAir4-iPadAir4', 'iPadAir4Cellular-iPadAir4Cellular', 'iPadEighthGen-iPadEighthGen', 'iPadEighthGenCellular-iPadEighthGenCellular', 'iPadProThirdGen-iPadProThirdGen', 'iPadProThirdGenCellular-iPadProThirdGenCellular', 'iPadProFifthGen-iPadProFifthGen', 'iPadProFifthGenCellular-iPadProFifthGenCellular', 'iPhone13Pro-iPhone13Pro', 'iPhone13ProMax-iPhone13ProMax', 'iPhone13Mini-iPhone13Mini', 'iPhone13-iPhone13', 'iPadMiniSixthGen-iPadMiniSixthGen', 'iPadMiniSixthGenCellular-iPadMiniSixthGenCellular', 'iPadNinthGen-iPadNinthGen', 'iPadNinthGenCellular-iPadNinthGenCellular', 'iPhoneSEThirdGen-iPhoneSEThirdGen', 'iPadAirFifthGen-iPadAirFifthGen', 'iPadAirFifthGenCellular-iPadAirFifthGenCellular', 'iPhone14-iPhone14', 'iPhone14Plus-iPhone14Plus', 'iPhone14Pro-iPhone14Pro', 'iPhone14ProMax-iPhone14ProMax', 'iPadTenthGen-iPadTenthGen', 'iPadTenthGenCellular-iPadTenthGenCellular', 'iPadPro11FourthGen-iPadPro11FourthGen', 'iPadPro11FourthGenCellular-iPadPro11FourthGenCellular', 'iPadProSixthGen-iPadProSixthGen', 'iPadProSixthGenCellular-iPadProSixthGenCellular', 'iPhone15-iPhone15', 'iPhone15Plus-iPhone15Plus', 'iPhone15Pro-iPhone15Pro', 'iPhone15ProMax-iPhone15ProMax', 'iPadAir11M2-iPadAir11M2', 'iPadAir11M2Cellular-iPadAir11M2Cellular', 'iPadAir13M2-iPadAir13M2', 'iPadAir13M2Cellular-iPadAir13M2Cellular', 'iPadPro11M4-iPadPro11M4', 'iPadPro11M4Cellular-iPadPro11M4Cellular', 'iPadPro13M4-iPadPro13M4', 'iPadPro13M4Cellular-iPadPro13M4Cellular', 'iPhone16-iPhone16', 'iPhone16Plus-iPhone16Plus', 'iPhone16Pro-iPhone16Pro', 'iPhone16ProMax-iPhone16ProMax', 'iPadMiniA17Pro-iPadMiniA17Pro', 'iPadMiniA17ProCellular-iPadMiniA17ProCellular', 'iPhone16e-iPhone16e', 'iPadA16-iPadA16', 'iPadA16Cellular-iPadA16Cellular', 'iPadAir11M3-iPadAir11M3', 'iPadAir11M3Cellular-iPadAir11M3Cellular', 'iPadAir13M3-iPadAir13M3', 'iPadAir13M3Cellular-iPadAir13M3Cellular', 'iPhone17Pro-iPhone17Pro', 'iPhone17ProMax-iPhone17ProMax', 'iPhone17-iPhone17', 'iPhoneAir-iPhoneAir', 'iPadPro11M5-iPadPro11M5', 'iPadPro11M5Cellular-iPadPro11M5Cellular', 'iPadPro13M5-iPadPro13M5', 'iPadPro13M5Cellular-iPadPro13M5Cellular']","False","com.daud.amin.hero.city.saviour","Daud Amin","218711040","13.0","1590365739","['EN']","","[]","{}"
"Anime-se - etiqueta mangá","Mireia Lluch Ortola","4.6","17","1207760595","https://apps.apple.com/br/app/anime-se-etiqueta-mang%C3%A1/id1207760595?uo=4","0.0","BRL","Grátis","Photo & Video","['Foto e vídeo', 'Entreteni\xadmento']","Com esta aplicação, você pode colocar anime e manga adesivos com incrível facilidade.

Usando esta aplicação é tão simples como:
-Do uma foto com a câmera ou selecionar uma galeria de fotos
-Agora você só tem que escolher os adesivos que você gosta e lugar com os dedos

Para colocar os adesivos só você tem que selecionar um adesivo (ou adesivos tudo o que quiser), e o dedo você pode colocar onde quiser, ou selecionar a seta que aparece, você pode girar ou torná-lo maior ou menor.

Você pode compartilhar suas fotos com seus amigos através de qualquer rede social.","2017-02-23T03:39:34Z","2021-05-12T13:27:18Z","1.1","Pronto para iOS 14 e bugs corrigidos.","+4","['https://is1-ssl.mzstatic.com/image/thumb/Purple115/v4/c1/a4/71/c1a471b6-2a2d-c51a-9db3-f16e6e2f4626/iphone55-en-1.png/392x696bb.png', 'https://is1-ssl.mzstatic.com/image/thumb/Purple115/v4/21/4b/73/214b7323-6d2a-a409-10ae-fa4dc3fa318f/iphone55-en-2.png/392x696bb.png', 'https://is1-ssl.mzstatic.com/image/thumb/Purple115/v4/67/e0/eb/67e0ebf8-d666-2d00-7c77-8ccc121422da/iphone55-en-3.png/392x696bb.png', 'https://is1-ssl.mzstatic.com/image/thumb/Purple125/v4/43/ab/73/43ab73eb-c3d3-eeca-2c9b-8a78b4244784/iphone55-en-4.png/392x696bb.png', 'https://is1-ssl.mzstatic.com/image/thumb/Purple125/v4/8d/a9/87/8da9873d-7d60-101b-08d7-c8673aa057d0/iphone55-en-5.png/392x696bb.png', 'https://is1-ssl.mzstatic.com/image/thumb/Purple125/v4/14/a4/6f/14a46f74-c968-a57b-3bbf-2346a9cf699e/iphone55-en-6.png/392x696bb.png', 'https://is1-ssl.mzstatic.com/image/thumb/Purple115/v4/d5/b4/17/d5b417a8-3024-e843-34e1-c64c9b391653/iphone55-en-7.png/392x696bb.png', 'https://is1-ssl.mzstatic.com/image/thumb/Purple125/v4/93/77/0c/93770c80-23c9-288a-33bc-612062e83aa9/iphone55-en-8.png/392x696bb.png', 'https://is1-ssl.mzstatic.com/image/thumb/Purple125/v4/a5/b1/99/a5b19954-9531-fcd0-c36e-8709e5a26933/iphone55-en-9.png/392x696bb.png', 'https://is1-ssl.mzstatic.com/image/thumb/Purple115/v4/8d/64/7b/8d647bf1-e6b1-c7c4-d296-3f8d64d63556/iphone55-en-10.png/392x696bb.png']","['https://is1-ssl.mzstatic.com/image/thumb/Purple125/v4/0e/7d/eb/0e7deb33-9b7e-08ca-8939-9b57d05ac786/ipad129-en-1.png/576x768bb.png', 'https://is1-ssl.mzstatic.com/image/thumb/Purple125/v4/a5/55/cf/a555cf16-8c04-401f-0a02-ee3349919c77/ipad129-en-2.png/576x768bb.png', 'https://is1-ssl.mzstatic.com/image/thumb/Purple115/v4/5f/bf/99/5fbf99af-275f-2da2-1551-84a91baad3cc/ipad129-en-3.png/576x768bb.png', 'https://is1-ssl.mzstatic.com/image/thumb/Purple115/v4/44/9d/96/449d961f-a464-5968-92e3-01cf5ec3de9a/ipad129-en-4.png/576x768bb.png', 'https://is1-ssl.mzstatic.com/image/thumb/Purple115/v4/7c/bc/72/7cbc7226-356a-28e0-5c63-a3014560c86f/ipad129-en-5.png/576x768bb.png', 'https://is1-ssl.mzstatic.com/image/thumb/Purple125/v4/8d/9e/d0/8d9ed045-e055-014d-7395-bda50610cee5/ipad129-en-6.png/576x768bb.png', 'https://is1-ssl.mzstatic.com/image/thumb/Purple125/v4/db/6a/a1/db6aa1c1-cae2-48cc-ebfb-69df0bf0a81c/ipad129-en-7.png/576x768bb.png', 'https://is1-ssl.mzstatic.com/image/thumb/Purple115/v4/97/ba/4f/97ba4f5e-e208-fc8b-0393-6574b3483331/ipad129-en-8.png/576x768bb.png', 'https://is1-ssl.mzstatic.com/image/thumb/Purple115/v4/8b/fc/d3/8bfcd3eb-be3b-ea8d-975d-0293dbb4b753/ipad129-en-9.png/576x768bb.png', 'https://is1-ssl.mzstatic.com/image/thumb/Purple115/v4/a9/1c/78/a91c78c7-b4db-6717-5652-1402c77d5757/ipad129-en-10.png/576x768bb.png']","[]","https://is1-ssl.mzstatic.com/image/thumb/Purple115/v4/39/77/e9/3977e9b6-56fe-c65e-08d0-bee1b5769dc7/AppIcon-0-0-1x_U007emarketing-0-0-0-7-0-0-sRGB-0-0-0-GLES2_U002c0-512MB-85-220-0-0.png/512x512bb.jpg","https://is1-ssl.mzstatic.com/image/thumb/Purple115/v4/39/77/e9/3977e9b6-56fe-c65e-08d0-bee1b5769dc7/AppIcon-0-0-1x_U007emarketing-0-0-0-7-0-0-sRGB-0-0-0-GLES2_U002c0-512MB-85-220-0-0.png/100x100bb.jpg","['iPhone5s-iPhone5s', 'iPadAir-iPadAir', 'iPadAirCellular-iPadAirCellular', 'iPadMiniRetina-iPadMiniRetina', 'iPadMiniRetinaCellular-iPadMiniRetinaCellular', 'iPhone6-iPhone6', 'iPhone6Plus-iPhone6Plus', 'iPadAir2-iPadAir2', 'iPadAir2Cellular-iPadAir2Cellular', 'iPadMini3-iPadMini3', 'iPadMini3Cellular-iPadMini3Cellular', 'iPodTouchSixthGen-iPodTouchSixthGen', 'iPhone6s-iPhone6s', 'iPhone6sPlus-iPhone6sPlus', 'iPadMini4-iPadMini4', 'iPadMini4Cellular-iPadMini4Cellular', 'iPadPro-iPadPro', 'iPadProCellular-iPadProCellular', 'iPadPro97-iPadPro97', 'iPadPro97Cellular-iPadPro97Cellular', 'iPhoneSE-iPhoneSE', 'iPhone7-iPhone7', 'iPhone7Plus-iPhone7Plus', 'iPad611-iPad611', 'iPad612-iPad612', 'iPad71-iPad71', 'iPad72-iPad72', 'iPad73-iPad73', 'iPad74-iPad74', 'iPhone8-iPhone8', 'iPhone8Plus-iPhone8Plus', 'iPhoneX-iPhoneX', 'iPad75-iPad75', 'iPad76-iPad76', 'iPhoneXS-iPhoneXS', 'iPhoneXSMax-iPhoneXSMax', 'iPhoneXR-iPhoneXR', 'iPad812-iPad812', 'iPad834-iPad834', 'iPad856-iPad856', 'iPad878-iPad878', 'iPadMini5-iPadMini5', 'iPadMini5Cellular-iPadMini5Cellular', 'iPadAir3-iPadAir3', 'iPadAir3Cellular-iPadAir3Cellular', 'iPodTouchSeventhGen-iPodTouchSeventhGen', 'iPhone11-iPhone11', 'iPhone11Pro-iPhone11Pro', 'iPadSeventhGen-iPadSeventhGen', 'iPadSeventhGenCellular-iPadSeventhGenCellular', 'iPhone11ProMax-iPhone11ProMax', 'iPhoneSESecondGen-iPhoneSESecondGen', 'iPadProSecondGen-iPadProSecondGen', 'iPadProSecondGenCellular-iPadProSecondGenCellular', 'iPadProFourthGen-iPadProFourthGen', 'iPadProFourthGenCellular-iPadProFourthGenCellular', 'iPhone12Mini-iPhone12Mini', 'iPhone12-iPhone12', 'iPhone12Pro-iPhone12Pro', 'iPhone12ProMax-iPhone12ProMax', 'iPadAir4-iPadAir4', 'iPadAir4Cellular-iPadAir4Cellular', 'iPadEighthGen-iPadEighthGen', 'iPadEighthGenCellular-iPadEighthGenCellular', 'iPadProThirdGen-iPadProThirdGen', 'iPadProThirdGenCellular-iPadProThirdGenCellular', 'iPadProFifthGen-iPadProFifthGen', 'iPadProFifthGenCellular-iPadProFifthGenCellular', 'iPhone13Pro-iPhone13Pro', 'iPhone13ProMax-iPhone13ProMax', 'iPhone13Mini-iPhone13Mini', 'iPhone13-iPhone13', 'iPadMiniSixthGen-iPadMiniSixthGen', 'iPadMiniSixthGenCellular-iPadMiniSixthGenCellular', 'iPadNinthGen-iPadNinthGen', 'iPadNinthGenCellular-iPadNinthGenCellular', 'iPhoneSEThirdGen-iPhoneSEThirdGen', 'iPadAirFifthGen-iPadAirFifthGen', 'iPadAirFifthGenCellular-iPadAirFifthGenCellular', 'iPhone14-iPhone14', 'iPhone14Plus-iPhone14Plus', 'iPhone14Pro-iPhone14Pro', 'iPhone14ProMax-iPhone14ProMax', 'iPadTenthGen-iPadTenthGen', 'iPadTenthGenCellular-iPadTenthGenCellular', 'iPadPro11FourthGen-iPadPro11FourthGen', 'iPadPro11FourthGenCellular-iPadPro11FourthGenCellular', 'iPadProSixthGen-iPadProSixthGen', 'iPadProSixthGenCellular-iPadProSixthGenCellular', 'iPhone15-iPhone15', 'iPhone15Plus-iPhone15Plus', 'iPhone15Pro-iPhone15Pro', 'iPhone15ProMax-iPhone15ProMax', 'iPadAir11M2-iPadAir11M2', 'iPadAir11M2Cellular-iPadAir11M2Cellular', 'iPadAir13M2-iPadAir13M2', 'iPadAir13M2Cellular-iPadAir13M2Cellular', 'iPadPro11M4-iPadPro11M4', 'iPadPro11M4Cellular-iPadPro11M4Cellular', 'iPadPro13M4-iPadPro13M4', 'iPadPro13M4Cellular-iPadPro13M4Cellular', 'iPhone16-iPhone16', 'iPhone16Plus-iPhone16Plus', 'iPhone16Pro-iPhone16Pro', 'iPhone16ProMax-iPhone16ProMax', 'iPadMiniA17Pro-iPadMiniA17Pro', 'iPadMiniA17ProCellular-iPadMiniA17ProCellular', 'iPhone16e-iPhone16e', 'iPadA16-iPadA16', 'iPadA16Cellular-iPadA16Cellular', 'iPadAir11M3-iPadAir11M3', 'iPadAir11M3Cellular-iPadAir11M3Cellular', 'iPadAir13M3-iPadAir13M3', 'iPadAir13M3Cellular-iPadAir13M3Cellular', 'iPhone17Pro-iPhone17Pro', 'iPhone17ProMax-iPhone17ProMax', 'iPhone17-iPhone17', 'iPhoneAir-iPhoneAir', 'iPadPro11M5-iPadPro11M5', 'iPadPro11M5Cellular-iPadPro11M5Cellular', 'iPadPro13M5-iPadPro13M5', 'iPadPro13M5Cellular-iPadPro13M5Cellular']","False","com.arisharya.stickersmanga","Mireia Lluch Ortola","39923712","11.0","1003230042","['DA', 'NL', 'EN', 'FI', 'FR', 'DE', 'IT', 'JA', 'NB', 'PT', 'RU', 'ZH', 'ES', 'SV']","","[]","{}"
"Marvel Torneio de Campeões","Kabam Games, Inc.","4.7","48843","896112560","https://apps.apple.com/br/app/marvel-torneio-de-campe%C3%B5es/id896112560?uo=4","0.0","BRL","Grátis","Games","['Jogos', 'Entreteni\xadmento', 'Ação', 'Aventura']","Prepare-se para uma ação épica de luta versus e batalhas com seus super-heróis e vilões favoritos da Marvel no confronto cósmico definitivo! O Homem-Aranha, Homem de Ferro, Deadpool, Wolverine e outros aguardam a sua convocação para a batalha! Monte uma equipe e comece sua busca para se tornar o Campeão Supremo da Marvel!

BEM-VINDO À COMPETIÇÃO:
- Capitão América vs. Homem de Ferro! Hulk vs. Wolverine! Homem-Aranha x Deadpool! As maiores batalhas da história da Marvel estão em suas mãos! 
- O Recrutador convocou você para lutar com os maiores nomes do Universo Marvel!
- Experimente o melhor jogo de luta de super-heróis gratuito em seu dispositivo móvel... Marvel Torneio de Campeões!

MONTE SUA EQUIPE DEFINITIVA DE CAMPEÕES:
- Monte uma poderosa equipe de super-heróis e vilões, incluindo campeões dos Vingadores, X-Men, Guardiões da Galáxia e muito mais!
- Colete, suba de nível e gerencie suas equipes de heróis e vilões com sabedoria para receber bônus de sinergia baseados na história da Marvel Comics.
- Junte Pantera Negra e Tempestade ou Ciclope e Wolverine para obter bônus, ou forme uma equipe de Guardiões da Galáxia para obter um bônus de afiliação de equipe.
- Quanto mais poderoso for o Campeão, melhores serão suas estatísticas, habilidades e movimentos especiais!

MISSÕES E BATALHAS:
- Você viajará por uma história emocionante no estilo clássico da Marvel!
- Embarque em missões para derrotar vilões como Kang e Thanos, e enfrente o desafio de um novo e misterioso poder cósmico para evitar a destruição total do Universo Marvel.
- Lute com uma grande variedade de heróis e vilões em locais icônicos do Universo Marvel, como: Torre dos Vingadores, Oscorp, Kyln, Wakanda, Território Selvagem, Asgard, o Aeroporta-aviões da S.H.I.E.L.D. e muito mais!
- Explore mapas dinâmicos de missões e participe de uma dose saudável de combates cheios de ação utilizando controles desenvolvidos especificamente para a plataforma móvel.

EQUIPE-SE COM SEUS AMIGOS:
- Forme uma equipe com seus amigos e outros Recrutadores para criar a aliança mais forte!
- Crie estratégias com sua aliança e ajude-os a manter seus Campeões na luta.
- Batalhe até o topo nos Eventos da Aliança e em missões especialmente criadas para você ganhar recompensas exclusivas da Aliança.
- Teste a coragem de sua aliança lutando contra alianças de todo o mundo em Guerras de Aliança!

Mais informações: www.playcontestofchampions.com
Curta a gente no Facebook: www.facebook.com/MarvelContestofChampions
Inscreva-se no YouTube: www.youtube.com/MarvelChampions
Siga-nos no X: www.x.com/MarvelChampions
Siga-nos no Instagram: www.instagram.com/marvelchampions

Este jogo inclui compras opcionais dentro do jogo com moeda virtual, que podem ser usadas para adquirir itens virtuais no jogo, inclusive uma seleção aleatória desses itens.

TERMOS DE SERVIÇO:
Leia este Contrato de Termos de Serviço e nosso Aviso de Privacidade antes de usar nossos serviços, pois eles regem o relacionamento entre você e a Kabam.

www.kabam.com/terms-of-service/
www.kabam.com/privacy-notice/","2014-12-10T16:39:54Z","2025-12-08T17:01:06Z","54.0.0","O TORNEIO COMPLETA 11 ANOS!
Junte-se a nós este mês para celebrar nossos encantadores Campeões e sensacionais Recrutadores!

NOVO CAMPEÃO


Imperiosa


Não apenas o auge da criação Eidol, mas também a genialidade combinada de todos os Fundadores que já viveram, Imperiosa é um receptáculo que contém a brilhantez, crueldade e vontade de dominar dos Fundadores. Habitando um corpo composto por bilhões de minúsculos organismos sintéticos baseados em ISO, Imperiosa é capaz de reorganizar esses “Sintetos” em uma miríade de formas e funções úteis, dependendo da situação. Além disso, os Sintetos podem desmontar a matéria ao seu redor, fornecendo matéria-prima para duplicarem sem limites. Embora seja uma mente coletiva, Imperiosa se manifesta como uma voz única que fala com autoridade absoluta; um ícone do passado vil, do presente volátil e do futuro violento dos Fundadores.




ATUALIZAÇÕES DE CAMPEÕES


Justiceiro
Justiceiro pode aguentar alguns golpes antes de revidar. Indestrutível e Resistência Física voltam a ser proeminentes.
Acertos Críticos e Sangramento do Oponente estão de volta.
Os vilões terão medo de seu Impacto, destruindo seu bloqueio com um Ataque Especial 2.
Wolverine (X-23)
Laura está de volta e pronta para derrotar a concorrência com uma reformulação alimentada por Frenesi.
Seu estilo de jogo agressivo se concentra em golpear o oponente para acumular Frenesi e destruí-lo com uma série de ataques.
Os poderosos Sangramentos Passivos de Laura vão além quando ela usa o toque de seus instintos. Cuidado!


NOVOS RECURSOS


Coliseu da Aliança
Sua Aliança está pronta para um novo tipo de desafio? Entre no Coliseu e veja quantas barras de saúde você consegue esgotar do seu oponente, depois compare as pontuações com seus companheiros de Aliança para descobrir quais atacantes são mais adequados para a luta. Combine seu Campeão com as etiquetas de bônus diárias corretas e aprimore seus pódios para obter a maior pontuação possível e levar sua Aliança ao topo!




NOVAS MISSÕES E EVENTOS


Evento de Banquete - Gala Asgardiana
Não importa qual dos nove reinos você chama de lar, é hora de se divertir e festejar! Então, guerreiros como Jane Foster e Valquíria convidam a todos para aproveitar ao máximo esta celebração enquanto se preparam para a batalha contra os Eidols invasores. DELICIE-SE com recursos, CELEBRE com os Recrutadores e divirta-se... enquanto pode.
Apresentando nossas comemorações anuais de aniversário, o Evento de Acólitos, as Arenas de Ano Novo “Toque o Sinal” e os Guardiões Gloriosos, este Evento de Banquete é imperdível! Tenha sua primeira oportunidade de adquirir novos Campeões de 7 Estrelas, como Homem-Absorvente, Valquíria, Escorpião, Rei do Crime, Justiceiro e Superskrull durante este Evento!


Missão de Evento - Perdidos e Achados
O Eidol final, IMPERIOSA, chegou e com ela vem uma série de destruição e perigo. O poder está se esvaindo do ISO-8, os inimigos estão se reunindo, mas possíveis amigos também estão se revelando. Todos os Eidols se alinharão quando os segredos dos Fundadores forem revelados? Ou a queda de Imperiosa será resultado do trabalho dos Eidols?

Missão Secundária - Raptados
Os invasores Eidol estão tomando conta do Torneio, e isso inspirou o Colecionador a entrar em ação. O Colecionador tem um conjunto específico de Habilidades (além de Mutantes, Científicos e Tecnológicos). Ele vinha tentando assumir o controle de alguns Campeões, mas 11 anos de radiação ISO e uma equipe em constante mudança talvez tenham deixado suas habilidades de manipulação de superpoderes um pouco enferrujadas. Agora cabe ao Recrutador quebrar a violenta lavagem cerebral de uma dúzia de Campeões que PERDERAM o juízo!




Tudo isso e muito mais! Confira a lista completa de atualizações emocionantes em playcontestofchampions.com","+12","[]","[]","[]","https://is1-ssl.mzstatic.com/image/thumb/Purple211/v4/af/f1/0e/aff10e17-e62f-7d79-b37a-a86ef04d5441/AppIcon-1x_U007emarketing-0-8-0-85-220-0.png/512x512bb.jpg","https://is1-ssl.mzstatic.com/image/thumb/Purple211/v4/af/f1/0e/aff10e17-e62f-7d79-b37a-a86ef04d5441/AppIcon-1x_U007emarketing-0-8-0-85-220-0.png/100x100bb.jpg","['iPhone5s-iPhone5s', 'iPadAir-iPadAir', 'iPadAirCellular-iPadAirCellular', 'iPadMiniRetina-iPadMiniRetina', 'iPadMiniRetinaCellular-iPadMiniRetinaCellular', 'iPhone6-iPhone6', 'iPhone6Plus-iPhone6Plus', 'iPadAir2-iPadAir2', 'iPadAir2Cellular-iPadAir2Cellular', 'iPadMini3-iPadMini3', 'iPadMini3Cellular-iPadMini3Cellular', 'iPodTouchSixthGen-iPodTouchSixthGen', 'iPhone6s-iPhone6s', 'iPhone6sPlus-iPhone6sPlus', 'iPadMini4-iPadMini4', 'iPadMini4Cellular-iPadMini4Cellular', 'iPadPro-iPadPro', 'iPadProCellular-iPadProCellular', 'iPadPro97-iPadPro97', 'iPadPro97Cellular-iPadPro97Cellular', 'iPhoneSE-iPhoneSE', 'iPhone7-iPhone7', 'iPhone7Plus-iPhone7Plus', 'iPad611-iPad611', 'iPad612-iPad612', 'iPad71-iPad71', 'iPad72-iPad72', 'iPad73-iPad73', 'iPad74-iPad74', 'iPhone8-iPhone8', 'iPhone8Plus-iPhone8Plus', 'iPhoneX-iPhoneX', 'iPad75-iPad75', 'iPad76-iPad76', 'iPhoneXS-iPhoneXS', 'iPhoneXSMax-iPhoneXSMax', 'iPhoneXR-iPhoneXR', 'iPad812-iPad812', 'iPad834-iPad834', 'iPad856-iPad856', 'iPad878-iPad878', 'iPadMini5-iPadMini5', 'iPadMini5Cellular-iPadMini5Cellular', 'iPadAir3-iPadAir3', 'iPadAir3Cellular-iPadAir3Cellular', 'iPodTouchSeventhGen-iPodTouchSeventhGen', 'iPhone11-iPhone11', 'iPhone11Pro-iPhone11Pro', 'iPadSeventhGen-iPadSeventhGen', 'iPadSeventhGenCellular-iPadSeventhGenCellular', 'iPhone11ProMax-iPhone11ProMax', 'iPhoneSESecondGen-iPhoneSESecondGen', 'iPadProSecondGen-iPadProSecondGen', 'iPadProSecondGenCellular-iPadProSecondGenCellular', 'iPadProFourthGen-iPadProFourthGen', 'iPadProFourthGenCellular-iPadProFourthGenCellular', 'iPhone12Mini-iPhone12Mini', 'iPhone12-iPhone12', 'iPhone12Pro-iPhone12Pro', 'iPhone12ProMax-iPhone12ProMax', 'iPadAir4-iPadAir4', 'iPadAir4Cellular-iPadAir4Cellular', 'iPadEighthGen-iPadEighthGen', 'iPadEighthGenCellular-iPadEighthGenCellular', 'iPadProThirdGen-iPadProThirdGen', 'iPadProThirdGenCellular-iPadProThirdGenCellular', 'iPadProFifthGen-iPadProFifthGen', 'iPadProFifthGenCellular-iPadProFifthGenCellular', 'iPhone13Pro-iPhone13Pro', 'iPhone13ProMax-iPhone13ProMax', 'iPhone13Mini-iPhone13Mini', 'iPhone13-iPhone13', 'iPadMiniSixthGen-iPadMiniSixthGen', 'iPadMiniSixthGenCellular-iPadMiniSixthGenCellular', 'iPadNinthGen-iPadNinthGen', 'iPadNinthGenCellular-iPadNinthGenCellular', 'iPhoneSEThirdGen-iPhoneSEThirdGen', 'iPadAirFifthGen-iPadAirFifthGen', 'iPadAirFifthGenCellular-iPadAirFifthGenCellular', 'iPhone14-iPhone14', 'iPhone14Plus-iPhone14Plus', 'iPhone14Pro-iPhone14Pro', 'iPhone14ProMax-iPhone14ProMax', 'iPadTenthGen-iPadTenthGen', 'iPadTenthGenCellular-iPadTenthGenCellular', 'iPadPro11FourthGen-iPadPro11FourthGen', 'iPadPro11FourthGenCellular-iPadPro11FourthGenCellular', 'iPadProSixthGen-iPadProSixthGen', 'iPadProSixthGenCellular-iPadProSixthGenCellular', 'iPhone15-iPhone15', 'iPhone15Plus-iPhone15Plus', 'iPhone15Pro-iPhone15Pro', 'iPhone15ProMax-iPhone15ProMax', 'iPadAir11M2-iPadAir11M2', 'iPadAir11M2Cellular-iPadAir11M2Cellular', 'iPadAir13M2-iPadAir13M2', 'iPadAir13M2Cellular-iPadAir13M2Cellular', 'iPadPro11M4-iPadPro11M4', 'iPadPro11M4Cellular-iPadPro11M4Cellular', 'iPadPro13M4-iPadPro13M4', 'iPadPro13M4Cellular-iPadPro13M4Cellular', 'iPhone16-iPhone16', 'iPhone16Plus-iPhone16Plus', 'iPhone16Pro-iPhone16Pro', 'iPhone16ProMax-iPhone16ProMax', 'iPadMiniA17Pro-iPadMiniA17Pro', 'iPadMiniA17ProCellular-iPadMiniA17ProCellular', 'iPhone16e-iPhone16e', 'iPadA16-iPadA16', 'iPadA16Cellular-iPadA16Cellular', 'iPadAir11M3-iPadAir11M3', 'iPadAir11M3Cellular-iPadAir11M3Cellular', 'iPadAir13M3-iPadAir13M3', 'iPadAir13M3Cellular-iPadAir13M3Cellular', 'iPhone17Pro-iPhone17Pro', 'iPhone17ProMax-iPhone17ProMax', 'iPhone17-iPhone17', 'iPhoneAir-iPhoneAir', 'iPadPro11M5-iPadPro11M5', 'iPadPro11M5Cellular-iPadPro11M5Cellular', 'iPadPro13M5-iPadPro13M5', 'iPadPro13M5Cellular-iPadPro13M5Cellular']","True","com.kabam.marvelbattle","Kabam Games, Inc.","2386170880","15.0","1453908357","['AR', 'NL', 'EN', 'FR', 'DE', 'ID', 'IT', 'JA', 'KO', 'NB', 'PT', 'RU', 'ZH', 'ES', 'TH', 'ZH', 'TR']","","[]","{}"
"Stickman Battle Fight Hero War","MOBIONE TELECOMMUNICATIONS TECHNOLOGY AND SERVICE CO. LTD.","4.8","1036","1527238557","https://apps.apple.com/br/app/stickman-battle-fight-hero-war/id1527238557?uo=4","0.0","BRL","Grátis","Games","['Jogos', 'Casual', 'Entreteni\xadmento', 'Ação']","Stickman Battle Fight best fighting action role-playing game
-  A lot of superheroes for you to choose
- Upgrade the power of characters ( Rank E to BE ) to participate in the universal power tournament.
- Diverse combat skills.

Download Stickman Battle Fight now -  to experience the world's best fighting action game.","2020-08-20T07:00:00Z","2022-10-18T19:49:59Z","3.0","- Fix some bugs","+9","['https://is1-ssl.mzstatic.com/image/thumb/Purple122/v4/d2/a8/04/d2a8049f-d30e-4ae9-7ae1-53760ac41437/081b9bf5-9747-40cb-983e-326b881b5dc4_IMG_2314.png/406x228bb.png', 'https://is1-ssl.mzstatic.com/image/thumb/Purple112/v4/a4/28/7e/a4287e2c-5726-3038-a350-a569177163e9/f96da424-8b8e-4a13-8849-0b3a8f357eaf_IMG_2318.png/406x228bb.png', 'https://is1-ssl.mzstatic.com/image/thumb/Purple112/v4/f8/70/c8/f870c816-3d32-4d59-a7fc-8b3b67005a50/4a611e94-de2f-47dc-9b3d-f4561e5a81b2_IMG_2317.png/406x228bb.png', 'https://is1-ssl.mzstatic.com/image/thumb/Purple122/v4/3d/0c/bd/3d0cbd20-4202-3061-ddb0-d02486d6b9d9/15d7fb3a-b25b-4ede-b173-7f1ca3ebe77b_IMG_2316.png/406x228bb.png', 'https://is1-ssl.mzstatic.com/image/thumb/Purple122/v4/33/6a/8c/336a8c67-8142-deb6-ae0a-7acfff54a82c/98396a43-533b-4b41-9842-0fa2f20f79cc_IMG_2315.png/406x228bb.png']","['https://is1-ssl.mzstatic.com/image/thumb/Purple112/v4/44/60/1c/44601cfc-b972-fa4f-d973-1e336bf9135d/146001ac-1845-4706-8788-6d08a8b2a18a_IMG_0728.png/552x414bb.png', 'https://is1-ssl.mzstatic.com/image/thumb/Purple112/v4/4d/11/a4/4d11a473-3464-8ef2-0c29-f84ea430aa96/0f2705f3-89a3-4e7c-ac2c-e7182772b920_IMG_0722.png/552x414bb.png', 'https://is1-ssl.mzstatic.com/image/thumb/Purple122/v4/b8/1a/0d/b81a0d58-5dac-06a5-ae7e-67e6436f0127/3346cfe3-2d61-40d3-852c-f84e0d34693b_IMG_0729.png/552x414bb.png', 'https://is1-ssl.mzstatic.com/image/thumb/Purple112/v4/62/d6/32/62d632a1-bc84-ff92-bfe6-0f4567f816c1/8a6a7199-412d-4e73-9493-261098ee091a_IMG_0727.png/552x414bb.png', 'https://is1-ssl.mzstatic.com/image/thumb/Purple122/v4/98/eb/07/98eb07a5-8fb7-cc0b-484d-2b421faaf2ec/f626b7c5-e428-4d75-995d-a5f2e9651912_IMG_0723.png/552x414bb.png']","[]","https://is1-ssl.mzstatic.com/image/thumb/Purple112/v4/01/7b/4c/017b4c33-12be-a0c9-ac17-fbed7614a1d9/AppIcon-0-0-1x_U007emarketing-0-0-0-7-0-0-sRGB-0-0-0-GLES2_U002c0-512MB-85-220-0-0.png/512x512bb.jpg","https://is1-ssl.mzstatic.com/image/thumb/Purple112/v4/01/7b/4c/017b4c33-12be-a0c9-ac17-fbed7614a1d9/AppIcon-0-0-1x_U007emarketing-0-0-0-7-0-0-sRGB-0-0-0-GLES2_U002c0-512MB-85-220-0-0.png/100x100bb.jpg","['iPhone5s-iPhone5s', 'iPadAir-iPadAir', 'iPadAirCellular-iPadAirCellular', 'iPadMiniRetina-iPadMiniRetina', 'iPadMiniRetinaCellular-iPadMiniRetinaCellular', 'iPhone6-iPhone6', 'iPhone6Plus-iPhone6Plus', 'iPadAir2-iPadAir2', 'iPadAir2Cellular-iPadAir2Cellular', 'iPadMini3-iPadMini3', 'iPadMini3Cellular-iPadMini3Cellular', 'iPodTouchSixthGen-iPodTouchSixthGen', 'iPhone6s-iPhone6s', 'iPhone6sPlus-iPhone6sPlus', 'iPadMini4-iPadMini4', 'iPadMini4Cellular-iPadMini4Cellular', 'iPadPro-iPadPro', 'iPadProCellular-iPadProCellular', 'iPadPro97-iPadPro97', 'iPadPro97Cellular-iPadPro97Cellular', 'iPhoneSE-iPhoneSE', 'iPhone7-iPhone7', 'iPhone7Plus-iPhone7Plus', 'iPad611-iPad611', 'iPad612-iPad612', 'iPad71-iPad71', 'iPad72-iPad72', 'iPad73-iPad73', 'iPad74-iPad74', 'iPhone8-iPhone8', 'iPhone8Plus-iPhone8Plus', 'iPhoneX-iPhoneX', 'iPad75-iPad75', 'iPad76-iPad76', 'iPhoneXS-iPhoneXS', 'iPhoneXSMax-iPhoneXSMax', 'iPhoneXR-iPhoneXR', 'iPad812-iPad812', 'iPad834-iPad834', 'iPad856-iPad856', 'iPad878-iPad878', 'iPadMini5-iPadMini5', 'iPadMini5Cellular-iPadMini5Cellular', 'iPadAir3-iPadAir3', 'iPadAir3Cellular-iPadAir3Cellular', 'iPodTouchSeventhGen-iPodTouchSeventhGen', 'iPhone11-iPhone11', 'iPhone11Pro-iPhone11Pro', 'iPadSeventhGen-iPadSeventhGen', 'iPadSeventhGenCellular-iPadSeventhGenCellular', 'iPhone11ProMax-iPhone11ProMax', 'iPhoneSESecondGen-iPhoneSESecondGen', 'iPadProSecondGen-iPadProSecondGen', 'iPadProSecondGenCellular-iPadProSecondGenCellular', 'iPadProFourthGen-iPadProFourthGen', 'iPadProFourthGenCellular-iPadProFourthGenCellular', 'iPhone12Mini-iPhone12Mini', 'iPhone12-iPhone12', 'iPhone12Pro-iPhone12Pro', 'iPhone12ProMax-iPhone12ProMax', 'iPadAir4-iPadAir4', 'iPadAir4Cellular-iPadAir4Cellular', 'iPadEighthGen-iPadEighthGen', 'iPadEighthGenCellular-iPadEighthGenCellular', 'iPadProThirdGen-iPadProThirdGen', 'iPadProThirdGenCellular-iPadProThirdGenCellular', 'iPadProFifthGen-iPadProFifthGen', 'iPadProFifthGenCellular-iPadProFifthGenCellular', 'iPhone13Pro-iPhone13Pro', 'iPhone13ProMax-iPhone13ProMax', 'iPhone13Mini-iPhone13Mini', 'iPhone13-iPhone13', 'iPadMiniSixthGen-iPadMiniSixthGen', 'iPadMiniSixthGenCellular-iPadMiniSixthGenCellular', 'iPadNinthGen-iPadNinthGen', 'iPadNinthGenCellular-iPadNinthGenCellular', 'iPhoneSEThirdGen-iPhoneSEThirdGen', 'iPadAirFifthGen-iPadAirFifthGen', 'iPadAirFifthGenCellular-iPadAirFifthGenCellular', 'iPhone14-iPhone14', 'iPhone14Plus-iPhone14Plus', 'iPhone14Pro-iPhone14Pro', 'iPhone14ProMax-iPhone14ProMax', 'iPadTenthGen-iPadTenthGen', 'iPadTenthGenCellular-iPadTenthGenCellular', 'iPadPro11FourthGen-iPadPro11FourthGen', 'iPadPro11FourthGenCellular-iPadPro11FourthGenCellular', 'iPadProSixthGen-iPadProSixthGen', 'iPadProSixthGenCellular-iPadProSixthGenCellular', 'iPhone15-iPhone15', 'iPhone15Plus-iPhone15Plus', 'iPhone15Pro-iPhone15Pro', 'iPhone15ProMax-iPhone15ProMax', 'iPadAir11M2-iPadAir11M2', 'iPadAir11M2Cellular-iPadAir11M2Cellular', 'iPadAir13M2-iPadAir13M2', 'iPadAir13M2Cellular-iPadAir13M2Cellular', 'iPadPro11M4-iPadPro11M4', 'iPadPro11M4Cellular-iPadPro11M4Cellular', 'iPadPro13M4-iPadPro13M4', 'iPadPro13M4Cellular-iPadPro13M4Cellular', 'iPhone16-iPhone16', 'iPhone16Plus-iPhone16Plus', 'iPhone16Pro-iPhone16Pro', 'iPhone16ProMax-iPhone16ProMax', 'iPadMiniA17Pro-iPadMiniA17Pro', 'iPadMiniA17ProCellular-iPadMiniA17ProCellular', 'iPhone16e-iPhone16e', 'iPadA16-iPadA16', 'iPadA16Cellular-iPadA16Cellular', 'iPadAir11M3-iPadAir11M3', 'iPadAir11M3Cellular-iPadAir11M3Cellular', 'iPadAir13M3-iPadAir13M3', 'iPadAir13M3Cellular-iPadAir13M3Cellular', 'iPhone17Pro-iPhone17Pro', 'iPhone17ProMax-iPhone17ProMax', 'iPhone17-iPhone17', 'iPhoneAir-iPhoneAir', 'iPadPro11M5-iPadPro11M5', 'iPadPro11M5Cellular-iPadPro11M5Cellular', 'iPadPro13M5-iPadPro13M5', 'iPadPro13M5Cellular-iPadPro13M5Cellular']","False","com.onegame.stickmanbattlefight","MOBIONE TELECOMMUNICATIONS TECHNOLOGY AND SERVICE CO. LTD.","362251264","11.0","1060950080","['EN']","","[]","{}"
"Karate Kings : Anime Fighting","RollingStudio","4.2","9","6444128028","https://apps.apple.com/br/app/karate-kings-anime-fighting/id6444128028?uo=4","0.0","BRL","Grátis","Games","['Jogos', 'Esportes', 'Esportes', 'RPG']","Procurando o último jogo de luta de anime com vibrações diferentes ???

Portanto, mantenha suas tripas para baixar este jogo, porque este jogo de luta de anime é um jogo inspirado em muitos shows populares de anime. Os jogos de luta inspirados em anime permitem que você treine seu lutador as melhores habilidades de luta em diferentes estilos de combate.

Entre no jogo:
Sua primeira missão é lutar por bondade e desaparecer todos os combatentes do mal por seus super poderes. Portanto, prepare -se no setor de treinamento para destruir seus inimigos. Escolha seu avatar com sabedoria e comece a combater seus oponentes cruéis. Lute por sua defesa e esmaga seus rivais com seus poderes Super DB.

Modos diferentes para torná -lo um profissional para luta lendária:
Wreck-Rush
Defesa pessoal
Dragun Hunt

Abra esses modos aumentando suas habilidades de resistência e combate.

Atualize seu poder, saúde e velocidade de acordo com o poder do oponente. Você também pode obter moedas gratuitas por spin diariamente e concluir as missões diárias.
Onde quer que o lugar em que você esteja vivendo, agora não é grande coisa, este jogo oferece a opção completa localizada. Portanto, escolha seu idioma de acordo com a sua facilidade.

CARACTERÍSTICAS:
- destruir os lutadores do mal
- caracteres de anime estilizados em 3D
- modos surpreendentes para luta lendária
- Variedade de idiomas
- gráficos realistas de ponta
- Melhor combate de anime para lutar.

Apoiar:
A satisfação do usuário é a nossa primeira prioridade, por isso não se esqueça de compartilhar seus comentários conosco. Além disso, se você quiser jogar mais jogos cheios de ação, não hesite em visitar nossa conta """"Rolling Studio""""

Política de Privacidade:https://docs.google.com/document/d/1LfvZlo0j0m98KjPpfFd661n-ZrQ0GbrDlZW1VJfwa5s/edit
Termos de uso: https://drive.google.com/file/d/1eecolwf6eyjfbigojlJet8yvypqyoog/view?usp=sharing","2023-04-25T07:00:00Z","2025-06-16T10:41:14Z","2.1","Olá, lutadores! A atualização mais recente para iOS já está disponível no lobby!
Obrigado por jogar Karate Kings: Anime Fighting. Esta versão contém as seguintes mudanças:

Novos recursos do jogo:

- Mais combos de golpes adicionados para aumentar a potência
- Ajuste de som aprimorado para combate realista
- Alguns problemas técnicos resolvidos para um combate mais suave.","+9","['https://is1-ssl.mzstatic.com/image/thumb/Purple221/v4/99/9d/50/999d50d2-3294-9f53-ecf6-b946a1f51a67/10d93b00-fca9-4a13-914c-88e416fc85dd_2208_U002b1242.jpg/406x228bb.jpg', 'https://is1-ssl.mzstatic.com/image/thumb/Purple211/v4/a8/e1/a4/a8e1a4a1-328c-6586-0d74-d58c9201c6c0/477c7ede-3233-41fb-a1d1-19cf594f6692_1.jpg/406x228bb.jpg', 'https://is1-ssl.mzstatic.com/image/thumb/Purple221/v4/19/6e/04/196e0496-957a-d7cd-e106-dc68d48c79ff/cc01d073-146d-419c-ad9a-699ddaf38708_2.jpg/406x228bb.jpg', 'https://is1-ssl.mzstatic.com/image/thumb/Purple211/v4/26/74/ec/2674ecfb-d96a-4b8e-2430-652d550d9711/6c80a829-a5de-4119-9dba-a43798dd6797_3.jpg/406x228bb.jpg', 'https://is1-ssl.mzstatic.com/image/thumb/Purple221/v4/d1/0e/f5/d10ef5a3-529c-d142-999d-4880f0d60cc1/18629358-5815-435e-95b9-5e12ff4c9dfa_4.jpg/406x228bb.jpg', 'https://is1-ssl.mzstatic.com/image/thumb/Purple211/v4/43/73/e9/4373e93b-cbb7-c057-bab1-376464f513ac/4f2d07dd-e7e2-4cdf-b463-9284a584018f_5.jpg/406x228bb.jpg']","['https://is1-ssl.mzstatic.com/image/thumb/Purple211/v4/90/7b/b2/907bb212-8054-5a42-040e-2c8267d0d690/6898bc2b-7f8a-49e6-a226-9fe866611320_2732_U002b2048.jpg/552x414bb.jpg', 'https://is1-ssl.mzstatic.com/image/thumb/Purple221/v4/d7/43/68/d7436867-c5dc-8dca-9e52-4f92e47fbb7c/6928ed6f-f02e-4106-a228-45ecbad78a5c_1.jpg/552x414bb.jpg', 'https://is1-ssl.mzstatic.com/image/thumb/Purple211/v4/98/e0/06/98e00630-789f-71ae-7642-a730b7375d98/8863a9a9-3ee7-4251-ba51-6aefad6fb757_2.jpg/552x414bb.jpg', 'https://is1-ssl.mzstatic.com/image/thumb/Purple221/v4/8c/50/00/8c50005a-1866-b3a8-f2e6-07544e878ae8/1274a72c-2126-4328-b4c9-f7067ccdd5bf_3.jpg/552x414bb.jpg', 'https://is1-ssl.mzstatic.com/image/thumb/Purple221/v4/44/1b/d5/441bd5bf-9565-5dbb-ca4b-5ab74f3fb8cb/f4f4a2c0-e500-48b3-8608-1e005f603f16_4.jpg/552x414bb.jpg', 'https://is1-ssl.mzstatic.com/image/thumb/Purple221/v4/18/56/a9/1856a9e6-d294-f724-d97a-3b5284914e59/c535dd0d-5eaa-431e-a1c3-9901e6dac7e4_5.jpg/552x414bb.jpg']","[]","https://is1-ssl.mzstatic.com/image/thumb/Purple221/v4/12/2f/20/122f2067-27e6-f9f2-fea7-8a34bc4f07cb/AppIcon-1x_U007emarketing-0-8-0-85-220-0.png/512x512bb.jpg","https://is1-ssl.mzstatic.com/image/thumb/Purple221/v4/12/2f/20/122f2067-27e6-f9f2-fea7-8a34bc4f07cb/AppIcon-1x_U007emarketing-0-8-0-85-220-0.png/100x100bb.jpg","['iPhone5s-iPhone5s', 'iPadAir-iPadAir', 'iPadAirCellular-iPadAirCellular', 'iPadMiniRetina-iPadMiniRetina', 'iPadMiniRetinaCellular-iPadMiniRetinaCellular', 'iPhone6-iPhone6', 'iPhone6Plus-iPhone6Plus', 'iPadAir2-iPadAir2', 'iPadAir2Cellular-iPadAir2Cellular', 'iPadMini3-iPadMini3', 'iPadMini3Cellular-iPadMini3Cellular', 'iPodTouchSixthGen-iPodTouchSixthGen', 'iPhone6s-iPhone6s', 'iPhone6sPlus-iPhone6sPlus', 'iPadMini4-iPadMini4', 'iPadMini4Cellular-iPadMini4Cellular', 'iPadPro-iPadPro', 'iPadProCellular-iPadProCellular', 'iPadPro97-iPadPro97', 'iPadPro97Cellular-iPadPro97Cellular', 'iPhoneSE-iPhoneSE', 'iPhone7-iPhone7', 'iPhone7Plus-iPhone7Plus', 'iPad611-iPad611', 'iPad612-iPad612', 'iPad71-iPad71', 'iPad72-iPad72', 'iPad73-iPad73', 'iPad74-iPad74', 'iPhone8-iPhone8', 'iPhone8Plus-iPhone8Plus', 'iPhoneX-iPhoneX', 'iPad75-iPad75', 'iPad76-iPad76', 'iPhoneXS-iPhoneXS', 'iPhoneXSMax-iPhoneXSMax', 'iPhoneXR-iPhoneXR', 'iPad812-iPad812', 'iPad834-iPad834', 'iPad856-iPad856', 'iPad878-iPad878', 'iPadMini5-iPadMini5', 'iPadMini5Cellular-iPadMini5Cellular', 'iPadAir3-iPadAir3', 'iPadAir3Cellular-iPadAir3Cellular', 'iPodTouchSeventhGen-iPodTouchSeventhGen', 'iPhone11-iPhone11', 'iPhone11Pro-iPhone11Pro', 'iPadSeventhGen-iPadSeventhGen', 'iPadSeventhGenCellular-iPadSeventhGenCellular', 'iPhone11ProMax-iPhone11ProMax', 'iPhoneSESecondGen-iPhoneSESecondGen', 'iPadProSecondGen-iPadProSecondGen', 'iPadProSecondGenCellular-iPadProSecondGenCellular', 'iPadProFourthGen-iPadProFourthGen', 'iPadProFourthGenCellular-iPadProFourthGenCellular', 'iPhone12Mini-iPhone12Mini', 'iPhone12-iPhone12', 'iPhone12Pro-iPhone12Pro', 'iPhone12ProMax-iPhone12ProMax', 'iPadAir4-iPadAir4', 'iPadAir4Cellular-iPadAir4Cellular', 'iPadEighthGen-iPadEighthGen', 'iPadEighthGenCellular-iPadEighthGenCellular', 'iPadProThirdGen-iPadProThirdGen', 'iPadProThirdGenCellular-iPadProThirdGenCellular', 'iPadProFifthGen-iPadProFifthGen', 'iPadProFifthGenCellular-iPadProFifthGenCellular', 'iPhone13Pro-iPhone13Pro', 'iPhone13ProMax-iPhone13ProMax', 'iPhone13Mini-iPhone13Mini', 'iPhone13-iPhone13', 'iPadMiniSixthGen-iPadMiniSixthGen', 'iPadMiniSixthGenCellular-iPadMiniSixthGenCellular', 'iPadNinthGen-iPadNinthGen', 'iPadNinthGenCellular-iPadNinthGenCellular', 'iPhoneSEThirdGen-iPhoneSEThirdGen', 'iPadAirFifthGen-iPadAirFifthGen', 'iPadAirFifthGenCellular-iPadAirFifthGenCellular', 'iPhone14-iPhone14', 'iPhone14Plus-iPhone14Plus', 'iPhone14Pro-iPhone14Pro', 'iPhone14ProMax-iPhone14ProMax', 'iPadTenthGen-iPadTenthGen', 'iPadTenthGenCellular-iPadTenthGenCellular', 'iPadPro11FourthGen-iPadPro11FourthGen', 'iPadPro11FourthGenCellular-iPadPro11FourthGenCellular', 'iPadProSixthGen-iPadProSixthGen', 'iPadProSixthGenCellular-iPadProSixthGenCellular', 'iPhone15-iPhone15', 'iPhone15Plus-iPhone15Plus', 'iPhone15Pro-iPhone15Pro', 'iPhone15ProMax-iPhone15ProMax', 'iPadAir11M2-iPadAir11M2', 'iPadAir11M2Cellular-iPadAir11M2Cellular', 'iPadAir13M2-iPadAir13M2', 'iPadAir13M2Cellular-iPadAir13M2Cellular', 'iPadPro11M4-iPadPro11M4', 'iPadPro11M4Cellular-iPadPro11M4Cellular', 'iPadPro13M4-iPadPro13M4', 'iPadPro13M4Cellular-iPadPro13M4Cellular', 'iPhone16-iPhone16', 'iPhone16Plus-iPhone16Plus', 'iPhone16Pro-iPhone16Pro', 'iPhone16ProMax-iPhone16ProMax', 'iPadMiniA17Pro-iPadMiniA17Pro', 'iPadMiniA17ProCellular-iPadMiniA17ProCellular', 'iPhone16e-iPhone16e', 'iPadA16-iPadA16', 'iPadA16Cellular-iPadA16Cellular', 'iPadAir11M3-iPadAir11M3', 'iPadAir11M3Cellular-iPadAir11M3Cellular', 'iPadAir13M3-iPadAir13M3', 'iPadAir13M3Cellular-iPadAir13M3Cellular', 'iPhone17Pro-iPhone17Pro', 'iPhone17ProMax-iPhone17ProMax', 'iPhone17-iPhone17', 'iPhoneAir-iPhoneAir', 'iPadPro11M5-iPadPro11M5', 'iPadPro11M5Cellular-iPadPro11M5Cellular', 'iPadPro13M5-iPadPro13M5', 'iPadPro13M5Cellular-iPadPro13M5Cellular']","False","com.littleplay.karate.king.bolt","Little Play","187439104","13.0","1462929474","['AR', 'NL', 'EN', 'FR', 'HI', 'ID', 'IT', 'JA', 'PT', 'ES', 'TR', 'UR']","","[]","{}"
"Pixel Gun 3D: FPS PvP Shooter","Cubic Games","4.8","21734","640111933","https://apps.apple.com/br/app/pixel-gun-3d-fps-pvp-shooter/id640111933?uo=4","0.0","BRL","Grátis","Games","['Jogos', 'Entreteni\xadmento', 'Ação', 'Simulação']","Pixel Gun 3D é um jogo de tiro em primeira pessoa multijogador divertidíssimo. Baixe o jogo para curtir gráficos pixelados, estilo competitivo e muito mais:

• Mais de 800 armas
• 40 dispositivos e ferramentas úteis
• 10 modos de jogo diversos
• 10 minijogos empolgantes
• Mais de 100 mapas belíssimos alternados ao longo do ano
• Campanha de sobrevivência zumbi

* NOVOS CLÃS *
Junte-se com amigos, alcance as melhores divisões com seu clã e ganhe prêmios valiosos.
Melhore e personalize o seu Forte para resistir a Cercos de JxA e crie um tanque poderoso para atacar os fortes de outros clãs.
 
* PARTICIPE DE GUERRAS DE CLÃS! *
Conquiste territórios, controle o mapa global gigantesco, colete pontos de bravura e cobre impostos de suas terras para vencer a guerra.
 
* CENTENAS DE ARMAS *
São mais de 800 armas diferentes em Pixel Gun 3D, e você pode usar todas elas! Quer usar uma espada ou escudo medieval? Ou, quem sabe, um Gerador de Matéria Escura? Você pode! E não se esqueça das granadas...
 
* DIVERSOS VISUAIS *
Que tal ser um Orc, um Esqueleto, uma Hero poderosa ou qualquer outra pessoa? Ostente sua aparência com visuais e trajes detalhadíssimos. Ou crie seu próprio visual no Editor de Visual.

* MODOS DE JOGO *
Battle Royale, Raides, Mata-mata, Duelos... São tantas possibilidades para você se desafiar! Sem falar nas disputas alternadas toda semana...

* MINIJOGOS *
Cansou de ser o melhor no campo de batalha? Está na hora de participar de competições e exibir suas habilidades para os melhores guerreiros do mundo. Torneio de Franco-atirador, Desafio de Parkour, Corrida do Planador e outros desafios estão a espera de um herói!


---
This is not an official Mojang app. Pixel Gun 3D & Cubic Games are not associated or connected with Mojang AB. Minecraft is a trademark of Mojang AB and it is not endorsed by or affiliated with the creator of this game or its licensers.
---


SUBSCRIPTION PRICING AND TERMS
Subscription options
In our game we have the following subscription options: 1 Month, title: “Daily Gems” for $4.99 offers a monthly subscription after a 3-day free trial. The subscription provides 30 Gems on a daily basis and 1 Mythical egg per month.
End of trial and subscription renewal
This price is for United States customers. Pricing in other countries may vary, and actual charges may be converted to your local currency depending on the country of residence.
Payment will be charged to Apple ID Account after confirmation of purchase or at the end of the trial period if it is offered.
Subscription automatically renews unless auto-renew is turned off at least 24 hours before the end of the current period.
Your account will be charged for renewal up to 24 hours prior to the end of the current period.
Subscriptions can be managed by the user and auto-renewal can be turned off in user's Account Settings after purchase.
Any unused time of the free trial period, if offered, will be forfeited when the user purchases a subscription to that publication, where applicable.
Canceling trial or subscription
You can turn off the auto-renew for the subscription whenever you want to through iTunes. Check https://support.apple.com/HT202039.
When your current trial/subscription period expires, you will be unsubscribed. The current active subscription period can not be cancelled.
If you have any questions or comments, feel free to contact us at support.ios@cubicgames.com
Privacy Policy: https://pixelgun3d.com/private-notice.php?page=privacy
Terms of Use: https://pixelgun3d.com/private-notice.php?page=terms","2013-11-10T05:11:22Z","2025-12-11T15:16:07Z","26.2.1","Um único ato de sabotagem na estação climática transforma o Mundo Pixel em um labirinto congelado. O Arctic Heart desaparece, o feriado está por um fio, e apenas uma equipe de verdadeiros heróis pode salvar o Natal — e o próprio mundo.

NOVIDADES
- Nova Temporada: Operação Ártica “Descongelamento”. Arctic Heart roubado, mundo congelado e um rastro que segue para o norte. Siga Aurora na tempestade.
- Arsenal. Mísseis de plasma, fogo térmico, controle a laser, golpes congelantes e debuffs gelados. Seis novas armas criadas para sobreviver ao frio extremo.
- Heróis. Batedor de Gelo avança, Aurora lidera a missão, Inuit Ártico domina o gelo profundo e Coldheart está por trás do sabotagem.
- Operação “Descongelamento”. Três eventos conectados colocam você e uma equipe de resgate corajosa no centro da luta para salvar o Mundo Pixel do congelamento. Conclua cada capítulo para ganhar armas, gadgets e fichas para o Pixelpon festivo.
- Suprimentos de Natal. 24 dias, 24 presentes misteriosos. Jogue uma batalha, abra um slot, receba a recompensa. Se pular um dia—o presente se perde.

MELHORIAS
- Rotação de mapas
- Correções de bugs","+12","['https://is1-ssl.mzstatic.com/image/thumb/PurpleSource211/v4/40/90/30/40903041-8513-e2cf-2805-3f90b4c15a7c/df878a7c-9c20-42a6-870b-df70818a5126_PG_OldScreen_0_2208x1242.jpg/406x228bb.jpg', 'https://is1-ssl.mzstatic.com/image/thumb/PurpleSource211/v4/da/69/f6/da69f6b9-4663-a998-2457-407e6eaf4adf/35f1a2a0-682e-4db5-842b-44c2e51a1d41_SkyIslands_2208x1242.png/406x228bb.png', 'https://is1-ssl.mzstatic.com/image/thumb/PurpleSource211/v4/9c/08/e3/9c08e364-e4b1-a11a-c689-6d358d62776c/53333298-18f3-47d3-9d7e-e579b4fa7ca4_TwoCastles_2208x1242.png/406x228bb.png', 'https://is1-ssl.mzstatic.com/image/thumb/PurpleSource221/v4/08/98/37/089837d9-bd0c-11f3-d807-33b95a505917/d329df75-12a8-4b8a-841c-f9f2344c58d8_Hospital_2208x1242.png/406x228bb.png', 'https://is1-ssl.mzstatic.com/image/thumb/PurpleSource211/v4/b4/ab/54/b4ab5423-9d01-ee12-e3bd-54b41ce58659/af00b9fb-4c52-44e0-85b3-53e2621ca0c0_PG_OldScreen_2_2208_U04451242.png/406x228bb.png']","['https://is1-ssl.mzstatic.com/image/thumb/PurpleSource221/v4/c2/f0/87/c2f087be-980c-86e1-e1c7-5d6680386bef/1a756f9f-91de-4711-8473-0dfa4190f5b6_PG_OldScreen_0_1732x2048.jpg/552x414bb.jpg', 'https://is1-ssl.mzstatic.com/image/thumb/PurpleSource211/v4/c0/3a/14/c03a142b-aae9-0f92-adbf-fea3e69fba03/04f769f7-310e-427d-910a-5c3469a346fb_SkyIslands_2732x2048.png/552x414bb.png', 'https://is1-ssl.mzstatic.com/image/thumb/PurpleSource211/v4/14/0a/0b/140a0b11-1b72-2ee4-ee8d-da294068e56c/b0b8a03d-30e1-435f-9ee2-c1d095c6c6a1_TwoCastles_2732x2048.png/552x414bb.png', 'https://is1-ssl.mzstatic.com/image/thumb/PurpleSource221/v4/ad/30/92/ad309236-c330-06e2-32d5-50e15efee0b2/a71385d3-8396-4fc5-acf5-184748c58d00_Hospital_2732x2048.png/552x414bb.png', 'https://is1-ssl.mzstatic.com/image/thumb/PurpleSource221/v4/6d/14/58/6d145807-b8f7-8322-030e-7cb86cde0dce/f6c3b02d-cc5f-4c8a-9d5e-6b56645434d7_PG_OldScreen_2_2732_U04452048__U00281_U0029.png/552x414bb.png']","[]","https://is1-ssl.mzstatic.com/image/thumb/Purple221/v4/c9/ef/2a/c9ef2a5a-5e11-4159-877a-874a0e7b8c56/AppIcon-0-0-1x_U007emarketing-0-8-0-85-220.png/512x512bb.jpg","https://is1-ssl.mzstatic.com/image/thumb/Purple221/v4/c9/ef/2a/c9ef2a5a-5e11-4159-877a-874a0e7b8c56/AppIcon-0-0-1x_U007emarketing-0-8-0-85-220.png/100x100bb.jpg","['iPhone5s-iPhone5s', 'iPadAir-iPadAir', 'iPadAirCellular-iPadAirCellular', 'iPadMiniRetina-iPadMiniRetina', 'iPadMiniRetinaCellular-iPadMiniRetinaCellular', 'iPhone6-iPhone6', 'iPhone6Plus-iPhone6Plus', 'iPadAir2-iPadAir2', 'iPadAir2Cellular-iPadAir2Cellular', 'iPadMini3-iPadMini3', 'iPadMini3Cellular-iPadMini3Cellular', 'iPodTouchSixthGen-iPodTouchSixthGen', 'iPhone6s-iPhone6s', 'iPhone6sPlus-iPhone6sPlus', 'iPadMini4-iPadMini4', 'iPadMini4Cellular-iPadMini4Cellular', 'iPadPro-iPadPro', 'iPadProCellular-iPadProCellular', 'iPadPro97-iPadPro97', 'iPadPro97Cellular-iPadPro97Cellular', 'iPhoneSE-iPhoneSE', 'iPhone7-iPhone7', 'iPhone7Plus-iPhone7Plus', 'iPad611-iPad611', 'iPad612-iPad612', 'iPad71-iPad71', 'iPad72-iPad72', 'iPad73-iPad73', 'iPad74-iPad74', 'iPhone8-iPhone8', 'iPhone8Plus-iPhone8Plus', 'iPhoneX-iPhoneX', 'iPad75-iPad75', 'iPad76-iPad76', 'iPhoneXS-iPhoneXS', 'iPhoneXSMax-iPhoneXSMax', 'iPhoneXR-iPhoneXR', 'iPad812-iPad812', 'iPad834-iPad834', 'iPad856-iPad856', 'iPad878-iPad878', 'iPadMini5-iPadMini5', 'iPadMini5Cellular-iPadMini5Cellular', 'iPadAir3-iPadAir3', 'iPadAir3Cellular-iPadAir3Cellular', 'iPodTouchSeventhGen-iPodTouchSeventhGen', 'iPhone11-iPhone11', 'iPhone11Pro-iPhone11Pro', 'iPadSeventhGen-iPadSeventhGen', 'iPadSeventhGenCellular-iPadSeventhGenCellular', 'iPhone11ProMax-iPhone11ProMax', 'iPhoneSESecondGen-iPhoneSESecondGen', 'iPadProSecondGen-iPadProSecondGen', 'iPadProSecondGenCellular-iPadProSecondGenCellular', 'iPadProFourthGen-iPadProFourthGen', 'iPadProFourthGenCellular-iPadProFourthGenCellular', 'iPhone12Mini-iPhone12Mini', 'iPhone12-iPhone12', 'iPhone12Pro-iPhone12Pro', 'iPhone12ProMax-iPhone12ProMax', 'iPadAir4-iPadAir4', 'iPadAir4Cellular-iPadAir4Cellular', 'iPadEighthGen-iPadEighthGen', 'iPadEighthGenCellular-iPadEighthGenCellular', 'iPadProThirdGen-iPadProThirdGen', 'iPadProThirdGenCellular-iPadProThirdGenCellular', 'iPadProFifthGen-iPadProFifthGen', 'iPadProFifthGenCellular-iPadProFifthGenCellular', 'iPhone13Pro-iPhone13Pro', 'iPhone13ProMax-iPhone13ProMax', 'iPhone13Mini-iPhone13Mini', 'iPhone13-iPhone13', 'iPadMiniSixthGen-iPadMiniSixthGen', 'iPadMiniSixthGenCellular-iPadMiniSixthGenCellular', 'iPadNinthGen-iPadNinthGen', 'iPadNinthGenCellular-iPadNinthGenCellular', 'iPhoneSEThirdGen-iPhoneSEThirdGen', 'iPadAirFifthGen-iPadAirFifthGen', 'iPadAirFifthGenCellular-iPadAirFifthGenCellular', 'iPhone14-iPhone14', 'iPhone14Plus-iPhone14Plus', 'iPhone14Pro-iPhone14Pro', 'iPhone14ProMax-iPhone14ProMax', 'iPadTenthGen-iPadTenthGen', 'iPadTenthGenCellular-iPadTenthGenCellular', 'iPadPro11FourthGen-iPadPro11FourthGen', 'iPadPro11FourthGenCellular-iPadPro11FourthGenCellular', 'iPadProSixthGen-iPadProSixthGen', 'iPadProSixthGenCellular-iPadProSixthGenCellular', 'iPhone15-iPhone15', 'iPhone15Plus-iPhone15Plus', 'iPhone15Pro-iPhone15Pro', 'iPhone15ProMax-iPhone15ProMax', 'iPadAir11M2-iPadAir11M2', 'iPadAir11M2Cellular-iPadAir11M2Cellular', 'iPadAir13M2-iPadAir13M2', 'iPadAir13M2Cellular-iPadAir13M2Cellular', 'iPadPro11M4-iPadPro11M4', 'iPadPro11M4Cellular-iPadPro11M4Cellular', 'iPadPro13M4-iPadPro13M4', 'iPadPro13M4Cellular-iPadPro13M4Cellular', 'iPhone16-iPhone16', 'iPhone16Plus-iPhone16Plus', 'iPhone16Pro-iPhone16Pro', 'iPhone16ProMax-iPhone16ProMax', 'iPadMiniA17Pro-iPadMiniA17Pro', 'iPadMiniA17ProCellular-iPadMiniA17ProCellular', 'iPhone16e-iPhone16e', 'iPadA16-iPadA16', 'iPadA16Cellular-iPadA16Cellular', 'iPadAir11M3-iPadAir11M3', 'iPadAir11M3Cellular-iPadAir11M3Cellular', 'iPadAir13M3-iPadAir13M3', 'iPadAir13M3Cellular-iPadAir13M3Cellular', 'iPhone17Pro-iPhone17Pro', 'iPhone17ProMax-iPhone17ProMax', 'iPhone17-iPhone17', 'iPhoneAir-iPhoneAir', 'iPadPro11M5-iPadPro11M5', 'iPadPro11M5Cellular-iPadPro11M5Cellular', 'iPadPro13M5-iPadPro13M5', 'iPadPro13M5Cellular-iPadPro13M5Cellular']","True","zombiegun3d","Cubic Games Ltd","1083858944","13.0","561634640","['EN', 'FR', 'DE', 'JA', 'KO', 'PT', 'RU', 'ZH', 'ES', 'ZH']","","[]","{}"
"ONE PIECE Bounty Rush","Bandai Namco Entertainment Inc.","4.8","12616","1343688545","https://apps.apple.com/br/app/one-piece-bounty-rush/id1343688545?uo=4","0.0","BRL","Grátis","Games","['Jogos', 'Aventura', 'Ação', 'Entreteni\xadmento']","Take the loot you pirate! One Piece Bounty Rush is a 3D anime battle arena treasure looting game set in the popular manga pirate world of One Piece! Join Luffy, the famous Straw Hat Pirate and all your favorite characters from the One Piece universe in 4 vs 4 real-time pvp battles to rush and loot the treasure of berry coins for victory!

4 vs 4 MULTIPLAYER TREASURE LOOTING ACTION
• Exciting capture the flag-style anime pirate action
• 2 teams of 4 players battle in real-time to loot the most treasure
• Rush to grab more Berry coins to reach victory

CREATE THE ULTIMATE PIRATE CREW
• Battle rival teams using popular One Piece anime characters from Luffy to Zolo
• Mix & match characters to form the strongest treasure looting team!
• Collect Character Fragments during battle to unlock more characters!

DEEP SEA GAMEPLAY AND LEVEL UP SYSTEM
• Strategize character class selections (Attacker, Defender, Runner) to collect the most treasure
• Upgrade your character’s grade level and skills through League and Solo battles
• Equip characters with Medals to give them battle changing Traits!

EXPERIENCE THE ONE PIECE UNIVERSE
• The One Piece manga world reimagined as the battlefield in beautiful 3D
• Battle at iconic locations from the anime including the seafaring Baratie restaurant and the Alabasta desert kingdom.
• Every match comes complete with items from the One Piece universe to give your team the upper hand.

Are you pirates ready to loot some treasure? Grab your crew and join the quest to become the Pirate King in One Piece Bounty Rush!



Bandai Namco Entertainment Inc. Website:
https://bandainamcoent.co.jp/english/

By downloading or installing this app, you agree to the Bandai Namco Entertainment Terms of Service.

Terms of Service:
https://legal.bandainamcoent.co.jp/terms/
Privacy Policy:
https://legal.bandainamcoent.co.jp/privacy/

Note:
This game contains some items available for in-app purchase that can enhance gameplay and speed up your progress. In-app purchases can be disabled in your device settings, see https://support.apple.com/en-us/HT201304 for more details.

This application is distributed under the official rights from the license holder.","2018-03-29T08:22:41Z","2025-12-09T03:28:06Z","85000","Details of the Ver.85000 Update
- Adjusted and improved parts of the UI.
- Fixed certain bugs.","+12","['https://is1-ssl.mzstatic.com/image/thumb/Purple126/v4/45/ad/96/45ad965f-311b-eda2-1189-f3f74bf725d1/4f62c9ff-78b8-4437-9321-534465a534bf_resource__U00281_U0029.jpg/406x228bb.jpg', 'https://is1-ssl.mzstatic.com/image/thumb/Purple126/v4/8d/77/92/8d779208-d88d-695d-4a9a-24cea1188c52/f01472d5-d72f-4223-a011-24cd0099a470_resource__U00283_U0029.png/406x228bb.png', 'https://is1-ssl.mzstatic.com/image/thumb/PurpleSource116/v4/15/8f/cc/158fccd8-cf13-25ce-bcde-4527d997a1da/5a6e0f16-d653-41f0-a65d-270325a25777_resource.png/406x228bb.png', 'https://is1-ssl.mzstatic.com/image/thumb/Purple116/v4/cf/50/0d/cf500d29-5734-d4ae-fd8f-a15179f31c4a/80be448e-a4e1-4791-a825-58fadc365922_resource__U00285_U0029.png/406x228bb.png']","['https://is1-ssl.mzstatic.com/image/thumb/Purple126/v4/e6/54/32/e65432cd-86a6-f0c0-f151-7daf6e93475b/497b16e2-3f51-47a5-8269-4b35893d3d7f_resource__U00282_U0029.jpg/552x414bb.jpg', 'https://is1-ssl.mzstatic.com/image/thumb/Purple126/v4/ae/05/32/ae05320f-f1bc-b8bd-73c4-610da2f06a30/209d366b-840c-4af7-af6d-7ed82a6ed044_resource__U00286_U0029.png/552x414bb.png', 'https://is1-ssl.mzstatic.com/image/thumb/PurpleSource116/v4/17/1d/a3/171da395-e8d1-192c-24fc-dba765e41d52/f53aafbe-2f3f-4068-b455-9d0e4f8ddf7f_resource__U00281_U0029.png/552x414bb.png', 'https://is1-ssl.mzstatic.com/image/thumb/Purple116/v4/95/f2/69/95f269b8-174c-32b9-21be-fcf9a18f01de/6dcddfb4-1ac0-452e-95aa-2aea8bdf951d_resource__U00288_U0029.png/552x414bb.png']","[]","https://is1-ssl.mzstatic.com/image/thumb/Purple221/v4/70/eb/da/70ebdab1-a34b-f2a8-aa48-553486020715/AppIcon-0-0-1x_U007emarketing-0-8-0-85-220.png/512x512bb.jpg","https://is1-ssl.mzstatic.com/image/thumb/Purple221/v4/70/eb/da/70ebdab1-a34b-f2a8-aa48-553486020715/AppIcon-0-0-1x_U007emarketing-0-8-0-85-220.png/100x100bb.jpg","['iPhone5s-iPhone5s', 'iPadAir-iPadAir', 'iPadAirCellular-iPadAirCellular', 'iPadMiniRetina-iPadMiniRetina', 'iPadMiniRetinaCellular-iPadMiniRetinaCellular', 'iPhone6-iPhone6', 'iPhone6Plus-iPhone6Plus', 'iPadAir2-iPadAir2', 'iPadAir2Cellular-iPadAir2Cellular', 'iPadMini3-iPadMini3', 'iPadMini3Cellular-iPadMini3Cellular', 'iPodTouchSixthGen-iPodTouchSixthGen', 'iPhone6s-iPhone6s', 'iPhone6sPlus-iPhone6sPlus', 'iPadMini4-iPadMini4', 'iPadMini4Cellular-iPadMini4Cellular', 'iPadPro-iPadPro', 'iPadProCellular-iPadProCellular', 'iPadPro97-iPadPro97', 'iPadPro97Cellular-iPadPro97Cellular', 'iPhoneSE-iPhoneSE', 'iPhone7-iPhone7', 'iPhone7Plus-iPhone7Plus', 'iPad611-iPad611', 'iPad612-iPad612', 'iPad71-iPad71', 'iPad72-iPad72', 'iPad73-iPad73', 'iPad74-iPad74', 'iPhone8-iPhone8', 'iPhone8Plus-iPhone8Plus', 'iPhoneX-iPhoneX', 'iPad75-iPad75', 'iPad76-iPad76', 'iPhoneXS-iPhoneXS', 'iPhoneXSMax-iPhoneXSMax', 'iPhoneXR-iPhoneXR', 'iPad812-iPad812', 'iPad834-iPad834', 'iPad856-iPad856', 'iPad878-iPad878', 'iPadMini5-iPadMini5', 'iPadMini5Cellular-iPadMini5Cellular', 'iPadAir3-iPadAir3', 'iPadAir3Cellular-iPadAir3Cellular', 'iPodTouchSeventhGen-iPodTouchSeventhGen', 'iPhone11-iPhone11', 'iPhone11Pro-iPhone11Pro', 'iPadSeventhGen-iPadSeventhGen', 'iPadSeventhGenCellular-iPadSeventhGenCellular', 'iPhone11ProMax-iPhone11ProMax', 'iPhoneSESecondGen-iPhoneSESecondGen', 'iPadProSecondGen-iPadProSecondGen', 'iPadProSecondGenCellular-iPadProSecondGenCellular', 'iPadProFourthGen-iPadProFourthGen', 'iPadProFourthGenCellular-iPadProFourthGenCellular', 'iPhone12Mini-iPhone12Mini', 'iPhone12-iPhone12', 'iPhone12Pro-iPhone12Pro', 'iPhone12ProMax-iPhone12ProMax', 'iPadAir4-iPadAir4', 'iPadAir4Cellular-iPadAir4Cellular', 'iPadEighthGen-iPadEighthGen', 'iPadEighthGenCellular-iPadEighthGenCellular', 'iPadProThirdGen-iPadProThirdGen', 'iPadProThirdGenCellular-iPadProThirdGenCellular', 'iPadProFifthGen-iPadProFifthGen', 'iPadProFifthGenCellular-iPadProFifthGenCellular', 'iPhone13Pro-iPhone13Pro', 'iPhone13ProMax-iPhone13ProMax', 'iPhone13Mini-iPhone13Mini', 'iPhone13-iPhone13', 'iPadMiniSixthGen-iPadMiniSixthGen', 'iPadMiniSixthGenCellular-iPadMiniSixthGenCellular', 'iPadNinthGen-iPadNinthGen', 'iPadNinthGenCellular-iPadNinthGenCellular', 'iPhoneSEThirdGen-iPhoneSEThirdGen', 'iPadAirFifthGen-iPadAirFifthGen', 'iPadAirFifthGenCellular-iPadAirFifthGenCellular', 'iPhone14-iPhone14', 'iPhone14Plus-iPhone14Plus', 'iPhone14Pro-iPhone14Pro', 'iPhone14ProMax-iPhone14ProMax', 'iPadTenthGen-iPadTenthGen', 'iPadTenthGenCellular-iPadTenthGenCellular', 'iPadPro11FourthGen-iPadPro11FourthGen', 'iPadPro11FourthGenCellular-iPadPro11FourthGenCellular', 'iPadProSixthGen-iPadProSixthGen', 'iPadProSixthGenCellular-iPadProSixthGenCellular', 'iPhone15-iPhone15', 'iPhone15Plus-iPhone15Plus', 'iPhone15Pro-iPhone15Pro', 'iPhone15ProMax-iPhone15ProMax', 'iPadAir11M2-iPadAir11M2', 'iPadAir11M2Cellular-iPadAir11M2Cellular', 'iPadAir13M2-iPadAir13M2', 'iPadAir13M2Cellular-iPadAir13M2Cellular', 'iPadPro11M4-iPadPro11M4', 'iPadPro11M4Cellular-iPadPro11M4Cellular', 'iPadPro13M4-iPadPro13M4', 'iPadPro13M4Cellular-iPadPro13M4Cellular', 'iPhone16-iPhone16', 'iPhone16Plus-iPhone16Plus', 'iPhone16Pro-iPhone16Pro', 'iPhone16ProMax-iPhone16ProMax', 'iPadMiniA17Pro-iPadMiniA17Pro', 'iPadMiniA17ProCellular-iPadMiniA17ProCellular', 'iPhone16e-iPhone16e', 'iPadA16-iPadA16', 'iPadA16Cellular-iPadA16Cellular', 'iPadAir11M3-iPadAir11M3', 'iPadAir11M3Cellular-iPadAir11M3Cellular', 'iPadAir13M3-iPadAir13M3', 'iPadAir13M3Cellular-iPadAir13M3Cellular', 'iPhone17Pro-iPhone17Pro', 'iPhone17ProMax-iPhone17ProMax', 'iPhone17-iPhone17', 'iPhoneAir-iPhoneAir', 'iPadPro11M5-iPadPro11M5', 'iPadPro11M5Cellular-iPadPro11M5Cellular', 'iPadPro13M5-iPadPro13M5', 'iPadPro13M5Cellular-iPadPro13M5Cellular']","False","jp.co.bandainamcoent.BNEI0297","Bandai Namco Entertainment Inc.","297546752","13.0","352305770","['EN', 'FR', 'JA', 'KO', 'ES', 'TH', 'ZH']","","[]","{}"
"Stickman Legends: Jogo de luta","Zitga","4.7","420","1186523572","https://apps.apple.com/br/app/stickman-legends-jogo-de-luta/id1186523572?uo=4","0.0","BRL","Grátis","Games","['Jogos', 'RPG', 'Entreteni\xadmento', 'Ação']","Stickman Legends – Este jogo é a melhor combinação de jogo de representação (RPG), de ação e dos jogos de tiro. Com plena de espada, arqueiro, arma, fogo e bala, você será trazido para o mundo incrível da aventura. Como outros jogos de luta, você tem que enfrentar muitos monstros e adversários poderosos, mais do que isso, você tem a oportunidade de mostrar sua habilidade de tiro como estar nos jogos de armas. Não há mais preocupações com a internet, agora você pode desfrutar deste jogo em qualquer hora e em todos os lugares você está com as experiências de jogo de ação. Você está pronto para ser o melhor jogador neste jogo de guerreiros?

Em cada batalha de aventura, você vai jogar os guerreiros que estão em uma jornada de conquistar o mundo sombrio que se encheu de muitas espadas, armas, habilidades e skins incríveis. Esteja pronto para um jogo emocionante, você pode ser um lutador e dominar o jogo de espadas. Você tem a força, a coragem e a paixão para dominar este jogo Warriors!

▶ BATALHAS
Quando a batalha começa, cada ninja precisa de lutar contra o perigoso monstro que o ataca constantemente. Sempre que você quiser cortá-los, corte-os use os controles excelentes no lado direito para matar ou evitar matar. Esta é uma batalha incrivelmente difícil no tempo todo, mas se você usar suas habilidades múltiplas com muito cuidado, você terá a capacidade de tornar seu herói mais poderoso. Tente não ser atingido pelo monstro e sua legião mágica.

▶ DESENHO & GRÁFICOS 
Você vai se surpreender com os efeitos gráficos e sonoros deste jogo. Seja um herói, fazer alguma mágia louco poderoso e queimar o mundo da escuridão. Além de que, no final de cada nível, há uma câmera lenta que vai surpreender você ao máximo. Inteligentemente usar os controles para lutar com os efeitos máximos!

▶ TONELADAS  DE UPGRADES DIFERENTES 
Desfrute utilizando as várias atualizações nos melhores jogos de RPG. Alguns monstros são extremamente perigosos e você terá armas mais poderosas do que os iniciais. Atualizar o ataque, armadura, saúde e crítica no  jogo de RPG para ser melhor e melhor em cada nível!

▶ ITENS ILIMITADO 
Existem diferentes personagens no jogo, e a níveis, o ataque, a defesa e hp são realmente importantes na forma de lidar com os inimigos. Você pode atualizar ou até mesmo comprar mais jóia, resistência, habilidades etc. Ouro ajudá-lo a aumentar seus tempos e acabar os inimigos em cada guerra. Guerreiros também pode usar habilidades especiais e armas para destruir o monstro mais rápido como espadas, arco e flecha ... em cada legenda.

▶ RANKING MUNDIAL 
Há rankings para tornar as coisas mais interessante e divertido. Leve o seu jogo guerreiros até o topo, lutando de uma forma inteligente e hábil. Faça amigo de todo o mundo com jogos ninja e competir o seu ninja com seus amigos .

▶ CARACTERÍSTICAS 
- Impressionante gráphico
- Controles fáceis em todas as batalhas
- Capacidade de atualizar o herói
- Tabela de classificação global como qualquer jogo de luta
- Capacidade de aumentar os níveis
- Efeitos sonoros
- Final de câmera lenta

O jogo Stickman Legends é uma experiência inesquecível. Os heróis requerem habilidades altamente profissionais. Vocês ajudarão nossos heróis em sua luta e matando contra os inimigos assustadores.
Baixe Stickman Legends e compartilhe seu momento com seus amigos agora.

Siga-nos, goste e compartilhe:
-        Email: zitgastudios@gmail.com
-        Facebook: https://www.facebook.com/StickmanLegends
-        Group: https://www.facebook.com/groups/StickmanLegends 
-        Instagram: https://www.instagram.com/stickmanlegends
-        Twitter: https://twitter.com/stickmanlegends","2017-03-08T23:00:25Z","2024-10-24T18:01:48Z","6.0.2","- Atualizar biblioteca
- Melhorar UI/UX
- Correção de bugs e otimização do jogo","+9","['https://is1-ssl.mzstatic.com/image/thumb/PurpleSource122/v4/26/7e/6f/267e6f2d-b8a1-93ad-6d66-3a25fd4ad3f4/531e630e-6178-4d69-abd6-fea00da6720c_2.jpg/406x228bb.jpg', 'https://is1-ssl.mzstatic.com/image/thumb/PurpleSource122/v4/da/73/8d/da738d1c-07cf-6579-fbec-297ac0a5b893/898950fc-e9e7-4197-8c72-99ba90e67859_1.jpg/406x228bb.jpg', 'https://is1-ssl.mzstatic.com/image/thumb/PurpleSource122/v4/bd/c8/b0/bdc8b0d1-84ba-10b8-5f4a-898ea5b441aa/e180e1b8-d2fa-4ee2-9df0-6f9eaef6d69e_3.jpg/406x228bb.jpg', 'https://is1-ssl.mzstatic.com/image/thumb/PurpleSource112/v4/6e/4d/41/6e4d41b2-57fb-3cb1-9c16-5acabc775652/f9a08e06-9d4d-4c28-8513-3d9403dd2de0_11.jpeg/406x228bb.jpg', 'https://is1-ssl.mzstatic.com/image/thumb/PurpleSource122/v4/d7/c1/67/d7c16750-c992-9c87-b998-16db70492b38/acfeb6f6-b0f0-46be-a5ba-44ffd3e0883e_4.jpg/406x228bb.jpg', 'https://is1-ssl.mzstatic.com/image/thumb/PurpleSource122/v4/59/ac/d2/59acd29c-8ca2-8ffe-53c5-8e4be9eca4d4/09ef6912-bc1e-4798-adfa-46d555d593c9_8_copy.jpg/406x228bb.jpg', 'https://is1-ssl.mzstatic.com/image/thumb/PurpleSource122/v4/4d/60/2e/4d602e87-fd79-e9a2-84ef-aec997b4b2e4/eed0084e-8a6b-42c4-92bd-98d2c8ff2c93_6.jpg/406x228bb.jpg', 'https://is1-ssl.mzstatic.com/image/thumb/PurpleSource112/v4/49/6f/70/496f70f5-8115-c445-4f02-aa0bae41317f/95c08abd-bddc-4f07-89ef-43435006c6f7_5.jpg/406x228bb.jpg', 'https://is1-ssl.mzstatic.com/image/thumb/PurpleSource122/v4/0a/e4/12/0ae41280-6b9b-cdd5-4bcd-ac1e92024ea0/f9ccbad6-c1da-4794-b3bf-688ea5537fea_7.jpg/406x228bb.jpg', 'https://is1-ssl.mzstatic.com/image/thumb/PurpleSource122/v4/b5/ed/78/b5ed7856-038c-0761-4c45-fc94f0091e13/85a7f49e-45bd-4da1-840a-2c9f987d2f02_10.jpeg/406x228bb.jpg']","['https://is1-ssl.mzstatic.com/image/thumb/PurpleSource122/v4/3d/2c/42/3d2c42f1-1ab3-94da-d975-c38e129cc8ff/2706f266-7844-4398-902c-e62dbb438f56_1.jpg/552x414bb.jpg', 'https://is1-ssl.mzstatic.com/image/thumb/PurpleSource112/v4/78/b5/fd/78b5fd53-e8f7-16bc-86d9-c8d21e7bb651/f996ba77-3430-45ab-8999-59d382fa7612_0.jpg/552x414bb.jpg', 'https://is1-ssl.mzstatic.com/image/thumb/PurpleSource122/v4/3c/e6/2c/3ce62cf9-047b-abd7-389f-e83acbc1ea27/9104b11e-2bca-4e3f-88ac-bce54a8b556d_2.jpg/552x414bb.jpg', 'https://is1-ssl.mzstatic.com/image/thumb/PurpleSource122/v4/ac/cf/3f/accf3fd7-a37f-60e1-2e06-0ca832eddc32/70ef6c46-23de-41f1-9c20-7bddb72a1f83_2732x2048-5.jpg/552x414bb.jpg', 'https://is1-ssl.mzstatic.com/image/thumb/PurpleSource112/v4/57/87/51/5787511c-f06b-c6db-fbaf-e58c03d39353/928bbea2-c44a-43f5-9f50-b637bc367e48_3.jpg/552x414bb.jpg', 'https://is1-ssl.mzstatic.com/image/thumb/PurpleSource112/v4/d7/9f/a7/d79fa79a-e7d7-6f56-ff0a-8c16c5be01f4/567d1392-be17-4865-a80e-87aa94633df3_2732x2048-2.jpg/552x414bb.jpg', 'https://is1-ssl.mzstatic.com/image/thumb/PurpleSource122/v4/e9/d5/93/e9d59361-ca44-2d35-b5dc-6103c2b8dbbd/ec3d1d50-2277-4c1d-91e2-d5e51c9e9869_5.jpg/552x414bb.jpg', 'https://is1-ssl.mzstatic.com/image/thumb/PurpleSource112/v4/50/04/1f/50041f01-3d4c-93a7-aced-a8bad5d98e26/68945e1b-6840-4d8f-91fd-1683e37f00ce_4.jpg/552x414bb.jpg', 'https://is1-ssl.mzstatic.com/image/thumb/PurpleSource112/v4/ba/4b/36/ba4b361e-429b-d6a9-a2b1-0b5be2a7600c/08cd55b4-c012-400d-8a27-dec760892505_2732x2048-6.jpg/552x414bb.jpg', 'https://is1-ssl.mzstatic.com/image/thumb/PurpleSource122/v4/d9/c4/5d/d9c45d10-e4e7-cc4a-6062-3105b5ed08af/e2e1a22f-b2fd-436b-a688-1e02cff1f539_2732x2048-8.jpg/552x414bb.jpg']","[]","https://is1-ssl.mzstatic.com/image/thumb/Purple221/v4/0f/a1/34/0fa134be-72d4-3d19-6cd9-6f4ff2e96f71/AppIcon-1x_U007emarketing-0-7-0-85-220-0.png/512x512bb.jpg","https://is1-ssl.mzstatic.com/image/thumb/Purple221/v4/0f/a1/34/0fa134be-72d4-3d19-6cd9-6f4ff2e96f71/AppIcon-1x_U007emarketing-0-7-0-85-220-0.png/100x100bb.jpg","['iPhone5s-iPhone5s', 'iPadAir-iPadAir', 'iPadAirCellular-iPadAirCellular', 'iPadMiniRetina-iPadMiniRetina', 'iPadMiniRetinaCellular-iPadMiniRetinaCellular', 'iPhone6-iPhone6', 'iPhone6Plus-iPhone6Plus', 'iPadAir2-iPadAir2', 'iPadAir2Cellular-iPadAir2Cellular', 'iPadMini3-iPadMini3', 'iPadMini3Cellular-iPadMini3Cellular', 'iPodTouchSixthGen-iPodTouchSixthGen', 'iPhone6s-iPhone6s', 'iPhone6sPlus-iPhone6sPlus', 'iPadMini4-iPadMini4', 'iPadMini4Cellular-iPadMini4Cellular', 'iPadPro-iPadPro', 'iPadProCellular-iPadProCellular', 'iPadPro97-iPadPro97', 'iPadPro97Cellular-iPadPro97Cellular', 'iPhoneSE-iPhoneSE', 'iPhone7-iPhone7', 'iPhone7Plus-iPhone7Plus', 'iPad611-iPad611', 'iPad612-iPad612', 'iPad71-iPad71', 'iPad72-iPad72', 'iPad73-iPad73', 'iPad74-iPad74', 'iPhone8-iPhone8', 'iPhone8Plus-iPhone8Plus', 'iPhoneX-iPhoneX', 'iPad75-iPad75', 'iPad76-iPad76', 'iPhoneXS-iPhoneXS', 'iPhoneXSMax-iPhoneXSMax', 'iPhoneXR-iPhoneXR', 'iPad812-iPad812', 'iPad834-iPad834', 'iPad856-iPad856', 'iPad878-iPad878', 'iPadMini5-iPadMini5', 'iPadMini5Cellular-iPadMini5Cellular', 'iPadAir3-iPadAir3', 'iPadAir3Cellular-iPadAir3Cellular', 'iPodTouchSeventhGen-iPodTouchSeventhGen', 'iPhone11-iPhone11', 'iPhone11Pro-iPhone11Pro', 'iPadSeventhGen-iPadSeventhGen', 'iPadSeventhGenCellular-iPadSeventhGenCellular', 'iPhone11ProMax-iPhone11ProMax', 'iPhoneSESecondGen-iPhoneSESecondGen', 'iPadProSecondGen-iPadProSecondGen', 'iPadProSecondGenCellular-iPadProSecondGenCellular', 'iPadProFourthGen-iPadProFourthGen', 'iPadProFourthGenCellular-iPadProFourthGenCellular', 'iPhone12Mini-iPhone12Mini', 'iPhone12-iPhone12', 'iPhone12Pro-iPhone12Pro', 'iPhone12ProMax-iPhone12ProMax', 'iPadAir4-iPadAir4', 'iPadAir4Cellular-iPadAir4Cellular', 'iPadEighthGen-iPadEighthGen', 'iPadEighthGenCellular-iPadEighthGenCellular', 'iPadProThirdGen-iPadProThirdGen', 'iPadProThirdGenCellular-iPadProThirdGenCellular', 'iPadProFifthGen-iPadProFifthGen', 'iPadProFifthGenCellular-iPadProFifthGenCellular', 'iPhone13Pro-iPhone13Pro', 'iPhone13ProMax-iPhone13ProMax', 'iPhone13Mini-iPhone13Mini', 'iPhone13-iPhone13', 'iPadMiniSixthGen-iPadMiniSixthGen', 'iPadMiniSixthGenCellular-iPadMiniSixthGenCellular', 'iPadNinthGen-iPadNinthGen', 'iPadNinthGenCellular-iPadNinthGenCellular', 'iPhoneSEThirdGen-iPhoneSEThirdGen', 'iPadAirFifthGen-iPadAirFifthGen', 'iPadAirFifthGenCellular-iPadAirFifthGenCellular', 'iPhone14-iPhone14', 'iPhone14Plus-iPhone14Plus', 'iPhone14Pro-iPhone14Pro', 'iPhone14ProMax-iPhone14ProMax', 'iPadTenthGen-iPadTenthGen', 'iPadTenthGenCellular-iPadTenthGenCellular', 'iPadPro11FourthGen-iPadPro11FourthGen', 'iPadPro11FourthGenCellular-iPadPro11FourthGenCellular', 'iPadProSixthGen-iPadProSixthGen', 'iPadProSixthGenCellular-iPadProSixthGenCellular', 'iPhone15-iPhone15', 'iPhone15Plus-iPhone15Plus', 'iPhone15Pro-iPhone15Pro', 'iPhone15ProMax-iPhone15ProMax', 'iPadAir11M2-iPadAir11M2', 'iPadAir11M2Cellular-iPadAir11M2Cellular', 'iPadAir13M2-iPadAir13M2', 'iPadAir13M2Cellular-iPadAir13M2Cellular', 'iPadPro11M4-iPadPro11M4', 'iPadPro11M4Cellular-iPadPro11M4Cellular', 'iPadPro13M4-iPadPro13M4', 'iPadPro13M4Cellular-iPadPro13M4Cellular', 'iPhone16-iPhone16', 'iPhone16Plus-iPhone16Plus', 'iPhone16Pro-iPhone16Pro', 'iPhone16ProMax-iPhone16ProMax', 'iPadMiniA17Pro-iPadMiniA17Pro', 'iPadMiniA17ProCellular-iPadMiniA17ProCellular', 'iPhone16e-iPhone16e', 'iPadA16-iPadA16', 'iPadA16Cellular-iPadA16Cellular', 'iPadAir11M3-iPadAir11M3', 'iPadAir11M3Cellular-iPadAir11M3Cellular', 'iPadAir13M3-iPadAir13M3', 'iPadAir13M3Cellular-iPadAir13M3Cellular', 'iPhone17Pro-iPhone17Pro', 'iPhone17ProMax-iPhone17ProMax', 'iPhone17-iPhone17', 'iPhoneAir-iPhoneAir', 'iPadPro11M5-iPadPro11M5', 'iPadPro11M5Cellular-iPadPro11M5Cellular', 'iPadPro13M5-iPadPro13M5', 'iPadPro13M5Cellular-iPadPro13M5Cellular']","False","com.zitga.ninja.stickman.legends","Pitado Viet Nam JSC","469023744","12.0","1078798367","['EN']","","[]","{}"
"Stick War: Legacy","Max Games Studios","4.8","1522","1001780528","https://apps.apple.com/br/app/stick-war-legacy/id1001780528?uo=4","0.0","BRL","Grátis","Games","['Jogos', 'Aventura', 'Estratégia']","Um dos jogos da web mais populares e com melhor classificação de todos os tempos agora chega ao celular!

Jogue Stick War, um dos maiores, mais divertidos, desafiadores e viciantes jogos de bonecos de palitos. Controle seu exército em formações ou jogue cada unidade, você tem controle total de cada boneco de palito. Construa unidades, extraia ouro, recrute espadachins, lanceiros, arqueiros, magos e até gigantes. Destrua a estátua inimiga e capture todos os Territórios!

Novos recursos:
● Modo Missões: novos níveis lançados toda semana! - Manter a ordem não será fácil.
● Mapa de estilo saga com várias recompensas.
● Desbloqueie coroas para cada nível de dificuldade: normal, difícil e insano!
● Uma infinidade de novos tipos de jogos o aguarda - Vença antes do pôr do sol, Triplo barricado de ouro, Deathmatch, Estátua Avante, contra Mini Chefões e muito mais!
● As flechas agora se fixam em todas as unidades, além de novos efeitos de sangue aprimorados e animações de dano.
● Formações de unidades aprimoradas e mira de arco Archidon.

Principais recursos:
● Campanha Clássica - Nasce o Império da Ordem. Agora com 6 níveis de bônus.
● Modo de sobrevivência zumbi Endless Deads! Quantas noites você consegue durar?
● Modo de torneio! Lute contra dezenas de adversários de IA para ganhar a ""Coroa da Inamorta""!
● Skins agora estão disponíveis para todos os personagens! Desbloqueie armas e armaduras poderosas, cada uma com suas vantagens exclusivas!

Em um mundo chamado Inamorta, você está cercado por nações discriminadas, dedicadas à tecnologia de suas nações individuais e à luta pelo domínio. Cada nação desenvolveu sua própria maneira única de defender e atacar. Orgulhosas de suas habilidades inigualáveis, elas se tornaram obcecadas a ponto de adorar, transformando as armas em religião. Cada uma acredita que seu modo de vida é o único caminho e se dedica a ensinar suas políticas a todas as outras nações por meio do que seus líderes afirmam ser uma intervenção divina, ou como você conhece... guerra.

Os outros são conhecidos como: ""Archidons"", ""Swordwrath"",  ""Magikill"" e ""Speartons"".

Você é o líder da nação chamada “Ordem”, seu caminho é de paz e conhecimento, seu povo não adora armas como deuses. Isso a torna um alvo de infiltração das nações vizinhas. Sua única chance de se defender é atacar primeiro e obter as tecnologias de cada nação ao longo do caminho.","2016-03-10T17:18:21Z","2025-12-05T04:18:13Z","2025.1.196","- Bug fixes
- Statue reinforcements will now always attack if your army is currently
garrisoned","+12","['https://is1-ssl.mzstatic.com/image/thumb/Purple124/v4/3b/7d/9f/3b7d9fb4-5d81-0cdf-94e6-9583093508fa/pr_source.png/406x228bb.png', 'https://is1-ssl.mzstatic.com/image/thumb/Purple114/v4/87/99/e5/8799e5af-fb8b-c2c0-6afd-5b9a40d90d72/pr_source.png/406x228bb.png', 'https://is1-ssl.mzstatic.com/image/thumb/Purple114/v4/25/27/94/2527947a-c261-5dc3-17f3-89e88ba68eae/pr_source.png/406x228bb.png', 'https://is1-ssl.mzstatic.com/image/thumb/Purple114/v4/ae/62/02/ae620295-bbed-43c2-8c3c-7f7db7604a1a/pr_source.png/406x228bb.png', 'https://is1-ssl.mzstatic.com/image/thumb/Purple114/v4/e7/65/7f/e7657fea-22e0-9cb3-0a65-e817751d8511/pr_source.png/406x228bb.png', 'https://is1-ssl.mzstatic.com/image/thumb/Purple114/v4/e8/dc/4d/e8dc4df0-8184-b00c-bb28-06302c5f10e4/pr_source.png/406x228bb.png']","['https://is1-ssl.mzstatic.com/image/thumb/Purple124/v4/1c/0d/f2/1c0df28c-8c95-cc82-a1aa-4f28af3a8328/f2ec6b4b-cc6d-4d68-a1a9-1080c3b45e13_iPad-1.png/552x414bb.png', 'https://is1-ssl.mzstatic.com/image/thumb/Purple124/v4/a8/95/78/a89578b6-56d7-47b5-b6e5-8e43ffbee07c/581ec16f-4dbb-4c04-934a-3974ebf7bff2_iPad-2.png/552x414bb.png', 'https://is1-ssl.mzstatic.com/image/thumb/Purple114/v4/35/6d/ae/356daef1-6402-9940-8540-f8ab957bcbc0/aada7f37-4ea5-4f29-bf90-5b04f57ee779_iPad-3.png/552x414bb.png', 'https://is1-ssl.mzstatic.com/image/thumb/Purple114/v4/14/56/94/1456943d-245a-79bb-c9cc-d6e30c077ade/186841c2-ee1c-4273-97c3-4b93e0532c85_iPad-4.png/552x414bb.png', 'https://is1-ssl.mzstatic.com/image/thumb/Purple114/v4/bb/ad/74/bbad74b0-b03f-de16-6dbe-54dd7523d49c/6a39c153-cf40-47d5-a583-2a788b0ff264_iPad-5.png/552x414bb.png', 'https://is1-ssl.mzstatic.com/image/thumb/Purple114/v4/00/89/f1/0089f120-eb18-0fb6-4b5b-b4a27d53889f/e1b32b18-3107-4fe7-b004-c1a69c72ecd3_iPad-6.png/552x414bb.png']","[]","https://is1-ssl.mzstatic.com/image/thumb/Purple211/v4/17/30/d6/1730d640-d207-8813-c199-d0363d9de9e6/AppIcon-0-0-1x_U007emarketing-0-8-0-85-220.png/512x512bb.jpg","https://is1-ssl.mzstatic.com/image/thumb/Purple211/v4/17/30/d6/1730d640-d207-8813-c199-d0363d9de9e6/AppIcon-0-0-1x_U007emarketing-0-8-0-85-220.png/100x100bb.jpg","['iPhone5s-iPhone5s', 'iPadAir-iPadAir', 'iPadAirCellular-iPadAirCellular', 'iPadMiniRetina-iPadMiniRetina', 'iPadMiniRetinaCellular-iPadMiniRetinaCellular', 'iPhone6-iPhone6', 'iPhone6Plus-iPhone6Plus', 'iPadAir2-iPadAir2', 'iPadAir2Cellular-iPadAir2Cellular', 'iPadMini3-iPadMini3', 'iPadMini3Cellular-iPadMini3Cellular', 'iPodTouchSixthGen-iPodTouchSixthGen', 'iPhone6s-iPhone6s', 'iPhone6sPlus-iPhone6sPlus', 'iPadMini4-iPadMini4', 'iPadMini4Cellular-iPadMini4Cellular', 'iPadPro-iPadPro', 'iPadProCellular-iPadProCellular', 'iPadPro97-iPadPro97', 'iPadPro97Cellular-iPadPro97Cellular', 'iPhoneSE-iPhoneSE', 'iPhone7-iPhone7', 'iPhone7Plus-iPhone7Plus', 'iPad611-iPad611', 'iPad612-iPad612', 'iPad71-iPad71', 'iPad72-iPad72', 'iPad73-iPad73', 'iPad74-iPad74', 'iPhone8-iPhone8', 'iPhone8Plus-iPhone8Plus', 'iPhoneX-iPhoneX', 'iPad75-iPad75', 'iPad76-iPad76', 'iPhoneXS-iPhoneXS', 'iPhoneXSMax-iPhoneXSMax', 'iPhoneXR-iPhoneXR', 'iPad812-iPad812', 'iPad834-iPad834', 'iPad856-iPad856', 'iPad878-iPad878', 'iPadMini5-iPadMini5', 'iPadMini5Cellular-iPadMini5Cellular', 'iPadAir3-iPadAir3', 'iPadAir3Cellular-iPadAir3Cellular', 'iPodTouchSeventhGen-iPodTouchSeventhGen', 'iPhone11-iPhone11', 'iPhone11Pro-iPhone11Pro', 'iPadSeventhGen-iPadSeventhGen', 'iPadSeventhGenCellular-iPadSeventhGenCellular', 'iPhone11ProMax-iPhone11ProMax', 'iPhoneSESecondGen-iPhoneSESecondGen', 'iPadProSecondGen-iPadProSecondGen', 'iPadProSecondGenCellular-iPadProSecondGenCellular', 'iPadProFourthGen-iPadProFourthGen', 'iPadProFourthGenCellular-iPadProFourthGenCellular', 'iPhone12Mini-iPhone12Mini', 'iPhone12-iPhone12', 'iPhone12Pro-iPhone12Pro', 'iPhone12ProMax-iPhone12ProMax', 'iPadAir4-iPadAir4', 'iPadAir4Cellular-iPadAir4Cellular', 'iPadEighthGen-iPadEighthGen', 'iPadEighthGenCellular-iPadEighthGenCellular', 'iPadProThirdGen-iPadProThirdGen', 'iPadProThirdGenCellular-iPadProThirdGenCellular', 'iPadProFifthGen-iPadProFifthGen', 'iPadProFifthGenCellular-iPadProFifthGenCellular', 'iPhone13Pro-iPhone13Pro', 'iPhone13ProMax-iPhone13ProMax', 'iPhone13Mini-iPhone13Mini', 'iPhone13-iPhone13', 'iPadMiniSixthGen-iPadMiniSixthGen', 'iPadMiniSixthGenCellular-iPadMiniSixthGenCellular', 'iPadNinthGen-iPadNinthGen', 'iPadNinthGenCellular-iPadNinthGenCellular', 'iPhoneSEThirdGen-iPhoneSEThirdGen', 'iPadAirFifthGen-iPadAirFifthGen', 'iPadAirFifthGenCellular-iPadAirFifthGenCellular', 'iPhone14-iPhone14', 'iPhone14Plus-iPhone14Plus', 'iPhone14Pro-iPhone14Pro', 'iPhone14ProMax-iPhone14ProMax', 'iPadTenthGen-iPadTenthGen', 'iPadTenthGenCellular-iPadTenthGenCellular', 'iPadPro11FourthGen-iPadPro11FourthGen', 'iPadPro11FourthGenCellular-iPadPro11FourthGenCellular', 'iPadProSixthGen-iPadProSixthGen', 'iPadProSixthGenCellular-iPadProSixthGenCellular', 'iPhone15-iPhone15', 'iPhone15Plus-iPhone15Plus', 'iPhone15Pro-iPhone15Pro', 'iPhone15ProMax-iPhone15ProMax', 'iPadAir11M2-iPadAir11M2', 'iPadAir11M2Cellular-iPadAir11M2Cellular', 'iPadAir13M2-iPadAir13M2', 'iPadAir13M2Cellular-iPadAir13M2Cellular', 'iPadPro11M4-iPadPro11M4', 'iPadPro11M4Cellular-iPadPro11M4Cellular', 'iPadPro13M4-iPadPro13M4', 'iPadPro13M4Cellular-iPadPro13M4Cellular', 'iPhone16-iPhone16', 'iPhone16Plus-iPhone16Plus', 'iPhone16Pro-iPhone16Pro', 'iPhone16ProMax-iPhone16ProMax', 'iPadMiniA17Pro-iPadMiniA17Pro', 'iPadMiniA17ProCellular-iPadMiniA17ProCellular', 'iPhone16e-iPhone16e', 'iPadA16-iPadA16', 'iPadA16Cellular-iPadA16Cellular', 'iPadAir11M3-iPadAir11M3', 'iPadAir11M3Cellular-iPadAir11M3Cellular', 'iPadAir13M3-iPadAir13M3', 'iPadAir13M3Cellular-iPadAir13M3Cellular', 'iPhone17Pro-iPhone17Pro', 'iPhone17ProMax-iPhone17ProMax', 'iPhone17-iPhone17', 'iPhoneAir-iPhoneAir', 'iPadPro11M5-iPadPro11M5', 'iPadPro11M5Cellular-iPadPro11M5Cellular', 'iPadPro13M5-iPadPro13M5', 'iPadPro13M5Cellular-iPadPro13M5Cellular']","True","com.stickpage.stickwar","1004319 Alberta Ltd","248644608","13.0","682130319","['AR', 'CS', 'NL', 'EN', 'FR', 'DE', 'EL', 'HI', 'ID', 'IT', 'JA', 'KO', 'FA', 'PL', 'PT', 'RO', 'RU', 'ZH', 'ES', 'SV', 'TH', 'ZH', 'TR', 'UK', 'VI']","","[]","{}"
"Stick All Star Warriors","Duc Dam Trong","3.6","8","1609201052","https://apps.apple.com/br/app/stick-all-star-warriors/id1609201052?uo=4","0.0","BRL","Grátis","Games","['Jogos', 'Ação', 'Aventura']","Every war will come to an end and those ending battles are always the fiercest and fiercest battles. The best Dragon Warriors in the Super Stickman Dragon Warriors game are also fighting to find the truest and most powerful warrior.

You will have a great time experiencing this basic but intriguing game. All you have to do is fly, dodge, charge your ki, perform basic and three advanced attacks, transform your hero into a special form and fight. The controls are so simple that you'll be surprised at how appealing the sound effects and graphics are.

FEATURES

General
There are plenty of game modes for you to play, easy to unlock your favorite characters through gameplay and customize a character with your own creation. Offline mode is available so you can play anytime anywhere.

A huge amount of powerful combatants
- Earn Coins and Diamond from victory battles to unlock more than 50+ warriors
- Each Warrior has a unique skill base on the power of a superhero that they incarnate
- Unlock and play as any characters, Villains or Heroes that your choice

Game Modes and Rewards
There are 7 different game modes to choose from:
- PVP Mode: An arena that every player in the world wants to be in. This place is for the strongest. You come here and fight for the top position in this game. Wouldn't you love to see your name in the top rank of the worldwide?
- Versus mode: In addition to the traditional fighting mode, Super Stickman Dragon Warriors also introduces new team fighting modes for you to enjoy with your friends. Matches can also be included in the tournament to find the strongest team and win the biggest rewards.
- Story mode: Tightly constructed and logically takes you on an emotional journey from calm to climax. The story will bring you completely into the heart of the character, taking your chosen character as far as possible is your main task. The later, the more the plot will surprise you and attract you.
- Tournament mode: The strongest teams will compete together. The winning team will be honored on the arena gold board as a trophy.
- Boss hunter mode: Gathering the most formidable monsters also gives you the most worthy rewards if you win.
- Survival mode: You will have a certain amount of strength health. Within that blood limit, fight as hard as you can to bring back a lot of gold and items.
- Training Mode: Practice fighting skills and try out the power of new character opened
Reward:
- Lots of free bonuses
- Lucky spins will often appear with valuable gifts or features.","2022-03-04T08:00:00Z","2024-01-08T03:17:42Z","1.0.0","Update version 1.0.0
- Fix minor bugs
- Optimize game performance
Our development team is continually improving the game to deliver the best mobile entertainment. Thank you for playing and we hope you continue to support future updates of Stick All Star Warriors.","+4","['https://is1-ssl.mzstatic.com/image/thumb/PurpleSource112/v4/a0/97/ae/a097ae5e-68f3-d136-e9e7-25772eac30ba/bd94f7bd-bd19-4fce-bdeb-fcc85df33b9c_1.png/406x228bb.png', 'https://is1-ssl.mzstatic.com/image/thumb/PurpleSource112/v4/f6/32/5f/f6325f87-b2fc-4240-cc03-0119e5e4f52d/394ecc32-b713-4de7-b2d7-7821fff77306_2.png/406x228bb.png', 'https://is1-ssl.mzstatic.com/image/thumb/PurpleSource122/v4/2c/52/d3/2c52d381-876a-44f1-0a26-f63310301891/ade85001-80ce-4081-a46b-33f339caeb6e_3.png/406x228bb.png', 'https://is1-ssl.mzstatic.com/image/thumb/PurpleSource112/v4/39/5a/1b/395a1b63-19b8-40f8-6cb6-a89720f901eb/028e5aed-2ee1-487f-bb20-3b4f499b6d0f_4.png/406x228bb.png', 'https://is1-ssl.mzstatic.com/image/thumb/PurpleSource122/v4/31/7c/0f/317c0fc9-0478-8d8a-b663-319029cc93de/6ebd9d8c-1b92-4b58-b638-e5fd937dd59e_5.png/406x228bb.png', 'https://is1-ssl.mzstatic.com/image/thumb/PurpleSource122/v4/e0/e0/1c/e0e01cc6-3fdd-562b-7eba-b7b2592c780a/62f6028a-c071-46f8-9ace-b2714e479792_6.png/406x228bb.png', 'https://is1-ssl.mzstatic.com/image/thumb/PurpleSource122/v4/87/d0/f6/87d0f6f4-468b-e65e-a741-872de2722c7a/a39f048f-9a43-4176-b607-a817f00c4ce3_7.png/406x228bb.png', 'https://is1-ssl.mzstatic.com/image/thumb/PurpleSource112/v4/c3/98/08/c3980820-c43f-5eef-06b1-9a25a3d3d21e/e66457af-49d9-4408-a10a-9620fdf66296_8.png/406x228bb.png']","['https://is1-ssl.mzstatic.com/image/thumb/PurpleSource112/v4/67/13/d6/6713d6ca-af32-8452-c52b-f30544e34803/70f9f6fd-ad96-4cb7-9fcd-2b1ea2aa08a9_1.png/552x414bb.png', 'https://is1-ssl.mzstatic.com/image/thumb/PurpleSource122/v4/3f/1a/6e/3f1a6e9b-9004-6958-cc03-9c2242d8a86d/1a42639e-750d-466a-8e2d-62d72f309620_2.png/552x414bb.png', 'https://is1-ssl.mzstatic.com/image/thumb/PurpleSource122/v4/1b/ca/4d/1bca4d75-6732-951b-e9ec-44e74763fba5/06ce99fc-929b-4d54-aaf7-c4ebe8dd234f_3.png/552x414bb.png', 'https://is1-ssl.mzstatic.com/image/thumb/PurpleSource122/v4/cb/cd/11/cbcd117c-c699-e359-1bf4-6412f535762a/0fbdf85e-f284-4bbb-8517-2ab9fae50353_4.png/552x414bb.png', 'https://is1-ssl.mzstatic.com/image/thumb/PurpleSource122/v4/61/92/c8/6192c825-657c-5e6d-37e2-5b9275eb248d/176f547b-ea58-41e1-a7c0-cf8361318c93_5.png/552x414bb.png', 'https://is1-ssl.mzstatic.com/image/thumb/PurpleSource112/v4/42/2e/33/422e3374-2122-8953-90d6-c718079d1796/759d2164-52bc-415e-8c4e-6e78be87efeb_6.png/552x414bb.png', 'https://is1-ssl.mzstatic.com/image/thumb/PurpleSource122/v4/11/79/6d/11796d5e-2546-340d-752c-e0fc5b3e33f9/a2ab1613-1287-4831-90fa-3e2d8f51d4b9_7.png/552x414bb.png', 'https://is1-ssl.mzstatic.com/image/thumb/PurpleSource122/v4/7c/01/fd/7c01fd65-c33b-a1e8-7cb7-ac95a41c03b7/2fde7e4c-8129-4ecc-a77a-a7845f51cc27_8.png/552x414bb.png']","[]","https://is1-ssl.mzstatic.com/image/thumb/Purple116/v4/11/00/82/11008278-7a52-352c-1748-7726dca910a9/AppIcon-1x_U007emarketing-0-7-0-85-220-0.png/512x512bb.jpg","https://is1-ssl.mzstatic.com/image/thumb/Purple116/v4/11/00/82/11008278-7a52-352c-1748-7726dca910a9/AppIcon-1x_U007emarketing-0-7-0-85-220-0.png/100x100bb.jpg","['iPhone5s-iPhone5s', 'iPadAir-iPadAir', 'iPadAirCellular-iPadAirCellular', 'iPadMiniRetina-iPadMiniRetina', 'iPadMiniRetinaCellular-iPadMiniRetinaCellular', 'iPhone6-iPhone6', 'iPhone6Plus-iPhone6Plus', 'iPadAir2-iPadAir2', 'iPadAir2Cellular-iPadAir2Cellular', 'iPadMini3-iPadMini3', 'iPadMini3Cellular-iPadMini3Cellular', 'iPodTouchSixthGen-iPodTouchSixthGen', 'iPhone6s-iPhone6s', 'iPhone6sPlus-iPhone6sPlus', 'iPadMini4-iPadMini4', 'iPadMini4Cellular-iPadMini4Cellular', 'iPadPro-iPadPro', 'iPadProCellular-iPadProCellular', 'iPadPro97-iPadPro97', 'iPadPro97Cellular-iPadPro97Cellular', 'iPhoneSE-iPhoneSE', 'iPhone7-iPhone7', 'iPhone7Plus-iPhone7Plus', 'iPad611-iPad611', 'iPad612-iPad612', 'iPad71-iPad71', 'iPad72-iPad72', 'iPad73-iPad73', 'iPad74-iPad74', 'iPhone8-iPhone8', 'iPhone8Plus-iPhone8Plus', 'iPhoneX-iPhoneX', 'iPad75-iPad75', 'iPad76-iPad76', 'iPhoneXS-iPhoneXS', 'iPhoneXSMax-iPhoneXSMax', 'iPhoneXR-iPhoneXR', 'iPad812-iPad812', 'iPad834-iPad834', 'iPad856-iPad856', 'iPad878-iPad878', 'iPadMini5-iPadMini5', 'iPadMini5Cellular-iPadMini5Cellular', 'iPadAir3-iPadAir3', 'iPadAir3Cellular-iPadAir3Cellular', 'iPodTouchSeventhGen-iPodTouchSeventhGen', 'iPhone11-iPhone11', 'iPhone11Pro-iPhone11Pro', 'iPadSeventhGen-iPadSeventhGen', 'iPadSeventhGenCellular-iPadSeventhGenCellular', 'iPhone11ProMax-iPhone11ProMax', 'iPhoneSESecondGen-iPhoneSESecondGen', 'iPadProSecondGen-iPadProSecondGen', 'iPadProSecondGenCellular-iPadProSecondGenCellular', 'iPadProFourthGen-iPadProFourthGen', 'iPadProFourthGenCellular-iPadProFourthGenCellular', 'iPhone12Mini-iPhone12Mini', 'iPhone12-iPhone12', 'iPhone12Pro-iPhone12Pro', 'iPhone12ProMax-iPhone12ProMax', 'iPadAir4-iPadAir4', 'iPadAir4Cellular-iPadAir4Cellular', 'iPadEighthGen-iPadEighthGen', 'iPadEighthGenCellular-iPadEighthGenCellular', 'iPadProThirdGen-iPadProThirdGen', 'iPadProThirdGenCellular-iPadProThirdGenCellular', 'iPadProFifthGen-iPadProFifthGen', 'iPadProFifthGenCellular-iPadProFifthGenCellular', 'iPhone13Pro-iPhone13Pro', 'iPhone13ProMax-iPhone13ProMax', 'iPhone13Mini-iPhone13Mini', 'iPhone13-iPhone13', 'iPadMiniSixthGen-iPadMiniSixthGen', 'iPadMiniSixthGenCellular-iPadMiniSixthGenCellular', 'iPadNinthGen-iPadNinthGen', 'iPadNinthGenCellular-iPadNinthGenCellular', 'iPhoneSEThirdGen-iPhoneSEThirdGen', 'iPadAirFifthGen-iPadAirFifthGen', 'iPadAirFifthGenCellular-iPadAirFifthGenCellular', 'iPhone14-iPhone14', 'iPhone14Plus-iPhone14Plus', 'iPhone14Pro-iPhone14Pro', 'iPhone14ProMax-iPhone14ProMax', 'iPadTenthGen-iPadTenthGen', 'iPadTenthGenCellular-iPadTenthGenCellular', 'iPadPro11FourthGen-iPadPro11FourthGen', 'iPadPro11FourthGenCellular-iPadPro11FourthGenCellular', 'iPadProSixthGen-iPadProSixthGen', 'iPadProSixthGenCellular-iPadProSixthGenCellular', 'iPhone15-iPhone15', 'iPhone15Plus-iPhone15Plus', 'iPhone15Pro-iPhone15Pro', 'iPhone15ProMax-iPhone15ProMax', 'iPadAir11M2-iPadAir11M2', 'iPadAir11M2Cellular-iPadAir11M2Cellular', 'iPadAir13M2-iPadAir13M2', 'iPadAir13M2Cellular-iPadAir13M2Cellular', 'iPadPro11M4-iPadPro11M4', 'iPadPro11M4Cellular-iPadPro11M4Cellular', 'iPadPro13M4-iPadPro13M4', 'iPadPro13M4Cellular-iPadPro13M4Cellular', 'iPhone16-iPhone16', 'iPhone16Plus-iPhone16Plus', 'iPhone16Pro-iPhone16Pro', 'iPhone16ProMax-iPhone16ProMax', 'iPadMiniA17Pro-iPadMiniA17Pro', 'iPadMiniA17ProCellular-iPadMiniA17ProCellular', 'iPhone16e-iPhone16e', 'iPadA16-iPadA16', 'iPadA16Cellular-iPadA16Cellular', 'iPadAir11M3-iPadAir11M3', 'iPadAir11M3Cellular-iPadAir11M3Cellular', 'iPadAir13M3-iPadAir13M3', 'iPadAir13M3Cellular-iPadAir13M3Cellular', 'iPhone17Pro-iPhone17Pro', 'iPhone17ProMax-iPhone17ProMax', 'iPhone17-iPhone17', 'iPhoneAir-iPhoneAir', 'iPadPro11M5-iPadPro11M5', 'iPadPro11M5Cellular-iPadPro11M5Cellular', 'iPadPro13M5-iPadPro13M5', 'iPadPro13M5Cellular-iPadPro13M5Cellular']","True","com.stickmanwarriors.stickmandragon.stickfighter","Duc Dam Trong","219524096","13.0","1547216542","['AF', 'CA', 'NL', 'EN', 'FR', 'DE', 'JA', 'KO', 'ZH', 'ES', 'VI']","","[]","{}"
"Universe Warrior","Hung Nguyen","3.5","50","6444051695","https://apps.apple.com/br/app/universe-warrior/id6444051695?uo=4","0.0","BRL","Grátis","Games","['Jogos', 'Ação', 'Aventura']","Use your super universe fighter to fight and win in battle.
You have to beat many hero villains in order to unlock the fighters.
More you fight more you gain power and strength.
FEATURES:
- Easy and Simple to play.
- Amazing 2D animations.
- Cool skill design and effect.
- Flexible moving and game play.
- A lot of challenges and stages.
The simple goal is to fight the opposing hero and to win by reducing their health to zero. There are special techniques and skill that can be used.
Some characters feature the ability to activate special mode by inflicting the special techniques which enhances their status and gives them new abilities .
The game has about 30 characters to select and special skill.","2022-12-01T08:00:00Z","2023-07-09T10:43:24Z","1.7","- Fix few errors.","+12","['https://is1-ssl.mzstatic.com/image/thumb/Purple126/v4/4c/c6/82/4cc6829c-dd5a-6acc-f2b6-12cd58bcce68/95e201a1-c22d-48fd-8d8e-1cc128a3406e_1.png/406x228bb.png', 'https://is1-ssl.mzstatic.com/image/thumb/Purple126/v4/26/3f/d3/263fd3fb-0701-0468-2d0a-e2808963e6ef/f39a1360-cc9c-40d4-a4f4-8959af1a3dc1_2.png/406x228bb.png', 'https://is1-ssl.mzstatic.com/image/thumb/PurpleSource126/v4/32/9a/11/329a1133-7577-a48f-3bf7-35c49d902115/d3ff16c5-73a9-45f3-9656-9e2f2e19ffc6_3.png/406x228bb.png', 'https://is1-ssl.mzstatic.com/image/thumb/Purple116/v4/cc/7c/05/cc7c054e-4f92-d7e0-1a00-7d0c48020752/fd4e5ae6-520d-4c49-bc1b-1eb038384f41_3.png/406x228bb.png', 'https://is1-ssl.mzstatic.com/image/thumb/PurpleSource116/v4/01/e7/50/01e75082-bf7c-fbbd-1e44-188ebddf0fc2/425bf305-31b1-4179-a557-6e8b420ce437_5.png/406x228bb.png']","['https://is1-ssl.mzstatic.com/image/thumb/Purple116/v4/65/ad/9f/65ad9f88-646f-bae4-423d-71f5a7db1cc5/4cfae1d0-ba25-4078-8481-6b972f2ea5bb_1.png/552x414bb.png', 'https://is1-ssl.mzstatic.com/image/thumb/Purple116/v4/f3/cf/9e/f3cf9e7c-0fd8-9028-9462-b241ec72aefa/a05d7915-c9ce-4cc7-bab6-dcef94e41f13_2.png/552x414bb.png', 'https://is1-ssl.mzstatic.com/image/thumb/PurpleSource116/v4/ff/83/d7/ff83d7f7-6785-4362-fe35-2abc5c6f389e/f634bde8-b8fa-4fba-846b-596807dd461c_3.png/552x414bb.png', 'https://is1-ssl.mzstatic.com/image/thumb/Purple116/v4/c0/ff/da/c0ffdaf6-e095-1876-4050-d53142386de8/8b422cfa-b9d8-4903-8f18-c9afb57d6090_3.png/552x414bb.png', 'https://is1-ssl.mzstatic.com/image/thumb/PurpleSource116/v4/81/88/3c/81883ce7-e407-d6e0-a96e-abd1c0a3b1af/c012bd21-663c-49b3-a909-d4ca0521ab43_5.png/552x414bb.png']","[]","https://is1-ssl.mzstatic.com/image/thumb/Purple126/v4/d6/c6/7a/d6c67a67-53f6-2e71-bed2-370b3d6bab5f/AppIcon-0-0-1x_U007emarketing-0-0-0-7-0-0-sRGB-0-0-0-GLES2_U002c0-512MB-85-220-0-0.png/512x512bb.jpg","https://is1-ssl.mzstatic.com/image/thumb/Purple126/v4/d6/c6/7a/d6c67a67-53f6-2e71-bed2-370b3d6bab5f/AppIcon-0-0-1x_U007emarketing-0-0-0-7-0-0-sRGB-0-0-0-GLES2_U002c0-512MB-85-220-0-0.png/100x100bb.jpg","['iPhone5s-iPhone5s', 'iPadAir-iPadAir', 'iPadAirCellular-iPadAirCellular', 'iPadMiniRetina-iPadMiniRetina', 'iPadMiniRetinaCellular-iPadMiniRetinaCellular', 'iPhone6-iPhone6', 'iPhone6Plus-iPhone6Plus', 'iPadAir2-iPadAir2', 'iPadAir2Cellular-iPadAir2Cellular', 'iPadMini3-iPadMini3', 'iPadMini3Cellular-iPadMini3Cellular', 'iPodTouchSixthGen-iPodTouchSixthGen', 'iPhone6s-iPhone6s', 'iPhone6sPlus-iPhone6sPlus', 'iPadMini4-iPadMini4', 'iPadMini4Cellular-iPadMini4Cellular', 'iPadPro-iPadPro', 'iPadProCellular-iPadProCellular', 'iPadPro97-iPadPro97', 'iPadPro97Cellular-iPadPro97Cellular', 'iPhoneSE-iPhoneSE', 'iPhone7-iPhone7', 'iPhone7Plus-iPhone7Plus', 'iPad611-iPad611', 'iPad612-iPad612', 'iPad71-iPad71', 'iPad72-iPad72', 'iPad73-iPad73', 'iPad74-iPad74', 'iPhone8-iPhone8', 'iPhone8Plus-iPhone8Plus', 'iPhoneX-iPhoneX', 'iPad75-iPad75', 'iPad76-iPad76', 'iPhoneXS-iPhoneXS', 'iPhoneXSMax-iPhoneXSMax', 'iPhoneXR-iPhoneXR', 'iPad812-iPad812', 'iPad834-iPad834', 'iPad856-iPad856', 'iPad878-iPad878', 'iPadMini5-iPadMini5', 'iPadMini5Cellular-iPadMini5Cellular', 'iPadAir3-iPadAir3', 'iPadAir3Cellular-iPadAir3Cellular', 'iPodTouchSeventhGen-iPodTouchSeventhGen', 'iPhone11-iPhone11', 'iPhone11Pro-iPhone11Pro', 'iPadSeventhGen-iPadSeventhGen', 'iPadSeventhGenCellular-iPadSeventhGenCellular', 'iPhone11ProMax-iPhone11ProMax', 'iPhoneSESecondGen-iPhoneSESecondGen', 'iPadProSecondGen-iPadProSecondGen', 'iPadProSecondGenCellular-iPadProSecondGenCellular', 'iPadProFourthGen-iPadProFourthGen', 'iPadProFourthGenCellular-iPadProFourthGenCellular', 'iPhone12Mini-iPhone12Mini', 'iPhone12-iPhone12', 'iPhone12Pro-iPhone12Pro', 'iPhone12ProMax-iPhone12ProMax', 'iPadAir4-iPadAir4', 'iPadAir4Cellular-iPadAir4Cellular', 'iPadEighthGen-iPadEighthGen', 'iPadEighthGenCellular-iPadEighthGenCellular', 'iPadProThirdGen-iPadProThirdGen', 'iPadProThirdGenCellular-iPadProThirdGenCellular', 'iPadProFifthGen-iPadProFifthGen', 'iPadProFifthGenCellular-iPadProFifthGenCellular', 'iPhone13Pro-iPhone13Pro', 'iPhone13ProMax-iPhone13ProMax', 'iPhone13Mini-iPhone13Mini', 'iPhone13-iPhone13', 'iPadMiniSixthGen-iPadMiniSixthGen', 'iPadMiniSixthGenCellular-iPadMiniSixthGenCellular', 'iPadNinthGen-iPadNinthGen', 'iPadNinthGenCellular-iPadNinthGenCellular', 'iPhoneSEThirdGen-iPhoneSEThirdGen', 'iPadAirFifthGen-iPadAirFifthGen', 'iPadAirFifthGenCellular-iPadAirFifthGenCellular', 'iPhone14-iPhone14', 'iPhone14Plus-iPhone14Plus', 'iPhone14Pro-iPhone14Pro', 'iPhone14ProMax-iPhone14ProMax', 'iPadTenthGen-iPadTenthGen', 'iPadTenthGenCellular-iPadTenthGenCellular', 'iPadPro11FourthGen-iPadPro11FourthGen', 'iPadPro11FourthGenCellular-iPadPro11FourthGenCellular', 'iPadProSixthGen-iPadProSixthGen', 'iPadProSixthGenCellular-iPadProSixthGenCellular', 'iPhone15-iPhone15', 'iPhone15Plus-iPhone15Plus', 'iPhone15Pro-iPhone15Pro', 'iPhone15ProMax-iPhone15ProMax', 'iPadAir11M2-iPadAir11M2', 'iPadAir11M2Cellular-iPadAir11M2Cellular', 'iPadAir13M2-iPadAir13M2', 'iPadAir13M2Cellular-iPadAir13M2Cellular', 'iPadPro11M4-iPadPro11M4', 'iPadPro11M4Cellular-iPadPro11M4Cellular', 'iPadPro13M4-iPadPro13M4', 'iPadPro13M4Cellular-iPadPro13M4Cellular', 'iPhone16-iPhone16', 'iPhone16Plus-iPhone16Plus', 'iPhone16Pro-iPhone16Pro', 'iPhone16ProMax-iPhone16ProMax', 'iPadMiniA17Pro-iPadMiniA17Pro', 'iPadMiniA17ProCellular-iPadMiniA17ProCellular', 'iPhone16e-iPhone16e', 'iPadA16-iPadA16', 'iPadA16Cellular-iPadA16Cellular', 'iPadAir11M3-iPadAir11M3', 'iPadAir11M3Cellular-iPadAir11M3Cellular', 'iPadAir13M3-iPadAir13M3', 'iPadAir13M3Cellular-iPadAir13M3Cellular', 'iPhone17Pro-iPhone17Pro', 'iPhone17ProMax-iPhone17ProMax', 'iPhone17-iPhone17', 'iPhoneAir-iPhoneAir', 'iPadPro11M5-iPadPro11M5', 'iPadPro11M5Cellular-iPadPro11M5Cellular', 'iPadPro13M5-iPadPro13M5', 'iPadPro13M5Cellular-iPadPro13M5Cellular']","False","com.NDVe.zfight","Hung Nguyen","287538176","11.0","1440408279","['EN']","","[]","{}"
"Dragon Battle: Heroes","Ninger Fengshen Network Technology Co., Ltd.","4.9","19","6746858726","https://apps.apple.com/br/app/dragon-battle-heroes/id6746858726?uo=4","0.0","BRL","Grátis","Entertainment","['Entreteni\xadmento']","As the Dragon Soul Continent faced annihilation by encroaching chaos, the final Light Dragon's crystal shattered. Centuries later, young villagers awakened draconic powers during an attack. Prophecy revealed them as the ""Vessels of Dragon God"" – tasked with reassembling the crystals before Blood Moon's rise to confront the abyssal Voidwyrm Sagroth.","2025-06-17T07:00:00Z","2025-06-17T07:00:00Z","1.3","1. Urgent repair of secondary confirmation during purchase.","+4","[]","[]","[]","https://is1-ssl.mzstatic.com/image/thumb/Purple211/v4/69/96/a0/6996a0ab-ef2a-d7dd-7d4c-88fc398f163b/AppIcon-0-0-1x_U007ephone-0-1-0-85-220.png/512x512bb.jpg","https://is1-ssl.mzstatic.com/image/thumb/Purple211/v4/69/96/a0/6996a0ab-ef2a-d7dd-7d4c-88fc398f163b/AppIcon-0-0-1x_U007ephone-0-1-0-85-220.png/100x100bb.jpg","['iPhone5s-iPhone5s', 'iPadAir-iPadAir', 'iPadAirCellular-iPadAirCellular', 'iPadMiniRetina-iPadMiniRetina', 'iPadMiniRetinaCellular-iPadMiniRetinaCellular', 'iPhone6-iPhone6', 'iPhone6Plus-iPhone6Plus', 'iPadAir2-iPadAir2', 'iPadAir2Cellular-iPadAir2Cellular', 'iPadMini3-iPadMini3', 'iPadMini3Cellular-iPadMini3Cellular', 'iPodTouchSixthGen-iPodTouchSixthGen', 'iPhone6s-iPhone6s', 'iPhone6sPlus-iPhone6sPlus', 'iPadMini4-iPadMini4', 'iPadMini4Cellular-iPadMini4Cellular', 'iPadPro-iPadPro', 'iPadProCellular-iPadProCellular', 'iPadPro97-iPadPro97', 'iPadPro97Cellular-iPadPro97Cellular', 'iPhoneSE-iPhoneSE', 'iPhone7-iPhone7', 'iPhone7Plus-iPhone7Plus', 'iPad611-iPad611', 'iPad612-iPad612', 'iPad71-iPad71', 'iPad72-iPad72', 'iPad73-iPad73', 'iPad74-iPad74', 'iPhone8-iPhone8', 'iPhone8Plus-iPhone8Plus', 'iPhoneX-iPhoneX', 'iPad75-iPad75', 'iPad76-iPad76', 'iPhoneXS-iPhoneXS', 'iPhoneXSMax-iPhoneXSMax', 'iPhoneXR-iPhoneXR', 'iPad812-iPad812', 'iPad834-iPad834', 'iPad856-iPad856', 'iPad878-iPad878', 'iPadMini5-iPadMini5', 'iPadMini5Cellular-iPadMini5Cellular', 'iPadAir3-iPadAir3', 'iPadAir3Cellular-iPadAir3Cellular', 'iPodTouchSeventhGen-iPodTouchSeventhGen', 'iPhone11-iPhone11', 'iPhone11Pro-iPhone11Pro', 'iPadSeventhGen-iPadSeventhGen', 'iPadSeventhGenCellular-iPadSeventhGenCellular', 'iPhone11ProMax-iPhone11ProMax', 'iPhoneSESecondGen-iPhoneSESecondGen', 'iPadProSecondGen-iPadProSecondGen', 'iPadProSecondGenCellular-iPadProSecondGenCellular', 'iPadProFourthGen-iPadProFourthGen', 'iPadProFourthGenCellular-iPadProFourthGenCellular', 'iPhone12Mini-iPhone12Mini', 'iPhone12-iPhone12', 'iPhone12Pro-iPhone12Pro', 'iPhone12ProMax-iPhone12ProMax', 'iPadAir4-iPadAir4', 'iPadAir4Cellular-iPadAir4Cellular', 'iPadEighthGen-iPadEighthGen', 'iPadEighthGenCellular-iPadEighthGenCellular', 'iPadProThirdGen-iPadProThirdGen', 'iPadProThirdGenCellular-iPadProThirdGenCellular', 'iPadProFifthGen-iPadProFifthGen', 'iPadProFifthGenCellular-iPadProFifthGenCellular', 'iPhone13Pro-iPhone13Pro', 'iPhone13ProMax-iPhone13ProMax', 'iPhone13Mini-iPhone13Mini', 'iPhone13-iPhone13', 'iPadMiniSixthGen-iPadMiniSixthGen', 'iPadMiniSixthGenCellular-iPadMiniSixthGenCellular', 'iPadNinthGen-iPadNinthGen', 'iPadNinthGenCellular-iPadNinthGenCellular', 'iPhoneSEThirdGen-iPhoneSEThirdGen', 'iPadAirFifthGen-iPadAirFifthGen', 'iPadAirFifthGenCellular-iPadAirFifthGenCellular', 'iPhone14-iPhone14', 'iPhone14Plus-iPhone14Plus', 'iPhone14Pro-iPhone14Pro', 'iPhone14ProMax-iPhone14ProMax', 'iPadTenthGen-iPadTenthGen', 'iPadTenthGenCellular-iPadTenthGenCellular', 'iPadPro11FourthGen-iPadPro11FourthGen', 'iPadPro11FourthGenCellular-iPadPro11FourthGenCellular', 'iPadProSixthGen-iPadProSixthGen', 'iPadProSixthGenCellular-iPadProSixthGenCellular', 'iPhone15-iPhone15', 'iPhone15Plus-iPhone15Plus', 'iPhone15Pro-iPhone15Pro', 'iPhone15ProMax-iPhone15ProMax', 'iPadAir11M2-iPadAir11M2', 'iPadAir11M2Cellular-iPadAir11M2Cellular', 'iPadAir13M2-iPadAir13M2', 'iPadAir13M2Cellular-iPadAir13M2Cellular', 'iPadPro11M4-iPadPro11M4', 'iPadPro11M4Cellular-iPadPro11M4Cellular', 'iPadPro13M4-iPadPro13M4', 'iPadPro13M4Cellular-iPadPro13M4Cellular', 'iPhone16-iPhone16', 'iPhone16Plus-iPhone16Plus', 'iPhone16Pro-iPhone16Pro', 'iPhone16ProMax-iPhone16ProMax', 'iPadMiniA17Pro-iPadMiniA17Pro', 'iPadMiniA17ProCellular-iPadMiniA17ProCellular', 'iPhone16e-iPhone16e', 'iPadA16-iPadA16', 'iPadA16Cellular-iPadA16Cellular', 'iPadAir11M3-iPadAir11M3', 'iPadAir11M3Cellular-iPadAir11M3Cellular', 'iPadAir13M3-iPadAir13M3', 'iPadAir13M3Cellular-iPadAir13M3Cellular', 'iPhone17Pro-iPhone17Pro', 'iPhone17ProMax-iPhone17ProMax', 'iPhone17-iPhone17', 'iPhoneAir-iPhoneAir', 'iPadPro11M5-iPadPro11M5', 'iPadPro11M5Cellular-iPadPro11M5Cellular', 'iPadPro13M5-iPadPro13M5', 'iPadPro13M5Cellular-iPadPro13M5Cellular']","False","com.oneyuan.meng9.dragonball","Ninger Fengshen Network Technology Co., Ltd.","25281536","15.0","1807278766","['EN']","","[]","{}"
"Supreme Duelist","Neron's Brother SARL","4.5","1811","1477336151","https://apps.apple.com/br/app/supreme-duelist/id1477336151?uo=4","0.0","BRL","Grátis","Games","['Jogos', 'Ação', 'Casual', 'Entreteni\xadmento']","Supreme Duelist is a funny and crazy mobile game

-With Simple control 
-A lot of map
-Play and unlock new skin 
-1 player, 2 player and survival mode
-Realistic ragdolls 
-2d physic stick fight battle


You can choose your character and play with a friend in the 2 Player Mode.
RHG stick fighting  game 

This game is totally free.
casual game and fun
This is an addictive game!!!
give me your feedback","2019-08-23T07:00:00Z","2025-12-09T11:04:03Z","2.0.1","New Weapon
- Nunchucks
New Energy Shield","+12","[]","[]","[]","https://is1-ssl.mzstatic.com/image/thumb/Purple221/v4/52/e1/e2/52e1e262-0fda-8545-00a1-e34611dca7ac/AppIcon-1x_U007emarketing-0-8-0-85-220-0.png/512x512bb.jpg","https://is1-ssl.mzstatic.com/image/thumb/Purple221/v4/52/e1/e2/52e1e262-0fda-8545-00a1-e34611dca7ac/AppIcon-1x_U007emarketing-0-8-0-85-220-0.png/100x100bb.jpg","['iPhone5s-iPhone5s', 'iPadAir-iPadAir', 'iPadAirCellular-iPadAirCellular', 'iPadMiniRetina-iPadMiniRetina', 'iPadMiniRetinaCellular-iPadMiniRetinaCellular', 'iPhone6-iPhone6', 'iPhone6Plus-iPhone6Plus', 'iPadAir2-iPadAir2', 'iPadAir2Cellular-iPadAir2Cellular', 'iPadMini3-iPadMini3', 'iPadMini3Cellular-iPadMini3Cellular', 'iPodTouchSixthGen-iPodTouchSixthGen', 'iPhone6s-iPhone6s', 'iPhone6sPlus-iPhone6sPlus', 'iPadMini4-iPadMini4', 'iPadMini4Cellular-iPadMini4Cellular', 'iPadPro-iPadPro', 'iPadProCellular-iPadProCellular', 'iPadPro97-iPadPro97', 'iPadPro97Cellular-iPadPro97Cellular', 'iPhoneSE-iPhoneSE', 'iPhone7-iPhone7', 'iPhone7Plus-iPhone7Plus', 'iPad611-iPad611', 'iPad612-iPad612', 'iPad71-iPad71', 'iPad72-iPad72', 'iPad73-iPad73', 'iPad74-iPad74', 'iPhone8-iPhone8', 'iPhone8Plus-iPhone8Plus', 'iPhoneX-iPhoneX', 'iPad75-iPad75', 'iPad76-iPad76', 'iPhoneXS-iPhoneXS', 'iPhoneXSMax-iPhoneXSMax', 'iPhoneXR-iPhoneXR', 'iPad812-iPad812', 'iPad834-iPad834', 'iPad856-iPad856', 'iPad878-iPad878', 'iPadMini5-iPadMini5', 'iPadMini5Cellular-iPadMini5Cellular', 'iPadAir3-iPadAir3', 'iPadAir3Cellular-iPadAir3Cellular', 'iPodTouchSeventhGen-iPodTouchSeventhGen', 'iPhone11-iPhone11', 'iPhone11Pro-iPhone11Pro', 'iPadSeventhGen-iPadSeventhGen', 'iPadSeventhGenCellular-iPadSeventhGenCellular', 'iPhone11ProMax-iPhone11ProMax', 'iPhoneSESecondGen-iPhoneSESecondGen', 'iPadProSecondGen-iPadProSecondGen', 'iPadProSecondGenCellular-iPadProSecondGenCellular', 'iPadProFourthGen-iPadProFourthGen', 'iPadProFourthGenCellular-iPadProFourthGenCellular', 'iPhone12Mini-iPhone12Mini', 'iPhone12-iPhone12', 'iPhone12Pro-iPhone12Pro', 'iPhone12ProMax-iPhone12ProMax', 'iPadAir4-iPadAir4', 'iPadAir4Cellular-iPadAir4Cellular', 'iPadEighthGen-iPadEighthGen', 'iPadEighthGenCellular-iPadEighthGenCellular', 'iPadProThirdGen-iPadProThirdGen', 'iPadProThirdGenCellular-iPadProThirdGenCellular', 'iPadProFifthGen-iPadProFifthGen', 'iPadProFifthGenCellular-iPadProFifthGenCellular', 'iPhone13Pro-iPhone13Pro', 'iPhone13ProMax-iPhone13ProMax', 'iPhone13Mini-iPhone13Mini', 'iPhone13-iPhone13', 'iPadMiniSixthGen-iPadMiniSixthGen', 'iPadMiniSixthGenCellular-iPadMiniSixthGenCellular', 'iPadNinthGen-iPadNinthGen', 'iPadNinthGenCellular-iPadNinthGenCellular', 'iPhoneSEThirdGen-iPhoneSEThirdGen', 'iPadAirFifthGen-iPadAirFifthGen', 'iPadAirFifthGenCellular-iPadAirFifthGenCellular', 'iPhone14-iPhone14', 'iPhone14Plus-iPhone14Plus', 'iPhone14Pro-iPhone14Pro', 'iPhone14ProMax-iPhone14ProMax', 'iPadTenthGen-iPadTenthGen', 'iPadTenthGenCellular-iPadTenthGenCellular', 'iPadPro11FourthGen-iPadPro11FourthGen', 'iPadPro11FourthGenCellular-iPadPro11FourthGenCellular', 'iPadProSixthGen-iPadProSixthGen', 'iPadProSixthGenCellular-iPadProSixthGenCellular', 'iPhone15-iPhone15', 'iPhone15Plus-iPhone15Plus', 'iPhone15Pro-iPhone15Pro', 'iPhone15ProMax-iPhone15ProMax', 'iPadAir11M2-iPadAir11M2', 'iPadAir11M2Cellular-iPadAir11M2Cellular', 'iPadAir13M2-iPadAir13M2', 'iPadAir13M2Cellular-iPadAir13M2Cellular', 'iPadPro11M4-iPadPro11M4', 'iPadPro11M4Cellular-iPadPro11M4Cellular', 'iPadPro13M4-iPadPro13M4', 'iPadPro13M4Cellular-iPadPro13M4Cellular', 'iPhone16-iPhone16', 'iPhone16Plus-iPhone16Plus', 'iPhone16Pro-iPhone16Pro', 'iPhone16ProMax-iPhone16ProMax', 'iPadMiniA17Pro-iPadMiniA17Pro', 'iPadMiniA17ProCellular-iPadMiniA17ProCellular', 'iPhone16e-iPhone16e', 'iPadA16-iPadA16', 'iPadA16Cellular-iPadA16Cellular', 'iPadAir11M3-iPadAir11M3', 'iPadAir11M3Cellular-iPadAir11M3Cellular', 'iPadAir13M3-iPadAir13M3', 'iPadAir13M3Cellular-iPadAir13M3Cellular', 'iPhone17Pro-iPhone17Pro', 'iPhone17ProMax-iPhone17ProMax', 'iPhone17-iPhone17', 'iPhoneAir-iPhoneAir', 'iPadPro11M5-iPadPro11M5', 'iPadPro11M5Cellular-iPadPro11M5Cellular', 'iPadPro13M5-iPadPro13M5', 'iPadPro13M5Cellular-iPadPro13M5Cellular']","False","com.NeronsBrother.SupremeDuelistStickman","Neron's Brother SARL","175049728","15.0","1477336150","['EN', 'FR', 'DE', 'JA', 'KO', 'ZH', 'ES', 'ZH']","","[]","{}"
"AllStar Hero Super Stick Fight","MOBIONE TELECOMMUNICATIONS TECHNOLOGY AND SERVICE CO. LTD.","4.8","710","1577516038","https://apps.apple.com/br/app/allstar-hero-super-stick-fight/id1577516038?uo=4","0.0","BRL","Grátis","Games","['Jogos', 'Ação', 'Casual', 'Entreteni\xadmento']","Super Stick Fight All-Star is the best action for Stickman games and fighting arcade game on App Store.

A whole new storyline about characters familiar to all of us. 
A Devil God group capable of bringing all characters from different universes gathered in your world through a space portal. You, along with all your new friends, will have to face the most powerful villains in the multiverse. This war is called Chaos War. Stand side by side with teammates and fight and bring new peace to your world.

You can choose their Super Heroes, upgrade the ultimate power, join the tournament of multiverses and climb TOP on worldwide rankings.

- Unique graphics, amazing music and sound effects.
- Deep storyline with 11 chapters - 500 levels ( update new chapters and levels weekly).
- 142 heroes for you to choose (update new heroes weekly)! Please collect, level-up and evolve them.
- The upgrade system is huge but easy to use.
- Super diverse combat skills with more than 300 different skill types: Hame attack ball, Final Blast, Spider web, Thunder Flash, Roar of the God, Iron Gun Machine, Brave Soldier, Dragon Sword, X beam, Great Fox, Storm Of God... ( And many skills A to Z, all in one game).
- Unlock many mode and face many challenges.
- 7 Leagues in PvP Mode: Beginner, Amateur, Pro Player, Top Player, Legend, God, Ultimate
- Climb top of the word in PvP Mode to get super rewards for the strongest man.
- Try your power in Power Challenge. You will have a new experience with Rogue-like gameplay in a combat fighting game. 
Download Super Stick Fight All-Star now - to experience the world's best fighting action game.","2021-08-02T07:00:00Z","2022-10-16T18:00:26Z","3.3","- Fix some bugs","+12","['https://is1-ssl.mzstatic.com/image/thumb/PurpleSource112/v4/1a/a2/28/1aa22855-c5af-623c-9bb7-d7457e4bab5f/bedd24f0-24bb-4a48-abc6-378e830c68d3_5.5_SCS1.jpg/406x228bb.jpg', 'https://is1-ssl.mzstatic.com/image/thumb/PurpleSource122/v4/e5/c8/d8/e5c8d806-df7b-f827-f4c1-a49164686d04/2f5be9b5-400b-47ab-9c07-e30601546b13_5.5_SCS2.jpg/406x228bb.jpg', 'https://is1-ssl.mzstatic.com/image/thumb/PurpleSource122/v4/44/33/26/4433261c-7c2c-f710-0627-e18ac138948a/8c5ef8f1-07cd-485b-b1cb-6e7097867f12_5.5_SCS3.jpg/406x228bb.jpg']","['https://is1-ssl.mzstatic.com/image/thumb/PurpleSource112/v4/ca/41/75/ca417547-5c8d-8ac1-60f0-df177cd97e55/c41e3e5e-f893-4bf3-8d3b-54c56a234457_Ipad_SCS1.jpg/552x414bb.jpg', 'https://is1-ssl.mzstatic.com/image/thumb/PurpleSource112/v4/a1/cd/21/a1cd21c9-492a-5f7e-2346-86297b0e7eeb/dbbc300a-c9fe-4137-8962-7941e56f4c54_Ipad_SCS2.jpg/552x414bb.jpg', 'https://is1-ssl.mzstatic.com/image/thumb/PurpleSource112/v4/90/2d/9e/902d9e6a-8c15-959e-f455-22515aa60997/5508da6f-6db5-4acd-9bc0-f6d259eaefcf_Ipad_SCS3.jpg/552x414bb.jpg']","[]","https://is1-ssl.mzstatic.com/image/thumb/Purple122/v4/6a/1e/ce/6a1ece20-8d1c-1f40-974a-33ce5bf32637/AppIcon-0-0-1x_U007emarketing-0-0-0-7-0-0-sRGB-0-0-0-GLES2_U002c0-512MB-85-220-0-0.png/512x512bb.jpg","https://is1-ssl.mzstatic.com/image/thumb/Purple122/v4/6a/1e/ce/6a1ece20-8d1c-1f40-974a-33ce5bf32637/AppIcon-0-0-1x_U007emarketing-0-0-0-7-0-0-sRGB-0-0-0-GLES2_U002c0-512MB-85-220-0-0.png/100x100bb.jpg","['iPhone5s-iPhone5s', 'iPadAir-iPadAir', 'iPadAirCellular-iPadAirCellular', 'iPadMiniRetina-iPadMiniRetina', 'iPadMiniRetinaCellular-iPadMiniRetinaCellular', 'iPhone6-iPhone6', 'iPhone6Plus-iPhone6Plus', 'iPadAir2-iPadAir2', 'iPadAir2Cellular-iPadAir2Cellular', 'iPadMini3-iPadMini3', 'iPadMini3Cellular-iPadMini3Cellular', 'iPodTouchSixthGen-iPodTouchSixthGen', 'iPhone6s-iPhone6s', 'iPhone6sPlus-iPhone6sPlus', 'iPadMini4-iPadMini4', 'iPadMini4Cellular-iPadMini4Cellular', 'iPadPro-iPadPro', 'iPadProCellular-iPadProCellular', 'iPadPro97-iPadPro97', 'iPadPro97Cellular-iPadPro97Cellular', 'iPhoneSE-iPhoneSE', 'iPhone7-iPhone7', 'iPhone7Plus-iPhone7Plus', 'iPad611-iPad611', 'iPad612-iPad612', 'iPad71-iPad71', 'iPad72-iPad72', 'iPad73-iPad73', 'iPad74-iPad74', 'iPhone8-iPhone8', 'iPhone8Plus-iPhone8Plus', 'iPhoneX-iPhoneX', 'iPad75-iPad75', 'iPad76-iPad76', 'iPhoneXS-iPhoneXS', 'iPhoneXSMax-iPhoneXSMax', 'iPhoneXR-iPhoneXR', 'iPad812-iPad812', 'iPad834-iPad834', 'iPad856-iPad856', 'iPad878-iPad878', 'iPadMini5-iPadMini5', 'iPadMini5Cellular-iPadMini5Cellular', 'iPadAir3-iPadAir3', 'iPadAir3Cellular-iPadAir3Cellular', 'iPodTouchSeventhGen-iPodTouchSeventhGen', 'iPhone11-iPhone11', 'iPhone11Pro-iPhone11Pro', 'iPadSeventhGen-iPadSeventhGen', 'iPadSeventhGenCellular-iPadSeventhGenCellular', 'iPhone11ProMax-iPhone11ProMax', 'iPhoneSESecondGen-iPhoneSESecondGen', 'iPadProSecondGen-iPadProSecondGen', 'iPadProSecondGenCellular-iPadProSecondGenCellular', 'iPadProFourthGen-iPadProFourthGen', 'iPadProFourthGenCellular-iPadProFourthGenCellular', 'iPhone12Mini-iPhone12Mini', 'iPhone12-iPhone12', 'iPhone12Pro-iPhone12Pro', 'iPhone12ProMax-iPhone12ProMax', 'iPadAir4-iPadAir4', 'iPadAir4Cellular-iPadAir4Cellular', 'iPadEighthGen-iPadEighthGen', 'iPadEighthGenCellular-iPadEighthGenCellular', 'iPadProThirdGen-iPadProThirdGen', 'iPadProThirdGenCellular-iPadProThirdGenCellular', 'iPadProFifthGen-iPadProFifthGen', 'iPadProFifthGenCellular-iPadProFifthGenCellular', 'iPhone13Pro-iPhone13Pro', 'iPhone13ProMax-iPhone13ProMax', 'iPhone13Mini-iPhone13Mini', 'iPhone13-iPhone13', 'iPadMiniSixthGen-iPadMiniSixthGen', 'iPadMiniSixthGenCellular-iPadMiniSixthGenCellular', 'iPadNinthGen-iPadNinthGen', 'iPadNinthGenCellular-iPadNinthGenCellular', 'iPhoneSEThirdGen-iPhoneSEThirdGen', 'iPadAirFifthGen-iPadAirFifthGen', 'iPadAirFifthGenCellular-iPadAirFifthGenCellular', 'iPhone14-iPhone14', 'iPhone14Plus-iPhone14Plus', 'iPhone14Pro-iPhone14Pro', 'iPhone14ProMax-iPhone14ProMax', 'iPadTenthGen-iPadTenthGen', 'iPadTenthGenCellular-iPadTenthGenCellular', 'iPadPro11FourthGen-iPadPro11FourthGen', 'iPadPro11FourthGenCellular-iPadPro11FourthGenCellular', 'iPadProSixthGen-iPadProSixthGen', 'iPadProSixthGenCellular-iPadProSixthGenCellular', 'iPhone15-iPhone15', 'iPhone15Plus-iPhone15Plus', 'iPhone15Pro-iPhone15Pro', 'iPhone15ProMax-iPhone15ProMax', 'iPadAir11M2-iPadAir11M2', 'iPadAir11M2Cellular-iPadAir11M2Cellular', 'iPadAir13M2-iPadAir13M2', 'iPadAir13M2Cellular-iPadAir13M2Cellular', 'iPadPro11M4-iPadPro11M4', 'iPadPro11M4Cellular-iPadPro11M4Cellular', 'iPadPro13M4-iPadPro13M4', 'iPadPro13M4Cellular-iPadPro13M4Cellular', 'iPhone16-iPhone16', 'iPhone16Plus-iPhone16Plus', 'iPhone16Pro-iPhone16Pro', 'iPhone16ProMax-iPhone16ProMax', 'iPadMiniA17Pro-iPadMiniA17Pro', 'iPadMiniA17ProCellular-iPadMiniA17ProCellular', 'iPhone16e-iPhone16e', 'iPadA16-iPadA16', 'iPadA16Cellular-iPadA16Cellular', 'iPadAir11M3-iPadAir11M3', 'iPadAir11M3Cellular-iPadAir11M3Cellular', 'iPadAir13M3-iPadAir13M3', 'iPadAir13M3Cellular-iPadAir13M3Cellular', 'iPhone17Pro-iPhone17Pro', 'iPhone17ProMax-iPhone17ProMax', 'iPhone17-iPhone17', 'iPhoneAir-iPhoneAir', 'iPadPro11M5-iPadPro11M5', 'iPadPro11M5Cellular-iPadPro11M5Cellular', 'iPadPro13M5-iPadPro13M5', 'iPadPro13M5Cellular-iPadPro13M5Cellular']","False","com.onegameglobal.superstickfight","MOBIONE TELECOMMUNICATIONS TECHNOLOGY AND SERVICE CO. LTD.","476794880","11.0","1060950080","['EN']","","[]","{}"
