"title","developer","rating","ratings_count","id","url","price","currency","formattedPrice","genre","genres","description","releaseDate","currentVersionReleaseDate","version","releaseNotes","contentAdvisoryRating","screenshotUrls","ipadScreenshotUrls","appletvScreenshotUrls","artworkUrl512","artworkUrl100","supportedDevices","isGameCenterEnabled","bundleId","sellerName","fileSizeBytes","minimumOsVersion","artistId","languageCodesISO2A","privacyPolicyUrl","inAppPurchases","subscriptionInfo"
"Contagem Regressiva de Natal!","appChocolate","4.6","77","1267756698","https://apps.apple.com/br/app/contagem-regressiva-de-natal/id1267756698?uo=4","0.0","BRL","Grátis","Entertainment","['Entreteni\xadmento', 'Aventura', 'Família', 'Jogos']","Esta contagem regressiva do Natal irá mantê-lo empresa onde quer que esteja, dizendo-lhe quantos dias, horas e minutos há até o grande dia!

A contagem regressiva inclui 3 canções de natal clássicas de natal para escolher: Jingle Bells, Rudolph a rena cheirada de vermelho e desejamos-lhe um feliz natal.

Você também pode escolher entre 3 personagens icônicos de Natal: Papai Noel, O boneco de neve e Rudolph the Reindeer. Eles o manterão atualizado sobre quantos dias lá até o dia de Natal. Não se esqueça de tocá-los, eles se movem!

Agite seu telefone celular quando o aplicativo estiver aberto para ouvir o som dos sinos de trenó.

INCLUI a contagem mágica de seus outros eventos favoritos, incluindo o Ação de Graças, a véspera de Ano Novo, os Rois Mages, o Kings Day eo Ano Novo Chinês.

* Compartilhe com sua família e amigos!


Tem algum comentário sobre nossos aplicativos? Em seguida, envie-nos uma rena (ou um e-mail) para info@appchocolate.com!
* * * * *
Siga-nos no
Twitter: @AppChocolate
Instagram: app_chocolate
Facebook: https: //www.fb/me/appChocolate/","2017-10-16T20:25:10Z","2025-10-09T16:29:06Z","1.12","Obrigado por todos os ótimos comentários e análises. Por favor, continuem enviando!
Novo nesta versão:
* Otimizações e melhorias para iOS 18","+4","['https://is1-ssl.mzstatic.com/image/thumb/Purple124/v4/00/36/ad/0036ad7d-1ac3-8ae9-189c-7c3df4da5af3/pr_source.png/392x696bb.png', 'https://is1-ssl.mzstatic.com/image/thumb/Purple124/v4/30/69/3e/30693e5d-3736-0e44-c6a9-ba2d9f6c57d1/pr_source.png/392x696bb.png', 'https://is1-ssl.mzstatic.com/image/thumb/Purple114/v4/55/be/36/55be36d4-4e34-38d2-3f57-6521ca72d390/pr_source.png/392x696bb.png', 'https://is1-ssl.mzstatic.com/image/thumb/Purple114/v4/9b/a2/88/9ba288b4-95ca-be58-7554-9e23efaf6b80/pr_source.png/392x696bb.png', 'https://is1-ssl.mzstatic.com/image/thumb/Purple114/v4/40/87/c2/4087c206-2e61-1526-6829-a8edf4c72894/pr_source.png/392x696bb.png']","['https://is1-ssl.mzstatic.com/image/thumb/Purple114/v4/1b/59/88/1b5988da-66b6-16e5-f54d-b5bfb5a7d1a2/pr_source.png/576x768bb.png', 'https://is1-ssl.mzstatic.com/image/thumb/Purple124/v4/92/3d/ac/923dacd2-815e-841c-e314-a69758bf2471/pr_source.png/576x768bb.png', 'https://is1-ssl.mzstatic.com/image/thumb/Purple124/v4/37/3d/e2/373de29a-5f6c-5d09-66a1-b14aa3cc9b0a/pr_source.png/576x768bb.png', 'https://is1-ssl.mzstatic.com/image/thumb/Purple114/v4/fa/8d/ee/fa8dee65-7b5d-74a8-2eb8-b7cd12445526/pr_source.png/576x768bb.png', 'https://is1-ssl.mzstatic.com/image/thumb/Purple114/v4/96/bd/16/96bd1667-c896-8d9e-0750-10dc951032f7/pr_source.png/576x768bb.png']","[]","https://is1-ssl.mzstatic.com/image/thumb/Purple221/v4/77/a2/b2/77a2b20b-3902-c18c-7b5b-f3cddfa0686c/AppIcon-0-0-1x_U007emarketing-0-11-0-0-85-220.png/512x512bb.jpg","https://is1-ssl.mzstatic.com/image/thumb/Purple221/v4/77/a2/b2/77a2b20b-3902-c18c-7b5b-f3cddfa0686c/AppIcon-0-0-1x_U007emarketing-0-11-0-0-85-220.png/100x100bb.jpg","['iPhone5s-iPhone5s', 'iPadAir-iPadAir', 'iPadAirCellular-iPadAirCellular', 'iPadMiniRetina-iPadMiniRetina', 'iPadMiniRetinaCellular-iPadMiniRetinaCellular', 'iPhone6-iPhone6', 'iPhone6Plus-iPhone6Plus', 'iPadAir2-iPadAir2', 'iPadAir2Cellular-iPadAir2Cellular', 'iPadMini3-iPadMini3', 'iPadMini3Cellular-iPadMini3Cellular', 'iPodTouchSixthGen-iPodTouchSixthGen', 'iPhone6s-iPhone6s', 'iPhone6sPlus-iPhone6sPlus', 'iPadMini4-iPadMini4', 'iPadMini4Cellular-iPadMini4Cellular', 'iPadPro-iPadPro', 'iPadProCellular-iPadProCellular', 'iPadPro97-iPadPro97', 'iPadPro97Cellular-iPadPro97Cellular', 'iPhoneSE-iPhoneSE', 'iPhone7-iPhone7', 'iPhone7Plus-iPhone7Plus', 'iPad611-iPad611', 'iPad612-iPad612', 'iPad71-iPad71', 'iPad72-iPad72', 'iPad73-iPad73', 'iPad74-iPad74', 'iPhone8-iPhone8', 'iPhone8Plus-iPhone8Plus', 'iPhoneX-iPhoneX', 'iPad75-iPad75', 'iPad76-iPad76', 'iPhoneXS-iPhoneXS', 'iPhoneXSMax-iPhoneXSMax', 'iPhoneXR-iPhoneXR', 'iPad812-iPad812', 'iPad834-iPad834', 'iPad856-iPad856', 'iPad878-iPad878', 'iPadMini5-iPadMini5', 'iPadMini5Cellular-iPadMini5Cellular', 'iPadAir3-iPadAir3', 'iPadAir3Cellular-iPadAir3Cellular', 'iPodTouchSeventhGen-iPodTouchSeventhGen', 'iPhone11-iPhone11', 'iPhone11Pro-iPhone11Pro', 'iPadSeventhGen-iPadSeventhGen', 'iPadSeventhGenCellular-iPadSeventhGenCellular', 'iPhone11ProMax-iPhone11ProMax', 'iPhoneSESecondGen-iPhoneSESecondGen', 'iPadProSecondGen-iPadProSecondGen', 'iPadProSecondGenCellular-iPadProSecondGenCellular', 'iPadProFourthGen-iPadProFourthGen', 'iPadProFourthGenCellular-iPadProFourthGenCellular', 'iPhone12Mini-iPhone12Mini', 'iPhone12-iPhone12', 'iPhone12Pro-iPhone12Pro', 'iPhone12ProMax-iPhone12ProMax', 'iPadAir4-iPadAir4', 'iPadAir4Cellular-iPadAir4Cellular', 'iPadEighthGen-iPadEighthGen', 'iPadEighthGenCellular-iPadEighthGenCellular', 'iPadProThirdGen-iPadProThirdGen', 'iPadProThirdGenCellular-iPadProThirdGenCellular', 'iPadProFifthGen-iPadProFifthGen', 'iPadProFifthGenCellular-iPadProFifthGenCellular', 'iPhone13Pro-iPhone13Pro', 'iPhone13ProMax-iPhone13ProMax', 'iPhone13Mini-iPhone13Mini', 'iPhone13-iPhone13', 'iPadMiniSixthGen-iPadMiniSixthGen', 'iPadMiniSixthGenCellular-iPadMiniSixthGenCellular', 'iPadNinthGen-iPadNinthGen', 'iPadNinthGenCellular-iPadNinthGenCellular', 'iPhoneSEThirdGen-iPhoneSEThirdGen', 'iPadAirFifthGen-iPadAirFifthGen', 'iPadAirFifthGenCellular-iPadAirFifthGenCellular', 'iPhone14-iPhone14', 'iPhone14Plus-iPhone14Plus', 'iPhone14Pro-iPhone14Pro', 'iPhone14ProMax-iPhone14ProMax', 'iPadTenthGen-iPadTenthGen', 'iPadTenthGenCellular-iPadTenthGenCellular', 'iPadPro11FourthGen-iPadPro11FourthGen', 'iPadPro11FourthGenCellular-iPadPro11FourthGenCellular', 'iPadProSixthGen-iPadProSixthGen', 'iPadProSixthGenCellular-iPadProSixthGenCellular', 'iPhone15-iPhone15', 'iPhone15Plus-iPhone15Plus', 'iPhone15Pro-iPhone15Pro', 'iPhone15ProMax-iPhone15ProMax', 'iPadAir11M2-iPadAir11M2', 'iPadAir11M2Cellular-iPadAir11M2Cellular', 'iPadAir13M2-iPadAir13M2', 'iPadAir13M2Cellular-iPadAir13M2Cellular', 'iPadPro11M4-iPadPro11M4', 'iPadPro11M4Cellular-iPadPro11M4Cellular', 'iPadPro13M4-iPadPro13M4', 'iPadPro13M4Cellular-iPadPro13M4Cellular', 'iPhone16-iPhone16', 'iPhone16Plus-iPhone16Plus', 'iPhone16Pro-iPhone16Pro', 'iPhone16ProMax-iPhone16ProMax', 'iPadMiniA17Pro-iPadMiniA17Pro', 'iPadMiniA17ProCellular-iPadMiniA17ProCellular', 'iPhone16e-iPhone16e', 'iPadA16-iPadA16', 'iPadA16Cellular-iPadA16Cellular', 'iPadAir11M3-iPadAir11M3', 'iPadAir11M3Cellular-iPadAir11M3Cellular', 'iPadAir13M3-iPadAir13M3', 'iPadAir13M3Cellular-iPadAir13M3Cellular', 'iPhone17Pro-iPhone17Pro', 'iPhone17ProMax-iPhone17ProMax', 'iPhone17-iPhone17', 'iPhoneAir-iPhoneAir', 'iPadPro11M5-iPadPro11M5', 'iPadPro11M5Cellular-iPadPro11M5Cellular', 'iPadPro13M5-iPadPro13M5', 'iPadPro13M5Cellular-iPadPro13M5Cellular']","False","com.appchocolate.sleepstochristmas","AppChocolate Ltd.","78417920","10.0","935220551","['CA', 'NL', 'EN', 'FR', 'DE', 'HU', 'IT', 'JA', 'KO', 'PL', 'PT', 'RU', 'ZH', 'ES', 'SV', 'ZH']","","[]","{}"
"Dança de Natal feliz vídeo 3d","Pablex Studio 3D","3.9","7","1487444138","https://apps.apple.com/br/app/dan%C3%A7a-de-natal-feliz-v%C3%ADdeo-3d/id1487444138?uo=4","0.0","BRL","Grátis","Photo & Video","['Foto e vídeo', 'Entreteni\xadmento']","Escolha o seu tema de dança de elfo favorito, coloque seu rosto em um buraco e transforme-se em um elfo dançarino. Crie vídeos engraçados com sua cara engraçada!
As férias estão chegando, e se você está vestindo um suéter de Natal feio e cantando canções de natal ou apenas brincando com a visita do Papai Noel, criamos o melhor aplicativo de Natal para entrar no espírito natalino. O melhor aplicativo de dança das festas de fim de ano chegou com ótimas danças e recursos! A tradição anual do feriado permite que você seja um duende e protagonize uma série de vídeos personalizados com seu rosto em duendes dançantes. ​​Carregue até três fotos de amigos ou familiares, selecione uma dança e gere seu vídeo de dança de elfo personalizado.

COLOQUE SEU ROSTO EM CORPOS DE ELFO
Tire fotos de pessoas e coloque suas cabeças em corpos de elfos e depois observe-os dançar. Se você quer dar boas risadas com sua família neste Natal, dê uma olhada neste app. Crie um vídeo hilariante de dança de elfo estrelado por você, familiares (incluindo seus animais de estimação) e amigos. Substitua os rostos dos Elfos pelos rostos de outras pessoas ou animais de estimação. Assim que os rostos estiverem definidos, selecione um tema de dança e crie um vídeo de dança engraçado. Adicione diversão às suas férias de Natal envolvendo todos os seus amigos e parentes em uma das danças de elfos mais engraçadas que já existiram. Traga um sorriso ao rosto de todos, além de se divertir criando sua dança personalizada. Descubra diferentes temas, fantasias e acessórios.

DANÇA COM SEUS AMIGOS
Entre na vila nevada dos ajudantes do Papai Noel e deixe o show começar! Junte-se a seus amigos e familiares em uma divertida dança de elfos. Divirta-se criando uma nova dança incomum e certamente fará seus entes queridos sorrirem. Adicione até 3 dançarinos em seus vídeos de dança élfica. Escolha uma foto de cada um e faça todos dançarem juntos. Selecione músicas da nossa biblioteca de música.

FUNDOS MÁGICOS
Dance na frente dos enfeites de Natal, debaixo das árvores de Natal ou ao lado de bonecos de gengibre, bonecos de neve ou renas. Torne-se uma estrela do seu próprio vídeo. Coloque suas fotos nos rostos de elfos dançantes em fantasias festivas. Escolha uma dança que você goste e crie um vídeo exclusivo que você pode enviar para qualquer pessoa nas redes sociais. 
SAUDAÇÕES DE NATAL ENGRAÇADAS
A tradição anual do feriado permite que você se torne um duende e se torne a estrela de um vídeo de saudação personalizado com suas imagens de duendes dançantes do feriado. Escolha um tema de dança e clique no botão criar. Gere um vídeo personalizado de felicitações de Natal que você pode compartilhar com seus amigos e familiares.

COMPARTILHE NAS MÍDIAS SOCIAIS
Salve seu vídeo de dança e compartilhe em suas redes sociais. Dê alegria aos seus vídeos de Natal com sua família ou amigos! Faça uma videochamada personalizada ou uma mensagem para compartilhar seus vídeos de dança com seus amigos e verificar a reação deles! Compartilhe seu vídeo on-line, seja por e-mail, Facebook, Instagram ou apenas salve-o em seu telefone para enviar mensagens de texto e rir com todos os seus amigos!

Este será o seu aplicativo de Natal favorito! Feliz Natal e um próspero ano novo!","2019-11-15T08:00:00Z","2025-12-09T07:23:29Z","8.4","Nesta versão, adicionamos novos recursos e melhorias para tornar sua experiência ainda melhor nesta época especial do ano.
Prepare-se para as festas de fim de ano com atualizações feitas especialmente para você.

Como sempre, estamos trabalhando duro para aprimorar cada vez mais o aplicativo.

Atualize agora e descubra as novidades!","+12","[]","[]","[]","https://is1-ssl.mzstatic.com/image/thumb/Purple221/v4/7d/b8/d4/7db8d449-4637-caff-f0f9-e0ff64a7704b/AppIcon-0-0-1x_U007emarketing-0-8-0-85-220.png/512x512bb.jpg","https://is1-ssl.mzstatic.com/image/thumb/Purple221/v4/7d/b8/d4/7db8d449-4637-caff-f0f9-e0ff64a7704b/AppIcon-0-0-1x_U007emarketing-0-8-0-85-220.png/100x100bb.jpg","['iPhone5s-iPhone5s', 'iPadAir-iPadAir', 'iPadAirCellular-iPadAirCellular', 'iPadMiniRetina-iPadMiniRetina', 'iPadMiniRetinaCellular-iPadMiniRetinaCellular', 'iPhone6-iPhone6', 'iPhone6Plus-iPhone6Plus', 'iPadAir2-iPadAir2', 'iPadAir2Cellular-iPadAir2Cellular', 'iPadMini3-iPadMini3', 'iPadMini3Cellular-iPadMini3Cellular', 'iPodTouchSixthGen-iPodTouchSixthGen', 'iPhone6s-iPhone6s', 'iPhone6sPlus-iPhone6sPlus', 'iPadMini4-iPadMini4', 'iPadMini4Cellular-iPadMini4Cellular', 'iPadPro-iPadPro', 'iPadProCellular-iPadProCellular', 'iPadPro97-iPadPro97', 'iPadPro97Cellular-iPadPro97Cellular', 'iPhoneSE-iPhoneSE', 'iPhone7-iPhone7', 'iPhone7Plus-iPhone7Plus', 'iPad611-iPad611', 'iPad612-iPad612', 'iPad71-iPad71', 'iPad72-iPad72', 'iPad73-iPad73', 'iPad74-iPad74', 'iPhone8-iPhone8', 'iPhone8Plus-iPhone8Plus', 'iPhoneX-iPhoneX', 'iPad75-iPad75', 'iPad76-iPad76', 'iPhoneXS-iPhoneXS', 'iPhoneXSMax-iPhoneXSMax', 'iPhoneXR-iPhoneXR', 'iPad812-iPad812', 'iPad834-iPad834', 'iPad856-iPad856', 'iPad878-iPad878', 'iPadMini5-iPadMini5', 'iPadMini5Cellular-iPadMini5Cellular', 'iPadAir3-iPadAir3', 'iPadAir3Cellular-iPadAir3Cellular', 'iPodTouchSeventhGen-iPodTouchSeventhGen', 'iPhone11-iPhone11', 'iPhone11Pro-iPhone11Pro', 'iPadSeventhGen-iPadSeventhGen', 'iPadSeventhGenCellular-iPadSeventhGenCellular', 'iPhone11ProMax-iPhone11ProMax', 'iPhoneSESecondGen-iPhoneSESecondGen', 'iPadProSecondGen-iPadProSecondGen', 'iPadProSecondGenCellular-iPadProSecondGenCellular', 'iPadProFourthGen-iPadProFourthGen', 'iPadProFourthGenCellular-iPadProFourthGenCellular', 'iPhone12Mini-iPhone12Mini', 'iPhone12-iPhone12', 'iPhone12Pro-iPhone12Pro', 'iPhone12ProMax-iPhone12ProMax', 'iPadAir4-iPadAir4', 'iPadAir4Cellular-iPadAir4Cellular', 'iPadEighthGen-iPadEighthGen', 'iPadEighthGenCellular-iPadEighthGenCellular', 'iPadProThirdGen-iPadProThirdGen', 'iPadProThirdGenCellular-iPadProThirdGenCellular', 'iPadProFifthGen-iPadProFifthGen', 'iPadProFifthGenCellular-iPadProFifthGenCellular', 'iPhone13Pro-iPhone13Pro', 'iPhone13ProMax-iPhone13ProMax', 'iPhone13Mini-iPhone13Mini', 'iPhone13-iPhone13', 'iPadMiniSixthGen-iPadMiniSixthGen', 'iPadMiniSixthGenCellular-iPadMiniSixthGenCellular', 'iPadNinthGen-iPadNinthGen', 'iPadNinthGenCellular-iPadNinthGenCellular', 'iPhoneSEThirdGen-iPhoneSEThirdGen', 'iPadAirFifthGen-iPadAirFifthGen', 'iPadAirFifthGenCellular-iPadAirFifthGenCellular', 'iPhone14-iPhone14', 'iPhone14Plus-iPhone14Plus', 'iPhone14Pro-iPhone14Pro', 'iPhone14ProMax-iPhone14ProMax', 'iPadTenthGen-iPadTenthGen', 'iPadTenthGenCellular-iPadTenthGenCellular', 'iPadPro11FourthGen-iPadPro11FourthGen', 'iPadPro11FourthGenCellular-iPadPro11FourthGenCellular', 'iPadProSixthGen-iPadProSixthGen', 'iPadProSixthGenCellular-iPadProSixthGenCellular', 'iPhone15-iPhone15', 'iPhone15Plus-iPhone15Plus', 'iPhone15Pro-iPhone15Pro', 'iPhone15ProMax-iPhone15ProMax', 'iPadAir11M2-iPadAir11M2', 'iPadAir11M2Cellular-iPadAir11M2Cellular', 'iPadAir13M2-iPadAir13M2', 'iPadAir13M2Cellular-iPadAir13M2Cellular', 'iPadPro11M4-iPadPro11M4', 'iPadPro11M4Cellular-iPadPro11M4Cellular', 'iPadPro13M4-iPadPro13M4', 'iPadPro13M4Cellular-iPadPro13M4Cellular', 'iPhone16-iPhone16', 'iPhone16Plus-iPhone16Plus', 'iPhone16Pro-iPhone16Pro', 'iPhone16ProMax-iPhone16ProMax', 'iPadMiniA17Pro-iPadMiniA17Pro', 'iPadMiniA17ProCellular-iPadMiniA17ProCellular', 'iPhone16e-iPhone16e', 'iPadA16-iPadA16', 'iPadA16Cellular-iPadA16Cellular', 'iPadAir11M3-iPadAir11M3', 'iPadAir11M3Cellular-iPadAir11M3Cellular', 'iPadAir13M3-iPadAir13M3', 'iPadAir13M3Cellular-iPadAir13M3Cellular', 'iPhone17Pro-iPhone17Pro', 'iPhone17ProMax-iPhone17ProMax', 'iPhone17-iPhone17', 'iPhoneAir-iPhoneAir', 'iPadPro11M5-iPadPro11M5', 'iPadPro11M5Cellular-iPadPro11M5Cellular', 'iPadPro13M5-iPadPro13M5', 'iPadPro13M5Cellular-iPadPro13M5Cellular']","False","com.dancedance.christmas","VIVIRIA SOLUCIONES SOCIEDAD LIMITADA","348255232","14.0","1489442472","['EN']","","[]","{}"
"Natal Jogos de Mahjong Match 3","Manh Nguyen Huu","5.0","3","6747676185","https://apps.apple.com/br/app/natal-jogos-de-mahjong-match-3/id6747676185?uo=4","0.0","BRL","Grátis","Games","['Jogos', 'Entreteni\xadmento', 'Trívia', 'Família']","Mahjong de Natal é um jogo acolhedor de combinar peças, onde você deve encontrar e combinar três peças idênticas para limpar o tabuleiro. Fácil de aprender, gratificante de dominar e perfeito para pequenas pausas durante toda a temporada festiva.

Como jogar:
+ Toque nas peças com o mesmo ícone (sinos, meias, árvores, bengalas doces e muito mais).
+ Colete 3 peças iguais para formar uma combinação e removê-las.
+ Limpe todas as peças para vencer o nível.
+ Travou? Use Dica, Embaralhar ou Desfazer para virar o jogo.

Recursos:
+ Verdadeira jogabilidade de três peças — regras simples, estratégia surpreendentemente profunda.
+ Clima natalino com arte festiva nítida e uma atmosfera de inverno acolhedora.
+ Vários layouts em camadas que aumentam o desafio conforme você avança.
+ Power-ups inteligentes (Dica, Embaralhar, Desfazer) quando você precisar de uma ajudinha.
+ Partidas rápidas e casuais, perfeitas para pausas de 1–3 minutos ou sessões mais longas.

Dicas:
+ Remova as peças que desbloqueiam outras para abrir novas jogadas.
+ Observe grupos de ícones (sinos, presentes, árvores) para preparar combinações limpas.
+ Use Desfazer em toques errados e Embaralhar quando o tabuleiro estiver quase cheio.

Gratuito para jogar. Pode incluir anúncios opcionais para recompensas extras.
Aproveite uma temporada alegre de combinações com Mahjong de Natal!","2025-10-06T07:00:00Z","2025-11-11T16:31:10Z","3.9","Correções de bugs e otimizações","+12","[]","[]","[]","https://is1-ssl.mzstatic.com/image/thumb/Purple211/v4/94/1d/5e/941d5e3c-0ca7-a5cb-7fed-78bfe45afc64/AppIcon-0-0-1x_U007emarketing-0-8-0-85-220.png/512x512bb.jpg","https://is1-ssl.mzstatic.com/image/thumb/Purple211/v4/94/1d/5e/941d5e3c-0ca7-a5cb-7fed-78bfe45afc64/AppIcon-0-0-1x_U007emarketing-0-8-0-85-220.png/100x100bb.jpg","['iPhone5s-iPhone5s', 'iPadAir-iPadAir', 'iPadAirCellular-iPadAirCellular', 'iPadMiniRetina-iPadMiniRetina', 'iPadMiniRetinaCellular-iPadMiniRetinaCellular', 'iPhone6-iPhone6', 'iPhone6Plus-iPhone6Plus', 'iPadAir2-iPadAir2', 'iPadAir2Cellular-iPadAir2Cellular', 'iPadMini3-iPadMini3', 'iPadMini3Cellular-iPadMini3Cellular', 'iPodTouchSixthGen-iPodTouchSixthGen', 'iPhone6s-iPhone6s', 'iPhone6sPlus-iPhone6sPlus', 'iPadMini4-iPadMini4', 'iPadMini4Cellular-iPadMini4Cellular', 'iPadPro-iPadPro', 'iPadProCellular-iPadProCellular', 'iPadPro97-iPadPro97', 'iPadPro97Cellular-iPadPro97Cellular', 'iPhoneSE-iPhoneSE', 'iPhone7-iPhone7', 'iPhone7Plus-iPhone7Plus', 'iPad611-iPad611', 'iPad612-iPad612', 'iPad71-iPad71', 'iPad72-iPad72', 'iPad73-iPad73', 'iPad74-iPad74', 'iPhone8-iPhone8', 'iPhone8Plus-iPhone8Plus', 'iPhoneX-iPhoneX', 'iPad75-iPad75', 'iPad76-iPad76', 'iPhoneXS-iPhoneXS', 'iPhoneXSMax-iPhoneXSMax', 'iPhoneXR-iPhoneXR', 'iPad812-iPad812', 'iPad834-iPad834', 'iPad856-iPad856', 'iPad878-iPad878', 'iPadMini5-iPadMini5', 'iPadMini5Cellular-iPadMini5Cellular', 'iPadAir3-iPadAir3', 'iPadAir3Cellular-iPadAir3Cellular', 'iPodTouchSeventhGen-iPodTouchSeventhGen', 'iPhone11-iPhone11', 'iPhone11Pro-iPhone11Pro', 'iPadSeventhGen-iPadSeventhGen', 'iPadSeventhGenCellular-iPadSeventhGenCellular', 'iPhone11ProMax-iPhone11ProMax', 'iPhoneSESecondGen-iPhoneSESecondGen', 'iPadProSecondGen-iPadProSecondGen', 'iPadProSecondGenCellular-iPadProSecondGenCellular', 'iPadProFourthGen-iPadProFourthGen', 'iPadProFourthGenCellular-iPadProFourthGenCellular', 'iPhone12Mini-iPhone12Mini', 'iPhone12-iPhone12', 'iPhone12Pro-iPhone12Pro', 'iPhone12ProMax-iPhone12ProMax', 'iPadAir4-iPadAir4', 'iPadAir4Cellular-iPadAir4Cellular', 'iPadEighthGen-iPadEighthGen', 'iPadEighthGenCellular-iPadEighthGenCellular', 'iPadProThirdGen-iPadProThirdGen', 'iPadProThirdGenCellular-iPadProThirdGenCellular', 'iPadProFifthGen-iPadProFifthGen', 'iPadProFifthGenCellular-iPadProFifthGenCellular', 'iPhone13Pro-iPhone13Pro', 'iPhone13ProMax-iPhone13ProMax', 'iPhone13Mini-iPhone13Mini', 'iPhone13-iPhone13', 'iPadMiniSixthGen-iPadMiniSixthGen', 'iPadMiniSixthGenCellular-iPadMiniSixthGenCellular', 'iPadNinthGen-iPadNinthGen', 'iPadNinthGenCellular-iPadNinthGenCellular', 'iPhoneSEThirdGen-iPhoneSEThirdGen', 'iPadAirFifthGen-iPadAirFifthGen', 'iPadAirFifthGenCellular-iPadAirFifthGenCellular', 'iPhone14-iPhone14', 'iPhone14Plus-iPhone14Plus', 'iPhone14Pro-iPhone14Pro', 'iPhone14ProMax-iPhone14ProMax', 'iPadTenthGen-iPadTenthGen', 'iPadTenthGenCellular-iPadTenthGenCellular', 'iPadPro11FourthGen-iPadPro11FourthGen', 'iPadPro11FourthGenCellular-iPadPro11FourthGenCellular', 'iPadProSixthGen-iPadProSixthGen', 'iPadProSixthGenCellular-iPadProSixthGenCellular', 'iPhone15-iPhone15', 'iPhone15Plus-iPhone15Plus', 'iPhone15Pro-iPhone15Pro', 'iPhone15ProMax-iPhone15ProMax', 'iPadAir11M2-iPadAir11M2', 'iPadAir11M2Cellular-iPadAir11M2Cellular', 'iPadAir13M2-iPadAir13M2', 'iPadAir13M2Cellular-iPadAir13M2Cellular', 'iPadPro11M4-iPadPro11M4', 'iPadPro11M4Cellular-iPadPro11M4Cellular', 'iPadPro13M4-iPadPro13M4', 'iPadPro13M4Cellular-iPadPro13M4Cellular', 'iPhone16-iPhone16', 'iPhone16Plus-iPhone16Plus', 'iPhone16Pro-iPhone16Pro', 'iPhone16ProMax-iPhone16ProMax', 'iPadMiniA17Pro-iPadMiniA17Pro', 'iPadMiniA17ProCellular-iPadMiniA17ProCellular', 'iPhone16e-iPhone16e', 'iPadA16-iPadA16', 'iPadA16Cellular-iPadA16Cellular', 'iPadAir11M3-iPadAir11M3', 'iPadAir11M3Cellular-iPadAir11M3Cellular', 'iPadAir13M3-iPadAir13M3', 'iPadAir13M3Cellular-iPadAir13M3Cellular', 'iPhone17Pro-iPhone17Pro', 'iPhone17ProMax-iPhone17ProMax', 'iPhone17-iPhone17', 'iPhoneAir-iPhoneAir', 'iPadPro11M5-iPadPro11M5', 'iPadPro11M5Cellular-iPadPro11M5Cellular', 'iPadPro13M5-iPadPro13M5', 'iPadPro13M5Cellular-iPadPro13M5Cellular']","False","com.mhn.christmas.mahjong.triple.match","Manh Nguyen Huu","185110528","15.0","1086438350","['AR', 'NL', 'EN', 'FR', 'DE', 'IT', 'JA', 'KO', 'PL', 'PT', 'RU', 'ES', 'TR']","","[]","{}"
"Christmas Wallpapers HD 2026","Aleksandr Alekseev","5.0","5","1532481031","https://apps.apple.com/br/app/christmas-wallpapers-hd-2026/id1532481031?uo=4","0.0","BRL","Grátis","Photo & Video","['Foto e vídeo', 'Estilo de vida']","Christmas and New Year is not far off, decorate the screen of your device with beautiful holiday wallpaper!

Install the application and get:
- Plenty of Christmas and New Year wallpaper
- 10 categories of festive backgrounds
- High resolution wallpaper for your device
- Support for iPad and iPhone

Happy holiday, friends! Happy New Year and Christmas!","2020-10-04T07:00:00Z","2025-11-26T14:07:39Z","1.26","- Atualização para 2026 ano","+12","['https://is1-ssl.mzstatic.com/image/thumb/PurpleSource124/v4/4e/6a/81/4e6a8151-0d55-1df5-838e-6af1b1e9a06d/68933507-1b91-41cc-9f26-d7a3ca4d5290_5.5_RUS-2.png/392x696bb.png', 'https://is1-ssl.mzstatic.com/image/thumb/PurpleSource114/v4/3b/b5/b9/3bb5b9f2-bbf0-f19e-9909-9a06f22e0ca7/f08061c0-6cb8-4ddf-8eaf-d1825ad88e96_5.5_RUS-1.png/392x696bb.png', 'https://is1-ssl.mzstatic.com/image/thumb/PurpleSource114/v4/7f/e0/80/7fe08059-44de-8db2-6ee0-d71fb536f405/5bf32ab4-3075-4a9a-89f3-7a2c57c07247_5.5_RUS.png/392x696bb.png']","['https://is1-ssl.mzstatic.com/image/thumb/PurpleSource114/v4/33/04/6e/33046e92-7554-0d8e-699d-191cbfe9d197/f5243085-2863-43ff-92e8-e3e374c88ae4_IPAD1_RUS.png/576x768bb.png', 'https://is1-ssl.mzstatic.com/image/thumb/PurpleSource114/v4/04/4d/5c/044d5cdc-73a5-928a-c6c4-352a21c9dc5e/2e12f878-ee44-4fb7-8a81-374f7aa9b5d0_IPAD2_RUS.png/576x768bb.png', 'https://is1-ssl.mzstatic.com/image/thumb/PurpleSource114/v4/f7/54/68/f7546853-c774-9af8-e8ff-abd86784c93b/3f49b09a-61d0-459f-89cc-8419bad1cca8_IPAD3_RUS.png/576x768bb.png']","[]","https://is1-ssl.mzstatic.com/image/thumb/Purple211/v4/a8/7a/2b/a87a2b77-994f-1b4b-615e-b2b3905bbfe8/AppIcon-0-0-1x_U007emarketing-0-8-0-85-220.png/512x512bb.jpg","https://is1-ssl.mzstatic.com/image/thumb/Purple211/v4/a8/7a/2b/a87a2b77-994f-1b4b-615e-b2b3905bbfe8/AppIcon-0-0-1x_U007emarketing-0-8-0-85-220.png/100x100bb.jpg","['iPhone5s-iPhone5s', 'iPadAir-iPadAir', 'iPadAirCellular-iPadAirCellular', 'iPadMiniRetina-iPadMiniRetina', 'iPadMiniRetinaCellular-iPadMiniRetinaCellular', 'iPhone6-iPhone6', 'iPhone6Plus-iPhone6Plus', 'iPadAir2-iPadAir2', 'iPadAir2Cellular-iPadAir2Cellular', 'iPadMini3-iPadMini3', 'iPadMini3Cellular-iPadMini3Cellular', 'iPodTouchSixthGen-iPodTouchSixthGen', 'iPhone6s-iPhone6s', 'iPhone6sPlus-iPhone6sPlus', 'iPadMini4-iPadMini4', 'iPadMini4Cellular-iPadMini4Cellular', 'iPadPro-iPadPro', 'iPadProCellular-iPadProCellular', 'iPadPro97-iPadPro97', 'iPadPro97Cellular-iPadPro97Cellular', 'iPhoneSE-iPhoneSE', 'iPhone7-iPhone7', 'iPhone7Plus-iPhone7Plus', 'iPad611-iPad611', 'iPad612-iPad612', 'iPad71-iPad71', 'iPad72-iPad72', 'iPad73-iPad73', 'iPad74-iPad74', 'iPhone8-iPhone8', 'iPhone8Plus-iPhone8Plus', 'iPhoneX-iPhoneX', 'iPad75-iPad75', 'iPad76-iPad76', 'iPhoneXS-iPhoneXS', 'iPhoneXSMax-iPhoneXSMax', 'iPhoneXR-iPhoneXR', 'iPad812-iPad812', 'iPad834-iPad834', 'iPad856-iPad856', 'iPad878-iPad878', 'iPadMini5-iPadMini5', 'iPadMini5Cellular-iPadMini5Cellular', 'iPadAir3-iPadAir3', 'iPadAir3Cellular-iPadAir3Cellular', 'iPodTouchSeventhGen-iPodTouchSeventhGen', 'iPhone11-iPhone11', 'iPhone11Pro-iPhone11Pro', 'iPadSeventhGen-iPadSeventhGen', 'iPadSeventhGenCellular-iPadSeventhGenCellular', 'iPhone11ProMax-iPhone11ProMax', 'iPhoneSESecondGen-iPhoneSESecondGen', 'iPadProSecondGen-iPadProSecondGen', 'iPadProSecondGenCellular-iPadProSecondGenCellular', 'iPadProFourthGen-iPadProFourthGen', 'iPadProFourthGenCellular-iPadProFourthGenCellular', 'iPhone12Mini-iPhone12Mini', 'iPhone12-iPhone12', 'iPhone12Pro-iPhone12Pro', 'iPhone12ProMax-iPhone12ProMax', 'iPadAir4-iPadAir4', 'iPadAir4Cellular-iPadAir4Cellular', 'iPadEighthGen-iPadEighthGen', 'iPadEighthGenCellular-iPadEighthGenCellular', 'iPadProThirdGen-iPadProThirdGen', 'iPadProThirdGenCellular-iPadProThirdGenCellular', 'iPadProFifthGen-iPadProFifthGen', 'iPadProFifthGenCellular-iPadProFifthGenCellular', 'iPhone13Pro-iPhone13Pro', 'iPhone13ProMax-iPhone13ProMax', 'iPhone13Mini-iPhone13Mini', 'iPhone13-iPhone13', 'iPadMiniSixthGen-iPadMiniSixthGen', 'iPadMiniSixthGenCellular-iPadMiniSixthGenCellular', 'iPadNinthGen-iPadNinthGen', 'iPadNinthGenCellular-iPadNinthGenCellular', 'iPhoneSEThirdGen-iPhoneSEThirdGen', 'iPadAirFifthGen-iPadAirFifthGen', 'iPadAirFifthGenCellular-iPadAirFifthGenCellular', 'iPhone14-iPhone14', 'iPhone14Plus-iPhone14Plus', 'iPhone14Pro-iPhone14Pro', 'iPhone14ProMax-iPhone14ProMax', 'iPadTenthGen-iPadTenthGen', 'iPadTenthGenCellular-iPadTenthGenCellular', 'iPadPro11FourthGen-iPadPro11FourthGen', 'iPadPro11FourthGenCellular-iPadPro11FourthGenCellular', 'iPadProSixthGen-iPadProSixthGen', 'iPadProSixthGenCellular-iPadProSixthGenCellular', 'iPhone15-iPhone15', 'iPhone15Plus-iPhone15Plus', 'iPhone15Pro-iPhone15Pro', 'iPhone15ProMax-iPhone15ProMax', 'iPadAir11M2-iPadAir11M2', 'iPadAir11M2Cellular-iPadAir11M2Cellular', 'iPadAir13M2-iPadAir13M2', 'iPadAir13M2Cellular-iPadAir13M2Cellular', 'iPadPro11M4-iPadPro11M4', 'iPadPro11M4Cellular-iPadPro11M4Cellular', 'iPadPro13M4-iPadPro13M4', 'iPadPro13M4Cellular-iPadPro13M4Cellular', 'iPhone16-iPhone16', 'iPhone16Plus-iPhone16Plus', 'iPhone16Pro-iPhone16Pro', 'iPhone16ProMax-iPhone16ProMax', 'iPadMiniA17Pro-iPadMiniA17Pro', 'iPadMiniA17ProCellular-iPadMiniA17ProCellular', 'iPhone16e-iPhone16e', 'iPadA16-iPadA16', 'iPadA16Cellular-iPadA16Cellular', 'iPadAir11M3-iPadAir11M3', 'iPadAir11M3Cellular-iPadAir11M3Cellular', 'iPadAir13M3-iPadAir13M3', 'iPadAir13M3Cellular-iPadAir13M3Cellular', 'iPhone17Pro-iPhone17Pro', 'iPhone17ProMax-iPhone17ProMax', 'iPhone17-iPhone17', 'iPhoneAir-iPhoneAir', 'iPadPro11M5-iPadPro11M5', 'iPadPro11M5Cellular-iPadPro11M5Cellular', 'iPadPro13M5-iPadPro13M5', 'iPadPro13M5Cellular-iPadPro13M5Cellular']","False","com.backgrounds.ios","Aleksandr Alekseev","75853824","13.0","1227414052","['EN', 'RU']","","[]","{}"
"Feliz Natal Foto Saudação","Vicente Berenguer Garcia","5.0","17","1176910505","https://apps.apple.com/br/app/feliz-natal-foto-sauda%C3%A7%C3%A3o/id1176910505?uo=4","0.0","BRL","Grátis","Entertainment","['Entreteni\xadmento', 'Foto e vídeo']","Merry Christmas Photo Frames é um aplicativo de enquadramento divertido com uma ferramenta de edição de fotos amigável para criar álbuns alegres de Ano Novo e colagens de Natal memoráveis ​​em seu próprio estilo. 

Aproveite a sua temporada de férias com a nossa incrível coleção de molduras para fotos de Natal. Oferecemos uma grande coleção de modelos de fotos para emoldurar suas lembranças felizes. Em nosso aplicativo, descubra as mais belas imagens de Natal e Ano Novo, como bolas de Natal, bugigangas, estrelas, luzes de árvores, flocos de neve, renas, boneco de neve, Papai Noel, 

Anjo de Natal e muito mais. Você também pode adicionar texto, desejos de Feliz Natal ou mensagens de Feliz Ano Novo em suas imagens.

Oferecemos uma ampla coleção de modelos de fotos e layouts para enquadrar as fotos dos seus melhores momentos nas festas de fim de ano. 

        • Faça upload de uma imagem da sua galeria ou tire uma nova foto

        • Selecione uma moldura da nossa galeria de alta qualidade

        • Escreva nas suas fotos ou adicione mensagens com nosso editor de texto

        • Crie seu álbum de molduras de fotos personalizado.

Compartilhe sua alegria e felicidade para espalhar amor com seus amigos e familiares! Feliz Natal e um Próspero Ano Novo!

Se você gosta do nosso aplicativo, avalie e comente para nos ajudar a melhorar!","2016-11-23T23:16:43Z","2025-10-01T01:31:23Z","1.6","Bibliotecas atualizadas para melhorar o desempenho e a estabilidade.

Corrigimos pequenos bugs para melhorar a experiência do usuário.","+4","[]","[]","[]","https://is1-ssl.mzstatic.com/image/thumb/Purple221/v4/db/fb/24/dbfb242c-3927-2b27-9c4d-ed62da150ba9/AppIcon-0-0-1x_U007epad-0-1-0-sRGB-85-220.png/512x512bb.jpg","https://is1-ssl.mzstatic.com/image/thumb/Purple221/v4/db/fb/24/dbfb242c-3927-2b27-9c4d-ed62da150ba9/AppIcon-0-0-1x_U007epad-0-1-0-sRGB-85-220.png/100x100bb.jpg","['iPhone5s-iPhone5s', 'iPadAir-iPadAir', 'iPadAirCellular-iPadAirCellular', 'iPadMiniRetina-iPadMiniRetina', 'iPadMiniRetinaCellular-iPadMiniRetinaCellular', 'iPhone6-iPhone6', 'iPhone6Plus-iPhone6Plus', 'iPadAir2-iPadAir2', 'iPadAir2Cellular-iPadAir2Cellular', 'iPadMini3-iPadMini3', 'iPadMini3Cellular-iPadMini3Cellular', 'iPodTouchSixthGen-iPodTouchSixthGen', 'iPhone6s-iPhone6s', 'iPhone6sPlus-iPhone6sPlus', 'iPadMini4-iPadMini4', 'iPadMini4Cellular-iPadMini4Cellular', 'iPadPro-iPadPro', 'iPadProCellular-iPadProCellular', 'iPadPro97-iPadPro97', 'iPadPro97Cellular-iPadPro97Cellular', 'iPhoneSE-iPhoneSE', 'iPhone7-iPhone7', 'iPhone7Plus-iPhone7Plus', 'iPad611-iPad611', 'iPad612-iPad612', 'iPad71-iPad71', 'iPad72-iPad72', 'iPad73-iPad73', 'iPad74-iPad74', 'iPhone8-iPhone8', 'iPhone8Plus-iPhone8Plus', 'iPhoneX-iPhoneX', 'iPad75-iPad75', 'iPad76-iPad76', 'iPhoneXS-iPhoneXS', 'iPhoneXSMax-iPhoneXSMax', 'iPhoneXR-iPhoneXR', 'iPad812-iPad812', 'iPad834-iPad834', 'iPad856-iPad856', 'iPad878-iPad878', 'iPadMini5-iPadMini5', 'iPadMini5Cellular-iPadMini5Cellular', 'iPadAir3-iPadAir3', 'iPadAir3Cellular-iPadAir3Cellular', 'iPodTouchSeventhGen-iPodTouchSeventhGen', 'iPhone11-iPhone11', 'iPhone11Pro-iPhone11Pro', 'iPadSeventhGen-iPadSeventhGen', 'iPadSeventhGenCellular-iPadSeventhGenCellular', 'iPhone11ProMax-iPhone11ProMax', 'iPhoneSESecondGen-iPhoneSESecondGen', 'iPadProSecondGen-iPadProSecondGen', 'iPadProSecondGenCellular-iPadProSecondGenCellular', 'iPadProFourthGen-iPadProFourthGen', 'iPadProFourthGenCellular-iPadProFourthGenCellular', 'iPhone12Mini-iPhone12Mini', 'iPhone12-iPhone12', 'iPhone12Pro-iPhone12Pro', 'iPhone12ProMax-iPhone12ProMax', 'iPadAir4-iPadAir4', 'iPadAir4Cellular-iPadAir4Cellular', 'iPadEighthGen-iPadEighthGen', 'iPadEighthGenCellular-iPadEighthGenCellular', 'iPadProThirdGen-iPadProThirdGen', 'iPadProThirdGenCellular-iPadProThirdGenCellular', 'iPadProFifthGen-iPadProFifthGen', 'iPadProFifthGenCellular-iPadProFifthGenCellular', 'iPhone13Pro-iPhone13Pro', 'iPhone13ProMax-iPhone13ProMax', 'iPhone13Mini-iPhone13Mini', 'iPhone13-iPhone13', 'iPadMiniSixthGen-iPadMiniSixthGen', 'iPadMiniSixthGenCellular-iPadMiniSixthGenCellular', 'iPadNinthGen-iPadNinthGen', 'iPadNinthGenCellular-iPadNinthGenCellular', 'iPhoneSEThirdGen-iPhoneSEThirdGen', 'iPadAirFifthGen-iPadAirFifthGen', 'iPadAirFifthGenCellular-iPadAirFifthGenCellular', 'iPhone14-iPhone14', 'iPhone14Plus-iPhone14Plus', 'iPhone14Pro-iPhone14Pro', 'iPhone14ProMax-iPhone14ProMax', 'iPadTenthGen-iPadTenthGen', 'iPadTenthGenCellular-iPadTenthGenCellular', 'iPadPro11FourthGen-iPadPro11FourthGen', 'iPadPro11FourthGenCellular-iPadPro11FourthGenCellular', 'iPadProSixthGen-iPadProSixthGen', 'iPadProSixthGenCellular-iPadProSixthGenCellular', 'iPhone15-iPhone15', 'iPhone15Plus-iPhone15Plus', 'iPhone15Pro-iPhone15Pro', 'iPhone15ProMax-iPhone15ProMax', 'iPadAir11M2-iPadAir11M2', 'iPadAir11M2Cellular-iPadAir11M2Cellular', 'iPadAir13M2-iPadAir13M2', 'iPadAir13M2Cellular-iPadAir13M2Cellular', 'iPadPro11M4-iPadPro11M4', 'iPadPro11M4Cellular-iPadPro11M4Cellular', 'iPadPro13M4-iPadPro13M4', 'iPadPro13M4Cellular-iPadPro13M4Cellular', 'iPhone16-iPhone16', 'iPhone16Plus-iPhone16Plus', 'iPhone16Pro-iPhone16Pro', 'iPhone16ProMax-iPhone16ProMax', 'iPadMiniA17Pro-iPadMiniA17Pro', 'iPadMiniA17ProCellular-iPadMiniA17ProCellular', 'iPhone16e-iPhone16e', 'iPadA16-iPadA16', 'iPadA16Cellular-iPadA16Cellular', 'iPadAir11M3-iPadAir11M3', 'iPadAir11M3Cellular-iPadAir11M3Cellular', 'iPadAir13M3-iPadAir13M3', 'iPadAir13M3Cellular-iPadAir13M3Cellular', 'iPhone17Pro-iPhone17Pro', 'iPhone17ProMax-iPhone17ProMax', 'iPhone17-iPhone17', 'iPhoneAir-iPhoneAir', 'iPadPro11M5-iPadPro11M5', 'iPadPro11M5Cellular-iPadPro11M5Cellular', 'iPadPro13M5-iPadPro13M5', 'iPadPro13M5Cellular-iPadPro13M5Cellular']","False","com.valenapps.framesChristmas","Vicente Berenguer Garcia","60013568","13.0","1444287855","['EN', 'ES']","","[]","{}"
"Adesivos de Natal & Ano Novo","Sergey Dubovitsky","1.0","3","1178279915","https://apps.apple.com/br/app/adesivos-de-natal-ano-novo/id1178279915?uo=4","0.0","BRL","Grátis","Social Networking","['Redes sociais', 'Estilo de vida']","Faça seus chats ficarem festivos!
Adesivos de Natal e Ano Novo personalizados.
Envie emojis com suas fotos para amigos em mensageiros e redes sociais.

Recursos:
• Adesivos de Natal e Ano Novo
• Compartilhamento rápido para chats
• Temas divertidos: Papai Noel, neve, presentes, festa e muito mais

Surpreenda seus amigos, crie seu próprio pacote de stickers e compartilhe o clima de festa!

Comece a criar o espírito natalino hoje mesmo!","2016-11-22T15:10:16Z","2025-11-29T18:20:54Z","2.1","Grande atualização de fim de ano
Novos pacotes de figurinha de Natal e Ano Novo
Nova interface: mais rápida, limpa e fácil
Melhorias de performance e estabilidade","+4","[]","[]","[]","https://is1-ssl.mzstatic.com/image/thumb/Purple221/v4/52/4a/a3/524aa388-ec9f-6d00-eef0-e6beb72b3e0c/AppIcon-0-0-1x_U007emarketing-0-8-0-sRGB-85-220.png/512x512bb.jpg","https://is1-ssl.mzstatic.com/image/thumb/Purple221/v4/52/4a/a3/524aa388-ec9f-6d00-eef0-e6beb72b3e0c/AppIcon-0-0-1x_U007emarketing-0-8-0-sRGB-85-220.png/100x100bb.jpg","['iPhone5s-iPhone5s', 'iPadAir-iPadAir', 'iPadAirCellular-iPadAirCellular', 'iPadMiniRetina-iPadMiniRetina', 'iPadMiniRetinaCellular-iPadMiniRetinaCellular', 'iPhone6-iPhone6', 'iPhone6Plus-iPhone6Plus', 'iPadAir2-iPadAir2', 'iPadAir2Cellular-iPadAir2Cellular', 'iPadMini3-iPadMini3', 'iPadMini3Cellular-iPadMini3Cellular', 'iPodTouchSixthGen-iPodTouchSixthGen', 'iPhone6s-iPhone6s', 'iPhone6sPlus-iPhone6sPlus', 'iPadMini4-iPadMini4', 'iPadMini4Cellular-iPadMini4Cellular', 'iPadPro-iPadPro', 'iPadProCellular-iPadProCellular', 'iPadPro97-iPadPro97', 'iPadPro97Cellular-iPadPro97Cellular', 'iPhoneSE-iPhoneSE', 'iPhone7-iPhone7', 'iPhone7Plus-iPhone7Plus', 'iPad611-iPad611', 'iPad612-iPad612', 'iPad71-iPad71', 'iPad72-iPad72', 'iPad73-iPad73', 'iPad74-iPad74', 'iPhone8-iPhone8', 'iPhone8Plus-iPhone8Plus', 'iPhoneX-iPhoneX', 'iPad75-iPad75', 'iPad76-iPad76', 'iPhoneXS-iPhoneXS', 'iPhoneXSMax-iPhoneXSMax', 'iPhoneXR-iPhoneXR', 'iPad812-iPad812', 'iPad834-iPad834', 'iPad856-iPad856', 'iPad878-iPad878', 'iPadMini5-iPadMini5', 'iPadMini5Cellular-iPadMini5Cellular', 'iPadAir3-iPadAir3', 'iPadAir3Cellular-iPadAir3Cellular', 'iPodTouchSeventhGen-iPodTouchSeventhGen', 'iPhone11-iPhone11', 'iPhone11Pro-iPhone11Pro', 'iPadSeventhGen-iPadSeventhGen', 'iPadSeventhGenCellular-iPadSeventhGenCellular', 'iPhone11ProMax-iPhone11ProMax', 'iPhoneSESecondGen-iPhoneSESecondGen', 'iPadProSecondGen-iPadProSecondGen', 'iPadProSecondGenCellular-iPadProSecondGenCellular', 'iPadProFourthGen-iPadProFourthGen', 'iPadProFourthGenCellular-iPadProFourthGenCellular', 'iPhone12Mini-iPhone12Mini', 'iPhone12-iPhone12', 'iPhone12Pro-iPhone12Pro', 'iPhone12ProMax-iPhone12ProMax', 'iPadAir4-iPadAir4', 'iPadAir4Cellular-iPadAir4Cellular', 'iPadEighthGen-iPadEighthGen', 'iPadEighthGenCellular-iPadEighthGenCellular', 'iPadProThirdGen-iPadProThirdGen', 'iPadProThirdGenCellular-iPadProThirdGenCellular', 'iPadProFifthGen-iPadProFifthGen', 'iPadProFifthGenCellular-iPadProFifthGenCellular', 'iPhone13Pro-iPhone13Pro', 'iPhone13ProMax-iPhone13ProMax', 'iPhone13Mini-iPhone13Mini', 'iPhone13-iPhone13', 'iPadMiniSixthGen-iPadMiniSixthGen', 'iPadMiniSixthGenCellular-iPadMiniSixthGenCellular', 'iPadNinthGen-iPadNinthGen', 'iPadNinthGenCellular-iPadNinthGenCellular', 'iPhoneSEThirdGen-iPhoneSEThirdGen', 'iPadAirFifthGen-iPadAirFifthGen', 'iPadAirFifthGenCellular-iPadAirFifthGenCellular', 'iPhone14-iPhone14', 'iPhone14Plus-iPhone14Plus', 'iPhone14Pro-iPhone14Pro', 'iPhone14ProMax-iPhone14ProMax', 'iPadTenthGen-iPadTenthGen', 'iPadTenthGenCellular-iPadTenthGenCellular', 'iPadPro11FourthGen-iPadPro11FourthGen', 'iPadPro11FourthGenCellular-iPadPro11FourthGenCellular', 'iPadProSixthGen-iPadProSixthGen', 'iPadProSixthGenCellular-iPadProSixthGenCellular', 'iPhone15-iPhone15', 'iPhone15Plus-iPhone15Plus', 'iPhone15Pro-iPhone15Pro', 'iPhone15ProMax-iPhone15ProMax', 'iPadAir11M2-iPadAir11M2', 'iPadAir11M2Cellular-iPadAir11M2Cellular', 'iPadAir13M2-iPadAir13M2', 'iPadAir13M2Cellular-iPadAir13M2Cellular', 'iPadPro11M4-iPadPro11M4', 'iPadPro11M4Cellular-iPadPro11M4Cellular', 'iPadPro13M4-iPadPro13M4', 'iPadPro13M4Cellular-iPadPro13M4Cellular', 'iPhone16-iPhone16', 'iPhone16Plus-iPhone16Plus', 'iPhone16Pro-iPhone16Pro', 'iPhone16ProMax-iPhone16ProMax', 'iPadMiniA17Pro-iPadMiniA17Pro', 'iPadMiniA17ProCellular-iPadMiniA17ProCellular', 'iPhone16e-iPhone16e', 'iPadA16-iPadA16', 'iPadA16Cellular-iPadA16Cellular', 'iPadAir11M3-iPadAir11M3', 'iPadAir11M3Cellular-iPadAir11M3Cellular', 'iPadAir13M3-iPadAir13M3', 'iPadAir13M3Cellular-iPadAir13M3Cellular', 'iPhone17Pro-iPhone17Pro', 'iPhone17ProMax-iPhone17ProMax', 'iPhone17-iPhone17', 'iPhoneAir-iPhoneAir', 'iPadPro11M5-iPadPro11M5', 'iPadPro11M5Cellular-iPadPro11M5Cellular', 'iPadPro13M5-iPadPro13M5', 'iPadPro13M5Cellular-iPadPro13M5Cellular']","False","com.limegames.emoji","Sergey Dubovitsky","97759232","16.6","1176840932","['EN', 'FR', 'DE', 'IT', 'PT', 'RU', 'ES']","","[]","{}"
"Molduras de Natal PRO","Intelectiva","5.0","1","1171754280","https://apps.apple.com/br/app/molduras-de-natal-pro/id1171754280?uo=4","0.0","BRL","Grátis","Entertainment","['Entreteni\xadmento', 'Foto e vídeo']","Celebre seus feriados favoritos com apenas um aplicativo. O aplicativo Molduras para Fotos de Ação de Graças, Natal e Halloween permite que você crie cartões, colagens e postais personalizados com uma grande coleção de molduras e modelos para o Dia de Ação de Graças, Natal e Halloween.

Edite suas fotos com amigos, familiares, avós ou entes queridos e decore-as com nossas incríveis molduras temáticas, criadas especialmente para cada estação.

O que você pode fazer com o aplicativo?

• Crie lindas fotos para compartilhar nas redes sociais: amor, amizade, família ou qualquer ocasião especial.

• Use molduras de Ação de Graças com flores de outono, folhas, corações, perus e detalhes da época da colheita.

• Adicione molduras de Natal com luzes, neve, árvores, enfeites, presentes e uma atmosfera festiva.

• Crie imagens com nossas molduras de Halloween: abóboras, fantasmas, gatos pretos, caveiras e decorações divertidas ou assustadoras.

• Crie cartões postais e cartões de felicitações para surpreender seus amigos e familiares antes do Natal, Ano Novo, Halloween ou Dia de Ação de Graças.

Principais Recursos
• Grande coleção de molduras e modelos temáticos.

• Crie novos designs ou use fotos da sua galeria.
• Editor fácil de usar: mova, gire e ajuste qualquer elemento ao seu gosto.
• Compartilhe suas criações do seu dispositivo móvel ou tablet com quem quiser.

• Ideal para criar convites, papéis de parede, adesivos, mensagens, cartões, colagens e muito mais.

Se você gostou do aplicativo, avalie-nos e deixe um comentário. Sua ajuda nos permite continuar criando conteúdo incrível para suas comemorações!

https://www.apple.com/legal/internet-services/itunes/dev/stdeula/","2016-11-04T00:35:38Z","2025-12-09T07:18:22Z","1.7","Melhoramos a estabilidade e o desempenho geral do aplicativo.

Adicionamos novos temas de imagem que mudam automaticamente de acordo com a estação do ano.

Corrigimos alguns problemas que afetavam o uso de figurinhas e texto.

Aprimoramos o sistema de compras para que as alterações (como a remoção da marca d'água) sejam aplicadas corretamente.","+12","[]","[]","[]","https://is1-ssl.mzstatic.com/image/thumb/Purple221/v4/8e/06/7e/8e067e41-c7ab-80ee-5ed9-6796b879b983/AppIcon-0-0-1x_U007epad-0-1-0-sRGB-85-220.png/512x512bb.jpg","https://is1-ssl.mzstatic.com/image/thumb/Purple221/v4/8e/06/7e/8e067e41-c7ab-80ee-5ed9-6796b879b983/AppIcon-0-0-1x_U007epad-0-1-0-sRGB-85-220.png/100x100bb.jpg","['iPhone5s-iPhone5s', 'iPadAir-iPadAir', 'iPadAirCellular-iPadAirCellular', 'iPadMiniRetina-iPadMiniRetina', 'iPadMiniRetinaCellular-iPadMiniRetinaCellular', 'iPhone6-iPhone6', 'iPhone6Plus-iPhone6Plus', 'iPadAir2-iPadAir2', 'iPadAir2Cellular-iPadAir2Cellular', 'iPadMini3-iPadMini3', 'iPadMini3Cellular-iPadMini3Cellular', 'iPodTouchSixthGen-iPodTouchSixthGen', 'iPhone6s-iPhone6s', 'iPhone6sPlus-iPhone6sPlus', 'iPadMini4-iPadMini4', 'iPadMini4Cellular-iPadMini4Cellular', 'iPadPro-iPadPro', 'iPadProCellular-iPadProCellular', 'iPadPro97-iPadPro97', 'iPadPro97Cellular-iPadPro97Cellular', 'iPhoneSE-iPhoneSE', 'iPhone7-iPhone7', 'iPhone7Plus-iPhone7Plus', 'iPad611-iPad611', 'iPad612-iPad612', 'iPad71-iPad71', 'iPad72-iPad72', 'iPad73-iPad73', 'iPad74-iPad74', 'iPhone8-iPhone8', 'iPhone8Plus-iPhone8Plus', 'iPhoneX-iPhoneX', 'iPad75-iPad75', 'iPad76-iPad76', 'iPhoneXS-iPhoneXS', 'iPhoneXSMax-iPhoneXSMax', 'iPhoneXR-iPhoneXR', 'iPad812-iPad812', 'iPad834-iPad834', 'iPad856-iPad856', 'iPad878-iPad878', 'iPadMini5-iPadMini5', 'iPadMini5Cellular-iPadMini5Cellular', 'iPadAir3-iPadAir3', 'iPadAir3Cellular-iPadAir3Cellular', 'iPodTouchSeventhGen-iPodTouchSeventhGen', 'iPhone11-iPhone11', 'iPhone11Pro-iPhone11Pro', 'iPadSeventhGen-iPadSeventhGen', 'iPadSeventhGenCellular-iPadSeventhGenCellular', 'iPhone11ProMax-iPhone11ProMax', 'iPhoneSESecondGen-iPhoneSESecondGen', 'iPadProSecondGen-iPadProSecondGen', 'iPadProSecondGenCellular-iPadProSecondGenCellular', 'iPadProFourthGen-iPadProFourthGen', 'iPadProFourthGenCellular-iPadProFourthGenCellular', 'iPhone12Mini-iPhone12Mini', 'iPhone12-iPhone12', 'iPhone12Pro-iPhone12Pro', 'iPhone12ProMax-iPhone12ProMax', 'iPadAir4-iPadAir4', 'iPadAir4Cellular-iPadAir4Cellular', 'iPadEighthGen-iPadEighthGen', 'iPadEighthGenCellular-iPadEighthGenCellular', 'iPadProThirdGen-iPadProThirdGen', 'iPadProThirdGenCellular-iPadProThirdGenCellular', 'iPadProFifthGen-iPadProFifthGen', 'iPadProFifthGenCellular-iPadProFifthGenCellular', 'iPhone13Pro-iPhone13Pro', 'iPhone13ProMax-iPhone13ProMax', 'iPhone13Mini-iPhone13Mini', 'iPhone13-iPhone13', 'iPadMiniSixthGen-iPadMiniSixthGen', 'iPadMiniSixthGenCellular-iPadMiniSixthGenCellular', 'iPadNinthGen-iPadNinthGen', 'iPadNinthGenCellular-iPadNinthGenCellular', 'iPhoneSEThirdGen-iPhoneSEThirdGen', 'iPadAirFifthGen-iPadAirFifthGen', 'iPadAirFifthGenCellular-iPadAirFifthGenCellular', 'iPhone14-iPhone14', 'iPhone14Plus-iPhone14Plus', 'iPhone14Pro-iPhone14Pro', 'iPhone14ProMax-iPhone14ProMax', 'iPadTenthGen-iPadTenthGen', 'iPadTenthGenCellular-iPadTenthGenCellular', 'iPadPro11FourthGen-iPadPro11FourthGen', 'iPadPro11FourthGenCellular-iPadPro11FourthGenCellular', 'iPadProSixthGen-iPadProSixthGen', 'iPadProSixthGenCellular-iPadProSixthGenCellular', 'iPhone15-iPhone15', 'iPhone15Plus-iPhone15Plus', 'iPhone15Pro-iPhone15Pro', 'iPhone15ProMax-iPhone15ProMax', 'iPadAir11M2-iPadAir11M2', 'iPadAir11M2Cellular-iPadAir11M2Cellular', 'iPadAir13M2-iPadAir13M2', 'iPadAir13M2Cellular-iPadAir13M2Cellular', 'iPadPro11M4-iPadPro11M4', 'iPadPro11M4Cellular-iPadPro11M4Cellular', 'iPadPro13M4-iPadPro13M4', 'iPadPro13M4Cellular-iPadPro13M4Cellular', 'iPhone16-iPhone16', 'iPhone16Plus-iPhone16Plus', 'iPhone16Pro-iPhone16Pro', 'iPhone16ProMax-iPhone16ProMax', 'iPadMiniA17Pro-iPadMiniA17Pro', 'iPadMiniA17ProCellular-iPadMiniA17ProCellular', 'iPhone16e-iPhone16e', 'iPadA16-iPadA16', 'iPadA16Cellular-iPadA16Cellular', 'iPadAir11M3-iPadAir11M3', 'iPadAir11M3Cellular-iPadAir11M3Cellular', 'iPadAir13M3-iPadAir13M3', 'iPadAir13M3Cellular-iPadAir13M3Cellular', 'iPhone17Pro-iPhone17Pro', 'iPhone17ProMax-iPhone17ProMax', 'iPhone17-iPhone17', 'iPhoneAir-iPhoneAir', 'iPadPro11M5-iPadPro11M5', 'iPadPro11M5Cellular-iPadPro11M5Cellular', 'iPadPro13M5-iPadPro13M5', 'iPadPro13M5Cellular-iPadPro13M5Cellular']","False","es.intelectiva.thanksGivingFrames","Intelectiva Soluciones Innovadoras Sociedad Limitada","320080896","14.0","760299566","['AR', 'CA', 'HR', 'CS', 'DA', 'NL', 'EN', 'FI', 'FR', 'DE', 'EL', 'HE', 'HI', 'HU', 'ID', 'IT', 'JA', 'KO', 'MS', 'NB', 'PL', 'PT', 'RO', 'RU', 'ZH', 'SK', 'ES', 'SV', 'TH', 'ZH', 'TR', 'UK', 'VI']","","[]","{}"
"Dança de Natal: Encare a Si Me","Maria Amparo Ricos","5.0","1","1544224627","https://apps.apple.com/br/app/dan%C3%A7a-de-natal-encare-a-si-me/id1544224627?uo=4","0.0","BRL","Grátis","Photo & Video","['Foto e vídeo', 'Entreteni\xadmento']","Escolha seu tema de Natal favorito, coloque seu rosto em um buraco e transforme-se em uma estrela dançante. Crie vídeos engraçados com sua cara engraçada!
Ah, sim! Chegou aquela época do ano e estamos de volta com novas danças e recursos incríveis! O download é gratuito e transforme-se em uma estrela dançante em um vídeo personalizado de Natal e Ano Novo. Quem não gosta de um pequeno elfo dançando e cantando durante o Natal? Junte-se à tradição e celebre esta temporada de festas com vídeos engraçados de dança 3D.
COLOQUE SEU ROSTO EM PERSONAGENS DE NATAL
Tire fotos de pessoas e coloque suas cabeças em corpos de elfos, Papai Noel ou renas e depois assista-as dançar. Se você quer dar boas risadas com sua família neste Natal, confira este aplicativo. Crie um vídeo hilário de dança de elfo estrelando você, familiares (incluindo seus animais de estimação) e amigos. Substitua os rostos de elfo pelos rostos de outras pessoas ou animais de estimação. Depois que os rostos estiverem definidos, selecione um tema de dança e crie um vídeo de dança engraçado. Adicione diversão às suas festas de Natal envolvendo todos os seus amigos e parentes em uma das danças de elfos mais engraçadas que já existiram. Faça todos sorrirem e divirta-se criando sua dança personalizada.
DANCE AO ALCANCE DAS MELHORES MÚSICAS E CANÇÕES DE NATAL
Preparamos o aplicativo com as melhores músicas e canções de natal. Escolha sua música favorita em nossa biblioteca musical e crie seu GIF de saudação 3D personalizado para celebrar esta temporada de festas. Seja a estrela em dezenas de vídeos personalizados com seu rosto em elfos dançantes, Papai Noel e renas.
TEMAS ORIGINAIS
Dance em frente a enfeites de Natal, sob árvores de Natal ou ao lado de bonecos de gengibre, bonecos de neve ou renas. Torne-se a estrela do seu próprio vídeo. Coloque suas fotos nos rostos de elfos dançantes em fantasias festivas, Papai Noel e renas. Escolha uma dança que você goste e crie um vídeo exclusivo que você pode enviar para qualquer pessoa pelas redes sociais. Selecione o fundo onde você gostaria de dançar e aguarde a música ou canção de natal surpresa que vem com ele. De elfos, renas, Papai Noel a boneco de neve, encontre um tema engraçado que combine com sua celebração. Descubra os melhores temas para celebrar o Ano Novo e o Natal.
CARTÕES DE FELICITAÇÕES ANIMADOS
Crie e compartilhe mensagens de vídeo personalizadas com a magia natalina do Papai Noel. Envie saudações engraçadas para seus amigos e familiares e dê a eles motivos para sorrir. Seja a estrela dos vídeos de dança 3D mais hilários. Recorte seu rosto em uma foto no seu dispositivo e adicione-a ao aplicativo. Em seguida, escolha um tema, personalize seu avatar e... dance! Envie votos de Feliz Natal e um próspero Ano Novo. Então, o que você está esperando? Crie seu vídeo agora!
DANCE COM AMIGOS
Dance individualmente ou com mais pessoas ou animais de estimação, e prometemos que quanto mais pessoas você adicionar, mais engraçado seu vídeo ficará. Tudo o que você precisa são fotos de seus amigos e familiares e você estará pronto para dar boas risadas com seus entes queridos. Basta adicionar fotos de seus amigos e familiares e vê-los dançar músicas natalinas com você. Oferecemos muitas opções diferentes para mostrar seus passos. Escolha o tema que você gosta e coloque seu rosto em 3D nessas animações hilárias. Crie seu vídeo e compartilhe nas suas redes sociais. Faça videochamadas com seus amigos, mostre seus vídeos animados de dança e comemorem juntos com alegria! Venha dançar conosco!
COMPARTILHE NAS REDES SOCIAIS
Salve seu vídeo de dança e compartilhe nas suas redes sociais. Traga alegria aos seus vídeos de Natal com sua família ou amigos! Faça uma videochamada personalizada ou envie uma mensagem para compartilhar seus vídeos de dança com seus amigos e ver a reação deles! Compartilhe seu vídeo online, seja por e-mail, Facebook, Instagram ou simplesmente salvando-o no seu celular para enviar mensagens de texto e rir com","2020-12-11T08:00:00Z","2025-09-18T06:01:05Z","6.2","- Natal chegando!
- Atualização da biblioteca
- Bugs corrigidos","+12","[]","[]","[]","https://is1-ssl.mzstatic.com/image/thumb/Purple211/v4/d3/22/b5/d322b53c-8d00-5817-a56c-b569f040470e/AppIcon-0-0-1x_U007emarketing-0-8-0-85-220.png/512x512bb.jpg","https://is1-ssl.mzstatic.com/image/thumb/Purple211/v4/d3/22/b5/d322b53c-8d00-5817-a56c-b569f040470e/AppIcon-0-0-1x_U007emarketing-0-8-0-85-220.png/100x100bb.jpg","['iPhone5s-iPhone5s', 'iPadAir-iPadAir', 'iPadAirCellular-iPadAirCellular', 'iPadMiniRetina-iPadMiniRetina', 'iPadMiniRetinaCellular-iPadMiniRetinaCellular', 'iPhone6-iPhone6', 'iPhone6Plus-iPhone6Plus', 'iPadAir2-iPadAir2', 'iPadAir2Cellular-iPadAir2Cellular', 'iPadMini3-iPadMini3', 'iPadMini3Cellular-iPadMini3Cellular', 'iPodTouchSixthGen-iPodTouchSixthGen', 'iPhone6s-iPhone6s', 'iPhone6sPlus-iPhone6sPlus', 'iPadMini4-iPadMini4', 'iPadMini4Cellular-iPadMini4Cellular', 'iPadPro-iPadPro', 'iPadProCellular-iPadProCellular', 'iPadPro97-iPadPro97', 'iPadPro97Cellular-iPadPro97Cellular', 'iPhoneSE-iPhoneSE', 'iPhone7-iPhone7', 'iPhone7Plus-iPhone7Plus', 'iPad611-iPad611', 'iPad612-iPad612', 'iPad71-iPad71', 'iPad72-iPad72', 'iPad73-iPad73', 'iPad74-iPad74', 'iPhone8-iPhone8', 'iPhone8Plus-iPhone8Plus', 'iPhoneX-iPhoneX', 'iPad75-iPad75', 'iPad76-iPad76', 'iPhoneXS-iPhoneXS', 'iPhoneXSMax-iPhoneXSMax', 'iPhoneXR-iPhoneXR', 'iPad812-iPad812', 'iPad834-iPad834', 'iPad856-iPad856', 'iPad878-iPad878', 'iPadMini5-iPadMini5', 'iPadMini5Cellular-iPadMini5Cellular', 'iPadAir3-iPadAir3', 'iPadAir3Cellular-iPadAir3Cellular', 'iPodTouchSeventhGen-iPodTouchSeventhGen', 'iPhone11-iPhone11', 'iPhone11Pro-iPhone11Pro', 'iPadSeventhGen-iPadSeventhGen', 'iPadSeventhGenCellular-iPadSeventhGenCellular', 'iPhone11ProMax-iPhone11ProMax', 'iPhoneSESecondGen-iPhoneSESecondGen', 'iPadProSecondGen-iPadProSecondGen', 'iPadProSecondGenCellular-iPadProSecondGenCellular', 'iPadProFourthGen-iPadProFourthGen', 'iPadProFourthGenCellular-iPadProFourthGenCellular', 'iPhone12Mini-iPhone12Mini', 'iPhone12-iPhone12', 'iPhone12Pro-iPhone12Pro', 'iPhone12ProMax-iPhone12ProMax', 'iPadAir4-iPadAir4', 'iPadAir4Cellular-iPadAir4Cellular', 'iPadEighthGen-iPadEighthGen', 'iPadEighthGenCellular-iPadEighthGenCellular', 'iPadProThirdGen-iPadProThirdGen', 'iPadProThirdGenCellular-iPadProThirdGenCellular', 'iPadProFifthGen-iPadProFifthGen', 'iPadProFifthGenCellular-iPadProFifthGenCellular', 'iPhone13Pro-iPhone13Pro', 'iPhone13ProMax-iPhone13ProMax', 'iPhone13Mini-iPhone13Mini', 'iPhone13-iPhone13', 'iPadMiniSixthGen-iPadMiniSixthGen', 'iPadMiniSixthGenCellular-iPadMiniSixthGenCellular', 'iPadNinthGen-iPadNinthGen', 'iPadNinthGenCellular-iPadNinthGenCellular', 'iPhoneSEThirdGen-iPhoneSEThirdGen', 'iPadAirFifthGen-iPadAirFifthGen', 'iPadAirFifthGenCellular-iPadAirFifthGenCellular', 'iPhone14-iPhone14', 'iPhone14Plus-iPhone14Plus', 'iPhone14Pro-iPhone14Pro', 'iPhone14ProMax-iPhone14ProMax', 'iPadTenthGen-iPadTenthGen', 'iPadTenthGenCellular-iPadTenthGenCellular', 'iPadPro11FourthGen-iPadPro11FourthGen', 'iPadPro11FourthGenCellular-iPadPro11FourthGenCellular', 'iPadProSixthGen-iPadProSixthGen', 'iPadProSixthGenCellular-iPadProSixthGenCellular', 'iPhone15-iPhone15', 'iPhone15Plus-iPhone15Plus', 'iPhone15Pro-iPhone15Pro', 'iPhone15ProMax-iPhone15ProMax', 'iPadAir11M2-iPadAir11M2', 'iPadAir11M2Cellular-iPadAir11M2Cellular', 'iPadAir13M2-iPadAir13M2', 'iPadAir13M2Cellular-iPadAir13M2Cellular', 'iPadPro11M4-iPadPro11M4', 'iPadPro11M4Cellular-iPadPro11M4Cellular', 'iPadPro13M4-iPadPro13M4', 'iPadPro13M4Cellular-iPadPro13M4Cellular', 'iPhone16-iPhone16', 'iPhone16Plus-iPhone16Plus', 'iPhone16Pro-iPhone16Pro', 'iPhone16ProMax-iPhone16ProMax', 'iPadMiniA17Pro-iPadMiniA17Pro', 'iPadMiniA17ProCellular-iPadMiniA17ProCellular', 'iPhone16e-iPhone16e', 'iPadA16-iPadA16', 'iPadA16Cellular-iPadA16Cellular', 'iPadAir11M3-iPadAir11M3', 'iPadAir11M3Cellular-iPadAir11M3Cellular', 'iPadAir13M3-iPadAir13M3', 'iPadAir13M3Cellular-iPadAir13M3Cellular', 'iPhone17Pro-iPhone17Pro', 'iPhone17ProMax-iPhone17ProMax', 'iPhone17-iPhone17', 'iPhoneAir-iPhoneAir', 'iPadPro11M5-iPadPro11M5', 'iPadPro11M5Cellular-iPadPro11M5Cellular', 'iPadPro13M5-iPadPro13M5', 'iPadPro13M5Cellular-iPadPro13M5Cellular']","False","com.amparoricos.dancedance","Maria Amparo Ricos","305467392","14.0","976228483","['AR', 'CA', 'HR', 'CS', 'DA', 'NL', 'EN', 'FI', 'FR', 'DE', 'EL', 'HE', 'HI', 'HU', 'ID', 'IT', 'JA', 'KO', 'MS', 'NB', 'PL', 'PT', 'RO', 'RU', 'ZH', 'SK', 'SL', 'ES', 'SV', 'TH', 'ZH', 'TR', 'UK', 'VI']","","[]","{}"
"Feliz natal, cartão","Maria Gascon","1.0","1","1175303197","https://apps.apple.com/br/app/feliz-natal-cart%C3%A3o/id1175303197?uo=4","0.0","BRL","Grátis","Entertainment","['Entreteni\xadmento', 'Foto e vídeo']","Seja para algo tradicional ou moderno, temos um modelo de cartão de Natal personalizável para você. Nossa coleção de cartões de Natal apresenta as últimas tendências em design, além de designs clássicos que farão suas fotos favoritas de família brilharem. Crie seus próprios cartões de Natal ou Ano Novo com nossos modelos gratuitos e compartilhe o espírito da época com cartões com fotos de Natal.

Envie um cartão eletrônico em 5 idiomas diferentes para desejar um Feliz Natal aos seus amigos ou entes queridos. Escolha entre inglês, espanhol, português, alemão e francês. Deixe que um desejo de Natal ilumine o dia deles com um sorriso.

Esqueça os cartões de Natal genéricos de loja. Transforme suas fotos favoritas em um cartão personalizado que será a estrela de qualquer lareira, com nosso criador de cartões de Natal. Carregue sua foto e comece a personalizá-la.

Crie seus próprios cartões de Natal para uma experiência verdadeiramente personalizada. Os modelos de cartões com fotos são a chance perfeita de mostrar um pouco da sua personalidade e estilo. Escolha suas melhores fotos e crie uma colagem para destacar suas memórias favoritas do ano passado.
Encontre o cartão perfeito para seus entes queridos. Aproveite nossos cartões de Natal para amigos, pais, avós e entes queridos. Com uma variedade de designs disponíveis, você certamente os fará sorrir.

Espalhe a alegria do Natal e do Ano Novo nesta temporada e envie cartões de Natal artesanais exclusivos para sua família e amigos. Crie cartões personalizados em minutos. Experimente nosso aplicativo de criação de cartões e crie instantaneamente cartões com fotos, cartões postais e convites gratuitos.","2016-11-24T23:12:15Z","2025-09-10T06:28:27Z","1.5","Bibliotecas atualizadas para as versões mais recentes.

Código reorganizado e modularizado para melhor desempenho e manutenibilidade.

Pequenos bugs corrigidos.

Textos do aplicativo aprimorados e refinados.","+4","['https://is1-ssl.mzstatic.com/image/thumb/Purple128/v4/ec/8d/b2/ec8db23a-1834-305d-876d-518dfe5a90b8/pr_source.jpg/392x696bb.jpg', 'https://is1-ssl.mzstatic.com/image/thumb/Purple118/v4/65/7c/40/657c407a-38e5-9fd4-ef23-f4c28f86d287/pr_source.jpg/392x696bb.jpg', 'https://is1-ssl.mzstatic.com/image/thumb/Purple118/v4/59/40/ce/5940ceed-7323-5033-7539-217efacfe3e6/pr_source.jpg/392x696bb.jpg', 'https://is1-ssl.mzstatic.com/image/thumb/Purple128/v4/58/fe/80/58fe80ac-097b-6958-923b-cb83d34c6126/pr_source.jpg/392x696bb.jpg', 'https://is1-ssl.mzstatic.com/image/thumb/Purple128/v4/4d/48/1d/4d481dd7-b77c-2866-93db-0ce52bb27d42/pr_source.jpg/392x696bb.jpg']","['https://is1-ssl.mzstatic.com/image/thumb/Purple118/v4/51/82/5d/51825d4b-00a8-d791-e8ae-a2232a8df087/pr_source.jpg/576x768bb.jpg', 'https://is1-ssl.mzstatic.com/image/thumb/Purple118/v4/75/81/44/758144a6-5870-0887-aceb-de7d68fb2da0/pr_source.jpg/576x768bb.jpg', 'https://is1-ssl.mzstatic.com/image/thumb/Purple118/v4/97/61/1e/97611ea9-ee52-f6db-f448-3470de9bfc67/pr_source.jpg/576x768bb.jpg', 'https://is1-ssl.mzstatic.com/image/thumb/Purple118/v4/1a/ee/e5/1aeee598-bb8d-3e78-becc-a0e93c887af9/pr_source.jpg/576x768bb.jpg', 'https://is1-ssl.mzstatic.com/image/thumb/Purple118/v4/1c/2b/8e/1c2b8e28-1a2e-cbcd-0377-2748ad3bdfd2/pr_source.jpg/576x768bb.jpg']","[]","https://is1-ssl.mzstatic.com/image/thumb/Purple221/v4/b4/ec/8d/b4ec8db9-d40a-c139-2989-550acde4c9f8/AppIcon-0-0-1x_U007epad-0-1-sRGB-85-220.png/512x512bb.jpg","https://is1-ssl.mzstatic.com/image/thumb/Purple221/v4/b4/ec/8d/b4ec8db9-d40a-c139-2989-550acde4c9f8/AppIcon-0-0-1x_U007epad-0-1-sRGB-85-220.png/100x100bb.jpg","['iPhone5s-iPhone5s', 'iPadAir-iPadAir', 'iPadAirCellular-iPadAirCellular', 'iPadMiniRetina-iPadMiniRetina', 'iPadMiniRetinaCellular-iPadMiniRetinaCellular', 'iPhone6-iPhone6', 'iPhone6Plus-iPhone6Plus', 'iPadAir2-iPadAir2', 'iPadAir2Cellular-iPadAir2Cellular', 'iPadMini3-iPadMini3', 'iPadMini3Cellular-iPadMini3Cellular', 'iPodTouchSixthGen-iPodTouchSixthGen', 'iPhone6s-iPhone6s', 'iPhone6sPlus-iPhone6sPlus', 'iPadMini4-iPadMini4', 'iPadMini4Cellular-iPadMini4Cellular', 'iPadPro-iPadPro', 'iPadProCellular-iPadProCellular', 'iPadPro97-iPadPro97', 'iPadPro97Cellular-iPadPro97Cellular', 'iPhoneSE-iPhoneSE', 'iPhone7-iPhone7', 'iPhone7Plus-iPhone7Plus', 'iPad611-iPad611', 'iPad612-iPad612', 'iPad71-iPad71', 'iPad72-iPad72', 'iPad73-iPad73', 'iPad74-iPad74', 'iPhone8-iPhone8', 'iPhone8Plus-iPhone8Plus', 'iPhoneX-iPhoneX', 'iPad75-iPad75', 'iPad76-iPad76', 'iPhoneXS-iPhoneXS', 'iPhoneXSMax-iPhoneXSMax', 'iPhoneXR-iPhoneXR', 'iPad812-iPad812', 'iPad834-iPad834', 'iPad856-iPad856', 'iPad878-iPad878', 'iPadMini5-iPadMini5', 'iPadMini5Cellular-iPadMini5Cellular', 'iPadAir3-iPadAir3', 'iPadAir3Cellular-iPadAir3Cellular', 'iPodTouchSeventhGen-iPodTouchSeventhGen', 'iPhone11-iPhone11', 'iPhone11Pro-iPhone11Pro', 'iPadSeventhGen-iPadSeventhGen', 'iPadSeventhGenCellular-iPadSeventhGenCellular', 'iPhone11ProMax-iPhone11ProMax', 'iPhoneSESecondGen-iPhoneSESecondGen', 'iPadProSecondGen-iPadProSecondGen', 'iPadProSecondGenCellular-iPadProSecondGenCellular', 'iPadProFourthGen-iPadProFourthGen', 'iPadProFourthGenCellular-iPadProFourthGenCellular', 'iPhone12Mini-iPhone12Mini', 'iPhone12-iPhone12', 'iPhone12Pro-iPhone12Pro', 'iPhone12ProMax-iPhone12ProMax', 'iPadAir4-iPadAir4', 'iPadAir4Cellular-iPadAir4Cellular', 'iPadEighthGen-iPadEighthGen', 'iPadEighthGenCellular-iPadEighthGenCellular', 'iPadProThirdGen-iPadProThirdGen', 'iPadProThirdGenCellular-iPadProThirdGenCellular', 'iPadProFifthGen-iPadProFifthGen', 'iPadProFifthGenCellular-iPadProFifthGenCellular', 'iPhone13Pro-iPhone13Pro', 'iPhone13ProMax-iPhone13ProMax', 'iPhone13Mini-iPhone13Mini', 'iPhone13-iPhone13', 'iPadMiniSixthGen-iPadMiniSixthGen', 'iPadMiniSixthGenCellular-iPadMiniSixthGenCellular', 'iPadNinthGen-iPadNinthGen', 'iPadNinthGenCellular-iPadNinthGenCellular', 'iPhoneSEThirdGen-iPhoneSEThirdGen', 'iPadAirFifthGen-iPadAirFifthGen', 'iPadAirFifthGenCellular-iPadAirFifthGenCellular', 'iPhone14-iPhone14', 'iPhone14Plus-iPhone14Plus', 'iPhone14Pro-iPhone14Pro', 'iPhone14ProMax-iPhone14ProMax', 'iPadTenthGen-iPadTenthGen', 'iPadTenthGenCellular-iPadTenthGenCellular', 'iPadPro11FourthGen-iPadPro11FourthGen', 'iPadPro11FourthGenCellular-iPadPro11FourthGenCellular', 'iPadProSixthGen-iPadProSixthGen', 'iPadProSixthGenCellular-iPadProSixthGenCellular', 'iPhone15-iPhone15', 'iPhone15Plus-iPhone15Plus', 'iPhone15Pro-iPhone15Pro', 'iPhone15ProMax-iPhone15ProMax', 'iPadAir11M2-iPadAir11M2', 'iPadAir11M2Cellular-iPadAir11M2Cellular', 'iPadAir13M2-iPadAir13M2', 'iPadAir13M2Cellular-iPadAir13M2Cellular', 'iPadPro11M4-iPadPro11M4', 'iPadPro11M4Cellular-iPadPro11M4Cellular', 'iPadPro13M4-iPadPro13M4', 'iPadPro13M4Cellular-iPadPro13M4Cellular', 'iPhone16-iPhone16', 'iPhone16Plus-iPhone16Plus', 'iPhone16Pro-iPhone16Pro', 'iPhone16ProMax-iPhone16ProMax', 'iPadMiniA17Pro-iPadMiniA17Pro', 'iPadMiniA17ProCellular-iPadMiniA17ProCellular', 'iPhone16e-iPhone16e', 'iPadA16-iPadA16', 'iPadA16Cellular-iPadA16Cellular', 'iPadAir11M3-iPadAir11M3', 'iPadAir11M3Cellular-iPadAir11M3Cellular', 'iPadAir13M3-iPadAir13M3', 'iPadAir13M3Cellular-iPadAir13M3Cellular', 'iPhone17Pro-iPhone17Pro', 'iPhone17ProMax-iPhone17ProMax', 'iPhone17-iPhone17', 'iPhoneAir-iPhoneAir', 'iPadPro11M5-iPadPro11M5', 'iPadPro11M5Cellular-iPadPro11M5Cellular', 'iPadPro13M5-iPadPro13M5', 'iPadPro13M5Cellular-iPadPro13M5Cellular']","False","com.valenapps.4298feliznavidad","Maria Gascon","66761728","14.0","1265018007","['EN', 'ES']","","[]","{}"
"Yodha Meu Horóscopo","Love Astrology and Horoscope by Yodha","4.9","1478","593269461","https://apps.apple.com/br/app/yodha-meu-hor%C3%B3scopo/id593269461?uo=4","0.0","BRL","Grátis","Lifestyle","['Estilo de vida', 'Referência']","Por que se contentar com um horóscopo comum quando você pode ter acesso a verdadeiros astrólogos do Nepal? Pergunte a verdadeiros gurus tudo o que quiser!

Com o aplicativo Yodha, você desfrutará de:

• Respostas esclarecedoras. Previsões precisas estão a apenas um clique de distância. O presente e o futuro serão revelados através de um mapa natal baseado na sua data e local de nascimento únicos.

• Horóscopos informativos. Leituras regulares e inspiradoras manterão você atualizada sobre o que esperar na sua vida. Você não perderá oportunidades importantes.

• Orientação pessoal. A astrologia ajuda a olhar para o futuro. Sem a informação ou conselho certo, pode ser difícil tomar as decisões corretas.

• Astrólogos genuínos. Com acesso direto à maior equipe de gurus védicos, um serviço de qualidade é garantido.

Como funciona? Tão simples quanto deveria ser:

1. Crie um perfil de nascimento.

2. Faça uma pergunta.

3. Um astrólogo criará um mapa natal para fazer uma previsão.

4. Receba uma resposta detalhada baseada na sabedoria antiga.

Buscando insights específicos? Astrólogos profissionais podem ajudá-la com todas as dúvidas que você possa ter.

Seja sobre seu amor, conselhos de relacionamento ou compatibilidade:

- Ainda estou sozinha. Quando vou me apaixonar e me casar?

- Meu ex ainda me ama? Vamos voltar a ficar juntos em 2026?

- Ele está brincando com meus sentimentos? O que o relatório de compatibilidade diz?

Ou seu destino, planos diários:

- O que vai acontecer hoje? Como devo me preparar?

- Estou tendo dificuldades para encontrar meu propósito na vida. Qual é a minha verdadeira vocação?

- Meu signo do zodíaco sempre está correto sobre minha personalidade? Eu me comporto mais como outro signo!

Por que Védica?

A astrologia védica existe há séculos e hoje é extremamente popular no Nepal e na Índia modernos. A astrologia é uma disciplina integral de estudo relacionada à medicina e história nas universidades orientais. Todos os nossos astrólogos são profissionais selecionados com experiência e diplomas em ciência védica.

Descubra o quão precisos podem ser os horóscopos e previsões para você em 2026!

Obtenha mais opções com assinaturas. O preço e a moeda variarão de acordo com o tipo e a localização. O pagamento será cobrado na conta do iTunes. A assinatura renova automaticamente, a menos que a renovação automática seja desativada pelo menos 24 horas antes do final do período atual. A conta será cobrada pela renovação dentro de 24 horas antes do final do período atual, à taxa do plano selecionado. As assinaturas podem ser gerenciadas pelo usuário, e a renovação automática pode ser desativada acessando as configurações da conta do usuário após a compra. Qualquer parte não utilizada de um período de teste gratuito, se oferecido, será perdida quando o usuário comprar uma assinatura.

Equipe Yodha

Termos: https://yodha.app/terms
Política de Privacidade: https://yodha.app/privacy","2013-10-19T04:43:29Z","2025-12-06T15:45:48Z","25.14.4","Obrigado por escolher o Yodha!
Recebemos seus comentários e lançamos uma nova versão. A versão conta com melhorias no design.
Gostou do aplicativo? Mostre sua satisfação fazendo uma avaliação!","+17","['https://is1-ssl.mzstatic.com/image/thumb/PurpleSource112/v4/51/f9/c0/51f9c003-5762-ebcd-047a-66c68d2f1434/24a723f2-f9f6-4eb0-aff4-eab47006c2e6_PT_BR_App_Store_screenshots_5.5_LITE_1.jpg/392x696bb.jpg', 'https://is1-ssl.mzstatic.com/image/thumb/PurpleSource112/v4/76/00/ae/7600aeec-445f-0174-5f53-70215fd9a9e7/a2bc5d1e-92c4-4388-9f14-6fb67d9f3bc3_PT_BR_App_Store_screenshots_5.5_LITE_2.jpg/392x696bb.jpg', 'https://is1-ssl.mzstatic.com/image/thumb/PurpleSource122/v4/08/a9/e0/08a9e0d5-4ef5-df3f-4999-f8b6770700db/6f31fe85-b97e-4572-811b-8bc7a998b6c7_PT_BR_App_Store_screenshots_5.5_LITE_3.jpg/392x696bb.jpg', 'https://is1-ssl.mzstatic.com/image/thumb/PurpleSource122/v4/cb/29/06/cb2906b8-438b-ca88-03ac-f08dd414b064/2f2731cb-7d9f-439d-a180-dc1fe7ceb5a2_PT_BR_App_Store_screenshots_5.5_LITE_4.jpg/392x696bb.jpg', 'https://is1-ssl.mzstatic.com/image/thumb/PurpleSource122/v4/c1/c8/59/c1c85948-a0ff-1875-d9f5-98eab031c7ee/2f413861-3f4f-421b-af22-de926f5d3142_PT_BR_App_Store_screenshots_5.5_LITE_5.jpg/392x696bb.jpg']","['https://is1-ssl.mzstatic.com/image/thumb/Purple221/v4/ac/49/df/ac49df00-b213-767f-15f2-e699582e9f7a/258f847e-ca47-4837-860c-80a0c1844527_iOS_tablet_lite_2048_s1_EN.png/552x414bb.png', 'https://is1-ssl.mzstatic.com/image/thumb/Purple211/v4/66/a5/df/66a5dfbb-8999-5452-70af-e2c0dcfca4fd/e192c723-ba53-47a0-801c-50954b63f00a_iOS_tablet_lite_2048_s2_EN.png/552x414bb.png', 'https://is1-ssl.mzstatic.com/image/thumb/Purple221/v4/e2/f3/d1/e2f3d128-da48-6e6a-8719-31860e40d5f0/b2cef89d-eed6-482c-8f72-624fad47f9af_iOS_tablet_lite_2048_s3_EN.png/552x414bb.png', 'https://is1-ssl.mzstatic.com/image/thumb/Purple221/v4/ca/9b/28/ca9b2885-ac8e-b88f-eeb3-735751c752a7/7af1730f-92e6-4f86-994d-d45b952956b5_iOS_tablet_lite_2048_s4_EN.png/552x414bb.png']","[]","https://is1-ssl.mzstatic.com/image/thumb/Purple211/v4/f4/31/36/f4313617-e52d-1ab1-f59d-4fd7ad22568c/AppIcon-0-0-1x_U007epad-0-1-0-sRGB-85-220.png/512x512bb.jpg","https://is1-ssl.mzstatic.com/image/thumb/Purple211/v4/f4/31/36/f4313617-e52d-1ab1-f59d-4fd7ad22568c/AppIcon-0-0-1x_U007epad-0-1-0-sRGB-85-220.png/100x100bb.jpg","['iPhone5s-iPhone5s', 'iPadAir-iPadAir', 'iPadAirCellular-iPadAirCellular', 'iPadMiniRetina-iPadMiniRetina', 'iPadMiniRetinaCellular-iPadMiniRetinaCellular', 'iPhone6-iPhone6', 'iPhone6Plus-iPhone6Plus', 'iPadAir2-iPadAir2', 'iPadAir2Cellular-iPadAir2Cellular', 'iPadMini3-iPadMini3', 'iPadMini3Cellular-iPadMini3Cellular', 'iPodTouchSixthGen-iPodTouchSixthGen', 'iPhone6s-iPhone6s', 'iPhone6sPlus-iPhone6sPlus', 'iPadMini4-iPadMini4', 'iPadMini4Cellular-iPadMini4Cellular', 'iPadPro-iPadPro', 'iPadProCellular-iPadProCellular', 'iPadPro97-iPadPro97', 'iPadPro97Cellular-iPadPro97Cellular', 'iPhoneSE-iPhoneSE', 'iPhone7-iPhone7', 'iPhone7Plus-iPhone7Plus', 'iPad611-iPad611', 'iPad612-iPad612', 'iPad71-iPad71', 'iPad72-iPad72', 'iPad73-iPad73', 'iPad74-iPad74', 'iPhone8-iPhone8', 'iPhone8Plus-iPhone8Plus', 'iPhoneX-iPhoneX', 'iPad75-iPad75', 'iPad76-iPad76', 'iPhoneXS-iPhoneXS', 'iPhoneXSMax-iPhoneXSMax', 'iPhoneXR-iPhoneXR', 'iPad812-iPad812', 'iPad834-iPad834', 'iPad856-iPad856', 'iPad878-iPad878', 'iPadMini5-iPadMini5', 'iPadMini5Cellular-iPadMini5Cellular', 'iPadAir3-iPadAir3', 'iPadAir3Cellular-iPadAir3Cellular', 'iPodTouchSeventhGen-iPodTouchSeventhGen', 'iPhone11-iPhone11', 'iPhone11Pro-iPhone11Pro', 'iPadSeventhGen-iPadSeventhGen', 'iPadSeventhGenCellular-iPadSeventhGenCellular', 'iPhone11ProMax-iPhone11ProMax', 'iPhoneSESecondGen-iPhoneSESecondGen', 'iPadProSecondGen-iPadProSecondGen', 'iPadProSecondGenCellular-iPadProSecondGenCellular', 'iPadProFourthGen-iPadProFourthGen', 'iPadProFourthGenCellular-iPadProFourthGenCellular', 'iPhone12Mini-iPhone12Mini', 'iPhone12-iPhone12', 'iPhone12Pro-iPhone12Pro', 'iPhone12ProMax-iPhone12ProMax', 'iPadAir4-iPadAir4', 'iPadAir4Cellular-iPadAir4Cellular', 'iPadEighthGen-iPadEighthGen', 'iPadEighthGenCellular-iPadEighthGenCellular', 'iPadProThirdGen-iPadProThirdGen', 'iPadProThirdGenCellular-iPadProThirdGenCellular', 'iPadProFifthGen-iPadProFifthGen', 'iPadProFifthGenCellular-iPadProFifthGenCellular', 'iPhone13Pro-iPhone13Pro', 'iPhone13ProMax-iPhone13ProMax', 'iPhone13Mini-iPhone13Mini', 'iPhone13-iPhone13', 'iPadMiniSixthGen-iPadMiniSixthGen', 'iPadMiniSixthGenCellular-iPadMiniSixthGenCellular', 'iPadNinthGen-iPadNinthGen', 'iPadNinthGenCellular-iPadNinthGenCellular', 'iPhoneSEThirdGen-iPhoneSEThirdGen', 'iPadAirFifthGen-iPadAirFifthGen', 'iPadAirFifthGenCellular-iPadAirFifthGenCellular', 'iPhone14-iPhone14', 'iPhone14Plus-iPhone14Plus', 'iPhone14Pro-iPhone14Pro', 'iPhone14ProMax-iPhone14ProMax', 'iPadTenthGen-iPadTenthGen', 'iPadTenthGenCellular-iPadTenthGenCellular', 'iPadPro11FourthGen-iPadPro11FourthGen', 'iPadPro11FourthGenCellular-iPadPro11FourthGenCellular', 'iPadProSixthGen-iPadProSixthGen', 'iPadProSixthGenCellular-iPadProSixthGenCellular', 'iPhone15-iPhone15', 'iPhone15Plus-iPhone15Plus', 'iPhone15Pro-iPhone15Pro', 'iPhone15ProMax-iPhone15ProMax', 'iPadAir11M2-iPadAir11M2', 'iPadAir11M2Cellular-iPadAir11M2Cellular', 'iPadAir13M2-iPadAir13M2', 'iPadAir13M2Cellular-iPadAir13M2Cellular', 'iPadPro11M4-iPadPro11M4', 'iPadPro11M4Cellular-iPadPro11M4Cellular', 'iPadPro13M4-iPadPro13M4', 'iPadPro13M4Cellular-iPadPro13M4Cellular', 'iPhone16-iPhone16', 'iPhone16Plus-iPhone16Plus', 'iPhone16Pro-iPhone16Pro', 'iPhone16ProMax-iPhone16ProMax', 'iPadMiniA17Pro-iPadMiniA17Pro', 'iPadMiniA17ProCellular-iPadMiniA17ProCellular', 'iPhone16e-iPhone16e', 'iPadA16-iPadA16', 'iPadA16Cellular-iPadA16Cellular', 'iPadAir11M3-iPadAir11M3', 'iPadAir11M3Cellular-iPadAir11M3Cellular', 'iPadAir13M3-iPadAir13M3', 'iPadAir13M3Cellular-iPadAir13M3Cellular', 'iPhone17Pro-iPhone17Pro', 'iPhone17ProMax-iPhone17ProMax', 'iPhone17-iPhone17', 'iPhoneAir-iPhoneAir', 'iPadPro11M5-iPadPro11M5', 'iPadPro11M5Cellular-iPadPro11M5Cellular', 'iPadPro13M5-iPadPro13M5', 'iPadPro13M5Cellular-iPadPro13M5Cellular']","False","com.pocketastrologer.pocketastrologertest","APPBULBY LIMITED","89230336","16.0","1670913618","['BN', 'HR', 'CS', 'NL', 'EN', 'FR', 'DE', 'HI', 'HU', 'ID', 'IT', 'JA', 'KO', 'MS', 'PL', 'PT', 'RO', 'RU', 'ZH', 'ES', 'TH', 'TR', 'VI']","","[]","{}"
"Horóscopo e Astrologia Futuro","Future Labs","4.9","18","1518456947","https://apps.apple.com/br/app/hor%C3%B3scopo-e-astrologia-futuro/id1518456947?uo=4","0.0","BRL","Grátis","Lifestyle","['Estilo de vida', 'Entreteni\xadmento']","O melhor app de Horóscopo e Astrologia para iPhone aprovado pelos principais astrólogos
Nosso app de Horóscopo e Astrologia vai te ajudar a se entender melhor, bem como as personalidades de outras pessoas.

-- CARACTERÍSTICAS DE HORÓSCOPO E ASTROLOGIA --
- Horóscopo diário: selecione seu signo do zodíaco e receba uma descrição extremamente precisa do seu horóscopo diário (de hoje e de amanhã), mensal e anual.
- Compatibilidade personalizada: descubra se você e o seu crush ou parceiro são almas gêmeas, melhores amigos ou se têm tudo para dar errado.
- Leitura das mãos: escaneie a palma da sua mão e receba uma análise em tempo real das principais linhas da sua palma.
- Cupido de celebridades: selecione seu herói ou heroína e receba um relatório de compatibilidade amorosa com base na sua carta natal.
- Biorritmo: receba uma previsão exata das suas capacidades emocionais, físicas e intelectuais.
- Numerologia: encontre o Número do seu Caminho de Vida, Número de Nascimento, Ano Pessoal e mais.


Se estiver com alguma dificuldade com o app, é só nos contatar pelo e-mail hello@thehoroscope.app que ficaremos felizes em ajudar.

UNLIMITED PREMIUM SUBSCRIPTION

- You can subscribe for Future Premium to access all features and content offered within Future app.

- Unless you cancel at least 24 hours before the end of the free trial, you will be automaticly charged the price indicated on the payment screen and/or Apple's payment pop up screen for the selected subscription period.

- Subscriptions are billed weekly, monthly or annually at the rate selected, depending on the subscription plan.

- The account will be charged for renewal within 24-hours before the end of the current period, and identify the cost of the renewal.

- Subscriptions may be managed by the user and auto-renewal may be turned off by going to the user's Apple Account Settings after purchase.

- No cancellation of the current subscription is allowed during an active subscription period.

- Private Policy - https://www.thehoroscope.app/privacy/

- Terms of Use - https://www.thehoroscope.app/terms/","2020-08-16T07:00:00Z","2025-10-25T15:06:37Z","6.0","*Ready for 2026?
Your new yearly horoscope has arrived! Get personalized insights for love, money, and happiness — all with a refreshed, smoother app experience.","+4","['https://is1-ssl.mzstatic.com/image/thumb/PurpleSource124/v4/14/dc/b6/14dcb697-439c-3920-200a-51b0bca86257/44dfaf10-7027-4db2-be78-fb2297590456_Simulator_Screen_Shot_-_iPhone_8_Plus_-_2020-08-12_at_18.09.40.png/392x696bb.png', 'https://is1-ssl.mzstatic.com/image/thumb/PurpleSource124/v4/88/de/38/88de38f9-5c41-1985-bb1f-01e0718e1288/acba3f31-93d4-4a71-a7c9-0f770fc72e9f_Simulator_Screen_Shot_-_iPhone_8_Plus_-_2020-08-12_at_18.09.49.png/392x696bb.png', 'https://is1-ssl.mzstatic.com/image/thumb/PurpleSource124/v4/f9/44/44/f94444a2-2001-4bed-ede6-fc52b2597b91/819e7abe-8665-4864-8168-9a95cb0ece3a_Simulator_Screen_Shot_-_iPhone_8_Plus_-_2020-08-12_at_18.09.55.png/392x696bb.png', 'https://is1-ssl.mzstatic.com/image/thumb/PurpleSource114/v4/cd/20/72/cd207259-dbe5-e1e5-6933-4bcabe3b7205/130e0d53-ec9d-4458-82e0-301756509918_Simulator_Screen_Shot_-_iPhone_8_Plus_-_2020-08-12_at_18.09.44.png/392x696bb.png', 'https://is1-ssl.mzstatic.com/image/thumb/PurpleSource124/v4/9a/0a/9f/9a0a9fd2-6c72-7582-c96d-19941baa4090/2f1ec1a0-6a76-457c-84e3-ed77819c926d_Simulator_Screen_Shot_-_iPhone_8_Plus_-_2020-08-12_at_18.10.01.png/392x696bb.png']","['https://is1-ssl.mzstatic.com/image/thumb/PurpleSource114/v4/23/97/23/23972346-cc7f-4efb-ca02-e40ad5c50764/30e18745-fe59-45ea-9a15-12b7c1df6e2a_Simulator_Screen_Shot_-_iPad_Pro__U002812.9-inch_U0029__U00284th_generation_U0029_-_2020-08-12_at_18.13.34.png/576x768bb.png', 'https://is1-ssl.mzstatic.com/image/thumb/PurpleSource124/v4/75/90/02/759002fc-8698-29ca-b160-4690a1a8604e/8179a1e7-3384-449d-b95a-2297e4057fc7_Simulator_Screen_Shot_-_iPad_Pro__U002812.9-inch_U0029__U00284th_generation_U0029_-_2020-08-12_at_18.13.42.png/576x768bb.png', 'https://is1-ssl.mzstatic.com/image/thumb/PurpleSource114/v4/f4/34/1c/f4341cc2-2cb3-d61e-7045-cda0d4b23955/dc884423-cea5-4aae-9a06-e01d27f7f211_Simulator_Screen_Shot_-_iPad_Pro__U002812.9-inch_U0029__U00284th_generation_U0029_-_2020-08-12_at_18.13.45.png/576x768bb.png', 'https://is1-ssl.mzstatic.com/image/thumb/PurpleSource114/v4/50/ed/d0/50edd048-60c1-fdf6-ae21-8c78003cb454/f095ae97-b8a3-441b-a552-14906ad129bc_Simulator_Screen_Shot_-_iPad_Pro__U002812.9-inch_U0029__U00284th_generation_U0029_-_2020-08-12_at_18.13.39.png/576x768bb.png', 'https://is1-ssl.mzstatic.com/image/thumb/PurpleSource114/v4/61/94/f2/6194f290-7186-170c-aead-5cffef079a25/eef1199d-f46b-44ef-bf15-fc3f2a38566c_Simulator_Screen_Shot_-_iPad_Pro__U002812.9-inch_U0029__U00284th_generation_U0029_-_2020-08-12_at_18.13.52.png/576x768bb.png']","[]","https://is1-ssl.mzstatic.com/image/thumb/Purple221/v4/66/2d/f4/662df427-b747-9d9e-52bb-cd9714f31100/AppIcon-0-0-1x_U007emarketing-0-11-0-sRGB-85-220.png/512x512bb.jpg","https://is1-ssl.mzstatic.com/image/thumb/Purple221/v4/66/2d/f4/662df427-b747-9d9e-52bb-cd9714f31100/AppIcon-0-0-1x_U007emarketing-0-11-0-sRGB-85-220.png/100x100bb.jpg","['iPhone5s-iPhone5s', 'iPadAir-iPadAir', 'iPadAirCellular-iPadAirCellular', 'iPadMiniRetina-iPadMiniRetina', 'iPadMiniRetinaCellular-iPadMiniRetinaCellular', 'iPhone6-iPhone6', 'iPhone6Plus-iPhone6Plus', 'iPadAir2-iPadAir2', 'iPadAir2Cellular-iPadAir2Cellular', 'iPadMini3-iPadMini3', 'iPadMini3Cellular-iPadMini3Cellular', 'iPodTouchSixthGen-iPodTouchSixthGen', 'iPhone6s-iPhone6s', 'iPhone6sPlus-iPhone6sPlus', 'iPadMini4-iPadMini4', 'iPadMini4Cellular-iPadMini4Cellular', 'iPadPro-iPadPro', 'iPadProCellular-iPadProCellular', 'iPadPro97-iPadPro97', 'iPadPro97Cellular-iPadPro97Cellular', 'iPhoneSE-iPhoneSE', 'iPhone7-iPhone7', 'iPhone7Plus-iPhone7Plus', 'iPad611-iPad611', 'iPad612-iPad612', 'iPad71-iPad71', 'iPad72-iPad72', 'iPad73-iPad73', 'iPad74-iPad74', 'iPhone8-iPhone8', 'iPhone8Plus-iPhone8Plus', 'iPhoneX-iPhoneX', 'iPad75-iPad75', 'iPad76-iPad76', 'iPhoneXS-iPhoneXS', 'iPhoneXSMax-iPhoneXSMax', 'iPhoneXR-iPhoneXR', 'iPad812-iPad812', 'iPad834-iPad834', 'iPad856-iPad856', 'iPad878-iPad878', 'iPadMini5-iPadMini5', 'iPadMini5Cellular-iPadMini5Cellular', 'iPadAir3-iPadAir3', 'iPadAir3Cellular-iPadAir3Cellular', 'iPodTouchSeventhGen-iPodTouchSeventhGen', 'iPhone11-iPhone11', 'iPhone11Pro-iPhone11Pro', 'iPadSeventhGen-iPadSeventhGen', 'iPadSeventhGenCellular-iPadSeventhGenCellular', 'iPhone11ProMax-iPhone11ProMax', 'iPhoneSESecondGen-iPhoneSESecondGen', 'iPadProSecondGen-iPadProSecondGen', 'iPadProSecondGenCellular-iPadProSecondGenCellular', 'iPadProFourthGen-iPadProFourthGen', 'iPadProFourthGenCellular-iPadProFourthGenCellular', 'iPhone12Mini-iPhone12Mini', 'iPhone12-iPhone12', 'iPhone12Pro-iPhone12Pro', 'iPhone12ProMax-iPhone12ProMax', 'iPadAir4-iPadAir4', 'iPadAir4Cellular-iPadAir4Cellular', 'iPadEighthGen-iPadEighthGen', 'iPadEighthGenCellular-iPadEighthGenCellular', 'iPadProThirdGen-iPadProThirdGen', 'iPadProThirdGenCellular-iPadProThirdGenCellular', 'iPadProFifthGen-iPadProFifthGen', 'iPadProFifthGenCellular-iPadProFifthGenCellular', 'iPhone13Pro-iPhone13Pro', 'iPhone13ProMax-iPhone13ProMax', 'iPhone13Mini-iPhone13Mini', 'iPhone13-iPhone13', 'iPadMiniSixthGen-iPadMiniSixthGen', 'iPadMiniSixthGenCellular-iPadMiniSixthGenCellular', 'iPadNinthGen-iPadNinthGen', 'iPadNinthGenCellular-iPadNinthGenCellular', 'iPhoneSEThirdGen-iPhoneSEThirdGen', 'iPadAirFifthGen-iPadAirFifthGen', 'iPadAirFifthGenCellular-iPadAirFifthGenCellular', 'iPhone14-iPhone14', 'iPhone14Plus-iPhone14Plus', 'iPhone14Pro-iPhone14Pro', 'iPhone14ProMax-iPhone14ProMax', 'iPadTenthGen-iPadTenthGen', 'iPadTenthGenCellular-iPadTenthGenCellular', 'iPadPro11FourthGen-iPadPro11FourthGen', 'iPadPro11FourthGenCellular-iPadPro11FourthGenCellular', 'iPadProSixthGen-iPadProSixthGen', 'iPadProSixthGenCellular-iPadProSixthGenCellular', 'iPhone15-iPhone15', 'iPhone15Plus-iPhone15Plus', 'iPhone15Pro-iPhone15Pro', 'iPhone15ProMax-iPhone15ProMax', 'iPadAir11M2-iPadAir11M2', 'iPadAir11M2Cellular-iPadAir11M2Cellular', 'iPadAir13M2-iPadAir13M2', 'iPadAir13M2Cellular-iPadAir13M2Cellular', 'iPadPro11M4-iPadPro11M4', 'iPadPro11M4Cellular-iPadPro11M4Cellular', 'iPadPro13M4-iPadPro13M4', 'iPadPro13M4Cellular-iPadPro13M4Cellular', 'iPhone16-iPhone16', 'iPhone16Plus-iPhone16Plus', 'iPhone16Pro-iPhone16Pro', 'iPhone16ProMax-iPhone16ProMax', 'iPadMiniA17Pro-iPadMiniA17Pro', 'iPadMiniA17ProCellular-iPadMiniA17ProCellular', 'iPhone16e-iPhone16e', 'iPadA16-iPadA16', 'iPadA16Cellular-iPadA16Cellular', 'iPadAir11M3-iPadAir11M3', 'iPadAir11M3Cellular-iPadAir11M3Cellular', 'iPadAir13M3-iPadAir13M3', 'iPadAir13M3Cellular-iPadAir13M3Cellular', 'iPhone17Pro-iPhone17Pro', 'iPhone17ProMax-iPhone17ProMax', 'iPhone17-iPhone17', 'iPhoneAir-iPhoneAir', 'iPadPro11M5-iPadPro11M5', 'iPadPro11M5Cellular-iPadPro11M5Cellular', 'iPadPro13M5-iPadPro13M5', 'iPadPro13M5Cellular-iPadPro13M5Cellular']","False","palmistry.astrology.horoscope","Life Story LTD","78126080","14.0","1518456946","['AR', 'DA', 'NL', 'EN', 'FI', 'FR', 'DE', 'EL', 'HE', 'HI', 'ID', 'IT', 'JA', 'KO', 'MS', 'NB', 'PT', 'RU', 'ZH', 'ES', 'SV', 'TH', 'ZH', 'TR']","","[]","{}"
"AstroClub - Mapa astral & taro","Luni","4.9","2364","1436937231","https://apps.apple.com/br/app/astroclub-mapa-astral-taro/id1436937231?uo=4","0.0","BRL","Grátis","Lifestyle","['Estilo de vida', 'Entreteni\xadmento']","“Adoro como ler coisas no app AstroClub parece uma conversa com sua melhor amiga”

Nós traduzimos os segredos do universo e entregamos as melhores partes pra você.

AstroClub é onde o cosmos encontra o autoconhecimento. Aqui, não apenas contamos histórias—elevamos. Mergulhe, sinta a diferença e descubra uma nova perspectiva sobre você e o mundo. Esqueça o genérico; abrace o crescimento, movido pelas estrelas.

SUA CARTA ASTROLÓGICA PESSOAL:
Já pensou em ter um badge estiloso e único que reflete quem você é? Explore motivações, forças secretas e descubra sua identidade—aprovada pelo cosmos!

HORÓSCOPO DIÁRIO COM UM TOQUE DIFERENTE:
Esqueça horóscopos sem graça. Receba ilustrações estéticas únicas do seu dia com insights sobre amor, trabalho, bem-estar e mais, embalados em um visual incrível.

VOCÊ E OS OUTROS:
Vibes diárias decodificadas. Navegue no amor e nas amizades com dicas do que fazer (e evitar).

DICAS CÓSMICAS:
Seu horóscopo também é um guia de recomendações—filmes, séries e diversão, tudo pensado no seu dia.

MAPA ASTRAL FÁCIL DE ENTENDER:
Todos os segredos astrológicos para ser sua melhor versão, explicados de forma simples.

CARTAS DE TARÔ:
Dúvidas? O universo responde. Escolha uma carta e conecte-se.

TRÂNSITOS ASTROLÓGICOS:
Decisões informadas com as atualizações mais recentes dos planetas.

FASES DA LUA, AFIRMAÇÕES & MEDITAÇÕES:
Conexão com a Lua, boosts diários e um momento zen—sempre à mão.

Assuma o controle do seu destino e desbloqueie todo o seu potencial com AstroClub. Baixe o app hoje e descubra o que as estrelas têm reservado pra você. O universo está sussurrando seu nome—você está pronta pra ouvir?

O app contém compras no aplicativo:

Acesso a conteúdos premium, como meditações, mapa astral detalhado, leituras ilimitadas de tarô, com valores que variam conforme o período de assinatura.
O pagamento será cobrado na conta do iTunes na confirmação da compra.
Termos e condições: https://www.iubenda.com/terms-and-conditions/44220384
Política de privacidade: https://www.iubenda.com/privacy-policy/84832400/legal","2018-09-24T03:20:36Z","2025-12-11T11:02:27Z","6.0.1","2026 forecast is HERE! ;)","+12","['https://is1-ssl.mzstatic.com/image/thumb/PurpleSource221/v4/b4/af/0d/b4af0d6a-8409-bc81-147c-ebcdd7da441e/638eb2c0-46ee-4d32-b6f4-f02589df8182_Intro.jpg/392x696bb.jpg', 'https://is1-ssl.mzstatic.com/image/thumb/PurpleSource211/v4/46/50/6c/46506c29-9bd0-b99d-d1d5-2799f80337bc/e8a9674f-1145-40ae-bf84-2e5e5cf23018_Birth_Chart.jpg/392x696bb.jpg', 'https://is1-ssl.mzstatic.com/image/thumb/PurpleSource211/v4/c5/a6/ce/c5a6ce38-9613-5890-3f2c-4c42449d5812/e848fb97-64c3-498c-bb8c-58e2d473bbc5_Connections.jpg/392x696bb.jpg', 'https://is1-ssl.mzstatic.com/image/thumb/PurpleSource221/v4/2b/81/c6/2b81c6e6-f388-fda3-aba8-c4d0f17a2185/37d2f1e5-f138-479f-b396-a3e5546b1de5_Chat.jpg/392x696bb.jpg', 'https://is1-ssl.mzstatic.com/image/thumb/PurpleSource221/v4/34/5a/6e/345a6e4d-91ef-aef7-a4da-d9758533814c/83fdf067-09e4-4661-8194-561a12136657_Tarot.jpg/392x696bb.jpg', 'https://is1-ssl.mzstatic.com/image/thumb/PurpleSource211/v4/0a/52/21/0a52212e-8ffc-519b-54b4-3588866162b6/32693a81-e99f-4a4c-b126-9888ed569f88_Horoscope.jpg/392x696bb.jpg', 'https://is1-ssl.mzstatic.com/image/thumb/PurpleSource211/v4/17/9d/f9/179df98c-9afd-26ce-1419-0dbed5253ac6/214c1055-68ae-4c1c-8345-231a7f57a19e_Transits.jpg/392x696bb.jpg']","[]","[]","https://is1-ssl.mzstatic.com/image/thumb/Purple221/v4/6f/55/fe/6f55fea3-9034-60ef-339f-f24770e51781/AppIcon-0-0-1x_U007ephone-0-1-0-85-220-0.png/512x512bb.jpg","https://is1-ssl.mzstatic.com/image/thumb/Purple221/v4/6f/55/fe/6f55fea3-9034-60ef-339f-f24770e51781/AppIcon-0-0-1x_U007ephone-0-1-0-85-220-0.png/100x100bb.jpg","['iPhone5s-iPhone5s', 'iPadAir-iPadAir', 'iPadAirCellular-iPadAirCellular', 'iPadMiniRetina-iPadMiniRetina', 'iPadMiniRetinaCellular-iPadMiniRetinaCellular', 'iPhone6-iPhone6', 'iPhone6Plus-iPhone6Plus', 'iPadAir2-iPadAir2', 'iPadAir2Cellular-iPadAir2Cellular', 'iPadMini3-iPadMini3', 'iPadMini3Cellular-iPadMini3Cellular', 'iPodTouchSixthGen-iPodTouchSixthGen', 'iPhone6s-iPhone6s', 'iPhone6sPlus-iPhone6sPlus', 'iPadMini4-iPadMini4', 'iPadMini4Cellular-iPadMini4Cellular', 'iPadPro-iPadPro', 'iPadProCellular-iPadProCellular', 'iPadPro97-iPadPro97', 'iPadPro97Cellular-iPadPro97Cellular', 'iPhoneSE-iPhoneSE', 'iPhone7-iPhone7', 'iPhone7Plus-iPhone7Plus', 'iPad611-iPad611', 'iPad612-iPad612', 'iPad71-iPad71', 'iPad72-iPad72', 'iPad73-iPad73', 'iPad74-iPad74', 'iPhone8-iPhone8', 'iPhone8Plus-iPhone8Plus', 'iPhoneX-iPhoneX', 'iPad75-iPad75', 'iPad76-iPad76', 'iPhoneXS-iPhoneXS', 'iPhoneXSMax-iPhoneXSMax', 'iPhoneXR-iPhoneXR', 'iPad812-iPad812', 'iPad834-iPad834', 'iPad856-iPad856', 'iPad878-iPad878', 'iPadMini5-iPadMini5', 'iPadMini5Cellular-iPadMini5Cellular', 'iPadAir3-iPadAir3', 'iPadAir3Cellular-iPadAir3Cellular', 'iPodTouchSeventhGen-iPodTouchSeventhGen', 'iPhone11-iPhone11', 'iPhone11Pro-iPhone11Pro', 'iPadSeventhGen-iPadSeventhGen', 'iPadSeventhGenCellular-iPadSeventhGenCellular', 'iPhone11ProMax-iPhone11ProMax', 'iPhoneSESecondGen-iPhoneSESecondGen', 'iPadProSecondGen-iPadProSecondGen', 'iPadProSecondGenCellular-iPadProSecondGenCellular', 'iPadProFourthGen-iPadProFourthGen', 'iPadProFourthGenCellular-iPadProFourthGenCellular', 'iPhone12Mini-iPhone12Mini', 'iPhone12-iPhone12', 'iPhone12Pro-iPhone12Pro', 'iPhone12ProMax-iPhone12ProMax', 'iPadAir4-iPadAir4', 'iPadAir4Cellular-iPadAir4Cellular', 'iPadEighthGen-iPadEighthGen', 'iPadEighthGenCellular-iPadEighthGenCellular', 'iPadProThirdGen-iPadProThirdGen', 'iPadProThirdGenCellular-iPadProThirdGenCellular', 'iPadProFifthGen-iPadProFifthGen', 'iPadProFifthGenCellular-iPadProFifthGenCellular', 'iPhone13Pro-iPhone13Pro', 'iPhone13ProMax-iPhone13ProMax', 'iPhone13Mini-iPhone13Mini', 'iPhone13-iPhone13', 'iPadMiniSixthGen-iPadMiniSixthGen', 'iPadMiniSixthGenCellular-iPadMiniSixthGenCellular', 'iPadNinthGen-iPadNinthGen', 'iPadNinthGenCellular-iPadNinthGenCellular', 'iPhoneSEThirdGen-iPhoneSEThirdGen', 'iPadAirFifthGen-iPadAirFifthGen', 'iPadAirFifthGenCellular-iPadAirFifthGenCellular', 'iPhone14-iPhone14', 'iPhone14Plus-iPhone14Plus', 'iPhone14Pro-iPhone14Pro', 'iPhone14ProMax-iPhone14ProMax', 'iPadTenthGen-iPadTenthGen', 'iPadTenthGenCellular-iPadTenthGenCellular', 'iPadPro11FourthGen-iPadPro11FourthGen', 'iPadPro11FourthGenCellular-iPadPro11FourthGenCellular', 'iPadProSixthGen-iPadProSixthGen', 'iPadProSixthGenCellular-iPadProSixthGenCellular', 'iPhone15-iPhone15', 'iPhone15Plus-iPhone15Plus', 'iPhone15Pro-iPhone15Pro', 'iPhone15ProMax-iPhone15ProMax', 'iPadAir11M2-iPadAir11M2', 'iPadAir11M2Cellular-iPadAir11M2Cellular', 'iPadAir13M2-iPadAir13M2', 'iPadAir13M2Cellular-iPadAir13M2Cellular', 'iPadPro11M4-iPadPro11M4', 'iPadPro11M4Cellular-iPadPro11M4Cellular', 'iPadPro13M4-iPadPro13M4', 'iPadPro13M4Cellular-iPadPro13M4Cellular', 'iPhone16-iPhone16', 'iPhone16Plus-iPhone16Plus', 'iPhone16Pro-iPhone16Pro', 'iPhone16ProMax-iPhone16ProMax', 'iPadMiniA17Pro-iPadMiniA17Pro', 'iPadMiniA17ProCellular-iPadMiniA17ProCellular', 'iPhone16e-iPhone16e', 'iPadA16-iPadA16', 'iPadA16Cellular-iPadA16Cellular', 'iPadAir11M3-iPadAir11M3', 'iPadAir11M3Cellular-iPadAir11M3Cellular', 'iPadAir13M3-iPadAir13M3', 'iPadAir13M3Cellular-iPadAir13M3Cellular', 'iPhone17Pro-iPhone17Pro', 'iPhone17ProMax-iPhone17ProMax', 'iPhone17-iPhone17', 'iPhoneAir-iPhoneAir', 'iPadPro11M5-iPadPro11M5', 'iPadPro11M5Cellular-iPadPro11M5Cellular', 'iPadPro13M5-iPadPro13M5', 'iPadPro13M5Cellular-iPadPro13M5Cellular']","False","com.Libra-Horoscope","Luni","190204928","16.0","1274051421","['EN', 'PT']","","[]","{}"
"Desejos de Natal e Ano Novo","Landay Apps","","0","1180597798","https://apps.apple.com/br/app/desejos-de-natal-e-ano-novo/id1180597798?uo=4","0.0","BRL","Grátis","Entertainment","['Entreteni\xadmento', 'Foto e vídeo']","Uma coleção de molduras para familiares e amigos celebrarem o Feliz Natal e o Feliz Ano Novo
Uma coleção de molduras para familiares e amigos celebrarem o Feliz Natal e o Feliz Ano Novo com nosso novo aplicativo de molduras! As molduras de Natal ou Ano Novo mais bonitas e divertidas com os personagens típicos e queridos do Natal: Papai Noel e suas renas com a árvore de Natal e a estrela ou o boneco de neve e o biscoito de gengibre com sinos e renas trazendo presentes na véspera de Natal. Você pode criar colagens e montagens de fotos ou simplesmente emoldurar suas fotos com nosso editor de fotos intuitivo.
Edite suas fotos de amigos ou familiares e emoldure-as com nossa incrível coleção de molduras de Natal e Ano Novo, projetada para você nesta temporada de festas. Você pode criar belas fotos para amor, amizade, família ou assuntos pessoais. Com este editor de fotos, você tem muitas opções e lindas molduras de Natal e Ano Novo com belas imagens de inverno, neve, boneco de neve, Papai Noel e renas. Oferecemos uma grande coleção de modelos de fotos para emoldurar as fotos das suas boas lembranças.
E o Ano Novo também está chegando, tempo de muita diversão e presentes. É a época do ano para alegria e felicidade. Baixe e compartilhe as melhores molduras de Natal e Ano Novo com seus amigos e parentes e espalhe a alegria. Em nosso aplicativo, você encontra as melhores fotos e molduras de Ano Novo e Natal para seus amigos e familiares. Se quiser compartilhar sua alegria e felicidade, pode usar nossas molduras de Natal e Ano Novo; confira nossa coleção de mensagens de Natal para se inspirar.
Os melhores e mais exclusivos estilos que podem ser usados ​​para espalhar amor no Natal estão em nosso aplicativo gratuito. Você pode compartilhar nossas molduras de Natal e Ano Novo gratuitas em suas redes sociais ou por e-mail.
Você pode baixar uma versão sem anúncios.","2016-12-04T16:08:46Z","2025-09-15T06:34:40Z","1.5","Bibliotecas atualizadas para as versões mais recentes.

Código reorganizado e modularizado para melhor desempenho e manutenibilidade.

Pequenos bugs corrigidos.

Textos do aplicativo aprimorados e refinados.","+4","['https://is1-ssl.mzstatic.com/image/thumb/PurpleSource116/v4/88/96/f6/8896f654-af39-f39c-b84d-3250b44ea87c/0517b1e1-bd73-49f5-b9a6-9e09e6f8034d_6plus_1.jpg/392x696bb.jpg', 'https://is1-ssl.mzstatic.com/image/thumb/PurpleSource126/v4/c3/40/b0/c340b068-4f6d-aaa3-1fdd-d10a1f2a2938/165852df-2930-4f59-a221-6ad78cae95b7_6plus_2.jpg/392x696bb.jpg', 'https://is1-ssl.mzstatic.com/image/thumb/PurpleSource126/v4/17/ce/7c/17ce7c10-9f2f-e2b2-efc9-7dd2f327391d/1d4a6eb2-6b84-46b2-b8e5-fc4fd6181030_6plus_3.jpg/392x696bb.jpg', 'https://is1-ssl.mzstatic.com/image/thumb/PurpleSource116/v4/44/f6/16/44f61662-19cb-007c-0b6c-a541174a6139/134ffeae-42cd-4179-9d7f-c562bc422659_6plus_4.jpg/392x696bb.jpg', 'https://is1-ssl.mzstatic.com/image/thumb/PurpleSource126/v4/a8/13/28/a8132856-6611-7068-bce0-7acdf393c1e2/567df047-cf48-4293-841f-2952c1416d46_6plus_5.jpg/392x696bb.jpg']","['https://is1-ssl.mzstatic.com/image/thumb/PurpleSource126/v4/f7/df/21/f7df212b-d3dd-b465-8a5f-6075b41a3eb4/064d8fc6-7458-4ce5-80dc-a288921f111d_iPad_1.jpg/576x768bb.jpg', 'https://is1-ssl.mzstatic.com/image/thumb/PurpleSource116/v4/ef/f2/83/eff283b8-e4c3-5efc-cb22-6f45fbbabce3/aeb99b1c-f71f-425a-9e07-9fdded6d815d_iPad_2.jpg/576x768bb.jpg', 'https://is1-ssl.mzstatic.com/image/thumb/PurpleSource126/v4/a4/71/76/a47176b1-16d1-e0af-daea-c8e7221c3e81/5cdedd9e-ec68-4f0e-bf59-c960892c2593_iPad_3.jpg/576x768bb.jpg', 'https://is1-ssl.mzstatic.com/image/thumb/PurpleSource116/v4/91/e6/35/91e63512-4d29-8304-9cac-ad919640179c/c53e3387-104e-4994-b5f6-567faf10ed6b_iPad_4.jpg/576x768bb.jpg', 'https://is1-ssl.mzstatic.com/image/thumb/PurpleSource126/v4/4c/6e/23/4c6e23e8-8acd-bdc2-a3ef-4ae883ef95a6/387b3c55-6d63-42ad-8a42-a809ed82573a_iPad_5.jpg/576x768bb.jpg']","[]","https://is1-ssl.mzstatic.com/image/thumb/Purple221/v4/4b/ff/75/4bff7545-db9a-dd31-a48e-530bd5af0950/AppIcon-0-0-1x_U007epad-0-1-sRGB-85-220.png/512x512bb.jpg","https://is1-ssl.mzstatic.com/image/thumb/Purple221/v4/4b/ff/75/4bff7545-db9a-dd31-a48e-530bd5af0950/AppIcon-0-0-1x_U007epad-0-1-sRGB-85-220.png/100x100bb.jpg","['iPhone5s-iPhone5s', 'iPadAir-iPadAir', 'iPadAirCellular-iPadAirCellular', 'iPadMiniRetina-iPadMiniRetina', 'iPadMiniRetinaCellular-iPadMiniRetinaCellular', 'iPhone6-iPhone6', 'iPhone6Plus-iPhone6Plus', 'iPadAir2-iPadAir2', 'iPadAir2Cellular-iPadAir2Cellular', 'iPadMini3-iPadMini3', 'iPadMini3Cellular-iPadMini3Cellular', 'iPodTouchSixthGen-iPodTouchSixthGen', 'iPhone6s-iPhone6s', 'iPhone6sPlus-iPhone6sPlus', 'iPadMini4-iPadMini4', 'iPadMini4Cellular-iPadMini4Cellular', 'iPadPro-iPadPro', 'iPadProCellular-iPadProCellular', 'iPadPro97-iPadPro97', 'iPadPro97Cellular-iPadPro97Cellular', 'iPhoneSE-iPhoneSE', 'iPhone7-iPhone7', 'iPhone7Plus-iPhone7Plus', 'iPad611-iPad611', 'iPad612-iPad612', 'iPad71-iPad71', 'iPad72-iPad72', 'iPad73-iPad73', 'iPad74-iPad74', 'iPhone8-iPhone8', 'iPhone8Plus-iPhone8Plus', 'iPhoneX-iPhoneX', 'iPad75-iPad75', 'iPad76-iPad76', 'iPhoneXS-iPhoneXS', 'iPhoneXSMax-iPhoneXSMax', 'iPhoneXR-iPhoneXR', 'iPad812-iPad812', 'iPad834-iPad834', 'iPad856-iPad856', 'iPad878-iPad878', 'iPadMini5-iPadMini5', 'iPadMini5Cellular-iPadMini5Cellular', 'iPadAir3-iPadAir3', 'iPadAir3Cellular-iPadAir3Cellular', 'iPodTouchSeventhGen-iPodTouchSeventhGen', 'iPhone11-iPhone11', 'iPhone11Pro-iPhone11Pro', 'iPadSeventhGen-iPadSeventhGen', 'iPadSeventhGenCellular-iPadSeventhGenCellular', 'iPhone11ProMax-iPhone11ProMax', 'iPhoneSESecondGen-iPhoneSESecondGen', 'iPadProSecondGen-iPadProSecondGen', 'iPadProSecondGenCellular-iPadProSecondGenCellular', 'iPadProFourthGen-iPadProFourthGen', 'iPadProFourthGenCellular-iPadProFourthGenCellular', 'iPhone12Mini-iPhone12Mini', 'iPhone12-iPhone12', 'iPhone12Pro-iPhone12Pro', 'iPhone12ProMax-iPhone12ProMax', 'iPadAir4-iPadAir4', 'iPadAir4Cellular-iPadAir4Cellular', 'iPadEighthGen-iPadEighthGen', 'iPadEighthGenCellular-iPadEighthGenCellular', 'iPadProThirdGen-iPadProThirdGen', 'iPadProThirdGenCellular-iPadProThirdGenCellular', 'iPadProFifthGen-iPadProFifthGen', 'iPadProFifthGenCellular-iPadProFifthGenCellular', 'iPhone13Pro-iPhone13Pro', 'iPhone13ProMax-iPhone13ProMax', 'iPhone13Mini-iPhone13Mini', 'iPhone13-iPhone13', 'iPadMiniSixthGen-iPadMiniSixthGen', 'iPadMiniSixthGenCellular-iPadMiniSixthGenCellular', 'iPadNinthGen-iPadNinthGen', 'iPadNinthGenCellular-iPadNinthGenCellular', 'iPhoneSEThirdGen-iPhoneSEThirdGen', 'iPadAirFifthGen-iPadAirFifthGen', 'iPadAirFifthGenCellular-iPadAirFifthGenCellular', 'iPhone14-iPhone14', 'iPhone14Plus-iPhone14Plus', 'iPhone14Pro-iPhone14Pro', 'iPhone14ProMax-iPhone14ProMax', 'iPadTenthGen-iPadTenthGen', 'iPadTenthGenCellular-iPadTenthGenCellular', 'iPadPro11FourthGen-iPadPro11FourthGen', 'iPadPro11FourthGenCellular-iPadPro11FourthGenCellular', 'iPadProSixthGen-iPadProSixthGen', 'iPadProSixthGenCellular-iPadProSixthGenCellular', 'iPhone15-iPhone15', 'iPhone15Plus-iPhone15Plus', 'iPhone15Pro-iPhone15Pro', 'iPhone15ProMax-iPhone15ProMax', 'iPadAir11M2-iPadAir11M2', 'iPadAir11M2Cellular-iPadAir11M2Cellular', 'iPadAir13M2-iPadAir13M2', 'iPadAir13M2Cellular-iPadAir13M2Cellular', 'iPadPro11M4-iPadPro11M4', 'iPadPro11M4Cellular-iPadPro11M4Cellular', 'iPadPro13M4-iPadPro13M4', 'iPadPro13M4Cellular-iPadPro13M4Cellular', 'iPhone16-iPhone16', 'iPhone16Plus-iPhone16Plus', 'iPhone16Pro-iPhone16Pro', 'iPhone16ProMax-iPhone16ProMax', 'iPadMiniA17Pro-iPadMiniA17Pro', 'iPadMiniA17ProCellular-iPadMiniA17ProCellular', 'iPhone16e-iPhone16e', 'iPadA16-iPadA16', 'iPadA16Cellular-iPadA16Cellular', 'iPadAir11M3-iPadAir11M3', 'iPadAir11M3Cellular-iPadAir11M3Cellular', 'iPadAir13M3-iPadAir13M3', 'iPadAir13M3Cellular-iPadAir13M3Cellular', 'iPhone17Pro-iPhone17Pro', 'iPhone17ProMax-iPhone17ProMax', 'iPhone17-iPhone17', 'iPhoneAir-iPhoneAir', 'iPadPro11M5-iPadPro11M5', 'iPadPro11M5Cellular-iPadPro11M5Cellular', 'iPadPro13M5-iPadPro13M5', 'iPadPro13M5Cellular-iPadPro13M5Cellular']","False","es.meleroland.frameschristmas","Meleroland SL","106487808","14.0","975609556","['EN', 'ES']","","[]","{}"
"Saudações de Natal para compar","Maria Amparo Ricos","","0","1324660205","https://apps.apple.com/br/app/sauda%C3%A7%C3%B5es-de-natal-para-compar/id1324660205?uo=4","0.0","BRL","Grátis","Photo & Video","['Foto e vídeo', 'Utilidades']","Crie cartões animados com canções natalinas para desejar um Feliz Natal e um próspero Ano Novo.
É hora de se divertir! Esta é a maneira mais divertida de celebrar o Natal com seus entes queridos. Baixe agora e aproveite nossos cartões animados de Natal com GIFs do Papai Noel e canções natalinas.
Se você ainda não parabenizou sua família ou amigos no Natal ou Ano Novo, este aplicativo é para você. Entre as imagens mais bonitas, selecione a que você mais gosta e compartilhe com sua família e amigos. Escolha entre os cartões animados mais clássicos e cativantes e os mais engraçados destas molduras de Natal, escreva uma mensagem de texto agradável e adicione efeitos animados.
Deixe que estes cartões animados enviem desejos de Feliz Ano Novo e Feliz Natal para alguém que você ama. Deseje Feliz Natal e Boas Festas com cartões animados personalizados. Navegue pela nossa seleção, personalize sua mensagem e envie uma mensagem de Natal. Celebre a magia da estação com um cartão de Natal animado. Personalize um design e compartilhe com seus amigos! Envie um cartão animado de Natal, inverno ou Feliz Natal!
Se você gosta do aplicativo, avalie e comente para nos ajudar a melhorar!","2017-12-14T23:37:10Z","2025-10-27T07:13:34Z","1.4","Bibliotecas atualizadas","+4","['https://is1-ssl.mzstatic.com/image/thumb/PurpleSource221/v4/ae/ed/2f/aeed2fd3-da57-ece4-f5aa-e4b995274b69/34b5da8c-968b-4e66-bd57-d56af7d1abd1_iphone_1.jpg/392x696bb.jpg', 'https://is1-ssl.mzstatic.com/image/thumb/PurpleSource211/v4/92/4e/8a/924e8a74-574d-b31f-d4c5-efa7e86700cf/b1c17705-f507-4911-8b44-be0572f2465e_iphone_2.jpg/392x696bb.jpg', 'https://is1-ssl.mzstatic.com/image/thumb/PurpleSource221/v4/2c/fc/3d/2cfc3d2e-8cf2-bfab-eb1d-ecfe5cca761a/9306fe3a-6d93-4bda-972e-391ce6e2be76_iphone_3.jpg/392x696bb.jpg', 'https://is1-ssl.mzstatic.com/image/thumb/PurpleSource221/v4/67/6b/00/676b0017-a7de-1113-1e55-a110b1ad273a/d814890a-e326-4aec-9eae-1c6905858be4_iphone_4.jpg/392x696bb.jpg']","['https://is1-ssl.mzstatic.com/image/thumb/PurpleSource211/v4/a0/3f/3f/a03f3f55-fcc8-2972-8be5-e0cdfadcd0e2/c72e26ac-9ca1-4ea1-b1cc-1cc77be3b5d0_ipad_1.jpg/576x768bb.jpg', 'https://is1-ssl.mzstatic.com/image/thumb/PurpleSource221/v4/b0/ff/9a/b0ff9acf-d514-4d95-eade-a9a47376ab47/05195f35-bff0-4443-8666-d787e4a04e80_ipad_2.jpg/576x768bb.jpg', 'https://is1-ssl.mzstatic.com/image/thumb/PurpleSource221/v4/04/62/ac/0462acb5-f455-0f41-c837-ea7b21353d91/adeb942d-ac19-432a-8c22-ad572e83f35a_ipad_3.jpg/576x768bb.jpg', 'https://is1-ssl.mzstatic.com/image/thumb/PurpleSource221/v4/6a/f3/50/6af35037-41a5-aae7-d0c0-3f496e2f096d/a2ef6ed1-ba19-43c0-b18f-e185a1c293dd_ipad_4.jpg/576x768bb.jpg']","[]","https://is1-ssl.mzstatic.com/image/thumb/Purple211/v4/cb/84/dc/cb84dc16-0a1e-5ada-4f73-d0782c21f56e/AppIcon-0-0-1x_U007epad-0-1-85-220.png/512x512bb.jpg","https://is1-ssl.mzstatic.com/image/thumb/Purple211/v4/cb/84/dc/cb84dc16-0a1e-5ada-4f73-d0782c21f56e/AppIcon-0-0-1x_U007epad-0-1-85-220.png/100x100bb.jpg","['iPhone5s-iPhone5s', 'iPadAir-iPadAir', 'iPadAirCellular-iPadAirCellular', 'iPadMiniRetina-iPadMiniRetina', 'iPadMiniRetinaCellular-iPadMiniRetinaCellular', 'iPhone6-iPhone6', 'iPhone6Plus-iPhone6Plus', 'iPadAir2-iPadAir2', 'iPadAir2Cellular-iPadAir2Cellular', 'iPadMini3-iPadMini3', 'iPadMini3Cellular-iPadMini3Cellular', 'iPodTouchSixthGen-iPodTouchSixthGen', 'iPhone6s-iPhone6s', 'iPhone6sPlus-iPhone6sPlus', 'iPadMini4-iPadMini4', 'iPadMini4Cellular-iPadMini4Cellular', 'iPadPro-iPadPro', 'iPadProCellular-iPadProCellular', 'iPadPro97-iPadPro97', 'iPadPro97Cellular-iPadPro97Cellular', 'iPhoneSE-iPhoneSE', 'iPhone7-iPhone7', 'iPhone7Plus-iPhone7Plus', 'iPad611-iPad611', 'iPad612-iPad612', 'iPad71-iPad71', 'iPad72-iPad72', 'iPad73-iPad73', 'iPad74-iPad74', 'iPhone8-iPhone8', 'iPhone8Plus-iPhone8Plus', 'iPhoneX-iPhoneX', 'iPad75-iPad75', 'iPad76-iPad76', 'iPhoneXS-iPhoneXS', 'iPhoneXSMax-iPhoneXSMax', 'iPhoneXR-iPhoneXR', 'iPad812-iPad812', 'iPad834-iPad834', 'iPad856-iPad856', 'iPad878-iPad878', 'iPadMini5-iPadMini5', 'iPadMini5Cellular-iPadMini5Cellular', 'iPadAir3-iPadAir3', 'iPadAir3Cellular-iPadAir3Cellular', 'iPodTouchSeventhGen-iPodTouchSeventhGen', 'iPhone11-iPhone11', 'iPhone11Pro-iPhone11Pro', 'iPadSeventhGen-iPadSeventhGen', 'iPadSeventhGenCellular-iPadSeventhGenCellular', 'iPhone11ProMax-iPhone11ProMax', 'iPhoneSESecondGen-iPhoneSESecondGen', 'iPadProSecondGen-iPadProSecondGen', 'iPadProSecondGenCellular-iPadProSecondGenCellular', 'iPadProFourthGen-iPadProFourthGen', 'iPadProFourthGenCellular-iPadProFourthGenCellular', 'iPhone12Mini-iPhone12Mini', 'iPhone12-iPhone12', 'iPhone12Pro-iPhone12Pro', 'iPhone12ProMax-iPhone12ProMax', 'iPadAir4-iPadAir4', 'iPadAir4Cellular-iPadAir4Cellular', 'iPadEighthGen-iPadEighthGen', 'iPadEighthGenCellular-iPadEighthGenCellular', 'iPadProThirdGen-iPadProThirdGen', 'iPadProThirdGenCellular-iPadProThirdGenCellular', 'iPadProFifthGen-iPadProFifthGen', 'iPadProFifthGenCellular-iPadProFifthGenCellular', 'iPhone13Pro-iPhone13Pro', 'iPhone13ProMax-iPhone13ProMax', 'iPhone13Mini-iPhone13Mini', 'iPhone13-iPhone13', 'iPadMiniSixthGen-iPadMiniSixthGen', 'iPadMiniSixthGenCellular-iPadMiniSixthGenCellular', 'iPadNinthGen-iPadNinthGen', 'iPadNinthGenCellular-iPadNinthGenCellular', 'iPhoneSEThirdGen-iPhoneSEThirdGen', 'iPadAirFifthGen-iPadAirFifthGen', 'iPadAirFifthGenCellular-iPadAirFifthGenCellular', 'iPhone14-iPhone14', 'iPhone14Plus-iPhone14Plus', 'iPhone14Pro-iPhone14Pro', 'iPhone14ProMax-iPhone14ProMax', 'iPadTenthGen-iPadTenthGen', 'iPadTenthGenCellular-iPadTenthGenCellular', 'iPadPro11FourthGen-iPadPro11FourthGen', 'iPadPro11FourthGenCellular-iPadPro11FourthGenCellular', 'iPadProSixthGen-iPadProSixthGen', 'iPadProSixthGenCellular-iPadProSixthGenCellular', 'iPhone15-iPhone15', 'iPhone15Plus-iPhone15Plus', 'iPhone15Pro-iPhone15Pro', 'iPhone15ProMax-iPhone15ProMax', 'iPadAir11M2-iPadAir11M2', 'iPadAir11M2Cellular-iPadAir11M2Cellular', 'iPadAir13M2-iPadAir13M2', 'iPadAir13M2Cellular-iPadAir13M2Cellular', 'iPadPro11M4-iPadPro11M4', 'iPadPro11M4Cellular-iPadPro11M4Cellular', 'iPadPro13M4-iPadPro13M4', 'iPadPro13M4Cellular-iPadPro13M4Cellular', 'iPhone16-iPhone16', 'iPhone16Plus-iPhone16Plus', 'iPhone16Pro-iPhone16Pro', 'iPhone16ProMax-iPhone16ProMax', 'iPadMiniA17Pro-iPadMiniA17Pro', 'iPadMiniA17ProCellular-iPadMiniA17ProCellular', 'iPhone16e-iPhone16e', 'iPadA16-iPadA16', 'iPadA16Cellular-iPadA16Cellular', 'iPadAir11M3-iPadAir11M3', 'iPadAir11M3Cellular-iPadAir11M3Cellular', 'iPadAir13M3-iPadAir13M3', 'iPadAir13M3Cellular-iPadAir13M3Cellular', 'iPhone17Pro-iPhone17Pro', 'iPhone17ProMax-iPhone17ProMax', 'iPhone17-iPhone17', 'iPhoneAir-iPhoneAir', 'iPadPro11M5-iPadPro11M5', 'iPadPro11M5Cellular-iPadPro11M5Cellular', 'iPadPro13M5-iPadPro13M5', 'iPadPro13M5Cellular-iPadPro13M5Cellular']","False","com.amparogascon.animatedXmass","Maria Amparo Ricos","50392064","14.0","976228483","['AR', 'CA', 'HR', 'CS', 'DA', 'NL', 'EN', 'FI', 'FR', 'DE', 'EL', 'HE', 'HI', 'HU', 'ID', 'IT', 'JA', 'KO', 'MS', 'NB', 'PL', 'PT', 'RO', 'RU', 'ZH', 'SK', 'SL', 'ES', 'SV', 'TH', 'ZH', 'TR', 'UK', 'VI']","","[]","{}"
"Papai Noel Você Mesmo - Rosto","Classic fairy tales Interactive book for kids","5.0","1","1318265671","https://apps.apple.com/br/app/papai-noel-voc%C3%AA-mesmo-rosto/id1318265671?uo=4","0.0","BRL","Grátis","Photo & Video","['Foto e vídeo', 'Entreteni\xadmento']","Você está pronto para viver o espírito natalino? Adora dançar com os elfos e o Papai Noel? Coloque um modelo 3D do seu rosto nos personagens natalinos e dance seus passos engraçados.

Escolha seu cenário favorito, coloque seu rosto em um buraco e transforme-se em um personagem animado em GIF. Crie vídeos engraçados com seu rosto!
Não perca as animações de Ação de Graças! Encontre nossas animações de Peru de Ação de Graças com a Dança de Natal. Comemore o Ano Novo de 2020 com os passos de dança mais engraçados! Veja o Peru de Ação de Graças dançando os passos de dança de Natal mais engraçados para celebrar o Ano Novo.

Baixe agora e experimente as animações mais hilárias com seu rosto! Encontre um cenário engraçado que combine com você; use nossa ferramenta de montagem de rosto para colocar seu rosto em outro corpo facilmente. Coloque seu rosto nas animações e crie instantaneamente videoclipes curtos para compartilhar com seus amigos.

Seja qual for o seu tipo de dançarino, provavelmente você encontrará um passo de dança engraçado que combine com sua celebração de Ano Novo. Coloque um modelo 3D do seu rosto nos elfos ou no peru de Ação de Graças, confira a lista de danças alegres no aplicativo, crie seu vídeo de Natal personalizado e alegre suas comemorações de Natal com sua família ou amigos!

Tire uma foto do seu rosto. Coloque-a no elfo. Descubra várias danças engraçadas. Selecione entre vários fundos originais. Use a câmera em tempo real para executar seus passos de dança onde quiser. Grave seu personagem dançando e compartilhe.","2017-11-30T23:38:36Z","2025-08-08T06:12:00Z","3.2","- Atualização da biblioteca 
- Bugs corrigidos","+12","[]","[]","[]","https://is1-ssl.mzstatic.com/image/thumb/Purple211/v4/63/bb/42/63bb429d-f3ef-fa5b-c056-884d0ea02800/AppIcon-0-0-1x_U007emarketing-0-8-0-85-220.png/512x512bb.jpg","https://is1-ssl.mzstatic.com/image/thumb/Purple211/v4/63/bb/42/63bb429d-f3ef-fa5b-c056-884d0ea02800/AppIcon-0-0-1x_U007emarketing-0-8-0-85-220.png/100x100bb.jpg","['iPhone5s-iPhone5s', 'iPadAir-iPadAir', 'iPadAirCellular-iPadAirCellular', 'iPadMiniRetina-iPadMiniRetina', 'iPadMiniRetinaCellular-iPadMiniRetinaCellular', 'iPhone6-iPhone6', 'iPhone6Plus-iPhone6Plus', 'iPadAir2-iPadAir2', 'iPadAir2Cellular-iPadAir2Cellular', 'iPadMini3-iPadMini3', 'iPadMini3Cellular-iPadMini3Cellular', 'iPodTouchSixthGen-iPodTouchSixthGen', 'iPhone6s-iPhone6s', 'iPhone6sPlus-iPhone6sPlus', 'iPadMini4-iPadMini4', 'iPadMini4Cellular-iPadMini4Cellular', 'iPadPro-iPadPro', 'iPadProCellular-iPadProCellular', 'iPadPro97-iPadPro97', 'iPadPro97Cellular-iPadPro97Cellular', 'iPhoneSE-iPhoneSE', 'iPhone7-iPhone7', 'iPhone7Plus-iPhone7Plus', 'iPad611-iPad611', 'iPad612-iPad612', 'iPad71-iPad71', 'iPad72-iPad72', 'iPad73-iPad73', 'iPad74-iPad74', 'iPhone8-iPhone8', 'iPhone8Plus-iPhone8Plus', 'iPhoneX-iPhoneX', 'iPad75-iPad75', 'iPad76-iPad76', 'iPhoneXS-iPhoneXS', 'iPhoneXSMax-iPhoneXSMax', 'iPhoneXR-iPhoneXR', 'iPad812-iPad812', 'iPad834-iPad834', 'iPad856-iPad856', 'iPad878-iPad878', 'iPadMini5-iPadMini5', 'iPadMini5Cellular-iPadMini5Cellular', 'iPadAir3-iPadAir3', 'iPadAir3Cellular-iPadAir3Cellular', 'iPodTouchSeventhGen-iPodTouchSeventhGen', 'iPhone11-iPhone11', 'iPhone11Pro-iPhone11Pro', 'iPadSeventhGen-iPadSeventhGen', 'iPadSeventhGenCellular-iPadSeventhGenCellular', 'iPhone11ProMax-iPhone11ProMax', 'iPhoneSESecondGen-iPhoneSESecondGen', 'iPadProSecondGen-iPadProSecondGen', 'iPadProSecondGenCellular-iPadProSecondGenCellular', 'iPadProFourthGen-iPadProFourthGen', 'iPadProFourthGenCellular-iPadProFourthGenCellular', 'iPhone12Mini-iPhone12Mini', 'iPhone12-iPhone12', 'iPhone12Pro-iPhone12Pro', 'iPhone12ProMax-iPhone12ProMax', 'iPadAir4-iPadAir4', 'iPadAir4Cellular-iPadAir4Cellular', 'iPadEighthGen-iPadEighthGen', 'iPadEighthGenCellular-iPadEighthGenCellular', 'iPadProThirdGen-iPadProThirdGen', 'iPadProThirdGenCellular-iPadProThirdGenCellular', 'iPadProFifthGen-iPadProFifthGen', 'iPadProFifthGenCellular-iPadProFifthGenCellular', 'iPhone13Pro-iPhone13Pro', 'iPhone13ProMax-iPhone13ProMax', 'iPhone13Mini-iPhone13Mini', 'iPhone13-iPhone13', 'iPadMiniSixthGen-iPadMiniSixthGen', 'iPadMiniSixthGenCellular-iPadMiniSixthGenCellular', 'iPadNinthGen-iPadNinthGen', 'iPadNinthGenCellular-iPadNinthGenCellular', 'iPhoneSEThirdGen-iPhoneSEThirdGen', 'iPadAirFifthGen-iPadAirFifthGen', 'iPadAirFifthGenCellular-iPadAirFifthGenCellular', 'iPhone14-iPhone14', 'iPhone14Plus-iPhone14Plus', 'iPhone14Pro-iPhone14Pro', 'iPhone14ProMax-iPhone14ProMax', 'iPadTenthGen-iPadTenthGen', 'iPadTenthGenCellular-iPadTenthGenCellular', 'iPadPro11FourthGen-iPadPro11FourthGen', 'iPadPro11FourthGenCellular-iPadPro11FourthGenCellular', 'iPadProSixthGen-iPadProSixthGen', 'iPadProSixthGenCellular-iPadProSixthGenCellular', 'iPhone15-iPhone15', 'iPhone15Plus-iPhone15Plus', 'iPhone15Pro-iPhone15Pro', 'iPhone15ProMax-iPhone15ProMax', 'iPadAir11M2-iPadAir11M2', 'iPadAir11M2Cellular-iPadAir11M2Cellular', 'iPadAir13M2-iPadAir13M2', 'iPadAir13M2Cellular-iPadAir13M2Cellular', 'iPadPro11M4-iPadPro11M4', 'iPadPro11M4Cellular-iPadPro11M4Cellular', 'iPadPro13M4-iPadPro13M4', 'iPadPro13M4Cellular-iPadPro13M4Cellular', 'iPhone16-iPhone16', 'iPhone16Plus-iPhone16Plus', 'iPhone16Pro-iPhone16Pro', 'iPhone16ProMax-iPhone16ProMax', 'iPadMiniA17Pro-iPadMiniA17Pro', 'iPadMiniA17ProCellular-iPadMiniA17ProCellular', 'iPhone16e-iPhone16e', 'iPadA16-iPadA16', 'iPadA16Cellular-iPadA16Cellular', 'iPadAir11M3-iPadAir11M3', 'iPadAir11M3Cellular-iPadAir11M3Cellular', 'iPadAir13M3-iPadAir13M3', 'iPadAir13M3Cellular-iPadAir13M3Cellular', 'iPhone17Pro-iPhone17Pro', 'iPhone17ProMax-iPhone17ProMax', 'iPhone17-iPhone17', 'iPhoneAir-iPhoneAir', 'iPadPro11M5-iPadPro11M5', 'iPadPro11M5Cellular-iPadPro11M5Cellular', 'iPadPro13M5-iPadPro13M5', 'iPadPro13M5Cellular-iPadPro13M5Cellular']","False","com.alexzaballos.SantaYourself","CAPONE GAMES SOCIEDAD LIMITADA","172413952","14.0","1094181272","['AR', 'CA', 'HR', 'CS', 'DA', 'NL', 'EN', 'FI', 'FR', 'DE', 'EL', 'HE', 'HI', 'HU', 'ID', 'IT', 'JA', 'KO', 'MS', 'NB', 'PL', 'PT', 'RO', 'RU', 'ZH', 'SK', 'ES', 'SV', 'TH', 'ZH', 'TR', 'UK', 'VI']","","[]","{}"
"Astrolis Horoscopes & Tarot","Horoscopes & Astrology","5.0","51","528953759","https://apps.apple.com/br/app/astrolis-horoscopes-tarot/id528953759?uo=4","0.0","BRL","Grátis","Lifestyle","['Estilo de vida', 'Entreteni\xadmento']","Discover Your Unique Birth Chart and Daily Horoscope
Using the precise moment of your birth, the Astrolis app delivers highly accurate, personalized astrology charts and horoscopes crafted by professional astrologers. Explore your Sun, Moon, and Rising signs, and understand how planetary positions shape your personality and life journey.

Personal Transits
Get insights into how current planetary movements are affecting you specifically. Our personalized transit forecast helps you understand the influence of each planet on your unique chart, providing guidance on career opportunities, love life developments, and personal growth. Navigate the ebbs and flows of life with accurate, up-to-date transit interpretations.

All Zodiac Signs in One Place
Curious about the horoscopes for other signs? Effortlessly navigate through all 12 zodiac signs — Aries, Taurus, Gemini, Cancer, Leo, Virgo, Libra, Scorpio, Sagittarius, Capricorn, Aquarius, and Pisces — for comprehensive daily insights.

Daily Tarot Card Readings
Gain clarity each day with a new three-card tarot reading. Shuffle the deck, select your cards, and reveal insights into your past, present, and future. Tarot readings help you understand your current situation and guide you through future events.

Romantic Compatibility Insights
Wondering about your love connections? Your daily forecast reveals which zodiac sign you are most compatible with today. You can also explore compatibility between any two signs, giving you a deeper understanding of your relationships.

Astrology Calendar
View the important upcoming celestial events and never miss an important transit again with our Astrology Calendar feature.

Current Planetary Positions
Stay up-to-date with the real-time positions of all the planets and key astrological points. Discover how each celestial body is shaping the energy around you right now.

Chinese Horoscopes
Discover your Chinese zodiac sign and element, and access your weekly and yearly horoscopes based on the lunar calendar for additional insights into your destiny.

Daily Outlook Ratings
Need a quick summary of your day? Our simple 5-star rating system provides instant insights into key areas of your life—money, energy, love, and mood—so you can plan your day with confidence. 

Terms of Use
https://www.astrolis.com/terms

Privacy Policy
https://www.astrolis.com/privacy","2012-05-26T01:23:49Z","2025-11-23T22:13:25Z","7.0.1","This update adds personal daily transits. To make feature requests or report bugs, please use the in-app contact form.","+4","[]","[]","[]","https://is1-ssl.mzstatic.com/image/thumb/Purple221/v4/12/52/00/125200ff-a6c1-15d3-c11f-747452bf8d0e/AppIcon-0-0-1x_U007epad-0-1-85-220.png/512x512bb.jpg","https://is1-ssl.mzstatic.com/image/thumb/Purple221/v4/12/52/00/125200ff-a6c1-15d3-c11f-747452bf8d0e/AppIcon-0-0-1x_U007epad-0-1-85-220.png/100x100bb.jpg","['iPhone5s-iPhone5s', 'iPadAir-iPadAir', 'iPadAirCellular-iPadAirCellular', 'iPadMiniRetina-iPadMiniRetina', 'iPadMiniRetinaCellular-iPadMiniRetinaCellular', 'iPhone6-iPhone6', 'iPhone6Plus-iPhone6Plus', 'iPadAir2-iPadAir2', 'iPadAir2Cellular-iPadAir2Cellular', 'iPadMini3-iPadMini3', 'iPadMini3Cellular-iPadMini3Cellular', 'iPodTouchSixthGen-iPodTouchSixthGen', 'iPhone6s-iPhone6s', 'iPhone6sPlus-iPhone6sPlus', 'iPadMini4-iPadMini4', 'iPadMini4Cellular-iPadMini4Cellular', 'iPadPro-iPadPro', 'iPadProCellular-iPadProCellular', 'iPadPro97-iPadPro97', 'iPadPro97Cellular-iPadPro97Cellular', 'iPhoneSE-iPhoneSE', 'iPhone7-iPhone7', 'iPhone7Plus-iPhone7Plus', 'iPad611-iPad611', 'iPad612-iPad612', 'iPad71-iPad71', 'iPad72-iPad72', 'iPad73-iPad73', 'iPad74-iPad74', 'iPhone8-iPhone8', 'iPhone8Plus-iPhone8Plus', 'iPhoneX-iPhoneX', 'iPad75-iPad75', 'iPad76-iPad76', 'iPhoneXS-iPhoneXS', 'iPhoneXSMax-iPhoneXSMax', 'iPhoneXR-iPhoneXR', 'iPad812-iPad812', 'iPad834-iPad834', 'iPad856-iPad856', 'iPad878-iPad878', 'iPadMini5-iPadMini5', 'iPadMini5Cellular-iPadMini5Cellular', 'iPadAir3-iPadAir3', 'iPadAir3Cellular-iPadAir3Cellular', 'iPodTouchSeventhGen-iPodTouchSeventhGen', 'iPhone11-iPhone11', 'iPhone11Pro-iPhone11Pro', 'iPadSeventhGen-iPadSeventhGen', 'iPadSeventhGenCellular-iPadSeventhGenCellular', 'iPhone11ProMax-iPhone11ProMax', 'iPhoneSESecondGen-iPhoneSESecondGen', 'iPadProSecondGen-iPadProSecondGen', 'iPadProSecondGenCellular-iPadProSecondGenCellular', 'iPadProFourthGen-iPadProFourthGen', 'iPadProFourthGenCellular-iPadProFourthGenCellular', 'iPhone12Mini-iPhone12Mini', 'iPhone12-iPhone12', 'iPhone12Pro-iPhone12Pro', 'iPhone12ProMax-iPhone12ProMax', 'iPadAir4-iPadAir4', 'iPadAir4Cellular-iPadAir4Cellular', 'iPadEighthGen-iPadEighthGen', 'iPadEighthGenCellular-iPadEighthGenCellular', 'iPadProThirdGen-iPadProThirdGen', 'iPadProThirdGenCellular-iPadProThirdGenCellular', 'iPadProFifthGen-iPadProFifthGen', 'iPadProFifthGenCellular-iPadProFifthGenCellular', 'iPhone13Pro-iPhone13Pro', 'iPhone13ProMax-iPhone13ProMax', 'iPhone13Mini-iPhone13Mini', 'iPhone13-iPhone13', 'iPadMiniSixthGen-iPadMiniSixthGen', 'iPadMiniSixthGenCellular-iPadMiniSixthGenCellular', 'iPadNinthGen-iPadNinthGen', 'iPadNinthGenCellular-iPadNinthGenCellular', 'iPhoneSEThirdGen-iPhoneSEThirdGen', 'iPadAirFifthGen-iPadAirFifthGen', 'iPadAirFifthGenCellular-iPadAirFifthGenCellular', 'iPhone14-iPhone14', 'iPhone14Plus-iPhone14Plus', 'iPhone14Pro-iPhone14Pro', 'iPhone14ProMax-iPhone14ProMax', 'iPadTenthGen-iPadTenthGen', 'iPadTenthGenCellular-iPadTenthGenCellular', 'iPadPro11FourthGen-iPadPro11FourthGen', 'iPadPro11FourthGenCellular-iPadPro11FourthGenCellular', 'iPadProSixthGen-iPadProSixthGen', 'iPadProSixthGenCellular-iPadProSixthGenCellular', 'iPhone15-iPhone15', 'iPhone15Plus-iPhone15Plus', 'iPhone15Pro-iPhone15Pro', 'iPhone15ProMax-iPhone15ProMax', 'iPadAir11M2-iPadAir11M2', 'iPadAir11M2Cellular-iPadAir11M2Cellular', 'iPadAir13M2-iPadAir13M2', 'iPadAir13M2Cellular-iPadAir13M2Cellular', 'iPadPro11M4-iPadPro11M4', 'iPadPro11M4Cellular-iPadPro11M4Cellular', 'iPadPro13M4-iPadPro13M4', 'iPadPro13M4Cellular-iPadPro13M4Cellular', 'iPhone16-iPhone16', 'iPhone16Plus-iPhone16Plus', 'iPhone16Pro-iPhone16Pro', 'iPhone16ProMax-iPhone16ProMax', 'iPadMiniA17Pro-iPadMiniA17Pro', 'iPadMiniA17ProCellular-iPadMiniA17ProCellular', 'iPhone16e-iPhone16e', 'iPadA16-iPadA16', 'iPadA16Cellular-iPadA16Cellular', 'iPadAir11M3-iPadAir11M3', 'iPadAir11M3Cellular-iPadAir11M3Cellular', 'iPadAir13M3-iPadAir13M3', 'iPadAir13M3Cellular-iPadAir13M3Cellular', 'iPhone17Pro-iPhone17Pro', 'iPhone17ProMax-iPhone17ProMax', 'iPhone17-iPhone17', 'iPhoneAir-iPhoneAir', 'iPadPro11M5-iPadPro11M5', 'iPadPro11M5Cellular-iPadPro11M5Cellular', 'iPadPro13M5-iPadPro13M5', 'iPadPro13M5Cellular-iPadPro13M5Cellular']","False","com.astrolis.Horoscope","Assorted Media Inc","73255936","14.0","330025379","['EN', 'FR', 'DE', 'IT', 'PT', 'ES']","","[]","{}"
"Aplicativo Dancing Elf na prat","Marta Gimeno","3.5","2","1442200669","https://apps.apple.com/br/app/aplicativo-dancing-elf-na-prat/id1442200669?uo=4","0.0","BRL","Grátis","Photo & Video","['Foto e vídeo', 'Entreteni\xadmento']","Você está pronto para viver o espírito natalino? Adora dançar com os elfos do Papai Noel? Coloque um modelo 3D do seu rosto nos elfos e dance seus passos engraçados.
Baixe agora e transforme-se em um elfo dançarino para suas comemorações de Natal e Ano Novo. Esta tradição anual de fim de ano permitirá que você se torne a estrela da dança em um vídeo natalino personalizado. Você pode dançar sozinho, com seus amigos ou com sua namorada ou namorado. Envie fotos suas ou de amigos, familiares e muito mais. Selecione o melhor tema de dança e prepare-se para fazer a tradicional dança dos elfos. Traga alegria e viva o espírito natalino.
As festas de fim de ano estão chegando, e quer você esteja usando um suéter natalino feio e cantando canções de natal ou apenas animando a visita do Papai Noel, criamos o melhor aplicativo de Natal para você entrar no espírito natalino. O melhor aplicativo de dança para as festas de fim de ano chegou com ótimas danças e recursos! A tradição anual de fim de ano permite que você se transforme em um elfo e estrele uma série de vídeos personalizados com seu rosto em elfos dançantes. Carregue até três fotos de amigos ou familiares, selecione uma dança e crie seu vídeo de dança de elfo personalizado.
COLOQUE SEU ROSTO EM CORPOS DE ELFO
Tire fotos de pessoas, coloque suas cabeças em corpos de elfo e depois assista-as dançar. Se você quer dar boas risadas com sua família neste Natal, confira este aplicativo. Crie um vídeo hilário de dança de elfo estrelando você, familiares (incluindo seus animais de estimação) e amigos. Substitua os rostos de elfo por rostos de outras pessoas ou animais de estimação. Depois que os rostos estiverem definidos, selecione um tema de dança e crie um vídeo de dança engraçado. Adicione diversão às suas férias de Natal envolvendo todos os seus amigos e parentes em uma das danças de elfo mais engraçadas que já existiram. Faça todos sorrirem e divirta-se criando sua dança personalizada. Descubra diferentes temas, fantasias e acessórios.
DANCE COM SEUS AMIGOS
Entre na vila nevada dos ajudantes do Papai Noel e que o show comece! Junte-se aos seus amigos e familiares em uma divertida dança de elfo. Divirta-se criando uma nova dança incomum que certamente fará seus entes queridos sorrirem. Adicione até 3 dançarinos aos seus vídeos de dança de elfos. Escolha uma foto de cada um e faça-os dançar juntos. Selecione músicas da nossa biblioteca musical.
PERSONALIZE SEU DANÇARINO
Apimente suas selfies de Natal com filtros faciais divertidos, adesivos, fantasias e danças engraçadas. Adicione adesivos como chapéus de Papai Noel, orelhas de elfo, chifres de rena, barbas e muito mais ao seu rosto para trazer um sorriso ao rosto de seus entes queridos com um vídeo de saudação personalizado. Coloque seu rosto em um buraco e crie um vídeo de dança com o Papai Noel e seus elfos.
FUNDOS MÁGICOS
Seja qual for o seu tipo de dançarino, você provavelmente encontrará um passo de dança engraçado para combinar com sua celebração de Ano Novo de 2024. Coloque um modelo 3D do seu rosto nos elfos, confira a lista de danças alegres no aplicativo, crie seu vídeo de Natal personalizado e traga alegria às suas celebrações de Natal com sua família ou amigos!
Escolha seu tema favorito de dança de elfo, coloque seu rosto em um buraco e transforme-se em um elfo dançarino. Crie vídeos engraçados com a sua cara engraçada! Dance em frente a enfeites de Natal, debaixo de árvores de Natal ou ao lado de bonecos de gengibre, bonecos de neve ou renas. Torne-se a estrela do seu próprio vídeo. Coloque suas fotos nos rostos de elfos dançantes em fantasias festivas. Escolha uma dança que você goste e crie um vídeo exclusivo que você pode enviar para qualquer pessoa nas redes sociais.
SAUDAÇÕES DE NATAL ENGRAÇADAS
A tradição anual de fim de ano permite que você se transforme em um elfo e se torne a estrela de um vídeo de saudação personalizado com suas imagens de elfos dançantes natalinos. Escolha um tema de dança e clique n","2018-11-17T05:49:50Z","2025-08-26T05:49:11Z","3.2","- Atualização da biblioteca
- Bugs corrigidos","+12","[]","[]","[]","https://is1-ssl.mzstatic.com/image/thumb/Purple211/v4/49/a1/6b/49a16bf2-e347-6532-b832-4becfc55c991/AppIcon-0-0-1x_U007emarketing-0-8-0-85-220.png/512x512bb.jpg","https://is1-ssl.mzstatic.com/image/thumb/Purple211/v4/49/a1/6b/49a16bf2-e347-6532-b832-4becfc55c991/AppIcon-0-0-1x_U007emarketing-0-8-0-85-220.png/100x100bb.jpg","['iPhone5s-iPhone5s', 'iPadAir-iPadAir', 'iPadAirCellular-iPadAirCellular', 'iPadMiniRetina-iPadMiniRetina', 'iPadMiniRetinaCellular-iPadMiniRetinaCellular', 'iPhone6-iPhone6', 'iPhone6Plus-iPhone6Plus', 'iPadAir2-iPadAir2', 'iPadAir2Cellular-iPadAir2Cellular', 'iPadMini3-iPadMini3', 'iPadMini3Cellular-iPadMini3Cellular', 'iPodTouchSixthGen-iPodTouchSixthGen', 'iPhone6s-iPhone6s', 'iPhone6sPlus-iPhone6sPlus', 'iPadMini4-iPadMini4', 'iPadMini4Cellular-iPadMini4Cellular', 'iPadPro-iPadPro', 'iPadProCellular-iPadProCellular', 'iPadPro97-iPadPro97', 'iPadPro97Cellular-iPadPro97Cellular', 'iPhoneSE-iPhoneSE', 'iPhone7-iPhone7', 'iPhone7Plus-iPhone7Plus', 'iPad611-iPad611', 'iPad612-iPad612', 'iPad71-iPad71', 'iPad72-iPad72', 'iPad73-iPad73', 'iPad74-iPad74', 'iPhone8-iPhone8', 'iPhone8Plus-iPhone8Plus', 'iPhoneX-iPhoneX', 'iPad75-iPad75', 'iPad76-iPad76', 'iPhoneXS-iPhoneXS', 'iPhoneXSMax-iPhoneXSMax', 'iPhoneXR-iPhoneXR', 'iPad812-iPad812', 'iPad834-iPad834', 'iPad856-iPad856', 'iPad878-iPad878', 'iPadMini5-iPadMini5', 'iPadMini5Cellular-iPadMini5Cellular', 'iPadAir3-iPadAir3', 'iPadAir3Cellular-iPadAir3Cellular', 'iPodTouchSeventhGen-iPodTouchSeventhGen', 'iPhone11-iPhone11', 'iPhone11Pro-iPhone11Pro', 'iPadSeventhGen-iPadSeventhGen', 'iPadSeventhGenCellular-iPadSeventhGenCellular', 'iPhone11ProMax-iPhone11ProMax', 'iPhoneSESecondGen-iPhoneSESecondGen', 'iPadProSecondGen-iPadProSecondGen', 'iPadProSecondGenCellular-iPadProSecondGenCellular', 'iPadProFourthGen-iPadProFourthGen', 'iPadProFourthGenCellular-iPadProFourthGenCellular', 'iPhone12Mini-iPhone12Mini', 'iPhone12-iPhone12', 'iPhone12Pro-iPhone12Pro', 'iPhone12ProMax-iPhone12ProMax', 'iPadAir4-iPadAir4', 'iPadAir4Cellular-iPadAir4Cellular', 'iPadEighthGen-iPadEighthGen', 'iPadEighthGenCellular-iPadEighthGenCellular', 'iPadProThirdGen-iPadProThirdGen', 'iPadProThirdGenCellular-iPadProThirdGenCellular', 'iPadProFifthGen-iPadProFifthGen', 'iPadProFifthGenCellular-iPadProFifthGenCellular', 'iPhone13Pro-iPhone13Pro', 'iPhone13ProMax-iPhone13ProMax', 'iPhone13Mini-iPhone13Mini', 'iPhone13-iPhone13', 'iPadMiniSixthGen-iPadMiniSixthGen', 'iPadMiniSixthGenCellular-iPadMiniSixthGenCellular', 'iPadNinthGen-iPadNinthGen', 'iPadNinthGenCellular-iPadNinthGenCellular', 'iPhoneSEThirdGen-iPhoneSEThirdGen', 'iPadAirFifthGen-iPadAirFifthGen', 'iPadAirFifthGenCellular-iPadAirFifthGenCellular', 'iPhone14-iPhone14', 'iPhone14Plus-iPhone14Plus', 'iPhone14Pro-iPhone14Pro', 'iPhone14ProMax-iPhone14ProMax', 'iPadTenthGen-iPadTenthGen', 'iPadTenthGenCellular-iPadTenthGenCellular', 'iPadPro11FourthGen-iPadPro11FourthGen', 'iPadPro11FourthGenCellular-iPadPro11FourthGenCellular', 'iPadProSixthGen-iPadProSixthGen', 'iPadProSixthGenCellular-iPadProSixthGenCellular', 'iPhone15-iPhone15', 'iPhone15Plus-iPhone15Plus', 'iPhone15Pro-iPhone15Pro', 'iPhone15ProMax-iPhone15ProMax', 'iPadAir11M2-iPadAir11M2', 'iPadAir11M2Cellular-iPadAir11M2Cellular', 'iPadAir13M2-iPadAir13M2', 'iPadAir13M2Cellular-iPadAir13M2Cellular', 'iPadPro11M4-iPadPro11M4', 'iPadPro11M4Cellular-iPadPro11M4Cellular', 'iPadPro13M4-iPadPro13M4', 'iPadPro13M4Cellular-iPadPro13M4Cellular', 'iPhone16-iPhone16', 'iPhone16Plus-iPhone16Plus', 'iPhone16Pro-iPhone16Pro', 'iPhone16ProMax-iPhone16ProMax', 'iPadMiniA17Pro-iPadMiniA17Pro', 'iPadMiniA17ProCellular-iPadMiniA17ProCellular', 'iPhone16e-iPhone16e', 'iPadA16-iPadA16', 'iPadA16Cellular-iPadA16Cellular', 'iPadAir11M3-iPadAir11M3', 'iPadAir11M3Cellular-iPadAir11M3Cellular', 'iPadAir13M3-iPadAir13M3', 'iPadAir13M3Cellular-iPadAir13M3Cellular', 'iPhone17Pro-iPhone17Pro', 'iPhone17ProMax-iPhone17ProMax', 'iPhone17-iPhone17', 'iPhoneAir-iPhoneAir', 'iPadPro11M5-iPadPro11M5', 'iPadPro11M5Cellular-iPadPro11M5Cellular', 'iPadPro13M5-iPadPro13M5', 'iPadPro13M5Cellular-iPadPro13M5Cellular']","False","com.mcr.elfdancing","Marta Gimeno","154776576","14.0","1790414280","['AR', 'CA', 'HR', 'CS', 'DA', 'NL', 'EN', 'FI', 'FR', 'DE', 'EL', 'HE', 'HI', 'HU', 'ID', 'IT', 'JA', 'KO', 'MS', 'NB', 'PL', 'PT', 'RO', 'RU', 'ZH', 'SK', 'ES', 'SV', 'TH', 'ZH', 'TR', 'UK', 'VI']","","[]","{}"
"Editor de fotos de desejos de","Maria Melero Gonzalez Barandiaran","4.5","2","6444626912","https://apps.apple.com/br/app/editor-de-fotos-de-desejos-de/id6444626912?uo=4","0.0","BRL","Grátis","Photo & Video","['Foto e vídeo', 'Entreteni\xadmento']","Enquadre suas memórias com a nova coleção de molduras de Natal e Ano Novo. Compartilhe esses momentos especiais com familiares e amigos. 

Parabenize estas férias com as suas molduras personalizadas e decore-as ao seu gosto.

Uma forma divertida e amigável de felicitar o dia de Natal e a véspera de Natal ou a véspera de Ano Novo e o Ano Novo ou o Dia de Reis. Selecionamos molduras preciosas e lindas, para que você possa escolher a que mais gosta e compartilhar com seus entes queridos.

Os mais pequenos também vão divertir-se enviando estes cartões aos seus amigos e familiares. Com certeza será uma bela forma de os seus filhos enviarem os primeiros postais no dia de Natal de uma forma original.

Oferecemos-lhe uma grande coleção de molduras para enquadrar as imagens dos seus melhores momentos.

A forma mais alegre de enquadrar suas fotos;

• Escolha uma foto da sua galeria ou tire uma nova

• Selecione uma categoria de molduras para fotos

• Personalize seu porta-retratos adicionando mensagens usando o editor de texto

• Decore suas molduras e fotos adicionando adesivos, escolha entre uma grande variedade

• Use a ferramenta de desenho para dar o toque final às suas molduras

• Crie seu álbum personalizado

Se você gosta do aplicativo, avalie e comente para nos ajudar a melhorar.","2022-11-25T08:00:00Z","2025-11-11T06:55:44Z","1.5","- Conteúdo especial de fim de ano: Aproveite novos recursos e surpresas para a temporada festiva.

- Melhor desempenho
- Correções de bugs","+12","[]","[]","[]","https://is1-ssl.mzstatic.com/image/thumb/Purple211/v4/54/76/7d/54767dab-f33d-cf44-1652-ca3319f0dfc2/AppIcon-0-0-1x_U007epad-0-1-0-sRGB-85-220.png/512x512bb.jpg","https://is1-ssl.mzstatic.com/image/thumb/Purple211/v4/54/76/7d/54767dab-f33d-cf44-1652-ca3319f0dfc2/AppIcon-0-0-1x_U007epad-0-1-0-sRGB-85-220.png/100x100bb.jpg","['iPhone5s-iPhone5s', 'iPadAir-iPadAir', 'iPadAirCellular-iPadAirCellular', 'iPadMiniRetina-iPadMiniRetina', 'iPadMiniRetinaCellular-iPadMiniRetinaCellular', 'iPhone6-iPhone6', 'iPhone6Plus-iPhone6Plus', 'iPadAir2-iPadAir2', 'iPadAir2Cellular-iPadAir2Cellular', 'iPadMini3-iPadMini3', 'iPadMini3Cellular-iPadMini3Cellular', 'iPodTouchSixthGen-iPodTouchSixthGen', 'iPhone6s-iPhone6s', 'iPhone6sPlus-iPhone6sPlus', 'iPadMini4-iPadMini4', 'iPadMini4Cellular-iPadMini4Cellular', 'iPadPro-iPadPro', 'iPadProCellular-iPadProCellular', 'iPadPro97-iPadPro97', 'iPadPro97Cellular-iPadPro97Cellular', 'iPhoneSE-iPhoneSE', 'iPhone7-iPhone7', 'iPhone7Plus-iPhone7Plus', 'iPad611-iPad611', 'iPad612-iPad612', 'iPad71-iPad71', 'iPad72-iPad72', 'iPad73-iPad73', 'iPad74-iPad74', 'iPhone8-iPhone8', 'iPhone8Plus-iPhone8Plus', 'iPhoneX-iPhoneX', 'iPad75-iPad75', 'iPad76-iPad76', 'iPhoneXS-iPhoneXS', 'iPhoneXSMax-iPhoneXSMax', 'iPhoneXR-iPhoneXR', 'iPad812-iPad812', 'iPad834-iPad834', 'iPad856-iPad856', 'iPad878-iPad878', 'iPadMini5-iPadMini5', 'iPadMini5Cellular-iPadMini5Cellular', 'iPadAir3-iPadAir3', 'iPadAir3Cellular-iPadAir3Cellular', 'iPodTouchSeventhGen-iPodTouchSeventhGen', 'iPhone11-iPhone11', 'iPhone11Pro-iPhone11Pro', 'iPadSeventhGen-iPadSeventhGen', 'iPadSeventhGenCellular-iPadSeventhGenCellular', 'iPhone11ProMax-iPhone11ProMax', 'iPhoneSESecondGen-iPhoneSESecondGen', 'iPadProSecondGen-iPadProSecondGen', 'iPadProSecondGenCellular-iPadProSecondGenCellular', 'iPadProFourthGen-iPadProFourthGen', 'iPadProFourthGenCellular-iPadProFourthGenCellular', 'iPhone12Mini-iPhone12Mini', 'iPhone12-iPhone12', 'iPhone12Pro-iPhone12Pro', 'iPhone12ProMax-iPhone12ProMax', 'iPadAir4-iPadAir4', 'iPadAir4Cellular-iPadAir4Cellular', 'iPadEighthGen-iPadEighthGen', 'iPadEighthGenCellular-iPadEighthGenCellular', 'iPadProThirdGen-iPadProThirdGen', 'iPadProThirdGenCellular-iPadProThirdGenCellular', 'iPadProFifthGen-iPadProFifthGen', 'iPadProFifthGenCellular-iPadProFifthGenCellular', 'iPhone13Pro-iPhone13Pro', 'iPhone13ProMax-iPhone13ProMax', 'iPhone13Mini-iPhone13Mini', 'iPhone13-iPhone13', 'iPadMiniSixthGen-iPadMiniSixthGen', 'iPadMiniSixthGenCellular-iPadMiniSixthGenCellular', 'iPadNinthGen-iPadNinthGen', 'iPadNinthGenCellular-iPadNinthGenCellular', 'iPhoneSEThirdGen-iPhoneSEThirdGen', 'iPadAirFifthGen-iPadAirFifthGen', 'iPadAirFifthGenCellular-iPadAirFifthGenCellular', 'iPhone14-iPhone14', 'iPhone14Plus-iPhone14Plus', 'iPhone14Pro-iPhone14Pro', 'iPhone14ProMax-iPhone14ProMax', 'iPadTenthGen-iPadTenthGen', 'iPadTenthGenCellular-iPadTenthGenCellular', 'iPadPro11FourthGen-iPadPro11FourthGen', 'iPadPro11FourthGenCellular-iPadPro11FourthGenCellular', 'iPadProSixthGen-iPadProSixthGen', 'iPadProSixthGenCellular-iPadProSixthGenCellular', 'iPhone15-iPhone15', 'iPhone15Plus-iPhone15Plus', 'iPhone15Pro-iPhone15Pro', 'iPhone15ProMax-iPhone15ProMax', 'iPadAir11M2-iPadAir11M2', 'iPadAir11M2Cellular-iPadAir11M2Cellular', 'iPadAir13M2-iPadAir13M2', 'iPadAir13M2Cellular-iPadAir13M2Cellular', 'iPadPro11M4-iPadPro11M4', 'iPadPro11M4Cellular-iPadPro11M4Cellular', 'iPadPro13M4-iPadPro13M4', 'iPadPro13M4Cellular-iPadPro13M4Cellular', 'iPhone16-iPhone16', 'iPhone16Plus-iPhone16Plus', 'iPhone16Pro-iPhone16Pro', 'iPhone16ProMax-iPhone16ProMax', 'iPadMiniA17Pro-iPadMiniA17Pro', 'iPadMiniA17ProCellular-iPadMiniA17ProCellular', 'iPhone16e-iPhone16e', 'iPadA16-iPadA16', 'iPadA16Cellular-iPadA16Cellular', 'iPadAir11M3-iPadAir11M3', 'iPadAir11M3Cellular-iPadAir11M3Cellular', 'iPadAir13M3-iPadAir13M3', 'iPadAir13M3Cellular-iPadAir13M3Cellular', 'iPhone17Pro-iPhone17Pro', 'iPhone17ProMax-iPhone17ProMax', 'iPhone17-iPhone17', 'iPhoneAir-iPhoneAir', 'iPadPro11M5-iPadPro11M5', 'iPadPro11M5Cellular-iPadPro11M5Cellular', 'iPadPro13M5-iPadPro13M5', 'iPadPro13M5Cellular-iPadPro13M5Cellular']","False","com.cristina.marcosxmas","Maria Melero Gonzalez Barandiaran","151759872","13.0","1342106159","['AR', 'BN', 'BG', 'CA', 'HR', 'CS', 'DA', 'NL', 'EN', 'FI', 'FR', 'DE', 'EL', 'GU', 'HE', 'HI', 'HU', 'ID', 'IT', 'JA', 'KN', 'KK', 'KO', 'LT', 'MS', 'ML', 'MR', 'NB', 'OR', 'PL', 'PT', 'PA', 'RO', 'RU', 'ZH', 'SK', 'SL', 'ES', 'SV', 'TA', 'TE', 'TH', 'ZH', 'TR', 'UK', 'UR', 'VI']","","[]","{}"
"Mensagem Fale como o Papai Noe","Maria Amparo Ricos","5.0","2","6444821365","https://apps.apple.com/br/app/mensagem-fale-como-o-papai-noe/id6444821365?uo=4","0.0","BRL","Grátis","Entertainment","['Entreteni\xadmento', 'Foto e vídeo']","Alegre as festas de fim de ano para seus entes queridos com vídeos personalizados do Papai Noel e faça-os acreditar que estão falando com o próprio Papai Noel do Polo Norte. Você pode gravar o que gostaria que o Papai Noel dissesse quando chegasse à sua casa na véspera de Natal e personalizar totalmente a experiência para sua família.

O Papai Noel pode ligar por diversos motivos, perguntando se eles estão se comportando mal ou para desejar feliz aniversário, mencionando até mesmo seu nome, idade e interesses durante a ligação.
Pais, com este aplicativo vocês podem incentivar o bom comportamento o ano todo!

Aproveite a oportunidade para o Papai Noel parabenizar seu comportamento e conquistas, use seus vídeos personalizados para perguntar se eles se comportaram bem e contar sobre os presentes que receberão nas festas. Tudo o que você precisa é gravar mensagens cheias de alegria dublando vídeos hilários do Papai Noel.

Basta escolher um vídeo de Natal engraçado entre nossos modelos ou carregar um vídeo do seu dispositivo, recortá-lo, adicionar sons, personalizá-lo e você estará pronto para criar seu próprio vídeo de Natal dublado com sua mensagem pessoal.

Não é apenas um aplicativo divertido para toda a família, você também pode usar esses vídeos para pregar peças em seus amigos ou criar os cartões de Natal mais engraçados e originais.

É um aplicativo fabuloso que você pode usar para se divertir enquanto se diverte com as videochamadas simuladas no seu dispositivo. Baixe agora e interaja com o alegre Papai Noel nesta época do ano.","2022-12-03T08:00:00Z","2025-09-04T16:59:09Z","1.3","Bibliotecas atualizadas e bugs corrigidos.

Melhorias no código interno para maior estabilidade.

Textos revisados ​​e atualizados.","+4","[]","[]","[]","https://is1-ssl.mzstatic.com/image/thumb/Purple211/v4/94/de/81/94de8164-d367-439b-8325-fae5656eb802/AppIcon-0-0-1x_U007emarketing-0-7-0-sRGB-85-220.png/512x512bb.jpg","https://is1-ssl.mzstatic.com/image/thumb/Purple211/v4/94/de/81/94de8164-d367-439b-8325-fae5656eb802/AppIcon-0-0-1x_U007emarketing-0-7-0-sRGB-85-220.png/100x100bb.jpg","['iPhone5s-iPhone5s', 'iPadAir-iPadAir', 'iPadAirCellular-iPadAirCellular', 'iPadMiniRetina-iPadMiniRetina', 'iPadMiniRetinaCellular-iPadMiniRetinaCellular', 'iPhone6-iPhone6', 'iPhone6Plus-iPhone6Plus', 'iPadAir2-iPadAir2', 'iPadAir2Cellular-iPadAir2Cellular', 'iPadMini3-iPadMini3', 'iPadMini3Cellular-iPadMini3Cellular', 'iPodTouchSixthGen-iPodTouchSixthGen', 'iPhone6s-iPhone6s', 'iPhone6sPlus-iPhone6sPlus', 'iPadMini4-iPadMini4', 'iPadMini4Cellular-iPadMini4Cellular', 'iPadPro-iPadPro', 'iPadProCellular-iPadProCellular', 'iPadPro97-iPadPro97', 'iPadPro97Cellular-iPadPro97Cellular', 'iPhoneSE-iPhoneSE', 'iPhone7-iPhone7', 'iPhone7Plus-iPhone7Plus', 'iPad611-iPad611', 'iPad612-iPad612', 'iPad71-iPad71', 'iPad72-iPad72', 'iPad73-iPad73', 'iPad74-iPad74', 'iPhone8-iPhone8', 'iPhone8Plus-iPhone8Plus', 'iPhoneX-iPhoneX', 'iPad75-iPad75', 'iPad76-iPad76', 'iPhoneXS-iPhoneXS', 'iPhoneXSMax-iPhoneXSMax', 'iPhoneXR-iPhoneXR', 'iPad812-iPad812', 'iPad834-iPad834', 'iPad856-iPad856', 'iPad878-iPad878', 'iPadMini5-iPadMini5', 'iPadMini5Cellular-iPadMini5Cellular', 'iPadAir3-iPadAir3', 'iPadAir3Cellular-iPadAir3Cellular', 'iPodTouchSeventhGen-iPodTouchSeventhGen', 'iPhone11-iPhone11', 'iPhone11Pro-iPhone11Pro', 'iPadSeventhGen-iPadSeventhGen', 'iPadSeventhGenCellular-iPadSeventhGenCellular', 'iPhone11ProMax-iPhone11ProMax', 'iPhoneSESecondGen-iPhoneSESecondGen', 'iPadProSecondGen-iPadProSecondGen', 'iPadProSecondGenCellular-iPadProSecondGenCellular', 'iPadProFourthGen-iPadProFourthGen', 'iPadProFourthGenCellular-iPadProFourthGenCellular', 'iPhone12Mini-iPhone12Mini', 'iPhone12-iPhone12', 'iPhone12Pro-iPhone12Pro', 'iPhone12ProMax-iPhone12ProMax', 'iPadAir4-iPadAir4', 'iPadAir4Cellular-iPadAir4Cellular', 'iPadEighthGen-iPadEighthGen', 'iPadEighthGenCellular-iPadEighthGenCellular', 'iPadProThirdGen-iPadProThirdGen', 'iPadProThirdGenCellular-iPadProThirdGenCellular', 'iPadProFifthGen-iPadProFifthGen', 'iPadProFifthGenCellular-iPadProFifthGenCellular', 'iPhone13Pro-iPhone13Pro', 'iPhone13ProMax-iPhone13ProMax', 'iPhone13Mini-iPhone13Mini', 'iPhone13-iPhone13', 'iPadMiniSixthGen-iPadMiniSixthGen', 'iPadMiniSixthGenCellular-iPadMiniSixthGenCellular', 'iPadNinthGen-iPadNinthGen', 'iPadNinthGenCellular-iPadNinthGenCellular', 'iPhoneSEThirdGen-iPhoneSEThirdGen', 'iPadAirFifthGen-iPadAirFifthGen', 'iPadAirFifthGenCellular-iPadAirFifthGenCellular', 'iPhone14-iPhone14', 'iPhone14Plus-iPhone14Plus', 'iPhone14Pro-iPhone14Pro', 'iPhone14ProMax-iPhone14ProMax', 'iPadTenthGen-iPadTenthGen', 'iPadTenthGenCellular-iPadTenthGenCellular', 'iPadPro11FourthGen-iPadPro11FourthGen', 'iPadPro11FourthGenCellular-iPadPro11FourthGenCellular', 'iPadProSixthGen-iPadProSixthGen', 'iPadProSixthGenCellular-iPadProSixthGenCellular', 'iPhone15-iPhone15', 'iPhone15Plus-iPhone15Plus', 'iPhone15Pro-iPhone15Pro', 'iPhone15ProMax-iPhone15ProMax', 'iPadAir11M2-iPadAir11M2', 'iPadAir11M2Cellular-iPadAir11M2Cellular', 'iPadAir13M2-iPadAir13M2', 'iPadAir13M2Cellular-iPadAir13M2Cellular', 'iPadPro11M4-iPadPro11M4', 'iPadPro11M4Cellular-iPadPro11M4Cellular', 'iPadPro13M4-iPadPro13M4', 'iPadPro13M4Cellular-iPadPro13M4Cellular', 'iPhone16-iPhone16', 'iPhone16Plus-iPhone16Plus', 'iPhone16Pro-iPhone16Pro', 'iPhone16ProMax-iPhone16ProMax', 'iPadMiniA17Pro-iPadMiniA17Pro', 'iPadMiniA17ProCellular-iPadMiniA17ProCellular', 'iPhone16e-iPhone16e', 'iPadA16-iPadA16', 'iPadA16Cellular-iPadA16Cellular', 'iPadAir11M3-iPadAir11M3', 'iPadAir11M3Cellular-iPadAir11M3Cellular', 'iPadAir13M3-iPadAir13M3', 'iPadAir13M3Cellular-iPadAir13M3Cellular', 'iPhone17Pro-iPhone17Pro', 'iPhone17ProMax-iPhone17ProMax', 'iPhone17-iPhone17', 'iPhoneAir-iPhoneAir', 'iPadPro11M5-iPadPro11M5', 'iPadPro11M5Cellular-iPadPro11M5Cellular', 'iPadPro13M5-iPadPro13M5', 'iPadPro13M5Cellular-iPadPro13M5Cellular']","False","com.amparoricos.doblaje","Maria Amparo Ricos","106825728","14.0","976228483","['EN', 'ES']","","[]","{}"
"FestivAI - Editor Fotos Natal","Hasan Beyhan","","0","6754238861","https://apps.apple.com/br/app/festivai-editor-fotos-natal/id6754238861?uo=4","0.0","BRL","Grátis","Photo & Video","['Foto e vídeo', 'Entreteni\xadmento']","Liberte a sua magia natalícia com o Santa Banana! Prepare-se para 2026 transformando as suas fotos comuns em extraordinárias obras-primas de Natal e Ano Novo com o poder da IA.

Nunca foi tão fácil criar a foto de férias perfeita. O Santa Banana é o seu estúdio pessoal de IA para tudo o que é festivo.

COMO FUNCIONA:

Carregue a sua foto: Escolha uma selfie, uma foto sua e de um amigo, ou até do seu animal de estimação!

Escolha o seu estilo: Navegue pela nossa enorme biblioteca de estilos mágicos alimentados por IA. Quer ver-se como um elfo? Feito. Quer usar uma camisola festiva? Sem problema.

Gere magia: Toque no botão e veja a nossa IA criar uma obra de arte única e de alta qualidade em segundos.

EXPLORE DEZENAS DE ESTILOS FESTIVOS:

Seja festivo: Torne-se um alegre ""Elfo do Pai Natal"", use uma hilariante ""Camisola Feia de Natal"", ou veja-se em ""Retratos de Inverno"".

Seja glamoroso para 2026: Ilumine a noite com estilos ""Neon 2026"", deslumbre num vestido de ""Baile de Ano Novo"", ou seja coberto de ""Confetes"".

Seja mágico: Transporte-se para uma cena de ""Retrato Nevado"" ou saia de uma ""Caixa de Presente Surpresa"".

MAIS DO QUE APENAS UM FILTRO: Isto não é um simples filtro que apenas sobrepõe uma imagem. A nossa IA avançada gera obras de arte inteiramente novas com base nas características da sua foto. Veja pré-visualizações de vídeo deslumbrantes para cada efeito, para que saiba exatamente o que está a criar.

CARACTERÍSTICAS: Poderosa geração de fotos por IA. Dezenas de estilos únicos de Natal e Ano Novo 2026. Pré-visualizações de vídeo de alta definição para cada modelo. Interface simples e intuitiva: crie magia com apenas alguns toques. Guarde as suas criações em alta resolução. Partilhe diretamente no Instagram, TikTok, Facebook e mais. Novos estilos são adicionados semanalmente enquanto fazemos a contagem decrescente para as festas! Descarregue o Santa Banana agora e torne esta época festiva verdadeiramente inesquecível!

Os seus dados faciais e privacidade As fotos de selfie de rosto não são armazenadas nos nossos sistemas. Não retemos nem armazenamos quaisquer imagens de selfie de rosto que possa carregar ou usar dentro da aplicação. Todas essas imagens são processadas temporariamente e eliminadas automaticamente após o processamento. Isto garante que os seus dados visuais pessoais permanecem privados e nunca são armazenados nos nossos servidores.

Política de Privacidade: https://santabanana-4d47f.web.app/privacy.html Termos de Utilização: https://www.freeprivacypolicy.com/live/bc5692ae-3059-4676-b7b3-2c31b0a68394","2025-10-31T07:00:00Z","2025-12-09T12:34:59Z","1.0.3","- New effects added!","+4","[]","[]","[]","https://is1-ssl.mzstatic.com/image/thumb/Purple211/v4/ed/98/97/ed9897e6-ecba-61d5-7ca9-1eb60ea66185/AppIcon-0-0-1x_U007emarketing-0-7-0-85-220.png/512x512bb.jpg","https://is1-ssl.mzstatic.com/image/thumb/Purple211/v4/ed/98/97/ed9897e6-ecba-61d5-7ca9-1eb60ea66185/AppIcon-0-0-1x_U007emarketing-0-7-0-85-220.png/100x100bb.jpg","['iPhone5s-iPhone5s', 'iPadAir-iPadAir', 'iPadAirCellular-iPadAirCellular', 'iPadMiniRetina-iPadMiniRetina', 'iPadMiniRetinaCellular-iPadMiniRetinaCellular', 'iPhone6-iPhone6', 'iPhone6Plus-iPhone6Plus', 'iPadAir2-iPadAir2', 'iPadAir2Cellular-iPadAir2Cellular', 'iPadMini3-iPadMini3', 'iPadMini3Cellular-iPadMini3Cellular', 'iPodTouchSixthGen-iPodTouchSixthGen', 'iPhone6s-iPhone6s', 'iPhone6sPlus-iPhone6sPlus', 'iPadMini4-iPadMini4', 'iPadMini4Cellular-iPadMini4Cellular', 'iPadPro-iPadPro', 'iPadProCellular-iPadProCellular', 'iPadPro97-iPadPro97', 'iPadPro97Cellular-iPadPro97Cellular', 'iPhoneSE-iPhoneSE', 'iPhone7-iPhone7', 'iPhone7Plus-iPhone7Plus', 'iPad611-iPad611', 'iPad612-iPad612', 'iPad71-iPad71', 'iPad72-iPad72', 'iPad73-iPad73', 'iPad74-iPad74', 'iPhone8-iPhone8', 'iPhone8Plus-iPhone8Plus', 'iPhoneX-iPhoneX', 'iPad75-iPad75', 'iPad76-iPad76', 'iPhoneXS-iPhoneXS', 'iPhoneXSMax-iPhoneXSMax', 'iPhoneXR-iPhoneXR', 'iPad812-iPad812', 'iPad834-iPad834', 'iPad856-iPad856', 'iPad878-iPad878', 'iPadMini5-iPadMini5', 'iPadMini5Cellular-iPadMini5Cellular', 'iPadAir3-iPadAir3', 'iPadAir3Cellular-iPadAir3Cellular', 'iPodTouchSeventhGen-iPodTouchSeventhGen', 'iPhone11-iPhone11', 'iPhone11Pro-iPhone11Pro', 'iPadSeventhGen-iPadSeventhGen', 'iPadSeventhGenCellular-iPadSeventhGenCellular', 'iPhone11ProMax-iPhone11ProMax', 'iPhoneSESecondGen-iPhoneSESecondGen', 'iPadProSecondGen-iPadProSecondGen', 'iPadProSecondGenCellular-iPadProSecondGenCellular', 'iPadProFourthGen-iPadProFourthGen', 'iPadProFourthGenCellular-iPadProFourthGenCellular', 'iPhone12Mini-iPhone12Mini', 'iPhone12-iPhone12', 'iPhone12Pro-iPhone12Pro', 'iPhone12ProMax-iPhone12ProMax', 'iPadAir4-iPadAir4', 'iPadAir4Cellular-iPadAir4Cellular', 'iPadEighthGen-iPadEighthGen', 'iPadEighthGenCellular-iPadEighthGenCellular', 'iPadProThirdGen-iPadProThirdGen', 'iPadProThirdGenCellular-iPadProThirdGenCellular', 'iPadProFifthGen-iPadProFifthGen', 'iPadProFifthGenCellular-iPadProFifthGenCellular', 'iPhone13Pro-iPhone13Pro', 'iPhone13ProMax-iPhone13ProMax', 'iPhone13Mini-iPhone13Mini', 'iPhone13-iPhone13', 'iPadMiniSixthGen-iPadMiniSixthGen', 'iPadMiniSixthGenCellular-iPadMiniSixthGenCellular', 'iPadNinthGen-iPadNinthGen', 'iPadNinthGenCellular-iPadNinthGenCellular', 'iPhoneSEThirdGen-iPhoneSEThirdGen', 'iPadAirFifthGen-iPadAirFifthGen', 'iPadAirFifthGenCellular-iPadAirFifthGenCellular', 'iPhone14-iPhone14', 'iPhone14Plus-iPhone14Plus', 'iPhone14Pro-iPhone14Pro', 'iPhone14ProMax-iPhone14ProMax', 'iPadTenthGen-iPadTenthGen', 'iPadTenthGenCellular-iPadTenthGenCellular', 'iPadPro11FourthGen-iPadPro11FourthGen', 'iPadPro11FourthGenCellular-iPadPro11FourthGenCellular', 'iPadProSixthGen-iPadProSixthGen', 'iPadProSixthGenCellular-iPadProSixthGenCellular', 'iPhone15-iPhone15', 'iPhone15Plus-iPhone15Plus', 'iPhone15Pro-iPhone15Pro', 'iPhone15ProMax-iPhone15ProMax', 'iPadAir11M2-iPadAir11M2', 'iPadAir11M2Cellular-iPadAir11M2Cellular', 'iPadAir13M2-iPadAir13M2', 'iPadAir13M2Cellular-iPadAir13M2Cellular', 'iPadPro11M4-iPadPro11M4', 'iPadPro11M4Cellular-iPadPro11M4Cellular', 'iPadPro13M4-iPadPro13M4', 'iPadPro13M4Cellular-iPadPro13M4Cellular', 'iPhone16-iPhone16', 'iPhone16Plus-iPhone16Plus', 'iPhone16Pro-iPhone16Pro', 'iPhone16ProMax-iPhone16ProMax', 'iPadMiniA17Pro-iPadMiniA17Pro', 'iPadMiniA17ProCellular-iPadMiniA17ProCellular', 'iPhone16e-iPhone16e', 'iPadA16-iPadA16', 'iPadA16Cellular-iPadA16Cellular', 'iPadAir11M3-iPadAir11M3', 'iPadAir11M3Cellular-iPadAir11M3Cellular', 'iPadAir13M3-iPadAir13M3', 'iPadAir13M3Cellular-iPadAir13M3Cellular', 'iPhone17Pro-iPhone17Pro', 'iPhone17ProMax-iPhone17ProMax', 'iPhone17-iPhone17', 'iPhoneAir-iPhoneAir', 'iPadPro11M5-iPadPro11M5', 'iPadPro11M5Cellular-iPadPro11M5Cellular', 'iPadPro13M5-iPadPro13M5', 'iPadPro13M5Cellular-iPadPro13M5Cellular']","False","com.SantaBanana","Hasan Beyhan","113287168","15.0","1792284840","['AF', 'AK', 'SQ', 'AM', 'AR', 'HY', 'AS', 'AY', 'AZ', 'EU', 'BE', 'BN', 'BS', 'BG', 'MY', 'KM', 'CA', 'HR', 'CS', 'DA', 'NL', 'EN', 'ET', 'FI', 'FR', 'GL', 'LG', 'KA', 'DE', 'EL', 'GN', 'GU', 'HT', 'HA', 'HE', 'HI', 'HU', 'IS', 'ID', 'GA', 'IT', 'JA', 'JV', 'KN', 'KK', 'RW', 'KO', 'KU', 'KY', 'LO', 'LV', 'LN', 'LT', 'LB', 'MK', 'MG', 'MS', 'ML', 'MT', 'MI', 'MR', 'MN', 'NE', 'NB', 'OR', 'OM', 'PS', 'FA', 'PL', 'PT', 'PA', 'QU', 'RO', 'RU', 'SR', 'ST', 'SN', 'ZH', 'SD', 'SI', 'SK', 'SL', 'SO', 'ES', 'SU', 'SW', 'SV', 'TG', 'TA', 'TE', 'TH', 'BO', 'TI', 'ZH', 'TR', 'TK', 'UG', 'UK', 'UR', 'UZ', 'VI', 'CY', 'XH', 'YI', 'YO', 'ZU']","","[]","{}"
